ISO-10303-21;
HEADER;
FILE_DESCRIPTION(('STEP AP242'),'1');
FILE_NAME('0039299023.stp','2024-12-29T18:11:28',('TraceParts'),('TraceParts S.A.'),'Spatial InterOp 3D',' ',' ');
FILE_SCHEMA(('AP242_MANAGED_MODEL_BASED_3D_ENGINEERING_MIM_LF  {1 0 10303 442 1 1 4}'));
ENDSEC;
DATA;
#1=PRODUCT_DEFINITION_CONTEXT('',#10,'design');
#2=APPLICATION_PROTOCOL_DEFINITION('INTERNATIONAL STANDARD','ap242_managed_model_based_3d_engineering',2014,#10);
#3=PRODUCT_CATEGORY_RELATIONSHIP('NONE','NONE',#11,#12);
#4=SHAPE_DEFINITION_REPRESENTATION(#13,#14);
#5=SHAPE_DEFINITION_REPRESENTATION(#13,#15);
#6= (GEOMETRIC_REPRESENTATION_CONTEXT(3)GLOBAL_UNCERTAINTY_ASSIGNED_CONTEXT((#18))GLOBAL_UNIT_ASSIGNED_CONTEXT((#20,#21,#22))REPRESENTATION_CONTEXT('NONE','WORKSPACE'));
#10=APPLICATION_CONTEXT('managed model based 3d engineering');
#11=PRODUCT_CATEGORY('part','NONE');
#12=PRODUCT_RELATED_PRODUCT_CATEGORY('detail',' ',(#24));
#13=PRODUCT_DEFINITION_SHAPE('NONE','NONE',#25);
#14=ADVANCED_BREP_SHAPE_REPRESENTATION('0039299023_1',(#26,#27),#6);
#15=GEOMETRICALLY_BOUNDED_SURFACE_SHAPE_REPRESENTATION('1',(#28,#29),#6);
#18=UNCERTAINTY_MEASURE_WITH_UNIT(LENGTH_MEASURE(1.0E-06),#20,'','');
#20= (CONVERSION_BASED_UNIT('MILLIMETRE',#32)LENGTH_UNIT()NAMED_UNIT(#35));
#21= (NAMED_UNIT(#37)PLANE_ANGLE_UNIT()SI_UNIT($,.RADIAN.));
#22= (NAMED_UNIT(#37)SOLID_ANGLE_UNIT()SI_UNIT($,.STERADIAN.));
#24=PRODUCT('0039299023_1','0039299023_1','PART-0039299023_1-DESC',(#43));
#25=PRODUCT_DEFINITION('','NONE',#44,#1);
#26=MANIFOLD_SOLID_BREP('0039299023_1',#45);
#27=AXIS2_PLACEMENT_3D('',#46,#47,#48);
#28=GEOMETRIC_SET('1',(#49,#50,#51,#52,#53,#54,#55,#56,#57,#58));
#29=AXIS2_PLACEMENT_3D('',#59,#60,#61);
#32=LENGTH_MEASURE_WITH_UNIT(LENGTH_MEASURE(1.0),#62);
#35=DIMENSIONAL_EXPONENTS(1.0,0.0,0.0,0.0,0.0,0.0,0.0);
#37=DIMENSIONAL_EXPONENTS(0.0,0.0,0.0,0.0,0.0,0.0,0.0);
#43=PRODUCT_CONTEXT('',#10,'mechanical');
#44=PRODUCT_DEFINITION_FORMATION_WITH_SPECIFIED_SOURCE(' ','NONE',#24,.NOT_KNOWN.);
#45=CLOSED_SHELL('',(#63,#64,#65,#66,#67,#68,#69,#70,#71,#72,#73,#74,#75,#76,#77,#78,#79,#80,#81,#82,#83,#84,#85,#86,#87,#88,#89,#90,#91,#92,#93,#94,#95,#96,#97,#98,#99,#100,#101,#102,#103,#104,#105,#106,#107,#108,#109,#110,#111,#112,#113,#114,#115,#116,#117,#118,#119,#120,#121,#122,#123,#124,#125,#126,#127,#128,#129,#130,#131,#132,#133,#134,#135,#136,#137,#138,#139,#140,#141,#142,#143,#144,#145,#146,#147,#148,#149,#150,#151,#152,#153,#154,#155,#156,#157,#158,#159,#160,#161,#162,#163,#164,#165,#166,#167,#168,#169,#170,#171,#172,#173,#174,#175,#176,#177,#178,#179,#180,#181,#182,#183,#184,#185));
#46=CARTESIAN_POINT('',(0.0,0.0,0.0));
#47=DIRECTION('',(0.0,0.0,1.0));
#48=DIRECTION('',(1.0,0.0,0.0));
#49=COMPOSITE_CURVE('0039299023_2',(#186),.U.);
#50=COMPOSITE_CURVE('0039299023_3',(#187),.U.);
#51=COMPOSITE_CURVE('0039299023_4',(#188),.U.);
#52=COMPOSITE_CURVE('0039299023_5',(#189),.U.);
#53=COMPOSITE_CURVE('0039299023_6',(#190),.U.);
#54=COMPOSITE_CURVE('0039299023_7',(#191),.U.);
#55=COMPOSITE_CURVE('0039299023_8',(#192),.U.);
#56=COMPOSITE_CURVE('0039299023_9',(#193),.U.);
#57=COMPOSITE_CURVE('0039299023_10',(#194),.U.);
#58=COMPOSITE_CURVE('0039299023_11',(#195),.U.);
#59=CARTESIAN_POINT('',(0.0,0.0,0.0));
#60=DIRECTION('',(0.0,0.0,1.0));
#61=DIRECTION('',(1.0,0.0,0.0));
#62= (NAMED_UNIT(#35)LENGTH_UNIT()SI_UNIT(.MILLI.,.METRE.));
#63=ADVANCED_FACE('',(#197),#198,.T.);
#64=ADVANCED_FACE('',(#199),#200,.F.);
#65=ADVANCED_FACE('',(#201),#202,.T.);
#66=ADVANCED_FACE('',(#203),#204,.T.);
#67=ADVANCED_FACE('',(#205,#206),#207,.T.);
#68=ADVANCED_FACE('',(#208),#209,.T.);
#69=ADVANCED_FACE('',(#210),#211,.T.);
#70=ADVANCED_FACE('',(#212,#213,#214),#215,.T.);
#71=ADVANCED_FACE('',(#216),#217,.T.);
#72=ADVANCED_FACE('',(#218),#219,.F.);
#73=ADVANCED_FACE('',(#220),#221,.T.);
#74=ADVANCED_FACE('',(#222),#223,.T.);
#75=ADVANCED_FACE('',(#224),#225,.T.);
#76=ADVANCED_FACE('',(#226),#227,.T.);
#77=ADVANCED_FACE('',(#228),#229,.T.);
#78=ADVANCED_FACE('',(#230),#231,.T.);
#79=ADVANCED_FACE('',(#232),#233,.F.);
#80=ADVANCED_FACE('',(#234),#235,.F.);
#81=ADVANCED_FACE('',(#236,#237),#238,.T.);
#82=ADVANCED_FACE('',(#239,#240),#241,.T.);
#83=ADVANCED_FACE('',(#242),#243,.F.);
#84=ADVANCED_FACE('',(#244),#245,.F.);
#85=ADVANCED_FACE('',(#246),#247,.F.);
#86=ADVANCED_FACE('',(#248),#249,.F.);
#87=ADVANCED_FACE('',(#250),#251,.F.);
#88=ADVANCED_FACE('',(#252),#253,.F.);
#89=ADVANCED_FACE('',(#254),#255,.F.);
#90=ADVANCED_FACE('',(#256),#257,.F.);
#91=ADVANCED_FACE('',(#258),#259,.F.);
#92=ADVANCED_FACE('',(#260),#261,.T.);
#93=ADVANCED_FACE('',(#262),#263,.F.);
#94=ADVANCED_FACE('',(#264),#265,.F.);
#95=ADVANCED_FACE('',(#266),#267,.F.);
#96=ADVANCED_FACE('',(#268),#269,.F.);
#97=ADVANCED_FACE('',(#270),#271,.F.);
#98=ADVANCED_FACE('',(#272),#273,.F.);
#99=ADVANCED_FACE('',(#274),#275,.F.);
#100=ADVANCED_FACE('',(#276),#277,.F.);
#101=ADVANCED_FACE('',(#278),#279,.F.);
#102=ADVANCED_FACE('',(#280,#281),#282,.T.);
#103=ADVANCED_FACE('',(#283,#284),#285,.T.);
#104=ADVANCED_FACE('',(#286),#287,.F.);
#105=ADVANCED_FACE('',(#288),#289,.F.);
#106=ADVANCED_FACE('',(#290),#291,.F.);
#107=ADVANCED_FACE('',(#292),#293,.F.);
#108=ADVANCED_FACE('',(#294),#295,.F.);
#109=ADVANCED_FACE('',(#296),#297,.F.);
#110=ADVANCED_FACE('',(#298),#299,.F.);
#111=ADVANCED_FACE('',(#300),#301,.F.);
#112=ADVANCED_FACE('',(#302),#303,.F.);
#113=ADVANCED_FACE('',(#304),#305,.F.);
#114=ADVANCED_FACE('',(#306),#307,.T.);
#115=ADVANCED_FACE('',(#308),#309,.T.);
#116=ADVANCED_FACE('',(#310),#311,.T.);
#117=ADVANCED_FACE('',(#312),#313,.T.);
#118=ADVANCED_FACE('',(#314),#315,.T.);
#119=ADVANCED_FACE('',(#316),#317,.T.);
#120=ADVANCED_FACE('',(#318),#319,.T.);
#121=ADVANCED_FACE('',(#320),#321,.T.);
#122=ADVANCED_FACE('',(#322),#323,.T.);
#123=ADVANCED_FACE('',(#324),#325,.T.);
#124=ADVANCED_FACE('',(#326),#327,.T.);
#125=ADVANCED_FACE('',(#328),#329,.T.);
#126=ADVANCED_FACE('',(#330),#331,.T.);
#127=ADVANCED_FACE('',(#332),#333,.T.);
#128=ADVANCED_FACE('',(#334),#335,.T.);
#129=ADVANCED_FACE('',(#336),#337,.T.);
#130=ADVANCED_FACE('',(#338),#339,.T.);
#131=ADVANCED_FACE('',(#340),#341,.T.);
#132=ADVANCED_FACE('',(#342),#343,.T.);
#133=ADVANCED_FACE('',(#344),#345,.T.);
#134=ADVANCED_FACE('',(#346),#347,.T.);
#135=ADVANCED_FACE('',(#348),#349,.T.);
#136=ADVANCED_FACE('',(#350),#351,.T.);
#137=ADVANCED_FACE('',(#352),#353,.T.);
#138=ADVANCED_FACE('',(#354),#355,.F.);
#139=ADVANCED_FACE('',(#356),#357,.F.);
#140=ADVANCED_FACE('',(#358),#359,.F.);
#141=ADVANCED_FACE('',(#360),#361,.F.);
#142=ADVANCED_FACE('',(#362),#363,.T.);
#143=ADVANCED_FACE('',(#364),#365,.T.);
#144=ADVANCED_FACE('',(#366),#367,.T.);
#145=ADVANCED_FACE('',(#368),#369,.T.);
#146=ADVANCED_FACE('',(#370),#371,.F.);
#147=ADVANCED_FACE('',(#372),#373,.F.);
#148=ADVANCED_FACE('',(#374),#375,.F.);
#149=ADVANCED_FACE('',(#376),#377,.F.);
#150=ADVANCED_FACE('',(#378),#379,.F.);
#151=ADVANCED_FACE('',(#380),#381,.F.);
#152=ADVANCED_FACE('',(#382),#383,.F.);
#153=ADVANCED_FACE('',(#384),#385,.T.);
#154=ADVANCED_FACE('',(#386),#387,.T.);
#155=ADVANCED_FACE('',(#388),#389,.F.);
#156=ADVANCED_FACE('',(#390),#391,.F.);
#157=ADVANCED_FACE('',(#392),#393,.T.);
#158=ADVANCED_FACE('',(#394),#395,.T.);
#159=ADVANCED_FACE('',(#396),#397,.F.);
#160=ADVANCED_FACE('',(#398),#399,.T.);
#161=ADVANCED_FACE('',(#400),#401,.T.);
#162=ADVANCED_FACE('',(#402),#403,.F.);
#163=ADVANCED_FACE('',(#404),#405,.F.);
#164=ADVANCED_FACE('',(#406),#407,.T.);
#165=ADVANCED_FACE('',(#408),#409,.T.);
#166=ADVANCED_FACE('',(#410),#411,.F.);
#167=ADVANCED_FACE('',(#412),#413,.F.);
#168=ADVANCED_FACE('',(#414),#415,.F.);
#169=ADVANCED_FACE('',(#416),#417,.F.);
#170=ADVANCED_FACE('',(#418),#419,.F.);
#171=ADVANCED_FACE('',(#420),#421,.F.);
#172=ADVANCED_FACE('',(#422),#423,.F.);
#173=ADVANCED_FACE('',(#424),#425,.F.);
#174=ADVANCED_FACE('',(#426),#427,.F.);
#175=ADVANCED_FACE('',(#428),#429,.T.);
#176=ADVANCED_FACE('',(#430),#431,.T.);
#177=ADVANCED_FACE('',(#432),#433,.F.);
#178=ADVANCED_FACE('',(#434),#435,.F.);
#179=ADVANCED_FACE('',(#436),#437,.T.);
#180=ADVANCED_FACE('',(#438),#439,.T.);
#181=ADVANCED_FACE('',(#440),#441,.F.);
#182=ADVANCED_FACE('',(#442),#443,.T.);
#183=ADVANCED_FACE('',(#444),#445,.T.);
#184=ADVANCED_FACE('',(#446),#447,.T.);
#185=ADVANCED_FACE('',(#448),#449,.T.);
#186=COMPOSITE_CURVE_SEGMENT(.CONTINUOUS.,.T.,#450);
#187=COMPOSITE_CURVE_SEGMENT(.CONTINUOUS.,.T.,#451);
#188=COMPOSITE_CURVE_SEGMENT(.CONTINUOUS.,.T.,#452);
#189=COMPOSITE_CURVE_SEGMENT(.CONTINUOUS.,.T.,#453);
#190=COMPOSITE_CURVE_SEGMENT(.CONTINUOUS.,.T.,#454);
#191=COMPOSITE_CURVE_SEGMENT(.CONTINUOUS.,.T.,#455);
#192=COMPOSITE_CURVE_SEGMENT(.CONTINUOUS.,.T.,#456);
#193=COMPOSITE_CURVE_SEGMENT(.CONTINUOUS.,.T.,#457);
#194=COMPOSITE_CURVE_SEGMENT(.CONTINUOUS.,.T.,#458);
#195=COMPOSITE_CURVE_SEGMENT(.CONTINUOUS.,.T.,#459);
#197=FACE_OUTER_BOUND('',#460,.T.);
#198=CYLINDRICAL_SURFACE('',#461,0.4);
#199=FACE_OUTER_BOUND('',#462,.T.);
#200=PLANE('',#463);
#201=FACE_OUTER_BOUND('',#464,.T.);
#202=PLANE('',#465);
#203=FACE_OUTER_BOUND('',#466,.T.);
#204=PLANE('',#467);
#205=FACE_OUTER_BOUND('',#468,.T.);
#206=FACE_BOUND('',#469,.T.);
#207=PLANE('',#470);
#208=FACE_OUTER_BOUND('',#471,.T.);
#209=PLANE('',#472);
#210=FACE_OUTER_BOUND('',#473,.T.);
#211=CYLINDRICAL_SURFACE('',#474,0.4);
#212=FACE_OUTER_BOUND('',#475,.T.);
#213=FACE_BOUND('',#476,.T.);
#214=FACE_BOUND('',#477,.T.);
#215=PLANE('',#478);
#216=FACE_OUTER_BOUND('',#479,.T.);
#217=PLANE('',#480);
#218=FACE_OUTER_BOUND('',#481,.T.);
#219=PLANE('',#482);
#220=FACE_OUTER_BOUND('',#483,.T.);
#221=PLANE('',#484);
#222=FACE_OUTER_BOUND('',#485,.T.);
#223=PLANE('',#486);
#224=FACE_OUTER_BOUND('',#487,.T.);
#225=PLANE('',#488);
#226=FACE_OUTER_BOUND('',#489,.T.);
#227=PLANE('',#490);
#228=FACE_OUTER_BOUND('',#491,.T.);
#229=PLANE('',#492);
#230=FACE_OUTER_BOUND('',#493,.T.);
#231=PLANE('',#494);
#232=FACE_OUTER_BOUND('',#495,.T.);
#233=PLANE('',#496);
#234=FACE_OUTER_BOUND('',#497,.T.);
#235=PLANE('',#498);
#236=FACE_OUTER_BOUND('',#499,.T.);
#237=FACE_BOUND('',#500,.T.);
#238=PLANE('',#501);
#239=FACE_OUTER_BOUND('',#502,.T.);
#240=FACE_BOUND('',#503,.T.);
#241=PLANE('',#504);
#242=FACE_OUTER_BOUND('',#505,.T.);
#243=PLANE('',#506);
#244=FACE_OUTER_BOUND('',#507,.T.);
#245=PLANE('',#508);
#246=FACE_OUTER_BOUND('',#509,.T.);
#247=PLANE('',#510);
#248=FACE_OUTER_BOUND('',#511,.T.);
#249=PLANE('',#512);
#250=FACE_OUTER_BOUND('',#513,.T.);
#251=PLANE('',#514);
#252=FACE_OUTER_BOUND('',#515,.T.);
#253=PLANE('',#516);
#254=FACE_OUTER_BOUND('',#517,.T.);
#255=PLANE('',#518);
#256=FACE_OUTER_BOUND('',#519,.T.);
#257=PLANE('',#520);
#258=FACE_OUTER_BOUND('',#521,.T.);
#259=PLANE('',#522);
#260=FACE_OUTER_BOUND('',#523,.T.);
#261=PLANE('',#524);
#262=FACE_OUTER_BOUND('',#525,.T.);
#263=PLANE('',#526);
#264=FACE_OUTER_BOUND('',#527,.T.);
#265=PLANE('',#528);
#266=FACE_OUTER_BOUND('',#529,.T.);
#267=PLANE('',#530);
#268=FACE_OUTER_BOUND('',#531,.T.);
#269=PLANE('',#532);
#270=FACE_OUTER_BOUND('',#533,.T.);
#271=PLANE('',#534);
#272=FACE_OUTER_BOUND('',#535,.T.);
#273=PLANE('',#536);
#274=FACE_OUTER_BOUND('',#537,.T.);
#275=PLANE('',#538);
#276=FACE_OUTER_BOUND('',#539,.T.);
#277=PLANE('',#540);
#278=FACE_OUTER_BOUND('',#541,.T.);
#279=PLANE('',#542);
#280=FACE_OUTER_BOUND('',#543,.T.);
#281=FACE_BOUND('',#544,.T.);
#282=PLANE('',#545);
#283=FACE_OUTER_BOUND('',#546,.T.);
#284=FACE_BOUND('',#547,.T.);
#285=PLANE('',#548);
#286=FACE_OUTER_BOUND('',#549,.T.);
#287=PLANE('',#550);
#288=FACE_OUTER_BOUND('',#551,.T.);
#289=PLANE('',#552);
#290=FACE_OUTER_BOUND('',#553,.T.);
#291=PLANE('',#554);
#292=FACE_OUTER_BOUND('',#555,.T.);
#293=PLANE('',#556);
#294=FACE_OUTER_BOUND('',#557,.T.);
#295=PLANE('',#558);
#296=FACE_OUTER_BOUND('',#559,.T.);
#297=PLANE('',#560);
#298=FACE_OUTER_BOUND('',#561,.T.);
#299=PLANE('',#562);
#300=FACE_OUTER_BOUND('',#563,.T.);
#301=PLANE('',#564);
#302=FACE_OUTER_BOUND('',#565,.T.);
#303=PLANE('',#566);
#304=FACE_OUTER_BOUND('',#567,.T.);
#305=PLANE('',#568);
#306=FACE_OUTER_BOUND('',#569,.T.);
#307=PLANE('',#570);
#308=FACE_OUTER_BOUND('',#571,.T.);
#309=PLANE('',#572);
#310=FACE_OUTER_BOUND('',#573,.T.);
#311=PLANE('',#574);
#312=FACE_OUTER_BOUND('',#575,.T.);
#313=PLANE('',#576);
#314=FACE_OUTER_BOUND('',#577,.T.);
#315=PLANE('',#578);
#316=FACE_OUTER_BOUND('',#579,.T.);
#317=PLANE('',#580);
#318=FACE_OUTER_BOUND('',#581,.T.);
#319=PLANE('',#582);
#320=FACE_OUTER_BOUND('',#583,.T.);
#321=PLANE('',#584);
#322=FACE_OUTER_BOUND('',#585,.T.);
#323=PLANE('',#586);
#324=FACE_OUTER_BOUND('',#587,.T.);
#325=PLANE('',#588);
#326=FACE_OUTER_BOUND('',#589,.T.);
#327=PLANE('',#590);
#328=FACE_OUTER_BOUND('',#591,.T.);
#329=PLANE('',#592);
#330=FACE_OUTER_BOUND('',#593,.T.);
#331=PLANE('',#594);
#332=FACE_OUTER_BOUND('',#595,.T.);
#333=PLANE('',#596);
#334=FACE_OUTER_BOUND('',#597,.T.);
#335=PLANE('',#598);
#336=FACE_OUTER_BOUND('',#599,.T.);
#337=PLANE('',#600);
#338=FACE_OUTER_BOUND('',#601,.T.);
#339=PLANE('',#602);
#340=FACE_OUTER_BOUND('',#603,.T.);
#341=PLANE('',#604);
#342=FACE_OUTER_BOUND('',#605,.T.);
#343=PLANE('',#606);
#344=FACE_OUTER_BOUND('',#607,.T.);
#345=PLANE('',#608);
#346=FACE_OUTER_BOUND('',#609,.T.);
#347=PLANE('',#610);
#348=FACE_OUTER_BOUND('',#611,.T.);
#349=PLANE('',#612);
#350=FACE_OUTER_BOUND('',#613,.T.);
#351=PLANE('',#614);
#352=FACE_OUTER_BOUND('',#615,.T.);
#353=PLANE('',#616);
#354=FACE_OUTER_BOUND('',#617,.T.);
#355=PLANE('',#618);
#356=FACE_OUTER_BOUND('',#619,.T.);
#357=PLANE('',#620);
#358=FACE_OUTER_BOUND('',#621,.T.);
#359=PLANE('',#622);
#360=FACE_OUTER_BOUND('',#623,.T.);
#361=PLANE('',#624);
#362=FACE_OUTER_BOUND('',#625,.T.);
#363=PLANE('',#626);
#364=FACE_OUTER_BOUND('',#627,.T.);
#365=PLANE('',#628);
#366=FACE_OUTER_BOUND('',#629,.T.);
#367=PLANE('',#630);
#368=FACE_OUTER_BOUND('',#631,.T.);
#369=PLANE('',#632);
#370=FACE_OUTER_BOUND('',#633,.T.);
#371=PLANE('',#634);
#372=FACE_OUTER_BOUND('',#635,.T.);
#373=PLANE('',#636);
#374=FACE_OUTER_BOUND('',#637,.T.);
#375=PLANE('',#638);
#376=FACE_OUTER_BOUND('',#639,.T.);
#377=CYLINDRICAL_SURFACE('',#640,0.6);
#378=FACE_OUTER_BOUND('',#641,.T.);
#379=PLANE('',#642);
#380=FACE_OUTER_BOUND('',#643,.T.);
#381=PLANE('',#644);
#382=FACE_OUTER_BOUND('',#645,.T.);
#383=PLANE('',#646);
#384=FACE_OUTER_BOUND('',#647,.T.);
#385=CONICAL_SURFACE('',#648,1.738936325,0.294234565111162);
#386=FACE_OUTER_BOUND('',#649,.T.);
#387=CYLINDRICAL_SURFACE('',#650,1.888936325);
#388=FACE_OUTER_BOUND('',#651,.T.);
#389=PLANE('',#652);
#390=FACE_OUTER_BOUND('',#653,.T.);
#391=PLANE('',#654);
#392=FACE_OUTER_BOUND('',#655,.T.);
#393=CYLINDRICAL_SURFACE('',#656,1.588936325);
#394=FACE_OUTER_BOUND('',#657,.T.);
#395=CYLINDRICAL_SURFACE('',#658,1.588936325);
#396=FACE_OUTER_BOUND('',#659,.T.);
#397=CYLINDRICAL_SURFACE('',#660,0.3850051722757);
#398=FACE_OUTER_BOUND('',#661,.T.);
#399=PLANE('',#662);
#400=FACE_OUTER_BOUND('',#663,.T.);
#401=PLANE('',#664);
#402=FACE_OUTER_BOUND('',#665,.T.);
#403=CYLINDRICAL_SURFACE('',#666,0.3850051722757);
#404=FACE_OUTER_BOUND('',#667,.T.);
#405=CYLINDRICAL_SURFACE('',#668,0.3850051722757);
#406=FACE_OUTER_BOUND('',#669,.T.);
#407=CYLINDRICAL_SURFACE('',#670,1.588936325);
#408=FACE_OUTER_BOUND('',#671,.T.);
#409=CYLINDRICAL_SURFACE('',#672,1.588936325);
#410=FACE_OUTER_BOUND('',#673,.T.);
#411=CYLINDRICAL_SURFACE('',#674,0.3850051722757);
#412=FACE_OUTER_BOUND('',#675,.T.);
#413=PLANE('',#676);
#414=FACE_OUTER_BOUND('',#677,.T.);
#415=CYLINDRICAL_SURFACE('',#678,0.6);
#416=FACE_OUTER_BOUND('',#679,.T.);
#417=PLANE('',#680);
#418=FACE_OUTER_BOUND('',#681,.T.);
#419=PLANE('',#682);
#420=FACE_OUTER_BOUND('',#683,.T.);
#421=PLANE('',#684);
#422=FACE_OUTER_BOUND('',#685,.T.);
#423=PLANE('',#686);
#424=FACE_OUTER_BOUND('',#687,.T.);
#425=PLANE('',#688);
#426=FACE_OUTER_BOUND('',#689,.T.);
#427=PLANE('',#690);
#428=FACE_OUTER_BOUND('',#691,.T.);
#429=CONICAL_SURFACE('',#692,1.738936325,0.294234565111162);
#430=FACE_OUTER_BOUND('',#693,.T.);
#431=CYLINDRICAL_SURFACE('',#694,1.888936325);
#432=FACE_OUTER_BOUND('',#695,.T.);
#433=PLANE('',#696);
#434=FACE_OUTER_BOUND('',#697,.T.);
#435=PLANE('',#698);
#436=FACE_OUTER_BOUND('',#699,.T.);
#437=CYLINDRICAL_SURFACE('',#700,1.888936325);
#438=FACE_OUTER_BOUND('',#701,.T.);
#439=CONICAL_SURFACE('',#702,1.738936325,0.294234565111162);
#440=FACE_OUTER_BOUND('',#703,.T.);
#441=PLANE('',#704);
#442=FACE_OUTER_BOUND('',#705,.T.);
#443=CYLINDRICAL_SURFACE('',#706,1.888936325);
#444=FACE_OUTER_BOUND('',#707,.T.);
#445=CONICAL_SURFACE('',#708,1.738936325,0.294234565111162);
#446=FACE_OUTER_BOUND('',#709,.T.);
#447=PLANE('',#710);
#448=FACE_OUTER_BOUND('',#711,.T.);
#449=PLANE('',#712);
#450=TRIMMED_CURVE('',#713,(PARAMETER_VALUE(0.0)),(PARAMETER_VALUE(3.1415926535892)),.T.,.UNSPECIFIED.);
#451=TRIMMED_CURVE('',#714,(PARAMETER_VALUE(0.0)),(PARAMETER_VALUE(3.1415926535892)),.T.,.UNSPECIFIED.);
#452=TRIMMED_CURVE('',#715,(PARAMETER_VALUE(0.0)),(PARAMETER_VALUE(3.1415926535892)),.T.,.UNSPECIFIED.);
#453=TRIMMED_CURVE('',#716,(PARAMETER_VALUE(0.0)),(PARAMETER_VALUE(3.1415926535892)),.T.,.UNSPECIFIED.);
#454=TRIMMED_CURVE('',#717,(PARAMETER_VALUE(0.0)),(PARAMETER_VALUE(3.1415926535892)),.T.,.UNSPECIFIED.);
#455=TRIMMED_CURVE('',#718,(PARAMETER_VALUE(0.0)),(PARAMETER_VALUE(3.1415926535892)),.T.,.UNSPECIFIED.);
#456=TRIMMED_CURVE('',#719,(PARAMETER_VALUE(0.0)),(PARAMETER_VALUE(3.1415926535892)),.T.,.UNSPECIFIED.);
#457=TRIMMED_CURVE('',#720,(PARAMETER_VALUE(0.0)),(PARAMETER_VALUE(3.1415926535892)),.T.,.UNSPECIFIED.);
#458=TRIMMED_CURVE('A_4',#721,(PARAMETER_VALUE(0.0)),(PARAMETER_VALUE(1.0)),.T.,.UNSPECIFIED.);
#459=TRIMMED_CURVE('A_5',#722,(PARAMETER_VALUE(0.0)),(PARAMETER_VALUE(1.0)),.T.,.UNSPECIFIED.);
#460=EDGE_LOOP('',(#723,#724,#725,#726));
#461=AXIS2_PLACEMENT_3D('',#727,#728,#729);
#462=EDGE_LOOP('',(#730,#731,#732,#733,#734,#735,#736,#737,#738,#739,#740,#741,#742,#743,#744,#745));
#463=AXIS2_PLACEMENT_3D('',#746,#747,#748);
#464=EDGE_LOOP('',(#749,#750,#751,#752,#753,#754,#755,#756,#757,#758,#759));
#465=AXIS2_PLACEMENT_3D('',#760,#761,#762);
#466=EDGE_LOOP('',(#763,#764,#765,#766,#767,#768,#769,#770));
#467=AXIS2_PLACEMENT_3D('',#771,#772,#773);
#468=EDGE_LOOP('',(#774,#775,#776,#777,#778,#779));
#469=EDGE_LOOP('',(#780,#781,#782,#783));
#470=AXIS2_PLACEMENT_3D('',#784,#785,#786);
#471=EDGE_LOOP('',(#787,#788,#789,#790,#791,#792));
#472=AXIS2_PLACEMENT_3D('',#793,#794,#795);
#473=EDGE_LOOP('',(#796,#797,#798,#799));
#474=AXIS2_PLACEMENT_3D('',#800,#801,#802);
#475=EDGE_LOOP('',(#803,#804,#805,#806,#807,#808,#809,#810,#811,#812,#813,#814,#815));
#476=EDGE_LOOP('',(#816,#817,#818,#819));
#477=EDGE_LOOP('',(#820,#821,#822,#823,#824,#825));
#478=AXIS2_PLACEMENT_3D('',#826,#827,#828);
#479=EDGE_LOOP('',(#829,#830,#831,#832));
#480=AXIS2_PLACEMENT_3D('',#833,#834,#835);
#481=EDGE_LOOP('',(#836,#837,#838,#839));
#482=AXIS2_PLACEMENT_3D('',#840,#841,#842);
#483=EDGE_LOOP('',(#843,#844,#845,#846,#847,#848,#849,#850,#851,#852,#853,#854));
#484=AXIS2_PLACEMENT_3D('',#855,#856,#857);
#485=EDGE_LOOP('',(#858,#859,#860,#861));
#486=AXIS2_PLACEMENT_3D('',#862,#863,#864);
#487=EDGE_LOOP('',(#865,#866,#867,#868));
#488=AXIS2_PLACEMENT_3D('',#869,#870,#871);
#489=EDGE_LOOP('',(#872,#873,#874,#875));
#490=AXIS2_PLACEMENT_3D('',#876,#877,#878);
#491=EDGE_LOOP('',(#879,#880,#881,#882));
#492=AXIS2_PLACEMENT_3D('',#883,#884,#885);
#493=EDGE_LOOP('',(#886,#887,#888,#889));
#494=AXIS2_PLACEMENT_3D('',#890,#891,#892);
#495=EDGE_LOOP('',(#893,#894,#895,#896,#897,#898,#899,#900));
#496=AXIS2_PLACEMENT_3D('',#901,#902,#903);
#497=EDGE_LOOP('',(#904,#905,#906,#907));
#498=AXIS2_PLACEMENT_3D('',#908,#909,#910);
#499=EDGE_LOOP('',(#911,#912,#913,#914,#915,#916,#917,#918));
#500=EDGE_LOOP('',(#919,#920,#921,#922));
#501=AXIS2_PLACEMENT_3D('',#923,#924,#925);
#502=EDGE_LOOP('',(#926,#927,#928,#929,#930,#931,#932,#933));
#503=EDGE_LOOP('',(#934,#935,#936,#937));
#504=AXIS2_PLACEMENT_3D('',#938,#939,#940);
#505=EDGE_LOOP('',(#941,#942,#943,#944));
#506=AXIS2_PLACEMENT_3D('',#945,#946,#947);
#507=EDGE_LOOP('',(#948,#949,#950,#951,#952,#953));
#508=AXIS2_PLACEMENT_3D('',#954,#955,#956);
#509=EDGE_LOOP('',(#957,#958,#959,#960,#961,#962));
#510=AXIS2_PLACEMENT_3D('',#963,#964,#965);
#511=EDGE_LOOP('',(#966,#967,#968,#969));
#512=AXIS2_PLACEMENT_3D('',#970,#971,#972);
#513=EDGE_LOOP('',(#973,#974,#975,#976));
#514=AXIS2_PLACEMENT_3D('',#977,#978,#979);
#515=EDGE_LOOP('',(#980,#981,#982,#983,#984,#985,#986,#987));
#516=AXIS2_PLACEMENT_3D('',#988,#989,#990);
#517=EDGE_LOOP('',(#991,#992,#993,#994));
#518=AXIS2_PLACEMENT_3D('',#995,#996,#997);
#519=EDGE_LOOP('',(#998,#999,#1000,#1001));
#520=AXIS2_PLACEMENT_3D('',#1002,#1003,#1004);
#521=EDGE_LOOP('',(#1005,#1006,#1007,#1008));
#522=AXIS2_PLACEMENT_3D('',#1009,#1010,#1011);
#523=EDGE_LOOP('',(#1012,#1013,#1014,#1015,#1016,#1017,#1018,#1019));
#524=AXIS2_PLACEMENT_3D('',#1020,#1021,#1022);
#525=EDGE_LOOP('',(#1023,#1024,#1025,#1026));
#526=AXIS2_PLACEMENT_3D('',#1027,#1028,#1029);
#527=EDGE_LOOP('',(#1030,#1031,#1032,#1033,#1034,#1035));
#528=AXIS2_PLACEMENT_3D('',#1036,#1037,#1038);
#529=EDGE_LOOP('',(#1039,#1040,#1041,#1042,#1043,#1044));
#530=AXIS2_PLACEMENT_3D('',#1045,#1046,#1047);
#531=EDGE_LOOP('',(#1048,#1049,#1050,#1051));
#532=AXIS2_PLACEMENT_3D('',#1052,#1053,#1054);
#533=EDGE_LOOP('',(#1055,#1056,#1057,#1058));
#534=AXIS2_PLACEMENT_3D('',#1059,#1060,#1061);
#535=EDGE_LOOP('',(#1062,#1063,#1064,#1065,#1066));
#536=AXIS2_PLACEMENT_3D('',#1067,#1068,#1069);
#537=EDGE_LOOP('',(#1070,#1071,#1072,#1073,#1074));
#538=AXIS2_PLACEMENT_3D('',#1075,#1076,#1077);
#539=EDGE_LOOP('',(#1078,#1079,#1080,#1081,#1082));
#540=AXIS2_PLACEMENT_3D('',#1083,#1084,#1085);
#541=EDGE_LOOP('',(#1086,#1087,#1088,#1089,#1090));
#542=AXIS2_PLACEMENT_3D('',#1091,#1092,#1093);
#543=EDGE_LOOP('',(#1094,#1095,#1096,#1097));
#544=EDGE_LOOP('',(#1098,#1099,#1100,#1101));
#545=AXIS2_PLACEMENT_3D('',#1102,#1103,#1104);
#546=EDGE_LOOP('',(#1105,#1106,#1107,#1108,#1109,#1110));
#547=EDGE_LOOP('',(#1111,#1112,#1113,#1114));
#548=AXIS2_PLACEMENT_3D('',#1115,#1116,#1117);
#549=EDGE_LOOP('',(#1118,#1119,#1120,#1121));
#550=AXIS2_PLACEMENT_3D('',#1122,#1123,#1124);
#551=EDGE_LOOP('',(#1125,#1126,#1127,#1128));
#552=AXIS2_PLACEMENT_3D('',#1129,#1130,#1131);
#553=EDGE_LOOP('',(#1132,#1133,#1134,#1135));
#554=AXIS2_PLACEMENT_3D('',#1136,#1137,#1138);
#555=EDGE_LOOP('',(#1139,#1140,#1141,#1142));
#556=AXIS2_PLACEMENT_3D('',#1143,#1144,#1145);
#557=EDGE_LOOP('',(#1146,#1147,#1148,#1149));
#558=AXIS2_PLACEMENT_3D('',#1150,#1151,#1152);
#559=EDGE_LOOP('',(#1153,#1154,#1155,#1156));
#560=AXIS2_PLACEMENT_3D('',#1157,#1158,#1159);
#561=EDGE_LOOP('',(#1160,#1161,#1162,#1163));
#562=AXIS2_PLACEMENT_3D('',#1164,#1165,#1166);
#563=EDGE_LOOP('',(#1167,#1168,#1169,#1170));
#564=AXIS2_PLACEMENT_3D('',#1171,#1172,#1173);
#565=EDGE_LOOP('',(#1174,#1175,#1176,#1177));
#566=AXIS2_PLACEMENT_3D('',#1178,#1179,#1180);
#567=EDGE_LOOP('',(#1181,#1182,#1183,#1184));
#568=AXIS2_PLACEMENT_3D('',#1185,#1186,#1187);
#569=EDGE_LOOP('',(#1188,#1189,#1190,#1191));
#570=AXIS2_PLACEMENT_3D('',#1192,#1193,#1194);
#571=EDGE_LOOP('',(#1195,#1196,#1197,#1198));
#572=AXIS2_PLACEMENT_3D('',#1199,#1200,#1201);
#573=EDGE_LOOP('',(#1202,#1203,#1204,#1205));
#574=AXIS2_PLACEMENT_3D('',#1206,#1207,#1208);
#575=EDGE_LOOP('',(#1209,#1210,#1211,#1212));
#576=AXIS2_PLACEMENT_3D('',#1213,#1214,#1215);
#577=EDGE_LOOP('',(#1216,#1217,#1218,#1219,#1220));
#578=AXIS2_PLACEMENT_3D('',#1221,#1222,#1223);
#579=EDGE_LOOP('',(#1224,#1225,#1226,#1227,#1228));
#580=AXIS2_PLACEMENT_3D('',#1229,#1230,#1231);
#581=EDGE_LOOP('',(#1232,#1233,#1234,#1235,#1236));
#582=AXIS2_PLACEMENT_3D('',#1237,#1238,#1239);
#583=EDGE_LOOP('',(#1240,#1241,#1242,#1243,#1244));
#584=AXIS2_PLACEMENT_3D('',#1245,#1246,#1247);
#585=EDGE_LOOP('',(#1248,#1249,#1250,#1251));
#586=AXIS2_PLACEMENT_3D('',#1252,#1253,#1254);
#587=EDGE_LOOP('',(#1255,#1256,#1257,#1258));
#588=AXIS2_PLACEMENT_3D('',#1259,#1260,#1261);
#589=EDGE_LOOP('',(#1262,#1263,#1264,#1265));
#590=AXIS2_PLACEMENT_3D('',#1266,#1267,#1268);
#591=EDGE_LOOP('',(#1269,#1270,#1271,#1272));
#592=AXIS2_PLACEMENT_3D('',#1273,#1274,#1275);
#593=EDGE_LOOP('',(#1276,#1277,#1278,#1279));
#594=AXIS2_PLACEMENT_3D('',#1280,#1281,#1282);
#595=EDGE_LOOP('',(#1283,#1284,#1285,#1286));
#596=AXIS2_PLACEMENT_3D('',#1287,#1288,#1289);
#597=EDGE_LOOP('',(#1290,#1291,#1292,#1293));
#598=AXIS2_PLACEMENT_3D('',#1294,#1295,#1296);
#599=EDGE_LOOP('',(#1297,#1298,#1299,#1300));
#600=AXIS2_PLACEMENT_3D('',#1301,#1302,#1303);
#601=EDGE_LOOP('',(#1304,#1305,#1306,#1307));
#602=AXIS2_PLACEMENT_3D('',#1308,#1309,#1310);
#603=EDGE_LOOP('',(#1311,#1312,#1313,#1314));
#604=AXIS2_PLACEMENT_3D('',#1315,#1316,#1317);
#605=EDGE_LOOP('',(#1318,#1319,#1320,#1321));
#606=AXIS2_PLACEMENT_3D('',#1322,#1323,#1324);
#607=EDGE_LOOP('',(#1325,#1326,#1327,#1328));
#608=AXIS2_PLACEMENT_3D('',#1329,#1330,#1331);
#609=EDGE_LOOP('',(#1332,#1333,#1334,#1335));
#610=AXIS2_PLACEMENT_3D('',#1336,#1337,#1338);
#611=EDGE_LOOP('',(#1339,#1340,#1341,#1342));
#612=AXIS2_PLACEMENT_3D('',#1343,#1344,#1345);
#613=EDGE_LOOP('',(#1346,#1347,#1348,#1349));
#614=AXIS2_PLACEMENT_3D('',#1350,#1351,#1352);
#615=EDGE_LOOP('',(#1353,#1354,#1355,#1356));
#616=AXIS2_PLACEMENT_3D('',#1357,#1358,#1359);
#617=EDGE_LOOP('',(#1360,#1361,#1362,#1363,#1364,#1365));
#618=AXIS2_PLACEMENT_3D('',#1366,#1367,#1368);
#619=EDGE_LOOP('',(#1369,#1370,#1371,#1372,#1373,#1374,#1375,#1376,#1377,#1378));
#620=AXIS2_PLACEMENT_3D('',#1379,#1380,#1381);
#621=EDGE_LOOP('',(#1382,#1383,#1384,#1385,#1386,#1387,#1388,#1389));
#622=AXIS2_PLACEMENT_3D('',#1390,#1391,#1392);
#623=EDGE_LOOP('',(#1393,#1394,#1395,#1396,#1397,#1398));
#624=AXIS2_PLACEMENT_3D('',#1399,#1400,#1401);
#625=EDGE_LOOP('',(#1402,#1403,#1404,#1405));
#626=AXIS2_PLACEMENT_3D('',#1406,#1407,#1408);
#627=EDGE_LOOP('',(#1409,#1410,#1411,#1412));
#628=AXIS2_PLACEMENT_3D('',#1413,#1414,#1415);
#629=EDGE_LOOP('',(#1416,#1417,#1418,#1419));
#630=AXIS2_PLACEMENT_3D('',#1420,#1421,#1422);
#631=EDGE_LOOP('',(#1423,#1424,#1425,#1426));
#632=AXIS2_PLACEMENT_3D('',#1427,#1428,#1429);
#633=EDGE_LOOP('',(#1430,#1431,#1432,#1433,#1434,#1435));
#634=AXIS2_PLACEMENT_3D('',#1436,#1437,#1438);
#635=EDGE_LOOP('',(#1439,#1440,#1441,#1442,#1443,#1444));
#636=AXIS2_PLACEMENT_3D('',#1445,#1446,#1447);
#637=EDGE_LOOP('',(#1448,#1449,#1450,#1451,#1452,#1453,#1454,#1455));
#638=AXIS2_PLACEMENT_3D('',#1456,#1457,#1458);
#639=EDGE_LOOP('',(#1459,#1460,#1461,#1462));
#640=AXIS2_PLACEMENT_3D('',#1463,#1464,#1465);
#641=EDGE_LOOP('',(#1466,#1467,#1468,#1469,#1470,#1471));
#642=AXIS2_PLACEMENT_3D('',#1472,#1473,#1474);
#643=EDGE_LOOP('',(#1475,#1476,#1477,#1478,#1479,#1480));
#644=AXIS2_PLACEMENT_3D('',#1481,#1482,#1483);
#645=EDGE_LOOP('',(#1484,#1485,#1486,#1487,#1488,#1489));
#646=AXIS2_PLACEMENT_3D('',#1490,#1491,#1492);
#647=EDGE_LOOP('',(#1493,#1494,#1495,#1496));
#648=AXIS2_PLACEMENT_3D('',#1497,#1498,#1499);
#649=EDGE_LOOP('',(#1500,#1501,#1502,#1503));
#650=AXIS2_PLACEMENT_3D('',#1504,#1505,#1506);
#651=EDGE_LOOP('',(#1507,#1508,#1509,#1510));
#652=AXIS2_PLACEMENT_3D('',#1511,#1512,#1513);
#653=EDGE_LOOP('',(#1514,#1515,#1516,#1517));
#654=AXIS2_PLACEMENT_3D('',#1518,#1519,#1520);
#655=EDGE_LOOP('',(#1521,#1522,#1523,#1524,#1525));
#656=AXIS2_PLACEMENT_3D('',#1526,#1527,#1528);
#657=EDGE_LOOP('',(#1529,#1530,#1531,#1532,#1533));
#658=AXIS2_PLACEMENT_3D('',#1534,#1535,#1536);
#659=EDGE_LOOP('',(#1537,#1538,#1539,#1540));
#660=AXIS2_PLACEMENT_3D('',#1541,#1542,#1543);
#661=EDGE_LOOP('',(#1544,#1545,#1546,#1547));
#662=AXIS2_PLACEMENT_3D('',#1548,#1549,#1550);
#663=EDGE_LOOP('',(#1551,#1552,#1553,#1554));
#664=AXIS2_PLACEMENT_3D('',#1555,#1556,#1557);
#665=EDGE_LOOP('',(#1558,#1559,#1560,#1561));
#666=AXIS2_PLACEMENT_3D('',#1562,#1563,#1564);
#667=EDGE_LOOP('',(#1565,#1566,#1567,#1568));
#668=AXIS2_PLACEMENT_3D('',#1569,#1570,#1571);
#669=EDGE_LOOP('',(#1572,#1573,#1574,#1575,#1576));
#670=AXIS2_PLACEMENT_3D('',#1577,#1578,#1579);
#671=EDGE_LOOP('',(#1580,#1581,#1582,#1583,#1584));
#672=AXIS2_PLACEMENT_3D('',#1585,#1586,#1587);
#673=EDGE_LOOP('',(#1588,#1589,#1590,#1591));
#674=AXIS2_PLACEMENT_3D('',#1592,#1593,#1594);
#675=EDGE_LOOP('',(#1595,#1596,#1597,#1598,#1599,#1600,#1601,#1602));
#676=AXIS2_PLACEMENT_3D('',#1603,#1604,#1605);
#677=EDGE_LOOP('',(#1606,#1607,#1608,#1609));
#678=AXIS2_PLACEMENT_3D('',#1610,#1611,#1612);
#679=EDGE_LOOP('',(#1613,#1614,#1615,#1616,#1617,#1618));
#680=AXIS2_PLACEMENT_3D('',#1619,#1620,#1621);
#681=EDGE_LOOP('',(#1622,#1623,#1624,#1625,#1626,#1627));
#682=AXIS2_PLACEMENT_3D('',#1628,#1629,#1630);
#683=EDGE_LOOP('',(#1631,#1632,#1633,#1634,#1635,#1636));
#684=AXIS2_PLACEMENT_3D('',#1637,#1638,#1639);
#685=EDGE_LOOP('',(#1640,#1641,#1642,#1643,#1644,#1645));
#686=AXIS2_PLACEMENT_3D('',#1646,#1647,#1648);
#687=EDGE_LOOP('',(#1649,#1650,#1651,#1652,#1653,#1654));
#688=AXIS2_PLACEMENT_3D('',#1655,#1656,#1657);
#689=EDGE_LOOP('',(#1658,#1659,#1660,#1661,#1662,#1663));
#690=AXIS2_PLACEMENT_3D('',#1664,#1665,#1666);
#691=EDGE_LOOP('',(#1667,#1668,#1669,#1670));
#692=AXIS2_PLACEMENT_3D('',#1671,#1672,#1673);
#693=EDGE_LOOP('',(#1674,#1675,#1676,#1677));
#694=AXIS2_PLACEMENT_3D('',#1678,#1679,#1680);
#695=EDGE_LOOP('',(#1681,#1682,#1683,#1684));
#696=AXIS2_PLACEMENT_3D('',#1685,#1686,#1687);
#697=EDGE_LOOP('',(#1688,#1689,#1690,#1691));
#698=AXIS2_PLACEMENT_3D('',#1692,#1693,#1694);
#699=EDGE_LOOP('',(#1695,#1696,#1697,#1698));
#700=AXIS2_PLACEMENT_3D('',#1699,#1700,#1701);
#701=EDGE_LOOP('',(#1702,#1703,#1704,#1705));
#702=AXIS2_PLACEMENT_3D('',#1706,#1707,#1708);
#703=EDGE_LOOP('',(#1709,#1710,#1711,#1712,#1713,#1714,#1715,#1716));
#704=AXIS2_PLACEMENT_3D('',#1717,#1718,#1719);
#705=EDGE_LOOP('',(#1720,#1721,#1722,#1723));
#706=AXIS2_PLACEMENT_3D('',#1724,#1725,#1726);
#707=EDGE_LOOP('',(#1727,#1728,#1729,#1730));
#708=AXIS2_PLACEMENT_3D('',#1731,#1732,#1733);
#709=EDGE_LOOP('',(#1734,#1735,#1736,#1737));
#710=AXIS2_PLACEMENT_3D('',#1738,#1739,#1740);
#711=EDGE_LOOP('',(#1741,#1742,#1743,#1744));
#712=AXIS2_PLACEMENT_3D('',#1745,#1746,#1747);
#713=CIRCLE('',#1748,0.7);
#714=CIRCLE('',#1749,0.7);
#715=CIRCLE('',#1750,0.7);
#716=CIRCLE('',#1751,0.7);
#717=CIRCLE('',#1752,1.5);
#718=CIRCLE('',#1753,1.5);
#719=CIRCLE('',#1754,1.5);
#720=CIRCLE('',#1755,1.5);
#721=LINE('',#1756,#1757);
#722=LINE('',#1758,#1759);
#723=ORIENTED_EDGE('',*,*,#1760,.F.);
#724=ORIENTED_EDGE('',*,*,#1761,.T.);
#725=ORIENTED_EDGE('',*,*,#1762,.T.);
#726=ORIENTED_EDGE('',*,*,#1763,.F.);
#727=CARTESIAN_POINT('',(2.7,12.8,2.6));
#728=DIRECTION('',(0.0,1.0,-0.0));
#729=DIRECTION('',(1.0,0.0,0.0));
#730=ORIENTED_EDGE('',*,*,#1764,.F.);
#731=ORIENTED_EDGE('',*,*,#1765,.F.);
#732=ORIENTED_EDGE('',*,*,#1766,.F.);
#733=ORIENTED_EDGE('',*,*,#1767,.F.);
#734=ORIENTED_EDGE('',*,*,#1768,.F.);
#735=ORIENTED_EDGE('',*,*,#1769,.T.);
#736=ORIENTED_EDGE('',*,*,#1770,.T.);
#737=ORIENTED_EDGE('',*,*,#1771,.F.);
#738=ORIENTED_EDGE('',*,*,#1772,.F.);
#739=ORIENTED_EDGE('',*,*,#1773,.T.);
#740=ORIENTED_EDGE('',*,*,#1774,.T.);
#741=ORIENTED_EDGE('',*,*,#1775,.F.);
#742=ORIENTED_EDGE('',*,*,#1776,.F.);
#743=ORIENTED_EDGE('',*,*,#1777,.F.);
#744=ORIENTED_EDGE('',*,*,#1778,.T.);
#745=ORIENTED_EDGE('',*,*,#1779,.F.);
#746=CARTESIAN_POINT('',(-2.7,0.0,0.0));
#747=DIRECTION('',(1.0,0.0,0.0));
#748=DIRECTION('',(0.0,1.0,0.0));
#749=ORIENTED_EDGE('',*,*,#1780,.T.);
#750=ORIENTED_EDGE('',*,*,#1763,.T.);
#751=ORIENTED_EDGE('',*,*,#1781,.T.);
#752=ORIENTED_EDGE('',*,*,#1782,.T.);
#753=ORIENTED_EDGE('',*,*,#1783,.F.);
#754=ORIENTED_EDGE('',*,*,#1784,.T.);
#755=ORIENTED_EDGE('',*,*,#1785,.T.);
#756=ORIENTED_EDGE('',*,*,#1786,.T.);
#757=ORIENTED_EDGE('',*,*,#1787,.F.);
#758=ORIENTED_EDGE('',*,*,#1788,.T.);
#759=ORIENTED_EDGE('',*,*,#1789,.T.);
#760=CARTESIAN_POINT('',(-2.7,0.2,0.0));
#761=DIRECTION('',(0.0,-1.0,0.0));
#762=DIRECTION('',(0.0,0.0,-1.0));
#763=ORIENTED_EDGE('',*,*,#1790,.T.);
#764=ORIENTED_EDGE('',*,*,#1791,.T.);
#765=ORIENTED_EDGE('',*,*,#1792,.T.);
#766=ORIENTED_EDGE('',*,*,#1793,.T.);
#767=ORIENTED_EDGE('',*,*,#1794,.T.);
#768=ORIENTED_EDGE('',*,*,#1795,.T.);
#769=ORIENTED_EDGE('',*,*,#1796,.T.);
#770=ORIENTED_EDGE('',*,*,#1779,.T.);
#771=CARTESIAN_POINT('',(-2.7,0.2,0.0));
#772=DIRECTION('',(0.0,-1.0,0.0));
#773=DIRECTION('',(0.0,0.0,-1.0));
#774=ORIENTED_EDGE('',*,*,#1797,.F.);
#775=ORIENTED_EDGE('',*,*,#1798,.T.);
#776=ORIENTED_EDGE('',*,*,#1799,.T.);
#777=ORIENTED_EDGE('',*,*,#1800,.T.);
#778=ORIENTED_EDGE('',*,*,#1801,.T.);
#779=ORIENTED_EDGE('',*,*,#1789,.F.);
#780=ORIENTED_EDGE('',*,*,#1802,.F.);
#781=ORIENTED_EDGE('',*,*,#1803,.T.);
#782=ORIENTED_EDGE('',*,*,#1804,.F.);
#783=ORIENTED_EDGE('',*,*,#1805,.F.);
#784=CARTESIAN_POINT('',(2.7,0.0,0.0));
#785=DIRECTION('',(1.0,0.0,0.0));
#786=DIRECTION('',(0.0,1.0,0.0));
#787=ORIENTED_EDGE('',*,*,#1806,.T.);
#788=ORIENTED_EDGE('',*,*,#1807,.T.);
#789=ORIENTED_EDGE('',*,*,#1808,.T.);
#790=ORIENTED_EDGE('',*,*,#1809,.T.);
#791=ORIENTED_EDGE('',*,*,#1781,.F.);
#792=ORIENTED_EDGE('',*,*,#1762,.F.);
#793=CARTESIAN_POINT('',(2.7,0.0,0.0));
#794=DIRECTION('',(1.0,0.0,0.0));
#795=DIRECTION('',(0.0,1.0,0.0));
#796=ORIENTED_EDGE('',*,*,#1760,.T.);
#797=ORIENTED_EDGE('',*,*,#1780,.F.);
#798=ORIENTED_EDGE('',*,*,#1801,.F.);
#799=ORIENTED_EDGE('',*,*,#1810,.T.);
#800=CARTESIAN_POINT('',(2.7,12.8,2.6));
#801=DIRECTION('',(0.0,1.0,-0.0));
#802=DIRECTION('',(1.0,0.0,0.0));
#803=ORIENTED_EDGE('',*,*,#1811,.F.);
#804=ORIENTED_EDGE('',*,*,#1775,.T.);
#805=ORIENTED_EDGE('',*,*,#1812,.F.);
#806=ORIENTED_EDGE('',*,*,#1813,.F.);
#807=ORIENTED_EDGE('',*,*,#1814,.F.);
#808=ORIENTED_EDGE('',*,*,#1767,.T.);
#809=ORIENTED_EDGE('',*,*,#1815,.T.);
#810=ORIENTED_EDGE('',*,*,#1806,.F.);
#811=ORIENTED_EDGE('',*,*,#1761,.F.);
#812=ORIENTED_EDGE('',*,*,#1810,.F.);
#813=ORIENTED_EDGE('',*,*,#1800,.F.);
#814=ORIENTED_EDGE('',*,*,#1816,.F.);
#815=ORIENTED_EDGE('',*,*,#1817,.F.);
#816=ORIENTED_EDGE('',*,*,#1818,.F.);
#817=ORIENTED_EDGE('',*,*,#1819,.F.);
#818=ORIENTED_EDGE('',*,*,#1820,.F.);
#819=ORIENTED_EDGE('',*,*,#1821,.F.);
#820=ORIENTED_EDGE('',*,*,#1822,.F.);
#821=ORIENTED_EDGE('',*,*,#1823,.F.);
#822=ORIENTED_EDGE('',*,*,#1824,.F.);
#823=ORIENTED_EDGE('',*,*,#1825,.F.);
#824=ORIENTED_EDGE('',*,*,#1826,.F.);
#825=ORIENTED_EDGE('',*,*,#1827,.F.);
#826=CARTESIAN_POINT('',(-2.7,12.8,-4.8));
#827=DIRECTION('',(-0.0,1.0,0.0));
#828=DIRECTION('',(1.0,0.0,0.0));
#829=ORIENTED_EDGE('',*,*,#1828,.F.);
#830=ORIENTED_EDGE('',*,*,#1829,.F.);
#831=ORIENTED_EDGE('',*,*,#1830,.T.);
#832=ORIENTED_EDGE('',*,*,#1817,.T.);
#833=CARTESIAN_POINT('',(-1.7,10.45,-6.2));
#834=DIRECTION('',(0.0,0.511805175094575,-0.859101543908758));
#835=DIRECTION('',(-1.0,0.0,0.0));
#836=ORIENTED_EDGE('',*,*,#1830,.F.);
#837=ORIENTED_EDGE('',*,*,#1831,.F.);
#838=ORIENTED_EDGE('',*,*,#1832,.F.);
#839=ORIENTED_EDGE('',*,*,#1833,.F.);
#840=CARTESIAN_POINT('',(-1.7,0.0,0.0));
#841=DIRECTION('',(1.0,0.0,0.0));
#842=DIRECTION('',(0.0,1.0,0.0));
#843=ORIENTED_EDGE('',*,*,#1776,.T.);
#844=ORIENTED_EDGE('',*,*,#1811,.T.);
#845=ORIENTED_EDGE('',*,*,#1833,.T.);
#846=ORIENTED_EDGE('',*,*,#1834,.T.);
#847=ORIENTED_EDGE('',*,*,#1835,.F.);
#848=ORIENTED_EDGE('',*,*,#1816,.T.);
#849=ORIENTED_EDGE('',*,*,#1799,.F.);
#850=ORIENTED_EDGE('',*,*,#1836,.F.);
#851=ORIENTED_EDGE('',*,*,#1837,.T.);
#852=ORIENTED_EDGE('',*,*,#1838,.F.);
#853=ORIENTED_EDGE('',*,*,#1839,.F.);
#854=ORIENTED_EDGE('',*,*,#1840,.F.);
#855=CARTESIAN_POINT('',(-2.7,0.0,-4.8));
#856=DIRECTION('',(0.0,0.0,-1.0));
#857=DIRECTION('',(0.0,-1.0,0.0));
#858=ORIENTED_EDGE('',*,*,#1841,.F.);
#859=ORIENTED_EDGE('',*,*,#1842,.F.);
#860=ORIENTED_EDGE('',*,*,#1843,.F.);
#861=ORIENTED_EDGE('',*,*,#1844,.F.);
#862=CARTESIAN_POINT('',(-2.7,0.0,4.8));
#863=DIRECTION('',(0.0,-1.0,0.0));
#864=DIRECTION('',(0.0,0.0,-1.0));
#865=ORIENTED_EDGE('',*,*,#1765,.T.);
#866=ORIENTED_EDGE('',*,*,#1845,.T.);
#867=ORIENTED_EDGE('',*,*,#1846,.F.);
#868=ORIENTED_EDGE('',*,*,#1847,.F.);
#869=CARTESIAN_POINT('',(-2.7,0.0,4.8));
#870=DIRECTION('',(0.0,-1.0,0.0));
#871=DIRECTION('',(0.0,0.0,-1.0));
#872=ORIENTED_EDGE('',*,*,#1848,.T.);
#873=ORIENTED_EDGE('',*,*,#1849,.T.);
#874=ORIENTED_EDGE('',*,*,#1808,.F.);
#875=ORIENTED_EDGE('',*,*,#1850,.F.);
#876=CARTESIAN_POINT('',(-2.7,0.0,4.8));
#877=DIRECTION('',(0.0,-1.0,0.0));
#878=DIRECTION('',(0.0,0.0,-1.0));
#879=ORIENTED_EDGE('',*,*,#1851,.T.);
#880=ORIENTED_EDGE('',*,*,#1852,.F.);
#881=ORIENTED_EDGE('',*,*,#1777,.T.);
#882=ORIENTED_EDGE('',*,*,#1840,.T.);
#883=CARTESIAN_POINT('',(-2.7,0.0,4.8));
#884=DIRECTION('',(0.0,-1.0,0.0));
#885=DIRECTION('',(0.0,0.0,-1.0));
#886=ORIENTED_EDGE('',*,*,#1798,.F.);
#887=ORIENTED_EDGE('',*,*,#1853,.F.);
#888=ORIENTED_EDGE('',*,*,#1854,.F.);
#889=ORIENTED_EDGE('',*,*,#1836,.T.);
#890=CARTESIAN_POINT('',(-2.7,0.0,4.8));
#891=DIRECTION('',(0.0,-1.0,0.0));
#892=DIRECTION('',(0.0,0.0,-1.0));
#893=ORIENTED_EDGE('',*,*,#1855,.F.);
#894=ORIENTED_EDGE('',*,*,#1856,.F.);
#895=ORIENTED_EDGE('',*,*,#1794,.F.);
#896=ORIENTED_EDGE('',*,*,#1857,.F.);
#897=ORIENTED_EDGE('',*,*,#1844,.T.);
#898=ORIENTED_EDGE('',*,*,#1858,.T.);
#899=ORIENTED_EDGE('',*,*,#1784,.F.);
#900=ORIENTED_EDGE('',*,*,#1859,.T.);
#901=CARTESIAN_POINT('',(-1.3,0.0,0.5));
#902=DIRECTION('',(0.0,0.0,-1.0));
#903=DIRECTION('',(0.0,-1.0,0.0));
#904=ORIENTED_EDGE('',*,*,#1860,.T.);
#905=ORIENTED_EDGE('',*,*,#1861,.F.);
#906=ORIENTED_EDGE('',*,*,#1859,.F.);
#907=ORIENTED_EDGE('',*,*,#1783,.T.);
#908=CARTESIAN_POINT('',(1.3,0.0,0.5));
#909=DIRECTION('',(1.0,0.0,0.0));
#910=DIRECTION('',(0.0,1.0,0.0));
#911=ORIENTED_EDGE('',*,*,#1862,.T.);
#912=ORIENTED_EDGE('',*,*,#1863,.T.);
#913=ORIENTED_EDGE('',*,*,#1864,.T.);
#914=ORIENTED_EDGE('',*,*,#1865,.T.);
#915=ORIENTED_EDGE('',*,*,#1866,.T.);
#916=ORIENTED_EDGE('',*,*,#1867,.T.);
#917=ORIENTED_EDGE('',*,*,#1868,.T.);
#918=ORIENTED_EDGE('',*,*,#1838,.T.);
#919=ORIENTED_EDGE('',*,*,#1869,.T.);
#920=ORIENTED_EDGE('',*,*,#1870,.T.);
#921=ORIENTED_EDGE('',*,*,#1871,.F.);
#922=ORIENTED_EDGE('',*,*,#1872,.F.);
#923=CARTESIAN_POINT('',(-2.7,0.8,4.8));
#924=DIRECTION('',(0.0,-1.0,0.0));
#925=DIRECTION('',(0.0,0.0,-1.0));
#926=ORIENTED_EDGE('',*,*,#1873,.T.);
#927=ORIENTED_EDGE('',*,*,#1874,.T.);
#928=ORIENTED_EDGE('',*,*,#1875,.T.);
#929=ORIENTED_EDGE('',*,*,#1855,.T.);
#930=ORIENTED_EDGE('',*,*,#1861,.T.);
#931=ORIENTED_EDGE('',*,*,#1876,.T.);
#932=ORIENTED_EDGE('',*,*,#1877,.T.);
#933=ORIENTED_EDGE('',*,*,#1878,.F.);
#934=ORIENTED_EDGE('',*,*,#1879,.T.);
#935=ORIENTED_EDGE('',*,*,#1880,.T.);
#936=ORIENTED_EDGE('',*,*,#1881,.F.);
#937=ORIENTED_EDGE('',*,*,#1882,.F.);
#938=CARTESIAN_POINT('',(-2.7,0.8,4.8));
#939=DIRECTION('',(0.0,-1.0,0.0));
#940=DIRECTION('',(0.0,0.0,-1.0));
#941=ORIENTED_EDGE('',*,*,#1839,.T.);
#942=ORIENTED_EDGE('',*,*,#1868,.F.);
#943=ORIENTED_EDGE('',*,*,#1883,.T.);
#944=ORIENTED_EDGE('',*,*,#1851,.F.);
#945=CARTESIAN_POINT('',(-1.0,0.0,-3.8));
#946=DIRECTION('',(-1.0,0.0,0.0));
#947=DIRECTION('',(0.0,0.0,1.0));
#948=ORIENTED_EDGE('',*,*,#1853,.T.);
#949=ORIENTED_EDGE('',*,*,#1797,.T.);
#950=ORIENTED_EDGE('',*,*,#1788,.F.);
#951=ORIENTED_EDGE('',*,*,#1884,.T.);
#952=ORIENTED_EDGE('',*,*,#1863,.F.);
#953=ORIENTED_EDGE('',*,*,#1885,.F.);
#954=CARTESIAN_POINT('',(-1.3,0.0,-3.8));
#955=DIRECTION('',(0.0,0.0,-1.0));
#956=DIRECTION('',(0.0,-1.0,0.0));
#957=ORIENTED_EDGE('',*,*,#1867,.F.);
#958=ORIENTED_EDGE('',*,*,#1886,.F.);
#959=ORIENTED_EDGE('',*,*,#1790,.F.);
#960=ORIENTED_EDGE('',*,*,#1778,.F.);
#961=ORIENTED_EDGE('',*,*,#1852,.T.);
#962=ORIENTED_EDGE('',*,*,#1883,.F.);
#963=CARTESIAN_POINT('',(-1.3,0.0,-3.8));
#964=DIRECTION('',(0.0,0.0,-1.0));
#965=DIRECTION('',(0.0,-1.0,0.0));
#966=ORIENTED_EDGE('',*,*,#1885,.T.);
#967=ORIENTED_EDGE('',*,*,#1862,.F.);
#968=ORIENTED_EDGE('',*,*,#1837,.F.);
#969=ORIENTED_EDGE('',*,*,#1854,.T.);
#970=CARTESIAN_POINT('',(1.0,0.0,-4.8));
#971=DIRECTION('',(1.0,0.0,0.0));
#972=DIRECTION('',(0.0,1.0,0.0));
#973=ORIENTED_EDGE('',*,*,#1887,.T.);
#974=ORIENTED_EDGE('',*,*,#1864,.F.);
#975=ORIENTED_EDGE('',*,*,#1884,.F.);
#976=ORIENTED_EDGE('',*,*,#1787,.T.);
#977=CARTESIAN_POINT('',(1.3,0.0,-3.8));
#978=DIRECTION('',(1.0,0.0,0.0));
#979=DIRECTION('',(0.0,1.0,0.0));
#980=ORIENTED_EDGE('',*,*,#1865,.F.);
#981=ORIENTED_EDGE('',*,*,#1887,.F.);
#982=ORIENTED_EDGE('',*,*,#1786,.F.);
#983=ORIENTED_EDGE('',*,*,#1888,.F.);
#984=ORIENTED_EDGE('',*,*,#1842,.T.);
#985=ORIENTED_EDGE('',*,*,#1889,.T.);
#986=ORIENTED_EDGE('',*,*,#1792,.F.);
#987=ORIENTED_EDGE('',*,*,#1890,.T.);
#988=CARTESIAN_POINT('',(1.3,0.0,-0.5));
#989=DIRECTION('',(0.0,0.0,1.0));
#990=DIRECTION('',(1.0,0.0,0.0));
#991=ORIENTED_EDGE('',*,*,#1886,.T.);
#992=ORIENTED_EDGE('',*,*,#1866,.F.);
#993=ORIENTED_EDGE('',*,*,#1890,.F.);
#994=ORIENTED_EDGE('',*,*,#1791,.F.);
#995=CARTESIAN_POINT('',(-1.3,0.0,-0.5));
#996=DIRECTION('',(-1.0,0.0,0.0));
#997=DIRECTION('',(0.0,0.0,1.0));
#998=ORIENTED_EDGE('',*,*,#1857,.T.);
#999=ORIENTED_EDGE('',*,*,#1793,.F.);
#1000=ORIENTED_EDGE('',*,*,#1889,.F.);
#1001=ORIENTED_EDGE('',*,*,#1841,.T.);
#1002=CARTESIAN_POINT('',(-1.7,0.0,-0.5));
#1003=DIRECTION('',(1.0,0.0,0.0));
#1004=DIRECTION('',(0.0,1.0,0.0));
#1005=ORIENTED_EDGE('',*,*,#1888,.T.);
#1006=ORIENTED_EDGE('',*,*,#1785,.F.);
#1007=ORIENTED_EDGE('',*,*,#1858,.F.);
#1008=ORIENTED_EDGE('',*,*,#1843,.T.);
#1009=CARTESIAN_POINT('',(1.7,0.0,0.5));
#1010=DIRECTION('',(-1.0,0.0,0.0));
#1011=DIRECTION('',(0.0,0.0,1.0));
#1012=ORIENTED_EDGE('',*,*,#1891,.T.);
#1013=ORIENTED_EDGE('',*,*,#1878,.T.);
#1014=ORIENTED_EDGE('',*,*,#1892,.F.);
#1015=ORIENTED_EDGE('',*,*,#1850,.T.);
#1016=ORIENTED_EDGE('',*,*,#1807,.F.);
#1017=ORIENTED_EDGE('',*,*,#1815,.F.);
#1018=ORIENTED_EDGE('',*,*,#1766,.T.);
#1019=ORIENTED_EDGE('',*,*,#1847,.T.);
#1020=CARTESIAN_POINT('',(-2.7,12.8,4.8));
#1021=DIRECTION('',(0.0,0.0,1.0));
#1022=DIRECTION('',(1.0,0.0,0.0));
#1023=ORIENTED_EDGE('',*,*,#1892,.T.);
#1024=ORIENTED_EDGE('',*,*,#1877,.F.);
#1025=ORIENTED_EDGE('',*,*,#1893,.T.);
#1026=ORIENTED_EDGE('',*,*,#1848,.F.);
#1027=CARTESIAN_POINT('',(1.0,0.0,3.8));
#1028=DIRECTION('',(1.0,0.0,0.0));
#1029=DIRECTION('',(0.0,1.0,0.0));
#1030=ORIENTED_EDGE('',*,*,#1809,.F.);
#1031=ORIENTED_EDGE('',*,*,#1849,.F.);
#1032=ORIENTED_EDGE('',*,*,#1893,.F.);
#1033=ORIENTED_EDGE('',*,*,#1876,.F.);
#1034=ORIENTED_EDGE('',*,*,#1860,.F.);
#1035=ORIENTED_EDGE('',*,*,#1782,.F.);
#1036=CARTESIAN_POINT('',(-1.0,0.0,3.8));
#1037=DIRECTION('',(0.0,0.0,1.0));
#1038=DIRECTION('',(1.0,0.0,0.0));
#1039=ORIENTED_EDGE('',*,*,#1874,.F.);
#1040=ORIENTED_EDGE('',*,*,#1894,.F.);
#1041=ORIENTED_EDGE('',*,*,#1845,.F.);
#1042=ORIENTED_EDGE('',*,*,#1764,.T.);
#1043=ORIENTED_EDGE('',*,*,#1796,.F.);
#1044=ORIENTED_EDGE('',*,*,#1895,.T.);
#1045=CARTESIAN_POINT('',(-1.0,0.0,3.8));
#1046=DIRECTION('',(0.0,0.0,1.0));
#1047=DIRECTION('',(1.0,0.0,0.0));
#1048=ORIENTED_EDGE('',*,*,#1856,.T.);
#1049=ORIENTED_EDGE('',*,*,#1875,.F.);
#1050=ORIENTED_EDGE('',*,*,#1895,.F.);
#1051=ORIENTED_EDGE('',*,*,#1795,.F.);
#1052=CARTESIAN_POINT('',(-1.3,0.0,3.8));
#1053=DIRECTION('',(-1.0,0.0,0.0));
#1054=DIRECTION('',(0.0,0.0,1.0));
#1055=ORIENTED_EDGE('',*,*,#1894,.T.);
#1056=ORIENTED_EDGE('',*,*,#1873,.F.);
#1057=ORIENTED_EDGE('',*,*,#1891,.F.);
#1058=ORIENTED_EDGE('',*,*,#1846,.T.);
#1059=CARTESIAN_POINT('',(-1.0,0.0,4.8));
#1060=DIRECTION('',(-1.0,0.0,0.0));
#1061=DIRECTION('',(0.0,0.0,1.0));
#1062=ORIENTED_EDGE('',*,*,#1896,.F.);
#1063=ORIENTED_EDGE('',*,*,#1897,.F.);
#1064=ORIENTED_EDGE('',*,*,#1898,.F.);
#1065=ORIENTED_EDGE('',*,*,#1899,.F.);
#1066=ORIENTED_EDGE('',*,*,#1900,.F.);
#1067=CARTESIAN_POINT('',(0.57,0.0,0.5));
#1068=DIRECTION('',(-1.0,0.0,0.0));
#1069=DIRECTION('',(0.0,0.0,1.0));
#1070=ORIENTED_EDGE('',*,*,#1901,.F.);
#1071=ORIENTED_EDGE('',*,*,#1902,.F.);
#1072=ORIENTED_EDGE('',*,*,#1903,.F.);
#1073=ORIENTED_EDGE('',*,*,#1904,.F.);
#1074=ORIENTED_EDGE('',*,*,#1905,.F.);
#1075=CARTESIAN_POINT('',(0.57,0.0,0.5));
#1076=DIRECTION('',(-1.0,0.0,0.0));
#1077=DIRECTION('',(0.0,0.0,1.0));
#1078=ORIENTED_EDGE('',*,*,#1882,.T.);
#1079=ORIENTED_EDGE('',*,*,#1906,.F.);
#1080=ORIENTED_EDGE('',*,*,#1907,.F.);
#1081=ORIENTED_EDGE('',*,*,#1908,.F.);
#1082=ORIENTED_EDGE('',*,*,#1909,.F.);
#1083=CARTESIAN_POINT('',(0.57,0.0,0.5));
#1084=DIRECTION('',(-1.0,0.0,0.0));
#1085=DIRECTION('',(0.0,0.0,1.0));
#1086=ORIENTED_EDGE('',*,*,#1910,.F.);
#1087=ORIENTED_EDGE('',*,*,#1911,.F.);
#1088=ORIENTED_EDGE('',*,*,#1912,.F.);
#1089=ORIENTED_EDGE('',*,*,#1913,.F.);
#1090=ORIENTED_EDGE('',*,*,#1872,.T.);
#1091=CARTESIAN_POINT('',(0.57,0.0,0.5));
#1092=DIRECTION('',(-1.0,0.0,0.0));
#1093=DIRECTION('',(0.0,0.0,1.0));
#1094=ORIENTED_EDGE('',*,*,#1914,.T.);
#1095=ORIENTED_EDGE('',*,*,#1915,.T.);
#1096=ORIENTED_EDGE('',*,*,#1916,.T.);
#1097=ORIENTED_EDGE('',*,*,#1917,.T.);
#1098=ORIENTED_EDGE('',*,*,#1918,.T.);
#1099=ORIENTED_EDGE('',*,*,#1919,.F.);
#1100=ORIENTED_EDGE('',*,*,#1920,.F.);
#1101=ORIENTED_EDGE('',*,*,#1905,.T.);
#1102=CARTESIAN_POINT('',(-2.7,3.7,-4.8));
#1103=DIRECTION('',(-0.0,1.0,0.0));
#1104=DIRECTION('',(1.0,0.0,0.0));
#1105=ORIENTED_EDGE('',*,*,#1921,.T.);
#1106=ORIENTED_EDGE('',*,*,#1922,.T.);
#1107=ORIENTED_EDGE('',*,*,#1923,.T.);
#1108=ORIENTED_EDGE('',*,*,#1924,.T.);
#1109=ORIENTED_EDGE('',*,*,#1925,.T.);
#1110=ORIENTED_EDGE('',*,*,#1926,.T.);
#1111=ORIENTED_EDGE('',*,*,#1927,.T.);
#1112=ORIENTED_EDGE('',*,*,#1928,.F.);
#1113=ORIENTED_EDGE('',*,*,#1929,.F.);
#1114=ORIENTED_EDGE('',*,*,#1900,.T.);
#1115=CARTESIAN_POINT('',(-2.7,3.7,-4.8));
#1116=DIRECTION('',(-0.0,1.0,0.0));
#1117=DIRECTION('',(1.0,0.0,0.0));
#1118=ORIENTED_EDGE('',*,*,#1930,.T.);
#1119=ORIENTED_EDGE('',*,*,#1917,.F.);
#1120=ORIENTED_EDGE('',*,*,#1931,.F.);
#1121=ORIENTED_EDGE('',*,*,#1821,.T.);
#1122=CARTESIAN_POINT('',(1.8,12.8,3.9));
#1123=DIRECTION('',(1.0,0.0,0.0));
#1124=DIRECTION('',(0.0,1.0,0.0));
#1125=ORIENTED_EDGE('',*,*,#1931,.T.);
#1126=ORIENTED_EDGE('',*,*,#1916,.F.);
#1127=ORIENTED_EDGE('',*,*,#1932,.F.);
#1128=ORIENTED_EDGE('',*,*,#1818,.T.);
#1129=CARTESIAN_POINT('',(-1.8,12.8,3.9));
#1130=DIRECTION('',(0.0,0.0,1.0));
#1131=DIRECTION('',(1.0,0.0,0.0));
#1132=ORIENTED_EDGE('',*,*,#1932,.T.);
#1133=ORIENTED_EDGE('',*,*,#1915,.F.);
#1134=ORIENTED_EDGE('',*,*,#1933,.F.);
#1135=ORIENTED_EDGE('',*,*,#1819,.T.);
#1136=CARTESIAN_POINT('',(-1.8,12.8,0.3));
#1137=DIRECTION('',(-1.0,0.0,0.0));
#1138=DIRECTION('',(0.0,0.0,1.0));
#1139=ORIENTED_EDGE('',*,*,#1933,.T.);
#1140=ORIENTED_EDGE('',*,*,#1914,.F.);
#1141=ORIENTED_EDGE('',*,*,#1930,.F.);
#1142=ORIENTED_EDGE('',*,*,#1820,.T.);
#1143=CARTESIAN_POINT('',(1.8,12.8,0.3));
#1144=DIRECTION('',(0.0,0.0,-1.0));
#1145=DIRECTION('',(0.0,-1.0,0.0));
#1146=ORIENTED_EDGE('',*,*,#1934,.T.);
#1147=ORIENTED_EDGE('',*,*,#1926,.F.);
#1148=ORIENTED_EDGE('',*,*,#1935,.F.);
#1149=ORIENTED_EDGE('',*,*,#1827,.T.);
#1150=CARTESIAN_POINT('',(1.8,12.8,-1.2));
#1151=DIRECTION('',(1.0,0.0,0.0));
#1152=DIRECTION('',(0.0,1.0,0.0));
#1153=ORIENTED_EDGE('',*,*,#1935,.T.);
#1154=ORIENTED_EDGE('',*,*,#1925,.F.);
#1155=ORIENTED_EDGE('',*,*,#1936,.F.);
#1156=ORIENTED_EDGE('',*,*,#1822,.T.);
#1157=CARTESIAN_POINT('',(0.9,12.8,-0.3));
#1158=DIRECTION('',(0.707106781186548,0.0,0.707106781186548));
#1159=DIRECTION('',(0.0,-1.0,0.0));
#1160=ORIENTED_EDGE('',*,*,#1936,.T.);
#1161=ORIENTED_EDGE('',*,*,#1924,.F.);
#1162=ORIENTED_EDGE('',*,*,#1937,.F.);
#1163=ORIENTED_EDGE('',*,*,#1823,.T.);
#1164=CARTESIAN_POINT('',(-0.9,12.8,-0.3));
#1165=DIRECTION('',(0.0,0.0,1.0));
#1166=DIRECTION('',(1.0,0.0,0.0));
#1167=ORIENTED_EDGE('',*,*,#1937,.T.);
#1168=ORIENTED_EDGE('',*,*,#1923,.F.);
#1169=ORIENTED_EDGE('',*,*,#1938,.F.);
#1170=ORIENTED_EDGE('',*,*,#1824,.T.);
#1171=CARTESIAN_POINT('',(-1.8,12.8,-1.2));
#1172=DIRECTION('',(-0.707106781186548,0.0,0.707106781186548));
#1173=DIRECTION('',(0.0,1.0,0.0));
#1174=ORIENTED_EDGE('',*,*,#1938,.T.);
#1175=ORIENTED_EDGE('',*,*,#1922,.F.);
#1176=ORIENTED_EDGE('',*,*,#1939,.F.);
#1177=ORIENTED_EDGE('',*,*,#1825,.T.);
#1178=CARTESIAN_POINT('',(-1.8,12.8,-3.9));
#1179=DIRECTION('',(-1.0,0.0,0.0));
#1180=DIRECTION('',(0.0,0.0,1.0));
#1181=ORIENTED_EDGE('',*,*,#1939,.T.);
#1182=ORIENTED_EDGE('',*,*,#1921,.F.);
#1183=ORIENTED_EDGE('',*,*,#1934,.F.);
#1184=ORIENTED_EDGE('',*,*,#1826,.T.);
#1185=CARTESIAN_POINT('',(1.8,12.8,-3.9));
#1186=DIRECTION('',(0.0,0.0,-1.0));
#1187=DIRECTION('',(0.0,-1.0,0.0));
#1188=ORIENTED_EDGE('',*,*,#1940,.F.);
#1189=ORIENTED_EDGE('',*,*,#1941,.F.);
#1190=ORIENTED_EDGE('',*,*,#1896,.T.);
#1191=ORIENTED_EDGE('',*,*,#1929,.T.);
#1192=CARTESIAN_POINT('',(0.57,4.3,-2.85));
#1193=DIRECTION('',(0.0,0.554700196225229,-0.832050294337844));
#1194=DIRECTION('',(-1.0,0.0,0.0));
#1195=ORIENTED_EDGE('',*,*,#1941,.T.);
#1196=ORIENTED_EDGE('',*,*,#1942,.F.);
#1197=ORIENTED_EDGE('',*,*,#1943,.F.);
#1198=ORIENTED_EDGE('',*,*,#1897,.T.);
#1199=CARTESIAN_POINT('',(0.57,9.2,-2.85));
#1200=DIRECTION('',(0.0,0.0,-1.0));
#1201=DIRECTION('',(0.0,-1.0,0.0));
#1202=ORIENTED_EDGE('',*,*,#1943,.T.);
#1203=ORIENTED_EDGE('',*,*,#1944,.F.);
#1204=ORIENTED_EDGE('',*,*,#1945,.F.);
#1205=ORIENTED_EDGE('',*,*,#1898,.T.);
#1206=CARTESIAN_POINT('',(0.57,9.2,-1.71));
#1207=DIRECTION('',(-0.0,1.0,0.0));
#1208=DIRECTION('',(1.0,0.0,0.0));
#1209=ORIENTED_EDGE('',*,*,#1899,.T.);
#1210=ORIENTED_EDGE('',*,*,#1945,.T.);
#1211=ORIENTED_EDGE('',*,*,#1946,.F.);
#1212=ORIENTED_EDGE('',*,*,#1927,.F.);
#1213=CARTESIAN_POINT('',(0.57,3.7,-1.71));
#1214=DIRECTION('',(0.0,0.0,1.0));
#1215=DIRECTION('',(1.0,0.0,0.0));
#1216=ORIENTED_EDGE('',*,*,#1946,.T.);
#1217=ORIENTED_EDGE('',*,*,#1944,.T.);
#1218=ORIENTED_EDGE('',*,*,#1942,.T.);
#1219=ORIENTED_EDGE('',*,*,#1940,.T.);
#1220=ORIENTED_EDGE('',*,*,#1928,.T.);
#1221=CARTESIAN_POINT('',(-0.57,0.0,0.5));
#1222=DIRECTION('',(-1.0,0.0,0.0));
#1223=DIRECTION('',(0.0,0.0,1.0));
#1224=ORIENTED_EDGE('',*,*,#1947,.T.);
#1225=ORIENTED_EDGE('',*,*,#1948,.T.);
#1226=ORIENTED_EDGE('',*,*,#1949,.T.);
#1227=ORIENTED_EDGE('',*,*,#1950,.T.);
#1228=ORIENTED_EDGE('',*,*,#1919,.T.);
#1229=CARTESIAN_POINT('',(-0.57,0.0,0.5));
#1230=DIRECTION('',(-1.0,0.0,0.0));
#1231=DIRECTION('',(0.0,0.0,1.0));
#1232=ORIENTED_EDGE('',*,*,#1951,.T.);
#1233=ORIENTED_EDGE('',*,*,#1952,.T.);
#1234=ORIENTED_EDGE('',*,*,#1953,.T.);
#1235=ORIENTED_EDGE('',*,*,#1880,.F.);
#1236=ORIENTED_EDGE('',*,*,#1954,.T.);
#1237=CARTESIAN_POINT('',(-0.57,0.0,0.5));
#1238=DIRECTION('',(-1.0,0.0,0.0));
#1239=DIRECTION('',(0.0,0.0,1.0));
#1240=ORIENTED_EDGE('',*,*,#1955,.T.);
#1241=ORIENTED_EDGE('',*,*,#1956,.T.);
#1242=ORIENTED_EDGE('',*,*,#1957,.T.);
#1243=ORIENTED_EDGE('',*,*,#1958,.T.);
#1244=ORIENTED_EDGE('',*,*,#1870,.F.);
#1245=CARTESIAN_POINT('',(-0.57,0.0,0.5));
#1246=DIRECTION('',(-1.0,0.0,0.0));
#1247=DIRECTION('',(0.0,0.0,1.0));
#1248=ORIENTED_EDGE('',*,*,#1950,.F.);
#1249=ORIENTED_EDGE('',*,*,#1959,.F.);
#1250=ORIENTED_EDGE('',*,*,#1901,.T.);
#1251=ORIENTED_EDGE('',*,*,#1920,.T.);
#1252=CARTESIAN_POINT('',(0.57,9.2,1.31));
#1253=DIRECTION('',(0.0,0.0,-1.0));
#1254=DIRECTION('',(0.0,-1.0,0.0));
#1255=ORIENTED_EDGE('',*,*,#1959,.T.);
#1256=ORIENTED_EDGE('',*,*,#1949,.F.);
#1257=ORIENTED_EDGE('',*,*,#1960,.F.);
#1258=ORIENTED_EDGE('',*,*,#1902,.T.);
#1259=CARTESIAN_POINT('',(0.57,9.2,2.45));
#1260=DIRECTION('',(-0.0,1.0,0.0));
#1261=DIRECTION('',(1.0,0.0,0.0));
#1262=ORIENTED_EDGE('',*,*,#1960,.T.);
#1263=ORIENTED_EDGE('',*,*,#1948,.F.);
#1264=ORIENTED_EDGE('',*,*,#1961,.F.);
#1265=ORIENTED_EDGE('',*,*,#1903,.T.);
#1266=CARTESIAN_POINT('',(0.57,4.3,2.45));
#1267=DIRECTION('',(0.0,0.0,1.0));
#1268=DIRECTION('',(1.0,0.0,0.0));
#1269=ORIENTED_EDGE('',*,*,#1904,.T.);
#1270=ORIENTED_EDGE('',*,*,#1961,.T.);
#1271=ORIENTED_EDGE('',*,*,#1947,.F.);
#1272=ORIENTED_EDGE('',*,*,#1918,.F.);
#1273=CARTESIAN_POINT('',(0.57,3.7,2.85));
#1274=DIRECTION('',(0.0,0.554700196225229,0.832050294337844));
#1275=DIRECTION('',(1.0,-0.0,0.0));
#1276=ORIENTED_EDGE('',*,*,#1962,.T.);
#1277=ORIENTED_EDGE('',*,*,#1954,.F.);
#1278=ORIENTED_EDGE('',*,*,#1879,.F.);
#1279=ORIENTED_EDGE('',*,*,#1909,.T.);
#1280=CARTESIAN_POINT('',(0.57,3.7,2.25));
#1281=DIRECTION('',(0.0,0.0,-1.0));
#1282=DIRECTION('',(0.0,-1.0,0.0));
#1283=ORIENTED_EDGE('',*,*,#1963,.T.);
#1284=ORIENTED_EDGE('',*,*,#1951,.F.);
#1285=ORIENTED_EDGE('',*,*,#1962,.F.);
#1286=ORIENTED_EDGE('',*,*,#1908,.T.);
#1287=CARTESIAN_POINT('',(0.57,-2.23,2.25));
#1288=DIRECTION('',(0.0,-0.327366091684905,-0.944897582817815));
#1289=DIRECTION('',(0.0,-0.944897582817815,0.327366091684905));
#1290=ORIENTED_EDGE('',*,*,#1964,.T.);
#1291=ORIENTED_EDGE('',*,*,#1952,.F.);
#1292=ORIENTED_EDGE('',*,*,#1963,.F.);
#1293=ORIENTED_EDGE('',*,*,#1907,.T.);
#1294=CARTESIAN_POINT('',(0.57,-3.5,2.69));
#1295=DIRECTION('',(0.0,-1.0,0.0));
#1296=DIRECTION('',(0.0,0.0,-1.0));
#1297=ORIENTED_EDGE('',*,*,#1881,.T.);
#1298=ORIENTED_EDGE('',*,*,#1953,.F.);
#1299=ORIENTED_EDGE('',*,*,#1964,.F.);
#1300=ORIENTED_EDGE('',*,*,#1906,.T.);
#1301=CARTESIAN_POINT('',(0.57,-3.5,2.85));
#1302=DIRECTION('',(0.0,0.0,1.0));
#1303=DIRECTION('',(1.0,0.0,0.0));
#1304=ORIENTED_EDGE('',*,*,#1958,.F.);
#1305=ORIENTED_EDGE('',*,*,#1965,.F.);
#1306=ORIENTED_EDGE('',*,*,#1910,.T.);
#1307=ORIENTED_EDGE('',*,*,#1871,.T.);
#1308=CARTESIAN_POINT('',(0.57,-2.23,-2.65));
#1309=DIRECTION('',(0.0,0.0,1.0));
#1310=DIRECTION('',(1.0,0.0,0.0));
#1311=ORIENTED_EDGE('',*,*,#1965,.T.);
#1312=ORIENTED_EDGE('',*,*,#1957,.F.);
#1313=ORIENTED_EDGE('',*,*,#1966,.F.);
#1314=ORIENTED_EDGE('',*,*,#1911,.T.);
#1315=CARTESIAN_POINT('',(0.57,-3.5,-3.09));
#1316=DIRECTION('',(0.0,-0.327366091684905,0.944897582817815));
#1317=DIRECTION('',(-1.0,0.0,0.0));
#1318=ORIENTED_EDGE('',*,*,#1966,.T.);
#1319=ORIENTED_EDGE('',*,*,#1956,.F.);
#1320=ORIENTED_EDGE('',*,*,#1967,.F.);
#1321=ORIENTED_EDGE('',*,*,#1912,.T.);
#1322=CARTESIAN_POINT('',(0.57,-3.5,-3.25));
#1323=DIRECTION('',(0.0,-1.0,0.0));
#1324=DIRECTION('',(0.0,0.0,-1.0));
#1325=ORIENTED_EDGE('',*,*,#1913,.T.);
#1326=ORIENTED_EDGE('',*,*,#1967,.T.);
#1327=ORIENTED_EDGE('',*,*,#1955,.F.);
#1328=ORIENTED_EDGE('',*,*,#1869,.F.);
#1329=CARTESIAN_POINT('',(0.57,3.7,-3.25));
#1330=DIRECTION('',(0.0,0.0,-1.0));
#1331=DIRECTION('',(0.0,-1.0,0.0));
#1332=ORIENTED_EDGE('',*,*,#1968,.T.);
#1333=ORIENTED_EDGE('',*,*,#1969,.T.);
#1334=ORIENTED_EDGE('',*,*,#1828,.T.);
#1335=ORIENTED_EDGE('',*,*,#1835,.T.);
#1336=CARTESIAN_POINT('',(1.7,0.0,0.0));
#1337=DIRECTION('',(1.0,0.0,0.0));
#1338=DIRECTION('',(0.0,1.0,0.0));
#1339=ORIENTED_EDGE('',*,*,#1829,.T.);
#1340=ORIENTED_EDGE('',*,*,#1969,.F.);
#1341=ORIENTED_EDGE('',*,*,#1970,.F.);
#1342=ORIENTED_EDGE('',*,*,#1831,.T.);
#1343=CARTESIAN_POINT('',(-1.7,9.75,-6.2));
#1344=DIRECTION('',(0.0,0.0,-1.0));
#1345=DIRECTION('',(0.0,-1.0,0.0));
#1346=ORIENTED_EDGE('',*,*,#1832,.T.);
#1347=ORIENTED_EDGE('',*,*,#1970,.T.);
#1348=ORIENTED_EDGE('',*,*,#1968,.F.);
#1349=ORIENTED_EDGE('',*,*,#1834,.F.);
#1350=CARTESIAN_POINT('',(-1.7,9.75,-4.8));
#1351=DIRECTION('',(0.0,-1.0,0.0));
#1352=DIRECTION('',(0.0,0.0,-1.0));
#1353=ORIENTED_EDGE('',*,*,#1768,.T.);
#1354=ORIENTED_EDGE('',*,*,#1814,.T.);
#1355=ORIENTED_EDGE('',*,*,#1971,.T.);
#1356=ORIENTED_EDGE('',*,*,#1972,.F.);
#1357=CARTESIAN_POINT('',(-2.7,12.8,-1.59));
#1358=DIRECTION('',(-0.707106781186548,0.0,0.707106781186548));
#1359=DIRECTION('',(0.0,1.0,0.0));
#1360=ORIENTED_EDGE('',*,*,#1973,.F.);
#1361=ORIENTED_EDGE('',*,*,#1974,.F.);
#1362=ORIENTED_EDGE('',*,*,#1802,.T.);
#1363=ORIENTED_EDGE('',*,*,#1975,.F.);
#1364=ORIENTED_EDGE('',*,*,#1976,.F.);
#1365=ORIENTED_EDGE('',*,*,#1977,.F.);
#1366=CARTESIAN_POINT('',(-2.7,4.8,-4.8));
#1367=DIRECTION('',(0.0,-1.0,0.0));
#1368=DIRECTION('',(0.0,0.0,-1.0));
#1369=ORIENTED_EDGE('',*,*,#1978,.F.);
#1370=ORIENTED_EDGE('',*,*,#1769,.F.);
#1371=ORIENTED_EDGE('',*,*,#1972,.T.);
#1372=ORIENTED_EDGE('',*,*,#1979,.T.);
#1373=ORIENTED_EDGE('',*,*,#1980,.T.);
#1374=ORIENTED_EDGE('',*,*,#1773,.F.);
#1375=ORIENTED_EDGE('',*,*,#1981,.F.);
#1376=ORIENTED_EDGE('',*,*,#1982,.F.);
#1377=ORIENTED_EDGE('',*,*,#1983,.T.);
#1378=ORIENTED_EDGE('',*,*,#1984,.F.);
#1379=CARTESIAN_POINT('',(-2.7,4.8,-4.8));
#1380=DIRECTION('',(0.0,-1.0,0.0));
#1381=DIRECTION('',(0.0,0.0,-1.0));
#1382=ORIENTED_EDGE('',*,*,#1985,.T.);
#1383=ORIENTED_EDGE('',*,*,#1986,.F.);
#1384=ORIENTED_EDGE('',*,*,#1987,.T.);
#1385=ORIENTED_EDGE('',*,*,#1988,.F.);
#1386=ORIENTED_EDGE('',*,*,#1977,.T.);
#1387=ORIENTED_EDGE('',*,*,#1989,.T.);
#1388=ORIENTED_EDGE('',*,*,#1990,.T.);
#1389=ORIENTED_EDGE('',*,*,#1991,.T.);
#1390=CARTESIAN_POINT('',(6.088936325,4.8,5.9));
#1391=DIRECTION('',(-1.0,0.0,0.0));
#1392=DIRECTION('',(0.0,0.0,1.0));
#1393=ORIENTED_EDGE('',*,*,#1992,.T.);
#1394=ORIENTED_EDGE('',*,*,#1993,.T.);
#1395=ORIENTED_EDGE('',*,*,#1994,.T.);
#1396=ORIENTED_EDGE('',*,*,#1991,.F.);
#1397=ORIENTED_EDGE('',*,*,#1995,.T.);
#1398=ORIENTED_EDGE('',*,*,#1996,.T.);
#1399=CARTESIAN_POINT('',(2.7,-3.3,-1.89));
#1400=DIRECTION('',(0.0,0.0,1.0));
#1401=DIRECTION('',(1.0,0.0,0.0));
#1402=ORIENTED_EDGE('',*,*,#1997,.F.);
#1403=ORIENTED_EDGE('',*,*,#1998,.F.);
#1404=ORIENTED_EDGE('',*,*,#1999,.T.);
#1405=ORIENTED_EDGE('',*,*,#1996,.F.);
#1406=CARTESIAN_POINT('',(-2.7,-3.3,4.8));
#1407=DIRECTION('',(0.0,-1.0,0.0));
#1408=DIRECTION('',(0.0,0.0,-1.0));
#1409=ORIENTED_EDGE('',*,*,#2000,.T.);
#1410=ORIENTED_EDGE('',*,*,#2001,.F.);
#1411=ORIENTED_EDGE('',*,*,#2002,.F.);
#1412=ORIENTED_EDGE('',*,*,#2003,.T.);
#1413=CARTESIAN_POINT('',(-2.7,-3.3,4.8));
#1414=DIRECTION('',(0.0,-1.0,0.0));
#1415=DIRECTION('',(0.0,0.0,-1.0));
#1416=ORIENTED_EDGE('',*,*,#2004,.F.);
#1417=ORIENTED_EDGE('',*,*,#2005,.F.);
#1418=ORIENTED_EDGE('',*,*,#2006,.T.);
#1419=ORIENTED_EDGE('',*,*,#2007,.T.);
#1420=CARTESIAN_POINT('',(-2.7,-3.3,4.8));
#1421=DIRECTION('',(0.0,-1.0,0.0));
#1422=DIRECTION('',(0.0,0.0,-1.0));
#1423=ORIENTED_EDGE('',*,*,#2008,.T.);
#1424=ORIENTED_EDGE('',*,*,#2009,.F.);
#1425=ORIENTED_EDGE('',*,*,#2010,.F.);
#1426=ORIENTED_EDGE('',*,*,#2011,.F.);
#1427=CARTESIAN_POINT('',(-2.7,-3.3,4.8));
#1428=DIRECTION('',(0.0,-1.0,0.0));
#1429=DIRECTION('',(0.0,0.0,-1.0));
#1430=ORIENTED_EDGE('',*,*,#1999,.F.);
#1431=ORIENTED_EDGE('',*,*,#2012,.T.);
#1432=ORIENTED_EDGE('',*,*,#2013,.T.);
#1433=ORIENTED_EDGE('',*,*,#2014,.T.);
#1434=ORIENTED_EDGE('',*,*,#2015,.T.);
#1435=ORIENTED_EDGE('',*,*,#1992,.F.);
#1436=CARTESIAN_POINT('',(3.911063675,-3.3,5.9));
#1437=DIRECTION('',(0.924553242658331,0.381052885424013,0.0));
#1438=DIRECTION('',(0.0,0.0,-1.0));
#1439=ORIENTED_EDGE('',*,*,#2016,.T.);
#1440=ORIENTED_EDGE('',*,*,#2017,.T.);
#1441=ORIENTED_EDGE('',*,*,#2018,.T.);
#1442=ORIENTED_EDGE('',*,*,#2019,.T.);
#1443=ORIENTED_EDGE('',*,*,#2000,.F.);
#1444=ORIENTED_EDGE('',*,*,#2020,.T.);
#1445=CARTESIAN_POINT('',(3.911063675,-3.3,5.9));
#1446=DIRECTION('',(0.924553242658331,0.381052885424013,0.0));
#1447=DIRECTION('',(0.0,0.0,-1.0));
#1448=ORIENTED_EDGE('',*,*,#2015,.F.);
#1449=ORIENTED_EDGE('',*,*,#2021,.F.);
#1450=ORIENTED_EDGE('',*,*,#2022,.T.);
#1451=ORIENTED_EDGE('',*,*,#2023,.T.);
#1452=ORIENTED_EDGE('',*,*,#2016,.F.);
#1453=ORIENTED_EDGE('',*,*,#2024,.T.);
#1454=ORIENTED_EDGE('',*,*,#2025,.F.);
#1455=ORIENTED_EDGE('',*,*,#1993,.F.);
#1456=CARTESIAN_POINT('',(3.4,-2.06,5.9));
#1457=DIRECTION('',(1.0,0.0,0.0));
#1458=DIRECTION('',(0.0,1.0,0.0));
#1459=ORIENTED_EDGE('',*,*,#1994,.F.);
#1460=ORIENTED_EDGE('',*,*,#2025,.T.);
#1461=ORIENTED_EDGE('',*,*,#2026,.T.);
#1462=ORIENTED_EDGE('',*,*,#1985,.F.);
#1463=CARTESIAN_POINT('',(2.7,1.3,-2.49));
#1464=DIRECTION('',(1.0,-0.0,0.0));
#1465=DIRECTION('',(0.0,0.0,1.0));
#1466=ORIENTED_EDGE('',*,*,#2027,.F.);
#1467=ORIENTED_EDGE('',*,*,#1986,.T.);
#1468=ORIENTED_EDGE('',*,*,#2026,.F.);
#1469=ORIENTED_EDGE('',*,*,#2024,.F.);
#1470=ORIENTED_EDGE('',*,*,#2020,.F.);
#1471=ORIENTED_EDGE('',*,*,#2003,.F.);
#1472=CARTESIAN_POINT('',(2.7,1.3,-3.09));
#1473=DIRECTION('',(0.0,0.0,-1.0));
#1474=DIRECTION('',(0.0,-1.0,0.0));
#1475=ORIENTED_EDGE('',*,*,#1990,.F.);
#1476=ORIENTED_EDGE('',*,*,#2028,.F.);
#1477=ORIENTED_EDGE('',*,*,#2029,.T.);
#1478=ORIENTED_EDGE('',*,*,#2030,.T.);
#1479=ORIENTED_EDGE('',*,*,#1997,.T.);
#1480=ORIENTED_EDGE('',*,*,#1995,.F.);
#1481=CARTESIAN_POINT('',(6.088936325,-2.06,5.9));
#1482=DIRECTION('',(-0.900159251415503,0.435560928104302,0.0));
#1483=DIRECTION('',(0.0,0.0,1.0));
#1484=ORIENTED_EDGE('',*,*,#2002,.T.);
#1485=ORIENTED_EDGE('',*,*,#2031,.T.);
#1486=ORIENTED_EDGE('',*,*,#2032,.T.);
#1487=ORIENTED_EDGE('',*,*,#2033,.F.);
#1488=ORIENTED_EDGE('',*,*,#1987,.F.);
#1489=ORIENTED_EDGE('',*,*,#2027,.T.);
#1490=CARTESIAN_POINT('',(6.088936325,-2.06,5.9));
#1491=DIRECTION('',(-0.900159251415503,0.435560928104302,0.0));
#1492=DIRECTION('',(0.0,0.0,1.0));
#1493=ORIENTED_EDGE('',*,*,#2012,.F.);
#1494=ORIENTED_EDGE('',*,*,#1998,.T.);
#1495=ORIENTED_EDGE('',*,*,#2030,.F.);
#1496=ORIENTED_EDGE('',*,*,#2034,.T.);
#1497=CARTESIAN_POINT('',(4.7,-2.805,-2.49));
#1498=DIRECTION('',(-0.0,1.0,-0.0));
#1499=DIRECTION('',(1.0,0.0,0.0));
#1500=ORIENTED_EDGE('',*,*,#2029,.F.);
#1501=ORIENTED_EDGE('',*,*,#2035,.T.);
#1502=ORIENTED_EDGE('',*,*,#2013,.F.);
#1503=ORIENTED_EDGE('',*,*,#2034,.F.);
#1504=CARTESIAN_POINT('',(4.7,28.30661819417,-2.49));
#1505=DIRECTION('',(0.0,1.0,-0.0));
#1506=DIRECTION('',(-1.0,0.0,0.0));
#1507=ORIENTED_EDGE('',*,*,#2028,.T.);
#1508=ORIENTED_EDGE('',*,*,#2036,.T.);
#1509=ORIENTED_EDGE('',*,*,#2014,.F.);
#1510=ORIENTED_EDGE('',*,*,#2035,.F.);
#1511=CARTESIAN_POINT('',(4.7,-2.06,-2.49));
#1512=DIRECTION('',(0.0,-1.0,0.0));
#1513=DIRECTION('',(0.0,0.0,-1.0));
#1514=ORIENTED_EDGE('',*,*,#2017,.F.);
#1515=ORIENTED_EDGE('',*,*,#2037,.T.);
#1516=ORIENTED_EDGE('',*,*,#2033,.T.);
#1517=ORIENTED_EDGE('',*,*,#2038,.T.);
#1518=CARTESIAN_POINT('',(4.7,-2.06,-2.49));
#1519=DIRECTION('',(0.0,-1.0,0.0));
#1520=DIRECTION('',(0.0,0.0,-1.0));
#1521=ORIENTED_EDGE('',*,*,#2023,.F.);
#1522=ORIENTED_EDGE('',*,*,#2039,.F.);
#1523=ORIENTED_EDGE('',*,*,#1973,.T.);
#1524=ORIENTED_EDGE('',*,*,#1988,.T.);
#1525=ORIENTED_EDGE('',*,*,#2037,.F.);
#1526=CARTESIAN_POINT('',(4.7,4.8,-2.49));
#1527=DIRECTION('',(0.0,1.0,-0.0));
#1528=DIRECTION('',(1.0,0.0,0.0));
#1529=ORIENTED_EDGE('',*,*,#1989,.F.);
#1530=ORIENTED_EDGE('',*,*,#1976,.T.);
#1531=ORIENTED_EDGE('',*,*,#2040,.T.);
#1532=ORIENTED_EDGE('',*,*,#2021,.T.);
#1533=ORIENTED_EDGE('',*,*,#2036,.F.);
#1534=CARTESIAN_POINT('',(4.7,4.8,-2.49));
#1535=DIRECTION('',(0.0,1.0,-0.0));
#1536=DIRECTION('',(1.0,0.0,0.0));
#1537=ORIENTED_EDGE('',*,*,#1803,.F.);
#1538=ORIENTED_EDGE('',*,*,#1974,.T.);
#1539=ORIENTED_EDGE('',*,*,#2039,.T.);
#1540=ORIENTED_EDGE('',*,*,#2041,.T.);
#1541=CARTESIAN_POINT('',(3.085005172276,4.8,-3.625005172276));
#1542=DIRECTION('',(0.0,1.0,-0.0));
#1543=DIRECTION('',(1.0,0.0,0.0));
#1544=ORIENTED_EDGE('',*,*,#1804,.T.);
#1545=ORIENTED_EDGE('',*,*,#2041,.F.);
#1546=ORIENTED_EDGE('',*,*,#2022,.F.);
#1547=ORIENTED_EDGE('',*,*,#2042,.F.);
#1548=CARTESIAN_POINT('',(-2.7,2.7,4.8));
#1549=DIRECTION('',(0.0,-1.0,0.0));
#1550=DIRECTION('',(0.0,0.0,-1.0));
#1551=ORIENTED_EDGE('',*,*,#1771,.T.);
#1552=ORIENTED_EDGE('',*,*,#2043,.F.);
#1553=ORIENTED_EDGE('',*,*,#2044,.T.);
#1554=ORIENTED_EDGE('',*,*,#2045,.F.);
#1555=CARTESIAN_POINT('',(-2.7,2.7,4.8));
#1556=DIRECTION('',(0.0,-1.0,0.0));
#1557=DIRECTION('',(0.0,0.0,-1.0));
#1558=ORIENTED_EDGE('',*,*,#2040,.F.);
#1559=ORIENTED_EDGE('',*,*,#1975,.T.);
#1560=ORIENTED_EDGE('',*,*,#1805,.T.);
#1561=ORIENTED_EDGE('',*,*,#2042,.T.);
#1562=CARTESIAN_POINT('',(3.085005172276,4.8,-1.354994827724));
#1563=DIRECTION('',(0.0,1.0,-0.0));
#1564=DIRECTION('',(1.0,0.0,0.0));
#1565=ORIENTED_EDGE('',*,*,#2046,.F.);
#1566=ORIENTED_EDGE('',*,*,#1981,.T.);
#1567=ORIENTED_EDGE('',*,*,#1772,.T.);
#1568=ORIENTED_EDGE('',*,*,#2045,.T.);
#1569=CARTESIAN_POINT('',(-3.085005172276,4.8,-3.625005172276));
#1570=DIRECTION('',(0.0,1.0,-0.0));
#1571=DIRECTION('',(1.0,0.0,0.0));
#1572=ORIENTED_EDGE('',*,*,#2047,.T.);
#1573=ORIENTED_EDGE('',*,*,#2048,.F.);
#1574=ORIENTED_EDGE('',*,*,#2049,.F.);
#1575=ORIENTED_EDGE('',*,*,#2050,.F.);
#1576=ORIENTED_EDGE('',*,*,#1984,.T.);
#1577=CARTESIAN_POINT('',(-4.7,4.8,-2.49));
#1578=DIRECTION('',(0.0,1.0,-0.0));
#1579=DIRECTION('',(1.0,0.0,0.0));
#1580=ORIENTED_EDGE('',*,*,#2046,.T.);
#1581=ORIENTED_EDGE('',*,*,#2051,.T.);
#1582=ORIENTED_EDGE('',*,*,#2052,.F.);
#1583=ORIENTED_EDGE('',*,*,#2053,.F.);
#1584=ORIENTED_EDGE('',*,*,#1982,.T.);
#1585=CARTESIAN_POINT('',(-4.7,4.8,-2.49));
#1586=DIRECTION('',(0.0,1.0,-0.0));
#1587=DIRECTION('',(1.0,0.0,0.0));
#1588=ORIENTED_EDGE('',*,*,#1770,.F.);
#1589=ORIENTED_EDGE('',*,*,#1978,.T.);
#1590=ORIENTED_EDGE('',*,*,#2050,.T.);
#1591=ORIENTED_EDGE('',*,*,#2043,.T.);
#1592=CARTESIAN_POINT('',(-3.085005172276,4.8,-1.354994827724));
#1593=DIRECTION('',(0.0,1.0,-0.0));
#1594=DIRECTION('',(1.0,0.0,0.0));
#1595=ORIENTED_EDGE('',*,*,#2054,.F.);
#1596=ORIENTED_EDGE('',*,*,#2055,.T.);
#1597=ORIENTED_EDGE('',*,*,#2051,.F.);
#1598=ORIENTED_EDGE('',*,*,#2044,.F.);
#1599=ORIENTED_EDGE('',*,*,#2049,.T.);
#1600=ORIENTED_EDGE('',*,*,#2056,.T.);
#1601=ORIENTED_EDGE('',*,*,#2057,.T.);
#1602=ORIENTED_EDGE('',*,*,#2058,.F.);
#1603=CARTESIAN_POINT('',(-3.4,2.7,5.9));
#1604=DIRECTION('',(-1.0,0.0,0.0));
#1605=DIRECTION('',(0.0,0.0,1.0));
#1606=ORIENTED_EDGE('',*,*,#2058,.T.);
#1607=ORIENTED_EDGE('',*,*,#2059,.T.);
#1608=ORIENTED_EDGE('',*,*,#2060,.F.);
#1609=ORIENTED_EDGE('',*,*,#2061,.F.);
#1610=CARTESIAN_POINT('',(-2.7,1.3,-2.49));
#1611=DIRECTION('',(-1.0,0.0,-0.0));
#1612=DIRECTION('',(0.0,0.0,-1.0));
#1613=ORIENTED_EDGE('',*,*,#2062,.F.);
#1614=ORIENTED_EDGE('',*,*,#2054,.T.);
#1615=ORIENTED_EDGE('',*,*,#2061,.T.);
#1616=ORIENTED_EDGE('',*,*,#2063,.F.);
#1617=ORIENTED_EDGE('',*,*,#2064,.F.);
#1618=ORIENTED_EDGE('',*,*,#2011,.T.);
#1619=CARTESIAN_POINT('',(-2.7,-3.3,-3.09));
#1620=DIRECTION('',(0.0,0.0,-1.0));
#1621=DIRECTION('',(0.0,-1.0,0.0));
#1622=ORIENTED_EDGE('',*,*,#2006,.F.);
#1623=ORIENTED_EDGE('',*,*,#2065,.T.);
#1624=ORIENTED_EDGE('',*,*,#2066,.T.);
#1625=ORIENTED_EDGE('',*,*,#2067,.T.);
#1626=ORIENTED_EDGE('',*,*,#2068,.T.);
#1627=ORIENTED_EDGE('',*,*,#2069,.F.);
#1628=CARTESIAN_POINT('',(-5.488936325,-3.3,5.9));
#1629=DIRECTION('',(0.900159251415503,0.435560928104302,0.0));
#1630=DIRECTION('',(0.0,0.0,-1.0));
#1631=ORIENTED_EDGE('',*,*,#2070,.T.);
#1632=ORIENTED_EDGE('',*,*,#2071,.T.);
#1633=ORIENTED_EDGE('',*,*,#2072,.T.);
#1634=ORIENTED_EDGE('',*,*,#2073,.T.);
#1635=ORIENTED_EDGE('',*,*,#2008,.F.);
#1636=ORIENTED_EDGE('',*,*,#2064,.T.);
#1637=CARTESIAN_POINT('',(-5.488936325,-3.3,5.9));
#1638=DIRECTION('',(0.900159251415503,0.435560928104302,0.0));
#1639=DIRECTION('',(0.0,0.0,-1.0));
#1640=ORIENTED_EDGE('',*,*,#2069,.T.);
#1641=ORIENTED_EDGE('',*,*,#2074,.T.);
#1642=ORIENTED_EDGE('',*,*,#2059,.F.);
#1643=ORIENTED_EDGE('',*,*,#2057,.F.);
#1644=ORIENTED_EDGE('',*,*,#2075,.T.);
#1645=ORIENTED_EDGE('',*,*,#2007,.F.);
#1646=CARTESIAN_POINT('',(-2.7,1.3,-1.89));
#1647=DIRECTION('',(0.0,0.0,1.0));
#1648=DIRECTION('',(1.0,0.0,0.0));
#1649=ORIENTED_EDGE('',*,*,#2056,.F.);
#1650=ORIENTED_EDGE('',*,*,#2076,.F.);
#1651=ORIENTED_EDGE('',*,*,#2077,.T.);
#1652=ORIENTED_EDGE('',*,*,#2078,.T.);
#1653=ORIENTED_EDGE('',*,*,#2004,.T.);
#1654=ORIENTED_EDGE('',*,*,#2075,.F.);
#1655=CARTESIAN_POINT('',(-3.4,-2.06,5.9));
#1656=DIRECTION('',(-0.924553242658331,0.381052885424013,0.0));
#1657=DIRECTION('',(0.0,0.0,1.0));
#1658=ORIENTED_EDGE('',*,*,#2010,.T.);
#1659=ORIENTED_EDGE('',*,*,#2079,.T.);
#1660=ORIENTED_EDGE('',*,*,#2080,.T.);
#1661=ORIENTED_EDGE('',*,*,#2081,.F.);
#1662=ORIENTED_EDGE('',*,*,#2055,.F.);
#1663=ORIENTED_EDGE('',*,*,#2062,.T.);
#1664=CARTESIAN_POINT('',(-3.4,-2.06,5.9));
#1665=DIRECTION('',(-0.924553242658331,0.381052885424013,0.0));
#1666=DIRECTION('',(0.0,0.0,1.0));
#1667=ORIENTED_EDGE('',*,*,#2065,.F.);
#1668=ORIENTED_EDGE('',*,*,#2005,.T.);
#1669=ORIENTED_EDGE('',*,*,#2078,.F.);
#1670=ORIENTED_EDGE('',*,*,#2082,.T.);
#1671=CARTESIAN_POINT('',(-4.7,-2.805,-2.49));
#1672=DIRECTION('',(-0.0,1.0,-0.0));
#1673=DIRECTION('',(1.0,0.0,0.0));
#1674=ORIENTED_EDGE('',*,*,#2077,.F.);
#1675=ORIENTED_EDGE('',*,*,#2083,.T.);
#1676=ORIENTED_EDGE('',*,*,#2066,.F.);
#1677=ORIENTED_EDGE('',*,*,#2082,.F.);
#1678=CARTESIAN_POINT('',(-4.7,28.14425852187,-2.49));
#1679=DIRECTION('',(0.0,1.0,-0.0));
#1680=DIRECTION('',(-1.0,0.0,0.0));
#1681=ORIENTED_EDGE('',*,*,#2076,.T.);
#1682=ORIENTED_EDGE('',*,*,#2048,.T.);
#1683=ORIENTED_EDGE('',*,*,#2067,.F.);
#1684=ORIENTED_EDGE('',*,*,#2083,.F.);
#1685=CARTESIAN_POINT('',(-4.7,-2.06,-2.49));
#1686=DIRECTION('',(0.0,-1.0,0.0));
#1687=DIRECTION('',(0.0,0.0,-1.0));
#1688=ORIENTED_EDGE('',*,*,#2071,.F.);
#1689=ORIENTED_EDGE('',*,*,#2052,.T.);
#1690=ORIENTED_EDGE('',*,*,#2081,.T.);
#1691=ORIENTED_EDGE('',*,*,#2084,.T.);
#1692=CARTESIAN_POINT('',(-4.7,-2.06,-2.49));
#1693=DIRECTION('',(0.0,-1.0,0.0));
#1694=DIRECTION('',(0.0,0.0,-1.0));
#1695=ORIENTED_EDGE('',*,*,#2072,.F.);
#1696=ORIENTED_EDGE('',*,*,#2084,.F.);
#1697=ORIENTED_EDGE('',*,*,#2080,.F.);
#1698=ORIENTED_EDGE('',*,*,#2085,.T.);
#1699=CARTESIAN_POINT('',(-4.7,28.14425852187,-2.49));
#1700=DIRECTION('',(0.0,1.0,-0.0));
#1701=DIRECTION('',(-1.0,0.0,0.0));
#1702=ORIENTED_EDGE('',*,*,#2079,.F.);
#1703=ORIENTED_EDGE('',*,*,#2009,.T.);
#1704=ORIENTED_EDGE('',*,*,#2073,.F.);
#1705=ORIENTED_EDGE('',*,*,#2085,.F.);
#1706=CARTESIAN_POINT('',(-4.7,-2.805,-2.49));
#1707=DIRECTION('',(-0.0,1.0,-0.0));
#1708=DIRECTION('',(1.0,0.0,0.0));
#1709=ORIENTED_EDGE('',*,*,#2074,.F.);
#1710=ORIENTED_EDGE('',*,*,#2068,.F.);
#1711=ORIENTED_EDGE('',*,*,#2047,.F.);
#1712=ORIENTED_EDGE('',*,*,#1983,.F.);
#1713=ORIENTED_EDGE('',*,*,#2053,.T.);
#1714=ORIENTED_EDGE('',*,*,#2070,.F.);
#1715=ORIENTED_EDGE('',*,*,#2063,.T.);
#1716=ORIENTED_EDGE('',*,*,#2060,.T.);
#1717=CARTESIAN_POINT('',(-6.088936325,-2.06,5.9));
#1718=DIRECTION('',(1.0,0.0,0.0));
#1719=DIRECTION('',(0.0,1.0,0.0));
#1720=ORIENTED_EDGE('',*,*,#2018,.F.);
#1721=ORIENTED_EDGE('',*,*,#2038,.F.);
#1722=ORIENTED_EDGE('',*,*,#2032,.F.);
#1723=ORIENTED_EDGE('',*,*,#2086,.T.);
#1724=CARTESIAN_POINT('',(4.7,28.30661819417,-2.49));
#1725=DIRECTION('',(0.0,1.0,-0.0));
#1726=DIRECTION('',(-1.0,0.0,0.0));
#1727=ORIENTED_EDGE('',*,*,#2031,.F.);
#1728=ORIENTED_EDGE('',*,*,#2001,.T.);
#1729=ORIENTED_EDGE('',*,*,#2019,.F.);
#1730=ORIENTED_EDGE('',*,*,#2086,.F.);
#1731=CARTESIAN_POINT('',(4.7,-2.805,-2.49));
#1732=DIRECTION('',(-0.0,1.0,-0.0));
#1733=DIRECTION('',(1.0,0.0,0.0));
#1734=ORIENTED_EDGE('',*,*,#2087,.F.);
#1735=ORIENTED_EDGE('',*,*,#1812,.T.);
#1736=ORIENTED_EDGE('',*,*,#1774,.F.);
#1737=ORIENTED_EDGE('',*,*,#1980,.F.);
#1738=CARTESIAN_POINT('',(-3.1,12.8,-2.99));
#1739=DIRECTION('',(-0.707106781186548,0.0,-0.707106781186548));
#1740=DIRECTION('',(-0.707106781186548,0.0,0.707106781186548));
#1741=ORIENTED_EDGE('',*,*,#1971,.F.);
#1742=ORIENTED_EDGE('',*,*,#1813,.T.);
#1743=ORIENTED_EDGE('',*,*,#2087,.T.);
#1744=ORIENTED_EDGE('',*,*,#1979,.F.);
#1745=CARTESIAN_POINT('',(-3.1,12.8,-1.99));
#1746=DIRECTION('',(-1.0,0.0,0.0));
#1747=DIRECTION('',(0.0,0.0,1.0));
#1748=AXIS2_PLACEMENT_3D('',#2088,#2089,#2090);
#1749=AXIS2_PLACEMENT_3D('',#2091,#2092,#2093);
#1750=AXIS2_PLACEMENT_3D('',#2094,#2095,#2096);
#1751=AXIS2_PLACEMENT_3D('',#2097,#2098,#2099);
#1752=AXIS2_PLACEMENT_3D('',#2100,#2101,#2102);
#1753=AXIS2_PLACEMENT_3D('',#2103,#2104,#2105);
#1754=AXIS2_PLACEMENT_3D('',#2106,#2107,#2108);
#1755=AXIS2_PLACEMENT_3D('',#2109,#2110,#2111);
#1756=CARTESIAN_POINT('',(-4.7,-2.06,-2.49));
#1757=VECTOR('',#2112,1.24);
#1758=CARTESIAN_POINT('',(4.7,-2.06,-2.49));
#1759=VECTOR('',#2113,1.24);
#1760=EDGE_CURVE('',#2114,#2115,#2116,.T.);
#1761=EDGE_CURVE('',#2114,#2117,#2118,.T.);
#1762=EDGE_CURVE('',#2117,#2119,#2120,.T.);
#1763=EDGE_CURVE('',#2115,#2119,#2121,.T.);
#1764=EDGE_CURVE('',#2122,#2123,#2124,.T.);
#1765=EDGE_CURVE('',#2125,#2122,#2126,.T.);
#1766=EDGE_CURVE('',#2127,#2125,#2128,.T.);
#1767=EDGE_CURVE('',#2129,#2127,#2130,.T.);
#1768=EDGE_CURVE('',#2131,#2129,#2132,.T.);
#1769=EDGE_CURVE('',#2131,#2133,#2134,.T.);
#1770=EDGE_CURVE('',#2133,#2135,#2136,.T.);
#1771=EDGE_CURVE('',#2137,#2135,#2138,.T.);
#1772=EDGE_CURVE('',#2139,#2137,#2140,.T.);
#1773=EDGE_CURVE('',#2139,#2141,#2142,.T.);
#1774=EDGE_CURVE('',#2141,#2143,#2144,.T.);
#1775=EDGE_CURVE('',#2145,#2143,#2146,.T.);
#1776=EDGE_CURVE('',#2147,#2145,#2148,.T.);
#1777=EDGE_CURVE('',#2149,#2147,#2150,.T.);
#1778=EDGE_CURVE('',#2149,#2151,#2152,.T.);
#1779=EDGE_CURVE('',#2123,#2151,#2153,.T.);
#1780=EDGE_CURVE('',#2154,#2115,#2155,.T.);
#1781=EDGE_CURVE('',#2119,#2156,#2157,.T.);
#1782=EDGE_CURVE('',#2156,#2158,#2159,.T.);
#1783=EDGE_CURVE('',#2160,#2158,#2161,.T.);
#1784=EDGE_CURVE('',#2160,#2162,#2163,.T.);
#1785=EDGE_CURVE('',#2162,#2164,#2165,.T.);
#1786=EDGE_CURVE('',#2164,#2166,#2167,.T.);
#1787=EDGE_CURVE('',#2168,#2166,#2169,.T.);
#1788=EDGE_CURVE('',#2168,#2170,#2171,.T.);
#1789=EDGE_CURVE('',#2170,#2154,#2172,.T.);
#1790=EDGE_CURVE('',#2151,#2173,#2174,.T.);
#1791=EDGE_CURVE('',#2173,#2175,#2176,.T.);
#1792=EDGE_CURVE('',#2175,#2177,#2178,.T.);
#1793=EDGE_CURVE('',#2177,#2179,#2180,.T.);
#1794=EDGE_CURVE('',#2179,#2181,#2182,.T.);
#1795=EDGE_CURVE('',#2181,#2183,#2184,.T.);
#1796=EDGE_CURVE('',#2183,#2123,#2185,.T.);
#1797=EDGE_CURVE('',#2186,#2170,#2187,.T.);
#1798=EDGE_CURVE('',#2186,#2188,#2189,.T.);
#1799=EDGE_CURVE('',#2188,#2190,#2191,.T.);
#1800=EDGE_CURVE('',#2190,#2192,#2193,.T.);
#1801=EDGE_CURVE('',#2192,#2154,#2194,.T.);
#1802=EDGE_CURVE('',#2195,#2196,#2197,.T.);
#1803=EDGE_CURVE('',#2195,#2198,#2199,.T.);
#1804=EDGE_CURVE('',#2200,#2198,#2201,.T.);
#1805=EDGE_CURVE('',#2196,#2200,#2202,.T.);
#1806=EDGE_CURVE('',#2117,#2203,#2204,.T.);
#1807=EDGE_CURVE('',#2203,#2205,#2206,.T.);
#1808=EDGE_CURVE('',#2205,#2207,#2208,.T.);
#1809=EDGE_CURVE('',#2207,#2156,#2209,.T.);
#1810=EDGE_CURVE('',#2192,#2114,#2210,.T.);
#1811=EDGE_CURVE('',#2145,#2211,#2212,.T.);
#1812=EDGE_CURVE('',#2213,#2143,#2214,.T.);
#1813=EDGE_CURVE('',#2215,#2213,#2216,.T.);
#1814=EDGE_CURVE('',#2129,#2215,#2217,.T.);
#1815=EDGE_CURVE('',#2127,#2203,#2218,.T.);
#1816=EDGE_CURVE('',#2219,#2190,#2220,.T.);
#1817=EDGE_CURVE('',#2211,#2219,#2221,.T.);
#1818=EDGE_CURVE('',#2222,#2223,#2224,.T.);
#1819=EDGE_CURVE('',#2225,#2222,#2226,.T.);
#1820=EDGE_CURVE('',#2227,#2225,#2228,.T.);
#1821=EDGE_CURVE('',#2223,#2227,#2229,.T.);
#1822=EDGE_CURVE('',#2230,#2231,#2232,.T.);
#1823=EDGE_CURVE('',#2233,#2230,#2234,.T.);
#1824=EDGE_CURVE('',#2235,#2233,#2236,.T.);
#1825=EDGE_CURVE('',#2237,#2235,#2238,.T.);
#1826=EDGE_CURVE('',#2239,#2237,#2240,.T.);
#1827=EDGE_CURVE('',#2231,#2239,#2241,.T.);
#1828=EDGE_CURVE('',#2242,#2219,#2243,.T.);
#1829=EDGE_CURVE('',#2244,#2242,#2245,.T.);
#1830=EDGE_CURVE('',#2244,#2211,#2246,.T.);
#1831=EDGE_CURVE('',#2247,#2244,#2248,.T.);
#1832=EDGE_CURVE('',#2249,#2247,#2250,.T.);
#1833=EDGE_CURVE('',#2211,#2249,#2251,.T.);
#1834=EDGE_CURVE('',#2249,#2252,#2253,.T.);
#1835=EDGE_CURVE('',#2219,#2252,#2254,.T.);
#1836=EDGE_CURVE('',#2255,#2188,#2256,.T.);
#1837=EDGE_CURVE('',#2255,#2257,#2258,.T.);
#1838=EDGE_CURVE('',#2259,#2257,#2260,.T.);
#1839=EDGE_CURVE('',#2261,#2259,#2262,.T.);
#1840=EDGE_CURVE('',#2147,#2261,#2263,.T.);
#1841=EDGE_CURVE('',#2264,#2265,#2266,.T.);
#1842=EDGE_CURVE('',#2267,#2264,#2268,.T.);
#1843=EDGE_CURVE('',#2269,#2267,#2270,.T.);
#1844=EDGE_CURVE('',#2265,#2269,#2271,.T.);
#1845=EDGE_CURVE('',#2122,#2272,#2273,.T.);
#1846=EDGE_CURVE('',#2274,#2272,#2275,.T.);
#1847=EDGE_CURVE('',#2125,#2274,#2276,.T.);
#1848=EDGE_CURVE('',#2277,#2278,#2279,.T.);
#1849=EDGE_CURVE('',#2278,#2207,#2280,.T.);
#1850=EDGE_CURVE('',#2277,#2205,#2281,.T.);
#1851=EDGE_CURVE('',#2261,#2282,#2283,.T.);
#1852=EDGE_CURVE('',#2149,#2282,#2284,.T.);
#1853=EDGE_CURVE('',#2285,#2186,#2286,.T.);
#1854=EDGE_CURVE('',#2255,#2285,#2287,.T.);
#1855=EDGE_CURVE('',#2288,#2289,#2290,.T.);
#1856=EDGE_CURVE('',#2181,#2288,#2291,.T.);
#1857=EDGE_CURVE('',#2265,#2179,#2292,.T.);
#1858=EDGE_CURVE('',#2269,#2162,#2293,.T.);
#1859=EDGE_CURVE('',#2160,#2289,#2294,.T.);
#1860=EDGE_CURVE('',#2158,#2295,#2296,.T.);
#1861=EDGE_CURVE('',#2289,#2295,#2297,.T.);
#1862=EDGE_CURVE('',#2257,#2298,#2299,.T.);
#1863=EDGE_CURVE('',#2298,#2300,#2301,.T.);
#1864=EDGE_CURVE('',#2300,#2302,#2303,.T.);
#1865=EDGE_CURVE('',#2302,#2304,#2305,.T.);
#1866=EDGE_CURVE('',#2304,#2306,#2307,.T.);
#1867=EDGE_CURVE('',#2306,#2308,#2309,.T.);
#1868=EDGE_CURVE('',#2308,#2259,#2310,.T.);
#1869=EDGE_CURVE('',#2311,#2312,#2313,.T.);
#1870=EDGE_CURVE('',#2312,#2314,#2315,.T.);
#1871=EDGE_CURVE('',#2316,#2314,#2317,.T.);
#1872=EDGE_CURVE('',#2311,#2316,#2318,.T.);
#1873=EDGE_CURVE('',#2319,#2320,#2321,.T.);
#1874=EDGE_CURVE('',#2320,#2322,#2323,.T.);
#1875=EDGE_CURVE('',#2322,#2288,#2324,.T.);
#1876=EDGE_CURVE('',#2295,#2325,#2326,.T.);
#1877=EDGE_CURVE('',#2325,#2327,#2328,.T.);
#1878=EDGE_CURVE('',#2319,#2327,#2329,.T.);
#1879=EDGE_CURVE('',#2330,#2331,#2332,.T.);
#1880=EDGE_CURVE('',#2331,#2333,#2334,.T.);
#1881=EDGE_CURVE('',#2335,#2333,#2336,.T.);
#1882=EDGE_CURVE('',#2330,#2335,#2337,.T.);
#1883=EDGE_CURVE('',#2308,#2282,#2338,.T.);
#1884=EDGE_CURVE('',#2168,#2300,#2339,.T.);
#1885=EDGE_CURVE('',#2285,#2298,#2340,.T.);
#1886=EDGE_CURVE('',#2173,#2306,#2341,.T.);
#1887=EDGE_CURVE('',#2166,#2302,#2342,.T.);
#1888=EDGE_CURVE('',#2267,#2164,#2343,.T.);
#1889=EDGE_CURVE('',#2264,#2177,#2344,.T.);
#1890=EDGE_CURVE('',#2175,#2304,#2345,.T.);
#1891=EDGE_CURVE('',#2274,#2319,#2346,.T.);
#1892=EDGE_CURVE('',#2277,#2327,#2347,.T.);
#1893=EDGE_CURVE('',#2325,#2278,#2348,.T.);
#1894=EDGE_CURVE('',#2272,#2320,#2349,.T.);
#1895=EDGE_CURVE('',#2183,#2322,#2350,.T.);
#1896=EDGE_CURVE('',#2351,#2352,#2353,.T.);
#1897=EDGE_CURVE('',#2354,#2351,#2355,.T.);
#1898=EDGE_CURVE('',#2356,#2354,#2357,.T.);
#1899=EDGE_CURVE('',#2358,#2356,#2359,.T.);
#1900=EDGE_CURVE('',#2352,#2358,#2360,.T.);
#1901=EDGE_CURVE('',#2361,#2362,#2363,.T.);
#1902=EDGE_CURVE('',#2364,#2361,#2365,.T.);
#1903=EDGE_CURVE('',#2366,#2364,#2367,.T.);
#1904=EDGE_CURVE('',#2368,#2366,#2369,.T.);
#1905=EDGE_CURVE('',#2362,#2368,#2370,.T.);
#1906=EDGE_CURVE('',#2371,#2335,#2372,.T.);
#1907=EDGE_CURVE('',#2373,#2371,#2374,.T.);
#1908=EDGE_CURVE('',#2375,#2373,#2376,.T.);
#1909=EDGE_CURVE('',#2330,#2375,#2377,.T.);
#1910=EDGE_CURVE('',#2378,#2316,#2379,.T.);
#1911=EDGE_CURVE('',#2380,#2378,#2381,.T.);
#1912=EDGE_CURVE('',#2382,#2380,#2383,.T.);
#1913=EDGE_CURVE('',#2311,#2382,#2384,.T.);
#1914=EDGE_CURVE('',#2385,#2386,#2387,.T.);
#1915=EDGE_CURVE('',#2386,#2388,#2389,.T.);
#1916=EDGE_CURVE('',#2388,#2390,#2391,.T.);
#1917=EDGE_CURVE('',#2390,#2385,#2392,.T.);
#1918=EDGE_CURVE('',#2368,#2393,#2394,.T.);
#1919=EDGE_CURVE('',#2395,#2393,#2396,.T.);
#1920=EDGE_CURVE('',#2362,#2395,#2397,.T.);
#1921=EDGE_CURVE('',#2398,#2399,#2400,.T.);
#1922=EDGE_CURVE('',#2399,#2401,#2402,.T.);
#1923=EDGE_CURVE('',#2401,#2403,#2404,.T.);
#1924=EDGE_CURVE('',#2403,#2405,#2406,.T.);
#1925=EDGE_CURVE('',#2405,#2407,#2408,.T.);
#1926=EDGE_CURVE('',#2407,#2398,#2409,.T.);
#1927=EDGE_CURVE('',#2358,#2410,#2411,.T.);
#1928=EDGE_CURVE('',#2412,#2410,#2413,.T.);
#1929=EDGE_CURVE('',#2352,#2412,#2414,.T.);
#1930=EDGE_CURVE('',#2227,#2385,#2415,.T.);
#1931=EDGE_CURVE('',#2223,#2390,#2416,.T.);
#1932=EDGE_CURVE('',#2222,#2388,#2417,.T.);
#1933=EDGE_CURVE('',#2225,#2386,#2418,.T.);
#1934=EDGE_CURVE('',#2239,#2398,#2419,.T.);
#1935=EDGE_CURVE('',#2231,#2407,#2420,.T.);
#1936=EDGE_CURVE('',#2230,#2405,#2421,.T.);
#1937=EDGE_CURVE('',#2233,#2403,#2422,.T.);
#1938=EDGE_CURVE('',#2235,#2401,#2423,.T.);
#1939=EDGE_CURVE('',#2237,#2399,#2424,.T.);
#1940=EDGE_CURVE('',#2425,#2412,#2426,.T.);
#1941=EDGE_CURVE('',#2351,#2425,#2427,.T.);
#1942=EDGE_CURVE('',#2428,#2425,#2429,.T.);
#1943=EDGE_CURVE('',#2354,#2428,#2430,.T.);
#1944=EDGE_CURVE('',#2431,#2428,#2432,.T.);
#1945=EDGE_CURVE('',#2356,#2431,#2433,.T.);
#1946=EDGE_CURVE('',#2410,#2431,#2434,.T.);
#1947=EDGE_CURVE('',#2393,#2435,#2436,.T.);
#1948=EDGE_CURVE('',#2435,#2437,#2438,.T.);
#1949=EDGE_CURVE('',#2437,#2439,#2440,.T.);
#1950=EDGE_CURVE('',#2439,#2395,#2441,.T.);
#1951=EDGE_CURVE('',#2442,#2443,#2444,.T.);
#1952=EDGE_CURVE('',#2443,#2445,#2446,.T.);
#1953=EDGE_CURVE('',#2445,#2333,#2447,.T.);
#1954=EDGE_CURVE('',#2331,#2442,#2448,.T.);
#1955=EDGE_CURVE('',#2312,#2449,#2450,.T.);
#1956=EDGE_CURVE('',#2449,#2451,#2452,.T.);
#1957=EDGE_CURVE('',#2451,#2453,#2454,.T.);
#1958=EDGE_CURVE('',#2453,#2314,#2455,.T.);
#1959=EDGE_CURVE('',#2361,#2439,#2456,.T.);
#1960=EDGE_CURVE('',#2364,#2437,#2457,.T.);
#1961=EDGE_CURVE('',#2366,#2435,#2458,.T.);
#1962=EDGE_CURVE('',#2375,#2442,#2459,.T.);
#1963=EDGE_CURVE('',#2373,#2443,#2460,.T.);
#1964=EDGE_CURVE('',#2371,#2445,#2461,.T.);
#1965=EDGE_CURVE('',#2378,#2453,#2462,.T.);
#1966=EDGE_CURVE('',#2380,#2451,#2463,.T.);
#1967=EDGE_CURVE('',#2382,#2449,#2464,.T.);
#1968=EDGE_CURVE('',#2252,#2465,#2466,.T.);
#1969=EDGE_CURVE('',#2465,#2242,#2467,.T.);
#1970=EDGE_CURVE('',#2247,#2465,#2468,.T.);
#1971=EDGE_CURVE('',#2215,#2469,#2470,.T.);
#1972=EDGE_CURVE('',#2131,#2469,#2471,.T.);
#1973=EDGE_CURVE('',#2472,#2473,#2474,.T.);
#1974=EDGE_CURVE('',#2195,#2472,#2475,.T.);
#1975=EDGE_CURVE('',#2476,#2196,#2477,.T.);
#1976=EDGE_CURVE('',#2478,#2476,#2479,.T.);
#1977=EDGE_CURVE('',#2473,#2478,#2480,.T.);
#1978=EDGE_CURVE('',#2133,#2481,#2482,.T.);
#1979=EDGE_CURVE('',#2469,#2483,#2484,.T.);
#1980=EDGE_CURVE('',#2483,#2141,#2485,.T.);
#1981=EDGE_CURVE('',#2486,#2139,#2487,.T.);
#1982=EDGE_CURVE('',#2488,#2486,#2489,.T.);
#1983=EDGE_CURVE('',#2488,#2490,#2491,.T.);
#1984=EDGE_CURVE('',#2481,#2490,#2492,.T.);
#1985=EDGE_CURVE('',#2493,#2494,#2495,.T.);
#1986=EDGE_CURVE('',#2496,#2494,#2497,.T.);
#1987=EDGE_CURVE('',#2496,#2498,#2499,.T.);
#1988=EDGE_CURVE('',#2473,#2498,#2500,.T.);
#1989=EDGE_CURVE('',#2478,#2501,#2502,.T.);
#1990=EDGE_CURVE('',#2501,#2503,#2504,.T.);
#1991=EDGE_CURVE('',#2503,#2493,#2505,.T.);
#1992=EDGE_CURVE('',#2506,#2507,#2508,.T.);
#1993=EDGE_CURVE('',#2507,#2509,#2510,.T.);
#1994=EDGE_CURVE('',#2509,#2493,#2511,.T.);
#1995=EDGE_CURVE('',#2503,#2512,#2513,.T.);
#1996=EDGE_CURVE('',#2512,#2506,#2514,.T.);
#1997=EDGE_CURVE('',#2515,#2512,#2516,.T.);
#1998=EDGE_CURVE('',#2517,#2515,#2518,.T.);
#1999=EDGE_CURVE('',#2517,#2506,#2519,.T.);
#2000=EDGE_CURVE('',#2520,#2521,#2522,.T.);
#2001=EDGE_CURVE('',#2523,#2521,#2524,.T.);
#2002=EDGE_CURVE('',#2525,#2523,#2526,.T.);
#2003=EDGE_CURVE('',#2525,#2520,#2527,.T.);
#2004=EDGE_CURVE('',#2528,#2529,#2530,.T.);
#2005=EDGE_CURVE('',#2531,#2528,#2532,.T.);
#2006=EDGE_CURVE('',#2531,#2533,#2534,.T.);
#2007=EDGE_CURVE('',#2533,#2529,#2535,.T.);
#2008=EDGE_CURVE('',#2536,#2537,#2538,.T.);
#2009=EDGE_CURVE('',#2539,#2537,#2540,.T.);
#2010=EDGE_CURVE('',#2541,#2539,#2542,.T.);
#2011=EDGE_CURVE('',#2536,#2541,#2543,.T.);
#2012=EDGE_CURVE('',#2517,#2544,#2545,.T.);
#2013=EDGE_CURVE('',#2544,#2546,#2547,.T.);
#2014=EDGE_CURVE('',#2546,#2548,#2549,.T.);
#2015=EDGE_CURVE('',#2548,#2507,#2550,.T.);
#2016=EDGE_CURVE('',#2551,#2552,#2553,.T.);
#2017=EDGE_CURVE('',#2552,#2554,#2555,.T.);
#2018=EDGE_CURVE('',#2554,#2556,#2557,.T.);
#2019=EDGE_CURVE('',#2556,#2521,#2558,.T.);
#2020=EDGE_CURVE('',#2520,#2551,#2559,.T.);
#2021=EDGE_CURVE('',#2560,#2548,#2561,.T.);
#2022=EDGE_CURVE('',#2560,#2562,#2563,.T.);
#2023=EDGE_CURVE('',#2562,#2552,#2564,.T.);
#2024=EDGE_CURVE('',#2551,#2565,#2566,.T.);
#2025=EDGE_CURVE('',#2509,#2565,#2567,.T.);
#2026=EDGE_CURVE('',#2565,#2494,#2568,.T.);
#2027=EDGE_CURVE('',#2496,#2525,#2569,.T.);
#2028=EDGE_CURVE('',#2570,#2501,#2571,.T.);
#2029=EDGE_CURVE('',#2570,#2572,#2573,.T.);
#2030=EDGE_CURVE('',#2572,#2515,#2574,.T.);
#2031=EDGE_CURVE('',#2523,#2575,#2576,.T.);
#2032=EDGE_CURVE('',#2575,#2577,#2578,.T.);
#2033=EDGE_CURVE('',#2498,#2577,#2579,.T.);
#2034=EDGE_CURVE('',#2572,#2544,#2580,.T.);
#2035=EDGE_CURVE('',#2570,#2546,#2581,.T.);
#2036=EDGE_CURVE('',#2501,#2548,#2582,.T.);
#2037=EDGE_CURVE('',#2552,#2498,#2583,.T.);
#2038=EDGE_CURVE('',#2577,#2554,#2584,.T.);
#2039=EDGE_CURVE('',#2472,#2562,#2585,.T.);
#2040=EDGE_CURVE('',#2476,#2560,#2586,.T.);
#2041=EDGE_CURVE('',#2562,#2198,#2587,.T.);
#2042=EDGE_CURVE('',#2200,#2560,#2588,.T.);
#2043=EDGE_CURVE('',#2589,#2135,#2590,.T.);
#2044=EDGE_CURVE('',#2589,#2591,#2592,.T.);
#2045=EDGE_CURVE('',#2137,#2591,#2593,.T.);
#2046=EDGE_CURVE('',#2486,#2591,#2594,.T.);
#2047=EDGE_CURVE('',#2490,#2595,#2596,.T.);
#2048=EDGE_CURVE('',#2597,#2595,#2598,.T.);
#2049=EDGE_CURVE('',#2589,#2597,#2599,.T.);
#2050=EDGE_CURVE('',#2481,#2589,#2600,.T.);
#2051=EDGE_CURVE('',#2591,#2601,#2602,.T.);
#2052=EDGE_CURVE('',#2603,#2601,#2604,.T.);
#2053=EDGE_CURVE('',#2488,#2603,#2605,.T.);
#2054=EDGE_CURVE('',#2606,#2607,#2608,.T.);
#2055=EDGE_CURVE('',#2606,#2601,#2609,.T.);
#2056=EDGE_CURVE('',#2597,#2610,#2611,.T.);
#2057=EDGE_CURVE('',#2610,#2612,#2613,.T.);
#2058=EDGE_CURVE('',#2607,#2612,#2614,.T.);
#2059=EDGE_CURVE('',#2612,#2615,#2616,.T.);
#2060=EDGE_CURVE('',#2617,#2615,#2618,.T.);
#2061=EDGE_CURVE('',#2607,#2617,#2619,.T.);
#2062=EDGE_CURVE('',#2606,#2541,#2620,.T.);
#2063=EDGE_CURVE('',#2621,#2617,#2622,.T.);
#2064=EDGE_CURVE('',#2536,#2621,#2623,.T.);
#2065=EDGE_CURVE('',#2531,#2624,#2625,.T.);
#2066=EDGE_CURVE('',#2624,#2626,#2627,.T.);
#2067=EDGE_CURVE('',#2626,#2595,#2628,.T.);
#2068=EDGE_CURVE('',#2595,#2629,#2630,.T.);
#2069=EDGE_CURVE('',#2533,#2629,#2631,.T.);
#2070=EDGE_CURVE('',#2621,#2603,#2632,.T.);
#2071=EDGE_CURVE('',#2603,#2633,#2634,.T.);
#2072=EDGE_CURVE('',#2633,#2635,#2636,.T.);
#2073=EDGE_CURVE('',#2635,#2537,#2637,.T.);
#2074=EDGE_CURVE('',#2629,#2615,#2638,.T.);
#2075=EDGE_CURVE('',#2610,#2529,#2639,.T.);
#2076=EDGE_CURVE('',#2640,#2597,#2641,.T.);
#2077=EDGE_CURVE('',#2640,#2642,#2643,.T.);
#2078=EDGE_CURVE('',#2642,#2528,#2644,.T.);
#2079=EDGE_CURVE('',#2539,#2645,#2646,.T.);
#2080=EDGE_CURVE('',#2645,#2647,#2648,.T.);
#2081=EDGE_CURVE('',#2601,#2647,#2649,.T.);
#2082=EDGE_CURVE('',#2642,#2624,#2650,.T.);
#2083=EDGE_CURVE('',#2640,#2626,#2651,.T.);
#2084=EDGE_CURVE('',#2647,#2633,#2652,.T.);
#2085=EDGE_CURVE('',#2645,#2635,#2653,.T.);
#2086=EDGE_CURVE('',#2575,#2556,#2654,.T.);
#2087=EDGE_CURVE('',#2213,#2483,#2655,.T.);
#2088=CARTESIAN_POINT('',(0.0,0.0,-2.95));
#2089=DIRECTION('',(0.0,1.0,0.0));
#2090=DIRECTION('',(-1.0,0.0,0.0));
#2091=CARTESIAN_POINT('',(0.0,0.0,-2.95));
#2092=DIRECTION('',(-0.0,1.0,0.0));
#2093=DIRECTION('',(1.0,0.0,0.0));
#2094=CARTESIAN_POINT('',(0.0,0.0,2.55));
#2095=DIRECTION('',(0.0,1.0,0.0));
#2096=DIRECTION('',(-1.0,0.0,0.0));
#2097=CARTESIAN_POINT('',(0.0,0.0,2.55));
#2098=DIRECTION('',(-0.0,1.0,0.0));
#2099=DIRECTION('',(1.0,0.0,0.0));
#2100=CARTESIAN_POINT('',(-4.7,0.0,-2.49));
#2101=DIRECTION('',(0.0,1.0,0.0));
#2102=DIRECTION('',(-1.0,0.0,0.0));
#2103=CARTESIAN_POINT('',(-4.7,0.0,-2.49));
#2104=DIRECTION('',(-0.0,1.0,0.0));
#2105=DIRECTION('',(1.0,0.0,0.0));
#2106=CARTESIAN_POINT('',(4.7,0.0,-2.49));
#2107=DIRECTION('',(0.0,1.0,0.0));
#2108=DIRECTION('',(-1.0,0.0,0.0));
#2109=CARTESIAN_POINT('',(4.7,0.0,-2.49));
#2110=DIRECTION('',(-0.0,1.0,0.0));
#2111=DIRECTION('',(1.0,0.0,0.0));
#2112=DIRECTION('',(0.0,-1.0,0.0));
#2113=DIRECTION('',(0.0,-1.0,0.0));
#2114=VERTEX_POINT('',#2656);
#2115=VERTEX_POINT('',#2657);
#2116=LINE('',#2658,#2659);
#2117=VERTEX_POINT('',#2660);
#2118=CIRCLE('',#2661,0.4);
#2119=VERTEX_POINT('',#2662);
#2120=LINE('',#2663,#2664);
#2121=CIRCLE('',#2665,0.4);
#2122=VERTEX_POINT('',#2666);
#2123=VERTEX_POINT('',#2667);
#2124=LINE('',#2668,#2669);
#2125=VERTEX_POINT('',#2670);
#2126=LINE('',#2671,#2672);
#2127=VERTEX_POINT('',#2673);
#2128=LINE('',#2674,#2675);
#2129=VERTEX_POINT('',#2676);
#2130=LINE('',#2677,#2678);
#2131=VERTEX_POINT('',#2679);
#2132=LINE('',#2680,#2681);
#2133=VERTEX_POINT('',#2682);
#2134=LINE('',#2683,#2684);
#2135=VERTEX_POINT('',#2685);
#2136=LINE('',#2686,#2687);
#2137=VERTEX_POINT('',#2688);
#2138=LINE('',#2689,#2690);
#2139=VERTEX_POINT('',#2691);
#2140=LINE('',#2692,#2693);
#2141=VERTEX_POINT('',#2694);
#2142=LINE('',#2695,#2696);
#2143=VERTEX_POINT('',#2697);
#2144=LINE('',#2698,#2699);
#2145=VERTEX_POINT('',#2700);
#2146=LINE('',#2701,#2702);
#2147=VERTEX_POINT('',#2703);
#2148=LINE('',#2704,#2705);
#2149=VERTEX_POINT('',#2706);
#2150=LINE('',#2707,#2708);
#2151=VERTEX_POINT('',#2709);
#2152=LINE('',#2710,#2711);
#2153=LINE('',#2712,#2713);
#2154=VERTEX_POINT('',#2714);
#2155=CIRCLE('',#2715,0.4);
#2156=VERTEX_POINT('',#2716);
#2157=LINE('',#2717,#2718);
#2158=VERTEX_POINT('',#2719);
#2159=LINE('',#2720,#2721);
#2160=VERTEX_POINT('',#2722);
#2161=LINE('',#2723,#2724);
#2162=VERTEX_POINT('',#2725);
#2163=LINE('',#2726,#2727);
#2164=VERTEX_POINT('',#2728);
#2165=LINE('',#2729,#2730);
#2166=VERTEX_POINT('',#2731);
#2167=LINE('',#2732,#2733);
#2168=VERTEX_POINT('',#2734);
#2169=LINE('',#2735,#2736);
#2170=VERTEX_POINT('',#2737);
#2171=LINE('',#2738,#2739);
#2172=LINE('',#2740,#2741);
#2173=VERTEX_POINT('',#2742);
#2174=LINE('',#2743,#2744);
#2175=VERTEX_POINT('',#2745);
#2176=LINE('',#2746,#2747);
#2177=VERTEX_POINT('',#2748);
#2178=LINE('',#2749,#2750);
#2179=VERTEX_POINT('',#2751);
#2180=LINE('',#2752,#2753);
#2181=VERTEX_POINT('',#2754);
#2182=LINE('',#2755,#2756);
#2183=VERTEX_POINT('',#2757);
#2184=LINE('',#2758,#2759);
#2185=LINE('',#2760,#2761);
#2186=VERTEX_POINT('',#2762);
#2187=LINE('',#2763,#2764);
#2188=VERTEX_POINT('',#2765);
#2189=LINE('',#2766,#2767);
#2190=VERTEX_POINT('',#2768);
#2191=LINE('',#2769,#2770);
#2192=VERTEX_POINT('',#2771);
#2193=LINE('',#2772,#2773);
#2194=LINE('',#2774,#2775);
#2195=VERTEX_POINT('',#2776);
#2196=VERTEX_POINT('',#2777);
#2197=LINE('',#2778,#2779);
#2198=VERTEX_POINT('',#2780);
#2199=LINE('',#2781,#2782);
#2200=VERTEX_POINT('',#2783);
#2201=LINE('',#2784,#2785);
#2202=LINE('',#2786,#2787);
#2203=VERTEX_POINT('',#2788);
#2204=LINE('',#2789,#2790);
#2205=VERTEX_POINT('',#2791);
#2206=LINE('',#2792,#2793);
#2207=VERTEX_POINT('',#2794);
#2208=LINE('',#2795,#2796);
#2209=LINE('',#2797,#2798);
#2210=CIRCLE('',#2799,0.4);
#2211=VERTEX_POINT('',#2800);
#2212=LINE('',#2801,#2802);
#2213=VERTEX_POINT('',#2803);
#2214=LINE('',#2804,#2805);
#2215=VERTEX_POINT('',#2806);
#2216=LINE('',#2807,#2808);
#2217=LINE('',#2809,#2810);
#2218=LINE('',#2811,#2812);
#2219=VERTEX_POINT('',#2813);
#2220=LINE('',#2814,#2815);
#2221=LINE('',#2816,#2817);
#2222=VERTEX_POINT('',#2818);
#2223=VERTEX_POINT('',#2819);
#2224=LINE('',#2820,#2821);
#2225=VERTEX_POINT('',#2822);
#2226=LINE('',#2823,#2824);
#2227=VERTEX_POINT('',#2825);
#2228=LINE('',#2826,#2827);
#2229=LINE('',#2828,#2829);
#2230=VERTEX_POINT('',#2830);
#2231=VERTEX_POINT('',#2831);
#2232=LINE('',#2832,#2833);
#2233=VERTEX_POINT('',#2834);
#2234=LINE('',#2835,#2836);
#2235=VERTEX_POINT('',#2837);
#2236=LINE('',#2838,#2839);
#2237=VERTEX_POINT('',#2840);
#2238=LINE('',#2841,#2842);
#2239=VERTEX_POINT('',#2843);
#2240=LINE('',#2844,#2845);
#2241=LINE('',#2846,#2847);
#2242=VERTEX_POINT('',#2848);
#2243=LINE('',#2849,#2850);
#2244=VERTEX_POINT('',#2851);
#2245=LINE('',#2852,#2853);
#2246=LINE('',#2854,#2855);
#2247=VERTEX_POINT('',#2856);
#2248=LINE('',#2857,#2858);
#2249=VERTEX_POINT('',#2859);
#2250=LINE('',#2860,#2861);
#2251=LINE('',#2862,#2863);
#2252=VERTEX_POINT('',#2864);
#2253=LINE('',#2865,#2866);
#2254=LINE('',#2867,#2868);
#2255=VERTEX_POINT('',#2869);
#2256=LINE('',#2870,#2871);
#2257=VERTEX_POINT('',#2872);
#2258=LINE('',#2873,#2874);
#2259=VERTEX_POINT('',#2875);
#2260=LINE('',#2876,#2877);
#2261=VERTEX_POINT('',#2878);
#2262=LINE('',#2879,#2880);
#2263=LINE('',#2881,#2882);
#2264=VERTEX_POINT('',#2883);
#2265=VERTEX_POINT('',#2884);
#2266=LINE('',#2885,#2886);
#2267=VERTEX_POINT('',#2887);
#2268=LINE('',#2888,#2889);
#2269=VERTEX_POINT('',#2890);
#2270=LINE('',#2891,#2892);
#2271=LINE('',#2893,#2894);
#2272=VERTEX_POINT('',#2895);
#2273=LINE('',#2896,#2897);
#2274=VERTEX_POINT('',#2898);
#2275=LINE('',#2899,#2900);
#2276=LINE('',#2901,#2902);
#2277=VERTEX_POINT('',#2903);
#2278=VERTEX_POINT('',#2904);
#2279=LINE('',#2905,#2906);
#2280=LINE('',#2907,#2908);
#2281=LINE('',#2909,#2910);
#2282=VERTEX_POINT('',#2911);
#2283=LINE('',#2912,#2913);
#2284=LINE('',#2914,#2915);
#2285=VERTEX_POINT('',#2916);
#2286=LINE('',#2917,#2918);
#2287=LINE('',#2919,#2920);
#2288=VERTEX_POINT('',#2921);
#2289=VERTEX_POINT('',#2922);
#2290=LINE('',#2923,#2924);
#2291=LINE('',#2925,#2926);
#2292=LINE('',#2927,#2928);
#2293=LINE('',#2929,#2930);
#2294=LINE('',#2931,#2932);
#2295=VERTEX_POINT('',#2933);
#2296=LINE('',#2934,#2935);
#2297=LINE('',#2936,#2937);
#2298=VERTEX_POINT('',#2938);
#2299=LINE('',#2939,#2940);
#2300=VERTEX_POINT('',#2941);
#2301=LINE('',#2942,#2943);
#2302=VERTEX_POINT('',#2944);
#2303=LINE('',#2945,#2946);
#2304=VERTEX_POINT('',#2947);
#2305=LINE('',#2948,#2949);
#2306=VERTEX_POINT('',#2950);
#2307=LINE('',#2951,#2952);
#2308=VERTEX_POINT('',#2953);
#2309=LINE('',#2954,#2955);
#2310=LINE('',#2956,#2957);
#2311=VERTEX_POINT('',#2958);
#2312=VERTEX_POINT('',#2959);
#2313=LINE('',#2960,#2961);
#2314=VERTEX_POINT('',#2962);
#2315=LINE('',#2963,#2964);
#2316=VERTEX_POINT('',#2965);
#2317=LINE('',#2966,#2967);
#2318=LINE('',#2968,#2969);
#2319=VERTEX_POINT('',#2970);
#2320=VERTEX_POINT('',#2971);
#2321=LINE('',#2972,#2973);
#2322=VERTEX_POINT('',#2974);
#2323=LINE('',#2975,#2976);
#2324=LINE('',#2977,#2978);
#2325=VERTEX_POINT('',#2979);
#2326=LINE('',#2980,#2981);
#2327=VERTEX_POINT('',#2982);
#2328=LINE('',#2983,#2984);
#2329=LINE('',#2985,#2986);
#2330=VERTEX_POINT('',#2987);
#2331=VERTEX_POINT('',#2988);
#2332=LINE('',#2989,#2990);
#2333=VERTEX_POINT('',#2991);
#2334=LINE('',#2992,#2993);
#2335=VERTEX_POINT('',#2994);
#2336=LINE('',#2995,#2996);
#2337=LINE('',#2997,#2998);
#2338=LINE('',#2999,#3000);
#2339=LINE('',#3001,#3002);
#2340=LINE('',#3003,#3004);
#2341=LINE('',#3005,#3006);
#2342=LINE('',#3007,#3008);
#2343=LINE('',#3009,#3010);
#2344=LINE('',#3011,#3012);
#2345=LINE('',#3013,#3014);
#2346=LINE('',#3015,#3016);
#2347=LINE('',#3017,#3018);
#2348=LINE('',#3019,#3020);
#2349=LINE('',#3021,#3022);
#2350=LINE('',#3023,#3024);
#2351=VERTEX_POINT('',#3025);
#2352=VERTEX_POINT('',#3026);
#2353=LINE('',#3027,#3028);
#2354=VERTEX_POINT('',#3029);
#2355=LINE('',#3030,#3031);
#2356=VERTEX_POINT('',#3032);
#2357=LINE('',#3033,#3034);
#2358=VERTEX_POINT('',#3035);
#2359=LINE('',#3036,#3037);
#2360=LINE('',#3038,#3039);
#2361=VERTEX_POINT('',#3040);
#2362=VERTEX_POINT('',#3041);
#2363=LINE('',#3042,#3043);
#2364=VERTEX_POINT('',#3044);
#2365=LINE('',#3045,#3046);
#2366=VERTEX_POINT('',#3047);
#2367=LINE('',#3048,#3049);
#2368=VERTEX_POINT('',#3050);
#2369=LINE('',#3051,#3052);
#2370=LINE('',#3053,#3054);
#2371=VERTEX_POINT('',#3055);
#2372=LINE('',#3056,#3057);
#2373=VERTEX_POINT('',#3058);
#2374=LINE('',#3059,#3060);
#2375=VERTEX_POINT('',#3061);
#2376=LINE('',#3062,#3063);
#2377=LINE('',#3064,#3065);
#2378=VERTEX_POINT('',#3066);
#2379=LINE('',#3067,#3068);
#2380=VERTEX_POINT('',#3069);
#2381=LINE('',#3070,#3071);
#2382=VERTEX_POINT('',#3072);
#2383=LINE('',#3073,#3074);
#2384=LINE('',#3075,#3076);
#2385=VERTEX_POINT('',#3077);
#2386=VERTEX_POINT('',#3078);
#2387=LINE('',#3079,#3080);
#2388=VERTEX_POINT('',#3081);
#2389=LINE('',#3082,#3083);
#2390=VERTEX_POINT('',#3084);
#2391=LINE('',#3085,#3086);
#2392=LINE('',#3087,#3088);
#2393=VERTEX_POINT('',#3089);
#2394=LINE('',#3090,#3091);
#2395=VERTEX_POINT('',#3092);
#2396=LINE('',#3093,#3094);
#2397=LINE('',#3095,#3096);
#2398=VERTEX_POINT('',#3097);
#2399=VERTEX_POINT('',#3098);
#2400=LINE('',#3099,#3100);
#2401=VERTEX_POINT('',#3101);
#2402=LINE('',#3102,#3103);
#2403=VERTEX_POINT('',#3104);
#2404=LINE('',#3105,#3106);
#2405=VERTEX_POINT('',#3107);
#2406=LINE('',#3108,#3109);
#2407=VERTEX_POINT('',#3110);
#2408=LINE('',#3111,#3112);
#2409=LINE('',#3113,#3114);
#2410=VERTEX_POINT('',#3115);
#2411=LINE('',#3116,#3117);
#2412=VERTEX_POINT('',#3118);
#2413=LINE('',#3119,#3120);
#2414=LINE('',#3121,#3122);
#2415=LINE('',#3123,#3124);
#2416=LINE('',#3125,#3126);
#2417=LINE('',#3127,#3128);
#2418=LINE('',#3129,#3130);
#2419=LINE('',#3131,#3132);
#2420=LINE('',#3133,#3134);
#2421=LINE('',#3135,#3136);
#2422=LINE('',#3137,#3138);
#2423=LINE('',#3139,#3140);
#2424=LINE('',#3141,#3142);
#2425=VERTEX_POINT('',#3143);
#2426=LINE('',#3144,#3145);
#2427=LINE('',#3146,#3147);
#2428=VERTEX_POINT('',#3148);
#2429=LINE('',#3149,#3150);
#2430=LINE('',#3151,#3152);
#2431=VERTEX_POINT('',#3153);
#2432=LINE('',#3154,#3155);
#2433=LINE('',#3156,#3157);
#2434=LINE('',#3158,#3159);
#2435=VERTEX_POINT('',#3160);
#2436=LINE('',#3161,#3162);
#2437=VERTEX_POINT('',#3163);
#2438=LINE('',#3164,#3165);
#2439=VERTEX_POINT('',#3166);
#2440=LINE('',#3167,#3168);
#2441=LINE('',#3169,#3170);
#2442=VERTEX_POINT('',#3171);
#2443=VERTEX_POINT('',#3172);
#2444=LINE('',#3173,#3174);
#2445=VERTEX_POINT('',#3175);
#2446=LINE('',#3176,#3177);
#2447=LINE('',#3178,#3179);
#2448=LINE('',#3180,#3181);
#2449=VERTEX_POINT('',#3182);
#2450=LINE('',#3183,#3184);
#2451=VERTEX_POINT('',#3185);
#2452=LINE('',#3186,#3187);
#2453=VERTEX_POINT('',#3188);
#2454=LINE('',#3189,#3190);
#2455=LINE('',#3191,#3192);
#2456=LINE('',#3193,#3194);
#2457=LINE('',#3195,#3196);
#2458=LINE('',#3197,#3198);
#2459=LINE('',#3199,#3200);
#2460=LINE('',#3201,#3202);
#2461=LINE('',#3203,#3204);
#2462=LINE('',#3205,#3206);
#2463=LINE('',#3207,#3208);
#2464=LINE('',#3209,#3210);
#2465=VERTEX_POINT('',#3211);
#2466=LINE('',#3212,#3213);
#2467=LINE('',#3214,#3215);
#2468=LINE('',#3216,#3217);
#2469=VERTEX_POINT('',#3218);
#2470=LINE('',#3219,#3220);
#2471=LINE('',#3221,#3222);
#2472=VERTEX_POINT('',#3223);
#2473=VERTEX_POINT('',#3224);
#2474=CIRCLE('',#3225,1.588936325);
#2475=CIRCLE('',#3226,0.3850051722757);
#2476=VERTEX_POINT('',#3227);
#2477=CIRCLE('',#3228,0.3850051722757);
#2478=VERTEX_POINT('',#3229);
#2479=CIRCLE('',#3230,1.588936325);
#2480=LINE('',#3231,#3232);
#2481=VERTEX_POINT('',#3233);
#2482=CIRCLE('',#3234,0.3850051722757);
#2483=VERTEX_POINT('',#3235);
#2484=LINE('',#3236,#3237);
#2485=LINE('',#3238,#3239);
#2486=VERTEX_POINT('',#3240);
#2487=CIRCLE('',#3241,0.3850051722757);
#2488=VERTEX_POINT('',#3242);
#2489=CIRCLE('',#3243,1.588936325);
#2490=VERTEX_POINT('',#3244);
#2491=LINE('',#3245,#3246);
#2492=CIRCLE('',#3247,1.588936325);
#2493=VERTEX_POINT('',#3248);
#2494=VERTEX_POINT('',#3249);
#2495=CIRCLE('',#3250,0.6);
#2496=VERTEX_POINT('',#3251);
#2497=LINE('',#3252,#3253);
#2498=VERTEX_POINT('',#3254);
#2499=LINE('',#3255,#3256);
#2500=LINE('',#3257,#3258);
#2501=VERTEX_POINT('',#3259);
#2502=LINE('',#3260,#3261);
#2503=VERTEX_POINT('',#3262);
#2504=LINE('',#3263,#3264);
#2505=LINE('',#3265,#3266);
#2506=VERTEX_POINT('',#3267);
#2507=VERTEX_POINT('',#3268);
#2508=LINE('',#3269,#3270);
#2509=VERTEX_POINT('',#3271);
#2510=LINE('',#3272,#3273);
#2511=LINE('',#3274,#3275);
#2512=VERTEX_POINT('',#3276);
#2513=LINE('',#3277,#3278);
#2514=LINE('',#3279,#3280);
#2515=VERTEX_POINT('',#3281);
#2516=LINE('',#3282,#3283);
#2517=VERTEX_POINT('',#3284);
#2518=CIRCLE('',#3285,1.588936325);
#2519=LINE('',#3286,#3287);
#2520=VERTEX_POINT('',#3288);
#2521=VERTEX_POINT('',#3289);
#2522=LINE('',#3290,#3291);
#2523=VERTEX_POINT('',#3292);
#2524=CIRCLE('',#3293,1.588936325);
#2525=VERTEX_POINT('',#3294);
#2526=LINE('',#3295,#3296);
#2527=LINE('',#3297,#3298);
#2528=VERTEX_POINT('',#3299);
#2529=VERTEX_POINT('',#3300);
#2530=LINE('',#3301,#3302);
#2531=VERTEX_POINT('',#3303);
#2532=CIRCLE('',#3304,1.588936325);
#2533=VERTEX_POINT('',#3305);
#2534=LINE('',#3306,#3307);
#2535=LINE('',#3308,#3309);
#2536=VERTEX_POINT('',#3310);
#2537=VERTEX_POINT('',#3311);
#2538=LINE('',#3312,#3313);
#2539=VERTEX_POINT('',#3314);
#2540=CIRCLE('',#3315,1.588936325);
#2541=VERTEX_POINT('',#3316);
#2542=LINE('',#3317,#3318);
#2543=LINE('',#3319,#3320);
#2544=VERTEX_POINT('',#3321);
#2545=B_SPLINE_CURVE_WITH_KNOTS('',3,(#3322,#3323,#3324,#3325),.UNSPECIFIED.,.F.,.F.,(4,4),(0.0,1.0),.UNSPECIFIED.);
#2546=VERTEX_POINT('',#3326);
#2547=B_SPLINE_CURVE_WITH_KNOTS('',3,(#3327,#3328,#3329,#3330),.UNSPECIFIED.,.F.,.F.,(4,4),(0.0,1.0),.UNSPECIFIED.);
#2548=VERTEX_POINT('',#3331);
#2549=LINE('',#3332,#3333);
#2550=LINE('',#3334,#3335);
#2551=VERTEX_POINT('',#3336);
#2552=VERTEX_POINT('',#3337);
#2553=LINE('',#3338,#3339);
#2554=VERTEX_POINT('',#3340);
#2555=LINE('',#3341,#3342);
#2556=VERTEX_POINT('',#3343);
#2557=B_SPLINE_CURVE_WITH_KNOTS('',3,(#3344,#3345,#3346,#3347),.UNSPECIFIED.,.F.,.F.,(4,4),(0.0,1.0),.UNSPECIFIED.);
#2558=B_SPLINE_CURVE_WITH_KNOTS('',3,(#3348,#3349,#3350,#3351),.UNSPECIFIED.,.F.,.F.,(4,4),(0.0,1.0),.UNSPECIFIED.);
#2559=LINE('',#3352,#3353);
#2560=VERTEX_POINT('',#3354);
#2561=LINE('',#3355,#3356);
#2562=VERTEX_POINT('',#3357);
#2563=LINE('',#3358,#3359);
#2564=LINE('',#3360,#3361);
#2565=VERTEX_POINT('',#3362);
#2566=LINE('',#3363,#3364);
#2567=CIRCLE('',#3365,0.6);
#2568=LINE('',#3366,#3367);
#2569=LINE('',#3368,#3369);
#2570=VERTEX_POINT('',#3370);
#2571=LINE('',#3371,#3372);
#2572=VERTEX_POINT('',#3373);
#2573=B_SPLINE_CURVE_WITH_KNOTS('',3,(#3374,#3375,#3376,#3377),.UNSPECIFIED.,.F.,.F.,(4,4),(0.0,1.0),.UNSPECIFIED.);
#2574=B_SPLINE_CURVE_WITH_KNOTS('',3,(#3378,#3379,#3380,#3381),.UNSPECIFIED.,.F.,.F.,(4,4),(0.0,1.0),.UNSPECIFIED.);
#2575=VERTEX_POINT('',#3382);
#2576=B_SPLINE_CURVE_WITH_KNOTS('',3,(#3383,#3384,#3385,#3386),.UNSPECIFIED.,.F.,.F.,(4,4),(0.0,1.0),.UNSPECIFIED.);
#2577=VERTEX_POINT('',#3387);
#2578=B_SPLINE_CURVE_WITH_KNOTS('',3,(#3388,#3389,#3390,#3391),.UNSPECIFIED.,.F.,.F.,(4,4),(0.0,1.0),.UNSPECIFIED.);
#2579=LINE('',#3392,#3393);
#2580=CIRCLE('',#3394,1.888936325);
#2581=CIRCLE('',#3395,1.888936325);
#2582=CIRCLE('',#3396,1.588936325);
#2583=CIRCLE('',#3397,1.588936325);
#2584=CIRCLE('',#3398,1.888936325);
#2585=LINE('',#3399,#3400);
#2586=LINE('',#3401,#3402);
#2587=CIRCLE('',#3403,0.3850051722757);
#2588=CIRCLE('',#3404,0.3850051722757);
#2589=VERTEX_POINT('',#3405);
#2590=CIRCLE('',#3406,0.3850051722757);
#2591=VERTEX_POINT('',#3407);
#2592=LINE('',#3408,#3409);
#2593=CIRCLE('',#3410,0.3850051722757);
#2594=LINE('',#3411,#3412);
#2595=VERTEX_POINT('',#3413);
#2596=LINE('',#3414,#3415);
#2597=VERTEX_POINT('',#3416);
#2598=CIRCLE('',#3417,1.588936325);
#2599=LINE('',#3418,#3419);
#2600=LINE('',#3420,#3421);
#2601=VERTEX_POINT('',#3422);
#2602=LINE('',#3423,#3424);
#2603=VERTEX_POINT('',#3425);
#2604=CIRCLE('',#3426,1.588936325);
#2605=LINE('',#3427,#3428);
#2606=VERTEX_POINT('',#3429);
#2607=VERTEX_POINT('',#3430);
#2608=LINE('',#3431,#3432);
#2609=LINE('',#3433,#3434);
#2610=VERTEX_POINT('',#3435);
#2611=LINE('',#3436,#3437);
#2612=VERTEX_POINT('',#3438);
#2613=LINE('',#3439,#3440);
#2614=CIRCLE('',#3441,0.6);
#2615=VERTEX_POINT('',#3442);
#2616=LINE('',#3443,#3444);
#2617=VERTEX_POINT('',#3445);
#2618=CIRCLE('',#3446,0.6);
#2619=LINE('',#3447,#3448);
#2620=LINE('',#3449,#3450);
#2621=VERTEX_POINT('',#3451);
#2622=LINE('',#3452,#3453);
#2623=LINE('',#3454,#3455);
#2624=VERTEX_POINT('',#3456);
#2625=B_SPLINE_CURVE_WITH_KNOTS('',3,(#3457,#3458,#3459,#3460),.UNSPECIFIED.,.F.,.F.,(4,4),(0.0,1.0),.UNSPECIFIED.);
#2626=VERTEX_POINT('',#3461);
#2627=B_SPLINE_CURVE_WITH_KNOTS('',3,(#3462,#3463,#3464,#3465),.UNSPECIFIED.,.F.,.F.,(4,4),(0.0,1.0),.UNSPECIFIED.);
#2628=LINE('',#3466,#3467);
#2629=VERTEX_POINT('',#3468);
#2630=LINE('',#3469,#3470);
#2631=LINE('',#3471,#3472);
#2632=LINE('',#3473,#3474);
#2633=VERTEX_POINT('',#3475);
#2634=LINE('',#3476,#3477);
#2635=VERTEX_POINT('',#3478);
#2636=B_SPLINE_CURVE_WITH_KNOTS('',3,(#3479,#3480,#3481,#3482),.UNSPECIFIED.,.F.,.F.,(4,4),(0.0,1.0),.UNSPECIFIED.);
#2637=B_SPLINE_CURVE_WITH_KNOTS('',3,(#3483,#3484,#3485,#3486),.UNSPECIFIED.,.F.,.F.,(4,4),(0.0,1.0),.UNSPECIFIED.);
#2638=LINE('',#3487,#3488);
#2639=LINE('',#3489,#3490);
#2640=VERTEX_POINT('',#3491);
#2641=LINE('',#3492,#3493);
#2642=VERTEX_POINT('',#3494);
#2643=B_SPLINE_CURVE_WITH_KNOTS('',3,(#3495,#3496,#3497,#3498),.UNSPECIFIED.,.F.,.F.,(4,4),(0.0,1.0),.UNSPECIFIED.);
#2644=B_SPLINE_CURVE_WITH_KNOTS('',3,(#3499,#3500,#3501,#3502),.UNSPECIFIED.,.F.,.F.,(4,4),(0.0,1.0),.UNSPECIFIED.);
#2645=VERTEX_POINT('',#3503);
#2646=B_SPLINE_CURVE_WITH_KNOTS('',3,(#3504,#3505,#3506,#3507),.UNSPECIFIED.,.F.,.F.,(4,4),(0.0,1.0),.UNSPECIFIED.);
#2647=VERTEX_POINT('',#3508);
#2648=B_SPLINE_CURVE_WITH_KNOTS('',3,(#3509,#3510,#3511,#3512),.UNSPECIFIED.,.F.,.F.,(4,4),(0.0,1.0),.UNSPECIFIED.);
#2649=LINE('',#3513,#3514);
#2650=CIRCLE('',#3515,1.888936325);
#2651=CIRCLE('',#3516,1.888936325);
#2652=CIRCLE('',#3517,1.888936325);
#2653=CIRCLE('',#3518,1.888936325);
#2654=CIRCLE('',#3519,1.888936325);
#2655=LINE('',#3520,#3521);
#2656=CARTESIAN_POINT('',(3.1,12.8,2.6));
#2657=CARTESIAN_POINT('',(3.1,0.2,2.6));
#2658=CARTESIAN_POINT('',(3.1,12.8,2.6));
#2659=VECTOR('',#3522,1.0);
#2660=CARTESIAN_POINT('',(2.7,12.8,3.0));
#2661=AXIS2_PLACEMENT_3D('',#3523,#3524,#3525);
#2662=CARTESIAN_POINT('',(2.7,0.2,3.0));
#2663=CARTESIAN_POINT('',(2.7,12.8,3.0));
#2664=VECTOR('',#3526,12.6);
#2665=AXIS2_PLACEMENT_3D('',#3527,#3528,#3529);
#2666=CARTESIAN_POINT('',(-2.7,0.0,3.8));
#2667=CARTESIAN_POINT('',(-2.7,0.2,3.8));
#2668=CARTESIAN_POINT('',(-2.7,0.0,3.8));
#2669=VECTOR('',#3530,0.2);
#2670=CARTESIAN_POINT('',(-2.7,0.0,4.8));
#2671=CARTESIAN_POINT('',(-2.7,0.0,4.8));
#2672=VECTOR('',#3531,1.0);
#2673=CARTESIAN_POINT('',(-2.7,12.8,4.8));
#2674=CARTESIAN_POINT('',(-2.7,12.8,4.8));
#2675=VECTOR('',#3532,12.8);
#2676=CARTESIAN_POINT('',(-2.7,12.8,-1.59));
#2677=CARTESIAN_POINT('',(-2.7,12.8,-1.59));
#2678=VECTOR('',#3533,6.39);
#2679=CARTESIAN_POINT('',(-2.7,4.8,-1.59));
#2680=CARTESIAN_POINT('',(-2.7,4.8,-1.59));
#2681=VECTOR('',#3534,8.0);
#2682=CARTESIAN_POINT('',(-2.7,4.8,-1.354994827724));
#2683=CARTESIAN_POINT('',(-2.7,4.8,-1.59));
#2684=VECTOR('',#3535,0.2350051722757);
#2685=CARTESIAN_POINT('',(-2.7,2.7,-1.354994827724));
#2686=CARTESIAN_POINT('',(-2.7,4.8,-1.354994827724));
#2687=VECTOR('',#3536,2.1);
#2688=CARTESIAN_POINT('',(-2.7,2.7,-3.625005172276));
#2689=CARTESIAN_POINT('',(-2.7,2.7,-3.625005172276));
#2690=VECTOR('',#3537,2.270010344551);
#2691=CARTESIAN_POINT('',(-2.7,4.8,-3.625005172276));
#2692=CARTESIAN_POINT('',(-2.7,4.8,-3.625005172276));
#2693=VECTOR('',#3538,2.1);
#2694=CARTESIAN_POINT('',(-2.7,4.8,-3.39));
#2695=CARTESIAN_POINT('',(-2.7,4.8,-3.625005172276));
#2696=VECTOR('',#3539,0.2350051722757);
#2697=CARTESIAN_POINT('',(-2.7,12.8,-3.39));
#2698=CARTESIAN_POINT('',(-2.7,4.8,-3.39));
#2699=VECTOR('',#3540,8.0);
#2700=CARTESIAN_POINT('',(-2.7,12.8,-4.8));
#2701=CARTESIAN_POINT('',(-2.7,12.8,-4.8));
#2702=VECTOR('',#3541,1.41);
#2703=CARTESIAN_POINT('',(-2.7,0.0,-4.8));
#2704=CARTESIAN_POINT('',(-2.7,0.0,-4.8));
#2705=VECTOR('',#3542,12.8);
#2706=CARTESIAN_POINT('',(-2.7,0.0,-3.8));
#2707=CARTESIAN_POINT('',(-2.7,0.0,-3.8));
#2708=VECTOR('',#3543,1.0);
#2709=CARTESIAN_POINT('',(-2.7,0.2,-3.8));
#2710=CARTESIAN_POINT('',(-2.7,0.0,-3.8));
#2711=VECTOR('',#3544,0.2);
#2712=CARTESIAN_POINT('',(-2.7,0.2,3.8));
#2713=VECTOR('',#3545,7.6);
#2714=CARTESIAN_POINT('',(2.7,0.2,2.2));
#2715=AXIS2_PLACEMENT_3D('',#3546,#3547,#3548);
#2716=CARTESIAN_POINT('',(2.7,0.2,3.8));
#2717=CARTESIAN_POINT('',(2.7,0.2,3.0));
#2718=VECTOR('',#3549,0.8);
#2719=CARTESIAN_POINT('',(1.3,0.2,3.8));
#2720=CARTESIAN_POINT('',(2.7,0.2,3.8));
#2721=VECTOR('',#3550,1.4);
#2722=CARTESIAN_POINT('',(1.3,0.2,0.5));
#2723=CARTESIAN_POINT('',(1.3,0.2,0.5));
#2724=VECTOR('',#3551,3.3);
#2725=CARTESIAN_POINT('',(1.7,0.2,0.5));
#2726=CARTESIAN_POINT('',(1.3,0.2,0.5));
#2727=VECTOR('',#3552,0.4);
#2728=CARTESIAN_POINT('',(1.7,0.2,-0.5));
#2729=CARTESIAN_POINT('',(1.7,0.2,0.5));
#2730=VECTOR('',#3553,1.0);
#2731=CARTESIAN_POINT('',(1.3,0.2,-0.5));
#2732=CARTESIAN_POINT('',(1.7,0.2,-0.5));
#2733=VECTOR('',#3554,0.4);
#2734=CARTESIAN_POINT('',(1.3,0.2,-3.8));
#2735=CARTESIAN_POINT('',(1.3,0.2,-3.8));
#2736=VECTOR('',#3555,3.3);
#2737=CARTESIAN_POINT('',(2.7,0.2,-3.8));
#2738=CARTESIAN_POINT('',(1.3,0.2,-3.8));
#2739=VECTOR('',#3556,1.4);
#2740=CARTESIAN_POINT('',(2.7,0.2,-3.8));
#2741=VECTOR('',#3557,6.0);
#2742=CARTESIAN_POINT('',(-1.3,0.2,-3.8));
#2743=CARTESIAN_POINT('',(-2.7,0.2,-3.8));
#2744=VECTOR('',#3558,1.4);
#2745=CARTESIAN_POINT('',(-1.3,0.2,-0.5));
#2746=CARTESIAN_POINT('',(-1.3,0.2,-3.8));
#2747=VECTOR('',#3559,3.3);
#2748=CARTESIAN_POINT('',(-1.7,0.2,-0.5));
#2749=CARTESIAN_POINT('',(-1.3,0.2,-0.5));
#2750=VECTOR('',#3560,0.4);
#2751=CARTESIAN_POINT('',(-1.7,0.2,0.5));
#2752=CARTESIAN_POINT('',(-1.7,0.2,-0.5));
#2753=VECTOR('',#3561,1.0);
#2754=CARTESIAN_POINT('',(-1.3,0.2,0.5));
#2755=CARTESIAN_POINT('',(-1.7,0.2,0.5));
#2756=VECTOR('',#3562,0.4);
#2757=CARTESIAN_POINT('',(-1.3,0.2,3.8));
#2758=CARTESIAN_POINT('',(-1.3,0.2,0.5));
#2759=VECTOR('',#3563,3.3);
#2760=CARTESIAN_POINT('',(-1.3,0.2,3.8));
#2761=VECTOR('',#3564,1.4);
#2762=CARTESIAN_POINT('',(2.7,0.0,-3.8));
#2763=CARTESIAN_POINT('',(2.7,0.0,-3.8));
#2764=VECTOR('',#3565,0.2);
#2765=CARTESIAN_POINT('',(2.7,0.0,-4.8));
#2766=CARTESIAN_POINT('',(2.7,0.0,-3.8));
#2767=VECTOR('',#3566,1.0);
#2768=CARTESIAN_POINT('',(2.7,12.8,-4.8));
#2769=CARTESIAN_POINT('',(2.7,0.0,-4.8));
#2770=VECTOR('',#3567,12.8);
#2771=CARTESIAN_POINT('',(2.7,12.8,2.2));
#2772=CARTESIAN_POINT('',(2.7,12.8,-4.8));
#2773=VECTOR('',#3568,7.0);
#2774=CARTESIAN_POINT('',(2.7,12.8,2.2));
#2775=VECTOR('',#3569,12.6);
#2776=CARTESIAN_POINT('',(2.7,4.8,-3.625005172276));
#2777=CARTESIAN_POINT('',(2.7,4.8,-1.354994827724));
#2778=CARTESIAN_POINT('',(2.7,4.8,-3.625005172276));
#2779=VECTOR('',#3570,2.270010344551);
#2780=CARTESIAN_POINT('',(2.7,2.7,-3.625005172276));
#2781=CARTESIAN_POINT('',(2.7,4.8,-3.625005172276));
#2782=VECTOR('',#3571,2.1);
#2783=CARTESIAN_POINT('',(2.7,2.7,-1.354994827724));
#2784=CARTESIAN_POINT('',(2.7,2.7,-1.354994827724));
#2785=VECTOR('',#3572,2.270010344551);
#2786=CARTESIAN_POINT('',(2.7,4.8,-1.354994827724));
#2787=VECTOR('',#3573,2.1);
#2788=CARTESIAN_POINT('',(2.7,12.8,4.8));
#2789=CARTESIAN_POINT('',(2.7,12.8,3.0));
#2790=VECTOR('',#3574,1.8);
#2791=CARTESIAN_POINT('',(2.7,0.0,4.8));
#2792=CARTESIAN_POINT('',(2.7,12.8,4.8));
#2793=VECTOR('',#3575,12.8);
#2794=CARTESIAN_POINT('',(2.7,0.0,3.8));
#2795=CARTESIAN_POINT('',(2.7,0.0,4.8));
#2796=VECTOR('',#3576,1.0);
#2797=CARTESIAN_POINT('',(2.7,0.0,3.8));
#2798=VECTOR('',#3577,0.2);
#2799=AXIS2_PLACEMENT_3D('',#3578,#3579,#3580);
#2800=CARTESIAN_POINT('',(-1.7,12.8,-4.8));
#2801=CARTESIAN_POINT('',(-2.7,12.8,-4.8));
#2802=VECTOR('',#3581,1.0);
#2803=CARTESIAN_POINT('',(-3.1,12.8,-2.99));
#2804=CARTESIAN_POINT('',(-3.1,12.8,-2.99));
#2805=VECTOR('',#3582,0.5656854249492);
#2806=CARTESIAN_POINT('',(-3.1,12.8,-1.99));
#2807=CARTESIAN_POINT('',(-3.1,12.8,-1.99));
#2808=VECTOR('',#3583,1.0);
#2809=CARTESIAN_POINT('',(-2.7,12.8,-1.59));
#2810=VECTOR('',#3584,0.5656854249492);
#2811=CARTESIAN_POINT('',(-2.7,12.8,4.8));
#2812=VECTOR('',#3585,5.4);
#2813=CARTESIAN_POINT('',(1.7,12.8,-4.8));
#2814=CARTESIAN_POINT('',(1.7,12.8,-4.8));
#2815=VECTOR('',#3586,1.0);
#2816=CARTESIAN_POINT('',(-1.7,12.8,-4.8));
#2817=VECTOR('',#3587,3.4);
#2818=CARTESIAN_POINT('',(-1.8,12.8,3.9));
#2819=CARTESIAN_POINT('',(1.8,12.8,3.9));
#2820=CARTESIAN_POINT('',(-1.8,12.8,3.9));
#2821=VECTOR('',#3588,3.6);
#2822=CARTESIAN_POINT('',(-1.8,12.8,0.3));
#2823=CARTESIAN_POINT('',(-1.8,12.8,0.3));
#2824=VECTOR('',#3589,3.6);
#2825=CARTESIAN_POINT('',(1.8,12.8,0.3));
#2826=CARTESIAN_POINT('',(1.8,12.8,0.3));
#2827=VECTOR('',#3590,3.6);
#2828=CARTESIAN_POINT('',(1.8,12.8,3.9));
#2829=VECTOR('',#3591,3.6);
#2830=CARTESIAN_POINT('',(0.9,12.8,-0.3));
#2831=CARTESIAN_POINT('',(1.8,12.8,-1.2));
#2832=CARTESIAN_POINT('',(0.9,12.8,-0.3));
#2833=VECTOR('',#3592,1.272792206136);
#2834=CARTESIAN_POINT('',(-0.9,12.8,-0.3));
#2835=CARTESIAN_POINT('',(-0.9,12.8,-0.3));
#2836=VECTOR('',#3593,1.8);
#2837=CARTESIAN_POINT('',(-1.8,12.8,-1.2));
#2838=CARTESIAN_POINT('',(-1.8,12.8,-1.2));
#2839=VECTOR('',#3594,1.272792206136);
#2840=CARTESIAN_POINT('',(-1.8,12.8,-3.9));
#2841=CARTESIAN_POINT('',(-1.8,12.8,-3.9));
#2842=VECTOR('',#3595,2.7);
#2843=CARTESIAN_POINT('',(1.8,12.8,-3.9));
#2844=CARTESIAN_POINT('',(1.8,12.8,-3.9));
#2845=VECTOR('',#3596,3.6);
#2846=CARTESIAN_POINT('',(1.8,12.8,-1.2));
#2847=VECTOR('',#3597,2.7);
#2848=CARTESIAN_POINT('',(1.7,10.45,-6.2));
#2849=CARTESIAN_POINT('',(1.7,10.45,-6.2));
#2850=VECTOR('',#3598,2.735415873318);
#2851=CARTESIAN_POINT('',(-1.7,10.45,-6.2));
#2852=CARTESIAN_POINT('',(-1.7,10.45,-6.2));
#2853=VECTOR('',#3599,3.4);
#2854=CARTESIAN_POINT('',(-1.7,10.45,-6.2));
#2855=VECTOR('',#3600,2.735415873318);
#2856=CARTESIAN_POINT('',(-1.7,9.75,-6.2));
#2857=CARTESIAN_POINT('',(-1.7,9.75,-6.2));
#2858=VECTOR('',#3601,0.7);
#2859=CARTESIAN_POINT('',(-1.7,9.75,-4.8));
#2860=CARTESIAN_POINT('',(-1.7,9.75,-4.8));
#2861=VECTOR('',#3602,1.4);
#2862=CARTESIAN_POINT('',(-1.7,12.8,-4.8));
#2863=VECTOR('',#3603,3.05);
#2864=CARTESIAN_POINT('',(1.7,9.75,-4.8));
#2865=CARTESIAN_POINT('',(-1.7,9.75,-4.8));
#2866=VECTOR('',#3604,3.4);
#2867=CARTESIAN_POINT('',(1.7,12.8,-4.8));
#2868=VECTOR('',#3605,3.05);
#2869=CARTESIAN_POINT('',(1.0,0.0,-4.8));
#2870=CARTESIAN_POINT('',(1.0,0.0,-4.8));
#2871=VECTOR('',#3606,1.7);
#2872=CARTESIAN_POINT('',(1.0,0.8,-4.8));
#2873=CARTESIAN_POINT('',(1.0,0.0,-4.8));
#2874=VECTOR('',#3607,0.8);
#2875=CARTESIAN_POINT('',(-1.0,0.8,-4.8));
#2876=CARTESIAN_POINT('',(-1.0,0.8,-4.8));
#2877=VECTOR('',#3608,2.0);
#2878=CARTESIAN_POINT('',(-1.0,0.0,-4.8));
#2879=CARTESIAN_POINT('',(-1.0,0.0,-4.8));
#2880=VECTOR('',#3609,0.8);
#2881=CARTESIAN_POINT('',(-2.7,0.0,-4.8));
#2882=VECTOR('',#3610,1.7);
#2883=CARTESIAN_POINT('',(-1.7,0.0,-0.5));
#2884=CARTESIAN_POINT('',(-1.7,0.0,0.5));
#2885=CARTESIAN_POINT('',(-1.7,0.0,-0.5));
#2886=VECTOR('',#3611,1.0);
#2887=CARTESIAN_POINT('',(1.7,0.0,-0.5));
#2888=CARTESIAN_POINT('',(1.7,0.0,-0.5));
#2889=VECTOR('',#3612,3.4);
#2890=CARTESIAN_POINT('',(1.7,0.0,0.5));
#2891=CARTESIAN_POINT('',(1.7,0.0,0.5));
#2892=VECTOR('',#3613,1.0);
#2893=CARTESIAN_POINT('',(-1.7,0.0,0.5));
#2894=VECTOR('',#3614,3.4);
#2895=CARTESIAN_POINT('',(-1.0,0.0,3.8));
#2896=CARTESIAN_POINT('',(-2.7,0.0,3.8));
#2897=VECTOR('',#3615,1.7);
#2898=CARTESIAN_POINT('',(-1.0,0.0,4.8));
#2899=CARTESIAN_POINT('',(-1.0,0.0,4.8));
#2900=VECTOR('',#3616,1.0);
#2901=CARTESIAN_POINT('',(-2.7,0.0,4.8));
#2902=VECTOR('',#3617,1.7);
#2903=CARTESIAN_POINT('',(1.0,0.0,4.8));
#2904=CARTESIAN_POINT('',(1.0,0.0,3.8));
#2905=CARTESIAN_POINT('',(1.0,0.0,4.8));
#2906=VECTOR('',#3618,1.0);
#2907=CARTESIAN_POINT('',(1.0,0.0,3.8));
#2908=VECTOR('',#3619,1.7);
#2909=CARTESIAN_POINT('',(1.0,0.0,4.8));
#2910=VECTOR('',#3620,1.7);
#2911=CARTESIAN_POINT('',(-1.0,0.0,-3.8));
#2912=CARTESIAN_POINT('',(-1.0,0.0,-4.8));
#2913=VECTOR('',#3621,1.0);
#2914=CARTESIAN_POINT('',(-2.7,0.0,-3.8));
#2915=VECTOR('',#3622,1.7);
#2916=CARTESIAN_POINT('',(1.0,0.0,-3.8));
#2917=CARTESIAN_POINT('',(1.0,0.0,-3.8));
#2918=VECTOR('',#3623,1.7);
#2919=CARTESIAN_POINT('',(1.0,0.0,-4.8));
#2920=VECTOR('',#3624,1.0);
#2921=CARTESIAN_POINT('',(-1.3,0.8,0.5));
#2922=CARTESIAN_POINT('',(1.3,0.8,0.5));
#2923=CARTESIAN_POINT('',(-1.3,0.8,0.5));
#2924=VECTOR('',#3625,2.6);
#2925=CARTESIAN_POINT('',(-1.3,0.2,0.5));
#2926=VECTOR('',#3626,0.6);
#2927=CARTESIAN_POINT('',(-1.7,0.0,0.5));
#2928=VECTOR('',#3627,0.2);
#2929=CARTESIAN_POINT('',(1.7,0.0,0.5));
#2930=VECTOR('',#3628,0.2);
#2931=CARTESIAN_POINT('',(1.3,0.2,0.5));
#2932=VECTOR('',#3629,0.6);
#2933=CARTESIAN_POINT('',(1.3,0.8,3.8));
#2934=CARTESIAN_POINT('',(1.3,0.2,3.8));
#2935=VECTOR('',#3630,0.6);
#2936=CARTESIAN_POINT('',(1.3,0.8,0.5));
#2937=VECTOR('',#3631,3.3);
#2938=CARTESIAN_POINT('',(1.0,0.8,-3.8));
#2939=CARTESIAN_POINT('',(1.0,0.8,-4.8));
#2940=VECTOR('',#3632,1.0);
#2941=CARTESIAN_POINT('',(1.3,0.8,-3.8));
#2942=CARTESIAN_POINT('',(1.0,0.8,-3.8));
#2943=VECTOR('',#3633,0.3);
#2944=CARTESIAN_POINT('',(1.3,0.8,-0.5));
#2945=CARTESIAN_POINT('',(1.3,0.8,-3.8));
#2946=VECTOR('',#3634,3.3);
#2947=CARTESIAN_POINT('',(-1.3,0.8,-0.5));
#2948=CARTESIAN_POINT('',(1.3,0.8,-0.5));
#2949=VECTOR('',#3635,2.6);
#2950=CARTESIAN_POINT('',(-1.3,0.8,-3.8));
#2951=CARTESIAN_POINT('',(-1.3,0.8,-0.5));
#2952=VECTOR('',#3636,3.3);
#2953=CARTESIAN_POINT('',(-1.0,0.8,-3.8));
#2954=CARTESIAN_POINT('',(-1.3,0.8,-3.8));
#2955=VECTOR('',#3637,0.3);
#2956=CARTESIAN_POINT('',(-1.0,0.8,-3.8));
#2957=VECTOR('',#3638,1.0);
#2958=CARTESIAN_POINT('',(0.57,0.8,-3.25));
#2959=CARTESIAN_POINT('',(-0.57,0.8,-3.25));
#2960=CARTESIAN_POINT('',(0.57,0.8,-3.25));
#2961=VECTOR('',#3639,1.14);
#2962=CARTESIAN_POINT('',(-0.57,0.8,-2.65));
#2963=CARTESIAN_POINT('',(-0.57,0.8,-3.25));
#2964=VECTOR('',#3640,0.6);
#2965=CARTESIAN_POINT('',(0.57,0.8,-2.65));
#2966=CARTESIAN_POINT('',(0.57,0.8,-2.65));
#2967=VECTOR('',#3641,1.14);
#2968=CARTESIAN_POINT('',(0.57,0.8,-3.25));
#2969=VECTOR('',#3642,0.6);
#2970=CARTESIAN_POINT('',(-1.0,0.8,4.8));
#2971=CARTESIAN_POINT('',(-1.0,0.8,3.8));
#2972=CARTESIAN_POINT('',(-1.0,0.8,4.8));
#2973=VECTOR('',#3643,1.0);
#2974=CARTESIAN_POINT('',(-1.3,0.8,3.8));
#2975=CARTESIAN_POINT('',(-1.0,0.8,3.8));
#2976=VECTOR('',#3644,0.3);
#2977=CARTESIAN_POINT('',(-1.3,0.8,3.8));
#2978=VECTOR('',#3645,3.3);
#2979=CARTESIAN_POINT('',(1.0,0.8,3.8));
#2980=CARTESIAN_POINT('',(1.3,0.8,3.8));
#2981=VECTOR('',#3646,0.3);
#2982=CARTESIAN_POINT('',(1.0,0.8,4.8));
#2983=CARTESIAN_POINT('',(1.0,0.8,3.8));
#2984=VECTOR('',#3647,1.0);
#2985=CARTESIAN_POINT('',(-1.0,0.8,4.8));
#2986=VECTOR('',#3648,2.0);
#2987=CARTESIAN_POINT('',(0.57,0.8,2.25));
#2988=CARTESIAN_POINT('',(-0.57,0.8,2.25));
#2989=CARTESIAN_POINT('',(0.57,0.8,2.25));
#2990=VECTOR('',#3649,1.14);
#2991=CARTESIAN_POINT('',(-0.57,0.8,2.85));
#2992=CARTESIAN_POINT('',(-0.57,0.8,2.25));
#2993=VECTOR('',#3650,0.6);
#2994=CARTESIAN_POINT('',(0.57,0.8,2.85));
#2995=CARTESIAN_POINT('',(0.57,0.8,2.85));
#2996=VECTOR('',#3651,1.14);
#2997=CARTESIAN_POINT('',(0.57,0.8,2.25));
#2998=VECTOR('',#3652,0.6);
#2999=CARTESIAN_POINT('',(-1.0,0.8,-3.8));
#3000=VECTOR('',#3653,0.8);
#3001=CARTESIAN_POINT('',(1.3,0.2,-3.8));
#3002=VECTOR('',#3654,0.6);
#3003=CARTESIAN_POINT('',(1.0,0.0,-3.8));
#3004=VECTOR('',#3655,0.8);
#3005=CARTESIAN_POINT('',(-1.3,0.2,-3.8));
#3006=VECTOR('',#3656,0.6);
#3007=CARTESIAN_POINT('',(1.3,0.2,-0.5));
#3008=VECTOR('',#3657,0.6);
#3009=CARTESIAN_POINT('',(1.7,0.0,-0.5));
#3010=VECTOR('',#3658,0.2);
#3011=CARTESIAN_POINT('',(-1.7,0.0,-0.5));
#3012=VECTOR('',#3659,0.2);
#3013=CARTESIAN_POINT('',(-1.3,0.2,-0.5));
#3014=VECTOR('',#3660,0.6);
#3015=CARTESIAN_POINT('',(-1.0,0.0,4.8));
#3016=VECTOR('',#3661,0.8);
#3017=CARTESIAN_POINT('',(1.0,0.0,4.8));
#3018=VECTOR('',#3662,0.8);
#3019=CARTESIAN_POINT('',(1.0,0.8,3.8));
#3020=VECTOR('',#3663,0.8);
#3021=CARTESIAN_POINT('',(-1.0,0.0,3.8));
#3022=VECTOR('',#3664,0.8);
#3023=CARTESIAN_POINT('',(-1.3,0.2,3.8));
#3024=VECTOR('',#3665,0.6);
#3025=CARTESIAN_POINT('',(0.57,4.3,-2.85));
#3026=CARTESIAN_POINT('',(0.57,3.7,-3.25));
#3027=CARTESIAN_POINT('',(0.57,4.3,-2.85));
#3028=VECTOR('',#3666,0.7211102550928);
#3029=CARTESIAN_POINT('',(0.57,9.2,-2.85));
#3030=CARTESIAN_POINT('',(0.57,9.2,-2.85));
#3031=VECTOR('',#3667,4.9);
#3032=CARTESIAN_POINT('',(0.57,9.2,-1.71));
#3033=CARTESIAN_POINT('',(0.57,9.2,-1.71));
#3034=VECTOR('',#3668,1.14);
#3035=CARTESIAN_POINT('',(0.57,3.7,-1.71));
#3036=CARTESIAN_POINT('',(0.57,3.7,-1.71));
#3037=VECTOR('',#3669,5.5);
#3038=CARTESIAN_POINT('',(0.57,3.7,-3.25));
#3039=VECTOR('',#3670,1.54);
#3040=CARTESIAN_POINT('',(0.57,9.2,1.31));
#3041=CARTESIAN_POINT('',(0.57,3.7,1.31));
#3042=CARTESIAN_POINT('',(0.57,9.2,1.31));
#3043=VECTOR('',#3671,5.5);
#3044=CARTESIAN_POINT('',(0.57,9.2,2.45));
#3045=CARTESIAN_POINT('',(0.57,9.2,2.45));
#3046=VECTOR('',#3672,1.14);
#3047=CARTESIAN_POINT('',(0.57,4.3,2.45));
#3048=CARTESIAN_POINT('',(0.57,4.3,2.45));
#3049=VECTOR('',#3673,4.9);
#3050=CARTESIAN_POINT('',(0.57,3.7,2.85));
#3051=CARTESIAN_POINT('',(0.57,3.7,2.85));
#3052=VECTOR('',#3674,0.7211102550928);
#3053=CARTESIAN_POINT('',(0.57,3.7,1.31));
#3054=VECTOR('',#3675,1.54);
#3055=CARTESIAN_POINT('',(0.57,-3.5,2.85));
#3056=CARTESIAN_POINT('',(0.57,-3.5,2.85));
#3057=VECTOR('',#3676,4.3);
#3058=CARTESIAN_POINT('',(0.57,-3.5,2.69));
#3059=CARTESIAN_POINT('',(0.57,-3.5,2.69));
#3060=VECTOR('',#3677,0.16);
#3061=CARTESIAN_POINT('',(0.57,-2.23,2.25));
#3062=CARTESIAN_POINT('',(0.57,-2.23,2.25));
#3063=VECTOR('',#3678,1.34406101052);
#3064=CARTESIAN_POINT('',(0.57,0.8,2.25));
#3065=VECTOR('',#3679,3.03);
#3066=CARTESIAN_POINT('',(0.57,-2.23,-2.65));
#3067=CARTESIAN_POINT('',(0.57,-2.23,-2.65));
#3068=VECTOR('',#3680,3.03);
#3069=CARTESIAN_POINT('',(0.57,-3.5,-3.09));
#3070=CARTESIAN_POINT('',(0.57,-3.5,-3.09));
#3071=VECTOR('',#3681,1.34406101052);
#3072=CARTESIAN_POINT('',(0.57,-3.5,-3.25));
#3073=CARTESIAN_POINT('',(0.57,-3.5,-3.25));
#3074=VECTOR('',#3682,0.16);
#3075=CARTESIAN_POINT('',(0.57,0.8,-3.25));
#3076=VECTOR('',#3683,4.3);
#3077=CARTESIAN_POINT('',(1.8,3.7,0.3));
#3078=CARTESIAN_POINT('',(-1.8,3.7,0.3));
#3079=CARTESIAN_POINT('',(1.8,3.7,0.3));
#3080=VECTOR('',#3684,3.6);
#3081=CARTESIAN_POINT('',(-1.8,3.7,3.9));
#3082=CARTESIAN_POINT('',(-1.8,3.7,0.3));
#3083=VECTOR('',#3685,3.6);
#3084=CARTESIAN_POINT('',(1.8,3.7,3.9));
#3085=CARTESIAN_POINT('',(-1.8,3.7,3.9));
#3086=VECTOR('',#3686,3.6);
#3087=CARTESIAN_POINT('',(1.8,3.7,3.9));
#3088=VECTOR('',#3687,3.6);
#3089=CARTESIAN_POINT('',(-0.57,3.7,2.85));
#3090=CARTESIAN_POINT('',(0.57,3.7,2.85));
#3091=VECTOR('',#3688,1.14);
#3092=CARTESIAN_POINT('',(-0.57,3.7,1.31));
#3093=CARTESIAN_POINT('',(-0.57,3.7,1.31));
#3094=VECTOR('',#3689,1.54);
#3095=CARTESIAN_POINT('',(0.57,3.7,1.31));
#3096=VECTOR('',#3690,1.14);
#3097=CARTESIAN_POINT('',(1.8,3.7,-3.9));
#3098=CARTESIAN_POINT('',(-1.8,3.7,-3.9));
#3099=CARTESIAN_POINT('',(1.8,3.7,-3.9));
#3100=VECTOR('',#3691,3.6);
#3101=CARTESIAN_POINT('',(-1.8,3.7,-1.2));
#3102=CARTESIAN_POINT('',(-1.8,3.7,-3.9));
#3103=VECTOR('',#3692,2.7);
#3104=CARTESIAN_POINT('',(-0.9,3.7,-0.3));
#3105=CARTESIAN_POINT('',(-1.8,3.7,-1.2));
#3106=VECTOR('',#3693,1.272792206136);
#3107=CARTESIAN_POINT('',(0.9,3.7,-0.3));
#3108=CARTESIAN_POINT('',(-0.9,3.7,-0.3));
#3109=VECTOR('',#3694,1.8);
#3110=CARTESIAN_POINT('',(1.8,3.7,-1.2));
#3111=CARTESIAN_POINT('',(0.9,3.7,-0.3));
#3112=VECTOR('',#3695,1.272792206136);
#3113=CARTESIAN_POINT('',(1.8,3.7,-1.2));
#3114=VECTOR('',#3696,2.7);
#3115=CARTESIAN_POINT('',(-0.57,3.7,-1.71));
#3116=CARTESIAN_POINT('',(0.57,3.7,-1.71));
#3117=VECTOR('',#3697,1.14);
#3118=CARTESIAN_POINT('',(-0.57,3.7,-3.25));
#3119=CARTESIAN_POINT('',(-0.57,3.7,-3.25));
#3120=VECTOR('',#3698,1.54);
#3121=CARTESIAN_POINT('',(0.57,3.7,-3.25));
#3122=VECTOR('',#3699,1.14);
#3123=CARTESIAN_POINT('',(1.8,12.8,0.3));
#3124=VECTOR('',#3700,9.1);
#3125=CARTESIAN_POINT('',(1.8,12.8,3.9));
#3126=VECTOR('',#3701,9.1);
#3127=CARTESIAN_POINT('',(-1.8,12.8,3.9));
#3128=VECTOR('',#3702,9.1);
#3129=CARTESIAN_POINT('',(-1.8,12.8,0.3));
#3130=VECTOR('',#3703,9.1);
#3131=CARTESIAN_POINT('',(1.8,12.8,-3.9));
#3132=VECTOR('',#3704,9.1);
#3133=CARTESIAN_POINT('',(1.8,12.8,-1.2));
#3134=VECTOR('',#3705,9.1);
#3135=CARTESIAN_POINT('',(0.9,12.8,-0.3));
#3136=VECTOR('',#3706,9.1);
#3137=CARTESIAN_POINT('',(-0.9,12.8,-0.3));
#3138=VECTOR('',#3707,9.1);
#3139=CARTESIAN_POINT('',(-1.8,12.8,-1.2));
#3140=VECTOR('',#3708,9.1);
#3141=CARTESIAN_POINT('',(-1.8,12.8,-3.9));
#3142=VECTOR('',#3709,9.1);
#3143=CARTESIAN_POINT('',(-0.57,4.3,-2.85));
#3144=CARTESIAN_POINT('',(-0.57,4.3,-2.85));
#3145=VECTOR('',#3710,0.7211102550928);
#3146=CARTESIAN_POINT('',(0.57,4.3,-2.85));
#3147=VECTOR('',#3711,1.14);
#3148=CARTESIAN_POINT('',(-0.57,9.2,-2.85));
#3149=CARTESIAN_POINT('',(-0.57,9.2,-2.85));
#3150=VECTOR('',#3712,4.9);
#3151=CARTESIAN_POINT('',(0.57,9.2,-2.85));
#3152=VECTOR('',#3713,1.14);
#3153=CARTESIAN_POINT('',(-0.57,9.2,-1.71));
#3154=CARTESIAN_POINT('',(-0.57,9.2,-1.71));
#3155=VECTOR('',#3714,1.14);
#3156=CARTESIAN_POINT('',(0.57,9.2,-1.71));
#3157=VECTOR('',#3715,1.14);
#3158=CARTESIAN_POINT('',(-0.57,3.7,-1.71));
#3159=VECTOR('',#3716,5.5);
#3160=CARTESIAN_POINT('',(-0.57,4.3,2.45));
#3161=CARTESIAN_POINT('',(-0.57,3.7,2.85));
#3162=VECTOR('',#3717,0.7211102550928);
#3163=CARTESIAN_POINT('',(-0.57,9.2,2.45));
#3164=CARTESIAN_POINT('',(-0.57,4.3,2.45));
#3165=VECTOR('',#3718,4.9);
#3166=CARTESIAN_POINT('',(-0.57,9.2,1.31));
#3167=CARTESIAN_POINT('',(-0.57,9.2,2.45));
#3168=VECTOR('',#3719,1.14);
#3169=CARTESIAN_POINT('',(-0.57,9.2,1.31));
#3170=VECTOR('',#3720,5.5);
#3171=CARTESIAN_POINT('',(-0.57,-2.23,2.25));
#3172=CARTESIAN_POINT('',(-0.57,-3.5,2.69));
#3173=CARTESIAN_POINT('',(-0.57,-2.23,2.25));
#3174=VECTOR('',#3721,1.34406101052);
#3175=CARTESIAN_POINT('',(-0.57,-3.5,2.85));
#3176=CARTESIAN_POINT('',(-0.57,-3.5,2.69));
#3177=VECTOR('',#3722,0.16);
#3178=CARTESIAN_POINT('',(-0.57,-3.5,2.85));
#3179=VECTOR('',#3723,4.3);
#3180=CARTESIAN_POINT('',(-0.57,0.8,2.25));
#3181=VECTOR('',#3724,3.03);
#3182=CARTESIAN_POINT('',(-0.57,-3.5,-3.25));
#3183=CARTESIAN_POINT('',(-0.57,0.8,-3.25));
#3184=VECTOR('',#3725,4.3);
#3185=CARTESIAN_POINT('',(-0.57,-3.5,-3.09));
#3186=CARTESIAN_POINT('',(-0.57,-3.5,-3.25));
#3187=VECTOR('',#3726,0.16);
#3188=CARTESIAN_POINT('',(-0.57,-2.23,-2.65));
#3189=CARTESIAN_POINT('',(-0.57,-3.5,-3.09));
#3190=VECTOR('',#3727,1.34406101052);
#3191=CARTESIAN_POINT('',(-0.57,-2.23,-2.65));
#3192=VECTOR('',#3728,3.03);
#3193=CARTESIAN_POINT('',(0.57,9.2,1.31));
#3194=VECTOR('',#3729,1.14);
#3195=CARTESIAN_POINT('',(0.57,9.2,2.45));
#3196=VECTOR('',#3730,1.14);
#3197=CARTESIAN_POINT('',(0.57,4.3,2.45));
#3198=VECTOR('',#3731,1.14);
#3199=CARTESIAN_POINT('',(0.57,-2.23,2.25));
#3200=VECTOR('',#3732,1.14);
#3201=CARTESIAN_POINT('',(0.57,-3.5,2.69));
#3202=VECTOR('',#3733,1.14);
#3203=CARTESIAN_POINT('',(0.57,-3.5,2.85));
#3204=VECTOR('',#3734,1.14);
#3205=CARTESIAN_POINT('',(0.57,-2.23,-2.65));
#3206=VECTOR('',#3735,1.14);
#3207=CARTESIAN_POINT('',(0.57,-3.5,-3.09));
#3208=VECTOR('',#3736,1.14);
#3209=CARTESIAN_POINT('',(0.57,-3.5,-3.25));
#3210=VECTOR('',#3737,1.14);
#3211=CARTESIAN_POINT('',(1.7,9.75,-6.2));
#3212=CARTESIAN_POINT('',(1.7,9.75,-4.8));
#3213=VECTOR('',#3738,1.4);
#3214=CARTESIAN_POINT('',(1.7,9.75,-6.2));
#3215=VECTOR('',#3739,0.7);
#3216=CARTESIAN_POINT('',(-1.7,9.75,-6.2));
#3217=VECTOR('',#3740,3.4);
#3218=CARTESIAN_POINT('',(-3.1,4.8,-1.99));
#3219=CARTESIAN_POINT('',(-3.1,12.8,-1.99));
#3220=VECTOR('',#3741,8.0);
#3221=CARTESIAN_POINT('',(-2.7,4.8,-1.59));
#3222=VECTOR('',#3742,0.5656854249492);
#3223=CARTESIAN_POINT('',(3.4,4.8,-3.403629380496));
#3224=CARTESIAN_POINT('',(6.088936325,4.8,-3.261734753656));
#3225=AXIS2_PLACEMENT_3D('',#3743,#3744,#3745);
#3226=AXIS2_PLACEMENT_3D('',#3746,#3747,#3748);
#3227=CARTESIAN_POINT('',(3.4,4.8,-1.576370619504));
#3228=AXIS2_PLACEMENT_3D('',#3749,#3750,#3751);
#3229=CARTESIAN_POINT('',(6.088936325,4.8,-1.718265246344));
#3230=AXIS2_PLACEMENT_3D('',#3752,#3753,#3754);
#3231=CARTESIAN_POINT('',(6.088936325,4.8,-3.261734753656));
#3232=VECTOR('',#3755,1.543469507312);
#3233=CARTESIAN_POINT('',(-3.4,4.8,-1.576370619504));
#3234=AXIS2_PLACEMENT_3D('',#3756,#3757,#3758);
#3235=CARTESIAN_POINT('',(-3.1,4.8,-2.99));
#3236=CARTESIAN_POINT('',(-3.1,4.8,-1.99));
#3237=VECTOR('',#3759,1.0);
#3238=CARTESIAN_POINT('',(-3.1,4.8,-2.99));
#3239=VECTOR('',#3760,0.5656854249492);
#3240=CARTESIAN_POINT('',(-3.4,4.8,-3.403629380496));
#3241=AXIS2_PLACEMENT_3D('',#3761,#3762,#3763);
#3242=CARTESIAN_POINT('',(-6.088936325,4.8,-3.261734753656));
#3243=AXIS2_PLACEMENT_3D('',#3764,#3765,#3766);
#3244=CARTESIAN_POINT('',(-6.088936325,4.8,-1.718265246344));
#3245=CARTESIAN_POINT('',(-6.088936325,4.8,-3.261734753656));
#3246=VECTOR('',#3767,1.543469507312);
#3247=AXIS2_PLACEMENT_3D('',#3768,#3769,#3770);
#3248=CARTESIAN_POINT('',(6.088936325,1.3,-1.89));
#3249=CARTESIAN_POINT('',(6.088936325,1.3,-3.09));
#3250=AXIS2_PLACEMENT_3D('',#3771,#3772,#3773);
#3251=CARTESIAN_POINT('',(6.088936325,-2.06,-3.09));
#3252=CARTESIAN_POINT('',(6.088936325,-2.06,-3.09));
#3253=VECTOR('',#3774,3.36);
#3254=CARTESIAN_POINT('',(6.088936325,-2.06,-3.261734753656));
#3255=CARTESIAN_POINT('',(6.088936325,-2.06,-3.09));
#3256=VECTOR('',#3775,0.1717347536558);
#3257=CARTESIAN_POINT('',(6.088936325,4.8,-3.261734753656));
#3258=VECTOR('',#3776,6.86);
#3259=CARTESIAN_POINT('',(6.088936325,-2.06,-1.718265246344));
#3260=CARTESIAN_POINT('',(6.088936325,4.8,-1.718265246344));
#3261=VECTOR('',#3777,6.86);
#3262=CARTESIAN_POINT('',(6.088936325,-2.06,-1.89));
#3263=CARTESIAN_POINT('',(6.088936325,-2.06,-1.718265246344));
#3264=VECTOR('',#3778,0.1717347536558);
#3265=CARTESIAN_POINT('',(6.088936325,-2.06,-1.89));
#3266=VECTOR('',#3779,3.36);
#3267=CARTESIAN_POINT('',(3.911063675,-3.3,-1.89));
#3268=CARTESIAN_POINT('',(3.4,-2.06,-1.89));
#3269=CARTESIAN_POINT('',(3.911063675,-3.3,-1.89));
#3270=VECTOR('',#3780,1.34118830889);
#3271=CARTESIAN_POINT('',(3.4,1.3,-1.89));
#3272=CARTESIAN_POINT('',(3.4,-2.06,-1.89));
#3273=VECTOR('',#3781,3.36);
#3274=CARTESIAN_POINT('',(3.4,1.3,-1.89));
#3275=VECTOR('',#3782,2.688936325);
#3276=CARTESIAN_POINT('',(5.488936325,-3.3,-1.89));
#3277=CARTESIAN_POINT('',(6.088936325,-2.06,-1.89));
#3278=VECTOR('',#3783,1.377534028618);
#3279=CARTESIAN_POINT('',(5.488936325,-3.3,-1.89));
#3280=VECTOR('',#3784,1.577872650001);
#3281=CARTESIAN_POINT('',(5.488936325,-3.3,-1.110761760971));
#3282=CARTESIAN_POINT('',(5.488936325,-3.3,-1.110761760971));
#3283=VECTOR('',#3785,0.7792382390293);
#3284=CARTESIAN_POINT('',(3.911063675,-3.3,-1.110761760971));
#3285=AXIS2_PLACEMENT_3D('',#3786,#3787,#3788);
#3286=CARTESIAN_POINT('',(3.911063675,-3.3,-1.110761760971));
#3287=VECTOR('',#3789,0.7792382390293);
#3288=CARTESIAN_POINT('',(3.911063675,-3.3,-3.09));
#3289=CARTESIAN_POINT('',(3.911063675,-3.3,-3.869238239029));
#3290=CARTESIAN_POINT('',(3.911063675,-3.3,-3.09));
#3291=VECTOR('',#3790,0.7792382390293);
#3292=CARTESIAN_POINT('',(5.488936325,-3.3,-3.869238239029));
#3293=AXIS2_PLACEMENT_3D('',#3791,#3792,#3793);
#3294=CARTESIAN_POINT('',(5.488936325,-3.3,-3.09));
#3295=CARTESIAN_POINT('',(5.488936325,-3.3,-3.09));
#3296=VECTOR('',#3794,0.7792382390293);
#3297=CARTESIAN_POINT('',(5.488936325,-3.3,-3.09));
#3298=VECTOR('',#3795,1.577872650001);
#3299=CARTESIAN_POINT('',(-3.911063675,-3.3,-1.110761760971));
#3300=CARTESIAN_POINT('',(-3.911063675,-3.3,-1.89));
#3301=CARTESIAN_POINT('',(-3.911063675,-3.3,-1.110761760971));
#3302=VECTOR('',#3796,0.7792382390293);
#3303=CARTESIAN_POINT('',(-5.488936325,-3.3,-1.110761760971));
#3304=AXIS2_PLACEMENT_3D('',#3797,#3798,#3799);
#3305=CARTESIAN_POINT('',(-5.488936325,-3.3,-1.89));
#3306=CARTESIAN_POINT('',(-5.488936325,-3.3,-1.110761760971));
#3307=VECTOR('',#3800,0.7792382390293);
#3308=CARTESIAN_POINT('',(-5.488936325,-3.3,-1.89));
#3309=VECTOR('',#3801,1.577872650001);
#3310=CARTESIAN_POINT('',(-5.488936325,-3.3,-3.09));
#3311=CARTESIAN_POINT('',(-5.488936325,-3.3,-3.869238239029));
#3312=CARTESIAN_POINT('',(-5.488936325,-3.3,-3.09));
#3313=VECTOR('',#3802,0.7792382390293);
#3314=CARTESIAN_POINT('',(-3.911063675,-3.3,-3.869238239029));
#3315=AXIS2_PLACEMENT_3D('',#3803,#3804,#3805);
#3316=CARTESIAN_POINT('',(-3.911063675,-3.3,-3.09));
#3317=CARTESIAN_POINT('',(-3.911063675,-3.3,-3.09));
#3318=VECTOR('',#3806,0.7792382390293);
#3319=CARTESIAN_POINT('',(-5.488936325,-3.3,-3.09));
#3320=VECTOR('',#3807,1.577872650001);
#3321=CARTESIAN_POINT('',(3.50303703125,-2.31,-1.028712864853));
#3322=CARTESIAN_POINT('',(3.911063675,-3.3,-1.110761760971));
#3323=CARTESIAN_POINT('',(3.775348836176,-2.97071343871,-1.073436992072));
#3324=CARTESIAN_POINT('',(3.639324616169,-2.640676222097,-1.046607714192));
#3325=CARTESIAN_POINT('',(3.50303703125,-2.31,-1.028712864853));
#3326=CARTESIAN_POINT('',(3.4,-2.06,-1.119569250233));
#3327=CARTESIAN_POINT('',(3.50303703125,-2.31,-1.028712864853));
#3328=CARTESIAN_POINT('',(3.468441521702,-2.226060495123,-1.057050583579));
#3329=CARTESIAN_POINT('',(3.434083226041,-2.142696545182,-1.087237668458));
#3330=CARTESIAN_POINT('',(3.4,-2.06,-1.119569250233));
#3331=CARTESIAN_POINT('',(3.4,-2.06,-1.576370619504));
#3332=CARTESIAN_POINT('',(3.4,-2.06,-1.119569250233));
#3333=VECTOR('',#3808,0.4568013692705);
#3334=CARTESIAN_POINT('',(3.4,-2.06,-1.576370619504));
#3335=VECTOR('',#3809,0.3136293804963);
#3336=CARTESIAN_POINT('',(3.4,-2.06,-3.09));
#3337=CARTESIAN_POINT('',(3.4,-2.06,-3.403629380496));
#3338=CARTESIAN_POINT('',(3.4,-2.06,-3.09));
#3339=VECTOR('',#3810,0.3136293804963);
#3340=CARTESIAN_POINT('',(3.4,-2.06,-3.860430749767));
#3341=CARTESIAN_POINT('',(3.4,-2.06,-3.403629380496));
#3342=VECTOR('',#3811,0.4568013692705);
#3343=CARTESIAN_POINT('',(3.50303703125,-2.31,-3.951287135147));
#3344=CARTESIAN_POINT('',(3.4,-2.06,-3.860430749767));
#3345=CARTESIAN_POINT('',(3.434083226041,-2.142696545182,-3.892762331542));
#3346=CARTESIAN_POINT('',(3.468441521702,-2.226060495123,-3.922949416421));
#3347=CARTESIAN_POINT('',(3.50303703125,-2.31,-3.951287135147));
#3348=CARTESIAN_POINT('',(3.50303703125,-2.31,-3.951287135147));
#3349=CARTESIAN_POINT('',(3.639324616169,-2.640676222097,-3.933392285808));
#3350=CARTESIAN_POINT('',(3.775348836176,-2.97071343871,-3.906563007928));
#3351=CARTESIAN_POINT('',(3.911063675,-3.3,-3.869238239029));
#3352=CARTESIAN_POINT('',(3.911063675,-3.3,-3.09));
#3353=VECTOR('',#3812,1.34118830889);
#3354=CARTESIAN_POINT('',(3.4,2.7,-1.576370619504));
#3355=CARTESIAN_POINT('',(3.4,2.7,-1.576370619504));
#3356=VECTOR('',#3813,4.76);
#3357=CARTESIAN_POINT('',(3.4,2.7,-3.403629380496));
#3358=CARTESIAN_POINT('',(3.4,2.7,-1.576370619504));
#3359=VECTOR('',#3814,1.827258760993);
#3360=CARTESIAN_POINT('',(3.4,2.7,-3.403629380496));
#3361=VECTOR('',#3815,4.76);
#3362=CARTESIAN_POINT('',(3.4,1.3,-3.09));
#3363=CARTESIAN_POINT('',(3.4,-2.06,-3.09));
#3364=VECTOR('',#3816,3.36);
#3365=AXIS2_PLACEMENT_3D('',#3817,#3818,#3819);
#3366=CARTESIAN_POINT('',(3.4,1.3,-3.09));
#3367=VECTOR('',#3820,2.688936325);
#3368=CARTESIAN_POINT('',(6.088936325,-2.06,-3.09));
#3369=VECTOR('',#3821,1.377534028618);
#3370=CARTESIAN_POINT('',(6.088936325,-2.06,-1.209790515189));
#3371=CARTESIAN_POINT('',(6.088936325,-2.06,-1.209790515189));
#3372=VECTOR('',#3822,0.5084747311554);
#3373=CARTESIAN_POINT('',(5.967968583065,-2.31,-1.089879965051));
#3374=CARTESIAN_POINT('',(6.088936325,-2.06,-1.209790515189));
#3375=CARTESIAN_POINT('',(6.049205012472,-2.142111379225,-1.166684864227));
#3376=CARTESIAN_POINT('',(6.008847408204,-2.225517094713,-1.126900409509));
#3377=CARTESIAN_POINT('',(5.967968583065,-2.31,-1.089879965051));
#3378=CARTESIAN_POINT('',(5.967968583065,-2.31,-1.089879965051));
#3379=CARTESIAN_POINT('',(5.808151161297,-2.640289338321,-1.080177783593));
#3380=CARTESIAN_POINT('',(5.648471872957,-2.970293200891,-1.086915939673));
#3381=CARTESIAN_POINT('',(5.488936325,-3.3,-1.110761760971));
#3382=CARTESIAN_POINT('',(5.967968583065,-2.31,-3.890120034949));
#3383=CARTESIAN_POINT('',(5.488936325,-3.3,-3.869238239029));
#3384=CARTESIAN_POINT('',(5.648471872957,-2.970293200891,-3.893084060327));
#3385=CARTESIAN_POINT('',(5.808151161297,-2.640289338321,-3.899822216407));
#3386=CARTESIAN_POINT('',(5.967968583065,-2.31,-3.890120034949));
#3387=CARTESIAN_POINT('',(6.088936325,-2.06,-3.770209484811));
#3388=CARTESIAN_POINT('',(5.967968583065,-2.31,-3.890120034949));
#3389=CARTESIAN_POINT('',(6.008847408204,-2.225517094713,-3.853099590491));
#3390=CARTESIAN_POINT('',(6.049205012472,-2.142111379225,-3.813315135773));
#3391=CARTESIAN_POINT('',(6.088936325,-2.06,-3.770209484811));
#3392=CARTESIAN_POINT('',(6.088936325,-2.06,-3.261734753656));
#3393=VECTOR('',#3823,0.5084747311554);
#3394=AXIS2_PLACEMENT_3D('',#3824,#3825,#3826);
#3395=AXIS2_PLACEMENT_3D('',#3827,#3828,#3829);
#3396=AXIS2_PLACEMENT_3D('',#3830,#3831,#3832);
#3397=AXIS2_PLACEMENT_3D('',#3833,#3834,#3835);
#3398=AXIS2_PLACEMENT_3D('',#3836,#3837,#3838);
#3399=CARTESIAN_POINT('',(3.4,4.8,-3.403629380496));
#3400=VECTOR('',#3839,2.1);
#3401=CARTESIAN_POINT('',(3.4,4.8,-1.576370619504));
#3402=VECTOR('',#3840,2.1);
#3403=AXIS2_PLACEMENT_3D('',#3841,#3842,#3843);
#3404=AXIS2_PLACEMENT_3D('',#3844,#3845,#3846);
#3405=CARTESIAN_POINT('',(-3.4,2.7,-1.576370619504));
#3406=AXIS2_PLACEMENT_3D('',#3847,#3848,#3849);
#3407=CARTESIAN_POINT('',(-3.4,2.7,-3.403629380496));
#3408=CARTESIAN_POINT('',(-3.4,2.7,-1.576370619504));
#3409=VECTOR('',#3850,1.827258760993);
#3410=AXIS2_PLACEMENT_3D('',#3851,#3852,#3853);
#3411=CARTESIAN_POINT('',(-3.4,4.8,-3.403629380496));
#3412=VECTOR('',#3854,2.1);
#3413=CARTESIAN_POINT('',(-6.088936325,-2.06,-1.718265246344));
#3414=CARTESIAN_POINT('',(-6.088936325,4.8,-1.718265246344));
#3415=VECTOR('',#3855,6.86);
#3416=CARTESIAN_POINT('',(-3.4,-2.06,-1.576370619504));
#3417=AXIS2_PLACEMENT_3D('',#3856,#3857,#3858);
#3418=CARTESIAN_POINT('',(-3.4,2.7,-1.576370619504));
#3419=VECTOR('',#3859,4.76);
#3420=CARTESIAN_POINT('',(-3.4,4.8,-1.576370619504));
#3421=VECTOR('',#3860,2.1);
#3422=CARTESIAN_POINT('',(-3.4,-2.06,-3.403629380496));
#3423=CARTESIAN_POINT('',(-3.4,2.7,-3.403629380496));
#3424=VECTOR('',#3861,4.76);
#3425=CARTESIAN_POINT('',(-6.088936325,-2.06,-3.261734753656));
#3426=AXIS2_PLACEMENT_3D('',#3862,#3863,#3864);
#3427=CARTESIAN_POINT('',(-6.088936325,4.8,-3.261734753656));
#3428=VECTOR('',#3865,6.86);
#3429=CARTESIAN_POINT('',(-3.4,-2.06,-3.09));
#3430=CARTESIAN_POINT('',(-3.4,1.3,-3.09));
#3431=CARTESIAN_POINT('',(-3.4,-2.06,-3.09));
#3432=VECTOR('',#3866,3.36);
#3433=CARTESIAN_POINT('',(-3.4,-2.06,-3.09));
#3434=VECTOR('',#3867,0.3136293804963);
#3435=CARTESIAN_POINT('',(-3.4,-2.06,-1.89));
#3436=CARTESIAN_POINT('',(-3.4,-2.06,-1.576370619504));
#3437=VECTOR('',#3868,0.3136293804963);
#3438=CARTESIAN_POINT('',(-3.4,1.3,-1.89));
#3439=CARTESIAN_POINT('',(-3.4,-2.06,-1.89));
#3440=VECTOR('',#3869,3.36);
#3441=AXIS2_PLACEMENT_3D('',#3870,#3871,#3872);
#3442=CARTESIAN_POINT('',(-6.088936325,1.3,-1.89));
#3443=CARTESIAN_POINT('',(-3.4,1.3,-1.89));
#3444=VECTOR('',#3873,2.688936325);
#3445=CARTESIAN_POINT('',(-6.088936325,1.3,-3.09));
#3446=AXIS2_PLACEMENT_3D('',#3874,#3875,#3876);
#3447=CARTESIAN_POINT('',(-3.4,1.3,-3.09));
#3448=VECTOR('',#3877,2.688936325);
#3449=CARTESIAN_POINT('',(-3.4,-2.06,-3.09));
#3450=VECTOR('',#3878,1.34118830889);
#3451=CARTESIAN_POINT('',(-6.088936325,-2.06,-3.09));
#3452=CARTESIAN_POINT('',(-6.088936325,-2.06,-3.09));
#3453=VECTOR('',#3879,3.36);
#3454=CARTESIAN_POINT('',(-5.488936325,-3.3,-3.09));
#3455=VECTOR('',#3880,1.377534028618);
#3456=CARTESIAN_POINT('',(-5.967968583065,-2.31,-1.089879965051));
#3457=CARTESIAN_POINT('',(-5.488936325,-3.3,-1.110761760971));
#3458=CARTESIAN_POINT('',(-5.648471872957,-2.970293200891,-1.086915939673));
#3459=CARTESIAN_POINT('',(-5.808151161297,-2.640289338321,-1.080177783593));
#3460=CARTESIAN_POINT('',(-5.967968583065,-2.31,-1.089879965051));
#3461=CARTESIAN_POINT('',(-6.088936325,-2.06,-1.209790515189));
#3462=CARTESIAN_POINT('',(-5.967968583065,-2.31,-1.089879965051));
#3463=CARTESIAN_POINT('',(-6.008847408204,-2.225517094713,-1.126900409509));
#3464=CARTESIAN_POINT('',(-6.049205012472,-2.142111379225,-1.166684864227));
#3465=CARTESIAN_POINT('',(-6.088936325,-2.06,-1.209790515189));
#3466=CARTESIAN_POINT('',(-6.088936325,-2.06,-1.209790515189));
#3467=VECTOR('',#3881,0.5084747311554);
#3468=CARTESIAN_POINT('',(-6.088936325,-2.06,-1.89));
#3469=CARTESIAN_POINT('',(-6.088936325,-2.06,-1.718265246344));
#3470=VECTOR('',#3882,0.1717347536558);
#3471=CARTESIAN_POINT('',(-5.488936325,-3.3,-1.89));
#3472=VECTOR('',#3883,1.377534028618);
#3473=CARTESIAN_POINT('',(-6.088936325,-2.06,-3.09));
#3474=VECTOR('',#3884,0.1717347536558);
#3475=CARTESIAN_POINT('',(-6.088936325,-2.06,-3.770209484811));
#3476=CARTESIAN_POINT('',(-6.088936325,-2.06,-3.261734753656));
#3477=VECTOR('',#3885,0.5084747311554);
#3478=CARTESIAN_POINT('',(-5.967968583065,-2.31,-3.890120034949));
#3479=CARTESIAN_POINT('',(-6.088936325,-2.06,-3.770209484811));
#3480=CARTESIAN_POINT('',(-6.049205012472,-2.142111379225,-3.813315135773));
#3481=CARTESIAN_POINT('',(-6.008847408204,-2.225517094713,-3.853099590491));
#3482=CARTESIAN_POINT('',(-5.967968583065,-2.31,-3.890120034949));
#3483=CARTESIAN_POINT('',(-5.967968583065,-2.31,-3.890120034949));
#3484=CARTESIAN_POINT('',(-5.808151161297,-2.640289338321,-3.899822216407));
#3485=CARTESIAN_POINT('',(-5.648471872957,-2.970293200891,-3.893084060327));
#3486=CARTESIAN_POINT('',(-5.488936325,-3.3,-3.869238239029));
#3487=CARTESIAN_POINT('',(-6.088936325,-2.06,-1.89));
#3488=VECTOR('',#3886,3.36);
#3489=CARTESIAN_POINT('',(-3.4,-2.06,-1.89));
#3490=VECTOR('',#3887,1.34118830889);
#3491=CARTESIAN_POINT('',(-3.4,-2.06,-1.119569250233));
#3492=CARTESIAN_POINT('',(-3.4,-2.06,-1.119569250233));
#3493=VECTOR('',#3888,0.4568013692705);
#3494=CARTESIAN_POINT('',(-3.50303703125,-2.31,-1.028712864853));
#3495=CARTESIAN_POINT('',(-3.4,-2.06,-1.119569250233));
#3496=CARTESIAN_POINT('',(-3.434083226041,-2.142696545182,-1.087237668458));
#3497=CARTESIAN_POINT('',(-3.468441521702,-2.226060495123,-1.057050583579));
#3498=CARTESIAN_POINT('',(-3.50303703125,-2.31,-1.028712864853));
#3499=CARTESIAN_POINT('',(-3.50303703125,-2.31,-1.028712864853));
#3500=CARTESIAN_POINT('',(-3.639324616169,-2.640676222097,-1.046607714192));
#3501=CARTESIAN_POINT('',(-3.775348836176,-2.97071343871,-1.073436992072));
#3502=CARTESIAN_POINT('',(-3.911063675,-3.3,-1.110761760971));
#3503=CARTESIAN_POINT('',(-3.50303703125,-2.31,-3.951287135147));
#3504=CARTESIAN_POINT('',(-3.911063675,-3.3,-3.869238239029));
#3505=CARTESIAN_POINT('',(-3.775348836176,-2.97071343871,-3.906563007928));
#3506=CARTESIAN_POINT('',(-3.639324616169,-2.640676222097,-3.933392285808));
#3507=CARTESIAN_POINT('',(-3.50303703125,-2.31,-3.951287135147));
#3508=CARTESIAN_POINT('',(-3.4,-2.06,-3.860430749767));
#3509=CARTESIAN_POINT('',(-3.50303703125,-2.31,-3.951287135147));
#3510=CARTESIAN_POINT('',(-3.468441521702,-2.226060495123,-3.922949416421));
#3511=CARTESIAN_POINT('',(-3.434083226041,-2.142696545182,-3.892762331542));
#3512=CARTESIAN_POINT('',(-3.4,-2.06,-3.860430749767));
#3513=CARTESIAN_POINT('',(-3.4,-2.06,-3.403629380496));
#3514=VECTOR('',#3889,0.4568013692705);
#3515=AXIS2_PLACEMENT_3D('',#3890,#3891,#3892);
#3516=AXIS2_PLACEMENT_3D('',#3893,#3894,#3895);
#3517=AXIS2_PLACEMENT_3D('',#3896,#3897,#3898);
#3518=AXIS2_PLACEMENT_3D('',#3899,#3900,#3901);
#3519=AXIS2_PLACEMENT_3D('',#3902,#3903,#3904);
#3520=CARTESIAN_POINT('',(-3.1,12.8,-2.99));
#3521=VECTOR('',#3905,8.0);
#3522=DIRECTION('',(-0.0,-1.0,0.0));
#3523=CARTESIAN_POINT('',(2.7,12.8,2.6));
#3524=DIRECTION('',(0.0,-1.0,0.0));
#3525=DIRECTION('',(0.0,0.0,-1.0));
#3526=DIRECTION('',(0.0,-1.0,0.0));
#3527=CARTESIAN_POINT('',(2.7,0.2,2.6));
#3528=DIRECTION('',(0.0,-1.0,0.0));
#3529=DIRECTION('',(0.0,0.0,-1.0));
#3530=DIRECTION('',(0.0,1.0,0.0));
#3531=DIRECTION('',(0.0,0.0,-1.0));
#3532=DIRECTION('',(0.0,-1.0,0.0));
#3533=DIRECTION('',(0.0,0.0,1.0));
#3534=DIRECTION('',(0.0,1.0,0.0));
#3535=DIRECTION('',(0.0,0.0,1.0));
#3536=DIRECTION('',(0.0,-1.0,0.0));
#3537=DIRECTION('',(0.0,0.0,1.0));
#3538=DIRECTION('',(0.0,-1.0,0.0));
#3539=DIRECTION('',(0.0,0.0,1.0));
#3540=DIRECTION('',(0.0,1.0,0.0));
#3541=DIRECTION('',(0.0,0.0,1.0));
#3542=DIRECTION('',(0.0,1.0,0.0));
#3543=DIRECTION('',(0.0,0.0,-1.0));
#3544=DIRECTION('',(0.0,1.0,0.0));
#3545=DIRECTION('',(0.0,0.0,-1.0));
#3546=CARTESIAN_POINT('',(2.7,0.2,2.6));
#3547=DIRECTION('',(0.0,-1.0,0.0));
#3548=DIRECTION('',(0.0,0.0,-1.0));
#3549=DIRECTION('',(0.0,0.0,1.0));
#3550=DIRECTION('',(-1.0,0.0,0.0));
#3551=DIRECTION('',(0.0,0.0,1.0));
#3552=DIRECTION('',(1.0,0.0,0.0));
#3553=DIRECTION('',(0.0,0.0,-1.0));
#3554=DIRECTION('',(-1.0,0.0,0.0));
#3555=DIRECTION('',(0.0,0.0,1.0));
#3556=DIRECTION('',(1.0,0.0,0.0));
#3557=DIRECTION('',(0.0,0.0,1.0));
#3558=DIRECTION('',(1.0,0.0,0.0));
#3559=DIRECTION('',(0.0,0.0,1.0));
#3560=DIRECTION('',(-1.0,0.0,0.0));
#3561=DIRECTION('',(0.0,0.0,1.0));
#3562=DIRECTION('',(1.0,0.0,0.0));
#3563=DIRECTION('',(0.0,0.0,1.0));
#3564=DIRECTION('',(-1.0,0.0,0.0));
#3565=DIRECTION('',(0.0,1.0,0.0));
#3566=DIRECTION('',(0.0,0.0,-1.0));
#3567=DIRECTION('',(0.0,1.0,0.0));
#3568=DIRECTION('',(0.0,0.0,1.0));
#3569=DIRECTION('',(0.0,-1.0,0.0));
#3570=DIRECTION('',(0.0,0.0,1.0));
#3571=DIRECTION('',(0.0,-1.0,0.0));
#3572=DIRECTION('',(0.0,0.0,-1.0));
#3573=DIRECTION('',(0.0,-1.0,0.0));
#3574=DIRECTION('',(0.0,0.0,1.0));
#3575=DIRECTION('',(0.0,-1.0,0.0));
#3576=DIRECTION('',(0.0,0.0,-1.0));
#3577=DIRECTION('',(0.0,1.0,0.0));
#3578=CARTESIAN_POINT('',(2.7,12.8,2.6));
#3579=DIRECTION('',(0.0,-1.0,0.0));
#3580=DIRECTION('',(0.0,0.0,-1.0));
#3581=DIRECTION('',(1.0,0.0,0.0));
#3582=DIRECTION('',(0.707106781186548,0.0,-0.707106781186548));
#3583=DIRECTION('',(0.0,0.0,-1.0));
#3584=DIRECTION('',(-0.707106781186548,0.0,-0.707106781186548));
#3585=DIRECTION('',(1.0,0.0,0.0));
#3586=DIRECTION('',(1.0,0.0,0.0));
#3587=DIRECTION('',(1.0,0.0,0.0));
#3588=DIRECTION('',(1.0,0.0,0.0));
#3589=DIRECTION('',(0.0,0.0,1.0));
#3590=DIRECTION('',(-1.0,0.0,0.0));
#3591=DIRECTION('',(0.0,0.0,-1.0));
#3592=DIRECTION('',(0.707106781186548,0.0,-0.707106781186548));
#3593=DIRECTION('',(1.0,0.0,0.0));
#3594=DIRECTION('',(0.707106781186548,0.0,0.707106781186548));
#3595=DIRECTION('',(0.0,0.0,1.0));
#3596=DIRECTION('',(-1.0,0.0,0.0));
#3597=DIRECTION('',(0.0,0.0,-1.0));
#3598=DIRECTION('',(0.0,0.859101543908758,0.511805175094575));
#3599=DIRECTION('',(1.0,0.0,0.0));
#3600=DIRECTION('',(0.0,0.859101543908758,0.511805175094575));
#3601=DIRECTION('',(0.0,1.0,0.0));
#3602=DIRECTION('',(0.0,0.0,-1.0));
#3603=DIRECTION('',(0.0,-1.0,0.0));
#3604=DIRECTION('',(1.0,0.0,0.0));
#3605=DIRECTION('',(0.0,-1.0,0.0));
#3606=DIRECTION('',(1.0,0.0,0.0));
#3607=DIRECTION('',(0.0,1.0,0.0));
#3608=DIRECTION('',(1.0,0.0,0.0));
#3609=DIRECTION('',(0.0,1.0,0.0));
#3610=DIRECTION('',(1.0,0.0,0.0));
#3611=DIRECTION('',(0.0,0.0,1.0));
#3612=DIRECTION('',(-1.0,0.0,0.0));
#3613=DIRECTION('',(0.0,0.0,-1.0));
#3614=DIRECTION('',(1.0,0.0,0.0));
#3615=DIRECTION('',(1.0,0.0,0.0));
#3616=DIRECTION('',(0.0,0.0,-1.0));
#3617=DIRECTION('',(1.0,0.0,0.0));
#3618=DIRECTION('',(0.0,0.0,-1.0));
#3619=DIRECTION('',(1.0,0.0,0.0));
#3620=DIRECTION('',(1.0,0.0,0.0));
#3621=DIRECTION('',(0.0,0.0,1.0));
#3622=DIRECTION('',(1.0,0.0,0.0));
#3623=DIRECTION('',(1.0,0.0,0.0));
#3624=DIRECTION('',(0.0,0.0,1.0));
#3625=DIRECTION('',(1.0,0.0,0.0));
#3626=DIRECTION('',(0.0,1.0,0.0));
#3627=DIRECTION('',(0.0,1.0,0.0));
#3628=DIRECTION('',(0.0,1.0,0.0));
#3629=DIRECTION('',(0.0,1.0,0.0));
#3630=DIRECTION('',(0.0,1.0,0.0));
#3631=DIRECTION('',(0.0,0.0,1.0));
#3632=DIRECTION('',(0.0,0.0,1.0));
#3633=DIRECTION('',(1.0,0.0,0.0));
#3634=DIRECTION('',(0.0,0.0,1.0));
#3635=DIRECTION('',(-1.0,0.0,0.0));
#3636=DIRECTION('',(0.0,0.0,-1.0));
#3637=DIRECTION('',(1.0,0.0,0.0));
#3638=DIRECTION('',(0.0,0.0,-1.0));
#3639=DIRECTION('',(-1.0,0.0,0.0));
#3640=DIRECTION('',(0.0,0.0,1.0));
#3641=DIRECTION('',(-1.0,0.0,0.0));
#3642=DIRECTION('',(0.0,0.0,1.0));
#3643=DIRECTION('',(0.0,0.0,-1.0));
#3644=DIRECTION('',(-1.0,0.0,0.0));
#3645=DIRECTION('',(0.0,0.0,-1.0));
#3646=DIRECTION('',(-1.0,0.0,0.0));
#3647=DIRECTION('',(0.0,0.0,1.0));
#3648=DIRECTION('',(1.0,0.0,0.0));
#3649=DIRECTION('',(-1.0,0.0,0.0));
#3650=DIRECTION('',(0.0,0.0,1.0));
#3651=DIRECTION('',(-1.0,0.0,0.0));
#3652=DIRECTION('',(0.0,0.0,1.0));
#3653=DIRECTION('',(0.0,-1.0,0.0));
#3654=DIRECTION('',(0.0,1.0,0.0));
#3655=DIRECTION('',(0.0,1.0,0.0));
#3656=DIRECTION('',(0.0,1.0,0.0));
#3657=DIRECTION('',(0.0,1.0,0.0));
#3658=DIRECTION('',(0.0,1.0,0.0));
#3659=DIRECTION('',(0.0,1.0,0.0));
#3660=DIRECTION('',(0.0,1.0,0.0));
#3661=DIRECTION('',(0.0,1.0,0.0));
#3662=DIRECTION('',(0.0,1.0,0.0));
#3663=DIRECTION('',(0.0,-1.0,0.0));
#3664=DIRECTION('',(0.0,1.0,0.0));
#3665=DIRECTION('',(0.0,1.0,0.0));
#3666=DIRECTION('',(0.0,-0.832050294337844,-0.554700196225229));
#3667=DIRECTION('',(0.0,-1.0,0.0));
#3668=DIRECTION('',(0.0,0.0,-1.0));
#3669=DIRECTION('',(0.0,1.0,0.0));
#3670=DIRECTION('',(0.0,0.0,1.0));
#3671=DIRECTION('',(0.0,-1.0,0.0));
#3672=DIRECTION('',(0.0,0.0,-1.0));
#3673=DIRECTION('',(0.0,1.0,0.0));
#3674=DIRECTION('',(0.0,0.832050294337844,-0.554700196225229));
#3675=DIRECTION('',(0.0,0.0,1.0));
#3676=DIRECTION('',(0.0,1.0,0.0));
#3677=DIRECTION('',(0.0,0.0,1.0));
#3678=DIRECTION('',(0.0,-0.944897582817815,0.327366091684905));
#3679=DIRECTION('',(0.0,-1.0,0.0));
#3680=DIRECTION('',(0.0,1.0,0.0));
#3681=DIRECTION('',(0.0,0.944897582817815,0.327366091684905));
#3682=DIRECTION('',(0.0,0.0,1.0));
#3683=DIRECTION('',(0.0,-1.0,0.0));
#3684=DIRECTION('',(-1.0,0.0,0.0));
#3685=DIRECTION('',(0.0,0.0,1.0));
#3686=DIRECTION('',(1.0,0.0,0.0));
#3687=DIRECTION('',(0.0,0.0,-1.0));
#3688=DIRECTION('',(-1.0,0.0,0.0));
#3689=DIRECTION('',(0.0,0.0,1.0));
#3690=DIRECTION('',(-1.0,0.0,0.0));
#3691=DIRECTION('',(-1.0,0.0,0.0));
#3692=DIRECTION('',(0.0,0.0,1.0));
#3693=DIRECTION('',(0.707106781186548,0.0,0.707106781186548));
#3694=DIRECTION('',(1.0,0.0,0.0));
#3695=DIRECTION('',(0.707106781186548,0.0,-0.707106781186548));
#3696=DIRECTION('',(0.0,0.0,-1.0));
#3697=DIRECTION('',(-1.0,0.0,0.0));
#3698=DIRECTION('',(0.0,0.0,1.0));
#3699=DIRECTION('',(-1.0,0.0,0.0));
#3700=DIRECTION('',(0.0,-1.0,0.0));
#3701=DIRECTION('',(0.0,-1.0,0.0));
#3702=DIRECTION('',(0.0,-1.0,0.0));
#3703=DIRECTION('',(0.0,-1.0,0.0));
#3704=DIRECTION('',(0.0,-1.0,0.0));
#3705=DIRECTION('',(0.0,-1.0,0.0));
#3706=DIRECTION('',(0.0,-1.0,0.0));
#3707=DIRECTION('',(0.0,-1.0,0.0));
#3708=DIRECTION('',(0.0,-1.0,0.0));
#3709=DIRECTION('',(0.0,-1.0,0.0));
#3710=DIRECTION('',(0.0,-0.832050294337844,-0.554700196225229));
#3711=DIRECTION('',(-1.0,0.0,0.0));
#3712=DIRECTION('',(0.0,-1.0,0.0));
#3713=DIRECTION('',(-1.0,0.0,0.0));
#3714=DIRECTION('',(0.0,0.0,-1.0));
#3715=DIRECTION('',(-1.0,0.0,0.0));
#3716=DIRECTION('',(0.0,1.0,0.0));
#3717=DIRECTION('',(0.0,0.832050294337844,-0.554700196225229));
#3718=DIRECTION('',(0.0,1.0,0.0));
#3719=DIRECTION('',(0.0,0.0,-1.0));
#3720=DIRECTION('',(0.0,-1.0,0.0));
#3721=DIRECTION('',(0.0,-0.944897582817815,0.327366091684905));
#3722=DIRECTION('',(0.0,0.0,1.0));
#3723=DIRECTION('',(0.0,1.0,0.0));
#3724=DIRECTION('',(0.0,-1.0,0.0));
#3725=DIRECTION('',(0.0,-1.0,0.0));
#3726=DIRECTION('',(0.0,0.0,1.0));
#3727=DIRECTION('',(0.0,0.944897582817815,0.327366091684905));
#3728=DIRECTION('',(0.0,1.0,0.0));
#3729=DIRECTION('',(-1.0,0.0,0.0));
#3730=DIRECTION('',(-1.0,0.0,0.0));
#3731=DIRECTION('',(-1.0,0.0,0.0));
#3732=DIRECTION('',(-1.0,0.0,0.0));
#3733=DIRECTION('',(-1.0,0.0,0.0));
#3734=DIRECTION('',(-1.0,0.0,0.0));
#3735=DIRECTION('',(-1.0,0.0,0.0));
#3736=DIRECTION('',(-1.0,0.0,0.0));
#3737=DIRECTION('',(-1.0,0.0,0.0));
#3738=DIRECTION('',(0.0,0.0,-1.0));
#3739=DIRECTION('',(0.0,1.0,0.0));
#3740=DIRECTION('',(1.0,0.0,0.0));
#3741=DIRECTION('',(0.0,-1.0,0.0));
#3742=DIRECTION('',(-0.707106781186548,0.0,-0.707106781186548));
#3743=CARTESIAN_POINT('',(4.7,4.8,-2.49));
#3744=DIRECTION('',(0.0,-1.0,-0.0));
#3745=DIRECTION('',(-0.818157392178437,0.0,-0.574994331818826));
#3746=CARTESIAN_POINT('',(3.085005172276,4.8,-3.625005172276));
#3747=DIRECTION('',(0.0,1.0,0.0));
#3748=DIRECTION('',(-1.0,0.0,2.191579644834E-14));
#3749=CARTESIAN_POINT('',(3.085005172276,4.8,-1.354994827724));
#3750=DIRECTION('',(0.0,1.0,0.0));
#3751=DIRECTION('',(0.818157392178518,0.0,-0.574994331818712));
#3752=CARTESIAN_POINT('',(4.7,4.8,-2.49));
#3753=DIRECTION('',(0.0,-1.0,0.0));
#3754=DIRECTION('',(0.87412963197252,0.0,0.485692687311211));
#3755=DIRECTION('',(0.0,0.0,1.0));
#3756=CARTESIAN_POINT('',(-3.085005172276,4.8,-1.354994827724));
#3757=DIRECTION('',(-0.0,1.0,0.0));
#3758=DIRECTION('',(1.0,0.0,0.0));
#3759=DIRECTION('',(0.0,0.0,-1.0));
#3760=DIRECTION('',(0.707106781186548,0.0,-0.707106781186548));
#3761=CARTESIAN_POINT('',(-3.085005172276,4.8,-3.625005172276));
#3762=DIRECTION('',(0.0,1.0,0.0));
#3763=DIRECTION('',(-0.81815739217847,0.0,0.574994331818779));
#3764=CARTESIAN_POINT('',(-4.7,4.8,-2.49));
#3765=DIRECTION('',(0.0,-1.0,-0.0));
#3766=DIRECTION('',(-0.87412963197252,0.0,-0.485692687311211));
#3767=DIRECTION('',(0.0,0.0,1.0));
#3768=CARTESIAN_POINT('',(-4.7,4.8,-2.49));
#3769=DIRECTION('',(0.0,-1.0,0.0));
#3770=DIRECTION('',(0.81815739217847,0.0,0.574994331818779));
#3771=CARTESIAN_POINT('',(6.088936325,1.3,-2.49));
#3772=DIRECTION('',(-1.0,0.0,0.0));
#3773=DIRECTION('',(0.0,0.0,1.0));
#3774=DIRECTION('',(0.0,1.0,0.0));
#3775=DIRECTION('',(0.0,0.0,-1.0));
#3776=DIRECTION('',(0.0,-1.0,0.0));
#3777=DIRECTION('',(0.0,-1.0,0.0));
#3778=DIRECTION('',(0.0,0.0,-1.0));
#3779=DIRECTION('',(0.0,1.0,0.0));
#3780=DIRECTION('',(-0.381052885424013,0.924553242658331,0.0));
#3781=DIRECTION('',(0.0,1.0,0.0));
#3782=DIRECTION('',(1.0,0.0,0.0));
#3783=DIRECTION('',(-0.435560928104302,-0.900159251415503,0.0));
#3784=DIRECTION('',(-1.0,0.0,0.0));
#3785=DIRECTION('',(0.0,0.0,-1.0));
#3786=CARTESIAN_POINT('',(4.7,-3.3,-2.49));
#3787=DIRECTION('',(0.0,1.0,0.0));
#3788=DIRECTION('',(-0.496518527890198,0.0,0.868026123720796));
#3789=DIRECTION('',(0.0,0.0,-1.0));
#3790=DIRECTION('',(0.0,0.0,-1.0));
#3791=CARTESIAN_POINT('',(4.7,-3.3,-2.49));
#3792=DIRECTION('',(0.0,1.0,0.0));
#3793=DIRECTION('',(0.496518527890198,0.0,-0.868026123720796));
#3794=DIRECTION('',(0.0,0.0,-1.0));
#3795=DIRECTION('',(-1.0,0.0,0.0));
#3796=DIRECTION('',(0.0,0.0,-1.0));
#3797=CARTESIAN_POINT('',(-4.7,-3.3,-2.49));
#3798=DIRECTION('',(0.0,1.0,0.0));
#3799=DIRECTION('',(-0.496518527890198,0.0,0.868026123720796));
#3800=DIRECTION('',(0.0,0.0,-1.0));
#3801=DIRECTION('',(1.0,0.0,0.0));
#3802=DIRECTION('',(0.0,0.0,-1.0));
#3803=CARTESIAN_POINT('',(-4.7,-3.3,-2.49));
#3804=DIRECTION('',(0.0,1.0,0.0));
#3805=DIRECTION('',(0.496518527890198,0.0,-0.868026123720796));
#3806=DIRECTION('',(0.0,0.0,-1.0));
#3807=DIRECTION('',(1.0,0.0,0.0));
#3808=DIRECTION('',(0.0,0.0,-1.0));
#3809=DIRECTION('',(0.0,0.0,-1.0));
#3810=DIRECTION('',(0.0,0.0,-1.0));
#3811=DIRECTION('',(0.0,0.0,-1.0));
#3812=DIRECTION('',(-0.381052885424013,0.924553242658331,0.0));
#3813=DIRECTION('',(0.0,-1.0,0.0));
#3814=DIRECTION('',(0.0,0.0,-1.0));
#3815=DIRECTION('',(0.0,-1.0,0.0));
#3816=DIRECTION('',(0.0,1.0,0.0));
#3817=CARTESIAN_POINT('',(3.4,1.3,-2.49));
#3818=DIRECTION('',(-1.0,0.0,0.0));
#3819=DIRECTION('',(0.0,0.0,1.0));
#3820=DIRECTION('',(1.0,0.0,0.0));
#3821=DIRECTION('',(-0.435560928104302,-0.900159251415503,0.0));
#3822=DIRECTION('',(0.0,0.0,-1.0));
#3823=DIRECTION('',(0.0,0.0,-1.0));
#3824=CARTESIAN_POINT('',(4.7,-2.31,-2.49));
#3825=DIRECTION('',(0.0,-1.0,0.0));
#3826=DIRECTION('',(0.671260627625783,0.0,0.741221404034881));
#3827=CARTESIAN_POINT('',(4.7,-2.06,-2.49));
#3828=DIRECTION('',(0.0,-1.0,0.0));
#3829=DIRECTION('',(0.73530076510128,0.0,0.677740942279181));
#3830=CARTESIAN_POINT('',(4.7,-2.06,-2.49));
#3831=DIRECTION('',(0.0,-1.0,0.0));
#3832=DIRECTION('',(0.87412963197252,0.0,0.485692687311211));
#3833=CARTESIAN_POINT('',(4.7,-2.06,-2.49));
#3834=DIRECTION('',(0.0,-1.0,-0.0));
#3835=DIRECTION('',(-0.81815739217847,0.0,-0.574994331818779));
#3836=CARTESIAN_POINT('',(4.7,-2.06,-2.49));
#3837=DIRECTION('',(0.0,1.0,0.0));
#3838=DIRECTION('',(0.73530076510128,0.0,-0.677740942279181));
#3839=DIRECTION('',(0.0,-1.0,0.0));
#3840=DIRECTION('',(0.0,-1.0,0.0));
#3841=CARTESIAN_POINT('',(3.085005172276,2.7,-3.625005172276));
#3842=DIRECTION('',(0.0,-1.0,0.0));
#3843=DIRECTION('',(0.81815739217847,0.0,0.574994331818779));
#3844=CARTESIAN_POINT('',(3.085005172276,2.7,-1.354994827724));
#3845=DIRECTION('',(0.0,-1.0,0.0));
#3846=DIRECTION('',(-1.0,0.0,0.0));
#3847=CARTESIAN_POINT('',(-3.085005172276,2.7,-1.354994827724));
#3848=DIRECTION('',(0.0,-1.0,-0.0));
#3849=DIRECTION('',(-0.81815739217847,0.0,-0.574994331818779));
#3850=DIRECTION('',(0.0,0.0,-1.0));
#3851=CARTESIAN_POINT('',(-3.085005172276,2.7,-3.625005172276));
#3852=DIRECTION('',(0.0,-1.0,0.0));
#3853=DIRECTION('',(1.0,0.0,0.0));
#3854=DIRECTION('',(0.0,-1.0,0.0));
#3855=DIRECTION('',(0.0,-1.0,0.0));
#3856=CARTESIAN_POINT('',(-4.7,-2.06,-2.49));
#3857=DIRECTION('',(0.0,-1.0,0.0));
#3858=DIRECTION('',(0.81815739217847,0.0,0.574994331818779));
#3859=DIRECTION('',(0.0,-1.0,0.0));
#3860=DIRECTION('',(0.0,-1.0,0.0));
#3861=DIRECTION('',(0.0,-1.0,0.0));
#3862=CARTESIAN_POINT('',(-4.7,-2.06,-2.49));
#3863=DIRECTION('',(0.0,-1.0,-0.0));
#3864=DIRECTION('',(-0.87412963197252,0.0,-0.485692687311211));
#3865=DIRECTION('',(0.0,-1.0,0.0));
#3866=DIRECTION('',(0.0,1.0,0.0));
#3867=DIRECTION('',(0.0,0.0,-1.0));
#3868=DIRECTION('',(0.0,0.0,-1.0));
#3869=DIRECTION('',(0.0,1.0,0.0));
#3870=CARTESIAN_POINT('',(-3.4,1.3,-2.49));
#3871=DIRECTION('',(1.0,0.0,0.0));
#3872=DIRECTION('',(0.0,0.0,-1.0));
#3873=DIRECTION('',(-1.0,0.0,0.0));
#3874=CARTESIAN_POINT('',(-6.088936325,1.3,-2.49));
#3875=DIRECTION('',(1.0,0.0,0.0));
#3876=DIRECTION('',(0.0,0.0,-1.0));
#3877=DIRECTION('',(-1.0,0.0,0.0));
#3878=DIRECTION('',(-0.381052885424013,-0.924553242658331,0.0));
#3879=DIRECTION('',(0.0,1.0,0.0));
#3880=DIRECTION('',(-0.435560928104302,0.900159251415503,0.0));
#3881=DIRECTION('',(0.0,0.0,-1.0));
#3882=DIRECTION('',(0.0,0.0,-1.0));
#3883=DIRECTION('',(-0.435560928104302,0.900159251415503,0.0));
#3884=DIRECTION('',(0.0,0.0,-1.0));
#3885=DIRECTION('',(0.0,0.0,-1.0));
#3886=DIRECTION('',(0.0,1.0,0.0));
#3887=DIRECTION('',(-0.381052885424013,-0.924553242658331,0.0));
#3888=DIRECTION('',(0.0,0.0,-1.0));
#3889=DIRECTION('',(0.0,0.0,-1.0));
#3890=CARTESIAN_POINT('',(-4.7,-2.31,-2.49));
#3891=DIRECTION('',(0.0,-1.0,0.0));
#3892=DIRECTION('',(0.633670364060474,0.0,0.773603173281668));
#3893=CARTESIAN_POINT('',(-4.7,-2.06,-2.49));
#3894=DIRECTION('',(0.0,-1.0,0.0));
#3895=DIRECTION('',(0.688218010736641,0.0,0.725503941889843));
#3896=CARTESIAN_POINT('',(-4.7,-2.06,-2.49));
#3897=DIRECTION('',(0.0,1.0,0.0));
#3898=DIRECTION('',(0.688218010736641,0.0,-0.725503941889843));
#3899=CARTESIAN_POINT('',(-4.7,-2.31,-2.49));
#3900=DIRECTION('',(0.0,1.0,0.0));
#3901=DIRECTION('',(0.633670364060474,0.0,-0.773603173281668));
#3902=CARTESIAN_POINT('',(4.7,-2.31,-2.49));
#3903=DIRECTION('',(0.0,1.0,0.0));
#3904=DIRECTION('',(0.671260627625783,0.0,-0.741221404034881));
#3905=DIRECTION('',(0.0,-1.0,0.0));
ENDSEC;
END-ISO-10303-21;
