ISO-10303-21;
HEADER;
FILE_DESCRIPTION(('STEP AP203'),'1');
FILE_NAME('0781710004.stp','2024-12-06T01:36:12',('TraceParts'),('TraceParts S.A.'),'Spatial InterOp 3D',' ',' ');
FILE_SCHEMA(('CONFIG_CONTROL_DESIGN'));
ENDSEC;
DATA;
#1=DESIGN_CONTEXT('',#27,'design');
#2=APPLICATION_PROTOCOL_DEFINITION('INTERNATIONAL STANDARD','config_control_design',1994,#27);
#3=PRODUCT_CATEGORY_RELATIONSHIP('NONE','NONE',#28,#29);
#4=DATE_AND_TIME(#30,#31);
#5=DATE_TIME_ROLE('creation_date');
#6=DATE_TIME_ROLE('classification_date');
#7=PERSON_AND_ORGANIZATION_ROLE('creator');
#8=PERSON_AND_ORGANIZATION_ROLE('design_supplier');
#9=PERSON_AND_ORGANIZATION_ROLE('classification_officer');
#10=PERSON_AND_ORGANIZATION_ROLE('design_owner');
#11=APPROVAL_PERSON_ORGANIZATION(#32,#33,#34);
#12=APPROVAL_DATE_TIME(#4,#33);
#13=CC_DESIGN_APPROVAL(#33,(#35,#36,#37));
#14=CC_DESIGN_DATE_AND_TIME_ASSIGNMENT(#4,#5,(#37));
#15=CC_DESIGN_DATE_AND_TIME_ASSIGNMENT(#4,#6,(#35));
#16=CC_DESIGN_PERSON_AND_ORGANIZATION_ASSIGNMENT(#32,#10,(#38));
#17=CC_DESIGN_PERSON_AND_ORGANIZATION_ASSIGNMENT(#32,#7,(#37));
#18=CC_DESIGN_PERSON_AND_ORGANIZATION_ASSIGNMENT(#32,#7,(#36));
#19=CC_DESIGN_PERSON_AND_ORGANIZATION_ASSIGNMENT(#32,#8,(#36));
#20=CC_DESIGN_SECURITY_CLASSIFICATION(#35,(#36));
#21=CC_DESIGN_PERSON_AND_ORGANIZATION_ASSIGNMENT(#32,#9,(#35));
#22=SHAPE_DEFINITION_REPRESENTATION(#39,#40);
#23= (GEOMETRIC_REPRESENTATION_CONTEXT(3)GLOBAL_UNCERTAINTY_ASSIGNED_CONTEXT((#43))GLOBAL_UNIT_ASSIGNED_CONTEXT((#45,#46,#47))REPRESENTATION_CONTEXT('NONE','WORKSPACE'));
#27=APPLICATION_CONTEXT('CONFIGURATION CONTROLLED 3D DESIGNS OF MECHANICAL PARTS AND ASSEMBLIES');
#28=PRODUCT_CATEGORY('part','NONE');
#29=PRODUCT_RELATED_PRODUCT_CATEGORY('detail',' ',(#38));
#30=CALENDAR_DATE(2024,6,11);
#31=LOCAL_TIME(2,36,12.0,#49);
#32=PERSON_AND_ORGANIZATION(#50,#51);
#33=APPROVAL(#52,'SOLID MODEL');
#34=APPROVAL_ROLE('APPROVED');
#35=SECURITY_CLASSIFICATION('','',#53);
#36=PRODUCT_DEFINITION_FORMATION_WITH_SPECIFIED_SOURCE(' ','NONE',#38,.NOT_KNOWN.);
#37=PRODUCT_DEFINITION('','NONE',#36,#1);
#38=PRODUCT('1','','PART--DESC',(#54));
#39=PRODUCT_DEFINITION_SHAPE('NONE','NONE',#37);
#40=ADVANCED_BREP_SHAPE_REPRESENTATION('1',(#55,#56),#23);
#43=UNCERTAINTY_MEASURE_WITH_UNIT(LENGTH_MEASURE(1.0E-06),#45,'','');
#45= (CONVERSION_BASED_UNIT('MILLIMETRE',#59)LENGTH_UNIT()NAMED_UNIT(#62));
#46= (NAMED_UNIT(#64)PLANE_ANGLE_UNIT()SI_UNIT($,.RADIAN.));
#47= (NAMED_UNIT(#64)SOLID_ANGLE_UNIT()SI_UNIT($,.STERADIAN.));
#49=COORDINATED_UNIVERSAL_TIME_OFFSET(1,0,.AHEAD.);
#50=PERSON('','UNSPECIFIED',$,$,$,$);
#51=ORGANIZATION('UNSPECIFIED','UNSPECIFIED','UNSPECIFIED');
#52=APPROVAL_STATUS('approved');
#53=SECURITY_CLASSIFICATION_LEVEL('unclassified');
#54=MECHANICAL_CONTEXT('',#27,'mechanical');
#55=MANIFOLD_SOLID_BREP('1',#70);
#56=AXIS2_PLACEMENT_3D('',#71,#72,#73);
#59=LENGTH_MEASURE_WITH_UNIT(LENGTH_MEASURE(1.0),#74);
#62=DIMENSIONAL_EXPONENTS(1.0,0.0,0.0,0.0,0.0,0.0,0.0);
#64=DIMENSIONAL_EXPONENTS(0.0,0.0,0.0,0.0,0.0,0.0,0.0);
#70=CLOSED_SHELL('',(#75,#76,#77,#78,#79,#80,#81,#82,#83,#84,#85,#86,#87,#88,#89,#90,#91,#92,#93,#94,#95,#96,#97,#98,#99,#100,#101,#102,#103,#104,#105,#106,#107,#108,#109,#110,#111,#112,#113,#114,#115,#116,#117,#118,#119,#120,#121,#122,#123,#124,#125,#126,#127,#128,#129,#130,#131,#132,#133,#134,#135,#136,#137,#138,#139,#140,#141,#142,#143,#144,#145,#146,#147,#148,#149,#150,#151,#152,#153,#154,#155,#156,#157,#158,#159,#160,#161,#162,#163,#164,#165,#166,#167,#168,#169,#170,#171,#172,#173,#174,#175,#176,#177,#178,#179,#180,#181,#182,#183,#184,#185,#186,#187,#188,#189,#190,#191,#192,#193,#194,#195,#196,#197,#198,#199,#200,#201,#202,#203,#204,#205,#206,#207,#208,#209,#210,#211,#212,#213,#214,#215,#216,#217,#218,#219,#220,#221,#222,#223,#224,#225,#226,#227,#228,#229,#230,#231,#232,#233,#234,#235,#236,#237,#238,#239,#240,#241,#242,#243,#244));
#71=CARTESIAN_POINT('',(0.0,0.0,0.0));
#72=DIRECTION('',(0.0,0.0,1.0));
#73=DIRECTION('',(1.0,0.0,0.0));
#74= (NAMED_UNIT(#62)LENGTH_UNIT()SI_UNIT(.MILLI.,.METRE.));
#75=ADVANCED_FACE('',(#246),#247,.F.);
#76=ADVANCED_FACE('',(#248),#249,.T.);
#77=ADVANCED_FACE('',(#250),#251,.T.);
#78=ADVANCED_FACE('',(#252),#253,.T.);
#79=ADVANCED_FACE('',(#254),#255,.T.);
#80=ADVANCED_FACE('',(#256),#257,.T.);
#81=ADVANCED_FACE('',(#258),#259,.T.);
#82=ADVANCED_FACE('',(#260),#261,.T.);
#83=ADVANCED_FACE('',(#262),#263,.T.);
#84=ADVANCED_FACE('',(#264,#265),#266,.T.);
#85=ADVANCED_FACE('',(#267,#268),#269,.T.);
#86=ADVANCED_FACE('',(#270),#271,.T.);
#87=ADVANCED_FACE('',(#272),#273,.T.);
#88=ADVANCED_FACE('',(#274),#275,.F.);
#89=ADVANCED_FACE('',(#276),#277,.F.);
#90=ADVANCED_FACE('',(#278),#279,.F.);
#91=ADVANCED_FACE('',(#280,#281),#282,.T.);
#92=ADVANCED_FACE('',(#283),#284,.F.);
#93=ADVANCED_FACE('',(#285),#286,.F.);
#94=ADVANCED_FACE('',(#287),#288,.F.);
#95=ADVANCED_FACE('',(#289),#290,.F.);
#96=ADVANCED_FACE('',(#291),#292,.F.);
#97=ADVANCED_FACE('',(#293),#294,.F.);
#98=ADVANCED_FACE('',(#295),#296,.F.);
#99=ADVANCED_FACE('',(#297),#298,.F.);
#100=ADVANCED_FACE('',(#299),#300,.F.);
#101=ADVANCED_FACE('',(#301),#302,.F.);
#102=ADVANCED_FACE('',(#303),#304,.F.);
#103=ADVANCED_FACE('',(#305),#306,.F.);
#104=ADVANCED_FACE('',(#307),#308,.F.);
#105=ADVANCED_FACE('',(#309),#310,.T.);
#106=ADVANCED_FACE('',(#311),#312,.F.);
#107=ADVANCED_FACE('',(#313),#314,.F.);
#108=ADVANCED_FACE('',(#315),#316,.F.);
#109=ADVANCED_FACE('',(#317),#318,.F.);
#110=ADVANCED_FACE('',(#319),#320,.F.);
#111=ADVANCED_FACE('',(#321),#322,.T.);
#112=ADVANCED_FACE('',(#323),#324,.F.);
#113=ADVANCED_FACE('',(#325),#326,.F.);
#114=ADVANCED_FACE('',(#327),#328,.T.);
#115=ADVANCED_FACE('',(#329),#330,.F.);
#116=ADVANCED_FACE('',(#331),#332,.F.);
#117=ADVANCED_FACE('',(#333),#334,.F.);
#118=ADVANCED_FACE('',(#335,#336),#337,.T.);
#119=ADVANCED_FACE('',(#338),#339,.T.);
#120=ADVANCED_FACE('',(#340),#341,.T.);
#121=ADVANCED_FACE('',(#342),#343,.T.);
#122=ADVANCED_FACE('',(#344),#345,.F.);
#123=ADVANCED_FACE('',(#346),#347,.F.);
#124=ADVANCED_FACE('',(#348),#349,.F.);
#125=ADVANCED_FACE('',(#350),#351,.F.);
#126=ADVANCED_FACE('',(#352),#353,.F.);
#127=ADVANCED_FACE('',(#354),#355,.F.);
#128=ADVANCED_FACE('',(#356),#357,.F.);
#129=ADVANCED_FACE('',(#358),#359,.F.);
#130=ADVANCED_FACE('',(#360),#361,.F.);
#131=ADVANCED_FACE('',(#362),#363,.F.);
#132=ADVANCED_FACE('',(#364,#365),#366,.T.);
#133=ADVANCED_FACE('',(#367),#368,.T.);
#134=ADVANCED_FACE('',(#369),#370,.F.);
#135=ADVANCED_FACE('',(#371),#372,.T.);
#136=ADVANCED_FACE('',(#373),#374,.T.);
#137=ADVANCED_FACE('',(#375),#376,.F.);
#138=ADVANCED_FACE('',(#377),#378,.T.);
#139=ADVANCED_FACE('',(#379),#380,.F.);
#140=ADVANCED_FACE('',(#381),#382,.T.);
#141=ADVANCED_FACE('',(#383),#384,.F.);
#142=ADVANCED_FACE('',(#385),#386,.T.);
#143=ADVANCED_FACE('',(#387),#388,.F.);
#144=ADVANCED_FACE('',(#389),#390,.F.);
#145=ADVANCED_FACE('',(#391),#392,.F.);
#146=ADVANCED_FACE('',(#393),#394,.T.);
#147=ADVANCED_FACE('',(#395),#396,.F.);
#148=ADVANCED_FACE('',(#397),#398,.F.);
#149=ADVANCED_FACE('',(#399),#400,.F.);
#150=ADVANCED_FACE('',(#401),#402,.F.);
#151=ADVANCED_FACE('',(#403),#404,.T.);
#152=ADVANCED_FACE('',(#405),#406,.F.);
#153=ADVANCED_FACE('',(#407),#408,.F.);
#154=ADVANCED_FACE('',(#409),#410,.F.);
#155=ADVANCED_FACE('',(#411),#412,.F.);
#156=ADVANCED_FACE('',(#413),#414,.F.);
#157=ADVANCED_FACE('',(#415),#416,.T.);
#158=ADVANCED_FACE('',(#417),#418,.F.);
#159=ADVANCED_FACE('',(#419),#420,.F.);
#160=ADVANCED_FACE('',(#421),#422,.F.);
#161=ADVANCED_FACE('',(#423),#424,.T.);
#162=ADVANCED_FACE('',(#425),#426,.F.);
#163=ADVANCED_FACE('',(#427),#428,.F.);
#164=ADVANCED_FACE('',(#429),#430,.F.);
#165=ADVANCED_FACE('',(#431),#432,.F.);
#166=ADVANCED_FACE('',(#433),#434,.F.);
#167=ADVANCED_FACE('',(#435),#436,.T.);
#168=ADVANCED_FACE('',(#437),#438,.T.);
#169=ADVANCED_FACE('',(#439),#440,.T.);
#170=ADVANCED_FACE('',(#441),#442,.T.);
#171=ADVANCED_FACE('',(#443),#444,.F.);
#172=ADVANCED_FACE('',(#445),#446,.T.);
#173=ADVANCED_FACE('',(#447),#448,.T.);
#174=ADVANCED_FACE('',(#449),#450,.T.);
#175=ADVANCED_FACE('',(#451),#452,.F.);
#176=ADVANCED_FACE('',(#453),#454,.T.);
#177=ADVANCED_FACE('',(#455),#456,.T.);
#178=ADVANCED_FACE('',(#457),#458,.T.);
#179=ADVANCED_FACE('',(#459),#460,.T.);
#180=ADVANCED_FACE('',(#461),#462,.T.);
#181=ADVANCED_FACE('',(#463),#464,.F.);
#182=ADVANCED_FACE('',(#465),#466,.T.);
#183=ADVANCED_FACE('',(#467),#468,.F.);
#184=ADVANCED_FACE('',(#469),#470,.T.);
#185=ADVANCED_FACE('',(#471),#472,.F.);
#186=ADVANCED_FACE('',(#473),#474,.T.);
#187=ADVANCED_FACE('',(#475),#476,.F.);
#188=ADVANCED_FACE('',(#477),#478,.F.);
#189=ADVANCED_FACE('',(#479),#480,.F.);
#190=ADVANCED_FACE('',(#481),#482,.T.);
#191=ADVANCED_FACE('',(#483),#484,.F.);
#192=ADVANCED_FACE('',(#485),#486,.F.);
#193=ADVANCED_FACE('',(#487),#488,.F.);
#194=ADVANCED_FACE('',(#489),#490,.F.);
#195=ADVANCED_FACE('',(#491),#492,.T.);
#196=ADVANCED_FACE('',(#493),#494,.F.);
#197=ADVANCED_FACE('',(#495),#496,.F.);
#198=ADVANCED_FACE('',(#497),#498,.T.);
#199=ADVANCED_FACE('',(#499),#500,.F.);
#200=ADVANCED_FACE('',(#501),#502,.T.);
#201=ADVANCED_FACE('',(#503),#504,.F.);
#202=ADVANCED_FACE('',(#505),#506,.T.);
#203=ADVANCED_FACE('',(#507),#508,.F.);
#204=ADVANCED_FACE('',(#509),#510,.F.);
#205=ADVANCED_FACE('',(#511),#512,.F.);
#206=ADVANCED_FACE('',(#513),#514,.T.);
#207=ADVANCED_FACE('',(#515),#516,.F.);
#208=ADVANCED_FACE('',(#517),#518,.F.);
#209=ADVANCED_FACE('',(#519),#520,.F.);
#210=ADVANCED_FACE('',(#521),#522,.F.);
#211=ADVANCED_FACE('',(#523),#524,.T.);
#212=ADVANCED_FACE('',(#525),#526,.F.);
#213=ADVANCED_FACE('',(#527),#528,.F.);
#214=ADVANCED_FACE('',(#529),#530,.T.);
#215=ADVANCED_FACE('',(#531),#532,.F.);
#216=ADVANCED_FACE('',(#533),#534,.T.);
#217=ADVANCED_FACE('',(#535),#536,.F.);
#218=ADVANCED_FACE('',(#537),#538,.T.);
#219=ADVANCED_FACE('',(#539),#540,.F.);
#220=ADVANCED_FACE('',(#541),#542,.F.);
#221=ADVANCED_FACE('',(#543),#544,.F.);
#222=ADVANCED_FACE('',(#545),#546,.T.);
#223=ADVANCED_FACE('',(#547),#548,.F.);
#224=ADVANCED_FACE('',(#549),#550,.F.);
#225=ADVANCED_FACE('',(#551),#552,.F.);
#226=ADVANCED_FACE('',(#553),#554,.F.);
#227=ADVANCED_FACE('',(#555),#556,.T.);
#228=ADVANCED_FACE('',(#557),#558,.F.);
#229=ADVANCED_FACE('',(#559),#560,.T.);
#230=ADVANCED_FACE('',(#561),#562,.T.);
#231=ADVANCED_FACE('',(#563),#564,.F.);
#232=ADVANCED_FACE('',(#565),#566,.F.);
#233=ADVANCED_FACE('',(#567),#568,.T.);
#234=ADVANCED_FACE('',(#569),#570,.T.);
#235=ADVANCED_FACE('',(#571),#572,.F.);
#236=ADVANCED_FACE('',(#573),#574,.T.);
#237=ADVANCED_FACE('',(#575),#576,.T.);
#238=ADVANCED_FACE('',(#577),#578,.T.);
#239=ADVANCED_FACE('',(#579),#580,.F.);
#240=ADVANCED_FACE('',(#581),#582,.T.);
#241=ADVANCED_FACE('',(#583),#584,.F.);
#242=ADVANCED_FACE('',(#585),#586,.F.);
#243=ADVANCED_FACE('',(#587),#588,.F.);
#244=ADVANCED_FACE('',(#589),#590,.F.);
#246=FACE_OUTER_BOUND('',#591,.T.);
#247=PLANE('',#592);
#248=FACE_OUTER_BOUND('',#593,.T.);
#249=PLANE('',#594);
#250=FACE_OUTER_BOUND('',#595,.T.);
#251=PLANE('',#596);
#252=FACE_OUTER_BOUND('',#597,.T.);
#253=PLANE('',#598);
#254=FACE_OUTER_BOUND('',#599,.T.);
#255=PLANE('',#600);
#256=FACE_OUTER_BOUND('',#601,.T.);
#257=PLANE('',#602);
#258=FACE_OUTER_BOUND('',#603,.T.);
#259=PLANE('',#604);
#260=FACE_OUTER_BOUND('',#605,.T.);
#261=PLANE('',#606);
#262=FACE_OUTER_BOUND('',#607,.T.);
#263=PLANE('',#608);
#264=FACE_OUTER_BOUND('',#609,.T.);
#265=FACE_BOUND('',#610,.T.);
#266=PLANE('',#611);
#267=FACE_OUTER_BOUND('',#612,.T.);
#268=FACE_BOUND('',#613,.T.);
#269=PLANE('',#614);
#270=FACE_OUTER_BOUND('',#615,.T.);
#271=PLANE('',#616);
#272=FACE_OUTER_BOUND('',#617,.T.);
#273=PLANE('',#618);
#274=FACE_OUTER_BOUND('',#619,.T.);
#275=PLANE('',#620);
#276=FACE_OUTER_BOUND('',#621,.T.);
#277=PLANE('',#622);
#278=FACE_OUTER_BOUND('',#623,.T.);
#279=PLANE('',#624);
#280=FACE_BOUND('',#625,.T.);
#281=FACE_OUTER_BOUND('',#626,.T.);
#282=PLANE('',#627);
#283=FACE_OUTER_BOUND('',#628,.T.);
#284=PLANE('',#629);
#285=FACE_OUTER_BOUND('',#630,.T.);
#286=PLANE('',#631);
#287=FACE_OUTER_BOUND('',#632,.T.);
#288=PLANE('',#633);
#289=FACE_OUTER_BOUND('',#634,.T.);
#290=PLANE('',#635);
#291=FACE_OUTER_BOUND('',#636,.T.);
#292=PLANE('',#637);
#293=FACE_OUTER_BOUND('',#638,.T.);
#294=PLANE('',#639);
#295=FACE_OUTER_BOUND('',#640,.T.);
#296=PLANE('',#641);
#297=FACE_OUTER_BOUND('',#642,.T.);
#298=PLANE('',#643);
#299=FACE_OUTER_BOUND('',#644,.T.);
#300=PLANE('',#645);
#301=FACE_OUTER_BOUND('',#646,.T.);
#302=PLANE('',#647);
#303=FACE_OUTER_BOUND('',#648,.T.);
#304=PLANE('',#649);
#305=FACE_OUTER_BOUND('',#650,.T.);
#306=PLANE('',#651);
#307=FACE_OUTER_BOUND('',#652,.T.);
#308=PLANE('',#653);
#309=FACE_OUTER_BOUND('',#654,.T.);
#310=PLANE('',#655);
#311=FACE_OUTER_BOUND('',#656,.T.);
#312=PLANE('',#657);
#313=FACE_OUTER_BOUND('',#658,.T.);
#314=PLANE('',#659);
#315=FACE_OUTER_BOUND('',#660,.T.);
#316=PLANE('',#661);
#317=FACE_OUTER_BOUND('',#662,.T.);
#318=PLANE('',#663);
#319=FACE_OUTER_BOUND('',#664,.T.);
#320=PLANE('',#665);
#321=FACE_OUTER_BOUND('',#666,.T.);
#322=PLANE('',#667);
#323=FACE_OUTER_BOUND('',#668,.T.);
#324=PLANE('',#669);
#325=FACE_OUTER_BOUND('',#670,.T.);
#326=PLANE('',#671);
#327=FACE_OUTER_BOUND('',#672,.T.);
#328=PLANE('',#673);
#329=FACE_OUTER_BOUND('',#674,.T.);
#330=PLANE('',#675);
#331=FACE_OUTER_BOUND('',#676,.T.);
#332=PLANE('',#677);
#333=FACE_OUTER_BOUND('',#678,.T.);
#334=PLANE('',#679);
#335=FACE_BOUND('',#680,.T.);
#336=FACE_OUTER_BOUND('',#681,.T.);
#337=PLANE('',#682);
#338=FACE_OUTER_BOUND('',#683,.T.);
#339=PLANE('',#684);
#340=FACE_OUTER_BOUND('',#685,.T.);
#341=PLANE('',#686);
#342=FACE_OUTER_BOUND('',#687,.T.);
#343=PLANE('',#688);
#344=FACE_OUTER_BOUND('',#689,.T.);
#345=PLANE('',#690);
#346=FACE_OUTER_BOUND('',#691,.T.);
#347=PLANE('',#692);
#348=FACE_OUTER_BOUND('',#693,.T.);
#349=PLANE('',#694);
#350=FACE_OUTER_BOUND('',#695,.T.);
#351=PLANE('',#696);
#352=FACE_OUTER_BOUND('',#697,.T.);
#353=PLANE('',#698);
#354=FACE_OUTER_BOUND('',#699,.T.);
#355=PLANE('',#700);
#356=FACE_OUTER_BOUND('',#701,.T.);
#357=PLANE('',#702);
#358=FACE_OUTER_BOUND('',#703,.T.);
#359=PLANE('',#704);
#360=FACE_OUTER_BOUND('',#705,.T.);
#361=PLANE('',#706);
#362=FACE_OUTER_BOUND('',#707,.T.);
#363=PLANE('',#708);
#364=FACE_BOUND('',#709,.T.);
#365=FACE_OUTER_BOUND('',#710,.T.);
#366=PLANE('',#711);
#367=FACE_OUTER_BOUND('',#712,.T.);
#368=PLANE('',#713);
#369=FACE_OUTER_BOUND('',#714,.T.);
#370=PLANE('',#715);
#371=FACE_OUTER_BOUND('',#716,.T.);
#372=PLANE('',#717);
#373=FACE_OUTER_BOUND('',#718,.T.);
#374=PLANE('',#719);
#375=FACE_OUTER_BOUND('',#720,.T.);
#376=PLANE('',#721);
#377=FACE_OUTER_BOUND('',#722,.T.);
#378=CYLINDRICAL_SURFACE('',#723,0.1);
#379=FACE_OUTER_BOUND('',#724,.T.);
#380=PLANE('',#725);
#381=FACE_OUTER_BOUND('',#726,.T.);
#382=CYLINDRICAL_SURFACE('',#727,0.05);
#383=FACE_OUTER_BOUND('',#728,.T.);
#384=PLANE('',#729);
#385=FACE_OUTER_BOUND('',#730,.T.);
#386=CYLINDRICAL_SURFACE('',#731,0.05);
#387=FACE_OUTER_BOUND('',#732,.T.);
#388=PLANE('',#733);
#389=FACE_OUTER_BOUND('',#734,.T.);
#390=CYLINDRICAL_SURFACE('',#735,0.06);
#391=FACE_OUTER_BOUND('',#736,.T.);
#392=PLANE('',#737);
#393=FACE_OUTER_BOUND('',#738,.T.);
#394=PLANE('',#739);
#395=FACE_OUTER_BOUND('',#740,.T.);
#396=CYLINDRICAL_SURFACE('',#741,0.05);
#397=FACE_OUTER_BOUND('',#742,.T.);
#398=PLANE('',#743);
#399=FACE_OUTER_BOUND('',#744,.T.);
#400=PLANE('',#745);
#401=FACE_OUTER_BOUND('',#746,.T.);
#402=PLANE('',#747);
#403=FACE_OUTER_BOUND('',#748,.T.);
#404=PLANE('',#749);
#405=FACE_OUTER_BOUND('',#750,.T.);
#406=PLANE('',#751);
#407=FACE_OUTER_BOUND('',#752,.T.);
#408=PLANE('',#753);
#409=FACE_OUTER_BOUND('',#754,.T.);
#410=PLANE('',#755);
#411=FACE_OUTER_BOUND('',#756,.T.);
#412=PLANE('',#757);
#413=FACE_OUTER_BOUND('',#758,.T.);
#414=PLANE('',#759);
#415=FACE_OUTER_BOUND('',#760,.T.);
#416=PLANE('',#761);
#417=FACE_OUTER_BOUND('',#762,.T.);
#418=PLANE('',#763);
#419=FACE_OUTER_BOUND('',#764,.T.);
#420=PLANE('',#765);
#421=FACE_OUTER_BOUND('',#766,.T.);
#422=PLANE('',#767);
#423=FACE_OUTER_BOUND('',#768,.T.);
#424=PLANE('',#769);
#425=FACE_OUTER_BOUND('',#770,.T.);
#426=PLANE('',#771);
#427=FACE_OUTER_BOUND('',#772,.T.);
#428=PLANE('',#773);
#429=FACE_OUTER_BOUND('',#774,.T.);
#430=PLANE('',#775);
#431=FACE_OUTER_BOUND('',#776,.T.);
#432=PLANE('',#777);
#433=FACE_OUTER_BOUND('',#778,.T.);
#434=PLANE('',#779);
#435=FACE_OUTER_BOUND('',#780,.T.);
#436=PLANE('',#781);
#437=FACE_OUTER_BOUND('',#782,.T.);
#438=PLANE('',#783);
#439=FACE_OUTER_BOUND('',#784,.T.);
#440=PLANE('',#785);
#441=FACE_OUTER_BOUND('',#786,.T.);
#442=PLANE('',#787);
#443=FACE_OUTER_BOUND('',#788,.T.);
#444=PLANE('',#789);
#445=FACE_OUTER_BOUND('',#790,.T.);
#446=PLANE('',#791);
#447=FACE_OUTER_BOUND('',#792,.T.);
#448=PLANE('',#793);
#449=FACE_OUTER_BOUND('',#794,.T.);
#450=PLANE('',#795);
#451=FACE_OUTER_BOUND('',#796,.T.);
#452=PLANE('',#797);
#453=FACE_OUTER_BOUND('',#798,.T.);
#454=PLANE('',#799);
#455=FACE_OUTER_BOUND('',#800,.T.);
#456=PLANE('',#801);
#457=FACE_OUTER_BOUND('',#802,.T.);
#458=PLANE('',#803);
#459=FACE_OUTER_BOUND('',#804,.T.);
#460=PLANE('',#805);
#461=FACE_OUTER_BOUND('',#806,.T.);
#462=PLANE('',#807);
#463=FACE_OUTER_BOUND('',#808,.T.);
#464=PLANE('',#809);
#465=FACE_OUTER_BOUND('',#810,.T.);
#466=CYLINDRICAL_SURFACE('',#811,0.1);
#467=FACE_OUTER_BOUND('',#812,.T.);
#468=PLANE('',#813);
#469=FACE_OUTER_BOUND('',#814,.T.);
#470=CYLINDRICAL_SURFACE('',#815,0.05);
#471=FACE_OUTER_BOUND('',#816,.T.);
#472=PLANE('',#817);
#473=FACE_OUTER_BOUND('',#818,.T.);
#474=CYLINDRICAL_SURFACE('',#819,0.05);
#475=FACE_OUTER_BOUND('',#820,.T.);
#476=PLANE('',#821);
#477=FACE_OUTER_BOUND('',#822,.T.);
#478=CYLINDRICAL_SURFACE('',#823,0.06);
#479=FACE_OUTER_BOUND('',#824,.T.);
#480=PLANE('',#825);
#481=FACE_OUTER_BOUND('',#826,.T.);
#482=PLANE('',#827);
#483=FACE_OUTER_BOUND('',#828,.T.);
#484=CYLINDRICAL_SURFACE('',#829,0.05);
#485=FACE_OUTER_BOUND('',#830,.T.);
#486=PLANE('',#831);
#487=FACE_OUTER_BOUND('',#832,.T.);
#488=PLANE('',#833);
#489=FACE_OUTER_BOUND('',#834,.T.);
#490=PLANE('',#835);
#491=FACE_OUTER_BOUND('',#836,.T.);
#492=PLANE('',#837);
#493=FACE_OUTER_BOUND('',#838,.T.);
#494=PLANE('',#839);
#495=FACE_OUTER_BOUND('',#840,.T.);
#496=PLANE('',#841);
#497=FACE_OUTER_BOUND('',#842,.T.);
#498=CYLINDRICAL_SURFACE('',#843,0.1);
#499=FACE_OUTER_BOUND('',#844,.T.);
#500=PLANE('',#845);
#501=FACE_OUTER_BOUND('',#846,.T.);
#502=CYLINDRICAL_SURFACE('',#847,0.05);
#503=FACE_OUTER_BOUND('',#848,.T.);
#504=PLANE('',#849);
#505=FACE_OUTER_BOUND('',#850,.T.);
#506=CYLINDRICAL_SURFACE('',#851,0.05);
#507=FACE_OUTER_BOUND('',#852,.T.);
#508=PLANE('',#853);
#509=FACE_OUTER_BOUND('',#854,.T.);
#510=CYLINDRICAL_SURFACE('',#855,0.06);
#511=FACE_OUTER_BOUND('',#856,.T.);
#512=PLANE('',#857);
#513=FACE_OUTER_BOUND('',#858,.T.);
#514=PLANE('',#859);
#515=FACE_OUTER_BOUND('',#860,.T.);
#516=CYLINDRICAL_SURFACE('',#861,0.05);
#517=FACE_OUTER_BOUND('',#862,.T.);
#518=PLANE('',#863);
#519=FACE_OUTER_BOUND('',#864,.T.);
#520=PLANE('',#865);
#521=FACE_OUTER_BOUND('',#866,.T.);
#522=PLANE('',#867);
#523=FACE_OUTER_BOUND('',#868,.T.);
#524=PLANE('',#869);
#525=FACE_OUTER_BOUND('',#870,.T.);
#526=PLANE('',#871);
#527=FACE_OUTER_BOUND('',#872,.T.);
#528=PLANE('',#873);
#529=FACE_OUTER_BOUND('',#874,.T.);
#530=CYLINDRICAL_SURFACE('',#875,0.1);
#531=FACE_OUTER_BOUND('',#876,.T.);
#532=PLANE('',#877);
#533=FACE_OUTER_BOUND('',#878,.T.);
#534=CYLINDRICAL_SURFACE('',#879,0.05);
#535=FACE_OUTER_BOUND('',#880,.T.);
#536=PLANE('',#881);
#537=FACE_OUTER_BOUND('',#882,.T.);
#538=CYLINDRICAL_SURFACE('',#883,0.05);
#539=FACE_OUTER_BOUND('',#884,.T.);
#540=PLANE('',#885);
#541=FACE_OUTER_BOUND('',#886,.T.);
#542=CYLINDRICAL_SURFACE('',#887,0.06);
#543=FACE_OUTER_BOUND('',#888,.T.);
#544=PLANE('',#889);
#545=FACE_OUTER_BOUND('',#890,.T.);
#546=PLANE('',#891);
#547=FACE_OUTER_BOUND('',#892,.T.);
#548=CYLINDRICAL_SURFACE('',#893,0.05);
#549=FACE_OUTER_BOUND('',#894,.T.);
#550=PLANE('',#895);
#551=FACE_OUTER_BOUND('',#896,.T.);
#552=PLANE('',#897);
#553=FACE_OUTER_BOUND('',#898,.T.);
#554=PLANE('',#899);
#555=FACE_OUTER_BOUND('',#900,.T.);
#556=PLANE('',#901);
#557=FACE_OUTER_BOUND('',#902,.T.);
#558=PLANE('',#903);
#559=FACE_OUTER_BOUND('',#904,.T.);
#560=PLANE('',#905);
#561=FACE_OUTER_BOUND('',#906,.T.);
#562=PLANE('',#907);
#563=FACE_OUTER_BOUND('',#908,.T.);
#564=PLANE('',#909);
#565=FACE_OUTER_BOUND('',#910,.T.);
#566=PLANE('',#911);
#567=FACE_OUTER_BOUND('',#912,.T.);
#568=PLANE('',#913);
#569=FACE_OUTER_BOUND('',#914,.T.);
#570=PLANE('',#915);
#571=FACE_OUTER_BOUND('',#916,.T.);
#572=PLANE('',#917);
#573=FACE_OUTER_BOUND('',#918,.T.);
#574=PLANE('',#919);
#575=FACE_OUTER_BOUND('',#920,.T.);
#576=PLANE('',#921);
#577=FACE_OUTER_BOUND('',#922,.T.);
#578=PLANE('',#923);
#579=FACE_OUTER_BOUND('',#924,.T.);
#580=PLANE('',#925);
#581=FACE_OUTER_BOUND('',#926,.T.);
#582=PLANE('',#927);
#583=FACE_OUTER_BOUND('',#928,.T.);
#584=PLANE('',#929);
#585=FACE_OUTER_BOUND('',#930,.T.);
#586=PLANE('',#931);
#587=FACE_OUTER_BOUND('',#932,.T.);
#588=PLANE('',#933);
#589=FACE_OUTER_BOUND('',#934,.T.);
#590=PLANE('',#935);
#591=EDGE_LOOP('',(#936,#937,#938,#939,#940,#941,#942,#943,#944,#945,#946,#947,#948,#949,#950,#951,#952,#953,#954,#955));
#592=AXIS2_PLACEMENT_3D('',#956,#957,#958);
#593=EDGE_LOOP('',(#959,#960,#961,#962,#963,#964,#965,#966,#967,#968,#969,#970,#971,#972,#973,#974,#975,#976,#977,#978));
#594=AXIS2_PLACEMENT_3D('',#979,#980,#981);
#595=EDGE_LOOP('',(#982,#983,#984,#985,#986,#987,#988,#989,#990,#991,#992,#993,#994,#995,#996,#997,#998,#999,#1000,#1001));
#596=AXIS2_PLACEMENT_3D('',#1002,#1003,#1004);
#597=EDGE_LOOP('',(#1005,#1006,#1007,#1008));
#598=AXIS2_PLACEMENT_3D('',#1009,#1010,#1011);
#599=EDGE_LOOP('',(#1012,#1013,#1014,#1015));
#600=AXIS2_PLACEMENT_3D('',#1016,#1017,#1018);
#601=EDGE_LOOP('',(#1019,#1020,#1021,#1022));
#602=AXIS2_PLACEMENT_3D('',#1023,#1024,#1025);
#603=EDGE_LOOP('',(#1026,#1027,#1028,#1029));
#604=AXIS2_PLACEMENT_3D('',#1030,#1031,#1032);
#605=EDGE_LOOP('',(#1033,#1034,#1035,#1036));
#606=AXIS2_PLACEMENT_3D('',#1037,#1038,#1039);
#607=EDGE_LOOP('',(#1040,#1041,#1042,#1043));
#608=AXIS2_PLACEMENT_3D('',#1044,#1045,#1046);
#609=EDGE_LOOP('',(#1047,#1048,#1049,#1050));
#610=EDGE_LOOP('',(#1051,#1052,#1053,#1054));
#611=AXIS2_PLACEMENT_3D('',#1055,#1056,#1057);
#612=EDGE_LOOP('',(#1058,#1059,#1060,#1061));
#613=EDGE_LOOP('',(#1062,#1063,#1064,#1065));
#614=AXIS2_PLACEMENT_3D('',#1066,#1067,#1068);
#615=EDGE_LOOP('',(#1069,#1070,#1071,#1072));
#616=AXIS2_PLACEMENT_3D('',#1073,#1074,#1075);
#617=EDGE_LOOP('',(#1076,#1077,#1078,#1079));
#618=AXIS2_PLACEMENT_3D('',#1080,#1081,#1082);
#619=EDGE_LOOP('',(#1083,#1084,#1085,#1086));
#620=AXIS2_PLACEMENT_3D('',#1087,#1088,#1089);
#621=EDGE_LOOP('',(#1090,#1091,#1092,#1093,#1094,#1095,#1096,#1097));
#622=AXIS2_PLACEMENT_3D('',#1098,#1099,#1100);
#623=EDGE_LOOP('',(#1101,#1102,#1103,#1104,#1105,#1106,#1107,#1108,#1109,#1110,#1111));
#624=AXIS2_PLACEMENT_3D('',#1112,#1113,#1114);
#625=EDGE_LOOP('',(#1115,#1116,#1117));
#626=EDGE_LOOP('',(#1118,#1119,#1120,#1121,#1122,#1123,#1124,#1125,#1126,#1127,#1128,#1129,#1130,#1131,#1132,#1133,#1134,#1135,#1136,#1137,#1138,#1139));
#627=AXIS2_PLACEMENT_3D('',#1140,#1141,#1142);
#628=EDGE_LOOP('',(#1143,#1144,#1145,#1146));
#629=AXIS2_PLACEMENT_3D('',#1147,#1148,#1149);
#630=EDGE_LOOP('',(#1150,#1151,#1152,#1153,#1154,#1155));
#631=AXIS2_PLACEMENT_3D('',#1156,#1157,#1158);
#632=EDGE_LOOP('',(#1159,#1160,#1161,#1162,#1163,#1164,#1165,#1166,#1167,#1168,#1169,#1170));
#633=AXIS2_PLACEMENT_3D('',#1171,#1172,#1173);
#634=EDGE_LOOP('',(#1174,#1175,#1176,#1177,#1178,#1179,#1180,#1181,#1182,#1183,#1184,#1185,#1186,#1187));
#635=AXIS2_PLACEMENT_3D('',#1188,#1189,#1190);
#636=EDGE_LOOP('',(#1191,#1192,#1193,#1194,#1195,#1196,#1197,#1198,#1199,#1200,#1201,#1202,#1203,#1204));
#637=AXIS2_PLACEMENT_3D('',#1205,#1206,#1207);
#638=EDGE_LOOP('',(#1208,#1209,#1210,#1211,#1212,#1213,#1214,#1215,#1216));
#639=AXIS2_PLACEMENT_3D('',#1217,#1218,#1219);
#640=EDGE_LOOP('',(#1220,#1221,#1222,#1223));
#641=AXIS2_PLACEMENT_3D('',#1224,#1225,#1226);
#642=EDGE_LOOP('',(#1227,#1228,#1229,#1230,#1231,#1232,#1233,#1234,#1235));
#643=AXIS2_PLACEMENT_3D('',#1236,#1237,#1238);
#644=EDGE_LOOP('',(#1239,#1240,#1241,#1242));
#645=AXIS2_PLACEMENT_3D('',#1243,#1244,#1245);
#646=EDGE_LOOP('',(#1246,#1247,#1248,#1249));
#647=AXIS2_PLACEMENT_3D('',#1250,#1251,#1252);
#648=EDGE_LOOP('',(#1253,#1254,#1255,#1256));
#649=AXIS2_PLACEMENT_3D('',#1257,#1258,#1259);
#650=EDGE_LOOP('',(#1260,#1261,#1262,#1263,#1264,#1265,#1266,#1267,#1268,#1269,#1270));
#651=AXIS2_PLACEMENT_3D('',#1271,#1272,#1273);
#652=EDGE_LOOP('',(#1274,#1275,#1276,#1277));
#653=AXIS2_PLACEMENT_3D('',#1278,#1279,#1280);
#654=EDGE_LOOP('',(#1281,#1282,#1283,#1284,#1285,#1286,#1287,#1288,#1289,#1290,#1291,#1292,#1293,#1294,#1295,#1296,#1297,#1298,#1299,#1300,#1301,#1302,#1303,#1304,#1305,#1306,#1307,#1308,#1309,#1310,#1311,#1312,#1313,#1314,#1315,#1316));
#655=AXIS2_PLACEMENT_3D('',#1317,#1318,#1319);
#656=EDGE_LOOP('',(#1320,#1321,#1322,#1323));
#657=AXIS2_PLACEMENT_3D('',#1324,#1325,#1326);
#658=EDGE_LOOP('',(#1327,#1328,#1329,#1330,#1331,#1332,#1333,#1334));
#659=AXIS2_PLACEMENT_3D('',#1335,#1336,#1337);
#660=EDGE_LOOP('',(#1338,#1339,#1340,#1341));
#661=AXIS2_PLACEMENT_3D('',#1342,#1343,#1344);
#662=EDGE_LOOP('',(#1345,#1346,#1347,#1348));
#663=AXIS2_PLACEMENT_3D('',#1349,#1350,#1351);
#664=EDGE_LOOP('',(#1352,#1353,#1354,#1355));
#665=AXIS2_PLACEMENT_3D('',#1356,#1357,#1358);
#666=EDGE_LOOP('',(#1359,#1360,#1361,#1362,#1363,#1364));
#667=AXIS2_PLACEMENT_3D('',#1365,#1366,#1367);
#668=EDGE_LOOP('',(#1368,#1369,#1370,#1371));
#669=AXIS2_PLACEMENT_3D('',#1372,#1373,#1374);
#670=EDGE_LOOP('',(#1375,#1376,#1377,#1378));
#671=AXIS2_PLACEMENT_3D('',#1379,#1380,#1381);
#672=EDGE_LOOP('',(#1382,#1383,#1384,#1385,#1386,#1387));
#673=AXIS2_PLACEMENT_3D('',#1388,#1389,#1390);
#674=EDGE_LOOP('',(#1391,#1392,#1393,#1394));
#675=AXIS2_PLACEMENT_3D('',#1395,#1396,#1397);
#676=EDGE_LOOP('',(#1398,#1399,#1400,#1401));
#677=AXIS2_PLACEMENT_3D('',#1402,#1403,#1404);
#678=EDGE_LOOP('',(#1405,#1406,#1407,#1408,#1409,#1410));
#679=AXIS2_PLACEMENT_3D('',#1411,#1412,#1413);
#680=EDGE_LOOP('',(#1414,#1415,#1416,#1417));
#681=EDGE_LOOP('',(#1418,#1419,#1420,#1421));
#682=AXIS2_PLACEMENT_3D('',#1422,#1423,#1424);
#683=EDGE_LOOP('',(#1425,#1426,#1427,#1428));
#684=AXIS2_PLACEMENT_3D('',#1429,#1430,#1431);
#685=EDGE_LOOP('',(#1432,#1433,#1434,#1435));
#686=AXIS2_PLACEMENT_3D('',#1436,#1437,#1438);
#687=EDGE_LOOP('',(#1439,#1440,#1441,#1442));
#688=AXIS2_PLACEMENT_3D('',#1443,#1444,#1445);
#689=EDGE_LOOP('',(#1446,#1447,#1448,#1449));
#690=AXIS2_PLACEMENT_3D('',#1450,#1451,#1452);
#691=EDGE_LOOP('',(#1453,#1454,#1455,#1456));
#692=AXIS2_PLACEMENT_3D('',#1457,#1458,#1459);
#693=EDGE_LOOP('',(#1460,#1461,#1462,#1463,#1464,#1465,#1466,#1467,#1468));
#694=AXIS2_PLACEMENT_3D('',#1469,#1470,#1471);
#695=EDGE_LOOP('',(#1472,#1473,#1474,#1475));
#696=AXIS2_PLACEMENT_3D('',#1476,#1477,#1478);
#697=EDGE_LOOP('',(#1479,#1480,#1481,#1482));
#698=AXIS2_PLACEMENT_3D('',#1483,#1484,#1485);
#699=EDGE_LOOP('',(#1486,#1487,#1488,#1489,#1490,#1491,#1492,#1493,#1494));
#700=AXIS2_PLACEMENT_3D('',#1495,#1496,#1497);
#701=EDGE_LOOP('',(#1498,#1499,#1500,#1501));
#702=AXIS2_PLACEMENT_3D('',#1502,#1503,#1504);
#703=EDGE_LOOP('',(#1505,#1506,#1507,#1508));
#704=AXIS2_PLACEMENT_3D('',#1509,#1510,#1511);
#705=EDGE_LOOP('',(#1512,#1513,#1514,#1515));
#706=AXIS2_PLACEMENT_3D('',#1516,#1517,#1518);
#707=EDGE_LOOP('',(#1519,#1520,#1521,#1522));
#708=AXIS2_PLACEMENT_3D('',#1523,#1524,#1525);
#709=EDGE_LOOP('',(#1526,#1527,#1528,#1529));
#710=EDGE_LOOP('',(#1530,#1531,#1532,#1533));
#711=AXIS2_PLACEMENT_3D('',#1534,#1535,#1536);
#712=EDGE_LOOP('',(#1537,#1538,#1539));
#713=AXIS2_PLACEMENT_3D('',#1540,#1541,#1542);
#714=EDGE_LOOP('',(#1543,#1544,#1545,#1546,#1547,#1548));
#715=AXIS2_PLACEMENT_3D('',#1549,#1550,#1551);
#716=EDGE_LOOP('',(#1552,#1553,#1554,#1555,#1556,#1557));
#717=AXIS2_PLACEMENT_3D('',#1558,#1559,#1560);
#718=EDGE_LOOP('',(#1561,#1562,#1563));
#719=AXIS2_PLACEMENT_3D('',#1564,#1565,#1566);
#720=EDGE_LOOP('',(#1567,#1568,#1569,#1570));
#721=AXIS2_PLACEMENT_3D('',#1571,#1572,#1573);
#722=EDGE_LOOP('',(#1574,#1575,#1576,#1577));
#723=AXIS2_PLACEMENT_3D('',#1578,#1579,#1580);
#724=EDGE_LOOP('',(#1581,#1582,#1583,#1584));
#725=AXIS2_PLACEMENT_3D('',#1585,#1586,#1587);
#726=EDGE_LOOP('',(#1588,#1589,#1590,#1591));
#727=AXIS2_PLACEMENT_3D('',#1592,#1593,#1594);
#728=EDGE_LOOP('',(#1595,#1596,#1597,#1598));
#729=AXIS2_PLACEMENT_3D('',#1599,#1600,#1601);
#730=EDGE_LOOP('',(#1602,#1603,#1604,#1605));
#731=AXIS2_PLACEMENT_3D('',#1606,#1607,#1608);
#732=EDGE_LOOP('',(#1609,#1610,#1611,#1612));
#733=AXIS2_PLACEMENT_3D('',#1613,#1614,#1615);
#734=EDGE_LOOP('',(#1616,#1617,#1618,#1619));
#735=AXIS2_PLACEMENT_3D('',#1620,#1621,#1622);
#736=EDGE_LOOP('',(#1623,#1624,#1625,#1626,#1627,#1628,#1629,#1630,#1631,#1632,#1633,#1634,#1635,#1636));
#737=AXIS2_PLACEMENT_3D('',#1637,#1638,#1639);
#738=EDGE_LOOP('',(#1640,#1641,#1642,#1643,#1644,#1645,#1646,#1647,#1648,#1649,#1650,#1651,#1652,#1653));
#739=AXIS2_PLACEMENT_3D('',#1654,#1655,#1656);
#740=EDGE_LOOP('',(#1657,#1658,#1659,#1660));
#741=AXIS2_PLACEMENT_3D('',#1661,#1662,#1663);
#742=EDGE_LOOP('',(#1664,#1665,#1666,#1667));
#743=AXIS2_PLACEMENT_3D('',#1668,#1669,#1670);
#744=EDGE_LOOP('',(#1671,#1672,#1673,#1674));
#745=AXIS2_PLACEMENT_3D('',#1675,#1676,#1677);
#746=EDGE_LOOP('',(#1678,#1679,#1680,#1681));
#747=AXIS2_PLACEMENT_3D('',#1682,#1683,#1684);
#748=EDGE_LOOP('',(#1685,#1686,#1687,#1688));
#749=AXIS2_PLACEMENT_3D('',#1689,#1690,#1691);
#750=EDGE_LOOP('',(#1692,#1693,#1694,#1695));
#751=AXIS2_PLACEMENT_3D('',#1696,#1697,#1698);
#752=EDGE_LOOP('',(#1699,#1700,#1701,#1702));
#753=AXIS2_PLACEMENT_3D('',#1703,#1704,#1705);
#754=EDGE_LOOP('',(#1706,#1707,#1708,#1709));
#755=AXIS2_PLACEMENT_3D('',#1710,#1711,#1712);
#756=EDGE_LOOP('',(#1713,#1714,#1715,#1716));
#757=AXIS2_PLACEMENT_3D('',#1717,#1718,#1719);
#758=EDGE_LOOP('',(#1720,#1721,#1722,#1723,#1724,#1725));
#759=AXIS2_PLACEMENT_3D('',#1726,#1727,#1728);
#760=EDGE_LOOP('',(#1729,#1730,#1731,#1732,#1733,#1734));
#761=AXIS2_PLACEMENT_3D('',#1735,#1736,#1737);
#762=EDGE_LOOP('',(#1738,#1739,#1740,#1741));
#763=AXIS2_PLACEMENT_3D('',#1742,#1743,#1744);
#764=EDGE_LOOP('',(#1745,#1746,#1747,#1748));
#765=AXIS2_PLACEMENT_3D('',#1749,#1750,#1751);
#766=EDGE_LOOP('',(#1752,#1753,#1754,#1755));
#767=AXIS2_PLACEMENT_3D('',#1756,#1757,#1758);
#768=EDGE_LOOP('',(#1759,#1760,#1761,#1762,#1763,#1764));
#769=AXIS2_PLACEMENT_3D('',#1765,#1766,#1767);
#770=EDGE_LOOP('',(#1768,#1769,#1770,#1771,#1772,#1773));
#771=AXIS2_PLACEMENT_3D('',#1774,#1775,#1776);
#772=EDGE_LOOP('',(#1777,#1778,#1779,#1780));
#773=AXIS2_PLACEMENT_3D('',#1781,#1782,#1783);
#774=EDGE_LOOP('',(#1784,#1785,#1786,#1787));
#775=AXIS2_PLACEMENT_3D('',#1788,#1789,#1790);
#776=EDGE_LOOP('',(#1791,#1792,#1793,#1794));
#777=AXIS2_PLACEMENT_3D('',#1795,#1796,#1797);
#778=EDGE_LOOP('',(#1798,#1799,#1800,#1801));
#779=AXIS2_PLACEMENT_3D('',#1802,#1803,#1804);
#780=EDGE_LOOP('',(#1805,#1806,#1807,#1808));
#781=AXIS2_PLACEMENT_3D('',#1809,#1810,#1811);
#782=EDGE_LOOP('',(#1812,#1813,#1814,#1815));
#783=AXIS2_PLACEMENT_3D('',#1816,#1817,#1818);
#784=EDGE_LOOP('',(#1819,#1820,#1821,#1822));
#785=AXIS2_PLACEMENT_3D('',#1823,#1824,#1825);
#786=EDGE_LOOP('',(#1826,#1827,#1828,#1829,#1830,#1831));
#787=AXIS2_PLACEMENT_3D('',#1832,#1833,#1834);
#788=EDGE_LOOP('',(#1835,#1836,#1837,#1838,#1839,#1840));
#789=AXIS2_PLACEMENT_3D('',#1841,#1842,#1843);
#790=EDGE_LOOP('',(#1844,#1845,#1846,#1847));
#791=AXIS2_PLACEMENT_3D('',#1848,#1849,#1850);
#792=EDGE_LOOP('',(#1851,#1852,#1853,#1854));
#793=AXIS2_PLACEMENT_3D('',#1855,#1856,#1857);
#794=EDGE_LOOP('',(#1858,#1859,#1860,#1861));
#795=AXIS2_PLACEMENT_3D('',#1862,#1863,#1864);
#796=EDGE_LOOP('',(#1865,#1866,#1867,#1868,#1869,#1870));
#797=AXIS2_PLACEMENT_3D('',#1871,#1872,#1873);
#798=EDGE_LOOP('',(#1874,#1875,#1876,#1877,#1878,#1879));
#799=AXIS2_PLACEMENT_3D('',#1880,#1881,#1882);
#800=EDGE_LOOP('',(#1883,#1884,#1885,#1886));
#801=AXIS2_PLACEMENT_3D('',#1887,#1888,#1889);
#802=EDGE_LOOP('',(#1890,#1891,#1892,#1893));
#803=AXIS2_PLACEMENT_3D('',#1894,#1895,#1896);
#804=EDGE_LOOP('',(#1897,#1898,#1899,#1900));
#805=AXIS2_PLACEMENT_3D('',#1901,#1902,#1903);
#806=EDGE_LOOP('',(#1904,#1905,#1906,#1907));
#807=AXIS2_PLACEMENT_3D('',#1908,#1909,#1910);
#808=EDGE_LOOP('',(#1911,#1912,#1913,#1914));
#809=AXIS2_PLACEMENT_3D('',#1915,#1916,#1917);
#810=EDGE_LOOP('',(#1918,#1919,#1920,#1921));
#811=AXIS2_PLACEMENT_3D('',#1922,#1923,#1924);
#812=EDGE_LOOP('',(#1925,#1926,#1927,#1928));
#813=AXIS2_PLACEMENT_3D('',#1929,#1930,#1931);
#814=EDGE_LOOP('',(#1932,#1933,#1934,#1935));
#815=AXIS2_PLACEMENT_3D('',#1936,#1937,#1938);
#816=EDGE_LOOP('',(#1939,#1940,#1941,#1942));
#817=AXIS2_PLACEMENT_3D('',#1943,#1944,#1945);
#818=EDGE_LOOP('',(#1946,#1947,#1948,#1949));
#819=AXIS2_PLACEMENT_3D('',#1950,#1951,#1952);
#820=EDGE_LOOP('',(#1953,#1954,#1955,#1956));
#821=AXIS2_PLACEMENT_3D('',#1957,#1958,#1959);
#822=EDGE_LOOP('',(#1960,#1961,#1962,#1963));
#823=AXIS2_PLACEMENT_3D('',#1964,#1965,#1966);
#824=EDGE_LOOP('',(#1967,#1968,#1969,#1970,#1971,#1972,#1973,#1974,#1975,#1976,#1977,#1978,#1979,#1980));
#825=AXIS2_PLACEMENT_3D('',#1981,#1982,#1983);
#826=EDGE_LOOP('',(#1984,#1985,#1986,#1987,#1988,#1989,#1990,#1991,#1992,#1993,#1994,#1995,#1996,#1997));
#827=AXIS2_PLACEMENT_3D('',#1998,#1999,#2000);
#828=EDGE_LOOP('',(#2001,#2002,#2003,#2004));
#829=AXIS2_PLACEMENT_3D('',#2005,#2006,#2007);
#830=EDGE_LOOP('',(#2008,#2009,#2010,#2011));
#831=AXIS2_PLACEMENT_3D('',#2012,#2013,#2014);
#832=EDGE_LOOP('',(#2015,#2016,#2017,#2018));
#833=AXIS2_PLACEMENT_3D('',#2019,#2020,#2021);
#834=EDGE_LOOP('',(#2022,#2023,#2024,#2025));
#835=AXIS2_PLACEMENT_3D('',#2026,#2027,#2028);
#836=EDGE_LOOP('',(#2029,#2030,#2031,#2032));
#837=AXIS2_PLACEMENT_3D('',#2033,#2034,#2035);
#838=EDGE_LOOP('',(#2036,#2037,#2038,#2039));
#839=AXIS2_PLACEMENT_3D('',#2040,#2041,#2042);
#840=EDGE_LOOP('',(#2043,#2044,#2045,#2046));
#841=AXIS2_PLACEMENT_3D('',#2047,#2048,#2049);
#842=EDGE_LOOP('',(#2050,#2051,#2052,#2053));
#843=AXIS2_PLACEMENT_3D('',#2054,#2055,#2056);
#844=EDGE_LOOP('',(#2057,#2058,#2059,#2060));
#845=AXIS2_PLACEMENT_3D('',#2061,#2062,#2063);
#846=EDGE_LOOP('',(#2064,#2065,#2066,#2067));
#847=AXIS2_PLACEMENT_3D('',#2068,#2069,#2070);
#848=EDGE_LOOP('',(#2071,#2072,#2073,#2074));
#849=AXIS2_PLACEMENT_3D('',#2075,#2076,#2077);
#850=EDGE_LOOP('',(#2078,#2079,#2080,#2081));
#851=AXIS2_PLACEMENT_3D('',#2082,#2083,#2084);
#852=EDGE_LOOP('',(#2085,#2086,#2087,#2088));
#853=AXIS2_PLACEMENT_3D('',#2089,#2090,#2091);
#854=EDGE_LOOP('',(#2092,#2093,#2094,#2095));
#855=AXIS2_PLACEMENT_3D('',#2096,#2097,#2098);
#856=EDGE_LOOP('',(#2099,#2100,#2101,#2102,#2103,#2104,#2105,#2106,#2107,#2108,#2109,#2110,#2111,#2112));
#857=AXIS2_PLACEMENT_3D('',#2113,#2114,#2115);
#858=EDGE_LOOP('',(#2116,#2117,#2118,#2119,#2120,#2121,#2122,#2123,#2124,#2125,#2126,#2127,#2128,#2129));
#859=AXIS2_PLACEMENT_3D('',#2130,#2131,#2132);
#860=EDGE_LOOP('',(#2133,#2134,#2135,#2136));
#861=AXIS2_PLACEMENT_3D('',#2137,#2138,#2139);
#862=EDGE_LOOP('',(#2140,#2141,#2142,#2143));
#863=AXIS2_PLACEMENT_3D('',#2144,#2145,#2146);
#864=EDGE_LOOP('',(#2147,#2148,#2149,#2150));
#865=AXIS2_PLACEMENT_3D('',#2151,#2152,#2153);
#866=EDGE_LOOP('',(#2154,#2155,#2156,#2157));
#867=AXIS2_PLACEMENT_3D('',#2158,#2159,#2160);
#868=EDGE_LOOP('',(#2161,#2162,#2163,#2164));
#869=AXIS2_PLACEMENT_3D('',#2165,#2166,#2167);
#870=EDGE_LOOP('',(#2168,#2169,#2170,#2171));
#871=AXIS2_PLACEMENT_3D('',#2172,#2173,#2174);
#872=EDGE_LOOP('',(#2175,#2176,#2177,#2178));
#873=AXIS2_PLACEMENT_3D('',#2179,#2180,#2181);
#874=EDGE_LOOP('',(#2182,#2183,#2184,#2185));
#875=AXIS2_PLACEMENT_3D('',#2186,#2187,#2188);
#876=EDGE_LOOP('',(#2189,#2190,#2191,#2192));
#877=AXIS2_PLACEMENT_3D('',#2193,#2194,#2195);
#878=EDGE_LOOP('',(#2196,#2197,#2198,#2199));
#879=AXIS2_PLACEMENT_3D('',#2200,#2201,#2202);
#880=EDGE_LOOP('',(#2203,#2204,#2205,#2206));
#881=AXIS2_PLACEMENT_3D('',#2207,#2208,#2209);
#882=EDGE_LOOP('',(#2210,#2211,#2212,#2213));
#883=AXIS2_PLACEMENT_3D('',#2214,#2215,#2216);
#884=EDGE_LOOP('',(#2217,#2218,#2219,#2220));
#885=AXIS2_PLACEMENT_3D('',#2221,#2222,#2223);
#886=EDGE_LOOP('',(#2224,#2225,#2226,#2227));
#887=AXIS2_PLACEMENT_3D('',#2228,#2229,#2230);
#888=EDGE_LOOP('',(#2231,#2232,#2233,#2234,#2235,#2236,#2237,#2238,#2239,#2240,#2241,#2242,#2243,#2244));
#889=AXIS2_PLACEMENT_3D('',#2245,#2246,#2247);
#890=EDGE_LOOP('',(#2248,#2249,#2250,#2251,#2252,#2253,#2254,#2255,#2256,#2257,#2258,#2259,#2260,#2261));
#891=AXIS2_PLACEMENT_3D('',#2262,#2263,#2264);
#892=EDGE_LOOP('',(#2265,#2266,#2267,#2268));
#893=AXIS2_PLACEMENT_3D('',#2269,#2270,#2271);
#894=EDGE_LOOP('',(#2272,#2273,#2274,#2275));
#895=AXIS2_PLACEMENT_3D('',#2276,#2277,#2278);
#896=EDGE_LOOP('',(#2279,#2280,#2281,#2282));
#897=AXIS2_PLACEMENT_3D('',#2283,#2284,#2285);
#898=EDGE_LOOP('',(#2286,#2287,#2288,#2289));
#899=AXIS2_PLACEMENT_3D('',#2290,#2291,#2292);
#900=EDGE_LOOP('',(#2293,#2294,#2295,#2296));
#901=AXIS2_PLACEMENT_3D('',#2297,#2298,#2299);
#902=EDGE_LOOP('',(#2300,#2301,#2302,#2303));
#903=AXIS2_PLACEMENT_3D('',#2304,#2305,#2306);
#904=EDGE_LOOP('',(#2307,#2308,#2309,#2310));
#905=AXIS2_PLACEMENT_3D('',#2311,#2312,#2313);
#906=EDGE_LOOP('',(#2314,#2315,#2316,#2317,#2318));
#907=AXIS2_PLACEMENT_3D('',#2319,#2320,#2321);
#908=EDGE_LOOP('',(#2322,#2323,#2324,#2325));
#909=AXIS2_PLACEMENT_3D('',#2326,#2327,#2328);
#910=EDGE_LOOP('',(#2329,#2330,#2331,#2332,#2333));
#911=AXIS2_PLACEMENT_3D('',#2334,#2335,#2336);
#912=EDGE_LOOP('',(#2337,#2338,#2339,#2340));
#913=AXIS2_PLACEMENT_3D('',#2341,#2342,#2343);
#914=EDGE_LOOP('',(#2344,#2345,#2346,#2347,#2348));
#915=AXIS2_PLACEMENT_3D('',#2349,#2350,#2351);
#916=EDGE_LOOP('',(#2352,#2353,#2354,#2355));
#917=AXIS2_PLACEMENT_3D('',#2356,#2357,#2358);
#918=EDGE_LOOP('',(#2359,#2360,#2361,#2362,#2363));
#919=AXIS2_PLACEMENT_3D('',#2364,#2365,#2366);
#920=EDGE_LOOP('',(#2367,#2368,#2369,#2370));
#921=AXIS2_PLACEMENT_3D('',#2371,#2372,#2373);
#922=EDGE_LOOP('',(#2374,#2375,#2376,#2377,#2378));
#923=AXIS2_PLACEMENT_3D('',#2379,#2380,#2381);
#924=EDGE_LOOP('',(#2382,#2383,#2384,#2385));
#925=AXIS2_PLACEMENT_3D('',#2386,#2387,#2388);
#926=EDGE_LOOP('',(#2389,#2390,#2391,#2392,#2393));
#927=AXIS2_PLACEMENT_3D('',#2394,#2395,#2396);
#928=EDGE_LOOP('',(#2397,#2398,#2399,#2400));
#929=AXIS2_PLACEMENT_3D('',#2401,#2402,#2403);
#930=EDGE_LOOP('',(#2404,#2405,#2406,#2407));
#931=AXIS2_PLACEMENT_3D('',#2408,#2409,#2410);
#932=EDGE_LOOP('',(#2411,#2412,#2413,#2414));
#933=AXIS2_PLACEMENT_3D('',#2415,#2416,#2417);
#934=EDGE_LOOP('',(#2418,#2419,#2420));
#935=AXIS2_PLACEMENT_3D('',#2421,#2422,#2423);
#936=ORIENTED_EDGE('',*,*,#2424,.F.);
#937=ORIENTED_EDGE('',*,*,#2425,.T.);
#938=ORIENTED_EDGE('',*,*,#2426,.T.);
#939=ORIENTED_EDGE('',*,*,#2427,.T.);
#940=ORIENTED_EDGE('',*,*,#2428,.T.);
#941=ORIENTED_EDGE('',*,*,#2429,.F.);
#942=ORIENTED_EDGE('',*,*,#2430,.F.);
#943=ORIENTED_EDGE('',*,*,#2431,.T.);
#944=ORIENTED_EDGE('',*,*,#2432,.T.);
#945=ORIENTED_EDGE('',*,*,#2433,.F.);
#946=ORIENTED_EDGE('',*,*,#2434,.F.);
#947=ORIENTED_EDGE('',*,*,#2435,.T.);
#948=ORIENTED_EDGE('',*,*,#2436,.T.);
#949=ORIENTED_EDGE('',*,*,#2437,.F.);
#950=ORIENTED_EDGE('',*,*,#2438,.F.);
#951=ORIENTED_EDGE('',*,*,#2439,.T.);
#952=ORIENTED_EDGE('',*,*,#2440,.T.);
#953=ORIENTED_EDGE('',*,*,#2441,.F.);
#954=ORIENTED_EDGE('',*,*,#2442,.F.);
#955=ORIENTED_EDGE('',*,*,#2443,.T.);
#956=CARTESIAN_POINT('',(1.0,3.47,0.0));
#957=DIRECTION('',(-0.0,1.0,0.0));
#958=DIRECTION('',(1.0,0.0,0.0));
#959=ORIENTED_EDGE('',*,*,#2444,.F.);
#960=ORIENTED_EDGE('',*,*,#2445,.T.);
#961=ORIENTED_EDGE('',*,*,#2446,.T.);
#962=ORIENTED_EDGE('',*,*,#2447,.F.);
#963=ORIENTED_EDGE('',*,*,#2448,.F.);
#964=ORIENTED_EDGE('',*,*,#2449,.F.);
#965=ORIENTED_EDGE('',*,*,#2450,.F.);
#966=ORIENTED_EDGE('',*,*,#2451,.T.);
#967=ORIENTED_EDGE('',*,*,#2452,.F.);
#968=ORIENTED_EDGE('',*,*,#2453,.T.);
#969=ORIENTED_EDGE('',*,*,#2454,.T.);
#970=ORIENTED_EDGE('',*,*,#2455,.F.);
#971=ORIENTED_EDGE('',*,*,#2456,.F.);
#972=ORIENTED_EDGE('',*,*,#2457,.T.);
#973=ORIENTED_EDGE('',*,*,#2458,.T.);
#974=ORIENTED_EDGE('',*,*,#2459,.F.);
#975=ORIENTED_EDGE('',*,*,#2460,.F.);
#976=ORIENTED_EDGE('',*,*,#2461,.T.);
#977=ORIENTED_EDGE('',*,*,#2462,.T.);
#978=ORIENTED_EDGE('',*,*,#2463,.F.);
#979=CARTESIAN_POINT('',(1.5,4.29,0.56));
#980=DIRECTION('',(0.0,0.0,-1.0));
#981=DIRECTION('',(0.0,-1.0,0.0));
#982=ORIENTED_EDGE('',*,*,#2464,.T.);
#983=ORIENTED_EDGE('',*,*,#2465,.T.);
#984=ORIENTED_EDGE('',*,*,#2466,.T.);
#985=ORIENTED_EDGE('',*,*,#2467,.F.);
#986=ORIENTED_EDGE('',*,*,#2468,.T.);
#987=ORIENTED_EDGE('',*,*,#2469,.T.);
#988=ORIENTED_EDGE('',*,*,#2470,.T.);
#989=ORIENTED_EDGE('',*,*,#2471,.F.);
#990=ORIENTED_EDGE('',*,*,#2472,.T.);
#991=ORIENTED_EDGE('',*,*,#2473,.T.);
#992=ORIENTED_EDGE('',*,*,#2474,.T.);
#993=ORIENTED_EDGE('',*,*,#2475,.F.);
#994=ORIENTED_EDGE('',*,*,#2476,.T.);
#995=ORIENTED_EDGE('',*,*,#2477,.T.);
#996=ORIENTED_EDGE('',*,*,#2478,.T.);
#997=ORIENTED_EDGE('',*,*,#2479,.T.);
#998=ORIENTED_EDGE('',*,*,#2480,.F.);
#999=ORIENTED_EDGE('',*,*,#2481,.F.);
#1000=ORIENTED_EDGE('',*,*,#2482,.T.);
#1001=ORIENTED_EDGE('',*,*,#2483,.F.);
#1002=CARTESIAN_POINT('',(1.5,3.91,0.32));
#1003=DIRECTION('',(-0.0,1.0,0.0));
#1004=DIRECTION('',(1.0,0.0,0.0));
#1005=ORIENTED_EDGE('',*,*,#2484,.F.);
#1006=ORIENTED_EDGE('',*,*,#2485,.T.);
#1007=ORIENTED_EDGE('',*,*,#2444,.T.);
#1008=ORIENTED_EDGE('',*,*,#2486,.F.);
#1009=CARTESIAN_POINT('',(1.5,4.21,0.56));
#1010=DIRECTION('',(-0.0,1.0,0.0));
#1011=DIRECTION('',(1.0,0.0,0.0));
#1012=ORIENTED_EDGE('',*,*,#2466,.F.);
#1013=ORIENTED_EDGE('',*,*,#2487,.T.);
#1014=ORIENTED_EDGE('',*,*,#2484,.T.);
#1015=ORIENTED_EDGE('',*,*,#2488,.F.);
#1016=CARTESIAN_POINT('',(1.5,4.21,0.32));
#1017=DIRECTION('',(0.0,1.0842021724855E-15,-1.0));
#1018=DIRECTION('',(-1.0,0.0,0.0));
#1019=ORIENTED_EDGE('',*,*,#2489,.F.);
#1020=ORIENTED_EDGE('',*,*,#2490,.T.);
#1021=ORIENTED_EDGE('',*,*,#2460,.T.);
#1022=ORIENTED_EDGE('',*,*,#2491,.F.);
#1023=CARTESIAN_POINT('',(1.5,4.21,0.56));
#1024=DIRECTION('',(-0.0,1.0,0.0));
#1025=DIRECTION('',(1.0,0.0,0.0));
#1026=ORIENTED_EDGE('',*,*,#2470,.F.);
#1027=ORIENTED_EDGE('',*,*,#2492,.T.);
#1028=ORIENTED_EDGE('',*,*,#2489,.T.);
#1029=ORIENTED_EDGE('',*,*,#2493,.F.);
#1030=CARTESIAN_POINT('',(1.5,4.21,0.32));
#1031=DIRECTION('',(0.0,1.0842021724855E-15,-1.0));
#1032=DIRECTION('',(-1.0,0.0,0.0));
#1033=ORIENTED_EDGE('',*,*,#2494,.F.);
#1034=ORIENTED_EDGE('',*,*,#2495,.T.);
#1035=ORIENTED_EDGE('',*,*,#2456,.T.);
#1036=ORIENTED_EDGE('',*,*,#2496,.F.);
#1037=CARTESIAN_POINT('',(1.5,4.21,0.56));
#1038=DIRECTION('',(-0.0,1.0,0.0));
#1039=DIRECTION('',(1.0,0.0,0.0));
#1040=ORIENTED_EDGE('',*,*,#2474,.F.);
#1041=ORIENTED_EDGE('',*,*,#2497,.T.);
#1042=ORIENTED_EDGE('',*,*,#2494,.T.);
#1043=ORIENTED_EDGE('',*,*,#2498,.F.);
#1044=CARTESIAN_POINT('',(1.5,4.21,0.32));
#1045=DIRECTION('',(0.0,1.0842021724855E-15,-1.0));
#1046=DIRECTION('',(-1.0,0.0,0.0));
#1047=ORIENTED_EDGE('',*,*,#2499,.F.);
#1048=ORIENTED_EDGE('',*,*,#2500,.F.);
#1049=ORIENTED_EDGE('',*,*,#2501,.T.);
#1050=ORIENTED_EDGE('',*,*,#2502,.T.);
#1051=ORIENTED_EDGE('',*,*,#2503,.F.);
#1052=ORIENTED_EDGE('',*,*,#2504,.T.);
#1053=ORIENTED_EDGE('',*,*,#2505,.F.);
#1054=ORIENTED_EDGE('',*,*,#2506,.F.);
#1055=CARTESIAN_POINT('',(0.0,0.0,0.55));
#1056=DIRECTION('',(0.0,0.0,1.0));
#1057=DIRECTION('',(1.0,0.0,0.0));
#1058=ORIENTED_EDGE('',*,*,#2507,.T.);
#1059=ORIENTED_EDGE('',*,*,#2508,.F.);
#1060=ORIENTED_EDGE('',*,*,#2509,.F.);
#1061=ORIENTED_EDGE('',*,*,#2510,.T.);
#1062=ORIENTED_EDGE('',*,*,#2511,.F.);
#1063=ORIENTED_EDGE('',*,*,#2512,.T.);
#1064=ORIENTED_EDGE('',*,*,#2513,.F.);
#1065=ORIENTED_EDGE('',*,*,#2514,.F.);
#1066=CARTESIAN_POINT('',(0.0,0.0,-0.1));
#1067=DIRECTION('',(0.0,0.0,-1.0));
#1068=DIRECTION('',(0.0,-1.0,0.0));
#1069=ORIENTED_EDGE('',*,*,#2515,.F.);
#1070=ORIENTED_EDGE('',*,*,#2516,.T.);
#1071=ORIENTED_EDGE('',*,*,#2452,.T.);
#1072=ORIENTED_EDGE('',*,*,#2517,.T.);
#1073=CARTESIAN_POINT('',(1.5,4.21,0.56));
#1074=DIRECTION('',(-0.0,1.0,0.0));
#1075=DIRECTION('',(1.0,0.0,0.0));
#1076=ORIENTED_EDGE('',*,*,#2478,.F.);
#1077=ORIENTED_EDGE('',*,*,#2518,.T.);
#1078=ORIENTED_EDGE('',*,*,#2515,.T.);
#1079=ORIENTED_EDGE('',*,*,#2519,.T.);
#1080=CARTESIAN_POINT('',(1.5,4.21,0.32));
#1081=DIRECTION('',(0.0,1.0842021724855E-15,-1.0));
#1082=DIRECTION('',(-1.0,0.0,0.0));
#1083=ORIENTED_EDGE('',*,*,#2520,.T.);
#1084=ORIENTED_EDGE('',*,*,#2521,.T.);
#1085=ORIENTED_EDGE('',*,*,#2522,.T.);
#1086=ORIENTED_EDGE('',*,*,#2523,.T.);
#1087=CARTESIAN_POINT('',(0.700000000000001,-0.21,0.0));
#1088=DIRECTION('',(1.0,0.0,0.0));
#1089=DIRECTION('',(0.0,1.0,0.0));
#1090=ORIENTED_EDGE('',*,*,#2522,.F.);
#1091=ORIENTED_EDGE('',*,*,#2524,.T.);
#1092=ORIENTED_EDGE('',*,*,#2525,.T.);
#1093=ORIENTED_EDGE('',*,*,#2526,.T.);
#1094=ORIENTED_EDGE('',*,*,#2527,.T.);
#1095=ORIENTED_EDGE('',*,*,#2528,.T.);
#1096=ORIENTED_EDGE('',*,*,#2529,.T.);
#1097=ORIENTED_EDGE('',*,*,#2530,.T.);
#1098=CARTESIAN_POINT('',(0.700000000000001,0.870000000000001,0.0));
#1099=DIRECTION('',(0.0,-1.0,0.0));
#1100=DIRECTION('',(0.0,0.0,-1.0));
#1101=ORIENTED_EDGE('',*,*,#2531,.F.);
#1102=ORIENTED_EDGE('',*,*,#2532,.T.);
#1103=ORIENTED_EDGE('',*,*,#2520,.F.);
#1104=ORIENTED_EDGE('',*,*,#2533,.F.);
#1105=ORIENTED_EDGE('',*,*,#2534,.T.);
#1106=ORIENTED_EDGE('',*,*,#2535,.T.);
#1107=ORIENTED_EDGE('',*,*,#2536,.T.);
#1108=ORIENTED_EDGE('',*,*,#2537,.T.);
#1109=ORIENTED_EDGE('',*,*,#2538,.F.);
#1110=ORIENTED_EDGE('',*,*,#2539,.T.);
#1111=ORIENTED_EDGE('',*,*,#2540,.F.);
#1112=CARTESIAN_POINT('',(0.150000000000002,-0.21,1.2));
#1113=DIRECTION('',(-0.0,1.0,0.0));
#1114=DIRECTION('',(1.0,0.0,0.0));
#1115=ORIENTED_EDGE('',*,*,#2541,.F.);
#1116=ORIENTED_EDGE('',*,*,#2542,.F.);
#1117=ORIENTED_EDGE('',*,*,#2543,.F.);
#1118=ORIENTED_EDGE('',*,*,#2544,.F.);
#1119=ORIENTED_EDGE('',*,*,#2545,.T.);
#1120=ORIENTED_EDGE('',*,*,#2546,.T.);
#1121=ORIENTED_EDGE('',*,*,#2547,.T.);
#1122=ORIENTED_EDGE('',*,*,#2548,.T.);
#1123=ORIENTED_EDGE('',*,*,#2549,.T.);
#1124=ORIENTED_EDGE('',*,*,#2550,.T.);
#1125=ORIENTED_EDGE('',*,*,#2551,.T.);
#1126=ORIENTED_EDGE('',*,*,#2552,.F.);
#1127=ORIENTED_EDGE('',*,*,#2553,.T.);
#1128=ORIENTED_EDGE('',*,*,#2554,.F.);
#1129=ORIENTED_EDGE('',*,*,#2555,.F.);
#1130=ORIENTED_EDGE('',*,*,#2556,.T.);
#1131=ORIENTED_EDGE('',*,*,#2557,.T.);
#1132=ORIENTED_EDGE('',*,*,#2558,.T.);
#1133=ORIENTED_EDGE('',*,*,#2559,.T.);
#1134=ORIENTED_EDGE('',*,*,#2560,.T.);
#1135=ORIENTED_EDGE('',*,*,#2561,.T.);
#1136=ORIENTED_EDGE('',*,*,#2562,.T.);
#1137=ORIENTED_EDGE('',*,*,#2563,.F.);
#1138=ORIENTED_EDGE('',*,*,#2564,.F.);
#1139=ORIENTED_EDGE('',*,*,#2565,.F.);
#1140=CARTESIAN_POINT('',(0.0,0.0,1.2));
#1141=DIRECTION('',(0.0,0.0,1.0));
#1142=DIRECTION('',(1.0,0.0,0.0));
#1143=ORIENTED_EDGE('',*,*,#2566,.F.);
#1144=ORIENTED_EDGE('',*,*,#2567,.F.);
#1145=ORIENTED_EDGE('',*,*,#2501,.F.);
#1146=ORIENTED_EDGE('',*,*,#2568,.F.);
#1147=CARTESIAN_POINT('',(-4.55,-0.21,0.55));
#1148=DIRECTION('',(1.0,0.0,0.0));
#1149=DIRECTION('',(0.0,1.0,0.0));
#1150=ORIENTED_EDGE('',*,*,#2569,.F.);
#1151=ORIENTED_EDGE('',*,*,#2562,.F.);
#1152=ORIENTED_EDGE('',*,*,#2570,.T.);
#1153=ORIENTED_EDGE('',*,*,#2502,.F.);
#1154=ORIENTED_EDGE('',*,*,#2567,.T.);
#1155=ORIENTED_EDGE('',*,*,#2571,.F.);
#1156=CARTESIAN_POINT('',(-4.55,0.65,0.55));
#1157=DIRECTION('',(-3.94255335449276E-16,1.0,0.0));
#1158=DIRECTION('',(1.0,3.94255335449276E-16,-0.0));
#1159=ORIENTED_EDGE('',*,*,#2572,.F.);
#1160=ORIENTED_EDGE('',*,*,#2573,.F.);
#1161=ORIENTED_EDGE('',*,*,#2574,.T.);
#1162=ORIENTED_EDGE('',*,*,#2575,.F.);
#1163=ORIENTED_EDGE('',*,*,#2576,.T.);
#1164=ORIENTED_EDGE('',*,*,#2577,.T.);
#1165=ORIENTED_EDGE('',*,*,#2535,.F.);
#1166=ORIENTED_EDGE('',*,*,#2578,.F.);
#1167=ORIENTED_EDGE('',*,*,#2579,.F.);
#1168=ORIENTED_EDGE('',*,*,#2580,.F.);
#1169=ORIENTED_EDGE('',*,*,#2581,.F.);
#1170=ORIENTED_EDGE('',*,*,#2582,.F.);
#1171=CARTESIAN_POINT('',(0.0,0.0,-0.2));
#1172=DIRECTION('',(0.0,0.0,1.0));
#1173=DIRECTION('',(1.0,0.0,0.0));
#1174=ORIENTED_EDGE('',*,*,#2583,.F.);
#1175=ORIENTED_EDGE('',*,*,#2575,.T.);
#1176=ORIENTED_EDGE('',*,*,#2584,.T.);
#1177=ORIENTED_EDGE('',*,*,#2585,.F.);
#1178=ORIENTED_EDGE('',*,*,#2479,.F.);
#1179=ORIENTED_EDGE('',*,*,#2519,.F.);
#1180=ORIENTED_EDGE('',*,*,#2517,.F.);
#1181=ORIENTED_EDGE('',*,*,#2451,.F.);
#1182=ORIENTED_EDGE('',*,*,#2586,.F.);
#1183=ORIENTED_EDGE('',*,*,#2559,.F.);
#1184=ORIENTED_EDGE('',*,*,#2587,.T.);
#1185=ORIENTED_EDGE('',*,*,#2588,.T.);
#1186=ORIENTED_EDGE('',*,*,#2538,.T.);
#1187=ORIENTED_EDGE('',*,*,#2589,.T.);
#1188=CARTESIAN_POINT('',(1.5,-0.21,1.2));
#1189=DIRECTION('',(-1.0,-2.4093381610789E-16,0.0));
#1190=DIRECTION('',(-2.4093381610789E-16,1.0,0.0));
#1191=ORIENTED_EDGE('',*,*,#2507,.F.);
#1192=ORIENTED_EDGE('',*,*,#2590,.F.);
#1193=ORIENTED_EDGE('',*,*,#2499,.T.);
#1194=ORIENTED_EDGE('',*,*,#2570,.F.);
#1195=ORIENTED_EDGE('',*,*,#2561,.F.);
#1196=ORIENTED_EDGE('',*,*,#2591,.T.);
#1197=ORIENTED_EDGE('',*,*,#2449,.T.);
#1198=ORIENTED_EDGE('',*,*,#2592,.T.);
#1199=ORIENTED_EDGE('',*,*,#2593,.T.);
#1200=ORIENTED_EDGE('',*,*,#2481,.T.);
#1201=ORIENTED_EDGE('',*,*,#2594,.T.);
#1202=ORIENTED_EDGE('',*,*,#2595,.T.);
#1203=ORIENTED_EDGE('',*,*,#2573,.T.);
#1204=ORIENTED_EDGE('',*,*,#2596,.F.);
#1205=CARTESIAN_POINT('',(-5.1,4.29,1.2));
#1206=DIRECTION('',(1.0,0.0,0.0));
#1207=DIRECTION('',(0.0,1.0,0.0));
#1208=ORIENTED_EDGE('',*,*,#2552,.T.);
#1209=ORIENTED_EDGE('',*,*,#2597,.T.);
#1210=ORIENTED_EDGE('',*,*,#2598,.T.);
#1211=ORIENTED_EDGE('',*,*,#2599,.T.);
#1212=ORIENTED_EDGE('',*,*,#2600,.F.);
#1213=ORIENTED_EDGE('',*,*,#2601,.F.);
#1214=ORIENTED_EDGE('',*,*,#2602,.F.);
#1215=ORIENTED_EDGE('',*,*,#2603,.F.);
#1216=ORIENTED_EDGE('',*,*,#2553,.F.);
#1217=CARTESIAN_POINT('',(1.27,2.44,0.0));
#1218=DIRECTION('',(-7.47725636196901E-16,1.0,0.0));
#1219=DIRECTION('',(1.0,7.47725636196901E-16,-0.0));
#1220=ORIENTED_EDGE('',*,*,#2604,.F.);
#1221=ORIENTED_EDGE('',*,*,#2605,.T.);
#1222=ORIENTED_EDGE('',*,*,#2606,.T.);
#1223=ORIENTED_EDGE('',*,*,#2607,.F.);
#1224=CARTESIAN_POINT('',(-4.87,2.44,0.0));
#1225=DIRECTION('',(-1.0,0.0,0.0));
#1226=DIRECTION('',(0.0,0.0,1.0));
#1227=ORIENTED_EDGE('',*,*,#2608,.F.);
#1228=ORIENTED_EDGE('',*,*,#2609,.T.);
#1229=ORIENTED_EDGE('',*,*,#2544,.T.);
#1230=ORIENTED_EDGE('',*,*,#2610,.T.);
#1231=ORIENTED_EDGE('',*,*,#2611,.F.);
#1232=ORIENTED_EDGE('',*,*,#2612,.F.);
#1233=ORIENTED_EDGE('',*,*,#2613,.F.);
#1234=ORIENTED_EDGE('',*,*,#2607,.T.);
#1235=ORIENTED_EDGE('',*,*,#2614,.T.);
#1236=CARTESIAN_POINT('',(-4.29,2.44,0.0));
#1237=DIRECTION('',(-0.0,1.0,0.0));
#1238=DIRECTION('',(1.0,0.0,0.0));
#1239=ORIENTED_EDGE('',*,*,#2615,.F.);
#1240=ORIENTED_EDGE('',*,*,#2616,.T.);
#1241=ORIENTED_EDGE('',*,*,#2580,.T.);
#1242=ORIENTED_EDGE('',*,*,#2617,.F.);
#1243=CARTESIAN_POINT('',(-3.75,-0.21,1.2));
#1244=DIRECTION('',(-0.783110847498294,0.621882143601587,0.0));
#1245=DIRECTION('',(0.0,0.0,1.0));
#1246=ORIENTED_EDGE('',*,*,#2618,.F.);
#1247=ORIENTED_EDGE('',*,*,#2617,.T.);
#1248=ORIENTED_EDGE('',*,*,#2579,.T.);
#1249=ORIENTED_EDGE('',*,*,#2619,.F.);
#1250=CARTESIAN_POINT('',(-3.21,0.47,1.2));
#1251=DIRECTION('',(-5.95926726011536E-16,1.0,0.0));
#1252=DIRECTION('',(1.0,5.95926726011536E-16,-0.0));
#1253=ORIENTED_EDGE('',*,*,#2620,.F.);
#1254=ORIENTED_EDGE('',*,*,#2619,.T.);
#1255=ORIENTED_EDGE('',*,*,#2578,.T.);
#1256=ORIENTED_EDGE('',*,*,#2534,.F.);
#1257=CARTESIAN_POINT('',(-0.389999999999999,0.470000000000001,1.2));
#1258=DIRECTION('',(0.783110847498294,0.621882143601586,0.0));
#1259=DIRECTION('',(0.0,0.0,-1.0));
#1260=ORIENTED_EDGE('',*,*,#2621,.T.);
#1261=ORIENTED_EDGE('',*,*,#2622,.T.);
#1262=ORIENTED_EDGE('',*,*,#2623,.T.);
#1263=ORIENTED_EDGE('',*,*,#2568,.T.);
#1264=ORIENTED_EDGE('',*,*,#2500,.T.);
#1265=ORIENTED_EDGE('',*,*,#2590,.T.);
#1266=ORIENTED_EDGE('',*,*,#2510,.F.);
#1267=ORIENTED_EDGE('',*,*,#2624,.T.);
#1268=ORIENTED_EDGE('',*,*,#2581,.T.);
#1269=ORIENTED_EDGE('',*,*,#2616,.F.);
#1270=ORIENTED_EDGE('',*,*,#2625,.F.);
#1271=CARTESIAN_POINT('',(-5.1,-0.21,1.2));
#1272=DIRECTION('',(2.00778180089909E-16,1.0,0.0));
#1273=DIRECTION('',(1.0,-2.00778180089909E-16,0.0));
#1274=ORIENTED_EDGE('',*,*,#2586,.T.);
#1275=ORIENTED_EDGE('',*,*,#2450,.T.);
#1276=ORIENTED_EDGE('',*,*,#2591,.F.);
#1277=ORIENTED_EDGE('',*,*,#2560,.F.);
#1278=CARTESIAN_POINT('',(1.5,4.29,1.2));
#1279=DIRECTION('',(3.94255335449274E-16,-1.0,0.0));
#1280=DIRECTION('',(0.0,0.0,-1.0));
#1281=ORIENTED_EDGE('',*,*,#2626,.F.);
#1282=ORIENTED_EDGE('',*,*,#2627,.T.);
#1283=ORIENTED_EDGE('',*,*,#2628,.T.);
#1284=ORIENTED_EDGE('',*,*,#2427,.F.);
#1285=ORIENTED_EDGE('',*,*,#2629,.F.);
#1286=ORIENTED_EDGE('',*,*,#2630,.F.);
#1287=ORIENTED_EDGE('',*,*,#2631,.F.);
#1288=ORIENTED_EDGE('',*,*,#2614,.F.);
#1289=ORIENTED_EDGE('',*,*,#2606,.F.);
#1290=ORIENTED_EDGE('',*,*,#2632,.F.);
#1291=ORIENTED_EDGE('',*,*,#2633,.F.);
#1292=ORIENTED_EDGE('',*,*,#2625,.T.);
#1293=ORIENTED_EDGE('',*,*,#2615,.T.);
#1294=ORIENTED_EDGE('',*,*,#2618,.T.);
#1295=ORIENTED_EDGE('',*,*,#2620,.T.);
#1296=ORIENTED_EDGE('',*,*,#2533,.T.);
#1297=ORIENTED_EDGE('',*,*,#2523,.F.);
#1298=ORIENTED_EDGE('',*,*,#2530,.F.);
#1299=ORIENTED_EDGE('',*,*,#2634,.F.);
#1300=ORIENTED_EDGE('',*,*,#2599,.F.);
#1301=ORIENTED_EDGE('',*,*,#2635,.F.);
#1302=ORIENTED_EDGE('',*,*,#2636,.F.);
#1303=ORIENTED_EDGE('',*,*,#2637,.F.);
#1304=ORIENTED_EDGE('',*,*,#2443,.F.);
#1305=ORIENTED_EDGE('',*,*,#2638,.F.);
#1306=ORIENTED_EDGE('',*,*,#2639,.T.);
#1307=ORIENTED_EDGE('',*,*,#2640,.T.);
#1308=ORIENTED_EDGE('',*,*,#2439,.F.);
#1309=ORIENTED_EDGE('',*,*,#2641,.F.);
#1310=ORIENTED_EDGE('',*,*,#2642,.T.);
#1311=ORIENTED_EDGE('',*,*,#2643,.T.);
#1312=ORIENTED_EDGE('',*,*,#2435,.F.);
#1313=ORIENTED_EDGE('',*,*,#2644,.F.);
#1314=ORIENTED_EDGE('',*,*,#2645,.T.);
#1315=ORIENTED_EDGE('',*,*,#2646,.T.);
#1316=ORIENTED_EDGE('',*,*,#2431,.F.);
#1317=CARTESIAN_POINT('',(0.0,0.0,0.0));
#1318=DIRECTION('',(0.0,0.0,1.0));
#1319=DIRECTION('',(1.0,0.0,0.0));
#1320=ORIENTED_EDGE('',*,*,#2647,.T.);
#1321=ORIENTED_EDGE('',*,*,#2648,.T.);
#1322=ORIENTED_EDGE('',*,*,#2610,.F.);
#1323=ORIENTED_EDGE('',*,*,#2565,.T.);
#1324=CARTESIAN_POINT('',(-4.87,2.44,0.0));
#1325=DIRECTION('',(-1.0,0.0,0.0));
#1326=DIRECTION('',(0.0,0.0,1.0));
#1327=ORIENTED_EDGE('',*,*,#2649,.T.);
#1328=ORIENTED_EDGE('',*,*,#2650,.T.);
#1329=ORIENTED_EDGE('',*,*,#2651,.T.);
#1330=ORIENTED_EDGE('',*,*,#2632,.T.);
#1331=ORIENTED_EDGE('',*,*,#2605,.F.);
#1332=ORIENTED_EDGE('',*,*,#2652,.T.);
#1333=ORIENTED_EDGE('',*,*,#2653,.T.);
#1334=ORIENTED_EDGE('',*,*,#2654,.T.);
#1335=CARTESIAN_POINT('',(-4.87,0.87,0.0));
#1336=DIRECTION('',(3.80421814907194E-16,-1.0,0.0));
#1337=DIRECTION('',(0.0,0.0,-1.0));
#1338=ORIENTED_EDGE('',*,*,#2651,.F.);
#1339=ORIENTED_EDGE('',*,*,#2655,.T.);
#1340=ORIENTED_EDGE('',*,*,#2621,.F.);
#1341=ORIENTED_EDGE('',*,*,#2633,.T.);
#1342=CARTESIAN_POINT('',(-4.3,0.870000000000001,0.0));
#1343=DIRECTION('',(-1.0,8.03112720359633E-16,0.0));
#1344=DIRECTION('',(0.0,0.0,1.0));
#1345=ORIENTED_EDGE('',*,*,#2529,.F.);
#1346=ORIENTED_EDGE('',*,*,#2656,.T.);
#1347=ORIENTED_EDGE('',*,*,#2600,.T.);
#1348=ORIENTED_EDGE('',*,*,#2634,.T.);
#1349=CARTESIAN_POINT('',(1.27,0.870000000000001,0.0));
#1350=DIRECTION('',(1.0,0.0,0.0));
#1351=DIRECTION('',(0.0,1.0,0.0));
#1352=ORIENTED_EDGE('',*,*,#2598,.F.);
#1353=ORIENTED_EDGE('',*,*,#2657,.T.);
#1354=ORIENTED_EDGE('',*,*,#2658,.T.);
#1355=ORIENTED_EDGE('',*,*,#2635,.T.);
#1356=CARTESIAN_POINT('',(0.690000000000001,2.44,0.0));
#1357=DIRECTION('',(1.0,0.0,0.0));
#1358=DIRECTION('',(0.0,1.0,0.0));
#1359=ORIENTED_EDGE('',*,*,#2659,.T.);
#1360=ORIENTED_EDGE('',*,*,#2660,.T.);
#1361=ORIENTED_EDGE('',*,*,#2661,.T.);
#1362=ORIENTED_EDGE('',*,*,#2662,.T.);
#1363=ORIENTED_EDGE('',*,*,#2636,.T.);
#1364=ORIENTED_EDGE('',*,*,#2658,.F.);
#1365=CARTESIAN_POINT('',(0.690000000000001,2.84,1.2));
#1366=DIRECTION('',(0.0,0.997564050259824,0.0697564737441253));
#1367=DIRECTION('',(1.0,0.0,-0.0));
#1368=ORIENTED_EDGE('',*,*,#2662,.F.);
#1369=ORIENTED_EDGE('',*,*,#2663,.T.);
#1370=ORIENTED_EDGE('',*,*,#2424,.T.);
#1371=ORIENTED_EDGE('',*,*,#2637,.T.);
#1372=CARTESIAN_POINT('',(1.0,2.84,0.0));
#1373=DIRECTION('',(1.0,0.0,0.0));
#1374=DIRECTION('',(0.0,1.0,0.0));
#1375=ORIENTED_EDGE('',*,*,#2426,.F.);
#1376=ORIENTED_EDGE('',*,*,#2664,.T.);
#1377=ORIENTED_EDGE('',*,*,#2665,.T.);
#1378=ORIENTED_EDGE('',*,*,#2629,.T.);
#1379=CARTESIAN_POINT('',(-4.6,3.47,0.0));
#1380=DIRECTION('',(-1.0,0.0,0.0));
#1381=DIRECTION('',(0.0,0.0,1.0));
#1382=ORIENTED_EDGE('',*,*,#2666,.T.);
#1383=ORIENTED_EDGE('',*,*,#2667,.T.);
#1384=ORIENTED_EDGE('',*,*,#2668,.T.);
#1385=ORIENTED_EDGE('',*,*,#2630,.T.);
#1386=ORIENTED_EDGE('',*,*,#2665,.F.);
#1387=ORIENTED_EDGE('',*,*,#2669,.T.);
#1388=CARTESIAN_POINT('',(-4.6,2.84,1.2));
#1389=DIRECTION('',(0.0,0.997564050259824,0.0697564737441253));
#1390=DIRECTION('',(1.0,0.0,-0.0));
#1391=ORIENTED_EDGE('',*,*,#2668,.F.);
#1392=ORIENTED_EDGE('',*,*,#2670,.T.);
#1393=ORIENTED_EDGE('',*,*,#2608,.T.);
#1394=ORIENTED_EDGE('',*,*,#2631,.T.);
#1395=CARTESIAN_POINT('',(-4.29,2.84,0.0));
#1396=DIRECTION('',(-1.0,0.0,0.0));
#1397=DIRECTION('',(0.0,0.0,1.0));
#1398=ORIENTED_EDGE('',*,*,#2671,.T.);
#1399=ORIENTED_EDGE('',*,*,#2672,.T.);
#1400=ORIENTED_EDGE('',*,*,#2540,.T.);
#1401=ORIENTED_EDGE('',*,*,#2673,.F.);
#1402=CARTESIAN_POINT('',(0.950000000000001,0.650000000000002,0.55));
#1403=DIRECTION('',(-1.0,0.0,0.0));
#1404=DIRECTION('',(0.0,0.0,1.0));
#1405=ORIENTED_EDGE('',*,*,#2674,.T.);
#1406=ORIENTED_EDGE('',*,*,#2675,.T.);
#1407=ORIENTED_EDGE('',*,*,#2671,.F.);
#1408=ORIENTED_EDGE('',*,*,#2676,.F.);
#1409=ORIENTED_EDGE('',*,*,#2587,.F.);
#1410=ORIENTED_EDGE('',*,*,#2558,.F.);
#1411=CARTESIAN_POINT('',(1.5,0.650000000000002,0.55));
#1412=DIRECTION('',(-9.85638338623186E-16,1.0,0.0));
#1413=DIRECTION('',(1.0,9.85638338623186E-16,-0.0));
#1414=ORIENTED_EDGE('',*,*,#2677,.F.);
#1415=ORIENTED_EDGE('',*,*,#2678,.T.);
#1416=ORIENTED_EDGE('',*,*,#2679,.T.);
#1417=ORIENTED_EDGE('',*,*,#2680,.T.);
#1418=ORIENTED_EDGE('',*,*,#2673,.T.);
#1419=ORIENTED_EDGE('',*,*,#2539,.F.);
#1420=ORIENTED_EDGE('',*,*,#2588,.F.);
#1421=ORIENTED_EDGE('',*,*,#2676,.T.);
#1422=CARTESIAN_POINT('',(0.0,0.0,0.55));
#1423=DIRECTION('',(0.0,0.0,1.0));
#1424=DIRECTION('',(1.0,0.0,0.0));
#1425=ORIENTED_EDGE('',*,*,#2681,.F.);
#1426=ORIENTED_EDGE('',*,*,#2682,.F.);
#1427=ORIENTED_EDGE('',*,*,#2592,.F.);
#1428=ORIENTED_EDGE('',*,*,#2448,.T.);
#1429=CARTESIAN_POINT('',(1.5,4.21,0.56));
#1430=DIRECTION('',(-0.0,1.0,0.0));
#1431=DIRECTION('',(1.0,0.0,0.0));
#1432=ORIENTED_EDGE('',*,*,#2683,.F.);
#1433=ORIENTED_EDGE('',*,*,#2482,.F.);
#1434=ORIENTED_EDGE('',*,*,#2593,.F.);
#1435=ORIENTED_EDGE('',*,*,#2682,.T.);
#1436=CARTESIAN_POINT('',(1.5,4.21,0.32));
#1437=DIRECTION('',(0.0,1.0842021724855E-15,-1.0));
#1438=DIRECTION('',(-1.0,0.0,0.0));
#1439=ORIENTED_EDGE('',*,*,#2585,.T.);
#1440=ORIENTED_EDGE('',*,*,#2684,.T.);
#1441=ORIENTED_EDGE('',*,*,#2594,.F.);
#1442=ORIENTED_EDGE('',*,*,#2480,.T.);
#1443=CARTESIAN_POINT('',(1.5,3.91,-0.1));
#1444=DIRECTION('',(0.0,1.11609047167625E-15,-1.0));
#1445=DIRECTION('',(-1.0,0.0,0.0));
#1446=ORIENTED_EDGE('',*,*,#2652,.F.);
#1447=ORIENTED_EDGE('',*,*,#2604,.T.);
#1448=ORIENTED_EDGE('',*,*,#2613,.T.);
#1449=ORIENTED_EDGE('',*,*,#2685,.F.);
#1450=CARTESIAN_POINT('',(-4.87,-13.103,0.656076951545867));
#1451=DIRECTION('',(-0.500000000000002,0.0,0.866025403784437));
#1452=DIRECTION('',(0.0,1.0,0.0));
#1453=ORIENTED_EDGE('',*,*,#2653,.F.);
#1454=ORIENTED_EDGE('',*,*,#2685,.T.);
#1455=ORIENTED_EDGE('',*,*,#2612,.T.);
#1456=ORIENTED_EDGE('',*,*,#2686,.F.);
#1457=CARTESIAN_POINT('',(-4.69,-13.103,0.76));
#1458=DIRECTION('',(-1.0,0.0,0.0));
#1459=DIRECTION('',(0.0,0.0,1.0));
#1460=ORIENTED_EDGE('',*,*,#2654,.F.);
#1461=ORIENTED_EDGE('',*,*,#2686,.T.);
#1462=ORIENTED_EDGE('',*,*,#2611,.T.);
#1463=ORIENTED_EDGE('',*,*,#2648,.F.);
#1464=ORIENTED_EDGE('',*,*,#2687,.F.);
#1465=ORIENTED_EDGE('',*,*,#2563,.T.);
#1466=ORIENTED_EDGE('',*,*,#2569,.T.);
#1467=ORIENTED_EDGE('',*,*,#2688,.F.);
#1468=ORIENTED_EDGE('',*,*,#2689,.T.);
#1469=CARTESIAN_POINT('',(-4.69,-13.103,0.9));
#1470=DIRECTION('',(-0.857167300702114,0.0,-0.515038074910052));
#1471=DIRECTION('',(-0.515038074910052,0.0,0.857167300702114));
#1472=ORIENTED_EDGE('',*,*,#2527,.F.);
#1473=ORIENTED_EDGE('',*,*,#2690,.T.);
#1474=ORIENTED_EDGE('',*,*,#2602,.T.);
#1475=ORIENTED_EDGE('',*,*,#2691,.F.);
#1476=CARTESIAN_POINT('',(1.09,-13.103,0.9));
#1477=DIRECTION('',(1.0,0.0,-1.39397422176708E-14));
#1478=DIRECTION('',(-1.39397422176708E-14,0.0,-1.0));
#1479=ORIENTED_EDGE('',*,*,#2528,.F.);
#1480=ORIENTED_EDGE('',*,*,#2691,.T.);
#1481=ORIENTED_EDGE('',*,*,#2601,.T.);
#1482=ORIENTED_EDGE('',*,*,#2656,.F.);
#1483=CARTESIAN_POINT('',(1.09,-13.103,0.76));
#1484=DIRECTION('',(0.499999999999999,0.0,0.866025403784439));
#1485=DIRECTION('',(0.0,-1.0,0.0));
#1486=ORIENTED_EDGE('',*,*,#2526,.F.);
#1487=ORIENTED_EDGE('',*,*,#2692,.T.);
#1488=ORIENTED_EDGE('',*,*,#2693,.T.);
#1489=ORIENTED_EDGE('',*,*,#2674,.F.);
#1490=ORIENTED_EDGE('',*,*,#2557,.F.);
#1491=ORIENTED_EDGE('',*,*,#2694,.T.);
#1492=ORIENTED_EDGE('',*,*,#2554,.T.);
#1493=ORIENTED_EDGE('',*,*,#2603,.T.);
#1494=ORIENTED_EDGE('',*,*,#2690,.F.);
#1495=CARTESIAN_POINT('',(1.27,-13.103,1.19957030682309));
#1496=DIRECTION('',(0.85716730070211,0.0,-0.515038074910058));
#1497=DIRECTION('',(0.0,-1.0,0.0));
#1498=ORIENTED_EDGE('',*,*,#2572,.T.);
#1499=ORIENTED_EDGE('',*,*,#2695,.T.);
#1500=ORIENTED_EDGE('',*,*,#2508,.T.);
#1501=ORIENTED_EDGE('',*,*,#2596,.T.);
#1502=CARTESIAN_POINT('',(-5.1,0.720000000000001,-0.1));
#1503=DIRECTION('',(2.91278195593121E-15,1.0,0.0));
#1504=DIRECTION('',(1.0,-2.91278195593121E-15,0.0));
#1505=ORIENTED_EDGE('',*,*,#2582,.T.);
#1506=ORIENTED_EDGE('',*,*,#2624,.F.);
#1507=ORIENTED_EDGE('',*,*,#2509,.T.);
#1508=ORIENTED_EDGE('',*,*,#2695,.F.);
#1509=CARTESIAN_POINT('',(-4.43,0.719999999999999,-0.1));
#1510=DIRECTION('',(1.0,0.0,0.0));
#1511=DIRECTION('',(0.0,1.0,0.0));
#1512=ORIENTED_EDGE('',*,*,#2577,.F.);
#1513=ORIENTED_EDGE('',*,*,#2696,.F.);
#1514=ORIENTED_EDGE('',*,*,#2697,.F.);
#1515=ORIENTED_EDGE('',*,*,#2536,.F.);
#1516=CARTESIAN_POINT('',(0.83,-0.21,-0.1));
#1517=DIRECTION('',(-1.0,0.0,0.0));
#1518=DIRECTION('',(0.0,0.0,1.0));
#1519=ORIENTED_EDGE('',*,*,#2576,.F.);
#1520=ORIENTED_EDGE('',*,*,#2583,.T.);
#1521=ORIENTED_EDGE('',*,*,#2698,.F.);
#1522=ORIENTED_EDGE('',*,*,#2696,.T.);
#1523=CARTESIAN_POINT('',(0.83,0.719999999999999,-0.1));
#1524=DIRECTION('',(-2.91278195593121E-15,1.0,0.0));
#1525=DIRECTION('',(1.0,2.91278195593121E-15,-0.0));
#1526=ORIENTED_EDGE('',*,*,#2699,.F.);
#1527=ORIENTED_EDGE('',*,*,#2700,.T.);
#1528=ORIENTED_EDGE('',*,*,#2701,.T.);
#1529=ORIENTED_EDGE('',*,*,#2702,.T.);
#1530=ORIENTED_EDGE('',*,*,#2697,.T.);
#1531=ORIENTED_EDGE('',*,*,#2698,.T.);
#1532=ORIENTED_EDGE('',*,*,#2589,.F.);
#1533=ORIENTED_EDGE('',*,*,#2537,.F.);
#1534=CARTESIAN_POINT('',(0.0,0.0,-0.1));
#1535=DIRECTION('',(0.0,0.0,-1.0));
#1536=DIRECTION('',(0.0,-1.0,0.0));
#1537=ORIENTED_EDGE('',*,*,#2555,.T.);
#1538=ORIENTED_EDGE('',*,*,#2694,.F.);
#1539=ORIENTED_EDGE('',*,*,#2556,.F.);
#1540=CARTESIAN_POINT('',(0.700000000000001,0.870000000000001,0.0));
#1541=DIRECTION('',(0.0,-1.0,0.0));
#1542=DIRECTION('',(0.0,0.0,-1.0));
#1543=ORIENTED_EDGE('',*,*,#2703,.T.);
#1544=ORIENTED_EDGE('',*,*,#2704,.T.);
#1545=ORIENTED_EDGE('',*,*,#2531,.T.);
#1546=ORIENTED_EDGE('',*,*,#2672,.F.);
#1547=ORIENTED_EDGE('',*,*,#2675,.F.);
#1548=ORIENTED_EDGE('',*,*,#2693,.F.);
#1549=CARTESIAN_POINT('',(0.700000000000001,10.482,1.05));
#1550=DIRECTION('',(0.0,0.0,-1.0));
#1551=DIRECTION('',(0.0,-1.0,0.0));
#1552=ORIENTED_EDGE('',*,*,#2623,.F.);
#1553=ORIENTED_EDGE('',*,*,#2705,.T.);
#1554=ORIENTED_EDGE('',*,*,#2706,.T.);
#1555=ORIENTED_EDGE('',*,*,#2688,.T.);
#1556=ORIENTED_EDGE('',*,*,#2571,.T.);
#1557=ORIENTED_EDGE('',*,*,#2566,.T.);
#1558=CARTESIAN_POINT('',(-4.3,10.482,1.05));
#1559=DIRECTION('',(-4.5162944242368E-16,0.0,1.0));
#1560=DIRECTION('',(1.0,-0.0,4.5162944242368E-16));
#1561=ORIENTED_EDGE('',*,*,#2564,.T.);
#1562=ORIENTED_EDGE('',*,*,#2687,.T.);
#1563=ORIENTED_EDGE('',*,*,#2647,.F.);
#1564=CARTESIAN_POINT('',(0.700000000000001,0.870000000000001,0.0));
#1565=DIRECTION('',(0.0,-1.0,0.0));
#1566=DIRECTION('',(0.0,0.0,-1.0));
#1567=ORIENTED_EDGE('',*,*,#2707,.T.);
#1568=ORIENTED_EDGE('',*,*,#2708,.F.);
#1569=ORIENTED_EDGE('',*,*,#2709,.F.);
#1570=ORIENTED_EDGE('',*,*,#2710,.T.);
#1571=CARTESIAN_POINT('',(0.1,3.94,0.22));
#1572=DIRECTION('',(-0.0,1.0,0.0));
#1573=DIRECTION('',(1.0,0.0,0.0));
#1574=ORIENTED_EDGE('',*,*,#2711,.T.);
#1575=ORIENTED_EDGE('',*,*,#2712,.F.);
#1576=ORIENTED_EDGE('',*,*,#2713,.F.);
#1577=ORIENTED_EDGE('',*,*,#2708,.T.);
#1578=CARTESIAN_POINT('',(0.1,4.04,-0.15));
#1579=DIRECTION('',(1.0,-0.0,0.0));
#1580=DIRECTION('',(0.0,0.0,1.0));
#1581=ORIENTED_EDGE('',*,*,#2714,.T.);
#1582=ORIENTED_EDGE('',*,*,#2715,.F.);
#1583=ORIENTED_EDGE('',*,*,#2716,.F.);
#1584=ORIENTED_EDGE('',*,*,#2712,.T.);
#1585=CARTESIAN_POINT('',(0.1,4.04,-0.25));
#1586=DIRECTION('',(0.0,-9.42784497813485E-16,1.0));
#1587=DIRECTION('',(0.0,-1.0,-9.42784497813485E-16));
#1588=ORIENTED_EDGE('',*,*,#2717,.T.);
#1589=ORIENTED_EDGE('',*,*,#2718,.F.);
#1590=ORIENTED_EDGE('',*,*,#2719,.F.);
#1591=ORIENTED_EDGE('',*,*,#2715,.T.);
#1592=CARTESIAN_POINT('',(0.1,4.27,-0.2));
#1593=DIRECTION('',(1.0,-0.0,0.0));
#1594=DIRECTION('',(0.0,0.0,1.0));
#1595=ORIENTED_EDGE('',*,*,#2720,.T.);
#1596=ORIENTED_EDGE('',*,*,#2721,.F.);
#1597=ORIENTED_EDGE('',*,*,#2722,.F.);
#1598=ORIENTED_EDGE('',*,*,#2718,.T.);
#1599=CARTESIAN_POINT('',(0.1,4.32,-0.2));
#1600=DIRECTION('',(0.0,-1.0,0.0));
#1601=DIRECTION('',(0.0,0.0,-1.0));
#1602=ORIENTED_EDGE('',*,*,#2723,.T.);
#1603=ORIENTED_EDGE('',*,*,#2724,.F.);
#1604=ORIENTED_EDGE('',*,*,#2725,.F.);
#1605=ORIENTED_EDGE('',*,*,#2721,.T.);
#1606=CARTESIAN_POINT('',(0.1,4.27,-0.00999999999999959));
#1607=DIRECTION('',(1.0,-0.0,0.0));
#1608=DIRECTION('',(0.0,0.0,1.0));
#1609=ORIENTED_EDGE('',*,*,#2726,.T.);
#1610=ORIENTED_EDGE('',*,*,#2727,.F.);
#1611=ORIENTED_EDGE('',*,*,#2728,.F.);
#1612=ORIENTED_EDGE('',*,*,#2724,.T.);
#1613=CARTESIAN_POINT('',(0.1,4.30059003597152,0.0295505966991821));
#1614=DIRECTION('',(0.0,-0.611800719430358,-0.791011933983614));
#1615=DIRECTION('',(0.0,-0.791011933983614,0.611800719430358));
#1616=ORIENTED_EDGE('',*,*,#2729,.T.);
#1617=ORIENTED_EDGE('',*,*,#2730,.F.);
#1618=ORIENTED_EDGE('',*,*,#2731,.F.);
#1619=ORIENTED_EDGE('',*,*,#2727,.T.);
#1620=CARTESIAN_POINT('',(0.1,4.23,0.16));
#1621=DIRECTION('',(1.0,-0.0,0.0));
#1622=DIRECTION('',(0.0,0.0,1.0));
#1623=ORIENTED_EDGE('',*,*,#2453,.F.);
#1624=ORIENTED_EDGE('',*,*,#2516,.F.);
#1625=ORIENTED_EDGE('',*,*,#2518,.F.);
#1626=ORIENTED_EDGE('',*,*,#2477,.F.);
#1627=ORIENTED_EDGE('',*,*,#2732,.T.);
#1628=ORIENTED_EDGE('',*,*,#2709,.T.);
#1629=ORIENTED_EDGE('',*,*,#2713,.T.);
#1630=ORIENTED_EDGE('',*,*,#2716,.T.);
#1631=ORIENTED_EDGE('',*,*,#2719,.T.);
#1632=ORIENTED_EDGE('',*,*,#2722,.T.);
#1633=ORIENTED_EDGE('',*,*,#2725,.T.);
#1634=ORIENTED_EDGE('',*,*,#2728,.T.);
#1635=ORIENTED_EDGE('',*,*,#2731,.T.);
#1636=ORIENTED_EDGE('',*,*,#2733,.T.);
#1637=CARTESIAN_POINT('',(0.1,3.89,0.220000000000001));
#1638=DIRECTION('',(-1.0,0.0,0.0));
#1639=DIRECTION('',(0.0,0.0,1.0));
#1640=ORIENTED_EDGE('',*,*,#2496,.T.);
#1641=ORIENTED_EDGE('',*,*,#2455,.T.);
#1642=ORIENTED_EDGE('',*,*,#2734,.F.);
#1643=ORIENTED_EDGE('',*,*,#2729,.F.);
#1644=ORIENTED_EDGE('',*,*,#2726,.F.);
#1645=ORIENTED_EDGE('',*,*,#2723,.F.);
#1646=ORIENTED_EDGE('',*,*,#2720,.F.);
#1647=ORIENTED_EDGE('',*,*,#2717,.F.);
#1648=ORIENTED_EDGE('',*,*,#2714,.F.);
#1649=ORIENTED_EDGE('',*,*,#2711,.F.);
#1650=ORIENTED_EDGE('',*,*,#2707,.F.);
#1651=ORIENTED_EDGE('',*,*,#2735,.F.);
#1652=ORIENTED_EDGE('',*,*,#2475,.T.);
#1653=ORIENTED_EDGE('',*,*,#2498,.T.);
#1654=CARTESIAN_POINT('',(-0.1,3.89,0.220000000000001));
#1655=DIRECTION('',(-1.0,0.0,0.0));
#1656=DIRECTION('',(0.0,0.0,1.0));
#1657=ORIENTED_EDGE('',*,*,#2476,.F.);
#1658=ORIENTED_EDGE('',*,*,#2735,.T.);
#1659=ORIENTED_EDGE('',*,*,#2710,.F.);
#1660=ORIENTED_EDGE('',*,*,#2732,.F.);
#1661=CARTESIAN_POINT('',(0.1,3.89,0.220000000000001));
#1662=DIRECTION('',(1.0,-0.0,0.0));
#1663=DIRECTION('',(0.0,0.0,1.0));
#1664=ORIENTED_EDGE('',*,*,#2454,.F.);
#1665=ORIENTED_EDGE('',*,*,#2733,.F.);
#1666=ORIENTED_EDGE('',*,*,#2730,.T.);
#1667=ORIENTED_EDGE('',*,*,#2734,.T.);
#1668=CARTESIAN_POINT('',(0.1,4.22,0.219160797830996));
#1669=DIRECTION('',(0.0,-1.0,0.0));
#1670=DIRECTION('',(0.0,0.0,-1.0));
#1671=ORIENTED_EDGE('',*,*,#2736,.F.);
#1672=ORIENTED_EDGE('',*,*,#2441,.T.);
#1673=ORIENTED_EDGE('',*,*,#2737,.T.);
#1674=ORIENTED_EDGE('',*,*,#2738,.F.);
#1675=CARTESIAN_POINT('',(0.1,4.22,0.72));
#1676=DIRECTION('',(0.0,3.61400724161835E-16,-1.0));
#1677=DIRECTION('',(-1.0,0.0,0.0));
#1678=ORIENTED_EDGE('',*,*,#2739,.T.);
#1679=ORIENTED_EDGE('',*,*,#2638,.T.);
#1680=ORIENTED_EDGE('',*,*,#2442,.T.);
#1681=ORIENTED_EDGE('',*,*,#2736,.T.);
#1682=CARTESIAN_POINT('',(0.1,3.89,0.220000000000001));
#1683=DIRECTION('',(-1.0,0.0,0.0));
#1684=DIRECTION('',(0.0,0.0,1.0));
#1685=ORIENTED_EDGE('',*,*,#2440,.F.);
#1686=ORIENTED_EDGE('',*,*,#2640,.F.);
#1687=ORIENTED_EDGE('',*,*,#2740,.F.);
#1688=ORIENTED_EDGE('',*,*,#2737,.F.);
#1689=CARTESIAN_POINT('',(-0.1,3.89,0.220000000000001));
#1690=DIRECTION('',(-1.0,0.0,0.0));
#1691=DIRECTION('',(0.0,0.0,1.0));
#1692=ORIENTED_EDGE('',*,*,#2740,.T.);
#1693=ORIENTED_EDGE('',*,*,#2639,.F.);
#1694=ORIENTED_EDGE('',*,*,#2739,.F.);
#1695=ORIENTED_EDGE('',*,*,#2738,.T.);
#1696=CARTESIAN_POINT('',(0.1,2.42,0.719999999999999));
#1697=DIRECTION('',(0.0,1.0,-2.16840434497101E-15));
#1698=DIRECTION('',(0.0,-2.16840434497101E-15,-1.0));
#1699=ORIENTED_EDGE('',*,*,#2741,.T.);
#1700=ORIENTED_EDGE('',*,*,#2742,.F.);
#1701=ORIENTED_EDGE('',*,*,#2743,.F.);
#1702=ORIENTED_EDGE('',*,*,#2744,.T.);
#1703=CARTESIAN_POINT('',(1.215,0.200000000000002,-0.2));
#1704=DIRECTION('',(0.0,0.707106781186547,0.707106781186548));
#1705=DIRECTION('',(1.0,-0.0,0.0));
#1706=ORIENTED_EDGE('',*,*,#2745,.T.);
#1707=ORIENTED_EDGE('',*,*,#2746,.F.);
#1708=ORIENTED_EDGE('',*,*,#2747,.F.);
#1709=ORIENTED_EDGE('',*,*,#2742,.T.);
#1710=CARTESIAN_POINT('',(1.215,0.250000000000003,-0.25));
#1711=DIRECTION('',(0.0,0.0,1.0));
#1712=DIRECTION('',(1.0,0.0,0.0));
#1713=ORIENTED_EDGE('',*,*,#2748,.T.);
#1714=ORIENTED_EDGE('',*,*,#2749,.F.);
#1715=ORIENTED_EDGE('',*,*,#2750,.F.);
#1716=ORIENTED_EDGE('',*,*,#2746,.T.);
#1717=CARTESIAN_POINT('',(1.215,0.589999999999998,-0.25));
#1718=DIRECTION('',(0.0,-0.847998304005065,0.529998940003217));
#1719=DIRECTION('',(-1.0,0.0,0.0));
#1720=ORIENTED_EDGE('',*,*,#2701,.F.);
#1721=ORIENTED_EDGE('',*,*,#2751,.F.);
#1722=ORIENTED_EDGE('',*,*,#2748,.F.);
#1723=ORIENTED_EDGE('',*,*,#2745,.F.);
#1724=ORIENTED_EDGE('',*,*,#2741,.F.);
#1725=ORIENTED_EDGE('',*,*,#2752,.F.);
#1726=CARTESIAN_POINT('',(1.015,0.0,0.0));
#1727=DIRECTION('',(1.0,0.0,0.0));
#1728=DIRECTION('',(0.0,1.0,0.0));
#1729=ORIENTED_EDGE('',*,*,#2753,.T.);
#1730=ORIENTED_EDGE('',*,*,#2699,.T.);
#1731=ORIENTED_EDGE('',*,*,#2754,.T.);
#1732=ORIENTED_EDGE('',*,*,#2743,.T.);
#1733=ORIENTED_EDGE('',*,*,#2747,.T.);
#1734=ORIENTED_EDGE('',*,*,#2750,.T.);
#1735=CARTESIAN_POINT('',(1.215,0.0,0.0));
#1736=DIRECTION('',(1.0,0.0,0.0));
#1737=DIRECTION('',(0.0,1.0,0.0));
#1738=ORIENTED_EDGE('',*,*,#2700,.F.);
#1739=ORIENTED_EDGE('',*,*,#2753,.F.);
#1740=ORIENTED_EDGE('',*,*,#2749,.T.);
#1741=ORIENTED_EDGE('',*,*,#2751,.T.);
#1742=CARTESIAN_POINT('',(1.215,0.639999999999998,-0.17));
#1743=DIRECTION('',(0.0,-1.0,3.70667409396754E-15));
#1744=DIRECTION('',(-1.0,0.0,0.0));
#1745=ORIENTED_EDGE('',*,*,#2702,.F.);
#1746=ORIENTED_EDGE('',*,*,#2752,.T.);
#1747=ORIENTED_EDGE('',*,*,#2744,.F.);
#1748=ORIENTED_EDGE('',*,*,#2754,.F.);
#1749=CARTESIAN_POINT('',(1.215,0.200000000000003,0.340000000000001));
#1750=DIRECTION('',(0.0,1.0,-1.00389090044954E-15));
#1751=DIRECTION('',(0.0,-1.00389090044954E-15,-1.0));
#1752=ORIENTED_EDGE('',*,*,#2680,.F.);
#1753=ORIENTED_EDGE('',*,*,#2755,.T.);
#1754=ORIENTED_EDGE('',*,*,#2756,.F.);
#1755=ORIENTED_EDGE('',*,*,#2757,.F.);
#1756=CARTESIAN_POINT('',(1.215,0.639999999999998,-0.17));
#1757=DIRECTION('',(0.0,-1.0,3.70667409396754E-15));
#1758=DIRECTION('',(-1.0,0.0,0.0));
#1759=ORIENTED_EDGE('',*,*,#2758,.T.);
#1760=ORIENTED_EDGE('',*,*,#2677,.T.);
#1761=ORIENTED_EDGE('',*,*,#2757,.T.);
#1762=ORIENTED_EDGE('',*,*,#2759,.T.);
#1763=ORIENTED_EDGE('',*,*,#2760,.T.);
#1764=ORIENTED_EDGE('',*,*,#2761,.T.);
#1765=CARTESIAN_POINT('',(1.215,0.0,0.0));
#1766=DIRECTION('',(1.0,0.0,0.0));
#1767=DIRECTION('',(0.0,1.0,0.0));
#1768=ORIENTED_EDGE('',*,*,#2679,.F.);
#1769=ORIENTED_EDGE('',*,*,#2762,.F.);
#1770=ORIENTED_EDGE('',*,*,#2763,.F.);
#1771=ORIENTED_EDGE('',*,*,#2764,.F.);
#1772=ORIENTED_EDGE('',*,*,#2765,.F.);
#1773=ORIENTED_EDGE('',*,*,#2755,.F.);
#1774=CARTESIAN_POINT('',(1.015,0.0,0.0));
#1775=DIRECTION('',(1.0,0.0,0.0));
#1776=DIRECTION('',(0.0,1.0,0.0));
#1777=ORIENTED_EDGE('',*,*,#2764,.T.);
#1778=ORIENTED_EDGE('',*,*,#2766,.F.);
#1779=ORIENTED_EDGE('',*,*,#2760,.F.);
#1780=ORIENTED_EDGE('',*,*,#2767,.T.);
#1781=CARTESIAN_POINT('',(1.215,-0.0299999999999977,1.0));
#1782=DIRECTION('',(0.0,1.0,-1.89735380184963E-15));
#1783=DIRECTION('',(0.0,-1.89735380184963E-15,-1.0));
#1784=ORIENTED_EDGE('',*,*,#2763,.T.);
#1785=ORIENTED_EDGE('',*,*,#2768,.F.);
#1786=ORIENTED_EDGE('',*,*,#2761,.F.);
#1787=ORIENTED_EDGE('',*,*,#2766,.T.);
#1788=CARTESIAN_POINT('',(1.215,-0.0299999999999984,0.600000000000001));
#1789=DIRECTION('',(0.0,0.0,1.0));
#1790=DIRECTION('',(1.0,0.0,0.0));
#1791=ORIENTED_EDGE('',*,*,#2678,.F.);
#1792=ORIENTED_EDGE('',*,*,#2758,.F.);
#1793=ORIENTED_EDGE('',*,*,#2768,.T.);
#1794=ORIENTED_EDGE('',*,*,#2762,.T.);
#1795=CARTESIAN_POINT('',(1.215,0.22,0.600000000000001));
#1796=DIRECTION('',(0.0,1.0,-6.2550125335702E-16));
#1797=DIRECTION('',(0.0,-6.2550125335702E-16,-1.0));
#1798=ORIENTED_EDGE('',*,*,#2765,.T.);
#1799=ORIENTED_EDGE('',*,*,#2767,.F.);
#1800=ORIENTED_EDGE('',*,*,#2759,.F.);
#1801=ORIENTED_EDGE('',*,*,#2756,.T.);
#1802=CARTESIAN_POINT('',(1.215,0.640000000000002,1.0));
#1803=DIRECTION('',(0.0,-9.70927318643735E-16,-1.0));
#1804=DIRECTION('',(0.0,-1.0,9.70927318643735E-16));
#1805=ORIENTED_EDGE('',*,*,#2769,.F.);
#1806=ORIENTED_EDGE('',*,*,#2770,.F.);
#1807=ORIENTED_EDGE('',*,*,#2771,.T.);
#1808=ORIENTED_EDGE('',*,*,#2772,.T.);
#1809=CARTESIAN_POINT('',(-4.815,0.589999999999998,-0.25));
#1810=DIRECTION('',(0.0,0.847998304005065,-0.529998940003217));
#1811=DIRECTION('',(-1.0,0.0,0.0));
#1812=ORIENTED_EDGE('',*,*,#2773,.F.);
#1813=ORIENTED_EDGE('',*,*,#2774,.F.);
#1814=ORIENTED_EDGE('',*,*,#2775,.T.);
#1815=ORIENTED_EDGE('',*,*,#2770,.T.);
#1816=CARTESIAN_POINT('',(-4.815,0.250000000000003,-0.25));
#1817=DIRECTION('',(0.0,0.0,-1.0));
#1818=DIRECTION('',(0.0,-1.0,0.0));
#1819=ORIENTED_EDGE('',*,*,#2776,.F.);
#1820=ORIENTED_EDGE('',*,*,#2777,.F.);
#1821=ORIENTED_EDGE('',*,*,#2778,.T.);
#1822=ORIENTED_EDGE('',*,*,#2774,.T.);
#1823=CARTESIAN_POINT('',(-4.815,0.200000000000002,-0.2));
#1824=DIRECTION('',(0.0,-0.707106781186547,-0.707106781186548));
#1825=DIRECTION('',(0.0,-0.707106781186548,0.707106781186547));
#1826=ORIENTED_EDGE('',*,*,#2779,.T.);
#1827=ORIENTED_EDGE('',*,*,#2514,.T.);
#1828=ORIENTED_EDGE('',*,*,#2780,.T.);
#1829=ORIENTED_EDGE('',*,*,#2776,.T.);
#1830=ORIENTED_EDGE('',*,*,#2773,.T.);
#1831=ORIENTED_EDGE('',*,*,#2769,.T.);
#1832=CARTESIAN_POINT('',(-4.615,0.0,0.0));
#1833=DIRECTION('',(1.0,0.0,0.0));
#1834=DIRECTION('',(0.0,1.0,0.0));
#1835=ORIENTED_EDGE('',*,*,#2512,.F.);
#1836=ORIENTED_EDGE('',*,*,#2781,.F.);
#1837=ORIENTED_EDGE('',*,*,#2771,.F.);
#1838=ORIENTED_EDGE('',*,*,#2775,.F.);
#1839=ORIENTED_EDGE('',*,*,#2778,.F.);
#1840=ORIENTED_EDGE('',*,*,#2782,.F.);
#1841=CARTESIAN_POINT('',(-4.815,0.0,0.0));
#1842=DIRECTION('',(1.0,0.0,0.0));
#1843=DIRECTION('',(0.0,1.0,0.0));
#1844=ORIENTED_EDGE('',*,*,#2781,.T.);
#1845=ORIENTED_EDGE('',*,*,#2511,.T.);
#1846=ORIENTED_EDGE('',*,*,#2779,.F.);
#1847=ORIENTED_EDGE('',*,*,#2772,.F.);
#1848=CARTESIAN_POINT('',(-4.815,0.639999999999998,-0.17));
#1849=DIRECTION('',(0.0,1.0,-3.70667409396754E-15));
#1850=DIRECTION('',(0.0,-3.70667409396754E-15,-1.0));
#1851=ORIENTED_EDGE('',*,*,#2780,.F.);
#1852=ORIENTED_EDGE('',*,*,#2513,.T.);
#1853=ORIENTED_EDGE('',*,*,#2782,.T.);
#1854=ORIENTED_EDGE('',*,*,#2777,.T.);
#1855=CARTESIAN_POINT('',(-4.815,0.200000000000003,0.340000000000001));
#1856=DIRECTION('',(0.0,-1.0,1.00389090044954E-15));
#1857=DIRECTION('',(-1.0,0.0,0.0));
#1858=ORIENTED_EDGE('',*,*,#2783,.F.);
#1859=ORIENTED_EDGE('',*,*,#2505,.T.);
#1860=ORIENTED_EDGE('',*,*,#2784,.T.);
#1861=ORIENTED_EDGE('',*,*,#2785,.T.);
#1862=CARTESIAN_POINT('',(-4.815,0.639999999999998,-0.17));
#1863=DIRECTION('',(0.0,1.0,-3.70667409396754E-15));
#1864=DIRECTION('',(0.0,-3.70667409396754E-15,-1.0));
#1865=ORIENTED_EDGE('',*,*,#2504,.F.);
#1866=ORIENTED_EDGE('',*,*,#2786,.F.);
#1867=ORIENTED_EDGE('',*,*,#2787,.F.);
#1868=ORIENTED_EDGE('',*,*,#2788,.F.);
#1869=ORIENTED_EDGE('',*,*,#2789,.F.);
#1870=ORIENTED_EDGE('',*,*,#2784,.F.);
#1871=CARTESIAN_POINT('',(-4.815,0.0,0.0));
#1872=DIRECTION('',(1.0,0.0,0.0));
#1873=DIRECTION('',(0.0,1.0,0.0));
#1874=ORIENTED_EDGE('',*,*,#2790,.T.);
#1875=ORIENTED_EDGE('',*,*,#2506,.T.);
#1876=ORIENTED_EDGE('',*,*,#2783,.T.);
#1877=ORIENTED_EDGE('',*,*,#2791,.T.);
#1878=ORIENTED_EDGE('',*,*,#2792,.T.);
#1879=ORIENTED_EDGE('',*,*,#2793,.T.);
#1880=CARTESIAN_POINT('',(-4.615,0.0,0.0));
#1881=DIRECTION('',(1.0,0.0,0.0));
#1882=DIRECTION('',(0.0,1.0,0.0));
#1883=ORIENTED_EDGE('',*,*,#2792,.F.);
#1884=ORIENTED_EDGE('',*,*,#2794,.F.);
#1885=ORIENTED_EDGE('',*,*,#2788,.T.);
#1886=ORIENTED_EDGE('',*,*,#2795,.T.);
#1887=CARTESIAN_POINT('',(-4.815,-0.0299999999999977,1.0));
#1888=DIRECTION('',(0.0,-1.0,1.89735380184963E-15));
#1889=DIRECTION('',(-1.0,0.0,0.0));
#1890=ORIENTED_EDGE('',*,*,#2793,.F.);
#1891=ORIENTED_EDGE('',*,*,#2795,.F.);
#1892=ORIENTED_EDGE('',*,*,#2787,.T.);
#1893=ORIENTED_EDGE('',*,*,#2796,.T.);
#1894=CARTESIAN_POINT('',(-4.815,-0.0299999999999984,0.600000000000001));
#1895=DIRECTION('',(0.0,0.0,-1.0));
#1896=DIRECTION('',(0.0,-1.0,0.0));
#1897=ORIENTED_EDGE('',*,*,#2786,.T.);
#1898=ORIENTED_EDGE('',*,*,#2503,.T.);
#1899=ORIENTED_EDGE('',*,*,#2790,.F.);
#1900=ORIENTED_EDGE('',*,*,#2796,.F.);
#1901=CARTESIAN_POINT('',(-4.815,0.22,0.600000000000001));
#1902=DIRECTION('',(0.0,-1.0,6.2550125335702E-16));
#1903=DIRECTION('',(-1.0,0.0,0.0));
#1904=ORIENTED_EDGE('',*,*,#2791,.F.);
#1905=ORIENTED_EDGE('',*,*,#2785,.F.);
#1906=ORIENTED_EDGE('',*,*,#2789,.T.);
#1907=ORIENTED_EDGE('',*,*,#2794,.T.);
#1908=CARTESIAN_POINT('',(-4.815,0.640000000000002,1.0));
#1909=DIRECTION('',(0.0,9.70927318643735E-16,1.0));
#1910=DIRECTION('',(0.0,-1.0,9.70927318643735E-16));
#1911=ORIENTED_EDGE('',*,*,#2797,.T.);
#1912=ORIENTED_EDGE('',*,*,#2798,.F.);
#1913=ORIENTED_EDGE('',*,*,#2799,.F.);
#1914=ORIENTED_EDGE('',*,*,#2800,.T.);
#1915=CARTESIAN_POINT('',(-1.1,3.94,0.22));
#1916=DIRECTION('',(-0.0,1.0,0.0));
#1917=DIRECTION('',(1.0,0.0,0.0));
#1918=ORIENTED_EDGE('',*,*,#2801,.T.);
#1919=ORIENTED_EDGE('',*,*,#2802,.F.);
#1920=ORIENTED_EDGE('',*,*,#2803,.F.);
#1921=ORIENTED_EDGE('',*,*,#2798,.T.);
#1922=CARTESIAN_POINT('',(-1.1,4.04,-0.15));
#1923=DIRECTION('',(1.0,-0.0,0.0));
#1924=DIRECTION('',(0.0,0.0,1.0));
#1925=ORIENTED_EDGE('',*,*,#2804,.T.);
#1926=ORIENTED_EDGE('',*,*,#2805,.F.);
#1927=ORIENTED_EDGE('',*,*,#2806,.F.);
#1928=ORIENTED_EDGE('',*,*,#2802,.T.);
#1929=CARTESIAN_POINT('',(-1.1,4.04,-0.25));
#1930=DIRECTION('',(0.0,-9.42784497813485E-16,1.0));
#1931=DIRECTION('',(0.0,-1.0,-9.42784497813485E-16));
#1932=ORIENTED_EDGE('',*,*,#2807,.T.);
#1933=ORIENTED_EDGE('',*,*,#2808,.F.);
#1934=ORIENTED_EDGE('',*,*,#2809,.F.);
#1935=ORIENTED_EDGE('',*,*,#2805,.T.);
#1936=CARTESIAN_POINT('',(-1.1,4.27,-0.2));
#1937=DIRECTION('',(1.0,-0.0,0.0));
#1938=DIRECTION('',(0.0,0.0,1.0));
#1939=ORIENTED_EDGE('',*,*,#2810,.T.);
#1940=ORIENTED_EDGE('',*,*,#2811,.F.);
#1941=ORIENTED_EDGE('',*,*,#2812,.F.);
#1942=ORIENTED_EDGE('',*,*,#2808,.T.);
#1943=CARTESIAN_POINT('',(-1.1,4.32,-0.2));
#1944=DIRECTION('',(0.0,-1.0,0.0));
#1945=DIRECTION('',(0.0,0.0,-1.0));
#1946=ORIENTED_EDGE('',*,*,#2813,.T.);
#1947=ORIENTED_EDGE('',*,*,#2814,.F.);
#1948=ORIENTED_EDGE('',*,*,#2815,.F.);
#1949=ORIENTED_EDGE('',*,*,#2811,.T.);
#1950=CARTESIAN_POINT('',(-1.1,4.27,-0.00999999999999959));
#1951=DIRECTION('',(1.0,-0.0,0.0));
#1952=DIRECTION('',(0.0,0.0,1.0));
#1953=ORIENTED_EDGE('',*,*,#2816,.T.);
#1954=ORIENTED_EDGE('',*,*,#2817,.F.);
#1955=ORIENTED_EDGE('',*,*,#2818,.F.);
#1956=ORIENTED_EDGE('',*,*,#2814,.T.);
#1957=CARTESIAN_POINT('',(-1.1,4.30059003597152,0.0295505966991821));
#1958=DIRECTION('',(0.0,-0.611800719430358,-0.791011933983614));
#1959=DIRECTION('',(0.0,-0.791011933983614,0.611800719430358));
#1960=ORIENTED_EDGE('',*,*,#2819,.T.);
#1961=ORIENTED_EDGE('',*,*,#2820,.F.);
#1962=ORIENTED_EDGE('',*,*,#2821,.F.);
#1963=ORIENTED_EDGE('',*,*,#2817,.T.);
#1964=CARTESIAN_POINT('',(-1.1,4.23,0.16));
#1965=DIRECTION('',(1.0,-0.0,0.0));
#1966=DIRECTION('',(0.0,0.0,1.0));
#1967=ORIENTED_EDGE('',*,*,#2457,.F.);
#1968=ORIENTED_EDGE('',*,*,#2495,.F.);
#1969=ORIENTED_EDGE('',*,*,#2497,.F.);
#1970=ORIENTED_EDGE('',*,*,#2473,.F.);
#1971=ORIENTED_EDGE('',*,*,#2822,.T.);
#1972=ORIENTED_EDGE('',*,*,#2799,.T.);
#1973=ORIENTED_EDGE('',*,*,#2803,.T.);
#1974=ORIENTED_EDGE('',*,*,#2806,.T.);
#1975=ORIENTED_EDGE('',*,*,#2809,.T.);
#1976=ORIENTED_EDGE('',*,*,#2812,.T.);
#1977=ORIENTED_EDGE('',*,*,#2815,.T.);
#1978=ORIENTED_EDGE('',*,*,#2818,.T.);
#1979=ORIENTED_EDGE('',*,*,#2821,.T.);
#1980=ORIENTED_EDGE('',*,*,#2823,.T.);
#1981=CARTESIAN_POINT('',(-1.1,3.89,0.220000000000001));
#1982=DIRECTION('',(-1.0,0.0,0.0));
#1983=DIRECTION('',(0.0,0.0,1.0));
#1984=ORIENTED_EDGE('',*,*,#2491,.T.);
#1985=ORIENTED_EDGE('',*,*,#2459,.T.);
#1986=ORIENTED_EDGE('',*,*,#2824,.F.);
#1987=ORIENTED_EDGE('',*,*,#2819,.F.);
#1988=ORIENTED_EDGE('',*,*,#2816,.F.);
#1989=ORIENTED_EDGE('',*,*,#2813,.F.);
#1990=ORIENTED_EDGE('',*,*,#2810,.F.);
#1991=ORIENTED_EDGE('',*,*,#2807,.F.);
#1992=ORIENTED_EDGE('',*,*,#2804,.F.);
#1993=ORIENTED_EDGE('',*,*,#2801,.F.);
#1994=ORIENTED_EDGE('',*,*,#2797,.F.);
#1995=ORIENTED_EDGE('',*,*,#2825,.F.);
#1996=ORIENTED_EDGE('',*,*,#2471,.T.);
#1997=ORIENTED_EDGE('',*,*,#2493,.T.);
#1998=CARTESIAN_POINT('',(-1.3,3.89,0.220000000000001));
#1999=DIRECTION('',(-1.0,0.0,0.0));
#2000=DIRECTION('',(0.0,0.0,1.0));
#2001=ORIENTED_EDGE('',*,*,#2472,.F.);
#2002=ORIENTED_EDGE('',*,*,#2825,.T.);
#2003=ORIENTED_EDGE('',*,*,#2800,.F.);
#2004=ORIENTED_EDGE('',*,*,#2822,.F.);
#2005=CARTESIAN_POINT('',(-1.1,3.89,0.220000000000001));
#2006=DIRECTION('',(1.0,-0.0,0.0));
#2007=DIRECTION('',(0.0,0.0,1.0));
#2008=ORIENTED_EDGE('',*,*,#2458,.F.);
#2009=ORIENTED_EDGE('',*,*,#2823,.F.);
#2010=ORIENTED_EDGE('',*,*,#2820,.T.);
#2011=ORIENTED_EDGE('',*,*,#2824,.T.);
#2012=CARTESIAN_POINT('',(-1.1,4.22,0.219160797830996));
#2013=DIRECTION('',(0.0,-1.0,0.0));
#2014=DIRECTION('',(0.0,0.0,-1.0));
#2015=ORIENTED_EDGE('',*,*,#2826,.F.);
#2016=ORIENTED_EDGE('',*,*,#2437,.T.);
#2017=ORIENTED_EDGE('',*,*,#2827,.T.);
#2018=ORIENTED_EDGE('',*,*,#2828,.F.);
#2019=CARTESIAN_POINT('',(-1.1,4.22,0.72));
#2020=DIRECTION('',(0.0,3.61400724161835E-16,-1.0));
#2021=DIRECTION('',(-1.0,0.0,0.0));
#2022=ORIENTED_EDGE('',*,*,#2829,.T.);
#2023=ORIENTED_EDGE('',*,*,#2641,.T.);
#2024=ORIENTED_EDGE('',*,*,#2438,.T.);
#2025=ORIENTED_EDGE('',*,*,#2826,.T.);
#2026=CARTESIAN_POINT('',(-1.1,3.89,0.220000000000001));
#2027=DIRECTION('',(-1.0,0.0,0.0));
#2028=DIRECTION('',(0.0,0.0,1.0));
#2029=ORIENTED_EDGE('',*,*,#2436,.F.);
#2030=ORIENTED_EDGE('',*,*,#2643,.F.);
#2031=ORIENTED_EDGE('',*,*,#2830,.F.);
#2032=ORIENTED_EDGE('',*,*,#2827,.F.);
#2033=CARTESIAN_POINT('',(-1.3,3.89,0.220000000000001));
#2034=DIRECTION('',(-1.0,0.0,0.0));
#2035=DIRECTION('',(0.0,0.0,1.0));
#2036=ORIENTED_EDGE('',*,*,#2830,.T.);
#2037=ORIENTED_EDGE('',*,*,#2642,.F.);
#2038=ORIENTED_EDGE('',*,*,#2829,.F.);
#2039=ORIENTED_EDGE('',*,*,#2828,.T.);
#2040=CARTESIAN_POINT('',(-1.1,2.42,0.719999999999999));
#2041=DIRECTION('',(0.0,1.0,-2.16840434497101E-15));
#2042=DIRECTION('',(0.0,-2.16840434497101E-15,-1.0));
#2043=ORIENTED_EDGE('',*,*,#2831,.T.);
#2044=ORIENTED_EDGE('',*,*,#2832,.F.);
#2045=ORIENTED_EDGE('',*,*,#2833,.F.);
#2046=ORIENTED_EDGE('',*,*,#2834,.T.);
#2047=CARTESIAN_POINT('',(-2.3,3.94,0.22));
#2048=DIRECTION('',(-0.0,1.0,0.0));
#2049=DIRECTION('',(1.0,0.0,0.0));
#2050=ORIENTED_EDGE('',*,*,#2835,.T.);
#2051=ORIENTED_EDGE('',*,*,#2836,.F.);
#2052=ORIENTED_EDGE('',*,*,#2837,.F.);
#2053=ORIENTED_EDGE('',*,*,#2832,.T.);
#2054=CARTESIAN_POINT('',(-2.3,4.04,-0.15));
#2055=DIRECTION('',(1.0,-0.0,0.0));
#2056=DIRECTION('',(0.0,0.0,1.0));
#2057=ORIENTED_EDGE('',*,*,#2838,.T.);
#2058=ORIENTED_EDGE('',*,*,#2839,.F.);
#2059=ORIENTED_EDGE('',*,*,#2840,.F.);
#2060=ORIENTED_EDGE('',*,*,#2836,.T.);
#2061=CARTESIAN_POINT('',(-2.3,4.04,-0.25));
#2062=DIRECTION('',(0.0,-9.42784497813485E-16,1.0));
#2063=DIRECTION('',(0.0,-1.0,-9.42784497813485E-16));
#2064=ORIENTED_EDGE('',*,*,#2841,.T.);
#2065=ORIENTED_EDGE('',*,*,#2842,.F.);
#2066=ORIENTED_EDGE('',*,*,#2843,.F.);
#2067=ORIENTED_EDGE('',*,*,#2839,.T.);
#2068=CARTESIAN_POINT('',(-2.3,4.27,-0.2));
#2069=DIRECTION('',(1.0,-0.0,0.0));
#2070=DIRECTION('',(0.0,0.0,1.0));
#2071=ORIENTED_EDGE('',*,*,#2844,.T.);
#2072=ORIENTED_EDGE('',*,*,#2845,.F.);
#2073=ORIENTED_EDGE('',*,*,#2846,.F.);
#2074=ORIENTED_EDGE('',*,*,#2842,.T.);
#2075=CARTESIAN_POINT('',(-2.3,4.32,-0.2));
#2076=DIRECTION('',(0.0,-1.0,0.0));
#2077=DIRECTION('',(0.0,0.0,-1.0));
#2078=ORIENTED_EDGE('',*,*,#2847,.T.);
#2079=ORIENTED_EDGE('',*,*,#2848,.F.);
#2080=ORIENTED_EDGE('',*,*,#2849,.F.);
#2081=ORIENTED_EDGE('',*,*,#2845,.T.);
#2082=CARTESIAN_POINT('',(-2.3,4.27,-0.00999999999999959));
#2083=DIRECTION('',(1.0,-0.0,0.0));
#2084=DIRECTION('',(0.0,0.0,1.0));
#2085=ORIENTED_EDGE('',*,*,#2850,.T.);
#2086=ORIENTED_EDGE('',*,*,#2851,.F.);
#2087=ORIENTED_EDGE('',*,*,#2852,.F.);
#2088=ORIENTED_EDGE('',*,*,#2848,.T.);
#2089=CARTESIAN_POINT('',(-2.3,4.30059003597152,0.0295505966991821));
#2090=DIRECTION('',(0.0,-0.611800719430358,-0.791011933983614));
#2091=DIRECTION('',(0.0,-0.791011933983614,0.611800719430358));
#2092=ORIENTED_EDGE('',*,*,#2853,.T.);
#2093=ORIENTED_EDGE('',*,*,#2854,.F.);
#2094=ORIENTED_EDGE('',*,*,#2855,.F.);
#2095=ORIENTED_EDGE('',*,*,#2851,.T.);
#2096=CARTESIAN_POINT('',(-2.3,4.23,0.16));
#2097=DIRECTION('',(1.0,-0.0,0.0));
#2098=DIRECTION('',(0.0,0.0,1.0));
#2099=ORIENTED_EDGE('',*,*,#2461,.F.);
#2100=ORIENTED_EDGE('',*,*,#2490,.F.);
#2101=ORIENTED_EDGE('',*,*,#2492,.F.);
#2102=ORIENTED_EDGE('',*,*,#2469,.F.);
#2103=ORIENTED_EDGE('',*,*,#2856,.T.);
#2104=ORIENTED_EDGE('',*,*,#2833,.T.);
#2105=ORIENTED_EDGE('',*,*,#2837,.T.);
#2106=ORIENTED_EDGE('',*,*,#2840,.T.);
#2107=ORIENTED_EDGE('',*,*,#2843,.T.);
#2108=ORIENTED_EDGE('',*,*,#2846,.T.);
#2109=ORIENTED_EDGE('',*,*,#2849,.T.);
#2110=ORIENTED_EDGE('',*,*,#2852,.T.);
#2111=ORIENTED_EDGE('',*,*,#2855,.T.);
#2112=ORIENTED_EDGE('',*,*,#2857,.T.);
#2113=CARTESIAN_POINT('',(-2.3,3.89,0.220000000000001));
#2114=DIRECTION('',(-1.0,0.0,0.0));
#2115=DIRECTION('',(0.0,0.0,1.0));
#2116=ORIENTED_EDGE('',*,*,#2486,.T.);
#2117=ORIENTED_EDGE('',*,*,#2463,.T.);
#2118=ORIENTED_EDGE('',*,*,#2858,.F.);
#2119=ORIENTED_EDGE('',*,*,#2853,.F.);
#2120=ORIENTED_EDGE('',*,*,#2850,.F.);
#2121=ORIENTED_EDGE('',*,*,#2847,.F.);
#2122=ORIENTED_EDGE('',*,*,#2844,.F.);
#2123=ORIENTED_EDGE('',*,*,#2841,.F.);
#2124=ORIENTED_EDGE('',*,*,#2838,.F.);
#2125=ORIENTED_EDGE('',*,*,#2835,.F.);
#2126=ORIENTED_EDGE('',*,*,#2831,.F.);
#2127=ORIENTED_EDGE('',*,*,#2859,.F.);
#2128=ORIENTED_EDGE('',*,*,#2467,.T.);
#2129=ORIENTED_EDGE('',*,*,#2488,.T.);
#2130=CARTESIAN_POINT('',(-2.5,3.89,0.220000000000001));
#2131=DIRECTION('',(-1.0,0.0,0.0));
#2132=DIRECTION('',(0.0,0.0,1.0));
#2133=ORIENTED_EDGE('',*,*,#2468,.F.);
#2134=ORIENTED_EDGE('',*,*,#2859,.T.);
#2135=ORIENTED_EDGE('',*,*,#2834,.F.);
#2136=ORIENTED_EDGE('',*,*,#2856,.F.);
#2137=CARTESIAN_POINT('',(-2.3,3.89,0.220000000000001));
#2138=DIRECTION('',(1.0,-0.0,0.0));
#2139=DIRECTION('',(0.0,0.0,1.0));
#2140=ORIENTED_EDGE('',*,*,#2462,.F.);
#2141=ORIENTED_EDGE('',*,*,#2857,.F.);
#2142=ORIENTED_EDGE('',*,*,#2854,.T.);
#2143=ORIENTED_EDGE('',*,*,#2858,.T.);
#2144=CARTESIAN_POINT('',(-2.3,4.22,0.219160797830996));
#2145=DIRECTION('',(0.0,-1.0,0.0));
#2146=DIRECTION('',(0.0,0.0,-1.0));
#2147=ORIENTED_EDGE('',*,*,#2860,.F.);
#2148=ORIENTED_EDGE('',*,*,#2433,.T.);
#2149=ORIENTED_EDGE('',*,*,#2861,.T.);
#2150=ORIENTED_EDGE('',*,*,#2862,.F.);
#2151=CARTESIAN_POINT('',(-2.3,4.22,0.72));
#2152=DIRECTION('',(0.0,3.61400724161835E-16,-1.0));
#2153=DIRECTION('',(-1.0,0.0,0.0));
#2154=ORIENTED_EDGE('',*,*,#2863,.T.);
#2155=ORIENTED_EDGE('',*,*,#2644,.T.);
#2156=ORIENTED_EDGE('',*,*,#2434,.T.);
#2157=ORIENTED_EDGE('',*,*,#2860,.T.);
#2158=CARTESIAN_POINT('',(-2.3,3.89,0.220000000000001));
#2159=DIRECTION('',(-1.0,0.0,0.0));
#2160=DIRECTION('',(0.0,0.0,1.0));
#2161=ORIENTED_EDGE('',*,*,#2432,.F.);
#2162=ORIENTED_EDGE('',*,*,#2646,.F.);
#2163=ORIENTED_EDGE('',*,*,#2864,.F.);
#2164=ORIENTED_EDGE('',*,*,#2861,.F.);
#2165=CARTESIAN_POINT('',(-2.5,3.89,0.220000000000001));
#2166=DIRECTION('',(-1.0,0.0,0.0));
#2167=DIRECTION('',(0.0,0.0,1.0));
#2168=ORIENTED_EDGE('',*,*,#2864,.T.);
#2169=ORIENTED_EDGE('',*,*,#2645,.F.);
#2170=ORIENTED_EDGE('',*,*,#2863,.F.);
#2171=ORIENTED_EDGE('',*,*,#2862,.T.);
#2172=CARTESIAN_POINT('',(-2.3,2.42,0.719999999999999));
#2173=DIRECTION('',(0.0,1.0,-2.16840434497101E-15));
#2174=DIRECTION('',(0.0,-2.16840434497101E-15,-1.0));
#2175=ORIENTED_EDGE('',*,*,#2865,.T.);
#2176=ORIENTED_EDGE('',*,*,#2866,.F.);
#2177=ORIENTED_EDGE('',*,*,#2867,.F.);
#2178=ORIENTED_EDGE('',*,*,#2868,.T.);
#2179=CARTESIAN_POINT('',(-3.5,3.94,0.22));
#2180=DIRECTION('',(-0.0,1.0,0.0));
#2181=DIRECTION('',(1.0,0.0,0.0));
#2182=ORIENTED_EDGE('',*,*,#2869,.T.);
#2183=ORIENTED_EDGE('',*,*,#2870,.F.);
#2184=ORIENTED_EDGE('',*,*,#2871,.F.);
#2185=ORIENTED_EDGE('',*,*,#2866,.T.);
#2186=CARTESIAN_POINT('',(-3.5,4.04,-0.15));
#2187=DIRECTION('',(1.0,-0.0,0.0));
#2188=DIRECTION('',(0.0,0.0,1.0));
#2189=ORIENTED_EDGE('',*,*,#2872,.T.);
#2190=ORIENTED_EDGE('',*,*,#2873,.F.);
#2191=ORIENTED_EDGE('',*,*,#2874,.F.);
#2192=ORIENTED_EDGE('',*,*,#2870,.T.);
#2193=CARTESIAN_POINT('',(-3.5,4.04,-0.25));
#2194=DIRECTION('',(0.0,-9.42784497813485E-16,1.0));
#2195=DIRECTION('',(0.0,-1.0,-9.42784497813485E-16));
#2196=ORIENTED_EDGE('',*,*,#2875,.T.);
#2197=ORIENTED_EDGE('',*,*,#2876,.F.);
#2198=ORIENTED_EDGE('',*,*,#2877,.F.);
#2199=ORIENTED_EDGE('',*,*,#2873,.T.);
#2200=CARTESIAN_POINT('',(-3.5,4.27,-0.2));
#2201=DIRECTION('',(1.0,-0.0,0.0));
#2202=DIRECTION('',(0.0,0.0,1.0));
#2203=ORIENTED_EDGE('',*,*,#2878,.T.);
#2204=ORIENTED_EDGE('',*,*,#2879,.F.);
#2205=ORIENTED_EDGE('',*,*,#2880,.F.);
#2206=ORIENTED_EDGE('',*,*,#2876,.T.);
#2207=CARTESIAN_POINT('',(-3.5,4.32,-0.2));
#2208=DIRECTION('',(0.0,-1.0,0.0));
#2209=DIRECTION('',(0.0,0.0,-1.0));
#2210=ORIENTED_EDGE('',*,*,#2881,.T.);
#2211=ORIENTED_EDGE('',*,*,#2882,.F.);
#2212=ORIENTED_EDGE('',*,*,#2883,.F.);
#2213=ORIENTED_EDGE('',*,*,#2879,.T.);
#2214=CARTESIAN_POINT('',(-3.5,4.27,-0.00999999999999959));
#2215=DIRECTION('',(1.0,-0.0,0.0));
#2216=DIRECTION('',(0.0,0.0,1.0));
#2217=ORIENTED_EDGE('',*,*,#2884,.T.);
#2218=ORIENTED_EDGE('',*,*,#2885,.F.);
#2219=ORIENTED_EDGE('',*,*,#2886,.F.);
#2220=ORIENTED_EDGE('',*,*,#2882,.T.);
#2221=CARTESIAN_POINT('',(-3.5,4.30059003597152,0.0295505966991821));
#2222=DIRECTION('',(0.0,-0.611800719430358,-0.791011933983614));
#2223=DIRECTION('',(0.0,-0.791011933983614,0.611800719430358));
#2224=ORIENTED_EDGE('',*,*,#2887,.T.);
#2225=ORIENTED_EDGE('',*,*,#2888,.F.);
#2226=ORIENTED_EDGE('',*,*,#2889,.F.);
#2227=ORIENTED_EDGE('',*,*,#2885,.T.);
#2228=CARTESIAN_POINT('',(-3.5,4.23,0.16));
#2229=DIRECTION('',(1.0,-0.0,0.0));
#2230=DIRECTION('',(0.0,0.0,1.0));
#2231=ORIENTED_EDGE('',*,*,#2445,.F.);
#2232=ORIENTED_EDGE('',*,*,#2485,.F.);
#2233=ORIENTED_EDGE('',*,*,#2487,.F.);
#2234=ORIENTED_EDGE('',*,*,#2465,.F.);
#2235=ORIENTED_EDGE('',*,*,#2890,.T.);
#2236=ORIENTED_EDGE('',*,*,#2867,.T.);
#2237=ORIENTED_EDGE('',*,*,#2871,.T.);
#2238=ORIENTED_EDGE('',*,*,#2874,.T.);
#2239=ORIENTED_EDGE('',*,*,#2877,.T.);
#2240=ORIENTED_EDGE('',*,*,#2880,.T.);
#2241=ORIENTED_EDGE('',*,*,#2883,.T.);
#2242=ORIENTED_EDGE('',*,*,#2886,.T.);
#2243=ORIENTED_EDGE('',*,*,#2889,.T.);
#2244=ORIENTED_EDGE('',*,*,#2891,.T.);
#2245=CARTESIAN_POINT('',(-3.5,3.89,0.220000000000001));
#2246=DIRECTION('',(-1.0,0.0,0.0));
#2247=DIRECTION('',(0.0,0.0,1.0));
#2248=ORIENTED_EDGE('',*,*,#2681,.T.);
#2249=ORIENTED_EDGE('',*,*,#2447,.T.);
#2250=ORIENTED_EDGE('',*,*,#2892,.F.);
#2251=ORIENTED_EDGE('',*,*,#2887,.F.);
#2252=ORIENTED_EDGE('',*,*,#2884,.F.);
#2253=ORIENTED_EDGE('',*,*,#2881,.F.);
#2254=ORIENTED_EDGE('',*,*,#2878,.F.);
#2255=ORIENTED_EDGE('',*,*,#2875,.F.);
#2256=ORIENTED_EDGE('',*,*,#2872,.F.);
#2257=ORIENTED_EDGE('',*,*,#2869,.F.);
#2258=ORIENTED_EDGE('',*,*,#2865,.F.);
#2259=ORIENTED_EDGE('',*,*,#2893,.F.);
#2260=ORIENTED_EDGE('',*,*,#2483,.T.);
#2261=ORIENTED_EDGE('',*,*,#2683,.T.);
#2262=CARTESIAN_POINT('',(-3.7,3.89,0.220000000000001));
#2263=DIRECTION('',(-1.0,0.0,0.0));
#2264=DIRECTION('',(0.0,0.0,1.0));
#2265=ORIENTED_EDGE('',*,*,#2464,.F.);
#2266=ORIENTED_EDGE('',*,*,#2893,.T.);
#2267=ORIENTED_EDGE('',*,*,#2868,.F.);
#2268=ORIENTED_EDGE('',*,*,#2890,.F.);
#2269=CARTESIAN_POINT('',(-3.5,3.89,0.220000000000001));
#2270=DIRECTION('',(1.0,-0.0,0.0));
#2271=DIRECTION('',(0.0,0.0,1.0));
#2272=ORIENTED_EDGE('',*,*,#2446,.F.);
#2273=ORIENTED_EDGE('',*,*,#2891,.F.);
#2274=ORIENTED_EDGE('',*,*,#2888,.T.);
#2275=ORIENTED_EDGE('',*,*,#2892,.T.);
#2276=CARTESIAN_POINT('',(-3.5,4.22,0.219160797830996));
#2277=DIRECTION('',(0.0,-1.0,0.0));
#2278=DIRECTION('',(0.0,0.0,-1.0));
#2279=ORIENTED_EDGE('',*,*,#2894,.F.);
#2280=ORIENTED_EDGE('',*,*,#2429,.T.);
#2281=ORIENTED_EDGE('',*,*,#2895,.T.);
#2282=ORIENTED_EDGE('',*,*,#2896,.F.);
#2283=CARTESIAN_POINT('',(-3.5,4.22,0.72));
#2284=DIRECTION('',(0.0,3.61400724161835E-16,-1.0));
#2285=DIRECTION('',(-1.0,0.0,0.0));
#2286=ORIENTED_EDGE('',*,*,#2897,.T.);
#2287=ORIENTED_EDGE('',*,*,#2626,.T.);
#2288=ORIENTED_EDGE('',*,*,#2430,.T.);
#2289=ORIENTED_EDGE('',*,*,#2894,.T.);
#2290=CARTESIAN_POINT('',(-3.5,3.89,0.220000000000001));
#2291=DIRECTION('',(-1.0,0.0,0.0));
#2292=DIRECTION('',(0.0,0.0,1.0));
#2293=ORIENTED_EDGE('',*,*,#2428,.F.);
#2294=ORIENTED_EDGE('',*,*,#2628,.F.);
#2295=ORIENTED_EDGE('',*,*,#2898,.F.);
#2296=ORIENTED_EDGE('',*,*,#2895,.F.);
#2297=CARTESIAN_POINT('',(-3.7,3.89,0.220000000000001));
#2298=DIRECTION('',(-1.0,0.0,0.0));
#2299=DIRECTION('',(0.0,0.0,1.0));
#2300=ORIENTED_EDGE('',*,*,#2898,.T.);
#2301=ORIENTED_EDGE('',*,*,#2627,.F.);
#2302=ORIENTED_EDGE('',*,*,#2897,.F.);
#2303=ORIENTED_EDGE('',*,*,#2896,.T.);
#2304=CARTESIAN_POINT('',(-3.5,2.42,0.719999999999999));
#2305=DIRECTION('',(0.0,1.0,-2.16840434497101E-15));
#2306=DIRECTION('',(0.0,-2.16840434497101E-15,-1.0));
#2307=ORIENTED_EDGE('',*,*,#2689,.F.);
#2308=ORIENTED_EDGE('',*,*,#2706,.F.);
#2309=ORIENTED_EDGE('',*,*,#2899,.F.);
#2310=ORIENTED_EDGE('',*,*,#2649,.F.);
#2311=CARTESIAN_POINT('',(-4.87,0.87,0.97));
#2312=DIRECTION('',(-5.88349086353455E-16,0.707106781186548,0.707106781186547));
#2313=DIRECTION('',(1.0,0.0,8.32051257330876E-16));
#2314=ORIENTED_EDGE('',*,*,#2899,.T.);
#2315=ORIENTED_EDGE('',*,*,#2705,.F.);
#2316=ORIENTED_EDGE('',*,*,#2622,.F.);
#2317=ORIENTED_EDGE('',*,*,#2655,.F.);
#2318=ORIENTED_EDGE('',*,*,#2650,.F.);
#2319=CARTESIAN_POINT('',(-4.3,0.870000000000001,0.87));
#2320=DIRECTION('',(0.707106781186547,-5.67886450623472E-16,0.707106781186548));
#2321=DIRECTION('',(-8.03112720359634E-16,-1.0,0.0));
#2322=ORIENTED_EDGE('',*,*,#2692,.F.);
#2323=ORIENTED_EDGE('',*,*,#2525,.F.);
#2324=ORIENTED_EDGE('',*,*,#2900,.F.);
#2325=ORIENTED_EDGE('',*,*,#2703,.F.);
#2326=CARTESIAN_POINT('',(0.700000000000001,0.790000000000001,1.05));
#2327=DIRECTION('',(0.0,-0.707106781186549,-0.707106781186547));
#2328=DIRECTION('',(0.0,0.707106781186547,-0.707106781186549));
#2329=ORIENTED_EDGE('',*,*,#2524,.F.);
#2330=ORIENTED_EDGE('',*,*,#2521,.F.);
#2331=ORIENTED_EDGE('',*,*,#2532,.F.);
#2332=ORIENTED_EDGE('',*,*,#2704,.F.);
#2333=ORIENTED_EDGE('',*,*,#2900,.T.);
#2334=CARTESIAN_POINT('',(0.880000000000001,10.482,1.05));
#2335=DIRECTION('',(0.707106781186548,0.0,-0.707106781186548));
#2336=DIRECTION('',(0.0,-1.0,0.0));
#2337=ORIENTED_EDGE('',*,*,#2595,.F.);
#2338=ORIENTED_EDGE('',*,*,#2684,.F.);
#2339=ORIENTED_EDGE('',*,*,#2584,.F.);
#2340=ORIENTED_EDGE('',*,*,#2574,.F.);
#2341=CARTESIAN_POINT('',(1.5,3.42857864376269,-0.24142135623731));
#2342=DIRECTION('',(0.0,0.382683432365091,-0.923879532511286));
#2343=DIRECTION('',(-1.0,0.0,0.0));
#2344=ORIENTED_EDGE('',*,*,#2597,.F.);
#2345=ORIENTED_EDGE('',*,*,#2551,.F.);
#2346=ORIENTED_EDGE('',*,*,#2901,.F.);
#2347=ORIENTED_EDGE('',*,*,#2659,.F.);
#2348=ORIENTED_EDGE('',*,*,#2657,.F.);
#2349=CARTESIAN_POINT('',(0.690000000000001,2.44,1.0));
#2350=DIRECTION('',(-0.707106781186548,0.0,0.707106781186547));
#2351=DIRECTION('',(0.0,1.0,0.0));
#2352=ORIENTED_EDGE('',*,*,#2901,.T.);
#2353=ORIENTED_EDGE('',*,*,#2550,.F.);
#2354=ORIENTED_EDGE('',*,*,#2902,.F.);
#2355=ORIENTED_EDGE('',*,*,#2660,.F.);
#2356=CARTESIAN_POINT('',(0.690000000000001,2.85395129474883,1.00048718994804));
#2357=DIRECTION('',(0.0,-0.681998360062498,-0.731353701619171));
#2358=DIRECTION('',(0.0,-0.731353701619171,0.681998360062498));
#2359=ORIENTED_EDGE('',*,*,#2902,.T.);
#2360=ORIENTED_EDGE('',*,*,#2549,.F.);
#2361=ORIENTED_EDGE('',*,*,#2903,.F.);
#2362=ORIENTED_EDGE('',*,*,#2663,.F.);
#2363=ORIENTED_EDGE('',*,*,#2661,.F.);
#2364=CARTESIAN_POINT('',(1.0,2.84,1.0));
#2365=DIRECTION('',(-0.707106781186548,0.0,0.707106781186548));
#2366=DIRECTION('',(0.0,1.0,0.0));
#2367=ORIENTED_EDGE('',*,*,#2903,.T.);
#2368=ORIENTED_EDGE('',*,*,#2548,.F.);
#2369=ORIENTED_EDGE('',*,*,#2904,.F.);
#2370=ORIENTED_EDGE('',*,*,#2425,.F.);
#2371=CARTESIAN_POINT('',(1.0,3.47,1.0));
#2372=DIRECTION('',(0.0,-0.707106781186548,0.707106781186548));
#2373=DIRECTION('',(-1.0,0.0,0.0));
#2374=ORIENTED_EDGE('',*,*,#2904,.T.);
#2375=ORIENTED_EDGE('',*,*,#2547,.F.);
#2376=ORIENTED_EDGE('',*,*,#2905,.F.);
#2377=ORIENTED_EDGE('',*,*,#2669,.F.);
#2378=ORIENTED_EDGE('',*,*,#2664,.F.);
#2379=CARTESIAN_POINT('',(-4.6,3.47,1.0));
#2380=DIRECTION('',(0.707106781186548,0.0,0.707106781186547));
#2381=DIRECTION('',(0.0,-1.0,0.0));
#2382=ORIENTED_EDGE('',*,*,#2905,.T.);
#2383=ORIENTED_EDGE('',*,*,#2546,.F.);
#2384=ORIENTED_EDGE('',*,*,#2906,.F.);
#2385=ORIENTED_EDGE('',*,*,#2666,.F.);
#2386=CARTESIAN_POINT('',(-4.6,2.85395129474883,1.00048718994803));
#2387=DIRECTION('',(0.0,-0.681998360062499,-0.73135370161917));
#2388=DIRECTION('',(0.0,-0.73135370161917,0.681998360062499));
#2389=ORIENTED_EDGE('',*,*,#2906,.T.);
#2390=ORIENTED_EDGE('',*,*,#2545,.F.);
#2391=ORIENTED_EDGE('',*,*,#2609,.F.);
#2392=ORIENTED_EDGE('',*,*,#2670,.F.);
#2393=ORIENTED_EDGE('',*,*,#2667,.F.);
#2394=CARTESIAN_POINT('',(-4.29,2.84,1.0));
#2395=DIRECTION('',(0.707106781186548,0.0,0.707106781186547));
#2396=DIRECTION('',(0.0,-1.0,0.0));
#2397=ORIENTED_EDGE('',*,*,#2541,.T.);
#2398=ORIENTED_EDGE('',*,*,#2907,.T.);
#2399=ORIENTED_EDGE('',*,*,#2908,.T.);
#2400=ORIENTED_EDGE('',*,*,#2909,.F.);
#2401=CARTESIAN_POINT('',(-3.8,4.17,1.19));
#2402=DIRECTION('',(-0.894427190999916,-0.447213595499957,0.0));
#2403=DIRECTION('',(-0.447213595499957,0.894427190999916,0.0));
#2404=ORIENTED_EDGE('',*,*,#2543,.T.);
#2405=ORIENTED_EDGE('',*,*,#2910,.T.);
#2406=ORIENTED_EDGE('',*,*,#2911,.T.);
#2407=ORIENTED_EDGE('',*,*,#2907,.F.);
#2408=CARTESIAN_POINT('',(-3.6,3.77,1.19));
#2409=DIRECTION('',(0.894427190999916,-0.447213595499958,0.0));
#2410=DIRECTION('',(0.0,0.0,-1.0));
#2411=ORIENTED_EDGE('',*,*,#2542,.T.);
#2412=ORIENTED_EDGE('',*,*,#2909,.T.);
#2413=ORIENTED_EDGE('',*,*,#2912,.T.);
#2414=ORIENTED_EDGE('',*,*,#2910,.F.);
#2415=CARTESIAN_POINT('',(-3.4,4.17,1.19));
#2416=DIRECTION('',(-0.0,1.0,0.0));
#2417=DIRECTION('',(1.0,0.0,0.0));
#2418=ORIENTED_EDGE('',*,*,#2908,.F.);
#2419=ORIENTED_EDGE('',*,*,#2911,.F.);
#2420=ORIENTED_EDGE('',*,*,#2912,.F.);
#2421=CARTESIAN_POINT('',(0.0,0.0,1.19));
#2422=DIRECTION('',(0.0,0.0,-1.0));
#2423=DIRECTION('',(0.0,-1.0,0.0));
#2424=EDGE_CURVE('',#2913,#2914,#2915,.T.);
#2425=EDGE_CURVE('',#2913,#2916,#2917,.T.);
#2426=EDGE_CURVE('',#2916,#2918,#2919,.T.);
#2427=EDGE_CURVE('',#2918,#2920,#2921,.T.);
#2428=EDGE_CURVE('',#2920,#2922,#2923,.T.);
#2429=EDGE_CURVE('',#2924,#2922,#2925,.T.);
#2430=EDGE_CURVE('',#2926,#2924,#2927,.T.);
#2431=EDGE_CURVE('',#2926,#2928,#2929,.T.);
#2432=EDGE_CURVE('',#2928,#2930,#2931,.T.);
#2433=EDGE_CURVE('',#2932,#2930,#2933,.T.);
#2434=EDGE_CURVE('',#2934,#2932,#2935,.T.);
#2435=EDGE_CURVE('',#2934,#2936,#2937,.T.);
#2436=EDGE_CURVE('',#2936,#2938,#2939,.T.);
#2437=EDGE_CURVE('',#2940,#2938,#2941,.T.);
#2438=EDGE_CURVE('',#2942,#2940,#2943,.T.);
#2439=EDGE_CURVE('',#2942,#2944,#2945,.T.);
#2440=EDGE_CURVE('',#2944,#2946,#2947,.T.);
#2441=EDGE_CURVE('',#2948,#2946,#2949,.T.);
#2442=EDGE_CURVE('',#2950,#2948,#2951,.T.);
#2443=EDGE_CURVE('',#2950,#2914,#2952,.T.);
#2444=EDGE_CURVE('',#2953,#2954,#2955,.T.);
#2445=EDGE_CURVE('',#2953,#2956,#2957,.T.);
#2446=EDGE_CURVE('',#2956,#2958,#2959,.T.);
#2447=EDGE_CURVE('',#2960,#2958,#2961,.T.);
#2448=EDGE_CURVE('',#2962,#2960,#2963,.T.);
#2449=EDGE_CURVE('',#2964,#2962,#2965,.T.);
#2450=EDGE_CURVE('',#2966,#2964,#2967,.T.);
#2451=EDGE_CURVE('',#2966,#2968,#2969,.T.);
#2452=EDGE_CURVE('',#2970,#2968,#2971,.T.);
#2453=EDGE_CURVE('',#2970,#2972,#2973,.T.);
#2454=EDGE_CURVE('',#2972,#2974,#2975,.T.);
#2455=EDGE_CURVE('',#2976,#2974,#2977,.T.);
#2456=EDGE_CURVE('',#2978,#2976,#2979,.T.);
#2457=EDGE_CURVE('',#2978,#2980,#2981,.T.);
#2458=EDGE_CURVE('',#2980,#2982,#2983,.T.);
#2459=EDGE_CURVE('',#2984,#2982,#2985,.T.);
#2460=EDGE_CURVE('',#2986,#2984,#2987,.T.);
#2461=EDGE_CURVE('',#2986,#2988,#2989,.T.);
#2462=EDGE_CURVE('',#2988,#2990,#2991,.T.);
#2463=EDGE_CURVE('',#2954,#2990,#2992,.T.);
#2464=EDGE_CURVE('',#2993,#2994,#2995,.T.);
#2465=EDGE_CURVE('',#2994,#2996,#2997,.T.);
#2466=EDGE_CURVE('',#2996,#2998,#2999,.T.);
#2467=EDGE_CURVE('',#3000,#2998,#3001,.T.);
#2468=EDGE_CURVE('',#3000,#3002,#3003,.T.);
#2469=EDGE_CURVE('',#3002,#3004,#3005,.T.);
#2470=EDGE_CURVE('',#3004,#3006,#3007,.T.);
#2471=EDGE_CURVE('',#3008,#3006,#3009,.T.);
#2472=EDGE_CURVE('',#3008,#3010,#3011,.T.);
#2473=EDGE_CURVE('',#3010,#3012,#3013,.T.);
#2474=EDGE_CURVE('',#3012,#3014,#3015,.T.);
#2475=EDGE_CURVE('',#3016,#3014,#3017,.T.);
#2476=EDGE_CURVE('',#3016,#3018,#3019,.T.);
#2477=EDGE_CURVE('',#3018,#3020,#3021,.T.);
#2478=EDGE_CURVE('',#3020,#3022,#3023,.T.);
#2479=EDGE_CURVE('',#3022,#3024,#3025,.T.);
#2480=EDGE_CURVE('',#3026,#3024,#3027,.T.);
#2481=EDGE_CURVE('',#3028,#3026,#3029,.T.);
#2482=EDGE_CURVE('',#3028,#3030,#3031,.T.);
#2483=EDGE_CURVE('',#2993,#3030,#3032,.T.);
#2484=EDGE_CURVE('',#3033,#3034,#3035,.T.);
#2485=EDGE_CURVE('',#3033,#2953,#3036,.T.);
#2486=EDGE_CURVE('',#3034,#2954,#3037,.T.);
#2487=EDGE_CURVE('',#2996,#3033,#3038,.T.);
#2488=EDGE_CURVE('',#2998,#3034,#3039,.T.);
#2489=EDGE_CURVE('',#3040,#3041,#3042,.T.);
#2490=EDGE_CURVE('',#3040,#2986,#3043,.T.);
#2491=EDGE_CURVE('',#3041,#2984,#3044,.T.);
#2492=EDGE_CURVE('',#3004,#3040,#3045,.T.);
#2493=EDGE_CURVE('',#3006,#3041,#3046,.T.);
#2494=EDGE_CURVE('',#3047,#3048,#3049,.T.);
#2495=EDGE_CURVE('',#3047,#2978,#3050,.T.);
#2496=EDGE_CURVE('',#3048,#2976,#3051,.T.);
#2497=EDGE_CURVE('',#3012,#3047,#3052,.T.);
#2498=EDGE_CURVE('',#3014,#3048,#3053,.T.);
#2499=EDGE_CURVE('',#3054,#3055,#3056,.T.);
#2500=EDGE_CURVE('',#3057,#3054,#3058,.T.);
#2501=EDGE_CURVE('',#3057,#3059,#3060,.T.);
#2502=EDGE_CURVE('',#3059,#3055,#3061,.T.);
#2503=EDGE_CURVE('',#3062,#3063,#3064,.T.);
#2504=EDGE_CURVE('',#3062,#3065,#3066,.T.);
#2505=EDGE_CURVE('',#3067,#3065,#3068,.T.);
#2506=EDGE_CURVE('',#3063,#3067,#3069,.T.);
#2507=EDGE_CURVE('',#3070,#3071,#3072,.T.);
#2508=EDGE_CURVE('',#3073,#3071,#3074,.T.);
#2509=EDGE_CURVE('',#3075,#3073,#3076,.T.);
#2510=EDGE_CURVE('',#3075,#3070,#3077,.T.);
#2511=EDGE_CURVE('',#3078,#3079,#3080,.T.);
#2512=EDGE_CURVE('',#3078,#3081,#3082,.T.);
#2513=EDGE_CURVE('',#3083,#3081,#3084,.T.);
#2514=EDGE_CURVE('',#3079,#3083,#3085,.T.);
#2515=EDGE_CURVE('',#3086,#3087,#3088,.T.);
#2516=EDGE_CURVE('',#3086,#2970,#3089,.T.);
#2517=EDGE_CURVE('',#2968,#3087,#3090,.T.);
#2518=EDGE_CURVE('',#3020,#3086,#3091,.T.);
#2519=EDGE_CURVE('',#3087,#3022,#3092,.T.);
#2520=EDGE_CURVE('',#3093,#3094,#3095,.T.);
#2521=EDGE_CURVE('',#3094,#3096,#3097,.T.);
#2522=EDGE_CURVE('',#3096,#3098,#3099,.T.);
#2523=EDGE_CURVE('',#3098,#3093,#3100,.T.);
#2524=EDGE_CURVE('',#3096,#3101,#3102,.T.);
#2525=EDGE_CURVE('',#3101,#3103,#3104,.T.);
#2526=EDGE_CURVE('',#3103,#3105,#3106,.T.);
#2527=EDGE_CURVE('',#3105,#3107,#3108,.T.);
#2528=EDGE_CURVE('',#3107,#3109,#3110,.T.);
#2529=EDGE_CURVE('',#3109,#3111,#3112,.T.);
#2530=EDGE_CURVE('',#3111,#3098,#3113,.T.);
#2531=EDGE_CURVE('',#3114,#3115,#3116,.T.);
#2532=EDGE_CURVE('',#3114,#3094,#3117,.T.);
#2533=EDGE_CURVE('',#3118,#3093,#3119,.T.);
#2534=EDGE_CURVE('',#3118,#3120,#3121,.T.);
#2535=EDGE_CURVE('',#3120,#3122,#3123,.T.);
#2536=EDGE_CURVE('',#3122,#3124,#3125,.T.);
#2537=EDGE_CURVE('',#3124,#3126,#3127,.T.);
#2538=EDGE_CURVE('',#3128,#3126,#3129,.T.);
#2539=EDGE_CURVE('',#3128,#3130,#3131,.T.);
#2540=EDGE_CURVE('',#3115,#3130,#3132,.T.);
#2541=EDGE_CURVE('',#3133,#3134,#3135,.T.);
#2542=EDGE_CURVE('',#3136,#3133,#3137,.T.);
#2543=EDGE_CURVE('',#3134,#3136,#3138,.T.);
#2544=EDGE_CURVE('',#3139,#3140,#3141,.T.);
#2545=EDGE_CURVE('',#3139,#3142,#3143,.T.);
#2546=EDGE_CURVE('',#3142,#3144,#3145,.T.);
#2547=EDGE_CURVE('',#3144,#3146,#3147,.T.);
#2548=EDGE_CURVE('',#3146,#3148,#3149,.T.);
#2549=EDGE_CURVE('',#3148,#3150,#3151,.T.);
#2550=EDGE_CURVE('',#3150,#3152,#3153,.T.);
#2551=EDGE_CURVE('',#3152,#3154,#3155,.T.);
#2552=EDGE_CURVE('',#3156,#3154,#3157,.T.);
#2553=EDGE_CURVE('',#3156,#3158,#3159,.T.);
#2554=EDGE_CURVE('',#3160,#3158,#3161,.T.);
#2555=EDGE_CURVE('',#3162,#3160,#3163,.T.);
#2556=EDGE_CURVE('',#3162,#3164,#3165,.T.);
#2557=EDGE_CURVE('',#3164,#3166,#3167,.T.);
#2558=EDGE_CURVE('',#3166,#3168,#3169,.T.);
#2559=EDGE_CURVE('',#3168,#3170,#3171,.T.);
#2560=EDGE_CURVE('',#3170,#3172,#3173,.T.);
#2561=EDGE_CURVE('',#3172,#3174,#3175,.T.);
#2562=EDGE_CURVE('',#3174,#3176,#3177,.T.);
#2563=EDGE_CURVE('',#3178,#3176,#3179,.T.);
#2564=EDGE_CURVE('',#3180,#3178,#3181,.T.);
#2565=EDGE_CURVE('',#3140,#3180,#3182,.T.);
#2566=EDGE_CURVE('',#3183,#3184,#3185,.T.);
#2567=EDGE_CURVE('',#3059,#3183,#3186,.T.);
#2568=EDGE_CURVE('',#3184,#3057,#3187,.T.);
#2569=EDGE_CURVE('',#3176,#3188,#3189,.T.);
#2570=EDGE_CURVE('',#3174,#3055,#3190,.T.);
#2571=EDGE_CURVE('',#3188,#3183,#3191,.T.);
#2572=EDGE_CURVE('',#3192,#3193,#3194,.T.);
#2573=EDGE_CURVE('',#3195,#3192,#3196,.T.);
#2574=EDGE_CURVE('',#3195,#3197,#3198,.T.);
#2575=EDGE_CURVE('',#3199,#3197,#3200,.T.);
#2576=EDGE_CURVE('',#3199,#3201,#3202,.T.);
#2577=EDGE_CURVE('',#3201,#3122,#3203,.T.);
#2578=EDGE_CURVE('',#3204,#3120,#3205,.T.);
#2579=EDGE_CURVE('',#3206,#3204,#3207,.T.);
#2580=EDGE_CURVE('',#3208,#3206,#3209,.T.);
#2581=EDGE_CURVE('',#3210,#3208,#3211,.T.);
#2582=EDGE_CURVE('',#3193,#3210,#3212,.T.);
#2583=EDGE_CURVE('',#3199,#3213,#3214,.T.);
#2584=EDGE_CURVE('',#3197,#3215,#3216,.T.);
#2585=EDGE_CURVE('',#3024,#3215,#3217,.T.);
#2586=EDGE_CURVE('',#3170,#2966,#3218,.T.);
#2587=EDGE_CURVE('',#3168,#3219,#3220,.T.);
#2588=EDGE_CURVE('',#3219,#3128,#3221,.T.);
#2589=EDGE_CURVE('',#3126,#3213,#3222,.T.);
#2590=EDGE_CURVE('',#3054,#3070,#3223,.T.);
#2591=EDGE_CURVE('',#3172,#2964,#3224,.T.);
#2592=EDGE_CURVE('',#2962,#3225,#3226,.T.);
#2593=EDGE_CURVE('',#3225,#3028,#3227,.T.);
#2594=EDGE_CURVE('',#3026,#3228,#3229,.T.);
#2595=EDGE_CURVE('',#3228,#3195,#3230,.T.);
#2596=EDGE_CURVE('',#3071,#3192,#3231,.T.);
#2597=EDGE_CURVE('',#3154,#3232,#3233,.T.);
#2598=EDGE_CURVE('',#3232,#3234,#3235,.T.);
#2599=EDGE_CURVE('',#3234,#3236,#3237,.T.);
#2600=EDGE_CURVE('',#3238,#3236,#3239,.T.);
#2601=EDGE_CURVE('',#3240,#3238,#3241,.T.);
#2602=EDGE_CURVE('',#3242,#3240,#3243,.T.);
#2603=EDGE_CURVE('',#3158,#3242,#3244,.T.);
#2604=EDGE_CURVE('',#3245,#3246,#3247,.T.);
#2605=EDGE_CURVE('',#3245,#3248,#3249,.T.);
#2606=EDGE_CURVE('',#3248,#3250,#3251,.T.);
#2607=EDGE_CURVE('',#3246,#3250,#3252,.T.);
#2608=EDGE_CURVE('',#3253,#3254,#3255,.T.);
#2609=EDGE_CURVE('',#3253,#3139,#3256,.T.);
#2610=EDGE_CURVE('',#3140,#3257,#3258,.T.);
#2611=EDGE_CURVE('',#3259,#3257,#3260,.T.);
#2612=EDGE_CURVE('',#3261,#3259,#3262,.T.);
#2613=EDGE_CURVE('',#3246,#3261,#3263,.T.);
#2614=EDGE_CURVE('',#3250,#3254,#3264,.T.);
#2615=EDGE_CURVE('',#3265,#3266,#3267,.T.);
#2616=EDGE_CURVE('',#3265,#3208,#3268,.T.);
#2617=EDGE_CURVE('',#3266,#3206,#3269,.T.);
#2618=EDGE_CURVE('',#3266,#3270,#3271,.T.);
#2619=EDGE_CURVE('',#3270,#3204,#3272,.T.);
#2620=EDGE_CURVE('',#3270,#3118,#3273,.T.);
#2621=EDGE_CURVE('',#3274,#3275,#3276,.T.);
#2622=EDGE_CURVE('',#3275,#3277,#3278,.T.);
#2623=EDGE_CURVE('',#3277,#3184,#3279,.T.);
#2624=EDGE_CURVE('',#3075,#3210,#3280,.T.);
#2625=EDGE_CURVE('',#3274,#3265,#3281,.T.);
#2626=EDGE_CURVE('',#3282,#2926,#3283,.T.);
#2627=EDGE_CURVE('',#3282,#3284,#3285,.T.);
#2628=EDGE_CURVE('',#3284,#2920,#3286,.T.);
#2629=EDGE_CURVE('',#3287,#2918,#3288,.T.);
#2630=EDGE_CURVE('',#3289,#3287,#3290,.T.);
#2631=EDGE_CURVE('',#3254,#3289,#3291,.T.);
#2632=EDGE_CURVE('',#3292,#3248,#3293,.T.);
#2633=EDGE_CURVE('',#3274,#3292,#3294,.T.);
#2634=EDGE_CURVE('',#3236,#3111,#3295,.T.);
#2635=EDGE_CURVE('',#3296,#3234,#3297,.T.);
#2636=EDGE_CURVE('',#3298,#3296,#3299,.T.);
#2637=EDGE_CURVE('',#2914,#3298,#3300,.T.);
#2638=EDGE_CURVE('',#3301,#2950,#3302,.T.);
#2639=EDGE_CURVE('',#3301,#3303,#3304,.T.);
#2640=EDGE_CURVE('',#3303,#2944,#3305,.T.);
#2641=EDGE_CURVE('',#3306,#2942,#3307,.T.);
#2642=EDGE_CURVE('',#3306,#3308,#3309,.T.);
#2643=EDGE_CURVE('',#3308,#2936,#3310,.T.);
#2644=EDGE_CURVE('',#3311,#2934,#3312,.T.);
#2645=EDGE_CURVE('',#3311,#3313,#3314,.T.);
#2646=EDGE_CURVE('',#3313,#2928,#3315,.T.);
#2647=EDGE_CURVE('',#3180,#3316,#3317,.T.);
#2648=EDGE_CURVE('',#3316,#3257,#3318,.T.);
#2649=EDGE_CURVE('',#3319,#3320,#3321,.T.);
#2650=EDGE_CURVE('',#3320,#3322,#3323,.T.);
#2651=EDGE_CURVE('',#3322,#3292,#3324,.T.);
#2652=EDGE_CURVE('',#3245,#3325,#3326,.T.);
#2653=EDGE_CURVE('',#3325,#3327,#3328,.T.);
#2654=EDGE_CURVE('',#3327,#3319,#3329,.T.);
#2655=EDGE_CURVE('',#3322,#3275,#3330,.T.);
#2656=EDGE_CURVE('',#3109,#3238,#3331,.T.);
#2657=EDGE_CURVE('',#3232,#3332,#3333,.T.);
#2658=EDGE_CURVE('',#3332,#3296,#3334,.T.);
#2659=EDGE_CURVE('',#3332,#3335,#3336,.T.);
#2660=EDGE_CURVE('',#3335,#3337,#3338,.T.);
#2661=EDGE_CURVE('',#3337,#3339,#3340,.T.);
#2662=EDGE_CURVE('',#3339,#3298,#3341,.T.);
#2663=EDGE_CURVE('',#3339,#2913,#3342,.T.);
#2664=EDGE_CURVE('',#2916,#3343,#3344,.T.);
#2665=EDGE_CURVE('',#3343,#3287,#3345,.T.);
#2666=EDGE_CURVE('',#3346,#3347,#3348,.T.);
#2667=EDGE_CURVE('',#3347,#3349,#3350,.T.);
#2668=EDGE_CURVE('',#3349,#3289,#3351,.T.);
#2669=EDGE_CURVE('',#3343,#3346,#3352,.T.);
#2670=EDGE_CURVE('',#3349,#3253,#3353,.T.);
#2671=EDGE_CURVE('',#3354,#3355,#3356,.T.);
#2672=EDGE_CURVE('',#3355,#3115,#3357,.T.);
#2673=EDGE_CURVE('',#3354,#3130,#3358,.T.);
#2674=EDGE_CURVE('',#3166,#3359,#3360,.T.);
#2675=EDGE_CURVE('',#3359,#3355,#3361,.T.);
#2676=EDGE_CURVE('',#3219,#3354,#3362,.T.);
#2677=EDGE_CURVE('',#3363,#3364,#3365,.T.);
#2678=EDGE_CURVE('',#3363,#3366,#3367,.T.);
#2679=EDGE_CURVE('',#3366,#3368,#3369,.T.);
#2680=EDGE_CURVE('',#3368,#3364,#3370,.T.);
#2681=EDGE_CURVE('',#3371,#2960,#3372,.T.);
#2682=EDGE_CURVE('',#3225,#3371,#3373,.T.);
#2683=EDGE_CURVE('',#3030,#3371,#3374,.T.);
#2684=EDGE_CURVE('',#3215,#3228,#3375,.T.);
#2685=EDGE_CURVE('',#3325,#3261,#3376,.T.);
#2686=EDGE_CURVE('',#3327,#3259,#3377,.T.);
#2687=EDGE_CURVE('',#3178,#3316,#3378,.T.);
#2688=EDGE_CURVE('',#3379,#3188,#3380,.T.);
#2689=EDGE_CURVE('',#3379,#3319,#3381,.T.);
#2690=EDGE_CURVE('',#3105,#3242,#3382,.T.);
#2691=EDGE_CURVE('',#3107,#3240,#3383,.T.);
#2692=EDGE_CURVE('',#3103,#3384,#3385,.T.);
#2693=EDGE_CURVE('',#3384,#3359,#3386,.T.);
#2694=EDGE_CURVE('',#3164,#3160,#3387,.T.);
#2695=EDGE_CURVE('',#3193,#3073,#3388,.T.);
#2696=EDGE_CURVE('',#3389,#3201,#3390,.T.);
#2697=EDGE_CURVE('',#3124,#3389,#3391,.T.);
#2698=EDGE_CURVE('',#3389,#3213,#3392,.T.);
#2699=EDGE_CURVE('',#3393,#3394,#3395,.T.);
#2700=EDGE_CURVE('',#3393,#3396,#3397,.T.);
#2701=EDGE_CURVE('',#3396,#3398,#3399,.T.);
#2702=EDGE_CURVE('',#3398,#3394,#3400,.T.);
#2703=EDGE_CURVE('',#3384,#3401,#3402,.T.);
#2704=EDGE_CURVE('',#3401,#3114,#3403,.T.);
#2705=EDGE_CURVE('',#3277,#3404,#3405,.T.);
#2706=EDGE_CURVE('',#3404,#3379,#3406,.T.);
#2707=EDGE_CURVE('',#3407,#3408,#3409,.T.);
#2708=EDGE_CURVE('',#3410,#3408,#3411,.T.);
#2709=EDGE_CURVE('',#3412,#3410,#3413,.T.);
#2710=EDGE_CURVE('',#3412,#3407,#3414,.T.);
#2711=EDGE_CURVE('',#3408,#3415,#3416,.T.);
#2712=EDGE_CURVE('',#3417,#3415,#3418,.T.);
#2713=EDGE_CURVE('',#3410,#3417,#3419,.T.);
#2714=EDGE_CURVE('',#3415,#3420,#3421,.T.);
#2715=EDGE_CURVE('',#3422,#3420,#3423,.T.);
#2716=EDGE_CURVE('',#3417,#3422,#3424,.T.);
#2717=EDGE_CURVE('',#3420,#3425,#3426,.T.);
#2718=EDGE_CURVE('',#3427,#3425,#3428,.T.);
#2719=EDGE_CURVE('',#3422,#3427,#3429,.T.);
#2720=EDGE_CURVE('',#3425,#3430,#3431,.T.);
#2721=EDGE_CURVE('',#3432,#3430,#3433,.T.);
#2722=EDGE_CURVE('',#3427,#3432,#3434,.T.);
#2723=EDGE_CURVE('',#3430,#3435,#3436,.T.);
#2724=EDGE_CURVE('',#3437,#3435,#3438,.T.);
#2725=EDGE_CURVE('',#3432,#3437,#3439,.T.);
#2726=EDGE_CURVE('',#3435,#3440,#3441,.T.);
#2727=EDGE_CURVE('',#3442,#3440,#3443,.T.);
#2728=EDGE_CURVE('',#3437,#3442,#3444,.T.);
#2729=EDGE_CURVE('',#3440,#3445,#3446,.T.);
#2730=EDGE_CURVE('',#3447,#3445,#3448,.T.);
#2731=EDGE_CURVE('',#3442,#3447,#3449,.T.);
#2732=EDGE_CURVE('',#3018,#3412,#3450,.T.);
#2733=EDGE_CURVE('',#3447,#2972,#3451,.T.);
#2734=EDGE_CURVE('',#3445,#2974,#3452,.T.);
#2735=EDGE_CURVE('',#3016,#3407,#3453,.T.);
#2736=EDGE_CURVE('',#2948,#3454,#3455,.T.);
#2737=EDGE_CURVE('',#2946,#3456,#3457,.T.);
#2738=EDGE_CURVE('',#3454,#3456,#3458,.T.);
#2739=EDGE_CURVE('',#3454,#3301,#3459,.T.);
#2740=EDGE_CURVE('',#3456,#3303,#3460,.T.);
#2741=EDGE_CURVE('',#3461,#3462,#3463,.T.);
#2742=EDGE_CURVE('',#3464,#3462,#3465,.T.);
#2743=EDGE_CURVE('',#3466,#3464,#3467,.T.);
#2744=EDGE_CURVE('',#3466,#3461,#3468,.T.);
#2745=EDGE_CURVE('',#3462,#3469,#3470,.T.);
#2746=EDGE_CURVE('',#3471,#3469,#3472,.T.);
#2747=EDGE_CURVE('',#3464,#3471,#3473,.T.);
#2748=EDGE_CURVE('',#3469,#3474,#3475,.T.);
#2749=EDGE_CURVE('',#3476,#3474,#3477,.T.);
#2750=EDGE_CURVE('',#3471,#3476,#3478,.T.);
#2751=EDGE_CURVE('',#3474,#3396,#3479,.T.);
#2752=EDGE_CURVE('',#3398,#3461,#3480,.T.);
#2753=EDGE_CURVE('',#3476,#3393,#3481,.T.);
#2754=EDGE_CURVE('',#3394,#3466,#3482,.T.);
#2755=EDGE_CURVE('',#3368,#3483,#3484,.T.);
#2756=EDGE_CURVE('',#3485,#3483,#3486,.T.);
#2757=EDGE_CURVE('',#3364,#3485,#3487,.T.);
#2758=EDGE_CURVE('',#3488,#3363,#3489,.T.);
#2759=EDGE_CURVE('',#3485,#3490,#3491,.T.);
#2760=EDGE_CURVE('',#3490,#3492,#3493,.T.);
#2761=EDGE_CURVE('',#3492,#3488,#3494,.T.);
#2762=EDGE_CURVE('',#3495,#3366,#3496,.T.);
#2763=EDGE_CURVE('',#3497,#3495,#3498,.T.);
#2764=EDGE_CURVE('',#3499,#3497,#3500,.T.);
#2765=EDGE_CURVE('',#3483,#3499,#3501,.T.);
#2766=EDGE_CURVE('',#3492,#3497,#3502,.T.);
#2767=EDGE_CURVE('',#3490,#3499,#3503,.T.);
#2768=EDGE_CURVE('',#3488,#3495,#3504,.T.);
#2769=EDGE_CURVE('',#3505,#3506,#3507,.T.);
#2770=EDGE_CURVE('',#3508,#3505,#3509,.T.);
#2771=EDGE_CURVE('',#3508,#3510,#3511,.T.);
#2772=EDGE_CURVE('',#3510,#3506,#3512,.T.);
#2773=EDGE_CURVE('',#3513,#3505,#3514,.T.);
#2774=EDGE_CURVE('',#3515,#3513,#3516,.T.);
#2775=EDGE_CURVE('',#3515,#3508,#3517,.T.);
#2776=EDGE_CURVE('',#3518,#3513,#3519,.T.);
#2777=EDGE_CURVE('',#3520,#3518,#3521,.T.);
#2778=EDGE_CURVE('',#3520,#3515,#3522,.T.);
#2779=EDGE_CURVE('',#3506,#3079,#3523,.T.);
#2780=EDGE_CURVE('',#3083,#3518,#3524,.T.);
#2781=EDGE_CURVE('',#3510,#3078,#3525,.T.);
#2782=EDGE_CURVE('',#3081,#3520,#3526,.T.);
#2783=EDGE_CURVE('',#3067,#3527,#3528,.T.);
#2784=EDGE_CURVE('',#3065,#3529,#3530,.T.);
#2785=EDGE_CURVE('',#3529,#3527,#3531,.T.);
#2786=EDGE_CURVE('',#3532,#3062,#3533,.T.);
#2787=EDGE_CURVE('',#3534,#3532,#3535,.T.);
#2788=EDGE_CURVE('',#3536,#3534,#3537,.T.);
#2789=EDGE_CURVE('',#3529,#3536,#3538,.T.);
#2790=EDGE_CURVE('',#3539,#3063,#3540,.T.);
#2791=EDGE_CURVE('',#3527,#3541,#3542,.T.);
#2792=EDGE_CURVE('',#3541,#3543,#3544,.T.);
#2793=EDGE_CURVE('',#3543,#3539,#3545,.T.);
#2794=EDGE_CURVE('',#3536,#3541,#3546,.T.);
#2795=EDGE_CURVE('',#3534,#3543,#3547,.T.);
#2796=EDGE_CURVE('',#3532,#3539,#3548,.T.);
#2797=EDGE_CURVE('',#3549,#3550,#3551,.T.);
#2798=EDGE_CURVE('',#3552,#3550,#3553,.T.);
#2799=EDGE_CURVE('',#3554,#3552,#3555,.T.);
#2800=EDGE_CURVE('',#3554,#3549,#3556,.T.);
#2801=EDGE_CURVE('',#3550,#3557,#3558,.T.);
#2802=EDGE_CURVE('',#3559,#3557,#3560,.T.);
#2803=EDGE_CURVE('',#3552,#3559,#3561,.T.);
#2804=EDGE_CURVE('',#3557,#3562,#3563,.T.);
#2805=EDGE_CURVE('',#3564,#3562,#3565,.T.);
#2806=EDGE_CURVE('',#3559,#3564,#3566,.T.);
#2807=EDGE_CURVE('',#3562,#3567,#3568,.T.);
#2808=EDGE_CURVE('',#3569,#3567,#3570,.T.);
#2809=EDGE_CURVE('',#3564,#3569,#3571,.T.);
#2810=EDGE_CURVE('',#3567,#3572,#3573,.T.);
#2811=EDGE_CURVE('',#3574,#3572,#3575,.T.);
#2812=EDGE_CURVE('',#3569,#3574,#3576,.T.);
#2813=EDGE_CURVE('',#3572,#3577,#3578,.T.);
#2814=EDGE_CURVE('',#3579,#3577,#3580,.T.);
#2815=EDGE_CURVE('',#3574,#3579,#3581,.T.);
#2816=EDGE_CURVE('',#3577,#3582,#3583,.T.);
#2817=EDGE_CURVE('',#3584,#3582,#3585,.T.);
#2818=EDGE_CURVE('',#3579,#3584,#3586,.T.);
#2819=EDGE_CURVE('',#3582,#3587,#3588,.T.);
#2820=EDGE_CURVE('',#3589,#3587,#3590,.T.);
#2821=EDGE_CURVE('',#3584,#3589,#3591,.T.);
#2822=EDGE_CURVE('',#3010,#3554,#3592,.T.);
#2823=EDGE_CURVE('',#3589,#2980,#3593,.T.);
#2824=EDGE_CURVE('',#3587,#2982,#3594,.T.);
#2825=EDGE_CURVE('',#3008,#3549,#3595,.T.);
#2826=EDGE_CURVE('',#2940,#3596,#3597,.T.);
#2827=EDGE_CURVE('',#2938,#3598,#3599,.T.);
#2828=EDGE_CURVE('',#3596,#3598,#3600,.T.);
#2829=EDGE_CURVE('',#3596,#3306,#3601,.T.);
#2830=EDGE_CURVE('',#3598,#3308,#3602,.T.);
#2831=EDGE_CURVE('',#3603,#3604,#3605,.T.);
#2832=EDGE_CURVE('',#3606,#3604,#3607,.T.);
#2833=EDGE_CURVE('',#3608,#3606,#3609,.T.);
#2834=EDGE_CURVE('',#3608,#3603,#3610,.T.);
#2835=EDGE_CURVE('',#3604,#3611,#3612,.T.);
#2836=EDGE_CURVE('',#3613,#3611,#3614,.T.);
#2837=EDGE_CURVE('',#3606,#3613,#3615,.T.);
#2838=EDGE_CURVE('',#3611,#3616,#3617,.T.);
#2839=EDGE_CURVE('',#3618,#3616,#3619,.T.);
#2840=EDGE_CURVE('',#3613,#3618,#3620,.T.);
#2841=EDGE_CURVE('',#3616,#3621,#3622,.T.);
#2842=EDGE_CURVE('',#3623,#3621,#3624,.T.);
#2843=EDGE_CURVE('',#3618,#3623,#3625,.T.);
#2844=EDGE_CURVE('',#3621,#3626,#3627,.T.);
#2845=EDGE_CURVE('',#3628,#3626,#3629,.T.);
#2846=EDGE_CURVE('',#3623,#3628,#3630,.T.);
#2847=EDGE_CURVE('',#3626,#3631,#3632,.T.);
#2848=EDGE_CURVE('',#3633,#3631,#3634,.T.);
#2849=EDGE_CURVE('',#3628,#3633,#3635,.T.);
#2850=EDGE_CURVE('',#3631,#3636,#3637,.T.);
#2851=EDGE_CURVE('',#3638,#3636,#3639,.T.);
#2852=EDGE_CURVE('',#3633,#3638,#3640,.T.);
#2853=EDGE_CURVE('',#3636,#3641,#3642,.T.);
#2854=EDGE_CURVE('',#3643,#3641,#3644,.T.);
#2855=EDGE_CURVE('',#3638,#3643,#3645,.T.);
#2856=EDGE_CURVE('',#3002,#3608,#3646,.T.);
#2857=EDGE_CURVE('',#3643,#2988,#3647,.T.);
#2858=EDGE_CURVE('',#3641,#2990,#3648,.T.);
#2859=EDGE_CURVE('',#3000,#3603,#3649,.T.);
#2860=EDGE_CURVE('',#2932,#3650,#3651,.T.);
#2861=EDGE_CURVE('',#2930,#3652,#3653,.T.);
#2862=EDGE_CURVE('',#3650,#3652,#3654,.T.);
#2863=EDGE_CURVE('',#3650,#3311,#3655,.T.);
#2864=EDGE_CURVE('',#3652,#3313,#3656,.T.);
#2865=EDGE_CURVE('',#3657,#3658,#3659,.T.);
#2866=EDGE_CURVE('',#3660,#3658,#3661,.T.);
#2867=EDGE_CURVE('',#3662,#3660,#3663,.T.);
#2868=EDGE_CURVE('',#3662,#3657,#3664,.T.);
#2869=EDGE_CURVE('',#3658,#3665,#3666,.T.);
#2870=EDGE_CURVE('',#3667,#3665,#3668,.T.);
#2871=EDGE_CURVE('',#3660,#3667,#3669,.T.);
#2872=EDGE_CURVE('',#3665,#3670,#3671,.T.);
#2873=EDGE_CURVE('',#3672,#3670,#3673,.T.);
#2874=EDGE_CURVE('',#3667,#3672,#3674,.T.);
#2875=EDGE_CURVE('',#3670,#3675,#3676,.T.);
#2876=EDGE_CURVE('',#3677,#3675,#3678,.T.);
#2877=EDGE_CURVE('',#3672,#3677,#3679,.T.);
#2878=EDGE_CURVE('',#3675,#3680,#3681,.T.);
#2879=EDGE_CURVE('',#3682,#3680,#3683,.T.);
#2880=EDGE_CURVE('',#3677,#3682,#3684,.T.);
#2881=EDGE_CURVE('',#3680,#3685,#3686,.T.);
#2882=EDGE_CURVE('',#3687,#3685,#3688,.T.);
#2883=EDGE_CURVE('',#3682,#3687,#3689,.T.);
#2884=EDGE_CURVE('',#3685,#3690,#3691,.T.);
#2885=EDGE_CURVE('',#3692,#3690,#3693,.T.);
#2886=EDGE_CURVE('',#3687,#3692,#3694,.T.);
#2887=EDGE_CURVE('',#3690,#3695,#3696,.T.);
#2888=EDGE_CURVE('',#3697,#3695,#3698,.T.);
#2889=EDGE_CURVE('',#3692,#3697,#3699,.T.);
#2890=EDGE_CURVE('',#2994,#3662,#3700,.T.);
#2891=EDGE_CURVE('',#3697,#2956,#3701,.T.);
#2892=EDGE_CURVE('',#3695,#2958,#3702,.T.);
#2893=EDGE_CURVE('',#2993,#3657,#3703,.T.);
#2894=EDGE_CURVE('',#2924,#3704,#3705,.T.);
#2895=EDGE_CURVE('',#2922,#3706,#3707,.T.);
#2896=EDGE_CURVE('',#3704,#3706,#3708,.T.);
#2897=EDGE_CURVE('',#3704,#3282,#3709,.T.);
#2898=EDGE_CURVE('',#3706,#3284,#3710,.T.);
#2899=EDGE_CURVE('',#3320,#3404,#3711,.T.);
#2900=EDGE_CURVE('',#3401,#3101,#3712,.T.);
#2901=EDGE_CURVE('',#3335,#3152,#3713,.T.);
#2902=EDGE_CURVE('',#3337,#3150,#3714,.T.);
#2903=EDGE_CURVE('',#2913,#3148,#3715,.T.);
#2904=EDGE_CURVE('',#2916,#3146,#3716,.T.);
#2905=EDGE_CURVE('',#3346,#3144,#3717,.T.);
#2906=EDGE_CURVE('',#3347,#3142,#3718,.T.);
#2907=EDGE_CURVE('',#3134,#3719,#3720,.T.);
#2908=EDGE_CURVE('',#3719,#3721,#3722,.T.);
#2909=EDGE_CURVE('',#3133,#3721,#3723,.T.);
#2910=EDGE_CURVE('',#3136,#3724,#3725,.T.);
#2911=EDGE_CURVE('',#3724,#3719,#3726,.T.);
#2912=EDGE_CURVE('',#3721,#3724,#3727,.T.);
#2913=VERTEX_POINT('',#3728);
#2914=VERTEX_POINT('',#3729);
#2915=LINE('',#3730,#3731);
#2916=VERTEX_POINT('',#3732);
#2917=LINE('',#3733,#3734);
#2918=VERTEX_POINT('',#3735);
#2919=LINE('',#3736,#3737);
#2920=VERTEX_POINT('',#3738);
#2921=LINE('',#3739,#3740);
#2922=VERTEX_POINT('',#3741);
#2923=LINE('',#3742,#3743);
#2924=VERTEX_POINT('',#3744);
#2925=LINE('',#3745,#3746);
#2926=VERTEX_POINT('',#3747);
#2927=LINE('',#3748,#3749);
#2928=VERTEX_POINT('',#3750);
#2929=LINE('',#3751,#3752);
#2930=VERTEX_POINT('',#3753);
#2931=LINE('',#3754,#3755);
#2932=VERTEX_POINT('',#3756);
#2933=LINE('',#3757,#3758);
#2934=VERTEX_POINT('',#3759);
#2935=LINE('',#3760,#3761);
#2936=VERTEX_POINT('',#3762);
#2937=LINE('',#3763,#3764);
#2938=VERTEX_POINT('',#3765);
#2939=LINE('',#3766,#3767);
#2940=VERTEX_POINT('',#3768);
#2941=LINE('',#3769,#3770);
#2942=VERTEX_POINT('',#3771);
#2943=LINE('',#3772,#3773);
#2944=VERTEX_POINT('',#3774);
#2945=LINE('',#3775,#3776);
#2946=VERTEX_POINT('',#3777);
#2947=LINE('',#3778,#3779);
#2948=VERTEX_POINT('',#3780);
#2949=LINE('',#3781,#3782);
#2950=VERTEX_POINT('',#3783);
#2951=LINE('',#3784,#3785);
#2952=LINE('',#3786,#3787);
#2953=VERTEX_POINT('',#3788);
#2954=VERTEX_POINT('',#3789);
#2955=LINE('',#3790,#3791);
#2956=VERTEX_POINT('',#3792);
#2957=LINE('',#3793,#3794);
#2958=VERTEX_POINT('',#3795);
#2959=LINE('',#3796,#3797);
#2960=VERTEX_POINT('',#3798);
#2961=LINE('',#3799,#3800);
#2962=VERTEX_POINT('',#3801);
#2963=LINE('',#3802,#3803);
#2964=VERTEX_POINT('',#3804);
#2965=LINE('',#3805,#3806);
#2966=VERTEX_POINT('',#3807);
#2967=LINE('',#3808,#3809);
#2968=VERTEX_POINT('',#3810);
#2969=LINE('',#3811,#3812);
#2970=VERTEX_POINT('',#3813);
#2971=LINE('',#3814,#3815);
#2972=VERTEX_POINT('',#3816);
#2973=LINE('',#3817,#3818);
#2974=VERTEX_POINT('',#3819);
#2975=LINE('',#3820,#3821);
#2976=VERTEX_POINT('',#3822);
#2977=LINE('',#3823,#3824);
#2978=VERTEX_POINT('',#3825);
#2979=LINE('',#3826,#3827);
#2980=VERTEX_POINT('',#3828);
#2981=LINE('',#3829,#3830);
#2982=VERTEX_POINT('',#3831);
#2983=LINE('',#3832,#3833);
#2984=VERTEX_POINT('',#3834);
#2985=LINE('',#3835,#3836);
#2986=VERTEX_POINT('',#3837);
#2987=LINE('',#3838,#3839);
#2988=VERTEX_POINT('',#3840);
#2989=LINE('',#3841,#3842);
#2990=VERTEX_POINT('',#3843);
#2991=LINE('',#3844,#3845);
#2992=LINE('',#3846,#3847);
#2993=VERTEX_POINT('',#3848);
#2994=VERTEX_POINT('',#3849);
#2995=LINE('',#3850,#3851);
#2996=VERTEX_POINT('',#3852);
#2997=LINE('',#3853,#3854);
#2998=VERTEX_POINT('',#3855);
#2999=LINE('',#3856,#3857);
#3000=VERTEX_POINT('',#3858);
#3001=LINE('',#3859,#3860);
#3002=VERTEX_POINT('',#3861);
#3003=LINE('',#3862,#3863);
#3004=VERTEX_POINT('',#3864);
#3005=LINE('',#3865,#3866);
#3006=VERTEX_POINT('',#3867);
#3007=LINE('',#3868,#3869);
#3008=VERTEX_POINT('',#3870);
#3009=LINE('',#3871,#3872);
#3010=VERTEX_POINT('',#3873);
#3011=LINE('',#3874,#3875);
#3012=VERTEX_POINT('',#3876);
#3013=LINE('',#3877,#3878);
#3014=VERTEX_POINT('',#3879);
#3015=LINE('',#3880,#3881);
#3016=VERTEX_POINT('',#3882);
#3017=LINE('',#3883,#3884);
#3018=VERTEX_POINT('',#3885);
#3019=LINE('',#3886,#3887);
#3020=VERTEX_POINT('',#3888);
#3021=LINE('',#3889,#3890);
#3022=VERTEX_POINT('',#3891);
#3023=LINE('',#3892,#3893);
#3024=VERTEX_POINT('',#3894);
#3025=LINE('',#3895,#3896);
#3026=VERTEX_POINT('',#3897);
#3027=LINE('',#3898,#3899);
#3028=VERTEX_POINT('',#3900);
#3029=LINE('',#3901,#3902);
#3030=VERTEX_POINT('',#3903);
#3031=LINE('',#3904,#3905);
#3032=LINE('',#3906,#3907);
#3033=VERTEX_POINT('',#3908);
#3034=VERTEX_POINT('',#3909);
#3035=LINE('',#3910,#3911);
#3036=LINE('',#3912,#3913);
#3037=LINE('',#3914,#3915);
#3038=LINE('',#3916,#3917);
#3039=LINE('',#3918,#3919);
#3040=VERTEX_POINT('',#3920);
#3041=VERTEX_POINT('',#3921);
#3042=LINE('',#3922,#3923);
#3043=LINE('',#3924,#3925);
#3044=LINE('',#3926,#3927);
#3045=LINE('',#3928,#3929);
#3046=LINE('',#3930,#3931);
#3047=VERTEX_POINT('',#3932);
#3048=VERTEX_POINT('',#3933);
#3049=LINE('',#3934,#3935);
#3050=LINE('',#3936,#3937);
#3051=LINE('',#3938,#3939);
#3052=LINE('',#3940,#3941);
#3053=LINE('',#3942,#3943);
#3054=VERTEX_POINT('',#3944);
#3055=VERTEX_POINT('',#3945);
#3056=LINE('',#3946,#3947);
#3057=VERTEX_POINT('',#3948);
#3058=LINE('',#3949,#3950);
#3059=VERTEX_POINT('',#3951);
#3060=LINE('',#3952,#3953);
#3061=LINE('',#3954,#3955);
#3062=VERTEX_POINT('',#3956);
#3063=VERTEX_POINT('',#3957);
#3064=LINE('',#3958,#3959);
#3065=VERTEX_POINT('',#3960);
#3066=LINE('',#3961,#3962);
#3067=VERTEX_POINT('',#3963);
#3068=LINE('',#3964,#3965);
#3069=LINE('',#3966,#3967);
#3070=VERTEX_POINT('',#3968);
#3071=VERTEX_POINT('',#3969);
#3072=LINE('',#3970,#3971);
#3073=VERTEX_POINT('',#3972);
#3074=LINE('',#3973,#3974);
#3075=VERTEX_POINT('',#3975);
#3076=LINE('',#3976,#3977);
#3077=LINE('',#3978,#3979);
#3078=VERTEX_POINT('',#3980);
#3079=VERTEX_POINT('',#3981);
#3080=LINE('',#3982,#3983);
#3081=VERTEX_POINT('',#3984);
#3082=LINE('',#3985,#3986);
#3083=VERTEX_POINT('',#3987);
#3084=LINE('',#3988,#3989);
#3085=LINE('',#3990,#3991);
#3086=VERTEX_POINT('',#3992);
#3087=VERTEX_POINT('',#3993);
#3088=LINE('',#3994,#3995);
#3089=LINE('',#3996,#3997);
#3090=LINE('',#3998,#3999);
#3091=LINE('',#4000,#4001);
#3092=LINE('',#4002,#4003);
#3093=VERTEX_POINT('',#4004);
#3094=VERTEX_POINT('',#4005);
#3095=LINE('',#4006,#4007);
#3096=VERTEX_POINT('',#4008);
#3097=LINE('',#4009,#4010);
#3098=VERTEX_POINT('',#4011);
#3099=LINE('',#4012,#4013);
#3100=LINE('',#4014,#4015);
#3101=VERTEX_POINT('',#4016);
#3102=LINE('',#4017,#4018);
#3103=VERTEX_POINT('',#4019);
#3104=LINE('',#4020,#4021);
#3105=VERTEX_POINT('',#4022);
#3106=LINE('',#4023,#4024);
#3107=VERTEX_POINT('',#4025);
#3108=LINE('',#4026,#4027);
#3109=VERTEX_POINT('',#4028);
#3110=LINE('',#4029,#4030);
#3111=VERTEX_POINT('',#4031);
#3112=LINE('',#4032,#4033);
#3113=LINE('',#4034,#4035);
#3114=VERTEX_POINT('',#4036);
#3115=VERTEX_POINT('',#4037);
#3116=LINE('',#4038,#4039);
#3117=LINE('',#4040,#4041);
#3118=VERTEX_POINT('',#4042);
#3119=LINE('',#4043,#4044);
#3120=VERTEX_POINT('',#4045);
#3121=LINE('',#4046,#4047);
#3122=VERTEX_POINT('',#4048);
#3123=LINE('',#4049,#4050);
#3124=VERTEX_POINT('',#4051);
#3125=LINE('',#4052,#4053);
#3126=VERTEX_POINT('',#4054);
#3127=LINE('',#4055,#4056);
#3128=VERTEX_POINT('',#4057);
#3129=LINE('',#4058,#4059);
#3130=VERTEX_POINT('',#4060);
#3131=LINE('',#4061,#4062);
#3132=LINE('',#4063,#4064);
#3133=VERTEX_POINT('',#4065);
#3134=VERTEX_POINT('',#4066);
#3135=LINE('',#4067,#4068);
#3136=VERTEX_POINT('',#4069);
#3137=LINE('',#4070,#4071);
#3138=LINE('',#4072,#4073);
#3139=VERTEX_POINT('',#4074);
#3140=VERTEX_POINT('',#4075);
#3141=LINE('',#4076,#4077);
#3142=VERTEX_POINT('',#4078);
#3143=LINE('',#4079,#4080);
#3144=VERTEX_POINT('',#4081);
#3145=LINE('',#4082,#4083);
#3146=VERTEX_POINT('',#4084);
#3147=LINE('',#4085,#4086);
#3148=VERTEX_POINT('',#4087);
#3149=LINE('',#4088,#4089);
#3150=VERTEX_POINT('',#4090);
#3151=LINE('',#4091,#4092);
#3152=VERTEX_POINT('',#4093);
#3153=LINE('',#4094,#4095);
#3154=VERTEX_POINT('',#4096);
#3155=LINE('',#4097,#4098);
#3156=VERTEX_POINT('',#4099);
#3157=LINE('',#4100,#4101);
#3158=VERTEX_POINT('',#4102);
#3159=LINE('',#4103,#4104);
#3160=VERTEX_POINT('',#4105);
#3161=LINE('',#4106,#4107);
#3162=VERTEX_POINT('',#4108);
#3163=LINE('',#4109,#4110);
#3164=VERTEX_POINT('',#4111);
#3165=LINE('',#4112,#4113);
#3166=VERTEX_POINT('',#4114);
#3167=LINE('',#4115,#4116);
#3168=VERTEX_POINT('',#4117);
#3169=LINE('',#4118,#4119);
#3170=VERTEX_POINT('',#4120);
#3171=LINE('',#4121,#4122);
#3172=VERTEX_POINT('',#4123);
#3173=LINE('',#4124,#4125);
#3174=VERTEX_POINT('',#4126);
#3175=LINE('',#4127,#4128);
#3176=VERTEX_POINT('',#4129);
#3177=LINE('',#4130,#4131);
#3178=VERTEX_POINT('',#4132);
#3179=LINE('',#4133,#4134);
#3180=VERTEX_POINT('',#4135);
#3181=LINE('',#4136,#4137);
#3182=LINE('',#4138,#4139);
#3183=VERTEX_POINT('',#4140);
#3184=VERTEX_POINT('',#4141);
#3185=LINE('',#4142,#4143);
#3186=LINE('',#4144,#4145);
#3187=LINE('',#4146,#4147);
#3188=VERTEX_POINT('',#4148);
#3189=LINE('',#4149,#4150);
#3190=LINE('',#4151,#4152);
#3191=LINE('',#4153,#4154);
#3192=VERTEX_POINT('',#4155);
#3193=VERTEX_POINT('',#4156);
#3194=LINE('',#4157,#4158);
#3195=VERTEX_POINT('',#4159);
#3196=LINE('',#4160,#4161);
#3197=VERTEX_POINT('',#4162);
#3198=LINE('',#4163,#4164);
#3199=VERTEX_POINT('',#4165);
#3200=LINE('',#4166,#4167);
#3201=VERTEX_POINT('',#4168);
#3202=LINE('',#4169,#4170);
#3203=LINE('',#4171,#4172);
#3204=VERTEX_POINT('',#4173);
#3205=LINE('',#4174,#4175);
#3206=VERTEX_POINT('',#4176);
#3207=LINE('',#4177,#4178);
#3208=VERTEX_POINT('',#4179);
#3209=LINE('',#4180,#4181);
#3210=VERTEX_POINT('',#4182);
#3211=LINE('',#4183,#4184);
#3212=LINE('',#4185,#4186);
#3213=VERTEX_POINT('',#4187);
#3214=LINE('',#4188,#4189);
#3215=VERTEX_POINT('',#4190);
#3216=LINE('',#4191,#4192);
#3217=LINE('',#4193,#4194);
#3218=LINE('',#4195,#4196);
#3219=VERTEX_POINT('',#4197);
#3220=LINE('',#4198,#4199);
#3221=LINE('',#4200,#4201);
#3222=LINE('',#4202,#4203);
#3223=LINE('',#4204,#4205);
#3224=LINE('',#4206,#4207);
#3225=VERTEX_POINT('',#4208);
#3226=LINE('',#4209,#4210);
#3227=LINE('',#4211,#4212);
#3228=VERTEX_POINT('',#4213);
#3229=LINE('',#4214,#4215);
#3230=LINE('',#4216,#4217);
#3231=LINE('',#4218,#4219);
#3232=VERTEX_POINT('',#4220);
#3233=LINE('',#4221,#4222);
#3234=VERTEX_POINT('',#4223);
#3235=LINE('',#4224,#4225);
#3236=VERTEX_POINT('',#4226);
#3237=LINE('',#4227,#4228);
#3238=VERTEX_POINT('',#4229);
#3239=LINE('',#4230,#4231);
#3240=VERTEX_POINT('',#4232);
#3241=LINE('',#4233,#4234);
#3242=VERTEX_POINT('',#4235);
#3243=LINE('',#4236,#4237);
#3244=LINE('',#4238,#4239);
#3245=VERTEX_POINT('',#4240);
#3246=VERTEX_POINT('',#4241);
#3247=LINE('',#4242,#4243);
#3248=VERTEX_POINT('',#4244);
#3249=LINE('',#4245,#4246);
#3250=VERTEX_POINT('',#4247);
#3251=LINE('',#4248,#4249);
#3252=LINE('',#4250,#4251);
#3253=VERTEX_POINT('',#4252);
#3254=VERTEX_POINT('',#4253);
#3255=LINE('',#4254,#4255);
#3256=LINE('',#4256,#4257);
#3257=VERTEX_POINT('',#4258);
#3258=LINE('',#4259,#4260);
#3259=VERTEX_POINT('',#4261);
#3260=LINE('',#4262,#4263);
#3261=VERTEX_POINT('',#4264);
#3262=LINE('',#4265,#4266);
#3263=LINE('',#4267,#4268);
#3264=LINE('',#4269,#4270);
#3265=VERTEX_POINT('',#4271);
#3266=VERTEX_POINT('',#4272);
#3267=LINE('',#4273,#4274);
#3268=LINE('',#4275,#4276);
#3269=LINE('',#4277,#4278);
#3270=VERTEX_POINT('',#4279);
#3271=LINE('',#4280,#4281);
#3272=LINE('',#4282,#4283);
#3273=LINE('',#4284,#4285);
#3274=VERTEX_POINT('',#4286);
#3275=VERTEX_POINT('',#4287);
#3276=LINE('',#4288,#4289);
#3277=VERTEX_POINT('',#4290);
#3278=LINE('',#4291,#4292);
#3279=LINE('',#4293,#4294);
#3280=LINE('',#4295,#4296);
#3281=LINE('',#4297,#4298);
#3282=VERTEX_POINT('',#4299);
#3283=LINE('',#4300,#4301);
#3284=VERTEX_POINT('',#4302);
#3285=LINE('',#4303,#4304);
#3286=LINE('',#4305,#4306);
#3287=VERTEX_POINT('',#4307);
#3288=LINE('',#4308,#4309);
#3289=VERTEX_POINT('',#4310);
#3290=LINE('',#4311,#4312);
#3291=LINE('',#4313,#4314);
#3292=VERTEX_POINT('',#4315);
#3293=LINE('',#4316,#4317);
#3294=LINE('',#4318,#4319);
#3295=LINE('',#4320,#4321);
#3296=VERTEX_POINT('',#4322);
#3297=LINE('',#4323,#4324);
#3298=VERTEX_POINT('',#4325);
#3299=LINE('',#4326,#4327);
#3300=LINE('',#4328,#4329);
#3301=VERTEX_POINT('',#4330);
#3302=LINE('',#4331,#4332);
#3303=VERTEX_POINT('',#4333);
#3304=LINE('',#4334,#4335);
#3305=LINE('',#4336,#4337);
#3306=VERTEX_POINT('',#4338);
#3307=LINE('',#4339,#4340);
#3308=VERTEX_POINT('',#4341);
#3309=LINE('',#4342,#4343);
#3310=LINE('',#4344,#4345);
#3311=VERTEX_POINT('',#4346);
#3312=LINE('',#4347,#4348);
#3313=VERTEX_POINT('',#4349);
#3314=LINE('',#4350,#4351);
#3315=LINE('',#4352,#4353);
#3316=VERTEX_POINT('',#4354);
#3317=LINE('',#4355,#4356);
#3318=LINE('',#4357,#4358);
#3319=VERTEX_POINT('',#4359);
#3320=VERTEX_POINT('',#4360);
#3321=LINE('',#4361,#4362);
#3322=VERTEX_POINT('',#4363);
#3323=LINE('',#4364,#4365);
#3324=LINE('',#4366,#4367);
#3325=VERTEX_POINT('',#4368);
#3326=LINE('',#4369,#4370);
#3327=VERTEX_POINT('',#4371);
#3328=LINE('',#4372,#4373);
#3329=LINE('',#4374,#4375);
#3330=LINE('',#4376,#4377);
#3331=LINE('',#4378,#4379);
#3332=VERTEX_POINT('',#4380);
#3333=LINE('',#4381,#4382);
#3334=LINE('',#4383,#4384);
#3335=VERTEX_POINT('',#4385);
#3336=LINE('',#4386,#4387);
#3337=VERTEX_POINT('',#4388);
#3338=LINE('',#4389,#4390);
#3339=VERTEX_POINT('',#4391);
#3340=LINE('',#4392,#4393);
#3341=LINE('',#4394,#4395);
#3342=LINE('',#4396,#4397);
#3343=VERTEX_POINT('',#4398);
#3344=LINE('',#4399,#4400);
#3345=LINE('',#4401,#4402);
#3346=VERTEX_POINT('',#4403);
#3347=VERTEX_POINT('',#4404);
#3348=LINE('',#4405,#4406);
#3349=VERTEX_POINT('',#4407);
#3350=LINE('',#4408,#4409);
#3351=LINE('',#4410,#4411);
#3352=LINE('',#4412,#4413);
#3353=LINE('',#4414,#4415);
#3354=VERTEX_POINT('',#4416);
#3355=VERTEX_POINT('',#4417);
#3356=LINE('',#4418,#4419);
#3357=LINE('',#4420,#4421);
#3358=LINE('',#4422,#4423);
#3359=VERTEX_POINT('',#4424);
#3360=LINE('',#4425,#4426);
#3361=LINE('',#4427,#4428);
#3362=LINE('',#4429,#4430);
#3363=VERTEX_POINT('',#4431);
#3364=VERTEX_POINT('',#4432);
#3365=LINE('',#4433,#4434);
#3366=VERTEX_POINT('',#4435);
#3367=LINE('',#4436,#4437);
#3368=VERTEX_POINT('',#4438);
#3369=LINE('',#4439,#4440);
#3370=LINE('',#4441,#4442);
#3371=VERTEX_POINT('',#4443);
#3372=LINE('',#4444,#4445);
#3373=LINE('',#4446,#4447);
#3374=LINE('',#4448,#4449);
#3375=LINE('',#4450,#4451);
#3376=LINE('',#4452,#4453);
#3377=LINE('',#4454,#4455);
#3378=LINE('',#4456,#4457);
#3379=VERTEX_POINT('',#4458);
#3380=LINE('',#4459,#4460);
#3381=LINE('',#4461,#4462);
#3382=LINE('',#4463,#4464);
#3383=LINE('',#4465,#4466);
#3384=VERTEX_POINT('',#4467);
#3385=LINE('',#4468,#4469);
#3386=LINE('',#4470,#4471);
#3387=LINE('',#4472,#4473);
#3388=LINE('',#4474,#4475);
#3389=VERTEX_POINT('',#4476);
#3390=LINE('',#4477,#4478);
#3391=LINE('',#4479,#4480);
#3392=LINE('',#4481,#4482);
#3393=VERTEX_POINT('',#4483);
#3394=VERTEX_POINT('',#4484);
#3395=LINE('',#4485,#4486);
#3396=VERTEX_POINT('',#4487);
#3397=LINE('',#4488,#4489);
#3398=VERTEX_POINT('',#4490);
#3399=LINE('',#4491,#4492);
#3400=LINE('',#4493,#4494);
#3401=VERTEX_POINT('',#4495);
#3402=LINE('',#4496,#4497);
#3403=LINE('',#4498,#4499);
#3404=VERTEX_POINT('',#4500);
#3405=LINE('',#4501,#4502);
#3406=LINE('',#4503,#4504);
#3407=VERTEX_POINT('',#4505);
#3408=VERTEX_POINT('',#4506);
#3409=LINE('',#4507,#4508);
#3410=VERTEX_POINT('',#4509);
#3411=LINE('',#4510,#4511);
#3412=VERTEX_POINT('',#4512);
#3413=LINE('',#4513,#4514);
#3414=LINE('',#4515,#4516);
#3415=VERTEX_POINT('',#4517);
#3416=CIRCLE('',#4518,0.1);
#3417=VERTEX_POINT('',#4519);
#3418=LINE('',#4520,#4521);
#3419=CIRCLE('',#4522,0.1);
#3420=VERTEX_POINT('',#4523);
#3421=LINE('',#4524,#4525);
#3422=VERTEX_POINT('',#4526);
#3423=LINE('',#4527,#4528);
#3424=LINE('',#4529,#4530);
#3425=VERTEX_POINT('',#4531);
#3426=CIRCLE('',#4532,0.05);
#3427=VERTEX_POINT('',#4533);
#3428=LINE('',#4534,#4535);
#3429=CIRCLE('',#4536,0.05);
#3430=VERTEX_POINT('',#4537);
#3431=LINE('',#4538,#4539);
#3432=VERTEX_POINT('',#4540);
#3433=LINE('',#4541,#4542);
#3434=LINE('',#4543,#4544);
#3435=VERTEX_POINT('',#4545);
#3436=CIRCLE('',#4546,0.05);
#3437=VERTEX_POINT('',#4547);
#3438=LINE('',#4548,#4549);
#3439=CIRCLE('',#4550,0.05);
#3440=VERTEX_POINT('',#4551);
#3441=LINE('',#4552,#4553);
#3442=VERTEX_POINT('',#4554);
#3443=LINE('',#4555,#4556);
#3444=LINE('',#4557,#4558);
#3445=VERTEX_POINT('',#4559);
#3446=CIRCLE('',#4560,0.06);
#3447=VERTEX_POINT('',#4561);
#3448=LINE('',#4562,#4563);
#3449=CIRCLE('',#4564,0.06);
#3450=CIRCLE('',#4565,0.05);
#3451=LINE('',#4566,#4567);
#3452=LINE('',#4568,#4569);
#3453=CIRCLE('',#4570,0.05);
#3454=VERTEX_POINT('',#4571);
#3455=LINE('',#4572,#4573);
#3456=VERTEX_POINT('',#4574);
#3457=LINE('',#4575,#4576);
#3458=LINE('',#4577,#4578);
#3459=LINE('',#4579,#4580);
#3460=LINE('',#4581,#4582);
#3461=VERTEX_POINT('',#4583);
#3462=VERTEX_POINT('',#4584);
#3463=LINE('',#4585,#4586);
#3464=VERTEX_POINT('',#4587);
#3465=LINE('',#4588,#4589);
#3466=VERTEX_POINT('',#4590);
#3467=LINE('',#4591,#4592);
#3468=LINE('',#4593,#4594);
#3469=VERTEX_POINT('',#4595);
#3470=LINE('',#4596,#4597);
#3471=VERTEX_POINT('',#4598);
#3472=LINE('',#4599,#4600);
#3473=LINE('',#4601,#4602);
#3474=VERTEX_POINT('',#4603);
#3475=LINE('',#4604,#4605);
#3476=VERTEX_POINT('',#4606);
#3477=LINE('',#4607,#4608);
#3478=LINE('',#4609,#4610);
#3479=LINE('',#4611,#4612);
#3480=LINE('',#4613,#4614);
#3481=LINE('',#4615,#4616);
#3482=LINE('',#4617,#4618);
#3483=VERTEX_POINT('',#4619);
#3484=LINE('',#4620,#4621);
#3485=VERTEX_POINT('',#4622);
#3486=LINE('',#4623,#4624);
#3487=LINE('',#4625,#4626);
#3488=VERTEX_POINT('',#4627);
#3489=LINE('',#4628,#4629);
#3490=VERTEX_POINT('',#4630);
#3491=LINE('',#4631,#4632);
#3492=VERTEX_POINT('',#4633);
#3493=LINE('',#4634,#4635);
#3494=LINE('',#4636,#4637);
#3495=VERTEX_POINT('',#4638);
#3496=LINE('',#4639,#4640);
#3497=VERTEX_POINT('',#4641);
#3498=LINE('',#4642,#4643);
#3499=VERTEX_POINT('',#4644);
#3500=LINE('',#4645,#4646);
#3501=LINE('',#4647,#4648);
#3502=LINE('',#4649,#4650);
#3503=LINE('',#4651,#4652);
#3504=LINE('',#4653,#4654);
#3505=VERTEX_POINT('',#4655);
#3506=VERTEX_POINT('',#4656);
#3507=LINE('',#4657,#4658);
#3508=VERTEX_POINT('',#4659);
#3509=LINE('',#4660,#4661);
#3510=VERTEX_POINT('',#4662);
#3511=LINE('',#4663,#4664);
#3512=LINE('',#4665,#4666);
#3513=VERTEX_POINT('',#4667);
#3514=LINE('',#4668,#4669);
#3515=VERTEX_POINT('',#4670);
#3516=LINE('',#4671,#4672);
#3517=LINE('',#4673,#4674);
#3518=VERTEX_POINT('',#4675);
#3519=LINE('',#4676,#4677);
#3520=VERTEX_POINT('',#4678);
#3521=LINE('',#4679,#4680);
#3522=LINE('',#4681,#4682);
#3523=LINE('',#4683,#4684);
#3524=LINE('',#4685,#4686);
#3525=LINE('',#4687,#4688);
#3526=LINE('',#4689,#4690);
#3527=VERTEX_POINT('',#4691);
#3528=LINE('',#4692,#4693);
#3529=VERTEX_POINT('',#4694);
#3530=LINE('',#4695,#4696);
#3531=LINE('',#4697,#4698);
#3532=VERTEX_POINT('',#4699);
#3533=LINE('',#4700,#4701);
#3534=VERTEX_POINT('',#4702);
#3535=LINE('',#4703,#4704);
#3536=VERTEX_POINT('',#4705);
#3537=LINE('',#4706,#4707);
#3538=LINE('',#4708,#4709);
#3539=VERTEX_POINT('',#4710);
#3540=LINE('',#4711,#4712);
#3541=VERTEX_POINT('',#4713);
#3542=LINE('',#4714,#4715);
#3543=VERTEX_POINT('',#4716);
#3544=LINE('',#4717,#4718);
#3545=LINE('',#4719,#4720);
#3546=LINE('',#4721,#4722);
#3547=LINE('',#4723,#4724);
#3548=LINE('',#4725,#4726);
#3549=VERTEX_POINT('',#4727);
#3550=VERTEX_POINT('',#4728);
#3551=LINE('',#4729,#4730);
#3552=VERTEX_POINT('',#4731);
#3553=LINE('',#4732,#4733);
#3554=VERTEX_POINT('',#4734);
#3555=LINE('',#4735,#4736);
#3556=LINE('',#4737,#4738);
#3557=VERTEX_POINT('',#4739);
#3558=CIRCLE('',#4740,0.1);
#3559=VERTEX_POINT('',#4741);
#3560=LINE('',#4742,#4743);
#3561=CIRCLE('',#4744,0.1);
#3562=VERTEX_POINT('',#4745);
#3563=LINE('',#4746,#4747);
#3564=VERTEX_POINT('',#4748);
#3565=LINE('',#4749,#4750);
#3566=LINE('',#4751,#4752);
#3567=VERTEX_POINT('',#4753);
#3568=CIRCLE('',#4754,0.05);
#3569=VERTEX_POINT('',#4755);
#3570=LINE('',#4756,#4757);
#3571=CIRCLE('',#4758,0.05);
#3572=VERTEX_POINT('',#4759);
#3573=LINE('',#4760,#4761);
#3574=VERTEX_POINT('',#4762);
#3575=LINE('',#4763,#4764);
#3576=LINE('',#4765,#4766);
#3577=VERTEX_POINT('',#4767);
#3578=CIRCLE('',#4768,0.05);
#3579=VERTEX_POINT('',#4769);
#3580=LINE('',#4770,#4771);
#3581=CIRCLE('',#4772,0.05);
#3582=VERTEX_POINT('',#4773);
#3583=LINE('',#4774,#4775);
#3584=VERTEX_POINT('',#4776);
#3585=LINE('',#4777,#4778);
#3586=LINE('',#4779,#4780);
#3587=VERTEX_POINT('',#4781);
#3588=CIRCLE('',#4782,0.06);
#3589=VERTEX_POINT('',#4783);
#3590=LINE('',#4784,#4785);
#3591=CIRCLE('',#4786,0.06);
#3592=CIRCLE('',#4787,0.05);
#3593=LINE('',#4788,#4789);
#3594=LINE('',#4790,#4791);
#3595=CIRCLE('',#4792,0.05);
#3596=VERTEX_POINT('',#4793);
#3597=LINE('',#4794,#4795);
#3598=VERTEX_POINT('',#4796);
#3599=LINE('',#4797,#4798);
#3600=LINE('',#4799,#4800);
#3601=LINE('',#4801,#4802);
#3602=LINE('',#4803,#4804);
#3603=VERTEX_POINT('',#4805);
#3604=VERTEX_POINT('',#4806);
#3605=LINE('',#4807,#4808);
#3606=VERTEX_POINT('',#4809);
#3607=LINE('',#4810,#4811);
#3608=VERTEX_POINT('',#4812);
#3609=LINE('',#4813,#4814);
#3610=LINE('',#4815,#4816);
#3611=VERTEX_POINT('',#4817);
#3612=CIRCLE('',#4818,0.1);
#3613=VERTEX_POINT('',#4819);
#3614=LINE('',#4820,#4821);
#3615=CIRCLE('',#4822,0.1);
#3616=VERTEX_POINT('',#4823);
#3617=LINE('',#4824,#4825);
#3618=VERTEX_POINT('',#4826);
#3619=LINE('',#4827,#4828);
#3620=LINE('',#4829,#4830);
#3621=VERTEX_POINT('',#4831);
#3622=CIRCLE('',#4832,0.05);
#3623=VERTEX_POINT('',#4833);
#3624=LINE('',#4834,#4835);
#3625=CIRCLE('',#4836,0.05);
#3626=VERTEX_POINT('',#4837);
#3627=LINE('',#4838,#4839);
#3628=VERTEX_POINT('',#4840);
#3629=LINE('',#4841,#4842);
#3630=LINE('',#4843,#4844);
#3631=VERTEX_POINT('',#4845);
#3632=CIRCLE('',#4846,0.05);
#3633=VERTEX_POINT('',#4847);
#3634=LINE('',#4848,#4849);
#3635=CIRCLE('',#4850,0.05);
#3636=VERTEX_POINT('',#4851);
#3637=LINE('',#4852,#4853);
#3638=VERTEX_POINT('',#4854);
#3639=LINE('',#4855,#4856);
#3640=LINE('',#4857,#4858);
#3641=VERTEX_POINT('',#4859);
#3642=CIRCLE('',#4860,0.06);
#3643=VERTEX_POINT('',#4861);
#3644=LINE('',#4862,#4863);
#3645=CIRCLE('',#4864,0.06);
#3646=CIRCLE('',#4865,0.05);
#3647=LINE('',#4866,#4867);
#3648=LINE('',#4868,#4869);
#3649=CIRCLE('',#4870,0.05);
#3650=VERTEX_POINT('',#4871);
#3651=LINE('',#4872,#4873);
#3652=VERTEX_POINT('',#4874);
#3653=LINE('',#4875,#4876);
#3654=LINE('',#4877,#4878);
#3655=LINE('',#4879,#4880);
#3656=LINE('',#4881,#4882);
#3657=VERTEX_POINT('',#4883);
#3658=VERTEX_POINT('',#4884);
#3659=LINE('',#4885,#4886);
#3660=VERTEX_POINT('',#4887);
#3661=LINE('',#4888,#4889);
#3662=VERTEX_POINT('',#4890);
#3663=LINE('',#4891,#4892);
#3664=LINE('',#4893,#4894);
#3665=VERTEX_POINT('',#4895);
#3666=CIRCLE('',#4896,0.1);
#3667=VERTEX_POINT('',#4897);
#3668=LINE('',#4898,#4899);
#3669=CIRCLE('',#4900,0.1);
#3670=VERTEX_POINT('',#4901);
#3671=LINE('',#4902,#4903);
#3672=VERTEX_POINT('',#4904);
#3673=LINE('',#4905,#4906);
#3674=LINE('',#4907,#4908);
#3675=VERTEX_POINT('',#4909);
#3676=CIRCLE('',#4910,0.05);
#3677=VERTEX_POINT('',#4911);
#3678=LINE('',#4912,#4913);
#3679=CIRCLE('',#4914,0.05);
#3680=VERTEX_POINT('',#4915);
#3681=LINE('',#4916,#4917);
#3682=VERTEX_POINT('',#4918);
#3683=LINE('',#4919,#4920);
#3684=LINE('',#4921,#4922);
#3685=VERTEX_POINT('',#4923);
#3686=CIRCLE('',#4924,0.05);
#3687=VERTEX_POINT('',#4925);
#3688=LINE('',#4926,#4927);
#3689=CIRCLE('',#4928,0.05);
#3690=VERTEX_POINT('',#4929);
#3691=LINE('',#4930,#4931);
#3692=VERTEX_POINT('',#4932);
#3693=LINE('',#4933,#4934);
#3694=LINE('',#4935,#4936);
#3695=VERTEX_POINT('',#4937);
#3696=CIRCLE('',#4938,0.06);
#3697=VERTEX_POINT('',#4939);
#3698=LINE('',#4940,#4941);
#3699=CIRCLE('',#4942,0.06);
#3700=CIRCLE('',#4943,0.05);
#3701=LINE('',#4944,#4945);
#3702=LINE('',#4946,#4947);
#3703=CIRCLE('',#4948,0.05);
#3704=VERTEX_POINT('',#4949);
#3705=LINE('',#4950,#4951);
#3706=VERTEX_POINT('',#4952);
#3707=LINE('',#4953,#4954);
#3708=LINE('',#4955,#4956);
#3709=LINE('',#4957,#4958);
#3710=LINE('',#4959,#4960);
#3711=LINE('',#4961,#4962);
#3712=LINE('',#4963,#4964);
#3713=LINE('',#4965,#4966);
#3714=LINE('',#4967,#4968);
#3715=LINE('',#4969,#4970);
#3716=LINE('',#4971,#4972);
#3717=LINE('',#4973,#4974);
#3718=LINE('',#4975,#4976);
#3719=VERTEX_POINT('',#4977);
#3720=LINE('',#4978,#4979);
#3721=VERTEX_POINT('',#4980);
#3722=LINE('',#4981,#4982);
#3723=LINE('',#4983,#4984);
#3724=VERTEX_POINT('',#4985);
#3725=LINE('',#4986,#4987);
#3726=LINE('',#4988,#4989);
#3727=LINE('',#4990,#4991);
#3728=CARTESIAN_POINT('',(1.0,3.47,1.0));
#3729=CARTESIAN_POINT('',(1.0,3.47,0.0));
#3730=CARTESIAN_POINT('',(1.0,3.47,0.0));
#3731=VECTOR('',#4992,1.0);
#3732=CARTESIAN_POINT('',(-4.6,3.47,1.0));
#3733=CARTESIAN_POINT('',(-4.6,3.47,1.0));
#3734=VECTOR('',#4993,1.0);
#3735=CARTESIAN_POINT('',(-4.6,3.47,0.0));
#3736=CARTESIAN_POINT('',(-4.6,3.47,0.0));
#3737=VECTOR('',#4994,1.0);
#3738=CARTESIAN_POINT('',(-3.7,3.47,-4.06575814682064E-17));
#3739=CARTESIAN_POINT('',(1.0,3.47,0.0));
#3740=VECTOR('',#4995,1.0);
#3741=CARTESIAN_POINT('',(-3.7,3.47,0.72));
#3742=CARTESIAN_POINT('',(-3.7,3.47,0.0));
#3743=VECTOR('',#4996,1.0);
#3744=CARTESIAN_POINT('',(-3.5,3.47,0.72));
#3745=CARTESIAN_POINT('',(1.0,3.47,0.72));
#3746=VECTOR('',#4997,1.0);
#3747=CARTESIAN_POINT('',(-3.5,3.47,3.46944695195361E-17));
#3748=CARTESIAN_POINT('',(-3.5,3.47,0.0));
#3749=VECTOR('',#4998,1.0);
#3750=CARTESIAN_POINT('',(-2.5,3.47,-4.06575814682064E-17));
#3751=CARTESIAN_POINT('',(1.0,3.47,0.0));
#3752=VECTOR('',#4999,1.0);
#3753=CARTESIAN_POINT('',(-2.5,3.47,0.72));
#3754=CARTESIAN_POINT('',(-2.5,3.47,0.0));
#3755=VECTOR('',#5000,1.0);
#3756=CARTESIAN_POINT('',(-2.3,3.47,0.72));
#3757=CARTESIAN_POINT('',(1.0,3.47,0.72));
#3758=VECTOR('',#5001,1.0);
#3759=CARTESIAN_POINT('',(-2.3,3.47,3.46944695195361E-17));
#3760=CARTESIAN_POINT('',(-2.3,3.47,0.0));
#3761=VECTOR('',#5002,1.0);
#3762=CARTESIAN_POINT('',(-1.3,3.47,-4.06575814682064E-17));
#3763=CARTESIAN_POINT('',(1.0,3.47,0.0));
#3764=VECTOR('',#5003,1.0);
#3765=CARTESIAN_POINT('',(-1.3,3.47,0.72));
#3766=CARTESIAN_POINT('',(-1.3,3.47,0.0));
#3767=VECTOR('',#5004,1.0);
#3768=CARTESIAN_POINT('',(-1.1,3.47,0.72));
#3769=CARTESIAN_POINT('',(1.0,3.47,0.72));
#3770=VECTOR('',#5005,1.0);
#3771=CARTESIAN_POINT('',(-1.1,3.47,3.46944695195361E-17));
#3772=CARTESIAN_POINT('',(-1.1,3.47,0.0));
#3773=VECTOR('',#5006,1.0);
#3774=CARTESIAN_POINT('',(-0.1,3.47,-4.06575814682064E-17));
#3775=CARTESIAN_POINT('',(1.0,3.47,0.0));
#3776=VECTOR('',#5007,1.0);
#3777=CARTESIAN_POINT('',(-0.1,3.47,0.72));
#3778=CARTESIAN_POINT('',(-0.1,3.47,0.0));
#3779=VECTOR('',#5008,1.0);
#3780=CARTESIAN_POINT('',(0.1,3.47,0.72));
#3781=CARTESIAN_POINT('',(1.0,3.47,0.72));
#3782=VECTOR('',#5009,1.0);
#3783=CARTESIAN_POINT('',(0.1,3.47,3.46944695195361E-17));
#3784=CARTESIAN_POINT('',(0.1,3.47,0.0));
#3785=VECTOR('',#5010,1.0);
#3786=CARTESIAN_POINT('',(1.0,3.47,0.0));
#3787=VECTOR('',#5011,1.0);
#3788=CARTESIAN_POINT('',(-3.5,4.21,0.56));
#3789=CARTESIAN_POINT('',(-2.5,4.21,0.56));
#3790=CARTESIAN_POINT('',(1.5,4.21,0.56));
#3791=VECTOR('',#5012,1.0);
#3792=CARTESIAN_POINT('',(-3.5,4.22,0.56));
#3793=CARTESIAN_POINT('',(-3.5,4.29,0.56));
#3794=VECTOR('',#5013,1.0);
#3795=CARTESIAN_POINT('',(-3.7,4.22,0.56));
#3796=CARTESIAN_POINT('',(1.5,4.22,0.56));
#3797=VECTOR('',#5014,1.0);
#3798=CARTESIAN_POINT('',(-3.7,4.21,0.56));
#3799=CARTESIAN_POINT('',(-3.7,4.29,0.56));
#3800=VECTOR('',#5015,1.0);
#3801=CARTESIAN_POINT('',(-5.1,4.21,0.56));
#3802=CARTESIAN_POINT('',(1.5,4.21,0.56));
#3803=VECTOR('',#5016,1.0);
#3804=CARTESIAN_POINT('',(-5.1,4.29,0.56));
#3805=CARTESIAN_POINT('',(-5.1,4.29,0.56));
#3806=VECTOR('',#5017,1.0);
#3807=CARTESIAN_POINT('',(1.5,4.29,0.56));
#3808=CARTESIAN_POINT('',(1.5,4.29,0.56));
#3809=VECTOR('',#5018,1.0);
#3810=CARTESIAN_POINT('',(1.5,4.21,0.56));
#3811=CARTESIAN_POINT('',(1.5,4.29,0.56));
#3812=VECTOR('',#5019,1.0);
#3813=CARTESIAN_POINT('',(0.1,4.21,0.56));
#3814=CARTESIAN_POINT('',(1.5,4.21,0.56));
#3815=VECTOR('',#5020,1.0);
#3816=CARTESIAN_POINT('',(0.1,4.22,0.56));
#3817=CARTESIAN_POINT('',(0.1,4.29,0.56));
#3818=VECTOR('',#5021,1.0);
#3819=CARTESIAN_POINT('',(-0.1,4.22,0.56));
#3820=CARTESIAN_POINT('',(1.5,4.22,0.56));
#3821=VECTOR('',#5022,1.0);
#3822=CARTESIAN_POINT('',(-0.1,4.21,0.56));
#3823=CARTESIAN_POINT('',(-0.1,4.29,0.56));
#3824=VECTOR('',#5023,1.0);
#3825=CARTESIAN_POINT('',(-1.1,4.21,0.56));
#3826=CARTESIAN_POINT('',(1.5,4.21,0.56));
#3827=VECTOR('',#5024,1.0);
#3828=CARTESIAN_POINT('',(-1.1,4.22,0.56));
#3829=CARTESIAN_POINT('',(-1.1,4.29,0.56));
#3830=VECTOR('',#5025,1.0);
#3831=CARTESIAN_POINT('',(-1.3,4.22,0.56));
#3832=CARTESIAN_POINT('',(1.5,4.22,0.56));
#3833=VECTOR('',#5026,1.0);
#3834=CARTESIAN_POINT('',(-1.3,4.21,0.56));
#3835=CARTESIAN_POINT('',(-1.3,4.29,0.56));
#3836=VECTOR('',#5027,1.0);
#3837=CARTESIAN_POINT('',(-2.3,4.21,0.56));
#3838=CARTESIAN_POINT('',(1.5,4.21,0.56));
#3839=VECTOR('',#5028,1.0);
#3840=CARTESIAN_POINT('',(-2.3,4.22,0.56));
#3841=CARTESIAN_POINT('',(-2.3,4.29,0.56));
#3842=VECTOR('',#5029,1.0);
#3843=CARTESIAN_POINT('',(-2.5,4.22,0.56));
#3844=CARTESIAN_POINT('',(1.5,4.22,0.56));
#3845=VECTOR('',#5030,1.0);
#3846=CARTESIAN_POINT('',(-2.5,4.29,0.56));
#3847=VECTOR('',#5031,1.0);
#3848=CARTESIAN_POINT('',(-3.7,3.91,0.265825756949559));
#3849=CARTESIAN_POINT('',(-3.5,3.91,0.265825756949559));
#3850=CARTESIAN_POINT('',(-3.5,3.91,0.265825756949559));
#3851=VECTOR('',#5032,1.0);
#3852=CARTESIAN_POINT('',(-3.5,3.91,0.32));
#3853=CARTESIAN_POINT('',(-3.5,3.91,0.32));
#3854=VECTOR('',#5033,1.0);
#3855=CARTESIAN_POINT('',(-2.5,3.91,0.32));
#3856=CARTESIAN_POINT('',(1.5,3.91,0.32));
#3857=VECTOR('',#5034,1.0);
#3858=CARTESIAN_POINT('',(-2.5,3.91,0.265825756949559));
#3859=CARTESIAN_POINT('',(-2.5,3.91,0.32));
#3860=VECTOR('',#5035,1.0);
#3861=CARTESIAN_POINT('',(-2.3,3.91,0.265825756949559));
#3862=CARTESIAN_POINT('',(-2.3,3.91,0.265825756949559));
#3863=VECTOR('',#5036,1.0);
#3864=CARTESIAN_POINT('',(-2.3,3.91,0.32));
#3865=CARTESIAN_POINT('',(-2.3,3.91,0.32));
#3866=VECTOR('',#5037,1.0);
#3867=CARTESIAN_POINT('',(-1.3,3.91,0.32));
#3868=CARTESIAN_POINT('',(1.5,3.91,0.32));
#3869=VECTOR('',#5038,1.0);
#3870=CARTESIAN_POINT('',(-1.3,3.91,0.265825756949559));
#3871=CARTESIAN_POINT('',(-1.3,3.91,0.32));
#3872=VECTOR('',#5039,1.0);
#3873=CARTESIAN_POINT('',(-1.1,3.91,0.265825756949559));
#3874=CARTESIAN_POINT('',(-1.1,3.91,0.265825756949559));
#3875=VECTOR('',#5040,1.0);
#3876=CARTESIAN_POINT('',(-1.1,3.91,0.32));
#3877=CARTESIAN_POINT('',(-1.1,3.91,0.32));
#3878=VECTOR('',#5041,1.0);
#3879=CARTESIAN_POINT('',(-0.1,3.91,0.32));
#3880=CARTESIAN_POINT('',(1.5,3.91,0.32));
#3881=VECTOR('',#5042,1.0);
#3882=CARTESIAN_POINT('',(-0.1,3.91,0.265825756949559));
#3883=CARTESIAN_POINT('',(-0.1,3.91,0.32));
#3884=VECTOR('',#5043,1.0);
#3885=CARTESIAN_POINT('',(0.1,3.91,0.265825756949559));
#3886=CARTESIAN_POINT('',(0.1,3.91,0.265825756949559));
#3887=VECTOR('',#5044,1.0);
#3888=CARTESIAN_POINT('',(0.1,3.91,0.32));
#3889=CARTESIAN_POINT('',(0.1,3.91,0.32));
#3890=VECTOR('',#5045,1.0);
#3891=CARTESIAN_POINT('',(1.5,3.91,0.32));
#3892=CARTESIAN_POINT('',(1.5,3.91,0.32));
#3893=VECTOR('',#5046,1.0);
#3894=CARTESIAN_POINT('',(1.5,3.91,-0.1));
#3895=CARTESIAN_POINT('',(1.5,3.91,0.32));
#3896=VECTOR('',#5047,1.0);
#3897=CARTESIAN_POINT('',(-5.1,3.91,-0.1));
#3898=CARTESIAN_POINT('',(1.5,3.91,-0.1));
#3899=VECTOR('',#5048,1.0);
#3900=CARTESIAN_POINT('',(-5.1,3.91,0.32));
#3901=CARTESIAN_POINT('',(-5.1,3.91,0.32));
#3902=VECTOR('',#5049,1.0);
#3903=CARTESIAN_POINT('',(-3.7,3.91,0.32));
#3904=CARTESIAN_POINT('',(1.5,3.91,0.32));
#3905=VECTOR('',#5050,1.0);
#3906=CARTESIAN_POINT('',(-3.7,3.91,0.32));
#3907=VECTOR('',#5051,1.0);
#3908=CARTESIAN_POINT('',(-3.5,4.21,0.32));
#3909=CARTESIAN_POINT('',(-2.5,4.21,0.32));
#3910=CARTESIAN_POINT('',(1.5,4.21,0.32));
#3911=VECTOR('',#5052,1.0);
#3912=CARTESIAN_POINT('',(-3.5,4.21,0.56));
#3913=VECTOR('',#5053,1.0);
#3914=CARTESIAN_POINT('',(-2.5,4.21,0.56));
#3915=VECTOR('',#5054,1.0);
#3916=CARTESIAN_POINT('',(-3.5,4.21,0.32));
#3917=VECTOR('',#5055,1.0);
#3918=CARTESIAN_POINT('',(-2.5,4.21,0.32));
#3919=VECTOR('',#5056,1.0);
#3920=CARTESIAN_POINT('',(-2.3,4.21,0.32));
#3921=CARTESIAN_POINT('',(-1.3,4.21,0.32));
#3922=CARTESIAN_POINT('',(1.5,4.21,0.32));
#3923=VECTOR('',#5057,1.0);
#3924=CARTESIAN_POINT('',(-2.3,4.21,0.56));
#3925=VECTOR('',#5058,1.0);
#3926=CARTESIAN_POINT('',(-1.3,4.21,0.56));
#3927=VECTOR('',#5059,1.0);
#3928=CARTESIAN_POINT('',(-2.3,4.21,0.32));
#3929=VECTOR('',#5060,1.0);
#3930=CARTESIAN_POINT('',(-1.3,4.21,0.32));
#3931=VECTOR('',#5061,1.0);
#3932=CARTESIAN_POINT('',(-1.1,4.21,0.32));
#3933=CARTESIAN_POINT('',(-0.1,4.21,0.32));
#3934=CARTESIAN_POINT('',(1.5,4.21,0.32));
#3935=VECTOR('',#5062,1.0);
#3936=CARTESIAN_POINT('',(-1.1,4.21,0.56));
#3937=VECTOR('',#5063,1.0);
#3938=CARTESIAN_POINT('',(-0.1,4.21,0.56));
#3939=VECTOR('',#5064,1.0);
#3940=CARTESIAN_POINT('',(-1.1,4.21,0.32));
#3941=VECTOR('',#5065,1.0);
#3942=CARTESIAN_POINT('',(-0.1,4.21,0.32));
#3943=VECTOR('',#5066,1.0);
#3944=CARTESIAN_POINT('',(-5.1,-0.21,0.55));
#3945=CARTESIAN_POINT('',(-5.1,0.649999999999999,0.55));
#3946=CARTESIAN_POINT('',(-5.1,0.649999999999999,0.55));
#3947=VECTOR('',#5067,1.0);
#3948=CARTESIAN_POINT('',(-4.55,-0.21,0.55));
#3949=CARTESIAN_POINT('',(-5.1,-0.21,0.55));
#3950=VECTOR('',#5068,1.0);
#3951=CARTESIAN_POINT('',(-4.55,0.65,0.55));
#3952=CARTESIAN_POINT('',(-4.55,-0.21,0.55));
#3953=VECTOR('',#5069,1.0);
#3954=CARTESIAN_POINT('',(-4.55,0.65,0.55));
#3955=VECTOR('',#5070,1.0);
#3956=CARTESIAN_POINT('',(-4.815,0.22,0.55));
#3957=CARTESIAN_POINT('',(-4.615,0.22,0.55));
#3958=CARTESIAN_POINT('',(0.0,0.22,0.55));
#3959=VECTOR('',#5071,1.0);
#3960=CARTESIAN_POINT('',(-4.815,0.640000000000001,0.55));
#3961=CARTESIAN_POINT('',(-4.815,0.0,0.55));
#3962=VECTOR('',#5072,1.0);
#3963=CARTESIAN_POINT('',(-4.615,0.640000000000001,0.55));
#3964=CARTESIAN_POINT('',(0.0,0.640000000000001,0.55));
#3965=VECTOR('',#5073,1.0);
#3966=CARTESIAN_POINT('',(-4.615,0.0,0.55));
#3967=VECTOR('',#5074,1.0);
#3968=CARTESIAN_POINT('',(-5.1,-0.209999999999999,-0.1));
#3969=CARTESIAN_POINT('',(-5.1,0.720000000000001,-0.1));
#3970=CARTESIAN_POINT('',(-5.1,-0.209999999999999,-0.1));
#3971=VECTOR('',#5075,1.0);
#3972=CARTESIAN_POINT('',(-4.43,0.719999999999999,-0.1));
#3973=CARTESIAN_POINT('',(-5.1,0.720000000000001,-0.1));
#3974=VECTOR('',#5076,1.0);
#3975=CARTESIAN_POINT('',(-4.43,-0.209999999999999,-0.1));
#3976=CARTESIAN_POINT('',(-4.43,0.719999999999999,-0.1));
#3977=VECTOR('',#5077,1.0);
#3978=CARTESIAN_POINT('',(-4.43,-0.209999999999999,-0.1));
#3979=VECTOR('',#5078,1.0);
#3980=CARTESIAN_POINT('',(-4.815,0.639999999999998,-0.1));
#3981=CARTESIAN_POINT('',(-4.615,0.640000000000002,-0.1));
#3982=CARTESIAN_POINT('',(0.0,0.639999999999998,-0.1));
#3983=VECTOR('',#5079,1.0);
#3984=CARTESIAN_POINT('',(-4.815,0.200000000000003,-0.1));
#3985=CARTESIAN_POINT('',(-4.815,0.0,-0.1));
#3986=VECTOR('',#5080,1.0);
#3987=CARTESIAN_POINT('',(-4.615,0.200000000000003,-0.1));
#3988=CARTESIAN_POINT('',(0.0,0.200000000000003,-0.1));
#3989=VECTOR('',#5081,1.0);
#3990=CARTESIAN_POINT('',(-4.615,0.0,-0.1));
#3991=VECTOR('',#5082,1.0);
#3992=CARTESIAN_POINT('',(0.1,4.21,0.32));
#3993=CARTESIAN_POINT('',(1.5,4.21,0.32));
#3994=CARTESIAN_POINT('',(1.5,4.21,0.32));
#3995=VECTOR('',#5083,1.0);
#3996=CARTESIAN_POINT('',(0.1,4.21,0.56));
#3997=VECTOR('',#5084,1.0);
#3998=CARTESIAN_POINT('',(1.5,4.21,0.56));
#3999=VECTOR('',#5085,1.0);
#4000=CARTESIAN_POINT('',(0.1,4.21,0.32));
#4001=VECTOR('',#5086,1.0);
#4002=CARTESIAN_POINT('',(1.5,4.21,0.32));
#4003=VECTOR('',#5087,1.0);
#4004=CARTESIAN_POINT('',(0.700000000000001,-0.21,0.0));
#4005=CARTESIAN_POINT('',(0.700000000000001,-0.21,0.87));
#4006=CARTESIAN_POINT('',(0.700000000000001,-0.21,0.0));
#4007=VECTOR('',#5088,1.0);
#4008=CARTESIAN_POINT('',(0.700000000000001,0.870000000000001,0.87));
#4009=CARTESIAN_POINT('',(0.700000000000001,-0.21,0.87));
#4010=VECTOR('',#5089,1.0);
#4011=CARTESIAN_POINT('',(0.700000000000001,0.870000000000001,0.0));
#4012=CARTESIAN_POINT('',(0.700000000000001,0.870000000000001,0.0));
#4013=VECTOR('',#5090,1.0);
#4014=CARTESIAN_POINT('',(0.700000000000001,-0.21,0.0));
#4015=VECTOR('',#5091,1.0);
#4016=CARTESIAN_POINT('',(0.800000000000001,0.870000000000001,0.97));
#4017=CARTESIAN_POINT('',(0.880000000000001,0.870000000000001,1.05));
#4018=VECTOR('',#5092,1.0);
#4019=CARTESIAN_POINT('',(1.13206024333193,0.870000000000001,0.97));
#4020=CARTESIAN_POINT('',(0.700000000000001,0.870000000000001,0.97));
#4021=VECTOR('',#5093,1.0);
#4022=CARTESIAN_POINT('',(1.09,0.870000000000001,0.9));
#4023=CARTESIAN_POINT('',(1.27,0.870000000000001,1.19957030682309));
#4024=VECTOR('',#5094,1.0);
#4025=CARTESIAN_POINT('',(1.09,0.870000000000001,0.76));
#4026=CARTESIAN_POINT('',(1.09,0.870000000000001,0.9));
#4027=VECTOR('',#5095,1.0);
#4028=CARTESIAN_POINT('',(1.27,0.870000000000001,0.656076951545867));
#4029=CARTESIAN_POINT('',(1.09,0.870000000000001,0.76));
#4030=VECTOR('',#5096,1.0);
#4031=CARTESIAN_POINT('',(1.27,0.870000000000001,0.0));
#4032=CARTESIAN_POINT('',(1.27,0.870000000000001,0.0));
#4033=VECTOR('',#5097,1.0);
#4034=CARTESIAN_POINT('',(0.700000000000001,0.870000000000001,0.0));
#4035=VECTOR('',#5098,1.0);
#4036=CARTESIAN_POINT('',(0.880000000000001,-0.209999999999999,1.05));
#4037=CARTESIAN_POINT('',(0.950000000000001,-0.209999999999999,1.05));
#4038=CARTESIAN_POINT('',(0.700000000000001,-0.209999999999999,1.05));
#4039=VECTOR('',#5099,1.0);
#4040=CARTESIAN_POINT('',(0.880000000000001,-0.21,1.05));
#4041=VECTOR('',#5100,1.0);
#4042=CARTESIAN_POINT('',(0.150000000000001,-0.209999999999999,0.0));
#4043=CARTESIAN_POINT('',(-4.3,-0.21,0.0));
#4044=VECTOR('',#5101,1.0);
#4045=CARTESIAN_POINT('',(0.150000000000002,-0.21,-0.2));
#4046=CARTESIAN_POINT('',(0.150000000000002,-0.21,1.2));
#4047=VECTOR('',#5102,1.0);
#4048=CARTESIAN_POINT('',(0.83,-0.21,-0.2));
#4049=CARTESIAN_POINT('',(0.150000000000002,-0.21,-0.2));
#4050=VECTOR('',#5103,1.0);
#4051=CARTESIAN_POINT('',(0.83,-0.21,-0.1));
#4052=CARTESIAN_POINT('',(0.83,-0.21,-0.1));
#4053=VECTOR('',#5104,1.0);
#4054=CARTESIAN_POINT('',(1.5,-0.209999999999998,-0.1));
#4055=CARTESIAN_POINT('',(1.5,-0.209999999999998,-0.1));
#4056=VECTOR('',#5105,1.0);
#4057=CARTESIAN_POINT('',(1.5,-0.209999999999998,0.55));
#4058=CARTESIAN_POINT('',(1.5,-0.21,1.2));
#4059=VECTOR('',#5106,1.0);
#4060=CARTESIAN_POINT('',(0.950000000000001,-0.209999999999999,0.55));
#4061=CARTESIAN_POINT('',(0.950000000000001,-0.209999999999999,0.55));
#4062=VECTOR('',#5107,1.0);
#4063=CARTESIAN_POINT('',(0.950000000000001,-0.209999999999999,0.55));
#4064=VECTOR('',#5108,1.0);
#4065=CARTESIAN_POINT('',(-3.8,4.17,1.2));
#4066=CARTESIAN_POINT('',(-3.6,3.77,1.2));
#4067=CARTESIAN_POINT('',(-3.8,4.17,1.2));
#4068=VECTOR('',#5109,1.0);
#4069=CARTESIAN_POINT('',(-3.4,4.17,1.2));
#4070=CARTESIAN_POINT('',(-3.4,4.17,1.2));
#4071=VECTOR('',#5110,1.0);
#4072=CARTESIAN_POINT('',(-3.6,3.77,1.2));
#4073=VECTOR('',#5111,1.0);
#4074=CARTESIAN_POINT('',(-4.49,2.44,1.2));
#4075=CARTESIAN_POINT('',(-4.87,2.44,1.2));
#4076=CARTESIAN_POINT('',(-4.29,2.44,1.2));
#4077=VECTOR('',#5112,1.0);
#4078=CARTESIAN_POINT('',(-4.49,2.64,1.2));
#4079=CARTESIAN_POINT('',(-4.49,2.84,1.2));
#4080=VECTOR('',#5113,1.0);
#4081=CARTESIAN_POINT('',(-4.8,2.64,1.2));
#4082=CARTESIAN_POINT('',(-4.6,2.64,1.2));
#4083=VECTOR('',#5114,1.0);
#4084=CARTESIAN_POINT('',(-4.8,3.67,1.2));
#4085=CARTESIAN_POINT('',(-4.8,3.47,1.2));
#4086=VECTOR('',#5115,1.0);
#4087=CARTESIAN_POINT('',(1.2,3.67,1.2));
#4088=CARTESIAN_POINT('',(1.0,3.67,1.2));
#4089=VECTOR('',#5116,1.0);
#4090=CARTESIAN_POINT('',(1.2,2.64,1.2));
#4091=CARTESIAN_POINT('',(1.2,2.84,1.2));
#4092=VECTOR('',#5117,1.0);
#4093=CARTESIAN_POINT('',(0.890000000000001,2.64,1.2));
#4094=CARTESIAN_POINT('',(0.690000000000001,2.64,1.2));
#4095=VECTOR('',#5118,1.0);
#4096=CARTESIAN_POINT('',(0.890000000000001,2.44,1.2));
#4097=CARTESIAN_POINT('',(0.890000000000001,2.44,1.2));
#4098=VECTOR('',#5119,1.0);
#4099=CARTESIAN_POINT('',(1.27,2.44,1.2));
#4100=CARTESIAN_POINT('',(1.27,2.44,1.2));
#4101=VECTOR('',#5120,1.0);
#4102=CARTESIAN_POINT('',(1.27,2.44,1.19957030682309));
#4103=CARTESIAN_POINT('',(1.27,2.44,0.0));
#4104=VECTOR('',#5121,1.0);
#4105=CARTESIAN_POINT('',(1.27,0.870000000000001,1.19957030682309));
#4106=CARTESIAN_POINT('',(1.27,-13.103,1.19957030682309));
#4107=VECTOR('',#5122,1.0);
#4108=CARTESIAN_POINT('',(1.27,0.870000000000001,1.2));
#4109=CARTESIAN_POINT('',(1.27,0.870000000000001,0.0));
#4110=VECTOR('',#5123,1.0);
#4111=CARTESIAN_POINT('',(1.27025818570827,0.870000000000001,1.2));
#4112=CARTESIAN_POINT('',(1.27025818570827,0.870000000000001,1.2));
#4113=VECTOR('',#5124,1.0);
#4114=CARTESIAN_POINT('',(1.27025818570827,0.650000000000001,1.2));
#4115=CARTESIAN_POINT('',(1.27025818570827,10.482,1.2));
#4116=VECTOR('',#5125,1.0);
#4117=CARTESIAN_POINT('',(1.5,0.650000000000002,1.2));
#4118=CARTESIAN_POINT('',(1.5,0.650000000000002,1.2));
#4119=VECTOR('',#5126,1.0);
#4120=CARTESIAN_POINT('',(1.5,4.29,1.2));
#4121=CARTESIAN_POINT('',(1.5,-0.21,1.2));
#4122=VECTOR('',#5127,1.0);
#4123=CARTESIAN_POINT('',(-5.1,4.29,1.2));
#4124=CARTESIAN_POINT('',(1.5,4.29,1.2));
#4125=VECTOR('',#5128,1.0);
#4126=CARTESIAN_POINT('',(-5.1,0.649999999999999,1.2));
#4127=CARTESIAN_POINT('',(-5.1,4.29,1.2));
#4128=VECTOR('',#5129,1.0);
#4129=CARTESIAN_POINT('',(-4.87025818570827,0.65,1.2));
#4130=CARTESIAN_POINT('',(-4.55,0.65,1.2));
#4131=VECTOR('',#5130,1.0);
#4132=CARTESIAN_POINT('',(-4.87025818570827,0.870000000000001,1.2));
#4133=CARTESIAN_POINT('',(-4.87025818570827,10.482,1.2));
#4134=VECTOR('',#5131,1.0);
#4135=CARTESIAN_POINT('',(-4.87,0.870000000000001,1.2));
#4136=CARTESIAN_POINT('',(-4.87025818570827,0.870000000000001,1.2));
#4137=VECTOR('',#5132,1.0);
#4138=CARTESIAN_POINT('',(-4.87,2.44,1.2));
#4139=VECTOR('',#5133,1.0);
#4140=CARTESIAN_POINT('',(-4.55,0.65,1.05));
#4141=CARTESIAN_POINT('',(-4.55,-0.21,1.05));
#4142=CARTESIAN_POINT('',(-4.55,-0.21,1.05));
#4143=VECTOR('',#5134,1.0);
#4144=CARTESIAN_POINT('',(-4.55,0.65,0.55));
#4145=VECTOR('',#5135,1.0);
#4146=CARTESIAN_POINT('',(-4.55,-0.21,0.55));
#4147=VECTOR('',#5136,1.0);
#4148=CARTESIAN_POINT('',(-4.78012909285414,0.65,1.05));
#4149=CARTESIAN_POINT('',(-4.4983471806447,0.65,0.581036145012343));
#4150=VECTOR('',#5137,1.0);
#4151=CARTESIAN_POINT('',(-5.1,0.649999999999999,0.55));
#4152=VECTOR('',#5138,1.0);
#4153=CARTESIAN_POINT('',(-4.55,0.65,1.05));
#4154=VECTOR('',#5139,1.0);
#4155=CARTESIAN_POINT('',(-5.1,0.720000000000001,-0.2));
#4156=CARTESIAN_POINT('',(-4.43,0.719999999999999,-0.2));
#4157=CARTESIAN_POINT('',(-5.1,0.720000000000001,-0.2));
#4158=VECTOR('',#5140,1.0);
#4159=CARTESIAN_POINT('',(-5.1,3.52857864376269,-0.2));
#4160=CARTESIAN_POINT('',(-5.1,4.29,-0.2));
#4161=VECTOR('',#5141,1.0);
#4162=CARTESIAN_POINT('',(1.5,3.52857864376269,-0.2));
#4163=CARTESIAN_POINT('',(0.0,3.52857864376269,-0.2));
#4164=VECTOR('',#5142,1.0);
#4165=CARTESIAN_POINT('',(1.5,0.720000000000001,-0.2));
#4166=CARTESIAN_POINT('',(1.5,-0.21,-0.2));
#4167=VECTOR('',#5143,1.0);
#4168=CARTESIAN_POINT('',(0.83,0.719999999999999,-0.2));
#4169=CARTESIAN_POINT('',(0.83,0.719999999999999,-0.2));
#4170=VECTOR('',#5144,1.0);
#4171=CARTESIAN_POINT('',(0.83,-0.21,-0.2));
#4172=VECTOR('',#5145,1.0);
#4173=CARTESIAN_POINT('',(-0.389999999999999,0.470000000000001,-0.2));
#4174=CARTESIAN_POINT('',(-0.389999999999999,0.470000000000001,-0.2));
#4175=VECTOR('',#5146,1.0);
#4176=CARTESIAN_POINT('',(-3.21,0.47,-0.2));
#4177=CARTESIAN_POINT('',(-3.21,0.47,-0.2));
#4178=VECTOR('',#5147,1.0);
#4179=CARTESIAN_POINT('',(-3.75,-0.21,-0.2));
#4180=CARTESIAN_POINT('',(-3.75,-0.21,-0.2));
#4181=VECTOR('',#5148,1.0);
#4182=CARTESIAN_POINT('',(-4.43,-0.209999999999999,-0.2));
#4183=CARTESIAN_POINT('',(-5.1,-0.21,-0.2));
#4184=VECTOR('',#5149,1.0);
#4185=CARTESIAN_POINT('',(-4.43,0.719999999999999,-0.2));
#4186=VECTOR('',#5150,1.0);
#4187=CARTESIAN_POINT('',(1.5,0.720000000000001,-0.1));
#4188=CARTESIAN_POINT('',(1.5,0.720000000000001,-0.1));
#4189=VECTOR('',#5151,1.0);
#4190=CARTESIAN_POINT('',(1.5,3.77,-0.1));
#4191=CARTESIAN_POINT('',(1.5,0.832476913210033,-1.31676190233249));
#4192=VECTOR('',#5152,1.0);
#4193=CARTESIAN_POINT('',(1.5,3.91,-0.1));
#4194=VECTOR('',#5153,1.0);
#4195=CARTESIAN_POINT('',(1.5,4.29,1.2));
#4196=VECTOR('',#5154,1.0);
#4197=CARTESIAN_POINT('',(1.5,0.650000000000002,0.55));
#4198=CARTESIAN_POINT('',(1.5,0.650000000000002,0.55));
#4199=VECTOR('',#5155,1.0);
#4200=CARTESIAN_POINT('',(1.5,-0.209999999999998,0.55));
#4201=VECTOR('',#5156,1.0);
#4202=CARTESIAN_POINT('',(1.5,0.720000000000001,-0.1));
#4203=VECTOR('',#5157,1.0);
#4204=CARTESIAN_POINT('',(-5.1,-0.21,1.2));
#4205=VECTOR('',#5158,1.0);
#4206=CARTESIAN_POINT('',(-5.1,4.29,1.2));
#4207=VECTOR('',#5159,1.0);
#4208=CARTESIAN_POINT('',(-5.1,4.21,0.32));
#4209=CARTESIAN_POINT('',(-5.1,4.21,0.56));
#4210=VECTOR('',#5160,1.0);
#4211=CARTESIAN_POINT('',(-5.1,4.21,0.32));
#4212=VECTOR('',#5161,1.0);
#4213=CARTESIAN_POINT('',(-5.1,3.77,-0.1));
#4214=CARTESIAN_POINT('',(-5.1,3.91,-0.1));
#4215=VECTOR('',#5162,1.0);
#4216=CARTESIAN_POINT('',(-5.1,4.67346717087976,0.274228355337248));
#4217=VECTOR('',#5163,1.0);
#4218=CARTESIAN_POINT('',(-5.1,0.720000000000001,-0.1));
#4219=VECTOR('',#5164,1.0);
#4220=CARTESIAN_POINT('',(0.690000000000001,2.44,1.0));
#4221=CARTESIAN_POINT('',(0.690000000000001,2.44,1.0));
#4222=VECTOR('',#5165,1.0);
#4223=CARTESIAN_POINT('',(0.690000000000001,2.44,0.0));
#4224=CARTESIAN_POINT('',(0.690000000000001,2.44,0.0));
#4225=VECTOR('',#5166,1.0);
#4226=CARTESIAN_POINT('',(1.27,2.44,0.0));
#4227=CARTESIAN_POINT('',(1.27,2.44,0.0));
#4228=VECTOR('',#5167,1.0);
#4229=CARTESIAN_POINT('',(1.27,2.44,0.656076951545868));
#4230=CARTESIAN_POINT('',(1.27,2.44,0.0));
#4231=VECTOR('',#5168,1.0);
#4232=CARTESIAN_POINT('',(1.09,2.44,0.76));
#4233=CARTESIAN_POINT('',(1.09,2.44,0.76));
#4234=VECTOR('',#5169,1.0);
#4235=CARTESIAN_POINT('',(1.09,2.44,0.9));
#4236=CARTESIAN_POINT('',(1.09,2.44,0.9));
#4237=VECTOR('',#5170,1.0);
#4238=CARTESIAN_POINT('',(1.27,2.44,1.19957030682309));
#4239=VECTOR('',#5171,1.0);
#4240=CARTESIAN_POINT('',(-4.87,0.870000000000001,0.656076951545867));
#4241=CARTESIAN_POINT('',(-4.87,2.44,0.656076951545867));
#4242=CARTESIAN_POINT('',(-4.87,-13.103,0.656076951545867));
#4243=VECTOR('',#5172,1.0);
#4244=CARTESIAN_POINT('',(-4.87,0.87,0.0));
#4245=CARTESIAN_POINT('',(-4.87,0.87,0.0));
#4246=VECTOR('',#5173,1.0);
#4247=CARTESIAN_POINT('',(-4.87,2.44,0.0));
#4248=CARTESIAN_POINT('',(-4.87,2.44,0.0));
#4249=VECTOR('',#5174,1.0);
#4250=CARTESIAN_POINT('',(-4.87,2.44,0.0));
#4251=VECTOR('',#5175,1.0);
#4252=CARTESIAN_POINT('',(-4.29,2.44,1.0));
#4253=CARTESIAN_POINT('',(-4.29,2.44,0.0));
#4254=CARTESIAN_POINT('',(-4.29,2.44,0.0));
#4255=VECTOR('',#5176,1.0);
#4256=CARTESIAN_POINT('',(-4.29,2.44,1.0));
#4257=VECTOR('',#5177,1.0);
#4258=CARTESIAN_POINT('',(-4.87,2.44,1.19957030682309));
#4259=CARTESIAN_POINT('',(-4.87,2.44,0.0));
#4260=VECTOR('',#5178,1.0);
#4261=CARTESIAN_POINT('',(-4.69,2.44,0.9));
#4262=CARTESIAN_POINT('',(-4.69,2.44,0.9));
#4263=VECTOR('',#5179,1.0);
#4264=CARTESIAN_POINT('',(-4.69,2.44,0.76));
#4265=CARTESIAN_POINT('',(-4.69,2.44,0.76));
#4266=VECTOR('',#5180,1.0);
#4267=CARTESIAN_POINT('',(-4.87,2.44,0.656076951545867));
#4268=VECTOR('',#5181,1.0);
#4269=CARTESIAN_POINT('',(-4.29,2.44,0.0));
#4270=VECTOR('',#5182,1.0);
#4271=CARTESIAN_POINT('',(-3.75,-0.21,0.0));
#4272=CARTESIAN_POINT('',(-3.21,0.47,0.0));
#4273=CARTESIAN_POINT('',(-3.75,-0.21,0.0));
#4274=VECTOR('',#5183,1.0);
#4275=CARTESIAN_POINT('',(-3.75,-0.21,1.2));
#4276=VECTOR('',#5184,1.0);
#4277=CARTESIAN_POINT('',(-3.21,0.47,1.2));
#4278=VECTOR('',#5185,1.0);
#4279=CARTESIAN_POINT('',(-0.389999999999999,0.470000000000001,0.0));
#4280=CARTESIAN_POINT('',(-3.21,0.47,0.0));
#4281=VECTOR('',#5186,1.0);
#4282=CARTESIAN_POINT('',(-0.389999999999999,0.470000000000001,1.2));
#4283=VECTOR('',#5187,1.0);
#4284=CARTESIAN_POINT('',(-0.389999999999999,0.470000000000001,0.0));
#4285=VECTOR('',#5188,1.0);
#4286=CARTESIAN_POINT('',(-4.3,-0.209999999999999,0.0));
#4287=CARTESIAN_POINT('',(-4.3,-0.209999999999999,0.87));
#4288=CARTESIAN_POINT('',(-4.3,-0.209999999999999,0.0));
#4289=VECTOR('',#5189,1.0);
#4290=CARTESIAN_POINT('',(-4.48,-0.21,1.05));
#4291=CARTESIAN_POINT('',(-4.3,-0.21,0.87));
#4292=VECTOR('',#5190,1.0);
#4293=CARTESIAN_POINT('',(-4.3,-0.21,1.05));
#4294=VECTOR('',#5191,1.0);
#4295=CARTESIAN_POINT('',(-4.43,-0.209999999999999,-0.1));
#4296=VECTOR('',#5192,1.0);
#4297=CARTESIAN_POINT('',(-4.3,-0.21,0.0));
#4298=VECTOR('',#5193,1.0);
#4299=CARTESIAN_POINT('',(-3.5,2.42,3.46944695195361E-17));
#4300=CARTESIAN_POINT('',(-3.5,-6.92499999999999,3.46944695195361E-17));
#4301=VECTOR('',#5194,1.0);
#4302=CARTESIAN_POINT('',(-3.7,2.42,0.0));
#4303=CARTESIAN_POINT('',(-3.7,2.42,-4.16333634234434E-17));
#4304=VECTOR('',#5195,1.0);
#4305=CARTESIAN_POINT('',(-3.7,-6.92499999999999,-4.06575814682064E-17));
#4306=VECTOR('',#5196,1.0);
#4307=CARTESIAN_POINT('',(-4.6,2.92391217433221,0.0));
#4308=CARTESIAN_POINT('',(-4.6,3.47,0.0));
#4309=VECTOR('',#5197,1.0);
#4310=CARTESIAN_POINT('',(-4.29,2.92391217433221,0.0));
#4311=CARTESIAN_POINT('',(-4.6,2.92391217433221,0.0));
#4312=VECTOR('',#5198,1.0);
#4313=CARTESIAN_POINT('',(-4.29,2.84,0.0));
#4314=VECTOR('',#5199,1.0);
#4315=CARTESIAN_POINT('',(-4.3,0.870000000000001,0.0));
#4316=CARTESIAN_POINT('',(-4.87,0.87,0.0));
#4317=VECTOR('',#5200,1.0);
#4318=CARTESIAN_POINT('',(-4.3,0.870000000000001,0.0));
#4319=VECTOR('',#5201,1.0);
#4320=CARTESIAN_POINT('',(1.27,0.870000000000001,0.0));
#4321=VECTOR('',#5202,1.0);
#4322=CARTESIAN_POINT('',(0.690000000000001,2.92391217433221,0.0));
#4323=CARTESIAN_POINT('',(0.690000000000001,2.44,0.0));
#4324=VECTOR('',#5203,1.0);
#4325=CARTESIAN_POINT('',(1.0,2.92391217433221,0.0));
#4326=CARTESIAN_POINT('',(0.690000000000001,2.92391217433221,0.0));
#4327=VECTOR('',#5204,1.0);
#4328=CARTESIAN_POINT('',(1.0,2.84,0.0));
#4329=VECTOR('',#5205,1.0);
#4330=CARTESIAN_POINT('',(0.1,2.42,3.46944695195361E-17));
#4331=CARTESIAN_POINT('',(0.1,-6.92499999999999,3.46944695195361E-17));
#4332=VECTOR('',#5206,1.0);
#4333=CARTESIAN_POINT('',(-0.1,2.42,0.0));
#4334=CARTESIAN_POINT('',(-0.1,2.42,-4.16333634234434E-17));
#4335=VECTOR('',#5207,1.0);
#4336=CARTESIAN_POINT('',(-0.1,-6.92499999999999,-4.06575814682064E-17));
#4337=VECTOR('',#5208,1.0);
#4338=CARTESIAN_POINT('',(-1.1,2.42,3.46944695195361E-17));
#4339=CARTESIAN_POINT('',(-1.1,-6.92499999999999,3.46944695195361E-17));
#4340=VECTOR('',#5209,1.0);
#4341=CARTESIAN_POINT('',(-1.3,2.42,0.0));
#4342=CARTESIAN_POINT('',(-1.3,2.42,-4.16333634234434E-17));
#4343=VECTOR('',#5210,1.0);
#4344=CARTESIAN_POINT('',(-1.3,-6.92499999999999,-4.06575814682064E-17));
#4345=VECTOR('',#5211,1.0);
#4346=CARTESIAN_POINT('',(-2.3,2.42,3.46944695195361E-17));
#4347=CARTESIAN_POINT('',(-2.3,-6.92499999999999,3.46944695195361E-17));
#4348=VECTOR('',#5212,1.0);
#4349=CARTESIAN_POINT('',(-2.5,2.42,0.0));
#4350=CARTESIAN_POINT('',(-2.5,2.42,-4.16333634234434E-17));
#4351=VECTOR('',#5213,1.0);
#4352=CARTESIAN_POINT('',(-2.5,-6.92499999999999,-4.06575814682064E-17));
#4353=VECTOR('',#5214,1.0);
#4354=CARTESIAN_POINT('',(-4.87,0.870000000000001,1.19957030682309));
#4355=CARTESIAN_POINT('',(-4.87,0.87,0.0));
#4356=VECTOR('',#5215,1.0);
#4357=CARTESIAN_POINT('',(-4.87,-13.103,1.19957030682309));
#4358=VECTOR('',#5216,1.0);
#4359=CARTESIAN_POINT('',(-4.73206024333193,0.870000000000001,0.97));
#4360=CARTESIAN_POINT('',(-4.4,0.870000000000001,0.97));
#4361=CARTESIAN_POINT('',(-4.3,0.870000000000001,0.97));
#4362=VECTOR('',#5217,1.0);
#4363=CARTESIAN_POINT('',(-4.3,0.870000000000001,0.87));
#4364=CARTESIAN_POINT('',(-4.3,0.870000000000001,0.87));
#4365=VECTOR('',#5218,1.0);
#4366=CARTESIAN_POINT('',(-4.3,0.870000000000001,0.0));
#4367=VECTOR('',#5219,1.0);
#4368=CARTESIAN_POINT('',(-4.69,0.87,0.76));
#4369=CARTESIAN_POINT('',(-4.87,0.870000000000001,0.656076951545867));
#4370=VECTOR('',#5220,1.0);
#4371=CARTESIAN_POINT('',(-4.69,0.87,0.9));
#4372=CARTESIAN_POINT('',(-4.69,0.870000000000001,0.76));
#4373=VECTOR('',#5221,1.0);
#4374=CARTESIAN_POINT('',(-4.69,0.870000000000001,0.9));
#4375=VECTOR('',#5222,1.0);
#4376=CARTESIAN_POINT('',(-4.3,-0.209999999999999,0.87));
#4377=VECTOR('',#5223,1.0);
#4378=CARTESIAN_POINT('',(1.27,-13.103,0.656076951545867));
#4379=VECTOR('',#5224,1.0);
#4380=CARTESIAN_POINT('',(0.690000000000001,2.8539853623887,1.0));
#4381=CARTESIAN_POINT('',(0.690000000000001,2.84,1.0));
#4382=VECTOR('',#5225,1.0);
#4383=CARTESIAN_POINT('',(0.690000000000001,2.92155747432435,0.0336737789470709));
#4384=VECTOR('',#5226,1.0);
#4385=CARTESIAN_POINT('',(0.690487189948036,2.85395129474883,1.00048718994804));
#4386=CARTESIAN_POINT('',(0.704439036586804,2.85297568659265,1.0144390365868));
#4387=VECTOR('',#5227,1.0);
#4388=CARTESIAN_POINT('',(1.00048718994804,2.85395129474883,1.00048718994804));
#4389=CARTESIAN_POINT('',(1.0,2.85395129474883,1.00048718994804));
#4390=VECTOR('',#5228,1.0);
#4391=CARTESIAN_POINT('',(1.0,2.8539853623887,1.0));
#4392=CARTESIAN_POINT('',(0.945621923747516,2.85778784790066,0.945621923747514));
#4393=VECTOR('',#5229,1.0);
#4394=CARTESIAN_POINT('',(1.0,2.92350386057604,0.00583915875505781));
#4395=VECTOR('',#5230,1.0);
#4396=CARTESIAN_POINT('',(1.0,3.47,1.0));
#4397=VECTOR('',#5231,1.0);
#4398=CARTESIAN_POINT('',(-4.6,2.8539853623887,1.0));
#4399=CARTESIAN_POINT('',(-4.6,2.84,1.0));
#4400=VECTOR('',#5232,1.0);
#4401=CARTESIAN_POINT('',(-4.6,2.84,1.2));
#4402=VECTOR('',#5233,1.0);
#4403=CARTESIAN_POINT('',(-4.60048718994804,2.85395129474883,1.00048718994803));
#4404=CARTESIAN_POINT('',(-4.29048718994804,2.85395129474883,1.00048718994803));
#4405=CARTESIAN_POINT('',(-4.29,2.85395129474883,1.00048718994803));
#4406=VECTOR('',#5234,1.0);
#4407=CARTESIAN_POINT('',(-4.29,2.8539853623887,1.0));
#4408=CARTESIAN_POINT('',(-4.29048778333139,2.85395125325542,1.00048778333138));
#4409=VECTOR('',#5235,1.0);
#4410=CARTESIAN_POINT('',(-4.29,2.84,1.2));
#4411=VECTOR('',#5236,1.0);
#4412=CARTESIAN_POINT('',(-4.70024389166569,2.84697562662771,1.10024389166569));
#4413=VECTOR('',#5237,1.0);
#4414=CARTESIAN_POINT('',(-4.29,2.44,1.0));
#4415=VECTOR('',#5238,1.0);
#4416=CARTESIAN_POINT('',(0.950000000000001,0.650000000000002,0.55));
#4417=CARTESIAN_POINT('',(0.950000000000001,0.650000000000002,1.05));
#4418=CARTESIAN_POINT('',(0.950000000000001,0.650000000000002,0.55));
#4419=VECTOR('',#5239,1.0);
#4420=CARTESIAN_POINT('',(0.950000000000001,0.650000000000002,1.05));
#4421=VECTOR('',#5240,1.0);
#4422=CARTESIAN_POINT('',(0.950000000000001,0.650000000000002,0.55));
#4423=VECTOR('',#5241,1.0);
#4424=CARTESIAN_POINT('',(1.18012909285414,0.650000000000002,1.05));
#4425=CARTESIAN_POINT('',(1.04424250087858,0.650000000000002,0.82384673304855));
#4426=VECTOR('',#5242,1.0);
#4427=CARTESIAN_POINT('',(1.5,0.650000000000002,1.05));
#4428=VECTOR('',#5243,1.0);
#4429=CARTESIAN_POINT('',(1.5,0.650000000000002,0.55));
#4430=VECTOR('',#5244,1.0);
#4431=CARTESIAN_POINT('',(1.215,0.22,0.55));
#4432=CARTESIAN_POINT('',(1.215,0.640000000000001,0.55));
#4433=CARTESIAN_POINT('',(1.215,0.0,0.55));
#4434=VECTOR('',#5245,1.0);
#4435=CARTESIAN_POINT('',(1.015,0.22,0.55));
#4436=CARTESIAN_POINT('',(0.0,0.22,0.55));
#4437=VECTOR('',#5246,1.0);
#4438=CARTESIAN_POINT('',(1.015,0.640000000000002,0.55));
#4439=CARTESIAN_POINT('',(1.015,0.0,0.55));
#4440=VECTOR('',#5247,1.0);
#4441=CARTESIAN_POINT('',(0.0,0.640000000000001,0.55));
#4442=VECTOR('',#5248,1.0);
#4443=CARTESIAN_POINT('',(-3.7,4.21,0.32));
#4444=CARTESIAN_POINT('',(-3.7,4.21,0.56));
#4445=VECTOR('',#5249,1.0);
#4446=CARTESIAN_POINT('',(1.5,4.21,0.32));
#4447=VECTOR('',#5250,1.0);
#4448=CARTESIAN_POINT('',(-3.7,4.21,0.32));
#4449=VECTOR('',#5251,1.0);
#4450=CARTESIAN_POINT('',(-5.1,3.77,-0.1));
#4451=VECTOR('',#5252,1.0);
#4452=CARTESIAN_POINT('',(-4.69,-13.103,0.76));
#4453=VECTOR('',#5253,1.0);
#4454=CARTESIAN_POINT('',(-4.69,-13.103,0.9));
#4455=VECTOR('',#5254,1.0);
#4456=CARTESIAN_POINT('',(-4.78012909285414,0.870000000000001,1.05));
#4457=VECTOR('',#5255,1.0);
#4458=CARTESIAN_POINT('',(-4.78012909285414,0.790000000000001,1.05));
#4459=CARTESIAN_POINT('',(-4.78012909285414,10.482,1.05));
#4460=VECTOR('',#5256,1.0);
#4461=CARTESIAN_POINT('',(-8.26381025384788,-5.00781907929295,6.84781907929296));
#4462=VECTOR('',#5257,1.0);
#4463=CARTESIAN_POINT('',(1.09,-13.103,0.9));
#4464=VECTOR('',#5258,1.0);
#4465=CARTESIAN_POINT('',(1.09,-13.103,0.76));
#4466=VECTOR('',#5259,1.0);
#4467=CARTESIAN_POINT('',(1.18012909285414,0.790000000000001,1.05));
#4468=CARTESIAN_POINT('',(4.7675724532161,-5.18050837874493,7.02050837874495));
#4469=VECTOR('',#5260,1.0);
#4470=CARTESIAN_POINT('',(1.18012909285414,10.482,1.05));
#4471=VECTOR('',#5261,1.0);
#4472=CARTESIAN_POINT('',(1.18012909285414,0.870000000000001,1.05));
#4473=VECTOR('',#5262,1.0);
#4474=CARTESIAN_POINT('',(-4.43,0.719999999999999,-0.1));
#4475=VECTOR('',#5263,1.0);
#4476=CARTESIAN_POINT('',(0.83,0.719999999999999,-0.1));
#4477=CARTESIAN_POINT('',(0.83,0.719999999999999,-0.1));
#4478=VECTOR('',#5264,1.0);
#4479=CARTESIAN_POINT('',(0.83,-0.21,-0.1));
#4480=VECTOR('',#5265,1.0);
#4481=CARTESIAN_POINT('',(0.83,0.719999999999999,-0.1));
#4482=VECTOR('',#5266,1.0);
#4483=CARTESIAN_POINT('',(1.215,0.639999999999998,-0.1));
#4484=CARTESIAN_POINT('',(1.215,0.200000000000003,-0.1));
#4485=CARTESIAN_POINT('',(1.215,0.0,-0.1));
#4486=VECTOR('',#5267,1.0);
#4487=CARTESIAN_POINT('',(1.015,0.639999999999998,-0.1));
#4488=CARTESIAN_POINT('',(0.0,0.639999999999998,-0.1));
#4489=VECTOR('',#5268,1.0);
#4490=CARTESIAN_POINT('',(1.015,0.200000000000003,-0.1));
#4491=CARTESIAN_POINT('',(1.015,0.0,-0.1));
#4492=VECTOR('',#5269,1.0);
#4493=CARTESIAN_POINT('',(0.0,0.200000000000003,-0.1));
#4494=VECTOR('',#5270,1.0);
#4495=CARTESIAN_POINT('',(0.880000000000001,0.790000000000001,1.05));
#4496=CARTESIAN_POINT('',(0.700000000000001,0.790000000000001,1.05));
#4497=VECTOR('',#5271,1.0);
#4498=CARTESIAN_POINT('',(0.880000000000001,10.482,1.05));
#4499=VECTOR('',#5272,1.0);
#4500=CARTESIAN_POINT('',(-4.48,0.790000000000001,1.05));
#4501=CARTESIAN_POINT('',(-4.48,0.870000000000001,1.05));
#4502=VECTOR('',#5273,1.0);
#4503=CARTESIAN_POINT('',(-4.78012909285414,0.790000000000001,1.05));
#4504=VECTOR('',#5274,1.0);
#4505=CARTESIAN_POINT('',(-0.1,3.94,0.220000000000001));
#4506=CARTESIAN_POINT('',(-0.1,3.94,-0.15));
#4507=CARTESIAN_POINT('',(-0.1,3.94,0.22));
#4508=VECTOR('',#5275,1.0);
#4509=CARTESIAN_POINT('',(0.1,3.94,-0.15));
#4510=CARTESIAN_POINT('',(0.1,3.94,-0.15));
#4511=VECTOR('',#5276,1.0);
#4512=CARTESIAN_POINT('',(0.1,3.94,0.220000000000001));
#4513=CARTESIAN_POINT('',(0.1,3.94,0.22));
#4514=VECTOR('',#5277,1.0);
#4515=CARTESIAN_POINT('',(0.1,3.94,0.220000000000001));
#4516=VECTOR('',#5278,1.0);
#4517=CARTESIAN_POINT('',(-0.1,4.04,-0.25));
#4518=AXIS2_PLACEMENT_3D('',#5279,#5280,#5281);
#4519=CARTESIAN_POINT('',(0.1,4.04,-0.25));
#4520=CARTESIAN_POINT('',(0.1,4.04,-0.25));
#4521=VECTOR('',#5282,1.0);
#4522=AXIS2_PLACEMENT_3D('',#5283,#5284,#5285);
#4523=CARTESIAN_POINT('',(-0.1,4.27,-0.25));
#4524=CARTESIAN_POINT('',(-0.1,4.04,-0.25));
#4525=VECTOR('',#5286,1.0);
#4526=CARTESIAN_POINT('',(0.1,4.27,-0.25));
#4527=CARTESIAN_POINT('',(0.1,4.27,-0.25));
#4528=VECTOR('',#5287,1.0);
#4529=CARTESIAN_POINT('',(0.1,4.04,-0.25));
#4530=VECTOR('',#5288,1.0);
#4531=CARTESIAN_POINT('',(-0.1,4.32,-0.2));
#4532=AXIS2_PLACEMENT_3D('',#5289,#5290,#5291);
#4533=CARTESIAN_POINT('',(0.1,4.32,-0.2));
#4534=CARTESIAN_POINT('',(0.1,4.32,-0.2));
#4535=VECTOR('',#5292,1.0);
#4536=AXIS2_PLACEMENT_3D('',#5293,#5294,#5295);
#4537=CARTESIAN_POINT('',(-0.1,4.32,-0.00999999999999959));
#4538=CARTESIAN_POINT('',(-0.1,4.32,-0.2));
#4539=VECTOR('',#5296,1.0);
#4540=CARTESIAN_POINT('',(0.1,4.32,-0.00999999999999959));
#4541=CARTESIAN_POINT('',(0.1,4.32,-0.00999999999999959));
#4542=VECTOR('',#5297,1.0);
#4543=CARTESIAN_POINT('',(0.1,4.32,-0.2));
#4544=VECTOR('',#5298,1.0);
#4545=CARTESIAN_POINT('',(-0.1,4.30059003597152,0.0295505966991807));
#4546=AXIS2_PLACEMENT_3D('',#5299,#5300,#5301);
#4547=CARTESIAN_POINT('',(0.1,4.30059003597152,0.0295505966991807));
#4548=CARTESIAN_POINT('',(0.1,4.30059003597152,0.0295505966991807));
#4549=VECTOR('',#5302,1.0);
#4550=AXIS2_PLACEMENT_3D('',#5303,#5304,#5305);
#4551=CARTESIAN_POINT('',(-0.1,4.19329195683418,0.112539283960983));
#4552=CARTESIAN_POINT('',(-0.1,4.30059003597152,0.0295505966991821));
#4553=VECTOR('',#5306,1.0);
#4554=CARTESIAN_POINT('',(0.1,4.19329195683418,0.112539283960983));
#4555=CARTESIAN_POINT('',(0.1,4.19329195683418,0.112539283960983));
#4556=VECTOR('',#5307,1.0);
#4557=CARTESIAN_POINT('',(0.1,4.30059003597152,0.0295505966991821));
#4558=VECTOR('',#5308,1.0);
#4559=CARTESIAN_POINT('',(-0.1,4.22,0.219160797830997));
#4560=AXIS2_PLACEMENT_3D('',#5309,#5310,#5311);
#4561=CARTESIAN_POINT('',(0.1,4.22,0.219160797830997));
#4562=CARTESIAN_POINT('',(0.1,4.22,0.219160797830997));
#4563=VECTOR('',#5312,1.0);
#4564=AXIS2_PLACEMENT_3D('',#5313,#5314,#5315);
#4565=AXIS2_PLACEMENT_3D('',#5316,#5317,#5318);
#4566=CARTESIAN_POINT('',(0.1,4.22,0.219160797830996));
#4567=VECTOR('',#5319,1.0);
#4568=CARTESIAN_POINT('',(-0.1,4.22,0.219160797830996));
#4569=VECTOR('',#5320,1.0);
#4570=AXIS2_PLACEMENT_3D('',#5321,#5322,#5323);
#4571=CARTESIAN_POINT('',(0.1,2.42,0.719999999999999));
#4572=CARTESIAN_POINT('',(0.1,4.22,0.72));
#4573=VECTOR('',#5324,1.0);
#4574=CARTESIAN_POINT('',(-0.1,2.42,0.719999999999999));
#4575=CARTESIAN_POINT('',(-0.1,4.22,0.72));
#4576=VECTOR('',#5325,1.0);
#4577=CARTESIAN_POINT('',(0.1,2.42,0.719999999999999));
#4578=VECTOR('',#5326,1.0);
#4579=CARTESIAN_POINT('',(0.1,2.42,0.719999999999999));
#4580=VECTOR('',#5327,1.0);
#4581=CARTESIAN_POINT('',(-0.1,2.42,0.719999999999999));
#4582=VECTOR('',#5328,1.0);
#4583=CARTESIAN_POINT('',(1.015,0.200000000000003,-0.2));
#4584=CARTESIAN_POINT('',(1.015,0.250000000000003,-0.25));
#4585=CARTESIAN_POINT('',(1.015,0.200000000000002,-0.2));
#4586=VECTOR('',#5329,1.0);
#4587=CARTESIAN_POINT('',(1.215,0.250000000000003,-0.25));
#4588=CARTESIAN_POINT('',(1.215,0.250000000000003,-0.25));
#4589=VECTOR('',#5330,1.0);
#4590=CARTESIAN_POINT('',(1.215,0.200000000000003,-0.2));
#4591=CARTESIAN_POINT('',(1.215,0.200000000000002,-0.2));
#4592=VECTOR('',#5331,1.0);
#4593=CARTESIAN_POINT('',(1.215,0.200000000000003,-0.2));
#4594=VECTOR('',#5332,1.0);
#4595=CARTESIAN_POINT('',(1.015,0.589999999999998,-0.25));
#4596=CARTESIAN_POINT('',(1.015,0.250000000000003,-0.25));
#4597=VECTOR('',#5333,1.0);
#4598=CARTESIAN_POINT('',(1.215,0.589999999999998,-0.25));
#4599=CARTESIAN_POINT('',(1.215,0.589999999999998,-0.25));
#4600=VECTOR('',#5334,1.0);
#4601=CARTESIAN_POINT('',(1.215,0.250000000000003,-0.25));
#4602=VECTOR('',#5335,1.0);
#4603=CARTESIAN_POINT('',(1.015,0.640000000000001,-0.170000000000002));
#4604=CARTESIAN_POINT('',(1.015,0.589999999999998,-0.25));
#4605=VECTOR('',#5336,1.0);
#4606=CARTESIAN_POINT('',(1.215,0.640000000000001,-0.170000000000002));
#4607=CARTESIAN_POINT('',(1.215,0.640000000000001,-0.170000000000002));
#4608=VECTOR('',#5337,1.0);
#4609=CARTESIAN_POINT('',(1.215,0.589999999999998,-0.25));
#4610=VECTOR('',#5338,1.0);
#4611=CARTESIAN_POINT('',(1.015,0.639999999999998,-0.17));
#4612=VECTOR('',#5339,1.0);
#4613=CARTESIAN_POINT('',(1.015,0.200000000000003,0.340000000000001));
#4614=VECTOR('',#5340,1.0);
#4615=CARTESIAN_POINT('',(1.215,0.639999999999998,-0.17));
#4616=VECTOR('',#5341,1.0);
#4617=CARTESIAN_POINT('',(1.215,0.200000000000003,0.340000000000001));
#4618=VECTOR('',#5342,1.0);
#4619=CARTESIAN_POINT('',(1.015,0.640000000000002,1.0));
#4620=CARTESIAN_POINT('',(1.015,0.639999999999998,-0.17));
#4621=VECTOR('',#5343,1.0);
#4622=CARTESIAN_POINT('',(1.215,0.640000000000002,1.0));
#4623=CARTESIAN_POINT('',(1.215,0.640000000000002,1.0));
#4624=VECTOR('',#5344,1.0);
#4625=CARTESIAN_POINT('',(1.215,0.639999999999998,-0.17));
#4626=VECTOR('',#5345,1.0);
#4627=CARTESIAN_POINT('',(1.215,0.22,0.600000000000001));
#4628=CARTESIAN_POINT('',(1.215,0.22,0.600000000000001));
#4629=VECTOR('',#5346,1.0);
#4630=CARTESIAN_POINT('',(1.215,-0.0299999999999977,1.0));
#4631=CARTESIAN_POINT('',(1.215,0.640000000000002,1.0));
#4632=VECTOR('',#5347,1.0);
#4633=CARTESIAN_POINT('',(1.215,-0.0299999999999985,0.600000000000001));
#4634=CARTESIAN_POINT('',(1.215,-0.0299999999999977,1.0));
#4635=VECTOR('',#5348,1.0);
#4636=CARTESIAN_POINT('',(1.215,-0.0299999999999984,0.600000000000001));
#4637=VECTOR('',#5349,1.0);
#4638=CARTESIAN_POINT('',(1.015,0.22,0.600000000000001));
#4639=CARTESIAN_POINT('',(1.015,0.22,0.600000000000001));
#4640=VECTOR('',#5350,1.0);
#4641=CARTESIAN_POINT('',(1.015,-0.0299999999999985,0.600000000000001));
#4642=CARTESIAN_POINT('',(1.015,-0.0299999999999984,0.600000000000001));
#4643=VECTOR('',#5351,1.0);
#4644=CARTESIAN_POINT('',(1.015,-0.0299999999999977,1.0));
#4645=CARTESIAN_POINT('',(1.015,-0.0299999999999977,1.0));
#4646=VECTOR('',#5352,1.0);
#4647=CARTESIAN_POINT('',(1.015,0.640000000000002,1.0));
#4648=VECTOR('',#5353,1.0);
#4649=CARTESIAN_POINT('',(1.215,-0.0299999999999985,0.600000000000001));
#4650=VECTOR('',#5354,1.0);
#4651=CARTESIAN_POINT('',(1.215,-0.0299999999999977,1.0));
#4652=VECTOR('',#5355,1.0);
#4653=CARTESIAN_POINT('',(1.215,0.22,0.600000000000001));
#4654=VECTOR('',#5356,1.0);
#4655=CARTESIAN_POINT('',(-4.615,0.589999999999998,-0.25));
#4656=CARTESIAN_POINT('',(-4.615,0.640000000000001,-0.170000000000002));
#4657=CARTESIAN_POINT('',(-4.615,0.589999999999998,-0.25));
#4658=VECTOR('',#5357,1.0);
#4659=CARTESIAN_POINT('',(-4.815,0.589999999999998,-0.25));
#4660=CARTESIAN_POINT('',(-4.815,0.589999999999998,-0.25));
#4661=VECTOR('',#5358,1.0);
#4662=CARTESIAN_POINT('',(-4.815,0.640000000000001,-0.170000000000002));
#4663=CARTESIAN_POINT('',(-4.815,0.589999999999998,-0.25));
#4664=VECTOR('',#5359,1.0);
#4665=CARTESIAN_POINT('',(-4.815,0.640000000000001,-0.170000000000002));
#4666=VECTOR('',#5360,1.0);
#4667=CARTESIAN_POINT('',(-4.615,0.250000000000003,-0.25));
#4668=CARTESIAN_POINT('',(-4.615,0.250000000000003,-0.25));
#4669=VECTOR('',#5361,1.0);
#4670=CARTESIAN_POINT('',(-4.815,0.250000000000003,-0.25));
#4671=CARTESIAN_POINT('',(-4.815,0.250000000000003,-0.25));
#4672=VECTOR('',#5362,1.0);
#4673=CARTESIAN_POINT('',(-4.815,0.250000000000003,-0.25));
#4674=VECTOR('',#5363,1.0);
#4675=CARTESIAN_POINT('',(-4.615,0.200000000000003,-0.2));
#4676=CARTESIAN_POINT('',(-4.615,0.200000000000002,-0.2));
#4677=VECTOR('',#5364,1.0);
#4678=CARTESIAN_POINT('',(-4.815,0.200000000000003,-0.2));
#4679=CARTESIAN_POINT('',(-4.815,0.200000000000003,-0.2));
#4680=VECTOR('',#5365,1.0);
#4681=CARTESIAN_POINT('',(-4.815,0.200000000000002,-0.2));
#4682=VECTOR('',#5366,1.0);
#4683=CARTESIAN_POINT('',(-4.615,0.639999999999998,-0.17));
#4684=VECTOR('',#5367,1.0);
#4685=CARTESIAN_POINT('',(-4.615,0.200000000000003,0.340000000000001));
#4686=VECTOR('',#5368,1.0);
#4687=CARTESIAN_POINT('',(-4.815,0.639999999999998,-0.17));
#4688=VECTOR('',#5369,1.0);
#4689=CARTESIAN_POINT('',(-4.815,0.200000000000003,0.340000000000001));
#4690=VECTOR('',#5370,1.0);
#4691=CARTESIAN_POINT('',(-4.615,0.640000000000002,1.0));
#4692=CARTESIAN_POINT('',(-4.615,0.639999999999998,-0.17));
#4693=VECTOR('',#5371,1.0);
#4694=CARTESIAN_POINT('',(-4.815,0.640000000000002,1.0));
#4695=CARTESIAN_POINT('',(-4.815,0.639999999999998,-0.17));
#4696=VECTOR('',#5372,1.0);
#4697=CARTESIAN_POINT('',(-4.815,0.640000000000002,1.0));
#4698=VECTOR('',#5373,1.0);
#4699=CARTESIAN_POINT('',(-4.815,0.22,0.600000000000001));
#4700=CARTESIAN_POINT('',(-4.815,0.22,0.600000000000001));
#4701=VECTOR('',#5374,1.0);
#4702=CARTESIAN_POINT('',(-4.815,-0.0299999999999985,0.600000000000001));
#4703=CARTESIAN_POINT('',(-4.815,-0.0299999999999984,0.600000000000001));
#4704=VECTOR('',#5375,1.0);
#4705=CARTESIAN_POINT('',(-4.815,-0.0299999999999977,1.0));
#4706=CARTESIAN_POINT('',(-4.815,-0.0299999999999977,1.0));
#4707=VECTOR('',#5376,1.0);
#4708=CARTESIAN_POINT('',(-4.815,0.640000000000002,1.0));
#4709=VECTOR('',#5377,1.0);
#4710=CARTESIAN_POINT('',(-4.615,0.22,0.600000000000001));
#4711=CARTESIAN_POINT('',(-4.615,0.22,0.600000000000001));
#4712=VECTOR('',#5378,1.0);
#4713=CARTESIAN_POINT('',(-4.615,-0.0299999999999977,1.0));
#4714=CARTESIAN_POINT('',(-4.615,0.640000000000002,1.0));
#4715=VECTOR('',#5379,1.0);
#4716=CARTESIAN_POINT('',(-4.615,-0.0299999999999985,0.600000000000001));
#4717=CARTESIAN_POINT('',(-4.615,-0.0299999999999977,1.0));
#4718=VECTOR('',#5380,1.0);
#4719=CARTESIAN_POINT('',(-4.615,-0.0299999999999984,0.600000000000001));
#4720=VECTOR('',#5381,1.0);
#4721=CARTESIAN_POINT('',(-4.815,-0.0299999999999977,1.0));
#4722=VECTOR('',#5382,1.0);
#4723=CARTESIAN_POINT('',(-4.815,-0.0299999999999985,0.600000000000001));
#4724=VECTOR('',#5383,1.0);
#4725=CARTESIAN_POINT('',(-4.815,0.22,0.600000000000001));
#4726=VECTOR('',#5384,1.0);
#4727=CARTESIAN_POINT('',(-1.3,3.94,0.220000000000001));
#4728=CARTESIAN_POINT('',(-1.3,3.94,-0.15));
#4729=CARTESIAN_POINT('',(-1.3,3.94,0.22));
#4730=VECTOR('',#5385,1.0);
#4731=CARTESIAN_POINT('',(-1.1,3.94,-0.15));
#4732=CARTESIAN_POINT('',(-1.1,3.94,-0.15));
#4733=VECTOR('',#5386,1.0);
#4734=CARTESIAN_POINT('',(-1.1,3.94,0.220000000000001));
#4735=CARTESIAN_POINT('',(-1.1,3.94,0.22));
#4736=VECTOR('',#5387,1.0);
#4737=CARTESIAN_POINT('',(-1.1,3.94,0.220000000000001));
#4738=VECTOR('',#5388,1.0);
#4739=CARTESIAN_POINT('',(-1.3,4.04,-0.25));
#4740=AXIS2_PLACEMENT_3D('',#5389,#5390,#5391);
#4741=CARTESIAN_POINT('',(-1.1,4.04,-0.25));
#4742=CARTESIAN_POINT('',(-1.1,4.04,-0.25));
#4743=VECTOR('',#5392,1.0);
#4744=AXIS2_PLACEMENT_3D('',#5393,#5394,#5395);
#4745=CARTESIAN_POINT('',(-1.3,4.27,-0.25));
#4746=CARTESIAN_POINT('',(-1.3,4.04,-0.25));
#4747=VECTOR('',#5396,1.0);
#4748=CARTESIAN_POINT('',(-1.1,4.27,-0.25));
#4749=CARTESIAN_POINT('',(-1.1,4.27,-0.25));
#4750=VECTOR('',#5397,1.0);
#4751=CARTESIAN_POINT('',(-1.1,4.04,-0.25));
#4752=VECTOR('',#5398,1.0);
#4753=CARTESIAN_POINT('',(-1.3,4.32,-0.2));
#4754=AXIS2_PLACEMENT_3D('',#5399,#5400,#5401);
#4755=CARTESIAN_POINT('',(-1.1,4.32,-0.2));
#4756=CARTESIAN_POINT('',(-1.1,4.32,-0.2));
#4757=VECTOR('',#5402,1.0);
#4758=AXIS2_PLACEMENT_3D('',#5403,#5404,#5405);
#4759=CARTESIAN_POINT('',(-1.3,4.32,-0.00999999999999959));
#4760=CARTESIAN_POINT('',(-1.3,4.32,-0.2));
#4761=VECTOR('',#5406,1.0);
#4762=CARTESIAN_POINT('',(-1.1,4.32,-0.00999999999999959));
#4763=CARTESIAN_POINT('',(-1.1,4.32,-0.00999999999999959));
#4764=VECTOR('',#5407,1.0);
#4765=CARTESIAN_POINT('',(-1.1,4.32,-0.2));
#4766=VECTOR('',#5408,1.0);
#4767=CARTESIAN_POINT('',(-1.3,4.30059003597152,0.0295505966991807));
#4768=AXIS2_PLACEMENT_3D('',#5409,#5410,#5411);
#4769=CARTESIAN_POINT('',(-1.1,4.30059003597152,0.0295505966991807));
#4770=CARTESIAN_POINT('',(-1.1,4.30059003597152,0.0295505966991807));
#4771=VECTOR('',#5412,1.0);
#4772=AXIS2_PLACEMENT_3D('',#5413,#5414,#5415);
#4773=CARTESIAN_POINT('',(-1.3,4.19329195683418,0.112539283960983));
#4774=CARTESIAN_POINT('',(-1.3,4.30059003597152,0.0295505966991821));
#4775=VECTOR('',#5416,1.0);
#4776=CARTESIAN_POINT('',(-1.1,4.19329195683418,0.112539283960983));
#4777=CARTESIAN_POINT('',(-1.1,4.19329195683418,0.112539283960983));
#4778=VECTOR('',#5417,1.0);
#4779=CARTESIAN_POINT('',(-1.1,4.30059003597152,0.0295505966991821));
#4780=VECTOR('',#5418,1.0);
#4781=CARTESIAN_POINT('',(-1.3,4.22,0.219160797830997));
#4782=AXIS2_PLACEMENT_3D('',#5419,#5420,#5421);
#4783=CARTESIAN_POINT('',(-1.1,4.22,0.219160797830997));
#4784=CARTESIAN_POINT('',(-1.1,4.22,0.219160797830997));
#4785=VECTOR('',#5422,1.0);
#4786=AXIS2_PLACEMENT_3D('',#5423,#5424,#5425);
#4787=AXIS2_PLACEMENT_3D('',#5426,#5427,#5428);
#4788=CARTESIAN_POINT('',(-1.1,4.22,0.219160797830996));
#4789=VECTOR('',#5429,1.0);
#4790=CARTESIAN_POINT('',(-1.3,4.22,0.219160797830996));
#4791=VECTOR('',#5430,1.0);
#4792=AXIS2_PLACEMENT_3D('',#5431,#5432,#5433);
#4793=CARTESIAN_POINT('',(-1.1,2.42,0.719999999999999));
#4794=CARTESIAN_POINT('',(-1.1,4.22,0.72));
#4795=VECTOR('',#5434,1.0);
#4796=CARTESIAN_POINT('',(-1.3,2.42,0.719999999999999));
#4797=CARTESIAN_POINT('',(-1.3,4.22,0.72));
#4798=VECTOR('',#5435,1.0);
#4799=CARTESIAN_POINT('',(-1.1,2.42,0.719999999999999));
#4800=VECTOR('',#5436,1.0);
#4801=CARTESIAN_POINT('',(-1.1,2.42,0.719999999999999));
#4802=VECTOR('',#5437,1.0);
#4803=CARTESIAN_POINT('',(-1.3,2.42,0.719999999999999));
#4804=VECTOR('',#5438,1.0);
#4805=CARTESIAN_POINT('',(-2.5,3.94,0.220000000000001));
#4806=CARTESIAN_POINT('',(-2.5,3.94,-0.15));
#4807=CARTESIAN_POINT('',(-2.5,3.94,0.22));
#4808=VECTOR('',#5439,1.0);
#4809=CARTESIAN_POINT('',(-2.3,3.94,-0.15));
#4810=CARTESIAN_POINT('',(-2.3,3.94,-0.15));
#4811=VECTOR('',#5440,1.0);
#4812=CARTESIAN_POINT('',(-2.3,3.94,0.220000000000001));
#4813=CARTESIAN_POINT('',(-2.3,3.94,0.22));
#4814=VECTOR('',#5441,1.0);
#4815=CARTESIAN_POINT('',(-2.3,3.94,0.220000000000001));
#4816=VECTOR('',#5442,1.0);
#4817=CARTESIAN_POINT('',(-2.5,4.04,-0.25));
#4818=AXIS2_PLACEMENT_3D('',#5443,#5444,#5445);
#4819=CARTESIAN_POINT('',(-2.3,4.04,-0.25));
#4820=CARTESIAN_POINT('',(-2.3,4.04,-0.25));
#4821=VECTOR('',#5446,1.0);
#4822=AXIS2_PLACEMENT_3D('',#5447,#5448,#5449);
#4823=CARTESIAN_POINT('',(-2.5,4.27,-0.25));
#4824=CARTESIAN_POINT('',(-2.5,4.04,-0.25));
#4825=VECTOR('',#5450,1.0);
#4826=CARTESIAN_POINT('',(-2.3,4.27,-0.25));
#4827=CARTESIAN_POINT('',(-2.3,4.27,-0.25));
#4828=VECTOR('',#5451,1.0);
#4829=CARTESIAN_POINT('',(-2.3,4.04,-0.25));
#4830=VECTOR('',#5452,1.0);
#4831=CARTESIAN_POINT('',(-2.5,4.32,-0.2));
#4832=AXIS2_PLACEMENT_3D('',#5453,#5454,#5455);
#4833=CARTESIAN_POINT('',(-2.3,4.32,-0.2));
#4834=CARTESIAN_POINT('',(-2.3,4.32,-0.2));
#4835=VECTOR('',#5456,1.0);
#4836=AXIS2_PLACEMENT_3D('',#5457,#5458,#5459);
#4837=CARTESIAN_POINT('',(-2.5,4.32,-0.00999999999999959));
#4838=CARTESIAN_POINT('',(-2.5,4.32,-0.2));
#4839=VECTOR('',#5460,1.0);
#4840=CARTESIAN_POINT('',(-2.3,4.32,-0.00999999999999959));
#4841=CARTESIAN_POINT('',(-2.3,4.32,-0.00999999999999959));
#4842=VECTOR('',#5461,1.0);
#4843=CARTESIAN_POINT('',(-2.3,4.32,-0.2));
#4844=VECTOR('',#5462,1.0);
#4845=CARTESIAN_POINT('',(-2.5,4.30059003597152,0.0295505966991807));
#4846=AXIS2_PLACEMENT_3D('',#5463,#5464,#5465);
#4847=CARTESIAN_POINT('',(-2.3,4.30059003597152,0.0295505966991807));
#4848=CARTESIAN_POINT('',(-2.3,4.30059003597152,0.0295505966991807));
#4849=VECTOR('',#5466,1.0);
#4850=AXIS2_PLACEMENT_3D('',#5467,#5468,#5469);
#4851=CARTESIAN_POINT('',(-2.5,4.19329195683418,0.112539283960983));
#4852=CARTESIAN_POINT('',(-2.5,4.30059003597152,0.0295505966991821));
#4853=VECTOR('',#5470,1.0);
#4854=CARTESIAN_POINT('',(-2.3,4.19329195683418,0.112539283960983));
#4855=CARTESIAN_POINT('',(-2.3,4.19329195683418,0.112539283960983));
#4856=VECTOR('',#5471,1.0);
#4857=CARTESIAN_POINT('',(-2.3,4.30059003597152,0.0295505966991821));
#4858=VECTOR('',#5472,1.0);
#4859=CARTESIAN_POINT('',(-2.5,4.22,0.219160797830997));
#4860=AXIS2_PLACEMENT_3D('',#5473,#5474,#5475);
#4861=CARTESIAN_POINT('',(-2.3,4.22,0.219160797830997));
#4862=CARTESIAN_POINT('',(-2.3,4.22,0.219160797830997));
#4863=VECTOR('',#5476,1.0);
#4864=AXIS2_PLACEMENT_3D('',#5477,#5478,#5479);
#4865=AXIS2_PLACEMENT_3D('',#5480,#5481,#5482);
#4866=CARTESIAN_POINT('',(-2.3,4.22,0.219160797830996));
#4867=VECTOR('',#5483,1.0);
#4868=CARTESIAN_POINT('',(-2.5,4.22,0.219160797830996));
#4869=VECTOR('',#5484,1.0);
#4870=AXIS2_PLACEMENT_3D('',#5485,#5486,#5487);
#4871=CARTESIAN_POINT('',(-2.3,2.42,0.719999999999999));
#4872=CARTESIAN_POINT('',(-2.3,4.22,0.72));
#4873=VECTOR('',#5488,1.0);
#4874=CARTESIAN_POINT('',(-2.5,2.42,0.719999999999999));
#4875=CARTESIAN_POINT('',(-2.5,4.22,0.72));
#4876=VECTOR('',#5489,1.0);
#4877=CARTESIAN_POINT('',(-2.3,2.42,0.719999999999999));
#4878=VECTOR('',#5490,1.0);
#4879=CARTESIAN_POINT('',(-2.3,2.42,0.719999999999999));
#4880=VECTOR('',#5491,1.0);
#4881=CARTESIAN_POINT('',(-2.5,2.42,0.719999999999999));
#4882=VECTOR('',#5492,1.0);
#4883=CARTESIAN_POINT('',(-3.7,3.94,0.220000000000001));
#4884=CARTESIAN_POINT('',(-3.7,3.94,-0.15));
#4885=CARTESIAN_POINT('',(-3.7,3.94,0.22));
#4886=VECTOR('',#5493,1.0);
#4887=CARTESIAN_POINT('',(-3.5,3.94,-0.15));
#4888=CARTESIAN_POINT('',(-3.5,3.94,-0.15));
#4889=VECTOR('',#5494,1.0);
#4890=CARTESIAN_POINT('',(-3.5,3.94,0.220000000000001));
#4891=CARTESIAN_POINT('',(-3.5,3.94,0.22));
#4892=VECTOR('',#5495,1.0);
#4893=CARTESIAN_POINT('',(-3.5,3.94,0.220000000000001));
#4894=VECTOR('',#5496,1.0);
#4895=CARTESIAN_POINT('',(-3.7,4.04,-0.25));
#4896=AXIS2_PLACEMENT_3D('',#5497,#5498,#5499);
#4897=CARTESIAN_POINT('',(-3.5,4.04,-0.25));
#4898=CARTESIAN_POINT('',(-3.5,4.04,-0.25));
#4899=VECTOR('',#5500,1.0);
#4900=AXIS2_PLACEMENT_3D('',#5501,#5502,#5503);
#4901=CARTESIAN_POINT('',(-3.7,4.27,-0.25));
#4902=CARTESIAN_POINT('',(-3.7,4.04,-0.25));
#4903=VECTOR('',#5504,1.0);
#4904=CARTESIAN_POINT('',(-3.5,4.27,-0.25));
#4905=CARTESIAN_POINT('',(-3.5,4.27,-0.25));
#4906=VECTOR('',#5505,1.0);
#4907=CARTESIAN_POINT('',(-3.5,4.04,-0.25));
#4908=VECTOR('',#5506,1.0);
#4909=CARTESIAN_POINT('',(-3.7,4.32,-0.2));
#4910=AXIS2_PLACEMENT_3D('',#5507,#5508,#5509);
#4911=CARTESIAN_POINT('',(-3.5,4.32,-0.2));
#4912=CARTESIAN_POINT('',(-3.5,4.32,-0.2));
#4913=VECTOR('',#5510,1.0);
#4914=AXIS2_PLACEMENT_3D('',#5511,#5512,#5513);
#4915=CARTESIAN_POINT('',(-3.7,4.32,-0.00999999999999959));
#4916=CARTESIAN_POINT('',(-3.7,4.32,-0.2));
#4917=VECTOR('',#5514,1.0);
#4918=CARTESIAN_POINT('',(-3.5,4.32,-0.00999999999999959));
#4919=CARTESIAN_POINT('',(-3.5,4.32,-0.00999999999999959));
#4920=VECTOR('',#5515,1.0);
#4921=CARTESIAN_POINT('',(-3.5,4.32,-0.2));
#4922=VECTOR('',#5516,1.0);
#4923=CARTESIAN_POINT('',(-3.7,4.30059003597152,0.0295505966991807));
#4924=AXIS2_PLACEMENT_3D('',#5517,#5518,#5519);
#4925=CARTESIAN_POINT('',(-3.5,4.30059003597152,0.0295505966991807));
#4926=CARTESIAN_POINT('',(-3.5,4.30059003597152,0.0295505966991807));
#4927=VECTOR('',#5520,1.0);
#4928=AXIS2_PLACEMENT_3D('',#5521,#5522,#5523);
#4929=CARTESIAN_POINT('',(-3.7,4.19329195683418,0.112539283960983));
#4930=CARTESIAN_POINT('',(-3.7,4.30059003597152,0.0295505966991821));
#4931=VECTOR('',#5524,1.0);
#4932=CARTESIAN_POINT('',(-3.5,4.19329195683418,0.112539283960983));
#4933=CARTESIAN_POINT('',(-3.5,4.19329195683418,0.112539283960983));
#4934=VECTOR('',#5525,1.0);
#4935=CARTESIAN_POINT('',(-3.5,4.30059003597152,0.0295505966991821));
#4936=VECTOR('',#5526,1.0);
#4937=CARTESIAN_POINT('',(-3.7,4.22,0.219160797830997));
#4938=AXIS2_PLACEMENT_3D('',#5527,#5528,#5529);
#4939=CARTESIAN_POINT('',(-3.5,4.22,0.219160797830997));
#4940=CARTESIAN_POINT('',(-3.5,4.22,0.219160797830997));
#4941=VECTOR('',#5530,1.0);
#4942=AXIS2_PLACEMENT_3D('',#5531,#5532,#5533);
#4943=AXIS2_PLACEMENT_3D('',#5534,#5535,#5536);
#4944=CARTESIAN_POINT('',(-3.5,4.22,0.219160797830996));
#4945=VECTOR('',#5537,1.0);
#4946=CARTESIAN_POINT('',(-3.7,4.22,0.219160797830996));
#4947=VECTOR('',#5538,1.0);
#4948=AXIS2_PLACEMENT_3D('',#5539,#5540,#5541);
#4949=CARTESIAN_POINT('',(-3.5,2.42,0.719999999999999));
#4950=CARTESIAN_POINT('',(-3.5,4.22,0.72));
#4951=VECTOR('',#5542,1.0);
#4952=CARTESIAN_POINT('',(-3.7,2.42,0.719999999999999));
#4953=CARTESIAN_POINT('',(-3.7,4.22,0.72));
#4954=VECTOR('',#5543,1.0);
#4955=CARTESIAN_POINT('',(-3.5,2.42,0.719999999999999));
#4956=VECTOR('',#5544,1.0);
#4957=CARTESIAN_POINT('',(-3.5,2.42,0.719999999999999));
#4958=VECTOR('',#5545,1.0);
#4959=CARTESIAN_POINT('',(-3.7,2.42,0.719999999999999));
#4960=VECTOR('',#5546,1.0);
#4961=CARTESIAN_POINT('',(-4.55666666666667,0.713333333333333,1.12666666666667));
#4962=VECTOR('',#5547,1.0);
#4963=CARTESIAN_POINT('',(0.820000000000001,0.850000000000001,0.99));
#4964=VECTOR('',#5548,1.0);
#4965=CARTESIAN_POINT('',(0.831102301257909,2.70316004922348,1.14110230125791));
#4966=VECTOR('',#5549,0.999999999999999);
#4967=CARTESIAN_POINT('',(1.00492740093698,2.84918975141837,1.00492740093698));
#4968=VECTOR('',#5550,0.999999999999999);
#4969=CARTESIAN_POINT('',(1.0,3.47,1.0));
#4970=VECTOR('',#5551,1.0);
#4971=CARTESIAN_POINT('',(-4.6,3.47,1.0));
#4972=VECTOR('',#5552,1.0);
#4973=CARTESIAN_POINT('',(-4.6003325252278,2.85411715235535,1.0003325252278));
#4974=VECTOR('',#5553,1.0);
#4975=CARTESIAN_POINT('',(-4.38874601562728,2.74858160460664,1.09874601562728));
#4976=VECTOR('',#5554,1.0);
#4977=CARTESIAN_POINT('',(-3.6,3.77,1.19));
#4978=CARTESIAN_POINT('',(-3.6,3.77,1.19));
#4979=VECTOR('',#5555,1.0);
#4980=CARTESIAN_POINT('',(-3.8,4.17,1.19));
#4981=CARTESIAN_POINT('',(-3.8,4.17,1.19));
#4982=VECTOR('',#5556,1.0);
#4983=CARTESIAN_POINT('',(-3.8,4.17,1.19));
#4984=VECTOR('',#5557,1.0);
#4985=CARTESIAN_POINT('',(-3.4,4.17,1.19));
#4986=CARTESIAN_POINT('',(-3.4,4.17,1.19));
#4987=VECTOR('',#5558,1.0);
#4988=CARTESIAN_POINT('',(-3.6,3.77,1.19));
#4989=VECTOR('',#5559,1.0);
#4990=CARTESIAN_POINT('',(-3.4,4.17,1.19));
#4991=VECTOR('',#5560,1.0);
#4992=DIRECTION('',(0.0,0.0,-1.0));
#4993=DIRECTION('',(-1.0,0.0,0.0));
#4994=DIRECTION('',(0.0,0.0,-1.0));
#4995=DIRECTION('',(1.0,0.0,0.0));
#4996=DIRECTION('',(0.0,0.0,1.0));
#4997=DIRECTION('',(-1.0,0.0,0.0));
#4998=DIRECTION('',(0.0,0.0,1.0));
#4999=DIRECTION('',(1.0,0.0,0.0));
#5000=DIRECTION('',(0.0,0.0,1.0));
#5001=DIRECTION('',(-1.0,0.0,0.0));
#5002=DIRECTION('',(0.0,0.0,1.0));
#5003=DIRECTION('',(1.0,0.0,0.0));
#5004=DIRECTION('',(0.0,0.0,1.0));
#5005=DIRECTION('',(-1.0,0.0,0.0));
#5006=DIRECTION('',(0.0,0.0,1.0));
#5007=DIRECTION('',(1.0,0.0,0.0));
#5008=DIRECTION('',(0.0,0.0,1.0));
#5009=DIRECTION('',(-1.0,0.0,0.0));
#5010=DIRECTION('',(0.0,0.0,1.0));
#5011=DIRECTION('',(1.0,0.0,0.0));
#5012=DIRECTION('',(1.0,0.0,0.0));
#5013=DIRECTION('',(0.0,1.0,0.0));
#5014=DIRECTION('',(-1.0,0.0,0.0));
#5015=DIRECTION('',(0.0,1.0,0.0));
#5016=DIRECTION('',(1.0,0.0,0.0));
#5017=DIRECTION('',(0.0,-1.0,0.0));
#5018=DIRECTION('',(-1.0,0.0,0.0));
#5019=DIRECTION('',(0.0,-1.0,0.0));
#5020=DIRECTION('',(1.0,0.0,0.0));
#5021=DIRECTION('',(0.0,1.0,0.0));
#5022=DIRECTION('',(-1.0,0.0,0.0));
#5023=DIRECTION('',(0.0,1.0,0.0));
#5024=DIRECTION('',(1.0,0.0,0.0));
#5025=DIRECTION('',(0.0,1.0,0.0));
#5026=DIRECTION('',(-1.0,0.0,0.0));
#5027=DIRECTION('',(0.0,1.0,0.0));
#5028=DIRECTION('',(1.0,0.0,0.0));
#5029=DIRECTION('',(0.0,1.0,0.0));
#5030=DIRECTION('',(-1.0,0.0,0.0));
#5031=DIRECTION('',(0.0,1.0,0.0));
#5032=DIRECTION('',(1.0,0.0,0.0));
#5033=DIRECTION('',(0.0,0.0,1.0));
#5034=DIRECTION('',(1.0,0.0,0.0));
#5035=DIRECTION('',(0.0,0.0,1.0));
#5036=DIRECTION('',(1.0,0.0,0.0));
#5037=DIRECTION('',(0.0,0.0,1.0));
#5038=DIRECTION('',(1.0,0.0,0.0));
#5039=DIRECTION('',(0.0,0.0,1.0));
#5040=DIRECTION('',(1.0,0.0,0.0));
#5041=DIRECTION('',(0.0,0.0,1.0));
#5042=DIRECTION('',(1.0,0.0,0.0));
#5043=DIRECTION('',(0.0,0.0,1.0));
#5044=DIRECTION('',(1.0,0.0,0.0));
#5045=DIRECTION('',(0.0,0.0,1.0));
#5046=DIRECTION('',(1.0,0.0,0.0));
#5047=DIRECTION('',(0.0,0.0,-1.0));
#5048=DIRECTION('',(1.0,0.0,0.0));
#5049=DIRECTION('',(0.0,0.0,-1.0));
#5050=DIRECTION('',(1.0,0.0,0.0));
#5051=DIRECTION('',(0.0,0.0,1.0));
#5052=DIRECTION('',(1.0,0.0,0.0));
#5053=DIRECTION('',(0.0,0.0,1.0));
#5054=DIRECTION('',(0.0,0.0,1.0));
#5055=DIRECTION('',(0.0,1.0,1.0842021724855E-15));
#5056=DIRECTION('',(0.0,1.0,1.0842021724855E-15));
#5057=DIRECTION('',(1.0,0.0,0.0));
#5058=DIRECTION('',(0.0,0.0,1.0));
#5059=DIRECTION('',(0.0,0.0,1.0));
#5060=DIRECTION('',(0.0,1.0,1.0842021724855E-15));
#5061=DIRECTION('',(0.0,1.0,1.0842021724855E-15));
#5062=DIRECTION('',(1.0,0.0,0.0));
#5063=DIRECTION('',(0.0,0.0,1.0));
#5064=DIRECTION('',(0.0,0.0,1.0));
#5065=DIRECTION('',(0.0,1.0,1.0842021724855E-15));
#5066=DIRECTION('',(0.0,1.0,1.0842021724855E-15));
#5067=DIRECTION('',(0.0,1.0,0.0));
#5068=DIRECTION('',(-1.0,-2.46409584655798E-16,0.0));
#5069=DIRECTION('',(0.0,1.0,0.0));
#5070=DIRECTION('',(-1.0,-3.94255335449276E-16,0.0));
#5071=DIRECTION('',(1.0,0.0,0.0));
#5072=DIRECTION('',(0.0,1.0,0.0));
#5073=DIRECTION('',(-1.0,0.0,0.0));
#5074=DIRECTION('',(0.0,1.0,0.0));
#5075=DIRECTION('',(0.0,1.0,0.0));
#5076=DIRECTION('',(-1.0,2.91278195593121E-15,0.0));
#5077=DIRECTION('',(0.0,1.0,0.0));
#5078=DIRECTION('',(-1.0,2.02276524717445E-16,0.0));
#5079=DIRECTION('',(1.0,0.0,0.0));
#5080=DIRECTION('',(0.0,-1.0,0.0));
#5081=DIRECTION('',(-1.0,0.0,0.0));
#5082=DIRECTION('',(0.0,-1.0,0.0));
#5083=DIRECTION('',(1.0,0.0,0.0));
#5084=DIRECTION('',(0.0,0.0,1.0));
#5085=DIRECTION('',(0.0,0.0,-1.0));
#5086=DIRECTION('',(0.0,1.0,1.0842021724855E-15));
#5087=DIRECTION('',(0.0,-1.0,-1.0842021724855E-15));
#5088=DIRECTION('',(0.0,0.0,1.0));
#5089=DIRECTION('',(0.0,1.0,0.0));
#5090=DIRECTION('',(0.0,0.0,-1.0));
#5091=DIRECTION('',(0.0,-1.0,0.0));
#5092=DIRECTION('',(0.707106781186548,0.0,0.707106781186548));
#5093=DIRECTION('',(1.0,0.0,0.0));
#5094=DIRECTION('',(-0.515038074910058,0.0,-0.85716730070211));
#5095=DIRECTION('',(-1.39397422176708E-14,0.0,-1.0));
#5096=DIRECTION('',(0.866025403784439,0.0,-0.499999999999999));
#5097=DIRECTION('',(0.0,0.0,-1.0));
#5098=DIRECTION('',(-1.0,0.0,0.0));
#5099=DIRECTION('',(1.0,0.0,0.0));
#5100=DIRECTION('',(-0.707106781186548,0.0,-0.707106781186548));
#5101=DIRECTION('',(1.0,0.0,0.0));
#5102=DIRECTION('',(0.0,0.0,-1.0));
#5103=DIRECTION('',(1.0,0.0,0.0));
#5104=DIRECTION('',(0.0,0.0,1.0));
#5105=DIRECTION('',(1.0,1.98230994223096E-15,0.0));
#5106=DIRECTION('',(0.0,0.0,-1.0));
#5107=DIRECTION('',(-1.0,-7.88510670898549E-16,0.0));
#5108=DIRECTION('',(0.0,0.0,-1.0));
#5109=DIRECTION('',(0.447213595499957,-0.894427190999916,0.0));
#5110=DIRECTION('',(-1.0,0.0,0.0));
#5111=DIRECTION('',(0.447213595499958,0.894427190999916,0.0));
#5112=DIRECTION('',(-1.0,0.0,0.0));
#5113=DIRECTION('',(0.0,1.0,0.0));
#5114=DIRECTION('',(-1.0,0.0,0.0));
#5115=DIRECTION('',(0.0,1.0,0.0));
#5116=DIRECTION('',(1.0,0.0,0.0));
#5117=DIRECTION('',(0.0,-1.0,0.0));
#5118=DIRECTION('',(-1.0,0.0,0.0));
#5119=DIRECTION('',(0.0,-1.0,0.0));
#5120=DIRECTION('',(-1.0,-7.47725636196901E-16,0.0));
#5121=DIRECTION('',(0.0,0.0,-1.0));
#5122=DIRECTION('',(0.0,1.0,0.0));
#5123=DIRECTION('',(0.0,0.0,-1.0));
#5124=DIRECTION('',(1.0,0.0,0.0));
#5125=DIRECTION('',(0.0,-1.0,0.0));
#5126=DIRECTION('',(1.0,9.85638338623186E-16,0.0));
#5127=DIRECTION('',(-2.4093381610789E-16,1.0,0.0));
#5128=DIRECTION('',(-1.0,-3.94255335449274E-16,0.0));
#5129=DIRECTION('',(0.0,-1.0,0.0));
#5130=DIRECTION('',(1.0,3.94255335449276E-16,0.0));
#5131=DIRECTION('',(0.0,-1.0,0.0));
#5132=DIRECTION('',(-1.0,0.0,0.0));
#5133=DIRECTION('',(0.0,-1.0,0.0));
#5134=DIRECTION('',(0.0,-1.0,0.0));
#5135=DIRECTION('',(0.0,0.0,1.0));
#5136=DIRECTION('',(0.0,0.0,-1.0));
#5137=DIRECTION('',(0.515038074910053,2.03056508992812E-16,-0.857167300702113));
#5138=DIRECTION('',(0.0,0.0,-1.0));
#5139=DIRECTION('',(1.0,3.94255335449276E-16,4.5162944242368E-16));
#5140=DIRECTION('',(1.0,-2.91278195593121E-15,0.0));
#5141=DIRECTION('',(0.0,-1.0,0.0));
#5142=DIRECTION('',(1.0,0.0,0.0));
#5143=DIRECTION('',(-2.4093381610789E-16,1.0,0.0));
#5144=DIRECTION('',(-1.0,-2.91278195593121E-15,0.0));
#5145=DIRECTION('',(0.0,-1.0,0.0));
#5146=DIRECTION('',(0.621882143601586,-0.783110847498294,0.0));
#5147=DIRECTION('',(1.0,5.95926726011536E-16,0.0));
#5148=DIRECTION('',(0.621882143601587,0.783110847498294,0.0));
#5149=DIRECTION('',(1.0,-2.00778180089909E-16,0.0));
#5150=DIRECTION('',(0.0,-1.0,0.0));
#5151=DIRECTION('',(0.0,0.0,1.0));
#5152=DIRECTION('',(-2.22593821391917E-16,0.923879532511286,0.382683432365091));
#5153=DIRECTION('',(0.0,-1.0,-1.11609047167625E-15));
#5154=DIRECTION('',(0.0,0.0,-1.0));
#5155=DIRECTION('',(0.0,0.0,-1.0));
#5156=DIRECTION('',(-5.04280080225816E-16,-1.0,0.0));
#5157=DIRECTION('',(-1.16580878761882E-15,1.0,0.0));
#5158=DIRECTION('',(0.0,0.0,-1.0));
#5159=DIRECTION('',(0.0,0.0,-1.0));
#5160=DIRECTION('',(0.0,0.0,-1.0));
#5161=DIRECTION('',(0.0,-1.0,-1.0842021724855E-15));
#5162=DIRECTION('',(0.0,-1.0,-1.11609047167625E-15));
#5163=DIRECTION('',(0.0,-0.923879532511286,-0.382683432365091));
#5164=DIRECTION('',(0.0,0.0,-1.0));
#5165=DIRECTION('',(-0.707106781186547,-5.28721867821854E-16,-0.707106781186548));
#5166=DIRECTION('',(0.0,0.0,-1.0));
#5167=DIRECTION('',(1.0,7.47725636196901E-16,0.0));
#5168=DIRECTION('',(0.0,0.0,-1.0));
#5169=DIRECTION('',(0.866025403784439,0.0,-0.499999999999999));
#5170=DIRECTION('',(-1.39397422176708E-14,0.0,-1.0));
#5171=DIRECTION('',(-0.515038074910058,0.0,-0.85716730070211));
#5172=DIRECTION('',(0.0,1.0,0.0));
#5173=DIRECTION('',(0.0,0.0,-1.0));
#5174=DIRECTION('',(0.0,1.0,0.0));
#5175=DIRECTION('',(0.0,0.0,-1.0));
#5176=DIRECTION('',(0.0,0.0,-1.0));
#5177=DIRECTION('',(-0.707106781186547,0.0,0.707106781186548));
#5178=DIRECTION('',(0.0,0.0,-1.0));
#5179=DIRECTION('',(-0.515038074910052,0.0,0.857167300702113));
#5180=DIRECTION('',(0.0,0.0,1.0));
#5181=DIRECTION('',(0.866025403784437,0.0,0.500000000000002));
#5182=DIRECTION('',(1.0,0.0,0.0));
#5183=DIRECTION('',(0.621882143601587,0.783110847498294,0.0));
#5184=DIRECTION('',(0.0,0.0,-1.0));
#5185=DIRECTION('',(0.0,0.0,-1.0));
#5186=DIRECTION('',(1.0,5.95926726011536E-16,0.0));
#5187=DIRECTION('',(0.0,0.0,-1.0));
#5188=DIRECTION('',(0.621882143601586,-0.783110847498294,0.0));
#5189=DIRECTION('',(0.0,0.0,1.0));
#5190=DIRECTION('',(-0.707106781186548,1.41971612655868E-16,0.707106781186547));
#5191=DIRECTION('',(-1.0,0.0,-4.5162944242368E-16));
#5192=DIRECTION('',(0.0,0.0,-1.0));
#5193=DIRECTION('',(1.0,0.0,0.0));
#5194=DIRECTION('',(0.0,1.0,0.0));
#5195=DIRECTION('',(-1.0,-8.27548022978891E-31,-3.81639164714897E-16));
#5196=DIRECTION('',(0.0,1.0,0.0));
#5197=DIRECTION('',(0.0,1.0,0.0));
#5198=DIRECTION('',(-1.0,0.0,0.0));
#5199=DIRECTION('',(0.0,1.0,0.0));
#5200=DIRECTION('',(-1.0,-3.80421814907194E-16,0.0));
#5201=DIRECTION('',(8.03112720359633E-16,1.0,0.0));
#5202=DIRECTION('',(0.0,-1.0,0.0));
#5203=DIRECTION('',(0.0,-1.0,0.0));
#5204=DIRECTION('',(-1.0,0.0,0.0));
#5205=DIRECTION('',(0.0,-1.0,0.0));
#5206=DIRECTION('',(0.0,1.0,0.0));
#5207=DIRECTION('',(-1.0,-8.27548022978891E-31,-3.81639164714898E-16));
#5208=DIRECTION('',(0.0,1.0,0.0));
#5209=DIRECTION('',(0.0,1.0,0.0));
#5210=DIRECTION('',(-1.0,-8.2754802297889E-31,-3.81639164714897E-16));
#5211=DIRECTION('',(0.0,1.0,0.0));
#5212=DIRECTION('',(0.0,1.0,0.0));
#5213=DIRECTION('',(-1.0,-8.27548022978891E-31,-3.81639164714897E-16));
#5214=DIRECTION('',(0.0,1.0,0.0));
#5215=DIRECTION('',(0.0,0.0,-1.0));
#5216=DIRECTION('',(0.0,1.0,0.0));
#5217=DIRECTION('',(1.0,3.80421814907194E-16,4.5162944242368E-16));
#5218=DIRECTION('',(0.707106781186548,2.68998845032171E-16,-0.707106781186547));
#5219=DIRECTION('',(0.0,0.0,-1.0));
#5220=DIRECTION('',(0.866025403784437,0.0,0.500000000000002));
#5221=DIRECTION('',(0.0,0.0,1.0));
#5222=DIRECTION('',(-0.515038074910052,0.0,0.857167300702114));
#5223=DIRECTION('',(-8.03112720359633E-16,-1.0,-3.62709350099386E-31));
#5224=DIRECTION('',(0.0,1.0,0.0));
#5225=DIRECTION('',(0.0,1.0,0.0));
#5226=DIRECTION('',(0.0,0.0697564737441253,-0.997564050259824));
#5227=DIRECTION('',(0.706243967529309,-0.0493853891036607,0.70624396752931));
#5228=DIRECTION('',(1.0,0.0,0.0));
#5229=DIRECTION('',(-0.706243967529309,0.0493853891036607,-0.706243967529309));
#5230=DIRECTION('',(0.0,0.0697564737441253,-0.997564050259824));
#5231=DIRECTION('',(0.0,1.0,0.0));
#5232=DIRECTION('',(0.0,-1.0,0.0));
#5233=DIRECTION('',(0.0,0.0697564737441253,-0.997564050259824));
#5234=DIRECTION('',(1.0,0.0,0.0));
#5235=DIRECTION('',(0.706243967529309,0.0493853891036607,-0.70624396752931));
#5236=DIRECTION('',(0.0,0.0697564737441253,-0.997564050259824));
#5237=DIRECTION('',(-0.706243967529309,-0.0493853891036607,0.70624396752931));
#5238=DIRECTION('',(0.0,-1.0,0.0));
#5239=DIRECTION('',(0.0,0.0,1.0));
#5240=DIRECTION('',(0.0,-1.0,0.0));
#5241=DIRECTION('',(0.0,-1.0,0.0));
#5242=DIRECTION('',(-0.515038074910058,-5.07641272482034E-16,-0.85716730070211));
#5243=DIRECTION('',(-1.0,-9.85638338623186E-16,0.0));
#5244=DIRECTION('',(-1.0,-9.85638338623186E-16,0.0));
#5245=DIRECTION('',(0.0,1.0,0.0));
#5246=DIRECTION('',(-1.0,0.0,0.0));
#5247=DIRECTION('',(0.0,1.0,0.0));
#5248=DIRECTION('',(1.0,0.0,0.0));
#5249=DIRECTION('',(0.0,0.0,1.0));
#5250=DIRECTION('',(1.0,0.0,0.0));
#5251=DIRECTION('',(0.0,1.0,1.0842021724855E-15));
#5252=DIRECTION('',(-1.0,0.0,0.0));
#5253=DIRECTION('',(0.0,1.0,0.0));
#5254=DIRECTION('',(0.0,1.0,0.0));
#5255=DIRECTION('',(0.515038074910053,0.0,-0.857167300702113));
#5256=DIRECTION('',(0.0,-1.0,0.0));
#5257=DIRECTION('',(0.391041335811246,0.650802071941598,-0.650802071941599));
#5258=DIRECTION('',(0.0,1.0,0.0));
#5259=DIRECTION('',(0.0,1.0,0.0));
#5260=DIRECTION('',(0.391041335811251,-0.650802071941597,0.650802071941598));
#5261=DIRECTION('',(0.0,-1.0,0.0));
#5262=DIRECTION('',(-0.515038074910058,0.0,-0.85716730070211));
#5263=DIRECTION('',(0.0,0.0,1.0));
#5264=DIRECTION('',(0.0,0.0,-1.0));
#5265=DIRECTION('',(0.0,1.0,0.0));
#5266=DIRECTION('',(1.0,2.91278195593121E-15,0.0));
#5267=DIRECTION('',(0.0,-1.0,0.0));
#5268=DIRECTION('',(-1.0,0.0,0.0));
#5269=DIRECTION('',(0.0,-1.0,0.0));
#5270=DIRECTION('',(1.0,0.0,0.0));
#5271=DIRECTION('',(-1.0,0.0,0.0));
#5272=DIRECTION('',(0.0,-1.0,0.0));
#5273=DIRECTION('',(8.03112720359633E-16,1.0,3.62709350099386E-31));
#5274=DIRECTION('',(-1.0,-3.80421814907194E-16,-4.5162944242368E-16));
#5275=DIRECTION('',(0.0,0.0,-1.0));
#5276=DIRECTION('',(-1.0,0.0,0.0));
#5277=DIRECTION('',(0.0,0.0,-1.0));
#5278=DIRECTION('',(-1.0,0.0,0.0));
#5279=CARTESIAN_POINT('',(-0.1,4.04,-0.15));
#5280=DIRECTION('',(1.0,0.0,0.0));
#5281=DIRECTION('',(0.0,0.0,-1.0));
#5282=DIRECTION('',(-1.0,0.0,0.0));
#5283=CARTESIAN_POINT('',(0.1,4.04,-0.15));
#5284=DIRECTION('',(1.0,0.0,0.0));
#5285=DIRECTION('',(0.0,0.0,-1.0));
#5286=DIRECTION('',(0.0,1.0,9.42784497813485E-16));
#5287=DIRECTION('',(-1.0,0.0,0.0));
#5288=DIRECTION('',(0.0,1.0,9.42784497813485E-16));
#5289=CARTESIAN_POINT('',(-0.1,4.27,-0.2));
#5290=DIRECTION('',(1.0,0.0,0.0));
#5291=DIRECTION('',(0.0,0.0,-1.0));
#5292=DIRECTION('',(-1.0,0.0,0.0));
#5293=CARTESIAN_POINT('',(0.1,4.27,-0.2));
#5294=DIRECTION('',(1.0,0.0,0.0));
#5295=DIRECTION('',(0.0,0.0,-1.0));
#5296=DIRECTION('',(0.0,0.0,1.0));
#5297=DIRECTION('',(-1.0,0.0,0.0));
#5298=DIRECTION('',(0.0,0.0,1.0));
#5299=CARTESIAN_POINT('',(-0.1,4.27,-0.00999999999999959));
#5300=DIRECTION('',(1.0,0.0,0.0));
#5301=DIRECTION('',(0.0,0.0,-1.0));
#5302=DIRECTION('',(-1.0,0.0,0.0));
#5303=CARTESIAN_POINT('',(0.1,4.27,-0.00999999999999959));
#5304=DIRECTION('',(1.0,0.0,0.0));
#5305=DIRECTION('',(0.0,0.0,-1.0));
#5306=DIRECTION('',(0.0,-0.791011933983614,0.611800719430358));
#5307=DIRECTION('',(-1.0,0.0,0.0));
#5308=DIRECTION('',(0.0,-0.791011933983614,0.611800719430358));
#5309=CARTESIAN_POINT('',(-0.1,4.23,0.16));
#5310=DIRECTION('',(-1.0,0.0,0.0));
#5311=DIRECTION('',(0.0,0.0,-1.0));
#5312=DIRECTION('',(-1.0,0.0,0.0));
#5313=CARTESIAN_POINT('',(0.1,4.23,0.16));
#5314=DIRECTION('',(-1.0,0.0,0.0));
#5315=DIRECTION('',(0.0,0.0,-1.0));
#5316=CARTESIAN_POINT('',(0.1,3.89,0.220000000000001));
#5317=DIRECTION('',(-1.0,0.0,0.0));
#5318=DIRECTION('',(0.0,0.0,-1.0));
#5319=DIRECTION('',(0.0,0.0,1.0));
#5320=DIRECTION('',(0.0,0.0,1.0));
#5321=CARTESIAN_POINT('',(-0.1,3.89,0.220000000000001));
#5322=DIRECTION('',(-1.0,0.0,0.0));
#5323=DIRECTION('',(0.0,0.0,-1.0));
#5324=DIRECTION('',(0.0,-1.0,-3.61400724161835E-16));
#5325=DIRECTION('',(0.0,-1.0,-3.61400724161835E-16));
#5326=DIRECTION('',(-1.0,0.0,0.0));
#5327=DIRECTION('',(0.0,-2.16840434497101E-15,-1.0));
#5328=DIRECTION('',(0.0,-2.16840434497101E-15,-1.0));
#5329=DIRECTION('',(0.0,0.707106781186548,-0.707106781186547));
#5330=DIRECTION('',(-1.0,0.0,0.0));
#5331=DIRECTION('',(0.0,0.707106781186548,-0.707106781186547));
#5332=DIRECTION('',(-1.0,0.0,0.0));
#5333=DIRECTION('',(0.0,1.0,0.0));
#5334=DIRECTION('',(-1.0,0.0,0.0));
#5335=DIRECTION('',(0.0,1.0,0.0));
#5336=DIRECTION('',(0.0,0.529998940003217,0.847998304005065));
#5337=DIRECTION('',(-1.0,0.0,0.0));
#5338=DIRECTION('',(0.0,0.529998940003217,0.847998304005065));
#5339=DIRECTION('',(0.0,3.70667409396754E-15,1.0));
#5340=DIRECTION('',(0.0,-1.00389090044954E-15,-1.0));
#5341=DIRECTION('',(0.0,3.70667409396754E-15,1.0));
#5342=DIRECTION('',(0.0,-1.00389090044954E-15,-1.0));
#5343=DIRECTION('',(0.0,3.70667409396754E-15,1.0));
#5344=DIRECTION('',(-1.0,0.0,0.0));
#5345=DIRECTION('',(0.0,3.70667409396754E-15,1.0));
#5346=DIRECTION('',(0.0,-6.2550125335702E-16,-1.0));
#5347=DIRECTION('',(0.0,-1.0,9.70927318643735E-16));
#5348=DIRECTION('',(0.0,-1.89735380184963E-15,-1.0));
#5349=DIRECTION('',(0.0,1.0,0.0));
#5350=DIRECTION('',(0.0,-6.2550125335702E-16,-1.0));
#5351=DIRECTION('',(0.0,1.0,0.0));
#5352=DIRECTION('',(0.0,-1.89735380184963E-15,-1.0));
#5353=DIRECTION('',(0.0,-1.0,9.70927318643735E-16));
#5354=DIRECTION('',(-1.0,0.0,0.0));
#5355=DIRECTION('',(-1.0,0.0,0.0));
#5356=DIRECTION('',(-1.0,0.0,0.0));
#5357=DIRECTION('',(0.0,0.529998940003217,0.847998304005065));
#5358=DIRECTION('',(1.0,0.0,0.0));
#5359=DIRECTION('',(0.0,0.529998940003217,0.847998304005065));
#5360=DIRECTION('',(1.0,0.0,0.0));
#5361=DIRECTION('',(0.0,1.0,0.0));
#5362=DIRECTION('',(1.0,0.0,0.0));
#5363=DIRECTION('',(0.0,1.0,0.0));
#5364=DIRECTION('',(0.0,0.707106781186548,-0.707106781186547));
#5365=DIRECTION('',(1.0,0.0,0.0));
#5366=DIRECTION('',(0.0,0.707106781186548,-0.707106781186547));
#5367=DIRECTION('',(0.0,3.70667409396754E-15,1.0));
#5368=DIRECTION('',(0.0,-1.00389090044954E-15,-1.0));
#5369=DIRECTION('',(0.0,3.70667409396754E-15,1.0));
#5370=DIRECTION('',(0.0,-1.00389090044954E-15,-1.0));
#5371=DIRECTION('',(0.0,3.70667409396754E-15,1.0));
#5372=DIRECTION('',(0.0,3.70667409396754E-15,1.0));
#5373=DIRECTION('',(1.0,0.0,0.0));
#5374=DIRECTION('',(0.0,-6.2550125335702E-16,-1.0));
#5375=DIRECTION('',(0.0,1.0,0.0));
#5376=DIRECTION('',(0.0,-1.89735380184963E-15,-1.0));
#5377=DIRECTION('',(0.0,-1.0,9.70927318643735E-16));
#5378=DIRECTION('',(0.0,-6.2550125335702E-16,-1.0));
#5379=DIRECTION('',(0.0,-1.0,9.70927318643735E-16));
#5380=DIRECTION('',(0.0,-1.89735380184963E-15,-1.0));
#5381=DIRECTION('',(0.0,1.0,0.0));
#5382=DIRECTION('',(1.0,0.0,0.0));
#5383=DIRECTION('',(1.0,0.0,0.0));
#5384=DIRECTION('',(1.0,0.0,0.0));
#5385=DIRECTION('',(0.0,0.0,-1.0));
#5386=DIRECTION('',(-1.0,0.0,0.0));
#5387=DIRECTION('',(0.0,0.0,-1.0));
#5388=DIRECTION('',(-1.0,0.0,0.0));
#5389=CARTESIAN_POINT('',(-1.3,4.04,-0.15));
#5390=DIRECTION('',(1.0,0.0,0.0));
#5391=DIRECTION('',(0.0,0.0,-1.0));
#5392=DIRECTION('',(-1.0,0.0,0.0));
#5393=CARTESIAN_POINT('',(-1.1,4.04,-0.15));
#5394=DIRECTION('',(1.0,0.0,0.0));
#5395=DIRECTION('',(0.0,0.0,-1.0));
#5396=DIRECTION('',(0.0,1.0,9.42784497813485E-16));
#5397=DIRECTION('',(-1.0,0.0,0.0));
#5398=DIRECTION('',(0.0,1.0,9.42784497813485E-16));
#5399=CARTESIAN_POINT('',(-1.3,4.27,-0.2));
#5400=DIRECTION('',(1.0,0.0,0.0));
#5401=DIRECTION('',(0.0,0.0,-1.0));
#5402=DIRECTION('',(-1.0,0.0,0.0));
#5403=CARTESIAN_POINT('',(-1.1,4.27,-0.2));
#5404=DIRECTION('',(1.0,0.0,0.0));
#5405=DIRECTION('',(0.0,0.0,-1.0));
#5406=DIRECTION('',(0.0,0.0,1.0));
#5407=DIRECTION('',(-1.0,0.0,0.0));
#5408=DIRECTION('',(0.0,0.0,1.0));
#5409=CARTESIAN_POINT('',(-1.3,4.27,-0.00999999999999959));
#5410=DIRECTION('',(1.0,0.0,0.0));
#5411=DIRECTION('',(0.0,0.0,-1.0));
#5412=DIRECTION('',(-1.0,0.0,0.0));
#5413=CARTESIAN_POINT('',(-1.1,4.27,-0.00999999999999959));
#5414=DIRECTION('',(1.0,0.0,0.0));
#5415=DIRECTION('',(0.0,0.0,-1.0));
#5416=DIRECTION('',(0.0,-0.791011933983614,0.611800719430358));
#5417=DIRECTION('',(-1.0,0.0,0.0));
#5418=DIRECTION('',(0.0,-0.791011933983614,0.611800719430358));
#5419=CARTESIAN_POINT('',(-1.3,4.23,0.16));
#5420=DIRECTION('',(-1.0,0.0,0.0));
#5421=DIRECTION('',(0.0,0.0,-1.0));
#5422=DIRECTION('',(-1.0,0.0,0.0));
#5423=CARTESIAN_POINT('',(-1.1,4.23,0.16));
#5424=DIRECTION('',(-1.0,0.0,0.0));
#5425=DIRECTION('',(0.0,0.0,-1.0));
#5426=CARTESIAN_POINT('',(-1.1,3.89,0.220000000000001));
#5427=DIRECTION('',(-1.0,0.0,0.0));
#5428=DIRECTION('',(0.0,0.0,-1.0));
#5429=DIRECTION('',(0.0,0.0,1.0));
#5430=DIRECTION('',(0.0,0.0,1.0));
#5431=CARTESIAN_POINT('',(-1.3,3.89,0.220000000000001));
#5432=DIRECTION('',(-1.0,0.0,0.0));
#5433=DIRECTION('',(0.0,0.0,-1.0));
#5434=DIRECTION('',(0.0,-1.0,-3.61400724161835E-16));
#5435=DIRECTION('',(0.0,-1.0,-3.61400724161835E-16));
#5436=DIRECTION('',(-1.0,0.0,0.0));
#5437=DIRECTION('',(0.0,-2.16840434497101E-15,-1.0));
#5438=DIRECTION('',(0.0,-2.16840434497101E-15,-1.0));
#5439=DIRECTION('',(0.0,0.0,-1.0));
#5440=DIRECTION('',(-1.0,0.0,0.0));
#5441=DIRECTION('',(0.0,0.0,-1.0));
#5442=DIRECTION('',(-1.0,0.0,0.0));
#5443=CARTESIAN_POINT('',(-2.5,4.04,-0.15));
#5444=DIRECTION('',(1.0,0.0,0.0));
#5445=DIRECTION('',(0.0,0.0,-1.0));
#5446=DIRECTION('',(-1.0,0.0,0.0));
#5447=CARTESIAN_POINT('',(-2.3,4.04,-0.15));
#5448=DIRECTION('',(1.0,0.0,0.0));
#5449=DIRECTION('',(0.0,0.0,-1.0));
#5450=DIRECTION('',(0.0,1.0,9.42784497813485E-16));
#5451=DIRECTION('',(-1.0,0.0,0.0));
#5452=DIRECTION('',(0.0,1.0,9.42784497813485E-16));
#5453=CARTESIAN_POINT('',(-2.5,4.27,-0.2));
#5454=DIRECTION('',(1.0,0.0,0.0));
#5455=DIRECTION('',(0.0,0.0,-1.0));
#5456=DIRECTION('',(-1.0,0.0,0.0));
#5457=CARTESIAN_POINT('',(-2.3,4.27,-0.2));
#5458=DIRECTION('',(1.0,0.0,0.0));
#5459=DIRECTION('',(0.0,0.0,-1.0));
#5460=DIRECTION('',(0.0,0.0,1.0));
#5461=DIRECTION('',(-1.0,0.0,0.0));
#5462=DIRECTION('',(0.0,0.0,1.0));
#5463=CARTESIAN_POINT('',(-2.5,4.27,-0.00999999999999959));
#5464=DIRECTION('',(1.0,0.0,0.0));
#5465=DIRECTION('',(0.0,0.0,-1.0));
#5466=DIRECTION('',(-1.0,0.0,0.0));
#5467=CARTESIAN_POINT('',(-2.3,4.27,-0.00999999999999959));
#5468=DIRECTION('',(1.0,0.0,0.0));
#5469=DIRECTION('',(0.0,0.0,-1.0));
#5470=DIRECTION('',(0.0,-0.791011933983614,0.611800719430358));
#5471=DIRECTION('',(-1.0,0.0,0.0));
#5472=DIRECTION('',(0.0,-0.791011933983614,0.611800719430358));
#5473=CARTESIAN_POINT('',(-2.5,4.23,0.16));
#5474=DIRECTION('',(-1.0,0.0,0.0));
#5475=DIRECTION('',(0.0,0.0,-1.0));
#5476=DIRECTION('',(-1.0,0.0,0.0));
#5477=CARTESIAN_POINT('',(-2.3,4.23,0.16));
#5478=DIRECTION('',(-1.0,0.0,0.0));
#5479=DIRECTION('',(0.0,0.0,-1.0));
#5480=CARTESIAN_POINT('',(-2.3,3.89,0.220000000000001));
#5481=DIRECTION('',(-1.0,0.0,0.0));
#5482=DIRECTION('',(0.0,0.0,-1.0));
#5483=DIRECTION('',(0.0,0.0,1.0));
#5484=DIRECTION('',(0.0,0.0,1.0));
#5485=CARTESIAN_POINT('',(-2.5,3.89,0.220000000000001));
#5486=DIRECTION('',(-1.0,0.0,0.0));
#5487=DIRECTION('',(0.0,0.0,-1.0));
#5488=DIRECTION('',(0.0,-1.0,-3.61400724161835E-16));
#5489=DIRECTION('',(0.0,-1.0,-3.61400724161835E-16));
#5490=DIRECTION('',(-1.0,0.0,0.0));
#5491=DIRECTION('',(0.0,-2.16840434497101E-15,-1.0));
#5492=DIRECTION('',(0.0,-2.16840434497101E-15,-1.0));
#5493=DIRECTION('',(0.0,0.0,-1.0));
#5494=DIRECTION('',(-1.0,0.0,0.0));
#5495=DIRECTION('',(0.0,0.0,-1.0));
#5496=DIRECTION('',(-1.0,0.0,0.0));
#5497=CARTESIAN_POINT('',(-3.7,4.04,-0.15));
#5498=DIRECTION('',(1.0,0.0,0.0));
#5499=DIRECTION('',(0.0,0.0,-1.0));
#5500=DIRECTION('',(-1.0,0.0,0.0));
#5501=CARTESIAN_POINT('',(-3.5,4.04,-0.15));
#5502=DIRECTION('',(1.0,0.0,0.0));
#5503=DIRECTION('',(0.0,0.0,-1.0));
#5504=DIRECTION('',(0.0,1.0,9.42784497813485E-16));
#5505=DIRECTION('',(-1.0,0.0,0.0));
#5506=DIRECTION('',(0.0,1.0,9.42784497813485E-16));
#5507=CARTESIAN_POINT('',(-3.7,4.27,-0.2));
#5508=DIRECTION('',(1.0,0.0,0.0));
#5509=DIRECTION('',(0.0,0.0,-1.0));
#5510=DIRECTION('',(-1.0,0.0,0.0));
#5511=CARTESIAN_POINT('',(-3.5,4.27,-0.2));
#5512=DIRECTION('',(1.0,0.0,0.0));
#5513=DIRECTION('',(0.0,0.0,-1.0));
#5514=DIRECTION('',(0.0,0.0,1.0));
#5515=DIRECTION('',(-1.0,0.0,0.0));
#5516=DIRECTION('',(0.0,0.0,1.0));
#5517=CARTESIAN_POINT('',(-3.7,4.27,-0.00999999999999959));
#5518=DIRECTION('',(1.0,0.0,0.0));
#5519=DIRECTION('',(0.0,0.0,-1.0));
#5520=DIRECTION('',(-1.0,0.0,0.0));
#5521=CARTESIAN_POINT('',(-3.5,4.27,-0.00999999999999959));
#5522=DIRECTION('',(1.0,0.0,0.0));
#5523=DIRECTION('',(0.0,0.0,-1.0));
#5524=DIRECTION('',(0.0,-0.791011933983614,0.611800719430358));
#5525=DIRECTION('',(-1.0,0.0,0.0));
#5526=DIRECTION('',(0.0,-0.791011933983614,0.611800719430358));
#5527=CARTESIAN_POINT('',(-3.7,4.23,0.16));
#5528=DIRECTION('',(-1.0,0.0,0.0));
#5529=DIRECTION('',(0.0,0.0,-1.0));
#5530=DIRECTION('',(-1.0,0.0,0.0));
#5531=CARTESIAN_POINT('',(-3.5,4.23,0.16));
#5532=DIRECTION('',(-1.0,0.0,0.0));
#5533=DIRECTION('',(0.0,0.0,-1.0));
#5534=CARTESIAN_POINT('',(-3.5,3.89,0.220000000000001));
#5535=DIRECTION('',(-1.0,0.0,0.0));
#5536=DIRECTION('',(0.0,0.0,-1.0));
#5537=DIRECTION('',(0.0,0.0,1.0));
#5538=DIRECTION('',(0.0,0.0,1.0));
#5539=CARTESIAN_POINT('',(-3.7,3.89,0.220000000000001));
#5540=DIRECTION('',(-1.0,0.0,0.0));
#5541=DIRECTION('',(0.0,0.0,-1.0));
#5542=DIRECTION('',(0.0,-1.0,-3.61400724161835E-16));
#5543=DIRECTION('',(0.0,-1.0,-3.61400724161835E-16));
#5544=DIRECTION('',(-1.0,0.0,0.0));
#5545=DIRECTION('',(0.0,-2.16840434497101E-15,-1.0));
#5546=DIRECTION('',(0.0,-2.16840434497101E-15,-1.0));
#5547=DIRECTION('',(-0.577350269189627,-0.577350269189625,0.577350269189626));
#5548=DIRECTION('',(-0.577350269189626,0.577350269189625,-0.577350269189626));
#5549=DIRECTION('',(0.563438436971056,-0.604213749832976,0.563438436971056));
#5550=DIRECTION('',(0.563438436971056,-0.604213749832976,0.563438436971056));
#5551=DIRECTION('',(0.577350269189626,0.577350269189626,0.577350269189626));
#5552=DIRECTION('',(-0.577350269189625,0.577350269189626,0.577350269189626));
#5553=DIRECTION('',(-0.563438436971056,-0.604213749832975,0.563438436971057));
#5554=DIRECTION('',(-0.563438436971056,-0.604213749832975,0.563438436971057));
#5555=DIRECTION('',(0.0,0.0,-1.0));
#5556=DIRECTION('',(-0.447213595499957,0.894427190999916,0.0));
#5557=DIRECTION('',(0.0,0.0,-1.0));
#5558=DIRECTION('',(0.0,0.0,-1.0));
#5559=DIRECTION('',(-0.447213595499958,-0.894427190999916,0.0));
#5560=DIRECTION('',(1.0,0.0,0.0));
ENDSEC;
END-ISO-10303-21;
