ISO-10303-21;
HEADER;
FILE_DESCRIPTION(('STEP AP242'),'1');
FILE_NAME('2147511021.stp','2025-03-10T09:40:15',('TraceParts'),('TraceParts S.A.'),'Spatial InterOp 3D',' ',' ');
FILE_SCHEMA(('AP242_MANAGED_MODEL_BASED_3D_ENGINEERING_MIM_LF  {1 0 10303 442 1 1 4}'));
ENDSEC;
DATA;
#1=PRODUCT_DEFINITION_CONTEXT('',#11,'design');
#2=APPLICATION_PROTOCOL_DEFINITION('INTERNATIONAL STANDARD','ap242_managed_model_based_3d_engineering',2014,#11);
#3=PRODUCT_CATEGORY_RELATIONSHIP('NONE','NONE',#12,#13);
#4=SHAPE_DEFINITION_REPRESENTATION(#14,#15);
#5=SHAPE_DEFINITION_REPRESENTATION(#14,#16);
#6=SHAPE_DEFINITION_REPRESENTATION(#14,#17);
#7= (GEOMETRIC_REPRESENTATION_CONTEXT(3)GLOBAL_UNCERTAINTY_ASSIGNED_CONTEXT((#20))GLOBAL_UNIT_ASSIGNED_CONTEXT((#22,#23,#24))REPRESENTATION_CONTEXT('NONE','WORKSPACE'));
#11=APPLICATION_CONTEXT('managed model based 3d engineering');
#12=PRODUCT_CATEGORY('part','NONE');
#13=PRODUCT_RELATED_PRODUCT_CATEGORY('detail',' ',(#26));
#14=PRODUCT_DEFINITION_SHAPE('NONE','NONE',#27);
#15=ADVANCED_BREP_SHAPE_REPRESENTATION('2147511021_1',(#28,#29),#7);
#16=ADVANCED_BREP_SHAPE_REPRESENTATION('2147511021_2',(#30,#31),#7);
#17=ADVANCED_BREP_SHAPE_REPRESENTATION('2147511021_3',(#32,#33),#7);
#20=UNCERTAINTY_MEASURE_WITH_UNIT(LENGTH_MEASURE(1.0E-06),#22,'','');
#22= (CONVERSION_BASED_UNIT('MILLIMETRE',#36)LENGTH_UNIT()NAMED_UNIT(#39));
#23= (NAMED_UNIT(#41)PLANE_ANGLE_UNIT()SI_UNIT($,.RADIAN.));
#24= (NAMED_UNIT(#41)SOLID_ANGLE_UNIT()SI_UNIT($,.STERADIAN.));
#26=PRODUCT('2147511021_1','2147511021_1','PART-2147511021_1-DESC',(#47));
#27=PRODUCT_DEFINITION('','NONE',#48,#1);
#28=MANIFOLD_SOLID_BREP('2147511021_1',#49);
#29=AXIS2_PLACEMENT_3D('',#50,#51,#52);
#30=MANIFOLD_SOLID_BREP('2147511021_2',#53);
#31=AXIS2_PLACEMENT_3D('',#54,#55,#56);
#32=MANIFOLD_SOLID_BREP('2147511021_3',#57);
#33=AXIS2_PLACEMENT_3D('',#58,#59,#60);
#36=LENGTH_MEASURE_WITH_UNIT(LENGTH_MEASURE(1.0),#61);
#39=DIMENSIONAL_EXPONENTS(1.0,0.0,0.0,0.0,0.0,0.0,0.0);
#41=DIMENSIONAL_EXPONENTS(0.0,0.0,0.0,0.0,0.0,0.0,0.0);
#47=PRODUCT_CONTEXT('',#11,'mechanical');
#48=PRODUCT_DEFINITION_FORMATION_WITH_SPECIFIED_SOURCE(' ','NONE',#26,.NOT_KNOWN.);
#49=CLOSED_SHELL('',(#62,#63,#64,#65,#66,#67,#68,#69,#70,#71,#72,#73,#74,#75,#76,#77,#78,#79,#80,#81,#82,#83,#84,#85,#86,#87,#88,#89,#90,#91,#92,#93,#94,#95,#96,#97,#98,#99,#100,#101,#102,#103,#104,#105,#106,#107,#108,#109,#110,#111,#112,#113,#114,#115,#116,#117,#118,#119,#120,#121,#122,#123,#124,#125,#126,#127,#128,#129,#130,#131,#132,#133,#134,#135,#136,#137,#138,#139,#140,#141,#142,#143,#144,#145,#146,#147,#148,#149,#150,#151,#152,#153,#154,#155,#156,#157,#158,#159,#160,#161,#162,#163,#164,#165,#166,#167,#168,#169,#170,#171,#172,#173,#174,#175,#176,#177,#178,#179,#180,#181,#182,#183,#184,#185,#186,#187,#188,#189,#190,#191,#192,#193,#194,#195,#196,#197,#198,#199,#200,#201,#202,#203,#204,#205,#206,#207,#208,#209,#210,#211,#212,#213,#214,#215,#216,#217,#218,#219,#220,#221,#222,#223,#224,#225,#226,#227,#228,#229,#230,#231,#232,#233,#234,#235,#236,#237,#238,#239,#240,#241,#242,#243,#244,#245,#246,#247,#248,#249,#250));
#50=CARTESIAN_POINT('',(0.0,0.0,0.0));
#51=DIRECTION('',(0.0,0.0,1.0));
#52=DIRECTION('',(1.0,0.0,0.0));
#53=CLOSED_SHELL('',(#251,#252,#253,#254,#255,#256,#257));
#54=CARTESIAN_POINT('',(0.0,0.0,0.0));
#55=DIRECTION('',(0.0,0.0,1.0));
#56=DIRECTION('',(1.0,0.0,0.0));
#57=CLOSED_SHELL('',(#258,#259,#260,#261,#262,#263,#264));
#58=CARTESIAN_POINT('',(0.0,0.0,0.0));
#59=DIRECTION('',(0.0,0.0,1.0));
#60=DIRECTION('',(1.0,0.0,0.0));
#61= (NAMED_UNIT(#39)LENGTH_UNIT()SI_UNIT(.MILLI.,.METRE.));
#62=ADVANCED_FACE('',(#266),#267,.F.);
#63=ADVANCED_FACE('',(#268),#269,.F.);
#64=ADVANCED_FACE('',(#270),#271,.F.);
#65=ADVANCED_FACE('',(#272),#273,.F.);
#66=ADVANCED_FACE('',(#274),#275,.T.);
#67=ADVANCED_FACE('',(#276),#277,.F.);
#68=ADVANCED_FACE('',(#278),#279,.F.);
#69=ADVANCED_FACE('',(#280),#281,.T.);
#70=ADVANCED_FACE('',(#282),#283,.F.);
#71=ADVANCED_FACE('',(#284),#285,.F.);
#72=ADVANCED_FACE('',(#286),#287,.F.);
#73=ADVANCED_FACE('',(#288),#289,.F.);
#74=ADVANCED_FACE('',(#290),#291,.T.);
#75=ADVANCED_FACE('',(#292),#293,.T.);
#76=ADVANCED_FACE('',(#294),#295,.T.);
#77=ADVANCED_FACE('',(#296),#297,.F.);
#78=ADVANCED_FACE('',(#298),#299,.F.);
#79=ADVANCED_FACE('',(#300),#301,.T.);
#80=ADVANCED_FACE('',(#302),#303,.F.);
#81=ADVANCED_FACE('',(#304),#305,.T.);
#82=ADVANCED_FACE('',(#306),#307,.T.);
#83=ADVANCED_FACE('',(#308),#309,.F.);
#84=ADVANCED_FACE('',(#310),#311,.F.);
#85=ADVANCED_FACE('',(#312),#313,.T.);
#86=ADVANCED_FACE('',(#314),#315,.T.);
#87=ADVANCED_FACE('',(#316),#317,.T.);
#88=ADVANCED_FACE('',(#318),#319,.F.);
#89=ADVANCED_FACE('',(#320),#321,.F.);
#90=ADVANCED_FACE('',(#322),#323,.T.);
#91=ADVANCED_FACE('',(#324),#325,.F.);
#92=ADVANCED_FACE('',(#326),#327,.F.);
#93=ADVANCED_FACE('',(#328),#329,.T.);
#94=ADVANCED_FACE('',(#330),#331,.F.);
#95=ADVANCED_FACE('',(#332),#333,.F.);
#96=ADVANCED_FACE('',(#334),#335,.F.);
#97=ADVANCED_FACE('',(#336),#337,.F.);
#98=ADVANCED_FACE('',(#338),#339,.F.);
#99=ADVANCED_FACE('',(#340,#341),#342,.F.);
#100=ADVANCED_FACE('',(#343),#344,.T.);
#101=ADVANCED_FACE('',(#345),#346,.T.);
#102=ADVANCED_FACE('',(#347),#348,.T.);
#103=ADVANCED_FACE('',(#349),#350,.T.);
#104=ADVANCED_FACE('',(#351),#352,.T.);
#105=ADVANCED_FACE('',(#353),#354,.T.);
#106=ADVANCED_FACE('',(#355),#356,.T.);
#107=ADVANCED_FACE('',(#357),#358,.T.);
#108=ADVANCED_FACE('',(#359,#360,#361),#362,.T.);
#109=ADVANCED_FACE('',(#363),#364,.T.);
#110=ADVANCED_FACE('',(#365),#366,.T.);
#111=ADVANCED_FACE('',(#367),#368,.T.);
#112=ADVANCED_FACE('',(#369),#370,.T.);
#113=ADVANCED_FACE('',(#371),#372,.T.);
#114=ADVANCED_FACE('',(#373),#374,.T.);
#115=ADVANCED_FACE('',(#375),#376,.T.);
#116=ADVANCED_FACE('',(#377),#378,.T.);
#117=ADVANCED_FACE('',(#379,#380),#381,.F.);
#118=ADVANCED_FACE('',(#382),#383,.F.);
#119=ADVANCED_FACE('',(#384),#385,.F.);
#120=ADVANCED_FACE('',(#386),#387,.F.);
#121=ADVANCED_FACE('',(#388),#389,.T.);
#122=ADVANCED_FACE('',(#390),#391,.F.);
#123=ADVANCED_FACE('',(#392),#393,.F.);
#124=ADVANCED_FACE('',(#394),#395,.F.);
#125=ADVANCED_FACE('',(#396),#397,.F.);
#126=ADVANCED_FACE('',(#398),#399,.F.);
#127=ADVANCED_FACE('',(#400),#401,.F.);
#128=ADVANCED_FACE('',(#402),#403,.T.);
#129=ADVANCED_FACE('',(#404),#405,.T.);
#130=ADVANCED_FACE('',(#406),#407,.F.);
#131=ADVANCED_FACE('',(#408),#409,.T.);
#132=ADVANCED_FACE('',(#410,#411,#412),#413,.T.);
#133=ADVANCED_FACE('',(#414),#415,.F.);
#134=ADVANCED_FACE('',(#416),#417,.T.);
#135=ADVANCED_FACE('',(#418),#419,.F.);
#136=ADVANCED_FACE('',(#420),#421,.F.);
#137=ADVANCED_FACE('',(#422),#423,.T.);
#138=ADVANCED_FACE('',(#424),#425,.F.);
#139=ADVANCED_FACE('',(#426),#427,.F.);
#140=ADVANCED_FACE('',(#428),#429,.F.);
#141=ADVANCED_FACE('',(#430),#431,.F.);
#142=ADVANCED_FACE('',(#432),#433,.F.);
#143=ADVANCED_FACE('',(#434),#435,.F.);
#144=ADVANCED_FACE('',(#436),#437,.F.);
#145=ADVANCED_FACE('',(#438),#439,.F.);
#146=ADVANCED_FACE('',(#440),#441,.F.);
#147=ADVANCED_FACE('',(#442),#443,.T.);
#148=ADVANCED_FACE('',(#444),#445,.F.);
#149=ADVANCED_FACE('',(#446),#447,.T.);
#150=ADVANCED_FACE('',(#448),#449,.F.);
#151=ADVANCED_FACE('',(#450),#451,.F.);
#152=ADVANCED_FACE('',(#452),#453,.F.);
#153=ADVANCED_FACE('',(#454),#455,.F.);
#154=ADVANCED_FACE('',(#456),#457,.F.);
#155=ADVANCED_FACE('',(#458),#459,.F.);
#156=ADVANCED_FACE('',(#460),#461,.T.);
#157=ADVANCED_FACE('',(#462),#463,.F.);
#158=ADVANCED_FACE('',(#464),#465,.F.);
#159=ADVANCED_FACE('',(#466),#467,.T.);
#160=ADVANCED_FACE('',(#468),#469,.T.);
#161=ADVANCED_FACE('',(#470),#471,.T.);
#162=ADVANCED_FACE('',(#472),#473,.T.);
#163=ADVANCED_FACE('',(#474),#475,.F.);
#164=ADVANCED_FACE('',(#476),#477,.T.);
#165=ADVANCED_FACE('',(#478),#479,.F.);
#166=ADVANCED_FACE('',(#480),#481,.F.);
#167=ADVANCED_FACE('',(#482),#483,.F.);
#168=ADVANCED_FACE('',(#484),#485,.F.);
#169=ADVANCED_FACE('',(#486),#487,.T.);
#170=ADVANCED_FACE('',(#488),#489,.T.);
#171=ADVANCED_FACE('',(#490),#491,.T.);
#172=ADVANCED_FACE('',(#492),#493,.F.);
#173=ADVANCED_FACE('',(#494),#495,.T.);
#174=ADVANCED_FACE('',(#496),#497,.T.);
#175=ADVANCED_FACE('',(#498),#499,.T.);
#176=ADVANCED_FACE('',(#500),#501,.F.);
#177=ADVANCED_FACE('',(#502),#503,.F.);
#178=ADVANCED_FACE('',(#504),#505,.F.);
#179=ADVANCED_FACE('',(#506),#507,.T.);
#180=ADVANCED_FACE('',(#508),#509,.T.);
#181=ADVANCED_FACE('',(#510),#511,.T.);
#182=ADVANCED_FACE('',(#512),#513,.T.);
#183=ADVANCED_FACE('',(#514),#515,.T.);
#184=ADVANCED_FACE('',(#516,#517,#518),#519,.T.);
#185=ADVANCED_FACE('',(#520),#521,.T.);
#186=ADVANCED_FACE('',(#522),#523,.F.);
#187=ADVANCED_FACE('',(#524),#525,.T.);
#188=ADVANCED_FACE('',(#526),#527,.F.);
#189=ADVANCED_FACE('',(#528),#529,.T.);
#190=ADVANCED_FACE('',(#530),#531,.T.);
#191=ADVANCED_FACE('',(#532),#533,.T.);
#192=ADVANCED_FACE('',(#534),#535,.T.);
#193=ADVANCED_FACE('',(#536),#537,.T.);
#194=ADVANCED_FACE('',(#538),#539,.T.);
#195=ADVANCED_FACE('',(#540),#541,.T.);
#196=ADVANCED_FACE('',(#542),#543,.T.);
#197=ADVANCED_FACE('',(#544),#545,.T.);
#198=ADVANCED_FACE('',(#546),#547,.T.);
#199=ADVANCED_FACE('',(#548),#549,.T.);
#200=ADVANCED_FACE('',(#550),#551,.F.);
#201=ADVANCED_FACE('',(#552),#553,.F.);
#202=ADVANCED_FACE('',(#554),#555,.T.);
#203=ADVANCED_FACE('',(#556),#557,.T.);
#204=ADVANCED_FACE('',(#558),#559,.T.);
#205=ADVANCED_FACE('',(#560),#561,.F.);
#206=ADVANCED_FACE('',(#562),#563,.T.);
#207=ADVANCED_FACE('',(#564),#565,.F.);
#208=ADVANCED_FACE('',(#566),#567,.T.);
#209=ADVANCED_FACE('',(#568),#569,.T.);
#210=ADVANCED_FACE('',(#570),#571,.T.);
#211=ADVANCED_FACE('',(#572),#573,.F.);
#212=ADVANCED_FACE('',(#574),#575,.T.);
#213=ADVANCED_FACE('',(#576),#577,.T.);
#214=ADVANCED_FACE('',(#578),#579,.F.);
#215=ADVANCED_FACE('',(#580),#581,.T.);
#216=ADVANCED_FACE('',(#582),#583,.T.);
#217=ADVANCED_FACE('',(#584),#585,.T.);
#218=ADVANCED_FACE('',(#586),#587,.T.);
#219=ADVANCED_FACE('',(#588),#589,.T.);
#220=ADVANCED_FACE('',(#590),#591,.T.);
#221=ADVANCED_FACE('',(#592),#593,.T.);
#222=ADVANCED_FACE('',(#594),#595,.T.);
#223=ADVANCED_FACE('',(#596),#597,.T.);
#224=ADVANCED_FACE('',(#598),#599,.F.);
#225=ADVANCED_FACE('',(#600),#601,.F.);
#226=ADVANCED_FACE('',(#602),#603,.F.);
#227=ADVANCED_FACE('',(#604),#605,.T.);
#228=ADVANCED_FACE('',(#606),#607,.T.);
#229=ADVANCED_FACE('',(#608),#609,.T.);
#230=ADVANCED_FACE('',(#610),#611,.T.);
#231=ADVANCED_FACE('',(#612),#613,.F.);
#232=ADVANCED_FACE('',(#614),#615,.T.);
#233=ADVANCED_FACE('',(#616),#617,.F.);
#234=ADVANCED_FACE('',(#618),#619,.F.);
#235=ADVANCED_FACE('',(#620),#621,.F.);
#236=ADVANCED_FACE('',(#622),#623,.F.);
#237=ADVANCED_FACE('',(#624),#625,.F.);
#238=ADVANCED_FACE('',(#626),#627,.F.);
#239=ADVANCED_FACE('',(#628),#629,.F.);
#240=ADVANCED_FACE('',(#630),#631,.F.);
#241=ADVANCED_FACE('',(#632),#633,.F.);
#242=ADVANCED_FACE('',(#634),#635,.F.);
#243=ADVANCED_FACE('',(#636),#637,.F.);
#244=ADVANCED_FACE('',(#638),#639,.F.);
#245=ADVANCED_FACE('',(#640),#641,.F.);
#246=ADVANCED_FACE('',(#642),#643,.F.);
#247=ADVANCED_FACE('',(#644),#645,.F.);
#248=ADVANCED_FACE('',(#646),#647,.T.);
#249=ADVANCED_FACE('',(#648),#649,.T.);
#250=ADVANCED_FACE('',(#650),#651,.F.);
#251=ADVANCED_FACE('',(#652),#653,.T.);
#252=ADVANCED_FACE('',(#654,#655),#656,.T.);
#253=ADVANCED_FACE('',(#657),#658,.T.);
#254=ADVANCED_FACE('',(#659),#660,.F.);
#255=ADVANCED_FACE('',(#661),#662,.T.);
#256=ADVANCED_FACE('',(#663),#664,.T.);
#257=ADVANCED_FACE('',(#665),#666,.T.);
#258=ADVANCED_FACE('',(#667),#668,.T.);
#259=ADVANCED_FACE('',(#669,#670),#671,.T.);
#260=ADVANCED_FACE('',(#672),#673,.T.);
#261=ADVANCED_FACE('',(#674),#675,.F.);
#262=ADVANCED_FACE('',(#676),#677,.T.);
#263=ADVANCED_FACE('',(#678),#679,.T.);
#264=ADVANCED_FACE('',(#680),#681,.T.);
#266=FACE_OUTER_BOUND('',#682,.T.);
#267=CYLINDRICAL_SURFACE('',#683,0.2554797921298);
#268=FACE_OUTER_BOUND('',#684,.T.);
#269=CYLINDRICAL_SURFACE('',#685,0.2554797921298);
#270=FACE_OUTER_BOUND('',#686,.T.);
#271=PLANE('',#687);
#272=FACE_OUTER_BOUND('',#688,.T.);
#273=PLANE('',#689);
#274=FACE_OUTER_BOUND('',#690,.T.);
#275=PLANE('',#691);
#276=FACE_OUTER_BOUND('',#692,.T.);
#277=PLANE('',#693);
#278=FACE_OUTER_BOUND('',#694,.T.);
#279=PLANE('',#695);
#280=FACE_OUTER_BOUND('',#696,.T.);
#281=PLANE('',#697);
#282=FACE_OUTER_BOUND('',#698,.T.);
#283=PLANE('',#699);
#284=FACE_OUTER_BOUND('',#700,.T.);
#285=PLANE('',#701);
#286=FACE_OUTER_BOUND('',#702,.T.);
#287=PLANE('',#703);
#288=FACE_OUTER_BOUND('',#704,.T.);
#289=PLANE('',#705);
#290=FACE_OUTER_BOUND('',#706,.T.);
#291=PLANE('',#707);
#292=FACE_OUTER_BOUND('',#708,.T.);
#293=PLANE('',#709);
#294=FACE_OUTER_BOUND('',#710,.T.);
#295=PLANE('',#711);
#296=FACE_OUTER_BOUND('',#712,.T.);
#297=PLANE('',#713);
#298=FACE_OUTER_BOUND('',#714,.T.);
#299=PLANE('',#715);
#300=FACE_OUTER_BOUND('',#716,.T.);
#301=PLANE('',#717);
#302=FACE_OUTER_BOUND('',#718,.T.);
#303=PLANE('',#719);
#304=FACE_OUTER_BOUND('',#720,.T.);
#305=PLANE('',#721);
#306=FACE_OUTER_BOUND('',#722,.T.);
#307=PLANE('',#723);
#308=FACE_OUTER_BOUND('',#724,.T.);
#309=PLANE('',#725);
#310=FACE_OUTER_BOUND('',#726,.T.);
#311=PLANE('',#727);
#312=FACE_OUTER_BOUND('',#728,.T.);
#313=PLANE('',#729);
#314=FACE_OUTER_BOUND('',#730,.T.);
#315=PLANE('',#731);
#316=FACE_OUTER_BOUND('',#732,.T.);
#317=PLANE('',#733);
#318=FACE_OUTER_BOUND('',#734,.T.);
#319=PLANE('',#735);
#320=FACE_OUTER_BOUND('',#736,.T.);
#321=PLANE('',#737);
#322=FACE_OUTER_BOUND('',#738,.T.);
#323=PLANE('',#739);
#324=FACE_OUTER_BOUND('',#740,.T.);
#325=PLANE('',#741);
#326=FACE_OUTER_BOUND('',#742,.T.);
#327=PLANE('',#743);
#328=FACE_OUTER_BOUND('',#744,.T.);
#329=PLANE('',#745);
#330=FACE_OUTER_BOUND('',#746,.T.);
#331=PLANE('',#747);
#332=FACE_OUTER_BOUND('',#748,.T.);
#333=PLANE('',#749);
#334=FACE_OUTER_BOUND('',#750,.T.);
#335=PLANE('',#751);
#336=FACE_OUTER_BOUND('',#752,.T.);
#337=PLANE('',#753);
#338=FACE_OUTER_BOUND('',#754,.T.);
#339=PLANE('',#755);
#340=FACE_OUTER_BOUND('',#756,.T.);
#341=FACE_BOUND('',#757,.T.);
#342=PLANE('',#758);
#343=FACE_OUTER_BOUND('',#759,.T.);
#344=PLANE('',#760);
#345=FACE_OUTER_BOUND('',#761,.T.);
#346=CONICAL_SURFACE('',#762,0.2277078052357,0.00872664625996925);
#347=FACE_OUTER_BOUND('',#763,.T.);
#348=PLANE('',#764);
#349=FACE_OUTER_BOUND('',#765,.T.);
#350=CONICAL_SURFACE('',#766,0.2277078052357,0.00872664625996925);
#351=FACE_OUTER_BOUND('',#767,.T.);
#352=PLANE('',#768);
#353=FACE_OUTER_BOUND('',#769,.T.);
#354=CONICAL_SURFACE('',#770,0.2277078052357,0.00872664625996925);
#355=FACE_OUTER_BOUND('',#771,.T.);
#356=PLANE('',#772);
#357=FACE_OUTER_BOUND('',#773,.T.);
#358=PLANE('',#774);
#359=FACE_OUTER_BOUND('',#775,.T.);
#360=FACE_BOUND('',#776,.T.);
#361=FACE_BOUND('',#777,.T.);
#362=PLANE('',#778);
#363=FACE_OUTER_BOUND('',#779,.T.);
#364=CONICAL_SURFACE('',#780,0.2277078052357,0.00872664625996925);
#365=FACE_OUTER_BOUND('',#781,.T.);
#366=PLANE('',#782);
#367=FACE_OUTER_BOUND('',#783,.T.);
#368=CONICAL_SURFACE('',#784,0.2277078052357,0.00872664625996925);
#369=FACE_OUTER_BOUND('',#785,.T.);
#370=PLANE('',#786);
#371=FACE_OUTER_BOUND('',#787,.T.);
#372=CONICAL_SURFACE('',#788,0.2277078052357,0.00872664625996925);
#373=FACE_OUTER_BOUND('',#789,.T.);
#374=PLANE('',#790);
#375=FACE_OUTER_BOUND('',#791,.T.);
#376=CONICAL_SURFACE('',#792,0.2277078052357,0.00872664625996925);
#377=FACE_OUTER_BOUND('',#793,.T.);
#378=PLANE('',#794);
#379=FACE_OUTER_BOUND('',#795,.T.);
#380=FACE_BOUND('',#796,.T.);
#381=PLANE('',#797);
#382=FACE_OUTER_BOUND('',#798,.T.);
#383=PLANE('',#799);
#384=FACE_OUTER_BOUND('',#800,.T.);
#385=PLANE('',#801);
#386=FACE_OUTER_BOUND('',#802,.T.);
#387=PLANE('',#803);
#388=FACE_OUTER_BOUND('',#804,.T.);
#389=PLANE('',#805);
#390=FACE_OUTER_BOUND('',#806,.T.);
#391=PLANE('',#807);
#392=FACE_OUTER_BOUND('',#808,.T.);
#393=PLANE('',#809);
#394=FACE_OUTER_BOUND('',#810,.T.);
#395=PLANE('',#811);
#396=FACE_OUTER_BOUND('',#812,.T.);
#397=PLANE('',#813);
#398=FACE_OUTER_BOUND('',#814,.T.);
#399=PLANE('',#815);
#400=FACE_OUTER_BOUND('',#816,.T.);
#401=PLANE('',#817);
#402=FACE_OUTER_BOUND('',#818,.T.);
#403=PLANE('',#819);
#404=FACE_OUTER_BOUND('',#820,.T.);
#405=PLANE('',#821);
#406=FACE_OUTER_BOUND('',#822,.T.);
#407=PLANE('',#823);
#408=FACE_OUTER_BOUND('',#824,.T.);
#409=PLANE('',#825);
#410=FACE_OUTER_BOUND('',#826,.T.);
#411=FACE_BOUND('',#827,.T.);
#412=FACE_BOUND('',#828,.T.);
#413=PLANE('',#829);
#414=FACE_OUTER_BOUND('',#830,.T.);
#415=PLANE('',#831);
#416=FACE_OUTER_BOUND('',#832,.T.);
#417=PLANE('',#833);
#418=FACE_OUTER_BOUND('',#834,.T.);
#419=PLANE('',#835);
#420=FACE_OUTER_BOUND('',#836,.T.);
#421=PLANE('',#837);
#422=FACE_OUTER_BOUND('',#838,.T.);
#423=PLANE('',#839);
#424=FACE_OUTER_BOUND('',#840,.T.);
#425=PLANE('',#841);
#426=FACE_OUTER_BOUND('',#842,.T.);
#427=PLANE('',#843);
#428=FACE_OUTER_BOUND('',#844,.T.);
#429=PLANE('',#845);
#430=FACE_OUTER_BOUND('',#846,.T.);
#431=PLANE('',#847);
#432=FACE_OUTER_BOUND('',#848,.T.);
#433=PLANE('',#849);
#434=FACE_OUTER_BOUND('',#850,.T.);
#435=PLANE('',#851);
#436=FACE_OUTER_BOUND('',#852,.T.);
#437=PLANE('',#853);
#438=FACE_OUTER_BOUND('',#854,.T.);
#439=PLANE('',#855);
#440=FACE_OUTER_BOUND('',#856,.T.);
#441=PLANE('',#857);
#442=FACE_OUTER_BOUND('',#858,.T.);
#443=PLANE('',#859);
#444=FACE_OUTER_BOUND('',#860,.T.);
#445=PLANE('',#861);
#446=FACE_OUTER_BOUND('',#862,.T.);
#447=PLANE('',#863);
#448=FACE_OUTER_BOUND('',#864,.T.);
#449=PLANE('',#865);
#450=FACE_OUTER_BOUND('',#866,.T.);
#451=PLANE('',#867);
#452=FACE_OUTER_BOUND('',#868,.T.);
#453=PLANE('',#869);
#454=FACE_OUTER_BOUND('',#870,.T.);
#455=PLANE('',#871);
#456=FACE_OUTER_BOUND('',#872,.T.);
#457=PLANE('',#873);
#458=FACE_OUTER_BOUND('',#874,.T.);
#459=PLANE('',#875);
#460=FACE_OUTER_BOUND('',#876,.T.);
#461=PLANE('',#877);
#462=FACE_OUTER_BOUND('',#878,.T.);
#463=PLANE('',#879);
#464=FACE_OUTER_BOUND('',#880,.T.);
#465=PLANE('',#881);
#466=FACE_OUTER_BOUND('',#882,.T.);
#467=PLANE('',#883);
#468=FACE_OUTER_BOUND('',#884,.T.);
#469=PLANE('',#885);
#470=FACE_OUTER_BOUND('',#886,.T.);
#471=PLANE('',#887);
#472=FACE_OUTER_BOUND('',#888,.T.);
#473=PLANE('',#889);
#474=FACE_OUTER_BOUND('',#890,.T.);
#475=PLANE('',#891);
#476=FACE_OUTER_BOUND('',#892,.T.);
#477=PLANE('',#893);
#478=FACE_OUTER_BOUND('',#894,.T.);
#479=PLANE('',#895);
#480=FACE_OUTER_BOUND('',#896,.T.);
#481=PLANE('',#897);
#482=FACE_OUTER_BOUND('',#898,.T.);
#483=PLANE('',#899);
#484=FACE_OUTER_BOUND('',#900,.T.);
#485=PLANE('',#901);
#486=FACE_OUTER_BOUND('',#902,.T.);
#487=CYLINDRICAL_SURFACE('',#903,0.2);
#488=FACE_OUTER_BOUND('',#904,.T.);
#489=(B_SPLINE_SURFACE(3,3,((#906,#907,#908,#909),(#910,#911,#912,#913),(#914,#915,#916,#917),(#918,#919,#920,#921)),.UNSPECIFIED.,.F.,.F.,.F.)B_SPLINE_SURFACE_WITH_KNOTS((4,4),(4,4),(0.0139375992937178,0.998725599430977),(0.00178166094363335,0.998218339058169),.UNSPECIFIED.)RATIONAL_B_SPLINE_SURFACE(((1.34532197947435,1.06409532390798,1.06409532390848,1.34532197947588),(1.13003170468083,0.893809416009665,0.893809416010092,1.13003170468212),(1.13283614247446,0.896027612982521,0.896027612982949,1.13283614247575),(1.35373529285523,1.07074991482654,1.07074991482705,1.35373529285677)))BOUNDED_SURFACE()REPRESENTATION_ITEM('')GEOMETRIC_REPRESENTATION_ITEM()SURFACE());
#490=FACE_OUTER_BOUND('',#928,.T.);
#491=CYLINDRICAL_SURFACE('',#929,0.25);
#492=FACE_OUTER_BOUND('',#930,.T.);
#493=PLANE('',#931);
#494=FACE_OUTER_BOUND('',#932,.T.);
#495=CYLINDRICAL_SURFACE('',#933,0.25);
#496=FACE_OUTER_BOUND('',#934,.T.);
#497=CYLINDRICAL_SURFACE('',#935,0.3);
#498=FACE_OUTER_BOUND('',#936,.T.);
#499=PLANE('',#937);
#500=FACE_OUTER_BOUND('',#938,.T.);
#501=CYLINDRICAL_SURFACE('',#939,0.3);
#502=FACE_OUTER_BOUND('',#940,.T.);
#503=TOROIDAL_SURFACE('',#941,0.5,0.3);
#504=FACE_OUTER_BOUND('',#942,.T.);
#505=CYLINDRICAL_SURFACE('',#943,0.3);
#506=FACE_OUTER_BOUND('',#944,.T.);
#507=CYLINDRICAL_SURFACE('',#945,0.3);
#508=FACE_OUTER_BOUND('',#946,.T.);
#509=PLANE('',#947);
#510=FACE_OUTER_BOUND('',#948,.T.);
#511=CYLINDRICAL_SURFACE('',#949,0.2);
#512=FACE_OUTER_BOUND('',#950,.T.);
#513=PLANE('',#951);
#514=FACE_OUTER_BOUND('',#952,.T.);
#515=CYLINDRICAL_SURFACE('',#953,0.2);
#516=FACE_OUTER_BOUND('',#954,.T.);
#517=FACE_BOUND('',#955,.T.);
#518=FACE_BOUND('',#956,.T.);
#519=PLANE('',#957);
#520=FACE_OUTER_BOUND('',#958,.T.);
#521=PLANE('',#959);
#522=FACE_OUTER_BOUND('',#960,.T.);
#523=CYLINDRICAL_SURFACE('',#961,0.076);
#524=FACE_OUTER_BOUND('',#962,.T.);
#525=PLANE('',#963);
#526=FACE_OUTER_BOUND('',#964,.T.);
#527=CYLINDRICAL_SURFACE('',#965,0.2554797921298);
#528=FACE_OUTER_BOUND('',#966,.T.);
#529=PLANE('',#967);
#530=FACE_OUTER_BOUND('',#968,.T.);
#531=PLANE('',#969);
#532=FACE_OUTER_BOUND('',#970,.T.);
#533=PLANE('',#971);
#534=FACE_OUTER_BOUND('',#972,.T.);
#535=PLANE('',#973);
#536=FACE_OUTER_BOUND('',#974,.T.);
#537=PLANE('',#975);
#538=FACE_OUTER_BOUND('',#976,.T.);
#539=PLANE('',#977);
#540=FACE_OUTER_BOUND('',#978,.T.);
#541=PLANE('',#979);
#542=FACE_OUTER_BOUND('',#980,.T.);
#543=PLANE('',#981);
#544=FACE_OUTER_BOUND('',#982,.T.);
#545=PLANE('',#983);
#546=FACE_OUTER_BOUND('',#984,.T.);
#547=PLANE('',#985);
#548=FACE_OUTER_BOUND('',#986,.T.);
#549=CYLINDRICAL_SURFACE('',#987,0.76);
#550=FACE_OUTER_BOUND('',#988,.T.);
#551=PLANE('',#989);
#552=FACE_OUTER_BOUND('',#990,.T.);
#553=CYLINDRICAL_SURFACE('',#991,0.2554797921298);
#554=FACE_OUTER_BOUND('',#992,.T.);
#555=PLANE('',#993);
#556=FACE_OUTER_BOUND('',#994,.T.);
#557=PLANE('',#995);
#558=FACE_OUTER_BOUND('',#996,.T.);
#559=PLANE('',#997);
#560=FACE_OUTER_BOUND('',#998,.T.);
#561=CYLINDRICAL_SURFACE('',#999,0.076);
#562=FACE_OUTER_BOUND('',#1000,.T.);
#563=PLANE('',#1001);
#564=FACE_OUTER_BOUND('',#1002,.T.);
#565=CYLINDRICAL_SURFACE('',#1003,0.076);
#566=FACE_OUTER_BOUND('',#1004,.T.);
#567=PLANE('',#1005);
#568=FACE_OUTER_BOUND('',#1006,.T.);
#569=PLANE('',#1007);
#570=FACE_OUTER_BOUND('',#1008,.T.);
#571=PLANE('',#1009);
#572=FACE_OUTER_BOUND('',#1010,.T.);
#573=CYLINDRICAL_SURFACE('',#1011,0.076);
#574=FACE_OUTER_BOUND('',#1012,.T.);
#575=PLANE('',#1013);
#576=FACE_OUTER_BOUND('',#1014,.T.);
#577=CYLINDRICAL_SURFACE('',#1015,0.25);
#578=FACE_OUTER_BOUND('',#1016,.T.);
#579=PLANE('',#1017);
#580=FACE_OUTER_BOUND('',#1018,.T.);
#581=CYLINDRICAL_SURFACE('',#1019,0.2);
#582=FACE_OUTER_BOUND('',#1020,.T.);
#583=(B_SPLINE_SURFACE(3,3,((#1022,#1023,#1024,#1025),(#1026,#1027,#1028,#1029),(#1030,#1031,#1032,#1033),(#1034,#1035,#1036,#1037)),.UNSPECIFIED.,.F.,.F.,.F.)B_SPLINE_SURFACE_WITH_KNOTS((4,4),(4,4),(0.000953034987798029,0.986062400706281),(0.00146029536109734,0.998539704639396),.UNSPECIFIED.)RATIONAL_B_SPLINE_SURFACE(((1.35422555339273,1.07082971017233,1.07082971017247,1.35422555339315),(1.13306719308412,0.895952680066198,0.895952680066316,1.13306719308447),(1.13019006412377,0.893677641640721,0.893677641640838,1.13019006412412),(1.34559416651169,1.0640045948959,1.06400459489604,1.34559416651211)))BOUNDED_SURFACE()REPRESENTATION_ITEM('')GEOMETRIC_REPRESENTATION_ITEM()SURFACE());
#584=FACE_OUTER_BOUND('',#1044,.T.);
#585=(B_SPLINE_SURFACE(3,3,((#1046,#1047,#1048,#1049),(#1050,#1051,#1052,#1053),(#1054,#1055,#1056,#1057),(#1058,#1059,#1060,#1061)),.UNSPECIFIED.,.F.,.F.,.F.)B_SPLINE_SURFACE_WITH_KNOTS((4,4),(4,4),(0.0,0.97859646330349),(0.0,0.978596463303067),.UNSPECIFIED.)RATIONAL_B_SPLINE_SURFACE(((1.409592795969,1.11949757756588,1.11328851391319,1.39096560501091),(1.11949757756576,0.889104165230386,0.884172931374734,1.1047038759988),(1.11328851391318,0.884172931374829,0.87926904759613,1.09857686257709),(1.39096560501127,1.10470387599921,1.09857686257738,1.37258456474576)))BOUNDED_SURFACE()REPRESENTATION_ITEM('')GEOMETRIC_REPRESENTATION_ITEM()SURFACE());
#586=FACE_OUTER_BOUND('',#1068,.T.);
#587=CYLINDRICAL_SURFACE('',#1069,0.2);
#588=FACE_OUTER_BOUND('',#1070,.T.);
#589=TOROIDAL_SURFACE('',#1071,0.5,0.2);
#590=FACE_OUTER_BOUND('',#1072,.T.);
#591=CYLINDRICAL_SURFACE('',#1073,0.25);
#592=FACE_OUTER_BOUND('',#1074,.T.);
#593=(B_SPLINE_SURFACE(3,3,((#1076,#1077,#1078,#1079),(#1080,#1081,#1082,#1083),(#1084,#1085,#1086,#1087),(#1088,#1089,#1090,#1091)),.UNSPECIFIED.,.F.,.F.,.F.)B_SPLINE_SURFACE_WITH_KNOTS((4,4),(4,4),(0.0,1.0),(0.0,0.97859692979066),.UNSPECIFIED.)RATIONAL_B_SPLINE_SURFACE(((1.488709048741,1.18233150216425,1.17577408202431,1.46903678832116),(1.086780627079,0.863120280234516,0.858333262127958,1.07241957275933),(1.086780627079,0.863120280234516,0.858333262127958,1.07241957275933),(1.488709048741,1.18233150216425,1.17577408202431,1.46903678832116)))BOUNDED_SURFACE()REPRESENTATION_ITEM('')GEOMETRIC_REPRESENTATION_ITEM()SURFACE());
#594=FACE_OUTER_BOUND('',#1098,.T.);
#595=CYLINDRICAL_SURFACE('',#1099,0.2);
#596=FACE_OUTER_BOUND('',#1100,.T.);
#597=TOROIDAL_SURFACE('',#1101,0.5,0.2);
#598=FACE_OUTER_BOUND('',#1102,.T.);
#599=CYLINDRICAL_SURFACE('',#1103,0.3);
#600=FACE_OUTER_BOUND('',#1104,.T.);
#601=TOROIDAL_SURFACE('',#1105,0.5,0.3);
#602=FACE_OUTER_BOUND('',#1106,.T.);
#603=CYLINDRICAL_SURFACE('',#1107,0.3);
#604=FACE_OUTER_BOUND('',#1108,.T.);
#605=PLANE('',#1109);
#606=FACE_OUTER_BOUND('',#1110,.T.);
#607=CYLINDRICAL_SURFACE('',#1111,0.2);
#608=FACE_OUTER_BOUND('',#1112,.T.);
#609=PLANE('',#1113);
#610=FACE_OUTER_BOUND('',#1114,.T.);
#611=CYLINDRICAL_SURFACE('',#1115,0.2);
#612=FACE_OUTER_BOUND('',#1116,.T.);
#613=PLANE('',#1117);
#614=FACE_OUTER_BOUND('',#1118,.T.);
#615=PLANE('',#1119);
#616=FACE_OUTER_BOUND('',#1120,.T.);
#617=PLANE('',#1121);
#618=FACE_OUTER_BOUND('',#1122,.T.);
#619=PLANE('',#1123);
#620=FACE_OUTER_BOUND('',#1124,.T.);
#621=PLANE('',#1125);
#622=FACE_OUTER_BOUND('',#1126,.T.);
#623=PLANE('',#1127);
#624=FACE_OUTER_BOUND('',#1128,.T.);
#625=PLANE('',#1129);
#626=FACE_OUTER_BOUND('',#1130,.T.);
#627=PLANE('',#1131);
#628=FACE_OUTER_BOUND('',#1132,.T.);
#629=PLANE('',#1133);
#630=FACE_OUTER_BOUND('',#1134,.T.);
#631=PLANE('',#1135);
#632=FACE_OUTER_BOUND('',#1136,.T.);
#633=PLANE('',#1137);
#634=FACE_OUTER_BOUND('',#1138,.T.);
#635=PLANE('',#1139);
#636=FACE_OUTER_BOUND('',#1140,.T.);
#637=PLANE('',#1141);
#638=FACE_OUTER_BOUND('',#1142,.T.);
#639=PLANE('',#1143);
#640=FACE_OUTER_BOUND('',#1144,.T.);
#641=PLANE('',#1145);
#642=FACE_OUTER_BOUND('',#1146,.T.);
#643=PLANE('',#1147);
#644=FACE_OUTER_BOUND('',#1148,.T.);
#645=PLANE('',#1149);
#646=FACE_OUTER_BOUND('',#1150,.T.);
#647=PLANE('',#1151);
#648=FACE_OUTER_BOUND('',#1152,.T.);
#649=PLANE('',#1153);
#650=FACE_OUTER_BOUND('',#1154,.T.);
#651=PLANE('',#1155);
#652=FACE_OUTER_BOUND('',#1156,.T.);
#653=CYLINDRICAL_SURFACE('',#1157,0.9);
#654=FACE_OUTER_BOUND('',#1158,.T.);
#655=FACE_BOUND('',#1159,.T.);
#656=PLANE('',#1160);
#657=FACE_OUTER_BOUND('',#1161,.T.);
#658=CYLINDRICAL_SURFACE('',#1162,0.9);
#659=FACE_OUTER_BOUND('',#1163,.T.);
#660=PLANE('',#1164);
#661=FACE_OUTER_BOUND('',#1165,.T.);
#662=CYLINDRICAL_SURFACE('',#1166,0.475);
#663=FACE_OUTER_BOUND('',#1167,.T.);
#664=CYLINDRICAL_SURFACE('',#1168,0.475);
#665=FACE_OUTER_BOUND('',#1169,.T.);
#666=PLANE('',#1170);
#667=FACE_OUTER_BOUND('',#1171,.T.);
#668=CYLINDRICAL_SURFACE('',#1172,0.9);
#669=FACE_OUTER_BOUND('',#1173,.T.);
#670=FACE_BOUND('',#1174,.T.);
#671=PLANE('',#1175);
#672=FACE_OUTER_BOUND('',#1176,.T.);
#673=CYLINDRICAL_SURFACE('',#1177,0.9);
#674=FACE_OUTER_BOUND('',#1178,.T.);
#675=PLANE('',#1179);
#676=FACE_OUTER_BOUND('',#1180,.T.);
#677=CYLINDRICAL_SURFACE('',#1181,0.475);
#678=FACE_OUTER_BOUND('',#1182,.T.);
#679=CYLINDRICAL_SURFACE('',#1183,0.475);
#680=FACE_OUTER_BOUND('',#1184,.T.);
#681=PLANE('',#1185);
#682=EDGE_LOOP('',(#1186,#1187,#1188,#1189));
#683=AXIS2_PLACEMENT_3D('',#1190,#1191,#1192);
#684=EDGE_LOOP('',(#1193,#1194,#1195,#1196));
#685=AXIS2_PLACEMENT_3D('',#1197,#1198,#1199);
#686=EDGE_LOOP('',(#1200,#1201,#1202,#1203));
#687=AXIS2_PLACEMENT_3D('',#1204,#1205,#1206);
#688=EDGE_LOOP('',(#1207,#1208,#1209,#1210,#1211,#1212,#1213,#1214,#1215,#1216,#1217,#1218));
#689=AXIS2_PLACEMENT_3D('',#1219,#1220,#1221);
#690=EDGE_LOOP('',(#1222,#1223,#1224,#1225));
#691=AXIS2_PLACEMENT_3D('',#1226,#1227,#1228);
#692=EDGE_LOOP('',(#1229,#1230,#1231,#1232,#1233,#1234,#1235,#1236,#1237,#1238,#1239,#1240,#1241,#1242,#1243,#1244));
#693=AXIS2_PLACEMENT_3D('',#1245,#1246,#1247);
#694=EDGE_LOOP('',(#1248,#1249,#1250));
#695=AXIS2_PLACEMENT_3D('',#1251,#1252,#1253);
#696=EDGE_LOOP('',(#1254,#1255,#1256,#1257));
#697=AXIS2_PLACEMENT_3D('',#1258,#1259,#1260);
#698=EDGE_LOOP('',(#1261,#1262,#1263));
#699=AXIS2_PLACEMENT_3D('',#1264,#1265,#1266);
#700=EDGE_LOOP('',(#1267,#1268,#1269,#1270));
#701=AXIS2_PLACEMENT_3D('',#1271,#1272,#1273);
#702=EDGE_LOOP('',(#1274,#1275,#1276,#1277,#1278,#1279,#1280,#1281,#1282,#1283,#1284,#1285,#1286,#1287,#1288,#1289));
#703=AXIS2_PLACEMENT_3D('',#1290,#1291,#1292);
#704=EDGE_LOOP('',(#1293,#1294,#1295));
#705=AXIS2_PLACEMENT_3D('',#1296,#1297,#1298);
#706=EDGE_LOOP('',(#1299,#1300,#1301));
#707=AXIS2_PLACEMENT_3D('',#1302,#1303,#1304);
#708=EDGE_LOOP('',(#1305,#1306,#1307,#1308));
#709=AXIS2_PLACEMENT_3D('',#1309,#1310,#1311);
#710=EDGE_LOOP('',(#1312,#1313,#1314,#1315));
#711=AXIS2_PLACEMENT_3D('',#1316,#1317,#1318);
#712=EDGE_LOOP('',(#1319,#1320,#1321,#1322));
#713=AXIS2_PLACEMENT_3D('',#1323,#1324,#1325);
#714=EDGE_LOOP('',(#1326,#1327,#1328,#1329,#1330,#1331,#1332,#1333,#1334));
#715=AXIS2_PLACEMENT_3D('',#1335,#1336,#1337);
#716=EDGE_LOOP('',(#1338,#1339,#1340,#1341));
#717=AXIS2_PLACEMENT_3D('',#1342,#1343,#1344);
#718=EDGE_LOOP('',(#1345,#1346,#1347,#1348,#1349,#1350,#1351,#1352,#1353));
#719=AXIS2_PLACEMENT_3D('',#1354,#1355,#1356);
#720=EDGE_LOOP('',(#1357,#1358,#1359,#1360,#1361,#1362));
#721=AXIS2_PLACEMENT_3D('',#1363,#1364,#1365);
#722=EDGE_LOOP('',(#1366,#1367,#1368,#1369,#1370));
#723=AXIS2_PLACEMENT_3D('',#1371,#1372,#1373);
#724=EDGE_LOOP('',(#1374,#1375,#1376,#1377,#1378,#1379,#1380,#1381,#1382,#1383,#1384,#1385,#1386,#1387,#1388,#1389));
#725=AXIS2_PLACEMENT_3D('',#1390,#1391,#1392);
#726=EDGE_LOOP('',(#1393,#1394,#1395));
#727=AXIS2_PLACEMENT_3D('',#1396,#1397,#1398);
#728=EDGE_LOOP('',(#1399,#1400,#1401));
#729=AXIS2_PLACEMENT_3D('',#1402,#1403,#1404);
#730=EDGE_LOOP('',(#1405,#1406,#1407,#1408));
#731=AXIS2_PLACEMENT_3D('',#1409,#1410,#1411);
#732=EDGE_LOOP('',(#1412,#1413,#1414,#1415));
#733=AXIS2_PLACEMENT_3D('',#1416,#1417,#1418);
#734=EDGE_LOOP('',(#1419,#1420,#1421,#1422));
#735=AXIS2_PLACEMENT_3D('',#1423,#1424,#1425);
#736=EDGE_LOOP('',(#1426,#1427,#1428,#1429));
#737=AXIS2_PLACEMENT_3D('',#1430,#1431,#1432);
#738=EDGE_LOOP('',(#1433,#1434,#1435));
#739=AXIS2_PLACEMENT_3D('',#1436,#1437,#1438);
#740=EDGE_LOOP('',(#1439,#1440,#1441,#1442,#1443));
#741=AXIS2_PLACEMENT_3D('',#1444,#1445,#1446);
#742=EDGE_LOOP('',(#1447,#1448,#1449,#1450,#1451,#1452,#1453,#1454));
#743=AXIS2_PLACEMENT_3D('',#1455,#1456,#1457);
#744=EDGE_LOOP('',(#1458,#1459,#1460));
#745=AXIS2_PLACEMENT_3D('',#1461,#1462,#1463);
#746=EDGE_LOOP('',(#1464,#1465,#1466,#1467,#1468));
#747=AXIS2_PLACEMENT_3D('',#1469,#1470,#1471);
#748=EDGE_LOOP('',(#1472,#1473,#1474,#1475));
#749=AXIS2_PLACEMENT_3D('',#1476,#1477,#1478);
#750=EDGE_LOOP('',(#1479,#1480,#1481,#1482));
#751=AXIS2_PLACEMENT_3D('',#1483,#1484,#1485);
#752=EDGE_LOOP('',(#1486,#1487,#1488,#1489,#1490,#1491));
#753=AXIS2_PLACEMENT_3D('',#1492,#1493,#1494);
#754=EDGE_LOOP('',(#1495,#1496,#1497,#1498));
#755=AXIS2_PLACEMENT_3D('',#1499,#1500,#1501);
#756=EDGE_LOOP('',(#1502,#1503,#1504,#1505,#1506,#1507,#1508,#1509));
#757=EDGE_LOOP('',(#1510,#1511,#1512,#1513,#1514,#1515,#1516,#1517,#1518,#1519,#1520,#1521,#1522,#1523,#1524,#1525));
#758=AXIS2_PLACEMENT_3D('',#1526,#1527,#1528);
#759=EDGE_LOOP('',(#1529,#1530,#1531,#1532));
#760=AXIS2_PLACEMENT_3D('',#1533,#1534,#1535);
#761=EDGE_LOOP('',(#1536,#1537,#1538,#1539));
#762=AXIS2_PLACEMENT_3D('',#1540,#1541,#1542);
#763=EDGE_LOOP('',(#1543,#1544,#1545,#1546));
#764=AXIS2_PLACEMENT_3D('',#1547,#1548,#1549);
#765=EDGE_LOOP('',(#1550,#1551,#1552,#1553));
#766=AXIS2_PLACEMENT_3D('',#1554,#1555,#1556);
#767=EDGE_LOOP('',(#1557,#1558,#1559,#1560));
#768=AXIS2_PLACEMENT_3D('',#1561,#1562,#1563);
#769=EDGE_LOOP('',(#1564,#1565,#1566,#1567));
#770=AXIS2_PLACEMENT_3D('',#1568,#1569,#1570);
#771=EDGE_LOOP('',(#1571,#1572,#1573,#1574));
#772=AXIS2_PLACEMENT_3D('',#1575,#1576,#1577);
#773=EDGE_LOOP('',(#1578,#1579,#1580,#1581));
#774=AXIS2_PLACEMENT_3D('',#1582,#1583,#1584);
#775=EDGE_LOOP('',(#1585,#1586,#1587,#1588,#1589,#1590,#1591,#1592,#1593,#1594));
#776=EDGE_LOOP('',(#1595,#1596,#1597,#1598,#1599,#1600,#1601,#1602));
#777=EDGE_LOOP('',(#1603,#1604,#1605,#1606,#1607,#1608,#1609,#1610));
#778=AXIS2_PLACEMENT_3D('',#1611,#1612,#1613);
#779=EDGE_LOOP('',(#1614,#1615,#1616,#1617));
#780=AXIS2_PLACEMENT_3D('',#1618,#1619,#1620);
#781=EDGE_LOOP('',(#1621,#1622,#1623,#1624));
#782=AXIS2_PLACEMENT_3D('',#1625,#1626,#1627);
#783=EDGE_LOOP('',(#1628,#1629,#1630,#1631));
#784=AXIS2_PLACEMENT_3D('',#1632,#1633,#1634);
#785=EDGE_LOOP('',(#1635,#1636,#1637,#1638));
#786=AXIS2_PLACEMENT_3D('',#1639,#1640,#1641);
#787=EDGE_LOOP('',(#1642,#1643,#1644,#1645));
#788=AXIS2_PLACEMENT_3D('',#1646,#1647,#1648);
#789=EDGE_LOOP('',(#1649,#1650,#1651,#1652));
#790=AXIS2_PLACEMENT_3D('',#1653,#1654,#1655);
#791=EDGE_LOOP('',(#1656,#1657,#1658,#1659));
#792=AXIS2_PLACEMENT_3D('',#1660,#1661,#1662);
#793=EDGE_LOOP('',(#1663,#1664,#1665,#1666));
#794=AXIS2_PLACEMENT_3D('',#1667,#1668,#1669);
#795=EDGE_LOOP('',(#1670,#1671,#1672,#1673,#1674,#1675,#1676,#1677));
#796=EDGE_LOOP('',(#1678,#1679,#1680,#1681,#1682,#1683,#1684,#1685,#1686,#1687,#1688,#1689,#1690,#1691,#1692,#1693));
#797=AXIS2_PLACEMENT_3D('',#1694,#1695,#1696);
#798=EDGE_LOOP('',(#1697,#1698,#1699,#1700,#1701,#1702));
#799=AXIS2_PLACEMENT_3D('',#1703,#1704,#1705);
#800=EDGE_LOOP('',(#1706,#1707,#1708,#1709));
#801=AXIS2_PLACEMENT_3D('',#1710,#1711,#1712);
#802=EDGE_LOOP('',(#1713,#1714,#1715,#1716,#1717,#1718,#1719,#1720,#1721,#1722,#1723,#1724));
#803=AXIS2_PLACEMENT_3D('',#1725,#1726,#1727);
#804=EDGE_LOOP('',(#1728,#1729,#1730,#1731));
#805=AXIS2_PLACEMENT_3D('',#1732,#1733,#1734);
#806=EDGE_LOOP('',(#1735,#1736,#1737,#1738,#1739,#1740,#1741,#1742,#1743,#1744,#1745,#1746,#1747,#1748,#1749,#1750));
#807=AXIS2_PLACEMENT_3D('',#1751,#1752,#1753);
#808=EDGE_LOOP('',(#1754,#1755,#1756));
#809=AXIS2_PLACEMENT_3D('',#1757,#1758,#1759);
#810=EDGE_LOOP('',(#1760,#1761,#1762,#1763));
#811=AXIS2_PLACEMENT_3D('',#1764,#1765,#1766);
#812=EDGE_LOOP('',(#1767,#1768,#1769,#1770));
#813=AXIS2_PLACEMENT_3D('',#1771,#1772,#1773);
#814=EDGE_LOOP('',(#1774,#1775,#1776,#1777,#1778,#1779,#1780,#1781,#1782,#1783,#1784,#1785,#1786,#1787,#1788,#1789));
#815=AXIS2_PLACEMENT_3D('',#1790,#1791,#1792);
#816=EDGE_LOOP('',(#1793,#1794,#1795));
#817=AXIS2_PLACEMENT_3D('',#1796,#1797,#1798);
#818=EDGE_LOOP('',(#1799,#1800,#1801));
#819=AXIS2_PLACEMENT_3D('',#1802,#1803,#1804);
#820=EDGE_LOOP('',(#1805,#1806,#1807,#1808));
#821=AXIS2_PLACEMENT_3D('',#1809,#1810,#1811);
#822=EDGE_LOOP('',(#1812,#1813,#1814,#1815,#1816,#1817,#1818,#1819,#1820));
#823=AXIS2_PLACEMENT_3D('',#1821,#1822,#1823);
#824=EDGE_LOOP('',(#1824,#1825,#1826,#1827));
#825=AXIS2_PLACEMENT_3D('',#1828,#1829,#1830);
#826=EDGE_LOOP('',(#1831,#1832,#1833,#1834,#1835,#1836,#1837,#1838));
#827=EDGE_LOOP('',(#1839,#1840,#1841,#1842));
#828=EDGE_LOOP('',(#1843,#1844,#1845,#1846));
#829=AXIS2_PLACEMENT_3D('',#1847,#1848,#1849);
#830=EDGE_LOOP('',(#1850,#1851,#1852,#1853,#1854,#1855,#1856,#1857,#1858));
#831=AXIS2_PLACEMENT_3D('',#1859,#1860,#1861);
#832=EDGE_LOOP('',(#1862,#1863,#1864,#1865));
#833=AXIS2_PLACEMENT_3D('',#1866,#1867,#1868);
#834=EDGE_LOOP('',(#1869,#1870,#1871,#1872,#1873,#1874,#1875,#1876,#1877,#1878,#1879,#1880,#1881,#1882,#1883,#1884));
#835=AXIS2_PLACEMENT_3D('',#1885,#1886,#1887);
#836=EDGE_LOOP('',(#1888,#1889,#1890));
#837=AXIS2_PLACEMENT_3D('',#1891,#1892,#1893);
#838=EDGE_LOOP('',(#1894,#1895,#1896));
#839=AXIS2_PLACEMENT_3D('',#1897,#1898,#1899);
#840=EDGE_LOOP('',(#1900,#1901,#1902,#1903));
#841=AXIS2_PLACEMENT_3D('',#1904,#1905,#1906);
#842=EDGE_LOOP('',(#1907,#1908,#1909,#1910));
#843=AXIS2_PLACEMENT_3D('',#1911,#1912,#1913);
#844=EDGE_LOOP('',(#1914,#1915,#1916,#1917,#1918,#1919));
#845=AXIS2_PLACEMENT_3D('',#1920,#1921,#1922);
#846=EDGE_LOOP('',(#1923,#1924,#1925,#1926));
#847=AXIS2_PLACEMENT_3D('',#1927,#1928,#1929);
#848=EDGE_LOOP('',(#1930,#1931,#1932,#1933,#1934,#1935));
#849=AXIS2_PLACEMENT_3D('',#1936,#1937,#1938);
#850=EDGE_LOOP('',(#1939,#1940,#1941,#1942));
#851=AXIS2_PLACEMENT_3D('',#1943,#1944,#1945);
#852=EDGE_LOOP('',(#1946,#1947,#1948,#1949));
#853=AXIS2_PLACEMENT_3D('',#1950,#1951,#1952);
#854=EDGE_LOOP('',(#1953,#1954,#1955,#1956,#1957));
#855=AXIS2_PLACEMENT_3D('',#1958,#1959,#1960);
#856=EDGE_LOOP('',(#1961,#1962,#1963,#1964,#1965,#1966,#1967,#1968));
#857=AXIS2_PLACEMENT_3D('',#1969,#1970,#1971);
#858=EDGE_LOOP('',(#1972,#1973,#1974));
#859=AXIS2_PLACEMENT_3D('',#1975,#1976,#1977);
#860=EDGE_LOOP('',(#1978,#1979,#1980,#1981,#1982));
#861=AXIS2_PLACEMENT_3D('',#1983,#1984,#1985);
#862=EDGE_LOOP('',(#1986,#1987,#1988));
#863=AXIS2_PLACEMENT_3D('',#1989,#1990,#1991);
#864=EDGE_LOOP('',(#1992,#1993,#1994,#1995));
#865=AXIS2_PLACEMENT_3D('',#1996,#1997,#1998);
#866=EDGE_LOOP('',(#1999,#2000,#2001,#2002));
#867=AXIS2_PLACEMENT_3D('',#2003,#2004,#2005);
#868=EDGE_LOOP('',(#2006,#2007,#2008,#2009,#2010,#2011));
#869=AXIS2_PLACEMENT_3D('',#2012,#2013,#2014);
#870=EDGE_LOOP('',(#2015,#2016,#2017,#2018));
#871=AXIS2_PLACEMENT_3D('',#2019,#2020,#2021);
#872=EDGE_LOOP('',(#2022,#2023,#2024,#2025));
#873=AXIS2_PLACEMENT_3D('',#2026,#2027,#2028);
#874=EDGE_LOOP('',(#2029,#2030,#2031,#2032));
#875=AXIS2_PLACEMENT_3D('',#2033,#2034,#2035);
#876=EDGE_LOOP('',(#2036,#2037,#2038,#2039,#2040));
#877=AXIS2_PLACEMENT_3D('',#2041,#2042,#2043);
#878=EDGE_LOOP('',(#2044,#2045,#2046,#2047));
#879=AXIS2_PLACEMENT_3D('',#2048,#2049,#2050);
#880=EDGE_LOOP('',(#2051,#2052,#2053,#2054));
#881=AXIS2_PLACEMENT_3D('',#2055,#2056,#2057);
#882=EDGE_LOOP('',(#2058,#2059,#2060,#2061));
#883=AXIS2_PLACEMENT_3D('',#2062,#2063,#2064);
#884=EDGE_LOOP('',(#2065,#2066,#2067,#2068,#2069,#2070));
#885=AXIS2_PLACEMENT_3D('',#2071,#2072,#2073);
#886=EDGE_LOOP('',(#2074,#2075,#2076,#2077,#2078));
#887=AXIS2_PLACEMENT_3D('',#2079,#2080,#2081);
#888=EDGE_LOOP('',(#2082,#2083,#2084,#2085));
#889=AXIS2_PLACEMENT_3D('',#2086,#2087,#2088);
#890=EDGE_LOOP('',(#2089,#2090,#2091,#2092));
#891=AXIS2_PLACEMENT_3D('',#2093,#2094,#2095);
#892=EDGE_LOOP('',(#2096,#2097,#2098,#2099));
#893=AXIS2_PLACEMENT_3D('',#2100,#2101,#2102);
#894=EDGE_LOOP('',(#2103,#2104,#2105,#2106));
#895=AXIS2_PLACEMENT_3D('',#2107,#2108,#2109);
#896=EDGE_LOOP('',(#2110,#2111,#2112,#2113));
#897=AXIS2_PLACEMENT_3D('',#2114,#2115,#2116);
#898=EDGE_LOOP('',(#2117,#2118,#2119,#2120));
#899=AXIS2_PLACEMENT_3D('',#2121,#2122,#2123);
#900=EDGE_LOOP('',(#2124,#2125,#2126,#2127,#2128));
#901=AXIS2_PLACEMENT_3D('',#2129,#2130,#2131);
#902=EDGE_LOOP('',(#2132,#2133,#2134,#2135));
#903=AXIS2_PLACEMENT_3D('',#2136,#2137,#2138);
#904=EDGE_LOOP('',(#2139,#2140,#2141,#2142));
#906=CARTESIAN_POINT('',(7.35923741415063,-0.397219725771645,1.01990407722202));
#907=CARTESIAN_POINT('',(7.48176960890316,-0.397186983819077,1.02343590331669));
#908=CARTESIAN_POINT('',(7.56844894213268,-0.397990513945804,0.936760294587389));
#909=CARTESIAN_POINT('',(7.56491696427334,-0.399126405355096,0.814233364888271));
#910=CARTESIAN_POINT('',(7.35923741415063,-0.553072058776133,1.02134891328069));
#911=CARTESIAN_POINT('',(7.48176960890316,-0.554874714800575,1.02489775451496));
#912=CARTESIAN_POINT('',(7.56844894213268,-0.510635189960679,0.937804572119676));
#913=CARTESIAN_POINT('',(7.56491696427334,-0.448097029231759,0.814687349258132));
#914=CARTESIAN_POINT('',(7.35923741415063,-0.671777747457086,0.920646338933924));
#915=CARTESIAN_POINT('',(7.48176960890316,-0.674978343292057,0.92300925437755));
#916=CARTESIAN_POINT('',(7.56844894213268,-0.596431556205732,0.865020234263248));
#917=CARTESIAN_POINT('',(7.56491696427334,-0.485395743471976,0.783045423874941));
#918=CARTESIAN_POINT('',(7.35923741415063,-0.696195101548752,0.76710251880247));
#919=CARTESIAN_POINT('',(7.48176960890316,-0.699683248820653,0.767657222514961));
#920=CARTESIAN_POINT('',(7.56844894213268,-0.614079575248968,0.754044071511134));
#921=CARTESIAN_POINT('',(7.56491696427334,-0.493067961399247,0.734800161713686));
#928=EDGE_LOOP('',(#2143,#2144,#2145,#2146,#2147));
#929=AXIS2_PLACEMENT_3D('',#2148,#2149,#2150);
#930=EDGE_LOOP('',(#2151,#2152,#2153,#2154));
#931=AXIS2_PLACEMENT_3D('',#2155,#2156,#2157);
#932=EDGE_LOOP('',(#2158,#2159,#2160,#2161,#2162));
#933=AXIS2_PLACEMENT_3D('',#2163,#2164,#2165);
#934=EDGE_LOOP('',(#2166,#2167,#2168,#2169,#2170,#2171));
#935=AXIS2_PLACEMENT_3D('',#2172,#2173,#2174);
#936=EDGE_LOOP('',(#2175,#2176,#2177,#2178,#2179,#2180,#2181,#2182,#2183,#2184,#2185,#2186,#2187));
#937=AXIS2_PLACEMENT_3D('',#2188,#2189,#2190);
#938=EDGE_LOOP('',(#2191,#2192,#2193,#2194));
#939=AXIS2_PLACEMENT_3D('',#2195,#2196,#2197);
#940=EDGE_LOOP('',(#2198,#2199,#2200,#2201));
#941=AXIS2_PLACEMENT_3D('',#2202,#2203,#2204);
#942=EDGE_LOOP('',(#2205,#2206,#2207,#2208));
#943=AXIS2_PLACEMENT_3D('',#2209,#2210,#2211);
#944=EDGE_LOOP('',(#2212,#2213,#2214,#2215,#2216));
#945=AXIS2_PLACEMENT_3D('',#2217,#2218,#2219);
#946=EDGE_LOOP('',(#2220,#2221,#2222,#2223));
#947=AXIS2_PLACEMENT_3D('',#2224,#2225,#2226);
#948=EDGE_LOOP('',(#2227,#2228,#2229,#2230));
#949=AXIS2_PLACEMENT_3D('',#2231,#2232,#2233);
#950=EDGE_LOOP('',(#2234,#2235,#2236,#2237));
#951=AXIS2_PLACEMENT_3D('',#2238,#2239,#2240);
#952=EDGE_LOOP('',(#2241,#2242,#2243,#2244));
#953=AXIS2_PLACEMENT_3D('',#2245,#2246,#2247);
#954=EDGE_LOOP('',(#2248,#2249,#2250,#2251,#2252,#2253,#2254,#2255,#2256,#2257));
#955=EDGE_LOOP('',(#2258,#2259,#2260,#2261));
#956=EDGE_LOOP('',(#2262,#2263,#2264,#2265));
#957=AXIS2_PLACEMENT_3D('',#2266,#2267,#2268);
#958=EDGE_LOOP('',(#2269,#2270,#2271,#2272,#2273,#2274,#2275,#2276,#2277,#2278,#2279,#2280,#2281,#2282,#2283,#2284,#2285,#2286));
#959=AXIS2_PLACEMENT_3D('',#2287,#2288,#2289);
#960=EDGE_LOOP('',(#2290,#2291,#2292,#2293));
#961=AXIS2_PLACEMENT_3D('',#2294,#2295,#2296);
#962=EDGE_LOOP('',(#2297,#2298,#2299,#2300,#2301,#2302,#2303,#2304,#2305,#2306,#2307));
#963=AXIS2_PLACEMENT_3D('',#2308,#2309,#2310);
#964=EDGE_LOOP('',(#2311,#2312,#2313,#2314));
#965=AXIS2_PLACEMENT_3D('',#2315,#2316,#2317);
#966=EDGE_LOOP('',(#2318,#2319,#2320,#2321));
#967=AXIS2_PLACEMENT_3D('',#2322,#2323,#2324);
#968=EDGE_LOOP('',(#2325,#2326,#2327,#2328,#2329,#2330));
#969=AXIS2_PLACEMENT_3D('',#2331,#2332,#2333);
#970=EDGE_LOOP('',(#2334,#2335,#2336,#2337));
#971=AXIS2_PLACEMENT_3D('',#2338,#2339,#2340);
#972=EDGE_LOOP('',(#2341,#2342,#2343,#2344));
#973=AXIS2_PLACEMENT_3D('',#2345,#2346,#2347);
#974=EDGE_LOOP('',(#2348,#2349,#2350,#2351));
#975=AXIS2_PLACEMENT_3D('',#2352,#2353,#2354);
#976=EDGE_LOOP('',(#2355,#2356,#2357,#2358));
#977=AXIS2_PLACEMENT_3D('',#2359,#2360,#2361);
#978=EDGE_LOOP('',(#2362,#2363,#2364,#2365));
#979=AXIS2_PLACEMENT_3D('',#2366,#2367,#2368);
#980=EDGE_LOOP('',(#2369,#2370,#2371,#2372));
#981=AXIS2_PLACEMENT_3D('',#2373,#2374,#2375);
#982=EDGE_LOOP('',(#2376,#2377,#2378,#2379));
#983=AXIS2_PLACEMENT_3D('',#2380,#2381,#2382);
#984=EDGE_LOOP('',(#2383,#2384,#2385,#2386));
#985=AXIS2_PLACEMENT_3D('',#2387,#2388,#2389);
#986=EDGE_LOOP('',(#2390,#2391,#2392,#2393,#2394,#2395,#2396,#2397));
#987=AXIS2_PLACEMENT_3D('',#2398,#2399,#2400);
#988=EDGE_LOOP('',(#2401,#2402,#2403,#2404,#2405,#2406,#2407,#2408,#2409,#2410,#2411));
#989=AXIS2_PLACEMENT_3D('',#2412,#2413,#2414);
#990=EDGE_LOOP('',(#2415,#2416,#2417,#2418));
#991=AXIS2_PLACEMENT_3D('',#2419,#2420,#2421);
#992=EDGE_LOOP('',(#2422,#2423,#2424,#2425));
#993=AXIS2_PLACEMENT_3D('',#2426,#2427,#2428);
#994=EDGE_LOOP('',(#2429,#2430,#2431,#2432,#2433,#2434,#2435,#2436,#2437,#2438,#2439,#2440,#2441,#2442,#2443,#2444,#2445,#2446));
#995=AXIS2_PLACEMENT_3D('',#2447,#2448,#2449);
#996=EDGE_LOOP('',(#2450,#2451,#2452,#2453));
#997=AXIS2_PLACEMENT_3D('',#2454,#2455,#2456);
#998=EDGE_LOOP('',(#2457,#2458,#2459,#2460));
#999=AXIS2_PLACEMENT_3D('',#2461,#2462,#2463);
#1000=EDGE_LOOP('',(#2464,#2465,#2466,#2467));
#1001=AXIS2_PLACEMENT_3D('',#2468,#2469,#2470);
#1002=EDGE_LOOP('',(#2471,#2472,#2473,#2474));
#1003=AXIS2_PLACEMENT_3D('',#2475,#2476,#2477);
#1004=EDGE_LOOP('',(#2478,#2479,#2480,#2481));
#1005=AXIS2_PLACEMENT_3D('',#2482,#2483,#2484);
#1006=EDGE_LOOP('',(#2485,#2486,#2487,#2488));
#1007=AXIS2_PLACEMENT_3D('',#2489,#2490,#2491);
#1008=EDGE_LOOP('',(#2492,#2493,#2494,#2495));
#1009=AXIS2_PLACEMENT_3D('',#2496,#2497,#2498);
#1010=EDGE_LOOP('',(#2499,#2500,#2501,#2502));
#1011=AXIS2_PLACEMENT_3D('',#2503,#2504,#2505);
#1012=EDGE_LOOP('',(#2506,#2507,#2508,#2509));
#1013=AXIS2_PLACEMENT_3D('',#2510,#2511,#2512);
#1014=EDGE_LOOP('',(#2513,#2514,#2515,#2516));
#1015=AXIS2_PLACEMENT_3D('',#2517,#2518,#2519);
#1016=EDGE_LOOP('',(#2520,#2521,#2522,#2523,#2524));
#1017=AXIS2_PLACEMENT_3D('',#2525,#2526,#2527);
#1018=EDGE_LOOP('',(#2528,#2529,#2530,#2531));
#1019=AXIS2_PLACEMENT_3D('',#2532,#2533,#2534);
#1020=EDGE_LOOP('',(#2535,#2536,#2537,#2538));
#1022=CARTESIAN_POINT('',(-0.509143651787684,-0.696212385854706,0.766976308574004));
#1023=CARTESIAN_POINT('',(-0.63176366741979,-0.699760116647593,0.767538943036345));
#1024=CARTESIAN_POINT('',(-0.718506307410014,-0.614088144609555,0.753952228952814));
#1025=CARTESIAN_POINT('',(-0.714914239576864,-0.492981632844063,0.734745952852719));
#1026=CARTESIAN_POINT('',(-0.509143651787684,-0.671852550660504,0.920578946179022));
#1027=CARTESIAN_POINT('',(-0.631763667419791,-0.675108524114552,0.922981276863868));
#1028=CARTESIAN_POINT('',(-0.718506307410014,-0.596482020866041,0.864968868574798));
#1029=CARTESIAN_POINT('',(-0.714914239576864,-0.485335034118521,0.782962113741707));
#1030=CARTESIAN_POINT('',(-0.509143651787684,-0.553131220154616,1.02134673692524));
#1031=CARTESIAN_POINT('',(-0.63176366741979,-0.55496527021812,1.02495596175511));
#1032=CARTESIAN_POINT('',(-0.718506307410014,-0.510675921636743,0.937799007986162));
#1033=CARTESIAN_POINT('',(-0.714914239576864,-0.448068182052245,0.81459331543707));
#1034=CARTESIAN_POINT('',(-0.509143651787684,-0.397219751029982,1.0199013526425));
#1035=CARTESIAN_POINT('',(-0.63176366741979,-0.397186452034549,1.02349326612883));
#1036=CARTESIAN_POINT('',(-0.718506307410014,-0.397990569024223,0.936754353359649));
#1037=CARTESIAN_POINT('',(-0.714914239576864,-0.399127274545947,0.814139606554156));
#1044=EDGE_LOOP('',(#2539,#2540,#2541,#2542));
#1046=CARTESIAN_POINT('',(-0.5086962760654,3.608626789203,1.019901312073));
#1047=CARTESIAN_POINT('',(-0.628340855611329,3.60486680681573,1.0236631507004));
#1048=CARTESIAN_POINT('',(-0.714876805519259,3.60214730503127,0.940430410982763));
#1049=CARTESIAN_POINT('',(-0.714876640091231,3.6021473102303,0.819999725137037));
#1050=CARTESIAN_POINT('',(-0.509518573515504,3.63479271833314,1.019901312073));
#1051=CARTESIAN_POINT('',(-0.631414682059778,3.70267755035711,1.0236631507004));
#1052=CARTESIAN_POINT('',(-0.719579106917021,3.75177696167905,0.940430410982763));
#1053=CARTESIAN_POINT('',(-0.719578938375871,3.75177686781723,0.819999725137032));
#1054=CARTESIAN_POINT('',(-0.491324792120615,3.65371788436255,1.019901312073));
#1055=CARTESIAN_POINT('',(-0.563404588581941,3.77342162949289,1.0236631507004));
#1056=CARTESIAN_POINT('',(-0.615538113390292,3.86000037239642,0.940430410982763));
#1057=CARTESIAN_POINT('',(-0.615538013728327,3.86000020688665,0.819999725137032));
#1058=CARTESIAN_POINT('',(-0.464999939917913,3.65371784818397,1.019901312073));
#1059=CARTESIAN_POINT('',(-0.46499977540732,3.77342149425343,1.0236631507004));
#1060=CARTESIAN_POINT('',(-0.464999656420852,3.86000016550897,0.940430410982763));
#1061=CARTESIAN_POINT('',(-0.464999656421146,3.85999999999945,0.819999725137037));
#1068=EDGE_LOOP('',(#2543,#2544,#2545,#2546));
#1069=AXIS2_PLACEMENT_3D('',#2547,#2548,#2549);
#1070=EDGE_LOOP('',(#2550,#2551,#2552,#2553));
#1071=AXIS2_PLACEMENT_3D('',#2554,#2555,#2556);
#1072=EDGE_LOOP('',(#2557,#2558,#2559,#2560));
#1073=AXIS2_PLACEMENT_3D('',#2561,#2562,#2563);
#1074=EDGE_LOOP('',(#2564,#2565,#2566,#2567));
#1076=CARTESIAN_POINT('',(7.303748174154,3.652245078589,1.019901312073));
#1077=CARTESIAN_POINT('',(7.27293958125652,3.76791621019468,1.02366315295831));
#1078=CARTESIAN_POINT('',(7.25065650244823,3.85157822455447,0.940430331187675));
#1079=CARTESIAN_POINT('',(7.25065656640884,3.85157798441342,0.81999958729358));
#1080=CARTESIAN_POINT('',(7.334754576576,3.660503523165,1.019901312073));
#1081=CARTESIAN_POINT('',(7.38884452748021,3.79878707878166,1.02366315295831));
#1082=CARTESIAN_POINT('',(7.42796642580205,3.89880408955236,0.940430331187675));
#1083=CARTESIAN_POINT('',(7.42796631350794,3.89880380246664,0.819999587293579));
#1084=CARTESIAN_POINT('',(7.359841487568,3.64049737924,1.019901312073));
#1085=CARTESIAN_POINT('',(7.48262183934092,3.72400216809233,1.02366315295831));
#1086=CARTESIAN_POINT('',(7.57142577348155,3.78439907739148,0.940430331187675));
#1087=CARTESIAN_POINT('',(7.57142551858183,3.78439890402985,0.819999587293579));
#1088=CARTESIAN_POINT('',(7.358689673065,3.608430695263,1.019901312073));
#1089=CARTESIAN_POINT('',(7.47831624476611,3.6041337863485,1.02366315295831));
#1090=CARTESIAN_POINT('',(7.56483912926287,3.60102594042102,0.940430331187675));
#1091=CARTESIAN_POINT('',(7.56483888091039,3.60102594934122,0.81999958729358));
#1098=EDGE_LOOP('',(#2568,#2569,#2570,#2571));
#1099=AXIS2_PLACEMENT_3D('',#2572,#2573,#2574);
#1100=EDGE_LOOP('',(#2575,#2576,#2577,#2578));
#1101=AXIS2_PLACEMENT_3D('',#2579,#2580,#2581);
#1102=EDGE_LOOP('',(#2582,#2583,#2584,#2585));
#1103=AXIS2_PLACEMENT_3D('',#2586,#2587,#2588);
#1104=EDGE_LOOP('',(#2589,#2590,#2591,#2592));
#1105=AXIS2_PLACEMENT_3D('',#2593,#2594,#2595);
#1106=EDGE_LOOP('',(#2596,#2597,#2598,#2599));
#1107=AXIS2_PLACEMENT_3D('',#2600,#2601,#2602);
#1108=EDGE_LOOP('',(#2603,#2604,#2605,#2606));
#1109=AXIS2_PLACEMENT_3D('',#2607,#2608,#2609);
#1110=EDGE_LOOP('',(#2610,#2611,#2612,#2613));
#1111=AXIS2_PLACEMENT_3D('',#2614,#2615,#2616);
#1112=EDGE_LOOP('',(#2617,#2618,#2619,#2620));
#1113=AXIS2_PLACEMENT_3D('',#2621,#2622,#2623);
#1114=EDGE_LOOP('',(#2624,#2625,#2626,#2627));
#1115=AXIS2_PLACEMENT_3D('',#2628,#2629,#2630);
#1116=EDGE_LOOP('',(#2631,#2632,#2633,#2634));
#1117=AXIS2_PLACEMENT_3D('',#2635,#2636,#2637);
#1118=EDGE_LOOP('',(#2638,#2639,#2640,#2641));
#1119=AXIS2_PLACEMENT_3D('',#2642,#2643,#2644);
#1120=EDGE_LOOP('',(#2645,#2646,#2647));
#1121=AXIS2_PLACEMENT_3D('',#2648,#2649,#2650);
#1122=EDGE_LOOP('',(#2651,#2652,#2653,#2654,#2655,#2656));
#1123=AXIS2_PLACEMENT_3D('',#2657,#2658,#2659);
#1124=EDGE_LOOP('',(#2660,#2661,#2662,#2663));
#1125=AXIS2_PLACEMENT_3D('',#2664,#2665,#2666);
#1126=EDGE_LOOP('',(#2667,#2668,#2669,#2670));
#1127=AXIS2_PLACEMENT_3D('',#2671,#2672,#2673);
#1128=EDGE_LOOP('',(#2674,#2675,#2676,#2677));
#1129=AXIS2_PLACEMENT_3D('',#2678,#2679,#2680);
#1130=EDGE_LOOP('',(#2681,#2682,#2683,#2684,#2685,#2686));
#1131=AXIS2_PLACEMENT_3D('',#2687,#2688,#2689);
#1132=EDGE_LOOP('',(#2690,#2691,#2692,#2693));
#1133=AXIS2_PLACEMENT_3D('',#2694,#2695,#2696);
#1134=EDGE_LOOP('',(#2697,#2698,#2699,#2700));
#1135=AXIS2_PLACEMENT_3D('',#2701,#2702,#2703);
#1136=EDGE_LOOP('',(#2704,#2705,#2706,#2707));
#1137=AXIS2_PLACEMENT_3D('',#2708,#2709,#2710);
#1138=EDGE_LOOP('',(#2711,#2712,#2713,#2714));
#1139=AXIS2_PLACEMENT_3D('',#2715,#2716,#2717);
#1140=EDGE_LOOP('',(#2718,#2719,#2720,#2721));
#1141=AXIS2_PLACEMENT_3D('',#2722,#2723,#2724);
#1142=EDGE_LOOP('',(#2725,#2726,#2727,#2728));
#1143=AXIS2_PLACEMENT_3D('',#2729,#2730,#2731);
#1144=EDGE_LOOP('',(#2732,#2733,#2734,#2735,#2736,#2737));
#1145=AXIS2_PLACEMENT_3D('',#2738,#2739,#2740);
#1146=EDGE_LOOP('',(#2741,#2742,#2743,#2744));
#1147=AXIS2_PLACEMENT_3D('',#2745,#2746,#2747);
#1148=EDGE_LOOP('',(#2748,#2749,#2750,#2751));
#1149=AXIS2_PLACEMENT_3D('',#2752,#2753,#2754);
#1150=EDGE_LOOP('',(#2755,#2756,#2757,#2758,#2759));
#1151=AXIS2_PLACEMENT_3D('',#2760,#2761,#2762);
#1152=EDGE_LOOP('',(#2763,#2764,#2765,#2766));
#1153=AXIS2_PLACEMENT_3D('',#2767,#2768,#2769);
#1154=EDGE_LOOP('',(#2770,#2771,#2772,#2773));
#1155=AXIS2_PLACEMENT_3D('',#2774,#2775,#2776);
#1156=EDGE_LOOP('',(#2777,#2778,#2779,#2780));
#1157=AXIS2_PLACEMENT_3D('',#2781,#2782,#2783);
#1158=EDGE_LOOP('',(#2784,#2785));
#1159=EDGE_LOOP('',(#2786,#2787));
#1160=AXIS2_PLACEMENT_3D('',#2788,#2789,#2790);
#1161=EDGE_LOOP('',(#2791,#2792,#2793,#2794));
#1162=AXIS2_PLACEMENT_3D('',#2795,#2796,#2797);
#1163=EDGE_LOOP('',(#2798,#2799));
#1164=AXIS2_PLACEMENT_3D('',#2800,#2801,#2802);
#1165=EDGE_LOOP('',(#2803,#2804,#2805,#2806));
#1166=AXIS2_PLACEMENT_3D('',#2807,#2808,#2809);
#1167=EDGE_LOOP('',(#2810,#2811,#2812,#2813));
#1168=AXIS2_PLACEMENT_3D('',#2814,#2815,#2816);
#1169=EDGE_LOOP('',(#2817,#2818));
#1170=AXIS2_PLACEMENT_3D('',#2819,#2820,#2821);
#1171=EDGE_LOOP('',(#2822,#2823,#2824,#2825));
#1172=AXIS2_PLACEMENT_3D('',#2826,#2827,#2828);
#1173=EDGE_LOOP('',(#2829,#2830));
#1174=EDGE_LOOP('',(#2831,#2832));
#1175=AXIS2_PLACEMENT_3D('',#2833,#2834,#2835);
#1176=EDGE_LOOP('',(#2836,#2837,#2838,#2839));
#1177=AXIS2_PLACEMENT_3D('',#2840,#2841,#2842);
#1178=EDGE_LOOP('',(#2843,#2844));
#1179=AXIS2_PLACEMENT_3D('',#2845,#2846,#2847);
#1180=EDGE_LOOP('',(#2848,#2849,#2850,#2851));
#1181=AXIS2_PLACEMENT_3D('',#2852,#2853,#2854);
#1182=EDGE_LOOP('',(#2855,#2856,#2857,#2858));
#1183=AXIS2_PLACEMENT_3D('',#2859,#2860,#2861);
#1184=EDGE_LOOP('',(#2862,#2863));
#1185=AXIS2_PLACEMENT_3D('',#2864,#2865,#2866);
#1186=ORIENTED_EDGE('',*,*,#2867,.F.);
#1187=ORIENTED_EDGE('',*,*,#2868,.F.);
#1188=ORIENTED_EDGE('',*,*,#2869,.T.);
#1189=ORIENTED_EDGE('',*,*,#2870,.F.);
#1190=CARTESIAN_POINT('',(5.965,4.11547979213,7.055474320177));
#1191=DIRECTION('',(1.0,-0.0,0.0));
#1192=DIRECTION('',(0.0,0.0,-1.0));
#1193=ORIENTED_EDGE('',*,*,#2871,.F.);
#1194=ORIENTED_EDGE('',*,*,#2872,.F.);
#1195=ORIENTED_EDGE('',*,*,#2873,.T.);
#1196=ORIENTED_EDGE('',*,*,#2874,.F.);
#1197=CARTESIAN_POINT('',(5.965,4.11547979213,7.055474320177));
#1198=DIRECTION('',(1.0,-0.0,0.0));
#1199=DIRECTION('',(0.0,0.0,-1.0));
#1200=ORIENTED_EDGE('',*,*,#2875,.T.);
#1201=ORIENTED_EDGE('',*,*,#2876,.F.);
#1202=ORIENTED_EDGE('',*,*,#2877,.T.);
#1203=ORIENTED_EDGE('',*,*,#2878,.T.);
#1204=CARTESIAN_POINT('',(1.645,2.66999685,7.23000315));
#1205=DIRECTION('',(1.0,0.0,0.0));
#1206=DIRECTION('',(0.0,1.0,0.0));
#1207=ORIENTED_EDGE('',*,*,#2879,.T.);
#1208=ORIENTED_EDGE('',*,*,#2880,.F.);
#1209=ORIENTED_EDGE('',*,*,#2881,.T.);
#1210=ORIENTED_EDGE('',*,*,#2882,.F.);
#1211=ORIENTED_EDGE('',*,*,#2883,.F.);
#1212=ORIENTED_EDGE('',*,*,#2884,.T.);
#1213=ORIENTED_EDGE('',*,*,#2885,.F.);
#1214=ORIENTED_EDGE('',*,*,#2886,.F.);
#1215=ORIENTED_EDGE('',*,*,#2887,.T.);
#1216=ORIENTED_EDGE('',*,*,#2878,.F.);
#1217=ORIENTED_EDGE('',*,*,#2888,.T.);
#1218=ORIENTED_EDGE('',*,*,#2889,.T.);
#1219=CARTESIAN_POINT('',(1.15324685,2.68,14.20000315));
#1220=DIRECTION('',(-0.0,1.0,0.0));
#1221=DIRECTION('',(1.0,0.0,0.0));
#1222=ORIENTED_EDGE('',*,*,#2890,.T.);
#1223=ORIENTED_EDGE('',*,*,#2889,.F.);
#1224=ORIENTED_EDGE('',*,*,#2891,.F.);
#1225=ORIENTED_EDGE('',*,*,#2892,.T.);
#1226=CARTESIAN_POINT('',(2.205,3.52,5.9));
#1227=DIRECTION('',(1.0,0.0,0.0));
#1228=DIRECTION('',(0.0,1.0,0.0));
#1229=ORIENTED_EDGE('',*,*,#2876,.T.);
#1230=ORIENTED_EDGE('',*,*,#2893,.T.);
#1231=ORIENTED_EDGE('',*,*,#2894,.F.);
#1232=ORIENTED_EDGE('',*,*,#2895,.T.);
#1233=ORIENTED_EDGE('',*,*,#2896,.T.);
#1234=ORIENTED_EDGE('',*,*,#2897,.T.);
#1235=ORIENTED_EDGE('',*,*,#2898,.F.);
#1236=ORIENTED_EDGE('',*,*,#2899,.T.);
#1237=ORIENTED_EDGE('',*,*,#2900,.T.);
#1238=ORIENTED_EDGE('',*,*,#2901,.T.);
#1239=ORIENTED_EDGE('',*,*,#2902,.T.);
#1240=ORIENTED_EDGE('',*,*,#2903,.F.);
#1241=ORIENTED_EDGE('',*,*,#2892,.F.);
#1242=ORIENTED_EDGE('',*,*,#2904,.T.);
#1243=ORIENTED_EDGE('',*,*,#2905,.T.);
#1244=ORIENTED_EDGE('',*,*,#2906,.T.);
#1245=CARTESIAN_POINT('',(2.365,3.16,6.55));
#1246=DIRECTION('',(-0.0,1.0,0.0));
#1247=DIRECTION('',(1.0,0.0,0.0));
#1248=ORIENTED_EDGE('',*,*,#2907,.T.);
#1249=ORIENTED_EDGE('',*,*,#2877,.F.);
#1250=ORIENTED_EDGE('',*,*,#2906,.F.);
#1251=CARTESIAN_POINT('',(1.645,3.16,5.9));
#1252=DIRECTION('',(0.999297615709181,0.0,0.0374736605890893));
#1253=DIRECTION('',(0.0,-1.0,0.0));
#1254=ORIENTED_EDGE('',*,*,#2905,.F.);
#1255=ORIENTED_EDGE('',*,*,#2908,.F.);
#1256=ORIENTED_EDGE('',*,*,#2888,.F.);
#1257=ORIENTED_EDGE('',*,*,#2907,.F.);
#1258=CARTESIAN_POINT('',(0.4309976,3.16,3.9));
#1259=DIRECTION('',(0.0,-0.972387301980522,-0.233372952475305));
#1260=DIRECTION('',(0.0,0.233372952475305,-0.972387301980522));
#1261=ORIENTED_EDGE('',*,*,#2891,.T.);
#1262=ORIENTED_EDGE('',*,*,#2908,.T.);
#1263=ORIENTED_EDGE('',*,*,#2904,.F.);
#1264=CARTESIAN_POINT('',(2.13,3.16,3.9));
#1265=DIRECTION('',(-0.999297615709181,0.0,0.0374736605890893));
#1266=DIRECTION('',(0.0,1.0,0.0));
#1267=ORIENTED_EDGE('',*,*,#2879,.F.);
#1268=ORIENTED_EDGE('',*,*,#2890,.F.);
#1269=ORIENTED_EDGE('',*,*,#2903,.T.);
#1270=ORIENTED_EDGE('',*,*,#2909,.F.);
#1271=CARTESIAN_POINT('',(2.53300315,2.66999685,7.2));
#1272=DIRECTION('',(0.0,0.0,1.0));
#1273=DIRECTION('',(1.0,0.0,0.0));
#1274=ORIENTED_EDGE('',*,*,#2910,.T.);
#1275=ORIENTED_EDGE('',*,*,#2911,.F.);
#1276=ORIENTED_EDGE('',*,*,#2912,.T.);
#1277=ORIENTED_EDGE('',*,*,#2913,.F.);
#1278=ORIENTED_EDGE('',*,*,#2914,.F.);
#1279=ORIENTED_EDGE('',*,*,#2915,.T.);
#1280=ORIENTED_EDGE('',*,*,#2916,.F.);
#1281=ORIENTED_EDGE('',*,*,#2917,.F.);
#1282=ORIENTED_EDGE('',*,*,#2918,.T.);
#1283=ORIENTED_EDGE('',*,*,#2919,.F.);
#1284=ORIENTED_EDGE('',*,*,#2920,.T.);
#1285=ORIENTED_EDGE('',*,*,#2921,.F.);
#1286=ORIENTED_EDGE('',*,*,#2880,.T.);
#1287=ORIENTED_EDGE('',*,*,#2909,.T.);
#1288=ORIENTED_EDGE('',*,*,#2902,.F.);
#1289=ORIENTED_EDGE('',*,*,#2922,.F.);
#1290=CARTESIAN_POINT('',(2.525,3.12750315,11.33000315));
#1291=DIRECTION('',(1.0,0.0,0.0));
#1292=DIRECTION('',(0.0,1.0,0.0));
#1293=ORIENTED_EDGE('',*,*,#2923,.T.);
#1294=ORIENTED_EDGE('',*,*,#2922,.T.);
#1295=ORIENTED_EDGE('',*,*,#2901,.F.);
#1296=CARTESIAN_POINT('',(2.525,3.16,5.9));
#1297=DIRECTION('',(0.999846910161925,0.0,0.0174973209278304));
#1298=DIRECTION('',(0.0,-1.0,0.0));
#1299=ORIENTED_EDGE('',*,*,#2900,.F.);
#1300=ORIENTED_EDGE('',*,*,#2924,.T.);
#1301=ORIENTED_EDGE('',*,*,#2923,.F.);
#1302=CARTESIAN_POINT('',(0.4309976,3.16,3.9));
#1303=DIRECTION('',(0.0,-0.972387301980522,-0.233372952475305));
#1304=DIRECTION('',(0.0,0.233372952475305,-0.972387301980522));
#1305=ORIENTED_EDGE('',*,*,#2924,.F.);
#1306=ORIENTED_EDGE('',*,*,#2925,.F.);
#1307=ORIENTED_EDGE('',*,*,#2926,.F.);
#1308=ORIENTED_EDGE('',*,*,#2910,.F.);
#1309=CARTESIAN_POINT('',(3.17,3.16,3.9));
#1310=DIRECTION('',(-0.951731040552373,0.0,-0.306933260578091));
#1311=DIRECTION('',(-0.306933260578091,0.0,0.951731040552373));
#1312=ORIENTED_EDGE('',*,*,#2927,.F.);
#1313=ORIENTED_EDGE('',*,*,#2928,.T.);
#1314=ORIENTED_EDGE('',*,*,#2911,.T.);
#1315=ORIENTED_EDGE('',*,*,#2926,.T.);
#1316=CARTESIAN_POINT('',(3.425,2.43,5.9));
#1317=DIRECTION('',(0.0,-1.0,0.0));
#1318=DIRECTION('',(0.0,0.0,-1.0));
#1319=ORIENTED_EDGE('',*,*,#2929,.F.);
#1320=ORIENTED_EDGE('',*,*,#2912,.F.);
#1321=ORIENTED_EDGE('',*,*,#2928,.F.);
#1322=ORIENTED_EDGE('',*,*,#2930,.F.);
#1323=CARTESIAN_POINT('',(2.508874237946,2.45225315,7.614676898985));
#1324=DIRECTION('',(0.970295726275989,0.0,0.241921895599697));
#1325=DIRECTION('',(0.0,-1.0,0.0));
#1326=ORIENTED_EDGE('',*,*,#2931,.T.);
#1327=ORIENTED_EDGE('',*,*,#2932,.T.);
#1328=ORIENTED_EDGE('',*,*,#2933,.T.);
#1329=ORIENTED_EDGE('',*,*,#2930,.T.);
#1330=ORIENTED_EDGE('',*,*,#2927,.T.);
#1331=ORIENTED_EDGE('',*,*,#2925,.T.);
#1332=ORIENTED_EDGE('',*,*,#2899,.F.);
#1333=ORIENTED_EDGE('',*,*,#2934,.T.);
#1334=ORIENTED_EDGE('',*,*,#2935,.T.);
#1335=CARTESIAN_POINT('',(3.17,3.14225315,5.087125605316));
#1336=DIRECTION('',(1.0,0.0,0.0));
#1337=DIRECTION('',(0.0,1.0,0.0));
#1338=ORIENTED_EDGE('',*,*,#2936,.T.);
#1339=ORIENTED_EDGE('',*,*,#2935,.F.);
#1340=ORIENTED_EDGE('',*,*,#2937,.T.);
#1341=ORIENTED_EDGE('',*,*,#2938,.F.);
#1342=CARTESIAN_POINT('',(0.4309976,0.67,3.02));
#1343=DIRECTION('',(-0.0,1.0,0.0));
#1344=DIRECTION('',(1.0,0.0,0.0));
#1345=ORIENTED_EDGE('',*,*,#2939,.F.);
#1346=ORIENTED_EDGE('',*,*,#2897,.F.);
#1347=ORIENTED_EDGE('',*,*,#2940,.T.);
#1348=ORIENTED_EDGE('',*,*,#2941,.T.);
#1349=ORIENTED_EDGE('',*,*,#2942,.T.);
#1350=ORIENTED_EDGE('',*,*,#2943,.T.);
#1351=ORIENTED_EDGE('',*,*,#2944,.T.);
#1352=ORIENTED_EDGE('',*,*,#2945,.T.);
#1353=ORIENTED_EDGE('',*,*,#2938,.T.);
#1354=CARTESIAN_POINT('',(0.68,0.59,0.0));
#1355=DIRECTION('',(-1.0,0.0,0.0));
#1356=DIRECTION('',(0.0,0.0,1.0));
#1357=ORIENTED_EDGE('',*,*,#2946,.F.);
#1358=ORIENTED_EDGE('',*,*,#2947,.T.);
#1359=ORIENTED_EDGE('',*,*,#2931,.F.);
#1360=ORIENTED_EDGE('',*,*,#2936,.F.);
#1361=ORIENTED_EDGE('',*,*,#2945,.F.);
#1362=ORIENTED_EDGE('',*,*,#2948,.T.);
#1363=CARTESIAN_POINT('',(0.4309976,1.18,4.32));
#1364=DIRECTION('',(0.0,0.930925466673499,-0.3652092215412));
#1365=DIRECTION('',(-1.0,0.0,0.0));
#1366=ORIENTED_EDGE('',*,*,#2949,.F.);
#1367=ORIENTED_EDGE('',*,*,#2948,.F.);
#1368=ORIENTED_EDGE('',*,*,#2944,.F.);
#1369=ORIENTED_EDGE('',*,*,#2950,.F.);
#1370=ORIENTED_EDGE('',*,*,#2951,.F.);
#1371=CARTESIAN_POINT('',(0.68,0.59,3.9));
#1372=DIRECTION('',(0.951731040552373,0.0,-0.306933260578091));
#1373=DIRECTION('',(0.0,-1.0,0.0));
#1374=ORIENTED_EDGE('',*,*,#2952,.T.);
#1375=ORIENTED_EDGE('',*,*,#2886,.T.);
#1376=ORIENTED_EDGE('',*,*,#2953,.T.);
#1377=ORIENTED_EDGE('',*,*,#2954,.F.);
#1378=ORIENTED_EDGE('',*,*,#2955,.T.);
#1379=ORIENTED_EDGE('',*,*,#2956,.F.);
#1380=ORIENTED_EDGE('',*,*,#2957,.T.);
#1381=ORIENTED_EDGE('',*,*,#2958,.T.);
#1382=ORIENTED_EDGE('',*,*,#2959,.T.);
#1383=ORIENTED_EDGE('',*,*,#2951,.T.);
#1384=ORIENTED_EDGE('',*,*,#2960,.F.);
#1385=ORIENTED_EDGE('',*,*,#2961,.F.);
#1386=ORIENTED_EDGE('',*,*,#2962,.F.);
#1387=ORIENTED_EDGE('',*,*,#2963,.F.);
#1388=ORIENTED_EDGE('',*,*,#2964,.F.);
#1389=ORIENTED_EDGE('',*,*,#2894,.T.);
#1390=CARTESIAN_POINT('',(1.325,3.08,7.2));
#1391=DIRECTION('',(-1.0,0.0,0.0));
#1392=DIRECTION('',(0.0,0.0,1.0));
#1393=ORIENTED_EDGE('',*,*,#2964,.T.);
#1394=ORIENTED_EDGE('',*,*,#2965,.T.);
#1395=ORIENTED_EDGE('',*,*,#2895,.F.);
#1396=CARTESIAN_POINT('',(1.29,3.16,3.9));
#1397=DIRECTION('',(-0.999846910161925,0.0,0.0174973209278304));
#1398=DIRECTION('',(0.0,1.0,0.0));
#1399=ORIENTED_EDGE('',*,*,#2896,.F.);
#1400=ORIENTED_EDGE('',*,*,#2965,.F.);
#1401=ORIENTED_EDGE('',*,*,#2966,.T.);
#1402=CARTESIAN_POINT('',(0.4309976,3.16,3.9));
#1403=DIRECTION('',(0.0,-0.972387301980522,-0.233372952475305));
#1404=DIRECTION('',(0.0,0.233372952475305,-0.972387301980522));
#1405=ORIENTED_EDGE('',*,*,#2966,.F.);
#1406=ORIENTED_EDGE('',*,*,#2963,.T.);
#1407=ORIENTED_EDGE('',*,*,#2967,.F.);
#1408=ORIENTED_EDGE('',*,*,#2940,.F.);
#1409=CARTESIAN_POINT('',(1.325,3.16,5.9));
#1410=DIRECTION('',(0.951731040552373,0.0,-0.306933260578091));
#1411=DIRECTION('',(0.0,-1.0,0.0));
#1412=ORIENTED_EDGE('',*,*,#2962,.T.);
#1413=ORIENTED_EDGE('',*,*,#2968,.T.);
#1414=ORIENTED_EDGE('',*,*,#2941,.F.);
#1415=ORIENTED_EDGE('',*,*,#2967,.T.);
#1416=CARTESIAN_POINT('',(3.425,2.43,5.9));
#1417=DIRECTION('',(0.0,-1.0,0.0));
#1418=DIRECTION('',(0.0,0.0,-1.0));
#1419=ORIENTED_EDGE('',*,*,#2968,.F.);
#1420=ORIENTED_EDGE('',*,*,#2961,.T.);
#1421=ORIENTED_EDGE('',*,*,#2969,.F.);
#1422=ORIENTED_EDGE('',*,*,#2942,.F.);
#1423=CARTESIAN_POINT('',(1.341125762054,1.51774685,7.614676898985));
#1424=DIRECTION('',(-0.970295726275989,0.0,0.241921895599697));
#1425=DIRECTION('',(0.0,1.0,0.0));
#1426=ORIENTED_EDGE('',*,*,#2969,.T.);
#1427=ORIENTED_EDGE('',*,*,#2960,.T.);
#1428=ORIENTED_EDGE('',*,*,#2950,.T.);
#1429=ORIENTED_EDGE('',*,*,#2943,.F.);
#1430=CARTESIAN_POINT('',(1.335917711364,1.54,7.632551569309));
#1431=DIRECTION('',(0.0,-1.0,0.0));
#1432=DIRECTION('',(0.0,0.0,-1.0));
#1433=ORIENTED_EDGE('',*,*,#2970,.F.);
#1434=ORIENTED_EDGE('',*,*,#2959,.F.);
#1435=ORIENTED_EDGE('',*,*,#2971,.F.);
#1436=CARTESIAN_POINT('',(1.425,1.28,6.427491));
#1437=DIRECTION('',(0.682986615179077,0.682986615178877,-0.258956689376291));
#1438=DIRECTION('',(-1.89566866420653E-17,-0.354525928879762,-0.935046183753477));
#1439=ORIENTED_EDGE('',*,*,#2972,.F.);
#1440=ORIENTED_EDGE('',*,*,#2973,.F.);
#1441=ORIENTED_EDGE('',*,*,#2974,.T.);
#1442=ORIENTED_EDGE('',*,*,#2971,.T.);
#1443=ORIENTED_EDGE('',*,*,#2958,.F.);
#1444=CARTESIAN_POINT('',(1.325,1.38,14.0));
#1445=DIRECTION('',(-0.707106781186698,-0.707106781186398,0.0));
#1446=DIRECTION('',(-0.707106781186398,0.707106781186698,0.0));
#1447=ORIENTED_EDGE('',*,*,#2975,.T.);
#1448=ORIENTED_EDGE('',*,*,#2946,.T.);
#1449=ORIENTED_EDGE('',*,*,#2949,.T.);
#1450=ORIENTED_EDGE('',*,*,#2970,.T.);
#1451=ORIENTED_EDGE('',*,*,#2974,.F.);
#1452=ORIENTED_EDGE('',*,*,#2976,.F.);
#1453=ORIENTED_EDGE('',*,*,#2977,.T.);
#1454=ORIENTED_EDGE('',*,*,#2978,.T.);
#1455=CARTESIAN_POINT('',(2.273258,1.18,14.0));
#1456=DIRECTION('',(0.0,-1.0,0.0));
#1457=DIRECTION('',(0.0,0.0,-1.0));
#1458=ORIENTED_EDGE('',*,*,#2915,.F.);
#1459=ORIENTED_EDGE('',*,*,#2978,.F.);
#1460=ORIENTED_EDGE('',*,*,#2979,.F.);
#1461=CARTESIAN_POINT('',(2.425000034939,1.27999996506,6.427490631395));
#1462=DIRECTION('',(-0.682986360544609,0.682986837808609,-0.258956773787104));
#1463=DIRECTION('',(-0.354526145480885,0.0,0.935046101628399));
#1464=ORIENTED_EDGE('',*,*,#2980,.F.);
#1465=ORIENTED_EDGE('',*,*,#2981,.F.);
#1466=ORIENTED_EDGE('',*,*,#2916,.T.);
#1467=ORIENTED_EDGE('',*,*,#2979,.T.);
#1468=ORIENTED_EDGE('',*,*,#2977,.F.);
#1469=CARTESIAN_POINT('',(2.325,1.18,14.0));
#1470=DIRECTION('',(0.707106781186698,-0.707106781186398,0.0));
#1471=DIRECTION('',(0.0,0.0,-1.0));
#1472=ORIENTED_EDGE('',*,*,#2982,.T.);
#1473=ORIENTED_EDGE('',*,*,#2983,.T.);
#1474=ORIENTED_EDGE('',*,*,#2984,.F.);
#1475=ORIENTED_EDGE('',*,*,#2981,.T.);
#1476=CARTESIAN_POINT('',(2.52162185,1.38,14.07000315));
#1477=DIRECTION('',(0.0,-1.0,0.0));
#1478=DIRECTION('',(0.0,0.0,-1.0));
#1479=ORIENTED_EDGE('',*,*,#2984,.T.);
#1480=ORIENTED_EDGE('',*,*,#2985,.T.);
#1481=ORIENTED_EDGE('',*,*,#2986,.T.);
#1482=ORIENTED_EDGE('',*,*,#2917,.T.);
#1483=CARTESIAN_POINT('',(2.66337815,1.37499685,11.2));
#1484=DIRECTION('',(0.0,0.0,-1.0));
#1485=DIRECTION('',(0.0,-1.0,0.0));
#1486=ORIENTED_EDGE('',*,*,#2987,.T.);
#1487=ORIENTED_EDGE('',*,*,#2988,.T.);
#1488=ORIENTED_EDGE('',*,*,#2989,.F.);
#1489=ORIENTED_EDGE('',*,*,#2918,.F.);
#1490=ORIENTED_EDGE('',*,*,#2986,.F.);
#1491=ORIENTED_EDGE('',*,*,#2990,.T.);
#1492=CARTESIAN_POINT('',(2.51837185,1.58,14.14500315));
#1493=DIRECTION('',(0.0,-1.0,0.0));
#1494=DIRECTION('',(0.0,0.0,-1.0));
#1495=ORIENTED_EDGE('',*,*,#2990,.F.);
#1496=ORIENTED_EDGE('',*,*,#2985,.F.);
#1497=ORIENTED_EDGE('',*,*,#2983,.F.);
#1498=ORIENTED_EDGE('',*,*,#2991,.T.);
#1499=CARTESIAN_POINT('',(2.66,1.37499685,14.07000315));
#1500=DIRECTION('',(1.0,0.0,0.0));
#1501=DIRECTION('',(0.0,1.0,0.0));
#1502=ORIENTED_EDGE('',*,*,#2992,.T.);
#1503=ORIENTED_EDGE('',*,*,#2993,.T.);
#1504=ORIENTED_EDGE('',*,*,#2994,.T.);
#1505=ORIENTED_EDGE('',*,*,#2995,.T.);
#1506=ORIENTED_EDGE('',*,*,#2996,.T.);
#1507=ORIENTED_EDGE('',*,*,#2997,.T.);
#1508=ORIENTED_EDGE('',*,*,#2998,.T.);
#1509=ORIENTED_EDGE('',*,*,#2999,.T.);
#1510=ORIENTED_EDGE('',*,*,#3000,.T.);
#1511=ORIENTED_EDGE('',*,*,#2883,.T.);
#1512=ORIENTED_EDGE('',*,*,#3001,.F.);
#1513=ORIENTED_EDGE('',*,*,#3002,.F.);
#1514=ORIENTED_EDGE('',*,*,#3003,.F.);
#1515=ORIENTED_EDGE('',*,*,#2987,.F.);
#1516=ORIENTED_EDGE('',*,*,#2991,.F.);
#1517=ORIENTED_EDGE('',*,*,#2982,.F.);
#1518=ORIENTED_EDGE('',*,*,#2980,.T.);
#1519=ORIENTED_EDGE('',*,*,#2976,.T.);
#1520=ORIENTED_EDGE('',*,*,#2973,.T.);
#1521=ORIENTED_EDGE('',*,*,#3004,.T.);
#1522=ORIENTED_EDGE('',*,*,#3005,.T.);
#1523=ORIENTED_EDGE('',*,*,#3006,.T.);
#1524=ORIENTED_EDGE('',*,*,#3007,.T.);
#1525=ORIENTED_EDGE('',*,*,#3008,.T.);
#1526=CARTESIAN_POINT('',(0.9,2.955,14.0));
#1527=DIRECTION('',(0.0,0.0,-1.0));
#1528=DIRECTION('',(0.0,-1.0,0.0));
#1529=ORIENTED_EDGE('',*,*,#3009,.F.);
#1530=ORIENTED_EDGE('',*,*,#3010,.F.);
#1531=ORIENTED_EDGE('',*,*,#2999,.F.);
#1532=ORIENTED_EDGE('',*,*,#3011,.F.);
#1533=CARTESIAN_POINT('',(0.7,1.355,14.0));
#1534=DIRECTION('',(-0.999961923064171,0.0,0.00872653549837375));
#1535=DIRECTION('',(0.0,1.0,0.0));
#1536=ORIENTED_EDGE('',*,*,#3012,.F.);
#1537=ORIENTED_EDGE('',*,*,#3011,.T.);
#1538=ORIENTED_EDGE('',*,*,#2998,.F.);
#1539=ORIENTED_EDGE('',*,*,#3013,.T.);
#1540=CARTESIAN_POINT('',(0.9,2.955,10.825));
#1541=DIRECTION('',(-0.0,-0.0,-1.0));
#1542=DIRECTION('',(-1.0,0.0,0.0));
#1543=ORIENTED_EDGE('',*,*,#3014,.F.);
#1544=ORIENTED_EDGE('',*,*,#3013,.F.);
#1545=ORIENTED_EDGE('',*,*,#2997,.F.);
#1546=ORIENTED_EDGE('',*,*,#3015,.F.);
#1547=CARTESIAN_POINT('',(0.9,3.155,14.0));
#1548=DIRECTION('',(0.0,0.999961923064171,0.00872653549837375));
#1549=DIRECTION('',(1.0,0.0,-0.0));
#1550=ORIENTED_EDGE('',*,*,#3016,.F.);
#1551=ORIENTED_EDGE('',*,*,#3015,.T.);
#1552=ORIENTED_EDGE('',*,*,#2996,.F.);
#1553=ORIENTED_EDGE('',*,*,#3017,.T.);
#1554=CARTESIAN_POINT('',(2.95,2.955,10.825));
#1555=DIRECTION('',(-0.0,-0.0,-1.0));
#1556=DIRECTION('',(-1.0,0.0,0.0));
#1557=ORIENTED_EDGE('',*,*,#3018,.F.);
#1558=ORIENTED_EDGE('',*,*,#3017,.F.);
#1559=ORIENTED_EDGE('',*,*,#2995,.F.);
#1560=ORIENTED_EDGE('',*,*,#3019,.F.);
#1561=CARTESIAN_POINT('',(3.15,2.955,14.0));
#1562=DIRECTION('',(0.999961923064171,0.0,0.00872653549837375));
#1563=DIRECTION('',(0.0,-1.0,0.0));
#1564=ORIENTED_EDGE('',*,*,#3020,.F.);
#1565=ORIENTED_EDGE('',*,*,#3019,.T.);
#1566=ORIENTED_EDGE('',*,*,#2994,.F.);
#1567=ORIENTED_EDGE('',*,*,#3021,.T.);
#1568=CARTESIAN_POINT('',(2.95,0.905,10.825));
#1569=DIRECTION('',(-0.0,-0.0,-1.0));
#1570=DIRECTION('',(-1.0,0.0,0.0));
#1571=ORIENTED_EDGE('',*,*,#3022,.F.);
#1572=ORIENTED_EDGE('',*,*,#3021,.F.);
#1573=ORIENTED_EDGE('',*,*,#2993,.F.);
#1574=ORIENTED_EDGE('',*,*,#3023,.T.);
#1575=CARTESIAN_POINT('',(2.95,0.705,14.0));
#1576=DIRECTION('',(0.0,-0.999961923064171,0.00872653549837375));
#1577=DIRECTION('',(-1.0,0.0,0.0));
#1578=ORIENTED_EDGE('',*,*,#3024,.F.);
#1579=ORIENTED_EDGE('',*,*,#3023,.F.);
#1580=ORIENTED_EDGE('',*,*,#2992,.F.);
#1581=ORIENTED_EDGE('',*,*,#3010,.T.);
#1582=CARTESIAN_POINT('',(1.35,0.705,14.0));
#1583=DIRECTION('',(-0.707079856727016,-0.707079856727016,0.0087265354983742));
#1584=DIRECTION('',(-0.707106781186548,0.707106781186548,0.0));
#1585=ORIENTED_EDGE('',*,*,#3025,.T.);
#1586=ORIENTED_EDGE('',*,*,#3026,.T.);
#1587=ORIENTED_EDGE('',*,*,#3027,.T.);
#1588=ORIENTED_EDGE('',*,*,#3028,.T.);
#1589=ORIENTED_EDGE('',*,*,#3029,.T.);
#1590=ORIENTED_EDGE('',*,*,#3030,.T.);
#1591=ORIENTED_EDGE('',*,*,#3031,.T.);
#1592=ORIENTED_EDGE('',*,*,#3032,.T.);
#1593=ORIENTED_EDGE('',*,*,#3033,.T.);
#1594=ORIENTED_EDGE('',*,*,#3034,.T.);
#1595=ORIENTED_EDGE('',*,*,#3035,.T.);
#1596=ORIENTED_EDGE('',*,*,#3036,.T.);
#1597=ORIENTED_EDGE('',*,*,#3037,.T.);
#1598=ORIENTED_EDGE('',*,*,#3038,.T.);
#1599=ORIENTED_EDGE('',*,*,#3039,.T.);
#1600=ORIENTED_EDGE('',*,*,#3040,.T.);
#1601=ORIENTED_EDGE('',*,*,#3041,.T.);
#1602=ORIENTED_EDGE('',*,*,#3042,.T.);
#1603=ORIENTED_EDGE('',*,*,#3012,.T.);
#1604=ORIENTED_EDGE('',*,*,#3014,.T.);
#1605=ORIENTED_EDGE('',*,*,#3016,.T.);
#1606=ORIENTED_EDGE('',*,*,#3018,.T.);
#1607=ORIENTED_EDGE('',*,*,#3020,.T.);
#1608=ORIENTED_EDGE('',*,*,#3022,.T.);
#1609=ORIENTED_EDGE('',*,*,#3024,.T.);
#1610=ORIENTED_EDGE('',*,*,#3009,.T.);
#1611=CARTESIAN_POINT('',(0.0,0.0,7.65));
#1612=DIRECTION('',(0.0,0.0,1.0));
#1613=DIRECTION('',(1.0,0.0,0.0));
#1614=ORIENTED_EDGE('',*,*,#3042,.F.);
#1615=ORIENTED_EDGE('',*,*,#3043,.T.);
#1616=ORIENTED_EDGE('',*,*,#3044,.F.);
#1617=ORIENTED_EDGE('',*,*,#3045,.T.);
#1618=CARTESIAN_POINT('',(3.9,2.955,10.825));
#1619=DIRECTION('',(-0.0,-0.0,-1.0));
#1620=DIRECTION('',(-1.0,0.0,0.0));
#1621=ORIENTED_EDGE('',*,*,#3035,.F.);
#1622=ORIENTED_EDGE('',*,*,#3045,.F.);
#1623=ORIENTED_EDGE('',*,*,#3046,.F.);
#1624=ORIENTED_EDGE('',*,*,#3047,.F.);
#1625=CARTESIAN_POINT('',(3.9,3.155,14.0));
#1626=DIRECTION('',(0.0,0.999961923064171,0.00872653549837375));
#1627=DIRECTION('',(1.0,0.0,-0.0));
#1628=ORIENTED_EDGE('',*,*,#3036,.F.);
#1629=ORIENTED_EDGE('',*,*,#3047,.T.);
#1630=ORIENTED_EDGE('',*,*,#3048,.F.);
#1631=ORIENTED_EDGE('',*,*,#3049,.T.);
#1632=CARTESIAN_POINT('',(5.95,2.955,10.825));
#1633=DIRECTION('',(-0.0,-0.0,-1.0));
#1634=DIRECTION('',(-1.0,0.0,0.0));
#1635=ORIENTED_EDGE('',*,*,#3037,.F.);
#1636=ORIENTED_EDGE('',*,*,#3049,.F.);
#1637=ORIENTED_EDGE('',*,*,#3050,.F.);
#1638=ORIENTED_EDGE('',*,*,#3051,.F.);
#1639=CARTESIAN_POINT('',(6.15,2.955,14.0));
#1640=DIRECTION('',(0.999961923064171,0.0,0.00872653549837375));
#1641=DIRECTION('',(0.0,-1.0,0.0));
#1642=ORIENTED_EDGE('',*,*,#3038,.F.);
#1643=ORIENTED_EDGE('',*,*,#3051,.T.);
#1644=ORIENTED_EDGE('',*,*,#3052,.F.);
#1645=ORIENTED_EDGE('',*,*,#3053,.T.);
#1646=CARTESIAN_POINT('',(5.95,0.905,10.825));
#1647=DIRECTION('',(-0.0,-0.0,-1.0));
#1648=DIRECTION('',(-1.0,0.0,0.0));
#1649=ORIENTED_EDGE('',*,*,#3039,.F.);
#1650=ORIENTED_EDGE('',*,*,#3053,.F.);
#1651=ORIENTED_EDGE('',*,*,#3054,.F.);
#1652=ORIENTED_EDGE('',*,*,#3055,.F.);
#1653=CARTESIAN_POINT('',(5.95,0.705,14.0));
#1654=DIRECTION('',(0.0,-0.999961923064171,0.00872653549837375));
#1655=DIRECTION('',(-1.0,0.0,0.0));
#1656=ORIENTED_EDGE('',*,*,#3040,.F.);
#1657=ORIENTED_EDGE('',*,*,#3055,.T.);
#1658=ORIENTED_EDGE('',*,*,#3056,.F.);
#1659=ORIENTED_EDGE('',*,*,#3057,.T.);
#1660=CARTESIAN_POINT('',(3.9,0.905,10.825));
#1661=DIRECTION('',(-0.0,-0.0,-1.0));
#1662=DIRECTION('',(-1.0,0.0,0.0));
#1663=ORIENTED_EDGE('',*,*,#3041,.F.);
#1664=ORIENTED_EDGE('',*,*,#3057,.F.);
#1665=ORIENTED_EDGE('',*,*,#3058,.F.);
#1666=ORIENTED_EDGE('',*,*,#3043,.F.);
#1667=CARTESIAN_POINT('',(3.7,0.905,14.0));
#1668=DIRECTION('',(-0.999961923064171,0.0,0.00872653549837375));
#1669=DIRECTION('',(0.0,1.0,0.0));
#1670=ORIENTED_EDGE('',*,*,#3056,.T.);
#1671=ORIENTED_EDGE('',*,*,#3054,.T.);
#1672=ORIENTED_EDGE('',*,*,#3052,.T.);
#1673=ORIENTED_EDGE('',*,*,#3050,.T.);
#1674=ORIENTED_EDGE('',*,*,#3048,.T.);
#1675=ORIENTED_EDGE('',*,*,#3046,.T.);
#1676=ORIENTED_EDGE('',*,*,#3044,.T.);
#1677=ORIENTED_EDGE('',*,*,#3058,.T.);
#1678=ORIENTED_EDGE('',*,*,#3059,.T.);
#1679=ORIENTED_EDGE('',*,*,#3060,.T.);
#1680=ORIENTED_EDGE('',*,*,#3061,.F.);
#1681=ORIENTED_EDGE('',*,*,#3062,.F.);
#1682=ORIENTED_EDGE('',*,*,#3063,.F.);
#1683=ORIENTED_EDGE('',*,*,#3064,.F.);
#1684=ORIENTED_EDGE('',*,*,#3065,.F.);
#1685=ORIENTED_EDGE('',*,*,#3066,.F.);
#1686=ORIENTED_EDGE('',*,*,#3067,.T.);
#1687=ORIENTED_EDGE('',*,*,#3068,.T.);
#1688=ORIENTED_EDGE('',*,*,#3069,.T.);
#1689=ORIENTED_EDGE('',*,*,#3070,.T.);
#1690=ORIENTED_EDGE('',*,*,#3071,.T.);
#1691=ORIENTED_EDGE('',*,*,#3072,.T.);
#1692=ORIENTED_EDGE('',*,*,#3073,.T.);
#1693=ORIENTED_EDGE('',*,*,#3074,.T.);
#1694=CARTESIAN_POINT('',(3.9,2.955,14.0));
#1695=DIRECTION('',(0.0,0.0,-1.0));
#1696=DIRECTION('',(0.0,-1.0,0.0));
#1697=ORIENTED_EDGE('',*,*,#3075,.F.);
#1698=ORIENTED_EDGE('',*,*,#3076,.F.);
#1699=ORIENTED_EDGE('',*,*,#3077,.T.);
#1700=ORIENTED_EDGE('',*,*,#3078,.T.);
#1701=ORIENTED_EDGE('',*,*,#3079,.F.);
#1702=ORIENTED_EDGE('',*,*,#3074,.F.);
#1703=CARTESIAN_POINT('',(4.05337185,2.43,14.14500315));
#1704=DIRECTION('',(-0.0,1.0,0.0));
#1705=DIRECTION('',(1.0,0.0,0.0));
#1706=ORIENTED_EDGE('',*,*,#3079,.T.);
#1707=ORIENTED_EDGE('',*,*,#3080,.T.);
#1708=ORIENTED_EDGE('',*,*,#3081,.F.);
#1709=ORIENTED_EDGE('',*,*,#3059,.F.);
#1710=CARTESIAN_POINT('',(4.19,2.42374685,14.07000315));
#1711=DIRECTION('',(-1.0,0.0,0.0));
#1712=DIRECTION('',(0.0,0.0,1.0));
#1713=ORIENTED_EDGE('',*,*,#3082,.T.);
#1714=ORIENTED_EDGE('',*,*,#3083,.F.);
#1715=ORIENTED_EDGE('',*,*,#3084,.T.);
#1716=ORIENTED_EDGE('',*,*,#3085,.F.);
#1717=ORIENTED_EDGE('',*,*,#3060,.F.);
#1718=ORIENTED_EDGE('',*,*,#3081,.T.);
#1719=ORIENTED_EDGE('',*,*,#3086,.F.);
#1720=ORIENTED_EDGE('',*,*,#3087,.F.);
#1721=ORIENTED_EDGE('',*,*,#3088,.T.);
#1722=ORIENTED_EDGE('',*,*,#3089,.F.);
#1723=ORIENTED_EDGE('',*,*,#3090,.T.);
#1724=ORIENTED_EDGE('',*,*,#3091,.T.);
#1725=CARTESIAN_POINT('',(4.15324685,2.68,14.20000315));
#1726=DIRECTION('',(-0.0,1.0,0.0));
#1727=DIRECTION('',(1.0,0.0,0.0));
#1728=ORIENTED_EDGE('',*,*,#3092,.T.);
#1729=ORIENTED_EDGE('',*,*,#3091,.F.);
#1730=ORIENTED_EDGE('',*,*,#3093,.F.);
#1731=ORIENTED_EDGE('',*,*,#3094,.T.);
#1732=CARTESIAN_POINT('',(5.205,3.52,5.9));
#1733=DIRECTION('',(1.0,0.0,0.0));
#1734=DIRECTION('',(0.0,1.0,0.0));
#1735=ORIENTED_EDGE('',*,*,#3095,.T.);
#1736=ORIENTED_EDGE('',*,*,#3096,.T.);
#1737=ORIENTED_EDGE('',*,*,#3097,.F.);
#1738=ORIENTED_EDGE('',*,*,#3098,.T.);
#1739=ORIENTED_EDGE('',*,*,#3099,.T.);
#1740=ORIENTED_EDGE('',*,*,#3100,.T.);
#1741=ORIENTED_EDGE('',*,*,#3101,.F.);
#1742=ORIENTED_EDGE('',*,*,#3102,.T.);
#1743=ORIENTED_EDGE('',*,*,#3103,.T.);
#1744=ORIENTED_EDGE('',*,*,#3104,.T.);
#1745=ORIENTED_EDGE('',*,*,#3105,.T.);
#1746=ORIENTED_EDGE('',*,*,#3106,.F.);
#1747=ORIENTED_EDGE('',*,*,#3094,.F.);
#1748=ORIENTED_EDGE('',*,*,#3107,.T.);
#1749=ORIENTED_EDGE('',*,*,#3108,.T.);
#1750=ORIENTED_EDGE('',*,*,#3109,.T.);
#1751=CARTESIAN_POINT('',(5.365,3.16,6.55));
#1752=DIRECTION('',(-0.0,1.0,0.0));
#1753=DIRECTION('',(1.0,0.0,0.0));
#1754=ORIENTED_EDGE('',*,*,#3110,.T.);
#1755=ORIENTED_EDGE('',*,*,#3111,.F.);
#1756=ORIENTED_EDGE('',*,*,#3109,.F.);
#1757=CARTESIAN_POINT('',(4.645,3.16,5.9));
#1758=DIRECTION('',(0.999297615709181,0.0,0.0374736605890893));
#1759=DIRECTION('',(0.0,-1.0,0.0));
#1760=ORIENTED_EDGE('',*,*,#3112,.T.);
#1761=ORIENTED_EDGE('',*,*,#3095,.F.);
#1762=ORIENTED_EDGE('',*,*,#3111,.T.);
#1763=ORIENTED_EDGE('',*,*,#3089,.T.);
#1764=CARTESIAN_POINT('',(4.645,2.66999685,7.23000315));
#1765=DIRECTION('',(1.0,0.0,0.0));
#1766=DIRECTION('',(0.0,1.0,0.0));
#1767=ORIENTED_EDGE('',*,*,#3113,.F.);
#1768=ORIENTED_EDGE('',*,*,#3096,.F.);
#1769=ORIENTED_EDGE('',*,*,#3112,.F.);
#1770=ORIENTED_EDGE('',*,*,#3088,.F.);
#1771=CARTESIAN_POINT('',(4.31699685,2.66999685,7.2));
#1772=DIRECTION('',(0.0,0.0,1.0));
#1773=DIRECTION('',(1.0,0.0,0.0));
#1774=ORIENTED_EDGE('',*,*,#3113,.T.);
#1775=ORIENTED_EDGE('',*,*,#3087,.T.);
#1776=ORIENTED_EDGE('',*,*,#3114,.T.);
#1777=ORIENTED_EDGE('',*,*,#3077,.F.);
#1778=ORIENTED_EDGE('',*,*,#3115,.T.);
#1779=ORIENTED_EDGE('',*,*,#3116,.F.);
#1780=ORIENTED_EDGE('',*,*,#3117,.T.);
#1781=ORIENTED_EDGE('',*,*,#3118,.T.);
#1782=ORIENTED_EDGE('',*,*,#3119,.T.);
#1783=ORIENTED_EDGE('',*,*,#3120,.T.);
#1784=ORIENTED_EDGE('',*,*,#3121,.F.);
#1785=ORIENTED_EDGE('',*,*,#3122,.F.);
#1786=ORIENTED_EDGE('',*,*,#3123,.F.);
#1787=ORIENTED_EDGE('',*,*,#3124,.F.);
#1788=ORIENTED_EDGE('',*,*,#3125,.F.);
#1789=ORIENTED_EDGE('',*,*,#3097,.T.);
#1790=CARTESIAN_POINT('',(4.325,3.08,7.2));
#1791=DIRECTION('',(-1.0,0.0,0.0));
#1792=DIRECTION('',(0.0,0.0,1.0));
#1793=ORIENTED_EDGE('',*,*,#3125,.T.);
#1794=ORIENTED_EDGE('',*,*,#3126,.T.);
#1795=ORIENTED_EDGE('',*,*,#3098,.F.);
#1796=CARTESIAN_POINT('',(4.29,3.16,3.9));
#1797=DIRECTION('',(-0.999846910161925,0.0,0.0174973209278304));
#1798=DIRECTION('',(0.0,1.0,0.0));
#1799=ORIENTED_EDGE('',*,*,#3099,.F.);
#1800=ORIENTED_EDGE('',*,*,#3126,.F.);
#1801=ORIENTED_EDGE('',*,*,#3127,.T.);
#1802=CARTESIAN_POINT('',(3.4309976,3.16,3.9));
#1803=DIRECTION('',(0.0,-0.972387301980522,-0.233372952475305));
#1804=DIRECTION('',(0.0,0.233372952475305,-0.972387301980522));
#1805=ORIENTED_EDGE('',*,*,#3127,.F.);
#1806=ORIENTED_EDGE('',*,*,#3124,.T.);
#1807=ORIENTED_EDGE('',*,*,#3128,.F.);
#1808=ORIENTED_EDGE('',*,*,#3129,.F.);
#1809=CARTESIAN_POINT('',(4.325,3.16,5.9));
#1810=DIRECTION('',(0.951731040552373,0.0,-0.306933260578091));
#1811=DIRECTION('',(0.0,-1.0,0.0));
#1812=ORIENTED_EDGE('',*,*,#3130,.F.);
#1813=ORIENTED_EDGE('',*,*,#3100,.F.);
#1814=ORIENTED_EDGE('',*,*,#3129,.T.);
#1815=ORIENTED_EDGE('',*,*,#3131,.T.);
#1816=ORIENTED_EDGE('',*,*,#3132,.T.);
#1817=ORIENTED_EDGE('',*,*,#3133,.T.);
#1818=ORIENTED_EDGE('',*,*,#3134,.T.);
#1819=ORIENTED_EDGE('',*,*,#3135,.T.);
#1820=ORIENTED_EDGE('',*,*,#3136,.T.);
#1821=CARTESIAN_POINT('',(3.68,0.59,0.0));
#1822=DIRECTION('',(-1.0,0.0,0.0));
#1823=DIRECTION('',(0.0,0.0,1.0));
#1824=ORIENTED_EDGE('',*,*,#3137,.T.);
#1825=ORIENTED_EDGE('',*,*,#3138,.F.);
#1826=ORIENTED_EDGE('',*,*,#3139,.T.);
#1827=ORIENTED_EDGE('',*,*,#3136,.F.);
#1828=CARTESIAN_POINT('',(3.4309976,0.67,3.02));
#1829=DIRECTION('',(-0.0,1.0,0.0));
#1830=DIRECTION('',(1.0,0.0,0.0));
#1831=ORIENTED_EDGE('',*,*,#3140,.T.);
#1832=ORIENTED_EDGE('',*,*,#3141,.T.);
#1833=ORIENTED_EDGE('',*,*,#3142,.T.);
#1834=ORIENTED_EDGE('',*,*,#3143,.T.);
#1835=ORIENTED_EDGE('',*,*,#3144,.T.);
#1836=ORIENTED_EDGE('',*,*,#3145,.F.);
#1837=ORIENTED_EDGE('',*,*,#3146,.T.);
#1838=ORIENTED_EDGE('',*,*,#3147,.T.);
#1839=ORIENTED_EDGE('',*,*,#2939,.T.);
#1840=ORIENTED_EDGE('',*,*,#2937,.F.);
#1841=ORIENTED_EDGE('',*,*,#2934,.F.);
#1842=ORIENTED_EDGE('',*,*,#2898,.T.);
#1843=ORIENTED_EDGE('',*,*,#3130,.T.);
#1844=ORIENTED_EDGE('',*,*,#3139,.F.);
#1845=ORIENTED_EDGE('',*,*,#3148,.F.);
#1846=ORIENTED_EDGE('',*,*,#3101,.T.);
#1847=CARTESIAN_POINT('',(0.0,0.0,0.0));
#1848=DIRECTION('',(0.0,0.0,-1.0));
#1849=DIRECTION('',(0.0,-1.0,0.0));
#1850=ORIENTED_EDGE('',*,*,#3149,.T.);
#1851=ORIENTED_EDGE('',*,*,#3150,.T.);
#1852=ORIENTED_EDGE('',*,*,#3151,.T.);
#1853=ORIENTED_EDGE('',*,*,#3152,.T.);
#1854=ORIENTED_EDGE('',*,*,#3153,.T.);
#1855=ORIENTED_EDGE('',*,*,#3154,.T.);
#1856=ORIENTED_EDGE('',*,*,#3102,.F.);
#1857=ORIENTED_EDGE('',*,*,#3148,.T.);
#1858=ORIENTED_EDGE('',*,*,#3138,.T.);
#1859=CARTESIAN_POINT('',(6.17,3.14225315,5.087125605316));
#1860=DIRECTION('',(1.0,0.0,0.0));
#1861=DIRECTION('',(0.0,1.0,0.0));
#1862=ORIENTED_EDGE('',*,*,#3155,.F.);
#1863=ORIENTED_EDGE('',*,*,#3154,.F.);
#1864=ORIENTED_EDGE('',*,*,#3156,.F.);
#1865=ORIENTED_EDGE('',*,*,#3157,.F.);
#1866=CARTESIAN_POINT('',(6.17,3.16,3.9));
#1867=DIRECTION('',(-0.951731040552373,0.0,-0.306933260578091));
#1868=DIRECTION('',(-0.306933260578091,0.0,0.951731040552373));
#1869=ORIENTED_EDGE('',*,*,#3157,.T.);
#1870=ORIENTED_EDGE('',*,*,#3158,.F.);
#1871=ORIENTED_EDGE('',*,*,#3159,.T.);
#1872=ORIENTED_EDGE('',*,*,#3160,.F.);
#1873=ORIENTED_EDGE('',*,*,#3161,.F.);
#1874=ORIENTED_EDGE('',*,*,#3162,.T.);
#1875=ORIENTED_EDGE('',*,*,#3163,.F.);
#1876=ORIENTED_EDGE('',*,*,#3164,.F.);
#1877=ORIENTED_EDGE('',*,*,#3165,.T.);
#1878=ORIENTED_EDGE('',*,*,#3166,.F.);
#1879=ORIENTED_EDGE('',*,*,#3167,.T.);
#1880=ORIENTED_EDGE('',*,*,#3168,.F.);
#1881=ORIENTED_EDGE('',*,*,#3083,.T.);
#1882=ORIENTED_EDGE('',*,*,#3169,.T.);
#1883=ORIENTED_EDGE('',*,*,#3105,.F.);
#1884=ORIENTED_EDGE('',*,*,#3170,.F.);
#1885=CARTESIAN_POINT('',(5.525,3.12750315,11.33000315));
#1886=DIRECTION('',(1.0,0.0,0.0));
#1887=DIRECTION('',(0.0,1.0,0.0));
#1888=ORIENTED_EDGE('',*,*,#3171,.T.);
#1889=ORIENTED_EDGE('',*,*,#3170,.T.);
#1890=ORIENTED_EDGE('',*,*,#3104,.F.);
#1891=CARTESIAN_POINT('',(5.525,3.16,5.9));
#1892=DIRECTION('',(0.999846910161925,0.0,0.0174973209278304));
#1893=DIRECTION('',(0.0,-1.0,0.0));
#1894=ORIENTED_EDGE('',*,*,#3103,.F.);
#1895=ORIENTED_EDGE('',*,*,#3155,.T.);
#1896=ORIENTED_EDGE('',*,*,#3171,.F.);
#1897=CARTESIAN_POINT('',(3.4309976,3.16,3.9));
#1898=DIRECTION('',(0.0,-0.972387301980522,-0.233372952475305));
#1899=DIRECTION('',(0.0,0.233372952475305,-0.972387301980522));
#1900=ORIENTED_EDGE('',*,*,#3082,.F.);
#1901=ORIENTED_EDGE('',*,*,#3092,.F.);
#1902=ORIENTED_EDGE('',*,*,#3106,.T.);
#1903=ORIENTED_EDGE('',*,*,#3169,.F.);
#1904=CARTESIAN_POINT('',(5.53300315,2.66999685,7.2));
#1905=DIRECTION('',(0.0,0.0,1.0));
#1906=DIRECTION('',(1.0,0.0,0.0));
#1907=ORIENTED_EDGE('',*,*,#3172,.T.);
#1908=ORIENTED_EDGE('',*,*,#3084,.F.);
#1909=ORIENTED_EDGE('',*,*,#3168,.T.);
#1910=ORIENTED_EDGE('',*,*,#3173,.T.);
#1911=CARTESIAN_POINT('',(5.66337815,2.42374685,11.2));
#1912=DIRECTION('',(0.0,0.0,-1.0));
#1913=DIRECTION('',(0.0,-1.0,0.0));
#1914=ORIENTED_EDGE('',*,*,#3174,.T.);
#1915=ORIENTED_EDGE('',*,*,#3173,.F.);
#1916=ORIENTED_EDGE('',*,*,#3167,.F.);
#1917=ORIENTED_EDGE('',*,*,#3175,.T.);
#1918=ORIENTED_EDGE('',*,*,#3176,.T.);
#1919=ORIENTED_EDGE('',*,*,#3062,.T.);
#1920=CARTESIAN_POINT('',(5.79662815,2.43,14.14500315));
#1921=DIRECTION('',(-0.0,1.0,0.0));
#1922=DIRECTION('',(1.0,0.0,0.0));
#1923=ORIENTED_EDGE('',*,*,#3176,.F.);
#1924=ORIENTED_EDGE('',*,*,#3177,.T.);
#1925=ORIENTED_EDGE('',*,*,#3178,.F.);
#1926=ORIENTED_EDGE('',*,*,#3063,.T.);
#1927=CARTESIAN_POINT('',(5.79,1.55874685,14.14500315));
#1928=DIRECTION('',(1.0,0.0,0.0));
#1929=DIRECTION('',(0.0,1.0,0.0));
#1930=ORIENTED_EDGE('',*,*,#3064,.T.);
#1931=ORIENTED_EDGE('',*,*,#3178,.T.);
#1932=ORIENTED_EDGE('',*,*,#3179,.F.);
#1933=ORIENTED_EDGE('',*,*,#3165,.F.);
#1934=ORIENTED_EDGE('',*,*,#3180,.F.);
#1935=ORIENTED_EDGE('',*,*,#3181,.T.);
#1936=CARTESIAN_POINT('',(5.51837185,1.58,14.14500315));
#1937=DIRECTION('',(0.0,-1.0,0.0));
#1938=DIRECTION('',(0.0,0.0,-1.0));
#1939=ORIENTED_EDGE('',*,*,#3181,.F.);
#1940=ORIENTED_EDGE('',*,*,#3182,.F.);
#1941=ORIENTED_EDGE('',*,*,#3183,.F.);
#1942=ORIENTED_EDGE('',*,*,#3065,.T.);
#1943=CARTESIAN_POINT('',(5.66,1.37499685,14.07000315));
#1944=DIRECTION('',(1.0,0.0,0.0));
#1945=DIRECTION('',(0.0,1.0,0.0));
#1946=ORIENTED_EDGE('',*,*,#3066,.T.);
#1947=ORIENTED_EDGE('',*,*,#3183,.T.);
#1948=ORIENTED_EDGE('',*,*,#3184,.F.);
#1949=ORIENTED_EDGE('',*,*,#3185,.T.);
#1950=CARTESIAN_POINT('',(5.52162185,1.38,14.07000315));
#1951=DIRECTION('',(0.0,-1.0,0.0));
#1952=DIRECTION('',(0.0,0.0,-1.0));
#1953=ORIENTED_EDGE('',*,*,#3067,.F.);
#1954=ORIENTED_EDGE('',*,*,#3185,.F.);
#1955=ORIENTED_EDGE('',*,*,#3163,.T.);
#1956=ORIENTED_EDGE('',*,*,#3186,.T.);
#1957=ORIENTED_EDGE('',*,*,#3187,.F.);
#1958=CARTESIAN_POINT('',(5.325,1.18,14.0));
#1959=DIRECTION('',(0.707106781186698,-0.707106781186398,0.0));
#1960=DIRECTION('',(0.0,0.0,-1.0));
#1961=ORIENTED_EDGE('',*,*,#3188,.T.);
#1962=ORIENTED_EDGE('',*,*,#3189,.T.);
#1963=ORIENTED_EDGE('',*,*,#3190,.T.);
#1964=ORIENTED_EDGE('',*,*,#3191,.T.);
#1965=ORIENTED_EDGE('',*,*,#3192,.F.);
#1966=ORIENTED_EDGE('',*,*,#3068,.F.);
#1967=ORIENTED_EDGE('',*,*,#3187,.T.);
#1968=ORIENTED_EDGE('',*,*,#3193,.T.);
#1969=CARTESIAN_POINT('',(5.273258,1.18,14.0));
#1970=DIRECTION('',(0.0,-1.0,0.0));
#1971=DIRECTION('',(0.0,0.0,-1.0));
#1972=ORIENTED_EDGE('',*,*,#3162,.F.);
#1973=ORIENTED_EDGE('',*,*,#3193,.F.);
#1974=ORIENTED_EDGE('',*,*,#3186,.F.);
#1975=CARTESIAN_POINT('',(5.425000034939,1.27999996506,6.427490631395));
#1976=DIRECTION('',(-0.682986360544609,0.682986837808609,-0.258956773787104));
#1977=DIRECTION('',(-0.354526145480885,0.0,0.935046101628399));
#1978=ORIENTED_EDGE('',*,*,#3194,.F.);
#1979=ORIENTED_EDGE('',*,*,#3069,.F.);
#1980=ORIENTED_EDGE('',*,*,#3192,.T.);
#1981=ORIENTED_EDGE('',*,*,#3195,.T.);
#1982=ORIENTED_EDGE('',*,*,#3118,.F.);
#1983=CARTESIAN_POINT('',(4.325,1.38,14.0));
#1984=DIRECTION('',(-0.707106781186698,-0.707106781186398,0.0));
#1985=DIRECTION('',(-0.707106781186398,0.707106781186698,0.0));
#1986=ORIENTED_EDGE('',*,*,#3191,.F.);
#1987=ORIENTED_EDGE('',*,*,#3119,.F.);
#1988=ORIENTED_EDGE('',*,*,#3195,.F.);
#1989=CARTESIAN_POINT('',(4.425,1.28,6.427491));
#1990=DIRECTION('',(0.682986615179077,0.682986615178877,-0.258956689376291));
#1991=DIRECTION('',(-1.89566866420653E-17,-0.354525928879762,-0.935046183753477));
#1992=ORIENTED_EDGE('',*,*,#3196,.T.);
#1993=ORIENTED_EDGE('',*,*,#3197,.T.);
#1994=ORIENTED_EDGE('',*,*,#3070,.F.);
#1995=ORIENTED_EDGE('',*,*,#3194,.T.);
#1996=CARTESIAN_POINT('',(4.32837815,1.38,14.07000315));
#1997=DIRECTION('',(0.0,-1.0,0.0));
#1998=DIRECTION('',(0.0,0.0,-1.0));
#1999=ORIENTED_EDGE('',*,*,#3197,.F.);
#2000=ORIENTED_EDGE('',*,*,#3198,.T.);
#2001=ORIENTED_EDGE('',*,*,#3199,.F.);
#2002=ORIENTED_EDGE('',*,*,#3071,.F.);
#2003=CARTESIAN_POINT('',(4.19,1.37499685,14.07000315));
#2004=DIRECTION('',(-1.0,0.0,0.0));
#2005=DIRECTION('',(0.0,0.0,1.0));
#2006=ORIENTED_EDGE('',*,*,#3200,.F.);
#2007=ORIENTED_EDGE('',*,*,#3116,.T.);
#2008=ORIENTED_EDGE('',*,*,#3201,.F.);
#2009=ORIENTED_EDGE('',*,*,#3202,.T.);
#2010=ORIENTED_EDGE('',*,*,#3072,.F.);
#2011=ORIENTED_EDGE('',*,*,#3199,.T.);
#2012=CARTESIAN_POINT('',(4.33162815,1.58,14.14500315));
#2013=DIRECTION('',(0.0,-1.0,0.0));
#2014=DIRECTION('',(0.0,0.0,-1.0));
#2015=ORIENTED_EDGE('',*,*,#3202,.F.);
#2016=ORIENTED_EDGE('',*,*,#3203,.F.);
#2017=ORIENTED_EDGE('',*,*,#3075,.T.);
#2018=ORIENTED_EDGE('',*,*,#3073,.F.);
#2019=CARTESIAN_POINT('',(4.06,1.55874685,14.14500315));
#2020=DIRECTION('',(-1.0,0.0,0.0));
#2021=DIRECTION('',(0.0,0.0,1.0));
#2022=ORIENTED_EDGE('',*,*,#3076,.T.);
#2023=ORIENTED_EDGE('',*,*,#3203,.T.);
#2024=ORIENTED_EDGE('',*,*,#3201,.T.);
#2025=ORIENTED_EDGE('',*,*,#3115,.F.);
#2026=CARTESIAN_POINT('',(4.05337185,1.55874685,8.2));
#2027=DIRECTION('',(0.0,0.0,-1.0));
#2028=DIRECTION('',(0.0,-1.0,0.0));
#2029=ORIENTED_EDGE('',*,*,#3200,.T.);
#2030=ORIENTED_EDGE('',*,*,#3198,.F.);
#2031=ORIENTED_EDGE('',*,*,#3196,.F.);
#2032=ORIENTED_EDGE('',*,*,#3117,.F.);
#2033=CARTESIAN_POINT('',(4.18662185,1.37499685,11.2));
#2034=DIRECTION('',(0.0,0.0,-1.0));
#2035=DIRECTION('',(0.0,-1.0,0.0));
#2036=ORIENTED_EDGE('',*,*,#3190,.F.);
#2037=ORIENTED_EDGE('',*,*,#3204,.F.);
#2038=ORIENTED_EDGE('',*,*,#3134,.F.);
#2039=ORIENTED_EDGE('',*,*,#3205,.F.);
#2040=ORIENTED_EDGE('',*,*,#3120,.F.);
#2041=CARTESIAN_POINT('',(3.68,0.59,3.9));
#2042=DIRECTION('',(0.951731040552373,0.0,-0.306933260578091));
#2043=DIRECTION('',(0.0,-1.0,0.0));
#2044=ORIENTED_EDGE('',*,*,#3206,.T.);
#2045=ORIENTED_EDGE('',*,*,#3121,.T.);
#2046=ORIENTED_EDGE('',*,*,#3205,.T.);
#2047=ORIENTED_EDGE('',*,*,#3133,.F.);
#2048=CARTESIAN_POINT('',(4.335917711364,1.54,7.632551569309));
#2049=DIRECTION('',(0.0,-1.0,0.0));
#2050=DIRECTION('',(0.0,0.0,-1.0));
#2051=ORIENTED_EDGE('',*,*,#3207,.F.);
#2052=ORIENTED_EDGE('',*,*,#3122,.T.);
#2053=ORIENTED_EDGE('',*,*,#3206,.F.);
#2054=ORIENTED_EDGE('',*,*,#3132,.F.);
#2055=CARTESIAN_POINT('',(4.341125762054,1.51774685,7.614676898985));
#2056=DIRECTION('',(-0.970295726275989,0.0,0.241921895599697));
#2057=DIRECTION('',(0.0,1.0,0.0));
#2058=ORIENTED_EDGE('',*,*,#3123,.T.);
#2059=ORIENTED_EDGE('',*,*,#3207,.T.);
#2060=ORIENTED_EDGE('',*,*,#3131,.F.);
#2061=ORIENTED_EDGE('',*,*,#3128,.T.);
#2062=CARTESIAN_POINT('',(6.425,2.43,5.9));
#2063=DIRECTION('',(0.0,-1.0,0.0));
#2064=DIRECTION('',(0.0,0.0,-1.0));
#2065=ORIENTED_EDGE('',*,*,#3189,.F.);
#2066=ORIENTED_EDGE('',*,*,#3208,.T.);
#2067=ORIENTED_EDGE('',*,*,#3149,.F.);
#2068=ORIENTED_EDGE('',*,*,#3137,.F.);
#2069=ORIENTED_EDGE('',*,*,#3135,.F.);
#2070=ORIENTED_EDGE('',*,*,#3204,.T.);
#2071=CARTESIAN_POINT('',(3.4309976,1.18,4.32));
#2072=DIRECTION('',(0.0,0.930925466673499,-0.3652092215412));
#2073=DIRECTION('',(-1.0,0.0,0.0));
#2074=ORIENTED_EDGE('',*,*,#3208,.F.);
#2075=ORIENTED_EDGE('',*,*,#3188,.F.);
#2076=ORIENTED_EDGE('',*,*,#3161,.T.);
#2077=ORIENTED_EDGE('',*,*,#3209,.F.);
#2078=ORIENTED_EDGE('',*,*,#3150,.F.);
#2079=CARTESIAN_POINT('',(5.525,0.59,5.9));
#2080=DIRECTION('',(-0.951731040552373,0.0,-0.306933260578091));
#2081=DIRECTION('',(-0.306933260578091,0.0,0.951731040552373));
#2082=ORIENTED_EDGE('',*,*,#3209,.T.);
#2083=ORIENTED_EDGE('',*,*,#3160,.T.);
#2084=ORIENTED_EDGE('',*,*,#3210,.T.);
#2085=ORIENTED_EDGE('',*,*,#3151,.F.);
#2086=CARTESIAN_POINT('',(5.525,1.54,5.9));
#2087=DIRECTION('',(-0.0,1.0,0.0));
#2088=DIRECTION('',(1.0,0.0,0.0));
#2089=ORIENTED_EDGE('',*,*,#3210,.F.);
#2090=ORIENTED_EDGE('',*,*,#3159,.F.);
#2091=ORIENTED_EDGE('',*,*,#3211,.F.);
#2092=ORIENTED_EDGE('',*,*,#3152,.F.);
#2093=CARTESIAN_POINT('',(5.508874237946,2.45225315,7.614676898985));
#2094=DIRECTION('',(0.970295726275989,0.0,0.241921895599697));
#2095=DIRECTION('',(0.0,-1.0,0.0));
#2096=ORIENTED_EDGE('',*,*,#3153,.F.);
#2097=ORIENTED_EDGE('',*,*,#3211,.T.);
#2098=ORIENTED_EDGE('',*,*,#3158,.T.);
#2099=ORIENTED_EDGE('',*,*,#3156,.T.);
#2100=CARTESIAN_POINT('',(6.425,2.43,5.9));
#2101=DIRECTION('',(0.0,-1.0,0.0));
#2102=DIRECTION('',(0.0,0.0,-1.0));
#2103=ORIENTED_EDGE('',*,*,#3184,.T.);
#2104=ORIENTED_EDGE('',*,*,#3182,.T.);
#2105=ORIENTED_EDGE('',*,*,#3180,.T.);
#2106=ORIENTED_EDGE('',*,*,#3164,.T.);
#2107=CARTESIAN_POINT('',(5.66337815,1.37499685,11.2));
#2108=DIRECTION('',(0.0,0.0,-1.0));
#2109=DIRECTION('',(0.0,-1.0,0.0));
#2110=ORIENTED_EDGE('',*,*,#3179,.T.);
#2111=ORIENTED_EDGE('',*,*,#3177,.F.);
#2112=ORIENTED_EDGE('',*,*,#3175,.F.);
#2113=ORIENTED_EDGE('',*,*,#3166,.T.);
#2114=CARTESIAN_POINT('',(5.79662815,1.55874685,8.2));
#2115=DIRECTION('',(0.0,0.0,-1.0));
#2116=DIRECTION('',(0.0,-1.0,0.0));
#2117=ORIENTED_EDGE('',*,*,#3085,.T.);
#2118=ORIENTED_EDGE('',*,*,#3172,.F.);
#2119=ORIENTED_EDGE('',*,*,#3174,.F.);
#2120=ORIENTED_EDGE('',*,*,#3061,.T.);
#2121=CARTESIAN_POINT('',(5.66,2.42374685,14.07000315));
#2122=DIRECTION('',(1.0,0.0,0.0));
#2123=DIRECTION('',(0.0,1.0,0.0));
#2124=ORIENTED_EDGE('',*,*,#3212,.T.);
#2125=ORIENTED_EDGE('',*,*,#3213,.F.);
#2126=ORIENTED_EDGE('',*,*,#3147,.F.);
#2127=ORIENTED_EDGE('',*,*,#3214,.F.);
#2128=ORIENTED_EDGE('',*,*,#3215,.F.);
#2129=CARTESIAN_POINT('',(7.565,-0.7,1.02));
#2130=DIRECTION('',(-1.0,0.0,0.0));
#2131=DIRECTION('',(0.0,0.0,1.0));
#2132=ORIENTED_EDGE('',*,*,#3215,.T.);
#2133=ORIENTED_EDGE('',*,*,#3216,.F.);
#2134=ORIENTED_EDGE('',*,*,#3217,.T.);
#2135=ORIENTED_EDGE('',*,*,#3218,.F.);
#2136=CARTESIAN_POINT('',(7.365,0.0,0.82));
#2137=DIRECTION('',(0.0,1.0,-0.0));
#2138=DIRECTION('',(-1.0,0.0,0.0));
#2139=ORIENTED_EDGE('',*,*,#3212,.F.);
#2140=ORIENTED_EDGE('',*,*,#3218,.T.);
#2141=ORIENTED_EDGE('',*,*,#3219,.T.);
#2142=ORIENTED_EDGE('',*,*,#3220,.T.);
#2143=ORIENTED_EDGE('',*,*,#3220,.F.);
#2144=ORIENTED_EDGE('',*,*,#3221,.F.);
#2145=ORIENTED_EDGE('',*,*,#3222,.T.);
#2146=ORIENTED_EDGE('',*,*,#3140,.F.);
#2147=ORIENTED_EDGE('',*,*,#3213,.T.);
#2148=CARTESIAN_POINT('',(7.315,-0.45,1.02));
#2149=DIRECTION('',(-0.0,0.0,1.0));
#2150=DIRECTION('',(1.0,0.0,0.0));
#2151=ORIENTED_EDGE('',*,*,#3223,.F.);
#2152=ORIENTED_EDGE('',*,*,#3224,.F.);
#2153=ORIENTED_EDGE('',*,*,#3141,.F.);
#2154=ORIENTED_EDGE('',*,*,#3222,.F.);
#2155=CARTESIAN_POINT('',(-0.715,-0.7,1.02));
#2156=DIRECTION('',(-0.0,1.0,0.0));
#2157=DIRECTION('',(1.0,0.0,0.0));
#2158=ORIENTED_EDGE('',*,*,#3225,.F.);
#2159=ORIENTED_EDGE('',*,*,#3226,.T.);
#2160=ORIENTED_EDGE('',*,*,#3142,.F.);
#2161=ORIENTED_EDGE('',*,*,#3224,.T.);
#2162=ORIENTED_EDGE('',*,*,#3227,.F.);
#2163=CARTESIAN_POINT('',(-0.465,-0.45,1.02));
#2164=DIRECTION('',(-0.0,0.0,1.0));
#2165=DIRECTION('',(1.0,0.0,0.0));
#2166=ORIENTED_EDGE('',*,*,#3228,.F.);
#2167=ORIENTED_EDGE('',*,*,#3227,.T.);
#2168=ORIENTED_EDGE('',*,*,#3223,.T.);
#2169=ORIENTED_EDGE('',*,*,#3221,.T.);
#2170=ORIENTED_EDGE('',*,*,#3219,.F.);
#2171=ORIENTED_EDGE('',*,*,#3229,.T.);
#2172=CARTESIAN_POINT('',(0.0,-0.4,0.72));
#2173=DIRECTION('',(1.0,-0.0,0.0));
#2174=DIRECTION('',(0.0,1.0,0.0));
#2175=ORIENTED_EDGE('',*,*,#3230,.F.);
#2176=ORIENTED_EDGE('',*,*,#3231,.T.);
#2177=ORIENTED_EDGE('',*,*,#3232,.F.);
#2178=ORIENTED_EDGE('',*,*,#3229,.F.);
#2179=ORIENTED_EDGE('',*,*,#3217,.F.);
#2180=ORIENTED_EDGE('',*,*,#3233,.T.);
#2181=ORIENTED_EDGE('',*,*,#3234,.F.);
#2182=ORIENTED_EDGE('',*,*,#3235,.F.);
#2183=ORIENTED_EDGE('',*,*,#3236,.T.);
#2184=ORIENTED_EDGE('',*,*,#3237,.F.);
#2185=ORIENTED_EDGE('',*,*,#3238,.F.);
#2186=ORIENTED_EDGE('',*,*,#3239,.T.);
#2187=ORIENTED_EDGE('',*,*,#3240,.F.);
#2188=CARTESIAN_POINT('',(0.0,0.0,1.02));
#2189=DIRECTION('',(0.0,0.0,1.0));
#2190=DIRECTION('',(1.0,0.0,0.0));
#2191=ORIENTED_EDGE('',*,*,#3241,.T.);
#2192=ORIENTED_EDGE('',*,*,#3242,.F.);
#2193=ORIENTED_EDGE('',*,*,#3240,.T.);
#2194=ORIENTED_EDGE('',*,*,#3243,.F.);
#2195=CARTESIAN_POINT('',(-0.3,0.0,1.32));
#2196=DIRECTION('',(0.0,-1.0,0.0));
#2197=DIRECTION('',(1.0,0.0,0.0));
#2198=ORIENTED_EDGE('',*,*,#3244,.T.);
#2199=ORIENTED_EDGE('',*,*,#3243,.T.);
#2200=ORIENTED_EDGE('',*,*,#3239,.F.);
#2201=ORIENTED_EDGE('',*,*,#3245,.T.);
#2202=CARTESIAN_POINT('',(0.2,0.2,1.32));
#2203=DIRECTION('',(0.0,0.0,1.0));
#2204=DIRECTION('',(-1.0,0.0,0.0));
#2205=ORIENTED_EDGE('',*,*,#3246,.T.);
#2206=ORIENTED_EDGE('',*,*,#3245,.F.);
#2207=ORIENTED_EDGE('',*,*,#3238,.T.);
#2208=ORIENTED_EDGE('',*,*,#3247,.T.);
#2209=CARTESIAN_POINT('',(0.0,-0.3,1.32));
#2210=DIRECTION('',(-1.0,-0.0,0.0));
#2211=DIRECTION('',(0.0,-1.0,0.0));
#2212=ORIENTED_EDGE('',*,*,#3247,.F.);
#2213=ORIENTED_EDGE('',*,*,#3248,.F.);
#2214=ORIENTED_EDGE('',*,*,#3249,.T.);
#2215=ORIENTED_EDGE('',*,*,#3031,.F.);
#2216=ORIENTED_EDGE('',*,*,#3250,.T.);
#2217=CARTESIAN_POINT('',(1.925,0.0,-0.765));
#2218=DIRECTION('',(-0.0,0.0,-1.0));
#2219=DIRECTION('',(-1.0,0.0,0.0));
#2220=ORIENTED_EDGE('',*,*,#3246,.F.);
#2221=ORIENTED_EDGE('',*,*,#3250,.F.);
#2222=ORIENTED_EDGE('',*,*,#3030,.F.);
#2223=ORIENTED_EDGE('',*,*,#3251,.F.);
#2224=CARTESIAN_POINT('',(6.85,0.0,8.415));
#2225=DIRECTION('',(0.0,-1.0,0.0));
#2226=DIRECTION('',(0.0,0.0,-1.0));
#2227=ORIENTED_EDGE('',*,*,#3244,.F.);
#2228=ORIENTED_EDGE('',*,*,#3251,.T.);
#2229=ORIENTED_EDGE('',*,*,#3029,.F.);
#2230=ORIENTED_EDGE('',*,*,#3252,.T.);
#2231=CARTESIAN_POINT('',(0.2,0.2,8.415));
#2232=DIRECTION('',(-0.0,0.0,1.0));
#2233=DIRECTION('',(1.0,0.0,0.0));
#2234=ORIENTED_EDGE('',*,*,#3241,.F.);
#2235=ORIENTED_EDGE('',*,*,#3252,.F.);
#2236=ORIENTED_EDGE('',*,*,#3028,.F.);
#2237=ORIENTED_EDGE('',*,*,#3253,.F.);
#2238=CARTESIAN_POINT('',(0.0,0.0,8.415));
#2239=DIRECTION('',(-1.0,0.0,0.0));
#2240=DIRECTION('',(0.0,0.0,1.0));
#2241=ORIENTED_EDGE('',*,*,#3254,.F.);
#2242=ORIENTED_EDGE('',*,*,#3253,.T.);
#2243=ORIENTED_EDGE('',*,*,#3027,.F.);
#2244=ORIENTED_EDGE('',*,*,#3255,.T.);
#2245=CARTESIAN_POINT('',(0.2,3.66,8.415));
#2246=DIRECTION('',(-0.0,0.0,1.0));
#2247=DIRECTION('',(1.0,0.0,0.0));
#2248=ORIENTED_EDGE('',*,*,#3256,.F.);
#2249=ORIENTED_EDGE('',*,*,#3257,.T.);
#2250=ORIENTED_EDGE('',*,*,#3255,.F.);
#2251=ORIENTED_EDGE('',*,*,#3026,.F.);
#2252=ORIENTED_EDGE('',*,*,#3258,.F.);
#2253=ORIENTED_EDGE('',*,*,#3259,.T.);
#2254=ORIENTED_EDGE('',*,*,#3260,.F.);
#2255=ORIENTED_EDGE('',*,*,#3261,.F.);
#2256=ORIENTED_EDGE('',*,*,#3145,.T.);
#2257=ORIENTED_EDGE('',*,*,#3262,.F.);
#2258=ORIENTED_EDGE('',*,*,#3263,.F.);
#2259=ORIENTED_EDGE('',*,*,#3264,.F.);
#2260=ORIENTED_EDGE('',*,*,#2869,.F.);
#2261=ORIENTED_EDGE('',*,*,#3265,.F.);
#2262=ORIENTED_EDGE('',*,*,#3266,.F.);
#2263=ORIENTED_EDGE('',*,*,#3267,.T.);
#2264=ORIENTED_EDGE('',*,*,#2873,.F.);
#2265=ORIENTED_EDGE('',*,*,#3268,.T.);
#2266=CARTESIAN_POINT('',(0.0,3.86,8.415));
#2267=DIRECTION('',(-0.0,1.0,0.0));
#2268=DIRECTION('',(1.0,0.0,0.0));
#2269=ORIENTED_EDGE('',*,*,#2872,.T.);
#2270=ORIENTED_EDGE('',*,*,#3269,.T.);
#2271=ORIENTED_EDGE('',*,*,#3270,.F.);
#2272=ORIENTED_EDGE('',*,*,#3271,.F.);
#2273=ORIENTED_EDGE('',*,*,#3272,.T.);
#2274=ORIENTED_EDGE('',*,*,#3273,.F.);
#2275=ORIENTED_EDGE('',*,*,#3274,.T.);
#2276=ORIENTED_EDGE('',*,*,#3275,.T.);
#2277=ORIENTED_EDGE('',*,*,#3276,.F.);
#2278=ORIENTED_EDGE('',*,*,#3277,.T.);
#2279=ORIENTED_EDGE('',*,*,#3278,.F.);
#2280=ORIENTED_EDGE('',*,*,#3279,.F.);
#2281=ORIENTED_EDGE('',*,*,#3280,.F.);
#2282=ORIENTED_EDGE('',*,*,#3281,.F.);
#2283=ORIENTED_EDGE('',*,*,#3282,.F.);
#2284=ORIENTED_EDGE('',*,*,#3283,.F.);
#2285=ORIENTED_EDGE('',*,*,#3284,.F.);
#2286=ORIENTED_EDGE('',*,*,#3268,.F.);
#2287=CARTESIAN_POINT('',(0.885,6.47,1.55));
#2288=DIRECTION('',(-0.999961923064171,0.0,0.00872653549837375));
#2289=DIRECTION('',(0.0,1.0,0.0));
#2290=ORIENTED_EDGE('',*,*,#3266,.T.);
#2291=ORIENTED_EDGE('',*,*,#3284,.T.);
#2292=ORIENTED_EDGE('',*,*,#3285,.T.);
#2293=ORIENTED_EDGE('',*,*,#3286,.F.);
#2294=CARTESIAN_POINT('',(5.965,3.936,5.574));
#2295=DIRECTION('',(-1.0,0.0,0.0));
#2296=DIRECTION('',(0.0,0.0,1.0));
#2297=ORIENTED_EDGE('',*,*,#3286,.T.);
#2298=ORIENTED_EDGE('',*,*,#3287,.T.);
#2299=ORIENTED_EDGE('',*,*,#3288,.T.);
#2300=ORIENTED_EDGE('',*,*,#3289,.T.);
#2301=ORIENTED_EDGE('',*,*,#3290,.T.);
#2302=ORIENTED_EDGE('',*,*,#3291,.T.);
#2303=ORIENTED_EDGE('',*,*,#3292,.T.);
#2304=ORIENTED_EDGE('',*,*,#3293,.T.);
#2305=ORIENTED_EDGE('',*,*,#3294,.T.);
#2306=ORIENTED_EDGE('',*,*,#2874,.T.);
#2307=ORIENTED_EDGE('',*,*,#3267,.F.);
#2308=CARTESIAN_POINT('',(1.975,0.0,0.0));
#2309=DIRECTION('',(1.0,0.0,0.0));
#2310=DIRECTION('',(0.0,1.0,0.0));
#2311=ORIENTED_EDGE('',*,*,#2871,.T.);
#2312=ORIENTED_EDGE('',*,*,#3294,.F.);
#2313=ORIENTED_EDGE('',*,*,#3295,.T.);
#2314=ORIENTED_EDGE('',*,*,#3269,.F.);
#2315=CARTESIAN_POINT('',(5.965,4.11547979213,7.055474320177));
#2316=DIRECTION('',(1.0,-0.0,0.0));
#2317=DIRECTION('',(0.0,0.0,-1.0));
#2318=ORIENTED_EDGE('',*,*,#3293,.F.);
#2319=ORIENTED_EDGE('',*,*,#3296,.F.);
#2320=ORIENTED_EDGE('',*,*,#3270,.T.);
#2321=ORIENTED_EDGE('',*,*,#3295,.F.);
#2322=CARTESIAN_POINT('',(5.965,4.370937696686,7.052130193021));
#2323=DIRECTION('',(0.0,-0.999914327574007,0.0130895955713401));
#2324=DIRECTION('',(-1.0,0.0,0.0));
#2325=ORIENTED_EDGE('',*,*,#3296,.T.);
#2326=ORIENTED_EDGE('',*,*,#3297,.T.);
#2327=ORIENTED_EDGE('',*,*,#3298,.T.);
#2328=ORIENTED_EDGE('',*,*,#3299,.F.);
#2329=ORIENTED_EDGE('',*,*,#3300,.F.);
#2330=ORIENTED_EDGE('',*,*,#3271,.T.);
#2331=CARTESIAN_POINT('',(5.965,4.42,10.8));
#2332=DIRECTION('',(0.0,-1.0,0.0));
#2333=DIRECTION('',(0.0,0.0,-1.0));
#2334=ORIENTED_EDGE('',*,*,#3300,.T.);
#2335=ORIENTED_EDGE('',*,*,#3301,.F.);
#2336=ORIENTED_EDGE('',*,*,#3302,.F.);
#2337=ORIENTED_EDGE('',*,*,#3272,.F.);
#2338=CARTESIAN_POINT('',(5.965,4.42,12.42));
#2339=DIRECTION('',(0.0,-0.573576436351011,0.819152044289016));
#2340=DIRECTION('',(-1.0,0.0,0.0));
#2341=ORIENTED_EDGE('',*,*,#3302,.T.);
#2342=ORIENTED_EDGE('',*,*,#3303,.F.);
#2343=ORIENTED_EDGE('',*,*,#3304,.F.);
#2344=ORIENTED_EDGE('',*,*,#3273,.T.);
#2345=CARTESIAN_POINT('',(5.965,5.405422124652,13.11));
#2346=DIRECTION('',(0.0,0.0,1.0));
#2347=DIRECTION('',(1.0,0.0,0.0));
#2348=ORIENTED_EDGE('',*,*,#3304,.T.);
#2349=ORIENTED_EDGE('',*,*,#3305,.F.);
#2350=ORIENTED_EDGE('',*,*,#3306,.F.);
#2351=ORIENTED_EDGE('',*,*,#3274,.F.);
#2352=CARTESIAN_POINT('',(5.965,5.821034178839,13.11));
#2353=DIRECTION('',(0.0,0.999914327574007,0.0130895955713401));
#2354=DIRECTION('',(1.0,0.0,-0.0));
#2355=ORIENTED_EDGE('',*,*,#3306,.T.);
#2356=ORIENTED_EDGE('',*,*,#3307,.F.);
#2357=ORIENTED_EDGE('',*,*,#3308,.F.);
#2358=ORIENTED_EDGE('',*,*,#3275,.F.);
#2359=CARTESIAN_POINT('',(5.965,5.92,5.55));
#2360=DIRECTION('',(0.0,0.707106781186548,0.707106781186548));
#2361=DIRECTION('',(1.0,0.0,-0.0));
#2362=ORIENTED_EDGE('',*,*,#3308,.T.);
#2363=ORIENTED_EDGE('',*,*,#3309,.F.);
#2364=ORIENTED_EDGE('',*,*,#3310,.F.);
#2365=ORIENTED_EDGE('',*,*,#3276,.T.);
#2366=CARTESIAN_POINT('',(5.965,6.07,5.4));
#2367=DIRECTION('',(-0.0,1.0,0.0));
#2368=DIRECTION('',(1.0,0.0,0.0));
#2369=ORIENTED_EDGE('',*,*,#3310,.T.);
#2370=ORIENTED_EDGE('',*,*,#3311,.F.);
#2371=ORIENTED_EDGE('',*,*,#3312,.F.);
#2372=ORIENTED_EDGE('',*,*,#3277,.F.);
#2373=CARTESIAN_POINT('',(5.965,6.07,2.95));
#2374=DIRECTION('',(0.0,0.707106781186548,0.707106781186548));
#2375=DIRECTION('',(1.0,0.0,-0.0));
#2376=ORIENTED_EDGE('',*,*,#3312,.T.);
#2377=ORIENTED_EDGE('',*,*,#3313,.F.);
#2378=ORIENTED_EDGE('',*,*,#3314,.F.);
#2379=ORIENTED_EDGE('',*,*,#3278,.T.);
#2380=CARTESIAN_POINT('',(5.965,6.47,2.55));
#2381=DIRECTION('',(-0.0,1.0,0.0));
#2382=DIRECTION('',(1.0,0.0,0.0));
#2383=ORIENTED_EDGE('',*,*,#3314,.T.);
#2384=ORIENTED_EDGE('',*,*,#3315,.F.);
#2385=ORIENTED_EDGE('',*,*,#3316,.F.);
#2386=ORIENTED_EDGE('',*,*,#3279,.T.);
#2387=CARTESIAN_POINT('',(5.965,6.47,1.55));
#2388=DIRECTION('',(0.0,0.0,-1.0));
#2389=DIRECTION('',(0.0,-1.0,0.0));
#2390=ORIENTED_EDGE('',*,*,#3317,.T.);
#2391=ORIENTED_EDGE('',*,*,#3290,.F.);
#2392=ORIENTED_EDGE('',*,*,#3318,.T.);
#2393=ORIENTED_EDGE('',*,*,#3280,.T.);
#2394=ORIENTED_EDGE('',*,*,#3316,.T.);
#2395=ORIENTED_EDGE('',*,*,#3319,.F.);
#2396=ORIENTED_EDGE('',*,*,#3320,.T.);
#2397=ORIENTED_EDGE('',*,*,#3321,.F.);
#2398=CARTESIAN_POINT('',(5.965,5.38,2.31));
#2399=DIRECTION('',(1.0,-0.0,0.0));
#2400=DIRECTION('',(0.0,0.0,-1.0));
#2401=ORIENTED_EDGE('',*,*,#3322,.F.);
#2402=ORIENTED_EDGE('',*,*,#3323,.T.);
#2403=ORIENTED_EDGE('',*,*,#3324,.F.);
#2404=ORIENTED_EDGE('',*,*,#3321,.T.);
#2405=ORIENTED_EDGE('',*,*,#3325,.F.);
#2406=ORIENTED_EDGE('',*,*,#3326,.T.);
#2407=ORIENTED_EDGE('',*,*,#3327,.F.);
#2408=ORIENTED_EDGE('',*,*,#3328,.T.);
#2409=ORIENTED_EDGE('',*,*,#3265,.T.);
#2410=ORIENTED_EDGE('',*,*,#2868,.T.);
#2411=ORIENTED_EDGE('',*,*,#3329,.T.);
#2412=CARTESIAN_POINT('',(4.875,0.0,0.0));
#2413=DIRECTION('',(1.0,0.0,0.0));
#2414=DIRECTION('',(0.0,1.0,0.0));
#2415=ORIENTED_EDGE('',*,*,#2867,.T.);
#2416=ORIENTED_EDGE('',*,*,#3330,.F.);
#2417=ORIENTED_EDGE('',*,*,#3331,.T.);
#2418=ORIENTED_EDGE('',*,*,#3329,.F.);
#2419=CARTESIAN_POINT('',(5.965,4.11547979213,7.055474320177));
#2420=DIRECTION('',(1.0,-0.0,0.0));
#2421=DIRECTION('',(0.0,0.0,-1.0));
#2422=ORIENTED_EDGE('',*,*,#3331,.F.);
#2423=ORIENTED_EDGE('',*,*,#3332,.F.);
#2424=ORIENTED_EDGE('',*,*,#3298,.F.);
#2425=ORIENTED_EDGE('',*,*,#3322,.T.);
#2426=CARTESIAN_POINT('',(5.965,4.370937696686,7.052130193021));
#2427=DIRECTION('',(0.0,-0.999914327574007,0.0130895955713401));
#2428=DIRECTION('',(-1.0,0.0,0.0));
#2429=ORIENTED_EDGE('',*,*,#3333,.F.);
#2430=ORIENTED_EDGE('',*,*,#3334,.T.);
#2431=ORIENTED_EDGE('',*,*,#3335,.F.);
#2432=ORIENTED_EDGE('',*,*,#3336,.T.);
#2433=ORIENTED_EDGE('',*,*,#3319,.T.);
#2434=ORIENTED_EDGE('',*,*,#3315,.T.);
#2435=ORIENTED_EDGE('',*,*,#3313,.T.);
#2436=ORIENTED_EDGE('',*,*,#3311,.T.);
#2437=ORIENTED_EDGE('',*,*,#3309,.T.);
#2438=ORIENTED_EDGE('',*,*,#3307,.T.);
#2439=ORIENTED_EDGE('',*,*,#3305,.T.);
#2440=ORIENTED_EDGE('',*,*,#3303,.T.);
#2441=ORIENTED_EDGE('',*,*,#3301,.T.);
#2442=ORIENTED_EDGE('',*,*,#3299,.T.);
#2443=ORIENTED_EDGE('',*,*,#3332,.T.);
#2444=ORIENTED_EDGE('',*,*,#3330,.T.);
#2445=ORIENTED_EDGE('',*,*,#2870,.T.);
#2446=ORIENTED_EDGE('',*,*,#3264,.T.);
#2447=CARTESIAN_POINT('',(5.965,6.47,1.55));
#2448=DIRECTION('',(0.999961923064171,0.0,0.00872653549837375));
#2449=DIRECTION('',(0.0,-1.0,0.0));
#2450=ORIENTED_EDGE('',*,*,#3337,.F.);
#2451=ORIENTED_EDGE('',*,*,#3325,.T.);
#2452=ORIENTED_EDGE('',*,*,#3320,.F.);
#2453=ORIENTED_EDGE('',*,*,#3336,.F.);
#2454=CARTESIAN_POINT('',(5.965,4.62,2.31));
#2455=DIRECTION('',(0.0,-1.0,0.0));
#2456=DIRECTION('',(0.0,0.0,-1.0));
#2457=ORIENTED_EDGE('',*,*,#3338,.T.);
#2458=ORIENTED_EDGE('',*,*,#3326,.F.);
#2459=ORIENTED_EDGE('',*,*,#3337,.T.);
#2460=ORIENTED_EDGE('',*,*,#3335,.T.);
#2461=CARTESIAN_POINT('',(5.965,4.544,5.574));
#2462=DIRECTION('',(-1.0,0.0,0.0));
#2463=DIRECTION('',(0.0,0.0,1.0));
#2464=ORIENTED_EDGE('',*,*,#3338,.F.);
#2465=ORIENTED_EDGE('',*,*,#3334,.F.);
#2466=ORIENTED_EDGE('',*,*,#3339,.F.);
#2467=ORIENTED_EDGE('',*,*,#3327,.T.);
#2468=CARTESIAN_POINT('',(5.965,4.62,5.65));
#2469=DIRECTION('',(0.0,0.0,-1.0));
#2470=DIRECTION('',(0.0,-1.0,0.0));
#2471=ORIENTED_EDGE('',*,*,#3263,.T.);
#2472=ORIENTED_EDGE('',*,*,#3328,.F.);
#2473=ORIENTED_EDGE('',*,*,#3339,.T.);
#2474=ORIENTED_EDGE('',*,*,#3333,.T.);
#2475=CARTESIAN_POINT('',(5.965,3.936,5.574));
#2476=DIRECTION('',(-1.0,0.0,0.0));
#2477=DIRECTION('',(0.0,0.0,1.0));
#2478=ORIENTED_EDGE('',*,*,#3340,.T.);
#2479=ORIENTED_EDGE('',*,*,#3291,.F.);
#2480=ORIENTED_EDGE('',*,*,#3317,.F.);
#2481=ORIENTED_EDGE('',*,*,#3324,.T.);
#2482=CARTESIAN_POINT('',(4.875,5.3,0.0));
#2483=DIRECTION('',(0.0,-1.0,0.0));
#2484=DIRECTION('',(0.0,0.0,-1.0));
#2485=ORIENTED_EDGE('',*,*,#3340,.F.);
#2486=ORIENTED_EDGE('',*,*,#3323,.F.);
#2487=ORIENTED_EDGE('',*,*,#3297,.F.);
#2488=ORIENTED_EDGE('',*,*,#3292,.F.);
#2489=CARTESIAN_POINT('',(4.875,5.3,10.90805041359));
#2490=DIRECTION('',(0.0,0.121869343405103,-0.992546151641327));
#2491=DIRECTION('',(-1.0,0.0,0.0));
#2492=ORIENTED_EDGE('',*,*,#3341,.F.);
#2493=ORIENTED_EDGE('',*,*,#3281,.T.);
#2494=ORIENTED_EDGE('',*,*,#3318,.F.);
#2495=ORIENTED_EDGE('',*,*,#3289,.F.);
#2496=CARTESIAN_POINT('',(5.965,4.62,2.31));
#2497=DIRECTION('',(0.0,-1.0,0.0));
#2498=DIRECTION('',(0.0,0.0,-1.0));
#2499=ORIENTED_EDGE('',*,*,#3342,.T.);
#2500=ORIENTED_EDGE('',*,*,#3282,.T.);
#2501=ORIENTED_EDGE('',*,*,#3341,.T.);
#2502=ORIENTED_EDGE('',*,*,#3288,.F.);
#2503=CARTESIAN_POINT('',(5.965,4.544,5.574));
#2504=DIRECTION('',(-1.0,0.0,0.0));
#2505=DIRECTION('',(0.0,0.0,1.0));
#2506=ORIENTED_EDGE('',*,*,#3342,.F.);
#2507=ORIENTED_EDGE('',*,*,#3287,.F.);
#2508=ORIENTED_EDGE('',*,*,#3285,.F.);
#2509=ORIENTED_EDGE('',*,*,#3283,.T.);
#2510=CARTESIAN_POINT('',(5.965,4.62,5.65));
#2511=DIRECTION('',(0.0,0.0,-1.0));
#2512=DIRECTION('',(0.0,-1.0,0.0));
#2513=ORIENTED_EDGE('',*,*,#3343,.F.);
#2514=ORIENTED_EDGE('',*,*,#3262,.T.);
#2515=ORIENTED_EDGE('',*,*,#3144,.F.);
#2516=ORIENTED_EDGE('',*,*,#3344,.T.);
#2517=CARTESIAN_POINT('',(-0.465,3.61,1.02));
#2518=DIRECTION('',(-0.0,0.0,-1.0));
#2519=DIRECTION('',(-1.0,0.0,0.0));
#2520=ORIENTED_EDGE('',*,*,#3345,.T.);
#2521=ORIENTED_EDGE('',*,*,#3346,.F.);
#2522=ORIENTED_EDGE('',*,*,#3344,.F.);
#2523=ORIENTED_EDGE('',*,*,#3143,.F.);
#2524=ORIENTED_EDGE('',*,*,#3226,.F.);
#2525=CARTESIAN_POINT('',(-0.715,3.86,1.02));
#2526=DIRECTION('',(1.0,0.0,0.0));
#2527=DIRECTION('',(0.0,1.0,0.0));
#2528=ORIENTED_EDGE('',*,*,#3232,.T.);
#2529=ORIENTED_EDGE('',*,*,#3347,.F.);
#2530=ORIENTED_EDGE('',*,*,#3346,.T.);
#2531=ORIENTED_EDGE('',*,*,#3348,.F.);
#2532=CARTESIAN_POINT('',(-0.515,0.0,0.82));
#2533=DIRECTION('',(0.0,-1.0,0.0));
#2534=DIRECTION('',(1.0,0.0,0.0));
#2535=ORIENTED_EDGE('',*,*,#3228,.T.);
#2536=ORIENTED_EDGE('',*,*,#3348,.T.);
#2537=ORIENTED_EDGE('',*,*,#3345,.F.);
#2538=ORIENTED_EDGE('',*,*,#3225,.T.);
#2539=ORIENTED_EDGE('',*,*,#3231,.F.);
#2540=ORIENTED_EDGE('',*,*,#3349,.T.);
#2541=ORIENTED_EDGE('',*,*,#3343,.T.);
#2542=ORIENTED_EDGE('',*,*,#3347,.T.);
#2543=ORIENTED_EDGE('',*,*,#3230,.T.);
#2544=ORIENTED_EDGE('',*,*,#3350,.F.);
#2545=ORIENTED_EDGE('',*,*,#3256,.T.);
#2546=ORIENTED_EDGE('',*,*,#3349,.F.);
#2547=CARTESIAN_POINT('',(0.0,3.66,0.82));
#2548=DIRECTION('',(1.0,-0.0,0.0));
#2549=DIRECTION('',(0.0,0.0,-1.0));
#2550=ORIENTED_EDGE('',*,*,#3350,.T.);
#2551=ORIENTED_EDGE('',*,*,#3242,.T.);
#2552=ORIENTED_EDGE('',*,*,#3254,.T.);
#2553=ORIENTED_EDGE('',*,*,#3257,.F.);
#2554=CARTESIAN_POINT('',(-0.3,3.66,1.32));
#2555=DIRECTION('',(0.0,1.0,0.0));
#2556=DIRECTION('',(0.0,0.0,-1.0));
#2557=ORIENTED_EDGE('',*,*,#3351,.F.);
#2558=ORIENTED_EDGE('',*,*,#3214,.T.);
#2559=ORIENTED_EDGE('',*,*,#3146,.F.);
#2560=ORIENTED_EDGE('',*,*,#3261,.T.);
#2561=CARTESIAN_POINT('',(7.315,3.61,8.415));
#2562=DIRECTION('',(-0.0,0.0,-1.0));
#2563=DIRECTION('',(-1.0,0.0,0.0));
#2564=ORIENTED_EDGE('',*,*,#3351,.T.);
#2565=ORIENTED_EDGE('',*,*,#3352,.T.);
#2566=ORIENTED_EDGE('',*,*,#3233,.F.);
#2567=ORIENTED_EDGE('',*,*,#3216,.T.);
#2568=ORIENTED_EDGE('',*,*,#3234,.T.);
#2569=ORIENTED_EDGE('',*,*,#3352,.F.);
#2570=ORIENTED_EDGE('',*,*,#3260,.T.);
#2571=ORIENTED_EDGE('',*,*,#3353,.F.);
#2572=CARTESIAN_POINT('',(0.0,3.66,0.82));
#2573=DIRECTION('',(1.0,-0.0,0.0));
#2574=DIRECTION('',(0.0,0.0,-1.0));
#2575=ORIENTED_EDGE('',*,*,#3353,.T.);
#2576=ORIENTED_EDGE('',*,*,#3259,.F.);
#2577=ORIENTED_EDGE('',*,*,#3354,.T.);
#2578=ORIENTED_EDGE('',*,*,#3355,.T.);
#2579=CARTESIAN_POINT('',(7.15,3.66,1.32));
#2580=DIRECTION('',(0.0,1.0,0.0));
#2581=DIRECTION('',(0.0,0.0,-1.0));
#2582=ORIENTED_EDGE('',*,*,#3356,.T.);
#2583=ORIENTED_EDGE('',*,*,#3357,.F.);
#2584=ORIENTED_EDGE('',*,*,#3235,.T.);
#2585=ORIENTED_EDGE('',*,*,#3355,.F.);
#2586=CARTESIAN_POINT('',(7.15,0.0,1.32));
#2587=DIRECTION('',(0.0,-1.0,0.0));
#2588=DIRECTION('',(1.0,0.0,0.0));
#2589=ORIENTED_EDGE('',*,*,#3358,.T.);
#2590=ORIENTED_EDGE('',*,*,#3359,.T.);
#2591=ORIENTED_EDGE('',*,*,#3236,.F.);
#2592=ORIENTED_EDGE('',*,*,#3357,.T.);
#2593=CARTESIAN_POINT('',(6.65,0.2,1.32));
#2594=DIRECTION('',(0.0,0.0,1.0));
#2595=DIRECTION('',(-1.0,0.0,0.0));
#2596=ORIENTED_EDGE('',*,*,#3360,.T.);
#2597=ORIENTED_EDGE('',*,*,#3248,.T.);
#2598=ORIENTED_EDGE('',*,*,#3237,.T.);
#2599=ORIENTED_EDGE('',*,*,#3359,.F.);
#2600=CARTESIAN_POINT('',(0.0,-0.3,1.32));
#2601=DIRECTION('',(-1.0,-0.0,0.0));
#2602=DIRECTION('',(0.0,-1.0,0.0));
#2603=ORIENTED_EDGE('',*,*,#3360,.F.);
#2604=ORIENTED_EDGE('',*,*,#3361,.F.);
#2605=ORIENTED_EDGE('',*,*,#3032,.F.);
#2606=ORIENTED_EDGE('',*,*,#3249,.F.);
#2607=CARTESIAN_POINT('',(6.85,0.0,8.415));
#2608=DIRECTION('',(0.0,-1.0,0.0));
#2609=DIRECTION('',(0.0,0.0,-1.0));
#2610=ORIENTED_EDGE('',*,*,#3358,.F.);
#2611=ORIENTED_EDGE('',*,*,#3362,.T.);
#2612=ORIENTED_EDGE('',*,*,#3033,.F.);
#2613=ORIENTED_EDGE('',*,*,#3361,.T.);
#2614=CARTESIAN_POINT('',(6.65,0.2,8.415));
#2615=DIRECTION('',(-0.0,0.0,1.0));
#2616=DIRECTION('',(1.0,0.0,0.0));
#2617=ORIENTED_EDGE('',*,*,#3356,.F.);
#2618=ORIENTED_EDGE('',*,*,#3363,.F.);
#2619=ORIENTED_EDGE('',*,*,#3034,.F.);
#2620=ORIENTED_EDGE('',*,*,#3362,.F.);
#2621=CARTESIAN_POINT('',(6.85,3.86,8.415));
#2622=DIRECTION('',(1.0,0.0,0.0));
#2623=DIRECTION('',(0.0,1.0,0.0));
#2624=ORIENTED_EDGE('',*,*,#3354,.F.);
#2625=ORIENTED_EDGE('',*,*,#3258,.T.);
#2626=ORIENTED_EDGE('',*,*,#3025,.F.);
#2627=ORIENTED_EDGE('',*,*,#3363,.T.);
#2628=CARTESIAN_POINT('',(6.65,3.66,8.415));
#2629=DIRECTION('',(-0.0,0.0,1.0));
#2630=DIRECTION('',(1.0,0.0,0.0));
#2631=ORIENTED_EDGE('',*,*,#3080,.F.);
#2632=ORIENTED_EDGE('',*,*,#3078,.F.);
#2633=ORIENTED_EDGE('',*,*,#3114,.F.);
#2634=ORIENTED_EDGE('',*,*,#3086,.T.);
#2635=CARTESIAN_POINT('',(4.18662185,2.42374685,11.2));
#2636=DIRECTION('',(0.0,0.0,-1.0));
#2637=DIRECTION('',(0.0,-1.0,0.0));
#2638=ORIENTED_EDGE('',*,*,#3108,.F.);
#2639=ORIENTED_EDGE('',*,*,#3364,.F.);
#2640=ORIENTED_EDGE('',*,*,#3090,.F.);
#2641=ORIENTED_EDGE('',*,*,#3110,.F.);
#2642=CARTESIAN_POINT('',(3.4309976,3.16,3.9));
#2643=DIRECTION('',(0.0,-0.972387301980522,-0.233372952475305));
#2644=DIRECTION('',(0.0,0.233372952475305,-0.972387301980522));
#2645=ORIENTED_EDGE('',*,*,#3093,.T.);
#2646=ORIENTED_EDGE('',*,*,#3364,.T.);
#2647=ORIENTED_EDGE('',*,*,#3107,.F.);
#2648=CARTESIAN_POINT('',(5.13,3.16,3.9));
#2649=DIRECTION('',(-0.999297615709181,0.0,0.0374736605890893));
#2650=DIRECTION('',(0.0,1.0,0.0));
#2651=ORIENTED_EDGE('',*,*,#3365,.F.);
#2652=ORIENTED_EDGE('',*,*,#3366,.F.);
#2653=ORIENTED_EDGE('',*,*,#2954,.T.);
#2654=ORIENTED_EDGE('',*,*,#3367,.T.);
#2655=ORIENTED_EDGE('',*,*,#3368,.F.);
#2656=ORIENTED_EDGE('',*,*,#3008,.F.);
#2657=CARTESIAN_POINT('',(1.05337185,2.43,14.14500315));
#2658=DIRECTION('',(-0.0,1.0,0.0));
#2659=DIRECTION('',(1.0,0.0,0.0));
#2660=ORIENTED_EDGE('',*,*,#3368,.T.);
#2661=ORIENTED_EDGE('',*,*,#3369,.T.);
#2662=ORIENTED_EDGE('',*,*,#2884,.F.);
#2663=ORIENTED_EDGE('',*,*,#3000,.F.);
#2664=CARTESIAN_POINT('',(1.19,2.42374685,14.07000315));
#2665=DIRECTION('',(-1.0,0.0,0.0));
#2666=DIRECTION('',(0.0,0.0,1.0));
#2667=ORIENTED_EDGE('',*,*,#3369,.F.);
#2668=ORIENTED_EDGE('',*,*,#3367,.F.);
#2669=ORIENTED_EDGE('',*,*,#2953,.F.);
#2670=ORIENTED_EDGE('',*,*,#2885,.T.);
#2671=CARTESIAN_POINT('',(1.18662185,2.42374685,11.2));
#2672=DIRECTION('',(0.0,0.0,-1.0));
#2673=DIRECTION('',(0.0,-1.0,0.0));
#2674=ORIENTED_EDGE('',*,*,#3366,.T.);
#2675=ORIENTED_EDGE('',*,*,#3370,.T.);
#2676=ORIENTED_EDGE('',*,*,#3371,.T.);
#2677=ORIENTED_EDGE('',*,*,#2955,.F.);
#2678=CARTESIAN_POINT('',(1.05337185,1.55874685,8.2));
#2679=DIRECTION('',(0.0,0.0,-1.0));
#2680=DIRECTION('',(0.0,-1.0,0.0));
#2681=ORIENTED_EDGE('',*,*,#3372,.F.);
#2682=ORIENTED_EDGE('',*,*,#2956,.T.);
#2683=ORIENTED_EDGE('',*,*,#3371,.F.);
#2684=ORIENTED_EDGE('',*,*,#3373,.T.);
#2685=ORIENTED_EDGE('',*,*,#3006,.F.);
#2686=ORIENTED_EDGE('',*,*,#3374,.T.);
#2687=CARTESIAN_POINT('',(1.33162815,1.58,14.14500315));
#2688=DIRECTION('',(0.0,-1.0,0.0));
#2689=DIRECTION('',(0.0,0.0,-1.0));
#2690=ORIENTED_EDGE('',*,*,#3375,.F.);
#2691=ORIENTED_EDGE('',*,*,#3376,.T.);
#2692=ORIENTED_EDGE('',*,*,#3374,.F.);
#2693=ORIENTED_EDGE('',*,*,#3005,.F.);
#2694=CARTESIAN_POINT('',(1.19,1.37499685,14.07000315));
#2695=DIRECTION('',(-1.0,0.0,0.0));
#2696=DIRECTION('',(0.0,0.0,1.0));
#2697=ORIENTED_EDGE('',*,*,#3372,.T.);
#2698=ORIENTED_EDGE('',*,*,#3376,.F.);
#2699=ORIENTED_EDGE('',*,*,#3377,.F.);
#2700=ORIENTED_EDGE('',*,*,#2957,.F.);
#2701=CARTESIAN_POINT('',(1.18662185,1.37499685,11.2));
#2702=DIRECTION('',(0.0,0.0,-1.0));
#2703=DIRECTION('',(0.0,-1.0,0.0));
#2704=ORIENTED_EDGE('',*,*,#3377,.T.);
#2705=ORIENTED_EDGE('',*,*,#3375,.T.);
#2706=ORIENTED_EDGE('',*,*,#3004,.F.);
#2707=ORIENTED_EDGE('',*,*,#2972,.T.);
#2708=CARTESIAN_POINT('',(1.32837815,1.38,14.07000315));
#2709=DIRECTION('',(0.0,-1.0,0.0));
#2710=DIRECTION('',(0.0,0.0,-1.0));
#2711=ORIENTED_EDGE('',*,*,#3373,.F.);
#2712=ORIENTED_EDGE('',*,*,#3370,.F.);
#2713=ORIENTED_EDGE('',*,*,#3365,.T.);
#2714=ORIENTED_EDGE('',*,*,#3007,.F.);
#2715=CARTESIAN_POINT('',(1.06,1.55874685,14.14500315));
#2716=DIRECTION('',(-1.0,0.0,0.0));
#2717=DIRECTION('',(0.0,0.0,1.0));
#2718=ORIENTED_EDGE('',*,*,#3378,.F.);
#2719=ORIENTED_EDGE('',*,*,#3379,.T.);
#2720=ORIENTED_EDGE('',*,*,#2988,.F.);
#2721=ORIENTED_EDGE('',*,*,#3003,.T.);
#2722=CARTESIAN_POINT('',(2.79,1.55874685,14.14500315));
#2723=DIRECTION('',(1.0,0.0,0.0));
#2724=DIRECTION('',(0.0,1.0,0.0));
#2725=ORIENTED_EDGE('',*,*,#2989,.T.);
#2726=ORIENTED_EDGE('',*,*,#3379,.F.);
#2727=ORIENTED_EDGE('',*,*,#3380,.F.);
#2728=ORIENTED_EDGE('',*,*,#2919,.T.);
#2729=CARTESIAN_POINT('',(2.79662815,1.55874685,8.2));
#2730=DIRECTION('',(0.0,0.0,-1.0));
#2731=DIRECTION('',(0.0,-1.0,0.0));
#2732=ORIENTED_EDGE('',*,*,#3381,.T.);
#2733=ORIENTED_EDGE('',*,*,#3382,.F.);
#2734=ORIENTED_EDGE('',*,*,#2920,.F.);
#2735=ORIENTED_EDGE('',*,*,#3380,.T.);
#2736=ORIENTED_EDGE('',*,*,#3378,.T.);
#2737=ORIENTED_EDGE('',*,*,#3002,.T.);
#2738=CARTESIAN_POINT('',(2.79662815,2.43,14.14500315));
#2739=DIRECTION('',(-0.0,1.0,0.0));
#2740=DIRECTION('',(1.0,0.0,0.0));
#2741=ORIENTED_EDGE('',*,*,#3383,.T.);
#2742=ORIENTED_EDGE('',*,*,#2881,.F.);
#2743=ORIENTED_EDGE('',*,*,#2921,.T.);
#2744=ORIENTED_EDGE('',*,*,#3382,.T.);
#2745=CARTESIAN_POINT('',(2.66337815,2.42374685,11.2));
#2746=DIRECTION('',(0.0,0.0,-1.0));
#2747=DIRECTION('',(0.0,-1.0,0.0));
#2748=ORIENTED_EDGE('',*,*,#2882,.T.);
#2749=ORIENTED_EDGE('',*,*,#3383,.F.);
#2750=ORIENTED_EDGE('',*,*,#3381,.F.);
#2751=ORIENTED_EDGE('',*,*,#3001,.T.);
#2752=CARTESIAN_POINT('',(2.66,2.42374685,14.07000315));
#2753=DIRECTION('',(1.0,0.0,0.0));
#2754=DIRECTION('',(0.0,1.0,0.0));
#2755=ORIENTED_EDGE('',*,*,#2947,.F.);
#2756=ORIENTED_EDGE('',*,*,#2975,.F.);
#2757=ORIENTED_EDGE('',*,*,#2914,.T.);
#2758=ORIENTED_EDGE('',*,*,#3384,.F.);
#2759=ORIENTED_EDGE('',*,*,#2932,.F.);
#2760=CARTESIAN_POINT('',(2.525,0.59,5.9));
#2761=DIRECTION('',(-0.951731040552373,0.0,-0.306933260578091));
#2762=DIRECTION('',(-0.306933260578091,0.0,0.951731040552373));
#2763=ORIENTED_EDGE('',*,*,#3384,.T.);
#2764=ORIENTED_EDGE('',*,*,#2913,.T.);
#2765=ORIENTED_EDGE('',*,*,#2929,.T.);
#2766=ORIENTED_EDGE('',*,*,#2933,.F.);
#2767=CARTESIAN_POINT('',(2.525,1.54,5.9));
#2768=DIRECTION('',(-0.0,1.0,0.0));
#2769=DIRECTION('',(1.0,0.0,0.0));
#2770=ORIENTED_EDGE('',*,*,#2952,.F.);
#2771=ORIENTED_EDGE('',*,*,#2893,.F.);
#2772=ORIENTED_EDGE('',*,*,#2875,.F.);
#2773=ORIENTED_EDGE('',*,*,#2887,.F.);
#2774=CARTESIAN_POINT('',(1.31699685,2.66999685,7.2));
#2775=DIRECTION('',(0.0,0.0,1.0));
#2776=DIRECTION('',(1.0,0.0,0.0));
#2777=ORIENTED_EDGE('',*,*,#3385,.T.);
#2778=ORIENTED_EDGE('',*,*,#3386,.F.);
#2779=ORIENTED_EDGE('',*,*,#3387,.F.);
#2780=ORIENTED_EDGE('',*,*,#3388,.F.);
#2781=CARTESIAN_POINT('',(1.925410750344,1.930405801544,-150.0));
#2782=DIRECTION('',(-0.0,0.0,-1.0));
#2783=DIRECTION('',(-1.0,0.0,0.0));
#2784=ORIENTED_EDGE('',*,*,#3388,.T.);
#2785=ORIENTED_EDGE('',*,*,#3389,.T.);
#2786=ORIENTED_EDGE('',*,*,#3390,.T.);
#2787=ORIENTED_EDGE('',*,*,#3391,.T.);
#2788=CARTESIAN_POINT('',(1.925410750344,1.930405801544,-150.0));
#2789=DIRECTION('',(0.0,0.0,-1.0));
#2790=DIRECTION('',(0.0,-1.0,0.0));
#2791=ORIENTED_EDGE('',*,*,#3387,.T.);
#2792=ORIENTED_EDGE('',*,*,#3392,.F.);
#2793=ORIENTED_EDGE('',*,*,#3385,.F.);
#2794=ORIENTED_EDGE('',*,*,#3389,.F.);
#2795=CARTESIAN_POINT('',(1.925410750344,1.930405801544,-150.0));
#2796=DIRECTION('',(-0.0,0.0,-1.0));
#2797=DIRECTION('',(-1.0,0.0,0.0));
#2798=ORIENTED_EDGE('',*,*,#3392,.T.);
#2799=ORIENTED_EDGE('',*,*,#3386,.T.);
#2800=CARTESIAN_POINT('',(1.925410750344,1.930405801544,2.0));
#2801=DIRECTION('',(0.0,0.0,-1.0));
#2802=DIRECTION('',(0.0,-1.0,0.0));
#2803=ORIENTED_EDGE('',*,*,#3393,.F.);
#2804=ORIENTED_EDGE('',*,*,#3394,.F.);
#2805=ORIENTED_EDGE('',*,*,#3395,.T.);
#2806=ORIENTED_EDGE('',*,*,#3391,.F.);
#2807=CARTESIAN_POINT('',(1.925410750344,1.930405801544,-155.0));
#2808=DIRECTION('',(-0.0,0.0,-1.0));
#2809=DIRECTION('',(-1.0,0.0,0.0));
#2810=ORIENTED_EDGE('',*,*,#3395,.F.);
#2811=ORIENTED_EDGE('',*,*,#3396,.F.);
#2812=ORIENTED_EDGE('',*,*,#3393,.T.);
#2813=ORIENTED_EDGE('',*,*,#3390,.F.);
#2814=CARTESIAN_POINT('',(1.925410750344,1.930405801544,-155.0));
#2815=DIRECTION('',(-0.0,0.0,-1.0));
#2816=DIRECTION('',(-1.0,0.0,0.0));
#2817=ORIENTED_EDGE('',*,*,#3396,.T.);
#2818=ORIENTED_EDGE('',*,*,#3394,.T.);
#2819=CARTESIAN_POINT('',(1.925410750344,1.930405801544,-155.0));
#2820=DIRECTION('',(0.0,0.0,-1.0));
#2821=DIRECTION('',(0.0,-1.0,0.0));
#2822=ORIENTED_EDGE('',*,*,#3397,.T.);
#2823=ORIENTED_EDGE('',*,*,#3398,.F.);
#2824=ORIENTED_EDGE('',*,*,#3399,.F.);
#2825=ORIENTED_EDGE('',*,*,#3400,.F.);
#2826=CARTESIAN_POINT('',(4.925410750344,1.930405801544,-150.0));
#2827=DIRECTION('',(-0.0,0.0,-1.0));
#2828=DIRECTION('',(-1.0,0.0,0.0));
#2829=ORIENTED_EDGE('',*,*,#3400,.T.);
#2830=ORIENTED_EDGE('',*,*,#3401,.T.);
#2831=ORIENTED_EDGE('',*,*,#3402,.T.);
#2832=ORIENTED_EDGE('',*,*,#3403,.T.);
#2833=CARTESIAN_POINT('',(4.925410750344,1.930405801544,-150.0));
#2834=DIRECTION('',(0.0,0.0,-1.0));
#2835=DIRECTION('',(0.0,-1.0,0.0));
#2836=ORIENTED_EDGE('',*,*,#3399,.T.);
#2837=ORIENTED_EDGE('',*,*,#3404,.F.);
#2838=ORIENTED_EDGE('',*,*,#3397,.F.);
#2839=ORIENTED_EDGE('',*,*,#3401,.F.);
#2840=CARTESIAN_POINT('',(4.925410750344,1.930405801544,-150.0));
#2841=DIRECTION('',(-0.0,0.0,-1.0));
#2842=DIRECTION('',(-1.0,0.0,0.0));
#2843=ORIENTED_EDGE('',*,*,#3404,.T.);
#2844=ORIENTED_EDGE('',*,*,#3398,.T.);
#2845=CARTESIAN_POINT('',(4.925410750344,1.930405801544,2.0));
#2846=DIRECTION('',(0.0,0.0,-1.0));
#2847=DIRECTION('',(0.0,-1.0,0.0));
#2848=ORIENTED_EDGE('',*,*,#3405,.F.);
#2849=ORIENTED_EDGE('',*,*,#3406,.F.);
#2850=ORIENTED_EDGE('',*,*,#3407,.T.);
#2851=ORIENTED_EDGE('',*,*,#3403,.F.);
#2852=CARTESIAN_POINT('',(4.925410750344,1.930405801544,-155.0));
#2853=DIRECTION('',(-0.0,0.0,-1.0));
#2854=DIRECTION('',(-1.0,0.0,0.0));
#2855=ORIENTED_EDGE('',*,*,#3407,.F.);
#2856=ORIENTED_EDGE('',*,*,#3408,.F.);
#2857=ORIENTED_EDGE('',*,*,#3405,.T.);
#2858=ORIENTED_EDGE('',*,*,#3402,.F.);
#2859=CARTESIAN_POINT('',(4.925410750344,1.930405801544,-155.0));
#2860=DIRECTION('',(-0.0,0.0,-1.0));
#2861=DIRECTION('',(-1.0,0.0,0.0));
#2862=ORIENTED_EDGE('',*,*,#3408,.T.);
#2863=ORIENTED_EDGE('',*,*,#3406,.T.);
#2864=CARTESIAN_POINT('',(4.925410750344,1.930405801544,-155.0));
#2865=DIRECTION('',(0.0,0.0,-1.0));
#2866=DIRECTION('',(0.0,-1.0,0.0));
#2867=EDGE_CURVE('',#3409,#3410,#3411,.T.);
#2868=EDGE_CURVE('',#3412,#3409,#3413,.T.);
#2869=EDGE_CURVE('',#3412,#3414,#3415,.T.);
#2870=EDGE_CURVE('',#3410,#3414,#3416,.T.);
#2871=EDGE_CURVE('',#3417,#3418,#3419,.T.);
#2872=EDGE_CURVE('',#3420,#3417,#3421,.T.);
#2873=EDGE_CURVE('',#3420,#3422,#3423,.T.);
#2874=EDGE_CURVE('',#3418,#3422,#3424,.T.);
#2875=EDGE_CURVE('',#3425,#3426,#3427,.T.);
#2876=EDGE_CURVE('',#3428,#3426,#3429,.T.);
#2877=EDGE_CURVE('',#3428,#3430,#3431,.T.);
#2878=EDGE_CURVE('',#3430,#3425,#3432,.T.);
#2879=EDGE_CURVE('',#3433,#3434,#3435,.T.);
#2880=EDGE_CURVE('',#3436,#3434,#3437,.T.);
#2881=EDGE_CURVE('',#3436,#3438,#3439,.T.);
#2882=EDGE_CURVE('',#3440,#3438,#3441,.T.);
#2883=EDGE_CURVE('',#3442,#3440,#3443,.T.);
#2884=EDGE_CURVE('',#3442,#3444,#3445,.T.);
#2885=EDGE_CURVE('',#3446,#3444,#3447,.T.);
#2886=EDGE_CURVE('',#3448,#3446,#3449,.T.);
#2887=EDGE_CURVE('',#3448,#3425,#3450,.T.);
#2888=EDGE_CURVE('',#3430,#3451,#3452,.T.);
#2889=EDGE_CURVE('',#3451,#3433,#3453,.T.);
#2890=EDGE_CURVE('',#3454,#3433,#3455,.T.);
#2891=EDGE_CURVE('',#3456,#3451,#3457,.T.);
#2892=EDGE_CURVE('',#3456,#3454,#3458,.T.);
#2893=EDGE_CURVE('',#3426,#3459,#3460,.T.);
#2894=EDGE_CURVE('',#3461,#3459,#3462,.T.);
#2895=EDGE_CURVE('',#3461,#3463,#3464,.T.);
#2896=EDGE_CURVE('',#3463,#3465,#3466,.T.);
#2897=EDGE_CURVE('',#3465,#3467,#3468,.T.);
#2898=EDGE_CURVE('',#3469,#3467,#3470,.T.);
#2899=EDGE_CURVE('',#3469,#3471,#3472,.T.);
#2900=EDGE_CURVE('',#3471,#3473,#3474,.T.);
#2901=EDGE_CURVE('',#3473,#3475,#3476,.T.);
#2902=EDGE_CURVE('',#3475,#3477,#3478,.T.);
#2903=EDGE_CURVE('',#3454,#3477,#3479,.T.);
#2904=EDGE_CURVE('',#3456,#3480,#3481,.T.);
#2905=EDGE_CURVE('',#3480,#3482,#3483,.T.);
#2906=EDGE_CURVE('',#3482,#3428,#3484,.T.);
#2907=EDGE_CURVE('',#3482,#3430,#3485,.T.);
#2908=EDGE_CURVE('',#3451,#3480,#3486,.T.);
#2909=EDGE_CURVE('',#3434,#3477,#3487,.T.);
#2910=EDGE_CURVE('',#3488,#3489,#3490,.T.);
#2911=EDGE_CURVE('',#3491,#3489,#3492,.T.);
#2912=EDGE_CURVE('',#3491,#3493,#3494,.T.);
#2913=EDGE_CURVE('',#3495,#3493,#3496,.T.);
#2914=EDGE_CURVE('',#3497,#3495,#3498,.T.);
#2915=EDGE_CURVE('',#3497,#3499,#3500,.T.);
#2916=EDGE_CURVE('',#3501,#3499,#3502,.T.);
#2917=EDGE_CURVE('',#3503,#3501,#3504,.T.);
#2918=EDGE_CURVE('',#3503,#3505,#3506,.T.);
#2919=EDGE_CURVE('',#3507,#3505,#3508,.T.);
#2920=EDGE_CURVE('',#3507,#3509,#3510,.T.);
#2921=EDGE_CURVE('',#3436,#3509,#3511,.T.);
#2922=EDGE_CURVE('',#3488,#3475,#3512,.T.);
#2923=EDGE_CURVE('',#3473,#3488,#3513,.T.);
#2924=EDGE_CURVE('',#3471,#3488,#3514,.T.);
#2925=EDGE_CURVE('',#3515,#3471,#3516,.T.);
#2926=EDGE_CURVE('',#3489,#3515,#3517,.T.);
#2927=EDGE_CURVE('',#3518,#3515,#3519,.T.);
#2928=EDGE_CURVE('',#3518,#3491,#3520,.T.);
#2929=EDGE_CURVE('',#3493,#3521,#3522,.T.);
#2930=EDGE_CURVE('',#3521,#3518,#3523,.T.);
#2931=EDGE_CURVE('',#3524,#3525,#3526,.T.);
#2932=EDGE_CURVE('',#3525,#3527,#3528,.T.);
#2933=EDGE_CURVE('',#3527,#3521,#3529,.T.);
#2934=EDGE_CURVE('',#3469,#3530,#3531,.T.);
#2935=EDGE_CURVE('',#3530,#3524,#3532,.T.);
#2936=EDGE_CURVE('',#3533,#3524,#3534,.T.);
#2937=EDGE_CURVE('',#3530,#3535,#3536,.T.);
#2938=EDGE_CURVE('',#3533,#3535,#3537,.T.);
#2939=EDGE_CURVE('',#3467,#3535,#3538,.T.);
#2940=EDGE_CURVE('',#3465,#3539,#3540,.T.);
#2941=EDGE_CURVE('',#3539,#3541,#3542,.T.);
#2942=EDGE_CURVE('',#3541,#3543,#3544,.T.);
#2943=EDGE_CURVE('',#3543,#3545,#3546,.T.);
#2944=EDGE_CURVE('',#3545,#3547,#3548,.T.);
#2945=EDGE_CURVE('',#3547,#3533,#3549,.T.);
#2946=EDGE_CURVE('',#3550,#3551,#3552,.T.);
#2947=EDGE_CURVE('',#3550,#3525,#3553,.T.);
#2948=EDGE_CURVE('',#3547,#3551,#3554,.T.);
#2949=EDGE_CURVE('',#3551,#3555,#3556,.T.);
#2950=EDGE_CURVE('',#3557,#3545,#3558,.T.);
#2951=EDGE_CURVE('',#3555,#3557,#3559,.T.);
#2952=EDGE_CURVE('',#3459,#3448,#3560,.T.);
#2953=EDGE_CURVE('',#3446,#3561,#3562,.T.);
#2954=EDGE_CURVE('',#3563,#3561,#3564,.T.);
#2955=EDGE_CURVE('',#3563,#3565,#3566,.T.);
#2956=EDGE_CURVE('',#3567,#3565,#3568,.T.);
#2957=EDGE_CURVE('',#3567,#3569,#3570,.T.);
#2958=EDGE_CURVE('',#3569,#3571,#3572,.T.);
#2959=EDGE_CURVE('',#3571,#3555,#3573,.T.);
#2960=EDGE_CURVE('',#3574,#3557,#3575,.T.);
#2961=EDGE_CURVE('',#3576,#3574,#3577,.T.);
#2962=EDGE_CURVE('',#3578,#3576,#3579,.T.);
#2963=EDGE_CURVE('',#3580,#3578,#3581,.T.);
#2964=EDGE_CURVE('',#3461,#3580,#3582,.T.);
#2965=EDGE_CURVE('',#3580,#3463,#3583,.T.);
#2966=EDGE_CURVE('',#3580,#3465,#3584,.T.);
#2967=EDGE_CURVE('',#3539,#3578,#3585,.T.);
#2968=EDGE_CURVE('',#3576,#3541,#3586,.T.);
#2969=EDGE_CURVE('',#3543,#3574,#3587,.T.);
#2970=EDGE_CURVE('',#3555,#3588,#3589,.T.);
#2971=EDGE_CURVE('',#3588,#3571,#3590,.T.);
#2972=EDGE_CURVE('',#3591,#3569,#3592,.T.);
#2973=EDGE_CURVE('',#3593,#3591,#3594,.T.);
#2974=EDGE_CURVE('',#3593,#3588,#3595,.T.);
#2975=EDGE_CURVE('',#3497,#3550,#3596,.T.);
#2976=EDGE_CURVE('',#3597,#3593,#3598,.T.);
#2977=EDGE_CURVE('',#3597,#3599,#3600,.T.);
#2978=EDGE_CURVE('',#3599,#3497,#3601,.T.);
#2979=EDGE_CURVE('',#3499,#3599,#3602,.T.);
#2980=EDGE_CURVE('',#3603,#3597,#3604,.T.);
#2981=EDGE_CURVE('',#3501,#3603,#3605,.T.);
#2982=EDGE_CURVE('',#3603,#3606,#3607,.T.);
#2983=EDGE_CURVE('',#3606,#3608,#3609,.T.);
#2984=EDGE_CURVE('',#3501,#3608,#3610,.T.);
#2985=EDGE_CURVE('',#3608,#3611,#3612,.T.);
#2986=EDGE_CURVE('',#3611,#3503,#3613,.T.);
#2987=EDGE_CURVE('',#3614,#3615,#3616,.T.);
#2988=EDGE_CURVE('',#3615,#3617,#3618,.T.);
#2989=EDGE_CURVE('',#3505,#3617,#3619,.T.);
#2990=EDGE_CURVE('',#3611,#3614,#3620,.T.);
#2991=EDGE_CURVE('',#3606,#3614,#3621,.T.);
#2992=EDGE_CURVE('',#3622,#3623,#3624,.T.);
#2993=EDGE_CURVE('',#3623,#3625,#3626,.T.);
#2994=EDGE_CURVE('',#3625,#3627,#3628,.T.);
#2995=EDGE_CURVE('',#3627,#3629,#3630,.T.);
#2996=EDGE_CURVE('',#3629,#3631,#3632,.T.);
#2997=EDGE_CURVE('',#3631,#3633,#3634,.T.);
#2998=EDGE_CURVE('',#3633,#3635,#3636,.T.);
#2999=EDGE_CURVE('',#3635,#3622,#3637,.T.);
#3000=EDGE_CURVE('',#3638,#3442,#3639,.T.);
#3001=EDGE_CURVE('',#3640,#3440,#3641,.T.);
#3002=EDGE_CURVE('',#3642,#3640,#3643,.T.);
#3003=EDGE_CURVE('',#3615,#3642,#3644,.T.);
#3004=EDGE_CURVE('',#3591,#3645,#3646,.T.);
#3005=EDGE_CURVE('',#3645,#3647,#3648,.T.);
#3006=EDGE_CURVE('',#3647,#3649,#3650,.T.);
#3007=EDGE_CURVE('',#3649,#3651,#3652,.T.);
#3008=EDGE_CURVE('',#3651,#3638,#3653,.T.);
#3009=EDGE_CURVE('',#3654,#3655,#3656,.T.);
#3010=EDGE_CURVE('',#3622,#3654,#3657,.T.);
#3011=EDGE_CURVE('',#3655,#3635,#3658,.T.);
#3012=EDGE_CURVE('',#3655,#3659,#3660,.T.);
#3013=EDGE_CURVE('',#3633,#3659,#3661,.T.);
#3014=EDGE_CURVE('',#3659,#3662,#3663,.T.);
#3015=EDGE_CURVE('',#3662,#3631,#3664,.T.);
#3016=EDGE_CURVE('',#3662,#3665,#3666,.T.);
#3017=EDGE_CURVE('',#3629,#3665,#3667,.T.);
#3018=EDGE_CURVE('',#3665,#3668,#3669,.T.);
#3019=EDGE_CURVE('',#3668,#3627,#3670,.T.);
#3020=EDGE_CURVE('',#3668,#3671,#3672,.T.);
#3021=EDGE_CURVE('',#3625,#3671,#3673,.T.);
#3022=EDGE_CURVE('',#3671,#3674,#3675,.T.);
#3023=EDGE_CURVE('',#3623,#3674,#3676,.T.);
#3024=EDGE_CURVE('',#3674,#3654,#3677,.T.);
#3025=EDGE_CURVE('',#3678,#3679,#3680,.T.);
#3026=EDGE_CURVE('',#3679,#3681,#3682,.T.);
#3027=EDGE_CURVE('',#3681,#3683,#3684,.T.);
#3028=EDGE_CURVE('',#3683,#3685,#3686,.T.);
#3029=EDGE_CURVE('',#3685,#3687,#3688,.T.);
#3030=EDGE_CURVE('',#3687,#3689,#3690,.T.);
#3031=EDGE_CURVE('',#3689,#3691,#3692,.T.);
#3032=EDGE_CURVE('',#3691,#3693,#3694,.T.);
#3033=EDGE_CURVE('',#3693,#3695,#3696,.T.);
#3034=EDGE_CURVE('',#3695,#3678,#3697,.T.);
#3035=EDGE_CURVE('',#3698,#3699,#3700,.T.);
#3036=EDGE_CURVE('',#3699,#3701,#3702,.T.);
#3037=EDGE_CURVE('',#3701,#3703,#3704,.T.);
#3038=EDGE_CURVE('',#3703,#3705,#3706,.T.);
#3039=EDGE_CURVE('',#3705,#3707,#3708,.T.);
#3040=EDGE_CURVE('',#3707,#3709,#3710,.T.);
#3041=EDGE_CURVE('',#3709,#3711,#3712,.T.);
#3042=EDGE_CURVE('',#3711,#3698,#3713,.T.);
#3043=EDGE_CURVE('',#3711,#3714,#3715,.T.);
#3044=EDGE_CURVE('',#3716,#3714,#3717,.T.);
#3045=EDGE_CURVE('',#3716,#3698,#3718,.T.);
#3046=EDGE_CURVE('',#3719,#3716,#3720,.T.);
#3047=EDGE_CURVE('',#3699,#3719,#3721,.T.);
#3048=EDGE_CURVE('',#3722,#3719,#3723,.T.);
#3049=EDGE_CURVE('',#3722,#3701,#3724,.T.);
#3050=EDGE_CURVE('',#3725,#3722,#3726,.T.);
#3051=EDGE_CURVE('',#3703,#3725,#3727,.T.);
#3052=EDGE_CURVE('',#3728,#3725,#3729,.T.);
#3053=EDGE_CURVE('',#3728,#3705,#3730,.T.);
#3054=EDGE_CURVE('',#3731,#3728,#3732,.T.);
#3055=EDGE_CURVE('',#3707,#3731,#3733,.T.);
#3056=EDGE_CURVE('',#3734,#3731,#3735,.T.);
#3057=EDGE_CURVE('',#3734,#3709,#3736,.T.);
#3058=EDGE_CURVE('',#3714,#3734,#3737,.T.);
#3059=EDGE_CURVE('',#3738,#3739,#3740,.T.);
#3060=EDGE_CURVE('',#3739,#3741,#3742,.T.);
#3061=EDGE_CURVE('',#3743,#3741,#3744,.T.);
#3062=EDGE_CURVE('',#3745,#3743,#3746,.T.);
#3063=EDGE_CURVE('',#3747,#3745,#3748,.T.);
#3064=EDGE_CURVE('',#3749,#3747,#3750,.T.);
#3065=EDGE_CURVE('',#3751,#3749,#3752,.T.);
#3066=EDGE_CURVE('',#3753,#3751,#3754,.T.);
#3067=EDGE_CURVE('',#3753,#3755,#3756,.T.);
#3068=EDGE_CURVE('',#3755,#3757,#3758,.T.);
#3069=EDGE_CURVE('',#3757,#3759,#3760,.T.);
#3070=EDGE_CURVE('',#3759,#3761,#3762,.T.);
#3071=EDGE_CURVE('',#3761,#3763,#3764,.T.);
#3072=EDGE_CURVE('',#3763,#3765,#3766,.T.);
#3073=EDGE_CURVE('',#3765,#3767,#3768,.T.);
#3074=EDGE_CURVE('',#3767,#3738,#3769,.T.);
#3075=EDGE_CURVE('',#3770,#3767,#3771,.T.);
#3076=EDGE_CURVE('',#3772,#3770,#3773,.T.);
#3077=EDGE_CURVE('',#3772,#3774,#3775,.T.);
#3078=EDGE_CURVE('',#3774,#3776,#3777,.T.);
#3079=EDGE_CURVE('',#3738,#3776,#3778,.T.);
#3080=EDGE_CURVE('',#3776,#3779,#3780,.T.);
#3081=EDGE_CURVE('',#3739,#3779,#3781,.T.);
#3082=EDGE_CURVE('',#3782,#3783,#3784,.T.);
#3083=EDGE_CURVE('',#3785,#3783,#3786,.T.);
#3084=EDGE_CURVE('',#3785,#3787,#3788,.T.);
#3085=EDGE_CURVE('',#3741,#3787,#3789,.T.);
#3086=EDGE_CURVE('',#3790,#3779,#3791,.T.);
#3087=EDGE_CURVE('',#3792,#3790,#3793,.T.);
#3088=EDGE_CURVE('',#3792,#3794,#3795,.T.);
#3089=EDGE_CURVE('',#3796,#3794,#3797,.T.);
#3090=EDGE_CURVE('',#3796,#3798,#3799,.T.);
#3091=EDGE_CURVE('',#3798,#3782,#3800,.T.);
#3092=EDGE_CURVE('',#3801,#3782,#3802,.T.);
#3093=EDGE_CURVE('',#3803,#3798,#3804,.T.);
#3094=EDGE_CURVE('',#3803,#3801,#3805,.T.);
#3095=EDGE_CURVE('',#3806,#3807,#3808,.T.);
#3096=EDGE_CURVE('',#3807,#3809,#3810,.T.);
#3097=EDGE_CURVE('',#3811,#3809,#3812,.T.);
#3098=EDGE_CURVE('',#3811,#3813,#3814,.T.);
#3099=EDGE_CURVE('',#3813,#3815,#3816,.T.);
#3100=EDGE_CURVE('',#3815,#3817,#3818,.T.);
#3101=EDGE_CURVE('',#3819,#3817,#3820,.T.);
#3102=EDGE_CURVE('',#3819,#3821,#3822,.T.);
#3103=EDGE_CURVE('',#3821,#3823,#3824,.T.);
#3104=EDGE_CURVE('',#3823,#3825,#3826,.T.);
#3105=EDGE_CURVE('',#3825,#3827,#3828,.T.);
#3106=EDGE_CURVE('',#3801,#3827,#3829,.T.);
#3107=EDGE_CURVE('',#3803,#3830,#3831,.T.);
#3108=EDGE_CURVE('',#3830,#3832,#3833,.T.);
#3109=EDGE_CURVE('',#3832,#3806,#3834,.T.);
#3110=EDGE_CURVE('',#3832,#3796,#3835,.T.);
#3111=EDGE_CURVE('',#3806,#3796,#3836,.T.);
#3112=EDGE_CURVE('',#3794,#3807,#3837,.T.);
#3113=EDGE_CURVE('',#3809,#3792,#3838,.T.);
#3114=EDGE_CURVE('',#3790,#3774,#3839,.T.);
#3115=EDGE_CURVE('',#3772,#3840,#3841,.T.);
#3116=EDGE_CURVE('',#3842,#3840,#3843,.T.);
#3117=EDGE_CURVE('',#3842,#3844,#3845,.T.);
#3118=EDGE_CURVE('',#3844,#3846,#3847,.T.);
#3119=EDGE_CURVE('',#3846,#3848,#3849,.T.);
#3120=EDGE_CURVE('',#3848,#3850,#3851,.T.);
#3121=EDGE_CURVE('',#3852,#3850,#3853,.T.);
#3122=EDGE_CURVE('',#3854,#3852,#3855,.T.);
#3123=EDGE_CURVE('',#3856,#3854,#3857,.T.);
#3124=EDGE_CURVE('',#3858,#3856,#3859,.T.);
#3125=EDGE_CURVE('',#3811,#3858,#3860,.T.);
#3126=EDGE_CURVE('',#3858,#3813,#3861,.T.);
#3127=EDGE_CURVE('',#3858,#3815,#3862,.T.);
#3128=EDGE_CURVE('',#3863,#3856,#3864,.T.);
#3129=EDGE_CURVE('',#3815,#3863,#3865,.T.);
#3130=EDGE_CURVE('',#3817,#3866,#3867,.T.);
#3131=EDGE_CURVE('',#3863,#3868,#3869,.T.);
#3132=EDGE_CURVE('',#3868,#3870,#3871,.T.);
#3133=EDGE_CURVE('',#3870,#3872,#3873,.T.);
#3134=EDGE_CURVE('',#3872,#3874,#3875,.T.);
#3135=EDGE_CURVE('',#3874,#3876,#3877,.T.);
#3136=EDGE_CURVE('',#3876,#3866,#3878,.T.);
#3137=EDGE_CURVE('',#3876,#3879,#3880,.T.);
#3138=EDGE_CURVE('',#3881,#3879,#3882,.T.);
#3139=EDGE_CURVE('',#3881,#3866,#3883,.T.);
#3140=EDGE_CURVE('',#3884,#3885,#3886,.T.);
#3141=EDGE_CURVE('',#3885,#3887,#3888,.T.);
#3142=EDGE_CURVE('',#3887,#3889,#3890,.T.);
#3143=EDGE_CURVE('',#3889,#3891,#3892,.T.);
#3144=EDGE_CURVE('',#3891,#3893,#3894,.T.);
#3145=EDGE_CURVE('',#3895,#3893,#3896,.T.);
#3146=EDGE_CURVE('',#3895,#3897,#3898,.T.);
#3147=EDGE_CURVE('',#3897,#3884,#3899,.T.);
#3148=EDGE_CURVE('',#3819,#3881,#3900,.T.);
#3149=EDGE_CURVE('',#3879,#3901,#3902,.T.);
#3150=EDGE_CURVE('',#3901,#3903,#3904,.T.);
#3151=EDGE_CURVE('',#3903,#3905,#3906,.T.);
#3152=EDGE_CURVE('',#3905,#3907,#3908,.T.);
#3153=EDGE_CURVE('',#3907,#3909,#3910,.T.);
#3154=EDGE_CURVE('',#3909,#3821,#3911,.T.);
#3155=EDGE_CURVE('',#3821,#3912,#3913,.T.);
#3156=EDGE_CURVE('',#3914,#3909,#3915,.T.);
#3157=EDGE_CURVE('',#3912,#3914,#3916,.T.);
#3158=EDGE_CURVE('',#3917,#3914,#3918,.T.);
#3159=EDGE_CURVE('',#3917,#3919,#3920,.T.);
#3160=EDGE_CURVE('',#3921,#3919,#3922,.T.);
#3161=EDGE_CURVE('',#3923,#3921,#3924,.T.);
#3162=EDGE_CURVE('',#3923,#3925,#3926,.T.);
#3163=EDGE_CURVE('',#3927,#3925,#3928,.T.);
#3164=EDGE_CURVE('',#3929,#3927,#3930,.T.);
#3165=EDGE_CURVE('',#3929,#3931,#3932,.T.);
#3166=EDGE_CURVE('',#3933,#3931,#3934,.T.);
#3167=EDGE_CURVE('',#3933,#3935,#3936,.T.);
#3168=EDGE_CURVE('',#3785,#3935,#3937,.T.);
#3169=EDGE_CURVE('',#3783,#3827,#3938,.T.);
#3170=EDGE_CURVE('',#3912,#3825,#3939,.T.);
#3171=EDGE_CURVE('',#3823,#3912,#3940,.T.);
#3172=EDGE_CURVE('',#3941,#3787,#3942,.T.);
#3173=EDGE_CURVE('',#3935,#3941,#3943,.T.);
#3174=EDGE_CURVE('',#3743,#3941,#3944,.T.);
#3175=EDGE_CURVE('',#3933,#3945,#3946,.T.);
#3176=EDGE_CURVE('',#3945,#3745,#3947,.T.);
#3177=EDGE_CURVE('',#3945,#3948,#3949,.T.);
#3178=EDGE_CURVE('',#3747,#3948,#3950,.T.);
#3179=EDGE_CURVE('',#3931,#3948,#3951,.T.);
#3180=EDGE_CURVE('',#3952,#3929,#3953,.T.);
#3181=EDGE_CURVE('',#3952,#3749,#3954,.T.);
#3182=EDGE_CURVE('',#3955,#3952,#3956,.T.);
#3183=EDGE_CURVE('',#3751,#3955,#3957,.T.);
#3184=EDGE_CURVE('',#3927,#3955,#3958,.T.);
#3185=EDGE_CURVE('',#3927,#3753,#3959,.T.);
#3186=EDGE_CURVE('',#3925,#3960,#3961,.T.);
#3187=EDGE_CURVE('',#3755,#3960,#3962,.T.);
#3188=EDGE_CURVE('',#3923,#3963,#3964,.T.);
#3189=EDGE_CURVE('',#3963,#3965,#3966,.T.);
#3190=EDGE_CURVE('',#3965,#3848,#3967,.T.);
#3191=EDGE_CURVE('',#3848,#3968,#3969,.T.);
#3192=EDGE_CURVE('',#3757,#3968,#3970,.T.);
#3193=EDGE_CURVE('',#3960,#3923,#3971,.T.);
#3194=EDGE_CURVE('',#3759,#3844,#3972,.T.);
#3195=EDGE_CURVE('',#3968,#3846,#3973,.T.);
#3196=EDGE_CURVE('',#3844,#3974,#3975,.T.);
#3197=EDGE_CURVE('',#3974,#3761,#3976,.T.);
#3198=EDGE_CURVE('',#3974,#3977,#3978,.T.);
#3199=EDGE_CURVE('',#3763,#3977,#3979,.T.);
#3200=EDGE_CURVE('',#3842,#3977,#3980,.T.);
#3201=EDGE_CURVE('',#3981,#3840,#3982,.T.);
#3202=EDGE_CURVE('',#3981,#3765,#3983,.T.);
#3203=EDGE_CURVE('',#3770,#3981,#3984,.T.);
#3204=EDGE_CURVE('',#3874,#3965,#3985,.T.);
#3205=EDGE_CURVE('',#3850,#3872,#3986,.T.);
#3206=EDGE_CURVE('',#3870,#3852,#3987,.T.);
#3207=EDGE_CURVE('',#3854,#3868,#3988,.T.);
#3208=EDGE_CURVE('',#3963,#3901,#3989,.T.);
#3209=EDGE_CURVE('',#3903,#3921,#3990,.T.);
#3210=EDGE_CURVE('',#3919,#3905,#3991,.T.);
#3211=EDGE_CURVE('',#3907,#3917,#3992,.T.);
#3212=EDGE_CURVE('',#3993,#3994,#3995,.T.);
#3213=EDGE_CURVE('',#3884,#3994,#3996,.T.);
#3214=EDGE_CURVE('',#3997,#3897,#3998,.T.);
#3215=EDGE_CURVE('',#3993,#3997,#3999,.T.);
#3216=EDGE_CURVE('',#4000,#3997,#4001,.T.);
#3217=EDGE_CURVE('',#4000,#4002,#4003,.T.);
#3218=EDGE_CURVE('',#3993,#4002,#4004,.T.);
#3219=EDGE_CURVE('',#4002,#4005,#4006,.T.);
#3220=EDGE_CURVE('',#4005,#3994,#4007,.T.);
#3221=EDGE_CURVE('',#4008,#4005,#4009,.T.);
#3222=EDGE_CURVE('',#4008,#3885,#4010,.T.);
#3223=EDGE_CURVE('',#4011,#4008,#4012,.T.);
#3224=EDGE_CURVE('',#3887,#4011,#4013,.T.);
#3225=EDGE_CURVE('',#4014,#4015,#4016,.T.);
#3226=EDGE_CURVE('',#4014,#3889,#4017,.T.);
#3227=EDGE_CURVE('',#4015,#4011,#4018,.T.);
#3228=EDGE_CURVE('',#4015,#4019,#4020,.T.);
#3229=EDGE_CURVE('',#4002,#4019,#4021,.T.);
#3230=EDGE_CURVE('',#4022,#4023,#4024,.T.);
#3231=EDGE_CURVE('',#4022,#4025,#4026,.T.);
#3232=EDGE_CURVE('',#4019,#4025,#4027,.T.);
#3233=EDGE_CURVE('',#4000,#4028,#4029,.T.);
#3234=EDGE_CURVE('',#4030,#4028,#4031,.T.);
#3235=EDGE_CURVE('',#4032,#4030,#4033,.T.);
#3236=EDGE_CURVE('',#4032,#4034,#4035,.T.);
#3237=EDGE_CURVE('',#4036,#4034,#4037,.T.);
#3238=EDGE_CURVE('',#4038,#4036,#4039,.T.);
#3239=EDGE_CURVE('',#4038,#4040,#4041,.T.);
#3240=EDGE_CURVE('',#4023,#4040,#4042,.T.);
#3241=EDGE_CURVE('',#4043,#4044,#4045,.T.);
#3242=EDGE_CURVE('',#4023,#4044,#4046,.T.);
#3243=EDGE_CURVE('',#4043,#4040,#4047,.T.);
#3244=EDGE_CURVE('',#4048,#4043,#4049,.T.);
#3245=EDGE_CURVE('',#4038,#4048,#4050,.T.);
#3246=EDGE_CURVE('',#4051,#4048,#4052,.T.);
#3247=EDGE_CURVE('',#4036,#4051,#4053,.T.);
#3248=EDGE_CURVE('',#4054,#4036,#4055,.T.);
#3249=EDGE_CURVE('',#4054,#3691,#4056,.T.);
#3250=EDGE_CURVE('',#3689,#4051,#4057,.T.);
#3251=EDGE_CURVE('',#4048,#3687,#4058,.T.);
#3252=EDGE_CURVE('',#3685,#4043,#4059,.T.);
#3253=EDGE_CURVE('',#4044,#3683,#4060,.T.);
#3254=EDGE_CURVE('',#4044,#4061,#4062,.T.);
#3255=EDGE_CURVE('',#3681,#4061,#4063,.T.);
#3256=EDGE_CURVE('',#4064,#4065,#4066,.T.);
#3257=EDGE_CURVE('',#4064,#4061,#4067,.T.);
#3258=EDGE_CURVE('',#4068,#3679,#4069,.T.);
#3259=EDGE_CURVE('',#4068,#4070,#4071,.T.);
#3260=EDGE_CURVE('',#4072,#4070,#4073,.T.);
#3261=EDGE_CURVE('',#3895,#4072,#4074,.T.);
#3262=EDGE_CURVE('',#4065,#3893,#4075,.T.);
#3263=EDGE_CURVE('',#4076,#4077,#4078,.T.);
#3264=EDGE_CURVE('',#3414,#4076,#4079,.T.);
#3265=EDGE_CURVE('',#4077,#3412,#4080,.T.);
#3266=EDGE_CURVE('',#4081,#4082,#4083,.T.);
#3267=EDGE_CURVE('',#4081,#3422,#4084,.T.);
#3268=EDGE_CURVE('',#3420,#4082,#4085,.T.);
#3269=EDGE_CURVE('',#3417,#4086,#4087,.T.);
#3270=EDGE_CURVE('',#4088,#4086,#4089,.T.);
#3271=EDGE_CURVE('',#4090,#4088,#4091,.T.);
#3272=EDGE_CURVE('',#4090,#4092,#4093,.T.);
#3273=EDGE_CURVE('',#4094,#4092,#4095,.T.);
#3274=EDGE_CURVE('',#4094,#4096,#4097,.T.);
#3275=EDGE_CURVE('',#4096,#4098,#4099,.T.);
#3276=EDGE_CURVE('',#4100,#4098,#4101,.T.);
#3277=EDGE_CURVE('',#4100,#4102,#4103,.T.);
#3278=EDGE_CURVE('',#4104,#4102,#4105,.T.);
#3279=EDGE_CURVE('',#4106,#4104,#4107,.T.);
#3280=EDGE_CURVE('',#4108,#4106,#4109,.T.);
#3281=EDGE_CURVE('',#4110,#4108,#4111,.T.);
#3282=EDGE_CURVE('',#4112,#4110,#4113,.T.);
#3283=EDGE_CURVE('',#4114,#4112,#4115,.T.);
#3284=EDGE_CURVE('',#4082,#4114,#4116,.T.);
#3285=EDGE_CURVE('',#4114,#4117,#4118,.T.);
#3286=EDGE_CURVE('',#4081,#4117,#4119,.T.);
#3287=EDGE_CURVE('',#4117,#4120,#4121,.T.);
#3288=EDGE_CURVE('',#4120,#4122,#4123,.T.);
#3289=EDGE_CURVE('',#4122,#4124,#4125,.T.);
#3290=EDGE_CURVE('',#4124,#4126,#4127,.T.);
#3291=EDGE_CURVE('',#4126,#4128,#4129,.T.);
#3292=EDGE_CURVE('',#4128,#4130,#4131,.T.);
#3293=EDGE_CURVE('',#4130,#4132,#4133,.T.);
#3294=EDGE_CURVE('',#4132,#3418,#4134,.T.);
#3295=EDGE_CURVE('',#4132,#4086,#4135,.T.);
#3296=EDGE_CURVE('',#4088,#4130,#4136,.T.);
#3297=EDGE_CURVE('',#4130,#4137,#4138,.T.);
#3298=EDGE_CURVE('',#4137,#4139,#4140,.T.);
#3299=EDGE_CURVE('',#4141,#4139,#4142,.T.);
#3300=EDGE_CURVE('',#4090,#4141,#4143,.T.);
#3301=EDGE_CURVE('',#4144,#4141,#4145,.T.);
#3302=EDGE_CURVE('',#4092,#4144,#4146,.T.);
#3303=EDGE_CURVE('',#4147,#4144,#4148,.T.);
#3304=EDGE_CURVE('',#4094,#4147,#4149,.T.);
#3305=EDGE_CURVE('',#4150,#4147,#4151,.T.);
#3306=EDGE_CURVE('',#4096,#4150,#4152,.T.);
#3307=EDGE_CURVE('',#4153,#4150,#4154,.T.);
#3308=EDGE_CURVE('',#4098,#4153,#4155,.T.);
#3309=EDGE_CURVE('',#4156,#4153,#4157,.T.);
#3310=EDGE_CURVE('',#4100,#4156,#4158,.T.);
#3311=EDGE_CURVE('',#4159,#4156,#4160,.T.);
#3312=EDGE_CURVE('',#4102,#4159,#4161,.T.);
#3313=EDGE_CURVE('',#4162,#4159,#4163,.T.);
#3314=EDGE_CURVE('',#4104,#4162,#4164,.T.);
#3315=EDGE_CURVE('',#4165,#4162,#4166,.T.);
#3316=EDGE_CURVE('',#4106,#4165,#4167,.T.);
#3317=EDGE_CURVE('',#4168,#4126,#4169,.T.);
#3318=EDGE_CURVE('',#4124,#4108,#4170,.T.);
#3319=EDGE_CURVE('',#4171,#4165,#4172,.T.);
#3320=EDGE_CURVE('',#4171,#4173,#4174,.T.);
#3321=EDGE_CURVE('',#4168,#4173,#4175,.T.);
#3322=EDGE_CURVE('',#4137,#4176,#4177,.T.);
#3323=EDGE_CURVE('',#4137,#4178,#4179,.T.);
#3324=EDGE_CURVE('',#4168,#4178,#4180,.T.);
#3325=EDGE_CURVE('',#4181,#4173,#4182,.T.);
#3326=EDGE_CURVE('',#4181,#4183,#4184,.T.);
#3327=EDGE_CURVE('',#4185,#4183,#4186,.T.);
#3328=EDGE_CURVE('',#4185,#4077,#4187,.T.);
#3329=EDGE_CURVE('',#3409,#4176,#4188,.T.);
#3330=EDGE_CURVE('',#4189,#3410,#4190,.T.);
#3331=EDGE_CURVE('',#4189,#4176,#4191,.T.);
#3332=EDGE_CURVE('',#4139,#4189,#4192,.T.);
#3333=EDGE_CURVE('',#4193,#4076,#4194,.T.);
#3334=EDGE_CURVE('',#4193,#4195,#4196,.T.);
#3335=EDGE_CURVE('',#4197,#4195,#4198,.T.);
#3336=EDGE_CURVE('',#4197,#4171,#4199,.T.);
#3337=EDGE_CURVE('',#4181,#4197,#4200,.T.);
#3338=EDGE_CURVE('',#4195,#4183,#4201,.T.);
#3339=EDGE_CURVE('',#4185,#4193,#4202,.T.);
#3340=EDGE_CURVE('',#4178,#4128,#4203,.T.);
#3341=EDGE_CURVE('',#4110,#4122,#4204,.T.);
#3342=EDGE_CURVE('',#4120,#4112,#4205,.T.);
#3343=EDGE_CURVE('',#4065,#4206,#4207,.T.);
#3344=EDGE_CURVE('',#3891,#4206,#4208,.T.);
#3345=EDGE_CURVE('',#4014,#4209,#4210,.T.);
#3346=EDGE_CURVE('',#4206,#4209,#4211,.T.);
#3347=EDGE_CURVE('',#4206,#4025,#4212,.T.);
#3348=EDGE_CURVE('',#4019,#4209,#4213,.T.);
#3349=EDGE_CURVE('',#4022,#4065,#4214,.T.);
#3350=EDGE_CURVE('',#4064,#4023,#4215,.T.);
#3351=EDGE_CURVE('',#3997,#4072,#4216,.T.);
#3352=EDGE_CURVE('',#4072,#4028,#4217,.T.);
#3353=EDGE_CURVE('',#4030,#4070,#4218,.T.);
#3354=EDGE_CURVE('',#4068,#4219,#4220,.T.);
#3355=EDGE_CURVE('',#4219,#4030,#4221,.T.);
#3356=EDGE_CURVE('',#4219,#4222,#4223,.T.);
#3357=EDGE_CURVE('',#4032,#4222,#4224,.T.);
#3358=EDGE_CURVE('',#4222,#4225,#4226,.T.);
#3359=EDGE_CURVE('',#4225,#4034,#4227,.T.);
#3360=EDGE_CURVE('',#4225,#4054,#4228,.T.);
#3361=EDGE_CURVE('',#3693,#4225,#4229,.T.);
#3362=EDGE_CURVE('',#4222,#3695,#4230,.T.);
#3363=EDGE_CURVE('',#3678,#4219,#4231,.T.);
#3364=EDGE_CURVE('',#3798,#3830,#4232,.T.);
#3365=EDGE_CURVE('',#4233,#3651,#4234,.T.);
#3366=EDGE_CURVE('',#3563,#4233,#4235,.T.);
#3367=EDGE_CURVE('',#3561,#4236,#4237,.T.);
#3368=EDGE_CURVE('',#3638,#4236,#4238,.T.);
#3369=EDGE_CURVE('',#4236,#3444,#4239,.T.);
#3370=EDGE_CURVE('',#4233,#4240,#4241,.T.);
#3371=EDGE_CURVE('',#4240,#3565,#4242,.T.);
#3372=EDGE_CURVE('',#3567,#4243,#4244,.T.);
#3373=EDGE_CURVE('',#4240,#3649,#4245,.T.);
#3374=EDGE_CURVE('',#3647,#4243,#4246,.T.);
#3375=EDGE_CURVE('',#4247,#3645,#4248,.T.);
#3376=EDGE_CURVE('',#4247,#4243,#4249,.T.);
#3377=EDGE_CURVE('',#3569,#4247,#4250,.T.);
#3378=EDGE_CURVE('',#4251,#3642,#4252,.T.);
#3379=EDGE_CURVE('',#4251,#3617,#4253,.T.);
#3380=EDGE_CURVE('',#3507,#4251,#4254,.T.);
#3381=EDGE_CURVE('',#3640,#4255,#4256,.T.);
#3382=EDGE_CURVE('',#3509,#4255,#4257,.T.);
#3383=EDGE_CURVE('',#4255,#3438,#4258,.T.);
#3384=EDGE_CURVE('',#3527,#3495,#4259,.T.);
#3385=EDGE_CURVE('',#4260,#4261,#4262,.T.);
#3386=EDGE_CURVE('',#4263,#4261,#4264,.T.);
#3387=EDGE_CURVE('',#4265,#4263,#4266,.T.);
#3388=EDGE_CURVE('',#4260,#4265,#4267,.T.);
#3389=EDGE_CURVE('',#4265,#4260,#4268,.T.);
#3390=EDGE_CURVE('',#4269,#4270,#4271,.T.);
#3391=EDGE_CURVE('',#4270,#4269,#4272,.T.);
#3392=EDGE_CURVE('',#4261,#4263,#4273,.T.);
#3393=EDGE_CURVE('',#4274,#4270,#4275,.T.);
#3394=EDGE_CURVE('',#4276,#4274,#4277,.T.);
#3395=EDGE_CURVE('',#4276,#4269,#4278,.T.);
#3396=EDGE_CURVE('',#4274,#4276,#4279,.T.);
#3397=EDGE_CURVE('',#4280,#4281,#4282,.T.);
#3398=EDGE_CURVE('',#4283,#4281,#4284,.T.);
#3399=EDGE_CURVE('',#4285,#4283,#4286,.T.);
#3400=EDGE_CURVE('',#4280,#4285,#4287,.T.);
#3401=EDGE_CURVE('',#4285,#4280,#4288,.T.);
#3402=EDGE_CURVE('',#4289,#4290,#4291,.T.);
#3403=EDGE_CURVE('',#4290,#4289,#4292,.T.);
#3404=EDGE_CURVE('',#4281,#4283,#4293,.T.);
#3405=EDGE_CURVE('',#4294,#4290,#4295,.T.);
#3406=EDGE_CURVE('',#4296,#4294,#4297,.T.);
#3407=EDGE_CURVE('',#4296,#4289,#4298,.T.);
#3408=EDGE_CURVE('',#4294,#4296,#4299,.T.);
#3409=VERTEX_POINT('',#4300);
#3410=VERTEX_POINT('',#4301);
#3411=LINE('',#4302,#4303);
#3412=VERTEX_POINT('',#4304);
#3413=CIRCLE('',#4305,0.2554797921298);
#3414=VERTEX_POINT('',#4306);
#3415=LINE('',#4307,#4308);
#3416=B_SPLINE_CURVE_WITH_KNOTS('',3,(#4309,#4310,#4311,#4312,#4313),.UNSPECIFIED.,.F.,.F.,(4,1,4),(0.0,0.5,1.0),.UNSPECIFIED.);
#3417=VERTEX_POINT('',#4314);
#3418=VERTEX_POINT('',#4315);
#3419=LINE('',#4316,#4317);
#3420=VERTEX_POINT('',#4318);
#3421=B_SPLINE_CURVE_WITH_KNOTS('',3,(#4319,#4320,#4321,#4322,#4323,#4324,#4325,#4326,#4327,#4328,#4329,#4330,#4331,#4332,#4333,#4334,#4335,#4336,#4337,#4338,#4339,#4340,#4341,#4342,#4343,#4344,#4345,#4346,#4347,#4348,#4349,#4350,#4351,#4352,#4353,#4354,#4355,#4356,#4357,#4358,#4359,#4360,#4361,#4362,#4363,#4364,#4365,#4366,#4367),.UNSPECIFIED.,.F.,.F.,(4,1,1,1,1,1,1,1,1,1,1,1,1,1,1,1,1,1,1,1,1,1,1,1,1,1,1,1,1,1,1,1,1,1,1,1,1,1,1,1,1,1,1,1,1,1,4),(0.0,0.0009765625,0.001953125,0.00390625,0.005859375,0.0078125,0.01171875,0.015625,0.0234375,0.03125,0.0390625,0.046875,0.0625,0.078125,0.09375,0.125,0.15625,0.1875,0.21875,0.25,0.3125,0.375,0.4375,0.5,0.5625,0.625,0.6875,0.75,0.78125,0.8125,0.84375,0.875,0.90625,0.921875,0.9375,0.953125,0.9609375,0.96875,0.9765625,0.984375,0.98828125,0.9921875,0.994140625,0.99609375,0.998046875,0.9990234375,1.0),.UNSPECIFIED.);
#3422=VERTEX_POINT('',#4368);
#3423=LINE('',#4369,#4370);
#3424=CIRCLE('',#4371,0.2554797921298);
#3425=VERTEX_POINT('',#4372);
#3426=VERTEX_POINT('',#4373);
#3427=LINE('',#4374,#4375);
#3428=VERTEX_POINT('',#4376);
#3429=LINE('',#4377,#4378);
#3430=VERTEX_POINT('',#4379);
#3431=LINE('',#4380,#4381);
#3432=LINE('',#4382,#4383);
#3433=VERTEX_POINT('',#4384);
#3434=VERTEX_POINT('',#4385);
#3435=LINE('',#4386,#4387);
#3436=VERTEX_POINT('',#4388);
#3437=LINE('',#4389,#4390);
#3438=VERTEX_POINT('',#4391);
#3439=LINE('',#4392,#4393);
#3440=VERTEX_POINT('',#4394);
#3441=LINE('',#4395,#4396);
#3442=VERTEX_POINT('',#4397);
#3443=LINE('',#4398,#4399);
#3444=VERTEX_POINT('',#4400);
#3445=LINE('',#4401,#4402);
#3446=VERTEX_POINT('',#4403);
#3447=LINE('',#4404,#4405);
#3448=VERTEX_POINT('',#4406);
#3449=LINE('',#4407,#4408);
#3450=LINE('',#4409,#4410);
#3451=VERTEX_POINT('',#4411);
#3452=LINE('',#4412,#4413);
#3453=LINE('',#4414,#4415);
#3454=VERTEX_POINT('',#4416);
#3455=LINE('',#4417,#4418);
#3456=VERTEX_POINT('',#4419);
#3457=LINE('',#4420,#4421);
#3458=LINE('',#4422,#4423);
#3459=VERTEX_POINT('',#4424);
#3460=LINE('',#4425,#4426);
#3461=VERTEX_POINT('',#4427);
#3462=LINE('',#4428,#4429);
#3463=VERTEX_POINT('',#4430);
#3464=LINE('',#4431,#4432);
#3465=VERTEX_POINT('',#4433);
#3466=LINE('',#4434,#4435);
#3467=VERTEX_POINT('',#4436);
#3468=LINE('',#4437,#4438);
#3469=VERTEX_POINT('',#4439);
#3470=LINE('',#4440,#4441);
#3471=VERTEX_POINT('',#4442);
#3472=LINE('',#4443,#4444);
#3473=VERTEX_POINT('',#4445);
#3474=LINE('',#4446,#4447);
#3475=VERTEX_POINT('',#4448);
#3476=LINE('',#4449,#4450);
#3477=VERTEX_POINT('',#4451);
#3478=LINE('',#4452,#4453);
#3479=LINE('',#4454,#4455);
#3480=VERTEX_POINT('',#4456);
#3481=LINE('',#4457,#4458);
#3482=VERTEX_POINT('',#4459);
#3483=LINE('',#4460,#4461);
#3484=LINE('',#4462,#4463);
#3485=LINE('',#4464,#4465);
#3486=LINE('',#4466,#4467);
#3487=LINE('',#4468,#4469);
#3488=VERTEX_POINT('',#4470);
#3489=VERTEX_POINT('',#4471);
#3490=LINE('',#4472,#4473);
#3491=VERTEX_POINT('',#4474);
#3492=LINE('',#4475,#4476);
#3493=VERTEX_POINT('',#4477);
#3494=LINE('',#4478,#4479);
#3495=VERTEX_POINT('',#4480);
#3496=LINE('',#4481,#4482);
#3497=VERTEX_POINT('',#4483);
#3498=LINE('',#4484,#4485);
#3499=VERTEX_POINT('',#4486);
#3500=LINE('',#4487,#4488);
#3501=VERTEX_POINT('',#4489);
#3502=LINE('',#4490,#4491);
#3503=VERTEX_POINT('',#4492);
#3504=LINE('',#4493,#4494);
#3505=VERTEX_POINT('',#4495);
#3506=LINE('',#4496,#4497);
#3507=VERTEX_POINT('',#4498);
#3508=LINE('',#4499,#4500);
#3509=VERTEX_POINT('',#4501);
#3510=LINE('',#4502,#4503);
#3511=LINE('',#4504,#4505);
#3512=LINE('',#4506,#4507);
#3513=LINE('',#4508,#4509);
#3514=LINE('',#4510,#4511);
#3515=VERTEX_POINT('',#4512);
#3516=LINE('',#4513,#4514);
#3517=LINE('',#4515,#4516);
#3518=VERTEX_POINT('',#4517);
#3519=LINE('',#4518,#4519);
#3520=LINE('',#4520,#4521);
#3521=VERTEX_POINT('',#4522);
#3522=LINE('',#4523,#4524);
#3523=LINE('',#4525,#4526);
#3524=VERTEX_POINT('',#4527);
#3525=VERTEX_POINT('',#4528);
#3526=LINE('',#4529,#4530);
#3527=VERTEX_POINT('',#4531);
#3528=LINE('',#4532,#4533);
#3529=LINE('',#4534,#4535);
#3530=VERTEX_POINT('',#4536);
#3531=LINE('',#4537,#4538);
#3532=LINE('',#4539,#4540);
#3533=VERTEX_POINT('',#4541);
#3534=LINE('',#4542,#4543);
#3535=VERTEX_POINT('',#4544);
#3536=LINE('',#4545,#4546);
#3537=LINE('',#4547,#4548);
#3538=LINE('',#4549,#4550);
#3539=VERTEX_POINT('',#4551);
#3540=LINE('',#4552,#4553);
#3541=VERTEX_POINT('',#4554);
#3542=LINE('',#4555,#4556);
#3543=VERTEX_POINT('',#4557);
#3544=LINE('',#4558,#4559);
#3545=VERTEX_POINT('',#4560);
#3546=LINE('',#4561,#4562);
#3547=VERTEX_POINT('',#4563);
#3548=LINE('',#4564,#4565);
#3549=LINE('',#4566,#4567);
#3550=VERTEX_POINT('',#4568);
#3551=VERTEX_POINT('',#4569);
#3552=LINE('',#4570,#4571);
#3553=LINE('',#4572,#4573);
#3554=LINE('',#4574,#4575);
#3555=VERTEX_POINT('',#4576);
#3556=LINE('',#4577,#4578);
#3557=VERTEX_POINT('',#4579);
#3558=LINE('',#4580,#4581);
#3559=LINE('',#4582,#4583);
#3560=LINE('',#4584,#4585);
#3561=VERTEX_POINT('',#4586);
#3562=LINE('',#4587,#4588);
#3563=VERTEX_POINT('',#4589);
#3564=LINE('',#4590,#4591);
#3565=VERTEX_POINT('',#4592);
#3566=LINE('',#4593,#4594);
#3567=VERTEX_POINT('',#4595);
#3568=LINE('',#4596,#4597);
#3569=VERTEX_POINT('',#4598);
#3570=LINE('',#4599,#4600);
#3571=VERTEX_POINT('',#4601);
#3572=LINE('',#4602,#4603);
#3573=LINE('',#4604,#4605);
#3574=VERTEX_POINT('',#4606);
#3575=LINE('',#4607,#4608);
#3576=VERTEX_POINT('',#4609);
#3577=LINE('',#4610,#4611);
#3578=VERTEX_POINT('',#4612);
#3579=LINE('',#4613,#4614);
#3580=VERTEX_POINT('',#4615);
#3581=LINE('',#4616,#4617);
#3582=LINE('',#4618,#4619);
#3583=LINE('',#4620,#4621);
#3584=LINE('',#4622,#4623);
#3585=LINE('',#4624,#4625);
#3586=LINE('',#4626,#4627);
#3587=LINE('',#4628,#4629);
#3588=VERTEX_POINT('',#4630);
#3589=LINE('',#4631,#4632);
#3590=LINE('',#4633,#4634);
#3591=VERTEX_POINT('',#4635);
#3592=LINE('',#4636,#4637);
#3593=VERTEX_POINT('',#4638);
#3594=LINE('',#4639,#4640);
#3595=LINE('',#4641,#4642);
#3596=LINE('',#4643,#4644);
#3597=VERTEX_POINT('',#4645);
#3598=LINE('',#4646,#4647);
#3599=VERTEX_POINT('',#4648);
#3600=LINE('',#4649,#4650);
#3601=LINE('',#4651,#4652);
#3602=LINE('',#4653,#4654);
#3603=VERTEX_POINT('',#4655);
#3604=LINE('',#4656,#4657);
#3605=LINE('',#4658,#4659);
#3606=VERTEX_POINT('',#4660);
#3607=LINE('',#4661,#4662);
#3608=VERTEX_POINT('',#4663);
#3609=LINE('',#4664,#4665);
#3610=LINE('',#4666,#4667);
#3611=VERTEX_POINT('',#4668);
#3612=LINE('',#4669,#4670);
#3613=LINE('',#4671,#4672);
#3614=VERTEX_POINT('',#4673);
#3615=VERTEX_POINT('',#4674);
#3616=LINE('',#4675,#4676);
#3617=VERTEX_POINT('',#4677);
#3618=LINE('',#4678,#4679);
#3619=LINE('',#4680,#4681);
#3620=LINE('',#4682,#4683);
#3621=LINE('',#4684,#4685);
#3622=VERTEX_POINT('',#4686);
#3623=VERTEX_POINT('',#4687);
#3624=LINE('',#4688,#4689);
#3625=VERTEX_POINT('',#4690);
#3626=LINE('',#4691,#4692);
#3627=VERTEX_POINT('',#4693);
#3628=CIRCLE('',#4694,0.2);
#3629=VERTEX_POINT('',#4695);
#3630=LINE('',#4696,#4697);
#3631=VERTEX_POINT('',#4698);
#3632=CIRCLE('',#4699,0.2);
#3633=VERTEX_POINT('',#4700);
#3634=LINE('',#4701,#4702);
#3635=VERTEX_POINT('',#4703);
#3636=CIRCLE('',#4704,0.2);
#3637=LINE('',#4705,#4706);
#3638=VERTEX_POINT('',#4707);
#3639=LINE('',#4708,#4709);
#3640=VERTEX_POINT('',#4710);
#3641=LINE('',#4711,#4712);
#3642=VERTEX_POINT('',#4713);
#3643=LINE('',#4714,#4715);
#3644=LINE('',#4716,#4717);
#3645=VERTEX_POINT('',#4718);
#3646=LINE('',#4719,#4720);
#3647=VERTEX_POINT('',#4721);
#3648=LINE('',#4722,#4723);
#3649=VERTEX_POINT('',#4724);
#3650=LINE('',#4725,#4726);
#3651=VERTEX_POINT('',#4727);
#3652=LINE('',#4728,#4729);
#3653=LINE('',#4730,#4731);
#3654=VERTEX_POINT('',#4732);
#3655=VERTEX_POINT('',#4733);
#3656=LINE('',#4734,#4735);
#3657=LINE('',#4736,#4737);
#3658=LINE('',#4738,#4739);
#3659=VERTEX_POINT('',#4740);
#3660=CIRCLE('',#4741,0.2554156104713);
#3661=LINE('',#4742,#4743);
#3662=VERTEX_POINT('',#4744);
#3663=LINE('',#4745,#4746);
#3664=LINE('',#4747,#4748);
#3665=VERTEX_POINT('',#4749);
#3666=CIRCLE('',#4750,0.2554156104713);
#3667=LINE('',#4751,#4752);
#3668=VERTEX_POINT('',#4753);
#3669=LINE('',#4754,#4755);
#3670=LINE('',#4756,#4757);
#3671=VERTEX_POINT('',#4758);
#3672=CIRCLE('',#4759,0.2554156104713);
#3673=LINE('',#4760,#4761);
#3674=VERTEX_POINT('',#4762);
#3675=LINE('',#4763,#4764);
#3676=LINE('',#4765,#4766);
#3677=LINE('',#4767,#4768);
#3678=VERTEX_POINT('',#4769);
#3679=VERTEX_POINT('',#4770);
#3680=CIRCLE('',#4771,0.2);
#3681=VERTEX_POINT('',#4772);
#3682=LINE('',#4773,#4774);
#3683=VERTEX_POINT('',#4775);
#3684=CIRCLE('',#4776,0.2);
#3685=VERTEX_POINT('',#4777);
#3686=LINE('',#4778,#4779);
#3687=VERTEX_POINT('',#4780);
#3688=CIRCLE('',#4781,0.2);
#3689=VERTEX_POINT('',#4782);
#3690=LINE('',#4783,#4784);
#3691=VERTEX_POINT('',#4785);
#3692=CIRCLE('',#4786,0.3);
#3693=VERTEX_POINT('',#4787);
#3694=LINE('',#4788,#4789);
#3695=VERTEX_POINT('',#4790);
#3696=CIRCLE('',#4791,0.2);
#3697=LINE('',#4792,#4793);
#3698=VERTEX_POINT('',#4794);
#3699=VERTEX_POINT('',#4795);
#3700=LINE('',#4796,#4797);
#3701=VERTEX_POINT('',#4798);
#3702=CIRCLE('',#4799,0.2554156104713);
#3703=VERTEX_POINT('',#4800);
#3704=LINE('',#4801,#4802);
#3705=VERTEX_POINT('',#4803);
#3706=CIRCLE('',#4804,0.2554156104713);
#3707=VERTEX_POINT('',#4805);
#3708=LINE('',#4806,#4807);
#3709=VERTEX_POINT('',#4808);
#3710=CIRCLE('',#4809,0.2554156104713);
#3711=VERTEX_POINT('',#4810);
#3712=LINE('',#4811,#4812);
#3713=CIRCLE('',#4813,0.2554156104713);
#3714=VERTEX_POINT('',#4814);
#3715=LINE('',#4815,#4816);
#3716=VERTEX_POINT('',#4817);
#3717=CIRCLE('',#4818,0.2);
#3718=LINE('',#4819,#4820);
#3719=VERTEX_POINT('',#4821);
#3720=LINE('',#4822,#4823);
#3721=LINE('',#4824,#4825);
#3722=VERTEX_POINT('',#4826);
#3723=CIRCLE('',#4827,0.2);
#3724=LINE('',#4828,#4829);
#3725=VERTEX_POINT('',#4830);
#3726=LINE('',#4831,#4832);
#3727=LINE('',#4833,#4834);
#3728=VERTEX_POINT('',#4835);
#3729=CIRCLE('',#4836,0.2);
#3730=LINE('',#4837,#4838);
#3731=VERTEX_POINT('',#4839);
#3732=LINE('',#4840,#4841);
#3733=LINE('',#4842,#4843);
#3734=VERTEX_POINT('',#4844);
#3735=CIRCLE('',#4845,0.2);
#3736=LINE('',#4846,#4847);
#3737=LINE('',#4848,#4849);
#3738=VERTEX_POINT('',#4850);
#3739=VERTEX_POINT('',#4851);
#3740=LINE('',#4852,#4853);
#3741=VERTEX_POINT('',#4854);
#3742=LINE('',#4855,#4856);
#3743=VERTEX_POINT('',#4857);
#3744=LINE('',#4858,#4859);
#3745=VERTEX_POINT('',#4860);
#3746=LINE('',#4861,#4862);
#3747=VERTEX_POINT('',#4863);
#3748=LINE('',#4864,#4865);
#3749=VERTEX_POINT('',#4866);
#3750=LINE('',#4867,#4868);
#3751=VERTEX_POINT('',#4869);
#3752=LINE('',#4870,#4871);
#3753=VERTEX_POINT('',#4872);
#3754=LINE('',#4873,#4874);
#3755=VERTEX_POINT('',#4875);
#3756=LINE('',#4876,#4877);
#3757=VERTEX_POINT('',#4878);
#3758=LINE('',#4879,#4880);
#3759=VERTEX_POINT('',#4881);
#3760=LINE('',#4882,#4883);
#3761=VERTEX_POINT('',#4884);
#3762=LINE('',#4885,#4886);
#3763=VERTEX_POINT('',#4887);
#3764=LINE('',#4888,#4889);
#3765=VERTEX_POINT('',#4890);
#3766=LINE('',#4891,#4892);
#3767=VERTEX_POINT('',#4893);
#3768=LINE('',#4894,#4895);
#3769=LINE('',#4896,#4897);
#3770=VERTEX_POINT('',#4898);
#3771=LINE('',#4899,#4900);
#3772=VERTEX_POINT('',#4901);
#3773=LINE('',#4902,#4903);
#3774=VERTEX_POINT('',#4904);
#3775=LINE('',#4905,#4906);
#3776=VERTEX_POINT('',#4907);
#3777=LINE('',#4908,#4909);
#3778=LINE('',#4910,#4911);
#3779=VERTEX_POINT('',#4912);
#3780=LINE('',#4913,#4914);
#3781=LINE('',#4915,#4916);
#3782=VERTEX_POINT('',#4917);
#3783=VERTEX_POINT('',#4918);
#3784=LINE('',#4919,#4920);
#3785=VERTEX_POINT('',#4921);
#3786=LINE('',#4922,#4923);
#3787=VERTEX_POINT('',#4924);
#3788=LINE('',#4925,#4926);
#3789=LINE('',#4927,#4928);
#3790=VERTEX_POINT('',#4929);
#3791=LINE('',#4930,#4931);
#3792=VERTEX_POINT('',#4932);
#3793=LINE('',#4933,#4934);
#3794=VERTEX_POINT('',#4935);
#3795=LINE('',#4936,#4937);
#3796=VERTEX_POINT('',#4938);
#3797=LINE('',#4939,#4940);
#3798=VERTEX_POINT('',#4941);
#3799=LINE('',#4942,#4943);
#3800=LINE('',#4944,#4945);
#3801=VERTEX_POINT('',#4946);
#3802=LINE('',#4947,#4948);
#3803=VERTEX_POINT('',#4949);
#3804=LINE('',#4950,#4951);
#3805=LINE('',#4952,#4953);
#3806=VERTEX_POINT('',#4954);
#3807=VERTEX_POINT('',#4955);
#3808=LINE('',#4956,#4957);
#3809=VERTEX_POINT('',#4958);
#3810=LINE('',#4959,#4960);
#3811=VERTEX_POINT('',#4961);
#3812=LINE('',#4962,#4963);
#3813=VERTEX_POINT('',#4964);
#3814=LINE('',#4965,#4966);
#3815=VERTEX_POINT('',#4967);
#3816=LINE('',#4968,#4969);
#3817=VERTEX_POINT('',#4970);
#3818=LINE('',#4971,#4972);
#3819=VERTEX_POINT('',#4973);
#3820=LINE('',#4974,#4975);
#3821=VERTEX_POINT('',#4976);
#3822=LINE('',#4977,#4978);
#3823=VERTEX_POINT('',#4979);
#3824=LINE('',#4980,#4981);
#3825=VERTEX_POINT('',#4982);
#3826=LINE('',#4983,#4984);
#3827=VERTEX_POINT('',#4985);
#3828=LINE('',#4986,#4987);
#3829=LINE('',#4988,#4989);
#3830=VERTEX_POINT('',#4990);
#3831=LINE('',#4991,#4992);
#3832=VERTEX_POINT('',#4993);
#3833=LINE('',#4994,#4995);
#3834=LINE('',#4996,#4997);
#3835=LINE('',#4998,#4999);
#3836=LINE('',#5000,#5001);
#3837=LINE('',#5002,#5003);
#3838=LINE('',#5004,#5005);
#3839=LINE('',#5006,#5007);
#3840=VERTEX_POINT('',#5008);
#3841=LINE('',#5009,#5010);
#3842=VERTEX_POINT('',#5011);
#3843=LINE('',#5012,#5013);
#3844=VERTEX_POINT('',#5014);
#3845=LINE('',#5015,#5016);
#3846=VERTEX_POINT('',#5017);
#3847=LINE('',#5018,#5019);
#3848=VERTEX_POINT('',#5020);
#3849=LINE('',#5021,#5022);
#3850=VERTEX_POINT('',#5023);
#3851=LINE('',#5024,#5025);
#3852=VERTEX_POINT('',#5026);
#3853=LINE('',#5027,#5028);
#3854=VERTEX_POINT('',#5029);
#3855=LINE('',#5030,#5031);
#3856=VERTEX_POINT('',#5032);
#3857=LINE('',#5033,#5034);
#3858=VERTEX_POINT('',#5035);
#3859=LINE('',#5036,#5037);
#3860=LINE('',#5038,#5039);
#3861=LINE('',#5040,#5041);
#3862=LINE('',#5042,#5043);
#3863=VERTEX_POINT('',#5044);
#3864=LINE('',#5045,#5046);
#3865=LINE('',#5047,#5048);
#3866=VERTEX_POINT('',#5049);
#3867=LINE('',#5050,#5051);
#3868=VERTEX_POINT('',#5052);
#3869=LINE('',#5053,#5054);
#3870=VERTEX_POINT('',#5055);
#3871=LINE('',#5056,#5057);
#3872=VERTEX_POINT('',#5058);
#3873=LINE('',#5059,#5060);
#3874=VERTEX_POINT('',#5061);
#3875=LINE('',#5062,#5063);
#3876=VERTEX_POINT('',#5064);
#3877=LINE('',#5065,#5066);
#3878=LINE('',#5067,#5068);
#3879=VERTEX_POINT('',#5069);
#3880=LINE('',#5070,#5071);
#3881=VERTEX_POINT('',#5072);
#3882=LINE('',#5073,#5074);
#3883=LINE('',#5075,#5076);
#3884=VERTEX_POINT('',#5077);
#3885=VERTEX_POINT('',#5078);
#3886=CIRCLE('',#5079,0.25);
#3887=VERTEX_POINT('',#5080);
#3888=LINE('',#5081,#5082);
#3889=VERTEX_POINT('',#5083);
#3890=CIRCLE('',#5084,0.25);
#3891=VERTEX_POINT('',#5085);
#3892=LINE('',#5086,#5087);
#3893=VERTEX_POINT('',#5088);
#3894=CIRCLE('',#5089,0.25);
#3895=VERTEX_POINT('',#5090);
#3896=LINE('',#5091,#5092);
#3897=VERTEX_POINT('',#5093);
#3898=CIRCLE('',#5094,0.25);
#3899=LINE('',#5095,#5096);
#3900=LINE('',#5097,#5098);
#3901=VERTEX_POINT('',#5099);
#3902=LINE('',#5100,#5101);
#3903=VERTEX_POINT('',#5102);
#3904=LINE('',#5103,#5104);
#3905=VERTEX_POINT('',#5105);
#3906=LINE('',#5106,#5107);
#3907=VERTEX_POINT('',#5108);
#3908=LINE('',#5109,#5110);
#3909=VERTEX_POINT('',#5111);
#3910=LINE('',#5112,#5113);
#3911=LINE('',#5114,#5115);
#3912=VERTEX_POINT('',#5116);
#3913=LINE('',#5117,#5118);
#3914=VERTEX_POINT('',#5119);
#3915=LINE('',#5120,#5121);
#3916=LINE('',#5122,#5123);
#3917=VERTEX_POINT('',#5124);
#3918=LINE('',#5125,#5126);
#3919=VERTEX_POINT('',#5127);
#3920=LINE('',#5128,#5129);
#3921=VERTEX_POINT('',#5130);
#3922=LINE('',#5131,#5132);
#3923=VERTEX_POINT('',#5133);
#3924=LINE('',#5134,#5135);
#3925=VERTEX_POINT('',#5136);
#3926=LINE('',#5137,#5138);
#3927=VERTEX_POINT('',#5139);
#3928=LINE('',#5140,#5141);
#3929=VERTEX_POINT('',#5142);
#3930=LINE('',#5143,#5144);
#3931=VERTEX_POINT('',#5145);
#3932=LINE('',#5146,#5147);
#3933=VERTEX_POINT('',#5148);
#3934=LINE('',#5149,#5150);
#3935=VERTEX_POINT('',#5151);
#3936=LINE('',#5152,#5153);
#3937=LINE('',#5154,#5155);
#3938=LINE('',#5156,#5157);
#3939=LINE('',#5158,#5159);
#3940=LINE('',#5160,#5161);
#3941=VERTEX_POINT('',#5162);
#3942=LINE('',#5163,#5164);
#3943=LINE('',#5165,#5166);
#3944=LINE('',#5167,#5168);
#3945=VERTEX_POINT('',#5169);
#3946=LINE('',#5170,#5171);
#3947=LINE('',#5172,#5173);
#3948=VERTEX_POINT('',#5174);
#3949=LINE('',#5175,#5176);
#3950=LINE('',#5177,#5178);
#3951=LINE('',#5179,#5180);
#3952=VERTEX_POINT('',#5181);
#3953=LINE('',#5182,#5183);
#3954=LINE('',#5184,#5185);
#3955=VERTEX_POINT('',#5186);
#3956=LINE('',#5187,#5188);
#3957=LINE('',#5189,#5190);
#3958=LINE('',#5191,#5192);
#3959=LINE('',#5193,#5194);
#3960=VERTEX_POINT('',#5195);
#3961=LINE('',#5196,#5197);
#3962=LINE('',#5198,#5199);
#3963=VERTEX_POINT('',#5200);
#3964=LINE('',#5201,#5202);
#3965=VERTEX_POINT('',#5203);
#3966=LINE('',#5204,#5205);
#3967=LINE('',#5206,#5207);
#3968=VERTEX_POINT('',#5208);
#3969=LINE('',#5209,#5210);
#3970=LINE('',#5211,#5212);
#3971=LINE('',#5213,#5214);
#3972=LINE('',#5215,#5216);
#3973=LINE('',#5217,#5218);
#3974=VERTEX_POINT('',#5219);
#3975=LINE('',#5220,#5221);
#3976=LINE('',#5222,#5223);
#3977=VERTEX_POINT('',#5224);
#3978=LINE('',#5225,#5226);
#3979=LINE('',#5227,#5228);
#3980=LINE('',#5229,#5230);
#3981=VERTEX_POINT('',#5231);
#3982=LINE('',#5232,#5233);
#3983=LINE('',#5234,#5235);
#3984=LINE('',#5236,#5237);
#3985=LINE('',#5238,#5239);
#3986=LINE('',#5240,#5241);
#3987=LINE('',#5242,#5243);
#3988=LINE('',#5244,#5245);
#3989=LINE('',#5246,#5247);
#3990=LINE('',#5248,#5249);
#3991=LINE('',#5250,#5251);
#3992=LINE('',#5252,#5253);
#3993=VERTEX_POINT('',#5254);
#3994=VERTEX_POINT('',#5255);
#3995=CIRCLE('',#5256,0.1000000000001);
#3996=LINE('',#5257,#5258);
#3997=VERTEX_POINT('',#5259);
#3998=LINE('',#5260,#5261);
#3999=LINE('',#5262,#5263);
#4000=VERTEX_POINT('',#5264);
#4001=CIRCLE('',#5265,0.2);
#4002=VERTEX_POINT('',#5266);
#4003=LINE('',#5267,#5268);
#4004=CIRCLE('',#5269,0.2);
#4005=VERTEX_POINT('',#5270);
#4006=CIRCLE('',#5271,0.3);
#4007=B_SPLINE_CURVE_WITH_KNOTS('',3,(#5272,#5273,#5274,#5275,#5276,#5277),.UNSPECIFIED.,.F.,.F.,(4,1,1,4),(0.0,0.3333333333333,0.6666666666667,0.99999999999888),.UNSPECIFIED.);
#4008=VERTEX_POINT('',#5278);
#4009=B_SPLINE_CURVE_WITH_KNOTS('',3,(#5279,#5280,#5281,#5282,#5283,#5284),.UNSPECIFIED.,.F.,.F.,(4,1,1,4),(0.0,0.3333333333333,0.6666666666667,1.0),.UNSPECIFIED.);
#4010=LINE('',#5285,#5286);
#4011=VERTEX_POINT('',#5287);
#4012=LINE('',#5288,#5289);
#4013=LINE('',#5290,#5291);
#4014=VERTEX_POINT('',#5292);
#4015=VERTEX_POINT('',#5293);
#4016=B_SPLINE_CURVE_WITH_KNOTS('',3,(#5294,#5295,#5296,#5297,#5298,#5299),.UNSPECIFIED.,.F.,.F.,(4,1,1,4),(0.0,0.3333333333333,0.6666666666667,1.0),.UNSPECIFIED.);
#4017=LINE('',#5300,#5301);
#4018=B_SPLINE_CURVE_WITH_KNOTS('',3,(#5302,#5303,#5304,#5305,#5306,#5307),.UNSPECIFIED.,.F.,.F.,(4,1,1,4),(0.0,0.3333333333333,0.6666666666667,1.0),.UNSPECIFIED.);
#4019=VERTEX_POINT('',#5308);
#4020=CIRCLE('',#5309,0.3);
#4021=LINE('',#5310,#5311);
#4022=VERTEX_POINT('',#5312);
#4023=VERTEX_POINT('',#5313);
#4024=LINE('',#5314,#5315);
#4025=VERTEX_POINT('',#5316);
#4026=B_SPLINE_CURVE_WITH_KNOTS('',3,(#5317,#5318,#5319,#5320,#5321,#5322),.UNSPECIFIED.,.F.,.F.,(4,1,1,4),(0.0,0.3333333333333,0.6666666666667,1.0),.UNSPECIFIED.);
#4027=LINE('',#5323,#5324);
#4028=VERTEX_POINT('',#5325);
#4029=B_SPLINE_CURVE_WITH_KNOTS('',3,(#5326,#5327,#5328,#5329,#5330,#5331),.UNSPECIFIED.,.F.,.F.,(4,1,1,4),(0.0,0.3333333333333,0.6666666666667,1.0),.UNSPECIFIED.);
#4030=VERTEX_POINT('',#5332);
#4031=LINE('',#5333,#5334);
#4032=VERTEX_POINT('',#5335);
#4033=LINE('',#5336,#5337);
#4034=VERTEX_POINT('',#5338);
#4035=CIRCLE('',#5339,0.5);
#4036=VERTEX_POINT('',#5340);
#4037=LINE('',#5341,#5342);
#4038=VERTEX_POINT('',#5343);
#4039=LINE('',#5344,#5345);
#4040=VERTEX_POINT('',#5346);
#4041=CIRCLE('',#5347,0.5);
#4042=LINE('',#5348,#5349);
#4043=VERTEX_POINT('',#5350);
#4044=VERTEX_POINT('',#5351);
#4045=LINE('',#5352,#5353);
#4046=CIRCLE('',#5354,0.3);
#4047=CIRCLE('',#5355,0.3);
#4048=VERTEX_POINT('',#5356);
#4049=CIRCLE('',#5357,0.2);
#4050=CIRCLE('',#5358,0.3);
#4051=VERTEX_POINT('',#5359);
#4052=LINE('',#5360,#5361);
#4053=B_SPLINE_CURVE_WITH_KNOTS('',3,(#5362,#5363,#5364,#5365,#5366,#5367,#5368),.UNSPECIFIED.,.F.,.F.,(4,1,1,1,4),(0.0,0.25,0.5,0.75,1.0),.UNSPECIFIED.);
#4054=VERTEX_POINT('',#5369);
#4055=B_SPLINE_CURVE_WITH_KNOTS('',3,(#5370,#5371,#5372,#5373,#5374,#5375,#5376),.UNSPECIFIED.,.F.,.F.,(4,1,1,1,4),(0.0,0.25,0.5,0.75,1.0),.UNSPECIFIED.);
#4056=LINE('',#5377,#5378);
#4057=LINE('',#5379,#5380);
#4058=LINE('',#5381,#5382);
#4059=LINE('',#5383,#5384);
#4060=LINE('',#5385,#5386);
#4061=VERTEX_POINT('',#5387);
#4062=CIRCLE('',#5388,0.2);
#4063=LINE('',#5389,#5390);
#4064=VERTEX_POINT('',#5391);
#4065=VERTEX_POINT('',#5392);
#4066=LINE('',#5393,#5394);
#4067=CIRCLE('',#5395,0.5);
#4068=VERTEX_POINT('',#5396);
#4069=LINE('',#5397,#5398);
#4070=VERTEX_POINT('',#5399);
#4071=CIRCLE('',#5400,0.5);
#4072=VERTEX_POINT('',#5401);
#4073=LINE('',#5402,#5403);
#4074=LINE('',#5404,#5405);
#4075=LINE('',#5406,#5407);
#4076=VERTEX_POINT('',#5408);
#4077=VERTEX_POINT('',#5409);
#4078=LINE('',#5410,#5411);
#4079=LINE('',#5412,#5413);
#4080=LINE('',#5414,#5415);
#4081=VERTEX_POINT('',#5416);
#4082=VERTEX_POINT('',#5417);
#4083=LINE('',#5418,#5419);
#4084=LINE('',#5420,#5421);
#4085=LINE('',#5422,#5423);
#4086=VERTEX_POINT('',#5424);
#4087=B_SPLINE_CURVE_WITH_KNOTS('',3,(#5425,#5426,#5427,#5428,#5429,#5430,#5431,#5432,#5433,#5434,#5435,#5436,#5437,#5438,#5439,#5440,#5441,#5442,#5443,#5444,#5445,#5446,#5447,#5448,#5449,#5450,#5451,#5452,#5453,#5454,#5455,#5456,#5457,#5458,#5459,#5460,#5461,#5462,#5463,#5464,#5465,#5466,#5467,#5468,#5469,#5470,#5471,#5472,#5473),.UNSPECIFIED.,.F.,.F.,(4,1,1,1,1,1,1,1,1,1,1,1,1,1,1,1,1,1,1,1,1,1,1,1,1,1,1,1,1,1,1,1,1,1,1,1,1,1,1,1,1,1,1,1,1,1,4),(0.0,0.0009765625,0.001953125,0.00390625,0.005859375,0.0078125,0.01171875,0.015625,0.0234375,0.03125,0.0390625,0.046875,0.0625,0.078125,0.09375,0.125,0.15625,0.1875,0.21875,0.25,0.3125,0.375,0.4375,0.5,0.5625,0.625,0.6875,0.75,0.78125,0.8125,0.84375,0.875,0.90625,0.921875,0.9375,0.953125,0.9609375,0.96875,0.9765625,0.984375,0.98828125,0.9921875,0.994140625,0.99609375,0.998046875,0.9990234375,1.0),.UNSPECIFIED.);
#4088=VERTEX_POINT('',#5474);
#4089=LINE('',#5475,#5476);
#4090=VERTEX_POINT('',#5477);
#4091=LINE('',#5478,#5479);
#4092=VERTEX_POINT('',#5480);
#4093=LINE('',#5481,#5482);
#4094=VERTEX_POINT('',#5483);
#4095=LINE('',#5484,#5485);
#4096=VERTEX_POINT('',#5486);
#4097=LINE('',#5487,#5488);
#4098=VERTEX_POINT('',#5489);
#4099=LINE('',#5490,#5491);
#4100=VERTEX_POINT('',#5492);
#4101=LINE('',#5493,#5494);
#4102=VERTEX_POINT('',#5495);
#4103=LINE('',#5496,#5497);
#4104=VERTEX_POINT('',#5498);
#4105=LINE('',#5499,#5500);
#4106=VERTEX_POINT('',#5501);
#4107=LINE('',#5502,#5503);
#4108=VERTEX_POINT('',#5504);
#4109=B_SPLINE_CURVE_WITH_KNOTS('',3,(#5505,#5506,#5507,#5508,#5509),.UNSPECIFIED.,.F.,.F.,(4,1,4),(0.0,0.5,1.0),.UNSPECIFIED.);
#4110=VERTEX_POINT('',#5510);
#4111=LINE('',#5511,#5512);
#4112=VERTEX_POINT('',#5513);
#4113=B_SPLINE_CURVE_WITH_KNOTS('',3,(#5514,#5515,#5516,#5517),.UNSPECIFIED.,.F.,.F.,(4,4),(0.0,1.0),.UNSPECIFIED.);
#4114=VERTEX_POINT('',#5518);
#4115=LINE('',#5519,#5520);
#4116=B_SPLINE_CURVE_WITH_KNOTS('',3,(#5521,#5522,#5523,#5524),.UNSPECIFIED.,.F.,.F.,(4,4),(0.0,1.0),.UNSPECIFIED.);
#4117=VERTEX_POINT('',#5525);
#4118=LINE('',#5526,#5527);
#4119=CIRCLE('',#5528,0.076);
#4120=VERTEX_POINT('',#5529);
#4121=LINE('',#5530,#5531);
#4122=VERTEX_POINT('',#5532);
#4123=CIRCLE('',#5533,0.076);
#4124=VERTEX_POINT('',#5534);
#4125=LINE('',#5535,#5536);
#4126=VERTEX_POINT('',#5537);
#4127=CIRCLE('',#5538,0.76);
#4128=VERTEX_POINT('',#5539);
#4129=LINE('',#5540,#5541);
#4130=VERTEX_POINT('',#5542);
#4131=LINE('',#5543,#5544);
#4132=VERTEX_POINT('',#5545);
#4133=LINE('',#5546,#5547);
#4134=CIRCLE('',#5548,0.2554797921298);
#4135=LINE('',#5549,#5550);
#4136=LINE('',#5551,#5552);
#4137=VERTEX_POINT('',#5553);
#4138=LINE('',#5554,#5555);
#4139=VERTEX_POINT('',#5556);
#4140=LINE('',#5557,#5558);
#4141=VERTEX_POINT('',#5559);
#4142=LINE('',#5560,#5561);
#4143=LINE('',#5562,#5563);
#4144=VERTEX_POINT('',#5564);
#4145=LINE('',#5565,#5566);
#4146=LINE('',#5567,#5568);
#4147=VERTEX_POINT('',#5569);
#4148=LINE('',#5570,#5571);
#4149=LINE('',#5572,#5573);
#4150=VERTEX_POINT('',#5574);
#4151=LINE('',#5575,#5576);
#4152=LINE('',#5577,#5578);
#4153=VERTEX_POINT('',#5579);
#4154=LINE('',#5580,#5581);
#4155=LINE('',#5582,#5583);
#4156=VERTEX_POINT('',#5584);
#4157=LINE('',#5585,#5586);
#4158=LINE('',#5587,#5588);
#4159=VERTEX_POINT('',#5589);
#4160=LINE('',#5590,#5591);
#4161=LINE('',#5592,#5593);
#4162=VERTEX_POINT('',#5594);
#4163=LINE('',#5595,#5596);
#4164=LINE('',#5597,#5598);
#4165=VERTEX_POINT('',#5599);
#4166=LINE('',#5600,#5601);
#4167=LINE('',#5602,#5603);
#4168=VERTEX_POINT('',#5604);
#4169=LINE('',#5605,#5606);
#4170=LINE('',#5607,#5608);
#4171=VERTEX_POINT('',#5609);
#4172=B_SPLINE_CURVE_WITH_KNOTS('',3,(#5610,#5611,#5612,#5613,#5614),.UNSPECIFIED.,.F.,.F.,(4,1,4),(0.0,0.5,1.0),.UNSPECIFIED.);
#4173=VERTEX_POINT('',#5615);
#4174=LINE('',#5616,#5617);
#4175=CIRCLE('',#5618,0.76);
#4176=VERTEX_POINT('',#5619);
#4177=LINE('',#5620,#5621);
#4178=VERTEX_POINT('',#5622);
#4179=LINE('',#5623,#5624);
#4180=LINE('',#5625,#5626);
#4181=VERTEX_POINT('',#5627);
#4182=LINE('',#5628,#5629);
#4183=VERTEX_POINT('',#5630);
#4184=CIRCLE('',#5631,0.076);
#4185=VERTEX_POINT('',#5632);
#4186=LINE('',#5633,#5634);
#4187=CIRCLE('',#5635,0.076);
#4188=CIRCLE('',#5636,0.2554797921298);
#4189=VERTEX_POINT('',#5637);
#4190=B_SPLINE_CURVE_WITH_KNOTS('',3,(#5638,#5639,#5640,#5641,#5642),.UNSPECIFIED.,.F.,.F.,(4,1,4),(0.0,0.5,1.0),.UNSPECIFIED.);
#4191=LINE('',#5643,#5644);
#4192=LINE('',#5645,#5646);
#4193=VERTEX_POINT('',#5647);
#4194=B_SPLINE_CURVE_WITH_KNOTS('',3,(#5648,#5649,#5650,#5651),.UNSPECIFIED.,.F.,.F.,(4,4),(0.0,1.0),.UNSPECIFIED.);
#4195=VERTEX_POINT('',#5652);
#4196=LINE('',#5653,#5654);
#4197=VERTEX_POINT('',#5655);
#4198=B_SPLINE_CURVE_WITH_KNOTS('',3,(#5656,#5657,#5658,#5659),.UNSPECIFIED.,.F.,.F.,(4,4),(0.0,1.0),.UNSPECIFIED.);
#4199=LINE('',#5660,#5661);
#4200=LINE('',#5662,#5663);
#4201=LINE('',#5664,#5665);
#4202=LINE('',#5666,#5667);
#4203=LINE('',#5668,#5669);
#4204=LINE('',#5670,#5671);
#4205=LINE('',#5672,#5673);
#4206=VERTEX_POINT('',#5674);
#4207=CIRCLE('',#5675,0.25);
#4208=LINE('',#5676,#5677);
#4209=VERTEX_POINT('',#5678);
#4210=CIRCLE('',#5679,0.1000000000001);
#4211=LINE('',#5680,#5681);
#4212=CIRCLE('',#5682,0.2);
#4213=CIRCLE('',#5683,0.2);
#4214=CIRCLE('',#5684,0.2);
#4215=CIRCLE('',#5685,0.2);
#4216=CIRCLE('',#5686,0.25);
#4217=CIRCLE('',#5687,0.2);
#4218=CIRCLE('',#5688,0.2);
#4219=VERTEX_POINT('',#5689);
#4220=CIRCLE('',#5690,0.2);
#4221=CIRCLE('',#5691,0.3);
#4222=VERTEX_POINT('',#5692);
#4223=LINE('',#5693,#5694);
#4224=CIRCLE('',#5695,0.3);
#4225=VERTEX_POINT('',#5696);
#4226=CIRCLE('',#5697,0.2);
#4227=CIRCLE('',#5698,0.3);
#4228=LINE('',#5699,#5700);
#4229=LINE('',#5701,#5702);
#4230=LINE('',#5703,#5704);
#4231=LINE('',#5705,#5706);
#4232=LINE('',#5707,#5708);
#4233=VERTEX_POINT('',#5709);
#4234=LINE('',#5710,#5711);
#4235=LINE('',#5712,#5713);
#4236=VERTEX_POINT('',#5714);
#4237=LINE('',#5715,#5716);
#4238=LINE('',#5717,#5718);
#4239=LINE('',#5719,#5720);
#4240=VERTEX_POINT('',#5721);
#4241=LINE('',#5722,#5723);
#4242=LINE('',#5724,#5725);
#4243=VERTEX_POINT('',#5726);
#4244=LINE('',#5727,#5728);
#4245=LINE('',#5729,#5730);
#4246=LINE('',#5731,#5732);
#4247=VERTEX_POINT('',#5733);
#4248=LINE('',#5734,#5735);
#4249=LINE('',#5736,#5737);
#4250=LINE('',#5738,#5739);
#4251=VERTEX_POINT('',#5740);
#4252=LINE('',#5741,#5742);
#4253=LINE('',#5743,#5744);
#4254=LINE('',#5745,#5746);
#4255=VERTEX_POINT('',#5747);
#4256=LINE('',#5748,#5749);
#4257=LINE('',#5750,#5751);
#4258=LINE('',#5752,#5753);
#4259=LINE('',#5754,#5755);
#4260=VERTEX_POINT('',#5756);
#4261=VERTEX_POINT('',#5757);
#4262=LINE('',#5758,#5759);
#4263=VERTEX_POINT('',#5760);
#4264=CIRCLE('',#5761,0.9);
#4265=VERTEX_POINT('',#5762);
#4266=LINE('',#5763,#5764);
#4267=CIRCLE('',#5765,0.9);
#4268=CIRCLE('',#5766,0.9);
#4269=VERTEX_POINT('',#5767);
#4270=VERTEX_POINT('',#5768);
#4271=CIRCLE('',#5769,0.475);
#4272=CIRCLE('',#5770,0.475);
#4273=CIRCLE('',#5771,0.9);
#4274=VERTEX_POINT('',#5772);
#4275=LINE('',#5773,#5774);
#4276=VERTEX_POINT('',#5775);
#4277=CIRCLE('',#5776,0.475);
#4278=LINE('',#5777,#5778);
#4279=CIRCLE('',#5779,0.475);
#4280=VERTEX_POINT('',#5780);
#4281=VERTEX_POINT('',#5781);
#4282=LINE('',#5782,#5783);
#4283=VERTEX_POINT('',#5784);
#4284=CIRCLE('',#5785,0.9);
#4285=VERTEX_POINT('',#5786);
#4286=LINE('',#5787,#5788);
#4287=CIRCLE('',#5789,0.9);
#4288=CIRCLE('',#5790,0.9);
#4289=VERTEX_POINT('',#5791);
#4290=VERTEX_POINT('',#5792);
#4291=CIRCLE('',#5793,0.475);
#4292=CIRCLE('',#5794,0.475);
#4293=CIRCLE('',#5795,0.9);
#4294=VERTEX_POINT('',#5796);
#4295=LINE('',#5797,#5798);
#4296=VERTEX_POINT('',#5799);
#4297=CIRCLE('',#5800,0.475);
#4298=LINE('',#5801,#5802);
#4299=CIRCLE('',#5803,0.475);
#4300=CARTESIAN_POINT('',(4.875,4.11547979213,6.7999945280472));
#4301=CARTESIAN_POINT('',(5.919183991852,4.11547979213,6.799994528047));
#4302=CARTESIAN_POINT('',(5.397591995926,4.11547979213,6.7999945280472));
#4303=VECTOR('',#5804,1.0);
#4304=CARTESIAN_POINT('',(4.875,3.86,7.055474320177));
#4305=AXIS2_PLACEMENT_3D('',#5805,#5806,#5807);
#4306=CARTESIAN_POINT('',(5.916954453482,3.86,7.055474320177));
#4307=CARTESIAN_POINT('',(4.875,3.86,7.055474320177));
#4308=VECTOR('',#5808,1.041954453482);
#4309=CARTESIAN_POINT('',(5.919183991852,4.11547979213,6.799994528047));
#4310=CARTESIAN_POINT('',(5.919183991852,4.030318240044,6.799994528047));
#4311=CARTESIAN_POINT('',(5.918621127461,3.924495462551,6.864492398752));
#4312=CARTESIAN_POINT('',(5.91769761879,3.86,6.970316010781));
#4313=CARTESIAN_POINT('',(5.916954453482,3.86,7.055474320177));
#4314=CARTESIAN_POINT('',(0.930816008148474,4.1154797921302,6.7999945280472));
#4315=CARTESIAN_POINT('',(1.975,4.11547979213,6.7999945280472));
#4316=CARTESIAN_POINT('',(1.4524051361225,4.11547979213,6.7999945280472));
#4317=VECTOR('',#5809,1.0);
#4318=CARTESIAN_POINT('',(0.9330455465176,3.86,7.055474320177));
#4319=CARTESIAN_POINT('',(0.9330455465176,3.86,7.055474320177));
#4320=CARTESIAN_POINT('',(0.9328237734024,3.86,7.030061638271));
#4321=CARTESIAN_POINT('',(0.9329817326245,3.860451124081,7.048161972304));
#4322=CARTESIAN_POINT('',(0.9328043936219,3.860983433264,7.027840935388));
#4323=CARTESIAN_POINT('',(0.9327919509585,3.861805741318,7.026415147375));
#4324=CARTESIAN_POINT('',(0.9327143521913,3.862745510827,7.017523209395));
#4325=CARTESIAN_POINT('',(0.9326508198222,3.864028485997,7.010243120976));
#4326=CARTESIAN_POINT('',(0.9325768848958,3.865636315314,7.001771017571));
#4327=CARTESIAN_POINT('',(0.932481290929,3.86822586847,6.990817033955));
#4328=CARTESIAN_POINT('',(0.9323814679724,3.871477561877,6.9793784561));
#4329=CARTESIAN_POINT('',(0.9322811857457,3.875394222794,6.967887251116));
#4330=CARTESIAN_POINT('',(0.9321934444843,3.879320289331,6.957833098403));
#4331=CARTESIAN_POINT('',(0.9320888535488,3.884564342669,6.94584816429));
#4332=CARTESIAN_POINT('',(0.9319757649365,3.891132646739,6.93288949287));
#4333=CARTESIAN_POINT('',(0.931858817338,3.899028680518,6.919488625418));
#4334=CARTESIAN_POINT('',(0.9317215194291,3.909570699568,6.903755843367));
#4335=CARTESIAN_POINT('',(0.9315768660529,3.922768449914,6.887180208255));
#4336=CARTESIAN_POINT('',(0.9314327680095,3.938627864589,6.870668207978));
#4337=CARTESIAN_POINT('',(0.9313112185005,3.954504190478,6.856740013819));
#4338=CARTESIAN_POINT('',(0.9312078399413,3.970394144427,6.844894004265));
#4339=CARTESIAN_POINT('',(0.9310904774304,3.991596106199,6.831445592568));
#4340=CARTESIAN_POINT('',(0.9309770008322,4.018123478042,6.818442462357));
#4341=CARTESIAN_POINT('',(0.9308841325892,4.049988801649,6.807800815752));
#4342=CARTESIAN_POINT('',(0.9308294471991,4.081882762078,6.801534490712));
#4343=CARTESIAN_POINT('',(0.930810272245,4.113803355039,6.799337258616));
#4344=CARTESIAN_POINT('',(0.9308257992296,4.145749974164,6.801116474816));
#4345=CARTESIAN_POINT('',(0.9308768366503,4.177723225821,6.806964783961));
#4346=CARTESIAN_POINT('',(0.9309660569238,4.209725114299,6.817188414669));
#4347=CARTESIAN_POINT('',(0.9310764935475,4.236420419194,6.829843198301));
#4348=CARTESIAN_POINT('',(0.9311914240787,4.257796598813,6.843012932734));
#4349=CARTESIAN_POINT('',(0.9312929786532,4.273840250907,6.85464993434));
#4350=CARTESIAN_POINT('',(0.9314127041775,4.289897531061,6.868369120551));
#4351=CARTESIAN_POINT('',(0.9315549782362,4.305971722428,6.884672112881));
#4352=CARTESIAN_POINT('',(0.9316981116251,4.319385310452,6.901073574702));
#4353=CARTESIAN_POINT('',(0.9318341935442,4.330132362096,6.916667018122));
#4354=CARTESIAN_POINT('',(0.9319502291503,4.338203131339,6.9299633816));
#4355=CARTESIAN_POINT('',(0.9320625577689,4.344940496454,6.942834966375));
#4356=CARTESIAN_POINT('',(0.9321665407095,4.350340978463,6.954750231172));
#4357=CARTESIAN_POINT('',(0.9322538259748,4.354398313437,6.964752131898));
#4358=CARTESIAN_POINT('',(0.9323536522053,4.358465054031,6.976191084895));
#4359=CARTESIAN_POINT('',(0.9324530951651,4.361866195216,6.987586119427));
#4360=CARTESIAN_POINT('',(0.9325483851344,4.364598909734,6.998505268385));
#4361=CARTESIAN_POINT('',(0.9326221300624,4.366317497713,7.006955600131));
#4362=CARTESIAN_POINT('',(0.9326855104327,4.36769565638,7.014218271215));
#4363=CARTESIAN_POINT('',(0.932762995201,4.368751737249,7.023097146217));
#4364=CARTESIAN_POINT('',(0.9327753428648,4.369592637842,7.024512048344));
#4365=CARTESIAN_POINT('',(0.932952605869,4.370390895578,7.044824376708));
#4366=CARTESIAN_POINT('',(0.9327946086452,4.370605054955,7.026719688116));
#4367=CARTESIAN_POINT('',(0.933016362762,4.370937696686,7.052130193021));
#4368=CARTESIAN_POINT('',(1.975,3.86,7.055474320177));
#4369=CARTESIAN_POINT('',(0.9330455465176,3.86,7.055474320177));
#4370=VECTOR('',#5810,1.041954453482);
#4371=AXIS2_PLACEMENT_3D('',#5811,#5812,#5813);
#4372=CARTESIAN_POINT('',(1.645,2.68,7.2));
#4373=CARTESIAN_POINT('',(1.645,3.16,7.2));
#4374=CARTESIAN_POINT('',(1.645,2.68,7.2));
#4375=VECTOR('',#5814,0.48);
#4376=CARTESIAN_POINT('',(1.645,3.16,5.9));
#4377=CARTESIAN_POINT('',(1.645,3.16,5.9));
#4378=VECTOR('',#5815,1.3);
#4379=CARTESIAN_POINT('',(1.645,2.68,5.9));
#4380=CARTESIAN_POINT('',(1.645,3.16,5.9));
#4381=VECTOR('',#5816,0.48);
#4382=CARTESIAN_POINT('',(1.645,2.68,5.9));
#4383=VECTOR('',#5817,1.3);
#4384=CARTESIAN_POINT('',(2.205,2.68,7.2));
#4385=CARTESIAN_POINT('',(2.525,2.68,7.2));
#4386=CARTESIAN_POINT('',(2.205,2.68,7.2));
#4387=VECTOR('',#5818,0.32);
#4388=CARTESIAN_POINT('',(2.525,2.68,11.2));
#4389=CARTESIAN_POINT('',(2.525,2.68,11.2));
#4390=VECTOR('',#5819,4.0);
#4391=CARTESIAN_POINT('',(2.66,2.68,11.2));
#4392=CARTESIAN_POINT('',(2.525,2.68,11.2));
#4393=VECTOR('',#5820,0.135);
#4394=CARTESIAN_POINT('',(2.66,2.68,14.0));
#4395=CARTESIAN_POINT('',(2.66,2.68,14.0));
#4396=VECTOR('',#5821,2.8);
#4397=CARTESIAN_POINT('',(1.19,2.68,14.0));
#4398=CARTESIAN_POINT('',(1.19,2.68,14.0));
#4399=VECTOR('',#5822,1.47);
#4400=CARTESIAN_POINT('',(1.19,2.68,11.2));
#4401=CARTESIAN_POINT('',(1.19,2.68,14.0));
#4402=VECTOR('',#5823,2.8);
#4403=CARTESIAN_POINT('',(1.325,2.68,11.2));
#4404=CARTESIAN_POINT('',(1.325,2.68,11.2));
#4405=VECTOR('',#5824,0.135);
#4406=CARTESIAN_POINT('',(1.325,2.68,7.2));
#4407=CARTESIAN_POINT('',(1.325,2.68,7.2));
#4408=VECTOR('',#5825,4.0);
#4409=CARTESIAN_POINT('',(1.325,2.68,7.2));
#4410=VECTOR('',#5826,0.32);
#4411=CARTESIAN_POINT('',(2.205,2.68,5.9));
#4412=CARTESIAN_POINT('',(1.645,2.68,5.9));
#4413=VECTOR('',#5827,0.56);
#4414=CARTESIAN_POINT('',(2.205,2.68,5.9));
#4415=VECTOR('',#5828,1.3);
#4416=CARTESIAN_POINT('',(2.205,3.16,7.2));
#4417=CARTESIAN_POINT('',(2.205,3.16,7.2));
#4418=VECTOR('',#5829,0.48);
#4419=CARTESIAN_POINT('',(2.205,3.16,5.9));
#4420=CARTESIAN_POINT('',(2.205,3.16,5.9));
#4421=VECTOR('',#5830,0.48);
#4422=CARTESIAN_POINT('',(2.205,3.16,5.9));
#4423=VECTOR('',#5831,1.3);
#4424=CARTESIAN_POINT('',(1.325,3.16,7.2));
#4425=CARTESIAN_POINT('',(1.645,3.16,7.2));
#4426=VECTOR('',#5832,0.32);
#4427=CARTESIAN_POINT('',(1.325,3.16,5.9));
#4428=CARTESIAN_POINT('',(1.325,3.16,5.9));
#4429=VECTOR('',#5833,1.3);
#4430=CARTESIAN_POINT('',(1.29,3.16,3.9));
#4431=CARTESIAN_POINT('',(1.325,3.16,5.9));
#4432=VECTOR('',#5834,2.000306226556);
#4433=CARTESIAN_POINT('',(0.68,3.16,3.9));
#4434=CARTESIAN_POINT('',(1.29,3.16,3.9));
#4435=VECTOR('',#5835,0.61);
#4436=CARTESIAN_POINT('',(0.68,3.16,0.0));
#4437=CARTESIAN_POINT('',(0.68,3.16,3.9));
#4438=VECTOR('',#5836,3.9);
#4439=CARTESIAN_POINT('',(3.17,3.16,0.0));
#4440=CARTESIAN_POINT('',(3.17,3.16,0.0));
#4441=VECTOR('',#5837,2.49);
#4442=CARTESIAN_POINT('',(3.17,3.16,3.9));
#4443=CARTESIAN_POINT('',(3.17,3.16,0.0));
#4444=VECTOR('',#5838,3.9);
#4445=CARTESIAN_POINT('',(2.56,3.16,3.9));
#4446=CARTESIAN_POINT('',(3.17,3.16,3.9));
#4447=VECTOR('',#5839,0.61);
#4448=CARTESIAN_POINT('',(2.525,3.16,5.9));
#4449=CARTESIAN_POINT('',(2.56,3.16,3.9));
#4450=VECTOR('',#5840,2.000306226556);
#4451=CARTESIAN_POINT('',(2.525,3.16,7.2));
#4452=CARTESIAN_POINT('',(2.525,3.16,5.9));
#4453=VECTOR('',#5841,1.3);
#4454=CARTESIAN_POINT('',(2.205,3.16,7.2));
#4455=VECTOR('',#5842,0.32);
#4456=CARTESIAN_POINT('',(2.13,3.16,3.9));
#4457=CARTESIAN_POINT('',(2.205,3.16,5.9));
#4458=VECTOR('',#5843,2.001405755963);
#4459=CARTESIAN_POINT('',(1.72,3.16,3.9));
#4460=CARTESIAN_POINT('',(2.13,3.16,3.9));
#4461=VECTOR('',#5844,0.41);
#4462=CARTESIAN_POINT('',(1.72,3.16,3.9));
#4463=VECTOR('',#5845,2.001405755963);
#4464=CARTESIAN_POINT('',(1.72,3.16,3.9));
#4465=VECTOR('',#5846,2.058160586543);
#4466=CARTESIAN_POINT('',(2.205,2.68,5.9));
#4467=VECTOR('',#5847,2.058160586543);
#4468=CARTESIAN_POINT('',(2.525,2.68,7.2));
#4469=VECTOR('',#5848,0.48);
#4470=CARTESIAN_POINT('',(2.525,2.68,5.9));
#4471=CARTESIAN_POINT('',(2.525,2.43,5.9));
#4472=CARTESIAN_POINT('',(2.525,2.68,5.9));
#4473=VECTOR('',#5849,0.25);
#4474=CARTESIAN_POINT('',(2.525,2.43,7.55));
#4475=CARTESIAN_POINT('',(2.525,2.43,7.55));
#4476=VECTOR('',#5850,1.65);
#4477=CARTESIAN_POINT('',(2.525,1.54,7.55));
#4478=CARTESIAN_POINT('',(2.525,2.43,7.55));
#4479=VECTOR('',#5851,0.89);
#4480=CARTESIAN_POINT('',(2.525,1.54,5.9));
#4481=CARTESIAN_POINT('',(2.525,1.54,5.9));
#4482=VECTOR('',#5852,1.65);
#4483=CARTESIAN_POINT('',(2.525,1.18,5.9));
#4484=CARTESIAN_POINT('',(2.525,1.18,5.9));
#4485=VECTOR('',#5853,0.36);
#4486=CARTESIAN_POINT('',(2.525,1.379999976707,6.427490877132));
#4487=CARTESIAN_POINT('',(2.525,1.18,5.9));
#4488=VECTOR('',#5854,0.5641335091448);
#4489=CARTESIAN_POINT('',(2.525,1.38,11.2));
#4490=CARTESIAN_POINT('',(2.525,1.38,11.2));
#4491=VECTOR('',#5855,4.772509122868);
#4492=CARTESIAN_POINT('',(2.525,1.58,11.2));
#4493=CARTESIAN_POINT('',(2.525,1.58,11.2));
#4494=VECTOR('',#5856,0.2);
#4495=CARTESIAN_POINT('',(2.525,1.58,8.2));
#4496=CARTESIAN_POINT('',(2.525,1.58,11.2));
#4497=VECTOR('',#5857,3.0);
#4498=CARTESIAN_POINT('',(2.525,2.43,8.2));
#4499=CARTESIAN_POINT('',(2.525,2.43,8.2));
#4500=VECTOR('',#5858,0.85);
#4501=CARTESIAN_POINT('',(2.525,2.43,11.2));
#4502=CARTESIAN_POINT('',(2.525,2.43,8.2));
#4503=VECTOR('',#5859,3.0);
#4504=CARTESIAN_POINT('',(2.525,2.68,11.2));
#4505=VECTOR('',#5860,0.25);
#4506=CARTESIAN_POINT('',(2.525,2.68,5.9));
#4507=VECTOR('',#5861,0.48);
#4508=CARTESIAN_POINT('',(2.56,3.16,3.9));
#4509=VECTOR('',#5862,2.057091393205);
#4510=CARTESIAN_POINT('',(3.17,3.16,3.9));
#4511=VECTOR('',#5863,2.155556772623);
#4512=CARTESIAN_POINT('',(3.17,2.43,3.9));
#4513=CARTESIAN_POINT('',(3.17,2.43,3.9));
#4514=VECTOR('',#5864,0.73);
#4515=CARTESIAN_POINT('',(2.525,2.43,5.9));
#4516=VECTOR('',#5865,2.101434034178);
#4517=CARTESIAN_POINT('',(3.17,2.43,4.963046297869));
#4518=CARTESIAN_POINT('',(3.17,2.43,4.963046297869));
#4519=VECTOR('',#5866,1.063046297869);
#4520=CARTESIAN_POINT('',(3.17,2.43,4.963046297869));
#4521=VECTOR('',#5867,2.666149743913);
#4522=CARTESIAN_POINT('',(3.17,1.54,4.963046297869));
#4523=CARTESIAN_POINT('',(2.525,1.54,7.55));
#4524=VECTOR('',#5868,2.666149743913);
#4525=CARTESIAN_POINT('',(3.17,1.54,4.963046297869));
#4526=VECTOR('',#5869,0.89);
#4527=CARTESIAN_POINT('',(3.17,0.67,3.02));
#4528=CARTESIAN_POINT('',(3.17,1.015230769231,3.9));
#4529=CARTESIAN_POINT('',(3.17,0.67,3.02));
#4530=VECTOR('',#5870,0.9452958711555);
#4531=CARTESIAN_POINT('',(3.17,1.54,3.9));
#4532=CARTESIAN_POINT('',(3.17,1.015230769231,3.9));
#4533=VECTOR('',#5871,0.5247692307692);
#4534=CARTESIAN_POINT('',(3.17,1.54,3.9));
#4535=VECTOR('',#5872,1.063046297869);
#4536=CARTESIAN_POINT('',(3.17,0.67,0.0));
#4537=CARTESIAN_POINT('',(3.17,3.16,0.0));
#4538=VECTOR('',#5873,2.49);
#4539=CARTESIAN_POINT('',(3.17,0.67,0.0));
#4540=VECTOR('',#5874,3.02);
#4541=CARTESIAN_POINT('',(0.68,0.67,3.02));
#4542=CARTESIAN_POINT('',(0.68,0.67,3.02));
#4543=VECTOR('',#5875,2.49);
#4544=CARTESIAN_POINT('',(0.68,0.67,0.0));
#4545=CARTESIAN_POINT('',(3.17,0.67,0.0));
#4546=VECTOR('',#5876,2.49);
#4547=CARTESIAN_POINT('',(0.68,0.67,3.02));
#4548=VECTOR('',#5877,3.02);
#4549=CARTESIAN_POINT('',(0.68,3.16,0.0));
#4550=VECTOR('',#5878,2.49);
#4551=CARTESIAN_POINT('',(0.68,2.43,3.9));
#4552=CARTESIAN_POINT('',(0.68,3.16,3.9));
#4553=VECTOR('',#5879,0.73);
#4554=CARTESIAN_POINT('',(0.68,2.43,4.963046297869));
#4555=CARTESIAN_POINT('',(0.68,2.43,3.9));
#4556=VECTOR('',#5880,1.063046297869);
#4557=CARTESIAN_POINT('',(0.68,1.54,4.963046297869));
#4558=CARTESIAN_POINT('',(0.68,2.43,4.963046297869));
#4559=VECTOR('',#5881,0.89);
#4560=CARTESIAN_POINT('',(0.68,1.54,3.9));
#4561=CARTESIAN_POINT('',(0.68,1.54,4.963046297869));
#4562=VECTOR('',#5882,1.063046297869);
#4563=CARTESIAN_POINT('',(0.68,1.015230769231,3.9));
#4564=CARTESIAN_POINT('',(0.68,1.54,3.9));
#4565=VECTOR('',#5883,0.5247692307692);
#4566=CARTESIAN_POINT('',(0.68,1.015230769231,3.9));
#4567=VECTOR('',#5884,0.9452958711555);
#4568=CARTESIAN_POINT('',(3.03455,1.18,4.32));
#4569=CARTESIAN_POINT('',(0.8154500000001,1.18,4.32));
#4570=CARTESIAN_POINT('',(3.03455,1.18,4.32));
#4571=VECTOR('',#5885,2.2191);
#4572=CARTESIAN_POINT('',(3.03455,1.18,4.32));
#4573=VECTOR('',#5886,0.4710579602432);
#4574=CARTESIAN_POINT('',(0.68,1.015230769231,3.9));
#4575=VECTOR('',#5887,0.4710579602432);
#4576=CARTESIAN_POINT('',(1.325,1.18,5.9));
#4577=CARTESIAN_POINT('',(0.8154500000001,1.18,4.32));
#4578=VECTOR('',#5888,1.660132887);
#4579=CARTESIAN_POINT('',(1.325,1.54,5.9));
#4580=CARTESIAN_POINT('',(1.325,1.54,5.9));
#4581=VECTOR('',#5889,2.101434034178);
#4582=CARTESIAN_POINT('',(1.325,1.18,5.9));
#4583=VECTOR('',#5890,0.36);
#4584=CARTESIAN_POINT('',(1.325,3.16,7.2));
#4585=VECTOR('',#5891,0.48);
#4586=CARTESIAN_POINT('',(1.325,2.43,11.2));
#4587=CARTESIAN_POINT('',(1.325,2.68,11.2));
#4588=VECTOR('',#5892,0.25);
#4589=CARTESIAN_POINT('',(1.325,2.43,8.2));
#4590=CARTESIAN_POINT('',(1.325,2.43,8.2));
#4591=VECTOR('',#5893,3.0);
#4592=CARTESIAN_POINT('',(1.325,1.58,8.2));
#4593=CARTESIAN_POINT('',(1.325,2.43,8.2));
#4594=VECTOR('',#5894,0.85);
#4595=CARTESIAN_POINT('',(1.325,1.58,11.2));
#4596=CARTESIAN_POINT('',(1.325,1.58,11.2));
#4597=VECTOR('',#5895,3.0);
#4598=CARTESIAN_POINT('',(1.325,1.38,11.2));
#4599=CARTESIAN_POINT('',(1.325,1.58,11.2));
#4600=VECTOR('',#5896,0.2);
#4601=CARTESIAN_POINT('',(1.325,1.38,6.427491));
#4602=CARTESIAN_POINT('',(1.325,1.38,11.2));
#4603=VECTOR('',#5897,4.772509);
#4604=CARTESIAN_POINT('',(1.325,1.38,6.427491));
#4605=VECTOR('',#5898,0.5641336322904);
#4606=CARTESIAN_POINT('',(1.325,1.54,7.55));
#4607=CARTESIAN_POINT('',(1.325,1.54,7.55));
#4608=VECTOR('',#5899,1.65);
#4609=CARTESIAN_POINT('',(1.325,2.43,7.55));
#4610=CARTESIAN_POINT('',(1.325,2.43,7.55));
#4611=VECTOR('',#5900,0.89);
#4612=CARTESIAN_POINT('',(1.325,2.43,5.9));
#4613=CARTESIAN_POINT('',(1.325,2.43,5.9));
#4614=VECTOR('',#5901,1.65);
#4615=CARTESIAN_POINT('',(1.325,2.68,5.9));
#4616=CARTESIAN_POINT('',(1.325,2.68,5.9));
#4617=VECTOR('',#5902,0.25);
#4618=CARTESIAN_POINT('',(1.325,3.16,5.9));
#4619=VECTOR('',#5903,0.48);
#4620=CARTESIAN_POINT('',(1.325,2.68,5.9));
#4621=VECTOR('',#5904,2.057091393205);
#4622=CARTESIAN_POINT('',(1.325,2.68,5.9));
#4623=VECTOR('',#5905,2.155556772623);
#4624=CARTESIAN_POINT('',(0.68,2.43,3.9));
#4625=VECTOR('',#5906,2.101434034178);
#4626=CARTESIAN_POINT('',(1.325,2.43,7.55));
#4627=VECTOR('',#5907,2.666149743913);
#4628=CARTESIAN_POINT('',(0.68,1.54,4.963046297869));
#4629=VECTOR('',#5908,2.666149743913);
#4630=CARTESIAN_POINT('',(1.525,1.18,6.427491));
#4631=CARTESIAN_POINT('',(1.325,1.18,5.9));
#4632=VECTOR('',#5909,0.5641336322904);
#4633=CARTESIAN_POINT('',(1.525,1.18,6.427491));
#4634=VECTOR('',#5910,0.2828427124747);
#4635=CARTESIAN_POINT('',(1.325,1.38,14.0));
#4636=CARTESIAN_POINT('',(1.325,1.38,14.0));
#4637=VECTOR('',#5911,2.8);
#4638=CARTESIAN_POINT('',(1.525,1.18,14.0));
#4639=CARTESIAN_POINT('',(1.525,1.18,14.0));
#4640=VECTOR('',#5912,0.2828427124747);
#4641=CARTESIAN_POINT('',(1.525,1.18,14.0));
#4642=VECTOR('',#5913,7.572509);
#4643=CARTESIAN_POINT('',(2.525,1.18,5.9));
#4644=VECTOR('',#5914,1.660132887);
#4645=CARTESIAN_POINT('',(2.325,1.18,14.0));
#4646=CARTESIAN_POINT('',(2.325,1.18,14.0));
#4647=VECTOR('',#5915,0.8);
#4648=CARTESIAN_POINT('',(2.324999976707,1.18,6.427490754263));
#4649=CARTESIAN_POINT('',(2.325,1.18,14.0));
#4650=VECTOR('',#5916,7.572509245737);
#4651=CARTESIAN_POINT('',(2.324999976707,1.18,6.427490754263));
#4652=VECTOR('',#5917,0.5641334107731);
#4653=CARTESIAN_POINT('',(2.525,1.379999976707,6.427490877132));
#4654=VECTOR('',#5918,0.2828427124747);
#4655=CARTESIAN_POINT('',(2.525,1.38,14.0));
#4656=CARTESIAN_POINT('',(2.525,1.38,14.0));
#4657=VECTOR('',#5919,0.2828427124747);
#4658=CARTESIAN_POINT('',(2.525,1.38,11.2));
#4659=VECTOR('',#5920,2.8);
#4660=CARTESIAN_POINT('',(2.66,1.38,14.0));
#4661=CARTESIAN_POINT('',(2.525,1.38,14.0));
#4662=VECTOR('',#5921,0.135);
#4663=CARTESIAN_POINT('',(2.66,1.38,11.2));
#4664=CARTESIAN_POINT('',(2.66,1.38,14.0));
#4665=VECTOR('',#5922,2.8);
#4666=CARTESIAN_POINT('',(2.525,1.38,11.2));
#4667=VECTOR('',#5923,0.135);
#4668=CARTESIAN_POINT('',(2.66,1.58,11.2));
#4669=CARTESIAN_POINT('',(2.66,1.38,11.2));
#4670=VECTOR('',#5924,0.2);
#4671=CARTESIAN_POINT('',(2.66,1.58,11.2));
#4672=VECTOR('',#5925,0.135);
#4673=CARTESIAN_POINT('',(2.66,1.58,14.0));
#4674=CARTESIAN_POINT('',(2.79,1.58,14.0));
#4675=CARTESIAN_POINT('',(2.66,1.58,14.0));
#4676=VECTOR('',#5926,0.13);
#4677=CARTESIAN_POINT('',(2.79,1.58,8.2));
#4678=CARTESIAN_POINT('',(2.79,1.58,14.0));
#4679=VECTOR('',#5927,5.8);
#4680=CARTESIAN_POINT('',(2.525,1.58,8.2));
#4681=VECTOR('',#5928,0.265);
#4682=CARTESIAN_POINT('',(2.66,1.58,11.2));
#4683=VECTOR('',#5929,2.8);
#4684=CARTESIAN_POINT('',(2.66,1.38,14.0));
#4685=VECTOR('',#5930,0.2);
#4686=CARTESIAN_POINT('',(0.7,1.355,14.0));
#4687=CARTESIAN_POINT('',(1.35,0.705,14.0));
#4688=CARTESIAN_POINT('',(0.7,1.355,14.0));
#4689=VECTOR('',#5931,0.9192388155425);
#4690=CARTESIAN_POINT('',(2.95,0.705,14.0));
#4691=CARTESIAN_POINT('',(1.35,0.705,14.0));
#4692=VECTOR('',#5932,1.6);
#4693=CARTESIAN_POINT('',(3.15,0.905,14.0));
#4694=AXIS2_PLACEMENT_3D('',#5933,#5934,#5935);
#4695=CARTESIAN_POINT('',(3.15,2.955,14.0));
#4696=CARTESIAN_POINT('',(3.15,0.905,14.0));
#4697=VECTOR('',#5936,2.05);
#4698=CARTESIAN_POINT('',(2.95,3.155,14.0));
#4699=AXIS2_PLACEMENT_3D('',#5937,#5938,#5939);
#4700=CARTESIAN_POINT('',(0.9,3.155,14.0));
#4701=CARTESIAN_POINT('',(2.95,3.155,14.0));
#4702=VECTOR('',#5940,2.05);
#4703=CARTESIAN_POINT('',(0.7,2.955,14.0));
#4704=AXIS2_PLACEMENT_3D('',#5941,#5942,#5943);
#4705=CARTESIAN_POINT('',(0.7,2.955,14.0));
#4706=VECTOR('',#5944,1.6);
#4707=CARTESIAN_POINT('',(1.19,2.43,14.0));
#4708=CARTESIAN_POINT('',(1.19,2.43,14.0));
#4709=VECTOR('',#5945,0.25);
#4710=CARTESIAN_POINT('',(2.66,2.43,14.0));
#4711=CARTESIAN_POINT('',(2.66,2.43,14.0));
#4712=VECTOR('',#5946,0.25);
#4713=CARTESIAN_POINT('',(2.79,2.43,14.0));
#4714=CARTESIAN_POINT('',(2.79,2.43,14.0));
#4715=VECTOR('',#5947,0.13);
#4716=CARTESIAN_POINT('',(2.79,1.58,14.0));
#4717=VECTOR('',#5948,0.85);
#4718=CARTESIAN_POINT('',(1.19,1.38,14.0));
#4719=CARTESIAN_POINT('',(1.325,1.38,14.0));
#4720=VECTOR('',#5949,0.135);
#4721=CARTESIAN_POINT('',(1.19,1.58,14.0));
#4722=CARTESIAN_POINT('',(1.19,1.38,14.0));
#4723=VECTOR('',#5950,0.2);
#4724=CARTESIAN_POINT('',(1.06,1.58,14.0));
#4725=CARTESIAN_POINT('',(1.19,1.58,14.0));
#4726=VECTOR('',#5951,0.13);
#4727=CARTESIAN_POINT('',(1.06,2.43,14.0));
#4728=CARTESIAN_POINT('',(1.06,1.58,14.0));
#4729=VECTOR('',#5952,0.85);
#4730=CARTESIAN_POINT('',(1.06,2.43,14.0));
#4731=VECTOR('',#5953,0.13);
#4732=CARTESIAN_POINT('',(0.6445843895287,1.332046102576,7.65));
#4733=CARTESIAN_POINT('',(0.6445843895287,2.955,7.65));
#4734=CARTESIAN_POINT('',(0.6445843895287,1.332046102576,7.65));
#4735=VECTOR('',#5954,1.622953897424);
#4736=CARTESIAN_POINT('',(0.7,1.355,14.0));
#4737=VECTOR('',#5955,6.350283282759);
#4738=CARTESIAN_POINT('',(0.6445843895287,2.955,7.65));
#4739=VECTOR('',#5956,6.350241797749);
#4740=CARTESIAN_POINT('',(0.9,3.210415610471,7.65));
#4741=AXIS2_PLACEMENT_3D('',#5957,#5958,#5959);
#4742=CARTESIAN_POINT('',(0.9,3.155,14.0));
#4743=VECTOR('',#5960,6.350241797749);
#4744=CARTESIAN_POINT('',(2.95,3.210415610471,7.65));
#4745=CARTESIAN_POINT('',(0.9,3.210415610471,7.65));
#4746=VECTOR('',#5961,2.05);
#4747=CARTESIAN_POINT('',(2.95,3.210415610471,7.65));
#4748=VECTOR('',#5962,6.350241797749);
#4749=CARTESIAN_POINT('',(3.205415610471,2.955,7.65));
#4750=AXIS2_PLACEMENT_3D('',#5963,#5964,#5965);
#4751=CARTESIAN_POINT('',(3.15,2.955,14.0));
#4752=VECTOR('',#5966,6.350241797749);
#4753=CARTESIAN_POINT('',(3.205415610471,0.905,7.65));
#4754=CARTESIAN_POINT('',(3.205415610471,2.955,7.65));
#4755=VECTOR('',#5967,2.05);
#4756=CARTESIAN_POINT('',(3.205415610471,0.905,7.65));
#4757=VECTOR('',#5968,6.350241797749);
#4758=CARTESIAN_POINT('',(2.95,0.6495843895287,7.65));
#4759=AXIS2_PLACEMENT_3D('',#5969,#5970,#5971);
#4760=CARTESIAN_POINT('',(2.95,0.705,14.0));
#4761=VECTOR('',#5972,6.350241797749);
#4762=CARTESIAN_POINT('',(1.327046102576,0.6495843895287,7.65));
#4763=CARTESIAN_POINT('',(2.95,0.6495843895287,7.65));
#4764=VECTOR('',#5973,1.622953897424);
#4765=CARTESIAN_POINT('',(1.35,0.705,14.0));
#4766=VECTOR('',#5974,6.350283282759);
#4767=CARTESIAN_POINT('',(1.327046102576,0.6495843895287,7.65));
#4768=VECTOR('',#5975,0.9651466103913);
#4769=CARTESIAN_POINT('',(6.85,3.66,7.65));
#4770=CARTESIAN_POINT('',(6.65,3.86,7.65));
#4771=AXIS2_PLACEMENT_3D('',#5976,#5977,#5978);
#4772=CARTESIAN_POINT('',(0.2,3.86,7.65));
#4773=CARTESIAN_POINT('',(6.65,3.86,7.65));
#4774=VECTOR('',#5979,6.45);
#4775=CARTESIAN_POINT('',(0.0,3.66,7.65));
#4776=AXIS2_PLACEMENT_3D('',#5980,#5981,#5982);
#4777=CARTESIAN_POINT('',(0.0,0.2,7.65));
#4778=CARTESIAN_POINT('',(0.0,3.66,7.65));
#4779=VECTOR('',#5983,3.46);
#4780=CARTESIAN_POINT('',(0.2,0.0,7.65));
#4781=AXIS2_PLACEMENT_3D('',#5984,#5985,#5986);
#4782=CARTESIAN_POINT('',(1.625,0.0,7.65));
#4783=CARTESIAN_POINT('',(0.2,0.0,7.65));
#4784=VECTOR('',#5987,1.425);
#4785=CARTESIAN_POINT('',(2.225,0.0,7.65));
#4786=AXIS2_PLACEMENT_3D('',#5988,#5989,#5990);
#4787=CARTESIAN_POINT('',(6.65,0.0,7.65));
#4788=CARTESIAN_POINT('',(2.225,0.0,7.65));
#4789=VECTOR('',#5991,4.425);
#4790=CARTESIAN_POINT('',(6.85,0.2,7.65));
#4791=AXIS2_PLACEMENT_3D('',#5992,#5993,#5994);
#4792=CARTESIAN_POINT('',(6.85,0.2,7.65));
#4793=VECTOR('',#5995,3.46);
#4794=CARTESIAN_POINT('',(3.9,3.210415610471,7.65));
#4795=CARTESIAN_POINT('',(5.95,3.210415610471,7.65));
#4796=CARTESIAN_POINT('',(3.9,3.210415610471,7.65));
#4797=VECTOR('',#5996,2.05);
#4798=CARTESIAN_POINT('',(6.205415610471,2.955,7.65));
#4799=AXIS2_PLACEMENT_3D('',#5997,#5998,#5999);
#4800=CARTESIAN_POINT('',(6.205415610471,0.905,7.65));
#4801=CARTESIAN_POINT('',(6.205415610471,2.955,7.65));
#4802=VECTOR('',#6000,2.05);
#4803=CARTESIAN_POINT('',(5.95,0.6495843895287,7.65));
#4804=AXIS2_PLACEMENT_3D('',#6001,#6002,#6003);
#4805=CARTESIAN_POINT('',(3.9,0.6495843895287,7.65));
#4806=CARTESIAN_POINT('',(5.95,0.6495843895287,7.65));
#4807=VECTOR('',#6004,2.05);
#4808=CARTESIAN_POINT('',(3.644584389529,0.905,7.65));
#4809=AXIS2_PLACEMENT_3D('',#6005,#6006,#6007);
#4810=CARTESIAN_POINT('',(3.644584389529,2.955,7.65));
#4811=CARTESIAN_POINT('',(3.644584389529,0.905,7.65));
#4812=VECTOR('',#6008,2.05);
#4813=AXIS2_PLACEMENT_3D('',#6009,#6010,#6011);
#4814=CARTESIAN_POINT('',(3.7,2.955,14.0));
#4815=CARTESIAN_POINT('',(3.644584389529,2.955,7.65));
#4816=VECTOR('',#6012,6.350241797749);
#4817=CARTESIAN_POINT('',(3.9,3.155,14.0));
#4818=AXIS2_PLACEMENT_3D('',#6013,#6014,#6015);
#4819=CARTESIAN_POINT('',(3.9,3.155,14.0));
#4820=VECTOR('',#6016,6.350241797749);
#4821=CARTESIAN_POINT('',(5.95,3.155,14.0));
#4822=CARTESIAN_POINT('',(5.95,3.155,14.0));
#4823=VECTOR('',#6017,2.05);
#4824=CARTESIAN_POINT('',(5.95,3.210415610471,7.65));
#4825=VECTOR('',#6018,6.350241797749);
#4826=CARTESIAN_POINT('',(6.15,2.955,14.0));
#4827=AXIS2_PLACEMENT_3D('',#6019,#6020,#6021);
#4828=CARTESIAN_POINT('',(6.15,2.955,14.0));
#4829=VECTOR('',#6022,6.350241797749);
#4830=CARTESIAN_POINT('',(6.15,0.905,14.0));
#4831=CARTESIAN_POINT('',(6.15,0.905,14.0));
#4832=VECTOR('',#6023,2.05);
#4833=CARTESIAN_POINT('',(6.205415610471,0.905,7.65));
#4834=VECTOR('',#6024,6.350241797749);
#4835=CARTESIAN_POINT('',(5.95,0.705,14.0));
#4836=AXIS2_PLACEMENT_3D('',#6025,#6026,#6027);
#4837=CARTESIAN_POINT('',(5.95,0.705,14.0));
#4838=VECTOR('',#6028,6.350241797749);
#4839=CARTESIAN_POINT('',(3.9,0.705,14.0));
#4840=CARTESIAN_POINT('',(3.9,0.705,14.0));
#4841=VECTOR('',#6029,2.05);
#4842=CARTESIAN_POINT('',(3.9,0.6495843895287,7.65));
#4843=VECTOR('',#6030,6.350241797749);
#4844=CARTESIAN_POINT('',(3.7,0.905,14.0));
#4845=AXIS2_PLACEMENT_3D('',#6031,#6032,#6033);
#4846=CARTESIAN_POINT('',(3.7,0.905,14.0));
#4847=VECTOR('',#6034,6.350241797749);
#4848=CARTESIAN_POINT('',(3.7,2.955,14.0));
#4849=VECTOR('',#6035,2.05);
#4850=CARTESIAN_POINT('',(4.19,2.43,14.0));
#4851=CARTESIAN_POINT('',(4.19,2.68,14.0));
#4852=CARTESIAN_POINT('',(4.19,2.43,14.0));
#4853=VECTOR('',#6036,0.25);
#4854=CARTESIAN_POINT('',(5.66,2.68,14.0));
#4855=CARTESIAN_POINT('',(4.19,2.68,14.0));
#4856=VECTOR('',#6037,1.47);
#4857=CARTESIAN_POINT('',(5.66,2.43,14.0));
#4858=CARTESIAN_POINT('',(5.66,2.43,14.0));
#4859=VECTOR('',#6038,0.25);
#4860=CARTESIAN_POINT('',(5.79,2.43,14.0));
#4861=CARTESIAN_POINT('',(5.79,2.43,14.0));
#4862=VECTOR('',#6039,0.13);
#4863=CARTESIAN_POINT('',(5.79,1.58,14.0));
#4864=CARTESIAN_POINT('',(5.79,1.58,14.0));
#4865=VECTOR('',#6040,0.85);
#4866=CARTESIAN_POINT('',(5.66,1.58,14.0));
#4867=CARTESIAN_POINT('',(5.66,1.58,14.0));
#4868=VECTOR('',#6041,0.13);
#4869=CARTESIAN_POINT('',(5.66,1.38,14.0));
#4870=CARTESIAN_POINT('',(5.66,1.38,14.0));
#4871=VECTOR('',#6042,0.2);
#4872=CARTESIAN_POINT('',(5.525,1.38,14.0));
#4873=CARTESIAN_POINT('',(5.525,1.38,14.0));
#4874=VECTOR('',#6043,0.135);
#4875=CARTESIAN_POINT('',(5.325,1.18,14.0));
#4876=CARTESIAN_POINT('',(5.525,1.38,14.0));
#4877=VECTOR('',#6044,0.2828427124747);
#4878=CARTESIAN_POINT('',(4.525,1.18,14.0));
#4879=CARTESIAN_POINT('',(5.325,1.18,14.0));
#4880=VECTOR('',#6045,0.8);
#4881=CARTESIAN_POINT('',(4.325,1.38,14.0));
#4882=CARTESIAN_POINT('',(4.525,1.18,14.0));
#4883=VECTOR('',#6046,0.2828427124747);
#4884=CARTESIAN_POINT('',(4.19,1.38,14.0));
#4885=CARTESIAN_POINT('',(4.325,1.38,14.0));
#4886=VECTOR('',#6047,0.135);
#4887=CARTESIAN_POINT('',(4.19,1.58,14.0));
#4888=CARTESIAN_POINT('',(4.19,1.38,14.0));
#4889=VECTOR('',#6048,0.2);
#4890=CARTESIAN_POINT('',(4.06,1.58,14.0));
#4891=CARTESIAN_POINT('',(4.19,1.58,14.0));
#4892=VECTOR('',#6049,0.13);
#4893=CARTESIAN_POINT('',(4.06,2.43,14.0));
#4894=CARTESIAN_POINT('',(4.06,1.58,14.0));
#4895=VECTOR('',#6050,0.85);
#4896=CARTESIAN_POINT('',(4.06,2.43,14.0));
#4897=VECTOR('',#6051,0.13);
#4898=CARTESIAN_POINT('',(4.06,2.43,8.2));
#4899=CARTESIAN_POINT('',(4.06,2.43,8.2));
#4900=VECTOR('',#6052,5.8);
#4901=CARTESIAN_POINT('',(4.325,2.43,8.2));
#4902=CARTESIAN_POINT('',(4.325,2.43,8.2));
#4903=VECTOR('',#6053,0.265);
#4904=CARTESIAN_POINT('',(4.325,2.43,11.2));
#4905=CARTESIAN_POINT('',(4.325,2.43,8.2));
#4906=VECTOR('',#6054,3.0);
#4907=CARTESIAN_POINT('',(4.19,2.43,11.2));
#4908=CARTESIAN_POINT('',(4.325,2.43,11.2));
#4909=VECTOR('',#6055,0.135);
#4910=CARTESIAN_POINT('',(4.19,2.43,14.0));
#4911=VECTOR('',#6056,2.8);
#4912=CARTESIAN_POINT('',(4.19,2.68,11.2));
#4913=CARTESIAN_POINT('',(4.19,2.43,11.2));
#4914=VECTOR('',#6057,0.25);
#4915=CARTESIAN_POINT('',(4.19,2.68,14.0));
#4916=VECTOR('',#6058,2.8);
#4917=CARTESIAN_POINT('',(5.205,2.68,7.2));
#4918=CARTESIAN_POINT('',(5.525,2.68,7.2));
#4919=CARTESIAN_POINT('',(5.205,2.68,7.2));
#4920=VECTOR('',#6059,0.32);
#4921=CARTESIAN_POINT('',(5.525,2.68,11.2));
#4922=CARTESIAN_POINT('',(5.525,2.68,11.2));
#4923=VECTOR('',#6060,4.0);
#4924=CARTESIAN_POINT('',(5.66,2.68,11.2));
#4925=CARTESIAN_POINT('',(5.525,2.68,11.2));
#4926=VECTOR('',#6061,0.135);
#4927=CARTESIAN_POINT('',(5.66,2.68,14.0));
#4928=VECTOR('',#6062,2.8);
#4929=CARTESIAN_POINT('',(4.325,2.68,11.2));
#4930=CARTESIAN_POINT('',(4.325,2.68,11.2));
#4931=VECTOR('',#6063,0.135);
#4932=CARTESIAN_POINT('',(4.325,2.68,7.2));
#4933=CARTESIAN_POINT('',(4.325,2.68,7.2));
#4934=VECTOR('',#6064,4.0);
#4935=CARTESIAN_POINT('',(4.645,2.68,7.2));
#4936=CARTESIAN_POINT('',(4.325,2.68,7.2));
#4937=VECTOR('',#6065,0.32);
#4938=CARTESIAN_POINT('',(4.645,2.68,5.9));
#4939=CARTESIAN_POINT('',(4.645,2.68,5.9));
#4940=VECTOR('',#6066,1.3);
#4941=CARTESIAN_POINT('',(5.205,2.68,5.9));
#4942=CARTESIAN_POINT('',(4.645,2.68,5.9));
#4943=VECTOR('',#6067,0.56);
#4944=CARTESIAN_POINT('',(5.205,2.68,5.9));
#4945=VECTOR('',#6068,1.3);
#4946=CARTESIAN_POINT('',(5.205,3.16,7.2));
#4947=CARTESIAN_POINT('',(5.205,3.16,7.2));
#4948=VECTOR('',#6069,0.48);
#4949=CARTESIAN_POINT('',(5.205,3.16,5.9));
#4950=CARTESIAN_POINT('',(5.205,3.16,5.9));
#4951=VECTOR('',#6070,0.48);
#4952=CARTESIAN_POINT('',(5.205,3.16,5.9));
#4953=VECTOR('',#6071,1.3);
#4954=CARTESIAN_POINT('',(4.645,3.16,5.9));
#4955=CARTESIAN_POINT('',(4.645,3.16,7.2));
#4956=CARTESIAN_POINT('',(4.645,3.16,5.9));
#4957=VECTOR('',#6072,1.3);
#4958=CARTESIAN_POINT('',(4.325,3.16,7.2));
#4959=CARTESIAN_POINT('',(4.645,3.16,7.2));
#4960=VECTOR('',#6073,0.32);
#4961=CARTESIAN_POINT('',(4.325,3.16,5.9));
#4962=CARTESIAN_POINT('',(4.325,3.16,5.9));
#4963=VECTOR('',#6074,1.3);
#4964=CARTESIAN_POINT('',(4.29,3.16,3.9));
#4965=CARTESIAN_POINT('',(4.325,3.16,5.9));
#4966=VECTOR('',#6075,2.000306226556);
#4967=CARTESIAN_POINT('',(3.68,3.16,3.9));
#4968=CARTESIAN_POINT('',(4.29,3.16,3.9));
#4969=VECTOR('',#6076,0.61);
#4970=CARTESIAN_POINT('',(3.68,3.16,0.0));
#4971=CARTESIAN_POINT('',(3.68,3.16,3.9));
#4972=VECTOR('',#6077,3.9);
#4973=CARTESIAN_POINT('',(6.17,3.16,0.0));
#4974=CARTESIAN_POINT('',(6.17,3.16,0.0));
#4975=VECTOR('',#6078,2.49);
#4976=CARTESIAN_POINT('',(6.17,3.16,3.9));
#4977=CARTESIAN_POINT('',(6.17,3.16,0.0));
#4978=VECTOR('',#6079,3.9);
#4979=CARTESIAN_POINT('',(5.56,3.16,3.9));
#4980=CARTESIAN_POINT('',(6.17,3.16,3.9));
#4981=VECTOR('',#6080,0.61);
#4982=CARTESIAN_POINT('',(5.525,3.16,5.9));
#4983=CARTESIAN_POINT('',(5.56,3.16,3.9));
#4984=VECTOR('',#6081,2.000306226556);
#4985=CARTESIAN_POINT('',(5.525,3.16,7.2));
#4986=CARTESIAN_POINT('',(5.525,3.16,5.9));
#4987=VECTOR('',#6082,1.3);
#4988=CARTESIAN_POINT('',(5.205,3.16,7.2));
#4989=VECTOR('',#6083,0.32);
#4990=CARTESIAN_POINT('',(5.13,3.16,3.9));
#4991=CARTESIAN_POINT('',(5.205,3.16,5.9));
#4992=VECTOR('',#6084,2.001405755963);
#4993=CARTESIAN_POINT('',(4.72,3.16,3.9));
#4994=CARTESIAN_POINT('',(5.13,3.16,3.9));
#4995=VECTOR('',#6085,0.41);
#4996=CARTESIAN_POINT('',(4.72,3.16,3.9));
#4997=VECTOR('',#6086,2.001405755963);
#4998=CARTESIAN_POINT('',(4.72,3.16,3.9));
#4999=VECTOR('',#6087,2.058160586543);
#5000=CARTESIAN_POINT('',(4.645,3.16,5.9));
#5001=VECTOR('',#6088,0.48);
#5002=CARTESIAN_POINT('',(4.645,2.68,7.2));
#5003=VECTOR('',#6089,0.48);
#5004=CARTESIAN_POINT('',(4.325,3.16,7.2));
#5005=VECTOR('',#6090,0.48);
#5006=CARTESIAN_POINT('',(4.325,2.68,11.2));
#5007=VECTOR('',#6091,0.25);
#5008=CARTESIAN_POINT('',(4.325,1.58,8.2));
#5009=CARTESIAN_POINT('',(4.325,2.43,8.2));
#5010=VECTOR('',#6092,0.85);
#5011=CARTESIAN_POINT('',(4.325,1.58,11.2));
#5012=CARTESIAN_POINT('',(4.325,1.58,11.2));
#5013=VECTOR('',#6093,3.0);
#5014=CARTESIAN_POINT('',(4.325,1.38,11.2));
#5015=CARTESIAN_POINT('',(4.325,1.58,11.2));
#5016=VECTOR('',#6094,0.2);
#5017=CARTESIAN_POINT('',(4.325,1.38,6.427491));
#5018=CARTESIAN_POINT('',(4.325,1.38,11.2));
#5019=VECTOR('',#6095,4.772509);
#5020=CARTESIAN_POINT('',(4.325,1.18,5.9));
#5021=CARTESIAN_POINT('',(4.325,1.38,6.427491));
#5022=VECTOR('',#6096,0.5641336322904);
#5023=CARTESIAN_POINT('',(4.325,1.54,5.9));
#5024=CARTESIAN_POINT('',(4.325,1.18,5.9));
#5025=VECTOR('',#6097,0.36);
#5026=CARTESIAN_POINT('',(4.325,1.54,7.55));
#5027=CARTESIAN_POINT('',(4.325,1.54,7.55));
#5028=VECTOR('',#6098,1.65);
#5029=CARTESIAN_POINT('',(4.325,2.43,7.55));
#5030=CARTESIAN_POINT('',(4.325,2.43,7.55));
#5031=VECTOR('',#6099,0.89);
#5032=CARTESIAN_POINT('',(4.325,2.43,5.9));
#5033=CARTESIAN_POINT('',(4.325,2.43,5.9));
#5034=VECTOR('',#6100,1.65);
#5035=CARTESIAN_POINT('',(4.325,2.68,5.9));
#5036=CARTESIAN_POINT('',(4.325,2.68,5.9));
#5037=VECTOR('',#6101,0.25);
#5038=CARTESIAN_POINT('',(4.325,3.16,5.9));
#5039=VECTOR('',#6102,0.48);
#5040=CARTESIAN_POINT('',(4.325,2.68,5.9));
#5041=VECTOR('',#6103,2.057091393205);
#5042=CARTESIAN_POINT('',(4.325,2.68,5.9));
#5043=VECTOR('',#6104,2.155556772623);
#5044=CARTESIAN_POINT('',(3.68,2.43,3.9));
#5045=CARTESIAN_POINT('',(3.68,2.43,3.9));
#5046=VECTOR('',#6105,2.101434034178);
#5047=CARTESIAN_POINT('',(3.68,3.16,3.9));
#5048=VECTOR('',#6106,0.73);
#5049=CARTESIAN_POINT('',(3.68,0.67,0.0));
#5050=CARTESIAN_POINT('',(3.68,3.16,0.0));
#5051=VECTOR('',#6107,2.49);
#5052=CARTESIAN_POINT('',(3.68,2.43,4.963046297869));
#5053=CARTESIAN_POINT('',(3.68,2.43,3.9));
#5054=VECTOR('',#6108,1.063046297869);
#5055=CARTESIAN_POINT('',(3.68,1.54,4.963046297869));
#5056=CARTESIAN_POINT('',(3.68,2.43,4.963046297869));
#5057=VECTOR('',#6109,0.89);
#5058=CARTESIAN_POINT('',(3.68,1.54,3.9));
#5059=CARTESIAN_POINT('',(3.68,1.54,4.963046297869));
#5060=VECTOR('',#6110,1.063046297869);
#5061=CARTESIAN_POINT('',(3.68,1.015230769231,3.9));
#5062=CARTESIAN_POINT('',(3.68,1.54,3.9));
#5063=VECTOR('',#6111,0.5247692307692);
#5064=CARTESIAN_POINT('',(3.68,0.67,3.02));
#5065=CARTESIAN_POINT('',(3.68,1.015230769231,3.9));
#5066=VECTOR('',#6112,0.9452958711555);
#5067=CARTESIAN_POINT('',(3.68,0.67,3.02));
#5068=VECTOR('',#6113,3.02);
#5069=CARTESIAN_POINT('',(6.17,0.67,3.02));
#5070=CARTESIAN_POINT('',(3.68,0.67,3.02));
#5071=VECTOR('',#6114,2.49);
#5072=CARTESIAN_POINT('',(6.17,0.67,0.0));
#5073=CARTESIAN_POINT('',(6.17,0.67,0.0));
#5074=VECTOR('',#6115,3.02);
#5075=CARTESIAN_POINT('',(6.17,0.67,0.0));
#5076=VECTOR('',#6116,2.49);
#5077=CARTESIAN_POINT('',(7.565,-0.45,0.0));
#5078=CARTESIAN_POINT('',(7.315,-0.7,0.0));
#5079=AXIS2_PLACEMENT_3D('',#6117,#6118,#6119);
#5080=CARTESIAN_POINT('',(-0.465,-0.7,0.0));
#5081=CARTESIAN_POINT('',(7.315,-0.7,0.0));
#5082=VECTOR('',#6120,7.78);
#5083=CARTESIAN_POINT('',(-0.715,-0.45,0.0));
#5084=AXIS2_PLACEMENT_3D('',#6121,#6122,#6123);
#5085=CARTESIAN_POINT('',(-0.715,3.61,0.0));
#5086=CARTESIAN_POINT('',(-0.715,-0.45,0.0));
#5087=VECTOR('',#6124,4.06);
#5088=CARTESIAN_POINT('',(-0.465,3.86,0.0));
#5089=AXIS2_PLACEMENT_3D('',#6125,#6126,#6127);
#5090=CARTESIAN_POINT('',(7.315,3.86,0.0));
#5091=CARTESIAN_POINT('',(7.315,3.86,0.0));
#5092=VECTOR('',#6128,7.78);
#5093=CARTESIAN_POINT('',(7.565,3.61,0.0));
#5094=AXIS2_PLACEMENT_3D('',#6129,#6130,#6131);
#5095=CARTESIAN_POINT('',(7.565,3.61,0.0));
#5096=VECTOR('',#6132,4.06);
#5097=CARTESIAN_POINT('',(6.17,3.16,0.0));
#5098=VECTOR('',#6133,2.49);
#5099=CARTESIAN_POINT('',(6.17,1.015230769231,3.9));
#5100=CARTESIAN_POINT('',(6.17,0.67,3.02));
#5101=VECTOR('',#6134,0.9452958711555);
#5102=CARTESIAN_POINT('',(6.17,1.54,3.9));
#5103=CARTESIAN_POINT('',(6.17,1.015230769231,3.9));
#5104=VECTOR('',#6135,0.5247692307692);
#5105=CARTESIAN_POINT('',(6.17,1.54,4.963046297869));
#5106=CARTESIAN_POINT('',(6.17,1.54,3.9));
#5107=VECTOR('',#6136,1.063046297869);
#5108=CARTESIAN_POINT('',(6.17,2.43,4.963046297869));
#5109=CARTESIAN_POINT('',(6.17,1.54,4.963046297869));
#5110=VECTOR('',#6137,0.89);
#5111=CARTESIAN_POINT('',(6.17,2.43,3.9));
#5112=CARTESIAN_POINT('',(6.17,2.43,4.963046297869));
#5113=VECTOR('',#6138,1.063046297869);
#5114=CARTESIAN_POINT('',(6.17,2.43,3.9));
#5115=VECTOR('',#6139,0.73);
#5116=CARTESIAN_POINT('',(5.525,2.68,5.9));
#5117=CARTESIAN_POINT('',(6.17,3.16,3.9));
#5118=VECTOR('',#6140,2.155556772623);
#5119=CARTESIAN_POINT('',(5.525,2.43,5.9));
#5120=CARTESIAN_POINT('',(5.525,2.43,5.9));
#5121=VECTOR('',#6141,2.101434034178);
#5122=CARTESIAN_POINT('',(5.525,2.68,5.9));
#5123=VECTOR('',#6142,0.25);
#5124=CARTESIAN_POINT('',(5.525,2.43,7.55));
#5125=CARTESIAN_POINT('',(5.525,2.43,7.55));
#5126=VECTOR('',#6143,1.65);
#5127=CARTESIAN_POINT('',(5.525,1.54,7.55));
#5128=CARTESIAN_POINT('',(5.525,2.43,7.55));
#5129=VECTOR('',#6144,0.89);
#5130=CARTESIAN_POINT('',(5.525,1.54,5.9));
#5131=CARTESIAN_POINT('',(5.525,1.54,5.9));
#5132=VECTOR('',#6145,1.65);
#5133=CARTESIAN_POINT('',(5.525,1.18,5.9));
#5134=CARTESIAN_POINT('',(5.525,1.18,5.9));
#5135=VECTOR('',#6146,0.36);
#5136=CARTESIAN_POINT('',(5.525,1.379999976707,6.427490877132));
#5137=CARTESIAN_POINT('',(5.525,1.18,5.9));
#5138=VECTOR('',#6147,0.5641335091448);
#5139=CARTESIAN_POINT('',(5.525,1.38,11.2));
#5140=CARTESIAN_POINT('',(5.525,1.38,11.2));
#5141=VECTOR('',#6148,4.772509122868);
#5142=CARTESIAN_POINT('',(5.525,1.58,11.2));
#5143=CARTESIAN_POINT('',(5.525,1.58,11.2));
#5144=VECTOR('',#6149,0.2);
#5145=CARTESIAN_POINT('',(5.525,1.58,8.2));
#5146=CARTESIAN_POINT('',(5.525,1.58,11.2));
#5147=VECTOR('',#6150,3.0);
#5148=CARTESIAN_POINT('',(5.525,2.43,8.2));
#5149=CARTESIAN_POINT('',(5.525,2.43,8.2));
#5150=VECTOR('',#6151,0.85);
#5151=CARTESIAN_POINT('',(5.525,2.43,11.2));
#5152=CARTESIAN_POINT('',(5.525,2.43,8.2));
#5153=VECTOR('',#6152,3.0);
#5154=CARTESIAN_POINT('',(5.525,2.68,11.2));
#5155=VECTOR('',#6153,0.25);
#5156=CARTESIAN_POINT('',(5.525,2.68,7.2));
#5157=VECTOR('',#6154,0.48);
#5158=CARTESIAN_POINT('',(5.525,2.68,5.9));
#5159=VECTOR('',#6155,0.48);
#5160=CARTESIAN_POINT('',(5.56,3.16,3.9));
#5161=VECTOR('',#6156,2.057091393205);
#5162=CARTESIAN_POINT('',(5.66,2.43,11.2));
#5163=CARTESIAN_POINT('',(5.66,2.43,11.2));
#5164=VECTOR('',#6157,0.25);
#5165=CARTESIAN_POINT('',(5.525,2.43,11.2));
#5166=VECTOR('',#6158,0.135);
#5167=CARTESIAN_POINT('',(5.66,2.43,14.0));
#5168=VECTOR('',#6159,2.8);
#5169=CARTESIAN_POINT('',(5.79,2.43,8.2));
#5170=CARTESIAN_POINT('',(5.525,2.43,8.2));
#5171=VECTOR('',#6160,0.265);
#5172=CARTESIAN_POINT('',(5.79,2.43,8.2));
#5173=VECTOR('',#6161,5.8);
#5174=CARTESIAN_POINT('',(5.79,1.58,8.2));
#5175=CARTESIAN_POINT('',(5.79,2.43,8.2));
#5176=VECTOR('',#6162,0.85);
#5177=CARTESIAN_POINT('',(5.79,1.58,14.0));
#5178=VECTOR('',#6163,5.8);
#5179=CARTESIAN_POINT('',(5.525,1.58,8.2));
#5180=VECTOR('',#6164,0.265);
#5181=CARTESIAN_POINT('',(5.66,1.58,11.2));
#5182=CARTESIAN_POINT('',(5.66,1.58,11.2));
#5183=VECTOR('',#6165,0.135);
#5184=CARTESIAN_POINT('',(5.66,1.58,11.2));
#5185=VECTOR('',#6166,2.8);
#5186=CARTESIAN_POINT('',(5.66,1.38,11.2));
#5187=CARTESIAN_POINT('',(5.66,1.38,11.2));
#5188=VECTOR('',#6167,0.2);
#5189=CARTESIAN_POINT('',(5.66,1.38,14.0));
#5190=VECTOR('',#6168,2.8);
#5191=CARTESIAN_POINT('',(5.525,1.38,11.2));
#5192=VECTOR('',#6169,0.135);
#5193=CARTESIAN_POINT('',(5.525,1.38,11.2));
#5194=VECTOR('',#6170,2.8);
#5195=CARTESIAN_POINT('',(5.324999976707,1.18,6.427490754263));
#5196=CARTESIAN_POINT('',(5.525,1.379999976707,6.427490877132));
#5197=VECTOR('',#6171,0.2828427124747);
#5198=CARTESIAN_POINT('',(5.325,1.18,14.0));
#5199=VECTOR('',#6172,7.572509245737);
#5200=CARTESIAN_POINT('',(6.03455,1.18,4.32));
#5201=CARTESIAN_POINT('',(5.525,1.18,5.9));
#5202=VECTOR('',#6173,1.660132887);
#5203=CARTESIAN_POINT('',(3.81545,1.18,4.32));
#5204=CARTESIAN_POINT('',(6.03455,1.18,4.32));
#5205=VECTOR('',#6174,2.2191);
#5206=CARTESIAN_POINT('',(3.81545,1.18,4.32));
#5207=VECTOR('',#6175,1.660132887);
#5208=CARTESIAN_POINT('',(4.525,1.18,6.427491));
#5209=CARTESIAN_POINT('',(4.325,1.18,5.9));
#5210=VECTOR('',#6176,0.5641336322904);
#5211=CARTESIAN_POINT('',(4.525,1.18,14.0));
#5212=VECTOR('',#6177,7.572509);
#5213=CARTESIAN_POINT('',(5.324999976707,1.18,6.427490754263));
#5214=VECTOR('',#6178,0.5641334107731);
#5215=CARTESIAN_POINT('',(4.325,1.38,14.0));
#5216=VECTOR('',#6179,2.8);
#5217=CARTESIAN_POINT('',(4.525,1.18,6.427491));
#5218=VECTOR('',#6180,0.2828427124747);
#5219=CARTESIAN_POINT('',(4.19,1.38,11.2));
#5220=CARTESIAN_POINT('',(4.325,1.38,11.2));
#5221=VECTOR('',#6181,0.135);
#5222=CARTESIAN_POINT('',(4.19,1.38,11.2));
#5223=VECTOR('',#6182,2.8);
#5224=CARTESIAN_POINT('',(4.19,1.58,11.2));
#5225=CARTESIAN_POINT('',(4.19,1.38,11.2));
#5226=VECTOR('',#6183,0.2);
#5227=CARTESIAN_POINT('',(4.19,1.58,14.0));
#5228=VECTOR('',#6184,2.8);
#5229=CARTESIAN_POINT('',(4.325,1.58,11.2));
#5230=VECTOR('',#6185,0.135);
#5231=CARTESIAN_POINT('',(4.06,1.58,8.2));
#5232=CARTESIAN_POINT('',(4.06,1.58,8.2));
#5233=VECTOR('',#6186,0.265);
#5234=CARTESIAN_POINT('',(4.06,1.58,8.2));
#5235=VECTOR('',#6187,5.8);
#5236=CARTESIAN_POINT('',(4.06,2.43,8.2));
#5237=VECTOR('',#6188,0.85);
#5238=CARTESIAN_POINT('',(3.68,1.015230769231,3.9));
#5239=VECTOR('',#6189,0.4710579602432);
#5240=CARTESIAN_POINT('',(4.325,1.54,5.9));
#5241=VECTOR('',#6190,2.101434034178);
#5242=CARTESIAN_POINT('',(3.68,1.54,4.963046297869));
#5243=VECTOR('',#6191,2.666149743913);
#5244=CARTESIAN_POINT('',(4.325,2.43,7.55));
#5245=VECTOR('',#6192,2.666149743913);
#5246=CARTESIAN_POINT('',(6.03455,1.18,4.32));
#5247=VECTOR('',#6193,0.4710579602432);
#5248=CARTESIAN_POINT('',(6.17,1.54,3.9));
#5249=VECTOR('',#6194,2.101434034178);
#5250=CARTESIAN_POINT('',(5.525,1.54,7.55));
#5251=VECTOR('',#6195,2.666149743913);
#5252=CARTESIAN_POINT('',(6.17,2.43,4.963046297869));
#5253=VECTOR('',#6196,2.666149743913);
#5254=CARTESIAN_POINT('',(7.565,-0.4,0.82));
#5255=CARTESIAN_POINT('',(7.565,-0.4500000000001,0.8066025403785));
#5256=AXIS2_PLACEMENT_3D('',#6197,#6198,#6199);
#5257=CARTESIAN_POINT('',(7.565,-0.45,0.0));
#5258=VECTOR('',#6200,0.8066025403784);
#5259=CARTESIAN_POINT('',(7.565,3.61,0.82));
#5260=CARTESIAN_POINT('',(7.565,3.61,0.82));
#5261=VECTOR('',#6201,0.82);
#5262=CARTESIAN_POINT('',(7.565,-0.4,0.82));
#5263=VECTOR('',#6202,4.01);
#5264=CARTESIAN_POINT('',(7.365,3.61,1.02));
#5265=AXIS2_PLACEMENT_3D('',#6203,#6204,#6205);
#5266=CARTESIAN_POINT('',(7.365,-0.4,1.02));
#5267=CARTESIAN_POINT('',(7.365,3.61,1.02));
#5268=VECTOR('',#6206,4.01);
#5269=AXIS2_PLACEMENT_3D('',#6207,#6208,#6209);
#5270=CARTESIAN_POINT('',(7.365,-0.6949489742783,0.7748188158589));
#5271=AXIS2_PLACEMENT_3D('',#6210,#6211,#6212);
#5272=CARTESIAN_POINT('',(7.365,-0.6949489742783,0.7748188158589));
#5273=CARTESIAN_POINT('',(7.391581866387,-0.6895229735233,0.8040130502115));
#5274=CARTESIAN_POINT('',(7.461485247355,-0.6659608828443,0.8350611536335));
#5275=CARTESIAN_POINT('',(7.550910573244,-0.5613920076863,0.8421440331661));
#5276=CARTESIAN_POINT('',(7.565,-0.4858723987133,0.8229404554062));
#5277=CARTESIAN_POINT('',(7.565,-0.45,0.8066025403784));
#5278=CARTESIAN_POINT('',(7.315,-0.7,0.72));
#5279=CARTESIAN_POINT('',(7.315,-0.7,0.72));
#5280=CARTESIAN_POINT('',(7.320614159061,-0.7,0.7261500031184));
#5281=CARTESIAN_POINT('',(7.331816894506,-0.6996224739758,0.7384221049953));
#5282=CARTESIAN_POINT('',(7.348537293508,-0.6979293911389,0.7567490401474));
#5283=CARTESIAN_POINT('',(7.3595376426,-0.6960639733136,0.7688196380835));
#5284=CARTESIAN_POINT('',(7.365,-0.6949489742783,0.7748188158589));
#5285=CARTESIAN_POINT('',(7.315,-0.7,0.72));
#5286=VECTOR('',#6213,0.72);
#5287=CARTESIAN_POINT('',(-0.465,-0.7,0.72));
#5288=CARTESIAN_POINT('',(-0.465,-0.7,0.72));
#5289=VECTOR('',#6214,7.78);
#5290=CARTESIAN_POINT('',(-0.465,-0.7,0.0));
#5291=VECTOR('',#6215,0.72);
#5292=CARTESIAN_POINT('',(-0.715,-0.45,0.8066025403784));
#5293=CARTESIAN_POINT('',(-0.515,-0.6949489742783,0.7748188158589));
#5294=CARTESIAN_POINT('',(-0.715,-0.45,0.8066025403784));
#5295=CARTESIAN_POINT('',(-0.715,-0.4861454018122,0.8230647933817));
#5296=CARTESIAN_POINT('',(-0.7006094098631,-0.5620736089046,0.8422333653118));
#5297=CARTESIAN_POINT('',(-0.61108042479,-0.6661369392301,0.8349017160998));
#5298=CARTESIAN_POINT('',(-0.5414611744648,-0.6895476096588,0.8038804971312));
#5299=CARTESIAN_POINT('',(-0.515,-0.6949489742783,0.7748188158589));
#5300=CARTESIAN_POINT('',(-0.715,-0.45,0.8066025403784));
#5301=VECTOR('',#6216,0.8066025403784);
#5302=CARTESIAN_POINT('',(-0.515,-0.6949489742783,0.7748188158589));
#5303=CARTESIAN_POINT('',(-0.5095376910314,-0.6960639634275,0.7688196912748));
#5304=CARTESIAN_POINT('',(-0.4985374071254,-0.6979293746591,0.7567491648632));
#5305=CARTESIAN_POINT('',(-0.4818170087814,-0.6996224673763,0.7384222302867));
#5306=CARTESIAN_POINT('',(-0.4706142080749,-0.7,0.7261500568103));
#5307=CARTESIAN_POINT('',(-0.465,-0.7,0.72));
#5308=CARTESIAN_POINT('',(-0.515,-0.4,1.02));
#5309=AXIS2_PLACEMENT_3D('',#6217,#6218,#6219);
#5310=CARTESIAN_POINT('',(7.365,-0.4,1.02));
#5311=VECTOR('',#6220,7.88);
#5312=CARTESIAN_POINT('',(-0.4678299824496,3.66,1.02));
#5313=CARTESIAN_POINT('',(-0.3,3.66,1.02));
#5314=CARTESIAN_POINT('',(-0.4678299824496,3.66,1.02));
#5315=VECTOR('',#6221,0.1678299824496);
#5316=CARTESIAN_POINT('',(-0.515,3.61,1.02));
#5317=CARTESIAN_POINT('',(-0.4678299824496,3.66,1.02));
#5318=CARTESIAN_POINT('',(-0.4766758600348,3.657501282994,1.02));
#5319=CARTESIAN_POINT('',(-0.4998981475118,3.650463711863,1.02));
#5320=CARTESIAN_POINT('',(-0.5100791349667,3.633497663267,1.02));
#5321=CARTESIAN_POINT('',(-0.515,3.618492397364,1.02));
#5322=CARTESIAN_POINT('',(-0.515,3.61,1.02));
#5323=CARTESIAN_POINT('',(-0.515,-0.4,1.02));
#5324=VECTOR('',#6222,4.01);
#5325=CARTESIAN_POINT('',(7.303716079906,3.659560636278,1.02));
#5326=CARTESIAN_POINT('',(7.365,3.61,1.02));
#5327=CARTESIAN_POINT('',(7.365,3.620663580573,1.02));
#5328=CARTESIAN_POINT('',(7.35987880604,3.638928322171,1.02));
#5329=CARTESIAN_POINT('',(7.333656397809,3.657469903169,1.02));
#5330=CARTESIAN_POINT('',(7.320933076173,3.663490303324,1.02));
#5331=CARTESIAN_POINT('',(7.303716079906,3.659560636278,1.02));
#5332=CARTESIAN_POINT('',(7.15,3.66,1.02));
#5333=CARTESIAN_POINT('',(7.15,3.66,1.02));
#5334=VECTOR('',#6223,0.1537167078167);
#5335=CARTESIAN_POINT('',(7.15,0.2,1.02));
#5336=CARTESIAN_POINT('',(7.15,0.2,1.02));
#5337=VECTOR('',#6224,3.46);
#5338=CARTESIAN_POINT('',(6.65,-0.3,1.02));
#5339=AXIS2_PLACEMENT_3D('',#6225,#6226,#6227);
#5340=CARTESIAN_POINT('',(1.925,-0.3,1.02));
#5341=CARTESIAN_POINT('',(1.925,-0.3,1.02));
#5342=VECTOR('',#6228,4.725);
#5343=CARTESIAN_POINT('',(0.2,-0.3,1.02));
#5344=CARTESIAN_POINT('',(0.2,-0.3,1.02));
#5345=VECTOR('',#6229,1.725);
#5346=CARTESIAN_POINT('',(-0.3,0.2,1.02));
#5347=AXIS2_PLACEMENT_3D('',#6230,#6231,#6232);
#5348=CARTESIAN_POINT('',(-0.3,3.66,1.02));
#5349=VECTOR('',#6233,3.46);
#5350=CARTESIAN_POINT('',(0.0,0.2,1.32));
#5351=CARTESIAN_POINT('',(0.0,3.66,1.32));
#5352=CARTESIAN_POINT('',(0.0,0.2,1.32));
#5353=VECTOR('',#6234,3.46);
#5354=AXIS2_PLACEMENT_3D('',#6235,#6236,#6237);
#5355=AXIS2_PLACEMENT_3D('',#6238,#6239,#6240);
#5356=CARTESIAN_POINT('',(0.2,0.0,1.32));
#5357=AXIS2_PLACEMENT_3D('',#6241,#6242,#6243);
#5358=AXIS2_PLACEMENT_3D('',#6244,#6245,#6246);
#5359=CARTESIAN_POINT('',(1.625,0.0,1.32));
#5360=CARTESIAN_POINT('',(1.625,0.0,1.32));
#5361=VECTOR('',#6247,1.425);
#5362=CARTESIAN_POINT('',(1.925,-0.3,1.02));
#5363=CARTESIAN_POINT('',(1.861031422788,-0.3,1.02));
#5364=CARTESIAN_POINT('',(1.754563489765,-0.2639628356144,1.017563254149));
#5365=CARTESIAN_POINT('',(1.648896659162,-0.1433279750222,1.050883265633));
#5366=CARTESIAN_POINT('',(1.623085869165,-0.03058776384619,1.159059639187));
#5367=CARTESIAN_POINT('',(1.625,0.0,1.264403812965));
#5368=CARTESIAN_POINT('',(1.625,0.0,1.32));
#5369=CARTESIAN_POINT('',(2.225,0.0,1.32));
#5370=CARTESIAN_POINT('',(2.225,0.0,1.32));
#5371=CARTESIAN_POINT('',(2.225,0.0,1.261108117017));
#5372=CARTESIAN_POINT('',(2.227368302228,-0.03401146236919,1.151081901457));
#5373=CARTESIAN_POINT('',(2.195765516073,-0.1552569524059,1.044443546372));
#5374=CARTESIAN_POINT('',(2.083442359029,-0.2702813818979,1.01795096828));
#5375=CARTESIAN_POINT('',(1.983636283214,-0.3,1.02));
#5376=CARTESIAN_POINT('',(1.925,-0.3,1.02));
#5377=CARTESIAN_POINT('',(2.225,0.0,1.32));
#5378=VECTOR('',#6248,6.33);
#5379=CARTESIAN_POINT('',(1.625,0.0,7.65));
#5380=VECTOR('',#6249,6.33);
#5381=CARTESIAN_POINT('',(0.2,0.0,1.32));
#5382=VECTOR('',#6250,6.33);
#5383=CARTESIAN_POINT('',(0.0,0.2,7.65));
#5384=VECTOR('',#6251,6.33);
#5385=CARTESIAN_POINT('',(0.0,3.66,1.32));
#5386=VECTOR('',#6252,6.33);
#5387=CARTESIAN_POINT('',(0.2,3.86,1.32));
#5388=AXIS2_PLACEMENT_3D('',#6253,#6254,#6255);
#5389=CARTESIAN_POINT('',(0.2,3.86,7.65));
#5390=VECTOR('',#6256,6.33);
#5391=CARTESIAN_POINT('',(-0.3,3.86,0.82));
#5392=CARTESIAN_POINT('',(-0.465,3.86,0.82));
#5393=CARTESIAN_POINT('',(-0.3,3.86,0.82));
#5394=VECTOR('',#6257,0.165);
#5395=AXIS2_PLACEMENT_3D('',#6258,#6259,#6260);
#5396=CARTESIAN_POINT('',(6.65,3.86,1.32));
#5397=CARTESIAN_POINT('',(6.65,3.86,1.32));
#5398=VECTOR('',#6261,6.33);
#5399=CARTESIAN_POINT('',(7.15,3.86,0.82));
#5400=AXIS2_PLACEMENT_3D('',#6262,#6263,#6264);
#5401=CARTESIAN_POINT('',(7.315,3.86,0.82));
#5402=CARTESIAN_POINT('',(7.315,3.86,0.82));
#5403=VECTOR('',#6265,0.165);
#5404=CARTESIAN_POINT('',(7.315,3.86,0.0));
#5405=VECTOR('',#6266,0.82);
#5406=CARTESIAN_POINT('',(-0.465,3.86,0.82));
#5407=VECTOR('',#6267,0.82);
#5408=CARTESIAN_POINT('',(5.92988308401,3.86,5.574));
#5409=CARTESIAN_POINT('',(4.875,3.86,5.574));
#5410=CARTESIAN_POINT('',(5.92988308401,3.86,5.574));
#5411=VECTOR('',#6268,1.05488308401);
#5412=CARTESIAN_POINT('',(5.916954453482,3.86,7.055474320177));
#5413=VECTOR('',#6269,1.481530732327);
#5414=CARTESIAN_POINT('',(4.875,3.86,5.574));
#5415=VECTOR('',#6270,1.481474320177);
#5416=CARTESIAN_POINT('',(1.975,3.86,5.574));
#5417=CARTESIAN_POINT('',(0.92011691599,3.86,5.574));
#5418=CARTESIAN_POINT('',(1.975,3.86,5.574));
#5419=VECTOR('',#6271,1.05488308401);
#5420=CARTESIAN_POINT('',(1.975,3.86,5.574));
#5421=VECTOR('',#6272,1.481474320177);
#5422=CARTESIAN_POINT('',(0.9330455465176,3.86,7.055474320177));
#5423=VECTOR('',#6273,1.481530732327);
#5424=CARTESIAN_POINT('',(0.933016362762,4.370937696686,7.052130193021));
#5425=CARTESIAN_POINT('',(0.9330455465176,3.86,7.055474320177));
#5426=CARTESIAN_POINT('',(0.9328237734024,3.86,7.030061638271));
#5427=CARTESIAN_POINT('',(0.9329817326245,3.860451124081,7.048161972304));
#5428=CARTESIAN_POINT('',(0.9328043936219,3.860983433264,7.027840935388));
#5429=CARTESIAN_POINT('',(0.9327919509585,3.861805741318,7.026415147375));
#5430=CARTESIAN_POINT('',(0.9327143521913,3.862745510827,7.017523209395));
#5431=CARTESIAN_POINT('',(0.9326508198222,3.864028485997,7.010243120976));
#5432=CARTESIAN_POINT('',(0.9325768848958,3.865636315314,7.001771017571));
#5433=CARTESIAN_POINT('',(0.932481290929,3.86822586847,6.990817033955));
#5434=CARTESIAN_POINT('',(0.9323814679724,3.871477561877,6.9793784561));
#5435=CARTESIAN_POINT('',(0.9322811857457,3.875394222794,6.967887251116));
#5436=CARTESIAN_POINT('',(0.9321934444843,3.879320289331,6.957833098403));
#5437=CARTESIAN_POINT('',(0.9320888535488,3.884564342669,6.94584816429));
#5438=CARTESIAN_POINT('',(0.9319757649365,3.891132646739,6.93288949287));
#5439=CARTESIAN_POINT('',(0.931858817338,3.899028680518,6.919488625418));
#5440=CARTESIAN_POINT('',(0.9317215194291,3.909570699568,6.903755843367));
#5441=CARTESIAN_POINT('',(0.9315768660529,3.922768449914,6.887180208255));
#5442=CARTESIAN_POINT('',(0.9314327680095,3.938627864589,6.870668207978));
#5443=CARTESIAN_POINT('',(0.9313112185005,3.954504190478,6.856740013819));
#5444=CARTESIAN_POINT('',(0.9312078399413,3.970394144427,6.844894004265));
#5445=CARTESIAN_POINT('',(0.9310904774304,3.991596106199,6.831445592568));
#5446=CARTESIAN_POINT('',(0.9309770008322,4.018123478042,6.818442462357));
#5447=CARTESIAN_POINT('',(0.9308841325892,4.049988801649,6.807800815752));
#5448=CARTESIAN_POINT('',(0.9308294471991,4.081882762078,6.801534490712));
#5449=CARTESIAN_POINT('',(0.930810272245,4.113803355039,6.799337258616));
#5450=CARTESIAN_POINT('',(0.9308257992296,4.145749974164,6.801116474816));
#5451=CARTESIAN_POINT('',(0.9308768366503,4.177723225821,6.806964783961));
#5452=CARTESIAN_POINT('',(0.9309660569238,4.209725114299,6.817188414669));
#5453=CARTESIAN_POINT('',(0.9310764935475,4.236420419194,6.829843198301));
#5454=CARTESIAN_POINT('',(0.9311914240787,4.257796598813,6.843012932734));
#5455=CARTESIAN_POINT('',(0.9312929786532,4.273840250907,6.85464993434));
#5456=CARTESIAN_POINT('',(0.9314127041775,4.289897531061,6.868369120551));
#5457=CARTESIAN_POINT('',(0.9315549782362,4.305971722428,6.884672112881));
#5458=CARTESIAN_POINT('',(0.9316981116251,4.319385310452,6.901073574702));
#5459=CARTESIAN_POINT('',(0.9318341935442,4.330132362096,6.916667018122));
#5460=CARTESIAN_POINT('',(0.9319502291503,4.338203131339,6.9299633816));
#5461=CARTESIAN_POINT('',(0.9320625577689,4.344940496454,6.942834966375));
#5462=CARTESIAN_POINT('',(0.9321665407095,4.350340978463,6.954750231172));
#5463=CARTESIAN_POINT('',(0.9322538259748,4.354398313437,6.964752131898));
#5464=CARTESIAN_POINT('',(0.9323536522053,4.358465054031,6.976191084895));
#5465=CARTESIAN_POINT('',(0.9324530951651,4.361866195216,6.987586119427));
#5466=CARTESIAN_POINT('',(0.9325483851344,4.364598909734,6.998505268385));
#5467=CARTESIAN_POINT('',(0.9326221300624,4.366317497713,7.006955600131));
#5468=CARTESIAN_POINT('',(0.9326855104327,4.36769565638,7.014218271215));
#5469=CARTESIAN_POINT('',(0.932762995201,4.368751737249,7.023097146217));
#5470=CARTESIAN_POINT('',(0.9327753428648,4.369592637842,7.024512048344));
#5471=CARTESIAN_POINT('',(0.932952605869,4.370390895578,7.044824376708));
#5472=CARTESIAN_POINT('',(0.9327946086452,4.370605054955,7.026719688116));
#5473=CARTESIAN_POINT('',(0.933016362762,4.370937696686,7.052130193021));
#5474=CARTESIAN_POINT('',(0.9657235270645,4.42,10.8));
#5475=CARTESIAN_POINT('',(0.9657235270645,4.42,10.8));
#5476=VECTOR('',#6274,3.748333624195);
#5477=CARTESIAN_POINT('',(0.9798610528855,4.42,12.42));
#5478=CARTESIAN_POINT('',(0.9798610528855,4.42,12.42));
#5479=VECTOR('',#6275,1.620061686985);
#5480=CARTESIAN_POINT('',(0.9858825916612,5.405422124652,13.11));
#5481=CARTESIAN_POINT('',(0.9798610528855,4.42,12.42));
#5482=VECTOR('',#6276,1.202993359368);
#5483=CARTESIAN_POINT('',(0.9858825916612,5.821034178839,13.11));
#5484=CARTESIAN_POINT('',(0.9858825916612,5.821034178839,13.11));
#5485=VECTOR('',#6277,0.4156120541866);
#5486=CARTESIAN_POINT('',(0.919907471163,5.92,5.55));
#5487=CARTESIAN_POINT('',(0.9858825916612,5.821034178839,13.11));
#5488=VECTOR('',#6278,7.560935586968);
#5489=CARTESIAN_POINT('',(0.9185984409944,6.07,5.4));
#5490=CARTESIAN_POINT('',(0.919907471163,5.92,5.55));
#5491=VECTOR('',#6279,0.2121360732171);
#5492=CARTESIAN_POINT('',(0.8972176149071,6.07,2.95));
#5493=CARTESIAN_POINT('',(0.8972176149071,6.07,2.95));
#5494=VECTOR('',#6280,2.450093292045);
#5495=CARTESIAN_POINT('',(0.8937268677908,6.47,2.55));
#5496=CARTESIAN_POINT('',(0.8972176149071,6.07,2.95));
#5497=VECTOR('',#6281,0.5656961952457);
#5498=CARTESIAN_POINT('',(0.885,6.47,1.55));
#5499=CARTESIAN_POINT('',(0.885,6.47,1.55));
#5500=VECTOR('',#6282,1.000038078386);
#5501=CARTESIAN_POINT('',(0.885,5.38,1.55));
#5502=CARTESIAN_POINT('',(0.885,5.38,1.55));
#5503=VECTOR('',#6283,1.09);
#5504=CARTESIAN_POINT('',(0.891632419521,4.62,2.31));
#5505=CARTESIAN_POINT('',(0.891632419521,4.62,2.31));
#5506=CARTESIAN_POINT('',(0.8894216551044,4.62,2.056671489745));
#5507=CARTESIAN_POINT('',(0.8866744061562,4.811860777443,1.741867941208));
#5508=CARTESIAN_POINT('',(0.885,5.126661843404,1.55));
#5509=CARTESIAN_POINT('',(0.885,5.38,1.55));
#5510=CARTESIAN_POINT('',(0.92011691599,4.62,5.574));
#5511=CARTESIAN_POINT('',(0.92011691599,4.62,5.574));
#5512=VECTOR('',#6284,3.264124287851);
#5513=CARTESIAN_POINT('',(0.9207801579421,4.544,5.65));
#5514=CARTESIAN_POINT('',(0.9207801579421,4.544,5.65));
#5515=CARTESIAN_POINT('',(0.9207801579421,4.594667631319,5.65));
#5516=CARTESIAN_POINT('',(0.9205590688733,4.62,5.624665702051));
#5517=CARTESIAN_POINT('',(0.92011691599,4.62,5.574));
#5518=CARTESIAN_POINT('',(0.9207801579421,3.936,5.65));
#5519=CARTESIAN_POINT('',(0.9207801579421,3.936,5.65));
#5520=VECTOR('',#6285,0.608);
#5521=CARTESIAN_POINT('',(0.92011691599,3.86,5.574));
#5522=CARTESIAN_POINT('',(0.9205590688733,3.86,5.624665702051));
#5523=CARTESIAN_POINT('',(0.9207801579421,3.885332368681,5.65));
#5524=CARTESIAN_POINT('',(0.9207801579421,3.936,5.65));
#5525=CARTESIAN_POINT('',(1.975,3.936,5.65));
#5526=CARTESIAN_POINT('',(0.9207801579421,3.936,5.65));
#5527=VECTOR('',#6286,1.054219842058);
#5528=AXIS2_PLACEMENT_3D('',#6287,#6288,#6289);
#5529=CARTESIAN_POINT('',(1.975,4.544,5.65));
#5530=CARTESIAN_POINT('',(1.975,3.936,5.65));
#5531=VECTOR('',#6290,0.608);
#5532=CARTESIAN_POINT('',(1.975,4.62,5.574));
#5533=AXIS2_PLACEMENT_3D('',#6291,#6292,#6293);
#5534=CARTESIAN_POINT('',(1.975,4.62,2.31));
#5535=CARTESIAN_POINT('',(1.975,4.62,5.574));
#5536=VECTOR('',#6294,3.264);
#5537=CARTESIAN_POINT('',(1.975,5.3,1.554222254892));
#5538=AXIS2_PLACEMENT_3D('',#6295,#6296,#6297);
#5539=CARTESIAN_POINT('',(1.975,5.3,10.90805041359));
#5540=CARTESIAN_POINT('',(1.975,5.3,1.554222254892));
#5541=VECTOR('',#6298,9.353828158702);
#5542=CARTESIAN_POINT('',(1.975,4.42,10.8));
#5543=CARTESIAN_POINT('',(1.975,5.3,10.90805041359));
#5544=VECTOR('',#6299,0.8866086464038);
#5545=CARTESIAN_POINT('',(1.975,4.370937696686,7.052130193021));
#5546=CARTESIAN_POINT('',(1.975,4.42,10.8));
#5547=VECTOR('',#6300,3.748190923588);
#5548=AXIS2_PLACEMENT_3D('',#6301,#6302,#6303);
#5549=CARTESIAN_POINT('',(1.975,4.370937696686,7.052130193021));
#5550=VECTOR('',#6304,1.041983637238);
#5551=CARTESIAN_POINT('',(0.9657235270645,4.42,10.8));
#5552=VECTOR('',#6305,1.009276472935);
#5553=CARTESIAN_POINT('',(4.875,4.42,10.8));
#5554=CARTESIAN_POINT('',(1.975,4.42,10.8));
#5555=VECTOR('',#6306,2.9);
#5556=CARTESIAN_POINT('',(5.884276472935,4.42,10.8));
#5557=CARTESIAN_POINT('',(4.875,4.42,10.8));
#5558=VECTOR('',#6307,1.009276472935);
#5559=CARTESIAN_POINT('',(5.870138947114,4.42,12.42));
#5560=CARTESIAN_POINT('',(5.870138947114,4.42,12.42));
#5561=VECTOR('',#6308,1.620061686985);
#5562=CARTESIAN_POINT('',(0.9798610528855,4.42,12.42));
#5563=VECTOR('',#6309,4.890277894229);
#5564=CARTESIAN_POINT('',(5.864117408339,5.405422124652,13.11));
#5565=CARTESIAN_POINT('',(5.864117408339,5.405422124652,13.11));
#5566=VECTOR('',#6310,1.202993359368);
#5567=CARTESIAN_POINT('',(0.9858825916612,5.405422124652,13.11));
#5568=VECTOR('',#6311,4.878234816678);
#5569=CARTESIAN_POINT('',(5.864117408339,5.821034178839,13.11));
#5570=CARTESIAN_POINT('',(5.864117408339,5.821034178839,13.11));
#5571=VECTOR('',#6312,0.4156120541866);
#5572=CARTESIAN_POINT('',(0.9858825916612,5.821034178839,13.11));
#5573=VECTOR('',#6313,4.878234816678);
#5574=CARTESIAN_POINT('',(5.930092528837,5.92,5.55));
#5575=CARTESIAN_POINT('',(5.930092528837,5.92,5.55));
#5576=VECTOR('',#6314,7.560935586968);
#5577=CARTESIAN_POINT('',(0.919907471163,5.92,5.55));
#5578=VECTOR('',#6315,5.010185057674);
#5579=CARTESIAN_POINT('',(5.931401559006,6.07,5.4));
#5580=CARTESIAN_POINT('',(5.931401559006,6.07,5.4));
#5581=VECTOR('',#6316,0.2121360732171);
#5582=CARTESIAN_POINT('',(0.9185984409944,6.07,5.4));
#5583=VECTOR('',#6317,5.012803118011);
#5584=CARTESIAN_POINT('',(5.952782385093,6.07,2.95));
#5585=CARTESIAN_POINT('',(5.952782385093,6.07,2.95));
#5586=VECTOR('',#6318,2.450093292045);
#5587=CARTESIAN_POINT('',(0.8972176149071,6.07,2.95));
#5588=VECTOR('',#6319,5.055564770186);
#5589=CARTESIAN_POINT('',(5.956273132209,6.47,2.55));
#5590=CARTESIAN_POINT('',(5.956273132209,6.47,2.55));
#5591=VECTOR('',#6320,0.5656961952457);
#5592=CARTESIAN_POINT('',(0.8937268677908,6.47,2.55));
#5593=VECTOR('',#6321,5.062546264418);
#5594=CARTESIAN_POINT('',(5.965,6.47,1.55));
#5595=CARTESIAN_POINT('',(5.965,6.47,1.55));
#5596=VECTOR('',#6322,1.000038078386);
#5597=CARTESIAN_POINT('',(0.885,6.47,1.55));
#5598=VECTOR('',#6323,5.08);
#5599=CARTESIAN_POINT('',(5.965,5.38,1.55));
#5600=CARTESIAN_POINT('',(5.965,5.38,1.55));
#5601=VECTOR('',#6324,1.09);
#5602=CARTESIAN_POINT('',(0.885,5.38,1.55));
#5603=VECTOR('',#6325,5.08);
#5604=CARTESIAN_POINT('',(4.875,5.3,1.554222254892));
#5605=CARTESIAN_POINT('',(4.875,5.3,1.554222254892));
#5606=VECTOR('',#6326,2.9);
#5607=CARTESIAN_POINT('',(1.975,4.62,2.31));
#5608=VECTOR('',#6327,1.083367580479);
#5609=CARTESIAN_POINT('',(5.958367580479,4.62,2.31));
#5610=CARTESIAN_POINT('',(5.958367580479,4.62,2.31));
#5611=CARTESIAN_POINT('',(5.960578344896,4.62,2.056671489745));
#5612=CARTESIAN_POINT('',(5.963325593844,4.811860777443,1.741867941208));
#5613=CARTESIAN_POINT('',(5.965,5.126661843404,1.55));
#5614=CARTESIAN_POINT('',(5.965,5.38,1.55));
#5615=CARTESIAN_POINT('',(4.875,4.62,2.31));
#5616=CARTESIAN_POINT('',(5.958367580479,4.62,2.31));
#5617=VECTOR('',#6328,1.083367580479);
#5618=AXIS2_PLACEMENT_3D('',#6329,#6330,#6331);
#5619=CARTESIAN_POINT('',(4.875,4.370937696686,7.052130193021));
#5620=CARTESIAN_POINT('',(4.875,4.42,10.8));
#5621=VECTOR('',#6332,3.748190923588);
#5622=CARTESIAN_POINT('',(4.875,5.3,10.90805041359));
#5623=CARTESIAN_POINT('',(4.875,4.42,10.8));
#5624=VECTOR('',#6333,0.8866086464038);
#5625=CARTESIAN_POINT('',(4.875,5.3,1.554222254892));
#5626=VECTOR('',#6334,9.353828158702);
#5627=CARTESIAN_POINT('',(4.875,4.62,5.574));
#5628=CARTESIAN_POINT('',(4.875,4.62,5.574));
#5629=VECTOR('',#6335,3.264);
#5630=CARTESIAN_POINT('',(4.875,4.544,5.65));
#5631=AXIS2_PLACEMENT_3D('',#6336,#6337,#6338);
#5632=CARTESIAN_POINT('',(4.875,3.936,5.65));
#5633=CARTESIAN_POINT('',(4.875,3.936,5.65));
#5634=VECTOR('',#6339,0.608);
#5635=AXIS2_PLACEMENT_3D('',#6340,#6341,#6342);
#5636=AXIS2_PLACEMENT_3D('',#6343,#6344,#6345);
#5637=CARTESIAN_POINT('',(5.916983637238,4.370937696686,7.052130193021));
#5638=CARTESIAN_POINT('',(5.916983637238,4.370937696686,7.052130193021));
#5639=CARTESIAN_POINT('',(5.917717074814,4.36983750541,6.968086571181));
#5640=CARTESIAN_POINT('',(5.918631968556,4.305206488865,6.863250132288));
#5641=CARTESIAN_POINT('',(5.919183991852,4.199533814779,6.799994528047));
#5642=CARTESIAN_POINT('',(5.919183991852,4.11547979213,6.799994528047));
#5643=CARTESIAN_POINT('',(5.916983637238,4.370937696686,7.052130193021));
#5644=VECTOR('',#6346,1.041983637238);
#5645=CARTESIAN_POINT('',(5.884276472935,4.42,10.8));
#5646=VECTOR('',#6347,3.748333624195);
#5647=CARTESIAN_POINT('',(5.929219842058,3.936,5.65));
#5648=CARTESIAN_POINT('',(5.929219842058,3.936,5.65));
#5649=CARTESIAN_POINT('',(5.929219842058,3.885332368681,5.65));
#5650=CARTESIAN_POINT('',(5.929440931127,3.86,5.624665702051));
#5651=CARTESIAN_POINT('',(5.92988308401,3.86,5.574));
#5652=CARTESIAN_POINT('',(5.929219842058,4.544,5.65));
#5653=CARTESIAN_POINT('',(5.929219842058,3.936,5.65));
#5654=VECTOR('',#6348,0.608);
#5655=CARTESIAN_POINT('',(5.92988308401,4.62,5.574));
#5656=CARTESIAN_POINT('',(5.92988308401,4.62,5.574));
#5657=CARTESIAN_POINT('',(5.929440931127,4.62,5.624665702051));
#5658=CARTESIAN_POINT('',(5.929219842058,4.594667631319,5.65));
#5659=CARTESIAN_POINT('',(5.929219842058,4.544,5.65));
#5660=CARTESIAN_POINT('',(5.92988308401,4.62,5.574));
#5661=VECTOR('',#6349,3.264124287851);
#5662=CARTESIAN_POINT('',(4.875,4.62,5.574));
#5663=VECTOR('',#6350,1.05488308401);
#5664=CARTESIAN_POINT('',(5.929219842058,4.544,5.65));
#5665=VECTOR('',#6351,1.054219842058);
#5666=CARTESIAN_POINT('',(4.875,3.936,5.65));
#5667=VECTOR('',#6352,1.054219842058);
#5668=CARTESIAN_POINT('',(4.875,5.3,10.90805041359));
#5669=VECTOR('',#6353,2.9);
#5670=CARTESIAN_POINT('',(0.92011691599,4.62,5.574));
#5671=VECTOR('',#6354,1.05488308401);
#5672=CARTESIAN_POINT('',(1.975,4.544,5.65));
#5673=VECTOR('',#6355,1.054219842058);
#5674=CARTESIAN_POINT('',(-0.715,3.61,0.82));
#5675=AXIS2_PLACEMENT_3D('',#6356,#6357,#6358);
#5676=CARTESIAN_POINT('',(-0.715,3.61,0.0));
#5677=VECTOR('',#6359,0.82);
#5678=CARTESIAN_POINT('',(-0.715,-0.4,0.8200000000001));
#5679=AXIS2_PLACEMENT_3D('',#6360,#6361,#6362);
#5680=CARTESIAN_POINT('',(-0.715,3.61,0.82));
#5681=VECTOR('',#6363,4.01);
#5682=AXIS2_PLACEMENT_3D('',#6364,#6365,#6366);
#5683=AXIS2_PLACEMENT_3D('',#6367,#6368,#6369);
#5684=AXIS2_PLACEMENT_3D('',#6370,#6371,#6372);
#5685=AXIS2_PLACEMENT_3D('',#6373,#6374,#6375);
#5686=AXIS2_PLACEMENT_3D('',#6376,#6377,#6378);
#5687=AXIS2_PLACEMENT_3D('',#6379,#6380,#6381);
#5688=AXIS2_PLACEMENT_3D('',#6382,#6383,#6384);
#5689=CARTESIAN_POINT('',(6.85,3.66,1.32));
#5690=AXIS2_PLACEMENT_3D('',#6385,#6386,#6387);
#5691=AXIS2_PLACEMENT_3D('',#6388,#6389,#6390);
#5692=CARTESIAN_POINT('',(6.85,0.2,1.32));
#5693=CARTESIAN_POINT('',(6.85,3.66,1.32));
#5694=VECTOR('',#6391,3.46);
#5695=AXIS2_PLACEMENT_3D('',#6392,#6393,#6394);
#5696=CARTESIAN_POINT('',(6.65,0.0,1.32));
#5697=AXIS2_PLACEMENT_3D('',#6395,#6396,#6397);
#5698=AXIS2_PLACEMENT_3D('',#6398,#6399,#6400);
#5699=CARTESIAN_POINT('',(6.65,0.0,1.32));
#5700=VECTOR('',#6401,4.425);
#5701=CARTESIAN_POINT('',(6.65,0.0,7.65));
#5702=VECTOR('',#6402,6.33);
#5703=CARTESIAN_POINT('',(6.85,0.2,1.32));
#5704=VECTOR('',#6403,6.33);
#5705=CARTESIAN_POINT('',(6.85,3.66,7.65));
#5706=VECTOR('',#6404,6.33);
#5707=CARTESIAN_POINT('',(5.205,2.68,5.9));
#5708=VECTOR('',#6405,2.058160586543);
#5709=CARTESIAN_POINT('',(1.06,2.43,8.2));
#5710=CARTESIAN_POINT('',(1.06,2.43,8.2));
#5711=VECTOR('',#6406,5.8);
#5712=CARTESIAN_POINT('',(1.325,2.43,8.2));
#5713=VECTOR('',#6407,0.265);
#5714=CARTESIAN_POINT('',(1.19,2.43,11.2));
#5715=CARTESIAN_POINT('',(1.325,2.43,11.2));
#5716=VECTOR('',#6408,0.135);
#5717=CARTESIAN_POINT('',(1.19,2.43,14.0));
#5718=VECTOR('',#6409,2.8);
#5719=CARTESIAN_POINT('',(1.19,2.43,11.2));
#5720=VECTOR('',#6410,0.25);
#5721=CARTESIAN_POINT('',(1.06,1.58,8.2));
#5722=CARTESIAN_POINT('',(1.06,2.43,8.2));
#5723=VECTOR('',#6411,0.85);
#5724=CARTESIAN_POINT('',(1.06,1.58,8.2));
#5725=VECTOR('',#6412,0.265);
#5726=CARTESIAN_POINT('',(1.19,1.58,11.2));
#5727=CARTESIAN_POINT('',(1.325,1.58,11.2));
#5728=VECTOR('',#6413,0.135);
#5729=CARTESIAN_POINT('',(1.06,1.58,8.2));
#5730=VECTOR('',#6414,5.8);
#5731=CARTESIAN_POINT('',(1.19,1.58,14.0));
#5732=VECTOR('',#6415,2.8);
#5733=CARTESIAN_POINT('',(1.19,1.38,11.2));
#5734=CARTESIAN_POINT('',(1.19,1.38,11.2));
#5735=VECTOR('',#6416,2.8);
#5736=CARTESIAN_POINT('',(1.19,1.38,11.2));
#5737=VECTOR('',#6417,0.2);
#5738=CARTESIAN_POINT('',(1.325,1.38,11.2));
#5739=VECTOR('',#6418,0.135);
#5740=CARTESIAN_POINT('',(2.79,2.43,8.2));
#5741=CARTESIAN_POINT('',(2.79,2.43,8.2));
#5742=VECTOR('',#6419,5.8);
#5743=CARTESIAN_POINT('',(2.79,2.43,8.2));
#5744=VECTOR('',#6420,0.85);
#5745=CARTESIAN_POINT('',(2.525,2.43,8.2));
#5746=VECTOR('',#6421,0.265);
#5747=CARTESIAN_POINT('',(2.66,2.43,11.2));
#5748=CARTESIAN_POINT('',(2.66,2.43,14.0));
#5749=VECTOR('',#6422,2.8);
#5750=CARTESIAN_POINT('',(2.525,2.43,11.2));
#5751=VECTOR('',#6423,0.135);
#5752=CARTESIAN_POINT('',(2.66,2.43,11.2));
#5753=VECTOR('',#6424,0.25);
#5754=CARTESIAN_POINT('',(3.17,1.54,3.9));
#5755=VECTOR('',#6425,2.101434034178);
#5756=CARTESIAN_POINT('',(2.825410750344,1.930405801544,-150.0));
#5757=CARTESIAN_POINT('',(2.825410750344,1.930405801544,2.0));
#5758=CARTESIAN_POINT('',(2.825410750344,1.930405801544,-150.0));
#5759=VECTOR('',#6426,152.0);
#5760=CARTESIAN_POINT('',(1.025410750344,1.930405801544,2.0));
#5761=AXIS2_PLACEMENT_3D('',#6427,#6428,#6429);
#5762=CARTESIAN_POINT('',(1.025410750344,1.930405801544,-150.0));
#5763=CARTESIAN_POINT('',(1.025410750344,1.930405801544,-150.0));
#5764=VECTOR('',#6430,152.0);
#5765=AXIS2_PLACEMENT_3D('',#6431,#6432,#6433);
#5766=AXIS2_PLACEMENT_3D('',#6434,#6435,#6436);
#5767=CARTESIAN_POINT('',(2.400410750344,1.930405801544,-150.0));
#5768=CARTESIAN_POINT('',(1.450410750344,1.930405801544,-150.0));
#5769=AXIS2_PLACEMENT_3D('',#6437,#6438,#6439);
#5770=AXIS2_PLACEMENT_3D('',#6440,#6441,#6442);
#5771=AXIS2_PLACEMENT_3D('',#6443,#6444,#6445);
#5772=CARTESIAN_POINT('',(1.450410750344,1.930405801544,-155.0));
#5773=CARTESIAN_POINT('',(1.450410750344,1.930405801544,-155.0));
#5774=VECTOR('',#6446,5.0);
#5775=CARTESIAN_POINT('',(2.400410750344,1.930405801544,-155.0));
#5776=AXIS2_PLACEMENT_3D('',#6447,#6448,#6449);
#5777=CARTESIAN_POINT('',(2.400410750344,1.930405801544,-155.0));
#5778=VECTOR('',#6450,5.0);
#5779=AXIS2_PLACEMENT_3D('',#6451,#6452,#6453);
#5780=CARTESIAN_POINT('',(5.825410750344,1.930405801544,-150.0));
#5781=CARTESIAN_POINT('',(5.825410750344,1.930405801544,2.0));
#5782=CARTESIAN_POINT('',(5.825410750344,1.930405801544,-150.0));
#5783=VECTOR('',#6454,152.0);
#5784=CARTESIAN_POINT('',(4.025410750344,1.930405801544,2.0));
#5785=AXIS2_PLACEMENT_3D('',#6455,#6456,#6457);
#5786=CARTESIAN_POINT('',(4.025410750344,1.930405801544,-150.0));
#5787=CARTESIAN_POINT('',(4.025410750344,1.930405801544,-150.0));
#5788=VECTOR('',#6458,152.0);
#5789=AXIS2_PLACEMENT_3D('',#6459,#6460,#6461);
#5790=AXIS2_PLACEMENT_3D('',#6462,#6463,#6464);
#5791=CARTESIAN_POINT('',(5.400410750344,1.930405801544,-150.0));
#5792=CARTESIAN_POINT('',(4.450410750344,1.930405801544,-150.0));
#5793=AXIS2_PLACEMENT_3D('',#6465,#6466,#6467);
#5794=AXIS2_PLACEMENT_3D('',#6468,#6469,#6470);
#5795=AXIS2_PLACEMENT_3D('',#6471,#6472,#6473);
#5796=CARTESIAN_POINT('',(4.450410750344,1.930405801544,-155.0));
#5797=CARTESIAN_POINT('',(4.450410750344,1.930405801544,-155.0));
#5798=VECTOR('',#6474,5.0);
#5799=CARTESIAN_POINT('',(5.400410750344,1.930405801544,-155.0));
#5800=AXIS2_PLACEMENT_3D('',#6475,#6476,#6477);
#5801=CARTESIAN_POINT('',(5.400410750344,1.930405801544,-155.0));
#5802=VECTOR('',#6478,5.0);
#5803=AXIS2_PLACEMENT_3D('',#6479,#6480,#6481);
#5804=DIRECTION('',(1.0,-0.0,0.0));
#5805=CARTESIAN_POINT('',(4.875,4.11547979213,7.055474320177));
#5806=DIRECTION('',(1.0,0.0,0.0));
#5807=DIRECTION('',(0.0,-1.0,-3.128860294845E-14));
#5808=DIRECTION('',(1.0,0.0,0.0));
#5809=DIRECTION('',(1.0,-0.0,0.0));
#5810=DIRECTION('',(1.0,0.0,0.0));
#5811=CARTESIAN_POINT('',(1.975,4.11547979213,7.055474320177));
#5812=DIRECTION('',(-1.0,0.0,0.0));
#5813=DIRECTION('',(0.0,0.999914327574007,-0.0130895955713301));
#5814=DIRECTION('',(0.0,1.0,0.0));
#5815=DIRECTION('',(0.0,0.0,1.0));
#5816=DIRECTION('',(0.0,-1.0,2.590520390792E-14));
#5817=DIRECTION('',(0.0,0.0,1.0));
#5818=DIRECTION('',(1.0,0.0,0.0));
#5819=DIRECTION('',(0.0,0.0,-1.0));
#5820=DIRECTION('',(1.0,0.0,0.0));
#5821=DIRECTION('',(0.0,0.0,-1.0));
#5822=DIRECTION('',(1.0,0.0,0.0));
#5823=DIRECTION('',(0.0,0.0,-1.0));
#5824=DIRECTION('',(-1.0,0.0,0.0));
#5825=DIRECTION('',(0.0,0.0,1.0));
#5826=DIRECTION('',(1.0,0.0,0.0));
#5827=DIRECTION('',(1.0,0.0,0.0));
#5828=DIRECTION('',(0.0,0.0,1.0));
#5829=DIRECTION('',(0.0,-1.0,0.0));
#5830=DIRECTION('',(0.0,-1.0,0.0));
#5831=DIRECTION('',(0.0,0.0,1.0));
#5832=DIRECTION('',(-1.0,0.0,0.0));
#5833=DIRECTION('',(0.0,0.0,1.0));
#5834=DIRECTION('',(-0.0174973209278304,0.0,-0.999846910161925));
#5835=DIRECTION('',(-1.0,0.0,0.0));
#5836=DIRECTION('',(0.0,0.0,-1.0));
#5837=DIRECTION('',(-1.0,0.0,0.0));
#5838=DIRECTION('',(0.0,0.0,1.0));
#5839=DIRECTION('',(-1.0,0.0,0.0));
#5840=DIRECTION('',(-0.0174973209278304,0.0,0.999846910161925));
#5841=DIRECTION('',(0.0,0.0,1.0));
#5842=DIRECTION('',(1.0,0.0,0.0));
#5843=DIRECTION('',(-0.0374736605890993,0.0,-0.99929761570918));
#5844=DIRECTION('',(-1.0,0.0,0.0));
#5845=DIRECTION('',(-0.0374736605890993,0.0,0.99929761570918));
#5846=DIRECTION('',(-0.0364403052368098,-0.233217953515599,0.971741472981494));
#5847=DIRECTION('',(-0.0364403052368098,0.233217953515599,-0.971741472981494));
#5848=DIRECTION('',(0.0,1.0,0.0));
#5849=DIRECTION('',(0.0,-1.0,0.0));
#5850=DIRECTION('',(0.0,0.0,-1.0));
#5851=DIRECTION('',(0.0,-1.0,0.0));
#5852=DIRECTION('',(0.0,0.0,1.0));
#5853=DIRECTION('',(-4.4408920985E-14,1.0,1.307596006781E-13));
#5854=DIRECTION('',(-2.67649995792497E-14,0.354525964979896,0.935046170065989));
#5855=DIRECTION('',(0.0,-4.880659404918E-09,-1.0));
#5856=DIRECTION('',(0.0,-1.0,0.0));
#5857=DIRECTION('',(0.0,0.0,-1.0));
#5858=DIRECTION('',(0.0,-1.0,0.0));
#5859=DIRECTION('',(0.0,0.0,1.0));
#5860=DIRECTION('',(0.0,-1.0,0.0));
#5861=DIRECTION('',(0.0,1.0,7.401486830835E-14));
#5862=DIRECTION('',(-0.0170143145392602,-0.233339170824103,0.972246545100511));
#5863=DIRECTION('',(-0.299226635174692,-0.222680286641594,0.927834527673577));
#5864=DIRECTION('',(0.0,1.0,1.034180351706E-14));
#5865=DIRECTION('',(0.306933260578091,0.0,-0.951731040552372));
#5866=DIRECTION('',(0.0,0.0,-1.0));
#5867=DIRECTION('',(-0.241921895599697,0.0,0.970295726275989));
#5868=DIRECTION('',(0.241921895599697,0.0,-0.970295726275989));
#5869=DIRECTION('',(0.0,1.0,0.0));
#5870=DIRECTION('',(0.0,0.365209221541199,0.930925466673499));
#5871=DIRECTION('',(0.0,1.0,0.0));
#5872=DIRECTION('',(0.0,0.0,1.0));
#5873=DIRECTION('',(0.0,-1.0,0.0));
#5874=DIRECTION('',(0.0,0.0,1.0));
#5875=DIRECTION('',(1.0,0.0,0.0));
#5876=DIRECTION('',(-1.0,0.0,0.0));
#5877=DIRECTION('',(0.0,0.0,-1.0));
#5878=DIRECTION('',(0.0,-1.0,0.0));
#5879=DIRECTION('',(0.0,-1.0,-1.399185181719E-14));
#5880=DIRECTION('',(0.0,0.0,1.0));
#5881=DIRECTION('',(0.0,-1.0,0.0));
#5882=DIRECTION('',(0.0,0.0,-1.0));
#5883=DIRECTION('',(0.0,-1.0,0.0));
#5884=DIRECTION('',(0.0,-0.365209221541199,-0.930925466673499));
#5885=DIRECTION('',(-1.0,0.0,0.0));
#5886=DIRECTION('',(0.287544233261918,-0.349785471588621,-0.891610025618455));
#5887=DIRECTION('',(0.287544233262009,0.349785471588612,0.891610025618429));
#5888=DIRECTION('',(0.306933260578091,-4.34691085067487E-14,0.951731040552372));
#5889=DIRECTION('',(-0.306933260578091,0.0,-0.951731040552372));
#5890=DIRECTION('',(1.233581138472E-14,1.0,4.687608326194E-14));
#5891=DIRECTION('',(0.0,-1.0,0.0));
#5892=DIRECTION('',(0.0,-1.0,0.0));
#5893=DIRECTION('',(0.0,0.0,1.0));
#5894=DIRECTION('',(0.0,-1.0,0.0));
#5895=DIRECTION('',(0.0,0.0,-1.0));
#5896=DIRECTION('',(-2.553512956638E-14,-1.0,0.0));
#5897=DIRECTION('',(0.0,0.0,-1.0));
#5898=DIRECTION('',(0.0,-0.3545259288797,-0.935046183753501));
#5899=DIRECTION('',(0.0,0.0,-1.0));
#5900=DIRECTION('',(0.0,-1.0,0.0));
#5901=DIRECTION('',(0.0,0.0,1.0));
#5902=DIRECTION('',(0.0,-1.0,0.0));
#5903=DIRECTION('',(0.0,-1.0,0.0));
#5904=DIRECTION('',(-0.0170143145392602,0.233339170824103,-0.972246545100511));
#5905=DIRECTION('',(-0.299226635174692,0.222680286641594,-0.927834527673577));
#5906=DIRECTION('',(0.306933260578091,0.0,0.951731040552372));
#5907=DIRECTION('',(-0.241921895599697,0.0,-0.970295726275989));
#5908=DIRECTION('',(0.241921895599697,0.0,0.970295726275989));
#5909=DIRECTION('',(0.3545259288797,0.0,0.935046183753501));
#5910=DIRECTION('',(-0.707106781186398,0.707106781186698,2.82616642562999E-14));
#5911=DIRECTION('',(0.0,0.0,-1.0));
#5912=DIRECTION('',(-0.707106781186398,0.707106781186698,0.0));
#5913=DIRECTION('',(0.0,0.0,-1.0));
#5914=DIRECTION('',(0.306933260578091,4.07940864447988E-14,-0.951731040552372));
#5915=DIRECTION('',(-1.0,0.0,0.0));
#5916=DIRECTION('',(-3.075994627005E-09,0.0,-1.0));
#5917=DIRECTION('',(0.354526109380705,0.0,-0.935046115315913));
#5918=DIRECTION('',(-0.707106863539576,-0.707106698833376,-4.34405475454685E-07));
#5919=DIRECTION('',(-0.707106781186398,-0.707106781186698,0.0));
#5920=DIRECTION('',(0.0,0.0,1.0));
#5921=DIRECTION('',(1.0,0.0,0.0));
#5922=DIRECTION('',(0.0,0.0,-1.0));
#5923=DIRECTION('',(1.0,0.0,-1.315819881037E-14));
#5924=DIRECTION('',(0.0,1.0,0.0));
#5925=DIRECTION('',(-1.0,0.0,0.0));
#5926=DIRECTION('',(1.0,0.0,0.0));
#5927=DIRECTION('',(0.0,0.0,-1.0));
#5928=DIRECTION('',(1.0,0.0,0.0));
#5929=DIRECTION('',(0.0,0.0,1.0));
#5930=DIRECTION('',(0.0,1.0,0.0));
#5931=DIRECTION('',(0.707106781186548,-0.707106781186548,0.0));
#5932=DIRECTION('',(1.0,0.0,0.0));
#5933=CARTESIAN_POINT('',(2.95,0.905,14.0));
#5934=DIRECTION('',(0.0,0.0,1.0));
#5935=DIRECTION('',(0.0,-1.0,0.0));
#5936=DIRECTION('',(0.0,1.0,0.0));
#5937=CARTESIAN_POINT('',(2.95,2.955,14.0));
#5938=DIRECTION('',(0.0,0.0,1.0));
#5939=DIRECTION('',(1.0,0.0,0.0));
#5940=DIRECTION('',(-1.0,0.0,0.0));
#5941=CARTESIAN_POINT('',(0.9,2.955,14.0));
#5942=DIRECTION('',(0.0,-0.0,1.0));
#5943=DIRECTION('',(0.0,1.0,0.0));
#5944=DIRECTION('',(0.0,-1.0,0.0));
#5945=DIRECTION('',(0.0,1.0,0.0));
#5946=DIRECTION('',(0.0,1.0,0.0));
#5947=DIRECTION('',(-1.0,0.0,0.0));
#5948=DIRECTION('',(0.0,1.0,0.0));
#5949=DIRECTION('',(-1.0,0.0,0.0));
#5950=DIRECTION('',(0.0,1.0,0.0));
#5951=DIRECTION('',(-1.0,0.0,0.0));
#5952=DIRECTION('',(0.0,1.0,0.0));
#5953=DIRECTION('',(1.0,0.0,0.0));
#5954=DIRECTION('',(0.0,1.0,0.0));
#5955=DIRECTION('',(-0.00872647848982859,-0.00361462574224383,-0.999955390531953));
#5956=DIRECTION('',(0.00872653549837375,0.0,0.999961923064171));
#5957=CARTESIAN_POINT('',(0.9,2.955,7.65));
#5958=DIRECTION('',(-0.0,0.0,-1.0));
#5959=DIRECTION('',(-1.0,-9.736678077629E-14,0.0));
#5960=DIRECTION('',(0.0,0.00872653549837375,-0.999961923064171));
#5961=DIRECTION('',(1.0,0.0,0.0));
#5962=DIRECTION('',(0.0,-0.00872653549837375,0.999961923064171));
#5963=CARTESIAN_POINT('',(2.95,2.955,7.65));
#5964=DIRECTION('',(0.0,0.0,-1.0));
#5965=DIRECTION('',(1.217084759704E-13,1.0,0.0));
#5966=DIRECTION('',(0.00872653549837375,0.0,-0.999961923064171));
#5967=DIRECTION('',(0.0,-1.0,0.0));
#5968=DIRECTION('',(-0.00872653549837375,0.0,0.999961923064171));
#5969=CARTESIAN_POINT('',(2.95,0.905,7.65));
#5970=DIRECTION('',(0.0,0.0,-1.0));
#5971=DIRECTION('',(1.0,2.564571457947E-14,0.0));
#5972=DIRECTION('',(0.0,-0.00872653549837375,-0.999961923064171));
#5973=DIRECTION('',(-1.0,0.0,0.0));
#5974=DIRECTION('',(-0.00361462574224383,-0.00872647848982859,-0.999955390531953));
#5975=DIRECTION('',(-0.707106781186548,0.707106781186548,0.0));
#5976=CARTESIAN_POINT('',(6.65,3.66,7.65));
#5977=DIRECTION('',(0.0,0.0,1.0));
#5978=DIRECTION('',(1.0,-1.7763568394E-14,0.0));
#5979=DIRECTION('',(-1.0,0.0,0.0));
#5980=CARTESIAN_POINT('',(0.2,3.66,7.65));
#5981=DIRECTION('',(0.0,-0.0,1.0));
#5982=DIRECTION('',(0.0,1.0,0.0));
#5983=DIRECTION('',(0.0,-1.0,0.0));
#5984=CARTESIAN_POINT('',(0.2,0.2,7.65));
#5985=DIRECTION('',(0.0,0.0,1.0));
#5986=DIRECTION('',(-1.0,1.929012505286E-14,0.0));
#5987=DIRECTION('',(1.0,0.0,0.0));
#5988=CARTESIAN_POINT('',(1.925,0.0,7.65));
#5989=DIRECTION('',(0.0,0.0,1.0));
#5990=DIRECTION('',(-1.0,0.0,0.0));
#5991=DIRECTION('',(1.0,0.0,0.0));
#5992=CARTESIAN_POINT('',(6.65,0.2,7.65));
#5993=DIRECTION('',(0.0,0.0,1.0));
#5994=DIRECTION('',(0.0,-1.0,0.0));
#5995=DIRECTION('',(0.0,1.0,0.0));
#5996=DIRECTION('',(1.0,0.0,0.0));
#5997=CARTESIAN_POINT('',(5.95,2.955,7.65));
#5998=DIRECTION('',(0.0,0.0,-1.0));
#5999=DIRECTION('',(1.738692513862E-14,1.0,0.0));
#6000=DIRECTION('',(0.0,-1.0,0.0));
#6001=CARTESIAN_POINT('',(5.95,0.905,7.65));
#6002=DIRECTION('',(0.0,0.0,-1.0));
#6003=DIRECTION('',(1.0,2.434169519407E-14,0.0));
#6004=DIRECTION('',(-1.0,0.0,0.0));
#6005=CARTESIAN_POINT('',(3.9,0.905,7.65));
#6006=DIRECTION('',(-0.0,0.0,-1.0));
#6007=DIRECTION('',(-5.911554547132E-14,-1.0,0.0));
#6008=DIRECTION('',(0.0,1.0,0.0));
#6009=CARTESIAN_POINT('',(3.9,2.955,7.65));
#6010=DIRECTION('',(-0.0,0.0,-1.0));
#6011=DIRECTION('',(-1.0,-1.738692513862E-13,0.0));
#6012=DIRECTION('',(0.00872653549837375,0.0,0.999961923064171));
#6013=CARTESIAN_POINT('',(3.9,2.955,14.0));
#6014=DIRECTION('',(0.0,-0.0,1.0));
#6015=DIRECTION('',(0.0,1.0,0.0));
#6016=DIRECTION('',(0.0,0.00872653549837375,-0.999961923064171));
#6017=DIRECTION('',(-1.0,0.0,0.0));
#6018=DIRECTION('',(0.0,-0.00872653549837375,0.999961923064171));
#6019=CARTESIAN_POINT('',(5.95,2.955,14.0));
#6020=DIRECTION('',(0.0,0.0,1.0));
#6021=DIRECTION('',(1.0,-1.33226762955E-13,0.0));
#6022=DIRECTION('',(0.00872653549837275,0.0,-0.999961923064171));
#6023=DIRECTION('',(0.0,1.0,0.0));
#6024=DIRECTION('',(-0.00872653549837275,0.0,0.999961923064171));
#6025=CARTESIAN_POINT('',(5.95,0.905,14.0));
#6026=DIRECTION('',(0.0,0.0,1.0));
#6027=DIRECTION('',(0.0,-1.0,0.0));
#6028=DIRECTION('',(0.0,-0.00872653549837375,-0.999961923064171));
#6029=DIRECTION('',(1.0,0.0,0.0));
#6030=DIRECTION('',(0.0,0.00872653549837375,0.999961923064171));
#6031=CARTESIAN_POINT('',(3.9,0.905,14.0));
#6032=DIRECTION('',(0.0,0.0,1.0));
#6033=DIRECTION('',(-1.0,1.34892097492E-13,0.0));
#6034=DIRECTION('',(-0.00872653549837375,0.0,-0.999961923064171));
#6035=DIRECTION('',(0.0,-1.0,0.0));
#6036=DIRECTION('',(0.0,1.0,0.0));
#6037=DIRECTION('',(1.0,0.0,0.0));
#6038=DIRECTION('',(0.0,1.0,0.0));
#6039=DIRECTION('',(-1.0,0.0,0.0));
#6040=DIRECTION('',(0.0,1.0,0.0));
#6041=DIRECTION('',(1.0,0.0,0.0));
#6042=DIRECTION('',(0.0,1.0,0.0));
#6043=DIRECTION('',(1.0,0.0,0.0));
#6044=DIRECTION('',(-0.707106781186398,-0.707106781186698,0.0));
#6045=DIRECTION('',(-1.0,0.0,0.0));
#6046=DIRECTION('',(-0.707106781186398,0.707106781186698,0.0));
#6047=DIRECTION('',(-1.0,0.0,0.0));
#6048=DIRECTION('',(0.0,1.0,0.0));
#6049=DIRECTION('',(-1.0,0.0,0.0));
#6050=DIRECTION('',(0.0,1.0,0.0));
#6051=DIRECTION('',(1.0,0.0,0.0));
#6052=DIRECTION('',(0.0,0.0,1.0));
#6053=DIRECTION('',(-1.0,0.0,0.0));
#6054=DIRECTION('',(0.0,0.0,1.0));
#6055=DIRECTION('',(-1.0,0.0,0.0));
#6056=DIRECTION('',(0.0,0.0,-1.0));
#6057=DIRECTION('',(0.0,1.0,0.0));
#6058=DIRECTION('',(0.0,0.0,-1.0));
#6059=DIRECTION('',(1.0,0.0,0.0));
#6060=DIRECTION('',(0.0,0.0,-1.0));
#6061=DIRECTION('',(1.0,0.0,0.0));
#6062=DIRECTION('',(0.0,0.0,-1.0));
#6063=DIRECTION('',(-1.0,0.0,0.0));
#6064=DIRECTION('',(0.0,0.0,1.0));
#6065=DIRECTION('',(1.0,0.0,0.0));
#6066=DIRECTION('',(0.0,0.0,1.0));
#6067=DIRECTION('',(1.0,0.0,0.0));
#6068=DIRECTION('',(0.0,0.0,1.0));
#6069=DIRECTION('',(0.0,-1.0,0.0));
#6070=DIRECTION('',(0.0,-1.0,0.0));
#6071=DIRECTION('',(0.0,0.0,1.0));
#6072=DIRECTION('',(0.0,0.0,1.0));
#6073=DIRECTION('',(-1.0,0.0,0.0));
#6074=DIRECTION('',(0.0,0.0,1.0));
#6075=DIRECTION('',(-0.0174973209278304,0.0,-0.999846910161925));
#6076=DIRECTION('',(-1.0,0.0,0.0));
#6077=DIRECTION('',(0.0,0.0,-1.0));
#6078=DIRECTION('',(-1.0,0.0,0.0));
#6079=DIRECTION('',(0.0,0.0,1.0));
#6080=DIRECTION('',(-1.0,0.0,0.0));
#6081=DIRECTION('',(-0.0174973209278304,0.0,0.999846910161925));
#6082=DIRECTION('',(0.0,0.0,1.0));
#6083=DIRECTION('',(1.0,0.0,0.0));
#6084=DIRECTION('',(-0.0374736605890893,0.0,-0.999297615709181));
#6085=DIRECTION('',(-1.0,0.0,0.0));
#6086=DIRECTION('',(-0.0374736605890993,0.0,0.99929761570918));
#6087=DIRECTION('',(-0.0364403052368098,-0.233217953515599,0.971741472981494));
#6088=DIRECTION('',(0.0,-1.0,2.590520390792E-14));
#6089=DIRECTION('',(0.0,1.0,0.0));
#6090=DIRECTION('',(0.0,-1.0,0.0));
#6091=DIRECTION('',(0.0,-1.0,0.0));
#6092=DIRECTION('',(0.0,-1.0,0.0));
#6093=DIRECTION('',(0.0,0.0,-1.0));
#6094=DIRECTION('',(-2.220446049251E-14,-1.0,0.0));
#6095=DIRECTION('',(0.0,0.0,-1.0));
#6096=DIRECTION('',(0.0,-0.3545259288797,-0.935046183753501));
#6097=DIRECTION('',(1.233581138472E-14,1.0,4.687608326194E-14));
#6098=DIRECTION('',(0.0,0.0,-1.0));
#6099=DIRECTION('',(0.0,-1.0,0.0));
#6100=DIRECTION('',(0.0,0.0,1.0));
#6101=DIRECTION('',(0.0,-1.0,0.0));
#6102=DIRECTION('',(0.0,-1.0,0.0));
#6103=DIRECTION('',(-0.0170143145392602,0.233339170824103,-0.972246545100511));
#6104=DIRECTION('',(-0.299226635174692,0.222680286641594,-0.927834527673577));
#6105=DIRECTION('',(0.306933260578091,0.0,0.951731040552372));
#6106=DIRECTION('',(0.0,-1.0,0.0));
#6107=DIRECTION('',(0.0,-1.0,0.0));
#6108=DIRECTION('',(0.0,0.0,1.0));
#6109=DIRECTION('',(0.0,-1.0,0.0));
#6110=DIRECTION('',(0.0,0.0,-1.0));
#6111=DIRECTION('',(0.0,-1.0,0.0));
#6112=DIRECTION('',(0.0,-0.365209221541199,-0.930925466673499));
#6113=DIRECTION('',(0.0,0.0,-1.0));
#6114=DIRECTION('',(1.0,0.0,0.0));
#6115=DIRECTION('',(0.0,0.0,1.0));
#6116=DIRECTION('',(-1.0,0.0,0.0));
#6117=CARTESIAN_POINT('',(7.315,-0.45,0.0));
#6118=DIRECTION('',(0.0,0.0,-1.0));
#6119=DIRECTION('',(1.0,2.75335310107E-14,0.0));
#6120=DIRECTION('',(-1.0,0.0,0.0));
#6121=CARTESIAN_POINT('',(-0.465,-0.45,0.0));
#6122=DIRECTION('',(0.0,0.0,-1.0));
#6123=DIRECTION('',(4.107825191113E-14,-1.0,0.0));
#6124=DIRECTION('',(0.0,1.0,0.0));
#6125=CARTESIAN_POINT('',(-0.465,3.61,0.0));
#6126=DIRECTION('',(0.0,0.0,-1.0));
#6127=DIRECTION('',(-1.0,4.085620730621E-14,0.0));
#6128=DIRECTION('',(-1.0,0.0,0.0));
#6129=CARTESIAN_POINT('',(7.315,3.61,0.0));
#6130=DIRECTION('',(0.0,0.0,-1.0));
#6131=DIRECTION('',(0.0,1.0,0.0));
#6132=DIRECTION('',(0.0,-1.0,0.0));
#6133=DIRECTION('',(0.0,-1.0,0.0));
#6134=DIRECTION('',(0.0,0.365209221541199,0.930925466673499));
#6135=DIRECTION('',(0.0,1.0,0.0));
#6136=DIRECTION('',(0.0,0.0,1.0));
#6137=DIRECTION('',(0.0,1.0,0.0));
#6138=DIRECTION('',(0.0,0.0,-1.0));
#6139=DIRECTION('',(0.0,1.0,0.0));
#6140=DIRECTION('',(-0.299226635174692,-0.222680286641594,0.927834527673577));
#6141=DIRECTION('',(0.306933260578091,0.0,-0.951731040552372));
#6142=DIRECTION('',(0.0,-1.0,0.0));
#6143=DIRECTION('',(0.0,0.0,-1.0));
#6144=DIRECTION('',(0.0,-1.0,0.0));
#6145=DIRECTION('',(0.0,0.0,1.0));
#6146=DIRECTION('',(-4.4408920985E-14,1.0,1.233581138472E-13));
#6147=DIRECTION('',(-2.36161760993397E-14,0.354525964979896,0.935046170065989));
#6148=DIRECTION('',(0.0,-4.880659404918E-09,-1.0));
#6149=DIRECTION('',(0.0,-1.0,0.0));
#6150=DIRECTION('',(0.0,0.0,-1.0));
#6151=DIRECTION('',(0.0,-1.0,0.0));
#6152=DIRECTION('',(0.0,0.0,1.0));
#6153=DIRECTION('',(0.0,-1.0,0.0));
#6154=DIRECTION('',(0.0,1.0,0.0));
#6155=DIRECTION('',(0.0,1.0,0.0));
#6156=DIRECTION('',(-0.0170143145392602,-0.233339170824103,0.972246545100511));
#6157=DIRECTION('',(0.0,1.0,0.0));
#6158=DIRECTION('',(1.0,0.0,0.0));
#6159=DIRECTION('',(0.0,0.0,-1.0));
#6160=DIRECTION('',(1.0,0.0,0.0));
#6161=DIRECTION('',(0.0,0.0,1.0));
#6162=DIRECTION('',(0.0,-1.0,0.0));
#6163=DIRECTION('',(0.0,0.0,-1.0));
#6164=DIRECTION('',(1.0,0.0,0.0));
#6165=DIRECTION('',(-1.0,0.0,0.0));
#6166=DIRECTION('',(0.0,0.0,1.0));
#6167=DIRECTION('',(0.0,1.0,0.0));
#6168=DIRECTION('',(0.0,0.0,-1.0));
#6169=DIRECTION('',(1.0,0.0,-1.315819881037E-14));
#6170=DIRECTION('',(0.0,0.0,1.0));
#6171=DIRECTION('',(-0.707106863539576,-0.707106698833376,-4.34405475454685E-07));
#6172=DIRECTION('',(-3.075994861585E-09,0.0,-1.0));
#6173=DIRECTION('',(0.306933260578091,4.07940864447988E-14,-0.951731040552372));
#6174=DIRECTION('',(-1.0,0.0,0.0));
#6175=DIRECTION('',(0.306933260578091,-4.36028596098487E-14,0.951731040552372));
#6176=DIRECTION('',(0.3545259288797,0.0,0.935046183753501));
#6177=DIRECTION('',(0.0,0.0,-1.0));
#6178=DIRECTION('',(0.354526109380705,0.0,-0.935046115315913));
#6179=DIRECTION('',(0.0,0.0,-1.0));
#6180=DIRECTION('',(-0.707106781186398,0.707106781186698,2.51214793389399E-14));
#6181=DIRECTION('',(-1.0,0.0,-1.315819881037E-14));
#6182=DIRECTION('',(0.0,0.0,1.0));
#6183=DIRECTION('',(0.0,1.0,0.0));
#6184=DIRECTION('',(0.0,0.0,-1.0));
#6185=DIRECTION('',(-1.0,0.0,0.0));
#6186=DIRECTION('',(1.0,0.0,0.0));
#6187=DIRECTION('',(0.0,0.0,1.0));
#6188=DIRECTION('',(0.0,-1.0,0.0));
#6189=DIRECTION('',(0.287544233261918,0.349785471588621,0.891610025618455));
#6190=DIRECTION('',(-0.306933260578091,0.0,-0.951731040552372));
#6191=DIRECTION('',(0.241921895599697,0.0,0.970295726275989));
#6192=DIRECTION('',(-0.241921895599697,0.0,-0.970295726275989));
#6193=DIRECTION('',(0.287544233261918,-0.349785471588621,-0.891610025618455));
#6194=DIRECTION('',(-0.306933260578091,0.0,0.951731040552372));
#6195=DIRECTION('',(0.241921895599697,0.0,-0.970295726275989));
#6196=DIRECTION('',(-0.241921895599697,0.0,0.970295726275989));
#6197=CARTESIAN_POINT('',(7.565,-0.4,0.72));
#6198=DIRECTION('',(1.0,0.0,-0.0));
#6199=DIRECTION('',(0.0,0.0,1.0));
#6200=DIRECTION('',(0.0,0.0,1.0));
#6201=DIRECTION('',(0.0,0.0,-1.0));
#6202=DIRECTION('',(0.0,1.0,0.0));
#6203=CARTESIAN_POINT('',(7.365,3.61,0.82));
#6204=DIRECTION('',(-1.044438181164E-14,1.0,2.886579864025E-14));
#6205=DIRECTION('',(0.0,-2.886579864025E-14,1.0));
#6206=DIRECTION('',(0.0,-1.0,0.0));
#6207=CARTESIAN_POINT('',(7.365,-0.4,0.82));
#6208=DIRECTION('',(0.0,-1.0,0.0));
#6209=DIRECTION('',(1.0,0.0,0.0));
#6210=CARTESIAN_POINT('',(7.365,-0.4,0.72));
#6211=DIRECTION('',(1.0,0.0,-0.0));
#6212=DIRECTION('',(0.0,0.0,1.0));
#6213=DIRECTION('',(0.0,0.0,-1.0));
#6214=DIRECTION('',(1.0,0.0,0.0));
#6215=DIRECTION('',(0.0,0.0,1.0));
#6216=DIRECTION('',(0.0,0.0,-1.0));
#6217=CARTESIAN_POINT('',(-0.515,-0.4,0.72));
#6218=DIRECTION('',(-1.0,0.0,0.0));
#6219=DIRECTION('',(0.0,-0.983163247594396,0.182729386196199));
#6220=DIRECTION('',(-1.0,0.0,0.0));
#6221=DIRECTION('',(1.0,0.0,0.0));
#6222=DIRECTION('',(0.0,1.0,0.0));
#6223=DIRECTION('',(0.999995915140421,-0.00285826913899906,0.0));
#6224=DIRECTION('',(0.0,1.0,0.0));
#6225=CARTESIAN_POINT('',(6.65,0.2,1.02));
#6226=DIRECTION('',(0.0,0.0,-1.0));
#6227=DIRECTION('',(1.0,-1.321165399304E-14,0.0));
#6228=DIRECTION('',(1.0,0.0,0.0));
#6229=DIRECTION('',(1.0,0.0,0.0));
#6230=CARTESIAN_POINT('',(0.2,0.2,1.02));
#6231=DIRECTION('',(0.0,0.0,-1.0));
#6232=DIRECTION('',(0.0,-1.0,0.0));
#6233=DIRECTION('',(0.0,-1.0,0.0));
#6234=DIRECTION('',(0.0,1.0,0.0));
#6235=CARTESIAN_POINT('',(-0.3,3.66,1.32));
#6236=DIRECTION('',(0.0,-1.0,0.0));
#6237=DIRECTION('',(0.0,0.0,-1.0));
#6238=CARTESIAN_POINT('',(-0.3,0.2,1.32));
#6239=DIRECTION('',(-0.0,1.0,0.0));
#6240=DIRECTION('',(1.0,0.0,0.0));
#6241=CARTESIAN_POINT('',(0.2,0.2,1.32));
#6242=DIRECTION('',(0.0,0.0,-1.0));
#6243=DIRECTION('',(0.0,-1.0,0.0));
#6244=CARTESIAN_POINT('',(0.2,-0.3,1.32));
#6245=DIRECTION('',(1.0,0.0,0.0));
#6246=DIRECTION('',(0.0,0.0,-1.0));
#6247=DIRECTION('',(-1.0,0.0,0.0));
#6248=DIRECTION('',(0.0,0.0,1.0));
#6249=DIRECTION('',(0.0,0.0,-1.0));
#6250=DIRECTION('',(0.0,0.0,1.0));
#6251=DIRECTION('',(0.0,0.0,-1.0));
#6252=DIRECTION('',(0.0,0.0,1.0));
#6253=CARTESIAN_POINT('',(0.2,3.66,1.32));
#6254=DIRECTION('',(0.0,0.0,-1.0));
#6255=DIRECTION('',(-1.0,0.0,0.0));
#6256=DIRECTION('',(0.0,0.0,-1.0));
#6257=DIRECTION('',(-1.0,0.0,0.0));
#6258=CARTESIAN_POINT('',(-0.3,3.86,1.32));
#6259=DIRECTION('',(0.0,-1.0,0.0));
#6260=DIRECTION('',(0.0,0.0,-1.0));
#6261=DIRECTION('',(0.0,0.0,1.0));
#6262=CARTESIAN_POINT('',(7.15,3.86,1.32));
#6263=DIRECTION('',(0.0,-1.0,0.0));
#6264=DIRECTION('',(-1.0,0.0,0.0));
#6265=DIRECTION('',(-1.0,0.0,0.0));
#6266=DIRECTION('',(0.0,0.0,1.0));
#6267=DIRECTION('',(0.0,0.0,-1.0));
#6268=DIRECTION('',(-1.0,0.0,0.0));
#6269=DIRECTION('',(0.00872653549837475,0.0,-0.999961923064171));
#6270=DIRECTION('',(0.0,0.0,1.0));
#6271=DIRECTION('',(-1.0,0.0,0.0));
#6272=DIRECTION('',(0.0,0.0,1.0));
#6273=DIRECTION('',(-0.00872653549837375,0.0,-0.999961923064171));
#6274=DIRECTION('',(-0.00872578793183298,-0.01308909724505,-0.999876260423398));
#6275=DIRECTION('',(-0.00872653549837375,0.0,-0.999961923064171));
#6276=DIRECTION('',(0.00500546302166411,0.819141782436718,0.573569250924712));
#6277=DIRECTION('',(0.0,-1.0,0.0));
#6278=DIRECTION('',(-0.00872578793183298,0.01308909724505,-0.999876260423398));
#6279=DIRECTION('',(-0.00617070990691021,0.707093318572324,-0.707093318572324));
#6280=DIRECTION('',(0.00872653549837375,0.0,0.999961923064171));
#6281=DIRECTION('',(-0.00617070990691021,0.707093318572324,-0.707093318572324));
#6282=DIRECTION('',(0.00872653549837375,0.0,0.999961923064171));
#6283=DIRECTION('',(0.0,1.0,0.0));
#6284=DIRECTION('',(-0.00872653549837375,0.0,-0.999961923064171));
#6285=DIRECTION('',(0.0,1.0,0.0));
#6286=DIRECTION('',(1.0,0.0,0.0));
#6287=CARTESIAN_POINT('',(1.975,3.936,5.574));
#6288=DIRECTION('',(-1.0,0.0,0.0));
#6289=DIRECTION('',(0.0,-1.0,0.0));
#6290=DIRECTION('',(0.0,1.0,0.0));
#6291=CARTESIAN_POINT('',(1.975,4.544,5.574));
#6292=DIRECTION('',(-1.0,0.0,0.0));
#6293=DIRECTION('',(0.0,-4.67462326158E-14,1.0));
#6294=DIRECTION('',(0.0,0.0,-1.0));
#6295=CARTESIAN_POINT('',(1.975,5.38,2.31));
#6296=DIRECTION('',(1.0,0.0,0.0));
#6297=DIRECTION('',(0.0,-1.0,0.0));
#6298=DIRECTION('',(0.0,0.0,1.0));
#6299=DIRECTION('',(0.0,-0.992546151641315,-0.121869343405202));
#6300=DIRECTION('',(0.0,-0.0130895955713401,-0.999914327574007));
#6301=CARTESIAN_POINT('',(1.975,4.11547979213,7.055474320177));
#6302=DIRECTION('',(-1.0,0.0,0.0));
#6303=DIRECTION('',(0.0,0.999914327574007,-0.0130895955713301));
#6304=DIRECTION('',(-1.0,0.0,0.0));
#6305=DIRECTION('',(1.0,0.0,0.0));
#6306=DIRECTION('',(1.0,0.0,0.0));
#6307=DIRECTION('',(1.0,0.0,2.288038959735E-14));
#6308=DIRECTION('',(0.00872653549837375,0.0,-0.999961923064171));
#6309=DIRECTION('',(1.0,0.0,0.0));
#6310=DIRECTION('',(0.00500546302166611,-0.819141782436718,-0.573569250924712));
#6311=DIRECTION('',(1.0,0.0,0.0));
#6312=DIRECTION('',(0.0,-1.0,0.0));
#6313=DIRECTION('',(1.0,0.0,0.0));
#6314=DIRECTION('',(-0.00872578793183298,-0.01308909724505,0.999876260423398));
#6315=DIRECTION('',(1.0,0.0,0.0));
#6316=DIRECTION('',(-0.00617070990690321,-0.707093318572324,0.707093318572324));
#6317=DIRECTION('',(1.0,0.0,0.0));
#6318=DIRECTION('',(-0.00872653549837475,0.0,0.999961923064171));
#6319=DIRECTION('',(1.0,0.0,0.0));
#6320=DIRECTION('',(-0.00617070990691121,-0.707093318572324,0.707093318572324));
#6321=DIRECTION('',(1.0,0.0,0.0));
#6322=DIRECTION('',(-0.00872653549837175,0.0,0.999961923064171));
#6323=DIRECTION('',(1.0,0.0,0.0));
#6324=DIRECTION('',(0.0,1.0,0.0));
#6325=DIRECTION('',(1.0,0.0,0.0));
#6326=DIRECTION('',(-1.0,0.0,0.0));
#6327=DIRECTION('',(-1.0,0.0,0.0));
#6328=DIRECTION('',(-1.0,0.0,0.0));
#6329=CARTESIAN_POINT('',(4.875,5.38,2.31));
#6330=DIRECTION('',(-1.0,-0.0,0.0));
#6331=DIRECTION('',(0.0,-0.105263157894704,-0.994444401457434));
#6332=DIRECTION('',(0.0,-0.0130895955713401,-0.999914327574007));
#6333=DIRECTION('',(0.0,0.992546151641315,0.121869343405202));
#6334=DIRECTION('',(0.0,0.0,1.0));
#6335=DIRECTION('',(0.0,0.0,-1.0));
#6336=CARTESIAN_POINT('',(4.875,4.544,5.574));
#6337=DIRECTION('',(1.0,0.0,0.0));
#6338=DIRECTION('',(0.0,1.0,-4.67462326158E-14));
#6339=DIRECTION('',(0.0,1.0,0.0));
#6340=CARTESIAN_POINT('',(4.875,3.936,5.574));
#6341=DIRECTION('',(1.0,0.0,-0.0));
#6342=DIRECTION('',(0.0,4.67462326158E-14,1.0));
#6343=CARTESIAN_POINT('',(4.875,4.11547979213,7.055474320177));
#6344=DIRECTION('',(1.0,0.0,0.0));
#6345=DIRECTION('',(0.0,-1.0,-3.128860294845E-14));
#6346=DIRECTION('',(-1.0,0.0,0.0));
#6347=DIRECTION('',(0.00872578793183298,-0.01308909724505,-0.999876260423398));
#6348=DIRECTION('',(0.0,1.0,0.0));
#6349=DIRECTION('',(0.00872653549837275,0.0,-0.999961923064171));
#6350=DIRECTION('',(1.0,0.0,0.0));
#6351=DIRECTION('',(-1.0,0.0,0.0));
#6352=DIRECTION('',(1.0,0.0,0.0));
#6353=DIRECTION('',(-1.0,0.0,0.0));
#6354=DIRECTION('',(1.0,0.0,0.0));
#6355=DIRECTION('',(-1.0,0.0,0.0));
#6356=CARTESIAN_POINT('',(-0.465,3.61,0.82));
#6357=DIRECTION('',(3.025357742104E-14,-2.44249065417504E-14,1.0));
#6358=DIRECTION('',(1.310063169058E-14,1.0,2.442490654175E-14));
#6359=DIRECTION('',(0.0,0.0,1.0));
#6360=CARTESIAN_POINT('',(-0.715,-0.4,0.72));
#6361=DIRECTION('',(-1.0,0.0,0.0));
#6362=DIRECTION('',(0.0,-0.500000000000017,0.866025403784429));
#6363=DIRECTION('',(0.0,-1.0,1.165595744058E-14));
#6364=CARTESIAN_POINT('',(-0.515,3.61,0.82));
#6365=DIRECTION('',(0.0,1.0,2.442490654175E-14));
#6366=DIRECTION('',(-1.0,0.0,0.0));
#6367=CARTESIAN_POINT('',(-0.515,-0.4,0.82));
#6368=DIRECTION('',(0.0,-1.0,0.0));
#6369=DIRECTION('',(0.0,0.0,1.0));
#6370=CARTESIAN_POINT('',(-0.465,3.66,0.82));
#6371=DIRECTION('',(-1.0,0.0,3.025357742104E-14));
#6372=DIRECTION('',(3.025357742104E-14,0.0,1.0));
#6373=CARTESIAN_POINT('',(-0.3,3.66,0.82));
#6374=DIRECTION('',(1.0,0.0,0.0));
#6375=DIRECTION('',(0.0,1.0,0.0));
#6376=CARTESIAN_POINT('',(7.315,3.61,0.82));
#6377=DIRECTION('',(-3.10862446895004E-14,-2.886579864025E-14,1.0));
#6378=DIRECTION('',(1.0,-1.42108547152E-14,3.10862446895E-14));
#6379=CARTESIAN_POINT('',(7.315,3.66,0.82));
#6380=DIRECTION('',(1.0,0.0,0.0));
#6381=DIRECTION('',(0.0,1.0,0.0));
#6382=CARTESIAN_POINT('',(7.15,3.66,0.82));
#6383=DIRECTION('',(-1.0,0.0,0.0));
#6384=DIRECTION('',(0.0,0.0,1.0));
#6385=CARTESIAN_POINT('',(6.65,3.66,1.32));
#6386=DIRECTION('',(0.0,0.0,-1.0));
#6387=DIRECTION('',(0.0,1.0,0.0));
#6388=CARTESIAN_POINT('',(7.15,3.66,1.32));
#6389=DIRECTION('',(0.0,-1.0,0.0));
#6390=DIRECTION('',(-1.0,0.0,0.0));
#6391=DIRECTION('',(0.0,-1.0,0.0));
#6392=CARTESIAN_POINT('',(7.15,0.2,1.32));
#6393=DIRECTION('',(0.0,1.0,0.0));
#6394=DIRECTION('',(0.0,0.0,-1.0));
#6395=CARTESIAN_POINT('',(6.65,0.2,1.32));
#6396=DIRECTION('',(0.0,0.0,-1.0));
#6397=DIRECTION('',(1.0,0.0,0.0));
#6398=CARTESIAN_POINT('',(6.65,-0.3,1.32));
#6399=DIRECTION('',(-1.0,0.0,0.0));
#6400=DIRECTION('',(0.0,1.0,0.0));
#6401=DIRECTION('',(-1.0,0.0,0.0));
#6402=DIRECTION('',(0.0,0.0,-1.0));
#6403=DIRECTION('',(0.0,0.0,1.0));
#6404=DIRECTION('',(0.0,0.0,-1.0));
#6405=DIRECTION('',(-0.0364403052368098,0.233217953515599,-0.971741472981494));
#6406=DIRECTION('',(0.0,0.0,1.0));
#6407=DIRECTION('',(-1.0,0.0,0.0));
#6408=DIRECTION('',(-1.0,0.0,0.0));
#6409=DIRECTION('',(0.0,0.0,-1.0));
#6410=DIRECTION('',(0.0,1.0,0.0));
#6411=DIRECTION('',(0.0,-1.0,0.0));
#6412=DIRECTION('',(1.0,0.0,0.0));
#6413=DIRECTION('',(-1.0,0.0,0.0));
#6414=DIRECTION('',(0.0,0.0,1.0));
#6415=DIRECTION('',(0.0,0.0,-1.0));
#6416=DIRECTION('',(0.0,0.0,1.0));
#6417=DIRECTION('',(0.0,1.0,0.0));
#6418=DIRECTION('',(-1.0,0.0,-1.315819881037E-14));
#6419=DIRECTION('',(0.0,0.0,1.0));
#6420=DIRECTION('',(0.0,-1.0,0.0));
#6421=DIRECTION('',(1.0,0.0,0.0));
#6422=DIRECTION('',(0.0,0.0,-1.0));
#6423=DIRECTION('',(1.0,0.0,0.0));
#6424=DIRECTION('',(0.0,1.0,0.0));
#6425=DIRECTION('',(-0.306933260578091,0.0,0.951731040552372));
#6426=DIRECTION('',(0.0,0.0,1.0));
#6427=CARTESIAN_POINT('',(1.925410750344,1.930405801544,2.0));
#6428=DIRECTION('',(0.0,0.0,1.0));
#6429=DIRECTION('',(-1.0,0.0,0.0));
#6430=DIRECTION('',(0.0,0.0,1.0));
#6431=CARTESIAN_POINT('',(1.925410750344,1.930405801544,-150.0));
#6432=DIRECTION('',(0.0,0.0,-1.0));
#6433=DIRECTION('',(1.0,0.0,0.0));
#6434=CARTESIAN_POINT('',(1.925410750344,1.930405801544,-150.0));
#6435=DIRECTION('',(0.0,0.0,-1.0));
#6436=DIRECTION('',(-1.0,0.0,0.0));
#6437=CARTESIAN_POINT('',(1.925410750344,1.930405801544,-150.0));
#6438=DIRECTION('',(0.0,0.0,1.0));
#6439=DIRECTION('',(1.0,0.0,0.0));
#6440=CARTESIAN_POINT('',(1.925410750344,1.930405801544,-150.0));
#6441=DIRECTION('',(0.0,0.0,1.0));
#6442=DIRECTION('',(-1.0,0.0,0.0));
#6443=CARTESIAN_POINT('',(1.925410750344,1.930405801544,2.0));
#6444=DIRECTION('',(0.0,0.0,1.0));
#6445=DIRECTION('',(1.0,0.0,0.0));
#6446=DIRECTION('',(0.0,0.0,1.0));
#6447=CARTESIAN_POINT('',(1.925410750344,1.930405801544,-155.0));
#6448=DIRECTION('',(0.0,0.0,-1.0));
#6449=DIRECTION('',(1.0,0.0,0.0));
#6450=DIRECTION('',(0.0,0.0,1.0));
#6451=CARTESIAN_POINT('',(1.925410750344,1.930405801544,-155.0));
#6452=DIRECTION('',(0.0,0.0,-1.0));
#6453=DIRECTION('',(-1.0,0.0,0.0));
#6454=DIRECTION('',(0.0,0.0,1.0));
#6455=CARTESIAN_POINT('',(4.925410750344,1.930405801544,2.0));
#6456=DIRECTION('',(0.0,0.0,1.0));
#6457=DIRECTION('',(-1.0,0.0,0.0));
#6458=DIRECTION('',(0.0,0.0,1.0));
#6459=CARTESIAN_POINT('',(4.925410750344,1.930405801544,-150.0));
#6460=DIRECTION('',(0.0,0.0,-1.0));
#6461=DIRECTION('',(1.0,0.0,0.0));
#6462=CARTESIAN_POINT('',(4.925410750344,1.930405801544,-150.0));
#6463=DIRECTION('',(0.0,0.0,-1.0));
#6464=DIRECTION('',(-1.0,0.0,0.0));
#6465=CARTESIAN_POINT('',(4.925410750344,1.930405801544,-150.0));
#6466=DIRECTION('',(0.0,0.0,1.0));
#6467=DIRECTION('',(1.0,0.0,0.0));
#6468=CARTESIAN_POINT('',(4.925410750344,1.930405801544,-150.0));
#6469=DIRECTION('',(0.0,0.0,1.0));
#6470=DIRECTION('',(-1.0,0.0,0.0));
#6471=CARTESIAN_POINT('',(4.925410750344,1.930405801544,2.0));
#6472=DIRECTION('',(0.0,0.0,1.0));
#6473=DIRECTION('',(1.0,0.0,0.0));
#6474=DIRECTION('',(0.0,0.0,1.0));
#6475=CARTESIAN_POINT('',(4.925410750344,1.930405801544,-155.0));
#6476=DIRECTION('',(0.0,0.0,-1.0));
#6477=DIRECTION('',(1.0,0.0,0.0));
#6478=DIRECTION('',(0.0,0.0,1.0));
#6479=CARTESIAN_POINT('',(4.925410750344,1.930405801544,-155.0));
#6480=DIRECTION('',(0.0,0.0,-1.0));
#6481=DIRECTION('',(-1.0,0.0,0.0));
ENDSEC;
END-ISO-10303-21;
