ISO-10303-21;
HEADER;
FILE_DESCRIPTION(('STEP AP242'),'1');
FILE_NAME('734140190.stp','2025-09-26T14:46:38',('TraceParts'),('TraceParts S.A.S.'),'Spatial InterOp 3D',' ',' ');
FILE_SCHEMA(('AP242_MANAGED_MODEL_BASED_3D_ENGINEERING_MIM_LF  {1 0 10303 442 1 1 4}'));
ENDSEC;
DATA;
#1=MECHANICAL_DESIGN_GEOMETRIC_PRESENTATION_REPRESENTATION(' ',(#10,#11,#12,#13,#14,#15,#16,#17,#18,#19,#20,#21,#22,#23,#24,#25,#26,#27,#28,#29,#30,#31,#32,#33,#34),#6);
#2=PRODUCT_DEFINITION_CONTEXT('',#35,'design');
#3=APPLICATION_PROTOCOL_DEFINITION('INTERNATIONAL STANDARD','ap242_managed_model_based_3d_engineering',2014,#35);
#4=PRODUCT_CATEGORY_RELATIONSHIP('NONE','NONE',#36,#37);
#5=SHAPE_DEFINITION_REPRESENTATION(#38,#39);
#6= (GEOMETRIC_REPRESENTATION_CONTEXT(3)GLOBAL_UNCERTAINTY_ASSIGNED_CONTEXT((#42))GLOBAL_UNIT_ASSIGNED_CONTEXT((#44,#45,#46))REPRESENTATION_CONTEXT('NONE','WORKSPACE'));
#10=STYLED_ITEM('',(#48),#49);
#11=STYLED_ITEM('',(#50),#51);
#12=STYLED_ITEM('',(#52),#53);
#13=STYLED_ITEM('',(#54),#55);
#14=STYLED_ITEM('',(#56),#57);
#15=STYLED_ITEM('',(#58),#59);
#16=STYLED_ITEM('',(#60),#61);
#17=STYLED_ITEM('',(#62),#63);
#18=STYLED_ITEM('',(#64),#65);
#19=STYLED_ITEM('',(#66),#67);
#20=STYLED_ITEM('',(#68),#69);
#21=STYLED_ITEM('',(#70),#71);
#22=STYLED_ITEM('',(#72),#73);
#23=STYLED_ITEM('',(#74),#75);
#24=STYLED_ITEM('',(#76),#77);
#25=STYLED_ITEM('',(#78),#79);
#26=STYLED_ITEM('',(#80),#81);
#27=STYLED_ITEM('',(#82),#83);
#28=STYLED_ITEM('',(#84),#85);
#29=STYLED_ITEM('',(#86),#87);
#30=STYLED_ITEM('',(#88),#89);
#31=STYLED_ITEM('',(#90),#91);
#32=STYLED_ITEM('',(#92),#93);
#33=STYLED_ITEM('',(#94),#95);
#34=STYLED_ITEM('',(#96),#97);
#35=APPLICATION_CONTEXT('managed model based 3d engineering');
#36=PRODUCT_CATEGORY('part','NONE');
#37=PRODUCT_RELATED_PRODUCT_CATEGORY('detail',' ',(#98));
#38=PRODUCT_DEFINITION_SHAPE('NONE','NONE',#99);
#39=ADVANCED_BREP_SHAPE_REPRESENTATION('body1',(#97,#100),#6);
#42=UNCERTAINTY_MEASURE_WITH_UNIT(LENGTH_MEASURE(1.0E-06),#44,'','');
#44= (CONVERSION_BASED_UNIT('MILLIMETRE',#103)LENGTH_UNIT()NAMED_UNIT(#106));
#45= (NAMED_UNIT(#108)PLANE_ANGLE_UNIT()SI_UNIT($,.RADIAN.));
#46= (NAMED_UNIT(#108)SOLID_ANGLE_UNIT()SI_UNIT($,.STERADIAN.));
#48=PRESENTATION_STYLE_ASSIGNMENT((#114));
#49=ADVANCED_FACE('',(#115),#116,.F.);
#50=PRESENTATION_STYLE_ASSIGNMENT((#117));
#51=ADVANCED_FACE('',(#118),#119,.T.);
#52=PRESENTATION_STYLE_ASSIGNMENT((#120));
#53=ADVANCED_FACE('',(#121),#122,.T.);
#54=PRESENTATION_STYLE_ASSIGNMENT((#123));
#55=ADVANCED_FACE('',(#124),#125,.F.);
#56=PRESENTATION_STYLE_ASSIGNMENT((#126));
#57=ADVANCED_FACE('',(#127,#128),#129,.T.);
#58=PRESENTATION_STYLE_ASSIGNMENT((#130));
#59=ADVANCED_FACE('',(#131),#132,.F.);
#60=PRESENTATION_STYLE_ASSIGNMENT((#133));
#61=ADVANCED_FACE('',(#134,#135),#136,.T.);
#62=PRESENTATION_STYLE_ASSIGNMENT((#137));
#63=ADVANCED_FACE('',(#138),#139,.T.);
#64=PRESENTATION_STYLE_ASSIGNMENT((#140));
#65=ADVANCED_FACE('',(#141),#142,.T.);
#66=PRESENTATION_STYLE_ASSIGNMENT((#143));
#67=ADVANCED_FACE('',(#144),#145,.T.);
#68=PRESENTATION_STYLE_ASSIGNMENT((#146));
#69=ADVANCED_FACE('',(#147,#148,#149,#150),#151,.T.);
#70=PRESENTATION_STYLE_ASSIGNMENT((#152));
#71=ADVANCED_FACE('',(#153),#154,.F.);
#72=PRESENTATION_STYLE_ASSIGNMENT((#155));
#73=ADVANCED_FACE('',(#156),#157,.F.);
#74=PRESENTATION_STYLE_ASSIGNMENT((#158));
#75=ADVANCED_FACE('',(#159),#160,.F.);
#76=PRESENTATION_STYLE_ASSIGNMENT((#161));
#77=ADVANCED_FACE('',(#162),#163,.F.);
#78=PRESENTATION_STYLE_ASSIGNMENT((#164));
#79=ADVANCED_FACE('',(#165),#166,.F.);
#80=PRESENTATION_STYLE_ASSIGNMENT((#167));
#81=ADVANCED_FACE('',(#168),#169,.F.);
#82=PRESENTATION_STYLE_ASSIGNMENT((#170));
#83=ADVANCED_FACE('',(#171),#172,.F.);
#84=PRESENTATION_STYLE_ASSIGNMENT((#173));
#85=ADVANCED_FACE('',(#174),#175,.F.);
#86=PRESENTATION_STYLE_ASSIGNMENT((#176));
#87=ADVANCED_FACE('',(#177),#178,.T.);
#88=PRESENTATION_STYLE_ASSIGNMENT((#179));
#89=ADVANCED_FACE('',(#180),#181,.T.);
#90=PRESENTATION_STYLE_ASSIGNMENT((#182));
#91=ADVANCED_FACE('',(#183),#184,.F.);
#92=PRESENTATION_STYLE_ASSIGNMENT((#185));
#93=ADVANCED_FACE('',(#186),#187,.F.);
#94=PRESENTATION_STYLE_ASSIGNMENT((#188));
#95=ADVANCED_FACE('',(#189),#190,.F.);
#96=PRESENTATION_STYLE_ASSIGNMENT((#191));
#97=MANIFOLD_SOLID_BREP('body1',#192);
#98=PRODUCT('body1','','PART--DESC',(#193));
#99=PRODUCT_DEFINITION('','NONE',#194,#2);
#100=AXIS2_PLACEMENT_3D('',#195,#196,#197);
#103=LENGTH_MEASURE_WITH_UNIT(LENGTH_MEASURE(1.0),#198);
#106=DIMENSIONAL_EXPONENTS(1.0,0.0,0.0,0.0,0.0,0.0,0.0);
#108=DIMENSIONAL_EXPONENTS(0.0,0.0,0.0,0.0,0.0,0.0,0.0);
#114=SURFACE_STYLE_USAGE(.BOTH.,#199);
#115=FACE_OUTER_BOUND('',#200,.T.);
#116=CONICAL_SURFACE('',#201,0.2286,1.02974425867666);
#117=SURFACE_STYLE_USAGE(.BOTH.,#202);
#118=FACE_OUTER_BOUND('',#203,.T.);
#119=CYLINDRICAL_SURFACE('',#204,0.3556);
#120=SURFACE_STYLE_USAGE(.BOTH.,#205);
#121=FACE_OUTER_BOUND('',#206,.T.);
#122=CONICAL_SURFACE('',#207,0.2286,0.78539816339745);
#123=SURFACE_STYLE_USAGE(.BOTH.,#208);
#124=FACE_OUTER_BOUND('',#209,.T.);
#125=CYLINDRICAL_SURFACE('',#210,0.381);
#126=SURFACE_STYLE_USAGE(.BOTH.,#211);
#127=FACE_BOUND('',#212,.T.);
#128=FACE_OUTER_BOUND('',#213,.T.);
#129=PLANE('',#214);
#130=SURFACE_STYLE_USAGE(.BOTH.,#215);
#131=FACE_OUTER_BOUND('',#216,.T.);
#132=CYLINDRICAL_SURFACE('',#217,0.381);
#133=SURFACE_STYLE_USAGE(.BOTH.,#218);
#134=FACE_BOUND('',#219,.T.);
#135=FACE_OUTER_BOUND('',#220,.T.);
#136=PLANE('',#221);
#137=SURFACE_STYLE_USAGE(.BOTH.,#222);
#138=FACE_OUTER_BOUND('',#223,.T.);
#139=PLANE('',#224);
#140=SURFACE_STYLE_USAGE(.BOTH.,#225);
#141=FACE_OUTER_BOUND('',#226,.T.);
#142=CONICAL_SURFACE('',#227,0.2286,0.78539816339745);
#143=SURFACE_STYLE_USAGE(.BOTH.,#228);
#144=FACE_OUTER_BOUND('',#229,.T.);
#145=CYLINDRICAL_SURFACE('',#230,0.3556);
#146=SURFACE_STYLE_USAGE(.BOTH.,#231);
#147=FACE_BOUND('',#232,.T.);
#148=FACE_BOUND('',#233,.T.);
#149=FACE_BOUND('',#234,.T.);
#150=FACE_OUTER_BOUND('',#235,.T.);
#151=PLANE('',#236);
#152=SURFACE_STYLE_USAGE(.BOTH.,#237);
#153=FACE_OUTER_BOUND('',#238,.T.);
#154=CONICAL_SURFACE('',#239,0.2286,1.02974425867666);
#155=SURFACE_STYLE_USAGE(.BOTH.,#240);
#156=FACE_OUTER_BOUND('',#241,.T.);
#157=CYLINDRICAL_SURFACE('',#242,0.2286);
#158=SURFACE_STYLE_USAGE(.BOTH.,#243);
#159=FACE_OUTER_BOUND('',#244,.T.);
#160=CONICAL_SURFACE('',#245,0.2286,0.785398163397448);
#161=SURFACE_STYLE_USAGE(.BOTH.,#246);
#162=FACE_OUTER_BOUND('',#247,.T.);
#163=PLANE('',#248);
#164=SURFACE_STYLE_USAGE(.BOTH.,#249);
#165=FACE_OUTER_BOUND('',#250,.T.);
#166=CONICAL_SURFACE('',#251,0.2286,1.02974425867666);
#167=SURFACE_STYLE_USAGE(.BOTH.,#252);
#168=FACE_OUTER_BOUND('',#253,.T.);
#169=CYLINDRICAL_SURFACE('',#254,0.2286);
#170=SURFACE_STYLE_USAGE(.BOTH.,#255);
#171=FACE_OUTER_BOUND('',#256,.T.);
#172=CONICAL_SURFACE('',#257,0.2286,0.785398163397448);
#173=SURFACE_STYLE_USAGE(.BOTH.,#258);
#174=FACE_OUTER_BOUND('',#259,.T.);
#175=PLANE('',#260);
#176=SURFACE_STYLE_USAGE(.BOTH.,#261);
#177=FACE_OUTER_BOUND('',#262,.T.);
#178=CYLINDRICAL_SURFACE('',#263,0.3556);
#179=SURFACE_STYLE_USAGE(.BOTH.,#264);
#180=FACE_OUTER_BOUND('',#265,.T.);
#181=CYLINDRICAL_SURFACE('',#266,0.3556);
#182=SURFACE_STYLE_USAGE(.BOTH.,#267);
#183=FACE_OUTER_BOUND('',#268,.T.);
#184=PLANE('',#269);
#185=SURFACE_STYLE_USAGE(.BOTH.,#270);
#186=FACE_OUTER_BOUND('',#271,.T.);
#187=PLANE('',#272);
#188=SURFACE_STYLE_USAGE(.BOTH.,#273);
#189=FACE_OUTER_BOUND('',#274,.T.);
#190=CONICAL_SURFACE('',#275,0.2286,1.02974425867666);
#191=SURFACE_STYLE_USAGE(.BOTH.,#276);
#192=CLOSED_SHELL('',(#49,#51,#53,#55,#277,#278,#279,#280,#281,#282,#283,#284,#285,#286,#287,#288,#289,#290,#291,#292,#293,#294,#295,#296,#297,#298,#299,#300,#301,#302,#303,#304,#305,#306,#307,#308,#309,#310,#311,#312,#313,#314,#315,#316,#317,#318,#319,#320,#321,#322,#323,#324,#57,#59,#61,#63,#65,#67,#69,#71,#73,#75,#77,#79,#81,#83,#85,#87,#89,#91,#93,#95));
#193=PRODUCT_CONTEXT('',#35,'mechanical');
#194=PRODUCT_DEFINITION_FORMATION_WITH_SPECIFIED_SOURCE(' ','NONE',#98,.NOT_KNOWN.);
#195=CARTESIAN_POINT('',(0.0,0.0,0.0));
#196=DIRECTION('',(0.0,0.0,1.0));
#197=DIRECTION('',(1.0,0.0,0.0));
#198= (NAMED_UNIT(#106)LENGTH_UNIT()SI_UNIT(.MILLI.,.METRE.));
#199=SURFACE_SIDE_STYLE('',(#326));
#200=EDGE_LOOP('',(#327,#328,#329));
#201=AXIS2_PLACEMENT_3D('',#330,#331,#332);
#202=SURFACE_SIDE_STYLE('',(#333));
#203=EDGE_LOOP('',(#334,#335,#336,#337,#338));
#204=AXIS2_PLACEMENT_3D('',#339,#340,#341);
#205=SURFACE_SIDE_STYLE('',(#342));
#206=EDGE_LOOP('',(#343,#344,#345,#346));
#207=AXIS2_PLACEMENT_3D('',#347,#348,#349);
#208=SURFACE_SIDE_STYLE('',(#350));
#209=EDGE_LOOP('',(#351,#352,#353,#354,#355));
#210=AXIS2_PLACEMENT_3D('',#356,#357,#358);
#211=SURFACE_SIDE_STYLE('',(#359));
#212=EDGE_LOOP('',(#360,#361));
#213=EDGE_LOOP('',(#362,#363));
#214=AXIS2_PLACEMENT_3D('',#364,#365,#366);
#215=SURFACE_SIDE_STYLE('',(#367));
#216=EDGE_LOOP('',(#368,#369,#370,#371));
#217=AXIS2_PLACEMENT_3D('',#372,#373,#374);
#218=SURFACE_SIDE_STYLE('',(#375));
#219=EDGE_LOOP('',(#376,#377,#378));
#220=EDGE_LOOP('',(#379,#380,#381));
#221=AXIS2_PLACEMENT_3D('',#382,#383,#384);
#222=SURFACE_SIDE_STYLE('',(#385));
#223=EDGE_LOOP('',(#386,#387));
#224=AXIS2_PLACEMENT_3D('',#388,#389,#390);
#225=SURFACE_SIDE_STYLE('',(#391));
#226=EDGE_LOOP('',(#392,#393,#394,#395));
#227=AXIS2_PLACEMENT_3D('',#396,#397,#398);
#228=SURFACE_SIDE_STYLE('',(#399));
#229=EDGE_LOOP('',(#400,#401,#402,#403));
#230=AXIS2_PLACEMENT_3D('',#404,#405,#406);
#231=SURFACE_SIDE_STYLE('',(#407));
#232=EDGE_LOOP('',(#408,#409));
#233=EDGE_LOOP('',(#410,#411));
#234=EDGE_LOOP('',(#412,#413));
#235=EDGE_LOOP('',(#414,#415,#416));
#236=AXIS2_PLACEMENT_3D('',#417,#418,#419);
#237=SURFACE_SIDE_STYLE('',(#420));
#238=EDGE_LOOP('',(#421,#422));
#239=AXIS2_PLACEMENT_3D('',#423,#424,#425);
#240=SURFACE_SIDE_STYLE('',(#426));
#241=EDGE_LOOP('',(#427,#428,#429,#430));
#242=AXIS2_PLACEMENT_3D('',#431,#432,#433);
#243=SURFACE_SIDE_STYLE('',(#434));
#244=EDGE_LOOP('',(#435,#436,#437,#438));
#245=AXIS2_PLACEMENT_3D('',#439,#440,#441);
#246=SURFACE_SIDE_STYLE('',(#442));
#247=EDGE_LOOP('',(#443,#444,#445,#446));
#248=AXIS2_PLACEMENT_3D('',#447,#448,#449);
#249=SURFACE_SIDE_STYLE('',(#450));
#250=EDGE_LOOP('',(#451,#452));
#251=AXIS2_PLACEMENT_3D('',#453,#454,#455);
#252=SURFACE_SIDE_STYLE('',(#456));
#253=EDGE_LOOP('',(#457,#458,#459,#460));
#254=AXIS2_PLACEMENT_3D('',#461,#462,#463);
#255=SURFACE_SIDE_STYLE('',(#464));
#256=EDGE_LOOP('',(#465,#466,#467,#468));
#257=AXIS2_PLACEMENT_3D('',#469,#470,#471);
#258=SURFACE_SIDE_STYLE('',(#472));
#259=EDGE_LOOP('',(#473,#474,#475,#476));
#260=AXIS2_PLACEMENT_3D('',#477,#478,#479);
#261=SURFACE_SIDE_STYLE('',(#480));
#262=EDGE_LOOP('',(#481,#482,#483,#484));
#263=AXIS2_PLACEMENT_3D('',#485,#486,#487);
#264=SURFACE_SIDE_STYLE('',(#488));
#265=EDGE_LOOP('',(#489,#490,#491,#492));
#266=AXIS2_PLACEMENT_3D('',#493,#494,#495);
#267=SURFACE_SIDE_STYLE('',(#496));
#268=EDGE_LOOP('',(#497,#498,#499,#500,#501,#502,#503,#504,#505,#506));
#269=AXIS2_PLACEMENT_3D('',#507,#508,#509);
#270=SURFACE_SIDE_STYLE('',(#510));
#271=EDGE_LOOP('',(#511,#512,#513,#514,#515,#516,#517,#518,#519,#520));
#272=AXIS2_PLACEMENT_3D('',#521,#522,#523);
#273=SURFACE_SIDE_STYLE('',(#524));
#274=EDGE_LOOP('',(#525,#526,#527));
#275=AXIS2_PLACEMENT_3D('',#528,#529,#530);
#276=SURFACE_SIDE_STYLE('',(#531));
#277=ADVANCED_FACE('',(#532),#533,.F.);
#278=ADVANCED_FACE('',(#534),#535,.F.);
#279=ADVANCED_FACE('',(#536),#537,.F.);
#280=ADVANCED_FACE('',(#538),#539,.F.);
#281=ADVANCED_FACE('',(#540),#541,.F.);
#282=ADVANCED_FACE('',(#542),#543,.F.);
#283=ADVANCED_FACE('',(#544),#545,.F.);
#284=ADVANCED_FACE('',(#546),#547,.T.);
#285=ADVANCED_FACE('',(#548),#549,.F.);
#286=ADVANCED_FACE('',(#550),#551,.F.);
#287=ADVANCED_FACE('',(#552),#553,.F.);
#288=ADVANCED_FACE('',(#554),#555,.F.);
#289=ADVANCED_FACE('',(#556),#557,.F.);
#290=ADVANCED_FACE('',(#558),#559,.F.);
#291=ADVANCED_FACE('',(#560),#561,.F.);
#292=ADVANCED_FACE('',(#562),#563,.F.);
#293=ADVANCED_FACE('',(#564),#565,.F.);
#294=ADVANCED_FACE('',(#566),#567,.F.);
#295=ADVANCED_FACE('',(#568),#569,.F.);
#296=ADVANCED_FACE('',(#570),#571,.F.);
#297=ADVANCED_FACE('',(#572),#573,.F.);
#298=ADVANCED_FACE('',(#574,#575,#576,#577,#578,#579),#580,.F.);
#299=ADVANCED_FACE('',(#581),#582,.F.);
#300=ADVANCED_FACE('',(#583),#584,.F.);
#301=ADVANCED_FACE('',(#585),#586,.F.);
#302=ADVANCED_FACE('',(#587),#588,.F.);
#303=ADVANCED_FACE('',(#589),#590,.T.);
#304=ADVANCED_FACE('',(#591),#592,.T.);
#305=ADVANCED_FACE('',(#593),#594,.F.);
#306=ADVANCED_FACE('',(#595),#596,.F.);
#307=ADVANCED_FACE('',(#597),#598,.F.);
#308=ADVANCED_FACE('',(#599),#600,.F.);
#309=ADVANCED_FACE('',(#601),#602,.T.);
#310=ADVANCED_FACE('',(#603),#604,.T.);
#311=ADVANCED_FACE('',(#605),#606,.F.);
#312=ADVANCED_FACE('',(#607),#608,.F.);
#313=ADVANCED_FACE('',(#609),#610,.F.);
#314=ADVANCED_FACE('',(#611),#612,.F.);
#315=ADVANCED_FACE('',(#613),#614,.F.);
#316=ADVANCED_FACE('',(#615,#616),#617,.T.);
#317=ADVANCED_FACE('',(#618),#619,.F.);
#318=ADVANCED_FACE('',(#620,#621),#622,.F.);
#319=ADVANCED_FACE('',(#623),#624,.F.);
#320=ADVANCED_FACE('',(#625),#626,.F.);
#321=ADVANCED_FACE('',(#627),#628,.F.);
#322=ADVANCED_FACE('',(#629),#630,.F.);
#323=ADVANCED_FACE('',(#631),#632,.F.);
#324=ADVANCED_FACE('',(#633),#634,.F.);
#326=SURFACE_STYLE_FILL_AREA(#635);
#327=ORIENTED_EDGE('',*,*,#636,.F.);
#328=ORIENTED_EDGE('',*,*,#637,.F.);
#329=ORIENTED_EDGE('',*,*,#638,.T.);
#330=CARTESIAN_POINT('',(5.9525523064857E-16,1.71261345816715E-15,-3.09267791073704));
#331=DIRECTION('',(7.08685032035673E-17,6.12303176911145E-17,1.0));
#332=DIRECTION('',(-1.0,1.22460635382238E-16,7.08685032035673E-17));
#333=SURFACE_STYLE_FILL_AREA(#639);
#334=ORIENTED_EDGE('',*,*,#640,.F.);
#335=ORIENTED_EDGE('',*,*,#641,.T.);
#336=ORIENTED_EDGE('',*,*,#642,.T.);
#337=ORIENTED_EDGE('',*,*,#643,.F.);
#338=ORIENTED_EDGE('',*,*,#644,.T.);
#339=CARTESIAN_POINT('',(-1.14179876615036E-15,-0.380999999999995,-4.741014760698));
#340=DIRECTION('',(0.0,1.0,6.12303176911189E-17));
#341=DIRECTION('',(-1.0,0.0,0.0));
#342=SURFACE_STYLE_FILL_AREA(#645);
#343=ORIENTED_EDGE('',*,*,#646,.F.);
#344=ORIENTED_EDGE('',*,*,#647,.T.);
#345=ORIENTED_EDGE('',*,*,#648,.F.);
#346=ORIENTED_EDGE('',*,*,#644,.F.);
#347=CARTESIAN_POINT('',(-9.07858706795044E-16,-4.20165728509599,-4.741014760698));
#348=DIRECTION('',(-8.3247696423484E-17,1.0,-0.0));
#349=DIRECTION('',(1.0,8.3247696423484E-17,0.0));
#350=SURFACE_STYLE_FILL_AREA(#649);
#351=ORIENTED_EDGE('',*,*,#650,.F.);
#352=ORIENTED_EDGE('',*,*,#651,.T.);
#353=ORIENTED_EDGE('',*,*,#652,.F.);
#354=ORIENTED_EDGE('',*,*,#653,.T.);
#355=ORIENTED_EDGE('',*,*,#654,.T.);
#356=CARTESIAN_POINT('',(0.0,0.0,-3.62884855033341));
#357=DIRECTION('',(0.0,-0.0,-1.0));
#358=DIRECTION('',(0.0,-1.0,0.0));
#359=SURFACE_STYLE_FILL_AREA(#655);
#360=ORIENTED_EDGE('',*,*,#656,.F.);
#361=ORIENTED_EDGE('',*,*,#651,.F.);
#362=ORIENTED_EDGE('',*,*,#657,.F.);
#363=ORIENTED_EDGE('',*,*,#658,.F.);
#364=CARTESIAN_POINT('',(0.0,0.592904789635417,-3.065414760698));
#365=DIRECTION('',(0.0,0.0,1.0));
#366=DIRECTION('',(1.0,0.0,0.0));
#367=SURFACE_STYLE_FILL_AREA(#659);
#368=ORIENTED_EDGE('',*,*,#650,.T.);
#369=ORIENTED_EDGE('',*,*,#660,.T.);
#370=ORIENTED_EDGE('',*,*,#652,.T.);
#371=ORIENTED_EDGE('',*,*,#656,.T.);
#372=CARTESIAN_POINT('',(0.0,0.0,-3.62884855033341));
#373=DIRECTION('',(0.0,-0.0,-1.0));
#374=DIRECTION('',(0.0,-1.0,0.0));
#375=SURFACE_STYLE_FILL_AREA(#661);
#376=ORIENTED_EDGE('',*,*,#642,.F.);
#377=ORIENTED_EDGE('',*,*,#641,.F.);
#378=ORIENTED_EDGE('',*,*,#662,.F.);
#379=ORIENTED_EDGE('',*,*,#663,.F.);
#380=ORIENTED_EDGE('',*,*,#664,.F.);
#381=ORIENTED_EDGE('',*,*,#665,.F.);
#382=CARTESIAN_POINT('',(-2.05812065523848E-16,-2.0,-3.976014760698));
#383=DIRECTION('',(3.74915180455534E-33,-1.0,6.12303176911189E-17));
#384=DIRECTION('',(-1.0,-3.74915180455534E-33,0.0));
#385=SURFACE_STYLE_FILL_AREA(#666);
#386=ORIENTED_EDGE('',*,*,#667,.F.);
#387=ORIENTED_EDGE('',*,*,#647,.F.);
#388=CARTESIAN_POINT('',(-0.134521097562946,-4.20165728509599,-5.01666459815634));
#389=DIRECTION('',(6.12303176911189E-17,-1.0,-6.12303176911189E-17));
#390=DIRECTION('',(0.0,6.12303176911189E-17,-1.0));
#391=SURFACE_STYLE_FILL_AREA(#668);
#392=ORIENTED_EDGE('',*,*,#646,.T.);
#393=ORIENTED_EDGE('',*,*,#669,.F.);
#394=ORIENTED_EDGE('',*,*,#648,.T.);
#395=ORIENTED_EDGE('',*,*,#667,.T.);
#396=CARTESIAN_POINT('',(-9.07858706795044E-16,-4.20165728509599,-4.741014760698));
#397=DIRECTION('',(-8.3247696423484E-17,1.0,-0.0));
#398=DIRECTION('',(1.0,8.3247696423484E-17,0.0));
#399=SURFACE_STYLE_FILL_AREA(#670);
#400=ORIENTED_EDGE('',*,*,#640,.T.);
#401=ORIENTED_EDGE('',*,*,#669,.T.);
#402=ORIENTED_EDGE('',*,*,#643,.T.);
#403=ORIENTED_EDGE('',*,*,#662,.T.);
#404=CARTESIAN_POINT('',(-1.14179876615036E-15,-0.380999999999995,-4.741014760698));
#405=DIRECTION('',(0.0,1.0,6.12303176911189E-17));
#406=DIRECTION('',(-1.0,0.0,0.0));
#407=SURFACE_STYLE_FILL_AREA(#671);
#408=ORIENTED_EDGE('',*,*,#638,.F.);
#409=ORIENTED_EDGE('',*,*,#672,.F.);
#410=ORIENTED_EDGE('',*,*,#673,.F.);
#411=ORIENTED_EDGE('',*,*,#674,.T.);
#412=ORIENTED_EDGE('',*,*,#675,.F.);
#413=ORIENTED_EDGE('',*,*,#676,.T.);
#414=ORIENTED_EDGE('',*,*,#654,.F.);
#415=ORIENTED_EDGE('',*,*,#653,.F.);
#416=ORIENTED_EDGE('',*,*,#660,.F.);
#417=CARTESIAN_POINT('',(5.8281323009373E-16,1.75041731109716E-15,-3.19427791073704));
#418=DIRECTION('',(1.22460635382238E-16,-1.49967359905194E-32,1.0));
#419=DIRECTION('',(1.0,0.0,-1.22460635382238E-16));
#420=SURFACE_STYLE_FILL_AREA(#677);
#421=ORIENTED_EDGE('',*,*,#678,.T.);
#422=ORIENTED_EDGE('',*,*,#679,.T.);
#423=CARTESIAN_POINT('',(5.9455729041515E-16,-0.00409652744719635,-3.09588346130049));
#424=DIRECTION('',(1.4232108968842E-16,-0.0409492306758245,0.999161228484702));
#425=DIRECTION('',(-1.0,1.22694251220003E-16,1.47469017695658E-16));
#426=SURFACE_STYLE_FILL_AREA(#680);
#427=ORIENTED_EDGE('',*,*,#681,.T.);
#428=ORIENTED_EDGE('',*,*,#682,.F.);
#429=ORIENTED_EDGE('',*,*,#679,.F.);
#430=ORIENTED_EDGE('',*,*,#683,.T.);
#431=CARTESIAN_POINT('',(2.17492350773894E-15,-0.555355070805146,10.3548249965606));
#432=DIRECTION('',(0.0,0.0409492306758245,-0.999161228484702));
#433=DIRECTION('',(-1.0,0.0,0.0));
#434=SURFACE_STYLE_FILL_AREA(#684);
#435=ORIENTED_EDGE('',*,*,#681,.F.);
#436=ORIENTED_EDGE('',*,*,#685,.T.);
#437=ORIENTED_EDGE('',*,*,#686,.T.);
#438=ORIENTED_EDGE('',*,*,#687,.T.);
#439=CARTESIAN_POINT('',(7.6452120435374E-16,-0.0633828236196551,-1.64929783470034));
#440=DIRECTION('',(2.50707761590042E-16,-0.0409492306758244,0.999161228484702));
#441=DIRECTION('',(-1.0,1.194382233029E-16,2.55813233801332E-16));
#442=SURFACE_STYLE_FILL_AREA(#688);
#443=ORIENTED_EDGE('',*,*,#689,.T.);
#444=ORIENTED_EDGE('',*,*,#690,.T.);
#445=ORIENTED_EDGE('',*,*,#691,.T.);
#446=ORIENTED_EDGE('',*,*,#686,.F.);
#447=CARTESIAN_POINT('',(3.9709615672464E-16,-0.066503154997153,-1.5731617490898));
#448=DIRECTION('',(5.06602705332729E-18,0.0409492306758246,-0.999161228484702));
#449=DIRECTION('',(-1.0,0.0,-5.07027985964815E-18));
#450=SURFACE_STYLE_FILL_AREA(#692);
#451=ORIENTED_EDGE('',*,*,#693,.T.);
#452=ORIENTED_EDGE('',*,*,#694,.T.);
#453=CARTESIAN_POINT('',(5.9556061712324E-16,0.0040965274471998,-3.09588346130049));
#454=DIRECTION('',(1.52418613196079E-16,0.0409492306758249,0.999161228484702));
#455=DIRECTION('',(-1.0,1.23892152016628E-16,1.47469017695658E-16));
#456=SURFACE_STYLE_FILL_AREA(#695);
#457=ORIENTED_EDGE('',*,*,#696,.T.);
#458=ORIENTED_EDGE('',*,*,#697,.T.);
#459=ORIENTED_EDGE('',*,*,#694,.F.);
#460=ORIENTED_EDGE('',*,*,#698,.F.);
#461=CARTESIAN_POINT('',(2.31094177740603E-15,0.555355070805152,10.3548249965606));
#462=DIRECTION('',(-0.0,-0.0409492306758247,-0.999161228484702));
#463=DIRECTION('',(-1.0,0.0,0.0));
#464=SURFACE_STYLE_FILL_AREA(#699);
#465=ORIENTED_EDGE('',*,*,#696,.F.);
#466=ORIENTED_EDGE('',*,*,#700,.T.);
#467=ORIENTED_EDGE('',*,*,#701,.T.);
#468=ORIENTED_EDGE('',*,*,#702,.T.);
#469=CARTESIAN_POINT('',(7.8004500605931E-16,0.0633828236196587,-1.64929783470034));
#470=DIRECTION('',(2.6068598121364E-16,0.0409492306758247,0.999161228484702));
#471=DIRECTION('',(-1.0,1.24234721436675E-16,2.55813233801332E-16));
#472=SURFACE_STYLE_FILL_AREA(#703);
#473=ORIENTED_EDGE('',*,*,#704,.T.);
#474=ORIENTED_EDGE('',*,*,#701,.F.);
#475=ORIENTED_EDGE('',*,*,#705,.T.);
#476=ORIENTED_EDGE('',*,*,#706,.T.);
#477=CARTESIAN_POINT('',(4.1338419395639E-16,0.0665031549971565,-1.5731617490898));
#478=DIRECTION('',(-4.96331056062331E-18,-0.0409492306758246,-0.999161228484702));
#479=DIRECTION('',(0.0,-0.999161228484702,0.0409492306758246));
#480=SURFACE_STYLE_FILL_AREA(#707);
#481=ORIENTED_EDGE('',*,*,#673,.T.);
#482=ORIENTED_EDGE('',*,*,#708,.T.);
#483=ORIENTED_EDGE('',*,*,#706,.F.);
#484=ORIENTED_EDGE('',*,*,#709,.F.);
#485=CARTESIAN_POINT('',(4.0920230204712E-16,0.0320009302497031,-2.4150160329231));
#486=DIRECTION('',(-4.68193667677927E-18,-0.0409492306758246,-0.999161228484702));
#487=DIRECTION('',(-1.0,1.14335155984832E-16,5.41145818112886E-34));
#488=SURFACE_STYLE_FILL_AREA(#710);
#489=ORIENTED_EDGE('',*,*,#711,.T.);
#490=ORIENTED_EDGE('',*,*,#690,.F.);
#491=ORIENTED_EDGE('',*,*,#712,.F.);
#492=ORIENTED_EDGE('',*,*,#675,.T.);
#493=CARTESIAN_POINT('',(4.0136459354471E-16,-0.0320009302496995,-2.4150160329231));
#494=DIRECTION('',(5.46225945624251E-18,0.0409492306758246,-0.999161228484702));
#495=DIRECTION('',(-1.0,1.33391015315638E-16,0.0));
#496=SURFACE_STYLE_FILL_AREA(#713);
#497=ORIENTED_EDGE('',*,*,#712,.T.);
#498=ORIENTED_EDGE('',*,*,#689,.F.);
#499=ORIENTED_EDGE('',*,*,#685,.F.);
#500=ORIENTED_EDGE('',*,*,#683,.F.);
#501=ORIENTED_EDGE('',*,*,#678,.F.);
#502=ORIENTED_EDGE('',*,*,#682,.T.);
#503=ORIENTED_EDGE('',*,*,#687,.F.);
#504=ORIENTED_EDGE('',*,*,#691,.F.);
#505=ORIENTED_EDGE('',*,*,#711,.F.);
#506=ORIENTED_EDGE('',*,*,#676,.F.);
#507=CARTESIAN_POINT('',(0.589608,0.00963293061338126,-1.5700414177123));
#508=DIRECTION('',(1.24865253293021E-16,0.999161228484702,0.0409492306758246));
#509=DIRECTION('',(1.0,0.0,-3.04926982100151E-15));
#510=SURFACE_STYLE_FILL_AREA(#714);
#511=ORIENTED_EDGE('',*,*,#708,.F.);
#512=ORIENTED_EDGE('',*,*,#674,.F.);
#513=ORIENTED_EDGE('',*,*,#709,.T.);
#514=ORIENTED_EDGE('',*,*,#705,.F.);
#515=ORIENTED_EDGE('',*,*,#700,.F.);
#516=ORIENTED_EDGE('',*,*,#698,.T.);
#517=ORIENTED_EDGE('',*,*,#693,.F.);
#518=ORIENTED_EDGE('',*,*,#697,.F.);
#519=ORIENTED_EDGE('',*,*,#702,.F.);
#520=ORIENTED_EDGE('',*,*,#704,.F.);
#521=CARTESIAN_POINT('',(-0.69763,-0.00963293061337763,-1.5700414177123));
#522=DIRECTION('',(-1.19850584486046E-16,-0.999161228484702,0.0409492306758246));
#523=DIRECTION('',(-1.0,1.19951196132588E-16,-1.03370390972912E-33));
#524=SURFACE_STYLE_FILL_AREA(#715);
#525=ORIENTED_EDGE('',*,*,#636,.T.);
#526=ORIENTED_EDGE('',*,*,#672,.T.);
#527=ORIENTED_EDGE('',*,*,#637,.T.);
#528=CARTESIAN_POINT('',(5.9525523064857E-16,1.71261345816715E-15,-3.09267791073704));
#529=DIRECTION('',(7.08685032035673E-17,6.12303176911145E-17,1.0));
#530=DIRECTION('',(-1.0,1.22460635382238E-16,7.08685032035673E-17));
#531=SURFACE_STYLE_FILL_AREA(#716);
#532=FACE_OUTER_BOUND('',#717,.T.);
#533=CYLINDRICAL_SURFACE('',#718,1.51);
#534=FACE_OUTER_BOUND('',#719,.T.);
#535=CYLINDRICAL_SURFACE('',#720,0.8255);
#536=FACE_OUTER_BOUND('',#721,.T.);
#537=CYLINDRICAL_SURFACE('',#722,1.445);
#538=FACE_OUTER_BOUND('',#723,.T.);
#539=CONICAL_SURFACE('',#724,1.445,0.26179938779915);
#540=FACE_OUTER_BOUND('',#725,.T.);
#541=CYLINDRICAL_SURFACE('',#726,1.20523);
#542=FACE_OUTER_BOUND('',#727,.T.);
#543=CONICAL_SURFACE('',#728,1.38372269929941,0.349065850398866);
#544=FACE_OUTER_BOUND('',#729,.T.);
#545=CONICAL_SURFACE('',#730,1.20523,1.22173047639603);
#546=FACE_OUTER_BOUND('',#731,.T.);
#547=CYLINDRICAL_SURFACE('',#732,1.75);
#548=FACE_OUTER_BOUND('',#733,.T.);
#549=CYLINDRICAL_SURFACE('',#734,1.2);
#550=FACE_OUTER_BOUND('',#735,.T.);
#551=CYLINDRICAL_SURFACE('',#736,1.2);
#552=FACE_OUTER_BOUND('',#737,.T.);
#553=PLANE('',#738);
#554=FACE_OUTER_BOUND('',#739,.T.);
#555=PLANE('',#740);
#556=FACE_OUTER_BOUND('',#741,.T.);
#557=PLANE('',#742);
#558=FACE_OUTER_BOUND('',#743,.T.);
#559=PLANE('',#744);
#560=FACE_OUTER_BOUND('',#745,.T.);
#561=PLANE('',#746);
#562=FACE_OUTER_BOUND('',#747,.T.);
#563=PLANE('',#748);
#564=FACE_OUTER_BOUND('',#749,.T.);
#565=PLANE('',#750);
#566=FACE_OUTER_BOUND('',#751,.T.);
#567=PLANE('',#752);
#568=FACE_OUTER_BOUND('',#753,.T.);
#569=PLANE('',#754);
#570=FACE_OUTER_BOUND('',#755,.T.);
#571=PLANE('',#756);
#572=FACE_OUTER_BOUND('',#757,.T.);
#573=PLANE('',#758);
#574=FACE_BOUND('',#759,.T.);
#575=FACE_BOUND('',#760,.T.);
#576=FACE_BOUND('',#761,.T.);
#577=FACE_BOUND('',#762,.T.);
#578=FACE_BOUND('',#763,.T.);
#579=FACE_OUTER_BOUND('',#764,.T.);
#580=PLANE('',#765);
#581=FACE_OUTER_BOUND('',#766,.T.);
#582=PLANE('',#767);
#583=FACE_OUTER_BOUND('',#768,.T.);
#584=PLANE('',#769);
#585=FACE_OUTER_BOUND('',#770,.T.);
#586=PLANE('',#771);
#587=FACE_OUTER_BOUND('',#772,.T.);
#588=PLANE('',#773);
#589=FACE_OUTER_BOUND('',#774,.T.);
#590=PLANE('',#775);
#591=FACE_OUTER_BOUND('',#776,.T.);
#592=PLANE('',#777);
#593=FACE_OUTER_BOUND('',#778,.T.);
#594=PLANE('',#779);
#595=FACE_OUTER_BOUND('',#780,.T.);
#596=PLANE('',#781);
#597=FACE_OUTER_BOUND('',#782,.T.);
#598=PLANE('',#783);
#599=FACE_OUTER_BOUND('',#784,.T.);
#600=PLANE('',#785);
#601=FACE_OUTER_BOUND('',#786,.T.);
#602=CYLINDRICAL_SURFACE('',#787,1.75);
#603=FACE_OUTER_BOUND('',#788,.T.);
#604=PLANE('',#789);
#605=FACE_OUTER_BOUND('',#790,.T.);
#606=CONICAL_SURFACE('',#791,1.20523,1.22173047639603);
#607=FACE_OUTER_BOUND('',#792,.T.);
#608=PLANE('',#793);
#609=FACE_OUTER_BOUND('',#794,.T.);
#610=CONICAL_SURFACE('',#795,1.38372269929941,0.349065850398866);
#611=FACE_OUTER_BOUND('',#796,.T.);
#612=CYLINDRICAL_SURFACE('',#797,1.20523);
#613=FACE_OUTER_BOUND('',#798,.T.);
#614=CONICAL_SURFACE('',#799,1.445,0.26179938779915);
#615=FACE_BOUND('',#800,.T.);
#616=FACE_OUTER_BOUND('',#801,.T.);
#617=PLANE('',#802);
#618=FACE_OUTER_BOUND('',#803,.T.);
#619=CYLINDRICAL_SURFACE('',#804,1.445);
#620=FACE_BOUND('',#805,.T.);
#621=FACE_OUTER_BOUND('',#806,.T.);
#622=PLANE('',#807);
#623=FACE_OUTER_BOUND('',#808,.T.);
#624=PLANE('',#809);
#625=FACE_OUTER_BOUND('',#810,.T.);
#626=PLANE('',#811);
#627=FACE_OUTER_BOUND('',#812,.T.);
#628=PLANE('',#813);
#629=FACE_OUTER_BOUND('',#814,.T.);
#630=PLANE('',#815);
#631=FACE_OUTER_BOUND('',#816,.T.);
#632=CYLINDRICAL_SURFACE('',#817,0.8255);
#633=FACE_OUTER_BOUND('',#818,.T.);
#634=CYLINDRICAL_SURFACE('',#819,1.51);
#635=FILL_AREA_STYLE('',(#820));
#636=EDGE_CURVE('',#821,#822,#823,.T.);
#637=EDGE_CURVE('',#824,#821,#825,.T.);
#638=EDGE_CURVE('',#824,#822,#826,.T.);
#639=FILL_AREA_STYLE('',(#827));
#640=EDGE_CURVE('',#828,#829,#830,.T.);
#641=EDGE_CURVE('',#828,#831,#832,.T.);
#642=EDGE_CURVE('',#831,#833,#834,.T.);
#643=EDGE_CURVE('',#835,#833,#836,.T.);
#644=EDGE_CURVE('',#835,#829,#837,.T.);
#645=FILL_AREA_STYLE('',(#838));
#646=EDGE_CURVE('',#839,#835,#840,.T.);
#647=EDGE_CURVE('',#839,#841,#842,.T.);
#648=EDGE_CURVE('',#829,#841,#843,.T.);
#649=FILL_AREA_STYLE('',(#844));
#650=EDGE_CURVE('',#845,#846,#847,.T.);
#651=EDGE_CURVE('',#845,#848,#849,.T.);
#652=EDGE_CURVE('',#850,#848,#851,.T.);
#653=EDGE_CURVE('',#850,#852,#853,.F.);
#654=EDGE_CURVE('',#852,#846,#854,.F.);
#655=FILL_AREA_STYLE('',(#855));
#656=EDGE_CURVE('',#848,#845,#856,.T.);
#657=EDGE_CURVE('',#857,#858,#859,.F.);
#658=EDGE_CURVE('',#858,#857,#860,.F.);
#659=FILL_AREA_STYLE('',(#861));
#660=EDGE_CURVE('',#846,#850,#862,.F.);
#661=FILL_AREA_STYLE('',(#863));
#662=EDGE_CURVE('',#833,#828,#864,.T.);
#663=EDGE_CURVE('',#865,#866,#867,.F.);
#664=EDGE_CURVE('',#868,#865,#869,.F.);
#665=EDGE_CURVE('',#866,#868,#870,.F.);
#666=FILL_AREA_STYLE('',(#871));
#667=EDGE_CURVE('',#841,#839,#872,.T.);
#668=FILL_AREA_STYLE('',(#873));
#669=EDGE_CURVE('',#829,#835,#874,.T.);
#670=FILL_AREA_STYLE('',(#875));
#671=FILL_AREA_STYLE('',(#876));
#672=EDGE_CURVE('',#822,#824,#877,.T.);
#673=EDGE_CURVE('',#878,#879,#880,.T.);
#674=EDGE_CURVE('',#878,#879,#881,.T.);
#675=EDGE_CURVE('',#882,#883,#884,.T.);
#676=EDGE_CURVE('',#882,#883,#885,.T.);
#677=FILL_AREA_STYLE('',(#886));
#678=EDGE_CURVE('',#887,#888,#889,.T.);
#679=EDGE_CURVE('',#888,#887,#890,.T.);
#680=FILL_AREA_STYLE('',(#891));
#681=EDGE_CURVE('',#892,#893,#894,.T.);
#682=EDGE_CURVE('',#887,#893,#895,.T.);
#683=EDGE_CURVE('',#888,#892,#896,.T.);
#684=FILL_AREA_STYLE('',(#897));
#685=EDGE_CURVE('',#892,#898,#899,.T.);
#686=EDGE_CURVE('',#898,#900,#901,.T.);
#687=EDGE_CURVE('',#900,#893,#902,.T.);
#688=FILL_AREA_STYLE('',(#903));
#689=EDGE_CURVE('',#898,#904,#905,.T.);
#690=EDGE_CURVE('',#904,#906,#907,.T.);
#691=EDGE_CURVE('',#906,#900,#908,.T.);
#692=FILL_AREA_STYLE('',(#909));
#693=EDGE_CURVE('',#910,#911,#912,.T.);
#694=EDGE_CURVE('',#911,#910,#913,.T.);
#695=FILL_AREA_STYLE('',(#914));
#696=EDGE_CURVE('',#915,#916,#917,.T.);
#697=EDGE_CURVE('',#916,#910,#918,.T.);
#698=EDGE_CURVE('',#915,#911,#919,.T.);
#699=FILL_AREA_STYLE('',(#920));
#700=EDGE_CURVE('',#915,#921,#922,.T.);
#701=EDGE_CURVE('',#921,#923,#924,.T.);
#702=EDGE_CURVE('',#923,#916,#925,.T.);
#703=FILL_AREA_STYLE('',(#926));
#704=EDGE_CURVE('',#927,#923,#928,.T.);
#705=EDGE_CURVE('',#921,#929,#930,.T.);
#706=EDGE_CURVE('',#929,#927,#931,.T.);
#707=FILL_AREA_STYLE('',(#932));
#708=EDGE_CURVE('',#879,#927,#933,.T.);
#709=EDGE_CURVE('',#878,#929,#934,.T.);
#710=FILL_AREA_STYLE('',(#935));
#711=EDGE_CURVE('',#883,#906,#936,.T.);
#712=EDGE_CURVE('',#882,#904,#937,.T.);
#713=FILL_AREA_STYLE('',(#938));
#714=FILL_AREA_STYLE('',(#939));
#715=FILL_AREA_STYLE('',(#940));
#716=FILL_AREA_STYLE('',(#941));
#717=EDGE_LOOP('',(#942,#943,#944,#945));
#718=AXIS2_PLACEMENT_3D('',#946,#947,#948);
#719=EDGE_LOOP('',(#949,#950,#951,#952));
#720=AXIS2_PLACEMENT_3D('',#953,#954,#955);
#721=EDGE_LOOP('',(#956,#957,#958,#959));
#722=AXIS2_PLACEMENT_3D('',#960,#961,#962);
#723=EDGE_LOOP('',(#963,#964,#965,#966));
#724=AXIS2_PLACEMENT_3D('',#967,#968,#969);
#725=EDGE_LOOP('',(#970,#971,#972,#973,#974));
#726=AXIS2_PLACEMENT_3D('',#975,#976,#977);
#727=EDGE_LOOP('',(#978,#979,#980,#981));
#728=AXIS2_PLACEMENT_3D('',#982,#983,#984);
#729=EDGE_LOOP('',(#985,#986,#987,#988,#989));
#730=AXIS2_PLACEMENT_3D('',#990,#991,#992);
#731=EDGE_LOOP('',(#993,#994,#995,#996,#997));
#732=AXIS2_PLACEMENT_3D('',#998,#999,#1000);
#733=EDGE_LOOP('',(#1001,#1002,#1003,#1004,#1005));
#734=AXIS2_PLACEMENT_3D('',#1006,#1007,#1008);
#735=EDGE_LOOP('',(#1009,#1010,#1011,#1012));
#736=AXIS2_PLACEMENT_3D('',#1013,#1014,#1015);
#737=EDGE_LOOP('',(#1016,#1017,#1018,#1019));
#738=AXIS2_PLACEMENT_3D('',#1020,#1021,#1022);
#739=EDGE_LOOP('',(#1023,#1024,#1025,#1026));
#740=AXIS2_PLACEMENT_3D('',#1027,#1028,#1029);
#741=EDGE_LOOP('',(#1030,#1031,#1032,#1033));
#742=AXIS2_PLACEMENT_3D('',#1034,#1035,#1036);
#743=EDGE_LOOP('',(#1037,#1038,#1039,#1040));
#744=AXIS2_PLACEMENT_3D('',#1041,#1042,#1043);
#745=EDGE_LOOP('',(#1044,#1045,#1046,#1047));
#746=AXIS2_PLACEMENT_3D('',#1048,#1049,#1050);
#747=EDGE_LOOP('',(#1051,#1052,#1053,#1054));
#748=AXIS2_PLACEMENT_3D('',#1055,#1056,#1057);
#749=EDGE_LOOP('',(#1058,#1059,#1060,#1061));
#750=AXIS2_PLACEMENT_3D('',#1062,#1063,#1064);
#751=EDGE_LOOP('',(#1065,#1066,#1067,#1068));
#752=AXIS2_PLACEMENT_3D('',#1069,#1070,#1071);
#753=EDGE_LOOP('',(#1072,#1073,#1074,#1075));
#754=AXIS2_PLACEMENT_3D('',#1076,#1077,#1078);
#755=EDGE_LOOP('',(#1079,#1080,#1081,#1082));
#756=AXIS2_PLACEMENT_3D('',#1083,#1084,#1085);
#757=EDGE_LOOP('',(#1086,#1087,#1088,#1089));
#758=AXIS2_PLACEMENT_3D('',#1090,#1091,#1092);
#759=EDGE_LOOP('',(#1093,#1094,#1095,#1096));
#760=EDGE_LOOP('',(#1097,#1098,#1099,#1100));
#761=EDGE_LOOP('',(#1101,#1102,#1103,#1104));
#762=EDGE_LOOP('',(#1105,#1106));
#763=EDGE_LOOP('',(#1107,#1108,#1109,#1110));
#764=EDGE_LOOP('',(#1111,#1112,#1113,#1114));
#765=AXIS2_PLACEMENT_3D('',#1115,#1116,#1117);
#766=EDGE_LOOP('',(#1118,#1119,#1120,#1121));
#767=AXIS2_PLACEMENT_3D('',#1122,#1123,#1124);
#768=EDGE_LOOP('',(#1125,#1126,#1127,#1128));
#769=AXIS2_PLACEMENT_3D('',#1129,#1130,#1131);
#770=EDGE_LOOP('',(#1132,#1133,#1134,#1135));
#771=AXIS2_PLACEMENT_3D('',#1136,#1137,#1138);
#772=EDGE_LOOP('',(#1139,#1140,#1141,#1142));
#773=AXIS2_PLACEMENT_3D('',#1143,#1144,#1145);
#774=EDGE_LOOP('',(#1146,#1147,#1148,#1149,#1150));
#775=AXIS2_PLACEMENT_3D('',#1151,#1152,#1153);
#776=EDGE_LOOP('',(#1154,#1155,#1156,#1157,#1158));
#777=AXIS2_PLACEMENT_3D('',#1159,#1160,#1161);
#778=EDGE_LOOP('',(#1162,#1163,#1164,#1165));
#779=AXIS2_PLACEMENT_3D('',#1166,#1167,#1168);
#780=EDGE_LOOP('',(#1169,#1170,#1171,#1172));
#781=AXIS2_PLACEMENT_3D('',#1173,#1174,#1175);
#782=EDGE_LOOP('',(#1176,#1177,#1178,#1179));
#783=AXIS2_PLACEMENT_3D('',#1180,#1181,#1182);
#784=EDGE_LOOP('',(#1183,#1184,#1185,#1186,#1187));
#785=AXIS2_PLACEMENT_3D('',#1188,#1189,#1190);
#786=EDGE_LOOP('',(#1191,#1192,#1193,#1194,#1195));
#787=AXIS2_PLACEMENT_3D('',#1196,#1197,#1198);
#788=EDGE_LOOP('',(#1199,#1200,#1201,#1202));
#789=AXIS2_PLACEMENT_3D('',#1203,#1204,#1205);
#790=EDGE_LOOP('',(#1206,#1207,#1208,#1209,#1210));
#791=AXIS2_PLACEMENT_3D('',#1211,#1212,#1213);
#792=EDGE_LOOP('',(#1214,#1215,#1216,#1217,#1218));
#793=AXIS2_PLACEMENT_3D('',#1219,#1220,#1221);
#794=EDGE_LOOP('',(#1222,#1223,#1224,#1225));
#795=AXIS2_PLACEMENT_3D('',#1226,#1227,#1228);
#796=EDGE_LOOP('',(#1229,#1230,#1231,#1232,#1233));
#797=AXIS2_PLACEMENT_3D('',#1234,#1235,#1236);
#798=EDGE_LOOP('',(#1237,#1238,#1239,#1240));
#799=AXIS2_PLACEMENT_3D('',#1241,#1242,#1243);
#800=EDGE_LOOP('',(#1244,#1245));
#801=EDGE_LOOP('',(#1246,#1247));
#802=AXIS2_PLACEMENT_3D('',#1248,#1249,#1250);
#803=EDGE_LOOP('',(#1251,#1252,#1253,#1254));
#804=AXIS2_PLACEMENT_3D('',#1255,#1256,#1257);
#805=EDGE_LOOP('',(#1258,#1259));
#806=EDGE_LOOP('',(#1260,#1261));
#807=AXIS2_PLACEMENT_3D('',#1262,#1263,#1264);
#808=EDGE_LOOP('',(#1265,#1266,#1267,#1268));
#809=AXIS2_PLACEMENT_3D('',#1269,#1270,#1271);
#810=EDGE_LOOP('',(#1272,#1273,#1274,#1275));
#811=AXIS2_PLACEMENT_3D('',#1276,#1277,#1278);
#812=EDGE_LOOP('',(#1279,#1280,#1281));
#813=AXIS2_PLACEMENT_3D('',#1282,#1283,#1284);
#814=EDGE_LOOP('',(#1285,#1286,#1287));
#815=AXIS2_PLACEMENT_3D('',#1288,#1289,#1290);
#816=EDGE_LOOP('',(#1291,#1292,#1293,#1294));
#817=AXIS2_PLACEMENT_3D('',#1295,#1296,#1297);
#818=EDGE_LOOP('',(#1298,#1299,#1300,#1301));
#819=AXIS2_PLACEMENT_3D('',#1302,#1303,#1304);
#820=FILL_AREA_STYLE_COLOUR('',#1305);
#821=VERTEX_POINT('',#1306);
#822=VERTEX_POINT('',#1307);
#823=LINE('',#1308,#1309);
#824=VERTEX_POINT('',#1310);
#825=LINE('',#1311,#1312);
#826=CIRCLE('',#1313,0.0595092045931849);
#827=FILL_AREA_STYLE_COLOUR('',#1314);
#828=VERTEX_POINT('',#1315);
#829=VERTEX_POINT('',#1316);
#830=LINE('',#1317,#1318);
#831=VERTEX_POINT('',#1319);
#832=CIRCLE('',#1320,0.3556);
#833=VERTEX_POINT('',#1321);
#834=CIRCLE('',#1322,0.3556);
#835=VERTEX_POINT('',#1323);
#836=LINE('',#1324,#1325);
#837=CIRCLE('',#1326,0.3556);
#838=FILL_AREA_STYLE_COLOUR('',#1327);
#839=VERTEX_POINT('',#1328);
#840=LINE('',#1329,#1330);
#841=VERTEX_POINT('',#1331);
#842=CIRCLE('',#1332,0.2286);
#843=LINE('',#1333,#1334);
#844=FILL_AREA_STYLE_COLOUR('',#1335);
#845=VERTEX_POINT('',#1336);
#846=VERTEX_POINT('',#1337);
#847=LINE('',#1338,#1339);
#848=VERTEX_POINT('',#1340);
#849=CIRCLE('',#1341,0.381);
#850=VERTEX_POINT('',#1342);
#851=LINE('',#1343,#1344);
#852=VERTEX_POINT('',#1345);
#853=CIRCLE('',#1346,0.381);
#854=CIRCLE('',#1347,0.381);
#855=FILL_AREA_STYLE_COLOUR('',#1348);
#856=CIRCLE('',#1349,0.381);
#857=VERTEX_POINT('',#1350);
#858=VERTEX_POINT('',#1351);
#859=CIRCLE('',#1352,0.8255);
#860=CIRCLE('',#1353,0.8255);
#861=FILL_AREA_STYLE_COLOUR('',#1354);
#862=CIRCLE('',#1355,0.381);
#863=FILL_AREA_STYLE_COLOUR('',#1356);
#864=CIRCLE('',#1357,0.3556);
#865=VERTEX_POINT('',#1358);
#866=VERTEX_POINT('',#1359);
#867=CIRCLE('',#1360,1.2);
#868=VERTEX_POINT('',#1361);
#869=CIRCLE('',#1362,1.2);
#870=CIRCLE('',#1363,1.2);
#871=FILL_AREA_STYLE_COLOUR('',#1364);
#872=CIRCLE('',#1365,0.2286);
#873=FILL_AREA_STYLE_COLOUR('',#1366);
#874=CIRCLE('',#1367,0.3556);
#875=FILL_AREA_STYLE_COLOUR('',#1368);
#876=FILL_AREA_STYLE_COLOUR('',#1369);
#877=CIRCLE('',#1370,0.0595092045931849);
#878=VERTEX_POINT('',#1371);
#879=VERTEX_POINT('',#1372);
#880=ELLIPSE('',#1373,0.355898517538848,0.3556);
#881=LINE('',#1374,#1375);
#882=VERTEX_POINT('',#1376);
#883=VERTEX_POINT('',#1377);
#884=ELLIPSE('',#1378,0.355898517538849,0.3556);
#885=LINE('',#1379,#1380);
#886=FILL_AREA_STYLE_COLOUR('',#1381);
#887=VERTEX_POINT('',#1382);
#888=VERTEX_POINT('',#1383);
#889=B_SPLINE_CURVE_WITH_KNOTS('',3,(#1384,#1385,#1386,#1387,#1388,#1389,#1390,#1391,#1392,#1393,#1394,#1395,#1396,#1397,#1398,#1399,#1400,#1401,#1402,#1403,#1404,#1405,#1406,#1407,#1408,#1409,#1410,#1411,#1412,#1413,#1414,#1415,#1416,#1417,#1418,#1419,#1420,#1421,#1422,#1423,#1424,#1425,#1426,#1427,#1428,#1429,#1430,#1431,#1432,#1433,#1434,#1435),.UNSPECIFIED.,.F.,.F.,(4,2,2,2,2,2,2,2,2,3,2,2,2,2,2,3,2,2,2,2,2,2,2,2,4),(3.69354294810174E-15,0.0788400578701237,0.157678210685001,0.197101341507518,0.236523577514031,0.275944901614942,0.315406603630472,0.361465448622258,0.384477855195574,0.407534996847239,0.453849605329378,0.476950226160523,0.499981169344745,0.523028193533287,0.546152264606036,0.592474995306757,0.615512429183012,0.638526552174952,0.684593952567559,0.724055915826772,0.763475901445729,0.802898743752949,0.842321736194015,0.92115984641053,1.0),.UNSPECIFIED.);
#890=CIRCLE('',#1436,0.2286);
#891=FILL_AREA_STYLE_COLOUR('',#1437);
#892=VERTEX_POINT('',#1438);
#893=VERTEX_POINT('',#1439);
#894=CIRCLE('',#1440,0.228600000000019);
#895=LINE('',#1441,#1442);
#896=LINE('',#1443,#1444);
#897=FILL_AREA_STYLE_COLOUR('',#1445);
#898=VERTEX_POINT('',#1446);
#899=B_SPLINE_CURVE_WITH_KNOTS('',3,(#1447,#1448,#1449,#1450,#1451,#1452,#1453,#1454,#1455,#1456),.UNSPECIFIED.,.F.,.F.,(4,2,2,2,4),(-2.62702490372187E-13,0.249997675932683,0.499996136491677,0.749996823985429,1.00000000000015),.UNSPECIFIED.);
#900=VERTEX_POINT('',#1457);
#901=CIRCLE('',#1458,0.3048);
#902=B_SPLINE_CURVE_WITH_KNOTS('',3,(#1459,#1460,#1461,#1462,#1463,#1464,#1465,#1466,#1467,#1468),.UNSPECIFIED.,.F.,.F.,(4,2,2,2,4),(-1.63927915377945E-13,0.250003176012225,0.500003863505384,0.750002324067198,1.00000000000025),.UNSPECIFIED.);
#903=FILL_AREA_STYLE_COLOUR('',#1469);
#904=VERTEX_POINT('',#1470);
#905=LINE('',#1471,#1472);
#906=VERTEX_POINT('',#1473);
#907=CIRCLE('',#1474,0.3556);
#908=LINE('',#1475,#1476);
#909=FILL_AREA_STYLE_COLOUR('',#1477);
#910=VERTEX_POINT('',#1478);
#911=VERTEX_POINT('',#1479);
#912=B_SPLINE_CURVE_WITH_KNOTS('',3,(#1480,#1481,#1482,#1483,#1484,#1485,#1486,#1487,#1488,#1489,#1490,#1491,#1492,#1493,#1494,#1495,#1496,#1497,#1498,#1499,#1500,#1501,#1502,#1503,#1504,#1505,#1506,#1507,#1508,#1509,#1510,#1511,#1512,#1513,#1514,#1515,#1516,#1517,#1518,#1519,#1520,#1521,#1522,#1523,#1524,#1525,#1526,#1527,#1528,#1529,#1530,#1531),.UNSPECIFIED.,.F.,.F.,(4,2,2,2,2,2,2,2,2,3,2,2,2,2,2,3,2,2,2,2,2,2,2,2,4),(3.68543795405116E-15,0.0788400578700412,0.1576782106849,0.197101341507392,0.236523577513916,0.27594490161484,0.31540660363038,0.36146544862218,0.384477855195507,0.407534996847177,0.453849605329329,0.476950226160483,0.49998116934471,0.523028193533262,0.546152264606016,0.592474995306751,0.615512429183018,0.638526552174961,0.684593952567579,0.724055915826804,0.763475901445774,0.802898743752963,0.842321736193966,0.921159846410506,1.0),.UNSPECIFIED.);
#913=CIRCLE('',#1532,0.2286);
#914=FILL_AREA_STYLE_COLOUR('',#1533);
#915=VERTEX_POINT('',#1534);
#916=VERTEX_POINT('',#1535);
#917=CIRCLE('',#1536,0.228600000000019);
#918=LINE('',#1537,#1538);
#919=LINE('',#1539,#1540);
#920=FILL_AREA_STYLE_COLOUR('',#1541);
#921=VERTEX_POINT('',#1542);
#922=B_SPLINE_CURVE_WITH_KNOTS('',3,(#1543,#1544,#1545,#1546,#1547,#1548,#1549,#1550,#1551,#1552),.UNSPECIFIED.,.F.,.F.,(4,2,2,2,4),(-1.30562542580417E-14,0.249997675932769,0.499996136492604,0.749996823982288,1.00000000000017),.UNSPECIFIED.);
#923=VERTEX_POINT('',#1553);
#924=CIRCLE('',#1554,0.3048);
#925=B_SPLINE_CURVE_WITH_KNOTS('',3,(#1555,#1556,#1557,#1558,#1559,#1560,#1561,#1562,#1563,#1564),.UNSPECIFIED.,.F.,.F.,(4,2,2,2,4),(-1.75927249527847E-13,0.250003176015242,0.500003863506227,0.750002324068041,1.00000000000002),.UNSPECIFIED.);
#926=FILL_AREA_STYLE_COLOUR('',#1565);
#927=VERTEX_POINT('',#1566);
#928=LINE('',#1567,#1568);
#929=VERTEX_POINT('',#1569);
#930=LINE('',#1570,#1571);
#931=CIRCLE('',#1572,0.3556);
#932=FILL_AREA_STYLE_COLOUR('',#1573);
#933=LINE('',#1574,#1575);
#934=LINE('',#1576,#1577);
#935=FILL_AREA_STYLE_COLOUR('',#1578);
#936=LINE('',#1579,#1580);
#937=LINE('',#1581,#1582);
#938=FILL_AREA_STYLE_COLOUR('',#1583);
#939=FILL_AREA_STYLE_COLOUR('',#1584);
#940=FILL_AREA_STYLE_COLOUR('',#1585);
#941=FILL_AREA_STYLE_COLOUR('',#1586);
#942=ORIENTED_EDGE('',*,*,#1587,.F.);
#943=ORIENTED_EDGE('',*,*,#1588,.T.);
#944=ORIENTED_EDGE('',*,*,#1589,.F.);
#945=ORIENTED_EDGE('',*,*,#1590,.F.);
#946=CARTESIAN_POINT('',(4.00248811228384E-16,-2.13749437648889E-16,-0.71599168965342));
#947=DIRECTION('',(-6.12303176911189E-17,0.0,-1.0));
#948=DIRECTION('',(0.0,1.0,0.0));
#949=ORIENTED_EDGE('',*,*,#1591,.F.);
#950=ORIENTED_EDGE('',*,*,#1592,.T.);
#951=ORIENTED_EDGE('',*,*,#1593,.F.);
#952=ORIENTED_EDGE('',*,*,#658,.T.);
#953=CARTESIAN_POINT('',(-9.06739378199457E-16,-2.13749437648889E-16,-2.82956));
#954=DIRECTION('',(0.0,0.0,-1.0));
#955=DIRECTION('',(1.0,0.0,0.0));
#956=ORIENTED_EDGE('',*,*,#1594,.F.);
#957=ORIENTED_EDGE('',*,*,#1595,.T.);
#958=ORIENTED_EDGE('',*,*,#1596,.F.);
#959=ORIENTED_EDGE('',*,*,#1597,.F.);
#960=CARTESIAN_POINT('',(4.44089209850063E-16,-2.02115677287577E-16,-0.19));
#961=DIRECTION('',(0.0,0.0,-1.0));
#962=DIRECTION('',(0.0,1.0,0.0));
#963=ORIENTED_EDGE('',*,*,#1598,.F.);
#964=ORIENTED_EDGE('',*,*,#1588,.F.);
#965=ORIENTED_EDGE('',*,*,#1599,.F.);
#966=ORIENTED_EDGE('',*,*,#1597,.T.);
#967=CARTESIAN_POINT('',(4.44089209850063E-16,-1.96604948695375E-16,-0.28));
#968=DIRECTION('',(9.71390820287016E-33,-1.64203423385671E-16,-1.0));
#969=DIRECTION('',(-8.92925054313483E-49,-1.0,1.64203423385671E-16));
#970=ORIENTED_EDGE('',*,*,#1600,.F.);
#971=ORIENTED_EDGE('',*,*,#1601,.T.);
#972=ORIENTED_EDGE('',*,*,#1602,.T.);
#973=ORIENTED_EDGE('',*,*,#1603,.F.);
#974=ORIENTED_EDGE('',*,*,#1604,.F.);
#975=CARTESIAN_POINT('',(4.44089209850063E-16,-9.11745668775152E-16,11.39952));
#976=DIRECTION('',(0.0,6.12303176911189E-17,-1.0));
#977=DIRECTION('',(1.0,0.0,0.0));
#978=ORIENTED_EDGE('',*,*,#1605,.F.);
#979=ORIENTED_EDGE('',*,*,#1606,.T.);
#980=ORIENTED_EDGE('',*,*,#1607,.F.);
#981=ORIENTED_EDGE('',*,*,#1595,.F.);
#982=CARTESIAN_POINT('',(4.44089209850063E-16,-1.92554073337567E-16,-0.346158));
#983=DIRECTION('',(2.4316357838824E-33,1.35913293268437E-16,1.0));
#984=DIRECTION('',(4.38932929418564E-49,1.0,-1.35913293268437E-16));
#985=ORIENTED_EDGE('',*,*,#1608,.F.);
#986=ORIENTED_EDGE('',*,*,#1590,.T.);
#987=ORIENTED_EDGE('',*,*,#1609,.F.);
#988=ORIENTED_EDGE('',*,*,#1610,.F.);
#989=ORIENTED_EDGE('',*,*,#1602,.F.);
#990=CARTESIAN_POINT('',(3.82812357117499E-16,-2.13749437648889E-16,-1.00076));
#991=DIRECTION('',(6.12303176911188E-17,1.95644367187864E-17,1.0));
#992=DIRECTION('',(1.66410029867481E-34,1.0,-1.95644367187864E-17));
#993=ORIENTED_EDGE('',*,*,#1611,.F.);
#994=ORIENTED_EDGE('',*,*,#1612,.T.);
#995=ORIENTED_EDGE('',*,*,#1613,.F.);
#996=ORIENTED_EDGE('',*,*,#1614,.F.);
#997=ORIENTED_EDGE('',*,*,#1615,.F.);
#998=CARTESIAN_POINT('',(4.44089209850063E-16,-1.57529335970542E-16,-0.918174260698));
#999=DIRECTION('',(8.89496095518683E-48,-5.44641285136188E-64,1.0));
#1000=DIRECTION('',(-6.12303176911189E-17,-1.0,0.0));
#1001=ORIENTED_EDGE('',*,*,#1616,.F.);
#1002=ORIENTED_EDGE('',*,*,#1617,.T.);
#1003=ORIENTED_EDGE('',*,*,#1618,.F.);
#1004=ORIENTED_EDGE('',*,*,#664,.T.);
#1005=ORIENTED_EDGE('',*,*,#663,.T.);
#1006=CARTESIAN_POINT('',(3.33066907387547E-16,-2.305,-4.741014760698));
#1007=DIRECTION('',(0.0,1.0,-6.12303176911189E-17));
#1008=DIRECTION('',(-1.0,0.0,0.0));
#1009=ORIENTED_EDGE('',*,*,#1616,.T.);
#1010=ORIENTED_EDGE('',*,*,#665,.T.);
#1011=ORIENTED_EDGE('',*,*,#1618,.T.);
#1012=ORIENTED_EDGE('',*,*,#1619,.T.);
#1013=CARTESIAN_POINT('',(3.33066907387547E-16,-2.305,-4.741014760698));
#1014=DIRECTION('',(0.0,1.0,-6.12303176911189E-17));
#1015=DIRECTION('',(-1.0,0.0,0.0));
#1016=ORIENTED_EDGE('',*,*,#1620,.F.);
#1017=ORIENTED_EDGE('',*,*,#1621,.T.);
#1018=ORIENTED_EDGE('',*,*,#1622,.T.);
#1019=ORIENTED_EDGE('',*,*,#1623,.T.);
#1020=CARTESIAN_POINT('',(-2.1000024,-6.580561,-3.721014760698));
#1021=DIRECTION('',(3.74915180455534E-33,-6.12303176911189E-17,1.0));
#1022=DIRECTION('',(0.0,-1.0,-6.12303176911189E-17));
#1023=ORIENTED_EDGE('',*,*,#1624,.T.);
#1024=ORIENTED_EDGE('',*,*,#1625,.T.);
#1025=ORIENTED_EDGE('',*,*,#1626,.T.);
#1026=ORIENTED_EDGE('',*,*,#1627,.F.);
#1027=CARTESIAN_POINT('',(1.02,-2.06,-6.927017160698));
#1028=DIRECTION('',(1.0,0.0,0.0));
#1029=DIRECTION('',(0.0,1.0,0.0));
#1030=ORIENTED_EDGE('',*,*,#1628,.T.);
#1031=ORIENTED_EDGE('',*,*,#1627,.T.);
#1032=ORIENTED_EDGE('',*,*,#1629,.T.);
#1033=ORIENTED_EDGE('',*,*,#1630,.T.);
#1034=CARTESIAN_POINT('',(-2.1000024,-6.355499,-6.261014760698));
#1035=DIRECTION('',(3.74915180455534E-33,-6.12303176911189E-17,1.0));
#1036=DIRECTION('',(0.0,-1.0,-6.12303176911189E-17));
#1037=ORIENTED_EDGE('',*,*,#1631,.F.);
#1038=ORIENTED_EDGE('',*,*,#1630,.F.);
#1039=ORIENTED_EDGE('',*,*,#1632,.T.);
#1040=ORIENTED_EDGE('',*,*,#1633,.F.);
#1041=CARTESIAN_POINT('',(1.52,-5.558252,-6.927017160698));
#1042=DIRECTION('',(-1.0,0.0,0.0));
#1043=DIRECTION('',(0.0,0.0,1.0));
#1044=ORIENTED_EDGE('',*,*,#1634,.T.);
#1045=ORIENTED_EDGE('',*,*,#1633,.T.);
#1046=ORIENTED_EDGE('',*,*,#1635,.T.);
#1047=ORIENTED_EDGE('',*,*,#1625,.F.);
#1048=CARTESIAN_POINT('',(-2.1000024,-2.06,-5.761014760698));
#1049=DIRECTION('',(-3.74915180455534E-33,6.12303176911189E-17,-1.0));
#1050=DIRECTION('',(-1.0,0.0,3.74915180455534E-33));
#1051=ORIENTED_EDGE('',*,*,#1634,.F.);
#1052=ORIENTED_EDGE('',*,*,#1624,.F.);
#1053=ORIENTED_EDGE('',*,*,#1628,.F.);
#1054=ORIENTED_EDGE('',*,*,#1631,.T.);
#1055=CARTESIAN_POINT('',(-2.1000024,-4.2,-1.100943760698));
#1056=DIRECTION('',(-6.12303176911189E-17,1.0,6.12303176911189E-17));
#1057=DIRECTION('',(1.0,6.12303176911189E-17,-0.0));
#1058=ORIENTED_EDGE('',*,*,#1636,.F.);
#1059=ORIENTED_EDGE('',*,*,#1637,.F.);
#1060=ORIENTED_EDGE('',*,*,#1638,.T.);
#1061=ORIENTED_EDGE('',*,*,#1639,.F.);
#1062=CARTESIAN_POINT('',(-1.52,-2.06,-6.927017160698));
#1063=DIRECTION('',(1.0,0.0,0.0));
#1064=DIRECTION('',(0.0,1.0,0.0));
#1065=ORIENTED_EDGE('',*,*,#1639,.T.);
#1066=ORIENTED_EDGE('',*,*,#1640,.T.);
#1067=ORIENTED_EDGE('',*,*,#1641,.T.);
#1068=ORIENTED_EDGE('',*,*,#1642,.T.);
#1069=CARTESIAN_POINT('',(-2.1000024,-6.355499,-6.261014760698));
#1070=DIRECTION('',(3.74915180455534E-33,-6.12303176911189E-17,1.0));
#1071=DIRECTION('',(0.0,-1.0,-6.12303176911189E-17));
#1072=ORIENTED_EDGE('',*,*,#1643,.T.);
#1073=ORIENTED_EDGE('',*,*,#1641,.F.);
#1074=ORIENTED_EDGE('',*,*,#1644,.T.);
#1075=ORIENTED_EDGE('',*,*,#1645,.T.);
#1076=CARTESIAN_POINT('',(-1.02,-5.949639,-6.927017160698));
#1077=DIRECTION('',(-1.0,0.0,0.0));
#1078=DIRECTION('',(0.0,0.0,1.0));
#1079=ORIENTED_EDGE('',*,*,#1646,.F.);
#1080=ORIENTED_EDGE('',*,*,#1645,.F.);
#1081=ORIENTED_EDGE('',*,*,#1647,.T.);
#1082=ORIENTED_EDGE('',*,*,#1637,.T.);
#1083=CARTESIAN_POINT('',(-2.1000024,-2.06,-5.761014760698));
#1084=DIRECTION('',(-3.74915180455534E-33,6.12303176911189E-17,-1.0));
#1085=DIRECTION('',(-1.0,0.0,3.74915180455534E-33));
#1086=ORIENTED_EDGE('',*,*,#1646,.T.);
#1087=ORIENTED_EDGE('',*,*,#1636,.T.);
#1088=ORIENTED_EDGE('',*,*,#1642,.F.);
#1089=ORIENTED_EDGE('',*,*,#1643,.F.);
#1090=CARTESIAN_POINT('',(-2.1000024,-4.2,-1.100943760698));
#1091=DIRECTION('',(-6.12303176911189E-17,1.0,6.12303176911189E-17));
#1092=DIRECTION('',(1.0,6.12303176911189E-17,-0.0));
#1093=ORIENTED_EDGE('',*,*,#1632,.F.);
#1094=ORIENTED_EDGE('',*,*,#1629,.F.);
#1095=ORIENTED_EDGE('',*,*,#1626,.F.);
#1096=ORIENTED_EDGE('',*,*,#1635,.F.);
#1097=ORIENTED_EDGE('',*,*,#1648,.F.);
#1098=ORIENTED_EDGE('',*,*,#1649,.F.);
#1099=ORIENTED_EDGE('',*,*,#1650,.F.);
#1100=ORIENTED_EDGE('',*,*,#1651,.F.);
#1101=ORIENTED_EDGE('',*,*,#1652,.F.);
#1102=ORIENTED_EDGE('',*,*,#1653,.F.);
#1103=ORIENTED_EDGE('',*,*,#1654,.F.);
#1104=ORIENTED_EDGE('',*,*,#1622,.F.);
#1105=ORIENTED_EDGE('',*,*,#1619,.F.);
#1106=ORIENTED_EDGE('',*,*,#1617,.F.);
#1107=ORIENTED_EDGE('',*,*,#1644,.F.);
#1108=ORIENTED_EDGE('',*,*,#1640,.F.);
#1109=ORIENTED_EDGE('',*,*,#1638,.F.);
#1110=ORIENTED_EDGE('',*,*,#1647,.F.);
#1111=ORIENTED_EDGE('',*,*,#1655,.T.);
#1112=ORIENTED_EDGE('',*,*,#1656,.T.);
#1113=ORIENTED_EDGE('',*,*,#1657,.F.);
#1114=ORIENTED_EDGE('',*,*,#1658,.T.);
#1115=CARTESIAN_POINT('',(-2.848121,-2.06,-6.927017160698));
#1116=DIRECTION('',(-0.0,1.0,0.0));
#1117=DIRECTION('',(1.0,0.0,0.0));
#1118=ORIENTED_EDGE('',*,*,#1659,.F.);
#1119=ORIENTED_EDGE('',*,*,#1651,.T.);
#1120=ORIENTED_EDGE('',*,*,#1660,.T.);
#1121=ORIENTED_EDGE('',*,*,#1661,.F.);
#1122=CARTESIAN_POINT('',(-2.1000024,-6.580561,-3.721014760698));
#1123=DIRECTION('',(3.74915180455534E-33,-6.12303176911189E-17,1.0));
#1124=DIRECTION('',(0.0,-1.0,-6.12303176911189E-17));
#1125=ORIENTED_EDGE('',*,*,#1662,.T.);
#1126=ORIENTED_EDGE('',*,*,#1649,.T.);
#1127=ORIENTED_EDGE('',*,*,#1663,.F.);
#1128=ORIENTED_EDGE('',*,*,#1664,.F.);
#1129=CARTESIAN_POINT('',(-2.1000024,-2.06,-3.221014760698));
#1130=DIRECTION('',(-3.74915180455534E-33,6.12303176911189E-17,-1.0));
#1131=DIRECTION('',(-1.0,0.0,3.74915180455534E-33));
#1132=ORIENTED_EDGE('',*,*,#1665,.F.);
#1133=ORIENTED_EDGE('',*,*,#1660,.F.);
#1134=ORIENTED_EDGE('',*,*,#1650,.T.);
#1135=ORIENTED_EDGE('',*,*,#1662,.F.);
#1136=CARTESIAN_POINT('',(-1.02,-5.949639,-6.927017160698));
#1137=DIRECTION('',(-1.0,0.0,0.0));
#1138=DIRECTION('',(0.0,0.0,1.0));
#1139=ORIENTED_EDGE('',*,*,#1661,.T.);
#1140=ORIENTED_EDGE('',*,*,#1665,.T.);
#1141=ORIENTED_EDGE('',*,*,#1664,.T.);
#1142=ORIENTED_EDGE('',*,*,#1666,.T.);
#1143=CARTESIAN_POINT('',(-2.1000024,-4.2,-1.100943760698));
#1144=DIRECTION('',(-6.12303176911189E-17,1.0,6.12303176911189E-17));
#1145=DIRECTION('',(1.0,6.12303176911189E-17,-0.0));
#1146=ORIENTED_EDGE('',*,*,#1667,.T.);
#1147=ORIENTED_EDGE('',*,*,#1668,.T.);
#1148=ORIENTED_EDGE('',*,*,#1669,.F.);
#1149=ORIENTED_EDGE('',*,*,#1670,.T.);
#1150=ORIENTED_EDGE('',*,*,#1671,.T.);
#1151=CARTESIAN_POINT('',(3.36936153890605E-16,1.75,-2.131014760698));
#1152=DIRECTION('',(-6.12303176911189E-17,1.0,6.12303176911189E-17));
#1153=DIRECTION('',(1.0,6.12303176911189E-17,-0.0));
#1154=ORIENTED_EDGE('',*,*,#1655,.F.);
#1155=ORIENTED_EDGE('',*,*,#1672,.F.);
#1156=ORIENTED_EDGE('',*,*,#1667,.F.);
#1157=ORIENTED_EDGE('',*,*,#1673,.T.);
#1158=ORIENTED_EDGE('',*,*,#1674,.T.);
#1159=CARTESIAN_POINT('',(1.75,2.38863291125713E-17,-2.131014760698));
#1160=DIRECTION('',(1.0,6.12303176911189E-17,0.0));
#1161=DIRECTION('',(-6.12303176911189E-17,1.0,0.0));
#1162=ORIENTED_EDGE('',*,*,#1652,.T.);
#1163=ORIENTED_EDGE('',*,*,#1621,.F.);
#1164=ORIENTED_EDGE('',*,*,#1675,.F.);
#1165=ORIENTED_EDGE('',*,*,#1676,.T.);
#1166=CARTESIAN_POINT('',(1.02,-2.06,-6.927017160698));
#1167=DIRECTION('',(1.0,0.0,0.0));
#1168=DIRECTION('',(0.0,1.0,0.0));
#1169=ORIENTED_EDGE('',*,*,#1654,.T.);
#1170=ORIENTED_EDGE('',*,*,#1677,.T.);
#1171=ORIENTED_EDGE('',*,*,#1678,.F.);
#1172=ORIENTED_EDGE('',*,*,#1623,.F.);
#1173=CARTESIAN_POINT('',(1.52,-5.558252,-6.927017160698));
#1174=DIRECTION('',(-1.0,0.0,0.0));
#1175=DIRECTION('',(0.0,0.0,1.0));
#1176=ORIENTED_EDGE('',*,*,#1679,.T.);
#1177=ORIENTED_EDGE('',*,*,#1675,.T.);
#1178=ORIENTED_EDGE('',*,*,#1620,.T.);
#1179=ORIENTED_EDGE('',*,*,#1678,.T.);
#1180=CARTESIAN_POINT('',(-2.1000024,-4.2,-1.100943760698));
#1181=DIRECTION('',(-6.12303176911189E-17,1.0,6.12303176911189E-17));
#1182=DIRECTION('',(1.0,6.12303176911189E-17,-0.0));
#1183=ORIENTED_EDGE('',*,*,#1657,.T.);
#1184=ORIENTED_EDGE('',*,*,#1680,.T.);
#1185=ORIENTED_EDGE('',*,*,#1681,.T.);
#1186=ORIENTED_EDGE('',*,*,#1669,.T.);
#1187=ORIENTED_EDGE('',*,*,#1682,.T.);
#1188=CARTESIAN_POINT('',(-1.75,-1.90419782806345E-16,-2.131014760698));
#1189=DIRECTION('',(1.0,6.12303176911189E-17,0.0));
#1190=DIRECTION('',(-6.12303176911189E-17,1.0,0.0));
#1191=ORIENTED_EDGE('',*,*,#1611,.T.);
#1192=ORIENTED_EDGE('',*,*,#1683,.F.);
#1193=ORIENTED_EDGE('',*,*,#1684,.F.);
#1194=ORIENTED_EDGE('',*,*,#1613,.T.);
#1195=ORIENTED_EDGE('',*,*,#1685,.T.);
#1196=CARTESIAN_POINT('',(4.44089209850063E-16,-1.57529335970542E-16,-0.918174260698));
#1197=DIRECTION('',(8.89496095518683E-48,-5.44641285136188E-64,1.0));
#1198=DIRECTION('',(-6.12303176911189E-17,-1.0,0.0));
#1199=ORIENTED_EDGE('',*,*,#1668,.F.);
#1200=ORIENTED_EDGE('',*,*,#1672,.T.);
#1201=ORIENTED_EDGE('',*,*,#1658,.F.);
#1202=ORIENTED_EDGE('',*,*,#1682,.F.);
#1203=CARTESIAN_POINT('',(3.36936153890605E-16,1.75,-6.491014760698));
#1204=DIRECTION('',(-3.74915180455534E-33,6.12303176911189E-17,-1.0));
#1205=DIRECTION('',(-1.0,0.0,3.74915180455534E-33));
#1206=ORIENTED_EDGE('',*,*,#1608,.T.);
#1207=ORIENTED_EDGE('',*,*,#1601,.F.);
#1208=ORIENTED_EDGE('',*,*,#1686,.F.);
#1209=ORIENTED_EDGE('',*,*,#1609,.T.);
#1210=ORIENTED_EDGE('',*,*,#1687,.T.);
#1211=CARTESIAN_POINT('',(3.82812357117499E-16,-2.13749437648889E-16,-1.00076));
#1212=DIRECTION('',(6.12303176911188E-17,1.95644367187864E-17,1.0));
#1213=DIRECTION('',(1.66410029867481E-34,1.0,-1.95644367187864E-17));
#1214=ORIENTED_EDGE('',*,*,#1683,.T.);
#1215=ORIENTED_EDGE('',*,*,#1615,.T.);
#1216=ORIENTED_EDGE('',*,*,#1680,.F.);
#1217=ORIENTED_EDGE('',*,*,#1656,.F.);
#1218=ORIENTED_EDGE('',*,*,#1674,.F.);
#1219=CARTESIAN_POINT('',(2.1000024,-2.51606275688525,-2.991014760698));
#1220=DIRECTION('',(0.0,0.0,-1.0));
#1221=DIRECTION('',(0.0,-1.0,0.0));
#1222=ORIENTED_EDGE('',*,*,#1605,.T.);
#1223=ORIENTED_EDGE('',*,*,#1688,.F.);
#1224=ORIENTED_EDGE('',*,*,#1607,.T.);
#1225=ORIENTED_EDGE('',*,*,#1689,.T.);
#1226=CARTESIAN_POINT('',(4.44089209850063E-16,-1.92554073337567E-16,-0.346158));
#1227=DIRECTION('',(2.4316357838824E-33,1.35913293268437E-16,1.0));
#1228=DIRECTION('',(4.38932929418564E-49,1.0,-1.35913293268437E-16));
#1229=ORIENTED_EDGE('',*,*,#1600,.T.);
#1230=ORIENTED_EDGE('',*,*,#1690,.F.);
#1231=ORIENTED_EDGE('',*,*,#1603,.T.);
#1232=ORIENTED_EDGE('',*,*,#1610,.T.);
#1233=ORIENTED_EDGE('',*,*,#1686,.T.);
#1234=CARTESIAN_POINT('',(4.44089209850063E-16,-9.11745668775152E-16,11.39952));
#1235=DIRECTION('',(0.0,6.12303176911189E-17,-1.0));
#1236=DIRECTION('',(1.0,0.0,0.0));
#1237=ORIENTED_EDGE('',*,*,#1598,.T.);
#1238=ORIENTED_EDGE('',*,*,#1691,.T.);
#1239=ORIENTED_EDGE('',*,*,#1599,.T.);
#1240=ORIENTED_EDGE('',*,*,#1692,.F.);
#1241=CARTESIAN_POINT('',(4.44089209850063E-16,-1.96604948695375E-16,-0.28));
#1242=DIRECTION('',(9.71390820287016E-33,-1.64203423385671E-16,-1.0));
#1243=DIRECTION('',(-8.92925054313483E-49,-1.0,1.64203423385671E-16));
#1244=ORIENTED_EDGE('',*,*,#1689,.F.);
#1245=ORIENTED_EDGE('',*,*,#1606,.F.);
#1246=ORIENTED_EDGE('',*,*,#1685,.F.);
#1247=ORIENTED_EDGE('',*,*,#1612,.F.);
#1248=CARTESIAN_POINT('',(4.44089209850063E-16,-2.13749437648889E-16,0.0));
#1249=DIRECTION('',(6.84227765783602E-49,0.0,1.0));
#1250=DIRECTION('',(1.0,0.0,-6.84227765783602E-49));
#1251=ORIENTED_EDGE('',*,*,#1594,.T.);
#1252=ORIENTED_EDGE('',*,*,#1691,.F.);
#1253=ORIENTED_EDGE('',*,*,#1596,.T.);
#1254=ORIENTED_EDGE('',*,*,#1688,.T.);
#1255=CARTESIAN_POINT('',(4.44089209850063E-16,-2.02115677287577E-16,-0.19));
#1256=DIRECTION('',(0.0,0.0,-1.0));
#1257=DIRECTION('',(0.0,1.0,0.0));
#1258=ORIENTED_EDGE('',*,*,#1693,.F.);
#1259=ORIENTED_EDGE('',*,*,#1592,.F.);
#1260=ORIENTED_EDGE('',*,*,#1690,.T.);
#1261=ORIENTED_EDGE('',*,*,#1604,.T.);
#1262=CARTESIAN_POINT('',(2.84890383853154E-16,-1.015365,-2.6));
#1263=DIRECTION('',(-6.84227765783602E-49,0.0,-1.0));
#1264=DIRECTION('',(-1.0,0.0,6.84227765783602E-49));
#1265=ORIENTED_EDGE('',*,*,#1677,.F.);
#1266=ORIENTED_EDGE('',*,*,#1653,.T.);
#1267=ORIENTED_EDGE('',*,*,#1676,.F.);
#1268=ORIENTED_EDGE('',*,*,#1679,.F.);
#1269=CARTESIAN_POINT('',(-2.1000024,-2.06,-3.221014760698));
#1270=DIRECTION('',(-3.74915180455534E-33,6.12303176911189E-17,-1.0));
#1271=DIRECTION('',(-1.0,0.0,3.74915180455534E-33));
#1272=ORIENTED_EDGE('',*,*,#1666,.F.);
#1273=ORIENTED_EDGE('',*,*,#1663,.T.);
#1274=ORIENTED_EDGE('',*,*,#1648,.T.);
#1275=ORIENTED_EDGE('',*,*,#1659,.T.);
#1276=CARTESIAN_POINT('',(-1.52,-2.06,-6.927017160698));
#1277=DIRECTION('',(1.0,0.0,0.0));
#1278=DIRECTION('',(0.0,1.0,0.0));
#1279=ORIENTED_EDGE('',*,*,#1684,.T.);
#1280=ORIENTED_EDGE('',*,*,#1673,.F.);
#1281=ORIENTED_EDGE('',*,*,#1671,.F.);
#1282=CARTESIAN_POINT('',(2.1000024,-2.51606275688525,-2.991014760698));
#1283=DIRECTION('',(0.0,0.0,-1.0));
#1284=DIRECTION('',(0.0,-1.0,0.0));
#1285=ORIENTED_EDGE('',*,*,#1681,.F.);
#1286=ORIENTED_EDGE('',*,*,#1614,.T.);
#1287=ORIENTED_EDGE('',*,*,#1670,.F.);
#1288=CARTESIAN_POINT('',(2.1000024,-2.51606275688525,-2.991014760698));
#1289=DIRECTION('',(0.0,0.0,-1.0));
#1290=DIRECTION('',(0.0,-1.0,0.0));
#1291=ORIENTED_EDGE('',*,*,#1591,.T.);
#1292=ORIENTED_EDGE('',*,*,#657,.T.);
#1293=ORIENTED_EDGE('',*,*,#1593,.T.);
#1294=ORIENTED_EDGE('',*,*,#1693,.T.);
#1295=CARTESIAN_POINT('',(-9.06739378199457E-16,-2.13749437648889E-16,-2.82956));
#1296=DIRECTION('',(0.0,0.0,-1.0));
#1297=DIRECTION('',(1.0,0.0,0.0));
#1298=ORIENTED_EDGE('',*,*,#1587,.T.);
#1299=ORIENTED_EDGE('',*,*,#1687,.F.);
#1300=ORIENTED_EDGE('',*,*,#1589,.T.);
#1301=ORIENTED_EDGE('',*,*,#1692,.T.);
#1302=CARTESIAN_POINT('',(4.00248811228384E-16,-2.13749437648889E-16,-0.71599168965342));
#1303=DIRECTION('',(-6.12303176911189E-17,0.0,-1.0));
#1304=DIRECTION('',(0.0,1.0,0.0));
#1305=COLOUR_RGB('',0.764705896377563,0.709803938865662,0.243137255311012);
#1306=CARTESIAN_POINT('',(5.51291346403E-16,1.70420306149242E-15,-3.23003464824674));
#1307=CARTESIAN_POINT('',(0.0595092045931855,1.70639269857664E-15,-3.19427791073704));
#1308=CARTESIAN_POINT('',(0.228600000000001,1.71261438274728E-15,-3.09267791073704));
#1309=VECTOR('',#1694,1.0);
#1310=CARTESIAN_POINT('',(-0.0595092045931843,1.71261345816715E-15,-3.19427791073704));
#1311=CARTESIAN_POINT('',(-0.228599999999999,1.71261253358702E-15,-3.09267791073704));
#1312=VECTOR('',#1695,1.0);
#1313=AXIS2_PLACEMENT_3D('',#1696,#1697,#1698);
#1314=COLOUR_RGB('',0.764705896377563,0.709803938865662,0.243137255311012);
#1315=CARTESIAN_POINT('',(-0.355600000000001,-2.0,-4.741014760698));
#1316=CARTESIAN_POINT('',(-0.355600000000001,-4.074657285096,-4.741014760698));
#1317=CARTESIAN_POINT('',(-0.355600000000001,-3.037328642548,-4.741014760698));
#1318=VECTOR('',#1699,1.0);
#1319=CARTESIAN_POINT('',(-1.04266688180844E-15,-2.0,-5.096614760698));
#1320=AXIS2_PLACEMENT_3D('',#1700,#1701,#1702);
#1321=CARTESIAN_POINT('',(0.355599999999999,-2.0,-4.741014760698));
#1322=AXIS2_PLACEMENT_3D('',#1703,#1704,#1705);
#1323=CARTESIAN_POINT('',(0.355599999999999,-4.074657285096,-4.741014760698));
#1324=CARTESIAN_POINT('',(0.355599999999999,-3.037328642548,-4.741014760698));
#1325=VECTOR('',#1706,1.0);
#1326=AXIS2_PLACEMENT_3D('',#1707,#1708,#1709);
#1327=COLOUR_RGB('',0.764705896377563,0.709803938865662,0.243137255311012);
#1328=CARTESIAN_POINT('',(0.228599999999999,-4.20165728509599,-4.741014760698));
#1329=CARTESIAN_POINT('',(0.228599999999999,-4.20165728509599,-4.741014760698));
#1330=VECTOR('',#1710,1.0);
#1331=CARTESIAN_POINT('',(-0.228600000000001,-4.20165728509599,-4.741014760698));
#1332=AXIS2_PLACEMENT_3D('',#1711,#1712,#1713);
#1333=CARTESIAN_POINT('',(-0.228600000000001,-4.20165728509599,-4.741014760698));
#1334=VECTOR('',#1714,1.0);
#1335=COLOUR_RGB('',1.0,1.0,0.992156863212585);
#1336=CARTESIAN_POINT('',(4.66590430475141E-17,-0.381,-3.065414760698));
#1337=CARTESIAN_POINT('',(4.66590430475141E-17,-0.381,-3.19427791073704));
#1338=CARTESIAN_POINT('',(4.66590430475141E-17,-0.381,-3.12984633571752));
#1339=VECTOR('',#1715,1.0);
#1340=CARTESIAN_POINT('',(0.0,0.381,-3.065414760698));
#1341=AXIS2_PLACEMENT_3D('',#1716,#1717,#1718);
#1342=CARTESIAN_POINT('',(-4.66590430475141E-17,0.381,-3.19427791073704));
#1343=CARTESIAN_POINT('',(-4.66590430475141E-17,0.381,-3.12984633571752));
#1344=VECTOR('',#1719,1.0);
#1345=CARTESIAN_POINT('',(0.381,0.0,-3.19427791073704));
#1346=AXIS2_PLACEMENT_3D('',#1720,#1721,#1722);
#1347=AXIS2_PLACEMENT_3D('',#1723,#1724,#1725);
#1348=COLOUR_RGB('',1.0,1.0,0.992156863212585);
#1349=AXIS2_PLACEMENT_3D('',#1726,#1727,#1728);
#1350=CARTESIAN_POINT('',(0.825499999999999,-2.13749437648889E-16,-3.065414760698));
#1351=CARTESIAN_POINT('',(-0.825500000000001,-3.14844030918503E-16,-3.065414760698));
#1352=AXIS2_PLACEMENT_3D('',#1729,#1730,#1731);
#1353=AXIS2_PLACEMENT_3D('',#1732,#1733,#1734);
#1354=COLOUR_RGB('',1.0,1.0,0.992156863212585);
#1355=AXIS2_PLACEMENT_3D('',#1735,#1736,#1737);
#1356=COLOUR_RGB('',1.0,1.0,0.992156863212585);
#1357=AXIS2_PLACEMENT_3D('',#1738,#1739,#1740);
#1358=CARTESIAN_POINT('',(3.33066907387547E-16,-2.0,-5.941014760698));
#1359=CARTESIAN_POINT('',(-1.2,-2.0,-4.741014760698));
#1360=AXIS2_PLACEMENT_3D('',#1741,#1742,#1743);
#1361=CARTESIAN_POINT('',(1.2,-2.0,-4.741014760698));
#1362=AXIS2_PLACEMENT_3D('',#1744,#1745,#1746);
#1363=AXIS2_PLACEMENT_3D('',#1747,#1748,#1749);
#1364=COLOUR_RGB('',0.764705896377563,0.709803938865662,0.243137255311012);
#1365=AXIS2_PLACEMENT_3D('',#1750,#1751,#1752);
#1366=COLOUR_RGB('',0.764705896377563,0.709803938865662,0.243137255311012);
#1367=AXIS2_PLACEMENT_3D('',#1753,#1754,#1755);
#1368=COLOUR_RGB('',0.764705896377563,0.709803938865662,0.243137255311012);
#1369=COLOUR_RGB('',0.764705896377563,0.709803938865662,0.243137255311012);
#1370=AXIS2_PLACEMENT_3D('',#1756,#1757,#1758);
#1371=CARTESIAN_POINT('',(-0.34733867330952,-0.0762050304550932,-3.19427791073704));
#1372=CARTESIAN_POINT('',(0.347338672831859,-0.0761999999999985,-3.19427791073704));
#1373=AXIS2_PLACEMENT_3D('',#1759,#1760,#1761);
#1374=CARTESIAN_POINT('',(5.7329051040678E-16,-0.0761999999999985,-3.19427791073704));
#1375=VECTOR('',#1762,1000.0);
#1376=CARTESIAN_POINT('',(0.347338673463926,0.0762050297507311,-3.19427791073704));
#1377=CARTESIAN_POINT('',(-0.347338672986335,0.0762000000000022,-3.19427791073704));
#1378=AXIS2_PLACEMENT_3D('',#1763,#1764,#1765);
#1379=CARTESIAN_POINT('',(5.91953511239035E-16,0.0762000000000021,-3.19427791073704));
#1380=VECTOR('',#1766,1000.0);
#1381=COLOUR_RGB('',0.764705896377563,0.709803938865662,0.243137255311012);
#1382=CARTESIAN_POINT('',(-0.215526146905646,0.0720395581633367,-3.09276312992301));
#1383=CARTESIAN_POINT('',(0.215526146905657,0.0720395581633376,-3.092763129923));
#1384=CARTESIAN_POINT('',(-0.215526146905647,0.0720395581633367,-3.09276312992301));
#1385=CARTESIAN_POINT('',(-0.204722050388307,0.0722901873714289,-3.09887848260043));
#1386=CARTESIAN_POINT('',(-0.19389623834797,0.0725392782340402,-3.1049562996521));
#1387=CARTESIAN_POINT('',(-0.17217930927912,0.073032578279112,-3.11699282075178));
#1388=CARTESIAN_POINT('',(-0.161288590588824,0.0732768282007238,-3.12295251883559));
#1389=CARTESIAN_POINT('',(-0.144871759264087,0.0736371257107174,-3.13174377807939));
#1390=CARTESIAN_POINT('',(-0.139385300083029,0.073756208832054,-3.13464940623943));
#1391=CARTESIAN_POINT('',(-0.128377354681231,0.0739916004247529,-3.14039296110125));
#1392=CARTESIAN_POINT('',(-0.122855857876599,0.0741079152924137,-3.14323104399161));
#1393=CARTESIAN_POINT('',(-0.111766287279118,0.0743367366580183,-3.14881428531233));
#1394=CARTESIAN_POINT('',(-0.106199876194119,0.0744492203803901,-3.15155888809932));
#1395=CARTESIAN_POINT('',(-0.0949965405338653,0.0746689549963873,-3.15692041272962));
#1396=CARTESIAN_POINT('',(-0.0893570562962727,0.0747762664474637,-3.1595388120553));
#1397=CARTESIAN_POINT('',(-0.0770440347817584,0.0750002638878733,-3.16500434960127));
#1398=CARTESIAN_POINT('',(-0.0703546382008163,0.0751155985877718,-3.16781851627877));
#1399=CARTESIAN_POINT('',(-0.0602057564952234,0.0752755915152028,-3.17172234370807));
#1400=CARTESIAN_POINT('',(-0.0568029824822519,0.0753267381654289,-3.17297032202017));
#1401=CARTESIAN_POINT('',(-0.0499526674808965,0.0754234401909935,-3.17532985144394));
#1402=CARTESIAN_POINT('',(-0.0464977067502514,0.0754691090078822,-3.17644417052941));
#1403=CARTESIAN_POINT('',(-0.0430037341217773,0.0755113613674164,-3.17747512810204));
#1404=CARTESIAN_POINT('',(-0.0360179472667465,0.0755958399850856,-3.17953640637316));
#1405=CARTESIAN_POINT('',(-0.0288977637112359,0.0756662672958814,-3.18125483275657));
#1406=CARTESIAN_POINT('',(-0.0181096862382187,0.0757389845039763,-3.18302913263408));
#1407=CARTESIAN_POINT('',(-0.0144973269414448,0.0757577335313892,-3.18348660890294));
#1408=CARTESIAN_POINT('',(-0.00725825770875332,0.0757829051873973,-3.18410079730954));
#1409=CARTESIAN_POINT('',(-0.00363316193385708,0.0757893162241652,-3.18425722660668));
#1410=CARTESIAN_POINT('',(0.00361607715139993,0.0757893370512066,-3.18425773478649));
#1411=CARTESIAN_POINT('',(0.00724452917928181,0.0757829413752582,-3.18410168029335));
#1412=CARTESIAN_POINT('',(0.0144908088326794,0.0757577677122151,-3.1834874429151));
#1413=CARTESIAN_POINT('',(0.0181072537400178,0.0757390018014301,-3.18302955469195));
#1414=CARTESIAN_POINT('',(0.0289053582949094,0.0756662143016158,-3.18125353969649));
#1415=CARTESIAN_POINT('',(0.0360286318659368,0.0755957175149309,-3.17953341810139));
#1416=CARTESIAN_POINT('',(0.0430082621065233,0.0755113066086364,-3.17747379198781));
#1417=CARTESIAN_POINT('',(0.0464998431747112,0.075469079798303,-3.17644345781568));
#1418=CARTESIAN_POINT('',(0.0499458694433074,0.0754235335164755,-3.1753321285391));
#1419=CARTESIAN_POINT('',(0.0567986758660446,0.0753268015976573,-3.17297186971995));
#1420=CARTESIAN_POINT('',(0.0602017482596182,0.0752756529582486,-3.17172384291839));
#1421=CARTESIAN_POINT('',(0.0703520546437436,0.0751156428038613,-3.16781959515136));
#1422=CARTESIAN_POINT('',(0.0770431767735334,0.0750002796537006,-3.16500473428746));
#1423=CARTESIAN_POINT('',(0.0893582215474482,0.0747762451148181,-3.15953829153875));
#1424=CARTESIAN_POINT('',(0.0949981175712525,0.0746689242065734,-3.15691966138352));
#1425=CARTESIAN_POINT('',(0.1061988417136,0.0744492405337704,-3.15155937976716));
#1426=CARTESIAN_POINT('',(0.1117662793195,0.0743367367623761,-3.14881428773922));
#1427=CARTESIAN_POINT('',(0.12285571754518,0.0741079182553559,-3.14323111616795));
#1428=CARTESIAN_POINT('',(0.128377325854687,0.073991601048855,-3.14039297632935));
#1429=CARTESIAN_POINT('',(0.139385399472618,0.0737562066990466,-3.13464935419405));
#1430=CARTESIAN_POINT('',(0.144871873260239,0.0736371232052661,-3.13174371694587));
#1431=CARTESIAN_POINT('',(0.161288362706337,0.0732768332092624,-3.12295264104343));
#1432=CARTESIAN_POINT('',(0.172179260271316,0.0730325793844409,-3.1169928477222));
#1433=CARTESIAN_POINT('',(0.193896246925131,0.0725392780470713,-3.10495629509045));
#1434=CARTESIAN_POINT('',(0.204722111472146,0.0722901859544311,-3.09887844802564));
#1435=CARTESIAN_POINT('',(0.215526146905657,0.0720395581633376,-3.092763129923));
#1436=AXIS2_PLACEMENT_3D('',#1767,#1768,#1769);
#1437=COLOUR_RGB('',0.764705896377563,0.709803938865662,0.243137255311012);
#1438=CARTESIAN_POINT('',(0.215526146905661,0.0127532619908776,-1.64617750332282));
#1439=CARTESIAN_POINT('',(-0.215526146905659,0.0127532619908776,-1.64617750332282));
#1440=AXIS2_PLACEMENT_3D('',#1770,#1771,#1772);
#1441=CARTESIAN_POINT('',(-0.215526146905658,-0.479218985194613,10.3579453279381));
#1442=VECTOR('',#1773,1000.0);
#1443=CARTESIAN_POINT('',(0.215526146905662,-0.479218985194613,10.3579453279381));
#1444=VECTOR('',#1774,1000.0);
#1445=COLOUR_RGB('',0.764705896377563,0.709803938865662,0.243137255311012);
#1446=CARTESIAN_POINT('',(0.295121330981006,0.0096329306133813,-1.5700414177123));
#1447=CARTESIAN_POINT('',(0.215526146905681,0.0127532619908783,-1.64617750332282));
#1448=CARTESIAN_POINT('',(0.222207391936881,0.0124953171266668,-1.63988364863609));
#1449=CARTESIAN_POINT('',(0.228872473772565,0.0122366722031818,-1.63357271250315));
#1450=CARTESIAN_POINT('',(0.24217746562315,0.0117182979463363,-1.62092438063619));
#1451=CARTESIAN_POINT('',(0.248817354391606,0.0114585672478388,-1.61458695159286));
#1452=CARTESIAN_POINT('',(0.262077127728675,0.0109382463390187,-1.60189112141771));
#1453=CARTESIAN_POINT('',(0.268696998367802,0.0106776552923558,-1.59553269987916));
#1454=CARTESIAN_POINT('',(0.28192057450972,0.0101557808607594,-1.58279896374827));
#1455=CARTESIAN_POINT('',(0.2885242705631,0.00989449694805657,-1.57642363627839));
#1456=CARTESIAN_POINT('',(0.295121330981004,0.0096329306133798,-1.57004141771231));
#1457=CARTESIAN_POINT('',(-0.295121330981005,0.00963293061338137,-1.5700414177123));
#1458=AXIS2_PLACEMENT_3D('',#1775,#1776,#1777);
#1459=CARTESIAN_POINT('',(-0.295121330981002,0.00963293061337985,-1.57004141771231));
#1460=CARTESIAN_POINT('',(-0.288524270563097,0.00989449694805666,-1.57642363627839));
#1461=CARTESIAN_POINT('',(-0.28192057450972,0.0101557808607594,-1.58279896374827));
#1462=CARTESIAN_POINT('',(-0.268696998367802,0.0106776552923558,-1.59553269987916));
#1463=CARTESIAN_POINT('',(-0.262077127728674,0.0109382463390187,-1.60189112141771));
#1464=CARTESIAN_POINT('',(-0.248817354391599,0.0114585672478391,-1.61458695159286));
#1465=CARTESIAN_POINT('',(-0.24217746562315,0.0117182979463363,-1.62092438063619));
#1466=CARTESIAN_POINT('',(-0.228872473772561,0.0122366722031819,-1.63357271250316));
#1467=CARTESIAN_POINT('',(-0.222207391936881,0.0124953171266668,-1.63988364863609));
#1468=CARTESIAN_POINT('',(-0.215526146905678,0.0127532619908785,-1.64617750332282));
#1469=COLOUR_RGB('',0.764705896377563,0.709803938865662,0.243137255311012);
#1470=CARTESIAN_POINT('',(0.347339776011905,0.00963293061338129,-1.5700414177123));
#1471=CARTESIAN_POINT('',(4.0661088902556E-16,0.00963293061338133,-1.5700414177123));
#1472=VECTOR('',#1778,1000.0);
#1473=CARTESIAN_POINT('',(-0.347339776011904,0.00963293061338129,-1.5700414177123));
#1474=AXIS2_PLACEMENT_3D('',#1779,#1780,#1781);
#1475=CARTESIAN_POINT('',(4.0661088902556E-16,0.00963293061338133,-1.5700414177123));
#1476=VECTOR('',#1782,1000.0);
#1477=COLOUR_RGB('',0.764705896377563,0.709803938865662,0.243137255311012);
#1478=CARTESIAN_POINT('',(0.215526146905647,-0.0720395581633331,-3.09276312992301));
#1479=CARTESIAN_POINT('',(-0.215526146905655,-0.072039558163334,-3.092763129923));
#1480=CARTESIAN_POINT('',(0.215526146905648,-0.0720395581633332,-3.09276312992301));
#1481=CARTESIAN_POINT('',(0.204722050388311,-0.0722901873714253,-3.09887848260043));
#1482=CARTESIAN_POINT('',(0.19389623834797,-0.0725392782340367,-3.1049562996521));
#1483=CARTESIAN_POINT('',(0.172179309279122,-0.0730325782791084,-3.11699282075179));
#1484=CARTESIAN_POINT('',(0.161288590588822,-0.0732768282007203,-3.12295251883559));
#1485=CARTESIAN_POINT('',(0.144871759264089,-0.0736371257107139,-3.13174377807939));
#1486=CARTESIAN_POINT('',(0.139385300083032,-0.0737562088320503,-3.13464940623943));
#1487=CARTESIAN_POINT('',(0.128377354681234,-0.0739916004247492,-3.14039296110125));
#1488=CARTESIAN_POINT('',(0.122855857876598,-0.0741079152924102,-3.14323104399161));
#1489=CARTESIAN_POINT('',(0.111766287279118,-0.0743367366580148,-3.14881428531233));
#1490=CARTESIAN_POINT('',(0.10619987619412,-0.0744492203803865,-3.15155888809932));
#1491=CARTESIAN_POINT('',(0.0949965405338646,-0.0746689549963837,-3.15692041272962));
#1492=CARTESIAN_POINT('',(0.0893570562962752,-0.0747762664474601,-3.1595388120553));
#1493=CARTESIAN_POINT('',(0.077044034781763,-0.0750002638878697,-3.16500434960127));
#1494=CARTESIAN_POINT('',(0.0703546382008136,-0.0751155985877683,-3.16781851627877));
#1495=CARTESIAN_POINT('',(0.0602057564952229,-0.0752755915151993,-3.17172234370807));
#1496=CARTESIAN_POINT('',(0.0568029824822532,-0.0753267381654252,-3.17297032202017));
#1497=CARTESIAN_POINT('',(0.0499526674808987,-0.0754234401909899,-3.17532985144394));
#1498=CARTESIAN_POINT('',(0.0464977067502517,-0.0754691090078787,-3.17644417052941));
#1499=CARTESIAN_POINT('',(0.0430037341217782,-0.0755113613674128,-3.17747512810204));
#1500=CARTESIAN_POINT('',(0.0360179472667485,-0.075595839985082,-3.17953640637316));
#1501=CARTESIAN_POINT('',(0.0288977637112363,-0.0756662672958778,-3.18125483275657));
#1502=CARTESIAN_POINT('',(0.0181096862382209,-0.0757389845039727,-3.18302913263408));
#1503=CARTESIAN_POINT('',(0.0144973269414453,-0.0757577335313856,-3.18348660890295));
#1504=CARTESIAN_POINT('',(0.00725825770875411,-0.0757829051873938,-3.18410079730954));
#1505=CARTESIAN_POINT('',(0.00363316193385898,-0.0757893162241616,-3.18425722660668));
#1506=CARTESIAN_POINT('',(-0.00361607715139963,-0.075789337051203,-3.18425773478649));
#1507=CARTESIAN_POINT('',(-0.00724452917927891,-0.0757829413752546,-3.18410168029335));
#1508=CARTESIAN_POINT('',(-0.0144908088326782,-0.0757577677122115,-3.1834874429151));
#1509=CARTESIAN_POINT('',(-0.0181072537400163,-0.0757390018014265,-3.18302955469195));
#1510=CARTESIAN_POINT('',(-0.0289053582949093,-0.0756662143016122,-3.18125353969649));
#1511=CARTESIAN_POINT('',(-0.0360286318659336,-0.0755957175149273,-3.17953341810139));
#1512=CARTESIAN_POINT('',(-0.0430082621065216,-0.0755113066086328,-3.17747379198781));
#1513=CARTESIAN_POINT('',(-0.0464998431747095,-0.0754690797982994,-3.17644345781568));
#1514=CARTESIAN_POINT('',(-0.0499458694433043,-0.0754235335164721,-3.1753321285391));
#1515=CARTESIAN_POINT('',(-0.0567986758660432,-0.0753268015976539,-3.17297186971995));
#1516=CARTESIAN_POINT('',(-0.0602017482596154,-0.075275652958245,-3.17172384291839));
#1517=CARTESIAN_POINT('',(-0.0703520546437436,-0.0751156428038577,-3.16781959515136));
#1518=CARTESIAN_POINT('',(-0.0770431767735277,-0.0750002796536971,-3.16500473428746));
#1519=CARTESIAN_POINT('',(-0.0893582215474437,-0.0747762451148147,-3.15953829153876));
#1520=CARTESIAN_POINT('',(-0.0949981175712537,-0.0746689242065698,-3.15691966138352));
#1521=CARTESIAN_POINT('',(-0.106198841713599,-0.0744492405337668,-3.15155937976716));
#1522=CARTESIAN_POINT('',(-0.111766279319497,-0.0743367367623725,-3.14881428773922));
#1523=CARTESIAN_POINT('',(-0.122855717545177,-0.0741079182553523,-3.14323111616795));
#1524=CARTESIAN_POINT('',(-0.128377325854682,-0.0739916010488515,-3.14039297632935));
#1525=CARTESIAN_POINT('',(-0.139385399472612,-0.0737562066990431,-3.13464935419405));
#1526=CARTESIAN_POINT('',(-0.144871873260241,-0.0736371232052624,-3.13174371694587));
#1527=CARTESIAN_POINT('',(-0.161288362706337,-0.0732768332092587,-3.12295264104343));
#1528=CARTESIAN_POINT('',(-0.172179260271312,-0.0730325793844375,-3.11699284772221));
#1529=CARTESIAN_POINT('',(-0.193896246925128,-0.0725392780470679,-3.10495629509045));
#1530=CARTESIAN_POINT('',(-0.204722111472146,-0.0722901859544275,-3.09887844802564));
#1531=CARTESIAN_POINT('',(-0.215526146905655,-0.0720395581633341,-3.092763129923));
#1532=AXIS2_PLACEMENT_3D('',#1783,#1784,#1785);
#1533=COLOUR_RGB('',0.764705896377563,0.709803938865662,0.243137255311012);
#1534=CARTESIAN_POINT('',(-0.215526146905659,-0.0127532619908762,-1.64617750332284));
#1535=CARTESIAN_POINT('',(0.21552614690566,-0.0127532619908764,-1.64617750332284));
#1536=AXIS2_PLACEMENT_3D('',#1786,#1787,#1788);
#1537=CARTESIAN_POINT('',(0.215526146905662,0.479218985194617,10.3579453279381));
#1538=VECTOR('',#1789,1000.0);
#1539=CARTESIAN_POINT('',(-0.215526146905657,0.479218985194617,10.3579453279381));
#1540=VECTOR('',#1790,1000.0);
#1541=COLOUR_RGB('',0.764705896377563,0.709803938865662,0.243137255311012);
#1542=CARTESIAN_POINT('',(-0.295121330981004,-0.00963293061337768,-1.5700414177123));
#1543=CARTESIAN_POINT('',(-0.21552614690566,-0.0127532619908756,-1.64617750332284));
#1544=CARTESIAN_POINT('',(-0.222207391936862,-0.0124953171266639,-1.63988364863611));
#1545=CARTESIAN_POINT('',(-0.228872473772546,-0.0122366722031789,-1.63357271250317));
#1546=CARTESIAN_POINT('',(-0.242177465623133,-0.0117182979463333,-1.62092438063621));
#1547=CARTESIAN_POINT('',(-0.248817354391595,-0.0114585672478356,-1.61458695159287));
#1548=CARTESIAN_POINT('',(-0.262077127730588,-0.01093824633894,-1.60189112141588));
#1549=CARTESIAN_POINT('',(-0.268696998369707,-0.010677655292277,-1.59553269987732));
#1550=CARTESIAN_POINT('',(-0.281920574509716,-0.0101557808607559,-1.58279896374828));
#1551=CARTESIAN_POINT('',(-0.288524270563097,-0.00989449694805299,-1.57642363627839));
#1552=CARTESIAN_POINT('',(-0.295121330981001,-0.00963293061337621,-1.57004141771231));
#1553=CARTESIAN_POINT('',(0.295121330981007,-0.00963293061337775,-1.5700414177123));
#1554=AXIS2_PLACEMENT_3D('',#1791,#1792,#1793);
#1555=CARTESIAN_POINT('',(0.295121330981003,-0.00963293061337629,-1.57004141771231));
#1556=CARTESIAN_POINT('',(0.288524270563097,-0.00989449694805313,-1.57642363627839));
#1557=CARTESIAN_POINT('',(0.28192057450972,-0.0101557808607559,-1.58279896374828));
#1558=CARTESIAN_POINT('',(0.268696998367798,-0.0106776552923525,-1.59553269987916));
#1559=CARTESIAN_POINT('',(0.262077127728665,-0.0109382463390156,-1.60189112141772));
#1560=CARTESIAN_POINT('',(0.248817354391596,-0.0114585672478357,-1.61458695159287));
#1561=CARTESIAN_POINT('',(0.242177465623136,-0.0117182979463334,-1.62092438063621));
#1562=CARTESIAN_POINT('',(0.228872473772551,-0.0122366722031788,-1.63357271250317));
#1563=CARTESIAN_POINT('',(0.222207391936861,-0.0124953171266641,-1.63988364863611));
#1564=CARTESIAN_POINT('',(0.215526146905661,-0.0127532619908756,-1.64617750332284));
#1565=COLOUR_RGB('',0.764705896377563,0.709803938865662,0.243137255311012);
#1566=CARTESIAN_POINT('',(0.347339776011905,-0.0096329306133779,-1.5700414177123));
#1567=CARTESIAN_POINT('',(4.0425157941855E-16,-0.00963293061337772,-1.5700414177123));
#1568=VECTOR('',#1794,1000.0);
#1569=CARTESIAN_POINT('',(-0.347339776011904,-0.00963293061337754,-1.5700414177123));
#1570=CARTESIAN_POINT('',(4.0425157941855E-16,-0.00963293061337772,-1.5700414177123));
#1571=VECTOR('',#1795,1000.0);
#1572=AXIS2_PLACEMENT_3D('',#1796,#1797,#1798);
#1573=COLOUR_RGB('',0.764705896377563,0.709803938865662,0.243137255311012);
#1574=CARTESIAN_POINT('',(0.347339776011905,-0.0441351553608314,-2.4118957015456));
#1575=VECTOR('',#1799,1000.0);
#1576=CARTESIAN_POINT('',(-0.347339776011904,-0.044135155360831,-2.4118957015456));
#1577=VECTOR('',#1800,1000.0);
#1578=COLOUR_RGB('',0.764705896377563,0.709803938865662,0.243137255311012);
#1579=CARTESIAN_POINT('',(-0.347339776011904,0.0441351553608347,-2.4118957015456));
#1580=VECTOR('',#1801,1000.0);
#1581=CARTESIAN_POINT('',(0.347339776011905,0.0441351553608347,-2.4118957015456));
#1582=VECTOR('',#1802,1000.0);
#1583=COLOUR_RGB('',0.764705896377563,0.709803938865662,0.243137255311012);
#1584=COLOUR_RGB('',0.764705896377563,0.709803938865662,0.243137255311012);
#1585=COLOUR_RGB('',0.764705896377563,0.709803938865662,0.243137255311012);
#1586=COLOUR_RGB('',0.764705896377563,0.705882370471954,0.239215686917305);
#1587=EDGE_CURVE('',#1803,#1804,#1805,.T.);
#1588=EDGE_CURVE('',#1803,#1806,#1807,.T.);
#1589=EDGE_CURVE('',#1808,#1806,#1809,.T.);
#1590=EDGE_CURVE('',#1804,#1808,#1810,.T.);
#1591=EDGE_CURVE('',#1811,#857,#1812,.T.);
#1592=EDGE_CURVE('',#1811,#1813,#1814,.T.);
#1593=EDGE_CURVE('',#858,#1813,#1815,.T.);
#1594=EDGE_CURVE('',#1816,#1817,#1818,.T.);
#1595=EDGE_CURVE('',#1816,#1819,#1820,.T.);
#1596=EDGE_CURVE('',#1821,#1819,#1822,.T.);
#1597=EDGE_CURVE('',#1817,#1821,#1823,.T.);
#1598=EDGE_CURVE('',#1806,#1821,#1824,.T.);
#1599=EDGE_CURVE('',#1817,#1803,#1825,.T.);
#1600=EDGE_CURVE('',#1826,#1827,#1828,.T.);
#1601=EDGE_CURVE('',#1826,#1829,#1830,.T.);
#1602=EDGE_CURVE('',#1829,#1831,#1832,.T.);
#1603=EDGE_CURVE('',#1833,#1831,#1834,.T.);
#1604=EDGE_CURVE('',#1827,#1833,#1835,.T.);
#1605=EDGE_CURVE('',#1836,#1816,#1837,.T.);
#1606=EDGE_CURVE('',#1836,#1838,#1839,.T.);
#1607=EDGE_CURVE('',#1819,#1838,#1840,.T.);
#1608=EDGE_CURVE('',#1804,#1829,#1841,.T.);
#1609=EDGE_CURVE('',#1842,#1808,#1843,.T.);
#1610=EDGE_CURVE('',#1831,#1842,#1844,.T.);
#1611=EDGE_CURVE('',#1845,#1846,#1847,.T.);
#1612=EDGE_CURVE('',#1845,#1848,#1849,.T.);
#1613=EDGE_CURVE('',#1850,#1848,#1851,.T.);
#1614=EDGE_CURVE('',#1852,#1850,#1853,.T.);
#1615=EDGE_CURVE('',#1846,#1852,#1854,.T.);
#1616=EDGE_CURVE('',#1855,#866,#1856,.T.);
#1617=EDGE_CURVE('',#1855,#1857,#1858,.T.);
#1618=EDGE_CURVE('',#868,#1857,#1859,.T.);
#1619=EDGE_CURVE('',#1857,#1855,#1860,.T.);
#1620=EDGE_CURVE('',#1861,#1862,#1863,.T.);
#1621=EDGE_CURVE('',#1861,#1864,#1865,.T.);
#1622=EDGE_CURVE('',#1864,#1866,#1867,.T.);
#1623=EDGE_CURVE('',#1866,#1862,#1868,.T.);
#1624=EDGE_CURVE('',#1869,#1870,#1871,.T.);
#1625=EDGE_CURVE('',#1870,#1872,#1873,.T.);
#1626=EDGE_CURVE('',#1872,#1874,#1875,.T.);
#1627=EDGE_CURVE('',#1869,#1874,#1876,.T.);
#1628=EDGE_CURVE('',#1877,#1869,#1878,.T.);
#1629=EDGE_CURVE('',#1874,#1879,#1880,.T.);
#1630=EDGE_CURVE('',#1879,#1877,#1881,.T.);
#1631=EDGE_CURVE('',#1877,#1882,#1883,.T.);
#1632=EDGE_CURVE('',#1879,#1884,#1885,.T.);
#1633=EDGE_CURVE('',#1882,#1884,#1886,.T.);
#1634=EDGE_CURVE('',#1870,#1882,#1887,.T.);
#1635=EDGE_CURVE('',#1884,#1872,#1888,.T.);
#1636=EDGE_CURVE('',#1889,#1890,#1891,.T.);
#1637=EDGE_CURVE('',#1892,#1889,#1893,.T.);
#1638=EDGE_CURVE('',#1892,#1894,#1895,.T.);
#1639=EDGE_CURVE('',#1890,#1894,#1896,.T.);
#1640=EDGE_CURVE('',#1894,#1897,#1898,.T.);
#1641=EDGE_CURVE('',#1897,#1899,#1900,.T.);
#1642=EDGE_CURVE('',#1899,#1890,#1901,.T.);
#1643=EDGE_CURVE('',#1902,#1899,#1903,.T.);
#1644=EDGE_CURVE('',#1897,#1904,#1905,.T.);
#1645=EDGE_CURVE('',#1904,#1902,#1906,.T.);
#1646=EDGE_CURVE('',#1902,#1889,#1907,.T.);
#1647=EDGE_CURVE('',#1904,#1892,#1908,.T.);
#1648=EDGE_CURVE('',#1909,#1910,#1911,.T.);
#1649=EDGE_CURVE('',#1912,#1909,#1913,.T.);
#1650=EDGE_CURVE('',#1914,#1912,#1915,.T.);
#1651=EDGE_CURVE('',#1910,#1914,#1916,.T.);
#1652=EDGE_CURVE('',#1917,#1864,#1918,.T.);
#1653=EDGE_CURVE('',#1919,#1917,#1920,.T.);
#1654=EDGE_CURVE('',#1866,#1919,#1921,.T.);
#1655=EDGE_CURVE('',#1922,#1923,#1924,.T.);
#1656=EDGE_CURVE('',#1923,#1925,#1926,.T.);
#1657=EDGE_CURVE('',#1927,#1925,#1928,.T.);
#1658=EDGE_CURVE('',#1927,#1922,#1929,.T.);
#1659=EDGE_CURVE('',#1910,#1930,#1931,.T.);
#1660=EDGE_CURVE('',#1914,#1932,#1933,.T.);
#1661=EDGE_CURVE('',#1930,#1932,#1934,.T.);
#1662=EDGE_CURVE('',#1935,#1912,#1936,.T.);
#1663=EDGE_CURVE('',#1937,#1909,#1938,.T.);
#1664=EDGE_CURVE('',#1935,#1937,#1939,.T.);
#1665=EDGE_CURVE('',#1932,#1935,#1940,.T.);
#1666=EDGE_CURVE('',#1937,#1930,#1941,.T.);
#1667=EDGE_CURVE('',#1942,#1943,#1944,.T.);
#1668=EDGE_CURVE('',#1943,#1945,#1946,.T.);
#1669=EDGE_CURVE('',#1947,#1945,#1948,.T.);
#1670=EDGE_CURVE('',#1947,#1850,#1949,.T.);
#1671=EDGE_CURVE('',#1850,#1942,#1950,.T.);
#1672=EDGE_CURVE('',#1943,#1922,#1951,.T.);
#1673=EDGE_CURVE('',#1942,#1952,#1953,.T.);
#1674=EDGE_CURVE('',#1952,#1923,#1954,.T.);
#1675=EDGE_CURVE('',#1955,#1861,#1956,.T.);
#1676=EDGE_CURVE('',#1955,#1917,#1957,.T.);
#1677=EDGE_CURVE('',#1919,#1958,#1959,.T.);
#1678=EDGE_CURVE('',#1862,#1958,#1960,.T.);
#1679=EDGE_CURVE('',#1958,#1955,#1961,.T.);
#1680=EDGE_CURVE('',#1925,#1852,#1962,.T.);
#1681=EDGE_CURVE('',#1852,#1947,#1963,.T.);
#1682=EDGE_CURVE('',#1945,#1927,#1964,.T.);
#1683=EDGE_CURVE('',#1952,#1846,#1965,.T.);
#1684=EDGE_CURVE('',#1850,#1952,#1966,.T.);
#1685=EDGE_CURVE('',#1848,#1845,#1967,.T.);
#1686=EDGE_CURVE('',#1842,#1826,#1968,.T.);
#1687=EDGE_CURVE('',#1808,#1804,#1969,.T.);
#1688=EDGE_CURVE('',#1819,#1816,#1970,.T.);
#1689=EDGE_CURVE('',#1838,#1836,#1971,.T.);
#1690=EDGE_CURVE('',#1833,#1827,#1972,.T.);
#1691=EDGE_CURVE('',#1821,#1817,#1973,.T.);
#1692=EDGE_CURVE('',#1806,#1803,#1974,.T.);
#1693=EDGE_CURVE('',#1813,#1811,#1975,.T.);
#1694=DIRECTION('',(0.857167300702115,3.15394117907654E-17,0.515038074910049));
#1695=DIRECTION('',(0.857167300702115,-3.15324781087593E-17,-0.515038074910049));
#1696=CARTESIAN_POINT('',(5.8296998287781E-16,1.71261345816715E-15,-3.19427791073704));
#1697=DIRECTION('',(1.22460635382238E-16,-1.49967359905194E-32,1.0));
#1698=DIRECTION('',(-1.0,-3.88278258594218E-64,1.22460635382238E-16));
#1699=DIRECTION('',(-0.0,-1.0,-6.12303176911189E-17));
#1700=CARTESIAN_POINT('',(-1.04266688180844E-15,-2.0,-4.741014760698));
#1701=DIRECTION('',(3.74915180455534E-33,-1.0,6.12303176911189E-17));
#1702=DIRECTION('',(6.49773113740974E-65,-6.12303176911189E-17,-1.0));
#1703=CARTESIAN_POINT('',(-1.04266688180844E-15,-2.0,-4.741014760698));
#1704=DIRECTION('',(3.74915180455534E-33,-1.0,6.12303176911189E-17));
#1705=DIRECTION('',(6.49773113740974E-65,-6.12303176911189E-17,-1.0));
#1706=DIRECTION('',(0.0,1.0,6.12303176911189E-17));
#1707=CARTESIAN_POINT('',(-9.15634957141816E-16,-4.074657285096,-4.741014760698));
#1708=DIRECTION('',(0.0,1.0,3.06151588455594E-17));
#1709=DIRECTION('',(-1.0,0.0,0.0));
#1710=DIRECTION('',(0.707106781186549,0.707106781186546,-0.0));
#1711=CARTESIAN_POINT('',(-9.07858706795044E-16,-4.20165728509599,-4.741014760698));
#1712=DIRECTION('',(0.0,1.0,-0.0));
#1713=DIRECTION('',(-1.0,0.0,0.0));
#1714=DIRECTION('',(0.707106781186549,-0.707106781186546,0.0));
#1715=DIRECTION('',(-0.0,-0.0,-1.0));
#1716=CARTESIAN_POINT('',(0.0,0.0,-3.065414760698));
#1717=DIRECTION('',(0.0,-0.0,1.0));
#1718=DIRECTION('',(0.0,1.0,0.0));
#1719=DIRECTION('',(-0.0,0.0,1.0));
#1720=CARTESIAN_POINT('',(0.0,0.0,-3.19427791073704));
#1721=DIRECTION('',(1.22460635382238E-16,-1.49967359905194E-32,1.0));
#1722=DIRECTION('',(1.0,0.0,-1.22460635382238E-16));
#1723=CARTESIAN_POINT('',(0.0,0.0,-3.19427791073704));
#1724=DIRECTION('',(1.22460635382238E-16,-1.49967359905194E-32,1.0));
#1725=DIRECTION('',(1.0,0.0,-1.22460635382238E-16));
#1726=CARTESIAN_POINT('',(0.0,0.0,-3.065414760698));
#1727=DIRECTION('',(0.0,-0.0,1.0));
#1728=DIRECTION('',(0.0,1.0,0.0));
#1729=CARTESIAN_POINT('',(-9.06739378199457E-16,-2.13749437648889E-16,-3.065414760698));
#1730=DIRECTION('',(0.0,0.0,1.0));
#1731=DIRECTION('',(1.0,0.0,0.0));
#1732=CARTESIAN_POINT('',(-9.06739378199457E-16,-2.13749437648889E-16,-3.065414760698));
#1733=DIRECTION('',(0.0,0.0,1.0));
#1734=DIRECTION('',(1.0,0.0,0.0));
#1735=CARTESIAN_POINT('',(0.0,0.0,-3.19427791073704));
#1736=DIRECTION('',(1.22460635382238E-16,-1.49967359905194E-32,1.0));
#1737=DIRECTION('',(1.0,0.0,-1.22460635382238E-16));
#1738=CARTESIAN_POINT('',(-1.04266688180844E-15,-2.0,-4.741014760698));
#1739=DIRECTION('',(3.74915180455534E-33,-1.0,6.12303176911189E-17));
#1740=DIRECTION('',(6.49773113740974E-65,-6.12303176911189E-17,-1.0));
#1741=CARTESIAN_POINT('',(3.33066907387547E-16,-2.0,-4.741014760698));
#1742=DIRECTION('',(3.74915180455534E-33,-1.0,6.12303176911189E-17));
#1743=DIRECTION('',(0.0,-6.12303176911189E-17,-1.0));
#1744=CARTESIAN_POINT('',(3.33066907387547E-16,-2.0,-4.741014760698));
#1745=DIRECTION('',(3.74915180455534E-33,-1.0,6.12303176911189E-17));
#1746=DIRECTION('',(0.0,-6.12303176911189E-17,-1.0));
#1747=CARTESIAN_POINT('',(3.33066907387547E-16,-2.0,-4.741014760698));
#1748=DIRECTION('',(3.74915180455534E-33,-1.0,6.12303176911189E-17));
#1749=DIRECTION('',(0.0,-6.12303176911189E-17,-1.0));
#1750=CARTESIAN_POINT('',(-9.07858706795044E-16,-4.20165728509599,-4.741014760698));
#1751=DIRECTION('',(0.0,1.0,-0.0));
#1752=DIRECTION('',(-1.0,0.0,0.0));
#1753=CARTESIAN_POINT('',(-9.15634957141816E-16,-4.074657285096,-4.741014760698));
#1754=DIRECTION('',(0.0,1.0,3.06151588455594E-17));
#1755=DIRECTION('',(-1.0,0.0,0.0));
#1756=CARTESIAN_POINT('',(5.8296998287781E-16,1.71261345816715E-15,-3.19427791073704));
#1757=DIRECTION('',(1.22460635382238E-16,-1.49967359905194E-32,1.0));
#1758=DIRECTION('',(-1.0,-3.88278258594218E-64,1.22460635382238E-16));
#1759=CARTESIAN_POINT('',(4.05331336483825E-16,6.39680440405792E-05,-3.19427791073704));
#1760=DIRECTION('',(1.22460635382238E-16,-1.49967359905192E-32,1.0));
#1761=DIRECTION('',(-2.86683306112068E-15,1.0,3.66070934190164E-31));
#1762=DIRECTION('',(1.0,-1.24970074631887E-16,-1.22460635382238E-16));
#1763=CARTESIAN_POINT('',(4.0531566934919E-16,-6.39680440371864E-05,-3.19427791073704));
#1764=DIRECTION('',(1.22460635382238E-16,-1.53035282100903E-32,1.0));
#1765=DIRECTION('',(3.11175433188543E-15,1.0,-3.65763884426031E-31));
#1766=DIRECTION('',(-1.0,1.19951196132588E-16,1.22460635382238E-16));
#1767=CARTESIAN_POINT('',(5.9455729041515E-16,-0.00409652744719635,-3.09588346130049));
#1768=DIRECTION('',(-4.85534173888221E-18,-0.0409492306758245,0.999161228484702));
#1769=DIRECTION('',(1.0,-1.18569791391678E-16,0.0));
#1770=CARTESIAN_POINT('',(7.6452120435375E-16,-0.0633828236196559,-1.64929783470032));
#1771=DIRECTION('',(-4.8553417388818E-18,-0.0409492306758245,0.999161228484702));
#1772=DIRECTION('',(1.0,-1.18569791391668E-16,0.0));
#1773=DIRECTION('',(1.1739460832891E-16,-0.0409492306758245,0.999161228484702));
#1774=DIRECTION('',(1.1739460832891E-16,-0.0409492306758245,0.999161228484702));
#1775=CARTESIAN_POINT('',(7.7346667350841E-16,-0.066503154997153,-1.5731617490898));
#1776=DIRECTION('',(-5.4622594562425E-18,-0.0409492306758245,0.999161228484702));
#1777=DIRECTION('',(1.0,-1.33391015315638E-16,0.0));
#1778=DIRECTION('',(1.0,-1.24967969785725E-16,-5.13582463519747E-20));
#1779=CARTESIAN_POINT('',(3.9709615672464E-16,-0.066503154997153,-1.5731617490898));
#1780=DIRECTION('',(-4.68193667677927E-18,-0.0409492306758246,0.999161228484702));
#1781=DIRECTION('',(1.0,-1.14335155984832E-16,5.41145818112886E-34));
#1782=DIRECTION('',(1.0,-1.24967969785725E-16,-5.13582463519747E-20));
#1783=CARTESIAN_POINT('',(5.9556061712324E-16,0.0040965274471998,-3.09588346130049));
#1784=DIRECTION('',(5.15880059756238E-18,0.0409492306758247,0.999161228484702));
#1785=DIRECTION('',(1.0,-1.25980403353658E-16,8.41782383731156E-34));
#1786=CARTESIAN_POINT('',(7.8004500605931E-16,0.0633828236196595,-1.64929783470032));
#1787=DIRECTION('',(4.85534173888182E-18,0.0409492306758247,0.999161228484702));
#1788=DIRECTION('',(1.0,-1.18569791391668E-16,0.0));
#1789=DIRECTION('',(-1.27423945942861E-16,-0.0409492306758247,-0.999161228484702));
#1790=DIRECTION('',(-1.27423945942861E-16,-0.0409492306758247,-0.999161228484702));
#1791=CARTESIAN_POINT('',(7.8975471074016E-16,0.0665031549971565,-1.5731617490898));
#1792=DIRECTION('',(5.46225945624252E-18,0.0409492306758247,0.999161228484702));
#1793=DIRECTION('',(1.0,-1.33391015315638E-16,6.31336787798367E-34));
#1794=DIRECTION('',(-1.0,1.1995330097875E-16,5.13582463519747E-20));
#1795=DIRECTION('',(-1.0,1.1995330097875E-16,5.13582463519747E-20));
#1796=CARTESIAN_POINT('',(4.1338419395639E-16,0.0665031549971565,-1.5731617490898));
#1797=DIRECTION('',(4.68193667677927E-18,0.0409492306758246,0.999161228484702));
#1798=DIRECTION('',(1.0,-1.14335155984832E-16,-5.41145818112886E-34));
#1799=DIRECTION('',(4.96331056062332E-18,0.0409492306758246,0.999161228484702));
#1800=DIRECTION('',(4.96331056062332E-18,0.0409492306758246,0.999161228484702));
#1801=DIRECTION('',(-5.06602705332727E-18,-0.0409492306758246,0.999161228484702));
#1802=DIRECTION('',(-5.06602705332727E-18,-0.0409492306758246,0.999161228484702));
#1803=VERTEX_POINT('',#1976);
#1804=VERTEX_POINT('',#1977);
#1805=LINE('',#1978,#1979);
#1806=VERTEX_POINT('',#1980);
#1807=CIRCLE('',#1981,1.51);
#1808=VERTEX_POINT('',#1982);
#1809=LINE('',#1983,#1984);
#1810=CIRCLE('',#1985,1.51);
#1811=VERTEX_POINT('',#1986);
#1812=LINE('',#1987,#1988);
#1813=VERTEX_POINT('',#1989);
#1814=CIRCLE('',#1990,0.8255);
#1815=LINE('',#1991,#1992);
#1816=VERTEX_POINT('',#1993);
#1817=VERTEX_POINT('',#1994);
#1818=LINE('',#1995,#1996);
#1819=VERTEX_POINT('',#1997);
#1820=CIRCLE('',#1998,1.445);
#1821=VERTEX_POINT('',#1999);
#1822=LINE('',#2000,#2001);
#1823=CIRCLE('',#2002,1.445);
#1824=LINE('',#2003,#2004);
#1825=LINE('',#2005,#2006);
#1826=VERTEX_POINT('',#2007);
#1827=VERTEX_POINT('',#2008);
#1828=LINE('',#2009,#2010);
#1829=VERTEX_POINT('',#2011);
#1830=CIRCLE('',#2012,1.20523);
#1831=VERTEX_POINT('',#2013);
#1832=CIRCLE('',#2014,1.20523);
#1833=VERTEX_POINT('',#2015);
#1834=LINE('',#2016,#2017);
#1835=CIRCLE('',#2018,1.20523);
#1836=VERTEX_POINT('',#2019);
#1837=LINE('',#2020,#2021);
#1838=VERTEX_POINT('',#2022);
#1839=CIRCLE('',#2023,1.50971390765253);
#1840=LINE('',#2024,#2025);
#1841=LINE('',#2026,#2027);
#1842=VERTEX_POINT('',#2028);
#1843=LINE('',#2029,#2030);
#1844=CIRCLE('',#2031,1.20523);
#1845=VERTEX_POINT('',#2032);
#1846=VERTEX_POINT('',#2033);
#1847=LINE('',#2034,#2035);
#1848=VERTEX_POINT('',#2036);
#1849=CIRCLE('',#2037,1.75);
#1850=VERTEX_POINT('',#2038);
#1851=LINE('',#2039,#2040);
#1852=VERTEX_POINT('',#2041);
#1853=CIRCLE('',#2042,1.75);
#1854=CIRCLE('',#2043,1.75);
#1855=VERTEX_POINT('',#2044);
#1856=LINE('',#2045,#2046);
#1857=VERTEX_POINT('',#2047);
#1858=CIRCLE('',#2048,1.2);
#1859=LINE('',#2049,#2050);
#1860=CIRCLE('',#2051,1.2);
#1861=VERTEX_POINT('',#2052);
#1862=VERTEX_POINT('',#2053);
#1863=LINE('',#2054,#2055);
#1864=VERTEX_POINT('',#2056);
#1865=LINE('',#2057,#2058);
#1866=VERTEX_POINT('',#2059);
#1867=LINE('',#2060,#2061);
#1868=LINE('',#2062,#2063);
#1869=VERTEX_POINT('',#2064);
#1870=VERTEX_POINT('',#2065);
#1871=LINE('',#2066,#2067);
#1872=VERTEX_POINT('',#2068);
#1873=LINE('',#2069,#2070);
#1874=VERTEX_POINT('',#2071);
#1875=LINE('',#2072,#2073);
#1876=LINE('',#2074,#2075);
#1877=VERTEX_POINT('',#2076);
#1878=LINE('',#2077,#2078);
#1879=VERTEX_POINT('',#2079);
#1880=LINE('',#2080,#2081);
#1881=LINE('',#2082,#2083);
#1882=VERTEX_POINT('',#2084);
#1883=LINE('',#2085,#2086);
#1884=VERTEX_POINT('',#2087);
#1885=LINE('',#2088,#2089);
#1886=LINE('',#2090,#2091);
#1887=LINE('',#2092,#2093);
#1888=LINE('',#2094,#2095);
#1889=VERTEX_POINT('',#2096);
#1890=VERTEX_POINT('',#2097);
#1891=LINE('',#2098,#2099);
#1892=VERTEX_POINT('',#2100);
#1893=LINE('',#2101,#2102);
#1894=VERTEX_POINT('',#2103);
#1895=LINE('',#2104,#2105);
#1896=LINE('',#2106,#2107);
#1897=VERTEX_POINT('',#2108);
#1898=LINE('',#2109,#2110);
#1899=VERTEX_POINT('',#2111);
#1900=LINE('',#2112,#2113);
#1901=LINE('',#2114,#2115);
#1902=VERTEX_POINT('',#2116);
#1903=LINE('',#2117,#2118);
#1904=VERTEX_POINT('',#2119);
#1905=LINE('',#2120,#2121);
#1906=LINE('',#2122,#2123);
#1907=LINE('',#2124,#2125);
#1908=LINE('',#2126,#2127);
#1909=VERTEX_POINT('',#2128);
#1910=VERTEX_POINT('',#2129);
#1911=LINE('',#2130,#2131);
#1912=VERTEX_POINT('',#2132);
#1913=LINE('',#2133,#2134);
#1914=VERTEX_POINT('',#2135);
#1915=LINE('',#2136,#2137);
#1916=LINE('',#2138,#2139);
#1917=VERTEX_POINT('',#2140);
#1918=LINE('',#2141,#2142);
#1919=VERTEX_POINT('',#2143);
#1920=LINE('',#2144,#2145);
#1921=LINE('',#2146,#2147);
#1922=VERTEX_POINT('',#2148);
#1923=VERTEX_POINT('',#2149);
#1924=LINE('',#2150,#2151);
#1925=VERTEX_POINT('',#2152);
#1926=LINE('',#2153,#2154);
#1927=VERTEX_POINT('',#2155);
#1928=LINE('',#2156,#2157);
#1929=LINE('',#2158,#2159);
#1930=VERTEX_POINT('',#2160);
#1931=LINE('',#2161,#2162);
#1932=VERTEX_POINT('',#2163);
#1933=LINE('',#2164,#2165);
#1934=LINE('',#2166,#2167);
#1935=VERTEX_POINT('',#2168);
#1936=LINE('',#2169,#2170);
#1937=VERTEX_POINT('',#2171);
#1938=LINE('',#2172,#2173);
#1939=LINE('',#2174,#2175);
#1940=LINE('',#2176,#2177);
#1941=LINE('',#2178,#2179);
#1942=VERTEX_POINT('',#2180);
#1943=VERTEX_POINT('',#2181);
#1944=LINE('',#2182,#2183);
#1945=VERTEX_POINT('',#2184);
#1946=LINE('',#2185,#2186);
#1947=VERTEX_POINT('',#2187);
#1948=LINE('',#2188,#2189);
#1949=LINE('',#2190,#2191);
#1950=LINE('',#2192,#2193);
#1951=LINE('',#2194,#2195);
#1952=VERTEX_POINT('',#2196);
#1953=LINE('',#2197,#2198);
#1954=LINE('',#2199,#2200);
#1955=VERTEX_POINT('',#2201);
#1956=LINE('',#2202,#2203);
#1957=LINE('',#2204,#2205);
#1958=VERTEX_POINT('',#2206);
#1959=LINE('',#2207,#2208);
#1960=LINE('',#2209,#2210);
#1961=LINE('',#2211,#2212);
#1962=LINE('',#2213,#2214);
#1963=LINE('',#2215,#2216);
#1964=LINE('',#2217,#2218);
#1965=CIRCLE('',#2219,1.75);
#1966=CIRCLE('',#2220,1.75);
#1967=CIRCLE('',#2221,1.75);
#1968=CIRCLE('',#2222,1.20523);
#1969=CIRCLE('',#2223,1.51);
#1970=CIRCLE('',#2224,1.445);
#1971=CIRCLE('',#2225,1.50971390765253);
#1972=CIRCLE('',#2226,1.20523);
#1973=CIRCLE('',#2227,1.445);
#1974=CIRCLE('',#2228,1.51);
#1975=CIRCLE('',#2229,0.8255);
#1976=CARTESIAN_POINT('',(6.29010876521313E-16,1.51,-0.52258330249198));
#1977=CARTESIAN_POINT('',(2.04682798650882E-16,1.51,-0.88983279170269));
#1978=CARTESIAN_POINT('',(2.15327144557134E-16,1.51,-0.71599168965342));
#1979=VECTOR('',#2230,1.0);
#1980=CARTESIAN_POINT('',(4.12091268218405E-16,-1.51,-0.52258330249198));
#1981=AXIS2_PLACEMENT_3D('',#2231,#2232,#2233);
#1982=CARTESIAN_POINT('',(4.16846837586097E-16,-1.51,-0.88983279170269));
#1983=CARTESIAN_POINT('',(5.85170477899634E-16,-1.51,-0.71599168965342));
#1984=VECTOR('',#2234,1.0);
#1985=AXIS2_PLACEMENT_3D('',#2235,#2236,#2237);
#1986=CARTESIAN_POINT('',(0.825499999999999,-1.12654844379275E-16,-2.6));
#1987=CARTESIAN_POINT('',(0.825499999999999,-1.12654844379275E-16,-2.82956));
#1988=VECTOR('',#2238,1.0);
#1989=CARTESIAN_POINT('',(-0.825500000000001,-1.36856798919588E-16,-2.6));
#1990=AXIS2_PLACEMENT_3D('',#2239,#2240,#2241);
#1991=CARTESIAN_POINT('',(-0.825500000000001,-3.14844030918503E-16,-2.82956));
#1992=VECTOR('',#2242,1.0);
#1993=CARTESIAN_POINT('',(2.6712774737327E-16,1.445,-0.1778));
#1994=CARTESIAN_POINT('',(6.21050672326855E-16,1.445,-0.28));
#1995=CARTESIAN_POINT('',(2.6712774737327E-16,1.445,-0.19));
#1996=VECTOR('',#2243,1.0);
#1997=CARTESIAN_POINT('',(4.44089209850063E-16,-1.445,-0.1778));
#1998=AXIS2_PLACEMENT_3D('',#2244,#2245,#2246);
#1999=CARTESIAN_POINT('',(4.2694472089655E-16,-1.445,-0.28));
#2000=CARTESIAN_POINT('',(6.21050672326855E-16,-1.445,-0.19));
#2001=VECTOR('',#2247,1.0);
#2002=AXIS2_PLACEMENT_3D('',#2248,#2249,#2250);
#2003=CARTESIAN_POINT('',(2.6712774737327E-16,-1.445,-0.28));
#2004=VECTOR('',#2251,1.0);
#2005=CARTESIAN_POINT('',(6.21050672326855E-16,1.445,-0.28));
#2006=VECTOR('',#2252,1.0);
#2007=CARTESIAN_POINT('',(1.20523,-4.87447874268756E-18,-1.00076));
#2008=CARTESIAN_POINT('',(1.20523,9.30474945216574E-17,-2.6));
#2009=CARTESIAN_POINT('',(1.20523,4.4086507889485E-17,-1.80038));
#2010=VECTOR('',#2253,1.0);
#2011=CARTESIAN_POINT('',(2.35214250943862E-16,1.20523,-1.00076));
#2012=AXIS2_PLACEMENT_3D('',#2254,#2255,#2256);
#2013=CARTESIAN_POINT('',(-1.20523,-3.00070691089961E-16,-1.00076));
#2014=AXIS2_PLACEMENT_3D('',#2257,#2258,#2259);
#2015=CARTESIAN_POINT('',(-1.20523,-5.45506116519796E-17,-2.6));
#2016=CARTESIAN_POINT('',(-1.20523,-2.51109704457788E-16,-1.80038));
#2017=VECTOR('',#2260,1.0);
#2018=AXIS2_PLACEMENT_3D('',#2261,#2262,#2263);
#2019=CARTESIAN_POINT('',(2.59202579386572E-16,1.50971390765253,2.27890366672957E-48));
#2020=CARTESIAN_POINT('',(2.74632052389607E-16,1.38372269929941,-0.346158));
#2021=VECTOR('',#2264,1.0);
#2022=CARTESIAN_POINT('',(4.44089209850063E-16,-1.50971390765253,0.0));
#2023=AXIS2_PLACEMENT_3D('',#2265,#2266,#2267);
#2024=CARTESIAN_POINT('',(6.13546367310519E-16,-1.38372269929941,-0.346158));
#2025=VECTOR('',#2268,1.0);
#2026=CARTESIAN_POINT('',(2.35214250943862E-16,1.20523,-1.00076));
#2027=VECTOR('',#2269,1.0);
#2028=CARTESIAN_POINT('',(4.13450783483781E-16,-1.20523,-1.00076));
#2029=CARTESIAN_POINT('',(5.30410463291135E-16,-1.20523,-1.00076));
#2030=VECTOR('',#2270,1.0);
#2031=AXIS2_PLACEMENT_3D('',#2271,#2272,#2273);
#2032=CARTESIAN_POINT('',(1.22622964039818E-16,-1.75,1.90630745590429E-63));
#2033=CARTESIAN_POINT('',(1.22622964039818E-16,-1.75,-2.991014760698));
#2034=CARTESIAN_POINT('',(1.22622964039818E-16,-1.75,-0.918174260698));
#2035=VECTOR('',#2274,1.0);
#2036=CARTESIAN_POINT('',(5.51242265809521E-16,1.75,0.0));
#2037=AXIS2_PLACEMENT_3D('',#2275,#2276,#2277);
#2038=CARTESIAN_POINT('',(5.51242265809521E-16,1.75,-2.991014760698));
#2039=CARTESIAN_POINT('',(7.65555455660308E-16,1.75,-0.918174260698));
#2040=VECTOR('',#2278,1.0);
#2041=CARTESIAN_POINT('',(-1.75,-2.4491476555144E-16,-2.991014760698));
#2042=AXIS2_PLACEMENT_3D('',#2279,#2280,#2281);
#2043=AXIS2_PLACEMENT_3D('',#2282,#2283,#2284);
#2044=CARTESIAN_POINT('',(-1.2,-2.06,-4.741014760698));
#2045=CARTESIAN_POINT('',(-1.2,-2.03,-4.741014760698));
#2046=VECTOR('',#2285,1.0);
#2047=CARTESIAN_POINT('',(1.2,-2.06,-4.741014760698));
#2048=AXIS2_PLACEMENT_3D('',#2286,#2287,#2288);
#2049=CARTESIAN_POINT('',(1.2,-2.03,-4.741014760698));
#2050=VECTOR('',#2289,1.0);
#2051=AXIS2_PLACEMENT_3D('',#2290,#2291,#2292);
#2052=CARTESIAN_POINT('',(1.02,-4.2,-3.721014760698));
#2053=CARTESIAN_POINT('',(1.52,-4.2,-3.721014760698));
#2054=CARTESIAN_POINT('',(7.01256544152762E-16,-4.2,-3.721014760698));
#2055=VECTOR('',#2293,1000.0);
#2056=CARTESIAN_POINT('',(1.02,-2.06,-3.721014760698));
#2057=CARTESIAN_POINT('',(1.02,7.65444023269333E-17,-3.721014760698));
#2058=VECTOR('',#2294,1000.0);
#2059=CARTESIAN_POINT('',(1.52,-2.06,-3.721014760698));
#2060=CARTESIAN_POINT('',(5.70223664293768E-16,-2.06,-3.721014760698));
#2061=VECTOR('',#2295,1000.0);
#2062=CARTESIAN_POINT('',(1.52,1.07159561172493E-16,-3.721014760698));
#2063=VECTOR('',#2296,1000.0);
#2064=CARTESIAN_POINT('',(1.02,-4.2,-6.261014760698));
#2065=CARTESIAN_POINT('',(1.02,-4.2,-5.761014760698));
#2066=CARTESIAN_POINT('',(1.02,-4.2,-2.131014760698));
#2067=VECTOR('',#2297,1000.0);
#2068=CARTESIAN_POINT('',(1.02,-2.06,-5.761014760698));
#2069=CARTESIAN_POINT('',(1.02,2.01454250416817E-16,-5.761014760698));
#2070=VECTOR('',#2298,1000.0);
#2071=CARTESIAN_POINT('',(1.02,-2.06,-6.261014760698));
#2072=CARTESIAN_POINT('',(1.02,-2.06,-2.131014760698));
#2073=VECTOR('',#2299,1000.0);
#2074=CARTESIAN_POINT('',(1.02,2.32069409262375E-16,-6.261014760698));
#2075=VECTOR('',#2300,1000.0);
#2076=CARTESIAN_POINT('',(1.52,-4.2,-6.261014760698));
#2077=CARTESIAN_POINT('',(7.01256544152762E-16,-4.2,-6.261014760698));
#2078=VECTOR('',#2301,1000.0);
#2079=CARTESIAN_POINT('',(1.52,-2.06,-6.261014760698));
#2080=CARTESIAN_POINT('',(5.70223664293768E-16,-2.06,-6.261014760698));
#2081=VECTOR('',#2302,1000.0);
#2082=CARTESIAN_POINT('',(1.52,2.62684568107936E-16,-6.261014760698));
#2083=VECTOR('',#2303,1000.0);
#2084=CARTESIAN_POINT('',(1.52,-4.2,-5.761014760698));
#2085=CARTESIAN_POINT('',(1.52,-4.2,-2.131014760698));
#2086=VECTOR('',#2304,1000.0);
#2087=CARTESIAN_POINT('',(1.52,-2.06,-5.761014760698));
#2088=CARTESIAN_POINT('',(1.52,-2.06,-2.131014760698));
#2089=VECTOR('',#2305,1000.0);
#2090=CARTESIAN_POINT('',(1.52,2.32069409262375E-16,-5.761014760698));
#2091=VECTOR('',#2306,1000.0);
#2092=CARTESIAN_POINT('',(7.01256544152762E-16,-4.2,-5.761014760698));
#2093=VECTOR('',#2307,1000.0);
#2094=CARTESIAN_POINT('',(5.70223664293768E-16,-2.06,-5.761014760698));
#2095=VECTOR('',#2308,1000.0);
#2096=CARTESIAN_POINT('',(-1.52,-4.2,-5.761014760698));
#2097=CARTESIAN_POINT('',(-1.52,-4.2,-6.261014760698));
#2098=CARTESIAN_POINT('',(-1.52,-4.2,-2.131014760698));
#2099=VECTOR('',#2309,1000.0);
#2100=CARTESIAN_POINT('',(-1.52,-2.06,-5.761014760698));
#2101=CARTESIAN_POINT('',(-1.52,4.59292434813743E-17,-5.761014760698));
#2102=VECTOR('',#2310,1000.0);
#2103=CARTESIAN_POINT('',(-1.52,-2.06,-6.261014760698));
#2104=CARTESIAN_POINT('',(-1.52,-2.06,-2.131014760698));
#2105=VECTOR('',#2311,1000.0);
#2106=CARTESIAN_POINT('',(-1.52,7.65444023269333E-17,-6.261014760698));
#2107=VECTOR('',#2312,1000.0);
#2108=CARTESIAN_POINT('',(-1.02,-2.06,-6.261014760698));
#2109=CARTESIAN_POINT('',(5.70223664293768E-16,-2.06,-6.261014760698));
#2110=VECTOR('',#2313,1000.0);
#2111=CARTESIAN_POINT('',(-1.02,-4.2,-6.261014760698));
#2112=CARTESIAN_POINT('',(-1.02,1.07159561172493E-16,-6.261014760698));
#2113=VECTOR('',#2314,1000.0);
#2114=CARTESIAN_POINT('',(7.01256544152762E-16,-4.2,-6.261014760698));
#2115=VECTOR('',#2315,1000.0);
#2116=CARTESIAN_POINT('',(-1.02,-4.2,-5.761014760698));
#2117=CARTESIAN_POINT('',(-1.02,-4.2,-2.131014760698));
#2118=VECTOR('',#2316,1000.0);
#2119=CARTESIAN_POINT('',(-1.02,-2.06,-5.761014760698));
#2120=CARTESIAN_POINT('',(-1.02,-2.06,-2.131014760698));
#2121=VECTOR('',#2317,1000.0);
#2122=CARTESIAN_POINT('',(-1.02,7.65444023269333E-17,-5.761014760698));
#2123=VECTOR('',#2318,1000.0);
#2124=CARTESIAN_POINT('',(7.01256544152762E-16,-4.2,-5.761014760698));
#2125=VECTOR('',#2319,1000.0);
#2126=CARTESIAN_POINT('',(5.70223664293768E-16,-2.06,-5.761014760698));
#2127=VECTOR('',#2320,1000.0);
#2128=CARTESIAN_POINT('',(-1.52,-2.06,-3.221014760698));
#2129=CARTESIAN_POINT('',(-1.52,-2.06,-3.721014760698));
#2130=CARTESIAN_POINT('',(-1.52,-2.06,-2.131014760698));
#2131=VECTOR('',#2321,1000.0);
#2132=CARTESIAN_POINT('',(-1.02,-2.06,-3.221014760698));
#2133=CARTESIAN_POINT('',(5.70223664293768E-16,-2.06,-3.221014760698));
#2134=VECTOR('',#2322,1000.0);
#2135=CARTESIAN_POINT('',(-1.02,-2.06,-3.721014760698));
#2136=CARTESIAN_POINT('',(-1.02,-2.06,-2.131014760698));
#2137=VECTOR('',#2323,1000.0);
#2138=CARTESIAN_POINT('',(5.70223664293768E-16,-2.06,-3.721014760698));
#2139=VECTOR('',#2324,1000.0);
#2140=CARTESIAN_POINT('',(1.02,-2.06,-3.221014760698));
#2141=CARTESIAN_POINT('',(1.02,-2.06,-2.131014760698));
#2142=VECTOR('',#2325,1000.0);
#2143=CARTESIAN_POINT('',(1.52,-2.06,-3.221014760698));
#2144=CARTESIAN_POINT('',(5.70223664293768E-16,-2.06,-3.221014760698));
#2145=VECTOR('',#2326,1000.0);
#2146=CARTESIAN_POINT('',(1.52,-2.06,-2.131014760698));
#2147=VECTOR('',#2327,1000.0);
#2148=CARTESIAN_POINT('',(1.75,-2.06,-6.491014760698));
#2149=CARTESIAN_POINT('',(1.75,-2.06,-2.991014760698));
#2150=CARTESIAN_POINT('',(1.75,-2.06,-2.131014760698));
#2151=VECTOR('',#2328,1000.0);
#2152=CARTESIAN_POINT('',(-1.75,-2.06,-2.991014760698));
#2153=CARTESIAN_POINT('',(5.70223664293768E-16,-2.06,-2.991014760698));
#2154=VECTOR('',#2329,1000.0);
#2155=CARTESIAN_POINT('',(-1.75,-2.06,-6.491014760698));
#2156=CARTESIAN_POINT('',(-1.75,-2.06,-2.131014760698));
#2157=VECTOR('',#2330,1000.0);
#2158=CARTESIAN_POINT('',(5.70223664293768E-16,-2.06,-6.491014760698));
#2159=VECTOR('',#2331,1000.0);
#2160=CARTESIAN_POINT('',(-1.52,-4.2,-3.721014760698));
#2161=CARTESIAN_POINT('',(-1.52,-7.89806046085084E-17,-3.721014760698));
#2162=VECTOR('',#2332,1000.0);
#2163=CARTESIAN_POINT('',(-1.02,-4.2,-3.721014760698));
#2164=CARTESIAN_POINT('',(-1.02,-4.8365445762949E-17,-3.721014760698));
#2165=VECTOR('',#2333,1000.0);
#2166=CARTESIAN_POINT('',(7.01256544152762E-16,-4.2,-3.721014760698));
#2167=VECTOR('',#2334,1000.0);
#2168=CARTESIAN_POINT('',(-1.02,-4.2,-3.221014760698));
#2169=CARTESIAN_POINT('',(-1.02,-7.89806046085084E-17,-3.221014760698));
#2170=VECTOR('',#2335,1000.0);
#2171=CARTESIAN_POINT('',(-1.52,-4.2,-3.221014760698));
#2172=CARTESIAN_POINT('',(-1.52,-1.09595763454068E-16,-3.221014760698));
#2173=VECTOR('',#2336,1000.0);
#2174=CARTESIAN_POINT('',(7.01256544152762E-16,-4.2,-3.221014760698));
#2175=VECTOR('',#2337,1000.0);
#2176=CARTESIAN_POINT('',(-1.02,-4.2,-2.131014760698));
#2177=VECTOR('',#2338,1000.0);
#2178=CARTESIAN_POINT('',(-1.52,-4.2,-2.131014760698));
#2179=VECTOR('',#2339,1000.0);
#2180=CARTESIAN_POINT('',(1.75,1.75,-2.991014760698));
#2181=CARTESIAN_POINT('',(1.75,1.75,-6.491014760698));
#2182=CARTESIAN_POINT('',(1.75,1.75,-2.131014760698));
#2183=VECTOR('',#2340,1000.0);
#2184=CARTESIAN_POINT('',(-1.75,1.75,-6.491014760698));
#2185=CARTESIAN_POINT('',(3.36936153890605E-16,1.75,-6.491014760698));
#2186=VECTOR('',#2341,1000.0);
#2187=CARTESIAN_POINT('',(-1.75,1.75,-2.991014760698));
#2188=CARTESIAN_POINT('',(-1.75,1.75,-2.131014760698));
#2189=VECTOR('',#2342,1000.0);
#2190=CARTESIAN_POINT('',(3.36936153890605E-16,1.75,-2.991014760698));
#2191=VECTOR('',#2343,1000.0);
#2192=CARTESIAN_POINT('',(3.36936153890605E-16,1.75,-2.991014760698));
#2193=VECTOR('',#2344,1000.0);
#2194=CARTESIAN_POINT('',(1.75,1.75,-6.491014760698));
#2195=VECTOR('',#2345,1000.0);
#2196=CARTESIAN_POINT('',(1.75,-3.06086536325244E-17,-2.991014760698));
#2197=CARTESIAN_POINT('',(1.75,7.65444023269333E-17,-2.991014760698));
#2198=VECTOR('',#2346,1000.0);
#2199=CARTESIAN_POINT('',(1.75,7.65444023269333E-17,-2.991014760698));
#2200=VECTOR('',#2347,1000.0);
#2201=CARTESIAN_POINT('',(1.02,-4.2,-3.221014760698));
#2202=CARTESIAN_POINT('',(1.02,-4.2,-2.131014760698));
#2203=VECTOR('',#2348,1000.0);
#2204=CARTESIAN_POINT('',(1.02,4.59292434813743E-17,-3.221014760698));
#2205=VECTOR('',#2349,1000.0);
#2206=CARTESIAN_POINT('',(1.52,-4.2,-3.221014760698));
#2207=CARTESIAN_POINT('',(1.52,7.65444023269333E-17,-3.221014760698));
#2208=VECTOR('',#2350,1000.0);
#2209=CARTESIAN_POINT('',(1.52,-4.2,-2.131014760698));
#2210=VECTOR('',#2351,1000.0);
#2211=CARTESIAN_POINT('',(7.01256544152762E-16,-4.2,-3.221014760698));
#2212=VECTOR('',#2352,1000.0);
#2213=CARTESIAN_POINT('',(-1.75,-1.37761709591982E-16,-2.991014760698));
#2214=VECTOR('',#2353,1000.0);
#2215=CARTESIAN_POINT('',(-1.75,-1.37761709591982E-16,-2.991014760698));
#2216=VECTOR('',#2354,1000.0);
#2217=CARTESIAN_POINT('',(-1.75,1.75,-6.491014760698));
#2218=VECTOR('',#2355,1000.0);
#2219=AXIS2_PLACEMENT_3D('',#2356,#2357,#2358);
#2220=AXIS2_PLACEMENT_3D('',#2359,#2360,#2361);
#2221=AXIS2_PLACEMENT_3D('',#2362,#2363,#2364);
#2222=AXIS2_PLACEMENT_3D('',#2365,#2366,#2367);
#2223=AXIS2_PLACEMENT_3D('',#2368,#2369,#2370);
#2224=AXIS2_PLACEMENT_3D('',#2371,#2372,#2373);
#2225=AXIS2_PLACEMENT_3D('',#2374,#2375,#2376);
#2226=AXIS2_PLACEMENT_3D('',#2377,#2378,#2379);
#2227=AXIS2_PLACEMENT_3D('',#2380,#2381,#2382);
#2228=AXIS2_PLACEMENT_3D('',#2383,#2384,#2385);
#2229=AXIS2_PLACEMENT_3D('',#2386,#2387,#2388);
#2230=DIRECTION('',(-6.12303176911189E-17,-0.0,-1.0));
#2231=CARTESIAN_POINT('',(4.44089209850063E-16,-1.81751496017231E-16,-0.52258330249198));
#2232=DIRECTION('',(1.29751266991278E-33,-2.7495188528613E-50,1.0));
#2233=DIRECTION('',(-2.119068982229E-17,-1.0,0.0));
#2234=DIRECTION('',(6.12303176911189E-17,-0.0,1.0));
#2235=CARTESIAN_POINT('',(4.16846837586097E-16,-1.86507065384924E-16,-0.88983279170269));
#2236=DIRECTION('',(3.06151588455594E-17,0.0,1.0));
#2237=DIRECTION('',(0.0,-1.0,0.0));
#2238=DIRECTION('',(-0.0,-0.0,-1.0));
#2239=CARTESIAN_POINT('',(-8.88178419700127E-16,-1.36856798919588E-16,-2.6));
#2240=DIRECTION('',(0.0,0.0,1.0));
#2241=DIRECTION('',(-1.0,0.0,0.0));
#2242=DIRECTION('',(-0.0,-0.0,1.0));
#2243=DIRECTION('',(0.0,-0.0,-1.0));
#2244=CARTESIAN_POINT('',(4.44089209850063E-16,-2.02862687163408E-16,-0.1778));
#2245=DIRECTION('',(6.16297582203915E-33,0.0,1.0));
#2246=DIRECTION('',(0.0,-1.0,0.0));
#2247=DIRECTION('',(0.0,-0.0,1.0));
#2248=CARTESIAN_POINT('',(4.44089209850063E-16,-1.96604948695375E-16,-0.28));
#2249=DIRECTION('',(7.26479242405185E-34,-8.61945698710888E-51,1.0));
#2250=DIRECTION('',(-1.18646982377254E-17,-1.0,-1.64283178992384E-66));
#2251=DIRECTION('',(3.16961915143177E-17,0.258819045102522,0.965925826289068));
#2252=DIRECTION('',(3.16961915143177E-17,0.258819045102521,-0.965925826289068));
#2253=DIRECTION('',(-0.0,6.12303176911189E-17,-1.0));
#2254=CARTESIAN_POINT('',(4.13450783483781E-16,-1.83111011282607E-16,-1.00076));
#2255=DIRECTION('',(3.06151588455594E-17,0.0,1.0));
#2256=DIRECTION('',(0.0,-1.0,0.0));
#2257=CARTESIAN_POINT('',(4.13450783483781E-16,-1.83111011282607E-16,-1.00076));
#2258=DIRECTION('',(3.06151588455594E-17,0.0,1.0));
#2259=DIRECTION('',(0.0,-1.0,0.0));
#2260=DIRECTION('',(-0.0,-6.12303176911189E-17,1.0));
#2261=CARTESIAN_POINT('',(4.44089209850063E-16,-5.45506116519796E-17,-2.6));
#2262=DIRECTION('',(0.0,-6.12303176911189E-17,1.0));
#2263=DIRECTION('',(-1.0,0.0,0.0));
#2264=DIRECTION('',(4.18853873767699E-17,-0.342020143325669,-0.939692620785908));
#2265=CARTESIAN_POINT('',(4.44089209850063E-16,-2.13749437648889E-16,0.0));
#2266=DIRECTION('',(1.23259516440783E-32,0.0,1.0));
#2267=DIRECTION('',(0.0,-1.0,0.0));
#2268=DIRECTION('',(4.18853873767699E-17,-0.342020143325669,0.939692620785908));
#2269=DIRECTION('',(9.41371539901923E-17,-0.939692620785908,-0.342020143325669));
#2270=DIRECTION('',(1.36021158055378E-16,-0.939692620785908,0.342020143325669));
#2271=CARTESIAN_POINT('',(4.13450783483781E-16,-1.83111011282607E-16,-1.00076));
#2272=DIRECTION('',(3.06151588455594E-17,0.0,1.0));
#2273=DIRECTION('',(0.0,-1.0,0.0));
#2274=DIRECTION('',(-8.89496095518683E-48,5.44641285136188E-64,-1.0));
#2275=CARTESIAN_POINT('',(4.44089209850063E-16,-2.13749437648889E-16,0.0));
#2276=DIRECTION('',(-8.89496095518683E-48,5.44641285136188E-64,-1.0));
#2277=DIRECTION('',(6.12303176911189E-17,1.0,0.0));
#2278=DIRECTION('',(8.89496095518683E-48,-5.44641285136188E-64,1.0));
#2279=CARTESIAN_POINT('',(4.44089209850063E-16,-3.06086536325244E-17,-2.991014760698));
#2280=DIRECTION('',(3.79348819786792E-33,6.19544098563145E-17,-1.0));
#2281=DIRECTION('',(6.12303176911189E-17,1.0,6.19544098563145E-17));
#2282=CARTESIAN_POINT('',(4.44089209850063E-16,-3.06086536325244E-17,-2.991014760698));
#2283=DIRECTION('',(3.79348819786792E-33,6.19544098563145E-17,-1.0));
#2284=DIRECTION('',(6.12303176911189E-17,1.0,6.19544098563145E-17));
#2285=DIRECTION('',(0.0,1.0,-6.12303176911189E-17));
#2286=CARTESIAN_POINT('',(3.33066907387547E-16,-2.06,-4.741014760698));
#2287=DIRECTION('',(0.0,-1.0,6.12303176911189E-17));
#2288=DIRECTION('',(1.0,0.0,0.0));
#2289=DIRECTION('',(0.0,-1.0,6.12303176911189E-17));
#2290=CARTESIAN_POINT('',(3.33066907387547E-16,-2.06,-4.741014760698));
#2291=DIRECTION('',(0.0,-1.0,6.12303176911189E-17));
#2292=DIRECTION('',(1.0,0.0,0.0));
#2293=DIRECTION('',(1.0,6.12303176911189E-17,0.0));
#2294=DIRECTION('',(0.0,1.0,6.12303176911189E-17));
#2295=DIRECTION('',(1.0,0.0,-3.74915180455534E-33));
#2296=DIRECTION('',(0.0,-1.0,-6.12303176911189E-17));
#2297=DIRECTION('',(6.84227765783602E-49,-6.12303176911189E-17,1.0));
#2298=DIRECTION('',(0.0,1.0,6.12303176911189E-17));
#2299=DIRECTION('',(-6.16297582203916E-33,-3.77360967506142E-49,-1.0));
#2300=DIRECTION('',(0.0,1.0,6.12303176911189E-17));
#2301=DIRECTION('',(-1.0,-6.12303176911189E-17,0.0));
#2302=DIRECTION('',(1.0,0.0,-3.74915180455534E-33));
#2303=DIRECTION('',(0.0,-1.0,-6.12303176911189E-17));
#2304=DIRECTION('',(6.84227765783602E-49,-6.12303176911189E-17,1.0));
#2305=DIRECTION('',(6.16297582203916E-33,3.77360967506142E-49,1.0));
#2306=DIRECTION('',(0.0,1.0,6.12303176911189E-17));
#2307=DIRECTION('',(1.0,6.12303176911189E-17,0.0));
#2308=DIRECTION('',(-1.0,0.0,3.74915180455534E-33));
#2309=DIRECTION('',(-6.84227765783602E-49,6.12303176911189E-17,-1.0));
#2310=DIRECTION('',(0.0,-1.0,-6.12303176911189E-17));
#2311=DIRECTION('',(-6.16297582203916E-33,-3.77360967506142E-49,-1.0));
#2312=DIRECTION('',(0.0,1.0,6.12303176911189E-17));
#2313=DIRECTION('',(1.0,0.0,-3.74915180455534E-33));
#2314=DIRECTION('',(0.0,-1.0,-6.12303176911189E-17));
#2315=DIRECTION('',(-1.0,-6.12303176911189E-17,0.0));
#2316=DIRECTION('',(-6.84227765783602E-49,6.12303176911189E-17,-1.0));
#2317=DIRECTION('',(6.16297582203916E-33,3.77360967506142E-49,1.0));
#2318=DIRECTION('',(0.0,-1.0,-6.12303176911189E-17));
#2319=DIRECTION('',(-1.0,-6.12303176911189E-17,0.0));
#2320=DIRECTION('',(-1.0,0.0,3.74915180455534E-33));
#2321=DIRECTION('',(-6.16297582203916E-33,-3.77360967506142E-49,-1.0));
#2322=DIRECTION('',(-1.0,0.0,3.74915180455534E-33));
#2323=DIRECTION('',(6.16297582203916E-33,3.77360967506142E-49,1.0));
#2324=DIRECTION('',(1.0,0.0,-3.74915180455534E-33));
#2325=DIRECTION('',(-6.16297582203916E-33,-3.77360967506142E-49,-1.0));
#2326=DIRECTION('',(-1.0,0.0,3.74915180455534E-33));
#2327=DIRECTION('',(6.16297582203916E-33,3.77360967506142E-49,1.0));
#2328=DIRECTION('',(6.84227765783602E-49,-1.23259516440783E-32,1.0));
#2329=DIRECTION('',(-1.0,1.23259516440783E-32,-2.41382401748381E-33));
#2330=DIRECTION('',(6.84227765783602E-49,-1.23259516440783E-32,1.0));
#2331=DIRECTION('',(1.0,6.12303176911189E-17,0.0));
#2332=DIRECTION('',(0.0,-1.0,-6.12303176911189E-17));
#2333=DIRECTION('',(0.0,-1.0,-6.12303176911189E-17));
#2334=DIRECTION('',(1.0,6.12303176911189E-17,0.0));
#2335=DIRECTION('',(0.0,1.0,6.12303176911189E-17));
#2336=DIRECTION('',(0.0,1.0,6.12303176911189E-17));
#2337=DIRECTION('',(-1.0,-6.12303176911189E-17,0.0));
#2338=DIRECTION('',(6.84227765783602E-49,-6.12303176911189E-17,1.0));
#2339=DIRECTION('',(-6.84227765783602E-49,6.12303176911189E-17,-1.0));
#2340=DIRECTION('',(-3.74915180455534E-33,6.12303176911189E-17,-1.0));
#2341=DIRECTION('',(-1.0,-6.12303176911189E-17,0.0));
#2342=DIRECTION('',(-3.74915180455534E-33,6.12303176911189E-17,-1.0));
#2343=DIRECTION('',(1.0,6.12303176911189E-17,0.0));
#2344=DIRECTION('',(1.0,6.12303176911189E-17,0.0));
#2345=DIRECTION('',(6.12303176911189E-17,-1.0,-6.12303176911189E-17));
#2346=DIRECTION('',(6.12303176911189E-17,-1.0,0.0));
#2347=DIRECTION('',(6.12303176911189E-17,-1.0,0.0));
#2348=DIRECTION('',(-6.84227765783602E-49,6.12303176911189E-17,-1.0));
#2349=DIRECTION('',(0.0,1.0,6.12303176911189E-17));
#2350=DIRECTION('',(0.0,-1.0,-6.12303176911189E-17));
#2351=DIRECTION('',(6.84227765783602E-49,-6.12303176911189E-17,1.0));
#2352=DIRECTION('',(-1.0,-6.12303176911189E-17,0.0));
#2353=DIRECTION('',(-6.12303176911189E-17,1.0,0.0));
#2354=DIRECTION('',(-6.12303176911189E-17,1.0,0.0));
#2355=DIRECTION('',(6.12303176911189E-17,-1.0,-6.12303176911189E-17));
#2356=CARTESIAN_POINT('',(4.44089209850063E-16,-3.06086536325244E-17,-2.991014760698));
#2357=DIRECTION('',(3.79348819786792E-33,6.19544098563145E-17,-1.0));
#2358=DIRECTION('',(6.12303176911189E-17,1.0,6.19544098563145E-17));
#2359=CARTESIAN_POINT('',(4.44089209850063E-16,-3.06086536325244E-17,-2.991014760698));
#2360=DIRECTION('',(3.79348819786792E-33,6.19544098563145E-17,-1.0));
#2361=DIRECTION('',(6.12303176911189E-17,1.0,6.19544098563145E-17));
#2362=CARTESIAN_POINT('',(4.44089209850063E-16,-2.13749437648889E-16,0.0));
#2363=DIRECTION('',(-8.89496095518683E-48,5.44641285136188E-64,-1.0));
#2364=DIRECTION('',(6.12303176911189E-17,1.0,0.0));
#2365=CARTESIAN_POINT('',(4.13450783483781E-16,-1.83111011282607E-16,-1.00076));
#2366=DIRECTION('',(3.06151588455594E-17,0.0,1.0));
#2367=DIRECTION('',(0.0,-1.0,0.0));
#2368=CARTESIAN_POINT('',(4.16846837586097E-16,-1.86507065384924E-16,-0.88983279170269));
#2369=DIRECTION('',(3.06151588455594E-17,0.0,1.0));
#2370=DIRECTION('',(0.0,-1.0,0.0));
#2371=CARTESIAN_POINT('',(4.44089209850063E-16,-2.02862687163408E-16,-0.1778));
#2372=DIRECTION('',(6.16297582203915E-33,0.0,1.0));
#2373=DIRECTION('',(0.0,-1.0,0.0));
#2374=CARTESIAN_POINT('',(4.44089209850063E-16,-2.13749437648889E-16,0.0));
#2375=DIRECTION('',(1.23259516440783E-32,0.0,1.0));
#2376=DIRECTION('',(0.0,-1.0,0.0));
#2377=CARTESIAN_POINT('',(4.44089209850063E-16,-5.45506116519796E-17,-2.6));
#2378=DIRECTION('',(0.0,-6.12303176911189E-17,1.0));
#2379=DIRECTION('',(-1.0,0.0,0.0));
#2380=CARTESIAN_POINT('',(4.44089209850063E-16,-1.96604948695375E-16,-0.28));
#2381=DIRECTION('',(7.26479242405185E-34,-8.61945698710888E-51,1.0));
#2382=DIRECTION('',(-1.18646982377254E-17,-1.0,-1.64283178992384E-66));
#2383=CARTESIAN_POINT('',(4.44089209850063E-16,-1.81751496017231E-16,-0.52258330249198));
#2384=DIRECTION('',(1.29751266991278E-33,-2.7495188528613E-50,1.0));
#2385=DIRECTION('',(-2.119068982229E-17,-1.0,0.0));
#2386=CARTESIAN_POINT('',(-8.88178419700127E-16,-1.36856798919588E-16,-2.6));
#2387=DIRECTION('',(0.0,0.0,1.0));
#2388=DIRECTION('',(-1.0,0.0,0.0));
#2389=PRESENTATION_LAYER_ASSIGNMENT('','',(#49,#51,#53,#55,#57,#59,#61,#63,#65,#67,#69,#71,#73,#75,#77,#79,#81,#83,#85,#87,#89,#91,#93,#95,#97,#277,#278,#279,#280,#281,#282,#283,#284,#285,#286,#287,#288,#289,#290,#291,#292,#293,#294,#295,#296,#297,#298,#299,#300,#301,#302,#303,#304,#305,#306,#307,#308,#309,#310,#311,#312,#313,#314,#315,#316,#317,#318,#319,#320,#321,#322,#323,#324,#638,#641,#642,#644,#647,#651,#653,#654,#656,#657,#658,#660,#662,#663,#664,#665,#667,#669,#672,#673,#674,#675,#676,#678,#679,#681,#682,#683,#685,#686,#687,#689,#690,#691,#693,#694,#696,#697,#698,#700,#701,#702,#704,#705,#706,#708,#709,#711,#712,#821,#824,#829,#831,#841,#848,#852,#857,#865,#878,#879,#882,#883,#887,#888,#892,#893,#898,#900,#904,#906,#910,#911,#915,#916,#921,#923,#927,#929,#1588,#1590,#1592,#1595,#1597,#1601,#1602,#1604,#1606,#1610,#1612,#1614,#1615,#1617,#1619,#1620,#1621,#1622,#1623,#1624,#1625,#1626,#1627,#1628,#1629,#1630,#1631,#1632,#1633,#1634,#1635,#1636,#1637,#1638,#1639,#1640,#1641,#1642,#1643,#1644,#1645,#1646,#1647,#1648,#1649,#1650,#1651,#1652,#1653,#1654,#1655,#1656,#1657,#1658,#1659,#1660,#1661,#1662,#1663,#1664,#1665,#1666,#1667,#1668,#1669,#1670,#1671,#1672,#1673,#1674,#1675,#1676,#1677,#1678,#1679,#1680,#1681,#1682,#1683,#1684,#1685,#1686,#1687,#1688,#1689,#1690,#1691,#1692,#1693,#1806,#1808,#1813,#1819,#1821,#1833,#1838,#1842,#1848,#1850,#1852,#1857,#1861,#1862,#1864,#1866,#1869,#1870,#1872,#1874,#1877,#1879,#1882,#1884,#1889,#1890,#1892,#1894,#1897,#1899,#1902,#1904,#1909,#1910,#1912,#1914,#1917,#1919,#1922,#1923,#1925,#1927,#1930,#1932,#1935,#1937,#1942,#1943,#1945,#1947,#1952,#1955,#1958));
ENDSEC;
END-ISO-10303-21;
