ISO-10303-21;
HEADER;
FILE_DESCRIPTION (( 'STEP AP214' ),
    '1' );
FILE_NAME ('SDINBDG4-8G-XA2.STEP',
    '2026-06-09T14:37:28',
    ( 'LENOVO' ),
    ( '' ),
    'SwSTEP 2.0',
    'SolidWorks 2021',
    '' );
FILE_SCHEMA (( 'AUTOMOTIVE_DESIGN' ));
ENDSEC;

DATA;
#1 = PRESENTATION_LAYER_ASSIGNMENT (  '', '', ( #1261 ) ) ;
#2 = EDGE_CURVE ( 'NONE', #4242, #10690, #5048, .T. ) ;
#3 = EDGE_LOOP ( 'NONE', ( #13, #1933, #11206 ) ) ;
#4 =( LENGTH_UNIT ( ) NAMED_UNIT ( * ) SI_UNIT ( .MILLI., .METRE. ) );
#5 = EDGE_CURVE ( 'NONE', #7475, #11817, #9035, .T. ) ;
#6 =( GEOMETRIC_REPRESENTATION_CONTEXT ( 3 ) GLOBAL_UNCERTAINTY_ASSIGNED_CONTEXT ( ( #6598 ) ) GLOBAL_UNIT_ASSIGNED_CONTEXT ( ( #12776, #914, #11899 ) ) REPRESENTATION_CONTEXT ( 'NONE', 'WORKASPACE' ) );
#7 = ORIENTED_EDGE ( 'NONE', *, *, #1402, .T. ) ;
#8 = MECHANICAL_DESIGN_GEOMETRIC_PRESENTATION_REPRESENTATION (  '', ( #940 ), #322 ) ;
#9 = DIRECTION ( 'NONE',  ( 1.000000000000000000, 0.000000000000000000, 1.224646799147353207E-16 ) ) ;
#10 = SPHERICAL_SURFACE ( 'NONE', #10021, 0.1499999999999998557 ) ;
#11 = DIRECTION ( 'NONE',  ( -0.000000000000000000, 1.000000000000000000, 0.000000000000000000 ) ) ;
#12 = CARTESIAN_POINT ( 'NONE',  ( -1.249999999999999778, 1.355252715606880543E-16, -2.749999999999999556 ) ) ;
#13 = ORIENTED_EDGE ( 'NONE', *, *, #761, .F. ) ;
#14 = AXIS2_PLACEMENT_3D ( 'NONE', #3695, #12765, #8446 ) ;
#15 = CARTESIAN_POINT ( 'NONE',  ( -0.7499999999999997780, 0.2699999999999994071, -3.159999999999999254 ) ) ;
#16 = ORIENTED_EDGE ( 'NONE', *, *, #11307, .F. ) ;
#17 = CARTESIAN_POINT ( 'NONE',  ( 3.250000000000000888, 0.2699999999999994071, -1.839999999999999192 ) ) ;
#18 = CARTESIAN_POINT ( 'NONE',  ( -1.249999999999999778, 0.2699999999999994071, -1.159999999999999032 ) ) ;
#19 = SPHERICAL_SURFACE ( 'NONE', #11096, 0.1499999999999998557 ) ;
#20 =( NAMED_UNIT ( * ) PLANE_ANGLE_UNIT ( ) SI_UNIT ( $, .RADIAN. ) );
#21 = DIRECTION ( 'NONE',  ( 0.000000000000000000, 0.000000000000000000, -1.000000000000000000 ) ) ;
#22 = CARTESIAN_POINT ( 'NONE',  ( -0.7499999999999997780, 0.1499999999999999944, -2.749999999999999556 ) ) ;
#23 = CARTESIAN_POINT ( 'NONE',  ( -3.250000000000000000, 0.1499999999999999944, 1.750000000000000666 ) ) ;
#24 = CARTESIAN_POINT ( 'NONE',  ( 1.750000000000000222, 0.2699999999999994071, -3.249999999999999112 ) ) ;
#25 = DIRECTION ( 'NONE',  ( -0.000000000000000000, 1.000000000000000000, -0.000000000000000000 ) ) ;
#26 = AXIS2_PLACEMENT_3D ( 'NONE', #10154, #12777, #8063 ) ;
#27 = DIRECTION ( 'NONE',  ( 0.000000000000000000, 0.000000000000000000, 1.000000000000000000 ) ) ;
#28 = AXIS2_PLACEMENT_3D ( 'NONE', #10392, #9323, #11479 ) ;
#29 = VERTEX_POINT ( 'NONE', #9651 ) ;
#30 = CARTESIAN_POINT ( 'NONE',  ( 2.750000000000000444, 0.2699999999999994071, 1.660000000000000808 ) ) ;
#31 = ORIENTED_EDGE ( 'NONE', *, *, #10914, .F. ) ;
#32 = EDGE_CURVE ( 'NONE', #8987, #10250, #9013, .T. ) ;
#33 = DIRECTION ( 'NONE',  ( 0.000000000000000000, 0.000000000000000000, 1.000000000000000000 ) ) ;
#34 = MECHANICAL_DESIGN_GEOMETRIC_PRESENTATION_REPRESENTATION (  '', ( #513 ), #12296 ) ;
#35 = ORIENTED_EDGE ( 'NONE', *, *, #485, .T. ) ;
#36 = VERTEX_POINT ( 'NONE', #12637 ) ;
#37 = MECHANICAL_DESIGN_GEOMETRIC_PRESENTATION_REPRESENTATION (  '', ( #515 ), #8271 ) ;
#38 = FACE_OUTER_BOUND ( 'NONE', #11929, .T. ) ;
#39 = CARTESIAN_POINT ( 'NONE',  ( -1.749999999999999778, 0.1499999999999999944, 2.250000000000000444 ) ) ;
#40 = CARTESIAN_POINT ( 'NONE',  ( -2.750000000000000000, 0.1499999999999999944, -1.749999999999999334 ) ) ;
#41 = CIRCLE ( 'NONE', #4657, 0.1499999999999999667 ) ;
#42 = DIRECTION ( 'NONE',  ( 1.000000000000000000, 0.000000000000000000, -0.000000000000000000 ) ) ;
#43 = CIRCLE ( 'NONE', #3975, 0.08999999999999980238 ) ;
#44 = ADVANCED_FACE ( 'NONE', ( #580 ), #2639, .T. ) ;
#45 = DIRECTION ( 'NONE',  ( 1.000000000000000000, 0.000000000000000000, 1.224646799147353207E-16 ) ) ;
#46 = ADVANCED_FACE ( 'NONE', ( #336 ), #2548, .T. ) ;
#47 =( NAMED_UNIT ( * ) PLANE_ANGLE_UNIT ( ) SI_UNIT ( $, .RADIAN. ) );
#48 = ORIENTED_EDGE ( 'NONE', *, *, #141, .F. ) ;
#49 = DIRECTION ( 'NONE',  ( 0.000000000000000000, 1.000000000000000000, 0.000000000000000000 ) ) ;
#50 = ORIENTED_EDGE ( 'NONE', *, *, #11460, .T. ) ;
#51 = AXIS2_PLACEMENT_3D ( 'NONE', #9026, #9949, #127 ) ;
#52 = FILL_AREA_STYLE_COLOUR ( '', #7106 ) ;
#53 = FACE_OUTER_BOUND ( 'NONE', #3, .T. ) ;
#54 = EDGE_CURVE ( 'NONE', #2942, #8558, #9075, .T. ) ;
#55 = ORIENTED_EDGE ( 'NONE', *, *, #11697, .T. ) ;
#56 = AXIS2_PLACEMENT_3D ( 'NONE', #7779, #4759, #8759 ) ;
#57 = ADVANCED_FACE ( 'NONE', ( #9098 ), #4629, .T. ) ;
#58 = VERTEX_POINT ( 'NONE', #8645 ) ;
#59 = AXIS2_PLACEMENT_3D ( 'NONE', #2630, #12628, #6807 ) ;
#60 = DIRECTION ( 'NONE',  ( 0.000000000000000000, 0.000000000000000000, 1.000000000000000000 ) ) ;
#61 = CARTESIAN_POINT ( 'NONE',  ( -5.250000000000001776, 0.3200000000000000067, -6.494999999999999218 ) ) ;
#62 = FACE_OUTER_BOUND ( 'NONE', #7371, .T. ) ;
#63 = DIRECTION ( 'NONE',  ( 0.000000000000000000, 0.000000000000000000, 1.000000000000000000 ) ) ;
#64 = CIRCLE ( 'NONE', #8202, 0.08999999999999980238 ) ;
#65 = AXIS2_PLACEMENT_3D ( 'NONE', #6131, #7123, #9319 ) ;
#66 = DIRECTION ( 'NONE',  ( 0.000000000000000000, 0.000000000000000000, 1.000000000000000000 ) ) ;
#67 = ORIENTED_EDGE ( 'NONE', *, *, #11011, .F. ) ;
#68 = DIRECTION ( 'NONE',  ( 1.000000000000000000, 0.000000000000000000, -0.000000000000000000 ) ) ;
#69 = MECHANICAL_DESIGN_GEOMETRIC_PRESENTATION_REPRESENTATION (  '', ( #9524 ), #6119 ) ;
#70 = CLOSED_SHELL ( 'NONE', ( #11522, #4327, #12700 ) ) ;
#71 = DIRECTION ( 'NONE',  ( 0.000000000000000000, 0.000000000000000000, -1.000000000000000000 ) ) ;
#72 = FILL_AREA_STYLE ('',( #11209 ) ) ;
#73 = DIRECTION ( 'NONE',  ( 0.000000000000000000, 0.000000000000000000, -1.000000000000000000 ) ) ;
#74 = DIRECTION ( 'NONE',  ( -0.000000000000000000, 1.000000000000000000, -0.000000000000000000 ) ) ;
#75 = DIRECTION ( 'NONE',  ( -0.000000000000000000, 0.000000000000000000, 1.000000000000000000 ) ) ;
#76 = FACE_OUTER_BOUND ( 'NONE', #3970, .T. ) ;
#77 =( NAMED_UNIT ( * ) SI_UNIT ( $, .STERADIAN. ) SOLID_ANGLE_UNIT ( ) );
#78 = ORIENTED_EDGE ( 'NONE', *, *, #1729, .F. ) ;
#79 = CARTESIAN_POINT ( 'NONE',  ( 0.2500000000000002220, 0.2699999999999994071, 3.250000000000001776 ) ) ;
#80 = DIRECTION ( 'NONE',  ( 1.000000000000000000, 0.000000000000000000, 1.224646799147353207E-16 ) ) ;
#81 = VERTEX_POINT ( 'NONE', #11659 ) ;
#82 = EDGE_CURVE ( 'NONE', #9199, #2905, #9055, .T. ) ;
#83 = PRESENTATION_STYLE_ASSIGNMENT (( #12173 ) ) ;
#84 = FACE_OUTER_BOUND ( 'NONE', #6921, .T. ) ;
#85 = CARTESIAN_POINT ( 'NONE',  ( -1.249999999999999778, 0.1499999999999999944, 2.750000000000000888 ) ) ;
#86 = AXIS2_PLACEMENT_3D ( 'NONE', #10139, #8128, #9305 ) ;
#87 = AXIS2_PLACEMENT_3D ( 'NONE', #987, #12770, #12864 ) ;
#88 = ADVANCED_FACE ( 'NONE', ( #516 ), #446, .T. ) ;
#89 = COLOUR_RGB ( '',0.7921568627450980005, 0.8196078431372548767, 0.9333333333333333481 ) ;
#90 = UNCERTAINTY_MEASURE_WITH_UNIT (LENGTH_MEASURE( 1.000000000000000082E-05 ), #12445, 'distance_accuracy_value', 'NONE');
#91 = AXIS2_PLACEMENT_3D ( 'NONE', #4464, #2394, #9326 ) ;
#92 = UNCERTAINTY_MEASURE_WITH_UNIT (LENGTH_MEASURE( 1.000000000000000082E-05 ), #12715, 'distance_accuracy_value', 'NONE');
#93 = AXIS2_PLACEMENT_3D ( 'NONE', #3853, #9968, #2040 ) ;
#94 = EDGE_LOOP ( 'NONE', ( #269, #9261, #3257 ) ) ;
#95 = ORIENTED_EDGE ( 'NONE', *, *, #268, .T. ) ;
#96 = CIRCLE ( 'NONE', #5963, 0.08999999999999980238 ) ;
#97 = SURFACE_SIDE_STYLE ('',( #5761 ) ) ;
#98 = DIRECTION ( 'NONE',  ( 1.000000000000000000, 0.000000000000000000, -0.000000000000000000 ) ) ;
#99 = CLOSED_SHELL ( 'NONE', ( #2151, #6308, #44 ) ) ;
#100 = UNCERTAINTY_MEASURE_WITH_UNIT (LENGTH_MEASURE( 1.000000000000000082E-05 ), #145, 'distance_accuracy_value', 'NONE');
#101 = ORIENTED_EDGE ( 'NONE', *, *, #12108, .T. ) ;
#102 = DIRECTION ( 'NONE',  ( -0.000000000000000000, 1.000000000000000000, -0.000000000000000000 ) ) ;
#103 = LINE ( 'NONE', #10814, #210 ) ;
#104 = DIRECTION ( 'NONE',  ( 0.000000000000000000, 0.000000000000000000, 1.000000000000000000 ) ) ;
#105 = FACE_OUTER_BOUND ( 'NONE', #11233, .T. ) ;
#106 = CIRCLE ( 'NONE', #12704, 0.1499999999999998557 ) ;
#107 = PRESENTATION_LAYER_ASSIGNMENT (  '', '', ( #1660 ) ) ;
#108 =( NAMED_UNIT ( * ) PLANE_ANGLE_UNIT ( ) SI_UNIT ( $, .RADIAN. ) );
#109 = CARTESIAN_POINT ( 'NONE',  ( 2.750000000000000444, 0.2699999999999994071, -3.159999999999998810 ) ) ;
#110 = DIRECTION ( 'NONE',  ( 1.000000000000000000, 0.000000000000000000, -0.000000000000000000 ) ) ;
#111 = DIRECTION ( 'NONE',  ( 1.000000000000000000, 0.000000000000000000, -0.000000000000000000 ) ) ;
#112 = MANIFOLD_SOLID_BREP ( 'LPattern1[85]', #4445 ) ;
#113 = DIRECTION ( 'NONE',  ( -0.000000000000000000, 1.000000000000000000, -0.000000000000000000 ) ) ;
#114 = ORIENTED_EDGE ( 'NONE', *, *, #6153, .T. ) ;
#115 = VERTEX_POINT ( 'NONE', #3075 ) ;
#116 = DIRECTION ( 'NONE',  ( -0.000000000000000000, 1.000000000000000000, -0.000000000000000000 ) ) ;
#117 = ORIENTED_EDGE ( 'NONE', *, *, #1599, .T. ) ;
#118 = ORIENTED_EDGE ( 'NONE', *, *, #1852, .F. ) ;
#119 = CIRCLE ( 'NONE', #5321, 0.08999999999999980238 ) ;
#120 = FILL_AREA_STYLE ('',( #12033 ) ) ;
#121 = DIRECTION ( 'NONE',  ( 1.000000000000000000, 0.000000000000000000, 1.224646799147353207E-16 ) ) ;
#122 = DIRECTION ( 'NONE',  ( 0.000000000000000000, 0.000000000000000000, 1.000000000000000000 ) ) ;
#123 = DIRECTION ( 'NONE',  ( 0.000000000000000000, 0.000000000000000000, 1.000000000000000000 ) ) ;
#124 = COLOUR_RGB ( '',0.2509803921568627416, 0.2509803921568627416, 0.2509803921568627416 ) ;
#125 = AXIS2_PLACEMENT_3D ( 'NONE', #586, #4533, #666 ) ;
#126 = AXIS2_PLACEMENT_3D ( 'NONE', #3149, #1900, #11072 ) ;
#127 = DIRECTION ( 'NONE',  ( 0.000000000000000000, 0.000000000000000000, 1.000000000000000000 ) ) ;
#128 = EDGE_CURVE ( 'NONE', #6317, #1246, #9520, .T. ) ;
#129 = DIRECTION ( 'NONE',  ( 0.000000000000000000, 0.000000000000000000, 1.000000000000000000 ) ) ;
#130 = ORIENTED_EDGE ( 'NONE', *, *, #268, .F. ) ;
#131 = DIRECTION ( 'NONE',  ( 0.000000000000000000, 0.000000000000000000, 1.000000000000000000 ) ) ;
#132 = VERTEX_POINT ( 'NONE', #10822 ) ;
#133 = DIRECTION ( 'NONE',  ( 0.000000000000000000, 0.000000000000000000, 1.000000000000000000 ) ) ;
#134 = CARTESIAN_POINT ( 'NONE',  ( -2.250000000000000000, 0.2699999999999994071, -1.249999999999998890 ) ) ;
#135 = CARTESIAN_POINT ( 'NONE',  ( -1.249999999999999778, 0.1499999999999999944, -2.749999999999999556 ) ) ;
#136 = DIRECTION ( 'NONE',  ( -1.000000000000000000, 0.000000000000000000, 0.000000000000000000 ) ) ;
#137 = AXIS2_PLACEMENT_3D ( 'NONE', #4707, #492, #8534 ) ;
#138 = AXIS2_PLACEMENT_3D ( 'NONE', #10615, #11618, #3947 ) ;
#139 = ORIENTED_EDGE ( 'NONE', *, *, #11612, .T. ) ;
#140 = CLOSED_SHELL ( 'NONE', ( #2002, #11103, #3139 ) ) ;
#141 = EDGE_CURVE ( 'NONE', #12106, #11908, #9546, .T. ) ;
#142 = AXIS2_PLACEMENT_3D ( 'NONE', #6184, #1711, #9440 ) ;
#143 = DIRECTION ( 'NONE',  ( -0.000000000000000000, 1.000000000000000000, 0.000000000000000000 ) ) ;
#144 = STYLED_ITEM ( 'NONE', ( #10497 ), #10398 ) ;
#145 =( LENGTH_UNIT ( ) NAMED_UNIT ( * ) SI_UNIT ( .MILLI., .METRE. ) );
#146 = ADVANCED_FACE ( 'NONE', ( #969 ), #806, .T. ) ;
#147 = EDGE_CURVE ( 'NONE', #896, #626, #5404, .T. ) ;
#148 = DIRECTION ( 'NONE',  ( 1.000000000000000000, 0.000000000000000000, -0.000000000000000000 ) ) ;
#149 = SPHERICAL_SURFACE ( 'NONE', #1518, 0.1499999999999998557 ) ;
#150 = ADVANCED_FACE ( 'NONE', ( #5212 ), #842, .T. ) ;
#151 = DIRECTION ( 'NONE',  ( 0.000000000000000000, 0.000000000000000000, 1.000000000000000000 ) ) ;
#152 = ADVANCED_FACE ( 'NONE', ( #5379 ), #828, .T. ) ;
#153 = ORIENTED_EDGE ( 'NONE', *, *, #1579, .T. ) ;
#154 = EDGE_LOOP ( 'NONE', ( #7442, #8117, #4350 ) ) ;
#155 = DIRECTION ( 'NONE',  ( 0.000000000000000000, 0.000000000000000000, 1.000000000000000000 ) ) ;
#156 =( LENGTH_UNIT ( ) NAMED_UNIT ( * ) SI_UNIT ( .MILLI., .METRE. ) );
#157 = FILL_AREA_STYLE ('',( #2312 ) ) ;
#158 = AXIS2_PLACEMENT_3D ( 'NONE', #8267, #11341, #2667 ) ;
#159 = CARTESIAN_POINT ( 'NONE',  ( 3.250000000000000888, 0.2699999999999994071, -1.249999999999998890 ) ) ;
#160 = AXIS2_PLACEMENT_3D ( 'NONE', #7885, #12766, #5961 ) ;
#161 = PLANE ( 'NONE',  #2353 ) ;
#162 = VECTOR ( 'NONE', #6407, 1000.000000000000000 ) ;
#163 = DIRECTION ( 'NONE',  ( -0.000000000000000000, 1.000000000000000000, -0.000000000000000000 ) ) ;
#164 = CARTESIAN_POINT ( 'NONE',  ( 0.2500000000000002220, 0.1499999999999999944, -2.749999999999999556 ) ) ;
#165 = ORIENTED_EDGE ( 'NONE', *, *, #6662, .T. ) ;
#166 = DIRECTION ( 'NONE',  ( 0.000000000000000000, 0.000000000000000000, -1.000000000000000000 ) ) ;
#167 = ADVANCED_FACE ( 'NONE', ( #5109 ), #9416, .T. ) ;
#168 = DIRECTION ( 'NONE',  ( 1.000000000000000000, 0.000000000000000000, -0.000000000000000000 ) ) ;
#169 = EDGE_LOOP ( 'NONE', ( #10490, #1272, #6498 ) ) ;
#170 =( GEOMETRIC_REPRESENTATION_CONTEXT ( 3 ) GLOBAL_UNCERTAINTY_ASSIGNED_CONTEXT ( ( #11884 ) ) GLOBAL_UNIT_ASSIGNED_CONTEXT ( ( #7524, #12656, #1448 ) ) REPRESENTATION_CONTEXT ( 'NONE', 'WORKASPACE' ) );
#171 = FILL_AREA_STYLE ('',( #5978 ) ) ;
#172 = EDGE_CURVE ( 'NONE', #2783, #5729, #5176, .T. ) ;
#173 = LINE ( 'NONE', #6960, #12723 ) ;
#174 = PRESENTATION_STYLE_ASSIGNMENT (( #1230 ) ) ;
#175 = AXIS2_PLACEMENT_3D ( 'NONE', #2685, #10611, #488 ) ;
#176 = ORIENTED_EDGE ( 'NONE', *, *, #9833, .T. ) ;
#177 = CARTESIAN_POINT ( 'NONE',  ( 0.000000000000000000, 0.2700000000000000178, 0.000000000000000000 ) ) ;
#178 = EDGE_LOOP ( 'NONE', ( #294, #4320, #663 ) ) ;
#179 = VERTEX_POINT ( 'NONE', #10099 ) ;
#180 = ADVANCED_FACE ( 'NONE', ( #5150 ), #8908, .T. ) ;
#181 = CARTESIAN_POINT ( 'NONE',  ( -1.749999999999999778, 0.1499999999999999944, -2.749999999999999556 ) ) ;
#182 = ORIENTED_EDGE ( 'NONE', *, *, #9711, .F. ) ;
#183 = AXIS2_PLACEMENT_3D ( 'NONE', #1830, #2811, #11573 ) ;
#184 = MECHANICAL_DESIGN_GEOMETRIC_PRESENTATION_REPRESENTATION (  '', ( #9971 ), #7795 ) ;
#185 = CLOSED_SHELL ( 'NONE', ( #8168, #11163, #4114 ) ) ;
#186 = DIRECTION ( 'NONE',  ( -0.000000000000000000, 1.000000000000000000, 0.000000000000000000 ) ) ;
#187 = SURFACE_STYLE_FILL_AREA ( #5005 ) ;
#188 = CARTESIAN_POINT ( 'NONE',  ( -1.749999999999999778, 0.2699999999999994071, -2.839999999999999858 ) ) ;
#189 = SPHERICAL_SURFACE ( 'NONE', #1148, 0.1499999999999998557 ) ;
#190 = PLANE ( 'NONE',  #1845 ) ;
#191 = CARTESIAN_POINT ( 'NONE',  ( -2.250000000000000000, 0.2699999999999994071, -3.249999999999999112 ) ) ;
#192 = CIRCLE ( 'NONE', #334, 0.1499999999999999667 ) ;
#193 = CARTESIAN_POINT ( 'NONE',  ( 0.2500000000000002220, 0.1499999999999999944, -2.749999999999999556 ) ) ;
#194 = DIRECTION ( 'NONE',  ( 0.000000000000000000, 0.000000000000000000, 1.000000000000000000 ) ) ;
#195 = CARTESIAN_POINT ( 'NONE',  ( 2.250000000000000000, 0.2699999999999994071, -1.339999999999999192 ) ) ;
#196 =( NAMED_UNIT ( * ) PLANE_ANGLE_UNIT ( ) SI_UNIT ( $, .RADIAN. ) );
#197 = SURFACE_STYLE_FILL_AREA ( #9296 ) ;
#198 = AXIS2_PLACEMENT_3D ( 'NONE', #5161, #9173, #10177 ) ;
#199 = CARTESIAN_POINT ( 'NONE',  ( 0.000000000000000000, 0.8000000000000000444, 0.000000000000000000 ) ) ;
#200 = DIRECTION ( 'NONE',  ( -0.000000000000000000, 1.000000000000000000, 0.000000000000000000 ) ) ;
#201 = EDGE_CURVE ( 'NONE', #12170, #5204, #5196, .T. ) ;
#202 = ORIENTED_EDGE ( 'NONE', *, *, #2369, .F. ) ;
#203 = VERTEX_POINT ( 'NONE', #11003 ) ;
#204 = ORIENTED_EDGE ( 'NONE', *, *, #9264, .T. ) ;
#205 = AXIS2_PLACEMENT_3D ( 'NONE', #9644, #10650, #11651 ) ;
#206 = DIRECTION ( 'NONE',  ( 0.000000000000000000, 0.000000000000000000, 1.000000000000000000 ) ) ;
#207 = ORIENTED_EDGE ( 'NONE', *, *, #3531, .T. ) ;
#208 = MANIFOLD_SOLID_BREP ( 'LPattern1[71]', #3944 ) ;
#209 = VERTEX_POINT ( 'NONE', #9835 ) ;
#210 = VECTOR ( 'NONE', #11834, 1000.000000000000000 ) ;
#211 = CARTESIAN_POINT ( 'NONE',  ( 2.250000000000000000, 0.2699999999999994071, 2.340000000000000302 ) ) ;
#212 = AXIS2_PLACEMENT_3D ( 'NONE', #11207, #3948, #2309 ) ;
#213 = CARTESIAN_POINT ( 'NONE',  ( -1.249999999999999778, 0.2699999999999994071, 2.340000000000000746 ) ) ;
#214 = SURFACE_STYLE_FILL_AREA ( #12868 ) ;
#215 = DIRECTION ( 'NONE',  ( 0.000000000000000000, 0.000000000000000000, 1.000000000000000000 ) ) ;
#216 = CIRCLE ( 'NONE', #3606, 0.1499999999999999667 ) ;
#217 = CARTESIAN_POINT ( 'NONE',  ( 2.250000000000000000, 0.1499999999999999944, -0.7499999999999993339 ) ) ;
#218 = CARTESIAN_POINT ( 'NONE',  ( -2.750000000000000000, 0.2699999999999994071, 3.250000000000001776 ) ) ;
#219 = EDGE_CURVE ( 'NONE', #7329, #10895, #9461, .T. ) ;
#220 =( NAMED_UNIT ( * ) PLANE_ANGLE_UNIT ( ) SI_UNIT ( $, .RADIAN. ) );
#221 = ORIENTED_EDGE ( 'NONE', *, *, #5319, .T. ) ;
#222 = DIRECTION ( 'NONE',  ( 0.000000000000000000, 0.000000000000000000, 1.000000000000000000 ) ) ;
#223 = EDGE_LOOP ( 'NONE', ( #8831, #8685 ) ) ;
#224 = CARTESIAN_POINT ( 'NONE',  ( -0.2499999999999997780, 0.1499999999999999944, 3.250000000000001332 ) ) ;
#225 = CARTESIAN_POINT ( 'NONE',  ( 3.250000000000000888, 1.355252715606880543E-16, -1.749999999999999334 ) ) ;
#226 = ORIENTED_EDGE ( 'NONE', *, *, #7449, .F. ) ;
#227 = DIRECTION ( 'NONE',  ( -0.000000000000000000, -0.000000000000000000, 1.000000000000000000 ) ) ;
#228 = PLANE ( 'NONE',  #3223 ) ;
#229 = CLOSED_SHELL ( 'NONE', ( #7476, #6766, #1683 ) ) ;
#230 = STYLED_ITEM ( 'NONE', ( #3454 ), #3345 ) ;
#231 = ORIENTED_EDGE ( 'NONE', *, *, #6295, .T. ) ;
#232 = SURFACE_STYLE_FILL_AREA ( #7156 ) ;
#233 = CARTESIAN_POINT ( 'NONE',  ( 0.2500000000000002220, 0.1499999999999999944, -1.249999999999999334 ) ) ;
#234 =( GEOMETRIC_REPRESENTATION_CONTEXT ( 3 ) GLOBAL_UNCERTAINTY_ASSIGNED_CONTEXT ( ( #5479 ) ) GLOBAL_UNIT_ASSIGNED_CONTEXT ( ( #9855, #7943, #12831 ) ) REPRESENTATION_CONTEXT ( 'NONE', 'WORKASPACE' ) );
#235 = DIRECTION ( 'NONE',  ( 1.000000000000000000, 0.000000000000000000, 1.224646799147353207E-16 ) ) ;
#236 = PRESENTATION_STYLE_ASSIGNMENT (( #2694 ) ) ;
#237 = CARTESIAN_POINT ( 'NONE',  ( 0.7500000000000002220, 0.1499999999999999944, 3.250000000000001332 ) ) ;
#238 = EDGE_CURVE ( 'NONE', #3055, #8163, #9672, .T. ) ;
#239 = EDGE_LOOP ( 'NONE', ( #8966, #5372 ) ) ;
#240 = ORIENTED_EDGE ( 'NONE', *, *, #7747, .T. ) ;
#241 = MECHANICAL_DESIGN_GEOMETRIC_PRESENTATION_REPRESENTATION (  '', ( #5511 ), #7850 ) ;
#242 = CARTESIAN_POINT ( 'NONE',  ( -1.249999999999999778, 0.2699999999999994071, -2.249999999999999112 ) ) ;
#243 = AXIS2_PLACEMENT_3D ( 'NONE', #5374, #12291, #3382 ) ;
#244 =( GEOMETRIC_REPRESENTATION_CONTEXT ( 3 ) GLOBAL_UNCERTAINTY_ASSIGNED_CONTEXT ( ( #4680 ) ) GLOBAL_UNIT_ASSIGNED_CONTEXT ( ( #2387, #7397, #12470 ) ) REPRESENTATION_CONTEXT ( 'NONE', 'WORKASPACE' ) );
#245 =( LENGTH_UNIT ( ) NAMED_UNIT ( * ) SI_UNIT ( .MILLI., .METRE. ) );
#246 = ORIENTED_EDGE ( 'NONE', *, *, #3874, .F. ) ;
#247 = PLANE ( 'NONE',  #11711 ) ;
#248 = FILL_AREA_STYLE_COLOUR ( '', #2840 ) ;
#249 = EDGE_CURVE ( 'NONE', #3388, #3521, #1030, .T. ) ;
#250 = FILL_AREA_STYLE_COLOUR ( '', #7009 ) ;
#251 = UNCERTAINTY_MEASURE_WITH_UNIT (LENGTH_MEASURE( 1.000000000000000082E-05 ), #7925, 'distance_accuracy_value', 'NONE');
#252 = UNCERTAINTY_MEASURE_WITH_UNIT (LENGTH_MEASURE( 1.000000000000000082E-05 ), #9378, 'distance_accuracy_value', 'NONE');
#253 = DIRECTION ( 'NONE',  ( -0.000000000000000000, 1.000000000000000000, -0.000000000000000000 ) ) ;
#254 = VERTEX_POINT ( 'NONE', #11432 ) ;
#255 =( NAMED_UNIT ( * ) SI_UNIT ( $, .STERADIAN. ) SOLID_ANGLE_UNIT ( ) );
#256 = DIRECTION ( 'NONE',  ( 1.000000000000000000, 0.000000000000000000, -0.000000000000000000 ) ) ;
#257 = EDGE_LOOP ( 'NONE', ( #8646, #2661 ) ) ;
#258 = DIRECTION ( 'NONE',  ( 1.000000000000000000, 0.000000000000000000, -0.000000000000000000 ) ) ;
#259 = ADVANCED_FACE ( 'NONE', ( #1146 ), #865, .T. ) ;
#260 = SPHERICAL_SURFACE ( 'NONE', #12422, 0.1499999999999998557 ) ;
#261 = CIRCLE ( 'NONE', #8516, 0.1499999999999999667 ) ;
#262 = CARTESIAN_POINT ( 'NONE',  ( -3.250000000000000000, 0.1499999999999999944, -1.249999999999999334 ) ) ;
#263 = ADVANCED_FACE ( 'NONE', ( #1181 ), #10432, .T. ) ;
#264 = ADVANCED_FACE ( 'NONE', ( #9401 ), #892, .T. ) ;
#265 = VERTEX_POINT ( 'NONE', #10427 ) ;
#266 =( NAMED_UNIT ( * ) PLANE_ANGLE_UNIT ( ) SI_UNIT ( $, .RADIAN. ) );
#267 = ORIENTED_EDGE ( 'NONE', *, *, #6488, .F. ) ;
#268 = EDGE_CURVE ( 'NONE', #9996, #3352, #9649, .T. ) ;
#269 = ORIENTED_EDGE ( 'NONE', *, *, #4334, .F. ) ;
#270 = MECHANICAL_DESIGN_GEOMETRIC_PRESENTATION_REPRESENTATION (  '', ( #2554 ), #3198 ) ;
#271 = FILL_AREA_STYLE ('',( #2406 ) ) ;
#272 = CARTESIAN_POINT ( 'NONE',  ( 2.250000000000000000, 0.2699999999999994071, 0.2500000000000011102 ) ) ;
#273 = ORIENTED_EDGE ( 'NONE', *, *, #4617, .F. ) ;
#274 = SURFACE_STYLE_USAGE ( .BOTH. , #7069 ) ;
#275 = ADVANCED_FACE ( 'NONE', ( #9437 ), #9503, .T. ) ;
#276 = ORIENTED_EDGE ( 'NONE', *, *, #11824, .T. ) ;
#277 = SURFACE_SIDE_STYLE ('',( #232 ) ) ;
#278 = ADVANCED_FACE ( 'NONE', ( #5320 ), #10595, .T. ) ;
#279 = DIRECTION ( 'NONE',  ( -0.000000000000000000, 1.000000000000000000, -0.000000000000000000 ) ) ;
#280 = AXIS2_PLACEMENT_3D ( 'NONE', #12070, #436, #6140 ) ;
#281 = COLOUR_RGB ( '',0.7921568627450980005, 0.8196078431372548767, 0.9333333333333333481 ) ;
#282 = DIRECTION ( 'NONE',  ( 0.000000000000000000, 0.000000000000000000, 1.000000000000000000 ) ) ;
#283 = CARTESIAN_POINT ( 'NONE',  ( 2.750000000000000444, 0.1499999999999999944, 2.250000000000000444 ) ) ;
#284 = DIRECTION ( 'NONE',  ( 0.000000000000000000, 0.000000000000000000, 1.000000000000000000 ) ) ;
#285 = SPHERICAL_SURFACE ( 'NONE', #7962, 0.1499999999999998557 ) ;
#286 = CIRCLE ( 'NONE', #5105, 0.08999999999999980238 ) ;
#287 = PLANE ( 'NONE',  #2703 ) ;
#288 = CARTESIAN_POINT ( 'NONE',  ( 1.750000000000000222, 0.1499999999999999944, -2.249999999999999556 ) ) ;
#289 = CIRCLE ( 'NONE', #9128, 0.08999999999999980238 ) ;
#290 = EDGE_CURVE ( 'NONE', #5897, #6752, #9582, .T. ) ;
#291 = CARTESIAN_POINT ( 'NONE',  ( 2.750000000000000444, 0.1499999999999999944, -3.249999999999999556 ) ) ;
#292 = STYLED_ITEM ( 'NONE', ( #9460 ), #10586 ) ;
#293 = ORIENTED_EDGE ( 'NONE', *, *, #5574, .T. ) ;
#294 = ORIENTED_EDGE ( 'NONE', *, *, #6975, .F. ) ;
#295 = ORIENTED_EDGE ( 'NONE', *, *, #3172, .T. ) ;
#296 = SURFACE_STYLE_USAGE ( .BOTH. , #9934 ) ;
#297 = ADVANCED_FACE ( 'NONE', ( #9782 ), #5467, .T. ) ;
#298 = ORIENTED_EDGE ( 'NONE', *, *, #5681, .F. ) ;
#299 = AXIS2_PLACEMENT_3D ( 'NONE', #12451, #3630, #7377 ) ;
#300 = ORIENTED_EDGE ( 'NONE', *, *, #6235, .T. ) ;
#301 =( GEOMETRIC_REPRESENTATION_CONTEXT ( 3 ) GLOBAL_UNCERTAINTY_ASSIGNED_CONTEXT ( ( #4359 ) ) GLOBAL_UNIT_ASSIGNED_CONTEXT ( ( #10577, #11584, #12571 ) ) REPRESENTATION_CONTEXT ( 'NONE', 'WORKASPACE' ) );
#302 = FACE_OUTER_BOUND ( 'NONE', #4977, .T. ) ;
#303 = VECTOR ( 'NONE', #9728, 1000.000000000000000 ) ;
#304 = CARTESIAN_POINT ( 'NONE',  ( 1.750000000000000222, 0.1499999999999999944, -2.749999999999999556 ) ) ;
#305 = EDGE_CURVE ( 'NONE', #5931, #5011, #1208, .T. ) ;
#306 = AXIS2_PLACEMENT_3D ( 'NONE', #7502, #693, #4650 ) ;
#307 = SURFACE_SIDE_STYLE ('',( #12224 ) ) ;
#308 = AXIS2_PLACEMENT_3D ( 'NONE', #7666, #9637, #9472 ) ;
#309 = EDGE_CURVE ( 'NONE', #5976, #3364, #1007, .T. ) ;
#310 = DIRECTION ( 'NONE',  ( 0.000000000000000000, 0.000000000000000000, -1.000000000000000000 ) ) ;
#311 = CIRCLE ( 'NONE', #1654, 0.08999999999999980238 ) ;
#312 = DIRECTION ( 'NONE',  ( 0.000000000000000000, 0.000000000000000000, 1.000000000000000000 ) ) ;
#313 = ADVANCED_FACE ( 'NONE', ( #5493 ), #932, .T. ) ;
#314 = AXIS2_PLACEMENT_3D ( 'NONE', #394, #577, #2278 ) ;
#315 = MANIFOLD_SOLID_BREP ( 'LPattern1[195]', #10291 ) ;
#316 = DIRECTION ( 'NONE',  ( 0.000000000000000000, 0.000000000000000000, 1.000000000000000000 ) ) ;
#317 = CARTESIAN_POINT ( 'NONE',  ( 2.750000000000000444, 0.2699999999999994071, 2.250000000000000888 ) ) ;
#318 = ORIENTED_EDGE ( 'NONE', *, *, #11372, .F. ) ;
#319 = PLANE ( 'NONE',  #7017 ) ;
#320 = PRODUCT ( 'SDINBDG4-8G-XA2', 'SDINBDG4-8G-XA2', '', ( #1865 ) ) ;
#321 = EDGE_LOOP ( 'NONE', ( #621, #95, #4673 ) ) ;
#322 =( GEOMETRIC_REPRESENTATION_CONTEXT ( 3 ) GLOBAL_UNCERTAINTY_ASSIGNED_CONTEXT ( ( #8666 ) ) GLOBAL_UNIT_ASSIGNED_CONTEXT ( ( #1794, #8788, #9796 ) ) REPRESENTATION_CONTEXT ( 'NONE', 'WORKASPACE' ) );
#323 = EDGE_LOOP ( 'NONE', ( #11357, #11249 ) ) ;
#324 = PLANE ( 'NONE',  #8721 ) ;
#325 = EDGE_CURVE ( 'NONE', #2044, #1687, #1421, .T. ) ;
#326 = ORIENTED_EDGE ( 'NONE', *, *, #10123, .T. ) ;
#327 = VERTEX_POINT ( 'NONE', #2666 ) ;
#328 = FACE_OUTER_BOUND ( 'NONE', #9350, .T. ) ;
#329 = DIRECTION ( 'NONE',  ( 0.000000000000000000, 0.000000000000000000, 1.000000000000000000 ) ) ;
#330 = FILL_AREA_STYLE ('',( #11285 ) ) ;
#331 = SPHERICAL_SURFACE ( 'NONE', #7134, 0.1499999999999998557 ) ;
#332 = SPHERICAL_SURFACE ( 'NONE', #3714, 0.1499999999999998557 ) ;
#333 = CARTESIAN_POINT ( 'NONE',  ( -1.249999999999999778, 0.2699999999999994071, -1.249999999999998890 ) ) ;
#334 = AXIS2_PLACEMENT_3D ( 'NONE', #237, #3942, #9230 ) ;
#335 = DIRECTION ( 'NONE',  ( 0.000000000000000000, 0.000000000000000000, -1.000000000000000000 ) ) ;
#336 = FACE_OUTER_BOUND ( 'NONE', #5923, .T. ) ;
#337 = CARTESIAN_POINT ( 'NONE',  ( 1.750000000000000222, 0.2699999999999994071, -2.159999999999999254 ) ) ;
#338 = EDGE_LOOP ( 'NONE', ( #5677, #2847, #9904 ) ) ;
#339 = CARTESIAN_POINT ( 'NONE',  ( -2.750000000000000000, 0.2699999999999994071, -1.839999999999999192 ) ) ;
#340 = ORIENTED_EDGE ( 'NONE', *, *, #10024, .T. ) ;
#341 = CARTESIAN_POINT ( 'NONE',  ( -3.250000000000000000, 0.2699999999999994071, 3.160000000000001474 ) ) ;
#342 = EDGE_CURVE ( 'NONE', #3238, #6796, #1505, .T. ) ;
#343 = SURFACE_SIDE_STYLE ('',( #3221 ) ) ;
#344 =( LENGTH_UNIT ( ) NAMED_UNIT ( * ) SI_UNIT ( .MILLI., .METRE. ) );
#345 = DIRECTION ( 'NONE',  ( 0.000000000000000000, 0.000000000000000000, -1.000000000000000000 ) ) ;
#346 = ORIENTED_EDGE ( 'NONE', *, *, #12475, .F. ) ;
#347 = DIRECTION ( 'NONE',  ( 0.000000000000000000, 0.000000000000000000, 1.000000000000000000 ) ) ;
#348 = CLOSED_SHELL ( 'NONE', ( #4281, #5235, #5636 ) ) ;
#349 = PLANE ( 'NONE',  #608 ) ;
#350 = CIRCLE ( 'NONE', #11528, 0.08999999999999980238 ) ;
#351 = SURFACE_STYLE_FILL_AREA ( #9974 ) ;
#352 = PRESENTATION_STYLE_ASSIGNMENT (( #3101 ) ) ;
#353 = AXIS2_PLACEMENT_3D ( 'NONE', #6757, #3837, #4857 ) ;
#354 = ORIENTED_EDGE ( 'NONE', *, *, #4334, .T. ) ;
#355 = ORIENTED_EDGE ( 'NONE', *, *, #4770, .F. ) ;
#356 = PRESENTATION_LAYER_ASSIGNMENT (  '', '', ( #5621 ) ) ;
#357 = ORIENTED_EDGE ( 'NONE', *, *, #8075, .T. ) ;
#358 = CARTESIAN_POINT ( 'NONE',  ( -1.249999999999999778, 0.1499999999999999944, -2.249999999999999556 ) ) ;
#359 = AXIS2_PLACEMENT_3D ( 'NONE', #3769, #11690, #7532 ) ;
#360 = ORIENTED_EDGE ( 'NONE', *, *, #3360, .F. ) ;
#361 = ORIENTED_EDGE ( 'NONE', *, *, #8206, .T. ) ;
#362 = DIRECTION ( 'NONE',  ( 1.000000000000000000, 0.000000000000000000, 1.224646799147353207E-16 ) ) ;
#363 = FACE_OUTER_BOUND ( 'NONE', #7812, .T. ) ;
#364 = SURFACE_STYLE_USAGE ( .BOTH. , #2656 ) ;
#365 = EDGE_CURVE ( 'NONE', #4720, #5897, #9874, .T. ) ;
#366 = CARTESIAN_POINT ( 'NONE',  ( 2.250000000000000000, 0.2699999999999994071, -3.159999999999998810 ) ) ;
#367 = FILL_AREA_STYLE ('',( #5253 ) ) ;
#368 = CIRCLE ( 'NONE', #12010, 0.08999999999999980238 ) ;
#369 = SPHERICAL_SURFACE ( 'NONE', #5728, 0.1499999999999998557 ) ;
#370 = DIRECTION ( 'NONE',  ( -1.000000000000000000, 0.000000000000000000, 0.000000000000000000 ) ) ;
#371 = DIRECTION ( 'NONE',  ( 0.000000000000000000, 0.000000000000000000, 1.000000000000000000 ) ) ;
#372 = DIRECTION ( 'NONE',  ( 1.000000000000000000, 0.000000000000000000, 1.224646799147353207E-16 ) ) ;
#373 = AXIS2_PLACEMENT_3D ( 'NONE', #9394, #6651, #11386 ) ;
#374 =( NAMED_UNIT ( * ) SI_UNIT ( $, .STERADIAN. ) SOLID_ANGLE_UNIT ( ) );
#375 = ADVANCED_FACE ( 'NONE', ( #1646 ), #5694, .T. ) ;
#376 = DIRECTION ( 'NONE',  ( 1.000000000000000000, 0.000000000000000000, -0.000000000000000000 ) ) ;
#377 = ADVANCED_FACE ( 'NONE', ( #10118 ), #1297, .T. ) ;
#378 = PRESENTATION_STYLE_ASSIGNMENT (( #8407 ) ) ;
#379 = AXIS2_PLACEMENT_3D ( 'NONE', #4609, #7799, #11802 ) ;
#380 = EDGE_LOOP ( 'NONE', ( #5181, #7636, #11692 ) ) ;
#381 = ORIENTED_EDGE ( 'NONE', *, *, #1985, .T. ) ;
#382 = CARTESIAN_POINT ( 'NONE',  ( -3.250000000000000000, 0.1499999999999999944, 2.250000000000000444 ) ) ;
#383 = ORIENTED_EDGE ( 'NONE', *, *, #1754, .F. ) ;
#384 = EDGE_LOOP ( 'NONE', ( #8798, #8581 ) ) ;
#385 = EDGE_CURVE ( 'NONE', #11854, #8498, #5557, .T. ) ;
#386 = FACE_OUTER_BOUND ( 'NONE', #9229, .T. ) ;
#387 = SPHERICAL_SURFACE ( 'NONE', #8736, 0.1499999999999998557 ) ;
#388 = AXIS2_PLACEMENT_3D ( 'NONE', #5701, #3609, #9602 ) ;
#389 = CARTESIAN_POINT ( 'NONE',  ( -1.249999999999999778, 0.1499999999999999944, 2.250000000000000444 ) ) ;
#390 = CARTESIAN_POINT ( 'NONE',  ( -3.250000000000000000, 0.2699999999999994071, -2.249999999999999112 ) ) ;
#391 = SURFACE_STYLE_FILL_AREA ( #7831 ) ;
#392 = SPHERICAL_SURFACE ( 'NONE', #12572, 0.1499999999999998557 ) ;
#393 = CARTESIAN_POINT ( 'NONE',  ( 2.250000000000000000, 0.2699999999999994071, -2.339999999999999414 ) ) ;
#394 = CARTESIAN_POINT ( 'NONE',  ( 2.250000000000000000, 0.2699999999999994071, -3.249999999999999112 ) ) ;
#395 = CIRCLE ( 'NONE', #12087, 0.08999999999999980238 ) ;
#396 =( LENGTH_UNIT ( ) NAMED_UNIT ( * ) SI_UNIT ( .MILLI., .METRE. ) );
#397 = DIRECTION ( 'NONE',  ( -0.000000000000000000, 1.000000000000000000, -0.000000000000000000 ) ) ;
#398 =( GEOMETRIC_REPRESENTATION_CONTEXT ( 3 ) GLOBAL_UNCERTAINTY_ASSIGNED_CONTEXT ( ( #11076 ) ) GLOBAL_UNIT_ASSIGNED_CONTEXT ( ( #2340, #3330, #455 ) ) REPRESENTATION_CONTEXT ( 'NONE', 'WORKASPACE' ) );
#399 = DIRECTION ( 'NONE',  ( -0.000000000000000000, 1.000000000000000000, -0.000000000000000000 ) ) ;
#400 = VERTEX_POINT ( 'NONE', #3102 ) ;
#401 = ORIENTED_EDGE ( 'NONE', *, *, #1345, .T. ) ;
#402 = SURFACE_SIDE_STYLE ('',( #197 ) ) ;
#403 = EDGE_LOOP ( 'NONE', ( #8211, #1489 ) ) ;
#404 = DIRECTION ( 'NONE',  ( -0.000000000000000000, 1.000000000000000000, -0.000000000000000000 ) ) ;
#405 = CARTESIAN_POINT ( 'NONE',  ( -0.2499999999999997780, 0.2699999999999994071, -3.159999999999999254 ) ) ;
#406 = ADVANCED_FACE ( 'NONE', ( #5626 ), #7101, .T. ) ;
#407 = ORIENTED_EDGE ( 'NONE', *, *, #12701, .F. ) ;
#408 = VERTEX_POINT ( 'NONE', #3839 ) ;
#409 = MANIFOLD_SOLID_BREP ( 'LPattern1[60]', #140 ) ;
#410 = CARTESIAN_POINT ( 'NONE',  ( -2.250000000000000000, 0.2699999999999994071, -2.339999999999999414 ) ) ;
#411 = EDGE_LOOP ( 'NONE', ( #4023, #484, #440 ) ) ;
#412 = FACE_OUTER_BOUND ( 'NONE', #3626, .T. ) ;
#413 = AXIS2_PLACEMENT_3D ( 'NONE', #12253, #3338, #2663 ) ;
#414 = FACE_OUTER_BOUND ( 'NONE', #11936, .T. ) ;
#415 = STYLED_ITEM ( 'NONE', ( #7627 ), #5195 ) ;
#416 = CIRCLE ( 'NONE', #8825, 0.08999999999999980238 ) ;
#417 = DIRECTION ( 'NONE',  ( -1.000000000000000000, 0.000000000000000000, 0.000000000000000000 ) ) ;
#418 = FACE_OUTER_BOUND ( 'NONE', #2403, .T. ) ;
#419 = ADVANCED_FACE ( 'NONE', ( #5925 ), #5672, .T. ) ;
#420 = UNCERTAINTY_MEASURE_WITH_UNIT (LENGTH_MEASURE( 1.000000000000000082E-05 ), #5113, 'distance_accuracy_value', 'NONE');
#421 = UNCERTAINTY_MEASURE_WITH_UNIT (LENGTH_MEASURE( 1.000000000000000082E-05 ), #6958, 'distance_accuracy_value', 'NONE');
#422 = STYLED_ITEM ( 'NONE', ( #1003 ), #12083 ) ;
#423 = DIRECTION ( 'NONE',  ( -0.000000000000000000, 1.000000000000000000, 0.000000000000000000 ) ) ;
#424 = ORIENTED_EDGE ( 'NONE', *, *, #1121, .F. ) ;
#425 = DIRECTION ( 'NONE',  ( 0.000000000000000000, 0.000000000000000000, 1.000000000000000000 ) ) ;
#426 = VERTEX_POINT ( 'NONE', #8764 ) ;
#427 = PLANE ( 'NONE',  #3757 ) ;
#428 = SURFACE_STYLE_USAGE ( .BOTH. , #12386 ) ;
#429 = ORIENTED_EDGE ( 'NONE', *, *, #6148, .F. ) ;
#430 = DIRECTION ( 'NONE',  ( 0.000000000000000000, 0.000000000000000000, 1.000000000000000000 ) ) ;
#431 = PLANE ( 'NONE',  #6079 ) ;
#432 = DIRECTION ( 'NONE',  ( 1.000000000000000000, 0.000000000000000000, 1.224646799147353207E-16 ) ) ;
#433 = ORIENTED_EDGE ( 'NONE', *, *, #7605, .F. ) ;
#434 = DIRECTION ( 'NONE',  ( -1.000000000000000000, 0.000000000000000000, 0.000000000000000000 ) ) ;
#435 = AXIS2_PLACEMENT_3D ( 'NONE', #6199, #9215, #10209 ) ;
#436 = DIRECTION ( 'NONE',  ( 1.000000000000000000, 0.000000000000000000, 1.224646799147353207E-16 ) ) ;
#437 = ORIENTED_EDGE ( 'NONE', *, *, #11226, .F. ) ;
#438 = FACE_OUTER_BOUND ( 'NONE', #9015, .T. ) ;
#439 = CIRCLE ( 'NONE', #2646, 0.08999999999999980238 ) ;
#440 = ORIENTED_EDGE ( 'NONE', *, *, #11789, .F. ) ;
#441 = FACE_OUTER_BOUND ( 'NONE', #5128, .T. ) ;
#442 = PRESENTATION_STYLE_ASSIGNMENT (( #4370 ) ) ;
#443 = FACE_OUTER_BOUND ( 'NONE', #5765, .T. ) ;
#444 = EDGE_CURVE ( 'NONE', #5465, #4172, #5752, .T. ) ;
#445 =( GEOMETRIC_REPRESENTATION_CONTEXT ( 3 ) GLOBAL_UNCERTAINTY_ASSIGNED_CONTEXT ( ( #2451 ) ) GLOBAL_UNIT_ASSIGNED_CONTEXT ( ( #11935, #196, #7837 ) ) REPRESENTATION_CONTEXT ( 'NONE', 'WORKASPACE' ) );
#446 = SPHERICAL_SURFACE ( 'NONE', #11476, 0.1499999999999998557 ) ;
#447 = AXIS2_PLACEMENT_3D ( 'NONE', #9710, #3711, #1641 ) ;
#448 = ORIENTED_EDGE ( 'NONE', *, *, #10770, .F. ) ;
#449 = CLOSED_SHELL ( 'NONE', ( #8850, #5264, #2917 ) ) ;
#450 = SURFACE_STYLE_USAGE ( .BOTH. , #4394 ) ;
#451 = AXIS2_PLACEMENT_3D ( 'NONE', #10524, #4517, #1559 ) ;
#452 = ORIENTED_EDGE ( 'NONE', *, *, #9386, .F. ) ;
#453 = VERTEX_POINT ( 'NONE', #4947 ) ;
#454 = DIRECTION ( 'NONE',  ( 0.000000000000000000, 0.000000000000000000, -1.000000000000000000 ) ) ;
#455 =( NAMED_UNIT ( * ) SI_UNIT ( $, .STERADIAN. ) SOLID_ANGLE_UNIT ( ) );
#456 = CIRCLE ( 'NONE', #198, 0.1499999999999999667 ) ;
#457 = MECHANICAL_DESIGN_GEOMETRIC_PRESENTATION_REPRESENTATION (  '', ( #1968 ), #10378 ) ;
#458 = DIRECTION ( 'NONE',  ( 0.000000000000000000, 0.000000000000000000, 1.000000000000000000 ) ) ;
#459 = AXIS2_PLACEMENT_3D ( 'NONE', #1426, #773, #2982 ) ;
#460 = DIRECTION ( 'NONE',  ( 0.000000000000000000, 0.000000000000000000, 1.000000000000000000 ) ) ;
#461 = ORIENTED_EDGE ( 'NONE', *, *, #1579, .F. ) ;
#462 = FACE_OUTER_BOUND ( 'NONE', #3499, .T. ) ;
#463 =( NAMED_UNIT ( * ) SI_UNIT ( $, .STERADIAN. ) SOLID_ANGLE_UNIT ( ) );
#464 = SURFACE_SIDE_STYLE ('',( #6132 ) ) ;
#465 = FILL_AREA_STYLE_COLOUR ( '', #6604 ) ;
#466 = CARTESIAN_POINT ( 'NONE',  ( -0.2499999999999997780, 0.2699999999999994071, 3.340000000000001190 ) ) ;
#467 = CARTESIAN_POINT ( 'NONE',  ( -1.249999999999999778, 0.2699999999999994071, -3.249999999999999112 ) ) ;
#468 =( NAMED_UNIT ( * ) PLANE_ANGLE_UNIT ( ) SI_UNIT ( $, .RADIAN. ) );
#469 = PRESENTATION_LAYER_ASSIGNMENT (  '', '', ( #8362 ) ) ;
#470 = ORIENTED_EDGE ( 'NONE', *, *, #9925, .T. ) ;
#471 = EDGE_LOOP ( 'NONE', ( #3297, #858 ) ) ;
#472 = EDGE_CURVE ( 'NONE', #7988, #1656, #5885, .T. ) ;
#473 = ORIENTED_EDGE ( 'NONE', *, *, #12160, .T. ) ;
#474 =( GEOMETRIC_REPRESENTATION_CONTEXT ( 3 ) GLOBAL_UNCERTAINTY_ASSIGNED_CONTEXT ( ( #12808 ) ) GLOBAL_UNIT_ASSIGNED_CONTEXT ( ( #12138, #4195, #4028 ) ) REPRESENTATION_CONTEXT ( 'NONE', 'WORKASPACE' ) );
#475 = CARTESIAN_POINT ( 'NONE',  ( -2.750000000000000000, 0.1499999999999999944, 0.2500000000000006661 ) ) ;
#476 = CARTESIAN_POINT ( 'NONE',  ( 1.250000000000000666, 0.1499999999999999944, 0.7500000000000006661 ) ) ;
#477 = EDGE_CURVE ( 'NONE', #8498, #7667, #10202, .T. ) ;
#478 = ORIENTED_EDGE ( 'NONE', *, *, #3195, .T. ) ;
#479 = ORIENTED_EDGE ( 'NONE', *, *, #8524, .F. ) ;
#480 = PRESENTATION_STYLE_ASSIGNMENT (( #9867 ) ) ;
#481 = CIRCLE ( 'NONE', #10167, 0.08999999999999980238 ) ;
#482 = SURFACE_SIDE_STYLE ('',( #7228 ) ) ;
#484 = ORIENTED_EDGE ( 'NONE', *, *, #9194, .T. ) ;
#483 = PLANE ( 'NONE',  #9288 ) ;
#485 = EDGE_CURVE ( 'NONE', #6273, #2953, #10264, .T. ) ;
#486 = FACE_OUTER_BOUND ( 'NONE', #10570, .T. ) ;
#487 = AXIS2_PLACEMENT_3D ( 'NONE', #8701, #825, #9703 ) ;
#488 = DIRECTION ( 'NONE',  ( 0.000000000000000000, 0.000000000000000000, 1.000000000000000000 ) ) ;
#489 = DIRECTION ( 'NONE',  ( -0.000000000000000000, 1.000000000000000000, -0.000000000000000000 ) ) ;
#490 = SURFACE_SIDE_STYLE ('',( #8331 ) ) ;
#491 = DIRECTION ( 'NONE',  ( 0.000000000000000000, 0.000000000000000000, 1.000000000000000000 ) ) ;
#492 = DIRECTION ( 'NONE',  ( -0.000000000000000000, 1.000000000000000000, 0.000000000000000000 ) ) ;
#493 = CARTESIAN_POINT ( 'NONE',  ( -1.749999999999999778, 0.2699999999999994071, -2.249999999999999112 ) ) ;
#494 = VERTEX_POINT ( 'NONE', #9957 ) ;
#495 = DIRECTION ( 'NONE',  ( -0.000000000000000000, 1.000000000000000000, 0.000000000000000000 ) ) ;
#496 = ORIENTED_EDGE ( 'NONE', *, *, #10387, .F. ) ;
#497 = CARTESIAN_POINT ( 'NONE',  ( -2.250000000000000000, 0.1499999999999999944, 2.250000000000000444 ) ) ;
#498 = ORIENTED_EDGE ( 'NONE', *, *, #4382, .T. ) ;
#499 = CARTESIAN_POINT ( 'NONE',  ( -3.250000000000000000, 0.1499999999999999944, 2.250000000000000444 ) ) ;
#500 = EDGE_LOOP ( 'NONE', ( #9738, #3335, #5558 ) ) ;
#501 = AXIS2_PLACEMENT_3D ( 'NONE', #7754, #12721, #5167 ) ;
#502 = EDGE_LOOP ( 'NONE', ( #5947, #6586 ) ) ;
#503 = ADVANCED_FACE ( 'NONE', ( #5902 ), #12749, .T. ) ;
#504 = FACE_OUTER_BOUND ( 'NONE', #10155, .T. ) ;
#505 = DIRECTION ( 'NONE',  ( 0.000000000000000000, 0.000000000000000000, -1.000000000000000000 ) ) ;
#506 = AXIS2_PLACEMENT_3D ( 'NONE', #7075, #2169, #12169 ) ;
#507 = FILL_AREA_STYLE ('',( #10381 ) ) ;
#508 = EDGE_LOOP ( 'NONE', ( #1561, #10394, #1756 ) ) ;
#509 = STYLED_ITEM ( 'NONE', ( #4999 ), #7333 ) ;
#510 = CIRCLE ( 'NONE', #9009, 0.08999999999999980238 ) ;
#511 = CARTESIAN_POINT ( 'NONE',  ( -1.749999999999999778, 1.355252715606880543E-16, -2.249999999999999556 ) ) ;
#512 = EDGE_CURVE ( 'NONE', #2556, #9214, #1384, .T. ) ;
#513 = STYLED_ITEM ( 'NONE', ( #4955 ), #9379 ) ;
#514 = DIRECTION ( 'NONE',  ( -0.000000000000000000, 1.000000000000000000, -0.000000000000000000 ) ) ;
#515 = STYLED_ITEM ( 'NONE', ( #7785 ), #1521 ) ;
#516 = FACE_OUTER_BOUND ( 'NONE', #1963, .T. ) ;
#517 = CARTESIAN_POINT ( 'NONE',  ( 0.2500000000000002220, 1.355252715606880543E-16, -2.749999999999999556 ) ) ;
#518 = ORIENTED_EDGE ( 'NONE', *, *, #2973, .T. ) ;
#519 = FILL_AREA_STYLE ('',( #10733 ) ) ;
#520 = MANIFOLD_SOLID_BREP ( 'Cut-Extrude1', #7263 ) ;
#521 = CARTESIAN_POINT ( 'NONE',  ( 0.2500000000000002220, 0.2699999999999994071, -2.159999999999999254 ) ) ;
#522 = ORIENTED_EDGE ( 'NONE', *, *, #5844, .T. ) ;
#523 = CARTESIAN_POINT ( 'NONE',  ( -5.250000000000001776, 0.2700000000000000178, -6.494999999999999218 ) ) ;
#524 = CARTESIAN_POINT ( 'NONE',  ( -1.249999999999999778, 0.2699999999999994071, 1.250000000000001554 ) ) ;
#525 = DIRECTION ( 'NONE',  ( 1.000000000000000000, 0.000000000000000000, -0.000000000000000000 ) ) ;
#526 = ADVANCED_FACE ( 'NONE', ( #1255 ), #10076, .T. ) ;
#527 = DIRECTION ( 'NONE',  ( -1.000000000000000000, 0.000000000000000000, 0.000000000000000000 ) ) ;
#528 = VERTEX_POINT ( 'NONE', #11689 ) ;
#529 = CARTESIAN_POINT ( 'NONE',  ( -2.250000000000000000, 0.2699999999999994071, 1.340000000000001412 ) ) ;
#530 = FILL_AREA_STYLE_COLOUR ( '', #5554 ) ;
#531 = ORIENTED_EDGE ( 'NONE', *, *, #10862, .T. ) ;
#532 = CIRCLE ( 'NONE', #4526, 0.08999999999999980238 ) ;
#533 =( NAMED_UNIT ( * ) SI_UNIT ( $, .STERADIAN. ) SOLID_ANGLE_UNIT ( ) );
#534 = ORIENTED_EDGE ( 'NONE', *, *, #11226, .T. ) ;
#535 = FACE_OUTER_BOUND ( 'NONE', #8837, .T. ) ;
#536 = CIRCLE ( 'NONE', #3086, 0.08999999999999980238 ) ;
#537 = AXIS2_PLACEMENT_3D ( 'NONE', #1936, #3923, #8024 ) ;
#538 = CARTESIAN_POINT ( 'NONE',  ( -2.250000000000000000, 0.1499999999999999944, 1.750000000000000666 ) ) ;
#539 = EDGE_CURVE ( 'NONE', #1463, #7983, #5538, .T. ) ;
#540 =( GEOMETRIC_REPRESENTATION_CONTEXT ( 3 ) GLOBAL_UNCERTAINTY_ASSIGNED_CONTEXT ( ( #5330 ) ) GLOBAL_UNIT_ASSIGNED_CONTEXT ( ( #560, #9921, #2084 ) ) REPRESENTATION_CONTEXT ( 'NONE', 'WORKASPACE' ) );
#541 = CARTESIAN_POINT ( 'NONE',  ( -1.249999999999999778, 0.1499999999999999944, 1.250000000000001110 ) ) ;
#542 = PRESENTATION_LAYER_ASSIGNMENT (  '', '', ( #5793 ) ) ;
#543 = ORIENTED_EDGE ( 'NONE', *, *, #10726, .T. ) ;
#544 = ORIENTED_EDGE ( 'NONE', *, *, #477, .T. ) ;
#545 = STYLED_ITEM ( 'NONE', ( #3017 ), #1335 ) ;
#546 = ORIENTED_EDGE ( 'NONE', *, *, #4020, .F. ) ;
#547 = PLANE ( 'NONE',  #8241 ) ;
#548 = ORIENTED_EDGE ( 'NONE', *, *, #10210, .F. ) ;
#549 = ORIENTED_EDGE ( 'NONE', *, *, #6770, .F. ) ;
#550 = CARTESIAN_POINT ( 'NONE',  ( -2.750000000000000000, 0.2699999999999994071, -0.6599999999999991429 ) ) ;
#551 = DIRECTION ( 'NONE',  ( 0.000000000000000000, 0.000000000000000000, 1.000000000000000000 ) ) ;
#552 = CARTESIAN_POINT ( 'NONE',  ( 3.250000000000000888, 0.2699999999999994071, 3.340000000000001634 ) ) ;
#553 = FILL_AREA_STYLE ('',( #2344 ) ) ;
#554 = CLOSED_SHELL ( 'NONE', ( #8755, #2695, #12242 ) ) ;
#555 = FACE_OUTER_BOUND ( 'NONE', #10017, .T. ) ;
#556 = CARTESIAN_POINT ( 'NONE',  ( 2.750000000000000444, 1.355252715606880543E-16, -3.249999999999999556 ) ) ;
#557 = CARTESIAN_POINT ( 'NONE',  ( -3.250000000000000000, 0.2699999999999994071, -2.749999999999999112 ) ) ;
#558 = SURFACE_STYLE_FILL_AREA ( #2147 ) ;
#559 = SURFACE_SIDE_STYLE ('',( #4356 ) ) ;
#560 =( LENGTH_UNIT ( ) NAMED_UNIT ( * ) SI_UNIT ( .MILLI., .METRE. ) );
#561 = DIRECTION ( 'NONE',  ( -0.000000000000000000, 1.000000000000000000, -0.000000000000000000 ) ) ;
#562 = ORIENTED_EDGE ( 'NONE', *, *, #477, .F. ) ;
#563 = EDGE_LOOP ( 'NONE', ( #12507, #1147, #12282 ) ) ;
#564 = AXIS2_PLACEMENT_3D ( 'NONE', #9781, #10865, #6697 ) ;
#565 = PRESENTATION_LAYER_ASSIGNMENT (  '', '', ( #10799 ) ) ;
#566 = ORIENTED_EDGE ( 'NONE', *, *, #8753, .F. ) ;
#567 =( NAMED_UNIT ( * ) PLANE_ANGLE_UNIT ( ) SI_UNIT ( $, .RADIAN. ) );
#568 = DIRECTION ( 'NONE',  ( 0.000000000000000000, 0.000000000000000000, 1.000000000000000000 ) ) ;
#569 = AXIS2_PLACEMENT_3D ( 'NONE', #6169, #11006, #8728 ) ;
#570 = EDGE_LOOP ( 'NONE', ( #5983, #11558, #8565 ) ) ;
#571 = ORIENTED_EDGE ( 'NONE', *, *, #5237, .F. ) ;
#572 = CARTESIAN_POINT ( 'NONE',  ( -3.250000000000000000, 0.2699999999999994071, 0.8400000000000010791 ) ) ;
#573 = AXIS2_PLACEMENT_3D ( 'NONE', #12801, #4062, #1186 ) ;
#574 = ORIENTED_EDGE ( 'NONE', *, *, #3506, .F. ) ;
#575 = CARTESIAN_POINT ( 'NONE',  ( -0.2499999999999997780, 0.2699999999999994071, -2.159999999999998810 ) ) ;
#576 = DIRECTION ( 'NONE',  ( -1.000000000000000000, 0.000000000000000000, 0.000000000000000000 ) ) ;
#577 = DIRECTION ( 'NONE',  ( -0.000000000000000000, 1.000000000000000000, -0.000000000000000000 ) ) ;
#578 = DIRECTION ( 'NONE',  ( -0.000000000000000000, 1.000000000000000000, -0.000000000000000000 ) ) ;
#579 = PLANE ( 'NONE',  #12048 ) ;
#580 = FACE_OUTER_BOUND ( 'NONE', #9164, .T. ) ;
#581 =( NAMED_UNIT ( * ) PLANE_ANGLE_UNIT ( ) SI_UNIT ( $, .RADIAN. ) );
#582 = ORIENTED_EDGE ( 'NONE', *, *, #6802, .F. ) ;
#583 = DIRECTION ( 'NONE',  ( 0.000000000000000000, 0.000000000000000000, 1.000000000000000000 ) ) ;
#584 = EDGE_LOOP ( 'NONE', ( #1717, #1812, #5851 ) ) ;
#585 = SURFACE_SIDE_STYLE ('',( #3560 ) ) ;
#586 = CARTESIAN_POINT ( 'NONE',  ( 2.750000000000000444, 0.2699999999999994071, 2.750000000000001332 ) ) ;
#587 = AXIS2_PLACEMENT_3D ( 'NONE', #8357, #12349, #11349 ) ;
#588 = VERTEX_POINT ( 'NONE', #5201 ) ;
#589 = MANIFOLD_SOLID_BREP ( 'LPattern1[178]', #10060 ) ;
#590 = UNCERTAINTY_MEASURE_WITH_UNIT (LENGTH_MEASURE( 1.000000000000000082E-05 ), #4761, 'distance_accuracy_value', 'NONE');
#591 = EDGE_LOOP ( 'NONE', ( #3474, #1511, #7352 ) ) ;
#592 = UNCERTAINTY_MEASURE_WITH_UNIT (LENGTH_MEASURE( 1.000000000000000082E-05 ), #6963, 'distance_accuracy_value', 'NONE');
#593 = AXIS2_PLACEMENT_3D ( 'NONE', #4381, #9054, #12149 ) ;
#594 = CIRCLE ( 'NONE', #1605, 0.1499999999999999667 ) ;
#595 = CARTESIAN_POINT ( 'NONE',  ( -1.749999999999999778, 0.2699999999999994071, -2.249999999999999112 ) ) ;
#596 = VERTEX_POINT ( 'NONE', #2290 ) ;
#597 = SPHERICAL_SURFACE ( 'NONE', #10902, 0.1499999999999998557 ) ;
#598 = CIRCLE ( 'NONE', #11342, 0.1499999999999999667 ) ;
#599 = DIRECTION ( 'NONE',  ( -0.000000000000000000, 1.000000000000000000, -0.000000000000000000 ) ) ;
#600 = STYLED_ITEM ( 'NONE', ( #174 ), #11611 ) ;
#601 = EDGE_LOOP ( 'NONE', ( #8820, #6089 ) ) ;
#602 = ORIENTED_EDGE ( 'NONE', *, *, #3840, .T. ) ;
#603 = CARTESIAN_POINT ( 'NONE',  ( -0.7499999999999997780, 0.1499999999999999944, -3.249999999999999556 ) ) ;
#604 = CARTESIAN_POINT ( 'NONE',  ( -0.2499999999999997780, 0.2699999999999994071, 1.340000000000001412 ) ) ;
#605 =( NAMED_UNIT ( * ) PLANE_ANGLE_UNIT ( ) SI_UNIT ( $, .RADIAN. ) );
#606 = CLOSED_SHELL ( 'NONE', ( #10186, #2009, #406 ) ) ;
#607 = CARTESIAN_POINT ( 'NONE',  ( 0.2500000000000002220, 0.2699999999999994071, 1.340000000000001412 ) ) ;
#608 = AXIS2_PLACEMENT_3D ( 'NONE', #1351, #5228, #11221 ) ;
#609 = DIRECTION ( 'NONE',  ( 1.000000000000000000, 0.000000000000000000, -0.000000000000000000 ) ) ;
#610 = ORIENTED_EDGE ( 'NONE', *, *, #1985, .F. ) ;
#611 = CIRCLE ( 'NONE', #4132, 0.1499999999999999667 ) ;
#612 = CARTESIAN_POINT ( 'NONE',  ( 2.250000000000000000, 0.1499999999999999944, -0.2499999999999993616 ) ) ;
#613 = AXIS2_PLACEMENT_3D ( 'NONE', #5517, #3439, #1458 ) ;
#614 = VERTEX_POINT ( 'NONE', #225 ) ;
#615 = CARTESIAN_POINT ( 'NONE',  ( -1.749999999999999778, 1.355252715606880543E-16, 3.250000000000001332 ) ) ;
#616 = DIRECTION ( 'NONE',  ( -1.000000000000000000, 0.000000000000000000, 0.000000000000000000 ) ) ;
#617 = EDGE_CURVE ( 'NONE', #10190, #7664, #1804, .T. ) ;
#618 = CIRCLE ( 'NONE', #4748, 0.08999999999999980238 ) ;
#619 = AXIS2_PLACEMENT_3D ( 'NONE', #4033, #12218, #3118 ) ;
#620 = CARTESIAN_POINT ( 'NONE',  ( -0.7499999999999997780, 0.2699999999999994071, 2.840000000000000746 ) ) ;
#621 = ORIENTED_EDGE ( 'NONE', *, *, #6328, .F. ) ;
#622 = EDGE_LOOP ( 'NONE', ( #9021, #8750, #5788 ) ) ;
#623 = ADVANCED_FACE ( 'NONE', ( #10681 ), #11187, .T. ) ;
#624 =( LENGTH_UNIT ( ) NAMED_UNIT ( * ) SI_UNIT ( .MILLI., .METRE. ) );
#625 = ORIENTED_EDGE ( 'NONE', *, *, #7782, .F. ) ;
#626 = VERTEX_POINT ( 'NONE', #11813 ) ;
#627 = DIRECTION ( 'NONE',  ( -0.000000000000000000, 1.000000000000000000, 0.000000000000000000 ) ) ;
#628 = COLOUR_RGB ( '',0.7921568627450980005, 0.8196078431372548767, 0.9333333333333333481 ) ;
#629 = DIRECTION ( 'NONE',  ( -0.000000000000000000, 1.000000000000000000, -0.000000000000000000 ) ) ;
#630 = FACE_OUTER_BOUND ( 'NONE', #2534, .T. ) ;
#631 = DIRECTION ( 'NONE',  ( 0.000000000000000000, 0.000000000000000000, -1.000000000000000000 ) ) ;
#632 = DIRECTION ( 'NONE',  ( 0.000000000000000000, 0.000000000000000000, 1.000000000000000000 ) ) ;
#633 = ORIENTED_EDGE ( 'NONE', *, *, #7586, .T. ) ;
#634 = DIRECTION ( 'NONE',  ( -0.000000000000000000, 1.000000000000000000, -0.000000000000000000 ) ) ;
#635 = DIRECTION ( 'NONE',  ( -0.000000000000000000, 1.000000000000000000, 0.000000000000000000 ) ) ;
#636 = CARTESIAN_POINT ( 'NONE',  ( -2.750000000000000000, 1.355252715606880543E-16, -1.749999999999999334 ) ) ;
#637 = FACE_OUTER_BOUND ( 'NONE', #3881, .T. ) ;
#638 = MECHANICAL_DESIGN_GEOMETRIC_PRESENTATION_REPRESENTATION (  '', ( #7124 ), #9467 ) ;
#639 = DIRECTION ( 'NONE',  ( 0.000000000000000000, 0.000000000000000000, 1.000000000000000000 ) ) ;
#640 = DIRECTION ( 'NONE',  ( 0.000000000000000000, 0.000000000000000000, 1.000000000000000000 ) ) ;
#641 = EDGE_LOOP ( 'NONE', ( #1135, #4988 ) ) ;
#642 = AXIS2_PLACEMENT_3D ( 'NONE', #217, #9105, #4095 ) ;
#643 = VERTEX_POINT ( 'NONE', #9240 ) ;
#644 = CARTESIAN_POINT ( 'NONE',  ( -1.249999999999999778, 0.2699999999999994071, -0.3399999999999992473 ) ) ;
#645 = MECHANICAL_DESIGN_GEOMETRIC_PRESENTATION_REPRESENTATION (  '', ( #10252 ), #8989 ) ;
#646 = CARTESIAN_POINT ( 'NONE',  ( -1.249999999999999778, 1.355252715606880543E-16, 0.2500000000000006661 ) ) ;
#647 = EDGE_LOOP ( 'NONE', ( #9986, #7089, #4544 ) ) ;
#648 = ORIENTED_EDGE ( 'NONE', *, *, #9338, .T. ) ;
#649 = STYLED_ITEM ( 'NONE', ( #1633 ), #9761 ) ;
#650 = ORIENTED_EDGE ( 'NONE', *, *, #2973, .F. ) ;
#651 = LINE ( 'NONE', #1907, #676 ) ;
#652 = DIRECTION ( 'NONE',  ( -1.000000000000000000, 0.000000000000000000, 0.000000000000000000 ) ) ;
#653 = FACE_OUTER_BOUND ( 'NONE', #11856, .T. ) ;
#654 = SURFACE_SIDE_STYLE ('',( #2449 ) ) ;
#655 = DIRECTION ( 'NONE',  ( 0.000000000000000000, 0.000000000000000000, 1.000000000000000000 ) ) ;
#656 = AXIS2_PLACEMENT_3D ( 'NONE', #4266, #6281, #7286 ) ;
#657 = CARTESIAN_POINT ( 'NONE',  ( -2.750000000000000000, 0.1499999999999999944, 0.7500000000000006661 ) ) ;
#658 = AXIS2_PLACEMENT_3D ( 'NONE', #4463, #6478, #9239 ) ;
#659 = DIRECTION ( 'NONE',  ( 0.000000000000000000, 0.000000000000000000, -1.000000000000000000 ) ) ;
#660 = DIRECTION ( 'NONE',  ( -0.000000000000000000, 1.000000000000000000, 0.000000000000000000 ) ) ;
#661 = EDGE_LOOP ( 'NONE', ( #2087, #6443, #7061, #12000 ) ) ;
#662 = DIRECTION ( 'NONE',  ( 0.000000000000000000, 0.000000000000000000, 1.000000000000000000 ) ) ;
#663 = ORIENTED_EDGE ( 'NONE', *, *, #12160, .F. ) ;
#664 = DIRECTION ( 'NONE',  ( 0.000000000000000000, 0.000000000000000000, 1.000000000000000000 ) ) ;
#665 = DIRECTION ( 'NONE',  ( 0.000000000000000000, 0.000000000000000000, 1.000000000000000000 ) ) ;
#666 = DIRECTION ( 'NONE',  ( 0.000000000000000000, 0.000000000000000000, 1.000000000000000000 ) ) ;
#667 = AXIS2_PLACEMENT_3D ( 'NONE', #7955, #9123, #3197 ) ;
#668 = ORIENTED_EDGE ( 'NONE', *, *, #5435, .F. ) ;
#669 = EDGE_LOOP ( 'NONE', ( #3831, #10802 ) ) ;
#670 = CIRCLE ( 'NONE', #1123, 0.08999999999999980238 ) ;
#671 = MANIFOLD_SOLID_BREP ( 'LPattern1[12]', #2307 ) ;
#672 = EDGE_CURVE ( 'NONE', #752, #5655, #10480, .T. ) ;
#673 = STYLED_ITEM ( 'NONE', ( #7867 ), #1590 ) ;
#674 = ORIENTED_EDGE ( 'NONE', *, *, #1121, .T. ) ;
#675 = ADVANCED_FACE ( 'NONE', ( #2126 ), #10544, .T. ) ;
#676 = VECTOR ( 'NONE', #8726, 1000.000000000000000 ) ;
#677 = CARTESIAN_POINT ( 'NONE',  ( -1.249999999999999778, 0.2699999999999994071, 2.840000000000001190 ) ) ;
#678 =( GEOMETRIC_REPRESENTATION_CONTEXT ( 3 ) GLOBAL_UNCERTAINTY_ASSIGNED_CONTEXT ( ( #4044 ) ) GLOBAL_UNIT_ASSIGNED_CONTEXT ( ( #5831, #3161, #5087 ) ) REPRESENTATION_CONTEXT ( 'NONE', 'WORKASPACE' ) );
#679 = MANIFOLD_SOLID_BREP ( 'LPattern1[42]', #185 ) ;
#680 = CARTESIAN_POINT ( 'NONE',  ( -2.750000000000000000, 0.1499999999999999944, 3.250000000000001332 ) ) ;
#681 = DIRECTION ( 'NONE',  ( 1.000000000000000000, 0.000000000000000000, -0.000000000000000000 ) ) ;
#682 = ORIENTED_EDGE ( 'NONE', *, *, #141, .T. ) ;
#683 = DIRECTION ( 'NONE',  ( 0.000000000000000000, 0.000000000000000000, -1.000000000000000000 ) ) ;
#684 = MECHANICAL_DESIGN_GEOMETRIC_PRESENTATION_REPRESENTATION (  '', ( #11222 ), #9824 ) ;
#685 = SURFACE_SIDE_STYLE ('',( #12804 ) ) ;
#686 = ORIENTED_EDGE ( 'NONE', *, *, #5602, .T. ) ;
#687 = DIRECTION ( 'NONE',  ( 0.000000000000000000, 0.000000000000000000, -1.000000000000000000 ) ) ;
#688 = CARTESIAN_POINT ( 'NONE',  ( 2.250000000000000000, 0.1499999999999999944, 1.250000000000001110 ) ) ;
#689 = EDGE_LOOP ( 'NONE', ( #5821, #7870, #9929 ) ) ;
#690 = EDGE_CURVE ( 'NONE', #11753, #4745, #6279, .T. ) ;
#691 = CIRCLE ( 'NONE', #3438, 0.1499999999999999667 ) ;
#692 = CARTESIAN_POINT ( 'NONE',  ( -2.250000000000000000, 0.2699999999999994071, -3.159999999999998810 ) ) ;
#693 = DIRECTION ( 'NONE',  ( -0.000000000000000000, 1.000000000000000000, -0.000000000000000000 ) ) ;
#694 = ORIENTED_EDGE ( 'NONE', *, *, #4639, .F. ) ;
#695 = SPHERICAL_SURFACE ( 'NONE', #1117, 0.1499999999999998557 ) ;
#696 = MECHANICAL_DESIGN_GEOMETRIC_PRESENTATION_REPRESENTATION (  '', ( #2836 ), #11565 ) ;
#697 = DIRECTION ( 'NONE',  ( 0.000000000000000000, 0.000000000000000000, 1.000000000000000000 ) ) ;
#698 = CIRCLE ( 'NONE', #4150, 0.08999999999999980238 ) ;
#699 = DIRECTION ( 'NONE',  ( -0.000000000000000000, 1.000000000000000000, -0.000000000000000000 ) ) ;
#700 = EDGE_LOOP ( 'NONE', ( #11225, #10027 ) ) ;
#701 = ORIENTED_EDGE ( 'NONE', *, *, #5866, .T. ) ;
#702 = MECHANICAL_DESIGN_GEOMETRIC_PRESENTATION_REPRESENTATION (  '', ( #7205 ), #234 ) ;
#703 = DIRECTION ( 'NONE',  ( 0.000000000000000000, 0.000000000000000000, 1.000000000000000000 ) ) ;
#704 = CARTESIAN_POINT ( 'NONE',  ( -2.750000000000000000, 0.1499999999999999944, -1.749999999999999334 ) ) ;
#705 = ORIENTED_EDGE ( 'NONE', *, *, #7239, .T. ) ;
#706 = VERTEX_POINT ( 'NONE', #2058 ) ;
#707 = DIRECTION ( 'NONE',  ( 0.000000000000000000, 0.000000000000000000, 1.000000000000000000 ) ) ;
#708 = EDGE_CURVE ( 'NONE', #6796, #3238, #2102, .T. ) ;
#709 = ORIENTED_EDGE ( 'NONE', *, *, #895, .F. ) ;
#710 = VECTOR ( 'NONE', #6626, 1000.000000000000000 ) ;
#711 = AXIS2_PLACEMENT_3D ( 'NONE', #557, #1615, #4493 ) ;
#712 = SURFACE_STYLE_USAGE ( .BOTH. , #7255 ) ;
#713 = PRESENTATION_LAYER_ASSIGNMENT (  '', '', ( #2386 ) ) ;
#714 = CARTESIAN_POINT ( 'NONE',  ( 1.250000000000000666, 0.2699999999999994071, 2.750000000000001332 ) ) ;
#715 = CIRCLE ( 'NONE', #280, 0.1499999999999998557 ) ;
#716 = STYLED_ITEM ( 'NONE', ( #6233 ), #775 ) ;
#717 =( LENGTH_UNIT ( ) NAMED_UNIT ( * ) SI_UNIT ( .MILLI., .METRE. ) );
#718 = ORIENTED_EDGE ( 'NONE', *, *, #10299, .T. ) ;
#719 = ORIENTED_EDGE ( 'NONE', *, *, #3172, .F. ) ;
#720 = DIRECTION ( 'NONE',  ( 1.000000000000000000, 0.000000000000000000, -0.000000000000000000 ) ) ;
#721 = DIRECTION ( 'NONE',  ( -0.000000000000000000, -1.000000000000000000, -0.000000000000000000 ) ) ;
#722 = ADVANCED_FACE ( 'NONE', ( #1950 ), #5972, .T. ) ;
#723 = VERTEX_POINT ( 'NONE', #3957 ) ;
#724 = ORIENTED_EDGE ( 'NONE', *, *, #1551, .F. ) ;
#725 = CIRCLE ( 'NONE', #8409, 0.08999999999999980238 ) ;
#726 = CARTESIAN_POINT ( 'NONE',  ( 1.750000000000000222, 0.2699999999999994071, -3.159999999999998810 ) ) ;
#727 = VERTEX_POINT ( 'NONE', #3869 ) ;
#728 = PRESENTATION_STYLE_ASSIGNMENT (( #7821 ) ) ;
#729 = FILL_AREA_STYLE ('',( #5444 ) ) ;
#730 =( NAMED_UNIT ( * ) PLANE_ANGLE_UNIT ( ) SI_UNIT ( $, .RADIAN. ) );
#731 = EDGE_CURVE ( 'NONE', #3686, #327, #10462, .T. ) ;
#732 = DIRECTION ( 'NONE',  ( 0.000000000000000000, 0.000000000000000000, 1.000000000000000000 ) ) ;
#733 = DIRECTION ( 'NONE',  ( 0.000000000000000000, 0.000000000000000000, 1.000000000000000000 ) ) ;
#734 = AXIS2_PLACEMENT_3D ( 'NONE', #951, #12100, #5096 ) ;
#735 = CARTESIAN_POINT ( 'NONE',  ( 2.750000000000000444, 1.355252715606880543E-16, -0.7499999999999993339 ) ) ;
#736 = PLANE ( 'NONE',  #7633 ) ;
#737 = PLANE ( 'NONE',  #5035 ) ;
#738 = COLOUR_RGB ( '',0.7921568627450980005, 0.8196078431372548767, 0.9333333333333333481 ) ;
#739 = DIRECTION ( 'NONE',  ( 1.000000000000000000, 0.000000000000000000, -0.000000000000000000 ) ) ;
#740 = SURFACE_SIDE_STYLE ('',( #11292 ) ) ;
#741 = UNCERTAINTY_MEASURE_WITH_UNIT (LENGTH_MEASURE( 1.000000000000000082E-05 ), #2537, 'distance_accuracy_value', 'NONE');
#742 = ORIENTED_EDGE ( 'NONE', *, *, #6196, .F. ) ;
#743 = UNCERTAINTY_MEASURE_WITH_UNIT (LENGTH_MEASURE( 1.000000000000000082E-05 ), #10038, 'distance_accuracy_value', 'NONE');
#744 =( NAMED_UNIT ( * ) SI_UNIT ( $, .STERADIAN. ) SOLID_ANGLE_UNIT ( ) );
#745 = VERTEX_POINT ( 'NONE', #6138 ) ;
#746 = CARTESIAN_POINT ( 'NONE',  ( -5.750000000000001776, 0.2699999999999994071, -6.500000000000000000 ) ) ;
#747 = MANIFOLD_SOLID_BREP ( 'LPattern1[187]', #4913 ) ;
#748 = DIRECTION ( 'NONE',  ( 0.000000000000000000, 0.000000000000000000, 1.000000000000000000 ) ) ;
#749 = ORIENTED_EDGE ( 'NONE', *, *, #5604, .F. ) ;
#750 = ORIENTED_EDGE ( 'NONE', *, *, #11585, .T. ) ;
#751 = CIRCLE ( 'NONE', #11337, 0.08999999999999980238 ) ;
#752 = VERTEX_POINT ( 'NONE', #1257 ) ;
#753 = FACE_OUTER_BOUND ( 'NONE', #471, .T. ) ;
#754 = SURFACE_STYLE_FILL_AREA ( #3725 ) ;
#755 = CARTESIAN_POINT ( 'NONE',  ( 0.7500000000000002220, 0.2699999999999994071, 2.250000000000000888 ) ) ;
#756 = DIRECTION ( 'NONE',  ( 0.000000000000000000, 0.000000000000000000, -1.000000000000000000 ) ) ;
#757 = AXIS2_PLACEMENT_3D ( 'NONE', #7024, #8032, #9032 ) ;
#758 = ORIENTED_EDGE ( 'NONE', *, *, #10824, .T. ) ;
#759 = PLANE ( 'NONE',  #774 ) ;
#760 = ORIENTED_EDGE ( 'NONE', *, *, #4020, .T. ) ;
#761 = EDGE_CURVE ( 'NONE', #4304, #3177, #1860, .T. ) ;
#762 = SURFACE_SIDE_STYLE ('',( #8694 ) ) ;
#763 = ADVANCED_FACE ( 'NONE', ( #1885 ), #8232, .T. ) ;
#764 = DIRECTION ( 'NONE',  ( 0.000000000000000000, 0.000000000000000000, 1.000000000000000000 ) ) ;
#765 =( LENGTH_UNIT ( ) NAMED_UNIT ( * ) SI_UNIT ( .MILLI., .METRE. ) );
#766 =( LENGTH_UNIT ( ) NAMED_UNIT ( * ) SI_UNIT ( .MILLI., .METRE. ) );
#767 = ORIENTED_EDGE ( 'NONE', *, *, #11400, .T. ) ;
#768 =( LENGTH_UNIT ( ) NAMED_UNIT ( * ) SI_UNIT ( .MILLI., .METRE. ) );
#769 = MECHANICAL_DESIGN_GEOMETRIC_PRESENTATION_REPRESENTATION (  '', ( #8208 ), #1672 ) ;
#770 = DIRECTION ( 'NONE',  ( 0.000000000000000000, 0.000000000000000000, 1.000000000000000000 ) ) ;
#771 = FACE_OUTER_BOUND ( 'NONE', #6375, .T. ) ;
#772 = SURFACE_STYLE_FILL_AREA ( #2014 ) ;
#773 = DIRECTION ( 'NONE',  ( 1.000000000000000000, 0.000000000000000000, -0.000000000000000000 ) ) ;
#774 = AXIS2_PLACEMENT_3D ( 'NONE', #1738, #9475, #4727 ) ;
#775 = MANIFOLD_SOLID_BREP ( 'LPattern1[84]', #11012 ) ;
#776 = EDGE_CURVE ( 'NONE', #6812, #4745, #10978, .T. ) ;
#777 = ORIENTED_EDGE ( 'NONE', *, *, #11475, .F. ) ;
#778 = ADVANCED_FACE ( 'NONE', ( #2343 ), #10314, .T. ) ;
#779 = SPHERICAL_SURFACE ( 'NONE', #3056, 0.1499999999999998557 ) ;
#780 = SURFACE_STYLE_FILL_AREA ( #8891 ) ;
#781 =( LENGTH_UNIT ( ) NAMED_UNIT ( * ) SI_UNIT ( .MILLI., .METRE. ) );
#782 = EDGE_CURVE ( 'NONE', #2026, #2458, #2274, .T. ) ;
#783 = CARTESIAN_POINT ( 'NONE',  ( -3.250000000000000000, 0.1499999999999999944, 2.750000000000000888 ) ) ;
#784 = EDGE_LOOP ( 'NONE', ( #8100, #9065, #4900 ) ) ;
#785 = ORIENTED_EDGE ( 'NONE', *, *, #5582, .F. ) ;
#786 = DIRECTION ( 'NONE',  ( 1.000000000000000000, 0.000000000000000000, -0.000000000000000000 ) ) ;
#787 = CARTESIAN_POINT ( 'NONE',  ( -1.249999999999999778, 1.355252715606880543E-16, -1.249999999999999334 ) ) ;
#788 = ORIENTED_EDGE ( 'NONE', *, *, #8217, .T. ) ;
#789 = MECHANICAL_DESIGN_GEOMETRIC_PRESENTATION_REPRESENTATION (  '', ( #4814 ), #1410 ) ;
#790 = DIRECTION ( 'NONE',  ( 1.000000000000000000, 0.000000000000000000, -0.000000000000000000 ) ) ;
#791 = FACE_OUTER_BOUND ( 'NONE', #8410, .T. ) ;
#792 = CARTESIAN_POINT ( 'NONE',  ( -2.750000000000000000, 0.2699999999999994071, -2.159999999999998810 ) ) ;
#793 = SPHERICAL_SURFACE ( 'NONE', #11167, 0.1499999999999998557 ) ;
#794 = CARTESIAN_POINT ( 'NONE',  ( -0.2499999999999997780, 0.2699999999999994071, 2.750000000000001332 ) ) ;
#795 = DIRECTION ( 'NONE',  ( 0.000000000000000000, 0.000000000000000000, 1.000000000000000000 ) ) ;
#796 = ORIENTED_EDGE ( 'NONE', *, *, #5094, .F. ) ;
#797 = FACE_OUTER_BOUND ( 'NONE', #5360, .T. ) ;
#798 = CARTESIAN_POINT ( 'NONE',  ( -1.249999999999999778, 0.1499999999999999944, 0.2500000000000006661 ) ) ;
#799 = CARTESIAN_POINT ( 'NONE',  ( -0.7499999999999997780, 1.355252715606880543E-16, -2.249999999999999556 ) ) ;
#800 = DIRECTION ( 'NONE',  ( 0.000000000000000000, 0.000000000000000000, 1.000000000000000000 ) ) ;
#801 = PLANE ( 'NONE',  #6804 ) ;
#802 = FACE_OUTER_BOUND ( 'NONE', #6612, .T. ) ;
#803 = CARTESIAN_POINT ( 'NONE',  ( 3.250000000000000888, 0.2699999999999994071, 1.250000000000001554 ) ) ;
#804 = EDGE_CURVE ( 'NONE', #3049, #3536, #10891, .T. ) ;
#805 = DIRECTION ( 'NONE',  ( 1.000000000000000000, 0.000000000000000000, -0.000000000000000000 ) ) ;
#806 = SPHERICAL_SURFACE ( 'NONE', #11308, 0.1499999999999998557 ) ;
#807 = AXIS2_PLACEMENT_3D ( 'NONE', #3535, #8696, #3858 ) ;
#808 = ORIENTED_EDGE ( 'NONE', *, *, #32, .T. ) ;
#809 = CARTESIAN_POINT ( 'NONE',  ( -0.2499999999999997780, 0.2699999999999994071, 2.160000000000000586 ) ) ;
#810 = DIRECTION ( 'NONE',  ( 0.000000000000000000, 0.000000000000000000, 1.000000000000000000 ) ) ;
#811 = VERTEX_POINT ( 'NONE', #10396 ) ;
#812 = CIRCLE ( 'NONE', #6797, 0.1499999999999999667 ) ;
#813 = SURFACE_STYLE_FILL_AREA ( #7772 ) ;
#814 = AXIS2_PLACEMENT_3D ( 'NONE', #8737, #2642, #10567 ) ;
#815 = AXIS2_PLACEMENT_3D ( 'NONE', #12472, #11215, #345 ) ;
#816 = EDGE_LOOP ( 'NONE', ( #6262, #11257, #1955, #2108 ) ) ;
#817 = SURFACE_STYLE_FILL_AREA ( #2777 ) ;
#818 = SPHERICAL_SURFACE ( 'NONE', #308, 0.1499999999999998557 ) ;
#819 = DIRECTION ( 'NONE',  ( -0.000000000000000000, 1.000000000000000000, -0.000000000000000000 ) ) ;
#820 = FILL_AREA_STYLE ('',( #12679 ) ) ;
#821 = DIRECTION ( 'NONE',  ( 0.000000000000000000, 0.000000000000000000, 1.000000000000000000 ) ) ;
#822 = FACE_OUTER_BOUND ( 'NONE', #12272, .T. ) ;
#823 = EDGE_CURVE ( 'NONE', #10576, #4400, #2246, .T. ) ;
#824 = DIRECTION ( 'NONE',  ( 0.000000000000000000, 0.000000000000000000, -1.000000000000000000 ) ) ;
#825 = DIRECTION ( 'NONE',  ( -0.000000000000000000, 1.000000000000000000, -0.000000000000000000 ) ) ;
#826 = CARTESIAN_POINT ( 'NONE',  ( 2.750000000000000444, 0.2699999999999994071, -1.159999999999999032 ) ) ;
#827 = SURFACE_SIDE_STYLE ('',( #926 ) ) ;
#828 = SPHERICAL_SURFACE ( 'NONE', #1694, 0.1499999999999998557 ) ;
#829 = FILL_AREA_STYLE_COLOUR ( '', #11760 ) ;
#830 = ORIENTED_EDGE ( 'NONE', *, *, #10447, .T. ) ;
#831 = EDGE_CURVE ( 'NONE', #12424, #10278, #2301, .T. ) ;
#832 = CARTESIAN_POINT ( 'NONE',  ( 2.750000000000000444, 0.2699999999999994071, 1.340000000000001412 ) ) ;
#833 = DIRECTION ( 'NONE',  ( 0.000000000000000000, 0.000000000000000000, 1.000000000000000000 ) ) ;
#834 = ORIENTED_EDGE ( 'NONE', *, *, #3978, .F. ) ;
#835 = ORIENTED_EDGE ( 'NONE', *, *, #6488, .T. ) ;
#836 = FACE_OUTER_BOUND ( 'NONE', #6547, .T. ) ;
#837 = PRESENTATION_LAYER_ASSIGNMENT (  '', '', ( #4373 ) ) ;
#838 = FACE_OUTER_BOUND ( 'NONE', #2515, .T. ) ;
#839 = CARTESIAN_POINT ( 'NONE',  ( -0.2499999999999997780, 0.1499999999999999944, -3.249999999999999556 ) ) ;
#840 = SURFACE_STYLE_FILL_AREA ( #2832 ) ;
#841 = CARTESIAN_POINT ( 'NONE',  ( 0.7500000000000002220, 0.2699999999999994071, -3.159999999999999254 ) ) ;
#842 = SPHERICAL_SURFACE ( 'NONE', #6970, 0.1499999999999998557 ) ;
#843 = CARTESIAN_POINT ( 'NONE',  ( -5.250000000000001776, 1.020035713374681574, -5.999999999999999112 ) ) ;
#844 = ORIENTED_EDGE ( 'NONE', *, *, #4835, .F. ) ;
#845 = SURFACE_STYLE_USAGE ( .BOTH. , #8475 ) ;
#846 = AXIS2_PLACEMENT_3D ( 'NONE', #5688, #2913, #8671 ) ;
#847 = STYLED_ITEM ( 'NONE', ( #8886 ), #9012 ) ;
#848 = CARTESIAN_POINT ( 'NONE',  ( -3.250000000000000000, 0.1499999999999999944, 2.250000000000000444 ) ) ;
#849 = FILL_AREA_STYLE ('',( #12717 ) ) ;
#850 = DIRECTION ( 'NONE',  ( -0.000000000000000000, 1.000000000000000000, -0.000000000000000000 ) ) ;
#851 = AXIS2_PLACEMENT_3D ( 'NONE', #2602, #989, #2775 ) ;
#852 = PLANE ( 'NONE',  #8250 ) ;
#853 = ORIENTED_EDGE ( 'NONE', *, *, #9664, .F. ) ;
#854 = SURFACE_STYLE_FILL_AREA ( #4129 ) ;
#855 = FACE_OUTER_BOUND ( 'NONE', #7236, .T. ) ;
#856 = DIRECTION ( 'NONE',  ( -0.000000000000000000, 1.000000000000000000, -0.000000000000000000 ) ) ;
#857 = DIRECTION ( 'NONE',  ( 0.000000000000000000, 0.000000000000000000, 1.000000000000000000 ) ) ;
#858 = ORIENTED_EDGE ( 'NONE', *, *, #8944, .T. ) ;
#859 = FACE_OUTER_BOUND ( 'NONE', #10084, .T. ) ;
#860 = DIRECTION ( 'NONE',  ( 0.000000000000000000, 0.000000000000000000, 1.000000000000000000 ) ) ;
#861 = DIRECTION ( 'NONE',  ( 0.000000000000000000, 0.000000000000000000, 1.000000000000000000 ) ) ;
#862 = CIRCLE ( 'NONE', #593, 0.08999999999999980238 ) ;
#863 = AXIS2_PLACEMENT_3D ( 'NONE', #8195, #11181, #312 ) ;
#864 = CARTESIAN_POINT ( 'NONE',  ( -2.250000000000000000, 0.1499999999999999944, -2.249999999999999556 ) ) ;
#865 = SPHERICAL_SURFACE ( 'NONE', #10082, 0.1499999999999998557 ) ;
#866 = EDGE_LOOP ( 'NONE', ( #3576, #6067 ) ) ;
#867 = MANIFOLD_SOLID_BREP ( 'LPattern1[63]', #9313 ) ;
#868 = ADVANCED_FACE ( 'NONE', ( #2170 ), #6564, .T. ) ;
#869 = EDGE_CURVE ( 'NONE', #11013, #9384, #6823, .T. ) ;
#870 = ADVANCED_FACE ( 'NONE', ( #2359 ), #4295, .T. ) ;
#871 = AXIS2_PLACEMENT_3D ( 'NONE', #10848, #4855, #129 ) ;
#872 =( GEOMETRIC_REPRESENTATION_CONTEXT ( 3 ) GLOBAL_UNCERTAINTY_ASSIGNED_CONTEXT ( ( #5650 ) ) GLOBAL_UNIT_ASSIGNED_CONTEXT ( ( #781, #6902, #1834 ) ) REPRESENTATION_CONTEXT ( 'NONE', 'WORKASPACE' ) );
#873 = CARTESIAN_POINT ( 'NONE',  ( 2.750000000000000444, 1.355252715606880543E-16, -1.249999999999999334 ) ) ;
#874 = ORIENTED_EDGE ( 'NONE', *, *, #9776, .F. ) ;
#875 = EDGE_CURVE ( 'NONE', #2157, #2953, #10933, .T. ) ;
#876 = CARTESIAN_POINT ( 'NONE',  ( -1.249999999999999778, 1.355252715606880543E-16, -2.249999999999999556 ) ) ;
#877 = MECHANICAL_DESIGN_GEOMETRIC_PRESENTATION_REPRESENTATION (  '', ( #716 ), #7389 ) ;
#878 = SPHERICAL_SURFACE ( 'NONE', #10143, 0.1499999999999998557 ) ;
#879 = DIRECTION ( 'NONE',  ( 0.000000000000000000, 0.000000000000000000, 1.000000000000000000 ) ) ;
#880 = CARTESIAN_POINT ( 'NONE',  ( 3.250000000000000888, 0.1499999999999999944, 2.750000000000000888 ) ) ;
#881 = VERTEX_POINT ( 'NONE', #529 ) ;
#882 = ADVANCED_FACE ( 'NONE', ( #6672 ), #9001, .T. ) ;
#883 = FACE_OUTER_BOUND ( 'NONE', #4838, .T. ) ;
#884 =( NAMED_UNIT ( * ) SI_UNIT ( $, .STERADIAN. ) SOLID_ANGLE_UNIT ( ) );
#885 = ADVANCED_FACE ( 'NONE', ( #6843 ), #2190, .T. ) ;
#886 = CARTESIAN_POINT ( 'NONE',  ( -3.250000000000000000, 0.2699999999999994071, -1.249999999999998890 ) ) ;
#887 = CARTESIAN_POINT ( 'NONE',  ( -1.249999999999999778, 0.1499999999999999944, -0.2499999999999993616 ) ) ;
#888 = FILL_AREA_STYLE_COLOUR ( '', #9967 ) ;
#889 = UNCERTAINTY_MEASURE_WITH_UNIT (LENGTH_MEASURE( 1.000000000000000082E-05 ), #3767, 'distance_accuracy_value', 'NONE');
#890 = CARTESIAN_POINT ( 'NONE',  ( -4.312500000000001776, 0.4199999999999999289, -5.062499999999999112 ) ) ;
#891 = DIRECTION ( 'NONE',  ( -0.000000000000000000, 1.000000000000000000, 0.000000000000000000 ) ) ;
#892 = SPHERICAL_SURFACE ( 'NONE', #12085, 0.1499999999999998557 ) ;
#893 = CLOSED_SHELL ( 'NONE', ( #4171, #11915, #722 ) ) ;
#894 = ADVANCED_FACE ( 'NONE', ( #11067 ), #10738, .T. ) ;
#895 = EDGE_CURVE ( 'NONE', #10349, #7667, #2549, .T. ) ;
#896 = VERTEX_POINT ( 'NONE', #8181 ) ;
#897 = PRESENTATION_LAYER_ASSIGNMENT (  '', '', ( #2554 ) ) ;
#898 = FACE_OUTER_BOUND ( 'NONE', #10248, .T. ) ;
#899 = DIRECTION ( 'NONE',  ( 1.000000000000000000, 0.000000000000000000, -0.000000000000000000 ) ) ;
#900 = UNCERTAINTY_MEASURE_WITH_UNIT (LENGTH_MEASURE( 1.000000000000000082E-05 ), #6999, 'distance_accuracy_value', 'NONE');
#901 = UNCERTAINTY_MEASURE_WITH_UNIT (LENGTH_MEASURE( 1.000000000000000082E-05 ), #7104, 'distance_accuracy_value', 'NONE');
#902 = ORIENTED_EDGE ( 'NONE', *, *, #9925, .F. ) ;
#903 = LINE ( 'NONE', #5630, #710 ) ;
#904 = CARTESIAN_POINT ( 'NONE',  ( -2.250000000000000000, 0.2699999999999994071, 0.3400000000000009126 ) ) ;
#905 = DIRECTION ( 'NONE',  ( 0.000000000000000000, 0.000000000000000000, 1.000000000000000000 ) ) ;
#906 =( NAMED_UNIT ( * ) SI_UNIT ( $, .STERADIAN. ) SOLID_ANGLE_UNIT ( ) );
#907 = COLOUR_RGB ( '',0.7921568627450980005, 0.8196078431372548767, 0.9333333333333333481 ) ;
#908 = AXIS2_PLACEMENT_3D ( 'NONE', #12606, #11448, #9535 ) ;
#909 = DIRECTION ( 'NONE',  ( 0.000000000000000000, 0.000000000000000000, 1.000000000000000000 ) ) ;
#910 = CARTESIAN_POINT ( 'NONE',  ( -2.750000000000000000, 0.2699999999999994071, 0.8400000000000008571 ) ) ;
#911 = DIRECTION ( 'NONE',  ( 1.000000000000000000, 0.000000000000000000, -0.000000000000000000 ) ) ;
#912 = CARTESIAN_POINT ( 'NONE',  ( 3.250000000000000888, 0.1499999999999999944, -0.7499999999999993339 ) ) ;
#913 = CARTESIAN_POINT ( 'NONE',  ( -2.750000000000000000, 0.2699999999999994071, -0.7499999999999988898 ) ) ;
#914 =( NAMED_UNIT ( * ) PLANE_ANGLE_UNIT ( ) SI_UNIT ( $, .RADIAN. ) );
#915 = EDGE_CURVE ( 'NONE', #11964, #7936, #6542, .T. ) ;
#916 = CARTESIAN_POINT ( 'NONE',  ( -1.249999999999999778, 0.1499999999999999944, -2.249999999999999556 ) ) ;
#917 = PRESENTATION_LAYER_ASSIGNMENT (  '', '', ( #1968 ) ) ;
#918 = ORIENTED_EDGE ( 'NONE', *, *, #11394, .F. ) ;
#919 = PRESENTATION_LAYER_ASSIGNMENT (  '', '', ( #144 ) ) ;
#920 =( NAMED_UNIT ( * ) SI_UNIT ( $, .STERADIAN. ) SOLID_ANGLE_UNIT ( ) );
#921 = EDGE_CURVE ( 'NONE', #1434, #2665, #11164, .T. ) ;
#922 = ORIENTED_EDGE ( 'NONE', *, *, #12838, .T. ) ;
#923 = MECHANICAL_DESIGN_GEOMETRIC_PRESENTATION_REPRESENTATION (  '', ( #5394 ), #1220 ) ;
#924 = AXIS2_PLACEMENT_3D ( 'NONE', #704, #1684, #2653 ) ;
#925 = ORIENTED_EDGE ( 'NONE', *, *, #8973, .T. ) ;
#926 = SURFACE_STYLE_FILL_AREA ( #9705 ) ;
#927 = CARTESIAN_POINT ( 'NONE',  ( -2.750000000000000000, 0.2699999999999994071, -2.749999999999999112 ) ) ;
#928 =( GEOMETRIC_REPRESENTATION_CONTEXT ( 3 ) GLOBAL_UNCERTAINTY_ASSIGNED_CONTEXT ( ( #9324 ) ) GLOBAL_UNIT_ASSIGNED_CONTEXT ( ( #1655, #2626, #12463 ) ) REPRESENTATION_CONTEXT ( 'NONE', 'WORKASPACE' ) );
#929 = EDGE_CURVE ( 'NONE', #1712, #6033, #6695, .T. ) ;
#930 = CARTESIAN_POINT ( 'NONE',  ( 3.250000000000000888, 1.355252715606880543E-16, -1.249999999999999334 ) ) ;
#931 = CARTESIAN_POINT ( 'NONE',  ( 1.250000000000000666, 0.2699999999999994071, -3.249999999999999112 ) ) ;
#932 = SPHERICAL_SURFACE ( 'NONE', #11450, 0.1499999999999998557 ) ;
#933 = AXIS2_PLACEMENT_3D ( 'NONE', #9945, #9853, #5766 ) ;
#934 = DIRECTION ( 'NONE',  ( 0.000000000000000000, 0.000000000000000000, 1.000000000000000000 ) ) ;
#935 = EDGE_LOOP ( 'NONE', ( #4636, #3329 ) ) ;
#936 = DIRECTION ( 'NONE',  ( -1.000000000000000000, 0.000000000000000000, 0.000000000000000000 ) ) ;
#937 = EDGE_CURVE ( 'NONE', #2205, #4699, #6715, .T. ) ;
#938 = CARTESIAN_POINT ( 'NONE',  ( -2.250000000000000000, 0.1499999999999999944, -2.249999999999999556 ) ) ;
#939 = CARTESIAN_POINT ( 'NONE',  ( -2.750000000000000000, 1.355252715606880543E-16, -0.7499999999999993339 ) ) ;
#940 = STYLED_ITEM ( 'NONE', ( #1940 ), #10050 ) ;
#941 = DIRECTION ( 'NONE',  ( 0.000000000000000000, 0.000000000000000000, 1.000000000000000000 ) ) ;
#942 = ORIENTED_EDGE ( 'NONE', *, *, #11150, .F. ) ;
#943 = MANIFOLD_SOLID_BREP ( 'LPattern1[183]', #5862 ) ;
#944 = CIRCLE ( 'NONE', #8968, 0.1499999999999999667 ) ;
#945 = DIRECTION ( 'NONE',  ( 0.000000000000000000, 0.000000000000000000, 1.000000000000000000 ) ) ;
#946 = CARTESIAN_POINT ( 'NONE',  ( -1.249999999999999778, 0.2699999999999994071, 0.7500000000000011102 ) ) ;
#947 = EDGE_LOOP ( 'NONE', ( #202, #8596, #9408 ) ) ;
#948 = DIRECTION ( 'NONE',  ( 0.000000000000000000, 0.000000000000000000, 1.000000000000000000 ) ) ;
#949 = CARTESIAN_POINT ( 'NONE',  ( 0.7500000000000002220, 0.2699999999999994071, -1.339999999999999192 ) ) ;
#950 = AXIS2_PLACEMENT_3D ( 'NONE', #4738, #1668, #7840 ) ;
#951 = CARTESIAN_POINT ( 'NONE',  ( 2.250000000000000000, 0.2699999999999994071, 3.250000000000001776 ) ) ;
#952 = ORIENTED_EDGE ( 'NONE', *, *, #5299, .T. ) ;
#953 = STYLED_ITEM ( 'NONE', ( #728 ), #7437 ) ;
#954 = DIRECTION ( 'NONE',  ( -0.000000000000000000, 1.000000000000000000, 0.000000000000000000 ) ) ;
#955 = EDGE_CURVE ( 'NONE', #29, #1171, #6519, .T. ) ;
#956 = ORIENTED_EDGE ( 'NONE', *, *, #8822, .T. ) ;
#957 = AXIS2_PLACEMENT_3D ( 'NONE', #11183, #399, #12199 ) ;
#958 = CARTESIAN_POINT ( 'NONE',  ( 0.2500000000000002220, 0.1499999999999999944, -1.249999999999999334 ) ) ;
#959 = SPHERICAL_SURFACE ( 'NONE', #8804, 0.1499999999999998557 ) ;
#960 = DIRECTION ( 'NONE',  ( 0.000000000000000000, 0.000000000000000000, 1.000000000000000000 ) ) ;
#961 = VERTEX_POINT ( 'NONE', #11656 ) ;
#962 = MANIFOLD_SOLID_BREP ( 'LPattern1[95]', #11955 ) ;
#963 = DIRECTION ( 'NONE',  ( -0.000000000000000000, 1.000000000000000000, -0.000000000000000000 ) ) ;
#964 = DIRECTION ( 'NONE',  ( 0.000000000000000000, 0.000000000000000000, 1.000000000000000000 ) ) ;
#965 = CARTESIAN_POINT ( 'NONE',  ( -0.7499999999999997780, 0.1499999999999999944, -1.249999999999999334 ) ) ;
#966 = SPHERICAL_SURFACE ( 'NONE', #3203, 0.1499999999999998557 ) ;
#967 = DIRECTION ( 'NONE',  ( 0.000000000000000000, 0.000000000000000000, -1.000000000000000000 ) ) ;
#968 = DIRECTION ( 'NONE',  ( 0.000000000000000000, 0.000000000000000000, 1.000000000000000000 ) ) ;
#969 = FACE_OUTER_BOUND ( 'NONE', #7656, .T. ) ;
#970 = ORIENTED_EDGE ( 'NONE', *, *, #11071, .F. ) ;
#971 = ADVANCED_FACE ( 'NONE', ( #6986, #7071 ), #6733, .F. ) ;
#972 = DIRECTION ( 'NONE',  ( 0.000000000000000000, 0.000000000000000000, 1.000000000000000000 ) ) ;
#973 = FILL_AREA_STYLE_COLOUR ( '', #11867 ) ;
#974 = CLOSED_SHELL ( 'NONE', ( #10037, #3076, #10031 ) ) ;
#975 = CIRCLE ( 'NONE', #8196, 0.08999999999999980238 ) ;
#976 = CARTESIAN_POINT ( 'NONE',  ( 2.250000000000000000, 0.2699999999999994071, 0.3400000000000010236 ) ) ;
#977 = VERTEX_POINT ( 'NONE', #1747 ) ;
#978 = ADVANCED_FACE ( 'NONE', ( #7157 ), #3121, .T. ) ;
#979 = SPHERICAL_SURFACE ( 'NONE', #6514, 0.1499999999999998557 ) ;
#980 = CIRCLE ( 'NONE', #2462, 0.08999999999999980238 ) ;
#981 = EDGE_CURVE ( 'NONE', #6884, #8662, #7008, .T. ) ;
#982 = CARTESIAN_POINT ( 'NONE',  ( -2.250000000000000000, 0.1499999999999999944, -3.249999999999999556 ) ) ;
#983 = ADVANCED_FACE ( 'NONE', ( #7200 ), #579, .T. ) ;
#984 = CARTESIAN_POINT ( 'NONE',  ( 3.250000000000000888, 0.2699999999999994071, -1.749999999999998890 ) ) ;
#985 = CIRCLE ( 'NONE', #8622, 0.08999999999999980238 ) ;
#986 = FILL_AREA_STYLE_COLOUR ( '', #8243 ) ;
#987 = CARTESIAN_POINT ( 'NONE',  ( 2.750000000000000444, 0.1499999999999999944, -1.249999999999999334 ) ) ;
#988 = FILL_AREA_STYLE ('',( #12682 ) ) ;
#989 = DIRECTION ( 'NONE',  ( -0.000000000000000000, 1.000000000000000000, -0.000000000000000000 ) ) ;
#990 = DIRECTION ( 'NONE',  ( 1.000000000000000000, 0.000000000000000000, -0.000000000000000000 ) ) ;
#991 = DIRECTION ( 'NONE',  ( -0.000000000000000000, 1.000000000000000000, -0.000000000000000000 ) ) ;
#992 = CLOSED_SHELL ( 'NONE', ( #1212, #3031, #12689 ) ) ;
#993 = ADVANCED_FACE ( 'NONE', ( #7434 ), #2785, .T. ) ;
#994 = SURFACE_SIDE_STYLE ('',( #9276 ) ) ;
#995 = STYLED_ITEM ( 'NONE', ( #7241 ), #6311 ) ;
#996 = EDGE_LOOP ( 'NONE', ( #8082, #8151, #3230 ) ) ;
#997 = CIRCLE ( 'NONE', #11472, 0.1499999999999999667 ) ;
#998 = VERTEX_POINT ( 'NONE', #4173 ) ;
#999 = CIRCLE ( 'NONE', #6194, 0.1499999999999999667 ) ;
#1000 = AXIS2_PLACEMENT_3D ( 'NONE', #2759, #6769, #4870 ) ;
#1001 = MECHANICAL_DESIGN_GEOMETRIC_PRESENTATION_REPRESENTATION (  '', ( #10029 ), #3486 ) ;
#1002 = DIRECTION ( 'NONE',  ( -0.000000000000000000, 1.000000000000000000, -0.000000000000000000 ) ) ;
#1003 = PRESENTATION_STYLE_ASSIGNMENT (( #5998 ) ) ;
#1004 = EDGE_CURVE ( 'NONE', #4784, #4655, #6911, .T. ) ;
#1005 = FILL_AREA_STYLE_COLOUR ( '', #9275 ) ;
#1006 =( NAMED_UNIT ( * ) PLANE_ANGLE_UNIT ( ) SI_UNIT ( $, .RADIAN. ) );
#1007 = LINE ( 'NONE', #10345, #9810 ) ;
#1008 = CARTESIAN_POINT ( 'NONE',  ( -1.749999999999999778, 0.2699999999999994071, -1.659999999999999254 ) ) ;
#1009 = ORIENTED_EDGE ( 'NONE', *, *, #9264, .F. ) ;
#1010 = AXIS2_PLACEMENT_3D ( 'NONE', #5413, #3426, #3670 ) ;
#1011 = DIRECTION ( 'NONE',  ( 0.000000000000000000, 0.000000000000000000, 1.000000000000000000 ) ) ;
#1012 = DIRECTION ( 'NONE',  ( -0.000000000000000000, 1.000000000000000000, 0.000000000000000000 ) ) ;
#1013 = CARTESIAN_POINT ( 'NONE',  ( -3.250000000000000000, 0.2699999999999994071, -0.2499999999999989175 ) ) ;
#1014 = ADVANCED_FACE ( 'NONE', ( #2616 ), #2825, .T. ) ;
#1015 = CLOSED_SHELL ( 'NONE', ( #12692, #10473, #11273 ) ) ;
#1016 = DIRECTION ( 'NONE',  ( 0.000000000000000000, 0.000000000000000000, 1.000000000000000000 ) ) ;
#1017 = CARTESIAN_POINT ( 'NONE',  ( 0.7500000000000002220, 0.2699999999999994071, -2.749999999999999112 ) ) ;
#1018 = FACE_OUTER_BOUND ( 'NONE', #11704, .T. ) ;
#1019 = DIRECTION ( 'NONE',  ( -1.000000000000000000, 0.000000000000000000, 0.000000000000000000 ) ) ;
#1020 = DIRECTION ( 'NONE',  ( -0.000000000000000000, 1.000000000000000000, 0.000000000000000000 ) ) ;
#1021 = SURFACE_STYLE_USAGE ( .BOTH. , #12634 ) ;
#1022 = ORIENTED_EDGE ( 'NONE', *, *, #1513, .T. ) ;
#1023 =( LENGTH_UNIT ( ) NAMED_UNIT ( * ) SI_UNIT ( .MILLI., .METRE. ) );
#1024 = CARTESIAN_POINT ( 'NONE',  ( 1.750000000000000222, 0.2699999999999994071, -2.659999999999999254 ) ) ;
#1025 = SPHERICAL_SURFACE ( 'NONE', #1648, 0.1499999999999998557 ) ;
#1026 = AXIS2_PLACEMENT_3D ( 'NONE', #5293, #7202, #1490 ) ;
#1027 = MANIFOLD_SOLID_BREP ( 'LPattern1[159]', #992 ) ;
#1028 = EDGE_CURVE ( 'NONE', #3477, #12221, #7411, .T. ) ;
#1029 =( LENGTH_UNIT ( ) NAMED_UNIT ( * ) SI_UNIT ( .MILLI., .METRE. ) );
#1030 = CIRCLE ( 'NONE', #7595, 0.08999999999999980238 ) ;
#1031 = MECHANICAL_DESIGN_GEOMETRIC_PRESENTATION_REPRESENTATION (  '', ( #422 ), #7699 ) ;
#1032 = EDGE_LOOP ( 'NONE', ( #10754, #6146, #874 ) ) ;
#1033 = AXIS2_PLACEMENT_3D ( 'NONE', #304, #8363, #3996 ) ;
#1034 =( NAMED_UNIT ( * ) SI_UNIT ( $, .STERADIAN. ) SOLID_ANGLE_UNIT ( ) );
#1035 = VERTEX_POINT ( 'NONE', #3284 ) ;
#1036 = UNCERTAINTY_MEASURE_WITH_UNIT (LENGTH_MEASURE( 1.000000000000000082E-05 ), #8147, 'distance_accuracy_value', 'NONE');
#1037 = SURFACE_STYLE_FILL_AREA ( #171 ) ;
#1038 = UNCERTAINTY_MEASURE_WITH_UNIT (LENGTH_MEASURE( 1.000000000000000082E-05 ), #6341, 'distance_accuracy_value', 'NONE');
#1039 = DIRECTION ( 'NONE',  ( 1.000000000000000000, 0.000000000000000000, -0.000000000000000000 ) ) ;
#1040 = AXIS2_PLACEMENT_3D ( 'NONE', #5598, #5940, #2114 ) ;
#1041 = DIRECTION ( 'NONE',  ( 0.000000000000000000, 0.000000000000000000, 1.000000000000000000 ) ) ;
#1042 = ORIENTED_EDGE ( 'NONE', *, *, #238, .F. ) ;
#1043 = FACE_OUTER_BOUND ( 'NONE', #12158, .T. ) ;
#1044 = PRESENTATION_STYLE_ASSIGNMENT (( #4003 ) ) ;
#1045 = CARTESIAN_POINT ( 'NONE',  ( -3.250000000000000000, 0.1499999999999999944, -2.749999999999999556 ) ) ;
#1046 = CIRCLE ( 'NONE', #7215, 0.1499999999999999667 ) ;
#1047 = DIRECTION ( 'NONE',  ( 0.000000000000000000, 0.000000000000000000, 1.000000000000000000 ) ) ;
#1048 = EDGE_CURVE ( 'NONE', #7206, #12099, #11275, .T. ) ;
#1049 = DIRECTION ( 'NONE',  ( 0.000000000000000000, 0.000000000000000000, 1.000000000000000000 ) ) ;
#1050 = DIRECTION ( 'NONE',  ( 1.000000000000000000, 0.000000000000000000, -0.000000000000000000 ) ) ;
#1051 = DIRECTION ( 'NONE',  ( 1.000000000000000000, 0.000000000000000000, -0.000000000000000000 ) ) ;
#1052 = AXIS2_PLACEMENT_3D ( 'NONE', #2033, #12054, #972 ) ;
#1053 = ORIENTED_EDGE ( 'NONE', *, *, #2527, .T. ) ;
#1054 = AXIS2_PLACEMENT_3D ( 'NONE', #2203, #5545, #7100 ) ;
#1055 = CARTESIAN_POINT ( 'NONE',  ( -2.750000000000000000, 0.2699999999999994071, 2.160000000000000586 ) ) ;
#1056 = DIRECTION ( 'NONE',  ( -0.000000000000000000, 1.000000000000000000, -0.000000000000000000 ) ) ;
#1057 = EDGE_CURVE ( 'NONE', #6812, #11753, #11722, .T. ) ;
#1058 = ORIENTED_EDGE ( 'NONE', *, *, #6410, .T. ) ;
#1059 = PRESENTATION_STYLE_ASSIGNMENT (( #9897 ) ) ;
#1060 = SURFACE_STYLE_FILL_AREA ( #10282 ) ;
#1061 = MECHANICAL_DESIGN_GEOMETRIC_PRESENTATION_REPRESENTATION (  '', ( #2437 ), #10528 ) ;
#1062 = DIRECTION ( 'NONE',  ( 1.000000000000000000, 0.000000000000000000, -0.000000000000000000 ) ) ;
#1063 = EDGE_CURVE ( 'NONE', #9462, #12508, #11363, .T. ) ;
#1064 = ORIENTED_EDGE ( 'NONE', *, *, #11803, .T. ) ;
#1065 = CARTESIAN_POINT ( 'NONE',  ( 3.250000000000000888, 0.1499999999999999944, 1.750000000000000666 ) ) ;
#1066 = PLANE ( 'NONE',  #2904 ) ;
#1067 = CIRCLE ( 'NONE', #6464, 0.1499999999999999667 ) ;
#1068 = DIRECTION ( 'NONE',  ( 0.000000000000000000, 0.000000000000000000, 1.000000000000000000 ) ) ;
#1069 = EDGE_CURVE ( 'NONE', #7003, #36, #2659, .T. ) ;
#1070 = CARTESIAN_POINT ( 'NONE',  ( 1.250000000000000666, 0.1499999999999999944, 3.250000000000001332 ) ) ;
#1071 = DIRECTION ( 'NONE',  ( 0.000000000000000000, 0.000000000000000000, 1.000000000000000000 ) ) ;
#1072 = CARTESIAN_POINT ( 'NONE',  ( -5.750000000000001776, -17.35655495770977907, 6.500000000000000000 ) ) ;
#1073 =( NAMED_UNIT ( * ) PLANE_ANGLE_UNIT ( ) SI_UNIT ( $, .RADIAN. ) );
#1074 = CARTESIAN_POINT ( 'NONE',  ( 0.2500000000000002220, 0.1499999999999999944, 1.250000000000001110 ) ) ;
#1075 = PRESENTATION_STYLE_ASSIGNMENT (( #6340 ) ) ;
#1076 = CARTESIAN_POINT ( 'NONE',  ( -5.750000000000001776, 0.4200000000000002620, -6.500000000000000000 ) ) ;
#1077 = DIRECTION ( 'NONE',  ( 0.000000000000000000, 0.000000000000000000, 1.000000000000000000 ) ) ;
#1078 = CLOSED_SHELL ( 'NONE', ( #7227, #88, #882 ) ) ;
#1079 = MECHANICAL_DESIGN_GEOMETRIC_PRESENTATION_REPRESENTATION (  '', ( #3830 ), #3050 ) ;
#1080 = DIRECTION ( 'NONE',  ( -1.000000000000000000, 0.000000000000000000, 0.000000000000000000 ) ) ;
#1081 = STYLED_ITEM ( 'NONE', ( #378 ), #112 ) ;
#1082 = ADVANCED_FACE ( 'NONE', ( #2807 ), #3170, .T. ) ;
#1083 = EDGE_LOOP ( 'NONE', ( #6019, #6940, #10234 ) ) ;
#1084 = AXIS2_PLACEMENT_3D ( 'NONE', #1294, #3266, #27 ) ;
#1085 = PRESENTATION_STYLE_ASSIGNMENT (( #7642 ) ) ;
#1086 = EDGE_LOOP ( 'NONE', ( #11518, #10002, #3342 ) ) ;
#1087 =( GEOMETRIC_REPRESENTATION_CONTEXT ( 3 ) GLOBAL_UNCERTAINTY_ASSIGNED_CONTEXT ( ( #7247 ) ) GLOBAL_UNIT_ASSIGNED_CONTEXT ( ( #11590, #12575, #1610 ) ) REPRESENTATION_CONTEXT ( 'NONE', 'WORKASPACE' ) );
#1088 = ADVANCED_FACE ( 'NONE', ( #11291 ), #3100, .T. ) ;
#1089 = CIRCLE ( 'NONE', #642, 0.1499999999999998557 ) ;
#1090 = ADVANCED_FACE ( 'NONE', ( #7460 ), #11763, .T. ) ;
#1091 = EDGE_CURVE ( 'NONE', #3035, #408, #3146, .T. ) ;
#1092 = CARTESIAN_POINT ( 'NONE',  ( -2.750000000000000000, 0.2699999999999994071, 1.750000000000001110 ) ) ;
#1093 = SURFACE_STYLE_FILL_AREA ( #3734 ) ;
#1094 = CLOSED_SHELL ( 'NONE', ( #3030, #6174, #10955 ) ) ;
#1095 = MECHANICAL_DESIGN_GEOMETRIC_PRESENTATION_REPRESENTATION (  '', ( #8528 ), #4474 ) ;
#1096 = DIRECTION ( 'NONE',  ( 0.000000000000000000, 0.000000000000000000, 1.000000000000000000 ) ) ;
#1097 = AXIS2_PLACEMENT_3D ( 'NONE', #7271, #7182, #2431 ) ;
#1098 = ORIENTED_EDGE ( 'NONE', *, *, #9519, .T. ) ;
#1099 =( LENGTH_UNIT ( ) NAMED_UNIT ( * ) SI_UNIT ( .MILLI., .METRE. ) );
#1100 = ADVANCED_FACE ( 'NONE', ( #7483 ), #737, .T. ) ;
#1101 = CARTESIAN_POINT ( 'NONE',  ( 3.250000000000000888, 0.1499999999999999944, -1.249999999999999334 ) ) ;
#1102 = CARTESIAN_POINT ( 'NONE',  ( 1.250000000000000666, 0.2699999999999994071, -0.3399999999999992473 ) ) ;
#1103 = CARTESIAN_POINT ( 'NONE',  ( -1.749999999999999778, 0.1499999999999999944, 2.750000000000000888 ) ) ;
#1104 = CARTESIAN_POINT ( 'NONE',  ( 3.250000000000000888, 0.1499999999999999944, -0.7499999999999993339 ) ) ;
#1105 = ORIENTED_EDGE ( 'NONE', *, *, #7330, .F. ) ;
#1106 = DIRECTION ( 'NONE',  ( 0.000000000000000000, 0.000000000000000000, 1.000000000000000000 ) ) ;
#1107 = DIRECTION ( 'NONE',  ( -0.000000000000000000, 1.000000000000000000, 0.000000000000000000 ) ) ;
#1108 = SPHERICAL_SURFACE ( 'NONE', #10841, 0.1499999999999998557 ) ;
#1109 = COLOUR_RGB ( '',0.7921568627450980005, 0.8196078431372548767, 0.9333333333333333481 ) ;
#1110 = DIRECTION ( 'NONE',  ( 0.000000000000000000, 0.000000000000000000, 1.000000000000000000 ) ) ;
#1111 = CARTESIAN_POINT ( 'NONE',  ( -1.749999999999999778, 0.1499999999999999944, 2.750000000000000888 ) ) ;
#1112 =( GEOMETRIC_REPRESENTATION_CONTEXT ( 3 ) GLOBAL_UNCERTAINTY_ASSIGNED_CONTEXT ( ( #3262 ) ) GLOBAL_UNIT_ASSIGNED_CONTEXT ( ( #766, #2977, #5914 ) ) REPRESENTATION_CONTEXT ( 'NONE', 'WORKASPACE' ) );
#1113 = DIRECTION ( 'NONE',  ( 1.000000000000000000, 0.000000000000000000, -0.000000000000000000 ) ) ;
#1114 = ORIENTED_EDGE ( 'NONE', *, *, #4835, .T. ) ;
#1115 = SPHERICAL_SURFACE ( 'NONE', #8520, 0.1499999999999998557 ) ;
#1116 = DIRECTION ( 'NONE',  ( 0.000000000000000000, 0.000000000000000000, 1.000000000000000000 ) ) ;
#1117 = AXIS2_PLACEMENT_3D ( 'NONE', #8425, #11153, #458 ) ;
#1118 = PRESENTATION_LAYER_ASSIGNMENT (  '', '', ( #1576 ) ) ;
#1119 = VERTEX_POINT ( 'NONE', #1721 ) ;
#1120 = EDGE_CURVE ( 'NONE', #11166, #7003, #11787, .T. ) ;
#1121 = EDGE_CURVE ( 'NONE', #8752, #2923, #2743, .T. ) ;
#1122 = DIRECTION ( 'NONE',  ( -0.000000000000000000, 1.000000000000000000, -0.000000000000000000 ) ) ;
#1123 = AXIS2_PLACEMENT_3D ( 'NONE', #9580, #7521, #12740 ) ;
#1124 = ORIENTED_EDGE ( 'NONE', *, *, #2, .F. ) ;
#1125 = DIRECTION ( 'NONE',  ( 1.000000000000000000, 0.000000000000000000, -0.000000000000000000 ) ) ;
#1126 = DIRECTION ( 'NONE',  ( 0.000000000000000000, 0.000000000000000000, 1.000000000000000000 ) ) ;
#1127 =( NAMED_UNIT ( * ) SI_UNIT ( $, .STERADIAN. ) SOLID_ANGLE_UNIT ( ) );
#1128 = ADVANCED_FACE ( 'NONE', ( #11319, #7507 ), #10618, .F. ) ;
#1129 = CLOSED_SHELL ( 'NONE', ( #7324, #2243, #375 ) ) ;
#1130 = SURFACE_SIDE_STYLE ('',( #9341 ) ) ;
#1131 = PRESENTATION_STYLE_ASSIGNMENT (( #296 ) ) ;
#1132 = CARTESIAN_POINT ( 'NONE',  ( -2.250000000000000000, 0.2699999999999994071, -3.339999999999999414 ) ) ;
#1133 = MANIFOLD_SOLID_BREP ( 'LPattern1[164]', #9820 ) ;
#1134 = ADVANCED_FACE ( 'NONE', ( #3271 ), #11909, .T. ) ;
#1135 = ORIENTED_EDGE ( 'NONE', *, *, #10335, .T. ) ;
#1136 = FACE_OUTER_BOUND ( 'NONE', #2772, .T. ) ;
#1137 = CARTESIAN_POINT ( 'NONE',  ( 1.250000000000000666, 0.1499999999999999944, -3.249999999999999556 ) ) ;
#1138 = DIRECTION ( 'NONE',  ( 0.000000000000000000, 0.000000000000000000, 1.000000000000000000 ) ) ;
#1139 = CARTESIAN_POINT ( 'NONE',  ( 3.250000000000000888, 0.1499999999999999944, 2.250000000000000444 ) ) ;
#1140 = ORIENTED_EDGE ( 'NONE', *, *, #9739, .T. ) ;
#1141 = AXIS2_PLACEMENT_3D ( 'NONE', #7700, #3832, #4854 ) ;
#1142 = SURFACE_SIDE_STYLE ('',( #9049 ) ) ;
#1143 = CARTESIAN_POINT ( 'NONE',  ( -1.249999999999999778, 0.2699999999999994071, -0.1599999999999991152 ) ) ;
#1144 = SURFACE_SIDE_STYLE ('',( #7151 ) ) ;
#1145 = EDGE_CURVE ( 'NONE', #1327, #3002, #3216, .T. ) ;
#1146 = FACE_OUTER_BOUND ( 'NONE', #11112, .T. ) ;
#1147 = ORIENTED_EDGE ( 'NONE', *, *, #12581, .T. ) ;
#1148 = AXIS2_PLACEMENT_3D ( 'NONE', #848, #6155, #8983 ) ;
#1149 = CARTESIAN_POINT ( 'NONE',  ( -1.749999999999999778, 0.2699999999999994071, -2.339999999999999414 ) ) ;
#1150 = ORIENTED_EDGE ( 'NONE', *, *, #11793, .F. ) ;
#1151 = ORIENTED_EDGE ( 'NONE', *, *, #7509, .T. ) ;
#1152 = CARTESIAN_POINT ( 'NONE',  ( -3.250000000000000000, 0.2699999999999994071, 2.160000000000000586 ) ) ;
#1153 = EDGE_LOOP ( 'NONE', ( #6032, #10327, #12345 ) ) ;
#1154 = CARTESIAN_POINT ( 'NONE',  ( -1.249999999999999778, 0.1499999999999999944, 2.750000000000000888 ) ) ;
#1155 =( NAMED_UNIT ( * ) SI_UNIT ( $, .STERADIAN. ) SOLID_ANGLE_UNIT ( ) );
#1156 = SURFACE_STYLE_FILL_AREA ( #5576 ) ;
#1157 = CARTESIAN_POINT ( 'NONE',  ( -1.749999999999999778, 0.1499999999999999944, -1.749999999999999334 ) ) ;
#1158 = ORIENTED_EDGE ( 'NONE', *, *, #6518, .F. ) ;
#1159 = CARTESIAN_POINT ( 'NONE',  ( -1.749999999999999778, 0.1499999999999999944, 2.250000000000000444 ) ) ;
#1160 = CARTESIAN_POINT ( 'NONE',  ( -3.250000000000000000, 0.2699999999999994071, 3.250000000000001776 ) ) ;
#1161 = PLANE ( 'NONE',  #11855 ) ;
#1162 = CARTESIAN_POINT ( 'NONE',  ( -3.250000000000000000, 1.355252715606880543E-16, 0.7500000000000006661 ) ) ;
#1163 = CARTESIAN_POINT ( 'NONE',  ( 2.750000000000000444, 0.1499999999999999944, 2.750000000000000888 ) ) ;
#1164 = DIRECTION ( 'NONE',  ( 1.000000000000000000, 0.000000000000000000, -0.000000000000000000 ) ) ;
#1165 = ORIENTED_EDGE ( 'NONE', *, *, #6524, .F. ) ;
#1166 =( LENGTH_UNIT ( ) NAMED_UNIT ( * ) SI_UNIT ( .MILLI., .METRE. ) );
#1167 = AXIS2_PLACEMENT_3D ( 'NONE', #886, #10680, #2111 ) ;
#1168 = DIRECTION ( 'NONE',  ( 0.000000000000000000, 0.000000000000000000, 1.000000000000000000 ) ) ;
#1169 = AXIS2_PLACEMENT_3D ( 'NONE', #11114, #1241, #2214 ) ;
#1170 = ORIENTED_EDGE ( 'NONE', *, *, #2430, .T. ) ;
#1171 = VERTEX_POINT ( 'NONE', #4790 ) ;
#1172 = EDGE_CURVE ( 'NONE', #8662, #6884, #7550, .T. ) ;
#1173 =( GEOMETRIC_REPRESENTATION_CONTEXT ( 3 ) GLOBAL_UNCERTAINTY_ASSIGNED_CONTEXT ( ( #592 ) ) GLOBAL_UNIT_ASSIGNED_CONTEXT ( ( #6963, #10881, #6055 ) ) REPRESENTATION_CONTEXT ( 'NONE', 'WORKASPACE' ) );
#1174 = SPHERICAL_SURFACE ( 'NONE', #7095, 0.1499999999999998557 ) ;
#1175 = EDGE_LOOP ( 'NONE', ( #2250, #6442, #2223 ) ) ;
#1176 = SPHERICAL_SURFACE ( 'NONE', #4776, 0.1499999999999998557 ) ;
#1177 = FACE_OUTER_BOUND ( 'NONE', #5291, .T. ) ;
#1178 = AXIS2_PLACEMENT_3D ( 'NONE', #6039, #5047, #9875 ) ;
#1179 = ORIENTED_EDGE ( 'NONE', *, *, #342, .F. ) ;
#1180 = DIRECTION ( 'NONE',  ( -1.000000000000000000, 0.000000000000000000, 0.000000000000000000 ) ) ;
#1181 = FACE_OUTER_BOUND ( 'NONE', #6525, .T. ) ;
#1182 = CARTESIAN_POINT ( 'NONE',  ( 2.750000000000000444, 0.2699999999999994071, -1.159999999999999032 ) ) ;
#1183 = ORIENTED_EDGE ( 'NONE', *, *, #8739, .T. ) ;
#1184 = DIRECTION ( 'NONE',  ( 0.000000000000000000, 0.000000000000000000, 1.000000000000000000 ) ) ;
#1185 = DIRECTION ( 'NONE',  ( -0.000000000000000000, 1.000000000000000000, -0.000000000000000000 ) ) ;
#1186 = DIRECTION ( 'NONE',  ( 0.000000000000000000, 0.000000000000000000, -1.000000000000000000 ) ) ;
#1187 = DIRECTION ( 'NONE',  ( -0.000000000000000000, 1.000000000000000000, -0.000000000000000000 ) ) ;
#1188 = ORIENTED_EDGE ( 'NONE', *, *, #12649, .T. ) ;
#1189 = ADVANCED_FACE ( 'NONE', ( #11857 ), #3246, .T. ) ;
#1190 = DIRECTION ( 'NONE',  ( 0.000000000000000000, 0.000000000000000000, 1.000000000000000000 ) ) ;
#1191 = ORIENTED_EDGE ( 'NONE', *, *, #5366, .F. ) ;
#1192 = DIRECTION ( 'NONE',  ( 0.000000000000000000, 0.000000000000000000, -1.000000000000000000 ) ) ;
#1193 = SURFACE_STYLE_USAGE ( .BOTH. , #7438 ) ;
#1194 = STYLED_ITEM ( 'NONE', ( #3699 ), #8738 ) ;
#1195 = FACE_OUTER_BOUND ( 'NONE', #7960, .T. ) ;
#1196 = CIRCLE ( 'NONE', #3866, 0.1499999999999999667 ) ;
#1197 = DIRECTION ( 'NONE',  ( 0.000000000000000000, 0.000000000000000000, 1.000000000000000000 ) ) ;
#1198 =( NAMED_UNIT ( * ) SI_UNIT ( $, .STERADIAN. ) SOLID_ANGLE_UNIT ( ) );
#1199 = AXIS2_PLACEMENT_3D ( 'NONE', #2116, #4103, #5115 ) ;
#1200 = VERTEX_POINT ( 'NONE', #826 ) ;
#1201 = ADVANCED_FACE ( 'NONE', ( #7572 ), #6942, .T. ) ;
#1202 = CIRCLE ( 'NONE', #4308, 0.1499999999999999667 ) ;
#1203 = ADVANCED_FACE ( 'NONE', ( #11767 ), #11485, .T. ) ;
#1204 = ORIENTED_EDGE ( 'NONE', *, *, #1704, .T. ) ;
#1205 = STYLED_ITEM ( 'NONE', ( #5984 ), #2763 ) ;
#1206 = CARTESIAN_POINT ( 'NONE',  ( -3.250000000000000000, 0.1499999999999999944, -2.749999999999999556 ) ) ;
#1207 = UNCERTAINTY_MEASURE_WITH_UNIT (LENGTH_MEASURE( 1.000000000000000082E-05 ), #6735, 'distance_accuracy_value', 'NONE');
#1208 = CIRCLE ( 'NONE', #2285, 0.08999999999999980238 ) ;
#1209 = UNCERTAINTY_MEASURE_WITH_UNIT (LENGTH_MEASURE( 1.000000000000000082E-05 ), #10884, 'distance_accuracy_value', 'NONE');
#1210 = AXIS2_PLACEMENT_3D ( 'NONE', #2370, #1401, #4353 ) ;
#1211 = VERTEX_POINT ( 'NONE', #6785 ) ;
#1212 = ADVANCED_FACE ( 'NONE', ( #11437 ), #7531, .T. ) ;
#1213 = CLOSED_SHELL ( 'NONE', ( #8974, #4206, #12813 ) ) ;
#1214 = CARTESIAN_POINT ( 'NONE',  ( 3.250000000000000888, 1.355252715606880543E-16, 0.7500000000000006661 ) ) ;
#1215 = EDGE_LOOP ( 'NONE', ( #9294, #3936, #8919 ) ) ;
#1216 = DIRECTION ( 'NONE',  ( 1.000000000000000000, 0.000000000000000000, -0.000000000000000000 ) ) ;
#1217 = CIRCLE ( 'NONE', #10267, 0.1499999999999999667 ) ;
#1218 = DIRECTION ( 'NONE',  ( 0.000000000000000000, 0.000000000000000000, -1.000000000000000000 ) ) ;
#1219 = DIRECTION ( 'NONE',  ( 0.000000000000000000, 0.000000000000000000, 1.000000000000000000 ) ) ;
#1220 =( GEOMETRIC_REPRESENTATION_CONTEXT ( 3 ) GLOBAL_UNCERTAINTY_ASSIGNED_CONTEXT ( ( #11715 ) ) GLOBAL_UNIT_ASSIGNED_CONTEXT ( ( #12613, #3712, #2696 ) ) REPRESENTATION_CONTEXT ( 'NONE', 'WORKASPACE' ) );
#1221 = ORIENTED_EDGE ( 'NONE', *, *, #5406, .F. ) ;
#1222 = CIRCLE ( 'NONE', #10526, 0.08999999999999980238 ) ;
#1223 = SPHERICAL_SURFACE ( 'NONE', #9948, 0.1499999999999998557 ) ;
#1224 = DIRECTION ( 'NONE',  ( 0.000000000000000000, 0.000000000000000000, 1.000000000000000000 ) ) ;
#1225 = EDGE_CURVE ( 'NONE', #3749, #4660, #7416, .T. ) ;
#1226 = FILL_AREA_STYLE ('',( #10366 ) ) ;
#1227 =( GEOMETRIC_REPRESENTATION_CONTEXT ( 3 ) GLOBAL_UNCERTAINTY_ASSIGNED_CONTEXT ( ( #1529 ) ) GLOBAL_UNIT_ASSIGNED_CONTEXT ( ( #717, #4588, #374 ) ) REPRESENTATION_CONTEXT ( 'NONE', 'WORKASPACE' ) );
#1228 = DIRECTION ( 'NONE',  ( -1.000000000000000000, 0.000000000000000000, 0.000000000000000000 ) ) ;
#1229 = ORIENTED_EDGE ( 'NONE', *, *, #12114, .T. ) ;
#1230 = SURFACE_STYLE_USAGE ( .BOTH. , #402 ) ;
#1231 = DIRECTION ( 'NONE',  ( 0.000000000000000000, 0.000000000000000000, 1.000000000000000000 ) ) ;
#1232 = DIRECTION ( 'NONE',  ( 0.000000000000000000, 0.000000000000000000, 1.000000000000000000 ) ) ;
#1233 = ADVANCED_FACE ( 'NONE', ( #11658 ), #11461, .T. ) ;
#1234 = STYLED_ITEM ( 'NONE', ( #1775 ), #7805 ) ;
#1235 = ORIENTED_EDGE ( 'NONE', *, *, #4494, .T. ) ;
#1236 = MANIFOLD_SOLID_BREP ( 'LPattern1[53]', #9940 ) ;
#1237 = EDGE_CURVE ( 'NONE', #3419, #2139, #7390, .T. ) ;
#1238 =( GEOMETRIC_REPRESENTATION_CONTEXT ( 3 ) GLOBAL_UNCERTAINTY_ASSIGNED_CONTEXT ( ( #1974 ) ) GLOBAL_UNIT_ASSIGNED_CONTEXT ( ( #6961, #1254, #7977 ) ) REPRESENTATION_CONTEXT ( 'NONE', 'WORKASPACE' ) );
#1239 =( NAMED_UNIT ( * ) PLANE_ANGLE_UNIT ( ) SI_UNIT ( $, .RADIAN. ) );
#1240 = ORIENTED_EDGE ( 'NONE', *, *, #2562, .F. ) ;
#1241 = DIRECTION ( 'NONE',  ( -1.000000000000000000, 0.000000000000000000, 0.000000000000000000 ) ) ;
#1242 = ORIENTED_EDGE ( 'NONE', *, *, #12496, .F. ) ;
#1243 = PRESENTATION_STYLE_ASSIGNMENT (( #7719 ) ) ;
#1244 = SURFACE_SIDE_STYLE ('',( #2321 ) ) ;
#1245 = ADVANCED_FACE ( 'NONE', ( #11547 ), #3148, .T. ) ;
#1246 = VERTEX_POINT ( 'NONE', #8229 ) ;
#1247 = SPHERICAL_SURFACE ( 'NONE', #8493, 0.1499999999999998557 ) ;
#1248 = DIRECTION ( 'NONE',  ( -0.000000000000000000, 1.000000000000000000, -0.000000000000000000 ) ) ;
#1249 = FACE_OUTER_BOUND ( 'NONE', #6403, .T. ) ;
#1250 = DIRECTION ( 'NONE',  ( 0.000000000000000000, 0.000000000000000000, 1.000000000000000000 ) ) ;
#1251 = EDGE_LOOP ( 'NONE', ( #4369, #7996, #1491 ) ) ;
#1252 = CARTESIAN_POINT ( 'NONE',  ( -1.249999999999999778, 0.2699999999999994071, 0.8400000000000008571 ) ) ;
#1253 = FILL_AREA_STYLE ('',( #248 ) ) ;
#1254 =( NAMED_UNIT ( * ) PLANE_ANGLE_UNIT ( ) SI_UNIT ( $, .RADIAN. ) );
#1255 = FACE_OUTER_BOUND ( 'NONE', #4185, .T. ) ;
#1256 = DIRECTION ( 'NONE',  ( 0.000000000000000000, 1.000000000000000000, 0.000000000000000000 ) ) ;
#1257 = CARTESIAN_POINT ( 'NONE',  ( 3.250000000000000888, 1.355252715606880543E-16, 1.750000000000000666 ) ) ;
#1258 = ORIENTED_EDGE ( 'NONE', *, *, #2503, .F. ) ;
#1259 = AXIS2_PLACEMENT_3D ( 'NONE', #1281, #3156, #7339 ) ;
#1260 = DIRECTION ( 'NONE',  ( 0.000000000000000000, 1.000000000000000000, 0.000000000000000000 ) ) ;
#1261 = STYLED_ITEM ( 'NONE', ( #10156 ), #7739 ) ;
#1262 = DIRECTION ( 'NONE',  ( 0.000000000000000000, 0.000000000000000000, 1.000000000000000000 ) ) ;
#1263 = EDGE_LOOP ( 'NONE', ( #10571, #3453, #12047, #11412 ) ) ;
#1264 = EDGE_CURVE ( 'NONE', #1621, #8912, #2902, .T. ) ;
#1265 = ORIENTED_EDGE ( 'NONE', *, *, #8439, .F. ) ;
#1266 = CIRCLE ( 'NONE', #2876, 0.1499999999999999667 ) ;
#1267 = DIRECTION ( 'NONE',  ( -0.000000000000000000, 1.000000000000000000, 0.000000000000000000 ) ) ;
#1268 = ORIENTED_EDGE ( 'NONE', *, *, #782, .F. ) ;
#1269 = AXIS2_PLACEMENT_3D ( 'NONE', #3856, #10705, #4781 ) ;
#1270 = DIRECTION ( 'NONE',  ( 0.000000000000000000, -1.000000000000000000, 0.000000000000000000 ) ) ;
#1271 = FACE_OUTER_BOUND ( 'NONE', #3108, .T. ) ;
#1272 = ORIENTED_EDGE ( 'NONE', *, *, #7102, .T. ) ;
#1273 = COLOUR_RGB ( '',0.7921568627450980005, 0.8196078431372548767, 0.9333333333333333481 ) ;
#1274 = CARTESIAN_POINT ( 'NONE',  ( -2.750000000000000000, 0.1499999999999999944, 1.750000000000000666 ) ) ;
#1275 = STYLED_ITEM ( 'NONE', ( #12082 ), #6605 ) ;
#1276 = VERTEX_POINT ( 'NONE', #7045 ) ;
#1277 = AXIS2_PLACEMENT_3D ( 'NONE', #1966, #10879, #10794 ) ;
#1278 = DIRECTION ( 'NONE',  ( -1.000000000000000000, 0.000000000000000000, 0.000000000000000000 ) ) ;
#1279 = DIRECTION ( 'NONE',  ( -0.000000000000000000, 1.000000000000000000, -0.000000000000000000 ) ) ;
#1280 = SURFACE_SIDE_STYLE ('',( #780 ) ) ;
#1281 = CARTESIAN_POINT ( 'NONE',  ( -0.2499999999999997780, 0.1499999999999999944, -3.249999999999999556 ) ) ;
#1282 = ORIENTED_EDGE ( 'NONE', *, *, #6687, .F. ) ;
#1283 = SURFACE_SIDE_STYLE ('',( #3887 ) ) ;
#1284 = ORIENTED_EDGE ( 'NONE', *, *, #6616, .F. ) ;
#1285 = CARTESIAN_POINT ( 'NONE',  ( 0.7500000000000002220, 0.1499999999999999944, 2.750000000000000888 ) ) ;
#1286 = CIRCLE ( 'NONE', #2280, 0.1499999999999999667 ) ;
#1287 = CIRCLE ( 'NONE', #12433, 0.08999999999999980238 ) ;
#1288 = CARTESIAN_POINT ( 'NONE',  ( 2.250000000000000000, 0.2699999999999994071, -0.2499999999999989175 ) ) ;
#1289 = DIRECTION ( 'NONE',  ( 0.000000000000000000, 0.000000000000000000, 1.000000000000000000 ) ) ;
#1290 = AXIS2_PLACEMENT_3D ( 'NONE', #11431, #2890, #1541 ) ;
#1291 = CARTESIAN_POINT ( 'NONE',  ( -1.249999999999999778, 0.1499999999999999944, 3.250000000000001332 ) ) ;
#1292 = ORIENTED_EDGE ( 'NONE', *, *, #9919, .T. ) ;
#1293 = FACE_OUTER_BOUND ( 'NONE', #11070, .T. ) ;
#1294 = CARTESIAN_POINT ( 'NONE',  ( 0.2500000000000002220, 0.1499999999999999944, 2.750000000000000888 ) ) ;
#1295 = AXIS2_PLACEMENT_3D ( 'NONE', #1420, #11212, #10472 ) ;
#1296 = EDGE_LOOP ( 'NONE', ( #10632, #9337, #6595 ) ) ;
#1297 = SPHERICAL_SURFACE ( 'NONE', #613, 0.1499999999999998557 ) ;
#1298 = ORIENTED_EDGE ( 'NONE', *, *, #1440, .T. ) ;
#1299 = AXIS2_PLACEMENT_3D ( 'NONE', #2445, #7196, #10294 ) ;
#1300 = AXIS2_PLACEMENT_3D ( 'NONE', #11028, #1228, #1316 ) ;
#1301 = CLOSED_SHELL ( 'NONE', ( #10861, #6103, #5846 ) ) ;
#1302 = ADVANCED_FACE ( 'NONE', ( #7145 ), #9236, .T. ) ;
#1303 =( LENGTH_UNIT ( ) NAMED_UNIT ( * ) SI_UNIT ( .MILLI., .METRE. ) );
#1304 = ORIENTED_EDGE ( 'NONE', *, *, #7762, .F. ) ;
#1305 = CARTESIAN_POINT ( 'NONE',  ( 1.250000000000000666, 0.1499999999999999944, -0.2499999999999993616 ) ) ;
#1306 = COLOUR_RGB ( '',0.7921568627450980005, 0.8196078431372548767, 0.9333333333333333481 ) ;
#1307 = SURFACE_STYLE_USAGE ( .BOTH. , #3185 ) ;
#1308 = DIRECTION ( 'NONE',  ( 0.000000000000000000, 0.000000000000000000, 1.000000000000000000 ) ) ;
#1309 = EDGE_CURVE ( 'NONE', #3120, #3835, #7554, .T. ) ;
#1310 = ORIENTED_EDGE ( 'NONE', *, *, #4145, .T. ) ;
#1311 = FACE_OUTER_BOUND ( 'NONE', #3025, .T. ) ;
#1312 = DIRECTION ( 'NONE',  ( -0.000000000000000000, 1.000000000000000000, -0.000000000000000000 ) ) ;
#1313 = AXIS2_PLACEMENT_3D ( 'NONE', #595, #3471, #4443 ) ;
#1314 = ADVANCED_FACE ( 'NONE', ( #7464 ), #11211, .T. ) ;
#1315 =( LENGTH_UNIT ( ) NAMED_UNIT ( * ) SI_UNIT ( .MILLI., .METRE. ) );
#1316 = DIRECTION ( 'NONE',  ( 0.000000000000000000, 0.000000000000000000, 1.000000000000000000 ) ) ;
#1317 = FACE_OUTER_BOUND ( 'NONE', #6432, .T. ) ;
#1318 = VERTEX_POINT ( 'NONE', #4292 ) ;
#1319 = DIRECTION ( 'NONE',  ( 0.000000000000000000, 0.000000000000000000, 1.000000000000000000 ) ) ;
#1320 = AXIS2_PLACEMENT_3D ( 'NONE', #912, #11807, #3865 ) ;
#1321 =( LENGTH_UNIT ( ) NAMED_UNIT ( * ) SI_UNIT ( .MILLI., .METRE. ) );
#1322 = DIRECTION ( 'NONE',  ( -0.000000000000000000, 1.000000000000000000, 0.000000000000000000 ) ) ;
#1323 = EDGE_LOOP ( 'NONE', ( #549, #12542, #8165 ) ) ;
#1324 = AXIS2_PLACEMENT_3D ( 'NONE', #4788, #9531, #6783 ) ;
#1325 = ADVANCED_FACE ( 'NONE', ( #2948 ), #3199, .T. ) ;
#1326 = FILL_AREA_STYLE ('',( #7382 ) ) ;
#1327 = VERTEX_POINT ( 'NONE', #2054 ) ;
#1328 = CARTESIAN_POINT ( 'NONE',  ( 2.750000000000000444, 0.2699999999999994071, 1.840000000000000968 ) ) ;
#1329 = CLOSED_SHELL ( 'NONE', ( #10520, #7321, #3963 ) ) ;
#1330 = STYLED_ITEM ( 'NONE', ( #3960 ), #5589 ) ;
#1331 = FACE_OUTER_BOUND ( 'NONE', #4736, .T. ) ;
#1332 = FILL_AREA_STYLE_COLOUR ( '', #1480 ) ;
#1333 = ORIENTED_EDGE ( 'NONE', *, *, #4670, .T. ) ;
#1334 = COLOUR_RGB ( '',0.7921568627450980005, 0.8196078431372548767, 0.9333333333333333481 ) ;
#1335 = MANIFOLD_SOLID_BREP ( 'LPattern1[181]', #11774 ) ;
#1336 = DIRECTION ( 'NONE',  ( 1.000000000000000000, 0.000000000000000000, -0.000000000000000000 ) ) ;
#1337 = EDGE_CURVE ( 'NONE', #11918, #12142, #3176, .T. ) ;
#1338 = CARTESIAN_POINT ( 'NONE',  ( 0.2500000000000002220, 0.2699999999999994071, 2.660000000000001030 ) ) ;
#1339 = DIRECTION ( 'NONE',  ( 0.000000000000000000, 0.000000000000000000, -1.000000000000000000 ) ) ;
#1340 = EDGE_LOOP ( 'NONE', ( #4561, #5043, #4364, #8200 ) ) ;
#1341 = AXIS2_PLACEMENT_3D ( 'NONE', #5014, #10019, #8438 ) ;
#1342 = AXIS2_PLACEMENT_3D ( 'NONE', #3863, #4880, #9047 ) ;
#1343 =( NAMED_UNIT ( * ) SI_UNIT ( $, .STERADIAN. ) SOLID_ANGLE_UNIT ( ) );
#1344 = CARTESIAN_POINT ( 'NONE',  ( -2.250000000000000000, 0.2699999999999994071, 2.750000000000001332 ) ) ;
#1345 = EDGE_CURVE ( 'NONE', #10349, #10594, #2877, .T. ) ;
#1346 =( NAMED_UNIT ( * ) SI_UNIT ( $, .STERADIAN. ) SOLID_ANGLE_UNIT ( ) );
#1347 = ADVANCED_FACE ( 'NONE', ( #7208 ), #11210, .T. ) ;
#1348 = CARTESIAN_POINT ( 'NONE',  ( 2.250000000000000000, 0.1499999999999999944, -1.749999999999999334 ) ) ;
#1349 = ORIENTED_EDGE ( 'NONE', *, *, #782, .T. ) ;
#1350 = CARTESIAN_POINT ( 'NONE',  ( 5.749999999999998224, 0.4200000000000002620, -6.500000000000000000 ) ) ;
#1351 = CARTESIAN_POINT ( 'NONE',  ( 0.7500000000000002220, 0.2699999999999994071, -2.659999999999999254 ) ) ;
#1352 = AXIS2_PLACEMENT_3D ( 'NONE', #3114, #235, #2848 ) ;
#1353 = ORIENTED_EDGE ( 'NONE', *, *, #2899, .T. ) ;
#1354 = ORIENTED_EDGE ( 'NONE', *, *, #4717, .F. ) ;
#1355 = CIRCLE ( 'NONE', #7590, 0.1499999999999999667 ) ;
#1356 = CIRCLE ( 'NONE', #175, 0.08999999999999980238 ) ;
#1357 = ADVANCED_FACE ( 'NONE', ( #11743 ), #7510, .T. ) ;
#1358 = ORIENTED_EDGE ( 'NONE', *, *, #4931, .T. ) ;
#1359 = CIRCLE ( 'NONE', #2435, 0.1499999999999999667 ) ;
#1360 = CIRCLE ( 'NONE', #6593, 0.08999999999999980238 ) ;
#1361 = ORIENTED_EDGE ( 'NONE', *, *, #12496, .T. ) ;
#1362 = EDGE_CURVE ( 'NONE', #6552, #2495, #7320, .T. ) ;
#1363 = AXIS2_PLACEMENT_3D ( 'NONE', #10053, #3848, #12846 ) ;
#1364 = DIRECTION ( 'NONE',  ( 1.000000000000000000, 0.000000000000000000, -0.000000000000000000 ) ) ;
#1365 = ORIENTED_EDGE ( 'NONE', *, *, #1393, .F. ) ;
#1366 = DIRECTION ( 'NONE',  ( 1.000000000000000000, 0.000000000000000000, -0.000000000000000000 ) ) ;
#1367 = AXIS2_PLACEMENT_3D ( 'NONE', #5664, #609, #1591 ) ;
#1368 = DIRECTION ( 'NONE',  ( -1.000000000000000000, 0.000000000000000000, 0.000000000000000000 ) ) ;
#1369 = DIRECTION ( 'NONE',  ( 0.000000000000000000, 0.000000000000000000, 1.000000000000000000 ) ) ;
#1370 = ORIENTED_EDGE ( 'NONE', *, *, #831, .F. ) ;
#1371 = CARTESIAN_POINT ( 'NONE',  ( 2.250000000000000000, 0.2699999999999994071, -1.159999999999999032 ) ) ;
#1372 = VERTEX_POINT ( 'NONE', #1503 ) ;
#1373 = FACE_OUTER_BOUND ( 'NONE', #661, .T. ) ;
#1374 = CARTESIAN_POINT ( 'NONE',  ( 0.2500000000000002220, 0.2699999999999994071, 3.250000000000001776 ) ) ;
#1375 = UNCERTAINTY_MEASURE_WITH_UNIT (LENGTH_MEASURE( 1.000000000000000082E-05 ), #6240, 'distance_accuracy_value', 'NONE');
#1376 = ORIENTED_EDGE ( 'NONE', *, *, #10193, .F. ) ;
#1377 = SPHERICAL_SURFACE ( 'NONE', #3979, 0.1499999999999998557 ) ;
#1378 = AXIS2_PLACEMENT_3D ( 'NONE', #4232, #1532, #11242 ) ;
#1379 = FACE_OUTER_BOUND ( 'NONE', #1758, .T. ) ;
#1380 = SURFACE_SIDE_STYLE ('',( #8488 ) ) ;
#1381 = ORIENTED_EDGE ( 'NONE', *, *, #7246, .F. ) ;
#1382 = DIRECTION ( 'NONE',  ( 1.000000000000000000, 0.000000000000000000, 1.224646799147353207E-16 ) ) ;
#1383 = DIRECTION ( 'NONE',  ( -1.000000000000000000, 0.000000000000000000, 0.000000000000000000 ) ) ;
#1384 = CIRCLE ( 'NONE', #9890, 0.08999999999999980238 ) ;
#1385 = ORIENTED_EDGE ( 'NONE', *, *, #10605, .T. ) ;
#1386 = SURFACE_STYLE_USAGE ( .BOTH. , #11351 ) ;
#1387 = EDGE_LOOP ( 'NONE', ( #10840, #5973, #4258 ) ) ;
#1388 = DIRECTION ( 'NONE',  ( 0.000000000000000000, 0.000000000000000000, 1.000000000000000000 ) ) ;
#1389 = AXIS2_PLACEMENT_3D ( 'NONE', #946, #25, #2086 ) ;
#1390 = EDGE_LOOP ( 'NONE', ( #12563, #3666, #4991 ) ) ;
#1391 = CARTESIAN_POINT ( 'NONE',  ( 1.250000000000000666, 0.2699999999999994071, -1.249999999999998890 ) ) ;
#1392 = FACE_OUTER_BOUND ( 'NONE', #935, .T. ) ;
#1393 = EDGE_CURVE ( 'NONE', #3210, #5499, #11523, .T. ) ;
#1394 = DIRECTION ( 'NONE',  ( 0.000000000000000000, 0.000000000000000000, 1.000000000000000000 ) ) ;
#1395 = ORIENTED_EDGE ( 'NONE', *, *, #9747, .T. ) ;
#1396 = AXIS2_PLACEMENT_3D ( 'NONE', #12439, #3538, #5534 ) ;
#1397 = FACE_OUTER_BOUND ( 'NONE', #9438, .T. ) ;
#1398 = DIRECTION ( 'NONE',  ( 0.000000000000000000, 0.000000000000000000, 1.000000000000000000 ) ) ;
#1399 = EDGE_CURVE ( 'NONE', #1318, #12055, #7235, .T. ) ;
#1400 = ORIENTED_EDGE ( 'NONE', *, *, #12475, .T. ) ;
#1401 = DIRECTION ( 'NONE',  ( -0.000000000000000000, 1.000000000000000000, -0.000000000000000000 ) ) ;
#1402 = EDGE_CURVE ( 'NONE', #3081, #6656, #11609, .T. ) ;
#1403 = PLANE ( 'NONE',  #299 ) ;
#1404 = ORIENTED_EDGE ( 'NONE', *, *, #2503, .T. ) ;
#1405 = ORIENTED_EDGE ( 'NONE', *, *, #3315, .F. ) ;
#1406 = ORIENTED_EDGE ( 'NONE', *, *, #8029, .T. ) ;
#1407 = PRESENTATION_STYLE_ASSIGNMENT (( #12792 ) ) ;
#1408 = DIRECTION ( 'NONE',  ( -0.000000000000000000, 1.000000000000000000, -0.000000000000000000 ) ) ;
#1409 = AXIS2_PLACEMENT_3D ( 'NONE', #10016, #200, #11847 ) ;
#1410 =( GEOMETRIC_REPRESENTATION_CONTEXT ( 3 ) GLOBAL_UNCERTAINTY_ASSIGNED_CONTEXT ( ( #6905 ) ) GLOBAL_UNIT_ASSIGNED_CONTEXT ( ( #8778, #6703, #12860 ) ) REPRESENTATION_CONTEXT ( 'NONE', 'WORKASPACE' ) );
#1411 = ORIENTED_EDGE ( 'NONE', *, *, #10555, .T. ) ;
#1412 = CARTESIAN_POINT ( 'NONE',  ( 0.7500000000000002220, 0.2699999999999994071, 1.250000000000001554 ) ) ;
#1413 = ADVANCED_FACE ( 'NONE', ( #2994 ), #11819, .T. ) ;
#1414 = CARTESIAN_POINT ( 'NONE',  ( -2.250000000000000000, 0.2699999999999994071, 0.7500000000000011102 ) ) ;
#1415 = SPHERICAL_SURFACE ( 'NONE', #8313, 0.1499999999999998557 ) ;
#1416 = DIRECTION ( 'NONE',  ( 1.000000000000000000, 0.000000000000000000, -0.000000000000000000 ) ) ;
#1417 = ORIENTED_EDGE ( 'NONE', *, *, #7780, .F. ) ;
#1418 = CARTESIAN_POINT ( 'NONE',  ( 0.7500000000000002220, 0.2699999999999994071, 1.160000000000001252 ) ) ;
#1419 = DIRECTION ( 'NONE',  ( -0.000000000000000000, 1.000000000000000000, -0.000000000000000000 ) ) ;
#1420 = CARTESIAN_POINT ( 'NONE',  ( -2.250000000000000000, 0.1499999999999999944, -1.249999999999999334 ) ) ;
#1421 = CIRCLE ( 'NONE', #8810, 0.08999999999999980238 ) ;
#1422 =( NAMED_UNIT ( * ) SI_UNIT ( $, .STERADIAN. ) SOLID_ANGLE_UNIT ( ) );
#1423 = ORIENTED_EDGE ( 'NONE', *, *, #12020, .F. ) ;
#1424 = CARTESIAN_POINT ( 'NONE',  ( 0.7500000000000002220, 0.1499999999999999944, 1.250000000000001110 ) ) ;
#1425 = ADVANCED_FACE ( 'NONE', ( #11841 ), #7345, .T. ) ;
#1426 = CARTESIAN_POINT ( 'NONE',  ( -2.750000000000000000, 0.1499999999999999944, 0.2500000000000006661 ) ) ;
#1427 = DIRECTION ( 'NONE',  ( 0.000000000000000000, 0.000000000000000000, -1.000000000000000000 ) ) ;
#1428 = MANIFOLD_SOLID_BREP ( 'LPattern1[37]', #12469 ) ;
#1429 = ORIENTED_EDGE ( 'NONE', *, *, #1873, .T. ) ;
#1430 = CLOSED_SHELL ( 'NONE', ( #7259, #10246, #4933 ) ) ;
#1431 = CIRCLE ( 'NONE', #12393, 0.1499999999999999667 ) ;
#1432 = CIRCLE ( 'NONE', #5906, 0.1499999999999999667 ) ;
#1433 = CARTESIAN_POINT ( 'NONE',  ( 0.7500000000000002220, 0.2699999999999994071, -1.159999999999999032 ) ) ;
#1434 = VERTEX_POINT ( 'NONE', #556 ) ;
#1435 = SURFACE_STYLE_FILL_AREA ( #6799 ) ;
#1436 = AXIS2_PLACEMENT_3D ( 'NONE', #9892, #253, #5141 ) ;
#1437 = SPHERICAL_SURFACE ( 'NONE', #2997, 0.1499999999999998557 ) ;
#1438 = ORIENTED_EDGE ( 'NONE', *, *, #4647, .T. ) ;
#1439 = AXIS2_PLACEMENT_3D ( 'NONE', #2715, #9918, #1744 ) ;
#1440 = EDGE_CURVE ( 'NONE', #11583, #706, #3402, .T. ) ;
#1441 = ADVANCED_FACE ( 'NONE', ( #3490 ), #8505, .T. ) ;
#1442 = SURFACE_STYLE_FILL_AREA ( #12128 ) ;
#1443 =( NAMED_UNIT ( * ) PLANE_ANGLE_UNIT ( ) SI_UNIT ( $, .RADIAN. ) );
#1444 = AXIS2_PLACEMENT_3D ( 'NONE', #5520, #8682, #4591 ) ;
#1445 = ORIENTED_EDGE ( 'NONE', *, *, #11828, .F. ) ;
#1446 = DIRECTION ( 'NONE',  ( 0.000000000000000000, 0.000000000000000000, 1.000000000000000000 ) ) ;
#1447 = CARTESIAN_POINT ( 'NONE',  ( 1.250000000000000666, 0.1499999999999999944, -2.249999999999999556 ) ) ;
#1448 =( NAMED_UNIT ( * ) SI_UNIT ( $, .STERADIAN. ) SOLID_ANGLE_UNIT ( ) );
#1449 = ORIENTED_EDGE ( 'NONE', *, *, #11029, .F. ) ;
#1450 = PRESENTATION_LAYER_ASSIGNMENT (  '', '', ( #1884 ) ) ;
#1451 =( NAMED_UNIT ( * ) PLANE_ANGLE_UNIT ( ) SI_UNIT ( $, .RADIAN. ) );
#1452 = ORIENTED_EDGE ( 'NONE', *, *, #6219, .T. ) ;
#1453 = CARTESIAN_POINT ( 'NONE',  ( -2.750000000000000000, 0.1499999999999999944, 0.7500000000000006661 ) ) ;
#1454 = CARTESIAN_POINT ( 'NONE',  ( 2.750000000000000444, 0.2699999999999994071, -0.2499999999999989175 ) ) ;
#1455 = FACE_OUTER_BOUND ( 'NONE', #12576, .T. ) ;
#1456 = FACE_OUTER_BOUND ( 'NONE', #8540, .T. ) ;
#1457 = CARTESIAN_POINT ( 'NONE',  ( -1.749999999999999778, 0.1499999999999999944, -3.249999999999999556 ) ) ;
#1458 = DIRECTION ( 'NONE',  ( 0.000000000000000000, 0.000000000000000000, 1.000000000000000000 ) ) ;
#1459 = ORIENTED_EDGE ( 'NONE', *, *, #8334, .T. ) ;
#1460 = DIRECTION ( 'NONE',  ( -0.000000000000000000, 1.000000000000000000, -0.000000000000000000 ) ) ;
#1461 = CARTESIAN_POINT ( 'NONE',  ( -3.250000000000000000, 0.2699999999999994071, -0.1599999999999991152 ) ) ;
#1462 = AXIS2_PLACEMENT_3D ( 'NONE', #1157, #4969, #12141 ) ;
#1463 = VERTEX_POINT ( 'NONE', #11333 ) ;
#1464 = ORIENTED_EDGE ( 'NONE', *, *, #1091, .F. ) ;
#1465 = EDGE_CURVE ( 'NONE', #11817, #7475, #7953, .T. ) ;
#1466 =( GEOMETRIC_REPRESENTATION_CONTEXT ( 3 ) GLOBAL_UNCERTAINTY_ASSIGNED_CONTEXT ( ( #8356 ) ) GLOBAL_UNIT_ASSIGNED_CONTEXT ( ( #5938, #47, #3760 ) ) REPRESENTATION_CONTEXT ( 'NONE', 'WORKASPACE' ) );
#1467 = PRESENTATION_LAYER_ASSIGNMENT (  '', '', ( #7205 ) ) ;
#1468 = ORIENTED_EDGE ( 'NONE', *, *, #6484, .T. ) ;
#1469 = AXIS2_PLACEMENT_3D ( 'NONE', #6304, #1502, #4458 ) ;
#1470 = CARTESIAN_POINT ( 'NONE',  ( -3.250000000000000000, 0.1499999999999999944, 0.7500000000000006661 ) ) ;
#1471 = ORIENTED_EDGE ( 'NONE', *, *, #3436, .T. ) ;
#1472 = EDGE_CURVE ( 'NONE', #5499, #3210, #12254, .T. ) ;
#1473 = DIRECTION ( 'NONE',  ( 0.000000000000000000, 0.000000000000000000, 1.000000000000000000 ) ) ;
#1474 = AXIS2_PLACEMENT_3D ( 'NONE', #5805, #5888, #6861 ) ;
#1475 = SURFACE_STYLE_FILL_AREA ( #8187 ) ;
#1476 = COLOUR_RGB ( '',0.7921568627450980005, 0.8196078431372548767, 0.9333333333333333481 ) ;
#1477 =( LENGTH_UNIT ( ) NAMED_UNIT ( * ) SI_UNIT ( .MILLI., .METRE. ) );
#1478 = SURFACE_STYLE_USAGE ( .BOTH. , #490 ) ;
#1479 = ORIENTED_EDGE ( 'NONE', *, *, #2995, .T. ) ;
#1480 = COLOUR_RGB ( '',0.7921568627450980005, 0.8196078431372548767, 0.9333333333333333481 ) ;
#1481 = FACE_OUTER_BOUND ( 'NONE', #3339, .T. ) ;
#1482 = CARTESIAN_POINT ( 'NONE',  ( -3.250000000000000000, 0.1499999999999999944, 0.2500000000000006661 ) ) ;
#1483 = SURFACE_STYLE_USAGE ( .BOTH. , #1563 ) ;
#1484 = SURFACE_SIDE_STYLE ('',( #6652 ) ) ;
#1485 = PLANE ( 'NONE',  #5315 ) ;
#1486 = ORIENTED_EDGE ( 'NONE', *, *, #5844, .F. ) ;
#1487 = DIRECTION ( 'NONE',  ( -0.000000000000000000, 1.000000000000000000, -0.000000000000000000 ) ) ;
#1488 =( NAMED_UNIT ( * ) SI_UNIT ( $, .STERADIAN. ) SOLID_ANGLE_UNIT ( ) );
#1489 = ORIENTED_EDGE ( 'NONE', *, *, #9685, .T. ) ;
#1490 = DIRECTION ( 'NONE',  ( 0.000000000000000000, 0.000000000000000000, 1.000000000000000000 ) ) ;
#1491 = ORIENTED_EDGE ( 'NONE', *, *, #512, .F. ) ;
#1492 = ORIENTED_EDGE ( 'NONE', *, *, #3457, .T. ) ;
#1493 = AXIS2_PLACEMENT_3D ( 'NONE', #8346, #6247, #11594 ) ;
#1494 = STYLED_ITEM ( 'NONE', ( #2884 ), #5003 ) ;
#1495 = FACE_OUTER_BOUND ( 'NONE', #11459, .T. ) ;
#1496 = FACE_OUTER_BOUND ( 'NONE', #2438, .T. ) ;
#1497 = DIRECTION ( 'NONE',  ( 0.000000000000000000, 0.000000000000000000, 1.000000000000000000 ) ) ;
#1498 = ORIENTED_EDGE ( 'NONE', *, *, #9607, .T. ) ;
#1499 = CARTESIAN_POINT ( 'NONE',  ( 5.749999999999998224, 0.2699999999999994071, -6.500000000000000000 ) ) ;
#1500 = DIRECTION ( 'NONE',  ( 0.000000000000000000, 0.000000000000000000, -1.000000000000000000 ) ) ;
#1501 = VERTEX_POINT ( 'NONE', #9587 ) ;
#1502 = DIRECTION ( 'NONE',  ( -0.000000000000000000, 1.000000000000000000, -0.000000000000000000 ) ) ;
#1503 = CARTESIAN_POINT ( 'NONE',  ( 3.250000000000000888, 1.355252715606880543E-16, 2.750000000000000888 ) ) ;
#1504 = DIRECTION ( 'NONE',  ( 0.000000000000000000, 0.000000000000000000, 1.000000000000000000 ) ) ;
#1505 = CIRCLE ( 'NONE', #11143, 0.08999999999999980238 ) ;
#1506 = CARTESIAN_POINT ( 'NONE',  ( 5.749999999999998224, -17.35655495770977907, 6.500000000000000000 ) ) ;
#1507 = ORIENTED_EDGE ( 'NONE', *, *, #8739, .F. ) ;
#1508 = SURFACE_STYLE_USAGE ( .BOTH. , #8563 ) ;
#1509 = DIRECTION ( 'NONE',  ( 1.000000000000000000, 0.000000000000000000, 1.224646799147353207E-16 ) ) ;
#1510 = ORIENTED_EDGE ( 'NONE', *, *, #12705, .T. ) ;
#1511 = ORIENTED_EDGE ( 'NONE', *, *, #3550, .F. ) ;
#1512 = PLANE ( 'NONE',  #183 ) ;
#1513 = EDGE_CURVE ( 'NONE', #8942, #11055, #7741, .T. ) ;
#1514 = DIRECTION ( 'NONE',  ( 1.000000000000000000, 0.000000000000000000, 1.224646799147353207E-16 ) ) ;
#1515 = MECHANICAL_DESIGN_GEOMETRIC_PRESENTATION_REPRESENTATION (  '', ( #9734 ), #12078 ) ;
#1516 = ORIENTED_EDGE ( 'NONE', *, *, #6462, .T. ) ;
#1517 = SURFACE_STYLE_FILL_AREA ( #10362 ) ;
#1518 = AXIS2_PLACEMENT_3D ( 'NONE', #8538, #2779, #2864 ) ;
#1519 = COLOUR_RGB ( '',0.7921568627450980005, 0.8196078431372548767, 0.9333333333333333481 ) ;
#1520 = ORIENTED_EDGE ( 'NONE', *, *, #10636, .T. ) ;
#1521 = MANIFOLD_SOLID_BREP ( 'LPattern1[39]', #6617 ) ;
#1522 = STYLED_ITEM ( 'NONE', ( #10004 ), #2499 ) ;
#1523 = PRESENTATION_STYLE_ASSIGNMENT (( #3765 ) ) ;
#1524 = DIRECTION ( 'NONE',  ( 1.000000000000000000, 0.000000000000000000, 1.752245935330108871E-15 ) ) ;
#1525 = ORIENTED_EDGE ( 'NONE', *, *, #4219, .F. ) ;
#1526 = UNCERTAINTY_MEASURE_WITH_UNIT (LENGTH_MEASURE( 1.000000000000000082E-05 ), #7940, 'distance_accuracy_value', 'NONE');
#1527 = DIRECTION ( 'NONE',  ( -0.000000000000000000, 1.000000000000000000, -0.000000000000000000 ) ) ;
#1528 = ADVANCED_FACE ( 'NONE', ( #11910 ), #3291, .T. ) ;
#1529 = UNCERTAINTY_MEASURE_WITH_UNIT (LENGTH_MEASURE( 1.000000000000000082E-05 ), #717, 'distance_accuracy_value', 'NONE');
#1530 = CARTESIAN_POINT ( 'NONE',  ( -2.750000000000000000, 0.2699999999999994071, -0.6599999999999989209 ) ) ;
#1531 = ORIENTED_EDGE ( 'NONE', *, *, #955, .T. ) ;
#1532 = DIRECTION ( 'NONE',  ( 1.000000000000000000, 0.000000000000000000, 1.224646799147353207E-16 ) ) ;
#1533 = ORIENTED_EDGE ( 'NONE', *, *, #5548, .F. ) ;
#1534 = DIRECTION ( 'NONE',  ( -0.000000000000000000, 1.000000000000000000, -0.000000000000000000 ) ) ;
#1535 = CARTESIAN_POINT ( 'NONE',  ( -4.312500000000001776, 0.8000000000000000444, -4.631249999999998757 ) ) ;
#1536 = DIRECTION ( 'NONE',  ( 0.000000000000000000, 0.000000000000000000, -1.000000000000000000 ) ) ;
#1537 = ORIENTED_EDGE ( 'NONE', *, *, #7111, .T. ) ;
#1538 = FACE_OUTER_BOUND ( 'NONE', #3232, .T. ) ;
#1539 = CIRCLE ( 'NONE', #12875, 0.08999999999999980238 ) ;
#1540 = SURFACE_STYLE_USAGE ( .BOTH. , #559 ) ;
#1541 = DIRECTION ( 'NONE',  ( 0.000000000000000000, 0.000000000000000000, 1.000000000000000000 ) ) ;
#1542 = AXIS2_PLACEMENT_3D ( 'NONE', #12371, #9714, #11457 ) ;
#1543 = AXIS2_PLACEMENT_3D ( 'NONE', #1182, #4059, #5078 ) ;
#1544 = DIRECTION ( 'NONE',  ( -0.000000000000000000, 1.000000000000000000, 0.000000000000000000 ) ) ;
#1545 = SPHERICAL_SURFACE ( 'NONE', #5820, 0.1499999999999998557 ) ;
#1546 = ORIENTED_EDGE ( 'NONE', *, *, #3770, .T. ) ;
#1547 = EDGE_CURVE ( 'NONE', #12485, #706, #11975, .T. ) ;
#1548 = AXIS2_PLACEMENT_3D ( 'NONE', #2383, #514, #3392 ) ;
#1549 = ADVANCED_FACE ( 'NONE', ( #12136 ), #10337, .T. ) ;
#1550 = PRESENTATION_STYLE_ASSIGNMENT (( #6837 ) ) ;
#1551 = EDGE_CURVE ( 'NONE', #2436, #7695, #3528, .T. ) ;
#1552 = ORIENTED_EDGE ( 'NONE', *, *, #3087, .F. ) ;
#1553 = ORIENTED_EDGE ( 'NONE', *, *, #3833, .F. ) ;
#1554 = DIRECTION ( 'NONE',  ( -0.000000000000000000, 1.000000000000000000, -0.000000000000000000 ) ) ;
#1555 = ORIENTED_EDGE ( 'NONE', *, *, #11418, .T. ) ;
#1556 =( GEOMETRIC_REPRESENTATION_CONTEXT ( 3 ) GLOBAL_UNCERTAINTY_ASSIGNED_CONTEXT ( ( #5649 ) ) GLOBAL_UNIT_ASSIGNED_CONTEXT ( ( #7520, #8338, #9499 ) ) REPRESENTATION_CONTEXT ( 'NONE', 'WORKASPACE' ) );
#1557 = CARTESIAN_POINT ( 'NONE',  ( -2.250000000000000000, 0.1499999999999999944, -2.749999999999999556 ) ) ;
#1558 = DIRECTION ( 'NONE',  ( 0.000000000000000000, 0.000000000000000000, 1.000000000000000000 ) ) ;
#1559 = DIRECTION ( 'NONE',  ( 0.000000000000000000, 0.000000000000000000, -1.000000000000000000 ) ) ;
#1560 = EDGE_CURVE ( 'NONE', #5634, #10412, #7845, .T. ) ;
#1561 = ORIENTED_EDGE ( 'NONE', *, *, #4265, .F. ) ;
#1562 = DIRECTION ( 'NONE',  ( 1.000000000000000000, 0.000000000000000000, -0.000000000000000000 ) ) ;
#1563 = SURFACE_SIDE_STYLE ('',( #817 ) ) ;
#1564 = DIRECTION ( 'NONE',  ( 0.000000000000000000, 0.000000000000000000, 1.000000000000000000 ) ) ;
#1565 =( NAMED_UNIT ( * ) SI_UNIT ( $, .STERADIAN. ) SOLID_ANGLE_UNIT ( ) );
#1566 = ORIENTED_EDGE ( 'NONE', *, *, #2115, .F. ) ;
#1567 = DIRECTION ( 'NONE',  ( 1.000000000000000000, 0.000000000000000000, 1.224646799147353207E-16 ) ) ;
#1568 = PLANE ( 'NONE',  #656 ) ;
#1569 = CARTESIAN_POINT ( 'NONE',  ( -2.750000000000000000, 0.2699999999999994071, -1.159999999999999032 ) ) ;
#1570 = AXIS2_PLACEMENT_3D ( 'NONE', #2609, #12612, #11541 ) ;
#1571 = ORIENTED_EDGE ( 'NONE', *, *, #3874, .T. ) ;
#1572 = AXIS2_PLACEMENT_3D ( 'NONE', #1163, #5890, #4127 ) ;
#1573 =( NAMED_UNIT ( * ) SI_UNIT ( $, .STERADIAN. ) SOLID_ANGLE_UNIT ( ) );
#1574 = EDGE_LOOP ( 'NONE', ( #361, #221 ) ) ;
#1575 = CARTESIAN_POINT ( 'NONE',  ( 3.250000000000000888, 0.2699999999999994071, 0.7500000000000011102 ) ) ;
#1576 = STYLED_ITEM ( 'NONE', ( #4983 ), #7322 ) ;
#1577 = VERTEX_POINT ( 'NONE', #3674 ) ;
#1578 = SPHERICAL_SURFACE ( 'NONE', #1363, 0.1499999999999998557 ) ;
#1579 = EDGE_CURVE ( 'NONE', #10451, #4542, #3552, .T. ) ;
#1580 = AXIS2_PLACEMENT_3D ( 'NONE', #10288, #9212, #5198 ) ;
#1581 = CLOSED_SHELL ( 'NONE', ( #7203, #7110, #10075 ) ) ;
#1582 = PRESENTATION_STYLE_ASSIGNMENT (( #12703 ) ) ;
#1583 = FILL_AREA_STYLE_COLOUR ( '', #9007 ) ;
#1584 = DIRECTION ( 'NONE',  ( 0.000000000000000000, 0.000000000000000000, 1.000000000000000000 ) ) ;
#1585 = FILL_AREA_STYLE ('',( #11559 ) ) ;
#1586 = ORIENTED_EDGE ( 'NONE', *, *, #6358, .F. ) ;
#1587 = ADVANCED_FACE ( 'NONE', ( #11859 ), #3247, .T. ) ;
#1588 = DIRECTION ( 'NONE',  ( -0.000000000000000000, -0.000000000000000000, 1.000000000000000000 ) ) ;
#1589 = CARTESIAN_POINT ( 'NONE',  ( -4.312500000000001776, 0.6999999999999999556, -4.631249999999998757 ) ) ;
#1590 = MANIFOLD_SOLID_BREP ( 'LPattern1[65]', #5870 ) ;
#1591 = DIRECTION ( 'NONE',  ( 0.000000000000000000, 0.000000000000000000, 1.000000000000000000 ) ) ;
#1592 = DIRECTION ( 'NONE',  ( -1.000000000000000000, 0.000000000000000000, 0.000000000000000000 ) ) ;
#1593 = AXIS2_PLACEMENT_3D ( 'NONE', #7023, #5779, #10855 ) ;
#1594 = ORIENTED_EDGE ( 'NONE', *, *, #2619, .T. ) ;
#1595 = ADVANCED_FACE ( 'NONE', ( #7723 ), #12193, .T. ) ;
#1596 = VERTEX_POINT ( 'NONE', #6833 ) ;
#1597 = COLOUR_RGB ( '',0.7921568627450980005, 0.8196078431372548767, 0.9333333333333333481 ) ;
#1598 = DIRECTION ( 'NONE',  ( 0.000000000000000000, 0.000000000000000000, 1.000000000000000000 ) ) ;
#1599 = EDGE_CURVE ( 'NONE', #12142, #11918, #12213, .T. ) ;
#1600 = ORIENTED_EDGE ( 'NONE', *, *, #7412, .F. ) ;
#1601 = PRESENTATION_LAYER_ASSIGNMENT (  '', '', ( #2945 ) ) ;
#1602 = SPHERICAL_SURFACE ( 'NONE', #4585, 0.1499999999999998557 ) ;
#1603 = COLOUR_RGB ( '',0.7921568627450980005, 0.8196078431372548767, 0.9333333333333333481 ) ;
#1604 = CARTESIAN_POINT ( 'NONE',  ( 2.250000000000000000, 0.2699999999999994071, 2.840000000000001190 ) ) ;
#1605 = AXIS2_PLACEMENT_3D ( 'NONE', #3511, #1685, #10493 ) ;
#1606 = ORIENTED_EDGE ( 'NONE', *, *, #2446, .F. ) ;
#1607 = EDGE_CURVE ( 'NONE', #7814, #4731, #3611, .T. ) ;
#1608 = DIRECTION ( 'NONE',  ( 0.000000000000000000, 0.000000000000000000, 1.000000000000000000 ) ) ;
#1609 = DIRECTION ( 'NONE',  ( -1.000000000000000000, -0.000000000000000000, -1.752245935330108871E-15 ) ) ;
#1610 =( NAMED_UNIT ( * ) SI_UNIT ( $, .STERADIAN. ) SOLID_ANGLE_UNIT ( ) );
#1611 = ORIENTED_EDGE ( 'NONE', *, *, #7412, .T. ) ;
#1612 = DIRECTION ( 'NONE',  ( -0.000000000000000000, 1.000000000000000000, 0.000000000000000000 ) ) ;
#1613 = VERTEX_POINT ( 'NONE', #10845 ) ;
#1614 = DIRECTION ( 'NONE',  ( 1.000000000000000000, 0.000000000000000000, -0.000000000000000000 ) ) ;
#1615 = DIRECTION ( 'NONE',  ( -0.000000000000000000, 1.000000000000000000, -0.000000000000000000 ) ) ;
#1616 = DIRECTION ( 'NONE',  ( 1.000000000000000000, 0.000000000000000000, -0.000000000000000000 ) ) ;
#1617 = CARTESIAN_POINT ( 'NONE',  ( 5.749999999999998224, -17.35655495770977907, -6.500000000000000000 ) ) ;
#1618 = ORIENTED_EDGE ( 'NONE', *, *, #10123, .F. ) ;
#1619 = DIRECTION ( 'NONE',  ( 0.000000000000000000, 0.000000000000000000, 1.000000000000000000 ) ) ;
#1620 =( NAMED_UNIT ( * ) PLANE_ANGLE_UNIT ( ) SI_UNIT ( $, .RADIAN. ) );
#1621 = VERTEX_POINT ( 'NONE', #8932 ) ;
#1622 = AXIS2_PLACEMENT_3D ( 'NONE', #9004, #12511, #4336 ) ;
#1623 = EDGE_CURVE ( 'NONE', #9043, #3835, #3378, .T. ) ;
#1624 = SURFACE_STYLE_USAGE ( .BOTH. , #2424 ) ;
#1625 = DIRECTION ( 'NONE',  ( 0.000000000000000000, 0.000000000000000000, 1.000000000000000000 ) ) ;
#1626 = AXIS2_PLACEMENT_3D ( 'NONE', #8199, #11447, #9112 ) ;
#1627 = COLOUR_RGB ( '',0.2509803921568627416, 0.2509803921568627416, 0.2509803921568627416 ) ;
#1628 = DIRECTION ( 'NONE',  ( -0.000000000000000000, 1.000000000000000000, -0.000000000000000000 ) ) ;
#1629 = AXIS2_PLACEMENT_3D ( 'NONE', #11896, #12865, #1962 ) ;
#1630 = EDGE_LOOP ( 'NONE', ( #1235, #357 ) ) ;
#1631 = EDGE_LOOP ( 'NONE', ( #6259, #11980, #8014 ) ) ;
#1632 = CARTESIAN_POINT ( 'NONE',  ( -3.250000000000000000, 0.1499999999999999944, -1.749999999999999334 ) ) ;
#1633 = PRESENTATION_STYLE_ASSIGNMENT (( #11701 ) ) ;
#1634 = PLANE ( 'NONE',  #9300 ) ;
#1635 =( NAMED_UNIT ( * ) PLANE_ANGLE_UNIT ( ) SI_UNIT ( $, .RADIAN. ) );
#1636 = CARTESIAN_POINT ( 'NONE',  ( 1.750000000000000222, 0.2699999999999994071, -2.839999999999999858 ) ) ;
#1637 = ORIENTED_EDGE ( 'NONE', *, *, #6811, .T. ) ;
#1638 = CIRCLE ( 'NONE', #451, 0.1499999999999999667 ) ;
#1639 = SURFACE_SIDE_STYLE ('',( #11255 ) ) ;
#1640 = EDGE_LOOP ( 'NONE', ( #6337, #6189, #625 ) ) ;
#1641 = DIRECTION ( 'NONE',  ( 0.000000000000000000, 0.000000000000000000, 1.000000000000000000 ) ) ;
#1642 = CARTESIAN_POINT ( 'NONE',  ( 2.750000000000000444, 0.2699999999999994071, -2.339999999999999414 ) ) ;
#1643 = SURFACE_SIDE_STYLE ('',( #8913 ) ) ;
#1644 = AXIS2_PLACEMENT_3D ( 'NONE', #2898, #11663, #5671 ) ;
#1645 = ADVANCED_FACE ( 'NONE', ( #7624 ), #7707, .T. ) ;
#1646 = FACE_OUTER_BOUND ( 'NONE', #4930, .T. ) ;
#1647 = EDGE_CURVE ( 'NONE', #2139, #3419, #12015, .T. ) ;
#1648 = AXIS2_PLACEMENT_3D ( 'NONE', #3810, #3493, #10399 ) ;
#1649 = ORIENTED_EDGE ( 'NONE', *, *, #11176, .T. ) ;
#1650 = EDGE_LOOP ( 'NONE', ( #429, #2153, #9813 ) ) ;
#1651 = DIRECTION ( 'NONE',  ( 1.000000000000000000, 0.000000000000000000, 1.224646799147353207E-16 ) ) ;
#1652 = ORIENTED_EDGE ( 'NONE', *, *, #8466, .T. ) ;
#1653 = CIRCLE ( 'NONE', #4140, 0.08999999999999980238 ) ;
#1654 = AXIS2_PLACEMENT_3D ( 'NONE', #9118, #1487, #8294 ) ;
#1655 =( LENGTH_UNIT ( ) NAMED_UNIT ( * ) SI_UNIT ( .MILLI., .METRE. ) );
#1656 = VERTEX_POINT ( 'NONE', #5691 ) ;
#1657 =( NAMED_UNIT ( * ) PLANE_ANGLE_UNIT ( ) SI_UNIT ( $, .RADIAN. ) );
#1658 = EDGE_CURVE ( 'NONE', #5154, #12836, #12038, .T. ) ;
#1659 = DIRECTION ( 'NONE',  ( 0.000000000000000000, -1.000000000000000000, 0.000000000000000000 ) ) ;
#1660 = STYLED_ITEM ( 'NONE', ( #1808 ), #4627 ) ;
#1661 = DIRECTION ( 'NONE',  ( 0.000000000000000000, 0.000000000000000000, 1.000000000000000000 ) ) ;
#1662 = AXIS2_PLACEMENT_3D ( 'NONE', #7454, #11352, #5356 ) ;
#1663 =( LENGTH_UNIT ( ) NAMED_UNIT ( * ) SI_UNIT ( .MILLI., .METRE. ) );
#1664 = DIRECTION ( 'NONE',  ( 0.000000000000000000, 0.000000000000000000, 1.000000000000000000 ) ) ;
#1665 = VERTEX_POINT ( 'NONE', #9677 ) ;
#1666 = STYLED_ITEM ( 'NONE', ( #1550 ), #409 ) ;
#1667 = EDGE_LOOP ( 'NONE', ( #5699, #5620, #9931 ) ) ;
#1668 = DIRECTION ( 'NONE',  ( -0.7071067811865469066, 0.000000000000000000, -0.7071067811865482389 ) ) ;
#1669 = SURFACE_STYLE_FILL_AREA ( #9601 ) ;
#1670 = FACE_OUTER_BOUND ( 'NONE', #8582, .T. ) ;
#1671 = DIRECTION ( 'NONE',  ( -0.000000000000000000, 1.000000000000000000, 0.000000000000000000 ) ) ;
#1672 =( GEOMETRIC_REPRESENTATION_CONTEXT ( 3 ) GLOBAL_UNCERTAINTY_ASSIGNED_CONTEXT ( ( #8210 ) ) GLOBAL_UNIT_ASSIGNED_CONTEXT ( ( #3789, #6367, #7369 ) ) REPRESENTATION_CONTEXT ( 'NONE', 'WORKASPACE' ) );
#1673 = ORIENTED_EDGE ( 'NONE', *, *, #6955, .T. ) ;
#1674 = AXIS2_PLACEMENT_3D ( 'NONE', #10203, #11180, #9527 ) ;
#1675 = CIRCLE ( 'NONE', #1033, 0.1499999999999999667 ) ;
#1676 = MANIFOLD_SOLID_BREP ( 'LPattern1[174]', #8617 ) ;
#1677 = UNCERTAINTY_MEASURE_WITH_UNIT (LENGTH_MEASURE( 1.000000000000000082E-05 ), #1477, 'distance_accuracy_value', 'NONE');
#1678 = EDGE_CURVE ( 'NONE', #2267, #453, #8653, .T. ) ;
#1679 = UNCERTAINTY_MEASURE_WITH_UNIT (LENGTH_MEASURE( 1.000000000000000082E-05 ), #6050, 'distance_accuracy_value', 'NONE');
#1680 = AXIS2_PLACEMENT_3D ( 'NONE', #1074, #4144, #9171 ) ;
#1681 = ORIENTED_EDGE ( 'NONE', *, *, #9657, .T. ) ;
#1682 = AXIS2_PLACEMENT_3D ( 'NONE', #612, #1592, #4649 ) ;
#1683 = ADVANCED_FACE ( 'NONE', ( #8371 ), #10065, .T. ) ;
#1684 = DIRECTION ( 'NONE',  ( -1.000000000000000000, 0.000000000000000000, 0.000000000000000000 ) ) ;
#1685 = DIRECTION ( 'NONE',  ( 1.000000000000000000, 0.000000000000000000, 1.224646799147353207E-16 ) ) ;
#1686 = FILL_AREA_STYLE ('',( #9581 ) ) ;
#1687 = VERTEX_POINT ( 'NONE', #6135 ) ;
#1688 = STYLED_ITEM ( 'NONE', ( #10513 ), #8097 ) ;
#1689 =( LENGTH_UNIT ( ) NAMED_UNIT ( * ) SI_UNIT ( .MILLI., .METRE. ) );
#1690 = ADVANCED_FACE ( 'NONE', ( #4037 ), #161, .T. ) ;
#1691 = ORIENTED_EDGE ( 'NONE', *, *, #12114, .F. ) ;
#1692 =( NAMED_UNIT ( * ) PLANE_ANGLE_UNIT ( ) SI_UNIT ( $, .RADIAN. ) );
#1693 = CARTESIAN_POINT ( 'NONE',  ( -1.749999999999999778, 0.2699999999999994071, 2.340000000000000302 ) ) ;
#1694 = AXIS2_PLACEMENT_3D ( 'NONE', #2175, #111, #857 ) ;
#1695 = CIRCLE ( 'NONE', #1709, 0.08999999999999980238 ) ;
#1696 = CARTESIAN_POINT ( 'NONE',  ( -5.750000000000001776, 0.2699999999999994071, -6.500000000000000000 ) ) ;
#1697 = MECHANICAL_DESIGN_GEOMETRIC_PRESENTATION_REPRESENTATION (  '', ( #9321 ), #1841 ) ;
#1698 = DIRECTION ( 'NONE',  ( 0.000000000000000000, 0.000000000000000000, 1.000000000000000000 ) ) ;
#1699 = ORIENTED_EDGE ( 'NONE', *, *, #1393, .T. ) ;
#1700 =( NAMED_UNIT ( * ) SI_UNIT ( $, .STERADIAN. ) SOLID_ANGLE_UNIT ( ) );
#1701 = DIRECTION ( 'NONE',  ( 0.000000000000000000, 0.000000000000000000, 1.000000000000000000 ) ) ;
#1702 = AXIS2_PLACEMENT_3D ( 'NONE', #10332, #10674, #12332 ) ;
#1703 = VERTEX_POINT ( 'NONE', #5059 ) ;
#1704 = EDGE_CURVE ( 'NONE', #2624, #11492, #8431, .T. ) ;
#1705 = CARTESIAN_POINT ( 'NONE',  ( 1.250000000000000666, 0.2699999999999994071, -2.659999999999999254 ) ) ;
#1706 = DIRECTION ( 'NONE',  ( -0.000000000000000000, 1.000000000000000000, -0.000000000000000000 ) ) ;
#1707 = EDGE_CURVE ( 'NONE', #7444, #3906, #12651, .T. ) ;
#1708 = CARTESIAN_POINT ( 'NONE',  ( -2.750000000000000000, 0.2699999999999994071, -1.749999999999998890 ) ) ;
#1709 = AXIS2_PLACEMENT_3D ( 'NONE', #4605, #819, #10610 ) ;
#1710 = ORIENTED_EDGE ( 'NONE', *, *, #6175, .T. ) ;
#1711 = DIRECTION ( 'NONE',  ( 0.000000000000000000, 0.000000000000000000, 1.000000000000000000 ) ) ;
#1712 = VERTEX_POINT ( 'NONE', #3953 ) ;
#1713 = DIRECTION ( 'NONE',  ( 0.000000000000000000, 0.000000000000000000, 1.000000000000000000 ) ) ;
#1714 = CIRCLE ( 'NONE', #6933, 0.1499999999999999667 ) ;
#1715 = DIRECTION ( 'NONE',  ( -0.000000000000000000, 1.000000000000000000, -0.000000000000000000 ) ) ;
#1716 =( NAMED_UNIT ( * ) SI_UNIT ( $, .STERADIAN. ) SOLID_ANGLE_UNIT ( ) );
#1717 = ORIENTED_EDGE ( 'NONE', *, *, #9068, .F. ) ;
#1718 = SPHERICAL_SURFACE ( 'NONE', #8627, 0.1499999999999998557 ) ;
#1719 = CIRCLE ( 'NONE', #8980, 0.08999999999999980238 ) ;
#1720 = DIRECTION ( 'NONE',  ( 0.000000000000000000, 0.000000000000000000, 1.000000000000000000 ) ) ;
#1721 = CARTESIAN_POINT ( 'NONE',  ( -2.250000000000000000, 0.2699999999999994071, -2.839999999999999858 ) ) ;
#1722 = SURFACE_STYLE_USAGE ( .BOTH. , #740 ) ;
#1723 = ORIENTED_EDGE ( 'NONE', *, *, #2404, .F. ) ;
#1724 = CARTESIAN_POINT ( 'NONE',  ( -2.250000000000000000, 0.1499999999999999944, 0.7500000000000006661 ) ) ;
#1725 = CARTESIAN_POINT ( 'NONE',  ( 1.250000000000000666, 0.1499999999999999944, -2.749999999999999556 ) ) ;
#1726 = EDGE_CURVE ( 'NONE', #9758, #7342, #4376, .T. ) ;
#1727 = EDGE_CURVE ( 'NONE', #7191, #10860, #8450, .T. ) ;
#1728 = PRESENTATION_LAYER_ASSIGNMENT (  '', '', ( #513 ) ) ;
#1729 = EDGE_CURVE ( 'NONE', #6935, #961, #8762, .T. ) ;
#1730 = ORIENTED_EDGE ( 'NONE', *, *, #3639, .T. ) ;
#1731 = AXIS2_PLACEMENT_3D ( 'NONE', #8871, #11988, #9889 ) ;
#1732 = ORIENTED_EDGE ( 'NONE', *, *, #981, .F. ) ;
#1733 = FACE_OUTER_BOUND ( 'NONE', #3153, .T. ) ;
#1734 =( NAMED_UNIT ( * ) PLANE_ANGLE_UNIT ( ) SI_UNIT ( $, .RADIAN. ) );
#1735 = ORIENTED_EDGE ( 'NONE', *, *, #10145, .T. ) ;
#1736 = SPHERICAL_SURFACE ( 'NONE', #11593, 0.1499999999999998557 ) ;
#1737 = CARTESIAN_POINT ( 'NONE',  ( 1.250000000000000666, 0.1499999999999999944, 0.7500000000000006661 ) ) ;
#1738 = CARTESIAN_POINT ( 'NONE',  ( 2.750000000000000444, 0.2699999999999994071, 2.840000000000000746 ) ) ;
#1739 = STYLED_ITEM ( 'NONE', ( #2888 ), #6502 ) ;
#1740 = ORIENTED_EDGE ( 'NONE', *, *, #875, .T. ) ;
#1741 = AXIS2_PLACEMENT_3D ( 'NONE', #5453, #8705, #9707 ) ;
#1742 = SURFACE_STYLE_USAGE ( .BOTH. , #762 ) ;
#1743 = DIRECTION ( 'NONE',  ( 0.000000000000000000, 0.000000000000000000, 1.000000000000000000 ) ) ;
#1744 = DIRECTION ( 'NONE',  ( 0.000000000000000000, 0.000000000000000000, 1.000000000000000000 ) ) ;
#1746 = DIRECTION ( 'NONE',  ( 0.000000000000000000, 0.000000000000000000, 1.000000000000000000 ) ) ;
#1745 = CIRCLE ( 'NONE', #9712, 0.08999999999999980238 ) ;
#1747 = CARTESIAN_POINT ( 'NONE',  ( 1.250000000000000666, 0.2699999999999994071, -2.839999999999999858 ) ) ;
#1748 = CARTESIAN_POINT ( 'NONE',  ( 1.250000000000000666, 0.1499999999999999944, -2.749999999999999556 ) ) ;
#1749 = EDGE_CURVE ( 'NONE', #7191, #10512, #173, .T. ) ;
#1750 = CARTESIAN_POINT ( 'NONE',  ( 3.250000000000000888, 0.1499999999999999944, 3.250000000000001332 ) ) ;
#1751 = ORIENTED_EDGE ( 'NONE', *, *, #9297, .F. ) ;
#1752 = EDGE_LOOP ( 'NONE', ( #6906, #10169 ) ) ;
#1753 = DIRECTION ( 'NONE',  ( 0.000000000000000000, 0.000000000000000000, 1.000000000000000000 ) ) ;
#1754 = EDGE_CURVE ( 'NONE', #8417, #4172, #4057, .T. ) ;
#1755 = DIRECTION ( 'NONE',  ( -0.000000000000000000, -0.000000000000000000, 1.000000000000000000 ) ) ;
#1756 = ORIENTED_EDGE ( 'NONE', *, *, #5430, .F. ) ;
#1757 = DIRECTION ( 'NONE',  ( 0.000000000000000000, 0.000000000000000000, 1.000000000000000000 ) ) ;
#1758 = EDGE_LOOP ( 'NONE', ( #2065, #6589, #1890 ) ) ;
#1759 = AXIS2_PLACEMENT_3D ( 'NONE', #1575, #3554, #4538 ) ;
#1760 = CARTESIAN_POINT ( 'NONE',  ( 2.750000000000000444, 0.2699999999999994071, -0.1599999999999991152 ) ) ;
#1761 =( NAMED_UNIT ( * ) PLANE_ANGLE_UNIT ( ) SI_UNIT ( $, .RADIAN. ) );
#1762 = DIRECTION ( 'NONE',  ( -0.000000000000000000, 1.000000000000000000, 0.000000000000000000 ) ) ;
#1763 = CARTESIAN_POINT ( 'NONE',  ( 2.250000000000000000, 1.355252715606880543E-16, -2.249999999999999556 ) ) ;
#1764 = MANIFOLD_SOLID_BREP ( 'LPattern1[167]', #3772 ) ;
#1765 = ORIENTED_EDGE ( 'NONE', *, *, #11970, .T. ) ;
#1766 = ORIENTED_EDGE ( 'NONE', *, *, #5259, .T. ) ;
#1767 = AXIS2_PLACEMENT_3D ( 'NONE', #1693, #4236, #9423 ) ;
#1768 = DIRECTION ( 'NONE',  ( 0.000000000000000000, 0.000000000000000000, -1.000000000000000000 ) ) ;
#1769 = AXIS2_PLACEMENT_3D ( 'NONE', #10061, #1790, #909 ) ;
#1770 = CIRCLE ( 'NONE', #7877, 0.1499999999999999667 ) ;
#1771 = CARTESIAN_POINT ( 'NONE',  ( 1.250000000000000666, 1.355252715606880543E-16, 3.250000000000001332 ) ) ;
#1772 = DIRECTION ( 'NONE',  ( -0.000000000000000000, 1.000000000000000000, 0.000000000000000000 ) ) ;
#1773 = DIRECTION ( 'NONE',  ( -0.000000000000000000, 1.000000000000000000, 0.000000000000000000 ) ) ;
#1774 = ORIENTED_EDGE ( 'NONE', *, *, #6104, .T. ) ;
#1775 = PRESENTATION_STYLE_ASSIGNMENT (( #5276 ) ) ;
#1776 = CARTESIAN_POINT ( 'NONE',  ( 3.250000000000000888, 0.2699999999999994071, 0.2500000000000011102 ) ) ;
#1777 = DIRECTION ( 'NONE',  ( -0.000000000000000000, 1.000000000000000000, -0.000000000000000000 ) ) ;
#1778 = EDGE_LOOP ( 'NONE', ( #12188, #9231, #8031 ) ) ;
#1779 = AXIS2_PLACEMENT_3D ( 'NONE', #7794, #1628, #8521 ) ;
#1780 = ADVANCED_FACE ( 'NONE', ( #4179 ), #5968, .T. ) ;
#1781 = ADVANCED_FACE ( 'NONE', ( #4459 ), #8531, .T. ) ;
#1782 = DIRECTION ( 'NONE',  ( -1.000000000000000000, 0.000000000000000000, 0.000000000000000000 ) ) ;
#1783 = SPHERICAL_SURFACE ( 'NONE', #7384, 0.1499999999999998557 ) ;
#1784 = DIRECTION ( 'NONE',  ( 0.000000000000000000, 0.000000000000000000, 1.000000000000000000 ) ) ;
#1785 = ORIENTED_EDGE ( 'NONE', *, *, #8466, .F. ) ;
#1786 = ADVANCED_FACE ( 'NONE', ( #12760 ), #1161, .T. ) ;
#1787 = ORIENTED_EDGE ( 'NONE', *, *, #929, .F. ) ;
#1788 = CARTESIAN_POINT ( 'NONE',  ( 1.250000000000000666, 0.2699999999999994071, 0.6600000000000006972 ) ) ;
#1789 = DIRECTION ( 'NONE',  ( 0.000000000000000000, 0.000000000000000000, -1.000000000000000000 ) ) ;
#1790 = DIRECTION ( 'NONE',  ( 1.000000000000000000, 0.000000000000000000, -0.000000000000000000 ) ) ;
#1791 = SURFACE_STYLE_USAGE ( .BOTH. , #9794 ) ;
#1792 = VERTEX_POINT ( 'NONE', #12471 ) ;
#1793 = CIRCLE ( 'NONE', #7759, 0.08999999999999980238 ) ;
#1794 =( LENGTH_UNIT ( ) NAMED_UNIT ( * ) SI_UNIT ( .MILLI., .METRE. ) );
#1795 = DIRECTION ( 'NONE',  ( 0.000000000000000000, 0.000000000000000000, 1.000000000000000000 ) ) ;
#1796 = SURFACE_STYLE_USAGE ( .BOTH. , #827 ) ;
#1797 = PLANE ( 'NONE',  #9480 ) ;
#1798 = AXIS2_PLACEMENT_3D ( 'NONE', #2204, #6200, #10068 ) ;
#1799 = AXIS2_PLACEMENT_3D ( 'NONE', #9241, #10970, #10238 ) ;
#1800 = DIRECTION ( 'NONE',  ( 0.000000000000000000, 0.000000000000000000, 1.000000000000000000 ) ) ;
#1801 = ORIENTED_EDGE ( 'NONE', *, *, #4194, .T. ) ;
#1802 = ADVANCED_FACE ( 'NONE', ( #105 ), #7310, .T. ) ;
#1803 = AXIS2_PLACEMENT_3D ( 'NONE', #4249, #10197, #7180 ) ;
#1804 = CIRCLE ( 'NONE', #5061, 0.08999999999999980238 ) ;
#1805 = SURFACE_STYLE_FILL_AREA ( #7018 ) ;
#1806 = EDGE_LOOP ( 'NONE', ( #12045, #6309 ) ) ;
#1807 = VERTEX_POINT ( 'NONE', #2470 ) ;
#1808 = PRESENTATION_STYLE_ASSIGNMENT (( #1624 ) ) ;
#1809 = SPHERICAL_SURFACE ( 'NONE', #5740, 0.1499999999999998557 ) ;
#1810 = DIRECTION ( 'NONE',  ( 0.000000000000000000, 0.000000000000000000, 1.000000000000000000 ) ) ;
#1811 = UNCERTAINTY_MEASURE_WITH_UNIT (LENGTH_MEASURE( 1.000000000000000082E-05 ), #3938, 'distance_accuracy_value', 'NONE');
#1812 = ORIENTED_EDGE ( 'NONE', *, *, #11150, .T. ) ;
#1813 = SURFACE_STYLE_FILL_AREA ( #3700 ) ;
#1814 = DIRECTION ( 'NONE',  ( 1.000000000000000000, 0.000000000000000000, -0.000000000000000000 ) ) ;
#1815 = AXIS2_PLACEMENT_3D ( 'NONE', #864, #9659, #1757 ) ;
#1816 =( NAMED_UNIT ( * ) PLANE_ANGLE_UNIT ( ) SI_UNIT ( $, .RADIAN. ) );
#1817 = SURFACE_STYLE_USAGE ( .BOTH. , #4728 ) ;
#1818 = ORIENTED_EDGE ( 'NONE', *, *, #4694, .T. ) ;
#1819 = EDGE_CURVE ( 'NONE', #9384, #9998, #8553, .T. ) ;
#1820 = DIRECTION ( 'NONE',  ( 1.000000000000000000, 0.000000000000000000, -0.000000000000000000 ) ) ;
#1821 = CARTESIAN_POINT ( 'NONE',  ( -1.249999999999999778, 0.1499999999999999944, -1.249999999999999334 ) ) ;
#1822 = PRESENTATION_STYLE_ASSIGNMENT (( #4889 ) ) ;
#1823 = COLOUR_RGB ( '',0.7921568627450980005, 0.8196078431372548767, 0.9333333333333333481 ) ;
#1824 = PRESENTATION_LAYER_ASSIGNMENT (  '', '', ( #8043 ) ) ;
#1825 = ORIENTED_EDGE ( 'NONE', *, *, #3360, .T. ) ;
#1826 = UNCERTAINTY_MEASURE_WITH_UNIT (LENGTH_MEASURE( 1.000000000000000082E-05 ), #4148, 'distance_accuracy_value', 'NONE');
#1827 = UNCERTAINTY_MEASURE_WITH_UNIT (LENGTH_MEASURE( 1.000000000000000082E-05 ), #344, 'distance_accuracy_value', 'NONE');
#1828 = ORIENTED_EDGE ( 'NONE', *, *, #6937, .T. ) ;
#1829 = AXIS2_PLACEMENT_3D ( 'NONE', #15, #2968, #4909 ) ;
#1830 = CARTESIAN_POINT ( 'NONE',  ( 3.250000000000000888, 0.2699999999999994071, 0.8400000000000008571 ) ) ;
#1831 = AXIS2_PLACEMENT_3D ( 'NONE', #10425, #8261, #2346 ) ;
#1832 = COLOUR_RGB ( '',0.7921568627450980005, 0.8196078431372548767, 0.9333333333333333481 ) ;
#1833 = SPHERICAL_SURFACE ( 'NONE', #14, 0.1499999999999998557 ) ;
#1834 =( NAMED_UNIT ( * ) SI_UNIT ( $, .STERADIAN. ) SOLID_ANGLE_UNIT ( ) );
#1835 = EDGE_CURVE ( 'NONE', #998, #7988, #8698, .T. ) ;
#1836 = VERTEX_POINT ( 'NONE', #604 ) ;
#1837 = DIRECTION ( 'NONE',  ( 0.000000000000000000, 0.000000000000000000, 1.000000000000000000 ) ) ;
#1838 = ORIENTED_EDGE ( 'NONE', *, *, #6792, .T. ) ;
#1839 = CARTESIAN_POINT ( 'NONE',  ( 0.7500000000000002220, 1.355252715606880543E-16, 3.250000000000001332 ) ) ;
#1840 = DIRECTION ( 'NONE',  ( 0.000000000000000000, 0.000000000000000000, -1.000000000000000000 ) ) ;
#1841 =( GEOMETRIC_REPRESENTATION_CONTEXT ( 3 ) GLOBAL_UNCERTAINTY_ASSIGNED_CONTEXT ( ( #6285 ) ) GLOBAL_UNIT_ASSIGNED_CONTEXT ( ( #11514, #7346, #1700 ) ) REPRESENTATION_CONTEXT ( 'NONE', 'WORKASPACE' ) );
#1842 = AXIS2_PLACEMENT_3D ( 'NONE', #12112, #9944, #5275 ) ;
#1843 = CARTESIAN_POINT ( 'NONE',  ( 1.750000000000000222, 0.1499999999999999944, -2.749999999999999556 ) ) ;
#1844 = DIRECTION ( 'NONE',  ( 1.000000000000000000, 0.000000000000000000, -0.000000000000000000 ) ) ;
#1845 = AXIS2_PLACEMENT_3D ( 'NONE', #11241, #3064, #1369 ) ;
#1846 = ORIENTED_EDGE ( 'NONE', *, *, #12705, .F. ) ;
#1847 = AXIS2_PLACEMENT_3D ( 'NONE', #1412, #9310, #12297 ) ;
#1848 = ORIENTED_EDGE ( 'NONE', *, *, #4477, .T. ) ;
#1849 = CARTESIAN_POINT ( 'NONE',  ( -2.250000000000000000, 0.1499999999999999944, 0.7500000000000006661 ) ) ;
#1850 = CIRCLE ( 'NONE', #10664, 0.08999999999999980238 ) ;
#1851 = DIRECTION ( 'NONE',  ( 0.000000000000000000, 0.000000000000000000, 1.000000000000000000 ) ) ;
#1852 = EDGE_CURVE ( 'NONE', #12221, #8066, #4123, .T. ) ;
#1853 = ORIENTED_EDGE ( 'NONE', *, *, #4808, .T. ) ;
#1854 = SURFACE_STYLE_FILL_AREA ( #10226 ) ;
#1855 = DIRECTION ( 'NONE',  ( -0.000000000000000000, 1.000000000000000000, -0.000000000000000000 ) ) ;
#1856 = DIRECTION ( 'NONE',  ( 0.000000000000000000, 0.000000000000000000, 1.000000000000000000 ) ) ;
#1857 = AXIS2_PLACEMENT_3D ( 'NONE', #984, #5797, #1868 ) ;
#1858 = ORIENTED_EDGE ( 'NONE', *, *, #12020, .T. ) ;
#1859 = MANIFOLD_SOLID_BREP ( 'LPattern1[153]', #11525 ) ;
#1860 = CIRCLE ( 'NONE', #2096, 0.1499999999999999667 ) ;
#1861 = CIRCLE ( 'NONE', #1924, 0.08999999999999980238 ) ;
#1862 = DIRECTION ( 'NONE',  ( 0.000000000000000000, 0.000000000000000000, 1.000000000000000000 ) ) ;
#1863 = AXIS2_PLACEMENT_3D ( 'NONE', #1104, #3809, #11741 ) ;
#1864 = CLOSED_SHELL ( 'NONE', ( #5857, #5042, #12146 ) ) ;
#1865 = PRODUCT_CONTEXT ( 'NONE', #5618, 'mechanical' ) ;
#1866 = EDGE_LOOP ( 'NONE', ( #925, #4583 ) ) ;
#1867 = CARTESIAN_POINT ( 'NONE',  ( 2.750000000000000444, 0.2699999999999994071, -1.249999999999998890 ) ) ;
#1868 = DIRECTION ( 'NONE',  ( 0.000000000000000000, 0.000000000000000000, 1.000000000000000000 ) ) ;
#1869 = SPHERICAL_SURFACE ( 'NONE', #10820, 0.1499999999999998557 ) ;
#1870 = PRESENTATION_STYLE_ASSIGNMENT (( #12327 ) ) ;
#1871 = DIRECTION ( 'NONE',  ( 0.000000000000000000, 0.000000000000000000, 1.000000000000000000 ) ) ;
#1872 = CARTESIAN_POINT ( 'NONE',  ( 1.750000000000000222, 0.1499999999999999944, -3.249999999999999556 ) ) ;
#1873 = EDGE_CURVE ( 'NONE', #5729, #2783, #12784, .T. ) ;
#1874 = CARTESIAN_POINT ( 'NONE',  ( -2.750000000000000000, 0.1499999999999999944, 0.2500000000000006661 ) ) ;
#1875 = CARTESIAN_POINT ( 'NONE',  ( 1.750000000000000222, 0.1499999999999999944, -3.249999999999999556 ) ) ;
#1876 = ORIENTED_EDGE ( 'NONE', *, *, #12145, .T. ) ;
#1877 = CIRCLE ( 'NONE', #12852, 0.08999999999999980238 ) ;
#1878 = DIRECTION ( 'NONE',  ( 0.000000000000000000, 0.000000000000000000, 1.000000000000000000 ) ) ;
#1879 = DIRECTION ( 'NONE',  ( -1.000000000000000000, 0.000000000000000000, 0.000000000000000000 ) ) ;
#1880 = CARTESIAN_POINT ( 'NONE',  ( -2.750000000000000000, 0.1499999999999999944, -2.249999999999999556 ) ) ;
#1881 = VERTEX_POINT ( 'NONE', #8230 ) ;
#1882 = ADVANCED_FACE ( 'NONE', ( #8392 ), #12671, .T. ) ;
#1883 = SURFACE_STYLE_FILL_AREA ( #10502 ) ;
#1884 = STYLED_ITEM ( 'NONE', ( #7366 ), #1428 ) ;
#1885 = FACE_OUTER_BOUND ( 'NONE', #1866, .T. ) ;
#1886 = PRESENTATION_STYLE_ASSIGNMENT (( #12580 ) ) ;
#1887 =( GEOMETRIC_REPRESENTATION_CONTEXT ( 3 ) GLOBAL_UNCERTAINTY_ASSIGNED_CONTEXT ( ( #2606 ) ) GLOBAL_UNIT_ASSIGNED_CONTEXT ( ( #10097, #468, #1998 ) ) REPRESENTATION_CONTEXT ( 'NONE', 'WORKASPACE' ) );
#1888 = ORIENTED_EDGE ( 'NONE', *, *, #290, .F. ) ;
#1889 = ADVANCED_FACE ( 'NONE', ( #4081 ), #431, .T. ) ;
#1890 = ORIENTED_EDGE ( 'NONE', *, *, #249, .F. ) ;
#1891 = PRESENTATION_LAYER_ASSIGNMENT (  '', '', ( #995 ) ) ;
#1892 = ADVANCED_FACE ( 'NONE', ( #8413 ), #597, .T. ) ;
#1893 = CIRCLE ( 'NONE', #734, 0.08999999999999980238 ) ;
#1894 = FACE_OUTER_BOUND ( 'NONE', #4501, .T. ) ;
#1895 = DIRECTION ( 'NONE',  ( 1.000000000000000000, 0.000000000000000000, 1.224646799147353207E-16 ) ) ;
#1896 = VERTEX_POINT ( 'NONE', #8319 ) ;
#1897 = SPHERICAL_SURFACE ( 'NONE', #6031, 0.1499999999999998557 ) ;
#1898 = EDGE_CURVE ( 'NONE', #4987, #8545, #4503, .T. ) ;
#1899 =( NAMED_UNIT ( * ) PLANE_ANGLE_UNIT ( ) SI_UNIT ( $, .RADIAN. ) );
#1900 = DIRECTION ( 'NONE',  ( -0.000000000000000000, 1.000000000000000000, 0.000000000000000000 ) ) ;
#1901 = STYLED_ITEM ( 'NONE', ( #6414 ), #12430 ) ;
#1902 = DIRECTION ( 'NONE',  ( 0.000000000000000000, 0.000000000000000000, 1.000000000000000000 ) ) ;
#1903 = ORIENTED_EDGE ( 'NONE', *, *, #12318, .F. ) ;
#1904 = AXIS2_PLACEMENT_3D ( 'NONE', #12361, #5359, #8452 ) ;
#1905 = ADVANCED_FACE ( 'NONE', ( #9029 ), #285, .T. ) ;
#1906 =( NAMED_UNIT ( * ) PLANE_ANGLE_UNIT ( ) SI_UNIT ( $, .RADIAN. ) );
#1907 = CARTESIAN_POINT ( 'NONE',  ( -4.312500000000001776, -0.7997591975467949199, -4.631249999999998757 ) ) ;
#1908 = AXIS2_PLACEMENT_3D ( 'NONE', #10204, #12441, #316 ) ;
#1909 = SURFACE_STYLE_FILL_AREA ( #2473 ) ;
#1911 = CARTESIAN_POINT ( 'NONE',  ( 1.250000000000000666, 1.355252715606880543E-16, -2.249999999999999556 ) ) ;
#1910 = FACE_OUTER_BOUND ( 'NONE', #12368, .T. ) ;
#1912 = DIRECTION ( 'NONE',  ( 1.000000000000000000, 0.000000000000000000, -0.000000000000000000 ) ) ;
#1913 = CARTESIAN_POINT ( 'NONE',  ( -2.250000000000000000, 0.1499999999999999944, -0.7499999999999993339 ) ) ;
#1914 = CARTESIAN_POINT ( 'NONE',  ( 2.750000000000000444, 0.1499999999999999944, -2.249999999999999556 ) ) ;
#1915 = PRESENTATION_LAYER_ASSIGNMENT (  '', '', ( #3326 ) ) ;
#1916 = ORIENTED_EDGE ( 'NONE', *, *, #6382, .T. ) ;
#1917 = EDGE_LOOP ( 'NONE', ( #6718, #6418, #2196, #3183 ) ) ;
#1918 = CARTESIAN_POINT ( 'NONE',  ( 3.250000000000000888, 0.2699999999999994071, 0.1600000000000007250 ) ) ;
#1919 = SURFACE_STYLE_USAGE ( .BOTH. , #10568 ) ;
#1920 = AXIS2_PLACEMENT_3D ( 'NONE', #262, #6230, #3501 ) ;
#1921 = ORIENTED_EDGE ( 'NONE', *, *, #11400, .F. ) ;
#1922 = ORIENTED_EDGE ( 'NONE', *, *, #7280, .F. ) ;
#1923 = SPHERICAL_SURFACE ( 'NONE', #11761, 0.1499999999999998557 ) ;
#1924 = AXIS2_PLACEMENT_3D ( 'NONE', #5421, #10591, #6426 ) ;
#1925 = AXIS2_PLACEMENT_3D ( 'NONE', #12564, #1671, #3660 ) ;
#1926 = DIRECTION ( 'NONE',  ( 0.000000000000000000, 1.000000000000000000, 0.000000000000000000 ) ) ;
#1927 = ADVANCED_FACE ( 'NONE', ( #441 ), #9067, .T. ) ;
#1928 = DIRECTION ( 'NONE',  ( -0.000000000000000000, 1.000000000000000000, 0.000000000000000000 ) ) ;
#1929 = AXIS2_PLACEMENT_3D ( 'NONE', #7589, #2635, #7498 ) ;
#1930 = ORIENTED_EDGE ( 'NONE', *, *, #7911, .F. ) ;
#1931 = DIRECTION ( 'NONE',  ( -0.000000000000000000, 1.000000000000000000, 0.000000000000000000 ) ) ;
#1932 = CARTESIAN_POINT ( 'NONE',  ( 1.250000000000000666, 0.2699999999999994071, -1.339999999999999192 ) ) ;
#1933 = ORIENTED_EDGE ( 'NONE', *, *, #6083, .T. ) ;
#1934 = ADVANCED_FACE ( 'NONE', ( #4713 ), #4772, .T. ) ;
#1935 = EDGE_LOOP ( 'NONE', ( #548, #11629, #5836 ) ) ;
#1936 = CARTESIAN_POINT ( 'NONE',  ( -2.250000000000000000, 0.1499999999999999944, 2.750000000000000888 ) ) ;
#1937 = PRESENTATION_LAYER_ASSIGNMENT (  '', '', ( #8326 ) ) ;
#1938 = DIRECTION ( 'NONE',  ( 1.000000000000000000, 0.000000000000000000, 1.224646799147353207E-16 ) ) ;
#1939 = PRESENTATION_STYLE_ASSIGNMENT (( #6349 ) ) ;
#1940 = PRESENTATION_STYLE_ASSIGNMENT (( #11219 ) ) ;
#1941 = CARTESIAN_POINT ( 'NONE',  ( -0.7499999999999997780, 0.2699999999999994071, 3.340000000000001634 ) ) ;
#1942 = ORIENTED_EDGE ( 'NONE', *, *, #9068, .T. ) ;
#1943 = CIRCLE ( 'NONE', #619, 0.08999999999999980238 ) ;
#1944 = CARTESIAN_POINT ( 'NONE',  ( -2.750000000000000000, 0.1499999999999999944, -0.2499999999999993616 ) ) ;
#1945 = SURFACE_SIDE_STYLE ('',( #4568 ) ) ;
#1946 = ORIENTED_EDGE ( 'NONE', *, *, #7914, .F. ) ;
#1947 = CIRCLE ( 'NONE', #7114, 0.08999999999999980238 ) ;
#1948 = DIRECTION ( 'NONE',  ( 0.000000000000000000, 0.000000000000000000, 1.000000000000000000 ) ) ;
#1949 = EDGE_CURVE ( 'NONE', #7092, #9778, #350, .T. ) ;
#1950 = FACE_OUTER_BOUND ( 'NONE', #6147, .T. ) ;
#1951 = MECHANICAL_DESIGN_GEOMETRIC_PRESENTATION_REPRESENTATION (  '', ( #11444 ), #6622 ) ;
#1952 = DIRECTION ( 'NONE',  ( 0.000000000000000000, 0.000000000000000000, -1.000000000000000000 ) ) ;
#1953 = ORIENTED_EDGE ( 'NONE', *, *, #9634, .T. ) ;
#1954 = PRESENTATION_LAYER_ASSIGNMENT (  '', '', ( #2558 ) ) ;
#1955 = ORIENTED_EDGE ( 'NONE', *, *, #10242, .F. ) ;
#1956 = MANIFOLD_SOLID_BREP ( 'LPattern1[166]', #99 ) ;
#1957 = DIRECTION ( 'NONE',  ( -1.000000000000000000, 0.000000000000000000, -0.000000000000000000 ) ) ;
#1958 = DIRECTION ( 'NONE',  ( 0.000000000000000000, 0.000000000000000000, 1.000000000000000000 ) ) ;
#1959 = CARTESIAN_POINT ( 'NONE',  ( 2.750000000000000444, 0.2699999999999994071, -2.249999999999999112 ) ) ;
#1960 = AXIS2_PLACEMENT_3D ( 'NONE', #5437, #6526, #4508 ) ;
#1961 = CARTESIAN_POINT ( 'NONE',  ( 3.250000000000000888, 0.1499999999999999944, -0.2499999999999993616 ) ) ;
#1962 = DIRECTION ( 'NONE',  ( 0.000000000000000000, 0.000000000000000000, 1.000000000000000000 ) ) ;
#1963 = EDGE_LOOP ( 'NONE', ( #4697, #952, #5405 ) ) ;
#1964 = FACE_OUTER_BOUND ( 'NONE', #1630, .T. ) ;
#1965 = CARTESIAN_POINT ( 'NONE',  ( 1.250000000000000666, 0.2699999999999994071, -2.749999999999999112 ) ) ;
#1966 = CARTESIAN_POINT ( 'NONE',  ( -2.750000000000000000, 0.1499999999999999944, -0.2499999999999993616 ) ) ;
#1967 = CARTESIAN_POINT ( 'NONE',  ( -0.2499999999999997780, 0.2699999999999994071, 2.250000000000000888 ) ) ;
#1968 = STYLED_ITEM ( 'NONE', ( #8569 ), #11344 ) ;
#1969 = ORIENTED_EDGE ( 'NONE', *, *, #6134, .T. ) ;
#1970 = CIRCLE ( 'NONE', #3822, 0.08999999999999980238 ) ;
#1971 = SURFACE_STYLE_USAGE ( .BOTH. , #994 ) ;
#1972 = CIRCLE ( 'NONE', #9448, 0.08999999999999980238 ) ;
#1973 = FACE_OUTER_BOUND ( 'NONE', #570, .T. ) ;
#1974 = UNCERTAINTY_MEASURE_WITH_UNIT (LENGTH_MEASURE( 1.000000000000000082E-05 ), #6961, 'distance_accuracy_value', 'NONE');
#1975 = UNCERTAINTY_MEASURE_WITH_UNIT (LENGTH_MEASURE( 1.000000000000000082E-05 ), #3750, 'distance_accuracy_value', 'NONE');
#1976 = AXIS2_PLACEMENT_3D ( 'NONE', #2523, #2610, #4626 ) ;
#1977 = ORIENTED_EDGE ( 'NONE', *, *, #7485, .F. ) ;
#1978 = AXIS2_PLACEMENT_3D ( 'NONE', #181, #8249, #934 ) ;
#1979 = EDGE_LOOP ( 'NONE', ( #10776, #4928, #7501 ) ) ;
#1980 = EDGE_CURVE ( 'NONE', #1035, #11740, #368, .T. ) ;
#1981 = CIRCLE ( 'NONE', #12673, 0.1499999999999999667 ) ;
#1982 = SURFACE_STYLE_FILL_AREA ( #271 ) ;
#1983 = DIRECTION ( 'NONE',  ( 0.000000000000000000, 0.000000000000000000, 1.000000000000000000 ) ) ;
#1984 = ORIENTED_EDGE ( 'NONE', *, *, #10164, .F. ) ;
#1985 = EDGE_CURVE ( 'NONE', #3835, #3120, #9045, .T. ) ;
#1986 = FACE_OUTER_BOUND ( 'NONE', #12232, .T. ) ;
#1987 = DIRECTION ( 'NONE',  ( 0.000000000000000000, 0.000000000000000000, -1.000000000000000000 ) ) ;
#1988 = CARTESIAN_POINT ( 'NONE',  ( -2.250000000000000000, 0.2699999999999994071, 1.750000000000001110 ) ) ;
#1989 = VERTEX_POINT ( 'NONE', #939 ) ;
#1990 = FILL_AREA_STYLE_COLOUR ( '', #11433 ) ;
#1991 = EDGE_CURVE ( 'NONE', #6774, #12203, #651, .T. ) ;
#1992 = CARTESIAN_POINT ( 'NONE',  ( -2.250000000000000000, 1.355252715606880543E-16, 2.750000000000000888 ) ) ;
#1993 = CARTESIAN_POINT ( 'NONE',  ( -2.250000000000000000, 0.1499999999999999944, 1.750000000000000666 ) ) ;
#1994 = CIRCLE ( 'NONE', #11790, 0.1499999999999999667 ) ;
#1995 = AXIS2_PLACEMENT_3D ( 'NONE', #12683, #4706, #6706 ) ;
#1996 = CIRCLE ( 'NONE', #11094, 0.1499999999999999667 ) ;
#1997 = DIRECTION ( 'NONE',  ( 1.000000000000000000, 0.000000000000000000, -0.000000000000000000 ) ) ;
#1998 =( NAMED_UNIT ( * ) SI_UNIT ( $, .STERADIAN. ) SOLID_ANGLE_UNIT ( ) );
#1999 = DIRECTION ( 'NONE',  ( 0.000000000000000000, 0.000000000000000000, 1.000000000000000000 ) ) ;
#2000 = DIRECTION ( 'NONE',  ( 0.000000000000000000, 0.000000000000000000, 1.000000000000000000 ) ) ;
#2001 = ORIENTED_EDGE ( 'NONE', *, *, #5676, .F. ) ;
#2002 = ADVANCED_FACE ( 'NONE', ( #9090 ), #4868, .T. ) ;
#2003 = ORIENTED_EDGE ( 'NONE', *, *, #9062, .T. ) ;
#2004 = ADVANCED_FACE ( 'NONE', ( #9168 ), #4750, .T. ) ;
#2005 = ORIENTED_EDGE ( 'NONE', *, *, #2277, .F. ) ;
#2006 = AXIS2_PLACEMENT_3D ( 'NONE', #1065, #6951, #8050 ) ;
#2007 = FACE_OUTER_BOUND ( 'NONE', #647, .T. ) ;
#2008 = EDGE_LOOP ( 'NONE', ( #1229, #9841 ) ) ;
#2009 = ADVANCED_FACE ( 'NONE', ( #555 ), #4935, .T. ) ;
#2010 = CIRCLE ( 'NONE', #10500, 0.1499999999999999667 ) ;
#2011 = DIRECTION ( 'NONE',  ( 1.000000000000000000, 0.000000000000000000, -0.000000000000000000 ) ) ;
#2012 = CARTESIAN_POINT ( 'NONE',  ( 2.750000000000000444, 0.2699999999999994071, 0.3400000000000010236 ) ) ;
#2013 = CIRCLE ( 'NONE', #9063, 0.08999999999999980238 ) ;
#2014 = FILL_AREA_STYLE ('',( #2104 ) ) ;
#2015 = ORIENTED_EDGE ( 'NONE', *, *, #9607, .F. ) ;
#2016 =( NAMED_UNIT ( * ) SI_UNIT ( $, .STERADIAN. ) SOLID_ANGLE_UNIT ( ) );
#2017 = FILL_AREA_STYLE ('',( #7697 ) ) ;
#2018 = ORIENTED_EDGE ( 'NONE', *, *, #9763, .F. ) ;
#2019 = ORIENTED_EDGE ( 'NONE', *, *, #3550, .T. ) ;
#2020 = DIRECTION ( 'NONE',  ( 0.000000000000000000, 0.000000000000000000, 1.000000000000000000 ) ) ;
#2021 = CARTESIAN_POINT ( 'NONE',  ( 1.250000000000000666, 0.2699999999999994071, 1.250000000000001554 ) ) ;
#2022 = CIRCLE ( 'NONE', #2161, 0.1499999999999998557 ) ;
#2023 =( NAMED_UNIT ( * ) SI_UNIT ( $, .STERADIAN. ) SOLID_ANGLE_UNIT ( ) );
#2024 = CARTESIAN_POINT ( 'NONE',  ( 1.250000000000000666, 0.2699999999999994071, 2.840000000000000746 ) ) ;
#2025 =( NAMED_UNIT ( * ) PLANE_ANGLE_UNIT ( ) SI_UNIT ( $, .RADIAN. ) );
#2026 = VERTEX_POINT ( 'NONE', #4821 ) ;
#2027 =( NAMED_UNIT ( * ) SI_UNIT ( $, .STERADIAN. ) SOLID_ANGLE_UNIT ( ) );
#2028 = DIRECTION ( 'NONE',  ( 0.000000000000000000, 0.000000000000000000, 1.000000000000000000 ) ) ;
#2029 = AXIS2_PLACEMENT_3D ( 'NONE', #1776, #1855, #8847 ) ;
#2030 = ORIENTED_EDGE ( 'NONE', *, *, #7260, .F. ) ;
#2031 = AXIS2_PLACEMENT_3D ( 'NONE', #12123, #7372, #11184 ) ;
#2032 = FACE_OUTER_BOUND ( 'NONE', #11679, .T. ) ;
#2033 = CARTESIAN_POINT ( 'NONE',  ( 2.250000000000000000, 0.1499999999999999944, 1.250000000000001110 ) ) ;
#2034 =( GEOMETRIC_REPRESENTATION_CONTEXT ( 3 ) GLOBAL_UNCERTAINTY_ASSIGNED_CONTEXT ( ( #3427 ) ) GLOBAL_UNIT_ASSIGNED_CONTEXT ( ( #765, #20, #11928 ) ) REPRESENTATION_CONTEXT ( 'NONE', 'WORKASPACE' ) );
#2035 = SURFACE_STYLE_USAGE ( .BOTH. , #8943 ) ;
#2036 = COLOUR_RGB ( '',0.7921568627450980005, 0.8196078431372548767, 0.9333333333333333481 ) ;
#2037 = ADVANCED_FACE ( 'NONE', ( #4958 ), #4623, .T. ) ;
#2038 = EDGE_CURVE ( 'NONE', #10594, #4587, #4664, .T. ) ;
#2039 = ORIENTED_EDGE ( 'NONE', *, *, #4382, .F. ) ;
#2040 = DIRECTION ( 'NONE',  ( 0.000000000000000000, 0.000000000000000000, 1.000000000000000000 ) ) ;
#2041 = ORIENTED_EDGE ( 'NONE', *, *, #9960, .F. ) ;
#2042 = ADVANCED_FACE ( 'NONE', ( #535 ), #3649, .T. ) ;
#2043 = AXIS2_PLACEMENT_3D ( 'NONE', #1101, #2077, #4061 ) ;
#2044 = VERTEX_POINT ( 'NONE', #12009 ) ;
#2045 = EDGE_CURVE ( 'NONE', #12541, #4400, #8977, .T. ) ;
#2046 = DIRECTION ( 'NONE',  ( 0.000000000000000000, 0.000000000000000000, 1.000000000000000000 ) ) ;
#2047 = DIRECTION ( 'NONE',  ( 0.000000000000000000, 0.000000000000000000, 1.000000000000000000 ) ) ;
#2048 = CARTESIAN_POINT ( 'NONE',  ( 2.750000000000000444, 0.1499999999999999944, -2.249999999999999556 ) ) ;
#2049 = CARTESIAN_POINT ( 'NONE',  ( 3.250000000000000888, 0.1499999999999999944, 0.2500000000000006661 ) ) ;
#2050 = DIRECTION ( 'NONE',  ( 0.000000000000000000, 0.000000000000000000, 1.000000000000000000 ) ) ;
#2051 = ORIENTED_EDGE ( 'NONE', *, *, #10537, .T. ) ;
#2052 = SURFACE_STYLE_FILL_AREA ( #3802 ) ;
#2053 = PLANE ( 'NONE',  #12562 ) ;
#2054 = CARTESIAN_POINT ( 'NONE',  ( 3.250000000000000888, 1.355252715606880543E-16, -2.749999999999999556 ) ) ;
#2055 = AXIS2_PLACEMENT_3D ( 'NONE', #9048, #6047, #1071 ) ;
#2056 = DIRECTION ( 'NONE',  ( -0.000000000000000000, 1.000000000000000000, 0.000000000000000000 ) ) ;
#2057 = DIRECTION ( 'NONE',  ( 0.000000000000000000, 0.000000000000000000, 1.000000000000000000 ) ) ;
#2058 = CARTESIAN_POINT ( 'NONE',  ( -3.250000000000000000, 0.2699999999999994071, 1.160000000000001252 ) ) ;
#2059 = ORIENTED_EDGE ( 'NONE', *, *, #5625, .T. ) ;
#2060 = CIRCLE ( 'NONE', #6952, 0.08999999999999980238 ) ;
#2061 = CARTESIAN_POINT ( 'NONE',  ( 2.750000000000000444, 0.2699999999999994071, 2.750000000000001332 ) ) ;
#2062 = COLOUR_RGB ( '',0.7921568627450980005, 0.8196078431372548767, 0.9333333333333333481 ) ;
#2063 = AXIS2_PLACEMENT_3D ( 'NONE', #11294, #12220, #5132 ) ;
#2064 = DIRECTION ( 'NONE',  ( -1.000000000000000000, 0.000000000000000000, 0.000000000000000000 ) ) ;
#2065 = ORIENTED_EDGE ( 'NONE', *, *, #11724, .F. ) ;
#2066 = VERTEX_POINT ( 'NONE', #2080 ) ;
#2067 = PRESENTATION_LAYER_ASSIGNMENT (  '', '', ( #7359 ) ) ;
#2068 = PRESENTATION_LAYER_ASSIGNMENT (  '', '', ( #847 ) ) ;
#2069 = FACE_OUTER_BOUND ( 'NONE', #10371, .T. ) ;
#2070 = DIRECTION ( 'NONE',  ( 1.000000000000000000, 0.000000000000000000, 1.224646799147353207E-16 ) ) ;
#2071 = AXIS2_PLACEMENT_3D ( 'NONE', #7367, #8116, #3460 ) ;
#2072 = VERTEX_POINT ( 'NONE', #4644 ) ;
#2073 =( NAMED_UNIT ( * ) SI_UNIT ( $, .STERADIAN. ) SOLID_ANGLE_UNIT ( ) );
#2074 = CARTESIAN_POINT ( 'NONE',  ( 3.250000000000000888, 0.1499999999999999944, 2.750000000000000888 ) ) ;
#2075 = ORIENTED_EDGE ( 'NONE', *, *, #2735, .T. ) ;
#2076 = CYLINDRICAL_SURFACE ( 'NONE', #12688, 0.4312500000000001887 ) ;
#2077 = DIRECTION ( 'NONE',  ( 1.000000000000000000, 0.000000000000000000, -0.000000000000000000 ) ) ;
#2078 = DIRECTION ( 'NONE',  ( 0.000000000000000000, 0.000000000000000000, 1.000000000000000000 ) ) ;
#2079 = CIRCLE ( 'NONE', #3034, 0.08999999999999980238 ) ;
#2080 = CARTESIAN_POINT ( 'NONE',  ( -2.250000000000000000, 0.2699999999999994071, 0.6600000000000006972 ) ) ;
#2082 = DIRECTION ( 'NONE',  ( 0.000000000000000000, 0.000000000000000000, 1.000000000000000000 ) ) ;
#2081 = PRESENTATION_STYLE_ASSIGNMENT (( #12043 ) ) ;
#2083 = DIRECTION ( 'NONE',  ( -0.000000000000000000, 1.000000000000000000, 0.000000000000000000 ) ) ;
#2084 =( NAMED_UNIT ( * ) SI_UNIT ( $, .STERADIAN. ) SOLID_ANGLE_UNIT ( ) );
#2085 = DIRECTION ( 'NONE',  ( -0.000000000000000000, 1.000000000000000000, -0.000000000000000000 ) ) ;
#2086 = DIRECTION ( 'NONE',  ( 0.000000000000000000, 0.000000000000000000, 1.000000000000000000 ) ) ;
#2087 = ORIENTED_EDGE ( 'NONE', *, *, #8006, .F. ) ;
#2088 = VERTEX_POINT ( 'NONE', #5660 ) ;
#2089 = CARTESIAN_POINT ( 'NONE',  ( -2.250000000000000000, 0.1499999999999999944, -3.249999999999999556 ) ) ;
#2090 = CIRCLE ( 'NONE', #6035, 0.08999999999999980238 ) ;
#2091 = STYLED_ITEM ( 'NONE', ( #1886 ), #12178 ) ;
#2092 = AXIS2_PLACEMENT_3D ( 'NONE', #11373, #11462, #11284 ) ;
#2093 = AXIS2_PLACEMENT_3D ( 'NONE', #1159, #3788, #11983 ) ;
#2094 = EDGE_LOOP ( 'NONE', ( #8855, #12201, #7494 ) ) ;
#2095 = DIRECTION ( 'NONE',  ( 0.000000000000000000, 0.000000000000000000, 1.000000000000000000 ) ) ;
#2096 = AXIS2_PLACEMENT_3D ( 'NONE', #2237, #4208, #5223 ) ;
#2097 = ORIENTED_EDGE ( 'NONE', *, *, #2430, .F. ) ;
#2098 = COLOUR_RGB ( '',0.7921568627450980005, 0.8196078431372548767, 0.9333333333333333481 ) ;
#2099 = DIRECTION ( 'NONE',  ( 0.000000000000000000, 0.000000000000000000, 1.000000000000000000 ) ) ;
#2100 = AXIS2_PLACEMENT_3D ( 'NONE', #4872, #3027, #1952 ) ;
#2101 = ADVANCED_FACE ( 'NONE', ( #9143 ), #260, .T. ) ;
#2102 = CIRCLE ( 'NONE', #8925, 0.08999999999999980238 ) ;
#2103 = DIRECTION ( 'NONE',  ( 1.000000000000000000, 0.000000000000000000, -0.000000000000000000 ) ) ;
#2104 = FILL_AREA_STYLE_COLOUR ( '', #9110 ) ;
#2105 = DIRECTION ( 'NONE',  ( 0.000000000000000000, 0.000000000000000000, 1.000000000000000000 ) ) ;
#2106 = VERTEX_POINT ( 'NONE', #366 ) ;
#2107 = ADVANCED_FACE ( 'NONE', ( #8844 ), #331, .T. ) ;
#2108 = ORIENTED_EDGE ( 'NONE', *, *, #5652, .T. ) ;
#2109 = CARTESIAN_POINT ( 'NONE',  ( 1.750000000000000222, 0.1499999999999999944, 2.250000000000000444 ) ) ;
#2110 = ADVANCED_FACE ( 'NONE', ( #8935 ), #190, .T. ) ;
#2111 = DIRECTION ( 'NONE',  ( 0.000000000000000000, 0.000000000000000000, 1.000000000000000000 ) ) ;
#2112 = FACE_OUTER_BOUND ( 'NONE', #5490, .T. ) ;
#2113 = DIRECTION ( 'NONE',  ( -1.000000000000000000, 0.000000000000000000, 0.000000000000000000 ) ) ;
#2114 = DIRECTION ( 'NONE',  ( 0.000000000000000000, 0.000000000000000000, -1.000000000000000000 ) ) ;
#2115 = EDGE_CURVE ( 'NONE', #745, #6893, #4800, .T. ) ;
#2116 = CARTESIAN_POINT ( 'NONE',  ( 0.7500000000000002220, 0.1499999999999999944, 2.750000000000000888 ) ) ;
#2117 = ORIENTED_EDGE ( 'NONE', *, *, #3117, .T. ) ;
#2118 = FACE_OUTER_BOUND ( 'NONE', #5587, .T. ) ;
#2119 = DIRECTION ( 'NONE',  ( 0.000000000000000000, 0.000000000000000000, 1.000000000000000000 ) ) ;
#2120 = AXIS2_PLACEMENT_3D ( 'NONE', #7713, #10864, #10946 ) ;
#2121 = ORIENTED_EDGE ( 'NONE', *, *, #9297, .T. ) ;
#2122 = ADVANCED_FACE ( 'NONE', ( #412 ), #11331, .T. ) ;
#2123 = MECHANICAL_DESIGN_GEOMETRIC_PRESENTATION_REPRESENTATION (  '', ( #12237 ), #9900 ) ;
#2124 = CARTESIAN_POINT ( 'NONE',  ( -3.250000000000000000, 0.2699999999999994071, 2.660000000000001030 ) ) ;
#2125 = DIRECTION ( 'NONE',  ( 0.000000000000000000, 0.000000000000000000, 1.000000000000000000 ) ) ;
#2126 = FACE_OUTER_BOUND ( 'NONE', #10475, .T. ) ;
#2127 = CIRCLE ( 'NONE', #1580, 0.1499999999999999667 ) ;
#2128 = MANIFOLD_SOLID_BREP ( 'LPattern1[15]', #348 ) ;
#2129 = ORIENTED_EDGE ( 'NONE', *, *, #4361, .F. ) ;
#2130 = VERTEX_POINT ( 'NONE', #12334 ) ;
#2131 = PLANE ( 'NONE',  #6674 ) ;
#2132 = AXIS2_PLACEMENT_3D ( 'NONE', #10098, #2085, #3074 ) ;
#2133 = CIRCLE ( 'NONE', #7458, 0.1499999999999999667 ) ;
#2134 = DIRECTION ( 'NONE',  ( 0.000000000000000000, 0.000000000000000000, 1.000000000000000000 ) ) ;
#2135 = CARTESIAN_POINT ( 'NONE',  ( 2.750000000000000444, 0.2699999999999994071, -2.659999999999999254 ) ) ;
#2136 = EDGE_CURVE ( 'NONE', #6874, #11436, #9255, .T. ) ;
#2137 =( NAMED_UNIT ( * ) SI_UNIT ( $, .STERADIAN. ) SOLID_ANGLE_UNIT ( ) );
#2138 = DIRECTION ( 'NONE',  ( 1.000000000000000000, 0.000000000000000000, -0.000000000000000000 ) ) ;
#2139 = VERTEX_POINT ( 'NONE', #5165 ) ;
#2140 = DIRECTION ( 'NONE',  ( -0.000000000000000000, 1.000000000000000000, 0.000000000000000000 ) ) ;
#2141 = CARTESIAN_POINT ( 'NONE',  ( 0.2500000000000002220, 0.2699999999999994071, -2.659999999999999254 ) ) ;
#2142 = UNCERTAINTY_MEASURE_WITH_UNIT (LENGTH_MEASURE( 1.000000000000000082E-05 ), #10575, 'distance_accuracy_value', 'NONE');
#2143 = PLANE ( 'NONE',  #5290 ) ;
#2144 =( NAMED_UNIT ( * ) PLANE_ANGLE_UNIT ( ) SI_UNIT ( $, .RADIAN. ) );
#2145 = ORIENTED_EDGE ( 'NONE', *, *, #8217, .F. ) ;
#2146 =( GEOMETRIC_REPRESENTATION_CONTEXT ( 3 ) GLOBAL_UNCERTAINTY_ASSIGNED_CONTEXT ( ( #4192 ) ) GLOBAL_UNIT_ASSIGNED_CONTEXT ( ( #9746, #8491, #3582 ) ) REPRESENTATION_CONTEXT ( 'NONE', 'WORKASPACE' ) );
#2147 = FILL_AREA_STYLE ('',( #11059 ) ) ;
#2148 = FACE_OUTER_BOUND ( 'NONE', #10608, .T. ) ;
#2149 = FILL_AREA_STYLE_COLOUR ( '', #5158 ) ;
#2150 = EDGE_CURVE ( 'NONE', #4587, #6226, #4571, .T. ) ;
#2151 = ADVANCED_FACE ( 'NONE', ( #9006 ), #979, .T. ) ;
#2152 = AXIS2_PLACEMENT_3D ( 'NONE', #6643, #423, #6299 ) ;
#2153 = ORIENTED_EDGE ( 'NONE', *, *, #147, .T. ) ;
#2154 = EDGE_CURVE ( 'NONE', #7232, #9249, #9539, .T. ) ;
#2155 = VERTEX_POINT ( 'NONE', #2342 ) ;
#2156 = ADVANCED_FACE ( 'NONE', ( #1043 ), #695, .T. ) ;
#2157 = VERTEX_POINT ( 'NONE', #9179 ) ;
#2158 = PRESENTATION_STYLE_ASSIGNMENT (( #450 ) ) ;
#2159 =( LENGTH_UNIT ( ) NAMED_UNIT ( * ) SI_UNIT ( .MILLI., .METRE. ) );
#2160 = PRESENTATION_LAYER_ASSIGNMENT (  '', '', ( #12718 ) ) ;
#2161 = AXIS2_PLACEMENT_3D ( 'NONE', #8747, #3997, #703 ) ;
#2162 = ORIENTED_EDGE ( 'NONE', *, *, #11556, .F. ) ;
#2163 = EDGE_CURVE ( 'NONE', #2157, #6273, #4982, .T. ) ;
#2164 =( LENGTH_UNIT ( ) NAMED_UNIT ( * ) SI_UNIT ( .MILLI., .METRE. ) );
#2165 = ORIENTED_EDGE ( 'NONE', *, *, #2391, .F. ) ;
#2166 = PLANE ( 'NONE',  #4866 ) ;
#2167 = CARTESIAN_POINT ( 'NONE',  ( 0.2500000000000002220, 0.1499999999999999944, -1.249999999999999334 ) ) ;
#2168 = CIRCLE ( 'NONE', #3207, 0.08999999999999980238 ) ;
#2169 = DIRECTION ( 'NONE',  ( -0.000000000000000000, 1.000000000000000000, -0.000000000000000000 ) ) ;
#2170 = FACE_OUTER_BOUND ( 'NONE', #8107, .T. ) ;
#2171 = CARTESIAN_POINT ( 'NONE',  ( -0.7499999999999997780, 0.2699999999999994071, 2.750000000000001332 ) ) ;
#2172 = DIRECTION ( 'NONE',  ( -0.000000000000000000, 1.000000000000000000, -0.000000000000000000 ) ) ;
#2173 = PLANE ( 'NONE',  #7511 ) ;
#2174 = SURFACE_STYLE_USAGE ( .BOTH. , #4405 ) ;
#2175 = CARTESIAN_POINT ( 'NONE',  ( 2.750000000000000444, 0.1499999999999999944, 3.250000000000001332 ) ) ;
#2176 = EDGE_LOOP ( 'NONE', ( #11434, #956, #4953 ) ) ;
#2177 = DIRECTION ( 'NONE',  ( 0.000000000000000000, -1.000000000000000000, 0.000000000000000000 ) ) ;
#2178 = CLOSED_SHELL ( 'NONE', ( #2156, #1927, #3068 ) ) ;
#2179 = CARTESIAN_POINT ( 'NONE',  ( -3.250000000000000000, 0.2699999999999994071, 1.660000000000000808 ) ) ;
#2180 = AXIS2_PLACEMENT_3D ( 'NONE', #6891, #8988, #10815 ) ;
#2181 = MECHANICAL_DESIGN_GEOMETRIC_PRESENTATION_REPRESENTATION (  '', ( #953 ), #170 ) ;
#2182 = EDGE_CURVE ( 'NONE', #4731, #7814, #9432, .T. ) ;
#2183 = EDGE_LOOP ( 'NONE', ( #10496, #1429 ) ) ;
#2184 = EDGE_CURVE ( 'NONE', #7222, #2996, #5164, .T. ) ;
#2185 = SPHERICAL_SURFACE ( 'NONE', #8222, 0.1499999999999998557 ) ;
#2186 = CARTESIAN_POINT ( 'NONE',  ( -0.7499999999999997780, 0.1499999999999999944, 3.250000000000001332 ) ) ;
#2187 = ORIENTED_EDGE ( 'NONE', *, *, #11904, .F. ) ;
#2188 = CARTESIAN_POINT ( 'NONE',  ( 2.250000000000000000, 0.2699999999999994071, -0.6599999999999989209 ) ) ;
#2189 = DIRECTION ( 'NONE',  ( 1.000000000000000000, 0.000000000000000000, -0.000000000000000000 ) ) ;
#2190 = SPHERICAL_SURFACE ( 'NONE', #11101, 0.1499999999999998557 ) ;
#2191 = SURFACE_STYLE_FILL_AREA ( #9452 ) ;
#2192 = DIRECTION ( 'NONE',  ( 1.000000000000000000, 0.000000000000000000, -0.000000000000000000 ) ) ;
#2193 = DIRECTION ( 'NONE',  ( 0.000000000000000000, 0.000000000000000000, 1.000000000000000000 ) ) ;
#2194 = CARTESIAN_POINT ( 'NONE',  ( -1.249999999999999778, 0.2699999999999994071, -3.159999999999999254 ) ) ;
#2195 = VERTEX_POINT ( 'NONE', #5334 ) ;
#2196 = ORIENTED_EDGE ( 'NONE', *, *, #1727, .F. ) ;
#2197 = DIRECTION ( 'NONE',  ( 0.000000000000000000, 0.000000000000000000, 1.000000000000000000 ) ) ;
#2198 = AXIS2_PLACEMENT_3D ( 'NONE', #4619, #5632, #4711 ) ;
#2199 = CARTESIAN_POINT ( 'NONE',  ( -3.250000000000000000, 1.355252715606880543E-16, 1.250000000000001110 ) ) ;
#2200 = CIRCLE ( 'NONE', #3244, 0.08999999999999980238 ) ;
#2201 = DIRECTION ( 'NONE',  ( -0.000000000000000000, 1.000000000000000000, -0.000000000000000000 ) ) ;
#2202 = AXIS2_PLACEMENT_3D ( 'NONE', #3518, #6246, #8259 ) ;
#2203 = CARTESIAN_POINT ( 'NONE',  ( 1.750000000000000222, 0.1499999999999999944, -2.249999999999999556 ) ) ;
#2204 = CARTESIAN_POINT ( 'NONE',  ( -2.750000000000000000, 0.2699999999999994071, -1.159999999999999032 ) ) ;
#2205 = VERTEX_POINT ( 'NONE', #6333 ) ;
#2206 = CARTESIAN_POINT ( 'NONE',  ( 2.750000000000000444, 0.1499999999999999944, 1.250000000000001110 ) ) ;
#2207 = DIRECTION ( 'NONE',  ( -1.000000000000000000, 0.000000000000000000, 0.000000000000000000 ) ) ;
#2208 = FACE_OUTER_BOUND ( 'NONE', #6969, .T. ) ;
#2209 = EDGE_CURVE ( 'NONE', #6320, #2996, #5066, .T. ) ;
#2210 = ORIENTED_EDGE ( 'NONE', *, *, #8377, .F. ) ;
#2211 = SPHERICAL_SURFACE ( 'NONE', #10094, 0.1499999999999998557 ) ;
#2212 =( GEOMETRIC_REPRESENTATION_CONTEXT ( 3 ) GLOBAL_UNCERTAINTY_ASSIGNED_CONTEXT ( ( #6121 ) ) GLOBAL_UNIT_ASSIGNED_CONTEXT ( ( #12413, #1761, #7694 ) ) REPRESENTATION_CONTEXT ( 'NONE', 'WORKASPACE' ) );
#2213 = DIRECTION ( 'NONE',  ( -0.000000000000000000, 1.000000000000000000, -0.000000000000000000 ) ) ;
#2214 = DIRECTION ( 'NONE',  ( 0.000000000000000000, 0.000000000000000000, 1.000000000000000000 ) ) ;
#2215 = ADVANCED_FACE ( 'NONE', ( #4998 ), #5121, .T. ) ;
#2216 = COLOUR_RGB ( '',0.7921568627450980005, 0.8196078431372548767, 0.9333333333333333481 ) ;
#2217 = VERTEX_POINT ( 'NONE', #3764 ) ;
#2218 = DIRECTION ( 'NONE',  ( 1.000000000000000000, 0.000000000000000000, -0.000000000000000000 ) ) ;
#2219 = AXIS2_PLACEMENT_3D ( 'NONE', #11984, #1419, #2388 ) ;
#2220 = ORIENTED_EDGE ( 'NONE', *, *, #708, .T. ) ;
#2221 = ADVANCED_FACE ( 'NONE', ( #753 ), #801, .T. ) ;
#2222 = MANIFOLD_SOLID_BREP ( 'Boss-Extrude2', #2302 ) ;
#2223 = ORIENTED_EDGE ( 'NONE', *, *, #2699, .F. ) ;
#2224 = CARTESIAN_POINT ( 'NONE',  ( -1.249999999999999778, 0.2699999999999994071, -0.7499999999999988898 ) ) ;
#2225 = ADVANCED_FACE ( 'NONE', ( #9576 ), #9640, .T. ) ;
#2226 = SURFACE_SIDE_STYLE ('',( #1854 ) ) ;
#2227 =( GEOMETRIC_REPRESENTATION_CONTEXT ( 3 ) GLOBAL_UNCERTAINTY_ASSIGNED_CONTEXT ( ( #9172 ) ) GLOBAL_UNIT_ASSIGNED_CONTEXT ( ( #3563, #8722, #5563 ) ) REPRESENTATION_CONTEXT ( 'NONE', 'WORKASPACE' ) );
#2228 = CARTESIAN_POINT ( 'NONE',  ( 2.250000000000000000, 0.1499999999999999944, -1.249999999999999334 ) ) ;
#2229 = DIRECTION ( 'NONE',  ( 1.000000000000000000, 0.000000000000000000, -0.000000000000000000 ) ) ;
#2230 = DIRECTION ( 'NONE',  ( 1.000000000000000000, 0.000000000000000000, 1.224646799147353207E-16 ) ) ;
#2231 = ORIENTED_EDGE ( 'NONE', *, *, #7566, .T. ) ;
#2232 = FACE_OUTER_BOUND ( 'NONE', #4447, .T. ) ;
#2233 = DIRECTION ( 'NONE',  ( 1.000000000000000000, 0.000000000000000000, -0.000000000000000000 ) ) ;
#2234 = CIRCLE ( 'NONE', #7851, 0.08999999999999980238 ) ;
#2235 = DIRECTION ( 'NONE',  ( 1.000000000000000000, 0.000000000000000000, -0.000000000000000000 ) ) ;
#2236 = DIRECTION ( 'NONE',  ( 1.000000000000000000, 0.000000000000000000, 1.224646799147353207E-16 ) ) ;
#2237 = CARTESIAN_POINT ( 'NONE',  ( -3.250000000000000000, 0.1499999999999999944, -2.249999999999999556 ) ) ;
#2238 = ORIENTED_EDGE ( 'NONE', *, *, #3052, .F. ) ;
#2239 = MANIFOLD_SOLID_BREP ( 'LPattern1[17]', #9406 ) ;
#2240 = ADVANCED_FACE ( 'NONE', ( #859 ), #9361, .T. ) ;
#2241 = DIRECTION ( 'NONE',  ( -0.000000000000000000, 1.000000000000000000, -0.000000000000000000 ) ) ;
#2242 = EDGE_CURVE ( 'NONE', #5778, #1613, #9662, .T. ) ;
#2243 = ADVANCED_FACE ( 'NONE', ( #9598 ), #779, .T. ) ;
#2244 = FACE_OUTER_BOUND ( 'NONE', #12515, .T. ) ;
#2245 = PRESENTATION_LAYER_ASSIGNMENT (  '', '', ( #415 ) ) ;
#2246 = CIRCLE ( 'NONE', #4406, 0.1499999999999999667 ) ;
#2247 = SURFACE_STYLE_FILL_AREA ( #10124 ) ;
#2248 = AXIS2_PLACEMENT_3D ( 'NONE', #8148, #2950, #3041 ) ;
#2249 =( NAMED_UNIT ( * ) SI_UNIT ( $, .STERADIAN. ) SOLID_ANGLE_UNIT ( ) );
#2250 = ORIENTED_EDGE ( 'NONE', *, *, #915, .F. ) ;
#2251 = VERTEX_POINT ( 'NONE', #9451 ) ;
#2252 = STYLED_ITEM ( 'NONE', ( #7875 ), #3420 ) ;
#2253 = FILL_AREA_STYLE ('',( #11068 ) ) ;
#2254 = ORIENTED_EDGE ( 'NONE', *, *, #9553, .T. ) ;
#2255 = FACE_OUTER_BOUND ( 'NONE', #11614, .T. ) ;
#2256 = COLOUR_RGB ( '',0.7921568627450980005, 0.8196078431372548767, 0.9333333333333333481 ) ;
#2257 = ADVANCED_FACE ( 'NONE', ( #836 ), #3707, .T. ) ;
#2258 = ORIENTED_EDGE ( 'NONE', *, *, #5769, .F. ) ;
#2259 = FACE_OUTER_BOUND ( 'NONE', #8969, .T. ) ;
#2260 = FACE_OUTER_BOUND ( 'NONE', #5367, .T. ) ;
#2261 = SURFACE_STYLE_USAGE ( .BOTH. , #1280 ) ;
#2262 = FILL_AREA_STYLE_COLOUR ( '', #9192 ) ;
#2263 = DIRECTION ( 'NONE',  ( 0.000000000000000000, 0.000000000000000000, 1.000000000000000000 ) ) ;
#2264 = DIRECTION ( 'NONE',  ( -0.000000000000000000, 1.000000000000000000, -0.000000000000000000 ) ) ;
#2265 = EDGE_LOOP ( 'NONE', ( #7565, #6698, #10831 ) ) ;
#2266 = DIRECTION ( 'NONE',  ( 0.000000000000000000, 0.000000000000000000, -1.000000000000000000 ) ) ;
#2267 = VERTEX_POINT ( 'NONE', #8704 ) ;
#2268 = AXIS2_PLACEMENT_3D ( 'NONE', #9066, #7820, #9814 ) ;
#2269 = EDGE_LOOP ( 'NONE', ( #942, #1942, #10800 ) ) ;
#2270 = CARTESIAN_POINT ( 'NONE',  ( 1.250000000000000666, 0.2699999999999994071, 0.3400000000000009126 ) ) ;
#2271 = DIRECTION ( 'NONE',  ( 0.000000000000000000, 0.000000000000000000, 1.000000000000000000 ) ) ;
#2272 = ORIENTED_EDGE ( 'NONE', *, *, #12084, .F. ) ;
#2273 = DIRECTION ( 'NONE',  ( -0.000000000000000000, 1.000000000000000000, -0.000000000000000000 ) ) ;
#2274 = CIRCLE ( 'NONE', #8763, 0.08999999999999980238 ) ;
#2275 = CIRCLE ( 'NONE', #3589, 0.08999999999999980238 ) ;
#2276 = SURFACE_SIDE_STYLE ('',( #772 ) ) ;
#2277 = EDGE_CURVE ( 'NONE', #7549, #5655, #5147, .T. ) ;
#2278 = DIRECTION ( 'NONE',  ( 0.000000000000000000, 0.000000000000000000, 1.000000000000000000 ) ) ;
#2279 = CARTESIAN_POINT ( 'NONE',  ( -1.249999999999999778, 0.2699999999999994071, 3.160000000000001474 ) ) ;
#2280 = AXIS2_PLACEMENT_3D ( 'NONE', #1206, #7933, #10830 ) ;
#2281 = VERTEX_POINT ( 'NONE', #10530 ) ;
#2282 = EDGE_LOOP ( 'NONE', ( #6624, #1825, #1240 ) ) ;
#2283 = FILL_AREA_STYLE_COLOUR ( '', #7178 ) ;
#2284 = SURFACE_SIDE_STYLE ('',( #2247 ) ) ;
#2285 = AXIS2_PLACEMENT_3D ( 'NONE', #9426, #12342, #9592 ) ;
#2286 = FACE_OUTER_BOUND ( 'NONE', #10938, .T. ) ;
#2287 = AXIS2_PLACEMENT_3D ( 'NONE', #7285, #3374, #5284 ) ;
#2288 = CARTESIAN_POINT ( 'NONE',  ( 3.250000000000000888, 0.2699999999999994071, -1.659999999999999254 ) ) ;
#2289 = DIRECTION ( 'NONE',  ( 1.000000000000000000, 0.000000000000000000, -0.000000000000000000 ) ) ;
#2290 = CARTESIAN_POINT ( 'NONE',  ( 3.250000000000000888, 0.2699999999999994071, 0.3400000000000010236 ) ) ;
#2291 = VERTEX_POINT ( 'NONE', #11535 ) ;
#2292 = CIRCLE ( 'NONE', #3379, 0.08999999999999980238 ) ;
#2293 =( NAMED_UNIT ( * ) PLANE_ANGLE_UNIT ( ) SI_UNIT ( $, .RADIAN. ) );
#2294 = PRESENTATION_STYLE_ASSIGNMENT (( #6206 ) ) ;
#2295 = AXIS2_PLACEMENT_3D ( 'NONE', #12275, #6363, #8285 ) ;
#2296 = EDGE_LOOP ( 'NONE', ( #11999, #4806 ) ) ;
#2297 = CIRCLE ( 'NONE', #7764, 0.1499999999999998557 ) ;
#2298 = CARTESIAN_POINT ( 'NONE',  ( 3.250000000000000888, 0.2699999999999994071, -3.249999999999999112 ) ) ;
#2299 = AXIS2_PLACEMENT_3D ( 'NONE', #8347, #10265, #12418 ) ;
#2300 = DIRECTION ( 'NONE',  ( 0.000000000000000000, 0.000000000000000000, 1.000000000000000000 ) ) ;
#2301 = CIRCLE ( 'NONE', #8472, 0.1499999999999999667 ) ;
#2302 = CLOSED_SHELL ( 'NONE', ( #10276, #4299, #9208, #11091 ) ) ;
#2303 = DIRECTION ( 'NONE',  ( 0.000000000000000000, 0.000000000000000000, -1.000000000000000000 ) ) ;
#2304 = EDGE_LOOP ( 'NONE', ( #10559, #11878, #3167 ) ) ;
#2305 = UNCERTAINTY_MEASURE_WITH_UNIT (LENGTH_MEASURE( 1.000000000000000082E-05 ), #10318, 'distance_accuracy_value', 'NONE');
#2306 = UNCERTAINTY_MEASURE_WITH_UNIT (LENGTH_MEASURE( 1.000000000000000082E-05 ), #2159, 'distance_accuracy_value', 'NONE');
#2307 = CLOSED_SHELL ( 'NONE', ( #11680, #6098, #4085 ) ) ;
#2308 = AXIS2_PLACEMENT_3D ( 'NONE', #9142, #1248, #3214 ) ;
#2309 = DIRECTION ( 'NONE',  ( 0.000000000000000000, 0.000000000000000000, 1.000000000000000000 ) ) ;
#2310 = SURFACE_SIDE_STYLE ('',( #3799 ) ) ;
#2311 = MECHANICAL_DESIGN_GEOMETRIC_PRESENTATION_REPRESENTATION (  '', ( #1081 ), #9318 ) ;
#2312 = FILL_AREA_STYLE_COLOUR ( '', #3907 ) ;
#2313 = EDGE_LOOP ( 'NONE', ( #1787, #5591, #9807 ) ) ;
#2314 = AXIS2_PLACEMENT_3D ( 'NONE', #8914, #113, #4241 ) ;
#2315 = CARTESIAN_POINT ( 'NONE',  ( 2.250000000000000000, 0.2699999999999994071, -0.7499999999999988898 ) ) ;
#2316 = CIRCLE ( 'NONE', #10191, 0.08999999999999980238 ) ;
#2317 = CARTESIAN_POINT ( 'NONE',  ( -4.312500000000001776, -0.7997591975467949199, -5.062499999999999112 ) ) ;
#2318 = ORIENTED_EDGE ( 'NONE', *, *, #7893, .F. ) ;
#2319 = SPHERICAL_SURFACE ( 'NONE', #8051, 0.1499999999999998557 ) ;
#2320 = DIRECTION ( 'NONE',  ( 0.000000000000000000, 0.000000000000000000, -1.000000000000000000 ) ) ;
#2321 = SURFACE_STYLE_FILL_AREA ( #7207 ) ;
#2322 = DIRECTION ( 'NONE',  ( 0.000000000000000000, 0.000000000000000000, 1.000000000000000000 ) ) ;
#2323 = EDGE_CURVE ( 'NONE', #10669, #811, #5249, .T. ) ;
#2324 = PRESENTATION_STYLE_ASSIGNMENT (( #5452 ) ) ;
#2325 = EDGE_CURVE ( 'NONE', #10166, #2205, #903, .T. ) ;
#2326 = MECHANICAL_DESIGN_GEOMETRIC_PRESENTATION_REPRESENTATION (  '', ( #3696 ), #4960 ) ;
#2327 = CARTESIAN_POINT ( 'NONE',  ( -3.250000000000000000, 1.355252715606880543E-16, 0.2500000000000006661 ) ) ;
#2328 = EDGE_LOOP ( 'NONE', ( #5331, #9638, #9089 ) ) ;
#2329 = ADVANCED_FACE ( 'NONE', ( #9455 ), #9560, .T. ) ;
#2330 = VERTEX_POINT ( 'NONE', #5715 ) ;
#2331 = AXIS2_PLACEMENT_3D ( 'NONE', #8695, #2684, #6614 ) ;
#2332 = MANIFOLD_SOLID_BREP ( 'LPattern1[34]', #3689 ) ;
#2333 = ADVANCED_FACE ( 'NONE', ( #1293 ), #10049, .T. ) ;
#2334 = VERTEX_POINT ( 'NONE', #7665 ) ;
#2335 = FACE_OUTER_BOUND ( 'NONE', #7087, .T. ) ;
#2336 = SURFACE_STYLE_USAGE ( .BOTH. , #10328 ) ;
#2337 = AXIS2_PLACEMENT_3D ( 'NONE', #7562, #3629, #10536 ) ;
#2338 = ORIENTED_EDGE ( 'NONE', *, *, #11904, .T. ) ;
#2339 = COLOUR_RGB ( '',0.7921568627450980005, 0.8196078431372548767, 0.9333333333333333481 ) ;
#2340 =( LENGTH_UNIT ( ) NAMED_UNIT ( * ) SI_UNIT ( .MILLI., .METRE. ) );
#2341 = DIRECTION ( 'NONE',  ( 0.000000000000000000, 0.000000000000000000, 1.000000000000000000 ) ) ;
#2342 = CARTESIAN_POINT ( 'NONE',  ( 2.250000000000000000, 0.2699999999999994071, 1.160000000000001252 ) ) ;
#2343 = FACE_OUTER_BOUND ( 'NONE', #12004, .T. ) ;
#2344 = FILL_AREA_STYLE_COLOUR ( '', #7817 ) ;
#2345 = CARTESIAN_POINT ( 'NONE',  ( -3.250000000000000000, 0.2699999999999994071, 1.250000000000001554 ) ) ;
#2346 = DIRECTION ( 'NONE',  ( 0.000000000000000000, 0.000000000000000000, 1.000000000000000000 ) ) ;
#2347 = AXIS2_PLACEMENT_3D ( 'NONE', #11966, #6030, #4951 ) ;
#2348 = ORIENTED_EDGE ( 'NONE', *, *, #1727, .T. ) ;
#2349 = DIRECTION ( 'NONE',  ( 0.000000000000000000, -1.000000000000000000, 0.000000000000000000 ) ) ;
#2350 = ORIENTED_EDGE ( 'NONE', *, *, #10708, .T. ) ;
#2351 = DIRECTION ( 'NONE',  ( 0.000000000000000000, 0.000000000000000000, 1.000000000000000000 ) ) ;
#2352 = EDGE_CURVE ( 'NONE', #3129, #7936, #5667, .T. ) ;
#2353 = AXIS2_PLACEMENT_3D ( 'NONE', #4884, #7976, #3125 ) ;
#2354 = VERTEX_POINT ( 'NONE', #4632 ) ;
#2355 = DIRECTION ( 'NONE',  ( 0.000000000000000000, 0.000000000000000000, -1.000000000000000000 ) ) ;
#2356 = CIRCLE ( 'NONE', #5075, 0.08999999999999980238 ) ;
#2357 = ADVANCED_FACE ( 'NONE', ( #5597 ), #1247, .T. ) ;
#2358 = PLANE ( 'NONE',  #12125 ) ;
#2359 = FACE_OUTER_BOUND ( 'NONE', #12862, .T. ) ;
#2360 = AXIS2_PLACEMENT_3D ( 'NONE', #2109, #10763, #12745 ) ;
#2361 = FILL_AREA_STYLE_COLOUR ( '', #1603 ) ;
#2362 = CARTESIAN_POINT ( 'NONE',  ( -2.250000000000000000, 0.1499999999999999944, 0.7500000000000006661 ) ) ;
#2363 = VERTEX_POINT ( 'NONE', #511 ) ;
#2364 = EDGE_CURVE ( 'NONE', #2267, #3505, #10069, .T. ) ;
#2365 = VERTEX_POINT ( 'NONE', #5648 ) ;
#2366 = DIRECTION ( 'NONE',  ( 1.000000000000000000, 0.000000000000000000, 1.224646799147353207E-16 ) ) ;
#2367 = DIRECTION ( 'NONE',  ( 1.000000000000000000, 0.000000000000000000, -0.000000000000000000 ) ) ;
#2368 = CARTESIAN_POINT ( 'NONE',  ( 0.2500000000000002220, 0.1499999999999999944, 2.250000000000000444 ) ) ;
#2369 = EDGE_CURVE ( 'NONE', #4771, #4757, #10132, .T. ) ;
#2370 = CARTESIAN_POINT ( 'NONE',  ( 3.250000000000000888, 0.2699999999999994071, 1.250000000000001554 ) ) ;
#2371 = ORIENTED_EDGE ( 'NONE', *, *, #6518, .T. ) ;
#2372 = SURFACE_STYLE_USAGE ( .BOTH. , #585 ) ;
#2373 = SURFACE_STYLE_USAGE ( .BOTH. , #8384 ) ;
#2374 = PRESENTATION_LAYER_ASSIGNMENT (  '', '', ( #7688 ) ) ;
#2375 = FACE_OUTER_BOUND ( 'NONE', #641, .T. ) ;
#2376 = DIRECTION ( 'NONE',  ( 0.000000000000000000, 0.000000000000000000, -1.000000000000000000 ) ) ;
#2377 = SURFACE_STYLE_FILL_AREA ( #5575 ) ;
#2378 = PRESENTATION_STYLE_ASSIGNMENT (( #12122 ) ) ;
#2379 = MECHANICAL_DESIGN_GEOMETRIC_PRESENTATION_REPRESENTATION (  '', ( #1330 ), #8916 ) ;
#2380 = CARTESIAN_POINT ( 'NONE',  ( 1.250000000000000666, 1.355252715606880543E-16, -3.249999999999999556 ) ) ;
#2381 = ORIENTED_EDGE ( 'NONE', *, *, #1749, .F. ) ;
#2382 = VERTEX_POINT ( 'NONE', #11553 ) ;
#2383 = CARTESIAN_POINT ( 'NONE',  ( -4.312500000000001776, 0.6999999999999999556, -5.062499999999999112 ) ) ;
#2384 = DIRECTION ( 'NONE',  ( -0.000000000000000000, 1.000000000000000000, 0.000000000000000000 ) ) ;
#2385 = SURFACE_SIDE_STYLE ('',( #11083 ) ) ;
#2386 = STYLED_ITEM ( 'NONE', ( #12362 ), #5486 ) ;
#2387 =( LENGTH_UNIT ( ) NAMED_UNIT ( * ) SI_UNIT ( .MILLI., .METRE. ) );
#2388 = DIRECTION ( 'NONE',  ( 0.000000000000000000, 0.000000000000000000, 1.000000000000000000 ) ) ;
#2389 = ORIENTED_EDGE ( 'NONE', *, *, #8690, .F. ) ;
#2390 = DIRECTION ( 'NONE',  ( 1.000000000000000000, 0.000000000000000000, -0.000000000000000000 ) ) ;
#2391 = EDGE_CURVE ( 'NONE', #9935, #745, #5838, .T. ) ;
#2392 = SURFACE_STYLE_FILL_AREA ( #6289 ) ;
#2393 = DIRECTION ( 'NONE',  ( 1.000000000000000000, 0.000000000000000000, 1.224646799147353207E-16 ) ) ;
#2394 = DIRECTION ( 'NONE',  ( -0.000000000000000000, 1.000000000000000000, 0.000000000000000000 ) ) ;
#2395 = SURFACE_STYLE_FILL_AREA ( #519 ) ;
#2396 = DIRECTION ( 'NONE',  ( 0.000000000000000000, 0.000000000000000000, 1.000000000000000000 ) ) ;
#2397 = FACE_OUTER_BOUND ( 'NONE', #5590, .T. ) ;
#2398 = DIRECTION ( 'NONE',  ( 0.000000000000000000, 0.000000000000000000, 1.000000000000000000 ) ) ;
#2399 = VECTOR ( 'NONE', #12722, 1000.000000000000000 ) ;
#2400 = CIRCLE ( 'NONE', #6224, 0.08999999999999980238 ) ;
#2401 = DIRECTION ( 'NONE',  ( 1.000000000000000000, 0.000000000000000000, 1.224646799147353207E-16 ) ) ;
#2402 = ORIENTED_EDGE ( 'NONE', *, *, #11418, .F. ) ;
#2403 = EDGE_LOOP ( 'NONE', ( #6795, #2381, #6077, #3280 ) ) ;
#2404 = EDGE_CURVE ( 'NONE', #29, #3078, #9774, .T. ) ;
#2405 = AXIS2_PLACEMENT_3D ( 'NONE', #2901, #11942, #33 ) ;
#2406 = FILL_AREA_STYLE_COLOUR ( '', #10628 ) ;
#2407 = DIRECTION ( 'NONE',  ( 0.000000000000000000, 0.000000000000000000, 1.000000000000000000 ) ) ;
#2408 = STYLED_ITEM ( 'NONE', ( #4823 ), #11821 ) ;
#2409 = CARTESIAN_POINT ( 'NONE',  ( -3.250000000000000000, 0.2699999999999994071, -3.339999999999999414 ) ) ;
#2410 = MANIFOLD_SOLID_BREP ( 'LPattern1[30]', #12379 ) ;
#2411 = SURFACE_STYLE_USAGE ( .BOTH. , #6423 ) ;
#2412 = SURFACE_STYLE_FILL_AREA ( #6250 ) ;
#2413 = DIRECTION ( 'NONE',  ( -0.000000000000000000, 1.000000000000000000, -0.000000000000000000 ) ) ;
#2414 = DIRECTION ( 'NONE',  ( -0.000000000000000000, 1.000000000000000000, -0.000000000000000000 ) ) ;
#2415 = DIRECTION ( 'NONE',  ( -0.000000000000000000, 1.000000000000000000, -0.000000000000000000 ) ) ;
#2416 = VERTEX_POINT ( 'NONE', #5378 ) ;
#2417 = DIRECTION ( 'NONE',  ( 1.000000000000000000, 0.000000000000000000, -0.000000000000000000 ) ) ;
#2418 = VERTEX_POINT ( 'NONE', #8468 ) ;
#2419 = AXIS2_PLACEMENT_3D ( 'NONE', #191, #10336, #4321 ) ;
#2420 = CARTESIAN_POINT ( 'NONE',  ( -3.250000000000000000, 0.2699999999999994071, -2.159999999999998810 ) ) ;
#2421 = CARTESIAN_POINT ( 'NONE',  ( 2.750000000000000444, 0.1499999999999999944, 0.7500000000000006661 ) ) ;
#2422 = CARTESIAN_POINT ( 'NONE',  ( 2.250000000000000000, 0.2699999999999994071, 3.250000000000001776 ) ) ;
#2423 = CIRCLE ( 'NONE', #11779, 0.1499999999999999667 ) ;
#2424 = SURFACE_SIDE_STYLE ('',( #1669 ) ) ;
#2425 = FACE_OUTER_BOUND ( 'NONE', #7403, .T. ) ;
#2426 = DIRECTION ( 'NONE',  ( 1.000000000000000000, 0.000000000000000000, -0.000000000000000000 ) ) ;
#2427 = PRESENTATION_LAYER_ASSIGNMENT (  '', '', ( #12102 ) ) ;
#2428 = STYLED_ITEM ( 'NONE', ( #3204 ), #8453 ) ;
#2429 = DIRECTION ( 'NONE',  ( -0.000000000000000000, 1.000000000000000000, 0.000000000000000000 ) ) ;
#2430 = EDGE_CURVE ( 'NONE', #4655, #4784, #9869, .T. ) ;
#2431 = DIRECTION ( 'NONE',  ( 0.000000000000000000, 0.000000000000000000, 1.000000000000000000 ) ) ;
#2432 = DIRECTION ( 'NONE',  ( -1.000000000000000000, 0.000000000000000000, 0.000000000000000000 ) ) ;
#2433 = CARTESIAN_POINT ( 'NONE',  ( -1.249999999999999778, 0.2699999999999994071, -1.159999999999999032 ) ) ;
#2434 = EDGE_CURVE ( 'NONE', #9513, #2480, #9846, .T. ) ;
#2435 = AXIS2_PLACEMENT_3D ( 'NONE', #6469, #12543, #12214 ) ;
#2436 = VERTEX_POINT ( 'NONE', #2380 ) ;
#2437 = STYLED_ITEM ( 'NONE', ( #6578 ), #7993 ) ;
#2438 = EDGE_LOOP ( 'NONE', ( #11891, #1404, #7421 ) ) ;
#2439 = CARTESIAN_POINT ( 'NONE',  ( -0.7499999999999997780, 0.2699999999999994071, -1.159999999999999032 ) ) ;
#2440 =( LENGTH_UNIT ( ) NAMED_UNIT ( * ) SI_UNIT ( .MILLI., .METRE. ) );
#2441 = CARTESIAN_POINT ( 'NONE',  ( 2.750000000000000444, 0.2699999999999994071, -1.249999999999998890 ) ) ;
#2442 = MECHANICAL_DESIGN_GEOMETRIC_PRESENTATION_REPRESENTATION (  '', ( #5552 ), #4782 ) ;
#2443 = FILL_AREA_STYLE_COLOUR ( '', #124 ) ;
#2444 = SPHERICAL_SURFACE ( 'NONE', #3995, 0.1499999999999998557 ) ;
#2445 = CARTESIAN_POINT ( 'NONE',  ( -0.7499999999999997780, 0.1499999999999999944, 3.250000000000001332 ) ) ;
#2446 = EDGE_CURVE ( 'NONE', #11281, #10431, #1359, .T. ) ;
#2447 = PRESENTATION_STYLE_ASSIGNMENT (( #2525 ) ) ;
#2448 = ADVANCED_FACE ( 'NONE', ( #1538 ), #1377, .T. ) ;
#2449 = SURFACE_STYLE_FILL_AREA ( #7644 ) ;
#2450 = UNCERTAINTY_MEASURE_WITH_UNIT (LENGTH_MEASURE( 1.000000000000000082E-05 ), #7915, 'distance_accuracy_value', 'NONE');
#2451 = UNCERTAINTY_MEASURE_WITH_UNIT (LENGTH_MEASURE( 1.000000000000000082E-05 ), #11935, 'distance_accuracy_value', 'NONE');
#2452 = CARTESIAN_POINT ( 'NONE',  ( -3.250000000000000000, 0.1499999999999999944, 0.2500000000000006661 ) ) ;
#2453 = DIRECTION ( 'NONE',  ( -0.000000000000000000, 1.000000000000000000, -0.000000000000000000 ) ) ;
#2454 = PRESENTATION_STYLE_ASSIGNMENT (( #9647 ) ) ;
#2455 = DIRECTION ( 'NONE',  ( 1.000000000000000000, 0.000000000000000000, 1.224646799147353207E-16 ) ) ;
#2456 = PRESENTATION_LAYER_ASSIGNMENT (  '', '', ( #7124 ) ) ;
#2457 = ORIENTED_EDGE ( 'NONE', *, *, #776, .F. ) ;
#2458 = VERTEX_POINT ( 'NONE', #677 ) ;
#2459 = DIRECTION ( 'NONE',  ( 1.000000000000000000, 0.000000000000000000, -0.000000000000000000 ) ) ;
#2460 = AXIS2_PLACEMENT_3D ( 'NONE', #2883, #5833, #8814 ) ;
#2461 = CIRCLE ( 'NONE', #8213, 0.1499999999999999667 ) ;
#2462 = AXIS2_PLACEMENT_3D ( 'NONE', #794, #3592, #5508 ) ;
#2463 = CARTESIAN_POINT ( 'NONE',  ( -2.250000000000000000, 1.355252715606880543E-16, -0.2499999999999993616 ) ) ;
#2464 = CARTESIAN_POINT ( 'NONE',  ( 3.250000000000000888, 0.2699999999999994071, 1.160000000000001252 ) ) ;
#2465 = EDGE_CURVE ( 'NONE', #10163, #10147, #5791, .T. ) ;
#2466 = CARTESIAN_POINT ( 'NONE',  ( 3.250000000000000888, 0.2699999999999994071, -1.159999999999999032 ) ) ;
#2467 = DIRECTION ( 'NONE',  ( -0.000000000000000000, 1.000000000000000000, 0.000000000000000000 ) ) ;
#2468 = MECHANICAL_DESIGN_GEOMETRIC_PRESENTATION_REPRESENTATION (  '', ( #5432 ), #1238 ) ;
#2469 = CARTESIAN_POINT ( 'NONE',  ( -2.250000000000000000, 0.1499999999999999944, -1.749999999999999334 ) ) ;
#2470 = CARTESIAN_POINT ( 'NONE',  ( -3.250000000000000000, 1.355252715606880543E-16, -2.749999999999999556 ) ) ;
#2471 = FACE_OUTER_BOUND ( 'NONE', #4903, .T. ) ;
#2472 = CARTESIAN_POINT ( 'NONE',  ( -1.249999999999999778, 0.1499999999999999944, 2.750000000000000888 ) ) ;
#2473 = FILL_AREA_STYLE ('',( #5481 ) ) ;
#2474 = EDGE_CURVE ( 'NONE', #12170, #6041, #9988, .T. ) ;
#2475 = CIRCLE ( 'NONE', #1462, 0.1499999999999999667 ) ;
#2476 =( LENGTH_UNIT ( ) NAMED_UNIT ( * ) SI_UNIT ( .MILLI., .METRE. ) );
#2477 = DIRECTION ( 'NONE',  ( 0.000000000000000000, 0.000000000000000000, 1.000000000000000000 ) ) ;
#2478 = DIRECTION ( 'NONE',  ( 0.000000000000000000, 0.000000000000000000, -1.000000000000000000 ) ) ;
#2479 = ORIENTED_EDGE ( 'NONE', *, *, #3658, .F. ) ;
#2480 = VERTEX_POINT ( 'NONE', #6293 ) ;
#2481 = AXIS2_PLACEMENT_3D ( 'NONE', #12532, #8541, #665 ) ;
#2482 = AXIS2_PLACEMENT_3D ( 'NONE', #3491, #7588, #11391 ) ;
#2483 =( GEOMETRIC_REPRESENTATION_CONTEXT ( 3 ) GLOBAL_UNCERTAINTY_ASSIGNED_CONTEXT ( ( #1827 ) ) GLOBAL_UNIT_ASSIGNED_CONTEXT ( ( #344, #12555, #1346 ) ) REPRESENTATION_CONTEXT ( 'NONE', 'WORKASPACE' ) );
#2484 = CARTESIAN_POINT ( 'NONE',  ( 0.7500000000000002220, 0.2699999999999994071, 2.840000000000000746 ) ) ;
#2485 = DIRECTION ( 'NONE',  ( 0.000000000000000000, 0.000000000000000000, 1.000000000000000000 ) ) ;
#2486 = DIRECTION ( 'NONE',  ( 0.000000000000000000, 0.000000000000000000, 1.000000000000000000 ) ) ;
#2487 = FACE_OUTER_BOUND ( 'NONE', #6208, .T. ) ;
#2488 = CARTESIAN_POINT ( 'NONE',  ( 0.7500000000000002220, 0.1499999999999999944, 3.250000000000001332 ) ) ;
#2489 = DIRECTION ( 'NONE',  ( 0.000000000000000000, 0.000000000000000000, 1.000000000000000000 ) ) ;
#2490 = DIRECTION ( 'NONE',  ( 1.000000000000000000, 0.000000000000000000, -0.000000000000000000 ) ) ;
#2491 = DIRECTION ( 'NONE',  ( 0.000000000000000000, 0.000000000000000000, 1.000000000000000000 ) ) ;
#2492 = PRESENTATION_LAYER_ASSIGNMENT (  '', '', ( #9843 ) ) ;
#2493 = ORIENTED_EDGE ( 'NONE', *, *, #4842, .T. ) ;
#2494 = DIRECTION ( 'NONE',  ( 0.000000000000000000, 0.000000000000000000, 1.000000000000000000 ) ) ;
#2495 = VERTEX_POINT ( 'NONE', #10806 ) ;
#2496 = DIRECTION ( 'NONE',  ( -0.000000000000000000, 1.000000000000000000, -0.000000000000000000 ) ) ;
#2497 = DIRECTION ( 'NONE',  ( 0.000000000000000000, 0.000000000000000000, 1.000000000000000000 ) ) ;
#2498 = PRESENTATION_STYLE_ASSIGNMENT (( #7592 ) ) ;
#2499 = MANIFOLD_SOLID_BREP ( 'LPattern1[177]', #2827 ) ;
#2500 = SPHERICAL_SURFACE ( 'NONE', #8673, 0.1499999999999998557 ) ;
#2501 = CARTESIAN_POINT ( 'NONE',  ( 5.749999999999998224, 0.4200000000000002620, 6.500000000000000000 ) ) ;
#2502 = DIRECTION ( 'NONE',  ( 0.000000000000000000, 0.000000000000000000, 1.000000000000000000 ) ) ;
#2503 = EDGE_CURVE ( 'NONE', #6552, #9558, #5439, .T. ) ;
#2504 = SURFACE_SIDE_STYLE ('',( #10542 ) ) ;
#2505 = MECHANICAL_DESIGN_GEOMETRIC_PRESENTATION_REPRESENTATION (  '', ( #7358 ), #1466 ) ;
#2506 = COLOUR_RGB ( '',0.7921568627450980005, 0.8196078431372548767, 0.9333333333333333481 ) ;
#2507 = DIRECTION ( 'NONE',  ( -0.000000000000000000, 1.000000000000000000, -0.000000000000000000 ) ) ;
#2508 = ORIENTED_EDGE ( 'NONE', *, *, #9444, .F. ) ;
#2509 = CARTESIAN_POINT ( 'NONE',  ( 0.000000000000000000, 0.3200000000000000067, 0.000000000000000000 ) ) ;
#2510 =( NAMED_UNIT ( * ) SI_UNIT ( $, .STERADIAN. ) SOLID_ANGLE_UNIT ( ) );
#2511 = STYLED_ITEM ( 'NONE', ( #10785 ), #962 ) ;
#2512 = CARTESIAN_POINT ( 'NONE',  ( -3.250000000000000000, 0.2699999999999994071, 2.840000000000001190 ) ) ;
#2513 = FACE_OUTER_BOUND ( 'NONE', #178, .T. ) ;
#2514 =( NAMED_UNIT ( * ) SI_UNIT ( $, .STERADIAN. ) SOLID_ANGLE_UNIT ( ) );
#2515 = EDGE_LOOP ( 'NONE', ( #11845, #7778, #8746 ) ) ;
#2516 = EDGE_LOOP ( 'NONE', ( #6397, #9854, #12857 ) ) ;
#2517 = CARTESIAN_POINT ( 'NONE',  ( -2.250000000000000000, 0.1499999999999999944, -1.749999999999999334 ) ) ;
#2518 = AXIS2_PLACEMENT_3D ( 'NONE', #6859, #7888, #8868 ) ;
#2519 = DIRECTION ( 'NONE',  ( 0.000000000000000000, 0.000000000000000000, -1.000000000000000000 ) ) ;
#2520 = DIRECTION ( 'NONE',  ( 0.000000000000000000, 0.000000000000000000, 1.000000000000000000 ) ) ;
#2521 = CARTESIAN_POINT ( 'NONE',  ( 3.250000000000000888, 0.2699999999999994071, -3.159999999999998810 ) ) ;
#2522 = AXIS2_PLACEMENT_3D ( 'NONE', #6364, #8287, #5277 ) ;
#2523 = CARTESIAN_POINT ( 'NONE',  ( 1.250000000000000666, 0.1499999999999999944, 2.250000000000000444 ) ) ;
#2524 = VECTOR ( 'NONE', #505, 1000.000000000000000 ) ;
#2525 = SURFACE_STYLE_USAGE ( .BOTH. , #10300 ) ;
#2526 = FILL_AREA_STYLE_COLOUR ( '', #8274 ) ;
#2527 = EDGE_CURVE ( 'NONE', #723, #3316, #9822, .T. ) ;
#2528 = ORIENTED_EDGE ( 'NONE', *, *, #2899, .F. ) ;
#2529 = AXIS2_PLACEMENT_3D ( 'NONE', #2298, #3295, #7292 ) ;
#2530 = AXIS2_PLACEMENT_3D ( 'NONE', #3309, #5304, #7307 ) ;
#2531 = DIRECTION ( 'NONE',  ( 1.000000000000000000, 0.000000000000000000, -0.000000000000000000 ) ) ;
#2532 = EDGE_LOOP ( 'NONE', ( #4303, #12618 ) ) ;
#2533 = AXIS2_PLACEMENT_3D ( 'NONE', #6655, #10560, #12310 ) ;
#2534 = EDGE_LOOP ( 'NONE', ( #7107, #1471 ) ) ;
#2535 = DIRECTION ( 'NONE',  ( -0.000000000000000000, 1.000000000000000000, 0.000000000000000000 ) ) ;
#2536 = VECTOR ( 'NONE', #7681, 999.9999999999998863 ) ;
#2537 =( LENGTH_UNIT ( ) NAMED_UNIT ( * ) SI_UNIT ( .MILLI., .METRE. ) );
#2538 = CARTESIAN_POINT ( 'NONE',  ( 1.250000000000000666, 0.1499999999999999944, 0.2500000000000006661 ) ) ;
#2539 = AXIS2_PLACEMENT_3D ( 'NONE', #1708, #11610, #10699 ) ;
#2540 = FILL_AREA_STYLE ('',( #5566 ) ) ;
#2541 =( LENGTH_UNIT ( ) NAMED_UNIT ( * ) SI_UNIT ( .MILLI., .METRE. ) );
#2542 = CARTESIAN_POINT ( 'NONE',  ( 1.250000000000000666, 0.1499999999999999944, 0.7500000000000006661 ) ) ;
#2543 = ADVANCED_FACE ( 'NONE', ( #1311 ), #1176, .T. ) ;
#2544 = DIRECTION ( 'NONE',  ( -0.000000000000000000, 1.000000000000000000, -0.000000000000000000 ) ) ;
#2545 = FACE_OUTER_BOUND ( 'NONE', #10218, .T. ) ;
#2546 = CARTESIAN_POINT ( 'NONE',  ( 2.250000000000000000, 0.1499999999999999944, -0.7499999999999993339 ) ) ;
#2547 = DIRECTION ( 'NONE',  ( 0.000000000000000000, 0.000000000000000000, 1.000000000000000000 ) ) ;
#2548 = PLANE ( 'NONE',  #11960 ) ;
#2549 = LINE ( 'NONE', #2985, #2399 ) ;
#2550 = PRESENTATION_STYLE_ASSIGNMENT (( #10153 ) ) ;
#2551 = ORIENTED_EDGE ( 'NONE', *, *, #2242, .T. ) ;
#2552 = EDGE_CURVE ( 'NONE', #1881, #4393, #1222, .T. ) ;
#2553 = DIRECTION ( 'NONE',  ( -0.000000000000000000, 1.000000000000000000, -0.000000000000000000 ) ) ;
#2554 = STYLED_ITEM ( 'NONE', ( #9816 ), #4415 ) ;
#2555 = VERTEX_POINT ( 'NONE', #7910 ) ;
#2556 = VERTEX_POINT ( 'NONE', #3053 ) ;
#2557 = SPHERICAL_SURFACE ( 'NONE', #12095, 0.1499999999999998557 ) ;
#2558 = STYLED_ITEM ( 'NONE', ( #9828 ), #11997 ) ;
#2559 = PRESENTATION_LAYER_ASSIGNMENT (  '', '', ( #1205 ) ) ;
#2560 = DIRECTION ( 'NONE',  ( -0.000000000000000000, 1.000000000000000000, 0.000000000000000000 ) ) ;
#2561 = MANIFOLD_SOLID_BREP ( 'LPattern1[28]', #11320 ) ;
#2562 = EDGE_CURVE ( 'NONE', #6719, #426, #5876, .T. ) ;
#2564 = ORIENTED_EDGE ( 'NONE', *, *, #981, .T. ) ;
#2563 = PLANE ( 'NONE',  #7170 ) ;
#2565 = DIRECTION ( 'NONE',  ( 1.000000000000000000, 0.000000000000000000, -0.000000000000000000 ) ) ;
#2566 = COLOUR_RGB ( '',0.7921568627450980005, 0.8196078431372548767, 0.9333333333333333481 ) ;
#2567 = CARTESIAN_POINT ( 'NONE',  ( -1.249999999999999778, 0.1499999999999999944, -0.2499999999999993616 ) ) ;
#2568 =( GEOMETRIC_REPRESENTATION_CONTEXT ( 3 ) GLOBAL_UNCERTAINTY_ASSIGNED_CONTEXT ( ( #3084 ) ) GLOBAL_UNIT_ASSIGNED_CONTEXT ( ( #9180, #6164, #3256 ) ) REPRESENTATION_CONTEXT ( 'NONE', 'WORKASPACE' ) );
#2569 =( NAMED_UNIT ( * ) SI_UNIT ( $, .STERADIAN. ) SOLID_ANGLE_UNIT ( ) );
#2570 = ORIENTED_EDGE ( 'NONE', *, *, #2735, .F. ) ;
#2571 = CARTESIAN_POINT ( 'NONE',  ( -2.250000000000000000, 0.2699999999999994071, 0.2500000000000011102 ) ) ;
#2572 = DIRECTION ( 'NONE',  ( 0.000000000000000000, 0.000000000000000000, 1.000000000000000000 ) ) ;
#2573 = DIRECTION ( 'NONE',  ( -1.000000000000000000, 0.000000000000000000, 0.000000000000000000 ) ) ;
#2574 = CIRCLE ( 'NONE', #8566, 0.08999999999999980238 ) ;
#2575 = ORIENTED_EDGE ( 'NONE', *, *, #5112, .T. ) ;
#2576 = DIRECTION ( 'NONE',  ( -1.000000000000000000, 0.000000000000000000, 0.000000000000000000 ) ) ;
#2577 = VERTEX_POINT ( 'NONE', #4055 ) ;
#2578 = FILL_AREA_STYLE_COLOUR ( '', #8349 ) ;
#2579 = AXIS2_PLACEMENT_3D ( 'NONE', #5286, #6932, #7287 ) ;
#2580 = EDGE_CURVE ( 'NONE', #494, #10431, #1972, .T. ) ;
#2581 = CIRCLE ( 'NONE', #7440, 0.1499999999999999667 ) ;
#2582 = CARTESIAN_POINT ( 'NONE',  ( 1.250000000000000666, 0.2699999999999994071, -2.159999999999998810 ) ) ;
#2583 = SURFACE_STYLE_FILL_AREA ( #1326 ) ;
#2584 = PLANE ( 'NONE',  #9266 ) ;
#2585 = EDGE_CURVE ( 'NONE', #327, #81, #1653, .T. ) ;
#2586 = CIRCLE ( 'NONE', #11864, 0.08999999999999980238 ) ;
#2587 = EDGE_LOOP ( 'NONE', ( #293, #544, #3713, #9191 ) ) ;
#2588 = AXIS2_PLACEMENT_3D ( 'NONE', #9283, #11266, #310 ) ;
#2589 = CARTESIAN_POINT ( 'NONE',  ( 2.750000000000000444, 0.1499999999999999944, 3.250000000000001332 ) ) ;
#2590 = EDGE_CURVE ( 'NONE', #12292, #4705, #1994, .T. ) ;
#2591 = FACE_OUTER_BOUND ( 'NONE', #11831, .T. ) ;
#2592 = ORIENTED_EDGE ( 'NONE', *, *, #6855, .F. ) ;
#2593 = ADVANCED_FACE ( 'NONE', ( #6345 ), #1736, .T. ) ;
#2594 = AXIS2_PLACEMENT_3D ( 'NONE', #5904, #8805, #9908 ) ;
#2595 = DIRECTION ( 'NONE',  ( -0.000000000000000000, 1.000000000000000000, -0.000000000000000000 ) ) ;
#2596 = DIRECTION ( 'NONE',  ( -1.000000000000000000, 0.000000000000000000, 0.000000000000000000 ) ) ;
#2597 = PRESENTATION_STYLE_ASSIGNMENT (( #4435 ) ) ;
#2598 =( NAMED_UNIT ( * ) SI_UNIT ( $, .STERADIAN. ) SOLID_ANGLE_UNIT ( ) );
#2599 = EDGE_LOOP ( 'NONE', ( #10261, #10103, #4742 ) ) ;
#2600 = CARTESIAN_POINT ( 'NONE',  ( -3.250000000000000000, 1.355252715606880543E-16, -3.249999999999999556 ) ) ;
#2601 = EDGE_LOOP ( 'NONE', ( #452, #2075, #7316 ) ) ;
#2602 = CARTESIAN_POINT ( 'NONE',  ( -1.249999999999999778, 0.2699999999999994071, 2.250000000000000888 ) ) ;
#2603 = DIRECTION ( 'NONE',  ( 1.000000000000000000, 0.000000000000000000, -0.000000000000000000 ) ) ;
#2604 = CARTESIAN_POINT ( 'NONE',  ( 1.750000000000000222, 0.1499999999999999944, 2.750000000000000888 ) ) ;
#2605 = UNCERTAINTY_MEASURE_WITH_UNIT (LENGTH_MEASURE( 1.000000000000000082E-05 ), #6831, 'distance_accuracy_value', 'NONE');
#2606 = UNCERTAINTY_MEASURE_WITH_UNIT (LENGTH_MEASURE( 1.000000000000000082E-05 ), #10097, 'distance_accuracy_value', 'NONE');
#2607 = DIRECTION ( 'NONE',  ( -1.000000000000000000, 0.000000000000000000, 0.000000000000000000 ) ) ;
#2608 = CIRCLE ( 'NONE', #12699, 0.08999999999999980238 ) ;
#2609 = CARTESIAN_POINT ( 'NONE',  ( -1.249999999999999778, 0.2699999999999994071, -3.249999999999999112 ) ) ;
#2610 = DIRECTION ( 'NONE',  ( -1.000000000000000000, 0.000000000000000000, 0.000000000000000000 ) ) ;
#2611 = SPHERICAL_SURFACE ( 'NONE', #9715, 0.1499999999999998557 ) ;
#2612 = AXIS2_PLACEMENT_3D ( 'NONE', #8510, #10428, #12587 ) ;
#2613 = EDGE_LOOP ( 'NONE', ( #1058, #9508 ) ) ;
#2614 = FILL_AREA_STYLE ('',( #9631 ) ) ;
#2615 = AXIS2_PLACEMENT_3D ( 'NONE', #3806, #12719, #5000 ) ;
#2616 = FACE_OUTER_BOUND ( 'NONE', #6073, .T. ) ;
#2617 = PRESENTATION_LAYER_ASSIGNMENT (  '', '', ( #509 ) ) ;
#2618 = CLOSED_SHELL ( 'NONE', ( #1528, #1134, #3290 ) ) ;
#2619 = EDGE_CURVE ( 'NONE', #265, #6317, #2010, .T. ) ;
#2620 = DIRECTION ( 'NONE',  ( -1.000000000000000000, 0.000000000000000000, 0.000000000000000000 ) ) ;
#2621 = EDGE_CURVE ( 'NONE', #6535, #11686, #10589, .T. ) ;
#2622 = SURFACE_STYLE_FILL_AREA ( #3336 ) ;
#2623 = VERTEX_POINT ( 'NONE', #6069 ) ;
#2624 = VERTEX_POINT ( 'NONE', #8074 ) ;
#2625 = EDGE_CURVE ( 'NONE', #7819, #12203, #10703, .T. ) ;
#2626 =( NAMED_UNIT ( * ) PLANE_ANGLE_UNIT ( ) SI_UNIT ( $, .RADIAN. ) );
#2627 = SURFACE_STYLE_FILL_AREA ( #3864 ) ;
#2628 = DIRECTION ( 'NONE',  ( 0.000000000000000000, 0.000000000000000000, 1.000000000000000000 ) ) ;
#2629 = CARTESIAN_POINT ( 'NONE',  ( -2.250000000000000000, 0.1499999999999999944, 0.7500000000000006661 ) ) ;
#2630 = CARTESIAN_POINT ( 'NONE',  ( 0.2500000000000002220, 0.2699999999999994071, 3.340000000000001190 ) ) ;
#2631 = PLANE ( 'NONE',  #10756 ) ;
#2632 = FACE_OUTER_BOUND ( 'NONE', #5494, .T. ) ;
#2633 = CARTESIAN_POINT ( 'NONE',  ( -4.312500000000001776, 0.6999999999999999556, -5.062499999999999112 ) ) ;
#2634 = DIRECTION ( 'NONE',  ( 1.000000000000000000, 0.000000000000000000, -0.000000000000000000 ) ) ;
#2635 = DIRECTION ( 'NONE',  ( 1.000000000000000000, 0.000000000000000000, 1.224646799147353207E-16 ) ) ;
#2636 =( NAMED_UNIT ( * ) PLANE_ANGLE_UNIT ( ) SI_UNIT ( $, .RADIAN. ) );
#2637 = ORIENTED_EDGE ( 'NONE', *, *, #8487, .F. ) ;
#2638 = FILL_AREA_STYLE ('',( #11568 ) ) ;
#2639 = PLANE ( 'NONE',  #7443 ) ;
#2640 = FACE_OUTER_BOUND ( 'NONE', #7325, .T. ) ;
#2641 = ORIENTED_EDGE ( 'NONE', *, *, #5702, .F. ) ;
#2642 = DIRECTION ( 'NONE',  ( -0.000000000000000000, 1.000000000000000000, 0.000000000000000000 ) ) ;
#2643 = EDGE_LOOP ( 'NONE', ( #11474, #3458 ) ) ;
#2644 = CLOSED_SHELL ( 'NONE', ( #10146, #993, #9136 ) ) ;
#2645 = DIRECTION ( 'NONE',  ( 0.000000000000000000, 0.000000000000000000, 1.000000000000000000 ) ) ;
#2646 = AXIS2_PLACEMENT_3D ( 'NONE', #12007, #3425, #5328 ) ;
#2647 = FACE_OUTER_BOUND ( 'NONE', #1979, .T. ) ;
#2648 = EDGE_CURVE ( 'NONE', #5397, #2382, #6301, .T. ) ;
#2649 = AXIS2_PLACEMENT_3D ( 'NONE', #1344, #3123, #2946 ) ;
#2650 = COLOUR_RGB ( '',0.7921568627450980005, 0.8196078431372548767, 0.9333333333333333481 ) ;
#2651 = ADVANCED_FACE ( 'NONE', ( #10660 ), #9167, .T. ) ;
#2652 = FILL_AREA_STYLE_COLOUR ( '', #6503 ) ;
#2653 = DIRECTION ( 'NONE',  ( 0.000000000000000000, 0.000000000000000000, 1.000000000000000000 ) ) ;
#2654 = FACE_OUTER_BOUND ( 'NONE', #8693, .T. ) ;
#2655 = EDGE_LOOP ( 'NONE', ( #10417, #11339, #6570 ) ) ;
#2656 = SURFACE_SIDE_STYLE ('',( #3259 ) ) ;
#2657 = CIRCLE ( 'NONE', #5068, 0.1499999999999999667 ) ;
#2658 = CARTESIAN_POINT ( 'NONE',  ( 3.250000000000000888, 0.2699999999999994071, 1.840000000000000968 ) ) ;
#2659 = CIRCLE ( 'NONE', #1908, 0.08999999999999980238 ) ;
#2660 = FACE_OUTER_BOUND ( 'NONE', #6204, .T. ) ;
#2661 = ORIENTED_EDGE ( 'NONE', *, *, #9157, .T. ) ;
#2662 = AXIS2_PLACEMENT_3D ( 'NONE', #10957, #11981, #1068 ) ;
#2663 = DIRECTION ( 'NONE',  ( 0.000000000000000000, 0.000000000000000000, 1.000000000000000000 ) ) ;
#2664 = DIRECTION ( 'NONE',  ( 1.000000000000000000, 0.000000000000000000, -0.000000000000000000 ) ) ;
#2665 = VERTEX_POINT ( 'NONE', #10083 ) ;
#2666 = CARTESIAN_POINT ( 'NONE',  ( -2.750000000000000000, 0.2699999999999994071, -2.839999999999999858 ) ) ;
#2667 = DIRECTION ( 'NONE',  ( 0.000000000000000000, 0.000000000000000000, -1.000000000000000000 ) ) ;
#2668 = MANIFOLD_SOLID_BREP ( 'LPattern1[38]', #3060 ) ;
#2669 = DIRECTION ( 'NONE',  ( -0.000000000000000000, 1.000000000000000000, -0.000000000000000000 ) ) ;
#2670 = AXIS2_PLACEMENT_3D ( 'NONE', #11696, #1782, #6608 ) ;
#2671 = MECHANICAL_DESIGN_GEOMETRIC_PRESENTATION_REPRESENTATION (  '', ( #3614 ), #7828 ) ;
#2672 = CIRCLE ( 'NONE', #9760, 0.1499999999999999667 ) ;
#2673 = CARTESIAN_POINT ( 'NONE',  ( 2.750000000000000444, 0.1499999999999999944, -1.249999999999999334 ) ) ;
#2674 = CIRCLE ( 'NONE', #9092, 0.08999999999999980238 ) ;
#2675 = DIRECTION ( 'NONE',  ( -1.000000000000000000, 0.000000000000000000, 0.000000000000000000 ) ) ;
#2676 = AXIS2_PLACEMENT_3D ( 'NONE', #6707, #10790, #9704 ) ;
#2677 = CIRCLE ( 'NONE', #8435, 0.1499999999999999667 ) ;
#2678 = CLOSED_SHELL ( 'NONE', ( #12230, #167, #5478 ) ) ;
#2679 = FACE_OUTER_BOUND ( 'NONE', #6288, .T. ) ;
#2680 =( NAMED_UNIT ( * ) PLANE_ANGLE_UNIT ( ) SI_UNIT ( $, .RADIAN. ) );
#2681 = AXIS2_PLACEMENT_3D ( 'NONE', #910, #9886, #655 ) ;
#2682 = SPHERICAL_SURFACE ( 'NONE', #9334, 0.1499999999999998557 ) ;
#2683 = ORIENTED_EDGE ( 'NONE', *, *, #7939, .F. ) ;
#2684 = DIRECTION ( 'NONE',  ( -0.000000000000000000, 1.000000000000000000, -0.000000000000000000 ) ) ;
#2685 = CARTESIAN_POINT ( 'NONE',  ( 2.250000000000000000, 0.2699999999999994071, -0.2499999999999989175 ) ) ;
#2686 = DIRECTION ( 'NONE',  ( -0.000000000000000000, 1.000000000000000000, -0.000000000000000000 ) ) ;
#2687 = ORIENTED_EDGE ( 'NONE', *, *, #937, .F. ) ;
#2688 = PLANE ( 'NONE',  #10619 ) ;
#2689 = PLANE ( 'NONE',  #8689 ) ;
#2690 = DIRECTION ( 'NONE',  ( 0.000000000000000000, 1.000000000000000000, 0.000000000000000000 ) ) ;
#2691 =( NAMED_UNIT ( * ) PLANE_ANGLE_UNIT ( ) SI_UNIT ( $, .RADIAN. ) );
#2692 = DIRECTION ( 'NONE',  ( 0.000000000000000000, 0.000000000000000000, 1.000000000000000000 ) ) ;
#2693 = ADVANCED_FACE ( 'NONE', ( #5933 ), #5955, .T. ) ;
#2694 = SURFACE_STYLE_USAGE ( .BOTH. , #11632 ) ;
#2695 = ADVANCED_FACE ( 'NONE', ( #10279 ), #1923, .T. ) ;
#2696 =( NAMED_UNIT ( * ) SI_UNIT ( $, .STERADIAN. ) SOLID_ANGLE_UNIT ( ) );
#2697 = AXIS2_PLACEMENT_3D ( 'NONE', #1024, #4834, #6741 ) ;
#2698 = PRESENTATION_LAYER_ASSIGNMENT (  '', '', ( #1194 ) ) ;
#2699 = EDGE_CURVE ( 'NONE', #7936, #3129, #10637, .T. ) ;
#2700 = FACE_OUTER_BOUND ( 'NONE', #9040, .T. ) ;
#2701 = EDGE_LOOP ( 'NONE', ( #970, #9485, #1268 ) ) ;
#2702 = AXIS2_PLACEMENT_3D ( 'NONE', #12663, #5776, #6761 ) ;
#2703 = AXIS2_PLACEMENT_3D ( 'NONE', #3980, #2083, #6894 ) ;
#2704 = COLOUR_RGB ( '',0.7921568627450980005, 0.8196078431372548767, 0.9333333333333333481 ) ;
#2705 = ORIENTED_EDGE ( 'NONE', *, *, #1754, .T. ) ;
#2706 = ADVANCED_FACE ( 'NONE', ( #10722 ), #1718, .T. ) ;
#2707 = ADVANCED_FACE ( 'NONE', ( #2032 ), #5268, .T. ) ;
#2708 = FILL_AREA_STYLE_COLOUR ( '', #9804 ) ;
#2709 = VERTEX_POINT ( 'NONE', #12269 ) ;
#2710 = DIRECTION ( 'NONE',  ( 1.000000000000000000, 0.000000000000000000, 1.224646799147353207E-16 ) ) ;
#2711 = CARTESIAN_POINT ( 'NONE',  ( -2.250000000000000000, 0.2699999999999994071, 1.250000000000001554 ) ) ;
#2712 =( NAMED_UNIT ( * ) PLANE_ANGLE_UNIT ( ) SI_UNIT ( $, .RADIAN. ) );
#2713 = CARTESIAN_POINT ( 'NONE',  ( 2.750000000000000444, 0.2699999999999994071, 1.750000000000001110 ) ) ;
#2714 = COLOUR_RGB ( '',0.7921568627450980005, 0.8196078431372548767, 0.9333333333333333481 ) ;
#2715 = CARTESIAN_POINT ( 'NONE',  ( -2.250000000000000000, 0.2699999999999994071, 2.750000000000001332 ) ) ;
#2716 = EDGE_CURVE ( 'NONE', #6893, #745, #2168, .T. ) ;
#2717 = DIRECTION ( 'NONE',  ( 0.000000000000000000, 0.000000000000000000, 1.000000000000000000 ) ) ;
#2718 = DIRECTION ( 'NONE',  ( -0.000000000000000000, 1.000000000000000000, 0.000000000000000000 ) ) ;
#2719 = AXIS2_PLACEMENT_3D ( 'NONE', #2757, #4773, #9779 ) ;
#2720 = FACE_OUTER_BOUND ( 'NONE', #12691, .T. ) ;
#2721 = CARTESIAN_POINT ( 'NONE',  ( 2.750000000000000444, 1.355252715606880543E-16, 3.250000000000001332 ) ) ;
#2722 = ORIENTED_EDGE ( 'NONE', *, *, #7924, .T. ) ;
#2723 = MECHANICAL_DESIGN_GEOMETRIC_PRESENTATION_REPRESENTATION (  '', ( #6936 ), #12079 ) ;
#2724 = FACE_OUTER_BOUND ( 'NONE', #816, .T. ) ;
#2725 = DIRECTION ( 'NONE',  ( 1.000000000000000000, 0.000000000000000000, 1.224646799147353207E-16 ) ) ;
#2726 = FACE_OUTER_BOUND ( 'NONE', #8186, .T. ) ;
#2727 = PRESENTATION_LAYER_ASSIGNMENT (  '', '', ( #12830 ) ) ;
#2728 = ORIENTED_EDGE ( 'NONE', *, *, #1337, .T. ) ;
#2729 =( NAMED_UNIT ( * ) SI_UNIT ( $, .STERADIAN. ) SOLID_ANGLE_UNIT ( ) );
#2730 = AXIS2_PLACEMENT_3D ( 'NONE', #11469, #9383, #11286 ) ;
#2731 = VERTEX_POINT ( 'NONE', #8013 ) ;
#2732 = DIRECTION ( 'NONE',  ( -0.000000000000000000, 1.000000000000000000, 0.000000000000000000 ) ) ;
#2733 = AXIS2_PLACEMENT_3D ( 'NONE', #11486, #4383, #12476 ) ;
#2734 = FACE_OUTER_BOUND ( 'NONE', #10728, .T. ) ;
#2735 = EDGE_CURVE ( 'NONE', #132, #2842, #1675, .T. ) ;
#2736 = FILL_AREA_STYLE ('',( #11948 ) ) ;
#2737 = SPHERICAL_SURFACE ( 'NONE', #12031, 0.1499999999999998557 ) ;
#2739 = ORIENTED_EDGE ( 'NONE', *, *, #5564, .F. ) ;
#2738 = CARTESIAN_POINT ( 'NONE',  ( -2.750000000000000000, 0.2699999999999994071, -0.3399999999999992473 ) ) ;
#2740 = DIRECTION ( 'NONE',  ( 0.000000000000000000, 0.000000000000000000, 1.000000000000000000 ) ) ;
#2741 = CARTESIAN_POINT ( 'NONE',  ( 2.250000000000000000, 0.1499999999999999944, 2.250000000000000444 ) ) ;
#2742 = CARTESIAN_POINT ( 'NONE',  ( 1.250000000000000666, 1.355252715606880543E-16, -1.249999999999999334 ) ) ;
#2743 = CIRCLE ( 'NONE', #5323, 0.08999999999999980238 ) ;
#2744 = CIRCLE ( 'NONE', #4809, 0.1499999999999999667 ) ;
#2745 = ORIENTED_EDGE ( 'NONE', *, *, #1337, .F. ) ;
#2746 = SURFACE_STYLE_USAGE ( .BOTH. , #7777 ) ;
#2747 = CARTESIAN_POINT ( 'NONE',  ( 2.750000000000000444, 1.355252715606880543E-16, 0.7500000000000006661 ) ) ;
#2748 = CARTESIAN_POINT ( 'NONE',  ( 0.2500000000000002220, 0.2699999999999994071, 1.340000000000001412 ) ) ;
#2749 = FILL_AREA_STYLE_COLOUR ( '', #5269 ) ;
#2750 = PRESENTATION_LAYER_ASSIGNMENT (  '', '', ( #5569 ) ) ;
#2751 = ORIENTED_EDGE ( 'NONE', *, *, #5112, .F. ) ;
#2752 = UNCERTAINTY_MEASURE_WITH_UNIT (LENGTH_MEASURE( 1.000000000000000082E-05 ), #1166, 'distance_accuracy_value', 'NONE');
#2753 = DIRECTION ( 'NONE',  ( 0.000000000000000000, 0.000000000000000000, 1.000000000000000000 ) ) ;
#2754 = UNCERTAINTY_MEASURE_WITH_UNIT (LENGTH_MEASURE( 1.000000000000000082E-05 ), #1321, 'distance_accuracy_value', 'NONE');
#2755 = CARTESIAN_POINT ( 'NONE',  ( -2.250000000000000000, 0.2699999999999994071, 2.840000000000001190 ) ) ;
#2756 = STYLED_ITEM ( 'NONE', ( #2378 ), #12521 ) ;
#2757 = CARTESIAN_POINT ( 'NONE',  ( -5.745000000000001883, 1.020035713374681574, -6.000000000000000000 ) ) ;
#2758 = AXIS2_PLACEMENT_3D ( 'NONE', #5056, #2774, #10711 ) ;
#2759 = CARTESIAN_POINT ( 'NONE',  ( 2.250000000000000000, 0.1499999999999999944, 2.250000000000000444 ) ) ;
#2760 = ORIENTED_EDGE ( 'NONE', *, *, #12456, .T. ) ;
#2761 = PRESENTATION_STYLE_ASSIGNMENT (( #7916 ) ) ;
#2762 = PLANE ( 'NONE',  #10350 ) ;
#2763 = MANIFOLD_SOLID_BREP ( 'LPattern1[176]', #6734 ) ;
#2764 = UNCERTAINTY_MEASURE_WITH_UNIT (LENGTH_MEASURE( 1.000000000000000082E-05 ), #10459, 'distance_accuracy_value', 'NONE');
#2765 = UNCERTAINTY_MEASURE_WITH_UNIT (LENGTH_MEASURE( 1.000000000000000082E-05 ), #5683, 'distance_accuracy_value', 'NONE');
#2766 = ORIENTED_EDGE ( 'NONE', *, *, #11516, .F. ) ;
#2767 = CARTESIAN_POINT ( 'NONE',  ( 1.250000000000000666, 0.2699999999999994071, -0.2499999999999989175 ) ) ;
#2768 = PLANE ( 'NONE',  #3082 ) ;
#2769 = DIRECTION ( 'NONE',  ( 0.000000000000000000, 0.000000000000000000, 1.000000000000000000 ) ) ;
#2770 = SPHERICAL_SURFACE ( 'NONE', #3448, 0.1499999999999998557 ) ;
#2771 = PLANE ( 'NONE',  #10307 ) ;
#2772 = EDGE_LOOP ( 'NONE', ( #12025, #8068, #11168, #2003 ) ) ;
#2773 = FILL_AREA_STYLE ('',( #4121 ) ) ;
#2774 = DIRECTION ( 'NONE',  ( 1.000000000000000000, 0.000000000000000000, -0.000000000000000000 ) ) ;
#2775 = DIRECTION ( 'NONE',  ( 0.000000000000000000, 0.000000000000000000, 1.000000000000000000 ) ) ;
#2776 = AXIS2_PLACEMENT_3D ( 'NONE', #3429, #8258, #460 ) ;
#2777 = FILL_AREA_STYLE ('',( #7466 ) ) ;
#2778 = CARTESIAN_POINT ( 'NONE',  ( 5.749999999999998224, 0.2699999999999994071, 6.500000000000000000 ) ) ;
#2779 = DIRECTION ( 'NONE',  ( 1.000000000000000000, 0.000000000000000000, -0.000000000000000000 ) ) ;
#2780 = SURFACE_STYLE_USAGE ( .BOTH. , #9058 ) ;
#2781 = MECHANICAL_DESIGN_GEOMETRIC_PRESENTATION_REPRESENTATION (  '', ( #1901 ), #11675 ) ;
#2782 = SPHERICAL_SURFACE ( 'NONE', #7956, 0.1499999999999998557 ) ;
#2783 = VERTEX_POINT ( 'NONE', #2188 ) ;
#2784 = CIRCLE ( 'NONE', #11406, 0.08999999999999980238 ) ;
#2785 = SPHERICAL_SURFACE ( 'NONE', #4223, 0.1499999999999998557 ) ;
#2786 = CIRCLE ( 'NONE', #3694, 0.08999999999999980238 ) ;
#2787 = ORIENTED_EDGE ( 'NONE', *, *, #7111, .F. ) ;
#2788 = FILL_AREA_STYLE ('',( #4721 ) ) ;
#2789 = FACE_OUTER_BOUND ( 'NONE', #1752, .T. ) ;
#2790 = EDGE_LOOP ( 'NONE', ( #3189, #10376 ) ) ;
#2791 = DIRECTION ( 'NONE',  ( -0.000000000000000000, 1.000000000000000000, -0.000000000000000000 ) ) ;
#2792 = CARTESIAN_POINT ( 'NONE',  ( 2.750000000000000444, 0.2699999999999994071, 1.160000000000001252 ) ) ;
#2793 = ADVANCED_FACE ( 'NONE', ( #10744 ), #1602, .T. ) ;
#2794 = SURFACE_STYLE_USAGE ( .BOTH. , #9826 ) ;
#2795 = ADVANCED_FACE ( 'NONE', ( #5898 ), #4338, .T. ) ;
#2796 = SURFACE_SIDE_STYLE ('',( #3928 ) ) ;
#2797 = AXIS2_PLACEMENT_3D ( 'NONE', #7807, #10964, #3867 ) ;
#2798 = DIRECTION ( 'NONE',  ( 0.000000000000000000, 0.000000000000000000, 1.000000000000000000 ) ) ;
#2799 = SPHERICAL_SURFACE ( 'NONE', #7981, 0.1499999999999998557 ) ;
#2800 = CARTESIAN_POINT ( 'NONE',  ( 1.750000000000000222, 0.2699999999999994071, -2.339999999999999414 ) ) ;
#2801 = ORIENTED_EDGE ( 'NONE', *, *, #2323, .F. ) ;
#2802 = EDGE_CURVE ( 'NONE', #400, #1318, #6369, .T. ) ;
#2803 = SURFACE_STYLE_FILL_AREA ( #9260 ) ;
#2804 = DIRECTION ( 'NONE',  ( 1.000000000000000000, 0.000000000000000000, -0.000000000000000000 ) ) ;
#2805 = CARTESIAN_POINT ( 'NONE',  ( 2.250000000000000000, 0.2699999999999994071, -0.7499999999999988898 ) ) ;
#2806 = AXIS2_PLACEMENT_3D ( 'NONE', #9348, #1278, #5412 ) ;
#2807 = FACE_OUTER_BOUND ( 'NONE', #2313, .T. ) ;
#2808 = SURFACE_STYLE_FILL_AREA ( #12163 ) ;
#2809 = ORIENTED_EDGE ( 'NONE', *, *, #11442, .T. ) ;
#2810 = ADVANCED_FACE ( 'NONE', ( #2148 ), #10678, .T. ) ;
#2811 = DIRECTION ( 'NONE',  ( -0.000000000000000000, 1.000000000000000000, 0.000000000000000000 ) ) ;
#2812 = ADVANCED_FACE ( 'NONE', ( #10217 ), #10256, .T. ) ;
#2813 = AXIS2_PLACEMENT_3D ( 'NONE', #1072, #3219, #4204 ) ;
#2814 = CIRCLE ( 'NONE', #11065, 0.08999999999999980238 ) ;
#2815 = VERTEX_POINT ( 'NONE', #9605 ) ;
#2816 = CARTESIAN_POINT ( 'NONE',  ( 0.7500000000000002220, 0.2699999999999994071, 2.340000000000000746 ) ) ;
#2817 = ADVANCED_FACE ( 'NONE', ( #6003 ), #10315, .T. ) ;
#2818 = AXIS2_PLACEMENT_3D ( 'NONE', #7490, #7395, #12549 ) ;
#2819 = FACE_OUTER_BOUND ( 'NONE', #1631, .T. ) ;
#2820 = SURFACE_SIDE_STYLE ('',( #11399 ) ) ;
#2822 = CLOSED_SHELL ( 'NONE', ( #11004, #4698, #1786 ) ) ;
#2821 = CARTESIAN_POINT ( 'NONE',  ( 2.750000000000000444, 0.1499999999999999944, -1.749999999999999334 ) ) ;
#2823 = CARTESIAN_POINT ( 'NONE',  ( -1.249999999999999778, 0.1499999999999999944, -0.2499999999999993616 ) ) ;
#2824 = SURFACE_STYLE_USAGE ( .BOTH. , #5935 ) ;
#2825 = SPHERICAL_SURFACE ( 'NONE', #9865, 0.1499999999999998557 ) ;
#2826 = SPHERICAL_SURFACE ( 'NONE', #11346, 0.1499999999999998557 ) ;
#2827 = CLOSED_SHELL ( 'NONE', ( #2333, #11671, #11413 ) ) ;
#2828 = AXIS2_PLACEMENT_3D ( 'NONE', #193, #8993, #1192 ) ;
#2829 = DIRECTION ( 'NONE',  ( 1.000000000000000000, 0.000000000000000000, -0.000000000000000000 ) ) ;
#2830 = AXIS2_PLACEMENT_3D ( 'NONE', #3273, #4245, #5263 ) ;
#2831 = DIRECTION ( 'NONE',  ( 0.000000000000000000, 0.000000000000000000, 1.000000000000000000 ) ) ;
#2832 = FILL_AREA_STYLE ('',( #8677 ) ) ;
#2833 = EDGE_CURVE ( 'NONE', #643, #4567, #2079, .T. ) ;
#2834 = CLOSED_SHELL ( 'NONE', ( #6998, #8769, #623 ) ) ;
#2835 =( NAMED_UNIT ( * ) PLANE_ANGLE_UNIT ( ) SI_UNIT ( $, .RADIAN. ) );
#2836 = STYLED_ITEM ( 'NONE', ( #10850 ), #943 ) ;
#2837 =( NAMED_UNIT ( * ) SI_UNIT ( $, .STERADIAN. ) SOLID_ANGLE_UNIT ( ) );
#2838 = DIRECTION ( 'NONE',  ( -0.000000000000000000, 1.000000000000000000, -0.000000000000000000 ) ) ;
#2839 = CARTESIAN_POINT ( 'NONE',  ( 0.7500000000000002220, 0.1499999999999999944, -3.249999999999999556 ) ) ;
#2840 = COLOUR_RGB ( '',0.7921568627450980005, 0.8196078431372548767, 0.9333333333333333481 ) ;
#2841 = AXIS2_PLACEMENT_3D ( 'NONE', #8170, #5081, #9074 ) ;
#2842 = VERTEX_POINT ( 'NONE', #8440 ) ;
#2843 =( LENGTH_UNIT ( ) NAMED_UNIT ( * ) SI_UNIT ( .MILLI., .METRE. ) );
#2844 = SPHERICAL_SURFACE ( 'NONE', #6128, 0.1499999999999998557 ) ;
#2845 = DIRECTION ( 'NONE',  ( 0.000000000000000000, 0.000000000000000000, 1.000000000000000000 ) ) ;
#2846 = CIRCLE ( 'NONE', #9848, 0.08999999999999980238 ) ;
#2847 = ORIENTED_EDGE ( 'NONE', *, *, #3984, .T. ) ;
#2848 = DIRECTION ( 'NONE',  ( 0.000000000000000000, 0.000000000000000000, -1.000000000000000000 ) ) ;
#2849 = EDGE_LOOP ( 'NONE', ( #1064, #1349 ) ) ;
#2850 = DIRECTION ( 'NONE',  ( 0.000000000000000000, 0.000000000000000000, 1.000000000000000000 ) ) ;
#2851 = CARTESIAN_POINT ( 'NONE',  ( 0.2500000000000002220, 0.2699999999999994071, 2.840000000000001190 ) ) ;
#2852 =( LENGTH_UNIT ( ) NAMED_UNIT ( * ) SI_UNIT ( .MILLI., .METRE. ) );
#2853 = ORIENTED_EDGE ( 'NONE', *, *, #8365, .F. ) ;
#2854 = DIRECTION ( 'NONE',  ( 0.000000000000000000, 0.000000000000000000, 1.000000000000000000 ) ) ;
#2855 = DIRECTION ( 'NONE',  ( -1.000000000000000000, 0.000000000000000000, 0.000000000000000000 ) ) ;
#2856 = FILL_AREA_STYLE_COLOUR ( '', #6613 ) ;
#2857 = CARTESIAN_POINT ( 'NONE',  ( 1.250000000000000666, 0.2699999999999994071, -0.1599999999999991152 ) ) ;
#2858 = CARTESIAN_POINT ( 'NONE',  ( -2.750000000000000000, 0.2699999999999994071, 1.840000000000000968 ) ) ;
#2859 = CARTESIAN_POINT ( 'NONE',  ( 1.250000000000000666, 1.355252715606880543E-16, -0.7499999999999993339 ) ) ;
#2860 = AXIS2_PLACEMENT_3D ( 'NONE', #5064, #80, #2320 ) ;
#2861 = COLOUR_RGB ( '',0.7921568627450980005, 0.8196078431372548767, 0.9333333333333333481 ) ;
#2862 = CARTESIAN_POINT ( 'NONE',  ( -1.249999999999999778, 0.2699999999999994071, -1.249999999999998890 ) ) ;
#2863 = MANIFOLD_SOLID_BREP ( 'LPattern1[36]', #1581 ) ;
#2864 = DIRECTION ( 'NONE',  ( 0.000000000000000000, 0.000000000000000000, 1.000000000000000000 ) ) ;
#2865 = CLOSED_SHELL ( 'NONE', ( #12498, #1128, #11636, #9578, #6767, #8064, #10079, #3132, #7585, #2795 ) ) ;
#2866 =( NAMED_UNIT ( * ) PLANE_ANGLE_UNIT ( ) SI_UNIT ( $, .RADIAN. ) );
#2867 = FACE_OUTER_BOUND ( 'NONE', #10179, .T. ) ;
#2868 = CIRCLE ( 'NONE', #6870, 0.08999999999999980238 ) ;
#2869 = ORIENTED_EDGE ( 'NONE', *, *, #1172, .F. ) ;
#2870 = STYLED_ITEM ( 'NONE', ( #236 ), #11687 ) ;
#2871 = ORIENTED_EDGE ( 'NONE', *, *, #11749, .F. ) ;
#2872 = SURFACE_SIDE_STYLE ('',( #1435 ) ) ;
#2873 = COLOUR_RGB ( '',0.7921568627450980005, 0.8196078431372548767, 0.9333333333333333481 ) ;
#2874 = VERTEX_POINT ( 'NONE', #9694 ) ;
#2875 = CARTESIAN_POINT ( 'NONE',  ( -1.249999999999999778, 0.2699999999999994071, -2.659999999999999254 ) ) ;
#2876 = AXIS2_PLACEMENT_3D ( 'NONE', #783, #6582, #10411 ) ;
#2877 = LINE ( 'NONE', #5057, #7299 ) ;
#2878 = DIRECTION ( 'NONE',  ( -0.000000000000000000, 1.000000000000000000, -0.000000000000000000 ) ) ;
#2879 = DIRECTION ( 'NONE',  ( -1.000000000000000000, 0.000000000000000000, 0.000000000000000000 ) ) ;
#2880 = DIRECTION ( 'NONE',  ( -0.000000000000000000, 1.000000000000000000, -0.000000000000000000 ) ) ;
#2881 = VERTEX_POINT ( 'NONE', #3613 ) ;
#2882 = MECHANICAL_DESIGN_GEOMETRIC_PRESENTATION_REPRESENTATION (  '', ( #2870 ), #3370 ) ;
#2883 = CARTESIAN_POINT ( 'NONE',  ( 2.750000000000000444, 0.1499999999999999944, 0.2500000000000006661 ) ) ;
#2884 = PRESENTATION_STYLE_ASSIGNMENT (( #8547 ) ) ;
#2885 = FILL_AREA_STYLE_COLOUR ( '', #3562 ) ;
#2886 = EDGE_CURVE ( 'NONE', #11964, #3129, #11140, .T. ) ;
#2887 = AXIS2_PLACEMENT_3D ( 'NONE', #11728, #1895, #10892 ) ;
#2888 = PRESENTATION_STYLE_ASSIGNMENT (( #6029 ) ) ;
#2889 = DIRECTION ( 'NONE',  ( 0.000000000000000000, 0.000000000000000000, 1.000000000000000000 ) ) ;
#2890 = DIRECTION ( 'NONE',  ( -0.000000000000000000, 1.000000000000000000, -0.000000000000000000 ) ) ;
#2891 = CLOSED_SHELL ( 'NONE', ( #12351, #1088, #868 ) ) ;
#2892 = DIRECTION ( 'NONE',  ( 0.000000000000000000, 1.000000000000000000, 0.000000000000000000 ) ) ;
#2893 = AXIS2_PLACEMENT_3D ( 'NONE', #5302, #6302, #9314 ) ;
#2894 = CIRCLE ( 'NONE', #7455, 0.1499999999999999667 ) ;
#2895 = EDGE_LOOP ( 'NONE', ( #2801, #6667, #5670 ) ) ;
#2896 = CARTESIAN_POINT ( 'NONE',  ( -1.249999999999999778, 0.1499999999999999944, 2.250000000000000444 ) ) ;
#2897 = AXIS2_PLACEMENT_3D ( 'NONE', #1457, #12340, #2491 ) ;
#2898 = CARTESIAN_POINT ( 'NONE',  ( -2.250000000000000000, 0.1499999999999999944, -2.249999999999999556 ) ) ;
#2899 = EDGE_CURVE ( 'NONE', #10807, #8964, #6539, .T. ) ;
#2900 = VERTEX_POINT ( 'NONE', #726 ) ;
#2901 = CARTESIAN_POINT ( 'NONE',  ( -2.250000000000000000, 0.2699999999999994071, -0.1599999999999991152 ) ) ;
#2902 = CIRCLE ( 'NONE', #3747, 0.08999999999999980238 ) ;
#2903 = ADVANCED_FACE ( 'NONE', ( #2397 ), #12675, .T. ) ;
#2904 = AXIS2_PLACEMENT_3D ( 'NONE', #3032, #5051, #6044 ) ;
#2905 = VERTEX_POINT ( 'NONE', #572 ) ;
#2906 = CIRCLE ( 'NONE', #6151, 0.1499999999999999667 ) ;
#2907 = DIRECTION ( 'NONE',  ( -0.000000000000000000, 1.000000000000000000, -0.000000000000000000 ) ) ;
#2908 = PRESENTATION_LAYER_ASSIGNMENT (  '', '', ( #1081 ) ) ;
#2909 = AXIS2_PLACEMENT_3D ( 'NONE', #3079, #4075, #10102 ) ;
#2910 = UNCERTAINTY_MEASURE_WITH_UNIT (LENGTH_MEASURE( 1.000000000000000082E-05 ), #10183, 'distance_accuracy_value', 'NONE');
#2911 = ORIENTED_EDGE ( 'NONE', *, *, #11049, .T. ) ;
#2912 = UNCERTAINTY_MEASURE_WITH_UNIT (LENGTH_MEASURE( 1.000000000000000082E-05 ), #5046, 'distance_accuracy_value', 'NONE');
#2913 = DIRECTION ( 'NONE',  ( -0.000000000000000000, 1.000000000000000000, -0.000000000000000000 ) ) ;
#2914 = AXIS2_PLACEMENT_3D ( 'NONE', #10926, #1931, #9757 ) ;
#2915 = ORIENTED_EDGE ( 'NONE', *, *, #672, .T. ) ;
#2916 = ADVANCED_FACE ( 'NONE', ( #6646 ), #11085, .T. ) ;
#2917 = ADVANCED_FACE ( 'NONE', ( #2260 ), #2762, .T. ) ;
#2918 = FILL_AREA_STYLE_COLOUR ( '', #10342 ) ;
#2919 = EDGE_CURVE ( 'NONE', #3049, #2881, #10977, .T. ) ;
#2920 =( NAMED_UNIT ( * ) PLANE_ANGLE_UNIT ( ) SI_UNIT ( $, .RADIAN. ) );
#2921 = VECTOR ( 'NONE', #9985, 1000.000000000000000 ) ;
#2922 =( GEOMETRIC_REPRESENTATION_CONTEXT ( 3 ) GLOBAL_UNCERTAINTY_ASSIGNED_CONTEXT ( ( #6750 ) ) GLOBAL_UNIT_ASSIGNED_CONTEXT ( ( #10253, #6323, #11326 ) ) REPRESENTATION_CONTEXT ( 'NONE', 'WORKASPACE' ) );
#2923 = VERTEX_POINT ( 'NONE', #6773 ) ;
#2924 = CARTESIAN_POINT ( 'NONE',  ( -1.749999999999999778, 0.1499999999999999944, -1.749999999999999334 ) ) ;
#2925 = CARTESIAN_POINT ( 'NONE',  ( -2.750000000000000000, 0.2699999999999994071, -0.2499999999999989175 ) ) ;
#2926 = SURFACE_SIDE_STYLE ('',( #7086 ) ) ;
#2927 = EDGE_CURVE ( 'NONE', #6830, #10413, #6583, .T. ) ;
#2928 = CARTESIAN_POINT ( 'NONE',  ( 0.7500000000000002220, 0.1499999999999999944, 3.250000000000001332 ) ) ;
#2929 = ADVANCED_FACE ( 'NONE', ( #2375 ), #9783, .T. ) ;
#2930 = CLOSED_SHELL ( 'NONE', ( #11672, #5960, #7728 ) ) ;
#2931 = DIRECTION ( 'NONE',  ( 1.000000000000000000, 0.000000000000000000, -0.000000000000000000 ) ) ;
#2932 = FILL_AREA_STYLE_COLOUR ( '', #12096 ) ;
#2933 = MANIFOLD_SOLID_BREP ( 'LPattern1[193]', #9352 ) ;
#2934 = SPHERICAL_SURFACE ( 'NONE', #4509, 0.1499999999999998557 ) ;
#2935 = EDGE_LOOP ( 'NONE', ( #2728, #117 ) ) ;
#2936 = SPHERICAL_SURFACE ( 'NONE', #9534, 0.1499999999999998557 ) ;
#2937 = PRESENTATION_LAYER_ASSIGNMENT (  '', '', ( #11844 ) ) ;
#2938 = FACE_OUTER_BOUND ( 'NONE', #7736, .T. ) ;
#2939 = VERTEX_POINT ( 'NONE', #1152 ) ;
#2940 = PLANE ( 'NONE',  #7146 ) ;
#2941 = PLANE ( 'NONE',  #3473 ) ;
#2942 = VERTEX_POINT ( 'NONE', #7119 ) ;
#2943 = DIRECTION ( 'NONE',  ( 1.000000000000000000, 0.000000000000000000, 1.224646799147353207E-16 ) ) ;
#2944 = CARTESIAN_POINT ( 'NONE',  ( -2.250000000000000000, 0.2699999999999994071, 2.160000000000000586 ) ) ;
#2945 = STYLED_ITEM ( 'NONE', ( #9085 ), #3988 ) ;
#2946 = DIRECTION ( 'NONE',  ( 0.000000000000000000, 0.000000000000000000, 1.000000000000000000 ) ) ;
#2947 =( LENGTH_UNIT ( ) NAMED_UNIT ( * ) SI_UNIT ( .MILLI., .METRE. ) );
#2948 = FACE_OUTER_BOUND ( 'NONE', #12466, .T. ) ;
#2949 = CARTESIAN_POINT ( 'NONE',  ( 1.250000000000000666, 0.2699999999999994071, 2.840000000000001190 ) ) ;
#2950 = DIRECTION ( 'NONE',  ( -0.000000000000000000, 1.000000000000000000, 0.000000000000000000 ) ) ;
#2951 =( NAMED_UNIT ( * ) PLANE_ANGLE_UNIT ( ) SI_UNIT ( $, .RADIAN. ) );
#2952 = PRESENTATION_LAYER_ASSIGNMENT (  '', '', ( #673 ) ) ;
#2953 = VERTEX_POINT ( 'NONE', #11976 ) ;
#2954 = CARTESIAN_POINT ( 'NONE',  ( -1.749999999999999778, 0.1499999999999999944, 3.250000000000001332 ) ) ;
#2955 = ADVANCED_FACE ( 'NONE', ( #10870 ), #6865, .T. ) ;
#2956 = FACE_OUTER_BOUND ( 'NONE', #321, .T. ) ;
#2957 = ORIENTED_EDGE ( 'NONE', *, *, #4477, .F. ) ;
#2958 = ORIENTED_EDGE ( 'NONE', *, *, #6026, .T. ) ;
#2959 = AXIS2_PLACEMENT_3D ( 'NONE', #890, #2838, #4860 ) ;
#2960 = MANIFOLD_SOLID_BREP ( 'LPattern1[182]', #70 ) ;
#2961 = AXIS2_PLACEMENT_3D ( 'NONE', #11364, #11452, #12364 ) ;
#2962 = CARTESIAN_POINT ( 'NONE',  ( 1.250000000000000666, 0.1499999999999999944, 2.750000000000000888 ) ) ;
#2963 = AXIS2_PLACEMENT_3D ( 'NONE', #6025, #7862, #4008 ) ;
#2964 = ORIENTED_EDGE ( 'NONE', *, *, #6235, .F. ) ;
#2965 = DIRECTION ( 'NONE',  ( 0.000000000000000000, 0.000000000000000000, 1.000000000000000000 ) ) ;
#2966 = DIRECTION ( 'NONE',  ( 1.000000000000000000, 0.000000000000000000, -0.000000000000000000 ) ) ;
#2967 = DIRECTION ( 'NONE',  ( -0.000000000000000000, 1.000000000000000000, -0.000000000000000000 ) ) ;
#2968 = DIRECTION ( 'NONE',  ( -0.000000000000000000, 1.000000000000000000, 0.000000000000000000 ) ) ;
#2969 = DIRECTION ( 'NONE',  ( 1.000000000000000000, 0.000000000000000000, -0.000000000000000000 ) ) ;
#2970 = ORIENTED_EDGE ( 'NONE', *, *, #11824, .F. ) ;
#2971 = CARTESIAN_POINT ( 'NONE',  ( -2.250000000000000000, 0.2699999999999994071, 0.3400000000000010236 ) ) ;
#2972 = CIRCLE ( 'NONE', #12842, 0.1499999999999998557 ) ;
#2973 = EDGE_CURVE ( 'NONE', #7012, #10451, #6629, .T. ) ;
#2974 = DIRECTION ( 'NONE',  ( 0.000000000000000000, 0.000000000000000000, 1.000000000000000000 ) ) ;
#2975 = SURFACE_STYLE_FILL_AREA ( #4740 ) ;
#2976 = AXIS2_PLACEMENT_3D ( 'NONE', #8289, #2366, #9290 ) ;
#2977 =( NAMED_UNIT ( * ) PLANE_ANGLE_UNIT ( ) SI_UNIT ( $, .RADIAN. ) );
#2978 = FACE_OUTER_BOUND ( 'NONE', #5675, .T. ) ;
#2979 = DIRECTION ( 'NONE',  ( 0.000000000000000000, 0.000000000000000000, 1.000000000000000000 ) ) ;
#2980 = DIRECTION ( 'NONE',  ( 0.000000000000000000, 0.000000000000000000, 1.000000000000000000 ) ) ;
#2981 = EDGE_LOOP ( 'NONE', ( #273, #9488, #2145 ) ) ;
#2982 = DIRECTION ( 'NONE',  ( 0.000000000000000000, 0.000000000000000000, 1.000000000000000000 ) ) ;
#2983 = DIRECTION ( 'NONE',  ( 0.000000000000000000, 0.000000000000000000, 1.000000000000000000 ) ) ;
#2984 = PRESENTATION_LAYER_ASSIGNMENT (  '', '', ( #230 ) ) ;
#2985 = CARTESIAN_POINT ( 'NONE',  ( -5.750000000000001776, -17.35655495770977907, -6.500000000000000000 ) ) ;
#2986 = PRESENTATION_STYLE_ASSIGNMENT (( #9101 ) ) ;
#2987 = VERTEX_POINT ( 'NONE', #10056 ) ;
#2988 = SURFACE_SIDE_STYLE ('',( #4104 ) ) ;
#2989 = CARTESIAN_POINT ( 'NONE',  ( -0.2499999999999997780, 0.2699999999999994071, 2.250000000000000888 ) ) ;
#2990 = FACE_OUTER_BOUND ( 'NONE', #10057, .T. ) ;
#2991 =( GEOMETRIC_REPRESENTATION_CONTEXT ( 3 ) GLOBAL_UNCERTAINTY_ASSIGNED_CONTEXT ( ( #10119 ) ) GLOBAL_UNIT_ASSIGNED_CONTEXT ( ( #10036, #10675, #10927 ) ) REPRESENTATION_CONTEXT ( 'NONE', 'WORKASPACE' ) );
#2992 = ORIENTED_EDGE ( 'NONE', *, *, #5787, .F. ) ;
#2993 = DIRECTION ( 'NONE',  ( 0.000000000000000000, 0.000000000000000000, 1.000000000000000000 ) ) ;
#2994 = FACE_OUTER_BOUND ( 'NONE', #7852, .T. ) ;
#2995 = EDGE_CURVE ( 'NONE', #10385, #9505, #6908, .T. ) ;
#2996 = VERTEX_POINT ( 'NONE', #12763 ) ;
#2997 = AXIS2_PLACEMENT_3D ( 'NONE', #9588, #2490, #9267 ) ;
#2998 = AXIS2_PLACEMENT_3D ( 'NONE', #12595, #1056, #2845 ) ;
#2999 = AXIS2_PLACEMENT_3D ( 'NONE', #2049, #7974, #10959 ) ;
#3000 = ORIENTED_EDGE ( 'NONE', *, *, #4145, .F. ) ;
#3001 = CIRCLE ( 'NONE', #2959, 0.4312500000000001887 ) ;
#3002 = VERTEX_POINT ( 'NONE', #6851 ) ;
#3003 = PRESENTATION_LAYER_ASSIGNMENT (  '', '', ( #2836 ) ) ;
#3004 = CIRCLE ( 'NONE', #8911, 0.1499999999999999667 ) ;
#3005 = DIRECTION ( 'NONE',  ( 0.000000000000000000, 0.000000000000000000, -1.000000000000000000 ) ) ;
#3006 = CARTESIAN_POINT ( 'NONE',  ( 3.250000000000000888, 0.2699999999999994071, -1.249999999999998890 ) ) ;
#3007 = ORIENTED_EDGE ( 'NONE', *, *, #10344, .T. ) ;
#3008 = FILL_AREA_STYLE ('',( #4942 ) ) ;
#3009 = MECHANICAL_DESIGN_GEOMETRIC_PRESENTATION_REPRESENTATION (  '', ( #8326 ), #7863 ) ;
#3010 = CARTESIAN_POINT ( 'NONE',  ( -3.250000000000000000, 1.355252715606880543E-16, -1.749999999999999334 ) ) ;
#3011 = CARTESIAN_POINT ( 'NONE',  ( 3.250000000000000888, 0.1499999999999999944, 0.2500000000000006661 ) ) ;
#3012 = CIRCLE ( 'NONE', #7478, 0.1499999999999999667 ) ;
#3013 = CLOSED_SHELL ( 'NONE', ( #10953, #1357, #11161 ) ) ;
#3014 = FILL_AREA_STYLE_COLOUR ( '', #12764 ) ;
#3015 =( LENGTH_UNIT ( ) NAMED_UNIT ( * ) SI_UNIT ( .MILLI., .METRE. ) );
#3016 = CARTESIAN_POINT ( 'NONE',  ( -2.250000000000000000, 0.1499999999999999944, -1.249999999999999334 ) ) ;
#3017 = PRESENTATION_STYLE_ASSIGNMENT (( #11298 ) ) ;
#3018 = VERTEX_POINT ( 'NONE', #976 ) ;
#3019 = DIRECTION ( 'NONE',  ( 1.000000000000000000, 0.000000000000000000, 1.224646799147353207E-16 ) ) ;
#3020 = DIRECTION ( 'NONE',  ( -0.000000000000000000, 1.000000000000000000, 0.000000000000000000 ) ) ;
#3021 = ADVANCED_FACE ( 'NONE', ( #10952 ), #11227, .T. ) ;
#3022 = ORIENTED_EDGE ( 'NONE', *, *, #1399, .F. ) ;
#3023 = PRESENTATION_LAYER_ASSIGNMENT (  '', '', ( #11444 ) ) ;
#3024 = COLOUR_RGB ( '',0.7921568627450980005, 0.8196078431372548767, 0.9333333333333333481 ) ;
#3025 = EDGE_LOOP ( 'NONE', ( #2479, #7242, #3657 ) ) ;
#3026 = AXIS2_PLACEMENT_3D ( 'NONE', #3180, #10200, #4167 ) ;
#3027 = DIRECTION ( 'NONE',  ( 1.000000000000000000, 0.000000000000000000, 1.224646799147353207E-16 ) ) ;
#3028 = CIRCLE ( 'NONE', #6950, 0.08999999999999980238 ) ;
#3029 = ORIENTED_EDGE ( 'NONE', *, *, #7939, .T. ) ;
#3030 = ADVANCED_FACE ( 'NONE', ( #6517 ), #10826, .T. ) ;
#3031 = ADVANCED_FACE ( 'NONE', ( #2244 ), #11024, .T. ) ;
#3032 = CARTESIAN_POINT ( 'NONE',  ( 5.749999999999998224, -17.35655495770977907, 6.500000000000000000 ) ) ;
#3033 = CARTESIAN_POINT ( 'NONE',  ( -1.249999999999999778, 0.2699999999999994071, 1.340000000000001412 ) ) ;
#3034 = AXIS2_PLACEMENT_3D ( 'NONE', #10778, #11698, #9521 ) ;
#3035 = VERTEX_POINT ( 'NONE', #10867 ) ;
#3036 =( NAMED_UNIT ( * ) SI_UNIT ( $, .STERADIAN. ) SOLID_ANGLE_UNIT ( ) );
#3037 = DIRECTION ( 'NONE',  ( 0.000000000000000000, 0.000000000000000000, 1.000000000000000000 ) ) ;
#3038 = CARTESIAN_POINT ( 'NONE',  ( -0.7499999999999997780, 0.1499999999999999944, 2.750000000000000888 ) ) ;
#3039 = CARTESIAN_POINT ( 'NONE',  ( -1.249999999999999778, 0.1499999999999999944, 0.7500000000000006661 ) ) ;
#3040 = CARTESIAN_POINT ( 'NONE',  ( -4.312500000000001776, 0.6999999999999999556, -5.493749999999999467 ) ) ;
#3041 = DIRECTION ( 'NONE',  ( 0.000000000000000000, 0.000000000000000000, 1.000000000000000000 ) ) ;
#3042 =( GEOMETRIC_REPRESENTATION_CONTEXT ( 3 ) GLOBAL_UNCERTAINTY_ASSIGNED_CONTEXT ( ( #12185 ) ) GLOBAL_UNIT_ASSIGNED_CONTEXT ( ( #7866, #10936, #2569 ) ) REPRESENTATION_CONTEXT ( 'NONE', 'WORKASPACE' ) );
#3043 = ADVANCED_FACE ( 'NONE', ( #2487 ), #11044, .T. ) ;
#3044 =( NAMED_UNIT ( * ) SI_UNIT ( $, .STERADIAN. ) SOLID_ANGLE_UNIT ( ) );
#3045 = EDGE_LOOP ( 'NONE', ( #9742, #12423, #6890 ) ) ;
#3046 = DIRECTION ( 'NONE',  ( 1.000000000000000000, 0.000000000000000000, -0.000000000000000000 ) ) ;
#3047 = EDGE_LOOP ( 'NONE', ( #777, #5651, #785 ) ) ;
#3048 = SPHERICAL_SURFACE ( 'NONE', #11693, 0.1499999999999998557 ) ;
#3049 = VERTEX_POINT ( 'NONE', #7036 ) ;
#3050 =( GEOMETRIC_REPRESENTATION_CONTEXT ( 3 ) GLOBAL_UNCERTAINTY_ASSIGNED_CONTEXT ( ( #6600 ) ) GLOBAL_UNIT_ASSIGNED_CONTEXT ( ( #10672, #1443, #7332 ) ) REPRESENTATION_CONTEXT ( 'NONE', 'WORKASPACE' ) );
#3051 = ORIENTED_EDGE ( 'NONE', *, *, #5272, .T. ) ;
#3052 = EDGE_CURVE ( 'NONE', #12335, #977, #6746, .T. ) ;
#3053 = CARTESIAN_POINT ( 'NONE',  ( -2.750000000000000000, 0.2699999999999994071, -0.1599999999999989764 ) ) ;
#3054 = FACE_OUTER_BOUND ( 'NONE', #11746, .T. ) ;
#3055 = VERTEX_POINT ( 'NONE', #12853 ) ;
#3056 = AXIS2_PLACEMENT_3D ( 'NONE', #5362, #11361, #4522 ) ;
#3057 = AXIS2_PLACEMENT_3D ( 'NONE', #843, #11473, #11646 ) ;
#3058 = EDGE_CURVE ( 'NONE', #7769, #5512, #6788, .T. ) ;
#3059 = SURFACE_STYLE_USAGE ( .BOTH. , #277 ) ;
#3060 = CLOSED_SHELL ( 'NONE', ( #297, #259, #8040 ) ) ;
#3061 = DIRECTION ( 'NONE',  ( 0.000000000000000000, 0.000000000000000000, 1.000000000000000000 ) ) ;
#3062 = CIRCLE ( 'NONE', #12394, 0.1499999999999999667 ) ;
#3063 = MANIFOLD_SOLID_BREP ( 'LPattern1[82]', #12407 ) ;
#3064 = DIRECTION ( 'NONE',  ( -0.000000000000000000, 1.000000000000000000, 0.000000000000000000 ) ) ;
#3065 = PRESENTATION_LAYER_ASSIGNMENT (  '', '', ( #5552 ) ) ;
#3066 = CIRCLE ( 'NONE', #7564, 0.1499999999999998557 ) ;
#3067 = PLANE ( 'NONE',  #3423 ) ;
#3068 = ADVANCED_FACE ( 'NONE', ( #7290 ), #12086, .T. ) ;
#3069 = VERTEX_POINT ( 'NONE', #11835 ) ;
#3070 = EDGE_CURVE ( 'NONE', #5832, #8052, #11493, .T. ) ;
#3071 = DIRECTION ( 'NONE',  ( -1.000000000000000000, 0.000000000000000000, 0.000000000000000000 ) ) ;
#3072 = ORIENTED_EDGE ( 'NONE', *, *, #6616, .T. ) ;
#3073 = COLOUR_RGB ( '',0.7921568627450980005, 0.8196078431372548767, 0.9333333333333333481 ) ;
#3074 = DIRECTION ( 'NONE',  ( 0.000000000000000000, 0.000000000000000000, 1.000000000000000000 ) ) ;
#3075 = CARTESIAN_POINT ( 'NONE',  ( 2.250000000000000000, 1.355252715606880543E-16, -0.2499999999999993616 ) ) ;
#3076 = ADVANCED_FACE ( 'NONE', ( #11288 ), #6981, .T. ) ;
#3077 = DIRECTION ( 'NONE',  ( 1.000000000000000000, 0.000000000000000000, 1.224646799147353207E-16 ) ) ;
#3078 = VERTEX_POINT ( 'NONE', #188 ) ;
#3079 = CARTESIAN_POINT ( 'NONE',  ( -1.249999999999999778, 0.1499999999999999944, -0.7499999999999993339 ) ) ;
#3080 = SPHERICAL_SURFACE ( 'NONE', #12442, 0.1499999999999998557 ) ;
#3081 = VERTEX_POINT ( 'NONE', #2971 ) ;
#3082 = AXIS2_PLACEMENT_3D ( 'NONE', #3783, #10784, #905 ) ;
#3083 = DIRECTION ( 'NONE',  ( 0.000000000000000000, 0.000000000000000000, 1.000000000000000000 ) ) ;
#3084 = UNCERTAINTY_MEASURE_WITH_UNIT (LENGTH_MEASURE( 1.000000000000000082E-05 ), #9180, 'distance_accuracy_value', 'NONE');
#3085 = ORIENTED_EDGE ( 'NONE', *, *, #325, .T. ) ;
#3086 = AXIS2_PLACEMENT_3D ( 'NONE', #12791, #2791, #6882 ) ;
#3087 = EDGE_CURVE ( 'NONE', #9778, #7092, #7354, .T. ) ;
#3088 = SURFACE_SIDE_STYLE ('',( #10231 ) ) ;
#3089 = DIRECTION ( 'NONE',  ( 0.000000000000000000, 0.000000000000000000, 1.000000000000000000 ) ) ;
#3090 = EDGE_CURVE ( 'NONE', #3728, #2251, #7153, .T. ) ;
#3091 = ORIENTED_EDGE ( 'NONE', *, *, #9636, .F. ) ;
#3093 = ORIENTED_EDGE ( 'NONE', *, *, #11877, .F. ) ;
#3092 = DIRECTION ( 'NONE',  ( 1.000000000000000000, 0.000000000000000000, 1.224646799147353207E-16 ) ) ;
#3094 = EDGE_CURVE ( 'NONE', #4242, #10668, #11429, .T. ) ;
#3095 = EDGE_LOOP ( 'NONE', ( #7030, #5725 ) ) ;
#3096 = PRESENTATION_LAYER_ASSIGNMENT (  '', '', ( #11818 ) ) ;
#3097 = FILL_AREA_STYLE ('',( #2283 ) ) ;
#3098 = DIRECTION ( 'NONE',  ( 0.000000000000000000, 0.000000000000000000, 1.000000000000000000 ) ) ;
#3099 = EDGE_LOOP ( 'NONE', ( #4309, #1818, #10598 ) ) ;
#3100 = SPHERICAL_SURFACE ( 'NONE', #1626, 0.1499999999999998557 ) ;
#3101 = SURFACE_STYLE_USAGE ( .BOTH. , #1142 ) ;
#3102 = CARTESIAN_POINT ( 'NONE',  ( -1.249999999999999778, 1.355252715606880543E-16, 1.250000000000001110 ) ) ;
#3103 = CARTESIAN_POINT ( 'NONE',  ( 2.250000000000000000, 0.1499999999999999944, 0.2500000000000006661 ) ) ;
#3104 = PLANE ( 'NONE',  #12841 ) ;
#3105 = PRESENTATION_STYLE_ASSIGNMENT (( #9050 ) ) ;
#3106 = AXIS2_PLACEMENT_3D ( 'NONE', #4654, #9741, #8486 ) ;
#3107 = AXIS2_PLACEMENT_3D ( 'NONE', #6654, #2634, #4555 ) ;
#3108 = EDGE_LOOP ( 'NONE', ( #479, #9187, #12339 ) ) ;
#3109 = DIRECTION ( 'NONE',  ( -0.000000000000000000, 1.000000000000000000, -0.000000000000000000 ) ) ;
#3110 = DIRECTION ( 'NONE',  ( 0.000000000000000000, 1.000000000000000000, 0.000000000000000000 ) ) ;
#3111 = ORIENTED_EDGE ( 'NONE', *, *, #6901, .F. ) ;
#3112 = VERTEX_POINT ( 'NONE', #1102 ) ;
#3113 = CIRCLE ( 'NONE', #5957, 0.08999999999999980238 ) ;
#3114 = CARTESIAN_POINT ( 'NONE',  ( 2.250000000000000000, 0.1499999999999999944, 0.7500000000000006661 ) ) ;
#3115 = AXIS2_PLACEMENT_3D ( 'NONE', #405, #1322, #12050 ) ;
#3116 = ORIENTED_EDGE ( 'NONE', *, *, #3396, .T. ) ;
#3117 = EDGE_CURVE ( 'NONE', #6114, #9307, #2657, .T. ) ;
#3118 = DIRECTION ( 'NONE',  ( 0.000000000000000000, 0.000000000000000000, 1.000000000000000000 ) ) ;
#3119 = CIRCLE ( 'NONE', #5152, 0.1499999999999999667 ) ;
#3120 = VERTEX_POINT ( 'NONE', #7995 ) ;
#3121 = SPHERICAL_SURFACE ( 'NONE', #10775, 0.1499999999999998557 ) ;
#3122 = SURFACE_SIDE_STYLE ('',( #3558 ) ) ;
#3123 = DIRECTION ( 'NONE',  ( -0.000000000000000000, 1.000000000000000000, -0.000000000000000000 ) ) ;
#3124 = AXIS2_PLACEMENT_3D ( 'NONE', #5305, #2230, #3218 ) ;
#3125 = DIRECTION ( 'NONE',  ( 0.000000000000000000, 0.000000000000000000, 1.000000000000000000 ) ) ;
#3126 = CARTESIAN_POINT ( 'NONE',  ( 2.750000000000000444, 0.2699999999999994071, 1.750000000000001110 ) ) ;
#3127 = CARTESIAN_POINT ( 'NONE',  ( 2.750000000000000444, 0.2699999999999994071, -3.249999999999999112 ) ) ;
#3128 = FILL_AREA_STYLE_COLOUR ( '', #6393 ) ;
#3129 = VERTEX_POINT ( 'NONE', #7158 ) ;
#3130 =( NAMED_UNIT ( * ) SI_UNIT ( $, .STERADIAN. ) SOLID_ANGLE_UNIT ( ) );
#3131 = FACE_OUTER_BOUND ( 'NONE', #12822, .T. ) ;
#3132 = ADVANCED_FACE ( 'NONE', ( #2724 ), #10901, .F. ) ;
#3133 = ORIENTED_EDGE ( 'NONE', *, *, #12762, .F. ) ;
#3134 = ORIENTED_EDGE ( 'NONE', *, *, #5073, .F. ) ;
#3135 = FACE_OUTER_BOUND ( 'NONE', #3321, .T. ) ;
#3136 = MANIFOLD_SOLID_BREP ( 'LPattern1[93]', #3215 ) ;
#3137 = EDGE_CURVE ( 'NONE', #1119, #1276, #7004, .T. ) ;
#3138 = ORIENTED_EDGE ( 'NONE', *, *, #6662, .F. ) ;
#3139 = ADVANCED_FACE ( 'NONE', ( #11270 ), #4228, .T. ) ;
#3140 = ADVANCED_FACE ( 'NONE', ( #2679 ), #11316, .T. ) ;
#3141 = MECHANICAL_DESIGN_GEOMETRIC_PRESENTATION_REPRESENTATION (  '', ( #847 ), #5488 ) ;
#3142 = DIRECTION ( 'NONE',  ( 0.000000000000000000, 0.000000000000000000, 1.000000000000000000 ) ) ;
#3143 = CIRCLE ( 'NONE', #6819, 0.1499999999999999667 ) ;
#3144 = EDGE_CURVE ( 'NONE', #6873, #3162, #7199, .T. ) ;
#3145 = CLOSED_SHELL ( 'NONE', ( #2004, #3857, #9926 ) ) ;
#3146 = CIRCLE ( 'NONE', #10612, 0.08999999999999980238 ) ;
#3147 = PRESENTATION_LAYER_ASSIGNMENT (  '', '', ( #11402 ) ) ;
#3148 = SPHERICAL_SURFACE ( 'NONE', #12023, 0.1499999999999998557 ) ;
#3149 = CARTESIAN_POINT ( 'NONE',  ( 2.250000000000000000, 0.2699999999999994071, 0.3400000000000009126 ) ) ;
#3150 = AXIS2_PLACEMENT_3D ( 'NONE', #1447, #2565, #7336 ) ;
#3151 = ADVANCED_FACE ( 'NONE', ( #7067 ), #2936, .T. ) ;
#3152 = CARTESIAN_POINT ( 'NONE',  ( -0.7499999999999997780, 0.2699999999999994071, 1.340000000000001412 ) ) ;
#3153 = EDGE_LOOP ( 'NONE', ( #2272, #1735, #6298 ) ) ;
#3154 = DIRECTION ( 'NONE',  ( 1.000000000000000000, 0.000000000000000000, -0.000000000000000000 ) ) ;
#3155 = VECTOR ( 'NONE', #5023, 1000.000000000000000 ) ;
#3156 = DIRECTION ( 'NONE',  ( -1.000000000000000000, 0.000000000000000000, 0.000000000000000000 ) ) ;
#3157 = DIRECTION ( 'NONE',  ( -0.000000000000000000, 1.000000000000000000, -0.000000000000000000 ) ) ;
#3158 = ORIENTED_EDGE ( 'NONE', *, *, #7171, .F. ) ;
#3159 = STYLED_ITEM ( 'NONE', ( #12352 ), #6042 ) ;
#3160 = CARTESIAN_POINT ( 'NONE',  ( -2.750000000000000000, 0.2699999999999994071, 2.250000000000000888 ) ) ;
#3161 =( NAMED_UNIT ( * ) PLANE_ANGLE_UNIT ( ) SI_UNIT ( $, .RADIAN. ) );
#3162 = VERTEX_POINT ( 'NONE', #3591 ) ;
#3163 = CARTESIAN_POINT ( 'NONE',  ( -2.750000000000000000, 0.2699999999999994071, 3.160000000000001474 ) ) ;
#3164 = DIRECTION ( 'NONE',  ( 0.000000000000000000, 0.000000000000000000, 1.000000000000000000 ) ) ;
#3165 = FILL_AREA_STYLE_COLOUR ( '', #6458 ) ;
#3166 = CIRCLE ( 'NONE', #11321, 0.08999999999999980238 ) ;
#3167 = ORIENTED_EDGE ( 'NONE', *, *, #6219, .F. ) ;
#3168 = STYLED_ITEM ( 'NONE', ( #7238 ), #5122 ) ;
#3169 = CLOSED_SHELL ( 'NONE', ( #1014, #8188, #8875 ) ) ;
#3170 = SPHERICAL_SURFACE ( 'NONE', #12192, 0.1499999999999998557 ) ;
#3171 = PRESENTATION_LAYER_ASSIGNMENT (  '', '', ( #10029 ) ) ;
#3172 = EDGE_CURVE ( 'NONE', #1989, #7444, #7266, .T. ) ;
#3173 = DIRECTION ( 'NONE',  ( 0.000000000000000000, 0.000000000000000000, 1.000000000000000000 ) ) ;
#3175 = ADVANCED_FACE ( 'NONE', ( #11380 ), #7312, .T. ) ;
#3174 = PRESENTATION_LAYER_ASSIGNMENT (  '', '', ( #716 ) ) ;
#3176 = CIRCLE ( 'NONE', #7340, 0.08999999999999980238 ) ;
#3177 = VERTEX_POINT ( 'NONE', #11238 ) ;
#3178 = DIRECTION ( 'NONE',  ( 0.000000000000000000, 0.000000000000000000, 1.000000000000000000 ) ) ;
#3179 =( LENGTH_UNIT ( ) NAMED_UNIT ( * ) SI_UNIT ( .MILLI., .METRE. ) );
#3180 = CARTESIAN_POINT ( 'NONE',  ( -0.7499999999999997780, 0.1499999999999999944, -2.249999999999999556 ) ) ;
#3181 = EDGE_LOOP ( 'NONE', ( #9403, #4981 ) ) ;
#3183 = ORIENTED_EDGE ( 'NONE', *, *, #1749, .T. ) ;
#3182 = CARTESIAN_POINT ( 'NONE',  ( 2.750000000000000444, 0.2699999999999994071, 0.1600000000000007250 ) ) ;
#3184 = CIRCLE ( 'NONE', #12796, 0.08999999999999980238 ) ;
#3185 = SURFACE_SIDE_STYLE ('',( #6102 ) ) ;
#3186 = DIRECTION ( 'NONE',  ( -0.000000000000000000, 1.000000000000000000, 0.000000000000000000 ) ) ;
#3187 = ADVANCED_FACE ( 'NONE', ( #11623 ), #7380, .T. ) ;
#3188 = FACE_OUTER_BOUND ( 'NONE', #10658, .T. ) ;
#3189 = ORIENTED_EDGE ( 'NONE', *, *, #3409, .T. ) ;
#3190 = DIRECTION ( 'NONE',  ( 0.000000000000000000, 0.000000000000000000, 1.000000000000000000 ) ) ;
#3191 =( NAMED_UNIT ( * ) SI_UNIT ( $, .STERADIAN. ) SOLID_ANGLE_UNIT ( ) );
#3192 = CIRCLE ( 'NONE', #6702, 0.08999999999999980238 ) ;
#3193 = EDGE_LOOP ( 'NONE', ( #6463, #10044, #1921 ) ) ;
#3194 = SURFACE_STYLE_FILL_AREA ( #11710 ) ;
#3195 = EDGE_CURVE ( 'NONE', #3270, #1613, #2784, .T. ) ;
#3196 =( NAMED_UNIT ( * ) SI_UNIT ( $, .STERADIAN. ) SOLID_ANGLE_UNIT ( ) );
#3197 = DIRECTION ( 'NONE',  ( 0.000000000000000000, 0.000000000000000000, 1.000000000000000000 ) ) ;
#3198 =( GEOMETRIC_REPRESENTATION_CONTEXT ( 3 ) GLOBAL_UNCERTAINTY_ASSIGNED_CONTEXT ( ( #9469 ) ) GLOBAL_UNIT_ASSIGNED_CONTEXT ( ( #1029, #4929, #5926 ) ) REPRESENTATION_CONTEXT ( 'NONE', 'WORKASPACE' ) );
#3199 = SPHERICAL_SURFACE ( 'NONE', #5013, 0.1499999999999998557 ) ;
#3200 = EDGE_CURVE ( 'NONE', #7487, #11740, #7108, .T. ) ;
#3201 = AXIS2_PLACEMENT_3D ( 'NONE', #8089, #4826, #9923 ) ;
#3202 = EDGE_LOOP ( 'NONE', ( #3225, #7468 ) ) ;
#3203 = AXIS2_PLACEMENT_3D ( 'NONE', #6657, #7679, #1661 ) ;
#3204 = PRESENTATION_STYLE_ASSIGNMENT (( #11414 ) ) ;
#3205 = CARTESIAN_POINT ( 'NONE',  ( -4.312500000000001776, 0.6999999999999999556, -5.493749999999999467 ) ) ;
#3206 = ORIENTED_EDGE ( 'NONE', *, *, #6382, .F. ) ;
#3207 = AXIS2_PLACEMENT_3D ( 'NONE', #7269, #10280, #5102 ) ;
#3208 = EDGE_LOOP ( 'NONE', ( #12624, #6809 ) ) ;
#3209 = EDGE_CURVE ( 'NONE', #10812, #7026, #3004, .T. ) ;
#3210 = VERTEX_POINT ( 'NONE', #7426 ) ;
#3211 = AXIS2_PLACEMENT_3D ( 'NONE', #2924, #7951, #967 ) ;
#3212 = CARTESIAN_POINT ( 'NONE',  ( -3.250000000000000000, 0.1499999999999999944, -2.749999999999999556 ) ) ;
#3213 = AXIS2_PLACEMENT_3D ( 'NONE', #4496, #11248, #4324 ) ;
#3214 = DIRECTION ( 'NONE',  ( 0.000000000000000000, 0.000000000000000000, 1.000000000000000000 ) ) ;
#3215 = CLOSED_SHELL ( 'NONE', ( #8086, #6065, #1100 ) ) ;
#3216 = CIRCLE ( 'NONE', #2676, 0.1499999999999999667 ) ;
#3217 =( NAMED_UNIT ( * ) SI_UNIT ( $, .STERADIAN. ) SOLID_ANGLE_UNIT ( ) );
#3218 = DIRECTION ( 'NONE',  ( 0.000000000000000000, 0.000000000000000000, -1.000000000000000000 ) ) ;
#3219 = DIRECTION ( 'NONE',  ( 0.000000000000000000, 0.000000000000000000, 1.000000000000000000 ) ) ;
#3220 = CARTESIAN_POINT ( 'NONE',  ( -1.749999999999999778, 0.1499999999999999944, 2.750000000000000888 ) ) ;
#3221 = SURFACE_STYLE_FILL_AREA ( #1253 ) ;
#3222 = FILL_AREA_STYLE_COLOUR ( '', #3243 ) ;
#3223 = AXIS2_PLACEMENT_3D ( 'NONE', #12288, #11035, #5203 ) ;
#3224 = AXIS2_PLACEMENT_3D ( 'NONE', #4751, #121, #7091 ) ;
#3225 = ORIENTED_EDGE ( 'NONE', *, *, #3899, .T. ) ;
#3226 = CARTESIAN_POINT ( 'NONE',  ( -3.250000000000000000, 0.1499999999999999944, -2.249999999999999556 ) ) ;
#3227 = EDGE_CURVE ( 'NONE', #706, #11583, #7331, .T. ) ;
#3228 = CIRCLE ( 'NONE', #6877, 0.1499999999999998557 ) ;
#3229 = AXIS2_PLACEMENT_3D ( 'NONE', #4735, #5747, #4468 ) ;
#3230 = ORIENTED_EDGE ( 'NONE', *, *, #4301, .F. ) ;
#3231 = AXIS2_PLACEMENT_3D ( 'NONE', #8629, #5469, #11290 ) ;
#3232 = EDGE_LOOP ( 'NONE', ( #1723, #1531, #8537 ) ) ;
#3233 = PLANE ( 'NONE',  #11244 ) ;
#3234 = EDGE_CURVE ( 'NONE', #2217, #12529, #11644, .T. ) ;
#3235 = AXIS2_PLACEMENT_3D ( 'NONE', #9681, #2664, #6688 ) ;
#3236 = COLOUR_RGB ( '',0.7921568627450980005, 0.8196078431372548767, 0.9333333333333333481 ) ;
#3237 = AXIS2_PLACEMENT_3D ( 'NONE', #2823, #6922, #11102 ) ;
#3238 = VERTEX_POINT ( 'NONE', #8422 ) ;
#3239 = MANIFOLD_SOLID_BREP ( 'LPattern1[128]', #6991 ) ;
#3240 = EDGE_CURVE ( 'NONE', #11740, #1035, #3323, .T. ) ;
#3241 = SURFACE_SIDE_STYLE ('',( #5920 ) ) ;
#3242 = MECHANICAL_DESIGN_GEOMETRIC_PRESENTATION_REPRESENTATION (  '', ( #8379 ), #12406 ) ;
#3243 = COLOUR_RGB ( '',0.7921568627450980005, 0.8196078431372548767, 0.9333333333333333481 ) ;
#3244 = AXIS2_PLACEMENT_3D ( 'NONE', #3667, #2907, #3915 ) ;
#3245 = VERTEX_POINT ( 'NONE', #11588 ) ;
#3246 = SPHERICAL_SURFACE ( 'NONE', #1320, 0.1499999999999998557 ) ;
#3247 = SPHERICAL_SURFACE ( 'NONE', #1141, 0.1499999999999998557 ) ;
#3248 = MANIFOLD_SOLID_BREP ( 'LPattern1[33]', #12284 ) ;
#3249 =( NAMED_UNIT ( * ) SI_UNIT ( $, .STERADIAN. ) SOLID_ANGLE_UNIT ( ) );
#3250 = PLANE ( 'NONE',  #6710 ) ;
#3251 = VERTEX_POINT ( 'NONE', #10673 ) ;
#3252 =( NAMED_UNIT ( * ) SI_UNIT ( $, .STERADIAN. ) SOLID_ANGLE_UNIT ( ) );
#3253 = CARTESIAN_POINT ( 'NONE',  ( -3.250000000000000000, 0.2699999999999994071, -3.159999999999999254 ) ) ;
#3254 = FACE_OUTER_BOUND ( 'NONE', #2895, .T. ) ;
#3255 = ADVANCED_FACE ( 'NONE', ( #12062 ), #4754, .T. ) ;
#3256 =( NAMED_UNIT ( * ) SI_UNIT ( $, .STERADIAN. ) SOLID_ANGLE_UNIT ( ) );
#3257 = ORIENTED_EDGE ( 'NONE', *, *, #5900, .F. ) ;
#3258 = ORIENTED_EDGE ( 'NONE', *, *, #5762, .T. ) ;
#3259 = SURFACE_STYLE_FILL_AREA ( #1686 ) ;
#3260 = DIRECTION ( 'NONE',  ( 0.000000000000000000, 0.000000000000000000, 1.000000000000000000 ) ) ;
#3261 = AXIS2_PLACEMENT_3D ( 'NONE', #3358, #10359, #1473 ) ;
#3262 = UNCERTAINTY_MEASURE_WITH_UNIT (LENGTH_MEASURE( 1.000000000000000082E-05 ), #766, 'distance_accuracy_value', 'NONE');
#3263 = FILL_AREA_STYLE_COLOUR ( '', #11027 ) ;
#3264 = UNCERTAINTY_MEASURE_WITH_UNIT (LENGTH_MEASURE( 1.000000000000000082E-05 ), #7082, 'distance_accuracy_value', 'NONE');
#3265 = ORIENTED_EDGE ( 'NONE', *, *, #444, .T. ) ;
#3266 = DIRECTION ( 'NONE',  ( 1.000000000000000000, 0.000000000000000000, -0.000000000000000000 ) ) ;
#3267 = PRESENTATION_LAYER_ASSIGNMENT (  '', '', ( #4488 ) ) ;
#3268 = ADVANCED_FACE ( 'NONE', ( #3135 ), #7815, .T. ) ;
#3269 = SPHERICAL_SURFACE ( 'NONE', #11042, 0.1499999999999998557 ) ;
#3270 = VERTEX_POINT ( 'NONE', #792 ) ;
#3271 = FACE_OUTER_BOUND ( 'NONE', #7074, .T. ) ;
#3272 = CARTESIAN_POINT ( 'NONE',  ( -0.2499999999999997780, 0.2699999999999994071, 1.250000000000001554 ) ) ;
#3273 = CARTESIAN_POINT ( 'NONE',  ( -2.750000000000000000, 0.1499999999999999944, -2.749999999999999556 ) ) ;
#3274 = ADVANCED_FACE ( 'NONE', ( #7587 ), #8667, .T. ) ;
#3275 = ORIENTED_EDGE ( 'NONE', *, *, #6748, .F. ) ;
#3276 = CARTESIAN_POINT ( 'NONE',  ( 0.000000000000000000, 0.3200000000000000067, 0.000000000000000000 ) ) ;
#3277 = PRESENTATION_STYLE_ASSIGNMENT (( #10874 ) ) ;
#3278 = CIRCLE ( 'NONE', #5822, 0.08999999999999980238 ) ;
#3279 = ORIENTED_EDGE ( 'NONE', *, *, #3568, .T. ) ;
#3280 = ORIENTED_EDGE ( 'NONE', *, *, #5400, .T. ) ;
#3281 = CARTESIAN_POINT ( 'NONE',  ( 1.250000000000000666, 0.2699999999999994071, 1.160000000000001252 ) ) ;
#3282 = CARTESIAN_POINT ( 'NONE',  ( -1.249999999999999778, 0.2699999999999994071, -3.159999999999998810 ) ) ;
#3283 = ORIENTED_EDGE ( 'NONE', *, *, #3685, .T. ) ;
#3284 = CARTESIAN_POINT ( 'NONE',  ( -3.250000000000000000, 0.2699999999999994071, -0.1599999999999989764 ) ) ;
#3285 = DIRECTION ( 'NONE',  ( -1.000000000000000000, -0.000000000000000000, -1.752245935330108871E-15 ) ) ;
#3286 = MECHANICAL_DESIGN_GEOMETRIC_PRESENTATION_REPRESENTATION (  '', ( #4663 ), #2483 ) ;
#3287 = CLOSED_SHELL ( 'NONE', ( #8299, #7730, #278 ) ) ;
#3288 =( NAMED_UNIT ( * ) PLANE_ANGLE_UNIT ( ) SI_UNIT ( $, .RADIAN. ) );
#3289 = EDGE_CURVE ( 'NONE', #3364, #2205, #7676, .T. ) ;
#3290 = ADVANCED_FACE ( 'NONE', ( #7692 ), #3620, .T. ) ;
#3291 = SPHERICAL_SURFACE ( 'NONE', #4056, 0.1499999999999998557 ) ;
#3292 = AXIS2_PLACEMENT_3D ( 'NONE', #3898, #5916, #10857 ) ;
#3293 = ORIENTED_EDGE ( 'NONE', *, *, #10587, .F. ) ;
#3294 = COLOUR_RGB ( '',0.7921568627450980005, 0.8196078431372548767, 0.9333333333333333481 ) ;
#3295 = DIRECTION ( 'NONE',  ( -0.000000000000000000, 1.000000000000000000, -0.000000000000000000 ) ) ;
#3296 = CARTESIAN_POINT ( 'NONE',  ( 2.250000000000000000, 0.1499999999999999944, -2.749999999999999556 ) ) ;
#3297 = ORIENTED_EDGE ( 'NONE', *, *, #5900, .T. ) ;
#3298 = VERTEX_POINT ( 'NONE', #2944 ) ;
#3299 = CARTESIAN_POINT ( 'NONE',  ( 2.750000000000000444, 0.2699999999999994071, 3.250000000000001776 ) ) ;
#3300 = AXIS2_PLACEMENT_3D ( 'NONE', #6476, #12629, #5658 ) ;
#3301 = ADVANCED_FACE ( 'NONE', ( #7497 ), #11805, .T. ) ;
#3302 = ORIENTED_EDGE ( 'NONE', *, *, #9333, .F. ) ;
#3303 = CARTESIAN_POINT ( 'NONE',  ( 3.250000000000000888, 0.1499999999999999944, 2.250000000000000444 ) ) ;
#3304 = CARTESIAN_POINT ( 'NONE',  ( -0.2499999999999997780, 0.2699999999999994071, -2.749999999999999112 ) ) ;
#3305 = LINE ( 'NONE', #3956, #11945 ) ;
#3306 = AXIS2_PLACEMENT_3D ( 'NONE', #6886, #11833, #8897 ) ;
#3307 = CARTESIAN_POINT ( 'NONE',  ( 5.749999999999998224, 0.4200000000000002620, 6.500000000000000000 ) ) ;
#3308 = VERTEX_POINT ( 'NONE', #1636 ) ;
#3309 = CARTESIAN_POINT ( 'NONE',  ( 1.250000000000000666, 0.1499999999999999944, 2.250000000000000444 ) ) ;
#3310 = CARTESIAN_POINT ( 'NONE',  ( 0.7500000000000002220, 0.1499999999999999944, 2.250000000000000444 ) ) ;
#3311 = DIRECTION ( 'NONE',  ( 0.000000000000000000, 0.000000000000000000, 1.000000000000000000 ) ) ;
#3312 = SURFACE_STYLE_FILL_AREA ( #3008 ) ;
#3313 = FILL_AREA_STYLE_COLOUR ( '', #3726 ) ;
#3314 = DIRECTION ( 'NONE',  ( -0.000000000000000000, 1.000000000000000000, -0.000000000000000000 ) ) ;
#3315 = EDGE_CURVE ( 'NONE', #8333, #11405, #12143, .T. ) ;
#3316 = VERTEX_POINT ( 'NONE', #12771 ) ;
#3317 = CARTESIAN_POINT ( 'NONE',  ( -5.250000000000001776, 0.3200000000000000067, -6.494999999999999218 ) ) ;
#3318 = AXIS2_PLACEMENT_3D ( 'NONE', #10932, #3925, #8026 ) ;
#3319 = CARTESIAN_POINT ( 'NONE',  ( 0.7500000000000002220, 0.2699999999999994071, -3.159999999999998810 ) ) ;
#3320 = SPHERICAL_SURFACE ( 'NONE', #9246, 0.1499999999999998557 ) ;
#3321 = EDGE_LOOP ( 'NONE', ( #8923, #9946, #3206 ) ) ;
#3322 = EDGE_LOOP ( 'NONE', ( #12484, #1652, #7356 ) ) ;
#3323 = CIRCLE ( 'NONE', #5041, 0.08999999999999980238 ) ;
#3324 = DIRECTION ( 'NONE',  ( 1.000000000000000000, 0.000000000000000000, -0.000000000000000000 ) ) ;
#3325 = ORIENTED_EDGE ( 'NONE', *, *, #2590, .T. ) ;
#3326 = STYLED_ITEM ( 'NONE', ( #11754 ), #3248 ) ;
#3327 = EDGE_LOOP ( 'NONE', ( #7829, #5867 ) ) ;
#3328 = PLANE ( 'NONE',  #10450 ) ;
#3329 = ORIENTED_EDGE ( 'NONE', *, *, #4270, .F. ) ;
#3330 =( NAMED_UNIT ( * ) PLANE_ANGLE_UNIT ( ) SI_UNIT ( $, .RADIAN. ) );
#3331 = DIRECTION ( 'NONE',  ( 1.000000000000000000, 0.000000000000000000, 1.224646799147353207E-16 ) ) ;
#3332 = CIRCLE ( 'NONE', #10340, 0.1499999999999999667 ) ;
#3333 = CARTESIAN_POINT ( 'NONE',  ( 3.250000000000000888, 0.1499999999999999944, 1.250000000000001110 ) ) ;
#3334 = CIRCLE ( 'NONE', #8921, 0.08999999999999980238 ) ;
#3335 = ORIENTED_EDGE ( 'NONE', *, *, #5722, .T. ) ;
#3336 = FILL_AREA_STYLE ('',( #4402 ) ) ;
#3337 = PRESENTATION_LAYER_ASSIGNMENT (  '', '', ( #3949 ) ) ;
#3338 = DIRECTION ( 'NONE',  ( -0.000000000000000000, 1.000000000000000000, -0.000000000000000000 ) ) ;
#3339 = EDGE_LOOP ( 'NONE', ( #709, #401, #8920, #9005 ) ) ;
#3340 = DIRECTION ( 'NONE',  ( 0.000000000000000000, 0.000000000000000000, 1.000000000000000000 ) ) ;
#3341 = DIRECTION ( 'NONE',  ( 0.000000000000000000, 0.000000000000000000, 1.000000000000000000 ) ) ;
#3342 = ORIENTED_EDGE ( 'NONE', *, *, #2184, .F. ) ;
#3343 = FILL_AREA_STYLE_COLOUR ( '', #89 ) ;
#3344 = CIRCLE ( 'NONE', #1593, 0.1499999999999999667 ) ;
#3345 = MANIFOLD_SOLID_BREP ( 'LPattern1[99]', #1430 ) ;
#3346 = CIRCLE ( 'NONE', #1277, 0.1499999999999998557 ) ;
#3347 = AXIS2_PLACEMENT_3D ( 'NONE', #7148, #10168, #3142 ) ;
#3348 = VERTEX_POINT ( 'NONE', #735 ) ;
#3349 = CARTESIAN_POINT ( 'NONE',  ( 3.250000000000000888, 0.2699999999999994071, 0.6600000000000006972 ) ) ;
#3350 = DIRECTION ( 'NONE',  ( 0.000000000000000000, 0.000000000000000000, 1.000000000000000000 ) ) ;
#3351 = STYLED_ITEM ( 'NONE', ( #352 ), #11515 ) ;
#3352 = VERTEX_POINT ( 'NONE', #12520 ) ;
#3353 = CARTESIAN_POINT ( 'NONE',  ( -3.250000000000000000, 0.1499999999999999944, -0.2499999999999993616 ) ) ;
#3354 = SPHERICAL_SURFACE ( 'NONE', #5823, 0.1499999999999998557 ) ;
#3355 = SPHERICAL_SURFACE ( 'NONE', #2830, 0.1499999999999998557 ) ;
#3356 = CARTESIAN_POINT ( 'NONE',  ( -2.250000000000000000, 0.2699999999999994071, 0.7500000000000011102 ) ) ;
#3357 = VERTEX_POINT ( 'NONE', #2600 ) ;
#3359 = EDGE_LOOP ( 'NONE', ( #10457, #9862, #834 ) ) ;
#3358 = CARTESIAN_POINT ( 'NONE',  ( -5.750000000000001776, -17.35655495770977907, 6.500000000000000000 ) ) ;
#3360 = EDGE_CURVE ( 'NONE', #3348, #426, #7733, .T. ) ;
#3361 =( NAMED_UNIT ( * ) PLANE_ANGLE_UNIT ( ) SI_UNIT ( $, .RADIAN. ) );
#3362 = DIRECTION ( 'NONE',  ( 0.000000000000000000, 0.000000000000000000, 1.000000000000000000 ) ) ;
#3363 = AXIS2_PLACEMENT_3D ( 'NONE', #5262, #4083, #3083 ) ;
#3364 = VERTEX_POINT ( 'NONE', #8612 ) ;
#3365 = ADVANCED_FACE ( 'NONE', ( #3475 ), #7793, .T. ) ;
#3366 = SPHERICAL_SURFACE ( 'NONE', #7181, 0.1499999999999998557 ) ;
#3367 = ADVANCED_FACE ( 'NONE', ( #12129 ), #2688, .T. ) ;
#3368 = DIRECTION ( 'NONE',  ( -0.000000000000000000, 1.000000000000000000, -0.000000000000000000 ) ) ;
#3369 = AXIS2_PLACEMENT_3D ( 'NONE', #6110, #8846, #9866 ) ;
#3370 =( GEOMETRIC_REPRESENTATION_CONTEXT ( 3 ) GLOBAL_UNCERTAINTY_ASSIGNED_CONTEXT ( ( #7402 ) ) GLOBAL_UNIT_ASSIGNED_CONTEXT ( ( #7729, #11540, #920 ) ) REPRESENTATION_CONTEXT ( 'NONE', 'WORKASPACE' ) );
#3371 = DIRECTION ( 'NONE',  ( 0.000000000000000000, 0.000000000000000000, 1.000000000000000000 ) ) ;
#3372 = FACE_OUTER_BOUND ( 'NONE', #5197, .T. ) ;
#3373 = VERTEX_POINT ( 'NONE', #8700 ) ;
#3374 = DIRECTION ( 'NONE',  ( 1.000000000000000000, 0.000000000000000000, -0.000000000000000000 ) ) ;
#3375 = DIRECTION ( 'NONE',  ( 0.000000000000000000, 0.000000000000000000, 1.000000000000000000 ) ) ;
#3376 = DIRECTION ( 'NONE',  ( 0.000000000000000000, 0.000000000000000000, 1.000000000000000000 ) ) ;
#3377 = AXIS2_PLACEMENT_3D ( 'NONE', #4279, #2620, #6642 ) ;
#3378 = CIRCLE ( 'NONE', #537, 0.1499999999999999667 ) ;
#3379 = AXIS2_PLACEMENT_3D ( 'NONE', #3304, #4119, #7393 ) ;
#3380 = EDGE_CURVE ( 'NONE', #9360, #2555, #3537, .T. ) ;
#3381 = SPHERICAL_SURFACE ( 'NONE', #87, 0.1499999999999998557 ) ;
#3382 = DIRECTION ( 'NONE',  ( 0.000000000000000000, 0.000000000000000000, -1.000000000000000000 ) ) ;
#3383 = STYLED_ITEM ( 'NONE', ( #6949 ), #10144 ) ;
#3384 = SPHERICAL_SURFACE ( 'NONE', #1622, 0.1499999999999998557 ) ;
#3385 = CARTESIAN_POINT ( 'NONE',  ( 3.250000000000000888, 0.2699999999999994071, -1.749999999999998890 ) ) ;
#3386 = EDGE_LOOP ( 'NONE', ( #10198, #12548, #2097 ) ) ;
#3387 = EDGE_CURVE ( 'NONE', #4771, #2900, #7608, .T. ) ;
#3388 = VERTEX_POINT ( 'NONE', #5886 ) ;
#3389 = DIRECTION ( 'NONE',  ( 1.000000000000000000, 0.000000000000000000, -0.000000000000000000 ) ) ;
#3390 = EDGE_LOOP ( 'NONE', ( #1258, #11917, #918 ) ) ;
#3391 = CIRCLE ( 'NONE', #2029, 0.08999999999999980238 ) ;
#3392 = DIRECTION ( 'NONE',  ( 0.000000000000000000, 0.000000000000000000, 1.000000000000000000 ) ) ;
#3393 = MECHANICAL_DESIGN_GEOMETRIC_PRESENTATION_REPRESENTATION (  '', ( #2428 ), #301 ) ;
#3394 = CARTESIAN_POINT ( 'NONE',  ( 5.749999999999998224, 0.8000000000000000444, 6.500000000000000000 ) ) ;
#3395 = EDGE_LOOP ( 'NONE', ( #9767, #7381 ) ) ;
#3396 = EDGE_CURVE ( 'NONE', #3913, #12780, #7854, .T. ) ;
#3397 = DIRECTION ( 'NONE',  ( 0.000000000000000000, 0.000000000000000000, 1.000000000000000000 ) ) ;
#3398 = AXIS2_PLACEMENT_3D ( 'NONE', #11979, #1336, #2046 ) ;
#3399 = DIRECTION ( 'NONE',  ( 0.000000000000000000, 0.000000000000000000, 1.000000000000000000 ) ) ;
#3400 = DIRECTION ( 'NONE',  ( 0.000000000000000000, 1.000000000000000000, 0.000000000000000000 ) ) ;
#3401 = ADVANCED_FACE ( 'NONE', ( #11874 ), #3522, .T. ) ;
#3402 = CIRCLE ( 'NONE', #8877, 0.08999999999999980238 ) ;
#3403 = CARTESIAN_POINT ( 'NONE',  ( 2.250000000000000000, 0.1499999999999999944, -0.2499999999999993616 ) ) ;
#3404 = EDGE_CURVE ( 'NONE', #8964, #10807, #3113, .T. ) ;
#3405 = DIRECTION ( 'NONE',  ( -0.000000000000000000, 1.000000000000000000, 0.000000000000000000 ) ) ;
#3406 = DIRECTION ( 'NONE',  ( 1.000000000000000000, 0.000000000000000000, -0.000000000000000000 ) ) ;
#3407 = DIRECTION ( 'NONE',  ( 0.000000000000000000, 0.000000000000000000, 1.000000000000000000 ) ) ;
#3408 = FACE_OUTER_BOUND ( 'NONE', #4525, .T. ) ;
#3409 = EDGE_CURVE ( 'NONE', #9307, #11348, #12159, .T. ) ;
#3410 = EDGE_CURVE ( 'NONE', #10809, #3112, #7834, .T. ) ;
#3411 = ORIENTED_EDGE ( 'NONE', *, *, #9716, .F. ) ;
#3412 =( GEOMETRIC_REPRESENTATION_CONTEXT ( 3 ) GLOBAL_UNCERTAINTY_ASSIGNED_CONTEXT ( ( #5174 ) ) GLOBAL_UNIT_ASSIGNED_CONTEXT ( ( #5410, #7424, #8419 ) ) REPRESENTATION_CONTEXT ( 'NONE', 'WORKASPACE' ) );
#3413 = EDGE_LOOP ( 'NONE', ( #360, #10928, #1282 ) ) ;
#3414 = DIRECTION ( 'NONE',  ( 0.000000000000000000, 0.000000000000000000, 1.000000000000000000 ) ) ;
#3415 = EDGE_CURVE ( 'NONE', #9037, #6033, #3184, .T. ) ;
#3416 = ORIENTED_EDGE ( 'NONE', *, *, #6064, .F. ) ;
#3417 = AXIS2_PLACEMENT_3D ( 'NONE', #1632, #8607, #7457 ) ;
#3418 = CIRCLE ( 'NONE', #8279, 0.1499999999999999667 ) ;
#3419 = VERTEX_POINT ( 'NONE', #341 ) ;
#3420 = MANIFOLD_SOLID_BREP ( 'LPattern1[163]', #3444 ) ;
#3421 = COLOUR_RGB ( '',0.7921568627450980005, 0.8196078431372548767, 0.9333333333333333481 ) ;
#3422 = CARTESIAN_POINT ( 'NONE',  ( 2.750000000000000444, 0.1499999999999999944, -1.749999999999999334 ) ) ;
#3423 = AXIS2_PLACEMENT_3D ( 'NONE', #5085, #6080, #2717 ) ;
#3424 = UNCERTAINTY_MEASURE_WITH_UNIT (LENGTH_MEASURE( 1.000000000000000082E-05 ), #3566, 'distance_accuracy_value', 'NONE');
#3425 = DIRECTION ( 'NONE',  ( -0.000000000000000000, 1.000000000000000000, -0.000000000000000000 ) ) ;
#3426 = DIRECTION ( 'NONE',  ( -0.000000000000000000, 1.000000000000000000, -0.000000000000000000 ) ) ;
#3427 = UNCERTAINTY_MEASURE_WITH_UNIT (LENGTH_MEASURE( 1.000000000000000082E-05 ), #765, 'distance_accuracy_value', 'NONE');
#3428 = AXIS2_PLACEMENT_3D ( 'NONE', #5084, #11077, #6078 ) ;
#3429 = CARTESIAN_POINT ( 'NONE',  ( -1.249999999999999778, 0.1499999999999999944, -3.249999999999999556 ) ) ;
#3430 = PRESENTATION_LAYER_ASSIGNMENT (  '', '', ( #953 ) ) ;
#3431 = ORIENTED_EDGE ( 'NONE', *, *, #5278, .T. ) ;
#3432 = DIRECTION ( 'NONE',  ( 0.000000000000000000, 0.000000000000000000, 1.000000000000000000 ) ) ;
#3433 =( NAMED_UNIT ( * ) SI_UNIT ( $, .STERADIAN. ) SOLID_ANGLE_UNIT ( ) );
#3434 = EDGE_LOOP ( 'NONE', ( #1170, #8364 ) ) ;
#3435 = DIRECTION ( 'NONE',  ( -0.000000000000000000, 1.000000000000000000, -0.000000000000000000 ) ) ;
#3436 = EDGE_CURVE ( 'NONE', #3808, #7386, #8328, .T. ) ;
#3437 = AXIS2_PLACEMENT_3D ( 'NONE', #6108, #9374, #6368 ) ;
#3438 = AXIS2_PLACEMENT_3D ( 'NONE', #8924, #3092, #8836 ) ;
#3439 = DIRECTION ( 'NONE',  ( 1.000000000000000000, 0.000000000000000000, -0.000000000000000000 ) ) ;
#3440 = ORIENTED_EDGE ( 'NONE', *, *, #7893, .T. ) ;
#3441 = DIRECTION ( 'NONE',  ( -1.000000000000000000, 0.000000000000000000, 0.000000000000000000 ) ) ;
#3442 = DIRECTION ( 'NONE',  ( 1.000000000000000000, 0.000000000000000000, -0.000000000000000000 ) ) ;
#3443 = CIRCLE ( 'NONE', #8093, 0.08999999999999980238 ) ;
#3444 = CLOSED_SHELL ( 'NONE', ( #4006, #4687, #763 ) ) ;
#3445 = DIRECTION ( 'NONE',  ( -0.000000000000000000, 1.000000000000000000, -0.000000000000000000 ) ) ;
#3446 = DIRECTION ( 'NONE',  ( -0.000000000000000000, 1.000000000000000000, 0.000000000000000000 ) ) ;
#3447 = MANIFOLD_SOLID_BREP ( 'LPattern1[107]', #8795 ) ;
#3448 = AXIS2_PLACEMENT_3D ( 'NONE', #8119, #9114, #662 ) ;
#3449 = DIRECTION ( 'NONE',  ( -0.000000000000000000, 1.000000000000000000, -0.000000000000000000 ) ) ;
#3450 = EDGE_LOOP ( 'NONE', ( #130, #9474, #9279 ) ) ;
#3451 =( GEOMETRIC_REPRESENTATION_CONTEXT ( 3 ) GLOBAL_UNCERTAINTY_ASSIGNED_CONTEXT ( ( #5020 ) ) GLOBAL_UNIT_ASSIGNED_CONTEXT ( ( #8756, #9762, #8958 ) ) REPRESENTATION_CONTEXT ( 'NONE', 'WORKASPACE' ) );
#3453 = ORIENTED_EDGE ( 'NONE', *, *, #2325, .T. ) ;
#3452 = CARTESIAN_POINT ( 'NONE',  ( -2.750000000000000000, 0.1499999999999999944, -3.249999999999999556 ) ) ;
#3454 = PRESENTATION_STYLE_ASSIGNMENT (( #1791 ) ) ;
#3455 = CARTESIAN_POINT ( 'NONE',  ( -4.312500000000001776, 0.8000000000000000444, -5.493749999999999467 ) ) ;
#3456 = CARTESIAN_POINT ( 'NONE',  ( 3.250000000000000888, 0.1499999999999999944, 0.2500000000000006661 ) ) ;
#3457 = EDGE_CURVE ( 'NONE', #8073, #4393, #8108, .T. ) ;
#3458 = ORIENTED_EDGE ( 'NONE', *, *, #11749, .T. ) ;
#3459 = SPHERICAL_SURFACE ( 'NONE', #7323, 0.1499999999999998557 ) ;
#3460 = DIRECTION ( 'NONE',  ( 0.000000000000000000, 0.000000000000000000, 1.000000000000000000 ) ) ;
#3461 =( LENGTH_UNIT ( ) NAMED_UNIT ( * ) SI_UNIT ( .MILLI., .METRE. ) );
#3462 = CARTESIAN_POINT ( 'NONE',  ( 3.250000000000000888, 0.2699999999999994071, 2.840000000000001190 ) ) ;
#3463 = SPHERICAL_SURFACE ( 'NONE', #2776, 0.1499999999999998557 ) ;
#3464 = ORIENTED_EDGE ( 'NONE', *, *, #2625, .T. ) ;
#3465 = DIRECTION ( 'NONE',  ( 0.000000000000000000, 0.000000000000000000, 1.000000000000000000 ) ) ;
#3466 =( GEOMETRIC_REPRESENTATION_CONTEXT ( 3 ) GLOBAL_UNCERTAINTY_ASSIGNED_CONTEXT ( ( #1679 ) ) GLOBAL_UNIT_ASSIGNED_CONTEXT ( ( #6050, #12306, #11051 ) ) REPRESENTATION_CONTEXT ( 'NONE', 'WORKASPACE' ) );
#3467 = DIRECTION ( 'NONE',  ( -1.000000000000000000, 0.000000000000000000, 0.000000000000000000 ) ) ;
#3468 = PRESENTATION_STYLE_ASSIGNMENT (( #2746 ) ) ;
#3469 = AXIS2_PLACEMENT_3D ( 'NONE', #3310, #10063, #4290 ) ;
#3470 = DIRECTION ( 'NONE',  ( 0.000000000000000000, 0.000000000000000000, -1.000000000000000000 ) ) ;
#3471 = DIRECTION ( 'NONE',  ( -0.000000000000000000, 1.000000000000000000, -0.000000000000000000 ) ) ;
#3472 = EDGE_LOOP ( 'NONE', ( #3959, #7864, #4811 ) ) ;
#3473 = AXIS2_PLACEMENT_3D ( 'NONE', #10788, #3862, #12863 ) ;
#3474 = ORIENTED_EDGE ( 'NONE', *, *, #3852, .F. ) ;
#3475 = FACE_OUTER_BOUND ( 'NONE', #12458, .T. ) ;
#3476 = SURFACE_SIDE_STYLE ('',( #9963 ) ) ;
#3477 = VERTEX_POINT ( 'NONE', #8057 ) ;
#3478 = CIRCLE ( 'NONE', #9652, 0.1499999999999998557 ) ;
#3479 = DIRECTION ( 'NONE',  ( 1.000000000000000000, 0.000000000000000000, -0.000000000000000000 ) ) ;
#3480 = EDGE_CURVE ( 'NONE', #254, #10185, #3860, .T. ) ;
#3481 = SURFACE_SIDE_STYLE ('',( #10655 ) ) ;
#3482 = FACE_OUTER_BOUND ( 'NONE', #6154, .T. ) ;
#3483 = AXIS2_PLACEMENT_3D ( 'NONE', #5692, #11868, #2831 ) ;
#3484 = AXIS2_PLACEMENT_3D ( 'NONE', #8464, #8548, #7570 ) ;
#3485 = ORIENTED_EDGE ( 'NONE', *, *, #11426, .T. ) ;
#3486 =( GEOMETRIC_REPRESENTATION_CONTEXT ( 3 ) GLOBAL_UNCERTAINTY_ASSIGNED_CONTEXT ( ( #11714 ) ) GLOBAL_UNIT_ASSIGNED_CONTEXT ( ( #245, #8225, #9317 ) ) REPRESENTATION_CONTEXT ( 'NONE', 'WORKASPACE' ) );
#3487 = DIRECTION ( 'NONE',  ( -0.000000000000000000, 1.000000000000000000, 0.000000000000000000 ) ) ;
#3488 = DIRECTION ( 'NONE',  ( -1.000000000000000000, 0.000000000000000000, 0.000000000000000000 ) ) ;
#3489 = CARTESIAN_POINT ( 'NONE',  ( -0.7499999999999997780, 0.1499999999999999944, 2.750000000000000888 ) ) ;
#3490 = FACE_OUTER_BOUND ( 'NONE', #8948, .T. ) ;
#3491 = CARTESIAN_POINT ( 'NONE',  ( 1.750000000000000222, 0.1499999999999999944, 3.250000000000001332 ) ) ;
#3492 = FILL_AREA_STYLE_COLOUR ( '', #2506 ) ;
#3493 = DIRECTION ( 'NONE',  ( 1.000000000000000000, 0.000000000000000000, -0.000000000000000000 ) ) ;
#3494 = ADVANCED_FACE ( 'NONE', ( #3817 ), #8305, .T. ) ;
#3495 = DIRECTION ( 'NONE',  ( 0.000000000000000000, 0.000000000000000000, 1.000000000000000000 ) ) ;
#3496 = AXIS2_PLACEMENT_3D ( 'NONE', #4996, #8811, #3061 ) ;
#3497 = ORIENTED_EDGE ( 'NONE', *, *, #5759, .F. ) ;
#3498 = DIRECTION ( 'NONE',  ( 0.000000000000000000, 0.000000000000000000, 1.000000000000000000 ) ) ;
#3499 = EDGE_LOOP ( 'NONE', ( #10348, #11968, #12735 ) ) ;
#3500 = VECTOR ( 'NONE', #5627, 999.9999999999998863 ) ;
#3501 = DIRECTION ( 'NONE',  ( 0.000000000000000000, 0.000000000000000000, 1.000000000000000000 ) ) ;
#3502 = COLOUR_RGB ( '',0.7921568627450980005, 0.8196078431372548767, 0.9333333333333333481 ) ;
#3503 = SURFACE_STYLE_USAGE ( .BOTH. , #4744 ) ;
#3504 = CIRCLE ( 'NONE', #658, 0.08999999999999980238 ) ;
#3505 = VERTEX_POINT ( 'NONE', #7219 ) ;
#3506 = EDGE_CURVE ( 'NONE', #8636, #10760, #12611, .T. ) ;
#3507 =( GEOMETRIC_REPRESENTATION_CONTEXT ( 3 ) GLOBAL_UNCERTAINTY_ASSIGNED_CONTEXT ( ( #12186 ) ) GLOBAL_UNIT_ASSIGNED_CONTEXT ( ( #6639, #10635, #11637 ) ) REPRESENTATION_CONTEXT ( 'NONE', 'WORKASPACE' ) );
#3508 = ADVANCED_FACE ( 'NONE', ( #12553 ), #247, .T. ) ;
#3509 = CARTESIAN_POINT ( 'NONE',  ( -2.250000000000000000, 0.2699999999999994071, -1.159999999999999032 ) ) ;
#3510 = SURFACE_STYLE_USAGE ( .BOTH. , #9410 ) ;
#3511 = CARTESIAN_POINT ( 'NONE',  ( 1.250000000000000666, 0.1499999999999999944, -2.249999999999999556 ) ) ;
#3512 = SURFACE_SIDE_STYLE ('',( #2803 ) ) ;
#3513 = AXIS2_PLACEMENT_3D ( 'NONE', #11993, #168, #2396 ) ;
#3514 = CARTESIAN_POINT ( 'NONE',  ( -0.7499999999999997780, 0.1499999999999999944, 2.250000000000000444 ) ) ;
#3515 = CIRCLE ( 'NONE', #2998, 0.08999999999999980238 ) ;
#3516 = DIRECTION ( 'NONE',  ( -1.000000000000000000, 0.000000000000000000, 0.000000000000000000 ) ) ;
#3517 = ORIENTED_EDGE ( 'NONE', *, *, #2580, .F. ) ;
#3518 = CARTESIAN_POINT ( 'NONE',  ( -3.250000000000000000, 0.1499999999999999944, 1.250000000000001110 ) ) ;
#3519 = AXIS2_PLACEMENT_3D ( 'NONE', #5824, #10979, #5072 ) ;
#3520 = CARTESIAN_POINT ( 'NONE',  ( -1.249999999999999778, 1.355252715606880543E-16, -3.249999999999999556 ) ) ;
#3521 = VERTEX_POINT ( 'NONE', #9979 ) ;
#3522 = SPHERICAL_SURFACE ( 'NONE', #1629, 0.1499999999999998557 ) ;
#3523 =( NAMED_UNIT ( * ) PLANE_ANGLE_UNIT ( ) SI_UNIT ( $, .RADIAN. ) );
#3524 = DIRECTION ( 'NONE',  ( 1.000000000000000000, 0.000000000000000000, -0.000000000000000000 ) ) ;
#3525 = ORIENTED_EDGE ( 'NONE', *, *, #4529, .F. ) ;
#3526 =( NAMED_UNIT ( * ) SI_UNIT ( $, .STERADIAN. ) SOLID_ANGLE_UNIT ( ) );
#3527 = FILL_AREA_STYLE_COLOUR ( '', #11914 ) ;
#3528 = CIRCLE ( 'NONE', #6406, 0.1499999999999999667 ) ;
#3529 = AXIS2_PLACEMENT_3D ( 'NONE', #10972, #10798, #7057 ) ;
#3530 = DIRECTION ( 'NONE',  ( -0.000000000000000000, 1.000000000000000000, 0.000000000000000000 ) ) ;
#3531 = EDGE_CURVE ( 'NONE', #12359, #3635, #3677, .T. ) ;
#3532 = DIRECTION ( 'NONE',  ( -0.000000000000000000, 1.000000000000000000, 0.000000000000000000 ) ) ;
#3533 = ORIENTED_EDGE ( 'NONE', *, *, #3200, .T. ) ;
#3534 = DIRECTION ( 'NONE',  ( 0.000000000000000000, -1.000000000000000000, 0.000000000000000000 ) ) ;
#3536 = VERTEX_POINT ( 'NONE', #8227 ) ;
#3535 = CARTESIAN_POINT ( 'NONE',  ( 1.250000000000000666, 0.1499999999999999944, -0.7499999999999993339 ) ) ;
#3537 = CIRCLE ( 'NONE', #7838, 0.08999999999999980238 ) ;
#3538 = DIRECTION ( 'NONE',  ( 1.000000000000000000, 0.000000000000000000, -0.000000000000000000 ) ) ;
#3539 = DIRECTION ( 'NONE',  ( -0.000000000000000000, 1.000000000000000000, -0.000000000000000000 ) ) ;
#3540 = AXIS2_PLACEMENT_3D ( 'NONE', #7647, #739, #8614 ) ;
#3541 = AXIS2_PLACEMENT_3D ( 'NONE', #10283, #11354, #1394 ) ;
#3542 = SPHERICAL_SURFACE ( 'NONE', #12005, 0.1499999999999998557 ) ;
#3543 =( NAMED_UNIT ( * ) PLANE_ANGLE_UNIT ( ) SI_UNIT ( $, .RADIAN. ) );
#3544 = FILL_AREA_STYLE_COLOUR ( '', #6912 ) ;
#3545 = EDGE_CURVE ( 'NONE', #2905, #9199, #8155, .T. ) ;
#3546 = MANIFOLD_SOLID_BREP ( 'LPattern1[168]', #4470 ) ;
#3547 = AXIS2_PLACEMENT_3D ( 'NONE', #10657, #6568, #2322 ) ;
#3548 = ORIENTED_EDGE ( 'NONE', *, *, #8418, .F. ) ;
#3549 = DIRECTION ( 'NONE',  ( -1.000000000000000000, 0.000000000000000000, 0.000000000000000000 ) ) ;
#3550 = EDGE_CURVE ( 'NONE', #5456, #12834, #7901, .T. ) ;
#3551 = DIRECTION ( 'NONE',  ( 1.000000000000000000, 0.000000000000000000, -0.000000000000000000 ) ) ;
#3552 = CIRCLE ( 'NONE', #5929, 0.08999999999999980238 ) ;
#3553 = CARTESIAN_POINT ( 'NONE',  ( 2.250000000000000000, 0.2699999999999994071, 1.340000000000001412 ) ) ;
#3554 = DIRECTION ( 'NONE',  ( -0.000000000000000000, 1.000000000000000000, -0.000000000000000000 ) ) ;
#3555 = ADVANCED_FACE ( 'NONE', ( #3718 ), #9729, .T. ) ;
#3556 = ORIENTED_EDGE ( 'NONE', *, *, #7139, .T. ) ;
#3557 = EDGE_LOOP ( 'NONE', ( #10020, #6100 ) ) ;
#3558 = SURFACE_STYLE_FILL_AREA ( #72 ) ;
#3559 = FILL_AREA_STYLE ('',( #1332 ) ) ;
#3560 = SURFACE_STYLE_FILL_AREA ( #8123 ) ;
#3561 = PRESENTATION_LAYER_ASSIGNMENT (  '', '', ( #11487 ) ) ;
#3562 = COLOUR_RGB ( '',0.7921568627450980005, 0.8196078431372548767, 0.9333333333333333481 ) ;
#3563 =( LENGTH_UNIT ( ) NAMED_UNIT ( * ) SI_UNIT ( .MILLI., .METRE. ) );
#3564 = VERTEX_POINT ( 'NONE', #6808 ) ;
#3565 = EDGE_CURVE ( 'NONE', #10412, #5829, #3785, .T. ) ;
#3566 =( LENGTH_UNIT ( ) NAMED_UNIT ( * ) SI_UNIT ( .MILLI., .METRE. ) );
#3567 = DIRECTION ( 'NONE',  ( -0.000000000000000000, 1.000000000000000000, -0.000000000000000000 ) ) ;
#3568 = EDGE_CURVE ( 'NONE', #6749, #626, #12408, .T. ) ;
#3569 = STYLED_ITEM ( 'NONE', ( #2324 ), #12514 ) ;
#3570 = FILL_AREA_STYLE_COLOUR ( '', #8469 ) ;
#3571 = CARTESIAN_POINT ( 'NONE',  ( -2.750000000000000000, 0.1499999999999999944, 0.7500000000000006661 ) ) ;
#3572 = CARTESIAN_POINT ( 'NONE',  ( 2.250000000000000000, 0.1499999999999999944, 2.750000000000000888 ) ) ;
#3573 = CARTESIAN_POINT ( 'NONE',  ( 0.7500000000000002220, 0.2699999999999994071, -2.249999999999999112 ) ) ;
#3574 =( NAMED_UNIT ( * ) PLANE_ANGLE_UNIT ( ) SI_UNIT ( $, .RADIAN. ) );
#3575 = DIRECTION ( 'NONE',  ( -0.000000000000000000, 1.000000000000000000, 0.000000000000000000 ) ) ;
#3576 = ORIENTED_EDGE ( 'NONE', *, *, #2115, .T. ) ;
#3577 = DIRECTION ( 'NONE',  ( 0.000000000000000000, 0.000000000000000000, -1.000000000000000000 ) ) ;
#3578 = EDGE_LOOP ( 'NONE', ( #9975, #3615, #12300 ) ) ;
#3579 = CIRCLE ( 'NONE', #4367, 0.1499999999999999667 ) ;
#3580 = DIRECTION ( 'NONE',  ( 0.000000000000000000, 0.000000000000000000, -1.000000000000000000 ) ) ;
#3581 = SPHERICAL_SURFACE ( 'NONE', #2337, 0.1499999999999998557 ) ;
#3582 =( NAMED_UNIT ( * ) SI_UNIT ( $, .STERADIAN. ) SOLID_ANGLE_UNIT ( ) );
#3583 = UNCERTAINTY_MEASURE_WITH_UNIT (LENGTH_MEASURE( 1.000000000000000082E-05 ), #3885, 'distance_accuracy_value', 'NONE');
#3584 = FACE_OUTER_BOUND ( 'NONE', #6480, .T. ) ;
#3585 = EDGE_LOOP ( 'NONE', ( #12582, #5039 ) ) ;
#3586 = CARTESIAN_POINT ( 'NONE',  ( 2.250000000000000000, 0.1499999999999999944, -2.249999999999999556 ) ) ;
#3587 = DIRECTION ( 'NONE',  ( 0.000000000000000000, 0.000000000000000000, 1.000000000000000000 ) ) ;
#3588 =( GEOMETRIC_REPRESENTATION_CONTEXT ( 3 ) GLOBAL_UNCERTAINTY_ASSIGNED_CONTEXT ( ( #7735 ) ) GLOBAL_UNIT_ASSIGNED_CONTEXT ( ( #10768, #1620, #9595 ) ) REPRESENTATION_CONTEXT ( 'NONE', 'WORKASPACE' ) );
#3589 = AXIS2_PLACEMENT_3D ( 'NONE', #493, #3368, #1398 ) ;
#3590 = AXIS2_PLACEMENT_3D ( 'NONE', #6677, #1527, #2485 ) ;
#3591 = CARTESIAN_POINT ( 'NONE',  ( -5.745000000000001883, 0.3200000000000000067, -6.000000000000000000 ) ) ;
#3592 = DIRECTION ( 'NONE',  ( -0.000000000000000000, 1.000000000000000000, -0.000000000000000000 ) ) ;
#3593 = SPHERICAL_SURFACE ( 'NONE', #86, 0.1499999999999998557 ) ;
#3594 = CARTESIAN_POINT ( 'NONE',  ( -2.250000000000000000, 1.355252715606880543E-16, -2.749999999999999556 ) ) ;
#3595 = ORIENTED_EDGE ( 'NONE', *, *, #12233, .F. ) ;
#3596 = CARTESIAN_POINT ( 'NONE',  ( -0.2499999999999997780, 0.1499999999999999944, -2.749999999999999556 ) ) ;
#3597 = ORIENTED_EDGE ( 'NONE', *, *, #5787, .T. ) ;
#3598 = DIRECTION ( 'NONE',  ( 0.000000000000000000, 0.000000000000000000, 1.000000000000000000 ) ) ;
#3599 = DIRECTION ( 'NONE',  ( 1.000000000000000000, 0.000000000000000000, -0.000000000000000000 ) ) ;
#3600 = SPHERICAL_SURFACE ( 'NONE', #3914, 0.1499999999999998557 ) ;
#3601 = CARTESIAN_POINT ( 'NONE',  ( -2.750000000000000000, 0.1499999999999999944, -1.249999999999999334 ) ) ;
#3602 = PRESENTATION_STYLE_ASSIGNMENT (( #10630 ) ) ;
#3603 = CARTESIAN_POINT ( 'NONE',  ( -4.312500000000001776, 0.6999999999999999556, -4.631249999999998757 ) ) ;
#3604 = SURFACE_STYLE_FILL_AREA ( #553 ) ;
#3605 = MECHANICAL_DESIGN_GEOMETRIC_PRESENTATION_REPRESENTATION (  '', ( #1739 ), #3736 ) ;
#3606 = AXIS2_PLACEMENT_3D ( 'NONE', #5693, #6596, #800 ) ;
#3607 = ORIENTED_EDGE ( 'NONE', *, *, #10395, .T. ) ;
#3608 = SURFACE_SIDE_STYLE ('',( #10509 ) ) ;
#3609 = DIRECTION ( 'NONE',  ( -0.000000000000000000, 1.000000000000000000, -0.000000000000000000 ) ) ;
#3610 = ADVANCED_FACE ( 'NONE', ( #12486 ), #3637, .T. ) ;
#3611 = CIRCLE ( 'NONE', #9999, 0.08999999999999980238 ) ;
#3612 = EDGE_CURVE ( 'NONE', #11673, #6178, #8216, .T. ) ;
#3613 = CARTESIAN_POINT ( 'NONE',  ( -2.750000000000000000, 0.2699999999999994071, 1.160000000000001252 ) ) ;
#3614 = STYLED_ITEM ( 'NONE', ( #8193 ), #8975 ) ;
#3615 = ORIENTED_EDGE ( 'NONE', *, *, #9632, .T. ) ;
#3616 = EDGE_CURVE ( 'NONE', #4757, #2900, #3659, .T. ) ;
#3617 = DIRECTION ( 'NONE',  ( -0.000000000000000000, 1.000000000000000000, -0.000000000000000000 ) ) ;
#3618 = ORIENTED_EDGE ( 'NONE', *, *, #3289, .T. ) ;
#3619 = DIRECTION ( 'NONE',  ( 1.000000000000000000, 0.000000000000000000, 1.224646799147353207E-16 ) ) ;
#3620 = PLANE ( 'NONE',  #2681 ) ;
#3621 = SPHERICAL_SURFACE ( 'NONE', #10629, 0.1499999999999998557 ) ;
#3622 = DIRECTION ( 'NONE',  ( 0.000000000000000000, 0.000000000000000000, 1.000000000000000000 ) ) ;
#3623 =( GEOMETRIC_REPRESENTATION_CONTEXT ( 3 ) GLOBAL_UNCERTAINTY_ASSIGNED_CONTEXT ( ( #421 ) ) GLOBAL_UNIT_ASSIGNED_CONTEXT ( ( #6958, #9615, #11533 ) ) REPRESENTATION_CONTEXT ( 'NONE', 'WORKASPACE' ) );
#3624 = DIRECTION ( 'NONE',  ( 0.000000000000000000, 0.000000000000000000, 1.000000000000000000 ) ) ;
#3625 = SURFACE_STYLE_FILL_AREA ( #6563 ) ;
#3626 = EDGE_LOOP ( 'NONE', ( #12662, #4222 ) ) ;
#3627 = CARTESIAN_POINT ( 'NONE',  ( -1.249999999999999778, 0.2699999999999994071, -0.2499999999999989175 ) ) ;
#3628 = AXIS2_PLACEMENT_3D ( 'NONE', #11136, #12234, #1598 ) ;
#3629 = DIRECTION ( 'NONE',  ( 1.000000000000000000, 0.000000000000000000, -0.000000000000000000 ) ) ;
#3630 = DIRECTION ( 'NONE',  ( -0.000000000000000000, 1.000000000000000000, 0.000000000000000000 ) ) ;
#3631 = CIRCLE ( 'NONE', #11907, 0.08999999999999980238 ) ;
#3632 = EDGE_CURVE ( 'NONE', #4077, #5456, #12183, .T. ) ;
#3633 = ORIENTED_EDGE ( 'NONE', *, *, #4219, .T. ) ;
#3634 = AXIS2_PLACEMENT_3D ( 'NONE', #3296, #10054, #7293 ) ;
#3635 = VERTEX_POINT ( 'NONE', #7581 ) ;
#3636 = AXIS2_PLACEMENT_3D ( 'NONE', #1874, #7801, #71 ) ;
#3637 = SPHERICAL_SURFACE ( 'NONE', #5642, 0.1499999999999998557 ) ;
#3638 = CIRCLE ( 'NONE', #8009, 0.08999999999999980238 ) ;
#3639 = EDGE_CURVE ( 'NONE', #4720, #6752, #3579, .T. ) ;
#3640 = MECHANICAL_DESIGN_GEOMETRIC_PRESENTATION_REPRESENTATION (  '', ( #7857 ), #12350 ) ;
#3641 = PRESENTATION_STYLE_ASSIGNMENT (( #1478 ) ) ;
#3642 = FACE_OUTER_BOUND ( 'NONE', #8442, .T. ) ;
#3643 = DIRECTION ( 'NONE',  ( -0.000000000000000000, 1.000000000000000000, -0.000000000000000000 ) ) ;
#3644 = AXIS2_PLACEMENT_3D ( 'NONE', #5209, #9134, #63 ) ;
#3645 = ORIENTED_EDGE ( 'NONE', *, *, #7874, .F. ) ;
#3646 = CARTESIAN_POINT ( 'NONE',  ( -5.250000000000001776, 0.3199999999999999512, -6.494999999999999218 ) ) ;
#3647 = ADVANCED_FACE ( 'NONE', ( #12325 ), #2631, .T. ) ;
#3648 = CARTESIAN_POINT ( 'NONE',  ( 2.250000000000000000, 0.2699999999999994071, -2.159999999999999254 ) ) ;
#3649 = PLANE ( 'NONE',  #10110 ) ;
#3650 = DIRECTION ( 'NONE',  ( 0.000000000000000000, 0.000000000000000000, -1.000000000000000000 ) ) ;
#3651 = DIRECTION ( 'NONE',  ( 1.000000000000000000, 0.000000000000000000, 1.224646799147353207E-16 ) ) ;
#3652 =( NAMED_UNIT ( * ) SI_UNIT ( $, .STERADIAN. ) SOLID_ANGLE_UNIT ( ) );
#3653 = SURFACE_STYLE_FILL_AREA ( #507 ) ;
#3654 = ADVANCED_FACE ( 'NONE', ( #3762 ), #7673, .T. ) ;
#3655 = ORIENTED_EDGE ( 'NONE', *, *, #128, .T. ) ;
#3656 = DIRECTION ( 'NONE',  ( -0.000000000000000000, 1.000000000000000000, -0.000000000000000000 ) ) ;
#3657 = ORIENTED_EDGE ( 'NONE', *, *, #7968, .F. ) ;
#3658 = EDGE_CURVE ( 'NONE', #1211, #2251, #3698, .T. ) ;
#3659 = CIRCLE ( 'NONE', #5016, 0.08999999999999980238 ) ;
#3660 = DIRECTION ( 'NONE',  ( 0.000000000000000000, 0.000000000000000000, 1.000000000000000000 ) ) ;
#3661 = AXIS2_PLACEMENT_3D ( 'NONE', #2186, #10917, #206 ) ;
#3662 = CIRCLE ( 'NONE', #863, 0.1499999999999999667 ) ;
#3663 = CIRCLE ( 'NONE', #7154, 0.1499999999999999667 ) ;
#3664 = AXIS2_PLACEMENT_3D ( 'NONE', #1424, #3406, #7052 ) ;
#3665 = PRESENTATION_STYLE_ASSIGNMENT (( #12309 ) ) ;
#3666 = ORIENTED_EDGE ( 'NONE', *, *, #8808, .T. ) ;
#3667 = CARTESIAN_POINT ( 'NONE',  ( 3.250000000000000888, 0.2699999999999994071, 3.250000000000001776 ) ) ;
#3668 = CARTESIAN_POINT ( 'NONE',  ( 0.2500000000000002220, 0.1499999999999999944, -3.249999999999999556 ) ) ;
#3669 = FILL_AREA_STYLE_COLOUR ( '', #9357 ) ;
#3670 = DIRECTION ( 'NONE',  ( 0.000000000000000000, 0.000000000000000000, 1.000000000000000000 ) ) ;
#3671 = DIRECTION ( 'NONE',  ( -1.000000000000000000, 0.000000000000000000, 0.000000000000000000 ) ) ;
#3672 = AXIS2_PLACEMENT_3D ( 'NONE', #1371, #1612, #5034 ) ;
#3673 = ORIENTED_EDGE ( 'NONE', *, *, #3770, .F. ) ;
#3674 = CARTESIAN_POINT ( 'NONE',  ( -2.750000000000000000, 0.2699999999999994071, 2.660000000000001030 ) ) ;
#3675 = DIRECTION ( 'NONE',  ( -1.000000000000000000, 0.000000000000000000, 0.000000000000000000 ) ) ;
#3676 = VERTEX_POINT ( 'NONE', #4818 ) ;
#3677 = CIRCLE ( 'NONE', #3124, 0.1499999999999998557 ) ;
#3678 = CIRCLE ( 'NONE', #4111, 0.08999999999999980238 ) ;
#3679 = DIRECTION ( 'NONE',  ( 0.000000000000000000, 0.000000000000000000, 1.000000000000000000 ) ) ;
#3680 = DIRECTION ( 'NONE',  ( -0.000000000000000000, 1.000000000000000000, -0.000000000000000000 ) ) ;
#3681 = FACE_OUTER_BOUND ( 'NONE', #947, .T. ) ;
#3682 = CARTESIAN_POINT ( 'NONE',  ( -2.250000000000000000, 0.2699999999999994071, -1.839999999999999192 ) ) ;
#3683 = DIRECTION ( 'NONE',  ( 0.000000000000000000, 0.000000000000000000, 1.000000000000000000 ) ) ;
#3684 = AXIS2_PLACEMENT_3D ( 'NONE', #4213, #258, #1262 ) ;
#3685 = EDGE_CURVE ( 'NONE', #5029, #5414, #12304, .T. ) ;
#3686 = VERTEX_POINT ( 'NONE', #11738 ) ;
#3687 = CARTESIAN_POINT ( 'NONE',  ( 3.250000000000000888, 0.1499999999999999944, 2.750000000000000888 ) ) ;
#3688 = DIRECTION ( 'NONE',  ( -0.000000000000000000, 1.000000000000000000, 0.000000000000000000 ) ) ;
#3689 = CLOSED_SHELL ( 'NONE', ( #6415, #2812, #4000 ) ) ;
#3690 = FILL_AREA_STYLE ('',( #8602 ) ) ;
#3691 = MANIFOLD_SOLID_BREP ( 'LPattern1[44]', #3013 ) ;
#3692 = LINE ( 'NONE', #12378, #12198 ) ;
#3693 = ORIENTED_EDGE ( 'NONE', *, *, #2919, .T. ) ;
#3694 = AXIS2_PLACEMENT_3D ( 'NONE', #4041, #163, #7128 ) ;
#3695 = CARTESIAN_POINT ( 'NONE',  ( -0.7499999999999997780, 0.1499999999999999944, 2.750000000000000888 ) ) ;
#3696 = STYLED_ITEM ( 'NONE', ( #1407 ), #9842 ) ;
#3697 = EDGE_LOOP ( 'NONE', ( #9566, #518, #5312 ) ) ;
#3698 = CIRCLE ( 'NONE', #6717, 0.1499999999999999667 ) ;
#3699 = PRESENTATION_STYLE_ASSIGNMENT (( #9201 ) ) ;
#3700 = FILL_AREA_STYLE ('',( #4608 ) ) ;
#3701 = SURFACE_STYLE_USAGE ( .BOTH. , #9791 ) ;
#3702 = CARTESIAN_POINT ( 'NONE',  ( -0.2499999999999997780, 0.2699999999999994071, 3.250000000000001776 ) ) ;
#3703 = COLOUR_RGB ( '',0.7921568627450980005, 0.8196078431372548767, 0.9333333333333333481 ) ;
#3704 = CARTESIAN_POINT ( 'NONE',  ( 0.2500000000000002220, 0.2699999999999994071, -1.159999999999999032 ) ) ;
#3705 = FACE_OUTER_BOUND ( 'NONE', #8343, .T. ) ;
#3706 = MANIFOLD_SOLID_BREP ( 'LPattern1[100]', #7423 ) ;
#3707 = PLANE ( 'NONE',  #137 ) ;
#3708 = CARTESIAN_POINT ( 'NONE',  ( -3.250000000000000000, 0.1499999999999999944, -0.2499999999999993616 ) ) ;
#3709 = DIRECTION ( 'NONE',  ( 0.000000000000000000, 0.000000000000000000, 1.000000000000000000 ) ) ;
#3710 = VERTEX_POINT ( 'NONE', #12092 ) ;
#3711 = DIRECTION ( 'NONE',  ( -0.000000000000000000, 1.000000000000000000, -0.000000000000000000 ) ) ;
#3712 =( NAMED_UNIT ( * ) PLANE_ANGLE_UNIT ( ) SI_UNIT ( $, .RADIAN. ) );
#3713 = ORIENTED_EDGE ( 'NONE', *, *, #6649, .T. ) ;
#3714 = AXIS2_PLACEMENT_3D ( 'NONE', #3212, #8949, #10954 ) ;
#3715 = MECHANICAL_DESIGN_GEOMETRIC_PRESENTATION_REPRESENTATION (  '', ( #1576 ), #7302 ) ;
#3716 = EDGE_LOOP ( 'NONE', ( #4186, #5065, #5352 ) ) ;
#3717 = EDGE_LOOP ( 'NONE', ( #719, #8797, #9784 ) ) ;
#3718 = FACE_OUTER_BOUND ( 'NONE', #11885, .T. ) ;
#3719 = FACE_OUTER_BOUND ( 'NONE', #11503, .T. ) ;
#3720 = CARTESIAN_POINT ( 'NONE',  ( -2.750000000000000000, 0.1499999999999999944, 2.250000000000000444 ) ) ;
#3721 = EDGE_CURVE ( 'NONE', #11520, #7983, #119, .T. ) ;
#3722 = UNCERTAINTY_MEASURE_WITH_UNIT (LENGTH_MEASURE( 1.000000000000000082E-05 ), #9698, 'distance_accuracy_value', 'NONE');
#3723 = UNCERTAINTY_MEASURE_WITH_UNIT (LENGTH_MEASURE( 1.000000000000000082E-05 ), #8630, 'distance_accuracy_value', 'NONE');
#3724 = CIRCLE ( 'NONE', #4233, 0.08999999999999980238 ) ;
#3725 = FILL_AREA_STYLE ('',( #1005 ) ) ;
#3726 = COLOUR_RGB ( '',0.7921568627450980005, 0.8196078431372548767, 0.9333333333333333481 ) ;
#3727 = DIRECTION ( 'NONE',  ( 0.000000000000000000, 0.000000000000000000, 1.000000000000000000 ) ) ;
#3728 = VERTEX_POINT ( 'NONE', #6895 ) ;
#3729 =( NAMED_UNIT ( * ) SI_UNIT ( $, .STERADIAN. ) SOLID_ANGLE_UNIT ( ) );
#3730 = DIRECTION ( 'NONE',  ( 0.000000000000000000, 0.000000000000000000, 1.000000000000000000 ) ) ;
#3731 = DIRECTION ( 'NONE',  ( -0.000000000000000000, 1.000000000000000000, -0.000000000000000000 ) ) ;
#3732 = VERTEX_POINT ( 'NONE', #109 ) ;
#3733 = DIRECTION ( 'NONE',  ( -1.000000000000000000, 0.000000000000000000, 0.000000000000000000 ) ) ;
#3734 = FILL_AREA_STYLE ('',( #11484 ) ) ;
#3735 = DIRECTION ( 'NONE',  ( 1.000000000000000000, 0.000000000000000000, -0.000000000000000000 ) ) ;
#3736 =( GEOMETRIC_REPRESENTATION_CONTEXT ( 3 ) GLOBAL_UNCERTAINTY_ASSIGNED_CONTEXT ( ( #10135 ) ) GLOBAL_UNIT_ASSIGNED_CONTEXT ( ( #9031, #10047, #11033 ) ) REPRESENTATION_CONTEXT ( 'NONE', 'WORKASPACE' ) );
#3737 = STYLED_ITEM ( 'NONE', ( #7383 ), #11057 ) ;
#3738 = UNCERTAINTY_MEASURE_WITH_UNIT (LENGTH_MEASURE( 1.000000000000000082E-05 ), #7579, 'distance_accuracy_value', 'NONE');
#3739 = CLOSED_SHELL ( 'NONE', ( #6272, #6924, #9689 ) ) ;
#3740 = EDGE_LOOP ( 'NONE', ( #5708, #5555, #1486 ) ) ;
#3741 = DIRECTION ( 'NONE',  ( 0.000000000000000000, 0.000000000000000000, 1.000000000000000000 ) ) ;
#3742 = SURFACE_STYLE_FILL_AREA ( #2773 ) ;
#3743 = FILL_AREA_STYLE ('',( #9407 ) ) ;
#3744 = FACE_OUTER_BOUND ( 'NONE', #2601, .T. ) ;
#3745 = EDGE_LOOP ( 'NONE', ( #9635, #9849 ) ) ;
#3746 = ADVANCED_FACE ( 'NONE', ( #8344 ), #2173, .T. ) ;
#3747 = AXIS2_PLACEMENT_3D ( 'NONE', #159, #74, #9147 ) ;
#3748 = DIRECTION ( 'NONE',  ( 1.000000000000000000, 0.000000000000000000, 1.224646799147353207E-16 ) ) ;
#3749 = VERTEX_POINT ( 'NONE', #5169 ) ;
#3750 =( LENGTH_UNIT ( ) NAMED_UNIT ( * ) SI_UNIT ( .MILLI., .METRE. ) );
#3751 = DIRECTION ( 'NONE',  ( 0.000000000000000000, 0.000000000000000000, 1.000000000000000000 ) ) ;
#3752 = CARTESIAN_POINT ( 'NONE',  ( -5.250000000000001776, 0.2700000000000000178, -6.494999999999999218 ) ) ;
#3753 = CARTESIAN_POINT ( 'NONE',  ( -2.750000000000000000, 0.1499999999999999944, -3.249999999999999556 ) ) ;
#3754 = CARTESIAN_POINT ( 'NONE',  ( 2.250000000000000000, 0.1499999999999999944, 2.750000000000000888 ) ) ;
#3755 = ADVANCED_FACE ( 'NONE', ( #4030 ), #10906, .T. ) ;
#3756 = CLOSED_SHELL ( 'NONE', ( #6878, #9545, #46 ) ) ;
#3757 = AXIS2_PLACEMENT_3D ( 'NONE', #2135, #4120, #4201 ) ;
#3758 = DIRECTION ( 'NONE',  ( -0.000000000000000000, 1.000000000000000000, 0.000000000000000000 ) ) ;
#3759 =( GEOMETRIC_REPRESENTATION_CONTEXT ( 3 ) GLOBAL_UNCERTAINTY_ASSIGNED_CONTEXT ( ( #4190 ) ) GLOBAL_UNIT_ASSIGNED_CONTEXT ( ( #9589, #6927, #9953 ) ) REPRESENTATION_CONTEXT ( 'NONE', 'WORKASPACE' ) );
#3760 =( NAMED_UNIT ( * ) SI_UNIT ( $, .STERADIAN. ) SOLID_ANGLE_UNIT ( ) );
#3761 = ORIENTED_EDGE ( 'NONE', *, *, #7355, .T. ) ;
#3762 = FACE_OUTER_BOUND ( 'NONE', #7459, .T. ) ;
#3763 = FILL_AREA_STYLE ('',( #10683 ) ) ;
#3764 = CARTESIAN_POINT ( 'NONE',  ( -0.7499999999999997780, 0.2699999999999994071, -2.159999999999998810 ) ) ;
#3765 = SURFACE_STYLE_USAGE ( .BOTH. , #8121 ) ;
#3766 = FACE_OUTER_BOUND ( 'NONE', #12435, .T. ) ;
#3767 =( LENGTH_UNIT ( ) NAMED_UNIT ( * ) SI_UNIT ( .MILLI., .METRE. ) );
#3768 = FACE_OUTER_BOUND ( 'NONE', #9184, .T. ) ;
#3769 = CARTESIAN_POINT ( 'NONE',  ( -1.249999999999999778, 0.1499999999999999944, -2.249999999999999556 ) ) ;
#3770 = EDGE_CURVE ( 'NONE', #727, #7765, #8674, .T. ) ;
#3771 = AXIS2_PLACEMENT_3D ( 'NONE', #3456, #5446, #3362 ) ;
#3772 = CLOSED_SHELL ( 'NONE', ( #12821, #3401, #8650 ) ) ;
#3773 = ADVANCED_FACE ( 'NONE', ( #8626 ), #4331, .T. ) ;
#3774 = FILL_AREA_STYLE ('',( #8037 ) ) ;
#3775 = DIRECTION ( 'NONE',  ( 1.000000000000000000, 0.000000000000000000, 1.224646799147353207E-16 ) ) ;
#3776 = AXIS2_PLACEMENT_3D ( 'NONE', #6133, #11987, #12225 ) ;
#3777 = ORIENTED_EDGE ( 'NONE', *, *, #12251, .T. ) ;
#3778 = SURFACE_STYLE_USAGE ( .BOTH. , #2504 ) ;
#3779 = AXIS2_PLACEMENT_3D ( 'NONE', #7308, #6305, #4035 ) ;
#3780 = CIRCLE ( 'NONE', #1169, 0.1499999999999999667 ) ;
#3781 = EDGE_LOOP ( 'NONE', ( #10737, #4810 ) ) ;
#3782 = DIRECTION ( 'NONE',  ( -0.000000000000000000, 1.000000000000000000, -0.000000000000000000 ) ) ;
#3784 = VERTEX_POINT ( 'NONE', #11157 ) ;
#3783 = CARTESIAN_POINT ( 'NONE',  ( 0.2500000000000002220, 0.2699999999999994071, 2.840000000000000746 ) ) ;
#3785 = CIRCLE ( 'NONE', #12176, 0.08999999999999980238 ) ;
#3786 = FACE_OUTER_BOUND ( 'NONE', #4792, .T. ) ;
#3787 = CARTESIAN_POINT ( 'NONE',  ( -3.250000000000000000, 0.1499999999999999944, -2.249999999999999556 ) ) ;
#3788 = DIRECTION ( 'NONE',  ( 1.000000000000000000, 0.000000000000000000, -0.000000000000000000 ) ) ;
#3789 =( LENGTH_UNIT ( ) NAMED_UNIT ( * ) SI_UNIT ( .MILLI., .METRE. ) );
#3790 = CARTESIAN_POINT ( 'NONE',  ( 3.250000000000000888, 0.1499999999999999944, 3.250000000000001332 ) ) ;
#3791 = CARTESIAN_POINT ( 'NONE',  ( -2.250000000000000000, 0.2699999999999994071, 3.160000000000001474 ) ) ;
#3792 = ORIENTED_EDGE ( 'NONE', *, *, #1345, .F. ) ;
#3793 = FILL_AREA_STYLE ('',( #11903 ) ) ;
#3794 = EDGE_LOOP ( 'NONE', ( #8880, #9178 ) ) ;
#3795 = EDGE_CURVE ( 'NONE', #4819, #3238, #4011, .T. ) ;
#3796 = MANIFOLD_SOLID_BREP ( 'LPattern1[69]', #7832 ) ;
#3797 = ORIENTED_EDGE ( 'NONE', *, *, #9809, .T. ) ;
#3798 = EDGE_LOOP ( 'NONE', ( #448, #4216, #4215, #4513 ) ) ;
#3799 = SURFACE_STYLE_FILL_AREA ( #2540 ) ;
#3800 = CARTESIAN_POINT ( 'NONE',  ( -1.249999999999999778, 0.1499999999999999944, 2.250000000000000444 ) ) ;
#3801 = CARTESIAN_POINT ( 'NONE',  ( -5.750000000000001776, 0.4200000000000002620, -6.500000000000000000 ) ) ;
#3802 = FILL_AREA_STYLE ('',( #9639 ) ) ;
#3803 = PLANE ( 'NONE',  #4540 ) ;
#3804 = ORIENTED_EDGE ( 'NONE', *, *, #201, .F. ) ;
#3805 = SURFACE_STYLE_USAGE ( .BOTH. , #2796 ) ;
#3806 = CARTESIAN_POINT ( 'NONE',  ( -2.250000000000000000, 0.1499999999999999944, 3.250000000000001332 ) ) ;
#3807 = EDGE_CURVE ( 'NONE', #12385, #3055, #4412, .T. ) ;
#3808 = VERTEX_POINT ( 'NONE', #5999 ) ;
#3809 = DIRECTION ( 'NONE',  ( 1.000000000000000000, 0.000000000000000000, -0.000000000000000000 ) ) ;
#3810 = CARTESIAN_POINT ( 'NONE',  ( -3.250000000000000000, 0.1499999999999999944, -3.249999999999999556 ) ) ;
#3811 = DIRECTION ( 'NONE',  ( 0.000000000000000000, 0.000000000000000000, 1.000000000000000000 ) ) ;
#3812 = DIRECTION ( 'NONE',  ( 0.000000000000000000, 0.000000000000000000, 1.000000000000000000 ) ) ;
#3813 = AXIS2_PLACEMENT_3D ( 'NONE', #9510, #7706, #4407 ) ;
#3814 = ORIENTED_EDGE ( 'NONE', *, *, #11442, .F. ) ;
#3815 = CARTESIAN_POINT ( 'NONE',  ( 0.2500000000000002220, 0.2699999999999994071, -3.159999999999998810 ) ) ;
#3816 = EDGE_LOOP ( 'NONE', ( #788, #9204 ) ) ;
#3817 = FACE_OUTER_BOUND ( 'NONE', #11549, .T. ) ;
#3818 = COLOUR_RGB ( '',0.7921568627450980005, 0.8196078431372548767, 0.9333333333333333481 ) ;
#3819 = EDGE_CURVE ( 'NONE', #3298, #1896, #12716, .T. ) ;
#3820 = AXIS2_PLACEMENT_3D ( 'NONE', #4016, #12837, #9864 ) ;
#3821 = FACE_OUTER_BOUND ( 'NONE', #12736, .T. ) ;
#3822 = AXIS2_PLACEMENT_3D ( 'NONE', #9424, #2415, #3340 ) ;
#3823 = ORIENTED_EDGE ( 'NONE', *, *, #5944, .T. ) ;
#3824 = EDGE_CURVE ( 'NONE', #6421, #8246, #8411, .T. ) ;
#3825 = ORIENTED_EDGE ( 'NONE', *, *, #1560, .T. ) ;
#3826 = SURFACE_STYLE_USAGE ( .BOTH. , #2820 ) ;
#3827 = DIRECTION ( 'NONE',  ( 1.000000000000000000, 0.000000000000000000, -0.000000000000000000 ) ) ;
#3828 = CIRCLE ( 'NONE', #3634, 0.1499999999999999667 ) ;
#3829 = AXIS2_PLACEMENT_3D ( 'NONE', #11060, #9808, #12876 ) ;
#3830 = STYLED_ITEM ( 'NONE', ( #10975 ), #8359 ) ;
#3831 = ORIENTED_EDGE ( 'NONE', *, *, #12762, .T. ) ;
#3832 = DIRECTION ( 'NONE',  ( 1.000000000000000000, 0.000000000000000000, -0.000000000000000000 ) ) ;
#3833 = EDGE_CURVE ( 'NONE', #8501, #9513, #8525, .T. ) ;
#3834 = CARTESIAN_POINT ( 'NONE',  ( 2.250000000000000000, 0.1499999999999999944, -2.249999999999999556 ) ) ;
#3835 = VERTEX_POINT ( 'NONE', #2755 ) ;
#3836 = CIRCLE ( 'NONE', #4896, 0.1499999999999998557 ) ;
#3837 = DIRECTION ( 'NONE',  ( -0.000000000000000000, 1.000000000000000000, 0.000000000000000000 ) ) ;
#3838 =( NAMED_UNIT ( * ) SI_UNIT ( $, .STERADIAN. ) SOLID_ANGLE_UNIT ( ) );
#3839 = CARTESIAN_POINT ( 'NONE',  ( -1.249999999999999778, 0.2699999999999994071, -2.659999999999999254 ) ) ;
#3840 = EDGE_CURVE ( 'NONE', #9803, #11908, #12693, .T. ) ;
#3841 = CARTESIAN_POINT ( 'NONE',  ( -3.250000000000000000, 0.2699999999999994071, 0.2500000000000011102 ) ) ;
#3842 = CIRCLE ( 'NONE', #7477, 0.1499999999999999667 ) ;
#3843 = CARTESIAN_POINT ( 'NONE',  ( -0.7499999999999997780, 0.2699999999999994071, -3.249999999999999112 ) ) ;
#3844 = CIRCLE ( 'NONE', #3211, 0.1499999999999999667 ) ;
#3845 = EDGE_LOOP ( 'NONE', ( #9590, #3265 ) ) ;
#3846 = ADVANCED_FACE ( 'NONE', ( #4453 ), #4054, .T. ) ;
#3847 = EDGE_CURVE ( 'NONE', #36, #7003, #8389, .T. ) ;
#3848 = DIRECTION ( 'NONE',  ( 1.000000000000000000, 0.000000000000000000, -0.000000000000000000 ) ) ;
#3849 = AXIS2_PLACEMENT_3D ( 'NONE', #8663, #9668, #5760 ) ;
#3850 =( NAMED_UNIT ( * ) PLANE_ANGLE_UNIT ( ) SI_UNIT ( $, .RADIAN. ) );
#3851 = EDGE_LOOP ( 'NONE', ( #1221, #808, #8985 ) ) ;
#3852 = EDGE_CURVE ( 'NONE', #12834, #4077, #4078, .T. ) ;
#3853 = CARTESIAN_POINT ( 'NONE',  ( 1.250000000000000666, 0.2699999999999994071, -2.749999999999999112 ) ) ;
#3854 = ADVANCED_FACE ( 'NONE', ( #8444 ), #4137, .T. ) ;
#3855 = ORIENTED_EDGE ( 'NONE', *, *, #11970, .F. ) ;
#3856 = CARTESIAN_POINT ( 'NONE',  ( -0.7499999999999997780, 0.2699999999999994071, -1.249999999999998890 ) ) ;
#3857 = ADVANCED_FACE ( 'NONE', ( #8467 ), #12756, .T. ) ;
#3859 = EDGE_LOOP ( 'NONE', ( #10477, #3655 ) ) ;
#3858 = DIRECTION ( 'NONE',  ( 0.000000000000000000, 0.000000000000000000, 1.000000000000000000 ) ) ;
#3860 = CIRCLE ( 'NONE', #2055, 0.08999999999999980238 ) ;
#3861 = DIRECTION ( 'NONE',  ( -0.000000000000000000, 1.000000000000000000, -0.000000000000000000 ) ) ;
#3862 = DIRECTION ( 'NONE',  ( -0.000000000000000000, 1.000000000000000000, 0.000000000000000000 ) ) ;
#3863 = CARTESIAN_POINT ( 'NONE',  ( -0.2499999999999997780, 0.2699999999999994071, 1.250000000000001554 ) ) ;
#3864 = FILL_AREA_STYLE ('',( #2856 ) ) ;
#3865 = DIRECTION ( 'NONE',  ( 0.000000000000000000, 0.000000000000000000, 1.000000000000000000 ) ) ;
#3866 = AXIS2_PLACEMENT_3D ( 'NONE', #7461, #8447, #9443 ) ;
#3867 = DIRECTION ( 'NONE',  ( 0.000000000000000000, 0.000000000000000000, 1.000000000000000000 ) ) ;
#3868 = CARTESIAN_POINT ( 'NONE',  ( -1.749999999999999778, 0.1499999999999999944, -3.249999999999999556 ) ) ;
#3869 = CARTESIAN_POINT ( 'NONE',  ( 1.250000000000000666, 1.355252715606880543E-16, 1.250000000000001110 ) ) ;
#3870 = CLOSED_SHELL ( 'NONE', ( #4073, #1413, #4570 ) ) ;
#3871 = ADVANCED_FACE ( 'NONE', ( #8485 ), #12781, .T. ) ;
#3872 = FILL_AREA_STYLE ('',( #8707 ) ) ;
#3873 = EDGE_LOOP ( 'NONE', ( #9343, #8901, #9076 ) ) ;
#3874 = EDGE_CURVE ( 'NONE', #3536, #2881, #4176, .T. ) ;
#3875 = AXIS2_PLACEMENT_3D ( 'NONE', #11274, #2367, #4349 ) ;
#3876 = UNCERTAINTY_MEASURE_WITH_UNIT (LENGTH_MEASURE( 1.000000000000000082E-05 ), #4812, 'distance_accuracy_value', 'NONE');
#3877 = UNCERTAINTY_MEASURE_WITH_UNIT (LENGTH_MEASURE( 1.000000000000000082E-05 ), #7462, 'distance_accuracy_value', 'NONE');
#3878 = EDGE_CURVE ( 'NONE', #5454, #11725, #8502, .T. ) ;
#3879 = CIRCLE ( 'NONE', #1313, 0.08999999999999980238 ) ;
#3880 = ORIENTED_EDGE ( 'NONE', *, *, #4985, .F. ) ;
#3881 = EDGE_LOOP ( 'NONE', ( #10548, #5959, #2508 ) ) ;
#3882 = SPHERICAL_SURFACE ( 'NONE', #5656, 0.1499999999999998557 ) ;
#3883 = DIRECTION ( 'NONE',  ( 0.000000000000000000, 0.000000000000000000, 1.000000000000000000 ) ) ;
#3884 = CIRCLE ( 'NONE', #7844, 0.08999999999999980238 ) ;
#3885 =( LENGTH_UNIT ( ) NAMED_UNIT ( * ) SI_UNIT ( .MILLI., .METRE. ) );
#3886 = DIRECTION ( 'NONE',  ( 1.000000000000000000, 0.000000000000000000, -0.000000000000000000 ) ) ;
#3887 = SURFACE_STYLE_FILL_AREA ( #367 ) ;
#3888 = MANIFOLD_SOLID_BREP ( 'LPattern1[130]', #5402 ) ;
#3889 = EDGE_LOOP ( 'NONE', ( #9547, #4387, #4830 ) ) ;
#3890 = DIRECTION ( 'NONE',  ( 1.000000000000000000, 0.000000000000000000, -0.000000000000000000 ) ) ;
#3891 =( NAMED_UNIT ( * ) SI_UNIT ( $, .STERADIAN. ) SOLID_ANGLE_UNIT ( ) );
#3892 = CARTESIAN_POINT ( 'NONE',  ( -1.249999999999999778, 0.2699999999999994071, 2.340000000000000302 ) ) ;
#3893 = AXIS2_PLACEMENT_3D ( 'NONE', #5389, #10556, #4293 ) ;
#3894 = ORIENTED_EDGE ( 'NONE', *, *, #4357, .T. ) ;
#3895 = FILL_AREA_STYLE ('',( #2885 ) ) ;
#3896 = ADVANCED_FACE ( 'NONE', ( #8930 ), #11777, .T. ) ;
#3897 = DIRECTION ( 'NONE',  ( -0.000000000000000000, 1.000000000000000000, -0.000000000000000000 ) ) ;
#3898 = CARTESIAN_POINT ( 'NONE',  ( -1.249999999999999778, 0.1499999999999999944, -1.249999999999999334 ) ) ;
#3899 = EDGE_CURVE ( 'NONE', #8066, #12221, #4793, .T. ) ;
#3900 = CARTESIAN_POINT ( 'NONE',  ( 3.250000000000000888, 0.2699999999999994071, 2.750000000000001332 ) ) ;
#3901 =( GEOMETRIC_REPRESENTATION_CONTEXT ( 3 ) GLOBAL_UNCERTAINTY_ASSIGNED_CONTEXT ( ( #901 ) ) GLOBAL_UNIT_ASSIGNED_CONTEXT ( ( #7104, #3288, #12205 ) ) REPRESENTATION_CONTEXT ( 'NONE', 'WORKASPACE' ) );
#3902 = FACE_OUTER_BOUND ( 'NONE', #8605, .T. ) ;
#3903 = ORIENTED_EDGE ( 'NONE', *, *, #3404, .T. ) ;
#3904 = DIRECTION ( 'NONE',  ( -1.000000000000000000, 0.000000000000000000, 0.000000000000000000 ) ) ;
#3905 = EDGE_CURVE ( 'NONE', #3348, #6719, #4747, .T. ) ;
#3906 = VERTEX_POINT ( 'NONE', #8848 ) ;
#3907 = COLOUR_RGB ( '',0.7921568627450980005, 0.8196078431372548767, 0.9333333333333333481 ) ;
#3908 = FILL_AREA_STYLE ('',( #9743 ) ) ;
#3909 = COLOUR_RGB ( '',0.7921568627450980005, 0.8196078431372548767, 0.9333333333333333481 ) ;
#3910 = AXIS2_PLACEMENT_3D ( 'NONE', #5475, #10554, #7493 ) ;
#3911 = CARTESIAN_POINT ( 'NONE',  ( -2.250000000000000000, 0.1499999999999999944, -2.749999999999999556 ) ) ;
#3912 = CIRCLE ( 'NONE', #9749, 0.1499999999999999667 ) ;
#3913 = VERTEX_POINT ( 'NONE', #7709 ) ;
#3914 = AXIS2_PLACEMENT_3D ( 'NONE', #4703, #7553, #9613 ) ;
#3915 = DIRECTION ( 'NONE',  ( 0.000000000000000000, 0.000000000000000000, 1.000000000000000000 ) ) ;
#3916 = EDGE_LOOP ( 'NONE', ( #2964, #8716, #16 ) ) ;
#3917 = CARTESIAN_POINT ( 'NONE',  ( 5.749999999999998224, 0.8000000000000000444, -6.500000000000000000 ) ) ;
#3918 = CARTESIAN_POINT ( 'NONE',  ( -0.2499999999999997780, 0.2699999999999994071, 3.340000000000001634 ) ) ;
#3919 = DIRECTION ( 'NONE',  ( 1.000000000000000000, 0.000000000000000000, -0.000000000000000000 ) ) ;
#3920 = CARTESIAN_POINT ( 'NONE',  ( -2.750000000000000000, 1.355252715606880543E-16, -2.249999999999999556 ) ) ;
#3921 = FACE_OUTER_BOUND ( 'NONE', #1086, .T. ) ;
#3922 = ORIENTED_EDGE ( 'NONE', *, *, #8918, .F. ) ;
#3923 = DIRECTION ( 'NONE',  ( -1.000000000000000000, 0.000000000000000000, 0.000000000000000000 ) ) ;
#3924 =( GEOMETRIC_REPRESENTATION_CONTEXT ( 3 ) GLOBAL_UNCERTAINTY_ASSIGNED_CONTEXT ( ( #1811 ) ) GLOBAL_UNIT_ASSIGNED_CONTEXT ( ( #3938, #3850, #4961 ) ) REPRESENTATION_CONTEXT ( 'NONE', 'WORKASPACE' ) );
#3925 = DIRECTION ( 'NONE',  ( 1.000000000000000000, 0.000000000000000000, -0.000000000000000000 ) ) ;
#3926 = VERTEX_POINT ( 'NONE', #5697 ) ;
#3927 = AXIS2_PLACEMENT_3D ( 'NONE', #6957, #8867, #4787 ) ;
#3928 = SURFACE_STYLE_FILL_AREA ( #849 ) ;
#3929 = FACE_OUTER_BOUND ( 'NONE', #3434, .T. ) ;
#3930 = DIRECTION ( 'NONE',  ( 0.000000000000000000, 0.000000000000000000, 1.000000000000000000 ) ) ;
#3931 = CARTESIAN_POINT ( 'NONE',  ( -2.250000000000000000, 0.1499999999999999944, 0.2500000000000006661 ) ) ;
#3932 = COLOUR_RGB ( '',0.7921568627450980005, 0.8196078431372548767, 0.9333333333333333481 ) ;
#3933 = DIRECTION ( 'NONE',  ( -0.000000000000000000, 1.000000000000000000, -0.000000000000000000 ) ) ;
#3934 = SPHERICAL_SURFACE ( 'NONE', #10546, 0.1499999999999998557 ) ;
#3935 = DIRECTION ( 'NONE',  ( 0.000000000000000000, 0.000000000000000000, 1.000000000000000000 ) ) ;
#3936 = ORIENTED_EDGE ( 'NONE', *, *, #11372, .T. ) ;
#3937 = CARTESIAN_POINT ( 'NONE',  ( -5.250000000000001776, 0.2700000000000000178, -5.999999999999999112 ) ) ;
#3938 =( LENGTH_UNIT ( ) NAMED_UNIT ( * ) SI_UNIT ( .MILLI., .METRE. ) );
#3939 = ORIENTED_EDGE ( 'NONE', *, *, #5210, .F. ) ;
#3940 =( NAMED_UNIT ( * ) PLANE_ANGLE_UNIT ( ) SI_UNIT ( $, .RADIAN. ) );
#3941 = ORIENTED_EDGE ( 'NONE', *, *, #823, .T. ) ;
#3942 = DIRECTION ( 'NONE',  ( 1.000000000000000000, 0.000000000000000000, 1.224646799147353207E-16 ) ) ;
#3944 = CLOSED_SHELL ( 'NONE', ( #6522, #675, #9238 ) ) ;
#3943 = CARTESIAN_POINT ( 'NONE',  ( 0.7500000000000002220, 0.2699999999999994071, 3.340000000000001190 ) ) ;
#3945 = PRESENTATION_STYLE_ASSIGNMENT (( #5567 ) ) ;
#3946 = FACE_OUTER_BOUND ( 'NONE', #8281, .T. ) ;
#3947 = DIRECTION ( 'NONE',  ( 0.000000000000000000, 0.000000000000000000, 1.000000000000000000 ) ) ;
#3948 = DIRECTION ( 'NONE',  ( -0.000000000000000000, 1.000000000000000000, 0.000000000000000000 ) ) ;
#3949 = STYLED_ITEM ( 'NONE', ( #2294 ), #4932 ) ;
#3950 = CARTESIAN_POINT ( 'NONE',  ( -2.750000000000000000, 0.2699999999999994071, -1.749999999999998890 ) ) ;
#3951 = DIRECTION ( 'NONE',  ( -0.000000000000000000, 1.000000000000000000, 0.000000000000000000 ) ) ;
#3952 =( LENGTH_UNIT ( ) NAMED_UNIT ( * ) SI_UNIT ( .MILLI., .METRE. ) );
#3953 = CARTESIAN_POINT ( 'NONE',  ( -1.249999999999999778, 1.355252715606880543E-16, 3.250000000000001332 ) ) ;
#3954 =( GEOMETRIC_REPRESENTATION_CONTEXT ( 3 ) GLOBAL_UNCERTAINTY_ASSIGNED_CONTEXT ( ( #8829 ) ) GLOBAL_UNIT_ASSIGNED_CONTEXT ( ( #3015, #2025, #4017 ) ) REPRESENTATION_CONTEXT ( 'NONE', 'WORKASPACE' ) );
#3955 = MECHANICAL_DESIGN_GEOMETRIC_PRESENTATION_REPRESENTATION (  '', ( #12215 ), #6297 ) ;
#3956 = CARTESIAN_POINT ( 'NONE',  ( 5.749999999999998224, -17.35655495770977907, 6.500000000000000000 ) ) ;
#3957 = CARTESIAN_POINT ( 'NONE',  ( 1.250000000000000666, 1.355252715606880543E-16, 2.750000000000000888 ) ) ;
#3958 = VERTEX_POINT ( 'NONE', #3603 ) ;
#3959 = ORIENTED_EDGE ( 'NONE', *, *, #8808, .F. ) ;
#3960 = PRESENTATION_STYLE_ASSIGNMENT (( #12152 ) ) ;
#3961 = ADVANCED_FACE ( 'NONE', ( #504 ), #5608, .T. ) ;
#3962 = EDGE_LOOP ( 'NONE', ( #12239, #11576, #1533 ) ) ;
#3963 = ADVANCED_FACE ( 'NONE', ( #363 ), #9219, .T. ) ;
#3964 = EDGE_LOOP ( 'NONE', ( #8623, #2551, #7337 ) ) ;
#3965 =( NAMED_UNIT ( * ) SI_UNIT ( $, .STERADIAN. ) SOLID_ANGLE_UNIT ( ) );
#3966 = EDGE_CURVE ( 'NONE', #2072, #10185, #9109, .T. ) ;
#3967 = CIRCLE ( 'NONE', #2612, 0.1499999999999999667 ) ;
#3968 = AXIS2_PLACEMENT_3D ( 'NONE', #620, #11756, #1837 ) ;
#3969 = DIRECTION ( 'NONE',  ( 1.000000000000000000, 0.000000000000000000, -0.000000000000000000 ) ) ;
#3970 = EDGE_LOOP ( 'NONE', ( #686, #10067 ) ) ;
#3971 = ADVANCED_FACE ( 'NONE', ( #4709 ), #4863, .T. ) ;
#3972 = FILL_AREA_STYLE ('',( #6889 ) ) ;
#3973 = MECHANICAL_DESIGN_GEOMETRIC_PRESENTATION_REPRESENTATION (  '', ( #1666 ), #11613 ) ;
#3974 =( NAMED_UNIT ( * ) SI_UNIT ( $, .STERADIAN. ) SOLID_ANGLE_UNIT ( ) );
#3975 = AXIS2_PLACEMENT_3D ( 'NONE', #7194, #7472, #8456 ) ;
#3976 = ORIENTED_EDGE ( 'NONE', *, *, #11426, .F. ) ;
#3977 = CARTESIAN_POINT ( 'NONE',  ( -2.750000000000000000, 0.2699999999999994071, -3.249999999999999112 ) ) ;
#3978 = EDGE_CURVE ( 'NONE', #4660, #7055, #4661, .T. ) ;
#3979 = AXIS2_PLACEMENT_3D ( 'NONE', #8307, #2531, #11198 ) ;
#3980 = CARTESIAN_POINT ( 'NONE',  ( -1.249999999999999778, 0.2699999999999994071, 2.840000000000000746 ) ) ;
#3981 = DIRECTION ( 'NONE',  ( 0.000000000000000000, 0.000000000000000000, 1.000000000000000000 ) ) ;
#3982 =( GEOMETRIC_REPRESENTATION_CONTEXT ( 3 ) GLOBAL_UNCERTAINTY_ASSIGNED_CONTEXT ( ( #1677 ) ) GLOBAL_UNIT_ASSIGNED_CONTEXT ( ( #1477, #3361, #7275 ) ) REPRESENTATION_CONTEXT ( 'NONE', 'WORKASPACE' ) );
#3983 =( NAMED_UNIT ( * ) PLANE_ANGLE_UNIT ( ) SI_UNIT ( $, .RADIAN. ) );
#3984 = EDGE_CURVE ( 'NONE', #8625, #4255, #4768, .T. ) ;
#3985 = DIRECTION ( 'NONE',  ( 1.000000000000000000, 0.000000000000000000, -0.000000000000000000 ) ) ;
#3986 = EDGE_LOOP ( 'NONE', ( #1774, #1452 ) ) ;
#3987 =( NAMED_UNIT ( * ) SI_UNIT ( $, .STERADIAN. ) SOLID_ANGLE_UNIT ( ) );
#3988 = MANIFOLD_SOLID_BREP ( 'LPattern1[157]', #554 ) ;
#3989 = EDGE_LOOP ( 'NONE', ( #7601, #7909, #118 ) ) ;
#3990 = DIRECTION ( 'NONE',  ( -0.000000000000000000, 1.000000000000000000, 0.000000000000000000 ) ) ;
#3991 = EDGE_CURVE ( 'NONE', #5634, #5829, #9188, .T. ) ;
#3992 = CIRCLE ( 'NONE', #158, 0.1499999999999999667 ) ;
#3993 = DIRECTION ( 'NONE',  ( 0.000000000000000000, 0.000000000000000000, 1.000000000000000000 ) ) ;
#3994 = CLOSED_SHELL ( 'NONE', ( #11949, #6401, #2122 ) ) ;
#3995 = AXIS2_PLACEMENT_3D ( 'NONE', #7245, #98, #9256 ) ;
#3996 = DIRECTION ( 'NONE',  ( 0.000000000000000000, 0.000000000000000000, 1.000000000000000000 ) ) ;
#3997 = DIRECTION ( 'NONE',  ( -1.000000000000000000, 0.000000000000000000, 0.000000000000000000 ) ) ;
#3998 = ORIENTED_EDGE ( 'NONE', *, *, #7187, .T. ) ;
#3999 = CARTESIAN_POINT ( 'NONE',  ( 0.7500000000000002220, 1.355252715606880543E-16, -3.249999999999999556 ) ) ;
#4000 = ADVANCED_FACE ( 'NONE', ( #386 ), #228, .T. ) ;
#4001 = AXIS2_PLACEMENT_3D ( 'NONE', #6996, #5092, #10913 ) ;
#4002 = DIRECTION ( 'NONE',  ( -0.000000000000000000, 1.000000000000000000, -0.000000000000000000 ) ) ;
#4003 = SURFACE_STYLE_USAGE ( .BOTH. , #6101 ) ;
#4004 = DIRECTION ( 'NONE',  ( -1.000000000000000000, 0.000000000000000000, 0.000000000000000000 ) ) ;
#4005 = COLOUR_RGB ( '',0.7921568627450980005, 0.8196078431372548767, 0.9333333333333333481 ) ;
#4006 = ADVANCED_FACE ( 'NONE', ( #302 ), #4840, .T. ) ;
#4007 = ORIENTED_EDGE ( 'NONE', *, *, #6929, .F. ) ;
#4008 = DIRECTION ( 'NONE',  ( 0.000000000000000000, 0.000000000000000000, 1.000000000000000000 ) ) ;
#4009 = CARTESIAN_POINT ( 'NONE',  ( -0.7499999999999997780, 0.1499999999999999944, -2.249999999999999556 ) ) ;
#4010 = EDGE_LOOP ( 'NONE', ( #11870, #4475, #5825 ) ) ;
#4011 = CIRCLE ( 'NONE', #7028, 0.1499999999999999667 ) ;
#4012 = SURFACE_STYLE_FILL_AREA ( #4202 ) ;
#4013 = DIRECTION ( 'NONE',  ( -1.000000000000000000, 0.000000000000000000, 0.000000000000000000 ) ) ;
#4014 = EDGE_CURVE ( 'NONE', #2942, #7561, #8971, .T. ) ;
#4015 = AXIS2_PLACEMENT_3D ( 'NONE', #10670, #786, #6915 ) ;
#4016 = CARTESIAN_POINT ( 'NONE',  ( 1.250000000000000666, 0.2699999999999994071, 0.2500000000000011102 ) ) ;
#4017 =( NAMED_UNIT ( * ) SI_UNIT ( $, .STERADIAN. ) SOLID_ANGLE_UNIT ( ) );
#4018 = FACE_OUTER_BOUND ( 'NONE', #3472, .T. ) ;
#4019 = FILL_AREA_STYLE ('',( #52 ) ) ;
#4020 = EDGE_CURVE ( 'NONE', #12485, #11583, #9138, .T. ) ;
#4021 = CARTESIAN_POINT ( 'NONE',  ( 0.2500000000000002220, 0.2699999999999994071, -2.339999999999999414 ) ) ;
#4022 = SURFACE_SIDE_STYLE ('',( #3653 ) ) ;
#4023 = ORIENTED_EDGE ( 'NONE', *, *, #5270, .F. ) ;
#4024 = MECHANICAL_DESIGN_GEOMETRIC_PRESENTATION_REPRESENTATION (  '', ( #9346 ), #9185 ) ;
#4025 = PRESENTATION_LAYER_ASSIGNMENT (  '', '', ( #9971 ) ) ;
#4026 = SPHERICAL_SURFACE ( 'NONE', #4221, 0.1499999999999998557 ) ;
#4027 = ORIENTED_EDGE ( 'NONE', *, *, #8125, .T. ) ;
#4028 =( NAMED_UNIT ( * ) SI_UNIT ( $, .STERADIAN. ) SOLID_ANGLE_UNIT ( ) );
#4029 = VERTEX_POINT ( 'NONE', #11280 ) ;
#4030 = FACE_OUTER_BOUND ( 'NONE', #4905, .T. ) ;
#4031 = FACE_OUTER_BOUND ( 'NONE', #154, .T. ) ;
#4032 = AXIS2_PLACEMENT_3D ( 'NONE', #9177, #1368, #2965 ) ;
#4033 = CARTESIAN_POINT ( 'NONE',  ( -1.749999999999999778, 0.2699999999999994071, 2.250000000000000888 ) ) ;
#4034 = DIRECTION ( 'NONE',  ( 0.000000000000000000, 0.000000000000000000, 1.000000000000000000 ) ) ;
#4035 = DIRECTION ( 'NONE',  ( 0.000000000000000000, 0.000000000000000000, 1.000000000000000000 ) ) ;
#4036 = EDGE_CURVE ( 'NONE', #998, #1656, #611, .T. ) ;
#4037 = FACE_OUTER_BOUND ( 'NONE', #9993, .T. ) ;
#4038 = FACE_OUTER_BOUND ( 'NONE', #9962, .T. ) ;
#4039 = CARTESIAN_POINT ( 'NONE',  ( 3.250000000000000888, 0.1499999999999999944, 1.250000000000001110 ) ) ;
#4040 = SURFACE_STYLE_USAGE ( .BOTH. , #6786 ) ;
#4041 = CARTESIAN_POINT ( 'NONE',  ( -2.750000000000000000, 0.2699999999999994071, -1.249999999999998890 ) ) ;
#4042 = UNCERTAINTY_MEASURE_WITH_UNIT (LENGTH_MEASURE( 1.000000000000000082E-05 ), #6711, 'distance_accuracy_value', 'NONE');
#4043 = AXIS2_PLACEMENT_3D ( 'NONE', #2821, #3827, #11500 ) ;
#4044 = UNCERTAINTY_MEASURE_WITH_UNIT (LENGTH_MEASURE( 1.000000000000000082E-05 ), #5831, 'distance_accuracy_value', 'NONE');
#4045 = SURFACE_SIDE_STYLE ('',( #10613 ) ) ;
#4046 = CIRCLE ( 'NONE', #5090, 0.1499999999999999667 ) ;
#4047 = AXIS2_PLACEMENT_3D ( 'NONE', #6562, #9237, #6477 ) ;
#4048 = CARTESIAN_POINT ( 'NONE',  ( 2.250000000000000000, 0.1499999999999999944, 1.250000000000001110 ) ) ;
#4049 = ORIENTED_EDGE ( 'NONE', *, *, #5234, .T. ) ;
#4050 = FACE_OUTER_BOUND ( 'NONE', #10281, .T. ) ;
#4051 = ORIENTED_EDGE ( 'NONE', *, *, #11034, .F. ) ;
#4052 = MECHANICAL_DESIGN_GEOMETRIC_PRESENTATION_REPRESENTATION (  '', ( #4686 ), #5781 ) ;
#4053 = VERTEX_POINT ( 'NONE', #5038 ) ;
#4054 = SPHERICAL_SURFACE ( 'NONE', #359, 0.1499999999999998557 ) ;
#4055 = CARTESIAN_POINT ( 'NONE',  ( -0.7499999999999997780, 1.355252715606880543E-16, 3.250000000000001332 ) ) ;
#4056 = AXIS2_PLACEMENT_3D ( 'NONE', #1453, #4235, #3432 ) ;
#4057 = CIRCLE ( 'NONE', #1731, 0.1499999999999998557 ) ;
#4058 = EDGE_CURVE ( 'NONE', #12680, #12508, #9206, .T. ) ;
#4059 = DIRECTION ( 'NONE',  ( -0.000000000000000000, 1.000000000000000000, 0.000000000000000000 ) ) ;
#4060 = CIRCLE ( 'NONE', #8962, 0.08999999999999980238 ) ;
#4061 = DIRECTION ( 'NONE',  ( 0.000000000000000000, 0.000000000000000000, 1.000000000000000000 ) ) ;
#4062 = DIRECTION ( 'NONE',  ( 1.000000000000000000, 0.000000000000000000, 1.224646799147353207E-16 ) ) ;
#4063 = DIRECTION ( 'NONE',  ( 1.000000000000000000, 0.000000000000000000, 1.224646799147353207E-16 ) ) ;
#4064 = MECHANICAL_DESIGN_GEOMETRIC_PRESENTATION_REPRESENTATION (  '', ( #545 ), #12610 ) ;
#4065 = ADVANCED_FACE ( 'NONE', ( #4593 ), #3104, .T. ) ;
#4066 = CLOSED_SHELL ( 'NONE', ( #4110, #3846, #6790 ) ) ;
#4067 = DIRECTION ( 'NONE',  ( 0.000000000000000000, 0.000000000000000000, 1.000000000000000000 ) ) ;
#4068 = DIRECTION ( 'NONE',  ( -0.000000000000000000, 1.000000000000000000, 0.000000000000000000 ) ) ;
#4069 = CARTESIAN_POINT ( 'NONE',  ( -3.250000000000000000, 0.2699999999999994071, 2.250000000000000888 ) ) ;
#4070 = DIRECTION ( 'NONE',  ( 0.000000000000000000, 0.000000000000000000, 1.000000000000000000 ) ) ;
#4071 = FACE_OUTER_BOUND ( 'NONE', #6007, .T. ) ;
#4072 = DIRECTION ( 'NONE',  ( 0.000000000000000000, 0.000000000000000000, -1.000000000000000000 ) ) ;
#4073 = ADVANCED_FACE ( 'NONE', ( #8885 ), #9000, .T. ) ;
#4074 = ORIENTED_EDGE ( 'NONE', *, *, #6687, .T. ) ;
#4075 = DIRECTION ( 'NONE',  ( 1.000000000000000000, 0.000000000000000000, -0.000000000000000000 ) ) ;
#4076 = ADVANCED_FACE ( 'NONE', ( #438 ), #4726, .T. ) ;
#4077 = VERTEX_POINT ( 'NONE', #6633 ) ;
#4078 = LINE ( 'NONE', #11600, #4101 ) ;
#4079 = CIRCLE ( 'NONE', #2530, 0.1499999999999999667 ) ;
#4080 = AXIS2_PLACEMENT_3D ( 'NONE', #10550, #8631, #12468 ) ;
#4081 = FACE_OUTER_BOUND ( 'NONE', #5953, .T. ) ;
#4082 = SPHERICAL_SURFACE ( 'NONE', #12877, 0.1499999999999998557 ) ;
#4083 = DIRECTION ( 'NONE',  ( -0.000000000000000000, 1.000000000000000000, -0.000000000000000000 ) ) ;
#4084 = FACE_OUTER_BOUND ( 'NONE', #1640, .T. ) ;
#4085 = ADVANCED_FACE ( 'NONE', ( #328 ), #5458, .T. ) ;
#4086 = EDGE_CURVE ( 'NONE', #3251, #961, #4527, .T. ) ;
#4087 = DIRECTION ( 'NONE',  ( 0.000000000000000000, 0.000000000000000000, 1.000000000000000000 ) ) ;
#4088 = AXIS2_PLACEMENT_3D ( 'NONE', #8586, #635, #10339 ) ;
#4089 = MANIFOLD_SOLID_BREP ( 'LPattern1[125]', #8770 ) ;
#4090 = MECHANICAL_DESIGN_GEOMETRIC_PRESENTATION_REPRESENTATION (  '', ( #2386 ), #10028 ) ;
#4091 = ORIENTED_EDGE ( 'NONE', *, *, #6295, .F. ) ;
#4092 = DIRECTION ( 'NONE',  ( 0.000000000000000000, 0.000000000000000000, 1.000000000000000000 ) ) ;
#4093 = PLANE ( 'NONE',  #7002 ) ;
#4094 = AXIS2_PLACEMENT_3D ( 'NONE', #10476, #8405, #11217 ) ;
#4095 = DIRECTION ( 'NONE',  ( 0.000000000000000000, 0.000000000000000000, -1.000000000000000000 ) ) ;
#4096 = CARTESIAN_POINT ( 'NONE',  ( 0.7500000000000002220, 0.1499999999999999944, -2.749999999999999556 ) ) ;
#4097 = ORIENTED_EDGE ( 'NONE', *, *, #12649, .F. ) ;
#4098 = DIRECTION ( 'NONE',  ( 0.000000000000000000, 0.000000000000000000, 1.000000000000000000 ) ) ;
#4099 =( NAMED_UNIT ( * ) SI_UNIT ( $, .STERADIAN. ) SOLID_ANGLE_UNIT ( ) );
#4100 = EDGE_LOOP ( 'NONE', ( #10449, #35 ) ) ;
#4101 = VECTOR ( 'NONE', #4500, 1000.000000000000000 ) ;
#4102 = PLANE ( 'NONE',  #11289 ) ;
#4103 = DIRECTION ( 'NONE',  ( 1.000000000000000000, 0.000000000000000000, -0.000000000000000000 ) ) ;
#4104 = SURFACE_STYLE_FILL_AREA ( #6006 ) ;
#4105 = CARTESIAN_POINT ( 'NONE',  ( -0.7499999999999997780, 0.2699999999999994071, -2.159999999999999254 ) ) ;
#4106 = DIRECTION ( 'NONE',  ( -1.000000000000000000, 0.000000000000000000, 0.000000000000000000 ) ) ;
#4107 = DIRECTION ( 'NONE',  ( 1.000000000000000000, 0.000000000000000000, -0.000000000000000000 ) ) ;
#4108 = EDGE_CURVE ( 'NONE', #4819, #6796, #812, .T. ) ;
#4109 = EDGE_LOOP ( 'NONE', ( #10271, #3072, #12067 ) ) ;
#4110 = ADVANCED_FACE ( 'NONE', ( #4954 ), #5040, .T. ) ;
#4111 = AXIS2_PLACEMENT_3D ( 'NONE', #390, #2507, #6528 ) ;
#4112 = DIRECTION ( 'NONE',  ( 0.000000000000000000, 0.000000000000000000, 1.000000000000000000 ) ) ;
#4113 = EDGE_CURVE ( 'NONE', #2623, #3926, #944, .T. ) ;
#4114 = ADVANCED_FACE ( 'NONE', ( #9270 ), #1403, .T. ) ;
#4115 = AXIS2_PLACEMENT_3D ( 'NONE', #2061, #3314, #4298 ) ;
#4116 = ORIENTED_EDGE ( 'NONE', *, *, #5533, .T. ) ;
#4117 = CARTESIAN_POINT ( 'NONE',  ( -5.750000000000001776, -17.35655495770977907, -6.500000000000000000 ) ) ;
#4118 = EDGE_LOOP ( 'NONE', ( #5247, #4941, #742 ) ) ;
#4119 = DIRECTION ( 'NONE',  ( -0.000000000000000000, 1.000000000000000000, -0.000000000000000000 ) ) ;
#4120 = DIRECTION ( 'NONE',  ( -0.000000000000000000, 1.000000000000000000, 0.000000000000000000 ) ) ;
#4121 = FILL_AREA_STYLE_COLOUR ( '', #3294 ) ;
#4122 = CARTESIAN_POINT ( 'NONE',  ( -1.249999999999999778, 0.2699999999999994071, 3.250000000000001776 ) ) ;
#4123 = CIRCLE ( 'NONE', #6389, 0.08999999999999980238 ) ;
#4124 = FACE_OUTER_BOUND ( 'NONE', #11564, .T. ) ;
#4125 = DIRECTION ( 'NONE',  ( -0.000000000000000000, 1.000000000000000000, -0.000000000000000000 ) ) ;
#4126 = DIRECTION ( 'NONE',  ( 0.000000000000000000, 0.000000000000000000, -1.000000000000000000 ) ) ;
#4127 = DIRECTION ( 'NONE',  ( 0.000000000000000000, 0.000000000000000000, -1.000000000000000000 ) ) ;
#4128 = CIRCLE ( 'NONE', #8499, 0.08999999999999980238 ) ;
#4129 = FILL_AREA_STYLE ('',( #2149 ) ) ;
#4130 = VERTEX_POINT ( 'NONE', #1569 ) ;
#4131 = CIRCLE ( 'NONE', #12337, 0.1499999999999999667 ) ;
#4132 = AXIS2_PLACEMENT_3D ( 'NONE', #3016, #136, #1232 ) ;
#4133 = MECHANICAL_DESIGN_GEOMETRIC_PRESENTATION_REPRESENTATION (  '', ( #8362 ), #9153 ) ;
#4134 = EDGE_LOOP ( 'NONE', ( #1158, #7682, #5584 ) ) ;
#4135 = EDGE_CURVE ( 'NONE', #7584, #9977, #9555, .T. ) ;
#4136 = EDGE_LOOP ( 'NONE', ( #546, #7473, #6236 ) ) ;
#4137 = SPHERICAL_SURFACE ( 'NONE', #9498, 0.1499999999999998557 ) ;
#4138 =( NAMED_UNIT ( * ) SI_UNIT ( $, .STERADIAN. ) SOLID_ANGLE_UNIT ( ) );
#4139 = FACE_OUTER_BOUND ( 'NONE', #10208, .T. ) ;
#4140 = AXIS2_PLACEMENT_3D ( 'NONE', #927, #1002, #1983 ) ;
#4141 = CIRCLE ( 'NONE', #6404, 0.08999999999999980238 ) ;
#4142 = CARTESIAN_POINT ( 'NONE',  ( 0.7500000000000002220, 0.1499999999999999944, 2.750000000000000888 ) ) ;
#4143 = AXIS2_PLACEMENT_3D ( 'NONE', #8555, #4548, #2628 ) ;
#4144 = DIRECTION ( 'NONE',  ( 1.000000000000000000, 0.000000000000000000, -0.000000000000000000 ) ) ;
#4145 = EDGE_CURVE ( 'NONE', #8545, #4029, #975, .T. ) ;
#4146 = DIRECTION ( 'NONE',  ( 1.000000000000000000, 0.000000000000000000, 1.224646799147353207E-16 ) ) ;
#4147 = DIRECTION ( 'NONE',  ( -1.000000000000000000, 0.000000000000000000, 0.000000000000000000 ) ) ;
#4148 =( LENGTH_UNIT ( ) NAMED_UNIT ( * ) SI_UNIT ( .MILLI., .METRE. ) );
#4149 = AXIS2_PLACEMENT_3D ( 'NONE', #6237, #3969, #4994 ) ;
#4150 = AXIS2_PLACEMENT_3D ( 'NONE', #8430, #5514, #1197 ) ;
#4151 = ORIENTED_EDGE ( 'NONE', *, *, #4135, .T. ) ;
#4152 = DIRECTION ( 'NONE',  ( -0.000000000000000000, 1.000000000000000000, -0.000000000000000000 ) ) ;
#4153 = DIRECTION ( 'NONE',  ( 0.000000000000000000, 0.000000000000000000, 1.000000000000000000 ) ) ;
#4154 = CARTESIAN_POINT ( 'NONE',  ( 5.749999999999998224, 0.4200000000000002620, -6.500000000000000000 ) ) ;
#4155 = FILL_AREA_STYLE_COLOUR ( '', #5089 ) ;
#4156 = MANIFOLD_SOLID_BREP ( 'LPattern1[126]', #4234 ) ;
#4157 = LINE ( 'NONE', #11311, #162 ) ;
#4158 = ORIENTED_EDGE ( 'NONE', *, *, #5716, .T. ) ;
#4159 = DIRECTION ( 'NONE',  ( -0.000000000000000000, 1.000000000000000000, -0.000000000000000000 ) ) ;
#4160 = ORIENTED_EDGE ( 'NONE', *, *, #11251, .T. ) ;
#4161 = PRESENTATION_STYLE_ASSIGNMENT (( #5219 ) ) ;
#4162 = DIRECTION ( 'NONE',  ( -0.000000000000000000, 1.000000000000000000, -0.000000000000000000 ) ) ;
#4163 = AXIS2_PLACEMENT_3D ( 'NONE', #6243, #12585, #8254 ) ;
#4164 = EDGE_CURVE ( 'NONE', #6527, #10512, #5019, .T. ) ;
#4165 = ADVANCED_FACE ( 'NONE', ( #9530 ), #1108, .T. ) ;
#4166 = EDGE_LOOP ( 'NONE', ( #9708, #8771 ) ) ;
#4167 = DIRECTION ( 'NONE',  ( 0.000000000000000000, 0.000000000000000000, -1.000000000000000000 ) ) ;
#4168 = CARTESIAN_POINT ( 'NONE',  ( -2.750000000000000000, 0.2699999999999994071, 0.2500000000000011102 ) ) ;
#4169 = CARTESIAN_POINT ( 'NONE',  ( 3.250000000000000888, 0.2699999999999994071, -2.749999999999999112 ) ) ;
#4170 = CARTESIAN_POINT ( 'NONE',  ( -2.250000000000000000, 0.2699999999999994071, 2.340000000000000302 ) ) ;
#4171 = ADVANCED_FACE ( 'NONE', ( #771 ), #5097, .T. ) ;
#4172 = VERTEX_POINT ( 'NONE', #7899 ) ;
#4173 = CARTESIAN_POINT ( 'NONE',  ( -2.250000000000000000, 1.355252715606880543E-16, -1.249999999999999334 ) ) ;
#4174 = ADVANCED_FACE ( 'NONE', ( #791 ), #959, .T. ) ;
#4175 = EDGE_LOOP ( 'NONE', ( #2162, #5202, #5690 ) ) ;
#4176 = CIRCLE ( 'NONE', #9658, 0.08999999999999980238 ) ;
#4177 = CARTESIAN_POINT ( 'NONE',  ( 0.2500000000000002220, 0.2699999999999994071, -3.339999999999999414 ) ) ;
#4178 =( LENGTH_UNIT ( ) NAMED_UNIT ( * ) SI_UNIT ( .MILLI., .METRE. ) );
#4179 = FACE_OUTER_BOUND ( 'NONE', #866, .T. ) ;
#4180 = CARTESIAN_POINT ( 'NONE',  ( -1.749999999999999778, 1.355252715606880543E-16, -3.249999999999999556 ) ) ;
#4181 = CARTESIAN_POINT ( 'NONE',  ( 2.750000000000000444, 0.1499999999999999944, -1.249999999999999334 ) ) ;
#4182 = MECHANICAL_DESIGN_GEOMETRIC_PRESENTATION_REPRESENTATION (  '', ( #3737 ), #11360 ) ;
#4183 = ADVANCED_FACE ( 'NONE', ( #5119 ), #12072, .T. ) ;
#4184 = DIRECTION ( 'NONE',  ( 0.000000000000000000, 0.000000000000000000, 1.000000000000000000 ) ) ;
#4185 = EDGE_LOOP ( 'NONE', ( #5322, #1292, #5298 ) ) ;
#4186 = ORIENTED_EDGE ( 'NONE', *, *, #9194, .F. ) ;
#4187 = EDGE_CURVE ( 'NONE', #6828, #2624, #997, .T. ) ;
#4188 = CARTESIAN_POINT ( 'NONE',  ( 2.750000000000000444, 0.1499999999999999944, 3.250000000000001332 ) ) ;
#4189 = CIRCLE ( 'NONE', #4865, 0.1499999999999999667 ) ;
#4190 = UNCERTAINTY_MEASURE_WITH_UNIT (LENGTH_MEASURE( 1.000000000000000082E-05 ), #9589, 'distance_accuracy_value', 'NONE');
#4191 = PRESENTATION_LAYER_ASSIGNMENT (  '', '', ( #9500 ) ) ;
#4192 = UNCERTAINTY_MEASURE_WITH_UNIT (LENGTH_MEASURE( 1.000000000000000082E-05 ), #9746, 'distance_accuracy_value', 'NONE');
#4193 = ORIENTED_EDGE ( 'NONE', *, *, #6315, .T. ) ;
#4194 = EDGE_CURVE ( 'NONE', #265, #1246, #5287, .T. ) ;
#4195 =( NAMED_UNIT ( * ) PLANE_ANGLE_UNIT ( ) SI_UNIT ( $, .RADIAN. ) );
#4196 = ORIENTED_EDGE ( 'NONE', *, *, #617, .F. ) ;
#4197 = AXIS2_PLACEMENT_3D ( 'NONE', #8145, #2056, #7046 ) ;
#4198 = SURFACE_STYLE_FILL_AREA ( #9772 ) ;
#4199 = PRESENTATION_STYLE_ASSIGNMENT (( #428 ) ) ;
#4200 = PLANE ( 'NONE',  #6325 ) ;
#4201 = DIRECTION ( 'NONE',  ( 0.000000000000000000, 0.000000000000000000, 1.000000000000000000 ) ) ;
#4202 = FILL_AREA_STYLE ('',( #7492 ) ) ;
#4203 = CIRCLE ( 'NONE', #2314, 0.08999999999999980238 ) ;
#4204 = DIRECTION ( 'NONE',  ( 1.000000000000000000, 0.000000000000000000, -0.000000000000000000 ) ) ;
#4205 = CARTESIAN_POINT ( 'NONE',  ( -0.7499999999999997780, 0.2699999999999994071, -3.249999999999999112 ) ) ;
#4206 = ADVANCED_FACE ( 'NONE', ( #5077 ), #9591, .T. ) ;
#4207 = FILL_AREA_STYLE ('',( #3222 ) ) ;
#4208 = DIRECTION ( 'NONE',  ( 1.000000000000000000, 0.000000000000000000, 1.224646799147353207E-16 ) ) ;
#4209 = CIRCLE ( 'NONE', #12687, 0.08999999999999980238 ) ;
#4210 = DIRECTION ( 'NONE',  ( -0.000000000000000000, 1.000000000000000000, -0.000000000000000000 ) ) ;
#4211 = VERTEX_POINT ( 'NONE', #8067 ) ;
#4212 = AXIS2_PLACEMENT_3D ( 'NONE', #11124, #9233, #155 ) ;
#4213 = CARTESIAN_POINT ( 'NONE',  ( -2.750000000000000000, 0.1499999999999999944, -2.749999999999999556 ) ) ;
#4214 = MECHANICAL_DESIGN_GEOMETRIC_PRESENTATION_REPRESENTATION (  '', ( #7503 ), #10600 ) ;
#4215 = ORIENTED_EDGE ( 'NONE', *, *, #2150, .T. ) ;
#4216 = ORIENTED_EDGE ( 'NONE', *, *, #2038, .T. ) ;
#4217 = DIRECTION ( 'NONE',  ( 0.000000000000000000, 0.000000000000000000, -1.000000000000000000 ) ) ;
#4218 = PRESENTATION_STYLE_ASSIGNMENT (( #2824 ) ) ;
#4219 = EDGE_CURVE ( 'NONE', #4987, #4029, #5220, .T. ) ;
#4220 = ORIENTED_EDGE ( 'NONE', *, *, #12344, .T. ) ;
#4221 = AXIS2_PLACEMENT_3D ( 'NONE', #880, #1844, #2105 ) ;
#4222 = ORIENTED_EDGE ( 'NONE', *, *, #5, .T. ) ;
#4223 = AXIS2_PLACEMENT_3D ( 'NONE', #12279, #1562, #1224 ) ;
#4224 = CIRCLE ( 'NONE', #5423, 0.1499999999999999667 ) ;
#4225 = DIRECTION ( 'NONE',  ( 1.000000000000000000, 0.000000000000000000, 1.224646799147353207E-16 ) ) ;
#4226 = AXIS2_PLACEMENT_3D ( 'NONE', #12655, #11676, #12741 ) ;
#4227 = CARTESIAN_POINT ( 'NONE',  ( -4.312500000000001776, 0.8000000000000000444, -5.062499999999999112 ) ) ;
#4228 = PLANE ( 'NONE',  #8454 ) ;
#4229 = ORIENTED_EDGE ( 'NONE', *, *, #1547, .F. ) ;
#4230 = DIRECTION ( 'NONE',  ( 0.000000000000000000, 0.000000000000000000, 1.000000000000000000 ) ) ;
#4231 = VERTEX_POINT ( 'NONE', #11906 ) ;
#4232 = CARTESIAN_POINT ( 'NONE',  ( 3.250000000000000888, 0.1499999999999999944, -0.7499999999999993339 ) ) ;
#4233 = AXIS2_PLACEMENT_3D ( 'NONE', #11443, #9285, #11267 ) ;
#4234 = CLOSED_SHELL ( 'NONE', ( #2706, #3871, #1802 ) ) ;
#4235 = DIRECTION ( 'NONE',  ( 1.000000000000000000, 0.000000000000000000, -0.000000000000000000 ) ) ;
#4236 = DIRECTION ( 'NONE',  ( -0.000000000000000000, 1.000000000000000000, 0.000000000000000000 ) ) ;
#4237 = DIRECTION ( 'NONE',  ( 0.000000000000000000, 0.000000000000000000, 1.000000000000000000 ) ) ;
#4238 = CIRCLE ( 'NONE', #1920, 0.1499999999999999667 ) ;
#4239 = MANIFOLD_SOLID_BREP ( 'LPattern1[62]', #10298 ) ;
#4240 = ORIENTED_EDGE ( 'NONE', *, *, #8268, .F. ) ;
#4241 = DIRECTION ( 'NONE',  ( 0.000000000000000000, 0.000000000000000000, 1.000000000000000000 ) ) ;
#4242 = VERTEX_POINT ( 'NONE', #4894 ) ;
#4243 = CIRCLE ( 'NONE', #7932, 0.08999999999999980238 ) ;
#4244 = CARTESIAN_POINT ( 'NONE',  ( -2.250000000000000000, 0.2699999999999994071, -0.7499999999999988898 ) ) ;
#4245 = DIRECTION ( 'NONE',  ( 1.000000000000000000, 0.000000000000000000, -0.000000000000000000 ) ) ;
#4246 = PRESENTATION_LAYER_ASSIGNMENT (  '', '', ( #7857 ) ) ;
#4247 = CIRCLE ( 'NONE', #10223, 0.1499999999999998557 ) ;
#4248 = MANIFOLD_SOLID_BREP ( 'LPattern1[10]', #1301 ) ;
#4249 = CARTESIAN_POINT ( 'NONE',  ( 2.250000000000000000, 0.1499999999999999944, 2.250000000000000444 ) ) ;
#4250 = ORIENTED_EDGE ( 'NONE', *, *, #9338, .F. ) ;
#4251 = AXIS2_PLACEMENT_3D ( 'NONE', #12513, #12432, #5706 ) ;
#4252 = DIRECTION ( 'NONE',  ( 0.000000000000000000, 0.000000000000000000, 1.000000000000000000 ) ) ;
#4253 = ORIENTED_EDGE ( 'NONE', *, *, #9833, .F. ) ;
#4254 = DIRECTION ( 'NONE',  ( -0.000000000000000000, 1.000000000000000000, -0.000000000000000000 ) ) ;
#4255 = VERTEX_POINT ( 'NONE', #6143 ) ;
#4256 =( NAMED_UNIT ( * ) SI_UNIT ( $, .STERADIAN. ) SOLID_ANGLE_UNIT ( ) );
#4257 = CARTESIAN_POINT ( 'NONE',  ( -2.250000000000000000, 0.1499999999999999944, -2.249999999999999556 ) ) ;
#4258 = ORIENTED_EDGE ( 'NONE', *, *, #11539, .F. ) ;
#4259 = DIRECTION ( 'NONE',  ( 1.000000000000000000, 0.000000000000000000, -0.000000000000000000 ) ) ;
#4260 =( NAMED_UNIT ( * ) PLANE_ANGLE_UNIT ( ) SI_UNIT ( $, .RADIAN. ) );
#4261 = ORIENTED_EDGE ( 'NONE', *, *, #6948, .T. ) ;
#4262 = FACE_OUTER_BOUND ( 'NONE', #1650, .T. ) ;
#4263 = CARTESIAN_POINT ( 'NONE',  ( 2.250000000000000000, 0.1499999999999999944, -2.249999999999999556 ) ) ;
#4264 = CARTESIAN_POINT ( 'NONE',  ( -2.250000000000000000, 0.1499999999999999944, 1.750000000000000666 ) ) ;
#4265 = EDGE_CURVE ( 'NONE', #614, #9028, #1431, .T. ) ;
#4266 = CARTESIAN_POINT ( 'NONE',  ( 2.250000000000000000, 0.2699999999999994071, -1.659999999999999254 ) ) ;
#4267 = CARTESIAN_POINT ( 'NONE',  ( 3.250000000000000888, 0.2699999999999994071, -2.159999999999999254 ) ) ;
#4268 =( GEOMETRIC_REPRESENTATION_CONTEXT ( 3 ) GLOBAL_UNCERTAINTY_ASSIGNED_CONTEXT ( ( #11074 ) ) GLOBAL_UNIT_ASSIGNED_CONTEXT ( ( #7350, #5433, #6436 ) ) REPRESENTATION_CONTEXT ( 'NONE', 'WORKASPACE' ) );
#4269 = FACE_OUTER_BOUND ( 'NONE', #257, .T. ) ;
#4270 = EDGE_CURVE ( 'NONE', #1703, #6774, #9723, .T. ) ;
#4271 = MECHANICAL_DESIGN_GEOMETRIC_PRESENTATION_REPRESENTATION (  '', ( #7726 ), #3954 ) ;
#4272 = AXIS2_PLACEMENT_3D ( 'NONE', #3573, #4558, #6566 ) ;
#4273 = DIRECTION ( 'NONE',  ( 1.000000000000000000, 0.000000000000000000, -0.000000000000000000 ) ) ;
#4274 = DIRECTION ( 'NONE',  ( -0.000000000000000000, 1.000000000000000000, -0.000000000000000000 ) ) ;
#4275 = ADVANCED_FACE ( 'NONE', ( #1331 ), #349, .T. ) ;
#4276 = VERTEX_POINT ( 'NONE', #3319 ) ;
#4277 = ORIENTED_EDGE ( 'NONE', *, *, #5237, .T. ) ;
#4278 = MECHANICAL_DESIGN_GEOMETRIC_PRESENTATION_REPRESENTATION (  '', ( #1205 ), #8952 ) ;
#4279 = CARTESIAN_POINT ( 'NONE',  ( -1.249999999999999778, 0.1499999999999999944, -3.249999999999999556 ) ) ;
#4280 = CIRCLE ( 'NONE', #11398, 0.08999999999999980238 ) ;
#4281 = ADVANCED_FACE ( 'NONE', ( #9793 ), #5571, .T. ) ;
#4282 = EDGE_LOOP ( 'NONE', ( #12871, #6490 ) ) ;
#4283 = CARTESIAN_POINT ( 'NONE',  ( -0.2499999999999997780, 0.2699999999999994071, -1.159999999999999032 ) ) ;
#4284 = ADVANCED_FACE ( 'NONE', ( #1195 ), #1174, .T. ) ;
#4285 = ORIENTED_EDGE ( 'NONE', *, *, #10996, .T. ) ;
#4286 = COLOUR_RGB ( '',0.7921568627450980005, 0.8196078431372548767, 0.9333333333333333481 ) ;
#4287 = CIRCLE ( 'NONE', #7853, 0.1499999999999999667 ) ;
#4288 = FILL_AREA_STYLE ('',( #7973 ) ) ;
#4289 = PLANE ( 'NONE',  #8595 ) ;
#4290 = DIRECTION ( 'NONE',  ( 0.000000000000000000, 0.000000000000000000, 1.000000000000000000 ) ) ;
#4291 = CIRCLE ( 'NONE', #5447, 0.08999999999999980238 ) ;
#4292 = CARTESIAN_POINT ( 'NONE',  ( -1.249999999999999778, 0.2699999999999994071, 1.160000000000001252 ) ) ;
#4293 = DIRECTION ( 'NONE',  ( 0.000000000000000000, 0.000000000000000000, 1.000000000000000000 ) ) ;
#4294 = DIRECTION ( 'NONE',  ( 0.000000000000000000, 0.000000000000000000, -1.000000000000000000 ) ) ;
#4295 = PLANE ( 'NONE',  #2533 ) ;
#4296 = AXIS2_PLACEMENT_3D ( 'NONE', #10161, #4300, #12231 ) ;
#4297 = ADVANCED_FACE ( 'NONE', ( #1455 ), #5786, .T. ) ;
#4298 = DIRECTION ( 'NONE',  ( 0.000000000000000000, 0.000000000000000000, 1.000000000000000000 ) ) ;
#4299 = ADVANCED_FACE ( 'NONE', ( #1392 ), #5674, .T. ) ;
#4300 = DIRECTION ( 'NONE',  ( -0.000000000000000000, 1.000000000000000000, -0.000000000000000000 ) ) ;
#4301 = EDGE_CURVE ( 'NONE', #3505, #453, #9768, .T. ) ;
#4302 = AXIS2_PLACEMENT_3D ( 'NONE', #11569, #7594, #12396 ) ;
#4303 = ORIENTED_EDGE ( 'NONE', *, *, #4529, .T. ) ;
#4304 = VERTEX_POINT ( 'NONE', #7846 ) ;
#4305 = DIRECTION ( 'NONE',  ( 0.000000000000000000, 0.000000000000000000, 1.000000000000000000 ) ) ;
#4306 = EDGE_CURVE ( 'NONE', #6094, #4731, #1266, .T. ) ;
#4307 = COLOUR_RGB ( '',0.7921568627450980005, 0.8196078431372548767, 0.9333333333333333481 ) ;
#4308 = AXIS2_PLACEMENT_3D ( 'NONE', #2488, #3671, #4669 ) ;
#4309 = ORIENTED_EDGE ( 'NONE', *, *, #1120, .F. ) ;
#4310 = ORIENTED_EDGE ( 'NONE', *, *, #6153, .F. ) ;
#4311 = CIRCLE ( 'NONE', #2806, 0.1499999999999999667 ) ;
#4312 = AXIS2_PLACEMENT_3D ( 'NONE', #11986, #5713, #73 ) ;
#4313 = FACE_OUTER_BOUND ( 'NONE', #7686, .T. ) ;
#4314 = ADVANCED_FACE ( 'NONE', ( #5680 ), #12643, .T. ) ;
#4315 = DIRECTION ( 'NONE',  ( 0.000000000000000000, 0.000000000000000000, 1.000000000000000000 ) ) ;
#4316 = CARTESIAN_POINT ( 'NONE',  ( -5.745000000000001883, 0.3199999999999999512, -6.000000000000000000 ) ) ;
#4317 =( LENGTH_UNIT ( ) NAMED_UNIT ( * ) SI_UNIT ( .MILLI., .METRE. ) );
#4318 = FILL_AREA_STYLE_COLOUR ( '', #5687 ) ;
#4319 = DIRECTION ( 'NONE',  ( 0.000000000000000000, 0.000000000000000000, -1.000000000000000000 ) ) ;
#4320 = ORIENTED_EDGE ( 'NONE', *, *, #4422, .T. ) ;
#4321 = DIRECTION ( 'NONE',  ( 0.000000000000000000, 0.000000000000000000, 1.000000000000000000 ) ) ;
#4322 = VERTEX_POINT ( 'NONE', #4479 ) ;
#4323 = SURFACE_STYLE_USAGE ( .BOTH. , #10499 ) ;
#4324 = DIRECTION ( 'NONE',  ( 0.000000000000000000, 0.000000000000000000, 1.000000000000000000 ) ) ;
#4325 = AXIS2_PLACEMENT_3D ( 'NONE', #467, #1460, #5607 ) ;
#4326 = CIRCLE ( 'NONE', #7826, 0.1499999999999999667 ) ;
#4327 = ADVANCED_FACE ( 'NONE', ( #5640 ), #5459, .T. ) ;
#4328 = ORIENTED_EDGE ( 'NONE', *, *, #11371, .T. ) ;
#4329 = FILL_AREA_STYLE ('',( #3343 ) ) ;
#4330 = EDGE_LOOP ( 'NONE', ( #1376, #9954, #9306 ) ) ;
#4331 = SPHERICAL_SURFACE ( 'NONE', #4846, 0.1499999999999998557 ) ;
#4332 = CIRCLE ( 'NONE', #6239, 0.1499999999999999667 ) ;
#4333 = AXIS2_PLACEMENT_3D ( 'NONE', #12167, #4724, #282 ) ;
#4334 = EDGE_CURVE ( 'NONE', #2130, #528, #1355, .T. ) ;
#4335 = PRESENTATION_STYLE_ASSIGNMENT (( #9139 ) ) ;
#4336 = DIRECTION ( 'NONE',  ( 0.000000000000000000, 0.000000000000000000, 1.000000000000000000 ) ) ;
#4337 = FACE_OUTER_BOUND ( 'NONE', #6205, .T. ) ;
#4338 = PLANE ( 'NONE',  #6914 ) ;
#4339 = EDGE_LOOP ( 'NONE', ( #2051, #4859 ) ) ;
#4340 = DIRECTION ( 'NONE',  ( 0.000000000000000000, 0.000000000000000000, 1.000000000000000000 ) ) ;
#4341 = ORIENTED_EDGE ( 'NONE', *, *, #1658, .F. ) ;
#4342 = CARTESIAN_POINT ( 'NONE',  ( -2.750000000000000000, 0.2699999999999994071, -2.749999999999999112 ) ) ;
#4343 = DIRECTION ( 'NONE',  ( 0.000000000000000000, 0.000000000000000000, 1.000000000000000000 ) ) ;
#4344 = CIRCLE ( 'NONE', #10165, 0.1499999999999998557 ) ;
#4345 = ORIENTED_EDGE ( 'NONE', *, *, #8918, .T. ) ;
#4346 = MANIFOLD_SOLID_BREP ( 'LPattern1[21]', #2822 ) ;
#4347 = CARTESIAN_POINT ( 'NONE',  ( 2.250000000000000000, 0.1499999999999999944, 1.750000000000000666 ) ) ;
#4348 = AXIS2_PLACEMENT_3D ( 'NONE', #1045, #6277, #7282 ) ;
#4349 = DIRECTION ( 'NONE',  ( 0.000000000000000000, 0.000000000000000000, 1.000000000000000000 ) ) ;
#4350 = ORIENTED_EDGE ( 'NONE', *, *, #3899, .F. ) ;
#4351 = FACE_OUTER_BOUND ( 'NONE', #5324, .T. ) ;
#4352 = DIRECTION ( 'NONE',  ( -1.000000000000000000, 0.000000000000000000, 0.000000000000000000 ) ) ;
#4353 = DIRECTION ( 'NONE',  ( 0.000000000000000000, 0.000000000000000000, 1.000000000000000000 ) ) ;
#4354 = COLOUR_RGB ( '',0.7921568627450980005, 0.8196078431372548767, 0.9333333333333333481 ) ;
#4355 = CARTESIAN_POINT ( 'NONE',  ( 1.250000000000000666, 1.355252715606880543E-16, -2.749999999999999556 ) ) ;
#4356 = SURFACE_STYLE_FILL_AREA ( #4329 ) ;
#4357 = EDGE_CURVE ( 'NONE', #6656, #3081, #10062, .T. ) ;
#4358 = SPHERICAL_SURFACE ( 'NONE', #12845, 0.1499999999999998557 ) ;
#4359 = UNCERTAINTY_MEASURE_WITH_UNIT (LENGTH_MEASURE( 1.000000000000000082E-05 ), #10577, 'distance_accuracy_value', 'NONE');
#4360 = UNCERTAINTY_MEASURE_WITH_UNIT (LENGTH_MEASURE( 1.000000000000000082E-05 ), #8889, 'distance_accuracy_value', 'NONE');
#4361 = EDGE_CURVE ( 'NONE', #11974, #4444, #10128, .T. ) ;
#4362 = CARTESIAN_POINT ( 'NONE',  ( -3.250000000000000000, 0.1499999999999999944, -0.2499999999999993616 ) ) ;
#4363 = CARTESIAN_POINT ( 'NONE',  ( -1.749999999999999778, 0.2699999999999994071, 3.340000000000001190 ) ) ;
#4364 = ORIENTED_EDGE ( 'NONE', *, *, #11099, .T. ) ;
#4365 = ORIENTED_EDGE ( 'NONE', *, *, #10410, .T. ) ;
#4366 = CARTESIAN_POINT ( 'NONE',  ( -1.249999999999999778, 0.1499999999999999944, 0.2500000000000006661 ) ) ;
#4367 = AXIS2_PLACEMENT_3D ( 'NONE', #10471, #9562, #11477 ) ;
#4368 = PRESENTATION_STYLE_ASSIGNMENT (( #8928 ) ) ;
#4369 = ORIENTED_EDGE ( 'NONE', *, *, #10987, .F. ) ;
#4370 = SURFACE_STYLE_USAGE ( .BOTH. , #7486 ) ;
#4371 = ORIENTED_EDGE ( 'NONE', *, *, #2474, .F. ) ;
#4372 = DIRECTION ( 'NONE',  ( -0.000000000000000000, 1.000000000000000000, -0.000000000000000000 ) ) ;
#4373 = STYLED_ITEM ( 'NONE', ( #11356 ), #6142 ) ;
#4374 = FILL_AREA_STYLE ('',( #8316 ) ) ;
#4375 = SURFACE_STYLE_USAGE ( .BOTH. , #3122 ) ;
#4376 = CIRCLE ( 'NONE', #4671, 0.08999999999999980238 ) ;
#4377 = FACE_OUTER_BOUND ( 'NONE', #5018, .T. ) ;
#4378 = CARTESIAN_POINT ( 'NONE',  ( 1.250000000000000666, 0.1499999999999999944, -1.249999999999999334 ) ) ;
#4379 = DIRECTION ( 'NONE',  ( 0.000000000000000000, 0.000000000000000000, -1.000000000000000000 ) ) ;
#4380 = CARTESIAN_POINT ( 'NONE',  ( -1.249999999999999778, 0.2699999999999994071, 2.750000000000001332 ) ) ;
#4381 = CARTESIAN_POINT ( 'NONE',  ( 2.250000000000000000, 0.2699999999999994071, 2.250000000000000888 ) ) ;
#4382 = EDGE_CURVE ( 'NONE', #400, #12055, #9978, .T. ) ;
#4383 = DIRECTION ( 'NONE',  ( 1.000000000000000000, 0.000000000000000000, -0.000000000000000000 ) ) ;
#4384 = DIRECTION ( 'NONE',  ( 0.000000000000000000, 0.000000000000000000, 1.000000000000000000 ) ) ;
#4385 = MECHANICAL_DESIGN_GEOMETRIC_PRESENTATION_REPRESENTATION (  '', ( #7359 ), #12042 ) ;
#4386 = STYLED_ITEM ( 'NONE', ( #8931 ), #9081 ) ;
#4387 = ORIENTED_EDGE ( 'NONE', *, *, #8712, .T. ) ;
#4388 = EDGE_LOOP ( 'NONE', ( #11639, #4401, #4767 ) ) ;
#4389 = CARTESIAN_POINT ( 'NONE',  ( -3.250000000000000000, 0.1499999999999999944, -2.249999999999999556 ) ) ;
#4390 = EDGE_LOOP ( 'NONE', ( #3814, #1710, #1449 ) ) ;
#4391 = MECHANICAL_DESIGN_GEOMETRIC_PRESENTATION_REPRESENTATION (  '', ( #230 ), #3623 ) ;
#4392 = ADVANCED_FACE ( 'NONE', ( #1495 ), #10748, .T. ) ;
#4393 = VERTEX_POINT ( 'NONE', #2816 ) ;
#4394 = SURFACE_SIDE_STYLE ('',( #10693 ) ) ;
#4395 = CARTESIAN_POINT ( 'NONE',  ( 3.250000000000000888, 1.355252715606880543E-16, -0.2499999999999993616 ) ) ;
#4396 = DIRECTION ( 'NONE',  ( 0.000000000000000000, 0.000000000000000000, 1.000000000000000000 ) ) ;
#4397 = ADVANCED_FACE ( 'NONE', ( #5390 ), #5813, .T. ) ;
#4398 = DIRECTION ( 'NONE',  ( 0.000000000000000000, 0.000000000000000000, 1.000000000000000000 ) ) ;
#4399 = DIRECTION ( 'NONE',  ( 1.000000000000000000, 0.000000000000000000, -0.000000000000000000 ) ) ;
#4400 = VERTEX_POINT ( 'NONE', #1604 ) ;
#4401 = ORIENTED_EDGE ( 'NONE', *, *, #7786, .T. ) ;
#4402 = FILL_AREA_STYLE_COLOUR ( '', #6918 ) ;
#4403 = PRESENTATION_LAYER_ASSIGNMENT (  '', '', ( #11117 ) ) ;
#4404 =( LENGTH_UNIT ( ) NAMED_UNIT ( * ) SI_UNIT ( .MILLI., .METRE. ) );
#4405 = SURFACE_SIDE_STYLE ('',( #1883 ) ) ;
#4406 = AXIS2_PLACEMENT_3D ( 'NONE', #3572, #11302, #347 ) ;
#4407 = DIRECTION ( 'NONE',  ( 0.000000000000000000, 0.000000000000000000, 1.000000000000000000 ) ) ;
#4408 = EDGE_LOOP ( 'NONE', ( #11780, #4449, #6448 ) ) ;
#4409 = DIRECTION ( 'NONE',  ( 0.000000000000000000, 0.000000000000000000, 1.000000000000000000 ) ) ;
#4410 = ORIENTED_EDGE ( 'NONE', *, *, #7431, .F. ) ;
#4411 = DIRECTION ( 'NONE',  ( 0.000000000000000000, 0.000000000000000000, 1.000000000000000000 ) ) ;
#4412 = CIRCLE ( 'NONE', #9509, 0.1499999999999998557 ) ;
#4413 = SURFACE_STYLE_FILL_AREA ( #6650 ) ;
#4414 = STYLED_ITEM ( 'NONE', ( #11358 ), #3136 ) ;
#4415 = MANIFOLD_SOLID_BREP ( 'LPattern1[155]', #2891 ) ;
#4416 = DIRECTION ( 'NONE',  ( 0.000000000000000000, 0.000000000000000000, 1.000000000000000000 ) ) ;
#4417 = ADVANCED_FACE ( 'NONE', ( #5724 ), #10022, .T. ) ;
#4418 = ORIENTED_EDGE ( 'NONE', *, *, #9411, .T. ) ;
#4419 = DIRECTION ( 'NONE',  ( -0.000000000000000000, 1.000000000000000000, -0.000000000000000000 ) ) ;
#4420 = ORIENTED_EDGE ( 'NONE', *, *, #7187, .F. ) ;
#4421 = DIRECTION ( 'NONE',  ( 1.000000000000000000, 0.000000000000000000, -0.000000000000000000 ) ) ;
#4422 = EDGE_CURVE ( 'NONE', #1807, #8255, #1286, .T. ) ;
#4423 = CARTESIAN_POINT ( 'NONE',  ( -1.249999999999999778, 0.2699999999999994071, 0.2500000000000011102 ) ) ;
#4424 = PRESENTATION_LAYER_ASSIGNMENT (  '', '', ( #9734 ) ) ;
#4425 = ORIENTED_EDGE ( 'NONE', *, *, #128, .F. ) ;
#4426 = CARTESIAN_POINT ( 'NONE',  ( -1.249999999999999778, 0.1499999999999999944, 3.250000000000001332 ) ) ;
#4427 = EDGE_CURVE ( 'NONE', #1434, #3732, #9885, .T. ) ;
#4428 = DIRECTION ( 'NONE',  ( 1.000000000000000000, 0.000000000000000000, -0.000000000000000000 ) ) ;
#4429 = PLANE ( 'NONE',  #5605 ) ;
#4430 = EDGE_LOOP ( 'NONE', ( #7289, #11445, #2957 ) ) ;
#4431 = PRESENTATION_LAYER_ASSIGNMENT (  '', '', ( #10518 ) ) ;
#4432 = COLOUR_RGB ( '',0.7921568627450980005, 0.8196078431372548767, 0.9333333333333333481 ) ;
#4433 = PRESENTATION_LAYER_ASSIGNMENT (  '', '', ( #600 ) ) ;
#4434 = LINE ( 'NONE', #3646, #303 ) ;
#4435 = SURFACE_STYLE_USAGE ( .BOTH. , #1639 ) ;
#4436 =( LENGTH_UNIT ( ) NAMED_UNIT ( * ) SI_UNIT ( .MILLI., .METRE. ) );
#4437 = CARTESIAN_POINT ( 'NONE',  ( -2.250000000000000000, 0.1499999999999999944, -0.7499999999999993339 ) ) ;
#4438 = SURFACE_STYLE_FILL_AREA ( #7576 ) ;
#4439 = FACE_OUTER_BOUND ( 'NONE', #11786, .T. ) ;
#4440 = MANIFOLD_SOLID_BREP ( 'LPattern1[83]', #9493 ) ;
#4441 = SURFACE_SIDE_STYLE ('',( #2583 ) ) ;
#4442 = AXIS2_PLACEMENT_3D ( 'NONE', #1913, #6896, #7926 ) ;
#4443 = DIRECTION ( 'NONE',  ( 0.000000000000000000, 0.000000000000000000, 1.000000000000000000 ) ) ;
#4444 = VERTEX_POINT ( 'NONE', #11852 ) ;
#4445 = CLOSED_SHELL ( 'NONE', ( #6500, #6560, #6319 ) ) ;
#4446 = EDGE_CURVE ( 'NONE', #1836, #5512, #1850, .T. ) ;
#4447 = EDGE_LOOP ( 'NONE', ( #3411, #9159, #5804 ) ) ;
#4448 = DIRECTION ( 'NONE',  ( 0.000000000000000000, 0.000000000000000000, 1.000000000000000000 ) ) ;
#4449 = ORIENTED_EDGE ( 'NONE', *, *, #10210, .T. ) ;
#4450 = AXIS2_PLACEMENT_3D ( 'NONE', #9492, #699, #8742 ) ;
#4451 = CLOSED_SHELL ( 'NONE', ( #6274, #7090, #11171 ) ) ;
#4452 = AXIS2_PLACEMENT_3D ( 'NONE', #1988, #2967, #11498 ) ;
#4453 = FACE_OUTER_BOUND ( 'NONE', #2304, .T. ) ;
#4454 = FACE_OUTER_BOUND ( 'NONE', #10121, .T. ) ;
#4455 = DIRECTION ( 'NONE',  ( 1.000000000000000000, 0.000000000000000000, -0.000000000000000000 ) ) ;
#4456 = DIRECTION ( 'NONE',  ( 0.000000000000000000, 0.000000000000000000, 1.000000000000000000 ) ) ;
#4457 = EDGE_CURVE ( 'NONE', #2577, #10666, #10388, .T. ) ;
#4458 = DIRECTION ( 'NONE',  ( 0.000000000000000000, 0.000000000000000000, 1.000000000000000000 ) ) ;
#4459 = FACE_OUTER_BOUND ( 'NONE', #3390, .T. ) ;
#4460 = AXIS2_PLACEMENT_3D ( 'NONE', #1737, #2710, #8310 ) ;
#4461 = CIRCLE ( 'NONE', #2006, 0.1499999999999999667 ) ;
#4462 = SPHERICAL_SURFACE ( 'NONE', #10439, 0.1499999999999998557 ) ;
#4463 = CARTESIAN_POINT ( 'NONE',  ( -3.250000000000000000, 0.2699999999999994071, -2.749999999999999112 ) ) ;
#4464 = CARTESIAN_POINT ( 'NONE',  ( 1.250000000000000666, 0.2699999999999994071, 2.340000000000000302 ) ) ;
#4465 = FACE_OUTER_BOUND ( 'NONE', #3859, .T. ) ;
#4466 =( NAMED_UNIT ( * ) PLANE_ANGLE_UNIT ( ) SI_UNIT ( $, .RADIAN. ) );
#4467 = PLANE ( 'NONE',  #11631 ) ;
#4468 = DIRECTION ( 'NONE',  ( 0.000000000000000000, 0.000000000000000000, 1.000000000000000000 ) ) ;
#4469 = EDGE_CURVE ( 'NONE', #7055, #4660, #6185, .T. ) ;
#4470 = CLOSED_SHELL ( 'NONE', ( #9125, #12431, #6888 ) ) ;
#4471 = MECHANICAL_DESIGN_GEOMETRIC_PRESENTATION_REPRESENTATION (  '', ( #12718 ), #6 ) ;
#4472 = EDGE_LOOP ( 'NONE', ( #2787, #2915, #2005 ) ) ;
#4473 = CARTESIAN_POINT ( 'NONE',  ( 0.2500000000000002220, 0.1499999999999999944, 2.750000000000000888 ) ) ;
#4474 =( GEOMETRIC_REPRESENTATION_CONTEXT ( 3 ) GLOBAL_UNCERTAINTY_ASSIGNED_CONTEXT ( ( #2142 ) ) GLOBAL_UNIT_ASSIGNED_CONTEXT ( ( #10575, #12570, #5679 ) ) REPRESENTATION_CONTEXT ( 'NONE', 'WORKASPACE' ) );
#4475 = ORIENTED_EDGE ( 'NONE', *, *, #2364, .T. ) ;
#4476 = DIRECTION ( 'NONE',  ( 1.000000000000000000, 0.000000000000000000, 1.224646799147353207E-16 ) ) ;
#4477 = EDGE_CURVE ( 'NONE', #3521, #3388, #1893, .T. ) ;
#4478 = ORIENTED_EDGE ( 'NONE', *, *, #10636, .F. ) ;
#4479 = CARTESIAN_POINT ( 'NONE',  ( 3.250000000000000888, 1.355252715606880543E-16, -0.7499999999999993339 ) ) ;
#4480 = ORIENTED_EDGE ( 'NONE', *, *, #869, .T. ) ;
#4481 = COLOUR_RGB ( '',0.7921568627450980005, 0.8196078431372548767, 0.9333333333333333481 ) ;
#4482 = PLANE ( 'NONE',  #5561 ) ;
#4483 = COLOUR_RGB ( '',0.7921568627450980005, 0.8196078431372548767, 0.9333333333333333481 ) ;
#4484 = AXIS2_PLACEMENT_3D ( 'NONE', #11634, #5638, #6544 ) ;
#4485 = DIRECTION ( 'NONE',  ( 1.000000000000000000, 0.000000000000000000, -0.000000000000000000 ) ) ;
#4486 = DIRECTION ( 'NONE',  ( 1.000000000000000000, 0.000000000000000000, -0.000000000000000000 ) ) ;
#4487 = DIRECTION ( 'NONE',  ( -0.000000000000000000, 1.000000000000000000, -0.000000000000000000 ) ) ;
#4488 = STYLED_ITEM ( 'NONE', ( #4689 ), #2128 ) ;
#4489 = ORIENTED_EDGE ( 'NONE', *, *, #11156, .T. ) ;
#4490 = SURFACE_STYLE_USAGE ( .BOTH. , #5335 ) ;
#4491 = ORIENTED_EDGE ( 'NONE', *, *, #9879, .T. ) ;
#4492 = CARTESIAN_POINT ( 'NONE',  ( 1.250000000000000666, 0.1499999999999999944, -2.749999999999999556 ) ) ;
#4493 = DIRECTION ( 'NONE',  ( 0.000000000000000000, 0.000000000000000000, 1.000000000000000000 ) ) ;
#4494 = EDGE_CURVE ( 'NONE', #2418, #11982, #5980, .T. ) ;
#4495 = ORIENTED_EDGE ( 'NONE', *, *, #12738, .T. ) ;
#4496 = CARTESIAN_POINT ( 'NONE',  ( 2.250000000000000000, 0.1499999999999999944, 0.7500000000000006661 ) ) ;
#4497 = EDGE_CURVE ( 'NONE', #12099, #12601, #6161, .T. ) ;
#4498 = CARTESIAN_POINT ( 'NONE',  ( -0.2499999999999997780, 0.1499999999999999944, -2.749999999999999556 ) ) ;
#4499 = ORIENTED_EDGE ( 'NONE', *, *, #5625, .F. ) ;
#4500 = DIRECTION ( 'NONE',  ( -1.000000000000000000, -0.000000000000000000, -1.752245935330108871E-15 ) ) ;
#4501 = EDGE_LOOP ( 'NONE', ( #1751, #10484, #5518 ) ) ;
#4502 = DIRECTION ( 'NONE',  ( 1.000000000000000000, 0.000000000000000000, -0.000000000000000000 ) ) ;
#4503 = CIRCLE ( 'NONE', #28, 0.1499999999999999667 ) ;
#4504 = FILL_AREA_STYLE ('',( #3527 ) ) ;
#4505 = UNCERTAINTY_MEASURE_WITH_UNIT (LENGTH_MEASURE( 1.000000000000000082E-05 ), #10525, 'distance_accuracy_value', 'NONE');
#4506 = CIRCLE ( 'NONE', #1210, 0.08999999999999980238 ) ;
#4507 = ADVANCED_FACE ( 'NONE', ( #6095 ), #8102, .T. ) ;
#4508 = DIRECTION ( 'NONE',  ( 0.000000000000000000, 0.000000000000000000, 1.000000000000000000 ) ) ;
#4509 = AXIS2_PLACEMENT_3D ( 'NONE', #7708, #1050, #4765 ) ;
#4510 = PRESENTATION_LAYER_ASSIGNMENT (  '', '', ( #7503 ) ) ;
#4511 = ORIENTED_EDGE ( 'NONE', *, *, #7270, .F. ) ;
#4512 = CARTESIAN_POINT ( 'NONE',  ( 2.250000000000000000, 0.2699999999999994071, -2.249999999999999112 ) ) ;
#4513 = ORIENTED_EDGE ( 'NONE', *, *, #5744, .F. ) ;
#4514 = CARTESIAN_POINT ( 'NONE',  ( 1.250000000000000666, 0.1499999999999999944, -2.249999999999999556 ) ) ;
#4515 = DIRECTION ( 'NONE',  ( 0.000000000000000000, 0.000000000000000000, 1.000000000000000000 ) ) ;
#4516 = CLOSED_SHELL ( 'NONE', ( #5144, #12810, #778 ) ) ;
#4517 = DIRECTION ( 'NONE',  ( 1.000000000000000000, 0.000000000000000000, 1.224646799147353207E-16 ) ) ;
#4518 = DIRECTION ( 'NONE',  ( 0.000000000000000000, 0.000000000000000000, 1.000000000000000000 ) ) ;
#4519 = EDGE_CURVE ( 'NONE', #10669, #7900, #1714, .T. ) ;
#4520 = ORIENTED_EDGE ( 'NONE', *, *, #6083, .F. ) ;
#4521 = DIRECTION ( 'NONE',  ( 0.000000000000000000, 0.000000000000000000, 1.000000000000000000 ) ) ;
#4522 = DIRECTION ( 'NONE',  ( 0.000000000000000000, 0.000000000000000000, 1.000000000000000000 ) ) ;
#4523 = DIRECTION ( 'NONE',  ( 1.000000000000000000, 0.000000000000000000, 1.224646799147353207E-16 ) ) ;
#4524 = UNCERTAINTY_MEASURE_WITH_UNIT (LENGTH_MEASURE( 1.000000000000000082E-05 ), #5840, 'distance_accuracy_value', 'NONE');
#4525 = EDGE_LOOP ( 'NONE', ( #176, #12502 ) ) ;
#4526 = AXIS2_PLACEMENT_3D ( 'NONE', #4575, #8496, #3751 ) ;
#4527 = CIRCLE ( 'NONE', #125, 0.08999999999999980238 ) ;
#4528 = UNCERTAINTY_MEASURE_WITH_UNIT (LENGTH_MEASURE( 1.000000000000000082E-05 ), #5338, 'distance_accuracy_value', 'NONE');
#4529 = EDGE_CURVE ( 'NONE', #6825, #10771, #10487, .T. ) ;
#4530 = DIRECTION ( 'NONE',  ( 0.000000000000000000, 0.000000000000000000, 1.000000000000000000 ) ) ;
#4531 = DIRECTION ( 'NONE',  ( 0.000000000000000000, 0.000000000000000000, 1.000000000000000000 ) ) ;
#4532 = PRESENTATION_STYLE_ASSIGNMENT (( #1540 ) ) ;
#4533 = DIRECTION ( 'NONE',  ( -0.000000000000000000, 1.000000000000000000, -0.000000000000000000 ) ) ;
#4534 = ADVANCED_FACE ( 'NONE', ( #10470 ), #1869, .T. ) ;
#4535 = FACE_OUTER_BOUND ( 'NONE', #1935, .T. ) ;
#4536 = MECHANICAL_DESIGN_GEOMETRIC_PRESENTATION_REPRESENTATION (  '', ( #9843 ), #11544 ) ;
#4537 = CARTESIAN_POINT ( 'NONE',  ( 0.2500000000000002220, 0.2699999999999994071, 2.250000000000000888 ) ) ;
#4538 = DIRECTION ( 'NONE',  ( 0.000000000000000000, 0.000000000000000000, 1.000000000000000000 ) ) ;
#4539 = ORIENTED_EDGE ( 'NONE', *, *, #1607, .T. ) ;
#4540 = AXIS2_PLACEMENT_3D ( 'NONE', #10813, #9823, #4908 ) ;
#4541 = VERTEX_POINT ( 'NONE', #6607 ) ;
#4542 = VERTEX_POINT ( 'NONE', #9517 ) ;
#4543 = CARTESIAN_POINT ( 'NONE',  ( 1.250000000000000666, 0.1499999999999999944, 2.750000000000000888 ) ) ;
#4544 = ORIENTED_EDGE ( 'NONE', *, *, #6462, .F. ) ;
#4545 = DIRECTION ( 'NONE',  ( 1.000000000000000000, 0.000000000000000000, -0.000000000000000000 ) ) ;
#4546 = VERTEX_POINT ( 'NONE', #3349 ) ;
#4547 = CIRCLE ( 'NONE', #5461, 0.1499999999999999667 ) ;
#4548 = DIRECTION ( 'NONE',  ( 1.000000000000000000, 0.000000000000000000, -0.000000000000000000 ) ) ;
#4549 = MANIFOLD_SOLID_BREP ( 'LPattern1[68]', #6331 ) ;
#4550 = AXIS2_PLACEMENT_3D ( 'NONE', #1070, #9792, #4034 ) ;
#4551 = CARTESIAN_POINT ( 'NONE',  ( 3.250000000000000888, 0.1499999999999999944, -0.2499999999999993616 ) ) ;
#4552 = COLOUR_RGB ( '',0.7921568627450980005, 0.8196078431372548767, 0.9333333333333333481 ) ;
#4553 = CARTESIAN_POINT ( 'NONE',  ( -3.250000000000000000, 0.1499999999999999944, 0.7500000000000006661 ) ) ;
#4554 =( GEOMETRIC_REPRESENTATION_CONTEXT ( 3 ) GLOBAL_UNCERTAINTY_ASSIGNED_CONTEXT ( ( #7894 ) ) GLOBAL_UNIT_ASSIGNED_CONTEXT ( ( #9450, #5111, #7465 ) ) REPRESENTATION_CONTEXT ( 'NONE', 'WORKASPACE' ) );
#4555 = DIRECTION ( 'NONE',  ( 0.000000000000000000, 0.000000000000000000, 1.000000000000000000 ) ) ;
#4556 = DIRECTION ( 'NONE',  ( -0.000000000000000000, 1.000000000000000000, -0.000000000000000000 ) ) ;
#4557 = SPHERICAL_SURFACE ( 'NONE', #9740, 0.1499999999999998557 ) ;
#4558 = DIRECTION ( 'NONE',  ( -0.000000000000000000, 1.000000000000000000, -0.000000000000000000 ) ) ;
#4559 = AXIS2_PLACEMENT_3D ( 'NONE', #11296, #5054, #3397 ) ;
#4560 = ORIENTED_EDGE ( 'NONE', *, *, #9549, .F. ) ;
#4561 = ORIENTED_EDGE ( 'NONE', *, *, #11058, .F. ) ;
#4562 = PLANE ( 'NONE',  #6209 ) ;
#4563 = ORIENTED_EDGE ( 'NONE', *, *, #10555, .F. ) ;
#4564 =( LENGTH_UNIT ( ) NAMED_UNIT ( * ) SI_UNIT ( .MILLI., .METRE. ) );
#4565 = ORIENTED_EDGE ( 'NONE', *, *, #1729, .T. ) ;
#4566 = FILL_AREA_STYLE_COLOUR ( '', #5613 ) ;
#4567 = VERTEX_POINT ( 'NONE', #644 ) ;
#4568 = SURFACE_STYLE_FILL_AREA ( #11111 ) ;
#4569 = EDGE_CURVE ( 'NONE', #2334, #7164, #5994, .T. ) ;
#4570 = ADVANCED_FACE ( 'NONE', ( #6244 ), #8437, .T. ) ;
#4571 = LINE ( 'NONE', #8083, #8890 ) ;
#4572 = CIRCLE ( 'NONE', #9626, 0.08999999999999980238 ) ;
#4573 = MECHANICAL_DESIGN_GEOMETRIC_PRESENTATION_REPRESENTATION (  '', ( #1494 ), #3507 ) ;
#4574 = FILL_AREA_STYLE ('',( #12243 ) ) ;
#4575 = CARTESIAN_POINT ( 'NONE',  ( -2.250000000000000000, 0.2699999999999994071, -2.749999999999999112 ) ) ;
#4576 = MECHANICAL_DESIGN_GEOMETRIC_PRESENTATION_REPRESENTATION (  '', ( #11587 ), #6296 ) ;
#4577 = CARTESIAN_POINT ( 'NONE',  ( 2.250000000000000000, 0.1499999999999999944, 0.2500000000000006661 ) ) ;
#4578 = MECHANICAL_DESIGN_GEOMETRIC_PRESENTATION_REPRESENTATION (  '', ( #2408 ), #8182 ) ;
#4579 = CARTESIAN_POINT ( 'NONE',  ( 2.250000000000000000, 0.1499999999999999944, 2.750000000000000888 ) ) ;
#4580 = EDGE_LOOP ( 'NONE', ( #7201, #9528, #11230 ) ) ;
#4581 = DIRECTION ( 'NONE',  ( 0.000000000000000000, 0.000000000000000000, -1.000000000000000000 ) ) ;
#4582 = ADVANCED_FACE ( 'NONE', ( #10414 ), #5895, .T. ) ;
#4583 = ORIENTED_EDGE ( 'NONE', *, *, #10114, .T. ) ;
#4584 = DIRECTION ( 'NONE',  ( 0.000000000000000000, 0.000000000000000000, 1.000000000000000000 ) ) ;
#4585 = AXIS2_PLACEMENT_3D ( 'NONE', #3353, #10111, #4087 ) ;
#4586 = DIRECTION ( 'NONE',  ( 0.000000000000000000, 0.000000000000000000, 1.000000000000000000 ) ) ;
#4587 = VERTEX_POINT ( 'NONE', #2501 ) ;
#4588 =( NAMED_UNIT ( * ) PLANE_ANGLE_UNIT ( ) SI_UNIT ( $, .RADIAN. ) );
#4589 = ORIENTED_EDGE ( 'NONE', *, *, #7657, .T. ) ;
#4590 = AXIS2_PLACEMENT_3D ( 'NONE', #6713, #7811, #5635 ) ;
#4591 = DIRECTION ( 'NONE',  ( 0.000000000000000000, 0.000000000000000000, -1.000000000000000000 ) ) ;
#4592 = ORIENTED_EDGE ( 'NONE', *, *, #6379, .T. ) ;
#4593 = FACE_OUTER_BOUND ( 'NONE', #11488, .T. ) ;
#4594 = COLOUR_RGB ( '',0.7921568627450980005, 0.8196078431372548767, 0.9333333333333333481 ) ;
#4595 = SURFACE_STYLE_FILL_AREA ( #11595 ) ;
#4596 = CARTESIAN_POINT ( 'NONE',  ( -0.7499999999999997780, 0.2699999999999994071, -2.749999999999999112 ) ) ;
#4597 = DIRECTION ( 'NONE',  ( 0.000000000000000000, 0.000000000000000000, 1.000000000000000000 ) ) ;
#4598 = EDGE_CURVE ( 'NONE', #10715, #6523, #6015, .T. ) ;
#4599 = FACE_OUTER_BOUND ( 'NONE', #1387, .T. ) ;
#4600 = MECHANICAL_DESIGN_GEOMETRIC_PRESENTATION_REPRESENTATION (  '', ( #1660 ), #4917 ) ;
#4601 = DIRECTION ( 'NONE',  ( 0.000000000000000000, 0.000000000000000000, -1.000000000000000000 ) ) ;
#4602 = AXIS2_PLACEMENT_3D ( 'NONE', #5861, #10045, #11032 ) ;
#4603 = ORIENTED_EDGE ( 'NONE', *, *, #11781, .F. ) ;
#4604 = ORIENTED_EDGE ( 'NONE', *, *, #3616, .T. ) ;
#4605 = CARTESIAN_POINT ( 'NONE',  ( 2.250000000000000000, 0.2699999999999994071, -1.749999999999998890 ) ) ;
#4606 = FILL_AREA_STYLE_COLOUR ( '', #1109 ) ;
#4607 = ORIENTED_EDGE ( 'NONE', *, *, #7171, .T. ) ;
#4608 = FILL_AREA_STYLE_COLOUR ( '', #5767 ) ;
#4609 = CARTESIAN_POINT ( 'NONE',  ( 2.750000000000000444, 0.2699999999999994071, -2.749999999999999112 ) ) ;
#4610 = DIRECTION ( 'NONE',  ( 0.000000000000000000, 0.000000000000000000, 1.000000000000000000 ) ) ;
#4611 = AXIS2_PLACEMENT_3D ( 'NONE', #10956, #5962, #821 ) ;
#4612 = ORIENTED_EDGE ( 'NONE', *, *, #2465, .T. ) ;
#4613 = DIRECTION ( 'NONE',  ( 1.000000000000000000, 0.000000000000000000, -0.000000000000000000 ) ) ;
#4614 = CARTESIAN_POINT ( 'NONE',  ( 1.250000000000000666, 0.1499999999999999944, 3.250000000000001332 ) ) ;
#4615 = DIRECTION ( 'NONE',  ( -0.000000000000000000, 1.000000000000000000, 0.000000000000000000 ) ) ;
#4616 = EDGE_LOOP ( 'NONE', ( #5015, #8857, #3416 ) ) ;
#4617 = EDGE_CURVE ( 'NONE', #1372, #10895, #1770, .T. ) ;
#4618 = FACE_OUTER_BOUND ( 'NONE', #502, .T. ) ;
#4619 = CARTESIAN_POINT ( 'NONE',  ( -2.750000000000000000, 0.2699999999999994071, 0.2500000000000011102 ) ) ;
#4620 = AXIS2_PLACEMENT_3D ( 'NONE', #8959, #4976, #9984 ) ;
#4621 = AXIS2_PLACEMENT_3D ( 'NONE', #8732, #2804, #3811 ) ;
#4622 = CARTESIAN_POINT ( 'NONE',  ( 3.250000000000000888, 0.1499999999999999944, 0.2500000000000006661 ) ) ;
#4623 = SPHERICAL_SURFACE ( 'NONE', #2460, 0.1499999999999998557 ) ;
#4624 = CARTESIAN_POINT ( 'NONE',  ( -0.2499999999999997780, 0.2699999999999994071, -2.659999999999999254 ) ) ;
#4625 = EDGE_CURVE ( 'NONE', #10904, #12626, #5951, .T. ) ;
#4626 = DIRECTION ( 'NONE',  ( 0.000000000000000000, 0.000000000000000000, 1.000000000000000000 ) ) ;
#4627 = MANIFOLD_SOLID_BREP ( 'LPattern1[8]', #3145 ) ;
#4628 = AXIS2_PLACEMENT_3D ( 'NONE', #11734, #5470, #4637 ) ;
#4629 = SPHERICAL_SURFACE ( 'NONE', #7620, 0.1499999999999998557 ) ;
#4630 = ORIENTED_EDGE ( 'NONE', *, *, #3545, .T. ) ;
#4631 = CLOSED_SHELL ( 'NONE', ( #2240, #7037, #9329 ) ) ;
#4632 = CARTESIAN_POINT ( 'NONE',  ( 1.250000000000000666, 0.2699999999999994071, 2.160000000000000586 ) ) ;
#4633 = AXIS2_PLACEMENT_3D ( 'NONE', #5427, #9273, #1619 ) ;
#4634 = VERTEX_POINT ( 'NONE', #2582 ) ;
#4635 = MECHANICAL_DESIGN_GEOMETRIC_PRESENTATION_REPRESENTATION (  '', ( #4952 ), #11483 ) ;
#4636 = ORIENTED_EDGE ( 'NONE', *, *, #6379, .F. ) ;
#4637 = DIRECTION ( 'NONE',  ( 0.000000000000000000, 0.000000000000000000, 1.000000000000000000 ) ) ;
#4638 = DIRECTION ( 'NONE',  ( 0.000000000000000000, 0.000000000000000000, -1.000000000000000000 ) ) ;
#4639 = EDGE_CURVE ( 'NONE', #12385, #8163, #6264, .T. ) ;
#4640 = CARTESIAN_POINT ( 'NONE',  ( 0.7500000000000002220, 1.355252715606880543E-16, -1.249999999999999334 ) ) ;
#4641 = DIRECTION ( 'NONE',  ( 0.000000000000000000, 0.000000000000000000, 1.000000000000000000 ) ) ;
#4642 = MECHANICAL_DESIGN_GEOMETRIC_PRESENTATION_REPRESENTATION (  '', ( #3569 ), #5273 ) ;
#4643 = FACE_OUTER_BOUND ( 'NONE', #10306, .T. ) ;
#4644 = CARTESIAN_POINT ( 'NONE',  ( -3.250000000000000000, 1.355252715606880543E-16, -0.7499999999999993339 ) ) ;
#4645 = ADVANCED_FACE ( 'NONE', ( #10192 ), #10454, .T. ) ;
#4646 = SURFACE_SIDE_STYLE ('',( #2377 ) ) ;
#4647 = EDGE_CURVE ( 'NONE', #8625, #1200, #10572, .T. ) ;
#4648 = CARTESIAN_POINT ( 'NONE',  ( -1.249999999999999778, 0.1499999999999999944, 3.250000000000001332 ) ) ;
#4649 = DIRECTION ( 'NONE',  ( 0.000000000000000000, 0.000000000000000000, 1.000000000000000000 ) ) ;
#4650 = DIRECTION ( 'NONE',  ( 0.000000000000000000, 0.000000000000000000, 1.000000000000000000 ) ) ;
#4651 =( GEOMETRIC_REPRESENTATION_CONTEXT ( 3 ) GLOBAL_UNCERTAINTY_ASSIGNED_CONTEXT ( ( #3722 ) ) GLOBAL_UNIT_ASSIGNED_CONTEXT ( ( #9698, #9609, #12678 ) ) REPRESENTATION_CONTEXT ( 'NONE', 'WORKASPACE' ) );
#4652 = ORIENTED_EDGE ( 'NONE', *, *, #5143, .F. ) ;
#4653 = VERTEX_POINT ( 'NONE', #9277 ) ;
#4654 = CARTESIAN_POINT ( 'NONE',  ( 1.250000000000000666, 0.2699999999999994071, -2.249999999999999112 ) ) ;
#4655 = VERTEX_POINT ( 'NONE', #11256 ) ;
#4656 = EDGE_LOOP ( 'NONE', ( #5343, #7751, #1930 ) ) ;
#4657 = AXIS2_PLACEMENT_3D ( 'NONE', #4473, #5489, #7685 ) ;
#4658 = AXIS2_PLACEMENT_3D ( 'NONE', #8561, #9563, #9325 ) ;
#4659 = DIRECTION ( 'NONE',  ( -1.000000000000000000, 0.000000000000000000, 0.000000000000000000 ) ) ;
#4660 = VERTEX_POINT ( 'NONE', #12264 ) ;
#4661 = CIRCLE ( 'NONE', #667, 0.08999999999999980238 ) ;
#4662 = SPHERICAL_SURFACE ( 'NONE', #9660, 0.1499999999999998557 ) ;
#4663 = STYLED_ITEM ( 'NONE', ( #4161 ), #1859 ) ;
#4664 = LINE ( 'NONE', #10651, #9116 ) ;
#4665 = CYLINDRICAL_SURFACE ( 'NONE', #1548, 0.4312500000000001887 ) ;
#4666 = FILL_AREA_STYLE_COLOUR ( '', #6690 ) ;
#4667 = CIRCLE ( 'NONE', #1054, 0.1499999999999999667 ) ;
#4668 = DIRECTION ( 'NONE',  ( 0.000000000000000000, 0.000000000000000000, 1.000000000000000000 ) ) ;
#4669 = DIRECTION ( 'NONE',  ( 0.000000000000000000, 0.000000000000000000, 1.000000000000000000 ) ) ;
#4670 = EDGE_CURVE ( 'NONE', #7690, #2939, #1981, .T. ) ;
#4671 = AXIS2_PLACEMENT_3D ( 'NONE', #12774, #4125, #9983 ) ;
#4672 = ORIENTED_EDGE ( 'NONE', *, *, #12233, .T. ) ;
#4673 = ORIENTED_EDGE ( 'NONE', *, *, #12425, .F. ) ;
#4674 = DIRECTION ( 'NONE',  ( 0.000000000000000000, 0.000000000000000000, 1.000000000000000000 ) ) ;
#4675 = CARTESIAN_POINT ( 'NONE',  ( -2.750000000000000000, 1.355252715606880543E-16, 2.250000000000000444 ) ) ;
#4676 = ORIENTED_EDGE ( 'NONE', *, *, #2927, .T. ) ;
#4677 = DIRECTION ( 'NONE',  ( -0.000000000000000000, 1.000000000000000000, -0.000000000000000000 ) ) ;
#4678 = SURFACE_STYLE_USAGE ( .BOTH. , #8761 ) ;
#4679 = AXIS2_PLACEMENT_3D ( 'NONE', #1461, #6082, #8434 ) ;
#4680 = UNCERTAINTY_MEASURE_WITH_UNIT (LENGTH_MEASURE( 1.000000000000000082E-05 ), #2387, 'distance_accuracy_value', 'NONE');
#4681 = ORIENTED_EDGE ( 'NONE', *, *, #12168, .F. ) ;
#4682 = CARTESIAN_POINT ( 'NONE',  ( 2.250000000000000000, 1.355252715606880543E-16, 0.7500000000000006661 ) ) ;
#4683 = DIRECTION ( 'NONE',  ( 0.000000000000000000, 0.000000000000000000, 1.000000000000000000 ) ) ;
#4684 = VERTEX_POINT ( 'NONE', #1149 ) ;
#4685 = AXIS2_PLACEMENT_3D ( 'NONE', #5457, #11189, #6459 ) ;
#4686 = STYLED_ITEM ( 'NONE', ( #7317 ), #10950 ) ;
#4687 = ADVANCED_FACE ( 'NONE', ( #10171 ), #1578, .T. ) ;
#4688 = EDGE_LOOP ( 'NONE', ( #2165, #10289, #1566 ) ) ;
#4689 = PRESENTATION_STYLE_ASSIGNMENT (( #2411 ) ) ;
#4690 = SPHERICAL_SURFACE ( 'NONE', #12111, 0.1499999999999998557 ) ;
#4691 = AXIS2_PLACEMENT_3D ( 'NONE', #8675, #10930, #7946 ) ;
#4692 = CARTESIAN_POINT ( 'NONE',  ( -0.2499999999999997780, 0.1499999999999999944, 1.250000000000001110 ) ) ;
#4693 = FACE_OUTER_BOUND ( 'NONE', #1390, .T. ) ;
#4694 = EDGE_CURVE ( 'NONE', #11166, #36, #10229, .T. ) ;
#4695 = AXIS2_PLACEMENT_3D ( 'NONE', #4729, #5991, #1011 ) ;
#4696 = APPLICATION_PROTOCOL_DEFINITION ( 'draft international standard', 'automotive_design', 1998, #5618 ) ;
#4697 = ORIENTED_EDGE ( 'NONE', *, *, #3058, .F. ) ;
#4698 = ADVANCED_FACE ( 'NONE', ( #1733 ), #10351, .T. ) ;
#4699 = VERTEX_POINT ( 'NONE', #3937 ) ;
#4700 = AXIS2_PLACEMENT_3D ( 'NONE', #9733, #1312, #3190 ) ;
#4701 = ORIENTED_EDGE ( 'NONE', *, *, #3966, .T. ) ;
#4702 = DIRECTION ( 'NONE',  ( 0.000000000000000000, 0.000000000000000000, 1.000000000000000000 ) ) ;
#4703 = CARTESIAN_POINT ( 'NONE',  ( 1.250000000000000666, 0.1499999999999999944, -0.2499999999999993616 ) ) ;
#4704 = CARTESIAN_POINT ( 'NONE',  ( 2.750000000000000444, 0.2699999999999994071, -2.159999999999999254 ) ) ;
#4705 = VERTEX_POINT ( 'NONE', #1055 ) ;
#4706 = DIRECTION ( 'NONE',  ( -0.000000000000000000, 1.000000000000000000, -0.000000000000000000 ) ) ;
#4707 = CARTESIAN_POINT ( 'NONE',  ( 1.250000000000000666, 0.2699999999999994071, -0.6599999999999991429 ) ) ;
#4708 = CLOSED_SHELL ( 'NONE', ( #2107, #6876, #7244 ) ) ;
#4709 = FACE_OUTER_BOUND ( 'NONE', #9302, .T. ) ;
#4710 = CIRCLE ( 'NONE', #5296, 0.08999999999999980238 ) ;
#4711 = DIRECTION ( 'NONE',  ( 0.000000000000000000, 0.000000000000000000, 1.000000000000000000 ) ) ;
#4712 = EDGE_LOOP ( 'NONE', ( #2683, #2059, #1903 ) ) ;
#4713 = FACE_OUTER_BOUND ( 'NONE', #94, .T. ) ;
#4714 = AXIS2_PLACEMENT_3D ( 'NONE', #3754, #9759, #795 ) ;
#4715 = DIRECTION ( 'NONE',  ( 1.000000000000000000, 0.000000000000000000, -0.000000000000000000 ) ) ;
#4716 = SPHERICAL_SURFACE ( 'NONE', #2287, 0.1499999999999998557 ) ;
#4717 = EDGE_CURVE ( 'NONE', #5696, #5436, #5871, .T. ) ;
#4718 = CLOSED_SHELL ( 'NONE', ( #5646, #7876, #10625 ) ) ;
#4719 = AXIS2_PLACEMENT_3D ( 'NONE', #1454, #2414, #2572 ) ;
#4720 = VERTEX_POINT ( 'NONE', #7031 ) ;
#4721 = FILL_AREA_STYLE_COLOUR ( '', #10109 ) ;
#4722 = ORIENTED_EDGE ( 'NONE', *, *, #9291, .T. ) ;
#4723 = MANIFOLD_SOLID_BREP ( 'LPattern1[96]', #5659 ) ;
#4724 = DIRECTION ( 'NONE',  ( 1.000000000000000000, 0.000000000000000000, -0.000000000000000000 ) ) ;
#4725 = ORIENTED_EDGE ( 'NONE', *, *, #5346, .T. ) ;
#4726 = SPHERICAL_SURFACE ( 'NONE', #10688, 0.1499999999999998557 ) ;
#4727 = DIRECTION ( 'NONE',  ( 0.000000000000000000, 0.000000000000000000, 1.000000000000000000 ) ) ;
#4728 = SURFACE_SIDE_STYLE ('',( #7288 ) ) ;
#4729 = CARTESIAN_POINT ( 'NONE',  ( 2.750000000000000444, 0.1499999999999999944, 1.750000000000000666 ) ) ;
#4730 = DIRECTION ( 'NONE',  ( -0.000000000000000000, 1.000000000000000000, -0.000000000000000000 ) ) ;
#4731 = VERTEX_POINT ( 'NONE', #2124 ) ;
#4732 = DIRECTION ( 'NONE',  ( -0.000000000000000000, -0.000000000000000000, 1.000000000000000000 ) ) ;
#4733 = SURFACE_SIDE_STYLE ('',( #1093 ) ) ;
#4734 = DIRECTION ( 'NONE',  ( -0.000000000000000000, 1.000000000000000000, -0.000000000000000000 ) ) ;
#4735 = CARTESIAN_POINT ( 'NONE',  ( -3.250000000000000000, 0.2699999999999994071, 0.7500000000000011102 ) ) ;
#4736 = EDGE_LOOP ( 'NONE', ( #4158, #10225 ) ) ;
#4737 = ORIENTED_EDGE ( 'NONE', *, *, #3991, .F. ) ;
#4738 = CARTESIAN_POINT ( 'NONE',  ( -5.250000000000001776, 1.020035713374681574, -6.494999999999999218 ) ) ;
#4739 = ORIENTED_EDGE ( 'NONE', *, *, #12397, .F. ) ;
#4740 = FILL_AREA_STYLE ('',( #7766 ) ) ;
#4741 = AXIS2_PLACEMENT_3D ( 'NONE', #8688, #2931, #60 ) ;
#4742 = ORIENTED_EDGE ( 'NONE', *, *, #4569, .F. ) ;
#4743 = EDGE_CURVE ( 'NONE', #1501, #4934, #6579, .T. ) ;
#4744 = SURFACE_SIDE_STYLE ('',( #10105 ) ) ;
#4745 = VERTEX_POINT ( 'NONE', #809 ) ;
#4746 = PRESENTATION_LAYER_ASSIGNMENT (  '', '', ( #7081 ) ) ;
#4747 = CIRCLE ( 'NONE', #8421, 0.1499999999999998557 ) ;
#4748 = AXIS2_PLACEMENT_3D ( 'NONE', #7314, #5975, #9152 ) ;
#4749 = ORIENTED_EDGE ( 'NONE', *, *, #5210, .T. ) ;
#4750 = SPHERICAL_SURFACE ( 'NONE', #2180, 0.1499999999999998557 ) ;
#4751 = CARTESIAN_POINT ( 'NONE',  ( 2.250000000000000000, 0.1499999999999999944, -1.249999999999999334 ) ) ;
#4752 = CIRCLE ( 'NONE', #5695, 0.1499999999999999667 ) ;
#4753 = CARTESIAN_POINT ( 'NONE',  ( -2.250000000000000000, 0.2699999999999994071, -0.1599999999999989764 ) ) ;
#4754 = PLANE ( 'NONE',  #4226 ) ;
#4755 = DIRECTION ( 'NONE',  ( 1.000000000000000000, 0.000000000000000000, 1.224646799147353207E-16 ) ) ;
#4756 = DIRECTION ( 'NONE',  ( 0.000000000000000000, 0.000000000000000000, 1.000000000000000000 ) ) ;
#4757 = VERTEX_POINT ( 'NONE', #6768 ) ;
#4758 = ORIENTED_EDGE ( 'NONE', *, *, #3807, .F. ) ;
#4759 = DIRECTION ( 'NONE',  ( -0.000000000000000000, 1.000000000000000000, -0.000000000000000000 ) ) ;
#4760 = ORIENTED_EDGE ( 'NONE', *, *, #1091, .T. ) ;
#4761 =( LENGTH_UNIT ( ) NAMED_UNIT ( * ) SI_UNIT ( .MILLI., .METRE. ) );
#4762 = FILL_AREA_STYLE ('',( #2749 ) ) ;
#4763 = DIRECTION ( 'NONE',  ( 0.000000000000000000, 0.000000000000000000, 1.000000000000000000 ) ) ;
#4764 = CLOSED_SHELL ( 'NONE', ( #8169, #6776, #4796, #2651, #9812 ) ) ;
#4765 = DIRECTION ( 'NONE',  ( 0.000000000000000000, 0.000000000000000000, 1.000000000000000000 ) ) ;
#4766 = MECHANICAL_DESIGN_GEOMETRIC_PRESENTATION_REPRESENTATION (  '', ( #12102 ), #10237 ) ;
#4767 = ORIENTED_EDGE ( 'NONE', *, *, #4357, .F. ) ;
#4768 = CIRCLE ( 'NONE', #8262, 0.1499999999999999667 ) ;
#4769 = FACE_OUTER_BOUND ( 'NONE', #4408, .T. ) ;
#4770 = EDGE_CURVE ( 'NONE', #8942, #1577, #6510, .T. ) ;
#4771 = VERTEX_POINT ( 'NONE', #11039 ) ;
#4772 = SPHERICAL_SURFACE ( 'NONE', #6997, 0.1499999999999998557 ) ;
#4773 = DIRECTION ( 'NONE',  ( -1.752245935330108871E-15, 0.000000000000000000, 1.000000000000000000 ) ) ;
#4774 = PLANE ( 'NONE',  #564 ) ;
#4775 = CIRCLE ( 'NONE', #7881, 0.08999999999999980238 ) ;
#4776 = AXIS2_PLACEMENT_3D ( 'NONE', #4902, #11916, #3883 ) ;
#4777 = MECHANICAL_DESIGN_GEOMETRIC_PRESENTATION_REPRESENTATION (  '', ( #11148 ), #5257 ) ;
#4778 = DIRECTION ( 'NONE',  ( 1.000000000000000000, 0.000000000000000000, 1.224646799147353207E-16 ) ) ;
#4779 = AXIS2_PLACEMENT_3D ( 'NONE', #3126, #5139, #6136 ) ;
#4780 = ORIENTED_EDGE ( 'NONE', *, *, #5135, .T. ) ;
#4781 = DIRECTION ( 'NONE',  ( 0.000000000000000000, 0.000000000000000000, 1.000000000000000000 ) ) ;
#4782 =( GEOMETRIC_REPRESENTATION_CONTEXT ( 3 ) GLOBAL_UNCERTAINTY_ASSIGNED_CONTEXT ( ( #7734 ) ) GLOBAL_UNIT_ASSIGNED_CONTEXT ( ( #9507, #3523, #12093 ) ) REPRESENTATION_CONTEXT ( 'NONE', 'WORKASPACE' ) );
#4783 = CARTESIAN_POINT ( 'NONE',  ( -3.250000000000000000, 0.1499999999999999944, -1.749999999999999334 ) ) ;
#4784 = VERTEX_POINT ( 'NONE', #4021 ) ;
#4785 = DIRECTION ( 'NONE',  ( 0.000000000000000000, 0.000000000000000000, 1.000000000000000000 ) ) ;
#4786 = EDGE_CURVE ( 'NONE', #11436, #6874, #10976, .T. ) ;
#4787 = DIRECTION ( 'NONE',  ( 0.000000000000000000, 0.000000000000000000, -1.000000000000000000 ) ) ;
#4788 = CARTESIAN_POINT ( 'NONE',  ( -2.750000000000000000, 0.1499999999999999944, 1.250000000000001110 ) ) ;
#4789 = ORIENTED_EDGE ( 'NONE', *, *, #1048, .F. ) ;
#4790 = CARTESIAN_POINT ( 'NONE',  ( -1.749999999999999778, 0.2699999999999994071, -2.659999999999999254 ) ) ;
#4791 = DIRECTION ( 'NONE',  ( 1.000000000000000000, 0.000000000000000000, -0.000000000000000000 ) ) ;
#4792 = EDGE_LOOP ( 'NONE', ( #4949, #9355, #10653 ) ) ;
#4793 = CIRCLE ( 'NONE', #9220, 0.08999999999999980238 ) ;
#4794 = FACE_OUTER_BOUND ( 'NONE', #6231, .T. ) ;
#4795 = CARTESIAN_POINT ( 'NONE',  ( 3.250000000000000888, 0.2699999999999994071, 2.250000000000000888 ) ) ;
#4796 = ADVANCED_FACE ( 'NONE', ( #2425 ), #5948, .T. ) ;
#4797 = CARTESIAN_POINT ( 'NONE',  ( 0.2500000000000002220, 1.355252715606880543E-16, 2.750000000000000888 ) ) ;
#4798 = ADVANCED_FACE ( 'NONE', ( #6743 ), #10773, .T. ) ;
#4799 = ORIENTED_EDGE ( 'NONE', *, *, #8055, .F. ) ;
#4800 = CIRCLE ( 'NONE', #9473, 0.08999999999999980238 ) ;
#4801 = DIRECTION ( 'NONE',  ( 1.000000000000000000, 0.000000000000000000, -0.000000000000000000 ) ) ;
#4802 = MECHANICAL_DESIGN_GEOMETRIC_PRESENTATION_REPRESENTATION (  '', ( #8835 ), #9484 ) ;
#4803 = AXIS2_PLACEMENT_3D ( 'NONE', #11836, #4914, #104 ) ;
#4804 = AXIS2_PLACEMENT_3D ( 'NONE', #10727, #9, #1987 ) ;
#4805 = ORIENTED_EDGE ( 'NONE', *, *, #10447, .F. ) ;
#4806 = ORIENTED_EDGE ( 'NONE', *, *, #6712, .T. ) ;
#4807 = DIRECTION ( 'NONE',  ( 0.000000000000000000, 0.000000000000000000, -1.000000000000000000 ) ) ;
#4808 = EDGE_CURVE ( 'NONE', #1896, #3298, #2356, .T. ) ;
#4809 = AXIS2_PLACEMENT_3D ( 'NONE', #11713, #8791, #6538 ) ;
#4810 = ORIENTED_EDGE ( 'NONE', *, *, #9776, .T. ) ;
#4811 = ORIENTED_EDGE ( 'NONE', *, *, #6493, .F. ) ;
#4812 =( LENGTH_UNIT ( ) NAMED_UNIT ( * ) SI_UNIT ( .MILLI., .METRE. ) );
#4813 = CARTESIAN_POINT ( 'NONE',  ( 2.250000000000000000, 0.2699999999999994071, 1.250000000000001554 ) ) ;
#4814 = STYLED_ITEM ( 'NONE', ( #1243 ), #9663 ) ;
#4815 = DIRECTION ( 'NONE',  ( -0.000000000000000000, 1.000000000000000000, -0.000000000000000000 ) ) ;
#4816 = ADVANCED_FACE ( 'NONE', ( #2335 ), #6116, .T. ) ;
#4817 = SURFACE_SIDE_STYLE ('',( #12593 ) ) ;
#4818 = CARTESIAN_POINT ( 'NONE',  ( 1.750000000000000222, 1.355252715606880543E-16, -2.249999999999999556 ) ) ;
#4819 = VERTEX_POINT ( 'NONE', #5463 ) ;
#4820 = CIRCLE ( 'NONE', #4460, 0.1499999999999998557 ) ;
#4821 = CARTESIAN_POINT ( 'NONE',  ( -1.249999999999999778, 0.2699999999999994071, 2.660000000000001030 ) ) ;
#4822 = DIRECTION ( 'NONE',  ( -0.000000000000000000, 1.000000000000000000, 0.000000000000000000 ) ) ;
#4823 = PRESENTATION_STYLE_ASSIGNMENT (( #7979 ) ) ;
#4824 = CARTESIAN_POINT ( 'NONE',  ( 1.250000000000000666, 0.2699999999999994071, 0.3400000000000010236 ) ) ;
#4825 = CARTESIAN_POINT ( 'NONE',  ( 1.250000000000000666, 0.1499999999999999944, -1.249999999999999334 ) ) ;
#4826 = DIRECTION ( 'NONE',  ( 1.000000000000000000, 0.000000000000000000, 1.224646799147353207E-16 ) ) ;
#4827 = MANIFOLD_SOLID_BREP ( 'LPattern1[131]', #2644 ) ;
#4828 = AXIS2_PLACEMENT_3D ( 'NONE', #11566, #12556, #11655 ) ;
#4829 = ORIENTED_EDGE ( 'NONE', *, *, #10404, .T. ) ;
#4830 = ORIENTED_EDGE ( 'NONE', *, *, #82, .F. ) ;
#4831 = CARTESIAN_POINT ( 'NONE',  ( 2.250000000000000000, 0.2699999999999994071, -1.249999999999998890 ) ) ;
#4832 = AXIS2_PLACEMENT_3D ( 'NONE', #2315, #6396, #3311 ) ;
#4833 = EDGE_LOOP ( 'NONE', ( #6580, #1876 ) ) ;
#4834 = DIRECTION ( 'NONE',  ( -0.000000000000000000, 1.000000000000000000, 0.000000000000000000 ) ) ;
#4835 = EDGE_CURVE ( 'NONE', #6913, #9137, #10887, .T. ) ;
#4836 = VERTEX_POINT ( 'NONE', #10138 ) ;
#4837 = CARTESIAN_POINT ( 'NONE',  ( 0.2500000000000002220, 0.1499999999999999944, 3.250000000000001332 ) ) ;
#4838 = EDGE_LOOP ( 'NONE', ( #1284, #7773, #10671 ) ) ;
#4839 = AXIS2_PLACEMENT_3D ( 'NONE', #1843, #4485, #5850 ) ;
#4840 = SPHERICAL_SURFACE ( 'NONE', #2579, 0.1499999999999998557 ) ;
#4841 = FACE_OUTER_BOUND ( 'NONE', #6014, .T. ) ;
#4842 = EDGE_CURVE ( 'NONE', #11974, #11762, #6723, .T. ) ;
#4843 = AXIS2_PLACEMENT_3D ( 'NONE', #524, #7400, #5600 ) ;
#4844 = ORIENTED_EDGE ( 'NONE', *, *, #4770, .T. ) ;
#4845 = CARTESIAN_POINT ( 'NONE',  ( 2.750000000000000444, 0.1499999999999999944, -0.2499999999999993616 ) ) ;
#4846 = AXIS2_PLACEMENT_3D ( 'NONE', #23, #8994, #4919 ) ;
#4847 = UNCERTAINTY_MEASURE_WITH_UNIT (LENGTH_MEASURE( 1.000000000000000082E-05 ), #12746, 'distance_accuracy_value', 'NONE');
#4848 = CARTESIAN_POINT ( 'NONE',  ( -2.750000000000000000, 0.2699999999999994071, -3.159999999999999254 ) ) ;
#4849 = UNCERTAINTY_MEASURE_WITH_UNIT (LENGTH_MEASURE( 1.000000000000000082E-05 ), #8142, 'distance_accuracy_value', 'NONE');
#4850 = CARTESIAN_POINT ( 'NONE',  ( 2.250000000000000000, 0.1499999999999999944, -3.249999999999999556 ) ) ;
#4851 = DIRECTION ( 'NONE',  ( 0.000000000000000000, 0.000000000000000000, 1.000000000000000000 ) ) ;
#4852 = SURFACE_STYLE_FILL_AREA ( #5399 ) ;
#4853 = ORIENTED_EDGE ( 'NONE', *, *, #5574, .F. ) ;
#4854 = DIRECTION ( 'NONE',  ( 0.000000000000000000, 0.000000000000000000, 1.000000000000000000 ) ) ;
#4855 = DIRECTION ( 'NONE',  ( 1.000000000000000000, 0.000000000000000000, -0.000000000000000000 ) ) ;
#4856 = ORIENTED_EDGE ( 'NONE', *, *, #11627, .F. ) ;
#4857 = DIRECTION ( 'NONE',  ( 0.000000000000000000, 0.000000000000000000, 1.000000000000000000 ) ) ;
#4858 =( LENGTH_UNIT ( ) NAMED_UNIT ( * ) SI_UNIT ( .MILLI., .METRE. ) );
#4859 = ORIENTED_EDGE ( 'NONE', *, *, #9569, .T. ) ;
#4860 = DIRECTION ( 'NONE',  ( 0.000000000000000000, 0.000000000000000000, -1.000000000000000000 ) ) ;
#4861 = ORIENTED_EDGE ( 'NONE', *, *, #10410, .F. ) ;
#4862 = EDGE_CURVE ( 'NONE', #4836, #3069, #10998, .T. ) ;
#4863 = SPHERICAL_SURFACE ( 'NONE', #11199, 0.1499999999999998557 ) ;
#4864 = CIRCLE ( 'NONE', #8714, 0.1499999999999998557 ) ;
#4865 = AXIS2_PLACEMENT_3D ( 'NONE', #5318, #616, #4305 ) ;
#4866 = AXIS2_PLACEMENT_3D ( 'NONE', #11075, #9259, #4396 ) ;
#4867 = ORIENTED_EDGE ( 'NONE', *, *, #6242, .F. ) ;
#4868 = SPHERICAL_SURFACE ( 'NONE', #6681, 0.1499999999999998557 ) ;
#4869 = CARTESIAN_POINT ( 'NONE',  ( -2.750000000000000000, 0.1499999999999999944, 2.750000000000000888 ) ) ;
#4870 = DIRECTION ( 'NONE',  ( 0.000000000000000000, 0.000000000000000000, -1.000000000000000000 ) ) ;
#4871 = AXIS2_PLACEMENT_3D ( 'NONE', #10529, #4613, #11534 ) ;
#4872 = CARTESIAN_POINT ( 'NONE',  ( -0.2499999999999997780, 0.1499999999999999944, 1.250000000000001110 ) ) ;
#4873 =( GEOMETRIC_REPRESENTATION_CONTEXT ( 3 ) GLOBAL_UNCERTAINTY_ASSIGNED_CONTEXT ( ( #2765 ) ) GLOBAL_UNIT_ASSIGNED_CONTEXT ( ( #5683, #11501, #9415 ) ) REPRESENTATION_CONTEXT ( 'NONE', 'WORKASPACE' ) );
#4874 = ORIENTED_EDGE ( 'NONE', *, *, #4862, .F. ) ;
#4875 = ORIENTED_EDGE ( 'NONE', *, *, #238, .T. ) ;
#4876 = DIRECTION ( 'NONE',  ( 1.000000000000000000, 0.000000000000000000, 1.224646799147353207E-16 ) ) ;
#4877 = DIRECTION ( 'NONE',  ( -0.000000000000000000, 1.000000000000000000, -0.000000000000000000 ) ) ;
#4878 = PRESENTATION_LAYER_ASSIGNMENT (  '', '', ( #3159 ) ) ;
#4879 = DIRECTION ( 'NONE',  ( -0.000000000000000000, 1.000000000000000000, 0.000000000000000000 ) ) ;
#4880 = DIRECTION ( 'NONE',  ( -0.000000000000000000, 1.000000000000000000, -0.000000000000000000 ) ) ;
#4881 = DIRECTION ( 'NONE',  ( 0.000000000000000000, 0.000000000000000000, 1.000000000000000000 ) ) ;
#4882 = CLOSED_SHELL ( 'NONE', ( #12797, #8047, #11840 ) ) ;
#4883 = SURFACE_SIDE_STYLE ('',( #2627 ) ) ;
#4884 = CARTESIAN_POINT ( 'NONE',  ( -3.250000000000000000, 0.2699999999999994071, 0.8400000000000008571 ) ) ;
#4885 = PLANE ( 'NONE',  #11826 ) ;
#4886 = EDGE_LOOP ( 'NONE', ( #3007, #11409 ) ) ;
#4887 = CIRCLE ( 'NONE', #3590, 0.08999999999999980238 ) ;
#4888 = DIRECTION ( 'NONE',  ( 1.000000000000000000, 0.000000000000000000, 1.224646799147353207E-16 ) ) ;
#4889 = SURFACE_STYLE_USAGE ( .BOTH. , #11131 ) ;
#4890 =( NAMED_UNIT ( * ) SI_UNIT ( $, .STERADIAN. ) SOLID_ANGLE_UNIT ( ) );
#4891 = ORIENTED_EDGE ( 'NONE', *, *, #5143, .T. ) ;
#4892 = PRESENTATION_STYLE_ASSIGNMENT (( #8638 ) ) ;
#4893 = COLOUR_RGB ( '',0.7921568627450980005, 0.8196078431372548767, 0.9333333333333333481 ) ;
#4894 = CARTESIAN_POINT ( 'NONE',  ( 0.2500000000000002220, 1.355252715606880543E-16, 1.250000000000001110 ) ) ;
#4895 = MECHANICAL_DESIGN_GEOMETRIC_PRESENTATION_REPRESENTATION (  '', ( #11117 ), #872 ) ;
#4896 = AXIS2_PLACEMENT_3D ( 'NONE', #1961, #2943, #6046 ) ;
#4897 = CIRCLE ( 'NONE', #2860, 0.1499999999999999667 ) ;
#4898 = AXIS2_PLACEMENT_3D ( 'NONE', #11160, #2718, #10187 ) ;
#4899 = ORIENTED_EDGE ( 'NONE', *, *, #10114, .F. ) ;
#4900 = ORIENTED_EDGE ( 'NONE', *, *, #3565, .F. ) ;
#4901 = PRESENTATION_LAYER_ASSIGNMENT (  '', '', ( #5521 ) ) ;
#4902 = CARTESIAN_POINT ( 'NONE',  ( 1.750000000000000222, 0.1499999999999999944, 3.250000000000001332 ) ) ;
#4903 = EDGE_LOOP ( 'NONE', ( #12356, #9205 ) ) ;
#4904 = DIRECTION ( 'NONE',  ( 0.000000000000000000, 0.000000000000000000, -1.000000000000000000 ) ) ;
#4905 = EDGE_LOOP ( 'NONE', ( #12820, #6365 ) ) ;
#4906 = PRESENTATION_STYLE_ASSIGNMENT (( #11542 ) ) ;
#4907 = DIRECTION ( 'NONE',  ( 0.000000000000000000, 0.000000000000000000, 1.000000000000000000 ) ) ;
#4908 = DIRECTION ( 'NONE',  ( 0.000000000000000000, 0.000000000000000000, 1.000000000000000000 ) ) ;
#4909 = DIRECTION ( 'NONE',  ( 0.000000000000000000, 0.000000000000000000, 1.000000000000000000 ) ) ;
#4910 = ADVANCED_FACE ( 'NONE', ( #6691 ), #6760, .T. ) ;
#4911 = DIRECTION ( 'NONE',  ( 0.000000000000000000, 0.000000000000000000, 1.000000000000000000 ) ) ;
#4912 = CARTESIAN_POINT ( 'NONE',  ( 1.750000000000000222, 0.2699999999999994071, 3.250000000000001776 ) ) ;
#4913 = CLOSED_SHELL ( 'NONE', ( #4076, #2817, #12590 ) ) ;
#4914 = DIRECTION ( 'NONE',  ( -0.000000000000000000, 1.000000000000000000, -0.000000000000000000 ) ) ;
#4915 = EDGE_CURVE ( 'NONE', #3784, #11686, #11223, .T. ) ;
#4916 = SURFACE_SIDE_STYLE ('',( #12030 ) ) ;
#4917 =( GEOMETRIC_REPRESENTATION_CONTEXT ( 3 ) GLOBAL_UNCERTAINTY_ASSIGNED_CONTEXT ( ( #10910 ) ) GLOBAL_UNIT_ASSIGNED_CONTEXT ( ( #12427, #567, #3526 ) ) REPRESENTATION_CONTEXT ( 'NONE', 'WORKASPACE' ) );
#4918 = CARTESIAN_POINT ( 'NONE',  ( 3.250000000000000888, 0.1499999999999999944, -3.249999999999999556 ) ) ;
#4919 = DIRECTION ( 'NONE',  ( 0.000000000000000000, 0.000000000000000000, 1.000000000000000000 ) ) ;
#4920 = CARTESIAN_POINT ( 'NONE',  ( -2.250000000000000000, 0.1499999999999999944, 1.250000000000001110 ) ) ;
#4921 = DIRECTION ( 'NONE',  ( -0.000000000000000000, 1.000000000000000000, -0.000000000000000000 ) ) ;
#4922 = ORIENTED_EDGE ( 'NONE', *, *, #1309, .F. ) ;
#4923 = ADVANCED_FACE ( 'NONE', ( #6835 ), #2611, .T. ) ;
#4924 = ORIENTED_EDGE ( 'NONE', *, *, #8055, .T. ) ;
#4925 = PLANE ( 'NONE',  #1409 ) ;
#4926 = ADVANCED_FACE ( 'NONE', ( #2471 ), #6377, .T. ) ;
#4927 = SURFACE_SIDE_STYLE ('',( #7099 ) ) ;
#4928 = ORIENTED_EDGE ( 'NONE', *, *, #5366, .T. ) ;
#4929 =( NAMED_UNIT ( * ) PLANE_ANGLE_UNIT ( ) SI_UNIT ( $, .RADIAN. ) );
#4930 = EDGE_LOOP ( 'NONE', ( #11379, #2722 ) ) ;
#4931 = EDGE_CURVE ( 'NONE', #5696, #9224, #6903, .T. ) ;
#4932 = MANIFOLD_SOLID_BREP ( 'LPattern1[1]', #7179 ) ;
#4933 = ADVANCED_FACE ( 'NONE', ( #2208 ), #8212, .T. ) ;
#4934 = VERTEX_POINT ( 'NONE', #3553 ) ;
#4935 = SPHERICAL_SURFACE ( 'NONE', #2615, 0.1499999999999998557 ) ;
#4936 = CARTESIAN_POINT ( 'NONE',  ( -3.250000000000000000, 0.1499999999999999944, -3.249999999999999556 ) ) ;
#4937 = SPHERICAL_SURFACE ( 'NONE', #7567, 0.1499999999999998557 ) ;
#4938 = CARTESIAN_POINT ( 'NONE',  ( 2.250000000000000000, 0.1499999999999999944, 0.7500000000000006661 ) ) ;
#4939 =( GEOMETRIC_REPRESENTATION_CONTEXT ( 3 ) GLOBAL_UNCERTAINTY_ASSIGNED_CONTEXT ( ( #5816 ) ) GLOBAL_UNIT_ASSIGNED_CONTEXT ( ( #10074, #2866, #3130 ) ) REPRESENTATION_CONTEXT ( 'NONE', 'WORKASPACE' ) );
#4940 = ORIENTED_EDGE ( 'NONE', *, *, #4422, .F. ) ;
#4941 = ORIENTED_EDGE ( 'NONE', *, *, #4427, .T. ) ;
#4942 = FILL_AREA_STYLE_COLOUR ( '', #12151 ) ;
#4943 = EDGE_CURVE ( 'NONE', #7386, #3808, #2234, .T. ) ;
#4944 = FILL_AREA_STYLE_COLOUR ( '', #1519 ) ;
#4945 =( NAMED_UNIT ( * ) SI_UNIT ( $, .STERADIAN. ) SOLID_ANGLE_UNIT ( ) );
#4946 = DIRECTION ( 'NONE',  ( 0.000000000000000000, 0.000000000000000000, 1.000000000000000000 ) ) ;
#4947 = CARTESIAN_POINT ( 'NONE',  ( -0.7499999999999997780, 0.2699999999999994071, 1.160000000000001252 ) ) ;
#4948 = EDGE_CURVE ( 'NONE', #10250, #11596, #6534, .T. ) ;
#4949 = ORIENTED_EDGE ( 'NONE', *, *, #4519, .F. ) ;
#4950 = DIRECTION ( 'NONE',  ( 1.000000000000000000, 0.000000000000000000, -0.000000000000000000 ) ) ;
#4951 = DIRECTION ( 'NONE',  ( 0.000000000000000000, 0.000000000000000000, 1.000000000000000000 ) ) ;
#4952 = STYLED_ITEM ( 'NONE', ( #9476 ), #2222 ) ;
#4953 = ORIENTED_EDGE ( 'NONE', *, *, #10846, .F. ) ;
#4954 = FACE_OUTER_BOUND ( 'NONE', #7792, .T. ) ;
#4955 = PRESENTATION_STYLE_ASSIGNMENT (( #12036 ) ) ;
#4956 = MECHANICAL_DESIGN_GEOMETRIC_PRESENTATION_REPRESENTATION (  '', ( #11025 ), #10401 ) ;
#4957 = ORIENTED_EDGE ( 'NONE', *, *, #10862, .F. ) ;
#4958 = FACE_OUTER_BOUND ( 'NONE', #7718, .T. ) ;
#4959 = SURFACE_STYLE_USAGE ( .BOTH. , #12668 ) ;
#4960 =( GEOMETRIC_REPRESENTATION_CONTEXT ( 3 ) GLOBAL_UNCERTAINTY_ASSIGNED_CONTEXT ( ( #3876 ) ) GLOBAL_UNIT_ASSIGNED_CONTEXT ( ( #4812, #1006, #6805 ) ) REPRESENTATION_CONTEXT ( 'NONE', 'WORKASPACE' ) );
#4961 =( NAMED_UNIT ( * ) SI_UNIT ( $, .STERADIAN. ) SOLID_ANGLE_UNIT ( ) );
#4962 = ADVANCED_FACE ( 'NONE', ( #6554 ), #10838, .T. ) ;
#4963 = FACE_OUTER_BOUND ( 'NONE', #3578, .T. ) ;
#4964 =( NAMED_UNIT ( * ) PLANE_ANGLE_UNIT ( ) SI_UNIT ( $, .RADIAN. ) );
#4965 = ORIENTED_EDGE ( 'NONE', *, *, #895, .T. ) ;
#4966 = EDGE_LOOP ( 'NONE', ( #4924, #9155 ) ) ;
#4967 = DIRECTION ( 'NONE',  ( 0.000000000000000000, 0.000000000000000000, 1.000000000000000000 ) ) ;
#4968 = DIRECTION ( 'NONE',  ( 1.000000000000000000, 0.000000000000000000, -0.000000000000000000 ) ) ;
#4969 = DIRECTION ( 'NONE',  ( -1.000000000000000000, 0.000000000000000000, 0.000000000000000000 ) ) ;
#4970 = DIRECTION ( 'NONE',  ( -0.000000000000000000, 1.000000000000000000, -0.000000000000000000 ) ) ;
#4971 = ORIENTED_EDGE ( 'NONE', *, *, #8334, .F. ) ;
#4972 =( GEOMETRIC_REPRESENTATION_CONTEXT ( 3 ) GLOBAL_UNCERTAINTY_ASSIGNED_CONTEXT ( ( #1038 ) ) GLOBAL_UNIT_ASSIGNED_CONTEXT ( ( #6341, #9041, #7883 ) ) REPRESENTATION_CONTEXT ( 'NONE', 'WORKASPACE' ) );
#4973 = DIRECTION ( 'NONE',  ( 0.000000000000000000, 0.000000000000000000, 1.000000000000000000 ) ) ;
#4974 =( NAMED_UNIT ( * ) PLANE_ANGLE_UNIT ( ) SI_UNIT ( $, .RADIAN. ) );
#4975 = DIRECTION ( 'NONE',  ( -1.000000000000000000, 0.000000000000000000, 0.000000000000000000 ) ) ;
#4976 = DIRECTION ( 'NONE',  ( 1.000000000000000000, 0.000000000000000000, -0.000000000000000000 ) ) ;
#4977 = EDGE_LOOP ( 'NONE', ( #6641, #10467, #9376 ) ) ;
#4978 = SPHERICAL_SURFACE ( 'NONE', #4839, 0.1499999999999998557 ) ;
#4979 = FILL_AREA_STYLE ('',( #3128 ) ) ;
#4980 = CARTESIAN_POINT ( 'NONE',  ( -0.2499999999999997780, 0.2699999999999994071, 2.340000000000000746 ) ) ;
#4981 = ORIENTED_EDGE ( 'NONE', *, *, #4948, .T. ) ;
#4982 = CIRCLE ( 'NONE', #8706, 0.1499999999999999667 ) ;
#4983 = PRESENTATION_STYLE_ASSIGNMENT (( #10178 ) ) ;
#4984 = DIRECTION ( 'NONE',  ( 0.000000000000000000, 0.000000000000000000, 1.000000000000000000 ) ) ;
#4985 = EDGE_CURVE ( 'NONE', #9280, #3710, #2316, .T. ) ;
#4986 = FACE_OUTER_BOUND ( 'NONE', #3327, .T. ) ;
#4987 = VERTEX_POINT ( 'NONE', #12539 ) ;
#4988 = ORIENTED_EDGE ( 'NONE', *, *, #6223, .T. ) ;
#4989 = CARTESIAN_POINT ( 'NONE',  ( 2.750000000000000444, 0.2699999999999994071, -0.7499999999999988898 ) ) ;
#4990 = ORIENTED_EDGE ( 'NONE', *, *, #11556, .T. ) ;
#4991 = ORIENTED_EDGE ( 'NONE', *, *, #7822, .F. ) ;
#4992 = CARTESIAN_POINT ( 'NONE',  ( -1.249999999999999778, 0.1499999999999999944, 3.250000000000001332 ) ) ;
#4993 = PRESENTATION_LAYER_ASSIGNMENT (  '', '', ( #10287 ) ) ;
#4994 = DIRECTION ( 'NONE',  ( 0.000000000000000000, 0.000000000000000000, 1.000000000000000000 ) ) ;
#4995 = CARTESIAN_POINT ( 'NONE',  ( -1.249999999999999778, 0.2699999999999994071, 3.340000000000001634 ) ) ;
#4996 = CARTESIAN_POINT ( 'NONE',  ( -2.250000000000000000, 0.2699999999999994071, 2.840000000000000746 ) ) ;
#4997 = ORIENTED_EDGE ( 'NONE', *, *, #305, .F. ) ;
#4998 = FACE_OUTER_BOUND ( 'NONE', #4580, .T. ) ;
#4999 = PRESENTATION_STYLE_ASSIGNMENT (( #2261 ) ) ;
#5000 = DIRECTION ( 'NONE',  ( 0.000000000000000000, 0.000000000000000000, 1.000000000000000000 ) ) ;
#5001 = DIRECTION ( 'NONE',  ( -0.000000000000000000, 1.000000000000000000, -0.000000000000000000 ) ) ;
#5002 = SPHERICAL_SURFACE ( 'NONE', #10494, 0.1499999999999998557 ) ;
#5003 = MANIFOLD_SOLID_BREP ( 'LPattern1[5]', #1213 ) ;
#5004 = PLANE ( 'NONE',  #5684 ) ;
#5005 = FILL_AREA_STYLE ('',( #9429 ) ) ;
#5006 = DIRECTION ( 'NONE',  ( -0.000000000000000000, 1.000000000000000000, -0.000000000000000000 ) ) ;
#5007 = AXIS2_PLACEMENT_3D ( 'NONE', #2839, #10687, #3683 ) ;
#5008 = LINE ( 'NONE', #1696, #9412 ) ;
#5009 = DIRECTION ( 'NONE',  ( 0.000000000000000000, 0.000000000000000000, 1.000000000000000000 ) ) ;
#5010 = ORIENTED_EDGE ( 'NONE', *, *, #11011, .T. ) ;
#5011 = VERTEX_POINT ( 'NONE', #12617 ) ;
#5012 = DIRECTION ( 'NONE',  ( -0.000000000000000000, 1.000000000000000000, 0.000000000000000000 ) ) ;
#5013 = AXIS2_PLACEMENT_3D ( 'NONE', #4039, #5307, #10962 ) ;
#5014 = CARTESIAN_POINT ( 'NONE',  ( 2.250000000000000000, 0.2699999999999994071, 2.250000000000000888 ) ) ;
#5015 = ORIENTED_EDGE ( 'NONE', *, *, #7830, .F. ) ;
#5016 = AXIS2_PLACEMENT_3D ( 'NONE', #12387, #6561, #3730 ) ;
#5017 = CARTESIAN_POINT ( 'NONE',  ( 1.250000000000000666, 0.1499999999999999944, 3.250000000000001332 ) ) ;
#5018 = EDGE_LOOP ( 'NONE', ( #7604, #1969, #1423 ) ) ;
#5019 = LINE ( 'NONE', #7813, #5239 ) ;
#5020 = UNCERTAINTY_MEASURE_WITH_UNIT (LENGTH_MEASURE( 1.000000000000000082E-05 ), #8756, 'distance_accuracy_value', 'NONE');
#5021 = COLOUR_RGB ( '',0.7921568627450980005, 0.8196078431372548767, 0.9333333333333333481 ) ;
#5022 = ORIENTED_EDGE ( 'NONE', *, *, #7005, .T. ) ;
#5023 = DIRECTION ( 'NONE',  ( 0.000000000000000000, -1.000000000000000000, 0.000000000000000000 ) ) ;
#5024 = CARTESIAN_POINT ( 'NONE',  ( 0.2500000000000002220, 0.2699999999999994071, 2.340000000000000302 ) ) ;
#5025 = CARTESIAN_POINT ( 'NONE',  ( 2.750000000000000444, 0.1499999999999999944, -0.2499999999999993616 ) ) ;
#5026 = DIRECTION ( 'NONE',  ( -0.000000000000000000, 1.000000000000000000, 0.000000000000000000 ) ) ;
#5027 = ORIENTED_EDGE ( 'NONE', *, *, #3094, .T. ) ;
#5028 = ADVANCED_FACE ( 'NONE', ( #11246 ), #2844, .T. ) ;
#5029 = VERTEX_POINT ( 'NONE', #30 ) ;
#5030 = MANIFOLD_SOLID_BREP ( 'LPattern1[7]', #11470 ) ;
#5031 = ADVANCED_FACE ( 'NONE', ( #2867 ), #6576, .T. ) ;
#5032 =( NAMED_UNIT ( * ) PLANE_ANGLE_UNIT ( ) SI_UNIT ( $, .RADIAN. ) );
#5033 = CARTESIAN_POINT ( 'NONE',  ( 1.250000000000000666, 0.2699999999999994071, -0.1599999999999989764 ) ) ;
#5034 = DIRECTION ( 'NONE',  ( 0.000000000000000000, 0.000000000000000000, 1.000000000000000000 ) ) ;
#5035 = AXIS2_PLACEMENT_3D ( 'NONE', #2857, #7555, #1878 ) ;
#5036 = ORIENTED_EDGE ( 'NONE', *, *, #8312, .T. ) ;
#5037 = CARTESIAN_POINT ( 'NONE',  ( -0.2499999999999997780, 0.1499999999999999944, -2.249999999999999556 ) ) ;
#5038 = CARTESIAN_POINT ( 'NONE',  ( -1.749999999999999778, 0.2699999999999994071, 2.340000000000000746 ) ) ;
#5039 = ORIENTED_EDGE ( 'NONE', *, *, #6493, .T. ) ;
#5040 = SPHERICAL_SURFACE ( 'NONE', #9596, 0.1499999999999998557 ) ;
#5041 = AXIS2_PLACEMENT_3D ( 'NONE', #10582, #10259, #8580 ) ;
#5042 = ADVANCED_FACE ( 'NONE', ( #11552 ), #7193, .T. ) ;
#5043 = ORIENTED_EDGE ( 'NONE', *, *, #5135, .F. ) ;
#5044 = CIRCLE ( 'NONE', #6217, 0.1499999999999999667 ) ;
#5045 = CARTESIAN_POINT ( 'NONE',  ( -4.312500000000001776, 0.8000000000000000444, -5.062499999999999112 ) ) ;
#5046 =( LENGTH_UNIT ( ) NAMED_UNIT ( * ) SI_UNIT ( .MILLI., .METRE. ) );
#5047 = DIRECTION ( 'NONE',  ( -0.000000000000000000, 1.000000000000000000, -0.000000000000000000 ) ) ;
#5048 = CIRCLE ( 'NONE', #4302, 0.1499999999999999667 ) ;
#5049 = VERTEX_POINT ( 'NONE', #949 ) ;
#5050 = EDGE_CURVE ( 'NONE', #10431, #494, #2674, .T. ) ;
#5051 = DIRECTION ( 'NONE',  ( 1.000000000000000000, -0.000000000000000000, 0.000000000000000000 ) ) ;
#5052 = DIRECTION ( 'NONE',  ( -0.000000000000000000, 1.000000000000000000, -0.000000000000000000 ) ) ;
#5053 = AXIS2_PLACEMENT_3D ( 'NONE', #4512, #1554, #8526 ) ;
#5054 = DIRECTION ( 'NONE',  ( -0.000000000000000000, 1.000000000000000000, -0.000000000000000000 ) ) ;
#5055 = EDGE_LOOP ( 'NONE', ( #11759, #2705, #6292 ) ) ;
#5056 = CARTESIAN_POINT ( 'NONE',  ( -2.250000000000000000, 0.1499999999999999944, -0.7499999999999993339 ) ) ;
#5057 = CARTESIAN_POINT ( 'NONE',  ( -5.750000000000001776, 0.4200000000000002620, 6.500000000000000000 ) ) ;
#5058 = EDGE_CURVE ( 'NONE', #11213, #3521, #7326, .T. ) ;
#5059 = CARTESIAN_POINT ( 'NONE',  ( -4.312500000000001776, 0.4199999999999999289, -5.493749999999999467 ) ) ;
#5060 = DIRECTION ( 'NONE',  ( 0.000000000000000000, 0.000000000000000000, 1.000000000000000000 ) ) ;
#5061 = AXIS2_PLACEMENT_3D ( 'NONE', #7195, #9120, #8204 ) ;
#5062 = FACE_OUTER_BOUND ( 'NONE', #5120, .T. ) ;
#5063 = DIRECTION ( 'NONE',  ( 1.000000000000000000, 0.000000000000000000, 1.224646799147353207E-16 ) ) ;
#5064 = CARTESIAN_POINT ( 'NONE',  ( -1.249999999999999778, 0.1499999999999999944, 2.250000000000000444 ) ) ;
#5065 = ORIENTED_EDGE ( 'NONE', *, *, #5270, .T. ) ;
#5066 = CIRCLE ( 'NONE', #7277, 0.1499999999999999667 ) ;
#5067 = DIRECTION ( 'NONE',  ( 0.000000000000000000, 0.000000000000000000, 1.000000000000000000 ) ) ;
#5068 = AXIS2_PLACEMENT_3D ( 'NONE', #2167, #4147, #6987 ) ;
#5069 = ADVANCED_FACE ( 'NONE', ( #11422 ), #7305, .F. ) ;
#5070 = CIRCLE ( 'NONE', #12228, 0.1499999999999999667 ) ;
#5071 = ORIENTED_EDGE ( 'NONE', *, *, #2802, .T. ) ;
#5072 = DIRECTION ( 'NONE',  ( 0.000000000000000000, 0.000000000000000000, 1.000000000000000000 ) ) ;
#5073 = EDGE_CURVE ( 'NONE', #4745, #11753, #7084, .T. ) ;
#5074 = ORIENTED_EDGE ( 'NONE', *, *, #8731, .T. ) ;
#5075 = AXIS2_PLACEMENT_3D ( 'NONE', #8853, #3109, #9873 ) ;
#5076 = AXIS2_PLACEMENT_3D ( 'NONE', #40, #2103, #4092 ) ;
#5077 = FACE_OUTER_BOUND ( 'NONE', #3989, .T. ) ;
#5078 = DIRECTION ( 'NONE',  ( 0.000000000000000000, 0.000000000000000000, 1.000000000000000000 ) ) ;
#5079 = CARTESIAN_POINT ( 'NONE',  ( -1.249999999999999778, 0.2699999999999994071, 0.1600000000000007250 ) ) ;
#5080 = AXIS2_PLACEMENT_3D ( 'NONE', #8590, #6599, #11597 ) ;
#5081 = DIRECTION ( 'NONE',  ( -0.7071067811865469066, 0.000000000000000000, -0.7071067811865482389 ) ) ;
#5082 = EDGE_LOOP ( 'NONE', ( #5549, #5527 ) ) ;
#5083 = FACE_OUTER_BOUND ( 'NONE', #2176, .T. ) ;
#5084 = CARTESIAN_POINT ( 'NONE',  ( -3.250000000000000000, 0.2699999999999994071, 2.750000000000001332 ) ) ;
#5085 = CARTESIAN_POINT ( 'NONE',  ( 3.250000000000000888, 0.2699999999999994071, 1.340000000000001412 ) ) ;
#5086 = CARTESIAN_POINT ( 'NONE',  ( 0.2500000000000002220, 0.2699999999999994071, -1.249999999999998890 ) ) ;
#5087 =( NAMED_UNIT ( * ) SI_UNIT ( $, .STERADIAN. ) SOLID_ANGLE_UNIT ( ) );
#5088 = DIRECTION ( 'NONE',  ( 0.000000000000000000, 0.000000000000000000, 1.000000000000000000 ) ) ;
#5089 = COLOUR_RGB ( '',0.7921568627450980005, 0.8196078431372548767, 0.9333333333333333481 ) ;
#5090 = AXIS2_PLACEMENT_3D ( 'NONE', #12416, #3516, #6245 ) ;
#5091 = ORIENTED_EDGE ( 'NONE', *, *, #5299, .F. ) ;
#5092 = DIRECTION ( 'NONE',  ( 1.000000000000000000, 0.000000000000000000, 1.224646799147353207E-16 ) ) ;
#5093 = AXIS2_PLACEMENT_3D ( 'NONE', #11934, #1019, #1110 ) ;
#5094 = EDGE_CURVE ( 'NONE', #11908, #12106, #11508, .T. ) ;
#5095 = ORIENTED_EDGE ( 'NONE', *, *, #5702, .T. ) ;
#5096 = DIRECTION ( 'NONE',  ( 0.000000000000000000, 0.000000000000000000, 1.000000000000000000 ) ) ;
#5097 = SPHERICAL_SURFACE ( 'NONE', #9151, 0.1499999999999998557 ) ;
#5098 = FACE_OUTER_BOUND ( 'NONE', #5756, .T. ) ;
#5099 = STYLED_ITEM ( 'NONE', ( #5526 ), #4346 ) ;
#5100 =( GEOMETRIC_REPRESENTATION_CONTEXT ( 3 ) GLOBAL_UNCERTAINTY_ASSIGNED_CONTEXT ( ( #3723 ) ) GLOBAL_UNIT_ASSIGNED_CONTEXT ( ( #8630, #10174, #10985 ) ) REPRESENTATION_CONTEXT ( 'NONE', 'WORKASPACE' ) );
#5101 = ORIENTED_EDGE ( 'NONE', *, *, #8639, .F. ) ;
#5102 = DIRECTION ( 'NONE',  ( 0.000000000000000000, 0.000000000000000000, 1.000000000000000000 ) ) ;
#5103 = CIRCLE ( 'NONE', #10391, 0.1499999999999999667 ) ;
#5104 = DIRECTION ( 'NONE',  ( 0.000000000000000000, 0.000000000000000000, 1.000000000000000000 ) ) ;
#5105 = AXIS2_PLACEMENT_3D ( 'NONE', #6043, #7038, #6215 ) ;
#5106 = DIRECTION ( 'NONE',  ( 1.000000000000000000, 0.000000000000000000, -0.000000000000000000 ) ) ;
#5107 =( NAMED_UNIT ( * ) PLANE_ANGLE_UNIT ( ) SI_UNIT ( $, .RADIAN. ) );
#5108 = STYLED_ITEM ( 'NONE', ( #9315 ), #2239 ) ;
#5109 = FACE_OUTER_BOUND ( 'NONE', #3193, .T. ) ;
#5110 = ORIENTED_EDGE ( 'NONE', *, *, #11781, .T. ) ;
#5111 =( NAMED_UNIT ( * ) PLANE_ANGLE_UNIT ( ) SI_UNIT ( $, .RADIAN. ) );
#5112 = EDGE_CURVE ( 'NONE', #1665, #6873, #7065, .T. ) ;
#5113 =( LENGTH_UNIT ( ) NAMED_UNIT ( * ) SI_UNIT ( .MILLI., .METRE. ) );
#5114 =( NAMED_UNIT ( * ) PLANE_ANGLE_UNIT ( ) SI_UNIT ( $, .RADIAN. ) );
#5115 = DIRECTION ( 'NONE',  ( 0.000000000000000000, 0.000000000000000000, 1.000000000000000000 ) ) ;
#5116 = EDGE_LOOP ( 'NONE', ( #6092, #8967 ) ) ;
#5117 = DIRECTION ( 'NONE',  ( 0.000000000000000000, 0.000000000000000000, 1.000000000000000000 ) ) ;
#5118 = EDGE_CURVE ( 'NONE', #9893, #2382, #7150, .T. ) ;
#5119 = FACE_OUTER_BOUND ( 'NONE', #12398, .T. ) ;
#5120 = EDGE_LOOP ( 'NONE', ( #2570, #7917, #5498 ) ) ;
#5121 = SPHERICAL_SURFACE ( 'NONE', #3235, 0.1499999999999998557 ) ;
#5122 = MANIFOLD_SOLID_BREP ( 'LPattern1[140]', #9597 ) ;
#5123 = DIRECTION ( 'NONE',  ( 0.000000000000000000, 1.000000000000000000, 0.000000000000000000 ) ) ;
#5124 = DIRECTION ( 'NONE',  ( -1.000000000000000000, 0.000000000000000000, 0.000000000000000000 ) ) ;
#5125 = ADVANCED_FACE ( 'NONE', ( #7000 ), #11574, .T. ) ;
#5126 = LINE ( 'NONE', #6057, #9196 ) ;
#5127 = CARTESIAN_POINT ( 'NONE',  ( -3.250000000000000000, 0.1499999999999999944, -0.7499999999999993339 ) ) ;
#5128 = EDGE_LOOP ( 'NONE', ( #4250, #11850, #4922 ) ) ;
#5129 = CARTESIAN_POINT ( 'NONE',  ( -0.2499999999999997780, 0.2699999999999994071, -2.339999999999999414 ) ) ;
#5130 = AXIS2_PLACEMENT_3D ( 'NONE', #3253, #9353, #4230 ) ;
#5131 = ADVANCED_FACE ( 'NONE', ( #2819 ), #7373, .T. ) ;
#5132 = DIRECTION ( 'NONE',  ( 0.000000000000000000, 0.000000000000000000, 1.000000000000000000 ) ) ;
#5133 = DIRECTION ( 'NONE',  ( 0.000000000000000000, 0.000000000000000000, 1.000000000000000000 ) ) ;
#5134 = CARTESIAN_POINT ( 'NONE',  ( 3.250000000000000888, 0.1499999999999999944, 0.7500000000000006661 ) ) ;
#5135 = EDGE_CURVE ( 'NONE', #3958, #5476, #11682, .T. ) ;
#5136 = ORIENTED_EDGE ( 'NONE', *, *, #9569, .F. ) ;
#5137 = DIRECTION ( 'NONE',  ( 0.000000000000000000, 0.000000000000000000, -1.000000000000000000 ) ) ;
#5138 = CARTESIAN_POINT ( 'NONE',  ( -0.7499999999999997780, 0.1499999999999999944, 1.250000000000001110 ) ) ;
#5139 = DIRECTION ( 'NONE',  ( -0.000000000000000000, 1.000000000000000000, -0.000000000000000000 ) ) ;
#5140 = FACE_OUTER_BOUND ( 'NONE', #7841, .T. ) ;
#5141 = DIRECTION ( 'NONE',  ( 0.000000000000000000, 0.000000000000000000, 1.000000000000000000 ) ) ;
#5142 = CARTESIAN_POINT ( 'NONE',  ( -2.750000000000000000, 0.1499999999999999944, -2.749999999999999556 ) ) ;
#5143 = EDGE_CURVE ( 'NONE', #8153, #8752, #3066, .T. ) ;
#5144 = ADVANCED_FACE ( 'NONE', ( #6956 ), #11310, .T. ) ;
#5145 = DIRECTION ( 'NONE',  ( 0.000000000000000000, 0.000000000000000000, 1.000000000000000000 ) ) ;
#5146 = ORIENTED_EDGE ( 'NONE', *, *, #5155, .T. ) ;
#5147 = CIRCLE ( 'NONE', #908, 0.08999999999999980238 ) ;
#5148 = CIRCLE ( 'NONE', #6800, 0.1499999999999999667 ) ;
#5149 = CARTESIAN_POINT ( 'NONE',  ( -3.250000000000000000, 0.1499999999999999944, 3.250000000000001332 ) ) ;
#5150 = FACE_OUTER_BOUND ( 'NONE', #10087, .T. ) ;
#5151 = EDGE_LOOP ( 'NONE', ( #2338, #10367 ) ) ;
#5152 = AXIS2_PLACEMENT_3D ( 'NONE', #9453, #2607, #8536 ) ;
#5153 = MECHANICAL_DESIGN_GEOMETRIC_PRESENTATION_REPRESENTATION (  '', ( #673 ), #8104 ) ;
#5154 = VERTEX_POINT ( 'NONE', #646 ) ;
#5155 = EDGE_CURVE ( 'NONE', #8947, #7342, #7536, .T. ) ;
#5156 = ADVANCED_FACE ( 'NONE', ( #3131 ), #11848, .T. ) ;
#5157 = DIRECTION ( 'NONE',  ( -0.000000000000000000, 1.000000000000000000, -0.000000000000000000 ) ) ;
#5158 = COLOUR_RGB ( '',0.7921568627450980005, 0.8196078431372548767, 0.9333333333333333481 ) ;
#5159 = CIRCLE ( 'NONE', #6212, 0.08999999999999980238 ) ;
#5160 = DIRECTION ( 'NONE',  ( 0.000000000000000000, 0.000000000000000000, 1.000000000000000000 ) ) ;
#5161 = CARTESIAN_POINT ( 'NONE',  ( -1.249999999999999778, 0.1499999999999999944, 2.750000000000000888 ) ) ;
#5162 =( LENGTH_UNIT ( ) NAMED_UNIT ( * ) SI_UNIT ( .MILLI., .METRE. ) );
#5163 = ORIENTED_EDGE ( 'NONE', *, *, #6484, .F. ) ;
#5164 = CIRCLE ( 'NONE', #506, 0.08999999999999980238 ) ;
#5165 = CARTESIAN_POINT ( 'NONE',  ( -3.250000000000000000, 0.2699999999999994071, 3.340000000000001634 ) ) ;
#5166 = AXIS2_PLACEMENT_3D ( 'NONE', #6395, #9396, #7495 ) ;
#5167 = DIRECTION ( 'NONE',  ( 0.000000000000000000, 0.000000000000000000, 1.000000000000000000 ) ) ;
#5168 = CIRCLE ( 'NONE', #12375, 0.08999999999999980238 ) ;
#5169 = CARTESIAN_POINT ( 'NONE',  ( -2.250000000000000000, 1.355252715606880543E-16, -0.7499999999999993339 ) ) ;
#5170 = CARTESIAN_POINT ( 'NONE',  ( -3.250000000000000000, 0.2699999999999994071, -1.159999999999999032 ) ) ;
#5171 = DIRECTION ( 'NONE',  ( 0.000000000000000000, 0.000000000000000000, 1.000000000000000000 ) ) ;
#5172 = AXIS2_PLACEMENT_3D ( 'NONE', #5134, #12223, #2050 ) ;
#5173 = ADVANCED_FACE ( 'NONE', ( #3408 ), #2584, .T. ) ;
#5174 = UNCERTAINTY_MEASURE_WITH_UNIT (LENGTH_MEASURE( 1.000000000000000082E-05 ), #5410, 'distance_accuracy_value', 'NONE');
#5175 = DIRECTION ( 'NONE',  ( 0.000000000000000000, -0.000000000000000000, -1.000000000000000000 ) ) ;
#5176 = CIRCLE ( 'NONE', #10849, 0.08999999999999980238 ) ;
#5177 = UNCERTAINTY_MEASURE_WITH_UNIT (LENGTH_MEASURE( 1.000000000000000082E-05 ), #6425, 'distance_accuracy_value', 'NONE');
#5178 = ORIENTED_EDGE ( 'NONE', *, *, #8686, .T. ) ;
#5179 = DIRECTION ( 'NONE',  ( 0.000000000000000000, 0.000000000000000000, 1.000000000000000000 ) ) ;
#5180 = AXIS2_PLACEMENT_3D ( 'NONE', #6127, #7216, #5216 ) ;
#5181 = ORIENTED_EDGE ( 'NONE', *, *, #9905, .F. ) ;
#5182 = DIRECTION ( 'NONE',  ( 0.000000000000000000, 0.000000000000000000, 1.000000000000000000 ) ) ;
#5183 = COLOUR_RGB ( '',0.7921568627450980005, 0.8196078431372548767, 0.9333333333333333481 ) ;
#5184 = SPHERICAL_SURFACE ( 'NONE', #10106, 0.1499999999999998557 ) ;
#5185 = EDGE_CURVE ( 'NONE', #1327, #4231, #7727, .T. ) ;
#5186 = ORIENTED_EDGE ( 'NONE', *, *, #2919, .F. ) ;
#5187 = CARTESIAN_POINT ( 'NONE',  ( -0.2499999999999997780, 0.1499999999999999944, 2.750000000000000888 ) ) ;
#5188 = COLOUR_RGB ( '',0.7921568627450980005, 0.8196078431372548767, 0.9333333333333333481 ) ;
#5189 = COLOUR_RGB ( '',0.7921568627450980005, 0.8196078431372548767, 0.9333333333333333481 ) ;
#5190 = MECHANICAL_DESIGN_GEOMETRIC_PRESENTATION_REPRESENTATION (  '', ( #415 ), #12786 ) ;
#5191 = CARTESIAN_POINT ( 'NONE',  ( 0.2500000000000002220, 0.1499999999999999944, 2.250000000000000444 ) ) ;
#5192 = DIRECTION ( 'NONE',  ( 0.000000000000000000, 0.000000000000000000, 1.000000000000000000 ) ) ;
#5193 = AXIS2_PLACEMENT_3D ( 'NONE', #11056, #6867, #166 ) ;
#5194 =( NAMED_UNIT ( * ) SI_UNIT ( $, .STERADIAN. ) SOLID_ANGLE_UNIT ( ) );
#5195 = MANIFOLD_SOLID_BREP ( 'LPattern1[45]', #4882 ) ;
#5196 = CIRCLE ( 'NONE', #3201, 0.1499999999999999667 ) ;
#5197 = EDGE_LOOP ( 'NONE', ( #3855, #6105, #5565 ) ) ;
#5198 = DIRECTION ( 'NONE',  ( 0.000000000000000000, 0.000000000000000000, -1.000000000000000000 ) ) ;
#5199 = FILL_AREA_STYLE_COLOUR ( '', #6848 ) ;
#5200 = PLANE ( 'NONE',  #435 ) ;
#5201 = CARTESIAN_POINT ( 'NONE',  ( -1.249999999999999778, 0.2699999999999994071, -2.339999999999999414 ) ) ;
#5202 = ORIENTED_EDGE ( 'NONE', *, *, #5604, .T. ) ;
#5203 = DIRECTION ( 'NONE',  ( 0.000000000000000000, 0.000000000000000000, 1.000000000000000000 ) ) ;
#5204 = VERTEX_POINT ( 'NONE', #7447 ) ;
#5205 = FACE_OUTER_BOUND ( 'NONE', #8137, .T. ) ;
#5206 =( NAMED_UNIT ( * ) SI_UNIT ( $, .STERADIAN. ) SOLID_ANGLE_UNIT ( ) );
#5207 = AXIS2_PLACEMENT_3D ( 'NONE', #476, #1383, #12265 ) ;
#5208 = AXIS2_PLACEMENT_3D ( 'NONE', #9145, #8954, #5133 ) ;
#5209 = CARTESIAN_POINT ( 'NONE',  ( 2.250000000000000000, 0.1499999999999999944, -2.749999999999999556 ) ) ;
#5210 = EDGE_CURVE ( 'NONE', #2987, #12024, #3228, .T. ) ;
#5211 = AXIS2_PLACEMENT_3D ( 'NONE', #134, #5941, #10854 ) ;
#5212 = FACE_OUTER_BOUND ( 'NONE', #10779, .T. ) ;
#5213 = AXIS2_PLACEMENT_3D ( 'NONE', #1748, #5745, #9564 ) ;
#5214 = ORIENTED_EDGE ( 'NONE', *, *, #4113, .T. ) ;
#5215 = FILL_AREA_STYLE_COLOUR ( '', #4552 ) ;
#5216 = DIRECTION ( 'NONE',  ( 0.000000000000000000, 0.000000000000000000, 1.000000000000000000 ) ) ;
#5217 = ORIENTED_EDGE ( 'NONE', *, *, #3531, .F. ) ;
#5218 = CARTESIAN_POINT ( 'NONE',  ( -1.249999999999999778, 0.2699999999999994071, 0.3400000000000009126 ) ) ;
#5219 = SURFACE_STYLE_USAGE ( .BOTH. , #685 ) ;
#5220 = CIRCLE ( 'NONE', #12546, 0.1499999999999999667 ) ;
#5221 = SPHERICAL_SURFACE ( 'NONE', #4043, 0.1499999999999998557 ) ;
#5222 = DIRECTION ( 'NONE',  ( 0.000000000000000000, 0.000000000000000000, 1.000000000000000000 ) ) ;
#5223 = DIRECTION ( 'NONE',  ( 0.000000000000000000, 0.000000000000000000, -1.000000000000000000 ) ) ;
#5224 = AXIS2_PLACEMENT_3D ( 'NONE', #10292, #12448, #4530 ) ;
#5225 = DIRECTION ( 'NONE',  ( 0.000000000000000000, 0.000000000000000000, 1.000000000000000000 ) ) ;
#5226 = ORIENTED_EDGE ( 'NONE', *, *, #4446, .F. ) ;
#5227 = CIRCLE ( 'NONE', #3231, 0.08999999999999980238 ) ;
#5228 = DIRECTION ( 'NONE',  ( -0.000000000000000000, 1.000000000000000000, 0.000000000000000000 ) ) ;
#5229 = ADVANCED_FACE ( 'NONE', ( #12075 ), #3384, .T. ) ;
#5230 = CIRCLE ( 'NONE', #11451, 0.1499999999999999667 ) ;
#5231 = DIRECTION ( 'NONE',  ( 1.000000000000000000, 0.000000000000000000, 1.224646799147353207E-16 ) ) ;
#5232 = AXIS2_PLACEMENT_3D ( 'NONE', #9573, #12565, #8657 ) ;
#5233 = CLOSED_SHELL ( 'NONE', ( #7629, #2693, #2707 ) ) ;
#5234 = EDGE_CURVE ( 'NONE', #2731, #203, #7514, .T. ) ;
#5235 = ADVANCED_FACE ( 'NONE', ( #11727 ), #3355, .T. ) ;
#5236 = AXIS2_PLACEMENT_3D ( 'NONE', #5919, #6897, #2983 ) ;
#5237 = EDGE_CURVE ( 'NONE', #12836, #6248, #3278, .T. ) ;
#5238 = ORIENTED_EDGE ( 'NONE', *, *, #1145, .F. ) ;
#5239 = VECTOR ( 'NONE', #12783, 1000.000000000000000 ) ;
#5240 = AXIS2_PLACEMENT_3D ( 'NONE', #9821, #7745, #11830 ) ;
#5241 = CARTESIAN_POINT ( 'NONE',  ( 1.250000000000000666, 1.355252715606880543E-16, -0.2499999999999993616 ) ) ;
#5242 = CARTESIAN_POINT ( 'NONE',  ( -3.250000000000000000, 0.2699999999999994071, -0.7499999999999988898 ) ) ;
#5243 = ADVANCED_FACE ( 'NONE', ( #7847 ), #3320, .T. ) ;
#5244 = EDGE_CURVE ( 'NONE', #1665, #5456, #7672, .T. ) ;
#5245 = FILL_AREA_STYLE_COLOUR ( '', #4481 ) ;
#5246 = SURFACE_SIDE_STYLE ('',( #7050 ) ) ;
#5247 = ORIENTED_EDGE ( 'NONE', *, *, #921, .F. ) ;
#5248 =( NAMED_UNIT ( * ) PLANE_ANGLE_UNIT ( ) SI_UNIT ( $, .RADIAN. ) );
#5249 = CIRCLE ( 'NONE', #9745, 0.1499999999999999667 ) ;
#5250 = SPHERICAL_SURFACE ( 'NONE', #8099, 0.1499999999999998557 ) ;
#5251 = DIRECTION ( 'NONE',  ( 0.000000000000000000, 0.000000000000000000, 1.000000000000000000 ) ) ;
#5252 =( GEOMETRIC_REPRESENTATION_CONTEXT ( 3 ) GLOBAL_UNCERTAINTY_ASSIGNED_CONTEXT ( ( #8508 ) ) GLOBAL_UNIT_ASSIGNED_CONTEXT ( ( #1663, #9565, #3652 ) ) REPRESENTATION_CONTEXT ( 'NONE', 'WORKASPACE' ) );
#5253 = FILL_AREA_STYLE_COLOUR ( '', #12854 ) ;
#5254 = CARTESIAN_POINT ( 'NONE',  ( -2.750000000000000000, 0.2699999999999994071, 1.660000000000000808 ) ) ;
#5255 = DIRECTION ( 'NONE',  ( 0.000000000000000000, 0.000000000000000000, 1.000000000000000000 ) ) ;
#5256 = ORIENTED_EDGE ( 'NONE', *, *, #3058, .T. ) ;
#5257 =( GEOMETRIC_REPRESENTATION_CONTEXT ( 3 ) GLOBAL_UNCERTAINTY_ASSIGNED_CONTEXT ( ( #9972 ) ) GLOBAL_UNIT_ASSIGNED_CONTEXT ( ( #2852, #5799, #906 ) ) REPRESENTATION_CONTEXT ( 'NONE', 'WORKASPACE' ) );
#5258 = MANIFOLD_SOLID_BREP ( 'LPattern1[173]', #12591 ) ;
#5259 = EDGE_CURVE ( 'NONE', #4053, #1596, #3515, .T. ) ;
#5260 = ORIENTED_EDGE ( 'NONE', *, *, #7630, .F. ) ;
#5261 = AXIS2_PLACEMENT_3D ( 'NONE', #2896, #3904, #5922 ) ;
#5262 = CARTESIAN_POINT ( 'NONE',  ( 2.250000000000000000, 0.2699999999999994071, 1.750000000000001110 ) ) ;
#5263 = DIRECTION ( 'NONE',  ( 0.000000000000000000, 0.000000000000000000, 1.000000000000000000 ) ) ;
#5264 = ADVANCED_FACE ( 'NONE', ( #3254 ), #7789, .T. ) ;
#5265 = PRESENTATION_STYLE_ASSIGNMENT (( #2373 ) ) ;
#5266 = ORIENTED_EDGE ( 'NONE', *, *, #11156, .F. ) ;
#5267 = AXIS2_PLACEMENT_3D ( 'NONE', #3514, #6422, #7613 ) ;
#5268 = PLANE ( 'NONE',  #6467 ) ;
#5269 = COLOUR_RGB ( '',1.000000000000000000, 1.000000000000000000, 1.000000000000000000 ) ;
#5270 = EDGE_CURVE ( 'NONE', #11169, #203, #7471, .T. ) ;
#5271 =( NAMED_UNIT ( * ) PLANE_ANGLE_UNIT ( ) SI_UNIT ( $, .RADIAN. ) );
#5272 = EDGE_CURVE ( 'NONE', #7206, #12601, #7767, .T. ) ;
#5273 =( GEOMETRIC_REPRESENTATION_CONTEXT ( 3 ) GLOBAL_UNCERTAINTY_ASSIGNED_CONTEXT ( ( #11545 ) ) GLOBAL_UNIT_ASSIGNED_CONTEXT ( ( #1315, #4260, #4099 ) ) REPRESENTATION_CONTEXT ( 'NONE', 'WORKASPACE' ) );
#5274 = AXIS2_PLACEMENT_3D ( 'NONE', #8059, #911, #10239 ) ;
#5275 = DIRECTION ( 'NONE',  ( 0.000000000000000000, 0.000000000000000000, -1.000000000000000000 ) ) ;
#5276 = SURFACE_STYLE_USAGE ( .BOTH. , #9445 ) ;
#5277 = DIRECTION ( 'NONE',  ( 0.000000000000000000, 0.000000000000000000, 1.000000000000000000 ) ) ;
#5278 = EDGE_CURVE ( 'NONE', #453, #3505, #3334, .T. ) ;
#5279 = ADVANCED_FACE ( 'NONE', ( #11889 ), #12759, .T. ) ;
#5280 = AXIS2_PLACEMENT_3D ( 'NONE', #2767, #3782, #11615 ) ;
#5281 = ORIENTED_EDGE ( 'NONE', *, *, #6975, .T. ) ;
#5282 = DIRECTION ( 'NONE',  ( 0.000000000000000000, 0.000000000000000000, 1.000000000000000000 ) ) ;
#5283 =( LENGTH_UNIT ( ) NAMED_UNIT ( * ) SI_UNIT ( .MILLI., .METRE. ) );
#5284 = DIRECTION ( 'NONE',  ( 0.000000000000000000, 0.000000000000000000, 1.000000000000000000 ) ) ;
#5285 = ORIENTED_EDGE ( 'NONE', *, *, #7605, .T. ) ;
#5286 = CARTESIAN_POINT ( 'NONE',  ( 1.250000000000000666, 0.1499999999999999944, 2.250000000000000444 ) ) ;
#5287 = CIRCLE ( 'NONE', #6177, 0.1499999999999999667 ) ;
#5288 = FACE_OUTER_BOUND ( 'NONE', #5577, .T. ) ;
#5289 = MANIFOLD_SOLID_BREP ( 'LPattern1[58]', #11735 ) ;
#5290 = AXIS2_PLACEMENT_3D ( 'NONE', #9148, #8231, #12870 ) ;
#5291 = EDGE_LOOP ( 'NONE', ( #10420, #10081, #3517 ) ) ;
#5292 = FACE_OUTER_BOUND ( 'NONE', #3716, .T. ) ;
#5293 = CARTESIAN_POINT ( 'NONE',  ( 2.750000000000000444, 0.2699999999999994071, 0.3400000000000009126 ) ) ;
#5294 = CARTESIAN_POINT ( 'NONE',  ( -5.250000000000001776, 0.2700000000000000178, -6.494999999999999218 ) ) ;
#5295 = AXIS2_PLACEMENT_3D ( 'NONE', #12751, #891, #1856 ) ;
#5296 = AXIS2_PLACEMENT_3D ( 'NONE', #7070, #6329, #7335 ) ;
#5297 = COLOUR_RGB ( '',0.7921568627450980005, 0.8196078431372548767, 0.9333333333333333481 ) ;
#5298 = ORIENTED_EDGE ( 'NONE', *, *, #11755, .F. ) ;
#5299 = EDGE_CURVE ( 'NONE', #7769, #1836, #12298, .T. ) ;
#5300 = DIRECTION ( 'NONE',  ( 0.000000000000000000, 0.000000000000000000, 1.000000000000000000 ) ) ;
#5301 = PRESENTATION_LAYER_ASSIGNMENT (  '', '', ( #515 ) ) ;
#5302 = CARTESIAN_POINT ( 'NONE',  ( -1.749999999999999778, 0.1499999999999999944, -1.749999999999999334 ) ) ;
#5303 = PLANE ( 'NONE',  #7348 ) ;
#5304 = DIRECTION ( 'NONE',  ( 1.000000000000000000, 0.000000000000000000, 1.224646799147353207E-16 ) ) ;
#5305 = CARTESIAN_POINT ( 'NONE',  ( 2.750000000000000444, 0.1499999999999999944, -0.2499999999999993616 ) ) ;
#5306 = ORIENTED_EDGE ( 'NONE', *, *, #2277, .T. ) ;
#5307 = DIRECTION ( 'NONE',  ( 1.000000000000000000, 0.000000000000000000, -0.000000000000000000 ) ) ;
#5308 = CIRCLE ( 'NONE', #7788, 0.1499999999999999667 ) ;
#5309 = PLANE ( 'NONE',  #4658 ) ;
#5310 = DIRECTION ( 'NONE',  ( 1.000000000000000000, 0.000000000000000000, 1.224646799147353207E-16 ) ) ;
#5311 = DIRECTION ( 'NONE',  ( 0.000000000000000000, 0.000000000000000000, 1.000000000000000000 ) ) ;
#5312 = ORIENTED_EDGE ( 'NONE', *, *, #7005, .F. ) ;
#5313 = DIRECTION ( 'NONE',  ( 0.000000000000000000, 0.000000000000000000, 1.000000000000000000 ) ) ;
#5314 = SPHERICAL_SURFACE ( 'NONE', #8683, 0.1499999999999998557 ) ;
#5315 = AXIS2_PLACEMENT_3D ( 'NONE', #10533, #11628, #8455 ) ;
#5316 = COLOUR_RGB ( '',0.7921568627450980005, 0.8196078431372548767, 0.9333333333333333481 ) ;
#5317 = AXIS2_PLACEMENT_3D ( 'NONE', #11421, #1534, #7617 ) ;
#5318 = CARTESIAN_POINT ( 'NONE',  ( 3.250000000000000888, 0.1499999999999999944, -1.749999999999999334 ) ) ;
#5319 = EDGE_CURVE ( 'NONE', #11654, #3018, #12464, .T. ) ;
#5320 = FACE_OUTER_BOUND ( 'NONE', #3208, .T. ) ;
#5321 = AXIS2_PLACEMENT_3D ( 'NONE', #1017, #7166, #194 ) ;
#5322 = ORIENTED_EDGE ( 'NONE', *, *, #10726, .F. ) ;
#5323 = AXIS2_PLACEMENT_3D ( 'NONE', #7806, #12867, #3622 ) ;
#5324 = EDGE_LOOP ( 'NONE', ( #9059, #3431 ) ) ;
#5325 = PRESENTATION_STYLE_ASSIGNMENT (( #2780 ) ) ;
#5326 = AXIS2_PLACEMENT_3D ( 'NONE', #9671, #1762, #2740 ) ;
#5327 = UNCERTAINTY_MEASURE_WITH_UNIT (LENGTH_MEASURE( 1.000000000000000082E-05 ), #12139, 'distance_accuracy_value', 'NONE');
#5328 = DIRECTION ( 'NONE',  ( 0.000000000000000000, 0.000000000000000000, 1.000000000000000000 ) ) ;
#5329 = DIRECTION ( 'NONE',  ( 1.000000000000000000, 0.000000000000000000, -0.000000000000000000 ) ) ;
#5330 = UNCERTAINTY_MEASURE_WITH_UNIT (LENGTH_MEASURE( 1.000000000000000082E-05 ), #560, 'distance_accuracy_value', 'NONE');
#5331 = ORIENTED_EDGE ( 'NONE', *, *, #11958, .F. ) ;
#5332 = PLANE ( 'NONE',  #11967 ) ;
#5333 = SURFACE_STYLE_FILL_AREA ( #4762 ) ;
#5334 = CARTESIAN_POINT ( 'NONE',  ( 2.750000000000000444, 0.2699999999999994071, 2.160000000000000586 ) ) ;
#5335 = SURFACE_SIDE_STYLE ('',( #3604 ) ) ;
#5336 = CIRCLE ( 'NONE', #5213, 0.1499999999999999667 ) ;
#5337 = PRESENTATION_LAYER_ASSIGNMENT (  '', '', ( #1330 ) ) ;
#5338 =( LENGTH_UNIT ( ) NAMED_UNIT ( * ) SI_UNIT ( .MILLI., .METRE. ) );
#5339 = DIRECTION ( 'NONE',  ( 1.000000000000000000, 0.000000000000000000, -0.000000000000000000 ) ) ;
#5340 = CARTESIAN_POINT ( 'NONE',  ( 3.250000000000000888, 0.2699999999999994071, 0.7500000000000011102 ) ) ;
#5341 = SURFACE_STYLE_FILL_AREA ( #6511 ) ;
#5342 = ADVANCED_FACE ( 'NONE', ( #3902 ), #4774, .T. ) ;
#5343 = ORIENTED_EDGE ( 'NONE', *, *, #147, .F. ) ;
#5344 = CARTESIAN_POINT ( 'NONE',  ( 0.7500000000000002220, 0.2699999999999994071, 1.340000000000001412 ) ) ;
#5345 = ADVANCED_FACE ( 'NONE', ( #8126 ), #8149, .T. ) ;
#5346 = EDGE_CURVE ( 'NONE', #5154, #6248, #12404, .T. ) ;
#5347 = MECHANICAL_DESIGN_GEOMETRIC_PRESENTATION_REPRESENTATION (  '', ( #8315 ), #7704 ) ;
#5348 = ORIENTED_EDGE ( 'NONE', *, *, #8731, .F. ) ;
#5349 = CARTESIAN_POINT ( 'NONE',  ( -3.250000000000000000, 0.1499999999999999944, -1.249999999999999334 ) ) ;
#5350 = CARTESIAN_POINT ( 'NONE',  ( 3.250000000000000888, 0.1499999999999999944, 1.750000000000000666 ) ) ;
#5351 = ADVANCED_FACE ( 'NONE', ( #3921 ), #3593, .T. ) ;
#5352 = ORIENTED_EDGE ( 'NONE', *, *, #5234, .F. ) ;
#5353 = DIRECTION ( 'NONE',  ( 1.000000000000000000, 0.000000000000000000, 1.224646799147353207E-16 ) ) ;
#5354 = AXIS2_PLACEMENT_3D ( 'NONE', #11792, #899, #1862 ) ;
#5355 = CARTESIAN_POINT ( 'NONE',  ( 3.250000000000000888, 0.2699999999999994071, 2.840000000000000746 ) ) ;
#5356 = DIRECTION ( 'NONE',  ( 0.000000000000000000, 0.000000000000000000, 1.000000000000000000 ) ) ;
#5357 = DIRECTION ( 'NONE',  ( 0.000000000000000000, 0.000000000000000000, 1.000000000000000000 ) ) ;
#5358 = CARTESIAN_POINT ( 'NONE',  ( 3.250000000000000888, 0.2699999999999994071, 0.2500000000000011102 ) ) ;
#5359 = DIRECTION ( 'NONE',  ( -0.000000000000000000, 1.000000000000000000, -0.000000000000000000 ) ) ;
#5360 = EDGE_LOOP ( 'NONE', ( #12798, #12249 ) ) ;
#5361 = CARTESIAN_POINT ( 'NONE',  ( 0.2500000000000002220, 0.2699999999999994071, -2.249999999999999112 ) ) ;
#5362 = CARTESIAN_POINT ( 'NONE',  ( -0.2499999999999997780, 0.1499999999999999944, 3.250000000000001332 ) ) ;
#5363 = DIRECTION ( 'NONE',  ( 0.000000000000000000, -1.000000000000000000, 0.000000000000000000 ) ) ;
#5364 = DIRECTION ( 'NONE',  ( 0.000000000000000000, 0.000000000000000000, 1.000000000000000000 ) ) ;
#5365 = CARTESIAN_POINT ( 'NONE',  ( 0.7500000000000002220, 0.2699999999999994071, -2.839999999999999858 ) ) ;
#5366 = EDGE_CURVE ( 'NONE', #6114, #11348, #8234, .T. ) ;
#5367 = EDGE_LOOP ( 'NONE', ( #10769, #6241 ) ) ;
#5368 = DIRECTION ( 'NONE',  ( 0.000000000000000000, 0.000000000000000000, 1.000000000000000000 ) ) ;
#5369 = AXIS2_PLACEMENT_3D ( 'NONE', #10107, #4162, #5182 ) ;
#5370 = AXIS2_PLACEMENT_3D ( 'NONE', #6130, #12681, #2854 ) ;
#5371 = ADVANCED_FACE ( 'NONE', ( #7934 ), #12383, .T. ) ;
#5372 = ORIENTED_EDGE ( 'NONE', *, *, #8789, .T. ) ;
#5373 = CIRCLE ( 'NONE', #5579, 0.1499999999999998557 ) ;
#5374 = CARTESIAN_POINT ( 'NONE',  ( 2.250000000000000000, 0.1499999999999999944, -3.249999999999999556 ) ) ;
#5375 = CARTESIAN_POINT ( 'NONE',  ( -1.749999999999999778, 0.2699999999999994071, -2.749999999999999112 ) ) ;
#5376 = FACE_OUTER_BOUND ( 'NONE', #4388, .T. ) ;
#5377 = ORIENTED_EDGE ( 'NONE', *, *, #10001, .F. ) ;
#5378 = CARTESIAN_POINT ( 'NONE',  ( -5.250000000000001776, 0.3199999999999999512, -5.999999999999999112 ) ) ;
#5379 = FACE_OUTER_BOUND ( 'NONE', #1175, .T. ) ;
#5380 = AXIS2_PLACEMENT_3D ( 'NONE', #5417, #10422, #12250 ) ;
#5381 = ORIENTED_EDGE ( 'NONE', *, *, #10692, .F. ) ;
#5382 = MANIFOLD_SOLID_BREP ( 'LPattern1[25]', #12844 ) ;
#5383 = CARTESIAN_POINT ( 'NONE',  ( 2.250000000000000000, 1.355252715606880543E-16, -0.7499999999999993339 ) ) ;
#5384 = CARTESIAN_POINT ( 'NONE',  ( -2.250000000000000000, 0.1499999999999999944, -3.249999999999999556 ) ) ;
#5385 = DIRECTION ( 'NONE',  ( -0.000000000000000000, 1.000000000000000000, 0.000000000000000000 ) ) ;
#5386 = FILL_AREA_STYLE_COLOUR ( '', #8239 ) ;
#5387 = ORIENTED_EDGE ( 'NONE', *, *, #1225, .T. ) ;
#5388 = DIRECTION ( 'NONE',  ( 0.000000000000000000, 0.000000000000000000, 1.000000000000000000 ) ) ;
#5389 = CARTESIAN_POINT ( 'NONE',  ( 3.250000000000000888, 0.1499999999999999944, -2.249999999999999556 ) ) ;
#5390 = FACE_OUTER_BOUND ( 'NONE', #11543, .T. ) ;
#5391 = CIRCLE ( 'NONE', #5424, 0.08999999999999980238 ) ;
#5392 = PLANE ( 'NONE',  #9347 ) ;
#5393 =( LENGTH_UNIT ( ) NAMED_UNIT ( * ) SI_UNIT ( .MILLI., .METRE. ) );
#5394 = STYLED_ITEM ( 'NONE', ( #4906 ), #4089 ) ;
#5395 = DIRECTION ( 'NONE',  ( -1.000000000000000000, 0.000000000000000000, 0.000000000000000000 ) ) ;
#5396 = AXIS2_PLACEMENT_3D ( 'NONE', #358, #7609, #5504 ) ;
#5397 = VERTEX_POINT ( 'NONE', #410 ) ;
#5398 = DIRECTION ( 'NONE',  ( 1.000000000000000000, 0.000000000000000000, -0.000000000000000000 ) ) ;
#5399 = FILL_AREA_STYLE ('',( #12727 ) ) ;
#5400 = EDGE_CURVE ( 'NONE', #11762, #7399, #3692, .T. ) ;
#5401 = SPHERICAL_SURFACE ( 'NONE', #1367, 0.1499999999999998557 ) ;
#5402 = CLOSED_SHELL ( 'NONE', ( #2916, #1587, #6162 ) ) ;
#5403 =( GEOMETRIC_REPRESENTATION_CONTEXT ( 3 ) GLOBAL_UNCERTAINTY_ASSIGNED_CONTEXT ( ( #6909 ) ) GLOBAL_UNIT_ASSIGNED_CONTEXT ( ( #6381, #12294, #7484 ) ) REPRESENTATION_CONTEXT ( 'NONE', 'WORKASPACE' ) );
#5404 = CIRCLE ( 'NONE', #8367, 0.1499999999999999667 ) ;
#5405 = ORIENTED_EDGE ( 'NONE', *, *, #8789, .F. ) ;
#5406 = EDGE_CURVE ( 'NONE', #8987, #11596, #12236, .T. ) ;
#5407 = AXIS2_PLACEMENT_3D ( 'NONE', #3039, #2235, #5060 ) ;
#5408 = MECHANICAL_DESIGN_GEOMETRIC_PRESENTATION_REPRESENTATION (  '', ( #6334 ), #5252 ) ;
#5409 = EDGE_LOOP ( 'NONE', ( #326, #11579 ) ) ;
#5410 =( LENGTH_UNIT ( ) NAMED_UNIT ( * ) SI_UNIT ( .MILLI., .METRE. ) );
#5411 = DIRECTION ( 'NONE',  ( 1.000000000000000000, 0.000000000000000000, 1.224646799147353207E-16 ) ) ;
#5412 = DIRECTION ( 'NONE',  ( 0.000000000000000000, 0.000000000000000000, 1.000000000000000000 ) ) ;
#5413 = CARTESIAN_POINT ( 'NONE',  ( -0.7499999999999997780, 0.2699999999999994071, -2.249999999999999112 ) ) ;
#5414 = VERTEX_POINT ( 'NONE', #1328 ) ;
#5415 = DIRECTION ( 'NONE',  ( 1.000000000000000000, 0.000000000000000000, -0.000000000000000000 ) ) ;
#5416 = DIRECTION ( 'NONE',  ( 0.000000000000000000, 0.000000000000000000, 1.000000000000000000 ) ) ;
#5417 = CARTESIAN_POINT ( 'NONE',  ( -3.250000000000000000, 0.1499999999999999944, 0.7500000000000006661 ) ) ;
#5418 = CIRCLE ( 'NONE', #4272, 0.08999999999999980238 ) ;
#5419 = ORIENTED_EDGE ( 'NONE', *, *, #2648, .T. ) ;
#5420 = CARTESIAN_POINT ( 'NONE',  ( -2.750000000000000000, 0.1499999999999999944, 2.750000000000000888 ) ) ;
#5421 = CARTESIAN_POINT ( 'NONE',  ( 0.2500000000000002220, 0.2699999999999994071, 2.750000000000001332 ) ) ;
#5422 = DIRECTION ( 'NONE',  ( 0.000000000000000000, 0.000000000000000000, 1.000000000000000000 ) ) ;
#5423 = AXIS2_PLACEMENT_3D ( 'NONE', #6251, #7262, #9839 ) ;
#5424 = AXIS2_PLACEMENT_3D ( 'NONE', #1391, #5709, #4515 ) ;
#5425 = CARTESIAN_POINT ( 'NONE',  ( -0.7499999999999997780, 0.1499999999999999944, -2.249999999999999556 ) ) ;
#5426 = ORIENTED_EDGE ( 'NONE', *, *, #12724, .F. ) ;
#5427 = CARTESIAN_POINT ( 'NONE',  ( -2.750000000000000000, 0.1499999999999999944, 2.250000000000000444 ) ) ;
#5428 = FILL_AREA_STYLE ('',( #10182 ) ) ;
#5429 = ORIENTED_EDGE ( 'NONE', *, *, #3209, .T. ) ;
#5430 = EDGE_CURVE ( 'NONE', #9028, #9079, #3631, .T. ) ;
#5431 = ORIENTED_EDGE ( 'NONE', *, *, #4670, .F. ) ;
#5432 = STYLED_ITEM ( 'NONE', ( #2550 ), #12712 ) ;
#5433 =( NAMED_UNIT ( * ) PLANE_ANGLE_UNIT ( ) SI_UNIT ( $, .RADIAN. ) );
#5434 =( NAMED_UNIT ( * ) PLANE_ANGLE_UNIT ( ) SI_UNIT ( $, .RADIAN. ) );
#5435 = EDGE_CURVE ( 'NONE', #9686, #10092, #3828, .T. ) ;
#5436 = VERTEX_POINT ( 'NONE', #9131 ) ;
#5437 = CARTESIAN_POINT ( 'NONE',  ( -0.7499999999999997780, 0.1499999999999999944, 3.250000000000001332 ) ) ;
#5438 = AXIS2_PLACEMENT_3D ( 'NONE', #7551, #7274, #5532 ) ;
#5439 = CIRCLE ( 'NONE', #2887, 0.1499999999999999667 ) ;
#5440 = CIRCLE ( 'NONE', #933, 0.1499999999999999667 ) ;
#5441 = DIRECTION ( 'NONE',  ( 0.000000000000000000, 0.000000000000000000, 1.000000000000000000 ) ) ;
#5442 = FACE_OUTER_BOUND ( 'NONE', #9991, .T. ) ;
#5443 = ORIENTED_EDGE ( 'NONE', *, *, #11649, .F. ) ;
#5444 = FILL_AREA_STYLE_COLOUR ( '', #6061 ) ;
#5445 = CARTESIAN_POINT ( 'NONE',  ( -1.249999999999999778, 0.1499999999999999944, -2.749999999999999556 ) ) ;
#5446 = DIRECTION ( 'NONE',  ( 1.000000000000000000, 0.000000000000000000, -0.000000000000000000 ) ) ;
#5447 = AXIS2_PLACEMENT_3D ( 'NONE', #10406, #12729, #2477 ) ;
#5448 = EDGE_LOOP ( 'NONE', ( #4420, #8852, #31 ) ) ;
#5449 = SURFACE_SIDE_STYLE ('',( #6967 ) ) ;
#5450 = AXIS2_PLACEMENT_3D ( 'NONE', #3571, #527, #9399 ) ;
#5451 =( NAMED_UNIT ( * ) SI_UNIT ( $, .STERADIAN. ) SOLID_ANGLE_UNIT ( ) );
#5452 = SURFACE_STYLE_USAGE ( .BOTH. , #1484 ) ;
#5453 = CARTESIAN_POINT ( 'NONE',  ( 1.750000000000000222, 0.1499999999999999944, -3.249999999999999556 ) ) ;
#5454 = VERTEX_POINT ( 'NONE', #9381 ) ;
#5455 =( NAMED_UNIT ( * ) PLANE_ANGLE_UNIT ( ) SI_UNIT ( $, .RADIAN. ) );
#5456 = VERTEX_POINT ( 'NONE', #5294 ) ;
#5457 = CARTESIAN_POINT ( 'NONE',  ( -2.250000000000000000, 0.2699999999999994071, -1.249999999999998890 ) ) ;
#5458 = PLANE ( 'NONE',  #1542 ) ;
#5459 = SPHERICAL_SURFACE ( 'NONE', #5232, 0.1499999999999998557 ) ;
#5460 = SPHERICAL_SURFACE ( 'NONE', #6051, 0.1499999999999998557 ) ;
#5461 = AXIS2_PLACEMENT_3D ( 'NONE', #12245, #362, #11328 ) ;
#5462 = ORIENTED_EDGE ( 'NONE', *, *, #1607, .F. ) ;
#5463 = CARTESIAN_POINT ( 'NONE',  ( 0.2500000000000002220, 1.355252715606880543E-16, 3.250000000000001332 ) ) ;
#5464 = DIRECTION ( 'NONE',  ( 0.000000000000000000, 0.000000000000000000, 1.000000000000000000 ) ) ;
#5465 = VERTEX_POINT ( 'NONE', #6290 ) ;
#5466 = DIRECTION ( 'NONE',  ( 0.000000000000000000, 0.000000000000000000, 1.000000000000000000 ) ) ;
#5467 = SPHERICAL_SURFACE ( 'NONE', #12676, 0.1499999999999998557 ) ;
#5468 = ORIENTED_EDGE ( 'NONE', *, *, #9716, .T. ) ;
#5469 = DIRECTION ( 'NONE',  ( -0.000000000000000000, 1.000000000000000000, -0.000000000000000000 ) ) ;
#5470 = DIRECTION ( 'NONE',  ( -0.000000000000000000, 1.000000000000000000, 0.000000000000000000 ) ) ;
#5471 = AXIS2_PLACEMENT_3D ( 'NONE', #5384, #6391, #683 ) ;
#5472 = CARTESIAN_POINT ( 'NONE',  ( -1.249999999999999778, 0.2699999999999994071, 0.3400000000000010236 ) ) ;
#5473 = ORIENTED_EDGE ( 'NONE', *, *, #11324, .F. ) ;
#5474 =( NAMED_UNIT ( * ) PLANE_ANGLE_UNIT ( ) SI_UNIT ( $, .RADIAN. ) );
#5475 = CARTESIAN_POINT ( 'NONE',  ( 2.750000000000000444, 0.2699999999999994071, -2.249999999999999112 ) ) ;
#5476 = VERTEX_POINT ( 'NONE', #3205 ) ;
#5477 = DIRECTION ( 'NONE',  ( 1.000000000000000000, 0.000000000000000000, -0.000000000000000000 ) ) ;
#5478 = ADVANCED_FACE ( 'NONE', ( #7958 ), #8214, .T. ) ;
#5479 = UNCERTAINTY_MEASURE_WITH_UNIT (LENGTH_MEASURE( 1.000000000000000082E-05 ), #9855, 'distance_accuracy_value', 'NONE');
#5480 =( NAMED_UNIT ( * ) SI_UNIT ( $, .STERADIAN. ) SOLID_ANGLE_UNIT ( ) );
#5481 = FILL_AREA_STYLE_COLOUR ( '', #2036 ) ;
#5482 = EDGE_CURVE ( 'NONE', #1171, #3078, #12545, .T. ) ;
#5483 = ORIENTED_EDGE ( 'NONE', *, *, #385, .F. ) ;
#5484 = DIRECTION ( 'NONE',  ( -0.000000000000000000, 1.000000000000000000, 0.000000000000000000 ) ) ;
#5485 = CIRCLE ( 'NONE', #12708, 0.08999999999999980238 ) ;
#5486 = MANIFOLD_SOLID_BREP ( 'LPattern1[97]', #10125 ) ;
#5487 = AXIS2_PLACEMENT_3D ( 'NONE', #1433, #9487, #3414 ) ;
#5488 =( GEOMETRIC_REPRESENTATION_CONTEXT ( 3 ) GLOBAL_UNCERTAINTY_ASSIGNED_CONTEXT ( ( #92 ) ) GLOBAL_UNIT_ASSIGNED_CONTEXT ( ( #12715, #1657, #11650 ) ) REPRESENTATION_CONTEXT ( 'NONE', 'WORKASPACE' ) );
#5489 = DIRECTION ( 'NONE',  ( 1.000000000000000000, 0.000000000000000000, 1.224646799147353207E-16 ) ) ;
#5490 = EDGE_LOOP ( 'NONE', ( #10540, #6845 ) ) ;
#5491 = AXIS2_PLACEMENT_3D ( 'NONE', #6106, #9373, #2197 ) ;
#5492 = CARTESIAN_POINT ( 'NONE',  ( 2.250000000000000000, 0.2699999999999994071, -0.8399999999999994138 ) ) ;
#5493 = FACE_OUTER_BOUND ( 'NONE', #689, .T. ) ;
#5494 = EDGE_LOOP ( 'NONE', ( #2760, #1140 ) ) ;
#5495 = AXIS2_PLACEMENT_3D ( 'NONE', #12574, #629, #7611 ) ;
#5496 = UNCERTAINTY_MEASURE_WITH_UNIT (LENGTH_MEASURE( 1.000000000000000082E-05 ), #2843, 'distance_accuracy_value', 'NONE');
#5497 = UNCERTAINTY_MEASURE_WITH_UNIT (LENGTH_MEASURE( 1.000000000000000082E-05 ), #5663, 'distance_accuracy_value', 'NONE');
#5498 = ORIENTED_EDGE ( 'NONE', *, *, #9747, .F. ) ;
#5499 = VERTEX_POINT ( 'NONE', #11040 ) ;
#5500 =( GEOMETRIC_REPRESENTATION_CONTEXT ( 3 ) GLOBAL_UNCERTAINTY_ASSIGNED_CONTEXT ( ( #4505 ) ) GLOBAL_UNIT_ASSIGNED_CONTEXT ( ( #10525, #7887, #1716 ) ) REPRESENTATION_CONTEXT ( 'NONE', 'WORKASPACE' ) );
#5501 = CARTESIAN_POINT ( 'NONE',  ( -3.250000000000000000, 1.355252715606880543E-16, 1.750000000000000666 ) ) ;
#5502 = VECTOR ( 'NONE', #10569, 1000.000000000000000 ) ;
#5503 = CIRCLE ( 'NONE', #807, 0.1499999999999998557 ) ;
#5504 = DIRECTION ( 'NONE',  ( 0.000000000000000000, 0.000000000000000000, 1.000000000000000000 ) ) ;
#5505 = SURFACE_STYLE_USAGE ( .BOTH. , #6829 ) ;
#5506 = DIRECTION ( 'NONE',  ( -1.000000000000000000, 0.000000000000000000, 0.000000000000000000 ) ) ;
#5507 = ORIENTED_EDGE ( 'NONE', *, *, #4639, .T. ) ;
#5508 = DIRECTION ( 'NONE',  ( 0.000000000000000000, 0.000000000000000000, 1.000000000000000000 ) ) ;
#5509 = SURFACE_STYLE_FILL_AREA ( #10584 ) ;
#5510 = CARTESIAN_POINT ( 'NONE',  ( -0.2499999999999997780, 0.2699999999999994071, 2.660000000000001030 ) ) ;
#5511 = STYLED_ITEM ( 'NONE', ( #10361 ), #12271 ) ;
#5512 = VERTEX_POINT ( 'NONE', #12056 ) ;
#5513 =( NAMED_UNIT ( * ) PLANE_ANGLE_UNIT ( ) SI_UNIT ( $, .RADIAN. ) );
#5514 = DIRECTION ( 'NONE',  ( -0.000000000000000000, 1.000000000000000000, -0.000000000000000000 ) ) ;
#5515 = EDGE_CURVE ( 'NONE', #5841, #881, #3780, .T. ) ;
#5516 =( GEOMETRIC_REPRESENTATION_CONTEXT ( 3 ) GLOBAL_UNCERTAINTY_ASSIGNED_CONTEXT ( ( #9629 ) ) GLOBAL_UNIT_ASSIGNED_CONTEXT ( ( #9149, #8961, #255 ) ) REPRESENTATION_CONTEXT ( 'NONE', 'WORKASPACE' ) );
#5517 = CARTESIAN_POINT ( 'NONE',  ( 0.7500000000000002220, 0.1499999999999999944, 1.250000000000001110 ) ) ;
#5518 = ORIENTED_EDGE ( 'NONE', *, *, #6792, .F. ) ;
#5519 = CARTESIAN_POINT ( 'NONE',  ( -1.249999999999999778, 0.1499999999999999944, 0.2500000000000006661 ) ) ;
#5520 = CARTESIAN_POINT ( 'NONE',  ( -1.249999999999999778, 0.1499999999999999944, 0.7500000000000006661 ) ) ;
#5521 = STYLED_ITEM ( 'NONE', ( #11007 ), #2960 ) ;
#5522 = ORIENTED_EDGE ( 'NONE', *, *, #290, .T. ) ;
#5523 = ORIENTED_EDGE ( 'NONE', *, *, #2648, .F. ) ;
#5524 = DIRECTION ( 'NONE',  ( 1.000000000000000000, 0.000000000000000000, 1.224646799147353207E-16 ) ) ;
#5525 =( NAMED_UNIT ( * ) SI_UNIT ( $, .STERADIAN. ) SOLID_ANGLE_UNIT ( ) );
#5526 = PRESENTATION_STYLE_ASSIGNMENT (( #3503 ) ) ;
#5527 = ORIENTED_EDGE ( 'NONE', *, *, #6901, .T. ) ;
#5528 = CARTESIAN_POINT ( 'NONE',  ( -2.750000000000000000, 0.1499999999999999944, 1.250000000000001110 ) ) ;
#5529 = SPHERICAL_SURFACE ( 'NONE', #5731, 0.1499999999999998557 ) ;
#5530 = ADVANCED_FACE ( 'NONE', ( #8079 ), #5553, .T. ) ;
#5531 = CLOSED_SHELL ( 'NONE', ( #978, #3971, #9688 ) ) ;
#5532 = DIRECTION ( 'NONE',  ( 0.000000000000000000, 0.000000000000000000, 1.000000000000000000 ) ) ;
#5533 = EDGE_CURVE ( 'NONE', #12529, #2217, #8035, .T. ) ;
#5534 = DIRECTION ( 'NONE',  ( 0.000000000000000000, 0.000000000000000000, 1.000000000000000000 ) ) ;
#5535 = CARTESIAN_POINT ( 'NONE',  ( 0.2500000000000002220, 1.355252715606880543E-16, -1.249999999999999334 ) ) ;
#5536 = MECHANICAL_DESIGN_GEOMETRIC_PRESENTATION_REPRESENTATION (  '', ( #8336 ), #4268 ) ;
#5537 = AXIS2_PLACEMENT_3D ( 'NONE', #12826, #1926, #5104 ) ;
#5538 = CIRCLE ( 'NONE', #2702, 0.1499999999999999667 ) ;
#5539 = ORIENTED_EDGE ( 'NONE', *, *, #7027, .F. ) ;
#5540 = DIRECTION ( 'NONE',  ( 0.000000000000000000, 0.000000000000000000, -1.000000000000000000 ) ) ;
#5541 = CARTESIAN_POINT ( 'NONE',  ( -0.7499999999999997780, 0.2699999999999994071, -2.339999999999999414 ) ) ;
#5542 = MECHANICAL_DESIGN_GEOMETRIC_PRESENTATION_REPRESENTATION (  '', ( #6156 ), #1227 ) ;
#5543 = CARTESIAN_POINT ( 'NONE',  ( -2.250000000000000000, 0.1499999999999999944, -1.749999999999999334 ) ) ;
#5544 = ORIENTED_EDGE ( 'NONE', *, *, #10272, .F. ) ;
#5545 = DIRECTION ( 'NONE',  ( -1.000000000000000000, 0.000000000000000000, 0.000000000000000000 ) ) ;
#5546 = ORIENTED_EDGE ( 'NONE', *, *, #6104, .F. ) ;
#5547 = CARTESIAN_POINT ( 'NONE',  ( -1.249999999999999778, 0.1499999999999999944, -2.249999999999999556 ) ) ;
#5548 = EDGE_CURVE ( 'NONE', #8558, #7561, #8103, .T. ) ;
#5549 = ORIENTED_EDGE ( 'NONE', *, *, #6260, .T. ) ;
#5550 = CIRCLE ( 'NONE', #7451, 0.1499999999999999667 ) ;
#5551 = DIRECTION ( 'NONE',  ( 1.000000000000000000, 0.000000000000000000, 1.224646799147353207E-16 ) ) ;
#5552 = STYLED_ITEM ( 'NONE', ( #10929 ), #10483 ) ;
#5553 = PLANE ( 'NONE',  #8757 ) ;
#5554 = COLOUR_RGB ( '',0.7921568627450980005, 0.8196078431372548767, 0.9333333333333333481 ) ;
#5555 = ORIENTED_EDGE ( 'NONE', *, *, #11115, .T. ) ;
#5556 = DIRECTION ( 'NONE',  ( -0.000000000000000000, 1.000000000000000000, -0.000000000000000000 ) ) ;
#5557 = LINE ( 'NONE', #1617, #10221 ) ;
#5558 = ORIENTED_EDGE ( 'NONE', *, *, #6260, .F. ) ;
#5559 = PLANE ( 'NONE',  #6187 ) ;
#5560 = AXIS2_PLACEMENT_3D ( 'NONE', #1725, #6373, #748 ) ;
#5561 = AXIS2_PLACEMENT_3D ( 'NONE', #7693, #2560, #2407 ) ;
#5562 = CARTESIAN_POINT ( 'NONE',  ( 2.250000000000000000, 0.2699999999999994071, -1.159999999999999032 ) ) ;
#5563 =( NAMED_UNIT ( * ) SI_UNIT ( $, .STERADIAN. ) SOLID_ANGLE_UNIT ( ) );
#5564 = EDGE_CURVE ( 'NONE', #10968, #4684, #3879, .T. ) ;
#5565 = ORIENTED_EDGE ( 'NONE', *, *, #172, .F. ) ;
#5566 = FILL_AREA_STYLE_COLOUR ( '', #7984 ) ;
#5567 = SURFACE_STYLE_USAGE ( .BOTH. , #11563 ) ;
#5568 = ORIENTED_EDGE ( 'NONE', *, *, #7762, .T. ) ;
#5569 = STYLED_ITEM ( 'NONE', ( #442 ), #7234 ) ;
#5570 = DIRECTION ( 'NONE',  ( 0.000000000000000000, 0.000000000000000000, 1.000000000000000000 ) ) ;
#5571 = SPHERICAL_SURFACE ( 'NONE', #3684, 0.1499999999999998557 ) ;
#5572 = CIRCLE ( 'NONE', #9010, 0.08999999999999980238 ) ;
#5573 = DIRECTION ( 'NONE',  ( 1.000000000000000000, 0.000000000000000000, -0.000000000000000000 ) ) ;
#5574 = EDGE_CURVE ( 'NONE', #6226, #8498, #12506, .T. ) ;
#5575 = FILL_AREA_STYLE ('',( #3492 ) ) ;
#5576 = FILL_AREA_STYLE ('',( #530 ) ) ;
#5577 = EDGE_LOOP ( 'NONE', ( #1586, #1468, #12832 ) ) ;
#5578 = CARTESIAN_POINT ( 'NONE',  ( -5.250000000000001776, 0.3199999999999999512, -6.494999999999999218 ) ) ;
#5579 = AXIS2_PLACEMENT_3D ( 'NONE', #11768, #4755, #1218 ) ;
#5580 = CARTESIAN_POINT ( 'NONE',  ( 2.750000000000000444, 0.2699999999999994071, 2.340000000000000302 ) ) ;
#5581 = CIRCLE ( 'NONE', #3237, 0.1499999999999998557 ) ;
#5582 = EDGE_CURVE ( 'NONE', #4546, #10760, #8209, .T. ) ;
#5583 = PRODUCT_DEFINITION ( 'UNKNOWN', '', #7918, #9150 ) ;
#5584 = ORIENTED_EDGE ( 'NONE', *, *, #11823, .F. ) ;
#5585 = AXIS2_PLACEMENT_3D ( 'NONE', #10416, #3748, #8832 ) ;
#5586 =( NAMED_UNIT ( * ) PLANE_ANGLE_UNIT ( ) SI_UNIT ( $, .RADIAN. ) );
#5587 = EDGE_LOOP ( 'NONE', ( #3302, #6063, #6989 ) ) ;
#5588 = DIRECTION ( 'NONE',  ( -1.000000000000000000, 0.000000000000000000, 0.000000000000000000 ) ) ;
#5589 = MANIFOLD_SOLID_BREP ( 'Revolve1', #3994 ) ;
#5590 = EDGE_LOOP ( 'NONE', ( #8462, #9102 ) ) ;
#5591 = ORIENTED_EDGE ( 'NONE', *, *, #11996, .T. ) ;
#5592 = ADVANCED_FACE ( 'NONE', ( #53 ), #8729, .T. ) ;
#5593 = AXIS2_PLACEMENT_3D ( 'NONE', #9594, #10596, #2351 ) ;
#5594 = DIRECTION ( 'NONE',  ( -0.000000000000000000, 1.000000000000000000, 0.000000000000000000 ) ) ;
#5595 = DIRECTION ( 'NONE',  ( 0.000000000000000000, 0.000000000000000000, 1.000000000000000000 ) ) ;
#5596 = ORIENTED_EDGE ( 'NONE', *, *, #9603, .T. ) ;
#5597 = FACE_OUTER_BOUND ( 'NONE', #9744, .T. ) ;
#5598 = CARTESIAN_POINT ( 'NONE',  ( 3.250000000000000888, 0.1499999999999999944, 0.7500000000000006661 ) ) ;
#5599 = ORIENTED_EDGE ( 'NONE', *, *, #11345, .F. ) ;
#5600 = DIRECTION ( 'NONE',  ( 0.000000000000000000, 0.000000000000000000, 1.000000000000000000 ) ) ;
#5601 = CARTESIAN_POINT ( 'NONE',  ( -0.7499999999999997780, 0.2699999999999994071, -3.339999999999999414 ) ) ;
#5602 = EDGE_CURVE ( 'NONE', #10052, #5049, #8322, .T. ) ;
#5603 = DIRECTION ( 'NONE',  ( 1.000000000000000000, 0.000000000000000000, -0.000000000000000000 ) ) ;
#5604 = EDGE_CURVE ( 'NONE', #7408, #6178, #4131, .T. ) ;
#5605 = AXIS2_PLACEMENT_3D ( 'NONE', #7279, #5363, #7370 ) ;
#5606 = ORIENTED_EDGE ( 'NONE', *, *, #3137, .F. ) ;
#5607 = DIRECTION ( 'NONE',  ( 0.000000000000000000, 0.000000000000000000, 1.000000000000000000 ) ) ;
#5608 = PLANE ( 'NONE',  #6853 ) ;
#5609 = ORIENTED_EDGE ( 'NONE', *, *, #2716, .F. ) ;
#5610 = ORIENTED_EDGE ( 'NONE', *, *, #3795, .F. ) ;
#5611 = DIRECTION ( 'NONE',  ( 0.000000000000000000, 0.000000000000000000, 1.000000000000000000 ) ) ;
#5612 = DIRECTION ( 'NONE',  ( 0.000000000000000000, 0.000000000000000000, 1.000000000000000000 ) ) ;
#5613 = COLOUR_RGB ( '',0.7921568627450980005, 0.8196078431372548767, 0.9333333333333333481 ) ;
#5614 = CIRCLE ( 'NONE', #160, 0.1499999999999999667 ) ;
#5615 = ORIENTED_EDGE ( 'NONE', *, *, #11017, .T. ) ;
#5616 = CARTESIAN_POINT ( 'NONE',  ( -2.750000000000000000, 0.2699999999999994071, 2.840000000000000746 ) ) ;
#5617 = SPHERICAL_SURFACE ( 'NONE', #12268, 0.1499999999999998557 ) ;
#5618 = APPLICATION_CONTEXT ( 'automotive_design' ) ;
#5619 = COLOUR_RGB ( '',0.7921568627450980005, 0.8196078431372548767, 0.9333333333333333481 ) ;
#5620 = ORIENTED_EDGE ( 'NONE', *, *, #10116, .T. ) ;
#5621 = STYLED_ITEM ( 'NONE', ( #4892 ), #1956 ) ;
#5622 = DIRECTION ( 'NONE',  ( 1.000000000000000000, 0.000000000000000000, -0.000000000000000000 ) ) ;
#5623 = SURFACE_SIDE_STYLE ('',( #1813 ) ) ;
#5624 = PLANE ( 'NONE',  #6720 ) ;
#5625 = EDGE_CURVE ( 'NONE', #8098, #10516, #4238, .T. ) ;
#5626 = FACE_OUTER_BOUND ( 'NONE', #3745, .T. ) ;
#5627 = DIRECTION ( 'NONE',  ( 0.7071067811865482389, -0.000000000000000000, -0.7071067811865469066 ) ) ;
#5628 = ORIENTED_EDGE ( 'NONE', *, *, #804, .T. ) ;
#5629 = CARTESIAN_POINT ( 'NONE',  ( -2.250000000000000000, 0.1499999999999999944, -0.7499999999999993339 ) ) ;
#5630 = CARTESIAN_POINT ( 'NONE',  ( -5.250000000000001776, 1.020035713374681574, -6.494999999999999218 ) ) ;
#5631 = DIRECTION ( 'NONE',  ( -1.000000000000000000, 0.000000000000000000, 0.000000000000000000 ) ) ;
#5632 = DIRECTION ( 'NONE',  ( -0.000000000000000000, 1.000000000000000000, -0.000000000000000000 ) ) ;
#5633 = EDGE_CURVE ( 'NONE', #115, #4653, #8641, .T. ) ;
#5634 = VERTEX_POINT ( 'NONE', #7319 ) ;
#5635 = DIRECTION ( 'NONE',  ( 0.000000000000000000, 0.000000000000000000, 1.000000000000000000 ) ) ;
#5636 = ADVANCED_FACE ( 'NONE', ( #4071 ), #3233, .T. ) ;
#5637 = ORIENTED_EDGE ( 'NONE', *, *, #10164, .T. ) ;
#5638 = DIRECTION ( 'NONE',  ( -0.000000000000000000, 1.000000000000000000, -0.000000000000000000 ) ) ;
#5639 = DIRECTION ( 'NONE',  ( -0.000000000000000000, 1.000000000000000000, -0.000000000000000000 ) ) ;
#5640 = FACE_OUTER_BOUND ( 'NONE', #7557, .T. ) ;
#5641 = CIRCLE ( 'NONE', #1857, 0.08999999999999980238 ) ;
#5642 = AXIS2_PLACEMENT_3D ( 'NONE', #4551, #10389, #4641 ) ;
#5643 = EDGE_LOOP ( 'NONE', ( #1353, #3903 ) ) ;
#5644 = COLOUR_RGB ( '',1.000000000000000000, 0.8117647058823529438, 0.5019607843137254832 ) ;
#5645 = SURFACE_SIDE_STYLE ('',( #11468 ) ) ;
#5646 = ADVANCED_FACE ( 'NONE', ( #8578 ), #10, .T. ) ;
#5647 = ORIENTED_EDGE ( 'NONE', *, *, #10193, .T. ) ;
#5648 = CARTESIAN_POINT ( 'NONE',  ( -2.250000000000000000, 0.2699999999999994071, 0.8400000000000010791 ) ) ;
#5649 = UNCERTAINTY_MEASURE_WITH_UNIT (LENGTH_MEASURE( 1.000000000000000082E-05 ), #7520, 'distance_accuracy_value', 'NONE');
#5650 = UNCERTAINTY_MEASURE_WITH_UNIT (LENGTH_MEASURE( 1.000000000000000082E-05 ), #781, 'distance_accuracy_value', 'NONE');
#5651 = ORIENTED_EDGE ( 'NONE', *, *, #3506, .T. ) ;
#5652 = EDGE_CURVE ( 'NONE', #3162, #4077, #4157, .T. ) ;
#5653 = DIRECTION ( 'NONE',  ( 1.000000000000000000, 0.000000000000000000, -0.000000000000000000 ) ) ;
#5654 = AXIS2_PLACEMENT_3D ( 'NONE', #4692, #2675, #810 ) ;
#5655 = VERTEX_POINT ( 'NONE', #9405 ) ;
#5656 = AXIS2_PLACEMENT_3D ( 'NONE', #11737, #2969, #5657 ) ;
#5657 = DIRECTION ( 'NONE',  ( 0.000000000000000000, 0.000000000000000000, 1.000000000000000000 ) ) ;
#5658 = DIRECTION ( 'NONE',  ( 0.000000000000000000, 0.000000000000000000, 1.000000000000000000 ) ) ;
#5659 = CLOSED_SHELL ( 'NONE', ( #3151, #7638, #8494 ) ) ;
#5660 = CARTESIAN_POINT ( 'NONE',  ( 3.250000000000000888, 1.355252715606880543E-16, 2.250000000000000444 ) ) ;
#5661 = MECHANICAL_DESIGN_GEOMETRIC_PRESENTATION_REPRESENTATION (  '', ( #2511 ), #8448 ) ;
#5662 = DIRECTION ( 'NONE',  ( 0.000000000000000000, 0.000000000000000000, 1.000000000000000000 ) ) ;
#5663 =( LENGTH_UNIT ( ) NAMED_UNIT ( * ) SI_UNIT ( .MILLI., .METRE. ) );
#5664 = CARTESIAN_POINT ( 'NONE',  ( 3.250000000000000888, 0.1499999999999999944, -0.2499999999999993616 ) ) ;
#5665 = ORIENTED_EDGE ( 'NONE', *, *, #9242, .T. ) ;
#5666 = DIRECTION ( 'NONE',  ( -1.000000000000000000, 0.000000000000000000, 0.000000000000000000 ) ) ;
#5667 = CIRCLE ( 'NONE', #6322, 0.08999999999999980238 ) ;
#5668 = SPHERICAL_SURFACE ( 'NONE', #11046, 0.1499999999999998557 ) ;
#5669 = AXIS2_PLACEMENT_3D ( 'NONE', #12166, #1279, #5910 ) ;
#5670 = ORIENTED_EDGE ( 'NONE', *, *, #11617, .F. ) ;
#5671 = DIRECTION ( 'NONE',  ( 0.000000000000000000, 0.000000000000000000, 1.000000000000000000 ) ) ;
#5672 = SPHERICAL_SURFACE ( 'NONE', #3369, 0.1499999999999998557 ) ;
#5673 = EDGE_LOOP ( 'NONE', ( #10189, #4074 ) ) ;
#5674 = PLANE ( 'NONE',  #11778 ) ;
#5675 = EDGE_LOOP ( 'NONE', ( #4861, #4749, #3976 ) ) ;
#5676 = EDGE_CURVE ( 'NONE', #12710, #9214, #4344, .T. ) ;
#5677 = ORIENTED_EDGE ( 'NONE', *, *, #4647, .F. ) ;
#5678 = MECHANICAL_DESIGN_GEOMETRIC_PRESENTATION_REPRESENTATION (  '', ( #3168 ), #7217 ) ;
#5679 =( NAMED_UNIT ( * ) SI_UNIT ( $, .STERADIAN. ) SOLID_ANGLE_UNIT ( ) );
#5680 = FACE_OUTER_BOUND ( 'NONE', #4886, .T. ) ;
#5681 = EDGE_CURVE ( 'NONE', #614, #9079, #4189, .T. ) ;
#5682 = DIRECTION ( 'NONE',  ( 0.000000000000000000, 0.000000000000000000, 1.000000000000000000 ) ) ;
#5683 =( LENGTH_UNIT ( ) NAMED_UNIT ( * ) SI_UNIT ( .MILLI., .METRE. ) );
#5684 = AXIS2_PLACEMENT_3D ( 'NONE', #7998, #4068, #12805 ) ;
#5685 = ORIENTED_EDGE ( 'NONE', *, *, #5435, .T. ) ;
#5686 = DIRECTION ( 'NONE',  ( 1.000000000000000000, 0.000000000000000000, -0.000000000000000000 ) ) ;
#5687 = COLOUR_RGB ( '',0.7921568627450980005, 0.8196078431372548767, 0.9333333333333333481 ) ;
#5688 = CARTESIAN_POINT ( 'NONE',  ( -2.750000000000000000, 0.2699999999999994071, 3.250000000000001776 ) ) ;
#5689 = SPHERICAL_SURFACE ( 'NONE', #7188, 0.1499999999999998557 ) ;
#5690 = ORIENTED_EDGE ( 'NONE', *, *, #3612, .F. ) ;
#5691 = CARTESIAN_POINT ( 'NONE',  ( -2.250000000000000000, 0.2699999999999994071, -1.159999999999999032 ) ) ;
#5692 = CARTESIAN_POINT ( 'NONE',  ( 2.250000000000000000, 0.1499999999999999944, 0.7500000000000006661 ) ) ;
#5693 = CARTESIAN_POINT ( 'NONE',  ( 2.250000000000000000, 0.1499999999999999944, -1.249999999999999334 ) ) ;
#5694 = PLANE ( 'NONE',  #9913 ) ;
#5695 = AXIS2_PLACEMENT_3D ( 'NONE', #6371, #1567, #11108 ) ;
#5696 = VERTEX_POINT ( 'NONE', #2327 ) ;
#5697 = CARTESIAN_POINT ( 'NONE',  ( -0.2499999999999997780, 0.2699999999999994071, 2.840000000000001190 ) ) ;
#5698 = ORIENTED_EDGE ( 'NONE', *, *, #2163, .F. ) ;
#5699 = ORIENTED_EDGE ( 'NONE', *, *, #4187, .F. ) ;
#5700 = DIRECTION ( 'NONE',  ( -1.000000000000000000, 0.000000000000000000, 0.000000000000000000 ) ) ;
#5701 = CARTESIAN_POINT ( 'NONE',  ( 2.250000000000000000, 0.2699999999999994071, 0.2500000000000011102 ) ) ;
#5702 = EDGE_CURVE ( 'NONE', #6947, #3419, #8406, .T. ) ;
#5703 = AXIS2_PLACEMENT_3D ( 'NONE', #5045, #5123, #6941 ) ;
#5704 = AXIS2_PLACEMENT_3D ( 'NONE', #7770, #8748, #12737 ) ;
#5705 = ORIENTED_EDGE ( 'NONE', *, *, #8514, .F. ) ;
#5706 = DIRECTION ( 'NONE',  ( 0.000000000000000000, 0.000000000000000000, 1.000000000000000000 ) ) ;
#5707 = CIRCLE ( 'NONE', #413, 0.08999999999999980238 ) ;
#5708 = ORIENTED_EDGE ( 'NONE', *, *, #5866, .F. ) ;
#5709 = DIRECTION ( 'NONE',  ( -0.000000000000000000, 1.000000000000000000, -0.000000000000000000 ) ) ;
#5710 = CARTESIAN_POINT ( 'NONE',  ( -3.250000000000000000, 0.1499999999999999944, -1.249999999999999334 ) ) ;
#5711 = AXIS2_PLACEMENT_3D ( 'NONE', #1414, #4372, #12059 ) ;
#5712 = ORIENTED_EDGE ( 'NONE', *, *, #11627, .T. ) ;
#5713 = DIRECTION ( 'NONE',  ( 1.000000000000000000, 0.000000000000000000, 1.224646799147353207E-16 ) ) ;
#5714 = CARTESIAN_POINT ( 'NONE',  ( 0.000000000000000000, 0.2700000000000000178, 0.000000000000000000 ) ) ;
#5715 = CARTESIAN_POINT ( 'NONE',  ( 2.750000000000000444, 1.355252715606880543E-16, -2.749999999999999556 ) ) ;
#5716 = EDGE_CURVE ( 'NONE', #7983, #11520, #4280, .T. ) ;
#5717 = AXIS2_PLACEMENT_3D ( 'NONE', #7341, #3157, #12336 ) ;
#5718 = PRESENTATION_LAYER_ASSIGNMENT (  '', '', ( #6334 ) ) ;
#5719 = ORIENTED_EDGE ( 'NONE', *, *, #4569, .T. ) ;
#5720 = DIRECTION ( 'NONE',  ( 0.000000000000000000, 0.000000000000000000, 1.000000000000000000 ) ) ;
#5721 = ORIENTED_EDGE ( 'NONE', *, *, #4108, .T. ) ;
#5722 = EDGE_CURVE ( 'NONE', #5841, #7599, #4326, .T. ) ;
#5723 = DIRECTION ( 'NONE',  ( 0.000000000000000000, 0.000000000000000000, 1.000000000000000000 ) ) ;
#5724 = FACE_OUTER_BOUND ( 'NONE', #6577, .T. ) ;
#5725 = ORIENTED_EDGE ( 'NONE', *, *, #5430, .T. ) ;
#5726 = ORIENTED_EDGE ( 'NONE', *, *, #6937, .F. ) ;
#5727 = CARTESIAN_POINT ( 'NONE',  ( 2.750000000000000444, 0.1499999999999999944, 1.250000000000001110 ) ) ;
#5728 = AXIS2_PLACEMENT_3D ( 'NONE', #680, #4545, #11471 ) ;
#5729 = VERTEX_POINT ( 'NONE', #5492 ) ;
#5730 = DIRECTION ( 'NONE',  ( 1.000000000000000000, 0.000000000000000000, 1.224646799147353207E-16 ) ) ;
#5731 = AXIS2_PLACEMENT_3D ( 'NONE', #2741, #1039, #8019 ) ;
#5732 = CARTESIAN_POINT ( 'NONE',  ( 2.750000000000000444, 0.2699999999999994071, 0.6600000000000006972 ) ) ;
#5733 = DIRECTION ( 'NONE',  ( 0.000000000000000000, 0.000000000000000000, 1.000000000000000000 ) ) ;
#5734 = ADVANCED_FACE ( 'NONE', ( #76 ), #7508, .T. ) ;
#5735 = ORIENTED_EDGE ( 'NONE', *, *, #8288, .T. ) ;
#5736 = ADVANCED_FACE ( 'NONE', ( #8562 ), #4026, .T. ) ;
#5737 = CARTESIAN_POINT ( 'NONE',  ( 1.750000000000000222, 0.1499999999999999944, 3.250000000000001332 ) ) ;
#5738 = ORIENTED_EDGE ( 'NONE', *, *, #9739, .F. ) ;
#5739 = DIRECTION ( 'NONE',  ( 0.000000000000000000, 0.000000000000000000, 1.000000000000000000 ) ) ;
#5740 = AXIS2_PLACEMENT_3D ( 'NONE', #8979, #6070, #7823 ) ;
#5741 = COLOUR_RGB ( '',0.7921568627450980005, 0.8196078431372548767, 0.9333333333333333481 ) ;
#5742 = CIRCLE ( 'NONE', #10407, 0.1499999999999999667 ) ;
#5743 = CARTESIAN_POINT ( 'NONE',  ( 0.7500000000000002220, 0.1499999999999999944, 3.250000000000001332 ) ) ;
#5744 = EDGE_CURVE ( 'NONE', #4211, #6226, #12734, .T. ) ;
#5745 = DIRECTION ( 'NONE',  ( -1.000000000000000000, 0.000000000000000000, 0.000000000000000000 ) ) ;
#5746 = EDGE_LOOP ( 'NONE', ( #3116, #12647 ) ) ;
#5747 = DIRECTION ( 'NONE',  ( -0.000000000000000000, 1.000000000000000000, -0.000000000000000000 ) ) ;
#5748 = SPHERICAL_SURFACE ( 'NONE', #1396, 0.1499999999999998557 ) ;
#5749 = CARTESIAN_POINT ( 'NONE',  ( 0.7500000000000002220, 0.1499999999999999944, -2.749999999999999556 ) ) ;
#5750 = ORIENTED_EDGE ( 'NONE', *, *, #8101, .T. ) ;
#5751 = CARTESIAN_POINT ( 'NONE',  ( -1.249999999999999778, 0.2699999999999994071, 0.7500000000000011102 ) ) ;
#5752 = CIRCLE ( 'NONE', #10989, 0.08999999999999980238 ) ;
#5753 = CLOSED_SHELL ( 'NONE', ( #1233, #7738, #4816 ) ) ;
#5754 = MANIFOLD_SOLID_BREP ( 'LPattern1[179]', #1864 ) ;
#5755 = AXIS2_PLACEMENT_3D ( 'NONE', #10993, #4822, #941 ) ;
#5756 = EDGE_LOOP ( 'NONE', ( #1191, #2117, #9083 ) ) ;
#5757 = ADVANCED_FACE ( 'NONE', ( #8461 ), #8621, .T. ) ;
#5758 = ORIENTED_EDGE ( 'NONE', *, *, #7968, .T. ) ;
#5759 = EDGE_CURVE ( 'NONE', #3686, #81, #12752, .T. ) ;
#5760 = DIRECTION ( 'NONE',  ( 0.000000000000000000, 0.000000000000000000, 1.000000000000000000 ) ) ;
#5761 = SURFACE_STYLE_FILL_AREA ( #7744 ) ;
#5762 = EDGE_CURVE ( 'NONE', #10860, #11974, #8665, .T. ) ;
#5763 = AXIS2_PLACEMENT_3D ( 'NONE', #958, #9104, #11100 ) ;
#5764 = DIRECTION ( 'NONE',  ( 0.000000000000000000, 1.000000000000000000, 0.000000000000000000 ) ) ;
#5765 = EDGE_LOOP ( 'NONE', ( #2030, #2958, #2258 ) ) ;
#5766 = DIRECTION ( 'NONE',  ( 0.000000000000000000, 0.000000000000000000, -1.000000000000000000 ) ) ;
#5767 = COLOUR_RGB ( '',0.7921568627450980005, 0.8196078431372548767, 0.9333333333333333481 ) ;
#5768 = CARTESIAN_POINT ( 'NONE',  ( -2.750000000000000000, 0.1499999999999999944, -2.749999999999999556 ) ) ;
#5769 = EDGE_CURVE ( 'NONE', #10508, #4541, #8479, .T. ) ;
#5770 = AXIS2_PLACEMENT_3D ( 'NONE', #5420, #370, #2489 ) ;
#5771 = EDGE_LOOP ( 'NONE', ( #4874, #8812, #9523 ) ) ;
#5772 = DIRECTION ( 'NONE',  ( 0.000000000000000000, 0.000000000000000000, -1.000000000000000000 ) ) ;
#5773 = DIRECTION ( 'NONE',  ( 0.000000000000000000, 0.000000000000000000, -1.000000000000000000 ) ) ;
#5774 = DIRECTION ( 'NONE',  ( 0.000000000000000000, 0.000000000000000000, 1.000000000000000000 ) ) ;
#5775 = CARTESIAN_POINT ( 'NONE',  ( -0.2499999999999997780, 0.1499999999999999944, -1.249999999999999334 ) ) ;
#5776 = DIRECTION ( 'NONE',  ( -1.000000000000000000, 0.000000000000000000, 0.000000000000000000 ) ) ;
#5777 = SURFACE_STYLE_FILL_AREA ( #12049 ) ;
#5778 = VERTEX_POINT ( 'NONE', #3920 ) ;
#5779 = DIRECTION ( 'NONE',  ( -1.000000000000000000, 0.000000000000000000, 0.000000000000000000 ) ) ;
#5780 = DIRECTION ( 'NONE',  ( 1.000000000000000000, 0.000000000000000000, -0.000000000000000000 ) ) ;
#5781 =( GEOMETRIC_REPRESENTATION_CONTEXT ( 3 ) GLOBAL_UNCERTAINTY_ASSIGNED_CONTEXT ( ( #90 ) ) GLOBAL_UNIT_ASSIGNED_CONTEXT ( ( #12445, #581, #1565 ) ) REPRESENTATION_CONTEXT ( 'NONE', 'WORKASPACE' ) );
#5782 = ORIENTED_EDGE ( 'NONE', *, *, #2619, .F. ) ;
#5783 = VERTEX_POINT ( 'NONE', #2742 ) ;
#5784 = AXIS2_PLACEMENT_3D ( 'NONE', #5138, #8790, #5889 ) ;
#5785 = CARTESIAN_POINT ( 'NONE',  ( -2.250000000000000000, 0.1499999999999999944, 0.2500000000000006661 ) ) ;
#5786 = SPHERICAL_SURFACE ( 'NONE', #1815, 0.1499999999999998557 ) ;
#5787 = EDGE_CURVE ( 'NONE', #2416, #10166, #8691, .T. ) ;
#5788 = ORIENTED_EDGE ( 'NONE', *, *, #9158, .F. ) ;
#5789 = DIRECTION ( 'NONE',  ( 0.000000000000000000, 0.000000000000000000, -1.000000000000000000 ) ) ;
#5790 = MECHANICAL_DESIGN_GEOMETRIC_PRESENTATION_REPRESENTATION (  '', ( #8896 ), #540 ) ;
#5791 = CIRCLE ( 'NONE', #9133, 0.1499999999999999667 ) ;
#5792 = PRESENTATION_STYLE_ASSIGNMENT (( #11890 ) ) ;
#5793 = STYLED_ITEM ( 'NONE', ( #8823 ), #9111 ) ;
#5794 = FACE_OUTER_BOUND ( 'NONE', #11570, .T. ) ;
#5795 = CLOSED_SHELL ( 'NONE', ( #264, #10347, #983 ) ) ;
#5796 = DIRECTION ( 'NONE',  ( 0.000000000000000000, 0.000000000000000000, 1.000000000000000000 ) ) ;
#5797 = DIRECTION ( 'NONE',  ( -0.000000000000000000, 1.000000000000000000, -0.000000000000000000 ) ) ;
#5798 = AXIS2_PLACEMENT_3D ( 'NONE', #5218, #2140, #10232 ) ;
#5799 =( NAMED_UNIT ( * ) PLANE_ANGLE_UNIT ( ) SI_UNIT ( $, .RADIAN. ) );
#5800 = DIRECTION ( 'NONE',  ( 0.000000000000000000, 0.000000000000000000, 1.000000000000000000 ) ) ;
#5801 =( NAMED_UNIT ( * ) PLANE_ANGLE_UNIT ( ) SI_UNIT ( $, .RADIAN. ) );
#5802 = SURFACE_STYLE_FILL_AREA ( #9769 ) ;
#5803 = DIRECTION ( 'NONE',  ( 1.000000000000000000, 0.000000000000000000, 1.224646799147353207E-16 ) ) ;
#5804 = ORIENTED_EDGE ( 'NONE', *, *, #1472, .F. ) ;
#5805 = CARTESIAN_POINT ( 'NONE',  ( -0.7499999999999997780, 0.1499999999999999944, -2.749999999999999556 ) ) ;
#5806 = DIRECTION ( 'NONE',  ( -0.000000000000000000, 1.000000000000000000, 0.000000000000000000 ) ) ;
#5807 = CARTESIAN_POINT ( 'NONE',  ( 1.250000000000000666, 0.1499999999999999944, 1.250000000000001110 ) ) ;
#5808 = SURFACE_SIDE_STYLE ('',( #7456 ) ) ;
#5809 = ORIENTED_EDGE ( 'NONE', *, *, #2391, .T. ) ;
#5810 = ORIENTED_EDGE ( 'NONE', *, *, #7509, .F. ) ;
#5811 = AXIS2_PLACEMENT_3D ( 'NONE', #1872, #11620, #733 ) ;
#5812 =( NAMED_UNIT ( * ) PLANE_ANGLE_UNIT ( ) SI_UNIT ( $, .RADIAN. ) );
#5813 = SPHERICAL_SURFACE ( 'NONE', #8489, 0.1499999999999998557 ) ;
#5814 = CIRCLE ( 'NONE', #1097, 0.08999999999999980238 ) ;
#5815 = UNCERTAINTY_MEASURE_WITH_UNIT (LENGTH_MEASURE( 1.000000000000000082E-05 ), #4436, 'distance_accuracy_value', 'NONE');
#5816 = UNCERTAINTY_MEASURE_WITH_UNIT (LENGTH_MEASURE( 1.000000000000000082E-05 ), #10074, 'distance_accuracy_value', 'NONE');
#5817 = ORIENTED_EDGE ( 'NONE', *, *, #5185, .T. ) ;
#5818 = FACE_OUTER_BOUND ( 'NONE', #3794, .T. ) ;
#5819 = CIRCLE ( 'NONE', #8593, 0.1499999999999999667 ) ;
#5820 = AXIS2_PLACEMENT_3D ( 'NONE', #3596, #5339, #7435 ) ;
#5821 = ORIENTED_EDGE ( 'NONE', *, *, #12277, .F. ) ;
#5822 = AXIS2_PLACEMENT_3D ( 'NONE', #7351, #6258, #7264 ) ;
#5823 = AXIS2_PLACEMENT_3D ( 'NONE', #5884, #8141, #9884 ) ;
#5824 = CARTESIAN_POINT ( 'NONE',  ( -1.749999999999999778, 0.1499999999999999944, -3.249999999999999556 ) ) ;
#5825 = ORIENTED_EDGE ( 'NONE', *, *, #5278, .F. ) ;
#5826 = DIRECTION ( 'NONE',  ( 0.000000000000000000, 0.000000000000000000, 1.000000000000000000 ) ) ;
#5827 = CARTESIAN_POINT ( 'NONE',  ( 0.2500000000000002220, 1.355252715606880543E-16, -2.249999999999999556 ) ) ;
#5828 = AXIS2_PLACEMENT_3D ( 'NONE', #1993, #3154, #9915 ) ;
#5829 = VERTEX_POINT ( 'NONE', #7775 ) ;
#5830 =( NAMED_UNIT ( * ) PLANE_ANGLE_UNIT ( ) SI_UNIT ( $, .RADIAN. ) );
#5831 =( LENGTH_UNIT ( ) NAMED_UNIT ( * ) SI_UNIT ( .MILLI., .METRE. ) );
#5832 = VERTEX_POINT ( 'NONE', #1932 ) ;
#5833 = DIRECTION ( 'NONE',  ( 1.000000000000000000, 0.000000000000000000, -0.000000000000000000 ) ) ;
#5834 = CARTESIAN_POINT ( 'NONE',  ( 2.250000000000000000, 1.355252715606880543E-16, 3.250000000000001332 ) ) ;
#5835 =( NAMED_UNIT ( * ) SI_UNIT ( $, .STERADIAN. ) SOLID_ANGLE_UNIT ( ) );
#5836 = ORIENTED_EDGE ( 'NONE', *, *, #4808, .F. ) ;
#5837 = CARTESIAN_POINT ( 'NONE',  ( -1.249999999999999778, 0.2699999999999994071, -0.7499999999999988898 ) ) ;
#5838 = CIRCLE ( 'NONE', #9299, 0.1499999999999999667 ) ;
#5839 = CIRCLE ( 'NONE', #10541, 0.08999999999999980238 ) ;
#5840 =( LENGTH_UNIT ( ) NAMED_UNIT ( * ) SI_UNIT ( .MILLI., .METRE. ) );
#5841 = VERTEX_POINT ( 'NONE', #12040 ) ;
#5842 = AXIS2_PLACEMENT_3D ( 'NONE', #7600, #10828, #7843 ) ;
#5843 = ORIENTED_EDGE ( 'NONE', *, *, #12814, .F. ) ;
#5844 = EDGE_CURVE ( 'NONE', #8912, #1621, #96, .T. ) ;
#5845 = DIRECTION ( 'NONE',  ( 1.000000000000000000, 0.000000000000000000, -0.000000000000000000 ) ) ;
#5846 = ADVANCED_FACE ( 'NONE', ( #4050 ), #5855, .T. ) ;
#5847 = EDGE_LOOP ( 'NONE', ( #1525, #8106, #4739 ) ) ;
#5848 = EDGE_LOOP ( 'NONE', ( #10919, #6058, #2041 ) ) ;
#5849 = DIRECTION ( 'NONE',  ( 1.000000000000000000, 0.000000000000000000, -0.000000000000000000 ) ) ;
#5850 = DIRECTION ( 'NONE',  ( 0.000000000000000000, 0.000000000000000000, 1.000000000000000000 ) ) ;
#5851 = ORIENTED_EDGE ( 'NONE', *, *, #12744, .F. ) ;
#5852 = DIRECTION ( 'NONE',  ( 1.000000000000000000, 0.000000000000000000, -0.000000000000000000 ) ) ;
#5853 = SURFACE_STYLE_FILL_AREA ( #2788 ) ;
#5854 = CIRCLE ( 'NONE', #12258, 0.08999999999999980238 ) ;
#5855 = PLANE ( 'NONE',  #11411 ) ;
#5856 = MANIFOLD_SOLID_BREP ( 'LPattern1[11]', #5753 ) ;
#5857 = ADVANCED_FACE ( 'NONE', ( #7942 ), #8218, .T. ) ;
#5858 = CLOSED_SHELL ( 'NONE', ( #8404, #8982, #3367 ) ) ;
#5859 =( NAMED_UNIT ( * ) PLANE_ANGLE_UNIT ( ) SI_UNIT ( $, .RADIAN. ) );
#5860 = ADVANCED_FACE ( 'NONE', ( #8112 ), #12614, .T. ) ;
#5861 = CARTESIAN_POINT ( 'NONE',  ( -2.250000000000000000, 0.2699999999999994071, 3.340000000000001190 ) ) ;
#5862 = CLOSED_SHELL ( 'NONE', ( #7211, #10574, #2110 ) ) ;
#5863 = CARTESIAN_POINT ( 'NONE',  ( 2.750000000000000444, 0.2699999999999994071, 0.7500000000000011102 ) ) ;
#5864 = CARTESIAN_POINT ( 'NONE',  ( -2.750000000000000000, 0.2699999999999994071, 1.250000000000001554 ) ) ;
#5865 = PRESENTATION_LAYER_ASSIGNMENT (  '', '', ( #11137 ) ) ;
#5866 = EDGE_CURVE ( 'NONE', #7295, #8912, #12488, .T. ) ;
#5867 = ORIENTED_EDGE ( 'NONE', *, *, #11029, .T. ) ;
#5868 = ADVANCED_FACE ( 'NONE', ( #8090 ), #8179, .T. ) ;
#5869 = AXIS2_PLACEMENT_3D ( 'NONE', #4498, #11513, #1536 ) ;
#5870 = CLOSED_SHELL ( 'NONE', ( #1347, #12256, #5342 ) ) ;
#5871 = CIRCLE ( 'NONE', #7414, 0.1499999999999998557 ) ;
#5872 =( GEOMETRIC_REPRESENTATION_CONTEXT ( 3 ) GLOBAL_UNCERTAINTY_ASSIGNED_CONTEXT ( ( #4360 ) ) GLOBAL_UNIT_ASSIGNED_CONTEXT ( ( #8889, #1734, #7064 ) ) REPRESENTATION_CONTEXT ( 'NONE', 'WORKASPACE' ) );
#5873 = ORIENTED_EDGE ( 'NONE', *, *, #761, .T. ) ;
#5874 = AXIS2_PLACEMENT_3D ( 'NONE', #12602, #4968, #4702 ) ;
#5875 = DIRECTION ( 'NONE',  ( 0.000000000000000000, 0.000000000000000000, 1.000000000000000000 ) ) ;
#5876 = CIRCLE ( 'NONE', #10997, 0.08999999999999980238 ) ;
#5877 = AXIS2_PLACEMENT_3D ( 'NONE', #9052, #10066, #12064 ) ;
#5878 = ORIENTED_EDGE ( 'NONE', *, *, #11793, .T. ) ;
#5879 = DIRECTION ( 'NONE',  ( 0.000000000000000000, 0.000000000000000000, -1.000000000000000000 ) ) ;
#5880 = AXIS2_PLACEMENT_3D ( 'NONE', #5939, #11685, #7950 ) ;
#5881 = DIRECTION ( 'NONE',  ( 0.000000000000000000, 0.000000000000000000, -1.000000000000000000 ) ) ;
#5882 = DIRECTION ( 'NONE',  ( 1.000000000000000000, 0.000000000000000000, 1.224646799147353207E-16 ) ) ;
#5883 = CARTESIAN_POINT ( 'NONE',  ( -1.249999999999999778, 0.2699999999999994071, -2.249999999999999112 ) ) ;
#5884 = CARTESIAN_POINT ( 'NONE',  ( -1.749999999999999778, 0.1499999999999999944, -2.249999999999999556 ) ) ;
#5885 = CIRCLE ( 'NONE', #5211, 0.08999999999999980238 ) ;
#5886 = CARTESIAN_POINT ( 'NONE',  ( 2.250000000000000000, 0.2699999999999994071, 3.340000000000001634 ) ) ;
#5887 = SURFACE_STYLE_USAGE ( .BOTH. , #4883 ) ;
#5888 = DIRECTION ( 'NONE',  ( 1.000000000000000000, 0.000000000000000000, -0.000000000000000000 ) ) ;
#5889 = DIRECTION ( 'NONE',  ( 0.000000000000000000, 0.000000000000000000, -1.000000000000000000 ) ) ;
#5890 = DIRECTION ( 'NONE',  ( 1.000000000000000000, 0.000000000000000000, 1.224646799147353207E-16 ) ) ;
#5891 = CARTESIAN_POINT ( 'NONE',  ( -2.750000000000000000, 0.1499999999999999944, -0.7499999999999993339 ) ) ;
#5892 = ORIENTED_EDGE ( 'NONE', *, *, #12701, .T. ) ;
#5893 = CARTESIAN_POINT ( 'NONE',  ( 2.750000000000000444, 0.2699999999999994071, -1.839999999999999192 ) ) ;
#5894 = ORIENTED_EDGE ( 'NONE', *, *, #3090, .T. ) ;
#5895 = SPHERICAL_SURFACE ( 'NONE', #10215, 0.1499999999999998557 ) ;
#5896 = ADVANCED_FACE ( 'NONE', ( #12535 ), #10122, .T. ) ;
#5897 = VERTEX_POINT ( 'NONE', #9371 ) ;
#5898 = FACE_OUTER_BOUND ( 'NONE', #9845, .T. ) ;
#5899 = EDGE_LOOP ( 'NONE', ( #9837, #3693, #246 ) ) ;
#5900 = EDGE_CURVE ( 'NONE', #528, #11260, #12229, .T. ) ;
#5901 = DIRECTION ( 'NONE',  ( -0.000000000000000000, 1.000000000000000000, -0.000000000000000000 ) ) ;
#5902 = FACE_OUTER_BOUND ( 'NONE', #2643, .T. ) ;
#5903 = CARTESIAN_POINT ( 'NONE',  ( -2.250000000000000000, 1.355252715606880543E-16, 1.750000000000000666 ) ) ;
#5904 = CARTESIAN_POINT ( 'NONE',  ( 2.750000000000000444, 0.2699999999999994071, 2.250000000000000888 ) ) ;
#5905 = CARTESIAN_POINT ( 'NONE',  ( -1.249999999999999778, 0.1499999999999999944, -0.7499999999999993339 ) ) ;
#5906 = AXIS2_PLACEMENT_3D ( 'NONE', #4514, #9442, #2850 ) ;
#5907 = DIRECTION ( 'NONE',  ( 0.000000000000000000, 0.000000000000000000, 1.000000000000000000 ) ) ;
#5908 =( NAMED_UNIT ( * ) PLANE_ANGLE_UNIT ( ) SI_UNIT ( $, .RADIAN. ) );
#5909 = ORIENTED_EDGE ( 'NONE', *, *, #2434, .F. ) ;
#5910 = DIRECTION ( 'NONE',  ( 0.000000000000000000, 0.000000000000000000, 1.000000000000000000 ) ) ;
#5911 = EDGE_LOOP ( 'NONE', ( #4499, #3029, #10108 ) ) ;
#5912 = PRESENTATION_STYLE_ASSIGNMENT (( #4959 ) ) ;
#5913 = FACE_OUTER_BOUND ( 'NONE', #12438, .T. ) ;
#5914 =( NAMED_UNIT ( * ) SI_UNIT ( $, .STERADIAN. ) SOLID_ANGLE_UNIT ( ) );
#5915 = CARTESIAN_POINT ( 'NONE',  ( 0.7500000000000002220, 1.355252715606880543E-16, -2.249999999999999556 ) ) ;
#5916 = DIRECTION ( 'NONE',  ( -1.000000000000000000, 0.000000000000000000, 0.000000000000000000 ) ) ;
#5917 = ORIENTED_EDGE ( 'NONE', *, *, #10429, .F. ) ;
#5918 = CARTESIAN_POINT ( 'NONE',  ( -0.7499999999999997780, 0.1499999999999999944, -1.249999999999999334 ) ) ;
#5919 = CARTESIAN_POINT ( 'NONE',  ( 2.750000000000000444, 0.2699999999999994071, 0.7500000000000011102 ) ) ;
#5920 = SURFACE_STYLE_FILL_AREA ( #2253 ) ;
#5921 = FACE_OUTER_BOUND ( 'NONE', #622, .T. ) ;
#5922 = DIRECTION ( 'NONE',  ( 0.000000000000000000, 0.000000000000000000, 1.000000000000000000 ) ) ;
#5923 = EDGE_LOOP ( 'NONE', ( #12666, #12405 ) ) ;
#5924 = CARTESIAN_POINT ( 'NONE',  ( -5.250000000000001776, 0.3200000000000000067, -5.999999999999999112 ) ) ;
#5925 = FACE_OUTER_BOUND ( 'NONE', #5848, .T. ) ;
#5926 =( NAMED_UNIT ( * ) SI_UNIT ( $, .STERADIAN. ) SOLID_ANGLE_UNIT ( ) );
#5927 = EDGE_CURVE ( 'NONE', #408, #3035, #3724, .T. ) ;
#5928 = ORIENTED_EDGE ( 'NONE', *, *, #1835, .T. ) ;
#5929 = AXIS2_PLACEMENT_3D ( 'NONE', #6754, #11957, #9857 ) ;
#5930 = VERTEX_POINT ( 'NONE', #10363 ) ;
#5931 = VERTEX_POINT ( 'NONE', #11355 ) ;
#5932 = CARTESIAN_POINT ( 'NONE',  ( -5.750000000000001776, 0.8000000000000000444, -6.500000000000000000 ) ) ;
#5933 = FACE_OUTER_BOUND ( 'NONE', #411, .T. ) ;
#5934 = CIRCLE ( 'NONE', #314, 0.08999999999999980238 ) ;
#5935 = SURFACE_SIDE_STYLE ('',( #8713 ) ) ;
#5936 = ORIENTED_EDGE ( 'NONE', *, *, #3480, .T. ) ;
#5937 = PRESENTATION_LAYER_ASSIGNMENT (  '', '', ( #11222 ) ) ;
#5938 =( LENGTH_UNIT ( ) NAMED_UNIT ( * ) SI_UNIT ( .MILLI., .METRE. ) );
#5939 = CARTESIAN_POINT ( 'NONE',  ( 0.2500000000000002220, 0.2699999999999994071, 1.250000000000001554 ) ) ;
#5940 = DIRECTION ( 'NONE',  ( 1.000000000000000000, 0.000000000000000000, 1.224646799147353207E-16 ) ) ;
#5941 = DIRECTION ( 'NONE',  ( -0.000000000000000000, 1.000000000000000000, -0.000000000000000000 ) ) ;
#5942 = SURFACE_STYLE_USAGE ( .BOTH. , #2926 ) ;
#5943 = DIRECTION ( 'NONE',  ( 0.000000000000000000, 0.000000000000000000, -1.000000000000000000 ) ) ;
#5944 = EDGE_CURVE ( 'NONE', #6248, #12836, #3884, .T. ) ;
#5945 = MANIFOLD_SOLID_BREP ( 'LPattern1[124]', #4451 ) ;
#5946 = ORIENTED_EDGE ( 'NONE', *, *, #4036, .F. ) ;
#5947 = ORIENTED_EDGE ( 'NONE', *, *, #3415, .T. ) ;
#5948 = PLANE ( 'NONE',  #2719 ) ;
#5949 = CARTESIAN_POINT ( 'NONE',  ( -0.7499999999999997780, 0.2699999999999994071, 1.250000000000001554 ) ) ;
#5950 = AXIS2_PLACEMENT_3D ( 'NONE', #199, #2177, #5175 ) ;
#5951 = CIRCLE ( 'NONE', #6771, 0.08999999999999980238 ) ;
#5952 = SURFACE_STYLE_FILL_AREA ( #729 ) ;
#5953 = EDGE_LOOP ( 'NONE', ( #4780, #534 ) ) ;
#5954 = DIRECTION ( 'NONE',  ( 0.000000000000000000, 0.000000000000000000, 1.000000000000000000 ) ) ;
#5955 = SPHERICAL_SURFACE ( 'NONE', #1803, 0.1499999999999998557 ) ;
#5956 = CIRCLE ( 'NONE', #2588, 0.1499999999999999667 ) ;
#5957 = AXIS2_PLACEMENT_3D ( 'NONE', #3950, #4970, #5966 ) ;
#5958 = ADVANCED_FACE ( 'NONE', ( #8308 ), #8044, .T. ) ;
#5959 = ORIENTED_EDGE ( 'NONE', *, *, #6929, .T. ) ;
#5960 = ADVANCED_FACE ( 'NONE', ( #4018 ), #8158, .T. ) ;
#5961 = DIRECTION ( 'NONE',  ( 0.000000000000000000, 0.000000000000000000, -1.000000000000000000 ) ) ;
#5962 = DIRECTION ( 'NONE',  ( -0.000000000000000000, 1.000000000000000000, 0.000000000000000000 ) ) ;
#5963 = AXIS2_PLACEMENT_3D ( 'NONE', #3006, #11023, #11952 ) ;
#5964 =( NAMED_UNIT ( * ) SI_UNIT ( $, .STERADIAN. ) SOLID_ANGLE_UNIT ( ) );
#5965 = CARTESIAN_POINT ( 'NONE',  ( -2.250000000000000000, 0.1499999999999999944, -2.749999999999999556 ) ) ;
#5966 = DIRECTION ( 'NONE',  ( 0.000000000000000000, 0.000000000000000000, 1.000000000000000000 ) ) ;
#5967 = DIRECTION ( 'NONE',  ( -0.000000000000000000, 1.000000000000000000, 0.000000000000000000 ) ) ;
#5968 = PLANE ( 'NONE',  #4197 ) ;
#5969 = DIRECTION ( 'NONE',  ( -0.000000000000000000, 1.000000000000000000, -0.000000000000000000 ) ) ;
#5970 = UNCERTAINTY_MEASURE_WITH_UNIT (LENGTH_MEASURE( 1.000000000000000082E-05 ), #10141, 'distance_accuracy_value', 'NONE');
#5971 = DIRECTION ( 'NONE',  ( 0.000000000000000000, 0.000000000000000000, -1.000000000000000000 ) ) ;
#5972 = PLANE ( 'NONE',  #2248 ) ;
#5973 = ORIENTED_EDGE ( 'NONE', *, *, #2163, .T. ) ;
#5974 = ADVANCED_FACE ( 'NONE', ( #8020 ), #3621, .T. ) ;
#5975 = DIRECTION ( 'NONE',  ( -0.000000000000000000, 1.000000000000000000, -0.000000000000000000 ) ) ;
#5976 = VERTEX_POINT ( 'NONE', #12440 ) ;
#5977 = AXIS2_PLACEMENT_3D ( 'NONE', #6081, #2172, #4153 ) ;
#5978 = FILL_AREA_STYLE_COLOUR ( '', #9614 ) ;
#5979 = AXIS2_PLACEMENT_3D ( 'NONE', #4363, #3020, #2125 ) ;
#5980 = CIRCLE ( 'NONE', #5997, 0.08999999999999980238 ) ;
#5981 = CIRCLE ( 'NONE', #2331, 0.08999999999999980238 ) ;
#5982 = EDGE_CURVE ( 'NONE', #4541, #10508, #12266, .T. ) ;
#5983 = ORIENTED_EDGE ( 'NONE', *, *, #3639, .F. ) ;
#5984 = PRESENTATION_STYLE_ASSIGNMENT (( #1386 ) ) ;
#5985 = SPHERICAL_SURFACE ( 'NONE', #1674, 0.1499999999999998557 ) ;
#5986 = ORIENTED_EDGE ( 'NONE', *, *, #1949, .T. ) ;
#5987 = AXIS2_PLACEMENT_3D ( 'NONE', #4188, #148, #4112 ) ;
#5988 = DIRECTION ( 'NONE',  ( 0.000000000000000000, 0.000000000000000000, -1.000000000000000000 ) ) ;
#5989 = CARTESIAN_POINT ( 'NONE',  ( -1.749999999999999778, 0.1499999999999999944, -2.249999999999999556 ) ) ;
#5990 = ORIENTED_EDGE ( 'NONE', *, *, #8070, .F. ) ;
#5991 = DIRECTION ( 'NONE',  ( -1.000000000000000000, 0.000000000000000000, 0.000000000000000000 ) ) ;
#5992 = CARTESIAN_POINT ( 'NONE',  ( -0.2499999999999997780, 0.2699999999999994071, -2.249999999999999112 ) ) ;
#5993 = ORIENTED_EDGE ( 'NONE', *, *, #7388, .F. ) ;
#5994 = CIRCLE ( 'NONE', #7721, 0.08999999999999980238 ) ;
#5995 = COLOUR_RGB ( '',0.7921568627450980005, 0.8196078431372548767, 0.9333333333333333481 ) ;
#5996 = ADVANCED_FACE ( 'NONE', ( #3766 ), #8114, .T. ) ;
#5997 = AXIS2_PLACEMENT_3D ( 'NONE', #6091, #6010, #3993 ) ;
#5998 = SURFACE_STYLE_USAGE ( .BOTH. , #11932 ) ;
#5999 = CARTESIAN_POINT ( 'NONE',  ( 0.2500000000000002220, 0.2699999999999994071, 2.160000000000000586 ) ) ;
#6000 = ORIENTED_EDGE ( 'NONE', *, *, #365, .F. ) ;
#6001 = DIRECTION ( 'NONE',  ( 0.000000000000000000, 0.000000000000000000, 1.000000000000000000 ) ) ;
#6002 = DIRECTION ( 'NONE',  ( 0.000000000000000000, 0.000000000000000000, 1.000000000000000000 ) ) ;
#6003 = FACE_OUTER_BOUND ( 'NONE', #4134, .T. ) ;
#6004 = FACE_OUTER_BOUND ( 'NONE', #7198, .T. ) ;
#6005 = DIRECTION ( 'NONE',  ( -0.000000000000000000, 1.000000000000000000, 0.000000000000000000 ) ) ;
#6006 = FILL_AREA_STYLE ('',( #6574 ) ) ;
#6007 = EDGE_LOOP ( 'NONE', ( #1098, #7582 ) ) ;
#6008 = CARTESIAN_POINT ( 'NONE',  ( -2.250000000000000000, 0.1499999999999999944, -0.2499999999999993616 ) ) ;
#6009 = MECHANICAL_DESIGN_GEOMETRIC_PRESENTATION_REPRESENTATION (  '', ( #10973 ), #12534 ) ;
#6010 = DIRECTION ( 'NONE',  ( -0.000000000000000000, 1.000000000000000000, -0.000000000000000000 ) ) ;
#6011 = STYLED_ITEM ( 'NONE', ( #8396 ), #11415 ) ;
#6012 = ORIENTED_EDGE ( 'NONE', *, *, #11176, .F. ) ;
#6013 = CARTESIAN_POINT ( 'NONE',  ( -1.249999999999999778, 0.1499999999999999944, 1.250000000000001110 ) ) ;
#6014 = EDGE_LOOP ( 'NONE', ( #12747, #9014, #9454 ) ) ;
#6015 = CIRCLE ( 'NONE', #11607, 0.1499999999999998557 ) ;
#6016 = CIRCLE ( 'NONE', #1269, 0.08999999999999980238 ) ;
#6017 = DIRECTION ( 'NONE',  ( 0.000000000000000000, 0.000000000000000000, 1.000000000000000000 ) ) ;
#6018 = CARTESIAN_POINT ( 'NONE',  ( 0.7500000000000002220, 0.2699999999999994071, 1.250000000000001554 ) ) ;
#6019 = ORIENTED_EDGE ( 'NONE', *, *, #823, .F. ) ;
#6020 = FILL_AREA_STYLE_COLOUR ( '', #5644 ) ;
#6021 = DIRECTION ( 'NONE',  ( -1.000000000000000000, 0.000000000000000000, 0.000000000000000000 ) ) ;
#6022 = AXIS2_PLACEMENT_3D ( 'NONE', #8940, #8298, #2028 ) ;
#6023 = AXIS2_PLACEMENT_3D ( 'NONE', #5905, #7913, #8894 ) ;
#6024 = ORIENTED_EDGE ( 'NONE', *, *, #11697, .F. ) ;
#6025 = CARTESIAN_POINT ( 'NONE',  ( 1.750000000000000222, 0.2699999999999994071, 2.750000000000001332 ) ) ;
#6026 = EDGE_CURVE ( 'NONE', #10644, #4541, #3662, .T. ) ;
#6027 = CARTESIAN_POINT ( 'NONE',  ( 2.750000000000000444, 0.2699999999999994071, -0.2499999999999989175 ) ) ;
#6028 = SPHERICAL_SURFACE ( 'NONE', #3318, 0.1499999999999998557 ) ;
#6029 = SURFACE_STYLE_USAGE ( .BOTH. , #1144 ) ;
#6030 = DIRECTION ( 'NONE',  ( -1.000000000000000000, 0.000000000000000000, 0.000000000000000000 ) ) ;
#6031 = AXIS2_PLACEMENT_3D ( 'NONE', #12465, #4455, #6472 ) ;
#6032 = ORIENTED_EDGE ( 'NONE', *, *, #1835, .F. ) ;
#6033 = VERTEX_POINT ( 'NONE', #2279 ) ;
#6034 = CARTESIAN_POINT ( 'NONE',  ( 2.250000000000000000, 0.2699999999999994071, 0.8400000000000008571 ) ) ;
#6035 = AXIS2_PLACEMENT_3D ( 'NONE', #12707, #6885, #8893 ) ;
#6036 =( NAMED_UNIT ( * ) PLANE_ANGLE_UNIT ( ) SI_UNIT ( $, .RADIAN. ) );
#6037 = CIRCLE ( 'NONE', #3417, 0.1499999999999999667 ) ;
#6038 = ORIENTED_EDGE ( 'NONE', *, *, #4497, .T. ) ;
#6039 = CARTESIAN_POINT ( 'NONE',  ( 0.2500000000000002220, 0.2699999999999994071, -2.749999999999999112 ) ) ;
#6040 = CIRCLE ( 'NONE', #3541, 0.1499999999999999667 ) ;
#6041 = VERTEX_POINT ( 'NONE', #3282 ) ;
#6042 = MANIFOLD_SOLID_BREP ( 'LPattern1[188]', #1129 ) ;
#6043 = CARTESIAN_POINT ( 'NONE',  ( 0.7500000000000002220, 0.2699999999999994071, 3.250000000000001776 ) ) ;
#6044 = DIRECTION ( 'NONE',  ( 0.000000000000000000, 0.000000000000000000, -1.000000000000000000 ) ) ;
#6045 = CARTESIAN_POINT ( 'NONE',  ( -2.750000000000000000, 0.2699999999999994071, 2.750000000000001332 ) ) ;
#6046 = DIRECTION ( 'NONE',  ( 0.000000000000000000, 0.000000000000000000, -1.000000000000000000 ) ) ;
#6047 = DIRECTION ( 'NONE',  ( -0.000000000000000000, 1.000000000000000000, -0.000000000000000000 ) ) ;
#6048 = FACE_OUTER_BOUND ( 'NONE', #3873, .T. ) ;
#6049 = FILL_AREA_STYLE ('',( #7889 ) ) ;
#6050 =( LENGTH_UNIT ( ) NAMED_UNIT ( * ) SI_UNIT ( .MILLI., .METRE. ) );
#6051 = AXIS2_PLACEMENT_3D ( 'NONE', #5445, #5622, #6361 ) ;
#6052 = CARTESIAN_POINT ( 'NONE',  ( 5.749999999999998224, 0.2699999999999994071, 6.500000000000000000 ) ) ;
#6053 = DIRECTION ( 'NONE',  ( 1.000000000000000000, 0.000000000000000000, 1.224646799147353207E-16 ) ) ;
#6054 = CARTESIAN_POINT ( 'NONE',  ( -1.749999999999999778, 0.2699999999999994071, -2.159999999999998810 ) ) ;
#6055 =( NAMED_UNIT ( * ) SI_UNIT ( $, .STERADIAN. ) SOLID_ANGLE_UNIT ( ) );
#6056 = ORIENTED_EDGE ( 'NONE', *, *, #539, .T. ) ;
#6057 = CARTESIAN_POINT ( 'NONE',  ( -4.312500000000001776, -0.7997591975467949199, -5.493749999999999467 ) ) ;
#6058 = ORIENTED_EDGE ( 'NONE', *, *, #54, .T. ) ;
#6059 = DIRECTION ( 'NONE',  ( -1.000000000000000000, 0.000000000000000000, 0.000000000000000000 ) ) ;
#6060 = ADVANCED_FACE ( 'NONE', ( #8071 ), #2941, .T. ) ;
#6061 = COLOUR_RGB ( '',0.7921568627450980005, 0.8196078431372548767, 0.9333333333333333481 ) ;
#6062 = AXIS2_PLACEMENT_3D ( 'NONE', #6627, #4523, #12685 ) ;
#6063 = ORIENTED_EDGE ( 'NONE', *, *, #7720, .T. ) ;
#6064 = EDGE_CURVE ( 'NONE', #12780, #3913, #12391, .T. ) ;
#6065 = ADVANCED_FACE ( 'NONE', ( #12411 ), #3600, .T. ) ;
#6066 = MECHANICAL_DESIGN_GEOMETRIC_PRESENTATION_REPRESENTATION (  '', ( #11818 ), #7126 ) ;
#6067 = ORIENTED_EDGE ( 'NONE', *, *, #2716, .T. ) ;
#6068 = ADVANCED_FACE ( 'NONE', ( #12454 ), #5624, .T. ) ;
#6069 = CARTESIAN_POINT ( 'NONE',  ( -0.2499999999999997780, 1.355252715606880543E-16, 2.750000000000000888 ) ) ;
#6070 = DIRECTION ( 'NONE',  ( 1.000000000000000000, 0.000000000000000000, -0.000000000000000000 ) ) ;
#6071 = CARTESIAN_POINT ( 'NONE',  ( -2.750000000000000000, 0.1499999999999999944, 2.750000000000000888 ) ) ;
#6072 = AXIS2_PLACEMENT_3D ( 'NONE', #2472, #2393, #4379 ) ;
#6073 = EDGE_LOOP ( 'NONE', ( #1354, #1358, #2766 ) ) ;
#6074 = ADVANCED_FACE ( 'NONE', ( #12244 ), #2771, .T. ) ;
#6075 = CARTESIAN_POINT ( 'NONE',  ( -3.250000000000000000, 0.1499999999999999944, 2.750000000000000888 ) ) ;
#6076 = FILL_AREA_STYLE_COLOUR ( '', #11446 ) ;
#6077 = ORIENTED_EDGE ( 'NONE', *, *, #10551, .F. ) ;
#6078 = DIRECTION ( 'NONE',  ( 0.000000000000000000, 0.000000000000000000, 1.000000000000000000 ) ) ;
#6079 = AXIS2_PLACEMENT_3D ( 'NONE', #2633, #3400, #7401 ) ;
#6080 = DIRECTION ( 'NONE',  ( -0.000000000000000000, 1.000000000000000000, 0.000000000000000000 ) ) ;
#6081 = CARTESIAN_POINT ( 'NONE',  ( -1.749999999999999778, 0.2699999999999994071, -3.249999999999999112 ) ) ;
#6082 = DIRECTION ( 'NONE',  ( -0.000000000000000000, 1.000000000000000000, 0.000000000000000000 ) ) ;
#6083 = EDGE_CURVE ( 'NONE', #4304, #6962, #8133, .T. ) ;
#6084 = ORIENTED_EDGE ( 'NONE', *, *, #3070, .F. ) ;
#6085 = CARTESIAN_POINT ( 'NONE',  ( 2.250000000000000000, 0.2699999999999994071, -1.839999999999999192 ) ) ;
#6086 = AXIS2_PLACEMENT_3D ( 'NONE', #10597, #12665, #9512 ) ;
#6087 = CARTESIAN_POINT ( 'NONE',  ( -5.250000000000001776, 0.2700000000000000178, -5.999999999999999112 ) ) ;
#6088 =( NAMED_UNIT ( * ) PLANE_ANGLE_UNIT ( ) SI_UNIT ( $, .RADIAN. ) );
#6089 = ORIENTED_EDGE ( 'NONE', *, *, #1069, .T. ) ;
#6090 = COLOUR_RGB ( '',0.7921568627450980005, 0.8196078431372548767, 0.9333333333333333481 ) ;
#6091 = CARTESIAN_POINT ( 'NONE',  ( 1.750000000000000222, 0.2699999999999994071, -2.249999999999999112 ) ) ;
#6092 = ORIENTED_EDGE ( 'NONE', *, *, #1647, .T. ) ;
#6093 = DIRECTION ( 'NONE',  ( 0.000000000000000000, -0.000000000000000000, -1.000000000000000000 ) ) ;
#6094 = VERTEX_POINT ( 'NONE', #6781 ) ;
#6095 = FACE_OUTER_BOUND ( 'NONE', #9765, .T. ) ;
#6096 = CIRCLE ( 'NONE', #6983, 0.1499999999999999667 ) ;
#6097 = DIRECTION ( 'NONE',  ( -0.000000000000000000, 1.000000000000000000, 0.000000000000000000 ) ) ;
#6098 = ADVANCED_FACE ( 'NONE', ( #7966 ), #7986, .T. ) ;
#6099 = DIRECTION ( 'NONE',  ( 1.000000000000000000, 0.000000000000000000, -0.000000000000000000 ) ) ;
#6100 = ORIENTED_EDGE ( 'NONE', *, *, #3978, .T. ) ;
#6101 = SURFACE_SIDE_STYLE ('',( #9621 ) ) ;
#6102 = SURFACE_STYLE_FILL_AREA ( #7552 ) ;
#6103 = ADVANCED_FACE ( 'NONE', ( #3681 ), #12373, .T. ) ;
#6104 = EDGE_CURVE ( 'NONE', #7375, #588, #8002, .T. ) ;
#6105 = ORIENTED_EDGE ( 'NONE', *, *, #7680, .T. ) ;
#6106 = CARTESIAN_POINT ( 'NONE',  ( 1.250000000000000666, 0.2699999999999994071, -0.7499999999999988898 ) ) ;
#6107 = AXIS2_PLACEMENT_3D ( 'NONE', #5149, #2401, #4217 ) ;
#6108 = CARTESIAN_POINT ( 'NONE',  ( -3.250000000000000000, 0.1499999999999999944, 2.750000000000000888 ) ) ;
#6109 = DIRECTION ( 'NONE',  ( -0.000000000000000000, 1.000000000000000000, 0.000000000000000000 ) ) ;
#6110 = CARTESIAN_POINT ( 'NONE',  ( 3.250000000000000888, 0.1499999999999999944, 3.250000000000001332 ) ) ;
#6111 = DIRECTION ( 'NONE',  ( 0.000000000000000000, 0.000000000000000000, 1.000000000000000000 ) ) ;
#6112 = DIRECTION ( 'NONE',  ( 1.000000000000000000, 0.000000000000000000, 1.224646799147353207E-16 ) ) ;
#6113 = MECHANICAL_DESIGN_GEOMETRIC_PRESENTATION_REPRESENTATION (  '', ( #4414 ), #10944 ) ;
#6114 = VERTEX_POINT ( 'NONE', #5535 ) ;
#6115 = ORIENTED_EDGE ( 'NONE', *, *, #9960, .T. ) ;
#6116 = PLANE ( 'NONE',  #2120 ) ;
#6117 = SURFACE_STYLE_USAGE ( .BOTH. , #4022 ) ;
#6118 = CIRCLE ( 'NONE', #9335, 0.08999999999999980238 ) ;
#6119 =( GEOMETRIC_REPRESENTATION_CONTEXT ( 3 ) GLOBAL_UNCERTAINTY_ASSIGNED_CONTEXT ( ( #6454 ) ) GLOBAL_UNIT_ASSIGNED_CONTEXT ( ( #396, #5107, #2514 ) ) REPRESENTATION_CONTEXT ( 'NONE', 'WORKASPACE' ) );
#6120 = EDGE_LOOP ( 'NONE', ( #10948, #5647, #5136 ) ) ;
#6121 = UNCERTAINTY_MEASURE_WITH_UNIT (LENGTH_MEASURE( 1.000000000000000082E-05 ), #12413, 'distance_accuracy_value', 'NONE');
#6122 = UNCERTAINTY_MEASURE_WITH_UNIT (LENGTH_MEASURE( 1.000000000000000082E-05 ), #4858, 'distance_accuracy_value', 'NONE');
#6123 = ORIENTED_EDGE ( 'NONE', *, *, #12277, .T. ) ;
#6124 = CARTESIAN_POINT ( 'NONE',  ( 0.7500000000000002220, 0.1499999999999999944, -2.249999999999999556 ) ) ;
#6125 = CARTESIAN_POINT ( 'NONE',  ( 2.250000000000000000, 0.2699999999999994071, -2.749999999999999112 ) ) ;
#6126 = PRESENTATION_LAYER_ASSIGNMENT (  '', '', ( #2091 ) ) ;
#6127 = CARTESIAN_POINT ( 'NONE',  ( -2.750000000000000000, 0.2699999999999994071, 1.250000000000001554 ) ) ;
#6128 = AXIS2_PLACEMENT_3D ( 'NONE', #12731, #11750, #861 ) ;
#6129 = AXIS2_PLACEMENT_3D ( 'NONE', #9441, #4254, #4340 ) ;
#6130 = CARTESIAN_POINT ( 'NONE',  ( -2.250000000000000000, 0.2699999999999994071, -2.659999999999999254 ) ) ;
#6131 = CARTESIAN_POINT ( 'NONE',  ( 0.2500000000000002220, 0.2699999999999994071, -1.249999999999998890 ) ) ;
#6132 = SURFACE_STYLE_FILL_AREA ( #8506 ) ;
#6133 = CARTESIAN_POINT ( 'NONE',  ( 2.250000000000000000, 0.1499999999999999944, -3.249999999999999556 ) ) ;
#6134 = EDGE_CURVE ( 'NONE', #12127, #6830, #12311, .T. ) ;
#6135 = CARTESIAN_POINT ( 'NONE',  ( -2.750000000000000000, 0.2699999999999994071, -3.159999999999998810 ) ) ;
#6136 = DIRECTION ( 'NONE',  ( 0.000000000000000000, 0.000000000000000000, 1.000000000000000000 ) ) ;
#6137 = CARTESIAN_POINT ( 'NONE',  ( -2.750000000000000000, 0.2699999999999994071, 2.840000000000001190 ) ) ;
#6138 = CARTESIAN_POINT ( 'NONE',  ( -3.250000000000000000, 0.2699999999999994071, 1.840000000000000968 ) ) ;
#6139 = ORIENTED_EDGE ( 'NONE', *, *, #3200, .F. ) ;
#6140 = DIRECTION ( 'NONE',  ( 0.000000000000000000, 0.000000000000000000, -1.000000000000000000 ) ) ;
#6141 = ORIENTED_EDGE ( 'NONE', *, *, #6827, .F. ) ;
#6142 = MANIFOLD_SOLID_BREP ( 'LPattern1[161]', #4631 ) ;
#6143 = CARTESIAN_POINT ( 'NONE',  ( 2.750000000000000444, 0.2699999999999994071, -1.339999999999999192 ) ) ;
#6144 = STYLED_ITEM ( 'NONE', ( #6694 ), #2933 ) ;
#6145 = SURFACE_STYLE_FILL_AREA ( #6049 ) ;
#6146 = ORIENTED_EDGE ( 'NONE', *, *, #9333, .T. ) ;
#6147 = EDGE_LOOP ( 'NONE', ( #10742, #4027 ) ) ;
#6148 = EDGE_CURVE ( 'NONE', #896, #6749, #2677, .T. ) ;
#6149 = PRESENTATION_STYLE_ASSIGNMENT (( #12148 ) ) ;
#6150 = PRESENTATION_LAYER_ASSIGNMENT (  '', '', ( #8336 ) ) ;
#6151 = AXIS2_PLACEMENT_3D ( 'NONE', #4936, #10923, #11674 ) ;
#6152 = DIRECTION ( 'NONE',  ( 0.000000000000000000, 0.000000000000000000, 1.000000000000000000 ) ) ;
#6153 = EDGE_CURVE ( 'NONE', #4587, #11854, #6765, .T. ) ;
#6154 = EDGE_LOOP ( 'NONE', ( #4875, #835 ) ) ;
#6155 = DIRECTION ( 'NONE',  ( 1.000000000000000000, 0.000000000000000000, -0.000000000000000000 ) ) ;
#6156 = STYLED_ITEM ( 'NONE', ( #1075 ), #315 ) ;
#6157 = DIRECTION ( 'NONE',  ( -0.000000000000000000, 1.000000000000000000, -0.000000000000000000 ) ) ;
#6158 = ORIENTED_EDGE ( 'NONE', *, *, #10249, .T. ) ;
#6159 = FILL_AREA_STYLE_COLOUR ( '', #5189 ) ;
#6160 = DIRECTION ( 'NONE',  ( 1.000000000000000000, 0.000000000000000000, -0.000000000000000000 ) ) ;
#6161 = CIRCLE ( 'NONE', #3363, 0.08999999999999980238 ) ;
#6162 = ADVANCED_FACE ( 'NONE', ( #11043 ), #5303, .T. ) ;
#6163 = SPHERICAL_SURFACE ( 'NONE', #4015, 0.1499999999999998557 ) ;
#6164 =( NAMED_UNIT ( * ) PLANE_ANGLE_UNIT ( ) SI_UNIT ( $, .RADIAN. ) );
#6165 = MECHANICAL_DESIGN_GEOMETRIC_PRESENTATION_REPRESENTATION (  '', ( #1522 ), #5872 ) ;
#6166 = CARTESIAN_POINT ( 'NONE',  ( -2.250000000000000000, 0.1499999999999999944, 0.2500000000000006661 ) ) ;
#6167 = ORIENTED_EDGE ( 'NONE', *, *, #1599, .F. ) ;
#6168 = FILL_AREA_STYLE ('',( #4155 ) ) ;
#6169 = CARTESIAN_POINT ( 'NONE',  ( 2.750000000000000444, 0.1499999999999999944, 3.250000000000001332 ) ) ;
#6170 = ADVANCED_FACE ( 'NONE', ( #2545 ), #6978, .T. ) ;
#6171 = CARTESIAN_POINT ( 'NONE',  ( 0.7500000000000002220, 0.2699999999999994071, 2.660000000000001030 ) ) ;
#6172 = ORIENTED_EDGE ( 'NONE', *, *, #4058, .T. ) ;
#6173 = AXIS2_PLACEMENT_3D ( 'NONE', #8000, #3735, #6992 ) ;
#6174 = ADVANCED_FACE ( 'NONE', ( #2700 ), #6883, .T. ) ;
#6175 = EDGE_CURVE ( 'NONE', #8963, #8333, #2475, .T. ) ;
#6176 = FACE_OUTER_BOUND ( 'NONE', #1667, .T. ) ;
#6177 = AXIS2_PLACEMENT_3D ( 'NONE', #6871, #1080, #833 ) ;
#6178 = VERTEX_POINT ( 'NONE', #10308 ) ;
#6179 = ADVANCED_FACE ( 'NONE', ( #6821 ), #427, .T. ) ;
#6180 = AXIS2_PLACEMENT_3D ( 'NONE', #6585, #6417, #12328 ) ;
#6181 = CARTESIAN_POINT ( 'NONE',  ( 2.750000000000000444, 0.2699999999999994071, 3.250000000000001776 ) ) ;
#6182 = EDGE_LOOP ( 'NONE', ( #3138, #1333, #9570 ) ) ;
#6183 = EDGE_CURVE ( 'NONE', #2881, #3536, #6934, .T. ) ;
#6184 = CARTESIAN_POINT ( 'NONE',  ( 0.000000000000000000, 0.000000000000000000, 0.000000000000000000 ) ) ;
#6185 = CIRCLE ( 'NONE', #8642, 0.08999999999999980238 ) ;
#6186 = CARTESIAN_POINT ( 'NONE',  ( -2.250000000000000000, 0.2699999999999994071, -2.249999999999999112 ) ) ;
#6187 = AXIS2_PLACEMENT_3D ( 'NONE', #4283, #2535, #9557 ) ;
#6188 = DIRECTION ( 'NONE',  ( -0.000000000000000000, 1.000000000000000000, -0.000000000000000000 ) ) ;
#6189 = ORIENTED_EDGE ( 'NONE', *, *, #1145, .T. ) ;
#6190 = PLANE ( 'NONE',  #6966 ) ;
#6191 = VECTOR ( 'NONE', #2134, 1000.000000000000000 ) ;
#6192 = DIRECTION ( 'NONE',  ( 0.000000000000000000, 0.000000000000000000, 1.000000000000000000 ) ) ;
#6193 = AXIS2_PLACEMENT_3D ( 'NONE', #9618, #2603, #10365 ) ;
#6194 = AXIS2_PLACEMENT_3D ( 'NONE', #11951, #12039, #3005 ) ;
#6195 = ORIENTED_EDGE ( 'NONE', *, *, #10145, .F. ) ;
#6196 = EDGE_CURVE ( 'NONE', #2665, #3732, #11268, .T. ) ;
#6197 = DIRECTION ( 'NONE',  ( -1.000000000000000000, 0.000000000000000000, 0.000000000000000000 ) ) ;
#6198 = PRESENTATION_LAYER_ASSIGNMENT (  '', '', ( #11489 ) ) ;
#6199 = CARTESIAN_POINT ( 'NONE',  ( -5.750000000000001776, -17.35655495770977907, -6.500000000000000000 ) ) ;
#6200 = DIRECTION ( 'NONE',  ( -0.000000000000000000, 1.000000000000000000, 0.000000000000000000 ) ) ;
#6201 = DIRECTION ( 'NONE',  ( -0.000000000000000000, 1.000000000000000000, 0.000000000000000000 ) ) ;
#6202 = DIRECTION ( 'NONE',  ( -1.000000000000000000, 0.000000000000000000, 0.000000000000000000 ) ) ;
#6203 = ADVANCED_FACE ( 'NONE', ( #2654 ), #12301, .T. ) ;
#6204 = EDGE_LOOP ( 'NONE', ( #9606, #6461, #5473 ) ) ;
#6205 = EDGE_LOOP ( 'NONE', ( #5260, #9060, #11252 ) ) ;
#6206 = SURFACE_STYLE_USAGE ( .BOTH. , #4441 ) ;
#6207 = SURFACE_STYLE_FILL_AREA ( #6584 ) ;
#6208 = EDGE_LOOP ( 'NONE', ( #10319, #1594, #12180 ) ) ;
#6209 = AXIS2_PLACEMENT_3D ( 'NONE', #6817, #860, #8568 ) ;
#6210 = COLOUR_RGB ( '',0.7921568627450980005, 0.8196078431372548767, 0.9333333333333333481 ) ;
#6211 = MANIFOLD_SOLID_BREP ( 'LPattern1[116]', #7577 ) ;
#6212 = AXIS2_PLACEMENT_3D ( 'NONE', #10925, #9202, #7093 ) ;
#6213 = ADVANCED_FACE ( 'NONE', ( #6787 ), #8951, .T. ) ;
#6214 = EDGE_LOOP ( 'NONE', ( #4957, #8619, #9108 ) ) ;
#6215 = DIRECTION ( 'NONE',  ( 0.000000000000000000, 0.000000000000000000, 1.000000000000000000 ) ) ;
#6216 = FACE_OUTER_BOUND ( 'NONE', #9674, .T. ) ;
#6217 = AXIS2_PLACEMENT_3D ( 'NONE', #9725, #10894, #11920 ) ;
#6218 = PLANE ( 'NONE',  #11002 ) ;
#6219 = EDGE_CURVE ( 'NONE', #588, #7375, #2586, .T. ) ;
#6220 = DIRECTION ( 'NONE',  ( 0.000000000000000000, 0.000000000000000000, 1.000000000000000000 ) ) ;
#6221 = SURFACE_SIDE_STYLE ('',( #8257 ) ) ;
#6222 = SPHERICAL_SURFACE ( 'NONE', #10797, 0.1499999999999998557 ) ;
#6223 = EDGE_CURVE ( 'NONE', #1577, #11055, #11313, .T. ) ;
#6224 = AXIS2_PLACEMENT_3D ( 'NONE', #2441, #10205, #1564 ) ;
#6225 = CARTESIAN_POINT ( 'NONE',  ( 2.750000000000000444, 1.355252715606880543E-16, 0.2500000000000006661 ) ) ;
#6226 = VERTEX_POINT ( 'NONE', #3394 ) ;
#6227 = CARTESIAN_POINT ( 'NONE',  ( -0.7499999999999997780, 0.2699999999999994071, -1.159999999999999032 ) ) ;
#6228 = EDGE_LOOP ( 'NONE', ( #9268, #1516 ) ) ;
#6229 = DIRECTION ( 'NONE',  ( 1.000000000000000000, 0.000000000000000000, -0.000000000000000000 ) ) ;
#6230 = DIRECTION ( 'NONE',  ( -1.000000000000000000, 0.000000000000000000, 0.000000000000000000 ) ) ;
#6231 = EDGE_LOOP ( 'NONE', ( #10296, #11901, #7452 ) ) ;
#6232 = ORIENTED_EDGE ( 'NONE', *, *, #1063, .F. ) ;
#6233 = PRESENTATION_STYLE_ASSIGNMENT (( #8321 ) ) ;
#6234 = CIRCLE ( 'NONE', #9390, 0.1499999999999999667 ) ;
#6235 = EDGE_CURVE ( 'NONE', #8228, #7664, #11224, .T. ) ;
#6236 = ORIENTED_EDGE ( 'NONE', *, *, #1440, .F. ) ;
#6237 = CARTESIAN_POINT ( 'NONE',  ( 3.250000000000000888, 0.1499999999999999944, 2.250000000000000444 ) ) ;
#6238 = ORIENTED_EDGE ( 'NONE', *, *, #11034, .T. ) ;
#6239 = AXIS2_PLACEMENT_3D ( 'NONE', #11151, #12165, #454 ) ;
#6240 =( LENGTH_UNIT ( ) NAMED_UNIT ( * ) SI_UNIT ( .MILLI., .METRE. ) );
#6241 = ORIENTED_EDGE ( 'NONE', *, *, #11617, .T. ) ;
#6242 = EDGE_CURVE ( 'NONE', #209, #2066, #11159, .T. ) ;
#6243 = CARTESIAN_POINT ( 'NONE',  ( -4.312500000000001776, 0.8000000000000000444, -5.062499999999999112 ) ) ;
#6244 = FACE_OUTER_BOUND ( 'NONE', #11825, .T. ) ;
#6245 = DIRECTION ( 'NONE',  ( 0.000000000000000000, 0.000000000000000000, 1.000000000000000000 ) ) ;
#6246 = DIRECTION ( 'NONE',  ( 1.000000000000000000, 0.000000000000000000, 1.224646799147353207E-16 ) ) ;
#6247 = DIRECTION ( 'NONE',  ( 1.000000000000000000, 0.000000000000000000, 1.224646799147353207E-16 ) ) ;
#6248 = VERTEX_POINT ( 'NONE', #5472 ) ;
#6249 = SPHERICAL_SURFACE ( 'NONE', #2893, 0.1499999999999998557 ) ;
#6250 = FILL_AREA_STYLE ('',( #3263 ) ) ;
#6251 = CARTESIAN_POINT ( 'NONE',  ( 0.7500000000000002220, 0.1499999999999999944, 1.250000000000001110 ) ) ;
#6252 = EDGE_LOOP ( 'NONE', ( #9061, #8272, #12517 ) ) ;
#6253 = SPHERICAL_SURFACE ( 'NONE', #9751, 0.1499999999999998557 ) ;
#6254 = AXIS2_PLACEMENT_3D ( 'NONE', #2538, #8399, #10468 ) ;
#6255 = SURFACE_STYLE_FILL_AREA ( #9894 ) ;
#6256 = FACE_OUTER_BOUND ( 'NONE', #3697, .T. ) ;
#6257 = DIRECTION ( 'NONE',  ( 0.000000000000000000, 0.000000000000000000, 1.000000000000000000 ) ) ;
#6258 = DIRECTION ( 'NONE',  ( -0.000000000000000000, 1.000000000000000000, -0.000000000000000000 ) ) ;
#6259 = ORIENTED_EDGE ( 'NONE', *, *, #12241, .F. ) ;
#6260 = EDGE_CURVE ( 'NONE', #881, #7599, #6745, .T. ) ;
#6261 = DIRECTION ( 'NONE',  ( 1.000000000000000000, 0.000000000000000000, -0.000000000000000000 ) ) ;
#6262 = ORIENTED_EDGE ( 'NONE', *, *, #3632, .T. ) ;
#6263 = AXIS2_PLACEMENT_3D ( 'NONE', #7791, #11788, #10774 ) ;
#6264 = CIRCLE ( 'NONE', #10055, 0.1499999999999998557 ) ;
#6265 = ADVANCED_FACE ( 'NONE', ( #7025 ), #11338, .T. ) ;
#6266 = PLANE ( 'NONE',  #9093 ) ;
#6267 = DIRECTION ( 'NONE',  ( 0.000000000000000000, 0.000000000000000000, 1.000000000000000000 ) ) ;
#6268 = AXIS2_PLACEMENT_3D ( 'NONE', #5714, #2690, #9888 ) ;
#6269 = ORIENTED_EDGE ( 'NONE', *, *, #8866, .T. ) ;
#6270 = CARTESIAN_POINT ( 'NONE',  ( -0.7499999999999997780, 0.2699999999999994071, 3.160000000000001474 ) ) ;
#6271 = FACE_OUTER_BOUND ( 'NONE', #4390, .T. ) ;
#6272 = ADVANCED_FACE ( 'NONE', ( #2720 ), #6709, .T. ) ;
#6273 = VERTEX_POINT ( 'NONE', #2464 ) ;
#6274 = ADVANCED_FACE ( 'NONE', ( #7048 ), #2737, .T. ) ;
#6275 = CIRCLE ( 'NONE', #3213, 0.1499999999999998557 ) ;
#6276 = MANIFOLD_SOLID_BREP ( 'LPattern1[123]', #7732 ) ;
#6277 = DIRECTION ( 'NONE',  ( 1.000000000000000000, 0.000000000000000000, -0.000000000000000000 ) ) ;
#6278 = CARTESIAN_POINT ( 'NONE',  ( 3.250000000000000888, 0.1499999999999999944, 1.250000000000001110 ) ) ;
#6279 = CIRCLE ( 'NONE', #6751, 0.08999999999999980238 ) ;
#6280 = SPHERICAL_SURFACE ( 'NONE', #3483, 0.1499999999999998557 ) ;
#6281 = DIRECTION ( 'NONE',  ( -0.000000000000000000, 1.000000000000000000, 0.000000000000000000 ) ) ;
#6282 = CARTESIAN_POINT ( 'NONE',  ( 1.750000000000000222, 0.1499999999999999944, 2.250000000000000444 ) ) ;
#6283 = EDGE_LOOP ( 'NONE', ( #78, #5615, #2187 ) ) ;
#6284 = ADVANCED_FACE ( 'NONE', ( #7328 ), #2799, .T. ) ;
#6285 = UNCERTAINTY_MEASURE_WITH_UNIT (LENGTH_MEASURE( 1.000000000000000082E-05 ), #11514, 'distance_accuracy_value', 'NONE');
#6286 = ADVANCED_FACE ( 'NONE', ( #2978 ), #12006, .T. ) ;
#6287 = UNCERTAINTY_MEASURE_WITH_UNIT (LENGTH_MEASURE( 1.000000000000000082E-05 ), #8105, 'distance_accuracy_value', 'NONE');
#6288 = EDGE_LOOP ( 'NONE', ( #8990, #2121, #1946 ) ) ;
#6289 = FILL_AREA_STYLE ('',( #8387 ) ) ;
#6290 = CARTESIAN_POINT ( 'NONE',  ( 3.250000000000000888, 0.2699999999999994071, -0.3399999999999992473 ) ) ;
#6291 = MECHANICAL_DESIGN_GEOMETRIC_PRESENTATION_REPRESENTATION (  '', ( #1194 ), #8784 ) ;
#6292 = ORIENTED_EDGE ( 'NONE', *, *, #444, .F. ) ;
#6293 = CARTESIAN_POINT ( 'NONE',  ( -1.249999999999999778, 0.2699999999999994071, -1.339999999999999192 ) ) ;
#6294 = CIRCLE ( 'NONE', #7614, 0.08999999999999980238 ) ;
#6295 = EDGE_CURVE ( 'NONE', #12024, #10858, #2868, .T. ) ;
#6296 =( GEOMETRIC_REPRESENTATION_CONTEXT ( 3 ) GLOBAL_UNCERTAINTY_ASSIGNED_CONTEXT ( ( #10136 ) ) GLOBAL_UNIT_ASSIGNED_CONTEXT ( ( #12779, #2144, #9987 ) ) REPRESENTATION_CONTEXT ( 'NONE', 'WORKASPACE' ) );
#6297 =( GEOMETRIC_REPRESENTATION_CONTEXT ( 3 ) GLOBAL_UNCERTAINTY_ASSIGNED_CONTEXT ( ( #1207 ) ) GLOBAL_UNIT_ASSIGNED_CONTEXT ( ( #6735, #2636, #12474 ) ) REPRESENTATION_CONTEXT ( 'NONE', 'WORKASPACE' ) );
#6298 = ORIENTED_EDGE ( 'NONE', *, *, #2995, .F. ) ;
#6299 = DIRECTION ( 'NONE',  ( 0.000000000000000000, 0.000000000000000000, 1.000000000000000000 ) ) ;
#6300 = CIRCLE ( 'NONE', #10834, 0.1499999999999998557 ) ;
#6301 = CIRCLE ( 'NONE', #3347, 0.08999999999999980238 ) ;
#6302 = DIRECTION ( 'NONE',  ( 1.000000000000000000, 0.000000000000000000, -0.000000000000000000 ) ) ;
#6303 = DIRECTION ( 'NONE',  ( 1.000000000000000000, 0.000000000000000000, 1.224646799147353207E-16 ) ) ;
#6304 = CARTESIAN_POINT ( 'NONE',  ( 1.250000000000000666, 0.2699999999999994071, 2.250000000000000888 ) ) ;
#6305 = DIRECTION ( 'NONE',  ( -0.000000000000000000, 1.000000000000000000, -0.000000000000000000 ) ) ;
#6306 = FACE_OUTER_BOUND ( 'NONE', #11325, .T. ) ;
#6307 = DIRECTION ( 'NONE',  ( 1.000000000000000000, 0.000000000000000000, -0.000000000000000000 ) ) ;
#6308 = ADVANCED_FACE ( 'NONE', ( #2956 ), #3366, .T. ) ;
#6309 = ORIENTED_EDGE ( 'NONE', *, *, #1399, .T. ) ;
#6310 = CARTESIAN_POINT ( 'NONE',  ( 2.750000000000000444, 0.1499999999999999944, 1.750000000000000666 ) ) ;
#6311 = MANIFOLD_SOLID_BREP ( 'LPattern1[70]', #1094 ) ;
#6312 = ORIENTED_EDGE ( 'NONE', *, *, #1472, .T. ) ;
#6313 = CARTESIAN_POINT ( 'NONE',  ( -3.250000000000000000, 0.2699999999999994071, -3.159999999999998810 ) ) ;
#6314 = EDGE_LOOP ( 'NONE', ( #4737, #3825, #4253 ) ) ;
#6315 = EDGE_CURVE ( 'NONE', #4400, #12541, #2846, .T. ) ;
#6316 = CARTESIAN_POINT ( 'NONE',  ( -2.250000000000000000, 0.1499999999999999944, 1.250000000000001110 ) ) ;
#6317 = VERTEX_POINT ( 'NONE', #2792 ) ;
#6318 =( GEOMETRIC_REPRESENTATION_CONTEXT ( 3 ) GLOBAL_UNCERTAINTY_ASSIGNED_CONTEXT ( ( #5496 ) ) GLOBAL_UNIT_ASSIGNED_CONTEXT ( ( #2843, #11973, #7871 ) ) REPRESENTATION_CONTEXT ( 'NONE', 'WORKASPACE' ) );
#6319 = ADVANCED_FACE ( 'NONE', ( #11730 ), #3803, .T. ) ;
#6320 = VERTEX_POINT ( 'NONE', #12795 ) ;
#6321 = AXIS2_PLACEMENT_3D ( 'NONE', #6836, #10127, #12367 ) ;
#6322 = AXIS2_PLACEMENT_3D ( 'NONE', #3299, #5556, #1497 ) ;
#6323 =( NAMED_UNIT ( * ) PLANE_ANGLE_UNIT ( ) SI_UNIT ( $, .RADIAN. ) );
#6324 = ORIENTED_EDGE ( 'NONE', *, *, #6850, .T. ) ;
#6325 = AXIS2_PLACEMENT_3D ( 'NONE', #7039, #2384, #9388 ) ;
#6326 = CARTESIAN_POINT ( 'NONE',  ( -2.250000000000000000, 0.1499999999999999944, -0.2499999999999993616 ) ) ;
#6327 = VERTEX_POINT ( 'NONE', #5827 ) ;
#6328 = EDGE_CURVE ( 'NONE', #9996, #2195, #11642, .T. ) ;
#6329 = DIRECTION ( 'NONE',  ( -0.000000000000000000, 1.000000000000000000, -0.000000000000000000 ) ) ;
#6330 = DIRECTION ( 'NONE',  ( -0.000000000000000000, 1.000000000000000000, -0.000000000000000000 ) ) ;
#6331 = CLOSED_SHELL ( 'NONE', ( #7033, #8862, #8270 ) ) ;
#6332 = SURFACE_STYLE_USAGE ( .BOTH. , #11417 ) ;
#6333 = CARTESIAN_POINT ( 'NONE',  ( -5.250000000000001776, 0.2700000000000000178, -6.494999999999999218 ) ) ;
#6334 = STYLED_ITEM ( 'NONE', ( #2498 ), #10241 ) ;
#6335 = FILL_AREA_STYLE ('',( #12579 ) ) ;
#6336 = FILL_AREA_STYLE_COLOUR ( '', #1823 ) ;
#6337 = ORIENTED_EDGE ( 'NONE', *, *, #5185, .F. ) ;
#6338 = CARTESIAN_POINT ( 'NONE',  ( 0.7500000000000002220, 0.2699999999999994071, -2.159999999999998810 ) ) ;
#6339 = COLOUR_RGB ( '',0.7921568627450980005, 0.8196078431372548767, 0.9333333333333333481 ) ;
#6340 = SURFACE_STYLE_USAGE ( .BOTH. , #7623 ) ;
#6341 =( LENGTH_UNIT ( ) NAMED_UNIT ( * ) SI_UNIT ( .MILLI., .METRE. ) );
#6342 = ORIENTED_EDGE ( 'NONE', *, *, #6811, .F. ) ;
#6343 = FACE_OUTER_BOUND ( 'NONE', #6252, .T. ) ;
#6344 = MECHANICAL_DESIGN_GEOMETRIC_PRESENTATION_REPRESENTATION (  '', ( #11791 ), #5100 ) ;
#6345 = FACE_OUTER_BOUND ( 'NONE', #12767, .T. ) ;
#6346 = SURFACE_STYLE_FILL_AREA ( #10969 ) ;
#6347 = FACE_OUTER_BOUND ( 'NONE', #1215, .T. ) ;
#6348 = AXIS2_PLACEMENT_3D ( 'NONE', #2089, #9003, #11938 ) ;
#6349 = SURFACE_STYLE_USAGE ( .BOTH. , #3608 ) ;
#6350 = CARTESIAN_POINT ( 'NONE',  ( 3.250000000000000888, 0.1499999999999999944, -2.749999999999999556 ) ) ;
#6351 = VERTEX_POINT ( 'NONE', #6806 ) ;
#6352 = AXIS2_PLACEMENT_3D ( 'NONE', #12493, #4487, #9673 ) ;
#6353 = DIRECTION ( 'NONE',  ( 0.000000000000000000, 0.000000000000000000, -1.000000000000000000 ) ) ;
#6354 = ORIENTED_EDGE ( 'NONE', *, *, #3144, .T. ) ;
#6355 = EDGE_CURVE ( 'NONE', #6327, #4655, #11575, .T. ) ;
#6356 = FACE_OUTER_BOUND ( 'NONE', #4175, .T. ) ;
#6357 = CARTESIAN_POINT ( 'NONE',  ( 2.250000000000000000, 0.2699999999999994071, -3.249999999999999112 ) ) ;
#6358 = EDGE_CURVE ( 'NONE', #8327, #408, #3418, .T. ) ;
#6359 = PRESENTATION_LAYER_ASSIGNMENT (  '', '', ( #2756 ) ) ;
#6360 = PRESENTATION_LAYER_ASSIGNMENT (  '', '', ( #940 ) ) ;
#6361 = DIRECTION ( 'NONE',  ( 0.000000000000000000, 0.000000000000000000, 1.000000000000000000 ) ) ;
#6362 = ORIENTED_EDGE ( 'NONE', *, *, #9242, .F. ) ;
#6363 = DIRECTION ( 'NONE',  ( -1.000000000000000000, 0.000000000000000000, 0.000000000000000000 ) ) ;
#6364 = CARTESIAN_POINT ( 'NONE',  ( 3.250000000000000888, 0.1499999999999999944, -1.249999999999999334 ) ) ;
#6365 = ORIENTED_EDGE ( 'NONE', *, *, #3240, .T. ) ;
#6366 = DIRECTION ( 'NONE',  ( 0.000000000000000000, 0.000000000000000000, 1.000000000000000000 ) ) ;
#6367 =( NAMED_UNIT ( * ) PLANE_ANGLE_UNIT ( ) SI_UNIT ( $, .RADIAN. ) );
#6368 = DIRECTION ( 'NONE',  ( 0.000000000000000000, 0.000000000000000000, 1.000000000000000000 ) ) ;
#6369 = CIRCLE ( 'NONE', #6634, 0.1499999999999999667 ) ;
#6370 = CARTESIAN_POINT ( 'NONE',  ( -2.750000000000000000, 0.2699999999999994071, -1.659999999999999254 ) ) ;
#6371 = CARTESIAN_POINT ( 'NONE',  ( 2.750000000000000444, 0.1499999999999999944, -1.749999999999999334 ) ) ;
#6372 = CIRCLE ( 'NONE', #11397, 0.08999999999999980238 ) ;
#6373 = DIRECTION ( 'NONE',  ( 1.000000000000000000, 0.000000000000000000, -0.000000000000000000 ) ) ;
#6374 = AXIS2_PLACEMENT_3D ( 'NONE', #8816, #11839, #7922 ) ;
#6375 = EDGE_LOOP ( 'NONE', ( #12238, #1649, #8483 ) ) ;
#6376 = CLOSED_SHELL ( 'NONE', ( #9221, #11172, #5031 ) ) ;
#6377 = PLANE ( 'NONE',  #1026 ) ;
#6378 = DIRECTION ( 'NONE',  ( -0.000000000000000000, 1.000000000000000000, -0.000000000000000000 ) ) ;
#6379 = EDGE_CURVE ( 'NONE', #6774, #1703, #3001, .T. ) ;
#6380 = EDGE_LOOP ( 'NONE', ( #9339, #8296, #12788 ) ) ;
#6381 =( LENGTH_UNIT ( ) NAMED_UNIT ( * ) SI_UNIT ( .MILLI., .METRE. ) );
#6382 = EDGE_CURVE ( 'NONE', #7164, #2334, #7696, .T. ) ;
#6383 = SPHERICAL_SURFACE ( 'NONE', #5874, 0.1499999999999998557 ) ;
#6384 = AXIS2_PLACEMENT_3D ( 'NONE', #7856, #6099, #215 ) ;
#6385 = ORIENTED_EDGE ( 'NONE', *, *, #9095, .T. ) ;
#6386 = CARTESIAN_POINT ( 'NONE',  ( -0.2499999999999997780, 1.355252715606880543E-16, -3.249999999999999556 ) ) ;
#6387 = ADVANCED_FACE ( 'NONE', ( #7737 ), #3048, .T. ) ;
#6388 = VECTOR ( 'NONE', #110, 1000.000000000000000 ) ;
#6389 = AXIS2_PLACEMENT_3D ( 'NONE', #4205, #12226, #12308 ) ;
#6390 = CARTESIAN_POINT ( 'NONE',  ( 0.7500000000000002220, 0.2699999999999994071, -2.659999999999999254 ) ) ;
#6391 = DIRECTION ( 'NONE',  ( 1.000000000000000000, 0.000000000000000000, 1.224646799147353207E-16 ) ) ;
#6392 = SURFACE_STYLE_USAGE ( .BOTH. , #2310 ) ;
#6393 = COLOUR_RGB ( '',0.7921568627450980005, 0.8196078431372548767, 0.9333333333333333481 ) ;
#6394 = COLOUR_RGB ( '',0.7921568627450980005, 0.8196078431372548767, 0.9333333333333333481 ) ;
#6395 = CARTESIAN_POINT ( 'NONE',  ( -3.250000000000000000, 0.2699999999999994071, -1.749999999999998890 ) ) ;
#6396 = DIRECTION ( 'NONE',  ( -0.000000000000000000, 1.000000000000000000, -0.000000000000000000 ) ) ;
#6397 = ORIENTED_EDGE ( 'NONE', *, *, #9165, .F. ) ;
#6398 = DIRECTION ( 'NONE',  ( 0.000000000000000000, -0.000000000000000000, -1.000000000000000000 ) ) ;
#6399 = DIRECTION ( 'NONE',  ( 0.000000000000000000, 0.000000000000000000, -1.000000000000000000 ) ) ;
#6400 = ORIENTED_EDGE ( 'NONE', *, *, #9496, .F. ) ;
#6401 = ADVANCED_FACE ( 'NONE', ( #7176 ), #2934, .T. ) ;
#6402 = SURFACE_SIDE_STYLE ('',( #4852 ) ) ;
#6403 = EDGE_LOOP ( 'NONE', ( #12097, #6123, #12322 ) ) ;
#6404 = AXIS2_PLACEMENT_3D ( 'NONE', #10851, #4677, #11509 ) ;
#6405 = FACE_OUTER_BOUND ( 'NONE', #11837, .T. ) ;
#6406 = AXIS2_PLACEMENT_3D ( 'NONE', #1137, #11026, #5772 ) ;
#6407 = DIRECTION ( 'NONE',  ( -0.000000000000000000, -1.000000000000000000, -0.000000000000000000 ) ) ;
#6408 = ORIENTED_EDGE ( 'NONE', *, *, #5602, .F. ) ;
#6409 = FACE_OUTER_BOUND ( 'NONE', #1917, .T. ) ;
#6410 = EDGE_CURVE ( 'NONE', #2281, #9773, #7221, .T. ) ;
#6411 = EDGE_LOOP ( 'NONE', ( #9538, #543, #844 ) ) ;
#6412 = MANIFOLD_SOLID_BREP ( 'LPattern1[2]', #4708 ) ;
#6413 = SURFACE_STYLE_FILL_AREA ( #10343 ) ;
#6414 = PRESENTATION_STYLE_ASSIGNMENT (( #12280 ) ) ;
#6415 = ADVANCED_FACE ( 'NONE', ( #11511 ), #7378, .T. ) ;
#6416 = ORIENTED_EDGE ( 'NONE', *, *, #2527, .F. ) ;
#6417 = DIRECTION ( 'NONE',  ( 1.000000000000000000, 0.000000000000000000, -0.000000000000000000 ) ) ;
#6418 = ORIENTED_EDGE ( 'NONE', *, *, #11049, .F. ) ;
#6419 = CARTESIAN_POINT ( 'NONE',  ( -3.250000000000000000, 0.2699999999999994071, 0.6600000000000006972 ) ) ;
#6420 = CARTESIAN_POINT ( 'NONE',  ( 2.750000000000000444, 0.1499999999999999944, 2.750000000000000888 ) ) ;
#6421 = VERTEX_POINT ( 'NONE', #9959 ) ;
#6422 = DIRECTION ( 'NONE',  ( 1.000000000000000000, 0.000000000000000000, 1.224646799147353207E-16 ) ) ;
#6423 = SURFACE_SIDE_STYLE ('',( #4595 ) ) ;
#6424 =( NAMED_UNIT ( * ) SI_UNIT ( $, .STERADIAN. ) SOLID_ANGLE_UNIT ( ) );
#6425 =( LENGTH_UNIT ( ) NAMED_UNIT ( * ) SI_UNIT ( .MILLI., .METRE. ) );
#6426 = DIRECTION ( 'NONE',  ( 0.000000000000000000, 0.000000000000000000, 1.000000000000000000 ) ) ;
#6427 = ORIENTED_EDGE ( 'NONE', *, *, #12295, .F. ) ;
#6428 =( NAMED_UNIT ( * ) SI_UNIT ( $, .STERADIAN. ) SOLID_ANGLE_UNIT ( ) );
#6429 = FACE_OUTER_BOUND ( 'NONE', #11512, .T. ) ;
#6430 = DIRECTION ( 'NONE',  ( 0.000000000000000000, 0.000000000000000000, 1.000000000000000000 ) ) ;
#6431 = DIRECTION ( 'NONE',  ( 1.000000000000000000, 0.000000000000000000, -0.000000000000000000 ) ) ;
#6432 = EDGE_LOOP ( 'NONE', ( #6115, #10833 ) ) ;
#6433 = LINE ( 'NONE', #11744, #6388 ) ;
#6434 = AXIS2_PLACEMENT_3D ( 'NONE', #6926, #11772, #11959 ) ;
#6435 =( GEOMETRIC_REPRESENTATION_CONTEXT ( 3 ) GLOBAL_UNCERTAINTY_ASSIGNED_CONTEXT ( ( #12037 ) ) GLOBAL_UNIT_ASSIGNED_CONTEXT ( ( #7872, #8854, #7963 ) ) REPRESENTATION_CONTEXT ( 'NONE', 'WORKASPACE' ) );
#6436 =( NAMED_UNIT ( * ) SI_UNIT ( $, .STERADIAN. ) SOLID_ANGLE_UNIT ( ) );
#6437 = UNCERTAINTY_MEASURE_WITH_UNIT (LENGTH_MEASURE( 1.000000000000000082E-05 ), #12444, 'distance_accuracy_value', 'NONE');
#6438 = DIRECTION ( 'NONE',  ( -1.000000000000000000, 0.000000000000000000, 0.000000000000000000 ) ) ;
#6439 = AXIS2_PLACEMENT_3D ( 'NONE', #5891, #1164, #7896 ) ;
#6440 = ORIENTED_EDGE ( 'NONE', *, *, #4494, .F. ) ;
#6441 = UNCERTAINTY_MEASURE_WITH_UNIT (LENGTH_MEASURE( 1.000000000000000082E-05 ), #9011, 'distance_accuracy_value', 'NONE');
#6442 = ORIENTED_EDGE ( 'NONE', *, *, #2886, .T. ) ;
#6443 = ORIENTED_EDGE ( 'NONE', *, *, #5400, .F. ) ;
#6444 =( GEOMETRIC_REPRESENTATION_CONTEXT ( 3 ) GLOBAL_UNCERTAINTY_ASSIGNED_CONTEXT ( ( #5970 ) ) GLOBAL_UNIT_ASSIGNED_CONTEXT ( ( #10141, #4964, #8856 ) ) REPRESENTATION_CONTEXT ( 'NONE', 'WORKASPACE' ) );
#6445 = CARTESIAN_POINT ( 'NONE',  ( -2.250000000000000000, 0.1499999999999999944, -1.249999999999999334 ) ) ;
#6446 = DIRECTION ( 'NONE',  ( -0.000000000000000000, 1.000000000000000000, 0.000000000000000000 ) ) ;
#6447 = DIRECTION ( 'NONE',  ( 0.000000000000000000, 0.000000000000000000, 1.000000000000000000 ) ) ;
#6448 = ORIENTED_EDGE ( 'NONE', *, *, #3819, .F. ) ;
#6449 = DIRECTION ( 'NONE',  ( 1.000000000000000000, 0.000000000000000000, 1.224646799147353207E-16 ) ) ;
#6450 = FACE_OUTER_BOUND ( 'NONE', #4282, .T. ) ;
#6451 = ORIENTED_EDGE ( 'NONE', *, *, #11612, .F. ) ;
#6452 = DIRECTION ( 'NONE',  ( 0.000000000000000000, 0.000000000000000000, 1.000000000000000000 ) ) ;
#6453 = SPHERICAL_SURFACE ( 'NONE', #459, 0.1499999999999998557 ) ;
#6454 = UNCERTAINTY_MEASURE_WITH_UNIT (LENGTH_MEASURE( 1.000000000000000082E-05 ), #396, 'distance_accuracy_value', 'NONE');
#6455 = UNCERTAINTY_MEASURE_WITH_UNIT (LENGTH_MEASURE( 1.000000000000000082E-05 ), #2947, 'distance_accuracy_value', 'NONE');
#6456 = DIRECTION ( 'NONE',  ( 0.000000000000000000, 0.000000000000000000, 1.000000000000000000 ) ) ;
#6457 =( NAMED_UNIT ( * ) SI_UNIT ( $, .STERADIAN. ) SOLID_ANGLE_UNIT ( ) );
#6458 = COLOUR_RGB ( '',0.7921568627450980005, 0.8196078431372548767, 0.9333333333333333481 ) ;
#6459 = DIRECTION ( 'NONE',  ( 0.000000000000000000, 0.000000000000000000, 1.000000000000000000 ) ) ;
#6460 = PRESENTATION_LAYER_ASSIGNMENT (  '', '', ( #1494 ) ) ;
#6461 = ORIENTED_EDGE ( 'NONE', *, *, #2, .T. ) ;
#6462 = EDGE_CURVE ( 'NONE', #9224, #5436, #11969, .T. ) ;
#6463 = ORIENTED_EDGE ( 'NONE', *, *, #10116, .F. ) ;
#6464 = AXIS2_PLACEMENT_3D ( 'NONE', #6481, #12725, #9648 ) ;
#6465 = ORIENTED_EDGE ( 'NONE', *, *, #249, .T. ) ;
#6466 = CARTESIAN_POINT ( 'NONE',  ( -2.750000000000000000, 0.1499999999999999944, -3.249999999999999556 ) ) ;
#6467 = AXIS2_PLACEMENT_3D ( 'NONE', #211, #10357, #2099 ) ;
#6468 = ORIENTED_EDGE ( 'NONE', *, *, #3878, .T. ) ;
#6469 = CARTESIAN_POINT ( 'NONE',  ( -2.750000000000000000, 0.1499999999999999944, 1.750000000000000666 ) ) ;
#6470 = ORIENTED_EDGE ( 'NONE', *, *, #539, .F. ) ;
#6471 = CARTESIAN_POINT ( 'NONE',  ( -2.750000000000000000, 0.1499999999999999944, 3.250000000000001332 ) ) ;
#6472 = DIRECTION ( 'NONE',  ( 0.000000000000000000, 0.000000000000000000, 1.000000000000000000 ) ) ;
#6473 = DIRECTION ( 'NONE',  ( -0.000000000000000000, 1.000000000000000000, -0.000000000000000000 ) ) ;
#6474 = DIRECTION ( 'NONE',  ( 0.000000000000000000, 0.000000000000000000, 1.000000000000000000 ) ) ;
#6475 = VECTOR ( 'NONE', #4732, 1000.000000000000000 ) ;
#6476 = CARTESIAN_POINT ( 'NONE',  ( -0.7499999999999997780, 0.2699999999999994071, -2.659999999999999254 ) ) ;
#6477 = DIRECTION ( 'NONE',  ( 0.000000000000000000, 0.000000000000000000, 1.000000000000000000 ) ) ;
#6478 = DIRECTION ( 'NONE',  ( -0.000000000000000000, 1.000000000000000000, -0.000000000000000000 ) ) ;
#6479 = SURFACE_SIDE_STYLE ('',( #1909 ) ) ;
#6480 = EDGE_LOOP ( 'NONE', ( #522, #11773 ) ) ;
#6481 = CARTESIAN_POINT ( 'NONE',  ( 2.250000000000000000, 0.1499999999999999944, -3.249999999999999556 ) ) ;
#6482 = CARTESIAN_POINT ( 'NONE',  ( -1.749999999999999778, 0.1499999999999999944, -2.249999999999999556 ) ) ;
#6483 = EDGE_LOOP ( 'NONE', ( #3804, #7931, #3275 ) ) ;
#6484 = EDGE_CURVE ( 'NONE', #8327, #3035, #11404, .T. ) ;
#6485 = CARTESIAN_POINT ( 'NONE',  ( -2.750000000000000000, 0.2699999999999994071, 0.7500000000000011102 ) ) ;
#6486 = DIRECTION ( 'NONE',  ( 0.000000000000000000, 0.000000000000000000, 1.000000000000000000 ) ) ;
#6487 = ORIENTED_EDGE ( 'NONE', *, *, #7102, .F. ) ;
#6488 = EDGE_CURVE ( 'NONE', #8163, #3055, #11530, .T. ) ;
#6489 = PRESENTATION_LAYER_ASSIGNMENT (  '', '', ( #11791 ) ) ;
#6490 = ORIENTED_EDGE ( 'NONE', *, *, #7280, .T. ) ;
#6491 = CARTESIAN_POINT ( 'NONE',  ( -0.7499999999999997780, 0.2699999999999994071, 1.250000000000001554 ) ) ;
#6492 = FACE_OUTER_BOUND ( 'NONE', #500, .T. ) ;
#6493 = EDGE_CURVE ( 'NONE', #6919, #596, #3391, .T. ) ;
#6494 = AXIS2_PLACEMENT_3D ( 'NONE', #4825, #12636, #3981 ) ;
#6495 = EDGE_CURVE ( 'NONE', #3477, #8066, #3344, .T. ) ;
#6496 = DIRECTION ( 'NONE',  ( 0.000000000000000000, 0.000000000000000000, 1.000000000000000000 ) ) ;
#6497 = DIRECTION ( 'NONE',  ( -1.000000000000000000, 0.000000000000000000, 0.000000000000000000 ) ) ;
#6498 = ORIENTED_EDGE ( 'NONE', *, *, #6410, .F. ) ;
#6499 = CARTESIAN_POINT ( 'NONE',  ( -0.2499999999999997780, 0.1499999999999999944, 2.750000000000000888 ) ) ;
#6500 = ADVANCED_FACE ( 'NONE', ( #11621 ), #2782, .T. ) ;
#6501 = ORIENTED_EDGE ( 'NONE', *, *, #12410, .F. ) ;
#6502 = MANIFOLD_SOLID_BREP ( 'LPattern1[29]', #11604 ) ;
#6503 = COLOUR_RGB ( '',0.7921568627450980005, 0.8196078431372548767, 0.9333333333333333481 ) ;
#6504 = SURFACE_STYLE_USAGE ( .BOTH. , #1283 ) ;
#6505 = DIRECTION ( 'NONE',  ( 0.000000000000000000, 0.000000000000000000, 1.000000000000000000 ) ) ;
#6506 = CARTESIAN_POINT ( 'NONE',  ( 1.750000000000000222, 0.2699999999999994071, 2.660000000000001030 ) ) ;
#6507 = ORIENTED_EDGE ( 'NONE', *, *, #11877, .T. ) ;
#6508 = SURFACE_SIDE_STYLE ('',( #6413 ) ) ;
#6509 = CIRCLE ( 'NONE', #6659, 0.1499999999999999667 ) ;
#6510 = CIRCLE ( 'NONE', #10981, 0.1499999999999999667 ) ;
#6511 = FILL_AREA_STYLE ('',( #10503 ) ) ;
#6512 = CARTESIAN_POINT ( 'NONE',  ( -1.249999999999999778, 0.2699999999999994071, 1.250000000000001554 ) ) ;
#6513 = ORIENTED_EDGE ( 'NONE', *, *, #4743, .T. ) ;
#6514 = AXIS2_PLACEMENT_3D ( 'NONE', #283, #9077, #10334 ) ;
#6515 = CIRCLE ( 'NONE', #2132, 0.08999999999999980238 ) ;
#6516 = CARTESIAN_POINT ( 'NONE',  ( -0.7499999999999997780, 0.1499999999999999944, -1.249999999999999334 ) ) ;
#6517 = FACE_OUTER_BOUND ( 'NONE', #10131, .T. ) ;
#6518 = EDGE_CURVE ( 'NONE', #2577, #7760, #7879, .T. ) ;
#6519 = CIRCLE ( 'NONE', #6881, 0.1499999999999999667 ) ;
#6520 = EDGE_CURVE ( 'NONE', #11596, #10250, #7816, .T. ) ;
#6521 = CARTESIAN_POINT ( 'NONE',  ( -2.750000000000000000, 0.1499999999999999944, 0.7500000000000006661 ) ) ;
#6522 = ADVANCED_FACE ( 'NONE', ( #8003 ), #3459, .T. ) ;
#6523 = VERTEX_POINT ( 'NONE', #10214 ) ;
#6524 = EDGE_CURVE ( 'NONE', #3749, #7055, #3478, .T. ) ;
#6525 = EDGE_LOOP ( 'NONE', ( #12324, #10942 ) ) ;
#6526 = DIRECTION ( 'NONE',  ( 1.000000000000000000, 0.000000000000000000, -0.000000000000000000 ) ) ;
#6527 = VERTEX_POINT ( 'NONE', #12370 ) ;
#6528 = DIRECTION ( 'NONE',  ( 0.000000000000000000, 0.000000000000000000, 1.000000000000000000 ) ) ;
#6529 = DIRECTION ( 'NONE',  ( 0.000000000000000000, -0.000000000000000000, -1.000000000000000000 ) ) ;
#6530 =( LENGTH_UNIT ( ) NAMED_UNIT ( * ) SI_UNIT ( .MILLI., .METRE. ) );
#6531 = CLOSED_SHELL ( 'NONE', ( #10627, #7526, #503 ) ) ;
#6532 = DIRECTION ( 'NONE',  ( 0.000000000000000000, 0.000000000000000000, -1.000000000000000000 ) ) ;
#6533 = SPHERICAL_SURFACE ( 'NONE', #8374, 0.1499999999999998557 ) ;
#6534 = CIRCLE ( 'NONE', #2529, 0.08999999999999980238 ) ;
#6535 = VERTEX_POINT ( 'NONE', #4180 ) ;
#6536 = DIRECTION ( 'NONE',  ( 1.000000000000000000, 0.000000000000000000, -0.000000000000000000 ) ) ;
#6537 = CARTESIAN_POINT ( 'NONE',  ( 1.750000000000000222, 0.1499999999999999944, 2.250000000000000444 ) ) ;
#6538 = DIRECTION ( 'NONE',  ( 0.000000000000000000, 0.000000000000000000, 1.000000000000000000 ) ) ;
#6539 = CIRCLE ( 'NONE', #2539, 0.08999999999999980238 ) ;
#6540 = DIRECTION ( 'NONE',  ( 0.000000000000000000, 0.000000000000000000, 1.000000000000000000 ) ) ;
#6541 = AXIS2_PLACEMENT_3D ( 'NONE', #12389, #525, #1504 ) ;
#6542 = CIRCLE ( 'NONE', #569, 0.1499999999999999667 ) ;
#6543 = CIRCLE ( 'NONE', #56, 0.08999999999999980238 ) ;
#6544 = DIRECTION ( 'NONE',  ( 0.000000000000000000, 0.000000000000000000, 1.000000000000000000 ) ) ;
#6545 = ORIENTED_EDGE ( 'NONE', *, *, #2352, .F. ) ;
#6546 = AXIS2_PLACEMENT_3D ( 'NONE', #550, #627, #1608 ) ;
#6547 = EDGE_LOOP ( 'NONE', ( #12567, #10458 ) ) ;
#6548 = DIRECTION ( 'NONE',  ( 0.000000000000000000, 0.000000000000000000, 1.000000000000000000 ) ) ;
#6549 = DIRECTION ( 'NONE',  ( 0.000000000000000000, 0.000000000000000000, 1.000000000000000000 ) ) ;
#6550 = STYLED_ITEM ( 'NONE', ( #8588 ), #1764 ) ;
#6551 = CIRCLE ( 'NONE', #3849, 0.08999999999999980238 ) ;
#6552 = VERTEX_POINT ( 'NONE', #9377 ) ;
#6553 = FACE_OUTER_BOUND ( 'NONE', #9387, .T. ) ;
#6554 = FACE_OUTER_BOUND ( 'NONE', #12260, .T. ) ;
#6555 = ORIENTED_EDGE ( 'NONE', *, *, #12581, .F. ) ;
#6556 = SPHERICAL_SURFACE ( 'NONE', #4442, 0.1499999999999998557 ) ;
#6557 = AXIS2_PLACEMENT_3D ( 'NONE', #2629, #11385, #4638 ) ;
#6558 = CARTESIAN_POINT ( 'NONE',  ( 3.250000000000000888, 0.1499999999999999944, 1.750000000000000666 ) ) ;
#6559 = SURFACE_STYLE_USAGE ( .BOTH. , #9393 ) ;
#6560 = ADVANCED_FACE ( 'NONE', ( #12455 ), #3542, .T. ) ;
#6561 = DIRECTION ( 'NONE',  ( -0.000000000000000000, 1.000000000000000000, -0.000000000000000000 ) ) ;
#6562 = CARTESIAN_POINT ( 'NONE',  ( -3.250000000000000000, 0.2699999999999994071, 1.340000000000001412 ) ) ;
#6563 = FILL_AREA_STYLE ('',( #3313 ) ) ;
#6564 = PLANE ( 'NONE',  #7062 ) ;
#6565 = EDGE_LOOP ( 'NONE', ( #10104, #2350, #7540, #6158 ) ) ;
#6566 = DIRECTION ( 'NONE',  ( 0.000000000000000000, 0.000000000000000000, 1.000000000000000000 ) ) ;
#6567 = EDGE_CURVE ( 'NONE', #1656, #7988, #12187, .T. ) ;
#6568 = DIRECTION ( 'NONE',  ( -1.000000000000000000, 0.000000000000000000, 0.000000000000000000 ) ) ;
#6569 = DIRECTION ( 'NONE',  ( 1.000000000000000000, 0.000000000000000000, -0.000000000000000000 ) ) ;
#6570 = ORIENTED_EDGE ( 'NONE', *, *, #7117, .F. ) ;
#6571 = AXIS2_PLACEMENT_3D ( 'NONE', #6832, #8022, #1041 ) ;
#6572 = COLOUR_RGB ( '',0.7921568627450980005, 0.8196078431372548767, 0.9333333333333333481 ) ;
#6573 = ADVANCED_FACE ( 'NONE', ( #7928 ), #324, .T. ) ;
#6574 = FILL_AREA_STYLE_COLOUR ( '', #12489 ) ;
#6575 = AXIS2_PLACEMENT_3D ( 'NONE', #4347, #12119, #6366 ) ;
#6576 = PLANE ( 'NONE',  #2697 ) ;
#6577 = EDGE_LOOP ( 'NONE', ( #231, #3485 ) ) ;
#6578 = PRESENTATION_STYLE_ASSIGNMENT (( #7303 ) ) ;
#6579 = CIRCLE ( 'NONE', #1052, 0.1499999999999999667 ) ;
#6580 = ORIENTED_EDGE ( 'NONE', *, *, #7782, .T. ) ;
#6581 = PRESENTATION_LAYER_ASSIGNMENT (  '', '', ( #8604 ) ) ;
#6582 = DIRECTION ( 'NONE',  ( 1.000000000000000000, 0.000000000000000000, 1.224646799147353207E-16 ) ) ;
#6583 = CIRCLE ( 'NONE', #1779, 0.08999999999999980238 ) ;
#6584 = FILL_AREA_STYLE ('',( #2652 ) ) ;
#6585 = CARTESIAN_POINT ( 'NONE',  ( 2.750000000000000444, 0.1499999999999999944, -2.249999999999999556 ) ) ;
#6586 = ORIENTED_EDGE ( 'NONE', *, *, #12550, .T. ) ;
#6587 = DIRECTION ( 'NONE',  ( 0.000000000000000000, 0.000000000000000000, 1.000000000000000000 ) ) ;
#6588 = DIRECTION ( 'NONE',  ( -1.000000000000000000, 0.000000000000000000, 0.000000000000000000 ) ) ;
#6589 = ORIENTED_EDGE ( 'NONE', *, *, #5058, .T. ) ;
#6590 = CARTESIAN_POINT ( 'NONE',  ( -3.250000000000000000, 1.355252715606880543E-16, -0.2499999999999993616 ) ) ;
#6591 = SPHERICAL_SURFACE ( 'NONE', #8380, 0.1499999999999998557 ) ;
#6592 = DIRECTION ( 'NONE',  ( -0.000000000000000000, 1.000000000000000000, -0.000000000000000000 ) ) ;
#6593 = AXIS2_PLACEMENT_3D ( 'NONE', #3160, #3897, #10011 ) ;
#6594 = DIRECTION ( 'NONE',  ( 0.000000000000000000, 0.000000000000000000, 1.000000000000000000 ) ) ;
#6595 = ORIENTED_EDGE ( 'NONE', *, *, #3415, .F. ) ;
#6596 = DIRECTION ( 'NONE',  ( -1.000000000000000000, 0.000000000000000000, 0.000000000000000000 ) ) ;
#6597 = SPHERICAL_SURFACE ( 'NONE', #10088, 0.1499999999999998557 ) ;
#6598 = UNCERTAINTY_MEASURE_WITH_UNIT (LENGTH_MEASURE( 1.000000000000000082E-05 ), #12776, 'distance_accuracy_value', 'NONE');
#6599 = DIRECTION ( 'NONE',  ( -0.000000000000000000, 1.000000000000000000, -0.000000000000000000 ) ) ;
#6600 = UNCERTAINTY_MEASURE_WITH_UNIT (LENGTH_MEASURE( 1.000000000000000082E-05 ), #10672, 'distance_accuracy_value', 'NONE');
#6601 = DIRECTION ( 'NONE',  ( 0.000000000000000000, 0.000000000000000000, 1.000000000000000000 ) ) ;
#6602 = ORIENTED_EDGE ( 'NONE', *, *, #12670, .F. ) ;
#6603 = CARTESIAN_POINT ( 'NONE',  ( 0.7500000000000002220, 0.1499999999999999944, -1.249999999999999334 ) ) ;
#6604 = COLOUR_RGB ( '',0.7921568627450980005, 0.8196078431372548767, 0.9333333333333333481 ) ;
#6605 = MANIFOLD_SOLID_BREP ( 'LPattern1[3]', #1015 ) ;
#6606 = MECHANICAL_DESIGN_GEOMETRIC_PRESENTATION_REPRESENTATION (  '', ( #5521 ), #6444 ) ;
#6607 = CARTESIAN_POINT ( 'NONE',  ( -2.750000000000000000, 0.2699999999999994071, 3.340000000000001634 ) ) ;
#6608 = DIRECTION ( 'NONE',  ( 0.000000000000000000, 0.000000000000000000, 1.000000000000000000 ) ) ;
#6609 = ORIENTED_EDGE ( 'NONE', *, *, #12584, .T. ) ;
#6610 = EDGE_LOOP ( 'NONE', ( #3673, #8325, #7229 ) ) ;
#6611 = DIRECTION ( 'NONE',  ( 0.000000000000000000, 0.000000000000000000, 1.000000000000000000 ) ) ;
#6612 = EDGE_LOOP ( 'NONE', ( #496, #8247, #3525 ) ) ;
#6613 = COLOUR_RGB ( '',0.7921568627450980005, 0.8196078431372548767, 0.9333333333333333481 ) ;
#6614 = DIRECTION ( 'NONE',  ( 0.000000000000000000, 0.000000000000000000, 1.000000000000000000 ) ) ;
#6615 = DIRECTION ( 'NONE',  ( 0.000000000000000000, 0.000000000000000000, 1.000000000000000000 ) ) ;
#6616 = EDGE_CURVE ( 'NONE', #3564, #9360, #3842, .T. ) ;
#6617 = CLOSED_SHELL ( 'NONE', ( #9938, #10745, #3647 ) ) ;
#6618 = CARTESIAN_POINT ( 'NONE',  ( 1.250000000000000666, 0.2699999999999994071, -2.249999999999999112 ) ) ;
#6619 = CIRCLE ( 'NONE', #11305, 0.08999999999999980238 ) ;
#6620 = CARTESIAN_POINT ( 'NONE',  ( 0.7500000000000002220, 0.1499999999999999944, -2.249999999999999556 ) ) ;
#6621 = COLOUR_RGB ( '',0.7921568627450980005, 0.8196078431372548767, 0.9333333333333333481 ) ;
#6622 =( GEOMETRIC_REPRESENTATION_CONTEXT ( 3 ) GLOBAL_UNCERTAINTY_ASSIGNED_CONTEXT ( ( #6441 ) ) GLOBAL_UNIT_ASSIGNED_CONTEXT ( ( #9011, #11089, #12026 ) ) REPRESENTATION_CONTEXT ( 'NONE', 'WORKASPACE' ) );
#6623 = CARTESIAN_POINT ( 'NONE',  ( 2.750000000000000444, 0.1499999999999999944, -0.7499999999999993339 ) ) ;
#6624 = ORIENTED_EDGE ( 'NONE', *, *, #3905, .F. ) ;
#6625 = DIRECTION ( 'NONE',  ( 1.000000000000000000, 0.000000000000000000, -0.000000000000000000 ) ) ;
#6626 = DIRECTION ( 'NONE',  ( 0.000000000000000000, -1.000000000000000000, 0.000000000000000000 ) ) ;
#6627 = CARTESIAN_POINT ( 'NONE',  ( -1.249999999999999778, 0.1499999999999999944, -1.249999999999999334 ) ) ;
#6628 =( GEOMETRIC_REPRESENTATION_CONTEXT ( 3 ) GLOBAL_UNCERTAINTY_ASSIGNED_CONTEXT ( ( #9802 ) ) GLOBAL_UNIT_ASSIGNED_CONTEXT ( ( #4178, #12204, #3196 ) ) REPRESENTATION_CONTEXT ( 'NONE', 'WORKASPACE' ) );
#6629 = CIRCLE ( 'NONE', #1352, 0.1499999999999998557 ) ;
#6630 =( GEOMETRIC_REPRESENTATION_CONTEXT ( 3 ) GLOBAL_UNCERTAINTY_ASSIGNED_CONTEXT ( ( #7573 ) ) GLOBAL_UNIT_ASSIGNED_CONTEXT ( ( #2476, #4466, #7499 ) ) REPRESENTATION_CONTEXT ( 'NONE', 'WORKASPACE' ) );
#6631 = FILL_AREA_STYLE_COLOUR ( '', #11188 ) ;
#6632 =( LENGTH_UNIT ( ) NAMED_UNIT ( * ) SI_UNIT ( .MILLI., .METRE. ) );
#6633 = CARTESIAN_POINT ( 'NONE',  ( -5.745000000000001883, 0.2700000000000000178, -6.000000000000000000 ) ) ;
#6634 = AXIS2_PLACEMENT_3D ( 'NONE', #6013, #5353, #6353 ) ;
#6635 = ADVANCED_FACE ( 'NONE', ( #7859 ), #1568, .T. ) ;
#6636 = VERTEX_POINT ( 'NONE', #4355 ) ;
#6637 = ORIENTED_EDGE ( 'NONE', *, *, #10242, .T. ) ;
#6638 = STYLED_ITEM ( 'NONE', ( #12132 ), #11312 ) ;
#6639 =( LENGTH_UNIT ( ) NAMED_UNIT ( * ) SI_UNIT ( .MILLI., .METRE. ) );
#6640 = SPHERICAL_SURFACE ( 'NONE', #2733, 0.1499999999999998557 ) ;
#6641 = ORIENTED_EDGE ( 'NONE', *, *, #4135, .F. ) ;
#6642 = DIRECTION ( 'NONE',  ( 0.000000000000000000, 0.000000000000000000, 1.000000000000000000 ) ) ;
#6643 = CARTESIAN_POINT ( 'NONE',  ( -2.250000000000000000, 0.2699999999999994071, -3.159999999999999254 ) ) ;
#6644 = AXIS2_PLACEMENT_3D ( 'NONE', #6282, #2207, #8207 ) ;
#6645 = AXIS2_PLACEMENT_3D ( 'NONE', #6071, #9071, #6982 ) ;
#6646 = FACE_OUTER_BOUND ( 'NONE', #12011, .T. ) ;
#6647 = CARTESIAN_POINT ( 'NONE',  ( -3.250000000000000000, 0.1499999999999999944, -1.749999999999999334 ) ) ;
#6648 = DIRECTION ( 'NONE',  ( 0.000000000000000000, 0.000000000000000000, 1.000000000000000000 ) ) ;
#6649 = EDGE_CURVE ( 'NONE', #7667, #4211, #12069, .T. ) ;
#6650 = FILL_AREA_STYLE ('',( #11561 ) ) ;
#6651 = DIRECTION ( 'NONE',  ( -0.000000000000000000, 1.000000000000000000, -0.000000000000000000 ) ) ;
#6652 = SURFACE_STYLE_FILL_AREA ( #1226 ) ;
#6653 = DIRECTION ( 'NONE',  ( -0.000000000000000000, 1.000000000000000000, 0.000000000000000000 ) ) ;
#6654 = CARTESIAN_POINT ( 'NONE',  ( -1.249999999999999778, 0.1499999999999999944, -1.249999999999999334 ) ) ;
#6655 = CARTESIAN_POINT ( 'NONE',  ( 1.250000000000000666, 0.2699999999999994071, -2.159999999999999254 ) ) ;
#6656 = VERTEX_POINT ( 'NONE', #12130 ) ;
#6657 = CARTESIAN_POINT ( 'NONE',  ( 1.250000000000000666, 0.1499999999999999944, -0.7499999999999993339 ) ) ;
#6658 = DIRECTION ( 'NONE',  ( 0.000000000000000000, 0.000000000000000000, -1.000000000000000000 ) ) ;
#6659 = AXIS2_PLACEMENT_3D ( 'NONE', #12623, #8806, #1500 ) ;
#6660 = CARTESIAN_POINT ( 'NONE',  ( 3.250000000000000888, 0.1499999999999999944, -3.249999999999999556 ) ) ;
#6661 = EDGE_LOOP ( 'NONE', ( #4240, #9106, #12027 ) ) ;
#6662 = EDGE_CURVE ( 'NONE', #7690, #12861, #3663, .T. ) ;
#6663 = CIRCLE ( 'NONE', #9140, 0.1499999999999999667 ) ;
#6664 = CARTESIAN_POINT ( 'NONE',  ( -2.750000000000000000, 0.1499999999999999944, 1.750000000000000666 ) ) ;
#6665 = MECHANICAL_DESIGN_GEOMETRIC_PRESENTATION_REPRESENTATION (  '', ( #6977 ), #3412 ) ;
#6666 = SURFACE_STYLE_USAGE ( .BOTH. , #4927 ) ;
#6667 = ORIENTED_EDGE ( 'NONE', *, *, #4519, .T. ) ;
#6668 = DIRECTION ( 'NONE',  ( 0.000000000000000000, -1.000000000000000000, 0.000000000000000000 ) ) ;
#6669 = PRESENTATION_STYLE_ASSIGNMENT (( #9316 ) ) ;
#6670 = ADVANCED_FACE ( 'NONE', ( #3705 ), #12101, .T. ) ;
#6671 = ADVANCED_FACE ( 'NONE', ( #7774 ), #3581, .T. ) ;
#6672 = FACE_OUTER_BOUND ( 'NONE', #239, .T. ) ;
#6673 = LINE ( 'NONE', #9764, #11010 ) ;
#6674 = AXIS2_PLACEMENT_3D ( 'NONE', #4117, #11121, #1957 ) ;
#6675 = PRESENTATION_LAYER_ASSIGNMENT (  '', '', ( #4814 ) ) ;
#6676 = EDGE_LOOP ( 'NONE', ( #4560, #602, #48 ) ) ;
#6677 = CARTESIAN_POINT ( 'NONE',  ( -2.750000000000000000, 0.2699999999999994071, 2.250000000000000888 ) ) ;
#6678 = ORIENTED_EDGE ( 'NONE', *, *, #8572, .T. ) ;
#6679 = DIRECTION ( 'NONE',  ( -1.000000000000000000, 0.000000000000000000, 0.000000000000000000 ) ) ;
#6680 = DIRECTION ( 'NONE',  ( 1.000000000000000000, 0.000000000000000000, -0.000000000000000000 ) ) ;
#6681 = AXIS2_PLACEMENT_3D ( 'NONE', #1821, #7752, #2974 ) ;
#6682 = CIRCLE ( 'NONE', #3547, 0.1499999999999999667 ) ;
#6683 = AXIS2_PLACEMENT_3D ( 'NONE', #2875, #10808, #11239 ) ;
#6684 = FILL_AREA_STYLE_COLOUR ( '', #3421 ) ;
#6685 = ORIENTED_EDGE ( 'NONE', *, *, #8487, .T. ) ;
#6686 = CARTESIAN_POINT ( 'NONE',  ( 0.2500000000000002220, 0.2699999999999994071, 1.160000000000001252 ) ) ;
#6687 = EDGE_CURVE ( 'NONE', #426, #6719, #12392, .T. ) ;
#6688 = DIRECTION ( 'NONE',  ( 0.000000000000000000, 0.000000000000000000, 1.000000000000000000 ) ) ;
#6689 = AXIS2_PLACEMENT_3D ( 'NONE', #3708, #1879, #8535 ) ;
#6690 = COLOUR_RGB ( '',0.7921568627450980005, 0.8196078431372548767, 0.9333333333333333481 ) ;
#6691 = FACE_OUTER_BOUND ( 'NONE', #12302, .T. ) ;
#6692 = DIRECTION ( 'NONE',  ( -0.000000000000000000, 1.000000000000000000, 0.000000000000000000 ) ) ;
#6693 = CARTESIAN_POINT ( 'NONE',  ( 2.750000000000000444, 0.1499999999999999944, -1.249999999999999334 ) ) ;
#6694 = PRESENTATION_STYLE_ASSIGNMENT (( #11119 ) ) ;
#6695 = CIRCLE ( 'NONE', #9554, 0.1499999999999999667 ) ;
#6696 = DIRECTION ( 'NONE',  ( 0.000000000000000000, 0.000000000000000000, 1.000000000000000000 ) ) ;
#6697 = DIRECTION ( 'NONE',  ( 0.000000000000000000, 0.000000000000000000, 1.000000000000000000 ) ) ;
#6698 = ORIENTED_EDGE ( 'NONE', *, *, #7330, .T. ) ;
#6699 = DIRECTION ( 'NONE',  ( 0.000000000000000000, 0.000000000000000000, 1.000000000000000000 ) ) ;
#6700 = CLOSED_SHELL ( 'NONE', ( #3365, #4534, #8758 ) ) ;
#6701 = AXIS2_PLACEMENT_3D ( 'NONE', #135, #12750, #11776 ) ;
#6702 = AXIS2_PLACEMENT_3D ( 'NONE', #2862, #7895, #8873 ) ;
#6703 =( NAMED_UNIT ( * ) PLANE_ANGLE_UNIT ( ) SI_UNIT ( $, .RADIAN. ) );
#6704 = ORIENTED_EDGE ( 'NONE', *, *, #11345, .T. ) ;
#6705 = DIRECTION ( 'NONE',  ( 0.000000000000000000, 0.000000000000000000, -1.000000000000000000 ) ) ;
#6706 = DIRECTION ( 'NONE',  ( 0.000000000000000000, 0.000000000000000000, 1.000000000000000000 ) ) ;
#6707 = CARTESIAN_POINT ( 'NONE',  ( 3.250000000000000888, 0.1499999999999999944, -2.749999999999999556 ) ) ;
#6708 = DIRECTION ( 'NONE',  ( 0.000000000000000000, 0.000000000000000000, 1.000000000000000000 ) ) ;
#6709 = SPHERICAL_SURFACE ( 'NONE', #2818, 0.1499999999999998557 ) ;
#6710 = AXIS2_PLACEMENT_3D ( 'NONE', #4227, #5764, #9413 ) ;
#6711 =( LENGTH_UNIT ( ) NAMED_UNIT ( * ) SI_UNIT ( .MILLI., .METRE. ) );
#6712 = EDGE_CURVE ( 'NONE', #3906, #7444, #8021, .T. ) ;
#6713 = CARTESIAN_POINT ( 'NONE',  ( 2.750000000000000444, 0.1499999999999999944, -3.249999999999999556 ) ) ;
#6714 = AXIS2_PLACEMENT_3D ( 'NONE', #2571, #634, #4584 ) ;
#6715 = LINE ( 'NONE', #6087, #6475 ) ;
#6716 = FILL_AREA_STYLE ('',( #8620 ) ) ;
#6717 = AXIS2_PLACEMENT_3D ( 'NONE', #5737, #3488, #1743 ) ;
#6718 = ORIENTED_EDGE ( 'NONE', *, *, #4164, .F. ) ;
#6719 = VERTEX_POINT ( 'NONE', #9624 ) ;
#6720 = AXIS2_PLACEMENT_3D ( 'NONE', #8782, #8865, #10616 ) ;
#6721 = DIRECTION ( 'NONE',  ( -0.000000000000000000, 1.000000000000000000, -0.000000000000000000 ) ) ;
#6722 = LINE ( 'NONE', #4316, #11041 ) ;
#6723 = LINE ( 'NONE', #12376, #2524 ) ;
#6724 = CARTESIAN_POINT ( 'NONE',  ( -1.749999999999999778, 0.1499999999999999944, 2.250000000000000444 ) ) ;
#6725 = CARTESIAN_POINT ( 'NONE',  ( -2.250000000000000000, 1.355252715606880543E-16, -2.249999999999999556 ) ) ;
#6726 = PRESENTATION_LAYER_ASSIGNMENT (  '', '', ( #7358 ) ) ;
#6727 = CARTESIAN_POINT ( 'NONE',  ( 2.250000000000000000, 0.2699999999999994071, 2.750000000000001332 ) ) ;
#6728 = AXIS2_PLACEMENT_3D ( 'NONE', #10460, #2453, #5464 ) ;
#6729 = AXIS2_PLACEMENT_3D ( 'NONE', #12552, #2880, #12799 ) ;
#6730 =( NAMED_UNIT ( * ) PLANE_ANGLE_UNIT ( ) SI_UNIT ( $, .RADIAN. ) );
#6731 = SURFACE_SIDE_STYLE ('',( #391 ) ) ;
#6732 = PLANE ( 'NONE',  #501 ) ;
#6733 = PLANE ( 'NONE',  #5950 ) ;
#6734 = CLOSED_SHELL ( 'NONE', ( #526, #12022, #8480 ) ) ;
#6735 =( LENGTH_UNIT ( ) NAMED_UNIT ( * ) SI_UNIT ( .MILLI., .METRE. ) );
#6736 = CARTESIAN_POINT ( 'NONE',  ( -1.249999999999999778, 1.355252715606880543E-16, -0.2499999999999993616 ) ) ;
#6737 = EDGE_LOOP ( 'NONE', ( #355, #1022, #9630 ) ) ;
#6738 = AXIS2_PLACEMENT_3D ( 'NONE', #7722, #11624, #4610 ) ;
#6739 = SPHERICAL_SURFACE ( 'NONE', #8660, 0.1499999999999998557 ) ;
#6740 =( NAMED_UNIT ( * ) PLANE_ANGLE_UNIT ( ) SI_UNIT ( $, .RADIAN. ) );
#6741 = DIRECTION ( 'NONE',  ( 0.000000000000000000, 0.000000000000000000, 1.000000000000000000 ) ) ;
#6742 = FACE_OUTER_BOUND ( 'NONE', #6737, .T. ) ;
#6743 = FACE_OUTER_BOUND ( 'NONE', #10539, .T. ) ;
#6744 = CARTESIAN_POINT ( 'NONE',  ( 0.000000000000000000, 0.4200000000000000400, 0.000000000000000000 ) ) ;
#6745 = CIRCLE ( 'NONE', #12181, 0.08999999999999980238 ) ;
#6746 = CIRCLE ( 'NONE', #93, 0.08999999999999980238 ) ;
#6747 = AXIS2_PLACEMENT_3D ( 'NONE', #9463, #2213, #12457 ) ;
#6748 = EDGE_CURVE ( 'NONE', #5204, #6041, #7903, .T. ) ;
#6749 = VERTEX_POINT ( 'NONE', #1642 ) ;
#6750 = UNCERTAINTY_MEASURE_WITH_UNIT (LENGTH_MEASURE( 1.000000000000000082E-05 ), #10253, 'distance_accuracy_value', 'NONE');
#6751 = AXIS2_PLACEMENT_3D ( 'NONE', #1967, #7133, #11992 ) ;
#6752 = VERTEX_POINT ( 'NONE', #4624 ) ;
#6753 = FACE_OUTER_BOUND ( 'NONE', #996, .T. ) ;
#6754 = CARTESIAN_POINT ( 'NONE',  ( 2.250000000000000000, 0.2699999999999994071, 0.7500000000000011102 ) ) ;
#6755 = AXIS2_PLACEMENT_3D ( 'NONE', #5616, #2429, #6611 ) ;
#6756 = SURFACE_STYLE_USAGE ( .BOTH. , #10764 ) ;
#6757 = CARTESIAN_POINT ( 'NONE',  ( 2.750000000000000444, 0.2699999999999994071, 1.840000000000000968 ) ) ;
#6758 = DIRECTION ( 'NONE',  ( 0.000000000000000000, 0.000000000000000000, 1.000000000000000000 ) ) ;
#6759 = FACE_OUTER_BOUND ( 'NONE', #9251, .T. ) ;
#6760 = SPHERICAL_SURFACE ( 'NONE', #11752, 0.1499999999999998557 ) ;
#6761 = DIRECTION ( 'NONE',  ( 0.000000000000000000, 0.000000000000000000, 1.000000000000000000 ) ) ;
#6762 = CARTESIAN_POINT ( 'NONE',  ( -0.7499999999999997780, 0.2699999999999994071, -2.749999999999999112 ) ) ;
#6763 = MANIFOLD_SOLID_BREP ( 'LPattern1[32]', #4066 ) ;
#6764 = DIRECTION ( 'NONE',  ( 0.000000000000000000, 0.000000000000000000, 1.000000000000000000 ) ) ;
#6765 = LINE ( 'NONE', #3307, #11200 ) ;
#6766 = ADVANCED_FACE ( 'NONE', ( #3768 ), #8092, .T. ) ;
#6767 = ADVANCED_FACE ( 'NONE', ( #12412 ), #4562, .T. ) ;
#6768 = CARTESIAN_POINT ( 'NONE',  ( 1.750000000000000222, 0.2699999999999994071, -3.339999999999999414 ) ) ;
#6769 = DIRECTION ( 'NONE',  ( 1.000000000000000000, 0.000000000000000000, 1.224646799147353207E-16 ) ) ;
#6770 = EDGE_CURVE ( 'NONE', #3357, #7475, #8134, .T. ) ;
#6771 = AXIS2_PLACEMENT_3D ( 'NONE', #8599, #3445, #5611 ) ;
#6772 = CLOSED_SHELL ( 'NONE', ( #3854, #12217, #5734 ) ) ;
#6773 = CARTESIAN_POINT ( 'NONE',  ( -2.750000000000000000, 0.2699999999999994071, 0.8400000000000010791 ) ) ;
#6774 = VERTEX_POINT ( 'NONE', #8651 ) ;
#6775 = MECHANICAL_DESIGN_GEOMETRIC_PRESENTATION_REPRESENTATION (  '', ( #600 ), #9278 ) ;
#6776 = ADVANCED_FACE ( 'NONE', ( #12429 ), #9568, .T. ) ;
#6777 = PLANE ( 'NONE',  #10719 ) ;
#6778 = ADVANCED_FACE ( 'NONE', ( #8159 ), #12473, .T. ) ;
#6779 = DIRECTION ( 'NONE',  ( 0.000000000000000000, 0.000000000000000000, 1.000000000000000000 ) ) ;
#6780 = CARTESIAN_POINT ( 'NONE',  ( 2.750000000000000444, 0.1499999999999999944, 1.750000000000000666 ) ) ;
#6781 = CARTESIAN_POINT ( 'NONE',  ( -3.250000000000000000, 1.355252715606880543E-16, 2.750000000000000888 ) ) ;
#6782 = AXIS2_PLACEMENT_3D ( 'NONE', #4543, #3389, #9465 ) ;
#6783 = DIRECTION ( 'NONE',  ( 0.000000000000000000, 0.000000000000000000, 1.000000000000000000 ) ) ;
#6784 = DIRECTION ( 'NONE',  ( -0.000000000000000000, 1.000000000000000000, -0.000000000000000000 ) ) ;
#6785 = CARTESIAN_POINT ( 'NONE',  ( 1.750000000000000222, 1.355252715606880543E-16, 3.250000000000001332 ) ) ;
#6786 = SURFACE_SIDE_STYLE ('',( #214 ) ) ;
#6787 = FACE_OUTER_BOUND ( 'NONE', #11053, .T. ) ;
#6788 = CIRCLE ( 'NONE', #2100, 0.1499999999999999667 ) ;
#6789 = PRESENTATION_LAYER_ASSIGNMENT (  '', '', ( #6011 ) ) ;
#6790 = ADVANCED_FACE ( 'NONE', ( #8263 ), #10661, .T. ) ;
#6791 = DIRECTION ( 'NONE',  ( -0.000000000000000000, 1.000000000000000000, 0.000000000000000000 ) ) ;
#6792 = EDGE_CURVE ( 'NONE', #6351, #4634, #8332, .T. ) ;
#6793 =( NAMED_UNIT ( * ) SI_UNIT ( $, .STERADIAN. ) SOLID_ANGLE_UNIT ( ) );
#6794 = SURFACE_STYLE_FILL_AREA ( #3763 ) ;
#6795 = ORIENTED_EDGE ( 'NONE', *, *, #10708, .F. ) ;
#6796 = VERTEX_POINT ( 'NONE', #11748 ) ;
#6797 = AXIS2_PLACEMENT_3D ( 'NONE', #12533, #8460, #10456 ) ;
#6798 = FACE_OUTER_BOUND ( 'NONE', #10696, .T. ) ;
#6799 = FILL_AREA_STYLE ('',( #2708 ) ) ;
#6800 = AXIS2_PLACEMENT_3D ( 'NONE', #12544, #7391, #7300 ) ;
#6801 = FACE_OUTER_BOUND ( 'NONE', #12495, .T. ) ;
#6802 = EDGE_CURVE ( 'NONE', #2923, #8752, #12512, .T. ) ;
#6803 = SURFACE_SIDE_STYLE ('',( #9117 ) ) ;
#6804 = AXIS2_PLACEMENT_3D ( 'NONE', #10684, #1772, #3679 ) ;
#6805 =( NAMED_UNIT ( * ) SI_UNIT ( $, .STERADIAN. ) SOLID_ANGLE_UNIT ( ) );
#6806 = CARTESIAN_POINT ( 'NONE',  ( 1.250000000000000666, 0.2699999999999994071, -2.339999999999999414 ) ) ;
#6807 = DIRECTION ( 'NONE',  ( 0.000000000000000000, 0.000000000000000000, 1.000000000000000000 ) ) ;
#6808 = CARTESIAN_POINT ( 'NONE',  ( -0.2499999999999997780, 1.355252715606880543E-16, 3.250000000000001332 ) ) ;
#6809 = ORIENTED_EDGE ( 'NONE', *, *, #12369, .T. ) ;
#6810 = DIRECTION ( 'NONE',  ( 0.000000000000000000, 0.000000000000000000, 1.000000000000000000 ) ) ;
#6811 = EDGE_CURVE ( 'NONE', #11820, #10147, #4291, .T. ) ;
#6812 = VERTEX_POINT ( 'NONE', #10746 ) ;
#6813 = DIRECTION ( 'NONE',  ( 1.000000000000000000, 0.000000000000000000, -0.000000000000000000 ) ) ;
#6814 = SURFACE_STYLE_USAGE ( .BOTH. , #9082 ) ;
#6815 = EDGE_LOOP ( 'NONE', ( #682, #8457 ) ) ;
#6816 = ADVANCED_FACE ( 'NONE', ( #4139 ), #1512, .T. ) ;
#6817 = CARTESIAN_POINT ( 'NONE',  ( -5.750000000000001776, -17.35655495770977907, 6.500000000000000000 ) ) ;
#6818 = DIRECTION ( 'NONE',  ( 0.000000000000000000, 0.000000000000000000, 1.000000000000000000 ) ) ;
#6819 = AXIS2_PLACEMENT_3D ( 'NONE', #9053, #4888, #11054 ) ;
#6820 = DIRECTION ( 'NONE',  ( 0.000000000000000000, -0.000000000000000000, -1.000000000000000000 ) ) ;
#6821 = FACE_OUTER_BOUND ( 'NONE', #5746, .T. ) ;
#6822 = PRESENTATION_STYLE_ASSIGNMENT (( #3778 ) ) ;
#6823 = CIRCLE ( 'NONE', #1929, 0.1499999999999998557 ) ;
#6824 = CIRCLE ( 'NONE', #6062, 0.1499999999999999667 ) ;
#6825 = VERTEX_POINT ( 'NONE', #3815 ) ;
#6826 = CARTESIAN_POINT ( 'NONE',  ( 3.250000000000000888, 0.2699999999999994071, -2.339999999999999414 ) ) ;
#6827 = EDGE_CURVE ( 'NONE', #8190, #10485, #8244, .T. ) ;
#6828 = VERTEX_POINT ( 'NONE', #615 ) ;
#6829 = SURFACE_SIDE_STYLE ('',( #813 ) ) ;
#6830 = VERTEX_POINT ( 'NONE', #7598 ) ;
#6831 =( LENGTH_UNIT ( ) NAMED_UNIT ( * ) SI_UNIT ( .MILLI., .METRE. ) );
#6832 = CARTESIAN_POINT ( 'NONE',  ( 2.250000000000000000, 0.1499999999999999944, -0.7499999999999993339 ) ) ;
#6833 = CARTESIAN_POINT ( 'NONE',  ( -1.749999999999999778, 0.2699999999999994071, 2.160000000000000586 ) ) ;
#6834 = SPHERICAL_SURFACE ( 'NONE', #11014, 0.1499999999999998557 ) ;
#6835 = FACE_OUTER_BOUND ( 'NONE', #12377, .T. ) ;
#6836 = CARTESIAN_POINT ( 'NONE',  ( -3.250000000000000000, 0.2699999999999994071, 0.2500000000000011102 ) ) ;
#6837 = SURFACE_STYLE_USAGE ( .BOTH. , #7784 ) ;
#6838 = DIRECTION ( 'NONE',  ( -0.000000000000000000, 1.000000000000000000, -0.000000000000000000 ) ) ;
#6839 = FILL_AREA_STYLE_COLOUR ( '', #12800 ) ;
#6840 = COLOUR_RGB ( '',0.7921568627450980005, 0.8196078431372548767, 0.9333333333333333481 ) ;
#6841 = AXIS2_PLACEMENT_3D ( 'NONE', #5037, #4950, #5117 ) ;
#6842 = AXIS2_PLACEMENT_3D ( 'NONE', #9537, #8615, #1800 ) ;
#6843 = FACE_OUTER_BOUND ( 'NONE', #3851, .T. ) ;
#6844 = SPHERICAL_SURFACE ( 'NONE', #4620, 0.1499999999999998557 ) ;
#6845 = ORIENTED_EDGE ( 'NONE', *, *, #472, .T. ) ;
#6846 = CARTESIAN_POINT ( 'NONE',  ( -3.250000000000000000, 0.1499999999999999944, 0.2500000000000006661 ) ) ;
#6847 =( GEOMETRIC_REPRESENTATION_CONTEXT ( 3 ) GLOBAL_UNCERTAINTY_ASSIGNED_CONTEXT ( ( #6455 ) ) GLOBAL_UNIT_ASSIGNED_CONTEXT ( ( #2947, #1073, #9799 ) ) REPRESENTATION_CONTEXT ( 'NONE', 'WORKASPACE' ) );
#6848 = COLOUR_RGB ( '',0.7921568627450980005, 0.8196078431372548767, 0.9333333333333333481 ) ;
#6849 = CLOSED_SHELL ( 'NONE', ( #6995, #4397, #9017 ) ) ;
#6850 = EDGE_CURVE ( 'NONE', #11706, #7970, #41, .T. ) ;
#6851 = CARTESIAN_POINT ( 'NONE',  ( 3.250000000000000888, 0.2699999999999994071, -2.839999999999999858 ) ) ;
#6852 = ORIENTED_EDGE ( 'NONE', *, *, #1991, .F. ) ;
#6853 = AXIS2_PLACEMENT_3D ( 'NONE', #4267, #10941, #3935 ) ;
#6854 = MANIFOLD_SOLID_BREP ( 'LPattern1[64]', #6772 ) ;
#6855 = EDGE_CURVE ( 'NONE', #6962, #3177, #4203, .T. ) ;
#6856 = SURFACE_SIDE_STYLE ('',( #351 ) ) ;
#6857 = SPHERICAL_SURFACE ( 'NONE', #1978, 0.1499999999999998557 ) ;
#6858 = DIRECTION ( 'NONE',  ( 0.000000000000000000, 0.000000000000000000, 1.000000000000000000 ) ) ;
#6859 = CARTESIAN_POINT ( 'NONE',  ( 2.750000000000000444, 0.2699999999999994071, -2.749999999999999112 ) ) ;
#6860 = CARTESIAN_POINT ( 'NONE',  ( 1.250000000000000666, 0.2699999999999994071, 0.7500000000000011102 ) ) ;
#6861 = DIRECTION ( 'NONE',  ( 0.000000000000000000, 0.000000000000000000, 1.000000000000000000 ) ) ;
#6862 =( GEOMETRIC_REPRESENTATION_CONTEXT ( 3 ) GLOBAL_UNCERTAINTY_ASSIGNED_CONTEXT ( ( #12646 ) ) GLOBAL_UNIT_ASSIGNED_CONTEXT ( ( #8317, #7398, #1343 ) ) REPRESENTATION_CONTEXT ( 'NONE', 'WORKASPACE' ) );
#6863 = DIRECTION ( 'NONE',  ( 0.000000000000000000, 0.000000000000000000, 1.000000000000000000 ) ) ;
#6864 = CARTESIAN_POINT ( 'NONE',  ( -3.250000000000000000, 0.2699999999999994071, 3.340000000000001190 ) ) ;
#6865 = SPHERICAL_SURFACE ( 'NONE', #3644, 0.1499999999999998557 ) ;
#6866 = CARTESIAN_POINT ( 'NONE',  ( -0.2499999999999997780, 0.1499999999999999944, -2.749999999999999556 ) ) ;
#6867 = DIRECTION ( 'NONE',  ( 1.000000000000000000, 0.000000000000000000, 1.224646799147353207E-16 ) ) ;
#6868 = ADVANCED_FACE ( 'NONE', ( #12558 ), #9087, .T. ) ;
#6869 = ORIENTED_EDGE ( 'NONE', *, *, #2045, .F. ) ;
#6870 = AXIS2_PLACEMENT_3D ( 'NONE', #10647, #6473, #3727 ) ;
#6871 = CARTESIAN_POINT ( 'NONE',  ( 2.750000000000000444, 0.1499999999999999944, 1.250000000000001110 ) ) ;
#6872 = CIRCLE ( 'NONE', #8280, 0.1499999999999999667 ) ;
#6873 = VERTEX_POINT ( 'NONE', #8184 ) ;
#6874 = VERTEX_POINT ( 'NONE', #12811 ) ;
#6875 = EDGE_CURVE ( 'NONE', #6535, #3784, #8610, .T. ) ;
#6876 = ADVANCED_FACE ( 'NONE', ( #8532 ), #12739, .T. ) ;
#6877 = AXIS2_PLACEMENT_3D ( 'NONE', #10511, #11521, #2271 ) ;
#6878 = ADVANCED_FACE ( 'NONE', ( #12827 ), #8554, .T. ) ;
#6879 = AXIS2_PLACEMENT_3D ( 'NONE', #11208, #5385, #11125 ) ;
#6880 = SURFACE_STYLE_USAGE ( .BOTH. , #2872 ) ;
#6881 = AXIS2_PLACEMENT_3D ( 'NONE', #10654, #3733, #5009 ) ;
#6882 = DIRECTION ( 'NONE',  ( 0.000000000000000000, 0.000000000000000000, 1.000000000000000000 ) ) ;
#6883 = SPHERICAL_SURFACE ( 'NONE', #4212, 0.1499999999999998557 ) ;
#6884 = VERTEX_POINT ( 'NONE', #11086 ) ;
#6885 = DIRECTION ( 'NONE',  ( -0.000000000000000000, 1.000000000000000000, -0.000000000000000000 ) ) ;
#6886 = CARTESIAN_POINT ( 'NONE',  ( 2.750000000000000444, 0.1499999999999999944, 2.250000000000000444 ) ) ;
#6887 = AXIS2_PLACEMENT_3D ( 'NONE', #8340, #6588, #2486 ) ;
#6888 = ADVANCED_FACE ( 'NONE', ( #4313 ), #4925, .T. ) ;
#6889 = FILL_AREA_STYLE_COLOUR ( '', #4594 ) ;
#6890 = ORIENTED_EDGE ( 'NONE', *, *, #3847, .F. ) ;
#6891 = CARTESIAN_POINT ( 'NONE',  ( 0.7500000000000002220, 0.1499999999999999944, -3.249999999999999556 ) ) ;
#6892 = SURFACE_STYLE_USAGE ( .BOTH. , #4916 ) ;
#6893 = VERTEX_POINT ( 'NONE', #2179 ) ;
#6894 = DIRECTION ( 'NONE',  ( 0.000000000000000000, 0.000000000000000000, 1.000000000000000000 ) ) ;
#6895 = CARTESIAN_POINT ( 'NONE',  ( 1.750000000000000222, 0.2699999999999994071, 3.160000000000001474 ) ) ;
#6896 = DIRECTION ( 'NONE',  ( 1.000000000000000000, 0.000000000000000000, -0.000000000000000000 ) ) ;
#6897 = DIRECTION ( 'NONE',  ( -0.000000000000000000, 1.000000000000000000, -0.000000000000000000 ) ) ;
#6898 = VERTEX_POINT ( 'NONE', #12019 ) ;
#6899 = SPHERICAL_SURFACE ( 'NONE', #2758, 0.1499999999999998557 ) ;
#6900 = CARTESIAN_POINT ( 'NONE',  ( -1.249999999999999778, 1.355252715606880543E-16, -0.7499999999999993339 ) ) ;
#6901 = EDGE_CURVE ( 'NONE', #7599, #881, #4243, .T. ) ;
#6902 =( NAMED_UNIT ( * ) PLANE_ANGLE_UNIT ( ) SI_UNIT ( $, .RADIAN. ) );
#6903 = CIRCLE ( 'NONE', #7385, 0.1499999999999998557 ) ;
#6904 = DIRECTION ( 'NONE',  ( -0.000000000000000000, 1.000000000000000000, 0.000000000000000000 ) ) ;
#6905 = UNCERTAINTY_MEASURE_WITH_UNIT (LENGTH_MEASURE( 1.000000000000000082E-05 ), #8778, 'distance_accuracy_value', 'NONE');
#6906 = ORIENTED_EDGE ( 'NONE', *, *, #7388, .T. ) ;
#6907 = AXIS2_PLACEMENT_3D ( 'NONE', #803, #11873, #968 ) ;
#6908 = CIRCLE ( 'NONE', #1178, 0.08999999999999980238 ) ;
#6909 = UNCERTAINTY_MEASURE_WITH_UNIT (LENGTH_MEASURE( 1.000000000000000082E-05 ), #6381, 'distance_accuracy_value', 'NONE');
#6910 = AXIS2_PLACEMENT_3D ( 'NONE', #1724, #11718, #12690 ) ;
#6911 = CIRCLE ( 'NONE', #9693, 0.08999999999999980238 ) ;
#6912 = COLOUR_RGB ( '',0.7921568627450980005, 0.8196078431372548767, 0.9333333333333333481 ) ;
#6913 = VERTEX_POINT ( 'NONE', #6171 ) ;
#6914 = AXIS2_PLACEMENT_3D ( 'NONE', #3276, #11093, #6093 ) ;
#6915 = DIRECTION ( 'NONE',  ( 0.000000000000000000, 0.000000000000000000, 1.000000000000000000 ) ) ;
#6916 = SURFACE_SIDE_STYLE ('',( #7214 ) ) ;
#6917 = ADVANCED_FACE ( 'NONE', ( #12536 ), #3934, .T. ) ;
#6918 = COLOUR_RGB ( '',0.7921568627450980005, 0.8196078431372548767, 0.9333333333333333481 ) ;
#6919 = VERTEX_POINT ( 'NONE', #1918 ) ;
#6920 = CARTESIAN_POINT ( 'NONE',  ( 1.750000000000000222, 0.1499999999999999944, 2.750000000000000888 ) ) ;
#6921 = EDGE_LOOP ( 'NONE', ( #9722, #11202, #5348 ) ) ;
#6922 = DIRECTION ( 'NONE',  ( -1.000000000000000000, 0.000000000000000000, 0.000000000000000000 ) ) ;
#6923 = AXIS2_PLACEMENT_3D ( 'NONE', #8876, #9895, #10626 ) ;
#6924 = ADVANCED_FACE ( 'NONE', ( #8470 ), #12761, .T. ) ;
#6925 = FACE_OUTER_BOUND ( 'NONE', #3359, .T. ) ;
#6926 = CARTESIAN_POINT ( 'NONE',  ( 3.250000000000000888, 0.2699999999999994071, -0.2499999999999989175 ) ) ;
#6927 =( NAMED_UNIT ( * ) PLANE_ANGLE_UNIT ( ) SI_UNIT ( $, .RADIAN. ) );
#6928 = SURFACE_STYLE_USAGE ( .BOTH. , #10590 ) ;
#6929 = EDGE_CURVE ( 'NONE', #10812, #8929, #4224, .T. ) ;
#6930 = CARTESIAN_POINT ( 'NONE',  ( -5.750000000000001776, 0.8000000000000000444, -6.500000000000000000 ) ) ;
#6931 = DIRECTION ( 'NONE',  ( 1.000000000000000000, 0.000000000000000000, -0.000000000000000000 ) ) ;
#6932 = DIRECTION ( 'NONE',  ( 1.000000000000000000, 0.000000000000000000, -0.000000000000000000 ) ) ;
#6933 = AXIS2_PLACEMENT_3D ( 'NONE', #5017, #9096, #3173 ) ;
#6934 = CIRCLE ( 'NONE', #5180, 0.08999999999999980238 ) ;
#6935 = VERTEX_POINT ( 'NONE', #10827 ) ;
#6936 = STYLED_ITEM ( 'NONE', ( #11726 ), #8546 ) ;
#6937 = EDGE_CURVE ( 'NONE', #9425, #8662, #8286, .T. ) ;
#6938 = SPHERICAL_SURFACE ( 'NONE', #5407, 0.1499999999999998557 ) ;
#6939 = AXIS2_PLACEMENT_3D ( 'NONE', #4622, #9541, #664 ) ;
#6940 = ORIENTED_EDGE ( 'NONE', *, *, #7485, .T. ) ;
#6941 = DIRECTION ( 'NONE',  ( 0.000000000000000000, 0.000000000000000000, 1.000000000000000000 ) ) ;
#6942 = SPHERICAL_SURFACE ( 'NONE', #12632, 0.1499999999999998557 ) ;
#6943 = AXIS2_PLACEMENT_3D ( 'NONE', #9633, #10545, #8391 ) ;
#6944 = VERTEX_POINT ( 'NONE', #6900 ) ;
#6945 = AXIS2_PLACEMENT_3D ( 'NONE', #5358, #10445, #8370 ) ;
#6946 = FILL_AREA_STYLE_COLOUR ( '', #11104 ) ;
#6947 = VERTEX_POINT ( 'NONE', #7930 ) ;
#6948 = EDGE_CURVE ( 'NONE', #6041, #5204, #12573, .T. ) ;
#6949 = PRESENTATION_STYLE_ASSIGNMENT (( #5887 ) ) ;
#6950 = AXIS2_PLACEMENT_3D ( 'NONE', #10005, #2273, #1388 ) ;
#6951 = DIRECTION ( 'NONE',  ( -1.000000000000000000, 0.000000000000000000, 0.000000000000000000 ) ) ;
#6952 = AXIS2_PLACEMENT_3D ( 'NONE', #4069, #856, #945 ) ;
#6953 = SURFACE_SIDE_STYLE ('',( #9682 ) ) ;
#6954 = CARTESIAN_POINT ( 'NONE',  ( 1.750000000000000222, 0.2699999999999994071, 3.250000000000001776 ) ) ;
#6955 = EDGE_CURVE ( 'NONE', #11269, #10904, #3967, .T. ) ;
#6956 = FACE_OUTER_BOUND ( 'NONE', #9036, .T. ) ;
#6957 = CARTESIAN_POINT ( 'NONE',  ( 2.250000000000000000, 0.1499999999999999944, 0.2500000000000006661 ) ) ;
#6958 =( LENGTH_UNIT ( ) NAMED_UNIT ( * ) SI_UNIT ( .MILLI., .METRE. ) );
#6959 = DIRECTION ( 'NONE',  ( 0.000000000000000000, 0.000000000000000000, 1.000000000000000000 ) ) ;
#6960 = CARTESIAN_POINT ( 'NONE',  ( 5.749999999999998224, -17.35655495770977907, -6.500000000000000000 ) ) ;
#6961 =( LENGTH_UNIT ( ) NAMED_UNIT ( * ) SI_UNIT ( .MILLI., .METRE. ) );
#6962 = VERTEX_POINT ( 'NONE', #2420 ) ;
#6963 =( LENGTH_UNIT ( ) NAMED_UNIT ( * ) SI_UNIT ( .MILLI., .METRE. ) );
#6964 = MANIFOLD_SOLID_BREP ( 'LPattern1[109]', #9881 ) ;
#6965 = SURFACE_SIDE_STYLE ('',( #558 ) ) ;
#6966 = AXIS2_PLACEMENT_3D ( 'NONE', #12194, #12360, #7186 ) ;
#6967 = SURFACE_STYLE_FILL_AREA ( #3097 ) ;
#6968 = FACE_OUTER_BOUND ( 'NONE', #5116, .T. ) ;
#6969 = EDGE_LOOP ( 'NONE', ( #7301, #11977 ) ) ;
#6970 = AXIS2_PLACEMENT_3D ( 'NONE', #1111, #12175, #8178 ) ;
#6971 = AXIS2_PLACEMENT_3D ( 'NONE', #8433, #9358, #10505 ) ;
#6972 = SURFACE_STYLE_FILL_AREA ( #10290 ) ;
#6973 = EDGE_LOOP ( 'NONE', ( #8408, #6238 ) ) ;
#6974 = COLOUR_RGB ( '',0.7921568627450980005, 0.8196078431372548767, 0.9333333333333333481 ) ;
#6975 = EDGE_CURVE ( 'NONE', #1807, #9166, #3992, .T. ) ;
#6976 = FACE_OUTER_BOUND ( 'NONE', #10986, .T. ) ;
#6977 = STYLED_ITEM ( 'NONE', ( #1870 ), #9947 ) ;
#6978 = SPHERICAL_SURFACE ( 'NONE', #10762, 0.1499999999999998557 ) ;
#6979 = VERTEX_POINT ( 'NONE', #8353 ) ;
#6980 = CARTESIAN_POINT ( 'NONE',  ( 2.750000000000000444, 0.1499999999999999944, -2.749999999999999556 ) ) ;
#6981 = SPHERICAL_SURFACE ( 'NONE', #5828, 0.1499999999999998557 ) ;
#6982 = DIRECTION ( 'NONE',  ( 0.000000000000000000, 0.000000000000000000, 1.000000000000000000 ) ) ;
#6983 = AXIS2_PLACEMENT_3D ( 'NONE', #1557, #7640, #7796 ) ;
#6984 = CARTESIAN_POINT ( 'NONE',  ( -5.250000000000001776, 0.2700000000000000178, -5.999999999999999112 ) ) ;
#6985 =( LENGTH_UNIT ( ) NAMED_UNIT ( * ) SI_UNIT ( .MILLI., .METRE. ) );
#6986 = FACE_BOUND ( 'NONE', #223, .T. ) ;
#6987 = DIRECTION ( 'NONE',  ( 0.000000000000000000, 0.000000000000000000, 1.000000000000000000 ) ) ;
#6988 = PRESENTATION_STYLE_ASSIGNMENT (( #1722 ) ) ;
#6989 = ORIENTED_EDGE ( 'NONE', *, *, #3410, .F. ) ;
#6990 = CARTESIAN_POINT ( 'NONE',  ( -1.749999999999999778, 0.2699999999999994071, 2.660000000000001030 ) ) ;
#6991 = CLOSED_SHELL ( 'NONE', ( #10258, #1425, #3896 ) ) ;
#6992 = DIRECTION ( 'NONE',  ( 0.000000000000000000, 0.000000000000000000, 1.000000000000000000 ) ) ;
#6993 = MECHANICAL_DESIGN_GEOMETRIC_PRESENTATION_REPRESENTATION (  '', ( #11844 ), #1112 ) ;
#6994 = FILL_AREA_STYLE ('',( #3165 ) ) ;
#6995 = ADVANCED_FACE ( 'NONE', ( #4038 ), #12615, .T. ) ;
#6996 = CARTESIAN_POINT ( 'NONE',  ( -1.749999999999999778, 0.1499999999999999944, -3.249999999999999556 ) ) ;
#6997 = AXIS2_PLACEMENT_3D ( 'NONE', #1103, #10992, #5739 ) ;
#6998 = ADVANCED_FACE ( 'NONE', ( #8372 ), #12652, .T. ) ;
#6999 =( LENGTH_UNIT ( ) NAMED_UNIT ( * ) SI_UNIT ( .MILLI., .METRE. ) );
#7000 = FACE_OUTER_BOUND ( 'NONE', #5673, .T. ) ;
#7001 = EDGE_CURVE ( 'NONE', #12292, #10966, #8394, .T. ) ;
#7002 = AXIS2_PLACEMENT_3D ( 'NONE', #5024, #1928, #6267 ) ;
#7003 = VERTEX_POINT ( 'NONE', #3682 ) ;
#7004 = CIRCLE ( 'NONE', #5669, 0.08999999999999980238 ) ;
#7005 = EDGE_CURVE ( 'NONE', #4542, #10451, #12672, .T. ) ;
#7006 = ADVANCED_FACE ( 'NONE', ( #4124 ), #4082, .T. ) ;
#7007 = AXIS2_PLACEMENT_3D ( 'NONE', #3038, #2233, #8061 ) ;
#7008 = CIRCLE ( 'NONE', #4700, 0.08999999999999980238 ) ;
#7009 = COLOUR_RGB ( '',0.7921568627450980005, 0.8196078431372548767, 0.9333333333333333481 ) ;
#7010 = CLOSED_SHELL ( 'NONE', ( #8744, #2215, #4183 ) ) ;
#7011 = VECTOR ( 'NONE', #49, 1000.000000000000000 ) ;
#7012 = VERTEX_POINT ( 'NONE', #4682 ) ;
#7013 = DIRECTION ( 'NONE',  ( 0.000000000000000000, 0.000000000000000000, 1.000000000000000000 ) ) ;
#7014 = DIRECTION ( 'NONE',  ( 0.000000000000000000, 0.000000000000000000, 1.000000000000000000 ) ) ;
#7015 = SPHERICAL_SURFACE ( 'NONE', #11463, 0.1499999999999998557 ) ;
#7016 = CARTESIAN_POINT ( 'NONE',  ( -3.250000000000000000, 0.2699999999999994071, 2.750000000000001332 ) ) ;
#7017 = AXIS2_PLACEMENT_3D ( 'NONE', #2288, #7192, #222 ) ;
#7018 = FILL_AREA_STYLE ('',( #4944 ) ) ;
#7019 = DIRECTION ( 'NONE',  ( -0.000000000000000000, 1.000000000000000000, -0.000000000000000000 ) ) ;
#7020 = SPHERICAL_SURFACE ( 'NONE', #6645, 0.1499999999999998557 ) ;
#7021 = SURFACE_SIDE_STYLE ('',( #12494 ) ) ;
#7022 = DIRECTION ( 'NONE',  ( -0.000000000000000000, 1.000000000000000000, -0.000000000000000000 ) ) ;
#7023 = CARTESIAN_POINT ( 'NONE',  ( -0.7499999999999997780, 0.1499999999999999944, -3.249999999999999556 ) ) ;
#7024 = CARTESIAN_POINT ( 'NONE',  ( 1.250000000000000666, 0.1499999999999999944, -0.7499999999999993339 ) ) ;
#7025 = FACE_OUTER_BOUND ( 'NONE', #4430, .T. ) ;
#7026 = VERTEX_POINT ( 'NONE', #5344 ) ;
#7027 = EDGE_CURVE ( 'NONE', #12055, #1318, #8414, .T. ) ;
#7028 = AXIS2_PLACEMENT_3D ( 'NONE', #8906, #11000, #12421 ) ;
#7029 = MECHANICAL_DESIGN_GEOMETRIC_PRESENTATION_REPRESENTATION (  '', ( #4386 ), #8292 ) ;
#7030 = ORIENTED_EDGE ( 'NONE', *, *, #9664, .T. ) ;
#7031 = CARTESIAN_POINT ( 'NONE',  ( -0.2499999999999997780, 1.355252715606880543E-16, -2.749999999999999556 ) ) ;
#7032 =( NAMED_UNIT ( * ) PLANE_ANGLE_UNIT ( ) SI_UNIT ( $, .RADIAN. ) );
#7033 = ADVANCED_FACE ( 'NONE', ( #12696 ), #8451, .T. ) ;
#7034 = LINE ( 'NONE', #12200, #11387 ) ;
#7035 = EDGE_LOOP ( 'NONE', ( #11924, #3283 ) ) ;
#7036 = CARTESIAN_POINT ( 'NONE',  ( -2.750000000000000000, 1.355252715606880543E-16, 1.250000000000001110 ) ) ;
#7037 = ADVANCED_FACE ( 'NONE', ( #62 ), #9091, .T. ) ;
#7038 = DIRECTION ( 'NONE',  ( -0.000000000000000000, 1.000000000000000000, -0.000000000000000000 ) ) ;
#7039 = CARTESIAN_POINT ( 'NONE',  ( -0.2499999999999997780, 0.2699999999999994071, 2.840000000000000746 ) ) ;
#7040 = FACE_OUTER_BOUND ( 'NONE', #6676, .T. ) ;
#7041 = AXIS2_PLACEMENT_3D ( 'NONE', #218, #578, #1219 ) ;
#7042 = DIRECTION ( 'NONE',  ( -0.000000000000000000, 1.000000000000000000, -0.000000000000000000 ) ) ;
#7043 = SURFACE_STYLE_USAGE ( .BOTH. , #6221 ) ;
#7044 = CARTESIAN_POINT ( 'NONE',  ( 2.250000000000000000, 0.2699999999999994071, -2.839999999999999858 ) ) ;
#7045 = CARTESIAN_POINT ( 'NONE',  ( -2.250000000000000000, 0.2699999999999994071, -2.659999999999999254 ) ) ;
#7046 = DIRECTION ( 'NONE',  ( 0.000000000000000000, 0.000000000000000000, 1.000000000000000000 ) ) ;
#7047 = SURFACE_SIDE_STYLE ('',( #7159 ) ) ;
#7048 = FACE_OUTER_BOUND ( 'NONE', #7482, .T. ) ;
#7049 = ORIENTED_EDGE ( 'NONE', *, *, #3819, .T. ) ;
#7050 = SURFACE_STYLE_FILL_AREA ( #8984 ) ;
#7051 = DIRECTION ( 'NONE',  ( 0.000000000000000000, 0.000000000000000000, 1.000000000000000000 ) ) ;
#7052 = DIRECTION ( 'NONE',  ( 0.000000000000000000, 0.000000000000000000, 1.000000000000000000 ) ) ;
#7053 = PRESENTATION_STYLE_ASSIGNMENT (( #11182 ) ) ;
#7054 = FACE_OUTER_BOUND ( 'NONE', #3962, .T. ) ;
#7055 = VERTEX_POINT ( 'NONE', #12343 ) ;
#7056 = PRESENTATION_LAYER_ASSIGNMENT (  '', '', ( #5511 ) ) ;
#7057 = DIRECTION ( 'NONE',  ( 0.000000000000000000, 0.000000000000000000, 1.000000000000000000 ) ) ;
#7058 = AXIS2_PLACEMENT_3D ( 'NONE', #5375, #6378, #12135 ) ;
#7059 = PRESENTATION_LAYER_ASSIGNMENT (  '', '', ( #8154 ) ) ;
#7060 = CIRCLE ( 'NONE', #11866, 0.1499999999999998557 ) ;
#7061 = ORIENTED_EDGE ( 'NONE', *, *, #4842, .F. ) ;
#7062 = AXIS2_PLACEMENT_3D ( 'NONE', #8640, #9400, #11392 ) ;
#7063 = MANIFOLD_SOLID_BREP ( 'LPattern1[110]', #7392 ) ;
#7064 =( NAMED_UNIT ( * ) SI_UNIT ( $, .STERADIAN. ) SOLID_ANGLE_UNIT ( ) );
#7065 = LINE ( 'NONE', #5924, #11334 ) ;
#7066 = ORIENTED_EDGE ( 'NONE', *, *, #708, .F. ) ;
#7067 = FACE_OUTER_BOUND ( 'NONE', #11670, .T. ) ;
#7068 = PLANE ( 'NONE',  #1543 ) ;
#7069 = SURFACE_SIDE_STYLE ('',( #2808 ) ) ;
#7070 = CARTESIAN_POINT ( 'NONE',  ( -2.750000000000000000, 0.2699999999999994071, -2.249999999999999112 ) ) ;
#7071 = FACE_OUTER_BOUND ( 'NONE', #2587, .T. ) ;
#7072 = DIRECTION ( 'NONE',  ( 0.000000000000000000, 0.000000000000000000, 1.000000000000000000 ) ) ;
#7073 = FACE_OUTER_BOUND ( 'NONE', #2008, .T. ) ;
#7074 = EDGE_LOOP ( 'NONE', ( #4652, #8851, #424 ) ) ;
#7075 = CARTESIAN_POINT ( 'NONE',  ( -0.2499999999999997780, 0.2699999999999994071, -1.249999999999998890 ) ) ;
#7076 = CARTESIAN_POINT ( 'NONE',  ( 2.250000000000000000, 1.355252715606880543E-16, 2.250000000000000444 ) ) ;
#7077 = AXIS2_PLACEMENT_3D ( 'NONE', #10663, #12642, #1625 ) ;
#7078 = EDGE_LOOP ( 'NONE', ( #1766, #1406 ) ) ;
#7079 = DIRECTION ( 'NONE',  ( -0.000000000000000000, 1.000000000000000000, -0.000000000000000000 ) ) ;
#7080 = UNCERTAINTY_MEASURE_WITH_UNIT (LENGTH_MEASURE( 1.000000000000000082E-05 ), #1303, 'distance_accuracy_value', 'NONE');
#7081 = STYLED_ITEM ( 'NONE', ( #9899 ), #589 ) ;
#7082 =( LENGTH_UNIT ( ) NAMED_UNIT ( * ) SI_UNIT ( .MILLI., .METRE. ) );
#7083 = UNCERTAINTY_MEASURE_WITH_UNIT (LENGTH_MEASURE( 1.000000000000000082E-05 ), #2440, 'distance_accuracy_value', 'NONE');
#7084 = CIRCLE ( 'NONE', #10338, 0.08999999999999980238 ) ;
#7085 = DIRECTION ( 'NONE',  ( 0.000000000000000000, 0.000000000000000000, 1.000000000000000000 ) ) ;
#7086 = SURFACE_STYLE_FILL_AREA ( #11875 ) ;
#7087 = EDGE_LOOP ( 'NONE', ( #5178, #240 ) ) ;
#7088 = CIRCLE ( 'NONE', #5877, 0.1499999999999999667 ) ;
#7089 = ORIENTED_EDGE ( 'NONE', *, *, #4717, .T. ) ;
#7090 = ADVANCED_FACE ( 'NONE', ( #8864 ), #8679, .T. ) ;
#7091 = DIRECTION ( 'NONE',  ( 0.000000000000000000, 0.000000000000000000, -1.000000000000000000 ) ) ;
#7092 = VERTEX_POINT ( 'NONE', #5129 ) ;
#7093 = DIRECTION ( 'NONE',  ( 0.000000000000000000, 0.000000000000000000, 1.000000000000000000 ) ) ;
#7094 = CARTESIAN_POINT ( 'NONE',  ( -0.7499999999999997780, 1.355252715606880543E-16, -2.749999999999999556 ) ) ;
#7095 = AXIS2_PLACEMENT_3D ( 'NONE', #3226, #6229, #7230 ) ;
#7096 = DIRECTION ( 'NONE',  ( 0.000000000000000000, 0.000000000000000000, 1.000000000000000000 ) ) ;
#7097 = EDGE_CURVE ( 'NONE', #8228, #10190, #8718, .T. ) ;
#7098 = ADVANCED_FACE ( 'NONE', ( #9046 ), #8936, .T. ) ;
#7099 = SURFACE_STYLE_FILL_AREA ( #3908 ) ;
#7100 = DIRECTION ( 'NONE',  ( 0.000000000000000000, 0.000000000000000000, 1.000000000000000000 ) ) ;
#7101 = PLANE ( 'NONE',  #4602 ) ;
#7102 = EDGE_CURVE ( 'NONE', #10014, #9773, #192, .T. ) ;
#7103 = DIRECTION ( 'NONE',  ( -1.000000000000000000, 0.000000000000000000, 0.000000000000000000 ) ) ;
#7104 =( LENGTH_UNIT ( ) NAMED_UNIT ( * ) SI_UNIT ( .MILLI., .METRE. ) );
#7105 =( GEOMETRIC_REPRESENTATION_CONTEXT ( 3 ) GLOBAL_UNCERTAINTY_ASSIGNED_CONTEXT ( ( #7250 ) ) GLOBAL_UNIT_ASSIGNED_CONTEXT ( ( #4, #12789, #3965 ) ) REPRESENTATION_CONTEXT ( 'NONE', 'WORKASPACE' ) );
#7106 = COLOUR_RGB ( '',0.7921568627450980005, 0.8196078431372548767, 0.9333333333333333481 ) ;
#7107 = ORIENTED_EDGE ( 'NONE', *, *, #4943, .T. ) ;
#7108 = CIRCLE ( 'NONE', #10478, 0.1499999999999998557 ) ;
#7109 = PRESENTATION_LAYER_ASSIGNMENT (  '', '', ( #1688 ) ) ;
#7110 = ADVANCED_FACE ( 'NONE', ( #486 ), #392, .T. ) ;
#7111 = EDGE_CURVE ( 'NONE', #752, #7549, #4461, .T. ) ;
#7112 = SPHERICAL_SURFACE ( 'NONE', #1680, 0.1499999999999998557 ) ;
#7113 = ORIENTED_EDGE ( 'NONE', *, *, #512, .T. ) ;
#7114 = AXIS2_PLACEMENT_3D ( 'NONE', #5837, #7836, #8907 ) ;
#7115 = DIRECTION ( 'NONE',  ( 1.000000000000000000, 0.000000000000000000, 1.224646799147353207E-16 ) ) ;
#7116 = CIRCLE ( 'NONE', #1300, 0.1499999999999999667 ) ;
#7117 = EDGE_CURVE ( 'NONE', #12527, #7658, #4572, .T. ) ;
#7118 = ORIENTED_EDGE ( 'NONE', *, *, #8365, .T. ) ;
#7119 = CARTESIAN_POINT ( 'NONE',  ( 3.250000000000000888, 1.355252715606880543E-16, 3.250000000000001332 ) ) ;
#7120 = DIRECTION ( 'NONE',  ( -0.000000000000000000, 1.000000000000000000, -0.000000000000000000 ) ) ;
#7121 = DIRECTION ( 'NONE',  ( -0.000000000000000000, 1.000000000000000000, -0.000000000000000000 ) ) ;
#7122 =( NAMED_UNIT ( * ) PLANE_ANGLE_UNIT ( ) SI_UNIT ( $, .RADIAN. ) );
#7123 = DIRECTION ( 'NONE',  ( -0.000000000000000000, 1.000000000000000000, -0.000000000000000000 ) ) ;
#7124 = STYLED_ITEM ( 'NONE', ( #8589 ), #6854 ) ;
#7125 = DIRECTION ( 'NONE',  ( 0.000000000000000000, 0.000000000000000000, 1.000000000000000000 ) ) ;
#7126 =( GEOMETRIC_REPRESENTATION_CONTEXT ( 3 ) GLOBAL_UNCERTAINTY_ASSIGNED_CONTEXT ( ( #8828 ) ) GLOBAL_UNIT_ASSIGNED_CONTEXT ( ( #11265, #730, #2510 ) ) REPRESENTATION_CONTEXT ( 'NONE', 'WORKASPACE' ) );
#7127 = CARTESIAN_POINT ( 'NONE',  ( 2.750000000000000444, 0.1499999999999999944, 2.750000000000000888 ) ) ;
#7128 = DIRECTION ( 'NONE',  ( 0.000000000000000000, 0.000000000000000000, 1.000000000000000000 ) ) ;
#7129 = EDGE_LOOP ( 'NONE', ( #1400, #11812 ) ) ;
#7130 = ADVANCED_FACE ( 'NONE', ( #4643 ), #2131, .T. ) ;
#7131 = SURFACE_STYLE_FILL_AREA ( #7965 ) ;
#7132 = SURFACE_SIDE_STYLE ('',( #12008 ) ) ;
#7133 = DIRECTION ( 'NONE',  ( -0.000000000000000000, 1.000000000000000000, -0.000000000000000000 ) ) ;
#7134 = AXIS2_PLACEMENT_3D ( 'NONE', #7252, #6160, #5416 ) ;
#7135 =( NAMED_UNIT ( * ) PLANE_ANGLE_UNIT ( ) SI_UNIT ( $, .RADIAN. ) );
#7136 = PRESENTATION_STYLE_ASSIGNMENT (( #274 ) ) ;
#7137 = ORIENTED_EDGE ( 'NONE', *, *, #3878, .F. ) ;
#7138 = CARTESIAN_POINT ( 'NONE',  ( 3.250000000000000888, 0.1499999999999999944, -1.749999999999999334 ) ) ;
#7139 = EDGE_CURVE ( 'NONE', #11370, #3926, #510, .T. ) ;
#7140 =( GEOMETRIC_REPRESENTATION_CONTEXT ( 3 ) GLOBAL_UNCERTAINTY_ASSIGNED_CONTEXT ( ( #7892 ) ) GLOBAL_UNIT_ASSIGNED_CONTEXT ( ( #5283, #220, #3191 ) ) REPRESENTATION_CONTEXT ( 'NONE', 'WORKASPACE' ) );
#7141 = CIRCLE ( 'NONE', #2198, 0.08999999999999980238 ) ;
#7142 = CLOSED_SHELL ( 'NONE', ( #1090, #9309, #10847 ) ) ;
#7143 =( NAMED_UNIT ( * ) PLANE_ANGLE_UNIT ( ) SI_UNIT ( $, .RADIAN. ) );
#7144 = ADVANCED_FACE ( 'NONE', ( #8741 ), #332, .T. ) ;
#7145 = FACE_OUTER_BOUND ( 'NONE', #10534, .T. ) ;
#7146 = AXIS2_PLACEMENT_3D ( 'NONE', #3943, #7798, #9788 ) ;
#7147 = EDGE_LOOP ( 'NONE', ( #4603, #8708, #4799 ) ) ;
#7148 = CARTESIAN_POINT ( 'NONE',  ( -2.250000000000000000, 0.2699999999999994071, -2.249999999999999112 ) ) ;
#7149 = FACE_OUTER_BOUND ( 'NONE', #1153, .T. ) ;
#7150 = CIRCLE ( 'NONE', #1644, 0.1499999999999999667 ) ;
#7151 = SURFACE_STYLE_FILL_AREA ( #4019 ) ;
#7152 = EDGE_LOOP ( 'NONE', ( #9254, #4891, #582 ) ) ;
#7153 = CIRCLE ( 'NONE', #9720, 0.08999999999999980238 ) ;
#7154 = AXIS2_PLACEMENT_3D ( 'NONE', #499, #3549, #1231 ) ;
#7155 = AXIS2_PLACEMENT_3D ( 'NONE', #10736, #12803, #21 ) ;
#7156 = FILL_AREA_STYLE ('',( #5245 ) ) ;
#7157 = FACE_OUTER_BOUND ( 'NONE', #169, .T. ) ;
#7158 = CARTESIAN_POINT ( 'NONE',  ( 2.750000000000000444, 0.2699999999999994071, 3.160000000000001474 ) ) ;
#7159 = SURFACE_STYLE_FILL_AREA ( #10965 ) ;
#7160 = ORIENTED_EDGE ( 'NONE', *, *, #6955, .F. ) ;
#7161 =( NAMED_UNIT ( * ) SI_UNIT ( $, .STERADIAN. ) SOLID_ANGLE_UNIT ( ) );
#7162 = MANIFOLD_SOLID_BREP ( 'LPattern1[139]', #10048 ) ;
#7163 = CARTESIAN_POINT ( 'NONE',  ( -3.250000000000000000, 0.2699999999999994071, 1.750000000000001110 ) ) ;
#7164 = VERTEX_POINT ( 'NONE', #12858 ) ;
#7165 = DIRECTION ( 'NONE',  ( 1.000000000000000000, 0.000000000000000000, -0.000000000000000000 ) ) ;
#7166 = DIRECTION ( 'NONE',  ( -0.000000000000000000, 1.000000000000000000, -0.000000000000000000 ) ) ;
#7167 = EDGE_CURVE ( 'NONE', #9773, #2281, #286, .T. ) ;
#7168 = CARTESIAN_POINT ( 'NONE',  ( 2.250000000000000000, 0.2699999999999994071, 0.6600000000000006972 ) ) ;
#7169 = AXIS2_PLACEMENT_3D ( 'NONE', #11080, #10430, #12014 ) ;
#7170 = AXIS2_PLACEMENT_3D ( 'NONE', #4848, #5594, #6587 ) ;
#7171 = EDGE_CURVE ( 'NONE', #2072, #254, #106, .T. ) ;
#7172 = EDGE_LOOP ( 'NONE', ( #5163, #9653, #1464 ) ) ;
#7173 = PRESENTATION_STYLE_ASSIGNMENT (( #1919 ) ) ;
#7174 = MECHANICAL_DESIGN_GEOMETRIC_PRESENTATION_REPRESENTATION (  '', ( #9522 ), #1887 ) ;
#7175 = DIRECTION ( 'NONE',  ( 0.000000000000000000, 0.000000000000000000, 1.000000000000000000 ) ) ;
#7176 = FACE_OUTER_BOUND ( 'NONE', #1323, .T. ) ;
#7177 = ORIENTED_EDGE ( 'NONE', *, *, #690, .F. ) ;
#7178 = COLOUR_RGB ( '',0.7921568627450980005, 0.8196078431372548767, 0.9333333333333333481 ) ;
#7179 = CLOSED_SHELL ( 'NONE', ( #4923, #9586, #9222 ) ) ;
#7180 = DIRECTION ( 'NONE',  ( 0.000000000000000000, 0.000000000000000000, 1.000000000000000000 ) ) ;
#7181 = AXIS2_PLACEMENT_3D ( 'NONE', #11648, #12625, #12711 ) ;
#7182 = DIRECTION ( 'NONE',  ( -0.000000000000000000, 1.000000000000000000, -0.000000000000000000 ) ) ;
#7183 =( NAMED_UNIT ( * ) SI_UNIT ( $, .STERADIAN. ) SOLID_ANGLE_UNIT ( ) );
#7184 = FACE_OUTER_BOUND ( 'NONE', #3095, .T. ) ;
#7185 = CLOSED_SHELL ( 'NONE', ( #10886, #5757, #6074 ) ) ;
#7186 = DIRECTION ( 'NONE',  ( 0.000000000000000000, 0.000000000000000000, 1.000000000000000000 ) ) ;
#7187 = EDGE_CURVE ( 'NONE', #2088, #5011, #261, .T. ) ;
#7188 = AXIS2_PLACEMENT_3D ( 'NONE', #10041, #12661, #1138 ) ;
#7189 = CARTESIAN_POINT ( 'NONE',  ( 2.750000000000000444, 0.1499999999999999944, -1.749999999999999334 ) ) ;
#7190 = CARTESIAN_POINT ( 'NONE',  ( -1.249999999999999778, 0.2699999999999994071, -0.8399999999999994138 ) ) ;
#7191 = VERTEX_POINT ( 'NONE', #1499 ) ;
#7192 = DIRECTION ( 'NONE',  ( -0.000000000000000000, 1.000000000000000000, 0.000000000000000000 ) ) ;
#7193 = SPHERICAL_SURFACE ( 'NONE', #5842, 0.1499999999999998557 ) ;
#7194 = CARTESIAN_POINT ( 'NONE',  ( 0.7500000000000002220, 0.2699999999999994071, -3.249999999999999112 ) ) ;
#7195 = CARTESIAN_POINT ( 'NONE',  ( -2.250000000000000000, 0.2699999999999994071, -3.249999999999999112 ) ) ;
#7196 = DIRECTION ( 'NONE',  ( 1.000000000000000000, 0.000000000000000000, 1.224646799147353207E-16 ) ) ;
#7197 = SURFACE_STYLE_USAGE ( .BOTH. , #1945 ) ;
#7198 = EDGE_LOOP ( 'NONE', ( #3548, #8725, #8269 ) ) ;
#7199 = LINE ( 'NONE', #7522, #11340 ) ;
#7200 = FACE_OUTER_BOUND ( 'NONE', #12667, .T. ) ;
#7201 = ORIENTED_EDGE ( 'NONE', *, *, #5272, .F. ) ;
#7202 = DIRECTION ( 'NONE',  ( -0.000000000000000000, 1.000000000000000000, 0.000000000000000000 ) ) ;
#7203 = ADVANCED_FACE ( 'NONE', ( #4377 ), #8781, .T. ) ;
#7204 = SPHERICAL_SURFACE ( 'NONE', #4348, 0.1499999999999998557 ) ;
#7205 = STYLED_ITEM ( 'NONE', ( #4368 ), #5856 ) ;
#7206 = VERTEX_POINT ( 'NONE', #8397 ) ;
#7207 = FILL_AREA_STYLE ('',( #10949 ) ) ;
#7208 = FACE_OUTER_BOUND ( 'NONE', #10731, .T. ) ;
#7209 = ADVANCED_FACE ( 'NONE', ( #8699 ), #4665, .F. ) ;
#7210 = CARTESIAN_POINT ( 'NONE',  ( -3.250000000000000000, 0.1499999999999999944, -0.7499999999999993339 ) ) ;
#7211 = ADVANCED_FACE ( 'NONE', ( #462 ), #369, .T. ) ;
#7212 = VERTEX_POINT ( 'NONE', #11381 ) ;
#7213 =( NAMED_UNIT ( * ) PLANE_ANGLE_UNIT ( ) SI_UNIT ( $, .RADIAN. ) );
#7214 = SURFACE_STYLE_FILL_AREA ( #2736 ) ;
#7215 = AXIS2_PLACEMENT_3D ( 'NONE', #22, #3071, #1016 ) ;
#7216 = DIRECTION ( 'NONE',  ( -0.000000000000000000, 1.000000000000000000, -0.000000000000000000 ) ) ;
#7217 =( GEOMETRIC_REPRESENTATION_CONTEXT ( 3 ) GLOBAL_UNCERTAINTY_ASSIGNED_CONTEXT ( ( #7574 ) ) GLOBAL_UNIT_ASSIGNED_CONTEXT ( ( #4564, #5586, #2729 ) ) REPRESENTATION_CONTEXT ( 'NONE', 'WORKASPACE' ) );
#7218 = CARTESIAN_POINT ( 'NONE',  ( -2.750000000000000000, 1.355252715606880543E-16, 2.750000000000000888 ) ) ;
#7219 = CARTESIAN_POINT ( 'NONE',  ( -0.7499999999999997780, 0.2699999999999994071, 1.340000000000001412 ) ) ;
#7220 = DIRECTION ( 'NONE',  ( -0.000000000000000000, 1.000000000000000000, -0.000000000000000000 ) ) ;
#7221 = CIRCLE ( 'NONE', #11220, 0.08999999999999980238 ) ;
#7222 = VERTEX_POINT ( 'NONE', #11555 ) ;
#7223 = MECHANICAL_DESIGN_GEOMETRIC_PRESENTATION_REPRESENTATION (  '', ( #12654 ), #1173 ) ;
#7224 = DIRECTION ( 'NONE',  ( -0.000000000000000000, 1.000000000000000000, -0.000000000000000000 ) ) ;
#7225 = ADVANCED_FACE ( 'NONE', ( #8978 ), #5559, .T. ) ;
#7226 = CARTESIAN_POINT ( 'NONE',  ( -1.249999999999999778, 0.2699999999999994071, 2.750000000000001332 ) ) ;
#7227 = ADVANCED_FACE ( 'NONE', ( #414 ), #4690, .T. ) ;
#7228 = SURFACE_STYLE_FILL_AREA ( #9367 ) ;
#7229 = ORIENTED_EDGE ( 'NONE', *, *, #12369, .F. ) ;
#7230 = DIRECTION ( 'NONE',  ( 0.000000000000000000, 0.000000000000000000, 1.000000000000000000 ) ) ;
#7231 = PRESENTATION_STYLE_ASSIGNMENT (( #9213 ) ) ;
#7232 = VERTEX_POINT ( 'NONE', #6386 ) ;
#7233 = DIRECTION ( 'NONE',  ( 0.000000000000000000, 0.000000000000000000, 1.000000000000000000 ) ) ;
#7234 = MANIFOLD_SOLID_BREP ( 'LPattern1[114]', #10897 ) ;
#7235 = CIRCLE ( 'NONE', #4843, 0.08999999999999980238 ) ;
#7236 = EDGE_LOOP ( 'NONE', ( #6678, #3464 ) ) ;
#7237 = SURFACE_STYLE_FILL_AREA ( #9579 ) ;
#7238 = PRESENTATION_STYLE_ASSIGNMENT (( #6666 ) ) ;
#7239 = EDGE_CURVE ( 'NONE', #9057, #5049, #5148, .T. ) ;
#7240 = AXIS2_PLACEMENT_3D ( 'NONE', #2673, #5700, #8273 ) ;
#7241 = PRESENTATION_STYLE_ASSIGNMENT (( #1817 ) ) ;
#7242 = ORIENTED_EDGE ( 'NONE', *, *, #11142, .T. ) ;
#7243 = PRESENTATION_LAYER_ASSIGNMENT (  '', '', ( #6936 ) ) ;
#7244 = ADVANCED_FACE ( 'NONE', ( #797 ), #10464, .T. ) ;
#7245 = CARTESIAN_POINT ( 'NONE',  ( -1.249999999999999778, 0.1499999999999999944, 0.7500000000000006661 ) ) ;
#7246 = EDGE_CURVE ( 'NONE', #10485, #8190, #5227, .T. ) ;
#7247 = UNCERTAINTY_MEASURE_WITH_UNIT (LENGTH_MEASURE( 1.000000000000000082E-05 ), #11590, 'distance_accuracy_value', 'NONE');
#7248 = CARTESIAN_POINT ( 'NONE',  ( -3.250000000000000000, 0.2699999999999994071, -2.839999999999999858 ) ) ;
#7249 = DIRECTION ( 'NONE',  ( 0.000000000000000000, 0.000000000000000000, -1.000000000000000000 ) ) ;
#7250 = UNCERTAINTY_MEASURE_WITH_UNIT (LENGTH_MEASURE( 1.000000000000000082E-05 ), #4, 'distance_accuracy_value', 'NONE');
#7251 = ORIENTED_EDGE ( 'NONE', *, *, #11930, .F. ) ;
#7252 = CARTESIAN_POINT ( 'NONE',  ( -2.250000000000000000, 0.1499999999999999944, -3.249999999999999556 ) ) ;
#7253 = PLANE ( 'NONE',  #3672 ) ;
#7254 = CIRCLE ( 'NONE', #9034, 0.08999999999999980238 ) ;
#7255 = SURFACE_SIDE_STYLE ('',( #12058 ) ) ;
#7256 = AXIS2_PLACEMENT_3D ( 'NONE', #9099, #2011, #1784 ) ;
#7257 = EDGE_LOOP ( 'NONE', ( #8813, #674 ) ) ;
#7258 = DIRECTION ( 'NONE',  ( 0.000000000000000000, 0.000000000000000000, -1.000000000000000000 ) ) ;
#7259 = ADVANCED_FACE ( 'NONE', ( #5083 ), #818, .T. ) ;
#7260 = EDGE_CURVE ( 'NONE', #10644, #10508, #5103, .T. ) ;
#7261 = SURFACE_STYLE_USAGE ( .BOTH. , #12017 ) ;
#7262 = DIRECTION ( 'NONE',  ( 1.000000000000000000, 0.000000000000000000, 1.224646799147353207E-16 ) ) ;
#7263 = CLOSED_SHELL ( 'NONE', ( #7209, #1314, #971, #7880, #11064, #7130, #11061, #5069, #1889 ) ) ;
#7264 = DIRECTION ( 'NONE',  ( 0.000000000000000000, 0.000000000000000000, 1.000000000000000000 ) ) ;
#7265 = EDGE_LOOP ( 'NONE', ( #1555, #9790 ) ) ;
#7266 = CIRCLE ( 'NONE', #6887, 0.1499999999999998557 ) ;
#7267 = MECHANICAL_DESIGN_GEOMETRIC_PRESENTATION_REPRESENTATION (  '', ( #11137 ), #11303 ) ;
#7268 = ORIENTED_EDGE ( 'NONE', *, *, #11930, .T. ) ;
#7269 = CARTESIAN_POINT ( 'NONE',  ( -3.250000000000000000, 0.2699999999999994071, 1.750000000000001110 ) ) ;
#7270 = EDGE_CURVE ( 'NONE', #8947, #9758, #4820, .T. ) ;
#7271 = CARTESIAN_POINT ( 'NONE',  ( 1.750000000000000222, 0.2699999999999994071, 2.250000000000000888 ) ) ;
#7272 = DIRECTION ( 'NONE',  ( -0.000000000000000000, 1.000000000000000000, 0.000000000000000000 ) ) ;
#7273 = ORIENTED_EDGE ( 'NONE', *, *, #7431, .T. ) ;
#7274 = DIRECTION ( 'NONE',  ( 1.000000000000000000, 0.000000000000000000, -0.000000000000000000 ) ) ;
#7275 =( NAMED_UNIT ( * ) SI_UNIT ( $, .STERADIAN. ) SOLID_ANGLE_UNIT ( ) );
#7276 = DIRECTION ( 'NONE',  ( 0.000000000000000000, 0.000000000000000000, 1.000000000000000000 ) ) ;
#7277 = AXIS2_PLACEMENT_3D ( 'NONE', #5775, #7705, #6758 ) ;
#7278 = AXIS2_PLACEMENT_3D ( 'NONE', #4579, #3331, #631 ) ;
#7279 = CARTESIAN_POINT ( 'NONE',  ( 0.000000000000000000, 0.4200000000000000400, 0.000000000000000000 ) ) ;
#7280 = EDGE_CURVE ( 'NONE', #8929, #7026, #9409, .T. ) ;
#7281 = CLOSED_SHELL ( 'NONE', ( #2101, #11925, #2257 ) ) ;
#7282 = DIRECTION ( 'NONE',  ( 0.000000000000000000, 0.000000000000000000, 1.000000000000000000 ) ) ;
#7283 = CIRCLE ( 'NONE', #3224, 0.1499999999999999667 ) ;
#7284 = PRESENTATION_LAYER_ASSIGNMENT (  '', '', ( #12126 ) ) ;
#7285 = CARTESIAN_POINT ( 'NONE',  ( -3.250000000000000000, 0.1499999999999999944, 3.250000000000001332 ) ) ;
#7286 = DIRECTION ( 'NONE',  ( 0.000000000000000000, 0.000000000000000000, 1.000000000000000000 ) ) ;
#7287 = DIRECTION ( 'NONE',  ( 0.000000000000000000, 0.000000000000000000, 1.000000000000000000 ) ) ;
#7288 = SURFACE_STYLE_FILL_AREA ( #1585 ) ;
#7289 = ORIENTED_EDGE ( 'NONE', *, *, #5058, .F. ) ;
#7290 = FACE_OUTER_BOUND ( 'NONE', #10148, .T. ) ;
#7291 = ORIENTED_EDGE ( 'NONE', *, *, #3612, .T. ) ;
#7292 = DIRECTION ( 'NONE',  ( 0.000000000000000000, 0.000000000000000000, 1.000000000000000000 ) ) ;
#7293 = DIRECTION ( 'NONE',  ( 0.000000000000000000, 0.000000000000000000, -1.000000000000000000 ) ) ;
#7294 = FACE_OUTER_BOUND ( 'NONE', #11940, .T. ) ;
#7295 = VERTEX_POINT ( 'NONE', #930 ) ;
#7296 = DIRECTION ( 'NONE',  ( 1.000000000000000000, 0.000000000000000000, -0.000000000000000000 ) ) ;
#7297 = PRESENTATION_LAYER_ASSIGNMENT (  '', '', ( #11985 ) ) ;
#7298 = AXIS2_PLACEMENT_3D ( 'NONE', #9369, #8608, #5357 ) ;
#7299 = VECTOR ( 'NONE', #8403, 1000.000000000000000 ) ;
#7300 = DIRECTION ( 'NONE',  ( 0.000000000000000000, 0.000000000000000000, -1.000000000000000000 ) ) ;
#7301 = ORIENTED_EDGE ( 'NONE', *, *, #10846, .T. ) ;
#7302 =( GEOMETRIC_REPRESENTATION_CONTEXT ( 3 ) GLOBAL_UNCERTAINTY_ASSIGNED_CONTEXT ( ( #1826 ) ) GLOBAL_UNIT_ASSIGNED_CONTEXT ( ( #4148, #9818, #7161 ) ) REPRESENTATION_CONTEXT ( 'NONE', 'WORKASPACE' ) );
#7303 = SURFACE_STYLE_USAGE ( .BOTH. , #2226 ) ;
#7304 = DIRECTION ( 'NONE',  ( 0.000000000000000000, 0.000000000000000000, 1.000000000000000000 ) ) ;
#7305 = CYLINDRICAL_SURFACE ( 'NONE', #10489, 0.4312500000000001887 ) ;
#7306 = EDGE_CURVE ( 'NONE', #3245, #8900, #9295, .T. ) ;
#7307 = DIRECTION ( 'NONE',  ( 0.000000000000000000, 0.000000000000000000, -1.000000000000000000 ) ) ;
#7308 = CARTESIAN_POINT ( 'NONE',  ( 1.250000000000000666, 0.2699999999999994071, -0.2499999999999989175 ) ) ;
#7309 = FILL_AREA_STYLE_COLOUR ( '', #2861 ) ;
#7310 = PLANE ( 'NONE',  #4047 ) ;
#7311 = ORIENTED_EDGE ( 'NONE', *, *, #3457, .F. ) ;
#7312 = SPHERICAL_SURFACE ( 'NONE', #10780, 0.1499999999999998557 ) ;
#7313 = DIRECTION ( 'NONE',  ( 0.000000000000000000, 0.000000000000000000, 1.000000000000000000 ) ) ;
#7314 = CARTESIAN_POINT ( 'NONE',  ( -2.750000000000000000, 0.2699999999999994071, -1.249999999999998890 ) ) ;
#7315 = CARTESIAN_POINT ( 'NONE',  ( -0.7499999999999997780, 0.2699999999999994071, -1.339999999999999192 ) ) ;
#7316 = ORIENTED_EDGE ( 'NONE', *, *, #7657, .F. ) ;
#7317 = PRESENTATION_STYLE_ASSIGNMENT (( #7809 ) ) ;
#7318 = EDGE_LOOP ( 'NONE', ( #3597, #7635, #7118 ) ) ;
#7319 = CARTESIAN_POINT ( 'NONE',  ( 1.750000000000000222, 1.355252715606880543E-16, 2.250000000000000444 ) ) ;
#7320 = CIRCLE ( 'NONE', #10453, 0.1499999999999999667 ) ;
#7321 = ADVANCED_FACE ( 'NONE', ( #838 ), #9144, .T. ) ;
#7322 = MANIFOLD_SOLID_BREP ( 'LPattern1[158]', #10436 ) ;
#7323 = AXIS2_PLACEMENT_3D ( 'NONE', #7474, #8383, #3375 ) ;
#7324 = ADVANCED_FACE ( 'NONE', ( #883 ), #9540, .T. ) ;
#7325 = EDGE_LOOP ( 'NONE', ( #8253, #2809, #1405 ) ) ;
#7326 = CIRCLE ( 'NONE', #10958, 0.1499999999999999667 ) ;
#7327 = ORIENTED_EDGE ( 'NONE', *, *, #5582, .T. ) ;
#7328 = FACE_OUTER_BOUND ( 'NONE', #4472, .T. ) ;
#7329 = VERTEX_POINT ( 'NONE', #7912 ) ;
#7330 = EDGE_CURVE ( 'NONE', #2815, #4053, #9193, .T. ) ;
#7331 = CIRCLE ( 'NONE', #5495, 0.08999999999999980238 ) ;
#7332 =( NAMED_UNIT ( * ) SI_UNIT ( $, .STERADIAN. ) SOLID_ANGLE_UNIT ( ) );
#7333 = MANIFOLD_SOLID_BREP ( 'LPattern1[55]', #8129 ) ;
#7334 = AXIS2_PLACEMENT_3D ( 'NONE', #12329, #4146, #8339 ) ;
#7335 = DIRECTION ( 'NONE',  ( 0.000000000000000000, 0.000000000000000000, 1.000000000000000000 ) ) ;
#7336 = DIRECTION ( 'NONE',  ( 0.000000000000000000, 0.000000000000000000, 1.000000000000000000 ) ) ;
#7337 = ORIENTED_EDGE ( 'NONE', *, *, #3195, .F. ) ;
#7338 = DIRECTION ( 'NONE',  ( 0.000000000000000000, 0.000000000000000000, 1.000000000000000000 ) ) ;
#7339 = DIRECTION ( 'NONE',  ( 0.000000000000000000, 0.000000000000000000, 1.000000000000000000 ) ) ;
#7340 = AXIS2_PLACEMENT_3D ( 'NONE', #7975, #9982, #3037 ) ;
#7341 = CARTESIAN_POINT ( 'NONE',  ( 0.2500000000000002220, 0.2699999999999994071, 1.250000000000001554 ) ) ;
#7342 = VERTEX_POINT ( 'NONE', #12246 ) ;
#7343 = CARTESIAN_POINT ( 'NONE',  ( 0.7500000000000002220, 0.1499999999999999944, -1.249999999999999334 ) ) ;
#7344 = CARTESIAN_POINT ( 'NONE',  ( 1.750000000000000222, 0.2699999999999994071, 2.160000000000000586 ) ) ;
#7345 = SPHERICAL_SURFACE ( 'NONE', #9665, 0.1499999999999998557 ) ;
#7346 =( NAMED_UNIT ( * ) PLANE_ANGLE_UNIT ( ) SI_UNIT ( $, .RADIAN. ) );
#7347 = ORIENTED_EDGE ( 'NONE', *, *, #2625, .F. ) ;
#7348 = AXIS2_PLACEMENT_3D ( 'NONE', #3033, #8224, #1250 ) ;
#7349 = ORIENTED_EDGE ( 'NONE', *, *, #10824, .F. ) ;
#7350 =( LENGTH_UNIT ( ) NAMED_UNIT ( * ) SI_UNIT ( .MILLI., .METRE. ) );
#7351 = CARTESIAN_POINT ( 'NONE',  ( -1.249999999999999778, 0.2699999999999994071, 0.2500000000000011102 ) ) ;
#7352 = ORIENTED_EDGE ( 'NONE', *, *, #3632, .F. ) ;
#7353 = ADVANCED_FACE ( 'NONE', ( #5205 ), #10260, .T. ) ;
#7354 = CIRCLE ( 'NONE', #7396, 0.08999999999999980238 ) ;
#7355 = EDGE_CURVE ( 'NONE', #7232, #11881, #598, .T. ) ;
#7356 = ORIENTED_EDGE ( 'NONE', *, *, #3404, .F. ) ;
#7357 = DIRECTION ( 'NONE',  ( 0.000000000000000000, 0.000000000000000000, 1.000000000000000000 ) ) ;
#7358 = STYLED_ITEM ( 'NONE', ( #2081 ), #12366 ) ;
#7359 = STYLED_ITEM ( 'NONE', ( #8251 ), #5382 ) ;
#7360 = DIRECTION ( 'NONE',  ( 0.000000000000000000, 0.000000000000000000, -1.000000000000000000 ) ) ;
#7361 = VECTOR ( 'NONE', #7224, 1000.000000000000000 ) ;
#7362 = EDGE_LOOP ( 'NONE', ( #12208, #3607, #8999 ) ) ;
#7363 =( NAMED_UNIT ( * ) PLANE_ANGLE_UNIT ( ) SI_UNIT ( $, .RADIAN. ) );
#7364 = PRESENTATION_LAYER_ASSIGNMENT (  '', '', ( #2511 ) ) ;
#7365 =( NAMED_UNIT ( * ) PLANE_ANGLE_UNIT ( ) SI_UNIT ( $, .RADIAN. ) );
#7366 = PRESENTATION_STYLE_ASSIGNMENT (( #4323 ) ) ;
#7367 = CARTESIAN_POINT ( 'NONE',  ( -0.2499999999999997780, 0.1499999999999999944, 2.250000000000000444 ) ) ;
#7368 = MECHANICAL_DESIGN_GEOMETRIC_PRESENTATION_REPRESENTATION (  '', ( #9253 ), #6862 ) ;
#7369 =( NAMED_UNIT ( * ) SI_UNIT ( $, .STERADIAN. ) SOLID_ANGLE_UNIT ( ) );
#7370 = DIRECTION ( 'NONE',  ( 0.000000000000000000, -0.000000000000000000, -1.000000000000000000 ) ) ;
#7371 = EDGE_LOOP ( 'NONE', ( #2389, #10818, #10749 ) ) ;
#7372 = DIRECTION ( 'NONE',  ( -1.000000000000000000, 0.000000000000000000, 0.000000000000000000 ) ) ;
#7373 = SPHERICAL_SURFACE ( 'NONE', #7077, 0.1499999999999998557 ) ;
#7374 = CARTESIAN_POINT ( 'NONE',  ( -3.250000000000000000, 0.2699999999999994071, 1.340000000000001412 ) ) ;
#7375 = VERTEX_POINT ( 'NONE', #9262 ) ;
#7376 = DIRECTION ( 'NONE',  ( 0.000000000000000000, 0.000000000000000000, 1.000000000000000000 ) ) ;
#7377 = DIRECTION ( 'NONE',  ( 0.000000000000000000, 0.000000000000000000, 1.000000000000000000 ) ) ;
#7378 = SPHERICAL_SURFACE ( 'NONE', #6841, 0.1499999999999998557 ) ;
#7379 = ORIENTED_EDGE ( 'NONE', *, *, #10249, .F. ) ;
#7380 = SPHERICAL_SURFACE ( 'NONE', #10176, 0.1499999999999998557 ) ;
#7381 = ORIENTED_EDGE ( 'NONE', *, *, #10816, .T. ) ;
#7382 = FILL_AREA_STYLE_COLOUR ( '', #2256 ) ;
#7383 = PRESENTATION_STYLE_ASSIGNMENT (( #8960 ) ) ;
#7384 = AXIS2_PLACEMENT_3D ( 'NONE', #12172, #6813, #9832 ) ;
#7385 = AXIS2_PLACEMENT_3D ( 'NONE', #2452, #5551, #3470 ) ;
#7386 = VERTEX_POINT ( 'NONE', #7742 ) ;
#7387 = CARTESIAN_POINT ( 'NONE',  ( 0.2500000000000002220, 0.2699999999999994071, -2.249999999999999112 ) ) ;
#7388 = EDGE_CURVE ( 'NONE', #4393, #1881, #536, .T. ) ;
#7389 =( GEOMETRIC_REPRESENTATION_CONTEXT ( 3 ) GLOBAL_UNCERTAINTY_ASSIGNED_CONTEXT ( ( #8046 ) ) GLOBAL_UNIT_ASSIGNED_CONTEXT ( ( #5393, #11567, #12227 ) ) REPRESENTATION_CONTEXT ( 'NONE', 'WORKASPACE' ) );
#7390 = CIRCLE ( 'NONE', #10915, 0.08999999999999980238 ) ;
#7391 = DIRECTION ( 'NONE',  ( 1.000000000000000000, 0.000000000000000000, 1.224646799147353207E-16 ) ) ;
#7392 = CLOSED_SHELL ( 'NONE', ( #2037, #5974, #4926 ) ) ;
#7393 = DIRECTION ( 'NONE',  ( 0.000000000000000000, 0.000000000000000000, 1.000000000000000000 ) ) ;
#7394 = FACE_OUTER_BOUND ( 'NONE', #4656, .T. ) ;
#7395 = DIRECTION ( 'NONE',  ( 1.000000000000000000, 0.000000000000000000, -0.000000000000000000 ) ) ;
#7396 = AXIS2_PLACEMENT_3D ( 'NONE', #5992, #102, #7072 ) ;
#7397 =( NAMED_UNIT ( * ) PLANE_ANGLE_UNIT ( ) SI_UNIT ( $, .RADIAN. ) );
#7398 =( NAMED_UNIT ( * ) PLANE_ANGLE_UNIT ( ) SI_UNIT ( $, .RADIAN. ) );
#7399 = VERTEX_POINT ( 'NONE', #3801 ) ;
#7400 = DIRECTION ( 'NONE',  ( -0.000000000000000000, 1.000000000000000000, -0.000000000000000000 ) ) ;
#7401 = DIRECTION ( 'NONE',  ( 0.000000000000000000, -0.000000000000000000, 1.000000000000000000 ) ) ;
#7402 = UNCERTAINTY_MEASURE_WITH_UNIT (LENGTH_MEASURE( 1.000000000000000082E-05 ), #7729, 'distance_accuracy_value', 'NONE');
#7403 = EDGE_LOOP ( 'NONE', ( #2853, #11480, #6501, #10943 ) ) ;
#7404 = PRESENTATION_STYLE_ASSIGNMENT (( #12331 ) ) ;
#7405 = DIRECTION ( 'NONE',  ( 0.000000000000000000, 1.000000000000000000, 0.000000000000000000 ) ) ;
#7406 =( NAMED_UNIT ( * ) PLANE_ANGLE_UNIT ( ) SI_UNIT ( $, .RADIAN. ) );
#7407 = DIRECTION ( 'NONE',  ( 1.000000000000000000, 0.000000000000000000, 1.224646799147353207E-16 ) ) ;
#7408 = VERTEX_POINT ( 'NONE', #5903 ) ;
#7409 = CIRCLE ( 'NONE', #6072, 0.1499999999999999667 ) ;
#7410 = EDGE_LOOP ( 'NONE', ( #478, #11601 ) ) ;
#7411 = CIRCLE ( 'NONE', #2976, 0.1499999999999999667 ) ;
#7412 = EDGE_CURVE ( 'NONE', #6947, #2139, #5044, .T. ) ;
#7413 = DIRECTION ( 'NONE',  ( 0.000000000000000000, 0.000000000000000000, -1.000000000000000000 ) ) ;
#7414 = AXIS2_PLACEMENT_3D ( 'NONE', #6846, #10694, #12757 ) ;
#7415 = AXIS2_PLACEMENT_3D ( 'NONE', #3356, #7547, #8445 ) ;
#7416 = CIRCLE ( 'NONE', #9069, 0.1499999999999998557 ) ;
#7417 = UNCERTAINTY_MEASURE_WITH_UNIT (LENGTH_MEASURE( 1.000000000000000082E-05 ), #12603, 'distance_accuracy_value', 'NONE');
#7418 = MECHANICAL_DESIGN_GEOMETRIC_PRESENTATION_REPRESENTATION (  '', ( #10518 ), #445 ) ;
#7419 = EDGE_LOOP ( 'NONE', ( #4371, #11862, #8859 ) ) ;
#7420 = CIRCLE ( 'NONE', #7906, 0.1499999999999999667 ) ;
#7421 = ORIENTED_EDGE ( 'NONE', *, *, #10024, .F. ) ;
#7422 = PRESENTATION_LAYER_ASSIGNMENT (  '', '', ( #8208 ) ) ;
#7423 = CLOSED_SHELL ( 'NONE', ( #5345, #12109, #9697 ) ) ;
#7424 =( NAMED_UNIT ( * ) PLANE_ANGLE_UNIT ( ) SI_UNIT ( $, .RADIAN. ) );
#7425 = DIRECTION ( 'NONE',  ( 1.000000000000000000, 0.000000000000000000, -0.000000000000000000 ) ) ;
#7426 = CARTESIAN_POINT ( 'NONE',  ( -3.250000000000000000, 0.2699999999999994071, -1.839999999999999192 ) ) ;
#7427 = ORIENTED_EDGE ( 'NONE', *, *, #342, .T. ) ;
#7428 = DIRECTION ( 'NONE',  ( 0.000000000000000000, 0.000000000000000000, 1.000000000000000000 ) ) ;
#7429 = AXIS2_PLACEMENT_3D ( 'NONE', #24, #4734, #12016 ) ;
#7430 = SPHERICAL_SURFACE ( 'NONE', #1741, 0.1499999999999998557 ) ;
#7431 = EDGE_CURVE ( 'NONE', #8484, #2044, #9515, .T. ) ;
#7432 = DIRECTION ( 'NONE',  ( 0.000000000000000000, 0.000000000000000000, 1.000000000000000000 ) ) ;
#7433 = ORIENTED_EDGE ( 'NONE', *, *, #11251, .F. ) ;
#7434 = FACE_OUTER_BOUND ( 'NONE', #4010, .T. ) ;
#7435 = DIRECTION ( 'NONE',  ( 0.000000000000000000, 0.000000000000000000, 1.000000000000000000 ) ) ;
#7436 = CARTESIAN_POINT ( 'NONE',  ( 0.2500000000000002220, 0.2699999999999994071, -2.839999999999999858 ) ) ;
#7437 = MANIFOLD_SOLID_BREP ( 'LPattern1[191]', #449 ) ;
#7438 = SURFACE_SIDE_STYLE ('',( #12823 ) ) ;
#7439 = MECHANICAL_DESIGN_GEOMETRIC_PRESENTATION_REPRESENTATION (  '', ( #5099 ), #2146 ) ;
#7440 = AXIS2_PLACEMENT_3D ( 'NONE', #2074, #4225, #10255 ) ;
#7441 = DIRECTION ( 'NONE',  ( 0.000000000000000000, 0.000000000000000000, 1.000000000000000000 ) ) ;
#7442 = ORIENTED_EDGE ( 'NONE', *, *, #6495, .F. ) ;
#7443 = AXIS2_PLACEMENT_3D ( 'NONE', #5580, #9737, #7683 ) ;
#7444 = VERTEX_POINT ( 'NONE', #1530 ) ;
#7445 = MECHANICAL_DESIGN_GEOMETRIC_PRESENTATION_REPRESENTATION (  '', ( #5569 ), #928 ) ;
#7446 = DIRECTION ( 'NONE',  ( -0.000000000000000000, 1.000000000000000000, 0.000000000000000000 ) ) ;
#7447 = CARTESIAN_POINT ( 'NONE',  ( -1.249999999999999778, 0.2699999999999994071, -3.339999999999999414 ) ) ;
#7448 = ORIENTED_EDGE ( 'NONE', *, *, #2886, .F. ) ;
#7449 = EDGE_CURVE ( 'NONE', #3926, #11370, #980, .T. ) ;
#7450 = ADVANCED_FACE ( 'NONE', ( #1379 ), #5668, .T. ) ;
#7451 = AXIS2_PLACEMENT_3D ( 'NONE', #3753, #10034, #11022 ) ;
#7452 = ORIENTED_EDGE ( 'NONE', *, *, #9459, .F. ) ;
#7453 = FILL_AREA_STYLE ('',( #7637 ) ) ;
#7454 = CARTESIAN_POINT ( 'NONE',  ( 3.250000000000000888, 0.2699999999999994071, 1.840000000000000968 ) ) ;
#7455 = AXIS2_PLACEMENT_3D ( 'NONE', #8872, #7648, #3624 ) ;
#7456 = SURFACE_STYLE_FILL_AREA ( #7469 ) ;
#7457 = DIRECTION ( 'NONE',  ( 0.000000000000000000, 0.000000000000000000, 1.000000000000000000 ) ) ;
#7458 = AXIS2_PLACEMENT_3D ( 'NONE', #4142, #10810, #11733 ) ;
#7459 = EDGE_LOOP ( 'NONE', ( #12479, #8549 ) ) ;
#7460 = FACE_OUTER_BOUND ( 'NONE', #8523, .T. ) ;
#7461 = CARTESIAN_POINT ( 'NONE',  ( 0.7500000000000002220, 0.1499999999999999944, -2.249999999999999556 ) ) ;
#7462 =( LENGTH_UNIT ( ) NAMED_UNIT ( * ) SI_UNIT ( .MILLI., .METRE. ) );
#7463 = CARTESIAN_POINT ( 'NONE',  ( 2.750000000000000444, 0.1499999999999999944, 0.2500000000000006661 ) ) ;
#7464 = FACE_OUTER_BOUND ( 'NONE', #3798, .T. ) ;
#7465 =( NAMED_UNIT ( * ) SI_UNIT ( $, .STERADIAN. ) SOLID_ANGLE_UNIT ( ) );
#7466 = FILL_AREA_STYLE_COLOUR ( '', #9389 ) ;
#7467 = DIRECTION ( 'NONE',  ( 0.000000000000000000, 0.000000000000000000, 1.000000000000000000 ) ) ;
#7468 = ORIENTED_EDGE ( 'NONE', *, *, #1852, .T. ) ;
#7469 = FILL_AREA_STYLE ('',( #829 ) ) ;
#7470 = SPHERICAL_SURFACE ( 'NONE', #5076, 0.1499999999999998557 ) ;
#7471 = CIRCLE ( 'NONE', #1000, 0.1499999999999999667 ) ;
#7472 = DIRECTION ( 'NONE',  ( -0.000000000000000000, 1.000000000000000000, -0.000000000000000000 ) ) ;
#7473 = ORIENTED_EDGE ( 'NONE', *, *, #1547, .T. ) ;
#7474 = CARTESIAN_POINT ( 'NONE',  ( -2.750000000000000000, 0.1499999999999999944, -0.7499999999999993339 ) ) ;
#7475 = VERTEX_POINT ( 'NONE', #2409 ) ;
#7476 = ADVANCED_FACE ( 'NONE', ( #1177 ), #5250, .T. ) ;
#7477 = AXIS2_PLACEMENT_3D ( 'NONE', #10372, #7103, #5368 ) ;
#7478 = AXIS2_PLACEMENT_3D ( 'NONE', #916, #2236, #5971 ) ;
#7479 = ORIENTED_EDGE ( 'NONE', *, *, #10222, .F. ) ;
#7480 = CARTESIAN_POINT ( 'NONE',  ( -1.749999999999999778, 0.2699999999999994071, -2.159999999999999254 ) ) ;
#7481 = SPHERICAL_SURFACE ( 'NONE', #11195, 0.1499999999999998557 ) ;
#7482 = EDGE_LOOP ( 'NONE', ( #4758, #5507, #1042 ) ) ;
#7483 = FACE_OUTER_BOUND ( 'NONE', #3781, .T. ) ;
#7484 =( NAMED_UNIT ( * ) SI_UNIT ( $, .STERADIAN. ) SOLID_ANGLE_UNIT ( ) );
#7485 = EDGE_CURVE ( 'NONE', #10576, #12541, #9641, .T. ) ;
#7486 = SURFACE_SIDE_STYLE ('',( #4438 ) ) ;
#7487 = VERTEX_POINT ( 'NONE', #6590 ) ;
#7488 = DIRECTION ( 'NONE',  ( 0.000000000000000000, 0.000000000000000000, 1.000000000000000000 ) ) ;
#7489 = PRESENTATION_STYLE_ASSIGNMENT (( #3826 ) ) ;
#7490 = CARTESIAN_POINT ( 'NONE',  ( 0.2500000000000002220, 0.1499999999999999944, 2.750000000000000888 ) ) ;
#7491 = SURFACE_STYLE_FILL_AREA ( #4504 ) ;
#7492 = FILL_AREA_STYLE_COLOUR ( '', #3909 ) ;
#7493 = DIRECTION ( 'NONE',  ( 0.000000000000000000, 0.000000000000000000, 1.000000000000000000 ) ) ;
#7494 = ORIENTED_EDGE ( 'NONE', *, *, #2585, .F. ) ;
#7495 = DIRECTION ( 'NONE',  ( 0.000000000000000000, 0.000000000000000000, 1.000000000000000000 ) ) ;
#7496 = VERTEX_POINT ( 'NONE', #10495 ) ;
#7497 = FACE_OUTER_BOUND ( 'NONE', #5899, .T. ) ;
#7498 = DIRECTION ( 'NONE',  ( 0.000000000000000000, 0.000000000000000000, -1.000000000000000000 ) ) ;
#7499 =( NAMED_UNIT ( * ) SI_UNIT ( $, .STERADIAN. ) SOLID_ANGLE_UNIT ( ) );
#7500 = CARTESIAN_POINT ( 'NONE',  ( 0.2500000000000002220, 0.1499999999999999944, -1.249999999999999334 ) ) ;
#7501 = ORIENTED_EDGE ( 'NONE', *, *, #3409, .F. ) ;
#7502 = CARTESIAN_POINT ( 'NONE',  ( -3.250000000000000000, 0.2699999999999994071, -3.249999999999999112 ) ) ;
#7503 = STYLED_ITEM ( 'NONE', ( #7231 ), #10783 ) ;
#7504 = FACE_OUTER_BOUND ( 'NONE', #3045, .T. ) ;
#7505 = DIRECTION ( 'NONE',  ( -0.000000000000000000, 1.000000000000000000, -0.000000000000000000 ) ) ;
#7506 = CLOSED_SHELL ( 'NONE', ( #885, #12121, #7848 ) ) ;
#7507 = FACE_OUTER_BOUND ( 'NONE', #7753, .T. ) ;
#7508 = PLANE ( 'NONE',  #5487 ) ;
#7509 = EDGE_CURVE ( 'NONE', #3245, #11946, #9577, .T. ) ;
#7510 = SPHERICAL_SURFACE ( 'NONE', #8130, 0.1499999999999998557 ) ;
#7511 = AXIS2_PLACEMENT_3D ( 'NONE', #8087, #1107, #2980 ) ;
#7512 = DIRECTION ( 'NONE',  ( 0.000000000000000000, 0.000000000000000000, 1.000000000000000000 ) ) ;
#7513 = VERTEX_POINT ( 'NONE', #1763 ) ;
#7514 = CIRCLE ( 'NONE', #1341, 0.08999999999999980238 ) ;
#7515 = AXIS2_PLACEMENT_3D ( 'NONE', #4492, #1614, #12252 ) ;
#7516 = EDGE_LOOP ( 'NONE', ( #10888, #6056, #10240 ) ) ;
#7517 = EDGE_LOOP ( 'NONE', ( #407, #10216, #6167 ) ) ;
#7518 = SURFACE_SIDE_STYLE ('',( #7237 ) ) ;
#7519 = AXIS2_PLACEMENT_3D ( 'NONE', #12063, #2138, #10310 ) ;
#7520 =( LENGTH_UNIT ( ) NAMED_UNIT ( * ) SI_UNIT ( .MILLI., .METRE. ) );
#7521 = DIRECTION ( 'NONE',  ( -0.000000000000000000, 1.000000000000000000, -0.000000000000000000 ) ) ;
#7522 = CARTESIAN_POINT ( 'NONE',  ( -5.745000000000001883, 0.3200000000000000067, -6.000000000000000000 ) ) ;
#7523 = ORIENTED_EDGE ( 'NONE', *, *, #7001, .F. ) ;
#7524 =( LENGTH_UNIT ( ) NAMED_UNIT ( * ) SI_UNIT ( .MILLI., .METRE. ) );
#7525 = FILL_AREA_STYLE ('',( #3014 ) ) ;
#7526 = ADVANCED_FACE ( 'NONE', ( #1397 ), #5617, .T. ) ;
#7527 = STYLED_ITEM ( 'NONE', ( #6669 ), #6211 ) ;
#7528 = ORIENTED_EDGE ( 'NONE', *, *, #6875, .T. ) ;
#7529 = CARTESIAN_POINT ( 'NONE',  ( 1.250000000000000666, 0.1499999999999999944, -3.249999999999999556 ) ) ;
#7530 = SURFACE_STYLE_USAGE ( .BOTH. , #6508 ) ;
#7531 = SPHERICAL_SURFACE ( 'NONE', #4871, 0.1499999999999998557 ) ;
#7532 = DIRECTION ( 'NONE',  ( 0.000000000000000000, 0.000000000000000000, 1.000000000000000000 ) ) ;
#7533 = EDGE_CURVE ( 'NONE', #10516, #8318, #9937, .T. ) ;
#7534 = EDGE_LOOP ( 'NONE', ( #4007, #5429, #1922 ) ) ;
#7535 = FACE_OUTER_BOUND ( 'NONE', #6214, .T. ) ;
#7536 = CIRCLE ( 'NONE', #5207, 0.1499999999999998557 ) ;
#7537 = ORIENTED_EDGE ( 'NONE', *, *, #11755, .T. ) ;
#7538 = DIRECTION ( 'NONE',  ( 0.000000000000000000, 0.000000000000000000, -1.000000000000000000 ) ) ;
#7539 = DIRECTION ( 'NONE',  ( 0.000000000000000000, 0.000000000000000000, -1.000000000000000000 ) ) ;
#7540 = ORIENTED_EDGE ( 'NONE', *, *, #8006, .T. ) ;
#7541 = COLOUR_RGB ( '',0.7921568627450980005, 0.8196078431372548767, 0.9333333333333333481 ) ;
#7542 = SPHERICAL_SURFACE ( 'NONE', #7602, 0.1499999999999998557 ) ;
#7543 = ORIENTED_EDGE ( 'NONE', *, *, #9459, .T. ) ;
#7544 = CARTESIAN_POINT ( 'NONE',  ( 1.250000000000000666, 0.2699999999999994071, 3.340000000000001190 ) ) ;
#7545 = MANIFOLD_SOLID_BREP ( 'LPattern1[133]', #4516 ) ;
#7546 = MECHANICAL_DESIGN_GEOMETRIC_PRESENTATION_REPRESENTATION (  '', ( #2252 ), #9870 ) ;
#7547 = DIRECTION ( 'NONE',  ( -0.000000000000000000, 1.000000000000000000, -0.000000000000000000 ) ) ;
#7548 = FACE_OUTER_BOUND ( 'NONE', #8715, .T. ) ;
#7549 = VERTEX_POINT ( 'NONE', #2658 ) ;
#7550 = CIRCLE ( 'NONE', #851, 0.08999999999999980238 ) ;
#7551 = CARTESIAN_POINT ( 'NONE',  ( -1.249999999999999778, 0.1499999999999999944, -0.7499999999999993339 ) ) ;
#7552 = FILL_AREA_STYLE ('',( #11860 ) ) ;
#7553 = DIRECTION ( 'NONE',  ( 1.000000000000000000, 0.000000000000000000, -0.000000000000000000 ) ) ;
#7554 = CIRCLE ( 'NONE', #2649, 0.08999999999999980238 ) ;
#7555 = DIRECTION ( 'NONE',  ( -0.000000000000000000, 1.000000000000000000, 0.000000000000000000 ) ) ;
#7556 = DIRECTION ( 'NONE',  ( -0.000000000000000000, 1.000000000000000000, 0.000000000000000000 ) ) ;
#7557 = EDGE_LOOP ( 'NONE', ( #2641, #1611, #11146 ) ) ;
#7558 = FILL_AREA_STYLE ('',( #6631 ) ) ;
#7559 = SPHERICAL_SURFACE ( 'NONE', #2093, 0.1499999999999998557 ) ;
#7560 = DIRECTION ( 'NONE',  ( 0.000000000000000000, 0.000000000000000000, 1.000000000000000000 ) ) ;
#7561 = VERTEX_POINT ( 'NONE', #552 ) ;
#7562 = CARTESIAN_POINT ( 'NONE',  ( 0.7500000000000002220, 0.1499999999999999944, 2.250000000000000444 ) ) ;
#7563 = DIRECTION ( 'NONE',  ( 0.000000000000000000, 0.000000000000000000, 1.000000000000000000 ) ) ;
#7564 = AXIS2_PLACEMENT_3D ( 'NONE', #6521, #12428, #7539 ) ;
#7565 = ORIENTED_EDGE ( 'NONE', *, *, #8101, .F. ) ;
#7566 = EDGE_CURVE ( 'NONE', #10014, #2281, #1202, .T. ) ;
#7567 = AXIS2_PLACEMENT_3D ( 'NONE', #688, #10656, #11657 ) ;
#7568 = ORIENTED_EDGE ( 'NONE', *, *, #10360, .F. ) ;
#7569 = DIRECTION ( 'NONE',  ( 1.000000000000000000, 0.000000000000000000, -0.000000000000000000 ) ) ;
#7570 = DIRECTION ( 'NONE',  ( 0.000000000000000000, 0.000000000000000000, 1.000000000000000000 ) ) ;
#7571 = EDGE_LOOP ( 'NONE', ( #8342, #10720 ) ) ;
#7572 = FACE_OUTER_BOUND ( 'NONE', #3413, .T. ) ;
#7573 = UNCERTAINTY_MEASURE_WITH_UNIT (LENGTH_MEASURE( 1.000000000000000082E-05 ), #2476, 'distance_accuracy_value', 'NONE');
#7574 = UNCERTAINTY_MEASURE_WITH_UNIT (LENGTH_MEASURE( 1.000000000000000082E-05 ), #4564, 'distance_accuracy_value', 'NONE');
#7575 =( GEOMETRIC_REPRESENTATION_CONTEXT ( 3 ) GLOBAL_UNCERTAINTY_ASSIGNED_CONTEXT ( ( #10275 ) ) GLOBAL_UNIT_ASSIGNED_CONTEXT ( ( #6632, #2951, #4890 ) ) REPRESENTATION_CONTEXT ( 'NONE', 'WORKASPACE' ) );
#7576 = FILL_AREA_STYLE ('',( #1583 ) ) ;
#7577 = CLOSED_SHELL ( 'NONE', ( #8256, #12713, #3508 ) ) ;
#7578 = CIRCLE ( 'NONE', #1342, 0.08999999999999980238 ) ;
#7579 =( LENGTH_UNIT ( ) NAMED_UNIT ( * ) SI_UNIT ( .MILLI., .METRE. ) );
#7580 = CARTESIAN_POINT ( 'NONE',  ( -0.7499999999999997780, 0.2699999999999994071, 2.340000000000000746 ) ) ;
#7581 = CARTESIAN_POINT ( 'NONE',  ( 2.750000000000000444, 0.2699999999999994071, -0.3399999999999992473 ) ) ;
#7582 = ORIENTED_EDGE ( 'NONE', *, *, #2585, .T. ) ;
#7583 = DIRECTION ( 'NONE',  ( 0.000000000000000000, 0.000000000000000000, 1.000000000000000000 ) ) ;
#7584 = VERTEX_POINT ( 'NONE', #11330 ) ;
#7585 = ADVANCED_FACE ( 'NONE', ( #1136 ), #5332, .F. ) ;
#7586 = EDGE_CURVE ( 'NONE', #2291, #3018, #9775, .T. ) ;
#7587 = FACE_OUTER_BOUND ( 'NONE', #3845, .T. ) ;
#7588 = DIRECTION ( 'NONE',  ( 1.000000000000000000, 0.000000000000000000, 1.224646799147353207E-16 ) ) ;
#7589 = CARTESIAN_POINT ( 'NONE',  ( 2.750000000000000444, 0.1499999999999999944, 0.2500000000000006661 ) ) ;
#7590 = AXIS2_PLACEMENT_3D ( 'NONE', #11494, #4659, #10667 ) ;
#7591 = AXIS2_PLACEMENT_3D ( 'NONE', #7938, #5849, #7855 ) ;
#7592 = SURFACE_STYLE_USAGE ( .BOTH. , #9402 ) ;
#7593 = CLOSED_SHELL ( 'NONE', ( #3301, #11795, #9825 ) ) ;
#7594 = DIRECTION ( 'NONE',  ( -1.000000000000000000, 0.000000000000000000, 0.000000000000000000 ) ) ;
#7595 = AXIS2_PLACEMENT_3D ( 'NONE', #2422, #561, #4411 ) ;
#7596 = AXIS2_PLACEMENT_3D ( 'NONE', #224, #8381, #11366 ) ;
#7597 = SPHERICAL_SURFACE ( 'NONE', #2961, 0.1499999999999998557 ) ;
#7598 = CARTESIAN_POINT ( 'NONE',  ( 0.7500000000000002220, 0.2699999999999994071, -2.339999999999999414 ) ) ;
#7599 = VERTEX_POINT ( 'NONE', #8341 ) ;
#7600 = CARTESIAN_POINT ( 'NONE',  ( 2.250000000000000000, 0.1499999999999999944, 2.750000000000000888 ) ) ;
#7601 = ORIENTED_EDGE ( 'NONE', *, *, #1028, .F. ) ;
#7602 = AXIS2_PLACEMENT_3D ( 'NONE', #389, #2189, #1126 ) ;
#7603 = AXIS2_PLACEMENT_3D ( 'NONE', #4920, #8088, #1999 ) ;
#7604 = ORIENTED_EDGE ( 'NONE', *, *, #9600, .F. ) ;
#7605 = EDGE_CURVE ( 'NONE', #9057, #10052, #9727, .T. ) ;
#7606 = CLOSED_SHELL ( 'NONE', ( #12118, #5131, #8972 ) ) ;
#7607 = SURFACE_SIDE_STYLE ('',( #6207 ) ) ;
#7608 = CIRCLE ( 'NONE', #12197, 0.1499999999999999667 ) ;
#7609 = DIRECTION ( 'NONE',  ( -1.000000000000000000, 0.000000000000000000, 0.000000000000000000 ) ) ;
#7610 = CARTESIAN_POINT ( 'NONE',  ( -0.2499999999999997780, 0.2699999999999994071, -3.159999999999998810 ) ) ;
#7611 = DIRECTION ( 'NONE',  ( 0.000000000000000000, 0.000000000000000000, 1.000000000000000000 ) ) ;
#7612 = ORIENTED_EDGE ( 'NONE', *, *, #10273, .F. ) ;
#7613 = DIRECTION ( 'NONE',  ( 0.000000000000000000, 0.000000000000000000, -1.000000000000000000 ) ) ;
#7614 = AXIS2_PLACEMENT_3D ( 'NONE', #6125, #7121, #11047 ) ;
#7615 =( NAMED_UNIT ( * ) SI_UNIT ( $, .STERADIAN. ) SOLID_ANGLE_UNIT ( ) );
#7616 = CIRCLE ( 'NONE', #12733, 0.1499999999999999667 ) ;
#7617 = DIRECTION ( 'NONE',  ( 0.000000000000000000, 0.000000000000000000, 1.000000000000000000 ) ) ;
#7618 = EDGE_LOOP ( 'NONE', ( #10507, #6172, #6232 ) ) ;
#7619 = PLANE ( 'NONE',  #4088 ) ;
#7620 = AXIS2_PLACEMENT_3D ( 'NONE', #12477, #6569, #1664 ) ;
#7621 = CARTESIAN_POINT ( 'NONE',  ( 3.250000000000000888, 0.1499999999999999944, 0.7500000000000006661 ) ) ;
#7622 = AXIS2_PLACEMENT_3D ( 'NONE', #11162, #5012, #1116 ) ;
#7623 = SURFACE_SIDE_STYLE ('',( #5341 ) ) ;
#7624 = FACE_OUTER_BOUND ( 'NONE', #5911, .T. ) ;
#7625 = DIRECTION ( 'NONE',  ( 1.000000000000000000, 0.000000000000000000, -0.000000000000000000 ) ) ;
#7626 = ORIENTED_EDGE ( 'NONE', *, *, #4270, .T. ) ;
#7627 = PRESENTATION_STYLE_ASSIGNMENT (( #9518 ) ) ;
#7628 = EDGE_CURVE ( 'NONE', #7689, #2334, #999, .T. ) ;
#7629 = ADVANCED_FACE ( 'NONE', ( #5292 ), #5529, .T. ) ;
#7630 = EDGE_CURVE ( 'NONE', #10324, #643, #5581, .T. ) ;
#7631 = CLOSED_SHELL ( 'NONE', ( #11571, #9311, #5996 ) ) ;
#7632 = DIRECTION ( 'NONE',  ( -1.000000000000000000, 0.000000000000000000, 0.000000000000000000 ) ) ;
#7633 = AXIS2_PLACEMENT_3D ( 'NONE', #3704, #3951, #4973 ) ;
#7634 = SURFACE_STYLE_USAGE ( .BOTH. , #12669 ) ;
#7635 = ORIENTED_EDGE ( 'NONE', *, *, #9038, .T. ) ;
#7636 = ORIENTED_EDGE ( 'NONE', *, *, #7830, .T. ) ;
#7637 = FILL_AREA_STYLE_COLOUR ( '', #6840 ) ;
#7638 = ADVANCED_FACE ( 'NONE', ( #9599 ), #5314, .T. ) ;
#7639 = CIRCLE ( 'NONE', #26, 0.1499999999999998557 ) ;
#7640 = DIRECTION ( 'NONE',  ( -1.000000000000000000, 0.000000000000000000, 0.000000000000000000 ) ) ;
#7641 = CLOSED_SHELL ( 'NONE', ( #7959, #6170, #11395 ) ) ;
#7642 = SURFACE_STYLE_USAGE ( .BOTH. , #12358 ) ;
#7643 = DIRECTION ( 'NONE',  ( 0.000000000000000000, 0.000000000000000000, 1.000000000000000000 ) ) ;
#7644 = FILL_AREA_STYLE ('',( #9529 ) ) ;
#7645 =( LENGTH_UNIT ( ) NAMED_UNIT ( * ) SI_UNIT ( .MILLI., .METRE. ) );
#7646 = PRESENTATION_LAYER_ASSIGNMENT (  '', '', ( #3737 ) ) ;
#7647 = CARTESIAN_POINT ( 'NONE',  ( 2.750000000000000444, 0.1499999999999999944, -0.7499999999999993339 ) ) ;
#7648 = DIRECTION ( 'NONE',  ( -1.000000000000000000, 0.000000000000000000, 0.000000000000000000 ) ) ;
#7649 = ORIENTED_EDGE ( 'NONE', *, *, #7660, .F. ) ;
#7650 = CARTESIAN_POINT ( 'NONE',  ( 0.7500000000000002220, 0.2699999999999994071, 2.340000000000000302 ) ) ;
#7651 = MANIFOLD_SOLID_BREP ( 'Boss-Extrude6', #4764 ) ;
#7652 = CARTESIAN_POINT ( 'NONE',  ( 2.250000000000000000, 0.1499999999999999944, 3.250000000000001332 ) ) ;
#7653 = ORIENTED_EDGE ( 'NONE', *, *, #9952, .F. ) ;
#7654 = FILL_AREA_STYLE ('',( #9543 ) ) ;
#7655 = CARTESIAN_POINT ( 'NONE',  ( -0.2499999999999997780, 0.1499999999999999944, 2.750000000000000888 ) ) ;
#7656 = EDGE_LOOP ( 'NONE', ( #12156, #3633, #3000 ) ) ;
#7657 = EDGE_CURVE ( 'NONE', #3308, #2842, #5485, .T. ) ;
#7658 = VERTEX_POINT ( 'NONE', #12829 ) ;
#7659 = COLOUR_RGB ( '',0.7921568627450980005, 0.8196078431372548767, 0.9333333333333333481 ) ;
#7660 = EDGE_CURVE ( 'NONE', #8484, #1687, #5550, .T. ) ;
#7661 = CARTESIAN_POINT ( 'NONE',  ( 2.250000000000000000, 0.1499999999999999944, -1.749999999999999334 ) ) ;
#7662 = AXIS2_PLACEMENT_3D ( 'NONE', #1849, #2829, #4674 ) ;
#7663 = LINE ( 'NONE', #3040, #7361 ) ;
#7664 = VERTEX_POINT ( 'NONE', #1132 ) ;
#7665 = CARTESIAN_POINT ( 'NONE',  ( -0.7499999999999997780, 0.2699999999999994071, -2.839999999999999858 ) ) ;
#7666 = CARTESIAN_POINT ( 'NONE',  ( -2.750000000000000000, 0.1499999999999999944, 0.2500000000000006661 ) ) ;
#7667 = VERTEX_POINT ( 'NONE', #5932 ) ;
#7668 = SURFACE_STYLE_USAGE ( .BOTH. , #9559 ) ;
#7669 = CIRCLE ( 'NONE', #2999, 0.1499999999999998557 ) ;
#7670 =( NAMED_UNIT ( * ) SI_UNIT ( $, .STERADIAN. ) SOLID_ANGLE_UNIT ( ) );
#7671 = AXIS2_PLACEMENT_3D ( 'NONE', #4795, #11537, #6456 ) ;
#7672 = LINE ( 'NONE', #61, #12021 ) ;
#7673 = PLANE ( 'NONE',  #205 ) ;
#7674 = ORIENTED_EDGE ( 'NONE', *, *, #8944, .F. ) ;
#7675 = ORIENTED_EDGE ( 'NONE', *, *, #8598, .T. ) ;
#7676 = LINE ( 'NONE', #3752, #3500 ) ;
#7677 = SURFACE_SIDE_STYLE ('',( #3625 ) ) ;
#7678 = CARTESIAN_POINT ( 'NONE',  ( 3.250000000000000888, 0.1499999999999999944, 1.250000000000001110 ) ) ;
#7679 = DIRECTION ( 'NONE',  ( 1.000000000000000000, 0.000000000000000000, -0.000000000000000000 ) ) ;
#7680 = EDGE_CURVE ( 'NONE', #8058, #5729, #1089, .T. ) ;
#7681 = DIRECTION ( 'NONE',  ( 0.7071067811865482389, -0.000000000000000000, -0.7071067811865469066 ) ) ;
#7682 = ORIENTED_EDGE ( 'NONE', *, *, #4457, .T. ) ;
#7683 = DIRECTION ( 'NONE',  ( 0.000000000000000000, 0.000000000000000000, 1.000000000000000000 ) ) ;
#7684 = LINE ( 'NONE', #1076, #2921 ) ;
#7685 = DIRECTION ( 'NONE',  ( 0.000000000000000000, 0.000000000000000000, -1.000000000000000000 ) ) ;
#7686 = EDGE_LOOP ( 'NONE', ( #4539, #9154 ) ) ;
#7687 = AXIS2_PLACEMENT_3D ( 'NONE', #657, #6625, #4521 ) ;
#7688 = STYLED_ITEM ( 'NONE', ( #8282 ), #3691 ) ;
#7689 = VERTEX_POINT ( 'NONE', #7094 ) ;
#7690 = VERTEX_POINT ( 'NONE', #8111 ) ;
#7691 = EDGE_LOOP ( 'NONE', ( #6470, #1953, #8424 ) ) ;
#7692 = FACE_OUTER_BOUND ( 'NONE', #7257, .T. ) ;
#7693 = CARTESIAN_POINT ( 'NONE',  ( 1.750000000000000222, 0.2699999999999994071, 3.340000000000001190 ) ) ;
#7694 =( NAMED_UNIT ( * ) SI_UNIT ( $, .STERADIAN. ) SOLID_ANGLE_UNIT ( ) );
#7695 = VERTEX_POINT ( 'NONE', #10120 ) ;
#7696 = CIRCLE ( 'NONE', #8887, 0.08999999999999980238 ) ;
#7697 = FILL_AREA_STYLE_COLOUR ( '', #4005 ) ;
#7698 = CIRCLE ( 'NONE', #7671, 0.08999999999999980238 ) ;
#7699 =( GEOMETRIC_REPRESENTATION_CONTEXT ( 3 ) GLOBAL_UNCERTAINTY_ASSIGNED_CONTEXT ( ( #251 ) ) GLOBAL_UNIT_ASSIGNED_CONTEXT ( ( #7925, #108, #5835 ) ) REPRESENTATION_CONTEXT ( 'NONE', 'WORKASPACE' ) );
#7700 = CARTESIAN_POINT ( 'NONE',  ( -1.249999999999999778, 0.1499999999999999944, 1.250000000000001110 ) ) ;
#7701 = AXIS2_PLACEMENT_3D ( 'NONE', #10301, #4107, #8303 ) ;
#7702 = EDGE_LOOP ( 'NONE', ( #7448, #10878, #6545 ) ) ;
#7703 = CARTESIAN_POINT ( 'NONE',  ( 1.250000000000000666, 0.2699999999999994071, -2.659999999999999254 ) ) ;
#7704 =( GEOMETRIC_REPRESENTATION_CONTEXT ( 3 ) GLOBAL_UNCERTAINTY_ASSIGNED_CONTEXT ( ( #3424 ) ) GLOBAL_UNIT_ASSIGNED_CONTEXT ( ( #3566, #5474, #3217 ) ) REPRESENTATION_CONTEXT ( 'NONE', 'WORKASPACE' ) );
#7705 = DIRECTION ( 'NONE',  ( -1.000000000000000000, 0.000000000000000000, 0.000000000000000000 ) ) ;
#7706 = DIRECTION ( 'NONE',  ( -0.000000000000000000, 1.000000000000000000, 0.000000000000000000 ) ) ;
#7707 = SPHERICAL_SURFACE ( 'NONE', #4691, 0.1499999999999998557 ) ;
#7708 = CARTESIAN_POINT ( 'NONE',  ( -3.250000000000000000, 0.1499999999999999944, -3.249999999999999556 ) ) ;
#7709 = CARTESIAN_POINT ( 'NONE',  ( 2.750000000000000444, 0.2699999999999994071, -2.659999999999999254 ) ) ;
#7710 = FACE_OUTER_BOUND ( 'NONE', #6228, .T. ) ;
#7711 = PRESENTATION_LAYER_ASSIGNMENT (  '', '', ( #8768 ) ) ;
#7712 = ORIENTED_EDGE ( 'NONE', *, *, #5927, .T. ) ;
#7713 = CARTESIAN_POINT ( 'NONE',  ( 2.250000000000000000, 0.2699999999999994071, -3.159999999999999254 ) ) ;
#7714 = EDGE_LOOP ( 'NONE', ( #4160, #3085 ) ) ;
#7715 = ORIENTED_EDGE ( 'NONE', *, *, #7630, .T. ) ;
#7716 = CARTESIAN_POINT ( 'NONE',  ( -3.250000000000000000, 0.2699999999999994071, -1.159999999999999032 ) ) ;
#7717 = CYLINDRICAL_SURFACE ( 'NONE', #11668, 0.4312500000000001887 ) ;
#7718 = EDGE_LOOP ( 'NONE', ( #12032, #4480, #3293 ) ) ;
#7719 = SURFACE_STYLE_USAGE ( .BOTH. , #6953 ) ;
#7720 = EDGE_CURVE ( 'NONE', #8290, #3112, #5373, .T. ) ;
#7721 = AXIS2_PLACEMENT_3D ( 'NONE', #4596, #8355, #11435 ) ;
#7722 = CARTESIAN_POINT ( 'NONE',  ( -1.749999999999999778, 0.2699999999999994071, -1.749999999999998890 ) ) ;
#7723 = FACE_OUTER_BOUND ( 'NONE', #8833, .T. ) ;
#7724 = EDGE_CURVE ( 'NONE', #6320, #7222, #5440, .T. ) ;
#7725 = DIRECTION ( 'NONE',  ( 0.000000000000000000, 0.000000000000000000, 1.000000000000000000 ) ) ;
#7726 = STYLED_ITEM ( 'NONE', ( #1523 ), #520 ) ;
#7727 = CIRCLE ( 'NONE', #11582, 0.1499999999999999667 ) ;
#7728 = ADVANCED_FACE ( 'NONE', ( #9911 ), #8749, .T. ) ;
#7729 =( LENGTH_UNIT ( ) NAMED_UNIT ( * ) SI_UNIT ( .MILLI., .METRE. ) );
#7730 = ADVANCED_FACE ( 'NONE', ( #9687 ), #1115, .T. ) ;
#7731 = ORIENTED_EDGE ( 'NONE', *, *, #4113, .F. ) ;
#7732 = CLOSED_SHELL ( 'NONE', ( #12320, #9414, #4798 ) ) ;
#7733 = CIRCLE ( 'NONE', #9072, 0.1499999999999998557 ) ;
#7734 = UNCERTAINTY_MEASURE_WITH_UNIT (LENGTH_MEASURE( 1.000000000000000082E-05 ), #9507, 'distance_accuracy_value', 'NONE');
#7735 = UNCERTAINTY_MEASURE_WITH_UNIT (LENGTH_MEASURE( 1.000000000000000082E-05 ), #10768, 'distance_accuracy_value', 'NONE');
#7736 = EDGE_LOOP ( 'NONE', ( #8745, #3998, #4997 ) ) ;
#7737 = FACE_OUTER_BOUND ( 'NONE', #1778, .T. ) ;
#7738 = ADVANCED_FACE ( 'NONE', ( #9750 ), #1223, .T. ) ;
#7739 = MANIFOLD_SOLID_BREP ( 'LPattern1[61]', #5795 ) ;
#7740 = ORIENTED_EDGE ( 'NONE', *, *, #8572, .F. ) ;
#7741 = CIRCLE ( 'NONE', #5770, 0.1499999999999999667 ) ;
#7742 = CARTESIAN_POINT ( 'NONE',  ( 0.2500000000000002220, 0.2699999999999994071, 2.340000000000000746 ) ) ;
#7743 = AXIS2_PLACEMENT_3D ( 'NONE', #9961, #6202, #10295 ) ;
#7744 = FILL_AREA_STYLE ('',( #8720 ) ) ;
#7745 = DIRECTION ( 'NONE',  ( 1.000000000000000000, 0.000000000000000000, -0.000000000000000000 ) ) ;
#7746 =( NAMED_UNIT ( * ) PLANE_ANGLE_UNIT ( ) SI_UNIT ( $, .RADIAN. ) );
#7747 = EDGE_CURVE ( 'NONE', #3069, #2106, #5934, .T. ) ;
#7748 = SURFACE_STYLE_FILL_AREA ( #10695 ) ;
#7749 = AXIS2_PLACEMENT_3D ( 'NONE', #3900, #4921, #2000 ) ;
#7750 = DIRECTION ( 'NONE',  ( 0.000000000000000000, 0.000000000000000000, 1.000000000000000000 ) ) ;
#7751 = ORIENTED_EDGE ( 'NONE', *, *, #6148, .T. ) ;
#7752 = DIRECTION ( 'NONE',  ( 1.000000000000000000, 0.000000000000000000, -0.000000000000000000 ) ) ;
#7753 = EDGE_LOOP ( 'NONE', ( #2348, #3258, #2493, #11130 ) ) ;
#7754 = CARTESIAN_POINT ( 'NONE',  ( -1.749999999999999778, 0.2699999999999994071, -3.159999999999999254 ) ) ;
#7755 = DIRECTION ( 'NONE',  ( 0.000000000000000000, 0.000000000000000000, 1.000000000000000000 ) ) ;
#7756 = MECHANICAL_DESIGN_GEOMETRIC_PRESENTATION_REPRESENTATION (  '', ( #8043 ), #5403 ) ;
#7757 = DIRECTION ( 'NONE',  ( 0.000000000000000000, 0.000000000000000000, 1.000000000000000000 ) ) ;
#7758 = DIRECTION ( 'NONE',  ( 1.000000000000000000, 0.000000000000000000, -0.000000000000000000 ) ) ;
#7759 = AXIS2_PLACEMENT_3D ( 'NONE', #1959, #9789, #2769 ) ;
#7760 = VERTEX_POINT ( 'NONE', #6270 ) ;
#7761 = CARTESIAN_POINT ( 'NONE',  ( -1.249999999999999778, 0.2699999999999994071, -0.6599999999999991429 ) ) ;
#7762 = EDGE_CURVE ( 'NONE', #8073, #1881, #5956, .T. ) ;
#7763 = DIRECTION ( 'NONE',  ( 1.000000000000000000, 0.000000000000000000, -0.000000000000000000 ) ) ;
#7764 = AXIS2_PLACEMENT_3D ( 'NONE', #12174, #11425, #11336 ) ;
#7765 = VERTEX_POINT ( 'NONE', #3281 ) ;
#7766 = FILL_AREA_STYLE_COLOUR ( '', #2650 ) ;
#7767 = CIRCLE ( 'NONE', #11254, 0.1499999999999999667 ) ;
#7768 = ORIENTED_EDGE ( 'NONE', *, *, #2802, .F. ) ;
#7769 = VERTEX_POINT ( 'NONE', #8530 ) ;
#7770 = CARTESIAN_POINT ( 'NONE',  ( 1.750000000000000222, 0.1499999999999999944, 3.250000000000001332 ) ) ;
#7771 = AXIS2_PLACEMENT_3D ( 'NONE', #6512, #2496, #8591 ) ;
#7772 = FILL_AREA_STYLE ('',( #3669 ) ) ;
#7773 = ORIENTED_EDGE ( 'NONE', *, *, #11580, .T. ) ;
#7774 = FACE_OUTER_BOUND ( 'NONE', #10622, .T. ) ;
#7775 = CARTESIAN_POINT ( 'NONE',  ( 1.750000000000000222, 0.2699999999999994071, 2.340000000000000746 ) ) ;
#7776 = CIRCLE ( 'NONE', #2419, 0.08999999999999980238 ) ;
#7777 = SURFACE_SIDE_STYLE ('',( #12074 ) ) ;
#7778 = ORIENTED_EDGE ( 'NONE', *, *, #2154, .T. ) ;
#7779 = CARTESIAN_POINT ( 'NONE',  ( 3.250000000000000888, 0.2699999999999994071, -2.249999999999999112 ) ) ;
#7780 = EDGE_CURVE ( 'NONE', #9893, #5397, #10196, .T. ) ;
#7781 = CARTESIAN_POINT ( 'NONE',  ( 2.250000000000000000, 1.355252715606880543E-16, 2.750000000000000888 ) ) ;
#7782 = EDGE_CURVE ( 'NONE', #4231, #3002, #10297, .T. ) ;
#7783 = PRESENTATION_LAYER_ASSIGNMENT (  '', '', ( #5432 ) ) ;
#7784 = SURFACE_SIDE_STYLE ('',( #5777 ) ) ;
#7785 = PRESENTATION_STYLE_ASSIGNMENT (( #712 ) ) ;
#7786 = EDGE_CURVE ( 'NONE', #9901, #3081, #10418, .T. ) ;
#7787 = CARTESIAN_POINT ( 'NONE',  ( -3.250000000000000000, 0.1499999999999999944, 1.250000000000001110 ) ) ;
#7788 = AXIS2_PLACEMENT_3D ( 'NONE', #11799, #10706, #1958 ) ;
#7789 = SPHERICAL_SURFACE ( 'NONE', #6263, 0.1499999999999998557 ) ;
#7790 = ORIENTED_EDGE ( 'NONE', *, *, #10702, .F. ) ;
#7791 = CARTESIAN_POINT ( 'NONE',  ( 1.250000000000000666, 0.1499999999999999944, 3.250000000000001332 ) ) ;
#7792 = EDGE_LOOP ( 'NONE', ( #1265, #10113, #5546 ) ) ;
#7793 = SPHERICAL_SURFACE ( 'NONE', #11236, 0.1499999999999998557 ) ;
#7794 = CARTESIAN_POINT ( 'NONE',  ( 0.7500000000000002220, 0.2699999999999994071, -2.249999999999999112 ) ) ;
#7795 =( GEOMETRIC_REPRESENTATION_CONTEXT ( 3 ) GLOBAL_UNCERTAINTY_ASSIGNED_CONTEXT ( ( #12490 ) ) GLOBAL_UNIT_ASSIGNED_CONTEXT ( ( #10393, #605, #5480 ) ) REPRESENTATION_CONTEXT ( 'NONE', 'WORKASPACE' ) );
#7796 = DIRECTION ( 'NONE',  ( 0.000000000000000000, 0.000000000000000000, 1.000000000000000000 ) ) ;
#7797 = ORIENTED_EDGE ( 'NONE', *, *, #7097, .F. ) ;
#7798 = DIRECTION ( 'NONE',  ( -0.000000000000000000, 1.000000000000000000, 0.000000000000000000 ) ) ;
#7799 = DIRECTION ( 'NONE',  ( -0.000000000000000000, 1.000000000000000000, -0.000000000000000000 ) ) ;
#7800 = EDGE_CURVE ( 'NONE', #12598, #11918, #6040, .T. ) ;
#7801 = DIRECTION ( 'NONE',  ( 1.000000000000000000, 0.000000000000000000, 1.224646799147353207E-16 ) ) ;
#7802 = DIRECTION ( 'NONE',  ( 1.000000000000000000, 0.000000000000000000, -0.000000000000000000 ) ) ;
#7803 = AXIS2_PLACEMENT_3D ( 'NONE', #9684, #1777, #8767 ) ;
#7804 = DIRECTION ( 'NONE',  ( -0.000000000000000000, 1.000000000000000000, 0.000000000000000000 ) ) ;
#7805 = MANIFOLD_SOLID_BREP ( 'LPattern1[41]', #10689 ) ;
#7806 = CARTESIAN_POINT ( 'NONE',  ( -2.750000000000000000, 0.2699999999999994071, 0.7500000000000011102 ) ) ;
#7807 = CARTESIAN_POINT ( 'NONE',  ( -1.749999999999999778, 0.2699999999999994071, 3.250000000000001776 ) ) ;
#7808 = DIRECTION ( 'NONE',  ( 0.000000000000000000, 0.000000000000000000, 1.000000000000000000 ) ) ;
#7809 = SURFACE_STYLE_USAGE ( .BOTH. , #5808 ) ;
#7810 = SURFACE_STYLE_FILL_AREA ( #12847 ) ;
#7811 = DIRECTION ( 'NONE',  ( 1.000000000000000000, 0.000000000000000000, -0.000000000000000000 ) ) ;
#7812 = EDGE_LOOP ( 'NONE', ( #8710, #4418 ) ) ;
#7813 = CARTESIAN_POINT ( 'NONE',  ( 5.749999999999998224, 0.4200000000000002620, 6.500000000000000000 ) ) ;
#7814 = VERTEX_POINT ( 'NONE', #2512 ) ;
#7815 = SPHERICAL_SURFACE ( 'NONE', #12052, 0.1499999999999998557 ) ;
#7816 = CIRCLE ( 'NONE', #12596, 0.08999999999999980238 ) ;
#7817 = COLOUR_RGB ( '',0.7921568627450980005, 0.8196078431372548767, 0.9333333333333333481 ) ;
#7818 = STYLED_ITEM ( 'NONE', ( #10951 ), #6276 ) ;
#7819 = VERTEX_POINT ( 'NONE', #3455 ) ;
#7820 = DIRECTION ( 'NONE',  ( 0.000000000000000000, 1.000000000000000000, 0.000000000000000000 ) ) ;
#7821 = SURFACE_STYLE_USAGE ( .BOTH. , #6803 ) ;
#7822 = EDGE_CURVE ( 'NONE', #596, #6919, #10316, .T. ) ;
#7823 = DIRECTION ( 'NONE',  ( 0.000000000000000000, 0.000000000000000000, 1.000000000000000000 ) ) ;
#7824 = FILL_AREA_STYLE_COLOUR ( '', #6210 ) ;
#7825 = CARTESIAN_POINT ( 'NONE',  ( 0.2500000000000002220, 0.1499999999999999944, -2.249999999999999556 ) ) ;
#7826 = AXIS2_PLACEMENT_3D ( 'NONE', #6316, #4476, #3580 ) ;
#7827 = ADVANCED_FACE ( 'NONE', ( #5921 ), #5985, .T. ) ;
#7828 =( GEOMETRIC_REPRESENTATION_CONTEXT ( 3 ) GLOBAL_UNCERTAINTY_ASSIGNED_CONTEXT ( ( #2450 ) ) GLOBAL_UNIT_ASSIGNED_CONTEXT ( ( #7915, #5830, #10734 ) ) REPRESENTATION_CONTEXT ( 'NONE', 'WORKASPACE' ) );
#7829 = ORIENTED_EDGE ( 'NONE', *, *, #3315, .T. ) ;
#7830 = EDGE_CURVE ( 'NONE', #2330, #12780, #1638, .T. ) ;
#7831 = FILL_AREA_STYLE ('',( #7919 ) ) ;
#7832 = CLOSED_SHELL ( 'NONE', ( #5868, #9200, #11192 ) ) ;
#7833 = AXIS2_PLACEMENT_3D ( 'NONE', #7189, #9210, #5282 ) ;
#7834 = CIRCLE ( 'NONE', #3779, 0.08999999999999980238 ) ;
#7835 = CARTESIAN_POINT ( 'NONE',  ( -4.312500000000001776, 0.6999999999999999556, -5.062499999999999112 ) ) ;
#7836 = DIRECTION ( 'NONE',  ( -0.000000000000000000, 1.000000000000000000, -0.000000000000000000 ) ) ;
#7837 =( NAMED_UNIT ( * ) SI_UNIT ( $, .STERADIAN. ) SOLID_ANGLE_UNIT ( ) );
#7838 = AXIS2_PLACEMENT_3D ( 'NONE', #3702, #10710, #11708 ) ;
#7839 = ADVANCED_FACE ( 'NONE', ( #5818 ), #6190, .T. ) ;
#7840 = DIRECTION ( 'NONE',  ( -0.7071067811865482389, 0.000000000000000000, 0.7071067811865469066 ) ) ;
#7841 = EDGE_LOOP ( 'NONE', ( #7731, #4495, #226 ) ) ;
#7842 = ADVANCED_FACE ( 'NONE', ( #6004 ), #5748, .T. ) ;
#7843 = DIRECTION ( 'NONE',  ( 0.000000000000000000, 0.000000000000000000, 1.000000000000000000 ) ) ;
#7844 = AXIS2_PLACEMENT_3D ( 'NONE', #4423, #3539, #12116 ) ;
#7845 = CIRCLE ( 'NONE', #2360, 0.1499999999999999667 ) ;
#7846 = CARTESIAN_POINT ( 'NONE',  ( -3.250000000000000000, 1.355252715606880543E-16, -2.249999999999999556 ) ) ;
#7847 = FACE_OUTER_BOUND ( 'NONE', #9924, .T. ) ;
#7848 = ADVANCED_FACE ( 'NONE', ( #10397 ), #9203, .T. ) ;
#7849 = EDGE_LOOP ( 'NONE', ( #7113, #5596 ) ) ;
#7850 =( GEOMETRIC_REPRESENTATION_CONTEXT ( 3 ) GLOBAL_UNCERTAINTY_ASSIGNED_CONTEXT ( ( #4847 ) ) GLOBAL_UNIT_ASSIGNED_CONTEXT ( ( #12746, #5032, #9858 ) ) REPRESENTATION_CONTEXT ( 'NONE', 'WORKASPACE' ) );
#7851 = AXIS2_PLACEMENT_3D ( 'NONE', #4537, #9130, #329 ) ;
#7852 = EDGE_LOOP ( 'NONE', ( #9951, #7268, #1846 ) ) ;
#7853 = AXIS2_PLACEMENT_3D ( 'NONE', #10386, #12303, #6220 ) ;
#7854 = CIRCLE ( 'NONE', #2518, 0.08999999999999980238 ) ;
#7855 = DIRECTION ( 'NONE',  ( 0.000000000000000000, 0.000000000000000000, 1.000000000000000000 ) ) ;
#7856 = CARTESIAN_POINT ( 'NONE',  ( -2.250000000000000000, 0.1499999999999999944, 2.250000000000000444 ) ) ;
#7857 = STYLED_ITEM ( 'NONE', ( #2454 ), #867 ) ;
#7858 = DIRECTION ( 'NONE',  ( 0.000000000000000000, 0.000000000000000000, 1.000000000000000000 ) ) ;
#7859 = FACE_OUTER_BOUND ( 'NONE', #384, .T. ) ;
#7860 = SURFACE_SIDE_STYLE ('',( #12775 ) ) ;
#7861 = SPHERICAL_SURFACE ( 'NONE', #12289, 0.1499999999999998557 ) ;
#7862 = DIRECTION ( 'NONE',  ( -0.000000000000000000, 1.000000000000000000, -0.000000000000000000 ) ) ;
#7863 =( GEOMETRIC_REPRESENTATION_CONTEXT ( 3 ) GLOBAL_UNCERTAINTY_ASSIGNED_CONTEXT ( ( #10912 ) ) GLOBAL_UNIT_ASSIGNED_CONTEXT ( ( #12353, #2680, #10515 ) ) REPRESENTATION_CONTEXT ( 'NONE', 'WORKASPACE' ) );
#7864 = ORIENTED_EDGE ( 'NONE', *, *, #10796, .T. ) ;
#7865 = CARTESIAN_POINT ( 'NONE',  ( 2.750000000000000444, 1.355252715606880543E-16, -0.2499999999999993616 ) ) ;
#7866 =( LENGTH_UNIT ( ) NAMED_UNIT ( * ) SI_UNIT ( .MILLI., .METRE. ) );
#7867 = PRESENTATION_STYLE_ASSIGNMENT (( #12833 ) ) ;
#7868 = DIRECTION ( 'NONE',  ( 0.000000000000000000, 0.000000000000000000, 1.000000000000000000 ) ) ;
#7869 = DIRECTION ( 'NONE',  ( 0.000000000000000000, 0.000000000000000000, 1.000000000000000000 ) ) ;
#7870 = ORIENTED_EDGE ( 'NONE', *, *, #8684, .T. ) ;
#7871 =( NAMED_UNIT ( * ) SI_UNIT ( $, .STERADIAN. ) SOLID_ANGLE_UNIT ( ) );
#7872 =( LENGTH_UNIT ( ) NAMED_UNIT ( * ) SI_UNIT ( .MILLI., .METRE. ) );
#7873 = CLOSED_SHELL ( 'NONE', ( #6778, #5860, #4275 ) ) ;
#7874 = EDGE_CURVE ( 'NONE', #7695, #10646, #1719, .T. ) ;
#7875 = PRESENTATION_STYLE_ASSIGNMENT (( #4375 ) ) ;
#7876 = ADVANCED_FACE ( 'NONE', ( #10236 ), #10355, .T. ) ;
#7877 = AXIS2_PLACEMENT_3D ( 'NONE', #3687, #12510, #11347 ) ;
#7878 =( NAMED_UNIT ( * ) SI_UNIT ( $, .STERADIAN. ) SOLID_ANGLE_UNIT ( ) );
#7879 = CIRCLE ( 'NONE', #1299, 0.1499999999999999667 ) ;
#7880 = ADVANCED_FACE ( 'NONE', ( #1481 ), #1634, .T. ) ;
#7881 = AXIS2_PLACEMENT_3D ( 'NONE', #7226, #2241, #10071 ) ;
#7882 = CIRCLE ( 'NONE', #815, 0.1499999999999999667 ) ;
#7883 =( NAMED_UNIT ( * ) SI_UNIT ( $, .STERADIAN. ) SOLID_ANGLE_UNIT ( ) );
#7884 = ORIENTED_EDGE ( 'NONE', *, *, #1991, .T. ) ;
#7885 = CARTESIAN_POINT ( 'NONE',  ( 0.7500000000000002220, 0.1499999999999999944, -2.749999999999999556 ) ) ;
#7886 = DIRECTION ( 'NONE',  ( 0.000000000000000000, 0.000000000000000000, 1.000000000000000000 ) ) ;
#7887 =( NAMED_UNIT ( * ) PLANE_ANGLE_UNIT ( ) SI_UNIT ( $, .RADIAN. ) );
#7888 = DIRECTION ( 'NONE',  ( -0.000000000000000000, 1.000000000000000000, -0.000000000000000000 ) ) ;
#7889 = FILL_AREA_STYLE_COLOUR ( '', #10488 ) ;
#7890 = DIRECTION ( 'NONE',  ( 0.000000000000000000, 0.000000000000000000, 1.000000000000000000 ) ) ;
#7891 = CARTESIAN_POINT ( 'NONE',  ( -1.249999999999999778, 0.2699999999999994071, 3.250000000000001776 ) ) ;
#7892 = UNCERTAINTY_MEASURE_WITH_UNIT (LENGTH_MEASURE( 1.000000000000000082E-05 ), #5283, 'distance_accuracy_value', 'NONE');
#7893 = EDGE_CURVE ( 'NONE', #3710, #9280, #5854, .T. ) ;
#7894 = UNCERTAINTY_MEASURE_WITH_UNIT (LENGTH_MEASURE( 1.000000000000000082E-05 ), #9450, 'distance_accuracy_value', 'NONE');
#7895 = DIRECTION ( 'NONE',  ( -0.000000000000000000, 1.000000000000000000, -0.000000000000000000 ) ) ;
#7896 = DIRECTION ( 'NONE',  ( 0.000000000000000000, 0.000000000000000000, 1.000000000000000000 ) ) ;
#7897 = CARTESIAN_POINT ( 'NONE',  ( -3.250000000000000000, 0.2699999999999994071, -0.3399999999999992473 ) ) ;
#7898 = ORIENTED_EDGE ( 'NONE', *, *, #9161, .T. ) ;
#7899 = CARTESIAN_POINT ( 'NONE',  ( 3.250000000000000888, 0.2699999999999994071, -0.1599999999999989764 ) ) ;
#7900 = VERTEX_POINT ( 'NONE', #11800 ) ;
#7901 = LINE ( 'NONE', #8477, #12530 ) ;
#7902 = FACE_OUTER_BOUND ( 'NONE', #11497, .T. ) ;
#7903 = CIRCLE ( 'NONE', #1570, 0.08999999999999980238 ) ;
#7904 = MANIFOLD_SOLID_BREP ( 'LPattern1[26]', #8775 ) ;
#7905 = MECHANICAL_DESIGN_GEOMETRIC_PRESENTATION_REPRESENTATION (  '', ( #8511 ), #4939 ) ;
#7906 = AXIS2_PLACEMENT_3D ( 'NONE', #11019, #10115, #1840 ) ;
#7907 = FACE_OUTER_BOUND ( 'NONE', #601, .T. ) ;
#7908 = EDGE_CURVE ( 'NONE', #9249, #11881, #5839, .T. ) ;
#7909 = ORIENTED_EDGE ( 'NONE', *, *, #6495, .T. ) ;
#7910 = CARTESIAN_POINT ( 'NONE',  ( -0.2499999999999997780, 0.2699999999999994071, 3.160000000000001474 ) ) ;
#7911 = EDGE_CURVE ( 'NONE', #626, #6749, #1793, .T. ) ;
#7912 = CARTESIAN_POINT ( 'NONE',  ( 3.250000000000000888, 0.2699999999999994071, 2.660000000000001030 ) ) ;
#7913 = DIRECTION ( 'NONE',  ( 1.000000000000000000, 0.000000000000000000, 1.224646799147353207E-16 ) ) ;
#7914 = EDGE_CURVE ( 'NONE', #4634, #6351, #10133, .T. ) ;
#7915 =( LENGTH_UNIT ( ) NAMED_UNIT ( * ) SI_UNIT ( .MILLI., .METRE. ) );
#7916 = SURFACE_STYLE_USAGE ( .BOTH. , #9827 ) ;
#7917 = ORIENTED_EDGE ( 'NONE', *, *, #9386, .T. ) ;
#7918 = PRODUCT_DEFINITION_FORMATION_WITH_SPECIFIED_SOURCE ( 'ANY', '', #320, .NOT_KNOWN. ) ;
#7919 = FILL_AREA_STYLE_COLOUR ( '', #8827 ) ;
#7920 = PRESENTATION_LAYER_ASSIGNMENT (  '', '', ( #6977 ) ) ;
#7921 = ORIENTED_EDGE ( 'NONE', *, *, #11142, .F. ) ;
#7922 = DIRECTION ( 'NONE',  ( 0.000000000000000000, 0.000000000000000000, 1.000000000000000000 ) ) ;
#7923 = FACE_OUTER_BOUND ( 'NONE', #8221, .T. ) ;
#7924 = EDGE_CURVE ( 'NONE', #2555, #9360, #1539, .T. ) ;
#7925 =( LENGTH_UNIT ( ) NAMED_UNIT ( * ) SI_UNIT ( .MILLI., .METRE. ) );
#7926 = DIRECTION ( 'NONE',  ( 0.000000000000000000, 0.000000000000000000, 1.000000000000000000 ) ) ;
#7927 = CARTESIAN_POINT ( 'NONE',  ( -1.749999999999999778, 0.1499999999999999944, 3.250000000000001332 ) ) ;
#7928 = FACE_OUTER_BOUND ( 'NONE', #8084, .T. ) ;
#7929 = SPHERICAL_SURFACE ( 'NONE', #6374, 0.1499999999999998557 ) ;
#7930 = CARTESIAN_POINT ( 'NONE',  ( -3.250000000000000000, 1.355252715606880543E-16, 3.250000000000001332 ) ) ;
#7931 = ORIENTED_EDGE ( 'NONE', *, *, #2474, .T. ) ;
#7932 = AXIS2_PLACEMENT_3D ( 'NONE', #11008, #4159, #5179 ) ;
#7933 = DIRECTION ( 'NONE',  ( -1.000000000000000000, 0.000000000000000000, 0.000000000000000000 ) ) ;
#7934 = FACE_OUTER_BOUND ( 'NONE', #12061, .T. ) ;
#7935 = EDGE_LOOP ( 'NONE', ( #9719, #9748, #902 ) ) ;
#7936 = VERTEX_POINT ( 'NONE', #9611 ) ;
#7937 = CIRCLE ( 'NONE', #5053, 0.08999999999999980238 ) ;
#7938 = CARTESIAN_POINT ( 'NONE',  ( 1.250000000000000666, 0.1499999999999999944, -3.249999999999999556 ) ) ;
#7939 = EDGE_CURVE ( 'NONE', #8098, #8318, #10561, .T. ) ;
#7940 =( LENGTH_UNIT ( ) NAMED_UNIT ( * ) SI_UNIT ( .MILLI., .METRE. ) );
#7941 = DIRECTION ( 'NONE',  ( -0.000000000000000000, 1.000000000000000000, -0.000000000000000000 ) ) ;
#7942 = FACE_OUTER_BOUND ( 'NONE', #1083, .T. ) ;
#7943 =( NAMED_UNIT ( * ) PLANE_ANGLE_UNIT ( ) SI_UNIT ( $, .RADIAN. ) );
#7944 = ADVANCED_FACE ( 'NONE', ( #10837 ), #7972, .T. ) ;
#7945 = LINE ( 'NONE', #1589, #8072 ) ;
#7946 = DIRECTION ( 'NONE',  ( 0.000000000000000000, 0.000000000000000000, 1.000000000000000000 ) ) ;
#7947 = ORIENTED_EDGE ( 'NONE', *, *, #2621, .T. ) ;
#7948 = ADVANCED_FACE ( 'NONE', ( #10697 ), #6383, .T. ) ;
#7949 = DIRECTION ( 'NONE',  ( 0.000000000000000000, 0.000000000000000000, -1.000000000000000000 ) ) ;
#7950 = DIRECTION ( 'NONE',  ( 0.000000000000000000, 0.000000000000000000, 1.000000000000000000 ) ) ;
#7951 = DIRECTION ( 'NONE',  ( 1.000000000000000000, 0.000000000000000000, 1.224646799147353207E-16 ) ) ;
#7952 = DIRECTION ( 'NONE',  ( -0.000000000000000000, 1.000000000000000000, -0.000000000000000000 ) ) ;
#7953 = CIRCLE ( 'NONE', #11204, 0.08999999999999980238 ) ;
#7954 = DIRECTION ( 'NONE',  ( -0.000000000000000000, 1.000000000000000000, -0.000000000000000000 ) ) ;
#7955 = CARTESIAN_POINT ( 'NONE',  ( -2.250000000000000000, 0.2699999999999994071, -0.7499999999999988898 ) ) ;
#7956 = AXIS2_PLACEMENT_3D ( 'NONE', #1944, #6931, #10940 ) ;
#7957 = AXIS2_PLACEMENT_3D ( 'NONE', #965, #2573, #3598 ) ;
#7958 = FACE_OUTER_BOUND ( 'NONE', #8382, .T. ) ;
#7959 = ADVANCED_FACE ( 'NONE', ( #6429 ), #2185, .T. ) ;
#7960 = EDGE_LOOP ( 'NONE', ( #4520, #5873, #2592 ) ) ;
#7961 = DIRECTION ( 'NONE',  ( 0.000000000000000000, 0.000000000000000000, 1.000000000000000000 ) ) ;
#7962 = AXIS2_PLACEMENT_3D ( 'NONE', #4553, #11389, #7583 ) ;
#7963 =( NAMED_UNIT ( * ) SI_UNIT ( $, .STERADIAN. ) SOLID_ANGLE_UNIT ( ) );
#7964 = EDGE_LOOP ( 'NONE', ( #1553, #1188, #5909 ) ) ;
#7965 = FILL_AREA_STYLE ('',( #6946 ) ) ;
#7966 = FACE_OUTER_BOUND ( 'NONE', #4118, .T. ) ;
#7967 = FACE_OUTER_BOUND ( 'NONE', #11216, .T. ) ;
#7968 = EDGE_CURVE ( 'NONE', #2251, #3728, #10718, .T. ) ;
#7969 = DIRECTION ( 'NONE',  ( -0.000000000000000000, 1.000000000000000000, -0.000000000000000000 ) ) ;
#7970 = VERTEX_POINT ( 'NONE', #1338 ) ;
#7971 = DIRECTION ( 'NONE',  ( 1.000000000000000000, 0.000000000000000000, 1.224646799147353207E-16 ) ) ;
#7972 = PLANE ( 'NONE',  #138 ) ;
#7973 = FILL_AREA_STYLE_COLOUR ( '', #11138 ) ;
#7974 = DIRECTION ( 'NONE',  ( 1.000000000000000000, 0.000000000000000000, 1.224646799147353207E-16 ) ) ;
#7975 = CARTESIAN_POINT ( 'NONE',  ( 1.750000000000000222, 0.2699999999999994071, 2.750000000000001332 ) ) ;
#7976 = DIRECTION ( 'NONE',  ( -0.000000000000000000, 1.000000000000000000, 0.000000000000000000 ) ) ;
#7977 =( NAMED_UNIT ( * ) SI_UNIT ( $, .STERADIAN. ) SOLID_ANGLE_UNIT ( ) );
#7978 = DIRECTION ( 'NONE',  ( 1.000000000000000000, 0.000000000000000000, -0.000000000000000000 ) ) ;
#7979 = SURFACE_STYLE_USAGE ( .BOTH. , #6965 ) ;
#7980 = ORIENTED_EDGE ( 'NONE', *, *, #6134, .F. ) ;
#7981 = AXIS2_PLACEMENT_3D ( 'NONE', #6558, #9642, #4456 ) ;
#7982 = CARTESIAN_POINT ( 'NONE',  ( 3.250000000000000888, 0.1499999999999999944, -2.249999999999999556 ) ) ;
#7983 = VERTEX_POINT ( 'NONE', #6390 ) ;
#7984 = COLOUR_RGB ( '',0.7921568627450980005, 0.8196078431372548767, 0.9333333333333333481 ) ;
#7985 = ADVANCED_FACE ( 'NONE', ( #1986 ), #4200, .T. ) ;
#7986 = SPHERICAL_SURFACE ( 'NONE', #11384, 0.1499999999999998557 ) ;
#7987 = STYLED_ITEM ( 'NONE', ( #12120 ), #5289 ) ;
#7988 = VERTEX_POINT ( 'NONE', #9232 ) ;
#7989 = DIRECTION ( 'NONE',  ( 0.000000000000000000, 0.000000000000000000, 1.000000000000000000 ) ) ;
#7990 = AXIS2_PLACEMENT_3D ( 'NONE', #2517, #12684, #5540 ) ;
#7991 = DIRECTION ( 'NONE',  ( 0.000000000000000000, 0.000000000000000000, 1.000000000000000000 ) ) ;
#7992 = DIRECTION ( 'NONE',  ( 1.000000000000000000, 0.000000000000000000, -0.000000000000000000 ) ) ;
#7993 = MANIFOLD_SOLID_BREP ( 'LPattern1[18]', #9896 ) ;
#7994 = SURFACE_STYLE_USAGE ( .BOTH. , #4817 ) ;
#7995 = CARTESIAN_POINT ( 'NONE',  ( -2.250000000000000000, 0.2699999999999994071, 2.660000000000001030 ) ) ;
#7996 = ORIENTED_EDGE ( 'NONE', *, *, #5676, .T. ) ;
#7997 = VERTEX_POINT ( 'NONE', #8223 ) ;
#7998 = CARTESIAN_POINT ( 'NONE',  ( 3.250000000000000888, 0.2699999999999994071, 3.340000000000001190 ) ) ;
#7999 = DIRECTION ( 'NONE',  ( 1.000000000000000000, 0.000000000000000000, 1.224646799147353207E-16 ) ) ;
#8000 = CARTESIAN_POINT ( 'NONE',  ( -2.750000000000000000, 0.1499999999999999944, -2.249999999999999556 ) ) ;
#8001 = DIRECTION ( 'NONE',  ( -1.000000000000000000, 0.000000000000000000, 0.000000000000000000 ) ) ;
#8002 = CIRCLE ( 'NONE', #12782, 0.08999999999999980238 ) ;
#8003 = FACE_OUTER_BOUND ( 'NONE', #3717, .T. ) ;
#8004 = CIRCLE ( 'NONE', #5450, 0.1499999999999998557 ) ;
#8005 = ORIENTED_EDGE ( 'NONE', *, *, #6875, .F. ) ;
#8006 = EDGE_CURVE ( 'NONE', #7399, #4444, #10604, .T. ) ;
#8007 = AXIS2_PLACEMENT_3D ( 'NONE', #7343, #11424, #4586 ) ;
#8008 =( GEOMETRIC_REPRESENTATION_CONTEXT ( 3 ) GLOBAL_UNCERTAINTY_ASSIGNED_CONTEXT ( ( #12053 ) ) GLOBAL_UNIT_ASSIGNED_CONTEXT ( ( #10380, #8302, #1573 ) ) REPRESENTATION_CONTEXT ( 'NONE', 'WORKASPACE' ) );
#8009 = AXIS2_PLACEMENT_3D ( 'NONE', #6357, #3449, #8194 ) ;
#8010 = EDGE_LOOP ( 'NONE', ( #6416, #1498, #12843 ) ) ;
#8011 = DIRECTION ( 'NONE',  ( 1.000000000000000000, 0.000000000000000000, -0.000000000000000000 ) ) ;
#8012 = PRESENTATION_LAYER_ASSIGNMENT (  '', '', ( #422 ) ) ;
#8013 = CARTESIAN_POINT ( 'NONE',  ( 2.250000000000000000, 0.2699999999999994071, 2.340000000000000746 ) ) ;
#8014 = ORIENTED_EDGE ( 'NONE', *, *, #1004, .F. ) ;
#8015 = ORIENTED_EDGE ( 'NONE', *, *, #2325, .F. ) ;
#8016 = DIRECTION ( 'NONE',  ( 1.000000000000000000, 0.000000000000000000, 1.224646799147353207E-16 ) ) ;
#8017 = CARTESIAN_POINT ( 'NONE',  ( -5.250000000000001776, 1.020035713374681574, -5.999999999999999112 ) ) ;
#8018 = DIRECTION ( 'NONE',  ( -0.000000000000000000, 1.000000000000000000, -0.000000000000000000 ) ) ;
#8019 = DIRECTION ( 'NONE',  ( 0.000000000000000000, 0.000000000000000000, 1.000000000000000000 ) ) ;
#8020 = FACE_OUTER_BOUND ( 'NONE', #11894, .T. ) ;
#8021 = CIRCLE ( 'NONE', #2481, 0.08999999999999980238 ) ;
#8022 = DIRECTION ( 'NONE',  ( 1.000000000000000000, 0.000000000000000000, -0.000000000000000000 ) ) ;
#8023 = CIRCLE ( 'NONE', #2482, 0.1499999999999999667 ) ;
#8024 = DIRECTION ( 'NONE',  ( 0.000000000000000000, 0.000000000000000000, 1.000000000000000000 ) ) ;
#8025 = CLOSED_SHELL ( 'NONE', ( #3043, #6670, #11683 ) ) ;
#8026 = DIRECTION ( 'NONE',  ( 0.000000000000000000, 0.000000000000000000, 1.000000000000000000 ) ) ;
#8027 = DIRECTION ( 'NONE',  ( 0.000000000000000000, 0.000000000000000000, 1.000000000000000000 ) ) ;
#8028 = SURFACE_STYLE_USAGE ( .BOTH. , #7021 ) ;
#8029 = EDGE_CURVE ( 'NONE', #1596, #4053, #1943, .T. ) ;
#8030 = CARTESIAN_POINT ( 'NONE',  ( 3.250000000000000888, 0.2699999999999994071, -0.2499999999999989175 ) ) ;
#8031 = ORIENTED_EDGE ( 'NONE', *, *, #8206, .F. ) ;
#8032 = DIRECTION ( 'NONE',  ( 1.000000000000000000, 0.000000000000000000, 1.224646799147353207E-16 ) ) ;
#8033 = AXIS2_PLACEMENT_3D ( 'NONE', #541, #5588, #11669 ) ;
#8034 = EDGE_CURVE ( 'NONE', #6752, #5897, #2292, .T. ) ;
#8035 = CIRCLE ( 'NONE', #3484, 0.08999999999999980238 ) ;
#8036 = ORIENTED_EDGE ( 'NONE', *, *, #8125, .F. ) ;
#8037 = FILL_AREA_STYLE_COLOUR ( '', #1597 ) ;
#8038 =( NAMED_UNIT ( * ) SI_UNIT ( $, .STERADIAN. ) SOLID_ANGLE_UNIT ( ) );
#8039 = ORIENTED_EDGE ( 'NONE', *, *, #3658, .T. ) ;
#8040 = ADVANCED_FACE ( 'NONE', ( #1964 ), #6218, .T. ) ;
#8041 = PRESENTATION_STYLE_ASSIGNMENT (( #7043 ) ) ;
#8042 = SPHERICAL_SURFACE ( 'NONE', #1769, 0.1499999999999998557 ) ;
#8043 = STYLED_ITEM ( 'NONE', ( #10175 ), #2410 ) ;
#8044 = SPHERICAL_SURFACE ( 'NONE', #10772, 0.1499999999999998557 ) ;
#8045 = UNCERTAINTY_MEASURE_WITH_UNIT (LENGTH_MEASURE( 1.000000000000000082E-05 ), #156, 'distance_accuracy_value', 'NONE');
#8046 = UNCERTAINTY_MEASURE_WITH_UNIT (LENGTH_MEASURE( 1.000000000000000082E-05 ), #5393, 'distance_accuracy_value', 'NONE');
#8047 = ADVANCED_FACE ( 'NONE', ( #6271 ), #6249, .T. ) ;
#8048 = PRESENTATION_LAYER_ASSIGNMENT (  '', '', ( #6638 ) ) ;
#8049 = FACE_OUTER_BOUND ( 'NONE', #8517, .T. ) ;
#8050 = DIRECTION ( 'NONE',  ( 0.000000000000000000, 0.000000000000000000, 1.000000000000000000 ) ) ;
#8051 = AXIS2_PLACEMENT_3D ( 'NONE', #8995, #11081, #6001 ) ;
#8052 = VERTEX_POINT ( 'NONE', #10305 ) ;
#8053 = ADVANCED_FACE ( 'NONE', ( #6553 ), #6597, .T. ) ;
#8054 = CARTESIAN_POINT ( 'NONE',  ( -0.7499999999999997780, 0.2699999999999994071, -3.159999999999998810 ) ) ;
#8055 = EDGE_CURVE ( 'NONE', #2365, #2066, #10905, .T. ) ;
#8056 = CARTESIAN_POINT ( 'NONE',  ( -2.750000000000000000, 0.2699999999999994071, 0.6600000000000006972 ) ) ;
#8057 = CARTESIAN_POINT ( 'NONE',  ( -0.7499999999999997780, 1.355252715606880543E-16, -3.249999999999999556 ) ) ;
#8058 = VERTEX_POINT ( 'NONE', #5383 ) ;
#8059 = CARTESIAN_POINT ( 'NONE',  ( -2.250000000000000000, 0.1499999999999999944, 1.750000000000000666 ) ) ;
#8060 = CARTESIAN_POINT ( 'NONE',  ( -3.250000000000000000, 0.1499999999999999944, 2.250000000000000444 ) ) ;
#8061 = DIRECTION ( 'NONE',  ( 0.000000000000000000, 0.000000000000000000, 1.000000000000000000 ) ) ;
#8062 = DIRECTION ( 'NONE',  ( 0.000000000000000000, 0.000000000000000000, -1.000000000000000000 ) ) ;
#8063 = DIRECTION ( 'NONE',  ( 0.000000000000000000, 0.000000000000000000, 1.000000000000000000 ) ) ;
#8064 = ADVANCED_FACE ( 'NONE', ( #6409 ), #1066, .T. ) ;
#8065 = CARTESIAN_POINT ( 'NONE',  ( -0.2499999999999997780, 0.1499999999999999944, 2.250000000000000444 ) ) ;
#8066 = VERTEX_POINT ( 'NONE', #8054 ) ;
#8067 = CARTESIAN_POINT ( 'NONE',  ( -5.750000000000001776, 0.8000000000000000444, 6.500000000000000000 ) ) ;
#8068 = ORIENTED_EDGE ( 'NONE', *, *, #5652, .F. ) ;
#8069 = STYLED_ITEM ( 'NONE', ( #4335 ), #7162 ) ;
#8070 = EDGE_CURVE ( 'NONE', #10092, #8388, #6294, .T. ) ;
#8071 = FACE_OUTER_BOUND ( 'NONE', #7410, .T. ) ;
#8072 = VECTOR ( 'NONE', #2544, 1000.000000000000000 ) ;
#8073 = VERTEX_POINT ( 'NONE', #8138 ) ;
#8074 = CARTESIAN_POINT ( 'NONE',  ( -1.749999999999999778, 0.2699999999999994071, 3.340000000000001634 ) ) ;
#8075 = EDGE_CURVE ( 'NONE', #11982, #2418, #10579, .T. ) ;
#8076 = MECHANICAL_DESIGN_GEOMETRIC_PRESENTATION_REPRESENTATION (  '', ( #2756 ), #7140 ) ;
#8077 = CLOSED_SHELL ( 'NONE', ( #10375, #10140, #10157 ) ) ;
#8078 = DIRECTION ( 'NONE',  ( -0.000000000000000000, 1.000000000000000000, -0.000000000000000000 ) ) ;
#8079 = FACE_OUTER_BOUND ( 'NONE', #10866, .T. ) ;
#8080 = DIRECTION ( 'NONE',  ( 0.000000000000000000, 0.000000000000000000, 1.000000000000000000 ) ) ;
#8081 = DIRECTION ( 'NONE',  ( 0.000000000000000000, 0.000000000000000000, 1.000000000000000000 ) ) ;
#8082 = ORIENTED_EDGE ( 'NONE', *, *, #2364, .F. ) ;
#8083 = CARTESIAN_POINT ( 'NONE',  ( 5.749999999999998224, -17.35655495770977907, 6.500000000000000000 ) ) ;
#8084 = EDGE_LOOP ( 'NONE', ( #4489, #473 ) ) ;
#8085 = DIRECTION ( 'NONE',  ( -1.000000000000000000, 0.000000000000000000, 0.000000000000000000 ) ) ;
#8086 = ADVANCED_FACE ( 'NONE', ( #2118 ), #10739, .T. ) ;
#8087 = CARTESIAN_POINT ( 'NONE',  ( 1.750000000000000222, 0.2699999999999994071, 2.840000000000000746 ) ) ;
#8088 = DIRECTION ( 'NONE',  ( 1.000000000000000000, 0.000000000000000000, -0.000000000000000000 ) ) ;
#8089 = CARTESIAN_POINT ( 'NONE',  ( -1.249999999999999778, 0.1499999999999999944, -3.249999999999999556 ) ) ;
#8090 = FACE_OUTER_BOUND ( 'NONE', #3740, .T. ) ;
#8091 = PRESENTATION_LAYER_ASSIGNMENT (  '', '', ( #1275 ) ) ;
#8092 = SPHERICAL_SURFACE ( 'NONE', #11499, 0.1499999999999998557 ) ;
#8093 = AXIS2_PLACEMENT_3D ( 'NONE', #12091, #2413, #8345 ) ;
#8094 = ADVANCED_FACE ( 'NONE', ( #6450 ), #8474, .T. ) ;
#8095 =( NAMED_UNIT ( * ) SI_UNIT ( $, .STERADIAN. ) SOLID_ANGLE_UNIT ( ) );
#8096 = SURFACE_STYLE_USAGE ( .BOTH. , #2988 ) ;
#8097 = MANIFOLD_SOLID_BREP ( 'LPattern1[184]', #606 ) ;
#8098 = VERTEX_POINT ( 'NONE', #12709 ) ;
#8099 = AXIS2_PLACEMENT_3D ( 'NONE', #9583, #5415, #9417 ) ;
#8100 = ORIENTED_EDGE ( 'NONE', *, *, #1560, .F. ) ;
#8101 = EDGE_CURVE ( 'NONE', #2815, #1596, #6509, .T. ) ;
#8102 = PLANE ( 'NONE',  #2405 ) ;
#8103 = CIRCLE ( 'NONE', #6728, 0.08999999999999980238 ) ;
#8104 =( GEOMETRIC_REPRESENTATION_CONTEXT ( 3 ) GLOBAL_UNCERTAINTY_ASSIGNED_CONTEXT ( ( #743 ) ) GLOBAL_UNIT_ASSIGNED_CONTEXT ( ( #10038, #5859, #884 ) ) REPRESENTATION_CONTEXT ( 'NONE', 'WORKASPACE' ) );
#8105 =( LENGTH_UNIT ( ) NAMED_UNIT ( * ) SI_UNIT ( .MILLI., .METRE. ) );
#8106 = ORIENTED_EDGE ( 'NONE', *, *, #1898, .T. ) ;
#8107 = EDGE_LOOP ( 'NONE', ( #9815, #5665 ) ) ;
#8108 = CIRCLE ( 'NONE', #3469, 0.1499999999999999667 ) ;
#8109 = FACE_OUTER_BOUND ( 'NONE', #11729, .T. ) ;
#8110 = CARTESIAN_POINT ( 'NONE',  ( -2.750000000000000000, 1.355252715606880543E-16, -3.249999999999999556 ) ) ;
#8111 = CARTESIAN_POINT ( 'NONE',  ( -3.250000000000000000, 1.355252715606880543E-16, 2.250000000000000444 ) ) ;
#8112 = FACE_OUTER_BOUND ( 'NONE', #7516, .T. ) ;
#8113 = COLOUR_RGB ( '',0.7921568627450980005, 0.8196078431372548767, 0.9333333333333333481 ) ;
#8114 = PLANE ( 'NONE',  #9382 ) ;
#8115 = AXIS2_PLACEMENT_3D ( 'NONE', #3841, #3933, #10767 ) ;
#8116 = DIRECTION ( 'NONE',  ( -1.000000000000000000, 0.000000000000000000, 0.000000000000000000 ) ) ;
#8117 = ORIENTED_EDGE ( 'NONE', *, *, #1028, .T. ) ;
#8118 = CARTESIAN_POINT ( 'NONE',  ( 1.250000000000000666, 0.2699999999999994071, -0.8399999999999994138 ) ) ;
#8119 = CARTESIAN_POINT ( 'NONE',  ( 3.250000000000000888, 0.1499999999999999944, -1.749999999999999334 ) ) ;
#8120 = STYLED_ITEM ( 'NONE', ( #3468 ), #1676 ) ;
#8121 = SURFACE_SIDE_STYLE ('',( #5802 ) ) ;
#8122 = VERTEX_POINT ( 'NONE', #517 ) ;
#8123 = FILL_AREA_STYLE ('',( #10455 ) ) ;
#8124 = DIRECTION ( 'NONE',  ( 0.000000000000000000, 0.000000000000000000, 1.000000000000000000 ) ) ;
#8125 = EDGE_CURVE ( 'NONE', #2155, #4934, #1877, .T. ) ;
#8126 = FACE_OUTER_BOUND ( 'NONE', #8478, .T. ) ;
#8127 = EDGE_LOOP ( 'NONE', ( #5431, #165, #9370 ) ) ;
#8128 = DIRECTION ( 'NONE',  ( 1.000000000000000000, 0.000000000000000000, -0.000000000000000000 ) ) ;
#8129 = CLOSED_SHELL ( 'NONE', ( #7948, #10835, #10735 ) ) ;
#8130 = AXIS2_PLACEMENT_3D ( 'NONE', #2469, #5477, #5388 ) ;
#8131 = PRESENTATION_STYLE_ASSIGNMENT (( #6392 ) ) ;
#8132 =( LENGTH_UNIT ( ) NAMED_UNIT ( * ) SI_UNIT ( .MILLI., .METRE. ) );
#8133 = CIRCLE ( 'NONE', #9514, 0.1499999999999999667 ) ;
#8134 = CIRCLE ( 'NONE', #11194, 0.1499999999999999667 ) ;
#8135 = FACE_OUTER_BOUND ( 'NONE', #4100, .T. ) ;
#8136 = CARTESIAN_POINT ( 'NONE',  ( -0.2499999999999997780, 0.2699999999999994071, 2.750000000000001332 ) ) ;
#8137 = EDGE_LOOP ( 'NONE', ( #7712, #4760 ) ) ;
#8138 = CARTESIAN_POINT ( 'NONE',  ( 0.7500000000000002220, 1.355252715606880543E-16, 2.250000000000000444 ) ) ;
#8139 =( GEOMETRIC_REPRESENTATION_CONTEXT ( 3 ) GLOBAL_UNCERTAINTY_ASSIGNED_CONTEXT ( ( #7417 ) ) GLOBAL_UNIT_ASSIGNED_CONTEXT ( ( #12603, #1635, #2598 ) ) REPRESENTATION_CONTEXT ( 'NONE', 'WORKASPACE' ) );
#8140 =( LENGTH_UNIT ( ) NAMED_UNIT ( * ) SI_UNIT ( .MILLI., .METRE. ) );
#8141 = DIRECTION ( 'NONE',  ( 1.000000000000000000, 0.000000000000000000, -0.000000000000000000 ) ) ;
#8142 =( LENGTH_UNIT ( ) NAMED_UNIT ( * ) SI_UNIT ( .MILLI., .METRE. ) );
#8143 = VERTEX_POINT ( 'NONE', #2463 ) ;
#8144 = DIRECTION ( 'NONE',  ( 1.000000000000000000, 0.000000000000000000, -0.000000000000000000 ) ) ;
#8145 = CARTESIAN_POINT ( 'NONE',  ( -3.250000000000000000, 0.2699999999999994071, 1.840000000000000968 ) ) ;
#8146 = CARTESIAN_POINT ( 'NONE',  ( 2.750000000000000444, 0.2699999999999994071, -2.839999999999999858 ) ) ;
#8147 =( LENGTH_UNIT ( ) NAMED_UNIT ( * ) SI_UNIT ( .MILLI., .METRE. ) );
#8148 = CARTESIAN_POINT ( 'NONE',  ( 2.250000000000000000, 0.2699999999999994071, 1.340000000000001412 ) ) ;
#8149 = SPHERICAL_SURFACE ( 'NONE', #9392, 0.1499999999999998557 ) ;
#8150 = CARTESIAN_POINT ( 'NONE',  ( -0.7499999999999997780, 0.2699999999999994071, 3.250000000000001776 ) ) ;
#8151 = ORIENTED_EDGE ( 'NONE', *, *, #1678, .T. ) ;
#8152 = DIRECTION ( 'NONE',  ( 1.000000000000000000, 0.000000000000000000, 1.224646799147353207E-16 ) ) ;
#8153 = VERTEX_POINT ( 'NONE', #11557 ) ;
#8154 = STYLED_ITEM ( 'NONE', ( #3277 ), #8803 ) ;
#8155 = CIRCLE ( 'NONE', #2219, 0.08999999999999980238 ) ;
#8156 = AXIS2_PLACEMENT_3D ( 'NONE', #291, #3077, #4072 ) ;
#8157 = DIRECTION ( 'NONE',  ( 1.000000000000000000, 0.000000000000000000, -0.000000000000000000 ) ) ;
#8158 = SPHERICAL_SURFACE ( 'NONE', #3771, 0.1499999999999998557 ) ;
#8159 = FACE_OUTER_BOUND ( 'NONE', #7691, .T. ) ;
#8160 = ADVANCED_FACE ( 'NONE', ( #10492 ), #1897, .T. ) ;
#8161 = SPHERICAL_SURFACE ( 'NONE', #1863, 0.1499999999999998557 ) ;
#8162 = AXIS2_PLACEMENT_3D ( 'NONE', #5127, #2218, #5954 ) ;
#8163 = VERTEX_POINT ( 'NONE', #5732 ) ;
#8164 = ADVANCED_FACE ( 'NONE', ( #10819 ), #759, .T. ) ;
#8165 = ORIENTED_EDGE ( 'NONE', *, *, #5, .F. ) ;
#8166 = DIRECTION ( 'NONE',  ( 0.000000000000000000, 0.000000000000000000, 1.000000000000000000 ) ) ;
#8167 = VECTOR ( 'NONE', #11464, 1000.000000000000000 ) ;
#8168 = ADVANCED_FACE ( 'NONE', ( #2232 ), #6533, .T. ) ;
#8169 = ADVANCED_FACE ( 'NONE', ( #2255 ), #10466, .T. ) ;
#8170 = CARTESIAN_POINT ( 'NONE',  ( -5.250000000000001776, 0.3200000000000000067, -6.494999999999999218 ) ) ;
#8171 = ORIENTED_EDGE ( 'NONE', *, *, #9119, .F. ) ;
#8172 =( NAMED_UNIT ( * ) PLANE_ANGLE_UNIT ( ) SI_UNIT ( $, .RADIAN. ) );
#8173 = CLOSED_SHELL ( 'NONE', ( #9851, #1082, #9097 ) ) ;
#8174 = DIRECTION ( 'NONE',  ( 1.000000000000000000, 0.000000000000000000, -0.000000000000000000 ) ) ;
#8175 = AXIS2_PLACEMENT_3D ( 'NONE', #9434, #10435, #2502 ) ;
#8176 = CARTESIAN_POINT ( 'NONE',  ( -0.7499999999999997780, 0.2699999999999994071, 3.250000000000001776 ) ) ;
#8177 = CARTESIAN_POINT ( 'NONE',  ( 1.250000000000000666, 0.1499999999999999944, 1.250000000000001110 ) ) ;
#8178 = DIRECTION ( 'NONE',  ( 0.000000000000000000, 0.000000000000000000, 1.000000000000000000 ) ) ;
#8179 = SPHERICAL_SURFACE ( 'NONE', #2522, 0.1499999999999998557 ) ;
#8180 = SURFACE_STYLE_FILL_AREA ( #7654 ) ;
#8181 = CARTESIAN_POINT ( 'NONE',  ( 2.750000000000000444, 1.355252715606880543E-16, -2.249999999999999556 ) ) ;
#8182 =( GEOMETRIC_REPRESENTATION_CONTEXT ( 3 ) GLOBAL_UNCERTAINTY_ASSIGNED_CONTEXT ( ( #2752 ) ) GLOBAL_UNIT_ASSIGNED_CONTEXT ( ( #1166, #7135, #3044 ) ) REPRESENTATION_CONTEXT ( 'NONE', 'WORKASPACE' ) );
#8183 = CIRCLE ( 'NONE', #10991, 0.08999999999999980238 ) ;
#8184 = CARTESIAN_POINT ( 'NONE',  ( -5.250000000000001776, 0.3200000000000000067, -5.999999999999999112 ) ) ;
#8185 = ORIENTED_EDGE ( 'NONE', *, *, #2136, .T. ) ;
#8186 = EDGE_LOOP ( 'NONE', ( #8192, #7528, #8366 ) ) ;
#8187 = FILL_AREA_STYLE ('',( #12184 ) ) ;
#8188 = ADVANCED_FACE ( 'NONE', ( #2007 ), #10633, .T. ) ;
#8189 = DIRECTION ( 'NONE',  ( 0.000000000000000000, 0.000000000000000000, 1.000000000000000000 ) ) ;
#8190 = VERTEX_POINT ( 'NONE', #5562 ) ;
#8191 = MANIFOLD_SOLID_BREP ( 'LPattern1[190]', #5531 ) ;
#8192 = ORIENTED_EDGE ( 'NONE', *, *, #2621, .F. ) ;
#8193 = PRESENTATION_STYLE_ASSIGNMENT (( #7994 ) ) ;
#8194 = DIRECTION ( 'NONE',  ( 0.000000000000000000, 0.000000000000000000, 1.000000000000000000 ) ) ;
#8195 = CARTESIAN_POINT ( 'NONE',  ( -2.750000000000000000, 0.1499999999999999944, 3.250000000000001332 ) ) ;
#8196 = AXIS2_PLACEMENT_3D ( 'NONE', #11369, #5639, #3376 ) ;
#8197 = ADVANCED_FACE ( 'NONE', ( #6759 ), #6834, .T. ) ;
#8198 = CIRCLE ( 'NONE', #1040, 0.1499999999999998557 ) ;
#8199 = CARTESIAN_POINT ( 'NONE',  ( -2.750000000000000000, 0.1499999999999999944, 2.250000000000000444 ) ) ;
#8200 = ORIENTED_EDGE ( 'NONE', *, *, #4786, .T. ) ;
#8201 = SURFACE_SIDE_STYLE ('',( #2191 ) ) ;
#8202 = AXIS2_PLACEMENT_3D ( 'NONE', #12202, #11186, #7560 ) ;
#8203 = SURFACE_SIDE_STYLE ('',( #6972 ) ) ;
#8204 = DIRECTION ( 'NONE',  ( 0.000000000000000000, 0.000000000000000000, 1.000000000000000000 ) ) ;
#8205 = EDGE_LOOP ( 'NONE', ( #7797, #300, #4196 ) ) ;
#8206 = EDGE_CURVE ( 'NONE', #3018, #11654, #2608, .T. ) ;
#8207 = DIRECTION ( 'NONE',  ( 0.000000000000000000, 0.000000000000000000, 1.000000000000000000 ) ) ;
#8208 = STYLED_ITEM ( 'NONE', ( #9709 ), #2332 ) ;
#8209 = CIRCLE ( 'NONE', #1759, 0.08999999999999980238 ) ;
#8210 = UNCERTAINTY_MEASURE_WITH_UNIT (LENGTH_MEASURE( 1.000000000000000082E-05 ), #3789, 'distance_accuracy_value', 'NONE');
#8211 = ORIENTED_EDGE ( 'NONE', *, *, #5482, .T. ) ;
#8212 = PLANE ( 'NONE',  #8783 ) ;
#8213 = AXIS2_PLACEMENT_3D ( 'NONE', #8324, #10563, #8564 ) ;
#8214 = PLANE ( 'NONE',  #5979 ) ;
#8215 = EDGE_LOOP ( 'NONE', ( #8171, #5809, #5609 ) ) ;
#8216 = CIRCLE ( 'NONE', #373, 0.08999999999999980238 ) ;
#8217 = EDGE_CURVE ( 'NONE', #10895, #7329, #6619, .T. ) ;
#8218 = SPHERICAL_SURFACE ( 'NONE', #4714, 0.1499999999999998557 ) ;
#8219 = PRESENTATION_STYLE_ASSIGNMENT (( #8028 ) ) ;
#8220 = DIRECTION ( 'NONE',  ( 1.000000000000000000, 0.000000000000000000, -0.000000000000000000 ) ) ;
#8221 = EDGE_LOOP ( 'NONE', ( #1984, #6704, #1242 ) ) ;
#8222 = AXIS2_PLACEMENT_3D ( 'NONE', #10707, #8780, #9976 ) ;
#8223 = CARTESIAN_POINT ( 'NONE',  ( 0.7500000000000002220, 1.355252715606880543E-16, 2.750000000000000888 ) ) ;
#8224 = DIRECTION ( 'NONE',  ( -0.000000000000000000, 1.000000000000000000, 0.000000000000000000 ) ) ;
#8225 =( NAMED_UNIT ( * ) PLANE_ANGLE_UNIT ( ) SI_UNIT ( $, .RADIAN. ) );
#8226 = AXIS2_PLACEMENT_3D ( 'NONE', #6660, #1509, #1427 ) ;
#8227 = CARTESIAN_POINT ( 'NONE',  ( -2.750000000000000000, 0.2699999999999994071, 1.340000000000001412 ) ) ;
#8228 = VERTEX_POINT ( 'NONE', #12793 ) ;
#8229 = CARTESIAN_POINT ( 'NONE',  ( 2.750000000000000444, 0.2699999999999994071, 1.340000000000001412 ) ) ;
#8230 = CARTESIAN_POINT ( 'NONE',  ( 0.7500000000000002220, 0.2699999999999994071, 2.160000000000000586 ) ) ;
#8231 = DIRECTION ( 'NONE',  ( -0.000000000000000000, 1.000000000000000000, 0.000000000000000000 ) ) ;
#8232 = PLANE ( 'NONE',  #91 ) ;
#8233 = MECHANICAL_DESIGN_GEOMETRIC_PRESENTATION_REPRESENTATION (  '', ( #5108 ), #10547 ) ;
#8234 = CIRCLE ( 'NONE', #10320, 0.1499999999999999667 ) ;
#8235 = PLANE ( 'NONE',  #1799 ) ;
#8236 = PRESENTATION_LAYER_ASSIGNMENT (  '', '', ( #11025 ) ) ;
#8237 = ORIENTED_EDGE ( 'NONE', *, *, #831, .T. ) ;
#8238 = ORIENTED_EDGE ( 'NONE', *, *, #12410, .T. ) ;
#8239 = COLOUR_RGB ( '',0.7921568627450980005, 0.8196078431372548767, 0.9333333333333333481 ) ;
#8240 = PRESENTATION_LAYER_ASSIGNMENT (  '', '', ( #3569 ) ) ;
#8241 = AXIS2_PLACEMENT_3D ( 'NONE', #3509, #8248, #6152 ) ;
#8242 = DIRECTION ( 'NONE',  ( 0.000000000000000000, 0.000000000000000000, 1.000000000000000000 ) ) ;
#8243 = COLOUR_RGB ( '',0.7921568627450980005, 0.8196078431372548767, 0.9333333333333333481 ) ;
#8244 = CIRCLE ( 'NONE', #9969, 0.08999999999999980238 ) ;
#8245 = PRESENTATION_LAYER_ASSIGNMENT (  '', '', ( #649 ) ) ;
#8246 = VERTEX_POINT ( 'NONE', #9910 ) ;
#8247 = ORIENTED_EDGE ( 'NONE', *, *, #8418, .T. ) ;
#8248 = DIRECTION ( 'NONE',  ( -0.000000000000000000, 1.000000000000000000, 0.000000000000000000 ) ) ;
#8249 = DIRECTION ( 'NONE',  ( 1.000000000000000000, 0.000000000000000000, -0.000000000000000000 ) ) ;
#8250 = AXIS2_PLACEMENT_3D ( 'NONE', #10903, #10652, #2798 ) ;
#8251 = PRESENTATION_STYLE_ASSIGNMENT (( #11374 ) ) ;
#8252 = SURFACE_SIDE_STYLE ('',( #754 ) ) ;
#8253 = ORIENTED_EDGE ( 'NONE', *, *, #6175, .F. ) ;
#8254 = DIRECTION ( 'NONE',  ( 0.000000000000000000, 0.000000000000000000, 1.000000000000000000 ) ) ;
#8255 = VERTEX_POINT ( 'NONE', #12080 ) ;
#8256 = ADVANCED_FACE ( 'NONE', ( #7040 ), #2444, .T. ) ;
#8257 = SURFACE_STYLE_FILL_AREA ( #157 ) ;
#8258 = DIRECTION ( 'NONE',  ( 1.000000000000000000, 0.000000000000000000, -0.000000000000000000 ) ) ;
#8259 = DIRECTION ( 'NONE',  ( 0.000000000000000000, 0.000000000000000000, -1.000000000000000000 ) ) ;
#8260 = CARTESIAN_POINT ( 'NONE',  ( 0.7500000000000002220, 0.2699999999999994071, -3.249999999999999112 ) ) ;
#8261 = DIRECTION ( 'NONE',  ( -1.000000000000000000, 0.000000000000000000, 0.000000000000000000 ) ) ;
#8262 = AXIS2_PLACEMENT_3D ( 'NONE', #4181, #6112, #5943 ) ;
#8263 = FACE_OUTER_BOUND ( 'NONE', #3986, .T. ) ;
#8264 = DIRECTION ( 'NONE',  ( 1.000000000000000000, 0.000000000000000000, 1.224646799147353207E-16 ) ) ;
#8265 = ADVANCED_FACE ( 'NONE', ( #2734 ), #6857, .T. ) ;
#8266 = COLOUR_RGB ( '',0.7921568627450980005, 0.8196078431372548767, 0.9333333333333333481 ) ;
#8267 = CARTESIAN_POINT ( 'NONE',  ( -3.250000000000000000, 0.1499999999999999944, -2.749999999999999556 ) ) ;
#8268 = EDGE_CURVE ( 'NONE', #1372, #7329, #2581, .T. ) ;
#8269 = ORIENTED_EDGE ( 'NONE', *, *, #11606, .F. ) ;
#8270 = ADVANCED_FACE ( 'NONE', ( #2632 ), #7068, .T. ) ;
#8271 =( GEOMETRIC_REPRESENTATION_CONTEXT ( 3 ) GLOBAL_UNCERTAINTY_ASSIGNED_CONTEXT ( ( #5177 ) ) GLOBAL_UNIT_ASSIGNED_CONTEXT ( ( #6425, #1692, #463 ) ) REPRESENTATION_CONTEXT ( 'NONE', 'WORKASPACE' ) );
#8272 = ORIENTED_EDGE ( 'NONE', *, *, #4598, .T. ) ;
#8273 = DIRECTION ( 'NONE',  ( 0.000000000000000000, 0.000000000000000000, 1.000000000000000000 ) ) ;
#8274 = COLOUR_RGB ( '',0.7921568627450980005, 0.8196078431372548767, 0.9333333333333333481 ) ;
#8275 = ADVANCED_FACE ( 'NONE', ( #11243 ), #11234, .T. ) ;
#8276 = ADVANCED_FACE ( 'NONE', ( #6742 ), #7020, .T. ) ;
#8277 = CARTESIAN_POINT ( 'NONE',  ( -3.250000000000000000, 0.1499999999999999944, 1.250000000000001110 ) ) ;
#8278 = ORIENTED_EDGE ( 'NONE', *, *, #8034, .T. ) ;
#8279 = AXIS2_PLACEMENT_3D ( 'NONE', #8807, #2879, #6111 ) ;
#8280 = AXIS2_PLACEMENT_3D ( 'NONE', #2368, #4352, #5364 ) ;
#8281 = EDGE_LOOP ( 'NONE', ( #12401, #12314, #12702 ) ) ;
#8282 = PRESENTATION_STYLE_ASSIGNMENT (( #3805 ) ) ;
#8283 = DIRECTION ( 'NONE',  ( 0.000000000000000000, 0.000000000000000000, 1.000000000000000000 ) ) ;
#8284 = CARTESIAN_POINT ( 'NONE',  ( 0.2500000000000002220, 0.2699999999999994071, -2.659999999999999254 ) ) ;
#8285 = DIRECTION ( 'NONE',  ( 0.000000000000000000, 0.000000000000000000, 1.000000000000000000 ) ) ;
#8286 = CIRCLE ( 'NONE', #5261, 0.1499999999999999667 ) ;
#8287 = DIRECTION ( 'NONE',  ( 1.000000000000000000, 0.000000000000000000, -0.000000000000000000 ) ) ;
#8288 = EDGE_CURVE ( 'NONE', #11281, #494, #2672, .T. ) ;
#8289 = CARTESIAN_POINT ( 'NONE',  ( -0.7499999999999997780, 0.1499999999999999944, -3.249999999999999556 ) ) ;
#8290 = VERTEX_POINT ( 'NONE', #5241 ) ;
#8291 = DIRECTION ( 'NONE',  ( -0.000000000000000000, 1.000000000000000000, -0.000000000000000000 ) ) ;
#8292 =( GEOMETRIC_REPRESENTATION_CONTEXT ( 3 ) GLOBAL_UNCERTAINTY_ASSIGNED_CONTEXT ( ( #10750 ) ) GLOBAL_UNIT_ASSIGNED_CONTEXT ( ( #6985, #2712, #3729 ) ) REPRESENTATION_CONTEXT ( 'NONE', 'WORKASPACE' ) );
#8293 = CARTESIAN_POINT ( 'NONE',  ( 3.250000000000000888, 0.2699999999999994071, 0.8400000000000010791 ) ) ;
#8294 = DIRECTION ( 'NONE',  ( 0.000000000000000000, 0.000000000000000000, 1.000000000000000000 ) ) ;
#8295 = MECHANICAL_DESIGN_GEOMETRIC_PRESENTATION_REPRESENTATION (  '', ( #11882 ), #4554 ) ;
#8296 = ORIENTED_EDGE ( 'NONE', *, *, #12856, .T. ) ;
#8297 = CARTESIAN_POINT ( 'NONE',  ( -5.750000000000001776, 0.8000000000000000444, 6.500000000000000000 ) ) ;
#8298 = DIRECTION ( 'NONE',  ( -1.000000000000000000, 0.000000000000000000, 0.000000000000000000 ) ) ;
#8299 = ADVANCED_FACE ( 'NONE', ( #6976 ), #11309, .T. ) ;
#8300 = PRESENTATION_LAYER_ASSIGNMENT (  '', '', ( #4414 ) ) ;
#8301 = ORIENTED_EDGE ( 'NONE', *, *, #5050, .F. ) ;
#8302 =( NAMED_UNIT ( * ) PLANE_ANGLE_UNIT ( ) SI_UNIT ( $, .RADIAN. ) );
#8303 = DIRECTION ( 'NONE',  ( 0.000000000000000000, 0.000000000000000000, 1.000000000000000000 ) ) ;
#8304 = EDGE_LOOP ( 'NONE', ( #749, #4990, #4971 ) ) ;
#8305 = SPHERICAL_SURFACE ( 'NONE', #7519, 0.1499999999999998557 ) ;
#8306 = AXIS2_PLACEMENT_3D ( 'NONE', #4096, #6680, #4756 ) ;
#8307 = CARTESIAN_POINT ( 'NONE',  ( -1.749999999999999778, 0.1499999999999999944, -2.749999999999999556 ) ) ;
#8308 = FACE_OUTER_BOUND ( 'NONE', #7147, .T. ) ;
#8309 = CIRCLE ( 'NONE', #1378, 0.1499999999999998557 ) ;
#8310 = DIRECTION ( 'NONE',  ( 0.000000000000000000, 0.000000000000000000, -1.000000000000000000 ) ) ;
#8311 = ORIENTED_EDGE ( 'NONE', *, *, #1623, .F. ) ;
#8312 = EDGE_CURVE ( 'NONE', #6944, #12527, #11079, .T. ) ;
#8313 = AXIS2_PLACEMENT_3D ( 'NONE', #4918, #1912, #2889 ) ;
#8314 = DIRECTION ( 'NONE',  ( 0.000000000000000000, 0.000000000000000000, -1.000000000000000000 ) ) ;
#8315 = STYLED_ITEM ( 'NONE', ( #8131 ), #8878 ) ;
#8316 = FILL_AREA_STYLE_COLOUR ( '', #8504 ) ;
#8317 =( LENGTH_UNIT ( ) NAMED_UNIT ( * ) SI_UNIT ( .MILLI., .METRE. ) );
#8318 = VERTEX_POINT ( 'NONE', #11923 ) ;
#8319 = CARTESIAN_POINT ( 'NONE',  ( -2.250000000000000000, 0.2699999999999994071, 2.340000000000000746 ) ) ;
#8320 = AXIS2_PLACEMENT_3D ( 'NONE', #11482, #5310, #687 ) ;
#8321 = SURFACE_STYLE_USAGE ( .BOTH. , #6479 ) ;
#8322 = CIRCLE ( 'NONE', #3628, 0.08999999999999980238 ) ;
#8323 = DIRECTION ( 'NONE',  ( 1.000000000000000000, 0.000000000000000000, -0.000000000000000000 ) ) ;
#8324 = CARTESIAN_POINT ( 'NONE',  ( -2.250000000000000000, 0.1499999999999999944, 2.250000000000000444 ) ) ;
#8325 = ORIENTED_EDGE ( 'NONE', *, *, #12537, .T. ) ;
#8326 = STYLED_ITEM ( 'NONE', ( #6822 ), #2863 ) ;
#8327 = VERTEX_POINT ( 'NONE', #12 ) ;
#8328 = CIRCLE ( 'NONE', #4559, 0.08999999999999980238 ) ;
#8329 = SURFACE_STYLE_FILL_AREA ( #4374 ) ;
#8330 = DIRECTION ( 'NONE',  ( 0.000000000000000000, 0.000000000000000000, -1.000000000000000000 ) ) ;
#8331 = SURFACE_STYLE_FILL_AREA ( #12276 ) ;
#8332 = CIRCLE ( 'NONE', #3106, 0.08999999999999980238 ) ;
#8333 = VERTEX_POINT ( 'NONE', #1008 ) ;
#8334 = EDGE_CURVE ( 'NONE', #6178, #11673, #11332, .T. ) ;
#8335 = ORIENTED_EDGE ( 'NONE', *, *, #11058, .T. ) ;
#8336 = STYLED_ITEM ( 'NONE', ( #1939 ), #4549 ) ;
#8337 = SURFACE_SIDE_STYLE ('',( #1982 ) ) ;
#8338 =( NAMED_UNIT ( * ) PLANE_ANGLE_UNIT ( ) SI_UNIT ( $, .RADIAN. ) );
#8339 = DIRECTION ( 'NONE',  ( 0.000000000000000000, 0.000000000000000000, -1.000000000000000000 ) ) ;
#8340 = CARTESIAN_POINT ( 'NONE',  ( -2.750000000000000000, 0.1499999999999999944, -0.7499999999999993339 ) ) ;
#8341 = CARTESIAN_POINT ( 'NONE',  ( -2.250000000000000000, 0.2699999999999994071, 1.160000000000001252 ) ) ;
#8342 = ORIENTED_EDGE ( 'NONE', *, *, #5982, .T. ) ;
#8343 = EDGE_LOOP ( 'NONE', ( #5782, #1801, #4425 ) ) ;
#8344 = FACE_OUTER_BOUND ( 'NONE', #2935, .T. ) ;
#8345 = DIRECTION ( 'NONE',  ( 0.000000000000000000, 0.000000000000000000, 1.000000000000000000 ) ) ;
#8346 = CARTESIAN_POINT ( 'NONE',  ( 0.2500000000000002220, 0.1499999999999999944, -2.249999999999999556 ) ) ;
#8347 = CARTESIAN_POINT ( 'NONE',  ( 0.7500000000000002220, 0.1499999999999999944, -3.249999999999999556 ) ) ;
#8348 = SURFACE_STYLE_FILL_AREA ( #11705 ) ;
#8349 = COLOUR_RGB ( '',0.7921568627450980005, 0.8196078431372548767, 0.9333333333333333481 ) ;
#8350 = CARTESIAN_POINT ( 'NONE',  ( -2.750000000000000000, 0.2699999999999994071, -3.249999999999999112 ) ) ;
#8351 = MANIFOLD_SOLID_BREP ( 'LPattern1[175]', #3739 ) ;
#8352 = MECHANICAL_DESIGN_GEOMETRIC_PRESENTATION_REPRESENTATION (  '', ( #6011 ), #3042 ) ;
#8353 = CARTESIAN_POINT ( 'NONE',  ( 0.2500000000000002220, 1.355252715606880543E-16, -3.249999999999999556 ) ) ;
#8354 = EDGE_LOOP ( 'NONE', ( #11531, #11090, #7177 ) ) ;
#8355 = DIRECTION ( 'NONE',  ( -0.000000000000000000, 1.000000000000000000, -0.000000000000000000 ) ) ;
#8356 = UNCERTAINTY_MEASURE_WITH_UNIT (LENGTH_MEASURE( 1.000000000000000082E-05 ), #5938, 'distance_accuracy_value', 'NONE');
#8357 = CARTESIAN_POINT ( 'NONE',  ( -4.312500000000001776, 0.6999999999999999556, -5.062499999999999112 ) ) ;
#8358 = UNCERTAINTY_MEASURE_WITH_UNIT (LENGTH_MEASURE( 1.000000000000000082E-05 ), #4317, 'distance_accuracy_value', 'NONE');
#8359 = MANIFOLD_SOLID_BREP ( 'LPattern1[67]', #7641 ) ;
#8360 = VECTOR ( 'NONE', #11769, 1000.000000000000000 ) ;
#8361 = PRESENTATION_LAYER_ASSIGNMENT (  '', '', ( #5394 ) ) ;
#8362 = STYLED_ITEM ( 'NONE', ( #10924 ), #8351 ) ;
#8363 = DIRECTION ( 'NONE',  ( -1.000000000000000000, 0.000000000000000000, 0.000000000000000000 ) ) ;
#8364 = ORIENTED_EDGE ( 'NONE', *, *, #1004, .T. ) ;
#8365 = EDGE_CURVE ( 'NONE', #5976, #2416, #6722, .T. ) ;
#8366 = ORIENTED_EDGE ( 'NONE', *, *, #12108, .F. ) ;
#8367 = AXIS2_PLACEMENT_3D ( 'NONE', #1914, #8001, #3164 ) ;
#8368 = PLANE ( 'NONE',  #1662 ) ;
#8369 = PLANE ( 'NONE',  #3261 ) ;
#8370 = DIRECTION ( 'NONE',  ( 0.000000000000000000, 0.000000000000000000, 1.000000000000000000 ) ) ;
#8371 = FACE_OUTER_BOUND ( 'NONE', #10465, .T. ) ;
#8372 = FACE_OUTER_BOUND ( 'NONE', #11427, .T. ) ;
#8373 = AXIS2_PLACEMENT_3D ( 'NONE', #333, #599, #8552 ) ;
#8374 = AXIS2_PLACEMENT_3D ( 'NONE', #6647, #681, #1584 ) ;
#8375 = ADVANCED_FACE ( 'NONE', ( #6801 ), #4482, .T. ) ;
#8376 = UNCERTAINTY_MEASURE_WITH_UNIT (LENGTH_MEASURE( 1.000000000000000082E-05 ), #8140, 'distance_accuracy_value', 'NONE');
#8377 = EDGE_CURVE ( 'NONE', #2874, #5454, #2423, .T. ) ;
#8378 =( NAMED_UNIT ( * ) PLANE_ANGLE_UNIT ( ) SI_UNIT ( $, .RADIAN. ) );
#8379 = STYLED_ITEM ( 'NONE', ( #7136 ), #12812 ) ;
#8380 = AXIS2_PLACEMENT_3D ( 'NONE', #3586, #1364, #4315 ) ;
#8381 = DIRECTION ( 'NONE',  ( 1.000000000000000000, 0.000000000000000000, 1.224646799147353207E-16 ) ) ;
#8382 = EDGE_LOOP ( 'NONE', ( #1204, #767 ) ) ;
#8383 = DIRECTION ( 'NONE',  ( 1.000000000000000000, 0.000000000000000000, -0.000000000000000000 ) ) ;
#8384 = SURFACE_SIDE_STYLE ('',( #9340 ) ) ;
#8385 = ADVANCED_FACE ( 'NONE', ( #11116 ), #2500, .T. ) ;
#8386 = ORIENTED_EDGE ( 'NONE', *, *, #3087, .T. ) ;
#8387 = FILL_AREA_STYLE_COLOUR ( '', #11135 ) ;
#8388 = VERTEX_POINT ( 'NONE', #9497 ) ;
#8389 = CIRCLE ( 'NONE', #6086, 0.08999999999999980238 ) ;
#8390 = PRESENTATION_STYLE_ASSIGNMENT (( #6559 ) ) ;
#8391 = DIRECTION ( 'NONE',  ( 0.000000000000000000, 0.000000000000000000, 1.000000000000000000 ) ) ;
#8392 = FACE_OUTER_BOUND ( 'NONE', #5847, .T. ) ;
#8393 = AXIS2_PLACEMENT_3D ( 'NONE', #3601, #376, #6601 ) ;
#8394 = CIRCLE ( 'NONE', #4633, 0.1499999999999999667 ) ;
#8395 = AXIS2_PLACEMENT_3D ( 'NONE', #11702, #4877, #6779 ) ;
#8396 = PRESENTATION_STYLE_ASSIGNMENT (( #6928 ) ) ;
#8397 = CARTESIAN_POINT ( 'NONE',  ( 2.250000000000000000, 1.355252715606880543E-16, 1.750000000000000666 ) ) ;
#8398 = DIRECTION ( 'NONE',  ( -0.000000000000000000, 1.000000000000000000, 0.000000000000000000 ) ) ;
#8399 = DIRECTION ( 'NONE',  ( 1.000000000000000000, 0.000000000000000000, -0.000000000000000000 ) ) ;
#8400 = CARTESIAN_POINT ( 'NONE',  ( 1.250000000000000666, 1.355252715606880543E-16, 0.7500000000000006661 ) ) ;
#8401 = ORIENTED_EDGE ( 'NONE', *, *, #7786, .F. ) ;
#8402 = AXIS2_PLACEMENT_3D ( 'NONE', #2604, #11626, #4126 ) ;
#8403 = DIRECTION ( 'NONE',  ( 0.000000000000000000, 0.000000000000000000, 1.000000000000000000 ) ) ;
#8404 = ADVANCED_FACE ( 'NONE', ( #7394 ), #11681, .T. ) ;
#8405 = DIRECTION ( 'NONE',  ( -1.000000000000000000, 0.000000000000000000, 0.000000000000000000 ) ) ;
#8406 = CIRCLE ( 'NONE', #6107, 0.1499999999999999667 ) ;
#8407 = SURFACE_STYLE_USAGE ( .BOTH. , #6402 ) ;
#8408 = ORIENTED_EDGE ( 'NONE', *, *, #2434, .T. ) ;
#8409 = AXIS2_PLACEMENT_3D ( 'NONE', #11179, #8018, #122 ) ;
#8410 = EDGE_LOOP ( 'NONE', ( #8734, #4565, #11453 ) ) ;
#8411 = CIRCLE ( 'NONE', #1290, 0.08999999999999980238 ) ;
#8412 = CARTESIAN_POINT ( 'NONE',  ( 0.7500000000000002220, 0.2699999999999994071, -2.749999999999999112 ) ) ;
#8413 = FACE_OUTER_BOUND ( 'NONE', #11941, .T. ) ;
#8414 = CIRCLE ( 'NONE', #7771, 0.08999999999999980238 ) ;
#8415 =( GEOMETRIC_REPRESENTATION_CONTEXT ( 3 ) GLOBAL_UNCERTAINTY_ASSIGNED_CONTEXT ( ( #2754 ) ) GLOBAL_UNIT_ASSIGNED_CONTEXT ( ( #1321, #2293, #9122 ) ) REPRESENTATION_CONTEXT ( 'NONE', 'WORKASPACE' ) );
#8416 = AXIS2_PLACEMENT_3D ( 'NONE', #10312, #1659, #6398 ) ;
#8417 = VERTEX_POINT ( 'NONE', #4395 ) ;
#8418 = EDGE_CURVE ( 'NONE', #6979, #10771, #3062, .T. ) ;
#8419 =( NAMED_UNIT ( * ) SI_UNIT ( $, .STERADIAN. ) SOLID_ANGLE_UNIT ( ) );
#8420 = DIRECTION ( 'NONE',  ( 0.000000000000000000, 0.000000000000000000, -1.000000000000000000 ) ) ;
#8421 = AXIS2_PLACEMENT_3D ( 'NONE', #11876, #10506, #4683 ) ;
#8422 = CARTESIAN_POINT ( 'NONE',  ( 0.2500000000000002220, 0.2699999999999994071, 3.160000000000001474 ) ) ;
#8423 = CARTESIAN_POINT ( 'NONE',  ( 2.250000000000000000, 0.1499999999999999944, 3.250000000000001332 ) ) ;
#8424 = ORIENTED_EDGE ( 'NONE', *, *, #5716, .F. ) ;
#8425 = CARTESIAN_POINT ( 'NONE',  ( -2.250000000000000000, 0.1499999999999999944, 2.750000000000000888 ) ) ;
#8426 = EDGE_LOOP ( 'NONE', ( #12794, #4328, #12778 ) ) ;
#8427 = CARTESIAN_POINT ( 'NONE',  ( -2.750000000000000000, 1.355252715606880543E-16, 1.750000000000000666 ) ) ;
#8428 = DIRECTION ( 'NONE',  ( -0.000000000000000000, 1.000000000000000000, -0.000000000000000000 ) ) ;
#8429 = PLANE ( 'NONE',  #1767 ) ;
#8430 = CARTESIAN_POINT ( 'NONE',  ( 1.250000000000000666, 0.2699999999999994071, 3.250000000000001776 ) ) ;
#8431 = CIRCLE ( 'NONE', #2797, 0.08999999999999980238 ) ;
#8432 = DIRECTION ( 'NONE',  ( -0.000000000000000000, 1.000000000000000000, -0.000000000000000000 ) ) ;
#8433 = CARTESIAN_POINT ( 'NONE',  ( 0.2500000000000002220, 0.1499999999999999944, 3.250000000000001332 ) ) ;
#8434 = DIRECTION ( 'NONE',  ( 0.000000000000000000, 0.000000000000000000, 1.000000000000000000 ) ) ;
#8435 = AXIS2_PLACEMENT_3D ( 'NONE', #2048, #6303, #8314 ) ;
#8436 = ORIENTED_EDGE ( 'NONE', *, *, #8892, .F. ) ;
#8437 = PLANE ( 'NONE',  #8946 ) ;
#8438 = DIRECTION ( 'NONE',  ( 0.000000000000000000, 0.000000000000000000, 1.000000000000000000 ) ) ;
#8439 = EDGE_CURVE ( 'NONE', #9228, #7375, #11747, .T. ) ;
#8440 = CARTESIAN_POINT ( 'NONE',  ( 1.750000000000000222, 0.2699999999999994071, -2.659999999999999254 ) ) ;
#8441 = ORIENTED_EDGE ( 'NONE', *, *, #9095, .F. ) ;
#8442 = EDGE_LOOP ( 'NONE', ( #3091, #5468, #1365 ) ) ;
#8443 = APPLICATION_CONTEXT ( 'automotive_design' ) ;
#8444 = FACE_OUTER_BOUND ( 'NONE', #12620, .T. ) ;
#8445 = DIRECTION ( 'NONE',  ( 0.000000000000000000, 0.000000000000000000, 1.000000000000000000 ) ) ;
#8446 = DIRECTION ( 'NONE',  ( 0.000000000000000000, 0.000000000000000000, 1.000000000000000000 ) ) ;
#8447 = DIRECTION ( 'NONE',  ( -1.000000000000000000, 0.000000000000000000, 0.000000000000000000 ) ) ;
#8448 =( GEOMETRIC_REPRESENTATION_CONTEXT ( 3 ) GLOBAL_UNCERTAINTY_ASSIGNED_CONTEXT ( ( #9176 ) ) GLOBAL_UNIT_ASSIGNED_CONTEXT ( ( #768, #12094, #8095 ) ) REPRESENTATION_CONTEXT ( 'NONE', 'WORKASPACE' ) );
#8449 = DIRECTION ( 'NONE',  ( 0.000000000000000000, 0.000000000000000000, 1.000000000000000000 ) ) ;
#8450 = LINE ( 'NONE', #6052, #12695 ) ;
#8451 = SPHERICAL_SURFACE ( 'NONE', #9943, 0.1499999999999998557 ) ;
#8452 = DIRECTION ( 'NONE',  ( 0.000000000000000000, 0.000000000000000000, 1.000000000000000000 ) ) ;
#8453 = MANIFOLD_SOLID_BREP ( 'LPattern1[127]', #7593 ) ;
#8454 = AXIS2_PLACEMENT_3D ( 'NONE', #18, #1012, #10007 ) ;
#8455 = DIRECTION ( 'NONE',  ( 0.000000000000000000, 0.000000000000000000, 1.000000000000000000 ) ) ;
#8456 = DIRECTION ( 'NONE',  ( 0.000000000000000000, 0.000000000000000000, 1.000000000000000000 ) ) ;
#8457 = ORIENTED_EDGE ( 'NONE', *, *, #5094, .T. ) ;
#8458 = AXIS2_PLACEMENT_3D ( 'NONE', #5768, #4004, #4851 ) ;
#8459 = CARTESIAN_POINT ( 'NONE',  ( -3.250000000000000000, 0.2699999999999994071, -2.659999999999999254 ) ) ;
#8460 = DIRECTION ( 'NONE',  ( -1.000000000000000000, 0.000000000000000000, 0.000000000000000000 ) ) ;
#8461 = FACE_OUTER_BOUND ( 'NONE', #10714, .T. ) ;
#8462 = ORIENTED_EDGE ( 'NONE', *, *, #7533, .T. ) ;
#8463 = CARTESIAN_POINT ( 'NONE',  ( -2.750000000000000000, 0.2699999999999994071, 0.3400000000000009126 ) ) ;
#8464 = CARTESIAN_POINT ( 'NONE',  ( -0.7499999999999997780, 0.2699999999999994071, -2.249999999999999112 ) ) ;
#8465 = EDGE_LOOP ( 'NONE', ( #7291, #1459 ) ) ;
#8466 = EDGE_CURVE ( 'NONE', #10599, #10807, #11490, .T. ) ;
#8467 = FACE_OUTER_BOUND ( 'NONE', #7362, .T. ) ;
#8468 = CARTESIAN_POINT ( 'NONE',  ( 1.750000000000000222, 0.2699999999999994071, -2.159999999999998810 ) ) ;
#8469 = COLOUR_RGB ( '',0.7921568627450980005, 0.8196078431372548767, 0.9333333333333333481 ) ;
#8470 = FACE_OUTER_BOUND ( 'NONE', #7935, .T. ) ;
#8471 = CIRCLE ( 'NONE', #7957, 0.1499999999999999667 ) ;
#8472 = AXIS2_PLACEMENT_3D ( 'NONE', #1348, #3651, #6399 ) ;
#8473 = CARTESIAN_POINT ( 'NONE',  ( -0.2499999999999997780, 0.1499999999999999944, 1.250000000000001110 ) ) ;
#8474 = PLANE ( 'NONE',  #4628 ) ;
#8475 = SURFACE_SIDE_STYLE ('',( #2395 ) ) ;
#8476 = PRESENTATION_LAYER_ASSIGNMENT (  '', '', ( #6144 ) ) ;
#8477 = CARTESIAN_POINT ( 'NONE',  ( -5.250000000000001776, 0.2700000000000000178, -5.999999999999999112 ) ) ;
#8478 = EDGE_LOOP ( 'NONE', ( #8401, #50, #9023 ) ) ;
#8479 = CIRCLE ( 'NONE', #846, 0.08999999999999980238 ) ;
#8480 = ADVANCED_FACE ( 'NONE', ( #11662 ), #9669, .T. ) ;
#8481 = CARTESIAN_POINT ( 'NONE',  ( -3.250000000000000000, 0.2699999999999994071, -0.6599999999999989209 ) ) ;
#8482 = DIRECTION ( 'NONE',  ( 0.000000000000000000, 0.000000000000000000, -1.000000000000000000 ) ) ;
#8483 = ORIENTED_EDGE ( 'NONE', *, *, #11279, .F. ) ;
#8484 = VERTEX_POINT ( 'NONE', #8110 ) ;
#8485 = FACE_OUTER_BOUND ( 'NONE', #12417, .T. ) ;
#8486 = DIRECTION ( 'NONE',  ( 0.000000000000000000, 0.000000000000000000, 1.000000000000000000 ) ) ;
#8487 = EDGE_CURVE ( 'NONE', #11300, #10485, #7283, .T. ) ;
#8488 = SURFACE_STYLE_FILL_AREA ( #11430 ) ;
#8489 = AXIS2_PLACEMENT_3D ( 'NONE', #4837, #5845, #12483 ) ;
#8490 = FACE_OUTER_BOUND ( 'NONE', #7035, .T. ) ;
#8491 =( NAMED_UNIT ( * ) PLANE_ANGLE_UNIT ( ) SI_UNIT ( $, .RADIAN. ) );
#8492 = EDGE_LOOP ( 'NONE', ( #298, #11277, #853 ) ) ;
#8493 = AXIS2_PLACEMENT_3D ( 'NONE', #4366, #7296, #4448 ) ;
#8494 = ADVANCED_FACE ( 'NONE', ( #11572 ), #10755, .T. ) ;
#8495 = FILL_AREA_STYLE ('',( #4666 ) ) ;
#8496 = DIRECTION ( 'NONE',  ( -0.000000000000000000, 1.000000000000000000, -0.000000000000000000 ) ) ;
#8497 = DIRECTION ( 'NONE',  ( -1.752245935330108871E-15, 0.000000000000000000, 1.000000000000000000 ) ) ;
#8498 = VERTEX_POINT ( 'NONE', #3917 ) ;
#8499 = AXIS2_PLACEMENT_3D ( 'NONE', #8845, #6592, #10853 ) ;
#8500 = MECHANICAL_DESIGN_GEOMETRIC_PRESENTATION_REPRESENTATION (  '', ( #144 ), #9456 ) ;
#8501 = VERTEX_POINT ( 'NONE', #787 ) ;
#8502 = CIRCLE ( 'NONE', #7803, 0.08999999999999980238 ) ;
#8503 = CARTESIAN_POINT ( 'NONE',  ( -4.312500000000001776, 0.8000000000000000444, -4.631249999999998757 ) ) ;
#8504 = COLOUR_RGB ( '',0.7921568627450980005, 0.8196078431372548767, 0.9333333333333333481 ) ;
#8505 = PLANE ( 'NONE',  #12758 ) ;
#8506 = FILL_AREA_STYLE ('',( #6336 ) ) ;
#8507 =( NAMED_UNIT ( * ) PLANE_ANGLE_UNIT ( ) SI_UNIT ( $, .RADIAN. ) );
#8508 = UNCERTAINTY_MEASURE_WITH_UNIT (LENGTH_MEASURE( 1.000000000000000082E-05 ), #1663, 'distance_accuracy_value', 'NONE');
#8509 = DIRECTION ( 'NONE',  ( 0.000000000000000000, 0.000000000000000000, 1.000000000000000000 ) ) ;
#8510 = CARTESIAN_POINT ( 'NONE',  ( -2.250000000000000000, 0.1499999999999999944, 3.250000000000001332 ) ) ;
#8511 = STYLED_ITEM ( 'NONE', ( #5325 ), #4239 ) ;
#8512 = AXIS2_PLACEMENT_3D ( 'NONE', #2484, #954, #3089 ) ;
#8513 = EDGE_CURVE ( 'NONE', #5783, #5832, #7420, .T. ) ;
#8514 = EDGE_CURVE ( 'NONE', #12359, #2709, #2972, .T. ) ;
#8515 = ORIENTED_EDGE ( 'NONE', *, *, #3807, .T. ) ;
#8516 = AXIS2_PLACEMENT_3D ( 'NONE', #3303, #4876, #5879 ) ;
#8517 = EDGE_LOOP ( 'NONE', ( #2970, #7626, #7884, #7347 ) ) ;
#8518 = CARTESIAN_POINT ( 'NONE',  ( 2.750000000000000444, 0.1499999999999999944, 0.7500000000000006661 ) ) ;
#8519 = SURFACE_SIDE_STYLE ('',( #7491 ) ) ;
#8520 = AXIS2_PLACEMENT_3D ( 'NONE', #12742, #3919, #879 ) ;
#8521 = DIRECTION ( 'NONE',  ( 0.000000000000000000, 0.000000000000000000, 1.000000000000000000 ) ) ;
#8522 = ORIENTED_EDGE ( 'NONE', *, *, #12670, .T. ) ;
#8523 = EDGE_LOOP ( 'NONE', ( #2210, #10532, #7137 ) ) ;
#8524 = EDGE_CURVE ( 'NONE', #3357, #11817, #2906, .T. ) ;
#8525 = CIRCLE ( 'NONE', #3292, 0.1499999999999999667 ) ;
#8526 = DIRECTION ( 'NONE',  ( 0.000000000000000000, 0.000000000000000000, 1.000000000000000000 ) ) ;
#8527 = CARTESIAN_POINT ( 'NONE',  ( 0.7500000000000002220, 0.2699999999999994071, 3.160000000000001474 ) ) ;
#8528 = STYLED_ITEM ( 'NONE', ( #10601 ), #10018 ) ;
#8529 = CARTESIAN_POINT ( 'NONE',  ( -1.249999999999999778, 0.1499999999999999944, 0.7500000000000006661 ) ) ;
#8530 = CARTESIAN_POINT ( 'NONE',  ( -0.2499999999999997780, 1.355252715606880543E-16, 1.250000000000001110 ) ) ;
#8531 = SPHERICAL_SURFACE ( 'NONE', #7007, 0.1499999999999998557 ) ;
#8532 = FACE_OUTER_BOUND ( 'NONE', #3916, .T. ) ;
#8533 = CIRCLE ( 'NONE', #3820, 0.08999999999999980238 ) ;
#8534 = DIRECTION ( 'NONE',  ( 0.000000000000000000, 0.000000000000000000, 1.000000000000000000 ) ) ;
#8535 = DIRECTION ( 'NONE',  ( 0.000000000000000000, 0.000000000000000000, 1.000000000000000000 ) ) ;
#8536 = DIRECTION ( 'NONE',  ( 0.000000000000000000, 0.000000000000000000, 1.000000000000000000 ) ) ;
#8537 = ORIENTED_EDGE ( 'NONE', *, *, #9685, .F. ) ;
#8538 = CARTESIAN_POINT ( 'NONE',  ( 1.250000000000000666, 0.1499999999999999944, 2.750000000000000888 ) ) ;
#8539 = ADVANCED_FACE ( 'NONE', ( #7535 ), #11526, .T. ) ;
#8540 = EDGE_LOOP ( 'NONE', ( #1370, #1681, #2018 ) ) ;
#8542 = ORIENTED_EDGE ( 'NONE', *, *, #12425, .T. ) ;
#8541 = DIRECTION ( 'NONE',  ( -0.000000000000000000, 1.000000000000000000, -0.000000000000000000 ) ) ;
#8543 = AXIS2_PLACEMENT_3D ( 'NONE', #1154, #11888, #4967 ) ;
#8544 = VECTOR ( 'NONE', #8838, 1000.000000000000000 ) ;
#8545 = VERTEX_POINT ( 'NONE', #6826 ) ;
#8546 = MANIFOLD_SOLID_BREP ( 'LPattern1[72]', #8077 ) ;
#8547 = SURFACE_STYLE_USAGE ( .BOTH. , #5645 ) ;
#8548 = DIRECTION ( 'NONE',  ( -0.000000000000000000, 1.000000000000000000, -0.000000000000000000 ) ) ;
#8549 = ORIENTED_EDGE ( 'NONE', *, *, #7874, .T. ) ;
#8550 = SPHERICAL_SURFACE ( 'NONE', #12627, 0.1499999999999998557 ) ;
#8551 = ADVANCED_FACE ( 'NONE', ( #11796 ), #7470, .T. ) ;
#8552 = DIRECTION ( 'NONE',  ( 0.000000000000000000, 0.000000000000000000, 1.000000000000000000 ) ) ;
#8553 = CIRCLE ( 'NONE', #11678, 0.08999999999999980238 ) ;
#8554 = SPHERICAL_SURFACE ( 'NONE', #2909, 0.1499999999999998557 ) ;
#8555 = CARTESIAN_POINT ( 'NONE',  ( -3.250000000000000000, 0.1499999999999999944, 0.2500000000000006661 ) ) ;
#8556 = EDGE_LOOP ( 'NONE', ( #5306, #9039 ) ) ;
#8557 = DIRECTION ( 'NONE',  ( 0.7071067811865482389, -0.000000000000000000, -0.7071067811865469066 ) ) ;
#8558 = VERTEX_POINT ( 'NONE', #9850 ) ;
#8559 = ORIENTED_EDGE ( 'NONE', *, *, #3387, .F. ) ;
#8560 = CARTESIAN_POINT ( 'NONE',  ( 2.750000000000000444, 0.2699999999999994071, 0.2500000000000011102 ) ) ;
#8561 = CARTESIAN_POINT ( 'NONE',  ( -2.250000000000000000, 0.2699999999999994071, 0.8400000000000008571 ) ) ;
#8562 = FACE_OUTER_BOUND ( 'NONE', #6661, .T. ) ;
#8563 = SURFACE_SIDE_STYLE ('',( #1156 ) ) ;
#8564 = DIRECTION ( 'NONE',  ( 0.000000000000000000, 0.000000000000000000, 1.000000000000000000 ) ) ;
#8565 = ORIENTED_EDGE ( 'NONE', *, *, #8034, .F. ) ;
#8566 = AXIS2_PLACEMENT_3D ( 'NONE', #714, #8843, #5774 ) ;
#8567 = CLOSED_SHELL ( 'NONE', ( #275, #8551, #8743 ) ) ;
#8568 = DIRECTION ( 'NONE',  ( 1.000000000000000000, 0.000000000000000000, -0.000000000000000000 ) ) ;
#8569 = PRESENTATION_STYLE_ASSIGNMENT (( #6504 ) ) ;
#8570 = CARTESIAN_POINT ( 'NONE',  ( -3.250000000000000000, 0.2699999999999994071, 2.340000000000000302 ) ) ;
#8571 = ORIENTED_EDGE ( 'NONE', *, *, #6567, .F. ) ;
#8572 = EDGE_CURVE ( 'NONE', #12203, #7819, #11846, .T. ) ;
#8573 = CLOSED_SHELL ( 'NONE', ( #1934, #150, #2221 ) ) ;
#8574 = VERTEX_POINT ( 'NONE', #3999 ) ;
#8575 = SURFACE_STYLE_USAGE ( .BOTH. , #7607 ) ;
#8576 =( NAMED_UNIT ( * ) PLANE_ANGLE_UNIT ( ) SI_UNIT ( $, .RADIAN. ) );
#8577 = FILL_AREA_STYLE_COLOUR ( '', #3236 ) ;
#8578 = FACE_OUTER_BOUND ( 'NONE', #584, .T. ) ;
#8579 = CARTESIAN_POINT ( 'NONE',  ( -2.750000000000000000, 0.1499999999999999944, -1.749999999999999334 ) ) ;
#8580 = DIRECTION ( 'NONE',  ( 0.000000000000000000, 0.000000000000000000, 1.000000000000000000 ) ) ;
#8581 = ORIENTED_EDGE ( 'NONE', *, *, #9763, .T. ) ;
#8582 = EDGE_LOOP ( 'NONE', ( #574, #8724, #4805 ) ) ;
#8583 = CARTESIAN_POINT ( 'NONE',  ( 2.750000000000000444, 0.2699999999999994071, 1.250000000000001554 ) ) ;
#8584 = PRESENTATION_LAYER_ASSIGNMENT (  '', '', ( #7527 ) ) ;
#8585 = CARTESIAN_POINT ( 'NONE',  ( 2.250000000000000000, 0.2699999999999994071, 3.340000000000001190 ) ) ;
#8586 = CARTESIAN_POINT ( 'NONE',  ( 2.250000000000000000, 0.2699999999999994071, 2.840000000000000746 ) ) ;
#8587 = DIRECTION ( 'NONE',  ( 1.000000000000000000, 0.000000000000000000, -0.000000000000000000 ) ) ;
#8588 = PRESENTATION_STYLE_ASSIGNMENT (( #4040 ) ) ;
#8589 = PRESENTATION_STYLE_ASSIGNMENT (( #8096 ) ) ;
#8590 = CARTESIAN_POINT ( 'NONE',  ( -0.2499999999999997780, 0.2699999999999994071, -2.749999999999999112 ) ) ;
#8591 = DIRECTION ( 'NONE',  ( 0.000000000000000000, 0.000000000000000000, 1.000000000000000000 ) ) ;
#8592 = SURFACE_SIDE_STYLE ('',( #4198 ) ) ;
#8593 = AXIS2_PLACEMENT_3D ( 'NONE', #8676, #8933, #7949 ) ;
#8594 = AXIS2_PLACEMENT_3D ( 'NONE', #11605, #3688, #1948 ) ;
#8595 = AXIS2_PLACEMENT_3D ( 'NONE', #521, #3487, #9477 ) ;
#8596 = ORIENTED_EDGE ( 'NONE', *, *, #3387, .T. ) ;
#8597 = ORIENTED_EDGE ( 'NONE', *, *, #1658, .T. ) ;
#8598 = EDGE_CURVE ( 'NONE', #2416, #4699, #11771, .T. ) ;
#8599 = CARTESIAN_POINT ( 'NONE',  ( -2.250000000000000000, 0.2699999999999994071, 3.250000000000001776 ) ) ;
#8601 = ADVANCED_FACE ( 'NONE', ( #11506 ), #11640, .T. ) ;
#8600 = PRESENTATION_LAYER_ASSIGNMENT (  '', '', ( #10170 ) ) ;
#8602 = FILL_AREA_STYLE_COLOUR ( '', #10329 ) ;
#8603 = CLOSED_SHELL ( 'NONE', ( #8539, #12131, #3654 ) ) ;
#8604 = STYLED_ITEM ( 'NONE', ( #7404 ), #3239 ) ;
#8605 = EDGE_LOOP ( 'NONE', ( #2254, #9284 ) ) ;
#8606 = PRESENTATION_STYLE_ASSIGNMENT (( #1193 ) ) ;
#8607 = DIRECTION ( 'NONE',  ( -1.000000000000000000, 0.000000000000000000, 0.000000000000000000 ) ) ;
#8608 = DIRECTION ( 'NONE',  ( -0.000000000000000000, 1.000000000000000000, -0.000000000000000000 ) ) ;
#8609 = CARTESIAN_POINT ( 'NONE',  ( -0.2499999999999997780, 0.2699999999999994071, 3.250000000000001776 ) ) ;
#8610 = CIRCLE ( 'NONE', #4001, 0.1499999999999999667 ) ;
#8611 = SURFACE_STYLE_USAGE ( .BOTH. , #654 ) ;
#8612 = CARTESIAN_POINT ( 'NONE',  ( -5.745000000000001883, 0.2700000000000000178, -6.000000000000000000 ) ) ;
#8613 = CIRCLE ( 'NONE', #6321, 0.08999999999999980238 ) ;
#8614 = DIRECTION ( 'NONE',  ( 0.000000000000000000, 0.000000000000000000, 1.000000000000000000 ) ) ;
#8615 = DIRECTION ( 'NONE',  ( 1.000000000000000000, 0.000000000000000000, -0.000000000000000000 ) ) ;
#8616 = PLANE ( 'NONE',  #8649 ) ;
#8617 = CLOSED_SHELL ( 'NONE', ( #9211, #2810, #7985 ) ) ;
#8619 = ORIENTED_EDGE ( 'NONE', *, *, #1551, .T. ) ;
#8618 = SURFACE_SIDE_STYLE ('',( #8180 ) ) ;
#8620 = FILL_AREA_STYLE_COLOUR ( '', #5183 ) ;
#8621 = SPHERICAL_SURFACE ( 'NONE', #6571, 0.1499999999999998557 ) ;
#8622 = AXIS2_PLACEMENT_3D ( 'NONE', #5086, #7079, #1106 ) ;
#8623 = ORIENTED_EDGE ( 'NONE', *, *, #10980, .F. ) ;
#8624 = DIRECTION ( 'NONE',  ( 0.000000000000000000, 0.000000000000000000, 1.000000000000000000 ) ) ;
#8625 = VERTEX_POINT ( 'NONE', #873 ) ;
#8626 = FACE_OUTER_BOUND ( 'NONE', #8215, .T. ) ;
#8627 = AXIS2_PLACEMENT_3D ( 'NONE', #8277, #1125, #3178 ) ;
#8628 = MECHANICAL_DESIGN_GEOMETRIC_PRESENTATION_REPRESENTATION (  '', ( #3351 ), #8799 ) ;
#8629 = CARTESIAN_POINT ( 'NONE',  ( 2.250000000000000000, 0.2699999999999994071, -1.249999999999998890 ) ) ;
#8630 =( LENGTH_UNIT ( ) NAMED_UNIT ( * ) SI_UNIT ( .MILLI., .METRE. ) );
#8631 = DIRECTION ( 'NONE',  ( 1.000000000000000000, 0.000000000000000000, -0.000000000000000000 ) ) ;
#8632 = MANIFOLD_SOLID_BREP ( 'LPattern1[9]', #8603 ) ;
#8633 = ADVANCED_FACE ( 'NONE', ( #7149 ), #11466, .T. ) ;
#8634 = ADVANCED_FACE ( 'NONE', ( #12240 ), #8368, .T. ) ;
#8635 = CARTESIAN_POINT ( 'NONE',  ( 1.750000000000000222, 0.2699999999999994071, 2.250000000000000888 ) ) ;
#8636 = VERTEX_POINT ( 'NONE', #1214 ) ;
#8637 = ORIENTED_EDGE ( 'NONE', *, *, #8779, .F. ) ;
#8638 = SURFACE_STYLE_USAGE ( .BOTH. , #6731 ) ;
#8639 = EDGE_CURVE ( 'NONE', #2066, #2365, #12326, .T. ) ;
#8640 = CARTESIAN_POINT ( 'NONE',  ( -2.750000000000000000, 0.2699999999999994071, 2.340000000000000302 ) ) ;
#8641 = CIRCLE ( 'NONE', #10181, 0.1499999999999998557 ) ;
#8642 = AXIS2_PLACEMENT_3D ( 'NONE', #4244, #1122, #7085 ) ;
#8643 = CARTESIAN_POINT ( 'NONE',  ( -0.7499999999999997780, 0.2699999999999994071, 2.160000000000000586 ) ) ;
#8644 = CARTESIAN_POINT ( 'NONE',  ( -2.250000000000000000, 0.1499999999999999944, -1.249999999999999334 ) ) ;
#8645 = CARTESIAN_POINT ( 'NONE',  ( 0.7500000000000002220, 0.2699999999999994071, -3.339999999999999414 ) ) ;
#8646 = ORIENTED_EDGE ( 'NONE', *, *, #10662, .T. ) ;
#8647 = EDGE_LOOP ( 'NONE', ( #6312, #1699 ) ) ;
#8648 = PRESENTATION_LAYER_ASSIGNMENT (  '', '', ( #1666 ) ) ;
#8649 = AXIS2_PLACEMENT_3D ( 'NONE', #832, #6791, #8793 ) ;
#8650 = ADVANCED_FACE ( 'NONE', ( #12286 ), #483, .T. ) ;
#8651 = CARTESIAN_POINT ( 'NONE',  ( -4.312500000000001776, 0.4199999999999999289, -4.631249999999998757 ) ) ;
#8652 = EDGE_CURVE ( 'NONE', #3177, #6962, #3678, .T. ) ;
#8653 = CIRCLE ( 'NONE', #5784, 0.1499999999999999667 ) ;
#8654 = AXIS2_PLACEMENT_3D ( 'NONE', #12380, #2455, #12461 ) ;
#8655 = AXIS2_PLACEMENT_3D ( 'NONE', #6618, #12768, #7643 ) ;
#8656 = FACE_OUTER_BOUND ( 'NONE', #8010, .T. ) ;
#8657 = DIRECTION ( 'NONE',  ( 0.000000000000000000, 0.000000000000000000, 1.000000000000000000 ) ) ;
#8658 = EDGE_CURVE ( 'NONE', #11193, #10278, #12409, .T. ) ;
#8659 = AXIS2_PLACEMENT_3D ( 'NONE', #10095, #8174, #9420 ) ;
#8660 = AXIS2_PLACEMENT_3D ( 'NONE', #7500, #5398, #3407 ) ;
#8661 = EDGE_LOOP ( 'NONE', ( #11185, #4612, #6342 ) ) ;
#8662 = VERTEX_POINT ( 'NONE', #213 ) ;
#8663 = CARTESIAN_POINT ( 'NONE',  ( -0.7499999999999997780, 0.2699999999999994071, 2.750000000000001332 ) ) ;
#8664 = FILL_AREA_STYLE_COLOUR ( '', #11700 ) ;
#8665 = LINE ( 'NONE', #11861, #12644 ) ;
#8666 = UNCERTAINTY_MEASURE_WITH_UNIT (LENGTH_MEASURE( 1.000000000000000082E-05 ), #1794, 'distance_accuracy_value', 'NONE');
#8667 = PLANE ( 'NONE',  #5326 ) ;
#8668 = UNCERTAINTY_MEASURE_WITH_UNIT (LENGTH_MEASURE( 1.000000000000000082E-05 ), #2541, 'distance_accuracy_value', 'NONE');
#8669 = CARTESIAN_POINT ( 'NONE',  ( -5.745000000000001883, 0.3200000000000000067, -6.000000000000000000 ) ) ;
#8670 = EDGE_LOOP ( 'NONE', ( #4097, #12124, #4051 ) ) ;
#8671 = DIRECTION ( 'NONE',  ( 0.000000000000000000, 0.000000000000000000, 1.000000000000000000 ) ) ;
#8672 = EDGE_LOOP ( 'NONE', ( #11990, #11495, #6084 ) ) ;
#8673 = AXIS2_PLACEMENT_3D ( 'NONE', #6326, #9345, #11327 ) ;
#8674 = CIRCLE ( 'NONE', #12307, 0.1499999999999999667 ) ;
#8675 = CARTESIAN_POINT ( 'NONE',  ( -3.250000000000000000, 0.1499999999999999944, -1.249999999999999334 ) ) ;
#8676 = CARTESIAN_POINT ( 'NONE',  ( -0.2499999999999997780, 0.1499999999999999944, -2.249999999999999556 ) ) ;
#8677 = FILL_AREA_STYLE_COLOUR ( '', #738 ) ;
#8678 = PRESENTATION_LAYER_ASSIGNMENT (  '', '', ( #9321 ) ) ;
#8679 = SPHERICAL_SURFACE ( 'NONE', #3398, 0.1499999999999998557 ) ;
#8680 = SPHERICAL_SURFACE ( 'NONE', #6939, 0.1499999999999998557 ) ;
#8681 = DIRECTION ( 'NONE',  ( 0.000000000000000000, 0.000000000000000000, 1.000000000000000000 ) ) ;
#8682 = DIRECTION ( 'NONE',  ( 1.000000000000000000, 0.000000000000000000, 1.224646799147353207E-16 ) ) ;
#8683 = AXIS2_PLACEMENT_3D ( 'NONE', #5025, #42, #123 ) ;
#8684 = EDGE_CURVE ( 'NONE', #12384, #12529, #12426, .T. ) ;
#8685 = ORIENTED_EDGE ( 'NONE', *, *, #2136, .F. ) ;
#8686 = EDGE_CURVE ( 'NONE', #2106, #3069, #3638, .T. ) ;
#8687 = ORIENTED_EDGE ( 'NONE', *, *, #11005, .T. ) ;
#8688 = CARTESIAN_POINT ( 'NONE',  ( 0.2500000000000002220, 0.1499999999999999944, -2.749999999999999556 ) ) ;
#8689 = AXIS2_PLACEMENT_3D ( 'NONE', #8956, #7804, #9981 ) ;
#8690 = EDGE_CURVE ( 'NONE', #179, #3808, #12018, .T. ) ;
#8691 = LINE ( 'NONE', #9675, #8544 ) ;
#8692 = EDGE_LOOP ( 'NONE', ( #9466, #5285, #5443 ) ) ;
#8693 = EDGE_LOOP ( 'NONE', ( #9909, #11293 ) ) ;
#8694 = SURFACE_STYLE_FILL_AREA ( #3972 ) ;
#8695 = CARTESIAN_POINT ( 'NONE',  ( 1.750000000000000222, 0.2699999999999994071, -2.749999999999999112 ) ) ;
#8696 = DIRECTION ( 'NONE',  ( -1.000000000000000000, 0.000000000000000000, 0.000000000000000000 ) ) ;
#8697 = CARTESIAN_POINT ( 'NONE',  ( 1.250000000000000666, 0.2699999999999994071, -3.249999999999999112 ) ) ;
#8698 = CIRCLE ( 'NONE', #1295, 0.1499999999999999667 ) ;
#8699 = FACE_OUTER_BOUND ( 'NONE', #11037, .T. ) ;
#8700 = CARTESIAN_POINT ( 'NONE',  ( -2.750000000000000000, 0.2699999999999994071, -1.339999999999999192 ) ) ;
#8701 = CARTESIAN_POINT ( 'NONE',  ( 2.250000000000000000, 0.2699999999999994071, -2.749999999999999112 ) ) ;
#8702 = FILL_AREA_STYLE_COLOUR ( '', #2704 ) ;
#8703 = AXIS2_PLACEMENT_3D ( 'NONE', #3977, #5001, #1746 ) ;
#8704 = CARTESIAN_POINT ( 'NONE',  ( -0.7499999999999997780, 1.355252715606880543E-16, 1.250000000000001110 ) ) ;
#8705 = DIRECTION ( 'NONE',  ( 1.000000000000000000, 0.000000000000000000, -0.000000000000000000 ) ) ;
#8706 = AXIS2_PLACEMENT_3D ( 'NONE', #3333, #4063, #4319 ) ;
#8707 = FILL_AREA_STYLE_COLOUR ( '', #9298 ) ;
#8708 = ORIENTED_EDGE ( 'NONE', *, *, #6242, .T. ) ;
#8709 =( GEOMETRIC_REPRESENTATION_CONTEXT ( 3 ) GLOBAL_UNCERTAINTY_ASSIGNED_CONTEXT ( ( #3583 ) ) GLOBAL_UNIT_ASSIGNED_CONTEXT ( ( #3885, #5248, #3252 ) ) REPRESENTATION_CONTEXT ( 'NONE', 'WORKASPACE' ) );
#8710 = ORIENTED_EDGE ( 'NONE', *, *, #7908, .T. ) ;
#8711 = CARTESIAN_POINT ( 'NONE',  ( -0.7499999999999997780, 0.1499999999999999944, 3.250000000000001332 ) ) ;
#8712 = EDGE_CURVE ( 'NONE', #12730, #2905, #11887, .T. ) ;
#8713 = SURFACE_STYLE_FILL_AREA ( #2017 ) ;
#8714 = AXIS2_PLACEMENT_3D ( 'NONE', #1305, #10117, #5192 ) ;
#8715 = EDGE_LOOP ( 'NONE', ( #11647, #5892, #2745 ) ) ;
#8716 = ORIENTED_EDGE ( 'NONE', *, *, #7097, .T. ) ;
#8717 = DIRECTION ( 'NONE',  ( 1.000000000000000000, 0.000000000000000000, 1.224646799147353207E-16 ) ) ;
#8718 = CIRCLE ( 'NONE', #11020, 0.1499999999999999667 ) ;
#8719 = COLOUR_RGB ( '',0.7921568627450980005, 0.8196078431372548767, 0.9333333333333333481 ) ;
#8720 = FILL_AREA_STYLE_COLOUR ( '', #1476 ) ;
#8721 = AXIS2_PLACEMENT_3D ( 'NONE', #8459, #6201, #11368 ) ;
#8722 =( NAMED_UNIT ( * ) PLANE_ANGLE_UNIT ( ) SI_UNIT ( $, .RADIAN. ) );
#8723 = AXIS2_PLACEMENT_3D ( 'NONE', #1139, #2113, #3098 ) ;
#8724 = ORIENTED_EDGE ( 'NONE', *, *, #11475, .T. ) ;
#8725 = ORIENTED_EDGE ( 'NONE', *, *, #10387, .T. ) ;
#8726 = DIRECTION ( 'NONE',  ( 0.000000000000000000, 1.000000000000000000, 0.000000000000000000 ) ) ;
#8727 = MECHANICAL_DESIGN_GEOMETRIC_PRESENTATION_REPRESENTATION (  '', ( #8120 ), #3451 ) ;
#8728 = DIRECTION ( 'NONE',  ( 0.000000000000000000, 0.000000000000000000, 1.000000000000000000 ) ) ;
#8729 = SPHERICAL_SURFACE ( 'NONE', #9064, 0.1499999999999998557 ) ;
#8730 = DIRECTION ( 'NONE',  ( -1.000000000000000000, 0.000000000000000000, 0.000000000000000000 ) ) ;
#8731 = EDGE_CURVE ( 'NONE', #2382, #5397, #11863, .T. ) ;
#8732 = CARTESIAN_POINT ( 'NONE',  ( -3.250000000000000000, 0.1499999999999999944, 1.750000000000000666 ) ) ;
#8733 = DIRECTION ( 'NONE',  ( 1.000000000000000000, 0.000000000000000000, -0.000000000000000000 ) ) ;
#8734 = ORIENTED_EDGE ( 'NONE', *, *, #11017, .F. ) ;
#8735 = ORIENTED_EDGE ( 'NONE', *, *, #6748, .T. ) ;
#8736 = AXIS2_PLACEMENT_3D ( 'NONE', #938, #3890, #4911 ) ;
#8737 = CARTESIAN_POINT ( 'NONE',  ( -1.249999999999999778, 0.2699999999999994071, -2.159999999999999254 ) ) ;
#8738 = MANIFOLD_SOLID_BREP ( 'LPattern1[23]', #3870 ) ;
#8739 = EDGE_CURVE ( 'NONE', #9575, #11827, #7937, .T. ) ;
#8740 = DIRECTION ( 'NONE',  ( -0.000000000000000000, 1.000000000000000000, -0.000000000000000000 ) ) ;
#8741 = FACE_OUTER_BOUND ( 'NONE', #12568, .T. ) ;
#8742 = DIRECTION ( 'NONE',  ( 0.000000000000000000, 0.000000000000000000, 1.000000000000000000 ) ) ;
#8743 = ADVANCED_FACE ( 'NONE', ( #11956 ), #6266, .T. ) ;
#8744 = ADVANCED_FACE ( 'NONE', ( #11998 ), #12262, .T. ) ;
#8745 = ORIENTED_EDGE ( 'NONE', *, *, #10832, .F. ) ;
#8746 = ORIENTED_EDGE ( 'NONE', *, *, #9411, .F. ) ;
#8747 = CARTESIAN_POINT ( 'NONE',  ( -1.249999999999999778, 0.1499999999999999944, -0.7499999999999993339 ) ) ;
#8748 = DIRECTION ( 'NONE',  ( 1.000000000000000000, 0.000000000000000000, -0.000000000000000000 ) ) ;
#8749 = PLANE ( 'NONE',  #2914 ) ;
#8750 = ORIENTED_EDGE ( 'NONE', *, *, #10980, .T. ) ;
#8751 = CARTESIAN_POINT ( 'NONE',  ( 3.250000000000000888, 0.1499999999999999944, -1.249999999999999334 ) ) ;
#8752 = VERTEX_POINT ( 'NONE', #8056 ) ;
#8753 = EDGE_CURVE ( 'NONE', #11465, #1119, #3332, .T. ) ;
#8754 = FACE_OUTER_BOUND ( 'NONE', #6182, .T. ) ;
#8755 = ADVANCED_FACE ( 'NONE', ( #11937 ), #7559, .T. ) ;
#8756 =( LENGTH_UNIT ( ) NAMED_UNIT ( * ) SI_UNIT ( .MILLI., .METRE. ) );
#8757 = AXIS2_PLACEMENT_3D ( 'NONE', #7480, #12459, #6549 ) ;
#8758 = ADVANCED_FACE ( 'NONE', ( #7902 ), #11895, .T. ) ;
#8759 = DIRECTION ( 'NONE',  ( 0.000000000000000000, 0.000000000000000000, 1.000000000000000000 ) ) ;
#8760 = MECHANICAL_DESIGN_GEOMETRIC_PRESENTATION_REPRESENTATION (  '', ( #8154 ), #9860 ) ;
#8761 = SURFACE_SIDE_STYLE ('',( #5333 ) ) ;
#8762 = CIRCLE ( 'NONE', #9990, 0.1499999999999999667 ) ;
#8763 = AXIS2_PLACEMENT_3D ( 'NONE', #4380, #4556, #12557 ) ;
#8764 = CARTESIAN_POINT ( 'NONE',  ( 2.750000000000000444, 0.2699999999999994071, -0.8399999999999994138 ) ) ;
#8765 = SPHERICAL_SURFACE ( 'NONE', #4590, 0.1499999999999998557 ) ;
#8766 = CARTESIAN_POINT ( 'NONE',  ( 0.7500000000000002220, 0.2699999999999994071, 3.250000000000001776 ) ) ;
#8767 = DIRECTION ( 'NONE',  ( 0.000000000000000000, 0.000000000000000000, 1.000000000000000000 ) ) ;
#8768 = STYLED_ITEM ( 'NONE', ( #2761 ), #3063 ) ;
#8769 = ADVANCED_FACE ( 'NONE', ( #3719 ), #8042, .T. ) ;
#8770 = CLOSED_SHELL ( 'NONE', ( #9805, #10638, #6816 ) ) ;
#8771 = ORIENTED_EDGE ( 'NONE', *, *, #10914, .T. ) ;
#8772 = DIRECTION ( 'NONE',  ( 0.000000000000000000, 0.000000000000000000, -1.000000000000000000 ) ) ;
#8773 = CARTESIAN_POINT ( 'NONE',  ( 2.250000000000000000, 0.1499999999999999944, 1.750000000000000666 ) ) ;
#8774 = ORIENTED_EDGE ( 'NONE', *, *, #5515, .T. ) ;
#8775 = CLOSED_SHELL ( 'NONE', ( #57, #12453, #6179 ) ) ;
#8776 = ORIENTED_EDGE ( 'NONE', *, *, #2038, .F. ) ;
#8777 = CIRCLE ( 'NONE', #4695, 0.1499999999999999667 ) ;
#8778 =( LENGTH_UNIT ( ) NAMED_UNIT ( * ) SI_UNIT ( .MILLI., .METRE. ) );
#8779 = EDGE_CURVE ( 'NONE', #2291, #11654, #12347, .T. ) ;
#8780 = DIRECTION ( 'NONE',  ( 1.000000000000000000, 0.000000000000000000, -0.000000000000000000 ) ) ;
#8781 = SPHERICAL_SURFACE ( 'NONE', #11478, 0.1499999999999998557 ) ;
#8782 = CARTESIAN_POINT ( 'NONE',  ( 2.250000000000000000, 0.2699999999999994071, -0.1599999999999991152 ) ) ;
#8783 = AXIS2_PLACEMENT_3D ( 'NONE', #8463, #9226, #10219 ) ;
#8784 =( GEOMETRIC_REPRESENTATION_CONTEXT ( 3 ) GLOBAL_UNCERTAINTY_ASSIGNED_CONTEXT ( ( #7080 ) ) GLOBAL_UNIT_ASSIGNED_CONTEXT ( ( #1303, #5271, #7183 ) ) REPRESENTATION_CONTEXT ( 'NONE', 'WORKASPACE' ) );
#8785 = SURFACE_SIDE_STYLE ('',( #3742 ) ) ;
#8786 = DIRECTION ( 'NONE',  ( -0.000000000000000000, 1.000000000000000000, 0.000000000000000000 ) ) ;
#8787 = FACE_OUTER_BOUND ( 'NONE', #9691, .T. ) ;
#8788 =( NAMED_UNIT ( * ) PLANE_ANGLE_UNIT ( ) SI_UNIT ( $, .RADIAN. ) );
#8789 = EDGE_CURVE ( 'NONE', #5512, #1836, #7578, .T. ) ;
#8790 = DIRECTION ( 'NONE',  ( 1.000000000000000000, 0.000000000000000000, 1.224646799147353207E-16 ) ) ;
#8791 = DIRECTION ( 'NONE',  ( -1.000000000000000000, 0.000000000000000000, 0.000000000000000000 ) ) ;
#8792 = CARTESIAN_POINT ( 'NONE',  ( 1.250000000000000666, 0.2699999999999994071, 0.1600000000000007250 ) ) ;
#8793 = DIRECTION ( 'NONE',  ( 0.000000000000000000, 0.000000000000000000, 1.000000000000000000 ) ) ;
#8794 = ORIENTED_EDGE ( 'NONE', *, *, #4306, .T. ) ;
#8795 = CLOSED_SHELL ( 'NONE', ( #5371, #6286, #4417 ) ) ;
#8796 = DIRECTION ( 'NONE',  ( 1.000000000000000000, 0.000000000000000000, -0.000000000000000000 ) ) ;
#8797 = ORIENTED_EDGE ( 'NONE', *, *, #9952, .T. ) ;
#8798 = ORIENTED_EDGE ( 'NONE', *, *, #8658, .T. ) ;
#8799 =( GEOMETRIC_REPRESENTATION_CONTEXT ( 3 ) GLOBAL_UNCERTAINTY_ASSIGNED_CONTEXT ( ( #10426 ) ) GLOBAL_UNIT_ASSIGNED_CONTEXT ( ( #12577, #2835, #3838 ) ) REPRESENTATION_CONTEXT ( 'NONE', 'WORKASPACE' ) );
#8800 = ORIENTED_EDGE ( 'NONE', *, *, #1819, .F. ) ;
#8801 = DIRECTION ( 'NONE',  ( 1.000000000000000000, 0.000000000000000000, -0.000000000000000000 ) ) ;
#8802 = SURFACE_STYLE_FILL_AREA ( #3793 ) ;
#8803 = MANIFOLD_SOLID_BREP ( 'LPattern1[40]', #5858 ) ;
#8804 = AXIS2_PLACEMENT_3D ( 'NONE', #8965, #8796, #5067 ) ;
#8805 = DIRECTION ( 'NONE',  ( -0.000000000000000000, 1.000000000000000000, -0.000000000000000000 ) ) ;
#8806 = DIRECTION ( 'NONE',  ( 1.000000000000000000, 0.000000000000000000, 1.224646799147353207E-16 ) ) ;
#8807 = CARTESIAN_POINT ( 'NONE',  ( -1.249999999999999778, 0.1499999999999999944, -2.749999999999999556 ) ) ;
#8808 = EDGE_CURVE ( 'NONE', #12609, #6919, #7669, .T. ) ;
#8809 = DIRECTION ( 'NONE',  ( 0.000000000000000000, 0.000000000000000000, 1.000000000000000000 ) ) ;
#8810 = AXIS2_PLACEMENT_3D ( 'NONE', #8350, #8432, #1698 ) ;
#8811 = DIRECTION ( 'NONE',  ( -0.000000000000000000, 1.000000000000000000, 0.000000000000000000 ) ) ;
#8812 = ORIENTED_EDGE ( 'NONE', *, *, #11958, .T. ) ;
#8813 = ORIENTED_EDGE ( 'NONE', *, *, #6802, .T. ) ;
#8814 = DIRECTION ( 'NONE',  ( 0.000000000000000000, 0.000000000000000000, 1.000000000000000000 ) ) ;
#8815 = ORIENTED_EDGE ( 'NONE', *, *, #12323, .F. ) ;
#8816 = CARTESIAN_POINT ( 'NONE',  ( -3.250000000000000000, 0.1499999999999999944, -1.749999999999999334 ) ) ;
#8817 = STYLED_ITEM ( 'NONE', ( #1582 ), #2561 ) ;
#8818 = DIRECTION ( 'NONE',  ( 0.000000000000000000, 0.000000000000000000, 1.000000000000000000 ) ) ;
#8819 = AXIS2_PLACEMENT_3D ( 'NONE', #6780, #68, #8863 ) ;
#8820 = ORIENTED_EDGE ( 'NONE', *, *, #3847, .T. ) ;
#8821 = ORIENTED_EDGE ( 'NONE', *, *, #7908, .F. ) ;
#8822 = EDGE_CURVE ( 'NONE', #10715, #7496, #11978, .T. ) ;
#8823 = PRESENTATION_STYLE_ASSIGNMENT (( #3059 ) ) ;
#8824 =( GEOMETRIC_REPRESENTATION_CONTEXT ( 3 ) GLOBAL_UNCERTAINTY_ASSIGNED_CONTEXT ( ( #11062 ) ) GLOBAL_UNIT_ASSIGNED_CONTEXT ( ( #3179, #11097, #12107 ) ) REPRESENTATION_CONTEXT ( 'NONE', 'WORKASPACE' ) );
#8825 = AXIS2_PLACEMENT_3D ( 'NONE', #1288, #2264, #4237 ) ;
#8826 = CARTESIAN_POINT ( 'NONE',  ( -2.750000000000000000, 0.2699999999999994071, 1.750000000000001110 ) ) ;
#8827 = COLOUR_RGB ( '',0.7921568627450980005, 0.8196078431372548767, 0.9333333333333333481 ) ;
#8828 = UNCERTAINTY_MEASURE_WITH_UNIT (LENGTH_MEASURE( 1.000000000000000082E-05 ), #11265, 'distance_accuracy_value', 'NONE');
#8829 = UNCERTAINTY_MEASURE_WITH_UNIT (LENGTH_MEASURE( 1.000000000000000082E-05 ), #3015, 'distance_accuracy_value', 'NONE');
#8830 = EDGE_LOOP ( 'NONE', ( #4261, #8735 ) ) ;
#8831 = ORIENTED_EDGE ( 'NONE', *, *, #4786, .F. ) ;
#8832 = DIRECTION ( 'NONE',  ( 0.000000000000000000, 0.000000000000000000, -1.000000000000000000 ) ) ;
#8833 = EDGE_LOOP ( 'NONE', ( #4867, #5110, #5101 ) ) ;
#8834 =( NAMED_UNIT ( * ) PLANE_ANGLE_UNIT ( ) SI_UNIT ( $, .RADIAN. ) );
#8835 = STYLED_ITEM ( 'NONE', ( #10000 ), #9471 ) ;
#8836 = DIRECTION ( 'NONE',  ( 0.000000000000000000, 0.000000000000000000, -1.000000000000000000 ) ) ;
#8837 = EDGE_LOOP ( 'NONE', ( #10137, #2564 ) ) ;
#8838 = DIRECTION ( 'NONE',  ( 0.000000000000000000, 0.000000000000000000, -1.000000000000000000 ) ) ;
#8839 = EDGE_LOOP ( 'NONE', ( #7768, #498, #3022 ) ) ;
#8840 = MECHANICAL_DESIGN_GEOMETRIC_PRESENTATION_REPRESENTATION (  '', ( #1261 ), #10859 ) ;
#8841 = DIRECTION ( 'NONE',  ( 0.000000000000000000, 0.000000000000000000, 1.000000000000000000 ) ) ;
#8842 = DIRECTION ( 'NONE',  ( -0.000000000000000000, 1.000000000000000000, -0.000000000000000000 ) ) ;
#8843 = DIRECTION ( 'NONE',  ( -0.000000000000000000, 1.000000000000000000, -0.000000000000000000 ) ) ;
#8844 = FACE_OUTER_BOUND ( 'NONE', #8205, .T. ) ;
#8845 = CARTESIAN_POINT ( 'NONE',  ( -1.749999999999999778, 0.2699999999999994071, 3.250000000000001776 ) ) ;
#8846 = DIRECTION ( 'NONE',  ( 1.000000000000000000, 0.000000000000000000, -0.000000000000000000 ) ) ;
#8847 = DIRECTION ( 'NONE',  ( 0.000000000000000000, 0.000000000000000000, 1.000000000000000000 ) ) ;
#8848 = CARTESIAN_POINT ( 'NONE',  ( -2.750000000000000000, 0.2699999999999994071, -0.8399999999999994138 ) ) ;
#8849 = AXIS2_PLACEMENT_3D ( 'NONE', #1867, #3617, #1713 ) ;
#8850 = ADVANCED_FACE ( 'NONE', ( #3786 ), #12450, .T. ) ;
#8851 = ORIENTED_EDGE ( 'NONE', *, *, #11120, .T. ) ;
#8852 = ORIENTED_EDGE ( 'NONE', *, *, #10832, .T. ) ;
#8853 = CARTESIAN_POINT ( 'NONE',  ( -2.250000000000000000, 0.2699999999999994071, 2.250000000000000888 ) ) ;
#8854 =( NAMED_UNIT ( * ) PLANE_ANGLE_UNIT ( ) SI_UNIT ( $, .RADIAN. ) );
#8855 = ORIENTED_EDGE ( 'NONE', *, *, #731, .F. ) ;
#8856 =( NAMED_UNIT ( * ) SI_UNIT ( $, .STERADIAN. ) SOLID_ANGLE_UNIT ( ) );
#8857 = ORIENTED_EDGE ( 'NONE', *, *, #9905, .T. ) ;
#8858 = AXIS2_PLACEMENT_3D ( 'NONE', #5749, #7763, #10479 ) ;
#8859 = ORIENTED_EDGE ( 'NONE', *, *, #6948, .F. ) ;
#8860 = ADVANCED_FACE ( 'NONE', ( #7923 ), #3354, .T. ) ;
#8861 = DIRECTION ( 'NONE',  ( -1.000000000000000000, 0.000000000000000000, 0.000000000000000000 ) ) ;
#8862 = ADVANCED_FACE ( 'NONE', ( #8109 ), #3381, .T. ) ;
#8863 = DIRECTION ( 'NONE',  ( 0.000000000000000000, 0.000000000000000000, 1.000000000000000000 ) ) ;
#8864 = FACE_OUTER_BOUND ( 'NONE', #10982, .T. ) ;
#8865 = DIRECTION ( 'NONE',  ( -0.000000000000000000, 1.000000000000000000, 0.000000000000000000 ) ) ;
#8866 = EDGE_CURVE ( 'NONE', #8417, #5465, #3836, .T. ) ;
#8867 = DIRECTION ( 'NONE',  ( 1.000000000000000000, 0.000000000000000000, 1.224646799147353207E-16 ) ) ;
#8868 = DIRECTION ( 'NONE',  ( 0.000000000000000000, 0.000000000000000000, 1.000000000000000000 ) ) ;
#8869 = MECHANICAL_DESIGN_GEOMETRIC_PRESENTATION_REPRESENTATION (  '', ( #12604 ), #3588 ) ;
#8870 = CARTESIAN_POINT ( 'NONE',  ( -2.250000000000000000, 0.2699999999999994071, 1.840000000000000968 ) ) ;
#8871 = CARTESIAN_POINT ( 'NONE',  ( 3.250000000000000888, 0.1499999999999999944, -0.2499999999999993616 ) ) ;
#8872 = CARTESIAN_POINT ( 'NONE',  ( 2.250000000000000000, 0.1499999999999999944, -2.249999999999999556 ) ) ;
#8873 = DIRECTION ( 'NONE',  ( 0.000000000000000000, 0.000000000000000000, 1.000000000000000000 ) ) ;
#8874 = FILL_AREA_STYLE_COLOUR ( '', #10341 ) ;
#8875 = ADVANCED_FACE ( 'NONE', ( #7710 ), #10309, .T. ) ;
#8876 = CARTESIAN_POINT ( 'NONE',  ( 0.7500000000000002220, 0.2699999999999994071, 2.750000000000001332 ) ) ;
#8877 = AXIS2_PLACEMENT_3D ( 'NONE', #2345, #8428, #6505 ) ;
#8878 = MANIFOLD_SOLID_BREP ( 'LPattern1[6]', #1329 ) ;
#8879 = ORIENTED_EDGE ( 'NONE', *, *, #11789, .T. ) ;
#8880 = ORIENTED_EDGE ( 'NONE', *, *, #10080, .T. ) ;
#8881 = SURFACE_SIDE_STYLE ('',( #854 ) ) ;
#8882 = ORIENTED_EDGE ( 'NONE', *, *, #955, .F. ) ;
#8883 = ORIENTED_EDGE ( 'NONE', *, *, #10987, .T. ) ;
#8884 = EDGE_LOOP ( 'NONE', ( #5946, #5928, #8571 ) ) ;
#8885 = FACE_OUTER_BOUND ( 'NONE', #12714, .T. ) ;
#8886 = PRESENTATION_STYLE_ASSIGNMENT (( #2794 ) ) ;
#8887 = AXIS2_PLACEMENT_3D ( 'NONE', #6762, #10686, #2119 ) ;
#8888 = AXIS2_PLACEMENT_3D ( 'NONE', #7650, #495, #3709 ) ;
#8889 =( LENGTH_UNIT ( ) NAMED_UNIT ( * ) SI_UNIT ( .MILLI., .METRE. ) );
#8890 = VECTOR ( 'NONE', #12247, 1000.000000000000000 ) ;
#8891 = FILL_AREA_STYLE ('',( #6159 ) ) ;
#8892 = EDGE_CURVE ( 'NONE', #7584, #2354, #4079, .T. ) ;
#8893 = DIRECTION ( 'NONE',  ( 0.000000000000000000, 0.000000000000000000, 1.000000000000000000 ) ) ;
#8894 = DIRECTION ( 'NONE',  ( 0.000000000000000000, 0.000000000000000000, -1.000000000000000000 ) ) ;
#8895 = MANIFOLD_SOLID_BREP ( 'LPattern1[13]', #7506 ) ;
#8896 = STYLED_ITEM ( 'NONE', ( #8606 ), #3706 ) ;
#8897 = DIRECTION ( 'NONE',  ( 0.000000000000000000, 0.000000000000000000, -1.000000000000000000 ) ) ;
#8898 = MECHANICAL_DESIGN_GEOMETRIC_PRESENTATION_REPRESENTATION (  '', ( #11880 ), #2991 ) ;
#8899 = FILL_AREA_STYLE_COLOUR ( '', #12569 ) ;
#8900 = VERTEX_POINT ( 'NONE', #7580 ) ;
#8901 = ORIENTED_EDGE ( 'NONE', *, *, #5406, .T. ) ;
#8902 = DIRECTION ( 'NONE',  ( 0.000000000000000000, 0.000000000000000000, 1.000000000000000000 ) ) ;
#8903 = ORIENTED_EDGE ( 'NONE', *, *, #7139, .F. ) ;
#8904 = PLANE ( 'NONE',  #5755 ) ;
#8905 = ADVANCED_FACE ( 'NONE', ( #3946 ), #19, .T. ) ;
#8906 = CARTESIAN_POINT ( 'NONE',  ( 0.2500000000000002220, 0.1499999999999999944, 3.250000000000001332 ) ) ;
#8907 = DIRECTION ( 'NONE',  ( 0.000000000000000000, 0.000000000000000000, 1.000000000000000000 ) ) ;
#8908 = PLANE ( 'NONE',  #11783 ) ;
#8909 = ORIENTED_EDGE ( 'NONE', *, *, #7001, .T. ) ;
#8910 = MANIFOLD_SOLID_BREP ( 'LPattern1[194]', #11643 ) ;
#8911 = AXIS2_PLACEMENT_3D ( 'NONE', #10419, #5506, #551 ) ;
#8912 = VERTEX_POINT ( 'NONE', #2466 ) ;
#8913 = SURFACE_STYLE_FILL_AREA ( #11720 ) ;
#8914 = CARTESIAN_POINT ( 'NONE',  ( -3.250000000000000000, 0.2699999999999994071, -2.249999999999999112 ) ) ;
#8915 = CARTESIAN_POINT ( 'NONE',  ( 2.250000000000000000, 0.1499999999999999944, 3.250000000000001332 ) ) ;
#8916 =( GEOMETRIC_REPRESENTATION_CONTEXT ( 3 ) GLOBAL_UNCERTAINTY_ASSIGNED_CONTEXT ( ( #10277 ) ) GLOBAL_UNIT_ASSIGNED_CONTEXT ( ( #10244, #7143, #2249 ) ) REPRESENTATION_CONTEXT ( 'NONE', 'WORKASPACE' ) );
#8917 = CARTESIAN_POINT ( 'NONE',  ( 2.750000000000000444, 0.1499999999999999944, -3.249999999999999556 ) ) ;
#8918 = EDGE_CURVE ( 'NONE', #5930, #4130, #4287, .T. ) ;
#8919 = ORIENTED_EDGE ( 'NONE', *, *, #2182, .F. ) ;
#8920 = ORIENTED_EDGE ( 'NONE', *, *, #10770, .T. ) ;
#8921 = AXIS2_PLACEMENT_3D ( 'NONE', #5949, #1706, #5612 ) ;
#8922 = CARTESIAN_POINT ( 'NONE',  ( 1.250000000000000666, 0.2699999999999994071, 2.340000000000000746 ) ) ;
#8923 = ORIENTED_EDGE ( 'NONE', *, *, #12105, .F. ) ;
#8924 = CARTESIAN_POINT ( 'NONE',  ( -2.250000000000000000, 0.1499999999999999944, 2.750000000000000888 ) ) ;
#8925 = AXIS2_PLACEMENT_3D ( 'NONE', #79, #991, #1077 ) ;
#8926 = FILL_AREA_STYLE ('',( #6020 ) ) ;
#8927 = EDGE_LOOP ( 'NONE', ( #8637, #633, #12090 ) ) ;
#8928 = SURFACE_STYLE_USAGE ( .BOTH. , #7860 ) ;
#8929 = VERTEX_POINT ( 'NONE', #1418 ) ;
#8930 = FACE_OUTER_BOUND ( 'NONE', #5082, .T. ) ;
#8931 = PRESENTATION_STYLE_ASSIGNMENT (( #1742 ) ) ;
#8932 = CARTESIAN_POINT ( 'NONE',  ( 3.250000000000000888, 0.2699999999999994071, -1.339999999999999192 ) ) ;
#8933 = DIRECTION ( 'NONE',  ( 1.000000000000000000, 0.000000000000000000, 1.224646799147353207E-16 ) ) ;
#8934 = SURFACE_STYLE_USAGE ( .BOTH. , #9766 ) ;
#8935 = FACE_OUTER_BOUND ( 'NONE', #7571, .T. ) ;
#8936 = SPHERICAL_SURFACE ( 'NONE', #8543, 0.1499999999999998557 ) ;
#8937 = CARTESIAN_POINT ( 'NONE',  ( -1.749999999999999778, 0.2699999999999994071, 3.160000000000001474 ) ) ;
#8938 = FACE_OUTER_BOUND ( 'NONE', #9330, .T. ) ;
#8939 = FILL_AREA_STYLE_COLOUR ( '', #7659 ) ;
#8940 = CARTESIAN_POINT ( 'NONE',  ( 3.250000000000000888, 0.1499999999999999944, 3.250000000000001332 ) ) ;
#8941 = COLOUR_RGB ( '',0.7921568627450980005, 0.8196078431372548767, 0.9333333333333333481 ) ;
#8942 = VERTEX_POINT ( 'NONE', #7218 ) ;
#8943 = SURFACE_SIDE_STYLE ('',( #7810 ) ) ;
#8944 = EDGE_CURVE ( 'NONE', #11260, #528, #12630, .T. ) ;
#8945 = ORIENTED_EDGE ( 'NONE', *, *, #11394, .T. ) ;
#8946 = AXIS2_PLACEMENT_3D ( 'NONE', #1705, #7446, #10274 ) ;
#8947 = VERTEX_POINT ( 'NONE', #8400 ) ;
#8948 = EDGE_LOOP ( 'NONE', ( #6465, #1848 ) ) ;
#8949 = DIRECTION ( 'NONE',  ( 1.000000000000000000, 0.000000000000000000, -0.000000000000000000 ) ) ;
#8950 = DIRECTION ( 'NONE',  ( -0.000000000000000000, 1.000000000000000000, -0.000000000000000000 ) ) ;
#8951 = PLANE ( 'NONE',  #2662 ) ;
#8952 =( GEOMETRIC_REPRESENTATION_CONTEXT ( 3 ) GLOBAL_UNCERTAINTY_ASSIGNED_CONTEXT ( ( #6287 ) ) GLOBAL_UNIT_ASSIGNED_CONTEXT ( ( #8105, #12103, #12029 ) ) REPRESENTATION_CONTEXT ( 'NONE', 'WORKASPACE' ) );
#8953 = SPHERICAL_SURFACE ( 'NONE', #11798, 0.1499999999999998557 ) ;
#8954 = DIRECTION ( 'NONE',  ( 1.000000000000000000, 0.000000000000000000, -0.000000000000000000 ) ) ;
#8955 = CIRCLE ( 'NONE', #5224, 0.1499999999999999667 ) ;
#8956 = CARTESIAN_POINT ( 'NONE',  ( 0.7500000000000002220, 0.2699999999999994071, -2.159999999999999254 ) ) ;
#8957 =( NAMED_UNIT ( * ) SI_UNIT ( $, .STERADIAN. ) SOLID_ANGLE_UNIT ( ) );
#8958 =( NAMED_UNIT ( * ) SI_UNIT ( $, .STERADIAN. ) SOLID_ANGLE_UNIT ( ) );
#8959 = CARTESIAN_POINT ( 'NONE',  ( -1.749999999999999778, 0.1499999999999999944, -1.749999999999999334 ) ) ;
#8960 = SURFACE_STYLE_USAGE ( .BOTH. , #7132 ) ;
#8961 =( NAMED_UNIT ( * ) PLANE_ANGLE_UNIT ( ) SI_UNIT ( $, .RADIAN. ) );
#8962 = AXIS2_PLACEMENT_3D ( 'NONE', #2171, #4152, #284 ) ;
#8963 = VERTEX_POINT ( 'NONE', #12222 ) ;
#8964 = VERTEX_POINT ( 'NONE', #339 ) ;
#8965 = CARTESIAN_POINT ( 'NONE',  ( 2.750000000000000444, 0.1499999999999999944, 2.750000000000000888 ) ) ;
#8966 = ORIENTED_EDGE ( 'NONE', *, *, #4446, .T. ) ;
#8967 = ORIENTED_EDGE ( 'NONE', *, *, #1237, .T. ) ;
#8968 = AXIS2_PLACEMENT_3D ( 'NONE', #7655, #12694, #9625 ) ;
#8969 = EDGE_LOOP ( 'NONE', ( #1165, #5387, #9964 ) ) ;
#8970 = AXIS2_PLACEMENT_3D ( 'NONE', #10896, #3886, #4907 ) ;
#8971 = CIRCLE ( 'NONE', #6022, 0.1499999999999999667 ) ;
#8972 = ADVANCED_FACE ( 'NONE', ( #3929 ), #4289, .T. ) ;
#8973 = EDGE_CURVE ( 'NONE', #9977, #2354, #12824, .T. ) ;
#8974 = ADVANCED_FACE ( 'NONE', ( #4031 ), #8550, .T. ) ;
#8975 = MANIFOLD_SOLID_BREP ( 'LPattern1[192]', #10709 ) ;
#8976 = ORIENTED_EDGE ( 'NONE', *, *, #2369, .T. ) ;
#8977 = CIRCLE ( 'NONE', #4803, 0.08999999999999980238 ) ;
#8978 = FACE_OUTER_BOUND ( 'NONE', #7129, .T. ) ;
#8979 = CARTESIAN_POINT ( 'NONE',  ( 2.250000000000000000, 0.1499999999999999944, -1.749999999999999334 ) ) ;
#8980 = AXIS2_PLACEMENT_3D ( 'NONE', #8697, #1715, #732 ) ;
#8981 = DIRECTION ( 'NONE',  ( -1.000000000000000000, 0.000000000000000000, 0.000000000000000000 ) ) ;
#8982 = ADVANCED_FACE ( 'NONE', ( #4262 ), #3882, .T. ) ;
#8983 = DIRECTION ( 'NONE',  ( 0.000000000000000000, 0.000000000000000000, 1.000000000000000000 ) ) ;
#8984 = FILL_AREA_STYLE ('',( #6076 ) ) ;
#8985 = ORIENTED_EDGE ( 'NONE', *, *, #6520, .F. ) ;
#8986 = AXIS2_PLACEMENT_3D ( 'NONE', #3220, #6053, #8062 ) ;
#8987 = VERTEX_POINT ( 'NONE', #10552 ) ;
#8988 = DIRECTION ( 'NONE',  ( 1.000000000000000000, 0.000000000000000000, -0.000000000000000000 ) ) ;
#8989 =( GEOMETRIC_REPRESENTATION_CONTEXT ( 3 ) GLOBAL_UNCERTAINTY_ASSIGNED_CONTEXT ( ( #11378 ) ) GLOBAL_UNIT_ASSIGNED_CONTEXT ( ( #2164, #1899, #2073 ) ) REPRESENTATION_CONTEXT ( 'NONE', 'WORKASPACE' ) );
#8990 = ORIENTED_EDGE ( 'NONE', *, *, #9753, .F. ) ;
#8991 = CARTESIAN_POINT ( 'NONE',  ( -2.250000000000000000, 1.355252715606880543E-16, 3.250000000000001332 ) ) ;
#8992 = EDGE_CURVE ( 'NONE', #5655, #7549, #12531, .T. ) ;
#8993 = DIRECTION ( 'NONE',  ( 1.000000000000000000, 0.000000000000000000, 1.224646799147353207E-16 ) ) ;
#8994 = DIRECTION ( 'NONE',  ( 1.000000000000000000, 0.000000000000000000, -0.000000000000000000 ) ) ;
#8995 = CARTESIAN_POINT ( 'NONE',  ( -1.249999999999999778, 0.1499999999999999944, -3.249999999999999556 ) ) ;
#8996 = DIRECTION ( 'NONE',  ( -0.000000000000000000, 1.000000000000000000, -0.000000000000000000 ) ) ;
#8997 = ORIENTED_EDGE ( 'NONE', *, *, #11467, .F. ) ;
#8998 = UNCERTAINTY_MEASURE_WITH_UNIT (LENGTH_MEASURE( 1.000000000000000082E-05 ), #624, 'distance_accuracy_value', 'NONE');
#8999 = ORIENTED_EDGE ( 'NONE', *, *, #12251, .F. ) ;
#9000 = SPHERICAL_SURFACE ( 'NONE', #5560, 0.1499999999999998557 ) ;
#9001 = PLANE ( 'NONE',  #4898 ) ;
#9002 = UNCERTAINTY_MEASURE_WITH_UNIT (LENGTH_MEASURE( 1.000000000000000082E-05 ), #7645, 'distance_accuracy_value', 'NONE');
#9003 = DIRECTION ( 'NONE',  ( 1.000000000000000000, 0.000000000000000000, -0.000000000000000000 ) ) ;
#9004 = CARTESIAN_POINT ( 'NONE',  ( 3.250000000000000888, 0.1499999999999999944, 2.750000000000000888 ) ) ;
#9005 = ORIENTED_EDGE ( 'NONE', *, *, #6649, .F. ) ;
#9006 = FACE_OUTER_BOUND ( 'NONE', #3450, .T. ) ;
#9007 = COLOUR_RGB ( '',0.7921568627450980005, 0.8196078431372548767, 0.9333333333333333481 ) ;
#9008 = CIRCLE ( 'NONE', #7596, 0.1499999999999999667 ) ;
#9009 = AXIS2_PLACEMENT_3D ( 'NONE', #8136, #7969, #11203 ) ;
#9010 = AXIS2_PLACEMENT_3D ( 'NONE', #10443, #2595, #11441 ) ;
#9011 =( LENGTH_UNIT ( ) NAMED_UNIT ( * ) SI_UNIT ( .MILLI., .METRE. ) );
#9012 = MANIFOLD_SOLID_BREP ( 'LPattern1[152]', #4718 ) ;
#9013 = CIRCLE ( 'NONE', #8226, 0.1499999999999999667 ) ;
#9014 = ORIENTED_EDGE ( 'NONE', *, *, #7270, .T. ) ;
#9015 = EDGE_LOOP ( 'NONE', ( #10603, #2371, #1691 ) ) ;
#9016 = FILL_AREA_STYLE ('',( #9942 ) ) ;
#9017 = ADVANCED_FACE ( 'NONE', ( #4454 ), #10900, .T. ) ;
#9018 = AXIS2_PLACEMENT_3D ( 'NONE', #9706, #4615, #10713 ) ;
#9019 = CARTESIAN_POINT ( 'NONE',  ( 1.250000000000000666, 0.2699999999999994071, -0.6599999999999989209 ) ) ;
#9020 = CARTESIAN_POINT ( 'NONE',  ( 1.750000000000000222, 0.2699999999999994071, -2.749999999999999112 ) ) ;
#9021 = ORIENTED_EDGE ( 'NONE', *, *, #2242, .F. ) ;
#9022 = CARTESIAN_POINT ( 'NONE',  ( -5.750000000000001776, 0.8000000000000000444, 6.500000000000000000 ) ) ;
#9023 = ORIENTED_EDGE ( 'NONE', *, *, #1402, .F. ) ;
#9024 = COLOUR_RGB ( '',0.7921568627450980005, 0.8196078431372548767, 0.9333333333333333481 ) ;
#9025 = CIRCLE ( 'NONE', #7334, 0.1499999999999999667 ) ;
#9026 = CARTESIAN_POINT ( 'NONE',  ( -3.250000000000000000, 0.2699999999999994071, 3.250000000000001776 ) ) ;
#9027 = DIRECTION ( 'NONE',  ( 1.000000000000000000, 0.000000000000000000, -0.000000000000000000 ) ) ;
#9028 = VERTEX_POINT ( 'NONE', #17 ) ;
#9029 = FACE_OUTER_BOUND ( 'NONE', #3889, .T. ) ;
#9030 = CIRCLE ( 'NONE', #9916, 0.1499999999999999667 ) ;
#9031 =( LENGTH_UNIT ( ) NAMED_UNIT ( * ) SI_UNIT ( .MILLI., .METRE. ) );
#9032 = DIRECTION ( 'NONE',  ( 0.000000000000000000, 0.000000000000000000, -1.000000000000000000 ) ) ;
#9033 = PRESENTATION_LAYER_ASSIGNMENT (  '', '', ( #1739 ) ) ;
#9034 = AXIS2_PLACEMENT_3D ( 'NONE', #3127, #12147, #5222 ) ;
#9035 = CIRCLE ( 'NONE', #306, 0.08999999999999980238 ) ;
#9036 = EDGE_LOOP ( 'NONE', ( #1124, #5027, #4563 ) ) ;
#9037 = VERTEX_POINT ( 'NONE', #4995 ) ;
#9038 = EDGE_CURVE ( 'NONE', #10166, #5976, #4434, .T. ) ;
#9039 = ORIENTED_EDGE ( 'NONE', *, *, #8992, .T. ) ;
#9040 = EDGE_LOOP ( 'NONE', ( #3158, #4701, #12446 ) ) ;
#9041 =( NAMED_UNIT ( * ) PLANE_ANGLE_UNIT ( ) SI_UNIT ( $, .RADIAN. ) );
#9042 = MECHANICAL_DESIGN_GEOMETRIC_PRESENTATION_REPRESENTATION (  '', ( #1884 ), #11694 ) ;
#9043 = VERTEX_POINT ( 'NONE', #1992 ) ;
#9044 = DIRECTION ( 'NONE',  ( 0.000000000000000000, 0.000000000000000000, 1.000000000000000000 ) ) ;
#9045 = CIRCLE ( 'NONE', #1439, 0.08999999999999980238 ) ;
#9046 = FACE_OUTER_BOUND ( 'NONE', #2701, .T. ) ;
#9047 = DIRECTION ( 'NONE',  ( 0.000000000000000000, 0.000000000000000000, 1.000000000000000000 ) ) ;
#9048 = CARTESIAN_POINT ( 'NONE',  ( -3.250000000000000000, 0.2699999999999994071, -0.7499999999999988898 ) ) ;
#9049 = SURFACE_STYLE_FILL_AREA ( #12046 ) ;
#9050 = SURFACE_STYLE_USAGE ( .BOTH. , #343 ) ;
#9051 = DIRECTION ( 'NONE',  ( -0.000000000000000000, 1.000000000000000000, -0.000000000000000000 ) ) ;
#9052 = CARTESIAN_POINT ( 'NONE',  ( -0.2499999999999997780, 0.1499999999999999944, 2.750000000000000888 ) ) ;
#9053 = CARTESIAN_POINT ( 'NONE',  ( 1.750000000000000222, 0.1499999999999999944, -2.249999999999999556 ) ) ;
#9054 = DIRECTION ( 'NONE',  ( -0.000000000000000000, 1.000000000000000000, -0.000000000000000000 ) ) ;
#9055 = CIRCLE ( 'NONE', #3229, 0.08999999999999980238 ) ;
#9056 = MECHANICAL_DESIGN_GEOMETRIC_PRESENTATION_REPRESENTATION (  '', ( #7527 ), #9676 ) ;
#9057 = VERTEX_POINT ( 'NONE', #4640 ) ;
#9058 = SURFACE_SIDE_STYLE ('',( #1037 ) ) ;
#9059 = ORIENTED_EDGE ( 'NONE', *, *, #4301, .T. ) ;
#9060 = ORIENTED_EDGE ( 'NONE', *, *, #10429, .T. ) ;
#9061 = ORIENTED_EDGE ( 'NONE', *, *, #8822, .F. ) ;
#9062 = EDGE_CURVE ( 'NONE', #6873, #12834, #103, .T. ) ;
#9063 = AXIS2_PLACEMENT_3D ( 'NONE', #2021, #8842, #11684 ) ;
#9064 = AXIS2_PLACEMENT_3D ( 'NONE', #4389, #8157, #12482 ) ;
#9065 = ORIENTED_EDGE ( 'NONE', *, *, #3991, .T. ) ;
#9066 = CARTESIAN_POINT ( 'NONE',  ( -4.312500000000001776, 0.8000000000000000444, -5.062499999999999112 ) ) ;
#9067 = SPHERICAL_SURFACE ( 'NONE', #6541, 0.1499999999999998557 ) ;
#9068 = EDGE_CURVE ( 'NONE', #12449, #5414, #8777, .T. ) ;
#9069 = AXIS2_PLACEMENT_3D ( 'NONE', #5629, #10064, #5137 ) ;
#9070 = SPHERICAL_SURFACE ( 'NONE', #3513, 0.1499999999999998557 ) ;
#9071 = DIRECTION ( 'NONE',  ( 1.000000000000000000, 0.000000000000000000, -0.000000000000000000 ) ) ;
#9072 = AXIS2_PLACEMENT_3D ( 'NONE', #6623, #5803, #10527 ) ;
#9073 = DIRECTION ( 'NONE',  ( 0.000000000000000000, 0.000000000000000000, 1.000000000000000000 ) ) ;
#9074 = DIRECTION ( 'NONE',  ( -0.7071067811865482389, 0.000000000000000000, 0.7071067811865469066 ) ) ;
#9075 = CIRCLE ( 'NONE', #12261, 0.1499999999999999667 ) ;
#9076 = ORIENTED_EDGE ( 'NONE', *, *, #4948, .F. ) ;
#9077 = DIRECTION ( 'NONE',  ( 1.000000000000000000, 0.000000000000000000, -0.000000000000000000 ) ) ;
#9078 = ADVANCED_FACE ( 'NONE', ( #84 ), #387, .T. ) ;
#9079 = VERTEX_POINT ( 'NONE', #9643 ) ;
#9080 = CARTESIAN_POINT ( 'NONE',  ( -3.250000000000000000, 0.1499999999999999944, 2.750000000000000888 ) ) ;
#9081 = MANIFOLD_SOLID_BREP ( 'LPattern1[86]', #11591 ) ;
#9082 = SURFACE_SIDE_STYLE ('',( #9628 ) ) ;
#9083 = ORIENTED_EDGE ( 'NONE', *, *, #12041, .F. ) ;
#9084 = ORIENTED_EDGE ( 'NONE', *, *, #11099, .F. ) ;
#9085 = PRESENTATION_STYLE_ASSIGNMENT (( #7197 ) ) ;
#9086 = SPHERICAL_SURFACE ( 'NONE', #9838, 0.1499999999999998557 ) ;
#9087 = PLANE ( 'NONE',  #7622 ) ;
#9088 = ADVANCED_FACE ( 'NONE', ( #8754 ), #189, .T. ) ;
#9089 = ORIENTED_EDGE ( 'NONE', *, *, #8686, .F. ) ;
#9090 = FACE_OUTER_BOUND ( 'NONE', #7964, .T. ) ;
#9091 = SPHERICAL_SURFACE ( 'NONE', #5593, 0.1499999999999998557 ) ;
#9092 = AXIS2_PLACEMENT_3D ( 'NONE', #8826, #8740, #6818 ) ;
#9093 = AXIS2_PLACEMENT_3D ( 'NONE', #12110, #7272, #9281 ) ;
#9094 = PRESENTATION_STYLE_ASSIGNMENT (( #1971 ) ) ;
#9095 = EDGE_CURVE ( 'NONE', #9505, #10385, #481, .T. ) ;
#9096 = DIRECTION ( 'NONE',  ( -1.000000000000000000, 0.000000000000000000, 0.000000000000000000 ) ) ;
#9097 = ADVANCED_FACE ( 'NONE', ( #4618 ), #2166, .T. ) ;
#9098 = FACE_OUTER_BOUND ( 'NONE', #380, .T. ) ;
#9099 = CARTESIAN_POINT ( 'NONE',  ( -0.2499999999999997780, 0.1499999999999999944, -2.249999999999999556 ) ) ;
#9100 = ORIENTED_EDGE ( 'NONE', *, *, #921, .T. ) ;
#9101 = SURFACE_STYLE_USAGE ( .BOTH. , #482 ) ;
#9102 = ORIENTED_EDGE ( 'NONE', *, *, #12318, .T. ) ;
#9103 = DIRECTION ( 'NONE',  ( -1.000000000000000000, 0.000000000000000000, 0.000000000000000000 ) ) ;
#9104 = DIRECTION ( 'NONE',  ( 1.000000000000000000, 0.000000000000000000, -0.000000000000000000 ) ) ;
#9105 = DIRECTION ( 'NONE',  ( 1.000000000000000000, 0.000000000000000000, 1.224646799147353207E-16 ) ) ;
#9106 = ORIENTED_EDGE ( 'NONE', *, *, #4617, .T. ) ;
#9107 = DIRECTION ( 'NONE',  ( -0.000000000000000000, 1.000000000000000000, 0.000000000000000000 ) ) ;
#9108 = ORIENTED_EDGE ( 'NONE', *, *, #9863, .F. ) ;
#9109 = CIRCLE ( 'NONE', #2347, 0.1499999999999998557 ) ;
#9110 = COLOUR_RGB ( '',0.7921568627450980005, 0.8196078431372548767, 0.9333333333333333481 ) ;
#9111 = MANIFOLD_SOLID_BREP ( 'LPattern1[156]', #7631 ) ;
#9112 = DIRECTION ( 'NONE',  ( 0.000000000000000000, 0.000000000000000000, 1.000000000000000000 ) ) ;
#9113 =( NAMED_UNIT ( * ) SI_UNIT ( $, .STERADIAN. ) SOLID_ANGLE_UNIT ( ) );
#9114 = DIRECTION ( 'NONE',  ( 1.000000000000000000, 0.000000000000000000, -0.000000000000000000 ) ) ;
#9115 = ORIENTED_EDGE ( 'NONE', *, *, #4427, .F. ) ;
#9116 = VECTOR ( 'NONE', #10010, 1000.000000000000000 ) ;
#9117 = SURFACE_STYLE_FILL_AREA ( #12706 ) ;
#9118 = CARTESIAN_POINT ( 'NONE',  ( 0.2500000000000002220, 0.2699999999999994071, -3.249999999999999112 ) ) ;
#9119 = EDGE_CURVE ( 'NONE', #9935, #6893, #4547, .T. ) ;
#9120 = DIRECTION ( 'NONE',  ( -0.000000000000000000, 1.000000000000000000, -0.000000000000000000 ) ) ;
#9121 = FACE_OUTER_BOUND ( 'NONE', #8354, .T. ) ;
#9122 =( NAMED_UNIT ( * ) SI_UNIT ( $, .STERADIAN. ) SOLID_ANGLE_UNIT ( ) );
#9123 = DIRECTION ( 'NONE',  ( -0.000000000000000000, 1.000000000000000000, -0.000000000000000000 ) ) ;
#9124 = AXIS2_PLACEMENT_3D ( 'NONE', #8917, #12818, #2993 ) ;
#9125 = ADVANCED_FACE ( 'NONE', ( #38 ), #4662, .T. ) ;
#9126 = AXIS2_PLACEMENT_3D ( 'NONE', #11250, #2576, #2494 ) ;
#9127 = ORIENTED_EDGE ( 'NONE', *, *, #1726, .F. ) ;
#9128 = AXIS2_PLACEMENT_3D ( 'NONE', #8583, #9585, #133 ) ;
#9129 = ORIENTED_EDGE ( 'NONE', *, *, #1513, .F. ) ;
#9130 = DIRECTION ( 'NONE',  ( -0.000000000000000000, 1.000000000000000000, -0.000000000000000000 ) ) ;
#9131 = CARTESIAN_POINT ( 'NONE',  ( -3.250000000000000000, 0.2699999999999994071, 0.3400000000000010236 ) ) ;
#9132 = ORIENTED_EDGE ( 'NONE', *, *, #10963, .T. ) ;
#9133 = AXIS2_PLACEMENT_3D ( 'NONE', #9551, #1651, #2303 ) ;
#9134 = DIRECTION ( 'NONE',  ( 1.000000000000000000, 0.000000000000000000, -0.000000000000000000 ) ) ;
#9135 = ORIENTED_EDGE ( 'NONE', *, *, #12537, .F. ) ;
#9136 = ADVANCED_FACE ( 'NONE', ( #4351 ), #3328, .T. ) ;
#9137 = VERTEX_POINT ( 'NONE', #10988 ) ;
#9138 = CIRCLE ( 'NONE', #7743, 0.1499999999999999667 ) ;
#9139 = SURFACE_STYLE_USAGE ( .BOTH. , #6856 ) ;
#9140 = AXIS2_PLACEMENT_3D ( 'NONE', #9331, #5666, #2547 ) ;
#9141 = EDGE_LOOP ( 'NONE', ( #9713, #1151, #2402 ) ) ;
#9142 = CARTESIAN_POINT ( 'NONE',  ( 1.750000000000000222, 0.2699999999999994071, -2.249999999999999112 ) ) ;
#9143 = FACE_OUTER_BOUND ( 'NONE', #7618, .T. ) ;
#9144 = SPHERICAL_SURFACE ( 'NONE', #12578, 0.1499999999999998557 ) ;
#9145 = CARTESIAN_POINT ( 'NONE',  ( 2.250000000000000000, 0.1499999999999999944, 1.750000000000000666 ) ) ;
#9146 = DIRECTION ( 'NONE',  ( 0.000000000000000000, 0.000000000000000000, 1.000000000000000000 ) ) ;
#9147 = DIRECTION ( 'NONE',  ( 0.000000000000000000, 0.000000000000000000, 1.000000000000000000 ) ) ;
#9148 = CARTESIAN_POINT ( 'NONE',  ( -3.250000000000000000, 0.2699999999999994071, -0.6599999999999991429 ) ) ;
#9149 =( LENGTH_UNIT ( ) NAMED_UNIT ( * ) SI_UNIT ( .MILLI., .METRE. ) );
#9150 = PRODUCT_DEFINITION_CONTEXT ( 'detailed design', #8443, 'design' ) ;
#9151 = AXIS2_PLACEMENT_3D ( 'NONE', #4048, #4801, #1168 ) ;
#9152 = DIRECTION ( 'NONE',  ( 0.000000000000000000, 0.000000000000000000, 1.000000000000000000 ) ) ;
#9153 =( GEOMETRIC_REPRESENTATION_CONTEXT ( 3 ) GLOBAL_UNCERTAINTY_ASSIGNED_CONTEXT ( ( #8998 ) ) GLOBAL_UNIT_ASSIGNED_CONTEXT ( ( #624, #8576, #10491 ) ) REPRESENTATION_CONTEXT ( 'NONE', 'WORKASPACE' ) );
#9154 = ORIENTED_EDGE ( 'NONE', *, *, #2182, .T. ) ;
#9155 = ORIENTED_EDGE ( 'NONE', *, *, #8639, .T. ) ;
#9156 = DIRECTION ( 'NONE',  ( 0.000000000000000000, 0.000000000000000000, -1.000000000000000000 ) ) ;
#9157 = EDGE_CURVE ( 'NONE', #3316, #11018, #439, .T. ) ;
#9158 = EDGE_CURVE ( 'NONE', #1613, #3270, #4710, .T. ) ;
#9159 = ORIENTED_EDGE ( 'NONE', *, *, #9636, .T. ) ;
#9160 = PRESENTATION_LAYER_ASSIGNMENT (  '', '', ( #8069 ) ) ;
#9161 = EDGE_CURVE ( 'NONE', #6636, #977, #9025, .T. ) ;
#9162 = ORIENTED_EDGE ( 'NONE', *, *, #9711, .T. ) ;
#9163 = PRESENTATION_LAYER_ASSIGNMENT (  '', '', ( #5108 ) ) ;
#9164 = EDGE_LOOP ( 'NONE', ( #4491, #8542 ) ) ;
#9165 = EDGE_CURVE ( 'NONE', #12817, #2458, #456, .T. ) ;
#9166 = VERTEX_POINT ( 'NONE', #7248 ) ;
#9167 = PLANE ( 'NONE',  #12825 ) ;
#9168 = FACE_OUTER_BOUND ( 'NONE', #6380, .T. ) ;
#9169 = PRESENTATION_LAYER_ASSIGNMENT (  '', '', ( #3696 ) ) ;
#9170 = CIRCLE ( 'NONE', #447, 0.08999999999999980238 ) ;
#9171 = DIRECTION ( 'NONE',  ( 0.000000000000000000, 0.000000000000000000, 1.000000000000000000 ) ) ;
#9172 = UNCERTAINTY_MEASURE_WITH_UNIT (LENGTH_MEASURE( 1.000000000000000082E-05 ), #3563, 'distance_accuracy_value', 'NONE');
#9173 = DIRECTION ( 'NONE',  ( -1.000000000000000000, 0.000000000000000000, 0.000000000000000000 ) ) ;
#9174 = SURFACE_STYLE_USAGE ( .BOTH. , #5246 ) ;
#9175 = ORIENTED_EDGE ( 'NONE', *, *, #6196, .T. ) ;
#9176 = UNCERTAINTY_MEASURE_WITH_UNIT (LENGTH_MEASURE( 1.000000000000000082E-05 ), #768, 'distance_accuracy_value', 'NONE');
#9177 = CARTESIAN_POINT ( 'NONE',  ( -0.7499999999999997780, 0.1499999999999999944, 2.250000000000000444 ) ) ;
#9178 = ORIENTED_EDGE ( 'NONE', *, *, #1726, .T. ) ;
#9179 = CARTESIAN_POINT ( 'NONE',  ( 3.250000000000000888, 1.355252715606880543E-16, 1.250000000000001110 ) ) ;
#9180 =( LENGTH_UNIT ( ) NAMED_UNIT ( * ) SI_UNIT ( .MILLI., .METRE. ) );
#9181 = DIRECTION ( 'NONE',  ( -0.000000000000000000, 1.000000000000000000, -0.000000000000000000 ) ) ;
#9182 = DIRECTION ( 'NONE',  ( 0.000000000000000000, 0.000000000000000000, -1.000000000000000000 ) ) ;
#9183 = CARTESIAN_POINT ( 'NONE',  ( -0.2499999999999997780, 0.1499999999999999944, -3.249999999999999556 ) ) ;
#9184 = EDGE_LOOP ( 'NONE', ( #1606, #5735, #8301 ) ) ;
#9185 =( GEOMETRIC_REPRESENTATION_CONTEXT ( 3 ) GLOBAL_UNCERTAINTY_ASSIGNED_CONTEXT ( ( #4524 ) ) GLOBAL_UNIT_ASSIGNED_CONTEXT ( ( #5840, #6740, #12561 ) ) REPRESENTATION_CONTEXT ( 'NONE', 'WORKASPACE' ) );
#9186 = AXIS2_PLACEMENT_3D ( 'NONE', #4168, #6188, #10201 ) ;
#9187 = ORIENTED_EDGE ( 'NONE', *, *, #6770, .T. ) ;
#9188 = CIRCLE ( 'NONE', #6644, 0.1499999999999999667 ) ;
#9189 = SPHERICAL_SURFACE ( 'NONE', #2043, 0.1499999999999998557 ) ;
#9190 = CARTESIAN_POINT ( 'NONE',  ( 1.750000000000000222, 0.1499999999999999944, 2.250000000000000444 ) ) ;
#9191 = ORIENTED_EDGE ( 'NONE', *, *, #5744, .T. ) ;
#9192 = COLOUR_RGB ( '',0.7921568627450980005, 0.8196078431372548767, 0.9333333333333333481 ) ;
#9193 = CIRCLE ( 'NONE', #11505, 0.1499999999999999667 ) ;
#9194 = EDGE_CURVE ( 'NONE', #11169, #2731, #4311, .T. ) ;
#9195 = EDGE_CURVE ( 'NONE', #5930, #3373, #4332, .T. ) ;
#9196 = VECTOR ( 'NONE', #1260, 1000.000000000000000 ) ;
#9197 = SURFACE_STYLE_USAGE ( .BOTH. , #9844 ) ;
#9198 = EDGE_LOOP ( 'NONE', ( #8436, #4151, #4899 ) ) ;
#9199 = VERTEX_POINT ( 'NONE', #6419 ) ;
#9200 = ADVANCED_FACE ( 'NONE', ( #9511 ), #9189, .T. ) ;
#9201 = SURFACE_STYLE_USAGE ( .BOTH. , #307 ) ;
#9202 = DIRECTION ( 'NONE',  ( -0.000000000000000000, 1.000000000000000000, -0.000000000000000000 ) ) ;
#9203 = PLANE ( 'NONE',  #4611 ) ;
#9204 = ORIENTED_EDGE ( 'NONE', *, *, #219, .T. ) ;
#9205 = ORIENTED_EDGE ( 'NONE', *, *, #1819, .T. ) ;
#9206 = CIRCLE ( 'NONE', #757, 0.1499999999999998557 ) ;
#9207 = PRESENTATION_STYLE_ASSIGNMENT (( #5505 ) ) ;
#9208 = ADVANCED_FACE ( 'NONE', ( #855 ), #3250, .T. ) ;
#9209 = AXIS2_PLACEMENT_3D ( 'NONE', #5863, #6838, #9683 ) ;
#9210 = DIRECTION ( 'NONE',  ( 1.000000000000000000, 0.000000000000000000, -0.000000000000000000 ) ) ;
#9211 = ADVANCED_FACE ( 'NONE', ( #5140 ), #878, .T. ) ;
#9212 = DIRECTION ( 'NONE',  ( 1.000000000000000000, 0.000000000000000000, 1.224646799147353207E-16 ) ) ;
#9213 = SURFACE_STYLE_USAGE ( .BOTH. , #8203 ) ;
#9214 = VERTEX_POINT ( 'NONE', #2738 ) ;
#9215 = DIRECTION ( 'NONE',  ( 0.000000000000000000, 0.000000000000000000, -1.000000000000000000 ) ) ;
#9216 = SURFACE_STYLE_USAGE ( .BOTH. , #10129 ) ;
#9217 = CIRCLE ( 'NONE', #4115, 0.08999999999999980238 ) ;
#9218 = DIRECTION ( 'NONE',  ( 0.000000000000000000, 0.000000000000000000, 1.000000000000000000 ) ) ;
#9219 = PLANE ( 'NONE',  #3115 ) ;
#9220 = AXIS2_PLACEMENT_3D ( 'NONE', #3843, #2669, #7869 ) ;
#9221 = ADVANCED_FACE ( 'NONE', ( #5062 ), #4978, .T. ) ;
#9222 = ADVANCED_FACE ( 'NONE', ( #9489 ), #2563, .T. ) ;
#9223 = CLOSED_SHELL ( 'NONE', ( #12210, #10995, #6213 ) ) ;
#9224 = VERTEX_POINT ( 'NONE', #11416 ) ;
#9225 = MANIFOLD_SOLID_BREP ( 'LPattern1[102]', #11622 ) ;
#9226 = DIRECTION ( 'NONE',  ( -0.000000000000000000, 1.000000000000000000, 0.000000000000000000 ) ) ;
#9227 = CARTESIAN_POINT ( 'NONE',  ( -0.7499999999999997780, 0.1499999999999999944, 2.250000000000000444 ) ) ;
#9228 = VERTEX_POINT ( 'NONE', #876 ) ;
#9229 = EDGE_LOOP ( 'NONE', ( #8386, #5986 ) ) ;
#9230 = DIRECTION ( 'NONE',  ( 0.000000000000000000, 0.000000000000000000, -1.000000000000000000 ) ) ;
#9231 = ORIENTED_EDGE ( 'NONE', *, *, #8779, .T. ) ;
#9232 = CARTESIAN_POINT ( 'NONE',  ( -2.250000000000000000, 0.2699999999999994071, -1.339999999999999192 ) ) ;
#9233 = DIRECTION ( 'NONE',  ( 1.000000000000000000, 0.000000000000000000, -0.000000000000000000 ) ) ;
#9234 = DIRECTION ( 'NONE',  ( -0.000000000000000000, 1.000000000000000000, -0.000000000000000000 ) ) ;
#9235 = SPHERICAL_SURFACE ( 'NONE', #3664, 0.1499999999999998557 ) ;
#9236 = PLANE ( 'NONE',  #5798 ) ;
#9237 = DIRECTION ( 'NONE',  ( -0.000000000000000000, 1.000000000000000000, 0.000000000000000000 ) ) ;
#9238 = ADVANCED_FACE ( 'NONE', ( #9427 ), #11586, .T. ) ;
#9239 = DIRECTION ( 'NONE',  ( 0.000000000000000000, 0.000000000000000000, 1.000000000000000000 ) ) ;
#9240 = CARTESIAN_POINT ( 'NONE',  ( -1.249999999999999778, 0.2699999999999994071, -0.1599999999999989764 ) ) ;
#9241 = CARTESIAN_POINT ( 'NONE',  ( -1.749999999999999778, 0.2699999999999994071, -1.659999999999999254 ) ) ;
#9242 = EDGE_CURVE ( 'NONE', #4705, #10966, #4887, .T. ) ;
#9243 = ORIENTED_EDGE ( 'NONE', *, *, #6183, .T. ) ;
#9244 = DIRECTION ( 'NONE',  ( 1.000000000000000000, 0.000000000000000000, -0.000000000000000000 ) ) ;
#9245 = ORIENTED_EDGE ( 'NONE', *, *, #10299, .F. ) ;
#9246 = AXIS2_PLACEMENT_3D ( 'NONE', #5350, #9362, #10353 ) ;
#9247 = AXIS2_PLACEMENT_3D ( 'NONE', #10228, #9234, #11295 ) ;
#9248 = MECHANICAL_DESIGN_GEOMETRIC_PRESENTATION_REPRESENTATION (  '', ( #10170 ), #10937 ) ;
#9249 = VERTEX_POINT ( 'NONE', #7610 ) ;
#9250 = ADVANCED_FACE ( 'NONE', ( #4841 ), #9086, .T. ) ;
#9251 = EDGE_LOOP ( 'NONE', ( #5599, #5637, #2739 ) ) ;
#9252 = CIRCLE ( 'NONE', #1842, 0.1499999999999999667 ) ;
#9253 = STYLED_ITEM ( 'NONE', ( #8041 ), #3447 ) ;
#9254 = ORIENTED_EDGE ( 'NONE', *, *, #11120, .F. ) ;
#9255 = CIRCLE ( 'NONE', #4163, 0.4312500000000001887 ) ;
#9256 = DIRECTION ( 'NONE',  ( 0.000000000000000000, 0.000000000000000000, 1.000000000000000000 ) ) ;
#9257 = SPHERICAL_SURFACE ( 'NONE', #12859, 0.1499999999999998557 ) ;
#9258 = CARTESIAN_POINT ( 'NONE',  ( -1.249999999999999778, 1.355252715606880543E-16, 2.750000000000000888 ) ) ;
#9259 = DIRECTION ( 'NONE',  ( -0.000000000000000000, 1.000000000000000000, 0.000000000000000000 ) ) ;
#9260 = FILL_AREA_STYLE ('',( #9502 ) ) ;
#9261 = ORIENTED_EDGE ( 'NONE', *, *, #12724, .T. ) ;
#9262 = CARTESIAN_POINT ( 'NONE',  ( -1.249999999999999778, 0.2699999999999994071, -2.159999999999998810 ) ) ;
#9263 = ORIENTED_EDGE ( 'NONE', *, *, #2150, .F. ) ;
#9264 = EDGE_CURVE ( 'NONE', #1276, #1119, #532, .T. ) ;
#9265 = CARTESIAN_POINT ( 'NONE',  ( -2.250000000000000000, 0.1499999999999999944, 1.250000000000001110 ) ) ;
#9266 = AXIS2_PLACEMENT_3D ( 'NONE', #11258, #3990, #3350 ) ;
#9267 = DIRECTION ( 'NONE',  ( 0.000000000000000000, 0.000000000000000000, 1.000000000000000000 ) ) ;
#9268 = ORIENTED_EDGE ( 'NONE', *, *, #11516, .T. ) ;
#9269 = ORIENTED_EDGE ( 'NONE', *, *, #10335, .F. ) ;
#9270 = FACE_OUTER_BOUND ( 'NONE', #8647, .T. ) ;
#9271 =( NAMED_UNIT ( * ) SI_UNIT ( $, .STERADIAN. ) SOLID_ANGLE_UNIT ( ) );
#9272 = PRESENTATION_LAYER_ASSIGNMENT (  '', '', ( #12215 ) ) ;
#9273 = DIRECTION ( 'NONE',  ( -1.000000000000000000, 0.000000000000000000, 0.000000000000000000 ) ) ;
#9274 = CLOSED_SHELL ( 'NONE', ( #4165, #7098, #12057 ) ) ;
#9275 = COLOUR_RGB ( '',0.7921568627450980005, 0.8196078431372548767, 0.9333333333333333481 ) ;
#9276 = SURFACE_STYLE_FILL_AREA ( #3872 ) ;
#9277 = CARTESIAN_POINT ( 'NONE',  ( 2.250000000000000000, 0.2699999999999994071, -0.3399999999999992473 ) ) ;
#9278 =( GEOMETRIC_REPRESENTATION_CONTEXT ( 3 ) GLOBAL_UNCERTAINTY_ASSIGNED_CONTEXT ( ( #5815 ) ) GLOBAL_UNIT_ASSIGNED_CONTEXT ( ( #4436, #5455, #6457 ) ) REPRESENTATION_CONTEXT ( 'NONE', 'WORKASPACE' ) );
#9279 = ORIENTED_EDGE ( 'NONE', *, *, #9879, .F. ) ;
#9280 = VERTEX_POINT ( 'NONE', #4753 ) ;
#9281 = DIRECTION ( 'NONE',  ( 0.000000000000000000, 0.000000000000000000, 1.000000000000000000 ) ) ;
#9282 = DIRECTION ( 'NONE',  ( 0.000000000000000000, 0.000000000000000000, 1.000000000000000000 ) ) ;
#9283 = CARTESIAN_POINT ( 'NONE',  ( 0.7500000000000002220, 0.1499999999999999944, 2.250000000000000444 ) ) ;
#9284 = ORIENTED_EDGE ( 'NONE', *, *, #3070, .T. ) ;
#9285 = DIRECTION ( 'NONE',  ( -0.000000000000000000, 1.000000000000000000, -0.000000000000000000 ) ) ;
#9286 = STYLED_ITEM ( 'NONE', ( #5912 ), #4723 ) ;
#9287 = ORIENTED_EDGE ( 'NONE', *, *, #5346, .F. ) ;
#9288 = AXIS2_PLACEMENT_3D ( 'NONE', #12190, #3532, #8283 ) ;
#9289 = FACE_OUTER_BOUND ( 'NONE', #7517, .T. ) ;
#9290 = DIRECTION ( 'NONE',  ( 0.000000000000000000, 0.000000000000000000, -1.000000000000000000 ) ) ;
#9291 = EDGE_CURVE ( 'NONE', #10599, #8964, #9385, .T. ) ;
#9292 = AXIS2_PLACEMENT_3D ( 'NONE', #9430, #1544, #2497 ) ;
#9293 = PRESENTATION_LAYER_ASSIGNMENT (  '', '', ( #12237 ) ) ;
#9294 = ORIENTED_EDGE ( 'NONE', *, *, #4306, .F. ) ;
#9295 = CIRCLE ( 'NONE', #4032, 0.1499999999999999667 ) ;
#9296 = FILL_AREA_STYLE ('',( #2443 ) ) ;
#9297 = EDGE_CURVE ( 'NONE', #11235, #6351, #594, .T. ) ;
#9298 = COLOUR_RGB ( '',0.7921568627450980005, 0.8196078431372548767, 0.9333333333333333481 ) ;
#9299 = AXIS2_PLACEMENT_3D ( 'NONE', #10382, #417, #11377 ) ;
#9300 = AXIS2_PLACEMENT_3D ( 'NONE', #9880, #2596, #7886 ) ;
#9301 = EDGE_CURVE ( 'NONE', #2939, #12861, #670, .T. ) ;
#9302 = EDGE_LOOP ( 'NONE', ( #6487, #2231, #10994 ) ) ;
#9303 = CLOSED_SHELL ( 'NONE', ( #6671, #10040, #10844 ) ) ;
#9304 = MECHANICAL_DESIGN_GEOMETRIC_PRESENTATION_REPRESENTATION (  '', ( #3383 ), #10535 ) ;
#9305 = DIRECTION ( 'NONE',  ( 0.000000000000000000, 0.000000000000000000, 1.000000000000000000 ) ) ;
#9306 = ORIENTED_EDGE ( 'NONE', *, *, #10537, .F. ) ;
#9307 = VERTEX_POINT ( 'NONE', #10581 ) ;
#9308 = CIRCLE ( 'NONE', #9186, 0.08999999999999980238 ) ;
#9309 = ADVANCED_FACE ( 'NONE', ( #4794 ), #5221, .T. ) ;
#9310 = DIRECTION ( 'NONE',  ( -0.000000000000000000, 1.000000000000000000, -0.000000000000000000 ) ) ;
#9311 = ADVANCED_FACE ( 'NONE', ( #4769 ), #9372, .T. ) ;
#9312 =( GEOMETRIC_REPRESENTATION_CONTEXT ( 3 ) GLOBAL_UNCERTAINTY_ASSIGNED_CONTEXT ( ( #741 ) ) GLOBAL_UNIT_ASSIGNED_CONTEXT ( ( #2537, #1816, #10730 ) ) REPRESENTATION_CONTEXT ( 'NONE', 'WORKASPACE' ) );
#9313 = CLOSED_SHELL ( 'NONE', ( #10172, #9344, #10051 ) ) ;
#9314 = DIRECTION ( 'NONE',  ( 0.000000000000000000, 0.000000000000000000, 1.000000000000000000 ) ) ;
#9315 = PRESENTATION_STYLE_ASSIGNMENT (( #1483 ) ) ;
#9316 = SURFACE_STYLE_USAGE ( .BOTH. , #2385 ) ;
#9317 =( NAMED_UNIT ( * ) SI_UNIT ( $, .STERADIAN. ) SOLID_ANGLE_UNIT ( ) );
#9318 =( GEOMETRIC_REPRESENTATION_CONTEXT ( 3 ) GLOBAL_UNCERTAINTY_ASSIGNED_CONTEXT ( ( #12492 ) ) GLOBAL_UNIT_ASSIGNED_CONTEXT ( ( #10402, #3983, #1198 ) ) REPRESENTATION_CONTEXT ( 'NONE', 'WORKASPACE' ) );
#9319 = DIRECTION ( 'NONE',  ( 0.000000000000000000, 0.000000000000000000, 1.000000000000000000 ) ) ;
#9320 = SPHERICAL_SURFACE ( 'NONE', #11589, 0.1499999999999998557 ) ;
#9321 = STYLED_ITEM ( 'NONE', ( #12849 ), #6964 ) ;
#9322 = FILL_AREA_STYLE ('',( #7309 ) ) ;
#9323 = DIRECTION ( 'NONE',  ( 1.000000000000000000, 0.000000000000000000, 1.224646799147353207E-16 ) ) ;
#9324 = UNCERTAINTY_MEASURE_WITH_UNIT (LENGTH_MEASURE( 1.000000000000000082E-05 ), #1655, 'distance_accuracy_value', 'NONE');
#9325 = DIRECTION ( 'NONE',  ( 0.000000000000000000, 0.000000000000000000, 1.000000000000000000 ) ) ;
#9326 = DIRECTION ( 'NONE',  ( 0.000000000000000000, 0.000000000000000000, 1.000000000000000000 ) ) ;
#9327 = CIRCLE ( 'NONE', #5880, 0.08999999999999980238 ) ;
#9328 = AXIS2_PLACEMENT_3D ( 'NONE', #12443, #10620, #2519 ) ;
#9329 = ADVANCED_FACE ( 'NONE', ( #630 ), #4093, .T. ) ;
#9330 = EDGE_LOOP ( 'NONE', ( #11149, #3761, #8821 ) ) ;
#9331 = CARTESIAN_POINT ( 'NONE',  ( 0.2500000000000002220, 0.1499999999999999944, -2.749999999999999556 ) ) ;
#9332 = ORIENTED_EDGE ( 'NONE', *, *, #12323, .T. ) ;
#9333 = EDGE_CURVE ( 'NONE', #8290, #10809, #4864, .T. ) ;
#9334 = AXIS2_PLACEMENT_3D ( 'NONE', #3790, #4791, #7808 ) ;
#9335 = AXIS2_PLACEMENT_3D ( 'NONE', #931, #5157, #7991 ) ;
#9336 = CARTESIAN_POINT ( 'NONE',  ( -2.750000000000000000, 0.2699999999999994071, -2.659999999999999254 ) ) ;
#9337 = ORIENTED_EDGE ( 'NONE', *, *, #929, .T. ) ;
#9338 = EDGE_CURVE ( 'NONE', #9043, #3120, #691, .T. ) ;
#9339 = ORIENTED_EDGE ( 'NONE', *, *, #10395, .F. ) ;
#9340 = SURFACE_STYLE_FILL_AREA ( #6716 ) ;
#9341 = SURFACE_STYLE_FILL_AREA ( #11021 ) ;
#9342 = AXIS2_PLACEMENT_3D ( 'NONE', #2509, #3534, #6529 ) ;
#9343 = ORIENTED_EDGE ( 'NONE', *, *, #32, .F. ) ;
#9344 = ADVANCED_FACE ( 'NONE', ( #5098 ), #9470, .T. ) ;
#9345 = DIRECTION ( 'NONE',  ( 1.000000000000000000, 0.000000000000000000, -0.000000000000000000 ) ) ;
#9346 = STYLED_ITEM ( 'NONE', ( #3602 ), #6763 ) ;
#9347 = AXIS2_PLACEMENT_3D ( 'NONE', #1506, #10474, #3650 ) ;
#9348 = CARTESIAN_POINT ( 'NONE',  ( 2.250000000000000000, 0.1499999999999999944, 2.250000000000000444 ) ) ;
#9349 = CARTESIAN_POINT ( 'NONE',  ( -2.750000000000000000, 0.2699999999999994071, -2.249999999999999112 ) ) ;
#9350 = EDGE_LOOP ( 'NONE', ( #5010, #9175 ) ) ;
#9351 = CARTESIAN_POINT ( 'NONE',  ( 2.250000000000000000, 0.1499999999999999944, 0.2500000000000006661 ) ) ;
#9352 = CLOSED_SHELL ( 'NONE', ( #7450, #6265, #1441 ) ) ;
#9353 = DIRECTION ( 'NONE',  ( -0.000000000000000000, 1.000000000000000000, 0.000000000000000000 ) ) ;
#9354 = CARTESIAN_POINT ( 'NONE',  ( -1.249999999999999778, 0.1499999999999999944, -0.2499999999999993616 ) ) ;
#9355 = ORIENTED_EDGE ( 'NONE', *, *, #2323, .T. ) ;
#9356 = CARTESIAN_POINT ( 'NONE',  ( 1.750000000000000222, 0.1499999999999999944, -2.249999999999999556 ) ) ;
#9357 = COLOUR_RGB ( '',0.7921568627450980005, 0.8196078431372548767, 0.9333333333333333481 ) ;
#9358 = DIRECTION ( 'NONE',  ( 1.000000000000000000, 0.000000000000000000, -0.000000000000000000 ) ) ;
#9359 = AXIS2_PLACEMENT_3D ( 'NONE', #10679, #3758, #2020 ) ;
#9360 = VERTEX_POINT ( 'NONE', #3918 ) ;
#9361 = SPHERICAL_SURFACE ( 'NONE', #6193, 0.1499999999999998557 ) ;
#9362 = DIRECTION ( 'NONE',  ( 1.000000000000000000, 0.000000000000000000, -0.000000000000000000 ) ) ;
#9363 = EDGE_LOOP ( 'NONE', ( #7537, #1114 ) ) ;
#9364 = DIRECTION ( 'NONE',  ( 1.000000000000000000, 0.000000000000000000, -0.000000000000000000 ) ) ;
#9365 = ORIENTED_EDGE ( 'NONE', *, *, #731, .T. ) ;
#9366 = PRESENTATION_LAYER_ASSIGNMENT (  '', '', ( #4686 ) ) ;
#9367 = FILL_AREA_STYLE ('',( #8577 ) ) ;
#9368 = DIRECTION ( 'NONE',  ( 0.000000000000000000, 0.000000000000000000, -1.000000000000000000 ) ) ;
#9369 = CARTESIAN_POINT ( 'NONE',  ( -0.7499999999999997780, 0.2699999999999994071, 2.250000000000000888 ) ) ;
#9370 = ORIENTED_EDGE ( 'NONE', *, *, #9301, .F. ) ;
#9371 = CARTESIAN_POINT ( 'NONE',  ( -0.2499999999999997780, 0.2699999999999994071, -2.839999999999999858 ) ) ;
#9372 = SPHERICAL_SURFACE ( 'NONE', #6384, 0.1499999999999998557 ) ;
#9373 = DIRECTION ( 'NONE',  ( -0.000000000000000000, 1.000000000000000000, -0.000000000000000000 ) ) ;
#9374 = DIRECTION ( 'NONE',  ( 1.000000000000000000, 0.000000000000000000, -0.000000000000000000 ) ) ;
#9375 = CARTESIAN_POINT ( 'NONE',  ( 0.7500000000000002220, 1.355252715606880543E-16, 1.250000000000001110 ) ) ;
#9376 = ORIENTED_EDGE ( 'NONE', *, *, #8973, .F. ) ;
#9377 = CARTESIAN_POINT ( 'NONE',  ( -0.7499999999999997780, 1.355252715606880543E-16, 2.750000000000000888 ) ) ;
#9378 =( LENGTH_UNIT ( ) NAMED_UNIT ( * ) SI_UNIT ( .MILLI., .METRE. ) );
#9379 = MANIFOLD_SOLID_BREP ( 'LPattern1[54]', #7142 ) ;
#9380 = CLOSED_SHELL ( 'NONE', ( #8197, #8860, #5530 ) ) ;
#9381 = CARTESIAN_POINT ( 'NONE',  ( 2.750000000000000444, 0.2699999999999994071, -1.659999999999999254 ) ) ;
#9382 = AXIS2_PLACEMENT_3D ( 'NONE', #4170, #9107, #6192 ) ;
#9383 = DIRECTION ( 'NONE',  ( 1.000000000000000000, 0.000000000000000000, 1.224646799147353207E-16 ) ) ;
#9384 = VERTEX_POINT ( 'NONE', #3182 ) ;
#9385 = CIRCLE ( 'NONE', #12164, 0.1499999999999999667 ) ;
#9386 = EDGE_CURVE ( 'NONE', #132, #3308, #9252, .T. ) ;
#9387 = EDGE_LOOP ( 'NONE', ( #668, #10585, #5990 ) ) ;
#9388 = DIRECTION ( 'NONE',  ( 0.000000000000000000, 0.000000000000000000, 1.000000000000000000 ) ) ;
#9389 = COLOUR_RGB ( '',0.7921568627450980005, 0.8196078431372548767, 0.9333333333333333481 ) ;
#9390 = AXIS2_PLACEMENT_3D ( 'NONE', #4009, #3675, #964 ) ;
#9391 = CARTESIAN_POINT ( 'NONE',  ( 2.750000000000000444, 0.1499999999999999944, 0.7500000000000006661 ) ) ;
#9392 = AXIS2_PLACEMENT_3D ( 'NONE', #5785, #10947, #4597 ) ;
#9393 = SURFACE_SIDE_STYLE ('',( #8329 ) ) ;
#9394 = CARTESIAN_POINT ( 'NONE',  ( -2.250000000000000000, 0.2699999999999994071, 1.750000000000001110 ) ) ;
#9395 = CIRCLE ( 'NONE', #6910, 0.1499999999999998557 ) ;
#9396 = DIRECTION ( 'NONE',  ( -0.000000000000000000, 1.000000000000000000, -0.000000000000000000 ) ) ;
#9397 = DIRECTION ( 'NONE',  ( 0.000000000000000000, 0.000000000000000000, 1.000000000000000000 ) ) ;
#9398 = AXIS2_PLACEMENT_3D ( 'NONE', #7678, #434, #12390 ) ;
#9399 = DIRECTION ( 'NONE',  ( 0.000000000000000000, 0.000000000000000000, 1.000000000000000000 ) ) ;
#9400 = DIRECTION ( 'NONE',  ( -0.000000000000000000, 1.000000000000000000, 0.000000000000000000 ) ) ;
#9401 = FACE_OUTER_BOUND ( 'NONE', #8661, .T. ) ;
#9402 = SURFACE_SIDE_STYLE ('',( #10945 ) ) ;
#9403 = ORIENTED_EDGE ( 'NONE', *, *, #6520, .T. ) ;
#9404 = DIRECTION ( 'NONE',  ( 0.000000000000000000, 0.000000000000000000, 1.000000000000000000 ) ) ;
#9405 = CARTESIAN_POINT ( 'NONE',  ( 3.250000000000000888, 0.2699999999999994071, 1.660000000000000808 ) ) ;
#9406 = CLOSED_SHELL ( 'NONE', ( #8265, #2448, #894 ) ) ;
#9407 = FILL_AREA_STYLE_COLOUR ( '', #5741 ) ;
#9408 = ORIENTED_EDGE ( 'NONE', *, *, #3616, .F. ) ;
#9409 = CIRCLE ( 'NONE', #1847, 0.08999999999999980238 ) ;
#9410 = SURFACE_SIDE_STYLE ('',( #11098 ) ) ;
#9411 = EDGE_CURVE ( 'NONE', #11881, #9249, #5159, .T. ) ;
#9412 = VECTOR ( 'NONE', #10766, 1000.000000000000000 ) ;
#9413 = DIRECTION ( 'NONE',  ( 0.000000000000000000, -0.000000000000000000, 1.000000000000000000 ) ) ;
#9414 = ADVANCED_FACE ( 'NONE', ( #898 ), #5184, .T. ) ;
#9415 =( NAMED_UNIT ( * ) SI_UNIT ( $, .STERADIAN. ) SOLID_ANGLE_UNIT ( ) );
#9416 = SPHERICAL_SURFACE ( 'NONE', #10543, 0.1499999999999998557 ) ;
#9417 = DIRECTION ( 'NONE',  ( 0.000000000000000000, 0.000000000000000000, 1.000000000000000000 ) ) ;
#9418 = EDGE_LOOP ( 'NONE', ( #1858, #4676 ) ) ;
#9419 = DIRECTION ( 'NONE',  ( 0.000000000000000000, 0.000000000000000000, 1.000000000000000000 ) ) ;
#9420 = DIRECTION ( 'NONE',  ( 0.000000000000000000, 0.000000000000000000, 1.000000000000000000 ) ) ;
#9421 = DIRECTION ( 'NONE',  ( -0.000000000000000000, 1.000000000000000000, 0.000000000000000000 ) ) ;
#9422 = AXIS2_PLACEMENT_3D ( 'NONE', #6181, #11016, #8189 ) ;
#9423 = DIRECTION ( 'NONE',  ( 0.000000000000000000, 0.000000000000000000, 1.000000000000000000 ) ) ;
#9424 = CARTESIAN_POINT ( 'NONE',  ( 1.250000000000000666, 0.2699999999999994071, -0.7499999999999988898 ) ) ;
#9425 = VERTEX_POINT ( 'NONE', #12828 ) ;
#9426 = CARTESIAN_POINT ( 'NONE',  ( 3.250000000000000888, 0.2699999999999994071, 2.250000000000000888 ) ) ;
#9427 = FACE_OUTER_BOUND ( 'NONE', #2296, .T. ) ;
#9428 = DIRECTION ( 'NONE',  ( -0.000000000000000000, 1.000000000000000000, -0.000000000000000000 ) ) ;
#9429 = FILL_AREA_STYLE_COLOUR ( '', #4432 ) ;
#9430 = CARTESIAN_POINT ( 'NONE',  ( 2.750000000000000444, 0.2699999999999994071, 3.340000000000001190 ) ) ;
#9431 = ORIENTED_EDGE ( 'NONE', *, *, #385, .T. ) ;
#9432 = CIRCLE ( 'NONE', #3428, 0.08999999999999980238 ) ;
#9433 = FILL_AREA_STYLE_COLOUR ( '', #10553 ) ;
#9434 = CARTESIAN_POINT ( 'NONE',  ( 0.2500000000000002220, 0.1499999999999999944, 1.250000000000001110 ) ) ;
#9435 = ADVANCED_FACE ( 'NONE', ( #9289 ), #793, .T. ) ;
#9436 = PRESENTATION_LAYER_ASSIGNMENT (  '', '', ( #2428 ) ) ;
#9437 = FACE_OUTER_BOUND ( 'NONE', #10922, .T. ) ;
#9438 = EDGE_LOOP ( 'NONE', ( #5917, #7715, #2871 ) ) ;
#9439 = EDGE_CURVE ( 'NONE', #7496, #6523, #9308, .T. ) ;
#9440 = DIRECTION ( 'NONE',  ( 1.000000000000000000, 0.000000000000000000, 0.000000000000000000 ) ) ;
#9441 = CARTESIAN_POINT ( 'NONE',  ( 2.250000000000000000, 0.2699999999999994071, -1.749999999999998890 ) ) ;
#9442 = DIRECTION ( 'NONE',  ( -1.000000000000000000, 0.000000000000000000, 0.000000000000000000 ) ) ;
#9443 = DIRECTION ( 'NONE',  ( 0.000000000000000000, 0.000000000000000000, 1.000000000000000000 ) ) ;
#9444 = EDGE_CURVE ( 'NONE', #7026, #8929, #751, .T. ) ;
#9445 = SURFACE_SIDE_STYLE ('',( #1517 ) ) ;
#9446 = ORIENTED_EDGE ( 'NONE', *, *, #2045, .T. ) ;
#9447 = DIRECTION ( 'NONE',  ( 1.000000000000000000, 0.000000000000000000, -0.000000000000000000 ) ) ;
#9448 = AXIS2_PLACEMENT_3D ( 'NONE', #1092, #6721, #12621 ) ;
#9449 = MECHANICAL_DESIGN_GEOMETRIC_PRESENTATION_REPRESENTATION (  '', ( #1688 ), #9312 ) ;
#9450 =( LENGTH_UNIT ( ) NAMED_UNIT ( * ) SI_UNIT ( .MILLI., .METRE. ) );
#9451 = CARTESIAN_POINT ( 'NONE',  ( 1.750000000000000222, 0.2699999999999994071, 3.340000000000001634 ) ) ;
#9452 = FILL_AREA_STYLE ('',( #11449 ) ) ;
#9453 = CARTESIAN_POINT ( 'NONE',  ( 1.250000000000000666, 0.1499999999999999944, -3.249999999999999556 ) ) ;
#9454 = ORIENTED_EDGE ( 'NONE', *, *, #10080, .F. ) ;
#9455 = FACE_OUTER_BOUND ( 'NONE', #2282, .T. ) ;
#9456 =( GEOMETRIC_REPRESENTATION_CONTEXT ( 3 ) GLOBAL_UNCERTAINTY_ASSIGNED_CONTEXT ( ( #2910 ) ) GLOBAL_UNIT_ASSIGNED_CONTEXT ( ( #10183, #8507, #6428 ) ) REPRESENTATION_CONTEXT ( 'NONE', 'WORKASPACE' ) );
#9457 = CARTESIAN_POINT ( 'NONE',  ( 1.250000000000000666, 0.2699999999999994071, 3.250000000000001776 ) ) ;
#9458 = CARTESIAN_POINT ( 'NONE',  ( -2.750000000000000000, 0.1499999999999999944, -0.2499999999999993616 ) ) ;
#9459 = EDGE_CURVE ( 'NONE', #11725, #5454, #725, .T. ) ;
#9460 = PRESENTATION_STYLE_ASSIGNMENT (( #8934 ) ) ;
#9461 = CIRCLE ( 'NONE', #7749, 0.08999999999999980238 ) ;
#9462 = VERTEX_POINT ( 'NONE', #9019 ) ;
#9463 = CARTESIAN_POINT ( 'NONE',  ( -1.749999999999999778, 0.2699999999999994071, -3.249999999999999112 ) ) ;
#9464 = CARTESIAN_POINT ( 'NONE',  ( 5.749999999999998224, 0.8000000000000000444, 6.500000000000000000 ) ) ;
#9465 = DIRECTION ( 'NONE',  ( 0.000000000000000000, 0.000000000000000000, 1.000000000000000000 ) ) ;
#9466 = ORIENTED_EDGE ( 'NONE', *, *, #7239, .F. ) ;
#9467 =( GEOMETRIC_REPRESENTATION_CONTEXT ( 3 ) GLOBAL_UNCERTAINTY_ASSIGNED_CONTEXT ( ( #11063 ) ) GLOBAL_UNIT_ASSIGNED_CONTEXT ( ( #1023, #6088, #3987 ) ) REPRESENTATION_CONTEXT ( 'NONE', 'WORKASPACE' ) );
#9468 = UNCERTAINTY_MEASURE_WITH_UNIT (LENGTH_MEASURE( 1.000000000000000082E-05 ), #4404, 'distance_accuracy_value', 'NONE');
#9469 = UNCERTAINTY_MEASURE_WITH_UNIT (LENGTH_MEASURE( 1.000000000000000082E-05 ), #1029, 'distance_accuracy_value', 'NONE');
#9470 = SPHERICAL_SURFACE ( 'NONE', #5763, 0.1499999999999998557 ) ;
#9471 = MANIFOLD_SOLID_BREP ( 'LPattern1[180]', #11695 ) ;
#9472 = DIRECTION ( 'NONE',  ( 0.000000000000000000, 0.000000000000000000, 1.000000000000000000 ) ) ;
#9473 = AXIS2_PLACEMENT_3D ( 'NONE', #7163, #1187, #9419 ) ;
#9474 = ORIENTED_EDGE ( 'NONE', *, *, #6328, .T. ) ;
#9475 = DIRECTION ( 'NONE',  ( -0.000000000000000000, 1.000000000000000000, 0.000000000000000000 ) ) ;
#9476 = PRESENTATION_STYLE_ASSIGNMENT (( #4678 ) ) ;
#9477 = DIRECTION ( 'NONE',  ( 0.000000000000000000, 0.000000000000000000, 1.000000000000000000 ) ) ;
#9478 = DIRECTION ( 'NONE',  ( 0.000000000000000000, 0.000000000000000000, 1.000000000000000000 ) ) ;
#9479 = CIRCLE ( 'NONE', #12677, 0.08999999999999980238 ) ;
#9480 = AXIS2_PLACEMENT_3D ( 'NONE', #10877, #7556, #2692 ) ;
#9481 = FILL_AREA_STYLE ('',( #3570 ) ) ;
#9482 = DIRECTION ( 'NONE',  ( 0.000000000000000000, 0.000000000000000000, 1.000000000000000000 ) ) ;
#9483 = DIRECTION ( 'NONE',  ( 1.000000000000000000, 0.000000000000000000, -0.000000000000000000 ) ) ;
#9484 =( GEOMETRIC_REPRESENTATION_CONTEXT ( 3 ) GLOBAL_UNCERTAINTY_ASSIGNED_CONTEXT ( ( #9801 ) ) GLOBAL_UNIT_ASSIGNED_CONTEXT ( ( #6530, #7363, #12274 ) ) REPRESENTATION_CONTEXT ( 'NONE', 'WORKASPACE' ) );
#9485 = ORIENTED_EDGE ( 'NONE', *, *, #9165, .T. ) ;
#9486 = ADVANCED_FACE ( 'NONE', ( #5288 ), #5460, .T. ) ;
#9487 = DIRECTION ( 'NONE',  ( -0.000000000000000000, 1.000000000000000000, 0.000000000000000000 ) ) ;
#9488 = ORIENTED_EDGE ( 'NONE', *, *, #8268, .T. ) ;
#9489 = FACE_OUTER_BOUND ( 'NONE', #7714, .T. ) ;
#9490 = PRESENTATION_LAYER_ASSIGNMENT (  '', '', ( #9346 ) ) ;
#9491 = AXIS2_PLACEMENT_3D ( 'NONE', #7835, #10817, #2082 ) ;
#9492 = CARTESIAN_POINT ( 'NONE',  ( -2.250000000000000000, 0.2699999999999994071, 0.2500000000000011102 ) ) ;
#9493 = CLOSED_SHELL ( 'NONE', ( #11201, #1189, #7944 ) ) ;
#9494 = PRESENTATION_LAYER_ASSIGNMENT (  '', '', ( #4663 ) ) ;
#9495 = CIRCLE ( 'NONE', #6923, 0.08999999999999980238 ) ;
#9496 = EDGE_CURVE ( 'NONE', #11946, #8900, #9795, .T. ) ;
#9497 = CARTESIAN_POINT ( 'NONE',  ( 2.250000000000000000, 0.2699999999999994071, -2.659999999999999254 ) ) ;
#9498 = AXIS2_PLACEMENT_3D ( 'NONE', #6603, #805, #12588 ) ;
#9499 =( NAMED_UNIT ( * ) SI_UNIT ( $, .STERADIAN. ) SOLID_ANGLE_UNIT ( ) );
#9500 = STYLED_ITEM ( 'NONE', ( #9207 ), #9225 ) ;
#9501 = DIRECTION ( 'NONE',  ( 0.000000000000000000, 0.000000000000000000, -1.000000000000000000 ) ) ;
#9502 = FILL_AREA_STYLE_COLOUR ( '', #3073 ) ;
#9503 = SPHERICAL_SURFACE ( 'NONE', #10368, 0.1499999999999998557 ) ;
#9504 = DIRECTION ( 'NONE',  ( 1.000000000000000000, 0.000000000000000000, 1.752245935330108871E-15 ) ) ;
#9505 = VERTEX_POINT ( 'NONE', #8284 ) ;
#9506 = CARTESIAN_POINT ( 'NONE',  ( -0.7499999999999997780, 0.2699999999999994071, 2.250000000000000888 ) ) ;
#9507 =( LENGTH_UNIT ( ) NAMED_UNIT ( * ) SI_UNIT ( .MILLI., .METRE. ) );
#9508 = ORIENTED_EDGE ( 'NONE', *, *, #7167, .T. ) ;
#9509 = AXIS2_PLACEMENT_3D ( 'NONE', #2421, #3441, #4409 ) ;
#9510 = CARTESIAN_POINT ( 'NONE',  ( 1.250000000000000666, 0.2699999999999994071, 1.340000000000001412 ) ) ;
#9511 = FACE_OUTER_BOUND ( 'NONE', #12460, .T. ) ;
#9512 = DIRECTION ( 'NONE',  ( 0.000000000000000000, 0.000000000000000000, 1.000000000000000000 ) ) ;
#9513 = VERTEX_POINT ( 'NONE', #2433 ) ;
#9514 = AXIS2_PLACEMENT_3D ( 'NONE', #3787, #12518, #5800 ) ;
#9515 = CIRCLE ( 'NONE', #4804, 0.1499999999999999667 ) ;
#9516 = AXIS2_PLACEMENT_3D ( 'NONE', #4263, #9027, #10935 ) ;
#9517 = CARTESIAN_POINT ( 'NONE',  ( 2.250000000000000000, 0.2699999999999994071, 0.8400000000000010791 ) ) ;
#9518 = SURFACE_STYLE_USAGE ( .BOTH. , #8519 ) ;
#9519 = EDGE_CURVE ( 'NONE', #81, #327, #1287, .T. ) ;
#9520 = CIRCLE ( 'NONE', #9941, 0.08999999999999980238 ) ;
#9521 = DIRECTION ( 'NONE',  ( 0.000000000000000000, 0.000000000000000000, 1.000000000000000000 ) ) ;
#9522 = STYLED_ITEM ( 'NONE', ( #83 ), #3796 ) ;
#9523 = ORIENTED_EDGE ( 'NONE', *, *, #7747, .F. ) ;
#9524 = STYLED_ITEM ( 'NONE', ( #3641 ), #5945 ) ;
#9525 = DIRECTION ( 'NONE',  ( 1.000000000000000000, 0.000000000000000000, 1.224646799147353207E-16 ) ) ;
#9526 = PLANE ( 'NONE',  #11660 ) ;
#9527 = DIRECTION ( 'NONE',  ( 0.000000000000000000, 0.000000000000000000, 1.000000000000000000 ) ) ;
#9528 = ORIENTED_EDGE ( 'NONE', *, *, #1048, .T. ) ;
#9529 = FILL_AREA_STYLE_COLOUR ( '', #3703 ) ;
#9530 = FACE_OUTER_BOUND ( 'NONE', #2516, .T. ) ;
#9531 = DIRECTION ( 'NONE',  ( 1.000000000000000000, 0.000000000000000000, -0.000000000000000000 ) ) ;
#9532 = CIRCLE ( 'NONE', #12419, 0.1499999999999998557 ) ;
#9533 = SURFACE_STYLE_USAGE ( .BOTH. , #12773 ) ;
#9534 = AXIS2_PLACEMENT_3D ( 'NONE', #11329, #5329, #707 ) ;
#9535 = DIRECTION ( 'NONE',  ( 0.000000000000000000, 0.000000000000000000, 1.000000000000000000 ) ) ;
#9536 = PLANE ( 'NONE',  #9018 ) ;
#9537 = CARTESIAN_POINT ( 'NONE',  ( 1.750000000000000222, 0.1499999999999999944, 2.750000000000000888 ) ) ;
#9538 = ORIENTED_EDGE ( 'NONE', *, *, #9919, .F. ) ;
#9539 = CIRCLE ( 'NONE', #1259, 0.1499999999999999667 ) ;
#9540 = SPHERICAL_SURFACE ( 'NONE', #4333, 0.1499999999999998557 ) ;
#9541 = DIRECTION ( 'NONE',  ( 1.000000000000000000, 0.000000000000000000, -0.000000000000000000 ) ) ;
#9542 = AXIS2_PLACEMENT_3D ( 'NONE', #2194, #3186, #7276 ) ;
#9543 = FILL_AREA_STYLE_COLOUR ( '', #3502 ) ;
#9544 = FILL_AREA_STYLE_COLOUR ( '', #628 ) ;
#9545 = ADVANCED_FACE ( 'NONE', ( #9817 ), #9980, .T. ) ;
#9546 = CIRCLE ( 'NONE', #1389, 0.08999999999999980238 ) ;
#9547 = ORIENTED_EDGE ( 'NONE', *, *, #11318, .F. ) ;
#9548 = CARTESIAN_POINT ( 'NONE',  ( -2.250000000000000000, 0.2699999999999994071, -0.2499999999999989175 ) ) ;
#9549 = EDGE_CURVE ( 'NONE', #9803, #12106, #9532, .T. ) ;
#9550 = AXIS2_PLACEMENT_3D ( 'NONE', #11197, #5124, #12209 ) ;
#9551 = CARTESIAN_POINT ( 'NONE',  ( -0.7499999999999997780, 0.1499999999999999944, -1.249999999999999334 ) ) ;
#9552 = ORIENTED_EDGE ( 'NONE', *, *, #2209, .F. ) ;
#9553 = EDGE_CURVE ( 'NONE', #8052, #5832, #5391, .T. ) ;
#9554 = AXIS2_PLACEMENT_3D ( 'NONE', #1291, #8264, #2266 ) ;
#9555 = CIRCLE ( 'NONE', #1976, 0.1499999999999999667 ) ;
#9556 = FACE_OUTER_BOUND ( 'NONE', #9872, .T. ) ;
#9557 = DIRECTION ( 'NONE',  ( 0.000000000000000000, 0.000000000000000000, 1.000000000000000000 ) ) ;
#9558 = VERTEX_POINT ( 'NONE', #9610 ) ;
#9559 = SURFACE_SIDE_STYLE ('',( #2052 ) ) ;
#9560 = SPHERICAL_SURFACE ( 'NONE', #3540, 0.1499999999999998557 ) ;
#9561 = PRESENTATION_STYLE_ASSIGNMENT (( #6332 ) ) ;
#9562 = DIRECTION ( 'NONE',  ( -1.000000000000000000, 0.000000000000000000, 0.000000000000000000 ) ) ;
#9563 = DIRECTION ( 'NONE',  ( -0.000000000000000000, 1.000000000000000000, 0.000000000000000000 ) ) ;
#9564 = DIRECTION ( 'NONE',  ( 0.000000000000000000, 0.000000000000000000, 1.000000000000000000 ) ) ;
#9565 =( NAMED_UNIT ( * ) PLANE_ANGLE_UNIT ( ) SI_UNIT ( $, .RADIAN. ) );
#9566 = ORIENTED_EDGE ( 'NONE', *, *, #10404, .F. ) ;
#9567 = MANIFOLD_SOLID_BREP ( 'LPattern1[172]', #9274 ) ;
#9568 = PLANE ( 'NONE',  #950 ) ;
#9569 = EDGE_CURVE ( 'NONE', #4653, #7212, #1356, .T. ) ;
#9570 = ORIENTED_EDGE ( 'NONE', *, *, #10344, .F. ) ;
#9571 = AXIS2_PLACEMENT_3D ( 'NONE', #2270, #6904, #6257 ) ;
#9572 = PRESENTATION_LAYER_ASSIGNMENT (  '', '', ( #11608 ) ) ;
#9573 = CARTESIAN_POINT ( 'NONE',  ( -3.250000000000000000, 0.1499999999999999944, 3.250000000000001332 ) ) ;
#9574 = MECHANICAL_DESIGN_GEOMETRIC_PRESENTATION_REPRESENTATION (  '', ( #2558 ), #6630 ) ;
#9575 = VERTEX_POINT ( 'NONE', #393 ) ;
#9576 = FACE_OUTER_BOUND ( 'NONE', #6314, .T. ) ;
#9577 = CIRCLE ( 'NONE', #5267, 0.1499999999999999667 ) ;
#9578 = ADVANCED_FACE ( 'NONE', ( #1373 ), #8369, .T. ) ;
#9579 = FILL_AREA_STYLE ('',( #8664 ) ) ;
#9580 = CARTESIAN_POINT ( 'NONE',  ( -3.250000000000000000, 0.2699999999999994071, 2.250000000000000888 ) ) ;
#9581 = FILL_AREA_STYLE_COLOUR ( '', #11919 ) ;
#9582 = CIRCLE ( 'NONE', #5080, 0.08999999999999980238 ) ;
#9583 = CARTESIAN_POINT ( 'NONE',  ( -2.750000000000000000, 0.1499999999999999944, 1.750000000000000666 ) ) ;
#9584 = ORIENTED_EDGE ( 'NONE', *, *, #7911, .T. ) ;
#9585 = DIRECTION ( 'NONE',  ( -0.000000000000000000, 1.000000000000000000, -0.000000000000000000 ) ) ;
#9586 = ADVANCED_FACE ( 'NONE', ( #9556 ), #9770, .T. ) ;
#9587 = CARTESIAN_POINT ( 'NONE',  ( 2.250000000000000000, 1.355252715606880543E-16, 1.250000000000001110 ) ) ;
#9588 = CARTESIAN_POINT ( 'NONE',  ( -1.749999999999999778, 0.1499999999999999944, 3.250000000000001332 ) ) ;
#9589 =( LENGTH_UNIT ( ) NAMED_UNIT ( * ) SI_UNIT ( .MILLI., .METRE. ) );
#9590 = ORIENTED_EDGE ( 'NONE', *, *, #12295, .T. ) ;
#9591 = SPHERICAL_SURFACE ( 'NONE', #3529, 0.1499999999999998557 ) ;
#9592 = DIRECTION ( 'NONE',  ( 0.000000000000000000, 0.000000000000000000, 1.000000000000000000 ) ) ;
#9593 = FACE_OUTER_BOUND ( 'NONE', #12077, .T. ) ;
#9594 = CARTESIAN_POINT ( 'NONE',  ( 0.2500000000000002220, 0.1499999999999999944, 2.250000000000000444 ) ) ;
#9595 =( NAMED_UNIT ( * ) SI_UNIT ( $, .STERADIAN. ) SOLID_ANGLE_UNIT ( ) );
#9596 = AXIS2_PLACEMENT_3D ( 'NONE', #5547, #4715, #5723 ) ;
#9597 = CLOSED_SHELL ( 'NONE', ( #10356, #3773, #1780 ) ) ;
#9598 = FACE_OUTER_BOUND ( 'NONE', #4109, .T. ) ;
#9599 = FACE_OUTER_BOUND ( 'NONE', #10313, .T. ) ;
#9600 = EDGE_CURVE ( 'NONE', #12127, #10413, #1196, .T. ) ;
#9601 = FILL_AREA_STYLE ('',( #9433 ) ) ;
#9602 = DIRECTION ( 'NONE',  ( 0.000000000000000000, 0.000000000000000000, 1.000000000000000000 ) ) ;
#9603 = EDGE_CURVE ( 'NONE', #9214, #2556, #5572, .T. ) ;
#9604 = MECHANICAL_DESIGN_GEOMETRIC_PRESENTATION_REPRESENTATION (  '', ( #11487 ), #1087 ) ;
#9605 = CARTESIAN_POINT ( 'NONE',  ( -1.749999999999999778, 1.355252715606880543E-16, 2.250000000000000444 ) ) ;
#9606 = ORIENTED_EDGE ( 'NONE', *, *, #3094, .F. ) ;
#9607 = EDGE_CURVE ( 'NONE', #723, #11018, #1217, .T. ) ;
#9608 = MECHANICAL_DESIGN_GEOMETRIC_PRESENTATION_REPRESENTATION (  '', ( #11489 ), #8824 ) ;
#9609 =( NAMED_UNIT ( * ) PLANE_ANGLE_UNIT ( ) SI_UNIT ( $, .RADIAN. ) );
#9610 = CARTESIAN_POINT ( 'NONE',  ( -0.7499999999999997780, 0.2699999999999994071, 2.660000000000001030 ) ) ;
#9611 = CARTESIAN_POINT ( 'NONE',  ( 2.750000000000000444, 0.2699999999999994071, 3.340000000000001634 ) ) ;
#9612 = EDGE_LOOP ( 'NONE', ( #5377, #5036, #7568 ) ) ;
#9613 = DIRECTION ( 'NONE',  ( 0.000000000000000000, 0.000000000000000000, 1.000000000000000000 ) ) ;
#9614 = COLOUR_RGB ( '',0.7921568627450980005, 0.8196078431372548767, 0.9333333333333333481 ) ;
#9615 =( NAMED_UNIT ( * ) PLANE_ANGLE_UNIT ( ) SI_UNIT ( $, .RADIAN. ) );
#9616 = CIRCLE ( 'NONE', #8395, 0.08999999999999980238 ) ;
#9617 = CARTESIAN_POINT ( 'NONE',  ( 2.750000000000000444, 0.1499999999999999944, -0.7499999999999993339 ) ) ;
#9618 = CARTESIAN_POINT ( 'NONE',  ( 0.2500000000000002220, 0.1499999999999999944, 2.250000000000000444 ) ) ;
#9619 = DIRECTION ( 'NONE',  ( 1.000000000000000000, 0.000000000000000000, -0.000000000000000000 ) ) ;
#9620 = CLOSED_SHELL ( 'NONE', ( #12330, #8276, #2929 ) ) ;
#9621 = SURFACE_STYLE_FILL_AREA ( #8926 ) ;
#9622 = DIRECTION ( 'NONE',  ( 0.000000000000000000, 0.000000000000000000, 1.000000000000000000 ) ) ;
#9623 = CIRCLE ( 'NONE', #2828, 0.1499999999999999667 ) ;
#9624 = CARTESIAN_POINT ( 'NONE',  ( 2.750000000000000444, 0.2699999999999994071, -0.6599999999999989209 ) ) ;
#9625 = DIRECTION ( 'NONE',  ( 0.000000000000000000, 0.000000000000000000, 1.000000000000000000 ) ) ;
#9626 = AXIS2_PLACEMENT_3D ( 'NONE', #2224, #7120, #151 ) ;
#9627 = AXIS2_PLACEMENT_3D ( 'NONE', #4783, #7971, #5881 ) ;
#9628 = SURFACE_STYLE_FILL_AREA ( #6168 ) ;
#9629 = UNCERTAINTY_MEASURE_WITH_UNIT (LENGTH_MEASURE( 1.000000000000000082E-05 ), #9149, 'distance_accuracy_value', 'NONE');
#9630 = ORIENTED_EDGE ( 'NONE', *, *, #6223, .F. ) ;
#9631 = FILL_AREA_STYLE_COLOUR ( '', #6621 ) ;
#9632 = EDGE_CURVE ( 'NONE', #12680, #9462, #5503, .T. ) ;
#9633 = CARTESIAN_POINT ( 'NONE',  ( -0.7499999999999997780, 0.1499999999999999944, 1.250000000000001110 ) ) ;
#9634 = EDGE_CURVE ( 'NONE', #1463, #11520, #5614, .T. ) ;
#9635 = ORIENTED_EDGE ( 'NONE', *, *, #11467, .T. ) ;
#9636 = EDGE_CURVE ( 'NONE', #12346, #3210, #9933, .T. ) ;
#9637 = DIRECTION ( 'NONE',  ( 1.000000000000000000, 0.000000000000000000, -0.000000000000000000 ) ) ;
#9638 = ORIENTED_EDGE ( 'NONE', *, *, #4862, .T. ) ;
#9639 = FILL_AREA_STYLE_COLOUR ( '', #6339 ) ;
#9640 = SPHERICAL_SURFACE ( 'NONE', #11170, 0.1499999999999998557 ) ;
#9641 = CIRCLE ( 'NONE', #7278, 0.1499999999999999667 ) ;
#9642 = DIRECTION ( 'NONE',  ( 1.000000000000000000, 0.000000000000000000, -0.000000000000000000 ) ) ;
#9643 = CARTESIAN_POINT ( 'NONE',  ( 3.250000000000000888, 0.2699999999999994071, -1.659999999999999254 ) ) ;
#9644 = CARTESIAN_POINT ( 'NONE',  ( 1.250000000000000666, 0.2699999999999994071, -3.159999999999999254 ) ) ;
#9645 = CIRCLE ( 'NONE', #5977, 0.08999999999999980238 ) ;
#9646 = DIRECTION ( 'NONE',  ( 1.000000000000000000, 0.000000000000000000, -0.000000000000000000 ) ) ;
#9647 = SURFACE_STYLE_USAGE ( .BOTH. , #4646 ) ;
#9648 = DIRECTION ( 'NONE',  ( 0.000000000000000000, 0.000000000000000000, 1.000000000000000000 ) ) ;
#9649 = CIRCLE ( 'NONE', #9126, 0.1499999999999999667 ) ;
#9650 = DIRECTION ( 'NONE',  ( 1.000000000000000000, 0.000000000000000000, -0.000000000000000000 ) ) ;
#9651 = CARTESIAN_POINT ( 'NONE',  ( -1.749999999999999778, 1.355252715606880543E-16, -2.749999999999999556 ) ) ;
#9652 = AXIS2_PLACEMENT_3D ( 'NONE', #4437, #3467, #11110 ) ;
#9653 = ORIENTED_EDGE ( 'NONE', *, *, #6358, .T. ) ;
#9654 = DIRECTION ( 'NONE',  ( 1.000000000000000000, 0.000000000000000000, 1.224646799147353207E-16 ) ) ;
#9655 = CARTESIAN_POINT ( 'NONE',  ( -4.312500000000001776, 0.6999999999999999556, -5.062499999999999112 ) ) ;
#9656 = ORIENTED_EDGE ( 'NONE', *, *, #5259, .F. ) ;
#9657 = EDGE_CURVE ( 'NONE', #12424, #11193, #5308, .T. ) ;
#9658 = AXIS2_PLACEMENT_3D ( 'NONE', #5864, #12840, #6764 ) ;
#9659 = DIRECTION ( 'NONE',  ( 1.000000000000000000, 0.000000000000000000, -0.000000000000000000 ) ) ;
#9660 = AXIS2_PLACEMENT_3D ( 'NONE', #6075, #7425, #1446 ) ;
#9661 = ORIENTED_EDGE ( 'NONE', *, *, #9549, .T. ) ;
#9662 = CIRCLE ( 'NONE', #9328, 0.1499999999999999667 ) ;
#9663 = MANIFOLD_SOLID_BREP ( 'LPattern1[186]', #8173 ) ;
#9664 = EDGE_CURVE ( 'NONE', #9079, #9028, #5641, .T. ) ;
#9665 = AXIS2_PLACEMENT_3D ( 'NONE', #9265, #11507, #7432 ) ;
#9666 = SPHERICAL_SURFACE ( 'NONE', #10967, 0.1499999999999998557 ) ;
#9667 = EDGE_LOOP ( 'NONE', ( #566, #3797, #5606 ) ) ;
#9668 = DIRECTION ( 'NONE',  ( -0.000000000000000000, 1.000000000000000000, -0.000000000000000000 ) ) ;
#9669 = PLANE ( 'NONE',  #8512 ) ;
#9670 = CARTESIAN_POINT ( 'NONE',  ( 1.250000000000000666, 0.1499999999999999944, 0.7500000000000006661 ) ) ;
#9671 = CARTESIAN_POINT ( 'NONE',  ( 3.250000000000000888, 0.2699999999999994071, -0.1599999999999991152 ) ) ;
#9672 = CIRCLE ( 'NONE', #5236, 0.08999999999999980238 ) ;
#9673 = DIRECTION ( 'NONE',  ( 0.000000000000000000, 0.000000000000000000, 1.000000000000000000 ) ) ;
#9674 = EDGE_LOOP ( 'NONE', ( #8005, #7947, #11770 ) ) ;
#9675 = CARTESIAN_POINT ( 'NONE',  ( -5.250000000000001776, 0.3199999999999999512, -5.999999999999999112 ) ) ;
#9676 =( GEOMETRIC_REPRESENTATION_CONTEXT ( 3 ) GLOBAL_UNCERTAINTY_ASSIGNED_CONTEXT ( ( #8376 ) ) GLOBAL_UNIT_ASSIGNED_CONTEXT ( ( #8140, #7122, #5964 ) ) REPRESENTATION_CONTEXT ( 'NONE', 'WORKASPACE' ) );
#9677 = CARTESIAN_POINT ( 'NONE',  ( -5.250000000000001776, 0.3200000000000000067, -6.494999999999999218 ) ) ;
#9678 = FILL_AREA_STYLE ('',( #2918 ) ) ;
#9679 = DIRECTION ( 'NONE',  ( 0.000000000000000000, 0.000000000000000000, 1.000000000000000000 ) ) ;
#9680 = ORIENTED_EDGE ( 'NONE', *, *, #5050, .T. ) ;
#9681 = CARTESIAN_POINT ( 'NONE',  ( 2.250000000000000000, 0.1499999999999999944, 1.750000000000000666 ) ) ;
#9682 = SURFACE_STYLE_FILL_AREA ( #820 ) ;
#9683 = DIRECTION ( 'NONE',  ( 0.000000000000000000, 0.000000000000000000, 1.000000000000000000 ) ) ;
#9684 = CARTESIAN_POINT ( 'NONE',  ( 2.750000000000000444, 0.2699999999999994071, -1.749999999999998890 ) ) ;
#9685 = EDGE_CURVE ( 'NONE', #3078, #1171, #9616, .T. ) ;
#9686 = VERTEX_POINT ( 'NONE', #9878 ) ;
#9687 = FACE_OUTER_BOUND ( 'NONE', #6610, .T. ) ;
#9688 = ADVANCED_FACE ( 'NONE', ( #9958 ), #2940, .T. ) ;
#9689 = ADVANCED_FACE ( 'NONE', ( #9593 ), #2768, .T. ) ;
#9690 = SPHERICAL_SURFACE ( 'NONE', #11758, 0.1499999999999998557 ) ;
#9691 = EDGE_LOOP ( 'NONE', ( #1600, #5095, #11343 ) ) ;
#9692 = CARTESIAN_POINT ( 'NONE',  ( -2.250000000000000000, 0.1499999999999999944, -1.749999999999999334 ) ) ;
#9693 = AXIS2_PLACEMENT_3D ( 'NONE', #5361, #397, #491 ) ;
#9694 = CARTESIAN_POINT ( 'NONE',  ( 2.750000000000000444, 1.355252715606880543E-16, -1.749999999999999334 ) ) ;
#9695 = VERTEX_POINT ( 'NONE', #2851 ) ;
#9696 = MECHANICAL_DESIGN_GEOMETRIC_PRESENTATION_REPRESENTATION (  '', ( #8604 ), #4873 ) ;
#9697 = ADVANCED_FACE ( 'NONE', ( #1018 ), #6777, .T. ) ;
#9698 =( LENGTH_UNIT ( ) NAMED_UNIT ( * ) SI_UNIT ( .MILLI., .METRE. ) );
#9699 = ADVANCED_FACE ( 'NONE', ( #1496 ), #1833, .T. ) ;
#9700 = DIRECTION ( 'NONE',  ( 0.000000000000000000, 0.000000000000000000, 1.000000000000000000 ) ) ;
#9701 = EDGE_LOOP ( 'NONE', ( #1977, #3941, #6869 ) ) ;
#9702 = DIRECTION ( 'NONE',  ( 0.000000000000000000, 0.000000000000000000, 1.000000000000000000 ) ) ;
#9703 = DIRECTION ( 'NONE',  ( 0.000000000000000000, 0.000000000000000000, 1.000000000000000000 ) ) ;
#9704 = DIRECTION ( 'NONE',  ( 0.000000000000000000, 0.000000000000000000, -1.000000000000000000 ) ) ;
#9705 = FILL_AREA_STYLE ('',( #11712 ) ) ;
#9706 = CARTESIAN_POINT ( 'NONE',  ( -0.7499999999999997780, 0.2699999999999994071, 2.340000000000000302 ) ) ;
#9707 = DIRECTION ( 'NONE',  ( 0.000000000000000000, 0.000000000000000000, 1.000000000000000000 ) ) ;
#9708 = ORIENTED_EDGE ( 'NONE', *, *, #305, .T. ) ;
#9709 = PRESENTATION_STYLE_ASSIGNMENT (( #1796 ) ) ;
#9710 = CARTESIAN_POINT ( 'NONE',  ( 3.250000000000000888, 0.2699999999999994071, -0.7499999999999988898 ) ) ;
#9711 = EDGE_CURVE ( 'NONE', #10147, #11820, #6016, .T. ) ;
#9712 = AXIS2_PLACEMENT_3D ( 'NONE', #8260, #11247, #371 ) ;
#9713 = ORIENTED_EDGE ( 'NONE', *, *, #7306, .F. ) ;
#9714 = DIRECTION ( 'NONE',  ( -0.000000000000000000, 1.000000000000000000, 0.000000000000000000 ) ) ;
#9715 = AXIS2_PLACEMENT_3D ( 'NONE', #6466, #4273, #12207 ) ;
#9716 = EDGE_CURVE ( 'NONE', #12346, #5499, #6037, .T. ) ;
#9717 = AXIS2_PLACEMENT_3D ( 'NONE', #5142, #5063, #10235 ) ;
#9718 = PRESENTATION_STYLE_ASSIGNMENT (( #6814 ) ) ;
#9719 = ORIENTED_EDGE ( 'NONE', *, *, #6850, .F. ) ;
#9720 = AXIS2_PLACEMENT_3D ( 'NONE', #4912, #6157, #8081 ) ;
#9721 = DIRECTION ( 'NONE',  ( 0.000000000000000000, 0.000000000000000000, 1.000000000000000000 ) ) ;
#9722 = ORIENTED_EDGE ( 'NONE', *, *, #5118, .F. ) ;
#9723 = CIRCLE ( 'NONE', #4296, 0.4312500000000001887 ) ;
#9724 = COLOUR_RGB ( '',0.7921568627450980005, 0.8196078431372548767, 0.9333333333333333481 ) ;
#9725 = CARTESIAN_POINT ( 'NONE',  ( -3.250000000000000000, 0.1499999999999999944, 3.250000000000001332 ) ) ;
#9726 = ORIENTED_EDGE ( 'NONE', *, *, #3227, .T. ) ;
#9727 = CIRCLE ( 'NONE', #1702, 0.1499999999999999667 ) ;
#9728 = DIRECTION ( 'NONE',  ( -0.7071067811865482389, 0.000000000000000000, 0.7071067811865469066 ) ) ;
#9729 = PLANE ( 'NONE',  #3300 ) ;
#9730 = CIRCLE ( 'NONE', #9891, 0.1499999999999998557 ) ;
#9731 = ORIENTED_EDGE ( 'NONE', *, *, #2590, .F. ) ;
#9732 = CARTESIAN_POINT ( 'NONE',  ( 1.750000000000000222, 0.1499999999999999944, -2.749999999999999556 ) ) ;
#9733 = CARTESIAN_POINT ( 'NONE',  ( -1.249999999999999778, 0.2699999999999994071, 2.250000000000000888 ) ) ;
#9734 = STYLED_ITEM ( 'NONE', ( #2447 ), #4827 ) ;
#9735 = DIRECTION ( 'NONE',  ( 1.000000000000000000, 0.000000000000000000, -0.000000000000000000 ) ) ;
#9736 = CARTESIAN_POINT ( 'NONE',  ( -5.750000000000001776, 0.4200000000000002620, -6.500000000000000000 ) ) ;
#9737 = DIRECTION ( 'NONE',  ( -0.000000000000000000, 1.000000000000000000, 0.000000000000000000 ) ) ;
#9738 = ORIENTED_EDGE ( 'NONE', *, *, #5515, .F. ) ;
#9739 = EDGE_CURVE ( 'NONE', #4255, #1200, #10390, .T. ) ;
#9740 = AXIS2_PLACEMENT_3D ( 'NONE', #497, #2289, #3465 ) ;
#9741 = DIRECTION ( 'NONE',  ( -0.000000000000000000, 1.000000000000000000, -0.000000000000000000 ) ) ;
#9742 = ORIENTED_EDGE ( 'NONE', *, *, #4694, .F. ) ;
#9743 = FILL_AREA_STYLE_COLOUR ( '', #11401 ) ;
#9744 = EDGE_LOOP ( 'NONE', ( #4341, #4725, #571 ) ) ;
#9745 = AXIS2_PLACEMENT_3D ( 'NONE', #4614, #12523, #659 ) ;
#9746 =( LENGTH_UNIT ( ) NAMED_UNIT ( * ) SI_UNIT ( .MILLI., .METRE. ) );
#9747 = EDGE_CURVE ( 'NONE', #2842, #3308, #5981, .T. ) ;
#9748 = ORIENTED_EDGE ( 'NONE', *, *, #10692, .T. ) ;
#9749 = AXIS2_PLACEMENT_3D ( 'NONE', #9080, #11078, #1190 ) ;
#9750 = FACE_OUTER_BOUND ( 'NONE', #5771, .T. ) ;
#9751 = AXIS2_PLACEMENT_3D ( 'NONE', #5918, #7758, #5088 ) ;
#9752 = FACE_OUTER_BOUND ( 'NONE', #2849, .T. ) ;
#9753 = EDGE_CURVE ( 'NONE', #11235, #4634, #1432, .T. ) ;
#9754 = ORIENTED_EDGE ( 'NONE', *, *, #10816, .F. ) ;
#9755 = DIRECTION ( 'NONE',  ( 0.000000000000000000, 0.000000000000000000, 1.000000000000000000 ) ) ;
#9756 = DIRECTION ( 'NONE',  ( 1.000000000000000000, 0.000000000000000000, -0.000000000000000000 ) ) ;
#9757 = DIRECTION ( 'NONE',  ( 0.000000000000000000, 0.000000000000000000, 1.000000000000000000 ) ) ;
#9758 = VERTEX_POINT ( 'NONE', #1788 ) ;
#9759 = DIRECTION ( 'NONE',  ( 1.000000000000000000, 0.000000000000000000, -0.000000000000000000 ) ) ;
#9760 = AXIS2_PLACEMENT_3D ( 'NONE', #1274, #8981, #8166 ) ;
#9761 = MANIFOLD_SOLID_BREP ( 'LPattern1[27]', #11666 ) ;
#9762 =( NAMED_UNIT ( * ) PLANE_ANGLE_UNIT ( ) SI_UNIT ( $, .RADIAN. ) );
#9763 = EDGE_CURVE ( 'NONE', #10278, #11193, #1695, .T. ) ;
#9764 = CARTESIAN_POINT ( 'NONE',  ( -5.745000000000001883, 0.2700000000000000178, -6.000000000000000000 ) ) ;
#9765 = EDGE_LOOP ( 'NONE', ( #9787, #3440 ) ) ;
#9766 = SURFACE_SIDE_STYLE ('',( #840 ) ) ;
#9767 = ORIENTED_EDGE ( 'NONE', *, *, #12168, .T. ) ;
#9768 = CIRCLE ( 'NONE', #11953, 0.08999999999999980238 ) ;
#9769 = FILL_AREA_STYLE ('',( #10939 ) ) ;
#9770 = SPHERICAL_SURFACE ( 'NONE', #10732, 0.1499999999999998557 ) ;
#9771 =( NAMED_UNIT ( * ) PLANE_ANGLE_UNIT ( ) SI_UNIT ( $, .RADIAN. ) );
#9772 = FILL_AREA_STYLE ('',( #6839 ) ) ;
#9773 = VERTEX_POINT ( 'NONE', #8527 ) ;
#9774 = CIRCLE ( 'NONE', #8654, 0.1499999999999999667 ) ;
#9775 = CIRCLE ( 'NONE', #12117, 0.1499999999999998557 ) ;
#9776 = EDGE_CURVE ( 'NONE', #3112, #10809, #10213, .T. ) ;
#9777 = PRESENTATION_STYLE_ASSIGNMENT (( #10740 ) ) ;
#9778 = VERTEX_POINT ( 'NONE', #575 ) ;
#9779 = DIRECTION ( 'NONE',  ( 1.000000000000000000, 0.000000000000000000, 1.752245935330108871E-15 ) ) ;
#9780 = PRESENTATION_LAYER_ASSIGNMENT (  '', '', ( #8528 ) ) ;
#9781 = CARTESIAN_POINT ( 'NONE',  ( 1.250000000000000666, 0.2699999999999994071, -1.159999999999999032 ) ) ;
#9782 = FACE_OUTER_BOUND ( 'NONE', #11751, .T. ) ;
#9783 = PLANE ( 'NONE',  #6755 ) ;
#9784 = ORIENTED_EDGE ( 'NONE', *, *, #1707, .F. ) ;
#9785 = APPLICATION_PROTOCOL_DEFINITION ( 'draft international standard', 'automotive_design', 1998, #8443 ) ;
#9786 = DIRECTION ( 'NONE',  ( 0.000000000000000000, 0.000000000000000000, 1.000000000000000000 ) ) ;
#9787 = ORIENTED_EDGE ( 'NONE', *, *, #4985, .T. ) ;
#9788 = DIRECTION ( 'NONE',  ( 0.000000000000000000, 0.000000000000000000, 1.000000000000000000 ) ) ;
#9789 = DIRECTION ( 'NONE',  ( -0.000000000000000000, 1.000000000000000000, -0.000000000000000000 ) ) ;
#9790 = ORIENTED_EDGE ( 'NONE', *, *, #9496, .T. ) ;
#9791 = SURFACE_SIDE_STYLE ('',( #8348 ) ) ;
#9792 = DIRECTION ( 'NONE',  ( 1.000000000000000000, 0.000000000000000000, -0.000000000000000000 ) ) ;
#9793 = FACE_OUTER_BOUND ( 'NONE', #11995, .T. ) ;
#9794 = SURFACE_SIDE_STYLE ('',( #12001 ) ) ;
#9795 = CIRCLE ( 'NONE', #7298, 0.08999999999999980238 ) ;
#9796 =( NAMED_UNIT ( * ) SI_UNIT ( $, .STERADIAN. ) SOLID_ANGLE_UNIT ( ) );
#9797 =( NAMED_UNIT ( * ) PLANE_ANGLE_UNIT ( ) SI_UNIT ( $, .RADIAN. ) );
#9798 = AXIS2_PLACEMENT_3D ( 'NONE', #6866, #990, #11811 ) ;
#9799 =( NAMED_UNIT ( * ) SI_UNIT ( $, .STERADIAN. ) SOLID_ANGLE_UNIT ( ) );
#9800 = CARTESIAN_POINT ( 'NONE',  ( 2.250000000000000000, 0.2699999999999994071, 1.660000000000000808 ) ) ;
#9801 = UNCERTAINTY_MEASURE_WITH_UNIT (LENGTH_MEASURE( 1.000000000000000082E-05 ), #6530, 'distance_accuracy_value', 'NONE');
#9802 = UNCERTAINTY_MEASURE_WITH_UNIT (LENGTH_MEASURE( 1.000000000000000082E-05 ), #4178, 'distance_accuracy_value', 'NONE');
#9803 = VERTEX_POINT ( 'NONE', #10441 ) ;
#9804 = COLOUR_RGB ( '',0.7921568627450980005, 0.8196078431372548767, 0.9333333333333333481 ) ;
#9805 = ADVANCED_FACE ( 'NONE', ( #1670 ), #10293, .T. ) ;
#9806 = CARTESIAN_POINT ( 'NONE',  ( -1.749999999999999778, 0.2699999999999994071, -3.159999999999998810 ) ) ;
#9807 = ORIENTED_EDGE ( 'NONE', *, *, #12550, .F. ) ;
#9808 = DIRECTION ( 'NONE',  ( -0.000000000000000000, 1.000000000000000000, 0.000000000000000000 ) ) ;
#9809 = EDGE_CURVE ( 'NONE', #11465, #1276, #6096, .T. ) ;
#9810 = VECTOR ( 'NONE', #2349, 1000.000000000000000 ) ;
#9811 = ORIENTED_EDGE ( 'NONE', *, *, #10963, .F. ) ;
#9812 = ADVANCED_FACE ( 'NONE', ( #10325 ), #11797, .F. ) ;
#9813 = ORIENTED_EDGE ( 'NONE', *, *, #3568, .F. ) ;
#9814 = DIRECTION ( 'NONE',  ( 0.000000000000000000, 0.000000000000000000, 1.000000000000000000 ) ) ;
#9815 = ORIENTED_EDGE ( 'NONE', *, *, #12098, .T. ) ;
#9816 = PRESENTATION_STYLE_ASSIGNMENT (( #9197 ) ) ;
#9817 = FACE_OUTER_BOUND ( 'NONE', #2655, .T. ) ;
#9818 =( NAMED_UNIT ( * ) PLANE_ANGLE_UNIT ( ) SI_UNIT ( $, .RADIAN. ) );
#9819 = CARTESIAN_POINT ( 'NONE',  ( -2.250000000000000000, 1.355252715606880543E-16, 0.2500000000000006661 ) ) ;
#9820 = CLOSED_SHELL ( 'NONE', ( #2225, #6917, #5173 ) ) ;
#9821 = CARTESIAN_POINT ( 'NONE',  ( 1.250000000000000666, 0.1499999999999999944, -0.2499999999999993616 ) ) ;
#9822 = CIRCLE ( 'NONE', #10086, 0.1499999999999999667 ) ;
#9823 = DIRECTION ( 'NONE',  ( -0.000000000000000000, 1.000000000000000000, 0.000000000000000000 ) ) ;
#9824 =( GEOMETRIC_REPRESENTATION_CONTEXT ( 3 ) GLOBAL_UNCERTAINTY_ASSIGNED_CONTEXT ( ( #4042 ) ) GLOBAL_UNIT_ASSIGNED_CONTEXT ( ( #6711, #10623, #744 ) ) REPRESENTATION_CONTEXT ( 'NONE', 'WORKASPACE' ) );
#9825 = ADVANCED_FACE ( 'NONE', ( #5913 ), #9526, .T. ) ;
#9826 = SURFACE_SIDE_STYLE ('',( #4413 ) ) ;
#9827 = SURFACE_SIDE_STYLE ('',( #7131 ) ) ;
#9828 = PRESENTATION_STYLE_ASSIGNMENT (( #1508 ) ) ;
#9829 = ORIENTED_EDGE ( 'NONE', *, *, #4108, .F. ) ;
#9830 = AXIS2_PLACEMENT_3D ( 'NONE', #913, #9051, #7890 ) ;
#9831 = CARTESIAN_POINT ( 'NONE',  ( -2.250000000000000000, 1.355252715606880543E-16, -1.749999999999999334 ) ) ;
#9832 = DIRECTION ( 'NONE',  ( 0.000000000000000000, 0.000000000000000000, 1.000000000000000000 ) ) ;
#9833 = EDGE_CURVE ( 'NONE', #5829, #10412, #5814, .T. ) ;
#9834 = CARTESIAN_POINT ( 'NONE',  ( 3.250000000000000888, 0.2699999999999994071, -3.339999999999999414 ) ) ;
#9835 = CARTESIAN_POINT ( 'NONE',  ( -2.250000000000000000, 1.355252715606880543E-16, 0.7500000000000006661 ) ) ;
#9836 = AXIS2_PLACEMENT_3D ( 'NONE', #7787, #5780, #1701 ) ;
#9837 = ORIENTED_EDGE ( 'NONE', *, *, #804, .F. ) ;
#9838 = AXIS2_PLACEMENT_3D ( 'NONE', #9670, #790, #9755 ) ;
#9839 = DIRECTION ( 'NONE',  ( 0.000000000000000000, 0.000000000000000000, -1.000000000000000000 ) ) ;
#9840 = EDGE_LOOP ( 'NONE', ( #7379, #2129, #11036, #2911 ) ) ;
#9841 = ORIENTED_EDGE ( 'NONE', *, *, #11823, .T. ) ;
#9842 = MANIFOLD_SOLID_BREP ( 'LPattern1[154]', #11147 ) ;
#9843 = STYLED_ITEM ( 'NONE', ( #3945 ), #3546 ) ;
#9844 = SURFACE_SIDE_STYLE ('',( #9932 ) ) ;
#9845 = EDGE_LOOP ( 'NONE', ( #2575, #6354, #6637 ) ) ;
#9846 = CIRCLE ( 'NONE', #8373, 0.08999999999999980238 ) ;
#9847 = FACE_OUTER_BOUND ( 'NONE', #6411, .T. ) ;
#9848 = AXIS2_PLACEMENT_3D ( 'NONE', #6727, #4815, #5907 ) ;
#9849 = ORIENTED_EDGE ( 'NONE', *, *, #4625, .T. ) ;
#9850 = CARTESIAN_POINT ( 'NONE',  ( 3.250000000000000888, 0.2699999999999994071, 3.160000000000001474 ) ) ;
#9851 = ADVANCED_FACE ( 'NONE', ( #10046 ), #10415, .T. ) ;
#9852 = VECTOR ( 'NONE', #10685, 1000.000000000000000 ) ;
#9853 = DIRECTION ( 'NONE',  ( 1.000000000000000000, 0.000000000000000000, 1.224646799147353207E-16 ) ) ;
#9854 = ORIENTED_EDGE ( 'NONE', *, *, #11071, .T. ) ;
#9855 =( LENGTH_UNIT ( ) NAMED_UNIT ( * ) SI_UNIT ( .MILLI., .METRE. ) );
#9856 = ADVANCED_FACE ( 'NONE', ( #1456 ), #1809, .T. ) ;
#9857 = DIRECTION ( 'NONE',  ( 0.000000000000000000, 0.000000000000000000, 1.000000000000000000 ) ) ;
#9858 =( NAMED_UNIT ( * ) SI_UNIT ( $, .STERADIAN. ) SOLID_ANGLE_UNIT ( ) );
#9859 = EDGE_LOOP ( 'NONE', ( #6195, #10908, #8441 ) ) ;
#9860 =( GEOMETRIC_REPRESENTATION_CONTEXT ( 3 ) GLOBAL_UNCERTAINTY_ASSIGNED_CONTEXT ( ( #8045 ) ) GLOBAL_UNIT_ASSIGNED_CONTEXT ( ( #156, #5801, #2137 ) ) REPRESENTATION_CONTEXT ( 'NONE', 'WORKASPACE' ) );
#9861 = SURFACE_SIDE_STYLE ('',( #6794 ) ) ;
#9862 = ORIENTED_EDGE ( 'NONE', *, *, #6524, .T. ) ;
#9863 = EDGE_CURVE ( 'NONE', #10646, #7695, #6118, .T. ) ;
#9864 = DIRECTION ( 'NONE',  ( 0.000000000000000000, 0.000000000000000000, 1.000000000000000000 ) ) ;
#9865 = AXIS2_PLACEMENT_3D ( 'NONE', #1482, #11359, #7096 ) ;
#9866 = DIRECTION ( 'NONE',  ( 0.000000000000000000, 0.000000000000000000, 1.000000000000000000 ) ) ;
#9867 = SURFACE_STYLE_USAGE ( .BOTH. , #8592 ) ;
#9868 = CLOSED_SHELL ( 'NONE', ( #9250, #1892, #7839 ) ) ;
#9869 = CIRCLE ( 'NONE', #10374, 0.08999999999999980238 ) ;
#9870 =( GEOMETRIC_REPRESENTATION_CONTEXT ( 3 ) GLOBAL_UNCERTAINTY_ASSIGNED_CONTEXT ( ( #4849 ) ) GLOBAL_UNIT_ASSIGNED_CONTEXT ( ( #8142, #10230, #3036 ) ) REPRESENTATION_CONTEXT ( 'NONE', 'WORKASPACE' ) );
#9871 = SURFACE_STYLE_FILL_AREA ( #10821 ) ;
#9872 = EDGE_LOOP ( 'NONE', ( #4410, #12415, #11794 ) ) ;
#9873 = DIRECTION ( 'NONE',  ( 0.000000000000000000, 0.000000000000000000, 1.000000000000000000 ) ) ;
#9874 = CIRCLE ( 'NONE', #5869, 0.1499999999999999667 ) ;
#9875 = DIRECTION ( 'NONE',  ( 0.000000000000000000, 0.000000000000000000, 1.000000000000000000 ) ) ;
#9876 = ORIENTED_EDGE ( 'NONE', *, *, #9809, .F. ) ;
#9877 = ORIENTED_EDGE ( 'NONE', *, *, #7914, .T. ) ;
#9878 = CARTESIAN_POINT ( 'NONE',  ( 2.250000000000000000, 1.355252715606880543E-16, -2.749999999999999556 ) ) ;
#9879 = EDGE_CURVE ( 'NONE', #3352, #2195, #10151, .T. ) ;
#9880 = CARTESIAN_POINT ( 'NONE',  ( -5.750000000000001776, -17.35655495770977907, 6.500000000000000000 ) ) ;
#9881 = CLOSED_SHELL ( 'NONE', ( #6387, #3175, #8275 ) ) ;
#9882 = DIRECTION ( 'NONE',  ( 1.000000000000000000, 0.000000000000000000, -0.000000000000000000 ) ) ;
#9883 = AXIS2_PLACEMENT_3D ( 'NONE', #7661, #7569, #8624 ) ;
#9884 = DIRECTION ( 'NONE',  ( 0.000000000000000000, 0.000000000000000000, 1.000000000000000000 ) ) ;
#9885 = CIRCLE ( 'NONE', #9124, 0.1499999999999999667 ) ;
#9886 = DIRECTION ( 'NONE',  ( -0.000000000000000000, 1.000000000000000000, 0.000000000000000000 ) ) ;
#9887 = SURFACE_SIDE_STYLE ('',( #6145 ) ) ;
#9888 = DIRECTION ( 'NONE',  ( 0.000000000000000000, -0.000000000000000000, 1.000000000000000000 ) ) ;
#9889 = DIRECTION ( 'NONE',  ( 0.000000000000000000, 0.000000000000000000, 1.000000000000000000 ) ) ;
#9890 = AXIS2_PLACEMENT_3D ( 'NONE', #2925, #7952, #2753 ) ;
#9891 = AXIS2_PLACEMENT_3D ( 'NONE', #2546, #5395, #770 ) ;
#9892 = CARTESIAN_POINT ( 'NONE',  ( -1.749999999999999778, 0.2699999999999994071, -1.749999999999998890 ) ) ;
#9893 = VERTEX_POINT ( 'NONE', #6725 ) ;
#9894 = FILL_AREA_STYLE ('',( #8874 ) ) ;
#9895 = DIRECTION ( 'NONE',  ( -0.000000000000000000, 1.000000000000000000, -0.000000000000000000 ) ) ;
#9896 = CLOSED_SHELL ( 'NONE', ( #9486, #10285, #7353 ) ) ;
#9897 = SURFACE_STYLE_USAGE ( .BOTH. , #8881 ) ;
#9898 = PRESENTATION_LAYER_ASSIGNMENT (  '', '', ( #10973 ) ) ;
#9899 = PRESENTATION_STYLE_ASSIGNMENT (( #9216 ) ) ;
#9900 =( GEOMETRIC_REPRESENTATION_CONTEXT ( 3 ) GLOBAL_UNCERTAINTY_ASSIGNED_CONTEXT ( ( #12341 ) ) GLOBAL_UNIT_ASSIGNED_CONTEXT ( ( #1689, #5114, #7615 ) ) REPRESENTATION_CONTEXT ( 'NONE', 'WORKASPACE' ) );
#9901 = VERTEX_POINT ( 'NONE', #9819 ) ;
#9902 = EDGE_LOOP ( 'NONE', ( #2001, #8883, #10700 ) ) ;
#9903 = SURFACE_SIDE_STYLE ('',( #5853 ) ) ;
#9904 = ORIENTED_EDGE ( 'NONE', *, *, #12456, .F. ) ;
#9905 = EDGE_CURVE ( 'NONE', #2330, #3913, #5742, .T. ) ;
#9906 = DIRECTION ( 'NONE',  ( -1.000000000000000000, 0.000000000000000000, 0.000000000000000000 ) ) ;
#9907 = PRESENTATION_LAYER_ASSIGNMENT (  '', '', ( #9286 ) ) ;
#9908 = DIRECTION ( 'NONE',  ( 0.000000000000000000, 0.000000000000000000, 1.000000000000000000 ) ) ;
#9909 = ORIENTED_EDGE ( 'NONE', *, *, #6855, .T. ) ;
#9910 = CARTESIAN_POINT ( 'NONE',  ( 3.250000000000000888, 0.2699999999999994071, -0.6599999999999989209 ) ) ;
#9911 = FACE_OUTER_BOUND ( 'NONE', #3585, .T. ) ;
#9912 = PLANE ( 'NONE',  #1829 ) ;
#9914 = MANIFOLD_SOLID_BREP ( 'LPattern1[134]', #12134 ) ;
#9913 = AXIS2_PLACEMENT_3D ( 'NONE', #466, #6692, #3341 ) ;
#9915 = DIRECTION ( 'NONE',  ( 0.000000000000000000, 0.000000000000000000, 1.000000000000000000 ) ) ;
#9916 = AXIS2_PLACEMENT_3D ( 'NONE', #4264, #11278, #1319 ) ;
#9917 = ORIENTED_EDGE ( 'NONE', *, *, #5118, .T. ) ;
#9918 = DIRECTION ( 'NONE',  ( -0.000000000000000000, 1.000000000000000000, -0.000000000000000000 ) ) ;
#9919 = EDGE_CURVE ( 'NONE', #7997, #6913, #2133, .T. ) ;
#9920 = CARTESIAN_POINT ( 'NONE',  ( 2.250000000000000000, 0.2699999999999994071, 1.840000000000000968 ) ) ;
#9921 =( NAMED_UNIT ( * ) PLANE_ANGLE_UNIT ( ) SI_UNIT ( $, .RADIAN. ) );
#9922 = PRESENTATION_LAYER_ASSIGNMENT (  '', '', ( #1234 ) ) ;
#9923 = DIRECTION ( 'NONE',  ( 0.000000000000000000, 0.000000000000000000, -1.000000000000000000 ) ) ;
#9924 = EDGE_LOOP ( 'NONE', ( #11944, #1537, #12051 ) ) ;
#9925 = EDGE_CURVE ( 'NONE', #7970, #9695, #2090, .T. ) ;
#9926 = ADVANCED_FACE ( 'NONE', ( #6405 ), #11921, .T. ) ;
#9927 = AXIS2_PLACEMENT_3D ( 'NONE', #5340, #3435, #5422 ) ;
#9928 = ADVANCED_FACE ( 'NONE', ( #2112 ), #547, .T. ) ;
#9929 = ORIENTED_EDGE ( 'NONE', *, *, #3234, .F. ) ;
#9930 = DIRECTION ( 'NONE',  ( 0.000000000000000000, 0.000000000000000000, 1.000000000000000000 ) ) ;
#9931 = ORIENTED_EDGE ( 'NONE', *, *, #1704, .F. ) ;
#9932 = SURFACE_STYLE_FILL_AREA ( #10194 ) ;
#9933 = CIRCLE ( 'NONE', #9627, 0.1499999999999999667 ) ;
#9934 = SURFACE_SIDE_STYLE ('',( #1475 ) ) ;
#9935 = VERTEX_POINT ( 'NONE', #5501 ) ;
#9936 = MANIFOLD_SOLID_BREP ( 'LPattern1[4]', #11128 ) ;
#9937 = CIRCLE ( 'NONE', #6352, 0.08999999999999980238 ) ;
#9938 = ADVANCED_FACE ( 'NONE', ( #2069 ), #6591, .T. ) ;
#9939 = MECHANICAL_DESIGN_GEOMETRIC_PRESENTATION_REPRESENTATION (  '', ( #1234 ), #3982 ) ;
#9940 = CLOSED_SHELL ( 'NONE', ( #4962, #9856, #6635 ) ) ;
#9941 = AXIS2_PLACEMENT_3D ( 'NONE', #11843, #5006, #4070 ) ;
#9942 = FILL_AREA_STYLE_COLOUR ( '', #11376 ) ;
#9943 = AXIS2_PLACEMENT_3D ( 'NONE', #6693, #6431, #12420 ) ;
#9944 = DIRECTION ( 'NONE',  ( 1.000000000000000000, 0.000000000000000000, 1.224646799147353207E-16 ) ) ;
#9945 = CARTESIAN_POINT ( 'NONE',  ( -0.2499999999999997780, 0.1499999999999999944, -1.249999999999999334 ) ) ;
#9946 = ORIENTED_EDGE ( 'NONE', *, *, #7628, .T. ) ;
#9947 = MANIFOLD_SOLID_BREP ( 'LPattern1[135]', #3287 ) ;
#9948 = AXIS2_PLACEMENT_3D ( 'NONE', #4850, #5852, #7858 ) ;
#9949 = DIRECTION ( 'NONE',  ( -0.000000000000000000, 1.000000000000000000, -0.000000000000000000 ) ) ;
#9950 = SURFACE_SIDE_STYLE ('',( #10805 ) ) ;
#9951 = ORIENTED_EDGE ( 'NONE', *, *, #9161, .F. ) ;
#9952 = EDGE_CURVE ( 'NONE', #1989, #3906, #10883, .T. ) ;
#9953 =( NAMED_UNIT ( * ) SI_UNIT ( $, .STERADIAN. ) SOLID_ANGLE_UNIT ( ) );
#9954 = ORIENTED_EDGE ( 'NONE', *, *, #5633, .T. ) ;
#9955 = AXIS2_PLACEMENT_3D ( 'NONE', #6860, #6784, #11806 ) ;
#9956 = FILL_AREA_STYLE_COLOUR ( '', #8266 ) ;
#9957 = CARTESIAN_POINT ( 'NONE',  ( -2.750000000000000000, 0.2699999999999994071, 1.840000000000000968 ) ) ;
#9958 = FACE_OUTER_BOUND ( 'NONE', #2613, .T. ) ;
#9959 = CARTESIAN_POINT ( 'NONE',  ( 3.250000000000000888, 0.2699999999999994071, -0.8399999999999994138 ) ) ;
#9960 = EDGE_CURVE ( 'NONE', #7561, #8558, #2200, .T. ) ;
#9961 = CARTESIAN_POINT ( 'NONE',  ( -3.250000000000000000, 0.1499999999999999944, 1.250000000000001110 ) ) ;
#9962 = EDGE_LOOP ( 'NONE', ( #9829, #10433, #7066 ) ) ;
#9963 = SURFACE_STYLE_FILL_AREA ( #3559 ) ;
#9964 = ORIENTED_EDGE ( 'NONE', *, *, #4469, .F. ) ;
#9965 = DIRECTION ( 'NONE',  ( 0.000000000000000000, 0.000000000000000000, -1.000000000000000000 ) ) ;
#9966 = ADVANCED_FACE ( 'NONE', ( #1894 ), #6163, .T. ) ;
#9967 = COLOUR_RGB ( '',0.7921568627450980005, 0.8196078431372548767, 0.9333333333333333481 ) ;
#9968 = DIRECTION ( 'NONE',  ( -0.000000000000000000, 1.000000000000000000, -0.000000000000000000 ) ) ;
#9969 = AXIS2_PLACEMENT_3D ( 'NONE', #4831, #3656, #3498 ) ;
#9970 = ORIENTED_EDGE ( 'NONE', *, *, #1309, .T. ) ;
#9971 = STYLED_ITEM ( 'NONE', ( #3665 ), #11141 ) ;
#9972 = UNCERTAINTY_MEASURE_WITH_UNIT (LENGTH_MEASURE( 1.000000000000000082E-05 ), #2852, 'distance_accuracy_value', 'NONE');
#9973 = UNCERTAINTY_MEASURE_WITH_UNIT (LENGTH_MEASURE( 1.000000000000000082E-05 ), #5162, 'distance_accuracy_value', 'NONE');
#9974 = FILL_AREA_STYLE ('',( #5215 ) ) ;
#9975 = ORIENTED_EDGE ( 'NONE', *, *, #4058, .F. ) ;
#9976 = DIRECTION ( 'NONE',  ( 0.000000000000000000, 0.000000000000000000, 1.000000000000000000 ) ) ;
#9977 = VERTEX_POINT ( 'NONE', #8922 ) ;
#9978 = CIRCLE ( 'NONE', #8033, 0.1499999999999999667 ) ;
#9979 = CARTESIAN_POINT ( 'NONE',  ( 2.250000000000000000, 0.2699999999999994071, 3.160000000000001474 ) ) ;
#9980 = SPHERICAL_SURFACE ( 'NONE', #5438, 0.1499999999999998557 ) ;
#9981 = DIRECTION ( 'NONE',  ( 0.000000000000000000, 0.000000000000000000, 1.000000000000000000 ) ) ;
#9982 = DIRECTION ( 'NONE',  ( -0.000000000000000000, 1.000000000000000000, -0.000000000000000000 ) ) ;
#9983 = DIRECTION ( 'NONE',  ( 0.000000000000000000, 0.000000000000000000, 1.000000000000000000 ) ) ;
#9984 = DIRECTION ( 'NONE',  ( 0.000000000000000000, 0.000000000000000000, 1.000000000000000000 ) ) ;
#9985 = DIRECTION ( 'NONE',  ( -1.000000000000000000, 0.000000000000000000, 0.000000000000000000 ) ) ;
#9986 = ORIENTED_EDGE ( 'NONE', *, *, #4931, .F. ) ;
#9987 =( NAMED_UNIT ( * ) SI_UNIT ( $, .STERADIAN. ) SOLID_ANGLE_UNIT ( ) );
#9988 = CIRCLE ( 'NONE', #3377, 0.1499999999999999667 ) ;
#9989 = CARTESIAN_POINT ( 'NONE',  ( 2.250000000000000000, 0.2699999999999994071, -2.159999999999998810 ) ) ;
#9990 = AXIS2_PLACEMENT_3D ( 'NONE', #7127, #4975, #6863 ) ;
#9991 = EDGE_LOOP ( 'NONE', ( #383, #6269, #6427 ) ) ;
#9992 = DIRECTION ( 'NONE',  ( 0.000000000000000000, 0.000000000000000000, 1.000000000000000000 ) ) ;
#9993 = EDGE_LOOP ( 'NONE', ( #4630, #12815 ) ) ;
#9994 = MECHANICAL_DESIGN_GEOMETRIC_PRESENTATION_REPRESENTATION (  '', ( #10898 ), #12754 ) ;
#9995 = AXIS2_PLACEMENT_3D ( 'NONE', #10043, #12044, #131 ) ;
#9996 = VERTEX_POINT ( 'NONE', #11947 ) ;
#9997 = DIRECTION ( 'NONE',  ( 1.000000000000000000, 0.000000000000000000, 1.224646799147353207E-16 ) ) ;
#9998 = VERTEX_POINT ( 'NONE', #2012 ) ;
#9999 = AXIS2_PLACEMENT_3D ( 'NONE', #7016, #963, #8841 ) ;
#10000 = PRESENTATION_STYLE_ASSIGNMENT (( #11616 ) ) ;
#10001 = EDGE_CURVE ( 'NONE', #6944, #7658, #2022, .T. ) ;
#10002 = ORIENTED_EDGE ( 'NONE', *, *, #2209, .T. ) ;
#10003 = DIRECTION ( 'NONE',  ( 0.000000000000000000, 0.000000000000000000, 1.000000000000000000 ) ) ;
#10004 = PRESENTATION_STYLE_ASSIGNMENT (( #6880 ) ) ;
#10005 = CARTESIAN_POINT ( 'NONE',  ( 2.250000000000000000, 0.2699999999999994071, 1.750000000000001110 ) ) ;
#10006 = CARTESIAN_POINT ( 'NONE',  ( 0.2500000000000002220, 0.2699999999999994071, -2.749999999999999112 ) ) ;
#10007 = DIRECTION ( 'NONE',  ( 0.000000000000000000, 0.000000000000000000, 1.000000000000000000 ) ) ;
#10008 = SPHERICAL_SURFACE ( 'NONE', #11420, 0.1499999999999998557 ) ;
#10009 = ORIENTED_EDGE ( 'NONE', *, *, #8513, .T. ) ;
#10010 = DIRECTION ( 'NONE',  ( 1.000000000000000000, 0.000000000000000000, -0.000000000000000000 ) ) ;
#10011 = DIRECTION ( 'NONE',  ( 0.000000000000000000, 0.000000000000000000, 1.000000000000000000 ) ) ;
#10012 = CARTESIAN_POINT ( 'NONE',  ( -1.249999999999999778, 0.1499999999999999944, -2.749999999999999556 ) ) ;
#10013 = CARTESIAN_POINT ( 'NONE',  ( -2.250000000000000000, 0.2699999999999994071, -2.159999999999999254 ) ) ;
#10014 = VERTEX_POINT ( 'NONE', #1839 ) ;
#10015 = CARTESIAN_POINT ( 'NONE',  ( 3.250000000000000888, 0.1499999999999999944, -3.249999999999999556 ) ) ;
#10016 = CARTESIAN_POINT ( 'NONE',  ( -3.250000000000000000, 0.2699999999999994071, 2.840000000000000746 ) ) ;
#10017 = EDGE_LOOP ( 'NONE', ( #7160, #139, #11804 ) ) ;
#10018 = MANIFOLD_SOLID_BREP ( 'LPattern1[16]', #6700 ) ;
#10019 = DIRECTION ( 'NONE',  ( -0.000000000000000000, 1.000000000000000000, -0.000000000000000000 ) ) ;
#10020 = ORIENTED_EDGE ( 'NONE', *, *, #4469, .T. ) ;
#10021 = AXIS2_PLACEMENT_3D ( 'NONE', #10321, #3324, #7233 ) ;
#10022 = PLANE ( 'NONE',  #9571 ) ;
#10023 = ORIENTED_EDGE ( 'NONE', *, *, #7724, .T. ) ;
#10024 = EDGE_CURVE ( 'NONE', #2495, #9558, #6551, .T. ) ;
#10025 = DIRECTION ( 'NONE',  ( 0.000000000000000000, 0.000000000000000000, 1.000000000000000000 ) ) ;
#10026 = CIRCLE ( 'NONE', #711, 0.08999999999999980238 ) ;
#10027 = ORIENTED_EDGE ( 'NONE', *, *, #5073, .T. ) ;
#10028 =( GEOMETRIC_REPRESENTATION_CONTEXT ( 3 ) GLOBAL_UNCERTAINTY_ASSIGNED_CONTEXT ( ( #2912 ) ) GLOBAL_UNIT_ASSIGNED_CONTEXT ( ( #5046, #6036, #8038 ) ) REPRESENTATION_CONTEXT ( 'NONE', 'WORKASPACE' ) );
#10029 = STYLED_ITEM ( 'NONE', ( #8390 ), #8895 ) ;
#10030 = CARTESIAN_POINT ( 'NONE',  ( -3.250000000000000000, 0.2699999999999994071, 2.340000000000000746 ) ) ;
#10031 = ADVANCED_FACE ( 'NONE', ( #10510 ), #11764, .T. ) ;
#10032 =( LENGTH_UNIT ( ) NAMED_UNIT ( * ) SI_UNIT ( .MILLI., .METRE. ) );
#10033 = AXIS2_PLACEMENT_3D ( 'NONE', #607, #3405, #9482 ) ;
#10034 = DIRECTION ( 'NONE',  ( -1.000000000000000000, 0.000000000000000000, 0.000000000000000000 ) ) ;
#10035 = ORIENTED_EDGE ( 'NONE', *, *, #6712, .F. ) ;
#10036 =( LENGTH_UNIT ( ) NAMED_UNIT ( * ) SI_UNIT ( .MILLI., .METRE. ) );
#10037 = ADVANCED_FACE ( 'NONE', ( #6356 ), #10573, .T. ) ;
#10038 =( LENGTH_UNIT ( ) NAMED_UNIT ( * ) SI_UNIT ( .MILLI., .METRE. ) );
#10039 =( GEOMETRIC_REPRESENTATION_CONTEXT ( 3 ) GLOBAL_UNCERTAINTY_ASSIGNED_CONTEXT ( ( #9973 ) ) GLOBAL_UNIT_ASSIGNED_CONTEXT ( ( #5162, #1906, #3974 ) ) REPRESENTATION_CONTEXT ( 'NONE', 'WORKASPACE' ) );
#10040 = ADVANCED_FACE ( 'NONE', ( #2286 ), #10863, .T. ) ;
#10041 = CARTESIAN_POINT ( 'NONE',  ( -2.750000000000000000, 0.1499999999999999944, 2.750000000000000888 ) ) ;
#10042 = ORIENTED_EDGE ( 'NONE', *, *, #12397, .T. ) ;
#10043 = CARTESIAN_POINT ( 'NONE',  ( 2.250000000000000000, 0.2699999999999994071, -2.249999999999999112 ) ) ;
#10044 = ORIENTED_EDGE ( 'NONE', *, *, #4187, .T. ) ;
#10045 = DIRECTION ( 'NONE',  ( -0.000000000000000000, 1.000000000000000000, 0.000000000000000000 ) ) ;
#10046 = FACE_OUTER_BOUND ( 'NONE', #1296, .T. ) ;
#10047 =( NAMED_UNIT ( * ) PLANE_ANGLE_UNIT ( ) SI_UNIT ( $, .RADIAN. ) );
#10048 = CLOSED_SHELL ( 'NONE', ( #11562, #1325, #11271 ) ) ;
#10049 = SPHERICAL_SURFACE ( 'NONE', #6782, 0.1499999999999998557 ) ;
#10050 = MANIFOLD_SOLID_BREP ( 'LPattern1[132]', #1078 ) ;
#10051 = ADVANCED_FACE ( 'NONE', ( #11133 ), #736, .T. ) ;
#10052 = VERTEX_POINT ( 'NONE', #12772 ) ;
#10053 = CARTESIAN_POINT ( 'NONE',  ( 1.250000000000000666, 0.1499999999999999944, 2.250000000000000444 ) ) ;
#10054 = DIRECTION ( 'NONE',  ( 1.000000000000000000, 0.000000000000000000, 1.224646799147353207E-16 ) ) ;
#10055 = AXIS2_PLACEMENT_3D ( 'NONE', #8518, #5524, #7538 ) ;
#10056 = CARTESIAN_POINT ( 'NONE',  ( 1.250000000000000666, 1.355252715606880543E-16, 0.2500000000000006661 ) ) ;
#10057 = EDGE_LOOP ( 'NONE', ( #6000, #1730, #1888 ) ) ;
#10058 = ORIENTED_EDGE ( 'NONE', *, *, #1980, .F. ) ;
#10059 = CARTESIAN_POINT ( 'NONE',  ( 2.250000000000000000, 0.1499999999999999944, -2.749999999999999556 ) ) ;
#10060 = CLOSED_SHELL ( 'NONE', ( #10890, #9435, #3746 ) ) ;
#10061 = CARTESIAN_POINT ( 'NONE',  ( -2.750000000000000000, 0.1499999999999999944, -1.249999999999999334 ) ) ;
#10062 = CIRCLE ( 'NONE', #4450, 0.08999999999999980238 ) ;
#10063 = DIRECTION ( 'NONE',  ( -1.000000000000000000, 0.000000000000000000, 0.000000000000000000 ) ) ;
#10064 = DIRECTION ( 'NONE',  ( 1.000000000000000000, 0.000000000000000000, 1.224646799147353207E-16 ) ) ;
#10065 = PLANE ( 'NONE',  #11069 ) ;
#10066 = DIRECTION ( 'NONE',  ( 1.000000000000000000, 0.000000000000000000, 1.224646799147353207E-16 ) ) ;
#10067 = ORIENTED_EDGE ( 'NONE', *, *, #11649, .T. ) ;
#10068 = DIRECTION ( 'NONE',  ( 0.000000000000000000, 0.000000000000000000, 1.000000000000000000 ) ) ;
#10069 = CIRCLE ( 'NONE', #6943, 0.1499999999999999667 ) ;
#10070 = MECHANICAL_DESIGN_GEOMETRIC_PRESENTATION_REPRESENTATION (  '', ( #292 ), #3759 ) ;
#10071 = DIRECTION ( 'NONE',  ( 0.000000000000000000, 0.000000000000000000, 1.000000000000000000 ) ) ;
#10072 = CIRCLE ( 'NONE', #1493, 0.1499999999999999667 ) ;
#10073 = ORIENTED_EDGE ( 'NONE', *, *, #1057, .T. ) ;
#10074 =( LENGTH_UNIT ( ) NAMED_UNIT ( * ) SI_UNIT ( .MILLI., .METRE. ) );
#10075 = ADVANCED_FACE ( 'NONE', ( #11218 ), #2689, .T. ) ;
#10076 = SPHERICAL_SURFACE ( 'NONE', #1199, 0.1499999999999998557 ) ;
#10077 = ORIENTED_EDGE ( 'NONE', *, *, #12738, .F. ) ;
#10078 = PRESENTATION_LAYER_ASSIGNMENT (  '', '', ( #8511 ) ) ;
#10079 = ADVANCED_FACE ( 'NONE', ( #11015 ), #2053, .F. ) ;
#10080 = EDGE_CURVE ( 'NONE', #7342, #9758, #11038, .T. ) ;
#10081 = ORIENTED_EDGE ( 'NONE', *, *, #2446, .T. ) ;
#10082 = AXIS2_PLACEMENT_3D ( 'NONE', #288, #3442, #7441 ) ;
#10083 = CARTESIAN_POINT ( 'NONE',  ( 2.750000000000000444, 0.2699999999999994071, -3.339999999999999414 ) ) ;
#10084 = EDGE_LOOP ( 'NONE', ( #11872, #11315, #11731 ) ) ;
#10085 = PRESENTATION_STYLE_ASSIGNMENT (( #10984 ) ) ;
#10086 = AXIS2_PLACEMENT_3D ( 'NONE', #2962, #8717, #10642 ) ;
#10087 = EDGE_LOOP ( 'NONE', ( #5074, #5419 ) ) ;
#10088 = AXIS2_PLACEMENT_3D ( 'NONE', #10059, #11382, #425 ) ;
#10089 = CARTESIAN_POINT ( 'NONE',  ( 3.250000000000000888, 0.2699999999999994071, 2.750000000000001332 ) ) ;
#10090 = CARTESIAN_POINT ( 'NONE',  ( 1.250000000000000666, 0.2699999999999994071, -1.249999999999998890 ) ) ;
#10091 = CIRCLE ( 'NONE', #6434, 0.08999999999999980238 ) ;
#10092 = VERTEX_POINT ( 'NONE', #7044 ) ;
#10093 =( LENGTH_UNIT ( ) NAMED_UNIT ( * ) SI_UNIT ( .MILLI., .METRE. ) );
#10094 = AXIS2_PLACEMENT_3D ( 'NONE', #10012, #12806, #11001 ) ;
#10095 = CARTESIAN_POINT ( 'NONE',  ( 3.250000000000000888, 0.1499999999999999944, -2.749999999999999556 ) ) ;
#10096 = FILL_AREA_STYLE_COLOUR ( '', #5316 ) ;
#10097 =( LENGTH_UNIT ( ) NAMED_UNIT ( * ) SI_UNIT ( .MILLI., .METRE. ) );
#10098 = CARTESIAN_POINT ( 'NONE',  ( -2.750000000000000000, 0.2699999999999994071, 2.750000000000001332 ) ) ;
#10099 = CARTESIAN_POINT ( 'NONE',  ( 0.2500000000000002220, 1.355252715606880543E-16, 2.250000000000000444 ) ) ;
#10100 = ORIENTED_EDGE ( 'NONE', *, *, #3227, .F. ) ;
#10101 = DIRECTION ( 'NONE',  ( 0.000000000000000000, 0.000000000000000000, 1.000000000000000000 ) ) ;
#10102 = DIRECTION ( 'NONE',  ( 0.000000000000000000, 0.000000000000000000, 1.000000000000000000 ) ) ;
#10103 = ORIENTED_EDGE ( 'NONE', *, *, #12105, .T. ) ;
#10104 = ORIENTED_EDGE ( 'NONE', *, *, #4164, .T. ) ;
#10105 = SURFACE_STYLE_FILL_AREA ( #3743 ) ;
#10106 = AXIS2_PLACEMENT_3D ( 'NONE', #4938, #1216, #2193 ) ;
#10107 = CARTESIAN_POINT ( 'NONE',  ( 0.2500000000000002220, 0.2699999999999994071, -3.249999999999999112 ) ) ;
#10108 = ORIENTED_EDGE ( 'NONE', *, *, #7533, .F. ) ;
#10109 = COLOUR_RGB ( '',0.7921568627450980005, 0.8196078431372548767, 0.9333333333333333481 ) ;
#10110 = AXIS2_PLACEMENT_3D ( 'NONE', #3892, #6653, #8902 ) ;
#10111 = DIRECTION ( 'NONE',  ( 1.000000000000000000, 0.000000000000000000, -0.000000000000000000 ) ) ;
#10112 = FACE_OUTER_BOUND ( 'NONE', #3386, .T. ) ;
#10113 = ORIENTED_EDGE ( 'NONE', *, *, #11050, .T. ) ;
#10114 = EDGE_CURVE ( 'NONE', #2354, #9977, #11196, .T. ) ;
#10115 = DIRECTION ( 'NONE',  ( 1.000000000000000000, 0.000000000000000000, 1.224646799147353207E-16 ) ) ;
#10116 = EDGE_CURVE ( 'NONE', #6828, #11492, #11152, .T. ) ;
#10117 = DIRECTION ( 'NONE',  ( -1.000000000000000000, 0.000000000000000000, 0.000000000000000000 ) ) ;
#10118 = FACE_OUTER_BOUND ( 'NONE', #7534, .T. ) ;
#10119 = UNCERTAINTY_MEASURE_WITH_UNIT (LENGTH_MEASURE( 1.000000000000000082E-05 ), #10036, 'distance_accuracy_value', 'NONE');
#10120 = CARTESIAN_POINT ( 'NONE',  ( 1.250000000000000666, 0.2699999999999994071, -3.339999999999999414 ) ) ;
#10121 = EDGE_LOOP ( 'NONE', ( #2220, #7427 ) ) ;
#10122 = PLANE ( 'NONE',  #9542 ) ;
#10123 = EDGE_CURVE ( 'NONE', #8388, #10092, #10920, .T. ) ;
#10124 = FILL_AREA_STYLE ('',( #11106 ) ) ;
#10125 = CLOSED_SHELL ( 'NONE', ( #12012, #3610, #3274 ) ) ;
#10126 = EDGE_LOOP ( 'NONE', ( #2019, #10549, #2751, #10624 ) ) ;
#10127 = DIRECTION ( 'NONE',  ( -0.000000000000000000, 1.000000000000000000, -0.000000000000000000 ) ) ;
#10128 = LINE ( 'NONE', #11407, #5502 ) ;
#10129 = SURFACE_SIDE_STYLE ('',( #1442 ) ) ;
#10130 = CARTESIAN_POINT ( 'NONE',  ( 3.250000000000000888, 0.2699999999999994071, -3.249999999999999112 ) ) ;
#10131 = EDGE_LOOP ( 'NONE', ( #12076, #4607, #5843 ) ) ;
#10132 = CIRCLE ( 'NONE', #2730, 0.1499999999999999667 ) ;
#10133 = CIRCLE ( 'NONE', #8655, 0.08999999999999980238 ) ;
#10134 = AXIS2_PLACEMENT_3D ( 'NONE', #6310, #432, #4294 ) ;
#10135 = UNCERTAINTY_MEASURE_WITH_UNIT (LENGTH_MEASURE( 1.000000000000000082E-05 ), #9031, 'distance_accuracy_value', 'NONE');
#10136 = UNCERTAINTY_MEASURE_WITH_UNIT (LENGTH_MEASURE( 1.000000000000000082E-05 ), #12779, 'distance_accuracy_value', 'NONE');
#10137 = ORIENTED_EDGE ( 'NONE', *, *, #1172, .T. ) ;
#10138 = CARTESIAN_POINT ( 'NONE',  ( 2.250000000000000000, 1.355252715606880543E-16, -3.249999999999999556 ) ) ;
#10139 = CARTESIAN_POINT ( 'NONE',  ( -0.2499999999999997780, 0.1499999999999999944, -1.249999999999999334 ) ) ;
#10140 = ADVANCED_FACE ( 'NONE', ( #6925 ), #6899, .T. ) ;
#10141 =( LENGTH_UNIT ( ) NAMED_UNIT ( * ) SI_UNIT ( .MILLI., .METRE. ) );
#10142 = ORIENTED_EDGE ( 'NONE', *, *, #7449, .T. ) ;
#10143 = AXIS2_PLACEMENT_3D ( 'NONE', #6499, #12653, #5682 ) ;
#10144 = MANIFOLD_SOLID_BREP ( 'LPattern1[171]', #8573 ) ;
#10145 = EDGE_CURVE ( 'NONE', #8122, #9505, #6663, .T. ) ;
#10146 = ADVANCED_FACE ( 'NONE', ( #6753 ), #7015, .T. ) ;
#10147 = VERTEX_POINT ( 'NONE', #7315 ) ;
#10148 = EDGE_LOOP ( 'NONE', ( #381, #9970 ) ) ;
#10149 = DIRECTION ( 'NONE',  ( 0.000000000000000000, 0.000000000000000000, 1.000000000000000000 ) ) ;
#10150 = CARTESIAN_POINT ( 'NONE',  ( -3.250000000000000000, 0.1499999999999999944, 0.7500000000000006661 ) ) ;
#10151 = CIRCLE ( 'NONE', #2594, 0.08999999999999980238 ) ;
#10152 = AXIS2_PLACEMENT_3D ( 'NONE', #2713, #4730, #7750 ) ;
#10153 = SURFACE_STYLE_USAGE ( .BOTH. , #7047 ) ;
#10154 = CARTESIAN_POINT ( 'NONE',  ( 2.750000000000000444, 0.1499999999999999944, 0.2500000000000006661 ) ) ;
#10155 = EDGE_LOOP ( 'NONE', ( #10042, #1310 ) ) ;
#10156 = PRESENTATION_STYLE_ASSIGNMENT (( #1307 ) ) ;
#10157 = ADVANCED_FACE ( 'NONE', ( #11261 ), #4467, .T. ) ;
#10158 = FACE_OUTER_BOUND ( 'NONE', #11191, .T. ) ;
#10159 = PRESENTATION_LAYER_ASSIGNMENT (  '', '', ( #7818 ) ) ;
#10160 = ORIENTED_EDGE ( 'NONE', *, *, #12814, .T. ) ;
#10161 = CARTESIAN_POINT ( 'NONE',  ( -4.312500000000001776, 0.4199999999999999289, -5.062499999999999112 ) ) ;
#10162 = CARTESIAN_POINT ( 'NONE',  ( -2.750000000000000000, 0.1499999999999999944, -0.2499999999999993616 ) ) ;
#10163 = VERTEX_POINT ( 'NONE', #12395 ) ;
#10164 = EDGE_CURVE ( 'NONE', #2363, #4684, #11306, .T. ) ;
#10165 = AXIS2_PLACEMENT_3D ( 'NONE', #10162, #12317, #7413 ) ;
#10166 = VERTEX_POINT ( 'NONE', #5578 ) ;
#10167 = AXIS2_PLACEMENT_3D ( 'NONE', #10006, #1185, #9073 ) ;
#10168 = DIRECTION ( 'NONE',  ( -0.000000000000000000, 1.000000000000000000, -0.000000000000000000 ) ) ;
#10169 = ORIENTED_EDGE ( 'NONE', *, *, #2552, .T. ) ;
#10170 = STYLED_ITEM ( 'NONE', ( #11838 ), #1133 ) ;
#10171 = FACE_OUTER_BOUND ( 'NONE', #9198, .T. ) ;
#10172 = ADVANCED_FACE ( 'NONE', ( #2647 ), #6739, .T. ) ;
#10173 = ORIENTED_EDGE ( 'NONE', *, *, #12145, .F. ) ;
#10174 =( NAMED_UNIT ( * ) PLANE_ANGLE_UNIT ( ) SI_UNIT ( $, .RADIAN. ) );
#10175 = PRESENTATION_STYLE_ASSIGNMENT (( #10303 ) ) ;
#10176 = AXIS2_PLACEMENT_3D ( 'NONE', #6420, #1366, #5595 ) ;
#10177 = DIRECTION ( 'NONE',  ( 0.000000000000000000, 0.000000000000000000, 1.000000000000000000 ) ) ;
#10178 = SURFACE_STYLE_USAGE ( .BOTH. , #8252 ) ;
#10179 = EDGE_LOOP ( 'NONE', ( #1395, #4589 ) ) ;
#10180 = CARTESIAN_POINT ( 'NONE',  ( 0.2500000000000002220, 0.2699999999999994071, -1.339999999999999192 ) ) ;
#10181 = AXIS2_PLACEMENT_3D ( 'NONE', #10482, #1514, #2478 ) ;
#10182 = FILL_AREA_STYLE_COLOUR ( '', #4286 ) ;
#10183 =( LENGTH_UNIT ( ) NAMED_UNIT ( * ) SI_UNIT ( .MILLI., .METRE. ) );
#10184 = DIRECTION ( 'NONE',  ( 1.000000000000000000, 0.000000000000000000, -0.000000000000000000 ) ) ;
#10185 = VERTEX_POINT ( 'NONE', #8481 ) ;
#10186 = ADVANCED_FACE ( 'NONE', ( #6798 ), #6640, .T. ) ;
#10187 = DIRECTION ( 'NONE',  ( 0.000000000000000000, 0.000000000000000000, 1.000000000000000000 ) ) ;
#10188 = DIRECTION ( 'NONE',  ( 1.000000000000000000, 0.000000000000000000, -0.000000000000000000 ) ) ;
#10189 = ORIENTED_EDGE ( 'NONE', *, *, #2562, .T. ) ;
#10190 = VERTEX_POINT ( 'NONE', #692 ) ;
#10191 = AXIS2_PLACEMENT_3D ( 'NONE', #9548, #11548, #6548 ) ;
#10192 = FACE_OUTER_BOUND ( 'NONE', #11721, .T. ) ;
#10193 = EDGE_CURVE ( 'NONE', #115, #7212, #10971, .T. ) ;
#10194 = FILL_AREA_STYLE ('',( #4566 ) ) ;
#10195 = ORIENTED_EDGE ( 'NONE', *, *, #12098, .F. ) ;
#10196 = CIRCLE ( 'NONE', #10245, 0.1499999999999999667 ) ;
#10197 = DIRECTION ( 'NONE',  ( 1.000000000000000000, 0.000000000000000000, -0.000000000000000000 ) ) ;
#10198 = ORIENTED_EDGE ( 'NONE', *, *, #6355, .F. ) ;
#10199 = MECHANICAL_DESIGN_GEOMETRIC_PRESENTATION_REPRESENTATION (  '', ( #6144 ), #12355 ) ;
#10200 = DIRECTION ( 'NONE',  ( 1.000000000000000000, 0.000000000000000000, 1.224646799147353207E-16 ) ) ;
#10201 = DIRECTION ( 'NONE',  ( 0.000000000000000000, 0.000000000000000000, 1.000000000000000000 ) ) ;
#10202 = LINE ( 'NONE', #6930, #9852 ) ;
#10203 = CARTESIAN_POINT ( 'NONE',  ( -2.750000000000000000, 0.1499999999999999944, -2.249999999999999556 ) ) ;
#10204 = CARTESIAN_POINT ( 'NONE',  ( -2.250000000000000000, 0.2699999999999994071, -1.749999999999998890 ) ) ;
#10205 = DIRECTION ( 'NONE',  ( -0.000000000000000000, 1.000000000000000000, -0.000000000000000000 ) ) ;
#10206 = ORIENTED_EDGE ( 'NONE', *, *, #3234, .T. ) ;
#10207 = DIRECTION ( 'NONE',  ( 0.000000000000000000, 0.000000000000000000, 1.000000000000000000 ) ) ;
#10208 = EDGE_LOOP ( 'NONE', ( #830, #7327 ) ) ;
#10209 = DIRECTION ( 'NONE',  ( -1.000000000000000000, 0.000000000000000000, -0.000000000000000000 ) ) ;
#10210 = EDGE_CURVE ( 'NONE', #1792, #1896, #2461, .T. ) ;
#10211 = SURFACE_STYLE_FILL_AREA ( #3774 ) ;
#10212 = FILL_AREA_STYLE_COLOUR ( '', #1273 ) ;
#10213 = CIRCLE ( 'NONE', #5280, 0.08999999999999980238 ) ;
#10214 = CARTESIAN_POINT ( 'NONE',  ( -2.750000000000000000, 0.2699999999999994071, 0.3400000000000010236 ) ) ;
#10215 = AXIS2_PLACEMENT_3D ( 'NONE', #5349, #10352, #10434 ) ;
#10216 = ORIENTED_EDGE ( 'NONE', *, *, #7800, .T. ) ;
#10217 = FACE_OUTER_BOUND ( 'NONE', #563, .T. ) ;
#10218 = EDGE_LOOP ( 'NONE', ( #2637, #1520, #1381 ) ) ;
#10219 = DIRECTION ( 'NONE',  ( 0.000000000000000000, 0.000000000000000000, 1.000000000000000000 ) ) ;
#10220 =( NAMED_UNIT ( * ) SI_UNIT ( $, .STERADIAN. ) SOLID_ANGLE_UNIT ( ) );
#10221 = VECTOR ( 'NONE', #12839, 1000.000000000000000 ) ;
#10222 = EDGE_CURVE ( 'NONE', #9686, #8388, #6682, .T. ) ;
#10223 = AXIS2_PLACEMENT_3D ( 'NONE', #3931, #12497, #4581 ) ;
#10224 = DIRECTION ( 'NONE',  ( 0.000000000000000000, 0.000000000000000000, 1.000000000000000000 ) ) ;
#10225 = ORIENTED_EDGE ( 'NONE', *, *, #3721, .T. ) ;
#10226 = FILL_AREA_STYLE ('',( #11122 ) ) ;
#10227 = EDGE_LOOP ( 'NONE', ( #6602, #3533, #10058 ) ) ;
#10228 = CARTESIAN_POINT ( 'NONE',  ( -1.749999999999999778, 0.2699999999999994071, 2.750000000000001332 ) ) ;
#10229 = CIRCLE ( 'NONE', #11931, 0.1499999999999999667 ) ;
#10230 =( NAMED_UNIT ( * ) PLANE_ANGLE_UNIT ( ) SI_UNIT ( $, .RADIAN. ) );
#10231 = SURFACE_STYLE_FILL_AREA ( #120 ) ;
#10232 = DIRECTION ( 'NONE',  ( 0.000000000000000000, 0.000000000000000000, 1.000000000000000000 ) ) ;
#10233 = DIRECTION ( 'NONE',  ( -0.000000000000000000, 1.000000000000000000, -0.000000000000000000 ) ) ;
#10234 = ORIENTED_EDGE ( 'NONE', *, *, #6315, .F. ) ;
#10235 = DIRECTION ( 'NONE',  ( 0.000000000000000000, 0.000000000000000000, -1.000000000000000000 ) ) ;
#10236 = FACE_OUTER_BOUND ( 'NONE', #2269, .T. ) ;
#10237 =( GEOMETRIC_REPRESENTATION_CONTEXT ( 3 ) GLOBAL_UNCERTAINTY_ASSIGNED_CONTEXT ( ( #252 ) ) GLOBAL_UNIT_ASSIGNED_CONTEXT ( ( #9378, #10373, #1488 ) ) REPRESENTATION_CONTEXT ( 'NONE', 'WORKASPACE' ) );
#10238 = DIRECTION ( 'NONE',  ( 0.000000000000000000, 0.000000000000000000, 1.000000000000000000 ) ) ;
#10239 = DIRECTION ( 'NONE',  ( 0.000000000000000000, 0.000000000000000000, 1.000000000000000000 ) ) ;
#10240 = ORIENTED_EDGE ( 'NONE', *, *, #3721, .F. ) ;
#10241 = MANIFOLD_SOLID_BREP ( 'LPattern1[35]', #7606 ) ;
#10242 = EDGE_CURVE ( 'NONE', #3162, #1665, #10990, .T. ) ;
#10243 = ADVANCED_FACE ( 'NONE', ( #11173 ), #2557, .T. ) ;
#10244 =( LENGTH_UNIT ( ) NAMED_UNIT ( * ) SI_UNIT ( .MILLI., .METRE. ) );
#10245 = AXIS2_PLACEMENT_3D ( 'NONE', #4257, #6449, #6532 ) ;
#10246 = ADVANCED_FACE ( 'NONE', ( #6343 ), #6453, .T. ) ;
#10247 = ADVANCED_FACE ( 'NONE', ( #10803 ), #10566, .T. ) ;
#10248 = EDGE_LOOP ( 'NONE', ( #650, #4829, #461 ) ) ;
#10249 = EDGE_CURVE ( 'NONE', #4444, #6527, #6433, .T. ) ;
#10250 = VERTEX_POINT ( 'NONE', #9834 ) ;
#10251 = PRODUCT_RELATED_PRODUCT_CATEGORY ( 'part', '', ( #320 ) ) ;
#10252 = STYLED_ITEM ( 'NONE', ( #10085 ), #9914 ) ;
#10253 =( LENGTH_UNIT ( ) NAMED_UNIT ( * ) SI_UNIT ( .MILLI., .METRE. ) );
#10254 = ORIENTED_EDGE ( 'NONE', *, *, #2465, .F. ) ;
#10255 = DIRECTION ( 'NONE',  ( 0.000000000000000000, 0.000000000000000000, -1.000000000000000000 ) ) ;
#10256 = SPHERICAL_SURFACE ( 'NONE', #7256, 0.1499999999999998557 ) ;
#10257 = ADVANCED_FACE ( 'NONE', ( #10677 ), #2319, .T. ) ;
#10258 = ADVANCED_FACE ( 'NONE', ( #6492 ), #10781, .T. ) ;
#10259 = DIRECTION ( 'NONE',  ( -0.000000000000000000, 1.000000000000000000, -0.000000000000000000 ) ) ;
#10260 = PLANE ( 'NONE',  #6683 ) ;
#10261 = ORIENTED_EDGE ( 'NONE', *, *, #7628, .F. ) ;
#10262 =( LENGTH_UNIT ( ) NAMED_UNIT ( * ) SI_UNIT ( .MILLI., .METRE. ) );
#10263 =( NAMED_UNIT ( * ) PLANE_ANGLE_UNIT ( ) SI_UNIT ( $, .RADIAN. ) );
#10264 = CIRCLE ( 'NONE', #6907, 0.08999999999999980238 ) ;
#10265 = DIRECTION ( 'NONE',  ( -1.000000000000000000, 0.000000000000000000, 0.000000000000000000 ) ) ;
#10266 = AXIS2_PLACEMENT_3D ( 'NONE', #12505, #9428, #640 ) ;
#10267 = AXIS2_PLACEMENT_3D ( 'NONE', #12437, #576, #1558 ) ;
#10268 = MECHANICAL_DESIGN_GEOMETRIC_PRESENTATION_REPRESENTATION (  '', ( #4488 ), #10421 ) ;
#10269 = ORIENTED_EDGE ( 'NONE', *, *, #11350, .T. ) ;
#10270 = MECHANICAL_DESIGN_GEOMETRIC_PRESENTATION_REPRESENTATION (  '', ( #509 ), #8709 ) ;
#10271 = ORIENTED_EDGE ( 'NONE', *, *, #11580, .F. ) ;
#10272 = EDGE_CURVE ( 'NONE', #8143, #9280, #10721, .T. ) ;
#10273 = EDGE_CURVE ( 'NONE', #5783, #8052, #10842, .T. ) ;
#10274 = DIRECTION ( 'NONE',  ( 0.000000000000000000, 0.000000000000000000, 1.000000000000000000 ) ) ;
#10275 = UNCERTAINTY_MEASURE_WITH_UNIT (LENGTH_MEASURE( 1.000000000000000082E-05 ), #6632, 'distance_accuracy_value', 'NONE');
#10276 = ADVANCED_FACE ( 'NONE', ( #10743 ), #2076, .T. ) ;
#10277 = UNCERTAINTY_MEASURE_WITH_UNIT (LENGTH_MEASURE( 1.000000000000000082E-05 ), #10244, 'distance_accuracy_value', 'NONE');
#10278 = VERTEX_POINT ( 'NONE', #6085 ) ;
#10279 = FACE_OUTER_BOUND ( 'NONE', #2265, .T. ) ;
#10280 = DIRECTION ( 'NONE',  ( -0.000000000000000000, 1.000000000000000000, -0.000000000000000000 ) ) ;
#10281 = EDGE_LOOP ( 'NONE', ( #718, #4604 ) ) ;
#10282 = FILL_AREA_STYLE ('',( #4606 ) ) ;
#10283 = CARTESIAN_POINT ( 'NONE',  ( 1.750000000000000222, 0.1499999999999999944, 2.750000000000000888 ) ) ;
#10284 = FILL_AREA_STYLE_COLOUR ( '', #3932 ) ;
#10285 = ADVANCED_FACE ( 'NONE', ( #10659 ), #2211, .T. ) ;
#10286 = CARTESIAN_POINT ( 'NONE',  ( -1.249999999999999778, 0.2699999999999994071, -2.749999999999999112 ) ) ;
#10287 = STYLED_ITEM ( 'NONE', ( #11109 ), #10691 ) ;
#10288 = CARTESIAN_POINT ( 'NONE',  ( -2.250000000000000000, 0.1499999999999999944, 2.250000000000000444 ) ) ;
#10289 = ORIENTED_EDGE ( 'NONE', *, *, #9119, .T. ) ;
#10290 = FILL_AREA_STYLE ('',( #5199 ) ) ;
#10291 = CLOSED_SHELL ( 'NONE', ( #419, #12599, #12028 ) ) ;
#10292 = CARTESIAN_POINT ( 'NONE',  ( -2.250000000000000000, 0.1499999999999999944, 3.250000000000001332 ) ) ;
#10293 = SPHERICAL_SURFACE ( 'NONE', #12278, 0.1499999999999998557 ) ;
#10294 = DIRECTION ( 'NONE',  ( 0.000000000000000000, 0.000000000000000000, -1.000000000000000000 ) ) ;
#10295 = DIRECTION ( 'NONE',  ( 0.000000000000000000, 0.000000000000000000, 1.000000000000000000 ) ) ;
#10296 = ORIENTED_EDGE ( 'NONE', *, *, #11532, .F. ) ;
#10297 = CIRCLE ( 'NONE', #11174, 0.08999999999999980238 ) ;
#10298 = CLOSED_SHELL ( 'NONE', ( #4645, #5351, #7225 ) ) ;
#10299 = EDGE_CURVE ( 'NONE', #2900, #4757, #10761, .T. ) ;
#10300 = SURFACE_SIDE_STYLE ('',( #2392 ) ) ;
#10301 = CARTESIAN_POINT ( 'NONE',  ( 1.250000000000000666, 0.1499999999999999944, 0.2500000000000006661 ) ) ;
#10302 = PRESENTATION_LAYER_ASSIGNMENT (  '', '', ( #545 ) ) ;
#10303 = SURFACE_STYLE_USAGE ( .BOTH. , #3476 ) ;
#10304 = ORIENTED_EDGE ( 'NONE', *, *, #485, .F. ) ;
#10305 = CARTESIAN_POINT ( 'NONE',  ( 1.250000000000000666, 0.2699999999999994071, -1.159999999999999032 ) ) ;
#10306 = EDGE_LOOP ( 'NONE', ( #5483, #8687, #4965, #562 ) ) ;
#10307 = AXIS2_PLACEMENT_3D ( 'NONE', #12769, #4879, #4518 ) ;
#10308 = CARTESIAN_POINT ( 'NONE',  ( -2.250000000000000000, 0.2699999999999994071, 1.660000000000000808 ) ) ;
#10309 = PLANE ( 'NONE',  #6879 ) ;
#10310 = DIRECTION ( 'NONE',  ( 0.000000000000000000, 0.000000000000000000, 1.000000000000000000 ) ) ;
#10311 = SURFACE_SIDE_STYLE ('',( #11723 ) ) ;
#10312 = CARTESIAN_POINT ( 'NONE',  ( 0.000000000000000000, 0.4200000000000000400, 0.000000000000000000 ) ) ;
#10313 = EDGE_LOOP ( 'NONE', ( #5217, #11716, #9754 ) ) ;
#10314 = PLANE ( 'NONE',  #10033 ) ;
#10315 = SPHERICAL_SURFACE ( 'NONE', #1960, 0.1499999999999998557 ) ;
#10316 = CIRCLE ( 'NONE', #6945, 0.08999999999999980238 ) ;
#10317 = CARTESIAN_POINT ( 'NONE',  ( -2.750000000000000000, 0.1499999999999999944, 1.250000000000001110 ) ) ;
#10318 =( LENGTH_UNIT ( ) NAMED_UNIT ( * ) SI_UNIT ( .MILLI., .METRE. ) );
#10319 = ORIENTED_EDGE ( 'NONE', *, *, #4194, .F. ) ;
#10320 = AXIS2_PLACEMENT_3D ( 'NONE', #233, #7115, #2376 ) ;
#10321 = CARTESIAN_POINT ( 'NONE',  ( 2.750000000000000444, 0.1499999999999999944, 1.750000000000000666 ) ) ;
#10322 = PRESENTATION_LAYER_ASSIGNMENT (  '', '', ( #2252 ) ) ;
#10323 = ORIENTED_EDGE ( 'NONE', *, *, #11371, .F. ) ;
#10324 = VERTEX_POINT ( 'NONE', #6736 ) ;
#10325 = FACE_OUTER_BOUND ( 'NONE', #7318, .T. ) ;
#10326 = FILL_AREA_STYLE_COLOUR ( '', #6572 ) ;
#10327 = ORIENTED_EDGE ( 'NONE', *, *, #4036, .T. ) ;
#10328 = SURFACE_SIDE_STYLE ('',( #11178 ) ) ;
#10329 = COLOUR_RGB ( '',0.7921568627450980005, 0.8196078431372548767, 0.9333333333333333481 ) ;
#10330 =( NAMED_UNIT ( * ) SI_UNIT ( $, .STERADIAN. ) SOLID_ANGLE_UNIT ( ) );
#10331 = DIRECTION ( 'NONE',  ( 1.000000000000000000, 0.000000000000000000, 1.224646799147353207E-16 ) ) ;
#10332 = CARTESIAN_POINT ( 'NONE',  ( 0.7500000000000002220, 0.1499999999999999944, -1.249999999999999334 ) ) ;
#10333 = EDGE_LOOP ( 'NONE', ( #2457, #10073, #3134 ) ) ;
#10334 = DIRECTION ( 'NONE',  ( 0.000000000000000000, 0.000000000000000000, 1.000000000000000000 ) ) ;
#10335 = EDGE_CURVE ( 'NONE', #11055, #1577, #6515, .T. ) ;
#10336 = DIRECTION ( 'NONE',  ( -0.000000000000000000, 1.000000000000000000, -0.000000000000000000 ) ) ;
#10337 = PLANE ( 'NONE',  #9359 ) ;
#10338 = AXIS2_PLACEMENT_3D ( 'NONE', #2989, #10916, #3741 ) ;
#10339 = DIRECTION ( 'NONE',  ( 0.000000000000000000, 0.000000000000000000, 1.000000000000000000 ) ) ;
#10340 = AXIS2_PLACEMENT_3D ( 'NONE', #5965, #11707, #824 ) ;
#10341 = COLOUR_RGB ( '',0.7921568627450980005, 0.8196078431372548767, 0.9333333333333333481 ) ;
#10342 = COLOUR_RGB ( '',0.7921568627450980005, 0.8196078431372548767, 0.9333333333333333481 ) ;
#10343 = FILL_AREA_STYLE ('',( #12255 ) ) ;
#10344 = EDGE_CURVE ( 'NONE', #12861, #2939, #2060, .T. ) ;
#10345 = CARTESIAN_POINT ( 'NONE',  ( -5.745000000000001883, 1.020035713374681574, -6.000000000000000000 ) ) ;
#10346 = DIRECTION ( 'NONE',  ( 0.000000000000000000, 0.000000000000000000, 1.000000000000000000 ) ) ;
#10347 = ADVANCED_FACE ( 'NONE', ( #10909 ), #6253, .T. ) ;
#10348 = ORIENTED_EDGE ( 'NONE', *, *, #6026, .F. ) ;
#10349 = VERTEX_POINT ( 'NONE', #9736 ) ;
#10350 = AXIS2_PLACEMENT_3D ( 'NONE', #7544, #3530, #11438 ) ;
#10351 = SPHERICAL_SURFACE ( 'NONE', #4741, 0.1499999999999998557 ) ;
#10352 = DIRECTION ( 'NONE',  ( 1.000000000000000000, 0.000000000000000000, -0.000000000000000000 ) ) ;
#10353 = DIRECTION ( 'NONE',  ( 0.000000000000000000, 0.000000000000000000, 1.000000000000000000 ) ) ;
#10354 = ORIENTED_EDGE ( 'NONE', *, *, #9553, .F. ) ;
#10355 = SPHERICAL_SURFACE ( 'NONE', #8819, 0.1499999999999998557 ) ;
#10356 = ADVANCED_FACE ( 'NONE', ( #10889 ), #10825, .T. ) ;
#10357 = DIRECTION ( 'NONE',  ( -0.000000000000000000, 1.000000000000000000, 0.000000000000000000 ) ) ;
#10358 = ORIENTED_EDGE ( 'NONE', *, *, #3240, .F. ) ;
#10359 = DIRECTION ( 'NONE',  ( -1.000000000000000000, 0.000000000000000000, 0.000000000000000000 ) ) ;
#10360 = EDGE_CURVE ( 'NONE', #7658, #12527, #1947, .T. ) ;
#10361 = PRESENTATION_STYLE_ASSIGNMENT (( #6756 ) ) ;
#10362 = FILL_AREA_STYLE ('',( #2361 ) ) ;
#10363 = CARTESIAN_POINT ( 'NONE',  ( -2.750000000000000000, 1.355252715606880543E-16, -1.249999999999999334 ) ) ;
#10364 = AXIS2_PLACEMENT_3D ( 'NONE', #6034, #143, #11785 ) ;
#10365 = DIRECTION ( 'NONE',  ( 0.000000000000000000, 0.000000000000000000, 1.000000000000000000 ) ) ;
#10366 = FILL_AREA_STYLE_COLOUR ( '', #2216 ) ;
#10367 = ORIENTED_EDGE ( 'NONE', *, *, #4086, .T. ) ;
#10368 = AXIS2_PLACEMENT_3D ( 'NONE', #12504, #2417, #8509 ) ;
#10369 = MECHANICAL_DESIGN_GEOMETRIC_PRESENTATION_REPRESENTATION (  '', ( #12830 ), #7575 ) ;
#10370 = PLANE ( 'NONE',  #8888 ) ;
#10371 = EDGE_LOOP ( 'NONE', ( #11664, #9332, #7349 ) ) ;
#10372 = CARTESIAN_POINT ( 'NONE',  ( -0.2499999999999997780, 0.1499999999999999944, 3.250000000000001332 ) ) ;
#10373 =( NAMED_UNIT ( * ) PLANE_ANGLE_UNIT ( ) SI_UNIT ( $, .RADIAN. ) );
#10374 = AXIS2_PLACEMENT_3D ( 'NONE', #7387, #1408, #5466 ) ;
#10375 = ADVANCED_FACE ( 'NONE', ( #2259 ), #6556, .T. ) ;
#10376 = ORIENTED_EDGE ( 'NONE', *, *, #12041, .T. ) ;
#10377 = EDGE_CURVE ( 'NONE', #12508, #9462, #1970, .T. ) ;
#10378 =( GEOMETRIC_REPRESENTATION_CONTEXT ( 3 ) GLOBAL_UNCERTAINTY_ASSIGNED_CONTEXT ( ( #11214 ) ) GLOBAL_UNIT_ASSIGNED_CONTEXT ( ( #10262, #1451, #6424 ) ) REPRESENTATION_CONTEXT ( 'NONE', 'WORKASPACE' ) );
#10379 = ORIENTED_EDGE ( 'NONE', *, *, #5722, .F. ) ;
#10380 =( LENGTH_UNIT ( ) NAMED_UNIT ( * ) SI_UNIT ( .MILLI., .METRE. ) );
#10381 = FILL_AREA_STYLE_COLOUR ( '', #12257 ) ;
#10382 = CARTESIAN_POINT ( 'NONE',  ( -3.250000000000000000, 0.1499999999999999944, 1.750000000000000666 ) ) ;
#10383 = EDGE_LOOP ( 'NONE', ( #9731, #8909, #6362 ) ) ;
#10384 = CARTESIAN_POINT ( 'NONE',  ( -5.750000000000001776, 0.4200000000000002620, 6.500000000000000000 ) ) ;
#10385 = VERTEX_POINT ( 'NONE', #7436 ) ;
#10386 = CARTESIAN_POINT ( 'NONE',  ( -2.750000000000000000, 0.1499999999999999944, -1.249999999999999334 ) ) ;
#10387 = EDGE_CURVE ( 'NONE', #6979, #6825, #10869, .T. ) ;
#10388 = CIRCLE ( 'NONE', #3661, 0.1499999999999999667 ) ;
#10389 = DIRECTION ( 'NONE',  ( 1.000000000000000000, 0.000000000000000000, -0.000000000000000000 ) ) ;
#10390 = CIRCLE ( 'NONE', #8849, 0.08999999999999980238 ) ;
#10391 = AXIS2_PLACEMENT_3D ( 'NONE', #6471, #12622, #756 ) ;
#10392 = CARTESIAN_POINT ( 'NONE',  ( 3.250000000000000888, 0.1499999999999999944, -2.249999999999999556 ) ) ;
#10393 =( LENGTH_UNIT ( ) NAMED_UNIT ( * ) SI_UNIT ( .MILLI., .METRE. ) );
#10394 = ORIENTED_EDGE ( 'NONE', *, *, #5681, .T. ) ;
#10395 = EDGE_CURVE ( 'NONE', #8574, #4276, #10701, .T. ) ;
#10396 = CARTESIAN_POINT ( 'NONE',  ( 1.250000000000000666, 0.2699999999999994071, 3.160000000000001474 ) ) ;
#10397 = FACE_OUTER_BOUND ( 'NONE', #3181, .T. ) ;
#10398 = MANIFOLD_SOLID_BREP ( 'LPattern1[160]', #12641 ) ;
#10399 = DIRECTION ( 'NONE',  ( 0.000000000000000000, 0.000000000000000000, 1.000000000000000000 ) ) ;
#10400 = DIRECTION ( 'NONE',  ( 0.000000000000000000, 0.000000000000000000, 1.000000000000000000 ) ) ;
#10401 =( GEOMETRIC_REPRESENTATION_CONTEXT ( 3 ) GLOBAL_UNCERTAINTY_ASSIGNED_CONTEXT ( ( #2605 ) ) GLOBAL_UNIT_ASSIGNED_CONTEXT ( ( #6831, #12115, #2016 ) ) REPRESENTATION_CONTEXT ( 'NONE', 'WORKASPACE' ) );
#10402 =( LENGTH_UNIT ( ) NAMED_UNIT ( * ) SI_UNIT ( .MILLI., .METRE. ) );
#10403 = ORIENTED_EDGE ( 'NONE', *, *, #9195, .F. ) ;
#10404 = EDGE_CURVE ( 'NONE', #7012, #4542, #6275, .T. ) ;
#10405 = AXIS2_PLACEMENT_3D ( 'NONE', #5807, #5631, #11809 ) ;
#10406 = CARTESIAN_POINT ( 'NONE',  ( -0.7499999999999997780, 0.2699999999999994071, -1.249999999999998890 ) ) ;
#10407 = AXIS2_PLACEMENT_3D ( 'NONE', #6980, #1180, #10729 ) ;
#10409 = FILL_AREA_STYLE ('',( #2526 ) ) ;
#10408 = SPHERICAL_SURFACE ( 'NONE', #8007, 0.1499999999999998557 ) ;
#10410 = EDGE_CURVE ( 'NONE', #2987, #10858, #2297, .T. ) ;
#10411 = DIRECTION ( 'NONE',  ( 0.000000000000000000, 0.000000000000000000, -1.000000000000000000 ) ) ;
#10412 = VERTEX_POINT ( 'NONE', #7344 ) ;
#10413 = VERTEX_POINT ( 'NONE', #6338 ) ;
#10414 = FACE_OUTER_BOUND ( 'NONE', #4712, .T. ) ;
#10415 = SPHERICAL_SURFACE ( 'NONE', #11030, 0.1499999999999998557 ) ;
#10416 = CARTESIAN_POINT ( 'NONE',  ( -2.750000000000000000, 0.1499999999999999944, -0.7499999999999993339 ) ) ;
#10417 = ORIENTED_EDGE ( 'NONE', *, *, #8312, .F. ) ;
#10418 = CIRCLE ( 'NONE', #2295, 0.1499999999999998557 ) ;
#10419 = CARTESIAN_POINT ( 'NONE',  ( 0.7500000000000002220, 0.1499999999999999944, 1.250000000000001110 ) ) ;
#10420 = ORIENTED_EDGE ( 'NONE', *, *, #8288, .F. ) ;
#10421 =( GEOMETRIC_REPRESENTATION_CONTEXT ( 3 ) GLOBAL_UNCERTAINTY_ASSIGNED_CONTEXT ( ( #12809 ) ) GLOBAL_UNIT_ASSIGNED_CONTEXT ( ( #10093, #8172, #12089 ) ) REPRESENTATION_CONTEXT ( 'NONE', 'WORKASPACE' ) );
#10422 = DIRECTION ( 'NONE',  ( 1.000000000000000000, 0.000000000000000000, 1.224646799147353207E-16 ) ) ;
#10423 = DIRECTION ( 'NONE',  ( 0.000000000000000000, 0.000000000000000000, 1.000000000000000000 ) ) ;
#10424 = CIRCLE ( 'NONE', #1167, 0.08999999999999980238 ) ;
#10425 = CARTESIAN_POINT ( 'NONE',  ( 0.2500000000000002220, 0.1499999999999999944, -3.249999999999999556 ) ) ;
#10426 = UNCERTAINTY_MEASURE_WITH_UNIT (LENGTH_MEASURE( 1.000000000000000082E-05 ), #12577, 'distance_accuracy_value', 'NONE');
#10427 = CARTESIAN_POINT ( 'NONE',  ( 2.750000000000000444, 1.355252715606880543E-16, 1.250000000000001110 ) ) ;
#10428 = DIRECTION ( 'NONE',  ( 1.000000000000000000, 0.000000000000000000, 1.224646799147353207E-16 ) ) ;
#10429 = EDGE_CURVE ( 'NONE', #10324, #4567, #6300, .T. ) ;
#10430 = DIRECTION ( 'NONE',  ( -0.000000000000000000, 1.000000000000000000, -0.000000000000000000 ) ) ;
#10431 = VERTEX_POINT ( 'NONE', #5254 ) ;
#10432 = PLANE ( 'NONE',  #9292 ) ;
#10433 = ORIENTED_EDGE ( 'NONE', *, *, #3795, .T. ) ;
#10434 = DIRECTION ( 'NONE',  ( 0.000000000000000000, 0.000000000000000000, 1.000000000000000000 ) ) ;
#10435 = DIRECTION ( 'NONE',  ( 1.000000000000000000, 0.000000000000000000, -0.000000000000000000 ) ) ;
#10436 = CLOSED_SHELL ( 'NONE', ( #12855, #2593, #2042 ) ) ;
#10437 = SURFACE_SIDE_STYLE ('',( #10911 ) ) ;
#10438 = ORIENTED_EDGE ( 'NONE', *, *, #9519, .F. ) ;
#10439 = AXIS2_PLACEMENT_3D ( 'NONE', #887, #5603, #1851 ) ;
#10440 = DIRECTION ( 'NONE',  ( 0.000000000000000000, 0.000000000000000000, 1.000000000000000000 ) ) ;
#10441 = CARTESIAN_POINT ( 'NONE',  ( -1.249999999999999778, 1.355252715606880543E-16, 0.7500000000000006661 ) ) ;
#10442 = PRESENTATION_LAYER_ASSIGNMENT (  '', '', ( #8120 ) ) ;
#10443 = CARTESIAN_POINT ( 'NONE',  ( -2.750000000000000000, 0.2699999999999994071, -0.2499999999999989175 ) ) ;
#10444 = CIRCLE ( 'NONE', #12650, 0.08999999999999980238 ) ;
#10445 = DIRECTION ( 'NONE',  ( -0.000000000000000000, 1.000000000000000000, -0.000000000000000000 ) ) ;
#10446 = DIRECTION ( 'NONE',  ( 0.000000000000000000, 0.000000000000000000, 1.000000000000000000 ) ) ;
#10447 = EDGE_CURVE ( 'NONE', #10760, #4546, #10588, .T. ) ;
#10448 = CARTESIAN_POINT ( 'NONE',  ( 2.250000000000000000, 1.355252715606880543E-16, -1.749999999999999334 ) ) ;
#10449 = ORIENTED_EDGE ( 'NONE', *, *, #11539, .T. ) ;
#10450 = AXIS2_PLACEMENT_3D ( 'NONE', #3152, #186, #8080 ) ;
#10451 = VERTEX_POINT ( 'NONE', #7168 ) ;
#10452 = DIRECTION ( 'NONE',  ( -0.000000000000000000, 1.000000000000000000, -0.000000000000000000 ) ) ;
#10453 = AXIS2_PLACEMENT_3D ( 'NONE', #3489, #12388, #3399 ) ;
#10454 = SPHERICAL_SURFACE ( 'NONE', #12519, 0.1499999999999998557 ) ;
#10455 = FILL_AREA_STYLE_COLOUR ( '', #8113 ) ;
#10456 = DIRECTION ( 'NONE',  ( 0.000000000000000000, 0.000000000000000000, 1.000000000000000000 ) ) ;
#10457 = ORIENTED_EDGE ( 'NONE', *, *, #1225, .F. ) ;
#10458 = ORIENTED_EDGE ( 'NONE', *, *, #10377, .T. ) ;
#10459 =( LENGTH_UNIT ( ) NAMED_UNIT ( * ) SI_UNIT ( .MILLI., .METRE. ) );
#10460 = CARTESIAN_POINT ( 'NONE',  ( 3.250000000000000888, 0.2699999999999994071, 3.250000000000001776 ) ) ;
#10461 = MECHANICAL_DESIGN_GEOMETRIC_PRESENTATION_REPRESENTATION (  '', ( #4373 ), #8139 ) ;
#10462 = CIRCLE ( 'NONE', #9717, 0.1499999999999999667 ) ;
#10463 = FACE_OUTER_BOUND ( 'NONE', #8692, .T. ) ;
#10464 = PLANE ( 'NONE',  #2152 ) ;
#10465 = EDGE_LOOP ( 'NONE', ( #10717, #9680 ) ) ;
#10466 = PLANE ( 'NONE',  #3057 ) ;
#10467 = ORIENTED_EDGE ( 'NONE', *, *, #8892, .T. ) ;
#10468 = DIRECTION ( 'NONE',  ( 0.000000000000000000, 0.000000000000000000, 1.000000000000000000 ) ) ;
#10469 = MECHANICAL_DESIGN_GEOMETRIC_PRESENTATION_REPRESENTATION (  '', ( #11560 ), #3924 ) ;
#10470 = FACE_OUTER_BOUND ( 'NONE', #9667, .T. ) ;
#10471 = CARTESIAN_POINT ( 'NONE',  ( -0.2499999999999997780, 0.1499999999999999944, -2.749999999999999556 ) ) ;
#10472 = DIRECTION ( 'NONE',  ( 0.000000000000000000, 0.000000000000000000, -1.000000000000000000 ) ) ;
#10473 = ADVANCED_FACE ( 'NONE', ( #6216 ), #10517, .T. ) ;
#10474 = DIRECTION ( 'NONE',  ( 1.000000000000000000, -0.000000000000000000, 0.000000000000000000 ) ) ;
#10475 = EDGE_LOOP ( 'NONE', ( #7653, #295, #10035 ) ) ;
#10476 = CARTESIAN_POINT ( 'NONE',  ( -2.750000000000000000, 0.1499999999999999944, 1.250000000000001110 ) ) ;
#10477 = ORIENTED_EDGE ( 'NONE', *, *, #11510, .T. ) ;
#10478 = AXIS2_PLACEMENT_3D ( 'NONE', #12491, #10331, #7249 ) ;
#10479 = DIRECTION ( 'NONE',  ( 0.000000000000000000, 0.000000000000000000, 1.000000000000000000 ) ) ;
#10480 = CIRCLE ( 'NONE', #5193, 0.1499999999999999667 ) ;
#10482 = CARTESIAN_POINT ( 'NONE',  ( 2.250000000000000000, 0.1499999999999999944, -0.2499999999999993616 ) ) ;
#10481 = SPHERICAL_SURFACE ( 'NONE', #871, 0.1499999999999998557 ) ;
#10483 = MANIFOLD_SOLID_BREP ( 'LPattern1[141]', #229 ) ;
#10484 = ORIENTED_EDGE ( 'NONE', *, *, #9753, .T. ) ;
#10485 = VERTEX_POINT ( 'NONE', #195 ) ;
#10486 = EDGE_CURVE ( 'NONE', #7900, #811, #698, .T. ) ;
#10487 = CIRCLE ( 'NONE', #5369, 0.08999999999999980238 ) ;
#10488 = COLOUR_RGB ( '',0.7921568627450980005, 0.8196078431372548767, 0.9333333333333333481 ) ;
#10489 = AXIS2_PLACEMENT_3D ( 'NONE', #9655, #10747, #9930 ) ;
#10490 = ORIENTED_EDGE ( 'NONE', *, *, #7566, .F. ) ;
#10491 =( NAMED_UNIT ( * ) SI_UNIT ( $, .STERADIAN. ) SOLID_ANGLE_UNIT ( ) );
#10492 = FACE_OUTER_BOUND ( 'NONE', #10333, .T. ) ;
#10493 = DIRECTION ( 'NONE',  ( 0.000000000000000000, 0.000000000000000000, -1.000000000000000000 ) ) ;
#10494 = AXIS2_PLACEMENT_3D ( 'NONE', #10317, #8323, #5311 ) ;
#10495 = CARTESIAN_POINT ( 'NONE',  ( -2.750000000000000000, 0.2699999999999994071, 0.1600000000000007250 ) ) ;
#10496 = ORIENTED_EDGE ( 'NONE', *, *, #172, .T. ) ;
#10497 = PRESENTATION_STYLE_ASSIGNMENT (( #7530 ) ) ;
#10498 = DIRECTION ( 'NONE',  ( -0.000000000000000000, 1.000000000000000000, -0.000000000000000000 ) ) ;
#10499 = SURFACE_SIDE_STYLE ('',( #2622 ) ) ;
#10500 = AXIS2_PLACEMENT_3D ( 'NONE', #5727, #9997, #4807 ) ;
#10501 = FACE_OUTER_BOUND ( 'NONE', #8672, .T. ) ;
#10502 = FILL_AREA_STYLE ('',( #465 ) ) ;
#10503 = FILL_AREA_STYLE_COLOUR ( '', #5297 ) ;
#10504 = PRESENTATION_LAYER_ASSIGNMENT (  '', '', ( #2870 ) ) ;
#10505 = DIRECTION ( 'NONE',  ( 0.000000000000000000, 0.000000000000000000, 1.000000000000000000 ) ) ;
#10506 = DIRECTION ( 'NONE',  ( -1.000000000000000000, 0.000000000000000000, 0.000000000000000000 ) ) ;
#10507 = ORIENTED_EDGE ( 'NONE', *, *, #9632, .F. ) ;
#10508 = VERTEX_POINT ( 'NONE', #3163 ) ;
#10509 = SURFACE_STYLE_FILL_AREA ( #10602 ) ;
#10510 = FACE_OUTER_BOUND ( 'NONE', #8465, .T. ) ;
#10511 = CARTESIAN_POINT ( 'NONE',  ( 1.250000000000000666, 0.1499999999999999944, 0.2500000000000006661 ) ) ;
#10512 = VERTEX_POINT ( 'NONE', #4154 ) ;
#10513 = PRESENTATION_STYLE_ASSIGNMENT (( #10811 ) ) ;
#10514 = AXIS2_PLACEMENT_3D ( 'NONE', #8570, #2732, #2645 ) ;
#10515 =( NAMED_UNIT ( * ) SI_UNIT ( $, .STERADIAN. ) SOLID_ANGLE_UNIT ( ) );
#10516 = VERTEX_POINT ( 'NONE', #5170 ) ;
#10517 = SPHERICAL_SURFACE ( 'NONE', #2897, 0.1499999999999998557 ) ;
#10518 = STYLED_ITEM ( 'NONE', ( #9718 ), #208 ) ;
#10519 = PRESENTATION_STYLE_ASSIGNMENT (( #12155 ) ) ;
#10520 = ADVANCED_FACE ( 'NONE', ( #8938 ), #8953, .T. ) ;
#10521 = CARTESIAN_POINT ( 'NONE',  ( -2.750000000000000000, 0.2699999999999994071, 1.340000000000001412 ) ) ;
#10522 = PRESENTATION_STYLE_ASSIGNMENT (( #12872 ) ) ;
#10523 = FACE_OUTER_BOUND ( 'NONE', #7078, .T. ) ;
#10524 = CARTESIAN_POINT ( 'NONE',  ( 2.750000000000000444, 0.1499999999999999944, -2.749999999999999556 ) ) ;
#10525 =( LENGTH_UNIT ( ) NAMED_UNIT ( * ) SI_UNIT ( .MILLI., .METRE. ) );
#10526 = AXIS2_PLACEMENT_3D ( 'NONE', #755, #5901, #9721 ) ;
#10527 = DIRECTION ( 'NONE',  ( 0.000000000000000000, 0.000000000000000000, -1.000000000000000000 ) ) ;
#10528 =( GEOMETRIC_REPRESENTATION_CONTEXT ( 3 ) GLOBAL_UNCERTAINTY_ASSIGNED_CONTEXT ( ( #5327 ) ) GLOBAL_UNIT_ASSIGNED_CONTEXT ( ( #12139, #7213, #1155 ) ) REPRESENTATION_CONTEXT ( 'NONE', 'WORKASPACE' ) );
#10529 = CARTESIAN_POINT ( 'NONE',  ( -0.7499999999999997780, 0.1499999999999999944, 2.250000000000000444 ) ) ;
#10530 = CARTESIAN_POINT ( 'NONE',  ( 0.7500000000000002220, 0.2699999999999994071, 3.340000000000001634 ) ) ;
#10531 = CARTESIAN_POINT ( 'NONE',  ( 1.750000000000000222, 1.355252715606880543E-16, 2.750000000000000888 ) ) ;
#10532 = ORIENTED_EDGE ( 'NONE', *, *, #11532, .T. ) ;
#10533 = CARTESIAN_POINT ( 'NONE',  ( 2.750000000000000444, 0.2699999999999994071, -1.659999999999999254 ) ) ;
#10534 = EDGE_LOOP ( 'NONE', ( #3823, #4277 ) ) ;
#10535 =( GEOMETRIC_REPRESENTATION_CONTEXT ( 3 ) GLOBAL_UNCERTAINTY_ASSIGNED_CONTEXT ( ( #2305 ) ) GLOBAL_UNIT_ASSIGNED_CONTEXT ( ( #10318, #3574, #533 ) ) REPRESENTATION_CONTEXT ( 'NONE', 'WORKASPACE' ) );
#10536 = DIRECTION ( 'NONE',  ( 0.000000000000000000, 0.000000000000000000, 1.000000000000000000 ) ) ;
#10537 = EDGE_CURVE ( 'NONE', #7212, #4653, #416, .T. ) ;
#10538 = DIRECTION ( 'NONE',  ( -0.000000000000000000, 1.000000000000000000, 0.000000000000000000 ) ) ;
#10539 = EDGE_LOOP ( 'NONE', ( #5022, #153 ) ) ;
#10540 = ORIENTED_EDGE ( 'NONE', *, *, #6567, .T. ) ;
#10541 = AXIS2_PLACEMENT_3D ( 'NONE', #10786, #11703, #9700 ) ;
#10542 = SURFACE_STYLE_FILL_AREA ( #3690 ) ;
#10543 = AXIS2_PLACEMENT_3D ( 'NONE', #7927, #10184, #10907 ) ;
#10544 = SPHERICAL_SURFACE ( 'NONE', #6439, 0.1499999999999998557 ) ;
#10545 = DIRECTION ( 'NONE',  ( -1.000000000000000000, 0.000000000000000000, 0.000000000000000000 ) ) ;
#10546 = AXIS2_PLACEMENT_3D ( 'NONE', #9190, #10188, #948 ) ;
#10547 =( GEOMETRIC_REPRESENTATION_CONTEXT ( 3 ) GLOBAL_UNCERTAINTY_ASSIGNED_CONTEXT ( ( #7083 ) ) GLOBAL_UNIT_ASSIGNED_CONTEXT ( ( #2440, #2691, #5451 ) ) REPRESENTATION_CONTEXT ( 'NONE', 'WORKASPACE' ) );
#10548 = ORIENTED_EDGE ( 'NONE', *, *, #3209, .F. ) ;
#10549 = ORIENTED_EDGE ( 'NONE', *, *, #9062, .F. ) ;
#10550 = CARTESIAN_POINT ( 'NONE',  ( 2.250000000000000000, 0.1499999999999999944, 3.250000000000001332 ) ) ;
#10551 = EDGE_CURVE ( 'NONE', #11762, #7191, #5008, .T. ) ;
#10552 = CARTESIAN_POINT ( 'NONE',  ( 3.250000000000000888, 1.355252715606880543E-16, -3.249999999999999556 ) ) ;
#10553 = COLOUR_RGB ( '',0.7921568627450980005, 0.8196078431372548767, 0.9333333333333333481 ) ;
#10554 = DIRECTION ( 'NONE',  ( -0.000000000000000000, 1.000000000000000000, -0.000000000000000000 ) ) ;
#10555 = EDGE_CURVE ( 'NONE', #10690, #10668, #9327, .T. ) ;
#10556 = DIRECTION ( 'NONE',  ( 1.000000000000000000, 0.000000000000000000, -0.000000000000000000 ) ) ;
#10557 = AXIS2_PLACEMENT_3D ( 'NONE', #8870, #5967, #6959 ) ;
#10558 = PLANE ( 'NONE',  #4828 ) ;
#10559 = ORIENTED_EDGE ( 'NONE', *, *, #11050, .F. ) ;
#10560 = DIRECTION ( 'NONE',  ( -0.000000000000000000, 1.000000000000000000, 0.000000000000000000 ) ) ;
#10561 = CIRCLE ( 'NONE', #12403, 0.1499999999999999667 ) ;
#10562 = CARTESIAN_POINT ( 'NONE',  ( -0.7499999999999997780, 0.1499999999999999944, -2.249999999999999556 ) ) ;
#10563 = DIRECTION ( 'NONE',  ( -1.000000000000000000, 0.000000000000000000, 0.000000000000000000 ) ) ;
#10564 = MECHANICAL_DESIGN_GEOMETRIC_PRESENTATION_REPRESENTATION (  '', ( #649 ), #4651 ) ;
#10565 = ORIENTED_EDGE ( 'NONE', *, *, #3052, .T. ) ;
#10566 = SPHERICAL_SURFACE ( 'NONE', #6173, 0.1499999999999998557 ) ;
#10567 = DIRECTION ( 'NONE',  ( 0.000000000000000000, 0.000000000000000000, 1.000000000000000000 ) ) ;
#10568 = SURFACE_SIDE_STYLE ('',( #2975 ) ) ;
#10569 = DIRECTION ( 'NONE',  ( 0.000000000000000000, 1.000000000000000000, 0.000000000000000000 ) ) ;
#10570 = EDGE_LOOP ( 'NONE', ( #7980, #11123, #12140 ) ) ;
#10571 = ORIENTED_EDGE ( 'NONE', *, *, #9038, .F. ) ;
#10572 = CIRCLE ( 'NONE', #7240, 0.1499999999999999667 ) ;
#10573 = SPHERICAL_SURFACE ( 'NONE', #5274, 0.1499999999999998557 ) ;
#10574 = ADVANCED_FACE ( 'NONE', ( #443 ), #9257, .T. ) ;
#10575 =( LENGTH_UNIT ( ) NAMED_UNIT ( * ) SI_UNIT ( .MILLI., .METRE. ) );
#10576 = VERTEX_POINT ( 'NONE', #7781 ) ;
#10577 =( LENGTH_UNIT ( ) NAMED_UNIT ( * ) SI_UNIT ( .MILLI., .METRE. ) );
#10578 = MECHANICAL_DESIGN_GEOMETRIC_PRESENTATION_REPRESENTATION (  '', ( #2945 ), #3901 ) ;
#10579 = CIRCLE ( 'NONE', #2308, 0.08999999999999980238 ) ;
#10580 = MECHANICAL_DESIGN_GEOMETRIC_PRESENTATION_REPRESENTATION (  '', ( #5793 ), #10751 ) ;
#10581 = CARTESIAN_POINT ( 'NONE',  ( 0.2500000000000002220, 0.2699999999999994071, -1.159999999999999032 ) ) ;
#10582 = CARTESIAN_POINT ( 'NONE',  ( -3.250000000000000000, 0.2699999999999994071, -0.2499999999999989175 ) ) ;
#10583 = UNCERTAINTY_MEASURE_WITH_UNIT (LENGTH_MEASURE( 1.000000000000000082E-05 ), #8132, 'distance_accuracy_value', 'NONE');
#10584 = FILL_AREA_STYLE ('',( #4318 ) ) ;
#10585 = ORIENTED_EDGE ( 'NONE', *, *, #10222, .T. ) ;
#10586 = MANIFOLD_SOLID_BREP ( 'LPattern1[57]', #2834 ) ;
#10587 = EDGE_CURVE ( 'NONE', #9998, #9384, #4141, .T. ) ;
#10588 = CIRCLE ( 'NONE', #9927, 0.08999999999999980238 ) ;
#10589 = CIRCLE ( 'NONE', #3519, 0.1499999999999999667 ) ;
#10590 = SURFACE_SIDE_STYLE ('',( #12538 ) ) ;
#10591 = DIRECTION ( 'NONE',  ( -0.000000000000000000, 1.000000000000000000, -0.000000000000000000 ) ) ;
#10592 = CIRCLE ( 'NONE', #4719, 0.08999999999999980238 ) ;
#10593 = CARTESIAN_POINT ( 'NONE',  ( -2.750000000000000000, 1.355252715606880543E-16, 3.250000000000001332 ) ) ;
#10594 = VERTEX_POINT ( 'NONE', #12835 ) ;
#10595 = PLANE ( 'NONE',  #3813 ) ;
#10596 = DIRECTION ( 'NONE',  ( 1.000000000000000000, 0.000000000000000000, -0.000000000000000000 ) ) ;
#10597 = CARTESIAN_POINT ( 'NONE',  ( -2.250000000000000000, 0.2699999999999994071, -1.749999999999998890 ) ) ;
#10598 = ORIENTED_EDGE ( 'NONE', *, *, #1069, .F. ) ;
#10599 = VERTEX_POINT ( 'NONE', #636 ) ;
#10600 =( GEOMETRIC_REPRESENTATION_CONTEXT ( 3 ) GLOBAL_UNCERTAINTY_ASSIGNED_CONTEXT ( ( #420 ) ) GLOBAL_UNIT_ASSIGNED_CONTEXT ( ( #5113, #8378, #2023 ) ) REPRESENTATION_CONTEXT ( 'NONE', 'WORKASPACE' ) );
#10601 = PRESENTATION_STYLE_ASSIGNMENT (( #8575 ) ) ;
#10602 = FILL_AREA_STYLE ('',( #12348 ) ) ;
#10603 = ORIENTED_EDGE ( 'NONE', *, *, #4457, .F. ) ;
#10604 = LINE ( 'NONE', #10384, #6191 ) ;
#10605 = EDGE_CURVE ( 'NONE', #10163, #11820, #8471, .T. ) ;
#10606 = DIRECTION ( 'NONE',  ( 1.000000000000000000, 0.000000000000000000, 1.224646799147353207E-16 ) ) ;
#10607 = MECHANICAL_DESIGN_GEOMETRIC_PRESENTATION_REPRESENTATION (  '', ( #7688 ), #678 ) ;
#10608 = EDGE_LOOP ( 'NONE', ( #10077, #5214, #8903 ) ) ;
#10609 = COLOUR_RGB ( '',0.7921568627450980005, 0.8196078431372548767, 0.9333333333333333481 ) ;
#10610 = DIRECTION ( 'NONE',  ( 0.000000000000000000, 0.000000000000000000, 1.000000000000000000 ) ) ;
#10611 = DIRECTION ( 'NONE',  ( -0.000000000000000000, 1.000000000000000000, -0.000000000000000000 ) ) ;
#10612 = AXIS2_PLACEMENT_3D ( 'NONE', #10286, #11272, #12605 ) ;
#10613 = SURFACE_STYLE_FILL_AREA ( #4979 ) ;
#10614 = FACE_OUTER_BOUND ( 'NONE', #6565, .T. ) ;
#10615 = CARTESIAN_POINT ( 'NONE',  ( 3.250000000000000888, 0.2699999999999994071, -0.6599999999999991429 ) ) ;
#10616 = DIRECTION ( 'NONE',  ( 0.000000000000000000, 0.000000000000000000, 1.000000000000000000 ) ) ;
#10617 = CARTESIAN_POINT ( 'NONE',  ( -2.250000000000000000, 0.1499999999999999944, -2.749999999999999556 ) ) ;
#10618 = PLANE ( 'NONE',  #6268 ) ;
#10619 = AXIS2_PLACEMENT_3D ( 'NONE', #4704, #8786, #9702 ) ;
#10620 = DIRECTION ( 'NONE',  ( 1.000000000000000000, 0.000000000000000000, 1.224646799147353207E-16 ) ) ;
#10621 = CARTESIAN_POINT ( 'NONE',  ( -2.250000000000000000, 0.2699999999999994071, 3.340000000000001634 ) ) ;
#10622 = EDGE_LOOP ( 'NONE', ( #7311, #5568, #5993 ) ) ;
#10623 =( NAMED_UNIT ( * ) PLANE_ANGLE_UNIT ( ) SI_UNIT ( $, .RADIAN. ) );
#10624 = ORIENTED_EDGE ( 'NONE', *, *, #5244, .T. ) ;
#10625 = ADVANCED_FACE ( 'NONE', ( #8490 ), #12748, .T. ) ;
#10626 = DIRECTION ( 'NONE',  ( 0.000000000000000000, 0.000000000000000000, 1.000000000000000000 ) ) ;
#10627 = ADVANCED_FACE ( 'NONE', ( #4337 ), #4462, .T. ) ;
#10628 = COLOUR_RGB ( '',0.7921568627450980005, 0.8196078431372548767, 0.9333333333333333481 ) ;
#10629 = AXIS2_PLACEMENT_3D ( 'NONE', #7463, #9447, #10446 ) ;
#10630 = SURFACE_STYLE_USAGE ( .BOTH. , #8618 ) ;
#10631 = DIRECTION ( 'NONE',  ( 0.000000000000000000, 0.000000000000000000, 1.000000000000000000 ) ) ;
#10632 = ORIENTED_EDGE ( 'NONE', *, *, #11996, .F. ) ;
#10633 = SPHERICAL_SURFACE ( 'NONE', #4143, 0.1499999999999998557 ) ;
#10634 = ORIENTED_EDGE ( 'NONE', *, *, #9195, .T. ) ;
#10635 =( NAMED_UNIT ( * ) PLANE_ANGLE_UNIT ( ) SI_UNIT ( $, .RADIAN. ) );
#10636 = EDGE_CURVE ( 'NONE', #11300, #8190, #216, .T. ) ;
#10637 = CIRCLE ( 'NONE', #9422, 0.08999999999999980238 ) ;
#10638 = ADVANCED_FACE ( 'NONE', ( #12785 ), #12851, .T. ) ;
#10639 = MECHANICAL_DESIGN_GEOMETRIC_PRESENTATION_REPRESENTATION (  '', ( #2091 ), #11253 ) ;
#10640 = MECHANICAL_DESIGN_GEOMETRIC_PRESENTATION_REPRESENTATION (  '', ( #7987 ), #6435 ) ;
#10641 = PRESENTATION_LAYER_ASSIGNMENT (  '', '', ( #8315 ) ) ;
#10642 = DIRECTION ( 'NONE',  ( 0.000000000000000000, 0.000000000000000000, -1.000000000000000000 ) ) ;
#10643 = PRESENTATION_LAYER_ASSIGNMENT (  '', '', ( #12654 ) ) ;
#10644 = VERTEX_POINT ( 'NONE', #10593 ) ;
#10645 = FILL_AREA_STYLE ('',( #7824 ) ) ;
#10646 = VERTEX_POINT ( 'NONE', #12583 ) ;
#10647 = CARTESIAN_POINT ( 'NONE',  ( 1.250000000000000666, 0.2699999999999994071, 0.2500000000000011102 ) ) ;
#10648 = AXIS2_PLACEMENT_3D ( 'NONE', #9227, #1062, #5875 ) ;
#10649 = FILL_AREA_STYLE ('',( #8899 ) ) ;
#10650 = DIRECTION ( 'NONE',  ( -0.000000000000000000, 1.000000000000000000, 0.000000000000000000 ) ) ;
#10651 = CARTESIAN_POINT ( 'NONE',  ( -5.750000000000001776, 0.4200000000000002620, 6.500000000000000000 ) ) ;
#10652 = DIRECTION ( 'NONE',  ( -0.000000000000000000, 1.000000000000000000, 0.000000000000000000 ) ) ;
#10653 = ORIENTED_EDGE ( 'NONE', *, *, #10486, .F. ) ;
#10654 = CARTESIAN_POINT ( 'NONE',  ( -1.749999999999999778, 0.1499999999999999944, -2.749999999999999556 ) ) ;
#10655 = SURFACE_STYLE_FILL_AREA ( #10645 ) ;
#10656 = DIRECTION ( 'NONE',  ( 1.000000000000000000, 0.000000000000000000, -0.000000000000000000 ) ) ;
#10657 = CARTESIAN_POINT ( 'NONE',  ( 2.250000000000000000, 0.1499999999999999944, -2.749999999999999556 ) ) ;
#10658 = EDGE_LOOP ( 'NONE', ( #5726, #6507, #2869 ) ) ;
#10659 = FACE_OUTER_BOUND ( 'NONE', #7172, .T. ) ;
#10660 = FACE_OUTER_BOUND ( 'NONE', #11661, .T. ) ;
#10661 = PLANE ( 'NONE',  #814 ) ;
#10662 = EDGE_CURVE ( 'NONE', #11018, #3316, #2574, .T. ) ;
#10663 = CARTESIAN_POINT ( 'NONE',  ( 0.2500000000000002220, 0.1499999999999999944, -2.249999999999999556 ) ) ;
#10664 = AXIS2_PLACEMENT_3D ( 'NONE', #3272, #116, #2095 ) ;
#10665 = AXIS2_PLACEMENT_3D ( 'NONE', #6186, #4419, #11439 ) ;
#10666 = VERTEX_POINT ( 'NONE', #1941 ) ;
#10667 = DIRECTION ( 'NONE',  ( 0.000000000000000000, 0.000000000000000000, 1.000000000000000000 ) ) ;
#10668 = VERTEX_POINT ( 'NONE', #6686 ) ;
#10669 = VERTEX_POINT ( 'NONE', #1771 ) ;
#10670 = CARTESIAN_POINT ( 'NONE',  ( 1.250000000000000666, 0.1499999999999999944, -2.249999999999999556 ) ) ;
#10671 = ORIENTED_EDGE ( 'NONE', *, *, #3380, .F. ) ;
#10672 =( LENGTH_UNIT ( ) NAMED_UNIT ( * ) SI_UNIT ( .MILLI., .METRE. ) );
#10673 = CARTESIAN_POINT ( 'NONE',  ( 2.750000000000000444, 0.2699999999999994071, 2.660000000000001030 ) ) ;
#10674 = DIRECTION ( 'NONE',  ( -1.000000000000000000, 0.000000000000000000, 0.000000000000000000 ) ) ;
#10676 = ORIENTED_EDGE ( 'NONE', *, *, #11324, .T. ) ;
#10675 =( NAMED_UNIT ( * ) PLANE_ANGLE_UNIT ( ) SI_UNIT ( $, .RADIAN. ) );
#10677 = FACE_OUTER_BOUND ( 'NONE', #7419, .T. ) ;
#10678 = SPHERICAL_SURFACE ( 'NONE', #10829, 0.1499999999999998557 ) ;
#10679 = CARTESIAN_POINT ( 'NONE',  ( 2.250000000000000000, 0.2699999999999994071, -2.659999999999999254 ) ) ;
#10680 = DIRECTION ( 'NONE',  ( -0.000000000000000000, 1.000000000000000000, -0.000000000000000000 ) ) ;
#10681 = FACE_OUTER_BOUND ( 'NONE', #669, .T. ) ;
#10682 = FACE_OUTER_BOUND ( 'NONE', #4616, .T. ) ;
#10683 = FILL_AREA_STYLE_COLOUR ( '', #2873 ) ;
#10684 = CARTESIAN_POINT ( 'NONE',  ( -1.749999999999999778, 0.2699999999999994071, 2.840000000000000746 ) ) ;
#10685 = DIRECTION ( 'NONE',  ( -1.000000000000000000, -0.000000000000000000, -0.000000000000000000 ) ) ;
#10686 = DIRECTION ( 'NONE',  ( -0.000000000000000000, 1.000000000000000000, -0.000000000000000000 ) ) ;
#10687 = DIRECTION ( 'NONE',  ( 1.000000000000000000, 0.000000000000000000, -0.000000000000000000 ) ) ;
#10688 = AXIS2_PLACEMENT_3D ( 'NONE', #8711, #3551, #7563 ) ;
#10689 = CLOSED_SHELL ( 'NONE', ( #1882, #146, #3961 ) ) ;
#10690 = VERTEX_POINT ( 'NONE', #2748 ) ;
#10691 = MANIFOLD_SOLID_BREP ( 'LPattern1[142]', #974 ) ;
#10692 = EDGE_CURVE ( 'NONE', #11706, #9695, #7116, .T. ) ;
#10693 = SURFACE_STYLE_FILL_AREA ( #12161 ) ;
#10694 = DIRECTION ( 'NONE',  ( -1.000000000000000000, 0.000000000000000000, 0.000000000000000000 ) ) ;
#10695 = FILL_AREA_STYLE ('',( #973 ) ) ;
#10696 = EDGE_LOOP ( 'NONE', ( #6451, #1673, #8997 ) ) ;
#10697 = FACE_OUTER_BOUND ( 'NONE', #8492, .T. ) ;
#10698 = PRESENTATION_LAYER_ASSIGNMENT (  '', '', ( #2437 ) ) ;
#10699 = DIRECTION ( 'NONE',  ( 0.000000000000000000, 0.000000000000000000, 1.000000000000000000 ) ) ;
#10700 = ORIENTED_EDGE ( 'NONE', *, *, #9603, .F. ) ;
#10701 = CIRCLE ( 'NONE', #2299, 0.1499999999999999667 ) ;
#10702 = EDGE_CURVE ( 'NONE', #11688, #7765, #11297, .T. ) ;
#10703 = CIRCLE ( 'NONE', #2268, 0.4312500000000001887 ) ;
#10704 = PRESENTATION_LAYER_ASSIGNMENT (  '', '', ( #8379 ) ) ;
#10705 = DIRECTION ( 'NONE',  ( -0.000000000000000000, 1.000000000000000000, -0.000000000000000000 ) ) ;
#10706 = DIRECTION ( 'NONE',  ( -1.000000000000000000, 0.000000000000000000, 0.000000000000000000 ) ) ;
#10707 = CARTESIAN_POINT ( 'NONE',  ( 2.250000000000000000, 0.1499999999999999944, -1.249999999999999334 ) ) ;
#10708 = EDGE_CURVE ( 'NONE', #10512, #7399, #7034, .T. ) ;
#10709 = CLOSED_SHELL ( 'NONE', ( #2543, #8601, #8375 ) ) ;
#10710 = DIRECTION ( 'NONE',  ( -0.000000000000000000, 1.000000000000000000, -0.000000000000000000 ) ) ;
#10711 = DIRECTION ( 'NONE',  ( 0.000000000000000000, 0.000000000000000000, 1.000000000000000000 ) ) ;
#10712 =( NAMED_UNIT ( * ) SI_UNIT ( $, .STERADIAN. ) SOLID_ANGLE_UNIT ( ) );
#10713 = DIRECTION ( 'NONE',  ( 0.000000000000000000, 0.000000000000000000, 1.000000000000000000 ) ) ;
#10714 = EDGE_LOOP ( 'NONE', ( #10823, #1765, #11538 ) ) ;
#10715 = VERTEX_POINT ( 'NONE', #11961 ) ;
#10716 = DIRECTION ( 'NONE',  ( -0.000000000000000000, 1.000000000000000000, -0.000000000000000000 ) ) ;
#10717 = ORIENTED_EDGE ( 'NONE', *, *, #2580, .T. ) ;
#10718 = CIRCLE ( 'NONE', #11625, 0.08999999999999980238 ) ;
#10719 = AXIS2_PLACEMENT_3D ( 'NONE', #904, #6446, #9786 ) ;
#10720 = ORIENTED_EDGE ( 'NONE', *, *, #5769, .T. ) ;
#10721 = CIRCLE ( 'NONE', #5093, 0.1499999999999998557 ) ;
#10722 = FACE_OUTER_BOUND ( 'NONE', #4136, .T. ) ;
#10723 = SPHERICAL_SURFACE ( 'NONE', #3875, 0.1499999999999998557 ) ;
#10724 = DIRECTION ( 'NONE',  ( -0.000000000000000000, 1.000000000000000000, -0.000000000000000000 ) ) ;
#10725 = AXIS2_PLACEMENT_3D ( 'NONE', #1965, #5969, #2057 ) ;
#10726 = EDGE_CURVE ( 'NONE', #7997, #9137, #11323, .T. ) ;
#10727 = CARTESIAN_POINT ( 'NONE',  ( -2.750000000000000000, 0.1499999999999999944, -3.249999999999999556 ) ) ;
#10728 = EDGE_LOOP ( 'NONE', ( #8882, #12219, #10893 ) ) ;
#10729 = DIRECTION ( 'NONE',  ( 0.000000000000000000, 0.000000000000000000, 1.000000000000000000 ) ) ;
#10730 =( NAMED_UNIT ( * ) SI_UNIT ( $, .STERADIAN. ) SOLID_ANGLE_UNIT ( ) );
#10731 = EDGE_LOOP ( 'NONE', ( #7612, #10009, #10354 ) ) ;
#10732 = AXIS2_PLACEMENT_3D ( 'NONE', #3452, #4421, #6447 ) ;
#10733 = FILL_AREA_STYLE_COLOUR ( '', #2339 ) ;
#10734 =( NAMED_UNIT ( * ) SI_UNIT ( $, .STERADIAN. ) SOLID_ANGLE_UNIT ( ) );
#10735 = ADVANCED_FACE ( 'NONE', ( #7184 ), #319, .T. ) ;
#10736 = CARTESIAN_POINT ( 'NONE',  ( 2.250000000000000000, 0.1499999999999999944, 1.250000000000001110 ) ) ;
#10737 = ORIENTED_EDGE ( 'NONE', *, *, #3410, .T. ) ;
#10738 = PLANE ( 'NONE',  #11259 ) ;
#10739 = SPHERICAL_SURFACE ( 'NONE', #5240, 0.1499999999999998557 ) ;
#10740 = SURFACE_STYLE_USAGE ( .BOTH. , #4733 ) ;
#10741 = AXIS2_PLACEMENT_3D ( 'NONE', #6485, #7505, #9404 ) ;
#10742 = ORIENTED_EDGE ( 'NONE', *, *, #11279, .T. ) ;
#10743 = FACE_OUTER_BOUND ( 'NONE', #10795, .T. ) ;
#10744 = FACE_OUTER_BOUND ( 'NONE', #10227, .T. ) ;
#10745 = ADVANCED_FACE ( 'NONE', ( #11126 ), #11410, .T. ) ;
#10746 = CARTESIAN_POINT ( 'NONE',  ( -0.2499999999999997780, 1.355252715606880543E-16, 2.250000000000000444 ) ) ;
#10747 = DIRECTION ( 'NONE',  ( -0.000000000000000000, 1.000000000000000000, -0.000000000000000000 ) ) ;
#10748 = PLANE ( 'NONE',  #3968 ) ;
#10749 = ORIENTED_EDGE ( 'NONE', *, *, #3436, .F. ) ;
#10750 = UNCERTAINTY_MEASURE_WITH_UNIT (LENGTH_MEASURE( 1.000000000000000082E-05 ), #6985, 'distance_accuracy_value', 'NONE');
#10751 =( GEOMETRIC_REPRESENTATION_CONTEXT ( 3 ) GLOBAL_UNCERTAINTY_ASSIGNED_CONTEXT ( ( #8358 ) ) GLOBAL_UNIT_ASSIGNED_CONTEXT ( ( #4317, #11237, #10330 ) ) REPRESENTATION_CONTEXT ( 'NONE', 'WORKASPACE' ) );
#10752 = EDGE_LOOP ( 'NONE', ( #1150, #12686, #2318 ) ) ;
#10753 = ADVANCED_FACE ( 'NONE', ( #2513 ), #7204, .T. ) ;
#10754 = ORIENTED_EDGE ( 'NONE', *, *, #7720, .F. ) ;
#10755 = PLANE ( 'NONE',  #10843 ) ;
#10756 = AXIS2_PLACEMENT_3D ( 'NONE', #3648, #2467, #764 ) ;
#10757 = DIRECTION ( 'NONE',  ( 1.000000000000000000, 0.000000000000000000, 1.224646799147353207E-16 ) ) ;
#10758 = DIRECTION ( 'NONE',  ( 0.000000000000000000, 0.000000000000000000, 1.000000000000000000 ) ) ;
#10760 = VERTEX_POINT ( 'NONE', #8293 ) ;
#10759 = DIRECTION ( 'NONE',  ( -1.000000000000000000, 0.000000000000000000, 0.000000000000000000 ) ) ;
#10761 = CIRCLE ( 'NONE', #7429, 0.08999999999999980238 ) ;
#10762 = AXIS2_PLACEMENT_3D ( 'NONE', #2228, #1416, #7304 ) ;
#10763 = DIRECTION ( 'NONE',  ( 1.000000000000000000, 0.000000000000000000, 1.224646799147353207E-16 ) ) ;
#10764 = SURFACE_SIDE_STYLE ('',( #1805 ) ) ;
#10765 = SURFACE_STYLE_FILL_AREA ( #6994 ) ;
#10766 = DIRECTION ( 'NONE',  ( 1.000000000000000000, -0.000000000000000000, 0.000000000000000000 ) ) ;
#10767 = DIRECTION ( 'NONE',  ( 0.000000000000000000, 0.000000000000000000, 1.000000000000000000 ) ) ;
#10768 =( LENGTH_UNIT ( ) NAMED_UNIT ( * ) SI_UNIT ( .MILLI., .METRE. ) );
#10769 = ORIENTED_EDGE ( 'NONE', *, *, #10486, .T. ) ;
#10770 = EDGE_CURVE ( 'NONE', #10594, #4211, #11519, .T. ) ;
#10771 = VERTEX_POINT ( 'NONE', #4177 ) ;
#10772 = AXIS2_PLACEMENT_3D ( 'NONE', #2362, #12195, #1308 ) ;
#10773 = PLANE ( 'NONE',  #10364 ) ;
#10774 = DIRECTION ( 'NONE',  ( 0.000000000000000000, 0.000000000000000000, 1.000000000000000000 ) ) ;
#10775 = AXIS2_PLACEMENT_3D ( 'NONE', #5743, #3985, #7755 ) ;
#10776 = ORIENTED_EDGE ( 'NONE', *, *, #3117, .F. ) ;
#10777 = COLOUR_RGB ( '',0.7921568627450980005, 0.8196078431372548767, 0.9333333333333333481 ) ;
#10778 = CARTESIAN_POINT ( 'NONE',  ( -1.249999999999999778, 0.2699999999999994071, -0.2499999999999989175 ) ) ;
#10779 = EDGE_LOOP ( 'NONE', ( #5426, #354, #7674 ) ) ;
#10780 = AXIS2_PLACEMENT_3D ( 'NONE', #4577, #4486, #4668 ) ;
#10781 = SPHERICAL_SURFACE ( 'NONE', #7603, 0.1499999999999998557 ) ;
#10782 = SURFACE_STYLE_FILL_AREA ( #11175 ) ;
#10783 = MANIFOLD_SOLID_BREP ( 'LPattern1[151]', #7010 ) ;
#10784 = DIRECTION ( 'NONE',  ( -0.000000000000000000, 1.000000000000000000, 0.000000000000000000 ) ) ;
#10785 = PRESENTATION_STYLE_ASSIGNMENT (( #1021 ) ) ;
#10786 = CARTESIAN_POINT ( 'NONE',  ( -0.2499999999999997780, 0.2699999999999994071, -3.249999999999999112 ) ) ;
#10787 = MECHANICAL_DESIGN_GEOMETRIC_PRESENTATION_REPRESENTATION (  '', ( #3159 ), #5500 ) ;
#10788 = CARTESIAN_POINT ( 'NONE',  ( -2.750000000000000000, 0.2699999999999994071, -2.159999999999999254 ) ) ;
#10789 = DIRECTION ( 'NONE',  ( 0.000000000000000000, 0.000000000000000000, 1.000000000000000000 ) ) ;
#10790 = DIRECTION ( 'NONE',  ( 1.000000000000000000, 0.000000000000000000, 1.224646799147353207E-16 ) ) ;
#10791 = DIRECTION ( 'NONE',  ( 0.000000000000000000, 0.000000000000000000, 1.000000000000000000 ) ) ;
#10792 = CARTESIAN_POINT ( 'NONE',  ( 2.250000000000000000, 0.2699999999999994071, 2.660000000000001030 ) ) ;
#10793 = EDGE_LOOP ( 'NONE', ( #1105, #5750, #9656 ) ) ;
#10794 = DIRECTION ( 'NONE',  ( 0.000000000000000000, 0.000000000000000000, 1.000000000000000000 ) ) ;
#10795 = EDGE_LOOP ( 'NONE', ( #4592, #276, #7740, #6852 ) ) ;
#10796 = EDGE_CURVE ( 'NONE', #12609, #596, #7060, .T. ) ;
#10797 = AXIS2_PLACEMENT_3D ( 'NONE', #6166, #7165, #8818 ) ;
#10798 = DIRECTION ( 'NONE',  ( 1.000000000000000000, 0.000000000000000000, -0.000000000000000000 ) ) ;
#10799 = STYLED_ITEM ( 'NONE', ( #4199 ), #8910 ) ;
#10800 = ORIENTED_EDGE ( 'NONE', *, *, #3685, .F. ) ;
#10801 = EDGE_CURVE ( 'NONE', #179, #7386, #6872, .T. ) ;
#10802 = ORIENTED_EDGE ( 'NONE', *, *, #11828, .T. ) ;
#10803 = FACE_OUTER_BOUND ( 'NONE', #3964, .T. ) ;
#10804 = AXIS2_PLACEMENT_3D ( 'NONE', #7716, #3446, #6699 ) ;
#10805 = SURFACE_STYLE_FILL_AREA ( #9678 ) ;
#10806 = CARTESIAN_POINT ( 'NONE',  ( -0.7499999999999997780, 0.2699999999999994071, 2.840000000000001190 ) ) ;
#10807 = VERTEX_POINT ( 'NONE', #6370 ) ;
#10808 = DIRECTION ( 'NONE',  ( -0.000000000000000000, 1.000000000000000000, 0.000000000000000000 ) ) ;
#10809 = VERTEX_POINT ( 'NONE', #5033 ) ;
#10810 = DIRECTION ( 'NONE',  ( 1.000000000000000000, 0.000000000000000000, 1.224646799147353207E-16 ) ) ;
#10811 = SURFACE_STYLE_USAGE ( .BOTH. , #3481 ) ;
#10812 = VERTEX_POINT ( 'NONE', #9375 ) ;
#10813 = CARTESIAN_POINT ( 'NONE',  ( -2.750000000000000000, 0.2699999999999994071, -0.1599999999999991152 ) ) ;
#10814 = CARTESIAN_POINT ( 'NONE',  ( -5.250000000000001776, 0.3200000000000000067, -5.999999999999999112 ) ) ;
#10815 = DIRECTION ( 'NONE',  ( 0.000000000000000000, 0.000000000000000000, 1.000000000000000000 ) ) ;
#10816 = EDGE_CURVE ( 'NONE', #3635, #2709, #2814, .T. ) ;
#10817 = DIRECTION ( 'NONE',  ( 0.000000000000000000, 1.000000000000000000, 0.000000000000000000 ) ) ;
#10818 = ORIENTED_EDGE ( 'NONE', *, *, #10801, .T. ) ;
#10819 = FACE_OUTER_BOUND ( 'NONE', #5151, .T. ) ;
#10820 = AXIS2_PLACEMENT_3D ( 'NONE', #3911, #8011, #7175 ) ;
#10821 = FILL_AREA_STYLE ('',( #10096 ) ) ;
#10822 = CARTESIAN_POINT ( 'NONE',  ( 1.750000000000000222, 1.355252715606880543E-16, -2.749999999999999556 ) ) ;
#10823 = ORIENTED_EDGE ( 'NONE', *, *, #7680, .F. ) ;
#10824 = EDGE_CURVE ( 'NONE', #11827, #9575, #11367, .T. ) ;
#10825 = SPHERICAL_SURFACE ( 'NONE', #4621, 0.1499999999999998557 ) ;
#10826 = SPHERICAL_SURFACE ( 'NONE', #8162, 0.1499999999999998557 ) ;
#10827 = CARTESIAN_POINT ( 'NONE',  ( 2.750000000000000444, 1.355252715606880543E-16, 2.750000000000000888 ) ) ;
#10828 = DIRECTION ( 'NONE',  ( 1.000000000000000000, 0.000000000000000000, -0.000000000000000000 ) ) ;
#10829 = AXIS2_PLACEMENT_3D ( 'NONE', #5187, #9364, #7357 ) ;
#10830 = DIRECTION ( 'NONE',  ( 0.000000000000000000, 0.000000000000000000, 1.000000000000000000 ) ) ;
#10831 = ORIENTED_EDGE ( 'NONE', *, *, #8029, .F. ) ;
#10832 = EDGE_CURVE ( 'NONE', #2088, #5931, #11496, .T. ) ;
#10833 = ORIENTED_EDGE ( 'NONE', *, *, #5548, .T. ) ;
#10834 = AXIS2_PLACEMENT_3D ( 'NONE', #9354, #372, #7258 ) ;
#10835 = ADVANCED_FACE ( 'NONE', ( #11232 ), #2770, .T. ) ;
#10836 = EDGE_LOOP ( 'NONE', ( #9584, #3279 ) ) ;
#10837 = FACE_OUTER_BOUND ( 'NONE', #12150, .T. ) ;
#10838 = SPHERICAL_SURFACE ( 'NONE', #9883, 0.1499999999999998557 ) ;
#10839 =( NAMED_UNIT ( * ) PLANE_ANGLE_UNIT ( ) SI_UNIT ( $, .RADIAN. ) );
#10840 = ORIENTED_EDGE ( 'NONE', *, *, #875, .F. ) ;
#10841 = AXIS2_PLACEMENT_3D ( 'NONE', #85, #3046, #9992 ) ;
#10842 = CIRCLE ( 'NONE', #6494, 0.1499999999999999667 ) ;
#10843 = AXIS2_PLACEMENT_3D ( 'NONE', #1760, #6097, #6017 ) ;
#10844 = ADVANCED_FACE ( 'NONE', ( #2789 ), #10370, .T. ) ;
#10845 = CARTESIAN_POINT ( 'NONE',  ( -2.750000000000000000, 0.2699999999999994071, -2.339999999999999414 ) ) ;
#10846 = EDGE_CURVE ( 'NONE', #6523, #7496, #7141, .T. ) ;
#10847 = ADVANCED_FACE ( 'NONE', ( #11455 ), #1485, .T. ) ;
#10848 = CARTESIAN_POINT ( 'NONE',  ( 1.250000000000000666, 0.1499999999999999944, -1.249999999999999334 ) ) ;
#10849 = AXIS2_PLACEMENT_3D ( 'NONE', #2805, #8996, #5171 ) ;
#10850 = PRESENTATION_STYLE_ASSIGNMENT (( #7261 ) ) ;
#10851 = CARTESIAN_POINT ( 'NONE',  ( 2.750000000000000444, 0.2699999999999994071, 0.2500000000000011102 ) ) ;
#10852 = MECHANICAL_DESIGN_GEOMETRIC_PRESENTATION_REPRESENTATION (  '', ( #8069 ), #474 ) ;
#10853 = DIRECTION ( 'NONE',  ( 0.000000000000000000, 0.000000000000000000, 1.000000000000000000 ) ) ;
#10854 = DIRECTION ( 'NONE',  ( 0.000000000000000000, 0.000000000000000000, 1.000000000000000000 ) ) ;
#10855 = DIRECTION ( 'NONE',  ( 0.000000000000000000, 0.000000000000000000, 1.000000000000000000 ) ) ;
#10856 = MANIFOLD_SOLID_BREP ( 'LPattern1[189]', #6849 ) ;
#10857 = DIRECTION ( 'NONE',  ( 0.000000000000000000, 0.000000000000000000, 1.000000000000000000 ) ) ;
#10858 = VERTEX_POINT ( 'NONE', #8792 ) ;
#10859 =( GEOMETRIC_REPRESENTATION_CONTEXT ( 3 ) GLOBAL_UNCERTAINTY_ASSIGNED_CONTEXT ( ( #3877 ) ) GLOBAL_UNIT_ASSIGNED_CONTEXT ( ( #7462, #7365, #5194 ) ) REPRESENTATION_CONTEXT ( 'NONE', 'WORKASPACE' ) );
#10860 = VERTEX_POINT ( 'NONE', #2778 ) ;
#10861 = ADVANCED_FACE ( 'NONE', ( #11816 ), #7430, .T. ) ;
#10862 = EDGE_CURVE ( 'NONE', #2436, #10646, #3119, .T. ) ;
#10863 = SPHERICAL_SURFACE ( 'NONE', #11491, 0.1499999999999998557 ) ;
#10864 = DIRECTION ( 'NONE',  ( -0.000000000000000000, 1.000000000000000000, 0.000000000000000000 ) ) ;
#10865 = DIRECTION ( 'NONE',  ( -0.000000000000000000, 1.000000000000000000, 0.000000000000000000 ) ) ;
#10866 = EDGE_LOOP ( 'NONE', ( #11287, #1361 ) ) ;
#10867 = CARTESIAN_POINT ( 'NONE',  ( -1.249999999999999778, 0.2699999999999994071, -2.839999999999999858 ) ) ;
#10868 = EDGE_LOOP ( 'NONE', ( #8815, #6609, #1507 ) ) ;
#10869 = CIRCLE ( 'NONE', #1831, 0.1499999999999999667 ) ;
#10870 = FACE_OUTER_BOUND ( 'NONE', #12755, .T. ) ;
#10871 = SPHERICAL_SURFACE ( 'NONE', #3437, 0.1499999999999998557 ) ;
#10872 = CARTESIAN_POINT ( 'NONE',  ( -2.250000000000000000, 0.2699999999999994071, -0.2499999999999989175 ) ) ;
#10873 = DIRECTION ( 'NONE',  ( -0.000000000000000000, 1.000000000000000000, -0.000000000000000000 ) ) ;
#10874 = SURFACE_STYLE_USAGE ( .BOTH. , #8785 ) ;
#10875 = ORIENTED_EDGE ( 'NONE', *, *, #8075, .F. ) ;
#10876 = FILL_AREA_STYLE_COLOUR ( '', #4354 ) ;
#10877 = CARTESIAN_POINT ( 'NONE',  ( -0.7499999999999997780, 0.2699999999999994071, 3.340000000000001190 ) ) ;
#10878 = ORIENTED_EDGE ( 'NONE', *, *, #915, .T. ) ;
#10879 = DIRECTION ( 'NONE',  ( -1.000000000000000000, 0.000000000000000000, 0.000000000000000000 ) ) ;
#10880 = EDGE_LOOP ( 'NONE', ( #4789, #3051, #10974 ) ) ;
#10881 =( NAMED_UNIT ( * ) PLANE_ANGLE_UNIT ( ) SI_UNIT ( $, .RADIAN. ) );
#10882 = CARTESIAN_POINT ( 'NONE',  ( 1.250000000000000666, 0.2699999999999994071, 1.340000000000001412 ) ) ;
#10883 = CIRCLE ( 'NONE', #5585, 0.1499999999999998557 ) ;
#10884 =( LENGTH_UNIT ( ) NAMED_UNIT ( * ) SI_UNIT ( .MILLI., .METRE. ) );
#10885 = ORIENTED_EDGE ( 'NONE', *, *, #3984, .F. ) ;
#10886 = ADVANCED_FACE ( 'NONE', ( #3372 ), #7597, .T. ) ;
#10887 = CIRCLE ( 'NONE', #2092, 0.08999999999999980238 ) ;
#10888 = ORIENTED_EDGE ( 'NONE', *, *, #9634, .F. ) ;
#10889 = FACE_OUTER_BOUND ( 'NONE', #4688, .T. ) ;
#10890 = ADVANCED_FACE ( 'NONE', ( #7548 ), #11602, .T. ) ;
#10891 = CIRCLE ( 'NONE', #4094, 0.1499999999999999667 ) ;
#10892 = DIRECTION ( 'NONE',  ( 0.000000000000000000, 0.000000000000000000, -1.000000000000000000 ) ) ;
#10893 = ORIENTED_EDGE ( 'NONE', *, *, #5482, .F. ) ;
#10894 = DIRECTION ( 'NONE',  ( -1.000000000000000000, 0.000000000000000000, 0.000000000000000000 ) ) ;
#10895 = VERTEX_POINT ( 'NONE', #3462 ) ;
#10896 = CARTESIAN_POINT ( 'NONE',  ( 1.250000000000000666, 0.1499999999999999944, 1.250000000000001110 ) ) ;
#10897 = CLOSED_SHELL ( 'NONE', ( #5958, #1595, #11154 ) ) ;
#10898 = STYLED_ITEM ( 'NONE', ( #11665 ), #6412 ) ;
#10899 = DIRECTION ( 'NONE',  ( -0.000000000000000000, 1.000000000000000000, -0.000000000000000000 ) ) ;
#10900 = PLANE ( 'NONE',  #59 ) ;
#10901 = PLANE ( 'NONE',  #2841 ) ;
#10902 = AXIS2_PLACEMENT_3D ( 'NONE', #2542, #6307, #9397 ) ;
#10903 = CARTESIAN_POINT ( 'NONE',  ( 3.250000000000000888, 0.2699999999999994071, -1.159999999999999032 ) ) ;
#10904 = VERTEX_POINT ( 'NONE', #3791 ) ;
#10905 = CIRCLE ( 'NONE', #5711, 0.08999999999999980238 ) ;
#10906 = PLANE ( 'NONE',  #4679 ) ;
#10907 = DIRECTION ( 'NONE',  ( 0.000000000000000000, 0.000000000000000000, 1.000000000000000000 ) ) ;
#10908 = ORIENTED_EDGE ( 'NONE', *, *, #12084, .T. ) ;
#10909 = FACE_OUTER_BOUND ( 'NONE', #12608, .T. ) ;
#10910 = UNCERTAINTY_MEASURE_WITH_UNIT (LENGTH_MEASURE( 1.000000000000000082E-05 ), #12427, 'distance_accuracy_value', 'NONE');
#10911 = SURFACE_STYLE_FILL_AREA ( #7453 ) ;
#10912 = UNCERTAINTY_MEASURE_WITH_UNIT (LENGTH_MEASURE( 1.000000000000000082E-05 ), #12353, 'distance_accuracy_value', 'NONE');
#10913 = DIRECTION ( 'NONE',  ( 0.000000000000000000, 0.000000000000000000, -1.000000000000000000 ) ) ;
#10914 = EDGE_CURVE ( 'NONE', #5011, #5931, #7698, .T. ) ;
#10915 = AXIS2_PLACEMENT_3D ( 'NONE', #1160, #7220, #7125 ) ;
#10916 = DIRECTION ( 'NONE',  ( -0.000000000000000000, 1.000000000000000000, -0.000000000000000000 ) ) ;
#10917 = DIRECTION ( 'NONE',  ( -1.000000000000000000, 0.000000000000000000, 0.000000000000000000 ) ) ;
#10918 = ORIENTED_EDGE ( 'NONE', *, *, #2552, .F. ) ;
#10919 = ORIENTED_EDGE ( 'NONE', *, *, #4014, .F. ) ;
#10920 = CIRCLE ( 'NONE', #487, 0.08999999999999980238 ) ;
#10921 = AXIS2_PLACEMENT_3D ( 'NONE', #7825, #936, #1902 ) ;
#10922 = EDGE_LOOP ( 'NONE', ( #1785, #4722, #2528 ) ) ;
#10923 = DIRECTION ( 'NONE',  ( -1.000000000000000000, 0.000000000000000000, 0.000000000000000000 ) ) ;
#10924 = PRESENTATION_STYLE_ASSIGNMENT (( #2336 ) ) ;
#10925 = CARTESIAN_POINT ( 'NONE',  ( -0.2499999999999997780, 0.2699999999999994071, -3.249999999999999112 ) ) ;
#10926 = CARTESIAN_POINT ( 'NONE',  ( 3.250000000000000888, 0.2699999999999994071, 0.3400000000000009126 ) ) ;
#10928 = ORIENTED_EDGE ( 'NONE', *, *, #3905, .T. ) ;
#10927 =( NAMED_UNIT ( * ) SI_UNIT ( $, .STERADIAN. ) SOLID_ANGLE_UNIT ( ) );
#10929 = PRESENTATION_STYLE_ASSIGNMENT (( #2174 ) ) ;
#10930 = DIRECTION ( 'NONE',  ( 1.000000000000000000, 0.000000000000000000, -0.000000000000000000 ) ) ;
#10931 = PRESENTATION_LAYER_ASSIGNMENT (  '', '', ( #7987 ) ) ;
#10932 = CARTESIAN_POINT ( 'NONE',  ( -2.750000000000000000, 0.1499999999999999944, 2.250000000000000444 ) ) ;
#10933 = CIRCLE ( 'NONE', #9398, 0.1499999999999999667 ) ;
#10934 = CIRCLE ( 'NONE', #957, 0.08999999999999980238 ) ;
#10935 = DIRECTION ( 'NONE',  ( 0.000000000000000000, 0.000000000000000000, 1.000000000000000000 ) ) ;
#10936 =( NAMED_UNIT ( * ) PLANE_ANGLE_UNIT ( ) SI_UNIT ( $, .RADIAN. ) );
#10937 =( GEOMETRIC_REPRESENTATION_CONTEXT ( 3 ) GLOBAL_UNCERTAINTY_ASSIGNED_CONTEXT ( ( #9002 ) ) GLOBAL_UNIT_ASSIGNED_CONTEXT ( ( #7645, #9797, #12522 ) ) REPRESENTATION_CONTEXT ( 'NONE', 'WORKASPACE' ) );
#10938 = EDGE_LOOP ( 'NONE', ( #1304, #1492, #10918 ) ) ;
#10939 = FILL_AREA_STYLE_COLOUR ( '', #1627 ) ;
#10940 = DIRECTION ( 'NONE',  ( 0.000000000000000000, 0.000000000000000000, 1.000000000000000000 ) ) ;
#10941 = DIRECTION ( 'NONE',  ( -0.000000000000000000, 1.000000000000000000, 0.000000000000000000 ) ) ;
#10942 = ORIENTED_EDGE ( 'NONE', *, *, #2352, .T. ) ;
#10943 = ORIENTED_EDGE ( 'NONE', *, *, #8598, .F. ) ;
#10944 =( GEOMETRIC_REPRESENTATION_CONTEXT ( 3 ) GLOBAL_UNCERTAINTY_ASSIGNED_CONTEXT ( ( #1375 ) ) GLOBAL_UNIT_ASSIGNED_CONTEXT ( ( #6240, #11926, #3891 ) ) REPRESENTATION_CONTEXT ( 'NONE', 'WORKASPACE' ) );
#10945 = SURFACE_STYLE_FILL_AREA ( #2638 ) ;
#10946 = DIRECTION ( 'NONE',  ( 0.000000000000000000, 0.000000000000000000, 1.000000000000000000 ) ) ;
#10947 = DIRECTION ( 'NONE',  ( 1.000000000000000000, 0.000000000000000000, -0.000000000000000000 ) ) ;
#10948 = ORIENTED_EDGE ( 'NONE', *, *, #5633, .F. ) ;
#10949 = FILL_AREA_STYLE_COLOUR ( '', #2566 ) ;
#10950 = MANIFOLD_SOLID_BREP ( 'LPattern1[74]', #3756 ) ;
#10951 = PRESENTATION_STYLE_ASSIGNMENT (( #845 ) ) ;
#10952 = FACE_OUTER_BOUND ( 'NONE', #7702, .T. ) ;
#10953 = ADVANCED_FACE ( 'NONE', ( #7504 ), #3269, .T. ) ;
#10954 = DIRECTION ( 'NONE',  ( 0.000000000000000000, 0.000000000000000000, 1.000000000000000000 ) ) ;
#10955 = ADVANCED_FACE ( 'NONE', ( #7294 ), #2143, .T. ) ;
#10956 = CARTESIAN_POINT ( 'NONE',  ( 3.250000000000000888, 0.2699999999999994071, -3.159999999999999254 ) ) ;
#10957 = CARTESIAN_POINT ( 'NONE',  ( -0.2499999999999997780, 0.2699999999999994071, -2.659999999999999254 ) ) ;
#10958 = AXIS2_PLACEMENT_3D ( 'NONE', #8915, #11849, #12816 ) ;
#10959 = DIRECTION ( 'NONE',  ( 0.000000000000000000, 0.000000000000000000, -1.000000000000000000 ) ) ;
#10960 = FILL_AREA_STYLE ('',( #5386 ) ) ;
#10961 = DIRECTION ( 'NONE',  ( 1.000000000000000000, -0.000000000000000000, 0.000000000000000000 ) ) ;
#10962 = DIRECTION ( 'NONE',  ( 0.000000000000000000, 0.000000000000000000, 1.000000000000000000 ) ) ;
#10963 = EDGE_CURVE ( 'NONE', #3676, #11982, #3143, .T. ) ;
#10964 = DIRECTION ( 'NONE',  ( -0.000000000000000000, 1.000000000000000000, -0.000000000000000000 ) ) ;
#10965 = FILL_AREA_STYLE ('',( #250 ) ) ;
#10966 = VERTEX_POINT ( 'NONE', #11900 ) ;
#10967 = AXIS2_PLACEMENT_3D ( 'NONE', #1285, #1997, #2979 ) ;
#10968 = VERTEX_POINT ( 'NONE', #6054 ) ;
#10969 = FILL_AREA_STYLE ('',( #12068 ) ) ;
#10970 = DIRECTION ( 'NONE',  ( -0.000000000000000000, 1.000000000000000000, 0.000000000000000000 ) ) ;
#10971 = CIRCLE ( 'NONE', #1682, 0.1499999999999998557 ) ;
#10972 = CARTESIAN_POINT ( 'NONE',  ( -0.7499999999999997780, 0.1499999999999999944, -3.249999999999999556 ) ) ;
#10973 = STYLED_ITEM ( 'NONE', ( #10519 ), #2668 ) ;
#10974 = ORIENTED_EDGE ( 'NONE', *, *, #4497, .F. ) ;
#10975 = PRESENTATION_STYLE_ASSIGNMENT (( #3510 ) ) ;
#10976 = CIRCLE ( 'NONE', #5703, 0.4312500000000001887 ) ;
#10977 = CIRCLE ( 'NONE', #11913, 0.1499999999999999667 ) ;
#10978 = CIRCLE ( 'NONE', #8320, 0.1499999999999999667 ) ;
#10979 = DIRECTION ( 'NONE',  ( -1.000000000000000000, 0.000000000000000000, 0.000000000000000000 ) ) ;
#10980 = EDGE_CURVE ( 'NONE', #5778, #3270, #7616, .T. ) ;
#10981 = AXIS2_PLACEMENT_3D ( 'NONE', #4869, #3019, #8772 ) ;
#10982 = EDGE_LOOP ( 'NONE', ( #694, #8515, #267 ) ) ;
#10983 = AXIS2_PLACEMENT_3D ( 'NONE', #6445, #2192, #5441 ) ;
#10984 = SURFACE_STYLE_USAGE ( .BOTH. , #97 ) ;
#10985 =( NAMED_UNIT ( * ) SI_UNIT ( $, .STERADIAN. ) SOLID_ANGLE_UNIT ( ) );
#10986 = EDGE_LOOP ( 'NONE', ( #9135, #1546, #7790 ) ) ;
#10987 = EDGE_CURVE ( 'NONE', #12710, #2556, #3346, .T. ) ;
#10988 = CARTESIAN_POINT ( 'NONE',  ( 0.7500000000000002220, 0.2699999999999994071, 2.840000000000001190 ) ) ;
#10989 = AXIS2_PLACEMENT_3D ( 'NONE', #8030, #7022, #4763 ) ;
#10990 = LINE ( 'NONE', #3317, #2536 ) ;
#10991 = AXIS2_PLACEMENT_3D ( 'NONE', #11504, #11031, #632 ) ;
#10992 = DIRECTION ( 'NONE',  ( 1.000000000000000000, 0.000000000000000000, -0.000000000000000000 ) ) ;
#10993 = CARTESIAN_POINT ( 'NONE',  ( 2.750000000000000444, 0.2699999999999994071, 0.8400000000000008571 ) ) ;
#10994 = ORIENTED_EDGE ( 'NONE', *, *, #7167, .F. ) ;
#10995 = ADVANCED_FACE ( 'NONE', ( #2990 ), #11905, .T. ) ;
#10996 = EDGE_CURVE ( 'NONE', #11013, #9998, #7639, .T. ) ;
#10997 = AXIS2_PLACEMENT_3D ( 'NONE', #4989, #10724, #1810 ) ;
#10998 = CIRCLE ( 'NONE', #243, 0.1499999999999999667 ) ;
#10999 = CARTESIAN_POINT ( 'NONE',  ( -1.249999999999999778, 0.2699999999999994071, 1.340000000000001412 ) ) ;
#11000 = DIRECTION ( 'NONE',  ( 1.000000000000000000, 0.000000000000000000, 1.224646799147353207E-16 ) ) ;
#11001 = DIRECTION ( 'NONE',  ( 0.000000000000000000, 0.000000000000000000, 1.000000000000000000 ) ) ;
#11002 = AXIS2_PLACEMENT_3D ( 'NONE', #337, #8398, #2047 ) ;
#11003 = CARTESIAN_POINT ( 'NONE',  ( 2.250000000000000000, 0.2699999999999994071, 2.160000000000000586 ) ) ;
#11004 = ADVANCED_FACE ( 'NONE', ( #11633 ), #7481, .T. ) ;
#11005 = EDGE_CURVE ( 'NONE', #11854, #10349, #7684, .T. ) ;
#11006 = DIRECTION ( 'NONE',  ( -1.000000000000000000, 0.000000000000000000, 0.000000000000000000 ) ) ;
#11007 = PRESENTATION_STYLE_ASSIGNMENT (( #12137 ) ) ;
#11008 = CARTESIAN_POINT ( 'NONE',  ( -2.250000000000000000, 0.2699999999999994071, 1.250000000000001554 ) ) ;
#11009 = AXIS2_PLACEMENT_3D ( 'NONE', #6482, #7407, #6658 ) ;
#11010 = VECTOR ( 'NONE', #3285, 1000.000000000000000 ) ;
#11011 = EDGE_CURVE ( 'NONE', #3732, #2665, #7254, .T. ) ;
#11012 = CLOSED_SHELL ( 'NONE', ( #2793, #4910, #3755 ) ) ;
#11013 = VERTEX_POINT ( 'NONE', #6225 ) ;
#11014 = AXIS2_PLACEMENT_3D ( 'NONE', #5989, #7992, #10003 ) ;
#11015 = FACE_OUTER_BOUND ( 'NONE', #10126, .T. ) ;
#11016 = DIRECTION ( 'NONE',  ( -0.000000000000000000, 1.000000000000000000, -0.000000000000000000 ) ) ;
#11017 = EDGE_CURVE ( 'NONE', #6935, #3251, #11784, .T. ) ;
#11018 = VERTEX_POINT ( 'NONE', #2949 ) ;
#11019 = CARTESIAN_POINT ( 'NONE',  ( 1.250000000000000666, 0.1499999999999999944, -1.249999999999999334 ) ) ;
#11020 = AXIS2_PLACEMENT_3D ( 'NONE', #982, #8861, #66 ) ;
#11021 = FILL_AREA_STYLE ('',( #12191 ) ) ;
#11022 = DIRECTION ( 'NONE',  ( 0.000000000000000000, 0.000000000000000000, 1.000000000000000000 ) ) ;
#11023 = DIRECTION ( 'NONE',  ( -0.000000000000000000, 1.000000000000000000, -0.000000000000000000 ) ) ;
#11024 = SPHERICAL_SURFACE ( 'NONE', #10648, 0.1499999999999998557 ) ;
#11025 = STYLED_ITEM ( 'NONE', ( #1044 ), #7651 ) ;
#11026 = DIRECTION ( 'NONE',  ( 1.000000000000000000, 0.000000000000000000, 1.224646799147353207E-16 ) ) ;
#11027 = COLOUR_RGB ( '',0.7921568627450980005, 0.8196078431372548767, 0.9333333333333333481 ) ;
#11028 = CARTESIAN_POINT ( 'NONE',  ( 0.2500000000000002220, 0.1499999999999999944, 2.750000000000000888 ) ) ;
#11029 = EDGE_CURVE ( 'NONE', #11405, #8333, #11927, .T. ) ;
#11030 = AXIS2_PLACEMENT_3D ( 'NONE', #4992, #2966, #12003 ) ;
#11031 = DIRECTION ( 'NONE',  ( -0.000000000000000000, 1.000000000000000000, -0.000000000000000000 ) ) ;
#11032 = DIRECTION ( 'NONE',  ( 0.000000000000000000, 0.000000000000000000, 1.000000000000000000 ) ) ;
#11033 =( NAMED_UNIT ( * ) SI_UNIT ( $, .STERADIAN. ) SOLID_ANGLE_UNIT ( ) );
#11034 = EDGE_CURVE ( 'NONE', #2480, #9513, #3192, .T. ) ;
#11035 = DIRECTION ( 'NONE',  ( -0.000000000000000000, 1.000000000000000000, 0.000000000000000000 ) ) ;
#11036 = ORIENTED_EDGE ( 'NONE', *, *, #5762, .F. ) ;
#11037 = EDGE_LOOP ( 'NONE', ( #437, #8335, #8185, #9084 ) ) ;
#11038 = CIRCLE ( 'NONE', #9955, 0.08999999999999980238 ) ;
#11039 = CARTESIAN_POINT ( 'NONE',  ( 1.750000000000000222, 1.355252715606880543E-16, -3.249999999999999556 ) ) ;
#11040 = CARTESIAN_POINT ( 'NONE',  ( -3.250000000000000000, 0.2699999999999994071, -1.659999999999999254 ) ) ;
#11041 = VECTOR ( 'NONE', #1524, 1000.000000000000000 ) ;
#11042 = AXIS2_PLACEMENT_3D ( 'NONE', #5543, #12526, #6540 ) ;
#11043 = FACE_OUTER_BOUND ( 'NONE', #1806, .T. ) ;
#11044 = SPHERICAL_SURFACE ( 'NONE', #5354, 0.1499999999999998557 ) ;
#11045 = COLOUR_RGB ( '',0.7921568627450980005, 0.8196078431372548767, 0.9333333333333333481 ) ;
#11046 = AXIS2_PLACEMENT_3D ( 'NONE', #8423, #4399, #7428 ) ;
#11047 = DIRECTION ( 'NONE',  ( 0.000000000000000000, 0.000000000000000000, 1.000000000000000000 ) ) ;
#11048 = DIRECTION ( 'NONE',  ( 0.000000000000000000, 0.000000000000000000, 1.000000000000000000 ) ) ;
#11049 = EDGE_CURVE ( 'NONE', #10860, #6527, #3305, .T. ) ;
#11050 = EDGE_CURVE ( 'NONE', #9228, #588, #3012, .T. ) ;
#11051 =( NAMED_UNIT ( * ) SI_UNIT ( $, .STERADIAN. ) SOLID_ANGLE_UNIT ( ) );
#11052 = CARTESIAN_POINT ( 'NONE',  ( -2.750000000000000000, 1.355252715606880543E-16, -0.2499999999999993616 ) ) ;
#11053 = EDGE_LOOP ( 'NONE', ( #8278, #5522 ) ) ;
#11054 = DIRECTION ( 'NONE',  ( 0.000000000000000000, 0.000000000000000000, -1.000000000000000000 ) ) ;
#11055 = VERTEX_POINT ( 'NONE', #6137 ) ;
#11056 = CARTESIAN_POINT ( 'NONE',  ( 3.250000000000000888, 0.1499999999999999944, 1.750000000000000666 ) ) ;
#11057 = MANIFOLD_SOLID_BREP ( 'LPattern1[14]', #11699 ) ;
#11058 = EDGE_CURVE ( 'NONE', #5476, #6874, #7663, .T. ) ;
#11059 = FILL_AREA_STYLE_COLOUR ( '', #907 ) ;
#11060 = CARTESIAN_POINT ( 'NONE',  ( 2.250000000000000000, 0.2699999999999994071, 1.840000000000000968 ) ) ;
#11061 = ADVANCED_FACE ( 'NONE', ( #11972 ), #11481, .T. ) ;
#11062 = UNCERTAINTY_MEASURE_WITH_UNIT (LENGTH_MEASURE( 1.000000000000000082E-05 ), #3179, 'distance_accuracy_value', 'NONE');
#11063 = UNCERTAINTY_MEASURE_WITH_UNIT (LENGTH_MEASURE( 1.000000000000000082E-05 ), #1023, 'distance_accuracy_value', 'NONE');
#11064 = ADVANCED_FACE ( 'NONE', ( #3054 ), #5392, .T. ) ;
#11065 = AXIS2_PLACEMENT_3D ( 'NONE', #6027, #7019, #8027 ) ;
#11066 = ADVANCED_FACE ( 'NONE', ( #11994 ), #3080, .T. ) ;
#11067 = FACE_OUTER_BOUND ( 'NONE', #403, .T. ) ;
#11068 = FILL_AREA_STYLE_COLOUR ( '', #10609 ) ;
#11069 = AXIS2_PLACEMENT_3D ( 'NONE', #2858, #5806, #10791 ) ;
#11070 = EDGE_LOOP ( 'NONE', ( #2015, #1053, #11801 ) ) ;
#11071 = EDGE_CURVE ( 'NONE', #12817, #2026, #7409, .T. ) ;
#11072 = DIRECTION ( 'NONE',  ( 0.000000000000000000, 0.000000000000000000, 1.000000000000000000 ) ) ;
#11073 = EDGE_LOOP ( 'NONE', ( #4310, #8776, #3792, #11911 ) ) ;
#11074 = UNCERTAINTY_MEASURE_WITH_UNIT (LENGTH_MEASURE( 1.000000000000000082E-05 ), #7350, 'distance_accuracy_value', 'NONE');
#11075 = CARTESIAN_POINT ( 'NONE',  ( -1.249999999999999778, 0.2699999999999994071, 3.340000000000001190 ) ) ;
#11076 = UNCERTAINTY_MEASURE_WITH_UNIT (LENGTH_MEASURE( 1.000000000000000082E-05 ), #2340, 'distance_accuracy_value', 'NONE');
#11077 = DIRECTION ( 'NONE',  ( -0.000000000000000000, 1.000000000000000000, -0.000000000000000000 ) ) ;
#11078 = DIRECTION ( 'NONE',  ( -1.000000000000000000, 0.000000000000000000, 0.000000000000000000 ) ) ;
#11079 = CIRCLE ( 'NONE', #6023, 0.1499999999999998557 ) ;
#11080 = CARTESIAN_POINT ( 'NONE',  ( -2.250000000000000000, 0.2699999999999994071, 2.250000000000000888 ) ) ;
#11081 = DIRECTION ( 'NONE',  ( 1.000000000000000000, 0.000000000000000000, -0.000000000000000000 ) ) ;
#11082 = CARTESIAN_POINT ( 'NONE',  ( 3.250000000000000888, 0.1499999999999999944, -2.249999999999999556 ) ) ;
#11083 = SURFACE_STYLE_FILL_AREA ( #4288 ) ;
#11084 =( NAMED_UNIT ( * ) PLANE_ANGLE_UNIT ( ) SI_UNIT ( $, .RADIAN. ) );
#11085 = SPHERICAL_SURFACE ( 'NONE', #4251, 0.1499999999999998557 ) ;
#11086 = CARTESIAN_POINT ( 'NONE',  ( -1.249999999999999778, 0.2699999999999994071, 2.160000000000000586 ) ) ;
#11087 = CIRCLE ( 'NONE', #10405, 0.1499999999999999667 ) ;
#11088 =( GEOMETRIC_REPRESENTATION_CONTEXT ( 3 ) GLOBAL_UNCERTAINTY_ASSIGNED_CONTEXT ( ( #3738 ) ) GLOBAL_UNIT_ASSIGNED_CONTEXT ( ( #7579, #7746, #7670 ) ) REPRESENTATION_CONTEXT ( 'NONE', 'WORKASPACE' ) );
#11089 =( NAMED_UNIT ( * ) PLANE_ANGLE_UNIT ( ) SI_UNIT ( $, .RADIAN. ) );
#11090 = ORIENTED_EDGE ( 'NONE', *, *, #776, .T. ) ;
#11091 = ADVANCED_FACE ( 'NONE', ( #8049 ), #7717, .T. ) ;
#11092 = CLOSED_SHELL ( 'NONE', ( #1645, #4582, #2903 ) ) ;
#11093 = DIRECTION ( 'NONE',  ( 0.000000000000000000, -1.000000000000000000, 0.000000000000000000 ) ) ;
#11094 = AXIS2_PLACEMENT_3D ( 'NONE', #3834, #1938, #5773 ) ;
#11095 = PRESENTATION_LAYER_ASSIGNMENT (  '', '', ( #11560 ) ) ;
#11096 = AXIS2_PLACEMENT_3D ( 'NONE', #10150, #2229, #6474 ) ;
#11097 =( NAMED_UNIT ( * ) PLANE_ANGLE_UNIT ( ) SI_UNIT ( $, .RADIAN. ) );
#11098 = SURFACE_STYLE_FILL_AREA ( #8495 ) ;
#11099 = EDGE_CURVE ( 'NONE', #3958, #11436, #7945, .T. ) ;
#11100 = DIRECTION ( 'NONE',  ( 0.000000000000000000, 0.000000000000000000, 1.000000000000000000 ) ) ;
#11101 = AXIS2_PLACEMENT_3D ( 'NONE', #10015, #1113, #10101 ) ;
#11102 = DIRECTION ( 'NONE',  ( 0.000000000000000000, 0.000000000000000000, 1.000000000000000000 ) ) ;
#11103 = ADVANCED_FACE ( 'NONE', ( #12290 ), #12434, .T. ) ;
#11104 = COLOUR_RGB ( '',0.7921568627450980005, 0.8196078431372548767, 0.9333333333333333481 ) ;
#11105 = AXIS2_PLACEMENT_3D ( 'NONE', #10090, #279, #2078 ) ;
#11106 = FILL_AREA_STYLE_COLOUR ( '', #11045 ) ;
#11107 = CARTESIAN_POINT ( 'NONE',  ( 1.250000000000000666, 0.2699999999999994071, 1.250000000000001554 ) ) ;
#11108 = DIRECTION ( 'NONE',  ( 0.000000000000000000, 0.000000000000000000, -1.000000000000000000 ) ) ;
#11109 = PRESENTATION_STYLE_ASSIGNMENT (( #11869 ) ) ;
#11110 = DIRECTION ( 'NONE',  ( 0.000000000000000000, 0.000000000000000000, 1.000000000000000000 ) ) ;
#11111 = FILL_AREA_STYLE ('',( #11190 ) ) ;
#11112 = EDGE_LOOP ( 'NONE', ( #9811, #5712, #10875 ) ) ;
#11113 = EDGE_LOOP ( 'NONE', ( #8559, #8976, #9245 ) ) ;
#11114 = CARTESIAN_POINT ( 'NONE',  ( -2.250000000000000000, 0.1499999999999999944, 1.250000000000001110 ) ) ;
#11115 = EDGE_CURVE ( 'NONE', #7295, #1621, #7882, .T. ) ;
#11116 = FACE_OUTER_BOUND ( 'NONE', #10752, .T. ) ;
#11117 = STYLED_ITEM ( 'NONE', ( #7173 ), #5030 ) ;
#11118 = AXIS2_PLACEMENT_3D ( 'NONE', #1470, #2432, #10440 ) ;
#11119 = SURFACE_STYLE_USAGE ( .BOTH. , #10437 ) ;
#11120 = EDGE_CURVE ( 'NONE', #8153, #2923, #8004, .T. ) ;
#11121 = DIRECTION ( 'NONE',  ( 0.000000000000000000, 0.000000000000000000, -1.000000000000000000 ) ) ;
#11122 = FILL_AREA_STYLE_COLOUR ( '', #10777 ) ;
#11123 = ORIENTED_EDGE ( 'NONE', *, *, #9600, .T. ) ;
#11124 = CARTESIAN_POINT ( 'NONE',  ( -3.250000000000000000, 0.1499999999999999944, -0.7499999999999993339 ) ) ;
#11125 = DIRECTION ( 'NONE',  ( 0.000000000000000000, 0.000000000000000000, 1.000000000000000000 ) ) ;
#11126 = FACE_OUTER_BOUND ( 'NONE', #10868, .T. ) ;
#11127 = DIRECTION ( 'NONE',  ( 0.000000000000000000, 0.000000000000000000, 1.000000000000000000 ) ) ;
#11128 = CLOSED_SHELL ( 'NONE', ( #10257, #11301, #5896 ) ) ;
#11129 = DIRECTION ( 'NONE',  ( 0.000000000000000000, 0.000000000000000000, 1.000000000000000000 ) ) ;
#11130 = ORIENTED_EDGE ( 'NONE', *, *, #10551, .T. ) ;
#11131 = SURFACE_SIDE_STYLE ('',( #6255 ) ) ;
#11132 = CARTESIAN_POINT ( 'NONE',  ( -1.249999999999999778, 0.2699999999999994071, 0.6600000000000006972 ) ) ;
#11133 = FACE_OUTER_BOUND ( 'NONE', #2790, .T. ) ;
#11134 = DIRECTION ( 'NONE',  ( 0.000000000000000000, 0.000000000000000000, 1.000000000000000000 ) ) ;
#11135 = COLOUR_RGB ( '',0.7921568627450980005, 0.8196078431372548767, 0.9333333333333333481 ) ;
#11136 = CARTESIAN_POINT ( 'NONE',  ( 0.7500000000000002220, 0.2699999999999994071, -1.249999999999998890 ) ) ;
#11137 = STYLED_ITEM ( 'NONE', ( #1059 ), #4248 ) ;
#11138 = COLOUR_RGB ( '',0.7921568627450980005, 0.8196078431372548767, 0.9333333333333333481 ) ;
#11139 = MECHANICAL_DESIGN_GEOMETRIC_PRESENTATION_REPRESENTATION (  '', ( #11608 ), #12674 ) ;
#11140 = CIRCLE ( 'NONE', #11736, 0.1499999999999999667 ) ;
#11141 = MANIFOLD_SOLID_BREP ( 'LPattern1[20]', #9223 ) ;
#11142 = EDGE_CURVE ( 'NONE', #1211, #3728, #8023, .T. ) ;
#11143 = AXIS2_PLACEMENT_3D ( 'NONE', #1374, #3680, #639 ) ;
#11144 = CIRCLE ( 'NONE', #10725, 0.08999999999999980238 ) ;
#11145 = DIRECTION ( 'NONE',  ( 0.000000000000000000, -0.000000000000000000, -1.000000000000000000 ) ) ;
#11146 = ORIENTED_EDGE ( 'NONE', *, *, #1237, .F. ) ;
#11147 = CLOSED_SHELL ( 'NONE', ( #9088, #1245, #4314 ) ) ;
#11148 = STYLED_ITEM ( 'NONE', ( #5792 ), #7904 ) ;
#11149 = ORIENTED_EDGE ( 'NONE', *, *, #2154, .F. ) ;
#11150 = EDGE_CURVE ( 'NONE', #12449, #5029, #12333, .T. ) ;
#11151 = CARTESIAN_POINT ( 'NONE',  ( -2.750000000000000000, 0.1499999999999999944, -1.249999999999999334 ) ) ;
#11152 = CIRCLE ( 'NONE', #4312, 0.1499999999999999667 ) ;
#11153 = DIRECTION ( 'NONE',  ( 1.000000000000000000, 0.000000000000000000, -0.000000000000000000 ) ) ;
#11154 = ADVANCED_FACE ( 'NONE', ( #12104 ), #5309, .T. ) ;
#11155 = DIRECTION ( 'NONE',  ( 0.000000000000000000, 0.000000000000000000, 1.000000000000000000 ) ) ;
#11156 = EDGE_CURVE ( 'NONE', #8255, #9166, #3504, .T. ) ;
#11157 = CARTESIAN_POINT ( 'NONE',  ( -1.749999999999999778, 0.2699999999999994071, -3.339999999999999414 ) ) ;
#11158 = DIRECTION ( 'NONE',  ( 1.000000000000000000, 0.000000000000000000, -0.000000000000000000 ) ) ;
#11159 = CIRCLE ( 'NONE', #6557, 0.1499999999999998557 ) ;
#11160 = CARTESIAN_POINT ( 'NONE',  ( -0.2499999999999997780, 0.2699999999999994071, 1.340000000000001412 ) ) ;
#11161 = ADVANCED_FACE ( 'NONE', ( #7907 ), #10558, .T. ) ;
#11162 = CARTESIAN_POINT ( 'NONE',  ( 0.2500000000000002220, 0.2699999999999994071, -3.159999999999999254 ) ) ;
#11163 = ADVANCED_FACE ( 'NONE', ( #3642 ), #7929, .T. ) ;
#11164 = CIRCLE ( 'NONE', #8156, 0.1499999999999999667 ) ;
#11165 = CIRCLE ( 'NONE', #12273, 0.08999999999999980238 ) ;
#11166 = VERTEX_POINT ( 'NONE', #9831 ) ;
#11167 = AXIS2_PLACEMENT_3D ( 'NONE', #6920, #5106, #11950 ) ;
#11168 = ORIENTED_EDGE ( 'NONE', *, *, #3144, .F. ) ;
#11169 = VERTEX_POINT ( 'NONE', #7076 ) ;
#11170 = AXIS2_PLACEMENT_3D ( 'NONE', #6537, #4428, #7725 ) ;
#11171 = ADVANCED_FACE ( 'NONE', ( #3482 ), #8904, .T. ) ;
#11172 = ADVANCED_FACE ( 'NONE', ( #3744 ), #7861, .T. ) ;
#11173 = FACE_OUTER_BOUND ( 'NONE', #8884, .T. ) ;
#11174 = AXIS2_PLACEMENT_3D ( 'NONE', #4169, #489, #8449 ) ;
#11175 = FILL_AREA_STYLE ('',( #11262 ) ) ;
#11176 = EDGE_CURVE ( 'NONE', #1501, #2155, #12354, .T. ) ;
#11177 = FILL_AREA_STYLE_COLOUR ( '', #3818 ) ;
#11178 = SURFACE_STYLE_FILL_AREA ( #4574 ) ;
#11179 = CARTESIAN_POINT ( 'NONE',  ( 2.750000000000000444, 0.2699999999999994071, -1.749999999999998890 ) ) ;
#11180 = DIRECTION ( 'NONE',  ( 1.000000000000000000, 0.000000000000000000, -0.000000000000000000 ) ) ;
#11181 = DIRECTION ( 'NONE',  ( -1.000000000000000000, 0.000000000000000000, 0.000000000000000000 ) ) ;
#11182 = SURFACE_STYLE_USAGE ( .BOTH. , #5449 ) ;
#11183 = CARTESIAN_POINT ( 'NONE',  ( -0.2499999999999997780, 0.2699999999999994071, -1.249999999999998890 ) ) ;
#11184 = DIRECTION ( 'NONE',  ( 0.000000000000000000, 0.000000000000000000, 1.000000000000000000 ) ) ;
#11185 = ORIENTED_EDGE ( 'NONE', *, *, #10605, .F. ) ;
#11186 = DIRECTION ( 'NONE',  ( -0.000000000000000000, 1.000000000000000000, -0.000000000000000000 ) ) ;
#11187 = PLANE ( 'NONE',  #1798 ) ;
#11188 = COLOUR_RGB ( '',0.7921568627450980005, 0.8196078431372548767, 0.9333333333333333481 ) ;
#11189 = DIRECTION ( 'NONE',  ( -0.000000000000000000, 1.000000000000000000, -0.000000000000000000 ) ) ;
#11190 = FILL_AREA_STYLE_COLOUR ( '', #9024 ) ;
#11191 = EDGE_LOOP ( 'NONE', ( #7523, #3325, #10195 ) ) ;
#11192 = ADVANCED_FACE ( 'NONE', ( #3584 ), #852, .T. ) ;
#11193 = VERTEX_POINT ( 'NONE', #12633 ) ;
#11194 = AXIS2_PLACEMENT_3D ( 'NONE', #12640, #9654, #3577 ) ;
#11195 = AXIS2_PLACEMENT_3D ( 'NONE', #164, #7978, #11129 ) ;
#11196 = CIRCLE ( 'NONE', #1995, 0.08999999999999980238 ) ;
#11197 = CARTESIAN_POINT ( 'NONE',  ( 3.250000000000000888, 0.1499999999999999944, -3.249999999999999556 ) ) ;
#11198 = DIRECTION ( 'NONE',  ( 0.000000000000000000, 0.000000000000000000, 1.000000000000000000 ) ) ;
#11199 = AXIS2_PLACEMENT_3D ( 'NONE', #2928, #1051, #8124 ) ;
#11200 = VECTOR ( 'NONE', #1339, 1000.000000000000000 ) ;
#11201 = ADVANCED_FACE ( 'NONE', ( #7967 ), #8161, .T. ) ;
#11202 = ORIENTED_EDGE ( 'NONE', *, *, #7780, .T. ) ;
#11203 = DIRECTION ( 'NONE',  ( 0.000000000000000000, 0.000000000000000000, 1.000000000000000000 ) ) ;
#11204 = AXIS2_PLACEMENT_3D ( 'NONE', #12338, #12499, #6594 ) ;
#11205 = CIRCLE ( 'NONE', #8986, 0.1499999999999999667 ) ;
#11206 = ORIENTED_EDGE ( 'NONE', *, *, #8652, .F. ) ;
#11207 = CARTESIAN_POINT ( 'NONE',  ( -3.250000000000000000, 0.2699999999999994071, -2.159999999999999254 ) ) ;
#11208 = CARTESIAN_POINT ( 'NONE',  ( -3.250000000000000000, 0.2699999999999994071, 0.3400000000000009126 ) ) ;
#11209 = FILL_AREA_STYLE_COLOUR ( '', #7541 ) ;
#11210 = SPHERICAL_SURFACE ( 'NONE', #11375, 0.1499999999999998557 ) ;
#11211 = PLANE ( 'NONE',  #2813 ) ;
#11212 = DIRECTION ( 'NONE',  ( 1.000000000000000000, 0.000000000000000000, 1.224646799147353207E-16 ) ) ;
#11213 = VERTEX_POINT ( 'NONE', #5834 ) ;
#11214 = UNCERTAINTY_MEASURE_WITH_UNIT (LENGTH_MEASURE( 1.000000000000000082E-05 ), #10262, 'distance_accuracy_value', 'NONE');
#11215 = DIRECTION ( 'NONE',  ( 1.000000000000000000, 0.000000000000000000, 1.224646799147353207E-16 ) ) ;
#11216 = EDGE_LOOP ( 'NONE', ( #10323, #10269, #6024 ) ) ;
#11217 = DIRECTION ( 'NONE',  ( 0.000000000000000000, 0.000000000000000000, 1.000000000000000000 ) ) ;
#11218 = FACE_OUTER_BOUND ( 'NONE', #9418, .T. ) ;
#11219 = SURFACE_STYLE_USAGE ( .BOTH. , #9887 ) ;
#11220 = AXIS2_PLACEMENT_3D ( 'NONE', #8766, #7954, #8681 ) ;
#11221 = DIRECTION ( 'NONE',  ( 0.000000000000000000, 0.000000000000000000, 1.000000000000000000 ) ) ;
#11222 = STYLED_ITEM ( 'NONE', ( #2597 ), #10856 ) ;
#11223 = CIRCLE ( 'NONE', #6747, 0.08999999999999980238 ) ;
#11224 = CIRCLE ( 'NONE', #5471, 0.1499999999999999667 ) ;
#11225 = ORIENTED_EDGE ( 'NONE', *, *, #690, .T. ) ;
#11226 = EDGE_CURVE ( 'NONE', #5476, #3958, #12270, .T. ) ;
#11227 = SPHERICAL_SURFACE ( 'NONE', #5987, 0.1499999999999998557 ) ;
#11228 = PRESENTATION_LAYER_ASSIGNMENT (  '', '', ( #3614 ) ) ;
#11229 = CIRCLE ( 'NONE', #6689, 0.1499999999999998557 ) ;
#11230 = ORIENTED_EDGE ( 'NONE', *, *, #12838, .F. ) ;
#11231 = PRESENTATION_LAYER_ASSIGNMENT (  '', '', ( #11882 ) ) ;
#11232 = FACE_OUTER_BOUND ( 'NONE', #508, .T. ) ;
#11233 = EDGE_LOOP ( 'NONE', ( #1298, #9726 ) ) ;
#11234 = PLANE ( 'NONE',  #126 ) ;
#11235 = VERTEX_POINT ( 'NONE', #1911 ) ;
#11236 = AXIS2_PLACEMENT_3D ( 'NONE', #10617, #7802, #10789 ) ;
#11237 =( NAMED_UNIT ( * ) PLANE_ANGLE_UNIT ( ) SI_UNIT ( $, .RADIAN. ) );
#11238 = CARTESIAN_POINT ( 'NONE',  ( -3.250000000000000000, 0.2699999999999994071, -2.339999999999999414 ) ) ;
#11239 = DIRECTION ( 'NONE',  ( 0.000000000000000000, 0.000000000000000000, 1.000000000000000000 ) ) ;
#11240 = MANIFOLD_SOLID_BREP ( 'LPattern1[185]', #2678 ) ;
#11241 = CARTESIAN_POINT ( 'NONE',  ( -2.750000000000000000, 0.2699999999999994071, 3.340000000000001190 ) ) ;
#11242 = DIRECTION ( 'NONE',  ( 0.000000000000000000, 0.000000000000000000, -1.000000000000000000 ) ) ;
#11243 = FACE_OUTER_BOUND ( 'NONE', #1574, .T. ) ;
#11244 = AXIS2_PLACEMENT_3D ( 'NONE', #9336, #1267, #6486 ) ;
#11245 =( NAMED_UNIT ( * ) SI_UNIT ( $, .STERADIAN. ) SOLID_ANGLE_UNIT ( ) );
#11246 = FACE_OUTER_BOUND ( 'NONE', #4330, .T. ) ;
#11247 = DIRECTION ( 'NONE',  ( -0.000000000000000000, 1.000000000000000000, -0.000000000000000000 ) ) ;
#11248 = DIRECTION ( 'NONE',  ( -1.000000000000000000, 0.000000000000000000, 0.000000000000000000 ) ) ;
#11249 = ORIENTED_EDGE ( 'NONE', *, *, #7246, .T. ) ;
#11250 = CARTESIAN_POINT ( 'NONE',  ( 2.750000000000000444, 0.1499999999999999944, 2.250000000000000444 ) ) ;
#11251 = EDGE_CURVE ( 'NONE', #1687, #2044, #12088, .T. ) ;
#11252 = ORIENTED_EDGE ( 'NONE', *, *, #2833, .F. ) ;
#11253 =( GEOMETRIC_REPRESENTATION_CONTEXT ( 3 ) GLOBAL_UNCERTAINTY_ASSIGNED_CONTEXT ( ( #9468 ) ) GLOBAL_UNIT_ASSIGNED_CONTEXT ( ( #4404, #5513, #3433 ) ) REPRESENTATION_CONTEXT ( 'NONE', 'WORKASPACE' ) );
#11254 = AXIS2_PLACEMENT_3D ( 'NONE', #8773, #3775, #9965 ) ;
#11255 = SURFACE_STYLE_FILL_AREA ( #7558 ) ;
#11256 = CARTESIAN_POINT ( 'NONE',  ( 0.2500000000000002220, 0.2699999999999994071, -2.159999999999998810 ) ) ;
#11257 = ORIENTED_EDGE ( 'NONE', *, *, #5244, .F. ) ;
#11258 = CARTESIAN_POINT ( 'NONE',  ( 1.750000000000000222, 0.2699999999999994071, 2.340000000000000302 ) ) ;
#11259 = AXIS2_PLACEMENT_3D ( 'NONE', #12177, #6005, #5255 ) ;
#11260 = VERTEX_POINT ( 'NONE', #6990 ) ;
#11261 = FACE_OUTER_BOUND ( 'NONE', #3557, .T. ) ;
#11262 = FILL_AREA_STYLE_COLOUR ( '', #2062 ) ;
#11263 = FILL_AREA_STYLE ('',( #11177 ) ) ;
#11264 = PRESENTATION_STYLE_ASSIGNMENT (( #7668 ) ) ;
#11265 =( LENGTH_UNIT ( ) NAMED_UNIT ( * ) SI_UNIT ( .MILLI., .METRE. ) );
#11266 = DIRECTION ( 'NONE',  ( 1.000000000000000000, 0.000000000000000000, 1.224646799147353207E-16 ) ) ;
#11267 = DIRECTION ( 'NONE',  ( 0.000000000000000000, 0.000000000000000000, 1.000000000000000000 ) ) ;
#11268 = CIRCLE ( 'NONE', #2063, 0.08999999999999980238 ) ;
#11269 = VERTEX_POINT ( 'NONE', #8991 ) ;
#11270 = FACE_OUTER_BOUND ( 'NONE', #6973, .T. ) ;
#11271 = ADVANCED_FACE ( 'NONE', ( #8135 ), #3067, .T. ) ;
#11272 = DIRECTION ( 'NONE',  ( -0.000000000000000000, 1.000000000000000000, -0.000000000000000000 ) ) ;
#11273 = ADVANCED_FACE ( 'NONE', ( #3821 ), #6732, .T. ) ;
#11274 = CARTESIAN_POINT ( 'NONE',  ( 2.750000000000000444, 0.1499999999999999944, -2.749999999999999556 ) ) ;
#11275 = CIRCLE ( 'NONE', #6575, 0.1499999999999999667 ) ;
#11276 = CIRCLE ( 'NONE', #8402, 0.1499999999999999667 ) ;
#11277 = ORIENTED_EDGE ( 'NONE', *, *, #4265, .T. ) ;
#11278 = DIRECTION ( 'NONE',  ( -1.000000000000000000, 0.000000000000000000, 0.000000000000000000 ) ) ;
#11279 = EDGE_CURVE ( 'NONE', #4934, #2155, #3443, .T. ) ;
#11280 = CARTESIAN_POINT ( 'NONE',  ( 3.250000000000000888, 0.2699999999999994071, -2.159999999999998810 ) ) ;
#11281 = VERTEX_POINT ( 'NONE', #8427 ) ;
#11282 = AXIS2_PLACEMENT_3D ( 'NONE', #1143, #1773, #1049 ) ;
#11283 = PRESENTATION_LAYER_ASSIGNMENT (  '', '', ( #2408 ) ) ;
#11284 = DIRECTION ( 'NONE',  ( 0.000000000000000000, 0.000000000000000000, 1.000000000000000000 ) ) ;
#11285 = FILL_AREA_STYLE_COLOUR ( '', #12179 ) ;
#11286 = DIRECTION ( 'NONE',  ( 0.000000000000000000, 0.000000000000000000, -1.000000000000000000 ) ) ;
#11287 = ORIENTED_EDGE ( 'NONE', *, *, #5564, .T. ) ;
#11288 = FACE_OUTER_BOUND ( 'NONE', #8304, .T. ) ;
#11289 = AXIS2_PLACEMENT_3D ( 'NONE', #2024, #6109, #1047 ) ;
#11290 = DIRECTION ( 'NONE',  ( 0.000000000000000000, 0.000000000000000000, 1.000000000000000000 ) ) ;
#11291 = FACE_OUTER_BOUND ( 'NONE', #10383, .T. ) ;
#11292 = SURFACE_STYLE_FILL_AREA ( #12525 ) ;
#11293 = ORIENTED_EDGE ( 'NONE', *, *, #8652, .T. ) ;
#11294 = CARTESIAN_POINT ( 'NONE',  ( 2.750000000000000444, 0.2699999999999994071, -3.249999999999999112 ) ) ;
#11295 = DIRECTION ( 'NONE',  ( 0.000000000000000000, 0.000000000000000000, 1.000000000000000000 ) ) ;
#11296 = CARTESIAN_POINT ( 'NONE',  ( 0.2500000000000002220, 0.2699999999999994071, 2.250000000000000888 ) ) ;
#11297 = CIRCLE ( 'NONE', #12154, 0.08999999999999980238 ) ;
#11298 = SURFACE_STYLE_USAGE ( .BOTH. , #10311 ) ;
#11299 = DIRECTION ( 'NONE',  ( 0.000000000000000000, 0.000000000000000000, 1.000000000000000000 ) ) ;
#11300 = VERTEX_POINT ( 'NONE', #12171 ) ;
#11301 = ADVANCED_FACE ( 'NONE', ( #12071 ), #3463, .T. ) ;
#11302 = DIRECTION ( 'NONE',  ( -1.000000000000000000, 0.000000000000000000, 0.000000000000000000 ) ) ;
#11303 =( GEOMETRIC_REPRESENTATION_CONTEXT ( 3 ) GLOBAL_UNCERTAINTY_ASSIGNED_CONTEXT ( ( #1209 ) ) GLOBAL_UNIT_ASSIGNED_CONTEXT ( ( #10884, #5812, #6793 ) ) REPRESENTATION_CONTEXT ( 'NONE', 'WORKASPACE' ) );
#11304 = CARTESIAN_POINT ( 'NONE',  ( -0.2499999999999997780, 0.2699999999999994071, -3.339999999999999414 ) ) ;
#11305 = AXIS2_PLACEMENT_3D ( 'NONE', #10089, #2878, #5160 ) ;
#11306 = CIRCLE ( 'NONE', #11009, 0.1499999999999999667 ) ;
#11307 = EDGE_CURVE ( 'NONE', #7664, #10190, #7776, .T. ) ;
#11308 = AXIS2_PLACEMENT_3D ( 'NONE', #11082, #12807, #6002 ) ;
#11309 = SPHERICAL_SURFACE ( 'NONE', #8970, 0.1499999999999998557 ) ;
#11310 = SPHERICAL_SURFACE ( 'NONE', #8175, 0.1499999999999998557 ) ;
#11311 = CARTESIAN_POINT ( 'NONE',  ( -5.745000000000001883, 0.3200000000000000067, -6.000000000000000000 ) ) ;
#11312 = MANIFOLD_SOLID_BREP ( 'LPattern1[88]', #6531 ) ;
#11313 = CIRCLE ( 'NONE', #11551, 0.08999999999999980238 ) ;
#11314 = ADVANCED_FACE ( 'NONE', ( #4084 ), #12878, .T. ) ;
#11315 = ORIENTED_EDGE ( 'NONE', *, *, #8690, .T. ) ;
#11316 = SPHERICAL_SURFACE ( 'NONE', #3150, 0.1499999999999998557 ) ;
#11317 = PRESENTATION_LAYER_ASSIGNMENT (  '', '', ( #11148 ) ) ;
#11318 = EDGE_CURVE ( 'NONE', #12730, #9199, #12697, .T. ) ;
#11319 = FACE_BOUND ( 'NONE', #591, .T. ) ;
#11320 = CLOSED_SHELL ( 'NONE', ( #4284, #5592, #6203 ) ) ;
#11321 = AXIS2_PLACEMENT_3D ( 'NONE', #5242, #10899, #1184 ) ;
#11322 = PRESENTATION_LAYER_ASSIGNMENT (  '', '', ( #10252 ) ) ;
#11323 = CIRCLE ( 'NONE', #2031, 0.1499999999999999667 ) ;
#11324 = EDGE_CURVE ( 'NONE', #10668, #10690, #12657, .T. ) ;
#11325 = EDGE_LOOP ( 'NONE', ( #9129, #4844, #9269 ) ) ;
#11326 =( NAMED_UNIT ( * ) SI_UNIT ( $, .STERADIAN. ) SOLID_ANGLE_UNIT ( ) );
#11327 = DIRECTION ( 'NONE',  ( 0.000000000000000000, 0.000000000000000000, 1.000000000000000000 ) ) ;
#11328 = DIRECTION ( 'NONE',  ( 0.000000000000000000, 0.000000000000000000, -1.000000000000000000 ) ) ;
#11329 = CARTESIAN_POINT ( 'NONE',  ( 2.750000000000000444, 0.1499999999999999944, -0.2499999999999993616 ) ) ;
#11330 = CARTESIAN_POINT ( 'NONE',  ( 1.250000000000000666, 1.355252715606880543E-16, 2.250000000000000444 ) ) ;
#11331 = PLANE ( 'NONE',  #5130 ) ;
#11332 = CIRCLE ( 'NONE', #4452, 0.08999999999999980238 ) ;
#11333 = CARTESIAN_POINT ( 'NONE',  ( 0.7500000000000002220, 1.355252715606880543E-16, -2.749999999999999556 ) ) ;
#11334 = VECTOR ( 'NONE', #1755, 1000.000000000000000 ) ;
#11335 = DIRECTION ( 'NONE',  ( 1.000000000000000000, 0.000000000000000000, -0.000000000000000000 ) ) ;
#11336 = DIRECTION ( 'NONE',  ( 0.000000000000000000, 0.000000000000000000, -1.000000000000000000 ) ) ;
#11337 = AXIS2_PLACEMENT_3D ( 'NONE', #6018, #4002, #7013 ) ;
#11338 = SPHERICAL_SURFACE ( 'NONE', #4080, 0.1499999999999998557 ) ;
#11339 = ORIENTED_EDGE ( 'NONE', *, *, #10001, .T. ) ;
#11340 = VECTOR ( 'NONE', #1609, 1000.000000000000000 ) ;
#11341 = DIRECTION ( 'NONE',  ( 1.000000000000000000, 0.000000000000000000, 1.224646799147353207E-16 ) ) ;
#11342 = AXIS2_PLACEMENT_3D ( 'NONE', #11829, #5730, #4904 ) ;
#11343 = ORIENTED_EDGE ( 'NONE', *, *, #1647, .F. ) ;
#11344 = MANIFOLD_SOLID_BREP ( 'LPattern1[22]', #7873 ) ;
#11345 = EDGE_CURVE ( 'NONE', #2363, #10968, #4046, .T. ) ;
#11346 = AXIS2_PLACEMENT_3D ( 'NONE', #3868, #9619, #2520 ) ;
#11347 = DIRECTION ( 'NONE',  ( 0.000000000000000000, 0.000000000000000000, 1.000000000000000000 ) ) ;
#11348 = VERTEX_POINT ( 'NONE', #10180 ) ;
#11349 = DIRECTION ( 'NONE',  ( 0.000000000000000000, 0.000000000000000000, 1.000000000000000000 ) ) ;
#11350 = EDGE_CURVE ( 'NONE', #4322, #6421, #8309, .T. ) ;
#11351 = SURFACE_SIDE_STYLE ('',( #10782 ) ) ;
#11352 = DIRECTION ( 'NONE',  ( -0.000000000000000000, 1.000000000000000000, 0.000000000000000000 ) ) ;
#11353 = DIRECTION ( 'NONE',  ( -0.000000000000000000, 1.000000000000000000, -0.000000000000000000 ) ) ;
#11354 = DIRECTION ( 'NONE',  ( -1.000000000000000000, 0.000000000000000000, 0.000000000000000000 ) ) ;
#11355 = CARTESIAN_POINT ( 'NONE',  ( 3.250000000000000888, 0.2699999999999994071, 2.340000000000000746 ) ) ;
#11356 = PRESENTATION_STYLE_ASSIGNMENT (( #8611 ) ) ;
#11357 = ORIENTED_EDGE ( 'NONE', *, *, #6827, .T. ) ;
#11358 = PRESENTATION_STYLE_ASSIGNMENT (( #9174 ) ) ;
#11359 = DIRECTION ( 'NONE',  ( 1.000000000000000000, 0.000000000000000000, -0.000000000000000000 ) ) ;
#11360 =( GEOMETRIC_REPRESENTATION_CONTEXT ( 3 ) GLOBAL_UNCERTAINTY_ASSIGNED_CONTEXT ( ( #1036 ) ) GLOBAL_UNIT_ASSIGNED_CONTEXT ( ( #8147, #11989, #77 ) ) REPRESENTATION_CONTEXT ( 'NONE', 'WORKASPACE' ) );
#11361 = DIRECTION ( 'NONE',  ( 1.000000000000000000, 0.000000000000000000, -0.000000000000000000 ) ) ;
#11362 =( NAMED_UNIT ( * ) PLANE_ANGLE_UNIT ( ) SI_UNIT ( $, .RADIAN. ) );
#11363 = CIRCLE ( 'NONE', #5491, 0.08999999999999980238 ) ;
#11364 = CARTESIAN_POINT ( 'NONE',  ( 2.250000000000000000, 0.1499999999999999944, -0.7499999999999993339 ) ) ;
#11365 = EDGE_LOOP ( 'NONE', ( #7921, #8039, #11851 ) ) ;
#11366 = DIRECTION ( 'NONE',  ( 0.000000000000000000, 0.000000000000000000, -1.000000000000000000 ) ) ;
#11367 = CIRCLE ( 'NONE', #9995, 0.08999999999999980238 ) ;
#11368 = DIRECTION ( 'NONE',  ( 0.000000000000000000, 0.000000000000000000, 1.000000000000000000 ) ) ;
#11369 = CARTESIAN_POINT ( 'NONE',  ( 3.250000000000000888, 0.2699999999999994071, -2.249999999999999112 ) ) ;
#11370 = VERTEX_POINT ( 'NONE', #5510 ) ;
#11371 = EDGE_CURVE ( 'NONE', #4322, #8246, #12728, .T. ) ;
#11372 = EDGE_CURVE ( 'NONE', #6094, #7814, #3912, .T. ) ;
#11373 = CARTESIAN_POINT ( 'NONE',  ( 0.7500000000000002220, 0.2699999999999994071, 2.750000000000001332 ) ) ;
#11374 = SURFACE_STYLE_USAGE ( .BOTH. , #12293 ) ;
#11375 = AXIS2_PLACEMENT_3D ( 'NONE', #4378, #2390, #11388 ) ;
#11376 = COLOUR_RGB ( '',0.7921568627450980005, 0.8196078431372548767, 0.9333333333333333481 ) ;
#11377 = DIRECTION ( 'NONE',  ( 0.000000000000000000, 0.000000000000000000, 1.000000000000000000 ) ) ;
#11378 = UNCERTAINTY_MEASURE_WITH_UNIT (LENGTH_MEASURE( 1.000000000000000082E-05 ), #2164, 'distance_accuracy_value', 'NONE');
#11379 = ORIENTED_EDGE ( 'NONE', *, *, #3380, .T. ) ;
#11380 = FACE_OUTER_BOUND ( 'NONE', #8927, .T. ) ;
#11381 = CARTESIAN_POINT ( 'NONE',  ( 2.250000000000000000, 0.2699999999999994071, -0.1599999999999989764 ) ) ;
#11382 = DIRECTION ( 'NONE',  ( 1.000000000000000000, 0.000000000000000000, -0.000000000000000000 ) ) ;
#11383 = EDGE_LOOP ( 'NONE', ( #758, #1183 ) ) ;
#11384 = AXIS2_PLACEMENT_3D ( 'NONE', #11529, #9882, #6858 ) ;
#11385 = DIRECTION ( 'NONE',  ( 1.000000000000000000, 0.000000000000000000, 1.224646799147353207E-16 ) ) ;
#11386 = DIRECTION ( 'NONE',  ( 0.000000000000000000, 0.000000000000000000, 1.000000000000000000 ) ) ;
#11387 = VECTOR ( 'NONE', #6197, 1000.000000000000000 ) ;
#11388 = DIRECTION ( 'NONE',  ( 0.000000000000000000, 0.000000000000000000, 1.000000000000000000 ) ) ;
#11389 = DIRECTION ( 'NONE',  ( 1.000000000000000000, 0.000000000000000000, -0.000000000000000000 ) ) ;
#11390 = ORIENTED_EDGE ( 'NONE', *, *, #937, .T. ) ;
#11391 = DIRECTION ( 'NONE',  ( 0.000000000000000000, 0.000000000000000000, -1.000000000000000000 ) ) ;
#11392 = DIRECTION ( 'NONE',  ( 0.000000000000000000, 0.000000000000000000, 1.000000000000000000 ) ) ;
#11393 = CARTESIAN_POINT ( 'NONE',  ( -5.750000000000001776, 0.2699999999999994071, 6.500000000000000000 ) ) ;
#11394 = EDGE_CURVE ( 'NONE', #9558, #2495, #4060, .T. ) ;
#11395 = ADVANCED_FACE ( 'NONE', ( #12638 ), #7253, .T. ) ;
#11396 = CARTESIAN_POINT ( 'NONE',  ( -0.7499999999999997780, 0.1499999999999999944, 1.250000000000001110 ) ) ;
#11397 = AXIS2_PLACEMENT_3D ( 'NONE', #317, #8291, #7467 ) ;
#11398 = AXIS2_PLACEMENT_3D ( 'NONE', #8412, #2553, #8242 ) ;
#11399 = SURFACE_STYLE_FILL_AREA ( #9016 ) ;
#11400 = EDGE_CURVE ( 'NONE', #11492, #2624, #4128, .T. ) ;
#11401 = COLOUR_RGB ( '',0.7921568627450980005, 0.8196078431372548767, 0.9333333333333333481 ) ;
#11402 = STYLED_ITEM ( 'NONE', ( #3105 ), #1236 ) ;
#11403 = SURFACE_SIDE_STYLE ('',( #12566 ) ) ;
#11404 = CIRCLE ( 'NONE', #6701, 0.1499999999999999667 ) ;
#11405 = VERTEX_POINT ( 'NONE', #11871 ) ;
#11406 = AXIS2_PLACEMENT_3D ( 'NONE', #9349, #6330, #4398 ) ;
#11407 = CARTESIAN_POINT ( 'NONE',  ( -5.750000000000001776, -17.35655495770977907, 6.500000000000000000 ) ) ;
#11408 = CIRCLE ( 'NONE', #4779, 0.08999999999999980238 ) ;
#11409 = ORIENTED_EDGE ( 'NONE', *, *, #9301, .T. ) ;
#11410 = SPHERICAL_SURFACE ( 'NONE', #9516, 0.1499999999999998557 ) ;
#11411 = AXIS2_PLACEMENT_3D ( 'NONE', #12658, #5026, #7014 ) ;
#11412 = ORIENTED_EDGE ( 'NONE', *, *, #309, .F. ) ;
#11413 = ADVANCED_FACE ( 'NONE', ( #4269 ), #4102, .T. ) ;
#11414 = SURFACE_STYLE_USAGE ( .BOTH. , #7518 ) ;
#11415 = MANIFOLD_SOLID_BREP ( 'LPattern1[169]', #9620 ) ;
#11416 = CARTESIAN_POINT ( 'NONE',  ( -3.250000000000000000, 0.2699999999999994071, 0.1600000000000007250 ) ) ;
#11417 = SURFACE_SIDE_STYLE ('',( #5509 ) ) ;
#11418 = EDGE_CURVE ( 'NONE', #8900, #11946, #4209, .T. ) ;
#11419 = CARTESIAN_POINT ( 'NONE',  ( 3.250000000000000888, 0.1499999999999999944, -0.7499999999999993339 ) ) ;
#11420 = AXIS2_PLACEMENT_3D ( 'NONE', #7529, #11335, #12501 ) ;
#11421 = CARTESIAN_POINT ( 'NONE',  ( -3.250000000000000000, 0.2699999999999994071, -1.749999999999998890 ) ) ;
#11422 = FACE_OUTER_BOUND ( 'NONE', #1340, .T. ) ;
#11423 = MECHANICAL_DESIGN_GEOMETRIC_PRESENTATION_REPRESENTATION (  '', ( #3949 ), #8008 ) ;
#11424 = DIRECTION ( 'NONE',  ( 1.000000000000000000, 0.000000000000000000, -0.000000000000000000 ) ) ;
#11425 = DIRECTION ( 'NONE',  ( 1.000000000000000000, 0.000000000000000000, 1.224646799147353207E-16 ) ) ;
#11426 = EDGE_CURVE ( 'NONE', #10858, #12024, #8533, .T. ) ;
#11427 = EDGE_LOOP ( 'NONE', ( #3922, #10634, #3133 ) ) ;
#11428 = MECHANICAL_DESIGN_GEOMETRIC_PRESENTATION_REPRESENTATION (  '', ( #12790 ), #5516 ) ;
#11429 = CIRCLE ( 'NONE', #573, 0.1499999999999999667 ) ;
#11430 = FILL_AREA_STYLE ('',( #2578 ) ) ;
#11431 = CARTESIAN_POINT ( 'NONE',  ( 3.250000000000000888, 0.2699999999999994071, -0.7499999999999988898 ) ) ;
#11432 = CARTESIAN_POINT ( 'NONE',  ( -3.250000000000000000, 0.2699999999999994071, -0.8399999999999994138 ) ) ;
#11433 = COLOUR_RGB ( '',0.7921568627450980005, 0.8196078431372548767, 0.9333333333333333481 ) ;
#11434 = ORIENTED_EDGE ( 'NONE', *, *, #4598, .F. ) ;
#11435 = DIRECTION ( 'NONE',  ( 0.000000000000000000, 0.000000000000000000, 1.000000000000000000 ) ) ;
#11436 = VERTEX_POINT ( 'NONE', #8503 ) ;
#11437 = FACE_OUTER_BOUND ( 'NONE', #9141, .T. ) ;
#11438 = DIRECTION ( 'NONE',  ( 0.000000000000000000, 0.000000000000000000, 1.000000000000000000 ) ) ;
#11439 = DIRECTION ( 'NONE',  ( 0.000000000000000000, 0.000000000000000000, 1.000000000000000000 ) ) ;
#11440 = CARTESIAN_POINT ( 'NONE',  ( 3.250000000000000888, 0.1499999999999999944, 0.7500000000000006661 ) ) ;
#11441 = DIRECTION ( 'NONE',  ( 0.000000000000000000, 0.000000000000000000, 1.000000000000000000 ) ) ;
#11442 = EDGE_CURVE ( 'NONE', #8963, #11405, #3844, .T. ) ;
#11443 = CARTESIAN_POINT ( 'NONE',  ( -1.249999999999999778, 0.2699999999999994071, -2.749999999999999112 ) ) ;
#11444 = STYLED_ITEM ( 'NONE', ( #1131 ), #4440 ) ;
#11445 = ORIENTED_EDGE ( 'NONE', *, *, #11724, .T. ) ;
#11446 = COLOUR_RGB ( '',0.7921568627450980005, 0.8196078431372548767, 0.9333333333333333481 ) ;
#11447 = DIRECTION ( 'NONE',  ( 1.000000000000000000, 0.000000000000000000, -0.000000000000000000 ) ) ;
#11448 = DIRECTION ( 'NONE',  ( -0.000000000000000000, 1.000000000000000000, -0.000000000000000000 ) ) ;
#11449 = FILL_AREA_STYLE_COLOUR ( '', #6394 ) ;
#11450 = AXIS2_PLACEMENT_3D ( 'NONE', #5425, #3599, #6430 ) ;
#11451 = AXIS2_PLACEMENT_3D ( 'NONE', #4648, #8730, #11742 ) ;
#11452 = DIRECTION ( 'NONE',  ( 1.000000000000000000, 0.000000000000000000, -0.000000000000000000 ) ) ;
#11453 = ORIENTED_EDGE ( 'NONE', *, *, #4086, .F. ) ;
#11454 = DIRECTION ( 'NONE',  ( 0.000000000000000000, 0.000000000000000000, 1.000000000000000000 ) ) ;
#11455 = FACE_OUTER_BOUND ( 'NONE', #12182, .T. ) ;
#11456 = DIRECTION ( 'NONE',  ( 1.000000000000000000, 0.000000000000000000, -0.000000000000000000 ) ) ;
#11457 = DIRECTION ( 'NONE',  ( 0.000000000000000000, 0.000000000000000000, 1.000000000000000000 ) ) ;
#11458 = PRESENTATION_LAYER_ASSIGNMENT (  '', '', ( #1522 ) ) ;
#11459 = EDGE_LOOP ( 'NONE', ( #340, #8945 ) ) ;
#11460 = EDGE_CURVE ( 'NONE', #9901, #6656, #4247, .T. ) ;
#11461 = SPHERICAL_SURFACE ( 'NONE', #3776, 0.1499999999999998557 ) ;
#11462 = DIRECTION ( 'NONE',  ( -0.000000000000000000, 1.000000000000000000, -0.000000000000000000 ) ) ;
#11463 = AXIS2_PLACEMENT_3D ( 'NONE', #11396, #9483, #2398 ) ;
#11464 = DIRECTION ( 'NONE',  ( 0.000000000000000000, 0.000000000000000000, -1.000000000000000000 ) ) ;
#11465 = VERTEX_POINT ( 'NONE', #3594 ) ;
#11466 = SPHERICAL_SURFACE ( 'NONE', #10983, 0.1499999999999998557 ) ;
#11467 = EDGE_CURVE ( 'NONE', #12626, #10904, #8183, .T. ) ;
#11468 = SURFACE_STYLE_FILL_AREA ( #2614 ) ;
#11469 = CARTESIAN_POINT ( 'NONE',  ( 1.750000000000000222, 0.1499999999999999944, -3.249999999999999556 ) ) ;
#11470 = CLOSED_SHELL ( 'NONE', ( #11782, #7842, #6868 ) ) ;
#11471 = DIRECTION ( 'NONE',  ( 0.000000000000000000, 0.000000000000000000, 1.000000000000000000 ) ) ;
#11472 = AXIS2_PLACEMENT_3D ( 'NONE', #2954, #6059, #11134 ) ;
#11473 = DIRECTION ( 'NONE',  ( 1.000000000000000000, 0.000000000000000000, 0.000000000000000000 ) ) ;
#11474 = ORIENTED_EDGE ( 'NONE', *, *, #2833, .T. ) ;
#11475 = EDGE_CURVE ( 'NONE', #8636, #4546, #8198, .T. ) ;
#11476 = AXIS2_PLACEMENT_3D ( 'NONE', #11745, #8733, #4384 ) ;
#11477 = DIRECTION ( 'NONE',  ( 0.000000000000000000, 0.000000000000000000, 1.000000000000000000 ) ) ;
#11478 = AXIS2_PLACEMENT_3D ( 'NONE', #12382, #2459, #5300 ) ;
#11479 = DIRECTION ( 'NONE',  ( 0.000000000000000000, 0.000000000000000000, -1.000000000000000000 ) ) ;
#11480 = ORIENTED_EDGE ( 'NONE', *, *, #309, .T. ) ;
#11481 = PLANE ( 'NONE',  #8416 ) ;
#11482 = CARTESIAN_POINT ( 'NONE',  ( -0.2499999999999997780, 0.1499999999999999944, 2.250000000000000444 ) ) ;
#11483 =( GEOMETRIC_REPRESENTATION_CONTEXT ( 3 ) GLOBAL_UNCERTAINTY_ASSIGNED_CONTEXT ( ( #11546 ) ) GLOBAL_UNIT_ASSIGNED_CONTEXT ( ( #3461, #3543, #10712 ) ) REPRESENTATION_CONTEXT ( 'NONE', 'WORKASPACE' ) );
#11484 = FILL_AREA_STYLE_COLOUR ( '', #5619 ) ;
#11485 = SPHERICAL_SURFACE ( 'NONE', #1474, 0.1499999999999998557 ) ;
#11486 = CARTESIAN_POINT ( 'NONE',  ( -2.250000000000000000, 0.1499999999999999944, 3.250000000000001332 ) ) ;
#11487 = STYLED_ITEM ( 'NONE', ( #9561 ), #7545 ) ;
#11488 = EDGE_LOOP ( 'NONE', ( #10206, #4116 ) ) ;
#11489 = STYLED_ITEM ( 'NONE', ( #2986 ), #11581 ) ;
#11490 = CIRCLE ( 'NONE', #924, 0.1499999999999999667 ) ;
#11491 = AXIS2_PLACEMENT_3D ( 'NONE', #12866, #9244, #1720 ) ;
#11492 = VERTEX_POINT ( 'NONE', #8937 ) ;
#11493 = CIRCLE ( 'NONE', #11105, 0.08999999999999980238 ) ;
#11494 = CARTESIAN_POINT ( 'NONE',  ( -1.749999999999999778, 0.1499999999999999944, 2.750000000000000888 ) ) ;
#11495 = ORIENTED_EDGE ( 'NONE', *, *, #10273, .T. ) ;
#11496 = CIRCLE ( 'NONE', #8723, 0.1499999999999999667 ) ;
#11497 = EDGE_LOOP ( 'NONE', ( #204, #11641 ) ) ;
#11498 = DIRECTION ( 'NONE',  ( 0.000000000000000000, 0.000000000000000000, 1.000000000000000000 ) ) ;
#11499 = AXIS2_PLACEMENT_3D ( 'NONE', #6664, #12400, #1753 ) ;
#11500 = DIRECTION ( 'NONE',  ( 0.000000000000000000, 0.000000000000000000, 1.000000000000000000 ) ) ;
#11501 =( NAMED_UNIT ( * ) PLANE_ANGLE_UNIT ( ) SI_UNIT ( $, .RADIAN. ) );
#11502 = MANIFOLD_SOLID_BREP ( 'LPattern1[81]', #7185 ) ;
#11503 = EDGE_LOOP ( 'NONE', ( #10403, #4345, #1445 ) ) ;
#11504 = CARTESIAN_POINT ( 'NONE',  ( -2.250000000000000000, 0.2699999999999994071, 3.250000000000001776 ) ) ;
#11505 = AXIS2_PLACEMENT_3D ( 'NONE', #6724, #9906, #5826 ) ;
#11506 = FACE_OUTER_BOUND ( 'NONE', #11365, .T. ) ;
#11507 = DIRECTION ( 'NONE',  ( 1.000000000000000000, 0.000000000000000000, -0.000000000000000000 ) ) ;
#11508 = CIRCLE ( 'NONE', #12372, 0.08999999999999980238 ) ;
#11509 = DIRECTION ( 'NONE',  ( 0.000000000000000000, 0.000000000000000000, 1.000000000000000000 ) ) ;
#11510 = EDGE_CURVE ( 'NONE', #1246, #6317, #289, .T. ) ;
#11511 = FACE_OUTER_BOUND ( 'NONE', #12551, .T. ) ;
#11512 = EDGE_LOOP ( 'NONE', ( #4478, #6685, #6141 ) ) ;
#11513 = DIRECTION ( 'NONE',  ( 1.000000000000000000, 0.000000000000000000, 1.224646799147353207E-16 ) ) ;
#11514 =( LENGTH_UNIT ( ) NAMED_UNIT ( * ) SI_UNIT ( .MILLI., .METRE. ) );
#11515 = MANIFOLD_SOLID_BREP ( 'LPattern1[98]', #3169 ) ;
#11516 = EDGE_CURVE ( 'NONE', #5436, #9224, #8613, .T. ) ;
#11517 = FACE_OUTER_BOUND ( 'NONE', #7265, .T. ) ;
#11518 = ORIENTED_EDGE ( 'NONE', *, *, #7724, .F. ) ;
#11519 = LINE ( 'NONE', #12281, #7011 ) ;
#11520 = VERTEX_POINT ( 'NONE', #5365 ) ;
#11521 = DIRECTION ( 'NONE',  ( -1.000000000000000000, 0.000000000000000000, 0.000000000000000000 ) ) ;
#11522 = ADVANCED_FACE ( 'NONE', ( #8787 ), #4716, .T. ) ;
#11523 = CIRCLE ( 'NONE', #5166, 0.08999999999999980238 ) ;
#11524 =( GEOMETRIC_REPRESENTATION_CONTEXT ( 3 ) GLOBAL_UNCERTAINTY_ASSIGNED_CONTEXT ( ( #590 ) ) GLOBAL_UNIT_ASSIGNED_CONTEXT ( ( #4761, #2920, #4945 ) ) REPRESENTATION_CONTEXT ( 'NONE', 'WORKASPACE' ) );
#11525 = CLOSED_SHELL ( 'NONE', ( #6284, #5243, #8634 ) ) ;
#11526 = SPHERICAL_SURFACE ( 'NONE', #7591, 0.1499999999999998557 ) ;
#11527 = DIRECTION ( 'NONE',  ( -0.000000000000000000, 1.000000000000000000, 0.000000000000000000 ) ) ;
#11528 = AXIS2_PLACEMENT_3D ( 'NONE', #12802, #850, #11739 ) ;
#11529 = CARTESIAN_POINT ( 'NONE',  ( 2.750000000000000444, 0.1499999999999999944, -3.249999999999999556 ) ) ;
#11530 = CIRCLE ( 'NONE', #9209, 0.08999999999999980238 ) ;
#11531 = ORIENTED_EDGE ( 'NONE', *, *, #1057, .F. ) ;
#11532 = EDGE_CURVE ( 'NONE', #2874, #11725, #4752, .T. ) ;
#11533 =( NAMED_UNIT ( * ) SI_UNIT ( $, .STERADIAN. ) SOLID_ANGLE_UNIT ( ) );
#11534 = DIRECTION ( 'NONE',  ( 0.000000000000000000, 0.000000000000000000, 1.000000000000000000 ) ) ;
#11535 = CARTESIAN_POINT ( 'NONE',  ( 2.250000000000000000, 1.355252715606880543E-16, 0.2500000000000006661 ) ) ;
#11536 = CARTESIAN_POINT ( 'NONE',  ( 3.250000000000000888, 1.355252715606880543E-16, 0.2500000000000006661 ) ) ;
#11537 = DIRECTION ( 'NONE',  ( -0.000000000000000000, 1.000000000000000000, -0.000000000000000000 ) ) ;
#11538 = ORIENTED_EDGE ( 'NONE', *, *, #1873, .F. ) ;
#11539 = EDGE_CURVE ( 'NONE', #2953, #6273, #4506, .T. ) ;
#11540 =( NAMED_UNIT ( * ) PLANE_ANGLE_UNIT ( ) SI_UNIT ( $, .RADIAN. ) );
#11541 = DIRECTION ( 'NONE',  ( 0.000000000000000000, 0.000000000000000000, 1.000000000000000000 ) ) ;
#11542 = SURFACE_STYLE_USAGE ( .BOTH. , #1643 ) ;
#11543 = EDGE_LOOP ( 'NONE', ( #5610, #5721, #1179 ) ) ;
#11544 =( GEOMETRIC_REPRESENTATION_CONTEXT ( 3 ) GLOBAL_UNCERTAINTY_ASSIGNED_CONTEXT ( ( #8668 ) ) GLOBAL_UNIT_ASSIGNED_CONTEXT ( ( #2541, #6730, #12554 ) ) REPRESENTATION_CONTEXT ( 'NONE', 'WORKASPACE' ) );
#11545 = UNCERTAINTY_MEASURE_WITH_UNIT (LENGTH_MEASURE( 1.000000000000000082E-05 ), #1315, 'distance_accuracy_value', 'NONE');
#11546 = UNCERTAINTY_MEASURE_WITH_UNIT (LENGTH_MEASURE( 1.000000000000000082E-05 ), #3461, 'distance_accuracy_value', 'NONE');
#11547 = FACE_OUTER_BOUND ( 'NONE', #8127, .T. ) ;
#11548 = DIRECTION ( 'NONE',  ( -0.000000000000000000, 1.000000000000000000, -0.000000000000000000 ) ) ;
#11549 = EDGE_LOOP ( 'NONE', ( #5238, #5817, #10173 ) ) ;
#11550 = COLOUR_RGB ( '',0.7921568627450980005, 0.8196078431372548767, 0.9333333333333333481 ) ;
#11551 = AXIS2_PLACEMENT_3D ( 'NONE', #6045, #7042, #11048 ) ;
#11552 = FACE_OUTER_BOUND ( 'NONE', #9701, .T. ) ;
#11553 = CARTESIAN_POINT ( 'NONE',  ( -2.250000000000000000, 0.2699999999999994071, -2.159999999999998810 ) ) ;
#11554 = ORIENTED_EDGE ( 'NONE', *, *, #7306, .T. ) ;
#11555 = CARTESIAN_POINT ( 'NONE',  ( -0.2499999999999997780, 0.2699999999999994071, -1.339999999999999192 ) ) ;
#11556 = EDGE_CURVE ( 'NONE', #7408, #11673, #9030, .T. ) ;
#11557 = CARTESIAN_POINT ( 'NONE',  ( -2.750000000000000000, 1.355252715606880543E-16, 0.7500000000000006661 ) ) ;
#11558 = ORIENTED_EDGE ( 'NONE', *, *, #365, .T. ) ;
#11559 = FILL_AREA_STYLE_COLOUR ( '', #3024 ) ;
#11560 = STYLED_ITEM ( 'NONE', ( #11822 ), #5258 ) ;
#11561 = FILL_AREA_STYLE_COLOUR ( '', #281 ) ;
#11562 = ADVANCED_FACE ( 'NONE', ( #4599 ), #4358, .T. ) ;
#11563 = SURFACE_SIDE_STYLE ('',( #12592 ) ) ;
#11564 = EDGE_LOOP ( 'NONE', ( #9287, #8597, #12316 ) ) ;
#11565 =( GEOMETRIC_REPRESENTATION_CONTEXT ( 3 ) GLOBAL_UNCERTAINTY_ASSIGNED_CONTEXT ( ( #3264 ) ) GLOBAL_UNIT_ASSIGNED_CONTEXT ( ( #7082, #11084, #9271 ) ) REPRESENTATION_CONTEXT ( 'NONE', 'WORKASPACE' ) );
#11566 = CARTESIAN_POINT ( 'NONE',  ( -2.250000000000000000, 0.2699999999999994071, -1.659999999999999254 ) ) ;
#11567 =( NAMED_UNIT ( * ) PLANE_ANGLE_UNIT ( ) SI_UNIT ( $, .RADIAN. ) );
#11568 = FILL_AREA_STYLE_COLOUR ( '', #6974 ) ;
#11569 = CARTESIAN_POINT ( 'NONE',  ( 0.2500000000000002220, 0.1499999999999999944, 1.250000000000001110 ) ) ;
#11570 = EDGE_LOOP ( 'NONE', ( #4193, #9446 ) ) ;
#11571 = ADVANCED_FACE ( 'NONE', ( #4535 ), #4557, .T. ) ;
#11572 = FACE_OUTER_BOUND ( 'NONE', #3395, .T. ) ;
#11573 = DIRECTION ( 'NONE',  ( 0.000000000000000000, 0.000000000000000000, 1.000000000000000000 ) ) ;
#11574 = PLANE ( 'NONE',  #1925 ) ;
#11575 = CIRCLE ( 'NONE', #10921, 0.1499999999999999667 ) ;
#11576 = ORIENTED_EDGE ( 'NONE', *, *, #4014, .T. ) ;
#11577 = DIRECTION ( 'NONE',  ( -0.000000000000000000, 1.000000000000000000, -0.000000000000000000 ) ) ;
#11578 = SPHERICAL_SURFACE ( 'NONE', #4149, 0.1499999999999998557 ) ;
#11579 = ORIENTED_EDGE ( 'NONE', *, *, #8070, .T. ) ;
#11580 = EDGE_CURVE ( 'NONE', #3564, #2555, #9008, .T. ) ;
#11581 = ADVANCED_BREP_SHAPE_REPRESENTATION ( 'SDINBDG4-8G-XA2', ( #5589, #520, #2222, #4932, #6412, #6605, #9936, #5003, #8878, #5030, #4627, #8632, #4248, #5856, #671, #8895, #11057, #2128, #10018, #2239, #7993, #12521, #11141, #4346, #11344, #8738, #11991, #5382, #7904, #9761, #2561, #6502, #2410, #11717, #6763, #3248, #2332, #10241, #2863, #1428, #2668, #1521, #8803, #7805, #679, #12430, #3691, #5195, #1236, #9379, #7333, #12712, #10586, #5289, #409, #7739, #4239, #867, #6854, #1590, #8359, #4549, #3796, #6311, #208, #8546, #10950, #12178, #11502, #3063, #4440, #775, #112, #9081, #11312, #3136, #962, #4723, #5486, #11515, #3345, #3706, #9225, #3447, #6964, #7063, #12083, #12812, #11997, #7234, #6211, #11687, #6276, #5945, #4089, #4156, #8453, #3239, #3888, #4827, #10050, #7545, #9914, #9947, #11821, #12271, #7162, #5122, #10483, #10691, #10783, #9012, #1859, #9842, #4415, #9111, #3988, #7322, #1027, #10398, #6142, #12514, #3420, #1133, #12616, #1956, #1764, #3546, #11415, #12366, #10144, #9567, #5258, #1676, #8351, #2763, #2499, #589, #5754, #9471, #1335, #2960, #943, #8097, #11240, #9663, #747, #6042, #10856, #8191, #7437, #8975, #2933, #8910, #315, #11611, #7651, #142 ), #1556 ) ;
#11582 = AXIS2_PLACEMENT_3D ( 'NONE', #6350, #6438, #4416 ) ;
#11583 = VERTEX_POINT ( 'NONE', #7374 ) ;
#11584 =( NAMED_UNIT ( * ) PLANE_ANGLE_UNIT ( ) SI_UNIT ( $, .RADIAN. ) );
#11585 = EDGE_CURVE ( 'NONE', #4276, #58, #43, .T. ) ;
#11586 = PLANE ( 'NONE',  #6546 ) ;
#11587 = STYLED_ITEM ( 'NONE', ( #6149 ), #671 ) ;
#11588 = CARTESIAN_POINT ( 'NONE',  ( -0.7499999999999997780, 1.355252715606880543E-16, 2.250000000000000444 ) ) ;
#11589 = AXIS2_PLACEMENT_3D ( 'NONE', #8065, #256, #5225 ) ;
#11590 =( LENGTH_UNIT ( ) NAMED_UNIT ( * ) SI_UNIT ( .MILLI., .METRE. ) );
#11591 = CLOSED_SHELL ( 'NONE', ( #5156, #8385, #4507 ) ) ;
#11592 = FILL_AREA_STYLE_COLOUR ( '', #8719 ) ;
#11593 = AXIS2_PLACEMENT_3D ( 'NONE', #3800, #8801, #7989 ) ;
#11594 = DIRECTION ( 'NONE',  ( 0.000000000000000000, 0.000000000000000000, -1.000000000000000000 ) ) ;
#11595 = FILL_AREA_STYLE ('',( #2262 ) ) ;
#11596 = VERTEX_POINT ( 'NONE', #2521 ) ;
#11597 = DIRECTION ( 'NONE',  ( 0.000000000000000000, 0.000000000000000000, 1.000000000000000000 ) ) ;
#11598 = PRESENTATION_LAYER_ASSIGNMENT (  '', '', ( #3351 ) ) ;
#11599 = SURFACE_STYLE_USAGE ( .BOTH. , #1380 ) ;
#11600 = CARTESIAN_POINT ( 'NONE',  ( -5.745000000000001883, 0.2700000000000000178, -6.000000000000000000 ) ) ;
#11601 = ORIENTED_EDGE ( 'NONE', *, *, #9158, .T. ) ;
#11602 = SPHERICAL_SURFACE ( 'NONE', #6842, 0.1499999999999998557 ) ;
#11603 = DIRECTION ( 'NONE',  ( 0.000000000000000000, 0.000000000000000000, 1.000000000000000000 ) ) ;
#11604 = CLOSED_SHELL ( 'NONE', ( #10247, #7827, #6060 ) ) ;
#11605 = CARTESIAN_POINT ( 'NONE',  ( 3.250000000000000888, 0.2699999999999994071, -2.659999999999999254 ) ) ;
#11606 = EDGE_CURVE ( 'NONE', #10771, #6825, #311, .T. ) ;
#11607 = AXIS2_PLACEMENT_3D ( 'NONE', #475, #7632, #11603 ) ;
#11608 = STYLED_ITEM ( 'NONE', ( #7489 ), #8632 ) ;
#11609 = CIRCLE ( 'NONE', #6714, 0.08999999999999980238 ) ;
#11610 = DIRECTION ( 'NONE',  ( -0.000000000000000000, 1.000000000000000000, -0.000000000000000000 ) ) ;
#11611 = MANIFOLD_SOLID_BREP ( 'Cut-Extrude5', #2865 ) ;
#11612 = EDGE_CURVE ( 'NONE', #11269, #12626, #8955, .T. ) ;
#11613 =( GEOMETRIC_REPRESENTATION_CONTEXT ( 3 ) GLOBAL_UNCERTAINTY_ASSIGNED_CONTEXT ( ( #6122 ) ) GLOBAL_UNIT_ASSIGNED_CONTEXT ( ( #4858, #11965, #2837 ) ) REPRESENTATION_CONTEXT ( 'NONE', 'WORKASPACE' ) );
#11614 = EDGE_LOOP ( 'NONE', ( #2992, #7675, #2687, #8015 ) ) ;
#11615 = DIRECTION ( 'NONE',  ( 0.000000000000000000, 0.000000000000000000, 1.000000000000000000 ) ) ;
#11616 = SURFACE_STYLE_USAGE ( .BOTH. , #1130 ) ;
#11617 = EDGE_CURVE ( 'NONE', #811, #7900, #395, .T. ) ;
#11618 = DIRECTION ( 'NONE',  ( -0.000000000000000000, 1.000000000000000000, 0.000000000000000000 ) ) ;
#11619 = ORIENTED_EDGE ( 'NONE', *, *, #8753, .T. ) ;
#11620 = DIRECTION ( 'NONE',  ( 1.000000000000000000, 0.000000000000000000, -0.000000000000000000 ) ) ;
#11621 = FACE_OUTER_BOUND ( 'NONE', #1251, .T. ) ;
#11622 = CLOSED_SHELL ( 'NONE', ( #7006, #2357, #1302 ) ) ;
#11623 = FACE_OUTER_BOUND ( 'NONE', #6283, .T. ) ;
#11624 = DIRECTION ( 'NONE',  ( -0.000000000000000000, 1.000000000000000000, -0.000000000000000000 ) ) ;
#11625 = AXIS2_PLACEMENT_3D ( 'NONE', #6954, #8950, #9044 ) ;
#11626 = DIRECTION ( 'NONE',  ( 1.000000000000000000, 0.000000000000000000, 1.224646799147353207E-16 ) ) ;
#11627 = EDGE_CURVE ( 'NONE', #3676, #2418, #4667, .T. ) ;
#11628 = DIRECTION ( 'NONE',  ( -0.000000000000000000, 1.000000000000000000, 0.000000000000000000 ) ) ;
#11629 = ORIENTED_EDGE ( 'NONE', *, *, #12452, .T. ) ;
#11630 = MECHANICAL_DESIGN_GEOMETRIC_PRESENTATION_REPRESENTATION (  '', ( #6638 ), #2568 ) ;
#11631 = AXIS2_PLACEMENT_3D ( 'NONE', #12312, #5484, #10400 ) ;
#11632 = SURFACE_SIDE_STYLE ('',( #8802 ) ) ;
#11633 = FACE_OUTER_BOUND ( 'NONE', #9859, .T. ) ;
#11634 = CARTESIAN_POINT ( 'NONE',  ( 2.750000000000000444, 0.2699999999999994071, -0.7499999999999988898 ) ) ;
#11635 = CLOSED_SHELL ( 'NONE', ( #3268, #1203, #3555 ) ) ;
#11636 = ADVANCED_FACE ( 'NONE', ( #418 ), #5200, .T. ) ;
#11637 =( NAMED_UNIT ( * ) SI_UNIT ( $, .STERADIAN. ) SOLID_ANGLE_UNIT ( ) );
#11638 = PRESENTATION_LAYER_ASSIGNMENT (  '', '', ( #3830 ) ) ;
#11639 = ORIENTED_EDGE ( 'NONE', *, *, #11460, .F. ) ;
#11640 = SPHERICAL_SURFACE ( 'NONE', #5704, 0.1499999999999998557 ) ;
#11641 = ORIENTED_EDGE ( 'NONE', *, *, #3137, .T. ) ;
#11642 = CIRCLE ( 'NONE', #3306, 0.1499999999999999667 ) ;
#11643 = CLOSED_SHELL ( 'NONE', ( #152, #3021, #263 ) ) ;
#11644 = CIRCLE ( 'NONE', #1010, 0.08999999999999980238 ) ;
#11645 = DIRECTION ( 'NONE',  ( 0.000000000000000000, 0.000000000000000000, 1.000000000000000000 ) ) ;
#11646 = DIRECTION ( 'NONE',  ( 0.000000000000000000, 0.000000000000000000, -1.000000000000000000 ) ) ;
#11647 = ORIENTED_EDGE ( 'NONE', *, *, #7800, .F. ) ;
#11648 = CARTESIAN_POINT ( 'NONE',  ( 2.750000000000000444, 0.1499999999999999944, 2.250000000000000444 ) ) ;
#11649 = EDGE_CURVE ( 'NONE', #5049, #10052, #64, .T. ) ;
#11650 =( NAMED_UNIT ( * ) SI_UNIT ( $, .STERADIAN. ) SOLID_ANGLE_UNIT ( ) );
#11651 = DIRECTION ( 'NONE',  ( 0.000000000000000000, 0.000000000000000000, 1.000000000000000000 ) ) ;
#11652 = CARTESIAN_POINT ( 'NONE',  ( 1.250000000000000666, 0.1499999999999999944, -0.7499999999999993339 ) ) ;
#11653 = MECHANICAL_DESIGN_GEOMETRIC_PRESENTATION_REPRESENTATION (  '', ( #12126 ), #2922 ) ;
#11654 = VERTEX_POINT ( 'NONE', #12528 ) ;
#11655 = DIRECTION ( 'NONE',  ( 0.000000000000000000, 0.000000000000000000, 1.000000000000000000 ) ) ;
#11656 = CARTESIAN_POINT ( 'NONE',  ( 2.750000000000000444, 0.2699999999999994071, 2.840000000000001190 ) ) ;
#11657 = DIRECTION ( 'NONE',  ( 0.000000000000000000, 0.000000000000000000, 1.000000000000000000 ) ) ;
#11658 = FACE_OUTER_BOUND ( 'NONE', #2328, .T. ) ;
#11659 = CARTESIAN_POINT ( 'NONE',  ( -2.750000000000000000, 0.2699999999999994071, -2.659999999999999254 ) ) ;
#11660 = AXIS2_PLACEMENT_3D ( 'NONE', #10521, #11527, #12516 ) ;
#11661 = EDGE_LOOP ( 'NONE', ( #11390, #8238, #3618 ) ) ;
#11662 = FACE_OUTER_BOUND ( 'NONE', #9363, .T. ) ;
#11663 = DIRECTION ( 'NONE',  ( -1.000000000000000000, 0.000000000000000000, 0.000000000000000000 ) ) ;
#11664 = ORIENTED_EDGE ( 'NONE', *, *, #12584, .F. ) ;
#11665 = PRESENTATION_STYLE_ASSIGNMENT (( #5942 ) ) ;
#11666 = CLOSED_SHELL ( 'NONE', ( #11314, #3494, #5279 ) ) ;
#11667 = MECHANICAL_DESIGN_GEOMETRIC_PRESENTATION_REPRESENTATION (  '', ( #1275 ), #8415 ) ;
#11668 = AXIS2_PLACEMENT_3D ( 'NONE', #2317, #7405, #5662 ) ;
#11669 = DIRECTION ( 'NONE',  ( 0.000000000000000000, 0.000000000000000000, 1.000000000000000000 ) ) ;
#11670 = EDGE_LOOP ( 'NONE', ( #5705, #207, #4681 ) ) ;
#11671 = ADVANCED_FACE ( 'NONE', ( #8656 ), #149, .T. ) ;
#11672 = ADVANCED_FACE ( 'NONE', ( #4693 ), #8680, .T. ) ;
#11673 = VERTEX_POINT ( 'NONE', #11815 ) ;
#11674 = DIRECTION ( 'NONE',  ( 0.000000000000000000, 0.000000000000000000, 1.000000000000000000 ) ) ;
#11675 =( GEOMETRIC_REPRESENTATION_CONTEXT ( 3 ) GLOBAL_UNCERTAINTY_ASSIGNED_CONTEXT ( ( #6437 ) ) GLOBAL_UNIT_ASSIGNED_CONTEXT ( ( #12444, #11362, #9113 ) ) REPRESENTATION_CONTEXT ( 'NONE', 'WORKASPACE' ) );
#11676 = DIRECTION ( 'NONE',  ( -0.000000000000000000, 1.000000000000000000, 0.000000000000000000 ) ) ;
#11677 = FILL_AREA_STYLE_COLOUR ( '', #4307 ) ;
#11678 = AXIS2_PLACEMENT_3D ( 'NONE', #8560, #10233, #11299 ) ;
#11679 = EDGE_LOOP ( 'NONE', ( #4049, #8879 ) ) ;
#11680 = ADVANCED_FACE ( 'NONE', ( #4439 ), #8765, .T. ) ;
#11681 = SPHERICAL_SURFACE ( 'NONE', #6180, 0.1499999999999998557 ) ;
#11682 = CIRCLE ( 'NONE', #587, 0.4312500000000001887 ) ;
#11683 = ADVANCED_FACE ( 'NONE', ( #4465 ), #8616, .T. ) ;
#11684 = DIRECTION ( 'NONE',  ( 0.000000000000000000, 0.000000000000000000, 1.000000000000000000 ) ) ;
#11685 = DIRECTION ( 'NONE',  ( -0.000000000000000000, 1.000000000000000000, -0.000000000000000000 ) ) ;
#11686 = VERTEX_POINT ( 'NONE', #9806 ) ;
#11687 = MANIFOLD_SOLID_BREP ( 'LPattern1[121]', #9868 ) ;
#11688 = VERTEX_POINT ( 'NONE', #10882 ) ;
#11689 = CARTESIAN_POINT ( 'NONE',  ( -1.749999999999999778, 0.2699999999999994071, 2.840000000000001190 ) ) ;
#11690 = DIRECTION ( 'NONE',  ( 1.000000000000000000, 0.000000000000000000, -0.000000000000000000 ) ) ;
#11691 = FACE_OUTER_BOUND ( 'NONE', #3202, .T. ) ;
#11692 = ORIENTED_EDGE ( 'NONE', *, *, #3396, .F. ) ;
#11693 = AXIS2_PLACEMENT_3D ( 'NONE', #3103, #12664, #7868 ) ;
#11694 =( GEOMETRIC_REPRESENTATION_CONTEXT ( 3 ) GLOBAL_UNCERTAINTY_ASSIGNED_CONTEXT ( ( #4528 ) ) GLOBAL_UNIT_ASSIGNED_CONTEXT ( ( #5338, #10263, #11245 ) ) REPRESENTATION_CONTEXT ( 'NONE', 'WORKASPACE' ) );
#11695 = CLOSED_SHELL ( 'NONE', ( #3187, #4174, #8164 ) ) ;
#11696 = CARTESIAN_POINT ( 'NONE',  ( -1.249999999999999778, 0.1499999999999999944, 0.2500000000000006661 ) ) ;
#11697 = EDGE_CURVE ( 'NONE', #8246, #6421, #9170, .T. ) ;
#11698 = DIRECTION ( 'NONE',  ( -0.000000000000000000, 1.000000000000000000, -0.000000000000000000 ) ) ;
#11699 = CLOSED_SHELL ( 'NONE', ( #7144, #10753, #6573 ) ) ;
#11700 = COLOUR_RGB ( '',0.7921568627450980005, 0.8196078431372548767, 0.9333333333333333481 ) ;
#11701 = SURFACE_STYLE_USAGE ( .BOTH. , #12600 ) ;
#11702 = CARTESIAN_POINT ( 'NONE',  ( -1.749999999999999778, 0.2699999999999994071, -2.749999999999999112 ) ) ;
#11703 = DIRECTION ( 'NONE',  ( -0.000000000000000000, 1.000000000000000000, -0.000000000000000000 ) ) ;
#11704 = EDGE_LOOP ( 'NONE', ( #7, #3894 ) ) ;
#11705 = FILL_AREA_STYLE ('',( #986 ) ) ;
#11706 = VERTEX_POINT ( 'NONE', #4797 ) ;
#11707 = DIRECTION ( 'NONE',  ( 1.000000000000000000, 0.000000000000000000, 1.224646799147353207E-16 ) ) ;
#11708 = DIRECTION ( 'NONE',  ( 0.000000000000000000, 0.000000000000000000, 1.000000000000000000 ) ) ;
#11709 = CARTESIAN_POINT ( 'NONE',  ( -5.250000000000001776, 0.3200000000000000067, -5.999999999999999112 ) ) ;
#11710 = FILL_AREA_STYLE ('',( #8702 ) ) ;
#11711 = AXIS2_PLACEMENT_3D ( 'NONE', #1252, #12305, #430 ) ;
#11712 = FILL_AREA_STYLE_COLOUR ( '', #5188 ) ;
#11713 = CARTESIAN_POINT ( 'NONE',  ( -0.2499999999999997780, 0.1499999999999999944, -2.249999999999999556 ) ) ;
#11714 = UNCERTAINTY_MEASURE_WITH_UNIT (LENGTH_MEASURE( 1.000000000000000082E-05 ), #245, 'distance_accuracy_value', 'NONE');
#11715 = UNCERTAINTY_MEASURE_WITH_UNIT (LENGTH_MEASURE( 1.000000000000000082E-05 ), #12613, 'distance_accuracy_value', 'NONE');
#11716 = ORIENTED_EDGE ( 'NONE', *, *, #8514, .T. ) ;
#11717 = MANIFOLD_SOLID_BREP ( 'LPattern1[31]', #9380 ) ;
#11718 = DIRECTION ( 'NONE',  ( -1.000000000000000000, 0.000000000000000000, 0.000000000000000000 ) ) ;
#11719 = MECHANICAL_DESIGN_GEOMETRIC_PRESENTATION_REPRESENTATION (  '', ( #995 ), #2227 ) ;
#11720 = FILL_AREA_STYLE ('',( #9544 ) ) ;
#11721 = EDGE_LOOP ( 'NONE', ( #9552, #10023, #346 ) ) ;
#11722 = CIRCLE ( 'NONE', #2071, 0.1499999999999999667 ) ;
#11723 = SURFACE_STYLE_FILL_AREA ( #9322 ) ;
#11724 = EDGE_CURVE ( 'NONE', #11213, #3388, #5070, .T. ) ;
#11725 = VERTEX_POINT ( 'NONE', #5893 ) ;
#11726 = PRESENTATION_STYLE_ASSIGNMENT (( #11765 ) ) ;
#11727 = FACE_OUTER_BOUND ( 'NONE', #2094, .T. ) ;
#11728 = CARTESIAN_POINT ( 'NONE',  ( -0.7499999999999997780, 0.1499999999999999944, 2.750000000000000888 ) ) ;
#11729 = EDGE_LOOP ( 'NONE', ( #10885, #1438, #5738 ) ) ;
#11730 = FACE_OUTER_BOUND ( 'NONE', #7849, .T. ) ;
#11731 = ORIENTED_EDGE ( 'NONE', *, *, #4943, .F. ) ;
#11732 = FILL_AREA_STYLE_COLOUR ( '', #4893 ) ;
#11733 = DIRECTION ( 'NONE',  ( 0.000000000000000000, 0.000000000000000000, -1.000000000000000000 ) ) ;
#11734 = CARTESIAN_POINT ( 'NONE',  ( 0.7500000000000002220, 0.2699999999999994071, 1.340000000000001412 ) ) ;
#11735 = CLOSED_SHELL ( 'NONE', ( #10243, #8633, #9928 ) ) ;
#11736 = AXIS2_PLACEMENT_3D ( 'NONE', #2589, #10606, #4601 ) ;
#11737 = CARTESIAN_POINT ( 'NONE',  ( 2.750000000000000444, 0.1499999999999999944, -2.249999999999999556 ) ) ;
#11738 = CARTESIAN_POINT ( 'NONE',  ( -2.750000000000000000, 1.355252715606880543E-16, -2.749999999999999556 ) ) ;
#11739 = DIRECTION ( 'NONE',  ( 0.000000000000000000, 0.000000000000000000, 1.000000000000000000 ) ) ;
#11740 = VERTEX_POINT ( 'NONE', #7897 ) ;
#11741 = DIRECTION ( 'NONE',  ( 0.000000000000000000, 0.000000000000000000, 1.000000000000000000 ) ) ;
#11742 = DIRECTION ( 'NONE',  ( 0.000000000000000000, 0.000000000000000000, 1.000000000000000000 ) ) ;
#11743 = FACE_OUTER_BOUND ( 'NONE', #3099, .T. ) ;
#11744 = CARTESIAN_POINT ( 'NONE',  ( -5.750000000000001776, 0.4200000000000002620, 6.500000000000000000 ) ) ;
#11745 = CARTESIAN_POINT ( 'NONE',  ( -0.2499999999999997780, 0.1499999999999999944, 1.250000000000001110 ) ) ;
#11746 = EDGE_LOOP ( 'NONE', ( #9263, #114, #9431, #4853 ) ) ;
#11747 = CIRCLE ( 'NONE', #5396, 0.1499999999999999667 ) ;
#11748 = CARTESIAN_POINT ( 'NONE',  ( 0.2500000000000002220, 0.2699999999999994071, 3.340000000000001634 ) ) ;
#11749 = EDGE_CURVE ( 'NONE', #4567, #643, #9479, .T. ) ;
#11750 = DIRECTION ( 'NONE',  ( 1.000000000000000000, 0.000000000000000000, -0.000000000000000000 ) ) ;
#11751 = EDGE_LOOP ( 'NONE', ( #4856, #9132, #6440 ) ) ;
#11752 = AXIS2_PLACEMENT_3D ( 'NONE', #4362, #12133, #4184 ) ;
#11753 = VERTEX_POINT ( 'NONE', #4980 ) ;
#11754 = PRESENTATION_STYLE_ASSIGNMENT (( #364 ) ) ;
#11755 = EDGE_CURVE ( 'NONE', #9137, #6913, #9495, .T. ) ;
#11756 = DIRECTION ( 'NONE',  ( -0.000000000000000000, 1.000000000000000000, 0.000000000000000000 ) ) ;
#11757 = PRESENTATION_LAYER_ASSIGNMENT (  '', '', ( #7726 ) ) ;
#11758 = AXIS2_PLACEMENT_3D ( 'NONE', #10562, #9735, #7757 ) ;
#11759 = ORIENTED_EDGE ( 'NONE', *, *, #8866, .F. ) ;
#11760 = COLOUR_RGB ( '',0.7921568627450980005, 0.8196078431372548767, 0.9333333333333333481 ) ;
#11761 = AXIS2_PLACEMENT_3D ( 'NONE', #39, #6261, #10025 ) ;
#11762 = VERTEX_POINT ( 'NONE', #746 ) ;
#11763 = SPHERICAL_SURFACE ( 'NONE', #7833, 0.1499999999999998557 ) ;
#11764 = PLANE ( 'NONE',  #10557 ) ;
#11765 = SURFACE_STYLE_USAGE ( .BOTH. , #6916 ) ;
#11766 = CARTESIAN_POINT ( 'NONE',  ( -0.7499999999999997780, 0.1499999999999999944, -2.749999999999999556 ) ) ;
#11767 = FACE_OUTER_BOUND ( 'NONE', #2599, .T. ) ;
#11768 = CARTESIAN_POINT ( 'NONE',  ( 1.250000000000000666, 0.1499999999999999944, -0.2499999999999993616 ) ) ;
#11769 = DIRECTION ( 'NONE',  ( 1.000000000000000000, 0.000000000000000000, 0.000000000000000000 ) ) ;
#11770 = ORIENTED_EDGE ( 'NONE', *, *, #4915, .F. ) ;
#11771 = LINE ( 'NONE', #8017, #3155 ) ;
#11772 = DIRECTION ( 'NONE',  ( -0.000000000000000000, 1.000000000000000000, -0.000000000000000000 ) ) ;
#11773 = ORIENTED_EDGE ( 'NONE', *, *, #1264, .T. ) ;
#11774 = CLOSED_SHELL ( 'NONE', ( #5229, #5736, #12848 ) ) ;
#11775 = COLOUR_RGB ( '',0.7921568627450980005, 0.8196078431372548767, 0.9333333333333333481 ) ;
#11776 = DIRECTION ( 'NONE',  ( 0.000000000000000000, 0.000000000000000000, -1.000000000000000000 ) ) ;
#11777 = PLANE ( 'NONE',  #5295 ) ;
#11778 = AXIS2_PLACEMENT_3D ( 'NONE', #6744, #6668, #6820 ) ;
#11779 = AXIS2_PLACEMENT_3D ( 'NONE', #3422, #6497, #3587 ) ;
#11780 = ORIENTED_EDGE ( 'NONE', *, *, #12452, .F. ) ;
#11781 = EDGE_CURVE ( 'NONE', #209, #2365, #9395, .T. ) ;
#11782 = ADVANCED_FACE ( 'NONE', ( #802 ), #9070, .T. ) ;
#11783 = AXIS2_PLACEMENT_3D ( 'NONE', #10013, #1020, #3812 ) ;
#11784 = CIRCLE ( 'NONE', #1572, 0.1499999999999999667 ) ;
#11785 = DIRECTION ( 'NONE',  ( 0.000000000000000000, 0.000000000000000000, 1.000000000000000000 ) ) ;
#11786 = EDGE_LOOP ( 'NONE', ( #9115, #9100, #67 ) ) ;
#11787 = CIRCLE ( 'NONE', #7990, 0.1499999999999999667 ) ;
#11788 = DIRECTION ( 'NONE',  ( 1.000000000000000000, 0.000000000000000000, -0.000000000000000000 ) ) ;
#11789 = EDGE_CURVE ( 'NONE', #203, #2731, #862, .T. ) ;
#11790 = AXIS2_PLACEMENT_3D ( 'NONE', #3720, #2070, #5988 ) ;
#11791 = STYLED_ITEM ( 'NONE', ( #11264 ), #8191 ) ;
#11792 = CARTESIAN_POINT ( 'NONE',  ( 2.750000000000000444, 0.1499999999999999944, 1.250000000000001110 ) ) ;
#11793 = EDGE_CURVE ( 'NONE', #8143, #3710, #715, .T. ) ;
#11794 = ORIENTED_EDGE ( 'NONE', *, *, #325, .F. ) ;
#11795 = ADVANCED_FACE ( 'NONE', ( #822 ), #5002, .T. ) ;
#11796 = FACE_OUTER_BOUND ( 'NONE', #3322, .T. ) ;
#11797 = PLANE ( 'NONE',  #9342 ) ;
#11798 = AXIS2_PLACEMENT_3D ( 'NONE', #9183, #11158, #3260 ) ;
#11799 = CARTESIAN_POINT ( 'NONE',  ( 2.250000000000000000, 0.1499999999999999944, -1.749999999999999334 ) ) ;
#11800 = CARTESIAN_POINT ( 'NONE',  ( 1.250000000000000666, 0.2699999999999994071, 3.340000000000001634 ) ) ;
#11801 = ORIENTED_EDGE ( 'NONE', *, *, #10662, .F. ) ;
#11802 = DIRECTION ( 'NONE',  ( 0.000000000000000000, 0.000000000000000000, 1.000000000000000000 ) ) ;
#11803 = EDGE_CURVE ( 'NONE', #2458, #2026, #4775, .T. ) ;
#11804 = ORIENTED_EDGE ( 'NONE', *, *, #4625, .F. ) ;
#11805 = SPHERICAL_SURFACE ( 'NONE', #1324, 0.1499999999999998557 ) ;
#11806 = DIRECTION ( 'NONE',  ( 0.000000000000000000, 0.000000000000000000, 1.000000000000000000 ) ) ;
#11807 = DIRECTION ( 'NONE',  ( 1.000000000000000000, 0.000000000000000000, -0.000000000000000000 ) ) ;
#11808 = DIRECTION ( 'NONE',  ( -0.000000000000000000, 1.000000000000000000, 0.000000000000000000 ) ) ;
#11809 = DIRECTION ( 'NONE',  ( 0.000000000000000000, 0.000000000000000000, 1.000000000000000000 ) ) ;
#11810 = CIRCLE ( 'NONE', #11971, 0.1499999999999999667 ) ;
#11811 = DIRECTION ( 'NONE',  ( 0.000000000000000000, 0.000000000000000000, 1.000000000000000000 ) ) ;
#11812 = ORIENTED_EDGE ( 'NONE', *, *, #2184, .T. ) ;
#11813 = CARTESIAN_POINT ( 'NONE',  ( 2.750000000000000444, 0.2699999999999994071, -2.159999999999998810 ) ) ;
#11814 = ADVANCED_FACE ( 'NONE', ( #9121 ), #9320, .T. ) ;
#11815 = CARTESIAN_POINT ( 'NONE',  ( -2.250000000000000000, 0.2699999999999994071, 1.840000000000000968 ) ) ;
#11816 = FACE_OUTER_BOUND ( 'NONE', #11113, .T. ) ;
#11817 = VERTEX_POINT ( 'NONE', #6313 ) ;
#11818 = STYLED_ITEM ( 'NONE', ( #1085 ), #9567 ) ;
#11819 = SPHERICAL_SURFACE ( 'NONE', #7515, 0.1499999999999998557 ) ;
#11820 = VERTEX_POINT ( 'NONE', #6227 ) ;
#11821 = MANIFOLD_SOLID_BREP ( 'LPattern1[137]', #893 ) ;
#11822 = PRESENTATION_STYLE_ASSIGNMENT (( #7634 ) ) ;
#11823 = EDGE_CURVE ( 'NONE', #7760, #10666, #5168, .T. ) ;
#11824 = EDGE_CURVE ( 'NONE', #1703, #7819, #5126, .T. ) ;
#11825 = EDGE_LOOP ( 'NONE', ( #10565, #1510 ) ) ;
#11826 = AXIS2_PLACEMENT_3D ( 'NONE', #6864, #660, #12869 ) ;
#11827 = VERTEX_POINT ( 'NONE', #9989 ) ;
#11828 = EDGE_CURVE ( 'NONE', #3373, #4130, #618, .T. ) ;
#11829 = CARTESIAN_POINT ( 'NONE',  ( -0.2499999999999997780, 0.1499999999999999944, -3.249999999999999556 ) ) ;
#11830 = DIRECTION ( 'NONE',  ( 0.000000000000000000, 0.000000000000000000, 1.000000000000000000 ) ) ;
#11831 = EDGE_LOOP ( 'NONE', ( #12560, #9661, #796 ) ) ;
#11832 = PRESENTATION_LAYER_ASSIGNMENT (  '', '', ( #8835 ) ) ;
#11833 = DIRECTION ( 'NONE',  ( 1.000000000000000000, 0.000000000000000000, 1.224646799147353207E-16 ) ) ;
#11834 = DIRECTION ( 'NONE',  ( -0.000000000000000000, -1.000000000000000000, -0.000000000000000000 ) ) ;
#11835 = CARTESIAN_POINT ( 'NONE',  ( 2.250000000000000000, 0.2699999999999994071, -3.339999999999999414 ) ) ;
#11836 = CARTESIAN_POINT ( 'NONE',  ( 2.250000000000000000, 0.2699999999999994071, 2.750000000000001332 ) ) ;
#11837 = EDGE_LOOP ( 'NONE', ( #750, #3777 ) ) ;
#11838 = PRESENTATION_STYLE_ASSIGNMENT (( #9533 ) ) ;
#11839 = DIRECTION ( 'NONE',  ( 1.000000000000000000, 0.000000000000000000, -0.000000000000000000 ) ) ;
#11840 = ADVANCED_FACE ( 'NONE', ( #4986 ), #8235, .T. ) ;
#11841 = FACE_OUTER_BOUND ( 'NONE', #12648, .T. ) ;
#11842 = DIRECTION ( 'NONE',  ( 0.000000000000000000, 0.000000000000000000, 1.000000000000000000 ) ) ;
#11843 = CARTESIAN_POINT ( 'NONE',  ( 2.750000000000000444, 0.2699999999999994071, 1.250000000000001554 ) ) ;
#11844 = STYLED_ITEM ( 'NONE', ( #12206 ), #11240 ) ;
#11845 = ORIENTED_EDGE ( 'NONE', *, *, #7355, .F. ) ;
#11846 = CIRCLE ( 'NONE', #5537, 0.4312500000000001887 ) ;
#11847 = DIRECTION ( 'NONE',  ( 0.000000000000000000, 0.000000000000000000, 1.000000000000000000 ) ) ;
#11848 = SPHERICAL_SURFACE ( 'NONE', #12211, 0.1499999999999998557 ) ;
#11849 = DIRECTION ( 'NONE',  ( 1.000000000000000000, 0.000000000000000000, 1.224646799147353207E-16 ) ) ;
#11850 = ORIENTED_EDGE ( 'NONE', *, *, #1623, .T. ) ;
#11851 = ORIENTED_EDGE ( 'NONE', *, *, #3090, .F. ) ;
#11852 = CARTESIAN_POINT ( 'NONE',  ( -5.750000000000001776, 0.4200000000000002620, 6.500000000000000000 ) ) ;
#11853 = MECHANICAL_DESIGN_GEOMETRIC_PRESENTATION_REPRESENTATION (  '', ( #9500 ), #2212 ) ;
#11854 = VERTEX_POINT ( 'NONE', #1350 ) ;
#11855 = AXIS2_PLACEMENT_3D ( 'NONE', #2141, #11808, #5570 ) ;
#11856 = EDGE_LOOP ( 'NONE', ( #6012, #6513, #8036 ) ) ;
#11857 = FACE_OUTER_BOUND ( 'NONE', #8426, .T. ) ;
#11858 = DIRECTION ( 'NONE',  ( 0.000000000000000000, 0.000000000000000000, 1.000000000000000000 ) ) ;
#11859 = FACE_OUTER_BOUND ( 'NONE', #8839, .T. ) ;
#11860 = FILL_AREA_STYLE_COLOUR ( '', #1334 ) ;
#11861 = CARTESIAN_POINT ( 'NONE',  ( -5.750000000000001776, 0.2699999999999994071, 6.500000000000000000 ) ) ;
#11862 = ORIENTED_EDGE ( 'NONE', *, *, #201, .T. ) ;
#11863 = CIRCLE ( 'NONE', #10665, 0.08999999999999980238 ) ;
#11864 = AXIS2_PLACEMENT_3D ( 'NONE', #242, #5052, #10149 ) ;
#11865 = SURFACE_SIDE_STYLE ('',( #3312 ) ) ;
#11866 = AXIS2_PLACEMENT_3D ( 'NONE', #3011, #4013, #3371 ) ;
#11867 = COLOUR_RGB ( '',0.7921568627450980005, 0.8196078431372548767, 0.9333333333333333481 ) ;
#11868 = DIRECTION ( 'NONE',  ( 1.000000000000000000, 0.000000000000000000, -0.000000000000000000 ) ) ;
#11869 = SURFACE_STYLE_USAGE ( .BOTH. , #9861 ) ;
#11870 = ORIENTED_EDGE ( 'NONE', *, *, #1678, .F. ) ;
#11871 = CARTESIAN_POINT ( 'NONE',  ( -1.749999999999999778, 0.2699999999999994071, -1.839999999999999192 ) ) ;
#11872 = ORIENTED_EDGE ( 'NONE', *, *, #10801, .F. ) ;
#11873 = DIRECTION ( 'NONE',  ( -0.000000000000000000, 1.000000000000000000, -0.000000000000000000 ) ) ;
#11874 = FACE_OUTER_BOUND ( 'NONE', #5448, .T. ) ;
#11875 = FILL_AREA_STYLE ('',( #8939 ) ) ;
#11876 = CARTESIAN_POINT ( 'NONE',  ( 2.750000000000000444, 0.1499999999999999944, -0.7499999999999993339 ) ) ;
#11877 = EDGE_CURVE ( 'NONE', #9425, #6884, #4897, .T. ) ;
#11878 = ORIENTED_EDGE ( 'NONE', *, *, #8439, .T. ) ;
#11879 = PRESENTATION_LAYER_ASSIGNMENT (  '', '', ( #1901 ) ) ;
#11880 = STYLED_ITEM ( 'NONE', ( #4218 ), #5754 ) ;
#11881 = VERTEX_POINT ( 'NONE', #11304 ) ;
#11882 = STYLED_ITEM ( 'NONE', ( #7053 ), #1027 ) ;
#11883 = MECHANICAL_DESIGN_GEOMETRIC_PRESENTATION_REPRESENTATION (  '', ( #3326 ), #398 ) ;
#11884 = UNCERTAINTY_MEASURE_WITH_UNIT (LENGTH_MEASURE( 1.000000000000000082E-05 ), #7524, 'distance_accuracy_value', 'NONE');
#11885 = EDGE_LOOP ( 'NONE', ( #1916, #5719 ) ) ;
#11886 = UNCERTAINTY_MEASURE_WITH_UNIT (LENGTH_MEASURE( 1.000000000000000082E-05 ), #3952, 'distance_accuracy_value', 'NONE');
#11887 = CIRCLE ( 'NONE', #11118, 0.1499999999999998557 ) ;
#11888 = DIRECTION ( 'NONE',  ( 1.000000000000000000, 0.000000000000000000, -0.000000000000000000 ) ) ;
#11889 = FACE_OUTER_BOUND ( 'NONE', #4833, .T. ) ;
#11890 = SURFACE_STYLE_USAGE ( .BOTH. , #5623 ) ;
#11891 = ORIENTED_EDGE ( 'NONE', *, *, #1362, .F. ) ;
#11892 = PRESENTATION_LAYER_ASSIGNMENT (  '', '', ( #9524 ) ) ;
#11893 = DIRECTION ( 'NONE',  ( 0.000000000000000000, 0.000000000000000000, 1.000000000000000000 ) ) ;
#11894 = EDGE_LOOP ( 'NONE', ( #12073, #4285, #8800 ) ) ;
#11895 = PLANE ( 'NONE',  #5370 ) ;
#11896 = CARTESIAN_POINT ( 'NONE',  ( 3.250000000000000888, 0.1499999999999999944, 2.250000000000000444 ) ) ;
#11897 = DIRECTION ( 'NONE',  ( 0.000000000000000000, 0.000000000000000000, -1.000000000000000000 ) ) ;
#11898 = DIRECTION ( 'NONE',  ( 0.000000000000000000, 1.000000000000000000, 0.000000000000000000 ) ) ;
#11899 =( NAMED_UNIT ( * ) SI_UNIT ( $, .STERADIAN. ) SOLID_ANGLE_UNIT ( ) );
#11900 = CARTESIAN_POINT ( 'NONE',  ( -2.750000000000000000, 0.2699999999999994071, 2.340000000000000746 ) ) ;
#11901 = ORIENTED_EDGE ( 'NONE', *, *, #8377, .T. ) ;
#11902 = SURFACE_SIDE_STYLE ('',( #6346 ) ) ;
#11903 = FILL_AREA_STYLE_COLOUR ( '', #4483 ) ;
#11904 = EDGE_CURVE ( 'NONE', #961, #3251, #9217, .T. ) ;
#11905 = SPHERICAL_SURFACE ( 'NONE', #9798, 0.1499999999999998557 ) ;
#11906 = CARTESIAN_POINT ( 'NONE',  ( 3.250000000000000888, 0.2699999999999994071, -2.659999999999999254 ) ) ;
#11907 = AXIS2_PLACEMENT_3D ( 'NONE', #3385, #4274, #2300 ) ;
#11908 = VERTEX_POINT ( 'NONE', #11132 ) ;
#11909 = SPHERICAL_SURFACE ( 'NONE', #7687, 0.1499999999999998557 ) ;
#11910 = FACE_OUTER_BOUND ( 'NONE', #7152, .T. ) ;
#11911 = ORIENTED_EDGE ( 'NONE', *, *, #11005, .F. ) ;
#11912 = ADVANCED_FACE ( 'NONE', ( #637 ), #9235, .T. ) ;
#11913 = AXIS2_PLACEMENT_3D ( 'NONE', #5528, #4778, #5789 ) ;
#11914 = COLOUR_RGB ( '',0.7921568627450980005, 0.8196078431372548767, 0.9333333333333333481 ) ;
#11915 = ADVANCED_FACE ( 'NONE', ( #653 ), #4937, .T. ) ;
#11916 = DIRECTION ( 'NONE',  ( 1.000000000000000000, 0.000000000000000000, -0.000000000000000000 ) ) ;
#11917 = ORIENTED_EDGE ( 'NONE', *, *, #1362, .T. ) ;
#11918 = VERTEX_POINT ( 'NONE', #12635 ) ;
#11919 = COLOUR_RGB ( '',0.7921568627450980005, 0.8196078431372548767, 0.9333333333333333481 ) ;
#11920 = DIRECTION ( 'NONE',  ( 0.000000000000000000, 0.000000000000000000, 1.000000000000000000 ) ) ;
#11921 = PLANE ( 'NONE',  #12720 ) ;
#11922 = FACE_OUTER_BOUND ( 'NONE', #3816, .T. ) ;
#11923 = CARTESIAN_POINT ( 'NONE',  ( -3.250000000000000000, 0.2699999999999994071, -1.339999999999999192 ) ) ;
#11924 = ORIENTED_EDGE ( 'NONE', *, *, #12744, .T. ) ;
#11925 = ADVANCED_FACE ( 'NONE', ( #4963 ), #966, .T. ) ;
#11926 =( NAMED_UNIT ( * ) PLANE_ANGLE_UNIT ( ) SI_UNIT ( $, .RADIAN. ) );
#11927 = CIRCLE ( 'NONE', #1436, 0.08999999999999980238 ) ;
#11928 =( NAMED_UNIT ( * ) SI_UNIT ( $, .STERADIAN. ) SOLID_ANGLE_UNIT ( ) );
#11929 = EDGE_LOOP ( 'NONE', ( #318, #8794, #5462 ) ) ;
#11930 = EDGE_CURVE ( 'NONE', #6636, #12335, #5336, .T. ) ;
#11931 = AXIS2_PLACEMENT_3D ( 'NONE', #9692, #4106, #7961 ) ;
#11932 = SURFACE_SIDE_STYLE ('',( #9871 ) ) ;
#11933 = SURFACE_SIDE_STYLE ('',( #187 ) ) ;
#11934 = CARTESIAN_POINT ( 'NONE',  ( -2.250000000000000000, 0.1499999999999999944, -0.2499999999999993616 ) ) ;
#11935 =( LENGTH_UNIT ( ) NAMED_UNIT ( * ) SI_UNIT ( .MILLI., .METRE. ) );
#11936 = EDGE_LOOP ( 'NONE', ( #5091, #5256, #5226 ) ) ;
#11937 = FACE_OUTER_BOUND ( 'NONE', #10793, .T. ) ;
#11938 = DIRECTION ( 'NONE',  ( 0.000000000000000000, 0.000000000000000000, 1.000000000000000000 ) ) ;
#11939 = DIRECTION ( 'NONE',  ( -0.000000000000000000, 1.000000000000000000, -0.000000000000000000 ) ) ;
#11940 = EDGE_LOOP ( 'NONE', ( #10160, #5936 ) ) ;
#11941 = EDGE_LOOP ( 'NONE', ( #4511, #5146, #9127 ) ) ;
#11942 = DIRECTION ( 'NONE',  ( -0.000000000000000000, 1.000000000000000000, 0.000000000000000000 ) ) ;
#11943 = SHAPE_DEFINITION_REPRESENTATION ( #12002, #11581 ) ;
#11944 = ORIENTED_EDGE ( 'NONE', *, *, #672, .F. ) ;
#11945 = VECTOR ( 'NONE', #1256, 1000.000000000000000 ) ;
#11946 = VERTEX_POINT ( 'NONE', #8643 ) ;
#11947 = CARTESIAN_POINT ( 'NONE',  ( 2.750000000000000444, 1.355252715606880543E-16, 2.250000000000000444 ) ) ;
#11948 = FILL_AREA_STYLE_COLOUR ( '', #11550 ) ;
#11949 = ADVANCED_FACE ( 'NONE', ( #1271 ), #1025, .T. ) ;
#11950 = DIRECTION ( 'NONE',  ( 0.000000000000000000, 0.000000000000000000, 1.000000000000000000 ) ) ;
#11951 = CARTESIAN_POINT ( 'NONE',  ( -0.7499999999999997780, 0.1499999999999999944, -2.749999999999999556 ) ) ;
#11952 = DIRECTION ( 'NONE',  ( 0.000000000000000000, 0.000000000000000000, 1.000000000000000000 ) ) ;
#11953 = AXIS2_PLACEMENT_3D ( 'NONE', #6491, #11577, #7512 ) ;
#11954 = ADVANCED_FACE ( 'NONE', ( #1249 ), #9690, .T. ) ;
#11955 = CLOSED_SHELL ( 'NONE', ( #5028, #11066, #6068 ) ) ;
#11956 = FACE_OUTER_BOUND ( 'NONE', #5643, .T. ) ;
#11957 = DIRECTION ( 'NONE',  ( -0.000000000000000000, 1.000000000000000000, -0.000000000000000000 ) ) ;
#11958 = EDGE_CURVE ( 'NONE', #4836, #2106, #1067, .T. ) ;
#11959 = DIRECTION ( 'NONE',  ( 0.000000000000000000, 0.000000000000000000, 1.000000000000000000 ) ) ;
#11960 = AXIS2_PLACEMENT_3D ( 'NONE', #7761, #3575, #3495 ) ;
#11961 = CARTESIAN_POINT ( 'NONE',  ( -2.750000000000000000, 1.355252715606880543E-16, 0.2500000000000006661 ) ) ;
#11962 = ORIENTED_EDGE ( 'NONE', *, *, #11115, .F. ) ;
#11963 = FILL_AREA_STYLE ('',( #9956 ) ) ;
#11964 = VERTEX_POINT ( 'NONE', #2721 ) ;
#11965 =( NAMED_UNIT ( * ) PLANE_ANGLE_UNIT ( ) SI_UNIT ( $, .RADIAN. ) );
#11966 = CARTESIAN_POINT ( 'NONE',  ( -3.250000000000000000, 0.1499999999999999944, -0.7499999999999993339 ) ) ;
#11967 = AXIS2_PLACEMENT_3D ( 'NONE', #8669, #8497, #9504 ) ;
#11968 = ORIENTED_EDGE ( 'NONE', *, *, #7260, .T. ) ;
#11969 = CIRCLE ( 'NONE', #8115, 0.08999999999999980238 ) ;
#11970 = EDGE_CURVE ( 'NONE', #8058, #2783, #9730, .T. ) ;
#11971 = AXIS2_PLACEMENT_3D ( 'NONE', #12357, #8016, #7360 ) ;
#11972 = FACE_OUTER_BOUND ( 'NONE', #11073, .T. ) ;
#11973 =( NAMED_UNIT ( * ) PLANE_ANGLE_UNIT ( ) SI_UNIT ( $, .RADIAN. ) );
#11974 = VERTEX_POINT ( 'NONE', #11393 ) ;
#11975 = CIRCLE ( 'NONE', #2202, 0.1499999999999999667 ) ;
#11976 = CARTESIAN_POINT ( 'NONE',  ( 3.250000000000000888, 0.2699999999999994071, 1.340000000000001412 ) ) ;
#11977 = ORIENTED_EDGE ( 'NONE', *, *, #9439, .T. ) ;
#11978 = CIRCLE ( 'NONE', #3636, 0.1499999999999998557 ) ;
#11979 = CARTESIAN_POINT ( 'NONE',  ( 2.750000000000000444, 0.1499999999999999944, 0.7500000000000006661 ) ) ;
#11980 = ORIENTED_EDGE ( 'NONE', *, *, #6355, .T. ) ;
#11981 = DIRECTION ( 'NONE',  ( -0.000000000000000000, 1.000000000000000000, 0.000000000000000000 ) ) ;
#11982 = VERTEX_POINT ( 'NONE', #2800 ) ;
#11983 = DIRECTION ( 'NONE',  ( 0.000000000000000000, 0.000000000000000000, 1.000000000000000000 ) ) ;
#11984 = CARTESIAN_POINT ( 'NONE',  ( -3.250000000000000000, 0.2699999999999994071, 0.7500000000000011102 ) ) ;
#11985 = STYLED_ITEM ( 'NONE', ( #4532 ), #7063 ) ;
#11986 = CARTESIAN_POINT ( 'NONE',  ( -1.749999999999999778, 0.1499999999999999944, 3.250000000000001332 ) ) ;
#11987 = DIRECTION ( 'NONE',  ( 1.000000000000000000, 0.000000000000000000, -0.000000000000000000 ) ) ;
#11988 = DIRECTION ( 'NONE',  ( -1.000000000000000000, 0.000000000000000000, 0.000000000000000000 ) ) ;
#11989 =( NAMED_UNIT ( * ) PLANE_ANGLE_UNIT ( ) SI_UNIT ( $, .RADIAN. ) );
#11990 = ORIENTED_EDGE ( 'NONE', *, *, #8513, .F. ) ;
#11991 = MANIFOLD_SOLID_BREP ( 'LPattern1[24]', #6376 ) ;
#11992 = DIRECTION ( 'NONE',  ( 0.000000000000000000, 0.000000000000000000, 1.000000000000000000 ) ) ;
#11993 = CARTESIAN_POINT ( 'NONE',  ( 0.2500000000000002220, 0.1499999999999999944, -3.249999999999999556 ) ) ;
#11994 = FACE_OUTER_BOUND ( 'NONE', #6120, .T. ) ;
#11995 = EDGE_LOOP ( 'NONE', ( #3497, #9365, #10438 ) ) ;
#11996 = EDGE_CURVE ( 'NONE', #1712, #9037, #5230, .T. ) ;
#11997 = MANIFOLD_SOLID_BREP ( 'LPattern1[113]', #2618 ) ;
#11998 = FACE_OUTER_BOUND ( 'NONE', #10880, .T. ) ;
#11999 = ORIENTED_EDGE ( 'NONE', *, *, #1707, .T. ) ;
#12000 = ORIENTED_EDGE ( 'NONE', *, *, #4361, .T. ) ;
#12001 = SURFACE_STYLE_FILL_AREA ( #988 ) ;
#12002 = PRODUCT_DEFINITION_SHAPE ( 'NONE', 'NONE',  #5583 ) ;
#12003 = DIRECTION ( 'NONE',  ( 0.000000000000000000, 0.000000000000000000, 1.000000000000000000 ) ) ;
#12004 = EDGE_LOOP ( 'NONE', ( #1411, #10676 ) ) ;
#12005 = AXIS2_PLACEMENT_3D ( 'NONE', #9458, #11456, #7376 ) ;
#12006 = SPHERICAL_SURFACE ( 'NONE', #6254, 0.1499999999999998557 ) ;
#12007 = CARTESIAN_POINT ( 'NONE',  ( 1.250000000000000666, 0.2699999999999994071, 2.750000000000001332 ) ) ;
#12008 = SURFACE_STYLE_FILL_AREA ( #4207 ) ;
#12009 = CARTESIAN_POINT ( 'NONE',  ( -2.750000000000000000, 0.2699999999999994071, -3.339999999999999414 ) ) ;
#12010 = AXIS2_PLACEMENT_3D ( 'NONE', #1013, #3731, #6810 ) ;
#12011 = EDGE_LOOP ( 'NONE', ( #2039, #5071, #5539 ) ) ;
#12012 = ADVANCED_FACE ( 'NONE', ( #5442 ), #5401, .T. ) ;
#12013 = CARTESIAN_POINT ( 'NONE',  ( -1.249999999999999778, 0.2699999999999994071, 0.8400000000000010791 ) ) ;
#12014 = DIRECTION ( 'NONE',  ( 0.000000000000000000, 0.000000000000000000, 1.000000000000000000 ) ) ;
#12015 = CIRCLE ( 'NONE', #51, 0.08999999999999980238 ) ;
#12016 = DIRECTION ( 'NONE',  ( 0.000000000000000000, 0.000000000000000000, 1.000000000000000000 ) ) ;
#12017 = SURFACE_SIDE_STYLE ('',( #2412 ) ) ;
#12018 = CIRCLE ( 'NONE', #12212, 0.1499999999999999667 ) ;
#12019 = CARTESIAN_POINT ( 'NONE',  ( -0.2499999999999997780, 1.355252715606880543E-16, -2.249999999999999556 ) ) ;
#12020 = EDGE_CURVE ( 'NONE', #10413, #6830, #5418, .T. ) ;
#12021 = VECTOR ( 'NONE', #721, 1000.000000000000000 ) ;
#12022 = ADVANCED_FACE ( 'NONE', ( #9847 ), #9666, .T. ) ;
#12023 = AXIS2_PLACEMENT_3D ( 'NONE', #8060, #8144, #11127 ) ;
#12024 = VERTEX_POINT ( 'NONE', #4824 ) ;
#12025 = ORIENTED_EDGE ( 'NONE', *, *, #3852, .T. ) ;
#12026 =( NAMED_UNIT ( * ) SI_UNIT ( $, .STERADIAN. ) SOLID_ANGLE_UNIT ( ) );
#12027 = ORIENTED_EDGE ( 'NONE', *, *, #219, .F. ) ;
#12028 = ADVANCED_FACE ( 'NONE', ( #1317 ), #5004, .T. ) ;
#12029 =( NAMED_UNIT ( * ) SI_UNIT ( $, .STERADIAN. ) SOLID_ANGLE_UNIT ( ) );
#12030 = SURFACE_STYLE_FILL_AREA ( #3895 ) ;
#12031 = AXIS2_PLACEMENT_3D ( 'NONE', #9391, #5653, #6648 ) ;
#12032 = ORIENTED_EDGE ( 'NONE', *, *, #10996, .F. ) ;
#12033 = FILL_AREA_STYLE_COLOUR ( '', #5995 ) ;
#12034 =( NAMED_UNIT ( * ) PLANE_ANGLE_UNIT ( ) SI_UNIT ( $, .RADIAN. ) );
#12035 = UNCERTAINTY_MEASURE_WITH_UNIT (LENGTH_MEASURE( 1.000000000000000082E-05 ), #1099, 'distance_accuracy_value', 'NONE');
#12036 = SURFACE_STYLE_USAGE ( .BOTH. , #2276 ) ;
#12037 = UNCERTAINTY_MEASURE_WITH_UNIT (LENGTH_MEASURE( 1.000000000000000082E-05 ), #7872, 'distance_accuracy_value', 'NONE');
#12038 = CIRCLE ( 'NONE', #12315, 0.1499999999999998557 ) ;
#12039 = DIRECTION ( 'NONE',  ( 1.000000000000000000, 0.000000000000000000, 1.224646799147353207E-16 ) ) ;
#12040 = CARTESIAN_POINT ( 'NONE',  ( -2.250000000000000000, 1.355252715606880543E-16, 1.250000000000001110 ) ) ;
#12041 = EDGE_CURVE ( 'NONE', #11348, #9307, #985, .T. ) ;
#12042 =( GEOMETRIC_REPRESENTATION_CONTEXT ( 3 ) GLOBAL_UNCERTAINTY_ASSIGNED_CONTEXT ( ( #100 ) ) GLOBAL_UNIT_ASSIGNED_CONTEXT ( ( #145, #7032, #10220 ) ) REPRESENTATION_CONTEXT ( 'NONE', 'WORKASPACE' ) );
#12043 = SURFACE_STYLE_USAGE ( .BOTH. , #9950 ) ;
#12044 = DIRECTION ( 'NONE',  ( -0.000000000000000000, 1.000000000000000000, -0.000000000000000000 ) ) ;
#12045 = ORIENTED_EDGE ( 'NONE', *, *, #7027, .T. ) ;
#12046 = FILL_AREA_STYLE ('',( #11592 ) ) ;
#12047 = ORIENTED_EDGE ( 'NONE', *, *, #3289, .F. ) ;
#12048 = AXIS2_PLACEMENT_3D ( 'NONE', #2439, #12196, #4098 ) ;
#12049 = FILL_AREA_STYLE ('',( #888 ) ) ;
#12050 = DIRECTION ( 'NONE',  ( 0.000000000000000000, 0.000000000000000000, 1.000000000000000000 ) ) ;
#12051 = ORIENTED_EDGE ( 'NONE', *, *, #8992, .F. ) ;
#12052 = AXIS2_PLACEMENT_3D ( 'NONE', #11766, #9756, #10758 ) ;
#12053 = UNCERTAINTY_MEASURE_WITH_UNIT (LENGTH_MEASURE( 1.000000000000000082E-05 ), #10380, 'distance_accuracy_value', 'NONE');
#12054 = DIRECTION ( 'NONE',  ( -1.000000000000000000, 0.000000000000000000, 0.000000000000000000 ) ) ;
#12055 = VERTEX_POINT ( 'NONE', #10999 ) ;
#12056 = CARTESIAN_POINT ( 'NONE',  ( -0.2499999999999997780, 0.2699999999999994071, 1.160000000000001252 ) ) ;
#12057 = ADVANCED_FACE ( 'NONE', ( #9752 ), #287, .T. ) ;
#12058 = SURFACE_STYLE_FILL_AREA ( #6335 ) ;
#12059 = DIRECTION ( 'NONE',  ( 0.000000000000000000, 0.000000000000000000, 1.000000000000000000 ) ) ;
#12060 = ORIENTED_EDGE ( 'NONE', *, *, #1264, .F. ) ;
#12061 = EDGE_LOOP ( 'NONE', ( #3939, #4365, #4091 ) ) ;
#12062 = FACE_OUTER_BOUND ( 'NONE', #700, .T. ) ;
#12063 = CARTESIAN_POINT ( 'NONE',  ( 3.250000000000000888, 0.1499999999999999944, -2.749999999999999556 ) ) ;
#12064 = DIRECTION ( 'NONE',  ( 0.000000000000000000, 0.000000000000000000, -1.000000000000000000 ) ) ;
#12065 = PRESENTATION_LAYER_ASSIGNMENT (  '', '', ( #12790 ) ) ;
#12066 = DIRECTION ( 'NONE',  ( -1.000000000000000000, 0.000000000000000000, 0.000000000000000000 ) ) ;
#12067 = ORIENTED_EDGE ( 'NONE', *, *, #7924, .F. ) ;
#12068 = FILL_AREA_STYLE_COLOUR ( '', #6090 ) ;
#12069 = LINE ( 'NONE', #8297, #12267 ) ;
#12070 = CARTESIAN_POINT ( 'NONE',  ( -2.250000000000000000, 0.1499999999999999944, -0.2499999999999993616 ) ) ;
#12071 = FACE_OUTER_BOUND ( 'NONE', #6483, .T. ) ;
#12072 = PLANE ( 'NONE',  #3829 ) ;
#12073 = ORIENTED_EDGE ( 'NONE', *, *, #869, .F. ) ;
#12074 = SURFACE_STYLE_FILL_AREA ( #12659 ) ;
#12075 = FACE_OUTER_BOUND ( 'NONE', #2981, .T. ) ;
#12076 = ORIENTED_EDGE ( 'NONE', *, *, #3966, .F. ) ;
#12077 = EDGE_LOOP ( 'NONE', ( #4672, #470 ) ) ;
#12078 =( GEOMETRIC_REPRESENTATION_CONTEXT ( 3 ) GLOBAL_UNCERTAINTY_ASSIGNED_CONTEXT ( ( #2764 ) ) GLOBAL_UNIT_ASSIGNED_CONTEXT ( ( #10459, #1239, #5206 ) ) REPRESENTATION_CONTEXT ( 'NONE', 'WORKASPACE' ) );
#12079 =( GEOMETRIC_REPRESENTATION_CONTEXT ( 3 ) GLOBAL_UNCERTAINTY_ASSIGNED_CONTEXT ( ( #1975 ) ) GLOBAL_UNIT_ASSIGNED_CONTEXT ( ( #3750, #8834, #1034 ) ) REPRESENTATION_CONTEXT ( 'NONE', 'WORKASPACE' ) );
#12080 = CARTESIAN_POINT ( 'NONE',  ( -3.250000000000000000, 0.2699999999999994071, -2.659999999999999254 ) ) ;
#12081 = EDGE_LOOP ( 'NONE', ( #6385, #1479 ) ) ;
#12082 = PRESENTATION_STYLE_ASSIGNMENT (( #2372 ) ) ;
#12083 = MANIFOLD_SOLID_BREP ( 'LPattern1[111]', #2930 ) ;
#12084 = EDGE_CURVE ( 'NONE', #8122, #10385, #9623, .T. ) ;
#12085 = AXIS2_PLACEMENT_3D ( 'NONE', #6516, #4502, #1289 ) ;
#12086 = PLANE ( 'NONE',  #3496 ) ;
#12087 = AXIS2_PLACEMENT_3D ( 'NONE', #9457, #10452, #583 ) ;
#12088 = CIRCLE ( 'NONE', #8703, 0.08999999999999980238 ) ;
#12089 =( NAMED_UNIT ( * ) SI_UNIT ( $, .STERADIAN. ) SOLID_ANGLE_UNIT ( ) );
#12090 = ORIENTED_EDGE ( 'NONE', *, *, #5319, .F. ) ;
#12091 = CARTESIAN_POINT ( 'NONE',  ( 2.250000000000000000, 0.2699999999999994071, 1.250000000000001554 ) ) ;
#12092 = CARTESIAN_POINT ( 'NONE',  ( -2.250000000000000000, 0.2699999999999994071, -0.3399999999999992473 ) ) ;
#12093 =( NAMED_UNIT ( * ) SI_UNIT ( $, .STERADIAN. ) SOLID_ANGLE_UNIT ( ) );
#12094 =( NAMED_UNIT ( * ) PLANE_ANGLE_UNIT ( ) SI_UNIT ( $, .RADIAN. ) );
#12095 = AXIS2_PLACEMENT_3D ( 'NONE', #8644, #9650, #5313 ) ;
#12096 = COLOUR_RGB ( '',0.7921568627450980005, 0.8196078431372548767, 0.9333333333333333481 ) ;
#12097 = ORIENTED_EDGE ( 'NONE', *, *, #8684, .F. ) ;
#12098 = EDGE_CURVE ( 'NONE', #10966, #4705, #1360, .T. ) ;
#12099 = VERTEX_POINT ( 'NONE', #9920 ) ;
#12100 = DIRECTION ( 'NONE',  ( -0.000000000000000000, 1.000000000000000000, -0.000000000000000000 ) ) ;
#12101 = SPHERICAL_SURFACE ( 'NONE', #12732, 0.1499999999999998557 ) ;
#12102 = STYLED_ITEM ( 'NONE', ( #5265 ), #4156 ) ;
#12103 =( NAMED_UNIT ( * ) PLANE_ANGLE_UNIT ( ) SI_UNIT ( $, .RADIAN. ) );
#12104 = FACE_OUTER_BOUND ( 'NONE', #4966, .T. ) ;
#12105 = EDGE_CURVE ( 'NONE', #7689, #7164, #1046, .T. ) ;
#12106 = VERTEX_POINT ( 'NONE', #12013 ) ;
#12107 =( NAMED_UNIT ( * ) SI_UNIT ( $, .STERADIAN. ) SOLID_ANGLE_UNIT ( ) );
#12108 = EDGE_CURVE ( 'NONE', #11686, #3784, #9645, .T. ) ;
#12109 = ADVANCED_FACE ( 'NONE', ( #5376 ), #6222, .T. ) ;
#12110 = CARTESIAN_POINT ( 'NONE',  ( -2.750000000000000000, 0.2699999999999994071, -1.659999999999999254 ) ) ;
#12111 = AXIS2_PLACEMENT_3D ( 'NONE', #8473, #3479, #11645 ) ;
#12112 = CARTESIAN_POINT ( 'NONE',  ( 1.750000000000000222, 0.1499999999999999944, -2.749999999999999556 ) ) ;
#12113 = COLOUR_RGB ( '',0.7921568627450980005, 0.8196078431372548767, 0.9333333333333333481 ) ;
#12114 = EDGE_CURVE ( 'NONE', #10666, #7760, #10444, .T. ) ;
#12115 =( NAMED_UNIT ( * ) PLANE_ANGLE_UNIT ( ) SI_UNIT ( $, .RADIAN. ) );
#12116 = DIRECTION ( 'NONE',  ( 0.000000000000000000, 0.000000000000000000, 1.000000000000000000 ) ) ;
#12117 = AXIS2_PLACEMENT_3D ( 'NONE', #9351, #6679, #7338 ) ;
#12118 = ADVANCED_FACE ( 'NONE', ( #10112 ), #1783, .T. ) ;
#12119 = DIRECTION ( 'NONE',  ( -1.000000000000000000, 0.000000000000000000, 0.000000000000000000 ) ) ;
#12120 = PRESENTATION_STYLE_ASSIGNMENT (( #2035 ) ) ;
#12121 = ADVANCED_FACE ( 'NONE', ( #6048 ), #1415, .T. ) ;
#12122 = SURFACE_STYLE_USAGE ( .BOTH. , #2284 ) ;
#12123 = CARTESIAN_POINT ( 'NONE',  ( 0.7500000000000002220, 0.1499999999999999944, 2.750000000000000888 ) ) ;
#12124 = ORIENTED_EDGE ( 'NONE', *, *, #3833, .T. ) ;
#12125 = AXIS2_PLACEMENT_3D ( 'NONE', #5355, #12189, #4252 ) ;
#12126 = STYLED_ITEM ( 'NONE', ( #2158 ), #9936 ) ;
#12127 = VERTEX_POINT ( 'NONE', #5915 ) ;
#12128 = FILL_AREA_STYLE ('',( #10212 ) ) ;
#12129 = FACE_OUTER_BOUND ( 'NONE', #10836, .T. ) ;
#12130 = CARTESIAN_POINT ( 'NONE',  ( -2.250000000000000000, 0.2699999999999994071, 0.1600000000000007250 ) ) ;
#12131 = ADVANCED_FACE ( 'NONE', ( #1910 ), #10008, .T. ) ;
#12132 = PRESENTATION_STYLE_ASSIGNMENT (( #4490 ) ) ;
#12133 = DIRECTION ( 'NONE',  ( 1.000000000000000000, 0.000000000000000000, -0.000000000000000000 ) ) ;
#12134 = CLOSED_SHELL ( 'NONE', ( #11912, #377, #8094 ) ) ;
#12135 = DIRECTION ( 'NONE',  ( 0.000000000000000000, 0.000000000000000000, 1.000000000000000000 ) ) ;
#12136 = FACE_OUTER_BOUND ( 'NONE', #5409, .T. ) ;
#12137 = SURFACE_STYLE_USAGE ( .BOTH. , #1244 ) ;
#12138 =( LENGTH_UNIT ( ) NAMED_UNIT ( * ) SI_UNIT ( .MILLI., .METRE. ) );
#12139 =( LENGTH_UNIT ( ) NAMED_UNIT ( * ) SI_UNIT ( .MILLI., .METRE. ) );
#12140 = ORIENTED_EDGE ( 'NONE', *, *, #2927, .F. ) ;
#12141 = DIRECTION ( 'NONE',  ( 0.000000000000000000, 0.000000000000000000, 1.000000000000000000 ) ) ;
#12142 = VERTEX_POINT ( 'NONE', #6506 ) ;
#12143 = CIRCLE ( 'NONE', #6738, 0.08999999999999980238 ) ;
#12144 = DIRECTION ( 'NONE',  ( -0.000000000000000000, 1.000000000000000000, -0.000000000000000000 ) ) ;
#12145 = EDGE_CURVE ( 'NONE', #3002, #4231, #5707, .T. ) ;
#12146 = ADVANCED_FACE ( 'NONE', ( #5794 ), #7619, .T. ) ;
#12147 = DIRECTION ( 'NONE',  ( -0.000000000000000000, 1.000000000000000000, -0.000000000000000000 ) ) ;
#12148 = SURFACE_STYLE_USAGE ( .BOTH. , #11902 ) ;
#12149 = DIRECTION ( 'NONE',  ( 0.000000000000000000, 0.000000000000000000, 1.000000000000000000 ) ) ;
#12150 = EDGE_LOOP ( 'NONE', ( #55, #12259 ) ) ;
#12151 = COLOUR_RGB ( '',0.7921568627450980005, 0.8196078431372548767, 0.9333333333333333481 ) ;
#12152 = SURFACE_STYLE_USAGE ( .BOTH. , #11403 ) ;
#12153 = PRESENTATION_LAYER_ASSIGNMENT (  '', '', ( #10898 ) ) ;
#12154 = AXIS2_PLACEMENT_3D ( 'NONE', #11107, #2201, #10207 ) ;
#12155 = SURFACE_STYLE_USAGE ( .BOTH. , #3241 ) ;
#12156 = ORIENTED_EDGE ( 'NONE', *, *, #1898, .F. ) ;
#12157 = PRESENTATION_LAYER_ASSIGNMENT (  '', '', ( #6550 ) ) ;
#12158 = EDGE_LOOP ( 'NONE', ( #8311, #648, #610 ) ) ;
#12159 = CIRCLE ( 'NONE', #65, 0.08999999999999980238 ) ;
#12160 = EDGE_CURVE ( 'NONE', #9166, #8255, #10026, .T. ) ;
#12161 = FILL_AREA_STYLE ('',( #10326 ) ) ;
#12162 = PRESENTATION_LAYER_ASSIGNMENT (  '', '', ( #12604 ) ) ;
#12163 = FILL_AREA_STYLE ('',( #1990 ) ) ;
#12164 = AXIS2_PLACEMENT_3D ( 'NONE', #8579, #10757, #9501 ) ;
#12165 = DIRECTION ( 'NONE',  ( 1.000000000000000000, 0.000000000000000000, 1.224646799147353207E-16 ) ) ;
#12166 = CARTESIAN_POINT ( 'NONE',  ( -2.250000000000000000, 0.2699999999999994071, -2.749999999999999112 ) ) ;
#12167 = CARTESIAN_POINT ( 'NONE',  ( -0.2499999999999997780, 0.1499999999999999944, 3.250000000000001332 ) ) ;
#12168 = EDGE_CURVE ( 'NONE', #2709, #3635, #10592, .T. ) ;
#12169 = DIRECTION ( 'NONE',  ( 0.000000000000000000, 0.000000000000000000, 1.000000000000000000 ) ) ;
#12170 = VERTEX_POINT ( 'NONE', #3520 ) ;
#12171 = CARTESIAN_POINT ( 'NONE',  ( 2.250000000000000000, 1.355252715606880543E-16, -1.249999999999999334 ) ) ;
#12172 = CARTESIAN_POINT ( 'NONE',  ( 0.2500000000000002220, 0.1499999999999999944, -2.249999999999999556 ) ) ;
#12173 = SURFACE_STYLE_USAGE ( .BOTH. , #11933 ) ;
#12174 = CARTESIAN_POINT ( 'NONE',  ( 1.250000000000000666, 0.1499999999999999944, 0.2500000000000006661 ) ) ;
#12175 = DIRECTION ( 'NONE',  ( 1.000000000000000000, 0.000000000000000000, -0.000000000000000000 ) ) ;
#12176 = AXIS2_PLACEMENT_3D ( 'NONE', #8635, #3567, #9478 ) ;
#12177 = CARTESIAN_POINT ( 'NONE',  ( -1.749999999999999778, 0.2699999999999994071, -2.659999999999999254 ) ) ;
#12178 = MANIFOLD_SOLID_BREP ( 'LPattern1[79]', #7281 ) ;
#12179 = COLOUR_RGB ( '',0.7921568627450980005, 0.8196078431372548767, 0.9333333333333333481 ) ;
#12180 = ORIENTED_EDGE ( 'NONE', *, *, #11510, .F. ) ;
#12181 = AXIS2_PLACEMENT_3D ( 'NONE', #2711, #3643, #5733 ) ;
#12182 = EDGE_LOOP ( 'NONE', ( #6468, #7543 ) ) ;
#12183 = LINE ( 'NONE', #523, #12285 ) ;
#12184 = FILL_AREA_STYLE_COLOUR ( '', #1306 ) ;
#12185 = UNCERTAINTY_MEASURE_WITH_UNIT (LENGTH_MEASURE( 1.000000000000000082E-05 ), #7866, 'distance_accuracy_value', 'NONE');
#12186 = UNCERTAINTY_MEASURE_WITH_UNIT (LENGTH_MEASURE( 1.000000000000000082E-05 ), #6639, 'distance_accuracy_value', 'NONE');
#12187 = CIRCLE ( 'NONE', #4685, 0.08999999999999980238 ) ;
#12188 = ORIENTED_EDGE ( 'NONE', *, *, #7586, .F. ) ;
#12189 = DIRECTION ( 'NONE',  ( -0.000000000000000000, 1.000000000000000000, 0.000000000000000000 ) ) ;
#12190 = CARTESIAN_POINT ( 'NONE',  ( 3.250000000000000888, 0.2699999999999994071, 2.340000000000000302 ) ) ;
#12191 = FILL_AREA_STYLE_COLOUR ( '', #5021 ) ;
#12192 = AXIS2_PLACEMENT_3D ( 'NONE', #4426, #4259, #6452 ) ;
#12193 = SPHERICAL_SURFACE ( 'NONE', #7662, 0.1499999999999998557 ) ;
#12194 = CARTESIAN_POINT ( 'NONE',  ( 1.250000000000000666, 0.2699999999999994071, 0.8400000000000008571 ) ) ;
#12195 = DIRECTION ( 'NONE',  ( 1.000000000000000000, 0.000000000000000000, -0.000000000000000000 ) ) ;
#12196 = DIRECTION ( 'NONE',  ( -0.000000000000000000, 1.000000000000000000, 0.000000000000000000 ) ) ;
#12197 = AXIS2_PLACEMENT_3D ( 'NONE', #1875, #2855, #4881 ) ;
#12198 = VECTOR ( 'NONE', #3110, 1000.000000000000000 ) ;
#12199 = DIRECTION ( 'NONE',  ( 0.000000000000000000, 0.000000000000000000, 1.000000000000000000 ) ) ;
#12200 = CARTESIAN_POINT ( 'NONE',  ( -5.750000000000001776, 0.4200000000000002620, -6.500000000000000000 ) ) ;
#12201 = ORIENTED_EDGE ( 'NONE', *, *, #5759, .T. ) ;
#12202 = CARTESIAN_POINT ( 'NONE',  ( 0.7500000000000002220, 0.2699999999999994071, -1.249999999999998890 ) ) ;
#12203 = VERTEX_POINT ( 'NONE', #1535 ) ;
#12204 =( NAMED_UNIT ( * ) PLANE_ANGLE_UNIT ( ) SI_UNIT ( $, .RADIAN. ) );
#12205 =( NAMED_UNIT ( * ) SI_UNIT ( $, .STERADIAN. ) SOLID_ANGLE_UNIT ( ) );
#12206 = PRESENTATION_STYLE_ASSIGNMENT (( #6892 ) ) ;
#12207 = DIRECTION ( 'NONE',  ( 0.000000000000000000, 0.000000000000000000, 1.000000000000000000 ) ) ;
#12208 = ORIENTED_EDGE ( 'NONE', *, *, #12856, .F. ) ;
#12209 = DIRECTION ( 'NONE',  ( 0.000000000000000000, 0.000000000000000000, 1.000000000000000000 ) ) ;
#12210 = ADVANCED_FACE ( 'NONE', ( #1973 ), #1545, .T. ) ;
#12211 = AXIS2_PLACEMENT_3D ( 'NONE', #6008, #2426, #568 ) ;
#12212 = AXIS2_PLACEMENT_3D ( 'NONE', #5191, #9525, #9368 ) ;
#12213 = CIRCLE ( 'NONE', #2963, 0.08999999999999980238 ) ;
#12214 = DIRECTION ( 'NONE',  ( 0.000000000000000000, 0.000000000000000000, -1.000000000000000000 ) ) ;
#12215 = STYLED_ITEM ( 'NONE', ( #9777 ), #11991 ) ;
#12216 = DIRECTION ( 'NONE',  ( 1.000000000000000000, 0.000000000000000000, 1.224646799147353207E-16 ) ) ;
#12217 = ADVANCED_FACE ( 'NONE', ( #10463 ), #10408, .T. ) ;
#12218 = DIRECTION ( 'NONE',  ( -0.000000000000000000, 1.000000000000000000, -0.000000000000000000 ) ) ;
#12219 = ORIENTED_EDGE ( 'NONE', *, *, #2404, .T. ) ;
#12220 = DIRECTION ( 'NONE',  ( -0.000000000000000000, 1.000000000000000000, -0.000000000000000000 ) ) ;
#12221 = VERTEX_POINT ( 'NONE', #5601 ) ;
#12222 = CARTESIAN_POINT ( 'NONE',  ( -1.749999999999999778, 1.355252715606880543E-16, -1.749999999999999334 ) ) ;
#12223 = DIRECTION ( 'NONE',  ( -1.000000000000000000, 0.000000000000000000, 0.000000000000000000 ) ) ;
#12224 = SURFACE_STYLE_FILL_AREA ( #11263 ) ;
#12225 = DIRECTION ( 'NONE',  ( 0.000000000000000000, 0.000000000000000000, 1.000000000000000000 ) ) ;
#12226 = DIRECTION ( 'NONE',  ( -0.000000000000000000, 1.000000000000000000, -0.000000000000000000 ) ) ;
#12227 =( NAMED_UNIT ( * ) SI_UNIT ( $, .STERADIAN. ) SOLID_ANGLE_UNIT ( ) );
#12228 = AXIS2_PLACEMENT_3D ( 'NONE', #7652, #12873, #5720 ) ;
#12229 = CIRCLE ( 'NONE', #1904, 0.08999999999999980238 ) ;
#12230 = ADVANCED_FACE ( 'NONE', ( #6176 ), #1437, .T. ) ;
#12231 = DIRECTION ( 'NONE',  ( 0.000000000000000000, 0.000000000000000000, -1.000000000000000000 ) ) ;
#12232 = EDGE_LOOP ( 'NONE', ( #10142, #3556 ) ) ;
#12233 = EDGE_CURVE ( 'NONE', #9695, #7970, #1861, .T. ) ;
#12234 = DIRECTION ( 'NONE',  ( -0.000000000000000000, 1.000000000000000000, -0.000000000000000000 ) ) ;
#12235 = MECHANICAL_DESIGN_GEOMETRIC_PRESENTATION_REPRESENTATION (  '', ( #9286 ), #6318 ) ;
#12236 = CIRCLE ( 'NONE', #9550, 0.1499999999999999667 ) ;
#12237 = STYLED_ITEM ( 'NONE', ( #8219 ), #11502 ) ;
#12238 = ORIENTED_EDGE ( 'NONE', *, *, #4743, .F. ) ;
#12239 = ORIENTED_EDGE ( 'NONE', *, *, #54, .F. ) ;
#12240 = FACE_OUTER_BOUND ( 'NONE', #8556, .T. ) ;
#12241 = EDGE_CURVE ( 'NONE', #6327, #4784, #10072, .T. ) ;
#12242 = ADVANCED_FACE ( 'NONE', ( #10523 ), #8429, .T. ) ;
#12243 = FILL_AREA_STYLE_COLOUR ( '', #2714 ) ;
#12244 = FACE_OUTER_BOUND ( 'NONE', #2183, .T. ) ;
#12245 = CARTESIAN_POINT ( 'NONE',  ( -3.250000000000000000, 0.1499999999999999944, 1.750000000000000666 ) ) ;
#12246 = CARTESIAN_POINT ( 'NONE',  ( 1.250000000000000666, 0.2699999999999994071, 0.8400000000000010791 ) ) ;
#12247 = DIRECTION ( 'NONE',  ( 0.000000000000000000, 1.000000000000000000, 0.000000000000000000 ) ) ;
#12248 = PRESENTATION_LAYER_ASSIGNMENT (  '', '', ( #3383 ) ) ;
#12249 = ORIENTED_EDGE ( 'NONE', *, *, #11307, .T. ) ;
#12250 = DIRECTION ( 'NONE',  ( 0.000000000000000000, 0.000000000000000000, -1.000000000000000000 ) ) ;
#12251 = EDGE_CURVE ( 'NONE', #58, #4276, #1745, .T. ) ;
#12252 = DIRECTION ( 'NONE',  ( 0.000000000000000000, 0.000000000000000000, 1.000000000000000000 ) ) ;
#12253 = CARTESIAN_POINT ( 'NONE',  ( 3.250000000000000888, 0.2699999999999994071, -2.749999999999999112 ) ) ;
#12254 = CIRCLE ( 'NONE', #5317, 0.08999999999999980238 ) ;
#12255 = FILL_AREA_STYLE_COLOUR ( '', #2098 ) ;
#12256 = ADVANCED_FACE ( 'NONE', ( #10501 ), #10481, .T. ) ;
#12257 = COLOUR_RGB ( '',0.7921568627450980005, 0.8196078431372548767, 0.9333333333333333481 ) ;
#12258 = AXIS2_PLACEMENT_3D ( 'NONE', #10872, #2686, #4785 ) ;
#12259 = ORIENTED_EDGE ( 'NONE', *, *, #3824, .T. ) ;
#12260 = EDGE_LOOP ( 'NONE', ( #12753, #8237, #12589 ) ) ;
#12261 = AXIS2_PLACEMENT_3D ( 'NONE', #1750, #2725, #8482 ) ;
#12262 = SPHERICAL_SURFACE ( 'NONE', #5208, 0.1499999999999998557 ) ;
#12263 = MECHANICAL_DESIGN_GEOMETRIC_PRESENTATION_REPRESENTATION (  '', ( #11985 ), #4972 ) ;
#12264 = CARTESIAN_POINT ( 'NONE',  ( -2.250000000000000000, 0.2699999999999994071, -0.8399999999999994138 ) ) ;
#12265 = DIRECTION ( 'NONE',  ( 0.000000000000000000, 0.000000000000000000, 1.000000000000000000 ) ) ;
#12266 = CIRCLE ( 'NONE', #7041, 0.08999999999999980238 ) ;
#12267 = VECTOR ( 'NONE', #227, 1000.000000000000000 ) ;
#12268 = AXIS2_PLACEMENT_3D ( 'NONE', #2567, #5686, #12414 ) ;
#12269 = CARTESIAN_POINT ( 'NONE',  ( 2.750000000000000444, 0.2699999999999994071, -0.1599999999999989764 ) ) ;
#12270 = CIRCLE ( 'NONE', #9491, 0.4312500000000001887 ) ;
#12271 = MANIFOLD_SOLID_BREP ( 'LPattern1[138]', #8025 ) ;
#12272 = EDGE_LOOP ( 'NONE', ( #5186, #5628, #12365 ) ) ;
#12273 = AXIS2_PLACEMENT_3D ( 'NONE', #7891, #12607, #6708 ) ;
#12274 =( NAMED_UNIT ( * ) SI_UNIT ( $, .STERADIAN. ) SOLID_ANGLE_UNIT ( ) );
#12275 = CARTESIAN_POINT ( 'NONE',  ( -2.250000000000000000, 0.1499999999999999944, 0.2500000000000006661 ) ) ;
#12276 = FILL_AREA_STYLE ('',( #10284 ) ) ;
#12277 = EDGE_CURVE ( 'NONE', #12384, #2217, #6234, .T. ) ;
#12278 = AXIS2_PLACEMENT_3D ( 'NONE', #11440, #12436, #5796 ) ;
#12279 = CARTESIAN_POINT ( 'NONE',  ( -0.7499999999999997780, 0.1499999999999999944, 1.250000000000001110 ) ) ;
#12280 = SURFACE_STYLE_USAGE ( .BOTH. , #8201 ) ;
#12281 = CARTESIAN_POINT ( 'NONE',  ( -5.750000000000001776, -17.35655495770977907, 6.500000000000000000 ) ) ;
#12282 = ORIENTED_EDGE ( 'NONE', *, *, #1949, .F. ) ;
#12283 = DIRECTION ( 'NONE',  ( 1.000000000000000000, 0.000000000000000000, -0.000000000000000000 ) ) ;
#12284 = CLOSED_SHELL ( 'NONE', ( #313, #11954, #4065 ) ) ;
#12285 = VECTOR ( 'NONE', #8557, 999.9999999999998863 ) ;
#12286 = FACE_OUTER_BOUND ( 'NONE', #4166, .T. ) ;
#12287 = DIRECTION ( 'NONE',  ( 1.000000000000000000, 0.000000000000000000, -0.000000000000000000 ) ) ;
#12288 = CARTESIAN_POINT ( 'NONE',  ( -0.2499999999999997780, 0.2699999999999994071, -2.159999999999999254 ) ) ;
#12289 = AXIS2_PLACEMENT_3D ( 'NONE', #9732, #9646, #4067 ) ;
#12290 = FACE_OUTER_BOUND ( 'NONE', #8670, .T. ) ;
#12291 = DIRECTION ( 'NONE',  ( 1.000000000000000000, 0.000000000000000000, 1.224646799147353207E-16 ) ) ;
#12292 = VERTEX_POINT ( 'NONE', #4675 ) ;
#12293 = SURFACE_SIDE_STYLE ('',( #12524 ) ) ;
#12294 =( NAMED_UNIT ( * ) PLANE_ANGLE_UNIT ( ) SI_UNIT ( $, .RADIAN. ) );
#12295 = EDGE_CURVE ( 'NONE', #4172, #5465, #10091, .T. ) ;
#12296 =( GEOMETRIC_REPRESENTATION_CONTEXT ( 3 ) GLOBAL_UNCERTAINTY_ASSIGNED_CONTEXT ( ( #1526 ) ) GLOBAL_UNIT_ASSIGNED_CONTEXT ( ( #7940, #10839, #4256 ) ) REPRESENTATION_CONTEXT ( 'NONE', 'WORKASPACE' ) );
#12297 = DIRECTION ( 'NONE',  ( 0.000000000000000000, 0.000000000000000000, 1.000000000000000000 ) ) ;
#12298 = CIRCLE ( 'NONE', #5654, 0.1499999999999999667 ) ;
#12299 = MECHANICAL_DESIGN_GEOMETRIC_PRESENTATION_REPRESENTATION (  '', ( #6550 ), #6847 ) ;
#12300 = ORIENTED_EDGE ( 'NONE', *, *, #10377, .F. ) ;
#12301 = PLANE ( 'NONE',  #212 ) ;
#12302 = EDGE_LOOP ( 'NONE', ( #6139, #8522, #10358 ) ) ;
#12303 = DIRECTION ( 'NONE',  ( -1.000000000000000000, 0.000000000000000000, 0.000000000000000000 ) ) ;
#12304 = CIRCLE ( 'NONE', #10152, 0.08999999999999980238 ) ;
#12305 = DIRECTION ( 'NONE',  ( -0.000000000000000000, 1.000000000000000000, 0.000000000000000000 ) ) ;
#12306 =( NAMED_UNIT ( * ) PLANE_ANGLE_UNIT ( ) SI_UNIT ( $, .RADIAN. ) );
#12307 = AXIS2_PLACEMENT_3D ( 'NONE', #8177, #7999, #9182 ) ;
#12308 = DIRECTION ( 'NONE',  ( 0.000000000000000000, 0.000000000000000000, 1.000000000000000000 ) ) ;
#12309 = SURFACE_STYLE_USAGE ( .BOTH. , #7677 ) ;
#12310 = DIRECTION ( 'NONE',  ( 0.000000000000000000, 0.000000000000000000, 1.000000000000000000 ) ) ;
#12311 = CIRCLE ( 'NONE', #12619, 0.1499999999999999667 ) ;
#12312 = CARTESIAN_POINT ( 'NONE',  ( -2.250000000000000000, 0.2699999999999994071, -0.6599999999999991429 ) ) ;
#12313 = MECHANICAL_DESIGN_GEOMETRIC_PRESENTATION_REPRESENTATION (  '', ( #10287 ), #11524 ) ;
#12314 = ORIENTED_EDGE ( 'NONE', *, *, #11318, .T. ) ;
#12315 = AXIS2_PLACEMENT_3D ( 'NONE', #798, #45, #1768 ) ;
#12316 = ORIENTED_EDGE ( 'NONE', *, *, #5944, .F. ) ;
#12317 = DIRECTION ( 'NONE',  ( 1.000000000000000000, 0.000000000000000000, 1.224646799147353207E-16 ) ) ;
#12318 = EDGE_CURVE ( 'NONE', #8318, #10516, #10424, .T. ) ;
#12319 = PRESENTATION_LAYER_ASSIGNMENT (  '', '', ( #8896 ) ) ;
#12320 = ADVANCED_FACE ( 'NONE', ( #6256 ), #6280, .T. ) ;
#12321 = PRESENTATION_LAYER_ASSIGNMENT (  '', '', ( #4386 ) ) ;
#12322 = ORIENTED_EDGE ( 'NONE', *, *, #5533, .F. ) ;
#12323 = EDGE_CURVE ( 'NONE', #7513, #9575, #1996, .T. ) ;
#12324 = ORIENTED_EDGE ( 'NONE', *, *, #2699, .T. ) ;
#12325 = FACE_OUTER_BOUND ( 'NONE', #11383, .T. ) ;
#12326 = CIRCLE ( 'NONE', #7415, 0.08999999999999980238 ) ;
#12327 = SURFACE_STYLE_USAGE ( .BOTH. , #8337 ) ;
#12328 = DIRECTION ( 'NONE',  ( 0.000000000000000000, 0.000000000000000000, 1.000000000000000000 ) ) ;
#12329 = CARTESIAN_POINT ( 'NONE',  ( 1.250000000000000666, 0.1499999999999999944, -2.749999999999999556 ) ) ;
#12330 = ADVANCED_FACE ( 'NONE', ( #6306 ), #5689, .T. ) ;
#12331 = SURFACE_STYLE_USAGE ( .BOTH. , #3512 ) ;
#12332 = DIRECTION ( 'NONE',  ( 0.000000000000000000, 0.000000000000000000, 1.000000000000000000 ) ) ;
#12333 = CIRCLE ( 'NONE', #10134, 0.1499999999999999667 ) ;
#12334 = CARTESIAN_POINT ( 'NONE',  ( -1.749999999999999778, 1.355252715606880543E-16, 2.750000000000000888 ) ) ;
#12335 = VERTEX_POINT ( 'NONE', #7703 ) ;
#12336 = DIRECTION ( 'NONE',  ( 0.000000000000000000, 0.000000000000000000, 1.000000000000000000 ) ) ;
#12337 = AXIS2_PLACEMENT_3D ( 'NONE', #538, #5231, #8330 ) ;
#12338 = CARTESIAN_POINT ( 'NONE',  ( -3.250000000000000000, 0.2699999999999994071, -3.249999999999999112 ) ) ;
#12339 = ORIENTED_EDGE ( 'NONE', *, *, #1465, .F. ) ;
#12340 = DIRECTION ( 'NONE',  ( 1.000000000000000000, 0.000000000000000000, -0.000000000000000000 ) ) ;
#12341 = UNCERTAINTY_MEASURE_WITH_UNIT (LENGTH_MEASURE( 1.000000000000000082E-05 ), #1689, 'distance_accuracy_value', 'NONE');
#12342 = DIRECTION ( 'NONE',  ( -0.000000000000000000, 1.000000000000000000, -0.000000000000000000 ) ) ;
#12343 = CARTESIAN_POINT ( 'NONE',  ( -2.250000000000000000, 0.2699999999999994071, -0.6599999999999989209 ) ) ;
#12344 = EDGE_CURVE ( 'NONE', #6898, #7092, #5819, .T. ) ;
#12345 = ORIENTED_EDGE ( 'NONE', *, *, #472, .F. ) ;
#12346 = VERTEX_POINT ( 'NONE', #3010 ) ;
#12347 = CIRCLE ( 'NONE', #3927, 0.1499999999999998557 ) ;
#12348 = FILL_AREA_STYLE_COLOUR ( '', #1832 ) ;
#12349 = DIRECTION ( 'NONE',  ( 0.000000000000000000, 1.000000000000000000, 0.000000000000000000 ) ) ;
#12351 = ADVANCED_FACE ( 'NONE', ( #10158 ), #6028, .T. ) ;
#12350 =( GEOMETRIC_REPRESENTATION_CONTEXT ( 3 ) GLOBAL_UNCERTAINTY_ASSIGNED_CONTEXT ( ( #5497 ) ) GLOBAL_UNIT_ASSIGNED_CONTEXT ( ( #5663, #7406, #1422 ) ) REPRESENTATION_CONTEXT ( 'NONE', 'WORKASPACE' ) );
#12352 = PRESENTATION_STYLE_ASSIGNMENT (( #3701 ) ) ;
#12353 =( LENGTH_UNIT ( ) NAMED_UNIT ( * ) SI_UNIT ( .MILLI., .METRE. ) );
#12354 = CIRCLE ( 'NONE', #7155, 0.1499999999999999667 ) ;
#12355 =( GEOMETRIC_REPRESENTATION_CONTEXT ( 3 ) GLOBAL_UNCERTAINTY_ASSIGNED_CONTEXT ( ( #10583 ) ) GLOBAL_UNIT_ASSIGNED_CONTEXT ( ( #8132, #3940, #7878 ) ) REPRESENTATION_CONTEXT ( 'NONE', 'WORKASPACE' ) );
#12356 = ORIENTED_EDGE ( 'NONE', *, *, #10587, .T. ) ;
#12357 = CARTESIAN_POINT ( 'NONE',  ( 0.7500000000000002220, 0.1499999999999999944, -3.249999999999999556 ) ) ;
#12358 = SURFACE_SIDE_STYLE ('',( #1060 ) ) ;
#12359 = VERTEX_POINT ( 'NONE', #7865 ) ;
#12360 = DIRECTION ( 'NONE',  ( -0.000000000000000000, 1.000000000000000000, 0.000000000000000000 ) ) ;
#12361 = CARTESIAN_POINT ( 'NONE',  ( -1.749999999999999778, 0.2699999999999994071, 2.750000000000001332 ) ) ;
#12362 = PRESENTATION_STYLE_ASSIGNMENT (( #6117 ) ) ;
#12363 = CARTESIAN_POINT ( 'NONE',  ( 2.750000000000000444, 1.355252715606880543E-16, 1.750000000000000666 ) ) ;
#12364 = DIRECTION ( 'NONE',  ( 0.000000000000000000, 0.000000000000000000, 1.000000000000000000 ) ) ;
#12365 = ORIENTED_EDGE ( 'NONE', *, *, #6183, .F. ) ;
#12366 = MANIFOLD_SOLID_BREP ( 'LPattern1[170]', #2178 ) ;
#12367 = DIRECTION ( 'NONE',  ( 0.000000000000000000, 0.000000000000000000, 1.000000000000000000 ) ) ;
#12368 = EDGE_LOOP ( 'NONE', ( #724, #531, #3645 ) ) ;
#12369 = EDGE_CURVE ( 'NONE', #7765, #11688, #2013, .T. ) ;
#12370 = CARTESIAN_POINT ( 'NONE',  ( 5.749999999999998224, 0.4200000000000002620, 6.500000000000000000 ) ) ;
#12371 = CARTESIAN_POINT ( 'NONE',  ( 2.750000000000000444, 0.2699999999999994071, -3.159999999999999254 ) ) ;
#12372 = AXIS2_PLACEMENT_3D ( 'NONE', #5751, #11939, #697 ) ;
#12373 = SPHERICAL_SURFACE ( 'NONE', #5811, 0.1499999999999998557 ) ;
#12374 = MECHANICAL_DESIGN_GEOMETRIC_PRESENTATION_REPRESENTATION (  '', ( #7081 ), #6628 ) ;
#12375 = AXIS2_PLACEMENT_3D ( 'NONE', #8150, #4210, #5145 ) ;
#12376 = CARTESIAN_POINT ( 'NONE',  ( -5.750000000000001776, 0.2699999999999994071, 6.500000000000000000 ) ) ;
#12377 = EDGE_LOOP ( 'NONE', ( #7649, #7273, #7433 ) ) ;
#12378 = CARTESIAN_POINT ( 'NONE',  ( -5.750000000000001776, -17.35655495770977907, -6.500000000000000000 ) ) ;
#12379 = CLOSED_SHELL ( 'NONE', ( #9078, #4297, #180 ) ) ;
#12380 = CARTESIAN_POINT ( 'NONE',  ( -1.749999999999999778, 0.1499999999999999944, -2.749999999999999556 ) ) ;
#12381 = AXIS2_PLACEMENT_3D ( 'NONE', #11419, #8085, #11155 ) ;
#12382 = CARTESIAN_POINT ( 'NONE',  ( 0.7500000000000002220, 0.1499999999999999944, -2.249999999999999556 ) ) ;
#12383 = SPHERICAL_SURFACE ( 'NONE', #7701, 0.1499999999999998557 ) ;
#12384 = VERTEX_POINT ( 'NONE', #799 ) ;
#12385 = VERTEX_POINT ( 'NONE', #2747 ) ;
#12386 = SURFACE_SIDE_STYLE ('',( #4012 ) ) ;
#12387 = CARTESIAN_POINT ( 'NONE',  ( 1.750000000000000222, 0.2699999999999994071, -3.249999999999999112 ) ) ;
#12388 = DIRECTION ( 'NONE',  ( -1.000000000000000000, 0.000000000000000000, 0.000000000000000000 ) ) ;
#12389 = CARTESIAN_POINT ( 'NONE',  ( -2.250000000000000000, 0.1499999999999999944, 2.750000000000000888 ) ) ;
#12390 = DIRECTION ( 'NONE',  ( 0.000000000000000000, 0.000000000000000000, 1.000000000000000000 ) ) ;
#12391 = CIRCLE ( 'NONE', #379, 0.08999999999999980238 ) ;
#12392 = CIRCLE ( 'NONE', #4484, 0.08999999999999980238 ) ;
#12393 = AXIS2_PLACEMENT_3D ( 'NONE', #7138, #8152, #9156 ) ;
#12394 = AXIS2_PLACEMENT_3D ( 'NONE', #3668, #5411, #8420 ) ;
#12395 = CARTESIAN_POINT ( 'NONE',  ( -0.7499999999999997780, 1.355252715606880543E-16, -1.249999999999999334 ) ) ;
#12396 = DIRECTION ( 'NONE',  ( 0.000000000000000000, 0.000000000000000000, 1.000000000000000000 ) ) ;
#12397 = EDGE_CURVE ( 'NONE', #4029, #8545, #6543, .T. ) ;
#12398 = EDGE_LOOP ( 'NONE', ( #6038, #922 ) ) ;
#12399 = PRESENTATION_LAYER_ASSIGNMENT (  '', '', ( #6156 ) ) ;
#12400 = DIRECTION ( 'NONE',  ( 1.000000000000000000, 0.000000000000000000, -0.000000000000000000 ) ) ;
#12401 = ORIENTED_EDGE ( 'NONE', *, *, #8712, .F. ) ;
#12402 = MECHANICAL_DESIGN_GEOMETRIC_PRESENTATION_REPRESENTATION (  '', ( #8817 ), #7105 ) ;
#12403 = AXIS2_PLACEMENT_3D ( 'NONE', #5710, #5882, #1789 ) ;
#12404 = CIRCLE ( 'NONE', #2670, 0.1499999999999998557 ) ;
#12405 = ORIENTED_EDGE ( 'NONE', *, *, #7117, .T. ) ;
#12406 =( GEOMETRIC_REPRESENTATION_CONTEXT ( 3 ) GLOBAL_UNCERTAINTY_ASSIGNED_CONTEXT ( ( #12035 ) ) GLOBAL_UNIT_ASSIGNED_CONTEXT ( ( #1099, #5908, #3249 ) ) REPRESENTATION_CONTEXT ( 'NONE', 'WORKASPACE' ) );
#12407 = CLOSED_SHELL ( 'NONE', ( #2329, #1201, #5125 ) ) ;
#12408 = CIRCLE ( 'NONE', #3910, 0.08999999999999980238 ) ;
#12409 = CIRCLE ( 'NONE', #6129, 0.08999999999999980238 ) ;
#12410 = EDGE_CURVE ( 'NONE', #4699, #3364, #6673, .T. ) ;
#12411 = FACE_OUTER_BOUND ( 'NONE', #1032, .T. ) ;
#12412 = FACE_OUTER_BOUND ( 'NONE', #9840, .T. ) ;
#12413 =( LENGTH_UNIT ( ) NAMED_UNIT ( * ) SI_UNIT ( .MILLI., .METRE. ) );
#12414 = DIRECTION ( 'NONE',  ( 0.000000000000000000, 0.000000000000000000, 1.000000000000000000 ) ) ;
#12415 = ORIENTED_EDGE ( 'NONE', *, *, #7660, .T. ) ;
#12416 = CARTESIAN_POINT ( 'NONE',  ( -1.749999999999999778, 0.1499999999999999944, -2.249999999999999556 ) ) ;
#12417 = EDGE_LOOP ( 'NONE', ( #4229, #760, #10100 ) ) ;
#12418 = DIRECTION ( 'NONE',  ( 0.000000000000000000, 0.000000000000000000, 1.000000000000000000 ) ) ;
#12419 = AXIS2_PLACEMENT_3D ( 'NONE', #8529, #652, #6615 ) ;
#12420 = DIRECTION ( 'NONE',  ( 0.000000000000000000, 0.000000000000000000, 1.000000000000000000 ) ) ;
#12421 = DIRECTION ( 'NONE',  ( 0.000000000000000000, 0.000000000000000000, -1.000000000000000000 ) ) ;
#12422 = AXIS2_PLACEMENT_3D ( 'NONE', #11652, #12631, #5251 ) ;
#12423 = ORIENTED_EDGE ( 'NONE', *, *, #1120, .T. ) ;
#12424 = VERTEX_POINT ( 'NONE', #10448 ) ;
#12425 = EDGE_CURVE ( 'NONE', #2195, #3352, #6372, .T. ) ;
#12426 = CIRCLE ( 'NONE', #3026, 0.1499999999999999667 ) ;
#12427 =( LENGTH_UNIT ( ) NAMED_UNIT ( * ) SI_UNIT ( .MILLI., .METRE. ) );
#12428 = DIRECTION ( 'NONE',  ( 1.000000000000000000, 0.000000000000000000, 1.224646799147353207E-16 ) ) ;
#12429 = FACE_OUTER_BOUND ( 'NONE', #1263, .T. ) ;
#12430 = MANIFOLD_SOLID_BREP ( 'LPattern1[43]', #8567 ) ;
#12431 = ADVANCED_FACE ( 'NONE', ( #6347 ), #10871, .T. ) ;
#12432 = DIRECTION ( 'NONE',  ( 1.000000000000000000, 0.000000000000000000, -0.000000000000000000 ) ) ;
#12433 = AXIS2_PLACEMENT_3D ( 'NONE', #4342, #11353, #9282 ) ;
#12434 = SPHERICAL_SURFACE ( 'NONE', #3107, 0.1499999999999998557 ) ;
#12435 = EDGE_LOOP ( 'NONE', ( #1853, #7049 ) ) ;
#12436 = DIRECTION ( 'NONE',  ( 1.000000000000000000, 0.000000000000000000, -0.000000000000000000 ) ) ;
#12437 = CARTESIAN_POINT ( 'NONE',  ( 1.250000000000000666, 0.1499999999999999944, 2.750000000000000888 ) ) ;
#12438 = EDGE_LOOP ( 'NONE', ( #1571, #9243 ) ) ;
#12439 = CARTESIAN_POINT ( 'NONE',  ( 0.2500000000000002220, 0.1499999999999999944, -3.249999999999999556 ) ) ;
#12440 = CARTESIAN_POINT ( 'NONE',  ( -5.745000000000001883, 0.3199999999999999512, -6.000000000000000000 ) ) ;
#12441 = DIRECTION ( 'NONE',  ( -0.000000000000000000, 1.000000000000000000, -0.000000000000000000 ) ) ;
#12442 = AXIS2_PLACEMENT_3D ( 'NONE', #3403, #5573, #7313 ) ;
#12443 = CARTESIAN_POINT ( 'NONE',  ( -2.750000000000000000, 0.1499999999999999944, -2.249999999999999556 ) ) ;
#12444 =( LENGTH_UNIT ( ) NAMED_UNIT ( * ) SI_UNIT ( .MILLI., .METRE. ) );
#12445 =( LENGTH_UNIT ( ) NAMED_UNIT ( * ) SI_UNIT ( .MILLI., .METRE. ) );
#12446 = ORIENTED_EDGE ( 'NONE', *, *, #3480, .F. ) ;
#12447 = MECHANICAL_DESIGN_GEOMETRIC_PRESENTATION_REPRESENTATION (  '', ( #5621 ), #2034 ) ;
#12448 = DIRECTION ( 'NONE',  ( -1.000000000000000000, 0.000000000000000000, 0.000000000000000000 ) ) ;
#12449 = VERTEX_POINT ( 'NONE', #12363 ) ;
#12450 = SPHERICAL_SURFACE ( 'NONE', #4550, 0.1499999999999998557 ) ;
#12451 = CARTESIAN_POINT ( 'NONE',  ( -3.250000000000000000, 0.2699999999999994071, -1.659999999999999254 ) ) ;
#12452 = EDGE_CURVE ( 'NONE', #1792, #3298, #2127, .T. ) ;
#12453 = ADVANCED_FACE ( 'NONE', ( #10682 ), #10723, .T. ) ;
#12454 = FACE_OUTER_BOUND ( 'NONE', #4339, .T. ) ;
#12455 = FACE_OUTER_BOUND ( 'NONE', #9902, .T. ) ;
#12456 = EDGE_CURVE ( 'NONE', #1200, #4255, #2400, .T. ) ;
#12457 = DIRECTION ( 'NONE',  ( 0.000000000000000000, 0.000000000000000000, 1.000000000000000000 ) ) ;
#12458 = EDGE_LOOP ( 'NONE', ( #9876, #11619, #1009 ) ) ;
#12459 = DIRECTION ( 'NONE',  ( -0.000000000000000000, 1.000000000000000000, 0.000000000000000000 ) ) ;
#12460 = EDGE_LOOP ( 'NONE', ( #11962, #701, #12060 ) ) ;
#12461 = DIRECTION ( 'NONE',  ( 0.000000000000000000, 0.000000000000000000, -1.000000000000000000 ) ) ;
#12462 = PRESENTATION_LAYER_ASSIGNMENT (  '', '', ( #9522 ) ) ;
#12463 =( NAMED_UNIT ( * ) SI_UNIT ( $, .STERADIAN. ) SOLID_ANGLE_UNIT ( ) );
#12464 = CIRCLE ( 'NONE', #388, 0.08999999999999980238 ) ;
#12465 = CARTESIAN_POINT ( 'NONE',  ( -0.2499999999999997780, 0.1499999999999999944, 2.250000000000000444 ) ) ;
#12466 = EDGE_LOOP ( 'NONE', ( #5698, #1740, #10304 ) ) ;
#12467 = MECHANICAL_DESIGN_GEOMETRIC_PRESENTATION_REPRESENTATION (  '', ( #7818 ), #11088 ) ;
#12468 = DIRECTION ( 'NONE',  ( 0.000000000000000000, 0.000000000000000000, 1.000000000000000000 ) ) ;
#12469 = CLOSED_SHELL ( 'NONE', ( #3140, #9966, #870 ) ) ;
#12470 =( NAMED_UNIT ( * ) SI_UNIT ( $, .STERADIAN. ) SOLID_ANGLE_UNIT ( ) );
#12471 = CARTESIAN_POINT ( 'NONE',  ( -2.250000000000000000, 1.355252715606880543E-16, 2.250000000000000444 ) ) ;
#12472 = CARTESIAN_POINT ( 'NONE',  ( 3.250000000000000888, 0.1499999999999999944, -1.249999999999999334 ) ) ;
#12473 = SPHERICAL_SURFACE ( 'NONE', #8858, 0.1499999999999998557 ) ;
#12474 =( NAMED_UNIT ( * ) SI_UNIT ( $, .STERADIAN. ) SOLID_ANGLE_UNIT ( ) );
#12475 = EDGE_CURVE ( 'NONE', #2996, #7222, #10934, .T. ) ;
#12476 = DIRECTION ( 'NONE',  ( 0.000000000000000000, 0.000000000000000000, 1.000000000000000000 ) ) ;
#12477 = CARTESIAN_POINT ( 'NONE',  ( 2.750000000000000444, 0.1499999999999999944, -2.749999999999999556 ) ) ;
#12478 = AXIS2_PLACEMENT_3D ( 'NONE', #8751, #10759, #4343 ) ;
#12479 = ORIENTED_EDGE ( 'NONE', *, *, #9863, .T. ) ;
#12480 = MECHANICAL_DESIGN_GEOMETRIC_PRESENTATION_REPRESENTATION (  '', ( #11402 ), #3466 ) ;
#12481 = CLOSED_SHELL ( 'NONE', ( #8905, #1905, #1690 ) ) ;
#12482 = DIRECTION ( 'NONE',  ( 0.000000000000000000, 0.000000000000000000, 1.000000000000000000 ) ) ;
#12483 = DIRECTION ( 'NONE',  ( 0.000000000000000000, 0.000000000000000000, 1.000000000000000000 ) ) ;
#12484 = ORIENTED_EDGE ( 'NONE', *, *, #9291, .F. ) ;
#12485 = VERTEX_POINT ( 'NONE', #2199 ) ;
#12486 = FACE_OUTER_BOUND ( 'NONE', #5055, .T. ) ;
#12487 = PRESENTATION_LAYER_ASSIGNMENT (  '', '', ( #11880 ) ) ;
#12488 = CIRCLE ( 'NONE', #12478, 0.1499999999999999667 ) ;
#12489 = COLOUR_RGB ( '',0.7921568627450980005, 0.8196078431372548767, 0.9333333333333333481 ) ;
#12490 = UNCERTAINTY_MEASURE_WITH_UNIT (LENGTH_MEASURE( 1.000000000000000082E-05 ), #10393, 'distance_accuracy_value', 'NONE');
#12491 = CARTESIAN_POINT ( 'NONE',  ( -3.250000000000000000, 0.1499999999999999944, -0.2499999999999993616 ) ) ;
#12492 = UNCERTAINTY_MEASURE_WITH_UNIT (LENGTH_MEASURE( 1.000000000000000082E-05 ), #10402, 'distance_accuracy_value', 'NONE');
#12493 = CARTESIAN_POINT ( 'NONE',  ( -3.250000000000000000, 0.2699999999999994071, -1.249999999999998890 ) ) ;
#12494 = SURFACE_STYLE_FILL_AREA ( #11963 ) ;
#12495 = EDGE_LOOP ( 'NONE', ( #5758, #5894 ) ) ;
#12496 = EDGE_CURVE ( 'NONE', #4684, #10968, #2275, .T. ) ;
#12497 = DIRECTION ( 'NONE',  ( 1.000000000000000000, 0.000000000000000000, 1.224646799147353207E-16 ) ) ;
#12498 = ADVANCED_FACE ( 'NONE', ( #10614 ), #4429, .F. ) ;
#12499 = DIRECTION ( 'NONE',  ( -0.000000000000000000, 1.000000000000000000, -0.000000000000000000 ) ) ;
#12500 = PRESENTATION_LAYER_ASSIGNMENT (  '', '', ( #3168 ) ) ;
#12501 = DIRECTION ( 'NONE',  ( 0.000000000000000000, 0.000000000000000000, 1.000000000000000000 ) ) ;
#12502 = ORIENTED_EDGE ( 'NONE', *, *, #3565, .T. ) ;
#12503 = CARTESIAN_POINT ( 'NONE',  ( -2.750000000000000000, 0.1499999999999999944, 3.250000000000001332 ) ) ;
#12504 = CARTESIAN_POINT ( 'NONE',  ( -2.750000000000000000, 0.1499999999999999944, -1.749999999999999334 ) ) ;
#12505 = CARTESIAN_POINT ( 'NONE',  ( 2.250000000000000000, 0.2699999999999994071, 0.7500000000000011102 ) ) ;
#12506 = LINE ( 'NONE', #9464, #8167 ) ;
#12507 = ORIENTED_EDGE ( 'NONE', *, *, #12344, .F. ) ;
#12508 = VERTEX_POINT ( 'NONE', #8118 ) ;
#12509 = COLOUR_RGB ( '',0.7921568627450980005, 0.8196078431372548767, 0.9333333333333333481 ) ;
#12510 = DIRECTION ( 'NONE',  ( -1.000000000000000000, 0.000000000000000000, 0.000000000000000000 ) ) ;
#12511 = DIRECTION ( 'NONE',  ( 1.000000000000000000, 0.000000000000000000, -0.000000000000000000 ) ) ;
#12512 = CIRCLE ( 'NONE', #10741, 0.08999999999999980238 ) ;
#12513 = CARTESIAN_POINT ( 'NONE',  ( -1.249999999999999778, 0.1499999999999999944, 1.250000000000001110 ) ) ;
#12514 = MANIFOLD_SOLID_BREP ( 'LPattern1[162]', #9303 ) ;
#12515 = EDGE_LOOP ( 'NONE', ( #5810, #11554, #6400 ) ) ;
#12516 = DIRECTION ( 'NONE',  ( 0.000000000000000000, 0.000000000000000000, 1.000000000000000000 ) ) ;
#12517 = ORIENTED_EDGE ( 'NONE', *, *, #9439, .F. ) ;
#12518 = DIRECTION ( 'NONE',  ( -1.000000000000000000, 0.000000000000000000, 0.000000000000000000 ) ) ;
#12519 = AXIS2_PLACEMENT_3D ( 'NONE', #12594, #720, #6696 ) ;
#12520 = CARTESIAN_POINT ( 'NONE',  ( 2.750000000000000444, 0.2699999999999994071, 2.340000000000000746 ) ) ;
#12521 = MANIFOLD_SOLID_BREP ( 'LPattern1[19]', #11635 ) ;
#12522 =( NAMED_UNIT ( * ) SI_UNIT ( $, .STERADIAN. ) SOLID_ANGLE_UNIT ( ) );
#12523 = DIRECTION ( 'NONE',  ( 1.000000000000000000, 0.000000000000000000, 1.224646799147353207E-16 ) ) ;
#12524 = SURFACE_STYLE_FILL_AREA ( #330 ) ;
#12525 = FILL_AREA_STYLE ('',( #3544 ) ) ;
#12526 = DIRECTION ( 'NONE',  ( 1.000000000000000000, 0.000000000000000000, -0.000000000000000000 ) ) ;
#12527 = VERTEX_POINT ( 'NONE', #7190 ) ;
#12528 = CARTESIAN_POINT ( 'NONE',  ( 2.250000000000000000, 0.2699999999999994071, 0.1600000000000007250 ) ) ;
#12529 = VERTEX_POINT ( 'NONE', #5541 ) ;
#12530 = VECTOR ( 'NONE', #1588, 1000.000000000000000 ) ;
#12531 = CIRCLE ( 'NONE', #6729, 0.08999999999999980238 ) ;
#12532 = CARTESIAN_POINT ( 'NONE',  ( -2.750000000000000000, 0.2699999999999994071, -0.7499999999999988898 ) ) ;
#12533 = CARTESIAN_POINT ( 'NONE',  ( 0.2500000000000002220, 0.1499999999999999944, 3.250000000000001332 ) ) ;
#12534 =( GEOMETRIC_REPRESENTATION_CONTEXT ( 3 ) GLOBAL_UNCERTAINTY_ASSIGNED_CONTEXT ( ( #2306 ) ) GLOBAL_UNIT_ASSIGNED_CONTEXT ( ( #2159, #266, #4138 ) ) REPRESENTATION_CONTEXT ( 'NONE', 'WORKASPACE' ) );
#12535 = FACE_OUTER_BOUND ( 'NONE', #8830, .T. ) ;
#12536 = FACE_OUTER_BOUND ( 'NONE', #784, .T. ) ;
#12537 = EDGE_CURVE ( 'NONE', #727, #11688, #11087, .T. ) ;
#12538 = SURFACE_STYLE_FILL_AREA ( #7525 ) ;
#12539 = CARTESIAN_POINT ( 'NONE',  ( 3.250000000000000888, 1.355252715606880543E-16, -2.249999999999999556 ) ) ;
#12540 = PRESENTATION_LAYER_ASSIGNMENT (  '', '', ( #292 ) ) ;
#12541 = VERTEX_POINT ( 'NONE', #10792 ) ;
#12542 = ORIENTED_EDGE ( 'NONE', *, *, #8524, .T. ) ;
#12543 = DIRECTION ( 'NONE',  ( 1.000000000000000000, 0.000000000000000000, 1.224646799147353207E-16 ) ) ;
#12544 = CARTESIAN_POINT ( 'NONE',  ( 0.7500000000000002220, 0.1499999999999999944, -1.249999999999999334 ) ) ;
#12545 = CIRCLE ( 'NONE', #7058, 0.08999999999999980238 ) ;
#12546 = AXIS2_PLACEMENT_3D ( 'NONE', #7982, #2064, #4984 ) ;
#12547 = DIRECTION ( 'NONE',  ( -0.000000000000000000, 1.000000000000000000, -0.000000000000000000 ) ) ;
#12548 = ORIENTED_EDGE ( 'NONE', *, *, #12241, .T. ) ;
#12549 = DIRECTION ( 'NONE',  ( 0.000000000000000000, 0.000000000000000000, 1.000000000000000000 ) ) ;
#12550 = EDGE_CURVE ( 'NONE', #6033, #9037, #11165, .T. ) ;
#12551 = EDGE_LOOP ( 'NONE', ( #6555, #4220, #1552 ) ) ;
#12552 = CARTESIAN_POINT ( 'NONE',  ( 3.250000000000000888, 0.2699999999999994071, 1.750000000000001110 ) ) ;
#12553 = FACE_OUTER_BOUND ( 'NONE', #6815, .T. ) ;
#12554 =( NAMED_UNIT ( * ) SI_UNIT ( $, .STERADIAN. ) SOLID_ANGLE_UNIT ( ) );
#12555 =( NAMED_UNIT ( * ) PLANE_ANGLE_UNIT ( ) SI_UNIT ( $, .RADIAN. ) );
#12556 = DIRECTION ( 'NONE',  ( -0.000000000000000000, 1.000000000000000000, 0.000000000000000000 ) ) ;
#12557 = DIRECTION ( 'NONE',  ( 0.000000000000000000, 0.000000000000000000, 1.000000000000000000 ) ) ;
#12558 = FACE_OUTER_BOUND ( 'NONE', #2532, .T. ) ;
#12559 = PRESENTATION_LAYER_ASSIGNMENT (  '', '', ( #4952 ) ) ;
#12560 = ORIENTED_EDGE ( 'NONE', *, *, #3840, .F. ) ;
#12561 =( NAMED_UNIT ( * ) SI_UNIT ( $, .STERADIAN. ) SOLID_ANGLE_UNIT ( ) );
#12562 = AXIS2_PLACEMENT_3D ( 'NONE', #11709, #10961, #11897 ) ;
#12563 = ORIENTED_EDGE ( 'NONE', *, *, #10796, .F. ) ;
#12564 = CARTESIAN_POINT ( 'NONE',  ( 2.750000000000000444, 0.2699999999999994071, -0.6599999999999991429 ) ) ;
#12565 = DIRECTION ( 'NONE',  ( 1.000000000000000000, 0.000000000000000000, -0.000000000000000000 ) ) ;
#12566 = SURFACE_STYLE_FILL_AREA ( #10409 ) ;
#12567 = ORIENTED_EDGE ( 'NONE', *, *, #1063, .T. ) ;
#12568 = EDGE_LOOP ( 'NONE', ( #4940, #5281, #5266 ) ) ;
#12569 = COLOUR_RGB ( '',0.7921568627450980005, 0.8196078431372548767, 0.9333333333333333481 ) ;
#12570 =( NAMED_UNIT ( * ) PLANE_ANGLE_UNIT ( ) SI_UNIT ( $, .RADIAN. ) );
#12571 =( NAMED_UNIT ( * ) SI_UNIT ( $, .STERADIAN. ) SOLID_ANGLE_UNIT ( ) );
#12572 = AXIS2_PLACEMENT_3D ( 'NONE', #6124, #8220, #10224 ) ;
#12573 = CIRCLE ( 'NONE', #4325, 0.08999999999999980238 ) ;
#12574 = CARTESIAN_POINT ( 'NONE',  ( -3.250000000000000000, 0.2699999999999994071, 1.250000000000001554 ) ) ;
#12575 =( NAMED_UNIT ( * ) PLANE_ANGLE_UNIT ( ) SI_UNIT ( $, .RADIAN. ) );
#12576 = EDGE_LOOP ( 'NONE', ( #1417, #9917, #5523 ) ) ;
#12577 =( LENGTH_UNIT ( ) NAMED_UNIT ( * ) SI_UNIT ( .MILLI., .METRE. ) );
#12578 = AXIS2_PLACEMENT_3D ( 'NONE', #839, #1814, #2341 ) ;
#12579 = FILL_AREA_STYLE_COLOUR ( '', #12113 ) ;
#12580 = SURFACE_STYLE_USAGE ( .BOTH. , #464 ) ;
#12581 = EDGE_CURVE ( 'NONE', #6898, #9778, #2744, .T. ) ;
#12582 = ORIENTED_EDGE ( 'NONE', *, *, #7822, .T. ) ;
#12583 = CARTESIAN_POINT ( 'NONE',  ( 1.250000000000000666, 0.2699999999999994071, -3.159999999999998810 ) ) ;
#12584 = EDGE_CURVE ( 'NONE', #7513, #11827, #2894, .T. ) ;
#12585 = DIRECTION ( 'NONE',  ( 0.000000000000000000, 1.000000000000000000, 0.000000000000000000 ) ) ;
#12586 = DIRECTION ( 'NONE',  ( 0.000000000000000000, 0.000000000000000000, 1.000000000000000000 ) ) ;
#12587 = DIRECTION ( 'NONE',  ( 0.000000000000000000, 0.000000000000000000, -1.000000000000000000 ) ) ;
#12588 = DIRECTION ( 'NONE',  ( 0.000000000000000000, 0.000000000000000000, 1.000000000000000000 ) ) ;
#12589 = ORIENTED_EDGE ( 'NONE', *, *, #8658, .F. ) ;
#12590 = ADVANCED_FACE ( 'NONE', ( #7073 ), #1797, .T. ) ;
#12591 = CLOSED_SHELL ( 'NONE', ( #9699, #1781, #4392 ) ) ;
#12592 = SURFACE_STYLE_FILL_AREA ( #10960 ) ;
#12593 = SURFACE_STYLE_FILL_AREA ( #10649 ) ;
#12594 = CARTESIAN_POINT ( 'NONE',  ( -0.2499999999999997780, 0.1499999999999999944, -1.249999999999999334 ) ) ;
#12595 = CARTESIAN_POINT ( 'NONE',  ( -1.749999999999999778, 0.2699999999999994071, 2.250000000000000888 ) ) ;
#12596 = AXIS2_PLACEMENT_3D ( 'NONE', #10130, #404, #9218 ) ;
#12597 = AXIS2_PLACEMENT_3D ( 'NONE', #7621, #8587, #9679 ) ;
#12598 = VERTEX_POINT ( 'NONE', #10531 ) ;
#12599 = ADVANCED_FACE ( 'NONE', ( #7054 ), #2682, .T. ) ;
#12600 = SURFACE_SIDE_STYLE ('',( #5952 ) ) ;
#12601 = VERTEX_POINT ( 'NONE', #9800 ) ;
#12602 = CARTESIAN_POINT ( 'NONE',  ( 3.250000000000000888, 0.1499999999999999944, -1.749999999999999334 ) ) ;
#12603 =( LENGTH_UNIT ( ) NAMED_UNIT ( * ) SI_UNIT ( .MILLI., .METRE. ) );
#12604 = STYLED_ITEM ( 'NONE', ( #480 ), #3888 ) ;
#12605 = DIRECTION ( 'NONE',  ( 0.000000000000000000, 0.000000000000000000, 1.000000000000000000 ) ) ;
#12606 = CARTESIAN_POINT ( 'NONE',  ( 3.250000000000000888, 0.2699999999999994071, 1.750000000000001110 ) ) ;
#12607 = DIRECTION ( 'NONE',  ( -0.000000000000000000, 1.000000000000000000, -0.000000000000000000 ) ) ;
#12608 = EDGE_LOOP ( 'NONE', ( #10254, #1385, #182 ) ) ;
#12609 = VERTEX_POINT ( 'NONE', #11536 ) ;
#12610 =( GEOMETRIC_REPRESENTATION_CONTEXT ( 3 ) GLOBAL_UNCERTAINTY_ASSIGNED_CONTEXT ( ( #11886 ) ) GLOBAL_UNIT_ASSIGNED_CONTEXT ( ( #3952, #4974, #8957 ) ) REPRESENTATION_CONTEXT ( 'NONE', 'WORKASPACE' ) );
#12611 = CIRCLE ( 'NONE', #5172, 0.1499999999999998557 ) ;
#12612 = DIRECTION ( 'NONE',  ( -0.000000000000000000, 1.000000000000000000, -0.000000000000000000 ) ) ;
#12613 =( LENGTH_UNIT ( ) NAMED_UNIT ( * ) SI_UNIT ( .MILLI., .METRE. ) );
#12614 = SPHERICAL_SURFACE ( 'NONE', #8306, 0.1499999999999998557 ) ;
#12615 = SPHERICAL_SURFACE ( 'NONE', #6971, 0.1499999999999998557 ) ;
#12616 = MANIFOLD_SOLID_BREP ( 'LPattern1[165]', #5233 ) ;
#12617 = CARTESIAN_POINT ( 'NONE',  ( 3.250000000000000888, 0.2699999999999994071, 2.160000000000000586 ) ) ;
#12618 = ORIENTED_EDGE ( 'NONE', *, *, #11606, .T. ) ;
#12619 = AXIS2_PLACEMENT_3D ( 'NONE', #6620, #3619, #6705 ) ;
#12620 = EDGE_LOOP ( 'NONE', ( #433, #705, #6408 ) ) ;
#12621 = DIRECTION ( 'NONE',  ( 0.000000000000000000, 0.000000000000000000, 1.000000000000000000 ) ) ;
#12622 = DIRECTION ( 'NONE',  ( 1.000000000000000000, 0.000000000000000000, 1.224646799147353207E-16 ) ) ;
#12623 = CARTESIAN_POINT ( 'NONE',  ( -1.749999999999999778, 0.1499999999999999944, 2.250000000000000444 ) ) ;
#12624 = ORIENTED_EDGE ( 'NONE', *, *, #10702, .T. ) ;
#12625 = DIRECTION ( 'NONE',  ( 1.000000000000000000, 0.000000000000000000, -0.000000000000000000 ) ) ;
#12626 = VERTEX_POINT ( 'NONE', #10621 ) ;
#12627 = AXIS2_PLACEMENT_3D ( 'NONE', #603, #1820, #8809 ) ;
#12628 = DIRECTION ( 'NONE',  ( -0.000000000000000000, 1.000000000000000000, 0.000000000000000000 ) ) ;
#12629 = DIRECTION ( 'NONE',  ( -0.000000000000000000, 1.000000000000000000, 0.000000000000000000 ) ) ;
#12630 = CIRCLE ( 'NONE', #9247, 0.08999999999999980238 ) ;
#12631 = DIRECTION ( 'NONE',  ( 1.000000000000000000, 0.000000000000000000, -0.000000000000000000 ) ) ;
#12632 = AXIS2_PLACEMENT_3D ( 'NONE', #9617, #6536, #1795 ) ;
#12633 = CARTESIAN_POINT ( 'NONE',  ( 2.250000000000000000, 0.2699999999999994071, -1.659999999999999254 ) ) ;
#12634 = SURFACE_SIDE_STYLE ('',( #10765 ) ) ;
#12635 = CARTESIAN_POINT ( 'NONE',  ( 1.750000000000000222, 0.2699999999999994071, 2.840000000000001190 ) ) ;
#12636 = DIRECTION ( 'NONE',  ( -1.000000000000000000, 0.000000000000000000, 0.000000000000000000 ) ) ;
#12637 = CARTESIAN_POINT ( 'NONE',  ( -2.250000000000000000, 0.2699999999999994071, -1.659999999999999254 ) ) ;
#12638 = FACE_OUTER_BOUND ( 'NONE', #323, .T. ) ;
#12639 = PRESENTATION_LAYER_ASSIGNMENT (  '', '', ( #9253 ) ) ;
#12640 = CARTESIAN_POINT ( 'NONE',  ( -3.250000000000000000, 0.1499999999999999944, -3.249999999999999556 ) ) ;
#12641 = CLOSED_SHELL ( 'NONE', ( #11814, #8160, #3255 ) ) ;
#12642 = DIRECTION ( 'NONE',  ( 1.000000000000000000, 0.000000000000000000, -0.000000000000000000 ) ) ;
#12643 = PLANE ( 'NONE',  #10514 ) ;
#12644 = VECTOR ( 'NONE', #6021, 1000.000000000000000 ) ;
#12645 = UNCERTAINTY_MEASURE_WITH_UNIT (LENGTH_MEASURE( 1.000000000000000082E-05 ), #10032, 'distance_accuracy_value', 'NONE');
#12646 = UNCERTAINTY_MEASURE_WITH_UNIT (LENGTH_MEASURE( 1.000000000000000082E-05 ), #8317, 'distance_accuracy_value', 'NONE');
#12647 = ORIENTED_EDGE ( 'NONE', *, *, #6064, .T. ) ;
#12648 = EDGE_LOOP ( 'NONE', ( #10379, #8774, #3111 ) ) ;
#12649 = EDGE_CURVE ( 'NONE', #8501, #2480, #6824, .T. ) ;
#12650 = AXIS2_PLACEMENT_3D ( 'NONE', #8176, #9181, #2263 ) ;
#12651 = CIRCLE ( 'NONE', #9830, 0.08999999999999980238 ) ;
#12652 = SPHERICAL_SURFACE ( 'NONE', #8393, 0.1499999999999998557 ) ;
#12653 = DIRECTION ( 'NONE',  ( 1.000000000000000000, 0.000000000000000000, -0.000000000000000000 ) ) ;
#12654 = STYLED_ITEM ( 'NONE', ( #1822 ), #747 ) ;
#12655 = CARTESIAN_POINT ( 'NONE',  ( -0.2499999999999997780, 0.2699999999999994071, 2.340000000000000302 ) ) ;
#12656 =( NAMED_UNIT ( * ) PLANE_ANGLE_UNIT ( ) SI_UNIT ( $, .RADIAN. ) );
#12657 = CIRCLE ( 'NONE', #5717, 0.08999999999999980238 ) ;
#12658 = CARTESIAN_POINT ( 'NONE',  ( 1.750000000000000222, 0.2699999999999994071, -3.159999999999999254 ) ) ;
#12659 = FILL_AREA_STYLE ('',( #6684 ) ) ;
#12660 = MECHANICAL_DESIGN_GEOMETRIC_PRESENTATION_REPRESENTATION (  '', ( #8768 ), #10039 ) ;
#12661 = DIRECTION ( 'NONE',  ( 1.000000000000000000, 0.000000000000000000, -0.000000000000000000 ) ) ;
#12662 = ORIENTED_EDGE ( 'NONE', *, *, #1465, .T. ) ;
#12663 = CARTESIAN_POINT ( 'NONE',  ( 0.7500000000000002220, 0.1499999999999999944, -2.749999999999999556 ) ) ;
#12664 = DIRECTION ( 'NONE',  ( 1.000000000000000000, 0.000000000000000000, -0.000000000000000000 ) ) ;
#12665 = DIRECTION ( 'NONE',  ( -0.000000000000000000, 1.000000000000000000, -0.000000000000000000 ) ) ;
#12666 = ORIENTED_EDGE ( 'NONE', *, *, #10360, .T. ) ;
#12667 = EDGE_LOOP ( 'NONE', ( #1637, #9162 ) ) ;
#12668 = SURFACE_SIDE_STYLE ('',( #10211 ) ) ;
#12669 = SURFACE_SIDE_STYLE ('',( #7748 ) ) ;
#12670 = EDGE_CURVE ( 'NONE', #7487, #1035, #11229, .T. ) ;
#12671 = SPHERICAL_SURFACE ( 'NONE', #3893, 0.1499999999999998557 ) ;
#12672 = CIRCLE ( 'NONE', #10266, 0.08999999999999980238 ) ;
#12673 = AXIS2_PLACEMENT_3D ( 'NONE', #382, #1382, #2355 ) ;
#12674 =( GEOMETRIC_REPRESENTATION_CONTEXT ( 3 ) GLOBAL_UNCERTAINTY_ASSIGNED_CONTEXT ( ( #12645 ) ) GLOBAL_UNIT_ASSIGNED_CONTEXT ( ( #10032, #12034, #1127 ) ) REPRESENTATION_CONTEXT ( 'NONE', 'WORKASPACE' ) );
#12675 = PLANE ( 'NONE',  #10804 ) ;
#12676 = AXIS2_PLACEMENT_3D ( 'NONE', #9356, #3524, #12586 ) ;
#12677 = AXIS2_PLACEMENT_3D ( 'NONE', #3627, #10716, #9622 ) ;
#12678 =( NAMED_UNIT ( * ) SI_UNIT ( $, .STERADIAN. ) SOLID_ANGLE_UNIT ( ) );
#12679 = FILL_AREA_STYLE_COLOUR ( '', #9724 ) ;
#12680 = VERTEX_POINT ( 'NONE', #2859 ) ;
#12681 = DIRECTION ( 'NONE',  ( -0.000000000000000000, 1.000000000000000000, 0.000000000000000000 ) ) ;
#12682 = FILL_AREA_STYLE_COLOUR ( '', #11775 ) ;
#12683 = CARTESIAN_POINT ( 'NONE',  ( 1.250000000000000666, 0.2699999999999994071, 2.250000000000000888 ) ) ;
#12684 = DIRECTION ( 'NONE',  ( 1.000000000000000000, 0.000000000000000000, 1.224646799147353207E-16 ) ) ;
#12685 = DIRECTION ( 'NONE',  ( 0.000000000000000000, 0.000000000000000000, -1.000000000000000000 ) ) ;
#12686 = ORIENTED_EDGE ( 'NONE', *, *, #10272, .T. ) ;
#12687 = AXIS2_PLACEMENT_3D ( 'NONE', #9506, #10498, #4946 ) ;
#12688 = AXIS2_PLACEMENT_3D ( 'NONE', #12726, #2892, #11842 ) ;
#12689 = ADVANCED_FACE ( 'NONE', ( #11517 ), #9536, .T. ) ;
#12690 = DIRECTION ( 'NONE',  ( 0.000000000000000000, 0.000000000000000000, 1.000000000000000000 ) ) ;
#12691 = EDGE_LOOP ( 'NONE', ( #5381, #6324, #3595 ) ) ;
#12692 = ADVANCED_FACE ( 'NONE', ( #2726 ), #2826, .T. ) ;
#12693 = CIRCLE ( 'NONE', #1444, 0.1499999999999998557 ) ;
#12694 = DIRECTION ( 'NONE',  ( -1.000000000000000000, 0.000000000000000000, 0.000000000000000000 ) ) ;
#12695 = VECTOR ( 'NONE', #75, 1000.000000000000000 ) ;
#12696 = FACE_OUTER_BOUND ( 'NONE', #338, .T. ) ;
#12697 = CIRCLE ( 'NONE', #5380, 0.1499999999999998557 ) ;
#12698 = PRESENTATION_LAYER_ASSIGNMENT (  '', '', ( #5099 ) ) ;
#12699 = AXIS2_PLACEMENT_3D ( 'NONE', #272, #8078, #1096 ) ;
#12700 = ADVANCED_FACE ( 'NONE', ( #6968 ), #4885, .T. ) ;
#12701 = EDGE_CURVE ( 'NONE', #12598, #12142, #11276, .T. ) ;
#12702 = ORIENTED_EDGE ( 'NONE', *, *, #3545, .F. ) ;
#12703 = SURFACE_STYLE_USAGE ( .BOTH. , #9903 ) ;
#12704 = AXIS2_PLACEMENT_3D ( 'NONE', #7210, #12216, #335 ) ;
#12705 = EDGE_CURVE ( 'NONE', #977, #12335, #11144, .T. ) ;
#12706 = FILL_AREA_STYLE ('',( #11732 ) ) ;
#12707 = CARTESIAN_POINT ( 'NONE',  ( 0.2500000000000002220, 0.2699999999999994071, 2.750000000000001332 ) ) ;
#12708 = AXIS2_PLACEMENT_3D ( 'NONE', #9020, #7941, #960 ) ;
#12709 = CARTESIAN_POINT ( 'NONE',  ( -3.250000000000000000, 1.355252715606880543E-16, -1.249999999999999334 ) ) ;
#12710 = VERTEX_POINT ( 'NONE', #11052 ) ;
#12711 = DIRECTION ( 'NONE',  ( 0.000000000000000000, 0.000000000000000000, 1.000000000000000000 ) ) ;
#12712 = MANIFOLD_SOLID_BREP ( 'LPattern1[56]', #11092 ) ;
#12713 = ADVANCED_FACE ( 'NONE', ( #2591 ), #6938, .T. ) ;
#12714 = EDGE_LOOP ( 'NONE', ( #7251, #7898, #2238 ) ) ;
#12715 =( LENGTH_UNIT ( ) NAMED_UNIT ( * ) SI_UNIT ( .MILLI., .METRE. ) );
#12716 = CIRCLE ( 'NONE', #7169, 0.08999999999999980238 ) ;
#12717 = FILL_AREA_STYLE_COLOUR ( '', #12509 ) ;
#12718 = STYLED_ITEM ( 'NONE', ( #6988 ), #12616 ) ;
#12719 = DIRECTION ( 'NONE',  ( 1.000000000000000000, 0.000000000000000000, -0.000000000000000000 ) ) ;
#12720 = AXIS2_PLACEMENT_3D ( 'NONE', #841, #11, #6496 ) ;
#12721 = DIRECTION ( 'NONE',  ( -0.000000000000000000, 1.000000000000000000, 0.000000000000000000 ) ) ;
#12722 = DIRECTION ( 'NONE',  ( 0.000000000000000000, 1.000000000000000000, 0.000000000000000000 ) ) ;
#12723 = VECTOR ( 'NONE', #11898, 1000.000000000000000 ) ;
#12724 = EDGE_CURVE ( 'NONE', #2130, #11260, #11205, .T. ) ;
#12725 = DIRECTION ( 'NONE',  ( -1.000000000000000000, 0.000000000000000000, 0.000000000000000000 ) ) ;
#12726 = CARTESIAN_POINT ( 'NONE',  ( -4.312500000000001776, -0.7997591975467949199, -5.062499999999999112 ) ) ;
#12727 = FILL_AREA_STYLE_COLOUR ( '', #8941 ) ;
#12728 = CIRCLE ( 'NONE', #12381, 0.1499999999999998557 ) ;
#12729 = DIRECTION ( 'NONE',  ( -0.000000000000000000, 1.000000000000000000, -0.000000000000000000 ) ) ;
#12730 = VERTEX_POINT ( 'NONE', #1162 ) ;
#12731 = CARTESIAN_POINT ( 'NONE',  ( 2.250000000000000000, 0.1499999999999999944, -0.2499999999999993616 ) ) ;
#12732 = AXIS2_PLACEMENT_3D ( 'NONE', #2206, #12287, #4531 ) ;
#12733 = AXIS2_PLACEMENT_3D ( 'NONE', #1880, #12066, #7051 ) ;
#12734 = LINE ( 'NONE', #9022, #8360 ) ;
#12735 = ORIENTED_EDGE ( 'NONE', *, *, #5982, .F. ) ;
#12736 = EDGE_LOOP ( 'NONE', ( #101, #12874 ) ) ;
#12737 = DIRECTION ( 'NONE',  ( 0.000000000000000000, 0.000000000000000000, 1.000000000000000000 ) ) ;
#12738 = EDGE_CURVE ( 'NONE', #2623, #11370, #7088, .T. ) ;
#12739 = SPHERICAL_SURFACE ( 'NONE', #6348, 0.1499999999999998557 ) ;
#12740 = DIRECTION ( 'NONE',  ( 0.000000000000000000, 0.000000000000000000, 1.000000000000000000 ) ) ;
#12741 = DIRECTION ( 'NONE',  ( 0.000000000000000000, 0.000000000000000000, 1.000000000000000000 ) ) ;
#12742 = CARTESIAN_POINT ( 'NONE',  ( 1.250000000000000666, 0.1499999999999999944, 1.250000000000001110 ) ) ;
#12743 = FILL_AREA_STYLE ('',( #11677 ) ) ;
#12744 = EDGE_CURVE ( 'NONE', #5414, #5029, #11408, .T. ) ;
#12745 = DIRECTION ( 'NONE',  ( 0.000000000000000000, 0.000000000000000000, -1.000000000000000000 ) ) ;
#12746 =( LENGTH_UNIT ( ) NAMED_UNIT ( * ) SI_UNIT ( .MILLI., .METRE. ) );
#12747 = ORIENTED_EDGE ( 'NONE', *, *, #5155, .F. ) ;
#12748 = PLANE ( 'NONE',  #353 ) ;
#12749 = PLANE ( 'NONE',  #11282 ) ;
#12750 = DIRECTION ( 'NONE',  ( 1.000000000000000000, 0.000000000000000000, 1.224646799147353207E-16 ) ) ;
#12751 = CARTESIAN_POINT ( 'NONE',  ( -2.250000000000000000, 0.2699999999999994071, 1.340000000000001412 ) ) ;
#12752 = CIRCLE ( 'NONE', #8458, 0.1499999999999999667 ) ;
#12753 = ORIENTED_EDGE ( 'NONE', *, *, #9657, .F. ) ;
#12754 =( GEOMETRIC_REPRESENTATION_CONTEXT ( 3 ) GLOBAL_UNCERTAINTY_ASSIGNED_CONTEXT ( ( #889 ) ) GLOBAL_UNIT_ASSIGNED_CONTEXT ( ( #3767, #9771, #2027 ) ) REPRESENTATION_CONTEXT ( 'NONE', 'WORKASPACE' ) );
#12755 = EDGE_LOOP ( 'NONE', ( #7479, #5685, #1618 ) ) ;
#12756 = SPHERICAL_SURFACE ( 'NONE', #5007, 0.1499999999999998557 ) ;
#12757 = DIRECTION ( 'NONE',  ( 0.000000000000000000, 0.000000000000000000, 1.000000000000000000 ) ) ;
#12758 = AXIS2_PLACEMENT_3D ( 'NONE', #8585, #9421, #10423 ) ;
#12759 = PLANE ( 'NONE',  #8594 ) ;
#12760 = FACE_OUTER_BOUND ( 'NONE', #12081, .T. ) ;
#12761 = SPHERICAL_SURFACE ( 'NONE', #1084, 0.1499999999999998557 ) ;
#12762 = EDGE_CURVE ( 'NONE', #4130, #3373, #2786, .T. ) ;
#12763 = CARTESIAN_POINT ( 'NONE',  ( -0.2499999999999997780, 0.2699999999999994071, -1.159999999999999032 ) ) ;
#12764 = COLOUR_RGB ( '',0.7921568627450980005, 0.8196078431372548767, 0.9333333333333333481 ) ;
#12765 = DIRECTION ( 'NONE',  ( 1.000000000000000000, 0.000000000000000000, -0.000000000000000000 ) ) ;
#12766 = DIRECTION ( 'NONE',  ( 1.000000000000000000, 0.000000000000000000, 1.224646799147353207E-16 ) ) ;
#12767 = EDGE_LOOP ( 'NONE', ( #3093, #1828, #1732 ) ) ;
#12768 = DIRECTION ( 'NONE',  ( -0.000000000000000000, 1.000000000000000000, -0.000000000000000000 ) ) ;
#12769 = CARTESIAN_POINT ( 'NONE',  ( 2.250000000000000000, 0.2699999999999994071, -0.6599999999999991429 ) ) ;
#12770 = DIRECTION ( 'NONE',  ( 1.000000000000000000, 0.000000000000000000, -0.000000000000000000 ) ) ;
#12771 = CARTESIAN_POINT ( 'NONE',  ( 1.250000000000000666, 0.2699999999999994071, 2.660000000000001030 ) ) ;
#12772 = CARTESIAN_POINT ( 'NONE',  ( 0.7500000000000002220, 0.2699999999999994071, -1.159999999999999032 ) ) ;
#12773 = SURFACE_SIDE_STYLE ('',( #3194 ) ) ;
#12774 = CARTESIAN_POINT ( 'NONE',  ( 1.250000000000000666, 0.2699999999999994071, 0.7500000000000011102 ) ) ;
#12775 = SURFACE_STYLE_FILL_AREA ( #12743 ) ;
#12776 =( LENGTH_UNIT ( ) NAMED_UNIT ( * ) SI_UNIT ( .MILLI., .METRE. ) );
#12777 = DIRECTION ( 'NONE',  ( -1.000000000000000000, 0.000000000000000000, 0.000000000000000000 ) ) ;
#12778 = ORIENTED_EDGE ( 'NONE', *, *, #3824, .F. ) ;
#12779 =( LENGTH_UNIT ( ) NAMED_UNIT ( * ) SI_UNIT ( .MILLI., .METRE. ) );
#12780 = VERTEX_POINT ( 'NONE', #8146 ) ;
#12781 = SPHERICAL_SURFACE ( 'NONE', #9836, 0.1499999999999998557 ) ;
#12782 = AXIS2_PLACEMENT_3D ( 'NONE', #5883, #10873, #11893 ) ;
#12783 = DIRECTION ( 'NONE',  ( 0.000000000000000000, 0.000000000000000000, -1.000000000000000000 ) ) ;
#12784 = CIRCLE ( 'NONE', #4832, 0.08999999999999980238 ) ;
#12785 = FACE_OUTER_BOUND ( 'NONE', #3047, .T. ) ;
#12786 =( GEOMETRIC_REPRESENTATION_CONTEXT ( 3 ) GLOBAL_UNCERTAINTY_ASSIGNED_CONTEXT ( ( #900 ) ) GLOBAL_UNIT_ASSIGNED_CONTEXT ( ( #6999, #5434, #5525 ) ) REPRESENTATION_CONTEXT ( 'NONE', 'WORKASPACE' ) );
#12787 = MECHANICAL_DESIGN_GEOMETRIC_PRESENTATION_REPRESENTATION (  '', ( #10799 ), #244 ) ;
#12788 = ORIENTED_EDGE ( 'NONE', *, *, #11585, .F. ) ;
#12789 =( NAMED_UNIT ( * ) PLANE_ANGLE_UNIT ( ) SI_UNIT ( $, .RADIAN. ) );
#12790 = STYLED_ITEM ( 'NONE', ( #10522 ), #679 ) ;
#12791 = CARTESIAN_POINT ( 'NONE',  ( 0.7500000000000002220, 0.2699999999999994071, 2.250000000000000888 ) ) ;
#12792 = SURFACE_STYLE_USAGE ( .BOTH. , #3088 ) ;
#12793 = CARTESIAN_POINT ( 'NONE',  ( -2.250000000000000000, 1.355252715606880543E-16, -3.249999999999999556 ) ) ;
#12794 = ORIENTED_EDGE ( 'NONE', *, *, #11350, .F. ) ;
#12795 = CARTESIAN_POINT ( 'NONE',  ( -0.2499999999999997780, 1.355252715606880543E-16, -1.249999999999999334 ) ) ;
#12796 = AXIS2_PLACEMENT_3D ( 'NONE', #4122, #12144, #9146 ) ;
#12797 = ADVANCED_FACE ( 'NONE', ( #2640 ), #6844, .T. ) ;
#12798 = ORIENTED_EDGE ( 'NONE', *, *, #617, .T. ) ;
#12799 = DIRECTION ( 'NONE',  ( 0.000000000000000000, 0.000000000000000000, 1.000000000000000000 ) ) ;
#12800 = COLOUR_RGB ( '',0.7921568627450980005, 0.8196078431372548767, 0.9333333333333333481 ) ;
#12801 = CARTESIAN_POINT ( 'NONE',  ( 0.2500000000000002220, 0.1499999999999999944, 1.250000000000001110 ) ) ;
#12802 = CARTESIAN_POINT ( 'NONE',  ( -0.2499999999999997780, 0.2699999999999994071, -2.249999999999999112 ) ) ;
#12803 = DIRECTION ( 'NONE',  ( 1.000000000000000000, 0.000000000000000000, 1.224646799147353207E-16 ) ) ;
#12804 = SURFACE_STYLE_FILL_AREA ( #9481 ) ;
#12805 = DIRECTION ( 'NONE',  ( 0.000000000000000000, 0.000000000000000000, 1.000000000000000000 ) ) ;
#12806 = DIRECTION ( 'NONE',  ( 1.000000000000000000, 0.000000000000000000, -0.000000000000000000 ) ) ;
#12807 = DIRECTION ( 'NONE',  ( 1.000000000000000000, 0.000000000000000000, -0.000000000000000000 ) ) ;
#12808 = UNCERTAINTY_MEASURE_WITH_UNIT (LENGTH_MEASURE( 1.000000000000000082E-05 ), #12138, 'distance_accuracy_value', 'NONE');
#12809 = UNCERTAINTY_MEASURE_WITH_UNIT (LENGTH_MEASURE( 1.000000000000000082E-05 ), #10093, 'distance_accuracy_value', 'NONE');
#12810 = ADVANCED_FACE ( 'NONE', ( #2660 ), #7112, .T. ) ;
#12811 = CARTESIAN_POINT ( 'NONE',  ( -4.312500000000001776, 0.8000000000000000444, -5.493749999999999467 ) ) ;
#12812 = MANIFOLD_SOLID_BREP ( 'LPattern1[112]', #12481 ) ;
#12813 = ADVANCED_FACE ( 'NONE', ( #11691 ), #9912, .T. ) ;
#12814 = EDGE_CURVE ( 'NONE', #10185, #254, #3166, .T. ) ;
#12815 = ORIENTED_EDGE ( 'NONE', *, *, #82, .T. ) ;
#12816 = DIRECTION ( 'NONE',  ( 0.000000000000000000, 0.000000000000000000, -1.000000000000000000 ) ) ;
#12817 = VERTEX_POINT ( 'NONE', #9258 ) ;
#12818 = DIRECTION ( 'NONE',  ( -1.000000000000000000, 0.000000000000000000, 0.000000000000000000 ) ) ;
#12819 = PRESENTATION_LAYER_ASSIGNMENT (  '', '', ( #11587 ) ) ;
#12820 = ORIENTED_EDGE ( 'NONE', *, *, #1980, .T. ) ;
#12821 = ADVANCED_FACE ( 'NONE', ( #2938 ), #11578, .T. ) ;
#12822 = EDGE_LOOP ( 'NONE', ( #5544, #5878, #3880 ) ) ;
#12823 = SURFACE_STYLE_FILL_AREA ( #5428 ) ;
#12824 = CIRCLE ( 'NONE', #1469, 0.08999999999999980238 ) ;
#12825 = AXIS2_PLACEMENT_3D ( 'NONE', #177, #1270, #11145 ) ;
#12826 = CARTESIAN_POINT ( 'NONE',  ( -4.312500000000001776, 0.8000000000000000444, -5.062499999999999112 ) ) ;
#12827 = FACE_OUTER_BOUND ( 'NONE', #9612, .T. ) ;
#12828 = CARTESIAN_POINT ( 'NONE',  ( -1.249999999999999778, 1.355252715606880543E-16, 2.250000000000000444 ) ) ;
#12829 = CARTESIAN_POINT ( 'NONE',  ( -1.249999999999999778, 0.2699999999999994071, -0.6599999999999989209 ) ) ;
#12830 = STYLED_ITEM ( 'NONE', ( #9094 ), #11717 ) ;
#12831 =( NAMED_UNIT ( * ) SI_UNIT ( $, .STERADIAN. ) SOLID_ANGLE_UNIT ( ) );
#12832 = ORIENTED_EDGE ( 'NONE', *, *, #5927, .F. ) ;
#12833 = SURFACE_STYLE_USAGE ( .BOTH. , #11865 ) ;
#12834 = VERTEX_POINT ( 'NONE', #6984 ) ;
#12835 = CARTESIAN_POINT ( 'NONE',  ( -5.750000000000001776, 0.4200000000000002620, 6.500000000000000000 ) ) ;
#12836 = VERTEX_POINT ( 'NONE', #5079 ) ;
#12837 = DIRECTION ( 'NONE',  ( -0.000000000000000000, 1.000000000000000000, -0.000000000000000000 ) ) ;
#12838 = EDGE_CURVE ( 'NONE', #12601, #12099, #3028, .T. ) ;
#12839 = DIRECTION ( 'NONE',  ( 0.000000000000000000, 1.000000000000000000, 0.000000000000000000 ) ) ;
#12840 = DIRECTION ( 'NONE',  ( -0.000000000000000000, 1.000000000000000000, -0.000000000000000000 ) ) ;
#12841 = AXIS2_PLACEMENT_3D ( 'NONE', #4105, #10538, #10631 ) ;
#12842 = AXIS2_PLACEMENT_3D ( 'NONE', #4845, #9103, #11858 ) ;
#12843 = ORIENTED_EDGE ( 'NONE', *, *, #9157, .F. ) ;
#12844 = CLOSED_SHELL ( 'NONE', ( #2955, #8053, #1549 ) ) ;
#12845 = AXIS2_PLACEMENT_3D ( 'NONE', #6278, #12283, #11454 ) ;
#12846 = DIRECTION ( 'NONE',  ( 0.000000000000000000, 0.000000000000000000, 1.000000000000000000 ) ) ;
#12847 = FILL_AREA_STYLE ('',( #2932 ) ) ;
#12848 = ADVANCED_FACE ( 'NONE', ( #11922 ), #2358, .T. ) ;
#12849 = PRESENTATION_STYLE_ASSIGNMENT (( #11599 ) ) ;
#12850 = PRESENTATION_LAYER_ASSIGNMENT (  '', '', ( #8817 ) ) ;
#12851 = SPHERICAL_SURFACE ( 'NONE', #12597, 0.1499999999999998557 ) ;
#12852 = AXIS2_PLACEMENT_3D ( 'NONE', #4813, #12547, #7488 ) ;
#12853 = CARTESIAN_POINT ( 'NONE',  ( 2.750000000000000444, 0.2699999999999994071, 0.8400000000000010791 ) ) ;
#12854 = COLOUR_RGB ( '',0.7921568627450980005, 0.8196078431372548767, 0.9333333333333333481 ) ;
#12855 = ADVANCED_FACE ( 'NONE', ( #3188 ), #7542, .T. ) ;
#12856 = EDGE_CURVE ( 'NONE', #8574, #58, #11810, .T. ) ;
#12857 = ORIENTED_EDGE ( 'NONE', *, *, #11803, .F. ) ;
#12858 = CARTESIAN_POINT ( 'NONE',  ( -0.7499999999999997780, 0.2699999999999994071, -2.659999999999999254 ) ) ;
#12859 = AXIS2_PLACEMENT_3D ( 'NONE', #12503, #1616, #3930 ) ;
#12860 =( NAMED_UNIT ( * ) SI_UNIT ( $, .STERADIAN. ) SOLID_ANGLE_UNIT ( ) );
#12861 = VERTEX_POINT ( 'NONE', #10030 ) ;
#12862 = EDGE_LOOP ( 'NONE', ( #9877, #1838 ) ) ;
#12863 = DIRECTION ( 'NONE',  ( 0.000000000000000000, 0.000000000000000000, 1.000000000000000000 ) ) ;
#12864 = DIRECTION ( 'NONE',  ( 0.000000000000000000, 0.000000000000000000, 1.000000000000000000 ) ) ;
#12865 = DIRECTION ( 'NONE',  ( 1.000000000000000000, 0.000000000000000000, -0.000000000000000000 ) ) ;
#12866 = CARTESIAN_POINT ( 'NONE',  ( 0.7500000000000002220, 0.1499999999999999944, 2.250000000000000444 ) ) ;
#12867 = DIRECTION ( 'NONE',  ( -0.000000000000000000, 1.000000000000000000, -0.000000000000000000 ) ) ;
#12868 = FILL_AREA_STYLE ('',( #10876 ) ) ;
#12869 = DIRECTION ( 'NONE',  ( 0.000000000000000000, 0.000000000000000000, 1.000000000000000000 ) ) ;
#12870 = DIRECTION ( 'NONE',  ( 0.000000000000000000, 0.000000000000000000, 1.000000000000000000 ) ) ;
#12871 = ORIENTED_EDGE ( 'NONE', *, *, #9444, .T. ) ;
#12872 = SURFACE_STYLE_USAGE ( .BOTH. , #4045 ) ;
#12873 = DIRECTION ( 'NONE',  ( -1.000000000000000000, 0.000000000000000000, 0.000000000000000000 ) ) ;
#12874 = ORIENTED_EDGE ( 'NONE', *, *, #4915, .T. ) ;
#12875 = AXIS2_PLACEMENT_3D ( 'NONE', #8609, #3861, #1871 ) ;
#12876 = DIRECTION ( 'NONE',  ( 0.000000000000000000, 0.000000000000000000, 1.000000000000000000 ) ) ;
#12877 = AXIS2_PLACEMENT_3D ( 'NONE', #5519, #7625, #10346 ) ;
#12878 = SPHERICAL_SURFACE ( 'NONE', #8659, 0.1499999999999998557 ) ;
ENDSEC;
END-ISO-10303-21;
