ISO-10303-21;
HEADER;
FILE_DESCRIPTION(('STEP AP242'),'1');
FILE_NAME('0430450812.stp','2026-03-18T10:09:36',('TraceParts'),('TraceParts S.A.S.'),'Spatial InterOp 3D',' ',' ');
FILE_SCHEMA(('AP242_MANAGED_MODEL_BASED_3D_ENGINEERING_MIM_LF  {1 0 10303 442 1 1 4}'));
ENDSEC;
DATA;
#1=MECHANICAL_DESIGN_GEOMETRIC_PRESENTATION_REPRESENTATION(' ',(#10),#6);
#2=PRODUCT_DEFINITION_CONTEXT('',#11,'design');
#3=APPLICATION_PROTOCOL_DEFINITION('INTERNATIONAL STANDARD','ap242_managed_model_based_3d_engineering',2014,#11);
#4=PRODUCT_CATEGORY_RELATIONSHIP('NONE','NONE',#12,#13);
#5=SHAPE_DEFINITION_REPRESENTATION(#14,#15);
#6= (GEOMETRIC_REPRESENTATION_CONTEXT(3)GLOBAL_UNCERTAINTY_ASSIGNED_CONTEXT((#18))GLOBAL_UNIT_ASSIGNED_CONTEXT((#20,#21,#22))REPRESENTATION_CONTEXT('NONE','WORKSPACE'));
#10=STYLED_ITEM('',(#24),#25);
#11=APPLICATION_CONTEXT('managed model based 3d engineering');
#12=PRODUCT_CATEGORY('part','NONE');
#13=PRODUCT_RELATED_PRODUCT_CATEGORY('detail',' ',(#26));
#14=PRODUCT_DEFINITION_SHAPE('NONE','NONE',#27);
#15=ADVANCED_BREP_SHAPE_REPRESENTATION('1',(#25,#28),#6);
#18=UNCERTAINTY_MEASURE_WITH_UNIT(LENGTH_MEASURE(1.0E-06),#20,'','');
#20= (CONVERSION_BASED_UNIT('MILLIMETRE',#31)LENGTH_UNIT()NAMED_UNIT(#34));
#21= (NAMED_UNIT(#36)PLANE_ANGLE_UNIT()SI_UNIT($,.RADIAN.));
#22= (NAMED_UNIT(#36)SOLID_ANGLE_UNIT()SI_UNIT($,.STERADIAN.));
#24=PRESENTATION_STYLE_ASSIGNMENT((#42));
#25=MANIFOLD_SOLID_BREP('1',#43);
#26=PRODUCT('1','','PART--DESC',(#44));
#27=PRODUCT_DEFINITION('','NONE',#45,#2);
#28=AXIS2_PLACEMENT_3D('',#46,#47,#48);
#31=LENGTH_MEASURE_WITH_UNIT(LENGTH_MEASURE(1.0),#49);
#34=DIMENSIONAL_EXPONENTS(1.0,0.0,0.0,0.0,0.0,0.0,0.0);
#36=DIMENSIONAL_EXPONENTS(0.0,0.0,0.0,0.0,0.0,0.0,0.0);
#42=SURFACE_STYLE_USAGE(.BOTH.,#50);
#43=CLOSED_SHELL('',(#51,#52,#53,#54,#55,#56,#57,#58,#59,#60,#61,#62,#63,#64,#65,#66,#67,#68,#69,#70,#71,#72,#73,#74,#75,#76,#77,#78,#79,#80,#81,#82,#83,#84,#85,#86,#87,#88,#89,#90,#91,#92,#93,#94,#95,#96,#97,#98,#99,#100,#101,#102,#103,#104,#105,#106,#107,#108,#109,#110,#111,#112,#113,#114,#115,#116,#117,#118,#119,#120,#121,#122,#123,#124,#125,#126,#127,#128,#129,#130,#131,#132,#133,#134,#135,#136,#137,#138,#139,#140,#141,#142,#143,#144,#145,#146,#147,#148,#149,#150,#151,#152,#153,#154,#155,#156,#157,#158,#159,#160,#161,#162,#163,#164,#165,#166,#167,#168,#169,#170,#171,#172,#173,#174,#175,#176,#177,#178,#179,#180,#181,#182,#183,#184,#185,#186,#187,#188,#189,#190,#191,#192,#193,#194,#195,#196,#197,#198,#199,#200,#201,#202,#203,#204,#205,#206,#207,#208,#209,#210,#211,#212,#213,#214,#215,#216,#217,#218,#219,#220,#221,#222,#223,#224,#225,#226,#227,#228,#229,#230,#231,#232,#233,#234,#235,#236,#237,#238,#239,#240,#241,#242,#243,#244,#245,#246,#247,#248,#249,#250,#251,#252,#253,#254,#255,#256,#257,#258,#259,#260,#261,#262,#263,#264,#265,#266,#267,#268,#269,#270,#271,#272,#273,#274,#275,#276,#277,#278,#279,#280,#281,#282,#283,#284,#285,#286,#287,#288,#289,#290,#291,#292,#293,#294,#295,#296,#297,#298,#299,#300,#301,#302,#303,#304,#305,#306,#307,#308,#309,#310,#311,#312,#313,#314,#315,#316,#317,#318,#319,#320,#321,#322,#323,#324,#325,#326,#327,#328,#329,#330,#331,#332,#333,#334,#335,#336,#337,#338,#339,#340,#341,#342,#343,#344,#345,#346,#347,#348,#349,#350,#351,#352,#353,#354,#355,#356,#357,#358,#359,#360,#361,#362,#363,#364,#365,#366,#367,#368,#369,#370,#371,#372,#373,#374,#375,#376,#377,#378,#379,#380,#381,#382,#383,#384,#385,#386,#387,#388,#389,#390,#391,#392,#393,#394,#395,#396,#397,#398,#399,#400,#401,#402,#403,#404,#405,#406,#407,#408));
#44=PRODUCT_CONTEXT('',#11,'mechanical');
#45=PRODUCT_DEFINITION_FORMATION_WITH_SPECIFIED_SOURCE(' ','NONE',#26,.NOT_KNOWN.);
#46=CARTESIAN_POINT('',(0.0,0.0,0.0));
#47=DIRECTION('',(0.0,0.0,1.0));
#48=DIRECTION('',(1.0,0.0,0.0));
#49= (NAMED_UNIT(#34)LENGTH_UNIT()SI_UNIT(.MILLI.,.METRE.));
#50=SURFACE_SIDE_STYLE('',(#410));
#51=ADVANCED_FACE('',(#411),#412,.T.);
#52=ADVANCED_FACE('',(#413),#414,.T.);
#53=ADVANCED_FACE('',(#415),#416,.T.);
#54=ADVANCED_FACE('',(#417),#418,.T.);
#55=ADVANCED_FACE('',(#419),#420,.F.);
#56=ADVANCED_FACE('',(#421),#422,.F.);
#57=ADVANCED_FACE('',(#423),#424,.T.);
#58=ADVANCED_FACE('',(#425),#426,.F.);
#59=ADVANCED_FACE('',(#427),#428,.F.);
#60=ADVANCED_FACE('',(#429),#430,.F.);
#61=ADVANCED_FACE('',(#431),#432,.T.);
#62=ADVANCED_FACE('',(#433),#434,.T.);
#63=ADVANCED_FACE('',(#435),#436,.F.);
#64=ADVANCED_FACE('',(#437),#438,.F.);
#65=ADVANCED_FACE('',(#439),#440,.F.);
#66=ADVANCED_FACE('',(#441),#442,.F.);
#67=ADVANCED_FACE('',(#443),#444,.F.);
#68=ADVANCED_FACE('',(#445),#446,.F.);
#69=ADVANCED_FACE('',(#447),#448,.F.);
#70=ADVANCED_FACE('',(#449,#450),#451,.T.);
#71=ADVANCED_FACE('',(#452),#453,.F.);
#72=ADVANCED_FACE('',(#454),#455,.F.);
#73=ADVANCED_FACE('',(#456),#457,.F.);
#74=ADVANCED_FACE('',(#458),#459,.F.);
#75=ADVANCED_FACE('',(#460),#461,.F.);
#76=ADVANCED_FACE('',(#462),#463,.F.);
#77=ADVANCED_FACE('',(#464),#465,.F.);
#78=ADVANCED_FACE('',(#466,#467,#468,#469,#470,#471,#472,#473,#474),#475,.T.);
#79=ADVANCED_FACE('',(#476,#477,#478),#479,.T.);
#80=ADVANCED_FACE('',(#480),#481,.T.);
#81=ADVANCED_FACE('',(#482),#483,.T.);
#82=ADVANCED_FACE('',(#484),#485,.T.);
#83=ADVANCED_FACE('',(#486),#487,.F.);
#84=ADVANCED_FACE('',(#488),#489,.F.);
#85=ADVANCED_FACE('',(#490),#491,.T.);
#86=ADVANCED_FACE('',(#492),#493,.T.);
#87=ADVANCED_FACE('',(#494),#495,.T.);
#88=ADVANCED_FACE('',(#496),#497,.T.);
#89=ADVANCED_FACE('',(#498),#499,.T.);
#90=ADVANCED_FACE('',(#500),#501,.F.);
#91=ADVANCED_FACE('',(#502),#503,.F.);
#92=ADVANCED_FACE('',(#504),#505,.F.);
#93=ADVANCED_FACE('',(#506),#507,.F.);
#94=ADVANCED_FACE('',(#508),#509,.T.);
#95=ADVANCED_FACE('',(#510),#511,.T.);
#96=ADVANCED_FACE('',(#512),#513,.T.);
#97=ADVANCED_FACE('',(#514),#515,.T.);
#98=ADVANCED_FACE('',(#516),#517,.T.);
#99=ADVANCED_FACE('',(#518),#519,.F.);
#100=ADVANCED_FACE('',(#520),#521,.F.);
#101=ADVANCED_FACE('',(#522),#523,.F.);
#102=ADVANCED_FACE('',(#524),#525,.F.);
#103=ADVANCED_FACE('',(#526),#527,.F.);
#104=ADVANCED_FACE('',(#528),#529,.F.);
#105=ADVANCED_FACE('',(#530),#531,.F.);
#106=ADVANCED_FACE('',(#532),#533,.F.);
#107=ADVANCED_FACE('',(#534),#535,.F.);
#108=ADVANCED_FACE('',(#536),#537,.F.);
#109=ADVANCED_FACE('',(#538),#539,.F.);
#110=ADVANCED_FACE('',(#540),#541,.F.);
#111=ADVANCED_FACE('',(#542),#543,.T.);
#112=ADVANCED_FACE('',(#544),#545,.F.);
#113=ADVANCED_FACE('',(#546),#547,.F.);
#114=ADVANCED_FACE('',(#548),#549,.F.);
#115=ADVANCED_FACE('',(#550),#551,.F.);
#116=ADVANCED_FACE('',(#552),#553,.T.);
#117=ADVANCED_FACE('',(#554),#555,.T.);
#118=ADVANCED_FACE('',(#556),#557,.T.);
#119=ADVANCED_FACE('',(#558),#559,.T.);
#120=ADVANCED_FACE('',(#560),#561,.T.);
#121=ADVANCED_FACE('',(#562),#563,.T.);
#122=ADVANCED_FACE('',(#564),#565,.T.);
#123=ADVANCED_FACE('',(#566),#567,.T.);
#124=ADVANCED_FACE('',(#568),#569,.F.);
#125=ADVANCED_FACE('',(#570),#571,.F.);
#126=ADVANCED_FACE('',(#572),#573,.F.);
#127=ADVANCED_FACE('',(#574),#575,.F.);
#128=ADVANCED_FACE('',(#576),#577,.T.);
#129=ADVANCED_FACE('',(#578),#579,.T.);
#130=ADVANCED_FACE('',(#580,#581),#582,.T.);
#131=ADVANCED_FACE('',(#583,#584),#585,.T.);
#132=ADVANCED_FACE('',(#586,#587),#588,.T.);
#133=ADVANCED_FACE('',(#589,#590),#591,.T.);
#134=ADVANCED_FACE('',(#592,#593),#594,.T.);
#135=ADVANCED_FACE('',(#595,#596),#597,.T.);
#136=ADVANCED_FACE('',(#598,#599),#600,.T.);
#137=ADVANCED_FACE('',(#601,#602),#603,.T.);
#138=ADVANCED_FACE('',(#604),#605,.F.);
#139=ADVANCED_FACE('',(#606),#607,.F.);
#140=ADVANCED_FACE('',(#608),#609,.F.);
#141=ADVANCED_FACE('',(#610),#611,.F.);
#142=ADVANCED_FACE('',(#612),#613,.F.);
#143=ADVANCED_FACE('',(#614),#615,.F.);
#144=ADVANCED_FACE('',(#616),#617,.F.);
#145=ADVANCED_FACE('',(#618),#619,.F.);
#146=ADVANCED_FACE('',(#620),#621,.F.);
#147=ADVANCED_FACE('',(#622),#623,.F.);
#148=ADVANCED_FACE('',(#624),#625,.F.);
#149=ADVANCED_FACE('',(#626),#627,.F.);
#150=ADVANCED_FACE('',(#628),#629,.F.);
#151=ADVANCED_FACE('',(#630),#631,.F.);
#152=ADVANCED_FACE('',(#632),#633,.F.);
#153=ADVANCED_FACE('',(#634),#635,.F.);
#154=ADVANCED_FACE('',(#636),#637,.F.);
#155=ADVANCED_FACE('',(#638),#639,.F.);
#156=ADVANCED_FACE('',(#640),#641,.F.);
#157=ADVANCED_FACE('',(#642),#643,.F.);
#158=ADVANCED_FACE('',(#644),#645,.F.);
#159=ADVANCED_FACE('',(#646),#647,.F.);
#160=ADVANCED_FACE('',(#648),#649,.F.);
#161=ADVANCED_FACE('',(#650),#651,.F.);
#162=ADVANCED_FACE('',(#652),#653,.F.);
#163=ADVANCED_FACE('',(#654),#655,.F.);
#164=ADVANCED_FACE('',(#656),#657,.F.);
#165=ADVANCED_FACE('',(#658),#659,.F.);
#166=ADVANCED_FACE('',(#660),#661,.F.);
#167=ADVANCED_FACE('',(#662),#663,.F.);
#168=ADVANCED_FACE('',(#664),#665,.F.);
#169=ADVANCED_FACE('',(#666),#667,.F.);
#170=ADVANCED_FACE('',(#668),#669,.F.);
#171=ADVANCED_FACE('',(#670),#671,.F.);
#172=ADVANCED_FACE('',(#672),#673,.F.);
#173=ADVANCED_FACE('',(#674),#675,.F.);
#174=ADVANCED_FACE('',(#676),#677,.F.);
#175=ADVANCED_FACE('',(#678),#679,.F.);
#176=ADVANCED_FACE('',(#680),#681,.F.);
#177=ADVANCED_FACE('',(#682),#683,.T.);
#178=ADVANCED_FACE('',(#684),#685,.T.);
#179=ADVANCED_FACE('',(#686),#687,.T.);
#180=ADVANCED_FACE('',(#688),#689,.T.);
#181=ADVANCED_FACE('',(#690),#691,.T.);
#182=ADVANCED_FACE('',(#692),#693,.T.);
#183=ADVANCED_FACE('',(#694),#695,.F.);
#184=ADVANCED_FACE('',(#696),#697,.F.);
#185=ADVANCED_FACE('',(#698),#699,.F.);
#186=ADVANCED_FACE('',(#700),#701,.F.);
#187=ADVANCED_FACE('',(#702),#703,.F.);
#188=ADVANCED_FACE('',(#704),#705,.T.);
#189=ADVANCED_FACE('',(#706),#707,.T.);
#190=ADVANCED_FACE('',(#708),#709,.T.);
#191=ADVANCED_FACE('',(#710),#711,.T.);
#192=ADVANCED_FACE('',(#712),#713,.T.);
#193=ADVANCED_FACE('',(#714,#715),#716,.T.);
#194=ADVANCED_FACE('',(#717),#718,.T.);
#195=ADVANCED_FACE('',(#719),#720,.T.);
#196=ADVANCED_FACE('',(#721,#722),#723,.T.);
#197=ADVANCED_FACE('',(#724),#725,.T.);
#198=ADVANCED_FACE('',(#726),#727,.T.);
#199=ADVANCED_FACE('',(#728),#729,.T.);
#200=ADVANCED_FACE('',(#730),#731,.T.);
#201=ADVANCED_FACE('',(#732),#733,.T.);
#202=ADVANCED_FACE('',(#734),#735,.T.);
#203=ADVANCED_FACE('',(#736),#737,.T.);
#204=ADVANCED_FACE('',(#738),#739,.F.);
#205=ADVANCED_FACE('',(#740),#741,.T.);
#206=ADVANCED_FACE('',(#742),#743,.F.);
#207=ADVANCED_FACE('',(#744),#745,.F.);
#208=ADVANCED_FACE('',(#746),#747,.T.);
#209=ADVANCED_FACE('',(#748),#749,.T.);
#210=ADVANCED_FACE('',(#750),#751,.T.);
#211=ADVANCED_FACE('',(#752),#753,.T.);
#212=ADVANCED_FACE('',(#754),#755,.T.);
#213=ADVANCED_FACE('',(#756),#757,.T.);
#214=ADVANCED_FACE('',(#758),#759,.T.);
#215=ADVANCED_FACE('',(#760),#761,.T.);
#216=ADVANCED_FACE('',(#762),#763,.T.);
#217=ADVANCED_FACE('',(#764),#765,.T.);
#218=ADVANCED_FACE('',(#766),#767,.F.);
#219=ADVANCED_FACE('',(#768),#769,.T.);
#220=ADVANCED_FACE('',(#770),#771,.T.);
#221=ADVANCED_FACE('',(#772),#773,.F.);
#222=ADVANCED_FACE('',(#774,#775),#776,.T.);
#223=ADVANCED_FACE('',(#777),#778,.F.);
#224=ADVANCED_FACE('',(#779),#780,.F.);
#225=ADVANCED_FACE('',(#781),#782,.T.);
#226=ADVANCED_FACE('',(#783),#784,.T.);
#227=ADVANCED_FACE('',(#785),#786,.T.);
#228=ADVANCED_FACE('',(#787),#788,.T.);
#229=ADVANCED_FACE('',(#789),#790,.F.);
#230=ADVANCED_FACE('',(#791),#792,.F.);
#231=ADVANCED_FACE('',(#793),#794,.F.);
#232=ADVANCED_FACE('',(#795),#796,.F.);
#233=ADVANCED_FACE('',(#797),#798,.F.);
#234=ADVANCED_FACE('',(#799),#800,.F.);
#235=ADVANCED_FACE('',(#801),#802,.T.);
#236=ADVANCED_FACE('',(#803),#804,.T.);
#237=ADVANCED_FACE('',(#805),#806,.T.);
#238=ADVANCED_FACE('',(#807),#808,.T.);
#239=ADVANCED_FACE('',(#809),#810,.F.);
#240=ADVANCED_FACE('',(#811),#812,.T.);
#241=ADVANCED_FACE('',(#813),#814,.T.);
#242=ADVANCED_FACE('',(#815),#816,.F.);
#243=ADVANCED_FACE('',(#817),#818,.F.);
#244=ADVANCED_FACE('',(#819),#820,.F.);
#245=ADVANCED_FACE('',(#821),#822,.F.);
#246=ADVANCED_FACE('',(#823),#824,.F.);
#247=ADVANCED_FACE('',(#825),#826,.T.);
#248=ADVANCED_FACE('',(#827),#828,.T.);
#249=ADVANCED_FACE('',(#829),#830,.T.);
#250=ADVANCED_FACE('',(#831),#832,.T.);
#251=ADVANCED_FACE('',(#833),#834,.T.);
#252=ADVANCED_FACE('',(#835),#836,.T.);
#253=ADVANCED_FACE('',(#837),#838,.T.);
#254=ADVANCED_FACE('',(#839),#840,.T.);
#255=ADVANCED_FACE('',(#841),#842,.F.);
#256=ADVANCED_FACE('',(#843),#844,.F.);
#257=ADVANCED_FACE('',(#845),#846,.F.);
#258=ADVANCED_FACE('',(#847),#848,.F.);
#259=ADVANCED_FACE('',(#849),#850,.F.);
#260=ADVANCED_FACE('',(#851),#852,.F.);
#261=ADVANCED_FACE('',(#853),#854,.F.);
#262=ADVANCED_FACE('',(#855),#856,.F.);
#263=ADVANCED_FACE('',(#857),#858,.T.);
#264=ADVANCED_FACE('',(#859),#860,.T.);
#265=ADVANCED_FACE('',(#861),#862,.F.);
#266=ADVANCED_FACE('',(#863),#864,.F.);
#267=ADVANCED_FACE('',(#865),#866,.F.);
#268=ADVANCED_FACE('',(#867),#868,.F.);
#269=ADVANCED_FACE('',(#869),#870,.F.);
#270=ADVANCED_FACE('',(#871),#872,.T.);
#271=ADVANCED_FACE('',(#873),#874,.T.);
#272=ADVANCED_FACE('',(#875),#876,.T.);
#273=ADVANCED_FACE('',(#877),#878,.T.);
#274=ADVANCED_FACE('',(#879),#880,.T.);
#275=ADVANCED_FACE('',(#881),#882,.F.);
#276=ADVANCED_FACE('',(#883),#884,.T.);
#277=ADVANCED_FACE('',(#885),#886,.T.);
#278=ADVANCED_FACE('',(#887),#888,.T.);
#279=ADVANCED_FACE('',(#889),#890,.T.);
#280=ADVANCED_FACE('',(#891),#892,.T.);
#281=ADVANCED_FACE('',(#893),#894,.T.);
#282=ADVANCED_FACE('',(#895),#896,.T.);
#283=ADVANCED_FACE('',(#897),#898,.T.);
#284=ADVANCED_FACE('',(#899),#900,.F.);
#285=ADVANCED_FACE('',(#901),#902,.T.);
#286=ADVANCED_FACE('',(#903),#904,.T.);
#287=ADVANCED_FACE('',(#905),#906,.T.);
#288=ADVANCED_FACE('',(#907),#908,.T.);
#289=ADVANCED_FACE('',(#909),#910,.T.);
#290=ADVANCED_FACE('',(#911),#912,.T.);
#291=ADVANCED_FACE('',(#913),#914,.T.);
#292=ADVANCED_FACE('',(#915),#916,.F.);
#293=ADVANCED_FACE('',(#917),#918,.F.);
#294=ADVANCED_FACE('',(#919),#920,.F.);
#295=ADVANCED_FACE('',(#921),#922,.F.);
#296=ADVANCED_FACE('',(#923),#924,.T.);
#297=ADVANCED_FACE('',(#925),#926,.T.);
#298=ADVANCED_FACE('',(#927),#928,.T.);
#299=ADVANCED_FACE('',(#929),#930,.T.);
#300=ADVANCED_FACE('',(#931),#932,.T.);
#301=ADVANCED_FACE('',(#933),#934,.T.);
#302=ADVANCED_FACE('',(#935),#936,.T.);
#303=ADVANCED_FACE('',(#937),#938,.T.);
#304=ADVANCED_FACE('',(#939),#940,.F.);
#305=ADVANCED_FACE('',(#941),#942,.F.);
#306=ADVANCED_FACE('',(#943),#944,.F.);
#307=ADVANCED_FACE('',(#945),#946,.F.);
#308=ADVANCED_FACE('',(#947),#948,.F.);
#309=ADVANCED_FACE('',(#949),#950,.F.);
#310=ADVANCED_FACE('',(#951),#952,.F.);
#311=ADVANCED_FACE('',(#953),#954,.F.);
#312=ADVANCED_FACE('',(#955),#956,.T.);
#313=ADVANCED_FACE('',(#957),#958,.T.);
#314=ADVANCED_FACE('',(#959),#960,.F.);
#315=ADVANCED_FACE('',(#961),#962,.F.);
#316=ADVANCED_FACE('',(#963),#964,.F.);
#317=ADVANCED_FACE('',(#965),#966,.F.);
#318=ADVANCED_FACE('',(#967),#968,.F.);
#319=ADVANCED_FACE('',(#969),#970,.T.);
#320=ADVANCED_FACE('',(#971),#972,.T.);
#321=ADVANCED_FACE('',(#973),#974,.T.);
#322=ADVANCED_FACE('',(#975),#976,.T.);
#323=ADVANCED_FACE('',(#977),#978,.T.);
#324=ADVANCED_FACE('',(#979),#980,.F.);
#325=ADVANCED_FACE('',(#981),#982,.T.);
#326=ADVANCED_FACE('',(#983),#984,.T.);
#327=ADVANCED_FACE('',(#985),#986,.T.);
#328=ADVANCED_FACE('',(#987),#988,.T.);
#329=ADVANCED_FACE('',(#989),#990,.T.);
#330=ADVANCED_FACE('',(#991),#992,.T.);
#331=ADVANCED_FACE('',(#993),#994,.T.);
#332=ADVANCED_FACE('',(#995),#996,.T.);
#333=ADVANCED_FACE('',(#997),#998,.F.);
#334=ADVANCED_FACE('',(#999),#1000,.T.);
#335=ADVANCED_FACE('',(#1001),#1002,.T.);
#336=ADVANCED_FACE('',(#1003),#1004,.T.);
#337=ADVANCED_FACE('',(#1005),#1006,.T.);
#338=ADVANCED_FACE('',(#1007),#1008,.T.);
#339=ADVANCED_FACE('',(#1009),#1010,.T.);
#340=ADVANCED_FACE('',(#1011),#1012,.T.);
#341=ADVANCED_FACE('',(#1013),#1014,.F.);
#342=ADVANCED_FACE('',(#1015),#1016,.F.);
#343=ADVANCED_FACE('',(#1017),#1018,.F.);
#344=ADVANCED_FACE('',(#1019),#1020,.F.);
#345=ADVANCED_FACE('',(#1021),#1022,.F.);
#346=ADVANCED_FACE('',(#1023),#1024,.T.);
#347=ADVANCED_FACE('',(#1025),#1026,.T.);
#348=ADVANCED_FACE('',(#1027),#1028,.T.);
#349=ADVANCED_FACE('',(#1029),#1030,.T.);
#350=ADVANCED_FACE('',(#1031),#1032,.T.);
#351=ADVANCED_FACE('',(#1033),#1034,.F.);
#352=ADVANCED_FACE('',(#1035),#1036,.T.);
#353=ADVANCED_FACE('',(#1037),#1038,.T.);
#354=ADVANCED_FACE('',(#1039),#1040,.T.);
#355=ADVANCED_FACE('',(#1041),#1042,.T.);
#356=ADVANCED_FACE('',(#1043),#1044,.T.);
#357=ADVANCED_FACE('',(#1045),#1046,.T.);
#358=ADVANCED_FACE('',(#1047),#1048,.T.);
#359=ADVANCED_FACE('',(#1049),#1050,.T.);
#360=ADVANCED_FACE('',(#1051),#1052,.F.);
#361=ADVANCED_FACE('',(#1053),#1054,.T.);
#362=ADVANCED_FACE('',(#1055),#1056,.T.);
#363=ADVANCED_FACE('',(#1057),#1058,.T.);
#364=ADVANCED_FACE('',(#1059),#1060,.T.);
#365=ADVANCED_FACE('',(#1061),#1062,.T.);
#366=ADVANCED_FACE('',(#1063),#1064,.T.);
#367=ADVANCED_FACE('',(#1065),#1066,.T.);
#368=ADVANCED_FACE('',(#1067),#1068,.T.);
#369=ADVANCED_FACE('',(#1069),#1070,.T.);
#370=ADVANCED_FACE('',(#1071),#1072,.T.);
#371=ADVANCED_FACE('',(#1073),#1074,.T.);
#372=ADVANCED_FACE('',(#1075),#1076,.T.);
#373=ADVANCED_FACE('',(#1077),#1078,.T.);
#374=ADVANCED_FACE('',(#1079),#1080,.T.);
#375=ADVANCED_FACE('',(#1081),#1082,.T.);
#376=ADVANCED_FACE('',(#1083),#1084,.T.);
#377=ADVANCED_FACE('',(#1085),#1086,.T.);
#378=ADVANCED_FACE('',(#1087),#1088,.T.);
#379=ADVANCED_FACE('',(#1089),#1090,.T.);
#380=ADVANCED_FACE('',(#1091),#1092,.F.);
#381=ADVANCED_FACE('',(#1093),#1094,.T.);
#382=ADVANCED_FACE('',(#1095),#1096,.T.);
#383=ADVANCED_FACE('',(#1097),#1098,.T.);
#384=ADVANCED_FACE('',(#1099),#1100,.T.);
#385=ADVANCED_FACE('',(#1101),#1102,.T.);
#386=ADVANCED_FACE('',(#1103),#1104,.T.);
#387=ADVANCED_FACE('',(#1105),#1106,.T.);
#388=ADVANCED_FACE('',(#1107),#1108,.F.);
#389=ADVANCED_FACE('',(#1109),#1110,.T.);
#390=ADVANCED_FACE('',(#1111),#1112,.T.);
#391=ADVANCED_FACE('',(#1113),#1114,.T.);
#392=ADVANCED_FACE('',(#1115),#1116,.T.);
#393=ADVANCED_FACE('',(#1117),#1118,.T.);
#394=ADVANCED_FACE('',(#1119),#1120,.T.);
#395=ADVANCED_FACE('',(#1121),#1122,.F.);
#396=ADVANCED_FACE('',(#1123),#1124,.F.);
#397=ADVANCED_FACE('',(#1125),#1126,.F.);
#398=ADVANCED_FACE('',(#1127),#1128,.F.);
#399=ADVANCED_FACE('',(#1129),#1130,.F.);
#400=ADVANCED_FACE('',(#1131),#1132,.F.);
#401=ADVANCED_FACE('',(#1133),#1134,.F.);
#402=ADVANCED_FACE('',(#1135),#1136,.T.);
#403=ADVANCED_FACE('',(#1137),#1138,.T.);
#404=ADVANCED_FACE('',(#1139),#1140,.T.);
#405=ADVANCED_FACE('',(#1141),#1142,.T.);
#406=ADVANCED_FACE('',(#1143),#1144,.T.);
#407=ADVANCED_FACE('',(#1145),#1146,.T.);
#408=ADVANCED_FACE('',(#1147),#1148,.T.);
#410=SURFACE_STYLE_FILL_AREA(#1149);
#411=FACE_OUTER_BOUND('',#1150,.T.);
#412=CYLINDRICAL_SURFACE('',#1151,0.43);
#413=FACE_OUTER_BOUND('',#1152,.T.);
#414=CONICAL_SURFACE('',#1153,0.2650005371888,0.785396750617123);
#415=FACE_OUTER_BOUND('',#1154,.T.);
#416=CONICAL_SURFACE('',#1155,0.2650005371888,0.785396750617123);
#417=FACE_OUTER_BOUND('',#1156,.T.);
#418=CYLINDRICAL_SURFACE('',#1157,0.43);
#419=FACE_OUTER_BOUND('',#1158,.T.);
#420=CYLINDRICAL_SURFACE('',#1159,0.75);
#421=FACE_OUTER_BOUND('',#1160,.T.);
#422=PLANE('',#1161);
#423=FACE_OUTER_BOUND('',#1162,.T.);
#424=PLANE('',#1163);
#425=FACE_OUTER_BOUND('',#1164,.T.);
#426=PLANE('',#1165);
#427=FACE_OUTER_BOUND('',#1166,.T.);
#428=PLANE('',#1167);
#429=FACE_OUTER_BOUND('',#1168,.T.);
#430=PLANE('',#1169);
#431=FACE_OUTER_BOUND('',#1170,.T.);
#432=PLANE('',#1171);
#433=FACE_OUTER_BOUND('',#1172,.T.);
#434=PLANE('',#1173);
#435=FACE_OUTER_BOUND('',#1174,.T.);
#436=PLANE('',#1175);
#437=FACE_OUTER_BOUND('',#1176,.T.);
#438=PLANE('',#1177);
#439=FACE_OUTER_BOUND('',#1178,.T.);
#440=PLANE('',#1179);
#441=FACE_OUTER_BOUND('',#1180,.T.);
#442=PLANE('',#1181);
#443=FACE_OUTER_BOUND('',#1182,.T.);
#444=PLANE('',#1183);
#445=FACE_OUTER_BOUND('',#1184,.T.);
#446=PLANE('',#1185);
#447=FACE_OUTER_BOUND('',#1186,.T.);
#448=PLANE('',#1187);
#449=FACE_OUTER_BOUND('',#1188,.T.);
#450=FACE_BOUND('',#1189,.T.);
#451=PLANE('',#1190);
#452=FACE_OUTER_BOUND('',#1191,.T.);
#453=PLANE('',#1192);
#454=FACE_OUTER_BOUND('',#1193,.T.);
#455=PLANE('',#1194);
#456=FACE_OUTER_BOUND('',#1195,.T.);
#457=PLANE('',#1196);
#458=FACE_OUTER_BOUND('',#1197,.T.);
#459=PLANE('',#1198);
#460=FACE_OUTER_BOUND('',#1199,.T.);
#461=PLANE('',#1200);
#462=FACE_OUTER_BOUND('',#1201,.T.);
#463=PLANE('',#1202);
#464=FACE_OUTER_BOUND('',#1203,.T.);
#465=PLANE('',#1204);
#466=FACE_OUTER_BOUND('',#1205,.T.);
#467=FACE_BOUND('',#1206,.T.);
#468=FACE_BOUND('',#1207,.T.);
#469=FACE_BOUND('',#1208,.T.);
#470=FACE_BOUND('',#1209,.T.);
#471=FACE_BOUND('',#1210,.T.);
#472=FACE_BOUND('',#1211,.T.);
#473=FACE_BOUND('',#1212,.T.);
#474=FACE_BOUND('',#1213,.T.);
#475=PLANE('',#1214);
#476=FACE_OUTER_BOUND('',#1215,.T.);
#477=FACE_BOUND('',#1216,.T.);
#478=FACE_BOUND('',#1217,.T.);
#479=PLANE('',#1218);
#480=FACE_OUTER_BOUND('',#1219,.T.);
#481=PLANE('',#1220);
#482=FACE_OUTER_BOUND('',#1221,.T.);
#483=PLANE('',#1222);
#484=FACE_OUTER_BOUND('',#1223,.T.);
#485=PLANE('',#1224);
#486=FACE_OUTER_BOUND('',#1225,.T.);
#487=PLANE('',#1226);
#488=FACE_OUTER_BOUND('',#1227,.T.);
#489=PLANE('',#1228);
#490=FACE_OUTER_BOUND('',#1229,.T.);
#491=PLANE('',#1230);
#492=FACE_OUTER_BOUND('',#1231,.T.);
#493=PLANE('',#1232);
#494=FACE_OUTER_BOUND('',#1233,.T.);
#495=PLANE('',#1234);
#496=FACE_OUTER_BOUND('',#1235,.T.);
#497=PLANE('',#1236);
#498=FACE_OUTER_BOUND('',#1237,.T.);
#499=PLANE('',#1238);
#500=FACE_OUTER_BOUND('',#1239,.T.);
#501=PLANE('',#1240);
#502=FACE_OUTER_BOUND('',#1241,.T.);
#503=PLANE('',#1242);
#504=FACE_OUTER_BOUND('',#1243,.T.);
#505=PLANE('',#1244);
#506=FACE_OUTER_BOUND('',#1245,.T.);
#507=PLANE('',#1246);
#508=FACE_OUTER_BOUND('',#1247,.T.);
#509=PLANE('',#1248);
#510=FACE_OUTER_BOUND('',#1249,.T.);
#511=PLANE('',#1250);
#512=FACE_OUTER_BOUND('',#1251,.T.);
#513=PLANE('',#1252);
#514=FACE_OUTER_BOUND('',#1253,.T.);
#515=PLANE('',#1254);
#516=FACE_OUTER_BOUND('',#1255,.T.);
#517=PLANE('',#1256);
#518=FACE_OUTER_BOUND('',#1257,.T.);
#519=PLANE('',#1258);
#520=FACE_OUTER_BOUND('',#1259,.T.);
#521=PLANE('',#1260);
#522=FACE_OUTER_BOUND('',#1261,.T.);
#523=PLANE('',#1262);
#524=FACE_OUTER_BOUND('',#1263,.T.);
#525=PLANE('',#1264);
#526=FACE_OUTER_BOUND('',#1265,.T.);
#527=PLANE('',#1266);
#528=FACE_OUTER_BOUND('',#1267,.T.);
#529=PLANE('',#1268);
#530=FACE_OUTER_BOUND('',#1269,.T.);
#531=PLANE('',#1270);
#532=FACE_OUTER_BOUND('',#1271,.T.);
#533=PLANE('',#1272);
#534=FACE_OUTER_BOUND('',#1273,.T.);
#535=PLANE('',#1274);
#536=FACE_OUTER_BOUND('',#1275,.T.);
#537=PLANE('',#1276);
#538=FACE_OUTER_BOUND('',#1277,.T.);
#539=PLANE('',#1278);
#540=FACE_OUTER_BOUND('',#1279,.T.);
#541=PLANE('',#1280);
#542=FACE_OUTER_BOUND('',#1281,.T.);
#543=PLANE('',#1282);
#544=FACE_OUTER_BOUND('',#1283,.T.);
#545=PLANE('',#1284);
#546=FACE_OUTER_BOUND('',#1285,.T.);
#547=PLANE('',#1286);
#548=FACE_OUTER_BOUND('',#1287,.T.);
#549=PLANE('',#1288);
#550=FACE_OUTER_BOUND('',#1289,.T.);
#551=PLANE('',#1290);
#552=FACE_OUTER_BOUND('',#1291,.T.);
#553=PLANE('',#1292);
#554=FACE_OUTER_BOUND('',#1293,.T.);
#555=PLANE('',#1294);
#556=FACE_OUTER_BOUND('',#1295,.T.);
#557=PLANE('',#1296);
#558=FACE_OUTER_BOUND('',#1297,.T.);
#559=PLANE('',#1298);
#560=FACE_OUTER_BOUND('',#1299,.T.);
#561=PLANE('',#1300);
#562=FACE_OUTER_BOUND('',#1301,.T.);
#563=PLANE('',#1302);
#564=FACE_OUTER_BOUND('',#1303,.T.);
#565=PLANE('',#1304);
#566=FACE_OUTER_BOUND('',#1305,.T.);
#567=PLANE('',#1306);
#568=FACE_OUTER_BOUND('',#1307,.T.);
#569=PLANE('',#1308);
#570=FACE_OUTER_BOUND('',#1309,.T.);
#571=PLANE('',#1310);
#572=FACE_OUTER_BOUND('',#1311,.T.);
#573=PLANE('',#1312);
#574=FACE_OUTER_BOUND('',#1313,.T.);
#575=PLANE('',#1314);
#576=FACE_OUTER_BOUND('',#1315,.T.);
#577=PLANE('',#1316);
#578=FACE_OUTER_BOUND('',#1317,.T.);
#579=PLANE('',#1318);
#580=FACE_OUTER_BOUND('',#1319,.T.);
#581=FACE_BOUND('',#1320,.T.);
#582=PLANE('',#1321);
#583=FACE_OUTER_BOUND('',#1322,.T.);
#584=FACE_BOUND('',#1323,.T.);
#585=PLANE('',#1324);
#586=FACE_OUTER_BOUND('',#1325,.T.);
#587=FACE_BOUND('',#1326,.T.);
#588=PLANE('',#1327);
#589=FACE_OUTER_BOUND('',#1328,.T.);
#590=FACE_BOUND('',#1329,.T.);
#591=PLANE('',#1330);
#592=FACE_OUTER_BOUND('',#1331,.T.);
#593=FACE_BOUND('',#1332,.T.);
#594=PLANE('',#1333);
#595=FACE_OUTER_BOUND('',#1334,.T.);
#596=FACE_BOUND('',#1335,.T.);
#597=PLANE('',#1336);
#598=FACE_OUTER_BOUND('',#1337,.T.);
#599=FACE_BOUND('',#1338,.T.);
#600=PLANE('',#1339);
#601=FACE_OUTER_BOUND('',#1340,.T.);
#602=FACE_BOUND('',#1341,.T.);
#603=PLANE('',#1342);
#604=FACE_OUTER_BOUND('',#1343,.T.);
#605=PLANE('',#1344);
#606=FACE_OUTER_BOUND('',#1345,.T.);
#607=PLANE('',#1346);
#608=FACE_OUTER_BOUND('',#1347,.T.);
#609=PLANE('',#1348);
#610=FACE_OUTER_BOUND('',#1349,.T.);
#611=PLANE('',#1350);
#612=FACE_OUTER_BOUND('',#1351,.T.);
#613=PLANE('',#1352);
#614=FACE_OUTER_BOUND('',#1353,.T.);
#615=PLANE('',#1354);
#616=FACE_OUTER_BOUND('',#1355,.T.);
#617=PLANE('',#1356);
#618=FACE_OUTER_BOUND('',#1357,.T.);
#619=PLANE('',#1358);
#620=FACE_OUTER_BOUND('',#1359,.T.);
#621=PLANE('',#1360);
#622=FACE_OUTER_BOUND('',#1361,.T.);
#623=PLANE('',#1362);
#624=FACE_OUTER_BOUND('',#1363,.T.);
#625=PLANE('',#1364);
#626=FACE_OUTER_BOUND('',#1365,.T.);
#627=PLANE('',#1366);
#628=FACE_OUTER_BOUND('',#1367,.T.);
#629=PLANE('',#1368);
#630=FACE_OUTER_BOUND('',#1369,.T.);
#631=PLANE('',#1370);
#632=FACE_OUTER_BOUND('',#1371,.T.);
#633=PLANE('',#1372);
#634=FACE_OUTER_BOUND('',#1373,.T.);
#635=PLANE('',#1374);
#636=FACE_OUTER_BOUND('',#1375,.T.);
#637=PLANE('',#1376);
#638=FACE_OUTER_BOUND('',#1377,.T.);
#639=PLANE('',#1378);
#640=FACE_OUTER_BOUND('',#1379,.T.);
#641=PLANE('',#1380);
#642=FACE_OUTER_BOUND('',#1381,.T.);
#643=PLANE('',#1382);
#644=FACE_OUTER_BOUND('',#1383,.T.);
#645=PLANE('',#1384);
#646=FACE_OUTER_BOUND('',#1385,.T.);
#647=PLANE('',#1386);
#648=FACE_OUTER_BOUND('',#1387,.T.);
#649=PLANE('',#1388);
#650=FACE_OUTER_BOUND('',#1389,.T.);
#651=PLANE('',#1390);
#652=FACE_OUTER_BOUND('',#1391,.T.);
#653=PLANE('',#1392);
#654=FACE_OUTER_BOUND('',#1393,.T.);
#655=PLANE('',#1394);
#656=FACE_OUTER_BOUND('',#1395,.T.);
#657=PLANE('',#1396);
#658=FACE_OUTER_BOUND('',#1397,.T.);
#659=PLANE('',#1398);
#660=FACE_OUTER_BOUND('',#1399,.T.);
#661=PLANE('',#1400);
#662=FACE_OUTER_BOUND('',#1401,.T.);
#663=PLANE('',#1402);
#664=FACE_OUTER_BOUND('',#1403,.T.);
#665=PLANE('',#1404);
#666=FACE_OUTER_BOUND('',#1405,.T.);
#667=PLANE('',#1406);
#668=FACE_OUTER_BOUND('',#1407,.T.);
#669=PLANE('',#1408);
#670=FACE_OUTER_BOUND('',#1409,.T.);
#671=PLANE('',#1410);
#672=FACE_OUTER_BOUND('',#1411,.T.);
#673=PLANE('',#1412);
#674=FACE_OUTER_BOUND('',#1413,.T.);
#675=PLANE('',#1414);
#676=FACE_OUTER_BOUND('',#1415,.T.);
#677=PLANE('',#1416);
#678=FACE_OUTER_BOUND('',#1417,.T.);
#679=PLANE('',#1418);
#680=FACE_OUTER_BOUND('',#1419,.T.);
#681=PLANE('',#1420);
#682=FACE_OUTER_BOUND('',#1421,.T.);
#683=PLANE('',#1422);
#684=FACE_OUTER_BOUND('',#1423,.T.);
#685=PLANE('',#1424);
#686=FACE_OUTER_BOUND('',#1425,.T.);
#687=PLANE('',#1426);
#688=FACE_OUTER_BOUND('',#1427,.T.);
#689=PLANE('',#1428);
#690=FACE_OUTER_BOUND('',#1429,.T.);
#691=PLANE('',#1430);
#692=FACE_OUTER_BOUND('',#1431,.T.);
#693=PLANE('',#1432);
#694=FACE_OUTER_BOUND('',#1433,.T.);
#695=PLANE('',#1434);
#696=FACE_OUTER_BOUND('',#1435,.T.);
#697=PLANE('',#1436);
#698=FACE_OUTER_BOUND('',#1437,.T.);
#699=PLANE('',#1438);
#700=FACE_OUTER_BOUND('',#1439,.T.);
#701=PLANE('',#1440);
#702=FACE_OUTER_BOUND('',#1441,.T.);
#703=PLANE('',#1442);
#704=FACE_OUTER_BOUND('',#1443,.T.);
#705=PLANE('',#1444);
#706=FACE_OUTER_BOUND('',#1445,.T.);
#707=PLANE('',#1446);
#708=FACE_OUTER_BOUND('',#1447,.T.);
#709=PLANE('',#1448);
#710=FACE_OUTER_BOUND('',#1449,.T.);
#711=PLANE('',#1450);
#712=FACE_OUTER_BOUND('',#1451,.T.);
#713=PLANE('',#1452);
#714=FACE_OUTER_BOUND('',#1453,.T.);
#715=FACE_BOUND('',#1454,.T.);
#716=PLANE('',#1455);
#717=FACE_OUTER_BOUND('',#1456,.T.);
#718=PLANE('',#1457);
#719=FACE_OUTER_BOUND('',#1458,.T.);
#720=PLANE('',#1459);
#721=FACE_OUTER_BOUND('',#1460,.T.);
#722=FACE_BOUND('',#1461,.T.);
#723=PLANE('',#1462);
#724=FACE_OUTER_BOUND('',#1463,.T.);
#725=PLANE('',#1464);
#726=FACE_OUTER_BOUND('',#1465,.T.);
#727=PLANE('',#1466);
#728=FACE_OUTER_BOUND('',#1467,.T.);
#729=PLANE('',#1468);
#730=FACE_OUTER_BOUND('',#1469,.T.);
#731=PLANE('',#1470);
#732=FACE_OUTER_BOUND('',#1471,.T.);
#733=PLANE('',#1472);
#734=FACE_OUTER_BOUND('',#1473,.T.);
#735=PLANE('',#1474);
#736=FACE_OUTER_BOUND('',#1475,.T.);
#737=PLANE('',#1476);
#738=FACE_OUTER_BOUND('',#1477,.T.);
#739=PLANE('',#1478);
#740=FACE_OUTER_BOUND('',#1479,.T.);
#741=PLANE('',#1480);
#742=FACE_OUTER_BOUND('',#1481,.T.);
#743=PLANE('',#1482);
#744=FACE_OUTER_BOUND('',#1483,.T.);
#745=PLANE('',#1484);
#746=FACE_OUTER_BOUND('',#1485,.T.);
#747=PLANE('',#1486);
#748=FACE_OUTER_BOUND('',#1487,.T.);
#749=PLANE('',#1488);
#750=FACE_OUTER_BOUND('',#1489,.T.);
#751=PLANE('',#1490);
#752=FACE_OUTER_BOUND('',#1491,.T.);
#753=PLANE('',#1492);
#754=FACE_OUTER_BOUND('',#1493,.T.);
#755=PLANE('',#1494);
#756=FACE_OUTER_BOUND('',#1495,.T.);
#757=PLANE('',#1496);
#758=FACE_OUTER_BOUND('',#1497,.T.);
#759=PLANE('',#1498);
#760=FACE_OUTER_BOUND('',#1499,.T.);
#761=PLANE('',#1500);
#762=FACE_OUTER_BOUND('',#1501,.T.);
#763=PLANE('',#1502);
#764=FACE_OUTER_BOUND('',#1503,.T.);
#765=PLANE('',#1504);
#766=FACE_OUTER_BOUND('',#1505,.T.);
#767=PLANE('',#1506);
#768=FACE_OUTER_BOUND('',#1507,.T.);
#769=PLANE('',#1508);
#770=FACE_OUTER_BOUND('',#1509,.T.);
#771=PLANE('',#1510);
#772=FACE_OUTER_BOUND('',#1511,.T.);
#773=PLANE('',#1512);
#774=FACE_OUTER_BOUND('',#1513,.T.);
#775=FACE_BOUND('',#1514,.T.);
#776=PLANE('',#1515);
#777=FACE_OUTER_BOUND('',#1516,.T.);
#778=PLANE('',#1517);
#779=FACE_OUTER_BOUND('',#1518,.T.);
#780=CYLINDRICAL_SURFACE('',#1519,0.75);
#781=FACE_OUTER_BOUND('',#1520,.T.);
#782=PLANE('',#1521);
#783=FACE_OUTER_BOUND('',#1522,.T.);
#784=PLANE('',#1523);
#785=FACE_OUTER_BOUND('',#1524,.T.);
#786=PLANE('',#1525);
#787=FACE_OUTER_BOUND('',#1526,.T.);
#788=PLANE('',#1527);
#789=FACE_OUTER_BOUND('',#1528,.T.);
#790=PLANE('',#1529);
#791=FACE_OUTER_BOUND('',#1530,.T.);
#792=PLANE('',#1531);
#793=FACE_OUTER_BOUND('',#1532,.T.);
#794=PLANE('',#1533);
#795=FACE_OUTER_BOUND('',#1534,.T.);
#796=PLANE('',#1535);
#797=FACE_OUTER_BOUND('',#1536,.T.);
#798=PLANE('',#1537);
#799=FACE_OUTER_BOUND('',#1538,.T.);
#800=PLANE('',#1539);
#801=FACE_OUTER_BOUND('',#1540,.T.);
#802=PLANE('',#1541);
#803=FACE_OUTER_BOUND('',#1542,.T.);
#804=PLANE('',#1543);
#805=FACE_OUTER_BOUND('',#1544,.T.);
#806=PLANE('',#1545);
#807=FACE_OUTER_BOUND('',#1546,.T.);
#808=PLANE('',#1547);
#809=FACE_OUTER_BOUND('',#1548,.T.);
#810=PLANE('',#1549);
#811=FACE_OUTER_BOUND('',#1550,.T.);
#812=PLANE('',#1551);
#813=FACE_OUTER_BOUND('',#1552,.T.);
#814=PLANE('',#1553);
#815=FACE_OUTER_BOUND('',#1554,.T.);
#816=PLANE('',#1555);
#817=FACE_OUTER_BOUND('',#1556,.T.);
#818=PLANE('',#1557);
#819=FACE_OUTER_BOUND('',#1558,.T.);
#820=PLANE('',#1559);
#821=FACE_OUTER_BOUND('',#1560,.T.);
#822=PLANE('',#1561);
#823=FACE_OUTER_BOUND('',#1562,.T.);
#824=PLANE('',#1563);
#825=FACE_OUTER_BOUND('',#1564,.T.);
#826=PLANE('',#1565);
#827=FACE_OUTER_BOUND('',#1566,.T.);
#828=PLANE('',#1567);
#829=FACE_OUTER_BOUND('',#1568,.T.);
#830=PLANE('',#1569);
#831=FACE_OUTER_BOUND('',#1570,.T.);
#832=PLANE('',#1571);
#833=FACE_OUTER_BOUND('',#1572,.T.);
#834=PLANE('',#1573);
#835=FACE_OUTER_BOUND('',#1574,.T.);
#836=PLANE('',#1575);
#837=FACE_OUTER_BOUND('',#1576,.T.);
#838=PLANE('',#1577);
#839=FACE_OUTER_BOUND('',#1578,.T.);
#840=PLANE('',#1579);
#841=FACE_OUTER_BOUND('',#1580,.T.);
#842=PLANE('',#1581);
#843=FACE_OUTER_BOUND('',#1582,.T.);
#844=PLANE('',#1583);
#845=FACE_OUTER_BOUND('',#1584,.T.);
#846=PLANE('',#1585);
#847=FACE_OUTER_BOUND('',#1586,.T.);
#848=PLANE('',#1587);
#849=FACE_OUTER_BOUND('',#1588,.T.);
#850=PLANE('',#1589);
#851=FACE_OUTER_BOUND('',#1590,.T.);
#852=PLANE('',#1591);
#853=FACE_OUTER_BOUND('',#1592,.T.);
#854=PLANE('',#1593);
#855=FACE_OUTER_BOUND('',#1594,.T.);
#856=PLANE('',#1595);
#857=FACE_OUTER_BOUND('',#1596,.T.);
#858=PLANE('',#1597);
#859=FACE_OUTER_BOUND('',#1598,.T.);
#860=PLANE('',#1599);
#861=FACE_OUTER_BOUND('',#1600,.T.);
#862=PLANE('',#1601);
#863=FACE_OUTER_BOUND('',#1602,.T.);
#864=PLANE('',#1603);
#865=FACE_OUTER_BOUND('',#1604,.T.);
#866=PLANE('',#1605);
#867=FACE_OUTER_BOUND('',#1606,.T.);
#868=PLANE('',#1607);
#869=FACE_OUTER_BOUND('',#1608,.T.);
#870=PLANE('',#1609);
#871=FACE_OUTER_BOUND('',#1610,.T.);
#872=PLANE('',#1611);
#873=FACE_OUTER_BOUND('',#1612,.T.);
#874=PLANE('',#1613);
#875=FACE_OUTER_BOUND('',#1614,.T.);
#876=PLANE('',#1615);
#877=FACE_OUTER_BOUND('',#1616,.T.);
#878=PLANE('',#1617);
#879=FACE_OUTER_BOUND('',#1618,.T.);
#880=PLANE('',#1619);
#881=FACE_OUTER_BOUND('',#1620,.T.);
#882=CYLINDRICAL_SURFACE('',#1621,1.52);
#883=FACE_OUTER_BOUND('',#1622,.T.);
#884=PLANE('',#1623);
#885=FACE_OUTER_BOUND('',#1624,.T.);
#886=PLANE('',#1625);
#887=FACE_OUTER_BOUND('',#1626,.T.);
#888=PLANE('',#1627);
#889=FACE_OUTER_BOUND('',#1628,.T.);
#890=PLANE('',#1629);
#891=FACE_OUTER_BOUND('',#1630,.T.);
#892=PLANE('',#1631);
#893=FACE_OUTER_BOUND('',#1632,.T.);
#894=CYLINDRICAL_SURFACE('',#1633,1.52);
#895=FACE_OUTER_BOUND('',#1634,.T.);
#896=PLANE('',#1635);
#897=FACE_OUTER_BOUND('',#1636,.T.);
#898=PLANE('',#1637);
#899=FACE_OUTER_BOUND('',#1638,.T.);
#900=CYLINDRICAL_SURFACE('',#1639,1.52);
#901=FACE_OUTER_BOUND('',#1640,.T.);
#902=PLANE('',#1641);
#903=FACE_OUTER_BOUND('',#1642,.T.);
#904=PLANE('',#1643);
#905=FACE_OUTER_BOUND('',#1644,.T.);
#906=PLANE('',#1645);
#907=FACE_OUTER_BOUND('',#1646,.T.);
#908=PLANE('',#1647);
#909=FACE_OUTER_BOUND('',#1648,.T.);
#910=PLANE('',#1649);
#911=FACE_OUTER_BOUND('',#1650,.T.);
#912=CYLINDRICAL_SURFACE('',#1651,1.52);
#913=FACE_OUTER_BOUND('',#1652,.T.);
#914=PLANE('',#1653);
#915=FACE_OUTER_BOUND('',#1654,.T.);
#916=PLANE('',#1655);
#917=FACE_OUTER_BOUND('',#1656,.T.);
#918=PLANE('',#1657);
#919=FACE_OUTER_BOUND('',#1658,.T.);
#920=PLANE('',#1659);
#921=FACE_OUTER_BOUND('',#1660,.T.);
#922=PLANE('',#1661);
#923=FACE_OUTER_BOUND('',#1662,.T.);
#924=PLANE('',#1663);
#925=FACE_OUTER_BOUND('',#1664,.T.);
#926=PLANE('',#1665);
#927=FACE_OUTER_BOUND('',#1666,.T.);
#928=PLANE('',#1667);
#929=FACE_OUTER_BOUND('',#1668,.T.);
#930=PLANE('',#1669);
#931=FACE_OUTER_BOUND('',#1670,.T.);
#932=PLANE('',#1671);
#933=FACE_OUTER_BOUND('',#1672,.T.);
#934=PLANE('',#1673);
#935=FACE_OUTER_BOUND('',#1674,.T.);
#936=PLANE('',#1675);
#937=FACE_OUTER_BOUND('',#1676,.T.);
#938=PLANE('',#1677);
#939=FACE_OUTER_BOUND('',#1678,.T.);
#940=PLANE('',#1679);
#941=FACE_OUTER_BOUND('',#1680,.T.);
#942=PLANE('',#1681);
#943=FACE_OUTER_BOUND('',#1682,.T.);
#944=PLANE('',#1683);
#945=FACE_OUTER_BOUND('',#1684,.T.);
#946=PLANE('',#1685);
#947=FACE_OUTER_BOUND('',#1686,.T.);
#948=PLANE('',#1687);
#949=FACE_OUTER_BOUND('',#1688,.T.);
#950=PLANE('',#1689);
#951=FACE_OUTER_BOUND('',#1690,.T.);
#952=PLANE('',#1691);
#953=FACE_OUTER_BOUND('',#1692,.T.);
#954=PLANE('',#1693);
#955=FACE_OUTER_BOUND('',#1694,.T.);
#956=PLANE('',#1695);
#957=FACE_OUTER_BOUND('',#1696,.T.);
#958=PLANE('',#1697);
#959=FACE_OUTER_BOUND('',#1698,.T.);
#960=PLANE('',#1699);
#961=FACE_OUTER_BOUND('',#1700,.T.);
#962=PLANE('',#1701);
#963=FACE_OUTER_BOUND('',#1702,.T.);
#964=PLANE('',#1703);
#965=FACE_OUTER_BOUND('',#1704,.T.);
#966=PLANE('',#1705);
#967=FACE_OUTER_BOUND('',#1706,.T.);
#968=PLANE('',#1707);
#969=FACE_OUTER_BOUND('',#1708,.T.);
#970=PLANE('',#1709);
#971=FACE_OUTER_BOUND('',#1710,.T.);
#972=PLANE('',#1711);
#973=FACE_OUTER_BOUND('',#1712,.T.);
#974=PLANE('',#1713);
#975=FACE_OUTER_BOUND('',#1714,.T.);
#976=PLANE('',#1715);
#977=FACE_OUTER_BOUND('',#1716,.T.);
#978=PLANE('',#1717);
#979=FACE_OUTER_BOUND('',#1718,.T.);
#980=CYLINDRICAL_SURFACE('',#1719,1.52);
#981=FACE_OUTER_BOUND('',#1720,.T.);
#982=PLANE('',#1721);
#983=FACE_OUTER_BOUND('',#1722,.T.);
#984=PLANE('',#1723);
#985=FACE_OUTER_BOUND('',#1724,.T.);
#986=PLANE('',#1725);
#987=FACE_OUTER_BOUND('',#1726,.T.);
#988=PLANE('',#1727);
#989=FACE_OUTER_BOUND('',#1728,.T.);
#990=PLANE('',#1729);
#991=FACE_OUTER_BOUND('',#1730,.T.);
#992=CYLINDRICAL_SURFACE('',#1731,1.52);
#993=FACE_OUTER_BOUND('',#1732,.T.);
#994=PLANE('',#1733);
#995=FACE_OUTER_BOUND('',#1734,.T.);
#996=PLANE('',#1735);
#997=FACE_OUTER_BOUND('',#1736,.T.);
#998=CYLINDRICAL_SURFACE('',#1737,1.52);
#999=FACE_OUTER_BOUND('',#1738,.T.);
#1000=PLANE('',#1739);
#1001=FACE_OUTER_BOUND('',#1740,.T.);
#1002=PLANE('',#1741);
#1003=FACE_OUTER_BOUND('',#1742,.T.);
#1004=PLANE('',#1743);
#1005=FACE_OUTER_BOUND('',#1744,.T.);
#1006=PLANE('',#1745);
#1007=FACE_OUTER_BOUND('',#1746,.T.);
#1008=PLANE('',#1747);
#1009=FACE_OUTER_BOUND('',#1748,.T.);
#1010=CYLINDRICAL_SURFACE('',#1749,1.52);
#1011=FACE_OUTER_BOUND('',#1750,.T.);
#1012=PLANE('',#1751);
#1013=FACE_OUTER_BOUND('',#1752,.T.);
#1014=PLANE('',#1753);
#1015=FACE_OUTER_BOUND('',#1754,.T.);
#1016=PLANE('',#1755);
#1017=FACE_OUTER_BOUND('',#1756,.T.);
#1018=PLANE('',#1757);
#1019=FACE_OUTER_BOUND('',#1758,.T.);
#1020=PLANE('',#1759);
#1021=FACE_OUTER_BOUND('',#1760,.T.);
#1022=PLANE('',#1761);
#1023=FACE_OUTER_BOUND('',#1762,.T.);
#1024=PLANE('',#1763);
#1025=FACE_OUTER_BOUND('',#1764,.T.);
#1026=PLANE('',#1765);
#1027=FACE_OUTER_BOUND('',#1766,.T.);
#1028=PLANE('',#1767);
#1029=FACE_OUTER_BOUND('',#1768,.T.);
#1030=PLANE('',#1769);
#1031=FACE_OUTER_BOUND('',#1770,.T.);
#1032=PLANE('',#1771);
#1033=FACE_OUTER_BOUND('',#1772,.T.);
#1034=CYLINDRICAL_SURFACE('',#1773,1.52);
#1035=FACE_OUTER_BOUND('',#1774,.T.);
#1036=PLANE('',#1775);
#1037=FACE_OUTER_BOUND('',#1776,.T.);
#1038=PLANE('',#1777);
#1039=FACE_OUTER_BOUND('',#1778,.T.);
#1040=PLANE('',#1779);
#1041=FACE_OUTER_BOUND('',#1780,.T.);
#1042=PLANE('',#1781);
#1043=FACE_OUTER_BOUND('',#1782,.T.);
#1044=PLANE('',#1783);
#1045=FACE_OUTER_BOUND('',#1784,.T.);
#1046=CYLINDRICAL_SURFACE('',#1785,1.52);
#1047=FACE_OUTER_BOUND('',#1786,.T.);
#1048=PLANE('',#1787);
#1049=FACE_OUTER_BOUND('',#1788,.T.);
#1050=PLANE('',#1789);
#1051=FACE_OUTER_BOUND('',#1790,.T.);
#1052=CYLINDRICAL_SURFACE('',#1791,1.52);
#1053=FACE_OUTER_BOUND('',#1792,.T.);
#1054=PLANE('',#1793);
#1055=FACE_OUTER_BOUND('',#1794,.T.);
#1056=PLANE('',#1795);
#1057=FACE_OUTER_BOUND('',#1796,.T.);
#1058=PLANE('',#1797);
#1059=FACE_OUTER_BOUND('',#1798,.T.);
#1060=PLANE('',#1799);
#1061=FACE_OUTER_BOUND('',#1800,.T.);
#1062=PLANE('',#1801);
#1063=FACE_OUTER_BOUND('',#1802,.T.);
#1064=CYLINDRICAL_SURFACE('',#1803,1.52);
#1065=FACE_OUTER_BOUND('',#1804,.T.);
#1066=PLANE('',#1805);
#1067=FACE_OUTER_BOUND('',#1806,.T.);
#1068=CYLINDRICAL_SURFACE('',#1807,0.43);
#1069=FACE_OUTER_BOUND('',#1808,.T.);
#1070=CONICAL_SURFACE('',#1809,0.2650005371888,0.785396750617123);
#1071=FACE_OUTER_BOUND('',#1810,.T.);
#1072=PLANE('',#1811);
#1073=FACE_OUTER_BOUND('',#1812,.T.);
#1074=PLANE('',#1813);
#1075=FACE_OUTER_BOUND('',#1814,.T.);
#1076=CONICAL_SURFACE('',#1815,0.2650005371888,0.785396750617123);
#1077=FACE_OUTER_BOUND('',#1816,.T.);
#1078=CYLINDRICAL_SURFACE('',#1817,0.43);
#1079=FACE_OUTER_BOUND('',#1818,.T.);
#1080=CYLINDRICAL_SURFACE('',#1819,1.52);
#1081=FACE_OUTER_BOUND('',#1820,.T.);
#1082=PLANE('',#1821);
#1083=FACE_OUTER_BOUND('',#1822,.T.);
#1084=PLANE('',#1823);
#1085=FACE_OUTER_BOUND('',#1824,.T.);
#1086=PLANE('',#1825);
#1087=FACE_OUTER_BOUND('',#1826,.T.);
#1088=PLANE('',#1827);
#1089=FACE_OUTER_BOUND('',#1828,.T.);
#1090=PLANE('',#1829);
#1091=FACE_OUTER_BOUND('',#1830,.T.);
#1092=CYLINDRICAL_SURFACE('',#1831,1.52);
#1093=FACE_OUTER_BOUND('',#1832,.T.);
#1094=PLANE('',#1833);
#1095=FACE_OUTER_BOUND('',#1834,.T.);
#1096=PLANE('',#1835);
#1097=FACE_OUTER_BOUND('',#1836,.T.);
#1098=PLANE('',#1837);
#1099=FACE_OUTER_BOUND('',#1838,.T.);
#1100=PLANE('',#1839);
#1101=FACE_OUTER_BOUND('',#1840,.T.);
#1102=PLANE('',#1841);
#1103=FACE_OUTER_BOUND('',#1842,.T.);
#1104=PLANE('',#1843);
#1105=FACE_OUTER_BOUND('',#1844,.T.);
#1106=PLANE('',#1845);
#1107=FACE_OUTER_BOUND('',#1846,.T.);
#1108=CYLINDRICAL_SURFACE('',#1847,1.52);
#1109=FACE_OUTER_BOUND('',#1848,.T.);
#1110=PLANE('',#1849);
#1111=FACE_OUTER_BOUND('',#1850,.T.);
#1112=PLANE('',#1851);
#1113=FACE_OUTER_BOUND('',#1852,.T.);
#1114=PLANE('',#1853);
#1115=FACE_OUTER_BOUND('',#1854,.T.);
#1116=PLANE('',#1855);
#1117=FACE_OUTER_BOUND('',#1856,.T.);
#1118=PLANE('',#1857);
#1119=FACE_OUTER_BOUND('',#1858,.T.);
#1120=CYLINDRICAL_SURFACE('',#1859,1.52);
#1121=FACE_OUTER_BOUND('',#1860,.T.);
#1122=PLANE('',#1861);
#1123=FACE_OUTER_BOUND('',#1862,.T.);
#1124=PLANE('',#1863);
#1125=FACE_OUTER_BOUND('',#1864,.T.);
#1126=PLANE('',#1865);
#1127=FACE_OUTER_BOUND('',#1866,.T.);
#1128=PLANE('',#1867);
#1129=FACE_OUTER_BOUND('',#1868,.T.);
#1130=PLANE('',#1869);
#1131=FACE_OUTER_BOUND('',#1870,.T.);
#1132=PLANE('',#1871);
#1133=FACE_OUTER_BOUND('',#1872,.T.);
#1134=PLANE('',#1873);
#1135=FACE_OUTER_BOUND('',#1874,.T.);
#1136=PLANE('',#1875);
#1137=FACE_OUTER_BOUND('',#1876,.T.);
#1138=PLANE('',#1877);
#1139=FACE_OUTER_BOUND('',#1878,.T.);
#1140=PLANE('',#1879);
#1141=FACE_OUTER_BOUND('',#1880,.T.);
#1142=PLANE('',#1881);
#1143=FACE_OUTER_BOUND('',#1882,.T.);
#1144=PLANE('',#1883);
#1145=FACE_OUTER_BOUND('',#1884,.T.);
#1146=PLANE('',#1885);
#1147=FACE_OUTER_BOUND('',#1886,.T.);
#1148=PLANE('',#1887);
#1149=FILL_AREA_STYLE('',(#1888));
#1150=EDGE_LOOP('',(#1889,#1890,#1891,#1892,#1893));
#1151=AXIS2_PLACEMENT_3D('',#1894,#1895,#1896);
#1152=EDGE_LOOP('',(#1897,#1898,#1899,#1900,#1901));
#1153=AXIS2_PLACEMENT_3D('',#1902,#1903,#1904);
#1154=EDGE_LOOP('',(#1905,#1906,#1907,#1908,#1909));
#1155=AXIS2_PLACEMENT_3D('',#1910,#1911,#1912);
#1156=EDGE_LOOP('',(#1913,#1914,#1915,#1916,#1917));
#1157=AXIS2_PLACEMENT_3D('',#1918,#1919,#1920);
#1158=EDGE_LOOP('',(#1921,#1922,#1923,#1924));
#1159=AXIS2_PLACEMENT_3D('',#1925,#1926,#1927);
#1160=EDGE_LOOP('',(#1928,#1929,#1930,#1931,#1932,#1933,#1934,#1935,#1936,#1937,#1938,#1939,#1940,#1941));
#1161=AXIS2_PLACEMENT_3D('',#1942,#1943,#1944);
#1162=EDGE_LOOP('',(#1945,#1946,#1947,#1948));
#1163=AXIS2_PLACEMENT_3D('',#1949,#1950,#1951);
#1164=EDGE_LOOP('',(#1952,#1953,#1954,#1955,#1956,#1957,#1958,#1959,#1960,#1961,#1962,#1963));
#1165=AXIS2_PLACEMENT_3D('',#1964,#1965,#1966);
#1166=EDGE_LOOP('',(#1967,#1968,#1969,#1970));
#1167=AXIS2_PLACEMENT_3D('',#1971,#1972,#1973);
#1168=EDGE_LOOP('',(#1974,#1975,#1976,#1977));
#1169=AXIS2_PLACEMENT_3D('',#1978,#1979,#1980);
#1170=EDGE_LOOP('',(#1981,#1982,#1983));
#1171=AXIS2_PLACEMENT_3D('',#1984,#1985,#1986);
#1172=EDGE_LOOP('',(#1987,#1988,#1989));
#1173=AXIS2_PLACEMENT_3D('',#1990,#1991,#1992);
#1174=EDGE_LOOP('',(#1993,#1994,#1995,#1996));
#1175=AXIS2_PLACEMENT_3D('',#1997,#1998,#1999);
#1176=EDGE_LOOP('',(#2000,#2001,#2002,#2003,#2004));
#1177=AXIS2_PLACEMENT_3D('',#2005,#2006,#2007);
#1178=EDGE_LOOP('',(#2008,#2009,#2010));
#1179=AXIS2_PLACEMENT_3D('',#2011,#2012,#2013);
#1180=EDGE_LOOP('',(#2014,#2015,#2016));
#1181=AXIS2_PLACEMENT_3D('',#2017,#2018,#2019);
#1182=EDGE_LOOP('',(#2020,#2021,#2022,#2023));
#1183=AXIS2_PLACEMENT_3D('',#2024,#2025,#2026);
#1184=EDGE_LOOP('',(#2027,#2028,#2029,#2030));
#1185=AXIS2_PLACEMENT_3D('',#2031,#2032,#2033);
#1186=EDGE_LOOP('',(#2034,#2035,#2036,#2037));
#1187=AXIS2_PLACEMENT_3D('',#2038,#2039,#2040);
#1188=EDGE_LOOP('',(#2041,#2042,#2043,#2044,#2045,#2046,#2047,#2048,#2049,#2050,#2051,#2052,#2053,#2054));
#1189=EDGE_LOOP('',(#2055,#2056,#2057,#2058,#2059,#2060,#2061));
#1190=AXIS2_PLACEMENT_3D('',#2062,#2063,#2064);
#1191=EDGE_LOOP('',(#2065,#2066,#2067,#2068));
#1192=AXIS2_PLACEMENT_3D('',#2069,#2070,#2071);
#1193=EDGE_LOOP('',(#2072,#2073,#2074,#2075,#2076,#2077,#2078,#2079,#2080,#2081,#2082,#2083));
#1194=AXIS2_PLACEMENT_3D('',#2084,#2085,#2086);
#1195=EDGE_LOOP('',(#2087,#2088,#2089,#2090));
#1196=AXIS2_PLACEMENT_3D('',#2091,#2092,#2093);
#1197=EDGE_LOOP('',(#2094,#2095,#2096,#2097));
#1198=AXIS2_PLACEMENT_3D('',#2098,#2099,#2100);
#1199=EDGE_LOOP('',(#2101,#2102,#2103,#2104));
#1200=AXIS2_PLACEMENT_3D('',#2105,#2106,#2107);
#1201=EDGE_LOOP('',(#2108,#2109,#2110,#2111));
#1202=AXIS2_PLACEMENT_3D('',#2112,#2113,#2114);
#1203=EDGE_LOOP('',(#2115,#2116,#2117,#2118));
#1204=AXIS2_PLACEMENT_3D('',#2119,#2120,#2121);
#1205=EDGE_LOOP('',(#2122,#2123,#2124,#2125,#2126,#2127,#2128,#2129));
#1206=EDGE_LOOP('',(#2130,#2131,#2132,#2133,#2134));
#1207=EDGE_LOOP('',(#2135,#2136,#2137,#2138,#2139));
#1208=EDGE_LOOP('',(#2140,#2141,#2142,#2143,#2144));
#1209=EDGE_LOOP('',(#2145,#2146,#2147,#2148,#2149));
#1210=EDGE_LOOP('',(#2150,#2151,#2152,#2153,#2154));
#1211=EDGE_LOOP('',(#2155,#2156,#2157,#2158,#2159));
#1212=EDGE_LOOP('',(#2160,#2161,#2162,#2163,#2164));
#1213=EDGE_LOOP('',(#2165,#2166,#2167,#2168));
#1214=AXIS2_PLACEMENT_3D('',#2169,#2170,#2171);
#1215=EDGE_LOOP('',(#2172,#2173,#2174,#2175,#2176,#2177,#2178,#2179,#2180,#2181,#2182,#2183,#2184,#2185,#2186,#2187,#2188,#2189,#2190,#2191,#2192,#2193,#2194,#2195,#2196,#2197));
#1216=EDGE_LOOP('',(#2198,#2199,#2200,#2201));
#1217=EDGE_LOOP('',(#2202,#2203,#2204,#2205));
#1218=AXIS2_PLACEMENT_3D('',#2206,#2207,#2208);
#1219=EDGE_LOOP('',(#2209,#2210,#2211,#2212));
#1220=AXIS2_PLACEMENT_3D('',#2213,#2214,#2215);
#1221=EDGE_LOOP('',(#2216,#2217,#2218,#2219));
#1222=AXIS2_PLACEMENT_3D('',#2220,#2221,#2222);
#1223=EDGE_LOOP('',(#2223,#2224,#2225,#2226));
#1224=AXIS2_PLACEMENT_3D('',#2227,#2228,#2229);
#1225=EDGE_LOOP('',(#2230,#2231,#2232,#2233));
#1226=AXIS2_PLACEMENT_3D('',#2234,#2235,#2236);
#1227=EDGE_LOOP('',(#2237,#2238,#2239,#2240));
#1228=AXIS2_PLACEMENT_3D('',#2241,#2242,#2243);
#1229=EDGE_LOOP('',(#2244,#2245,#2246,#2247));
#1230=AXIS2_PLACEMENT_3D('',#2248,#2249,#2250);
#1231=EDGE_LOOP('',(#2251,#2252,#2253,#2254));
#1232=AXIS2_PLACEMENT_3D('',#2255,#2256,#2257);
#1233=EDGE_LOOP('',(#2258,#2259,#2260,#2261));
#1234=AXIS2_PLACEMENT_3D('',#2262,#2263,#2264);
#1235=EDGE_LOOP('',(#2265,#2266,#2267,#2268));
#1236=AXIS2_PLACEMENT_3D('',#2269,#2270,#2271);
#1237=EDGE_LOOP('',(#2272,#2273,#2274,#2275));
#1238=AXIS2_PLACEMENT_3D('',#2276,#2277,#2278);
#1239=EDGE_LOOP('',(#2279,#2280,#2281,#2282,#2283,#2284));
#1240=AXIS2_PLACEMENT_3D('',#2285,#2286,#2287);
#1241=EDGE_LOOP('',(#2288,#2289,#2290,#2291));
#1242=AXIS2_PLACEMENT_3D('',#2292,#2293,#2294);
#1243=EDGE_LOOP('',(#2295,#2296,#2297,#2298));
#1244=AXIS2_PLACEMENT_3D('',#2299,#2300,#2301);
#1245=EDGE_LOOP('',(#2302,#2303,#2304,#2305));
#1246=AXIS2_PLACEMENT_3D('',#2306,#2307,#2308);
#1247=EDGE_LOOP('',(#2309,#2310,#2311,#2312,#2313,#2314,#2315,#2316,#2317,#2318,#2319,#2320,#2321,#2322,#2323,#2324,#2325,#2326));
#1248=AXIS2_PLACEMENT_3D('',#2327,#2328,#2329);
#1249=EDGE_LOOP('',(#2330,#2331,#2332,#2333,#2334,#2335,#2336,#2337,#2338,#2339,#2340,#2341,#2342,#2343,#2344,#2345,#2346,#2347,#2348,#2349,#2350,#2351,#2352,#2353));
#1250=AXIS2_PLACEMENT_3D('',#2354,#2355,#2356);
#1251=EDGE_LOOP('',(#2357,#2358,#2359,#2360,#2361,#2362,#2363,#2364,#2365,#2366,#2367,#2368,#2369,#2370,#2371,#2372,#2373,#2374,#2375,#2376,#2377,#2378,#2379,#2380));
#1252=AXIS2_PLACEMENT_3D('',#2381,#2382,#2383);
#1253=EDGE_LOOP('',(#2384,#2385,#2386,#2387,#2388,#2389,#2390,#2391,#2392,#2393,#2394,#2395,#2396,#2397,#2398,#2399,#2400,#2401));
#1254=AXIS2_PLACEMENT_3D('',#2402,#2403,#2404);
#1255=EDGE_LOOP('',(#2405,#2406,#2407,#2408,#2409,#2410,#2411,#2412,#2413,#2414,#2415,#2416,#2417,#2418,#2419,#2420,#2421,#2422,#2423,#2424,#2425,#2426,#2427,#2428));
#1256=AXIS2_PLACEMENT_3D('',#2429,#2430,#2431);
#1257=EDGE_LOOP('',(#2432,#2433,#2434,#2435));
#1258=AXIS2_PLACEMENT_3D('',#2436,#2437,#2438);
#1259=EDGE_LOOP('',(#2439,#2440,#2441,#2442));
#1260=AXIS2_PLACEMENT_3D('',#2443,#2444,#2445);
#1261=EDGE_LOOP('',(#2446,#2447,#2448,#2449,#2450,#2451));
#1262=AXIS2_PLACEMENT_3D('',#2452,#2453,#2454);
#1263=EDGE_LOOP('',(#2455,#2456,#2457,#2458));
#1264=AXIS2_PLACEMENT_3D('',#2459,#2460,#2461);
#1265=EDGE_LOOP('',(#2462,#2463,#2464,#2465));
#1266=AXIS2_PLACEMENT_3D('',#2466,#2467,#2468);
#1267=EDGE_LOOP('',(#2469,#2470,#2471,#2472));
#1268=AXIS2_PLACEMENT_3D('',#2473,#2474,#2475);
#1269=EDGE_LOOP('',(#2476,#2477,#2478,#2479));
#1270=AXIS2_PLACEMENT_3D('',#2480,#2481,#2482);
#1271=EDGE_LOOP('',(#2483,#2484,#2485,#2486));
#1272=AXIS2_PLACEMENT_3D('',#2487,#2488,#2489);
#1273=EDGE_LOOP('',(#2490,#2491,#2492,#2493));
#1274=AXIS2_PLACEMENT_3D('',#2494,#2495,#2496);
#1275=EDGE_LOOP('',(#2497,#2498,#2499,#2500));
#1276=AXIS2_PLACEMENT_3D('',#2501,#2502,#2503);
#1277=EDGE_LOOP('',(#2504,#2505,#2506,#2507,#2508,#2509));
#1278=AXIS2_PLACEMENT_3D('',#2510,#2511,#2512);
#1279=EDGE_LOOP('',(#2513,#2514,#2515,#2516));
#1280=AXIS2_PLACEMENT_3D('',#2517,#2518,#2519);
#1281=EDGE_LOOP('',(#2520,#2521,#2522,#2523,#2524,#2525,#2526,#2527,#2528,#2529,#2530,#2531,#2532,#2533,#2534,#2535,#2536,#2537,#2538,#2539));
#1282=AXIS2_PLACEMENT_3D('',#2540,#2541,#2542);
#1283=EDGE_LOOP('',(#2543,#2544,#2545,#2546));
#1284=AXIS2_PLACEMENT_3D('',#2547,#2548,#2549);
#1285=EDGE_LOOP('',(#2550,#2551,#2552,#2553));
#1286=AXIS2_PLACEMENT_3D('',#2554,#2555,#2556);
#1287=EDGE_LOOP('',(#2557,#2558,#2559,#2560));
#1288=AXIS2_PLACEMENT_3D('',#2561,#2562,#2563);
#1289=EDGE_LOOP('',(#2564,#2565,#2566,#2567));
#1290=AXIS2_PLACEMENT_3D('',#2568,#2569,#2570);
#1291=EDGE_LOOP('',(#2571,#2572,#2573,#2574,#2575,#2576,#2577,#2578));
#1292=AXIS2_PLACEMENT_3D('',#2579,#2580,#2581);
#1293=EDGE_LOOP('',(#2582,#2583,#2584,#2585));
#1294=AXIS2_PLACEMENT_3D('',#2586,#2587,#2588);
#1295=EDGE_LOOP('',(#2589,#2590,#2591,#2592));
#1296=AXIS2_PLACEMENT_3D('',#2593,#2594,#2595);
#1297=EDGE_LOOP('',(#2596,#2597,#2598,#2599,#2600,#2601,#2602,#2603,#2604,#2605,#2606,#2607));
#1298=AXIS2_PLACEMENT_3D('',#2608,#2609,#2610);
#1299=EDGE_LOOP('',(#2611,#2612,#2613,#2614));
#1300=AXIS2_PLACEMENT_3D('',#2615,#2616,#2617);
#1301=EDGE_LOOP('',(#2618,#2619,#2620,#2621));
#1302=AXIS2_PLACEMENT_3D('',#2622,#2623,#2624);
#1303=EDGE_LOOP('',(#2625,#2626,#2627,#2628,#2629,#2630,#2631,#2632,#2633,#2634));
#1304=AXIS2_PLACEMENT_3D('',#2635,#2636,#2637);
#1305=EDGE_LOOP('',(#2638,#2639,#2640,#2641,#2642,#2643,#2644,#2645));
#1306=AXIS2_PLACEMENT_3D('',#2646,#2647,#2648);
#1307=EDGE_LOOP('',(#2649,#2650,#2651,#2652,#2653,#2654));
#1308=AXIS2_PLACEMENT_3D('',#2655,#2656,#2657);
#1309=EDGE_LOOP('',(#2658,#2659,#2660,#2661));
#1310=AXIS2_PLACEMENT_3D('',#2662,#2663,#2664);
#1311=EDGE_LOOP('',(#2665,#2666,#2667,#2668));
#1312=AXIS2_PLACEMENT_3D('',#2669,#2670,#2671);
#1313=EDGE_LOOP('',(#2672,#2673,#2674,#2675));
#1314=AXIS2_PLACEMENT_3D('',#2676,#2677,#2678);
#1315=EDGE_LOOP('',(#2679,#2680,#2681,#2682));
#1316=AXIS2_PLACEMENT_3D('',#2683,#2684,#2685);
#1317=EDGE_LOOP('',(#2686,#2687,#2688,#2689,#2690,#2691,#2692,#2693));
#1318=AXIS2_PLACEMENT_3D('',#2694,#2695,#2696);
#1319=EDGE_LOOP('',(#2697,#2698,#2699,#2700,#2701));
#1320=EDGE_LOOP('',(#2702,#2703,#2704,#2705));
#1321=AXIS2_PLACEMENT_3D('',#2706,#2707,#2708);
#1322=EDGE_LOOP('',(#2709,#2710,#2711,#2712,#2713));
#1323=EDGE_LOOP('',(#2714,#2715,#2716,#2717));
#1324=AXIS2_PLACEMENT_3D('',#2718,#2719,#2720);
#1325=EDGE_LOOP('',(#2721,#2722,#2723,#2724,#2725));
#1326=EDGE_LOOP('',(#2726,#2727,#2728,#2729));
#1327=AXIS2_PLACEMENT_3D('',#2730,#2731,#2732);
#1328=EDGE_LOOP('',(#2733,#2734,#2735,#2736,#2737));
#1329=EDGE_LOOP('',(#2738,#2739,#2740,#2741));
#1330=AXIS2_PLACEMENT_3D('',#2742,#2743,#2744);
#1331=EDGE_LOOP('',(#2745,#2746,#2747,#2748,#2749));
#1332=EDGE_LOOP('',(#2750,#2751,#2752,#2753));
#1333=AXIS2_PLACEMENT_3D('',#2754,#2755,#2756);
#1334=EDGE_LOOP('',(#2757,#2758,#2759,#2760,#2761));
#1335=EDGE_LOOP('',(#2762,#2763,#2764,#2765));
#1336=AXIS2_PLACEMENT_3D('',#2766,#2767,#2768);
#1337=EDGE_LOOP('',(#2769,#2770,#2771,#2772,#2773));
#1338=EDGE_LOOP('',(#2774,#2775,#2776,#2777));
#1339=AXIS2_PLACEMENT_3D('',#2778,#2779,#2780);
#1340=EDGE_LOOP('',(#2781,#2782,#2783,#2784));
#1341=EDGE_LOOP('',(#2785,#2786,#2787,#2788));
#1342=AXIS2_PLACEMENT_3D('',#2789,#2790,#2791);
#1343=EDGE_LOOP('',(#2792,#2793,#2794,#2795));
#1344=AXIS2_PLACEMENT_3D('',#2796,#2797,#2798);
#1345=EDGE_LOOP('',(#2799,#2800,#2801,#2802));
#1346=AXIS2_PLACEMENT_3D('',#2803,#2804,#2805);
#1347=EDGE_LOOP('',(#2806,#2807,#2808,#2809));
#1348=AXIS2_PLACEMENT_3D('',#2810,#2811,#2812);
#1349=EDGE_LOOP('',(#2813,#2814,#2815,#2816));
#1350=AXIS2_PLACEMENT_3D('',#2817,#2818,#2819);
#1351=EDGE_LOOP('',(#2820,#2821,#2822,#2823));
#1352=AXIS2_PLACEMENT_3D('',#2824,#2825,#2826);
#1353=EDGE_LOOP('',(#2827,#2828,#2829,#2830));
#1354=AXIS2_PLACEMENT_3D('',#2831,#2832,#2833);
#1355=EDGE_LOOP('',(#2834,#2835,#2836,#2837));
#1356=AXIS2_PLACEMENT_3D('',#2838,#2839,#2840);
#1357=EDGE_LOOP('',(#2841,#2842,#2843,#2844));
#1358=AXIS2_PLACEMENT_3D('',#2845,#2846,#2847);
#1359=EDGE_LOOP('',(#2848,#2849,#2850,#2851));
#1360=AXIS2_PLACEMENT_3D('',#2852,#2853,#2854);
#1361=EDGE_LOOP('',(#2855,#2856,#2857,#2858));
#1362=AXIS2_PLACEMENT_3D('',#2859,#2860,#2861);
#1363=EDGE_LOOP('',(#2862,#2863,#2864,#2865));
#1364=AXIS2_PLACEMENT_3D('',#2866,#2867,#2868);
#1365=EDGE_LOOP('',(#2869,#2870,#2871,#2872));
#1366=AXIS2_PLACEMENT_3D('',#2873,#2874,#2875);
#1367=EDGE_LOOP('',(#2876,#2877,#2878,#2879));
#1368=AXIS2_PLACEMENT_3D('',#2880,#2881,#2882);
#1369=EDGE_LOOP('',(#2883,#2884,#2885,#2886));
#1370=AXIS2_PLACEMENT_3D('',#2887,#2888,#2889);
#1371=EDGE_LOOP('',(#2890,#2891,#2892,#2893));
#1372=AXIS2_PLACEMENT_3D('',#2894,#2895,#2896);
#1373=EDGE_LOOP('',(#2897,#2898,#2899,#2900));
#1374=AXIS2_PLACEMENT_3D('',#2901,#2902,#2903);
#1375=EDGE_LOOP('',(#2904,#2905,#2906,#2907));
#1376=AXIS2_PLACEMENT_3D('',#2908,#2909,#2910);
#1377=EDGE_LOOP('',(#2911,#2912,#2913,#2914));
#1378=AXIS2_PLACEMENT_3D('',#2915,#2916,#2917);
#1379=EDGE_LOOP('',(#2918,#2919,#2920,#2921));
#1380=AXIS2_PLACEMENT_3D('',#2922,#2923,#2924);
#1381=EDGE_LOOP('',(#2925,#2926,#2927,#2928));
#1382=AXIS2_PLACEMENT_3D('',#2929,#2930,#2931);
#1383=EDGE_LOOP('',(#2932,#2933,#2934,#2935));
#1384=AXIS2_PLACEMENT_3D('',#2936,#2937,#2938);
#1385=EDGE_LOOP('',(#2939,#2940,#2941,#2942));
#1386=AXIS2_PLACEMENT_3D('',#2943,#2944,#2945);
#1387=EDGE_LOOP('',(#2946,#2947,#2948,#2949));
#1388=AXIS2_PLACEMENT_3D('',#2950,#2951,#2952);
#1389=EDGE_LOOP('',(#2953,#2954,#2955,#2956));
#1390=AXIS2_PLACEMENT_3D('',#2957,#2958,#2959);
#1391=EDGE_LOOP('',(#2960,#2961,#2962,#2963));
#1392=AXIS2_PLACEMENT_3D('',#2964,#2965,#2966);
#1393=EDGE_LOOP('',(#2967,#2968,#2969,#2970));
#1394=AXIS2_PLACEMENT_3D('',#2971,#2972,#2973);
#1395=EDGE_LOOP('',(#2974,#2975,#2976,#2977));
#1396=AXIS2_PLACEMENT_3D('',#2978,#2979,#2980);
#1397=EDGE_LOOP('',(#2981,#2982,#2983,#2984));
#1398=AXIS2_PLACEMENT_3D('',#2985,#2986,#2987);
#1399=EDGE_LOOP('',(#2988,#2989,#2990,#2991));
#1400=AXIS2_PLACEMENT_3D('',#2992,#2993,#2994);
#1401=EDGE_LOOP('',(#2995,#2996,#2997,#2998));
#1402=AXIS2_PLACEMENT_3D('',#2999,#3000,#3001);
#1403=EDGE_LOOP('',(#3002,#3003,#3004,#3005));
#1404=AXIS2_PLACEMENT_3D('',#3006,#3007,#3008);
#1405=EDGE_LOOP('',(#3009,#3010,#3011,#3012));
#1406=AXIS2_PLACEMENT_3D('',#3013,#3014,#3015);
#1407=EDGE_LOOP('',(#3016,#3017,#3018,#3019));
#1408=AXIS2_PLACEMENT_3D('',#3020,#3021,#3022);
#1409=EDGE_LOOP('',(#3023,#3024,#3025,#3026));
#1410=AXIS2_PLACEMENT_3D('',#3027,#3028,#3029);
#1411=EDGE_LOOP('',(#3030,#3031,#3032,#3033));
#1412=AXIS2_PLACEMENT_3D('',#3034,#3035,#3036);
#1413=EDGE_LOOP('',(#3037,#3038,#3039,#3040));
#1414=AXIS2_PLACEMENT_3D('',#3041,#3042,#3043);
#1415=EDGE_LOOP('',(#3044,#3045,#3046,#3047));
#1416=AXIS2_PLACEMENT_3D('',#3048,#3049,#3050);
#1417=EDGE_LOOP('',(#3051,#3052,#3053,#3054));
#1418=AXIS2_PLACEMENT_3D('',#3055,#3056,#3057);
#1419=EDGE_LOOP('',(#3058,#3059,#3060,#3061));
#1420=AXIS2_PLACEMENT_3D('',#3062,#3063,#3064);
#1421=EDGE_LOOP('',(#3065,#3066,#3067,#3068));
#1422=AXIS2_PLACEMENT_3D('',#3069,#3070,#3071);
#1423=EDGE_LOOP('',(#3072,#3073,#3074,#3075));
#1424=AXIS2_PLACEMENT_3D('',#3076,#3077,#3078);
#1425=EDGE_LOOP('',(#3079,#3080,#3081,#3082,#3083,#3084,#3085,#3086,#3087,#3088,#3089,#3090));
#1426=AXIS2_PLACEMENT_3D('',#3091,#3092,#3093);
#1427=EDGE_LOOP('',(#3094,#3095,#3096,#3097));
#1428=AXIS2_PLACEMENT_3D('',#3098,#3099,#3100);
#1429=EDGE_LOOP('',(#3101,#3102,#3103,#3104,#3105,#3106,#3107,#3108,#3109,#3110));
#1430=AXIS2_PLACEMENT_3D('',#3111,#3112,#3113);
#1431=EDGE_LOOP('',(#3114,#3115,#3116,#3117,#3118,#3119,#3120,#3121));
#1432=AXIS2_PLACEMENT_3D('',#3122,#3123,#3124);
#1433=EDGE_LOOP('',(#3125,#3126,#3127,#3128,#3129,#3130,#3131,#3132,#3133,#3134,#3135,#3136));
#1434=AXIS2_PLACEMENT_3D('',#3137,#3138,#3139);
#1435=EDGE_LOOP('',(#3140,#3141,#3142,#3143));
#1436=AXIS2_PLACEMENT_3D('',#3144,#3145,#3146);
#1437=EDGE_LOOP('',(#3147,#3148,#3149,#3150));
#1438=AXIS2_PLACEMENT_3D('',#3151,#3152,#3153);
#1439=EDGE_LOOP('',(#3154,#3155,#3156,#3157));
#1440=AXIS2_PLACEMENT_3D('',#3158,#3159,#3160);
#1441=EDGE_LOOP('',(#3161,#3162,#3163,#3164,#3165,#3166,#3167,#3168,#3169,#3170));
#1442=AXIS2_PLACEMENT_3D('',#3171,#3172,#3173);
#1443=EDGE_LOOP('',(#3174,#3175,#3176,#3177));
#1444=AXIS2_PLACEMENT_3D('',#3178,#3179,#3180);
#1445=EDGE_LOOP('',(#3181,#3182,#3183,#3184,#3185,#3186,#3187,#3188));
#1446=AXIS2_PLACEMENT_3D('',#3189,#3190,#3191);
#1447=EDGE_LOOP('',(#3192,#3193,#3194,#3195));
#1448=AXIS2_PLACEMENT_3D('',#3196,#3197,#3198);
#1449=EDGE_LOOP('',(#3199,#3200,#3201,#3202,#3203,#3204,#3205,#3206));
#1450=AXIS2_PLACEMENT_3D('',#3207,#3208,#3209);
#1451=EDGE_LOOP('',(#3210,#3211,#3212,#3213));
#1452=AXIS2_PLACEMENT_3D('',#3214,#3215,#3216);
#1453=EDGE_LOOP('',(#3217,#3218,#3219,#3220,#3221,#3222,#3223,#3224));
#1454=EDGE_LOOP('',(#3225,#3226));
#1455=AXIS2_PLACEMENT_3D('',#3227,#3228,#3229);
#1456=EDGE_LOOP('',(#3230,#3231,#3232,#3233,#3234,#3235,#3236,#3237));
#1457=AXIS2_PLACEMENT_3D('',#3238,#3239,#3240);
#1458=EDGE_LOOP('',(#3241,#3242,#3243,#3244,#3245,#3246,#3247,#3248));
#1459=AXIS2_PLACEMENT_3D('',#3249,#3250,#3251);
#1460=EDGE_LOOP('',(#3252,#3253,#3254,#3255,#3256,#3257,#3258,#3259));
#1461=EDGE_LOOP('',(#3260,#3261));
#1462=AXIS2_PLACEMENT_3D('',#3262,#3263,#3264);
#1463=EDGE_LOOP('',(#3265,#3266,#3267,#3268,#3269,#3270,#3271,#3272));
#1464=AXIS2_PLACEMENT_3D('',#3273,#3274,#3275);
#1465=EDGE_LOOP('',(#3276,#3277,#3278,#3279));
#1466=AXIS2_PLACEMENT_3D('',#3280,#3281,#3282);
#1467=EDGE_LOOP('',(#3283,#3284,#3285,#3286));
#1468=AXIS2_PLACEMENT_3D('',#3287,#3288,#3289);
#1469=EDGE_LOOP('',(#3290,#3291,#3292,#3293));
#1470=AXIS2_PLACEMENT_3D('',#3294,#3295,#3296);
#1471=EDGE_LOOP('',(#3297,#3298,#3299,#3300));
#1472=AXIS2_PLACEMENT_3D('',#3301,#3302,#3303);
#1473=EDGE_LOOP('',(#3304,#3305,#3306,#3307));
#1474=AXIS2_PLACEMENT_3D('',#3308,#3309,#3310);
#1475=EDGE_LOOP('',(#3311,#3312,#3313,#3314,#3315,#3316,#3317,#3318,#3319,#3320,#3321,#3322));
#1476=AXIS2_PLACEMENT_3D('',#3323,#3324,#3325);
#1477=EDGE_LOOP('',(#3326,#3327,#3328,#3329));
#1478=AXIS2_PLACEMENT_3D('',#3330,#3331,#3332);
#1479=EDGE_LOOP('',(#3333,#3334,#3335,#3336));
#1480=AXIS2_PLACEMENT_3D('',#3337,#3338,#3339);
#1481=EDGE_LOOP('',(#3340,#3341,#3342,#3343));
#1482=AXIS2_PLACEMENT_3D('',#3344,#3345,#3346);
#1483=EDGE_LOOP('',(#3347,#3348,#3349,#3350));
#1484=AXIS2_PLACEMENT_3D('',#3351,#3352,#3353);
#1485=EDGE_LOOP('',(#3354,#3355,#3356,#3357));
#1486=AXIS2_PLACEMENT_3D('',#3358,#3359,#3360);
#1487=EDGE_LOOP('',(#3361,#3362,#3363,#3364));
#1488=AXIS2_PLACEMENT_3D('',#3365,#3366,#3367);
#1489=EDGE_LOOP('',(#3368,#3369,#3370,#3371));
#1490=AXIS2_PLACEMENT_3D('',#3372,#3373,#3374);
#1491=EDGE_LOOP('',(#3375,#3376,#3377,#3378));
#1492=AXIS2_PLACEMENT_3D('',#3379,#3380,#3381);
#1493=EDGE_LOOP('',(#3382,#3383,#3384,#3385));
#1494=AXIS2_PLACEMENT_3D('',#3386,#3387,#3388);
#1495=EDGE_LOOP('',(#3389,#3390,#3391,#3392,#3393,#3394));
#1496=AXIS2_PLACEMENT_3D('',#3395,#3396,#3397);
#1497=EDGE_LOOP('',(#3398,#3399,#3400,#3401));
#1498=AXIS2_PLACEMENT_3D('',#3402,#3403,#3404);
#1499=EDGE_LOOP('',(#3405,#3406,#3407,#3408));
#1500=AXIS2_PLACEMENT_3D('',#3409,#3410,#3411);
#1501=EDGE_LOOP('',(#3412,#3413,#3414,#3415,#3416,#3417));
#1502=AXIS2_PLACEMENT_3D('',#3418,#3419,#3420);
#1503=EDGE_LOOP('',(#3421,#3422,#3423,#3424));
#1504=AXIS2_PLACEMENT_3D('',#3425,#3426,#3427);
#1505=EDGE_LOOP('',(#3428,#3429,#3430,#3431));
#1506=AXIS2_PLACEMENT_3D('',#3432,#3433,#3434);
#1507=EDGE_LOOP('',(#3435,#3436,#3437,#3438,#3439,#3440,#3441));
#1508=AXIS2_PLACEMENT_3D('',#3442,#3443,#3444);
#1509=EDGE_LOOP('',(#3445,#3446,#3447,#3448,#3449,#3450,#3451));
#1510=AXIS2_PLACEMENT_3D('',#3452,#3453,#3454);
#1511=EDGE_LOOP('',(#3455,#3456,#3457,#3458));
#1512=AXIS2_PLACEMENT_3D('',#3459,#3460,#3461);
#1513=EDGE_LOOP('',(#3462,#3463,#3464,#3465,#3466,#3467,#3468,#3469,#3470,#3471,#3472,#3473,#3474,#3475));
#1514=EDGE_LOOP('',(#3476,#3477,#3478,#3479));
#1515=AXIS2_PLACEMENT_3D('',#3480,#3481,#3482);
#1516=EDGE_LOOP('',(#3483,#3484,#3485,#3486,#3487,#3488));
#1517=AXIS2_PLACEMENT_3D('',#3489,#3490,#3491);
#1518=EDGE_LOOP('',(#3492,#3493,#3494,#3495));
#1519=AXIS2_PLACEMENT_3D('',#3496,#3497,#3498);
#1520=EDGE_LOOP('',(#3499,#3500,#3501,#3502,#3503,#3504));
#1521=AXIS2_PLACEMENT_3D('',#3505,#3506,#3507);
#1522=EDGE_LOOP('',(#3508,#3509,#3510,#3511));
#1523=AXIS2_PLACEMENT_3D('',#3512,#3513,#3514);
#1524=EDGE_LOOP('',(#3515,#3516,#3517,#3518));
#1525=AXIS2_PLACEMENT_3D('',#3519,#3520,#3521);
#1526=EDGE_LOOP('',(#3522,#3523,#3524,#3525));
#1527=AXIS2_PLACEMENT_3D('',#3526,#3527,#3528);
#1528=EDGE_LOOP('',(#3529,#3530,#3531,#3532));
#1529=AXIS2_PLACEMENT_3D('',#3533,#3534,#3535);
#1530=EDGE_LOOP('',(#3536,#3537,#3538,#3539));
#1531=AXIS2_PLACEMENT_3D('',#3540,#3541,#3542);
#1532=EDGE_LOOP('',(#3543,#3544,#3545,#3546));
#1533=AXIS2_PLACEMENT_3D('',#3547,#3548,#3549);
#1534=EDGE_LOOP('',(#3550,#3551,#3552,#3553));
#1535=AXIS2_PLACEMENT_3D('',#3554,#3555,#3556);
#1536=EDGE_LOOP('',(#3557,#3558,#3559,#3560,#3561));
#1537=AXIS2_PLACEMENT_3D('',#3562,#3563,#3564);
#1538=EDGE_LOOP('',(#3565,#3566,#3567,#3568));
#1539=AXIS2_PLACEMENT_3D('',#3569,#3570,#3571);
#1540=EDGE_LOOP('',(#3572,#3573,#3574,#3575,#3576,#3577,#3578,#3579,#3580,#3581,#3582,#3583));
#1541=AXIS2_PLACEMENT_3D('',#3584,#3585,#3586);
#1542=EDGE_LOOP('',(#3587,#3588,#3589,#3590));
#1543=AXIS2_PLACEMENT_3D('',#3591,#3592,#3593);
#1544=EDGE_LOOP('',(#3594,#3595,#3596,#3597));
#1545=AXIS2_PLACEMENT_3D('',#3598,#3599,#3600);
#1546=EDGE_LOOP('',(#3601,#3602,#3603,#3604));
#1547=AXIS2_PLACEMENT_3D('',#3605,#3606,#3607);
#1548=EDGE_LOOP('',(#3608,#3609,#3610,#3611));
#1549=AXIS2_PLACEMENT_3D('',#3612,#3613,#3614);
#1550=EDGE_LOOP('',(#3615,#3616,#3617,#3618));
#1551=AXIS2_PLACEMENT_3D('',#3619,#3620,#3621);
#1552=EDGE_LOOP('',(#3622,#3623,#3624,#3625));
#1553=AXIS2_PLACEMENT_3D('',#3626,#3627,#3628);
#1554=EDGE_LOOP('',(#3629,#3630,#3631,#3632));
#1555=AXIS2_PLACEMENT_3D('',#3633,#3634,#3635);
#1556=EDGE_LOOP('',(#3636,#3637,#3638,#3639,#3640,#3641));
#1557=AXIS2_PLACEMENT_3D('',#3642,#3643,#3644);
#1558=EDGE_LOOP('',(#3645,#3646,#3647,#3648));
#1559=AXIS2_PLACEMENT_3D('',#3649,#3650,#3651);
#1560=EDGE_LOOP('',(#3652,#3653,#3654,#3655));
#1561=AXIS2_PLACEMENT_3D('',#3656,#3657,#3658);
#1562=EDGE_LOOP('',(#3659,#3660,#3661,#3662));
#1563=AXIS2_PLACEMENT_3D('',#3663,#3664,#3665);
#1564=EDGE_LOOP('',(#3666,#3667,#3668,#3669));
#1565=AXIS2_PLACEMENT_3D('',#3670,#3671,#3672);
#1566=EDGE_LOOP('',(#3673,#3674,#3675,#3676,#3677,#3678,#3679,#3680));
#1567=AXIS2_PLACEMENT_3D('',#3681,#3682,#3683);
#1568=EDGE_LOOP('',(#3684,#3685,#3686,#3687));
#1569=AXIS2_PLACEMENT_3D('',#3688,#3689,#3690);
#1570=EDGE_LOOP('',(#3691,#3692,#3693,#3694,#3695,#3696,#3697,#3698,#3699,#3700,#3701,#3702));
#1571=AXIS2_PLACEMENT_3D('',#3703,#3704,#3705);
#1572=EDGE_LOOP('',(#3706,#3707,#3708,#3709));
#1573=AXIS2_PLACEMENT_3D('',#3710,#3711,#3712);
#1574=EDGE_LOOP('',(#3713,#3714,#3715,#3716));
#1575=AXIS2_PLACEMENT_3D('',#3717,#3718,#3719);
#1576=EDGE_LOOP('',(#3720,#3721,#3722,#3723,#3724,#3725,#3726,#3727,#3728,#3729));
#1577=AXIS2_PLACEMENT_3D('',#3730,#3731,#3732);
#1578=EDGE_LOOP('',(#3733,#3734,#3735,#3736,#3737,#3738,#3739,#3740));
#1579=AXIS2_PLACEMENT_3D('',#3741,#3742,#3743);
#1580=EDGE_LOOP('',(#3744,#3745,#3746,#3747));
#1581=AXIS2_PLACEMENT_3D('',#3748,#3749,#3750);
#1582=EDGE_LOOP('',(#3751,#3752,#3753,#3754));
#1583=AXIS2_PLACEMENT_3D('',#3755,#3756,#3757);
#1584=EDGE_LOOP('',(#3758,#3759,#3760,#3761));
#1585=AXIS2_PLACEMENT_3D('',#3762,#3763,#3764);
#1586=EDGE_LOOP('',(#3765,#3766,#3767,#3768));
#1587=AXIS2_PLACEMENT_3D('',#3769,#3770,#3771);
#1588=EDGE_LOOP('',(#3772,#3773,#3774,#3775,#3776,#3777));
#1589=AXIS2_PLACEMENT_3D('',#3778,#3779,#3780);
#1590=EDGE_LOOP('',(#3781,#3782,#3783,#3784));
#1591=AXIS2_PLACEMENT_3D('',#3785,#3786,#3787);
#1592=EDGE_LOOP('',(#3788,#3789,#3790,#3791));
#1593=AXIS2_PLACEMENT_3D('',#3792,#3793,#3794);
#1594=EDGE_LOOP('',(#3795,#3796,#3797,#3798));
#1595=AXIS2_PLACEMENT_3D('',#3799,#3800,#3801);
#1596=EDGE_LOOP('',(#3802,#3803,#3804,#3805,#3806,#3807,#3808,#3809));
#1597=AXIS2_PLACEMENT_3D('',#3810,#3811,#3812);
#1598=EDGE_LOOP('',(#3813,#3814,#3815,#3816));
#1599=AXIS2_PLACEMENT_3D('',#3817,#3818,#3819);
#1600=EDGE_LOOP('',(#3820,#3821,#3822,#3823));
#1601=AXIS2_PLACEMENT_3D('',#3824,#3825,#3826);
#1602=EDGE_LOOP('',(#3827,#3828,#3829,#3830,#3831,#3832,#3833,#3834,#3835,#3836,#3837,#3838));
#1603=AXIS2_PLACEMENT_3D('',#3839,#3840,#3841);
#1604=EDGE_LOOP('',(#3842,#3843,#3844,#3845));
#1605=AXIS2_PLACEMENT_3D('',#3846,#3847,#3848);
#1606=EDGE_LOOP('',(#3849,#3850,#3851,#3852));
#1607=AXIS2_PLACEMENT_3D('',#3853,#3854,#3855);
#1608=EDGE_LOOP('',(#3856,#3857,#3858,#3859,#3860,#3861,#3862,#3863,#3864,#3865));
#1609=AXIS2_PLACEMENT_3D('',#3866,#3867,#3868);
#1610=EDGE_LOOP('',(#3869,#3870,#3871,#3872,#3873,#3874,#3875,#3876));
#1611=AXIS2_PLACEMENT_3D('',#3877,#3878,#3879);
#1612=EDGE_LOOP('',(#3880,#3881,#3882,#3883));
#1613=AXIS2_PLACEMENT_3D('',#3884,#3885,#3886);
#1614=EDGE_LOOP('',(#3887,#3888,#3889,#3890));
#1615=AXIS2_PLACEMENT_3D('',#3891,#3892,#3893);
#1616=EDGE_LOOP('',(#3894,#3895,#3896,#3897,#3898,#3899,#3900,#3901));
#1617=AXIS2_PLACEMENT_3D('',#3902,#3903,#3904);
#1618=EDGE_LOOP('',(#3905,#3906,#3907,#3908));
#1619=AXIS2_PLACEMENT_3D('',#3909,#3910,#3911);
#1620=EDGE_LOOP('',(#3912,#3913,#3914,#3915));
#1621=AXIS2_PLACEMENT_3D('',#3916,#3917,#3918);
#1622=EDGE_LOOP('',(#3919,#3920,#3921,#3922));
#1623=AXIS2_PLACEMENT_3D('',#3923,#3924,#3925);
#1624=EDGE_LOOP('',(#3926,#3927,#3928,#3929));
#1625=AXIS2_PLACEMENT_3D('',#3930,#3931,#3932);
#1626=EDGE_LOOP('',(#3933,#3934,#3935,#3936));
#1627=AXIS2_PLACEMENT_3D('',#3937,#3938,#3939);
#1628=EDGE_LOOP('',(#3940,#3941,#3942,#3943));
#1629=AXIS2_PLACEMENT_3D('',#3944,#3945,#3946);
#1630=EDGE_LOOP('',(#3947,#3948,#3949,#3950));
#1631=AXIS2_PLACEMENT_3D('',#3951,#3952,#3953);
#1632=EDGE_LOOP('',(#3954,#3955,#3956,#3957));
#1633=AXIS2_PLACEMENT_3D('',#3958,#3959,#3960);
#1634=EDGE_LOOP('',(#3961,#3962,#3963,#3964,#3965,#3966,#3967,#3968));
#1635=AXIS2_PLACEMENT_3D('',#3969,#3970,#3971);
#1636=EDGE_LOOP('',(#3972,#3973,#3974,#3975));
#1637=AXIS2_PLACEMENT_3D('',#3976,#3977,#3978);
#1638=EDGE_LOOP('',(#3979,#3980,#3981,#3982));
#1639=AXIS2_PLACEMENT_3D('',#3983,#3984,#3985);
#1640=EDGE_LOOP('',(#3986,#3987,#3988,#3989));
#1641=AXIS2_PLACEMENT_3D('',#3990,#3991,#3992);
#1642=EDGE_LOOP('',(#3993,#3994,#3995,#3996));
#1643=AXIS2_PLACEMENT_3D('',#3997,#3998,#3999);
#1644=EDGE_LOOP('',(#4000,#4001,#4002,#4003));
#1645=AXIS2_PLACEMENT_3D('',#4004,#4005,#4006);
#1646=EDGE_LOOP('',(#4007,#4008,#4009,#4010));
#1647=AXIS2_PLACEMENT_3D('',#4011,#4012,#4013);
#1648=EDGE_LOOP('',(#4014,#4015,#4016,#4017));
#1649=AXIS2_PLACEMENT_3D('',#4018,#4019,#4020);
#1650=EDGE_LOOP('',(#4021,#4022,#4023,#4024));
#1651=AXIS2_PLACEMENT_3D('',#4025,#4026,#4027);
#1652=EDGE_LOOP('',(#4028,#4029,#4030,#4031));
#1653=AXIS2_PLACEMENT_3D('',#4032,#4033,#4034);
#1654=EDGE_LOOP('',(#4035,#4036,#4037,#4038,#4039,#4040));
#1655=AXIS2_PLACEMENT_3D('',#4041,#4042,#4043);
#1656=EDGE_LOOP('',(#4044,#4045,#4046,#4047));
#1657=AXIS2_PLACEMENT_3D('',#4048,#4049,#4050);
#1658=EDGE_LOOP('',(#4051,#4052,#4053,#4054));
#1659=AXIS2_PLACEMENT_3D('',#4055,#4056,#4057);
#1660=EDGE_LOOP('',(#4058,#4059,#4060,#4061));
#1661=AXIS2_PLACEMENT_3D('',#4062,#4063,#4064);
#1662=EDGE_LOOP('',(#4065,#4066,#4067,#4068));
#1663=AXIS2_PLACEMENT_3D('',#4069,#4070,#4071);
#1664=EDGE_LOOP('',(#4072,#4073,#4074,#4075,#4076,#4077,#4078,#4079));
#1665=AXIS2_PLACEMENT_3D('',#4080,#4081,#4082);
#1666=EDGE_LOOP('',(#4083,#4084,#4085,#4086));
#1667=AXIS2_PLACEMENT_3D('',#4087,#4088,#4089);
#1668=EDGE_LOOP('',(#4090,#4091,#4092,#4093));
#1669=AXIS2_PLACEMENT_3D('',#4094,#4095,#4096);
#1670=EDGE_LOOP('',(#4097,#4098,#4099,#4100,#4101,#4102,#4103,#4104,#4105,#4106,#4107,#4108));
#1671=AXIS2_PLACEMENT_3D('',#4109,#4110,#4111);
#1672=EDGE_LOOP('',(#4112,#4113,#4114,#4115));
#1673=AXIS2_PLACEMENT_3D('',#4116,#4117,#4118);
#1674=EDGE_LOOP('',(#4119,#4120,#4121,#4122,#4123,#4124,#4125,#4126,#4127,#4128));
#1675=AXIS2_PLACEMENT_3D('',#4129,#4130,#4131);
#1676=EDGE_LOOP('',(#4132,#4133,#4134,#4135,#4136,#4137,#4138,#4139));
#1677=AXIS2_PLACEMENT_3D('',#4140,#4141,#4142);
#1678=EDGE_LOOP('',(#4143,#4144,#4145,#4146));
#1679=AXIS2_PLACEMENT_3D('',#4147,#4148,#4149);
#1680=EDGE_LOOP('',(#4150,#4151,#4152,#4153));
#1681=AXIS2_PLACEMENT_3D('',#4154,#4155,#4156);
#1682=EDGE_LOOP('',(#4157,#4158,#4159,#4160));
#1683=AXIS2_PLACEMENT_3D('',#4161,#4162,#4163);
#1684=EDGE_LOOP('',(#4164,#4165,#4166,#4167));
#1685=AXIS2_PLACEMENT_3D('',#4168,#4169,#4170);
#1686=EDGE_LOOP('',(#4171,#4172,#4173,#4174,#4175,#4176));
#1687=AXIS2_PLACEMENT_3D('',#4177,#4178,#4179);
#1688=EDGE_LOOP('',(#4180,#4181,#4182,#4183));
#1689=AXIS2_PLACEMENT_3D('',#4184,#4185,#4186);
#1690=EDGE_LOOP('',(#4187,#4188,#4189,#4190));
#1691=AXIS2_PLACEMENT_3D('',#4191,#4192,#4193);
#1692=EDGE_LOOP('',(#4194,#4195,#4196,#4197));
#1693=AXIS2_PLACEMENT_3D('',#4198,#4199,#4200);
#1694=EDGE_LOOP('',(#4201,#4202,#4203,#4204,#4205,#4206,#4207,#4208));
#1695=AXIS2_PLACEMENT_3D('',#4209,#4210,#4211);
#1696=EDGE_LOOP('',(#4212,#4213,#4214,#4215));
#1697=AXIS2_PLACEMENT_3D('',#4216,#4217,#4218);
#1698=EDGE_LOOP('',(#4219,#4220,#4221,#4222));
#1699=AXIS2_PLACEMENT_3D('',#4223,#4224,#4225);
#1700=EDGE_LOOP('',(#4226,#4227,#4228,#4229));
#1701=AXIS2_PLACEMENT_3D('',#4230,#4231,#4232);
#1702=EDGE_LOOP('',(#4233,#4234,#4235,#4236,#4237,#4238,#4239,#4240,#4241,#4242,#4243,#4244));
#1703=AXIS2_PLACEMENT_3D('',#4245,#4246,#4247);
#1704=EDGE_LOOP('',(#4248,#4249,#4250,#4251));
#1705=AXIS2_PLACEMENT_3D('',#4252,#4253,#4254);
#1706=EDGE_LOOP('',(#4255,#4256,#4257,#4258,#4259,#4260,#4261,#4262,#4263,#4264));
#1707=AXIS2_PLACEMENT_3D('',#4265,#4266,#4267);
#1708=EDGE_LOOP('',(#4268,#4269,#4270,#4271,#4272,#4273,#4274,#4275));
#1709=AXIS2_PLACEMENT_3D('',#4276,#4277,#4278);
#1710=EDGE_LOOP('',(#4279,#4280,#4281,#4282));
#1711=AXIS2_PLACEMENT_3D('',#4283,#4284,#4285);
#1712=EDGE_LOOP('',(#4286,#4287,#4288,#4289));
#1713=AXIS2_PLACEMENT_3D('',#4290,#4291,#4292);
#1714=EDGE_LOOP('',(#4293,#4294,#4295,#4296,#4297,#4298,#4299,#4300));
#1715=AXIS2_PLACEMENT_3D('',#4301,#4302,#4303);
#1716=EDGE_LOOP('',(#4304,#4305,#4306,#4307));
#1717=AXIS2_PLACEMENT_3D('',#4308,#4309,#4310);
#1718=EDGE_LOOP('',(#4311,#4312,#4313,#4314));
#1719=AXIS2_PLACEMENT_3D('',#4315,#4316,#4317);
#1720=EDGE_LOOP('',(#4318,#4319,#4320,#4321));
#1721=AXIS2_PLACEMENT_3D('',#4322,#4323,#4324);
#1722=EDGE_LOOP('',(#4325,#4326,#4327,#4328));
#1723=AXIS2_PLACEMENT_3D('',#4329,#4330,#4331);
#1724=EDGE_LOOP('',(#4332,#4333,#4334,#4335));
#1725=AXIS2_PLACEMENT_3D('',#4336,#4337,#4338);
#1726=EDGE_LOOP('',(#4339,#4340,#4341,#4342));
#1727=AXIS2_PLACEMENT_3D('',#4343,#4344,#4345);
#1728=EDGE_LOOP('',(#4346,#4347,#4348,#4349));
#1729=AXIS2_PLACEMENT_3D('',#4350,#4351,#4352);
#1730=EDGE_LOOP('',(#4353,#4354,#4355,#4356));
#1731=AXIS2_PLACEMENT_3D('',#4357,#4358,#4359);
#1732=EDGE_LOOP('',(#4360,#4361,#4362,#4363,#4364,#4365,#4366,#4367));
#1733=AXIS2_PLACEMENT_3D('',#4368,#4369,#4370);
#1734=EDGE_LOOP('',(#4371,#4372,#4373,#4374));
#1735=AXIS2_PLACEMENT_3D('',#4375,#4376,#4377);
#1736=EDGE_LOOP('',(#4378,#4379,#4380,#4381));
#1737=AXIS2_PLACEMENT_3D('',#4382,#4383,#4384);
#1738=EDGE_LOOP('',(#4385,#4386,#4387,#4388));
#1739=AXIS2_PLACEMENT_3D('',#4389,#4390,#4391);
#1740=EDGE_LOOP('',(#4392,#4393,#4394,#4395));
#1741=AXIS2_PLACEMENT_3D('',#4396,#4397,#4398);
#1742=EDGE_LOOP('',(#4399,#4400,#4401,#4402));
#1743=AXIS2_PLACEMENT_3D('',#4403,#4404,#4405);
#1744=EDGE_LOOP('',(#4406,#4407,#4408,#4409));
#1745=AXIS2_PLACEMENT_3D('',#4410,#4411,#4412);
#1746=EDGE_LOOP('',(#4413,#4414,#4415,#4416));
#1747=AXIS2_PLACEMENT_3D('',#4417,#4418,#4419);
#1748=EDGE_LOOP('',(#4420,#4421,#4422,#4423));
#1749=AXIS2_PLACEMENT_3D('',#4424,#4425,#4426);
#1750=EDGE_LOOP('',(#4427,#4428,#4429,#4430));
#1751=AXIS2_PLACEMENT_3D('',#4431,#4432,#4433);
#1752=EDGE_LOOP('',(#4434,#4435,#4436,#4437));
#1753=AXIS2_PLACEMENT_3D('',#4438,#4439,#4440);
#1754=EDGE_LOOP('',(#4441,#4442,#4443,#4444,#4445,#4446,#4447,#4448,#4449,#4450,#4451,#4452));
#1755=AXIS2_PLACEMENT_3D('',#4453,#4454,#4455);
#1756=EDGE_LOOP('',(#4456,#4457,#4458,#4459));
#1757=AXIS2_PLACEMENT_3D('',#4460,#4461,#4462);
#1758=EDGE_LOOP('',(#4463,#4464,#4465,#4466));
#1759=AXIS2_PLACEMENT_3D('',#4467,#4468,#4469);
#1760=EDGE_LOOP('',(#4470,#4471,#4472,#4473,#4474,#4475,#4476,#4477,#4478,#4479));
#1761=AXIS2_PLACEMENT_3D('',#4480,#4481,#4482);
#1762=EDGE_LOOP('',(#4483,#4484,#4485,#4486,#4487,#4488,#4489,#4490));
#1763=AXIS2_PLACEMENT_3D('',#4491,#4492,#4493);
#1764=EDGE_LOOP('',(#4494,#4495,#4496,#4497));
#1765=AXIS2_PLACEMENT_3D('',#4498,#4499,#4500);
#1766=EDGE_LOOP('',(#4501,#4502,#4503,#4504));
#1767=AXIS2_PLACEMENT_3D('',#4505,#4506,#4507);
#1768=EDGE_LOOP('',(#4508,#4509,#4510,#4511,#4512,#4513,#4514,#4515));
#1769=AXIS2_PLACEMENT_3D('',#4516,#4517,#4518);
#1770=EDGE_LOOP('',(#4519,#4520,#4521,#4522));
#1771=AXIS2_PLACEMENT_3D('',#4523,#4524,#4525);
#1772=EDGE_LOOP('',(#4526,#4527,#4528,#4529));
#1773=AXIS2_PLACEMENT_3D('',#4530,#4531,#4532);
#1774=EDGE_LOOP('',(#4533,#4534,#4535,#4536));
#1775=AXIS2_PLACEMENT_3D('',#4537,#4538,#4539);
#1776=EDGE_LOOP('',(#4540,#4541,#4542,#4543));
#1777=AXIS2_PLACEMENT_3D('',#4544,#4545,#4546);
#1778=EDGE_LOOP('',(#4547,#4548,#4549,#4550));
#1779=AXIS2_PLACEMENT_3D('',#4551,#4552,#4553);
#1780=EDGE_LOOP('',(#4554,#4555,#4556,#4557));
#1781=AXIS2_PLACEMENT_3D('',#4558,#4559,#4560);
#1782=EDGE_LOOP('',(#4561,#4562,#4563,#4564));
#1783=AXIS2_PLACEMENT_3D('',#4565,#4566,#4567);
#1784=EDGE_LOOP('',(#4568,#4569,#4570,#4571));
#1785=AXIS2_PLACEMENT_3D('',#4572,#4573,#4574);
#1786=EDGE_LOOP('',(#4575,#4576,#4577,#4578,#4579,#4580,#4581,#4582));
#1787=AXIS2_PLACEMENT_3D('',#4583,#4584,#4585);
#1788=EDGE_LOOP('',(#4586,#4587,#4588,#4589));
#1789=AXIS2_PLACEMENT_3D('',#4590,#4591,#4592);
#1790=EDGE_LOOP('',(#4593,#4594,#4595,#4596));
#1791=AXIS2_PLACEMENT_3D('',#4597,#4598,#4599);
#1792=EDGE_LOOP('',(#4600,#4601,#4602,#4603));
#1793=AXIS2_PLACEMENT_3D('',#4604,#4605,#4606);
#1794=EDGE_LOOP('',(#4607,#4608,#4609,#4610));
#1795=AXIS2_PLACEMENT_3D('',#4611,#4612,#4613);
#1796=EDGE_LOOP('',(#4614,#4615,#4616,#4617));
#1797=AXIS2_PLACEMENT_3D('',#4618,#4619,#4620);
#1798=EDGE_LOOP('',(#4621,#4622,#4623,#4624));
#1799=AXIS2_PLACEMENT_3D('',#4625,#4626,#4627);
#1800=EDGE_LOOP('',(#4628,#4629,#4630,#4631));
#1801=AXIS2_PLACEMENT_3D('',#4632,#4633,#4634);
#1802=EDGE_LOOP('',(#4635,#4636,#4637,#4638));
#1803=AXIS2_PLACEMENT_3D('',#4639,#4640,#4641);
#1804=EDGE_LOOP('',(#4642,#4643,#4644,#4645));
#1805=AXIS2_PLACEMENT_3D('',#4646,#4647,#4648);
#1806=EDGE_LOOP('',(#4649,#4650,#4651,#4652,#4653));
#1807=AXIS2_PLACEMENT_3D('',#4654,#4655,#4656);
#1808=EDGE_LOOP('',(#4657,#4658,#4659,#4660,#4661));
#1809=AXIS2_PLACEMENT_3D('',#4662,#4663,#4664);
#1810=EDGE_LOOP('',(#4665,#4666));
#1811=AXIS2_PLACEMENT_3D('',#4667,#4668,#4669);
#1812=EDGE_LOOP('',(#4670,#4671));
#1813=AXIS2_PLACEMENT_3D('',#4672,#4673,#4674);
#1814=EDGE_LOOP('',(#4675,#4676,#4677,#4678,#4679));
#1815=AXIS2_PLACEMENT_3D('',#4680,#4681,#4682);
#1816=EDGE_LOOP('',(#4683,#4684,#4685,#4686,#4687));
#1817=AXIS2_PLACEMENT_3D('',#4688,#4689,#4690);
#1818=EDGE_LOOP('',(#4691,#4692,#4693,#4694));
#1819=AXIS2_PLACEMENT_3D('',#4695,#4696,#4697);
#1820=EDGE_LOOP('',(#4698,#4699,#4700,#4701));
#1821=AXIS2_PLACEMENT_3D('',#4702,#4703,#4704);
#1822=EDGE_LOOP('',(#4705,#4706,#4707,#4708));
#1823=AXIS2_PLACEMENT_3D('',#4709,#4710,#4711);
#1824=EDGE_LOOP('',(#4712,#4713,#4714,#4715));
#1825=AXIS2_PLACEMENT_3D('',#4716,#4717,#4718);
#1826=EDGE_LOOP('',(#4719,#4720,#4721,#4722));
#1827=AXIS2_PLACEMENT_3D('',#4723,#4724,#4725);
#1828=EDGE_LOOP('',(#4726,#4727,#4728,#4729));
#1829=AXIS2_PLACEMENT_3D('',#4730,#4731,#4732);
#1830=EDGE_LOOP('',(#4733,#4734,#4735,#4736));
#1831=AXIS2_PLACEMENT_3D('',#4737,#4738,#4739);
#1832=EDGE_LOOP('',(#4740,#4741,#4742,#4743,#4744,#4745,#4746,#4747));
#1833=AXIS2_PLACEMENT_3D('',#4748,#4749,#4750);
#1834=EDGE_LOOP('',(#4751,#4752,#4753,#4754));
#1835=AXIS2_PLACEMENT_3D('',#4755,#4756,#4757);
#1836=EDGE_LOOP('',(#4758,#4759,#4760,#4761));
#1837=AXIS2_PLACEMENT_3D('',#4762,#4763,#4764);
#1838=EDGE_LOOP('',(#4765,#4766,#4767,#4768,#4769,#4770,#4771,#4772));
#1839=AXIS2_PLACEMENT_3D('',#4773,#4774,#4775);
#1840=EDGE_LOOP('',(#4776,#4777,#4778,#4779));
#1841=AXIS2_PLACEMENT_3D('',#4780,#4781,#4782);
#1842=EDGE_LOOP('',(#4783,#4784,#4785,#4786,#4787,#4788,#4789,#4790));
#1843=AXIS2_PLACEMENT_3D('',#4791,#4792,#4793);
#1844=EDGE_LOOP('',(#4794,#4795,#4796,#4797));
#1845=AXIS2_PLACEMENT_3D('',#4798,#4799,#4800);
#1846=EDGE_LOOP('',(#4801,#4802,#4803,#4804));
#1847=AXIS2_PLACEMENT_3D('',#4805,#4806,#4807);
#1848=EDGE_LOOP('',(#4808,#4809,#4810,#4811));
#1849=AXIS2_PLACEMENT_3D('',#4812,#4813,#4814);
#1850=EDGE_LOOP('',(#4815,#4816,#4817,#4818));
#1851=AXIS2_PLACEMENT_3D('',#4819,#4820,#4821);
#1852=EDGE_LOOP('',(#4822,#4823,#4824,#4825));
#1853=AXIS2_PLACEMENT_3D('',#4826,#4827,#4828);
#1854=EDGE_LOOP('',(#4829,#4830,#4831,#4832));
#1855=AXIS2_PLACEMENT_3D('',#4833,#4834,#4835);
#1856=EDGE_LOOP('',(#4836,#4837,#4838,#4839));
#1857=AXIS2_PLACEMENT_3D('',#4840,#4841,#4842);
#1858=EDGE_LOOP('',(#4843,#4844,#4845,#4846));
#1859=AXIS2_PLACEMENT_3D('',#4847,#4848,#4849);
#1860=EDGE_LOOP('',(#4850,#4851,#4852,#4853));
#1861=AXIS2_PLACEMENT_3D('',#4854,#4855,#4856);
#1862=EDGE_LOOP('',(#4857,#4858,#4859,#4860));
#1863=AXIS2_PLACEMENT_3D('',#4861,#4862,#4863);
#1864=EDGE_LOOP('',(#4864,#4865,#4866,#4867));
#1865=AXIS2_PLACEMENT_3D('',#4868,#4869,#4870);
#1866=EDGE_LOOP('',(#4871,#4872,#4873,#4874));
#1867=AXIS2_PLACEMENT_3D('',#4875,#4876,#4877);
#1868=EDGE_LOOP('',(#4878,#4879,#4880,#4881));
#1869=AXIS2_PLACEMENT_3D('',#4882,#4883,#4884);
#1870=EDGE_LOOP('',(#4885,#4886,#4887,#4888));
#1871=AXIS2_PLACEMENT_3D('',#4889,#4890,#4891);
#1872=EDGE_LOOP('',(#4892,#4893,#4894,#4895));
#1873=AXIS2_PLACEMENT_3D('',#4896,#4897,#4898);
#1874=EDGE_LOOP('',(#4899,#4900,#4901,#4902,#4903,#4904,#4905));
#1875=AXIS2_PLACEMENT_3D('',#4906,#4907,#4908);
#1876=EDGE_LOOP('',(#4909,#4910,#4911,#4912));
#1877=AXIS2_PLACEMENT_3D('',#4913,#4914,#4915);
#1878=EDGE_LOOP('',(#4916,#4917,#4918,#4919));
#1879=AXIS2_PLACEMENT_3D('',#4920,#4921,#4922);
#1880=EDGE_LOOP('',(#4923,#4924,#4925,#4926));
#1881=AXIS2_PLACEMENT_3D('',#4927,#4928,#4929);
#1882=EDGE_LOOP('',(#4930,#4931,#4932,#4933));
#1883=AXIS2_PLACEMENT_3D('',#4934,#4935,#4936);
#1884=EDGE_LOOP('',(#4937,#4938,#4939,#4940));
#1885=AXIS2_PLACEMENT_3D('',#4941,#4942,#4943);
#1886=EDGE_LOOP('',(#4944,#4945,#4946,#4947));
#1887=AXIS2_PLACEMENT_3D('',#4948,#4949,#4950);
#1888=FILL_AREA_STYLE_COLOUR('',#4951);
#1889=ORIENTED_EDGE('',*,*,#4952,.F.);
#1890=ORIENTED_EDGE('',*,*,#4953,.T.);
#1891=ORIENTED_EDGE('',*,*,#4954,.F.);
#1892=ORIENTED_EDGE('',*,*,#4955,.F.);
#1893=ORIENTED_EDGE('',*,*,#4956,.F.);
#1894=CARTESIAN_POINT('',(7.5,2.47,-4.955));
#1895=DIRECTION('',(0.0,0.0,1.0));
#1896=DIRECTION('',(-1.0,0.0,0.0));
#1897=ORIENTED_EDGE('',*,*,#4957,.F.);
#1898=ORIENTED_EDGE('',*,*,#4958,.F.);
#1899=ORIENTED_EDGE('',*,*,#4959,.F.);
#1900=ORIENTED_EDGE('',*,*,#4955,.T.);
#1901=ORIENTED_EDGE('',*,*,#4960,.T.);
#1902=CARTESIAN_POINT('',(7.5,2.47,-5.649998714035));
#1903=DIRECTION('',(-0.0,0.0,1.0));
#1904=DIRECTION('',(0.0,-1.0,0.0));
#1905=ORIENTED_EDGE('',*,*,#4961,.F.);
#1906=ORIENTED_EDGE('',*,*,#4962,.F.);
#1907=ORIENTED_EDGE('',*,*,#4963,.F.);
#1908=ORIENTED_EDGE('',*,*,#4964,.T.);
#1909=ORIENTED_EDGE('',*,*,#4965,.T.);
#1910=CARTESIAN_POINT('',(-7.5,2.47,-5.649998714035));
#1911=DIRECTION('',(-0.0,0.0,1.0));
#1912=DIRECTION('',(0.0,-1.0,0.0));
#1913=ORIENTED_EDGE('',*,*,#4966,.F.);
#1914=ORIENTED_EDGE('',*,*,#4967,.T.);
#1915=ORIENTED_EDGE('',*,*,#4968,.F.);
#1916=ORIENTED_EDGE('',*,*,#4964,.F.);
#1917=ORIENTED_EDGE('',*,*,#4969,.F.);
#1918=CARTESIAN_POINT('',(-7.5,2.47,-4.955));
#1919=DIRECTION('',(0.0,0.0,1.0));
#1920=DIRECTION('',(-1.0,0.0,0.0));
#1921=ORIENTED_EDGE('',*,*,#4970,.F.);
#1922=ORIENTED_EDGE('',*,*,#4971,.F.);
#1923=ORIENTED_EDGE('',*,*,#4972,.F.);
#1924=ORIENTED_EDGE('',*,*,#4973,.T.);
#1925=CARTESIAN_POINT('',(-0.7,4.18,1.329177595493));
#1926=DIRECTION('',(-1.0,0.0,0.0));
#1927=DIRECTION('',(0.0,-0.662620048215669,0.748955720789063));
#1928=ORIENTED_EDGE('',*,*,#4974,.T.);
#1929=ORIENTED_EDGE('',*,*,#4975,.T.);
#1930=ORIENTED_EDGE('',*,*,#4976,.T.);
#1931=ORIENTED_EDGE('',*,*,#4977,.T.);
#1932=ORIENTED_EDGE('',*,*,#4978,.T.);
#1933=ORIENTED_EDGE('',*,*,#4979,.T.);
#1934=ORIENTED_EDGE('',*,*,#4980,.F.);
#1935=ORIENTED_EDGE('',*,*,#4981,.T.);
#1936=ORIENTED_EDGE('',*,*,#4982,.F.);
#1937=ORIENTED_EDGE('',*,*,#4983,.F.);
#1938=ORIENTED_EDGE('',*,*,#4984,.F.);
#1939=ORIENTED_EDGE('',*,*,#4985,.F.);
#1940=ORIENTED_EDGE('',*,*,#4986,.F.);
#1941=ORIENTED_EDGE('',*,*,#4987,.T.);
#1942=CARTESIAN_POINT('',(-7.825,0.0,0.0));
#1943=DIRECTION('',(1.0,0.0,0.0));
#1944=DIRECTION('',(0.0,1.0,0.0));
#1945=ORIENTED_EDGE('',*,*,#4988,.T.);
#1946=ORIENTED_EDGE('',*,*,#4989,.F.);
#1947=ORIENTED_EDGE('',*,*,#4974,.F.);
#1948=ORIENTED_EDGE('',*,*,#4990,.F.);
#1949=CARTESIAN_POINT('',(-8.325,-1.1,3.305));
#1950=DIRECTION('',(-0.0,1.0,0.0));
#1951=DIRECTION('',(1.0,0.0,0.0));
#1952=ORIENTED_EDGE('',*,*,#4991,.T.);
#1953=ORIENTED_EDGE('',*,*,#4992,.F.);
#1954=ORIENTED_EDGE('',*,*,#4993,.T.);
#1955=ORIENTED_EDGE('',*,*,#4994,.T.);
#1956=ORIENTED_EDGE('',*,*,#4995,.T.);
#1957=ORIENTED_EDGE('',*,*,#4996,.F.);
#1958=ORIENTED_EDGE('',*,*,#4997,.F.);
#1959=ORIENTED_EDGE('',*,*,#4998,.F.);
#1960=ORIENTED_EDGE('',*,*,#4999,.F.);
#1961=ORIENTED_EDGE('',*,*,#5000,.F.);
#1962=ORIENTED_EDGE('',*,*,#5001,.F.);
#1963=ORIENTED_EDGE('',*,*,#4988,.F.);
#1964=CARTESIAN_POINT('',(-6.425,2.65,4.955));
#1965=DIRECTION('',(1.0,0.0,0.0));
#1966=DIRECTION('',(0.0,1.0,0.0));
#1967=ORIENTED_EDGE('',*,*,#4990,.T.);
#1968=ORIENTED_EDGE('',*,*,#4987,.F.);
#1969=ORIENTED_EDGE('',*,*,#5002,.F.);
#1970=ORIENTED_EDGE('',*,*,#4991,.F.);
#1971=CARTESIAN_POINT('',(-6.425,2.65,3.305));
#1972=DIRECTION('',(0.0,0.0,-1.0));
#1973=DIRECTION('',(0.0,-1.0,0.0));
#1974=ORIENTED_EDGE('',*,*,#5003,.F.);
#1975=ORIENTED_EDGE('',*,*,#4995,.F.);
#1976=ORIENTED_EDGE('',*,*,#5004,.T.);
#1977=ORIENTED_EDGE('',*,*,#4981,.F.);
#1978=CARTESIAN_POINT('',(-6.425,2.65,3.305));
#1979=DIRECTION('',(0.0,0.0,-1.0));
#1980=DIRECTION('',(0.0,-1.0,0.0));
#1981=ORIENTED_EDGE('',*,*,#5005,.F.);
#1982=ORIENTED_EDGE('',*,*,#5006,.T.);
#1983=ORIENTED_EDGE('',*,*,#5007,.T.);
#1984=CARTESIAN_POINT('',(0.0,-2.45,0.0));
#1985=DIRECTION('',(-0.0,1.0,0.0));
#1986=DIRECTION('',(1.0,0.0,0.0));
#1987=ORIENTED_EDGE('',*,*,#5008,.F.);
#1988=ORIENTED_EDGE('',*,*,#4992,.T.);
#1989=ORIENTED_EDGE('',*,*,#5002,.T.);
#1990=CARTESIAN_POINT('',(0.0,-2.45,0.0));
#1991=DIRECTION('',(-0.0,1.0,0.0));
#1992=DIRECTION('',(1.0,0.0,0.0));
#1993=ORIENTED_EDGE('',*,*,#5009,.F.);
#1994=ORIENTED_EDGE('',*,*,#5010,.F.);
#1995=ORIENTED_EDGE('',*,*,#5011,.T.);
#1996=ORIENTED_EDGE('',*,*,#5012,.T.);
#1997=CARTESIAN_POINT('',(7.825,3.43,3.305));
#1998=DIRECTION('',(-0.762509135372793,0.0,-0.646977448195094));
#1999=DIRECTION('',(-0.646977448195094,0.0,0.762509135372793));
#2000=ORIENTED_EDGE('',*,*,#5005,.T.);
#2001=ORIENTED_EDGE('',*,*,#5013,.T.);
#2002=ORIENTED_EDGE('',*,*,#5014,.F.);
#2003=ORIENTED_EDGE('',*,*,#5015,.F.);
#2004=ORIENTED_EDGE('',*,*,#5016,.F.);
#2005=CARTESIAN_POINT('',(7.825,3.43,3.305));
#2006=DIRECTION('',(-0.762509135372793,0.0,-0.646977448195094));
#2007=DIRECTION('',(-0.646977448195094,0.0,0.762509135372793));
#2008=ORIENTED_EDGE('',*,*,#5009,.T.);
#2009=ORIENTED_EDGE('',*,*,#5017,.F.);
#2010=ORIENTED_EDGE('',*,*,#5018,.F.);
#2011=CARTESIAN_POINT('',(0.0,2.65,0.0));
#2012=DIRECTION('',(-0.0,1.0,0.0));
#2013=DIRECTION('',(1.0,0.0,0.0));
#2014=ORIENTED_EDGE('',*,*,#5019,.T.);
#2015=ORIENTED_EDGE('',*,*,#5004,.F.);
#2016=ORIENTED_EDGE('',*,*,#4994,.F.);
#2017=CARTESIAN_POINT('',(0.0,2.65,0.0));
#2018=DIRECTION('',(-0.0,1.0,0.0));
#2019=DIRECTION('',(1.0,0.0,0.0));
#2020=ORIENTED_EDGE('',*,*,#5020,.T.);
#2021=ORIENTED_EDGE('',*,*,#5021,.T.);
#2022=ORIENTED_EDGE('',*,*,#5006,.F.);
#2023=ORIENTED_EDGE('',*,*,#5022,.T.);
#2024=CARTESIAN_POINT('',(7.825,2.65,3.305));
#2025=DIRECTION('',(0.0,0.0,-1.0));
#2026=DIRECTION('',(0.0,-1.0,0.0));
#2027=ORIENTED_EDGE('',*,*,#5023,.F.);
#2028=ORIENTED_EDGE('',*,*,#5024,.T.);
#2029=ORIENTED_EDGE('',*,*,#5018,.T.);
#2030=ORIENTED_EDGE('',*,*,#5025,.T.);
#2031=CARTESIAN_POINT('',(7.825,2.65,3.305));
#2032=DIRECTION('',(0.0,0.0,-1.0));
#2033=DIRECTION('',(0.0,-1.0,0.0));
#2034=ORIENTED_EDGE('',*,*,#5026,.T.);
#2035=ORIENTED_EDGE('',*,*,#5027,.T.);
#2036=ORIENTED_EDGE('',*,*,#5028,.F.);
#2037=ORIENTED_EDGE('',*,*,#5020,.F.);
#2038=CARTESIAN_POINT('',(8.325,-1.1,3.305));
#2039=DIRECTION('',(0.0,-1.0,0.0));
#2040=DIRECTION('',(0.0,0.0,-1.0));
#2041=ORIENTED_EDGE('',*,*,#5026,.F.);
#2042=ORIENTED_EDGE('',*,*,#5022,.F.);
#2043=ORIENTED_EDGE('',*,*,#5016,.T.);
#2044=ORIENTED_EDGE('',*,*,#5029,.T.);
#2045=ORIENTED_EDGE('',*,*,#5030,.T.);
#2046=ORIENTED_EDGE('',*,*,#5031,.T.);
#2047=ORIENTED_EDGE('',*,*,#5010,.T.);
#2048=ORIENTED_EDGE('',*,*,#5024,.F.);
#2049=ORIENTED_EDGE('',*,*,#5032,.T.);
#2050=ORIENTED_EDGE('',*,*,#5033,.F.);
#2051=ORIENTED_EDGE('',*,*,#5034,.F.);
#2052=ORIENTED_EDGE('',*,*,#5035,.F.);
#2053=ORIENTED_EDGE('',*,*,#5036,.F.);
#2054=ORIENTED_EDGE('',*,*,#5037,.F.);
#2055=ORIENTED_EDGE('',*,*,#5038,.F.);
#2056=ORIENTED_EDGE('',*,*,#5039,.F.);
#2057=ORIENTED_EDGE('',*,*,#5040,.F.);
#2058=ORIENTED_EDGE('',*,*,#5041,.F.);
#2059=ORIENTED_EDGE('',*,*,#5042,.F.);
#2060=ORIENTED_EDGE('',*,*,#5043,.F.);
#2061=ORIENTED_EDGE('',*,*,#5044,.F.);
#2062=CARTESIAN_POINT('',(7.825,0.0,0.0));
#2063=DIRECTION('',(1.0,0.0,0.0));
#2064=DIRECTION('',(0.0,1.0,0.0));
#2065=ORIENTED_EDGE('',*,*,#5037,.T.);
#2066=ORIENTED_EDGE('',*,*,#5045,.T.);
#2067=ORIENTED_EDGE('',*,*,#5046,.F.);
#2068=ORIENTED_EDGE('',*,*,#5027,.F.);
#2069=CARTESIAN_POINT('',(8.325,-1.1,-0.345));
#2070=DIRECTION('',(0.0,0.0,-1.0));
#2071=DIRECTION('',(0.0,-1.0,0.0));
#2072=ORIENTED_EDGE('',*,*,#5025,.F.);
#2073=ORIENTED_EDGE('',*,*,#5017,.T.);
#2074=ORIENTED_EDGE('',*,*,#5047,.F.);
#2075=ORIENTED_EDGE('',*,*,#5007,.F.);
#2076=ORIENTED_EDGE('',*,*,#5021,.F.);
#2077=ORIENTED_EDGE('',*,*,#5028,.T.);
#2078=ORIENTED_EDGE('',*,*,#5046,.T.);
#2079=ORIENTED_EDGE('',*,*,#5048,.T.);
#2080=ORIENTED_EDGE('',*,*,#5049,.T.);
#2081=ORIENTED_EDGE('',*,*,#5050,.T.);
#2082=ORIENTED_EDGE('',*,*,#5051,.T.);
#2083=ORIENTED_EDGE('',*,*,#5052,.T.);
#2084=CARTESIAN_POINT('',(6.425,2.65,3.305));
#2085=DIRECTION('',(-1.0,0.0,0.0));
#2086=DIRECTION('',(0.0,0.0,1.0));
#2087=ORIENTED_EDGE('',*,*,#5032,.F.);
#2088=ORIENTED_EDGE('',*,*,#5023,.T.);
#2089=ORIENTED_EDGE('',*,*,#5052,.F.);
#2090=ORIENTED_EDGE('',*,*,#5053,.F.);
#2091=CARTESIAN_POINT('',(8.325,1.1,-0.345));
#2092=DIRECTION('',(-0.0,1.0,0.0));
#2093=DIRECTION('',(1.0,0.0,0.0));
#2094=ORIENTED_EDGE('',*,*,#5033,.T.);
#2095=ORIENTED_EDGE('',*,*,#5053,.T.);
#2096=ORIENTED_EDGE('',*,*,#5051,.F.);
#2097=ORIENTED_EDGE('',*,*,#5054,.F.);
#2098=CARTESIAN_POINT('',(8.325,0.575,-0.345));
#2099=DIRECTION('',(0.0,0.0,-1.0));
#2100=DIRECTION('',(0.0,-1.0,0.0));
#2101=ORIENTED_EDGE('',*,*,#5034,.T.);
#2102=ORIENTED_EDGE('',*,*,#5054,.T.);
#2103=ORIENTED_EDGE('',*,*,#5050,.F.);
#2104=ORIENTED_EDGE('',*,*,#5055,.F.);
#2105=CARTESIAN_POINT('',(8.325,0.575,-2.845));
#2106=DIRECTION('',(-0.0,1.0,0.0));
#2107=DIRECTION('',(1.0,0.0,0.0));
#2108=ORIENTED_EDGE('',*,*,#5035,.T.);
#2109=ORIENTED_EDGE('',*,*,#5055,.T.);
#2110=ORIENTED_EDGE('',*,*,#5049,.F.);
#2111=ORIENTED_EDGE('',*,*,#5056,.F.);
#2112=CARTESIAN_POINT('',(8.325,-0.575,-2.845));
#2113=DIRECTION('',(0.0,0.0,-1.0));
#2114=DIRECTION('',(0.0,-1.0,0.0));
#2115=ORIENTED_EDGE('',*,*,#5036,.T.);
#2116=ORIENTED_EDGE('',*,*,#5056,.T.);
#2117=ORIENTED_EDGE('',*,*,#5048,.F.);
#2118=ORIENTED_EDGE('',*,*,#5045,.F.);
#2119=CARTESIAN_POINT('',(8.325,-0.575,-0.345));
#2120=DIRECTION('',(0.0,-1.0,0.0));
#2121=DIRECTION('',(0.0,0.0,-1.0));
#2122=ORIENTED_EDGE('',*,*,#5047,.T.);
#2123=ORIENTED_EDGE('',*,*,#5012,.F.);
#2124=ORIENTED_EDGE('',*,*,#5057,.F.);
#2125=ORIENTED_EDGE('',*,*,#5058,.T.);
#2126=ORIENTED_EDGE('',*,*,#4993,.F.);
#2127=ORIENTED_EDGE('',*,*,#5059,.T.);
#2128=ORIENTED_EDGE('',*,*,#5060,.T.);
#2129=ORIENTED_EDGE('',*,*,#5013,.F.);
#2130=ORIENTED_EDGE('',*,*,#5061,.F.);
#2131=ORIENTED_EDGE('',*,*,#5062,.F.);
#2132=ORIENTED_EDGE('',*,*,#5063,.F.);
#2133=ORIENTED_EDGE('',*,*,#5064,.F.);
#2134=ORIENTED_EDGE('',*,*,#5065,.F.);
#2135=ORIENTED_EDGE('',*,*,#5066,.F.);
#2136=ORIENTED_EDGE('',*,*,#5067,.F.);
#2137=ORIENTED_EDGE('',*,*,#5068,.F.);
#2138=ORIENTED_EDGE('',*,*,#5069,.F.);
#2139=ORIENTED_EDGE('',*,*,#5070,.F.);
#2140=ORIENTED_EDGE('',*,*,#5071,.F.);
#2141=ORIENTED_EDGE('',*,*,#5072,.F.);
#2142=ORIENTED_EDGE('',*,*,#5073,.F.);
#2143=ORIENTED_EDGE('',*,*,#5074,.F.);
#2144=ORIENTED_EDGE('',*,*,#5075,.F.);
#2145=ORIENTED_EDGE('',*,*,#5076,.F.);
#2146=ORIENTED_EDGE('',*,*,#5077,.F.);
#2147=ORIENTED_EDGE('',*,*,#5078,.F.);
#2148=ORIENTED_EDGE('',*,*,#5079,.F.);
#2149=ORIENTED_EDGE('',*,*,#5080,.F.);
#2150=ORIENTED_EDGE('',*,*,#5081,.F.);
#2151=ORIENTED_EDGE('',*,*,#5082,.F.);
#2152=ORIENTED_EDGE('',*,*,#5083,.F.);
#2153=ORIENTED_EDGE('',*,*,#5084,.F.);
#2154=ORIENTED_EDGE('',*,*,#5085,.F.);
#2155=ORIENTED_EDGE('',*,*,#5086,.F.);
#2156=ORIENTED_EDGE('',*,*,#5087,.F.);
#2157=ORIENTED_EDGE('',*,*,#5088,.F.);
#2158=ORIENTED_EDGE('',*,*,#5089,.F.);
#2159=ORIENTED_EDGE('',*,*,#5090,.F.);
#2160=ORIENTED_EDGE('',*,*,#5091,.F.);
#2161=ORIENTED_EDGE('',*,*,#5092,.F.);
#2162=ORIENTED_EDGE('',*,*,#5093,.F.);
#2163=ORIENTED_EDGE('',*,*,#5094,.F.);
#2164=ORIENTED_EDGE('',*,*,#5095,.F.);
#2165=ORIENTED_EDGE('',*,*,#5096,.F.);
#2166=ORIENTED_EDGE('',*,*,#5097,.F.);
#2167=ORIENTED_EDGE('',*,*,#5098,.F.);
#2168=ORIENTED_EDGE('',*,*,#5099,.F.);
#2169=CARTESIAN_POINT('',(-7.825,3.43,4.955));
#2170=DIRECTION('',(0.0,0.0,1.0));
#2171=DIRECTION('',(1.0,0.0,0.0));
#2172=ORIENTED_EDGE('',*,*,#5100,.T.);
#2173=ORIENTED_EDGE('',*,*,#5101,.T.);
#2174=ORIENTED_EDGE('',*,*,#5102,.F.);
#2175=ORIENTED_EDGE('',*,*,#5103,.F.);
#2176=ORIENTED_EDGE('',*,*,#5104,.T.);
#2177=ORIENTED_EDGE('',*,*,#5105,.T.);
#2178=ORIENTED_EDGE('',*,*,#5106,.F.);
#2179=ORIENTED_EDGE('',*,*,#5107,.F.);
#2180=ORIENTED_EDGE('',*,*,#5108,.T.);
#2181=ORIENTED_EDGE('',*,*,#5109,.T.);
#2182=ORIENTED_EDGE('',*,*,#5110,.F.);
#2183=ORIENTED_EDGE('',*,*,#5111,.F.);
#2184=ORIENTED_EDGE('',*,*,#5112,.T.);
#2185=ORIENTED_EDGE('',*,*,#5113,.T.);
#2186=ORIENTED_EDGE('',*,*,#5114,.F.);
#2187=ORIENTED_EDGE('',*,*,#5115,.F.);
#2188=ORIENTED_EDGE('',*,*,#5116,.F.);
#2189=ORIENTED_EDGE('',*,*,#5117,.T.);
#2190=ORIENTED_EDGE('',*,*,#5118,.F.);
#2191=ORIENTED_EDGE('',*,*,#5014,.T.);
#2192=ORIENTED_EDGE('',*,*,#5060,.F.);
#2193=ORIENTED_EDGE('',*,*,#5119,.T.);
#2194=ORIENTED_EDGE('',*,*,#5120,.T.);
#2195=ORIENTED_EDGE('',*,*,#5121,.T.);
#2196=ORIENTED_EDGE('',*,*,#5122,.T.);
#2197=ORIENTED_EDGE('',*,*,#5123,.F.);
#2198=ORIENTED_EDGE('',*,*,#5124,.T.);
#2199=ORIENTED_EDGE('',*,*,#5125,.F.);
#2200=ORIENTED_EDGE('',*,*,#5126,.F.);
#2201=ORIENTED_EDGE('',*,*,#5127,.T.);
#2202=ORIENTED_EDGE('',*,*,#5128,.T.);
#2203=ORIENTED_EDGE('',*,*,#5129,.F.);
#2204=ORIENTED_EDGE('',*,*,#5130,.F.);
#2205=ORIENTED_EDGE('',*,*,#5131,.T.);
#2206=CARTESIAN_POINT('',(-7.825,-3.43,4.955));
#2207=DIRECTION('',(0.0,-1.0,0.0));
#2208=DIRECTION('',(0.0,0.0,-1.0));
#2209=ORIENTED_EDGE('',*,*,#5128,.F.);
#2210=ORIENTED_EDGE('',*,*,#5132,.T.);
#2211=ORIENTED_EDGE('',*,*,#5133,.T.);
#2212=ORIENTED_EDGE('',*,*,#5134,.T.);
#2213=CARTESIAN_POINT('',(7.825,2.65,3.355));
#2214=DIRECTION('',(0.0,0.0,1.0));
#2215=DIRECTION('',(1.0,0.0,0.0));
#2216=ORIENTED_EDGE('',*,*,#5124,.F.);
#2217=ORIENTED_EDGE('',*,*,#5135,.T.);
#2218=ORIENTED_EDGE('',*,*,#5136,.T.);
#2219=ORIENTED_EDGE('',*,*,#5137,.T.);
#2220=CARTESIAN_POINT('',(7.825,2.65,3.355));
#2221=DIRECTION('',(0.0,0.0,1.0));
#2222=DIRECTION('',(1.0,0.0,0.0));
#2223=ORIENTED_EDGE('',*,*,#5129,.T.);
#2224=ORIENTED_EDGE('',*,*,#5134,.F.);
#2225=ORIENTED_EDGE('',*,*,#5138,.T.);
#2226=ORIENTED_EDGE('',*,*,#5139,.T.);
#2227=CARTESIAN_POINT('',(-2.85,-3.94,3.355));
#2228=DIRECTION('',(1.0,0.0,0.0));
#2229=DIRECTION('',(0.0,1.0,0.0));
#2230=ORIENTED_EDGE('',*,*,#5130,.T.);
#2231=ORIENTED_EDGE('',*,*,#5139,.F.);
#2232=ORIENTED_EDGE('',*,*,#5140,.F.);
#2233=ORIENTED_EDGE('',*,*,#5141,.F.);
#2234=CARTESIAN_POINT('',(-7.825,-3.43,-3.355));
#2235=DIRECTION('',(0.0,0.0,1.0));
#2236=DIRECTION('',(1.0,0.0,0.0));
#2237=ORIENTED_EDGE('',*,*,#5126,.T.);
#2238=ORIENTED_EDGE('',*,*,#5142,.F.);
#2239=ORIENTED_EDGE('',*,*,#5143,.F.);
#2240=ORIENTED_EDGE('',*,*,#5144,.F.);
#2241=CARTESIAN_POINT('',(-7.825,-3.43,-3.355));
#2242=DIRECTION('',(0.0,0.0,1.0));
#2243=DIRECTION('',(1.0,0.0,0.0));
#2244=ORIENTED_EDGE('',*,*,#5131,.F.);
#2245=ORIENTED_EDGE('',*,*,#5141,.T.);
#2246=ORIENTED_EDGE('',*,*,#5145,.F.);
#2247=ORIENTED_EDGE('',*,*,#5132,.F.);
#2248=CARTESIAN_POINT('',(-3.85,-3.43,3.355));
#2249=DIRECTION('',(-1.0,0.0,0.0));
#2250=DIRECTION('',(0.0,0.0,1.0));
#2251=ORIENTED_EDGE('',*,*,#5133,.F.);
#2252=ORIENTED_EDGE('',*,*,#5145,.T.);
#2253=ORIENTED_EDGE('',*,*,#5140,.T.);
#2254=ORIENTED_EDGE('',*,*,#5138,.F.);
#2255=CARTESIAN_POINT('',(-3.85,-3.94,3.355));
#2256=DIRECTION('',(0.0,-1.0,0.0));
#2257=DIRECTION('',(0.0,0.0,-1.0));
#2258=ORIENTED_EDGE('',*,*,#5127,.F.);
#2259=ORIENTED_EDGE('',*,*,#5144,.T.);
#2260=ORIENTED_EDGE('',*,*,#5146,.F.);
#2261=ORIENTED_EDGE('',*,*,#5135,.F.);
#2262=CARTESIAN_POINT('',(2.85,-3.43,3.355));
#2263=DIRECTION('',(-1.0,0.0,0.0));
#2264=DIRECTION('',(0.0,0.0,1.0));
#2265=ORIENTED_EDGE('',*,*,#5136,.F.);
#2266=ORIENTED_EDGE('',*,*,#5146,.T.);
#2267=ORIENTED_EDGE('',*,*,#5143,.T.);
#2268=ORIENTED_EDGE('',*,*,#5147,.F.);
#2269=CARTESIAN_POINT('',(2.85,-3.94,3.355));
#2270=DIRECTION('',(0.0,-1.0,0.0));
#2271=DIRECTION('',(0.0,0.0,-1.0));
#2272=ORIENTED_EDGE('',*,*,#5125,.T.);
#2273=ORIENTED_EDGE('',*,*,#5137,.F.);
#2274=ORIENTED_EDGE('',*,*,#5147,.T.);
#2275=ORIENTED_EDGE('',*,*,#5142,.T.);
#2276=CARTESIAN_POINT('',(3.85,-3.94,3.355));
#2277=DIRECTION('',(1.0,0.0,0.0));
#2278=DIRECTION('',(0.0,1.0,0.0));
#2279=ORIENTED_EDGE('',*,*,#5148,.T.);
#2280=ORIENTED_EDGE('',*,*,#5149,.T.);
#2281=ORIENTED_EDGE('',*,*,#5150,.T.);
#2282=ORIENTED_EDGE('',*,*,#5100,.F.);
#2283=ORIENTED_EDGE('',*,*,#5151,.F.);
#2284=ORIENTED_EDGE('',*,*,#5152,.T.);
#2285=CARTESIAN_POINT('',(-4.7985,3.43,-4.955));
#2286=DIRECTION('',(-1.0,0.0,0.0));
#2287=DIRECTION('',(0.0,0.0,1.0));
#2288=ORIENTED_EDGE('',*,*,#5153,.T.);
#2289=ORIENTED_EDGE('',*,*,#5154,.T.);
#2290=ORIENTED_EDGE('',*,*,#5155,.T.);
#2291=ORIENTED_EDGE('',*,*,#5156,.F.);
#2292=CARTESIAN_POINT('',(-4.7985,3.43,-4.955));
#2293=DIRECTION('',(-1.0,0.0,0.0));
#2294=DIRECTION('',(0.0,0.0,1.0));
#2295=ORIENTED_EDGE('',*,*,#5157,.T.);
#2296=ORIENTED_EDGE('',*,*,#5158,.F.);
#2297=ORIENTED_EDGE('',*,*,#5159,.T.);
#2298=ORIENTED_EDGE('',*,*,#5160,.T.);
#2299=CARTESIAN_POINT('',(-4.7985,3.43,-4.955));
#2300=DIRECTION('',(-1.0,0.0,0.0));
#2301=DIRECTION('',(0.0,0.0,1.0));
#2302=ORIENTED_EDGE('',*,*,#5161,.T.);
#2303=ORIENTED_EDGE('',*,*,#5162,.T.);
#2304=ORIENTED_EDGE('',*,*,#5163,.T.);
#2305=ORIENTED_EDGE('',*,*,#5164,.F.);
#2306=CARTESIAN_POINT('',(-4.7985,3.43,-4.955));
#2307=DIRECTION('',(-1.0,0.0,0.0));
#2308=DIRECTION('',(0.0,0.0,1.0));
#2309=ORIENTED_EDGE('',*,*,#5165,.T.);
#2310=ORIENTED_EDGE('',*,*,#5166,.T.);
#2311=ORIENTED_EDGE('',*,*,#5167,.F.);
#2312=ORIENTED_EDGE('',*,*,#5168,.F.);
#2313=ORIENTED_EDGE('',*,*,#5169,.T.);
#2314=ORIENTED_EDGE('',*,*,#5170,.T.);
#2315=ORIENTED_EDGE('',*,*,#5171,.F.);
#2316=ORIENTED_EDGE('',*,*,#5172,.F.);
#2317=ORIENTED_EDGE('',*,*,#5173,.T.);
#2318=ORIENTED_EDGE('',*,*,#5174,.T.);
#2319=ORIENTED_EDGE('',*,*,#5175,.F.);
#2320=ORIENTED_EDGE('',*,*,#5176,.F.);
#2321=ORIENTED_EDGE('',*,*,#5177,.F.);
#2322=ORIENTED_EDGE('',*,*,#5178,.T.);
#2323=ORIENTED_EDGE('',*,*,#5179,.F.);
#2324=ORIENTED_EDGE('',*,*,#5180,.F.);
#2325=ORIENTED_EDGE('',*,*,#5181,.F.);
#2326=ORIENTED_EDGE('',*,*,#5182,.T.);
#2327=CARTESIAN_POINT('',(-7.825,-2.78,-4.285));
#2328=DIRECTION('',(0.0,0.0,-1.0));
#2329=DIRECTION('',(0.0,-1.0,0.0));
#2330=ORIENTED_EDGE('',*,*,#5183,.T.);
#2331=ORIENTED_EDGE('',*,*,#5184,.T.);
#2332=ORIENTED_EDGE('',*,*,#5185,.F.);
#2333=ORIENTED_EDGE('',*,*,#5186,.F.);
#2334=ORIENTED_EDGE('',*,*,#5187,.T.);
#2335=ORIENTED_EDGE('',*,*,#5188,.T.);
#2336=ORIENTED_EDGE('',*,*,#5189,.F.);
#2337=ORIENTED_EDGE('',*,*,#5190,.F.);
#2338=ORIENTED_EDGE('',*,*,#5191,.T.);
#2339=ORIENTED_EDGE('',*,*,#5192,.T.);
#2340=ORIENTED_EDGE('',*,*,#5193,.F.);
#2341=ORIENTED_EDGE('',*,*,#5194,.F.);
#2342=ORIENTED_EDGE('',*,*,#5195,.F.);
#2343=ORIENTED_EDGE('',*,*,#5196,.T.);
#2344=ORIENTED_EDGE('',*,*,#5197,.F.);
#2345=ORIENTED_EDGE('',*,*,#5198,.F.);
#2346=ORIENTED_EDGE('',*,*,#5199,.T.);
#2347=ORIENTED_EDGE('',*,*,#5200,.T.);
#2348=ORIENTED_EDGE('',*,*,#5201,.F.);
#2349=ORIENTED_EDGE('',*,*,#5202,.F.);
#2350=ORIENTED_EDGE('',*,*,#5203,.T.);
#2351=ORIENTED_EDGE('',*,*,#5204,.T.);
#2352=ORIENTED_EDGE('',*,*,#5205,.F.);
#2353=ORIENTED_EDGE('',*,*,#5206,.T.);
#2354=CARTESIAN_POINT('',(-7.825,-2.78,-4.285));
#2355=DIRECTION('',(0.0,0.0,-1.0));
#2356=DIRECTION('',(0.0,-1.0,0.0));
#2357=ORIENTED_EDGE('',*,*,#5207,.T.);
#2358=ORIENTED_EDGE('',*,*,#5208,.T.);
#2359=ORIENTED_EDGE('',*,*,#5209,.F.);
#2360=ORIENTED_EDGE('',*,*,#5210,.F.);
#2361=ORIENTED_EDGE('',*,*,#5211,.T.);
#2362=ORIENTED_EDGE('',*,*,#5212,.T.);
#2363=ORIENTED_EDGE('',*,*,#5213,.F.);
#2364=ORIENTED_EDGE('',*,*,#5214,.F.);
#2365=ORIENTED_EDGE('',*,*,#5215,.T.);
#2366=ORIENTED_EDGE('',*,*,#5216,.T.);
#2367=ORIENTED_EDGE('',*,*,#5217,.F.);
#2368=ORIENTED_EDGE('',*,*,#5218,.F.);
#2369=ORIENTED_EDGE('',*,*,#5219,.T.);
#2370=ORIENTED_EDGE('',*,*,#5220,.T.);
#2371=ORIENTED_EDGE('',*,*,#5221,.F.);
#2372=ORIENTED_EDGE('',*,*,#5222,.F.);
#2373=ORIENTED_EDGE('',*,*,#5223,.T.);
#2374=ORIENTED_EDGE('',*,*,#5224,.T.);
#2375=ORIENTED_EDGE('',*,*,#5225,.F.);
#2376=ORIENTED_EDGE('',*,*,#5226,.F.);
#2377=ORIENTED_EDGE('',*,*,#5227,.T.);
#2378=ORIENTED_EDGE('',*,*,#5228,.T.);
#2379=ORIENTED_EDGE('',*,*,#5229,.F.);
#2380=ORIENTED_EDGE('',*,*,#5230,.T.);
#2381=CARTESIAN_POINT('',(-7.825,-2.78,-4.285));
#2382=DIRECTION('',(0.0,0.0,-1.0));
#2383=DIRECTION('',(0.0,-1.0,0.0));
#2384=ORIENTED_EDGE('',*,*,#5148,.F.);
#2385=ORIENTED_EDGE('',*,*,#5231,.T.);
#2386=ORIENTED_EDGE('',*,*,#5232,.F.);
#2387=ORIENTED_EDGE('',*,*,#5233,.T.);
#2388=ORIENTED_EDGE('',*,*,#5234,.T.);
#2389=ORIENTED_EDGE('',*,*,#5235,.F.);
#2390=ORIENTED_EDGE('',*,*,#5236,.F.);
#2391=ORIENTED_EDGE('',*,*,#5237,.F.);
#2392=ORIENTED_EDGE('',*,*,#5238,.T.);
#2393=ORIENTED_EDGE('',*,*,#5239,.T.);
#2394=ORIENTED_EDGE('',*,*,#5159,.F.);
#2395=ORIENTED_EDGE('',*,*,#5240,.F.);
#2396=ORIENTED_EDGE('',*,*,#5241,.T.);
#2397=ORIENTED_EDGE('',*,*,#5242,.T.);
#2398=ORIENTED_EDGE('',*,*,#5161,.F.);
#2399=ORIENTED_EDGE('',*,*,#5243,.F.);
#2400=ORIENTED_EDGE('',*,*,#5244,.T.);
#2401=ORIENTED_EDGE('',*,*,#5245,.T.);
#2402=CARTESIAN_POINT('',(-7.825,-2.78,-4.285));
#2403=DIRECTION('',(0.0,0.0,-1.0));
#2404=DIRECTION('',(0.0,-1.0,0.0));
#2405=ORIENTED_EDGE('',*,*,#5246,.T.);
#2406=ORIENTED_EDGE('',*,*,#5247,.T.);
#2407=ORIENTED_EDGE('',*,*,#5248,.F.);
#2408=ORIENTED_EDGE('',*,*,#5249,.F.);
#2409=ORIENTED_EDGE('',*,*,#5250,.T.);
#2410=ORIENTED_EDGE('',*,*,#5251,.T.);
#2411=ORIENTED_EDGE('',*,*,#5252,.F.);
#2412=ORIENTED_EDGE('',*,*,#5253,.F.);
#2413=ORIENTED_EDGE('',*,*,#5254,.T.);
#2414=ORIENTED_EDGE('',*,*,#5255,.T.);
#2415=ORIENTED_EDGE('',*,*,#5256,.F.);
#2416=ORIENTED_EDGE('',*,*,#5257,.F.);
#2417=ORIENTED_EDGE('',*,*,#5258,.T.);
#2418=ORIENTED_EDGE('',*,*,#5259,.T.);
#2419=ORIENTED_EDGE('',*,*,#5260,.F.);
#2420=ORIENTED_EDGE('',*,*,#5261,.F.);
#2421=ORIENTED_EDGE('',*,*,#5262,.T.);
#2422=ORIENTED_EDGE('',*,*,#5263,.T.);
#2423=ORIENTED_EDGE('',*,*,#5264,.F.);
#2424=ORIENTED_EDGE('',*,*,#5265,.F.);
#2425=ORIENTED_EDGE('',*,*,#5266,.T.);
#2426=ORIENTED_EDGE('',*,*,#5267,.T.);
#2427=ORIENTED_EDGE('',*,*,#5268,.F.);
#2428=ORIENTED_EDGE('',*,*,#5269,.T.);
#2429=CARTESIAN_POINT('',(-7.825,-2.78,-4.285));
#2430=DIRECTION('',(0.0,0.0,-1.0));
#2431=DIRECTION('',(0.0,-1.0,0.0));
#2432=ORIENTED_EDGE('',*,*,#5270,.F.);
#2433=ORIENTED_EDGE('',*,*,#5271,.F.);
#2434=ORIENTED_EDGE('',*,*,#5272,.F.);
#2435=ORIENTED_EDGE('',*,*,#5273,.F.);
#2436=CARTESIAN_POINT('',(4.7985,3.43,-3.955));
#2437=DIRECTION('',(1.0,0.0,0.0));
#2438=DIRECTION('',(0.0,1.0,0.0));
#2439=ORIENTED_EDGE('',*,*,#5274,.F.);
#2440=ORIENTED_EDGE('',*,*,#5275,.T.);
#2441=ORIENTED_EDGE('',*,*,#5173,.F.);
#2442=ORIENTED_EDGE('',*,*,#5276,.F.);
#2443=CARTESIAN_POINT('',(4.7985,3.43,-3.955));
#2444=DIRECTION('',(1.0,0.0,0.0));
#2445=DIRECTION('',(0.0,1.0,0.0));
#2446=ORIENTED_EDGE('',*,*,#5165,.F.);
#2447=ORIENTED_EDGE('',*,*,#5277,.F.);
#2448=ORIENTED_EDGE('',*,*,#5278,.T.);
#2449=ORIENTED_EDGE('',*,*,#5114,.T.);
#2450=ORIENTED_EDGE('',*,*,#5279,.F.);
#2451=ORIENTED_EDGE('',*,*,#5280,.T.);
#2452=CARTESIAN_POINT('',(4.7985,3.43,-3.955));
#2453=DIRECTION('',(1.0,0.0,0.0));
#2454=DIRECTION('',(0.0,1.0,0.0));
#2455=ORIENTED_EDGE('',*,*,#5169,.F.);
#2456=ORIENTED_EDGE('',*,*,#5281,.F.);
#2457=ORIENTED_EDGE('',*,*,#5282,.F.);
#2458=ORIENTED_EDGE('',*,*,#5283,.T.);
#2459=CARTESIAN_POINT('',(4.7985,3.43,-3.955));
#2460=DIRECTION('',(1.0,0.0,0.0));
#2461=DIRECTION('',(0.0,1.0,0.0));
#2462=ORIENTED_EDGE('',*,*,#5284,.F.);
#2463=ORIENTED_EDGE('',*,*,#5285,.T.);
#2464=ORIENTED_EDGE('',*,*,#5270,.T.);
#2465=ORIENTED_EDGE('',*,*,#5286,.F.);
#2466=CARTESIAN_POINT('',(4.2015,3.43,-3.955));
#2467=DIRECTION('',(0.0,0.0,1.0));
#2468=DIRECTION('',(1.0,0.0,0.0));
#2469=ORIENTED_EDGE('',*,*,#5287,.F.);
#2470=ORIENTED_EDGE('',*,*,#5288,.T.);
#2471=ORIENTED_EDGE('',*,*,#5274,.T.);
#2472=ORIENTED_EDGE('',*,*,#5289,.F.);
#2473=CARTESIAN_POINT('',(4.2015,3.43,-3.955));
#2474=DIRECTION('',(0.0,0.0,1.0));
#2475=DIRECTION('',(1.0,0.0,0.0));
#2476=ORIENTED_EDGE('',*,*,#5290,.T.);
#2477=ORIENTED_EDGE('',*,*,#5282,.T.);
#2478=ORIENTED_EDGE('',*,*,#5291,.F.);
#2479=ORIENTED_EDGE('',*,*,#5292,.F.);
#2480=CARTESIAN_POINT('',(4.2015,3.43,-3.955));
#2481=DIRECTION('',(0.0,0.0,1.0));
#2482=DIRECTION('',(1.0,0.0,0.0));
#2483=ORIENTED_EDGE('',*,*,#5293,.T.);
#2484=ORIENTED_EDGE('',*,*,#5279,.T.);
#2485=ORIENTED_EDGE('',*,*,#5113,.F.);
#2486=ORIENTED_EDGE('',*,*,#5294,.F.);
#2487=CARTESIAN_POINT('',(4.2015,3.43,-3.955));
#2488=DIRECTION('',(0.0,0.0,1.0));
#2489=DIRECTION('',(1.0,0.0,0.0));
#2490=ORIENTED_EDGE('',*,*,#5284,.T.);
#2491=ORIENTED_EDGE('',*,*,#5295,.F.);
#2492=ORIENTED_EDGE('',*,*,#5296,.T.);
#2493=ORIENTED_EDGE('',*,*,#5297,.T.);
#2494=CARTESIAN_POINT('',(4.2015,3.43,-4.955));
#2495=DIRECTION('',(-1.0,0.0,0.0));
#2496=DIRECTION('',(0.0,0.0,1.0));
#2497=ORIENTED_EDGE('',*,*,#5287,.T.);
#2498=ORIENTED_EDGE('',*,*,#5298,.F.);
#2499=ORIENTED_EDGE('',*,*,#5197,.T.);
#2500=ORIENTED_EDGE('',*,*,#5299,.T.);
#2501=CARTESIAN_POINT('',(4.2015,3.43,-4.955));
#2502=DIRECTION('',(-1.0,0.0,0.0));
#2503=DIRECTION('',(0.0,0.0,1.0));
#2504=ORIENTED_EDGE('',*,*,#5205,.T.);
#2505=ORIENTED_EDGE('',*,*,#5300,.T.);
#2506=ORIENTED_EDGE('',*,*,#5294,.T.);
#2507=ORIENTED_EDGE('',*,*,#5112,.F.);
#2508=ORIENTED_EDGE('',*,*,#5301,.F.);
#2509=ORIENTED_EDGE('',*,*,#5302,.T.);
#2510=CARTESIAN_POINT('',(4.2015,3.43,-4.955));
#2511=DIRECTION('',(-1.0,0.0,0.0));
#2512=DIRECTION('',(0.0,0.0,1.0));
#2513=ORIENTED_EDGE('',*,*,#5201,.T.);
#2514=ORIENTED_EDGE('',*,*,#5303,.T.);
#2515=ORIENTED_EDGE('',*,*,#5292,.T.);
#2516=ORIENTED_EDGE('',*,*,#5304,.F.);
#2517=CARTESIAN_POINT('',(4.2015,3.43,-4.955));
#2518=DIRECTION('',(-1.0,0.0,0.0));
#2519=DIRECTION('',(0.0,0.0,1.0));
#2520=ORIENTED_EDGE('',*,*,#5154,.F.);
#2521=ORIENTED_EDGE('',*,*,#5305,.F.);
#2522=ORIENTED_EDGE('',*,*,#5306,.T.);
#2523=ORIENTED_EDGE('',*,*,#5307,.T.);
#2524=ORIENTED_EDGE('',*,*,#5308,.T.);
#2525=ORIENTED_EDGE('',*,*,#5309,.F.);
#2526=ORIENTED_EDGE('',*,*,#5271,.T.);
#2527=ORIENTED_EDGE('',*,*,#5285,.F.);
#2528=ORIENTED_EDGE('',*,*,#5297,.F.);
#2529=ORIENTED_EDGE('',*,*,#5310,.F.);
#2530=ORIENTED_EDGE('',*,*,#5311,.T.);
#2531=ORIENTED_EDGE('',*,*,#5312,.F.);
#2532=ORIENTED_EDGE('',*,*,#5313,.F.);
#2533=ORIENTED_EDGE('',*,*,#5314,.F.);
#2534=ORIENTED_EDGE('',*,*,#5315,.T.);
#2535=ORIENTED_EDGE('',*,*,#5316,.F.);
#2536=ORIENTED_EDGE('',*,*,#5317,.F.);
#2537=ORIENTED_EDGE('',*,*,#5318,.F.);
#2538=ORIENTED_EDGE('',*,*,#5319,.T.);
#2539=ORIENTED_EDGE('',*,*,#5320,.F.);
#2540=CARTESIAN_POINT('',(-7.825,3.175,-4.955));
#2541=DIRECTION('',(-0.0,1.0,0.0));
#2542=DIRECTION('',(1.0,0.0,0.0));
#2543=ORIENTED_EDGE('',*,*,#5155,.F.);
#2544=ORIENTED_EDGE('',*,*,#5320,.T.);
#2545=ORIENTED_EDGE('',*,*,#5321,.T.);
#2546=ORIENTED_EDGE('',*,*,#5322,.F.);
#2547=CARTESIAN_POINT('',(-4.7985,3.43,-3.955));
#2548=DIRECTION('',(0.0,0.0,1.0));
#2549=DIRECTION('',(1.0,0.0,0.0));
#2550=ORIENTED_EDGE('',*,*,#5157,.F.);
#2551=ORIENTED_EDGE('',*,*,#5323,.T.);
#2552=ORIENTED_EDGE('',*,*,#5324,.T.);
#2553=ORIENTED_EDGE('',*,*,#5325,.F.);
#2554=CARTESIAN_POINT('',(-4.7985,3.43,-3.955));
#2555=DIRECTION('',(0.0,0.0,1.0));
#2556=DIRECTION('',(1.0,0.0,0.0));
#2557=ORIENTED_EDGE('',*,*,#5326,.T.);
#2558=ORIENTED_EDGE('',*,*,#5327,.T.);
#2559=ORIENTED_EDGE('',*,*,#5328,.F.);
#2560=ORIENTED_EDGE('',*,*,#5163,.F.);
#2561=CARTESIAN_POINT('',(-4.7985,3.43,-3.955));
#2562=DIRECTION('',(0.0,0.0,1.0));
#2563=DIRECTION('',(1.0,0.0,0.0));
#2564=ORIENTED_EDGE('',*,*,#5329,.T.);
#2565=ORIENTED_EDGE('',*,*,#5330,.T.);
#2566=ORIENTED_EDGE('',*,*,#5101,.F.);
#2567=ORIENTED_EDGE('',*,*,#5150,.F.);
#2568=CARTESIAN_POINT('',(-4.7985,3.43,-3.955));
#2569=DIRECTION('',(0.0,0.0,1.0));
#2570=DIRECTION('',(1.0,0.0,0.0));
#2571=ORIENTED_EDGE('',*,*,#5331,.F.);
#2572=ORIENTED_EDGE('',*,*,#5332,.T.);
#2573=ORIENTED_EDGE('',*,*,#5333,.T.);
#2574=ORIENTED_EDGE('',*,*,#5334,.T.);
#2575=ORIENTED_EDGE('',*,*,#5156,.T.);
#2576=ORIENTED_EDGE('',*,*,#5322,.T.);
#2577=ORIENTED_EDGE('',*,*,#5335,.T.);
#2578=ORIENTED_EDGE('',*,*,#5336,.T.);
#2579=CARTESIAN_POINT('',(-4.18,1.85,-5.573266328441));
#2580=DIRECTION('',(-0.0,1.0,0.0));
#2581=DIRECTION('',(1.0,0.0,0.0));
#2582=ORIENTED_EDGE('',*,*,#5337,.F.);
#2583=ORIENTED_EDGE('',*,*,#5338,.F.);
#2584=ORIENTED_EDGE('',*,*,#5339,.T.);
#2585=ORIENTED_EDGE('',*,*,#5340,.F.);
#2586=CARTESIAN_POINT('',(-4.18,1.85,-5.573266328441));
#2587=DIRECTION('',(-0.0,1.0,0.0));
#2588=DIRECTION('',(1.0,0.0,0.0));
#2589=ORIENTED_EDGE('',*,*,#5341,.T.);
#2590=ORIENTED_EDGE('',*,*,#5252,.T.);
#2591=ORIENTED_EDGE('',*,*,#5342,.T.);
#2592=ORIENTED_EDGE('',*,*,#5343,.T.);
#2593=CARTESIAN_POINT('',(-4.18,0.0,0.0));
#2594=DIRECTION('',(1.0,0.0,0.0));
#2595=DIRECTION('',(0.0,1.0,0.0));
#2596=ORIENTED_EDGE('',*,*,#5256,.T.);
#2597=ORIENTED_EDGE('',*,*,#5344,.T.);
#2598=ORIENTED_EDGE('',*,*,#5345,.T.);
#2599=ORIENTED_EDGE('',*,*,#5346,.T.);
#2600=ORIENTED_EDGE('',*,*,#5347,.T.);
#2601=ORIENTED_EDGE('',*,*,#5348,.T.);
#2602=ORIENTED_EDGE('',*,*,#5349,.T.);
#2603=ORIENTED_EDGE('',*,*,#5350,.T.);
#2604=ORIENTED_EDGE('',*,*,#5351,.T.);
#2605=ORIENTED_EDGE('',*,*,#5331,.T.);
#2606=ORIENTED_EDGE('',*,*,#5352,.F.);
#2607=ORIENTED_EDGE('',*,*,#5353,.F.);
#2608=CARTESIAN_POINT('',(-4.18,0.0,0.0));
#2609=DIRECTION('',(1.0,0.0,0.0));
#2610=DIRECTION('',(0.0,1.0,0.0));
#2611=ORIENTED_EDGE('',*,*,#5354,.T.);
#2612=ORIENTED_EDGE('',*,*,#5355,.T.);
#2613=ORIENTED_EDGE('',*,*,#5337,.T.);
#2614=ORIENTED_EDGE('',*,*,#5356,.T.);
#2615=CARTESIAN_POINT('',(-4.18,0.0,0.0));
#2616=DIRECTION('',(1.0,0.0,0.0));
#2617=DIRECTION('',(0.0,1.0,0.0));
#2618=ORIENTED_EDGE('',*,*,#5357,.T.);
#2619=ORIENTED_EDGE('',*,*,#5358,.T.);
#2620=ORIENTED_EDGE('',*,*,#5359,.T.);
#2621=ORIENTED_EDGE('',*,*,#5360,.T.);
#2622=CARTESIAN_POINT('',(-4.18,0.0,0.0));
#2623=DIRECTION('',(1.0,0.0,0.0));
#2624=DIRECTION('',(0.0,1.0,0.0));
#2625=ORIENTED_EDGE('',*,*,#5361,.T.);
#2626=ORIENTED_EDGE('',*,*,#5248,.T.);
#2627=ORIENTED_EDGE('',*,*,#5362,.T.);
#2628=ORIENTED_EDGE('',*,*,#5363,.T.);
#2629=ORIENTED_EDGE('',*,*,#5364,.T.);
#2630=ORIENTED_EDGE('',*,*,#5365,.T.);
#2631=ORIENTED_EDGE('',*,*,#5366,.T.);
#2632=ORIENTED_EDGE('',*,*,#5367,.T.);
#2633=ORIENTED_EDGE('',*,*,#5368,.T.);
#2634=ORIENTED_EDGE('',*,*,#5369,.T.);
#2635=CARTESIAN_POINT('',(-4.18,0.0,0.0));
#2636=DIRECTION('',(1.0,0.0,0.0));
#2637=DIRECTION('',(0.0,1.0,0.0));
#2638=ORIENTED_EDGE('',*,*,#5341,.F.);
#2639=ORIENTED_EDGE('',*,*,#5370,.T.);
#2640=ORIENTED_EDGE('',*,*,#5371,.T.);
#2641=ORIENTED_EDGE('',*,*,#5240,.T.);
#2642=ORIENTED_EDGE('',*,*,#5158,.T.);
#2643=ORIENTED_EDGE('',*,*,#5325,.T.);
#2644=ORIENTED_EDGE('',*,*,#5372,.T.);
#2645=ORIENTED_EDGE('',*,*,#5253,.T.);
#2646=CARTESIAN_POINT('',(-4.18,0.35,-4.955));
#2647=DIRECTION('',(-0.0,1.0,0.0));
#2648=DIRECTION('',(1.0,0.0,0.0));
#2649=ORIENTED_EDGE('',*,*,#5246,.F.);
#2650=ORIENTED_EDGE('',*,*,#5373,.F.);
#2651=ORIENTED_EDGE('',*,*,#5374,.T.);
#2652=ORIENTED_EDGE('',*,*,#5102,.T.);
#2653=ORIENTED_EDGE('',*,*,#5330,.F.);
#2654=ORIENTED_EDGE('',*,*,#5375,.T.);
#2655=CARTESIAN_POINT('',(-4.2015,3.43,-3.955));
#2656=DIRECTION('',(1.0,0.0,0.0));
#2657=DIRECTION('',(0.0,1.0,0.0));
#2658=ORIENTED_EDGE('',*,*,#5376,.F.);
#2659=ORIENTED_EDGE('',*,*,#5335,.F.);
#2660=ORIENTED_EDGE('',*,*,#5321,.F.);
#2661=ORIENTED_EDGE('',*,*,#5319,.F.);
#2662=CARTESIAN_POINT('',(-4.2015,3.43,-3.955));
#2663=DIRECTION('',(1.0,0.0,0.0));
#2664=DIRECTION('',(0.0,1.0,0.0));
#2665=ORIENTED_EDGE('',*,*,#5324,.F.);
#2666=ORIENTED_EDGE('',*,*,#5377,.T.);
#2667=ORIENTED_EDGE('',*,*,#5254,.F.);
#2668=ORIENTED_EDGE('',*,*,#5372,.F.);
#2669=CARTESIAN_POINT('',(-4.2015,3.43,-3.955));
#2670=DIRECTION('',(1.0,0.0,0.0));
#2671=DIRECTION('',(0.0,1.0,0.0));
#2672=ORIENTED_EDGE('',*,*,#5250,.F.);
#2673=ORIENTED_EDGE('',*,*,#5378,.F.);
#2674=ORIENTED_EDGE('',*,*,#5327,.F.);
#2675=ORIENTED_EDGE('',*,*,#5379,.T.);
#2676=CARTESIAN_POINT('',(-4.2015,3.43,-3.955));
#2677=DIRECTION('',(1.0,0.0,0.0));
#2678=DIRECTION('',(0.0,1.0,0.0));
#2679=ORIENTED_EDGE('',*,*,#5357,.F.);
#2680=ORIENTED_EDGE('',*,*,#5380,.T.);
#2681=ORIENTED_EDGE('',*,*,#5381,.T.);
#2682=ORIENTED_EDGE('',*,*,#5382,.T.);
#2683=CARTESIAN_POINT('',(-4.18,-1.79,2.555));
#2684=DIRECTION('',(0.0,-1.0,0.0));
#2685=DIRECTION('',(0.0,0.0,-1.0));
#2686=ORIENTED_EDGE('',*,*,#5149,.F.);
#2687=ORIENTED_EDGE('',*,*,#5245,.F.);
#2688=ORIENTED_EDGE('',*,*,#5383,.T.);
#2689=ORIENTED_EDGE('',*,*,#5384,.F.);
#2690=ORIENTED_EDGE('',*,*,#5362,.F.);
#2691=ORIENTED_EDGE('',*,*,#5247,.F.);
#2692=ORIENTED_EDGE('',*,*,#5375,.F.);
#2693=ORIENTED_EDGE('',*,*,#5329,.F.);
#2694=CARTESIAN_POINT('',(-4.18,-1.79,2.555));
#2695=DIRECTION('',(0.0,-1.0,0.0));
#2696=DIRECTION('',(0.0,0.0,-1.0));
#2697=ORIENTED_EDGE('',*,*,#5385,.T.);
#2698=ORIENTED_EDGE('',*,*,#5386,.T.);
#2699=ORIENTED_EDGE('',*,*,#5387,.T.);
#2700=ORIENTED_EDGE('',*,*,#5388,.T.);
#2701=ORIENTED_EDGE('',*,*,#5389,.T.);
#2702=ORIENTED_EDGE('',*,*,#5390,.F.);
#2703=ORIENTED_EDGE('',*,*,#5391,.F.);
#2704=ORIENTED_EDGE('',*,*,#5392,.T.);
#2705=ORIENTED_EDGE('',*,*,#5393,.T.);
#2706=CARTESIAN_POINT('',(-7.825,3.43,-1.645));
#2707=DIRECTION('',(0.0,0.0,1.0));
#2708=DIRECTION('',(1.0,0.0,0.0));
#2709=ORIENTED_EDGE('',*,*,#5394,.T.);
#2710=ORIENTED_EDGE('',*,*,#5395,.T.);
#2711=ORIENTED_EDGE('',*,*,#5396,.T.);
#2712=ORIENTED_EDGE('',*,*,#5397,.T.);
#2713=ORIENTED_EDGE('',*,*,#5398,.T.);
#2714=ORIENTED_EDGE('',*,*,#5399,.F.);
#2715=ORIENTED_EDGE('',*,*,#5400,.F.);
#2716=ORIENTED_EDGE('',*,*,#5401,.T.);
#2717=ORIENTED_EDGE('',*,*,#5402,.T.);
#2718=CARTESIAN_POINT('',(-7.825,3.43,-1.645));
#2719=DIRECTION('',(0.0,0.0,1.0));
#2720=DIRECTION('',(1.0,0.0,0.0));
#2721=ORIENTED_EDGE('',*,*,#5403,.T.);
#2722=ORIENTED_EDGE('',*,*,#5404,.T.);
#2723=ORIENTED_EDGE('',*,*,#5405,.T.);
#2724=ORIENTED_EDGE('',*,*,#5406,.T.);
#2725=ORIENTED_EDGE('',*,*,#5407,.T.);
#2726=ORIENTED_EDGE('',*,*,#5408,.F.);
#2727=ORIENTED_EDGE('',*,*,#5409,.F.);
#2728=ORIENTED_EDGE('',*,*,#5410,.T.);
#2729=ORIENTED_EDGE('',*,*,#5411,.T.);
#2730=CARTESIAN_POINT('',(-7.825,3.43,-1.645));
#2731=DIRECTION('',(0.0,0.0,1.0));
#2732=DIRECTION('',(1.0,0.0,0.0));
#2733=ORIENTED_EDGE('',*,*,#5412,.T.);
#2734=ORIENTED_EDGE('',*,*,#5413,.T.);
#2735=ORIENTED_EDGE('',*,*,#5414,.T.);
#2736=ORIENTED_EDGE('',*,*,#5415,.T.);
#2737=ORIENTED_EDGE('',*,*,#5416,.T.);
#2738=ORIENTED_EDGE('',*,*,#5417,.F.);
#2739=ORIENTED_EDGE('',*,*,#5418,.F.);
#2740=ORIENTED_EDGE('',*,*,#5419,.T.);
#2741=ORIENTED_EDGE('',*,*,#5420,.T.);
#2742=CARTESIAN_POINT('',(-7.825,3.43,-1.645));
#2743=DIRECTION('',(0.0,0.0,1.0));
#2744=DIRECTION('',(1.0,0.0,0.0));
#2745=ORIENTED_EDGE('',*,*,#5421,.T.);
#2746=ORIENTED_EDGE('',*,*,#5422,.T.);
#2747=ORIENTED_EDGE('',*,*,#5423,.T.);
#2748=ORIENTED_EDGE('',*,*,#5424,.T.);
#2749=ORIENTED_EDGE('',*,*,#5425,.T.);
#2750=ORIENTED_EDGE('',*,*,#5426,.F.);
#2751=ORIENTED_EDGE('',*,*,#5427,.F.);
#2752=ORIENTED_EDGE('',*,*,#5428,.T.);
#2753=ORIENTED_EDGE('',*,*,#5429,.T.);
#2754=CARTESIAN_POINT('',(-7.825,3.43,-1.645));
#2755=DIRECTION('',(0.0,0.0,1.0));
#2756=DIRECTION('',(1.0,0.0,0.0));
#2757=ORIENTED_EDGE('',*,*,#5430,.T.);
#2758=ORIENTED_EDGE('',*,*,#5431,.T.);
#2759=ORIENTED_EDGE('',*,*,#5432,.T.);
#2760=ORIENTED_EDGE('',*,*,#5433,.T.);
#2761=ORIENTED_EDGE('',*,*,#5434,.T.);
#2762=ORIENTED_EDGE('',*,*,#5435,.F.);
#2763=ORIENTED_EDGE('',*,*,#5436,.F.);
#2764=ORIENTED_EDGE('',*,*,#5437,.T.);
#2765=ORIENTED_EDGE('',*,*,#5438,.T.);
#2766=CARTESIAN_POINT('',(-7.825,3.43,-1.645));
#2767=DIRECTION('',(0.0,0.0,1.0));
#2768=DIRECTION('',(1.0,0.0,0.0));
#2769=ORIENTED_EDGE('',*,*,#5439,.T.);
#2770=ORIENTED_EDGE('',*,*,#5440,.T.);
#2771=ORIENTED_EDGE('',*,*,#5441,.T.);
#2772=ORIENTED_EDGE('',*,*,#5442,.T.);
#2773=ORIENTED_EDGE('',*,*,#5443,.T.);
#2774=ORIENTED_EDGE('',*,*,#5358,.F.);
#2775=ORIENTED_EDGE('',*,*,#5382,.F.);
#2776=ORIENTED_EDGE('',*,*,#5444,.T.);
#2777=ORIENTED_EDGE('',*,*,#5445,.T.);
#2778=CARTESIAN_POINT('',(-7.825,3.43,-1.645));
#2779=DIRECTION('',(0.0,0.0,1.0));
#2780=DIRECTION('',(1.0,0.0,0.0));
#2781=ORIENTED_EDGE('',*,*,#5446,.T.);
#2782=ORIENTED_EDGE('',*,*,#5447,.T.);
#2783=ORIENTED_EDGE('',*,*,#5448,.T.);
#2784=ORIENTED_EDGE('',*,*,#5449,.T.);
#2785=ORIENTED_EDGE('',*,*,#5355,.F.);
#2786=ORIENTED_EDGE('',*,*,#5450,.F.);
#2787=ORIENTED_EDGE('',*,*,#5451,.T.);
#2788=ORIENTED_EDGE('',*,*,#5338,.T.);
#2789=CARTESIAN_POINT('',(-7.825,3.43,-1.645));
#2790=DIRECTION('',(0.0,0.0,1.0));
#2791=DIRECTION('',(1.0,0.0,0.0));
#2792=ORIENTED_EDGE('',*,*,#5061,.T.);
#2793=ORIENTED_EDGE('',*,*,#5452,.T.);
#2794=ORIENTED_EDGE('',*,*,#5385,.F.);
#2795=ORIENTED_EDGE('',*,*,#5453,.F.);
#2796=CARTESIAN_POINT('',(3.23,2.77,4.955));
#2797=DIRECTION('',(-1.0,0.0,0.0));
#2798=DIRECTION('',(0.0,0.0,1.0));
#2799=ORIENTED_EDGE('',*,*,#5062,.T.);
#2800=ORIENTED_EDGE('',*,*,#5453,.T.);
#2801=ORIENTED_EDGE('',*,*,#5389,.F.);
#2802=ORIENTED_EDGE('',*,*,#5454,.F.);
#2803=CARTESIAN_POINT('',(5.77,2.77,4.955));
#2804=DIRECTION('',(-0.0,1.0,0.0));
#2805=DIRECTION('',(1.0,0.0,0.0));
#2806=ORIENTED_EDGE('',*,*,#5063,.T.);
#2807=ORIENTED_EDGE('',*,*,#5454,.T.);
#2808=ORIENTED_EDGE('',*,*,#5388,.F.);
#2809=ORIENTED_EDGE('',*,*,#5455,.F.);
#2810=CARTESIAN_POINT('',(5.77,0.23,4.955));
#2811=DIRECTION('',(1.0,0.0,0.0));
#2812=DIRECTION('',(0.0,1.0,0.0));
#2813=ORIENTED_EDGE('',*,*,#5064,.T.);
#2814=ORIENTED_EDGE('',*,*,#5455,.T.);
#2815=ORIENTED_EDGE('',*,*,#5387,.F.);
#2816=ORIENTED_EDGE('',*,*,#5456,.F.);
#2817=CARTESIAN_POINT('',(3.93,0.23,4.955));
#2818=DIRECTION('',(0.0,-1.0,0.0));
#2819=DIRECTION('',(0.0,0.0,-1.0));
#2820=ORIENTED_EDGE('',*,*,#5065,.T.);
#2821=ORIENTED_EDGE('',*,*,#5456,.T.);
#2822=ORIENTED_EDGE('',*,*,#5386,.F.);
#2823=ORIENTED_EDGE('',*,*,#5452,.F.);
#2824=CARTESIAN_POINT('',(3.23,0.93,4.955));
#2825=DIRECTION('',(-0.707106781186548,-0.707106781186548,0.0));
#2826=DIRECTION('',(-0.707106781186548,0.707106781186548,0.0));
#2827=ORIENTED_EDGE('',*,*,#5066,.T.);
#2828=ORIENTED_EDGE('',*,*,#5457,.T.);
#2829=ORIENTED_EDGE('',*,*,#5394,.F.);
#2830=ORIENTED_EDGE('',*,*,#5458,.F.);
#2831=CARTESIAN_POINT('',(5.77,-0.23,4.955));
#2832=DIRECTION('',(-0.0,1.0,0.0));
#2833=DIRECTION('',(1.0,0.0,0.0));
#2834=ORIENTED_EDGE('',*,*,#5067,.T.);
#2835=ORIENTED_EDGE('',*,*,#5458,.T.);
#2836=ORIENTED_EDGE('',*,*,#5398,.F.);
#2837=ORIENTED_EDGE('',*,*,#5459,.F.);
#2838=CARTESIAN_POINT('',(5.77,-2.77,4.955));
#2839=DIRECTION('',(1.0,0.0,0.0));
#2840=DIRECTION('',(0.0,1.0,0.0));
#2841=ORIENTED_EDGE('',*,*,#5068,.T.);
#2842=ORIENTED_EDGE('',*,*,#5459,.T.);
#2843=ORIENTED_EDGE('',*,*,#5397,.F.);
#2844=ORIENTED_EDGE('',*,*,#5460,.F.);
#2845=CARTESIAN_POINT('',(3.93,-2.77,4.955));
#2846=DIRECTION('',(0.0,-1.0,0.0));
#2847=DIRECTION('',(0.0,0.0,-1.0));
#2848=ORIENTED_EDGE('',*,*,#5069,.T.);
#2849=ORIENTED_EDGE('',*,*,#5460,.T.);
#2850=ORIENTED_EDGE('',*,*,#5396,.F.);
#2851=ORIENTED_EDGE('',*,*,#5461,.F.);
#2852=CARTESIAN_POINT('',(3.23,-2.07,4.955));
#2853=DIRECTION('',(-0.707106781186548,-0.707106781186548,0.0));
#2854=DIRECTION('',(-0.707106781186548,0.707106781186548,0.0));
#2855=ORIENTED_EDGE('',*,*,#5070,.T.);
#2856=ORIENTED_EDGE('',*,*,#5461,.T.);
#2857=ORIENTED_EDGE('',*,*,#5395,.F.);
#2858=ORIENTED_EDGE('',*,*,#5457,.F.);
#2859=CARTESIAN_POINT('',(3.23,-0.23,4.955));
#2860=DIRECTION('',(-1.0,0.0,0.0));
#2861=DIRECTION('',(0.0,0.0,1.0));
#2862=ORIENTED_EDGE('',*,*,#5071,.T.);
#2863=ORIENTED_EDGE('',*,*,#5462,.T.);
#2864=ORIENTED_EDGE('',*,*,#5403,.F.);
#2865=ORIENTED_EDGE('',*,*,#5463,.F.);
#2866=CARTESIAN_POINT('',(0.23,-0.23,4.955));
#2867=DIRECTION('',(-1.0,0.0,0.0));
#2868=DIRECTION('',(0.0,0.0,1.0));
#2869=ORIENTED_EDGE('',*,*,#5072,.T.);
#2870=ORIENTED_EDGE('',*,*,#5463,.T.);
#2871=ORIENTED_EDGE('',*,*,#5407,.F.);
#2872=ORIENTED_EDGE('',*,*,#5464,.F.);
#2873=CARTESIAN_POINT('',(2.77,-0.23,4.955));
#2874=DIRECTION('',(-0.0,1.0,0.0));
#2875=DIRECTION('',(1.0,0.0,0.0));
#2876=ORIENTED_EDGE('',*,*,#5073,.T.);
#2877=ORIENTED_EDGE('',*,*,#5464,.T.);
#2878=ORIENTED_EDGE('',*,*,#5406,.F.);
#2879=ORIENTED_EDGE('',*,*,#5465,.F.);
#2880=CARTESIAN_POINT('',(2.77,-2.07,4.955));
#2881=DIRECTION('',(1.0,0.0,0.0));
#2882=DIRECTION('',(0.0,1.0,0.0));
#2883=ORIENTED_EDGE('',*,*,#5074,.T.);
#2884=ORIENTED_EDGE('',*,*,#5465,.T.);
#2885=ORIENTED_EDGE('',*,*,#5405,.F.);
#2886=ORIENTED_EDGE('',*,*,#5466,.F.);
#2887=CARTESIAN_POINT('',(2.07,-2.77,4.955));
#2888=DIRECTION('',(0.707106781186548,-0.707106781186548,0.0));
#2889=DIRECTION('',(0.0,0.0,-1.0));
#2890=ORIENTED_EDGE('',*,*,#5075,.T.);
#2891=ORIENTED_EDGE('',*,*,#5466,.T.);
#2892=ORIENTED_EDGE('',*,*,#5404,.F.);
#2893=ORIENTED_EDGE('',*,*,#5462,.F.);
#2894=CARTESIAN_POINT('',(0.23,-2.77,4.955));
#2895=DIRECTION('',(0.0,-1.0,0.0));
#2896=DIRECTION('',(0.0,0.0,-1.0));
#2897=ORIENTED_EDGE('',*,*,#5076,.T.);
#2898=ORIENTED_EDGE('',*,*,#5467,.T.);
#2899=ORIENTED_EDGE('',*,*,#5412,.F.);
#2900=ORIENTED_EDGE('',*,*,#5468,.F.);
#2901=CARTESIAN_POINT('',(0.23,0.23,4.955));
#2902=DIRECTION('',(0.0,-1.0,0.0));
#2903=DIRECTION('',(0.0,0.0,-1.0));
#2904=ORIENTED_EDGE('',*,*,#5077,.T.);
#2905=ORIENTED_EDGE('',*,*,#5468,.T.);
#2906=ORIENTED_EDGE('',*,*,#5416,.F.);
#2907=ORIENTED_EDGE('',*,*,#5469,.F.);
#2908=CARTESIAN_POINT('',(0.23,2.77,4.955));
#2909=DIRECTION('',(-1.0,0.0,0.0));
#2910=DIRECTION('',(0.0,0.0,1.0));
#2911=ORIENTED_EDGE('',*,*,#5078,.T.);
#2912=ORIENTED_EDGE('',*,*,#5469,.T.);
#2913=ORIENTED_EDGE('',*,*,#5415,.F.);
#2914=ORIENTED_EDGE('',*,*,#5470,.F.);
#2915=CARTESIAN_POINT('',(2.77,2.77,4.955));
#2916=DIRECTION('',(-0.0,1.0,0.0));
#2917=DIRECTION('',(1.0,0.0,0.0));
#2918=ORIENTED_EDGE('',*,*,#5079,.T.);
#2919=ORIENTED_EDGE('',*,*,#5470,.T.);
#2920=ORIENTED_EDGE('',*,*,#5414,.F.);
#2921=ORIENTED_EDGE('',*,*,#5471,.F.);
#2922=CARTESIAN_POINT('',(2.77,0.93,4.955));
#2923=DIRECTION('',(1.0,0.0,0.0));
#2924=DIRECTION('',(0.0,1.0,0.0));
#2925=ORIENTED_EDGE('',*,*,#5080,.T.);
#2926=ORIENTED_EDGE('',*,*,#5471,.T.);
#2927=ORIENTED_EDGE('',*,*,#5413,.F.);
#2928=ORIENTED_EDGE('',*,*,#5467,.F.);
#2929=CARTESIAN_POINT('',(2.07,0.23,4.955));
#2930=DIRECTION('',(0.707106781186548,-0.707106781186548,0.0));
#2931=DIRECTION('',(0.0,0.0,-1.0));
#2932=ORIENTED_EDGE('',*,*,#5081,.T.);
#2933=ORIENTED_EDGE('',*,*,#5472,.T.);
#2934=ORIENTED_EDGE('',*,*,#5421,.F.);
#2935=ORIENTED_EDGE('',*,*,#5473,.F.);
#2936=CARTESIAN_POINT('',(-2.07,0.23,4.955));
#2937=DIRECTION('',(0.0,-1.0,0.0));
#2938=DIRECTION('',(0.0,0.0,-1.0));
#2939=ORIENTED_EDGE('',*,*,#5082,.T.);
#2940=ORIENTED_EDGE('',*,*,#5473,.T.);
#2941=ORIENTED_EDGE('',*,*,#5425,.F.);
#2942=ORIENTED_EDGE('',*,*,#5474,.F.);
#2943=CARTESIAN_POINT('',(-2.77,0.93,4.955));
#2944=DIRECTION('',(-0.707106781186548,-0.707106781186548,0.0));
#2945=DIRECTION('',(-0.707106781186548,0.707106781186548,0.0));
#2946=ORIENTED_EDGE('',*,*,#5083,.T.);
#2947=ORIENTED_EDGE('',*,*,#5474,.T.);
#2948=ORIENTED_EDGE('',*,*,#5424,.F.);
#2949=ORIENTED_EDGE('',*,*,#5475,.F.);
#2950=CARTESIAN_POINT('',(-2.77,2.77,4.955));
#2951=DIRECTION('',(-1.0,0.0,0.0));
#2952=DIRECTION('',(0.0,0.0,1.0));
#2953=ORIENTED_EDGE('',*,*,#5084,.T.);
#2954=ORIENTED_EDGE('',*,*,#5475,.T.);
#2955=ORIENTED_EDGE('',*,*,#5423,.F.);
#2956=ORIENTED_EDGE('',*,*,#5476,.F.);
#2957=CARTESIAN_POINT('',(-0.23,2.77,4.955));
#2958=DIRECTION('',(-0.0,1.0,0.0));
#2959=DIRECTION('',(1.0,0.0,0.0));
#2960=ORIENTED_EDGE('',*,*,#5085,.T.);
#2961=ORIENTED_EDGE('',*,*,#5476,.T.);
#2962=ORIENTED_EDGE('',*,*,#5422,.F.);
#2963=ORIENTED_EDGE('',*,*,#5472,.F.);
#2964=CARTESIAN_POINT('',(-0.23,0.23,4.955));
#2965=DIRECTION('',(1.0,0.0,0.0));
#2966=DIRECTION('',(0.0,1.0,0.0));
#2967=ORIENTED_EDGE('',*,*,#5086,.T.);
#2968=ORIENTED_EDGE('',*,*,#5477,.T.);
#2969=ORIENTED_EDGE('',*,*,#5430,.F.);
#2970=ORIENTED_EDGE('',*,*,#5478,.F.);
#2971=CARTESIAN_POINT('',(-0.23,-0.23,4.955));
#2972=DIRECTION('',(-0.0,1.0,0.0));
#2973=DIRECTION('',(1.0,0.0,0.0));
#2974=ORIENTED_EDGE('',*,*,#5087,.T.);
#2975=ORIENTED_EDGE('',*,*,#5478,.T.);
#2976=ORIENTED_EDGE('',*,*,#5434,.F.);
#2977=ORIENTED_EDGE('',*,*,#5479,.F.);
#2978=CARTESIAN_POINT('',(-0.23,-2.77,4.955));
#2979=DIRECTION('',(1.0,0.0,0.0));
#2980=DIRECTION('',(0.0,1.0,0.0));
#2981=ORIENTED_EDGE('',*,*,#5088,.T.);
#2982=ORIENTED_EDGE('',*,*,#5479,.T.);
#2983=ORIENTED_EDGE('',*,*,#5433,.F.);
#2984=ORIENTED_EDGE('',*,*,#5480,.F.);
#2985=CARTESIAN_POINT('',(-2.07,-2.77,4.955));
#2986=DIRECTION('',(0.0,-1.0,0.0));
#2987=DIRECTION('',(0.0,0.0,-1.0));
#2988=ORIENTED_EDGE('',*,*,#5089,.T.);
#2989=ORIENTED_EDGE('',*,*,#5480,.T.);
#2990=ORIENTED_EDGE('',*,*,#5432,.F.);
#2991=ORIENTED_EDGE('',*,*,#5481,.F.);
#2992=CARTESIAN_POINT('',(-2.77,-2.07,4.955));
#2993=DIRECTION('',(-0.707106781186548,-0.707106781186548,0.0));
#2994=DIRECTION('',(-0.707106781186548,0.707106781186548,0.0));
#2995=ORIENTED_EDGE('',*,*,#5090,.T.);
#2996=ORIENTED_EDGE('',*,*,#5481,.T.);
#2997=ORIENTED_EDGE('',*,*,#5431,.F.);
#2998=ORIENTED_EDGE('',*,*,#5477,.F.);
#2999=CARTESIAN_POINT('',(-2.77,-0.23,4.955));
#3000=DIRECTION('',(-1.0,0.0,0.0));
#3001=DIRECTION('',(0.0,0.0,1.0));
#3002=ORIENTED_EDGE('',*,*,#5091,.T.);
#3003=ORIENTED_EDGE('',*,*,#5482,.T.);
#3004=ORIENTED_EDGE('',*,*,#5439,.F.);
#3005=ORIENTED_EDGE('',*,*,#5483,.F.);
#3006=CARTESIAN_POINT('',(-5.77,-2.77,4.955));
#3007=DIRECTION('',(0.0,-1.0,0.0));
#3008=DIRECTION('',(0.0,0.0,-1.0));
#3009=ORIENTED_EDGE('',*,*,#5092,.T.);
#3010=ORIENTED_EDGE('',*,*,#5483,.T.);
#3011=ORIENTED_EDGE('',*,*,#5443,.F.);
#3012=ORIENTED_EDGE('',*,*,#5484,.F.);
#3013=CARTESIAN_POINT('',(-5.77,-0.23,4.955));
#3014=DIRECTION('',(-1.0,0.0,0.0));
#3015=DIRECTION('',(0.0,0.0,1.0));
#3016=ORIENTED_EDGE('',*,*,#5093,.T.);
#3017=ORIENTED_EDGE('',*,*,#5484,.T.);
#3018=ORIENTED_EDGE('',*,*,#5442,.F.);
#3019=ORIENTED_EDGE('',*,*,#5485,.F.);
#3020=CARTESIAN_POINT('',(-3.23,-0.23,4.955));
#3021=DIRECTION('',(-0.0,1.0,0.0));
#3022=DIRECTION('',(1.0,0.0,0.0));
#3023=ORIENTED_EDGE('',*,*,#5094,.T.);
#3024=ORIENTED_EDGE('',*,*,#5485,.T.);
#3025=ORIENTED_EDGE('',*,*,#5441,.F.);
#3026=ORIENTED_EDGE('',*,*,#5486,.F.);
#3027=CARTESIAN_POINT('',(-3.23,-2.07,4.955));
#3028=DIRECTION('',(1.0,0.0,0.0));
#3029=DIRECTION('',(0.0,1.0,0.0));
#3030=ORIENTED_EDGE('',*,*,#5095,.T.);
#3031=ORIENTED_EDGE('',*,*,#5486,.T.);
#3032=ORIENTED_EDGE('',*,*,#5440,.F.);
#3033=ORIENTED_EDGE('',*,*,#5482,.F.);
#3034=CARTESIAN_POINT('',(-3.93,-2.77,4.955));
#3035=DIRECTION('',(0.707106781186548,-0.707106781186548,0.0));
#3036=DIRECTION('',(0.0,0.0,-1.0));
#3037=ORIENTED_EDGE('',*,*,#5096,.T.);
#3038=ORIENTED_EDGE('',*,*,#5487,.T.);
#3039=ORIENTED_EDGE('',*,*,#5446,.F.);
#3040=ORIENTED_EDGE('',*,*,#5488,.F.);
#3041=CARTESIAN_POINT('',(-5.77,0.23,4.955));
#3042=DIRECTION('',(0.0,-1.0,0.0));
#3043=DIRECTION('',(0.0,0.0,-1.0));
#3044=ORIENTED_EDGE('',*,*,#5097,.T.);
#3045=ORIENTED_EDGE('',*,*,#5488,.T.);
#3046=ORIENTED_EDGE('',*,*,#5449,.F.);
#3047=ORIENTED_EDGE('',*,*,#5489,.F.);
#3048=CARTESIAN_POINT('',(-5.77,2.77,4.955));
#3049=DIRECTION('',(-1.0,0.0,0.0));
#3050=DIRECTION('',(0.0,0.0,1.0));
#3051=ORIENTED_EDGE('',*,*,#5098,.T.);
#3052=ORIENTED_EDGE('',*,*,#5489,.T.);
#3053=ORIENTED_EDGE('',*,*,#5448,.F.);
#3054=ORIENTED_EDGE('',*,*,#5490,.F.);
#3055=CARTESIAN_POINT('',(-3.23,2.77,4.955));
#3056=DIRECTION('',(-0.0,1.0,0.0));
#3057=DIRECTION('',(1.0,0.0,0.0));
#3058=ORIENTED_EDGE('',*,*,#5099,.T.);
#3059=ORIENTED_EDGE('',*,*,#5490,.T.);
#3060=ORIENTED_EDGE('',*,*,#5447,.F.);
#3061=ORIENTED_EDGE('',*,*,#5487,.F.);
#3062=CARTESIAN_POINT('',(-3.23,0.23,4.955));
#3063=DIRECTION('',(1.0,0.0,0.0));
#3064=DIRECTION('',(0.0,1.0,0.0));
#3065=ORIENTED_EDGE('',*,*,#5491,.T.);
#3066=ORIENTED_EDGE('',*,*,#5171,.T.);
#3067=ORIENTED_EDGE('',*,*,#5492,.T.);
#3068=ORIENTED_EDGE('',*,*,#5493,.T.);
#3069=CARTESIAN_POINT('',(4.82,0.0,0.0));
#3070=DIRECTION('',(1.0,0.0,0.0));
#3071=DIRECTION('',(0.0,1.0,0.0));
#3072=ORIENTED_EDGE('',*,*,#5494,.T.);
#3073=ORIENTED_EDGE('',*,*,#5390,.T.);
#3074=ORIENTED_EDGE('',*,*,#5495,.T.);
#3075=ORIENTED_EDGE('',*,*,#5496,.T.);
#3076=CARTESIAN_POINT('',(4.82,0.0,0.0));
#3077=DIRECTION('',(1.0,0.0,0.0));
#3078=DIRECTION('',(0.0,1.0,0.0));
#3079=ORIENTED_EDGE('',*,*,#5497,.T.);
#3080=ORIENTED_EDGE('',*,*,#5498,.F.);
#3081=ORIENTED_EDGE('',*,*,#5499,.F.);
#3082=ORIENTED_EDGE('',*,*,#5175,.T.);
#3083=ORIENTED_EDGE('',*,*,#5500,.T.);
#3084=ORIENTED_EDGE('',*,*,#5501,.T.);
#3085=ORIENTED_EDGE('',*,*,#5502,.T.);
#3086=ORIENTED_EDGE('',*,*,#5503,.T.);
#3087=ORIENTED_EDGE('',*,*,#5504,.T.);
#3088=ORIENTED_EDGE('',*,*,#5505,.T.);
#3089=ORIENTED_EDGE('',*,*,#5506,.T.);
#3090=ORIENTED_EDGE('',*,*,#5507,.T.);
#3091=CARTESIAN_POINT('',(4.82,0.0,0.0));
#3092=DIRECTION('',(1.0,0.0,0.0));
#3093=DIRECTION('',(0.0,1.0,0.0));
#3094=ORIENTED_EDGE('',*,*,#5508,.T.);
#3095=ORIENTED_EDGE('',*,*,#5399,.T.);
#3096=ORIENTED_EDGE('',*,*,#5509,.T.);
#3097=ORIENTED_EDGE('',*,*,#5510,.T.);
#3098=CARTESIAN_POINT('',(4.82,0.0,0.0));
#3099=DIRECTION('',(1.0,0.0,0.0));
#3100=DIRECTION('',(0.0,1.0,0.0));
#3101=ORIENTED_EDGE('',*,*,#5511,.T.);
#3102=ORIENTED_EDGE('',*,*,#5167,.T.);
#3103=ORIENTED_EDGE('',*,*,#5512,.T.);
#3104=ORIENTED_EDGE('',*,*,#5513,.T.);
#3105=ORIENTED_EDGE('',*,*,#5514,.T.);
#3106=ORIENTED_EDGE('',*,*,#5515,.T.);
#3107=ORIENTED_EDGE('',*,*,#5516,.T.);
#3108=ORIENTED_EDGE('',*,*,#5517,.T.);
#3109=ORIENTED_EDGE('',*,*,#5518,.T.);
#3110=ORIENTED_EDGE('',*,*,#5519,.T.);
#3111=CARTESIAN_POINT('',(4.82,0.0,0.0));
#3112=DIRECTION('',(1.0,0.0,0.0));
#3113=DIRECTION('',(0.0,1.0,0.0));
#3114=ORIENTED_EDGE('',*,*,#5491,.F.);
#3115=ORIENTED_EDGE('',*,*,#5520,.T.);
#3116=ORIENTED_EDGE('',*,*,#5521,.T.);
#3117=ORIENTED_EDGE('',*,*,#5198,.T.);
#3118=ORIENTED_EDGE('',*,*,#5298,.T.);
#3119=ORIENTED_EDGE('',*,*,#5289,.T.);
#3120=ORIENTED_EDGE('',*,*,#5276,.T.);
#3121=ORIENTED_EDGE('',*,*,#5172,.T.);
#3122=CARTESIAN_POINT('',(4.82,0.35,-4.955));
#3123=DIRECTION('',(-0.0,1.0,0.0));
#3124=DIRECTION('',(1.0,0.0,0.0));
#3125=ORIENTED_EDGE('',*,*,#5195,.T.);
#3126=ORIENTED_EDGE('',*,*,#5522,.T.);
#3127=ORIENTED_EDGE('',*,*,#5523,.T.);
#3128=ORIENTED_EDGE('',*,*,#5524,.F.);
#3129=ORIENTED_EDGE('',*,*,#5525,.F.);
#3130=ORIENTED_EDGE('',*,*,#5526,.F.);
#3131=ORIENTED_EDGE('',*,*,#5527,.F.);
#3132=ORIENTED_EDGE('',*,*,#5528,.F.);
#3133=ORIENTED_EDGE('',*,*,#5529,.F.);
#3134=ORIENTED_EDGE('',*,*,#5530,.F.);
#3135=ORIENTED_EDGE('',*,*,#5531,.F.);
#3136=ORIENTED_EDGE('',*,*,#5532,.F.);
#3137=CARTESIAN_POINT('',(4.18,0.0,0.0));
#3138=DIRECTION('',(1.0,0.0,0.0));
#3139=DIRECTION('',(0.0,1.0,0.0));
#3140=ORIENTED_EDGE('',*,*,#5521,.F.);
#3141=ORIENTED_EDGE('',*,*,#5533,.F.);
#3142=ORIENTED_EDGE('',*,*,#5534,.F.);
#3143=ORIENTED_EDGE('',*,*,#5199,.F.);
#3144=CARTESIAN_POINT('',(4.18,0.0,0.0));
#3145=DIRECTION('',(1.0,0.0,0.0));
#3146=DIRECTION('',(0.0,1.0,0.0));
#3147=ORIENTED_EDGE('',*,*,#5535,.F.);
#3148=ORIENTED_EDGE('',*,*,#5536,.F.);
#3149=ORIENTED_EDGE('',*,*,#5537,.F.);
#3150=ORIENTED_EDGE('',*,*,#5392,.F.);
#3151=CARTESIAN_POINT('',(4.18,0.0,0.0));
#3152=DIRECTION('',(1.0,0.0,0.0));
#3153=DIRECTION('',(0.0,1.0,0.0));
#3154=ORIENTED_EDGE('',*,*,#5538,.F.);
#3155=ORIENTED_EDGE('',*,*,#5539,.F.);
#3156=ORIENTED_EDGE('',*,*,#5540,.F.);
#3157=ORIENTED_EDGE('',*,*,#5401,.F.);
#3158=CARTESIAN_POINT('',(4.18,0.0,0.0));
#3159=DIRECTION('',(1.0,0.0,0.0));
#3160=DIRECTION('',(0.0,1.0,0.0));
#3161=ORIENTED_EDGE('',*,*,#5541,.F.);
#3162=ORIENTED_EDGE('',*,*,#5542,.F.);
#3163=ORIENTED_EDGE('',*,*,#5543,.F.);
#3164=ORIENTED_EDGE('',*,*,#5544,.F.);
#3165=ORIENTED_EDGE('',*,*,#5545,.F.);
#3166=ORIENTED_EDGE('',*,*,#5546,.F.);
#3167=ORIENTED_EDGE('',*,*,#5547,.F.);
#3168=ORIENTED_EDGE('',*,*,#5548,.F.);
#3169=ORIENTED_EDGE('',*,*,#5549,.F.);
#3170=ORIENTED_EDGE('',*,*,#5203,.F.);
#3171=CARTESIAN_POINT('',(4.18,0.0,0.0));
#3172=DIRECTION('',(1.0,0.0,0.0));
#3173=DIRECTION('',(0.0,1.0,0.0));
#3174=ORIENTED_EDGE('',*,*,#5494,.F.);
#3175=ORIENTED_EDGE('',*,*,#5550,.T.);
#3176=ORIENTED_EDGE('',*,*,#5535,.T.);
#3177=ORIENTED_EDGE('',*,*,#5391,.T.);
#3178=CARTESIAN_POINT('',(4.82,1.21,2.555));
#3179=DIRECTION('',(0.0,-1.0,0.0));
#3180=DIRECTION('',(0.0,0.0,-1.0));
#3181=ORIENTED_EDGE('',*,*,#5299,.F.);
#3182=ORIENTED_EDGE('',*,*,#5196,.F.);
#3183=ORIENTED_EDGE('',*,*,#5532,.T.);
#3184=ORIENTED_EDGE('',*,*,#5551,.F.);
#3185=ORIENTED_EDGE('',*,*,#5500,.F.);
#3186=ORIENTED_EDGE('',*,*,#5174,.F.);
#3187=ORIENTED_EDGE('',*,*,#5275,.F.);
#3188=ORIENTED_EDGE('',*,*,#5288,.F.);
#3189=CARTESIAN_POINT('',(4.82,1.21,2.555));
#3190=DIRECTION('',(0.0,-1.0,0.0));
#3191=DIRECTION('',(0.0,0.0,-1.0));
#3192=ORIENTED_EDGE('',*,*,#5496,.F.);
#3193=ORIENTED_EDGE('',*,*,#5552,.T.);
#3194=ORIENTED_EDGE('',*,*,#5536,.T.);
#3195=ORIENTED_EDGE('',*,*,#5550,.F.);
#3196=CARTESIAN_POINT('',(4.82,1.85,2.555));
#3197=DIRECTION('',(0.0,0.0,1.0));
#3198=DIRECTION('',(1.0,0.0,0.0));
#3199=ORIENTED_EDGE('',*,*,#5497,.F.);
#3200=ORIENTED_EDGE('',*,*,#5553,.T.);
#3201=ORIENTED_EDGE('',*,*,#5524,.T.);
#3202=ORIENTED_EDGE('',*,*,#5554,.T.);
#3203=ORIENTED_EDGE('',*,*,#5295,.T.);
#3204=ORIENTED_EDGE('',*,*,#5286,.T.);
#3205=ORIENTED_EDGE('',*,*,#5273,.T.);
#3206=ORIENTED_EDGE('',*,*,#5555,.T.);
#3207=CARTESIAN_POINT('',(4.82,1.85,-5.573266328441));
#3208=DIRECTION('',(-0.0,1.0,0.0));
#3209=DIRECTION('',(1.0,0.0,0.0));
#3210=ORIENTED_EDGE('',*,*,#5495,.F.);
#3211=ORIENTED_EDGE('',*,*,#5393,.F.);
#3212=ORIENTED_EDGE('',*,*,#5537,.T.);
#3213=ORIENTED_EDGE('',*,*,#5552,.F.);
#3214=CARTESIAN_POINT('',(4.82,1.85,-5.573266328441));
#3215=DIRECTION('',(-0.0,1.0,0.0));
#3216=DIRECTION('',(1.0,0.0,0.0));
#3217=ORIENTED_EDGE('',*,*,#5272,.T.);
#3218=ORIENTED_EDGE('',*,*,#5309,.T.);
#3219=ORIENTED_EDGE('',*,*,#5556,.T.);
#3220=ORIENTED_EDGE('',*,*,#5557,.F.);
#3221=ORIENTED_EDGE('',*,*,#5558,.F.);
#3222=ORIENTED_EDGE('',*,*,#5559,.T.);
#3223=ORIENTED_EDGE('',*,*,#5498,.T.);
#3224=ORIENTED_EDGE('',*,*,#5555,.F.);
#3225=ORIENTED_EDGE('',*,*,#5560,.F.);
#3226=ORIENTED_EDGE('',*,*,#4953,.F.);
#3227=CARTESIAN_POINT('',(-7.825,1.6,-4.955));
#3228=DIRECTION('',(0.0,0.0,-1.0));
#3229=DIRECTION('',(0.0,-1.0,0.0));
#3230=ORIENTED_EDGE('',*,*,#5561,.T.);
#3231=ORIENTED_EDGE('',*,*,#5310,.T.);
#3232=ORIENTED_EDGE('',*,*,#5296,.F.);
#3233=ORIENTED_EDGE('',*,*,#5554,.F.);
#3234=ORIENTED_EDGE('',*,*,#5523,.F.);
#3235=ORIENTED_EDGE('',*,*,#5562,.T.);
#3236=ORIENTED_EDGE('',*,*,#5563,.T.);
#3237=ORIENTED_EDGE('',*,*,#5564,.F.);
#3238=CARTESIAN_POINT('',(-7.825,1.6,-4.955));
#3239=DIRECTION('',(0.0,0.0,-1.0));
#3240=DIRECTION('',(0.0,-1.0,0.0));
#3241=ORIENTED_EDGE('',*,*,#5565,.T.);
#3242=ORIENTED_EDGE('',*,*,#5314,.T.);
#3243=ORIENTED_EDGE('',*,*,#5566,.F.);
#3244=ORIENTED_EDGE('',*,*,#5567,.F.);
#3245=ORIENTED_EDGE('',*,*,#5568,.F.);
#3246=ORIENTED_EDGE('',*,*,#5569,.T.);
#3247=ORIENTED_EDGE('',*,*,#5570,.T.);
#3248=ORIENTED_EDGE('',*,*,#5571,.F.);
#3249=CARTESIAN_POINT('',(-7.825,1.6,-4.955));
#3250=DIRECTION('',(0.0,0.0,-1.0));
#3251=DIRECTION('',(0.0,-1.0,0.0));
#3252=ORIENTED_EDGE('',*,*,#5153,.F.);
#3253=ORIENTED_EDGE('',*,*,#5334,.F.);
#3254=ORIENTED_EDGE('',*,*,#5572,.F.);
#3255=ORIENTED_EDGE('',*,*,#5573,.T.);
#3256=ORIENTED_EDGE('',*,*,#5574,.F.);
#3257=ORIENTED_EDGE('',*,*,#5575,.F.);
#3258=ORIENTED_EDGE('',*,*,#5576,.F.);
#3259=ORIENTED_EDGE('',*,*,#5305,.T.);
#3260=ORIENTED_EDGE('',*,*,#5577,.F.);
#3261=ORIENTED_EDGE('',*,*,#4967,.F.);
#3262=CARTESIAN_POINT('',(-7.825,1.6,-4.955));
#3263=DIRECTION('',(0.0,0.0,-1.0));
#3264=DIRECTION('',(0.0,-1.0,0.0));
#3265=ORIENTED_EDGE('',*,*,#5376,.T.);
#3266=ORIENTED_EDGE('',*,*,#5318,.T.);
#3267=ORIENTED_EDGE('',*,*,#5578,.F.);
#3268=ORIENTED_EDGE('',*,*,#5579,.F.);
#3269=ORIENTED_EDGE('',*,*,#5580,.F.);
#3270=ORIENTED_EDGE('',*,*,#5581,.T.);
#3271=ORIENTED_EDGE('',*,*,#5352,.T.);
#3272=ORIENTED_EDGE('',*,*,#5336,.F.);
#3273=CARTESIAN_POINT('',(-7.825,1.6,-4.955));
#3274=DIRECTION('',(0.0,0.0,-1.0));
#3275=DIRECTION('',(0.0,-1.0,0.0));
#3276=ORIENTED_EDGE('',*,*,#5559,.F.);
#3277=ORIENTED_EDGE('',*,*,#5582,.F.);
#3278=ORIENTED_EDGE('',*,*,#5176,.T.);
#3279=ORIENTED_EDGE('',*,*,#5499,.T.);
#3280=CARTESIAN_POINT('',(-7.825,1.6,-4.285));
#3281=DIRECTION('',(0.0,-1.0,0.0));
#3282=DIRECTION('',(0.0,0.0,-1.0));
#3283=ORIENTED_EDGE('',*,*,#5562,.F.);
#3284=ORIENTED_EDGE('',*,*,#5522,.F.);
#3285=ORIENTED_EDGE('',*,*,#5194,.T.);
#3286=ORIENTED_EDGE('',*,*,#5583,.T.);
#3287=CARTESIAN_POINT('',(-7.825,1.6,-4.285));
#3288=DIRECTION('',(0.0,-1.0,0.0));
#3289=DIRECTION('',(0.0,0.0,-1.0));
#3290=ORIENTED_EDGE('',*,*,#5569,.F.);
#3291=ORIENTED_EDGE('',*,*,#5584,.F.);
#3292=ORIENTED_EDGE('',*,*,#5218,.T.);
#3293=ORIENTED_EDGE('',*,*,#5585,.T.);
#3294=CARTESIAN_POINT('',(-7.825,1.6,-4.285));
#3295=DIRECTION('',(0.0,-1.0,0.0));
#3296=DIRECTION('',(0.0,0.0,-1.0));
#3297=ORIENTED_EDGE('',*,*,#5581,.F.);
#3298=ORIENTED_EDGE('',*,*,#5586,.F.);
#3299=ORIENTED_EDGE('',*,*,#5257,.T.);
#3300=ORIENTED_EDGE('',*,*,#5353,.T.);
#3301=CARTESIAN_POINT('',(-7.825,1.6,-4.285));
#3302=DIRECTION('',(0.0,-1.0,0.0));
#3303=DIRECTION('',(0.0,0.0,-1.0));
#3304=ORIENTED_EDGE('',*,*,#5573,.F.);
#3305=ORIENTED_EDGE('',*,*,#5587,.F.);
#3306=ORIENTED_EDGE('',*,*,#5237,.T.);
#3307=ORIENTED_EDGE('',*,*,#5588,.F.);
#3308=CARTESIAN_POINT('',(-7.825,1.6,-4.285));
#3309=DIRECTION('',(0.0,-1.0,0.0));
#3310=DIRECTION('',(0.0,0.0,-1.0));
#3311=ORIENTED_EDGE('',*,*,#5589,.F.);
#3312=ORIENTED_EDGE('',*,*,#5177,.T.);
#3313=ORIENTED_EDGE('',*,*,#5582,.T.);
#3314=ORIENTED_EDGE('',*,*,#5558,.T.);
#3315=ORIENTED_EDGE('',*,*,#5590,.T.);
#3316=ORIENTED_EDGE('',*,*,#5591,.T.);
#3317=ORIENTED_EDGE('',*,*,#5592,.T.);
#3318=ORIENTED_EDGE('',*,*,#5593,.T.);
#3319=ORIENTED_EDGE('',*,*,#5594,.T.);
#3320=ORIENTED_EDGE('',*,*,#5181,.T.);
#3321=ORIENTED_EDGE('',*,*,#5595,.F.);
#3322=ORIENTED_EDGE('',*,*,#5596,.F.);
#3323=CARTESIAN_POINT('',(8.075,0.0,0.0));
#3324=DIRECTION('',(1.0,0.0,0.0));
#3325=DIRECTION('',(0.0,1.0,0.0));
#3326=ORIENTED_EDGE('',*,*,#5178,.F.);
#3327=ORIENTED_EDGE('',*,*,#5589,.T.);
#3328=ORIENTED_EDGE('',*,*,#5597,.T.);
#3329=ORIENTED_EDGE('',*,*,#5598,.F.);
#3330=CARTESIAN_POINT('',(8.075,0.95,-4.285));
#3331=DIRECTION('',(-0.0,1.0,0.0));
#3332=DIRECTION('',(1.0,0.0,0.0));
#3333=ORIENTED_EDGE('',*,*,#5598,.T.);
#3334=ORIENTED_EDGE('',*,*,#5599,.T.);
#3335=ORIENTED_EDGE('',*,*,#5600,.T.);
#3336=ORIENTED_EDGE('',*,*,#5179,.T.);
#3337=CARTESIAN_POINT('',(7.075,0.0,0.0));
#3338=DIRECTION('',(1.0,0.0,0.0));
#3339=DIRECTION('',(0.0,1.0,0.0));
#3340=ORIENTED_EDGE('',*,*,#5180,.T.);
#3341=ORIENTED_EDGE('',*,*,#5600,.F.);
#3342=ORIENTED_EDGE('',*,*,#5601,.F.);
#3343=ORIENTED_EDGE('',*,*,#5595,.T.);
#3344=CARTESIAN_POINT('',(8.075,-0.95,-3.685));
#3345=DIRECTION('',(0.0,-1.0,0.0));
#3346=DIRECTION('',(0.0,0.0,-1.0));
#3347=ORIENTED_EDGE('',*,*,#5597,.F.);
#3348=ORIENTED_EDGE('',*,*,#5596,.T.);
#3349=ORIENTED_EDGE('',*,*,#5601,.T.);
#3350=ORIENTED_EDGE('',*,*,#5599,.F.);
#3351=CARTESIAN_POINT('',(8.075,0.95,-3.685));
#3352=DIRECTION('',(0.0,0.0,1.0));
#3353=DIRECTION('',(1.0,0.0,0.0));
#3354=ORIENTED_EDGE('',*,*,#5277,.T.);
#3355=ORIENTED_EDGE('',*,*,#5182,.F.);
#3356=ORIENTED_EDGE('',*,*,#5594,.F.);
#3357=ORIENTED_EDGE('',*,*,#5602,.T.);
#3358=CARTESIAN_POINT('',(-7.825,-2.78,-4.955));
#3359=DIRECTION('',(-0.0,1.0,0.0));
#3360=DIRECTION('',(1.0,0.0,0.0));
#3361=ORIENTED_EDGE('',*,*,#5603,.T.);
#3362=ORIENTED_EDGE('',*,*,#5206,.F.);
#3363=ORIENTED_EDGE('',*,*,#5302,.F.);
#3364=ORIENTED_EDGE('',*,*,#5604,.T.);
#3365=CARTESIAN_POINT('',(-7.825,-2.78,-4.955));
#3366=DIRECTION('',(-0.0,1.0,0.0));
#3367=DIRECTION('',(1.0,0.0,0.0));
#3368=ORIENTED_EDGE('',*,*,#5605,.T.);
#3369=ORIENTED_EDGE('',*,*,#5230,.F.);
#3370=ORIENTED_EDGE('',*,*,#5606,.F.);
#3371=ORIENTED_EDGE('',*,*,#5607,.T.);
#3372=CARTESIAN_POINT('',(-7.825,-2.78,-4.955));
#3373=DIRECTION('',(-0.0,1.0,0.0));
#3374=DIRECTION('',(1.0,0.0,0.0));
#3375=ORIENTED_EDGE('',*,*,#5152,.F.);
#3376=ORIENTED_EDGE('',*,*,#5608,.T.);
#3377=ORIENTED_EDGE('',*,*,#5609,.F.);
#3378=ORIENTED_EDGE('',*,*,#5231,.F.);
#3379=CARTESIAN_POINT('',(-7.825,-2.78,-4.955));
#3380=DIRECTION('',(-0.0,1.0,0.0));
#3381=DIRECTION('',(1.0,0.0,0.0));
#3382=ORIENTED_EDGE('',*,*,#5373,.T.);
#3383=ORIENTED_EDGE('',*,*,#5269,.F.);
#3384=ORIENTED_EDGE('',*,*,#5610,.F.);
#3385=ORIENTED_EDGE('',*,*,#5611,.T.);
#3386=CARTESIAN_POINT('',(-7.825,-2.78,-4.955));
#3387=DIRECTION('',(-0.0,1.0,0.0));
#3388=DIRECTION('',(1.0,0.0,0.0));
#3389=ORIENTED_EDGE('',*,*,#5278,.F.);
#3390=ORIENTED_EDGE('',*,*,#5602,.F.);
#3391=ORIENTED_EDGE('',*,*,#5593,.F.);
#3392=ORIENTED_EDGE('',*,*,#5612,.T.);
#3393=ORIENTED_EDGE('',*,*,#5613,.T.);
#3394=ORIENTED_EDGE('',*,*,#5115,.T.);
#3395=CARTESIAN_POINT('',(-7.825,-3.94,-4.955));
#3396=DIRECTION('',(0.0,0.0,-1.0));
#3397=DIRECTION('',(0.0,-1.0,0.0));
#3398=ORIENTED_EDGE('',*,*,#5614,.F.);
#3399=ORIENTED_EDGE('',*,*,#5604,.F.);
#3400=ORIENTED_EDGE('',*,*,#5301,.T.);
#3401=ORIENTED_EDGE('',*,*,#5111,.T.);
#3402=CARTESIAN_POINT('',(-7.825,-3.94,-4.955));
#3403=DIRECTION('',(0.0,0.0,-1.0));
#3404=DIRECTION('',(0.0,-1.0,0.0));
#3405=ORIENTED_EDGE('',*,*,#5615,.F.);
#3406=ORIENTED_EDGE('',*,*,#5607,.F.);
#3407=ORIENTED_EDGE('',*,*,#5616,.T.);
#3408=ORIENTED_EDGE('',*,*,#5107,.T.);
#3409=CARTESIAN_POINT('',(-7.825,-3.94,-4.955));
#3410=DIRECTION('',(0.0,0.0,-1.0));
#3411=DIRECTION('',(0.0,-1.0,0.0));
#3412=ORIENTED_EDGE('',*,*,#5151,.T.);
#3413=ORIENTED_EDGE('',*,*,#5123,.T.);
#3414=ORIENTED_EDGE('',*,*,#5617,.F.);
#3415=ORIENTED_EDGE('',*,*,#5618,.T.);
#3416=ORIENTED_EDGE('',*,*,#5619,.F.);
#3417=ORIENTED_EDGE('',*,*,#5608,.F.);
#3418=CARTESIAN_POINT('',(-7.825,-3.94,-4.955));
#3419=DIRECTION('',(0.0,0.0,-1.0));
#3420=DIRECTION('',(0.0,-1.0,0.0));
#3421=ORIENTED_EDGE('',*,*,#5374,.F.);
#3422=ORIENTED_EDGE('',*,*,#5611,.F.);
#3423=ORIENTED_EDGE('',*,*,#5620,.T.);
#3424=ORIENTED_EDGE('',*,*,#5103,.T.);
#3425=CARTESIAN_POINT('',(-7.825,-3.94,-4.955));
#3426=DIRECTION('',(0.0,0.0,-1.0));
#3427=DIRECTION('',(0.0,-1.0,0.0));
#3428=ORIENTED_EDGE('',*,*,#5621,.T.);
#3429=ORIENTED_EDGE('',*,*,#5116,.T.);
#3430=ORIENTED_EDGE('',*,*,#5613,.F.);
#3431=ORIENTED_EDGE('',*,*,#5622,.F.);
#3432=CARTESIAN_POINT('',(6.875,-3.94,-3.355));
#3433=DIRECTION('',(1.0,0.0,0.0));
#3434=DIRECTION('',(0.0,1.0,0.0));
#3435=ORIENTED_EDGE('',*,*,#5621,.F.);
#3436=ORIENTED_EDGE('',*,*,#5623,.T.);
#3437=ORIENTED_EDGE('',*,*,#5591,.F.);
#3438=ORIENTED_EDGE('',*,*,#5624,.F.);
#3439=ORIENTED_EDGE('',*,*,#5030,.F.);
#3440=ORIENTED_EDGE('',*,*,#5625,.T.);
#3441=ORIENTED_EDGE('',*,*,#5117,.F.);
#3442=CARTESIAN_POINT('',(-7.825,-3.43,-3.355));
#3443=DIRECTION('',(0.0,0.0,1.0));
#3444=DIRECTION('',(1.0,0.0,0.0));
#3445=ORIENTED_EDGE('',*,*,#5626,.T.);
#3446=ORIENTED_EDGE('',*,*,#5121,.F.);
#3447=ORIENTED_EDGE('',*,*,#5627,.T.);
#3448=ORIENTED_EDGE('',*,*,#4984,.T.);
#3449=ORIENTED_EDGE('',*,*,#5628,.T.);
#3450=ORIENTED_EDGE('',*,*,#5629,.F.);
#3451=ORIENTED_EDGE('',*,*,#5630,.T.);
#3452=CARTESIAN_POINT('',(-7.825,-3.43,-3.355));
#3453=DIRECTION('',(0.0,0.0,1.0));
#3454=DIRECTION('',(1.0,0.0,0.0));
#3455=ORIENTED_EDGE('',*,*,#5029,.F.);
#3456=ORIENTED_EDGE('',*,*,#5015,.T.);
#3457=ORIENTED_EDGE('',*,*,#5118,.T.);
#3458=ORIENTED_EDGE('',*,*,#5625,.F.);
#3459=CARTESIAN_POINT('',(7.825,-3.05,4.955));
#3460=DIRECTION('',(-0.374606593415897,0.927183854566793,0.0));
#3461=DIRECTION('',(0.0,0.0,1.0));
#3462=ORIENTED_EDGE('',*,*,#5631,.F.);
#3463=ORIENTED_EDGE('',*,*,#5575,.T.);
#3464=ORIENTED_EDGE('',*,*,#5632,.F.);
#3465=ORIENTED_EDGE('',*,*,#5628,.F.);
#3466=ORIENTED_EDGE('',*,*,#4983,.T.);
#3467=ORIENTED_EDGE('',*,*,#5633,.F.);
#3468=ORIENTED_EDGE('',*,*,#5057,.T.);
#3469=ORIENTED_EDGE('',*,*,#5011,.F.);
#3470=ORIENTED_EDGE('',*,*,#5031,.F.);
#3471=ORIENTED_EDGE('',*,*,#5624,.T.);
#3472=ORIENTED_EDGE('',*,*,#5590,.F.);
#3473=ORIENTED_EDGE('',*,*,#5557,.T.);
#3474=ORIENTED_EDGE('',*,*,#5634,.T.);
#3475=ORIENTED_EDGE('',*,*,#5635,.F.);
#3476=ORIENTED_EDGE('',*,*,#5636,.T.);
#3477=ORIENTED_EDGE('',*,*,#4972,.T.);
#3478=ORIENTED_EDGE('',*,*,#5637,.F.);
#3479=ORIENTED_EDGE('',*,*,#5638,.F.);
#3480=CARTESIAN_POINT('',(-7.825,3.43,-4.955));
#3481=DIRECTION('',(-0.0,1.0,0.0));
#3482=DIRECTION('',(1.0,0.0,0.0));
#3483=ORIENTED_EDGE('',*,*,#5636,.F.);
#3484=ORIENTED_EDGE('',*,*,#5639,.F.);
#3485=ORIENTED_EDGE('',*,*,#5640,.F.);
#3486=ORIENTED_EDGE('',*,*,#5641,.F.);
#3487=ORIENTED_EDGE('',*,*,#5642,.F.);
#3488=ORIENTED_EDGE('',*,*,#4973,.F.);
#3489=CARTESIAN_POINT('',(-0.7,0.0,0.0));
#3490=DIRECTION('',(1.0,0.0,0.0));
#3491=DIRECTION('',(0.0,1.0,0.0));
#3492=ORIENTED_EDGE('',*,*,#4970,.T.);
#3493=ORIENTED_EDGE('',*,*,#5642,.T.);
#3494=ORIENTED_EDGE('',*,*,#5643,.T.);
#3495=ORIENTED_EDGE('',*,*,#5644,.F.);
#3496=CARTESIAN_POINT('',(-0.7,4.18,1.329177595493));
#3497=DIRECTION('',(-1.0,0.0,0.0));
#3498=DIRECTION('',(0.0,-0.662620048215669,0.748955720789063));
#3499=ORIENTED_EDGE('',*,*,#5637,.T.);
#3500=ORIENTED_EDGE('',*,*,#4971,.T.);
#3501=ORIENTED_EDGE('',*,*,#5644,.T.);
#3502=ORIENTED_EDGE('',*,*,#5645,.T.);
#3503=ORIENTED_EDGE('',*,*,#5646,.T.);
#3504=ORIENTED_EDGE('',*,*,#5647,.T.);
#3505=CARTESIAN_POINT('',(0.7,0.0,0.0));
#3506=DIRECTION('',(1.0,0.0,0.0));
#3507=DIRECTION('',(0.0,1.0,0.0));
#3508=ORIENTED_EDGE('',*,*,#5638,.T.);
#3509=ORIENTED_EDGE('',*,*,#5647,.F.);
#3510=ORIENTED_EDGE('',*,*,#5648,.F.);
#3511=ORIENTED_EDGE('',*,*,#5639,.T.);
#3512=CARTESIAN_POINT('',(-0.7,4.83,2.755));
#3513=DIRECTION('',(0.0,0.764433319597122,0.644702799660219));
#3514=DIRECTION('',(1.0,0.0,-0.0));
#3515=ORIENTED_EDGE('',*,*,#5640,.T.);
#3516=ORIENTED_EDGE('',*,*,#5648,.T.);
#3517=ORIENTED_EDGE('',*,*,#5646,.F.);
#3518=ORIENTED_EDGE('',*,*,#5649,.F.);
#3519=CARTESIAN_POINT('',(-0.7,4.83,2.005));
#3520=DIRECTION('',(-0.0,1.0,0.0));
#3521=DIRECTION('',(1.0,0.0,0.0));
#3522=ORIENTED_EDGE('',*,*,#5641,.T.);
#3523=ORIENTED_EDGE('',*,*,#5649,.T.);
#3524=ORIENTED_EDGE('',*,*,#5645,.F.);
#3525=ORIENTED_EDGE('',*,*,#5643,.F.);
#3526=CARTESIAN_POINT('',(-0.7,4.271402007554,2.073587209224));
#3527=DIRECTION('',(0.0,-0.121869343405202,-0.992546151641315));
#3528=DIRECTION('',(0.0,-0.992546151641315,0.121869343405202));
#3529=ORIENTED_EDGE('',*,*,#5631,.T.);
#3530=ORIENTED_EDGE('',*,*,#5650,.T.);
#3531=ORIENTED_EDGE('',*,*,#5306,.F.);
#3532=ORIENTED_EDGE('',*,*,#5576,.T.);
#3533=CARTESIAN_POINT('',(-6.305,3.43,-4.955));
#3534=DIRECTION('',(-1.0,0.0,0.0));
#3535=DIRECTION('',(0.0,0.0,1.0));
#3536=ORIENTED_EDGE('',*,*,#5635,.T.);
#3537=ORIENTED_EDGE('',*,*,#5651,.T.);
#3538=ORIENTED_EDGE('',*,*,#5307,.F.);
#3539=ORIENTED_EDGE('',*,*,#5650,.F.);
#3540=CARTESIAN_POINT('',(-6.305,3.43,-3.105));
#3541=DIRECTION('',(0.0,0.0,1.0));
#3542=DIRECTION('',(1.0,0.0,0.0));
#3543=ORIENTED_EDGE('',*,*,#5634,.F.);
#3544=ORIENTED_EDGE('',*,*,#5556,.F.);
#3545=ORIENTED_EDGE('',*,*,#5308,.F.);
#3546=ORIENTED_EDGE('',*,*,#5651,.F.);
#3547=CARTESIAN_POINT('',(6.305,3.43,-3.105));
#3548=DIRECTION('',(1.0,0.0,0.0));
#3549=DIRECTION('',(0.0,1.0,0.0));
#3550=ORIENTED_EDGE('',*,*,#5019,.F.);
#3551=ORIENTED_EDGE('',*,*,#5058,.F.);
#3552=ORIENTED_EDGE('',*,*,#5633,.T.);
#3553=ORIENTED_EDGE('',*,*,#4982,.T.);
#3554=CARTESIAN_POINT('',(-6.425,3.43,4.955));
#3555=DIRECTION('',(0.762509135372793,0.0,-0.646977448195094));
#3556=DIRECTION('',(0.0,-1.0,0.0));
#3557=ORIENTED_EDGE('',*,*,#5008,.T.);
#3558=ORIENTED_EDGE('',*,*,#4986,.T.);
#3559=ORIENTED_EDGE('',*,*,#5652,.T.);
#3560=ORIENTED_EDGE('',*,*,#5119,.F.);
#3561=ORIENTED_EDGE('',*,*,#5059,.F.);
#3562=CARTESIAN_POINT('',(-6.425,3.43,4.955));
#3563=DIRECTION('',(0.762509135372793,0.0,-0.646977448195094));
#3564=DIRECTION('',(0.0,-1.0,0.0));
#3565=ORIENTED_EDGE('',*,*,#4985,.T.);
#3566=ORIENTED_EDGE('',*,*,#5627,.F.);
#3567=ORIENTED_EDGE('',*,*,#5120,.F.);
#3568=ORIENTED_EDGE('',*,*,#5652,.F.);
#3569=CARTESIAN_POINT('',(-6.884466995702,-3.43,4.955));
#3570=DIRECTION('',(0.374606593415897,0.927183854566793,0.0));
#3571=DIRECTION('',(0.0,0.0,-1.0));
#3572=ORIENTED_EDGE('',*,*,#5653,.T.);
#3573=ORIENTED_EDGE('',*,*,#5654,.T.);
#3574=ORIENTED_EDGE('',*,*,#5655,.T.);
#3575=ORIENTED_EDGE('',*,*,#5232,.T.);
#3576=ORIENTED_EDGE('',*,*,#5609,.T.);
#3577=ORIENTED_EDGE('',*,*,#5619,.T.);
#3578=ORIENTED_EDGE('',*,*,#5656,.T.);
#3579=ORIENTED_EDGE('',*,*,#5629,.T.);
#3580=ORIENTED_EDGE('',*,*,#5632,.T.);
#3581=ORIENTED_EDGE('',*,*,#5574,.T.);
#3582=ORIENTED_EDGE('',*,*,#5588,.T.);
#3583=ORIENTED_EDGE('',*,*,#5236,.T.);
#3584=CARTESIAN_POINT('',(-8.075,0.0,0.0));
#3585=DIRECTION('',(-1.0,0.0,0.0));
#3586=DIRECTION('',(0.0,0.0,1.0));
#3587=ORIENTED_EDGE('',*,*,#5235,.T.);
#3588=ORIENTED_EDGE('',*,*,#5657,.T.);
#3589=ORIENTED_EDGE('',*,*,#5658,.F.);
#3590=ORIENTED_EDGE('',*,*,#5653,.F.);
#3591=CARTESIAN_POINT('',(-8.075,0.95,-4.285));
#3592=DIRECTION('',(0.0,-1.0,0.0));
#3593=DIRECTION('',(0.0,0.0,-1.0));
#3594=ORIENTED_EDGE('',*,*,#5658,.T.);
#3595=ORIENTED_EDGE('',*,*,#5659,.T.);
#3596=ORIENTED_EDGE('',*,*,#5660,.F.);
#3597=ORIENTED_EDGE('',*,*,#5654,.F.);
#3598=CARTESIAN_POINT('',(-8.075,0.95,-3.685));
#3599=DIRECTION('',(0.0,0.0,-1.0));
#3600=DIRECTION('',(0.0,-1.0,0.0));
#3601=ORIENTED_EDGE('',*,*,#5233,.F.);
#3602=ORIENTED_EDGE('',*,*,#5655,.F.);
#3603=ORIENTED_EDGE('',*,*,#5660,.T.);
#3604=ORIENTED_EDGE('',*,*,#5661,.T.);
#3605=CARTESIAN_POINT('',(-8.075,-0.95,-3.685));
#3606=DIRECTION('',(-0.0,1.0,0.0));
#3607=DIRECTION('',(1.0,0.0,0.0));
#3608=ORIENTED_EDGE('',*,*,#5234,.F.);
#3609=ORIENTED_EDGE('',*,*,#5661,.F.);
#3610=ORIENTED_EDGE('',*,*,#5659,.F.);
#3611=ORIENTED_EDGE('',*,*,#5657,.F.);
#3612=CARTESIAN_POINT('',(-7.075,0.0,0.0));
#3613=DIRECTION('',(1.0,0.0,0.0));
#3614=DIRECTION('',(0.0,1.0,0.0));
#3615=ORIENTED_EDGE('',*,*,#5622,.T.);
#3616=ORIENTED_EDGE('',*,*,#5612,.F.);
#3617=ORIENTED_EDGE('',*,*,#5592,.F.);
#3618=ORIENTED_EDGE('',*,*,#5623,.F.);
#3619=CARTESIAN_POINT('',(-7.825,-3.94,-3.355));
#3620=DIRECTION('',(0.0,-1.0,0.0));
#3621=DIRECTION('',(0.0,0.0,-1.0));
#3622=ORIENTED_EDGE('',*,*,#5662,.F.);
#3623=ORIENTED_EDGE('',*,*,#5630,.F.);
#3624=ORIENTED_EDGE('',*,*,#5656,.F.);
#3625=ORIENTED_EDGE('',*,*,#5618,.F.);
#3626=CARTESIAN_POINT('',(-7.825,-3.94,-3.355));
#3627=DIRECTION('',(0.0,-1.0,0.0));
#3628=DIRECTION('',(0.0,0.0,-1.0));
#3629=ORIENTED_EDGE('',*,*,#5626,.F.);
#3630=ORIENTED_EDGE('',*,*,#5662,.T.);
#3631=ORIENTED_EDGE('',*,*,#5617,.T.);
#3632=ORIENTED_EDGE('',*,*,#5122,.F.);
#3633=CARTESIAN_POINT('',(-6.875,-3.43,-3.355));
#3634=DIRECTION('',(-1.0,0.0,0.0));
#3635=DIRECTION('',(0.0,0.0,1.0));
#3636=ORIENTED_EDGE('',*,*,#5183,.F.);
#3637=ORIENTED_EDGE('',*,*,#5603,.F.);
#3638=ORIENTED_EDGE('',*,*,#5614,.T.);
#3639=ORIENTED_EDGE('',*,*,#5110,.T.);
#3640=ORIENTED_EDGE('',*,*,#5663,.F.);
#3641=ORIENTED_EDGE('',*,*,#5664,.T.);
#3642=CARTESIAN_POINT('',(1.7985,3.43,-3.955));
#3643=DIRECTION('',(1.0,0.0,0.0));
#3644=DIRECTION('',(0.0,1.0,0.0));
#3645=ORIENTED_EDGE('',*,*,#5561,.F.);
#3646=ORIENTED_EDGE('',*,*,#5665,.F.);
#3647=ORIENTED_EDGE('',*,*,#5666,.F.);
#3648=ORIENTED_EDGE('',*,*,#5311,.F.);
#3649=CARTESIAN_POINT('',(1.7985,3.43,-3.955));
#3650=DIRECTION('',(1.0,0.0,0.0));
#3651=DIRECTION('',(0.0,1.0,0.0));
#3652=ORIENTED_EDGE('',*,*,#5667,.F.);
#3653=ORIENTED_EDGE('',*,*,#5668,.T.);
#3654=ORIENTED_EDGE('',*,*,#5191,.F.);
#3655=ORIENTED_EDGE('',*,*,#5669,.F.);
#3656=CARTESIAN_POINT('',(1.7985,3.43,-3.955));
#3657=DIRECTION('',(1.0,0.0,0.0));
#3658=DIRECTION('',(0.0,1.0,0.0));
#3659=ORIENTED_EDGE('',*,*,#5187,.F.);
#3660=ORIENTED_EDGE('',*,*,#5670,.F.);
#3661=ORIENTED_EDGE('',*,*,#5671,.F.);
#3662=ORIENTED_EDGE('',*,*,#5672,.T.);
#3663=CARTESIAN_POINT('',(1.7985,3.43,-3.955));
#3664=DIRECTION('',(1.0,0.0,0.0));
#3665=DIRECTION('',(0.0,1.0,0.0));
#3666=ORIENTED_EDGE('',*,*,#5673,.F.);
#3667=ORIENTED_EDGE('',*,*,#5674,.T.);
#3668=ORIENTED_EDGE('',*,*,#5675,.T.);
#3669=ORIENTED_EDGE('',*,*,#5409,.T.);
#3670=CARTESIAN_POINT('',(1.82,-1.79,2.555));
#3671=DIRECTION('',(0.0,-1.0,0.0));
#3672=DIRECTION('',(0.0,0.0,-1.0));
#3673=ORIENTED_EDGE('',*,*,#5676,.F.);
#3674=ORIENTED_EDGE('',*,*,#5228,.F.);
#3675=ORIENTED_EDGE('',*,*,#5677,.T.);
#3676=ORIENTED_EDGE('',*,*,#5678,.F.);
#3677=ORIENTED_EDGE('',*,*,#5679,.F.);
#3678=ORIENTED_EDGE('',*,*,#5184,.F.);
#3679=ORIENTED_EDGE('',*,*,#5664,.F.);
#3680=ORIENTED_EDGE('',*,*,#5680,.F.);
#3681=CARTESIAN_POINT('',(1.82,-1.79,2.555));
#3682=DIRECTION('',(0.0,-1.0,0.0));
#3683=DIRECTION('',(0.0,0.0,-1.0));
#3684=ORIENTED_EDGE('',*,*,#5681,.T.);
#3685=ORIENTED_EDGE('',*,*,#5189,.T.);
#3686=ORIENTED_EDGE('',*,*,#5682,.T.);
#3687=ORIENTED_EDGE('',*,*,#5683,.T.);
#3688=CARTESIAN_POINT('',(1.82,0.0,0.0));
#3689=DIRECTION('',(1.0,0.0,0.0));
#3690=DIRECTION('',(0.0,1.0,0.0));
#3691=ORIENTED_EDGE('',*,*,#5193,.T.);
#3692=ORIENTED_EDGE('',*,*,#5684,.T.);
#3693=ORIENTED_EDGE('',*,*,#5685,.T.);
#3694=ORIENTED_EDGE('',*,*,#5686,.T.);
#3695=ORIENTED_EDGE('',*,*,#5687,.T.);
#3696=ORIENTED_EDGE('',*,*,#5688,.T.);
#3697=ORIENTED_EDGE('',*,*,#5689,.T.);
#3698=ORIENTED_EDGE('',*,*,#5690,.T.);
#3699=ORIENTED_EDGE('',*,*,#5691,.T.);
#3700=ORIENTED_EDGE('',*,*,#5692,.T.);
#3701=ORIENTED_EDGE('',*,*,#5563,.F.);
#3702=ORIENTED_EDGE('',*,*,#5583,.F.);
#3703=CARTESIAN_POINT('',(1.82,0.0,0.0));
#3704=DIRECTION('',(1.0,0.0,0.0));
#3705=DIRECTION('',(0.0,1.0,0.0));
#3706=ORIENTED_EDGE('',*,*,#5693,.T.);
#3707=ORIENTED_EDGE('',*,*,#5417,.T.);
#3708=ORIENTED_EDGE('',*,*,#5694,.T.);
#3709=ORIENTED_EDGE('',*,*,#5695,.T.);
#3710=CARTESIAN_POINT('',(1.82,0.0,0.0));
#3711=DIRECTION('',(1.0,0.0,0.0));
#3712=DIRECTION('',(0.0,1.0,0.0));
#3713=ORIENTED_EDGE('',*,*,#5673,.T.);
#3714=ORIENTED_EDGE('',*,*,#5408,.T.);
#3715=ORIENTED_EDGE('',*,*,#5696,.T.);
#3716=ORIENTED_EDGE('',*,*,#5697,.T.);
#3717=CARTESIAN_POINT('',(1.82,0.0,0.0));
#3718=DIRECTION('',(1.0,0.0,0.0));
#3719=DIRECTION('',(0.0,1.0,0.0));
#3720=ORIENTED_EDGE('',*,*,#5698,.T.);
#3721=ORIENTED_EDGE('',*,*,#5185,.T.);
#3722=ORIENTED_EDGE('',*,*,#5679,.T.);
#3723=ORIENTED_EDGE('',*,*,#5699,.T.);
#3724=ORIENTED_EDGE('',*,*,#5700,.T.);
#3725=ORIENTED_EDGE('',*,*,#5701,.T.);
#3726=ORIENTED_EDGE('',*,*,#5702,.T.);
#3727=ORIENTED_EDGE('',*,*,#5703,.T.);
#3728=ORIENTED_EDGE('',*,*,#5704,.T.);
#3729=ORIENTED_EDGE('',*,*,#5705,.T.);
#3730=CARTESIAN_POINT('',(1.82,0.0,0.0));
#3731=DIRECTION('',(1.0,0.0,0.0));
#3732=DIRECTION('',(0.0,1.0,0.0));
#3733=ORIENTED_EDGE('',*,*,#5681,.F.);
#3734=ORIENTED_EDGE('',*,*,#5706,.T.);
#3735=ORIENTED_EDGE('',*,*,#5707,.T.);
#3736=ORIENTED_EDGE('',*,*,#5222,.T.);
#3737=ORIENTED_EDGE('',*,*,#5708,.T.);
#3738=ORIENTED_EDGE('',*,*,#5709,.T.);
#3739=ORIENTED_EDGE('',*,*,#5669,.T.);
#3740=ORIENTED_EDGE('',*,*,#5190,.T.);
#3741=CARTESIAN_POINT('',(1.82,0.35,-4.955));
#3742=DIRECTION('',(-0.0,1.0,0.0));
#3743=DIRECTION('',(1.0,0.0,0.0));
#3744=ORIENTED_EDGE('',*,*,#5710,.F.);
#3745=ORIENTED_EDGE('',*,*,#5312,.T.);
#3746=ORIENTED_EDGE('',*,*,#5666,.T.);
#3747=ORIENTED_EDGE('',*,*,#5711,.F.);
#3748=CARTESIAN_POINT('',(1.2015,3.43,-3.955));
#3749=DIRECTION('',(0.0,0.0,1.0));
#3750=DIRECTION('',(1.0,0.0,0.0));
#3751=ORIENTED_EDGE('',*,*,#5712,.F.);
#3752=ORIENTED_EDGE('',*,*,#5713,.T.);
#3753=ORIENTED_EDGE('',*,*,#5667,.T.);
#3754=ORIENTED_EDGE('',*,*,#5709,.F.);
#3755=CARTESIAN_POINT('',(1.2015,3.43,-3.955));
#3756=DIRECTION('',(0.0,0.0,1.0));
#3757=DIRECTION('',(1.0,0.0,0.0));
#3758=ORIENTED_EDGE('',*,*,#5714,.T.);
#3759=ORIENTED_EDGE('',*,*,#5671,.T.);
#3760=ORIENTED_EDGE('',*,*,#5715,.F.);
#3761=ORIENTED_EDGE('',*,*,#5716,.F.);
#3762=CARTESIAN_POINT('',(1.2015,3.43,-3.955));
#3763=DIRECTION('',(0.0,0.0,1.0));
#3764=DIRECTION('',(1.0,0.0,0.0));
#3765=ORIENTED_EDGE('',*,*,#5680,.T.);
#3766=ORIENTED_EDGE('',*,*,#5663,.T.);
#3767=ORIENTED_EDGE('',*,*,#5109,.F.);
#3768=ORIENTED_EDGE('',*,*,#5717,.F.);
#3769=CARTESIAN_POINT('',(1.2015,3.43,-3.955));
#3770=DIRECTION('',(0.0,0.0,1.0));
#3771=DIRECTION('',(1.0,0.0,0.0));
#3772=ORIENTED_EDGE('',*,*,#5229,.T.);
#3773=ORIENTED_EDGE('',*,*,#5676,.T.);
#3774=ORIENTED_EDGE('',*,*,#5717,.T.);
#3775=ORIENTED_EDGE('',*,*,#5108,.F.);
#3776=ORIENTED_EDGE('',*,*,#5616,.F.);
#3777=ORIENTED_EDGE('',*,*,#5606,.T.);
#3778=CARTESIAN_POINT('',(1.2015,3.43,-4.955));
#3779=DIRECTION('',(-1.0,0.0,0.0));
#3780=DIRECTION('',(0.0,0.0,1.0));
#3781=ORIENTED_EDGE('',*,*,#5566,.T.);
#3782=ORIENTED_EDGE('',*,*,#5313,.T.);
#3783=ORIENTED_EDGE('',*,*,#5710,.T.);
#3784=ORIENTED_EDGE('',*,*,#5718,.F.);
#3785=CARTESIAN_POINT('',(1.2015,3.43,-4.955));
#3786=DIRECTION('',(-1.0,0.0,0.0));
#3787=DIRECTION('',(0.0,0.0,1.0));
#3788=ORIENTED_EDGE('',*,*,#5712,.T.);
#3789=ORIENTED_EDGE('',*,*,#5708,.F.);
#3790=ORIENTED_EDGE('',*,*,#5221,.T.);
#3791=ORIENTED_EDGE('',*,*,#5719,.T.);
#3792=CARTESIAN_POINT('',(1.2015,3.43,-4.955));
#3793=DIRECTION('',(-1.0,0.0,0.0));
#3794=DIRECTION('',(0.0,0.0,1.0));
#3795=ORIENTED_EDGE('',*,*,#5225,.T.);
#3796=ORIENTED_EDGE('',*,*,#5720,.T.);
#3797=ORIENTED_EDGE('',*,*,#5716,.T.);
#3798=ORIENTED_EDGE('',*,*,#5721,.F.);
#3799=CARTESIAN_POINT('',(1.2015,3.43,-4.955));
#3800=DIRECTION('',(-1.0,0.0,0.0));
#3801=DIRECTION('',(0.0,0.0,1.0));
#3802=ORIENTED_EDGE('',*,*,#5692,.F.);
#3803=ORIENTED_EDGE('',*,*,#5722,.T.);
#3804=ORIENTED_EDGE('',*,*,#5723,.T.);
#3805=ORIENTED_EDGE('',*,*,#5567,.T.);
#3806=ORIENTED_EDGE('',*,*,#5718,.T.);
#3807=ORIENTED_EDGE('',*,*,#5711,.T.);
#3808=ORIENTED_EDGE('',*,*,#5665,.T.);
#3809=ORIENTED_EDGE('',*,*,#5564,.T.);
#3810=CARTESIAN_POINT('',(1.82,1.85,-5.573266328441));
#3811=DIRECTION('',(-0.0,1.0,0.0));
#3812=DIRECTION('',(1.0,0.0,0.0));
#3813=ORIENTED_EDGE('',*,*,#5694,.F.);
#3814=ORIENTED_EDGE('',*,*,#5420,.F.);
#3815=ORIENTED_EDGE('',*,*,#5724,.T.);
#3816=ORIENTED_EDGE('',*,*,#5725,.F.);
#3817=CARTESIAN_POINT('',(1.82,1.85,-5.573266328441));
#3818=DIRECTION('',(-0.0,1.0,0.0));
#3819=DIRECTION('',(1.0,0.0,0.0));
#3820=ORIENTED_EDGE('',*,*,#5707,.F.);
#3821=ORIENTED_EDGE('',*,*,#5726,.F.);
#3822=ORIENTED_EDGE('',*,*,#5727,.F.);
#3823=ORIENTED_EDGE('',*,*,#5223,.F.);
#3824=CARTESIAN_POINT('',(1.18,0.0,0.0));
#3825=DIRECTION('',(1.0,0.0,0.0));
#3826=DIRECTION('',(0.0,1.0,0.0));
#3827=ORIENTED_EDGE('',*,*,#5219,.F.);
#3828=ORIENTED_EDGE('',*,*,#5584,.T.);
#3829=ORIENTED_EDGE('',*,*,#5568,.T.);
#3830=ORIENTED_EDGE('',*,*,#5723,.F.);
#3831=ORIENTED_EDGE('',*,*,#5728,.F.);
#3832=ORIENTED_EDGE('',*,*,#5729,.F.);
#3833=ORIENTED_EDGE('',*,*,#5730,.F.);
#3834=ORIENTED_EDGE('',*,*,#5731,.F.);
#3835=ORIENTED_EDGE('',*,*,#5732,.F.);
#3836=ORIENTED_EDGE('',*,*,#5733,.F.);
#3837=ORIENTED_EDGE('',*,*,#5734,.F.);
#3838=ORIENTED_EDGE('',*,*,#5735,.F.);
#3839=CARTESIAN_POINT('',(1.18,0.0,0.0));
#3840=DIRECTION('',(1.0,0.0,0.0));
#3841=DIRECTION('',(0.0,1.0,0.0));
#3842=ORIENTED_EDGE('',*,*,#5736,.F.);
#3843=ORIENTED_EDGE('',*,*,#5737,.F.);
#3844=ORIENTED_EDGE('',*,*,#5724,.F.);
#3845=ORIENTED_EDGE('',*,*,#5419,.F.);
#3846=CARTESIAN_POINT('',(1.18,0.0,0.0));
#3847=DIRECTION('',(1.0,0.0,0.0));
#3848=DIRECTION('',(0.0,1.0,0.0));
#3849=ORIENTED_EDGE('',*,*,#5675,.F.);
#3850=ORIENTED_EDGE('',*,*,#5738,.F.);
#3851=ORIENTED_EDGE('',*,*,#5739,.F.);
#3852=ORIENTED_EDGE('',*,*,#5410,.F.);
#3853=CARTESIAN_POINT('',(1.18,0.0,0.0));
#3854=DIRECTION('',(1.0,0.0,0.0));
#3855=DIRECTION('',(0.0,1.0,0.0));
#3856=ORIENTED_EDGE('',*,*,#5740,.F.);
#3857=ORIENTED_EDGE('',*,*,#5741,.F.);
#3858=ORIENTED_EDGE('',*,*,#5742,.F.);
#3859=ORIENTED_EDGE('',*,*,#5743,.F.);
#3860=ORIENTED_EDGE('',*,*,#5744,.F.);
#3861=ORIENTED_EDGE('',*,*,#5745,.F.);
#3862=ORIENTED_EDGE('',*,*,#5746,.F.);
#3863=ORIENTED_EDGE('',*,*,#5747,.F.);
#3864=ORIENTED_EDGE('',*,*,#5677,.F.);
#3865=ORIENTED_EDGE('',*,*,#5227,.F.);
#3866=CARTESIAN_POINT('',(1.18,0.0,0.0));
#3867=DIRECTION('',(1.0,0.0,0.0));
#3868=DIRECTION('',(0.0,1.0,0.0));
#3869=ORIENTED_EDGE('',*,*,#5682,.F.);
#3870=ORIENTED_EDGE('',*,*,#5188,.F.);
#3871=ORIENTED_EDGE('',*,*,#5672,.F.);
#3872=ORIENTED_EDGE('',*,*,#5714,.F.);
#3873=ORIENTED_EDGE('',*,*,#5720,.F.);
#3874=ORIENTED_EDGE('',*,*,#5224,.F.);
#3875=ORIENTED_EDGE('',*,*,#5727,.T.);
#3876=ORIENTED_EDGE('',*,*,#5748,.F.);
#3877=CARTESIAN_POINT('',(1.82,-0.29,-3.455));
#3878=DIRECTION('',(0.0,-1.0,0.0));
#3879=DIRECTION('',(0.0,0.0,-1.0));
#3880=ORIENTED_EDGE('',*,*,#5683,.F.);
#3881=ORIENTED_EDGE('',*,*,#5748,.T.);
#3882=ORIENTED_EDGE('',*,*,#5726,.T.);
#3883=ORIENTED_EDGE('',*,*,#5706,.F.);
#3884=CARTESIAN_POINT('',(1.82,-0.29,-4.955));
#3885=DIRECTION('',(0.0,0.0,-1.0));
#3886=DIRECTION('',(0.0,-1.0,0.0));
#3887=ORIENTED_EDGE('',*,*,#5693,.F.);
#3888=ORIENTED_EDGE('',*,*,#5749,.T.);
#3889=ORIENTED_EDGE('',*,*,#5736,.T.);
#3890=ORIENTED_EDGE('',*,*,#5418,.T.);
#3891=CARTESIAN_POINT('',(1.82,1.21,2.555));
#3892=DIRECTION('',(0.0,-1.0,0.0));
#3893=DIRECTION('',(0.0,0.0,-1.0));
#3894=ORIENTED_EDGE('',*,*,#5719,.F.);
#3895=ORIENTED_EDGE('',*,*,#5220,.F.);
#3896=ORIENTED_EDGE('',*,*,#5735,.T.);
#3897=ORIENTED_EDGE('',*,*,#5750,.F.);
#3898=ORIENTED_EDGE('',*,*,#5684,.F.);
#3899=ORIENTED_EDGE('',*,*,#5192,.F.);
#3900=ORIENTED_EDGE('',*,*,#5668,.F.);
#3901=ORIENTED_EDGE('',*,*,#5713,.F.);
#3902=CARTESIAN_POINT('',(1.82,1.21,2.555));
#3903=DIRECTION('',(0.0,-1.0,0.0));
#3904=DIRECTION('',(0.0,0.0,-1.0));
#3905=ORIENTED_EDGE('',*,*,#5695,.F.);
#3906=ORIENTED_EDGE('',*,*,#5725,.T.);
#3907=ORIENTED_EDGE('',*,*,#5737,.T.);
#3908=ORIENTED_EDGE('',*,*,#5749,.F.);
#3909=CARTESIAN_POINT('',(1.82,1.85,2.555));
#3910=DIRECTION('',(0.0,0.0,1.0));
#3911=DIRECTION('',(1.0,0.0,0.0));
#3912=ORIENTED_EDGE('',*,*,#5685,.F.);
#3913=ORIENTED_EDGE('',*,*,#5750,.T.);
#3914=ORIENTED_EDGE('',*,*,#5734,.T.);
#3915=ORIENTED_EDGE('',*,*,#5751,.F.);
#3916=CARTESIAN_POINT('',(1.82,-0.12,-6.309133164221));
#3917=DIRECTION('',(-1.0,0.0,-0.0));
#3918=DIRECTION('',(0.0,0.0,-1.0));
#3919=ORIENTED_EDGE('',*,*,#5686,.F.);
#3920=ORIENTED_EDGE('',*,*,#5751,.T.);
#3921=ORIENTED_EDGE('',*,*,#5733,.T.);
#3922=ORIENTED_EDGE('',*,*,#5752,.F.);
#3923=CARTESIAN_POINT('',(1.82,1.21,-7.045));
#3924=DIRECTION('',(0.0,-1.0,0.0));
#3925=DIRECTION('',(0.0,0.0,-1.0));
#3926=ORIENTED_EDGE('',*,*,#5687,.F.);
#3927=ORIENTED_EDGE('',*,*,#5752,.T.);
#3928=ORIENTED_EDGE('',*,*,#5732,.T.);
#3929=ORIENTED_EDGE('',*,*,#5753,.F.);
#3930=CARTESIAN_POINT('',(1.82,1.21,-7.295));
#3931=DIRECTION('',(0.0,-0.970295726275989,-0.241921895599697));
#3932=DIRECTION('',(0.0,0.241921895599697,-0.970295726275989));
#3933=ORIENTED_EDGE('',*,*,#5688,.F.);
#3934=ORIENTED_EDGE('',*,*,#5753,.T.);
#3935=ORIENTED_EDGE('',*,*,#5731,.T.);
#3936=ORIENTED_EDGE('',*,*,#5754,.F.);
#3937=CARTESIAN_POINT('',(1.82,1.419435522388,-8.135));
#3938=DIRECTION('',(0.0,0.0,-1.0));
#3939=DIRECTION('',(0.0,-1.0,0.0));
#3940=ORIENTED_EDGE('',*,*,#5689,.F.);
#3941=ORIENTED_EDGE('',*,*,#5754,.T.);
#3942=ORIENTED_EDGE('',*,*,#5730,.T.);
#3943=ORIENTED_EDGE('',*,*,#5755,.F.);
#3944=CARTESIAN_POINT('',(1.82,1.640564477612,-8.135));
#3945=DIRECTION('',(0.0,0.970295726275989,-0.241921895599697));
#3946=DIRECTION('',(-1.0,0.0,0.0));
#3947=ORIENTED_EDGE('',*,*,#5690,.F.);
#3948=ORIENTED_EDGE('',*,*,#5755,.T.);
#3949=ORIENTED_EDGE('',*,*,#5729,.T.);
#3950=ORIENTED_EDGE('',*,*,#5756,.F.);
#3951=CARTESIAN_POINT('',(1.82,1.85,-7.295));
#3952=DIRECTION('',(-0.0,1.0,0.0));
#3953=DIRECTION('',(1.0,0.0,0.0));
#3954=ORIENTED_EDGE('',*,*,#5691,.F.);
#3955=ORIENTED_EDGE('',*,*,#5756,.T.);
#3956=ORIENTED_EDGE('',*,*,#5728,.T.);
#3957=ORIENTED_EDGE('',*,*,#5722,.F.);
#3958=CARTESIAN_POINT('',(1.82,0.52,-6.309133164221));
#3959=DIRECTION('',(-1.0,0.0,-0.0));
#3960=DIRECTION('',(0.0,0.0,-1.0));
#3961=ORIENTED_EDGE('',*,*,#5698,.F.);
#3962=ORIENTED_EDGE('',*,*,#5757,.T.);
#3963=ORIENTED_EDGE('',*,*,#5740,.T.);
#3964=ORIENTED_EDGE('',*,*,#5226,.T.);
#3965=ORIENTED_EDGE('',*,*,#5721,.T.);
#3966=ORIENTED_EDGE('',*,*,#5715,.T.);
#3967=ORIENTED_EDGE('',*,*,#5670,.T.);
#3968=ORIENTED_EDGE('',*,*,#5186,.T.);
#3969=CARTESIAN_POINT('',(1.82,-1.15,-5.573266328441));
#3970=DIRECTION('',(-0.0,1.0,0.0));
#3971=DIRECTION('',(1.0,0.0,0.0));
#3972=ORIENTED_EDGE('',*,*,#5696,.F.);
#3973=ORIENTED_EDGE('',*,*,#5411,.F.);
#3974=ORIENTED_EDGE('',*,*,#5739,.T.);
#3975=ORIENTED_EDGE('',*,*,#5758,.F.);
#3976=CARTESIAN_POINT('',(1.82,-1.15,-5.573266328441));
#3977=DIRECTION('',(-0.0,1.0,0.0));
#3978=DIRECTION('',(1.0,0.0,0.0));
#3979=ORIENTED_EDGE('',*,*,#5705,.F.);
#3980=ORIENTED_EDGE('',*,*,#5759,.T.);
#3981=ORIENTED_EDGE('',*,*,#5741,.T.);
#3982=ORIENTED_EDGE('',*,*,#5757,.F.);
#3983=CARTESIAN_POINT('',(1.82,0.18,-6.309133164221));
#3984=DIRECTION('',(-1.0,0.0,-0.0));
#3985=DIRECTION('',(0.0,0.0,-1.0));
#3986=ORIENTED_EDGE('',*,*,#5704,.F.);
#3987=ORIENTED_EDGE('',*,*,#5760,.T.);
#3988=ORIENTED_EDGE('',*,*,#5742,.T.);
#3989=ORIENTED_EDGE('',*,*,#5759,.F.);
#3990=CARTESIAN_POINT('',(1.82,-1.15,-7.295));
#3991=DIRECTION('',(-0.0,1.0,0.0));
#3992=DIRECTION('',(1.0,0.0,0.0));
#3993=ORIENTED_EDGE('',*,*,#5703,.F.);
#3994=ORIENTED_EDGE('',*,*,#5761,.T.);
#3995=ORIENTED_EDGE('',*,*,#5743,.T.);
#3996=ORIENTED_EDGE('',*,*,#5760,.F.);
#3997=CARTESIAN_POINT('',(1.82,-1.359435522388,-8.135));
#3998=DIRECTION('',(0.0,0.970295726275989,-0.241921895599697));
#3999=DIRECTION('',(-1.0,0.0,0.0));
#4000=ORIENTED_EDGE('',*,*,#5702,.F.);
#4001=ORIENTED_EDGE('',*,*,#5762,.T.);
#4002=ORIENTED_EDGE('',*,*,#5744,.T.);
#4003=ORIENTED_EDGE('',*,*,#5761,.F.);
#4004=CARTESIAN_POINT('',(1.82,-1.580564477612,-8.135));
#4005=DIRECTION('',(0.0,0.0,-1.0));
#4006=DIRECTION('',(0.0,-1.0,0.0));
#4007=ORIENTED_EDGE('',*,*,#5701,.F.);
#4008=ORIENTED_EDGE('',*,*,#5763,.T.);
#4009=ORIENTED_EDGE('',*,*,#5745,.T.);
#4010=ORIENTED_EDGE('',*,*,#5762,.F.);
#4011=CARTESIAN_POINT('',(1.82,-1.79,-7.295));
#4012=DIRECTION('',(0.0,-0.970295726275989,-0.241921895599697));
#4013=DIRECTION('',(0.0,0.241921895599697,-0.970295726275989));
#4014=ORIENTED_EDGE('',*,*,#5700,.F.);
#4015=ORIENTED_EDGE('',*,*,#5764,.T.);
#4016=ORIENTED_EDGE('',*,*,#5746,.T.);
#4017=ORIENTED_EDGE('',*,*,#5763,.F.);
#4018=CARTESIAN_POINT('',(1.82,-1.79,-7.045));
#4019=DIRECTION('',(0.0,-1.0,0.0));
#4020=DIRECTION('',(0.0,0.0,-1.0));
#4021=ORIENTED_EDGE('',*,*,#5699,.F.);
#4022=ORIENTED_EDGE('',*,*,#5678,.T.);
#4023=ORIENTED_EDGE('',*,*,#5747,.T.);
#4024=ORIENTED_EDGE('',*,*,#5764,.F.);
#4025=CARTESIAN_POINT('',(1.82,-0.46,-6.309133164221));
#4026=DIRECTION('',(-1.0,0.0,-0.0));
#4027=DIRECTION('',(0.0,0.0,-1.0));
#4028=ORIENTED_EDGE('',*,*,#5697,.F.);
#4029=ORIENTED_EDGE('',*,*,#5758,.T.);
#4030=ORIENTED_EDGE('',*,*,#5738,.T.);
#4031=ORIENTED_EDGE('',*,*,#5674,.F.);
#4032=CARTESIAN_POINT('',(1.82,-1.15,2.555));
#4033=DIRECTION('',(0.0,0.0,1.0));
#4034=DIRECTION('',(1.0,0.0,0.0));
#4035=ORIENTED_EDGE('',*,*,#5207,.F.);
#4036=ORIENTED_EDGE('',*,*,#5605,.F.);
#4037=ORIENTED_EDGE('',*,*,#5615,.T.);
#4038=ORIENTED_EDGE('',*,*,#5106,.T.);
#4039=ORIENTED_EDGE('',*,*,#5765,.F.);
#4040=ORIENTED_EDGE('',*,*,#5766,.T.);
#4041=CARTESIAN_POINT('',(-1.2015,3.43,-3.955));
#4042=DIRECTION('',(1.0,0.0,0.0));
#4043=DIRECTION('',(0.0,1.0,0.0));
#4044=ORIENTED_EDGE('',*,*,#5565,.F.);
#4045=ORIENTED_EDGE('',*,*,#5767,.F.);
#4046=ORIENTED_EDGE('',*,*,#5768,.F.);
#4047=ORIENTED_EDGE('',*,*,#5315,.F.);
#4048=CARTESIAN_POINT('',(-1.2015,3.43,-3.955));
#4049=DIRECTION('',(1.0,0.0,0.0));
#4050=DIRECTION('',(0.0,1.0,0.0));
#4051=ORIENTED_EDGE('',*,*,#5769,.F.);
#4052=ORIENTED_EDGE('',*,*,#5770,.T.);
#4053=ORIENTED_EDGE('',*,*,#5215,.F.);
#4054=ORIENTED_EDGE('',*,*,#5771,.F.);
#4055=CARTESIAN_POINT('',(-1.2015,3.43,-3.955));
#4056=DIRECTION('',(1.0,0.0,0.0));
#4057=DIRECTION('',(0.0,1.0,0.0));
#4058=ORIENTED_EDGE('',*,*,#5211,.F.);
#4059=ORIENTED_EDGE('',*,*,#5772,.F.);
#4060=ORIENTED_EDGE('',*,*,#5773,.F.);
#4061=ORIENTED_EDGE('',*,*,#5774,.T.);
#4062=CARTESIAN_POINT('',(-1.2015,3.43,-3.955));
#4063=DIRECTION('',(1.0,0.0,0.0));
#4064=DIRECTION('',(0.0,1.0,0.0));
#4065=ORIENTED_EDGE('',*,*,#5775,.F.);
#4066=ORIENTED_EDGE('',*,*,#5776,.T.);
#4067=ORIENTED_EDGE('',*,*,#5777,.T.);
#4068=ORIENTED_EDGE('',*,*,#5436,.T.);
#4069=CARTESIAN_POINT('',(-1.18,-1.79,2.555));
#4070=DIRECTION('',(0.0,-1.0,0.0));
#4071=DIRECTION('',(0.0,0.0,-1.0));
#4072=ORIENTED_EDGE('',*,*,#5778,.F.);
#4073=ORIENTED_EDGE('',*,*,#5267,.F.);
#4074=ORIENTED_EDGE('',*,*,#5779,.T.);
#4075=ORIENTED_EDGE('',*,*,#5780,.F.);
#4076=ORIENTED_EDGE('',*,*,#5781,.F.);
#4077=ORIENTED_EDGE('',*,*,#5208,.F.);
#4078=ORIENTED_EDGE('',*,*,#5766,.F.);
#4079=ORIENTED_EDGE('',*,*,#5782,.F.);
#4080=CARTESIAN_POINT('',(-1.18,-1.79,2.555));
#4081=DIRECTION('',(0.0,-1.0,0.0));
#4082=DIRECTION('',(0.0,0.0,-1.0));
#4083=ORIENTED_EDGE('',*,*,#5783,.T.);
#4084=ORIENTED_EDGE('',*,*,#5213,.T.);
#4085=ORIENTED_EDGE('',*,*,#5784,.T.);
#4086=ORIENTED_EDGE('',*,*,#5785,.T.);
#4087=CARTESIAN_POINT('',(-1.18,0.0,0.0));
#4088=DIRECTION('',(1.0,0.0,0.0));
#4089=DIRECTION('',(0.0,1.0,0.0));
#4090=ORIENTED_EDGE('',*,*,#5786,.T.);
#4091=ORIENTED_EDGE('',*,*,#5426,.T.);
#4092=ORIENTED_EDGE('',*,*,#5787,.T.);
#4093=ORIENTED_EDGE('',*,*,#5788,.T.);
#4094=CARTESIAN_POINT('',(-1.18,0.0,0.0));
#4095=DIRECTION('',(1.0,0.0,0.0));
#4096=DIRECTION('',(0.0,1.0,0.0));
#4097=ORIENTED_EDGE('',*,*,#5789,.T.);
#4098=ORIENTED_EDGE('',*,*,#5570,.F.);
#4099=ORIENTED_EDGE('',*,*,#5585,.F.);
#4100=ORIENTED_EDGE('',*,*,#5217,.T.);
#4101=ORIENTED_EDGE('',*,*,#5790,.T.);
#4102=ORIENTED_EDGE('',*,*,#5791,.T.);
#4103=ORIENTED_EDGE('',*,*,#5792,.T.);
#4104=ORIENTED_EDGE('',*,*,#5793,.T.);
#4105=ORIENTED_EDGE('',*,*,#5794,.T.);
#4106=ORIENTED_EDGE('',*,*,#5795,.T.);
#4107=ORIENTED_EDGE('',*,*,#5796,.T.);
#4108=ORIENTED_EDGE('',*,*,#5797,.T.);
#4109=CARTESIAN_POINT('',(-1.18,0.0,0.0));
#4110=DIRECTION('',(1.0,0.0,0.0));
#4111=DIRECTION('',(0.0,1.0,0.0));
#4112=ORIENTED_EDGE('',*,*,#5775,.T.);
#4113=ORIENTED_EDGE('',*,*,#5435,.T.);
#4114=ORIENTED_EDGE('',*,*,#5798,.T.);
#4115=ORIENTED_EDGE('',*,*,#5799,.T.);
#4116=CARTESIAN_POINT('',(-1.18,0.0,0.0));
#4117=DIRECTION('',(1.0,0.0,0.0));
#4118=DIRECTION('',(0.0,1.0,0.0));
#4119=ORIENTED_EDGE('',*,*,#5800,.T.);
#4120=ORIENTED_EDGE('',*,*,#5209,.T.);
#4121=ORIENTED_EDGE('',*,*,#5781,.T.);
#4122=ORIENTED_EDGE('',*,*,#5801,.T.);
#4123=ORIENTED_EDGE('',*,*,#5802,.T.);
#4124=ORIENTED_EDGE('',*,*,#5803,.T.);
#4125=ORIENTED_EDGE('',*,*,#5804,.T.);
#4126=ORIENTED_EDGE('',*,*,#5805,.T.);
#4127=ORIENTED_EDGE('',*,*,#5806,.T.);
#4128=ORIENTED_EDGE('',*,*,#5807,.T.);
#4129=CARTESIAN_POINT('',(-1.18,0.0,0.0));
#4130=DIRECTION('',(1.0,0.0,0.0));
#4131=DIRECTION('',(0.0,1.0,0.0));
#4132=ORIENTED_EDGE('',*,*,#5783,.F.);
#4133=ORIENTED_EDGE('',*,*,#5808,.T.);
#4134=ORIENTED_EDGE('',*,*,#5809,.T.);
#4135=ORIENTED_EDGE('',*,*,#5261,.T.);
#4136=ORIENTED_EDGE('',*,*,#5810,.T.);
#4137=ORIENTED_EDGE('',*,*,#5811,.T.);
#4138=ORIENTED_EDGE('',*,*,#5771,.T.);
#4139=ORIENTED_EDGE('',*,*,#5214,.T.);
#4140=CARTESIAN_POINT('',(-1.18,0.35,-4.955));
#4141=DIRECTION('',(-0.0,1.0,0.0));
#4142=DIRECTION('',(1.0,0.0,0.0));
#4143=ORIENTED_EDGE('',*,*,#5812,.F.);
#4144=ORIENTED_EDGE('',*,*,#5316,.T.);
#4145=ORIENTED_EDGE('',*,*,#5768,.T.);
#4146=ORIENTED_EDGE('',*,*,#5813,.F.);
#4147=CARTESIAN_POINT('',(-1.7985,3.43,-3.955));
#4148=DIRECTION('',(0.0,0.0,1.0));
#4149=DIRECTION('',(1.0,0.0,0.0));
#4150=ORIENTED_EDGE('',*,*,#5814,.F.);
#4151=ORIENTED_EDGE('',*,*,#5815,.T.);
#4152=ORIENTED_EDGE('',*,*,#5769,.T.);
#4153=ORIENTED_EDGE('',*,*,#5811,.F.);
#4154=CARTESIAN_POINT('',(-1.7985,3.43,-3.955));
#4155=DIRECTION('',(0.0,0.0,1.0));
#4156=DIRECTION('',(1.0,0.0,0.0));
#4157=ORIENTED_EDGE('',*,*,#5816,.T.);
#4158=ORIENTED_EDGE('',*,*,#5773,.T.);
#4159=ORIENTED_EDGE('',*,*,#5817,.F.);
#4160=ORIENTED_EDGE('',*,*,#5818,.F.);
#4161=CARTESIAN_POINT('',(-1.7985,3.43,-3.955));
#4162=DIRECTION('',(0.0,0.0,1.0));
#4163=DIRECTION('',(1.0,0.0,0.0));
#4164=ORIENTED_EDGE('',*,*,#5782,.T.);
#4165=ORIENTED_EDGE('',*,*,#5765,.T.);
#4166=ORIENTED_EDGE('',*,*,#5105,.F.);
#4167=ORIENTED_EDGE('',*,*,#5819,.F.);
#4168=CARTESIAN_POINT('',(-1.7985,3.43,-3.955));
#4169=DIRECTION('',(0.0,0.0,1.0));
#4170=DIRECTION('',(1.0,0.0,0.0));
#4171=ORIENTED_EDGE('',*,*,#5268,.T.);
#4172=ORIENTED_EDGE('',*,*,#5778,.T.);
#4173=ORIENTED_EDGE('',*,*,#5819,.T.);
#4174=ORIENTED_EDGE('',*,*,#5104,.F.);
#4175=ORIENTED_EDGE('',*,*,#5620,.F.);
#4176=ORIENTED_EDGE('',*,*,#5610,.T.);
#4177=CARTESIAN_POINT('',(-1.7985,3.43,-4.955));
#4178=DIRECTION('',(-1.0,0.0,0.0));
#4179=DIRECTION('',(0.0,0.0,1.0));
#4180=ORIENTED_EDGE('',*,*,#5578,.T.);
#4181=ORIENTED_EDGE('',*,*,#5317,.T.);
#4182=ORIENTED_EDGE('',*,*,#5812,.T.);
#4183=ORIENTED_EDGE('',*,*,#5820,.F.);
#4184=CARTESIAN_POINT('',(-1.7985,3.43,-4.955));
#4185=DIRECTION('',(-1.0,0.0,0.0));
#4186=DIRECTION('',(0.0,0.0,1.0));
#4187=ORIENTED_EDGE('',*,*,#5814,.T.);
#4188=ORIENTED_EDGE('',*,*,#5810,.F.);
#4189=ORIENTED_EDGE('',*,*,#5260,.T.);
#4190=ORIENTED_EDGE('',*,*,#5821,.T.);
#4191=CARTESIAN_POINT('',(-1.7985,3.43,-4.955));
#4192=DIRECTION('',(-1.0,0.0,0.0));
#4193=DIRECTION('',(0.0,0.0,1.0));
#4194=ORIENTED_EDGE('',*,*,#5264,.T.);
#4195=ORIENTED_EDGE('',*,*,#5822,.T.);
#4196=ORIENTED_EDGE('',*,*,#5818,.T.);
#4197=ORIENTED_EDGE('',*,*,#5823,.F.);
#4198=CARTESIAN_POINT('',(-1.7985,3.43,-4.955));
#4199=DIRECTION('',(-1.0,0.0,0.0));
#4200=DIRECTION('',(0.0,0.0,1.0));
#4201=ORIENTED_EDGE('',*,*,#5789,.F.);
#4202=ORIENTED_EDGE('',*,*,#5824,.T.);
#4203=ORIENTED_EDGE('',*,*,#5825,.T.);
#4204=ORIENTED_EDGE('',*,*,#5579,.T.);
#4205=ORIENTED_EDGE('',*,*,#5820,.T.);
#4206=ORIENTED_EDGE('',*,*,#5813,.T.);
#4207=ORIENTED_EDGE('',*,*,#5767,.T.);
#4208=ORIENTED_EDGE('',*,*,#5571,.T.);
#4209=CARTESIAN_POINT('',(-1.18,1.85,-5.573266328441));
#4210=DIRECTION('',(-0.0,1.0,0.0));
#4211=DIRECTION('',(1.0,0.0,0.0));
#4212=ORIENTED_EDGE('',*,*,#5787,.F.);
#4213=ORIENTED_EDGE('',*,*,#5429,.F.);
#4214=ORIENTED_EDGE('',*,*,#5826,.T.);
#4215=ORIENTED_EDGE('',*,*,#5827,.F.);
#4216=CARTESIAN_POINT('',(-1.18,1.85,-5.573266328441));
#4217=DIRECTION('',(-0.0,1.0,0.0));
#4218=DIRECTION('',(1.0,0.0,0.0));
#4219=ORIENTED_EDGE('',*,*,#5809,.F.);
#4220=ORIENTED_EDGE('',*,*,#5828,.F.);
#4221=ORIENTED_EDGE('',*,*,#5829,.F.);
#4222=ORIENTED_EDGE('',*,*,#5262,.F.);
#4223=CARTESIAN_POINT('',(-1.82,0.0,0.0));
#4224=DIRECTION('',(1.0,0.0,0.0));
#4225=DIRECTION('',(0.0,1.0,0.0));
#4226=ORIENTED_EDGE('',*,*,#5830,.F.);
#4227=ORIENTED_EDGE('',*,*,#5831,.F.);
#4228=ORIENTED_EDGE('',*,*,#5826,.F.);
#4229=ORIENTED_EDGE('',*,*,#5428,.F.);
#4230=CARTESIAN_POINT('',(-1.82,0.0,0.0));
#4231=DIRECTION('',(1.0,0.0,0.0));
#4232=DIRECTION('',(0.0,1.0,0.0));
#4233=ORIENTED_EDGE('',*,*,#5825,.F.);
#4234=ORIENTED_EDGE('',*,*,#5832,.F.);
#4235=ORIENTED_EDGE('',*,*,#5833,.F.);
#4236=ORIENTED_EDGE('',*,*,#5834,.F.);
#4237=ORIENTED_EDGE('',*,*,#5835,.F.);
#4238=ORIENTED_EDGE('',*,*,#5836,.F.);
#4239=ORIENTED_EDGE('',*,*,#5837,.F.);
#4240=ORIENTED_EDGE('',*,*,#5838,.F.);
#4241=ORIENTED_EDGE('',*,*,#5839,.F.);
#4242=ORIENTED_EDGE('',*,*,#5258,.F.);
#4243=ORIENTED_EDGE('',*,*,#5586,.T.);
#4244=ORIENTED_EDGE('',*,*,#5580,.T.);
#4245=CARTESIAN_POINT('',(-1.82,0.0,0.0));
#4246=DIRECTION('',(1.0,0.0,0.0));
#4247=DIRECTION('',(0.0,1.0,0.0));
#4248=ORIENTED_EDGE('',*,*,#5777,.F.);
#4249=ORIENTED_EDGE('',*,*,#5840,.F.);
#4250=ORIENTED_EDGE('',*,*,#5841,.F.);
#4251=ORIENTED_EDGE('',*,*,#5437,.F.);
#4252=CARTESIAN_POINT('',(-1.82,0.0,0.0));
#4253=DIRECTION('',(1.0,0.0,0.0));
#4254=DIRECTION('',(0.0,1.0,0.0));
#4255=ORIENTED_EDGE('',*,*,#5842,.F.);
#4256=ORIENTED_EDGE('',*,*,#5843,.F.);
#4257=ORIENTED_EDGE('',*,*,#5844,.F.);
#4258=ORIENTED_EDGE('',*,*,#5845,.F.);
#4259=ORIENTED_EDGE('',*,*,#5846,.F.);
#4260=ORIENTED_EDGE('',*,*,#5847,.F.);
#4261=ORIENTED_EDGE('',*,*,#5848,.F.);
#4262=ORIENTED_EDGE('',*,*,#5849,.F.);
#4263=ORIENTED_EDGE('',*,*,#5779,.F.);
#4264=ORIENTED_EDGE('',*,*,#5266,.F.);
#4265=CARTESIAN_POINT('',(-1.82,0.0,0.0));
#4266=DIRECTION('',(1.0,0.0,0.0));
#4267=DIRECTION('',(0.0,1.0,0.0));
#4268=ORIENTED_EDGE('',*,*,#5784,.F.);
#4269=ORIENTED_EDGE('',*,*,#5212,.F.);
#4270=ORIENTED_EDGE('',*,*,#5774,.F.);
#4271=ORIENTED_EDGE('',*,*,#5816,.F.);
#4272=ORIENTED_EDGE('',*,*,#5822,.F.);
#4273=ORIENTED_EDGE('',*,*,#5263,.F.);
#4274=ORIENTED_EDGE('',*,*,#5829,.T.);
#4275=ORIENTED_EDGE('',*,*,#5850,.F.);
#4276=CARTESIAN_POINT('',(-1.18,-0.29,-3.455));
#4277=DIRECTION('',(0.0,-1.0,0.0));
#4278=DIRECTION('',(0.0,0.0,-1.0));
#4279=ORIENTED_EDGE('',*,*,#5785,.F.);
#4280=ORIENTED_EDGE('',*,*,#5850,.T.);
#4281=ORIENTED_EDGE('',*,*,#5828,.T.);
#4282=ORIENTED_EDGE('',*,*,#5808,.F.);
#4283=CARTESIAN_POINT('',(-1.18,-0.29,-4.955));
#4284=DIRECTION('',(0.0,0.0,-1.0));
#4285=DIRECTION('',(0.0,-1.0,0.0));
#4286=ORIENTED_EDGE('',*,*,#5786,.F.);
#4287=ORIENTED_EDGE('',*,*,#5851,.T.);
#4288=ORIENTED_EDGE('',*,*,#5830,.T.);
#4289=ORIENTED_EDGE('',*,*,#5427,.T.);
#4290=CARTESIAN_POINT('',(-1.18,1.21,2.555));
#4291=DIRECTION('',(0.0,-1.0,0.0));
#4292=DIRECTION('',(0.0,0.0,-1.0));
#4293=ORIENTED_EDGE('',*,*,#5821,.F.);
#4294=ORIENTED_EDGE('',*,*,#5259,.F.);
#4295=ORIENTED_EDGE('',*,*,#5839,.T.);
#4296=ORIENTED_EDGE('',*,*,#5852,.F.);
#4297=ORIENTED_EDGE('',*,*,#5790,.F.);
#4298=ORIENTED_EDGE('',*,*,#5216,.F.);
#4299=ORIENTED_EDGE('',*,*,#5770,.F.);
#4300=ORIENTED_EDGE('',*,*,#5815,.F.);
#4301=CARTESIAN_POINT('',(-1.18,1.21,2.555));
#4302=DIRECTION('',(0.0,-1.0,0.0));
#4303=DIRECTION('',(0.0,0.0,-1.0));
#4304=ORIENTED_EDGE('',*,*,#5788,.F.);
#4305=ORIENTED_EDGE('',*,*,#5827,.T.);
#4306=ORIENTED_EDGE('',*,*,#5831,.T.);
#4307=ORIENTED_EDGE('',*,*,#5851,.F.);
#4308=CARTESIAN_POINT('',(-1.18,1.85,2.555));
#4309=DIRECTION('',(0.0,0.0,1.0));
#4310=DIRECTION('',(1.0,0.0,0.0));
#4311=ORIENTED_EDGE('',*,*,#5791,.F.);
#4312=ORIENTED_EDGE('',*,*,#5852,.T.);
#4313=ORIENTED_EDGE('',*,*,#5838,.T.);
#4314=ORIENTED_EDGE('',*,*,#5853,.F.);
#4315=CARTESIAN_POINT('',(-1.18,-0.12,-6.309133164221));
#4316=DIRECTION('',(-1.0,0.0,-0.0));
#4317=DIRECTION('',(0.0,0.0,-1.0));
#4318=ORIENTED_EDGE('',*,*,#5792,.F.);
#4319=ORIENTED_EDGE('',*,*,#5853,.T.);
#4320=ORIENTED_EDGE('',*,*,#5837,.T.);
#4321=ORIENTED_EDGE('',*,*,#5854,.F.);
#4322=CARTESIAN_POINT('',(-1.18,1.21,-7.045));
#4323=DIRECTION('',(0.0,-1.0,0.0));
#4324=DIRECTION('',(0.0,0.0,-1.0));
#4325=ORIENTED_EDGE('',*,*,#5793,.F.);
#4326=ORIENTED_EDGE('',*,*,#5854,.T.);
#4327=ORIENTED_EDGE('',*,*,#5836,.T.);
#4328=ORIENTED_EDGE('',*,*,#5855,.F.);
#4329=CARTESIAN_POINT('',(-1.18,1.21,-7.295));
#4330=DIRECTION('',(0.0,-0.970295726275989,-0.241921895599697));
#4331=DIRECTION('',(0.0,0.241921895599697,-0.970295726275989));
#4332=ORIENTED_EDGE('',*,*,#5794,.F.);
#4333=ORIENTED_EDGE('',*,*,#5855,.T.);
#4334=ORIENTED_EDGE('',*,*,#5835,.T.);
#4335=ORIENTED_EDGE('',*,*,#5856,.F.);
#4336=CARTESIAN_POINT('',(-1.18,1.419435522388,-8.135));
#4337=DIRECTION('',(0.0,0.0,-1.0));
#4338=DIRECTION('',(0.0,-1.0,0.0));
#4339=ORIENTED_EDGE('',*,*,#5795,.F.);
#4340=ORIENTED_EDGE('',*,*,#5856,.T.);
#4341=ORIENTED_EDGE('',*,*,#5834,.T.);
#4342=ORIENTED_EDGE('',*,*,#5857,.F.);
#4343=CARTESIAN_POINT('',(-1.18,1.640564477612,-8.135));
#4344=DIRECTION('',(0.0,0.970295726275989,-0.241921895599697));
#4345=DIRECTION('',(-1.0,0.0,0.0));
#4346=ORIENTED_EDGE('',*,*,#5796,.F.);
#4347=ORIENTED_EDGE('',*,*,#5857,.T.);
#4348=ORIENTED_EDGE('',*,*,#5833,.T.);
#4349=ORIENTED_EDGE('',*,*,#5858,.F.);
#4350=CARTESIAN_POINT('',(-1.18,1.85,-7.295));
#4351=DIRECTION('',(-0.0,1.0,0.0));
#4352=DIRECTION('',(1.0,0.0,0.0));
#4353=ORIENTED_EDGE('',*,*,#5797,.F.);
#4354=ORIENTED_EDGE('',*,*,#5858,.T.);
#4355=ORIENTED_EDGE('',*,*,#5832,.T.);
#4356=ORIENTED_EDGE('',*,*,#5824,.F.);
#4357=CARTESIAN_POINT('',(-1.18,0.52,-6.309133164221));
#4358=DIRECTION('',(-1.0,0.0,-0.0));
#4359=DIRECTION('',(0.0,0.0,-1.0));
#4360=ORIENTED_EDGE('',*,*,#5800,.F.);
#4361=ORIENTED_EDGE('',*,*,#5859,.T.);
#4362=ORIENTED_EDGE('',*,*,#5842,.T.);
#4363=ORIENTED_EDGE('',*,*,#5265,.T.);
#4364=ORIENTED_EDGE('',*,*,#5823,.T.);
#4365=ORIENTED_EDGE('',*,*,#5817,.T.);
#4366=ORIENTED_EDGE('',*,*,#5772,.T.);
#4367=ORIENTED_EDGE('',*,*,#5210,.T.);
#4368=CARTESIAN_POINT('',(-1.18,-1.15,-5.573266328441));
#4369=DIRECTION('',(-0.0,1.0,0.0));
#4370=DIRECTION('',(1.0,0.0,0.0));
#4371=ORIENTED_EDGE('',*,*,#5798,.F.);
#4372=ORIENTED_EDGE('',*,*,#5438,.F.);
#4373=ORIENTED_EDGE('',*,*,#5841,.T.);
#4374=ORIENTED_EDGE('',*,*,#5860,.F.);
#4375=CARTESIAN_POINT('',(-1.18,-1.15,-5.573266328441));
#4376=DIRECTION('',(-0.0,1.0,0.0));
#4377=DIRECTION('',(1.0,0.0,0.0));
#4378=ORIENTED_EDGE('',*,*,#5807,.F.);
#4379=ORIENTED_EDGE('',*,*,#5861,.T.);
#4380=ORIENTED_EDGE('',*,*,#5843,.T.);
#4381=ORIENTED_EDGE('',*,*,#5859,.F.);
#4382=CARTESIAN_POINT('',(-1.18,0.18,-6.309133164221));
#4383=DIRECTION('',(-1.0,0.0,-0.0));
#4384=DIRECTION('',(0.0,0.0,-1.0));
#4385=ORIENTED_EDGE('',*,*,#5806,.F.);
#4386=ORIENTED_EDGE('',*,*,#5862,.T.);
#4387=ORIENTED_EDGE('',*,*,#5844,.T.);
#4388=ORIENTED_EDGE('',*,*,#5861,.F.);
#4389=CARTESIAN_POINT('',(-1.18,-1.15,-7.295));
#4390=DIRECTION('',(-0.0,1.0,0.0));
#4391=DIRECTION('',(1.0,0.0,0.0));
#4392=ORIENTED_EDGE('',*,*,#5805,.F.);
#4393=ORIENTED_EDGE('',*,*,#5863,.T.);
#4394=ORIENTED_EDGE('',*,*,#5845,.T.);
#4395=ORIENTED_EDGE('',*,*,#5862,.F.);
#4396=CARTESIAN_POINT('',(-1.18,-1.359435522388,-8.135));
#4397=DIRECTION('',(0.0,0.970295726275989,-0.241921895599697));
#4398=DIRECTION('',(-1.0,0.0,0.0));
#4399=ORIENTED_EDGE('',*,*,#5804,.F.);
#4400=ORIENTED_EDGE('',*,*,#5864,.T.);
#4401=ORIENTED_EDGE('',*,*,#5846,.T.);
#4402=ORIENTED_EDGE('',*,*,#5863,.F.);
#4403=CARTESIAN_POINT('',(-1.18,-1.580564477612,-8.135));
#4404=DIRECTION('',(0.0,0.0,-1.0));
#4405=DIRECTION('',(0.0,-1.0,0.0));
#4406=ORIENTED_EDGE('',*,*,#5803,.F.);
#4407=ORIENTED_EDGE('',*,*,#5865,.T.);
#4408=ORIENTED_EDGE('',*,*,#5847,.T.);
#4409=ORIENTED_EDGE('',*,*,#5864,.F.);
#4410=CARTESIAN_POINT('',(-1.18,-1.79,-7.295));
#4411=DIRECTION('',(0.0,-0.970295726275989,-0.241921895599697));
#4412=DIRECTION('',(0.0,0.241921895599697,-0.970295726275989));
#4413=ORIENTED_EDGE('',*,*,#5802,.F.);
#4414=ORIENTED_EDGE('',*,*,#5866,.T.);
#4415=ORIENTED_EDGE('',*,*,#5848,.T.);
#4416=ORIENTED_EDGE('',*,*,#5865,.F.);
#4417=CARTESIAN_POINT('',(-1.18,-1.79,-7.045));
#4418=DIRECTION('',(0.0,-1.0,0.0));
#4419=DIRECTION('',(0.0,0.0,-1.0));
#4420=ORIENTED_EDGE('',*,*,#5801,.F.);
#4421=ORIENTED_EDGE('',*,*,#5780,.T.);
#4422=ORIENTED_EDGE('',*,*,#5849,.T.);
#4423=ORIENTED_EDGE('',*,*,#5866,.F.);
#4424=CARTESIAN_POINT('',(-1.18,-0.46,-6.309133164221));
#4425=DIRECTION('',(-1.0,0.0,-0.0));
#4426=DIRECTION('',(0.0,0.0,-1.0));
#4427=ORIENTED_EDGE('',*,*,#5799,.F.);
#4428=ORIENTED_EDGE('',*,*,#5860,.T.);
#4429=ORIENTED_EDGE('',*,*,#5840,.T.);
#4430=ORIENTED_EDGE('',*,*,#5776,.F.);
#4431=CARTESIAN_POINT('',(-1.18,-1.15,2.555));
#4432=DIRECTION('',(0.0,0.0,1.0));
#4433=DIRECTION('',(1.0,0.0,0.0));
#4434=ORIENTED_EDGE('',*,*,#5371,.F.);
#4435=ORIENTED_EDGE('',*,*,#5867,.F.);
#4436=ORIENTED_EDGE('',*,*,#5868,.F.);
#4437=ORIENTED_EDGE('',*,*,#5241,.F.);
#4438=CARTESIAN_POINT('',(-4.82,0.0,0.0));
#4439=DIRECTION('',(1.0,0.0,0.0));
#4440=DIRECTION('',(0.0,1.0,0.0));
#4441=ORIENTED_EDGE('',*,*,#5238,.F.);
#4442=ORIENTED_EDGE('',*,*,#5587,.T.);
#4443=ORIENTED_EDGE('',*,*,#5572,.T.);
#4444=ORIENTED_EDGE('',*,*,#5333,.F.);
#4445=ORIENTED_EDGE('',*,*,#5869,.F.);
#4446=ORIENTED_EDGE('',*,*,#5870,.F.);
#4447=ORIENTED_EDGE('',*,*,#5871,.F.);
#4448=ORIENTED_EDGE('',*,*,#5872,.F.);
#4449=ORIENTED_EDGE('',*,*,#5873,.F.);
#4450=ORIENTED_EDGE('',*,*,#5874,.F.);
#4451=ORIENTED_EDGE('',*,*,#5875,.F.);
#4452=ORIENTED_EDGE('',*,*,#5876,.F.);
#4453=CARTESIAN_POINT('',(-4.82,0.0,0.0));
#4454=DIRECTION('',(1.0,0.0,0.0));
#4455=DIRECTION('',(0.0,1.0,0.0));
#4456=ORIENTED_EDGE('',*,*,#5877,.F.);
#4457=ORIENTED_EDGE('',*,*,#5878,.F.);
#4458=ORIENTED_EDGE('',*,*,#5339,.F.);
#4459=ORIENTED_EDGE('',*,*,#5451,.F.);
#4460=CARTESIAN_POINT('',(-4.82,0.0,0.0));
#4461=DIRECTION('',(1.0,0.0,0.0));
#4462=DIRECTION('',(0.0,1.0,0.0));
#4463=ORIENTED_EDGE('',*,*,#5381,.F.);
#4464=ORIENTED_EDGE('',*,*,#5879,.F.);
#4465=ORIENTED_EDGE('',*,*,#5880,.F.);
#4466=ORIENTED_EDGE('',*,*,#5444,.F.);
#4467=CARTESIAN_POINT('',(-4.82,0.0,0.0));
#4468=DIRECTION('',(1.0,0.0,0.0));
#4469=DIRECTION('',(0.0,1.0,0.0));
#4470=ORIENTED_EDGE('',*,*,#5881,.F.);
#4471=ORIENTED_EDGE('',*,*,#5882,.F.);
#4472=ORIENTED_EDGE('',*,*,#5883,.F.);
#4473=ORIENTED_EDGE('',*,*,#5884,.F.);
#4474=ORIENTED_EDGE('',*,*,#5885,.F.);
#4475=ORIENTED_EDGE('',*,*,#5886,.F.);
#4476=ORIENTED_EDGE('',*,*,#5887,.F.);
#4477=ORIENTED_EDGE('',*,*,#5888,.F.);
#4478=ORIENTED_EDGE('',*,*,#5383,.F.);
#4479=ORIENTED_EDGE('',*,*,#5244,.F.);
#4480=CARTESIAN_POINT('',(-4.82,0.0,0.0));
#4481=DIRECTION('',(1.0,0.0,0.0));
#4482=DIRECTION('',(0.0,1.0,0.0));
#4483=ORIENTED_EDGE('',*,*,#5342,.F.);
#4484=ORIENTED_EDGE('',*,*,#5251,.F.);
#4485=ORIENTED_EDGE('',*,*,#5379,.F.);
#4486=ORIENTED_EDGE('',*,*,#5326,.F.);
#4487=ORIENTED_EDGE('',*,*,#5162,.F.);
#4488=ORIENTED_EDGE('',*,*,#5242,.F.);
#4489=ORIENTED_EDGE('',*,*,#5868,.T.);
#4490=ORIENTED_EDGE('',*,*,#5889,.F.);
#4491=CARTESIAN_POINT('',(-4.18,-0.29,-3.455));
#4492=DIRECTION('',(0.0,-1.0,0.0));
#4493=DIRECTION('',(0.0,0.0,-1.0));
#4494=ORIENTED_EDGE('',*,*,#5343,.F.);
#4495=ORIENTED_EDGE('',*,*,#5889,.T.);
#4496=ORIENTED_EDGE('',*,*,#5867,.T.);
#4497=ORIENTED_EDGE('',*,*,#5370,.F.);
#4498=CARTESIAN_POINT('',(-4.18,-0.29,-4.955));
#4499=DIRECTION('',(0.0,0.0,-1.0));
#4500=DIRECTION('',(0.0,-1.0,0.0));
#4501=ORIENTED_EDGE('',*,*,#5354,.F.);
#4502=ORIENTED_EDGE('',*,*,#5890,.T.);
#4503=ORIENTED_EDGE('',*,*,#5877,.T.);
#4504=ORIENTED_EDGE('',*,*,#5450,.T.);
#4505=CARTESIAN_POINT('',(-4.18,1.21,2.555));
#4506=DIRECTION('',(0.0,-1.0,0.0));
#4507=DIRECTION('',(0.0,0.0,-1.0));
#4508=ORIENTED_EDGE('',*,*,#5160,.F.);
#4509=ORIENTED_EDGE('',*,*,#5239,.F.);
#4510=ORIENTED_EDGE('',*,*,#5876,.T.);
#4511=ORIENTED_EDGE('',*,*,#5891,.F.);
#4512=ORIENTED_EDGE('',*,*,#5344,.F.);
#4513=ORIENTED_EDGE('',*,*,#5255,.F.);
#4514=ORIENTED_EDGE('',*,*,#5377,.F.);
#4515=ORIENTED_EDGE('',*,*,#5323,.F.);
#4516=CARTESIAN_POINT('',(-4.18,1.21,2.555));
#4517=DIRECTION('',(0.0,-1.0,0.0));
#4518=DIRECTION('',(0.0,0.0,-1.0));
#4519=ORIENTED_EDGE('',*,*,#5356,.F.);
#4520=ORIENTED_EDGE('',*,*,#5340,.T.);
#4521=ORIENTED_EDGE('',*,*,#5878,.T.);
#4522=ORIENTED_EDGE('',*,*,#5890,.F.);
#4523=CARTESIAN_POINT('',(-4.18,1.85,2.555));
#4524=DIRECTION('',(0.0,0.0,1.0));
#4525=DIRECTION('',(1.0,0.0,0.0));
#4526=ORIENTED_EDGE('',*,*,#5345,.F.);
#4527=ORIENTED_EDGE('',*,*,#5891,.T.);
#4528=ORIENTED_EDGE('',*,*,#5875,.T.);
#4529=ORIENTED_EDGE('',*,*,#5892,.F.);
#4530=CARTESIAN_POINT('',(-4.18,-0.12,-6.309133164221));
#4531=DIRECTION('',(-1.0,0.0,-0.0));
#4532=DIRECTION('',(0.0,0.0,-1.0));
#4533=ORIENTED_EDGE('',*,*,#5346,.F.);
#4534=ORIENTED_EDGE('',*,*,#5892,.T.);
#4535=ORIENTED_EDGE('',*,*,#5874,.T.);
#4536=ORIENTED_EDGE('',*,*,#5893,.F.);
#4537=CARTESIAN_POINT('',(-4.18,1.21,-7.045));
#4538=DIRECTION('',(0.0,-1.0,0.0));
#4539=DIRECTION('',(0.0,0.0,-1.0));
#4540=ORIENTED_EDGE('',*,*,#5347,.F.);
#4541=ORIENTED_EDGE('',*,*,#5893,.T.);
#4542=ORIENTED_EDGE('',*,*,#5873,.T.);
#4543=ORIENTED_EDGE('',*,*,#5894,.F.);
#4544=CARTESIAN_POINT('',(-4.18,1.21,-7.295));
#4545=DIRECTION('',(0.0,-0.970295726275989,-0.241921895599697));
#4546=DIRECTION('',(0.0,0.241921895599697,-0.970295726275989));
#4547=ORIENTED_EDGE('',*,*,#5348,.F.);
#4548=ORIENTED_EDGE('',*,*,#5894,.T.);
#4549=ORIENTED_EDGE('',*,*,#5872,.T.);
#4550=ORIENTED_EDGE('',*,*,#5895,.F.);
#4551=CARTESIAN_POINT('',(-4.18,1.419435522388,-8.135));
#4552=DIRECTION('',(0.0,0.0,-1.0));
#4553=DIRECTION('',(0.0,-1.0,0.0));
#4554=ORIENTED_EDGE('',*,*,#5349,.F.);
#4555=ORIENTED_EDGE('',*,*,#5895,.T.);
#4556=ORIENTED_EDGE('',*,*,#5871,.T.);
#4557=ORIENTED_EDGE('',*,*,#5896,.F.);
#4558=CARTESIAN_POINT('',(-4.18,1.640564477612,-8.135));
#4559=DIRECTION('',(0.0,0.970295726275989,-0.241921895599697));
#4560=DIRECTION('',(-1.0,0.0,0.0));
#4561=ORIENTED_EDGE('',*,*,#5350,.F.);
#4562=ORIENTED_EDGE('',*,*,#5896,.T.);
#4563=ORIENTED_EDGE('',*,*,#5870,.T.);
#4564=ORIENTED_EDGE('',*,*,#5897,.F.);
#4565=CARTESIAN_POINT('',(-4.18,1.85,-7.295));
#4566=DIRECTION('',(-0.0,1.0,0.0));
#4567=DIRECTION('',(1.0,0.0,0.0));
#4568=ORIENTED_EDGE('',*,*,#5351,.F.);
#4569=ORIENTED_EDGE('',*,*,#5897,.T.);
#4570=ORIENTED_EDGE('',*,*,#5869,.T.);
#4571=ORIENTED_EDGE('',*,*,#5332,.F.);
#4572=CARTESIAN_POINT('',(-4.18,0.52,-6.309133164221));
#4573=DIRECTION('',(-1.0,0.0,-0.0));
#4574=DIRECTION('',(0.0,0.0,-1.0));
#4575=ORIENTED_EDGE('',*,*,#5361,.F.);
#4576=ORIENTED_EDGE('',*,*,#5898,.T.);
#4577=ORIENTED_EDGE('',*,*,#5881,.T.);
#4578=ORIENTED_EDGE('',*,*,#5243,.T.);
#4579=ORIENTED_EDGE('',*,*,#5164,.T.);
#4580=ORIENTED_EDGE('',*,*,#5328,.T.);
#4581=ORIENTED_EDGE('',*,*,#5378,.T.);
#4582=ORIENTED_EDGE('',*,*,#5249,.T.);
#4583=CARTESIAN_POINT('',(-4.18,-1.15,-5.573266328441));
#4584=DIRECTION('',(-0.0,1.0,0.0));
#4585=DIRECTION('',(1.0,0.0,0.0));
#4586=ORIENTED_EDGE('',*,*,#5359,.F.);
#4587=ORIENTED_EDGE('',*,*,#5445,.F.);
#4588=ORIENTED_EDGE('',*,*,#5880,.T.);
#4589=ORIENTED_EDGE('',*,*,#5899,.F.);
#4590=CARTESIAN_POINT('',(-4.18,-1.15,-5.573266328441));
#4591=DIRECTION('',(-0.0,1.0,0.0));
#4592=DIRECTION('',(1.0,0.0,0.0));
#4593=ORIENTED_EDGE('',*,*,#5369,.F.);
#4594=ORIENTED_EDGE('',*,*,#5900,.T.);
#4595=ORIENTED_EDGE('',*,*,#5882,.T.);
#4596=ORIENTED_EDGE('',*,*,#5898,.F.);
#4597=CARTESIAN_POINT('',(-4.18,0.18,-6.309133164221));
#4598=DIRECTION('',(-1.0,0.0,-0.0));
#4599=DIRECTION('',(0.0,0.0,-1.0));
#4600=ORIENTED_EDGE('',*,*,#5368,.F.);
#4601=ORIENTED_EDGE('',*,*,#5901,.T.);
#4602=ORIENTED_EDGE('',*,*,#5883,.T.);
#4603=ORIENTED_EDGE('',*,*,#5900,.F.);
#4604=CARTESIAN_POINT('',(-4.18,-1.15,-7.295));
#4605=DIRECTION('',(-0.0,1.0,0.0));
#4606=DIRECTION('',(1.0,0.0,0.0));
#4607=ORIENTED_EDGE('',*,*,#5367,.F.);
#4608=ORIENTED_EDGE('',*,*,#5902,.T.);
#4609=ORIENTED_EDGE('',*,*,#5884,.T.);
#4610=ORIENTED_EDGE('',*,*,#5901,.F.);
#4611=CARTESIAN_POINT('',(-4.18,-1.359435522388,-8.135));
#4612=DIRECTION('',(0.0,0.970295726275989,-0.241921895599697));
#4613=DIRECTION('',(-1.0,0.0,0.0));
#4614=ORIENTED_EDGE('',*,*,#5366,.F.);
#4615=ORIENTED_EDGE('',*,*,#5903,.T.);
#4616=ORIENTED_EDGE('',*,*,#5885,.T.);
#4617=ORIENTED_EDGE('',*,*,#5902,.F.);
#4618=CARTESIAN_POINT('',(-4.18,-1.580564477612,-8.135));
#4619=DIRECTION('',(0.0,0.0,-1.0));
#4620=DIRECTION('',(0.0,-1.0,0.0));
#4621=ORIENTED_EDGE('',*,*,#5365,.F.);
#4622=ORIENTED_EDGE('',*,*,#5904,.T.);
#4623=ORIENTED_EDGE('',*,*,#5886,.T.);
#4624=ORIENTED_EDGE('',*,*,#5903,.F.);
#4625=CARTESIAN_POINT('',(-4.18,-1.79,-7.295));
#4626=DIRECTION('',(0.0,-0.970295726275989,-0.241921895599697));
#4627=DIRECTION('',(0.0,0.241921895599697,-0.970295726275989));
#4628=ORIENTED_EDGE('',*,*,#5364,.F.);
#4629=ORIENTED_EDGE('',*,*,#5905,.T.);
#4630=ORIENTED_EDGE('',*,*,#5887,.T.);
#4631=ORIENTED_EDGE('',*,*,#5904,.F.);
#4632=CARTESIAN_POINT('',(-4.18,-1.79,-7.045));
#4633=DIRECTION('',(0.0,-1.0,0.0));
#4634=DIRECTION('',(0.0,0.0,-1.0));
#4635=ORIENTED_EDGE('',*,*,#5363,.F.);
#4636=ORIENTED_EDGE('',*,*,#5384,.T.);
#4637=ORIENTED_EDGE('',*,*,#5888,.T.);
#4638=ORIENTED_EDGE('',*,*,#5905,.F.);
#4639=CARTESIAN_POINT('',(-4.18,-0.46,-6.309133164221));
#4640=DIRECTION('',(-1.0,0.0,-0.0));
#4641=DIRECTION('',(0.0,0.0,-1.0));
#4642=ORIENTED_EDGE('',*,*,#5360,.F.);
#4643=ORIENTED_EDGE('',*,*,#5899,.T.);
#4644=ORIENTED_EDGE('',*,*,#5879,.T.);
#4645=ORIENTED_EDGE('',*,*,#5380,.F.);
#4646=CARTESIAN_POINT('',(-4.18,-1.15,2.555));
#4647=DIRECTION('',(0.0,0.0,1.0));
#4648=DIRECTION('',(1.0,0.0,0.0));
#4649=ORIENTED_EDGE('',*,*,#4966,.T.);
#4650=ORIENTED_EDGE('',*,*,#5906,.F.);
#4651=ORIENTED_EDGE('',*,*,#4965,.F.);
#4652=ORIENTED_EDGE('',*,*,#4968,.T.);
#4653=ORIENTED_EDGE('',*,*,#5577,.T.);
#4654=CARTESIAN_POINT('',(-7.5,2.47,-4.955));
#4655=DIRECTION('',(0.0,0.0,1.0));
#4656=DIRECTION('',(-1.0,0.0,0.0));
#4657=ORIENTED_EDGE('',*,*,#4961,.T.);
#4658=ORIENTED_EDGE('',*,*,#5906,.T.);
#4659=ORIENTED_EDGE('',*,*,#4969,.T.);
#4660=ORIENTED_EDGE('',*,*,#4963,.T.);
#4661=ORIENTED_EDGE('',*,*,#5907,.F.);
#4662=CARTESIAN_POINT('',(-7.5,2.47,-5.649998714035));
#4663=DIRECTION('',(-0.0,0.0,1.0));
#4664=DIRECTION('',(0.0,-1.0,0.0));
#4665=ORIENTED_EDGE('',*,*,#4958,.T.);
#4666=ORIENTED_EDGE('',*,*,#5908,.T.);
#4667=CARTESIAN_POINT('',(-7.825,0.0,-5.815));
#4668=DIRECTION('',(0.0,0.0,-1.0));
#4669=DIRECTION('',(0.0,-1.0,0.0));
#4670=ORIENTED_EDGE('',*,*,#4962,.T.);
#4671=ORIENTED_EDGE('',*,*,#5907,.T.);
#4672=CARTESIAN_POINT('',(-7.825,0.0,-5.815));
#4673=DIRECTION('',(0.0,0.0,-1.0));
#4674=DIRECTION('',(0.0,-1.0,0.0));
#4675=ORIENTED_EDGE('',*,*,#4957,.T.);
#4676=ORIENTED_EDGE('',*,*,#5909,.T.);
#4677=ORIENTED_EDGE('',*,*,#4956,.T.);
#4678=ORIENTED_EDGE('',*,*,#4959,.T.);
#4679=ORIENTED_EDGE('',*,*,#5908,.F.);
#4680=CARTESIAN_POINT('',(7.5,2.47,-5.649998714035));
#4681=DIRECTION('',(-0.0,0.0,1.0));
#4682=DIRECTION('',(0.0,-1.0,0.0));
#4683=ORIENTED_EDGE('',*,*,#4952,.T.);
#4684=ORIENTED_EDGE('',*,*,#5909,.F.);
#4685=ORIENTED_EDGE('',*,*,#4960,.F.);
#4686=ORIENTED_EDGE('',*,*,#4954,.T.);
#4687=ORIENTED_EDGE('',*,*,#5560,.T.);
#4688=CARTESIAN_POINT('',(7.5,2.47,-4.955));
#4689=DIRECTION('',(0.0,0.0,1.0));
#4690=DIRECTION('',(-1.0,0.0,0.0));
#4691=ORIENTED_EDGE('',*,*,#5507,.F.);
#4692=ORIENTED_EDGE('',*,*,#5910,.T.);
#4693=ORIENTED_EDGE('',*,*,#5525,.T.);
#4694=ORIENTED_EDGE('',*,*,#5553,.F.);
#4695=CARTESIAN_POINT('',(4.82,0.52,-6.309133164221));
#4696=DIRECTION('',(-1.0,0.0,-0.0));
#4697=DIRECTION('',(0.0,0.0,-1.0));
#4698=ORIENTED_EDGE('',*,*,#5506,.F.);
#4699=ORIENTED_EDGE('',*,*,#5911,.T.);
#4700=ORIENTED_EDGE('',*,*,#5526,.T.);
#4701=ORIENTED_EDGE('',*,*,#5910,.F.);
#4702=CARTESIAN_POINT('',(4.82,1.85,-7.295));
#4703=DIRECTION('',(-0.0,1.0,0.0));
#4704=DIRECTION('',(1.0,0.0,0.0));
#4705=ORIENTED_EDGE('',*,*,#5505,.F.);
#4706=ORIENTED_EDGE('',*,*,#5912,.T.);
#4707=ORIENTED_EDGE('',*,*,#5527,.T.);
#4708=ORIENTED_EDGE('',*,*,#5911,.F.);
#4709=CARTESIAN_POINT('',(4.82,1.640564477612,-8.135));
#4710=DIRECTION('',(0.0,0.970295726275989,-0.241921895599697));
#4711=DIRECTION('',(-1.0,0.0,0.0));
#4712=ORIENTED_EDGE('',*,*,#5504,.F.);
#4713=ORIENTED_EDGE('',*,*,#5913,.T.);
#4714=ORIENTED_EDGE('',*,*,#5528,.T.);
#4715=ORIENTED_EDGE('',*,*,#5912,.F.);
#4716=CARTESIAN_POINT('',(4.82,1.419435522388,-8.135));
#4717=DIRECTION('',(0.0,0.0,-1.0));
#4718=DIRECTION('',(0.0,-1.0,0.0));
#4719=ORIENTED_EDGE('',*,*,#5503,.F.);
#4720=ORIENTED_EDGE('',*,*,#5914,.T.);
#4721=ORIENTED_EDGE('',*,*,#5529,.T.);
#4722=ORIENTED_EDGE('',*,*,#5913,.F.);
#4723=CARTESIAN_POINT('',(4.82,1.21,-7.295));
#4724=DIRECTION('',(0.0,-0.970295726275989,-0.241921895599697));
#4725=DIRECTION('',(0.0,0.241921895599697,-0.970295726275989));
#4726=ORIENTED_EDGE('',*,*,#5502,.F.);
#4727=ORIENTED_EDGE('',*,*,#5915,.T.);
#4728=ORIENTED_EDGE('',*,*,#5530,.T.);
#4729=ORIENTED_EDGE('',*,*,#5914,.F.);
#4730=CARTESIAN_POINT('',(4.82,1.21,-7.045));
#4731=DIRECTION('',(0.0,-1.0,0.0));
#4732=DIRECTION('',(0.0,0.0,-1.0));
#4733=ORIENTED_EDGE('',*,*,#5501,.F.);
#4734=ORIENTED_EDGE('',*,*,#5551,.T.);
#4735=ORIENTED_EDGE('',*,*,#5531,.T.);
#4736=ORIENTED_EDGE('',*,*,#5915,.F.);
#4737=CARTESIAN_POINT('',(4.82,-0.12,-6.309133164221));
#4738=DIRECTION('',(-1.0,0.0,-0.0));
#4739=DIRECTION('',(0.0,0.0,-1.0));
#4740=ORIENTED_EDGE('',*,*,#5492,.F.);
#4741=ORIENTED_EDGE('',*,*,#5170,.F.);
#4742=ORIENTED_EDGE('',*,*,#5283,.F.);
#4743=ORIENTED_EDGE('',*,*,#5290,.F.);
#4744=ORIENTED_EDGE('',*,*,#5303,.F.);
#4745=ORIENTED_EDGE('',*,*,#5200,.F.);
#4746=ORIENTED_EDGE('',*,*,#5534,.T.);
#4747=ORIENTED_EDGE('',*,*,#5916,.F.);
#4748=CARTESIAN_POINT('',(4.82,-0.29,-3.455));
#4749=DIRECTION('',(0.0,-1.0,0.0));
#4750=DIRECTION('',(0.0,0.0,-1.0));
#4751=ORIENTED_EDGE('',*,*,#5493,.F.);
#4752=ORIENTED_EDGE('',*,*,#5916,.T.);
#4753=ORIENTED_EDGE('',*,*,#5533,.T.);
#4754=ORIENTED_EDGE('',*,*,#5520,.F.);
#4755=CARTESIAN_POINT('',(4.82,-0.29,-4.955));
#4756=DIRECTION('',(0.0,0.0,-1.0));
#4757=DIRECTION('',(0.0,-1.0,0.0));
#4758=ORIENTED_EDGE('',*,*,#5508,.F.);
#4759=ORIENTED_EDGE('',*,*,#5917,.T.);
#4760=ORIENTED_EDGE('',*,*,#5538,.T.);
#4761=ORIENTED_EDGE('',*,*,#5400,.T.);
#4762=CARTESIAN_POINT('',(4.82,-1.79,2.555));
#4763=DIRECTION('',(0.0,-1.0,0.0));
#4764=DIRECTION('',(0.0,0.0,-1.0));
#4765=ORIENTED_EDGE('',*,*,#5300,.F.);
#4766=ORIENTED_EDGE('',*,*,#5204,.F.);
#4767=ORIENTED_EDGE('',*,*,#5549,.T.);
#4768=ORIENTED_EDGE('',*,*,#5918,.F.);
#4769=ORIENTED_EDGE('',*,*,#5512,.F.);
#4770=ORIENTED_EDGE('',*,*,#5166,.F.);
#4771=ORIENTED_EDGE('',*,*,#5280,.F.);
#4772=ORIENTED_EDGE('',*,*,#5293,.F.);
#4773=CARTESIAN_POINT('',(4.82,-1.79,2.555));
#4774=DIRECTION('',(0.0,-1.0,0.0));
#4775=DIRECTION('',(0.0,0.0,-1.0));
#4776=ORIENTED_EDGE('',*,*,#5510,.F.);
#4777=ORIENTED_EDGE('',*,*,#5919,.T.);
#4778=ORIENTED_EDGE('',*,*,#5539,.T.);
#4779=ORIENTED_EDGE('',*,*,#5917,.F.);
#4780=CARTESIAN_POINT('',(4.82,-1.15,2.555));
#4781=DIRECTION('',(0.0,0.0,1.0));
#4782=DIRECTION('',(1.0,0.0,0.0));
#4783=ORIENTED_EDGE('',*,*,#5511,.F.);
#4784=ORIENTED_EDGE('',*,*,#5920,.T.);
#4785=ORIENTED_EDGE('',*,*,#5541,.T.);
#4786=ORIENTED_EDGE('',*,*,#5202,.T.);
#4787=ORIENTED_EDGE('',*,*,#5304,.T.);
#4788=ORIENTED_EDGE('',*,*,#5291,.T.);
#4789=ORIENTED_EDGE('',*,*,#5281,.T.);
#4790=ORIENTED_EDGE('',*,*,#5168,.T.);
#4791=CARTESIAN_POINT('',(4.82,-1.15,-5.573266328441));
#4792=DIRECTION('',(-0.0,1.0,0.0));
#4793=DIRECTION('',(1.0,0.0,0.0));
#4794=ORIENTED_EDGE('',*,*,#5509,.F.);
#4795=ORIENTED_EDGE('',*,*,#5402,.F.);
#4796=ORIENTED_EDGE('',*,*,#5540,.T.);
#4797=ORIENTED_EDGE('',*,*,#5919,.F.);
#4798=CARTESIAN_POINT('',(4.82,-1.15,-5.573266328441));
#4799=DIRECTION('',(-0.0,1.0,0.0));
#4800=DIRECTION('',(1.0,0.0,0.0));
#4801=ORIENTED_EDGE('',*,*,#5519,.F.);
#4802=ORIENTED_EDGE('',*,*,#5921,.T.);
#4803=ORIENTED_EDGE('',*,*,#5542,.T.);
#4804=ORIENTED_EDGE('',*,*,#5920,.F.);
#4805=CARTESIAN_POINT('',(4.82,0.18,-6.309133164221));
#4806=DIRECTION('',(-1.0,0.0,-0.0));
#4807=DIRECTION('',(0.0,0.0,-1.0));
#4808=ORIENTED_EDGE('',*,*,#5518,.F.);
#4809=ORIENTED_EDGE('',*,*,#5922,.T.);
#4810=ORIENTED_EDGE('',*,*,#5543,.T.);
#4811=ORIENTED_EDGE('',*,*,#5921,.F.);
#4812=CARTESIAN_POINT('',(4.82,-1.15,-7.295));
#4813=DIRECTION('',(-0.0,1.0,0.0));
#4814=DIRECTION('',(1.0,0.0,0.0));
#4815=ORIENTED_EDGE('',*,*,#5517,.F.);
#4816=ORIENTED_EDGE('',*,*,#5923,.T.);
#4817=ORIENTED_EDGE('',*,*,#5544,.T.);
#4818=ORIENTED_EDGE('',*,*,#5922,.F.);
#4819=CARTESIAN_POINT('',(4.82,-1.359435522388,-8.135));
#4820=DIRECTION('',(0.0,0.970295726275989,-0.241921895599697));
#4821=DIRECTION('',(-1.0,0.0,0.0));
#4822=ORIENTED_EDGE('',*,*,#5516,.F.);
#4823=ORIENTED_EDGE('',*,*,#5924,.T.);
#4824=ORIENTED_EDGE('',*,*,#5545,.T.);
#4825=ORIENTED_EDGE('',*,*,#5923,.F.);
#4826=CARTESIAN_POINT('',(4.82,-1.580564477612,-8.135));
#4827=DIRECTION('',(0.0,0.0,-1.0));
#4828=DIRECTION('',(0.0,-1.0,0.0));
#4829=ORIENTED_EDGE('',*,*,#5515,.F.);
#4830=ORIENTED_EDGE('',*,*,#5925,.T.);
#4831=ORIENTED_EDGE('',*,*,#5546,.T.);
#4832=ORIENTED_EDGE('',*,*,#5924,.F.);
#4833=CARTESIAN_POINT('',(4.82,-1.79,-7.295));
#4834=DIRECTION('',(0.0,-0.970295726275989,-0.241921895599697));
#4835=DIRECTION('',(0.0,0.241921895599697,-0.970295726275989));
#4836=ORIENTED_EDGE('',*,*,#5514,.F.);
#4837=ORIENTED_EDGE('',*,*,#5926,.T.);
#4838=ORIENTED_EDGE('',*,*,#5547,.T.);
#4839=ORIENTED_EDGE('',*,*,#5925,.F.);
#4840=CARTESIAN_POINT('',(4.82,-1.79,-7.045));
#4841=DIRECTION('',(0.0,-1.0,0.0));
#4842=DIRECTION('',(0.0,0.0,-1.0));
#4843=ORIENTED_EDGE('',*,*,#5513,.F.);
#4844=ORIENTED_EDGE('',*,*,#5918,.T.);
#4845=ORIENTED_EDGE('',*,*,#5548,.T.);
#4846=ORIENTED_EDGE('',*,*,#5926,.F.);
#4847=CARTESIAN_POINT('',(4.82,-0.46,-6.309133164221));
#4848=DIRECTION('',(-1.0,0.0,-0.0));
#4849=DIRECTION('',(0.0,0.0,-1.0));
#4850=ORIENTED_EDGE('',*,*,#5038,.T.);
#4851=ORIENTED_EDGE('',*,*,#5927,.T.);
#4852=ORIENTED_EDGE('',*,*,#5928,.F.);
#4853=ORIENTED_EDGE('',*,*,#5929,.F.);
#4854=CARTESIAN_POINT('',(7.825,-2.1175,1.555));
#4855=DIRECTION('',(-0.0,1.0,0.0));
#4856=DIRECTION('',(1.0,0.0,0.0));
#4857=ORIENTED_EDGE('',*,*,#5039,.T.);
#4858=ORIENTED_EDGE('',*,*,#5929,.T.);
#4859=ORIENTED_EDGE('',*,*,#5930,.F.);
#4860=ORIENTED_EDGE('',*,*,#5931,.F.);
#4861=CARTESIAN_POINT('',(7.825,-2.27375,1.555));
#4862=DIRECTION('',(0.0,0.0,-1.0));
#4863=DIRECTION('',(0.0,-1.0,0.0));
#4864=ORIENTED_EDGE('',*,*,#5040,.T.);
#4865=ORIENTED_EDGE('',*,*,#5931,.T.);
#4866=ORIENTED_EDGE('',*,*,#5932,.F.);
#4867=ORIENTED_EDGE('',*,*,#5933,.F.);
#4868=CARTESIAN_POINT('',(7.825,-2.27375,2.592234067917));
#4869=DIRECTION('',(0.0,-1.0,0.0));
#4870=DIRECTION('',(0.0,0.0,-1.0));
#4871=ORIENTED_EDGE('',*,*,#5041,.T.);
#4872=ORIENTED_EDGE('',*,*,#5933,.T.);
#4873=ORIENTED_EDGE('',*,*,#5934,.F.);
#4874=ORIENTED_EDGE('',*,*,#5935,.F.);
#4875=CARTESIAN_POINT('',(7.825,-2.43,2.406063802838));
#4876=DIRECTION('',(0.0,0.765974342782488,-0.64287114276419));
#4877=DIRECTION('',(-1.0,0.0,0.0));
#4878=ORIENTED_EDGE('',*,*,#5042,.T.);
#4879=ORIENTED_EDGE('',*,*,#5935,.T.);
#4880=ORIENTED_EDGE('',*,*,#5936,.F.);
#4881=ORIENTED_EDGE('',*,*,#5937,.F.);
#4882=CARTESIAN_POINT('',(7.825,-2.43,2.618829809427));
#4883=DIRECTION('',(0.0,-1.0,0.0));
#4884=DIRECTION('',(0.0,0.0,-1.0));
#4885=ORIENTED_EDGE('',*,*,#5043,.T.);
#4886=ORIENTED_EDGE('',*,*,#5937,.T.);
#4887=ORIENTED_EDGE('',*,*,#5938,.F.);
#4888=ORIENTED_EDGE('',*,*,#5939,.F.);
#4889=CARTESIAN_POINT('',(7.825,-2.27375,2.805));
#4890=DIRECTION('',(0.0,-0.765974216092578,0.642871293713882));
#4891=DIRECTION('',(-1.0,0.0,0.0));
#4892=ORIENTED_EDGE('',*,*,#5044,.T.);
#4893=ORIENTED_EDGE('',*,*,#5939,.T.);
#4894=ORIENTED_EDGE('',*,*,#5940,.F.);
#4895=ORIENTED_EDGE('',*,*,#5927,.F.);
#4896=CARTESIAN_POINT('',(7.825,-2.1175,2.805));
#4897=DIRECTION('',(0.0,0.0,1.0));
#4898=DIRECTION('',(1.0,0.0,0.0));
#4899=ORIENTED_EDGE('',*,*,#5928,.T.);
#4900=ORIENTED_EDGE('',*,*,#5940,.T.);
#4901=ORIENTED_EDGE('',*,*,#5938,.T.);
#4902=ORIENTED_EDGE('',*,*,#5936,.T.);
#4903=ORIENTED_EDGE('',*,*,#5934,.T.);
#4904=ORIENTED_EDGE('',*,*,#5932,.T.);
#4905=ORIENTED_EDGE('',*,*,#5930,.T.);
#4906=CARTESIAN_POINT('',(7.775,0.0,0.0));
#4907=DIRECTION('',(1.0,0.0,0.0));
#4908=DIRECTION('',(0.0,1.0,0.0));
#4909=ORIENTED_EDGE('',*,*,#4996,.T.);
#4910=ORIENTED_EDGE('',*,*,#5003,.T.);
#4911=ORIENTED_EDGE('',*,*,#4980,.T.);
#4912=ORIENTED_EDGE('',*,*,#5941,.T.);
#4913=CARTESIAN_POINT('',(-8.325,1.1,-0.345));
#4914=DIRECTION('',(0.0,-1.0,0.0));
#4915=DIRECTION('',(0.0,0.0,-1.0));
#4916=ORIENTED_EDGE('',*,*,#5942,.T.);
#4917=ORIENTED_EDGE('',*,*,#4997,.T.);
#4918=ORIENTED_EDGE('',*,*,#5941,.F.);
#4919=ORIENTED_EDGE('',*,*,#4979,.F.);
#4920=CARTESIAN_POINT('',(-8.325,0.575,-0.345));
#4921=DIRECTION('',(0.0,0.0,1.0));
#4922=DIRECTION('',(1.0,0.0,0.0));
#4923=ORIENTED_EDGE('',*,*,#5943,.T.);
#4924=ORIENTED_EDGE('',*,*,#4998,.T.);
#4925=ORIENTED_EDGE('',*,*,#5942,.F.);
#4926=ORIENTED_EDGE('',*,*,#4978,.F.);
#4927=CARTESIAN_POINT('',(-8.325,0.575,-2.845));
#4928=DIRECTION('',(0.0,-1.0,0.0));
#4929=DIRECTION('',(0.0,0.0,-1.0));
#4930=ORIENTED_EDGE('',*,*,#5944,.T.);
#4931=ORIENTED_EDGE('',*,*,#4999,.T.);
#4932=ORIENTED_EDGE('',*,*,#5943,.F.);
#4933=ORIENTED_EDGE('',*,*,#4977,.F.);
#4934=CARTESIAN_POINT('',(-8.325,-0.575,-2.845));
#4935=DIRECTION('',(0.0,0.0,1.0));
#4936=DIRECTION('',(1.0,0.0,0.0));
#4937=ORIENTED_EDGE('',*,*,#5945,.T.);
#4938=ORIENTED_EDGE('',*,*,#5000,.T.);
#4939=ORIENTED_EDGE('',*,*,#5944,.F.);
#4940=ORIENTED_EDGE('',*,*,#4976,.F.);
#4941=CARTESIAN_POINT('',(-8.325,-0.575,-0.345));
#4942=DIRECTION('',(-0.0,1.0,0.0));
#4943=DIRECTION('',(1.0,0.0,0.0));
#4944=ORIENTED_EDGE('',*,*,#4989,.T.);
#4945=ORIENTED_EDGE('',*,*,#5001,.T.);
#4946=ORIENTED_EDGE('',*,*,#5945,.F.);
#4947=ORIENTED_EDGE('',*,*,#4975,.F.);
#4948=CARTESIAN_POINT('',(-8.325,-1.1,-0.345));
#4949=DIRECTION('',(0.0,0.0,1.0));
#4950=DIRECTION('',(1.0,0.0,0.0));
#4951=COLOUR_RGB('',0.749019622802734,0.749019622802734,0.749019622802734);
#4952=EDGE_CURVE('',#5946,#5947,#5948,.T.);
#4953=EDGE_CURVE('',#5946,#5949,#5950,.T.);
#4954=EDGE_CURVE('',#5951,#5949,#5952,.T.);
#4955=EDGE_CURVE('',#5953,#5951,#5954,.T.);
#4956=EDGE_CURVE('',#5947,#5953,#5955,.T.);
#4957=EDGE_CURVE('',#5956,#5957,#5958,.T.);
#4958=EDGE_CURVE('',#5959,#5956,#5960,.T.);
#4959=EDGE_CURVE('',#5953,#5959,#5961,.T.);
#4960=EDGE_CURVE('',#5951,#5957,#5962,.T.);
#4961=EDGE_CURVE('',#5963,#5964,#5965,.T.);
#4962=EDGE_CURVE('',#5966,#5963,#5967,.T.);
#4963=EDGE_CURVE('',#5968,#5966,#5969,.T.);
#4964=EDGE_CURVE('',#5968,#5970,#5971,.T.);
#4965=EDGE_CURVE('',#5970,#5964,#5972,.T.);
#4966=EDGE_CURVE('',#5973,#5974,#5975,.T.);
#4967=EDGE_CURVE('',#5973,#5976,#5977,.T.);
#4968=EDGE_CURVE('',#5970,#5976,#5978,.T.);
#4969=EDGE_CURVE('',#5974,#5968,#5979,.T.);
#4970=EDGE_CURVE('',#5980,#5981,#5982,.T.);
#4971=EDGE_CURVE('',#5983,#5980,#5984,.T.);
#4972=EDGE_CURVE('',#5985,#5983,#5986,.T.);
#4973=EDGE_CURVE('',#5985,#5981,#5987,.T.);
#4974=EDGE_CURVE('',#5988,#5989,#5990,.T.);
#4975=EDGE_CURVE('',#5989,#5991,#5992,.T.);
#4976=EDGE_CURVE('',#5991,#5993,#5994,.T.);
#4977=EDGE_CURVE('',#5993,#5995,#5996,.T.);
#4978=EDGE_CURVE('',#5995,#5997,#5998,.T.);
#4979=EDGE_CURVE('',#5997,#5999,#6000,.T.);
#4980=EDGE_CURVE('',#6001,#5999,#6002,.T.);
#4981=EDGE_CURVE('',#6001,#6003,#6004,.T.);
#4982=EDGE_CURVE('',#6005,#6003,#6006,.T.);
#4983=EDGE_CURVE('',#6007,#6005,#6008,.T.);
#4984=EDGE_CURVE('',#6009,#6007,#6010,.T.);
#4985=EDGE_CURVE('',#6011,#6009,#6012,.T.);
#4986=EDGE_CURVE('',#6013,#6011,#6014,.T.);
#4987=EDGE_CURVE('',#6013,#5988,#6015,.T.);
#4988=EDGE_CURVE('',#6016,#6017,#6018,.T.);
#4989=EDGE_CURVE('',#5989,#6017,#6019,.T.);
#4990=EDGE_CURVE('',#6016,#5988,#6020,.T.);
#4991=EDGE_CURVE('',#6016,#6021,#6022,.T.);
#4992=EDGE_CURVE('',#6023,#6021,#6024,.T.);
#4993=EDGE_CURVE('',#6023,#6025,#6026,.T.);
#4994=EDGE_CURVE('',#6025,#6027,#6028,.T.);
#4995=EDGE_CURVE('',#6027,#6029,#6030,.T.);
#4996=EDGE_CURVE('',#6031,#6029,#6032,.T.);
#4997=EDGE_CURVE('',#6033,#6031,#6034,.T.);
#4998=EDGE_CURVE('',#6035,#6033,#6036,.T.);
#4999=EDGE_CURVE('',#6037,#6035,#6038,.T.);
#5000=EDGE_CURVE('',#6039,#6037,#6040,.T.);
#5001=EDGE_CURVE('',#6017,#6039,#6041,.T.);
#5002=EDGE_CURVE('',#6021,#6013,#6042,.T.);
#5003=EDGE_CURVE('',#6029,#6001,#6043,.T.);
#5004=EDGE_CURVE('',#6027,#6003,#6044,.T.);
#5005=EDGE_CURVE('',#6045,#6046,#6047,.T.);
#5006=EDGE_CURVE('',#6045,#6048,#6049,.T.);
#5007=EDGE_CURVE('',#6048,#6046,#6050,.T.);
#5008=EDGE_CURVE('',#6023,#6013,#6051,.T.);
#5009=EDGE_CURVE('',#6052,#6053,#6054,.T.);
#5010=EDGE_CURVE('',#6055,#6052,#6056,.T.);
#5011=EDGE_CURVE('',#6055,#6057,#6058,.T.);
#5012=EDGE_CURVE('',#6057,#6053,#6059,.T.);
#5013=EDGE_CURVE('',#6046,#6060,#6061,.T.);
#5014=EDGE_CURVE('',#6062,#6060,#6063,.T.);
#5015=EDGE_CURVE('',#6064,#6062,#6065,.T.);
#5016=EDGE_CURVE('',#6045,#6064,#6066,.T.);
#5017=EDGE_CURVE('',#6067,#6053,#6068,.T.);
#5018=EDGE_CURVE('',#6052,#6067,#6069,.T.);
#5019=EDGE_CURVE('',#6025,#6003,#6070,.T.);
#5020=EDGE_CURVE('',#6071,#6072,#6073,.T.);
#5021=EDGE_CURVE('',#6072,#6048,#6074,.T.);
#5022=EDGE_CURVE('',#6045,#6071,#6075,.T.);
#5023=EDGE_CURVE('',#6076,#6077,#6078,.T.);
#5024=EDGE_CURVE('',#6076,#6052,#6079,.T.);
#5025=EDGE_CURVE('',#6067,#6077,#6080,.T.);
#5026=EDGE_CURVE('',#6071,#6081,#6082,.T.);
#5027=EDGE_CURVE('',#6081,#6083,#6084,.T.);
#5028=EDGE_CURVE('',#6072,#6083,#6085,.T.);
#5029=EDGE_CURVE('',#6064,#6086,#6087,.T.);
#5030=EDGE_CURVE('',#6086,#6088,#6089,.T.);
#5031=EDGE_CURVE('',#6088,#6055,#6090,.T.);
#5032=EDGE_CURVE('',#6076,#6091,#6092,.T.);
#5033=EDGE_CURVE('',#6093,#6091,#6094,.T.);
#5034=EDGE_CURVE('',#6095,#6093,#6096,.T.);
#5035=EDGE_CURVE('',#6097,#6095,#6098,.T.);
#5036=EDGE_CURVE('',#6099,#6097,#6100,.T.);
#5037=EDGE_CURVE('',#6081,#6099,#6101,.T.);
#5038=EDGE_CURVE('',#6102,#6103,#6104,.T.);
#5039=EDGE_CURVE('',#6105,#6102,#6106,.T.);
#5040=EDGE_CURVE('',#6107,#6105,#6108,.T.);
#5041=EDGE_CURVE('',#6109,#6107,#6110,.T.);
#5042=EDGE_CURVE('',#6111,#6109,#6112,.T.);
#5043=EDGE_CURVE('',#6113,#6111,#6114,.T.);
#5044=EDGE_CURVE('',#6103,#6113,#6115,.T.);
#5045=EDGE_CURVE('',#6099,#6116,#6117,.T.);
#5046=EDGE_CURVE('',#6083,#6116,#6118,.T.);
#5047=EDGE_CURVE('',#6046,#6053,#6119,.T.);
#5048=EDGE_CURVE('',#6116,#6120,#6121,.T.);
#5049=EDGE_CURVE('',#6120,#6122,#6123,.T.);
#5050=EDGE_CURVE('',#6122,#6124,#6125,.T.);
#5051=EDGE_CURVE('',#6124,#6126,#6127,.T.);
#5052=EDGE_CURVE('',#6126,#6077,#6128,.T.);
#5053=EDGE_CURVE('',#6091,#6126,#6129,.T.);
#5054=EDGE_CURVE('',#6093,#6124,#6130,.T.);
#5055=EDGE_CURVE('',#6095,#6122,#6131,.T.);
#5056=EDGE_CURVE('',#6097,#6120,#6132,.T.);
#5057=EDGE_CURVE('',#6133,#6057,#6134,.T.);
#5058=EDGE_CURVE('',#6133,#6025,#6135,.T.);
#5059=EDGE_CURVE('',#6023,#6136,#6137,.T.);
#5060=EDGE_CURVE('',#6136,#6060,#6138,.T.);
#5061=EDGE_CURVE('',#6139,#6140,#6141,.T.);
#5062=EDGE_CURVE('',#6142,#6139,#6143,.T.);
#5063=EDGE_CURVE('',#6144,#6142,#6145,.T.);
#5064=EDGE_CURVE('',#6146,#6144,#6147,.T.);
#5065=EDGE_CURVE('',#6140,#6146,#6148,.T.);
#5066=EDGE_CURVE('',#6149,#6150,#6151,.T.);
#5067=EDGE_CURVE('',#6152,#6149,#6153,.T.);
#5068=EDGE_CURVE('',#6154,#6152,#6155,.T.);
#5069=EDGE_CURVE('',#6156,#6154,#6157,.T.);
#5070=EDGE_CURVE('',#6150,#6156,#6158,.T.);
#5071=EDGE_CURVE('',#6159,#6160,#6161,.T.);
#5072=EDGE_CURVE('',#6162,#6159,#6163,.T.);
#5073=EDGE_CURVE('',#6164,#6162,#6165,.T.);
#5074=EDGE_CURVE('',#6166,#6164,#6167,.T.);
#5075=EDGE_CURVE('',#6160,#6166,#6168,.T.);
#5076=EDGE_CURVE('',#6169,#6170,#6171,.T.);
#5077=EDGE_CURVE('',#6172,#6169,#6173,.T.);
#5078=EDGE_CURVE('',#6174,#6172,#6175,.T.);
#5079=EDGE_CURVE('',#6176,#6174,#6177,.T.);
#5080=EDGE_CURVE('',#6170,#6176,#6178,.T.);
#5081=EDGE_CURVE('',#6179,#6180,#6181,.T.);
#5082=EDGE_CURVE('',#6182,#6179,#6183,.T.);
#5083=EDGE_CURVE('',#6184,#6182,#6185,.T.);
#5084=EDGE_CURVE('',#6186,#6184,#6187,.T.);
#5085=EDGE_CURVE('',#6180,#6186,#6188,.T.);
#5086=EDGE_CURVE('',#6189,#6190,#6191,.T.);
#5087=EDGE_CURVE('',#6192,#6189,#6193,.T.);
#5088=EDGE_CURVE('',#6194,#6192,#6195,.T.);
#5089=EDGE_CURVE('',#6196,#6194,#6197,.T.);
#5090=EDGE_CURVE('',#6190,#6196,#6198,.T.);
#5091=EDGE_CURVE('',#6199,#6200,#6201,.T.);
#5092=EDGE_CURVE('',#6202,#6199,#6203,.T.);
#5093=EDGE_CURVE('',#6204,#6202,#6205,.T.);
#5094=EDGE_CURVE('',#6206,#6204,#6207,.T.);
#5095=EDGE_CURVE('',#6200,#6206,#6208,.T.);
#5096=EDGE_CURVE('',#6209,#6210,#6211,.T.);
#5097=EDGE_CURVE('',#6212,#6209,#6213,.T.);
#5098=EDGE_CURVE('',#6214,#6212,#6215,.T.);
#5099=EDGE_CURVE('',#6210,#6214,#6216,.T.);
#5100=EDGE_CURVE('',#6217,#6218,#6219,.T.);
#5101=EDGE_CURVE('',#6218,#6220,#6221,.T.);
#5102=EDGE_CURVE('',#6222,#6220,#6223,.T.);
#5103=EDGE_CURVE('',#6224,#6222,#6225,.T.);
#5104=EDGE_CURVE('',#6224,#6226,#6227,.T.);
#5105=EDGE_CURVE('',#6226,#6228,#6229,.T.);
#5106=EDGE_CURVE('',#6230,#6228,#6231,.T.);
#5107=EDGE_CURVE('',#6232,#6230,#6233,.T.);
#5108=EDGE_CURVE('',#6232,#6234,#6235,.T.);
#5109=EDGE_CURVE('',#6234,#6236,#6237,.T.);
#5110=EDGE_CURVE('',#6238,#6236,#6239,.T.);
#5111=EDGE_CURVE('',#6240,#6238,#6241,.T.);
#5112=EDGE_CURVE('',#6240,#6242,#6243,.T.);
#5113=EDGE_CURVE('',#6242,#6244,#6245,.T.);
#5114=EDGE_CURVE('',#6246,#6244,#6247,.T.);
#5115=EDGE_CURVE('',#6248,#6246,#6249,.T.);
#5116=EDGE_CURVE('',#6250,#6248,#6251,.T.);
#5117=EDGE_CURVE('',#6250,#6252,#6253,.T.);
#5118=EDGE_CURVE('',#6062,#6252,#6254,.T.);
#5119=EDGE_CURVE('',#6136,#6255,#6256,.T.);
#5120=EDGE_CURVE('',#6255,#6257,#6258,.T.);
#5121=EDGE_CURVE('',#6257,#6259,#6260,.T.);
#5122=EDGE_CURVE('',#6259,#6261,#6262,.T.);
#5123=EDGE_CURVE('',#6217,#6261,#6263,.T.);
#5124=EDGE_CURVE('',#6264,#6265,#6266,.T.);
#5125=EDGE_CURVE('',#6267,#6265,#6268,.T.);
#5126=EDGE_CURVE('',#6269,#6267,#6270,.T.);
#5127=EDGE_CURVE('',#6269,#6264,#6271,.T.);
#5128=EDGE_CURVE('',#6272,#6273,#6274,.T.);
#5129=EDGE_CURVE('',#6275,#6273,#6276,.T.);
#5130=EDGE_CURVE('',#6277,#6275,#6278,.T.);
#5131=EDGE_CURVE('',#6277,#6272,#6279,.T.);
#5132=EDGE_CURVE('',#6272,#6280,#6281,.T.);
#5133=EDGE_CURVE('',#6280,#6282,#6283,.T.);
#5134=EDGE_CURVE('',#6282,#6273,#6284,.T.);
#5135=EDGE_CURVE('',#6264,#6285,#6286,.T.);
#5136=EDGE_CURVE('',#6285,#6287,#6288,.T.);
#5137=EDGE_CURVE('',#6287,#6265,#6289,.T.);
#5138=EDGE_CURVE('',#6282,#6290,#6291,.T.);
#5139=EDGE_CURVE('',#6290,#6275,#6292,.T.);
#5140=EDGE_CURVE('',#6293,#6290,#6294,.T.);
#5141=EDGE_CURVE('',#6277,#6293,#6295,.T.);
#5142=EDGE_CURVE('',#6296,#6267,#6297,.T.);
#5143=EDGE_CURVE('',#6298,#6296,#6299,.T.);
#5144=EDGE_CURVE('',#6269,#6298,#6300,.T.);
#5145=EDGE_CURVE('',#6280,#6293,#6301,.T.);
#5146=EDGE_CURVE('',#6285,#6298,#6302,.T.);
#5147=EDGE_CURVE('',#6287,#6296,#6303,.T.);
#5148=EDGE_CURVE('',#6304,#6305,#6306,.T.);
#5149=EDGE_CURVE('',#6305,#6307,#6308,.T.);
#5150=EDGE_CURVE('',#6307,#6218,#6309,.T.);
#5151=EDGE_CURVE('',#6310,#6217,#6311,.T.);
#5152=EDGE_CURVE('',#6310,#6304,#6312,.T.);
#5153=EDGE_CURVE('',#6313,#6314,#6315,.T.);
#5154=EDGE_CURVE('',#6314,#6316,#6317,.T.);
#5155=EDGE_CURVE('',#6316,#6318,#6319,.T.);
#5156=EDGE_CURVE('',#6313,#6318,#6320,.T.);
#5157=EDGE_CURVE('',#6321,#6322,#6323,.T.);
#5158=EDGE_CURVE('',#6324,#6322,#6325,.T.);
#5159=EDGE_CURVE('',#6324,#6326,#6327,.T.);
#5160=EDGE_CURVE('',#6326,#6321,#6328,.T.);
#5161=EDGE_CURVE('',#6329,#6330,#6331,.T.);
#5162=EDGE_CURVE('',#6330,#6332,#6333,.T.);
#5163=EDGE_CURVE('',#6332,#6334,#6335,.T.);
#5164=EDGE_CURVE('',#6329,#6334,#6336,.T.);
#5165=EDGE_CURVE('',#6337,#6338,#6339,.T.);
#5166=EDGE_CURVE('',#6338,#6340,#6341,.T.);
#5167=EDGE_CURVE('',#6342,#6340,#6343,.T.);
#5168=EDGE_CURVE('',#6344,#6342,#6345,.T.);
#5169=EDGE_CURVE('',#6344,#6346,#6347,.T.);
#5170=EDGE_CURVE('',#6346,#6348,#6349,.T.);
#5171=EDGE_CURVE('',#6350,#6348,#6351,.T.);
#5172=EDGE_CURVE('',#6352,#6350,#6353,.T.);
#5173=EDGE_CURVE('',#6352,#6354,#6355,.T.);
#5174=EDGE_CURVE('',#6354,#6356,#6357,.T.);
#5175=EDGE_CURVE('',#6358,#6356,#6359,.T.);
#5176=EDGE_CURVE('',#6360,#6358,#6361,.T.);
#5177=EDGE_CURVE('',#6362,#6360,#6363,.T.);
#5178=EDGE_CURVE('',#6362,#6364,#6365,.T.);
#5179=EDGE_CURVE('',#6366,#6364,#6367,.T.);
#5180=EDGE_CURVE('',#6368,#6366,#6369,.T.);
#5181=EDGE_CURVE('',#6370,#6368,#6371,.T.);
#5182=EDGE_CURVE('',#6370,#6337,#6372,.T.);
#5183=EDGE_CURVE('',#6373,#6374,#6375,.T.);
#5184=EDGE_CURVE('',#6374,#6376,#6377,.T.);
#5185=EDGE_CURVE('',#6378,#6376,#6379,.T.);
#5186=EDGE_CURVE('',#6380,#6378,#6381,.T.);
#5187=EDGE_CURVE('',#6380,#6382,#6383,.T.);
#5188=EDGE_CURVE('',#6382,#6384,#6385,.T.);
#5189=EDGE_CURVE('',#6386,#6384,#6387,.T.);
#5190=EDGE_CURVE('',#6388,#6386,#6389,.T.);
#5191=EDGE_CURVE('',#6388,#6390,#6391,.T.);
#5192=EDGE_CURVE('',#6390,#6392,#6393,.T.);
#5193=EDGE_CURVE('',#6394,#6392,#6395,.T.);
#5194=EDGE_CURVE('',#6396,#6394,#6397,.T.);
#5195=EDGE_CURVE('',#6398,#6396,#6399,.T.);
#5196=EDGE_CURVE('',#6398,#6400,#6401,.T.);
#5197=EDGE_CURVE('',#6402,#6400,#6403,.T.);
#5198=EDGE_CURVE('',#6404,#6402,#6405,.T.);
#5199=EDGE_CURVE('',#6404,#6406,#6407,.T.);
#5200=EDGE_CURVE('',#6406,#6408,#6409,.T.);
#5201=EDGE_CURVE('',#6410,#6408,#6411,.T.);
#5202=EDGE_CURVE('',#6412,#6410,#6413,.T.);
#5203=EDGE_CURVE('',#6412,#6414,#6415,.T.);
#5204=EDGE_CURVE('',#6414,#6416,#6417,.T.);
#5205=EDGE_CURVE('',#6418,#6416,#6419,.T.);
#5206=EDGE_CURVE('',#6418,#6373,#6420,.T.);
#5207=EDGE_CURVE('',#6421,#6422,#6423,.T.);
#5208=EDGE_CURVE('',#6422,#6424,#6425,.T.);
#5209=EDGE_CURVE('',#6426,#6424,#6427,.T.);
#5210=EDGE_CURVE('',#6428,#6426,#6429,.T.);
#5211=EDGE_CURVE('',#6428,#6430,#6431,.T.);
#5212=EDGE_CURVE('',#6430,#6432,#6433,.T.);
#5213=EDGE_CURVE('',#6434,#6432,#6435,.T.);
#5214=EDGE_CURVE('',#6436,#6434,#6437,.T.);
#5215=EDGE_CURVE('',#6436,#6438,#6439,.T.);
#5216=EDGE_CURVE('',#6438,#6440,#6441,.T.);
#5217=EDGE_CURVE('',#6442,#6440,#6443,.T.);
#5218=EDGE_CURVE('',#6444,#6442,#6445,.T.);
#5219=EDGE_CURVE('',#6444,#6446,#6447,.T.);
#5220=EDGE_CURVE('',#6446,#6448,#6449,.T.);
#5221=EDGE_CURVE('',#6450,#6448,#6451,.T.);
#5222=EDGE_CURVE('',#6452,#6450,#6453,.T.);
#5223=EDGE_CURVE('',#6452,#6454,#6455,.T.);
#5224=EDGE_CURVE('',#6454,#6456,#6457,.T.);
#5225=EDGE_CURVE('',#6458,#6456,#6459,.T.);
#5226=EDGE_CURVE('',#6460,#6458,#6461,.T.);
#5227=EDGE_CURVE('',#6460,#6462,#6463,.T.);
#5228=EDGE_CURVE('',#6462,#6464,#6465,.T.);
#5229=EDGE_CURVE('',#6466,#6464,#6467,.T.);
#5230=EDGE_CURVE('',#6466,#6421,#6468,.T.);
#5231=EDGE_CURVE('',#6304,#6469,#6470,.T.);
#5232=EDGE_CURVE('',#6471,#6469,#6472,.T.);
#5233=EDGE_CURVE('',#6471,#6473,#6474,.T.);
#5234=EDGE_CURVE('',#6473,#6475,#6476,.T.);
#5235=EDGE_CURVE('',#6477,#6475,#6478,.T.);
#5236=EDGE_CURVE('',#6479,#6477,#6480,.T.);
#5237=EDGE_CURVE('',#6481,#6479,#6482,.T.);
#5238=EDGE_CURVE('',#6481,#6483,#6484,.T.);
#5239=EDGE_CURVE('',#6483,#6326,#6485,.T.);
#5240=EDGE_CURVE('',#6486,#6324,#6487,.T.);
#5241=EDGE_CURVE('',#6486,#6488,#6489,.T.);
#5242=EDGE_CURVE('',#6488,#6330,#6490,.T.);
#5243=EDGE_CURVE('',#6491,#6329,#6492,.T.);
#5244=EDGE_CURVE('',#6491,#6493,#6494,.T.);
#5245=EDGE_CURVE('',#6493,#6305,#6495,.T.);
#5246=EDGE_CURVE('',#6496,#6497,#6498,.T.);
#5247=EDGE_CURVE('',#6497,#6499,#6500,.T.);
#5248=EDGE_CURVE('',#6501,#6499,#6502,.T.);
#5249=EDGE_CURVE('',#6503,#6501,#6504,.T.);
#5250=EDGE_CURVE('',#6503,#6505,#6506,.T.);
#5251=EDGE_CURVE('',#6505,#6507,#6508,.T.);
#5252=EDGE_CURVE('',#6509,#6507,#6510,.T.);
#5253=EDGE_CURVE('',#6511,#6509,#6512,.T.);
#5254=EDGE_CURVE('',#6511,#6513,#6514,.T.);
#5255=EDGE_CURVE('',#6513,#6515,#6516,.T.);
#5256=EDGE_CURVE('',#6517,#6515,#6518,.T.);
#5257=EDGE_CURVE('',#6519,#6517,#6520,.T.);
#5258=EDGE_CURVE('',#6519,#6521,#6522,.T.);
#5259=EDGE_CURVE('',#6521,#6523,#6524,.T.);
#5260=EDGE_CURVE('',#6525,#6523,#6526,.T.);
#5261=EDGE_CURVE('',#6527,#6525,#6528,.T.);
#5262=EDGE_CURVE('',#6527,#6529,#6530,.T.);
#5263=EDGE_CURVE('',#6529,#6531,#6532,.T.);
#5264=EDGE_CURVE('',#6533,#6531,#6534,.T.);
#5265=EDGE_CURVE('',#6535,#6533,#6536,.T.);
#5266=EDGE_CURVE('',#6535,#6537,#6538,.T.);
#5267=EDGE_CURVE('',#6537,#6539,#6540,.T.);
#5268=EDGE_CURVE('',#6541,#6539,#6542,.T.);
#5269=EDGE_CURVE('',#6541,#6496,#6543,.T.);
#5270=EDGE_CURVE('',#6544,#6545,#6546,.T.);
#5271=EDGE_CURVE('',#6547,#6544,#6548,.T.);
#5272=EDGE_CURVE('',#6549,#6547,#6550,.T.);
#5273=EDGE_CURVE('',#6545,#6549,#6551,.T.);
#5274=EDGE_CURVE('',#6552,#6553,#6554,.T.);
#5275=EDGE_CURVE('',#6552,#6354,#6555,.T.);
#5276=EDGE_CURVE('',#6553,#6352,#6556,.T.);
#5277=EDGE_CURVE('',#6557,#6337,#6558,.T.);
#5278=EDGE_CURVE('',#6557,#6246,#6559,.T.);
#5279=EDGE_CURVE('',#6560,#6244,#6561,.T.);
#5280=EDGE_CURVE('',#6560,#6338,#6562,.T.);
#5281=EDGE_CURVE('',#6563,#6344,#6564,.T.);
#5282=EDGE_CURVE('',#6565,#6563,#6566,.T.);
#5283=EDGE_CURVE('',#6565,#6346,#6567,.T.);
#5284=EDGE_CURVE('',#6568,#6569,#6570,.T.);
#5285=EDGE_CURVE('',#6568,#6544,#6571,.T.);
#5286=EDGE_CURVE('',#6569,#6545,#6572,.T.);
#5287=EDGE_CURVE('',#6573,#6574,#6575,.T.);
#5288=EDGE_CURVE('',#6573,#6552,#6576,.T.);
#5289=EDGE_CURVE('',#6574,#6553,#6577,.T.);
#5290=EDGE_CURVE('',#6578,#6565,#6579,.T.);
#5291=EDGE_CURVE('',#6580,#6563,#6581,.T.);
#5292=EDGE_CURVE('',#6578,#6580,#6582,.T.);
#5293=EDGE_CURVE('',#6583,#6560,#6584,.T.);
#5294=EDGE_CURVE('',#6583,#6242,#6585,.T.);
#5295=EDGE_CURVE('',#6586,#6569,#6587,.T.);
#5296=EDGE_CURVE('',#6586,#6588,#6589,.T.);
#5297=EDGE_CURVE('',#6588,#6568,#6590,.T.);
#5298=EDGE_CURVE('',#6402,#6574,#6591,.T.);
#5299=EDGE_CURVE('',#6400,#6573,#6592,.T.);
#5300=EDGE_CURVE('',#6416,#6583,#6593,.T.);
#5301=EDGE_CURVE('',#6594,#6240,#6595,.T.);
#5302=EDGE_CURVE('',#6594,#6418,#6596,.T.);
#5303=EDGE_CURVE('',#6408,#6578,#6597,.T.);
#5304=EDGE_CURVE('',#6410,#6580,#6598,.T.);
#5305=EDGE_CURVE('',#6599,#6314,#6600,.T.);
#5306=EDGE_CURVE('',#6599,#6601,#6602,.T.);
#5307=EDGE_CURVE('',#6601,#6603,#6604,.T.);
#5308=EDGE_CURVE('',#6603,#6605,#6606,.T.);
#5309=EDGE_CURVE('',#6547,#6605,#6607,.T.);
#5310=EDGE_CURVE('',#6608,#6588,#6609,.T.);
#5311=EDGE_CURVE('',#6608,#6610,#6611,.T.);
#5312=EDGE_CURVE('',#6612,#6610,#6613,.T.);
#5313=EDGE_CURVE('',#6614,#6612,#6615,.T.);
#5314=EDGE_CURVE('',#6616,#6614,#6617,.T.);
#5315=EDGE_CURVE('',#6616,#6618,#6619,.T.);
#5316=EDGE_CURVE('',#6620,#6618,#6621,.T.);
#5317=EDGE_CURVE('',#6622,#6620,#6623,.T.);
#5318=EDGE_CURVE('',#6624,#6622,#6625,.T.);
#5319=EDGE_CURVE('',#6624,#6626,#6627,.T.);
#5320=EDGE_CURVE('',#6316,#6626,#6628,.T.);
#5321=EDGE_CURVE('',#6626,#6629,#6630,.T.);
#5322=EDGE_CURVE('',#6318,#6629,#6631,.T.);
#5323=EDGE_CURVE('',#6321,#6632,#6633,.T.);
#5324=EDGE_CURVE('',#6632,#6634,#6635,.T.);
#5325=EDGE_CURVE('',#6322,#6634,#6636,.T.);
#5326=EDGE_CURVE('',#6332,#6637,#6638,.T.);
#5327=EDGE_CURVE('',#6637,#6639,#6640,.T.);
#5328=EDGE_CURVE('',#6334,#6639,#6641,.T.);
#5329=EDGE_CURVE('',#6307,#6642,#6643,.T.);
#5330=EDGE_CURVE('',#6642,#6220,#6644,.T.);
#5331=EDGE_CURVE('',#6645,#6646,#6647,.T.);
#5332=EDGE_CURVE('',#6645,#6648,#6649,.T.);
#5333=EDGE_CURVE('',#6648,#6650,#6651,.T.);
#5334=EDGE_CURVE('',#6650,#6313,#6652,.T.);
#5335=EDGE_CURVE('',#6629,#6653,#6654,.T.);
#5336=EDGE_CURVE('',#6653,#6646,#6655,.T.);
#5337=EDGE_CURVE('',#6656,#6657,#6658,.T.);
#5338=EDGE_CURVE('',#6659,#6656,#6660,.T.);
#5339=EDGE_CURVE('',#6659,#6661,#6662,.T.);
#5340=EDGE_CURVE('',#6657,#6661,#6663,.T.);
#5341=EDGE_CURVE('',#6664,#6509,#6665,.T.);
#5342=EDGE_CURVE('',#6507,#6666,#6667,.T.);
#5343=EDGE_CURVE('',#6666,#6664,#6668,.T.);
#5344=EDGE_CURVE('',#6515,#6669,#6670,.T.);
#5345=EDGE_CURVE('',#6669,#6671,#6672,.T.);
#5346=EDGE_CURVE('',#6671,#6673,#6674,.T.);
#5347=EDGE_CURVE('',#6673,#6675,#6676,.T.);
#5348=EDGE_CURVE('',#6675,#6677,#6678,.T.);
#5349=EDGE_CURVE('',#6677,#6679,#6680,.T.);
#5350=EDGE_CURVE('',#6679,#6681,#6682,.T.);
#5351=EDGE_CURVE('',#6681,#6645,#6683,.T.);
#5352=EDGE_CURVE('',#6684,#6646,#6685,.T.);
#5353=EDGE_CURVE('',#6517,#6684,#6686,.T.);
#5354=EDGE_CURVE('',#6687,#6688,#6689,.T.);
#5355=EDGE_CURVE('',#6688,#6656,#6690,.T.);
#5356=EDGE_CURVE('',#6657,#6687,#6691,.T.);
#5357=EDGE_CURVE('',#6692,#6693,#6694,.T.);
#5358=EDGE_CURVE('',#6693,#6695,#6696,.T.);
#5359=EDGE_CURVE('',#6695,#6697,#6698,.T.);
#5360=EDGE_CURVE('',#6697,#6692,#6699,.T.);
#5361=EDGE_CURVE('',#6700,#6501,#6701,.T.);
#5362=EDGE_CURVE('',#6499,#6702,#6703,.T.);
#5363=EDGE_CURVE('',#6702,#6704,#6705,.T.);
#5364=EDGE_CURVE('',#6704,#6706,#6707,.T.);
#5365=EDGE_CURVE('',#6706,#6708,#6709,.T.);
#5366=EDGE_CURVE('',#6708,#6710,#6711,.T.);
#5367=EDGE_CURVE('',#6710,#6712,#6713,.T.);
#5368=EDGE_CURVE('',#6712,#6714,#6715,.T.);
#5369=EDGE_CURVE('',#6714,#6700,#6716,.T.);
#5370=EDGE_CURVE('',#6664,#6717,#6718,.T.);
#5371=EDGE_CURVE('',#6717,#6486,#6719,.T.);
#5372=EDGE_CURVE('',#6634,#6511,#6720,.T.);
#5373=EDGE_CURVE('',#6721,#6496,#6722,.T.);
#5374=EDGE_CURVE('',#6721,#6222,#6723,.T.);
#5375=EDGE_CURVE('',#6642,#6497,#6724,.T.);
#5376=EDGE_CURVE('',#6653,#6624,#6725,.T.);
#5377=EDGE_CURVE('',#6632,#6513,#6726,.T.);
#5378=EDGE_CURVE('',#6639,#6503,#6727,.T.);
#5379=EDGE_CURVE('',#6637,#6505,#6728,.T.);
#5380=EDGE_CURVE('',#6692,#6729,#6730,.T.);
#5381=EDGE_CURVE('',#6729,#6731,#6732,.T.);
#5382=EDGE_CURVE('',#6731,#6693,#6733,.T.);
#5383=EDGE_CURVE('',#6493,#6734,#6735,.T.);
#5384=EDGE_CURVE('',#6702,#6734,#6736,.T.);
#5385=EDGE_CURVE('',#6737,#6738,#6739,.T.);
#5386=EDGE_CURVE('',#6738,#6740,#6741,.T.);
#5387=EDGE_CURVE('',#6740,#6742,#6743,.T.);
#5388=EDGE_CURVE('',#6742,#6744,#6745,.T.);
#5389=EDGE_CURVE('',#6744,#6737,#6746,.T.);
#5390=EDGE_CURVE('',#6747,#6748,#6749,.T.);
#5391=EDGE_CURVE('',#6750,#6747,#6751,.T.);
#5392=EDGE_CURVE('',#6750,#6752,#6753,.T.);
#5393=EDGE_CURVE('',#6752,#6748,#6754,.T.);
#5394=EDGE_CURVE('',#6755,#6756,#6757,.T.);
#5395=EDGE_CURVE('',#6756,#6758,#6759,.T.);
#5396=EDGE_CURVE('',#6758,#6760,#6761,.T.);
#5397=EDGE_CURVE('',#6760,#6762,#6763,.T.);
#5398=EDGE_CURVE('',#6762,#6755,#6764,.T.);
#5399=EDGE_CURVE('',#6765,#6766,#6767,.T.);
#5400=EDGE_CURVE('',#6768,#6765,#6769,.T.);
#5401=EDGE_CURVE('',#6768,#6770,#6771,.T.);
#5402=EDGE_CURVE('',#6770,#6766,#6772,.T.);
#5403=EDGE_CURVE('',#6773,#6774,#6775,.T.);
#5404=EDGE_CURVE('',#6774,#6776,#6777,.T.);
#5405=EDGE_CURVE('',#6776,#6778,#6779,.T.);
#5406=EDGE_CURVE('',#6778,#6780,#6781,.T.);
#5407=EDGE_CURVE('',#6780,#6773,#6782,.T.);
#5408=EDGE_CURVE('',#6783,#6784,#6785,.T.);
#5409=EDGE_CURVE('',#6786,#6783,#6787,.T.);
#5410=EDGE_CURVE('',#6786,#6788,#6789,.T.);
#5411=EDGE_CURVE('',#6788,#6784,#6790,.T.);
#5412=EDGE_CURVE('',#6791,#6792,#6793,.T.);
#5413=EDGE_CURVE('',#6792,#6794,#6795,.T.);
#5414=EDGE_CURVE('',#6794,#6796,#6797,.T.);
#5415=EDGE_CURVE('',#6796,#6798,#6799,.T.);
#5416=EDGE_CURVE('',#6798,#6791,#6800,.T.);
#5417=EDGE_CURVE('',#6801,#6802,#6803,.T.);
#5418=EDGE_CURVE('',#6804,#6801,#6805,.T.);
#5419=EDGE_CURVE('',#6804,#6806,#6807,.T.);
#5420=EDGE_CURVE('',#6806,#6802,#6808,.T.);
#5421=EDGE_CURVE('',#6809,#6810,#6811,.T.);
#5422=EDGE_CURVE('',#6810,#6812,#6813,.T.);
#5423=EDGE_CURVE('',#6812,#6814,#6815,.T.);
#5424=EDGE_CURVE('',#6814,#6816,#6817,.T.);
#5425=EDGE_CURVE('',#6816,#6809,#6818,.T.);
#5426=EDGE_CURVE('',#6819,#6820,#6821,.T.);
#5427=EDGE_CURVE('',#6822,#6819,#6823,.T.);
#5428=EDGE_CURVE('',#6822,#6824,#6825,.T.);
#5429=EDGE_CURVE('',#6824,#6820,#6826,.T.);
#5430=EDGE_CURVE('',#6827,#6828,#6829,.T.);
#5431=EDGE_CURVE('',#6828,#6830,#6831,.T.);
#5432=EDGE_CURVE('',#6830,#6832,#6833,.T.);
#5433=EDGE_CURVE('',#6832,#6834,#6835,.T.);
#5434=EDGE_CURVE('',#6834,#6827,#6836,.T.);
#5435=EDGE_CURVE('',#6837,#6838,#6839,.T.);
#5436=EDGE_CURVE('',#6840,#6837,#6841,.T.);
#5437=EDGE_CURVE('',#6840,#6842,#6843,.T.);
#5438=EDGE_CURVE('',#6842,#6838,#6844,.T.);
#5439=EDGE_CURVE('',#6845,#6846,#6847,.T.);
#5440=EDGE_CURVE('',#6846,#6848,#6849,.T.);
#5441=EDGE_CURVE('',#6848,#6850,#6851,.T.);
#5442=EDGE_CURVE('',#6850,#6852,#6853,.T.);
#5443=EDGE_CURVE('',#6852,#6845,#6854,.T.);
#5444=EDGE_CURVE('',#6731,#6855,#6856,.T.);
#5445=EDGE_CURVE('',#6855,#6695,#6857,.T.);
#5446=EDGE_CURVE('',#6858,#6859,#6860,.T.);
#5447=EDGE_CURVE('',#6859,#6861,#6862,.T.);
#5448=EDGE_CURVE('',#6861,#6863,#6864,.T.);
#5449=EDGE_CURVE('',#6863,#6858,#6865,.T.);
#5450=EDGE_CURVE('',#6866,#6688,#6867,.T.);
#5451=EDGE_CURVE('',#6866,#6659,#6868,.T.);
#5452=EDGE_CURVE('',#6140,#6738,#6869,.T.);
#5453=EDGE_CURVE('',#6139,#6737,#6870,.T.);
#5454=EDGE_CURVE('',#6142,#6744,#6871,.T.);
#5455=EDGE_CURVE('',#6144,#6742,#6872,.T.);
#5456=EDGE_CURVE('',#6146,#6740,#6873,.T.);
#5457=EDGE_CURVE('',#6150,#6756,#6874,.T.);
#5458=EDGE_CURVE('',#6149,#6755,#6875,.T.);
#5459=EDGE_CURVE('',#6152,#6762,#6876,.T.);
#5460=EDGE_CURVE('',#6154,#6760,#6877,.T.);
#5461=EDGE_CURVE('',#6156,#6758,#6878,.T.);
#5462=EDGE_CURVE('',#6160,#6774,#6879,.T.);
#5463=EDGE_CURVE('',#6159,#6773,#6880,.T.);
#5464=EDGE_CURVE('',#6162,#6780,#6881,.T.);
#5465=EDGE_CURVE('',#6164,#6778,#6882,.T.);
#5466=EDGE_CURVE('',#6166,#6776,#6883,.T.);
#5467=EDGE_CURVE('',#6170,#6792,#6884,.T.);
#5468=EDGE_CURVE('',#6169,#6791,#6885,.T.);
#5469=EDGE_CURVE('',#6172,#6798,#6886,.T.);
#5470=EDGE_CURVE('',#6174,#6796,#6887,.T.);
#5471=EDGE_CURVE('',#6176,#6794,#6888,.T.);
#5472=EDGE_CURVE('',#6180,#6810,#6889,.T.);
#5473=EDGE_CURVE('',#6179,#6809,#6890,.T.);
#5474=EDGE_CURVE('',#6182,#6816,#6891,.T.);
#5475=EDGE_CURVE('',#6184,#6814,#6892,.T.);
#5476=EDGE_CURVE('',#6186,#6812,#6893,.T.);
#5477=EDGE_CURVE('',#6190,#6828,#6894,.T.);
#5478=EDGE_CURVE('',#6189,#6827,#6895,.T.);
#5479=EDGE_CURVE('',#6192,#6834,#6896,.T.);
#5480=EDGE_CURVE('',#6194,#6832,#6897,.T.);
#5481=EDGE_CURVE('',#6196,#6830,#6898,.T.);
#5482=EDGE_CURVE('',#6200,#6846,#6899,.T.);
#5483=EDGE_CURVE('',#6199,#6845,#6900,.T.);
#5484=EDGE_CURVE('',#6202,#6852,#6901,.T.);
#5485=EDGE_CURVE('',#6204,#6850,#6902,.T.);
#5486=EDGE_CURVE('',#6206,#6848,#6903,.T.);
#5487=EDGE_CURVE('',#6210,#6859,#6904,.T.);
#5488=EDGE_CURVE('',#6209,#6858,#6905,.T.);
#5489=EDGE_CURVE('',#6212,#6863,#6906,.T.);
#5490=EDGE_CURVE('',#6214,#6861,#6907,.T.);
#5491=EDGE_CURVE('',#6908,#6350,#6909,.T.);
#5492=EDGE_CURVE('',#6348,#6910,#6911,.T.);
#5493=EDGE_CURVE('',#6910,#6908,#6912,.T.);
#5494=EDGE_CURVE('',#6913,#6747,#6914,.T.);
#5495=EDGE_CURVE('',#6748,#6915,#6916,.T.);
#5496=EDGE_CURVE('',#6915,#6913,#6917,.T.);
#5497=EDGE_CURVE('',#6918,#6919,#6920,.T.);
#5498=EDGE_CURVE('',#6921,#6919,#6922,.T.);
#5499=EDGE_CURVE('',#6358,#6921,#6923,.T.);
#5500=EDGE_CURVE('',#6356,#6924,#6925,.T.);
#5501=EDGE_CURVE('',#6924,#6926,#6927,.T.);
#5502=EDGE_CURVE('',#6926,#6928,#6929,.T.);
#5503=EDGE_CURVE('',#6928,#6930,#6931,.T.);
#5504=EDGE_CURVE('',#6930,#6932,#6933,.T.);
#5505=EDGE_CURVE('',#6932,#6934,#6935,.T.);
#5506=EDGE_CURVE('',#6934,#6936,#6937,.T.);
#5507=EDGE_CURVE('',#6936,#6918,#6938,.T.);
#5508=EDGE_CURVE('',#6939,#6765,#6940,.T.);
#5509=EDGE_CURVE('',#6766,#6941,#6942,.T.);
#5510=EDGE_CURVE('',#6941,#6939,#6943,.T.);
#5511=EDGE_CURVE('',#6944,#6342,#6945,.T.);
#5512=EDGE_CURVE('',#6340,#6946,#6947,.T.);
#5513=EDGE_CURVE('',#6946,#6948,#6949,.T.);
#5514=EDGE_CURVE('',#6948,#6950,#6951,.T.);
#5515=EDGE_CURVE('',#6950,#6952,#6953,.T.);
#5516=EDGE_CURVE('',#6952,#6954,#6955,.T.);
#5517=EDGE_CURVE('',#6954,#6956,#6957,.T.);
#5518=EDGE_CURVE('',#6956,#6958,#6959,.T.);
#5519=EDGE_CURVE('',#6958,#6944,#6960,.T.);
#5520=EDGE_CURVE('',#6908,#6961,#6962,.T.);
#5521=EDGE_CURVE('',#6961,#6404,#6963,.T.);
#5522=EDGE_CURVE('',#6396,#6964,#6965,.T.);
#5523=EDGE_CURVE('',#6964,#6966,#6967,.T.);
#5524=EDGE_CURVE('',#6968,#6966,#6969,.T.);
#5525=EDGE_CURVE('',#6970,#6968,#6971,.T.);
#5526=EDGE_CURVE('',#6972,#6970,#6973,.T.);
#5527=EDGE_CURVE('',#6974,#6972,#6975,.T.);
#5528=EDGE_CURVE('',#6976,#6974,#6977,.T.);
#5529=EDGE_CURVE('',#6978,#6976,#6979,.T.);
#5530=EDGE_CURVE('',#6980,#6978,#6981,.T.);
#5531=EDGE_CURVE('',#6982,#6980,#6983,.T.);
#5532=EDGE_CURVE('',#6398,#6982,#6984,.T.);
#5533=EDGE_CURVE('',#6985,#6961,#6986,.T.);
#5534=EDGE_CURVE('',#6406,#6985,#6987,.T.);
#5535=EDGE_CURVE('',#6988,#6750,#6989,.T.);
#5536=EDGE_CURVE('',#6990,#6988,#6991,.T.);
#5537=EDGE_CURVE('',#6752,#6990,#6992,.T.);
#5538=EDGE_CURVE('',#6993,#6768,#6994,.T.);
#5539=EDGE_CURVE('',#6995,#6993,#6996,.T.);
#5540=EDGE_CURVE('',#6770,#6995,#6997,.T.);
#5541=EDGE_CURVE('',#6998,#6412,#6999,.T.);
#5542=EDGE_CURVE('',#7000,#6998,#7001,.T.);
#5543=EDGE_CURVE('',#7002,#7000,#7003,.T.);
#5544=EDGE_CURVE('',#7004,#7002,#7005,.T.);
#5545=EDGE_CURVE('',#7006,#7004,#7007,.T.);
#5546=EDGE_CURVE('',#7008,#7006,#7009,.T.);
#5547=EDGE_CURVE('',#7010,#7008,#7011,.T.);
#5548=EDGE_CURVE('',#7012,#7010,#7013,.T.);
#5549=EDGE_CURVE('',#6414,#7012,#7014,.T.);
#5550=EDGE_CURVE('',#6913,#6988,#7015,.T.);
#5551=EDGE_CURVE('',#6924,#6982,#7016,.T.);
#5552=EDGE_CURVE('',#6915,#6990,#7017,.T.);
#5553=EDGE_CURVE('',#6918,#6968,#7018,.T.);
#5554=EDGE_CURVE('',#6966,#6586,#7019,.T.);
#5555=EDGE_CURVE('',#6549,#6919,#7020,.T.);
#5556=EDGE_CURVE('',#6605,#7021,#7022,.T.);
#5557=EDGE_CURVE('',#7023,#7021,#7024,.T.);
#5558=EDGE_CURVE('',#7025,#7023,#7026,.T.);
#5559=EDGE_CURVE('',#7025,#6921,#7027,.T.);
#5560=EDGE_CURVE('',#5949,#5946,#7028,.T.);
#5561=EDGE_CURVE('',#7029,#6608,#7030,.T.);
#5562=EDGE_CURVE('',#6964,#7031,#7032,.T.);
#5563=EDGE_CURVE('',#7031,#7033,#7034,.T.);
#5564=EDGE_CURVE('',#7029,#7033,#7035,.T.);
#5565=EDGE_CURVE('',#7036,#6616,#7037,.T.);
#5566=EDGE_CURVE('',#7038,#6614,#7039,.T.);
#5567=EDGE_CURVE('',#7040,#7038,#7041,.T.);
#5568=EDGE_CURVE('',#7042,#7040,#7043,.T.);
#5569=EDGE_CURVE('',#7042,#7044,#7045,.T.);
#5570=EDGE_CURVE('',#7044,#7046,#7047,.T.);
#5571=EDGE_CURVE('',#7036,#7046,#7048,.T.);
#5572=EDGE_CURVE('',#7049,#6650,#7050,.T.);
#5573=EDGE_CURVE('',#7049,#7051,#7052,.T.);
#5574=EDGE_CURVE('',#7053,#7051,#7054,.T.);
#5575=EDGE_CURVE('',#7055,#7053,#7056,.T.);
#5576=EDGE_CURVE('',#6599,#7055,#7057,.T.);
#5577=EDGE_CURVE('',#5976,#5973,#7058,.T.);
#5578=EDGE_CURVE('',#7059,#6622,#7060,.T.);
#5579=EDGE_CURVE('',#7061,#7059,#7062,.T.);
#5580=EDGE_CURVE('',#7063,#7061,#7064,.T.);
#5581=EDGE_CURVE('',#7063,#6684,#7065,.T.);
#5582=EDGE_CURVE('',#6360,#7025,#7066,.T.);
#5583=EDGE_CURVE('',#6394,#7031,#7067,.T.);
#5584=EDGE_CURVE('',#6444,#7042,#7068,.T.);
#5585=EDGE_CURVE('',#6442,#7044,#7069,.T.);
#5586=EDGE_CURVE('',#6519,#7063,#7070,.T.);
#5587=EDGE_CURVE('',#6481,#7049,#7071,.T.);
#5588=EDGE_CURVE('',#7051,#6479,#7072,.T.);
#5589=EDGE_CURVE('',#6362,#7073,#7074,.T.);
#5590=EDGE_CURVE('',#7023,#7075,#7076,.T.);
#5591=EDGE_CURVE('',#7075,#7077,#7078,.T.);
#5592=EDGE_CURVE('',#7077,#7079,#7080,.T.);
#5593=EDGE_CURVE('',#7079,#7081,#7082,.T.);
#5594=EDGE_CURVE('',#7081,#6370,#7083,.T.);
#5595=EDGE_CURVE('',#7084,#6368,#7085,.T.);
#5596=EDGE_CURVE('',#7073,#7084,#7086,.T.);
#5597=EDGE_CURVE('',#7073,#7087,#7088,.T.);
#5598=EDGE_CURVE('',#6364,#7087,#7089,.T.);
#5599=EDGE_CURVE('',#7087,#7090,#7091,.T.);
#5600=EDGE_CURVE('',#7090,#6366,#7092,.T.);
#5601=EDGE_CURVE('',#7084,#7090,#7093,.T.);
#5602=EDGE_CURVE('',#7081,#6557,#7094,.T.);
#5603=EDGE_CURVE('',#7095,#6373,#7096,.T.);
#5604=EDGE_CURVE('',#6594,#7095,#7097,.T.);
#5605=EDGE_CURVE('',#7098,#6421,#7099,.T.);
#5606=EDGE_CURVE('',#7100,#6466,#7101,.T.);
#5607=EDGE_CURVE('',#7100,#7098,#7102,.T.);
#5608=EDGE_CURVE('',#6310,#7103,#7104,.T.);
#5609=EDGE_CURVE('',#6469,#7103,#7105,.T.);
#5610=EDGE_CURVE('',#7106,#6541,#7107,.T.);
#5611=EDGE_CURVE('',#7106,#6721,#7108,.T.);
#5612=EDGE_CURVE('',#7079,#7109,#7110,.T.);
#5613=EDGE_CURVE('',#7109,#6248,#7111,.T.);
#5614=EDGE_CURVE('',#7095,#6238,#7112,.T.);
#5615=EDGE_CURVE('',#7098,#6230,#7113,.T.);
#5616=EDGE_CURVE('',#7100,#6232,#7114,.T.);
#5617=EDGE_CURVE('',#7115,#6261,#7116,.T.);
#5618=EDGE_CURVE('',#7115,#7117,#7118,.T.);
#5619=EDGE_CURVE('',#7103,#7117,#7119,.T.);
#5620=EDGE_CURVE('',#7106,#6224,#7120,.T.);
#5621=EDGE_CURVE('',#7121,#6250,#7122,.T.);
#5622=EDGE_CURVE('',#7121,#7109,#7123,.T.);
#5623=EDGE_CURVE('',#7121,#7077,#7124,.T.);
#5624=EDGE_CURVE('',#6088,#7075,#7125,.T.);
#5625=EDGE_CURVE('',#6086,#6252,#7126,.T.);
#5626=EDGE_CURVE('',#7127,#6259,#7128,.T.);
#5627=EDGE_CURVE('',#6257,#6009,#7129,.T.);
#5628=EDGE_CURVE('',#6007,#7130,#7131,.T.);
#5629=EDGE_CURVE('',#7132,#7130,#7133,.T.);
#5630=EDGE_CURVE('',#7132,#7127,#7134,.T.);
#5631=EDGE_CURVE('',#7055,#7135,#7136,.T.);
#5632=EDGE_CURVE('',#7130,#7053,#7137,.T.);
#5633=EDGE_CURVE('',#6133,#6005,#7138,.T.);
#5634=EDGE_CURVE('',#7021,#7139,#7140,.T.);
#5635=EDGE_CURVE('',#7135,#7139,#7141,.T.);
#5636=EDGE_CURVE('',#7142,#5985,#7143,.T.);
#5637=EDGE_CURVE('',#7144,#5983,#7145,.T.);
#5638=EDGE_CURVE('',#7142,#7144,#7146,.T.);
#5639=EDGE_CURVE('',#7147,#7142,#7148,.T.);
#5640=EDGE_CURVE('',#7149,#7147,#7150,.T.);
#5641=EDGE_CURVE('',#7151,#7149,#7152,.T.);
#5642=EDGE_CURVE('',#5981,#7151,#7153,.T.);
#5643=EDGE_CURVE('',#7151,#7154,#7155,.T.);
#5644=EDGE_CURVE('',#5980,#7154,#7156,.T.);
#5645=EDGE_CURVE('',#7154,#7157,#7158,.T.);
#5646=EDGE_CURVE('',#7157,#7159,#7160,.T.);
#5647=EDGE_CURVE('',#7159,#7144,#7161,.T.);
#5648=EDGE_CURVE('',#7147,#7159,#7162,.T.);
#5649=EDGE_CURVE('',#7149,#7157,#7163,.T.);
#5650=EDGE_CURVE('',#7135,#6601,#7164,.T.);
#5651=EDGE_CURVE('',#7139,#6603,#7165,.T.);
#5652=EDGE_CURVE('',#6011,#6255,#7166,.T.);
#5653=EDGE_CURVE('',#6477,#7167,#7168,.T.);
#5654=EDGE_CURVE('',#7167,#7169,#7170,.T.);
#5655=EDGE_CURVE('',#7169,#6471,#7171,.T.);
#5656=EDGE_CURVE('',#7117,#7132,#7172,.T.);
#5657=EDGE_CURVE('',#6475,#7173,#7174,.T.);
#5658=EDGE_CURVE('',#7167,#7173,#7175,.T.);
#5659=EDGE_CURVE('',#7173,#7176,#7177,.T.);
#5660=EDGE_CURVE('',#7169,#7176,#7178,.T.);
#5661=EDGE_CURVE('',#7176,#6473,#7179,.T.);
#5662=EDGE_CURVE('',#7127,#7115,#7180,.T.);
#5663=EDGE_CURVE('',#7181,#6236,#7182,.T.);
#5664=EDGE_CURVE('',#7181,#6374,#7183,.T.);
#5665=EDGE_CURVE('',#7184,#7029,#7185,.T.);
#5666=EDGE_CURVE('',#6610,#7184,#7186,.T.);
#5667=EDGE_CURVE('',#7187,#7188,#7189,.T.);
#5668=EDGE_CURVE('',#7187,#6390,#7190,.T.);
#5669=EDGE_CURVE('',#7188,#6388,#7191,.T.);
#5670=EDGE_CURVE('',#7192,#6380,#7193,.T.);
#5671=EDGE_CURVE('',#7194,#7192,#7195,.T.);
#5672=EDGE_CURVE('',#7194,#6382,#7196,.T.);
#5673=EDGE_CURVE('',#7197,#6783,#7198,.T.);
#5674=EDGE_CURVE('',#7197,#7199,#7200,.T.);
#5675=EDGE_CURVE('',#7199,#6786,#7201,.T.);
#5676=EDGE_CURVE('',#6464,#7202,#7203,.T.);
#5677=EDGE_CURVE('',#6462,#7204,#7205,.T.);
#5678=EDGE_CURVE('',#7206,#7204,#7207,.T.);
#5679=EDGE_CURVE('',#6376,#7206,#7208,.T.);
#5680=EDGE_CURVE('',#7202,#7181,#7209,.T.);
#5681=EDGE_CURVE('',#7210,#6386,#7211,.T.);
#5682=EDGE_CURVE('',#6384,#7212,#7213,.T.);
#5683=EDGE_CURVE('',#7212,#7210,#7214,.T.);
#5684=EDGE_CURVE('',#6392,#7215,#7216,.T.);
#5685=EDGE_CURVE('',#7215,#7217,#7218,.T.);
#5686=EDGE_CURVE('',#7217,#7219,#7220,.T.);
#5687=EDGE_CURVE('',#7219,#7221,#7222,.T.);
#5688=EDGE_CURVE('',#7221,#7223,#7224,.T.);
#5689=EDGE_CURVE('',#7223,#7225,#7226,.T.);
#5690=EDGE_CURVE('',#7225,#7227,#7228,.T.);
#5691=EDGE_CURVE('',#7227,#7229,#7230,.T.);
#5692=EDGE_CURVE('',#7229,#7033,#7231,.T.);
#5693=EDGE_CURVE('',#7232,#6801,#7233,.T.);
#5694=EDGE_CURVE('',#6802,#7234,#7235,.T.);
#5695=EDGE_CURVE('',#7234,#7232,#7236,.T.);
#5696=EDGE_CURVE('',#6784,#7237,#7238,.T.);
#5697=EDGE_CURVE('',#7237,#7197,#7239,.T.);
#5698=EDGE_CURVE('',#7240,#6378,#7241,.T.);
#5699=EDGE_CURVE('',#7206,#7242,#7243,.T.);
#5700=EDGE_CURVE('',#7242,#7244,#7245,.T.);
#5701=EDGE_CURVE('',#7244,#7246,#7247,.T.);
#5702=EDGE_CURVE('',#7246,#7248,#7249,.T.);
#5703=EDGE_CURVE('',#7248,#7250,#7251,.T.);
#5704=EDGE_CURVE('',#7250,#7252,#7253,.T.);
#5705=EDGE_CURVE('',#7252,#7240,#7254,.T.);
#5706=EDGE_CURVE('',#7210,#7255,#7256,.T.);
#5707=EDGE_CURVE('',#7255,#6452,#7257,.T.);
#5708=EDGE_CURVE('',#6450,#7258,#7259,.T.);
#5709=EDGE_CURVE('',#7258,#7188,#7260,.T.);
#5710=EDGE_CURVE('',#6612,#7261,#7262,.T.);
#5711=EDGE_CURVE('',#7261,#7184,#7263,.T.);
#5712=EDGE_CURVE('',#7264,#7258,#7265,.T.);
#5713=EDGE_CURVE('',#7264,#7187,#7266,.T.);
#5714=EDGE_CURVE('',#7267,#7194,#7268,.T.);
#5715=EDGE_CURVE('',#7269,#7192,#7270,.T.);
#5716=EDGE_CURVE('',#7267,#7269,#7271,.T.);
#5717=EDGE_CURVE('',#7202,#6234,#7272,.T.);
#5718=EDGE_CURVE('',#7038,#7261,#7273,.T.);
#5719=EDGE_CURVE('',#6448,#7264,#7274,.T.);
#5720=EDGE_CURVE('',#6456,#7267,#7275,.T.);
#5721=EDGE_CURVE('',#6458,#7269,#7276,.T.);
#5722=EDGE_CURVE('',#7229,#7277,#7278,.T.);
#5723=EDGE_CURVE('',#7277,#7040,#7279,.T.);
#5724=EDGE_CURVE('',#6806,#7280,#7281,.T.);
#5725=EDGE_CURVE('',#7234,#7280,#7282,.T.);
#5726=EDGE_CURVE('',#7283,#7255,#7284,.T.);
#5727=EDGE_CURVE('',#6454,#7283,#7285,.T.);
#5728=EDGE_CURVE('',#7286,#7277,#7287,.T.);
#5729=EDGE_CURVE('',#7288,#7286,#7289,.T.);
#5730=EDGE_CURVE('',#7290,#7288,#7291,.T.);
#5731=EDGE_CURVE('',#7292,#7290,#7293,.T.);
#5732=EDGE_CURVE('',#7294,#7292,#7295,.T.);
#5733=EDGE_CURVE('',#7296,#7294,#7297,.T.);
#5734=EDGE_CURVE('',#7298,#7296,#7299,.T.);
#5735=EDGE_CURVE('',#6446,#7298,#7300,.T.);
#5736=EDGE_CURVE('',#7301,#6804,#7302,.T.);
#5737=EDGE_CURVE('',#7280,#7301,#7303,.T.);
#5738=EDGE_CURVE('',#7304,#7199,#7305,.T.);
#5739=EDGE_CURVE('',#6788,#7304,#7306,.T.);
#5740=EDGE_CURVE('',#7307,#6460,#7308,.T.);
#5741=EDGE_CURVE('',#7309,#7307,#7310,.T.);
#5742=EDGE_CURVE('',#7311,#7309,#7312,.T.);
#5743=EDGE_CURVE('',#7313,#7311,#7314,.T.);
#5744=EDGE_CURVE('',#7315,#7313,#7316,.T.);
#5745=EDGE_CURVE('',#7317,#7315,#7318,.T.);
#5746=EDGE_CURVE('',#7319,#7317,#7320,.T.);
#5747=EDGE_CURVE('',#7204,#7319,#7321,.T.);
#5748=EDGE_CURVE('',#7212,#7283,#7322,.T.);
#5749=EDGE_CURVE('',#7232,#7301,#7323,.T.);
#5750=EDGE_CURVE('',#7215,#7298,#7324,.T.);
#5751=EDGE_CURVE('',#7217,#7296,#7325,.T.);
#5752=EDGE_CURVE('',#7219,#7294,#7326,.T.);
#5753=EDGE_CURVE('',#7221,#7292,#7327,.T.);
#5754=EDGE_CURVE('',#7223,#7290,#7328,.T.);
#5755=EDGE_CURVE('',#7225,#7288,#7329,.T.);
#5756=EDGE_CURVE('',#7227,#7286,#7330,.T.);
#5757=EDGE_CURVE('',#7240,#7307,#7331,.T.);
#5758=EDGE_CURVE('',#7237,#7304,#7332,.T.);
#5759=EDGE_CURVE('',#7252,#7309,#7333,.T.);
#5760=EDGE_CURVE('',#7250,#7311,#7334,.T.);
#5761=EDGE_CURVE('',#7248,#7313,#7335,.T.);
#5762=EDGE_CURVE('',#7246,#7315,#7336,.T.);
#5763=EDGE_CURVE('',#7244,#7317,#7337,.T.);
#5764=EDGE_CURVE('',#7242,#7319,#7338,.T.);
#5765=EDGE_CURVE('',#7339,#6228,#7340,.T.);
#5766=EDGE_CURVE('',#7339,#6422,#7341,.T.);
#5767=EDGE_CURVE('',#7342,#7036,#7343,.T.);
#5768=EDGE_CURVE('',#6618,#7342,#7344,.T.);
#5769=EDGE_CURVE('',#7345,#7346,#7347,.T.);
#5770=EDGE_CURVE('',#7345,#6438,#7348,.T.);
#5771=EDGE_CURVE('',#7346,#6436,#7349,.T.);
#5772=EDGE_CURVE('',#7350,#6428,#7351,.T.);
#5773=EDGE_CURVE('',#7352,#7350,#7353,.T.);
#5774=EDGE_CURVE('',#7352,#6430,#7354,.T.);
#5775=EDGE_CURVE('',#7355,#6837,#7356,.T.);
#5776=EDGE_CURVE('',#7355,#7357,#7358,.T.);
#5777=EDGE_CURVE('',#7357,#6840,#7359,.T.);
#5778=EDGE_CURVE('',#6539,#7360,#7361,.T.);
#5779=EDGE_CURVE('',#6537,#7362,#7363,.T.);
#5780=EDGE_CURVE('',#7364,#7362,#7365,.T.);
#5781=EDGE_CURVE('',#6424,#7364,#7366,.T.);
#5782=EDGE_CURVE('',#7360,#7339,#7367,.T.);
#5783=EDGE_CURVE('',#7368,#6434,#7369,.T.);
#5784=EDGE_CURVE('',#6432,#7370,#7371,.T.);
#5785=EDGE_CURVE('',#7370,#7368,#7372,.T.);
#5786=EDGE_CURVE('',#7373,#6819,#7374,.T.);
#5787=EDGE_CURVE('',#6820,#7375,#7376,.T.);
#5788=EDGE_CURVE('',#7375,#7373,#7377,.T.);
#5789=EDGE_CURVE('',#7378,#7046,#7379,.T.);
#5790=EDGE_CURVE('',#6440,#7380,#7381,.T.);
#5791=EDGE_CURVE('',#7380,#7382,#7383,.T.);
#5792=EDGE_CURVE('',#7382,#7384,#7385,.T.);
#5793=EDGE_CURVE('',#7384,#7386,#7387,.T.);
#5794=EDGE_CURVE('',#7386,#7388,#7389,.T.);
#5795=EDGE_CURVE('',#7388,#7390,#7391,.T.);
#5796=EDGE_CURVE('',#7390,#7392,#7393,.T.);
#5797=EDGE_CURVE('',#7392,#7378,#7394,.T.);
#5798=EDGE_CURVE('',#6838,#7395,#7396,.T.);
#5799=EDGE_CURVE('',#7395,#7355,#7397,.T.);
#5800=EDGE_CURVE('',#7398,#6426,#7399,.T.);
#5801=EDGE_CURVE('',#7364,#7400,#7401,.T.);
#5802=EDGE_CURVE('',#7400,#7402,#7403,.T.);
#5803=EDGE_CURVE('',#7402,#7404,#7405,.T.);
#5804=EDGE_CURVE('',#7404,#7406,#7407,.T.);
#5805=EDGE_CURVE('',#7406,#7408,#7409,.T.);
#5806=EDGE_CURVE('',#7408,#7410,#7411,.T.);
#5807=EDGE_CURVE('',#7410,#7398,#7412,.T.);
#5808=EDGE_CURVE('',#7368,#7413,#7414,.T.);
#5809=EDGE_CURVE('',#7413,#6527,#7415,.T.);
#5810=EDGE_CURVE('',#6525,#7416,#7417,.T.);
#5811=EDGE_CURVE('',#7416,#7346,#7418,.T.);
#5812=EDGE_CURVE('',#6620,#7419,#7420,.T.);
#5813=EDGE_CURVE('',#7419,#7342,#7421,.T.);
#5814=EDGE_CURVE('',#7422,#7416,#7423,.T.);
#5815=EDGE_CURVE('',#7422,#7345,#7424,.T.);
#5816=EDGE_CURVE('',#7425,#7352,#7426,.T.);
#5817=EDGE_CURVE('',#7427,#7350,#7428,.T.);
#5818=EDGE_CURVE('',#7425,#7427,#7429,.T.);
#5819=EDGE_CURVE('',#7360,#6226,#7430,.T.);
#5820=EDGE_CURVE('',#7059,#7419,#7431,.T.);
#5821=EDGE_CURVE('',#6523,#7422,#7432,.T.);
#5822=EDGE_CURVE('',#6531,#7425,#7433,.T.);
#5823=EDGE_CURVE('',#6533,#7427,#7434,.T.);
#5824=EDGE_CURVE('',#7378,#7435,#7436,.T.);
#5825=EDGE_CURVE('',#7435,#7061,#7437,.T.);
#5826=EDGE_CURVE('',#6824,#7438,#7439,.T.);
#5827=EDGE_CURVE('',#7375,#7438,#7440,.T.);
#5828=EDGE_CURVE('',#7441,#7413,#7442,.T.);
#5829=EDGE_CURVE('',#6529,#7441,#7443,.T.);
#5830=EDGE_CURVE('',#7444,#6822,#7445,.T.);
#5831=EDGE_CURVE('',#7438,#7444,#7446,.T.);
#5832=EDGE_CURVE('',#7447,#7435,#7448,.T.);
#5833=EDGE_CURVE('',#7449,#7447,#7450,.T.);
#5834=EDGE_CURVE('',#7451,#7449,#7452,.T.);
#5835=EDGE_CURVE('',#7453,#7451,#7454,.T.);
#5836=EDGE_CURVE('',#7455,#7453,#7456,.T.);
#5837=EDGE_CURVE('',#7457,#7455,#7458,.T.);
#5838=EDGE_CURVE('',#7459,#7457,#7460,.T.);
#5839=EDGE_CURVE('',#6521,#7459,#7461,.T.);
#5840=EDGE_CURVE('',#7462,#7357,#7463,.T.);
#5841=EDGE_CURVE('',#6842,#7462,#7464,.T.);
#5842=EDGE_CURVE('',#7465,#6535,#7466,.T.);
#5843=EDGE_CURVE('',#7467,#7465,#7468,.T.);
#5844=EDGE_CURVE('',#7469,#7467,#7470,.T.);
#5845=EDGE_CURVE('',#7471,#7469,#7472,.T.);
#5846=EDGE_CURVE('',#7473,#7471,#7474,.T.);
#5847=EDGE_CURVE('',#7475,#7473,#7476,.T.);
#5848=EDGE_CURVE('',#7477,#7475,#7478,.T.);
#5849=EDGE_CURVE('',#7362,#7477,#7479,.T.);
#5850=EDGE_CURVE('',#7370,#7441,#7480,.T.);
#5851=EDGE_CURVE('',#7373,#7444,#7481,.T.);
#5852=EDGE_CURVE('',#7380,#7459,#7482,.T.);
#5853=EDGE_CURVE('',#7382,#7457,#7483,.T.);
#5854=EDGE_CURVE('',#7384,#7455,#7484,.T.);
#5855=EDGE_CURVE('',#7386,#7453,#7485,.T.);
#5856=EDGE_CURVE('',#7388,#7451,#7486,.T.);
#5857=EDGE_CURVE('',#7390,#7449,#7487,.T.);
#5858=EDGE_CURVE('',#7392,#7447,#7488,.T.);
#5859=EDGE_CURVE('',#7398,#7465,#7489,.T.);
#5860=EDGE_CURVE('',#7395,#7462,#7490,.T.);
#5861=EDGE_CURVE('',#7410,#7467,#7491,.T.);
#5862=EDGE_CURVE('',#7408,#7469,#7492,.T.);
#5863=EDGE_CURVE('',#7406,#7471,#7493,.T.);
#5864=EDGE_CURVE('',#7404,#7473,#7494,.T.);
#5865=EDGE_CURVE('',#7402,#7475,#7495,.T.);
#5866=EDGE_CURVE('',#7400,#7477,#7496,.T.);
#5867=EDGE_CURVE('',#7497,#6717,#7498,.T.);
#5868=EDGE_CURVE('',#6488,#7497,#7499,.T.);
#5869=EDGE_CURVE('',#7500,#6648,#7501,.T.);
#5870=EDGE_CURVE('',#7502,#7500,#7503,.T.);
#5871=EDGE_CURVE('',#7504,#7502,#7505,.T.);
#5872=EDGE_CURVE('',#7506,#7504,#7507,.T.);
#5873=EDGE_CURVE('',#7508,#7506,#7509,.T.);
#5874=EDGE_CURVE('',#7510,#7508,#7511,.T.);
#5875=EDGE_CURVE('',#7512,#7510,#7513,.T.);
#5876=EDGE_CURVE('',#6483,#7512,#7514,.T.);
#5877=EDGE_CURVE('',#7515,#6866,#7516,.T.);
#5878=EDGE_CURVE('',#6661,#7515,#7517,.T.);
#5879=EDGE_CURVE('',#7518,#6729,#7519,.T.);
#5880=EDGE_CURVE('',#6855,#7518,#7520,.T.);
#5881=EDGE_CURVE('',#7521,#6491,#7522,.T.);
#5882=EDGE_CURVE('',#7523,#7521,#7524,.T.);
#5883=EDGE_CURVE('',#7525,#7523,#7526,.T.);
#5884=EDGE_CURVE('',#7527,#7525,#7528,.T.);
#5885=EDGE_CURVE('',#7529,#7527,#7530,.T.);
#5886=EDGE_CURVE('',#7531,#7529,#7532,.T.);
#5887=EDGE_CURVE('',#7533,#7531,#7534,.T.);
#5888=EDGE_CURVE('',#6734,#7533,#7535,.T.);
#5889=EDGE_CURVE('',#6666,#7497,#7536,.T.);
#5890=EDGE_CURVE('',#6687,#7515,#7537,.T.);
#5891=EDGE_CURVE('',#6669,#7512,#7538,.T.);
#5892=EDGE_CURVE('',#6671,#7510,#7539,.T.);
#5893=EDGE_CURVE('',#6673,#7508,#7540,.T.);
#5894=EDGE_CURVE('',#6675,#7506,#7541,.T.);
#5895=EDGE_CURVE('',#6677,#7504,#7542,.T.);
#5896=EDGE_CURVE('',#6679,#7502,#7543,.T.);
#5897=EDGE_CURVE('',#6681,#7500,#7544,.T.);
#5898=EDGE_CURVE('',#6700,#7521,#7545,.T.);
#5899=EDGE_CURVE('',#6697,#7518,#7546,.T.);
#5900=EDGE_CURVE('',#6714,#7523,#7547,.T.);
#5901=EDGE_CURVE('',#6712,#7525,#7548,.T.);
#5902=EDGE_CURVE('',#6710,#7527,#7549,.T.);
#5903=EDGE_CURVE('',#6708,#7529,#7550,.T.);
#5904=EDGE_CURVE('',#6706,#7531,#7551,.T.);
#5905=EDGE_CURVE('',#6704,#7533,#7552,.T.);
#5906=EDGE_CURVE('',#5964,#5974,#7553,.T.);
#5907=EDGE_CURVE('',#5963,#5966,#7554,.T.);
#5908=EDGE_CURVE('',#5956,#5959,#7555,.T.);
#5909=EDGE_CURVE('',#5957,#5947,#7556,.T.);
#5910=EDGE_CURVE('',#6936,#6970,#7557,.T.);
#5911=EDGE_CURVE('',#6934,#6972,#7558,.T.);
#5912=EDGE_CURVE('',#6932,#6974,#7559,.T.);
#5913=EDGE_CURVE('',#6930,#6976,#7560,.T.);
#5914=EDGE_CURVE('',#6928,#6978,#7561,.T.);
#5915=EDGE_CURVE('',#6926,#6980,#7562,.T.);
#5916=EDGE_CURVE('',#6910,#6985,#7563,.T.);
#5917=EDGE_CURVE('',#6939,#6993,#7564,.T.);
#5918=EDGE_CURVE('',#6946,#7012,#7565,.T.);
#5919=EDGE_CURVE('',#6941,#6995,#7566,.T.);
#5920=EDGE_CURVE('',#6944,#6998,#7567,.T.);
#5921=EDGE_CURVE('',#6958,#7000,#7568,.T.);
#5922=EDGE_CURVE('',#6956,#7002,#7569,.T.);
#5923=EDGE_CURVE('',#6954,#7004,#7570,.T.);
#5924=EDGE_CURVE('',#6952,#7006,#7571,.T.);
#5925=EDGE_CURVE('',#6950,#7008,#7572,.T.);
#5926=EDGE_CURVE('',#6948,#7010,#7573,.T.);
#5927=EDGE_CURVE('',#6103,#7574,#7575,.T.);
#5928=EDGE_CURVE('',#7576,#7574,#7577,.T.);
#5929=EDGE_CURVE('',#6102,#7576,#7578,.T.);
#5930=EDGE_CURVE('',#7579,#7576,#7580,.T.);
#5931=EDGE_CURVE('',#6105,#7579,#7581,.T.);
#5932=EDGE_CURVE('',#7582,#7579,#7583,.T.);
#5933=EDGE_CURVE('',#6107,#7582,#7584,.T.);
#5934=EDGE_CURVE('',#7585,#7582,#7586,.T.);
#5935=EDGE_CURVE('',#6109,#7585,#7587,.T.);
#5936=EDGE_CURVE('',#7588,#7585,#7589,.T.);
#5937=EDGE_CURVE('',#6111,#7588,#7590,.T.);
#5938=EDGE_CURVE('',#7591,#7588,#7592,.T.);
#5939=EDGE_CURVE('',#6113,#7591,#7593,.T.);
#5940=EDGE_CURVE('',#7574,#7591,#7594,.T.);
#5941=EDGE_CURVE('',#5999,#6031,#7595,.T.);
#5942=EDGE_CURVE('',#5997,#6033,#7596,.T.);
#5943=EDGE_CURVE('',#5995,#6035,#7597,.T.);
#5944=EDGE_CURVE('',#5993,#6037,#7598,.T.);
#5945=EDGE_CURVE('',#5991,#6039,#7599,.T.);
#5946=VERTEX_POINT('',#7600);
#5947=VERTEX_POINT('',#7601);
#5948=LINE('',#7602,#7603);
#5949=VERTEX_POINT('',#7604);
#5950=CIRCLE('',#7605,0.43);
#5951=VERTEX_POINT('',#7606);
#5952=LINE('',#7607,#7608);
#5953=VERTEX_POINT('',#7609);
#5954=CIRCLE('',#7610,0.43);
#5955=CIRCLE('',#7611,0.43);
#5956=VERTEX_POINT('',#7612);
#5957=VERTEX_POINT('',#7613);
#5958=LINE('',#7614,#7615);
#5959=VERTEX_POINT('',#7616);
#5960=CIRCLE('',#7617,0.09999978572946);
#5961=LINE('',#7618,#7619);
#5962=CIRCLE('',#7620,0.43);
#5963=VERTEX_POINT('',#7621);
#5964=VERTEX_POINT('',#7622);
#5965=LINE('',#7623,#7624);
#5966=VERTEX_POINT('',#7625);
#5967=CIRCLE('',#7626,0.09999978572946);
#5968=VERTEX_POINT('',#7627);
#5969=LINE('',#7628,#7629);
#5970=VERTEX_POINT('',#7630);
#5971=CIRCLE('',#7631,0.43);
#5972=CIRCLE('',#7632,0.43);
#5973=VERTEX_POINT('',#7633);
#5974=VERTEX_POINT('',#7634);
#5975=LINE('',#7635,#7636);
#5976=VERTEX_POINT('',#7637);
#5977=CIRCLE('',#7638,0.43);
#5978=LINE('',#7639,#7640);
#5979=CIRCLE('',#7641,0.43);
#5980=VERTEX_POINT('',#7642);
#5981=VERTEX_POINT('',#7643);
#5982=LINE('',#7644,#7645);
#5983=VERTEX_POINT('',#7646);
#5984=CIRCLE('',#7647,0.75);
#5985=VERTEX_POINT('',#7648);
#5986=LINE('',#7649,#7650);
#5987=CIRCLE('',#7651,0.75);
#5988=VERTEX_POINT('',#7652);
#5989=VERTEX_POINT('',#7653);
#5990=LINE('',#7654,#7655);
#5991=VERTEX_POINT('',#7656);
#5992=LINE('',#7657,#7658);
#5993=VERTEX_POINT('',#7659);
#5994=LINE('',#7660,#7661);
#5995=VERTEX_POINT('',#7662);
#5996=LINE('',#7663,#7664);
#5997=VERTEX_POINT('',#7665);
#5998=LINE('',#7666,#7667);
#5999=VERTEX_POINT('',#7668);
#6000=LINE('',#7669,#7670);
#6001=VERTEX_POINT('',#7671);
#6002=LINE('',#7672,#7673);
#6003=VERTEX_POINT('',#7674);
#6004=LINE('',#7675,#7676);
#6005=VERTEX_POINT('',#7677);
#6006=LINE('',#7678,#7679);
#6007=VERTEX_POINT('',#7680);
#6008=LINE('',#7681,#7682);
#6009=VERTEX_POINT('',#7683);
#6010=LINE('',#7684,#7685);
#6011=VERTEX_POINT('',#7686);
#6012=LINE('',#7687,#7688);
#6013=VERTEX_POINT('',#7689);
#6014=LINE('',#7690,#7691);
#6015=LINE('',#7692,#7693);
#6016=VERTEX_POINT('',#7694);
#6017=VERTEX_POINT('',#7695);
#6018=LINE('',#7696,#7697);
#6019=LINE('',#7698,#7699);
#6020=LINE('',#7700,#7701);
#6021=VERTEX_POINT('',#7702);
#6022=LINE('',#7703,#7704);
#6023=VERTEX_POINT('',#7705);
#6024=LINE('',#7706,#7707);
#6025=VERTEX_POINT('',#7708);
#6026=LINE('',#7709,#7710);
#6027=VERTEX_POINT('',#7711);
#6028=LINE('',#7712,#7713);
#6029=VERTEX_POINT('',#7714);
#6030=LINE('',#7715,#7716);
#6031=VERTEX_POINT('',#7717);
#6032=LINE('',#7718,#7719);
#6033=VERTEX_POINT('',#7720);
#6034=LINE('',#7721,#7722);
#6035=VERTEX_POINT('',#7723);
#6036=LINE('',#7724,#7725);
#6037=VERTEX_POINT('',#7726);
#6038=LINE('',#7727,#7728);
#6039=VERTEX_POINT('',#7729);
#6040=LINE('',#7730,#7731);
#6041=LINE('',#7732,#7733);
#6042=LINE('',#7734,#7735);
#6043=LINE('',#7736,#7737);
#6044=LINE('',#7738,#7739);
#6045=VERTEX_POINT('',#7740);
#6046=VERTEX_POINT('',#7741);
#6047=LINE('',#7742,#7743);
#6048=VERTEX_POINT('',#7744);
#6049=LINE('',#7745,#7746);
#6050=LINE('',#7747,#7748);
#6051=LINE('',#7749,#7750);
#6052=VERTEX_POINT('',#7751);
#6053=VERTEX_POINT('',#7752);
#6054=LINE('',#7753,#7754);
#6055=VERTEX_POINT('',#7755);
#6056=LINE('',#7756,#7757);
#6057=VERTEX_POINT('',#7758);
#6058=LINE('',#7759,#7760);
#6059=LINE('',#7761,#7762);
#6060=VERTEX_POINT('',#7763);
#6061=LINE('',#7764,#7765);
#6062=VERTEX_POINT('',#7766);
#6063=LINE('',#7767,#7768);
#6064=VERTEX_POINT('',#7769);
#6065=LINE('',#7770,#7771);
#6066=LINE('',#7772,#7773);
#6067=VERTEX_POINT('',#7774);
#6068=LINE('',#7775,#7776);
#6069=LINE('',#7777,#7778);
#6070=LINE('',#7779,#7780);
#6071=VERTEX_POINT('',#7781);
#6072=VERTEX_POINT('',#7782);
#6073=LINE('',#7783,#7784);
#6074=LINE('',#7785,#7786);
#6075=LINE('',#7787,#7788);
#6076=VERTEX_POINT('',#7789);
#6077=VERTEX_POINT('',#7790);
#6078=LINE('',#7791,#7792);
#6079=LINE('',#7793,#7794);
#6080=LINE('',#7795,#7796);
#6081=VERTEX_POINT('',#7797);
#6082=LINE('',#7798,#7799);
#6083=VERTEX_POINT('',#7800);
#6084=LINE('',#7801,#7802);
#6085=LINE('',#7803,#7804);
#6086=VERTEX_POINT('',#7805);
#6087=LINE('',#7806,#7807);
#6088=VERTEX_POINT('',#7808);
#6089=LINE('',#7809,#7810);
#6090=LINE('',#7811,#7812);
#6091=VERTEX_POINT('',#7813);
#6092=LINE('',#7814,#7815);
#6093=VERTEX_POINT('',#7816);
#6094=LINE('',#7817,#7818);
#6095=VERTEX_POINT('',#7819);
#6096=LINE('',#7820,#7821);
#6097=VERTEX_POINT('',#7822);
#6098=LINE('',#7823,#7824);
#6099=VERTEX_POINT('',#7825);
#6100=LINE('',#7826,#7827);
#6101=LINE('',#7828,#7829);
#6102=VERTEX_POINT('',#7830);
#6103=VERTEX_POINT('',#7831);
#6104=LINE('',#7832,#7833);
#6105=VERTEX_POINT('',#7834);
#6106=LINE('',#7835,#7836);
#6107=VERTEX_POINT('',#7837);
#6108=LINE('',#7838,#7839);
#6109=VERTEX_POINT('',#7840);
#6110=LINE('',#7841,#7842);
#6111=VERTEX_POINT('',#7843);
#6112=LINE('',#7844,#7845);
#6113=VERTEX_POINT('',#7846);
#6114=LINE('',#7847,#7848);
#6115=LINE('',#7849,#7850);
#6116=VERTEX_POINT('',#7851);
#6117=LINE('',#7852,#7853);
#6118=LINE('',#7854,#7855);
#6119=LINE('',#7856,#7857);
#6120=VERTEX_POINT('',#7858);
#6121=LINE('',#7859,#7860);
#6122=VERTEX_POINT('',#7861);
#6123=LINE('',#7862,#7863);
#6124=VERTEX_POINT('',#7864);
#6125=LINE('',#7865,#7866);
#6126=VERTEX_POINT('',#7867);
#6127=LINE('',#7868,#7869);
#6128=LINE('',#7870,#7871);
#6129=LINE('',#7872,#7873);
#6130=LINE('',#7874,#7875);
#6131=LINE('',#7876,#7877);
#6132=LINE('',#7878,#7879);
#6133=VERTEX_POINT('',#7880);
#6134=LINE('',#7881,#7882);
#6135=LINE('',#7883,#7884);
#6136=VERTEX_POINT('',#7885);
#6137=LINE('',#7886,#7887);
#6138=LINE('',#7888,#7889);
#6139=VERTEX_POINT('',#7890);
#6140=VERTEX_POINT('',#7891);
#6141=LINE('',#7892,#7893);
#6142=VERTEX_POINT('',#7894);
#6143=LINE('',#7895,#7896);
#6144=VERTEX_POINT('',#7897);
#6145=LINE('',#7898,#7899);
#6146=VERTEX_POINT('',#7900);
#6147=LINE('',#7901,#7902);
#6148=LINE('',#7903,#7904);
#6149=VERTEX_POINT('',#7905);
#6150=VERTEX_POINT('',#7906);
#6151=LINE('',#7907,#7908);
#6152=VERTEX_POINT('',#7909);
#6153=LINE('',#7910,#7911);
#6154=VERTEX_POINT('',#7912);
#6155=LINE('',#7913,#7914);
#6156=VERTEX_POINT('',#7915);
#6157=LINE('',#7916,#7917);
#6158=LINE('',#7918,#7919);
#6159=VERTEX_POINT('',#7920);
#6160=VERTEX_POINT('',#7921);
#6161=LINE('',#7922,#7923);
#6162=VERTEX_POINT('',#7924);
#6163=LINE('',#7925,#7926);
#6164=VERTEX_POINT('',#7927);
#6165=LINE('',#7928,#7929);
#6166=VERTEX_POINT('',#7930);
#6167=LINE('',#7931,#7932);
#6168=LINE('',#7933,#7934);
#6169=VERTEX_POINT('',#7935);
#6170=VERTEX_POINT('',#7936);
#6171=LINE('',#7937,#7938);
#6172=VERTEX_POINT('',#7939);
#6173=LINE('',#7940,#7941);
#6174=VERTEX_POINT('',#7942);
#6175=LINE('',#7943,#7944);
#6176=VERTEX_POINT('',#7945);
#6177=LINE('',#7946,#7947);
#6178=LINE('',#7948,#7949);
#6179=VERTEX_POINT('',#7950);
#6180=VERTEX_POINT('',#7951);
#6181=LINE('',#7952,#7953);
#6182=VERTEX_POINT('',#7954);
#6183=LINE('',#7955,#7956);
#6184=VERTEX_POINT('',#7957);
#6185=LINE('',#7958,#7959);
#6186=VERTEX_POINT('',#7960);
#6187=LINE('',#7961,#7962);
#6188=LINE('',#7963,#7964);
#6189=VERTEX_POINT('',#7965);
#6190=VERTEX_POINT('',#7966);
#6191=LINE('',#7967,#7968);
#6192=VERTEX_POINT('',#7969);
#6193=LINE('',#7970,#7971);
#6194=VERTEX_POINT('',#7972);
#6195=LINE('',#7973,#7974);
#6196=VERTEX_POINT('',#7975);
#6197=LINE('',#7976,#7977);
#6198=LINE('',#7978,#7979);
#6199=VERTEX_POINT('',#7980);
#6200=VERTEX_POINT('',#7981);
#6201=LINE('',#7982,#7983);
#6202=VERTEX_POINT('',#7984);
#6203=LINE('',#7985,#7986);
#6204=VERTEX_POINT('',#7987);
#6205=LINE('',#7988,#7989);
#6206=VERTEX_POINT('',#7990);
#6207=LINE('',#7991,#7992);
#6208=LINE('',#7993,#7994);
#6209=VERTEX_POINT('',#7995);
#6210=VERTEX_POINT('',#7996);
#6211=LINE('',#7997,#7998);
#6212=VERTEX_POINT('',#7999);
#6213=LINE('',#8000,#8001);
#6214=VERTEX_POINT('',#8002);
#6215=LINE('',#8003,#8004);
#6216=LINE('',#8005,#8006);
#6217=VERTEX_POINT('',#8007);
#6218=VERTEX_POINT('',#8008);
#6219=LINE('',#8009,#8010);
#6220=VERTEX_POINT('',#8011);
#6221=LINE('',#8012,#8013);
#6222=VERTEX_POINT('',#8014);
#6223=LINE('',#8015,#8016);
#6224=VERTEX_POINT('',#8017);
#6225=LINE('',#8018,#8019);
#6226=VERTEX_POINT('',#8020);
#6227=LINE('',#8021,#8022);
#6228=VERTEX_POINT('',#8023);
#6229=LINE('',#8024,#8025);
#6230=VERTEX_POINT('',#8026);
#6231=LINE('',#8027,#8028);
#6232=VERTEX_POINT('',#8029);
#6233=LINE('',#8030,#8031);
#6234=VERTEX_POINT('',#8032);
#6235=LINE('',#8033,#8034);
#6236=VERTEX_POINT('',#8035);
#6237=LINE('',#8036,#8037);
#6238=VERTEX_POINT('',#8038);
#6239=LINE('',#8039,#8040);
#6240=VERTEX_POINT('',#8041);
#6241=LINE('',#8042,#8043);
#6242=VERTEX_POINT('',#8044);
#6243=LINE('',#8045,#8046);
#6244=VERTEX_POINT('',#8047);
#6245=LINE('',#8048,#8049);
#6246=VERTEX_POINT('',#8050);
#6247=LINE('',#8051,#8052);
#6248=VERTEX_POINT('',#8053);
#6249=LINE('',#8054,#8055);
#6250=VERTEX_POINT('',#8056);
#6251=LINE('',#8057,#8058);
#6252=VERTEX_POINT('',#8059);
#6253=LINE('',#8060,#8061);
#6254=LINE('',#8062,#8063);
#6255=VERTEX_POINT('',#8064);
#6256=LINE('',#8065,#8066);
#6257=VERTEX_POINT('',#8067);
#6258=LINE('',#8068,#8069);
#6259=VERTEX_POINT('',#8070);
#6260=LINE('',#8071,#8072);
#6261=VERTEX_POINT('',#8073);
#6262=LINE('',#8074,#8075);
#6263=LINE('',#8076,#8077);
#6264=VERTEX_POINT('',#8078);
#6265=VERTEX_POINT('',#8079);
#6266=LINE('',#8080,#8081);
#6267=VERTEX_POINT('',#8082);
#6268=LINE('',#8083,#8084);
#6269=VERTEX_POINT('',#8085);
#6270=LINE('',#8086,#8087);
#6271=LINE('',#8088,#8089);
#6272=VERTEX_POINT('',#8090);
#6273=VERTEX_POINT('',#8091);
#6274=LINE('',#8092,#8093);
#6275=VERTEX_POINT('',#8094);
#6276=LINE('',#8095,#8096);
#6277=VERTEX_POINT('',#8097);
#6278=LINE('',#8098,#8099);
#6279=LINE('',#8100,#8101);
#6280=VERTEX_POINT('',#8102);
#6281=LINE('',#8103,#8104);
#6282=VERTEX_POINT('',#8105);
#6283=LINE('',#8106,#8107);
#6284=LINE('',#8108,#8109);
#6285=VERTEX_POINT('',#8110);
#6286=LINE('',#8111,#8112);
#6287=VERTEX_POINT('',#8113);
#6288=LINE('',#8114,#8115);
#6289=LINE('',#8116,#8117);
#6290=VERTEX_POINT('',#8118);
#6291=LINE('',#8119,#8120);
#6292=LINE('',#8121,#8122);
#6293=VERTEX_POINT('',#8123);
#6294=LINE('',#8124,#8125);
#6295=LINE('',#8126,#8127);
#6296=VERTEX_POINT('',#8128);
#6297=LINE('',#8129,#8130);
#6298=VERTEX_POINT('',#8131);
#6299=LINE('',#8132,#8133);
#6300=LINE('',#8134,#8135);
#6301=LINE('',#8136,#8137);
#6302=LINE('',#8138,#8139);
#6303=LINE('',#8140,#8141);
#6304=VERTEX_POINT('',#8142);
#6305=VERTEX_POINT('',#8143);
#6306=LINE('',#8144,#8145);
#6307=VERTEX_POINT('',#8146);
#6308=LINE('',#8147,#8148);
#6309=LINE('',#8149,#8150);
#6310=VERTEX_POINT('',#8151);
#6311=LINE('',#8152,#8153);
#6312=LINE('',#8154,#8155);
#6313=VERTEX_POINT('',#8156);
#6314=VERTEX_POINT('',#8157);
#6315=LINE('',#8158,#8159);
#6316=VERTEX_POINT('',#8160);
#6317=LINE('',#8161,#8162);
#6318=VERTEX_POINT('',#8163);
#6319=LINE('',#8164,#8165);
#6320=LINE('',#8166,#8167);
#6321=VERTEX_POINT('',#8168);
#6322=VERTEX_POINT('',#8169);
#6323=LINE('',#8170,#8171);
#6324=VERTEX_POINT('',#8172);
#6325=LINE('',#8173,#8174);
#6326=VERTEX_POINT('',#8175);
#6327=LINE('',#8176,#8177);
#6328=LINE('',#8178,#8179);
#6329=VERTEX_POINT('',#8180);
#6330=VERTEX_POINT('',#8181);
#6331=LINE('',#8182,#8183);
#6332=VERTEX_POINT('',#8184);
#6333=LINE('',#8185,#8186);
#6334=VERTEX_POINT('',#8187);
#6335=LINE('',#8188,#8189);
#6336=LINE('',#8190,#8191);
#6337=VERTEX_POINT('',#8192);
#6338=VERTEX_POINT('',#8193);
#6339=LINE('',#8194,#8195);
#6340=VERTEX_POINT('',#8196);
#6341=LINE('',#8197,#8198);
#6342=VERTEX_POINT('',#8199);
#6343=LINE('',#8200,#8201);
#6344=VERTEX_POINT('',#8202);
#6345=LINE('',#8203,#8204);
#6346=VERTEX_POINT('',#8205);
#6347=LINE('',#8206,#8207);
#6348=VERTEX_POINT('',#8208);
#6349=LINE('',#8209,#8210);
#6350=VERTEX_POINT('',#8211);
#6351=LINE('',#8212,#8213);
#6352=VERTEX_POINT('',#8214);
#6353=LINE('',#8215,#8216);
#6354=VERTEX_POINT('',#8217);
#6355=LINE('',#8218,#8219);
#6356=VERTEX_POINT('',#8220);
#6357=LINE('',#8221,#8222);
#6358=VERTEX_POINT('',#8223);
#6359=LINE('',#8224,#8225);
#6360=VERTEX_POINT('',#8226);
#6361=LINE('',#8227,#8228);
#6362=VERTEX_POINT('',#8229);
#6363=LINE('',#8230,#8231);
#6364=VERTEX_POINT('',#8232);
#6365=LINE('',#8233,#8234);
#6366=VERTEX_POINT('',#8235);
#6367=LINE('',#8236,#8237);
#6368=VERTEX_POINT('',#8238);
#6369=LINE('',#8239,#8240);
#6370=VERTEX_POINT('',#8241);
#6371=LINE('',#8242,#8243);
#6372=LINE('',#8244,#8245);
#6373=VERTEX_POINT('',#8246);
#6374=VERTEX_POINT('',#8247);
#6375=LINE('',#8248,#8249);
#6376=VERTEX_POINT('',#8250);
#6377=LINE('',#8251,#8252);
#6378=VERTEX_POINT('',#8253);
#6379=LINE('',#8254,#8255);
#6380=VERTEX_POINT('',#8256);
#6381=LINE('',#8257,#8258);
#6382=VERTEX_POINT('',#8259);
#6383=LINE('',#8260,#8261);
#6384=VERTEX_POINT('',#8262);
#6385=LINE('',#8263,#8264);
#6386=VERTEX_POINT('',#8265);
#6387=LINE('',#8266,#8267);
#6388=VERTEX_POINT('',#8268);
#6389=LINE('',#8269,#8270);
#6390=VERTEX_POINT('',#8271);
#6391=LINE('',#8272,#8273);
#6392=VERTEX_POINT('',#8274);
#6393=LINE('',#8275,#8276);
#6394=VERTEX_POINT('',#8277);
#6395=LINE('',#8278,#8279);
#6396=VERTEX_POINT('',#8280);
#6397=LINE('',#8281,#8282);
#6398=VERTEX_POINT('',#8283);
#6399=LINE('',#8284,#8285);
#6400=VERTEX_POINT('',#8286);
#6401=LINE('',#8287,#8288);
#6402=VERTEX_POINT('',#8289);
#6403=LINE('',#8290,#8291);
#6404=VERTEX_POINT('',#8292);
#6405=LINE('',#8293,#8294);
#6406=VERTEX_POINT('',#8295);
#6407=LINE('',#8296,#8297);
#6408=VERTEX_POINT('',#8298);
#6409=LINE('',#8299,#8300);
#6410=VERTEX_POINT('',#8301);
#6411=LINE('',#8302,#8303);
#6412=VERTEX_POINT('',#8304);
#6413=LINE('',#8305,#8306);
#6414=VERTEX_POINT('',#8307);
#6415=LINE('',#8308,#8309);
#6416=VERTEX_POINT('',#8310);
#6417=LINE('',#8311,#8312);
#6418=VERTEX_POINT('',#8313);
#6419=LINE('',#8314,#8315);
#6420=LINE('',#8316,#8317);
#6421=VERTEX_POINT('',#8318);
#6422=VERTEX_POINT('',#8319);
#6423=LINE('',#8320,#8321);
#6424=VERTEX_POINT('',#8322);
#6425=LINE('',#8323,#8324);
#6426=VERTEX_POINT('',#8325);
#6427=LINE('',#8326,#8327);
#6428=VERTEX_POINT('',#8328);
#6429=LINE('',#8329,#8330);
#6430=VERTEX_POINT('',#8331);
#6431=LINE('',#8332,#8333);
#6432=VERTEX_POINT('',#8334);
#6433=LINE('',#8335,#8336);
#6434=VERTEX_POINT('',#8337);
#6435=LINE('',#8338,#8339);
#6436=VERTEX_POINT('',#8340);
#6437=LINE('',#8341,#8342);
#6438=VERTEX_POINT('',#8343);
#6439=LINE('',#8344,#8345);
#6440=VERTEX_POINT('',#8346);
#6441=LINE('',#8347,#8348);
#6442=VERTEX_POINT('',#8349);
#6443=LINE('',#8350,#8351);
#6444=VERTEX_POINT('',#8352);
#6445=LINE('',#8353,#8354);
#6446=VERTEX_POINT('',#8355);
#6447=LINE('',#8356,#8357);
#6448=VERTEX_POINT('',#8358);
#6449=LINE('',#8359,#8360);
#6450=VERTEX_POINT('',#8361);
#6451=LINE('',#8362,#8363);
#6452=VERTEX_POINT('',#8364);
#6453=LINE('',#8365,#8366);
#6454=VERTEX_POINT('',#8367);
#6455=LINE('',#8368,#8369);
#6456=VERTEX_POINT('',#8370);
#6457=LINE('',#8371,#8372);
#6458=VERTEX_POINT('',#8373);
#6459=LINE('',#8374,#8375);
#6460=VERTEX_POINT('',#8376);
#6461=LINE('',#8377,#8378);
#6462=VERTEX_POINT('',#8379);
#6463=LINE('',#8380,#8381);
#6464=VERTEX_POINT('',#8382);
#6465=LINE('',#8383,#8384);
#6466=VERTEX_POINT('',#8385);
#6467=LINE('',#8386,#8387);
#6468=LINE('',#8388,#8389);
#6469=VERTEX_POINT('',#8390);
#6470=LINE('',#8391,#8392);
#6471=VERTEX_POINT('',#8393);
#6472=LINE('',#8394,#8395);
#6473=VERTEX_POINT('',#8396);
#6474=LINE('',#8397,#8398);
#6475=VERTEX_POINT('',#8399);
#6476=LINE('',#8400,#8401);
#6477=VERTEX_POINT('',#8402);
#6478=LINE('',#8403,#8404);
#6479=VERTEX_POINT('',#8405);
#6480=LINE('',#8406,#8407);
#6481=VERTEX_POINT('',#8408);
#6482=LINE('',#8409,#8410);
#6483=VERTEX_POINT('',#8411);
#6484=LINE('',#8412,#8413);
#6485=LINE('',#8414,#8415);
#6486=VERTEX_POINT('',#8416);
#6487=LINE('',#8417,#8418);
#6488=VERTEX_POINT('',#8419);
#6489=LINE('',#8420,#8421);
#6490=LINE('',#8422,#8423);
#6491=VERTEX_POINT('',#8424);
#6492=LINE('',#8425,#8426);
#6493=VERTEX_POINT('',#8427);
#6494=LINE('',#8428,#8429);
#6495=LINE('',#8430,#8431);
#6496=VERTEX_POINT('',#8432);
#6497=VERTEX_POINT('',#8433);
#6498=LINE('',#8434,#8435);
#6499=VERTEX_POINT('',#8436);
#6500=LINE('',#8437,#8438);
#6501=VERTEX_POINT('',#8439);
#6502=LINE('',#8440,#8441);
#6503=VERTEX_POINT('',#8442);
#6504=LINE('',#8443,#8444);
#6505=VERTEX_POINT('',#8445);
#6506=LINE('',#8446,#8447);
#6507=VERTEX_POINT('',#8448);
#6508=LINE('',#8449,#8450);
#6509=VERTEX_POINT('',#8451);
#6510=LINE('',#8452,#8453);
#6511=VERTEX_POINT('',#8454);
#6512=LINE('',#8455,#8456);
#6513=VERTEX_POINT('',#8457);
#6514=LINE('',#8458,#8459);
#6515=VERTEX_POINT('',#8460);
#6516=LINE('',#8461,#8462);
#6517=VERTEX_POINT('',#8463);
#6518=LINE('',#8464,#8465);
#6519=VERTEX_POINT('',#8466);
#6520=LINE('',#8467,#8468);
#6521=VERTEX_POINT('',#8469);
#6522=LINE('',#8470,#8471);
#6523=VERTEX_POINT('',#8472);
#6524=LINE('',#8473,#8474);
#6525=VERTEX_POINT('',#8475);
#6526=LINE('',#8476,#8477);
#6527=VERTEX_POINT('',#8478);
#6528=LINE('',#8479,#8480);
#6529=VERTEX_POINT('',#8481);
#6530=LINE('',#8482,#8483);
#6531=VERTEX_POINT('',#8484);
#6532=LINE('',#8485,#8486);
#6533=VERTEX_POINT('',#8487);
#6534=LINE('',#8488,#8489);
#6535=VERTEX_POINT('',#8490);
#6536=LINE('',#8491,#8492);
#6537=VERTEX_POINT('',#8493);
#6538=LINE('',#8494,#8495);
#6539=VERTEX_POINT('',#8496);
#6540=LINE('',#8497,#8498);
#6541=VERTEX_POINT('',#8499);
#6542=LINE('',#8500,#8501);
#6543=LINE('',#8502,#8503);
#6544=VERTEX_POINT('',#8504);
#6545=VERTEX_POINT('',#8505);
#6546=LINE('',#8506,#8507);
#6547=VERTEX_POINT('',#8508);
#6548=LINE('',#8509,#8510);
#6549=VERTEX_POINT('',#8511);
#6550=LINE('',#8512,#8513);
#6551=LINE('',#8514,#8515);
#6552=VERTEX_POINT('',#8516);
#6553=VERTEX_POINT('',#8517);
#6554=LINE('',#8518,#8519);
#6555=LINE('',#8520,#8521);
#6556=LINE('',#8522,#8523);
#6557=VERTEX_POINT('',#8524);
#6558=LINE('',#8525,#8526);
#6559=LINE('',#8527,#8528);
#6560=VERTEX_POINT('',#8529);
#6561=LINE('',#8530,#8531);
#6562=LINE('',#8532,#8533);
#6563=VERTEX_POINT('',#8534);
#6564=LINE('',#8535,#8536);
#6565=VERTEX_POINT('',#8537);
#6566=LINE('',#8538,#8539);
#6567=LINE('',#8540,#8541);
#6568=VERTEX_POINT('',#8542);
#6569=VERTEX_POINT('',#8543);
#6570=LINE('',#8544,#8545);
#6571=LINE('',#8546,#8547);
#6572=LINE('',#8548,#8549);
#6573=VERTEX_POINT('',#8550);
#6574=VERTEX_POINT('',#8551);
#6575=LINE('',#8552,#8553);
#6576=LINE('',#8554,#8555);
#6577=LINE('',#8556,#8557);
#6578=VERTEX_POINT('',#8558);
#6579=LINE('',#8559,#8560);
#6580=VERTEX_POINT('',#8561);
#6581=LINE('',#8562,#8563);
#6582=LINE('',#8564,#8565);
#6583=VERTEX_POINT('',#8566);
#6584=LINE('',#8567,#8568);
#6585=LINE('',#8569,#8570);
#6586=VERTEX_POINT('',#8571);
#6587=LINE('',#8572,#8573);
#6588=VERTEX_POINT('',#8574);
#6589=LINE('',#8575,#8576);
#6590=LINE('',#8577,#8578);
#6591=LINE('',#8579,#8580);
#6592=LINE('',#8581,#8582);
#6593=LINE('',#8583,#8584);
#6594=VERTEX_POINT('',#8585);
#6595=LINE('',#8586,#8587);
#6596=LINE('',#8588,#8589);
#6597=LINE('',#8590,#8591);
#6598=LINE('',#8592,#8593);
#6599=VERTEX_POINT('',#8594);
#6600=LINE('',#8595,#8596);
#6601=VERTEX_POINT('',#8597);
#6602=LINE('',#8598,#8599);
#6603=VERTEX_POINT('',#8600);
#6604=LINE('',#8601,#8602);
#6605=VERTEX_POINT('',#8603);
#6606=LINE('',#8604,#8605);
#6607=LINE('',#8606,#8607);
#6608=VERTEX_POINT('',#8608);
#6609=LINE('',#8609,#8610);
#6610=VERTEX_POINT('',#8611);
#6611=LINE('',#8612,#8613);
#6612=VERTEX_POINT('',#8614);
#6613=LINE('',#8615,#8616);
#6614=VERTEX_POINT('',#8617);
#6615=LINE('',#8618,#8619);
#6616=VERTEX_POINT('',#8620);
#6617=LINE('',#8621,#8622);
#6618=VERTEX_POINT('',#8623);
#6619=LINE('',#8624,#8625);
#6620=VERTEX_POINT('',#8626);
#6621=LINE('',#8627,#8628);
#6622=VERTEX_POINT('',#8629);
#6623=LINE('',#8630,#8631);
#6624=VERTEX_POINT('',#8632);
#6625=LINE('',#8633,#8634);
#6626=VERTEX_POINT('',#8635);
#6627=LINE('',#8636,#8637);
#6628=LINE('',#8638,#8639);
#6629=VERTEX_POINT('',#8640);
#6630=LINE('',#8641,#8642);
#6631=LINE('',#8643,#8644);
#6632=VERTEX_POINT('',#8645);
#6633=LINE('',#8646,#8647);
#6634=VERTEX_POINT('',#8648);
#6635=LINE('',#8649,#8650);
#6636=LINE('',#8651,#8652);
#6637=VERTEX_POINT('',#8653);
#6638=LINE('',#8654,#8655);
#6639=VERTEX_POINT('',#8656);
#6640=LINE('',#8657,#8658);
#6641=LINE('',#8659,#8660);
#6642=VERTEX_POINT('',#8661);
#6643=LINE('',#8662,#8663);
#6644=LINE('',#8664,#8665);
#6645=VERTEX_POINT('',#8666);
#6646=VERTEX_POINT('',#8667);
#6647=LINE('',#8668,#8669);
#6648=VERTEX_POINT('',#8670);
#6649=LINE('',#8671,#8672);
#6650=VERTEX_POINT('',#8673);
#6651=LINE('',#8674,#8675);
#6652=LINE('',#8676,#8677);
#6653=VERTEX_POINT('',#8678);
#6654=LINE('',#8679,#8680);
#6655=LINE('',#8681,#8682);
#6656=VERTEX_POINT('',#8683);
#6657=VERTEX_POINT('',#8684);
#6658=LINE('',#8685,#8686);
#6659=VERTEX_POINT('',#8687);
#6660=LINE('',#8688,#8689);
#6661=VERTEX_POINT('',#8690);
#6662=LINE('',#8691,#8692);
#6663=LINE('',#8693,#8694);
#6664=VERTEX_POINT('',#8695);
#6665=LINE('',#8696,#8697);
#6666=VERTEX_POINT('',#8698);
#6667=LINE('',#8699,#8700);
#6668=LINE('',#8701,#8702);
#6669=VERTEX_POINT('',#8703);
#6670=LINE('',#8704,#8705);
#6671=VERTEX_POINT('',#8706);
#6672=CIRCLE('',#8707,1.52);
#6673=VERTEX_POINT('',#8708);
#6674=LINE('',#8709,#8710);
#6675=VERTEX_POINT('',#8711);
#6676=LINE('',#8712,#8713);
#6677=VERTEX_POINT('',#8714);
#6678=LINE('',#8715,#8716);
#6679=VERTEX_POINT('',#8717);
#6680=LINE('',#8718,#8719);
#6681=VERTEX_POINT('',#8720);
#6682=LINE('',#8721,#8722);
#6683=CIRCLE('',#8723,1.52);
#6684=VERTEX_POINT('',#8724);
#6685=LINE('',#8725,#8726);
#6686=LINE('',#8727,#8728);
#6687=VERTEX_POINT('',#8729);
#6688=VERTEX_POINT('',#8730);
#6689=LINE('',#8731,#8732);
#6690=LINE('',#8733,#8734);
#6691=LINE('',#8735,#8736);
#6692=VERTEX_POINT('',#8737);
#6693=VERTEX_POINT('',#8738);
#6694=LINE('',#8739,#8740);
#6695=VERTEX_POINT('',#8741);
#6696=LINE('',#8742,#8743);
#6697=VERTEX_POINT('',#8744);
#6698=LINE('',#8745,#8746);
#6699=LINE('',#8747,#8748);
#6700=VERTEX_POINT('',#8749);
#6701=LINE('',#8750,#8751);
#6702=VERTEX_POINT('',#8752);
#6703=LINE('',#8753,#8754);
#6704=VERTEX_POINT('',#8755);
#6705=CIRCLE('',#8756,1.52);
#6706=VERTEX_POINT('',#8757);
#6707=LINE('',#8758,#8759);
#6708=VERTEX_POINT('',#8760);
#6709=LINE('',#8761,#8762);
#6710=VERTEX_POINT('',#8763);
#6711=LINE('',#8764,#8765);
#6712=VERTEX_POINT('',#8766);
#6713=LINE('',#8767,#8768);
#6714=VERTEX_POINT('',#8769);
#6715=LINE('',#8770,#8771);
#6716=CIRCLE('',#8772,1.52);
#6717=VERTEX_POINT('',#8773);
#6718=LINE('',#8774,#8775);
#6719=LINE('',#8776,#8777);
#6720=LINE('',#8778,#8779);
#6721=VERTEX_POINT('',#8780);
#6722=LINE('',#8781,#8782);
#6723=LINE('',#8783,#8784);
#6724=LINE('',#8785,#8786);
#6725=LINE('',#8787,#8788);
#6726=LINE('',#8789,#8790);
#6727=LINE('',#8791,#8792);
#6728=LINE('',#8793,#8794);
#6729=VERTEX_POINT('',#8795);
#6730=LINE('',#8796,#8797);
#6731=VERTEX_POINT('',#8798);
#6732=LINE('',#8799,#8800);
#6733=LINE('',#8801,#8802);
#6734=VERTEX_POINT('',#8803);
#6735=LINE('',#8804,#8805);
#6736=LINE('',#8806,#8807);
#6737=VERTEX_POINT('',#8808);
#6738=VERTEX_POINT('',#8809);
#6739=LINE('',#8810,#8811);
#6740=VERTEX_POINT('',#8812);
#6741=LINE('',#8813,#8814);
#6742=VERTEX_POINT('',#8815);
#6743=LINE('',#8816,#8817);
#6744=VERTEX_POINT('',#8818);
#6745=LINE('',#8819,#8820);
#6746=LINE('',#8821,#8822);
#6747=VERTEX_POINT('',#8823);
#6748=VERTEX_POINT('',#8824);
#6749=LINE('',#8825,#8826);
#6750=VERTEX_POINT('',#8827);
#6751=LINE('',#8828,#8829);
#6752=VERTEX_POINT('',#8830);
#6753=LINE('',#8831,#8832);
#6754=LINE('',#8833,#8834);
#6755=VERTEX_POINT('',#8835);
#6756=VERTEX_POINT('',#8836);
#6757=LINE('',#8837,#8838);
#6758=VERTEX_POINT('',#8839);
#6759=LINE('',#8840,#8841);
#6760=VERTEX_POINT('',#8842);
#6761=LINE('',#8843,#8844);
#6762=VERTEX_POINT('',#8845);
#6763=LINE('',#8846,#8847);
#6764=LINE('',#8848,#8849);
#6765=VERTEX_POINT('',#8850);
#6766=VERTEX_POINT('',#8851);
#6767=LINE('',#8852,#8853);
#6768=VERTEX_POINT('',#8854);
#6769=LINE('',#8855,#8856);
#6770=VERTEX_POINT('',#8857);
#6771=LINE('',#8858,#8859);
#6772=LINE('',#8860,#8861);
#6773=VERTEX_POINT('',#8862);
#6774=VERTEX_POINT('',#8863);
#6775=LINE('',#8864,#8865);
#6776=VERTEX_POINT('',#8866);
#6777=LINE('',#8867,#8868);
#6778=VERTEX_POINT('',#8869);
#6779=LINE('',#8870,#8871);
#6780=VERTEX_POINT('',#8872);
#6781=LINE('',#8873,#8874);
#6782=LINE('',#8875,#8876);
#6783=VERTEX_POINT('',#8877);
#6784=VERTEX_POINT('',#8878);
#6785=LINE('',#8879,#8880);
#6786=VERTEX_POINT('',#8881);
#6787=LINE('',#8882,#8883);
#6788=VERTEX_POINT('',#8884);
#6789=LINE('',#8885,#8886);
#6790=LINE('',#8887,#8888);
#6791=VERTEX_POINT('',#8889);
#6792=VERTEX_POINT('',#8890);
#6793=LINE('',#8891,#8892);
#6794=VERTEX_POINT('',#8893);
#6795=LINE('',#8894,#8895);
#6796=VERTEX_POINT('',#8896);
#6797=LINE('',#8897,#8898);
#6798=VERTEX_POINT('',#8899);
#6799=LINE('',#8900,#8901);
#6800=LINE('',#8902,#8903);
#6801=VERTEX_POINT('',#8904);
#6802=VERTEX_POINT('',#8905);
#6803=LINE('',#8906,#8907);
#6804=VERTEX_POINT('',#8908);
#6805=LINE('',#8909,#8910);
#6806=VERTEX_POINT('',#8911);
#6807=LINE('',#8912,#8913);
#6808=LINE('',#8914,#8915);
#6809=VERTEX_POINT('',#8916);
#6810=VERTEX_POINT('',#8917);
#6811=LINE('',#8918,#8919);
#6812=VERTEX_POINT('',#8920);
#6813=LINE('',#8921,#8922);
#6814=VERTEX_POINT('',#8923);
#6815=LINE('',#8924,#8925);
#6816=VERTEX_POINT('',#8926);
#6817=LINE('',#8927,#8928);
#6818=LINE('',#8929,#8930);
#6819=VERTEX_POINT('',#8931);
#6820=VERTEX_POINT('',#8932);
#6821=LINE('',#8933,#8934);
#6822=VERTEX_POINT('',#8935);
#6823=LINE('',#8936,#8937);
#6824=VERTEX_POINT('',#8938);
#6825=LINE('',#8939,#8940);
#6826=LINE('',#8941,#8942);
#6827=VERTEX_POINT('',#8943);
#6828=VERTEX_POINT('',#8944);
#6829=LINE('',#8945,#8946);
#6830=VERTEX_POINT('',#8947);
#6831=LINE('',#8948,#8949);
#6832=VERTEX_POINT('',#8950);
#6833=LINE('',#8951,#8952);
#6834=VERTEX_POINT('',#8953);
#6835=LINE('',#8954,#8955);
#6836=LINE('',#8956,#8957);
#6837=VERTEX_POINT('',#8958);
#6838=VERTEX_POINT('',#8959);
#6839=LINE('',#8960,#8961);
#6840=VERTEX_POINT('',#8962);
#6841=LINE('',#8963,#8964);
#6842=VERTEX_POINT('',#8965);
#6843=LINE('',#8966,#8967);
#6844=LINE('',#8968,#8969);
#6845=VERTEX_POINT('',#8970);
#6846=VERTEX_POINT('',#8971);
#6847=LINE('',#8972,#8973);
#6848=VERTEX_POINT('',#8974);
#6849=LINE('',#8975,#8976);
#6850=VERTEX_POINT('',#8977);
#6851=LINE('',#8978,#8979);
#6852=VERTEX_POINT('',#8980);
#6853=LINE('',#8981,#8982);
#6854=LINE('',#8983,#8984);
#6855=VERTEX_POINT('',#8985);
#6856=LINE('',#8986,#8987);
#6857=LINE('',#8988,#8989);
#6858=VERTEX_POINT('',#8990);
#6859=VERTEX_POINT('',#8991);
#6860=LINE('',#8992,#8993);
#6861=VERTEX_POINT('',#8994);
#6862=LINE('',#8995,#8996);
#6863=VERTEX_POINT('',#8997);
#6864=LINE('',#8998,#8999);
#6865=LINE('',#9000,#9001);
#6866=VERTEX_POINT('',#9002);
#6867=LINE('',#9003,#9004);
#6868=LINE('',#9005,#9006);
#6869=LINE('',#9007,#9008);
#6870=LINE('',#9009,#9010);
#6871=LINE('',#9011,#9012);
#6872=LINE('',#9013,#9014);
#6873=LINE('',#9015,#9016);
#6874=LINE('',#9017,#9018);
#6875=LINE('',#9019,#9020);
#6876=LINE('',#9021,#9022);
#6877=LINE('',#9023,#9024);
#6878=LINE('',#9025,#9026);
#6879=LINE('',#9027,#9028);
#6880=LINE('',#9029,#9030);
#6881=LINE('',#9031,#9032);
#6882=LINE('',#9033,#9034);
#6883=LINE('',#9035,#9036);
#6884=LINE('',#9037,#9038);
#6885=LINE('',#9039,#9040);
#6886=LINE('',#9041,#9042);
#6887=LINE('',#9043,#9044);
#6888=LINE('',#9045,#9046);
#6889=LINE('',#9047,#9048);
#6890=LINE('',#9049,#9050);
#6891=LINE('',#9051,#9052);
#6892=LINE('',#9053,#9054);
#6893=LINE('',#9055,#9056);
#6894=LINE('',#9057,#9058);
#6895=LINE('',#9059,#9060);
#6896=LINE('',#9061,#9062);
#6897=LINE('',#9063,#9064);
#6898=LINE('',#9065,#9066);
#6899=LINE('',#9067,#9068);
#6900=LINE('',#9069,#9070);
#6901=LINE('',#9071,#9072);
#6902=LINE('',#9073,#9074);
#6903=LINE('',#9075,#9076);
#6904=LINE('',#9077,#9078);
#6905=LINE('',#9079,#9080);
#6906=LINE('',#9081,#9082);
#6907=LINE('',#9083,#9084);
#6908=VERTEX_POINT('',#9085);
#6909=LINE('',#9086,#9087);
#6910=VERTEX_POINT('',#9088);
#6911=LINE('',#9089,#9090);
#6912=LINE('',#9091,#9092);
#6913=VERTEX_POINT('',#9093);
#6914=LINE('',#9094,#9095);
#6915=VERTEX_POINT('',#9096);
#6916=LINE('',#9097,#9098);
#6917=LINE('',#9099,#9100);
#6918=VERTEX_POINT('',#9101);
#6919=VERTEX_POINT('',#9102);
#6920=LINE('',#9103,#9104);
#6921=VERTEX_POINT('',#9105);
#6922=LINE('',#9106,#9107);
#6923=LINE('',#9108,#9109);
#6924=VERTEX_POINT('',#9110);
#6925=LINE('',#9111,#9112);
#6926=VERTEX_POINT('',#9113);
#6927=CIRCLE('',#9114,1.52);
#6928=VERTEX_POINT('',#9115);
#6929=LINE('',#9116,#9117);
#6930=VERTEX_POINT('',#9118);
#6931=LINE('',#9119,#9120);
#6932=VERTEX_POINT('',#9121);
#6933=LINE('',#9122,#9123);
#6934=VERTEX_POINT('',#9124);
#6935=LINE('',#9125,#9126);
#6936=VERTEX_POINT('',#9127);
#6937=LINE('',#9128,#9129);
#6938=CIRCLE('',#9130,1.52);
#6939=VERTEX_POINT('',#9131);
#6940=LINE('',#9132,#9133);
#6941=VERTEX_POINT('',#9134);
#6942=LINE('',#9135,#9136);
#6943=LINE('',#9137,#9138);
#6944=VERTEX_POINT('',#9139);
#6945=LINE('',#9140,#9141);
#6946=VERTEX_POINT('',#9142);
#6947=LINE('',#9143,#9144);
#6948=VERTEX_POINT('',#9145);
#6949=CIRCLE('',#9146,1.52);
#6950=VERTEX_POINT('',#9147);
#6951=LINE('',#9148,#9149);
#6952=VERTEX_POINT('',#9150);
#6953=LINE('',#9151,#9152);
#6954=VERTEX_POINT('',#9153);
#6955=LINE('',#9154,#9155);
#6956=VERTEX_POINT('',#9156);
#6957=LINE('',#9157,#9158);
#6958=VERTEX_POINT('',#9159);
#6959=LINE('',#9160,#9161);
#6960=CIRCLE('',#9162,1.52);
#6961=VERTEX_POINT('',#9163);
#6962=LINE('',#9164,#9165);
#6963=LINE('',#9166,#9167);
#6964=VERTEX_POINT('',#9168);
#6965=LINE('',#9169,#9170);
#6966=VERTEX_POINT('',#9171);
#6967=LINE('',#9172,#9173);
#6968=VERTEX_POINT('',#9174);
#6969=LINE('',#9175,#9176);
#6970=VERTEX_POINT('',#9177);
#6971=CIRCLE('',#9178,1.52);
#6972=VERTEX_POINT('',#9179);
#6973=LINE('',#9180,#9181);
#6974=VERTEX_POINT('',#9182);
#6975=LINE('',#9183,#9184);
#6976=VERTEX_POINT('',#9185);
#6977=LINE('',#9186,#9187);
#6978=VERTEX_POINT('',#9188);
#6979=LINE('',#9189,#9190);
#6980=VERTEX_POINT('',#9191);
#6981=LINE('',#9192,#9193);
#6982=VERTEX_POINT('',#9194);
#6983=CIRCLE('',#9195,1.52);
#6984=LINE('',#9196,#9197);
#6985=VERTEX_POINT('',#9198);
#6986=LINE('',#9199,#9200);
#6987=LINE('',#9201,#9202);
#6988=VERTEX_POINT('',#9203);
#6989=LINE('',#9204,#9205);
#6990=VERTEX_POINT('',#9206);
#6991=LINE('',#9207,#9208);
#6992=LINE('',#9209,#9210);
#6993=VERTEX_POINT('',#9211);
#6994=LINE('',#9212,#9213);
#6995=VERTEX_POINT('',#9214);
#6996=LINE('',#9215,#9216);
#6997=LINE('',#9217,#9218);
#6998=VERTEX_POINT('',#9219);
#6999=LINE('',#9220,#9221);
#7000=VERTEX_POINT('',#9222);
#7001=CIRCLE('',#9223,1.52);
#7002=VERTEX_POINT('',#9224);
#7003=LINE('',#9225,#9226);
#7004=VERTEX_POINT('',#9227);
#7005=LINE('',#9228,#9229);
#7006=VERTEX_POINT('',#9230);
#7007=LINE('',#9231,#9232);
#7008=VERTEX_POINT('',#9233);
#7009=LINE('',#9234,#9235);
#7010=VERTEX_POINT('',#9236);
#7011=LINE('',#9237,#9238);
#7012=VERTEX_POINT('',#9239);
#7013=CIRCLE('',#9240,1.52);
#7014=LINE('',#9241,#9242);
#7015=LINE('',#9243,#9244);
#7016=LINE('',#9245,#9246);
#7017=LINE('',#9247,#9248);
#7018=LINE('',#9249,#9250);
#7019=LINE('',#9251,#9252);
#7020=LINE('',#9253,#9254);
#7021=VERTEX_POINT('',#9255);
#7022=LINE('',#9256,#9257);
#7023=VERTEX_POINT('',#9258);
#7024=LINE('',#9259,#9260);
#7025=VERTEX_POINT('',#9261);
#7026=LINE('',#9262,#9263);
#7027=LINE('',#9264,#9265);
#7028=CIRCLE('',#9266,0.43);
#7029=VERTEX_POINT('',#9267);
#7030=LINE('',#9268,#9269);
#7031=VERTEX_POINT('',#9270);
#7032=LINE('',#9271,#9272);
#7033=VERTEX_POINT('',#9273);
#7034=LINE('',#9274,#9275);
#7035=LINE('',#9276,#9277);
#7036=VERTEX_POINT('',#9278);
#7037=LINE('',#9279,#9280);
#7038=VERTEX_POINT('',#9281);
#7039=LINE('',#9282,#9283);
#7040=VERTEX_POINT('',#9284);
#7041=LINE('',#9285,#9286);
#7042=VERTEX_POINT('',#9287);
#7043=LINE('',#9288,#9289);
#7044=VERTEX_POINT('',#9290);
#7045=LINE('',#9291,#9292);
#7046=VERTEX_POINT('',#9293);
#7047=LINE('',#9294,#9295);
#7048=LINE('',#9296,#9297);
#7049=VERTEX_POINT('',#9298);
#7050=LINE('',#9299,#9300);
#7051=VERTEX_POINT('',#9301);
#7052=LINE('',#9302,#9303);
#7053=VERTEX_POINT('',#9304);
#7054=LINE('',#9305,#9306);
#7055=VERTEX_POINT('',#9307);
#7056=LINE('',#9308,#9309);
#7057=LINE('',#9310,#9311);
#7058=CIRCLE('',#9312,0.43);
#7059=VERTEX_POINT('',#9313);
#7060=LINE('',#9314,#9315);
#7061=VERTEX_POINT('',#9316);
#7062=LINE('',#9317,#9318);
#7063=VERTEX_POINT('',#9319);
#7064=LINE('',#9320,#9321);
#7065=LINE('',#9322,#9323);
#7066=LINE('',#9324,#9325);
#7067=LINE('',#9326,#9327);
#7068=LINE('',#9328,#9329);
#7069=LINE('',#9330,#9331);
#7070=LINE('',#9332,#9333);
#7071=LINE('',#9334,#9335);
#7072=LINE('',#9336,#9337);
#7073=VERTEX_POINT('',#9338);
#7074=LINE('',#9339,#9340);
#7075=VERTEX_POINT('',#9341);
#7076=LINE('',#9342,#9343);
#7077=VERTEX_POINT('',#9344);
#7078=LINE('',#9345,#9346);
#7079=VERTEX_POINT('',#9347);
#7080=LINE('',#9348,#9349);
#7081=VERTEX_POINT('',#9350);
#7082=LINE('',#9351,#9352);
#7083=LINE('',#9353,#9354);
#7084=VERTEX_POINT('',#9355);
#7085=LINE('',#9356,#9357);
#7086=LINE('',#9358,#9359);
#7087=VERTEX_POINT('',#9360);
#7088=LINE('',#9361,#9362);
#7089=LINE('',#9363,#9364);
#7090=VERTEX_POINT('',#9365);
#7091=LINE('',#9366,#9367);
#7092=LINE('',#9368,#9369);
#7093=LINE('',#9370,#9371);
#7094=LINE('',#9372,#9373);
#7095=VERTEX_POINT('',#9374);
#7096=LINE('',#9375,#9376);
#7097=LINE('',#9377,#9378);
#7098=VERTEX_POINT('',#9379);
#7099=LINE('',#9380,#9381);
#7100=VERTEX_POINT('',#9382);
#7101=LINE('',#9383,#9384);
#7102=LINE('',#9385,#9386);
#7103=VERTEX_POINT('',#9387);
#7104=LINE('',#9388,#9389);
#7105=LINE('',#9390,#9391);
#7106=VERTEX_POINT('',#9392);
#7107=LINE('',#9393,#9394);
#7108=LINE('',#9395,#9396);
#7109=VERTEX_POINT('',#9397);
#7110=LINE('',#9398,#9399);
#7111=LINE('',#9400,#9401);
#7112=LINE('',#9402,#9403);
#7113=LINE('',#9404,#9405);
#7114=LINE('',#9406,#9407);
#7115=VERTEX_POINT('',#9408);
#7116=LINE('',#9409,#9410);
#7117=VERTEX_POINT('',#9411);
#7118=LINE('',#9412,#9413);
#7119=LINE('',#9414,#9415);
#7120=LINE('',#9416,#9417);
#7121=VERTEX_POINT('',#9418);
#7122=LINE('',#9419,#9420);
#7123=LINE('',#9421,#9422);
#7124=LINE('',#9423,#9424);
#7125=LINE('',#9425,#9426);
#7126=LINE('',#9427,#9428);
#7127=VERTEX_POINT('',#9429);
#7128=LINE('',#9430,#9431);
#7129=LINE('',#9432,#9433);
#7130=VERTEX_POINT('',#9434);
#7131=LINE('',#9435,#9436);
#7132=VERTEX_POINT('',#9437);
#7133=LINE('',#9438,#9439);
#7134=LINE('',#9440,#9441);
#7135=VERTEX_POINT('',#9442);
#7136=LINE('',#9443,#9444);
#7137=LINE('',#9445,#9446);
#7138=LINE('',#9447,#9448);
#7139=VERTEX_POINT('',#9449);
#7140=LINE('',#9450,#9451);
#7141=LINE('',#9452,#9453);
#7142=VERTEX_POINT('',#9454);
#7143=LINE('',#9455,#9456);
#7144=VERTEX_POINT('',#9457);
#7145=LINE('',#9458,#9459);
#7146=LINE('',#9460,#9461);
#7147=VERTEX_POINT('',#9462);
#7148=LINE('',#9463,#9464);
#7149=VERTEX_POINT('',#9465);
#7150=LINE('',#9466,#9467);
#7151=VERTEX_POINT('',#9468);
#7152=LINE('',#9469,#9470);
#7153=CIRCLE('',#9471,0.75);
#7154=VERTEX_POINT('',#9472);
#7155=LINE('',#9473,#9474);
#7156=CIRCLE('',#9475,0.75);
#7157=VERTEX_POINT('',#9476);
#7158=LINE('',#9477,#9478);
#7159=VERTEX_POINT('',#9479);
#7160=LINE('',#9480,#9481);
#7161=LINE('',#9482,#9483);
#7162=LINE('',#9484,#9485);
#7163=LINE('',#9486,#9487);
#7164=LINE('',#9488,#9489);
#7165=LINE('',#9490,#9491);
#7166=LINE('',#9492,#9493);
#7167=VERTEX_POINT('',#9494);
#7168=LINE('',#9495,#9496);
#7169=VERTEX_POINT('',#9497);
#7170=LINE('',#9498,#9499);
#7171=LINE('',#9500,#9501);
#7172=LINE('',#9502,#9503);
#7173=VERTEX_POINT('',#9504);
#7174=LINE('',#9505,#9506);
#7175=LINE('',#9507,#9508);
#7176=VERTEX_POINT('',#9509);
#7177=LINE('',#9510,#9511);
#7178=LINE('',#9512,#9513);
#7179=LINE('',#9514,#9515);
#7180=LINE('',#9516,#9517);
#7181=VERTEX_POINT('',#9518);
#7182=LINE('',#9519,#9520);
#7183=LINE('',#9521,#9522);
#7184=VERTEX_POINT('',#9523);
#7185=LINE('',#9524,#9525);
#7186=LINE('',#9526,#9527);
#7187=VERTEX_POINT('',#9528);
#7188=VERTEX_POINT('',#9529);
#7189=LINE('',#9530,#9531);
#7190=LINE('',#9532,#9533);
#7191=LINE('',#9534,#9535);
#7192=VERTEX_POINT('',#9536);
#7193=LINE('',#9537,#9538);
#7194=VERTEX_POINT('',#9539);
#7195=LINE('',#9540,#9541);
#7196=LINE('',#9542,#9543);
#7197=VERTEX_POINT('',#9544);
#7198=LINE('',#9545,#9546);
#7199=VERTEX_POINT('',#9547);
#7200=LINE('',#9548,#9549);
#7201=LINE('',#9550,#9551);
#7202=VERTEX_POINT('',#9552);
#7203=LINE('',#9553,#9554);
#7204=VERTEX_POINT('',#9555);
#7205=LINE('',#9556,#9557);
#7206=VERTEX_POINT('',#9558);
#7207=LINE('',#9559,#9560);
#7208=LINE('',#9561,#9562);
#7209=LINE('',#9563,#9564);
#7210=VERTEX_POINT('',#9565);
#7211=LINE('',#9566,#9567);
#7212=VERTEX_POINT('',#9568);
#7213=LINE('',#9569,#9570);
#7214=LINE('',#9571,#9572);
#7215=VERTEX_POINT('',#9573);
#7216=LINE('',#9574,#9575);
#7217=VERTEX_POINT('',#9576);
#7218=CIRCLE('',#9577,1.52);
#7219=VERTEX_POINT('',#9578);
#7220=LINE('',#9579,#9580);
#7221=VERTEX_POINT('',#9581);
#7222=LINE('',#9582,#9583);
#7223=VERTEX_POINT('',#9584);
#7224=LINE('',#9585,#9586);
#7225=VERTEX_POINT('',#9587);
#7226=LINE('',#9588,#9589);
#7227=VERTEX_POINT('',#9590);
#7228=LINE('',#9591,#9592);
#7229=VERTEX_POINT('',#9593);
#7230=CIRCLE('',#9594,1.52);
#7231=LINE('',#9595,#9596);
#7232=VERTEX_POINT('',#9597);
#7233=LINE('',#9598,#9599);
#7234=VERTEX_POINT('',#9600);
#7235=LINE('',#9601,#9602);
#7236=LINE('',#9603,#9604);
#7237=VERTEX_POINT('',#9605);
#7238=LINE('',#9606,#9607);
#7239=LINE('',#9608,#9609);
#7240=VERTEX_POINT('',#9610);
#7241=LINE('',#9611,#9612);
#7242=VERTEX_POINT('',#9613);
#7243=CIRCLE('',#9614,1.52);
#7244=VERTEX_POINT('',#9615);
#7245=LINE('',#9616,#9617);
#7246=VERTEX_POINT('',#9618);
#7247=LINE('',#9619,#9620);
#7248=VERTEX_POINT('',#9621);
#7249=LINE('',#9622,#9623);
#7250=VERTEX_POINT('',#9624);
#7251=LINE('',#9625,#9626);
#7252=VERTEX_POINT('',#9627);
#7253=LINE('',#9628,#9629);
#7254=CIRCLE('',#9630,1.52);
#7255=VERTEX_POINT('',#9631);
#7256=LINE('',#9632,#9633);
#7257=LINE('',#9634,#9635);
#7258=VERTEX_POINT('',#9636);
#7259=LINE('',#9637,#9638);
#7260=LINE('',#9639,#9640);
#7261=VERTEX_POINT('',#9641);
#7262=LINE('',#9642,#9643);
#7263=LINE('',#9644,#9645);
#7264=VERTEX_POINT('',#9646);
#7265=LINE('',#9647,#9648);
#7266=LINE('',#9649,#9650);
#7267=VERTEX_POINT('',#9651);
#7268=LINE('',#9652,#9653);
#7269=VERTEX_POINT('',#9654);
#7270=LINE('',#9655,#9656);
#7271=LINE('',#9657,#9658);
#7272=LINE('',#9659,#9660);
#7273=LINE('',#9661,#9662);
#7274=LINE('',#9663,#9664);
#7275=LINE('',#9665,#9666);
#7276=LINE('',#9667,#9668);
#7277=VERTEX_POINT('',#9669);
#7278=LINE('',#9670,#9671);
#7279=LINE('',#9672,#9673);
#7280=VERTEX_POINT('',#9674);
#7281=LINE('',#9675,#9676);
#7282=LINE('',#9677,#9678);
#7283=VERTEX_POINT('',#9679);
#7284=LINE('',#9680,#9681);
#7285=LINE('',#9682,#9683);
#7286=VERTEX_POINT('',#9684);
#7287=CIRCLE('',#9685,1.52);
#7288=VERTEX_POINT('',#9686);
#7289=LINE('',#9687,#9688);
#7290=VERTEX_POINT('',#9689);
#7291=LINE('',#9690,#9691);
#7292=VERTEX_POINT('',#9692);
#7293=LINE('',#9693,#9694);
#7294=VERTEX_POINT('',#9695);
#7295=LINE('',#9696,#9697);
#7296=VERTEX_POINT('',#9698);
#7297=LINE('',#9699,#9700);
#7298=VERTEX_POINT('',#9701);
#7299=CIRCLE('',#9702,1.52);
#7300=LINE('',#9703,#9704);
#7301=VERTEX_POINT('',#9705);
#7302=LINE('',#9706,#9707);
#7303=LINE('',#9708,#9709);
#7304=VERTEX_POINT('',#9710);
#7305=LINE('',#9711,#9712);
#7306=LINE('',#9713,#9714);
#7307=VERTEX_POINT('',#9715);
#7308=LINE('',#9716,#9717);
#7309=VERTEX_POINT('',#9718);
#7310=CIRCLE('',#9719,1.52);
#7311=VERTEX_POINT('',#9720);
#7312=LINE('',#9721,#9722);
#7313=VERTEX_POINT('',#9723);
#7314=LINE('',#9724,#9725);
#7315=VERTEX_POINT('',#9726);
#7316=LINE('',#9727,#9728);
#7317=VERTEX_POINT('',#9729);
#7318=LINE('',#9730,#9731);
#7319=VERTEX_POINT('',#9732);
#7320=LINE('',#9733,#9734);
#7321=CIRCLE('',#9735,1.52);
#7322=LINE('',#9736,#9737);
#7323=LINE('',#9738,#9739);
#7324=LINE('',#9740,#9741);
#7325=LINE('',#9742,#9743);
#7326=LINE('',#9744,#9745);
#7327=LINE('',#9746,#9747);
#7328=LINE('',#9748,#9749);
#7329=LINE('',#9750,#9751);
#7330=LINE('',#9752,#9753);
#7331=LINE('',#9754,#9755);
#7332=LINE('',#9756,#9757);
#7333=LINE('',#9758,#9759);
#7334=LINE('',#9760,#9761);
#7335=LINE('',#9762,#9763);
#7336=LINE('',#9764,#9765);
#7337=LINE('',#9766,#9767);
#7338=LINE('',#9768,#9769);
#7339=VERTEX_POINT('',#9770);
#7340=LINE('',#9771,#9772);
#7341=LINE('',#9773,#9774);
#7342=VERTEX_POINT('',#9775);
#7343=LINE('',#9776,#9777);
#7344=LINE('',#9778,#9779);
#7345=VERTEX_POINT('',#9780);
#7346=VERTEX_POINT('',#9781);
#7347=LINE('',#9782,#9783);
#7348=LINE('',#9784,#9785);
#7349=LINE('',#9786,#9787);
#7350=VERTEX_POINT('',#9788);
#7351=LINE('',#9789,#9790);
#7352=VERTEX_POINT('',#9791);
#7353=LINE('',#9792,#9793);
#7354=LINE('',#9794,#9795);
#7355=VERTEX_POINT('',#9796);
#7356=LINE('',#9797,#9798);
#7357=VERTEX_POINT('',#9799);
#7358=LINE('',#9800,#9801);
#7359=LINE('',#9802,#9803);
#7360=VERTEX_POINT('',#9804);
#7361=LINE('',#9805,#9806);
#7362=VERTEX_POINT('',#9807);
#7363=LINE('',#9808,#9809);
#7364=VERTEX_POINT('',#9810);
#7365=LINE('',#9811,#9812);
#7366=LINE('',#9813,#9814);
#7367=LINE('',#9815,#9816);
#7368=VERTEX_POINT('',#9817);
#7369=LINE('',#9818,#9819);
#7370=VERTEX_POINT('',#9820);
#7371=LINE('',#9821,#9822);
#7372=LINE('',#9823,#9824);
#7373=VERTEX_POINT('',#9825);
#7374=LINE('',#9826,#9827);
#7375=VERTEX_POINT('',#9828);
#7376=LINE('',#9829,#9830);
#7377=LINE('',#9831,#9832);
#7378=VERTEX_POINT('',#9833);
#7379=LINE('',#9834,#9835);
#7380=VERTEX_POINT('',#9836);
#7381=LINE('',#9837,#9838);
#7382=VERTEX_POINT('',#9839);
#7383=CIRCLE('',#9840,1.52);
#7384=VERTEX_POINT('',#9841);
#7385=LINE('',#9842,#9843);
#7386=VERTEX_POINT('',#9844);
#7387=LINE('',#9845,#9846);
#7388=VERTEX_POINT('',#9847);
#7389=LINE('',#9848,#9849);
#7390=VERTEX_POINT('',#9850);
#7391=LINE('',#9851,#9852);
#7392=VERTEX_POINT('',#9853);
#7393=LINE('',#9854,#9855);
#7394=CIRCLE('',#9856,1.52);
#7395=VERTEX_POINT('',#9857);
#7396=LINE('',#9858,#9859);
#7397=LINE('',#9860,#9861);
#7398=VERTEX_POINT('',#9862);
#7399=LINE('',#9863,#9864);
#7400=VERTEX_POINT('',#9865);
#7401=CIRCLE('',#9866,1.52);
#7402=VERTEX_POINT('',#9867);
#7403=LINE('',#9868,#9869);
#7404=VERTEX_POINT('',#9870);
#7405=LINE('',#9871,#9872);
#7406=VERTEX_POINT('',#9873);
#7407=LINE('',#9874,#9875);
#7408=VERTEX_POINT('',#9876);
#7409=LINE('',#9877,#9878);
#7410=VERTEX_POINT('',#9879);
#7411=LINE('',#9880,#9881);
#7412=CIRCLE('',#9882,1.52);
#7413=VERTEX_POINT('',#9883);
#7414=LINE('',#9884,#9885);
#7415=LINE('',#9886,#9887);
#7416=VERTEX_POINT('',#9888);
#7417=LINE('',#9889,#9890);
#7418=LINE('',#9891,#9892);
#7419=VERTEX_POINT('',#9893);
#7420=LINE('',#9894,#9895);
#7421=LINE('',#9896,#9897);
#7422=VERTEX_POINT('',#9898);
#7423=LINE('',#9899,#9900);
#7424=LINE('',#9901,#9902);
#7425=VERTEX_POINT('',#9903);
#7426=LINE('',#9904,#9905);
#7427=VERTEX_POINT('',#9906);
#7428=LINE('',#9907,#9908);
#7429=LINE('',#9909,#9910);
#7430=LINE('',#9911,#9912);
#7431=LINE('',#9913,#9914);
#7432=LINE('',#9915,#9916);
#7433=LINE('',#9917,#9918);
#7434=LINE('',#9919,#9920);
#7435=VERTEX_POINT('',#9921);
#7436=LINE('',#9922,#9923);
#7437=LINE('',#9924,#9925);
#7438=VERTEX_POINT('',#9926);
#7439=LINE('',#9927,#9928);
#7440=LINE('',#9929,#9930);
#7441=VERTEX_POINT('',#9931);
#7442=LINE('',#9932,#9933);
#7443=LINE('',#9934,#9935);
#7444=VERTEX_POINT('',#9936);
#7445=LINE('',#9937,#9938);
#7446=LINE('',#9939,#9940);
#7447=VERTEX_POINT('',#9941);
#7448=CIRCLE('',#9942,1.52);
#7449=VERTEX_POINT('',#9943);
#7450=LINE('',#9944,#9945);
#7451=VERTEX_POINT('',#9946);
#7452=LINE('',#9947,#9948);
#7453=VERTEX_POINT('',#9949);
#7454=LINE('',#9950,#9951);
#7455=VERTEX_POINT('',#9952);
#7456=LINE('',#9953,#9954);
#7457=VERTEX_POINT('',#9955);
#7458=LINE('',#9956,#9957);
#7459=VERTEX_POINT('',#9958);
#7460=CIRCLE('',#9959,1.52);
#7461=LINE('',#9960,#9961);
#7462=VERTEX_POINT('',#9962);
#7463=LINE('',#9963,#9964);
#7464=LINE('',#9965,#9966);
#7465=VERTEX_POINT('',#9967);
#7466=LINE('',#9968,#9969);
#7467=VERTEX_POINT('',#9970);
#7468=CIRCLE('',#9971,1.52);
#7469=VERTEX_POINT('',#9972);
#7470=LINE('',#9973,#9974);
#7471=VERTEX_POINT('',#9975);
#7472=LINE('',#9976,#9977);
#7473=VERTEX_POINT('',#9978);
#7474=LINE('',#9979,#9980);
#7475=VERTEX_POINT('',#9981);
#7476=LINE('',#9982,#9983);
#7477=VERTEX_POINT('',#9984);
#7478=LINE('',#9985,#9986);
#7479=CIRCLE('',#9987,1.52);
#7480=LINE('',#9988,#9989);
#7481=LINE('',#9990,#9991);
#7482=LINE('',#9992,#9993);
#7483=LINE('',#9994,#9995);
#7484=LINE('',#9996,#9997);
#7485=LINE('',#9998,#9999);
#7486=LINE('',#10000,#10001);
#7487=LINE('',#10002,#10003);
#7488=LINE('',#10004,#10005);
#7489=LINE('',#10006,#10007);
#7490=LINE('',#10008,#10009);
#7491=LINE('',#10010,#10011);
#7492=LINE('',#10012,#10013);
#7493=LINE('',#10014,#10015);
#7494=LINE('',#10016,#10017);
#7495=LINE('',#10018,#10019);
#7496=LINE('',#10020,#10021);
#7497=VERTEX_POINT('',#10022);
#7498=LINE('',#10023,#10024);
#7499=LINE('',#10025,#10026);
#7500=VERTEX_POINT('',#10027);
#7501=CIRCLE('',#10028,1.52);
#7502=VERTEX_POINT('',#10029);
#7503=LINE('',#10030,#10031);
#7504=VERTEX_POINT('',#10032);
#7505=LINE('',#10033,#10034);
#7506=VERTEX_POINT('',#10035);
#7507=LINE('',#10036,#10037);
#7508=VERTEX_POINT('',#10038);
#7509=LINE('',#10039,#10040);
#7510=VERTEX_POINT('',#10041);
#7511=LINE('',#10042,#10043);
#7512=VERTEX_POINT('',#10044);
#7513=CIRCLE('',#10045,1.52);
#7514=LINE('',#10046,#10047);
#7515=VERTEX_POINT('',#10048);
#7516=LINE('',#10049,#10050);
#7517=LINE('',#10051,#10052);
#7518=VERTEX_POINT('',#10053);
#7519=LINE('',#10054,#10055);
#7520=LINE('',#10056,#10057);
#7521=VERTEX_POINT('',#10058);
#7522=LINE('',#10059,#10060);
#7523=VERTEX_POINT('',#10061);
#7524=CIRCLE('',#10062,1.52);
#7525=VERTEX_POINT('',#10063);
#7526=LINE('',#10064,#10065);
#7527=VERTEX_POINT('',#10066);
#7528=LINE('',#10067,#10068);
#7529=VERTEX_POINT('',#10069);
#7530=LINE('',#10070,#10071);
#7531=VERTEX_POINT('',#10072);
#7532=LINE('',#10073,#10074);
#7533=VERTEX_POINT('',#10075);
#7534=LINE('',#10076,#10077);
#7535=CIRCLE('',#10078,1.52);
#7536=LINE('',#10079,#10080);
#7537=LINE('',#10081,#10082);
#7538=LINE('',#10083,#10084);
#7539=LINE('',#10085,#10086);
#7540=LINE('',#10087,#10088);
#7541=LINE('',#10089,#10090);
#7542=LINE('',#10091,#10092);
#7543=LINE('',#10093,#10094);
#7544=LINE('',#10095,#10096);
#7545=LINE('',#10097,#10098);
#7546=LINE('',#10099,#10100);
#7547=LINE('',#10101,#10102);
#7548=LINE('',#10103,#10104);
#7549=LINE('',#10105,#10106);
#7550=LINE('',#10107,#10108);
#7551=LINE('',#10109,#10110);
#7552=LINE('',#10111,#10112);
#7553=CIRCLE('',#10113,0.43);
#7554=CIRCLE('',#10114,0.09999978572946);
#7555=CIRCLE('',#10115,0.09999978572946);
#7556=CIRCLE('',#10116,0.43);
#7557=LINE('',#10117,#10118);
#7558=LINE('',#10119,#10120);
#7559=LINE('',#10121,#10122);
#7560=LINE('',#10123,#10124);
#7561=LINE('',#10125,#10126);
#7562=LINE('',#10127,#10128);
#7563=LINE('',#10129,#10130);
#7564=LINE('',#10131,#10132);
#7565=LINE('',#10133,#10134);
#7566=LINE('',#10135,#10136);
#7567=LINE('',#10137,#10138);
#7568=LINE('',#10139,#10140);
#7569=LINE('',#10141,#10142);
#7570=LINE('',#10143,#10144);
#7571=LINE('',#10145,#10146);
#7572=LINE('',#10147,#10148);
#7573=LINE('',#10149,#10150);
#7574=VERTEX_POINT('',#10151);
#7575=LINE('',#10152,#10153);
#7576=VERTEX_POINT('',#10154);
#7577=LINE('',#10155,#10156);
#7578=LINE('',#10157,#10158);
#7579=VERTEX_POINT('',#10159);
#7580=LINE('',#10160,#10161);
#7581=LINE('',#10162,#10163);
#7582=VERTEX_POINT('',#10164);
#7583=LINE('',#10165,#10166);
#7584=LINE('',#10167,#10168);
#7585=VERTEX_POINT('',#10169);
#7586=LINE('',#10170,#10171);
#7587=LINE('',#10172,#10173);
#7588=VERTEX_POINT('',#10174);
#7589=LINE('',#10175,#10176);
#7590=LINE('',#10177,#10178);
#7591=VERTEX_POINT('',#10179);
#7592=LINE('',#10180,#10181);
#7593=LINE('',#10182,#10183);
#7594=LINE('',#10184,#10185);
#7595=LINE('',#10186,#10187);
#7596=LINE('',#10188,#10189);
#7597=LINE('',#10190,#10191);
#7598=LINE('',#10192,#10193);
#7599=LINE('',#10194,#10195);
#7600=CARTESIAN_POINT('',(7.07,2.47,-4.955));
#7601=CARTESIAN_POINT('',(7.07,2.47,-5.484999370236));
#7602=CARTESIAN_POINT('',(7.07,2.47,-4.955));
#7603=VECTOR('',#10196,1.0);
#7604=CARTESIAN_POINT('',(7.93,2.47,-4.955));
#7605=AXIS2_PLACEMENT_3D('',#10197,#10198,#10199);
#7606=CARTESIAN_POINT('',(7.93,2.47,-5.484999370236));
#7607=CARTESIAN_POINT('',(7.93,2.47,-4.955));
#7608=VECTOR('',#10200,0.43);
#7609=CARTESIAN_POINT('',(7.5,2.89999970738558,-5.4849990776224));
#7610=AXIS2_PLACEMENT_3D('',#10201,#10202,#10203);
#7611=AXIS2_PLACEMENT_3D('',#10204,#10205,#10206);
#7612=CARTESIAN_POINT('',(7.5,2.37000021427054,-5.814999931715));
#7613=CARTESIAN_POINT('',(7.5,2.04,-5.484999370236));
#7614=CARTESIAN_POINT('',(7.5,2.2049994628112,-5.649998714035));
#7615=VECTOR('',#10207,1.0);
#7616=CARTESIAN_POINT('',(7.5,2.56999978572928,-5.81499993171481));
#7617=AXIS2_PLACEMENT_3D('',#10208,#10209,#10210);
#7618=CARTESIAN_POINT('',(7.5,2.7350005371888,-5.649998714035));
#7619=VECTOR('',#10211,0.2650005371888);
#7620=AXIS2_PLACEMENT_3D('',#10212,#10213,#10214);
#7621=CARTESIAN_POINT('',(-7.5,2.37000021427054,-5.814999931715));
#7622=CARTESIAN_POINT('',(-7.5,2.04,-5.484999370236));
#7623=CARTESIAN_POINT('',(-7.5,2.2049994628112,-5.649998714035));
#7624=VECTOR('',#10215,1.0);
#7625=CARTESIAN_POINT('',(-7.5,2.56999978572928,-5.81499993171481));
#7626=AXIS2_PLACEMENT_3D('',#10216,#10217,#10218);
#7627=CARTESIAN_POINT('',(-7.5,2.89999970738558,-5.4849990776224));
#7628=CARTESIAN_POINT('',(-7.5,2.7350005371888,-5.649998714035));
#7629=VECTOR('',#10219,0.2650005371888);
#7630=CARTESIAN_POINT('',(-7.07,2.47,-5.484999370236));
#7631=AXIS2_PLACEMENT_3D('',#10220,#10221,#10222);
#7632=AXIS2_PLACEMENT_3D('',#10223,#10224,#10225);
#7633=CARTESIAN_POINT('',(-7.93,2.47,-4.955));
#7634=CARTESIAN_POINT('',(-7.93,2.47,-5.484999370236));
#7635=CARTESIAN_POINT('',(-7.93,2.47,-4.955));
#7636=VECTOR('',#10226,1.0);
#7637=CARTESIAN_POINT('',(-7.07,2.47,-4.955));
#7638=AXIS2_PLACEMENT_3D('',#10227,#10228,#10229);
#7639=CARTESIAN_POINT('',(-7.07,2.47,-4.955));
#7640=VECTOR('',#10230,0.43);
#7641=AXIS2_PLACEMENT_3D('',#10231,#10232,#10233);
#7642=CARTESIAN_POINT('',(0.7,3.68303496383825,1.8908943860848));
#7643=CARTESIAN_POINT('',(-0.7,3.68303496383825,1.8908943860848));
#7644=CARTESIAN_POINT('',(-0.7,3.68303496383825,1.8908943860848));
#7645=VECTOR('',#10234,1.0);
#7646=CARTESIAN_POINT('',(0.7,3.43,1.329177595493));
#7647=AXIS2_PLACEMENT_3D('',#10235,#10236,#10237);
#7648=CARTESIAN_POINT('',(-0.7,3.43,1.329177595493));
#7649=CARTESIAN_POINT('',(-0.7,3.43,1.329177595493));
#7650=VECTOR('',#10238,1.4);
#7651=AXIS2_PLACEMENT_3D('',#10239,#10240,#10241);
#7652=CARTESIAN_POINT('',(-7.825,-1.1,3.305));
#7653=CARTESIAN_POINT('',(-7.825,-1.1,-0.345));
#7654=CARTESIAN_POINT('',(-7.825,-1.1,3.305));
#7655=VECTOR('',#10242,3.65);
#7656=CARTESIAN_POINT('',(-7.825,-0.575,-0.345));
#7657=CARTESIAN_POINT('',(-7.825,-1.1,-0.345));
#7658=VECTOR('',#10243,0.525);
#7659=CARTESIAN_POINT('',(-7.825,-0.575,-2.845));
#7660=CARTESIAN_POINT('',(-7.825,-0.575,-0.345));
#7661=VECTOR('',#10244,2.5);
#7662=CARTESIAN_POINT('',(-7.825,0.575,-2.845));
#7663=CARTESIAN_POINT('',(-7.825,-0.575,-2.845));
#7664=VECTOR('',#10245,1.15);
#7665=CARTESIAN_POINT('',(-7.825,0.575,-0.345));
#7666=CARTESIAN_POINT('',(-7.825,0.575,-2.845));
#7667=VECTOR('',#10246,2.5);
#7668=CARTESIAN_POINT('',(-7.825,1.1,-0.345));
#7669=CARTESIAN_POINT('',(-7.825,0.575,-0.345));
#7670=VECTOR('',#10247,0.525);
#7671=CARTESIAN_POINT('',(-7.825,1.1,3.305));
#7672=CARTESIAN_POINT('',(-7.825,1.1,3.305));
#7673=VECTOR('',#10248,3.65);
#7674=CARTESIAN_POINT('',(-7.825,2.65,3.305));
#7675=CARTESIAN_POINT('',(-7.825,1.1,3.305));
#7676=VECTOR('',#10249,1.55);
#7677=CARTESIAN_POINT('',(-7.825,3.43,3.305));
#7678=CARTESIAN_POINT('',(-7.825,3.43,3.305));
#7679=VECTOR('',#10250,0.78);
#7680=CARTESIAN_POINT('',(-7.825,3.43,-3.355));
#7681=CARTESIAN_POINT('',(-7.825,3.43,-3.355));
#7682=VECTOR('',#10251,6.66);
#7683=CARTESIAN_POINT('',(-7.825,-3.05,-3.355));
#7684=CARTESIAN_POINT('',(-7.825,-3.05,-3.355));
#7685=VECTOR('',#10252,6.48);
#7686=CARTESIAN_POINT('',(-7.825,-3.05,3.305));
#7687=CARTESIAN_POINT('',(-7.825,-3.05,3.305));
#7688=VECTOR('',#10253,6.66);
#7689=CARTESIAN_POINT('',(-7.825,-2.45,3.305));
#7690=CARTESIAN_POINT('',(-7.825,-2.45,3.305));
#7691=VECTOR('',#10254,0.6);
#7692=CARTESIAN_POINT('',(-7.825,-2.45,3.305));
#7693=VECTOR('',#10255,1.35);
#7694=CARTESIAN_POINT('',(-6.425,-1.1,3.305));
#7695=CARTESIAN_POINT('',(-6.425,-1.1,-0.345));
#7696=CARTESIAN_POINT('',(-6.425,-1.1,3.305));
#7697=VECTOR('',#10256,3.65);
#7698=CARTESIAN_POINT('',(-7.825,-1.1,-0.345));
#7699=VECTOR('',#10257,1.4);
#7700=CARTESIAN_POINT('',(-6.425,-1.1,3.305));
#7701=VECTOR('',#10258,1.4);
#7702=CARTESIAN_POINT('',(-6.425,-2.45,3.305));
#7703=CARTESIAN_POINT('',(-6.425,-1.1,3.305));
#7704=VECTOR('',#10259,1.35);
#7705=CARTESIAN_POINT('',(-6.425,-2.45,4.955));
#7706=CARTESIAN_POINT('',(-6.425,-2.45,4.955));
#7707=VECTOR('',#10260,1.65);
#7708=CARTESIAN_POINT('',(-6.425,2.65,4.955));
#7709=CARTESIAN_POINT('',(-6.425,-2.45,4.955));
#7710=VECTOR('',#10261,5.1);
#7711=CARTESIAN_POINT('',(-6.425,2.65,3.305));
#7712=CARTESIAN_POINT('',(-6.425,2.65,4.955));
#7713=VECTOR('',#10262,1.65);
#7714=CARTESIAN_POINT('',(-6.425,1.1,3.305));
#7715=CARTESIAN_POINT('',(-6.425,2.65,3.305));
#7716=VECTOR('',#10263,1.55);
#7717=CARTESIAN_POINT('',(-6.425,1.1,-0.345));
#7718=CARTESIAN_POINT('',(-6.425,1.1,-0.345));
#7719=VECTOR('',#10264,3.65);
#7720=CARTESIAN_POINT('',(-6.425,0.575,-0.345));
#7721=CARTESIAN_POINT('',(-6.425,0.575,-0.345));
#7722=VECTOR('',#10265,0.525);
#7723=CARTESIAN_POINT('',(-6.425,0.575,-2.845));
#7724=CARTESIAN_POINT('',(-6.425,0.575,-2.845));
#7725=VECTOR('',#10266,2.5);
#7726=CARTESIAN_POINT('',(-6.425,-0.575,-2.845));
#7727=CARTESIAN_POINT('',(-6.425,-0.575,-2.845));
#7728=VECTOR('',#10267,1.15);
#7729=CARTESIAN_POINT('',(-6.425,-0.575,-0.345));
#7730=CARTESIAN_POINT('',(-6.425,-0.575,-0.345));
#7731=VECTOR('',#10268,2.5);
#7732=CARTESIAN_POINT('',(-6.425,-1.1,-0.345));
#7733=VECTOR('',#10269,0.525);
#7734=CARTESIAN_POINT('',(-6.425,-2.45,3.305));
#7735=VECTOR('',#10270,1.4);
#7736=CARTESIAN_POINT('',(-6.425,1.1,3.305));
#7737=VECTOR('',#10271,1.4);
#7738=CARTESIAN_POINT('',(-6.425,2.65,3.305));
#7739=VECTOR('',#10272,1.4);
#7740=CARTESIAN_POINT('',(7.825,-2.45,3.305));
#7741=CARTESIAN_POINT('',(6.425,-2.45,4.955));
#7742=CARTESIAN_POINT('',(7.825,-2.45,3.305));
#7743=VECTOR('',#10273,2.16390850083802);
#7744=CARTESIAN_POINT('',(6.425,-2.45,3.305));
#7745=CARTESIAN_POINT('',(7.825,-2.45,3.305));
#7746=VECTOR('',#10274,1.4);
#7747=CARTESIAN_POINT('',(6.425,-2.45,3.305));
#7748=VECTOR('',#10275,1.65);
#7749=CARTESIAN_POINT('',(-6.425,-2.45,4.955));
#7750=VECTOR('',#10276,2.16390850083802);
#7751=CARTESIAN_POINT('',(7.825,2.65,3.305));
#7752=CARTESIAN_POINT('',(6.425,2.65,4.955));
#7753=CARTESIAN_POINT('',(7.825,2.65,3.305));
#7754=VECTOR('',#10277,2.16390850083802);
#7755=CARTESIAN_POINT('',(7.825,3.43,3.305));
#7756=CARTESIAN_POINT('',(7.825,3.43,3.305));
#7757=VECTOR('',#10278,0.78);
#7758=CARTESIAN_POINT('',(6.425,3.43,4.955));
#7759=CARTESIAN_POINT('',(7.825,3.43,3.305));
#7760=VECTOR('',#10279,2.16390850083802);
#7761=CARTESIAN_POINT('',(6.425,3.43,4.955));
#7762=VECTOR('',#10280,0.78);
#7763=CARTESIAN_POINT('',(6.425,-3.43,4.955));
#7764=CARTESIAN_POINT('',(6.425,-2.45,4.955));
#7765=VECTOR('',#10281,0.98);
#7766=CARTESIAN_POINT('',(6.884466995702,-3.43,4.413485326494));
#7767=CARTESIAN_POINT('',(6.884466995702,-3.43,4.413485326494));
#7768=VECTOR('',#10282,0.710174669895607);
#7769=CARTESIAN_POINT('',(7.825,-3.05,3.305));
#7770=CARTESIAN_POINT('',(7.825,-3.05,3.305));
#7771=VECTOR('',#10283,1.50257846757703);
#7772=CARTESIAN_POINT('',(7.825,-2.45,3.305));
#7773=VECTOR('',#10284,0.6);
#7774=CARTESIAN_POINT('',(6.425,2.65,3.305));
#7775=CARTESIAN_POINT('',(6.425,2.65,3.305));
#7776=VECTOR('',#10285,1.65);
#7777=CARTESIAN_POINT('',(7.825,2.65,3.305));
#7778=VECTOR('',#10286,1.4);
#7779=CARTESIAN_POINT('',(-6.425,2.65,4.955));
#7780=VECTOR('',#10287,2.16390850083802);
#7781=CARTESIAN_POINT('',(7.825,-1.1,3.305));
#7782=CARTESIAN_POINT('',(6.425,-1.1,3.305));
#7783=CARTESIAN_POINT('',(7.825,-1.1,3.305));
#7784=VECTOR('',#10288,1.4);
#7785=CARTESIAN_POINT('',(6.425,-1.1,3.305));
#7786=VECTOR('',#10289,1.35);
#7787=CARTESIAN_POINT('',(7.825,-2.45,3.305));
#7788=VECTOR('',#10290,1.35);
#7789=CARTESIAN_POINT('',(7.825,1.1,3.305));
#7790=CARTESIAN_POINT('',(6.425,1.1,3.305));
#7791=CARTESIAN_POINT('',(7.825,1.1,3.305));
#7792=VECTOR('',#10291,1.4);
#7793=CARTESIAN_POINT('',(7.825,1.1,3.305));
#7794=VECTOR('',#10292,1.55);
#7795=CARTESIAN_POINT('',(6.425,2.65,3.305));
#7796=VECTOR('',#10293,1.55);
#7797=CARTESIAN_POINT('',(7.825,-1.1,-0.345));
#7798=CARTESIAN_POINT('',(7.825,-1.1,3.305));
#7799=VECTOR('',#10294,3.65);
#7800=CARTESIAN_POINT('',(6.425,-1.1,-0.345));
#7801=CARTESIAN_POINT('',(7.825,-1.1,-0.345));
#7802=VECTOR('',#10295,1.4);
#7803=CARTESIAN_POINT('',(6.425,-1.1,3.305));
#7804=VECTOR('',#10296,3.65);
#7805=CARTESIAN_POINT('',(7.825,-3.05,-3.355));
#7806=CARTESIAN_POINT('',(7.825,-3.05,3.305));
#7807=VECTOR('',#10297,6.66);
#7808=CARTESIAN_POINT('',(7.825,3.43,-3.355));
#7809=CARTESIAN_POINT('',(7.825,-3.05,-3.355));
#7810=VECTOR('',#10298,6.48);
#7811=CARTESIAN_POINT('',(7.825,3.43,-3.355));
#7812=VECTOR('',#10299,6.66);
#7813=CARTESIAN_POINT('',(7.825,1.1,-0.345));
#7814=CARTESIAN_POINT('',(7.825,1.1,3.305));
#7815=VECTOR('',#10300,3.65);
#7816=CARTESIAN_POINT('',(7.825,0.575,-0.345));
#7817=CARTESIAN_POINT('',(7.825,0.575,-0.345));
#7818=VECTOR('',#10301,0.525);
#7819=CARTESIAN_POINT('',(7.825,0.575,-2.845));
#7820=CARTESIAN_POINT('',(7.825,0.575,-2.845));
#7821=VECTOR('',#10302,2.5);
#7822=CARTESIAN_POINT('',(7.825,-0.575,-2.845));
#7823=CARTESIAN_POINT('',(7.825,-0.575,-2.845));
#7824=VECTOR('',#10303,1.15);
#7825=CARTESIAN_POINT('',(7.825,-0.575,-0.345));
#7826=CARTESIAN_POINT('',(7.825,-0.575,-0.345));
#7827=VECTOR('',#10304,2.5);
#7828=CARTESIAN_POINT('',(7.825,-1.1,-0.345));
#7829=VECTOR('',#10305,0.525);
#7830=CARTESIAN_POINT('',(7.825,-2.1175,1.555));
#7831=CARTESIAN_POINT('',(7.825,-2.1175,2.805));
#7832=CARTESIAN_POINT('',(7.825,-2.1175,1.555));
#7833=VECTOR('',#10306,1.25);
#7834=CARTESIAN_POINT('',(7.825,-2.27375,1.555));
#7835=CARTESIAN_POINT('',(7.825,-2.27375,1.555));
#7836=VECTOR('',#10307,0.15625);
#7837=CARTESIAN_POINT('',(7.825,-2.27375,2.592234067917));
#7838=CARTESIAN_POINT('',(7.825,-2.27375,2.592234067917));
#7839=VECTOR('',#10308,1.037234067917);
#7840=CARTESIAN_POINT('',(7.825,-2.43,2.406063802838));
#7841=CARTESIAN_POINT('',(7.825,-2.43,2.406063802838));
#7842=VECTOR('',#10309,0.243050262496104);
#7843=CARTESIAN_POINT('',(7.825,-2.43,2.618829809427));
#7844=CARTESIAN_POINT('',(7.825,-2.43,2.618829809427));
#7845=VECTOR('',#10310,0.2127660065889);
#7846=CARTESIAN_POINT('',(7.825,-2.27375,2.805));
#7847=CARTESIAN_POINT('',(7.825,-2.27375,2.805));
#7848=VECTOR('',#10311,0.243050205426607);
#7849=CARTESIAN_POINT('',(7.825,-2.1175,2.805));
#7850=VECTOR('',#10312,0.15625);
#7851=CARTESIAN_POINT('',(6.425,-0.575,-0.345));
#7852=CARTESIAN_POINT('',(7.825,-0.575,-0.345));
#7853=VECTOR('',#10313,1.4);
#7854=CARTESIAN_POINT('',(6.425,-1.1,-0.345));
#7855=VECTOR('',#10314,0.525);
#7856=CARTESIAN_POINT('',(6.425,-2.45,4.955));
#7857=VECTOR('',#10315,5.1);
#7858=CARTESIAN_POINT('',(6.425,-0.575,-2.845));
#7859=CARTESIAN_POINT('',(6.425,-0.575,-0.345));
#7860=VECTOR('',#10316,2.5);
#7861=CARTESIAN_POINT('',(6.425,0.575,-2.845));
#7862=CARTESIAN_POINT('',(6.425,-0.575,-2.845));
#7863=VECTOR('',#10317,1.15);
#7864=CARTESIAN_POINT('',(6.425,0.575,-0.345));
#7865=CARTESIAN_POINT('',(6.425,0.575,-2.845));
#7866=VECTOR('',#10318,2.5);
#7867=CARTESIAN_POINT('',(6.425,1.1,-0.345));
#7868=CARTESIAN_POINT('',(6.425,0.575,-0.345));
#7869=VECTOR('',#10319,0.525);
#7870=CARTESIAN_POINT('',(6.425,1.1,-0.345));
#7871=VECTOR('',#10320,3.65);
#7872=CARTESIAN_POINT('',(7.825,1.1,-0.345));
#7873=VECTOR('',#10321,1.4);
#7874=CARTESIAN_POINT('',(7.825,0.575,-0.345));
#7875=VECTOR('',#10322,1.4);
#7876=CARTESIAN_POINT('',(7.825,0.575,-2.845));
#7877=VECTOR('',#10323,1.4);
#7878=CARTESIAN_POINT('',(7.825,-0.575,-2.845));
#7879=VECTOR('',#10324,1.4);
#7880=CARTESIAN_POINT('',(-6.425,3.43,4.955));
#7881=CARTESIAN_POINT('',(-6.425,3.43,4.955));
#7882=VECTOR('',#10325,12.85);
#7883=CARTESIAN_POINT('',(-6.425,3.43,4.955));
#7884=VECTOR('',#10326,0.78);
#7885=CARTESIAN_POINT('',(-6.425,-3.43,4.955));
#7886=CARTESIAN_POINT('',(-6.425,-2.45,4.955));
#7887=VECTOR('',#10327,0.98);
#7888=CARTESIAN_POINT('',(-6.425,-3.43,4.955));
#7889=VECTOR('',#10328,12.85);
#7890=CARTESIAN_POINT('',(3.23,2.77,4.955));
#7891=CARTESIAN_POINT('',(3.23,0.93,4.955));
#7892=CARTESIAN_POINT('',(3.23,2.77,4.955));
#7893=VECTOR('',#10329,1.84);
#7894=CARTESIAN_POINT('',(5.77,2.77,4.955));
#7895=CARTESIAN_POINT('',(5.77,2.77,4.955));
#7896=VECTOR('',#10330,2.54);
#7897=CARTESIAN_POINT('',(5.77,0.23,4.955));
#7898=CARTESIAN_POINT('',(5.77,0.23,4.955));
#7899=VECTOR('',#10331,2.54);
#7900=CARTESIAN_POINT('',(3.93,0.23,4.955));
#7901=CARTESIAN_POINT('',(3.93,0.23,4.955));
#7902=VECTOR('',#10332,1.84);
#7903=CARTESIAN_POINT('',(3.23,0.93,4.955));
#7904=VECTOR('',#10333,0.989949493661133);
#7905=CARTESIAN_POINT('',(5.77,-0.23,4.955));
#7906=CARTESIAN_POINT('',(3.23,-0.23,4.955));
#7907=CARTESIAN_POINT('',(5.77,-0.23,4.955));
#7908=VECTOR('',#10334,2.54);
#7909=CARTESIAN_POINT('',(5.77,-2.77,4.955));
#7910=CARTESIAN_POINT('',(5.77,-2.77,4.955));
#7911=VECTOR('',#10335,2.54);
#7912=CARTESIAN_POINT('',(3.93,-2.77,4.955));
#7913=CARTESIAN_POINT('',(3.93,-2.77,4.955));
#7914=VECTOR('',#10336,1.84);
#7915=CARTESIAN_POINT('',(3.23,-2.07,4.955));
#7916=CARTESIAN_POINT('',(3.23,-2.07,4.955));
#7917=VECTOR('',#10337,0.989949493661133);
#7918=CARTESIAN_POINT('',(3.23,-0.23,4.955));
#7919=VECTOR('',#10338,1.84);
#7920=CARTESIAN_POINT('',(0.23,-0.23,4.955));
#7921=CARTESIAN_POINT('',(0.23,-2.77,4.955));
#7922=CARTESIAN_POINT('',(0.23,-0.23,4.955));
#7923=VECTOR('',#10339,2.54);
#7924=CARTESIAN_POINT('',(2.77,-0.23,4.955));
#7925=CARTESIAN_POINT('',(2.77,-0.23,4.955));
#7926=VECTOR('',#10340,2.54);
#7927=CARTESIAN_POINT('',(2.77,-2.07,4.955));
#7928=CARTESIAN_POINT('',(2.77,-2.07,4.955));
#7929=VECTOR('',#10341,1.84);
#7930=CARTESIAN_POINT('',(2.07,-2.77,4.955));
#7931=CARTESIAN_POINT('',(2.07,-2.77,4.955));
#7932=VECTOR('',#10342,0.989949493661133);
#7933=CARTESIAN_POINT('',(0.23,-2.77,4.955));
#7934=VECTOR('',#10343,1.84);
#7935=CARTESIAN_POINT('',(0.23,0.23,4.955));
#7936=CARTESIAN_POINT('',(2.07,0.23,4.955));
#7937=CARTESIAN_POINT('',(0.23,0.23,4.955));
#7938=VECTOR('',#10344,1.84);
#7939=CARTESIAN_POINT('',(0.23,2.77,4.955));
#7940=CARTESIAN_POINT('',(0.23,2.77,4.955));
#7941=VECTOR('',#10345,2.54);
#7942=CARTESIAN_POINT('',(2.77,2.77,4.955));
#7943=CARTESIAN_POINT('',(2.77,2.77,4.955));
#7944=VECTOR('',#10346,2.54);
#7945=CARTESIAN_POINT('',(2.77,0.93,4.955));
#7946=CARTESIAN_POINT('',(2.77,0.93,4.955));
#7947=VECTOR('',#10347,1.84);
#7948=CARTESIAN_POINT('',(2.07,0.23,4.955));
#7949=VECTOR('',#10348,0.989949493661133);
#7950=CARTESIAN_POINT('',(-2.07,0.23,4.955));
#7951=CARTESIAN_POINT('',(-0.23,0.23,4.955));
#7952=CARTESIAN_POINT('',(-2.07,0.23,4.955));
#7953=VECTOR('',#10349,1.84);
#7954=CARTESIAN_POINT('',(-2.77,0.93,4.955));
#7955=CARTESIAN_POINT('',(-2.77,0.93,4.955));
#7956=VECTOR('',#10350,0.989949493661133);
#7957=CARTESIAN_POINT('',(-2.77,2.77,4.955));
#7958=CARTESIAN_POINT('',(-2.77,2.77,4.955));
#7959=VECTOR('',#10351,1.84);
#7960=CARTESIAN_POINT('',(-0.23,2.77,4.955));
#7961=CARTESIAN_POINT('',(-0.23,2.77,4.955));
#7962=VECTOR('',#10352,2.54);
#7963=CARTESIAN_POINT('',(-0.23,0.23,4.955));
#7964=VECTOR('',#10353,2.54);
#7965=CARTESIAN_POINT('',(-0.23,-0.23,4.955));
#7966=CARTESIAN_POINT('',(-2.77,-0.23,4.955));
#7967=CARTESIAN_POINT('',(-0.23,-0.23,4.955));
#7968=VECTOR('',#10354,2.54);
#7969=CARTESIAN_POINT('',(-0.23,-2.77,4.955));
#7970=CARTESIAN_POINT('',(-0.23,-2.77,4.955));
#7971=VECTOR('',#10355,2.54);
#7972=CARTESIAN_POINT('',(-2.07,-2.77,4.955));
#7973=CARTESIAN_POINT('',(-2.07,-2.77,4.955));
#7974=VECTOR('',#10356,1.84);
#7975=CARTESIAN_POINT('',(-2.77,-2.07,4.955));
#7976=CARTESIAN_POINT('',(-2.77,-2.07,4.955));
#7977=VECTOR('',#10357,0.989949493661133);
#7978=CARTESIAN_POINT('',(-2.77,-0.23,4.955));
#7979=VECTOR('',#10358,1.84);
#7980=CARTESIAN_POINT('',(-5.77,-2.77,4.955));
#7981=CARTESIAN_POINT('',(-3.93,-2.77,4.955));
#7982=CARTESIAN_POINT('',(-5.77,-2.77,4.955));
#7983=VECTOR('',#10359,1.84);
#7984=CARTESIAN_POINT('',(-5.77,-0.23,4.955));
#7985=CARTESIAN_POINT('',(-5.77,-0.23,4.955));
#7986=VECTOR('',#10360,2.54);
#7987=CARTESIAN_POINT('',(-3.23,-0.23,4.955));
#7988=CARTESIAN_POINT('',(-3.23,-0.23,4.955));
#7989=VECTOR('',#10361,2.54);
#7990=CARTESIAN_POINT('',(-3.23,-2.07,4.955));
#7991=CARTESIAN_POINT('',(-3.23,-2.07,4.955));
#7992=VECTOR('',#10362,1.84);
#7993=CARTESIAN_POINT('',(-3.93,-2.77,4.955));
#7994=VECTOR('',#10363,0.989949493661133);
#7995=CARTESIAN_POINT('',(-5.77,0.23,4.955));
#7996=CARTESIAN_POINT('',(-3.23,0.23,4.955));
#7997=CARTESIAN_POINT('',(-5.77,0.23,4.955));
#7998=VECTOR('',#10364,2.54);
#7999=CARTESIAN_POINT('',(-5.77,2.77,4.955));
#8000=CARTESIAN_POINT('',(-5.77,2.77,4.955));
#8001=VECTOR('',#10365,2.54);
#8002=CARTESIAN_POINT('',(-3.23,2.77,4.955));
#8003=CARTESIAN_POINT('',(-3.23,2.77,4.955));
#8004=VECTOR('',#10366,2.54);
#8005=CARTESIAN_POINT('',(-3.23,0.23,4.955));
#8006=VECTOR('',#10367,2.54);
#8007=CARTESIAN_POINT('',(-4.7985,-3.43,-4.955));
#8008=CARTESIAN_POINT('',(-4.7985,-3.43,-3.955));
#8009=CARTESIAN_POINT('',(-4.7985,-3.43,-4.955));
#8010=VECTOR('',#10368,1.0);
#8011=CARTESIAN_POINT('',(-4.2015,-3.43,-3.955));
#8012=CARTESIAN_POINT('',(-4.7985,-3.43,-3.955));
#8013=VECTOR('',#10369,0.597);
#8014=CARTESIAN_POINT('',(-4.2015,-3.43,-4.955));
#8015=CARTESIAN_POINT('',(-4.2015,-3.43,-4.955));
#8016=VECTOR('',#10370,1.0);
#8017=CARTESIAN_POINT('',(-1.7985,-3.43,-4.955));
#8018=CARTESIAN_POINT('',(-1.7985,-3.43,-4.955));
#8019=VECTOR('',#10371,2.403);
#8020=CARTESIAN_POINT('',(-1.7985,-3.43,-3.955));
#8021=CARTESIAN_POINT('',(-1.7985,-3.43,-4.955));
#8022=VECTOR('',#10372,1.0);
#8023=CARTESIAN_POINT('',(-1.2015,-3.43,-3.955));
#8024=CARTESIAN_POINT('',(-1.7985,-3.43,-3.955));
#8025=VECTOR('',#10373,0.597);
#8026=CARTESIAN_POINT('',(-1.2015,-3.43,-4.955));
#8027=CARTESIAN_POINT('',(-1.2015,-3.43,-4.955));
#8028=VECTOR('',#10374,1.0);
#8029=CARTESIAN_POINT('',(1.2015,-3.43,-4.955));
#8030=CARTESIAN_POINT('',(1.2015,-3.43,-4.955));
#8031=VECTOR('',#10375,2.403);
#8032=CARTESIAN_POINT('',(1.2015,-3.43,-3.955));
#8033=CARTESIAN_POINT('',(1.2015,-3.43,-4.955));
#8034=VECTOR('',#10376,1.0);
#8035=CARTESIAN_POINT('',(1.7985,-3.43,-3.955));
#8036=CARTESIAN_POINT('',(1.2015,-3.43,-3.955));
#8037=VECTOR('',#10377,0.597);
#8038=CARTESIAN_POINT('',(1.7985,-3.43,-4.955));
#8039=CARTESIAN_POINT('',(1.7985,-3.43,-4.955));
#8040=VECTOR('',#10378,1.0);
#8041=CARTESIAN_POINT('',(4.2015,-3.43,-4.955));
#8042=CARTESIAN_POINT('',(4.2015,-3.43,-4.955));
#8043=VECTOR('',#10379,2.403);
#8044=CARTESIAN_POINT('',(4.2015,-3.43,-3.955));
#8045=CARTESIAN_POINT('',(4.2015,-3.43,-4.955));
#8046=VECTOR('',#10380,1.0);
#8047=CARTESIAN_POINT('',(4.7985,-3.43,-3.955));
#8048=CARTESIAN_POINT('',(4.2015,-3.43,-3.955));
#8049=VECTOR('',#10381,0.597);
#8050=CARTESIAN_POINT('',(4.7985,-3.43,-4.955));
#8051=CARTESIAN_POINT('',(4.7985,-3.43,-4.955));
#8052=VECTOR('',#10382,1.0);
#8053=CARTESIAN_POINT('',(6.875,-3.43,-4.955));
#8054=CARTESIAN_POINT('',(6.875,-3.43,-4.955));
#8055=VECTOR('',#10383,2.0765);
#8056=CARTESIAN_POINT('',(6.875,-3.43,-3.355));
#8057=CARTESIAN_POINT('',(6.875,-3.43,-3.355));
#8058=VECTOR('',#10384,1.6);
#8059=CARTESIAN_POINT('',(6.884466995702,-3.43,-3.355));
#8060=CARTESIAN_POINT('',(6.875,-3.43,-3.355));
#8061=VECTOR('',#10385,0.009466995701821);
#8062=CARTESIAN_POINT('',(6.884466995702,-3.43,4.413485326494));
#8063=VECTOR('',#10386,7.768485326494);
#8064=CARTESIAN_POINT('',(-6.884466995702,-3.43,4.413485326494));
#8065=CARTESIAN_POINT('',(-6.425,-3.43,4.955));
#8066=VECTOR('',#10387,0.710174669895607);
#8067=CARTESIAN_POINT('',(-6.884466995702,-3.43,-3.355));
#8068=CARTESIAN_POINT('',(-6.884466995702,-3.43,4.413485326494));
#8069=VECTOR('',#10388,7.768485326494);
#8070=CARTESIAN_POINT('',(-6.875,-3.43,-3.355));
#8071=CARTESIAN_POINT('',(-6.884466995702,-3.43,-3.355));
#8072=VECTOR('',#10389,0.009466995701822);
#8073=CARTESIAN_POINT('',(-6.875,-3.43,-4.955));
#8074=CARTESIAN_POINT('',(-6.875,-3.43,-3.355));
#8075=VECTOR('',#10390,1.6);
#8076=CARTESIAN_POINT('',(-4.7985,-3.43,-4.955));
#8077=VECTOR('',#10391,2.0765);
#8078=CARTESIAN_POINT('',(2.85,-3.43,3.355));
#8079=CARTESIAN_POINT('',(3.85,-3.43,3.355));
#8080=CARTESIAN_POINT('',(2.85,-3.43,3.355));
#8081=VECTOR('',#10392,1.0);
#8082=CARTESIAN_POINT('',(3.85,-3.43,-3.355));
#8083=CARTESIAN_POINT('',(3.85,-3.43,-3.355));
#8084=VECTOR('',#10393,6.71);
#8085=CARTESIAN_POINT('',(2.85,-3.43,-3.355));
#8086=CARTESIAN_POINT('',(2.85,-3.43,-3.355));
#8087=VECTOR('',#10394,1.0);
#8088=CARTESIAN_POINT('',(2.85,-3.43,-3.355));
#8089=VECTOR('',#10395,6.71);
#8090=CARTESIAN_POINT('',(-3.85,-3.43,3.355));
#8091=CARTESIAN_POINT('',(-2.85,-3.43,3.355));
#8092=CARTESIAN_POINT('',(-3.85,-3.43,3.355));
#8093=VECTOR('',#10396,1.0);
#8094=CARTESIAN_POINT('',(-2.85,-3.43,-3.355));
#8095=CARTESIAN_POINT('',(-2.85,-3.43,-3.355));
#8096=VECTOR('',#10397,6.71);
#8097=CARTESIAN_POINT('',(-3.85,-3.43,-3.355));
#8098=CARTESIAN_POINT('',(-3.85,-3.43,-3.355));
#8099=VECTOR('',#10398,1.0);
#8100=CARTESIAN_POINT('',(-3.85,-3.43,-3.355));
#8101=VECTOR('',#10399,6.71);
#8102=CARTESIAN_POINT('',(-3.85,-3.94,3.355));
#8103=CARTESIAN_POINT('',(-3.85,-3.43,3.355));
#8104=VECTOR('',#10400,0.51);
#8105=CARTESIAN_POINT('',(-2.85,-3.94,3.355));
#8106=CARTESIAN_POINT('',(-3.85,-3.94,3.355));
#8107=VECTOR('',#10401,1.0);
#8108=CARTESIAN_POINT('',(-2.85,-3.94,3.355));
#8109=VECTOR('',#10402,0.51);
#8110=CARTESIAN_POINT('',(2.85,-3.94,3.355));
#8111=CARTESIAN_POINT('',(2.85,-3.43,3.355));
#8112=VECTOR('',#10403,0.51);
#8113=CARTESIAN_POINT('',(3.85,-3.94,3.355));
#8114=CARTESIAN_POINT('',(2.85,-3.94,3.355));
#8115=VECTOR('',#10404,1.0);
#8116=CARTESIAN_POINT('',(3.85,-3.94,3.355));
#8117=VECTOR('',#10405,0.51);
#8118=CARTESIAN_POINT('',(-2.85,-3.94,-3.355));
#8119=CARTESIAN_POINT('',(-2.85,-3.94,3.355));
#8120=VECTOR('',#10406,6.71);
#8121=CARTESIAN_POINT('',(-2.85,-3.94,-3.355));
#8122=VECTOR('',#10407,0.51);
#8123=CARTESIAN_POINT('',(-3.85,-3.94,-3.355));
#8124=CARTESIAN_POINT('',(-3.85,-3.94,-3.355));
#8125=VECTOR('',#10408,1.0);
#8126=CARTESIAN_POINT('',(-3.85,-3.43,-3.355));
#8127=VECTOR('',#10409,0.51);
#8128=CARTESIAN_POINT('',(3.85,-3.94,-3.355));
#8129=CARTESIAN_POINT('',(3.85,-3.94,-3.355));
#8130=VECTOR('',#10410,0.51);
#8131=CARTESIAN_POINT('',(2.85,-3.94,-3.355));
#8132=CARTESIAN_POINT('',(2.85,-3.94,-3.355));
#8133=VECTOR('',#10411,1.0);
#8134=CARTESIAN_POINT('',(2.85,-3.43,-3.355));
#8135=VECTOR('',#10412,0.51);
#8136=CARTESIAN_POINT('',(-3.85,-3.94,3.355));
#8137=VECTOR('',#10413,6.71);
#8138=CARTESIAN_POINT('',(2.85,-3.94,3.355));
#8139=VECTOR('',#10414,6.71);
#8140=CARTESIAN_POINT('',(3.85,-3.94,3.355));
#8141=VECTOR('',#10415,6.71);
#8142=CARTESIAN_POINT('',(-4.7985,-2.78,-4.285));
#8143=CARTESIAN_POINT('',(-4.7985,-1.79,-4.285));
#8144=CARTESIAN_POINT('',(-4.7985,-2.78,-4.285));
#8145=VECTOR('',#10416,0.99);
#8146=CARTESIAN_POINT('',(-4.7985,-1.79,-3.955));
#8147=CARTESIAN_POINT('',(-4.7985,-1.79,-4.285));
#8148=VECTOR('',#10417,0.33);
#8149=CARTESIAN_POINT('',(-4.7985,-1.79,-3.955));
#8150=VECTOR('',#10418,1.64);
#8151=CARTESIAN_POINT('',(-4.7985,-2.78,-4.955));
#8152=CARTESIAN_POINT('',(-4.7985,-2.78,-4.955));
#8153=VECTOR('',#10419,0.65);
#8154=CARTESIAN_POINT('',(-4.7985,-2.78,-4.955));
#8155=VECTOR('',#10420,0.67);
#8156=CARTESIAN_POINT('',(-4.7985,1.85,-4.955));
#8157=CARTESIAN_POINT('',(-4.7985,3.175,-4.955));
#8158=CARTESIAN_POINT('',(-4.7985,1.85,-4.955));
#8159=VECTOR('',#10421,1.325);
#8160=CARTESIAN_POINT('',(-4.7985,3.175,-3.955));
#8161=CARTESIAN_POINT('',(-4.7985,3.175,-4.955));
#8162=VECTOR('',#10422,1.0);
#8163=CARTESIAN_POINT('',(-4.7985,1.85,-3.955));
#8164=CARTESIAN_POINT('',(-4.7985,3.175,-3.955));
#8165=VECTOR('',#10423,1.325);
#8166=CARTESIAN_POINT('',(-4.7985,1.85,-4.955));
#8167=VECTOR('',#10424,1.0);
#8168=CARTESIAN_POINT('',(-4.7985,1.21,-3.955));
#8169=CARTESIAN_POINT('',(-4.7985,0.35,-3.955));
#8170=CARTESIAN_POINT('',(-4.7985,1.21,-3.955));
#8171=VECTOR('',#10425,0.86);
#8172=CARTESIAN_POINT('',(-4.7985,0.35,-4.285));
#8173=CARTESIAN_POINT('',(-4.7985,0.35,-4.285));
#8174=VECTOR('',#10426,0.33);
#8175=CARTESIAN_POINT('',(-4.7985,1.21,-4.285));
#8176=CARTESIAN_POINT('',(-4.7985,0.35,-4.285));
#8177=VECTOR('',#10427,0.86);
#8178=CARTESIAN_POINT('',(-4.7985,1.21,-4.285));
#8179=VECTOR('',#10428,0.33);
#8180=CARTESIAN_POINT('',(-4.7985,-1.15,-4.285));
#8181=CARTESIAN_POINT('',(-4.7985,-0.29,-4.285));
#8182=CARTESIAN_POINT('',(-4.7985,-1.15,-4.285));
#8183=VECTOR('',#10429,0.86);
#8184=CARTESIAN_POINT('',(-4.7985,-0.29,-3.955));
#8185=CARTESIAN_POINT('',(-4.7985,-0.29,-4.285));
#8186=VECTOR('',#10430,0.33);
#8187=CARTESIAN_POINT('',(-4.7985,-1.15,-3.955));
#8188=CARTESIAN_POINT('',(-4.7985,-0.29,-3.955));
#8189=VECTOR('',#10431,0.86);
#8190=CARTESIAN_POINT('',(-4.7985,-1.15,-4.285));
#8191=VECTOR('',#10432,0.33);
#8192=CARTESIAN_POINT('',(4.7985,-2.78,-4.285));
#8193=CARTESIAN_POINT('',(4.7985,-1.79,-4.285));
#8194=CARTESIAN_POINT('',(4.7985,-2.78,-4.285));
#8195=VECTOR('',#10433,0.99);
#8196=CARTESIAN_POINT('',(4.82,-1.79,-4.285));
#8197=CARTESIAN_POINT('',(4.7985,-1.79,-4.285));
#8198=VECTOR('',#10434,0.0215);
#8199=CARTESIAN_POINT('',(4.82,-1.15,-4.285));
#8200=CARTESIAN_POINT('',(4.82,-1.15,-4.285));
#8201=VECTOR('',#10435,0.64);
#8202=CARTESIAN_POINT('',(4.7985,-1.15,-4.285));
#8203=CARTESIAN_POINT('',(4.7985,-1.15,-4.285));
#8204=VECTOR('',#10436,0.0215);
#8205=CARTESIAN_POINT('',(4.7985,-0.29,-4.285));
#8206=CARTESIAN_POINT('',(4.7985,-1.15,-4.285));
#8207=VECTOR('',#10437,0.86);
#8208=CARTESIAN_POINT('',(4.82,-0.29,-4.285));
#8209=CARTESIAN_POINT('',(4.7985,-0.29,-4.285));
#8210=VECTOR('',#10438,0.0215);
#8211=CARTESIAN_POINT('',(4.82,0.35,-4.285));
#8212=CARTESIAN_POINT('',(4.82,0.35,-4.285));
#8213=VECTOR('',#10439,0.64);
#8214=CARTESIAN_POINT('',(4.7985,0.35,-4.285));
#8215=CARTESIAN_POINT('',(4.7985,0.35,-4.285));
#8216=VECTOR('',#10440,0.0215);
#8217=CARTESIAN_POINT('',(4.7985,1.21,-4.285));
#8218=CARTESIAN_POINT('',(4.7985,0.35,-4.285));
#8219=VECTOR('',#10441,0.86);
#8220=CARTESIAN_POINT('',(4.82,1.21,-4.285));
#8221=CARTESIAN_POINT('',(4.7985,1.21,-4.285));
#8222=VECTOR('',#10442,0.0215);
#8223=CARTESIAN_POINT('',(4.82,1.6,-4.285));
#8224=CARTESIAN_POINT('',(4.82,1.6,-4.285));
#8225=VECTOR('',#10443,0.39);
#8226=CARTESIAN_POINT('',(8.075,1.6,-4.285));
#8227=CARTESIAN_POINT('',(8.075,1.6,-4.285));
#8228=VECTOR('',#10444,3.255);
#8229=CARTESIAN_POINT('',(8.075,0.95,-4.285));
#8230=CARTESIAN_POINT('',(8.075,0.95,-4.285));
#8231=VECTOR('',#10445,0.65);
#8232=CARTESIAN_POINT('',(7.075,0.95,-4.285));
#8233=CARTESIAN_POINT('',(8.075,0.95,-4.285));
#8234=VECTOR('',#10446,1.0);
#8235=CARTESIAN_POINT('',(7.075,-0.95,-4.285));
#8236=CARTESIAN_POINT('',(7.075,-0.95,-4.285));
#8237=VECTOR('',#10447,1.9);
#8238=CARTESIAN_POINT('',(8.075,-0.95,-4.285));
#8239=CARTESIAN_POINT('',(8.075,-0.95,-4.285));
#8240=VECTOR('',#10448,1.0);
#8241=CARTESIAN_POINT('',(8.075,-2.78,-4.285));
#8242=CARTESIAN_POINT('',(8.075,-2.78,-4.285));
#8243=VECTOR('',#10449,1.83);
#8244=CARTESIAN_POINT('',(8.075,-2.78,-4.285));
#8245=VECTOR('',#10450,3.2765);
#8246=CARTESIAN_POINT('',(1.7985,-2.78,-4.285));
#8247=CARTESIAN_POINT('',(1.7985,-1.79,-4.285));
#8248=CARTESIAN_POINT('',(1.7985,-2.78,-4.285));
#8249=VECTOR('',#10451,0.99);
#8250=CARTESIAN_POINT('',(1.82,-1.79,-4.285));
#8251=CARTESIAN_POINT('',(1.7985,-1.79,-4.285));
#8252=VECTOR('',#10452,0.0215);
#8253=CARTESIAN_POINT('',(1.82,-1.15,-4.285));
#8254=CARTESIAN_POINT('',(1.82,-1.15,-4.285));
#8255=VECTOR('',#10453,0.64);
#8256=CARTESIAN_POINT('',(1.7985,-1.15,-4.285));
#8257=CARTESIAN_POINT('',(1.7985,-1.15,-4.285));
#8258=VECTOR('',#10454,0.0215);
#8259=CARTESIAN_POINT('',(1.7985,-0.29,-4.285));
#8260=CARTESIAN_POINT('',(1.7985,-1.15,-4.285));
#8261=VECTOR('',#10455,0.86);
#8262=CARTESIAN_POINT('',(1.82,-0.29,-4.285));
#8263=CARTESIAN_POINT('',(1.7985,-0.29,-4.285));
#8264=VECTOR('',#10456,0.0215);
#8265=CARTESIAN_POINT('',(1.82,0.35,-4.285));
#8266=CARTESIAN_POINT('',(1.82,0.35,-4.285));
#8267=VECTOR('',#10457,0.64);
#8268=CARTESIAN_POINT('',(1.7985,0.35,-4.285));
#8269=CARTESIAN_POINT('',(1.7985,0.35,-4.285));
#8270=VECTOR('',#10458,0.0215);
#8271=CARTESIAN_POINT('',(1.7985,1.21,-4.285));
#8272=CARTESIAN_POINT('',(1.7985,0.35,-4.285));
#8273=VECTOR('',#10459,0.86);
#8274=CARTESIAN_POINT('',(1.82,1.21,-4.285));
#8275=CARTESIAN_POINT('',(1.7985,1.21,-4.285));
#8276=VECTOR('',#10460,0.0215);
#8277=CARTESIAN_POINT('',(1.82,1.6,-4.285));
#8278=CARTESIAN_POINT('',(1.82,1.6,-4.285));
#8279=VECTOR('',#10461,0.39);
#8280=CARTESIAN_POINT('',(4.18,1.6,-4.285));
#8281=CARTESIAN_POINT('',(4.18,1.6,-4.285));
#8282=VECTOR('',#10462,2.36);
#8283=CARTESIAN_POINT('',(4.18,1.21,-4.285));
#8284=CARTESIAN_POINT('',(4.18,1.21,-4.285));
#8285=VECTOR('',#10463,0.39);
#8286=CARTESIAN_POINT('',(4.2015,1.21,-4.285));
#8287=CARTESIAN_POINT('',(4.18,1.21,-4.285));
#8288=VECTOR('',#10464,0.0215);
#8289=CARTESIAN_POINT('',(4.2015,0.35,-4.285));
#8290=CARTESIAN_POINT('',(4.2015,0.35,-4.285));
#8291=VECTOR('',#10465,0.86);
#8292=CARTESIAN_POINT('',(4.18,0.35,-4.285));
#8293=CARTESIAN_POINT('',(4.18,0.35,-4.285));
#8294=VECTOR('',#10466,0.0215);
#8295=CARTESIAN_POINT('',(4.18,-0.29,-4.285));
#8296=CARTESIAN_POINT('',(4.18,0.35,-4.285));
#8297=VECTOR('',#10467,0.64);
#8298=CARTESIAN_POINT('',(4.2015,-0.29,-4.285));
#8299=CARTESIAN_POINT('',(4.18,-0.29,-4.285));
#8300=VECTOR('',#10468,0.0215);
#8301=CARTESIAN_POINT('',(4.2015,-1.15,-4.285));
#8302=CARTESIAN_POINT('',(4.2015,-1.15,-4.285));
#8303=VECTOR('',#10469,0.86);
#8304=CARTESIAN_POINT('',(4.18,-1.15,-4.285));
#8305=CARTESIAN_POINT('',(4.18,-1.15,-4.285));
#8306=VECTOR('',#10470,0.0215);
#8307=CARTESIAN_POINT('',(4.18,-1.79,-4.285));
#8308=CARTESIAN_POINT('',(4.18,-1.15,-4.285));
#8309=VECTOR('',#10471,0.64);
#8310=CARTESIAN_POINT('',(4.2015,-1.79,-4.285));
#8311=CARTESIAN_POINT('',(4.18,-1.79,-4.285));
#8312=VECTOR('',#10472,0.0215);
#8313=CARTESIAN_POINT('',(4.2015,-2.78,-4.285));
#8314=CARTESIAN_POINT('',(4.2015,-2.78,-4.285));
#8315=VECTOR('',#10473,0.99);
#8316=CARTESIAN_POINT('',(4.2015,-2.78,-4.285));
#8317=VECTOR('',#10474,2.403);
#8318=CARTESIAN_POINT('',(-1.2015,-2.78,-4.285));
#8319=CARTESIAN_POINT('',(-1.2015,-1.79,-4.285));
#8320=CARTESIAN_POINT('',(-1.2015,-2.78,-4.285));
#8321=VECTOR('',#10475,0.99);
#8322=CARTESIAN_POINT('',(-1.18,-1.79,-4.285));
#8323=CARTESIAN_POINT('',(-1.2015,-1.79,-4.285));
#8324=VECTOR('',#10476,0.0215);
#8325=CARTESIAN_POINT('',(-1.18,-1.15,-4.285));
#8326=CARTESIAN_POINT('',(-1.18,-1.15,-4.285));
#8327=VECTOR('',#10477,0.64);
#8328=CARTESIAN_POINT('',(-1.2015,-1.15,-4.285));
#8329=CARTESIAN_POINT('',(-1.2015,-1.15,-4.285));
#8330=VECTOR('',#10478,0.0215);
#8331=CARTESIAN_POINT('',(-1.2015,-0.29,-4.285));
#8332=CARTESIAN_POINT('',(-1.2015,-1.15,-4.285));
#8333=VECTOR('',#10479,0.86);
#8334=CARTESIAN_POINT('',(-1.18,-0.29,-4.285));
#8335=CARTESIAN_POINT('',(-1.2015,-0.29,-4.285));
#8336=VECTOR('',#10480,0.0215);
#8337=CARTESIAN_POINT('',(-1.18,0.35,-4.285));
#8338=CARTESIAN_POINT('',(-1.18,0.35,-4.285));
#8339=VECTOR('',#10481,0.64);
#8340=CARTESIAN_POINT('',(-1.2015,0.35,-4.285));
#8341=CARTESIAN_POINT('',(-1.2015,0.35,-4.285));
#8342=VECTOR('',#10482,0.0215);
#8343=CARTESIAN_POINT('',(-1.2015,1.21,-4.285));
#8344=CARTESIAN_POINT('',(-1.2015,0.35,-4.285));
#8345=VECTOR('',#10483,0.86);
#8346=CARTESIAN_POINT('',(-1.18,1.21,-4.285));
#8347=CARTESIAN_POINT('',(-1.2015,1.21,-4.285));
#8348=VECTOR('',#10484,0.0215);
#8349=CARTESIAN_POINT('',(-1.18,1.6,-4.285));
#8350=CARTESIAN_POINT('',(-1.18,1.6,-4.285));
#8351=VECTOR('',#10485,0.39);
#8352=CARTESIAN_POINT('',(1.18,1.6,-4.285));
#8353=CARTESIAN_POINT('',(1.18,1.6,-4.285));
#8354=VECTOR('',#10486,2.36);
#8355=CARTESIAN_POINT('',(1.18,1.21,-4.285));
#8356=CARTESIAN_POINT('',(1.18,1.6,-4.285));
#8357=VECTOR('',#10487,0.39);
#8358=CARTESIAN_POINT('',(1.2015,1.21,-4.285));
#8359=CARTESIAN_POINT('',(1.18,1.21,-4.285));
#8360=VECTOR('',#10488,0.0215);
#8361=CARTESIAN_POINT('',(1.2015,0.35,-4.285));
#8362=CARTESIAN_POINT('',(1.2015,0.35,-4.285));
#8363=VECTOR('',#10489,0.86);
#8364=CARTESIAN_POINT('',(1.18,0.35,-4.285));
#8365=CARTESIAN_POINT('',(1.18,0.35,-4.285));
#8366=VECTOR('',#10490,0.0215);
#8367=CARTESIAN_POINT('',(1.18,-0.29,-4.285));
#8368=CARTESIAN_POINT('',(1.18,0.35,-4.285));
#8369=VECTOR('',#10491,0.64);
#8370=CARTESIAN_POINT('',(1.2015,-0.29,-4.285));
#8371=CARTESIAN_POINT('',(1.18,-0.29,-4.285));
#8372=VECTOR('',#10492,0.0215);
#8373=CARTESIAN_POINT('',(1.2015,-1.15,-4.285));
#8374=CARTESIAN_POINT('',(1.2015,-1.15,-4.285));
#8375=VECTOR('',#10493,0.86);
#8376=CARTESIAN_POINT('',(1.18,-1.15,-4.285));
#8377=CARTESIAN_POINT('',(1.18,-1.15,-4.285));
#8378=VECTOR('',#10494,0.0215);
#8379=CARTESIAN_POINT('',(1.18,-1.79,-4.285));
#8380=CARTESIAN_POINT('',(1.18,-1.15,-4.285));
#8381=VECTOR('',#10495,0.64);
#8382=CARTESIAN_POINT('',(1.2015,-1.79,-4.285));
#8383=CARTESIAN_POINT('',(1.18,-1.79,-4.285));
#8384=VECTOR('',#10496,0.0215);
#8385=CARTESIAN_POINT('',(1.2015,-2.78,-4.285));
#8386=CARTESIAN_POINT('',(1.2015,-2.78,-4.285));
#8387=VECTOR('',#10497,0.99);
#8388=CARTESIAN_POINT('',(1.2015,-2.78,-4.285));
#8389=VECTOR('',#10498,2.403);
#8390=CARTESIAN_POINT('',(-8.075,-2.78,-4.285));
#8391=CARTESIAN_POINT('',(-4.7985,-2.78,-4.285));
#8392=VECTOR('',#10499,3.2765);
#8393=CARTESIAN_POINT('',(-8.075,-0.95,-4.285));
#8394=CARTESIAN_POINT('',(-8.075,-0.95,-4.285));
#8395=VECTOR('',#10500,1.83);
#8396=CARTESIAN_POINT('',(-7.075,-0.95,-4.285));
#8397=CARTESIAN_POINT('',(-8.075,-0.95,-4.285));
#8398=VECTOR('',#10501,1.0);
#8399=CARTESIAN_POINT('',(-7.075,0.95,-4.285));
#8400=CARTESIAN_POINT('',(-7.075,-0.95,-4.285));
#8401=VECTOR('',#10502,1.9);
#8402=CARTESIAN_POINT('',(-8.075,0.95,-4.285));
#8403=CARTESIAN_POINT('',(-8.075,0.95,-4.285));
#8404=VECTOR('',#10503,1.0);
#8405=CARTESIAN_POINT('',(-8.075,1.6,-4.285));
#8406=CARTESIAN_POINT('',(-8.075,1.6,-4.285));
#8407=VECTOR('',#10504,0.65);
#8408=CARTESIAN_POINT('',(-4.82,1.6,-4.285));
#8409=CARTESIAN_POINT('',(-4.82,1.6,-4.285));
#8410=VECTOR('',#10505,3.255);
#8411=CARTESIAN_POINT('',(-4.82,1.21,-4.285));
#8412=CARTESIAN_POINT('',(-4.82,1.6,-4.285));
#8413=VECTOR('',#10506,0.39);
#8414=CARTESIAN_POINT('',(-4.82,1.21,-4.285));
#8415=VECTOR('',#10507,0.0215);
#8416=CARTESIAN_POINT('',(-4.82,0.35,-4.285));
#8417=CARTESIAN_POINT('',(-4.82,0.35,-4.285));
#8418=VECTOR('',#10508,0.0215);
#8419=CARTESIAN_POINT('',(-4.82,-0.29,-4.285));
#8420=CARTESIAN_POINT('',(-4.82,0.35,-4.285));
#8421=VECTOR('',#10509,0.64);
#8422=CARTESIAN_POINT('',(-4.82,-0.29,-4.285));
#8423=VECTOR('',#10510,0.0215);
#8424=CARTESIAN_POINT('',(-4.82,-1.15,-4.285));
#8425=CARTESIAN_POINT('',(-4.82,-1.15,-4.285));
#8426=VECTOR('',#10511,0.0215);
#8427=CARTESIAN_POINT('',(-4.82,-1.79,-4.285));
#8428=CARTESIAN_POINT('',(-4.82,-1.15,-4.285));
#8429=VECTOR('',#10512,0.64);
#8430=CARTESIAN_POINT('',(-4.82,-1.79,-4.285));
#8431=VECTOR('',#10513,0.0215);
#8432=CARTESIAN_POINT('',(-4.2015,-2.78,-4.285));
#8433=CARTESIAN_POINT('',(-4.2015,-1.79,-4.285));
#8434=CARTESIAN_POINT('',(-4.2015,-2.78,-4.285));
#8435=VECTOR('',#10514,0.99);
#8436=CARTESIAN_POINT('',(-4.18,-1.79,-4.285));
#8437=CARTESIAN_POINT('',(-4.2015,-1.79,-4.285));
#8438=VECTOR('',#10515,0.0215);
#8439=CARTESIAN_POINT('',(-4.18,-1.15,-4.285));
#8440=CARTESIAN_POINT('',(-4.18,-1.15,-4.285));
#8441=VECTOR('',#10516,0.64);
#8442=CARTESIAN_POINT('',(-4.2015,-1.15,-4.285));
#8443=CARTESIAN_POINT('',(-4.2015,-1.15,-4.285));
#8444=VECTOR('',#10517,0.0215);
#8445=CARTESIAN_POINT('',(-4.2015,-0.29,-4.285));
#8446=CARTESIAN_POINT('',(-4.2015,-1.15,-4.285));
#8447=VECTOR('',#10518,0.86);
#8448=CARTESIAN_POINT('',(-4.18,-0.29,-4.285));
#8449=CARTESIAN_POINT('',(-4.2015,-0.29,-4.285));
#8450=VECTOR('',#10519,0.0215);
#8451=CARTESIAN_POINT('',(-4.18,0.35,-4.285));
#8452=CARTESIAN_POINT('',(-4.18,0.35,-4.285));
#8453=VECTOR('',#10520,0.64);
#8454=CARTESIAN_POINT('',(-4.2015,0.35,-4.285));
#8455=CARTESIAN_POINT('',(-4.2015,0.35,-4.285));
#8456=VECTOR('',#10521,0.0215);
#8457=CARTESIAN_POINT('',(-4.2015,1.21,-4.285));
#8458=CARTESIAN_POINT('',(-4.2015,0.35,-4.285));
#8459=VECTOR('',#10522,0.86);
#8460=CARTESIAN_POINT('',(-4.18,1.21,-4.285));
#8461=CARTESIAN_POINT('',(-4.2015,1.21,-4.285));
#8462=VECTOR('',#10523,0.0215);
#8463=CARTESIAN_POINT('',(-4.18,1.6,-4.285));
#8464=CARTESIAN_POINT('',(-4.18,1.6,-4.285));
#8465=VECTOR('',#10524,0.39);
#8466=CARTESIAN_POINT('',(-1.82,1.6,-4.285));
#8467=CARTESIAN_POINT('',(-1.82,1.6,-4.285));
#8468=VECTOR('',#10525,2.36);
#8469=CARTESIAN_POINT('',(-1.82,1.21,-4.285));
#8470=CARTESIAN_POINT('',(-1.82,1.6,-4.285));
#8471=VECTOR('',#10526,0.39);
#8472=CARTESIAN_POINT('',(-1.7985,1.21,-4.285));
#8473=CARTESIAN_POINT('',(-1.82,1.21,-4.285));
#8474=VECTOR('',#10527,0.0215);
#8475=CARTESIAN_POINT('',(-1.7985,0.35,-4.285));
#8476=CARTESIAN_POINT('',(-1.7985,0.35,-4.285));
#8477=VECTOR('',#10528,0.86);
#8478=CARTESIAN_POINT('',(-1.82,0.35,-4.285));
#8479=CARTESIAN_POINT('',(-1.82,0.35,-4.285));
#8480=VECTOR('',#10529,0.0215);
#8481=CARTESIAN_POINT('',(-1.82,-0.29,-4.285));
#8482=CARTESIAN_POINT('',(-1.82,0.35,-4.285));
#8483=VECTOR('',#10530,0.64);
#8484=CARTESIAN_POINT('',(-1.7985,-0.29,-4.285));
#8485=CARTESIAN_POINT('',(-1.82,-0.29,-4.285));
#8486=VECTOR('',#10531,0.0215);
#8487=CARTESIAN_POINT('',(-1.7985,-1.15,-4.285));
#8488=CARTESIAN_POINT('',(-1.7985,-1.15,-4.285));
#8489=VECTOR('',#10532,0.86);
#8490=CARTESIAN_POINT('',(-1.82,-1.15,-4.285));
#8491=CARTESIAN_POINT('',(-1.82,-1.15,-4.285));
#8492=VECTOR('',#10533,0.0215);
#8493=CARTESIAN_POINT('',(-1.82,-1.79,-4.285));
#8494=CARTESIAN_POINT('',(-1.82,-1.15,-4.285));
#8495=VECTOR('',#10534,0.64);
#8496=CARTESIAN_POINT('',(-1.7985,-1.79,-4.285));
#8497=CARTESIAN_POINT('',(-1.82,-1.79,-4.285));
#8498=VECTOR('',#10535,0.0215);
#8499=CARTESIAN_POINT('',(-1.7985,-2.78,-4.285));
#8500=CARTESIAN_POINT('',(-1.7985,-2.78,-4.285));
#8501=VECTOR('',#10536,0.99);
#8502=CARTESIAN_POINT('',(-1.7985,-2.78,-4.285));
#8503=VECTOR('',#10537,2.403);
#8504=CARTESIAN_POINT('',(4.7985,3.175,-3.955));
#8505=CARTESIAN_POINT('',(4.7985,1.85,-3.955));
#8506=CARTESIAN_POINT('',(4.7985,3.175,-3.955));
#8507=VECTOR('',#10538,1.325);
#8508=CARTESIAN_POINT('',(4.7985,3.175,-4.955));
#8509=CARTESIAN_POINT('',(4.7985,3.175,-4.955));
#8510=VECTOR('',#10539,1.0);
#8511=CARTESIAN_POINT('',(4.7985,1.85,-4.955));
#8512=CARTESIAN_POINT('',(4.7985,1.85,-4.955));
#8513=VECTOR('',#10540,1.325);
#8514=CARTESIAN_POINT('',(4.7985,1.85,-3.955));
#8515=VECTOR('',#10541,1.0);
#8516=CARTESIAN_POINT('',(4.7985,1.21,-3.955));
#8517=CARTESIAN_POINT('',(4.7985,0.35,-3.955));
#8518=CARTESIAN_POINT('',(4.7985,1.21,-3.955));
#8519=VECTOR('',#10542,0.86);
#8520=CARTESIAN_POINT('',(4.7985,1.21,-3.955));
#8521=VECTOR('',#10543,0.33);
#8522=CARTESIAN_POINT('',(4.7985,0.35,-3.955));
#8523=VECTOR('',#10544,0.33);
#8524=CARTESIAN_POINT('',(4.7985,-2.78,-4.955));
#8525=CARTESIAN_POINT('',(4.7985,-2.78,-4.955));
#8526=VECTOR('',#10545,0.67);
#8527=CARTESIAN_POINT('',(4.7985,-2.78,-4.955));
#8528=VECTOR('',#10546,0.65);
#8529=CARTESIAN_POINT('',(4.7985,-1.79,-3.955));
#8530=CARTESIAN_POINT('',(4.7985,-1.79,-3.955));
#8531=VECTOR('',#10547,1.64);
#8532=CARTESIAN_POINT('',(4.7985,-1.79,-3.955));
#8533=VECTOR('',#10548,0.33);
#8534=CARTESIAN_POINT('',(4.7985,-1.15,-3.955));
#8535=CARTESIAN_POINT('',(4.7985,-1.15,-3.955));
#8536=VECTOR('',#10549,0.33);
#8537=CARTESIAN_POINT('',(4.7985,-0.29,-3.955));
#8538=CARTESIAN_POINT('',(4.7985,-0.29,-3.955));
#8539=VECTOR('',#10550,0.86);
#8540=CARTESIAN_POINT('',(4.7985,-0.29,-3.955));
#8541=VECTOR('',#10551,0.33);
#8542=CARTESIAN_POINT('',(4.2015,3.175,-3.955));
#8543=CARTESIAN_POINT('',(4.2015,1.85,-3.955));
#8544=CARTESIAN_POINT('',(4.2015,3.175,-3.955));
#8545=VECTOR('',#10552,1.325);
#8546=CARTESIAN_POINT('',(4.2015,3.175,-3.955));
#8547=VECTOR('',#10553,0.597);
#8548=CARTESIAN_POINT('',(4.2015,1.85,-3.955));
#8549=VECTOR('',#10554,0.597);
#8550=CARTESIAN_POINT('',(4.2015,1.21,-3.955));
#8551=CARTESIAN_POINT('',(4.2015,0.35,-3.955));
#8552=CARTESIAN_POINT('',(4.2015,1.21,-3.955));
#8553=VECTOR('',#10555,0.86);
#8554=CARTESIAN_POINT('',(4.2015,1.21,-3.955));
#8555=VECTOR('',#10556,0.597);
#8556=CARTESIAN_POINT('',(4.2015,0.35,-3.955));
#8557=VECTOR('',#10557,0.597);
#8558=CARTESIAN_POINT('',(4.2015,-0.29,-3.955));
#8559=CARTESIAN_POINT('',(4.2015,-0.29,-3.955));
#8560=VECTOR('',#10558,0.597);
#8561=CARTESIAN_POINT('',(4.2015,-1.15,-3.955));
#8562=CARTESIAN_POINT('',(4.2015,-1.15,-3.955));
#8563=VECTOR('',#10559,0.597);
#8564=CARTESIAN_POINT('',(4.2015,-0.29,-3.955));
#8565=VECTOR('',#10560,0.86);
#8566=CARTESIAN_POINT('',(4.2015,-1.79,-3.955));
#8567=CARTESIAN_POINT('',(4.2015,-1.79,-3.955));
#8568=VECTOR('',#10561,0.597);
#8569=CARTESIAN_POINT('',(4.2015,-1.79,-3.955));
#8570=VECTOR('',#10562,1.64);
#8571=CARTESIAN_POINT('',(4.2015,1.85,-4.955));
#8572=CARTESIAN_POINT('',(4.2015,1.85,-4.955));
#8573=VECTOR('',#10563,1.0);
#8574=CARTESIAN_POINT('',(4.2015,3.175,-4.955));
#8575=CARTESIAN_POINT('',(4.2015,1.85,-4.955));
#8576=VECTOR('',#10564,1.325);
#8577=CARTESIAN_POINT('',(4.2015,3.175,-4.955));
#8578=VECTOR('',#10565,1.0);
#8579=CARTESIAN_POINT('',(4.2015,0.35,-4.285));
#8580=VECTOR('',#10566,0.33);
#8581=CARTESIAN_POINT('',(4.2015,1.21,-4.285));
#8582=VECTOR('',#10567,0.33);
#8583=CARTESIAN_POINT('',(4.2015,-1.79,-4.285));
#8584=VECTOR('',#10568,0.33);
#8585=CARTESIAN_POINT('',(4.2015,-2.78,-4.955));
#8586=CARTESIAN_POINT('',(4.2015,-2.78,-4.955));
#8587=VECTOR('',#10569,0.65);
#8588=CARTESIAN_POINT('',(4.2015,-2.78,-4.955));
#8589=VECTOR('',#10570,0.67);
#8590=CARTESIAN_POINT('',(4.2015,-0.29,-4.285));
#8591=VECTOR('',#10571,0.33);
#8592=CARTESIAN_POINT('',(4.2015,-1.15,-4.285));
#8593=VECTOR('',#10572,0.33);
#8594=CARTESIAN_POINT('',(-6.305,3.175,-4.955));
#8595=CARTESIAN_POINT('',(-6.305,3.175,-4.955));
#8596=VECTOR('',#10573,1.5065);
#8597=CARTESIAN_POINT('',(-6.305,3.175,-3.105));
#8598=CARTESIAN_POINT('',(-6.305,3.175,-4.955));
#8599=VECTOR('',#10574,1.85);
#8600=CARTESIAN_POINT('',(6.305,3.175,-3.105));
#8601=CARTESIAN_POINT('',(-6.305,3.175,-3.105));
#8602=VECTOR('',#10575,12.61);
#8603=CARTESIAN_POINT('',(6.305,3.175,-4.955));
#8604=CARTESIAN_POINT('',(6.305,3.175,-3.105));
#8605=VECTOR('',#10576,1.85);
#8606=CARTESIAN_POINT('',(4.7985,3.175,-4.955));
#8607=VECTOR('',#10577,1.5065);
#8608=CARTESIAN_POINT('',(1.7985,3.175,-4.955));
#8609=CARTESIAN_POINT('',(1.7985,3.175,-4.955));
#8610=VECTOR('',#10578,2.403);
#8611=CARTESIAN_POINT('',(1.7985,3.175,-3.955));
#8612=CARTESIAN_POINT('',(1.7985,3.175,-4.955));
#8613=VECTOR('',#10579,1.0);
#8614=CARTESIAN_POINT('',(1.2015,3.175,-3.955));
#8615=CARTESIAN_POINT('',(1.2015,3.175,-3.955));
#8616=VECTOR('',#10580,0.597);
#8617=CARTESIAN_POINT('',(1.2015,3.175,-4.955));
#8618=CARTESIAN_POINT('',(1.2015,3.175,-4.955));
#8619=VECTOR('',#10581,1.0);
#8620=CARTESIAN_POINT('',(-1.2015,3.175,-4.955));
#8621=CARTESIAN_POINT('',(-1.2015,3.175,-4.955));
#8622=VECTOR('',#10582,2.403);
#8623=CARTESIAN_POINT('',(-1.2015,3.175,-3.955));
#8624=CARTESIAN_POINT('',(-1.2015,3.175,-4.955));
#8625=VECTOR('',#10583,1.0);
#8626=CARTESIAN_POINT('',(-1.7985,3.175,-3.955));
#8627=CARTESIAN_POINT('',(-1.7985,3.175,-3.955));
#8628=VECTOR('',#10584,0.597);
#8629=CARTESIAN_POINT('',(-1.7985,3.175,-4.955));
#8630=CARTESIAN_POINT('',(-1.7985,3.175,-4.955));
#8631=VECTOR('',#10585,1.0);
#8632=CARTESIAN_POINT('',(-4.2015,3.175,-4.955));
#8633=CARTESIAN_POINT('',(-4.2015,3.175,-4.955));
#8634=VECTOR('',#10586,2.403);
#8635=CARTESIAN_POINT('',(-4.2015,3.175,-3.955));
#8636=CARTESIAN_POINT('',(-4.2015,3.175,-4.955));
#8637=VECTOR('',#10587,1.0);
#8638=CARTESIAN_POINT('',(-4.7985,3.175,-3.955));
#8639=VECTOR('',#10588,0.597);
#8640=CARTESIAN_POINT('',(-4.2015,1.85,-3.955));
#8641=CARTESIAN_POINT('',(-4.2015,3.175,-3.955));
#8642=VECTOR('',#10589,1.325);
#8643=CARTESIAN_POINT('',(-4.7985,1.85,-3.955));
#8644=VECTOR('',#10590,0.597);
#8645=CARTESIAN_POINT('',(-4.2015,1.21,-3.955));
#8646=CARTESIAN_POINT('',(-4.7985,1.21,-3.955));
#8647=VECTOR('',#10591,0.597);
#8648=CARTESIAN_POINT('',(-4.2015,0.35,-3.955));
#8649=CARTESIAN_POINT('',(-4.2015,1.21,-3.955));
#8650=VECTOR('',#10592,0.86);
#8651=CARTESIAN_POINT('',(-4.7985,0.35,-3.955));
#8652=VECTOR('',#10593,0.597);
#8653=CARTESIAN_POINT('',(-4.2015,-0.29,-3.955));
#8654=CARTESIAN_POINT('',(-4.7985,-0.29,-3.955));
#8655=VECTOR('',#10594,0.597);
#8656=CARTESIAN_POINT('',(-4.2015,-1.15,-3.955));
#8657=CARTESIAN_POINT('',(-4.2015,-0.29,-3.955));
#8658=VECTOR('',#10595,0.86);
#8659=CARTESIAN_POINT('',(-4.7985,-1.15,-3.955));
#8660=VECTOR('',#10596,0.597);
#8661=CARTESIAN_POINT('',(-4.2015,-1.79,-3.955));
#8662=CARTESIAN_POINT('',(-4.7985,-1.79,-3.955));
#8663=VECTOR('',#10597,0.597);
#8664=CARTESIAN_POINT('',(-4.2015,-1.79,-3.955));
#8665=VECTOR('',#10598,1.64);
#8666=CARTESIAN_POINT('',(-4.18,1.85,-5.573266328441));
#8667=CARTESIAN_POINT('',(-4.18,1.85,-4.955));
#8668=CARTESIAN_POINT('',(-4.18,1.85,-5.573266328441));
#8669=VECTOR('',#10599,0.6182663284412);
#8670=CARTESIAN_POINT('',(-4.82,1.85,-5.573266328441));
#8671=CARTESIAN_POINT('',(-4.18,1.85,-5.573266328441));
#8672=VECTOR('',#10600,0.64);
#8673=CARTESIAN_POINT('',(-4.82,1.85,-4.955));
#8674=CARTESIAN_POINT('',(-4.82,1.85,-5.573266328441));
#8675=VECTOR('',#10601,0.6182663284412);
#8676=CARTESIAN_POINT('',(-4.82,1.85,-4.955));
#8677=VECTOR('',#10602,0.0215);
#8678=CARTESIAN_POINT('',(-4.2015,1.85,-4.955));
#8679=CARTESIAN_POINT('',(-4.2015,1.85,-3.955));
#8680=VECTOR('',#10603,1.0);
#8681=CARTESIAN_POINT('',(-4.2015,1.85,-4.955));
#8682=VECTOR('',#10604,0.0215);
#8683=CARTESIAN_POINT('',(-4.18,1.85,-1.645));
#8684=CARTESIAN_POINT('',(-4.18,1.85,2.555));
#8685=CARTESIAN_POINT('',(-4.18,1.85,-1.645));
#8686=VECTOR('',#10605,4.2);
#8687=CARTESIAN_POINT('',(-4.82,1.85,-1.645));
#8688=CARTESIAN_POINT('',(-4.82,1.85,-1.645));
#8689=VECTOR('',#10606,0.64);
#8690=CARTESIAN_POINT('',(-4.82,1.85,2.555));
#8691=CARTESIAN_POINT('',(-4.82,1.85,-1.645));
#8692=VECTOR('',#10607,4.2);
#8693=CARTESIAN_POINT('',(-4.18,1.85,2.555));
#8694=VECTOR('',#10608,0.64);
#8695=CARTESIAN_POINT('',(-4.18,0.35,-4.955));
#8696=CARTESIAN_POINT('',(-4.18,0.35,-4.955));
#8697=VECTOR('',#10609,0.67);
#8698=CARTESIAN_POINT('',(-4.18,-0.29,-4.955));
#8699=CARTESIAN_POINT('',(-4.18,-0.29,-4.285));
#8700=VECTOR('',#10610,0.67);
#8701=CARTESIAN_POINT('',(-4.18,-0.29,-4.955));
#8702=VECTOR('',#10611,0.64);
#8703=CARTESIAN_POINT('',(-4.18,1.21,-5.573266328441));
#8704=CARTESIAN_POINT('',(-4.18,1.21,-4.285));
#8705=VECTOR('',#10612,1.288266328441);
#8706=CARTESIAN_POINT('',(-4.18,1.21,-7.045));
#8707=AXIS2_PLACEMENT_3D('',#10613,#10614,#10615);
#8708=CARTESIAN_POINT('',(-4.18,1.21,-7.295));
#8709=CARTESIAN_POINT('',(-4.18,1.21,-7.045));
#8710=VECTOR('',#10616,0.25);
#8711=CARTESIAN_POINT('',(-4.18,1.419435522388,-8.135));
#8712=CARTESIAN_POINT('',(-4.18,1.21,-7.295));
#8713=VECTOR('',#10617,0.86571544865391);
#8714=CARTESIAN_POINT('',(-4.18,1.640564477612,-8.135));
#8715=CARTESIAN_POINT('',(-4.18,1.419435522388,-8.135));
#8716=VECTOR('',#10618,0.2211289552235);
#8717=CARTESIAN_POINT('',(-4.18,1.85,-7.295));
#8718=CARTESIAN_POINT('',(-4.18,1.640564477612,-8.135));
#8719=VECTOR('',#10619,0.86571544865391);
#8720=CARTESIAN_POINT('',(-4.18,1.85,-7.045));
#8721=CARTESIAN_POINT('',(-4.18,1.85,-7.295));
#8722=VECTOR('',#10620,0.25);
#8723=AXIS2_PLACEMENT_3D('',#10621,#10622,#10623);
#8724=CARTESIAN_POINT('',(-4.18,1.6,-4.955));
#8725=CARTESIAN_POINT('',(-4.18,1.6,-4.955));
#8726=VECTOR('',#10624,0.25);
#8727=CARTESIAN_POINT('',(-4.18,1.6,-4.285));
#8728=VECTOR('',#10625,0.67);
#8729=CARTESIAN_POINT('',(-4.18,1.21,2.555));
#8730=CARTESIAN_POINT('',(-4.18,1.21,-1.645));
#8731=CARTESIAN_POINT('',(-4.18,1.21,2.555));
#8732=VECTOR('',#10626,4.2);
#8733=CARTESIAN_POINT('',(-4.18,1.21,-1.645));
#8734=VECTOR('',#10627,0.64);
#8735=CARTESIAN_POINT('',(-4.18,1.85,2.555));
#8736=VECTOR('',#10628,0.64);
#8737=CARTESIAN_POINT('',(-4.18,-1.79,2.555));
#8738=CARTESIAN_POINT('',(-4.18,-1.79,-1.645));
#8739=CARTESIAN_POINT('',(-4.18,-1.79,2.555));
#8740=VECTOR('',#10629,4.2);
#8741=CARTESIAN_POINT('',(-4.18,-1.15,-1.645));
#8742=CARTESIAN_POINT('',(-4.18,-1.79,-1.645));
#8743=VECTOR('',#10630,0.64);
#8744=CARTESIAN_POINT('',(-4.18,-1.15,2.555));
#8745=CARTESIAN_POINT('',(-4.18,-1.15,-1.645));
#8746=VECTOR('',#10631,4.2);
#8747=CARTESIAN_POINT('',(-4.18,-1.15,2.555));
#8748=VECTOR('',#10632,0.64);
#8749=CARTESIAN_POINT('',(-4.18,-1.15,-5.573266328441));
#8750=CARTESIAN_POINT('',(-4.18,-1.15,-5.573266328441));
#8751=VECTOR('',#10633,1.288266328441);
#8752=CARTESIAN_POINT('',(-4.18,-1.79,-5.573266328441));
#8753=CARTESIAN_POINT('',(-4.18,-1.79,-4.285));
#8754=VECTOR('',#10634,1.288266328441);
#8755=CARTESIAN_POINT('',(-4.18,-1.79,-7.045));
#8756=AXIS2_PLACEMENT_3D('',#10635,#10636,#10637);
#8757=CARTESIAN_POINT('',(-4.18,-1.79,-7.295));
#8758=CARTESIAN_POINT('',(-4.18,-1.79,-7.045));
#8759=VECTOR('',#10638,0.25);
#8760=CARTESIAN_POINT('',(-4.18,-1.580564477612,-8.135));
#8761=CARTESIAN_POINT('',(-4.18,-1.79,-7.295));
#8762=VECTOR('',#10639,0.86571544865391);
#8763=CARTESIAN_POINT('',(-4.18,-1.359435522388,-8.135));
#8764=CARTESIAN_POINT('',(-4.18,-1.580564477612,-8.135));
#8765=VECTOR('',#10640,0.2211289552235);
#8766=CARTESIAN_POINT('',(-4.18,-1.15,-7.295));
#8767=CARTESIAN_POINT('',(-4.18,-1.359435522388,-8.135));
#8768=VECTOR('',#10641,0.86571544865391);
#8769=CARTESIAN_POINT('',(-4.18,-1.15,-7.045));
#8770=CARTESIAN_POINT('',(-4.18,-1.15,-7.295));
#8771=VECTOR('',#10642,0.25);
#8772=AXIS2_PLACEMENT_3D('',#10643,#10644,#10645);
#8773=CARTESIAN_POINT('',(-4.82,0.35,-4.955));
#8774=CARTESIAN_POINT('',(-4.18,0.35,-4.955));
#8775=VECTOR('',#10646,0.64);
#8776=CARTESIAN_POINT('',(-4.82,0.35,-4.955));
#8777=VECTOR('',#10647,0.67);
#8778=CARTESIAN_POINT('',(-4.2015,0.35,-3.955));
#8779=VECTOR('',#10648,0.33);
#8780=CARTESIAN_POINT('',(-4.2015,-2.78,-4.955));
#8781=CARTESIAN_POINT('',(-4.2015,-2.78,-4.955));
#8782=VECTOR('',#10649,0.67);
#8783=CARTESIAN_POINT('',(-4.2015,-2.78,-4.955));
#8784=VECTOR('',#10650,0.65);
#8785=CARTESIAN_POINT('',(-4.2015,-1.79,-3.955));
#8786=VECTOR('',#10651,0.33);
#8787=CARTESIAN_POINT('',(-4.2015,1.85,-4.955));
#8788=VECTOR('',#10652,1.325);
#8789=CARTESIAN_POINT('',(-4.2015,1.21,-3.955));
#8790=VECTOR('',#10653,0.33);
#8791=CARTESIAN_POINT('',(-4.2015,-1.15,-3.955));
#8792=VECTOR('',#10654,0.33);
#8793=CARTESIAN_POINT('',(-4.2015,-0.29,-3.955));
#8794=VECTOR('',#10655,0.33);
#8795=CARTESIAN_POINT('',(-4.82,-1.79,2.555));
#8796=CARTESIAN_POINT('',(-4.18,-1.79,2.555));
#8797=VECTOR('',#10656,0.64);
#8798=CARTESIAN_POINT('',(-4.82,-1.79,-1.645));
#8799=CARTESIAN_POINT('',(-4.82,-1.79,2.555));
#8800=VECTOR('',#10657,4.2);
#8801=CARTESIAN_POINT('',(-4.82,-1.79,-1.645));
#8802=VECTOR('',#10658,0.64);
#8803=CARTESIAN_POINT('',(-4.82,-1.79,-5.573266328441));
#8804=CARTESIAN_POINT('',(-4.82,-1.79,-4.285));
#8805=VECTOR('',#10659,1.288266328441);
#8806=CARTESIAN_POINT('',(-4.18,-1.79,-5.573266328441));
#8807=VECTOR('',#10660,0.64);
#8808=CARTESIAN_POINT('',(3.23,2.77,-1.645));
#8809=CARTESIAN_POINT('',(3.23,0.93,-1.645));
#8810=CARTESIAN_POINT('',(3.23,2.77,-1.645));
#8811=VECTOR('',#10661,1.84);
#8812=CARTESIAN_POINT('',(3.93,0.23,-1.645));
#8813=CARTESIAN_POINT('',(3.23,0.93,-1.645));
#8814=VECTOR('',#10662,0.989949493661133);
#8815=CARTESIAN_POINT('',(5.77,0.23,-1.645));
#8816=CARTESIAN_POINT('',(3.93,0.23,-1.645));
#8817=VECTOR('',#10663,1.84);
#8818=CARTESIAN_POINT('',(5.77,2.77,-1.645));
#8819=CARTESIAN_POINT('',(5.77,0.23,-1.645));
#8820=VECTOR('',#10664,2.54);
#8821=CARTESIAN_POINT('',(5.77,2.77,-1.645));
#8822=VECTOR('',#10665,2.54);
#8823=CARTESIAN_POINT('',(4.82,1.21,-1.645));
#8824=CARTESIAN_POINT('',(4.82,1.85,-1.645));
#8825=CARTESIAN_POINT('',(4.82,1.21,-1.645));
#8826=VECTOR('',#10666,0.64);
#8827=CARTESIAN_POINT('',(4.18,1.21,-1.645));
#8828=CARTESIAN_POINT('',(4.18,1.21,-1.645));
#8829=VECTOR('',#10667,0.64);
#8830=CARTESIAN_POINT('',(4.18,1.85,-1.645));
#8831=CARTESIAN_POINT('',(4.18,1.21,-1.645));
#8832=VECTOR('',#10668,0.64);
#8833=CARTESIAN_POINT('',(4.18,1.85,-1.645));
#8834=VECTOR('',#10669,0.64);
#8835=CARTESIAN_POINT('',(5.77,-0.23,-1.645));
#8836=CARTESIAN_POINT('',(3.23,-0.23,-1.645));
#8837=CARTESIAN_POINT('',(5.77,-0.23,-1.645));
#8838=VECTOR('',#10670,2.54);
#8839=CARTESIAN_POINT('',(3.23,-2.07,-1.645));
#8840=CARTESIAN_POINT('',(3.23,-0.23,-1.645));
#8841=VECTOR('',#10671,1.84);
#8842=CARTESIAN_POINT('',(3.93,-2.77,-1.645));
#8843=CARTESIAN_POINT('',(3.23,-2.07,-1.645));
#8844=VECTOR('',#10672,0.989949493661133);
#8845=CARTESIAN_POINT('',(5.77,-2.77,-1.645));
#8846=CARTESIAN_POINT('',(3.93,-2.77,-1.645));
#8847=VECTOR('',#10673,1.84);
#8848=CARTESIAN_POINT('',(5.77,-2.77,-1.645));
#8849=VECTOR('',#10674,2.54);
#8850=CARTESIAN_POINT('',(4.82,-1.79,-1.645));
#8851=CARTESIAN_POINT('',(4.82,-1.15,-1.645));
#8852=CARTESIAN_POINT('',(4.82,-1.79,-1.645));
#8853=VECTOR('',#10675,0.64);
#8854=CARTESIAN_POINT('',(4.18,-1.79,-1.645));
#8855=CARTESIAN_POINT('',(4.18,-1.79,-1.645));
#8856=VECTOR('',#10676,0.64);
#8857=CARTESIAN_POINT('',(4.18,-1.15,-1.645));
#8858=CARTESIAN_POINT('',(4.18,-1.79,-1.645));
#8859=VECTOR('',#10677,0.64);
#8860=CARTESIAN_POINT('',(4.18,-1.15,-1.645));
#8861=VECTOR('',#10678,0.64);
#8862=CARTESIAN_POINT('',(0.23,-0.23,-1.645));
#8863=CARTESIAN_POINT('',(0.23,-2.77,-1.645));
#8864=CARTESIAN_POINT('',(0.23,-0.23,-1.645));
#8865=VECTOR('',#10679,2.54);
#8866=CARTESIAN_POINT('',(2.07,-2.77,-1.645));
#8867=CARTESIAN_POINT('',(0.23,-2.77,-1.645));
#8868=VECTOR('',#10680,1.84);
#8869=CARTESIAN_POINT('',(2.77,-2.07,-1.645));
#8870=CARTESIAN_POINT('',(2.07,-2.77,-1.645));
#8871=VECTOR('',#10681,0.989949493661133);
#8872=CARTESIAN_POINT('',(2.77,-0.23,-1.645));
#8873=CARTESIAN_POINT('',(2.77,-2.07,-1.645));
#8874=VECTOR('',#10682,1.84);
#8875=CARTESIAN_POINT('',(2.77,-0.23,-1.645));
#8876=VECTOR('',#10683,2.54);
#8877=CARTESIAN_POINT('',(1.82,-1.79,-1.645));
#8878=CARTESIAN_POINT('',(1.82,-1.15,-1.645));
#8879=CARTESIAN_POINT('',(1.82,-1.79,-1.645));
#8880=VECTOR('',#10684,0.64);
#8881=CARTESIAN_POINT('',(1.18,-1.79,-1.645));
#8882=CARTESIAN_POINT('',(1.18,-1.79,-1.645));
#8883=VECTOR('',#10685,0.64);
#8884=CARTESIAN_POINT('',(1.18,-1.15,-1.645));
#8885=CARTESIAN_POINT('',(1.18,-1.79,-1.645));
#8886=VECTOR('',#10686,0.64);
#8887=CARTESIAN_POINT('',(1.18,-1.15,-1.645));
#8888=VECTOR('',#10687,0.64);
#8889=CARTESIAN_POINT('',(0.23,0.23,-1.645));
#8890=CARTESIAN_POINT('',(2.07,0.23,-1.645));
#8891=CARTESIAN_POINT('',(0.23,0.23,-1.645));
#8892=VECTOR('',#10688,1.84);
#8893=CARTESIAN_POINT('',(2.77,0.93,-1.645));
#8894=CARTESIAN_POINT('',(2.07,0.23,-1.645));
#8895=VECTOR('',#10689,0.989949493661133);
#8896=CARTESIAN_POINT('',(2.77,2.77,-1.645));
#8897=CARTESIAN_POINT('',(2.77,0.93,-1.645));
#8898=VECTOR('',#10690,1.84);
#8899=CARTESIAN_POINT('',(0.23,2.77,-1.645));
#8900=CARTESIAN_POINT('',(2.77,2.77,-1.645));
#8901=VECTOR('',#10691,2.54);
#8902=CARTESIAN_POINT('',(0.23,2.77,-1.645));
#8903=VECTOR('',#10692,2.54);
#8904=CARTESIAN_POINT('',(1.82,1.21,-1.645));
#8905=CARTESIAN_POINT('',(1.82,1.85,-1.645));
#8906=CARTESIAN_POINT('',(1.82,1.21,-1.645));
#8907=VECTOR('',#10693,0.64);
#8908=CARTESIAN_POINT('',(1.18,1.21,-1.645));
#8909=CARTESIAN_POINT('',(1.18,1.21,-1.645));
#8910=VECTOR('',#10694,0.64);
#8911=CARTESIAN_POINT('',(1.18,1.85,-1.645));
#8912=CARTESIAN_POINT('',(1.18,1.21,-1.645));
#8913=VECTOR('',#10695,0.64);
#8914=CARTESIAN_POINT('',(1.18,1.85,-1.645));
#8915=VECTOR('',#10696,0.64);
#8916=CARTESIAN_POINT('',(-2.07,0.23,-1.645));
#8917=CARTESIAN_POINT('',(-0.23,0.23,-1.645));
#8918=CARTESIAN_POINT('',(-2.07,0.23,-1.645));
#8919=VECTOR('',#10697,1.84);
#8920=CARTESIAN_POINT('',(-0.23,2.77,-1.645));
#8921=CARTESIAN_POINT('',(-0.23,0.23,-1.645));
#8922=VECTOR('',#10698,2.54);
#8923=CARTESIAN_POINT('',(-2.77,2.77,-1.645));
#8924=CARTESIAN_POINT('',(-0.23,2.77,-1.645));
#8925=VECTOR('',#10699,2.54);
#8926=CARTESIAN_POINT('',(-2.77,0.93,-1.645));
#8927=CARTESIAN_POINT('',(-2.77,2.77,-1.645));
#8928=VECTOR('',#10700,1.84);
#8929=CARTESIAN_POINT('',(-2.77,0.93,-1.645));
#8930=VECTOR('',#10701,0.989949493661133);
#8931=CARTESIAN_POINT('',(-1.18,1.21,-1.645));
#8932=CARTESIAN_POINT('',(-1.18,1.85,-1.645));
#8933=CARTESIAN_POINT('',(-1.18,1.21,-1.645));
#8934=VECTOR('',#10702,0.64);
#8935=CARTESIAN_POINT('',(-1.82,1.21,-1.645));
#8936=CARTESIAN_POINT('',(-1.82,1.21,-1.645));
#8937=VECTOR('',#10703,0.64);
#8938=CARTESIAN_POINT('',(-1.82,1.85,-1.645));
#8939=CARTESIAN_POINT('',(-1.82,1.21,-1.645));
#8940=VECTOR('',#10704,0.64);
#8941=CARTESIAN_POINT('',(-1.82,1.85,-1.645));
#8942=VECTOR('',#10705,0.64);
#8943=CARTESIAN_POINT('',(-0.23,-0.23,-1.645));
#8944=CARTESIAN_POINT('',(-2.77,-0.23,-1.645));
#8945=CARTESIAN_POINT('',(-0.23,-0.23,-1.645));
#8946=VECTOR('',#10706,2.54);
#8947=CARTESIAN_POINT('',(-2.77,-2.07,-1.645));
#8948=CARTESIAN_POINT('',(-2.77,-0.23,-1.645));
#8949=VECTOR('',#10707,1.84);
#8950=CARTESIAN_POINT('',(-2.07,-2.77,-1.645));
#8951=CARTESIAN_POINT('',(-2.77,-2.07,-1.645));
#8952=VECTOR('',#10708,0.989949493661133);
#8953=CARTESIAN_POINT('',(-0.23,-2.77,-1.645));
#8954=CARTESIAN_POINT('',(-2.07,-2.77,-1.645));
#8955=VECTOR('',#10709,1.84);
#8956=CARTESIAN_POINT('',(-0.23,-2.77,-1.645));
#8957=VECTOR('',#10710,2.54);
#8958=CARTESIAN_POINT('',(-1.18,-1.79,-1.645));
#8959=CARTESIAN_POINT('',(-1.18,-1.15,-1.645));
#8960=CARTESIAN_POINT('',(-1.18,-1.79,-1.645));
#8961=VECTOR('',#10711,0.64);
#8962=CARTESIAN_POINT('',(-1.82,-1.79,-1.645));
#8963=CARTESIAN_POINT('',(-1.82,-1.79,-1.645));
#8964=VECTOR('',#10712,0.64);
#8965=CARTESIAN_POINT('',(-1.82,-1.15,-1.645));
#8966=CARTESIAN_POINT('',(-1.82,-1.79,-1.645));
#8967=VECTOR('',#10713,0.64);
#8968=CARTESIAN_POINT('',(-1.82,-1.15,-1.645));
#8969=VECTOR('',#10714,0.64);
#8970=CARTESIAN_POINT('',(-5.77,-2.77,-1.645));
#8971=CARTESIAN_POINT('',(-3.93,-2.77,-1.645));
#8972=CARTESIAN_POINT('',(-5.77,-2.77,-1.645));
#8973=VECTOR('',#10715,1.84);
#8974=CARTESIAN_POINT('',(-3.23,-2.07,-1.645));
#8975=CARTESIAN_POINT('',(-3.93,-2.77,-1.645));
#8976=VECTOR('',#10716,0.989949493661133);
#8977=CARTESIAN_POINT('',(-3.23,-0.23,-1.645));
#8978=CARTESIAN_POINT('',(-3.23,-2.07,-1.645));
#8979=VECTOR('',#10717,1.84);
#8980=CARTESIAN_POINT('',(-5.77,-0.23,-1.645));
#8981=CARTESIAN_POINT('',(-3.23,-0.23,-1.645));
#8982=VECTOR('',#10718,2.54);
#8983=CARTESIAN_POINT('',(-5.77,-0.23,-1.645));
#8984=VECTOR('',#10719,2.54);
#8985=CARTESIAN_POINT('',(-4.82,-1.15,-1.645));
#8986=CARTESIAN_POINT('',(-4.82,-1.79,-1.645));
#8987=VECTOR('',#10720,0.64);
#8988=CARTESIAN_POINT('',(-4.82,-1.15,-1.645));
#8989=VECTOR('',#10721,0.64);
#8990=CARTESIAN_POINT('',(-5.77,0.23,-1.645));
#8991=CARTESIAN_POINT('',(-3.23,0.23,-1.645));
#8992=CARTESIAN_POINT('',(-5.77,0.23,-1.645));
#8993=VECTOR('',#10722,2.54);
#8994=CARTESIAN_POINT('',(-3.23,2.77,-1.645));
#8995=CARTESIAN_POINT('',(-3.23,0.23,-1.645));
#8996=VECTOR('',#10723,2.54);
#8997=CARTESIAN_POINT('',(-5.77,2.77,-1.645));
#8998=CARTESIAN_POINT('',(-3.23,2.77,-1.645));
#8999=VECTOR('',#10724,2.54);
#9000=CARTESIAN_POINT('',(-5.77,2.77,-1.645));
#9001=VECTOR('',#10725,2.54);
#9002=CARTESIAN_POINT('',(-4.82,1.21,-1.645));
#9003=CARTESIAN_POINT('',(-4.82,1.21,-1.645));
#9004=VECTOR('',#10726,0.64);
#9005=CARTESIAN_POINT('',(-4.82,1.21,-1.645));
#9006=VECTOR('',#10727,0.64);
#9007=CARTESIAN_POINT('',(3.23,0.93,4.955));
#9008=VECTOR('',#10728,6.6);
#9009=CARTESIAN_POINT('',(3.23,2.77,4.955));
#9010=VECTOR('',#10729,6.6);
#9011=CARTESIAN_POINT('',(5.77,2.77,4.955));
#9012=VECTOR('',#10730,6.6);
#9013=CARTESIAN_POINT('',(5.77,0.23,4.955));
#9014=VECTOR('',#10731,6.6);
#9015=CARTESIAN_POINT('',(3.93,0.23,4.955));
#9016=VECTOR('',#10732,6.6);
#9017=CARTESIAN_POINT('',(3.23,-0.23,4.955));
#9018=VECTOR('',#10733,6.6);
#9019=CARTESIAN_POINT('',(5.77,-0.23,4.955));
#9020=VECTOR('',#10734,6.6);
#9021=CARTESIAN_POINT('',(5.77,-2.77,4.955));
#9022=VECTOR('',#10735,6.6);
#9023=CARTESIAN_POINT('',(3.93,-2.77,4.955));
#9024=VECTOR('',#10736,6.6);
#9025=CARTESIAN_POINT('',(3.23,-2.07,4.955));
#9026=VECTOR('',#10737,6.6);
#9027=CARTESIAN_POINT('',(0.23,-2.77,4.955));
#9028=VECTOR('',#10738,6.6);
#9029=CARTESIAN_POINT('',(0.23,-0.23,4.955));
#9030=VECTOR('',#10739,6.6);
#9031=CARTESIAN_POINT('',(2.77,-0.23,4.955));
#9032=VECTOR('',#10740,6.6);
#9033=CARTESIAN_POINT('',(2.77,-2.07,4.955));
#9034=VECTOR('',#10741,6.6);
#9035=CARTESIAN_POINT('',(2.07,-2.77,4.955));
#9036=VECTOR('',#10742,6.6);
#9037=CARTESIAN_POINT('',(2.07,0.23,4.955));
#9038=VECTOR('',#10743,6.6);
#9039=CARTESIAN_POINT('',(0.23,0.23,4.955));
#9040=VECTOR('',#10744,6.6);
#9041=CARTESIAN_POINT('',(0.23,2.77,4.955));
#9042=VECTOR('',#10745,6.6);
#9043=CARTESIAN_POINT('',(2.77,2.77,4.955));
#9044=VECTOR('',#10746,6.6);
#9045=CARTESIAN_POINT('',(2.77,0.93,4.955));
#9046=VECTOR('',#10747,6.6);
#9047=CARTESIAN_POINT('',(-0.23,0.23,4.955));
#9048=VECTOR('',#10748,6.6);
#9049=CARTESIAN_POINT('',(-2.07,0.23,4.955));
#9050=VECTOR('',#10749,6.6);
#9051=CARTESIAN_POINT('',(-2.77,0.93,4.955));
#9052=VECTOR('',#10750,6.6);
#9053=CARTESIAN_POINT('',(-2.77,2.77,4.955));
#9054=VECTOR('',#10751,6.6);
#9055=CARTESIAN_POINT('',(-0.23,2.77,4.955));
#9056=VECTOR('',#10752,6.6);
#9057=CARTESIAN_POINT('',(-2.77,-0.23,4.955));
#9058=VECTOR('',#10753,6.6);
#9059=CARTESIAN_POINT('',(-0.23,-0.23,4.955));
#9060=VECTOR('',#10754,6.6);
#9061=CARTESIAN_POINT('',(-0.23,-2.77,4.955));
#9062=VECTOR('',#10755,6.6);
#9063=CARTESIAN_POINT('',(-2.07,-2.77,4.955));
#9064=VECTOR('',#10756,6.6);
#9065=CARTESIAN_POINT('',(-2.77,-2.07,4.955));
#9066=VECTOR('',#10757,6.6);
#9067=CARTESIAN_POINT('',(-3.93,-2.77,4.955));
#9068=VECTOR('',#10758,6.6);
#9069=CARTESIAN_POINT('',(-5.77,-2.77,4.955));
#9070=VECTOR('',#10759,6.6);
#9071=CARTESIAN_POINT('',(-5.77,-0.23,4.955));
#9072=VECTOR('',#10760,6.6);
#9073=CARTESIAN_POINT('',(-3.23,-0.23,4.955));
#9074=VECTOR('',#10761,6.6);
#9075=CARTESIAN_POINT('',(-3.23,-2.07,4.955));
#9076=VECTOR('',#10762,6.6);
#9077=CARTESIAN_POINT('',(-3.23,0.23,4.955));
#9078=VECTOR('',#10763,6.6);
#9079=CARTESIAN_POINT('',(-5.77,0.23,4.955));
#9080=VECTOR('',#10764,6.6);
#9081=CARTESIAN_POINT('',(-5.77,2.77,4.955));
#9082=VECTOR('',#10765,6.6);
#9083=CARTESIAN_POINT('',(-3.23,2.77,4.955));
#9084=VECTOR('',#10766,6.6);
#9085=CARTESIAN_POINT('',(4.82,0.35,-4.955));
#9086=CARTESIAN_POINT('',(4.82,0.35,-4.955));
#9087=VECTOR('',#10767,0.67);
#9088=CARTESIAN_POINT('',(4.82,-0.29,-4.955));
#9089=CARTESIAN_POINT('',(4.82,-0.29,-4.285));
#9090=VECTOR('',#10768,0.67);
#9091=CARTESIAN_POINT('',(4.82,-0.29,-4.955));
#9092=VECTOR('',#10769,0.64);
#9093=CARTESIAN_POINT('',(4.82,1.21,2.555));
#9094=CARTESIAN_POINT('',(4.82,1.21,2.555));
#9095=VECTOR('',#10770,4.2);
#9096=CARTESIAN_POINT('',(4.82,1.85,2.555));
#9097=CARTESIAN_POINT('',(4.82,1.85,-1.645));
#9098=VECTOR('',#10771,4.2);
#9099=CARTESIAN_POINT('',(4.82,1.85,2.555));
#9100=VECTOR('',#10772,0.64);
#9101=CARTESIAN_POINT('',(4.82,1.85,-5.573266328441));
#9102=CARTESIAN_POINT('',(4.82,1.85,-4.955));
#9103=CARTESIAN_POINT('',(4.82,1.85,-5.573266328441));
#9104=VECTOR('',#10773,0.6182663284412);
#9105=CARTESIAN_POINT('',(4.82,1.6,-4.955));
#9106=CARTESIAN_POINT('',(4.82,1.6,-4.955));
#9107=VECTOR('',#10774,0.25);
#9108=CARTESIAN_POINT('',(4.82,1.6,-4.285));
#9109=VECTOR('',#10775,0.67);
#9110=CARTESIAN_POINT('',(4.82,1.21,-5.573266328441));
#9111=CARTESIAN_POINT('',(4.82,1.21,-4.285));
#9112=VECTOR('',#10776,1.288266328441);
#9113=CARTESIAN_POINT('',(4.82,1.21,-7.045));
#9114=AXIS2_PLACEMENT_3D('',#10777,#10778,#10779);
#9115=CARTESIAN_POINT('',(4.82,1.21,-7.295));
#9116=CARTESIAN_POINT('',(4.82,1.21,-7.045));
#9117=VECTOR('',#10780,0.25);
#9118=CARTESIAN_POINT('',(4.82,1.419435522388,-8.135));
#9119=CARTESIAN_POINT('',(4.82,1.21,-7.295));
#9120=VECTOR('',#10781,0.86571544865391);
#9121=CARTESIAN_POINT('',(4.82,1.640564477612,-8.135));
#9122=CARTESIAN_POINT('',(4.82,1.419435522388,-8.135));
#9123=VECTOR('',#10782,0.2211289552235);
#9124=CARTESIAN_POINT('',(4.82,1.85,-7.295));
#9125=CARTESIAN_POINT('',(4.82,1.640564477612,-8.135));
#9126=VECTOR('',#10783,0.86571544865391);
#9127=CARTESIAN_POINT('',(4.82,1.85,-7.045));
#9128=CARTESIAN_POINT('',(4.82,1.85,-7.295));
#9129=VECTOR('',#10784,0.25);
#9130=AXIS2_PLACEMENT_3D('',#10785,#10786,#10787);
#9131=CARTESIAN_POINT('',(4.82,-1.79,2.555));
#9132=CARTESIAN_POINT('',(4.82,-1.79,2.555));
#9133=VECTOR('',#10788,4.2);
#9134=CARTESIAN_POINT('',(4.82,-1.15,2.555));
#9135=CARTESIAN_POINT('',(4.82,-1.15,-1.645));
#9136=VECTOR('',#10789,4.2);
#9137=CARTESIAN_POINT('',(4.82,-1.15,2.555));
#9138=VECTOR('',#10790,0.64);
#9139=CARTESIAN_POINT('',(4.82,-1.15,-5.573266328441));
#9140=CARTESIAN_POINT('',(4.82,-1.15,-5.573266328441));
#9141=VECTOR('',#10791,1.288266328441);
#9142=CARTESIAN_POINT('',(4.82,-1.79,-5.573266328441));
#9143=CARTESIAN_POINT('',(4.82,-1.79,-4.285));
#9144=VECTOR('',#10792,1.288266328441);
#9145=CARTESIAN_POINT('',(4.82,-1.79,-7.045));
#9146=AXIS2_PLACEMENT_3D('',#10793,#10794,#10795);
#9147=CARTESIAN_POINT('',(4.82,-1.79,-7.295));
#9148=CARTESIAN_POINT('',(4.82,-1.79,-7.045));
#9149=VECTOR('',#10796,0.25);
#9150=CARTESIAN_POINT('',(4.82,-1.580564477612,-8.135));
#9151=CARTESIAN_POINT('',(4.82,-1.79,-7.295));
#9152=VECTOR('',#10797,0.86571544865391);
#9153=CARTESIAN_POINT('',(4.82,-1.359435522388,-8.135));
#9154=CARTESIAN_POINT('',(4.82,-1.580564477612,-8.135));
#9155=VECTOR('',#10798,0.2211289552235);
#9156=CARTESIAN_POINT('',(4.82,-1.15,-7.295));
#9157=CARTESIAN_POINT('',(4.82,-1.359435522388,-8.135));
#9158=VECTOR('',#10799,0.86571544865391);
#9159=CARTESIAN_POINT('',(4.82,-1.15,-7.045));
#9160=CARTESIAN_POINT('',(4.82,-1.15,-7.295));
#9161=VECTOR('',#10800,0.25);
#9162=AXIS2_PLACEMENT_3D('',#10801,#10802,#10803);
#9163=CARTESIAN_POINT('',(4.18,0.35,-4.955));
#9164=CARTESIAN_POINT('',(4.82,0.35,-4.955));
#9165=VECTOR('',#10804,0.64);
#9166=CARTESIAN_POINT('',(4.18,0.35,-4.955));
#9167=VECTOR('',#10805,0.67);
#9168=CARTESIAN_POINT('',(4.18,1.6,-4.955));
#9169=CARTESIAN_POINT('',(4.18,1.6,-4.285));
#9170=VECTOR('',#10806,0.67);
#9171=CARTESIAN_POINT('',(4.18,1.85,-4.955));
#9172=CARTESIAN_POINT('',(4.18,1.6,-4.955));
#9173=VECTOR('',#10807,0.25);
#9174=CARTESIAN_POINT('',(4.18,1.85,-5.573266328441));
#9175=CARTESIAN_POINT('',(4.18,1.85,-5.573266328441));
#9176=VECTOR('',#10808,0.6182663284412);
#9177=CARTESIAN_POINT('',(4.18,1.85,-7.045));
#9178=AXIS2_PLACEMENT_3D('',#10809,#10810,#10811);
#9179=CARTESIAN_POINT('',(4.18,1.85,-7.295));
#9180=CARTESIAN_POINT('',(4.18,1.85,-7.295));
#9181=VECTOR('',#10812,0.25);
#9182=CARTESIAN_POINT('',(4.18,1.640564477612,-8.135));
#9183=CARTESIAN_POINT('',(4.18,1.640564477612,-8.135));
#9184=VECTOR('',#10813,0.86571544865391);
#9185=CARTESIAN_POINT('',(4.18,1.419435522388,-8.135));
#9186=CARTESIAN_POINT('',(4.18,1.419435522388,-8.135));
#9187=VECTOR('',#10814,0.2211289552235);
#9188=CARTESIAN_POINT('',(4.18,1.21,-7.295));
#9189=CARTESIAN_POINT('',(4.18,1.21,-7.295));
#9190=VECTOR('',#10815,0.86571544865391);
#9191=CARTESIAN_POINT('',(4.18,1.21,-7.045));
#9192=CARTESIAN_POINT('',(4.18,1.21,-7.045));
#9193=VECTOR('',#10816,0.25);
#9194=CARTESIAN_POINT('',(4.18,1.21,-5.573266328441));
#9195=AXIS2_PLACEMENT_3D('',#10817,#10818,#10819);
#9196=CARTESIAN_POINT('',(4.18,1.21,-4.285));
#9197=VECTOR('',#10820,1.288266328441);
#9198=CARTESIAN_POINT('',(4.18,-0.29,-4.955));
#9199=CARTESIAN_POINT('',(4.18,-0.29,-4.955));
#9200=VECTOR('',#10821,0.64);
#9201=CARTESIAN_POINT('',(4.18,-0.29,-4.285));
#9202=VECTOR('',#10822,0.67);
#9203=CARTESIAN_POINT('',(4.18,1.21,2.555));
#9204=CARTESIAN_POINT('',(4.18,1.21,2.555));
#9205=VECTOR('',#10823,4.2);
#9206=CARTESIAN_POINT('',(4.18,1.85,2.555));
#9207=CARTESIAN_POINT('',(4.18,1.85,2.555));
#9208=VECTOR('',#10824,0.64);
#9209=CARTESIAN_POINT('',(4.18,1.85,-1.645));
#9210=VECTOR('',#10825,4.2);
#9211=CARTESIAN_POINT('',(4.18,-1.79,2.555));
#9212=CARTESIAN_POINT('',(4.18,-1.79,2.555));
#9213=VECTOR('',#10826,4.2);
#9214=CARTESIAN_POINT('',(4.18,-1.15,2.555));
#9215=CARTESIAN_POINT('',(4.18,-1.15,2.555));
#9216=VECTOR('',#10827,0.64);
#9217=CARTESIAN_POINT('',(4.18,-1.15,-1.645));
#9218=VECTOR('',#10828,4.2);
#9219=CARTESIAN_POINT('',(4.18,-1.15,-5.573266328441));
#9220=CARTESIAN_POINT('',(4.18,-1.15,-5.573266328441));
#9221=VECTOR('',#10829,1.288266328441);
#9222=CARTESIAN_POINT('',(4.18,-1.15,-7.045));
#9223=AXIS2_PLACEMENT_3D('',#10830,#10831,#10832);
#9224=CARTESIAN_POINT('',(4.18,-1.15,-7.295));
#9225=CARTESIAN_POINT('',(4.18,-1.15,-7.295));
#9226=VECTOR('',#10833,0.25);
#9227=CARTESIAN_POINT('',(4.18,-1.359435522388,-8.135));
#9228=CARTESIAN_POINT('',(4.18,-1.359435522388,-8.135));
#9229=VECTOR('',#10834,0.86571544865391);
#9230=CARTESIAN_POINT('',(4.18,-1.580564477612,-8.135));
#9231=CARTESIAN_POINT('',(4.18,-1.580564477612,-8.135));
#9232=VECTOR('',#10835,0.2211289552235);
#9233=CARTESIAN_POINT('',(4.18,-1.79,-7.295));
#9234=CARTESIAN_POINT('',(4.18,-1.79,-7.295));
#9235=VECTOR('',#10836,0.86571544865391);
#9236=CARTESIAN_POINT('',(4.18,-1.79,-7.045));
#9237=CARTESIAN_POINT('',(4.18,-1.79,-7.045));
#9238=VECTOR('',#10837,0.25);
#9239=CARTESIAN_POINT('',(4.18,-1.79,-5.573266328441));
#9240=AXIS2_PLACEMENT_3D('',#10838,#10839,#10840);
#9241=CARTESIAN_POINT('',(4.18,-1.79,-4.285));
#9242=VECTOR('',#10841,1.288266328441);
#9243=CARTESIAN_POINT('',(4.82,1.21,2.555));
#9244=VECTOR('',#10842,0.64);
#9245=CARTESIAN_POINT('',(4.82,1.21,-5.573266328441));
#9246=VECTOR('',#10843,0.64);
#9247=CARTESIAN_POINT('',(4.82,1.85,2.555));
#9248=VECTOR('',#10844,0.64);
#9249=CARTESIAN_POINT('',(4.82,1.85,-5.573266328441));
#9250=VECTOR('',#10845,0.64);
#9251=CARTESIAN_POINT('',(4.18,1.85,-4.955));
#9252=VECTOR('',#10846,0.0215);
#9253=CARTESIAN_POINT('',(4.7985,1.85,-4.955));
#9254=VECTOR('',#10847,0.0215);
#9255=CARTESIAN_POINT('',(6.305,3.43,-4.955));
#9256=CARTESIAN_POINT('',(6.305,3.175,-4.955));
#9257=VECTOR('',#10848,0.255);
#9258=CARTESIAN_POINT('',(8.075,3.43,-4.955));
#9259=CARTESIAN_POINT('',(8.075,3.43,-4.955));
#9260=VECTOR('',#10849,1.77);
#9261=CARTESIAN_POINT('',(8.075,1.6,-4.955));
#9262=CARTESIAN_POINT('',(8.075,1.6,-4.955));
#9263=VECTOR('',#10850,1.83);
#9264=CARTESIAN_POINT('',(8.075,1.6,-4.955));
#9265=VECTOR('',#10851,3.255);
#9266=AXIS2_PLACEMENT_3D('',#10852,#10853,#10854);
#9267=CARTESIAN_POINT('',(1.7985,1.85,-4.955));
#9268=CARTESIAN_POINT('',(1.7985,1.85,-4.955));
#9269=VECTOR('',#10855,1.325);
#9270=CARTESIAN_POINT('',(1.82,1.6,-4.955));
#9271=CARTESIAN_POINT('',(4.18,1.6,-4.955));
#9272=VECTOR('',#10856,2.36);
#9273=CARTESIAN_POINT('',(1.82,1.85,-4.955));
#9274=CARTESIAN_POINT('',(1.82,1.6,-4.955));
#9275=VECTOR('',#10857,0.25);
#9276=CARTESIAN_POINT('',(1.7985,1.85,-4.955));
#9277=VECTOR('',#10858,0.0215);
#9278=CARTESIAN_POINT('',(-1.2015,1.85,-4.955));
#9279=CARTESIAN_POINT('',(-1.2015,1.85,-4.955));
#9280=VECTOR('',#10859,1.325);
#9281=CARTESIAN_POINT('',(1.2015,1.85,-4.955));
#9282=CARTESIAN_POINT('',(1.2015,1.85,-4.955));
#9283=VECTOR('',#10860,1.325);
#9284=CARTESIAN_POINT('',(1.18,1.85,-4.955));
#9285=CARTESIAN_POINT('',(1.18,1.85,-4.955));
#9286=VECTOR('',#10861,0.0215);
#9287=CARTESIAN_POINT('',(1.18,1.6,-4.955));
#9288=CARTESIAN_POINT('',(1.18,1.6,-4.955));
#9289=VECTOR('',#10862,0.25);
#9290=CARTESIAN_POINT('',(-1.18,1.6,-4.955));
#9291=CARTESIAN_POINT('',(1.18,1.6,-4.955));
#9292=VECTOR('',#10863,2.36);
#9293=CARTESIAN_POINT('',(-1.18,1.85,-4.955));
#9294=CARTESIAN_POINT('',(-1.18,1.6,-4.955));
#9295=VECTOR('',#10864,0.25);
#9296=CARTESIAN_POINT('',(-1.2015,1.85,-4.955));
#9297=VECTOR('',#10865,0.0215);
#9298=CARTESIAN_POINT('',(-4.82,1.6,-4.955));
#9299=CARTESIAN_POINT('',(-4.82,1.6,-4.955));
#9300=VECTOR('',#10866,0.25);
#9301=CARTESIAN_POINT('',(-8.075,1.6,-4.955));
#9302=CARTESIAN_POINT('',(-4.82,1.6,-4.955));
#9303=VECTOR('',#10867,3.255);
#9304=CARTESIAN_POINT('',(-8.075,3.43,-4.955));
#9305=CARTESIAN_POINT('',(-8.075,3.43,-4.955));
#9306=VECTOR('',#10868,1.83);
#9307=CARTESIAN_POINT('',(-6.305,3.43,-4.955));
#9308=CARTESIAN_POINT('',(-6.305,3.43,-4.955));
#9309=VECTOR('',#10869,1.77);
#9310=CARTESIAN_POINT('',(-6.305,3.175,-4.955));
#9311=VECTOR('',#10870,0.255);
#9312=AXIS2_PLACEMENT_3D('',#10871,#10872,#10873);
#9313=CARTESIAN_POINT('',(-1.7985,1.85,-4.955));
#9314=CARTESIAN_POINT('',(-1.7985,1.85,-4.955));
#9315=VECTOR('',#10874,1.325);
#9316=CARTESIAN_POINT('',(-1.82,1.85,-4.955));
#9317=CARTESIAN_POINT('',(-1.82,1.85,-4.955));
#9318=VECTOR('',#10875,0.0215);
#9319=CARTESIAN_POINT('',(-1.82,1.6,-4.955));
#9320=CARTESIAN_POINT('',(-1.82,1.6,-4.955));
#9321=VECTOR('',#10876,0.25);
#9322=CARTESIAN_POINT('',(-1.82,1.6,-4.955));
#9323=VECTOR('',#10877,2.36);
#9324=CARTESIAN_POINT('',(8.075,1.6,-4.285));
#9325=VECTOR('',#10878,0.67);
#9326=CARTESIAN_POINT('',(1.82,1.6,-4.285));
#9327=VECTOR('',#10879,0.67);
#9328=CARTESIAN_POINT('',(1.18,1.6,-4.285));
#9329=VECTOR('',#10880,0.67);
#9330=CARTESIAN_POINT('',(-1.18,1.6,-4.285));
#9331=VECTOR('',#10881,0.67);
#9332=CARTESIAN_POINT('',(-1.82,1.6,-4.285));
#9333=VECTOR('',#10882,0.67);
#9334=CARTESIAN_POINT('',(-4.82,1.6,-4.285));
#9335=VECTOR('',#10883,0.67);
#9336=CARTESIAN_POINT('',(-8.075,1.6,-4.955));
#9337=VECTOR('',#10884,0.67);
#9338=CARTESIAN_POINT('',(8.075,0.95,-3.685));
#9339=CARTESIAN_POINT('',(8.075,0.95,-4.285));
#9340=VECTOR('',#10885,0.6);
#9341=CARTESIAN_POINT('',(8.075,3.43,-3.355));
#9342=CARTESIAN_POINT('',(8.075,3.43,-4.955));
#9343=VECTOR('',#10886,1.6);
#9344=CARTESIAN_POINT('',(8.075,-3.94,-3.355));
#9345=CARTESIAN_POINT('',(8.075,3.43,-3.355));
#9346=VECTOR('',#10887,7.37);
#9347=CARTESIAN_POINT('',(8.075,-3.94,-4.955));
#9348=CARTESIAN_POINT('',(8.075,-3.94,-3.355));
#9349=VECTOR('',#10888,1.6);
#9350=CARTESIAN_POINT('',(8.075,-2.78,-4.955));
#9351=CARTESIAN_POINT('',(8.075,-3.94,-4.955));
#9352=VECTOR('',#10889,1.16);
#9353=CARTESIAN_POINT('',(8.075,-2.78,-4.955));
#9354=VECTOR('',#10890,0.67);
#9355=CARTESIAN_POINT('',(8.075,-0.95,-3.685));
#9356=CARTESIAN_POINT('',(8.075,-0.95,-3.685));
#9357=VECTOR('',#10891,0.6);
#9358=CARTESIAN_POINT('',(8.075,0.95,-3.685));
#9359=VECTOR('',#10892,1.9);
#9360=CARTESIAN_POINT('',(7.075,0.95,-3.685));
#9361=CARTESIAN_POINT('',(8.075,0.95,-3.685));
#9362=VECTOR('',#10893,1.0);
#9363=CARTESIAN_POINT('',(7.075,0.95,-4.285));
#9364=VECTOR('',#10894,0.6);
#9365=CARTESIAN_POINT('',(7.075,-0.95,-3.685));
#9366=CARTESIAN_POINT('',(7.075,0.95,-3.685));
#9367=VECTOR('',#10895,1.9);
#9368=CARTESIAN_POINT('',(7.075,-0.95,-3.685));
#9369=VECTOR('',#10896,0.6);
#9370=CARTESIAN_POINT('',(8.075,-0.95,-3.685));
#9371=VECTOR('',#10897,1.0);
#9372=CARTESIAN_POINT('',(8.075,-2.78,-4.955));
#9373=VECTOR('',#10898,3.2765);
#9374=CARTESIAN_POINT('',(1.7985,-2.78,-4.955));
#9375=CARTESIAN_POINT('',(1.7985,-2.78,-4.955));
#9376=VECTOR('',#10899,0.67);
#9377=CARTESIAN_POINT('',(4.2015,-2.78,-4.955));
#9378=VECTOR('',#10900,2.403);
#9379=CARTESIAN_POINT('',(-1.2015,-2.78,-4.955));
#9380=CARTESIAN_POINT('',(-1.2015,-2.78,-4.955));
#9381=VECTOR('',#10901,0.67);
#9382=CARTESIAN_POINT('',(1.2015,-2.78,-4.955));
#9383=CARTESIAN_POINT('',(1.2015,-2.78,-4.955));
#9384=VECTOR('',#10902,0.67);
#9385=CARTESIAN_POINT('',(1.2015,-2.78,-4.955));
#9386=VECTOR('',#10903,2.403);
#9387=CARTESIAN_POINT('',(-8.075,-2.78,-4.955));
#9388=CARTESIAN_POINT('',(-4.7985,-2.78,-4.955));
#9389=VECTOR('',#10904,3.2765);
#9390=CARTESIAN_POINT('',(-8.075,-2.78,-4.285));
#9391=VECTOR('',#10905,0.67);
#9392=CARTESIAN_POINT('',(-1.7985,-2.78,-4.955));
#9393=CARTESIAN_POINT('',(-1.7985,-2.78,-4.955));
#9394=VECTOR('',#10906,0.67);
#9395=CARTESIAN_POINT('',(-1.7985,-2.78,-4.955));
#9396=VECTOR('',#10907,2.403);
#9397=CARTESIAN_POINT('',(6.875,-3.94,-4.955));
#9398=CARTESIAN_POINT('',(8.075,-3.94,-4.955));
#9399=VECTOR('',#10908,1.2);
#9400=CARTESIAN_POINT('',(6.875,-3.94,-4.955));
#9401=VECTOR('',#10909,0.51);
#9402=CARTESIAN_POINT('',(1.7985,-2.78,-4.955));
#9403=VECTOR('',#10910,0.65);
#9404=CARTESIAN_POINT('',(-1.2015,-2.78,-4.955));
#9405=VECTOR('',#10911,0.65);
#9406=CARTESIAN_POINT('',(1.2015,-2.78,-4.955));
#9407=VECTOR('',#10912,0.65);
#9408=CARTESIAN_POINT('',(-6.875,-3.94,-4.955));
#9409=CARTESIAN_POINT('',(-6.875,-3.94,-4.955));
#9410=VECTOR('',#10913,0.51);
#9411=CARTESIAN_POINT('',(-8.075,-3.94,-4.955));
#9412=CARTESIAN_POINT('',(-6.875,-3.94,-4.955));
#9413=VECTOR('',#10914,1.2);
#9414=CARTESIAN_POINT('',(-8.075,-2.78,-4.955));
#9415=VECTOR('',#10915,1.16);
#9416=CARTESIAN_POINT('',(-1.7985,-2.78,-4.955));
#9417=VECTOR('',#10916,0.65);
#9418=CARTESIAN_POINT('',(6.875,-3.94,-3.355));
#9419=CARTESIAN_POINT('',(6.875,-3.94,-3.355));
#9420=VECTOR('',#10917,0.51);
#9421=CARTESIAN_POINT('',(6.875,-3.94,-3.355));
#9422=VECTOR('',#10918,1.6);
#9423=CARTESIAN_POINT('',(6.875,-3.94,-3.355));
#9424=VECTOR('',#10919,1.2);
#9425=CARTESIAN_POINT('',(7.825,3.43,-3.355));
#9426=VECTOR('',#10920,0.25);
#9427=CARTESIAN_POINT('',(7.825,-3.05,-3.355));
#9428=VECTOR('',#10921,1.01439752177101);
#9429=CARTESIAN_POINT('',(-6.875,-3.94,-3.355));
#9430=CARTESIAN_POINT('',(-6.875,-3.94,-3.355));
#9431=VECTOR('',#10922,0.51);
#9432=CARTESIAN_POINT('',(-6.884466995702,-3.43,-3.355));
#9433=VECTOR('',#10923,1.01439752177101);
#9434=CARTESIAN_POINT('',(-8.075,3.43,-3.355));
#9435=CARTESIAN_POINT('',(-7.825,3.43,-3.355));
#9436=VECTOR('',#10924,0.25);
#9437=CARTESIAN_POINT('',(-8.075,-3.94,-3.355));
#9438=CARTESIAN_POINT('',(-8.075,-3.94,-3.355));
#9439=VECTOR('',#10925,7.37);
#9440=CARTESIAN_POINT('',(-8.075,-3.94,-3.355));
#9441=VECTOR('',#10926,1.2);
#9442=CARTESIAN_POINT('',(-6.305,3.43,-3.105));
#9443=CARTESIAN_POINT('',(-6.305,3.43,-4.955));
#9444=VECTOR('',#10927,1.85);
#9445=CARTESIAN_POINT('',(-8.075,3.43,-3.355));
#9446=VECTOR('',#10928,1.6);
#9447=CARTESIAN_POINT('',(-6.425,3.43,4.955));
#9448=VECTOR('',#10929,2.16390850083802);
#9449=CARTESIAN_POINT('',(6.305,3.43,-3.105));
#9450=CARTESIAN_POINT('',(6.305,3.43,-4.955));
#9451=VECTOR('',#10930,1.85);
#9452=CARTESIAN_POINT('',(-6.305,3.43,-3.105));
#9453=VECTOR('',#10931,12.61);
#9454=CARTESIAN_POINT('',(-0.7,3.43,4.415));
#9455=CARTESIAN_POINT('',(-0.7,3.43,4.415));
#9456=VECTOR('',#10932,3.085822404507);
#9457=CARTESIAN_POINT('',(0.7,3.43,4.415));
#9458=CARTESIAN_POINT('',(0.7,3.43,4.415));
#9459=VECTOR('',#10933,3.085822404507);
#9460=CARTESIAN_POINT('',(-0.7,3.43,4.415));
#9461=VECTOR('',#10934,1.4);
#9462=CARTESIAN_POINT('',(-0.7,4.83,2.755));
#9463=CARTESIAN_POINT('',(-0.7,4.83,2.755));
#9464=VECTOR('',#10935,2.17154323005594);
#9465=CARTESIAN_POINT('',(-0.7,4.83,2.005));
#9466=CARTESIAN_POINT('',(-0.7,4.83,2.005));
#9467=VECTOR('',#10936,0.75);
#9468=CARTESIAN_POINT('',(-0.7,4.271402007554,2.073587209224));
#9469=CARTESIAN_POINT('',(-0.7,4.271402007554,2.073587209224));
#9470=VECTOR('',#10937,0.562792965871091);
#9471=AXIS2_PLACEMENT_3D('',#10938,#10939,#10940);
#9472=CARTESIAN_POINT('',(0.7,4.271402007554,2.073587209224));
#9473=CARTESIAN_POINT('',(-0.7,4.271402007554,2.073587209224));
#9474=VECTOR('',#10941,1.4);
#9475=AXIS2_PLACEMENT_3D('',#10942,#10943,#10944);
#9476=CARTESIAN_POINT('',(0.7,4.83,2.005));
#9477=CARTESIAN_POINT('',(0.7,4.271402007554,2.073587209224));
#9478=VECTOR('',#10945,0.562792965871091);
#9479=CARTESIAN_POINT('',(0.7,4.83,2.755));
#9480=CARTESIAN_POINT('',(0.7,4.83,2.005));
#9481=VECTOR('',#10946,0.75);
#9482=CARTESIAN_POINT('',(0.7,4.83,2.755));
#9483=VECTOR('',#10947,2.17154323005594);
#9484=CARTESIAN_POINT('',(-0.7,4.83,2.755));
#9485=VECTOR('',#10948,1.4);
#9486=CARTESIAN_POINT('',(-0.7,4.83,2.005));
#9487=VECTOR('',#10949,1.4);
#9488=CARTESIAN_POINT('',(-6.305,3.43,-3.105));
#9489=VECTOR('',#10950,0.255);
#9490=CARTESIAN_POINT('',(6.305,3.43,-3.105));
#9491=VECTOR('',#10951,0.255);
#9492=CARTESIAN_POINT('',(-7.825,-3.05,3.305));
#9493=VECTOR('',#10952,1.50257846757703);
#9494=CARTESIAN_POINT('',(-8.075,0.95,-3.685));
#9495=CARTESIAN_POINT('',(-8.075,0.95,-4.285));
#9496=VECTOR('',#10953,0.6);
#9497=CARTESIAN_POINT('',(-8.075,-0.95,-3.685));
#9498=CARTESIAN_POINT('',(-8.075,0.95,-3.685));
#9499=VECTOR('',#10954,1.9);
#9500=CARTESIAN_POINT('',(-8.075,-0.95,-3.685));
#9501=VECTOR('',#10955,0.6);
#9502=CARTESIAN_POINT('',(-8.075,-3.94,-4.955));
#9503=VECTOR('',#10956,1.6);
#9504=CARTESIAN_POINT('',(-7.075,0.95,-3.685));
#9505=CARTESIAN_POINT('',(-7.075,0.95,-4.285));
#9506=VECTOR('',#10957,0.6);
#9507=CARTESIAN_POINT('',(-8.075,0.95,-3.685));
#9508=VECTOR('',#10958,1.0);
#9509=CARTESIAN_POINT('',(-7.075,-0.95,-3.685));
#9510=CARTESIAN_POINT('',(-7.075,0.95,-3.685));
#9511=VECTOR('',#10959,1.9);
#9512=CARTESIAN_POINT('',(-8.075,-0.95,-3.685));
#9513=VECTOR('',#10960,1.0);
#9514=CARTESIAN_POINT('',(-7.075,-0.95,-3.685));
#9515=VECTOR('',#10961,0.6);
#9516=CARTESIAN_POINT('',(-6.875,-3.94,-3.355));
#9517=VECTOR('',#10962,1.6);
#9518=CARTESIAN_POINT('',(1.7985,-1.79,-3.955));
#9519=CARTESIAN_POINT('',(1.7985,-1.79,-3.955));
#9520=VECTOR('',#10963,1.64);
#9521=CARTESIAN_POINT('',(1.7985,-1.79,-3.955));
#9522=VECTOR('',#10964,0.33);
#9523=CARTESIAN_POINT('',(1.7985,1.85,-3.955));
#9524=CARTESIAN_POINT('',(1.7985,1.85,-3.955));
#9525=VECTOR('',#10965,1.0);
#9526=CARTESIAN_POINT('',(1.7985,3.175,-3.955));
#9527=VECTOR('',#10966,1.325);
#9528=CARTESIAN_POINT('',(1.7985,1.21,-3.955));
#9529=CARTESIAN_POINT('',(1.7985,0.35,-3.955));
#9530=CARTESIAN_POINT('',(1.7985,1.21,-3.955));
#9531=VECTOR('',#10967,0.86);
#9532=CARTESIAN_POINT('',(1.7985,1.21,-3.955));
#9533=VECTOR('',#10968,0.33);
#9534=CARTESIAN_POINT('',(1.7985,0.35,-3.955));
#9535=VECTOR('',#10969,0.33);
#9536=CARTESIAN_POINT('',(1.7985,-1.15,-3.955));
#9537=CARTESIAN_POINT('',(1.7985,-1.15,-3.955));
#9538=VECTOR('',#10970,0.33);
#9539=CARTESIAN_POINT('',(1.7985,-0.29,-3.955));
#9540=CARTESIAN_POINT('',(1.7985,-0.29,-3.955));
#9541=VECTOR('',#10971,0.86);
#9542=CARTESIAN_POINT('',(1.7985,-0.29,-3.955));
#9543=VECTOR('',#10972,0.33);
#9544=CARTESIAN_POINT('',(1.82,-1.79,2.555));
#9545=CARTESIAN_POINT('',(1.82,-1.79,2.555));
#9546=VECTOR('',#10973,4.2);
#9547=CARTESIAN_POINT('',(1.18,-1.79,2.555));
#9548=CARTESIAN_POINT('',(1.82,-1.79,2.555));
#9549=VECTOR('',#10974,0.64);
#9550=CARTESIAN_POINT('',(1.18,-1.79,2.555));
#9551=VECTOR('',#10975,4.2);
#9552=CARTESIAN_POINT('',(1.2015,-1.79,-3.955));
#9553=CARTESIAN_POINT('',(1.2015,-1.79,-4.285));
#9554=VECTOR('',#10976,0.33);
#9555=CARTESIAN_POINT('',(1.18,-1.79,-5.573266328441));
#9556=CARTESIAN_POINT('',(1.18,-1.79,-4.285));
#9557=VECTOR('',#10977,1.288266328441);
#9558=CARTESIAN_POINT('',(1.82,-1.79,-5.573266328441));
#9559=CARTESIAN_POINT('',(1.82,-1.79,-5.573266328441));
#9560=VECTOR('',#10978,0.64);
#9561=CARTESIAN_POINT('',(1.82,-1.79,-4.285));
#9562=VECTOR('',#10979,1.288266328441);
#9563=CARTESIAN_POINT('',(1.2015,-1.79,-3.955));
#9564=VECTOR('',#10980,0.597);
#9565=CARTESIAN_POINT('',(1.82,0.35,-4.955));
#9566=CARTESIAN_POINT('',(1.82,0.35,-4.955));
#9567=VECTOR('',#10981,0.67);
#9568=CARTESIAN_POINT('',(1.82,-0.29,-4.955));
#9569=CARTESIAN_POINT('',(1.82,-0.29,-4.285));
#9570=VECTOR('',#10982,0.67);
#9571=CARTESIAN_POINT('',(1.82,-0.29,-4.955));
#9572=VECTOR('',#10983,0.64);
#9573=CARTESIAN_POINT('',(1.82,1.21,-5.573266328441));
#9574=CARTESIAN_POINT('',(1.82,1.21,-4.285));
#9575=VECTOR('',#10984,1.288266328441);
#9576=CARTESIAN_POINT('',(1.82,1.21,-7.045));
#9577=AXIS2_PLACEMENT_3D('',#10985,#10986,#10987);
#9578=CARTESIAN_POINT('',(1.82,1.21,-7.295));
#9579=CARTESIAN_POINT('',(1.82,1.21,-7.045));
#9580=VECTOR('',#10988,0.25);
#9581=CARTESIAN_POINT('',(1.82,1.419435522388,-8.135));
#9582=CARTESIAN_POINT('',(1.82,1.21,-7.295));
#9583=VECTOR('',#10989,0.86571544865391);
#9584=CARTESIAN_POINT('',(1.82,1.640564477612,-8.135));
#9585=CARTESIAN_POINT('',(1.82,1.419435522388,-8.135));
#9586=VECTOR('',#10990,0.2211289552235);
#9587=CARTESIAN_POINT('',(1.82,1.85,-7.295));
#9588=CARTESIAN_POINT('',(1.82,1.640564477612,-8.135));
#9589=VECTOR('',#10991,0.86571544865391);
#9590=CARTESIAN_POINT('',(1.82,1.85,-7.045));
#9591=CARTESIAN_POINT('',(1.82,1.85,-7.295));
#9592=VECTOR('',#10992,0.25);
#9593=CARTESIAN_POINT('',(1.82,1.85,-5.573266328441));
#9594=AXIS2_PLACEMENT_3D('',#10993,#10994,#10995);
#9595=CARTESIAN_POINT('',(1.82,1.85,-5.573266328441));
#9596=VECTOR('',#10996,0.6182663284412);
#9597=CARTESIAN_POINT('',(1.82,1.21,2.555));
#9598=CARTESIAN_POINT('',(1.82,1.21,2.555));
#9599=VECTOR('',#10997,4.2);
#9600=CARTESIAN_POINT('',(1.82,1.85,2.555));
#9601=CARTESIAN_POINT('',(1.82,1.85,-1.645));
#9602=VECTOR('',#10998,4.2);
#9603=CARTESIAN_POINT('',(1.82,1.85,2.555));
#9604=VECTOR('',#10999,0.64);
#9605=CARTESIAN_POINT('',(1.82,-1.15,2.555));
#9606=CARTESIAN_POINT('',(1.82,-1.15,-1.645));
#9607=VECTOR('',#11000,4.2);
#9608=CARTESIAN_POINT('',(1.82,-1.15,2.555));
#9609=VECTOR('',#11001,0.64);
#9610=CARTESIAN_POINT('',(1.82,-1.15,-5.573266328441));
#9611=CARTESIAN_POINT('',(1.82,-1.15,-5.573266328441));
#9612=VECTOR('',#11002,1.288266328441);
#9613=CARTESIAN_POINT('',(1.82,-1.79,-7.045));
#9614=AXIS2_PLACEMENT_3D('',#11003,#11004,#11005);
#9615=CARTESIAN_POINT('',(1.82,-1.79,-7.295));
#9616=CARTESIAN_POINT('',(1.82,-1.79,-7.045));
#9617=VECTOR('',#11006,0.25);
#9618=CARTESIAN_POINT('',(1.82,-1.580564477612,-8.135));
#9619=CARTESIAN_POINT('',(1.82,-1.79,-7.295));
#9620=VECTOR('',#11007,0.86571544865391);
#9621=CARTESIAN_POINT('',(1.82,-1.359435522388,-8.135));
#9622=CARTESIAN_POINT('',(1.82,-1.580564477612,-8.135));
#9623=VECTOR('',#11008,0.2211289552235);
#9624=CARTESIAN_POINT('',(1.82,-1.15,-7.295));
#9625=CARTESIAN_POINT('',(1.82,-1.359435522388,-8.135));
#9626=VECTOR('',#11009,0.86571544865391);
#9627=CARTESIAN_POINT('',(1.82,-1.15,-7.045));
#9628=CARTESIAN_POINT('',(1.82,-1.15,-7.295));
#9629=VECTOR('',#11010,0.25);
#9630=AXIS2_PLACEMENT_3D('',#11011,#11012,#11013);
#9631=CARTESIAN_POINT('',(1.18,0.35,-4.955));
#9632=CARTESIAN_POINT('',(1.82,0.35,-4.955));
#9633=VECTOR('',#11014,0.64);
#9634=CARTESIAN_POINT('',(1.18,0.35,-4.955));
#9635=VECTOR('',#11015,0.67);
#9636=CARTESIAN_POINT('',(1.2015,0.35,-3.955));
#9637=CARTESIAN_POINT('',(1.2015,0.35,-4.285));
#9638=VECTOR('',#11016,0.33);
#9639=CARTESIAN_POINT('',(1.2015,0.35,-3.955));
#9640=VECTOR('',#11017,0.597);
#9641=CARTESIAN_POINT('',(1.2015,1.85,-3.955));
#9642=CARTESIAN_POINT('',(1.2015,3.175,-3.955));
#9643=VECTOR('',#11018,1.325);
#9644=CARTESIAN_POINT('',(1.2015,1.85,-3.955));
#9645=VECTOR('',#11019,0.597);
#9646=CARTESIAN_POINT('',(1.2015,1.21,-3.955));
#9647=CARTESIAN_POINT('',(1.2015,1.21,-3.955));
#9648=VECTOR('',#11020,0.86);
#9649=CARTESIAN_POINT('',(1.2015,1.21,-3.955));
#9650=VECTOR('',#11021,0.597);
#9651=CARTESIAN_POINT('',(1.2015,-0.29,-3.955));
#9652=CARTESIAN_POINT('',(1.2015,-0.29,-3.955));
#9653=VECTOR('',#11022,0.597);
#9654=CARTESIAN_POINT('',(1.2015,-1.15,-3.955));
#9655=CARTESIAN_POINT('',(1.2015,-1.15,-3.955));
#9656=VECTOR('',#11023,0.597);
#9657=CARTESIAN_POINT('',(1.2015,-0.29,-3.955));
#9658=VECTOR('',#11024,0.86);
#9659=CARTESIAN_POINT('',(1.2015,-1.79,-3.955));
#9660=VECTOR('',#11025,1.64);
#9661=CARTESIAN_POINT('',(1.2015,1.85,-4.955));
#9662=VECTOR('',#11026,1.0);
#9663=CARTESIAN_POINT('',(1.2015,1.21,-4.285));
#9664=VECTOR('',#11027,0.33);
#9665=CARTESIAN_POINT('',(1.2015,-0.29,-4.285));
#9666=VECTOR('',#11028,0.33);
#9667=CARTESIAN_POINT('',(1.2015,-1.15,-4.285));
#9668=VECTOR('',#11029,0.33);
#9669=CARTESIAN_POINT('',(1.18,1.85,-5.573266328441));
#9670=CARTESIAN_POINT('',(1.82,1.85,-5.573266328441));
#9671=VECTOR('',#11030,0.64);
#9672=CARTESIAN_POINT('',(1.18,1.85,-5.573266328441));
#9673=VECTOR('',#11031,0.6182663284412);
#9674=CARTESIAN_POINT('',(1.18,1.85,2.555));
#9675=CARTESIAN_POINT('',(1.18,1.85,-1.645));
#9676=VECTOR('',#11032,4.2);
#9677=CARTESIAN_POINT('',(1.82,1.85,2.555));
#9678=VECTOR('',#11033,0.64);
#9679=CARTESIAN_POINT('',(1.18,-0.29,-4.955));
#9680=CARTESIAN_POINT('',(1.18,-0.29,-4.955));
#9681=VECTOR('',#11034,0.64);
#9682=CARTESIAN_POINT('',(1.18,-0.29,-4.285));
#9683=VECTOR('',#11035,0.67);
#9684=CARTESIAN_POINT('',(1.18,1.85,-7.045));
#9685=AXIS2_PLACEMENT_3D('',#11036,#11037,#11038);
#9686=CARTESIAN_POINT('',(1.18,1.85,-7.295));
#9687=CARTESIAN_POINT('',(1.18,1.85,-7.295));
#9688=VECTOR('',#11039,0.25);
#9689=CARTESIAN_POINT('',(1.18,1.640564477612,-8.135));
#9690=CARTESIAN_POINT('',(1.18,1.640564477612,-8.135));
#9691=VECTOR('',#11040,0.86571544865391);
#9692=CARTESIAN_POINT('',(1.18,1.419435522388,-8.135));
#9693=CARTESIAN_POINT('',(1.18,1.419435522388,-8.135));
#9694=VECTOR('',#11041,0.2211289552235);
#9695=CARTESIAN_POINT('',(1.18,1.21,-7.295));
#9696=CARTESIAN_POINT('',(1.18,1.21,-7.295));
#9697=VECTOR('',#11042,0.86571544865391);
#9698=CARTESIAN_POINT('',(1.18,1.21,-7.045));
#9699=CARTESIAN_POINT('',(1.18,1.21,-7.045));
#9700=VECTOR('',#11043,0.25);
#9701=CARTESIAN_POINT('',(1.18,1.21,-5.573266328441));
#9702=AXIS2_PLACEMENT_3D('',#11044,#11045,#11046);
#9703=CARTESIAN_POINT('',(1.18,1.21,-4.285));
#9704=VECTOR('',#11047,1.288266328441);
#9705=CARTESIAN_POINT('',(1.18,1.21,2.555));
#9706=CARTESIAN_POINT('',(1.18,1.21,2.555));
#9707=VECTOR('',#11048,4.2);
#9708=CARTESIAN_POINT('',(1.18,1.85,2.555));
#9709=VECTOR('',#11049,0.64);
#9710=CARTESIAN_POINT('',(1.18,-1.15,2.555));
#9711=CARTESIAN_POINT('',(1.18,-1.15,2.555));
#9712=VECTOR('',#11050,0.64);
#9713=CARTESIAN_POINT('',(1.18,-1.15,-1.645));
#9714=VECTOR('',#11051,4.2);
#9715=CARTESIAN_POINT('',(1.18,-1.15,-5.573266328441));
#9716=CARTESIAN_POINT('',(1.18,-1.15,-5.573266328441));
#9717=VECTOR('',#11052,1.288266328441);
#9718=CARTESIAN_POINT('',(1.18,-1.15,-7.045));
#9719=AXIS2_PLACEMENT_3D('',#11053,#11054,#11055);
#9720=CARTESIAN_POINT('',(1.18,-1.15,-7.295));
#9721=CARTESIAN_POINT('',(1.18,-1.15,-7.295));
#9722=VECTOR('',#11056,0.25);
#9723=CARTESIAN_POINT('',(1.18,-1.359435522388,-8.135));
#9724=CARTESIAN_POINT('',(1.18,-1.359435522388,-8.135));
#9725=VECTOR('',#11057,0.86571544865391);
#9726=CARTESIAN_POINT('',(1.18,-1.580564477612,-8.135));
#9727=CARTESIAN_POINT('',(1.18,-1.580564477612,-8.135));
#9728=VECTOR('',#11058,0.2211289552235);
#9729=CARTESIAN_POINT('',(1.18,-1.79,-7.295));
#9730=CARTESIAN_POINT('',(1.18,-1.79,-7.295));
#9731=VECTOR('',#11059,0.86571544865391);
#9732=CARTESIAN_POINT('',(1.18,-1.79,-7.045));
#9733=CARTESIAN_POINT('',(1.18,-1.79,-7.045));
#9734=VECTOR('',#11060,0.25);
#9735=AXIS2_PLACEMENT_3D('',#11061,#11062,#11063);
#9736=CARTESIAN_POINT('',(1.82,-0.29,-4.955));
#9737=VECTOR('',#11064,0.64);
#9738=CARTESIAN_POINT('',(1.82,1.21,2.555));
#9739=VECTOR('',#11065,0.64);
#9740=CARTESIAN_POINT('',(1.82,1.21,-5.573266328441));
#9741=VECTOR('',#11066,0.64);
#9742=CARTESIAN_POINT('',(1.82,1.21,-7.045));
#9743=VECTOR('',#11067,0.64);
#9744=CARTESIAN_POINT('',(1.82,1.21,-7.295));
#9745=VECTOR('',#11068,0.64);
#9746=CARTESIAN_POINT('',(1.82,1.419435522388,-8.135));
#9747=VECTOR('',#11069,0.64);
#9748=CARTESIAN_POINT('',(1.82,1.640564477612,-8.135));
#9749=VECTOR('',#11070,0.64);
#9750=CARTESIAN_POINT('',(1.82,1.85,-7.295));
#9751=VECTOR('',#11071,0.64);
#9752=CARTESIAN_POINT('',(1.82,1.85,-7.045));
#9753=VECTOR('',#11072,0.64);
#9754=CARTESIAN_POINT('',(1.82,-1.15,-5.573266328441));
#9755=VECTOR('',#11073,0.64);
#9756=CARTESIAN_POINT('',(1.82,-1.15,2.555));
#9757=VECTOR('',#11074,0.64);
#9758=CARTESIAN_POINT('',(1.82,-1.15,-7.045));
#9759=VECTOR('',#11075,0.64);
#9760=CARTESIAN_POINT('',(1.82,-1.15,-7.295));
#9761=VECTOR('',#11076,0.64);
#9762=CARTESIAN_POINT('',(1.82,-1.359435522388,-8.135));
#9763=VECTOR('',#11077,0.64);
#9764=CARTESIAN_POINT('',(1.82,-1.580564477612,-8.135));
#9765=VECTOR('',#11078,0.64);
#9766=CARTESIAN_POINT('',(1.82,-1.79,-7.295));
#9767=VECTOR('',#11079,0.64);
#9768=CARTESIAN_POINT('',(1.82,-1.79,-7.045));
#9769=VECTOR('',#11080,0.64);
#9770=CARTESIAN_POINT('',(-1.2015,-1.79,-3.955));
#9771=CARTESIAN_POINT('',(-1.2015,-1.79,-3.955));
#9772=VECTOR('',#11081,1.64);
#9773=CARTESIAN_POINT('',(-1.2015,-1.79,-3.955));
#9774=VECTOR('',#11082,0.33);
#9775=CARTESIAN_POINT('',(-1.2015,1.85,-3.955));
#9776=CARTESIAN_POINT('',(-1.2015,1.85,-3.955));
#9777=VECTOR('',#11083,1.0);
#9778=CARTESIAN_POINT('',(-1.2015,3.175,-3.955));
#9779=VECTOR('',#11084,1.325);
#9780=CARTESIAN_POINT('',(-1.2015,1.21,-3.955));
#9781=CARTESIAN_POINT('',(-1.2015,0.35,-3.955));
#9782=CARTESIAN_POINT('',(-1.2015,1.21,-3.955));
#9783=VECTOR('',#11085,0.86);
#9784=CARTESIAN_POINT('',(-1.2015,1.21,-3.955));
#9785=VECTOR('',#11086,0.33);
#9786=CARTESIAN_POINT('',(-1.2015,0.35,-3.955));
#9787=VECTOR('',#11087,0.33);
#9788=CARTESIAN_POINT('',(-1.2015,-1.15,-3.955));
#9789=CARTESIAN_POINT('',(-1.2015,-1.15,-3.955));
#9790=VECTOR('',#11088,0.33);
#9791=CARTESIAN_POINT('',(-1.2015,-0.29,-3.955));
#9792=CARTESIAN_POINT('',(-1.2015,-0.29,-3.955));
#9793=VECTOR('',#11089,0.86);
#9794=CARTESIAN_POINT('',(-1.2015,-0.29,-3.955));
#9795=VECTOR('',#11090,0.33);
#9796=CARTESIAN_POINT('',(-1.18,-1.79,2.555));
#9797=CARTESIAN_POINT('',(-1.18,-1.79,2.555));
#9798=VECTOR('',#11091,4.2);
#9799=CARTESIAN_POINT('',(-1.82,-1.79,2.555));
#9800=CARTESIAN_POINT('',(-1.18,-1.79,2.555));
#9801=VECTOR('',#11092,0.64);
#9802=CARTESIAN_POINT('',(-1.82,-1.79,2.555));
#9803=VECTOR('',#11093,4.2);
#9804=CARTESIAN_POINT('',(-1.7985,-1.79,-3.955));
#9805=CARTESIAN_POINT('',(-1.7985,-1.79,-4.285));
#9806=VECTOR('',#11094,0.33);
#9807=CARTESIAN_POINT('',(-1.82,-1.79,-5.573266328441));
#9808=CARTESIAN_POINT('',(-1.82,-1.79,-4.285));
#9809=VECTOR('',#11095,1.288266328441);
#9810=CARTESIAN_POINT('',(-1.18,-1.79,-5.573266328441));
#9811=CARTESIAN_POINT('',(-1.18,-1.79,-5.573266328441));
#9812=VECTOR('',#11096,0.64);
#9813=CARTESIAN_POINT('',(-1.18,-1.79,-4.285));
#9814=VECTOR('',#11097,1.288266328441);
#9815=CARTESIAN_POINT('',(-1.7985,-1.79,-3.955));
#9816=VECTOR('',#11098,0.597);
#9817=CARTESIAN_POINT('',(-1.18,0.35,-4.955));
#9818=CARTESIAN_POINT('',(-1.18,0.35,-4.955));
#9819=VECTOR('',#11099,0.67);
#9820=CARTESIAN_POINT('',(-1.18,-0.29,-4.955));
#9821=CARTESIAN_POINT('',(-1.18,-0.29,-4.285));
#9822=VECTOR('',#11100,0.67);
#9823=CARTESIAN_POINT('',(-1.18,-0.29,-4.955));
#9824=VECTOR('',#11101,0.64);
#9825=CARTESIAN_POINT('',(-1.18,1.21,2.555));
#9826=CARTESIAN_POINT('',(-1.18,1.21,2.555));
#9827=VECTOR('',#11102,4.2);
#9828=CARTESIAN_POINT('',(-1.18,1.85,2.555));
#9829=CARTESIAN_POINT('',(-1.18,1.85,-1.645));
#9830=VECTOR('',#11103,4.2);
#9831=CARTESIAN_POINT('',(-1.18,1.85,2.555));
#9832=VECTOR('',#11104,0.64);
#9833=CARTESIAN_POINT('',(-1.18,1.85,-5.573266328441));
#9834=CARTESIAN_POINT('',(-1.18,1.85,-5.573266328441));
#9835=VECTOR('',#11105,0.6182663284412);
#9836=CARTESIAN_POINT('',(-1.18,1.21,-5.573266328441));
#9837=CARTESIAN_POINT('',(-1.18,1.21,-4.285));
#9838=VECTOR('',#11106,1.288266328441);
#9839=CARTESIAN_POINT('',(-1.18,1.21,-7.045));
#9840=AXIS2_PLACEMENT_3D('',#11107,#11108,#11109);
#9841=CARTESIAN_POINT('',(-1.18,1.21,-7.295));
#9842=CARTESIAN_POINT('',(-1.18,1.21,-7.045));
#9843=VECTOR('',#11110,0.25);
#9844=CARTESIAN_POINT('',(-1.18,1.419435522388,-8.135));
#9845=CARTESIAN_POINT('',(-1.18,1.21,-7.295));
#9846=VECTOR('',#11111,0.86571544865391);
#9847=CARTESIAN_POINT('',(-1.18,1.640564477612,-8.135));
#9848=CARTESIAN_POINT('',(-1.18,1.419435522388,-8.135));
#9849=VECTOR('',#11112,0.2211289552235);
#9850=CARTESIAN_POINT('',(-1.18,1.85,-7.295));
#9851=CARTESIAN_POINT('',(-1.18,1.640564477612,-8.135));
#9852=VECTOR('',#11113,0.86571544865391);
#9853=CARTESIAN_POINT('',(-1.18,1.85,-7.045));
#9854=CARTESIAN_POINT('',(-1.18,1.85,-7.295));
#9855=VECTOR('',#11114,0.25);
#9856=AXIS2_PLACEMENT_3D('',#11115,#11116,#11117);
#9857=CARTESIAN_POINT('',(-1.18,-1.15,2.555));
#9858=CARTESIAN_POINT('',(-1.18,-1.15,-1.645));
#9859=VECTOR('',#11118,4.2);
#9860=CARTESIAN_POINT('',(-1.18,-1.15,2.555));
#9861=VECTOR('',#11119,0.64);
#9862=CARTESIAN_POINT('',(-1.18,-1.15,-5.573266328441));
#9863=CARTESIAN_POINT('',(-1.18,-1.15,-5.573266328441));
#9864=VECTOR('',#11120,1.288266328441);
#9865=CARTESIAN_POINT('',(-1.18,-1.79,-7.045));
#9866=AXIS2_PLACEMENT_3D('',#11121,#11122,#11123);
#9867=CARTESIAN_POINT('',(-1.18,-1.79,-7.295));
#9868=CARTESIAN_POINT('',(-1.18,-1.79,-7.045));
#9869=VECTOR('',#11124,0.25);
#9870=CARTESIAN_POINT('',(-1.18,-1.580564477612,-8.135));
#9871=CARTESIAN_POINT('',(-1.18,-1.79,-7.295));
#9872=VECTOR('',#11125,0.86571544865391);
#9873=CARTESIAN_POINT('',(-1.18,-1.359435522388,-8.135));
#9874=CARTESIAN_POINT('',(-1.18,-1.580564477612,-8.135));
#9875=VECTOR('',#11126,0.2211289552235);
#9876=CARTESIAN_POINT('',(-1.18,-1.15,-7.295));
#9877=CARTESIAN_POINT('',(-1.18,-1.359435522388,-8.135));
#9878=VECTOR('',#11127,0.86571544865391);
#9879=CARTESIAN_POINT('',(-1.18,-1.15,-7.045));
#9880=CARTESIAN_POINT('',(-1.18,-1.15,-7.295));
#9881=VECTOR('',#11128,0.25);
#9882=AXIS2_PLACEMENT_3D('',#11129,#11130,#11131);
#9883=CARTESIAN_POINT('',(-1.82,0.35,-4.955));
#9884=CARTESIAN_POINT('',(-1.18,0.35,-4.955));
#9885=VECTOR('',#11132,0.64);
#9886=CARTESIAN_POINT('',(-1.82,0.35,-4.955));
#9887=VECTOR('',#11133,0.67);
#9888=CARTESIAN_POINT('',(-1.7985,0.35,-3.955));
#9889=CARTESIAN_POINT('',(-1.7985,0.35,-4.285));
#9890=VECTOR('',#11134,0.33);
#9891=CARTESIAN_POINT('',(-1.7985,0.35,-3.955));
#9892=VECTOR('',#11135,0.597);
#9893=CARTESIAN_POINT('',(-1.7985,1.85,-3.955));
#9894=CARTESIAN_POINT('',(-1.7985,3.175,-3.955));
#9895=VECTOR('',#11136,1.325);
#9896=CARTESIAN_POINT('',(-1.7985,1.85,-3.955));
#9897=VECTOR('',#11137,0.597);
#9898=CARTESIAN_POINT('',(-1.7985,1.21,-3.955));
#9899=CARTESIAN_POINT('',(-1.7985,1.21,-3.955));
#9900=VECTOR('',#11138,0.86);
#9901=CARTESIAN_POINT('',(-1.7985,1.21,-3.955));
#9902=VECTOR('',#11139,0.597);
#9903=CARTESIAN_POINT('',(-1.7985,-0.29,-3.955));
#9904=CARTESIAN_POINT('',(-1.7985,-0.29,-3.955));
#9905=VECTOR('',#11140,0.597);
#9906=CARTESIAN_POINT('',(-1.7985,-1.15,-3.955));
#9907=CARTESIAN_POINT('',(-1.7985,-1.15,-3.955));
#9908=VECTOR('',#11141,0.597);
#9909=CARTESIAN_POINT('',(-1.7985,-0.29,-3.955));
#9910=VECTOR('',#11142,0.86);
#9911=CARTESIAN_POINT('',(-1.7985,-1.79,-3.955));
#9912=VECTOR('',#11143,1.64);
#9913=CARTESIAN_POINT('',(-1.7985,1.85,-4.955));
#9914=VECTOR('',#11144,1.0);
#9915=CARTESIAN_POINT('',(-1.7985,1.21,-4.285));
#9916=VECTOR('',#11145,0.33);
#9917=CARTESIAN_POINT('',(-1.7985,-0.29,-4.285));
#9918=VECTOR('',#11146,0.33);
#9919=CARTESIAN_POINT('',(-1.7985,-1.15,-4.285));
#9920=VECTOR('',#11147,0.33);
#9921=CARTESIAN_POINT('',(-1.82,1.85,-5.573266328441));
#9922=CARTESIAN_POINT('',(-1.18,1.85,-5.573266328441));
#9923=VECTOR('',#11148,0.64);
#9924=CARTESIAN_POINT('',(-1.82,1.85,-5.573266328441));
#9925=VECTOR('',#11149,0.6182663284412);
#9926=CARTESIAN_POINT('',(-1.82,1.85,2.555));
#9927=CARTESIAN_POINT('',(-1.82,1.85,-1.645));
#9928=VECTOR('',#11150,4.2);
#9929=CARTESIAN_POINT('',(-1.18,1.85,2.555));
#9930=VECTOR('',#11151,0.64);
#9931=CARTESIAN_POINT('',(-1.82,-0.29,-4.955));
#9932=CARTESIAN_POINT('',(-1.82,-0.29,-4.955));
#9933=VECTOR('',#11152,0.64);
#9934=CARTESIAN_POINT('',(-1.82,-0.29,-4.285));
#9935=VECTOR('',#11153,0.67);
#9936=CARTESIAN_POINT('',(-1.82,1.21,2.555));
#9937=CARTESIAN_POINT('',(-1.82,1.21,2.555));
#9938=VECTOR('',#11154,4.2);
#9939=CARTESIAN_POINT('',(-1.82,1.85,2.555));
#9940=VECTOR('',#11155,0.64);
#9941=CARTESIAN_POINT('',(-1.82,1.85,-7.045));
#9942=AXIS2_PLACEMENT_3D('',#11156,#11157,#11158);
#9943=CARTESIAN_POINT('',(-1.82,1.85,-7.295));
#9944=CARTESIAN_POINT('',(-1.82,1.85,-7.295));
#9945=VECTOR('',#11159,0.25);
#9946=CARTESIAN_POINT('',(-1.82,1.640564477612,-8.135));
#9947=CARTESIAN_POINT('',(-1.82,1.640564477612,-8.135));
#9948=VECTOR('',#11160,0.86571544865391);
#9949=CARTESIAN_POINT('',(-1.82,1.419435522388,-8.135));
#9950=CARTESIAN_POINT('',(-1.82,1.419435522388,-8.135));
#9951=VECTOR('',#11161,0.2211289552235);
#9952=CARTESIAN_POINT('',(-1.82,1.21,-7.295));
#9953=CARTESIAN_POINT('',(-1.82,1.21,-7.295));
#9954=VECTOR('',#11162,0.86571544865391);
#9955=CARTESIAN_POINT('',(-1.82,1.21,-7.045));
#9956=CARTESIAN_POINT('',(-1.82,1.21,-7.045));
#9957=VECTOR('',#11163,0.25);
#9958=CARTESIAN_POINT('',(-1.82,1.21,-5.573266328441));
#9959=AXIS2_PLACEMENT_3D('',#11164,#11165,#11166);
#9960=CARTESIAN_POINT('',(-1.82,1.21,-4.285));
#9961=VECTOR('',#11167,1.288266328441);
#9962=CARTESIAN_POINT('',(-1.82,-1.15,2.555));
#9963=CARTESIAN_POINT('',(-1.82,-1.15,2.555));
#9964=VECTOR('',#11168,0.64);
#9965=CARTESIAN_POINT('',(-1.82,-1.15,-1.645));
#9966=VECTOR('',#11169,4.2);
#9967=CARTESIAN_POINT('',(-1.82,-1.15,-5.573266328441));
#9968=CARTESIAN_POINT('',(-1.82,-1.15,-5.573266328441));
#9969=VECTOR('',#11170,1.288266328441);
#9970=CARTESIAN_POINT('',(-1.82,-1.15,-7.045));
#9971=AXIS2_PLACEMENT_3D('',#11171,#11172,#11173);
#9972=CARTESIAN_POINT('',(-1.82,-1.15,-7.295));
#9973=CARTESIAN_POINT('',(-1.82,-1.15,-7.295));
#9974=VECTOR('',#11174,0.25);
#9975=CARTESIAN_POINT('',(-1.82,-1.359435522388,-8.135));
#9976=CARTESIAN_POINT('',(-1.82,-1.359435522388,-8.135));
#9977=VECTOR('',#11175,0.86571544865391);
#9978=CARTESIAN_POINT('',(-1.82,-1.580564477612,-8.135));
#9979=CARTESIAN_POINT('',(-1.82,-1.580564477612,-8.135));
#9980=VECTOR('',#11176,0.2211289552235);
#9981=CARTESIAN_POINT('',(-1.82,-1.79,-7.295));
#9982=CARTESIAN_POINT('',(-1.82,-1.79,-7.295));
#9983=VECTOR('',#11177,0.86571544865391);
#9984=CARTESIAN_POINT('',(-1.82,-1.79,-7.045));
#9985=CARTESIAN_POINT('',(-1.82,-1.79,-7.045));
#9986=VECTOR('',#11178,0.25);
#9987=AXIS2_PLACEMENT_3D('',#11179,#11180,#11181);
#9988=CARTESIAN_POINT('',(-1.18,-0.29,-4.955));
#9989=VECTOR('',#11182,0.64);
#9990=CARTESIAN_POINT('',(-1.18,1.21,2.555));
#9991=VECTOR('',#11183,0.64);
#9992=CARTESIAN_POINT('',(-1.18,1.21,-5.573266328441));
#9993=VECTOR('',#11184,0.64);
#9994=CARTESIAN_POINT('',(-1.18,1.21,-7.045));
#9995=VECTOR('',#11185,0.64);
#9996=CARTESIAN_POINT('',(-1.18,1.21,-7.295));
#9997=VECTOR('',#11186,0.64);
#9998=CARTESIAN_POINT('',(-1.18,1.419435522388,-8.135));
#9999=VECTOR('',#11187,0.64);
#10000=CARTESIAN_POINT('',(-1.18,1.640564477612,-8.135));
#10001=VECTOR('',#11188,0.64);
#10002=CARTESIAN_POINT('',(-1.18,1.85,-7.295));
#10003=VECTOR('',#11189,0.64);
#10004=CARTESIAN_POINT('',(-1.18,1.85,-7.045));
#10005=VECTOR('',#11190,0.64);
#10006=CARTESIAN_POINT('',(-1.18,-1.15,-5.573266328441));
#10007=VECTOR('',#11191,0.64);
#10008=CARTESIAN_POINT('',(-1.18,-1.15,2.555));
#10009=VECTOR('',#11192,0.64);
#10010=CARTESIAN_POINT('',(-1.18,-1.15,-7.045));
#10011=VECTOR('',#11193,0.64);
#10012=CARTESIAN_POINT('',(-1.18,-1.15,-7.295));
#10013=VECTOR('',#11194,0.64);
#10014=CARTESIAN_POINT('',(-1.18,-1.359435522388,-8.135));
#10015=VECTOR('',#11195,0.64);
#10016=CARTESIAN_POINT('',(-1.18,-1.580564477612,-8.135));
#10017=VECTOR('',#11196,0.64);
#10018=CARTESIAN_POINT('',(-1.18,-1.79,-7.295));
#10019=VECTOR('',#11197,0.64);
#10020=CARTESIAN_POINT('',(-1.18,-1.79,-7.045));
#10021=VECTOR('',#11198,0.64);
#10022=CARTESIAN_POINT('',(-4.82,-0.29,-4.955));
#10023=CARTESIAN_POINT('',(-4.82,-0.29,-4.955));
#10024=VECTOR('',#11199,0.64);
#10025=CARTESIAN_POINT('',(-4.82,-0.29,-4.285));
#10026=VECTOR('',#11200,0.67);
#10027=CARTESIAN_POINT('',(-4.82,1.85,-7.045));
#10028=AXIS2_PLACEMENT_3D('',#11201,#11202,#11203);
#10029=CARTESIAN_POINT('',(-4.82,1.85,-7.295));
#10030=CARTESIAN_POINT('',(-4.82,1.85,-7.295));
#10031=VECTOR('',#11204,0.25);
#10032=CARTESIAN_POINT('',(-4.82,1.640564477612,-8.135));
#10033=CARTESIAN_POINT('',(-4.82,1.640564477612,-8.135));
#10034=VECTOR('',#11205,0.86571544865391);
#10035=CARTESIAN_POINT('',(-4.82,1.419435522388,-8.135));
#10036=CARTESIAN_POINT('',(-4.82,1.419435522388,-8.135));
#10037=VECTOR('',#11206,0.2211289552235);
#10038=CARTESIAN_POINT('',(-4.82,1.21,-7.295));
#10039=CARTESIAN_POINT('',(-4.82,1.21,-7.295));
#10040=VECTOR('',#11207,0.86571544865391);
#10041=CARTESIAN_POINT('',(-4.82,1.21,-7.045));
#10042=CARTESIAN_POINT('',(-4.82,1.21,-7.045));
#10043=VECTOR('',#11208,0.25);
#10044=CARTESIAN_POINT('',(-4.82,1.21,-5.573266328441));
#10045=AXIS2_PLACEMENT_3D('',#11209,#11210,#11211);
#10046=CARTESIAN_POINT('',(-4.82,1.21,-4.285));
#10047=VECTOR('',#11212,1.288266328441);
#10048=CARTESIAN_POINT('',(-4.82,1.21,2.555));
#10049=CARTESIAN_POINT('',(-4.82,1.21,2.555));
#10050=VECTOR('',#11213,4.2);
#10051=CARTESIAN_POINT('',(-4.82,1.85,2.555));
#10052=VECTOR('',#11214,0.64);
#10053=CARTESIAN_POINT('',(-4.82,-1.15,2.555));
#10054=CARTESIAN_POINT('',(-4.82,-1.15,2.555));
#10055=VECTOR('',#11215,0.64);
#10056=CARTESIAN_POINT('',(-4.82,-1.15,-1.645));
#10057=VECTOR('',#11216,4.2);
#10058=CARTESIAN_POINT('',(-4.82,-1.15,-5.573266328441));
#10059=CARTESIAN_POINT('',(-4.82,-1.15,-5.573266328441));
#10060=VECTOR('',#11217,1.288266328441);
#10061=CARTESIAN_POINT('',(-4.82,-1.15,-7.045));
#10062=AXIS2_PLACEMENT_3D('',#11218,#11219,#11220);
#10063=CARTESIAN_POINT('',(-4.82,-1.15,-7.295));
#10064=CARTESIAN_POINT('',(-4.82,-1.15,-7.295));
#10065=VECTOR('',#11221,0.25);
#10066=CARTESIAN_POINT('',(-4.82,-1.359435522388,-8.135));
#10067=CARTESIAN_POINT('',(-4.82,-1.359435522388,-8.135));
#10068=VECTOR('',#11222,0.86571544865391);
#10069=CARTESIAN_POINT('',(-4.82,-1.580564477612,-8.135));
#10070=CARTESIAN_POINT('',(-4.82,-1.580564477612,-8.135));
#10071=VECTOR('',#11223,0.2211289552235);
#10072=CARTESIAN_POINT('',(-4.82,-1.79,-7.295));
#10073=CARTESIAN_POINT('',(-4.82,-1.79,-7.295));
#10074=VECTOR('',#11224,0.86571544865391);
#10075=CARTESIAN_POINT('',(-4.82,-1.79,-7.045));
#10076=CARTESIAN_POINT('',(-4.82,-1.79,-7.045));
#10077=VECTOR('',#11225,0.25);
#10078=AXIS2_PLACEMENT_3D('',#11226,#11227,#11228);
#10079=CARTESIAN_POINT('',(-4.18,-0.29,-4.955));
#10080=VECTOR('',#11229,0.64);
#10081=CARTESIAN_POINT('',(-4.18,1.21,2.555));
#10082=VECTOR('',#11230,0.64);
#10083=CARTESIAN_POINT('',(-4.18,1.21,-5.573266328441));
#10084=VECTOR('',#11231,0.64);
#10085=CARTESIAN_POINT('',(-4.18,1.21,-7.045));
#10086=VECTOR('',#11232,0.64);
#10087=CARTESIAN_POINT('',(-4.18,1.21,-7.295));
#10088=VECTOR('',#11233,0.64);
#10089=CARTESIAN_POINT('',(-4.18,1.419435522388,-8.135));
#10090=VECTOR('',#11234,0.64);
#10091=CARTESIAN_POINT('',(-4.18,1.640564477612,-8.135));
#10092=VECTOR('',#11235,0.64);
#10093=CARTESIAN_POINT('',(-4.18,1.85,-7.295));
#10094=VECTOR('',#11236,0.64);
#10095=CARTESIAN_POINT('',(-4.18,1.85,-7.045));
#10096=VECTOR('',#11237,0.64);
#10097=CARTESIAN_POINT('',(-4.18,-1.15,-5.573266328441));
#10098=VECTOR('',#11238,0.64);
#10099=CARTESIAN_POINT('',(-4.18,-1.15,2.555));
#10100=VECTOR('',#11239,0.64);
#10101=CARTESIAN_POINT('',(-4.18,-1.15,-7.045));
#10102=VECTOR('',#11240,0.64);
#10103=CARTESIAN_POINT('',(-4.18,-1.15,-7.295));
#10104=VECTOR('',#11241,0.64);
#10105=CARTESIAN_POINT('',(-4.18,-1.359435522388,-8.135));
#10106=VECTOR('',#11242,0.64);
#10107=CARTESIAN_POINT('',(-4.18,-1.580564477612,-8.135));
#10108=VECTOR('',#11243,0.64);
#10109=CARTESIAN_POINT('',(-4.18,-1.79,-7.295));
#10110=VECTOR('',#11244,0.64);
#10111=CARTESIAN_POINT('',(-4.18,-1.79,-7.045));
#10112=VECTOR('',#11245,0.64);
#10113=AXIS2_PLACEMENT_3D('',#11246,#11247,#11248);
#10114=AXIS2_PLACEMENT_3D('',#11249,#11250,#11251);
#10115=AXIS2_PLACEMENT_3D('',#11252,#11253,#11254);
#10116=AXIS2_PLACEMENT_3D('',#11255,#11256,#11257);
#10117=CARTESIAN_POINT('',(4.82,1.85,-7.045));
#10118=VECTOR('',#11258,0.64);
#10119=CARTESIAN_POINT('',(4.82,1.85,-7.295));
#10120=VECTOR('',#11259,0.64);
#10121=CARTESIAN_POINT('',(4.82,1.640564477612,-8.135));
#10122=VECTOR('',#11260,0.64);
#10123=CARTESIAN_POINT('',(4.82,1.419435522388,-8.135));
#10124=VECTOR('',#11261,0.64);
#10125=CARTESIAN_POINT('',(4.82,1.21,-7.295));
#10126=VECTOR('',#11262,0.64);
#10127=CARTESIAN_POINT('',(4.82,1.21,-7.045));
#10128=VECTOR('',#11263,0.64);
#10129=CARTESIAN_POINT('',(4.82,-0.29,-4.955));
#10130=VECTOR('',#11264,0.64);
#10131=CARTESIAN_POINT('',(4.82,-1.79,2.555));
#10132=VECTOR('',#11265,0.64);
#10133=CARTESIAN_POINT('',(4.82,-1.79,-5.573266328441));
#10134=VECTOR('',#11266,0.64);
#10135=CARTESIAN_POINT('',(4.82,-1.15,2.555));
#10136=VECTOR('',#11267,0.64);
#10137=CARTESIAN_POINT('',(4.82,-1.15,-5.573266328441));
#10138=VECTOR('',#11268,0.64);
#10139=CARTESIAN_POINT('',(4.82,-1.15,-7.045));
#10140=VECTOR('',#11269,0.64);
#10141=CARTESIAN_POINT('',(4.82,-1.15,-7.295));
#10142=VECTOR('',#11270,0.64);
#10143=CARTESIAN_POINT('',(4.82,-1.359435522388,-8.135));
#10144=VECTOR('',#11271,0.64);
#10145=CARTESIAN_POINT('',(4.82,-1.580564477612,-8.135));
#10146=VECTOR('',#11272,0.64);
#10147=CARTESIAN_POINT('',(4.82,-1.79,-7.295));
#10148=VECTOR('',#11273,0.64);
#10149=CARTESIAN_POINT('',(4.82,-1.79,-7.045));
#10150=VECTOR('',#11274,0.64);
#10151=CARTESIAN_POINT('',(7.775,-2.1175,2.805));
#10152=CARTESIAN_POINT('',(7.825,-2.1175,2.805));
#10153=VECTOR('',#11275,0.05);
#10154=CARTESIAN_POINT('',(7.775,-2.1175,1.555));
#10155=CARTESIAN_POINT('',(7.775,-2.1175,1.555));
#10156=VECTOR('',#11276,1.25);
#10157=CARTESIAN_POINT('',(7.825,-2.1175,1.555));
#10158=VECTOR('',#11277,0.05);
#10159=CARTESIAN_POINT('',(7.775,-2.27375,1.555));
#10160=CARTESIAN_POINT('',(7.775,-2.27375,1.555));
#10161=VECTOR('',#11278,0.15625);
#10162=CARTESIAN_POINT('',(7.825,-2.27375,1.555));
#10163=VECTOR('',#11279,0.05);
#10164=CARTESIAN_POINT('',(7.775,-2.27375,2.592234067917));
#10165=CARTESIAN_POINT('',(7.775,-2.27375,2.592234067917));
#10166=VECTOR('',#11280,1.037234067917);
#10167=CARTESIAN_POINT('',(7.825,-2.27375,2.592234067917));
#10168=VECTOR('',#11281,0.05);
#10169=CARTESIAN_POINT('',(7.775,-2.43,2.406063802838));
#10170=CARTESIAN_POINT('',(7.775,-2.43,2.406063802838));
#10171=VECTOR('',#11282,0.243050262496104);
#10172=CARTESIAN_POINT('',(7.825,-2.43,2.406063802838));
#10173=VECTOR('',#11283,0.05);
#10174=CARTESIAN_POINT('',(7.775,-2.43,2.618829809427));
#10175=CARTESIAN_POINT('',(7.775,-2.43,2.618829809427));
#10176=VECTOR('',#11284,0.2127660065889);
#10177=CARTESIAN_POINT('',(7.825,-2.43,2.618829809427));
#10178=VECTOR('',#11285,0.05);
#10179=CARTESIAN_POINT('',(7.775,-2.27375,2.805));
#10180=CARTESIAN_POINT('',(7.775,-2.27375,2.805));
#10181=VECTOR('',#11286,0.243050205426607);
#10182=CARTESIAN_POINT('',(7.825,-2.27375,2.805));
#10183=VECTOR('',#11287,0.05);
#10184=CARTESIAN_POINT('',(7.775,-2.1175,2.805));
#10185=VECTOR('',#11288,0.15625);
#10186=CARTESIAN_POINT('',(-7.825,1.1,-0.345));
#10187=VECTOR('',#11289,1.4);
#10188=CARTESIAN_POINT('',(-7.825,0.575,-0.345));
#10189=VECTOR('',#11290,1.4);
#10190=CARTESIAN_POINT('',(-7.825,0.575,-2.845));
#10191=VECTOR('',#11291,1.4);
#10192=CARTESIAN_POINT('',(-7.825,-0.575,-2.845));
#10193=VECTOR('',#11292,1.4);
#10194=CARTESIAN_POINT('',(-7.825,-0.575,-0.345));
#10195=VECTOR('',#11293,1.4);
#10196=DIRECTION('',(-0.0,0.0,-1.0));
#10197=CARTESIAN_POINT('',(7.5,2.47,-4.955));
#10198=DIRECTION('',(0.0,0.0,-1.0));
#10199=DIRECTION('',(-1.0,0.0,0.0));
#10200=DIRECTION('',(0.0,0.0,1.0));
#10201=CARTESIAN_POINT('',(7.5,2.47,-5.484999370236));
#10202=DIRECTION('',(0.0,0.0,-1.0));
#10203=DIRECTION('',(1.0,0.0,0.0));
#10204=CARTESIAN_POINT('',(7.5,2.47,-5.484999370236));
#10205=DIRECTION('',(0.0,0.0,-1.0));
#10206=DIRECTION('',(1.0,0.0,0.0));
#10207=DIRECTION('',(-0.0,-0.707105782199294,0.70710778017239));
#10208=CARTESIAN_POINT('',(7.5,2.47,-5.814999931715));
#10209=DIRECTION('',(0.0,0.0,-1.0));
#10210=DIRECTION('',(1.0,0.0,0.0));
#10211=DIRECTION('',(8.6595483282895E-17,-0.707105782199294,-0.70710778017239));
#10212=CARTESIAN_POINT('',(7.5,2.47,-5.484999370236));
#10213=DIRECTION('',(0.0,0.0,-1.0));
#10214=DIRECTION('',(1.0,0.0,0.0));
#10215=DIRECTION('',(-0.0,-0.707105782199294,0.70710778017239));
#10216=CARTESIAN_POINT('',(-7.5,2.47,-5.814999931715));
#10217=DIRECTION('',(-0.0,0.0,-1.0));
#10218=DIRECTION('',(-1.0,-1.332270484213E-14,0.0));
#10219=DIRECTION('',(8.6595483282895E-17,-0.707105782199294,-0.70710778017239));
#10220=CARTESIAN_POINT('',(-7.5,2.47,-5.484999370236));
#10221=DIRECTION('',(0.0,0.0,-1.0));
#10222=DIRECTION('',(-1.0,0.0,0.0));
#10223=CARTESIAN_POINT('',(-7.5,2.47,-5.484999370236));
#10224=DIRECTION('',(0.0,0.0,-1.0));
#10225=DIRECTION('',(-1.0,0.0,0.0));
#10226=DIRECTION('',(-0.0,0.0,-1.0));
#10227=CARTESIAN_POINT('',(-7.5,2.47,-4.955));
#10228=DIRECTION('',(0.0,0.0,-1.0));
#10229=DIRECTION('',(-1.0,0.0,0.0));
#10230=DIRECTION('',(0.0,0.0,1.0));
#10231=CARTESIAN_POINT('',(-7.5,2.47,-5.484999370236));
#10232=DIRECTION('',(0.0,0.0,-1.0));
#10233=DIRECTION('',(-1.0,0.0,0.0));
#10234=DIRECTION('',(-1.0,-0.0,-0.0));
#10235=CARTESIAN_POINT('',(0.7,4.18,1.329177595493));
#10236=DIRECTION('',(-1.0,0.0,0.0));
#10237=DIRECTION('',(0.0,-1.0,0.0));
#10238=DIRECTION('',(1.0,0.0,0.0));
#10239=CARTESIAN_POINT('',(-0.7,4.18,1.329177595493));
#10240=DIRECTION('',(-1.0,0.0,0.0));
#10241=DIRECTION('',(0.0,-1.0,0.0));
#10242=DIRECTION('',(0.0,0.0,-1.0));
#10243=DIRECTION('',(0.0,1.0,0.0));
#10244=DIRECTION('',(0.0,0.0,-1.0));
#10245=DIRECTION('',(0.0,1.0,0.0));
#10246=DIRECTION('',(0.0,0.0,1.0));
#10247=DIRECTION('',(0.0,1.0,0.0));
#10248=DIRECTION('',(0.0,0.0,-1.0));
#10249=DIRECTION('',(0.0,1.0,0.0));
#10250=DIRECTION('',(0.0,-1.0,0.0));
#10251=DIRECTION('',(0.0,0.0,1.0));
#10252=DIRECTION('',(0.0,1.0,0.0));
#10253=DIRECTION('',(0.0,0.0,-1.0));
#10254=DIRECTION('',(0.0,-1.0,0.0));
#10255=DIRECTION('',(0.0,1.0,0.0));
#10256=DIRECTION('',(0.0,0.0,-1.0));
#10257=DIRECTION('',(1.0,0.0,0.0));
#10258=DIRECTION('',(-1.0,0.0,0.0));
#10259=DIRECTION('',(0.0,-1.0,0.0));
#10260=DIRECTION('',(0.0,0.0,-1.0));
#10261=DIRECTION('',(0.0,1.0,0.0));
#10262=DIRECTION('',(0.0,0.0,-1.0));
#10263=DIRECTION('',(0.0,-1.0,0.0));
#10264=DIRECTION('',(0.0,0.0,1.0));
#10265=DIRECTION('',(0.0,1.0,0.0));
#10266=DIRECTION('',(0.0,0.0,1.0));
#10267=DIRECTION('',(0.0,1.0,0.0));
#10268=DIRECTION('',(0.0,0.0,-1.0));
#10269=DIRECTION('',(0.0,1.0,0.0));
#10270=DIRECTION('',(-1.0,0.0,0.0));
#10271=DIRECTION('',(-1.0,0.0,0.0));
#10272=DIRECTION('',(-1.0,0.0,0.0));
#10273=DIRECTION('',(-0.646977448195094,0.0,0.762509135372793));
#10274=DIRECTION('',(-1.0,0.0,0.0));
#10275=DIRECTION('',(0.0,0.0,1.0));
#10276=DIRECTION('',(-0.646977448195094,0.0,-0.762509135372793));
#10277=DIRECTION('',(-0.646977448195094,0.0,0.762509135372793));
#10278=DIRECTION('',(0.0,-1.0,0.0));
#10279=DIRECTION('',(-0.646977448195094,0.0,0.762509135372793));
#10280=DIRECTION('',(0.0,-1.0,0.0));
#10281=DIRECTION('',(0.0,-1.0,0.0));
#10282=DIRECTION('',(-0.646977448195094,0.0,0.762509135372793));
#10283=DIRECTION('',(-0.625946015195187,-0.252898606095895,0.737722089337184));
#10284=DIRECTION('',(0.0,-1.0,0.0));
#10285=DIRECTION('',(0.0,0.0,1.0));
#10286=DIRECTION('',(-1.0,0.0,0.0));
#10287=DIRECTION('',(-0.646977448195094,0.0,-0.762509135372793));
#10288=DIRECTION('',(-1.0,0.0,0.0));
#10289=DIRECTION('',(0.0,-1.0,0.0));
#10290=DIRECTION('',(0.0,1.0,0.0));
#10291=DIRECTION('',(-1.0,0.0,0.0));
#10292=DIRECTION('',(0.0,1.0,0.0));
#10293=DIRECTION('',(0.0,-1.0,0.0));
#10294=DIRECTION('',(0.0,0.0,-1.0));
#10295=DIRECTION('',(-1.0,0.0,0.0));
#10296=DIRECTION('',(0.0,0.0,-1.0));
#10297=DIRECTION('',(0.0,0.0,-1.0));
#10298=DIRECTION('',(0.0,1.0,0.0));
#10299=DIRECTION('',(0.0,0.0,1.0));
#10300=DIRECTION('',(0.0,0.0,-1.0));
#10301=DIRECTION('',(0.0,1.0,0.0));
#10302=DIRECTION('',(0.0,0.0,1.0));
#10303=DIRECTION('',(0.0,1.0,0.0));
#10304=DIRECTION('',(0.0,0.0,-1.0));
#10305=DIRECTION('',(0.0,1.0,0.0));
#10306=DIRECTION('',(0.0,0.0,1.0));
#10307=DIRECTION('',(0.0,1.0,0.0));
#10308=DIRECTION('',(0.0,0.0,-1.0));
#10309=DIRECTION('',(0.0,0.64287114276419,0.765974342782488));
#10310=DIRECTION('',(0.0,0.0,-1.0));
#10311=DIRECTION('',(0.0,-0.642871293713882,-0.765974216092578));
#10312=DIRECTION('',(0.0,-1.0,0.0));
#10313=DIRECTION('',(-1.0,0.0,0.0));
#10314=DIRECTION('',(0.0,1.0,0.0));
#10315=DIRECTION('',(0.0,1.0,0.0));
#10316=DIRECTION('',(0.0,0.0,-1.0));
#10317=DIRECTION('',(0.0,1.0,0.0));
#10318=DIRECTION('',(0.0,0.0,1.0));
#10319=DIRECTION('',(0.0,1.0,0.0));
#10320=DIRECTION('',(0.0,0.0,1.0));
#10321=DIRECTION('',(-1.0,0.0,0.0));
#10322=DIRECTION('',(-1.0,0.0,0.0));
#10323=DIRECTION('',(-1.0,0.0,0.0));
#10324=DIRECTION('',(-1.0,0.0,0.0));
#10325=DIRECTION('',(1.0,0.0,0.0));
#10326=DIRECTION('',(0.0,-1.0,0.0));
#10327=DIRECTION('',(0.0,-1.0,0.0));
#10328=DIRECTION('',(1.0,0.0,0.0));
#10329=DIRECTION('',(0.0,-1.0,0.0));
#10330=DIRECTION('',(-1.0,0.0,0.0));
#10331=DIRECTION('',(0.0,1.0,0.0));
#10332=DIRECTION('',(1.0,0.0,0.0));
#10333=DIRECTION('',(0.707106781186548,-0.707106781186548,0.0));
#10334=DIRECTION('',(-1.0,0.0,0.0));
#10335=DIRECTION('',(0.0,1.0,0.0));
#10336=DIRECTION('',(1.0,0.0,0.0));
#10337=DIRECTION('',(0.707106781186548,-0.707106781186548,0.0));
#10338=DIRECTION('',(0.0,-1.0,0.0));
#10339=DIRECTION('',(0.0,-1.0,0.0));
#10340=DIRECTION('',(-1.0,0.0,0.0));
#10341=DIRECTION('',(0.0,1.0,0.0));
#10342=DIRECTION('',(0.707106781186548,0.707106781186548,0.0));
#10343=DIRECTION('',(1.0,0.0,0.0));
#10344=DIRECTION('',(1.0,0.0,0.0));
#10345=DIRECTION('',(0.0,-1.0,0.0));
#10346=DIRECTION('',(-1.0,0.0,0.0));
#10347=DIRECTION('',(0.0,1.0,0.0));
#10348=DIRECTION('',(0.707106781186548,0.707106781186548,0.0));
#10349=DIRECTION('',(1.0,0.0,0.0));
#10350=DIRECTION('',(0.707106781186548,-0.707106781186548,0.0));
#10351=DIRECTION('',(0.0,-1.0,0.0));
#10352=DIRECTION('',(-1.0,0.0,0.0));
#10353=DIRECTION('',(0.0,1.0,0.0));
#10354=DIRECTION('',(-1.0,0.0,0.0));
#10355=DIRECTION('',(0.0,1.0,0.0));
#10356=DIRECTION('',(1.0,0.0,0.0));
#10357=DIRECTION('',(0.707106781186548,-0.707106781186548,0.0));
#10358=DIRECTION('',(0.0,-1.0,0.0));
#10359=DIRECTION('',(1.0,0.0,0.0));
#10360=DIRECTION('',(0.0,-1.0,0.0));
#10361=DIRECTION('',(-1.0,0.0,0.0));
#10362=DIRECTION('',(0.0,1.0,0.0));
#10363=DIRECTION('',(0.707106781186548,0.707106781186548,0.0));
#10364=DIRECTION('',(1.0,0.0,0.0));
#10365=DIRECTION('',(0.0,-1.0,0.0));
#10366=DIRECTION('',(-1.0,0.0,0.0));
#10367=DIRECTION('',(0.0,1.0,0.0));
#10368=DIRECTION('',(0.0,0.0,1.0));
#10369=DIRECTION('',(1.0,0.0,0.0));
#10370=DIRECTION('',(0.0,0.0,1.0));
#10371=DIRECTION('',(-1.0,0.0,0.0));
#10372=DIRECTION('',(0.0,0.0,1.0));
#10373=DIRECTION('',(1.0,0.0,0.0));
#10374=DIRECTION('',(0.0,0.0,1.0));
#10375=DIRECTION('',(-1.0,0.0,0.0));
#10376=DIRECTION('',(0.0,0.0,1.0));
#10377=DIRECTION('',(1.0,0.0,0.0));
#10378=DIRECTION('',(0.0,0.0,1.0));
#10379=DIRECTION('',(-1.0,0.0,0.0));
#10380=DIRECTION('',(0.0,0.0,1.0));
#10381=DIRECTION('',(1.0,0.0,0.0));
#10382=DIRECTION('',(0.0,0.0,1.0));
#10383=DIRECTION('',(-1.0,0.0,0.0));
#10384=DIRECTION('',(0.0,0.0,-1.0));
#10385=DIRECTION('',(1.0,0.0,0.0));
#10386=DIRECTION('',(0.0,0.0,-1.0));
#10387=DIRECTION('',(-0.646977448195094,0.0,-0.762509135372793));
#10388=DIRECTION('',(0.0,0.0,-1.0));
#10389=DIRECTION('',(1.0,0.0,0.0));
#10390=DIRECTION('',(0.0,0.0,-1.0));
#10391=DIRECTION('',(-1.0,0.0,0.0));
#10392=DIRECTION('',(1.0,0.0,0.0));
#10393=DIRECTION('',(0.0,0.0,1.0));
#10394=DIRECTION('',(1.0,0.0,0.0));
#10395=DIRECTION('',(0.0,0.0,1.0));
#10396=DIRECTION('',(1.0,0.0,0.0));
#10397=DIRECTION('',(0.0,0.0,1.0));
#10398=DIRECTION('',(1.0,0.0,0.0));
#10399=DIRECTION('',(0.0,0.0,1.0));
#10400=DIRECTION('',(0.0,-1.0,0.0));
#10401=DIRECTION('',(1.0,0.0,0.0));
#10402=DIRECTION('',(0.0,1.0,0.0));
#10403=DIRECTION('',(0.0,-1.0,0.0));
#10404=DIRECTION('',(1.0,0.0,0.0));
#10405=DIRECTION('',(0.0,1.0,0.0));
#10406=DIRECTION('',(0.0,0.0,-1.0));
#10407=DIRECTION('',(0.0,1.0,0.0));
#10408=DIRECTION('',(1.0,0.0,0.0));
#10409=DIRECTION('',(0.0,-1.0,0.0));
#10410=DIRECTION('',(0.0,1.0,0.0));
#10411=DIRECTION('',(1.0,0.0,0.0));
#10412=DIRECTION('',(0.0,-1.0,0.0));
#10413=DIRECTION('',(0.0,0.0,-1.0));
#10414=DIRECTION('',(0.0,0.0,-1.0));
#10415=DIRECTION('',(0.0,0.0,-1.0));
#10416=DIRECTION('',(0.0,1.0,0.0));
#10417=DIRECTION('',(0.0,0.0,1.0));
#10418=DIRECTION('',(0.0,-1.0,0.0));
#10419=DIRECTION('',(0.0,-1.0,0.0));
#10420=DIRECTION('',(0.0,0.0,1.0));
#10421=DIRECTION('',(0.0,1.0,0.0));
#10422=DIRECTION('',(0.0,0.0,1.0));
#10423=DIRECTION('',(0.0,-1.0,0.0));
#10424=DIRECTION('',(0.0,0.0,1.0));
#10425=DIRECTION('',(0.0,-1.0,0.0));
#10426=DIRECTION('',(0.0,0.0,1.0));
#10427=DIRECTION('',(0.0,1.0,0.0));
#10428=DIRECTION('',(0.0,0.0,1.0));
#10429=DIRECTION('',(0.0,1.0,0.0));
#10430=DIRECTION('',(0.0,0.0,1.0));
#10431=DIRECTION('',(0.0,-1.0,0.0));
#10432=DIRECTION('',(0.0,0.0,1.0));
#10433=DIRECTION('',(0.0,1.0,0.0));
#10434=DIRECTION('',(1.0,0.0,0.0));
#10435=DIRECTION('',(0.0,-1.0,0.0));
#10436=DIRECTION('',(1.0,0.0,0.0));
#10437=DIRECTION('',(0.0,1.0,0.0));
#10438=DIRECTION('',(1.0,0.0,0.0));
#10439=DIRECTION('',(0.0,-1.0,0.0));
#10440=DIRECTION('',(1.0,0.0,0.0));
#10441=DIRECTION('',(0.0,1.0,0.0));
#10442=DIRECTION('',(1.0,0.0,0.0));
#10443=DIRECTION('',(0.0,-1.0,0.0));
#10444=DIRECTION('',(-1.0,0.0,0.0));
#10445=DIRECTION('',(0.0,1.0,0.0));
#10446=DIRECTION('',(-1.0,0.0,0.0));
#10447=DIRECTION('',(0.0,1.0,0.0));
#10448=DIRECTION('',(-1.0,0.0,0.0));
#10449=DIRECTION('',(0.0,1.0,0.0));
#10450=DIRECTION('',(-1.0,0.0,0.0));
#10451=DIRECTION('',(0.0,1.0,0.0));
#10452=DIRECTION('',(1.0,0.0,0.0));
#10453=DIRECTION('',(0.0,-1.0,0.0));
#10454=DIRECTION('',(1.0,0.0,0.0));
#10455=DIRECTION('',(0.0,1.0,0.0));
#10456=DIRECTION('',(1.0,0.0,0.0));
#10457=DIRECTION('',(0.0,-1.0,0.0));
#10458=DIRECTION('',(1.0,0.0,0.0));
#10459=DIRECTION('',(0.0,1.0,0.0));
#10460=DIRECTION('',(1.0,0.0,0.0));
#10461=DIRECTION('',(0.0,-1.0,0.0));
#10462=DIRECTION('',(-1.0,0.0,0.0));
#10463=DIRECTION('',(0.0,1.0,0.0));
#10464=DIRECTION('',(1.0,0.0,0.0));
#10465=DIRECTION('',(0.0,1.0,0.0));
#10466=DIRECTION('',(1.0,0.0,0.0));
#10467=DIRECTION('',(0.0,-1.0,0.0));
#10468=DIRECTION('',(1.0,0.0,0.0));
#10469=DIRECTION('',(0.0,1.0,0.0));
#10470=DIRECTION('',(1.0,0.0,0.0));
#10471=DIRECTION('',(0.0,-1.0,0.0));
#10472=DIRECTION('',(1.0,0.0,0.0));
#10473=DIRECTION('',(0.0,1.0,0.0));
#10474=DIRECTION('',(-1.0,0.0,0.0));
#10475=DIRECTION('',(0.0,1.0,0.0));
#10476=DIRECTION('',(1.0,0.0,0.0));
#10477=DIRECTION('',(0.0,-1.0,0.0));
#10478=DIRECTION('',(1.0,0.0,0.0));
#10479=DIRECTION('',(0.0,1.0,0.0));
#10480=DIRECTION('',(1.0,0.0,0.0));
#10481=DIRECTION('',(0.0,-1.0,0.0));
#10482=DIRECTION('',(1.0,0.0,0.0));
#10483=DIRECTION('',(0.0,1.0,0.0));
#10484=DIRECTION('',(1.0,0.0,0.0));
#10485=DIRECTION('',(0.0,-1.0,0.0));
#10486=DIRECTION('',(-1.0,0.0,0.0));
#10487=DIRECTION('',(0.0,-1.0,0.0));
#10488=DIRECTION('',(1.0,0.0,0.0));
#10489=DIRECTION('',(0.0,1.0,0.0));
#10490=DIRECTION('',(1.0,0.0,0.0));
#10491=DIRECTION('',(0.0,-1.0,0.0));
#10492=DIRECTION('',(1.0,0.0,0.0));
#10493=DIRECTION('',(0.0,1.0,0.0));
#10494=DIRECTION('',(1.0,0.0,0.0));
#10495=DIRECTION('',(0.0,-1.0,0.0));
#10496=DIRECTION('',(1.0,0.0,0.0));
#10497=DIRECTION('',(0.0,1.0,0.0));
#10498=DIRECTION('',(-1.0,0.0,0.0));
#10499=DIRECTION('',(-1.0,0.0,0.0));
#10500=DIRECTION('',(0.0,-1.0,0.0));
#10501=DIRECTION('',(1.0,0.0,0.0));
#10502=DIRECTION('',(0.0,1.0,0.0));
#10503=DIRECTION('',(1.0,0.0,0.0));
#10504=DIRECTION('',(0.0,-1.0,0.0));
#10505=DIRECTION('',(-1.0,0.0,0.0));
#10506=DIRECTION('',(0.0,-1.0,0.0));
#10507=DIRECTION('',(1.0,0.0,0.0));
#10508=DIRECTION('',(1.0,0.0,0.0));
#10509=DIRECTION('',(0.0,-1.0,0.0));
#10510=DIRECTION('',(1.0,0.0,0.0));
#10511=DIRECTION('',(1.0,0.0,0.0));
#10512=DIRECTION('',(0.0,-1.0,0.0));
#10513=DIRECTION('',(1.0,0.0,0.0));
#10514=DIRECTION('',(0.0,1.0,0.0));
#10515=DIRECTION('',(1.0,0.0,0.0));
#10516=DIRECTION('',(0.0,-1.0,0.0));
#10517=DIRECTION('',(1.0,0.0,0.0));
#10518=DIRECTION('',(0.0,1.0,0.0));
#10519=DIRECTION('',(1.0,0.0,0.0));
#10520=DIRECTION('',(0.0,-1.0,0.0));
#10521=DIRECTION('',(1.0,0.0,0.0));
#10522=DIRECTION('',(0.0,1.0,0.0));
#10523=DIRECTION('',(1.0,0.0,0.0));
#10524=DIRECTION('',(0.0,-1.0,0.0));
#10525=DIRECTION('',(-1.0,0.0,0.0));
#10526=DIRECTION('',(0.0,-1.0,0.0));
#10527=DIRECTION('',(1.0,0.0,0.0));
#10528=DIRECTION('',(0.0,1.0,0.0));
#10529=DIRECTION('',(1.0,0.0,0.0));
#10530=DIRECTION('',(0.0,-1.0,0.0));
#10531=DIRECTION('',(1.0,0.0,0.0));
#10532=DIRECTION('',(0.0,1.0,0.0));
#10533=DIRECTION('',(1.0,0.0,0.0));
#10534=DIRECTION('',(0.0,-1.0,0.0));
#10535=DIRECTION('',(1.0,0.0,0.0));
#10536=DIRECTION('',(0.0,1.0,0.0));
#10537=DIRECTION('',(-1.0,0.0,0.0));
#10538=DIRECTION('',(0.0,-1.0,0.0));
#10539=DIRECTION('',(0.0,0.0,1.0));
#10540=DIRECTION('',(0.0,1.0,0.0));
#10541=DIRECTION('',(0.0,0.0,-1.0));
#10542=DIRECTION('',(0.0,-1.0,0.0));
#10543=DIRECTION('',(0.0,0.0,-1.0));
#10544=DIRECTION('',(0.0,0.0,-1.0));
#10545=DIRECTION('',(0.0,0.0,1.0));
#10546=DIRECTION('',(0.0,-1.0,0.0));
#10547=DIRECTION('',(0.0,-1.0,0.0));
#10548=DIRECTION('',(0.0,0.0,-1.0));
#10549=DIRECTION('',(0.0,0.0,-1.0));
#10550=DIRECTION('',(0.0,-1.0,0.0));
#10551=DIRECTION('',(0.0,0.0,-1.0));
#10552=DIRECTION('',(0.0,-1.0,0.0));
#10553=DIRECTION('',(1.0,0.0,0.0));
#10554=DIRECTION('',(1.0,0.0,0.0));
#10555=DIRECTION('',(0.0,-1.0,0.0));
#10556=DIRECTION('',(1.0,0.0,0.0));
#10557=DIRECTION('',(1.0,0.0,0.0));
#10558=DIRECTION('',(1.0,0.0,0.0));
#10559=DIRECTION('',(1.0,0.0,0.0));
#10560=DIRECTION('',(0.0,-1.0,0.0));
#10561=DIRECTION('',(1.0,0.0,0.0));
#10562=DIRECTION('',(0.0,-1.0,0.0));
#10563=DIRECTION('',(0.0,0.0,1.0));
#10564=DIRECTION('',(0.0,1.0,0.0));
#10565=DIRECTION('',(0.0,0.0,1.0));
#10566=DIRECTION('',(0.0,0.0,1.0));
#10567=DIRECTION('',(0.0,0.0,1.0));
#10568=DIRECTION('',(0.0,0.0,1.0));
#10569=DIRECTION('',(0.0,-1.0,0.0));
#10570=DIRECTION('',(0.0,0.0,1.0));
#10571=DIRECTION('',(0.0,0.0,1.0));
#10572=DIRECTION('',(0.0,0.0,1.0));
#10573=DIRECTION('',(1.0,0.0,0.0));
#10574=DIRECTION('',(0.0,0.0,1.0));
#10575=DIRECTION('',(1.0,0.0,0.0));
#10576=DIRECTION('',(0.0,0.0,-1.0));
#10577=DIRECTION('',(1.0,0.0,0.0));
#10578=DIRECTION('',(1.0,0.0,0.0));
#10579=DIRECTION('',(0.0,0.0,1.0));
#10580=DIRECTION('',(1.0,0.0,0.0));
#10581=DIRECTION('',(0.0,0.0,1.0));
#10582=DIRECTION('',(1.0,0.0,0.0));
#10583=DIRECTION('',(0.0,0.0,1.0));
#10584=DIRECTION('',(1.0,0.0,0.0));
#10585=DIRECTION('',(0.0,0.0,1.0));
#10586=DIRECTION('',(1.0,0.0,0.0));
#10587=DIRECTION('',(0.0,0.0,1.0));
#10588=DIRECTION('',(1.0,0.0,0.0));
#10589=DIRECTION('',(0.0,-1.0,0.0));
#10590=DIRECTION('',(1.0,0.0,0.0));
#10591=DIRECTION('',(1.0,0.0,0.0));
#10592=DIRECTION('',(0.0,-1.0,0.0));
#10593=DIRECTION('',(1.0,0.0,0.0));
#10594=DIRECTION('',(1.0,0.0,0.0));
#10595=DIRECTION('',(0.0,-1.0,0.0));
#10596=DIRECTION('',(1.0,0.0,0.0));
#10597=DIRECTION('',(1.0,0.0,0.0));
#10598=DIRECTION('',(0.0,-1.0,0.0));
#10599=DIRECTION('',(0.0,0.0,1.0));
#10600=DIRECTION('',(-1.0,0.0,0.0));
#10601=DIRECTION('',(0.0,0.0,1.0));
#10602=DIRECTION('',(1.0,0.0,0.0));
#10603=DIRECTION('',(0.0,0.0,-1.0));
#10604=DIRECTION('',(1.0,0.0,0.0));
#10605=DIRECTION('',(0.0,0.0,1.0));
#10606=DIRECTION('',(1.0,0.0,0.0));
#10607=DIRECTION('',(0.0,0.0,1.0));
#10608=DIRECTION('',(-1.0,0.0,0.0));
#10609=DIRECTION('',(0.0,0.0,1.0));
#10610=DIRECTION('',(0.0,0.0,-1.0));
#10611=DIRECTION('',(0.0,1.0,0.0));
#10612=DIRECTION('',(0.0,0.0,-1.0));
#10613=CARTESIAN_POINT('',(-4.18,-0.12,-6.309133164221));
#10614=DIRECTION('',(-1.0,0.0,0.0));
#10615=DIRECTION('',(0.0,0.875000000000011,0.484122918275906));
#10616=DIRECTION('',(0.0,0.0,-1.0));
#10617=DIRECTION('',(0.0,0.241921895599697,-0.970295726275989));
#10618=DIRECTION('',(0.0,1.0,0.0));
#10619=DIRECTION('',(0.0,0.241921895599697,0.970295726275989));
#10620=DIRECTION('',(0.0,0.0,1.0));
#10621=CARTESIAN_POINT('',(-4.18,0.52,-6.309133164221));
#10622=DIRECTION('',(1.0,0.0,0.0));
#10623=DIRECTION('',(0.0,0.875000000000011,-0.484122918275906));
#10624=DIRECTION('',(0.0,1.0,0.0));
#10625=DIRECTION('',(0.0,0.0,-1.0));
#10626=DIRECTION('',(0.0,0.0,-1.0));
#10627=DIRECTION('',(0.0,1.0,0.0));
#10628=DIRECTION('',(0.0,-1.0,0.0));
#10629=DIRECTION('',(0.0,0.0,-1.0));
#10630=DIRECTION('',(0.0,1.0,0.0));
#10631=DIRECTION('',(0.0,0.0,1.0));
#10632=DIRECTION('',(0.0,-1.0,0.0));
#10633=DIRECTION('',(0.0,0.0,1.0));
#10634=DIRECTION('',(0.0,0.0,-1.0));
#10635=CARTESIAN_POINT('',(-4.18,-0.46,-6.309133164221));
#10636=DIRECTION('',(1.0,0.0,0.0));
#10637=DIRECTION('',(0.0,-0.875000000000011,0.484122918275906));
#10638=DIRECTION('',(0.0,0.0,-1.0));
#10639=DIRECTION('',(0.0,0.241921895599697,-0.970295726275989));
#10640=DIRECTION('',(0.0,1.0,0.0));
#10641=DIRECTION('',(0.0,0.241921895599697,0.970295726275989));
#10642=DIRECTION('',(0.0,0.0,1.0));
#10643=CARTESIAN_POINT('',(-4.18,0.18,-6.309133164221));
#10644=DIRECTION('',(-1.0,-0.0,0.0));
#10645=DIRECTION('',(0.0,-0.875000000000011,-0.484122918275906));
#10646=DIRECTION('',(-1.0,0.0,0.0));
#10647=DIRECTION('',(0.0,0.0,1.0));
#10648=DIRECTION('',(0.0,0.0,-1.0));
#10649=DIRECTION('',(0.0,0.0,1.0));
#10650=DIRECTION('',(0.0,-1.0,0.0));
#10651=DIRECTION('',(0.0,0.0,-1.0));
#10652=DIRECTION('',(0.0,1.0,0.0));
#10653=DIRECTION('',(0.0,0.0,-1.0));
#10654=DIRECTION('',(0.0,0.0,-1.0));
#10655=DIRECTION('',(0.0,0.0,-1.0));
#10656=DIRECTION('',(-1.0,0.0,0.0));
#10657=DIRECTION('',(0.0,0.0,-1.0));
#10658=DIRECTION('',(1.0,0.0,0.0));
#10659=DIRECTION('',(0.0,0.0,-1.0));
#10660=DIRECTION('',(-1.0,0.0,0.0));
#10661=DIRECTION('',(0.0,-1.0,0.0));
#10662=DIRECTION('',(0.707106781186548,-0.707106781186548,0.0));
#10663=DIRECTION('',(1.0,0.0,0.0));
#10664=DIRECTION('',(0.0,1.0,0.0));
#10665=DIRECTION('',(-1.0,0.0,0.0));
#10666=DIRECTION('',(0.0,1.0,0.0));
#10667=DIRECTION('',(1.0,0.0,0.0));
#10668=DIRECTION('',(0.0,1.0,0.0));
#10669=DIRECTION('',(1.0,0.0,0.0));
#10670=DIRECTION('',(-1.0,0.0,0.0));
#10671=DIRECTION('',(0.0,-1.0,0.0));
#10672=DIRECTION('',(0.707106781186548,-0.707106781186548,0.0));
#10673=DIRECTION('',(1.0,0.0,0.0));
#10674=DIRECTION('',(0.0,1.0,0.0));
#10675=DIRECTION('',(0.0,1.0,0.0));
#10676=DIRECTION('',(1.0,0.0,0.0));
#10677=DIRECTION('',(0.0,1.0,0.0));
#10678=DIRECTION('',(1.0,0.0,0.0));
#10679=DIRECTION('',(0.0,-1.0,0.0));
#10680=DIRECTION('',(1.0,0.0,0.0));
#10681=DIRECTION('',(0.707106781186548,0.707106781186548,0.0));
#10682=DIRECTION('',(0.0,1.0,0.0));
#10683=DIRECTION('',(-1.0,0.0,0.0));
#10684=DIRECTION('',(0.0,1.0,0.0));
#10685=DIRECTION('',(1.0,0.0,0.0));
#10686=DIRECTION('',(0.0,1.0,0.0));
#10687=DIRECTION('',(1.0,0.0,0.0));
#10688=DIRECTION('',(1.0,0.0,0.0));
#10689=DIRECTION('',(0.707106781186548,0.707106781186548,0.0));
#10690=DIRECTION('',(0.0,1.0,0.0));
#10691=DIRECTION('',(-1.0,0.0,0.0));
#10692=DIRECTION('',(0.0,-1.0,0.0));
#10693=DIRECTION('',(0.0,1.0,0.0));
#10694=DIRECTION('',(1.0,0.0,0.0));
#10695=DIRECTION('',(0.0,1.0,0.0));
#10696=DIRECTION('',(1.0,0.0,0.0));
#10697=DIRECTION('',(1.0,0.0,0.0));
#10698=DIRECTION('',(0.0,1.0,0.0));
#10699=DIRECTION('',(-1.0,0.0,0.0));
#10700=DIRECTION('',(0.0,-1.0,0.0));
#10701=DIRECTION('',(0.707106781186548,-0.707106781186548,0.0));
#10702=DIRECTION('',(0.0,1.0,0.0));
#10703=DIRECTION('',(1.0,0.0,0.0));
#10704=DIRECTION('',(0.0,1.0,0.0));
#10705=DIRECTION('',(1.0,0.0,0.0));
#10706=DIRECTION('',(-1.0,0.0,0.0));
#10707=DIRECTION('',(0.0,-1.0,0.0));
#10708=DIRECTION('',(0.707106781186548,-0.707106781186548,0.0));
#10709=DIRECTION('',(1.0,0.0,0.0));
#10710=DIRECTION('',(0.0,1.0,0.0));
#10711=DIRECTION('',(0.0,1.0,0.0));
#10712=DIRECTION('',(1.0,0.0,0.0));
#10713=DIRECTION('',(0.0,1.0,0.0));
#10714=DIRECTION('',(1.0,0.0,0.0));
#10715=DIRECTION('',(1.0,0.0,0.0));
#10716=DIRECTION('',(0.707106781186548,0.707106781186548,0.0));
#10717=DIRECTION('',(0.0,1.0,0.0));
#10718=DIRECTION('',(-1.0,0.0,0.0));
#10719=DIRECTION('',(0.0,-1.0,0.0));
#10720=DIRECTION('',(0.0,1.0,0.0));
#10721=DIRECTION('',(1.0,0.0,0.0));
#10722=DIRECTION('',(1.0,0.0,0.0));
#10723=DIRECTION('',(0.0,1.0,0.0));
#10724=DIRECTION('',(-1.0,0.0,0.0));
#10725=DIRECTION('',(0.0,-1.0,0.0));
#10726=DIRECTION('',(1.0,0.0,0.0));
#10727=DIRECTION('',(0.0,1.0,0.0));
#10728=DIRECTION('',(0.0,0.0,-1.0));
#10729=DIRECTION('',(0.0,0.0,-1.0));
#10730=DIRECTION('',(0.0,0.0,-1.0));
#10731=DIRECTION('',(0.0,0.0,-1.0));
#10732=DIRECTION('',(0.0,0.0,-1.0));
#10733=DIRECTION('',(0.0,0.0,-1.0));
#10734=DIRECTION('',(0.0,0.0,-1.0));
#10735=DIRECTION('',(0.0,0.0,-1.0));
#10736=DIRECTION('',(0.0,0.0,-1.0));
#10737=DIRECTION('',(0.0,0.0,-1.0));
#10738=DIRECTION('',(0.0,0.0,-1.0));
#10739=DIRECTION('',(0.0,0.0,-1.0));
#10740=DIRECTION('',(0.0,0.0,-1.0));
#10741=DIRECTION('',(0.0,0.0,-1.0));
#10742=DIRECTION('',(0.0,0.0,-1.0));
#10743=DIRECTION('',(0.0,0.0,-1.0));
#10744=DIRECTION('',(0.0,0.0,-1.0));
#10745=DIRECTION('',(0.0,0.0,-1.0));
#10746=DIRECTION('',(0.0,0.0,-1.0));
#10747=DIRECTION('',(0.0,0.0,-1.0));
#10748=DIRECTION('',(0.0,0.0,-1.0));
#10749=DIRECTION('',(0.0,0.0,-1.0));
#10750=DIRECTION('',(0.0,0.0,-1.0));
#10751=DIRECTION('',(0.0,0.0,-1.0));
#10752=DIRECTION('',(0.0,0.0,-1.0));
#10753=DIRECTION('',(0.0,0.0,-1.0));
#10754=DIRECTION('',(0.0,0.0,-1.0));
#10755=DIRECTION('',(0.0,0.0,-1.0));
#10756=DIRECTION('',(0.0,0.0,-1.0));
#10757=DIRECTION('',(0.0,0.0,-1.0));
#10758=DIRECTION('',(0.0,0.0,-1.0));
#10759=DIRECTION('',(0.0,0.0,-1.0));
#10760=DIRECTION('',(0.0,0.0,-1.0));
#10761=DIRECTION('',(0.0,0.0,-1.0));
#10762=DIRECTION('',(0.0,0.0,-1.0));
#10763=DIRECTION('',(0.0,0.0,-1.0));
#10764=DIRECTION('',(0.0,0.0,-1.0));
#10765=DIRECTION('',(0.0,0.0,-1.0));
#10766=DIRECTION('',(0.0,0.0,-1.0));
#10767=DIRECTION('',(0.0,0.0,1.0));
#10768=DIRECTION('',(0.0,0.0,-1.0));
#10769=DIRECTION('',(0.0,1.0,0.0));
#10770=DIRECTION('',(0.0,0.0,-1.0));
#10771=DIRECTION('',(0.0,0.0,1.0));
#10772=DIRECTION('',(0.0,-1.0,0.0));
#10773=DIRECTION('',(0.0,0.0,1.0));
#10774=DIRECTION('',(0.0,1.0,0.0));
#10775=DIRECTION('',(0.0,0.0,-1.0));
#10776=DIRECTION('',(0.0,0.0,-1.0));
#10777=CARTESIAN_POINT('',(4.82,-0.12,-6.309133164221));
#10778=DIRECTION('',(-1.0,0.0,0.0));
#10779=DIRECTION('',(0.0,0.875000000000011,0.484122918275906));
#10780=DIRECTION('',(0.0,0.0,-1.0));
#10781=DIRECTION('',(0.0,0.241921895599697,-0.970295726275989));
#10782=DIRECTION('',(0.0,1.0,0.0));
#10783=DIRECTION('',(0.0,0.241921895599697,0.970295726275989));
#10784=DIRECTION('',(0.0,0.0,1.0));
#10785=CARTESIAN_POINT('',(4.82,0.52,-6.309133164221));
#10786=DIRECTION('',(1.0,0.0,0.0));
#10787=DIRECTION('',(0.0,0.875000000000011,-0.484122918275906));
#10788=DIRECTION('',(0.0,0.0,-1.0));
#10789=DIRECTION('',(0.0,0.0,1.0));
#10790=DIRECTION('',(0.0,-1.0,0.0));
#10791=DIRECTION('',(0.0,0.0,1.0));
#10792=DIRECTION('',(0.0,0.0,-1.0));
#10793=CARTESIAN_POINT('',(4.82,-0.46,-6.309133164221));
#10794=DIRECTION('',(1.0,0.0,0.0));
#10795=DIRECTION('',(0.0,-0.875000000000011,0.484122918275906));
#10796=DIRECTION('',(0.0,0.0,-1.0));
#10797=DIRECTION('',(0.0,0.241921895599697,-0.970295726275989));
#10798=DIRECTION('',(0.0,1.0,0.0));
#10799=DIRECTION('',(0.0,0.241921895599697,0.970295726275989));
#10800=DIRECTION('',(0.0,0.0,1.0));
#10801=CARTESIAN_POINT('',(4.82,0.18,-6.309133164221));
#10802=DIRECTION('',(-1.0,-0.0,0.0));
#10803=DIRECTION('',(0.0,-0.875000000000011,-0.484122918275906));
#10804=DIRECTION('',(-1.0,0.0,0.0));
#10805=DIRECTION('',(0.0,0.0,1.0));
#10806=DIRECTION('',(0.0,0.0,-1.0));
#10807=DIRECTION('',(0.0,1.0,0.0));
#10808=DIRECTION('',(0.0,0.0,1.0));
#10809=CARTESIAN_POINT('',(4.18,0.52,-6.309133164221));
#10810=DIRECTION('',(1.0,0.0,0.0));
#10811=DIRECTION('',(0.0,0.875000000000011,-0.484122918275906));
#10812=DIRECTION('',(0.0,0.0,1.0));
#10813=DIRECTION('',(0.0,0.241921895599697,0.970295726275989));
#10814=DIRECTION('',(0.0,1.0,0.0));
#10815=DIRECTION('',(0.0,0.241921895599697,-0.970295726275989));
#10816=DIRECTION('',(0.0,0.0,-1.0));
#10817=CARTESIAN_POINT('',(4.18,-0.12,-6.309133164221));
#10818=DIRECTION('',(-1.0,0.0,0.0));
#10819=DIRECTION('',(0.0,0.875000000000011,0.484122918275906));
#10820=DIRECTION('',(0.0,0.0,-1.0));
#10821=DIRECTION('',(0.0,1.0,0.0));
#10822=DIRECTION('',(0.0,0.0,-1.0));
#10823=DIRECTION('',(0.0,0.0,-1.0));
#10824=DIRECTION('',(0.0,-1.0,0.0));
#10825=DIRECTION('',(0.0,0.0,1.0));
#10826=DIRECTION('',(0.0,0.0,-1.0));
#10827=DIRECTION('',(0.0,-1.0,0.0));
#10828=DIRECTION('',(0.0,0.0,1.0));
#10829=DIRECTION('',(0.0,0.0,1.0));
#10830=CARTESIAN_POINT('',(4.18,0.18,-6.309133164221));
#10831=DIRECTION('',(-1.0,-0.0,0.0));
#10832=DIRECTION('',(0.0,-0.875000000000011,-0.484122918275906));
#10833=DIRECTION('',(0.0,0.0,1.0));
#10834=DIRECTION('',(0.0,0.241921895599697,0.970295726275989));
#10835=DIRECTION('',(0.0,1.0,0.0));
#10836=DIRECTION('',(0.0,0.241921895599697,-0.970295726275989));
#10837=DIRECTION('',(0.0,0.0,-1.0));
#10838=CARTESIAN_POINT('',(4.18,-0.46,-6.309133164221));
#10839=DIRECTION('',(1.0,0.0,0.0));
#10840=DIRECTION('',(0.0,-0.875000000000011,0.484122918275906));
#10841=DIRECTION('',(0.0,0.0,-1.0));
#10842=DIRECTION('',(-1.0,0.0,0.0));
#10843=DIRECTION('',(-1.0,0.0,0.0));
#10844=DIRECTION('',(-1.0,0.0,0.0));
#10845=DIRECTION('',(-1.0,0.0,0.0));
#10846=DIRECTION('',(1.0,0.0,0.0));
#10847=DIRECTION('',(1.0,0.0,0.0));
#10848=DIRECTION('',(0.0,1.0,0.0));
#10849=DIRECTION('',(-1.0,0.0,0.0));
#10850=DIRECTION('',(0.0,1.0,0.0));
#10851=DIRECTION('',(-1.0,0.0,0.0));
#10852=CARTESIAN_POINT('',(7.5,2.47,-4.955));
#10853=DIRECTION('',(0.0,0.0,-1.0));
#10854=DIRECTION('',(-1.0,0.0,0.0));
#10855=DIRECTION('',(0.0,1.0,0.0));
#10856=DIRECTION('',(-1.0,0.0,0.0));
#10857=DIRECTION('',(0.0,1.0,0.0));
#10858=DIRECTION('',(1.0,0.0,0.0));
#10859=DIRECTION('',(0.0,1.0,0.0));
#10860=DIRECTION('',(0.0,1.0,0.0));
#10861=DIRECTION('',(1.0,0.0,0.0));
#10862=DIRECTION('',(0.0,1.0,0.0));
#10863=DIRECTION('',(-1.0,0.0,0.0));
#10864=DIRECTION('',(0.0,1.0,0.0));
#10865=DIRECTION('',(1.0,0.0,0.0));
#10866=DIRECTION('',(0.0,1.0,0.0));
#10867=DIRECTION('',(-1.0,0.0,0.0));
#10868=DIRECTION('',(0.0,-1.0,0.0));
#10869=DIRECTION('',(-1.0,0.0,0.0));
#10870=DIRECTION('',(0.0,1.0,0.0));
#10871=CARTESIAN_POINT('',(-7.5,2.47,-4.955));
#10872=DIRECTION('',(0.0,0.0,-1.0));
#10873=DIRECTION('',(-1.0,0.0,0.0));
#10874=DIRECTION('',(0.0,1.0,0.0));
#10875=DIRECTION('',(1.0,0.0,0.0));
#10876=DIRECTION('',(0.0,1.0,0.0));
#10877=DIRECTION('',(-1.0,0.0,0.0));
#10878=DIRECTION('',(0.0,0.0,-1.0));
#10879=DIRECTION('',(0.0,0.0,-1.0));
#10880=DIRECTION('',(0.0,0.0,-1.0));
#10881=DIRECTION('',(0.0,0.0,-1.0));
#10882=DIRECTION('',(0.0,0.0,-1.0));
#10883=DIRECTION('',(0.0,0.0,-1.0));
#10884=DIRECTION('',(0.0,0.0,1.0));
#10885=DIRECTION('',(0.0,0.0,1.0));
#10886=DIRECTION('',(0.0,0.0,1.0));
#10887=DIRECTION('',(0.0,-1.0,0.0));
#10888=DIRECTION('',(0.0,0.0,-1.0));
#10889=DIRECTION('',(0.0,1.0,0.0));
#10890=DIRECTION('',(0.0,0.0,1.0));
#10891=DIRECTION('',(0.0,0.0,-1.0));
#10892=DIRECTION('',(0.0,-1.0,0.0));
#10893=DIRECTION('',(-1.0,0.0,0.0));
#10894=DIRECTION('',(0.0,0.0,1.0));
#10895=DIRECTION('',(0.0,-1.0,0.0));
#10896=DIRECTION('',(0.0,0.0,-1.0));
#10897=DIRECTION('',(-1.0,0.0,0.0));
#10898=DIRECTION('',(-1.0,0.0,0.0));
#10899=DIRECTION('',(0.0,0.0,1.0));
#10900=DIRECTION('',(-1.0,0.0,0.0));
#10901=DIRECTION('',(0.0,0.0,1.0));
#10902=DIRECTION('',(0.0,0.0,1.0));
#10903=DIRECTION('',(-1.0,0.0,0.0));
#10904=DIRECTION('',(-1.0,0.0,0.0));
#10905=DIRECTION('',(0.0,0.0,-1.0));
#10906=DIRECTION('',(0.0,0.0,1.0));
#10907=DIRECTION('',(-1.0,0.0,0.0));
#10908=DIRECTION('',(-1.0,0.0,0.0));
#10909=DIRECTION('',(0.0,1.0,0.0));
#10910=DIRECTION('',(0.0,-1.0,0.0));
#10911=DIRECTION('',(0.0,-1.0,0.0));
#10912=DIRECTION('',(0.0,-1.0,0.0));
#10913=DIRECTION('',(0.0,1.0,0.0));
#10914=DIRECTION('',(-1.0,0.0,0.0));
#10915=DIRECTION('',(0.0,-1.0,0.0));
#10916=DIRECTION('',(0.0,-1.0,0.0));
#10917=DIRECTION('',(0.0,1.0,0.0));
#10918=DIRECTION('',(0.0,0.0,-1.0));
#10919=DIRECTION('',(1.0,0.0,0.0));
#10920=DIRECTION('',(1.0,0.0,0.0));
#10921=DIRECTION('',(-0.927183854566793,-0.374606593415897,0.0));
#10922=DIRECTION('',(0.0,1.0,0.0));
#10923=DIRECTION('',(-0.927183854566793,0.374606593415897,0.0));
#10924=DIRECTION('',(-1.0,0.0,0.0));
#10925=DIRECTION('',(0.0,1.0,0.0));
#10926=DIRECTION('',(1.0,0.0,0.0));
#10927=DIRECTION('',(0.0,0.0,1.0));
#10928=DIRECTION('',(0.0,0.0,-1.0));
#10929=DIRECTION('',(-0.646977448195094,0.0,-0.762509135372793));
#10930=DIRECTION('',(0.0,0.0,1.0));
#10931=DIRECTION('',(1.0,0.0,0.0));
#10932=DIRECTION('',(0.0,0.0,-1.0));
#10933=DIRECTION('',(0.0,0.0,-1.0));
#10934=DIRECTION('',(1.0,0.0,0.0));
#10935=DIRECTION('',(0.0,-0.644702799660219,0.764433319597122));
#10936=DIRECTION('',(0.0,0.0,1.0));
#10937=DIRECTION('',(0.0,0.992546151641315,-0.121869343405202));
#10938=CARTESIAN_POINT('',(-0.7,4.18,1.329177595493));
#10939=DIRECTION('',(-1.0,0.0,0.0));
#10940=DIRECTION('',(0.0,-1.0,0.0));
#10941=DIRECTION('',(1.0,0.0,0.0));
#10942=CARTESIAN_POINT('',(0.7,4.18,1.329177595493));
#10943=DIRECTION('',(-1.0,0.0,0.0));
#10944=DIRECTION('',(0.0,-1.0,0.0));
#10945=DIRECTION('',(0.0,0.992546151641315,-0.121869343405202));
#10946=DIRECTION('',(0.0,0.0,1.0));
#10947=DIRECTION('',(0.0,-0.644702799660219,0.764433319597122));
#10948=DIRECTION('',(1.0,0.0,0.0));
#10949=DIRECTION('',(1.0,0.0,0.0));
#10950=DIRECTION('',(0.0,-1.0,0.0));
#10951=DIRECTION('',(0.0,-1.0,0.0));
#10952=DIRECTION('',(0.625946015195187,-0.252898606095895,0.737722089337184));
#10953=DIRECTION('',(0.0,0.0,1.0));
#10954=DIRECTION('',(0.0,-1.0,0.0));
#10955=DIRECTION('',(0.0,0.0,-1.0));
#10956=DIRECTION('',(0.0,0.0,1.0));
#10957=DIRECTION('',(0.0,0.0,1.0));
#10958=DIRECTION('',(1.0,0.0,0.0));
#10959=DIRECTION('',(0.0,-1.0,0.0));
#10960=DIRECTION('',(1.0,0.0,0.0));
#10961=DIRECTION('',(0.0,0.0,-1.0));
#10962=DIRECTION('',(0.0,0.0,-1.0));
#10963=DIRECTION('',(0.0,-1.0,0.0));
#10964=DIRECTION('',(0.0,0.0,-1.0));
#10965=DIRECTION('',(0.0,0.0,-1.0));
#10966=DIRECTION('',(0.0,-1.0,0.0));
#10967=DIRECTION('',(0.0,-1.0,0.0));
#10968=DIRECTION('',(0.0,0.0,-1.0));
#10969=DIRECTION('',(0.0,0.0,-1.0));
#10970=DIRECTION('',(0.0,0.0,-1.0));
#10971=DIRECTION('',(0.0,-1.0,0.0));
#10972=DIRECTION('',(0.0,0.0,-1.0));
#10973=DIRECTION('',(0.0,0.0,-1.0));
#10974=DIRECTION('',(-1.0,0.0,0.0));
#10975=DIRECTION('',(0.0,0.0,-1.0));
#10976=DIRECTION('',(0.0,0.0,1.0));
#10977=DIRECTION('',(0.0,0.0,-1.0));
#10978=DIRECTION('',(-1.0,0.0,0.0));
#10979=DIRECTION('',(0.0,0.0,-1.0));
#10980=DIRECTION('',(1.0,0.0,0.0));
#10981=DIRECTION('',(0.0,0.0,1.0));
#10982=DIRECTION('',(0.0,0.0,-1.0));
#10983=DIRECTION('',(0.0,1.0,0.0));
#10984=DIRECTION('',(0.0,0.0,-1.0));
#10985=CARTESIAN_POINT('',(1.82,-0.12,-6.309133164221));
#10986=DIRECTION('',(-1.0,0.0,0.0));
#10987=DIRECTION('',(0.0,0.875000000000011,0.484122918275906));
#10988=DIRECTION('',(0.0,0.0,-1.0));
#10989=DIRECTION('',(0.0,0.241921895599697,-0.970295726275989));
#10990=DIRECTION('',(0.0,1.0,0.0));
#10991=DIRECTION('',(0.0,0.241921895599697,0.970295726275989));
#10992=DIRECTION('',(0.0,0.0,1.0));
#10993=CARTESIAN_POINT('',(1.82,0.52,-6.309133164221));
#10994=DIRECTION('',(1.0,0.0,0.0));
#10995=DIRECTION('',(0.0,0.875000000000011,-0.484122918275906));
#10996=DIRECTION('',(0.0,0.0,1.0));
#10997=DIRECTION('',(0.0,0.0,-1.0));
#10998=DIRECTION('',(0.0,0.0,1.0));
#10999=DIRECTION('',(0.0,-1.0,0.0));
#11000=DIRECTION('',(0.0,0.0,1.0));
#11001=DIRECTION('',(0.0,-1.0,0.0));
#11002=DIRECTION('',(0.0,0.0,1.0));
#11003=CARTESIAN_POINT('',(1.82,-0.46,-6.309133164221));
#11004=DIRECTION('',(1.0,0.0,0.0));
#11005=DIRECTION('',(0.0,-0.875000000000011,0.484122918275906));
#11006=DIRECTION('',(0.0,0.0,-1.0));
#11007=DIRECTION('',(0.0,0.241921895599697,-0.970295726275989));
#11008=DIRECTION('',(0.0,1.0,0.0));
#11009=DIRECTION('',(0.0,0.241921895599697,0.970295726275989));
#11010=DIRECTION('',(0.0,0.0,1.0));
#11011=CARTESIAN_POINT('',(1.82,0.18,-6.309133164221));
#11012=DIRECTION('',(-1.0,-0.0,0.0));
#11013=DIRECTION('',(0.0,-0.875000000000011,-0.484122918275906));
#11014=DIRECTION('',(-1.0,0.0,0.0));
#11015=DIRECTION('',(0.0,0.0,1.0));
#11016=DIRECTION('',(0.0,0.0,1.0));
#11017=DIRECTION('',(1.0,0.0,0.0));
#11018=DIRECTION('',(0.0,-1.0,0.0));
#11019=DIRECTION('',(1.0,0.0,0.0));
#11020=DIRECTION('',(0.0,-1.0,0.0));
#11021=DIRECTION('',(1.0,0.0,0.0));
#11022=DIRECTION('',(1.0,0.0,0.0));
#11023=DIRECTION('',(1.0,0.0,0.0));
#11024=DIRECTION('',(0.0,-1.0,0.0));
#11025=DIRECTION('',(0.0,-1.0,0.0));
#11026=DIRECTION('',(0.0,0.0,1.0));
#11027=DIRECTION('',(0.0,0.0,1.0));
#11028=DIRECTION('',(0.0,0.0,1.0));
#11029=DIRECTION('',(0.0,0.0,1.0));
#11030=DIRECTION('',(-1.0,0.0,0.0));
#11031=DIRECTION('',(0.0,0.0,1.0));
#11032=DIRECTION('',(0.0,0.0,1.0));
#11033=DIRECTION('',(-1.0,0.0,0.0));
#11034=DIRECTION('',(0.0,1.0,0.0));
#11035=DIRECTION('',(0.0,0.0,-1.0));
#11036=CARTESIAN_POINT('',(1.18,0.52,-6.309133164221));
#11037=DIRECTION('',(1.0,0.0,0.0));
#11038=DIRECTION('',(0.0,0.875000000000011,-0.484122918275906));
#11039=DIRECTION('',(0.0,0.0,1.0));
#11040=DIRECTION('',(0.0,0.241921895599697,0.970295726275989));
#11041=DIRECTION('',(0.0,1.0,0.0));
#11042=DIRECTION('',(0.0,0.241921895599697,-0.970295726275989));
#11043=DIRECTION('',(0.0,0.0,-1.0));
#11044=CARTESIAN_POINT('',(1.18,-0.12,-6.309133164221));
#11045=DIRECTION('',(-1.0,0.0,0.0));
#11046=DIRECTION('',(0.0,0.875000000000011,0.484122918275906));
#11047=DIRECTION('',(0.0,0.0,-1.0));
#11048=DIRECTION('',(0.0,0.0,-1.0));
#11049=DIRECTION('',(0.0,-1.0,0.0));
#11050=DIRECTION('',(0.0,-1.0,0.0));
#11051=DIRECTION('',(0.0,0.0,1.0));
#11052=DIRECTION('',(0.0,0.0,1.0));
#11053=CARTESIAN_POINT('',(1.18,0.18,-6.309133164221));
#11054=DIRECTION('',(-1.0,-0.0,0.0));
#11055=DIRECTION('',(0.0,-0.875000000000011,-0.484122918275906));
#11056=DIRECTION('',(0.0,0.0,1.0));
#11057=DIRECTION('',(0.0,0.241921895599697,0.970295726275989));
#11058=DIRECTION('',(0.0,1.0,0.0));
#11059=DIRECTION('',(0.0,0.241921895599697,-0.970295726275989));
#11060=DIRECTION('',(0.0,0.0,-1.0));
#11061=CARTESIAN_POINT('',(1.18,-0.46,-6.309133164221));
#11062=DIRECTION('',(1.0,0.0,0.0));
#11063=DIRECTION('',(0.0,-0.875000000000011,0.484122918275906));
#11064=DIRECTION('',(-1.0,0.0,0.0));
#11065=DIRECTION('',(-1.0,0.0,0.0));
#11066=DIRECTION('',(-1.0,0.0,0.0));
#11067=DIRECTION('',(-1.0,0.0,0.0));
#11068=DIRECTION('',(-1.0,0.0,0.0));
#11069=DIRECTION('',(-1.0,0.0,0.0));
#11070=DIRECTION('',(-1.0,0.0,0.0));
#11071=DIRECTION('',(-1.0,0.0,0.0));
#11072=DIRECTION('',(-1.0,0.0,0.0));
#11073=DIRECTION('',(-1.0,0.0,0.0));
#11074=DIRECTION('',(-1.0,0.0,0.0));
#11075=DIRECTION('',(-1.0,0.0,0.0));
#11076=DIRECTION('',(-1.0,0.0,0.0));
#11077=DIRECTION('',(-1.0,0.0,0.0));
#11078=DIRECTION('',(-1.0,0.0,0.0));
#11079=DIRECTION('',(-1.0,0.0,0.0));
#11080=DIRECTION('',(-1.0,0.0,0.0));
#11081=DIRECTION('',(0.0,-1.0,0.0));
#11082=DIRECTION('',(0.0,0.0,-1.0));
#11083=DIRECTION('',(0.0,0.0,-1.0));
#11084=DIRECTION('',(0.0,-1.0,0.0));
#11085=DIRECTION('',(0.0,-1.0,0.0));
#11086=DIRECTION('',(0.0,0.0,-1.0));
#11087=DIRECTION('',(0.0,0.0,-1.0));
#11088=DIRECTION('',(0.0,0.0,-1.0));
#11089=DIRECTION('',(0.0,-1.0,0.0));
#11090=DIRECTION('',(0.0,0.0,-1.0));
#11091=DIRECTION('',(0.0,0.0,-1.0));
#11092=DIRECTION('',(-1.0,0.0,0.0));
#11093=DIRECTION('',(0.0,0.0,-1.0));
#11094=DIRECTION('',(0.0,0.0,1.0));
#11095=DIRECTION('',(0.0,0.0,-1.0));
#11096=DIRECTION('',(-1.0,0.0,0.0));
#11097=DIRECTION('',(0.0,0.0,-1.0));
#11098=DIRECTION('',(1.0,0.0,0.0));
#11099=DIRECTION('',(0.0,0.0,1.0));
#11100=DIRECTION('',(0.0,0.0,-1.0));
#11101=DIRECTION('',(0.0,1.0,0.0));
#11102=DIRECTION('',(0.0,0.0,-1.0));
#11103=DIRECTION('',(0.0,0.0,1.0));
#11104=DIRECTION('',(0.0,-1.0,0.0));
#11105=DIRECTION('',(0.0,0.0,1.0));
#11106=DIRECTION('',(0.0,0.0,-1.0));
#11107=CARTESIAN_POINT('',(-1.18,-0.12,-6.309133164221));
#11108=DIRECTION('',(-1.0,0.0,0.0));
#11109=DIRECTION('',(0.0,0.875000000000011,0.484122918275906));
#11110=DIRECTION('',(0.0,0.0,-1.0));
#11111=DIRECTION('',(0.0,0.241921895599697,-0.970295726275989));
#11112=DIRECTION('',(0.0,1.0,0.0));
#11113=DIRECTION('',(0.0,0.241921895599697,0.970295726275989));
#11114=DIRECTION('',(0.0,0.0,1.0));
#11115=CARTESIAN_POINT('',(-1.18,0.52,-6.309133164221));
#11116=DIRECTION('',(1.0,0.0,0.0));
#11117=DIRECTION('',(0.0,0.875000000000011,-0.484122918275906));
#11118=DIRECTION('',(0.0,0.0,1.0));
#11119=DIRECTION('',(0.0,-1.0,0.0));
#11120=DIRECTION('',(0.0,0.0,1.0));
#11121=CARTESIAN_POINT('',(-1.18,-0.46,-6.309133164221));
#11122=DIRECTION('',(1.0,0.0,0.0));
#11123=DIRECTION('',(0.0,-0.875000000000011,0.484122918275906));
#11124=DIRECTION('',(0.0,0.0,-1.0));
#11125=DIRECTION('',(0.0,0.241921895599697,-0.970295726275989));
#11126=DIRECTION('',(0.0,1.0,0.0));
#11127=DIRECTION('',(0.0,0.241921895599697,0.970295726275989));
#11128=DIRECTION('',(0.0,0.0,1.0));
#11129=CARTESIAN_POINT('',(-1.18,0.18,-6.309133164221));
#11130=DIRECTION('',(-1.0,-0.0,0.0));
#11131=DIRECTION('',(0.0,-0.875000000000011,-0.484122918275906));
#11132=DIRECTION('',(-1.0,0.0,0.0));
#11133=DIRECTION('',(0.0,0.0,1.0));
#11134=DIRECTION('',(0.0,0.0,1.0));
#11135=DIRECTION('',(1.0,0.0,0.0));
#11136=DIRECTION('',(0.0,-1.0,0.0));
#11137=DIRECTION('',(1.0,0.0,0.0));
#11138=DIRECTION('',(0.0,-1.0,0.0));
#11139=DIRECTION('',(1.0,0.0,0.0));
#11140=DIRECTION('',(1.0,0.0,0.0));
#11141=DIRECTION('',(1.0,0.0,0.0));
#11142=DIRECTION('',(0.0,-1.0,0.0));
#11143=DIRECTION('',(0.0,-1.0,0.0));
#11144=DIRECTION('',(0.0,0.0,1.0));
#11145=DIRECTION('',(0.0,0.0,1.0));
#11146=DIRECTION('',(0.0,0.0,1.0));
#11147=DIRECTION('',(0.0,0.0,1.0));
#11148=DIRECTION('',(-1.0,0.0,0.0));
#11149=DIRECTION('',(0.0,0.0,1.0));
#11150=DIRECTION('',(0.0,0.0,1.0));
#11151=DIRECTION('',(-1.0,0.0,0.0));
#11152=DIRECTION('',(0.0,1.0,0.0));
#11153=DIRECTION('',(0.0,0.0,-1.0));
#11154=DIRECTION('',(0.0,0.0,-1.0));
#11155=DIRECTION('',(0.0,-1.0,0.0));
#11156=CARTESIAN_POINT('',(-1.82,0.52,-6.309133164221));
#11157=DIRECTION('',(1.0,0.0,0.0));
#11158=DIRECTION('',(0.0,0.875000000000011,-0.484122918275906));
#11159=DIRECTION('',(0.0,0.0,1.0));
#11160=DIRECTION('',(0.0,0.241921895599697,0.970295726275989));
#11161=DIRECTION('',(0.0,1.0,0.0));
#11162=DIRECTION('',(0.0,0.241921895599697,-0.970295726275989));
#11163=DIRECTION('',(0.0,0.0,-1.0));
#11164=CARTESIAN_POINT('',(-1.82,-0.12,-6.309133164221));
#11165=DIRECTION('',(-1.0,0.0,0.0));
#11166=DIRECTION('',(0.0,0.875000000000011,0.484122918275906));
#11167=DIRECTION('',(0.0,0.0,-1.0));
#11168=DIRECTION('',(0.0,-1.0,0.0));
#11169=DIRECTION('',(0.0,0.0,1.0));
#11170=DIRECTION('',(0.0,0.0,1.0));
#11171=CARTESIAN_POINT('',(-1.82,0.18,-6.309133164221));
#11172=DIRECTION('',(-1.0,-0.0,0.0));
#11173=DIRECTION('',(0.0,-0.875000000000011,-0.484122918275906));
#11174=DIRECTION('',(0.0,0.0,1.0));
#11175=DIRECTION('',(0.0,0.241921895599697,0.970295726275989));
#11176=DIRECTION('',(0.0,1.0,0.0));
#11177=DIRECTION('',(0.0,0.241921895599697,-0.970295726275989));
#11178=DIRECTION('',(0.0,0.0,-1.0));
#11179=CARTESIAN_POINT('',(-1.82,-0.46,-6.309133164221));
#11180=DIRECTION('',(1.0,0.0,0.0));
#11181=DIRECTION('',(0.0,-0.875000000000011,0.484122918275906));
#11182=DIRECTION('',(-1.0,0.0,0.0));
#11183=DIRECTION('',(-1.0,0.0,0.0));
#11184=DIRECTION('',(-1.0,0.0,0.0));
#11185=DIRECTION('',(-1.0,0.0,0.0));
#11186=DIRECTION('',(-1.0,0.0,0.0));
#11187=DIRECTION('',(-1.0,0.0,0.0));
#11188=DIRECTION('',(-1.0,0.0,0.0));
#11189=DIRECTION('',(-1.0,0.0,0.0));
#11190=DIRECTION('',(-1.0,0.0,0.0));
#11191=DIRECTION('',(-1.0,0.0,0.0));
#11192=DIRECTION('',(-1.0,0.0,0.0));
#11193=DIRECTION('',(-1.0,0.0,0.0));
#11194=DIRECTION('',(-1.0,0.0,0.0));
#11195=DIRECTION('',(-1.0,0.0,0.0));
#11196=DIRECTION('',(-1.0,0.0,0.0));
#11197=DIRECTION('',(-1.0,0.0,0.0));
#11198=DIRECTION('',(-1.0,0.0,0.0));
#11199=DIRECTION('',(0.0,1.0,0.0));
#11200=DIRECTION('',(0.0,0.0,-1.0));
#11201=CARTESIAN_POINT('',(-4.82,0.52,-6.309133164221));
#11202=DIRECTION('',(1.0,0.0,0.0));
#11203=DIRECTION('',(0.0,0.875000000000011,-0.484122918275906));
#11204=DIRECTION('',(0.0,0.0,1.0));
#11205=DIRECTION('',(0.0,0.241921895599697,0.970295726275989));
#11206=DIRECTION('',(0.0,1.0,0.0));
#11207=DIRECTION('',(0.0,0.241921895599697,-0.970295726275989));
#11208=DIRECTION('',(0.0,0.0,-1.0));
#11209=CARTESIAN_POINT('',(-4.82,-0.12,-6.309133164221));
#11210=DIRECTION('',(-1.0,0.0,0.0));
#11211=DIRECTION('',(0.0,0.875000000000011,0.484122918275906));
#11212=DIRECTION('',(0.0,0.0,-1.0));
#11213=DIRECTION('',(0.0,0.0,-1.0));
#11214=DIRECTION('',(0.0,-1.0,0.0));
#11215=DIRECTION('',(0.0,-1.0,0.0));
#11216=DIRECTION('',(0.0,0.0,1.0));
#11217=DIRECTION('',(0.0,0.0,1.0));
#11218=CARTESIAN_POINT('',(-4.82,0.18,-6.309133164221));
#11219=DIRECTION('',(-1.0,-0.0,0.0));
#11220=DIRECTION('',(0.0,-0.875000000000011,-0.484122918275906));
#11221=DIRECTION('',(0.0,0.0,1.0));
#11222=DIRECTION('',(0.0,0.241921895599697,0.970295726275989));
#11223=DIRECTION('',(0.0,1.0,0.0));
#11224=DIRECTION('',(0.0,0.241921895599697,-0.970295726275989));
#11225=DIRECTION('',(0.0,0.0,-1.0));
#11226=CARTESIAN_POINT('',(-4.82,-0.46,-6.309133164221));
#11227=DIRECTION('',(1.0,0.0,0.0));
#11228=DIRECTION('',(0.0,-0.875000000000011,0.484122918275906));
#11229=DIRECTION('',(-1.0,0.0,0.0));
#11230=DIRECTION('',(-1.0,0.0,0.0));
#11231=DIRECTION('',(-1.0,0.0,0.0));
#11232=DIRECTION('',(-1.0,0.0,0.0));
#11233=DIRECTION('',(-1.0,0.0,0.0));
#11234=DIRECTION('',(-1.0,0.0,0.0));
#11235=DIRECTION('',(-1.0,0.0,0.0));
#11236=DIRECTION('',(-1.0,0.0,0.0));
#11237=DIRECTION('',(-1.0,0.0,0.0));
#11238=DIRECTION('',(-1.0,0.0,0.0));
#11239=DIRECTION('',(-1.0,0.0,0.0));
#11240=DIRECTION('',(-1.0,0.0,0.0));
#11241=DIRECTION('',(-1.0,0.0,0.0));
#11242=DIRECTION('',(-1.0,0.0,0.0));
#11243=DIRECTION('',(-1.0,0.0,0.0));
#11244=DIRECTION('',(-1.0,0.0,0.0));
#11245=DIRECTION('',(-1.0,0.0,0.0));
#11246=CARTESIAN_POINT('',(-7.5,2.47,-5.484999370236));
#11247=DIRECTION('',(0.0,0.0,-1.0));
#11248=DIRECTION('',(-1.0,0.0,0.0));
#11249=CARTESIAN_POINT('',(-7.5,2.47,-5.814999931715));
#11250=DIRECTION('',(-0.0,0.0,-1.0));
#11251=DIRECTION('',(-1.0,-1.332270484213E-14,0.0));
#11252=CARTESIAN_POINT('',(7.5,2.47,-5.814999931715));
#11253=DIRECTION('',(0.0,0.0,-1.0));
#11254=DIRECTION('',(1.0,0.0,0.0));
#11255=CARTESIAN_POINT('',(7.5,2.47,-5.484999370236));
#11256=DIRECTION('',(0.0,0.0,-1.0));
#11257=DIRECTION('',(1.0,0.0,0.0));
#11258=DIRECTION('',(-1.0,0.0,0.0));
#11259=DIRECTION('',(-1.0,0.0,0.0));
#11260=DIRECTION('',(-1.0,0.0,0.0));
#11261=DIRECTION('',(-1.0,0.0,0.0));
#11262=DIRECTION('',(-1.0,0.0,0.0));
#11263=DIRECTION('',(-1.0,0.0,0.0));
#11264=DIRECTION('',(-1.0,0.0,0.0));
#11265=DIRECTION('',(-1.0,0.0,0.0));
#11266=DIRECTION('',(-1.0,0.0,0.0));
#11267=DIRECTION('',(-1.0,0.0,0.0));
#11268=DIRECTION('',(-1.0,0.0,0.0));
#11269=DIRECTION('',(-1.0,0.0,0.0));
#11270=DIRECTION('',(-1.0,0.0,0.0));
#11271=DIRECTION('',(-1.0,0.0,0.0));
#11272=DIRECTION('',(-1.0,0.0,0.0));
#11273=DIRECTION('',(-1.0,0.0,0.0));
#11274=DIRECTION('',(-1.0,0.0,0.0));
#11275=DIRECTION('',(-1.0,0.0,0.0));
#11276=DIRECTION('',(0.0,0.0,1.0));
#11277=DIRECTION('',(-1.0,0.0,0.0));
#11278=DIRECTION('',(0.0,1.0,0.0));
#11279=DIRECTION('',(-1.0,0.0,0.0));
#11280=DIRECTION('',(0.0,0.0,-1.0));
#11281=DIRECTION('',(-1.0,0.0,0.0));
#11282=DIRECTION('',(0.0,0.64287114276419,0.765974342782488));
#11283=DIRECTION('',(-1.0,0.0,0.0));
#11284=DIRECTION('',(0.0,0.0,-1.0));
#11285=DIRECTION('',(-1.0,0.0,0.0));
#11286=DIRECTION('',(0.0,-0.642871293713882,-0.765974216092578));
#11287=DIRECTION('',(-1.0,0.0,0.0));
#11288=DIRECTION('',(0.0,-1.0,0.0));
#11289=DIRECTION('',(1.0,0.0,0.0));
#11290=DIRECTION('',(1.0,0.0,0.0));
#11291=DIRECTION('',(1.0,0.0,0.0));
#11292=DIRECTION('',(1.0,0.0,0.0));
#11293=DIRECTION('',(1.0,0.0,0.0));
#11294=PRESENTATION_LAYER_ASSIGNMENT('','',(#25,#51,#52,#53,#54,#55,#56,#57,#58,#59,#60,#61,#62,#63,#64,#65,#66,#67,#68,#69,#70,#71,#72,#73,#74,#75,#76,#77,#78,#79,#80,#81,#82,#83,#84,#85,#86,#87,#88,#89,#90,#91,#92,#93,#94,#95,#96,#97,#98,#99,#100,#101,#102,#103,#104,#105,#106,#107,#108,#109,#110,#111,#112,#113,#114,#115,#116,#117,#118,#119,#120,#121,#122,#123,#124,#125,#126,#127,#128,#129,#130,#131,#132,#133,#134,#135,#136,#137,#138,#139,#140,#141,#142,#143,#144,#145,#146,#147,#148,#149,#150,#151,#152,#153,#154,#155,#156,#157,#158,#159,#160,#161,#162,#163,#164,#165,#166,#167,#168,#169,#170,#171,#172,#173,#174,#175,#176,#177,#178,#179,#180,#181,#182,#183,#184,#185,#186,#187,#188,#189,#190,#191,#192,#193,#194,#195,#196,#197,#198,#199,#200,#201,#202,#203,#204,#205,#206,#207,#208,#209,#210,#211,#212,#213,#214,#215,#216,#217,#218,#219,#220,#221,#222,#223,#224,#225,#226,#227,#228,#229,#230,#231,#232,#233,#234,#235,#236,#237,#238,#239,#240,#241,#242,#243,#244,#245,#246,#247,#248,#249,#250,#251,#252,#253,#254,#255,#256,#257,#258,#259,#260,#261,#262,#263,#264,#265,#266,#267,#268,#269,#270,#271,#272,#273,#274,#275,#276,#277,#278,#279,#280,#281,#282,#283,#284,#285,#286,#287,#288,#289,#290,#291,#292,#293,#294,#295,#296,#297,#298,#299,#300,#301,#302,#303,#304,#305,#306,#307,#308,#309,#310,#311,#312,#313,#314,#315,#316,#317,#318,#319,#320,#321,#322,#323,#324,#325,#326,#327,#328,#329,#330,#331,#332,#333,#334,#335,#336,#337,#338,#339,#340,#341,#342,#343,#344,#345,#346,#347,#348,#349,#350,#351,#352,#353,#354,#355,#356,#357,#358,#359,#360,#361,#362,#363,#364,#365,#366,#367,#368,#369,#370,#371,#372,#373,#374,#375,#376,#377,#378,#379,#380,#381,#382,#383,#384,#385,#386,#387,#388,#389,#390,#391,#392,#393,#394,#395,#396,#397,#398,#399,#400,#401,#402,#403,#404,#405,#406,#407,#408,#4953,#4954,#4955,#4956,#4958,#4959,#4960,#4962,#4963,#4964,#4965,#4967,#4968,#4969,#4971,#4972,#4973,#4974,#4975,#4976,#4977,#4978,#4979,#4980,#4981,#4982,#4983,#4984,#4985,#4986,#4987,#4988,#4989,#4990,#4991,#4992,#4993,#4994,#4995,#4996,#4997,#4998,#4999,#5000,#5001,#5002,#5003,#5004,#5005,#5006,#5007,#5008,#5009,#5010,#5011,#5012,#5013,#5014,#5015,#5016,#5017,#5018,#5019,#5020,#5021,#5022,#5023,#5024,#5025,#5026,#5027,#5028,#5029,#5030,#5031,#5032,#5033,#5034,#5035,#5036,#5037,#5038,#5039,#5040,#5041,#5042,#5043,#5044,#5045,#5046,#5047,#5048,#5049,#5050,#5051,#5052,#5053,#5054,#5055,#5056,#5057,#5058,#5059,#5060,#5061,#5062,#5063,#5064,#5065,#5066,#5067,#5068,#5069,#5070,#5071,#5072,#5073,#5074,#5075,#5076,#5077,#5078,#5079,#5080,#5081,#5082,#5083,#5084,#5085,#5086,#5087,#5088,#5089,#5090,#5091,#5092,#5093,#5094,#5095,#5096,#5097,#5098,#5099,#5100,#5101,#5102,#5103,#5104,#5105,#5106,#5107,#5108,#5109,#5110,#5111,#5112,#5113,#5114,#5115,#5116,#5117,#5118,#5119,#5120,#5121,#5122,#5123,#5124,#5125,#5126,#5127,#5128,#5129,#5130,#5131,#5132,#5133,#5134,#5135,#5136,#5137,#5138,#5139,#5140,#5141,#5142,#5143,#5144,#5145,#5146,#5147,#5148,#5149,#5150,#5151,#5152,#5153,#5154,#5155,#5156,#5157,#5158,#5159,#5160,#5161,#5162,#5163,#5164,#5165,#5166,#5167,#5168,#5169,#5170,#5171,#5172,#5173,#5174,#5175,#5176,#5177,#5178,#5179,#5180,#5181,#5182,#5183,#5184,#5185,#5186,#5187,#5188,#5189,#5190,#5191,#5192,#5193,#5194,#5195,#5196,#5197,#5198,#5199,#5200,#5201,#5202,#5203,#5204,#5205,#5206,#5207,#5208,#5209,#5210,#5211,#5212,#5213,#5214,#5215,#5216,#5217,#5218,#5219,#5220,#5221,#5222,#5223,#5224,#5225,#5226,#5227,#5228,#5229,#5230,#5231,#5232,#5233,#5234,#5235,#5236,#5237,#5238,#5239,#5240,#5241,#5242,#5243,#5244,#5245,#5246,#5247,#5248,#5249,#5250,#5251,#5252,#5253,#5254,#5255,#5256,#5257,#5258,#5259,#5260,#5261,#5262,#5263,#5264,#5265,#5266,#5267,#5268,#5269,#5270,#5271,#5272,#5273,#5274,#5275,#5276,#5277,#5278,#5279,#5280,#5281,#5282,#5283,#5284,#5285,#5286,#5287,#5288,#5289,#5290,#5291,#5292,#5293,#5294,#5295,#5296,#5297,#5298,#5299,#5300,#5301,#5302,#5303,#5304,#5305,#5306,#5307,#5308,#5309,#5310,#5311,#5312,#5313,#5314,#5315,#5316,#5317,#5318,#5319,#5320,#5321,#5322,#5323,#5324,#5325,#5326,#5327,#5328,#5329,#5330,#5331,#5332,#5333,#5334,#5335,#5336,#5337,#5338,#5339,#5340,#5341,#5342,#5343,#5344,#5345,#5346,#5347,#5348,#5349,#5350,#5351,#5352,#5353,#5354,#5355,#5356,#5357,#5358,#5359,#5360,#5361,#5362,#5363,#5364,#5365,#5366,#5367,#5368,#5369,#5370,#5371,#5372,#5373,#5374,#5375,#5376,#5377,#5378,#5379,#5380,#5381,#5382,#5383,#5384,#5385,#5386,#5387,#5388,#5389,#5390,#5391,#5392,#5393,#5394,#5395,#5396,#5397,#5398,#5399,#5400,#5401,#5402,#5403,#5404,#5405,#5406,#5407,#5408,#5409,#5410,#5411,#5412,#5413,#5414,#5415,#5416,#5417,#5418,#5419,#5420,#5421,#5422,#5423,#5424,#5425,#5426,#5427,#5428,#5429,#5430,#5431,#5432,#5433,#5434,#5435,#5436,#5437,#5438,#5439,#5440,#5441,#5442,#5443,#5444,#5445,#5446,#5447,#5448,#5449,#5450,#5451,#5452,#5453,#5454,#5455,#5456,#5457,#5458,#5459,#5460,#5461,#5462,#5463,#5464,#5465,#5466,#5467,#5468,#5469,#5470,#5471,#5472,#5473,#5474,#5475,#5476,#5477,#5478,#5479,#5480,#5481,#5482,#5483,#5484,#5485,#5486,#5487,#5488,#5489,#5490,#5491,#5492,#5493,#5494,#5495,#5496,#5497,#5498,#5499,#5500,#5501,#5502,#5503,#5504,#5505,#5506,#5507,#5508,#5509,#5510,#5511,#5512,#5513,#5514,#5515,#5516,#5517,#5518,#5519,#5520,#5521,#5522,#5523,#5524,#5525,#5526,#5527,#5528,#5529,#5530,#5531,#5532,#5533,#5534,#5535,#5536,#5537,#5538,#5539,#5540,#5541,#5542,#5543,#5544,#5545,#5546,#5547,#5548,#5549,#5550,#5551,#5552,#5553,#5554,#5555,#5556,#5557,#5558,#5559,#5560,#5561,#5562,#5563,#5564,#5565,#5566,#5567,#5568,#5569,#5570,#5571,#5572,#5573,#5574,#5575,#5576,#5577,#5578,#5579,#5580,#5581,#5582,#5583,#5584,#5585,#5586,#5587,#5588,#5589,#5590,#5591,#5592,#5593,#5594,#5595,#5596,#5597,#5598,#5599,#5600,#5601,#5602,#5603,#5604,#5605,#5606,#5607,#5608,#5609,#5610,#5611,#5612,#5613,#5614,#5615,#5616,#5617,#5618,#5619,#5620,#5621,#5622,#5623,#5624,#5625,#5626,#5627,#5628,#5629,#5630,#5631,#5632,#5633,#5634,#5635,#5636,#5637,#5638,#5639,#5640,#5641,#5642,#5643,#5644,#5645,#5646,#5647,#5648,#5649,#5650,#5651,#5652,#5653,#5654,#5655,#5656,#5657,#5658,#5659,#5660,#5661,#5662,#5663,#5664,#5665,#5666,#5667,#5668,#5669,#5670,#5671,#5672,#5673,#5674,#5675,#5676,#5677,#5678,#5679,#5680,#5681,#5682,#5683,#5684,#5685,#5686,#5687,#5688,#5689,#5690,#5691,#5692,#5693,#5694,#5695,#5696,#5697,#5698,#5699,#5700,#5701,#5702,#5703,#5704,#5705,#5706,#5707,#5708,#5709,#5710,#5711,#5712,#5713,#5714,#5715,#5716,#5717,#5718,#5719,#5720,#5721,#5722,#5723,#5724,#5725,#5726,#5727,#5728,#5729,#5730,#5731,#5732,#5733,#5734,#5735,#5736,#5737,#5738,#5739,#5740,#5741,#5742,#5743,#5744,#5745,#5746,#5747,#5748,#5749,#5750,#5751,#5752,#5753,#5754,#5755,#5756,#5757,#5758,#5759,#5760,#5761,#5762,#5763,#5764,#5765,#5766,#5767,#5768,#5769,#5770,#5771,#5772,#5773,#5774,#5775,#5776,#5777,#5778,#5779,#5780,#5781,#5782,#5783,#5784,#5785,#5786,#5787,#5788,#5789,#5790,#5791,#5792,#5793,#5794,#5795,#5796,#5797,#5798,#5799,#5800,#5801,#5802,#5803,#5804,#5805,#5806,#5807,#5808,#5809,#5810,#5811,#5812,#5813,#5814,#5815,#5816,#5817,#5818,#5819,#5820,#5821,#5822,#5823,#5824,#5825,#5826,#5827,#5828,#5829,#5830,#5831,#5832,#5833,#5834,#5835,#5836,#5837,#5838,#5839,#5840,#5841,#5842,#5843,#5844,#5845,#5846,#5847,#5848,#5849,#5850,#5851,#5852,#5853,#5854,#5855,#5856,#5857,#5858,#5859,#5860,#5861,#5862,#5863,#5864,#5865,#5866,#5867,#5868,#5869,#5870,#5871,#5872,#5873,#5874,#5875,#5876,#5877,#5878,#5879,#5880,#5881,#5882,#5883,#5884,#5885,#5886,#5887,#5888,#5889,#5890,#5891,#5892,#5893,#5894,#5895,#5896,#5897,#5898,#5899,#5900,#5901,#5902,#5903,#5904,#5905,#5906,#5907,#5908,#5909,#5910,#5911,#5912,#5913,#5914,#5915,#5916,#5917,#5918,#5919,#5920,#5921,#5922,#5923,#5924,#5925,#5926,#5927,#5928,#5929,#5930,#5931,#5932,#5933,#5934,#5935,#5936,#5937,#5938,#5939,#5940,#5941,#5942,#5943,#5944,#5945,#5949,#5951,#5953,#5959,#5966,#5968,#5970,#5976,#5983,#5985,#5988,#5989,#5991,#5993,#5995,#5997,#5999,#6001,#6003,#6005,#6007,#6009,#6011,#6013,#6016,#6017,#6021,#6023,#6025,#6027,#6029,#6031,#6033,#6035,#6037,#6039,#6045,#6046,#6048,#6052,#6053,#6055,#6057,#6060,#6062,#6064,#6067,#6071,#6072,#6076,#6077,#6081,#6083,#6086,#6088,#6091,#6093,#6095,#6097,#6099,#6102,#6103,#6105,#6107,#6109,#6111,#6113,#6116,#6120,#6122,#6124,#6126,#6133,#6136,#6139,#6140,#6142,#6144,#6146,#6149,#6150,#6152,#6154,#6156,#6159,#6160,#6162,#6164,#6166,#6169,#6170,#6172,#6174,#6176,#6179,#6180,#6182,#6184,#6186,#6189,#6190,#6192,#6194,#6196,#6199,#6200,#6202,#6204,#6206,#6209,#6210,#6212,#6214,#6217,#6218,#6220,#6222,#6224,#6226,#6228,#6230,#6232,#6234,#6236,#6238,#6240,#6242,#6244,#6246,#6248,#6250,#6252,#6255,#6257,#6259,#6261,#6264,#6265,#6267,#6269,#6272,#6273,#6275,#6277,#6280,#6282,#6285,#6287,#6290,#6293,#6296,#6298,#6304,#6305,#6307,#6310,#6313,#6314,#6316,#6318,#6321,#6322,#6324,#6326,#6329,#6330,#6332,#6334,#6337,#6338,#6340,#6342,#6344,#6346,#6348,#6350,#6352,#6354,#6356,#6358,#6360,#6362,#6364,#6366,#6368,#6370,#6373,#6374,#6376,#6378,#6380,#6382,#6384,#6386,#6388,#6390,#6392,#6394,#6396,#6398,#6400,#6402,#6404,#6406,#6408,#6410,#6412,#6414,#6416,#6418,#6421,#6422,#6424,#6426,#6428,#6430,#6432,#6434,#6436,#6438,#6440,#6442,#6444,#6446,#6448,#6450,#6452,#6454,#6456,#6458,#6460,#6462,#6464,#6466,#6469,#6471,#6473,#6475,#6477,#6479,#6481,#6483,#6486,#6488,#6491,#6493,#6496,#6497,#6499,#6501,#6503,#6505,#6507,#6509,#6511,#6513,#6515,#6517,#6519,#6521,#6523,#6525,#6527,#6529,#6531,#6533,#6535,#6537,#6539,#6541,#6544,#6545,#6547,#6549,#6552,#6553,#6557,#6560,#6563,#6565,#6568,#6569,#6573,#6574,#6578,#6580,#6583,#6586,#6588,#6594,#6599,#6601,#6603,#6605,#6608,#6610,#6612,#6614,#6616,#6618,#6620,#6622,#6624,#6626,#6629,#6632,#6634,#6637,#6639,#6642,#6645,#6646,#6648,#6650,#6653,#6656,#6657,#6659,#6661,#6664,#6666,#6669,#6671,#6673,#6675,#6677,#6679,#6681,#6684,#6687,#6688,#6692,#6693,#6695,#6697,#6700,#6702,#6704,#6706,#6708,#6710,#6712,#6714,#6717,#6721,#6729,#6731,#6734,#6737,#6738,#6740,#6742,#6744,#6747,#6748,#6750,#6752,#6755,#6756,#6758,#6760,#6762,#6765,#6766,#6768,#6770,#6773,#6774,#6776,#6778,#6780,#6783,#6784,#6786,#6788,#6791,#6792,#6794,#6796,#6798,#6801,#6802,#6804,#6806,#6809,#6810,#6812,#6814,#6816,#6819,#6820,#6822,#6824,#6827,#6828,#6830,#6832,#6834,#6837,#6838,#6840,#6842,#6845,#6846,#6848,#6850,#6852,#6855,#6858,#6859,#6861,#6863,#6866,#6908,#6910,#6913,#6915,#6918,#6919,#6921,#6924,#6926,#6928,#6930,#6932,#6934,#6936,#6939,#6941,#6944,#6946,#6948,#6950,#6952,#6954,#6956,#6958,#6961,#6964,#6966,#6968,#6970,#6972,#6974,#6976,#6978,#6980,#6982,#6985,#6988,#6990,#6993,#6995,#6998,#7000,#7002,#7004,#7006,#7008,#7010,#7012,#7021,#7023,#7025,#7029,#7031,#7033,#7036,#7038,#7040,#7042,#7044,#7046,#7049,#7051,#7053,#7055,#7059,#7061,#7063,#7073,#7075,#7077,#7079,#7081,#7084,#7087,#7090,#7095,#7098,#7100,#7103,#7106,#7109,#7115,#7117,#7121,#7127,#7130,#7132,#7135,#7139,#7142,#7144,#7147,#7149,#7151,#7154,#7157,#7159,#7167,#7169,#7173,#7176,#7181,#7184,#7187,#7188,#7192,#7194,#7197,#7199,#7202,#7204,#7206,#7210,#7212,#7215,#7217,#7219,#7221,#7223,#7225,#7227,#7229,#7232,#7234,#7237,#7240,#7242,#7244,#7246,#7248,#7250,#7252,#7255,#7258,#7261,#7264,#7267,#7269,#7277,#7280,#7283,#7286,#7288,#7290,#7292,#7294,#7296,#7298,#7301,#7304,#7307,#7309,#7311,#7313,#7315,#7317,#7319,#7339,#7342,#7345,#7346,#7350,#7352,#7355,#7357,#7360,#7362,#7364,#7368,#7370,#7373,#7375,#7378,#7380,#7382,#7384,#7386,#7388,#7390,#7392,#7395,#7398,#7400,#7402,#7404,#7406,#7408,#7410,#7413,#7416,#7419,#7422,#7425,#7427,#7435,#7438,#7441,#7444,#7447,#7449,#7451,#7453,#7455,#7457,#7459,#7462,#7465,#7467,#7469,#7471,#7473,#7475,#7477,#7497,#7500,#7502,#7504,#7506,#7508,#7510,#7512,#7515,#7518,#7521,#7523,#7525,#7527,#7529,#7531,#7533,#7574,#7576,#7579,#7582,#7585,#7588,#7591));
ENDSEC;
END-ISO-10303-21;
