ISO-10303-21;
HEADER;
FILE_DESCRIPTION(('STEP AP242'),'1');
FILE_NAME('0430450800.stp','2026-03-17T14:33:07',('TraceParts'),('TraceParts S.A.S.'),'Spatial InterOp 3D',' ',' ');
FILE_SCHEMA(('AP242_MANAGED_MODEL_BASED_3D_ENGINEERING_MIM_LF  {1 0 10303 442 1 1 4}'));
ENDSEC;
DATA;
#1=MECHANICAL_DESIGN_GEOMETRIC_PRESENTATION_REPRESENTATION(' ',(#10),#6);
#2=PRODUCT_DEFINITION_CONTEXT('',#11,'design');
#3=APPLICATION_PROTOCOL_DEFINITION('INTERNATIONAL STANDARD','ap242_managed_model_based_3d_engineering',2014,#11);
#4=PRODUCT_CATEGORY_RELATIONSHIP('NONE','NONE',#12,#13);
#5=SHAPE_DEFINITION_REPRESENTATION(#14,#15);
#6= (GEOMETRIC_REPRESENTATION_CONTEXT(3)GLOBAL_UNCERTAINTY_ASSIGNED_CONTEXT((#18))GLOBAL_UNIT_ASSIGNED_CONTEXT((#20,#21,#22))REPRESENTATION_CONTEXT('NONE','WORKSPACE'));
#10=STYLED_ITEM('',(#24),#25);
#11=APPLICATION_CONTEXT('managed model based 3d engineering');
#12=PRODUCT_CATEGORY('part','NONE');
#13=PRODUCT_RELATED_PRODUCT_CATEGORY('detail',' ',(#26));
#14=PRODUCT_DEFINITION_SHAPE('NONE','NONE',#27);
#15=ADVANCED_BREP_SHAPE_REPRESENTATION('1',(#25,#28),#6);
#18=UNCERTAINTY_MEASURE_WITH_UNIT(LENGTH_MEASURE(1.0E-06),#20,'','');
#20= (CONVERSION_BASED_UNIT('MILLIMETRE',#31)LENGTH_UNIT()NAMED_UNIT(#34));
#21= (NAMED_UNIT(#36)PLANE_ANGLE_UNIT()SI_UNIT($,.RADIAN.));
#22= (NAMED_UNIT(#36)SOLID_ANGLE_UNIT()SI_UNIT($,.STERADIAN.));
#24=PRESENTATION_STYLE_ASSIGNMENT((#42));
#25=MANIFOLD_SOLID_BREP('1',#43);
#26=PRODUCT('1','','PART--DESC',(#44));
#27=PRODUCT_DEFINITION('','NONE',#45,#2);
#28=AXIS2_PLACEMENT_3D('',#46,#47,#48);
#31=LENGTH_MEASURE_WITH_UNIT(LENGTH_MEASURE(1.0),#49);
#34=DIMENSIONAL_EXPONENTS(1.0,0.0,0.0,0.0,0.0,0.0,0.0);
#36=DIMENSIONAL_EXPONENTS(0.0,0.0,0.0,0.0,0.0,0.0,0.0);
#42=SURFACE_STYLE_USAGE(.BOTH.,#50);
#43=CLOSED_SHELL('',(#51,#52,#53,#54,#55,#56,#57,#58,#59,#60,#61,#62,#63,#64,#65,#66,#67,#68,#69,#70,#71,#72,#73,#74,#75,#76,#77,#78,#79,#80,#81,#82,#83,#84,#85,#86,#87,#88,#89,#90,#91,#92,#93,#94,#95,#96,#97,#98,#99,#100,#101,#102,#103,#104,#105,#106,#107,#108,#109,#110,#111,#112,#113,#114,#115,#116,#117,#118,#119,#120,#121,#122,#123,#124,#125,#126,#127,#128,#129,#130,#131,#132,#133,#134,#135,#136,#137,#138,#139,#140,#141,#142,#143,#144,#145,#146,#147,#148,#149,#150,#151,#152,#153,#154,#155,#156,#157,#158,#159,#160,#161,#162,#163,#164,#165,#166,#167,#168,#169,#170,#171,#172,#173,#174,#175,#176,#177,#178,#179,#180,#181,#182,#183,#184,#185,#186,#187,#188,#189,#190,#191,#192,#193,#194,#195,#196,#197,#198,#199,#200,#201,#202,#203,#204,#205,#206,#207,#208,#209,#210,#211,#212,#213,#214,#215,#216,#217,#218,#219,#220,#221,#222,#223,#224,#225,#226,#227,#228,#229,#230,#231,#232,#233,#234,#235,#236,#237,#238,#239,#240,#241,#242,#243,#244,#245,#246,#247,#248,#249,#250,#251,#252,#253,#254,#255,#256,#257,#258,#259,#260,#261,#262,#263,#264,#265,#266,#267,#268,#269,#270,#271,#272,#273,#274,#275,#276,#277,#278,#279,#280,#281,#282,#283,#284,#285,#286,#287,#288,#289,#290,#291,#292,#293,#294,#295,#296,#297,#298,#299,#300,#301,#302,#303,#304,#305,#306,#307,#308,#309,#310,#311,#312,#313,#314,#315,#316,#317,#318,#319,#320,#321,#322,#323,#324,#325,#326,#327,#328,#329,#330,#331,#332,#333,#334,#335,#336,#337,#338,#339,#340,#341,#342,#343,#344,#345,#346,#347,#348,#349,#350,#351,#352,#353,#354,#355,#356,#357,#358,#359,#360,#361,#362,#363,#364,#365,#366,#367,#368,#369,#370,#371,#372,#373,#374,#375,#376,#377,#378,#379,#380,#381,#382,#383,#384,#385,#386,#387,#388,#389,#390,#391,#392,#393,#394,#395,#396,#397,#398,#399,#400,#401,#402,#403,#404,#405,#406,#407,#408,#409,#410,#411,#412,#413,#414,#415,#416,#417,#418,#419,#420,#421,#422,#423,#424,#425,#426,#427,#428,#429,#430,#431,#432,#433,#434,#435,#436,#437,#438,#439,#440,#441,#442,#443));
#44=PRODUCT_CONTEXT('',#11,'mechanical');
#45=PRODUCT_DEFINITION_FORMATION_WITH_SPECIFIED_SOURCE(' ','NONE',#26,.NOT_KNOWN.);
#46=CARTESIAN_POINT('',(0.0,0.0,0.0));
#47=DIRECTION('',(0.0,0.0,1.0));
#48=DIRECTION('',(1.0,0.0,0.0));
#49= (NAMED_UNIT(#34)LENGTH_UNIT()SI_UNIT(.MILLI.,.METRE.));
#50=SURFACE_SIDE_STYLE('',(#445));
#51=ADVANCED_FACE('',(#446),#447,.F.);
#52=ADVANCED_FACE('',(#448),#449,.T.);
#53=ADVANCED_FACE('',(#450),#451,.T.);
#54=ADVANCED_FACE('',(#452),#453,.T.);
#55=ADVANCED_FACE('',(#454),#455,.T.);
#56=ADVANCED_FACE('',(#456),#457,.F.);
#57=ADVANCED_FACE('',(#458),#459,.T.);
#58=ADVANCED_FACE('',(#460),#461,.F.);
#59=ADVANCED_FACE('',(#462),#463,.T.);
#60=ADVANCED_FACE('',(#464),#465,.T.);
#61=ADVANCED_FACE('',(#466),#467,.F.);
#62=ADVANCED_FACE('',(#468),#469,.F.);
#63=ADVANCED_FACE('',(#470),#471,.F.);
#64=ADVANCED_FACE('',(#472),#473,.F.);
#65=ADVANCED_FACE('',(#474),#475,.F.);
#66=ADVANCED_FACE('',(#476),#477,.F.);
#67=ADVANCED_FACE('',(#478,#479),#480,.T.);
#68=ADVANCED_FACE('',(#481),#482,.F.);
#69=ADVANCED_FACE('',(#483),#484,.F.);
#70=ADVANCED_FACE('',(#485),#486,.F.);
#71=ADVANCED_FACE('',(#487),#488,.T.);
#72=ADVANCED_FACE('',(#489),#490,.T.);
#73=ADVANCED_FACE('',(#491),#492,.F.);
#74=ADVANCED_FACE('',(#493),#494,.F.);
#75=ADVANCED_FACE('',(#495),#496,.F.);
#76=ADVANCED_FACE('',(#497),#498,.F.);
#77=ADVANCED_FACE('',(#499),#500,.F.);
#78=ADVANCED_FACE('',(#501),#502,.F.);
#79=ADVANCED_FACE('',(#503,#504),#505,.T.);
#80=ADVANCED_FACE('',(#506),#507,.F.);
#81=ADVANCED_FACE('',(#508),#509,.F.);
#82=ADVANCED_FACE('',(#510),#511,.T.);
#83=ADVANCED_FACE('',(#512),#513,.T.);
#84=ADVANCED_FACE('',(#514),#515,.T.);
#85=ADVANCED_FACE('',(#516),#517,.T.);
#86=ADVANCED_FACE('',(#518),#519,.F.);
#87=ADVANCED_FACE('',(#520),#521,.T.);
#88=ADVANCED_FACE('',(#522),#523,.T.);
#89=ADVANCED_FACE('',(#524),#525,.T.);
#90=ADVANCED_FACE('',(#526),#527,.T.);
#91=ADVANCED_FACE('',(#528),#529,.T.);
#92=ADVANCED_FACE('',(#530),#531,.T.);
#93=ADVANCED_FACE('',(#532),#533,.T.);
#94=ADVANCED_FACE('',(#534),#535,.T.);
#95=ADVANCED_FACE('',(#536),#537,.T.);
#96=ADVANCED_FACE('',(#538),#539,.T.);
#97=ADVANCED_FACE('',(#540),#541,.F.);
#98=ADVANCED_FACE('',(#542),#543,.F.);
#99=ADVANCED_FACE('',(#544),#545,.F.);
#100=ADVANCED_FACE('',(#546),#547,.F.);
#101=ADVANCED_FACE('',(#548),#549,.T.);
#102=ADVANCED_FACE('',(#550),#551,.T.);
#103=ADVANCED_FACE('',(#552),#553,.T.);
#104=ADVANCED_FACE('',(#554),#555,.T.);
#105=ADVANCED_FACE('',(#556),#557,.T.);
#106=ADVANCED_FACE('',(#558),#559,.T.);
#107=ADVANCED_FACE('',(#560),#561,.T.);
#108=ADVANCED_FACE('',(#562),#563,.T.);
#109=ADVANCED_FACE('',(#564),#565,.T.);
#110=ADVANCED_FACE('',(#566),#567,.T.);
#111=ADVANCED_FACE('',(#568),#569,.T.);
#112=ADVANCED_FACE('',(#570),#571,.T.);
#113=ADVANCED_FACE('',(#572),#573,.T.);
#114=ADVANCED_FACE('',(#574),#575,.F.);
#115=ADVANCED_FACE('',(#576),#577,.F.);
#116=ADVANCED_FACE('',(#578),#579,.F.);
#117=ADVANCED_FACE('',(#580),#581,.F.);
#118=ADVANCED_FACE('',(#582,#583,#584),#585,.T.);
#119=ADVANCED_FACE('',(#586),#587,.T.);
#120=ADVANCED_FACE('',(#588),#589,.F.);
#121=ADVANCED_FACE('',(#590),#591,.F.);
#122=ADVANCED_FACE('',(#592),#593,.F.);
#123=ADVANCED_FACE('',(#594),#595,.T.);
#124=ADVANCED_FACE('',(#596),#597,.T.);
#125=ADVANCED_FACE('',(#598),#599,.T.);
#126=ADVANCED_FACE('',(#600),#601,.T.);
#127=ADVANCED_FACE('',(#602),#603,.T.);
#128=ADVANCED_FACE('',(#604),#605,.T.);
#129=ADVANCED_FACE('',(#606),#607,.F.);
#130=ADVANCED_FACE('',(#608),#609,.F.);
#131=ADVANCED_FACE('',(#610),#611,.T.);
#132=ADVANCED_FACE('',(#612),#613,.T.);
#133=ADVANCED_FACE('',(#614),#615,.T.);
#134=ADVANCED_FACE('',(#616),#617,.T.);
#135=ADVANCED_FACE('',(#618),#619,.T.);
#136=ADVANCED_FACE('',(#620),#621,.T.);
#137=ADVANCED_FACE('',(#622),#623,.T.);
#138=ADVANCED_FACE('',(#624),#625,.T.);
#139=ADVANCED_FACE('',(#626),#627,.T.);
#140=ADVANCED_FACE('',(#628),#629,.T.);
#141=ADVANCED_FACE('',(#630),#631,.F.);
#142=ADVANCED_FACE('',(#632),#633,.F.);
#143=ADVANCED_FACE('',(#634),#635,.F.);
#144=ADVANCED_FACE('',(#636),#637,.F.);
#145=ADVANCED_FACE('',(#638),#639,.F.);
#146=ADVANCED_FACE('',(#640),#641,.F.);
#147=ADVANCED_FACE('',(#642),#643,.T.);
#148=ADVANCED_FACE('',(#644),#645,.T.);
#149=ADVANCED_FACE('',(#646),#647,.T.);
#150=ADVANCED_FACE('',(#648),#649,.T.);
#151=ADVANCED_FACE('',(#650),#651,.T.);
#152=ADVANCED_FACE('',(#652),#653,.T.);
#153=ADVANCED_FACE('',(#654),#655,.F.);
#154=ADVANCED_FACE('',(#656),#657,.F.);
#155=ADVANCED_FACE('',(#658),#659,.F.);
#156=ADVANCED_FACE('',(#660),#661,.F.);
#157=ADVANCED_FACE('',(#662),#663,.T.);
#158=ADVANCED_FACE('',(#664),#665,.T.);
#159=ADVANCED_FACE('',(#666),#667,.F.);
#160=ADVANCED_FACE('',(#668),#669,.F.);
#161=ADVANCED_FACE('',(#670),#671,.F.);
#162=ADVANCED_FACE('',(#672),#673,.F.);
#163=ADVANCED_FACE('',(#674),#675,.F.);
#164=ADVANCED_FACE('',(#676),#677,.T.);
#165=ADVANCED_FACE('',(#678),#679,.T.);
#166=ADVANCED_FACE('',(#680),#681,.T.);
#167=ADVANCED_FACE('',(#682),#683,.T.);
#168=ADVANCED_FACE('',(#684),#685,.T.);
#169=ADVANCED_FACE('',(#686),#687,.T.);
#170=ADVANCED_FACE('',(#688,#689),#690,.T.);
#171=ADVANCED_FACE('',(#691,#692),#693,.T.);
#172=ADVANCED_FACE('',(#694,#695),#696,.T.);
#173=ADVANCED_FACE('',(#697,#698),#699,.T.);
#174=ADVANCED_FACE('',(#700,#701),#702,.T.);
#175=ADVANCED_FACE('',(#703,#704),#705,.T.);
#176=ADVANCED_FACE('',(#706,#707),#708,.T.);
#177=ADVANCED_FACE('',(#709,#710),#711,.T.);
#178=ADVANCED_FACE('',(#712),#713,.F.);
#179=ADVANCED_FACE('',(#714,#715,#716,#717,#718,#719,#720,#721,#722),#723,.T.);
#180=ADVANCED_FACE('',(#724),#725,.F.);
#181=ADVANCED_FACE('',(#726),#727,.F.);
#182=ADVANCED_FACE('',(#728),#729,.F.);
#183=ADVANCED_FACE('',(#730),#731,.F.);
#184=ADVANCED_FACE('',(#732),#733,.F.);
#185=ADVANCED_FACE('',(#734),#735,.F.);
#186=ADVANCED_FACE('',(#736),#737,.F.);
#187=ADVANCED_FACE('',(#738),#739,.F.);
#188=ADVANCED_FACE('',(#740),#741,.F.);
#189=ADVANCED_FACE('',(#742),#743,.F.);
#190=ADVANCED_FACE('',(#744),#745,.F.);
#191=ADVANCED_FACE('',(#746),#747,.F.);
#192=ADVANCED_FACE('',(#748),#749,.F.);
#193=ADVANCED_FACE('',(#750),#751,.F.);
#194=ADVANCED_FACE('',(#752),#753,.F.);
#195=ADVANCED_FACE('',(#754),#755,.F.);
#196=ADVANCED_FACE('',(#756),#757,.F.);
#197=ADVANCED_FACE('',(#758),#759,.F.);
#198=ADVANCED_FACE('',(#760),#761,.F.);
#199=ADVANCED_FACE('',(#762),#763,.F.);
#200=ADVANCED_FACE('',(#764),#765,.F.);
#201=ADVANCED_FACE('',(#766),#767,.F.);
#202=ADVANCED_FACE('',(#768),#769,.F.);
#203=ADVANCED_FACE('',(#770),#771,.F.);
#204=ADVANCED_FACE('',(#772),#773,.F.);
#205=ADVANCED_FACE('',(#774),#775,.F.);
#206=ADVANCED_FACE('',(#776),#777,.F.);
#207=ADVANCED_FACE('',(#778),#779,.F.);
#208=ADVANCED_FACE('',(#780),#781,.F.);
#209=ADVANCED_FACE('',(#782),#783,.F.);
#210=ADVANCED_FACE('',(#784),#785,.F.);
#211=ADVANCED_FACE('',(#786),#787,.F.);
#212=ADVANCED_FACE('',(#788),#789,.F.);
#213=ADVANCED_FACE('',(#790),#791,.F.);
#214=ADVANCED_FACE('',(#792),#793,.F.);
#215=ADVANCED_FACE('',(#794),#795,.F.);
#216=ADVANCED_FACE('',(#796),#797,.F.);
#217=ADVANCED_FACE('',(#798),#799,.F.);
#218=ADVANCED_FACE('',(#800),#801,.T.);
#219=ADVANCED_FACE('',(#802),#803,.T.);
#220=ADVANCED_FACE('',(#804),#805,.T.);
#221=ADVANCED_FACE('',(#806),#807,.T.);
#222=ADVANCED_FACE('',(#808),#809,.T.);
#223=ADVANCED_FACE('',(#810),#811,.T.);
#224=ADVANCED_FACE('',(#812),#813,.F.);
#225=ADVANCED_FACE('',(#814),#815,.F.);
#226=ADVANCED_FACE('',(#816),#817,.F.);
#227=ADVANCED_FACE('',(#818),#819,.F.);
#228=ADVANCED_FACE('',(#820),#821,.F.);
#229=ADVANCED_FACE('',(#822),#823,.F.);
#230=ADVANCED_FACE('',(#824),#825,.F.);
#231=ADVANCED_FACE('',(#826),#827,.T.);
#232=ADVANCED_FACE('',(#828),#829,.F.);
#233=ADVANCED_FACE('',(#830),#831,.F.);
#234=ADVANCED_FACE('',(#832),#833,.F.);
#235=ADVANCED_FACE('',(#834),#835,.F.);
#236=ADVANCED_FACE('',(#836),#837,.T.);
#237=ADVANCED_FACE('',(#838),#839,.T.);
#238=ADVANCED_FACE('',(#840),#841,.F.);
#239=ADVANCED_FACE('',(#842),#843,.F.);
#240=ADVANCED_FACE('',(#844),#845,.F.);
#241=ADVANCED_FACE('',(#846),#847,.T.);
#242=ADVANCED_FACE('',(#848),#849,.F.);
#243=ADVANCED_FACE('',(#850),#851,.F.);
#244=ADVANCED_FACE('',(#852),#853,.F.);
#245=ADVANCED_FACE('',(#854),#855,.F.);
#246=ADVANCED_FACE('',(#856),#857,.F.);
#247=ADVANCED_FACE('',(#858),#859,.T.);
#248=ADVANCED_FACE('',(#860),#861,.T.);
#249=ADVANCED_FACE('',(#862),#863,.T.);
#250=ADVANCED_FACE('',(#864),#865,.T.);
#251=ADVANCED_FACE('',(#866),#867,.T.);
#252=ADVANCED_FACE('',(#868),#869,.T.);
#253=ADVANCED_FACE('',(#870),#871,.T.);
#254=ADVANCED_FACE('',(#872),#873,.T.);
#255=ADVANCED_FACE('',(#874),#875,.T.);
#256=ADVANCED_FACE('',(#876),#877,.T.);
#257=ADVANCED_FACE('',(#878),#879,.T.);
#258=ADVANCED_FACE('',(#880),#881,.T.);
#259=ADVANCED_FACE('',(#882),#883,.T.);
#260=ADVANCED_FACE('',(#884),#885,.T.);
#261=ADVANCED_FACE('',(#886),#887,.T.);
#262=ADVANCED_FACE('',(#888),#889,.T.);
#263=ADVANCED_FACE('',(#890),#891,.T.);
#264=ADVANCED_FACE('',(#892),#893,.T.);
#265=ADVANCED_FACE('',(#894),#895,.T.);
#266=ADVANCED_FACE('',(#896),#897,.T.);
#267=ADVANCED_FACE('',(#898),#899,.T.);
#268=ADVANCED_FACE('',(#900),#901,.T.);
#269=ADVANCED_FACE('',(#902),#903,.T.);
#270=ADVANCED_FACE('',(#904),#905,.T.);
#271=ADVANCED_FACE('',(#906),#907,.T.);
#272=ADVANCED_FACE('',(#908),#909,.T.);
#273=ADVANCED_FACE('',(#910),#911,.T.);
#274=ADVANCED_FACE('',(#912),#913,.T.);
#275=ADVANCED_FACE('',(#914),#915,.T.);
#276=ADVANCED_FACE('',(#916),#917,.T.);
#277=ADVANCED_FACE('',(#918),#919,.T.);
#278=ADVANCED_FACE('',(#920),#921,.T.);
#279=ADVANCED_FACE('',(#922),#923,.T.);
#280=ADVANCED_FACE('',(#924),#925,.T.);
#281=ADVANCED_FACE('',(#926),#927,.F.);
#282=ADVANCED_FACE('',(#928),#929,.F.);
#283=ADVANCED_FACE('',(#930),#931,.F.);
#284=ADVANCED_FACE('',(#932),#933,.F.);
#285=ADVANCED_FACE('',(#934),#935,.T.);
#286=ADVANCED_FACE('',(#936),#937,.T.);
#287=ADVANCED_FACE('',(#938),#939,.T.);
#288=ADVANCED_FACE('',(#940),#941,.T.);
#289=ADVANCED_FACE('',(#942),#943,.T.);
#290=ADVANCED_FACE('',(#944),#945,.T.);
#291=ADVANCED_FACE('',(#946),#947,.T.);
#292=ADVANCED_FACE('',(#948),#949,.F.);
#293=ADVANCED_FACE('',(#950),#951,.F.);
#294=ADVANCED_FACE('',(#952),#953,.F.);
#295=ADVANCED_FACE('',(#954),#955,.F.);
#296=ADVANCED_FACE('',(#956),#957,.F.);
#297=ADVANCED_FACE('',(#958),#959,.F.);
#298=ADVANCED_FACE('',(#960),#961,.F.);
#299=ADVANCED_FACE('',(#962),#963,.T.);
#300=ADVANCED_FACE('',(#964),#965,.T.);
#301=ADVANCED_FACE('',(#966),#967,.T.);
#302=ADVANCED_FACE('',(#968),#969,.T.);
#303=ADVANCED_FACE('',(#970),#971,.T.);
#304=ADVANCED_FACE('',(#972),#973,.T.);
#305=ADVANCED_FACE('',(#974),#975,.T.);
#306=ADVANCED_FACE('',(#976),#977,.F.);
#307=ADVANCED_FACE('',(#978),#979,.F.);
#308=ADVANCED_FACE('',(#980),#981,.F.);
#309=ADVANCED_FACE('',(#982),#983,.F.);
#310=ADVANCED_FACE('',(#984),#985,.F.);
#311=ADVANCED_FACE('',(#986),#987,.T.);
#312=ADVANCED_FACE('',(#988),#989,.T.);
#313=ADVANCED_FACE('',(#990),#991,.T.);
#314=ADVANCED_FACE('',(#992),#993,.T.);
#315=ADVANCED_FACE('',(#994),#995,.T.);
#316=ADVANCED_FACE('',(#996),#997,.T.);
#317=ADVANCED_FACE('',(#998),#999,.T.);
#318=ADVANCED_FACE('',(#1000),#1001,.T.);
#319=ADVANCED_FACE('',(#1002),#1003,.T.);
#320=ADVANCED_FACE('',(#1004),#1005,.T.);
#321=ADVANCED_FACE('',(#1006),#1007,.T.);
#322=ADVANCED_FACE('',(#1008),#1009,.T.);
#323=ADVANCED_FACE('',(#1010),#1011,.T.);
#324=ADVANCED_FACE('',(#1012),#1013,.T.);
#325=ADVANCED_FACE('',(#1014),#1015,.T.);
#326=ADVANCED_FACE('',(#1016),#1017,.T.);
#327=ADVANCED_FACE('',(#1018),#1019,.T.);
#328=ADVANCED_FACE('',(#1020),#1021,.T.);
#329=ADVANCED_FACE('',(#1022),#1023,.F.);
#330=ADVANCED_FACE('',(#1024),#1025,.F.);
#331=ADVANCED_FACE('',(#1026),#1027,.T.);
#332=ADVANCED_FACE('',(#1028),#1029,.T.);
#333=ADVANCED_FACE('',(#1030),#1031,.T.);
#334=ADVANCED_FACE('',(#1032),#1033,.T.);
#335=ADVANCED_FACE('',(#1034),#1035,.T.);
#336=ADVANCED_FACE('',(#1036),#1037,.T.);
#337=ADVANCED_FACE('',(#1038),#1039,.T.);
#338=ADVANCED_FACE('',(#1040),#1041,.T.);
#339=ADVANCED_FACE('',(#1042),#1043,.T.);
#340=ADVANCED_FACE('',(#1044),#1045,.T.);
#341=ADVANCED_FACE('',(#1046),#1047,.T.);
#342=ADVANCED_FACE('',(#1048),#1049,.T.);
#343=ADVANCED_FACE('',(#1050),#1051,.F.);
#344=ADVANCED_FACE('',(#1052),#1053,.T.);
#345=ADVANCED_FACE('',(#1054),#1055,.T.);
#346=ADVANCED_FACE('',(#1056),#1057,.T.);
#347=ADVANCED_FACE('',(#1058),#1059,.T.);
#348=ADVANCED_FACE('',(#1060),#1061,.F.);
#349=ADVANCED_FACE('',(#1062),#1063,.T.);
#350=ADVANCED_FACE('',(#1064),#1065,.T.);
#351=ADVANCED_FACE('',(#1066),#1067,.F.);
#352=ADVANCED_FACE('',(#1068),#1069,.F.);
#353=ADVANCED_FACE('',(#1070),#1071,.F.);
#354=ADVANCED_FACE('',(#1072),#1073,.F.);
#355=ADVANCED_FACE('',(#1074),#1075,.F.);
#356=ADVANCED_FACE('',(#1076),#1077,.F.);
#357=ADVANCED_FACE('',(#1078),#1079,.F.);
#358=ADVANCED_FACE('',(#1080),#1081,.T.);
#359=ADVANCED_FACE('',(#1082),#1083,.T.);
#360=ADVANCED_FACE('',(#1084),#1085,.F.);
#361=ADVANCED_FACE('',(#1086),#1087,.F.);
#362=ADVANCED_FACE('',(#1088),#1089,.F.);
#363=ADVANCED_FACE('',(#1090),#1091,.T.);
#364=ADVANCED_FACE('',(#1092),#1093,.T.);
#365=ADVANCED_FACE('',(#1094),#1095,.T.);
#366=ADVANCED_FACE('',(#1096),#1097,.T.);
#367=ADVANCED_FACE('',(#1098),#1099,.T.);
#368=ADVANCED_FACE('',(#1100),#1101,.T.);
#369=ADVANCED_FACE('',(#1102),#1103,.T.);
#370=ADVANCED_FACE('',(#1104),#1105,.T.);
#371=ADVANCED_FACE('',(#1106),#1107,.T.);
#372=ADVANCED_FACE('',(#1108),#1109,.T.);
#373=ADVANCED_FACE('',(#1110),#1111,.T.);
#374=ADVANCED_FACE('',(#1112),#1113,.T.);
#375=ADVANCED_FACE('',(#1114),#1115,.T.);
#376=ADVANCED_FACE('',(#1116),#1117,.T.);
#377=ADVANCED_FACE('',(#1118),#1119,.T.);
#378=ADVANCED_FACE('',(#1120),#1121,.F.);
#379=ADVANCED_FACE('',(#1122),#1123,.F.);
#380=ADVANCED_FACE('',(#1124),#1125,.T.);
#381=ADVANCED_FACE('',(#1126),#1127,.F.);
#382=ADVANCED_FACE('',(#1128),#1129,.F.);
#383=ADVANCED_FACE('',(#1130),#1131,.F.);
#384=ADVANCED_FACE('',(#1132),#1133,.F.);
#385=ADVANCED_FACE('',(#1134),#1135,.F.);
#386=ADVANCED_FACE('',(#1136),#1137,.T.);
#387=ADVANCED_FACE('',(#1138),#1139,.T.);
#388=ADVANCED_FACE('',(#1140),#1141,.T.);
#389=ADVANCED_FACE('',(#1142),#1143,.T.);
#390=ADVANCED_FACE('',(#1144),#1145,.T.);
#391=ADVANCED_FACE('',(#1146),#1147,.T.);
#392=ADVANCED_FACE('',(#1148),#1149,.T.);
#393=ADVANCED_FACE('',(#1150),#1151,.T.);
#394=ADVANCED_FACE('',(#1152),#1153,.T.);
#395=ADVANCED_FACE('',(#1154),#1155,.T.);
#396=ADVANCED_FACE('',(#1156),#1157,.T.);
#397=ADVANCED_FACE('',(#1158),#1159,.T.);
#398=ADVANCED_FACE('',(#1160),#1161,.T.);
#399=ADVANCED_FACE('',(#1162),#1163,.T.);
#400=ADVANCED_FACE('',(#1164),#1165,.T.);
#401=ADVANCED_FACE('',(#1166),#1167,.T.);
#402=ADVANCED_FACE('',(#1168),#1169,.T.);
#403=ADVANCED_FACE('',(#1170),#1171,.T.);
#404=ADVANCED_FACE('',(#1172),#1173,.T.);
#405=ADVANCED_FACE('',(#1174),#1175,.T.);
#406=ADVANCED_FACE('',(#1176),#1177,.T.);
#407=ADVANCED_FACE('',(#1178),#1179,.T.);
#408=ADVANCED_FACE('',(#1180),#1181,.T.);
#409=ADVANCED_FACE('',(#1182),#1183,.T.);
#410=ADVANCED_FACE('',(#1184),#1185,.T.);
#411=ADVANCED_FACE('',(#1186),#1187,.T.);
#412=ADVANCED_FACE('',(#1188),#1189,.T.);
#413=ADVANCED_FACE('',(#1190),#1191,.T.);
#414=ADVANCED_FACE('',(#1192),#1193,.T.);
#415=ADVANCED_FACE('',(#1194),#1195,.T.);
#416=ADVANCED_FACE('',(#1196),#1197,.T.);
#417=ADVANCED_FACE('',(#1198),#1199,.T.);
#418=ADVANCED_FACE('',(#1200),#1201,.F.);
#419=ADVANCED_FACE('',(#1202),#1203,.F.);
#420=ADVANCED_FACE('',(#1204),#1205,.F.);
#421=ADVANCED_FACE('',(#1206),#1207,.T.);
#422=ADVANCED_FACE('',(#1208),#1209,.F.);
#423=ADVANCED_FACE('',(#1210),#1211,.F.);
#424=ADVANCED_FACE('',(#1212),#1213,.T.);
#425=ADVANCED_FACE('',(#1214),#1215,.T.);
#426=ADVANCED_FACE('',(#1216),#1217,.F.);
#427=ADVANCED_FACE('',(#1218),#1219,.F.);
#428=ADVANCED_FACE('',(#1220),#1221,.F.);
#429=ADVANCED_FACE('',(#1222),#1223,.F.);
#430=ADVANCED_FACE('',(#1224),#1225,.F.);
#431=ADVANCED_FACE('',(#1226),#1227,.F.);
#432=ADVANCED_FACE('',(#1228),#1229,.F.);
#433=ADVANCED_FACE('',(#1230),#1231,.F.);
#434=ADVANCED_FACE('',(#1232),#1233,.F.);
#435=ADVANCED_FACE('',(#1234),#1235,.T.);
#436=ADVANCED_FACE('',(#1236),#1237,.F.);
#437=ADVANCED_FACE('',(#1238),#1239,.F.);
#438=ADVANCED_FACE('',(#1240),#1241,.F.);
#439=ADVANCED_FACE('',(#1242),#1243,.F.);
#440=ADVANCED_FACE('',(#1244),#1245,.F.);
#441=ADVANCED_FACE('',(#1246),#1247,.F.);
#442=ADVANCED_FACE('',(#1248),#1249,.F.);
#443=ADVANCED_FACE('',(#1250),#1251,.F.);
#445=SURFACE_STYLE_FILL_AREA(#1252);
#446=FACE_OUTER_BOUND('',#1253,.T.);
#447=PLANE('',#1254);
#448=FACE_OUTER_BOUND('',#1255,.T.);
#449=PLANE('',#1256);
#450=FACE_OUTER_BOUND('',#1257,.T.);
#451=PLANE('',#1258);
#452=FACE_OUTER_BOUND('',#1259,.T.);
#453=PLANE('',#1260);
#454=FACE_OUTER_BOUND('',#1261,.T.);
#455=PLANE('',#1262);
#456=FACE_OUTER_BOUND('',#1263,.T.);
#457=PLANE('',#1264);
#458=FACE_OUTER_BOUND('',#1265,.T.);
#459=PLANE('',#1266);
#460=FACE_OUTER_BOUND('',#1267,.T.);
#461=PLANE('',#1268);
#462=FACE_OUTER_BOUND('',#1269,.T.);
#463=PLANE('',#1270);
#464=FACE_OUTER_BOUND('',#1271,.T.);
#465=PLANE('',#1272);
#466=FACE_OUTER_BOUND('',#1273,.T.);
#467=PLANE('',#1274);
#468=FACE_OUTER_BOUND('',#1275,.T.);
#469=PLANE('',#1276);
#470=FACE_OUTER_BOUND('',#1277,.T.);
#471=PLANE('',#1278);
#472=FACE_OUTER_BOUND('',#1279,.T.);
#473=PLANE('',#1280);
#474=FACE_OUTER_BOUND('',#1281,.T.);
#475=PLANE('',#1282);
#476=FACE_OUTER_BOUND('',#1283,.T.);
#477=PLANE('',#1284);
#478=FACE_OUTER_BOUND('',#1285,.T.);
#479=FACE_BOUND('',#1286,.T.);
#480=PLANE('',#1287);
#481=FACE_OUTER_BOUND('',#1288,.T.);
#482=PLANE('',#1289);
#483=FACE_OUTER_BOUND('',#1290,.T.);
#484=PLANE('',#1291);
#485=FACE_OUTER_BOUND('',#1292,.T.);
#486=PLANE('',#1293);
#487=FACE_OUTER_BOUND('',#1294,.T.);
#488=PLANE('',#1295);
#489=FACE_OUTER_BOUND('',#1296,.T.);
#490=PLANE('',#1297);
#491=FACE_OUTER_BOUND('',#1298,.T.);
#492=PLANE('',#1299);
#493=FACE_OUTER_BOUND('',#1300,.T.);
#494=PLANE('',#1301);
#495=FACE_OUTER_BOUND('',#1302,.T.);
#496=PLANE('',#1303);
#497=FACE_OUTER_BOUND('',#1304,.T.);
#498=PLANE('',#1305);
#499=FACE_OUTER_BOUND('',#1306,.T.);
#500=PLANE('',#1307);
#501=FACE_OUTER_BOUND('',#1308,.T.);
#502=PLANE('',#1309);
#503=FACE_OUTER_BOUND('',#1310,.T.);
#504=FACE_BOUND('',#1311,.T.);
#505=PLANE('',#1312);
#506=FACE_OUTER_BOUND('',#1313,.T.);
#507=PLANE('',#1314);
#508=FACE_OUTER_BOUND('',#1315,.T.);
#509=CYLINDRICAL_SURFACE('',#1316,0.75);
#510=FACE_OUTER_BOUND('',#1317,.T.);
#511=PLANE('',#1318);
#512=FACE_OUTER_BOUND('',#1319,.T.);
#513=PLANE('',#1320);
#514=FACE_OUTER_BOUND('',#1321,.T.);
#515=PLANE('',#1322);
#516=FACE_OUTER_BOUND('',#1323,.T.);
#517=PLANE('',#1324);
#518=FACE_OUTER_BOUND('',#1325,.T.);
#519=PLANE('',#1326);
#520=FACE_OUTER_BOUND('',#1327,.T.);
#521=PLANE('',#1328);
#522=FACE_OUTER_BOUND('',#1329,.T.);
#523=PLANE('',#1330);
#524=FACE_OUTER_BOUND('',#1331,.T.);
#525=PLANE('',#1332);
#526=FACE_OUTER_BOUND('',#1333,.T.);
#527=PLANE('',#1334);
#528=FACE_OUTER_BOUND('',#1335,.T.);
#529=PLANE('',#1336);
#530=FACE_OUTER_BOUND('',#1337,.T.);
#531=PLANE('',#1338);
#532=FACE_OUTER_BOUND('',#1339,.T.);
#533=PLANE('',#1340);
#534=FACE_OUTER_BOUND('',#1341,.T.);
#535=PLANE('',#1342);
#536=FACE_OUTER_BOUND('',#1343,.T.);
#537=PLANE('',#1344);
#538=FACE_OUTER_BOUND('',#1345,.T.);
#539=PLANE('',#1346);
#540=FACE_OUTER_BOUND('',#1347,.T.);
#541=PLANE('',#1348);
#542=FACE_OUTER_BOUND('',#1349,.T.);
#543=PLANE('',#1350);
#544=FACE_OUTER_BOUND('',#1351,.T.);
#545=PLANE('',#1352);
#546=FACE_OUTER_BOUND('',#1353,.T.);
#547=PLANE('',#1354);
#548=FACE_OUTER_BOUND('',#1355,.T.);
#549=PLANE('',#1356);
#550=FACE_OUTER_BOUND('',#1357,.T.);
#551=PLANE('',#1358);
#552=FACE_OUTER_BOUND('',#1359,.T.);
#553=PLANE('',#1360);
#554=FACE_OUTER_BOUND('',#1361,.T.);
#555=PLANE('',#1362);
#556=FACE_OUTER_BOUND('',#1363,.T.);
#557=PLANE('',#1364);
#558=FACE_OUTER_BOUND('',#1365,.T.);
#559=PLANE('',#1366);
#560=FACE_OUTER_BOUND('',#1367,.T.);
#561=PLANE('',#1368);
#562=FACE_OUTER_BOUND('',#1369,.T.);
#563=PLANE('',#1370);
#564=FACE_OUTER_BOUND('',#1371,.T.);
#565=PLANE('',#1372);
#566=FACE_OUTER_BOUND('',#1373,.T.);
#567=PLANE('',#1374);
#568=FACE_OUTER_BOUND('',#1375,.T.);
#569=PLANE('',#1376);
#570=FACE_OUTER_BOUND('',#1377,.T.);
#571=PLANE('',#1378);
#572=FACE_OUTER_BOUND('',#1379,.T.);
#573=PLANE('',#1380);
#574=FACE_OUTER_BOUND('',#1381,.T.);
#575=PLANE('',#1382);
#576=FACE_OUTER_BOUND('',#1383,.T.);
#577=PLANE('',#1384);
#578=FACE_OUTER_BOUND('',#1385,.T.);
#579=PLANE('',#1386);
#580=FACE_OUTER_BOUND('',#1387,.T.);
#581=PLANE('',#1388);
#582=FACE_OUTER_BOUND('',#1389,.T.);
#583=FACE_BOUND('',#1390,.T.);
#584=FACE_BOUND('',#1391,.T.);
#585=PLANE('',#1392);
#586=FACE_OUTER_BOUND('',#1393,.T.);
#587=PLANE('',#1394);
#588=FACE_OUTER_BOUND('',#1395,.T.);
#589=PLANE('',#1396);
#590=FACE_OUTER_BOUND('',#1397,.T.);
#591=PLANE('',#1398);
#592=FACE_OUTER_BOUND('',#1399,.T.);
#593=PLANE('',#1400);
#594=FACE_OUTER_BOUND('',#1401,.T.);
#595=CYLINDRICAL_SURFACE('',#1402,1.0);
#596=FACE_OUTER_BOUND('',#1403,.T.);
#597=PLANE('',#1404);
#598=FACE_OUTER_BOUND('',#1405,.T.);
#599=PLANE('',#1406);
#600=FACE_OUTER_BOUND('',#1407,.T.);
#601=PLANE('',#1408);
#602=FACE_OUTER_BOUND('',#1409,.T.);
#603=PLANE('',#1410);
#604=FACE_OUTER_BOUND('',#1411,.T.);
#605=PLANE('',#1412);
#606=FACE_OUTER_BOUND('',#1413,.T.);
#607=PLANE('',#1414);
#608=FACE_OUTER_BOUND('',#1415,.T.);
#609=PLANE('',#1416);
#610=FACE_OUTER_BOUND('',#1417,.T.);
#611=CONICAL_SURFACE('',#1418,1.024315246462,0.523598775598299);
#612=FACE_OUTER_BOUND('',#1419,.T.);
#613=CYLINDRICAL_SURFACE('',#1420,1.3);
#614=FACE_OUTER_BOUND('',#1421,.T.);
#615=TOROIDAL_SURFACE('',#1422,0.5321241419778,0.25);
#616=FACE_OUTER_BOUND('',#1423,.T.);
#617=PLANE('',#1424);
#618=FACE_OUTER_BOUND('',#1425,.T.);
#619=PLANE('',#1426);
#620=FACE_OUTER_BOUND('',#1427,.T.);
#621=CYLINDRICAL_SURFACE('',#1428,1.0);
#622=FACE_OUTER_BOUND('',#1429,.T.);
#623=PLANE('',#1430);
#624=FACE_OUTER_BOUND('',#1431,.T.);
#625=CYLINDRICAL_SURFACE('',#1432,1.3);
#626=FACE_OUTER_BOUND('',#1433,.T.);
#627=CONICAL_SURFACE('',#1434,1.024315246462,0.523598775598299);
#628=FACE_OUTER_BOUND('',#1435,.T.);
#629=TOROIDAL_SURFACE('',#1436,0.5321241419778,0.25);
#630=FACE_OUTER_BOUND('',#1437,.T.);
#631=PLANE('',#1438);
#632=FACE_OUTER_BOUND('',#1439,.T.);
#633=PLANE('',#1440);
#634=FACE_OUTER_BOUND('',#1441,.T.);
#635=PLANE('',#1442);
#636=FACE_OUTER_BOUND('',#1443,.T.);
#637=PLANE('',#1444);
#638=FACE_OUTER_BOUND('',#1445,.T.);
#639=PLANE('',#1446);
#640=FACE_OUTER_BOUND('',#1447,.T.);
#641=PLANE('',#1448);
#642=FACE_OUTER_BOUND('',#1449,.T.);
#643=PLANE('',#1450);
#644=FACE_OUTER_BOUND('',#1451,.T.);
#645=PLANE('',#1452);
#646=FACE_OUTER_BOUND('',#1453,.T.);
#647=PLANE('',#1454);
#648=FACE_OUTER_BOUND('',#1455,.T.);
#649=PLANE('',#1456);
#650=FACE_OUTER_BOUND('',#1457,.T.);
#651=PLANE('',#1458);
#652=FACE_OUTER_BOUND('',#1459,.T.);
#653=PLANE('',#1460);
#654=FACE_OUTER_BOUND('',#1461,.T.);
#655=PLANE('',#1462);
#656=FACE_OUTER_BOUND('',#1463,.T.);
#657=PLANE('',#1464);
#658=FACE_OUTER_BOUND('',#1465,.T.);
#659=PLANE('',#1466);
#660=FACE_OUTER_BOUND('',#1467,.T.);
#661=PLANE('',#1468);
#662=FACE_OUTER_BOUND('',#1469,.T.);
#663=PLANE('',#1470);
#664=FACE_OUTER_BOUND('',#1471,.T.);
#665=PLANE('',#1472);
#666=FACE_OUTER_BOUND('',#1473,.T.);
#667=PLANE('',#1474);
#668=FACE_OUTER_BOUND('',#1475,.T.);
#669=PLANE('',#1476);
#670=FACE_OUTER_BOUND('',#1477,.T.);
#671=PLANE('',#1478);
#672=FACE_OUTER_BOUND('',#1479,.T.);
#673=PLANE('',#1480);
#674=FACE_OUTER_BOUND('',#1481,.T.);
#675=PLANE('',#1482);
#676=FACE_OUTER_BOUND('',#1483,.T.);
#677=PLANE('',#1484);
#678=FACE_OUTER_BOUND('',#1485,.T.);
#679=PLANE('',#1486);
#680=FACE_OUTER_BOUND('',#1487,.T.);
#681=PLANE('',#1488);
#682=FACE_OUTER_BOUND('',#1489,.T.);
#683=PLANE('',#1490);
#684=FACE_OUTER_BOUND('',#1491,.T.);
#685=PLANE('',#1492);
#686=FACE_OUTER_BOUND('',#1493,.T.);
#687=PLANE('',#1494);
#688=FACE_OUTER_BOUND('',#1495,.T.);
#689=FACE_BOUND('',#1496,.T.);
#690=PLANE('',#1497);
#691=FACE_OUTER_BOUND('',#1498,.T.);
#692=FACE_BOUND('',#1499,.T.);
#693=PLANE('',#1500);
#694=FACE_OUTER_BOUND('',#1501,.T.);
#695=FACE_BOUND('',#1502,.T.);
#696=PLANE('',#1503);
#697=FACE_OUTER_BOUND('',#1504,.T.);
#698=FACE_BOUND('',#1505,.T.);
#699=PLANE('',#1506);
#700=FACE_OUTER_BOUND('',#1507,.T.);
#701=FACE_BOUND('',#1508,.T.);
#702=PLANE('',#1509);
#703=FACE_OUTER_BOUND('',#1510,.T.);
#704=FACE_BOUND('',#1511,.T.);
#705=PLANE('',#1512);
#706=FACE_OUTER_BOUND('',#1513,.T.);
#707=FACE_BOUND('',#1514,.T.);
#708=PLANE('',#1515);
#709=FACE_OUTER_BOUND('',#1516,.T.);
#710=FACE_BOUND('',#1517,.T.);
#711=PLANE('',#1518);
#712=FACE_OUTER_BOUND('',#1519,.T.);
#713=PLANE('',#1520);
#714=FACE_OUTER_BOUND('',#1521,.T.);
#715=FACE_BOUND('',#1522,.T.);
#716=FACE_BOUND('',#1523,.T.);
#717=FACE_BOUND('',#1524,.T.);
#718=FACE_BOUND('',#1525,.T.);
#719=FACE_BOUND('',#1526,.T.);
#720=FACE_BOUND('',#1527,.T.);
#721=FACE_BOUND('',#1528,.T.);
#722=FACE_BOUND('',#1529,.T.);
#723=PLANE('',#1530);
#724=FACE_OUTER_BOUND('',#1531,.T.);
#725=PLANE('',#1532);
#726=FACE_OUTER_BOUND('',#1533,.T.);
#727=PLANE('',#1534);
#728=FACE_OUTER_BOUND('',#1535,.T.);
#729=PLANE('',#1536);
#730=FACE_OUTER_BOUND('',#1537,.T.);
#731=PLANE('',#1538);
#732=FACE_OUTER_BOUND('',#1539,.T.);
#733=PLANE('',#1540);
#734=FACE_OUTER_BOUND('',#1541,.T.);
#735=PLANE('',#1542);
#736=FACE_OUTER_BOUND('',#1543,.T.);
#737=PLANE('',#1544);
#738=FACE_OUTER_BOUND('',#1545,.T.);
#739=PLANE('',#1546);
#740=FACE_OUTER_BOUND('',#1547,.T.);
#741=PLANE('',#1548);
#742=FACE_OUTER_BOUND('',#1549,.T.);
#743=PLANE('',#1550);
#744=FACE_OUTER_BOUND('',#1551,.T.);
#745=PLANE('',#1552);
#746=FACE_OUTER_BOUND('',#1553,.T.);
#747=PLANE('',#1554);
#748=FACE_OUTER_BOUND('',#1555,.T.);
#749=PLANE('',#1556);
#750=FACE_OUTER_BOUND('',#1557,.T.);
#751=PLANE('',#1558);
#752=FACE_OUTER_BOUND('',#1559,.T.);
#753=PLANE('',#1560);
#754=FACE_OUTER_BOUND('',#1561,.T.);
#755=PLANE('',#1562);
#756=FACE_OUTER_BOUND('',#1563,.T.);
#757=PLANE('',#1564);
#758=FACE_OUTER_BOUND('',#1565,.T.);
#759=PLANE('',#1566);
#760=FACE_OUTER_BOUND('',#1567,.T.);
#761=PLANE('',#1568);
#762=FACE_OUTER_BOUND('',#1569,.T.);
#763=PLANE('',#1570);
#764=FACE_OUTER_BOUND('',#1571,.T.);
#765=PLANE('',#1572);
#766=FACE_OUTER_BOUND('',#1573,.T.);
#767=PLANE('',#1574);
#768=FACE_OUTER_BOUND('',#1575,.T.);
#769=PLANE('',#1576);
#770=FACE_OUTER_BOUND('',#1577,.T.);
#771=PLANE('',#1578);
#772=FACE_OUTER_BOUND('',#1579,.T.);
#773=PLANE('',#1580);
#774=FACE_OUTER_BOUND('',#1581,.T.);
#775=PLANE('',#1582);
#776=FACE_OUTER_BOUND('',#1583,.T.);
#777=PLANE('',#1584);
#778=FACE_OUTER_BOUND('',#1585,.T.);
#779=PLANE('',#1586);
#780=FACE_OUTER_BOUND('',#1587,.T.);
#781=PLANE('',#1588);
#782=FACE_OUTER_BOUND('',#1589,.T.);
#783=PLANE('',#1590);
#784=FACE_OUTER_BOUND('',#1591,.T.);
#785=PLANE('',#1592);
#786=FACE_OUTER_BOUND('',#1593,.T.);
#787=PLANE('',#1594);
#788=FACE_OUTER_BOUND('',#1595,.T.);
#789=PLANE('',#1596);
#790=FACE_OUTER_BOUND('',#1597,.T.);
#791=PLANE('',#1598);
#792=FACE_OUTER_BOUND('',#1599,.T.);
#793=PLANE('',#1600);
#794=FACE_OUTER_BOUND('',#1601,.T.);
#795=PLANE('',#1602);
#796=FACE_OUTER_BOUND('',#1603,.T.);
#797=PLANE('',#1604);
#798=FACE_OUTER_BOUND('',#1605,.T.);
#799=PLANE('',#1606);
#800=FACE_OUTER_BOUND('',#1607,.T.);
#801=PLANE('',#1608);
#802=FACE_OUTER_BOUND('',#1609,.T.);
#803=PLANE('',#1610);
#804=FACE_OUTER_BOUND('',#1611,.T.);
#805=PLANE('',#1612);
#806=FACE_OUTER_BOUND('',#1613,.T.);
#807=PLANE('',#1614);
#808=FACE_OUTER_BOUND('',#1615,.T.);
#809=PLANE('',#1616);
#810=FACE_OUTER_BOUND('',#1617,.T.);
#811=PLANE('',#1618);
#812=FACE_OUTER_BOUND('',#1619,.T.);
#813=PLANE('',#1620);
#814=FACE_OUTER_BOUND('',#1621,.T.);
#815=PLANE('',#1622);
#816=FACE_OUTER_BOUND('',#1623,.T.);
#817=PLANE('',#1624);
#818=FACE_OUTER_BOUND('',#1625,.T.);
#819=PLANE('',#1626);
#820=FACE_OUTER_BOUND('',#1627,.T.);
#821=PLANE('',#1628);
#822=FACE_OUTER_BOUND('',#1629,.T.);
#823=PLANE('',#1630);
#824=FACE_OUTER_BOUND('',#1631,.T.);
#825=PLANE('',#1632);
#826=FACE_OUTER_BOUND('',#1633,.T.);
#827=PLANE('',#1634);
#828=FACE_OUTER_BOUND('',#1635,.T.);
#829=PLANE('',#1636);
#830=FACE_OUTER_BOUND('',#1637,.T.);
#831=PLANE('',#1638);
#832=FACE_OUTER_BOUND('',#1639,.T.);
#833=PLANE('',#1640);
#834=FACE_OUTER_BOUND('',#1641,.T.);
#835=PLANE('',#1642);
#836=FACE_OUTER_BOUND('',#1643,.T.);
#837=PLANE('',#1644);
#838=FACE_OUTER_BOUND('',#1645,.T.);
#839=PLANE('',#1646);
#840=FACE_OUTER_BOUND('',#1647,.T.);
#841=PLANE('',#1648);
#842=FACE_OUTER_BOUND('',#1649,.T.);
#843=PLANE('',#1650);
#844=FACE_OUTER_BOUND('',#1651,.T.);
#845=PLANE('',#1652);
#846=FACE_OUTER_BOUND('',#1653,.T.);
#847=PLANE('',#1654);
#848=FACE_OUTER_BOUND('',#1655,.T.);
#849=PLANE('',#1656);
#850=FACE_OUTER_BOUND('',#1657,.T.);
#851=PLANE('',#1658);
#852=FACE_OUTER_BOUND('',#1659,.T.);
#853=PLANE('',#1660);
#854=FACE_OUTER_BOUND('',#1661,.T.);
#855=PLANE('',#1662);
#856=FACE_OUTER_BOUND('',#1663,.T.);
#857=PLANE('',#1664);
#858=FACE_OUTER_BOUND('',#1665,.T.);
#859=PLANE('',#1666);
#860=FACE_OUTER_BOUND('',#1667,.T.);
#861=PLANE('',#1668);
#862=FACE_OUTER_BOUND('',#1669,.T.);
#863=PLANE('',#1670);
#864=FACE_OUTER_BOUND('',#1671,.T.);
#865=PLANE('',#1672);
#866=FACE_OUTER_BOUND('',#1673,.T.);
#867=PLANE('',#1674);
#868=FACE_OUTER_BOUND('',#1675,.T.);
#869=PLANE('',#1676);
#870=FACE_OUTER_BOUND('',#1677,.T.);
#871=PLANE('',#1678);
#872=FACE_OUTER_BOUND('',#1679,.T.);
#873=PLANE('',#1680);
#874=FACE_OUTER_BOUND('',#1681,.T.);
#875=PLANE('',#1682);
#876=FACE_OUTER_BOUND('',#1683,.T.);
#877=PLANE('',#1684);
#878=FACE_OUTER_BOUND('',#1685,.T.);
#879=PLANE('',#1686);
#880=FACE_OUTER_BOUND('',#1687,.T.);
#881=PLANE('',#1688);
#882=FACE_OUTER_BOUND('',#1689,.T.);
#883=PLANE('',#1690);
#884=FACE_OUTER_BOUND('',#1691,.T.);
#885=PLANE('',#1692);
#886=FACE_OUTER_BOUND('',#1693,.T.);
#887=PLANE('',#1694);
#888=FACE_OUTER_BOUND('',#1695,.T.);
#889=PLANE('',#1696);
#890=FACE_OUTER_BOUND('',#1697,.T.);
#891=PLANE('',#1698);
#892=FACE_OUTER_BOUND('',#1699,.T.);
#893=PLANE('',#1700);
#894=FACE_OUTER_BOUND('',#1701,.T.);
#895=PLANE('',#1702);
#896=FACE_OUTER_BOUND('',#1703,.T.);
#897=PLANE('',#1704);
#898=FACE_OUTER_BOUND('',#1705,.T.);
#899=PLANE('',#1706);
#900=FACE_OUTER_BOUND('',#1707,.T.);
#901=PLANE('',#1708);
#902=FACE_OUTER_BOUND('',#1709,.T.);
#903=PLANE('',#1710);
#904=FACE_OUTER_BOUND('',#1711,.T.);
#905=PLANE('',#1712);
#906=FACE_OUTER_BOUND('',#1713,.T.);
#907=PLANE('',#1714);
#908=FACE_OUTER_BOUND('',#1715,.T.);
#909=PLANE('',#1716);
#910=FACE_OUTER_BOUND('',#1717,.T.);
#911=PLANE('',#1718);
#912=FACE_OUTER_BOUND('',#1719,.T.);
#913=PLANE('',#1720);
#914=FACE_OUTER_BOUND('',#1721,.T.);
#915=PLANE('',#1722);
#916=FACE_OUTER_BOUND('',#1723,.T.);
#917=PLANE('',#1724);
#918=FACE_OUTER_BOUND('',#1725,.T.);
#919=PLANE('',#1726);
#920=FACE_OUTER_BOUND('',#1727,.T.);
#921=PLANE('',#1728);
#922=FACE_OUTER_BOUND('',#1729,.T.);
#923=PLANE('',#1730);
#924=FACE_OUTER_BOUND('',#1731,.T.);
#925=PLANE('',#1732);
#926=FACE_OUTER_BOUND('',#1733,.T.);
#927=PLANE('',#1734);
#928=FACE_OUTER_BOUND('',#1735,.T.);
#929=PLANE('',#1736);
#930=FACE_OUTER_BOUND('',#1737,.T.);
#931=PLANE('',#1738);
#932=FACE_OUTER_BOUND('',#1739,.T.);
#933=PLANE('',#1740);
#934=FACE_OUTER_BOUND('',#1741,.T.);
#935=PLANE('',#1742);
#936=FACE_OUTER_BOUND('',#1743,.T.);
#937=PLANE('',#1744);
#938=FACE_OUTER_BOUND('',#1745,.T.);
#939=PLANE('',#1746);
#940=FACE_OUTER_BOUND('',#1747,.T.);
#941=PLANE('',#1748);
#942=FACE_OUTER_BOUND('',#1749,.T.);
#943=PLANE('',#1750);
#944=FACE_OUTER_BOUND('',#1751,.T.);
#945=PLANE('',#1752);
#946=FACE_OUTER_BOUND('',#1753,.T.);
#947=PLANE('',#1754);
#948=FACE_OUTER_BOUND('',#1755,.T.);
#949=PLANE('',#1756);
#950=FACE_OUTER_BOUND('',#1757,.T.);
#951=PLANE('',#1758);
#952=FACE_OUTER_BOUND('',#1759,.T.);
#953=PLANE('',#1760);
#954=FACE_OUTER_BOUND('',#1761,.T.);
#955=PLANE('',#1762);
#956=FACE_OUTER_BOUND('',#1763,.T.);
#957=PLANE('',#1764);
#958=FACE_OUTER_BOUND('',#1765,.T.);
#959=PLANE('',#1766);
#960=FACE_OUTER_BOUND('',#1767,.T.);
#961=PLANE('',#1768);
#962=FACE_OUTER_BOUND('',#1769,.T.);
#963=PLANE('',#1770);
#964=FACE_OUTER_BOUND('',#1771,.T.);
#965=PLANE('',#1772);
#966=FACE_OUTER_BOUND('',#1773,.T.);
#967=PLANE('',#1774);
#968=FACE_OUTER_BOUND('',#1775,.T.);
#969=PLANE('',#1776);
#970=FACE_OUTER_BOUND('',#1777,.T.);
#971=PLANE('',#1778);
#972=FACE_OUTER_BOUND('',#1779,.T.);
#973=PLANE('',#1780);
#974=FACE_OUTER_BOUND('',#1781,.T.);
#975=PLANE('',#1782);
#976=FACE_OUTER_BOUND('',#1783,.T.);
#977=PLANE('',#1784);
#978=FACE_OUTER_BOUND('',#1785,.T.);
#979=PLANE('',#1786);
#980=FACE_OUTER_BOUND('',#1787,.T.);
#981=PLANE('',#1788);
#982=FACE_OUTER_BOUND('',#1789,.T.);
#983=PLANE('',#1790);
#984=FACE_OUTER_BOUND('',#1791,.T.);
#985=PLANE('',#1792);
#986=FACE_OUTER_BOUND('',#1793,.T.);
#987=PLANE('',#1794);
#988=FACE_OUTER_BOUND('',#1795,.T.);
#989=PLANE('',#1796);
#990=FACE_OUTER_BOUND('',#1797,.T.);
#991=PLANE('',#1798);
#992=FACE_OUTER_BOUND('',#1799,.T.);
#993=PLANE('',#1800);
#994=FACE_OUTER_BOUND('',#1801,.T.);
#995=PLANE('',#1802);
#996=FACE_OUTER_BOUND('',#1803,.T.);
#997=PLANE('',#1804);
#998=FACE_OUTER_BOUND('',#1805,.T.);
#999=PLANE('',#1806);
#1000=FACE_OUTER_BOUND('',#1807,.T.);
#1001=PLANE('',#1808);
#1002=FACE_OUTER_BOUND('',#1809,.T.);
#1003=PLANE('',#1810);
#1004=FACE_OUTER_BOUND('',#1811,.T.);
#1005=PLANE('',#1812);
#1006=FACE_OUTER_BOUND('',#1813,.T.);
#1007=PLANE('',#1814);
#1008=FACE_OUTER_BOUND('',#1815,.T.);
#1009=PLANE('',#1816);
#1010=FACE_OUTER_BOUND('',#1817,.T.);
#1011=PLANE('',#1818);
#1012=FACE_OUTER_BOUND('',#1819,.T.);
#1013=PLANE('',#1820);
#1014=FACE_OUTER_BOUND('',#1821,.T.);
#1015=PLANE('',#1822);
#1016=FACE_OUTER_BOUND('',#1823,.T.);
#1017=PLANE('',#1824);
#1018=FACE_OUTER_BOUND('',#1825,.T.);
#1019=PLANE('',#1826);
#1020=FACE_OUTER_BOUND('',#1827,.T.);
#1021=PLANE('',#1828);
#1022=FACE_OUTER_BOUND('',#1829,.T.);
#1023=PLANE('',#1830);
#1024=FACE_OUTER_BOUND('',#1831,.T.);
#1025=PLANE('',#1832);
#1026=FACE_OUTER_BOUND('',#1833,.T.);
#1027=PLANE('',#1834);
#1028=FACE_OUTER_BOUND('',#1835,.T.);
#1029=PLANE('',#1836);
#1030=FACE_OUTER_BOUND('',#1837,.T.);
#1031=PLANE('',#1838);
#1032=FACE_OUTER_BOUND('',#1839,.T.);
#1033=PLANE('',#1840);
#1034=FACE_OUTER_BOUND('',#1841,.T.);
#1035=PLANE('',#1842);
#1036=FACE_OUTER_BOUND('',#1843,.T.);
#1037=PLANE('',#1844);
#1038=FACE_OUTER_BOUND('',#1845,.T.);
#1039=PLANE('',#1846);
#1040=FACE_OUTER_BOUND('',#1847,.T.);
#1041=PLANE('',#1848);
#1042=FACE_OUTER_BOUND('',#1849,.T.);
#1043=PLANE('',#1850);
#1044=FACE_OUTER_BOUND('',#1851,.T.);
#1045=PLANE('',#1852);
#1046=FACE_OUTER_BOUND('',#1853,.T.);
#1047=PLANE('',#1854);
#1048=FACE_OUTER_BOUND('',#1855,.T.);
#1049=PLANE('',#1856);
#1050=FACE_OUTER_BOUND('',#1857,.T.);
#1051=PLANE('',#1858);
#1052=FACE_OUTER_BOUND('',#1859,.T.);
#1053=PLANE('',#1860);
#1054=FACE_OUTER_BOUND('',#1861,.T.);
#1055=PLANE('',#1862);
#1056=FACE_OUTER_BOUND('',#1863,.T.);
#1057=PLANE('',#1864);
#1058=FACE_OUTER_BOUND('',#1865,.T.);
#1059=PLANE('',#1866);
#1060=FACE_OUTER_BOUND('',#1867,.T.);
#1061=PLANE('',#1868);
#1062=FACE_OUTER_BOUND('',#1869,.T.);
#1063=PLANE('',#1870);
#1064=FACE_OUTER_BOUND('',#1871,.T.);
#1065=PLANE('',#1872);
#1066=FACE_OUTER_BOUND('',#1873,.T.);
#1067=PLANE('',#1874);
#1068=FACE_OUTER_BOUND('',#1875,.T.);
#1069=PLANE('',#1876);
#1070=FACE_OUTER_BOUND('',#1877,.T.);
#1071=PLANE('',#1878);
#1072=FACE_OUTER_BOUND('',#1879,.T.);
#1073=PLANE('',#1880);
#1074=FACE_OUTER_BOUND('',#1881,.T.);
#1075=PLANE('',#1882);
#1076=FACE_OUTER_BOUND('',#1883,.T.);
#1077=PLANE('',#1884);
#1078=FACE_OUTER_BOUND('',#1885,.T.);
#1079=PLANE('',#1886);
#1080=FACE_OUTER_BOUND('',#1887,.T.);
#1081=PLANE('',#1888);
#1082=FACE_OUTER_BOUND('',#1889,.T.);
#1083=PLANE('',#1890);
#1084=FACE_OUTER_BOUND('',#1891,.T.);
#1085=PLANE('',#1892);
#1086=FACE_OUTER_BOUND('',#1893,.T.);
#1087=PLANE('',#1894);
#1088=FACE_OUTER_BOUND('',#1895,.T.);
#1089=PLANE('',#1896);
#1090=FACE_OUTER_BOUND('',#1897,.T.);
#1091=PLANE('',#1898);
#1092=FACE_OUTER_BOUND('',#1899,.T.);
#1093=PLANE('',#1900);
#1094=FACE_OUTER_BOUND('',#1901,.T.);
#1095=PLANE('',#1902);
#1096=FACE_OUTER_BOUND('',#1903,.T.);
#1097=PLANE('',#1904);
#1098=FACE_OUTER_BOUND('',#1905,.T.);
#1099=PLANE('',#1906);
#1100=FACE_OUTER_BOUND('',#1907,.T.);
#1101=PLANE('',#1908);
#1102=FACE_OUTER_BOUND('',#1909,.T.);
#1103=PLANE('',#1910);
#1104=FACE_OUTER_BOUND('',#1911,.T.);
#1105=PLANE('',#1912);
#1106=FACE_OUTER_BOUND('',#1913,.T.);
#1107=PLANE('',#1914);
#1108=FACE_OUTER_BOUND('',#1915,.T.);
#1109=PLANE('',#1916);
#1110=FACE_OUTER_BOUND('',#1917,.T.);
#1111=PLANE('',#1918);
#1112=FACE_OUTER_BOUND('',#1919,.T.);
#1113=PLANE('',#1920);
#1114=FACE_OUTER_BOUND('',#1921,.T.);
#1115=PLANE('',#1922);
#1116=FACE_OUTER_BOUND('',#1923,.T.);
#1117=PLANE('',#1924);
#1118=FACE_OUTER_BOUND('',#1925,.T.);
#1119=PLANE('',#1926);
#1120=FACE_OUTER_BOUND('',#1927,.T.);
#1121=PLANE('',#1928);
#1122=FACE_OUTER_BOUND('',#1929,.T.);
#1123=PLANE('',#1930);
#1124=FACE_OUTER_BOUND('',#1931,.T.);
#1125=PLANE('',#1932);
#1126=FACE_OUTER_BOUND('',#1933,.T.);
#1127=PLANE('',#1934);
#1128=FACE_OUTER_BOUND('',#1935,.T.);
#1129=PLANE('',#1936);
#1130=FACE_OUTER_BOUND('',#1937,.T.);
#1131=PLANE('',#1938);
#1132=FACE_OUTER_BOUND('',#1939,.T.);
#1133=PLANE('',#1940);
#1134=FACE_OUTER_BOUND('',#1941,.T.);
#1135=PLANE('',#1942);
#1136=FACE_OUTER_BOUND('',#1943,.T.);
#1137=PLANE('',#1944);
#1138=FACE_OUTER_BOUND('',#1945,.T.);
#1139=PLANE('',#1946);
#1140=FACE_OUTER_BOUND('',#1947,.T.);
#1141=PLANE('',#1948);
#1142=FACE_OUTER_BOUND('',#1949,.T.);
#1143=PLANE('',#1950);
#1144=FACE_OUTER_BOUND('',#1951,.T.);
#1145=PLANE('',#1952);
#1146=FACE_OUTER_BOUND('',#1953,.T.);
#1147=PLANE('',#1954);
#1148=FACE_OUTER_BOUND('',#1955,.T.);
#1149=PLANE('',#1956);
#1150=FACE_OUTER_BOUND('',#1957,.T.);
#1151=PLANE('',#1958);
#1152=FACE_OUTER_BOUND('',#1959,.T.);
#1153=PLANE('',#1960);
#1154=FACE_OUTER_BOUND('',#1961,.T.);
#1155=PLANE('',#1962);
#1156=FACE_OUTER_BOUND('',#1963,.T.);
#1157=PLANE('',#1964);
#1158=FACE_OUTER_BOUND('',#1965,.T.);
#1159=PLANE('',#1966);
#1160=FACE_OUTER_BOUND('',#1967,.T.);
#1161=PLANE('',#1968);
#1162=FACE_OUTER_BOUND('',#1969,.T.);
#1163=PLANE('',#1970);
#1164=FACE_OUTER_BOUND('',#1971,.T.);
#1165=PLANE('',#1972);
#1166=FACE_OUTER_BOUND('',#1973,.T.);
#1167=PLANE('',#1974);
#1168=FACE_OUTER_BOUND('',#1975,.T.);
#1169=PLANE('',#1976);
#1170=FACE_OUTER_BOUND('',#1977,.T.);
#1171=PLANE('',#1978);
#1172=FACE_OUTER_BOUND('',#1979,.T.);
#1173=PLANE('',#1980);
#1174=FACE_OUTER_BOUND('',#1981,.T.);
#1175=PLANE('',#1982);
#1176=FACE_OUTER_BOUND('',#1983,.T.);
#1177=PLANE('',#1984);
#1178=FACE_OUTER_BOUND('',#1985,.T.);
#1179=PLANE('',#1986);
#1180=FACE_OUTER_BOUND('',#1987,.T.);
#1181=PLANE('',#1988);
#1182=FACE_OUTER_BOUND('',#1989,.T.);
#1183=PLANE('',#1990);
#1184=FACE_OUTER_BOUND('',#1991,.T.);
#1185=PLANE('',#1992);
#1186=FACE_OUTER_BOUND('',#1993,.T.);
#1187=PLANE('',#1994);
#1188=FACE_OUTER_BOUND('',#1995,.T.);
#1189=PLANE('',#1996);
#1190=FACE_OUTER_BOUND('',#1997,.T.);
#1191=PLANE('',#1998);
#1192=FACE_OUTER_BOUND('',#1999,.T.);
#1193=PLANE('',#2000);
#1194=FACE_OUTER_BOUND('',#2001,.T.);
#1195=PLANE('',#2002);
#1196=FACE_OUTER_BOUND('',#2003,.T.);
#1197=PLANE('',#2004);
#1198=FACE_OUTER_BOUND('',#2005,.T.);
#1199=PLANE('',#2006);
#1200=FACE_OUTER_BOUND('',#2007,.T.);
#1201=PLANE('',#2008);
#1202=FACE_OUTER_BOUND('',#2009,.T.);
#1203=PLANE('',#2010);
#1204=FACE_OUTER_BOUND('',#2011,.T.);
#1205=PLANE('',#2012);
#1206=FACE_OUTER_BOUND('',#2013,.T.);
#1207=PLANE('',#2014);
#1208=FACE_OUTER_BOUND('',#2015,.T.);
#1209=PLANE('',#2016);
#1210=FACE_OUTER_BOUND('',#2017,.T.);
#1211=PLANE('',#2018);
#1212=FACE_OUTER_BOUND('',#2019,.T.);
#1213=PLANE('',#2020);
#1214=FACE_OUTER_BOUND('',#2021,.T.);
#1215=PLANE('',#2022);
#1216=FACE_OUTER_BOUND('',#2023,.T.);
#1217=PLANE('',#2024);
#1218=FACE_OUTER_BOUND('',#2025,.T.);
#1219=PLANE('',#2026);
#1220=FACE_OUTER_BOUND('',#2027,.T.);
#1221=PLANE('',#2028);
#1222=FACE_OUTER_BOUND('',#2029,.T.);
#1223=PLANE('',#2030);
#1224=FACE_OUTER_BOUND('',#2031,.T.);
#1225=PLANE('',#2032);
#1226=FACE_OUTER_BOUND('',#2033,.T.);
#1227=PLANE('',#2034);
#1228=FACE_OUTER_BOUND('',#2035,.T.);
#1229=PLANE('',#2036);
#1230=FACE_OUTER_BOUND('',#2037,.T.);
#1231=PLANE('',#2038);
#1232=FACE_OUTER_BOUND('',#2039,.T.);
#1233=PLANE('',#2040);
#1234=FACE_OUTER_BOUND('',#2041,.T.);
#1235=PLANE('',#2042);
#1236=FACE_OUTER_BOUND('',#2043,.T.);
#1237=PLANE('',#2044);
#1238=FACE_OUTER_BOUND('',#2045,.T.);
#1239=PLANE('',#2046);
#1240=FACE_OUTER_BOUND('',#2047,.T.);
#1241=PLANE('',#2048);
#1242=FACE_OUTER_BOUND('',#2049,.T.);
#1243=PLANE('',#2050);
#1244=FACE_OUTER_BOUND('',#2051,.T.);
#1245=PLANE('',#2052);
#1246=FACE_OUTER_BOUND('',#2053,.T.);
#1247=PLANE('',#2054);
#1248=FACE_OUTER_BOUND('',#2055,.T.);
#1249=PLANE('',#2056);
#1250=FACE_OUTER_BOUND('',#2057,.T.);
#1251=PLANE('',#2058);
#1252=FILL_AREA_STYLE('',(#2059));
#1253=EDGE_LOOP('',(#2060,#2061,#2062,#2063,#2064,#2065,#2066,#2067,#2068,#2069,#2070,#2071,#2072,#2073));
#1254=AXIS2_PLACEMENT_3D('',#2074,#2075,#2076);
#1255=EDGE_LOOP('',(#2077,#2078,#2079,#2080));
#1256=AXIS2_PLACEMENT_3D('',#2081,#2082,#2083);
#1257=EDGE_LOOP('',(#2084,#2085,#2086,#2087));
#1258=AXIS2_PLACEMENT_3D('',#2088,#2089,#2090);
#1259=EDGE_LOOP('',(#2091,#2092,#2093,#2094,#2095,#2096));
#1260=AXIS2_PLACEMENT_3D('',#2097,#2098,#2099);
#1261=EDGE_LOOP('',(#2100,#2101,#2102,#2103,#2104,#2105,#2106,#2107));
#1262=AXIS2_PLACEMENT_3D('',#2108,#2109,#2110);
#1263=EDGE_LOOP('',(#2111,#2112,#2113,#2114));
#1264=AXIS2_PLACEMENT_3D('',#2115,#2116,#2117);
#1265=EDGE_LOOP('',(#2118,#2119,#2120,#2121,#2122,#2123));
#1266=AXIS2_PLACEMENT_3D('',#2124,#2125,#2126);
#1267=EDGE_LOOP('',(#2127,#2128,#2129,#2130,#2131,#2132,#2133,#2134,#2135,#2136,#2137,#2138));
#1268=AXIS2_PLACEMENT_3D('',#2139,#2140,#2141);
#1269=EDGE_LOOP('',(#2142,#2143,#2144,#2145,#2146,#2147,#2148,#2149));
#1270=AXIS2_PLACEMENT_3D('',#2150,#2151,#2152);
#1271=EDGE_LOOP('',(#2153,#2154,#2155,#2156,#2157,#2158,#2159,#2160));
#1272=AXIS2_PLACEMENT_3D('',#2161,#2162,#2163);
#1273=EDGE_LOOP('',(#2164,#2165,#2166,#2167,#2168,#2169));
#1274=AXIS2_PLACEMENT_3D('',#2170,#2171,#2172);
#1275=EDGE_LOOP('',(#2173,#2174,#2175,#2176,#2177,#2178,#2179,#2180));
#1276=AXIS2_PLACEMENT_3D('',#2181,#2182,#2183);
#1277=EDGE_LOOP('',(#2184,#2185,#2186,#2187));
#1278=AXIS2_PLACEMENT_3D('',#2188,#2189,#2190);
#1279=EDGE_LOOP('',(#2191,#2192,#2193,#2194,#2195,#2196));
#1280=AXIS2_PLACEMENT_3D('',#2197,#2198,#2199);
#1281=EDGE_LOOP('',(#2200,#2201,#2202,#2203,#2204,#2205,#2206,#2207,#2208,#2209,#2210,#2211));
#1282=AXIS2_PLACEMENT_3D('',#2212,#2213,#2214);
#1283=EDGE_LOOP('',(#2215,#2216,#2217,#2218));
#1284=AXIS2_PLACEMENT_3D('',#2219,#2220,#2221);
#1285=EDGE_LOOP('',(#2222,#2223,#2224,#2225,#2226,#2227,#2228,#2229,#2230,#2231,#2232,#2233,#2234,#2235));
#1286=EDGE_LOOP('',(#2236,#2237,#2238,#2239,#2240,#2241,#2242));
#1287=AXIS2_PLACEMENT_3D('',#2243,#2244,#2245);
#1288=EDGE_LOOP('',(#2246,#2247,#2248,#2249));
#1289=AXIS2_PLACEMENT_3D('',#2250,#2251,#2252);
#1290=EDGE_LOOP('',(#2253,#2254,#2255,#2256));
#1291=AXIS2_PLACEMENT_3D('',#2257,#2258,#2259);
#1292=EDGE_LOOP('',(#2260,#2261,#2262,#2263));
#1293=AXIS2_PLACEMENT_3D('',#2264,#2265,#2266);
#1294=EDGE_LOOP('',(#2267,#2268,#2269));
#1295=AXIS2_PLACEMENT_3D('',#2270,#2271,#2272);
#1296=EDGE_LOOP('',(#2273,#2274,#2275));
#1297=AXIS2_PLACEMENT_3D('',#2276,#2277,#2278);
#1298=EDGE_LOOP('',(#2279,#2280,#2281,#2282));
#1299=AXIS2_PLACEMENT_3D('',#2283,#2284,#2285);
#1300=EDGE_LOOP('',(#2286,#2287,#2288,#2289,#2290));
#1301=AXIS2_PLACEMENT_3D('',#2291,#2292,#2293);
#1302=EDGE_LOOP('',(#2294,#2295,#2296));
#1303=AXIS2_PLACEMENT_3D('',#2297,#2298,#2299);
#1304=EDGE_LOOP('',(#2300,#2301,#2302));
#1305=AXIS2_PLACEMENT_3D('',#2303,#2304,#2305);
#1306=EDGE_LOOP('',(#2306,#2307,#2308,#2309));
#1307=AXIS2_PLACEMENT_3D('',#2310,#2311,#2312);
#1308=EDGE_LOOP('',(#2313,#2314,#2315,#2316,#2317));
#1309=AXIS2_PLACEMENT_3D('',#2318,#2319,#2320);
#1310=EDGE_LOOP('',(#2321,#2322,#2323,#2324,#2325,#2326,#2327,#2328,#2329,#2330,#2331,#2332,#2333,#2334));
#1311=EDGE_LOOP('',(#2335,#2336,#2337,#2338));
#1312=AXIS2_PLACEMENT_3D('',#2339,#2340,#2341);
#1313=EDGE_LOOP('',(#2342,#2343,#2344,#2345,#2346));
#1314=AXIS2_PLACEMENT_3D('',#2347,#2348,#2349);
#1315=EDGE_LOOP('',(#2350,#2351,#2352,#2353));
#1316=AXIS2_PLACEMENT_3D('',#2354,#2355,#2356);
#1317=EDGE_LOOP('',(#2357,#2358,#2359,#2360,#2361));
#1318=AXIS2_PLACEMENT_3D('',#2362,#2363,#2364);
#1319=EDGE_LOOP('',(#2365,#2366,#2367,#2368));
#1320=AXIS2_PLACEMENT_3D('',#2369,#2370,#2371);
#1321=EDGE_LOOP('',(#2372,#2373,#2374,#2375));
#1322=AXIS2_PLACEMENT_3D('',#2376,#2377,#2378);
#1323=EDGE_LOOP('',(#2379,#2380,#2381,#2382));
#1324=AXIS2_PLACEMENT_3D('',#2383,#2384,#2385);
#1325=EDGE_LOOP('',(#2386,#2387,#2388,#2389));
#1326=AXIS2_PLACEMENT_3D('',#2390,#2391,#2392);
#1327=EDGE_LOOP('',(#2393,#2394,#2395,#2396,#2397,#2398));
#1328=AXIS2_PLACEMENT_3D('',#2399,#2400,#2401);
#1329=EDGE_LOOP('',(#2402,#2403,#2404,#2405,#2406,#2407));
#1330=AXIS2_PLACEMENT_3D('',#2408,#2409,#2410);
#1331=EDGE_LOOP('',(#2411,#2412,#2413,#2414));
#1332=AXIS2_PLACEMENT_3D('',#2415,#2416,#2417);
#1333=EDGE_LOOP('',(#2418,#2419,#2420,#2421));
#1334=AXIS2_PLACEMENT_3D('',#2422,#2423,#2424);
#1335=EDGE_LOOP('',(#2425,#2426,#2427,#2428));
#1336=AXIS2_PLACEMENT_3D('',#2429,#2430,#2431);
#1337=EDGE_LOOP('',(#2432,#2433,#2434,#2435));
#1338=AXIS2_PLACEMENT_3D('',#2436,#2437,#2438);
#1339=EDGE_LOOP('',(#2439,#2440,#2441,#2442,#2443,#2444));
#1340=AXIS2_PLACEMENT_3D('',#2445,#2446,#2447);
#1341=EDGE_LOOP('',(#2448,#2449,#2450,#2451));
#1342=AXIS2_PLACEMENT_3D('',#2452,#2453,#2454);
#1343=EDGE_LOOP('',(#2455,#2456,#2457,#2458,#2459,#2460));
#1344=AXIS2_PLACEMENT_3D('',#2461,#2462,#2463);
#1345=EDGE_LOOP('',(#2464,#2465,#2466,#2467));
#1346=AXIS2_PLACEMENT_3D('',#2468,#2469,#2470);
#1347=EDGE_LOOP('',(#2471,#2472,#2473,#2474));
#1348=AXIS2_PLACEMENT_3D('',#2475,#2476,#2477);
#1349=EDGE_LOOP('',(#2478,#2479,#2480,#2481,#2482,#2483));
#1350=AXIS2_PLACEMENT_3D('',#2484,#2485,#2486);
#1351=EDGE_LOOP('',(#2487,#2488,#2489,#2490));
#1352=AXIS2_PLACEMENT_3D('',#2491,#2492,#2493);
#1353=EDGE_LOOP('',(#2494,#2495,#2496,#2497));
#1354=AXIS2_PLACEMENT_3D('',#2498,#2499,#2500);
#1355=EDGE_LOOP('',(#2501,#2502,#2503,#2504));
#1356=AXIS2_PLACEMENT_3D('',#2505,#2506,#2507);
#1357=EDGE_LOOP('',(#2508,#2509,#2510,#2511));
#1358=AXIS2_PLACEMENT_3D('',#2512,#2513,#2514);
#1359=EDGE_LOOP('',(#2515,#2516,#2517,#2518));
#1360=AXIS2_PLACEMENT_3D('',#2519,#2520,#2521);
#1361=EDGE_LOOP('',(#2522,#2523,#2524,#2525));
#1362=AXIS2_PLACEMENT_3D('',#2526,#2527,#2528);
#1363=EDGE_LOOP('',(#2529,#2530,#2531,#2532));
#1364=AXIS2_PLACEMENT_3D('',#2533,#2534,#2535);
#1365=EDGE_LOOP('',(#2536,#2537,#2538,#2539,#2540,#2541,#2542,#2543,#2544,#2545,#2546,#2547));
#1366=AXIS2_PLACEMENT_3D('',#2548,#2549,#2550);
#1367=EDGE_LOOP('',(#2551,#2552,#2553,#2554,#2555,#2556,#2557,#2558,#2559,#2560,#2561,#2562,#2563,#2564,#2565,#2566,#2567,#2568,#2569,#2570,#2571,#2572,#2573,#2574,#2575,#2576,#2577,#2578,#2579,#2580,#2581,#2582,#2583,#2584,#2585,#2586,#2587,#2588,#2589,#2590,#2591,#2592,#2593,#2594,#2595,#2596,#2597,#2598,#2599,#2600,#2601,#2602,#2603,#2604,#2605,#2606,#2607,#2608,#2609,#2610,#2611,#2612,#2613,#2614,#2615,#2616,#2617,#2618,#2619,#2620,#2621,#2622,#2623,#2624,#2625,#2626,#2627,#2628,#2629,#2630,#2631,#2632,#2633,#2634));
#1368=AXIS2_PLACEMENT_3D('',#2635,#2636,#2637);
#1369=EDGE_LOOP('',(#2638,#2639,#2640,#2641));
#1370=AXIS2_PLACEMENT_3D('',#2642,#2643,#2644);
#1371=EDGE_LOOP('',(#2645,#2646,#2647,#2648));
#1372=AXIS2_PLACEMENT_3D('',#2649,#2650,#2651);
#1373=EDGE_LOOP('',(#2652,#2653,#2654,#2655));
#1374=AXIS2_PLACEMENT_3D('',#2656,#2657,#2658);
#1375=EDGE_LOOP('',(#2659,#2660,#2661,#2662,#2663,#2664));
#1376=AXIS2_PLACEMENT_3D('',#2665,#2666,#2667);
#1377=EDGE_LOOP('',(#2668,#2669,#2670,#2671));
#1378=AXIS2_PLACEMENT_3D('',#2672,#2673,#2674);
#1379=EDGE_LOOP('',(#2675,#2676,#2677,#2678,#2679,#2680));
#1380=AXIS2_PLACEMENT_3D('',#2681,#2682,#2683);
#1381=EDGE_LOOP('',(#2684,#2685,#2686,#2687));
#1382=AXIS2_PLACEMENT_3D('',#2688,#2689,#2690);
#1383=EDGE_LOOP('',(#2691,#2692,#2693,#2694));
#1384=AXIS2_PLACEMENT_3D('',#2695,#2696,#2697);
#1385=EDGE_LOOP('',(#2698,#2699,#2700,#2701,#2702,#2703));
#1386=AXIS2_PLACEMENT_3D('',#2704,#2705,#2706);
#1387=EDGE_LOOP('',(#2707,#2708,#2709,#2710));
#1388=AXIS2_PLACEMENT_3D('',#2711,#2712,#2713);
#1389=EDGE_LOOP('',(#2714,#2715,#2716,#2717,#2718,#2719,#2720,#2721,#2722,#2723,#2724,#2725,#2726,#2727,#2728,#2729,#2730,#2731,#2732,#2733,#2734,#2735,#2736,#2737,#2738,#2739,#2740,#2741,#2742,#2743,#2744,#2745,#2746));
#1390=EDGE_LOOP('',(#2747,#2748,#2749,#2750));
#1391=EDGE_LOOP('',(#2751,#2752,#2753,#2754));
#1392=AXIS2_PLACEMENT_3D('',#2755,#2756,#2757);
#1393=EDGE_LOOP('',(#2758,#2759,#2760,#2761,#2762,#2763,#2764,#2765,#2766,#2767,#2768,#2769,#2770,#2771));
#1394=AXIS2_PLACEMENT_3D('',#2772,#2773,#2774);
#1395=EDGE_LOOP('',(#2775,#2776,#2777,#2778));
#1396=AXIS2_PLACEMENT_3D('',#2779,#2780,#2781);
#1397=EDGE_LOOP('',(#2782,#2783,#2784,#2785));
#1398=AXIS2_PLACEMENT_3D('',#2786,#2787,#2788);
#1399=EDGE_LOOP('',(#2789,#2790,#2791,#2792));
#1400=AXIS2_PLACEMENT_3D('',#2793,#2794,#2795);
#1401=EDGE_LOOP('',(#2796,#2797,#2798,#2799,#2800));
#1402=AXIS2_PLACEMENT_3D('',#2801,#2802,#2803);
#1403=EDGE_LOOP('',(#2804,#2805,#2806,#2807));
#1404=AXIS2_PLACEMENT_3D('',#2808,#2809,#2810);
#1405=EDGE_LOOP('',(#2811,#2812,#2813,#2814));
#1406=AXIS2_PLACEMENT_3D('',#2815,#2816,#2817);
#1407=EDGE_LOOP('',(#2818,#2819,#2820,#2821,#2822));
#1408=AXIS2_PLACEMENT_3D('',#2823,#2824,#2825);
#1409=EDGE_LOOP('',(#2826,#2827,#2828,#2829));
#1410=AXIS2_PLACEMENT_3D('',#2830,#2831,#2832);
#1411=EDGE_LOOP('',(#2833,#2834,#2835,#2836));
#1412=AXIS2_PLACEMENT_3D('',#2837,#2838,#2839);
#1413=EDGE_LOOP('',(#2840,#2841,#2842,#2843));
#1414=AXIS2_PLACEMENT_3D('',#2844,#2845,#2846);
#1415=EDGE_LOOP('',(#2847,#2848,#2849,#2850));
#1416=AXIS2_PLACEMENT_3D('',#2851,#2852,#2853);
#1417=EDGE_LOOP('',(#2854,#2855,#2856,#2857,#2858,#2859));
#1418=AXIS2_PLACEMENT_3D('',#2860,#2861,#2862);
#1419=EDGE_LOOP('',(#2863,#2864,#2865,#2866));
#1420=AXIS2_PLACEMENT_3D('',#2867,#2868,#2869);
#1421=EDGE_LOOP('',(#2870,#2871,#2872,#2873));
#1422=AXIS2_PLACEMENT_3D('',#2874,#2875,#2876);
#1423=EDGE_LOOP('',(#2877,#2878));
#1424=AXIS2_PLACEMENT_3D('',#2879,#2880,#2881);
#1425=EDGE_LOOP('',(#2882,#2883,#2884,#2885,#2886,#2887,#2888,#2889,#2890,#2891,#2892,#2893,#2894,#2895));
#1426=AXIS2_PLACEMENT_3D('',#2896,#2897,#2898);
#1427=EDGE_LOOP('',(#2899,#2900,#2901,#2902,#2903));
#1428=AXIS2_PLACEMENT_3D('',#2904,#2905,#2906);
#1429=EDGE_LOOP('',(#2907,#2908,#2909,#2910));
#1430=AXIS2_PLACEMENT_3D('',#2911,#2912,#2913);
#1431=EDGE_LOOP('',(#2914,#2915,#2916,#2917));
#1432=AXIS2_PLACEMENT_3D('',#2918,#2919,#2920);
#1433=EDGE_LOOP('',(#2921,#2922,#2923,#2924,#2925,#2926));
#1434=AXIS2_PLACEMENT_3D('',#2927,#2928,#2929);
#1435=EDGE_LOOP('',(#2930,#2931,#2932,#2933));
#1436=AXIS2_PLACEMENT_3D('',#2934,#2935,#2936);
#1437=EDGE_LOOP('',(#2937,#2938));
#1438=AXIS2_PLACEMENT_3D('',#2939,#2940,#2941);
#1439=EDGE_LOOP('',(#2942,#2943,#2944,#2945));
#1440=AXIS2_PLACEMENT_3D('',#2946,#2947,#2948);
#1441=EDGE_LOOP('',(#2949,#2950,#2951,#2952));
#1442=AXIS2_PLACEMENT_3D('',#2953,#2954,#2955);
#1443=EDGE_LOOP('',(#2956,#2957,#2958,#2959,#2960));
#1444=AXIS2_PLACEMENT_3D('',#2961,#2962,#2963);
#1445=EDGE_LOOP('',(#2964,#2965,#2966,#2967));
#1446=AXIS2_PLACEMENT_3D('',#2968,#2969,#2970);
#1447=EDGE_LOOP('',(#2971,#2972,#2973,#2974));
#1448=AXIS2_PLACEMENT_3D('',#2975,#2976,#2977);
#1449=EDGE_LOOP('',(#2978,#2979,#2980,#2981));
#1450=AXIS2_PLACEMENT_3D('',#2982,#2983,#2984);
#1451=EDGE_LOOP('',(#2985,#2986,#2987,#2988));
#1452=AXIS2_PLACEMENT_3D('',#2989,#2990,#2991);
#1453=EDGE_LOOP('',(#2992,#2993,#2994,#2995));
#1454=AXIS2_PLACEMENT_3D('',#2996,#2997,#2998);
#1455=EDGE_LOOP('',(#2999,#3000,#3001,#3002,#3003,#3004));
#1456=AXIS2_PLACEMENT_3D('',#3005,#3006,#3007);
#1457=EDGE_LOOP('',(#3008,#3009,#3010,#3011));
#1458=AXIS2_PLACEMENT_3D('',#3012,#3013,#3014);
#1459=EDGE_LOOP('',(#3015,#3016,#3017,#3018,#3019,#3020));
#1460=AXIS2_PLACEMENT_3D('',#3021,#3022,#3023);
#1461=EDGE_LOOP('',(#3024,#3025,#3026,#3027));
#1462=AXIS2_PLACEMENT_3D('',#3028,#3029,#3030);
#1463=EDGE_LOOP('',(#3031,#3032,#3033,#3034));
#1464=AXIS2_PLACEMENT_3D('',#3035,#3036,#3037);
#1465=EDGE_LOOP('',(#3038,#3039,#3040,#3041,#3042,#3043));
#1466=AXIS2_PLACEMENT_3D('',#3044,#3045,#3046);
#1467=EDGE_LOOP('',(#3047,#3048,#3049,#3050));
#1468=AXIS2_PLACEMENT_3D('',#3051,#3052,#3053);
#1469=EDGE_LOOP('',(#3054,#3055,#3056,#3057,#3058,#3059));
#1470=AXIS2_PLACEMENT_3D('',#3060,#3061,#3062);
#1471=EDGE_LOOP('',(#3063,#3064,#3065,#3066));
#1472=AXIS2_PLACEMENT_3D('',#3067,#3068,#3069);
#1473=EDGE_LOOP('',(#3070,#3071,#3072,#3073));
#1474=AXIS2_PLACEMENT_3D('',#3074,#3075,#3076);
#1475=EDGE_LOOP('',(#3077,#3078,#3079,#3080));
#1476=AXIS2_PLACEMENT_3D('',#3081,#3082,#3083);
#1477=EDGE_LOOP('',(#3084,#3085,#3086,#3087));
#1478=AXIS2_PLACEMENT_3D('',#3088,#3089,#3090);
#1479=EDGE_LOOP('',(#3091,#3092,#3093,#3094,#3095,#3096));
#1480=AXIS2_PLACEMENT_3D('',#3097,#3098,#3099);
#1481=EDGE_LOOP('',(#3100,#3101,#3102,#3103));
#1482=AXIS2_PLACEMENT_3D('',#3104,#3105,#3106);
#1483=EDGE_LOOP('',(#3107,#3108,#3109,#3110));
#1484=AXIS2_PLACEMENT_3D('',#3111,#3112,#3113);
#1485=EDGE_LOOP('',(#3114,#3115,#3116,#3117));
#1486=AXIS2_PLACEMENT_3D('',#3118,#3119,#3120);
#1487=EDGE_LOOP('',(#3121,#3122,#3123,#3124));
#1488=AXIS2_PLACEMENT_3D('',#3125,#3126,#3127);
#1489=EDGE_LOOP('',(#3128,#3129,#3130,#3131));
#1490=AXIS2_PLACEMENT_3D('',#3132,#3133,#3134);
#1491=EDGE_LOOP('',(#3135,#3136,#3137,#3138));
#1492=AXIS2_PLACEMENT_3D('',#3139,#3140,#3141);
#1493=EDGE_LOOP('',(#3142,#3143,#3144,#3145));
#1494=AXIS2_PLACEMENT_3D('',#3146,#3147,#3148);
#1495=EDGE_LOOP('',(#3149,#3150,#3151,#3152,#3153));
#1496=EDGE_LOOP('',(#3154,#3155,#3156,#3157));
#1497=AXIS2_PLACEMENT_3D('',#3158,#3159,#3160);
#1498=EDGE_LOOP('',(#3161,#3162,#3163,#3164,#3165));
#1499=EDGE_LOOP('',(#3166,#3167,#3168,#3169));
#1500=AXIS2_PLACEMENT_3D('',#3170,#3171,#3172);
#1501=EDGE_LOOP('',(#3173,#3174,#3175,#3176,#3177));
#1502=EDGE_LOOP('',(#3178,#3179,#3180,#3181));
#1503=AXIS2_PLACEMENT_3D('',#3182,#3183,#3184);
#1504=EDGE_LOOP('',(#3185,#3186,#3187,#3188,#3189));
#1505=EDGE_LOOP('',(#3190,#3191,#3192,#3193));
#1506=AXIS2_PLACEMENT_3D('',#3194,#3195,#3196);
#1507=EDGE_LOOP('',(#3197,#3198,#3199,#3200,#3201));
#1508=EDGE_LOOP('',(#3202,#3203,#3204,#3205));
#1509=AXIS2_PLACEMENT_3D('',#3206,#3207,#3208);
#1510=EDGE_LOOP('',(#3209,#3210,#3211,#3212,#3213));
#1511=EDGE_LOOP('',(#3214,#3215,#3216,#3217));
#1512=AXIS2_PLACEMENT_3D('',#3218,#3219,#3220);
#1513=EDGE_LOOP('',(#3221,#3222,#3223,#3224,#3225));
#1514=EDGE_LOOP('',(#3226,#3227,#3228,#3229));
#1515=AXIS2_PLACEMENT_3D('',#3230,#3231,#3232);
#1516=EDGE_LOOP('',(#3233,#3234,#3235,#3236));
#1517=EDGE_LOOP('',(#3237,#3238,#3239,#3240));
#1518=AXIS2_PLACEMENT_3D('',#3241,#3242,#3243);
#1519=EDGE_LOOP('',(#3244,#3245,#3246,#3247));
#1520=AXIS2_PLACEMENT_3D('',#3248,#3249,#3250);
#1521=EDGE_LOOP('',(#3251,#3252,#3253,#3254,#3255,#3256,#3257,#3258));
#1522=EDGE_LOOP('',(#3259,#3260,#3261,#3262,#3263));
#1523=EDGE_LOOP('',(#3264,#3265,#3266,#3267,#3268));
#1524=EDGE_LOOP('',(#3269,#3270,#3271,#3272,#3273));
#1525=EDGE_LOOP('',(#3274,#3275,#3276,#3277));
#1526=EDGE_LOOP('',(#3278,#3279,#3280,#3281,#3282));
#1527=EDGE_LOOP('',(#3283,#3284,#3285,#3286,#3287));
#1528=EDGE_LOOP('',(#3288,#3289,#3290,#3291,#3292));
#1529=EDGE_LOOP('',(#3293,#3294,#3295,#3296,#3297));
#1530=AXIS2_PLACEMENT_3D('',#3298,#3299,#3300);
#1531=EDGE_LOOP('',(#3301,#3302,#3303,#3304));
#1532=AXIS2_PLACEMENT_3D('',#3305,#3306,#3307);
#1533=EDGE_LOOP('',(#3308,#3309,#3310,#3311));
#1534=AXIS2_PLACEMENT_3D('',#3312,#3313,#3314);
#1535=EDGE_LOOP('',(#3315,#3316,#3317,#3318));
#1536=AXIS2_PLACEMENT_3D('',#3319,#3320,#3321);
#1537=EDGE_LOOP('',(#3322,#3323,#3324,#3325));
#1538=AXIS2_PLACEMENT_3D('',#3326,#3327,#3328);
#1539=EDGE_LOOP('',(#3329,#3330,#3331,#3332));
#1540=AXIS2_PLACEMENT_3D('',#3333,#3334,#3335);
#1541=EDGE_LOOP('',(#3336,#3337,#3338,#3339));
#1542=AXIS2_PLACEMENT_3D('',#3340,#3341,#3342);
#1543=EDGE_LOOP('',(#3343,#3344,#3345,#3346));
#1544=AXIS2_PLACEMENT_3D('',#3347,#3348,#3349);
#1545=EDGE_LOOP('',(#3350,#3351,#3352,#3353));
#1546=AXIS2_PLACEMENT_3D('',#3354,#3355,#3356);
#1547=EDGE_LOOP('',(#3357,#3358,#3359,#3360));
#1548=AXIS2_PLACEMENT_3D('',#3361,#3362,#3363);
#1549=EDGE_LOOP('',(#3364,#3365,#3366,#3367));
#1550=AXIS2_PLACEMENT_3D('',#3368,#3369,#3370);
#1551=EDGE_LOOP('',(#3371,#3372,#3373,#3374));
#1552=AXIS2_PLACEMENT_3D('',#3375,#3376,#3377);
#1553=EDGE_LOOP('',(#3378,#3379,#3380,#3381));
#1554=AXIS2_PLACEMENT_3D('',#3382,#3383,#3384);
#1555=EDGE_LOOP('',(#3385,#3386,#3387,#3388));
#1556=AXIS2_PLACEMENT_3D('',#3389,#3390,#3391);
#1557=EDGE_LOOP('',(#3392,#3393,#3394,#3395));
#1558=AXIS2_PLACEMENT_3D('',#3396,#3397,#3398);
#1559=EDGE_LOOP('',(#3399,#3400,#3401,#3402));
#1560=AXIS2_PLACEMENT_3D('',#3403,#3404,#3405);
#1561=EDGE_LOOP('',(#3406,#3407,#3408,#3409));
#1562=AXIS2_PLACEMENT_3D('',#3410,#3411,#3412);
#1563=EDGE_LOOP('',(#3413,#3414,#3415,#3416));
#1564=AXIS2_PLACEMENT_3D('',#3417,#3418,#3419);
#1565=EDGE_LOOP('',(#3420,#3421,#3422,#3423));
#1566=AXIS2_PLACEMENT_3D('',#3424,#3425,#3426);
#1567=EDGE_LOOP('',(#3427,#3428,#3429,#3430));
#1568=AXIS2_PLACEMENT_3D('',#3431,#3432,#3433);
#1569=EDGE_LOOP('',(#3434,#3435,#3436,#3437));
#1570=AXIS2_PLACEMENT_3D('',#3438,#3439,#3440);
#1571=EDGE_LOOP('',(#3441,#3442,#3443,#3444));
#1572=AXIS2_PLACEMENT_3D('',#3445,#3446,#3447);
#1573=EDGE_LOOP('',(#3448,#3449,#3450,#3451));
#1574=AXIS2_PLACEMENT_3D('',#3452,#3453,#3454);
#1575=EDGE_LOOP('',(#3455,#3456,#3457,#3458));
#1576=AXIS2_PLACEMENT_3D('',#3459,#3460,#3461);
#1577=EDGE_LOOP('',(#3462,#3463,#3464,#3465));
#1578=AXIS2_PLACEMENT_3D('',#3466,#3467,#3468);
#1579=EDGE_LOOP('',(#3469,#3470,#3471,#3472));
#1580=AXIS2_PLACEMENT_3D('',#3473,#3474,#3475);
#1581=EDGE_LOOP('',(#3476,#3477,#3478,#3479));
#1582=AXIS2_PLACEMENT_3D('',#3480,#3481,#3482);
#1583=EDGE_LOOP('',(#3483,#3484,#3485,#3486));
#1584=AXIS2_PLACEMENT_3D('',#3487,#3488,#3489);
#1585=EDGE_LOOP('',(#3490,#3491,#3492,#3493));
#1586=AXIS2_PLACEMENT_3D('',#3494,#3495,#3496);
#1587=EDGE_LOOP('',(#3497,#3498,#3499,#3500));
#1588=AXIS2_PLACEMENT_3D('',#3501,#3502,#3503);
#1589=EDGE_LOOP('',(#3504,#3505,#3506,#3507));
#1590=AXIS2_PLACEMENT_3D('',#3508,#3509,#3510);
#1591=EDGE_LOOP('',(#3511,#3512,#3513,#3514));
#1592=AXIS2_PLACEMENT_3D('',#3515,#3516,#3517);
#1593=EDGE_LOOP('',(#3518,#3519,#3520,#3521));
#1594=AXIS2_PLACEMENT_3D('',#3522,#3523,#3524);
#1595=EDGE_LOOP('',(#3525,#3526,#3527,#3528));
#1596=AXIS2_PLACEMENT_3D('',#3529,#3530,#3531);
#1597=EDGE_LOOP('',(#3532,#3533,#3534,#3535));
#1598=AXIS2_PLACEMENT_3D('',#3536,#3537,#3538);
#1599=EDGE_LOOP('',(#3539,#3540,#3541,#3542));
#1600=AXIS2_PLACEMENT_3D('',#3543,#3544,#3545);
#1601=EDGE_LOOP('',(#3546,#3547,#3548,#3549));
#1602=AXIS2_PLACEMENT_3D('',#3550,#3551,#3552);
#1603=EDGE_LOOP('',(#3553,#3554,#3555,#3556));
#1604=AXIS2_PLACEMENT_3D('',#3557,#3558,#3559);
#1605=EDGE_LOOP('',(#3560,#3561,#3562,#3563));
#1606=AXIS2_PLACEMENT_3D('',#3564,#3565,#3566);
#1607=EDGE_LOOP('',(#3567,#3568,#3569,#3570));
#1608=AXIS2_PLACEMENT_3D('',#3571,#3572,#3573);
#1609=EDGE_LOOP('',(#3574,#3575,#3576,#3577));
#1610=AXIS2_PLACEMENT_3D('',#3578,#3579,#3580);
#1611=EDGE_LOOP('',(#3581,#3582,#3583,#3584));
#1612=AXIS2_PLACEMENT_3D('',#3585,#3586,#3587);
#1613=EDGE_LOOP('',(#3588,#3589,#3590,#3591,#3592,#3593));
#1614=AXIS2_PLACEMENT_3D('',#3594,#3595,#3596);
#1615=EDGE_LOOP('',(#3597,#3598,#3599,#3600));
#1616=AXIS2_PLACEMENT_3D('',#3601,#3602,#3603);
#1617=EDGE_LOOP('',(#3604,#3605,#3606,#3607,#3608,#3609));
#1618=AXIS2_PLACEMENT_3D('',#3610,#3611,#3612);
#1619=EDGE_LOOP('',(#3613,#3614,#3615,#3616));
#1620=AXIS2_PLACEMENT_3D('',#3617,#3618,#3619);
#1621=EDGE_LOOP('',(#3620,#3621,#3622,#3623));
#1622=AXIS2_PLACEMENT_3D('',#3624,#3625,#3626);
#1623=EDGE_LOOP('',(#3627,#3628,#3629,#3630));
#1624=AXIS2_PLACEMENT_3D('',#3631,#3632,#3633);
#1625=EDGE_LOOP('',(#3634,#3635,#3636,#3637));
#1626=AXIS2_PLACEMENT_3D('',#3638,#3639,#3640);
#1627=EDGE_LOOP('',(#3641,#3642,#3643,#3644,#3645,#3646));
#1628=AXIS2_PLACEMENT_3D('',#3647,#3648,#3649);
#1629=EDGE_LOOP('',(#3650,#3651,#3652,#3653));
#1630=AXIS2_PLACEMENT_3D('',#3654,#3655,#3656);
#1631=EDGE_LOOP('',(#3657,#3658,#3659,#3660));
#1632=AXIS2_PLACEMENT_3D('',#3661,#3662,#3663);
#1633=EDGE_LOOP('',(#3664,#3665,#3666,#3667,#3668,#3669,#3670,#3671,#3672,#3673,#3674,#3675,#3676,#3677,#3678,#3679,#3680,#3681,#3682,#3683));
#1634=AXIS2_PLACEMENT_3D('',#3684,#3685,#3686);
#1635=EDGE_LOOP('',(#3687,#3688,#3689,#3690));
#1636=AXIS2_PLACEMENT_3D('',#3691,#3692,#3693);
#1637=EDGE_LOOP('',(#3694,#3695,#3696,#3697));
#1638=AXIS2_PLACEMENT_3D('',#3698,#3699,#3700);
#1639=EDGE_LOOP('',(#3701,#3702,#3703,#3704,#3705,#3706));
#1640=AXIS2_PLACEMENT_3D('',#3707,#3708,#3709);
#1641=EDGE_LOOP('',(#3710,#3711,#3712,#3713));
#1642=AXIS2_PLACEMENT_3D('',#3714,#3715,#3716);
#1643=EDGE_LOOP('',(#3717,#3718,#3719,#3720));
#1644=AXIS2_PLACEMENT_3D('',#3721,#3722,#3723);
#1645=EDGE_LOOP('',(#3724,#3725,#3726,#3727));
#1646=AXIS2_PLACEMENT_3D('',#3728,#3729,#3730);
#1647=EDGE_LOOP('',(#3731,#3732,#3733,#3734));
#1648=AXIS2_PLACEMENT_3D('',#3735,#3736,#3737);
#1649=EDGE_LOOP('',(#3738,#3739,#3740,#3741));
#1650=AXIS2_PLACEMENT_3D('',#3742,#3743,#3744);
#1651=EDGE_LOOP('',(#3745,#3746,#3747,#3748));
#1652=AXIS2_PLACEMENT_3D('',#3749,#3750,#3751);
#1653=EDGE_LOOP('',(#3752,#3753,#3754,#3755,#3756,#3757));
#1654=AXIS2_PLACEMENT_3D('',#3758,#3759,#3760);
#1655=EDGE_LOOP('',(#3761,#3762,#3763,#3764));
#1656=AXIS2_PLACEMENT_3D('',#3765,#3766,#3767);
#1657=EDGE_LOOP('',(#3768,#3769,#3770,#3771));
#1658=AXIS2_PLACEMENT_3D('',#3772,#3773,#3774);
#1659=EDGE_LOOP('',(#3775,#3776,#3777,#3778));
#1660=AXIS2_PLACEMENT_3D('',#3779,#3780,#3781);
#1661=EDGE_LOOP('',(#3782,#3783,#3784,#3785,#3786,#3787));
#1662=AXIS2_PLACEMENT_3D('',#3788,#3789,#3790);
#1663=EDGE_LOOP('',(#3791,#3792,#3793,#3794));
#1664=AXIS2_PLACEMENT_3D('',#3795,#3796,#3797);
#1665=EDGE_LOOP('',(#3798,#3799,#3800,#3801,#3802,#3803));
#1666=AXIS2_PLACEMENT_3D('',#3804,#3805,#3806);
#1667=EDGE_LOOP('',(#3807,#3808,#3809,#3810));
#1668=AXIS2_PLACEMENT_3D('',#3811,#3812,#3813);
#1669=EDGE_LOOP('',(#3814,#3815,#3816,#3817));
#1670=AXIS2_PLACEMENT_3D('',#3818,#3819,#3820);
#1671=EDGE_LOOP('',(#3821,#3822,#3823,#3824));
#1672=AXIS2_PLACEMENT_3D('',#3825,#3826,#3827);
#1673=EDGE_LOOP('',(#3828,#3829,#3830,#3831));
#1674=AXIS2_PLACEMENT_3D('',#3832,#3833,#3834);
#1675=EDGE_LOOP('',(#3835,#3836,#3837,#3838));
#1676=AXIS2_PLACEMENT_3D('',#3839,#3840,#3841);
#1677=EDGE_LOOP('',(#3842,#3843,#3844,#3845));
#1678=AXIS2_PLACEMENT_3D('',#3846,#3847,#3848);
#1679=EDGE_LOOP('',(#3849,#3850,#3851,#3852));
#1680=AXIS2_PLACEMENT_3D('',#3853,#3854,#3855);
#1681=EDGE_LOOP('',(#3856,#3857,#3858,#3859));
#1682=AXIS2_PLACEMENT_3D('',#3860,#3861,#3862);
#1683=EDGE_LOOP('',(#3863,#3864,#3865,#3866));
#1684=AXIS2_PLACEMENT_3D('',#3867,#3868,#3869);
#1685=EDGE_LOOP('',(#3870,#3871,#3872,#3873));
#1686=AXIS2_PLACEMENT_3D('',#3874,#3875,#3876);
#1687=EDGE_LOOP('',(#3877,#3878,#3879,#3880));
#1688=AXIS2_PLACEMENT_3D('',#3881,#3882,#3883);
#1689=EDGE_LOOP('',(#3884,#3885,#3886,#3887));
#1690=AXIS2_PLACEMENT_3D('',#3888,#3889,#3890);
#1691=EDGE_LOOP('',(#3891,#3892,#3893,#3894));
#1692=AXIS2_PLACEMENT_3D('',#3895,#3896,#3897);
#1693=EDGE_LOOP('',(#3898,#3899,#3900,#3901));
#1694=AXIS2_PLACEMENT_3D('',#3902,#3903,#3904);
#1695=EDGE_LOOP('',(#3905,#3906,#3907,#3908));
#1696=AXIS2_PLACEMENT_3D('',#3909,#3910,#3911);
#1697=EDGE_LOOP('',(#3912,#3913,#3914,#3915));
#1698=AXIS2_PLACEMENT_3D('',#3916,#3917,#3918);
#1699=EDGE_LOOP('',(#3919,#3920,#3921,#3922));
#1700=AXIS2_PLACEMENT_3D('',#3923,#3924,#3925);
#1701=EDGE_LOOP('',(#3926,#3927,#3928,#3929,#3930,#3931));
#1702=AXIS2_PLACEMENT_3D('',#3932,#3933,#3934);
#1703=EDGE_LOOP('',(#3935,#3936,#3937,#3938));
#1704=AXIS2_PLACEMENT_3D('',#3939,#3940,#3941);
#1705=EDGE_LOOP('',(#3942,#3943,#3944,#3945));
#1706=AXIS2_PLACEMENT_3D('',#3946,#3947,#3948);
#1707=EDGE_LOOP('',(#3949,#3950,#3951,#3952));
#1708=AXIS2_PLACEMENT_3D('',#3953,#3954,#3955);
#1709=EDGE_LOOP('',(#3956,#3957,#3958,#3959));
#1710=AXIS2_PLACEMENT_3D('',#3960,#3961,#3962);
#1711=EDGE_LOOP('',(#3963,#3964,#3965,#3966));
#1712=AXIS2_PLACEMENT_3D('',#3967,#3968,#3969);
#1713=EDGE_LOOP('',(#3970,#3971,#3972,#3973));
#1714=AXIS2_PLACEMENT_3D('',#3974,#3975,#3976);
#1715=EDGE_LOOP('',(#3977,#3978,#3979,#3980));
#1716=AXIS2_PLACEMENT_3D('',#3981,#3982,#3983);
#1717=EDGE_LOOP('',(#3984,#3985,#3986,#3987));
#1718=AXIS2_PLACEMENT_3D('',#3988,#3989,#3990);
#1719=EDGE_LOOP('',(#3991,#3992,#3993,#3994));
#1720=AXIS2_PLACEMENT_3D('',#3995,#3996,#3997);
#1721=EDGE_LOOP('',(#3998,#3999,#4000,#4001));
#1722=AXIS2_PLACEMENT_3D('',#4002,#4003,#4004);
#1723=EDGE_LOOP('',(#4005,#4006,#4007,#4008));
#1724=AXIS2_PLACEMENT_3D('',#4009,#4010,#4011);
#1725=EDGE_LOOP('',(#4012,#4013,#4014,#4015));
#1726=AXIS2_PLACEMENT_3D('',#4016,#4017,#4018);
#1727=EDGE_LOOP('',(#4019,#4020,#4021,#4022));
#1728=AXIS2_PLACEMENT_3D('',#4023,#4024,#4025);
#1729=EDGE_LOOP('',(#4026,#4027,#4028,#4029));
#1730=AXIS2_PLACEMENT_3D('',#4030,#4031,#4032);
#1731=EDGE_LOOP('',(#4033,#4034,#4035,#4036));
#1732=AXIS2_PLACEMENT_3D('',#4037,#4038,#4039);
#1733=EDGE_LOOP('',(#4040,#4041,#4042,#4043));
#1734=AXIS2_PLACEMENT_3D('',#4044,#4045,#4046);
#1735=EDGE_LOOP('',(#4047,#4048,#4049,#4050));
#1736=AXIS2_PLACEMENT_3D('',#4051,#4052,#4053);
#1737=EDGE_LOOP('',(#4054,#4055,#4056,#4057,#4058,#4059));
#1738=AXIS2_PLACEMENT_3D('',#4060,#4061,#4062);
#1739=EDGE_LOOP('',(#4063,#4064,#4065,#4066));
#1740=AXIS2_PLACEMENT_3D('',#4067,#4068,#4069);
#1741=EDGE_LOOP('',(#4070,#4071,#4072,#4073,#4074,#4075));
#1742=AXIS2_PLACEMENT_3D('',#4076,#4077,#4078);
#1743=EDGE_LOOP('',(#4079,#4080,#4081,#4082));
#1744=AXIS2_PLACEMENT_3D('',#4083,#4084,#4085);
#1745=EDGE_LOOP('',(#4086,#4087,#4088,#4089));
#1746=AXIS2_PLACEMENT_3D('',#4090,#4091,#4092);
#1747=EDGE_LOOP('',(#4093,#4094,#4095,#4096));
#1748=AXIS2_PLACEMENT_3D('',#4097,#4098,#4099);
#1749=EDGE_LOOP('',(#4100,#4101,#4102,#4103,#4104,#4105));
#1750=AXIS2_PLACEMENT_3D('',#4106,#4107,#4108);
#1751=EDGE_LOOP('',(#4109,#4110,#4111,#4112));
#1752=AXIS2_PLACEMENT_3D('',#4113,#4114,#4115);
#1753=EDGE_LOOP('',(#4116,#4117,#4118,#4119,#4120,#4121));
#1754=AXIS2_PLACEMENT_3D('',#4122,#4123,#4124);
#1755=EDGE_LOOP('',(#4125,#4126,#4127,#4128));
#1756=AXIS2_PLACEMENT_3D('',#4129,#4130,#4131);
#1757=EDGE_LOOP('',(#4132,#4133,#4134,#4135));
#1758=AXIS2_PLACEMENT_3D('',#4136,#4137,#4138);
#1759=EDGE_LOOP('',(#4139,#4140,#4141,#4142));
#1760=AXIS2_PLACEMENT_3D('',#4143,#4144,#4145);
#1761=EDGE_LOOP('',(#4146,#4147,#4148,#4149));
#1762=AXIS2_PLACEMENT_3D('',#4150,#4151,#4152);
#1763=EDGE_LOOP('',(#4153,#4154,#4155,#4156));
#1764=AXIS2_PLACEMENT_3D('',#4157,#4158,#4159);
#1765=EDGE_LOOP('',(#4160,#4161,#4162,#4163,#4164,#4165));
#1766=AXIS2_PLACEMENT_3D('',#4166,#4167,#4168);
#1767=EDGE_LOOP('',(#4169,#4170,#4171,#4172));
#1768=AXIS2_PLACEMENT_3D('',#4173,#4174,#4175);
#1769=EDGE_LOOP('',(#4176,#4177,#4178,#4179));
#1770=AXIS2_PLACEMENT_3D('',#4180,#4181,#4182);
#1771=EDGE_LOOP('',(#4183,#4184,#4185,#4186));
#1772=AXIS2_PLACEMENT_3D('',#4187,#4188,#4189);
#1773=EDGE_LOOP('',(#4190,#4191,#4192,#4193));
#1774=AXIS2_PLACEMENT_3D('',#4194,#4195,#4196);
#1775=EDGE_LOOP('',(#4197,#4198,#4199,#4200));
#1776=AXIS2_PLACEMENT_3D('',#4201,#4202,#4203);
#1777=EDGE_LOOP('',(#4204,#4205,#4206,#4207));
#1778=AXIS2_PLACEMENT_3D('',#4208,#4209,#4210);
#1779=EDGE_LOOP('',(#4211,#4212,#4213,#4214));
#1780=AXIS2_PLACEMENT_3D('',#4215,#4216,#4217);
#1781=EDGE_LOOP('',(#4218,#4219,#4220,#4221));
#1782=AXIS2_PLACEMENT_3D('',#4222,#4223,#4224);
#1783=EDGE_LOOP('',(#4225,#4226,#4227,#4228));
#1784=AXIS2_PLACEMENT_3D('',#4229,#4230,#4231);
#1785=EDGE_LOOP('',(#4232,#4233,#4234,#4235));
#1786=AXIS2_PLACEMENT_3D('',#4236,#4237,#4238);
#1787=EDGE_LOOP('',(#4239,#4240,#4241,#4242));
#1788=AXIS2_PLACEMENT_3D('',#4243,#4244,#4245);
#1789=EDGE_LOOP('',(#4246,#4247,#4248,#4249,#4250,#4251));
#1790=AXIS2_PLACEMENT_3D('',#4252,#4253,#4254);
#1791=EDGE_LOOP('',(#4255,#4256,#4257,#4258));
#1792=AXIS2_PLACEMENT_3D('',#4259,#4260,#4261);
#1793=EDGE_LOOP('',(#4262,#4263,#4264,#4265));
#1794=AXIS2_PLACEMENT_3D('',#4266,#4267,#4268);
#1795=EDGE_LOOP('',(#4269,#4270,#4271,#4272));
#1796=AXIS2_PLACEMENT_3D('',#4273,#4274,#4275);
#1797=EDGE_LOOP('',(#4276,#4277,#4278,#4279));
#1798=AXIS2_PLACEMENT_3D('',#4280,#4281,#4282);
#1799=EDGE_LOOP('',(#4283,#4284,#4285,#4286));
#1800=AXIS2_PLACEMENT_3D('',#4287,#4288,#4289);
#1801=EDGE_LOOP('',(#4290,#4291,#4292,#4293));
#1802=AXIS2_PLACEMENT_3D('',#4294,#4295,#4296);
#1803=EDGE_LOOP('',(#4297,#4298,#4299,#4300));
#1804=AXIS2_PLACEMENT_3D('',#4301,#4302,#4303);
#1805=EDGE_LOOP('',(#4304,#4305,#4306,#4307));
#1806=AXIS2_PLACEMENT_3D('',#4308,#4309,#4310);
#1807=EDGE_LOOP('',(#4311,#4312,#4313,#4314));
#1808=AXIS2_PLACEMENT_3D('',#4315,#4316,#4317);
#1809=EDGE_LOOP('',(#4318,#4319,#4320,#4321));
#1810=AXIS2_PLACEMENT_3D('',#4322,#4323,#4324);
#1811=EDGE_LOOP('',(#4325,#4326,#4327,#4328));
#1812=AXIS2_PLACEMENT_3D('',#4329,#4330,#4331);
#1813=EDGE_LOOP('',(#4332,#4333,#4334,#4335));
#1814=AXIS2_PLACEMENT_3D('',#4336,#4337,#4338);
#1815=EDGE_LOOP('',(#4339,#4340,#4341,#4342));
#1816=AXIS2_PLACEMENT_3D('',#4343,#4344,#4345);
#1817=EDGE_LOOP('',(#4346,#4347,#4348,#4349,#4350,#4351));
#1818=AXIS2_PLACEMENT_3D('',#4352,#4353,#4354);
#1819=EDGE_LOOP('',(#4355,#4356,#4357,#4358));
#1820=AXIS2_PLACEMENT_3D('',#4359,#4360,#4361);
#1821=EDGE_LOOP('',(#4362,#4363,#4364,#4365));
#1822=AXIS2_PLACEMENT_3D('',#4366,#4367,#4368);
#1823=EDGE_LOOP('',(#4369,#4370,#4371,#4372));
#1824=AXIS2_PLACEMENT_3D('',#4373,#4374,#4375);
#1825=EDGE_LOOP('',(#4376,#4377,#4378,#4379));
#1826=AXIS2_PLACEMENT_3D('',#4380,#4381,#4382);
#1827=EDGE_LOOP('',(#4383,#4384,#4385,#4386,#4387,#4388));
#1828=AXIS2_PLACEMENT_3D('',#4389,#4390,#4391);
#1829=EDGE_LOOP('',(#4392,#4393,#4394,#4395,#4396,#4397));
#1830=AXIS2_PLACEMENT_3D('',#4398,#4399,#4400);
#1831=EDGE_LOOP('',(#4401,#4402,#4403,#4404,#4405,#4406));
#1832=AXIS2_PLACEMENT_3D('',#4407,#4408,#4409);
#1833=EDGE_LOOP('',(#4410,#4411,#4412,#4413,#4414));
#1834=AXIS2_PLACEMENT_3D('',#4415,#4416,#4417);
#1835=EDGE_LOOP('',(#4418,#4419,#4420,#4421));
#1836=AXIS2_PLACEMENT_3D('',#4422,#4423,#4424);
#1837=EDGE_LOOP('',(#4425,#4426,#4427,#4428,#4429));
#1838=AXIS2_PLACEMENT_3D('',#4430,#4431,#4432);
#1839=EDGE_LOOP('',(#4433,#4434,#4435,#4436));
#1840=AXIS2_PLACEMENT_3D('',#4437,#4438,#4439);
#1841=EDGE_LOOP('',(#4440,#4441,#4442,#4443));
#1842=AXIS2_PLACEMENT_3D('',#4444,#4445,#4446);
#1843=EDGE_LOOP('',(#4447,#4448,#4449,#4450,#4451));
#1844=AXIS2_PLACEMENT_3D('',#4452,#4453,#4454);
#1845=EDGE_LOOP('',(#4455,#4456,#4457,#4458));
#1846=AXIS2_PLACEMENT_3D('',#4459,#4460,#4461);
#1847=EDGE_LOOP('',(#4462,#4463,#4464,#4465,#4466));
#1848=AXIS2_PLACEMENT_3D('',#4467,#4468,#4469);
#1849=EDGE_LOOP('',(#4470,#4471,#4472,#4473));
#1850=AXIS2_PLACEMENT_3D('',#4474,#4475,#4476);
#1851=EDGE_LOOP('',(#4477,#4478,#4479,#4480));
#1852=AXIS2_PLACEMENT_3D('',#4481,#4482,#4483);
#1853=EDGE_LOOP('',(#4484,#4485,#4486,#4487,#4488,#4489,#4490,#4491,#4492,#4493,#4494,#4495));
#1854=AXIS2_PLACEMENT_3D('',#4496,#4497,#4498);
#1855=EDGE_LOOP('',(#4499,#4500,#4501,#4502));
#1856=AXIS2_PLACEMENT_3D('',#4503,#4504,#4505);
#1857=EDGE_LOOP('',(#4506,#4507,#4508,#4509));
#1858=AXIS2_PLACEMENT_3D('',#4510,#4511,#4512);
#1859=EDGE_LOOP('',(#4513,#4514,#4515,#4516));
#1860=AXIS2_PLACEMENT_3D('',#4517,#4518,#4519);
#1861=EDGE_LOOP('',(#4520,#4521,#4522,#4523));
#1862=AXIS2_PLACEMENT_3D('',#4524,#4525,#4526);
#1863=EDGE_LOOP('',(#4527,#4528,#4529,#4530,#4531,#4532));
#1864=AXIS2_PLACEMENT_3D('',#4533,#4534,#4535);
#1865=EDGE_LOOP('',(#4536,#4537,#4538,#4539,#4540,#4541,#4542));
#1866=AXIS2_PLACEMENT_3D('',#4543,#4544,#4545);
#1867=EDGE_LOOP('',(#4546,#4547,#4548,#4549));
#1868=AXIS2_PLACEMENT_3D('',#4550,#4551,#4552);
#1869=EDGE_LOOP('',(#4553,#4554,#4555,#4556));
#1870=AXIS2_PLACEMENT_3D('',#4557,#4558,#4559);
#1871=EDGE_LOOP('',(#4560,#4561,#4562,#4563));
#1872=AXIS2_PLACEMENT_3D('',#4564,#4565,#4566);
#1873=EDGE_LOOP('',(#4567,#4568,#4569,#4570));
#1874=AXIS2_PLACEMENT_3D('',#4571,#4572,#4573);
#1875=EDGE_LOOP('',(#4574,#4575,#4576,#4577));
#1876=AXIS2_PLACEMENT_3D('',#4578,#4579,#4580);
#1877=EDGE_LOOP('',(#4581,#4582,#4583,#4584));
#1878=AXIS2_PLACEMENT_3D('',#4585,#4586,#4587);
#1879=EDGE_LOOP('',(#4588,#4589,#4590,#4591));
#1880=AXIS2_PLACEMENT_3D('',#4592,#4593,#4594);
#1881=EDGE_LOOP('',(#4595,#4596,#4597,#4598));
#1882=AXIS2_PLACEMENT_3D('',#4599,#4600,#4601);
#1883=EDGE_LOOP('',(#4602,#4603,#4604,#4605,#4606,#4607));
#1884=AXIS2_PLACEMENT_3D('',#4608,#4609,#4610);
#1885=EDGE_LOOP('',(#4611,#4612,#4613,#4614));
#1886=AXIS2_PLACEMENT_3D('',#4615,#4616,#4617);
#1887=EDGE_LOOP('',(#4618,#4619,#4620,#4621));
#1888=AXIS2_PLACEMENT_3D('',#4622,#4623,#4624);
#1889=EDGE_LOOP('',(#4625,#4626,#4627,#4628));
#1890=AXIS2_PLACEMENT_3D('',#4629,#4630,#4631);
#1891=EDGE_LOOP('',(#4632,#4633,#4634,#4635));
#1892=AXIS2_PLACEMENT_3D('',#4636,#4637,#4638);
#1893=EDGE_LOOP('',(#4639,#4640,#4641,#4642));
#1894=AXIS2_PLACEMENT_3D('',#4643,#4644,#4645);
#1895=EDGE_LOOP('',(#4646,#4647,#4648,#4649));
#1896=AXIS2_PLACEMENT_3D('',#4650,#4651,#4652);
#1897=EDGE_LOOP('',(#4653,#4654,#4655,#4656,#4657,#4658));
#1898=AXIS2_PLACEMENT_3D('',#4659,#4660,#4661);
#1899=EDGE_LOOP('',(#4662,#4663,#4664,#4665));
#1900=AXIS2_PLACEMENT_3D('',#4666,#4667,#4668);
#1901=EDGE_LOOP('',(#4669,#4670,#4671,#4672));
#1902=AXIS2_PLACEMENT_3D('',#4673,#4674,#4675);
#1903=EDGE_LOOP('',(#4676,#4677,#4678,#4679));
#1904=AXIS2_PLACEMENT_3D('',#4680,#4681,#4682);
#1905=EDGE_LOOP('',(#4683,#4684,#4685,#4686));
#1906=AXIS2_PLACEMENT_3D('',#4687,#4688,#4689);
#1907=EDGE_LOOP('',(#4690,#4691,#4692,#4693));
#1908=AXIS2_PLACEMENT_3D('',#4694,#4695,#4696);
#1909=EDGE_LOOP('',(#4697,#4698,#4699,#4700));
#1910=AXIS2_PLACEMENT_3D('',#4701,#4702,#4703);
#1911=EDGE_LOOP('',(#4704,#4705,#4706,#4707,#4708,#4709));
#1912=AXIS2_PLACEMENT_3D('',#4710,#4711,#4712);
#1913=EDGE_LOOP('',(#4713,#4714,#4715,#4716));
#1914=AXIS2_PLACEMENT_3D('',#4717,#4718,#4719);
#1915=EDGE_LOOP('',(#4720,#4721,#4722,#4723));
#1916=AXIS2_PLACEMENT_3D('',#4724,#4725,#4726);
#1917=EDGE_LOOP('',(#4727,#4728,#4729,#4730));
#1918=AXIS2_PLACEMENT_3D('',#4731,#4732,#4733);
#1919=EDGE_LOOP('',(#4734,#4735,#4736,#4737));
#1920=AXIS2_PLACEMENT_3D('',#4738,#4739,#4740);
#1921=EDGE_LOOP('',(#4741,#4742,#4743,#4744));
#1922=AXIS2_PLACEMENT_3D('',#4745,#4746,#4747);
#1923=EDGE_LOOP('',(#4748,#4749,#4750,#4751));
#1924=AXIS2_PLACEMENT_3D('',#4752,#4753,#4754);
#1925=EDGE_LOOP('',(#4755,#4756,#4757,#4758));
#1926=AXIS2_PLACEMENT_3D('',#4759,#4760,#4761);
#1927=EDGE_LOOP('',(#4762,#4763,#4764,#4765));
#1928=AXIS2_PLACEMENT_3D('',#4766,#4767,#4768);
#1929=EDGE_LOOP('',(#4769,#4770,#4771,#4772));
#1930=AXIS2_PLACEMENT_3D('',#4773,#4774,#4775);
#1931=EDGE_LOOP('',(#4776,#4777,#4778,#4779,#4780,#4781));
#1932=AXIS2_PLACEMENT_3D('',#4782,#4783,#4784);
#1933=EDGE_LOOP('',(#4785,#4786,#4787,#4788));
#1934=AXIS2_PLACEMENT_3D('',#4789,#4790,#4791);
#1935=EDGE_LOOP('',(#4792,#4793,#4794,#4795));
#1936=AXIS2_PLACEMENT_3D('',#4796,#4797,#4798);
#1937=EDGE_LOOP('',(#4799,#4800,#4801,#4802));
#1938=AXIS2_PLACEMENT_3D('',#4803,#4804,#4805);
#1939=EDGE_LOOP('',(#4806,#4807,#4808,#4809,#4810,#4811));
#1940=AXIS2_PLACEMENT_3D('',#4812,#4813,#4814);
#1941=EDGE_LOOP('',(#4815,#4816,#4817,#4818));
#1942=AXIS2_PLACEMENT_3D('',#4819,#4820,#4821);
#1943=EDGE_LOOP('',(#4822,#4823,#4824,#4825,#4826,#4827));
#1944=AXIS2_PLACEMENT_3D('',#4828,#4829,#4830);
#1945=EDGE_LOOP('',(#4831,#4832,#4833,#4834));
#1946=AXIS2_PLACEMENT_3D('',#4835,#4836,#4837);
#1947=EDGE_LOOP('',(#4838,#4839,#4840,#4841));
#1948=AXIS2_PLACEMENT_3D('',#4842,#4843,#4844);
#1949=EDGE_LOOP('',(#4845,#4846,#4847,#4848));
#1950=AXIS2_PLACEMENT_3D('',#4849,#4850,#4851);
#1951=EDGE_LOOP('',(#4852,#4853,#4854,#4855));
#1952=AXIS2_PLACEMENT_3D('',#4856,#4857,#4858);
#1953=EDGE_LOOP('',(#4859,#4860,#4861,#4862));
#1954=AXIS2_PLACEMENT_3D('',#4863,#4864,#4865);
#1955=EDGE_LOOP('',(#4866,#4867,#4868,#4869));
#1956=AXIS2_PLACEMENT_3D('',#4870,#4871,#4872);
#1957=EDGE_LOOP('',(#4873,#4874,#4875,#4876));
#1958=AXIS2_PLACEMENT_3D('',#4877,#4878,#4879);
#1959=EDGE_LOOP('',(#4880,#4881,#4882,#4883));
#1960=AXIS2_PLACEMENT_3D('',#4884,#4885,#4886);
#1961=EDGE_LOOP('',(#4887,#4888,#4889,#4890));
#1962=AXIS2_PLACEMENT_3D('',#4891,#4892,#4893);
#1963=EDGE_LOOP('',(#4894,#4895,#4896,#4897));
#1964=AXIS2_PLACEMENT_3D('',#4898,#4899,#4900);
#1965=EDGE_LOOP('',(#4901,#4902,#4903,#4904));
#1966=AXIS2_PLACEMENT_3D('',#4905,#4906,#4907);
#1967=EDGE_LOOP('',(#4908,#4909,#4910,#4911));
#1968=AXIS2_PLACEMENT_3D('',#4912,#4913,#4914);
#1969=EDGE_LOOP('',(#4915,#4916,#4917,#4918));
#1970=AXIS2_PLACEMENT_3D('',#4919,#4920,#4921);
#1971=EDGE_LOOP('',(#4922,#4923,#4924,#4925));
#1972=AXIS2_PLACEMENT_3D('',#4926,#4927,#4928);
#1973=EDGE_LOOP('',(#4929,#4930,#4931,#4932));
#1974=AXIS2_PLACEMENT_3D('',#4933,#4934,#4935);
#1975=EDGE_LOOP('',(#4936,#4937,#4938,#4939));
#1976=AXIS2_PLACEMENT_3D('',#4940,#4941,#4942);
#1977=EDGE_LOOP('',(#4943,#4944,#4945,#4946));
#1978=AXIS2_PLACEMENT_3D('',#4947,#4948,#4949);
#1979=EDGE_LOOP('',(#4950,#4951,#4952,#4953));
#1980=AXIS2_PLACEMENT_3D('',#4954,#4955,#4956);
#1981=EDGE_LOOP('',(#4957,#4958,#4959,#4960));
#1982=AXIS2_PLACEMENT_3D('',#4961,#4962,#4963);
#1983=EDGE_LOOP('',(#4964,#4965,#4966,#4967,#4968,#4969));
#1984=AXIS2_PLACEMENT_3D('',#4970,#4971,#4972);
#1985=EDGE_LOOP('',(#4973,#4974,#4975,#4976));
#1986=AXIS2_PLACEMENT_3D('',#4977,#4978,#4979);
#1987=EDGE_LOOP('',(#4980,#4981,#4982,#4983));
#1988=AXIS2_PLACEMENT_3D('',#4984,#4985,#4986);
#1989=EDGE_LOOP('',(#4987,#4988,#4989,#4990));
#1990=AXIS2_PLACEMENT_3D('',#4991,#4992,#4993);
#1991=EDGE_LOOP('',(#4994,#4995,#4996,#4997));
#1992=AXIS2_PLACEMENT_3D('',#4998,#4999,#5000);
#1993=EDGE_LOOP('',(#5001,#5002,#5003,#5004));
#1994=AXIS2_PLACEMENT_3D('',#5005,#5006,#5007);
#1995=EDGE_LOOP('',(#5008,#5009,#5010,#5011));
#1996=AXIS2_PLACEMENT_3D('',#5012,#5013,#5014);
#1997=EDGE_LOOP('',(#5015,#5016,#5017,#5018));
#1998=AXIS2_PLACEMENT_3D('',#5019,#5020,#5021);
#1999=EDGE_LOOP('',(#5022,#5023,#5024,#5025));
#2000=AXIS2_PLACEMENT_3D('',#5026,#5027,#5028);
#2001=EDGE_LOOP('',(#5029,#5030,#5031,#5032));
#2002=AXIS2_PLACEMENT_3D('',#5033,#5034,#5035);
#2003=EDGE_LOOP('',(#5036,#5037,#5038,#5039));
#2004=AXIS2_PLACEMENT_3D('',#5040,#5041,#5042);
#2005=EDGE_LOOP('',(#5043,#5044,#5045,#5046));
#2006=AXIS2_PLACEMENT_3D('',#5047,#5048,#5049);
#2007=EDGE_LOOP('',(#5050,#5051,#5052,#5053));
#2008=AXIS2_PLACEMENT_3D('',#5054,#5055,#5056);
#2009=EDGE_LOOP('',(#5057,#5058,#5059,#5060));
#2010=AXIS2_PLACEMENT_3D('',#5061,#5062,#5063);
#2011=EDGE_LOOP('',(#5064,#5065,#5066,#5067));
#2012=AXIS2_PLACEMENT_3D('',#5068,#5069,#5070);
#2013=EDGE_LOOP('',(#5071,#5072,#5073,#5074));
#2014=AXIS2_PLACEMENT_3D('',#5075,#5076,#5077);
#2015=EDGE_LOOP('',(#5078,#5079,#5080,#5081));
#2016=AXIS2_PLACEMENT_3D('',#5082,#5083,#5084);
#2017=EDGE_LOOP('',(#5085,#5086,#5087,#5088));
#2018=AXIS2_PLACEMENT_3D('',#5089,#5090,#5091);
#2019=EDGE_LOOP('',(#5092,#5093,#5094,#5095));
#2020=AXIS2_PLACEMENT_3D('',#5096,#5097,#5098);
#2021=EDGE_LOOP('',(#5099,#5100,#5101,#5102));
#2022=AXIS2_PLACEMENT_3D('',#5103,#5104,#5105);
#2023=EDGE_LOOP('',(#5106,#5107,#5108,#5109));
#2024=AXIS2_PLACEMENT_3D('',#5110,#5111,#5112);
#2025=EDGE_LOOP('',(#5113,#5114,#5115,#5116));
#2026=AXIS2_PLACEMENT_3D('',#5117,#5118,#5119);
#2027=EDGE_LOOP('',(#5120,#5121,#5122,#5123));
#2028=AXIS2_PLACEMENT_3D('',#5124,#5125,#5126);
#2029=EDGE_LOOP('',(#5127,#5128,#5129,#5130));
#2030=AXIS2_PLACEMENT_3D('',#5131,#5132,#5133);
#2031=EDGE_LOOP('',(#5134,#5135,#5136,#5137));
#2032=AXIS2_PLACEMENT_3D('',#5138,#5139,#5140);
#2033=EDGE_LOOP('',(#5141,#5142,#5143,#5144));
#2034=AXIS2_PLACEMENT_3D('',#5145,#5146,#5147);
#2035=EDGE_LOOP('',(#5148,#5149,#5150,#5151));
#2036=AXIS2_PLACEMENT_3D('',#5152,#5153,#5154);
#2037=EDGE_LOOP('',(#5155,#5156,#5157,#5158));
#2038=AXIS2_PLACEMENT_3D('',#5159,#5160,#5161);
#2039=EDGE_LOOP('',(#5162,#5163,#5164,#5165));
#2040=AXIS2_PLACEMENT_3D('',#5166,#5167,#5168);
#2041=EDGE_LOOP('',(#5169,#5170,#5171,#5172,#5173,#5174,#5175));
#2042=AXIS2_PLACEMENT_3D('',#5176,#5177,#5178);
#2043=EDGE_LOOP('',(#5179,#5180,#5181,#5182));
#2044=AXIS2_PLACEMENT_3D('',#5183,#5184,#5185);
#2045=EDGE_LOOP('',(#5186,#5187,#5188,#5189));
#2046=AXIS2_PLACEMENT_3D('',#5190,#5191,#5192);
#2047=EDGE_LOOP('',(#5193,#5194,#5195,#5196));
#2048=AXIS2_PLACEMENT_3D('',#5197,#5198,#5199);
#2049=EDGE_LOOP('',(#5200,#5201,#5202,#5203));
#2050=AXIS2_PLACEMENT_3D('',#5204,#5205,#5206);
#2051=EDGE_LOOP('',(#5207,#5208,#5209,#5210));
#2052=AXIS2_PLACEMENT_3D('',#5211,#5212,#5213);
#2053=EDGE_LOOP('',(#5214,#5215,#5216,#5217));
#2054=AXIS2_PLACEMENT_3D('',#5218,#5219,#5220);
#2055=EDGE_LOOP('',(#5221,#5222,#5223,#5224));
#2056=AXIS2_PLACEMENT_3D('',#5225,#5226,#5227);
#2057=EDGE_LOOP('',(#5228,#5229,#5230,#5231));
#2058=AXIS2_PLACEMENT_3D('',#5232,#5233,#5234);
#2059=FILL_AREA_STYLE_COLOUR('',#5235);
#2060=ORIENTED_EDGE('',*,*,#5236,.T.);
#2061=ORIENTED_EDGE('',*,*,#5237,.T.);
#2062=ORIENTED_EDGE('',*,*,#5238,.T.);
#2063=ORIENTED_EDGE('',*,*,#5239,.T.);
#2064=ORIENTED_EDGE('',*,*,#5240,.T.);
#2065=ORIENTED_EDGE('',*,*,#5241,.T.);
#2066=ORIENTED_EDGE('',*,*,#5242,.F.);
#2067=ORIENTED_EDGE('',*,*,#5243,.T.);
#2068=ORIENTED_EDGE('',*,*,#5244,.F.);
#2069=ORIENTED_EDGE('',*,*,#5245,.F.);
#2070=ORIENTED_EDGE('',*,*,#5246,.F.);
#2071=ORIENTED_EDGE('',*,*,#5247,.F.);
#2072=ORIENTED_EDGE('',*,*,#5248,.F.);
#2073=ORIENTED_EDGE('',*,*,#5249,.T.);
#2074=CARTESIAN_POINT('',(-7.825,0.0,0.0));
#2075=DIRECTION('',(1.0,0.0,0.0));
#2076=DIRECTION('',(0.0,1.0,0.0));
#2077=ORIENTED_EDGE('',*,*,#5236,.F.);
#2078=ORIENTED_EDGE('',*,*,#5250,.F.);
#2079=ORIENTED_EDGE('',*,*,#5251,.T.);
#2080=ORIENTED_EDGE('',*,*,#5252,.F.);
#2081=CARTESIAN_POINT('',(-8.325,-1.1,3.305));
#2082=DIRECTION('',(-0.0,1.0,0.0));
#2083=DIRECTION('',(1.0,0.0,0.0));
#2084=ORIENTED_EDGE('',*,*,#5237,.F.);
#2085=ORIENTED_EDGE('',*,*,#5252,.T.);
#2086=ORIENTED_EDGE('',*,*,#5253,.T.);
#2087=ORIENTED_EDGE('',*,*,#5254,.F.);
#2088=CARTESIAN_POINT('',(-8.325,-1.1,-0.195));
#2089=DIRECTION('',(0.0,0.0,1.0));
#2090=DIRECTION('',(1.0,0.0,0.0));
#2091=ORIENTED_EDGE('',*,*,#5255,.F.);
#2092=ORIENTED_EDGE('',*,*,#5238,.F.);
#2093=ORIENTED_EDGE('',*,*,#5254,.T.);
#2094=ORIENTED_EDGE('',*,*,#5256,.T.);
#2095=ORIENTED_EDGE('',*,*,#5257,.F.);
#2096=ORIENTED_EDGE('',*,*,#5258,.F.);
#2097=CARTESIAN_POINT('',(-8.325,-0.575,-0.195));
#2098=DIRECTION('',(-0.0,1.0,0.0));
#2099=DIRECTION('',(1.0,0.0,0.0));
#2100=ORIENTED_EDGE('',*,*,#5259,.F.);
#2101=ORIENTED_EDGE('',*,*,#5260,.F.);
#2102=ORIENTED_EDGE('',*,*,#5239,.F.);
#2103=ORIENTED_EDGE('',*,*,#5255,.T.);
#2104=ORIENTED_EDGE('',*,*,#5261,.T.);
#2105=ORIENTED_EDGE('',*,*,#5262,.F.);
#2106=ORIENTED_EDGE('',*,*,#5263,.F.);
#2107=ORIENTED_EDGE('',*,*,#5264,.F.);
#2108=CARTESIAN_POINT('',(-8.325,-0.575,-2.695));
#2109=DIRECTION('',(0.0,0.0,1.0));
#2110=DIRECTION('',(1.0,0.0,0.0));
#2111=ORIENTED_EDGE('',*,*,#5259,.T.);
#2112=ORIENTED_EDGE('',*,*,#5265,.T.);
#2113=ORIENTED_EDGE('',*,*,#5266,.F.);
#2114=ORIENTED_EDGE('',*,*,#5267,.F.);
#2115=CARTESIAN_POINT('',(-6.840485608557,0.575,-2.695));
#2116=DIRECTION('',(-1.0,0.0,0.0));
#2117=DIRECTION('',(0.0,0.0,1.0));
#2118=ORIENTED_EDGE('',*,*,#5268,.F.);
#2119=ORIENTED_EDGE('',*,*,#5269,.F.);
#2120=ORIENTED_EDGE('',*,*,#5240,.F.);
#2121=ORIENTED_EDGE('',*,*,#5260,.T.);
#2122=ORIENTED_EDGE('',*,*,#5267,.T.);
#2123=ORIENTED_EDGE('',*,*,#5270,.F.);
#2124=CARTESIAN_POINT('',(-8.325,0.575,-2.695));
#2125=DIRECTION('',(0.0,-1.0,0.0));
#2126=DIRECTION('',(0.0,0.0,-1.0));
#2127=ORIENTED_EDGE('',*,*,#5256,.F.);
#2128=ORIENTED_EDGE('',*,*,#5253,.F.);
#2129=ORIENTED_EDGE('',*,*,#5251,.F.);
#2130=ORIENTED_EDGE('',*,*,#5271,.T.);
#2131=ORIENTED_EDGE('',*,*,#5272,.F.);
#2132=ORIENTED_EDGE('',*,*,#5273,.T.);
#2133=ORIENTED_EDGE('',*,*,#5274,.T.);
#2134=ORIENTED_EDGE('',*,*,#5275,.T.);
#2135=ORIENTED_EDGE('',*,*,#5276,.F.);
#2136=ORIENTED_EDGE('',*,*,#5277,.F.);
#2137=ORIENTED_EDGE('',*,*,#5268,.T.);
#2138=ORIENTED_EDGE('',*,*,#5278,.F.);
#2139=CARTESIAN_POINT('',(-6.440485608557,2.68,4.955));
#2140=DIRECTION('',(1.0,0.0,0.0));
#2141=DIRECTION('',(0.0,1.0,0.0));
#2142=ORIENTED_EDGE('',*,*,#5279,.T.);
#2143=ORIENTED_EDGE('',*,*,#5280,.T.);
#2144=ORIENTED_EDGE('',*,*,#5281,.T.);
#2145=ORIENTED_EDGE('',*,*,#5282,.T.);
#2146=ORIENTED_EDGE('',*,*,#5283,.T.);
#2147=ORIENTED_EDGE('',*,*,#5284,.T.);
#2148=ORIENTED_EDGE('',*,*,#5285,.T.);
#2149=ORIENTED_EDGE('',*,*,#5286,.T.);
#2150=CARTESIAN_POINT('',(8.325,-0.575,-2.795));
#2151=DIRECTION('',(0.0,0.0,1.0));
#2152=DIRECTION('',(1.0,0.0,0.0));
#2153=ORIENTED_EDGE('',*,*,#5266,.T.);
#2154=ORIENTED_EDGE('',*,*,#5287,.T.);
#2155=ORIENTED_EDGE('',*,*,#5288,.T.);
#2156=ORIENTED_EDGE('',*,*,#5289,.T.);
#2157=ORIENTED_EDGE('',*,*,#5290,.T.);
#2158=ORIENTED_EDGE('',*,*,#5257,.T.);
#2159=ORIENTED_EDGE('',*,*,#5278,.T.);
#2160=ORIENTED_EDGE('',*,*,#5270,.T.);
#2161=CARTESIAN_POINT('',(8.325,-0.575,-2.795));
#2162=DIRECTION('',(0.0,0.0,1.0));
#2163=DIRECTION('',(1.0,0.0,0.0));
#2164=ORIENTED_EDGE('',*,*,#5291,.F.);
#2165=ORIENTED_EDGE('',*,*,#5292,.T.);
#2166=ORIENTED_EDGE('',*,*,#5293,.T.);
#2167=ORIENTED_EDGE('',*,*,#5294,.T.);
#2168=ORIENTED_EDGE('',*,*,#5279,.F.);
#2169=ORIENTED_EDGE('',*,*,#5295,.F.);
#2170=CARTESIAN_POINT('',(8.325,0.575,-2.695));
#2171=DIRECTION('',(-0.0,1.0,0.0));
#2172=DIRECTION('',(1.0,0.0,0.0));
#2173=ORIENTED_EDGE('',*,*,#5296,.F.);
#2174=ORIENTED_EDGE('',*,*,#5297,.F.);
#2175=ORIENTED_EDGE('',*,*,#5298,.T.);
#2176=ORIENTED_EDGE('',*,*,#5291,.T.);
#2177=ORIENTED_EDGE('',*,*,#5299,.T.);
#2178=ORIENTED_EDGE('',*,*,#5300,.F.);
#2179=ORIENTED_EDGE('',*,*,#5301,.F.);
#2180=ORIENTED_EDGE('',*,*,#5302,.F.);
#2181=CARTESIAN_POINT('',(8.325,-0.575,-2.695));
#2182=DIRECTION('',(0.0,0.0,-1.0));
#2183=DIRECTION('',(0.0,-1.0,0.0));
#2184=ORIENTED_EDGE('',*,*,#5296,.T.);
#2185=ORIENTED_EDGE('',*,*,#5303,.T.);
#2186=ORIENTED_EDGE('',*,*,#5282,.F.);
#2187=ORIENTED_EDGE('',*,*,#5304,.F.);
#2188=CARTESIAN_POINT('',(6.840485608557,-0.575,-2.695));
#2189=DIRECTION('',(1.0,0.0,0.0));
#2190=DIRECTION('',(0.0,1.0,0.0));
#2191=ORIENTED_EDGE('',*,*,#5305,.F.);
#2192=ORIENTED_EDGE('',*,*,#5306,.F.);
#2193=ORIENTED_EDGE('',*,*,#5307,.T.);
#2194=ORIENTED_EDGE('',*,*,#5297,.T.);
#2195=ORIENTED_EDGE('',*,*,#5304,.T.);
#2196=ORIENTED_EDGE('',*,*,#5281,.F.);
#2197=CARTESIAN_POINT('',(8.325,-0.575,-0.195));
#2198=DIRECTION('',(0.0,-1.0,0.0));
#2199=DIRECTION('',(0.0,0.0,-1.0));
#2200=ORIENTED_EDGE('',*,*,#5294,.F.);
#2201=ORIENTED_EDGE('',*,*,#5308,.T.);
#2202=ORIENTED_EDGE('',*,*,#5309,.T.);
#2203=ORIENTED_EDGE('',*,*,#5310,.F.);
#2204=ORIENTED_EDGE('',*,*,#5311,.T.);
#2205=ORIENTED_EDGE('',*,*,#5312,.F.);
#2206=ORIENTED_EDGE('',*,*,#5313,.F.);
#2207=ORIENTED_EDGE('',*,*,#5314,.F.);
#2208=ORIENTED_EDGE('',*,*,#5315,.T.);
#2209=ORIENTED_EDGE('',*,*,#5316,.T.);
#2210=ORIENTED_EDGE('',*,*,#5305,.T.);
#2211=ORIENTED_EDGE('',*,*,#5280,.F.);
#2212=CARTESIAN_POINT('',(6.440485608557,2.68,3.305));
#2213=DIRECTION('',(-1.0,0.0,0.0));
#2214=DIRECTION('',(0.0,0.0,1.0));
#2215=ORIENTED_EDGE('',*,*,#5317,.T.);
#2216=ORIENTED_EDGE('',*,*,#5306,.T.);
#2217=ORIENTED_EDGE('',*,*,#5316,.F.);
#2218=ORIENTED_EDGE('',*,*,#5318,.F.);
#2219=CARTESIAN_POINT('',(8.325,-1.1,-0.195));
#2220=DIRECTION('',(0.0,0.0,-1.0));
#2221=DIRECTION('',(0.0,-1.0,0.0));
#2222=ORIENTED_EDGE('',*,*,#5319,.F.);
#2223=ORIENTED_EDGE('',*,*,#5320,.F.);
#2224=ORIENTED_EDGE('',*,*,#5321,.T.);
#2225=ORIENTED_EDGE('',*,*,#5322,.T.);
#2226=ORIENTED_EDGE('',*,*,#5323,.T.);
#2227=ORIENTED_EDGE('',*,*,#5324,.T.);
#2228=ORIENTED_EDGE('',*,*,#5325,.T.);
#2229=ORIENTED_EDGE('',*,*,#5326,.F.);
#2230=ORIENTED_EDGE('',*,*,#5327,.T.);
#2231=ORIENTED_EDGE('',*,*,#5328,.F.);
#2232=ORIENTED_EDGE('',*,*,#5292,.F.);
#2233=ORIENTED_EDGE('',*,*,#5298,.F.);
#2234=ORIENTED_EDGE('',*,*,#5307,.F.);
#2235=ORIENTED_EDGE('',*,*,#5317,.F.);
#2236=ORIENTED_EDGE('',*,*,#5329,.F.);
#2237=ORIENTED_EDGE('',*,*,#5330,.F.);
#2238=ORIENTED_EDGE('',*,*,#5331,.F.);
#2239=ORIENTED_EDGE('',*,*,#5332,.F.);
#2240=ORIENTED_EDGE('',*,*,#5333,.F.);
#2241=ORIENTED_EDGE('',*,*,#5334,.F.);
#2242=ORIENTED_EDGE('',*,*,#5335,.F.);
#2243=CARTESIAN_POINT('',(7.825,0.0,0.0));
#2244=DIRECTION('',(1.0,0.0,0.0));
#2245=DIRECTION('',(0.0,1.0,0.0));
#2246=ORIENTED_EDGE('',*,*,#5319,.T.);
#2247=ORIENTED_EDGE('',*,*,#5318,.T.);
#2248=ORIENTED_EDGE('',*,*,#5315,.F.);
#2249=ORIENTED_EDGE('',*,*,#5336,.F.);
#2250=CARTESIAN_POINT('',(8.325,-1.1,3.305));
#2251=DIRECTION('',(0.0,-1.0,0.0));
#2252=DIRECTION('',(0.0,0.0,-1.0));
#2253=ORIENTED_EDGE('',*,*,#5336,.T.);
#2254=ORIENTED_EDGE('',*,*,#5314,.T.);
#2255=ORIENTED_EDGE('',*,*,#5337,.F.);
#2256=ORIENTED_EDGE('',*,*,#5320,.T.);
#2257=CARTESIAN_POINT('',(7.825,2.68,3.305));
#2258=DIRECTION('',(0.0,0.0,-1.0));
#2259=DIRECTION('',(0.0,-1.0,0.0));
#2260=ORIENTED_EDGE('',*,*,#5338,.F.);
#2261=ORIENTED_EDGE('',*,*,#5326,.T.);
#2262=ORIENTED_EDGE('',*,*,#5339,.T.);
#2263=ORIENTED_EDGE('',*,*,#5310,.T.);
#2264=CARTESIAN_POINT('',(7.825,2.68,3.305));
#2265=DIRECTION('',(0.0,0.0,-1.0));
#2266=DIRECTION('',(0.0,-1.0,0.0));
#2267=ORIENTED_EDGE('',*,*,#5340,.F.);
#2268=ORIENTED_EDGE('',*,*,#5337,.T.);
#2269=ORIENTED_EDGE('',*,*,#5313,.T.);
#2270=CARTESIAN_POINT('',(0.0,-2.41,0.0));
#2271=DIRECTION('',(-0.0,1.0,0.0));
#2272=DIRECTION('',(1.0,0.0,0.0));
#2273=ORIENTED_EDGE('',*,*,#5341,.F.);
#2274=ORIENTED_EDGE('',*,*,#5272,.T.);
#2275=ORIENTED_EDGE('',*,*,#5342,.T.);
#2276=CARTESIAN_POINT('',(0.0,-2.41,0.0));
#2277=DIRECTION('',(-0.0,1.0,0.0));
#2278=DIRECTION('',(1.0,0.0,0.0));
#2279=ORIENTED_EDGE('',*,*,#5343,.F.);
#2280=ORIENTED_EDGE('',*,*,#5325,.F.);
#2281=ORIENTED_EDGE('',*,*,#5344,.T.);
#2282=ORIENTED_EDGE('',*,*,#5345,.T.);
#2283=CARTESIAN_POINT('',(7.825,3.43,3.305));
#2284=DIRECTION('',(-0.766044443119007,0.0,-0.642787609686505));
#2285=DIRECTION('',(-0.642787609686505,0.0,0.766044443119007));
#2286=ORIENTED_EDGE('',*,*,#5340,.T.);
#2287=ORIENTED_EDGE('',*,*,#5346,.T.);
#2288=ORIENTED_EDGE('',*,*,#5347,.F.);
#2289=ORIENTED_EDGE('',*,*,#5348,.F.);
#2290=ORIENTED_EDGE('',*,*,#5321,.F.);
#2291=CARTESIAN_POINT('',(7.825,3.43,3.305));
#2292=DIRECTION('',(-0.766044443119007,0.0,-0.642787609686505));
#2293=DIRECTION('',(-0.642787609686505,0.0,0.766044443119007));
#2294=ORIENTED_EDGE('',*,*,#5343,.T.);
#2295=ORIENTED_EDGE('',*,*,#5311,.F.);
#2296=ORIENTED_EDGE('',*,*,#5339,.F.);
#2297=CARTESIAN_POINT('',(0.0,2.68,0.0));
#2298=DIRECTION('',(-0.0,1.0,0.0));
#2299=DIRECTION('',(1.0,0.0,0.0));
#2300=ORIENTED_EDGE('',*,*,#5349,.T.);
#2301=ORIENTED_EDGE('',*,*,#5350,.F.);
#2302=ORIENTED_EDGE('',*,*,#5274,.F.);
#2303=CARTESIAN_POINT('',(0.0,2.68,0.0));
#2304=DIRECTION('',(-0.0,1.0,0.0));
#2305=DIRECTION('',(1.0,0.0,0.0));
#2306=ORIENTED_EDGE('',*,*,#5349,.F.);
#2307=ORIENTED_EDGE('',*,*,#5351,.F.);
#2308=ORIENTED_EDGE('',*,*,#5352,.T.);
#2309=ORIENTED_EDGE('',*,*,#5244,.T.);
#2310=CARTESIAN_POINT('',(-6.440485608557,3.43,4.955));
#2311=DIRECTION('',(0.766044443119007,0.0,-0.642787609686505));
#2312=DIRECTION('',(0.0,-1.0,0.0));
#2313=ORIENTED_EDGE('',*,*,#5341,.T.);
#2314=ORIENTED_EDGE('',*,*,#5248,.T.);
#2315=ORIENTED_EDGE('',*,*,#5353,.F.);
#2316=ORIENTED_EDGE('',*,*,#5354,.F.);
#2317=ORIENTED_EDGE('',*,*,#5355,.F.);
#2318=CARTESIAN_POINT('',(-6.440485608557,3.43,4.955));
#2319=DIRECTION('',(0.766044443119007,0.0,-0.642787609686505));
#2320=DIRECTION('',(0.0,-1.0,0.0));
#2321=ORIENTED_EDGE('',*,*,#5356,.F.);
#2322=ORIENTED_EDGE('',*,*,#5357,.T.);
#2323=ORIENTED_EDGE('',*,*,#5358,.T.);
#2324=ORIENTED_EDGE('',*,*,#5359,.T.);
#2325=ORIENTED_EDGE('',*,*,#5245,.T.);
#2326=ORIENTED_EDGE('',*,*,#5352,.F.);
#2327=ORIENTED_EDGE('',*,*,#5360,.T.);
#2328=ORIENTED_EDGE('',*,*,#5344,.F.);
#2329=ORIENTED_EDGE('',*,*,#5324,.F.);
#2330=ORIENTED_EDGE('',*,*,#5361,.T.);
#2331=ORIENTED_EDGE('',*,*,#5362,.T.);
#2332=ORIENTED_EDGE('',*,*,#5363,.T.);
#2333=ORIENTED_EDGE('',*,*,#5364,.T.);
#2334=ORIENTED_EDGE('',*,*,#5365,.F.);
#2335=ORIENTED_EDGE('',*,*,#5366,.T.);
#2336=ORIENTED_EDGE('',*,*,#5367,.T.);
#2337=ORIENTED_EDGE('',*,*,#5368,.F.);
#2338=ORIENTED_EDGE('',*,*,#5369,.F.);
#2339=CARTESIAN_POINT('',(-7.825,3.43,-4.955));
#2340=DIRECTION('',(-0.0,1.0,0.0));
#2341=DIRECTION('',(1.0,0.0,0.0));
#2342=ORIENTED_EDGE('',*,*,#5366,.F.);
#2343=ORIENTED_EDGE('',*,*,#5370,.F.);
#2344=ORIENTED_EDGE('',*,*,#5371,.F.);
#2345=ORIENTED_EDGE('',*,*,#5372,.F.);
#2346=ORIENTED_EDGE('',*,*,#5373,.F.);
#2347=CARTESIAN_POINT('',(-0.7,0.0,0.0));
#2348=DIRECTION('',(1.0,0.0,0.0));
#2349=DIRECTION('',(0.0,1.0,0.0));
#2350=ORIENTED_EDGE('',*,*,#5367,.F.);
#2351=ORIENTED_EDGE('',*,*,#5373,.T.);
#2352=ORIENTED_EDGE('',*,*,#5374,.T.);
#2353=ORIENTED_EDGE('',*,*,#5375,.F.);
#2354=CARTESIAN_POINT('',(-0.7,4.18,1.255));
#2355=DIRECTION('',(-1.0,0.0,-0.0));
#2356=DIRECTION('',(0.0,0.0,-1.0));
#2357=ORIENTED_EDGE('',*,*,#5368,.T.);
#2358=ORIENTED_EDGE('',*,*,#5375,.T.);
#2359=ORIENTED_EDGE('',*,*,#5376,.T.);
#2360=ORIENTED_EDGE('',*,*,#5377,.T.);
#2361=ORIENTED_EDGE('',*,*,#5378,.T.);
#2362=CARTESIAN_POINT('',(0.7,0.0,0.0));
#2363=DIRECTION('',(1.0,0.0,0.0));
#2364=DIRECTION('',(0.0,1.0,0.0));
#2365=ORIENTED_EDGE('',*,*,#5369,.T.);
#2366=ORIENTED_EDGE('',*,*,#5378,.F.);
#2367=ORIENTED_EDGE('',*,*,#5379,.F.);
#2368=ORIENTED_EDGE('',*,*,#5370,.T.);
#2369=CARTESIAN_POINT('',(-0.7,4.83,2.755));
#2370=DIRECTION('',(0.0,0.764433319597122,0.644702799660219));
#2371=DIRECTION('',(1.0,0.0,-0.0));
#2372=ORIENTED_EDGE('',*,*,#5371,.T.);
#2373=ORIENTED_EDGE('',*,*,#5379,.T.);
#2374=ORIENTED_EDGE('',*,*,#5377,.F.);
#2375=ORIENTED_EDGE('',*,*,#5380,.F.);
#2376=CARTESIAN_POINT('',(-0.7,4.83,2.005));
#2377=DIRECTION('',(-0.0,1.0,0.0));
#2378=DIRECTION('',(1.0,0.0,0.0));
#2379=ORIENTED_EDGE('',*,*,#5372,.T.);
#2380=ORIENTED_EDGE('',*,*,#5380,.T.);
#2381=ORIENTED_EDGE('',*,*,#5376,.F.);
#2382=ORIENTED_EDGE('',*,*,#5374,.F.);
#2383=CARTESIAN_POINT('',(-0.7,4.18,2.005));
#2384=DIRECTION('',(0.0,0.0,-1.0));
#2385=DIRECTION('',(0.0,-1.0,0.0));
#2386=ORIENTED_EDGE('',*,*,#5381,.T.);
#2387=ORIENTED_EDGE('',*,*,#5356,.T.);
#2388=ORIENTED_EDGE('',*,*,#5382,.T.);
#2389=ORIENTED_EDGE('',*,*,#5383,.F.);
#2390=CARTESIAN_POINT('',(-6.325,3.43,-4.955));
#2391=DIRECTION('',(-1.0,0.0,0.0));
#2392=DIRECTION('',(0.0,0.0,1.0));
#2393=ORIENTED_EDGE('',*,*,#5384,.F.);
#2394=ORIENTED_EDGE('',*,*,#5385,.T.);
#2395=ORIENTED_EDGE('',*,*,#5386,.T.);
#2396=ORIENTED_EDGE('',*,*,#5387,.T.);
#2397=ORIENTED_EDGE('',*,*,#5388,.T.);
#2398=ORIENTED_EDGE('',*,*,#5389,.T.);
#2399=CARTESIAN_POINT('',(-7.825,-3.94,-4.955));
#2400=DIRECTION('',(0.0,0.0,-1.0));
#2401=DIRECTION('',(0.0,-1.0,0.0));
#2402=ORIENTED_EDGE('',*,*,#5390,.T.);
#2403=ORIENTED_EDGE('',*,*,#5391,.T.);
#2404=ORIENTED_EDGE('',*,*,#5392,.T.);
#2405=ORIENTED_EDGE('',*,*,#5363,.F.);
#2406=ORIENTED_EDGE('',*,*,#5393,.T.);
#2407=ORIENTED_EDGE('',*,*,#5394,.T.);
#2408=CARTESIAN_POINT('',(-7.825,-3.94,-4.955));
#2409=DIRECTION('',(0.0,0.0,-1.0));
#2410=DIRECTION('',(0.0,-1.0,0.0));
#2411=ORIENTED_EDGE('',*,*,#5395,.F.);
#2412=ORIENTED_EDGE('',*,*,#5396,.T.);
#2413=ORIENTED_EDGE('',*,*,#5397,.T.);
#2414=ORIENTED_EDGE('',*,*,#5398,.T.);
#2415=CARTESIAN_POINT('',(-7.825,-3.94,-4.955));
#2416=DIRECTION('',(0.0,0.0,-1.0));
#2417=DIRECTION('',(0.0,-1.0,0.0));
#2418=ORIENTED_EDGE('',*,*,#5399,.T.);
#2419=ORIENTED_EDGE('',*,*,#5400,.T.);
#2420=ORIENTED_EDGE('',*,*,#5401,.F.);
#2421=ORIENTED_EDGE('',*,*,#5402,.T.);
#2422=CARTESIAN_POINT('',(-7.825,-3.94,-4.955));
#2423=DIRECTION('',(0.0,0.0,-1.0));
#2424=DIRECTION('',(0.0,-1.0,0.0));
#2425=ORIENTED_EDGE('',*,*,#5403,.F.);
#2426=ORIENTED_EDGE('',*,*,#5404,.T.);
#2427=ORIENTED_EDGE('',*,*,#5405,.T.);
#2428=ORIENTED_EDGE('',*,*,#5406,.T.);
#2429=CARTESIAN_POINT('',(-7.825,-3.94,-4.955));
#2430=DIRECTION('',(0.0,0.0,-1.0));
#2431=DIRECTION('',(0.0,-1.0,0.0));
#2432=ORIENTED_EDGE('',*,*,#5407,.T.);
#2433=ORIENTED_EDGE('',*,*,#5408,.T.);
#2434=ORIENTED_EDGE('',*,*,#5409,.F.);
#2435=ORIENTED_EDGE('',*,*,#5410,.T.);
#2436=CARTESIAN_POINT('',(-7.825,-3.94,-4.955));
#2437=DIRECTION('',(0.0,0.0,-1.0));
#2438=DIRECTION('',(0.0,-1.0,0.0));
#2439=ORIENTED_EDGE('',*,*,#5411,.T.);
#2440=ORIENTED_EDGE('',*,*,#5412,.T.);
#2441=ORIENTED_EDGE('',*,*,#5413,.F.);
#2442=ORIENTED_EDGE('',*,*,#5414,.T.);
#2443=ORIENTED_EDGE('',*,*,#5415,.F.);
#2444=ORIENTED_EDGE('',*,*,#5416,.T.);
#2445=CARTESIAN_POINT('',(-7.825,-3.94,-4.955));
#2446=DIRECTION('',(0.0,0.0,-1.0));
#2447=DIRECTION('',(0.0,-1.0,0.0));
#2448=ORIENTED_EDGE('',*,*,#5417,.F.);
#2449=ORIENTED_EDGE('',*,*,#5418,.T.);
#2450=ORIENTED_EDGE('',*,*,#5419,.T.);
#2451=ORIENTED_EDGE('',*,*,#5420,.T.);
#2452=CARTESIAN_POINT('',(-7.825,-3.94,-4.955));
#2453=DIRECTION('',(0.0,0.0,-1.0));
#2454=DIRECTION('',(0.0,-1.0,0.0));
#2455=ORIENTED_EDGE('',*,*,#5421,.F.);
#2456=ORIENTED_EDGE('',*,*,#5422,.T.);
#2457=ORIENTED_EDGE('',*,*,#5423,.F.);
#2458=ORIENTED_EDGE('',*,*,#5357,.F.);
#2459=ORIENTED_EDGE('',*,*,#5381,.F.);
#2460=ORIENTED_EDGE('',*,*,#5424,.T.);
#2461=CARTESIAN_POINT('',(-7.825,-3.94,-4.955));
#2462=DIRECTION('',(0.0,0.0,-1.0));
#2463=DIRECTION('',(0.0,-1.0,0.0));
#2464=ORIENTED_EDGE('',*,*,#5425,.T.);
#2465=ORIENTED_EDGE('',*,*,#5426,.T.);
#2466=ORIENTED_EDGE('',*,*,#5427,.F.);
#2467=ORIENTED_EDGE('',*,*,#5428,.T.);
#2468=CARTESIAN_POINT('',(-7.825,-3.94,-4.955));
#2469=DIRECTION('',(0.0,0.0,-1.0));
#2470=DIRECTION('',(0.0,-1.0,0.0));
#2471=ORIENTED_EDGE('',*,*,#5429,.F.);
#2472=ORIENTED_EDGE('',*,*,#5384,.T.);
#2473=ORIENTED_EDGE('',*,*,#5430,.T.);
#2474=ORIENTED_EDGE('',*,*,#5431,.T.);
#2475=CARTESIAN_POINT('',(4.82,3.43,-3.655));
#2476=DIRECTION('',(1.0,0.0,0.0));
#2477=DIRECTION('',(0.0,1.0,0.0));
#2478=ORIENTED_EDGE('',*,*,#5432,.F.);
#2479=ORIENTED_EDGE('',*,*,#5433,.F.);
#2480=ORIENTED_EDGE('',*,*,#5390,.F.);
#2481=ORIENTED_EDGE('',*,*,#5434,.F.);
#2482=ORIENTED_EDGE('',*,*,#5435,.F.);
#2483=ORIENTED_EDGE('',*,*,#5436,.F.);
#2484=CARTESIAN_POINT('',(4.82,3.43,-3.655));
#2485=DIRECTION('',(1.0,0.0,0.0));
#2486=DIRECTION('',(0.0,1.0,0.0));
#2487=ORIENTED_EDGE('',*,*,#5437,.F.);
#2488=ORIENTED_EDGE('',*,*,#5438,.T.);
#2489=ORIENTED_EDGE('',*,*,#5439,.F.);
#2490=ORIENTED_EDGE('',*,*,#5440,.F.);
#2491=CARTESIAN_POINT('',(4.82,3.43,-3.655));
#2492=DIRECTION('',(1.0,0.0,0.0));
#2493=DIRECTION('',(0.0,1.0,0.0));
#2494=ORIENTED_EDGE('',*,*,#5441,.F.);
#2495=ORIENTED_EDGE('',*,*,#5442,.F.);
#2496=ORIENTED_EDGE('',*,*,#5443,.F.);
#2497=ORIENTED_EDGE('',*,*,#5444,.T.);
#2498=CARTESIAN_POINT('',(4.82,3.43,-3.655));
#2499=DIRECTION('',(1.0,0.0,0.0));
#2500=DIRECTION('',(0.0,1.0,0.0));
#2501=ORIENTED_EDGE('',*,*,#5429,.T.);
#2502=ORIENTED_EDGE('',*,*,#5445,.T.);
#2503=ORIENTED_EDGE('',*,*,#5446,.F.);
#2504=ORIENTED_EDGE('',*,*,#5385,.F.);
#2505=CARTESIAN_POINT('',(-7.825,-2.78,-4.955));
#2506=DIRECTION('',(-0.0,1.0,0.0));
#2507=DIRECTION('',(1.0,0.0,0.0));
#2508=ORIENTED_EDGE('',*,*,#5447,.T.);
#2509=ORIENTED_EDGE('',*,*,#5448,.T.);
#2510=ORIENTED_EDGE('',*,*,#5449,.F.);
#2511=ORIENTED_EDGE('',*,*,#5396,.F.);
#2512=CARTESIAN_POINT('',(-7.825,-2.78,-4.955));
#2513=DIRECTION('',(-0.0,1.0,0.0));
#2514=DIRECTION('',(1.0,0.0,0.0));
#2515=ORIENTED_EDGE('',*,*,#5450,.T.);
#2516=ORIENTED_EDGE('',*,*,#5451,.T.);
#2517=ORIENTED_EDGE('',*,*,#5452,.F.);
#2518=ORIENTED_EDGE('',*,*,#5404,.F.);
#2519=CARTESIAN_POINT('',(-7.825,-2.78,-4.955));
#2520=DIRECTION('',(-0.0,1.0,0.0));
#2521=DIRECTION('',(1.0,0.0,0.0));
#2522=ORIENTED_EDGE('',*,*,#5453,.F.);
#2523=ORIENTED_EDGE('',*,*,#5416,.F.);
#2524=ORIENTED_EDGE('',*,*,#5454,.T.);
#2525=ORIENTED_EDGE('',*,*,#5455,.T.);
#2526=CARTESIAN_POINT('',(-7.825,-2.78,-4.955));
#2527=DIRECTION('',(-0.0,1.0,0.0));
#2528=DIRECTION('',(1.0,0.0,0.0));
#2529=ORIENTED_EDGE('',*,*,#5456,.T.);
#2530=ORIENTED_EDGE('',*,*,#5457,.T.);
#2531=ORIENTED_EDGE('',*,*,#5458,.F.);
#2532=ORIENTED_EDGE('',*,*,#5418,.F.);
#2533=CARTESIAN_POINT('',(-7.825,-2.78,-4.955));
#2534=DIRECTION('',(-0.0,1.0,0.0));
#2535=DIRECTION('',(1.0,0.0,0.0));
#2536=ORIENTED_EDGE('',*,*,#5459,.T.);
#2537=ORIENTED_EDGE('',*,*,#5460,.F.);
#2538=ORIENTED_EDGE('',*,*,#5461,.F.);
#2539=ORIENTED_EDGE('',*,*,#5462,.F.);
#2540=ORIENTED_EDGE('',*,*,#5463,.T.);
#2541=ORIENTED_EDGE('',*,*,#5464,.F.);
#2542=ORIENTED_EDGE('',*,*,#5393,.F.);
#2543=ORIENTED_EDGE('',*,*,#5362,.F.);
#2544=ORIENTED_EDGE('',*,*,#5465,.T.);
#2545=ORIENTED_EDGE('',*,*,#5466,.T.);
#2546=ORIENTED_EDGE('',*,*,#5386,.F.);
#2547=ORIENTED_EDGE('',*,*,#5446,.T.);
#2548=CARTESIAN_POINT('',(8.075,3.43,-3.355));
#2549=DIRECTION('',(1.0,0.0,0.0));
#2550=DIRECTION('',(0.0,1.0,0.0));
#2551=ORIENTED_EDGE('',*,*,#5467,.F.);
#2552=ORIENTED_EDGE('',*,*,#5468,.T.);
#2553=ORIENTED_EDGE('',*,*,#5469,.T.);
#2554=ORIENTED_EDGE('',*,*,#5470,.T.);
#2555=ORIENTED_EDGE('',*,*,#5455,.F.);
#2556=ORIENTED_EDGE('',*,*,#5471,.T.);
#2557=ORIENTED_EDGE('',*,*,#5472,.F.);
#2558=ORIENTED_EDGE('',*,*,#5473,.T.);
#2559=ORIENTED_EDGE('',*,*,#5474,.F.);
#2560=ORIENTED_EDGE('',*,*,#5475,.T.);
#2561=ORIENTED_EDGE('',*,*,#5476,.F.);
#2562=ORIENTED_EDGE('',*,*,#5477,.F.);
#2563=ORIENTED_EDGE('',*,*,#5478,.F.);
#2564=ORIENTED_EDGE('',*,*,#5479,.F.);
#2565=ORIENTED_EDGE('',*,*,#5480,.F.);
#2566=ORIENTED_EDGE('',*,*,#5481,.F.);
#2567=ORIENTED_EDGE('',*,*,#5482,.F.);
#2568=ORIENTED_EDGE('',*,*,#5483,.T.);
#2569=ORIENTED_EDGE('',*,*,#5484,.T.);
#2570=ORIENTED_EDGE('',*,*,#5485,.T.);
#2571=ORIENTED_EDGE('',*,*,#5486,.T.);
#2572=ORIENTED_EDGE('',*,*,#5487,.T.);
#2573=ORIENTED_EDGE('',*,*,#5488,.F.);
#2574=ORIENTED_EDGE('',*,*,#5489,.F.);
#2575=ORIENTED_EDGE('',*,*,#5490,.F.);
#2576=ORIENTED_EDGE('',*,*,#5491,.F.);
#2577=ORIENTED_EDGE('',*,*,#5492,.F.);
#2578=ORIENTED_EDGE('',*,*,#5493,.F.);
#2579=ORIENTED_EDGE('',*,*,#5494,.F.);
#2580=ORIENTED_EDGE('',*,*,#5495,.T.);
#2581=ORIENTED_EDGE('',*,*,#5496,.T.);
#2582=ORIENTED_EDGE('',*,*,#5497,.T.);
#2583=ORIENTED_EDGE('',*,*,#5498,.T.);
#2584=ORIENTED_EDGE('',*,*,#5499,.T.);
#2585=ORIENTED_EDGE('',*,*,#5500,.F.);
#2586=ORIENTED_EDGE('',*,*,#5501,.F.);
#2587=ORIENTED_EDGE('',*,*,#5502,.F.);
#2588=ORIENTED_EDGE('',*,*,#5503,.F.);
#2589=ORIENTED_EDGE('',*,*,#5504,.F.);
#2590=ORIENTED_EDGE('',*,*,#5505,.F.);
#2591=ORIENTED_EDGE('',*,*,#5506,.F.);
#2592=ORIENTED_EDGE('',*,*,#5507,.T.);
#2593=ORIENTED_EDGE('',*,*,#5508,.T.);
#2594=ORIENTED_EDGE('',*,*,#5509,.T.);
#2595=ORIENTED_EDGE('',*,*,#5510,.T.);
#2596=ORIENTED_EDGE('',*,*,#5511,.T.);
#2597=ORIENTED_EDGE('',*,*,#5512,.F.);
#2598=ORIENTED_EDGE('',*,*,#5513,.F.);
#2599=ORIENTED_EDGE('',*,*,#5514,.F.);
#2600=ORIENTED_EDGE('',*,*,#5515,.F.);
#2601=ORIENTED_EDGE('',*,*,#5516,.F.);
#2602=ORIENTED_EDGE('',*,*,#5517,.F.);
#2603=ORIENTED_EDGE('',*,*,#5518,.F.);
#2604=ORIENTED_EDGE('',*,*,#5441,.T.);
#2605=ORIENTED_EDGE('',*,*,#5519,.T.);
#2606=ORIENTED_EDGE('',*,*,#5439,.T.);
#2607=ORIENTED_EDGE('',*,*,#5520,.T.);
#2608=ORIENTED_EDGE('',*,*,#5435,.T.);
#2609=ORIENTED_EDGE('',*,*,#5521,.F.);
#2610=ORIENTED_EDGE('',*,*,#5463,.F.);
#2611=ORIENTED_EDGE('',*,*,#5522,.F.);
#2612=ORIENTED_EDGE('',*,*,#5523,.F.);
#2613=ORIENTED_EDGE('',*,*,#5524,.F.);
#2614=ORIENTED_EDGE('',*,*,#5459,.F.);
#2615=ORIENTED_EDGE('',*,*,#5445,.F.);
#2616=ORIENTED_EDGE('',*,*,#5431,.F.);
#2617=ORIENTED_EDGE('',*,*,#5525,.F.);
#2618=ORIENTED_EDGE('',*,*,#5526,.T.);
#2619=ORIENTED_EDGE('',*,*,#5527,.T.);
#2620=ORIENTED_EDGE('',*,*,#5528,.T.);
#2621=ORIENTED_EDGE('',*,*,#5448,.F.);
#2622=ORIENTED_EDGE('',*,*,#5529,.F.);
#2623=ORIENTED_EDGE('',*,*,#5530,.F.);
#2624=ORIENTED_EDGE('',*,*,#5531,.T.);
#2625=ORIENTED_EDGE('',*,*,#5532,.T.);
#2626=ORIENTED_EDGE('',*,*,#5533,.T.);
#2627=ORIENTED_EDGE('',*,*,#5451,.F.);
#2628=ORIENTED_EDGE('',*,*,#5534,.F.);
#2629=ORIENTED_EDGE('',*,*,#5535,.F.);
#2630=ORIENTED_EDGE('',*,*,#5536,.T.);
#2631=ORIENTED_EDGE('',*,*,#5537,.T.);
#2632=ORIENTED_EDGE('',*,*,#5538,.T.);
#2633=ORIENTED_EDGE('',*,*,#5457,.F.);
#2634=ORIENTED_EDGE('',*,*,#5539,.F.);
#2635=CARTESIAN_POINT('',(-7.825,-2.78,-4.285));
#2636=DIRECTION('',(0.0,0.0,-1.0));
#2637=DIRECTION('',(0.0,-1.0,0.0));
#2638=ORIENTED_EDGE('',*,*,#5484,.F.);
#2639=ORIENTED_EDGE('',*,*,#5540,.T.);
#2640=ORIENTED_EDGE('',*,*,#5541,.T.);
#2641=ORIENTED_EDGE('',*,*,#5542,.T.);
#2642=CARTESIAN_POINT('',(-4.18,0.0,0.0));
#2643=DIRECTION('',(1.0,0.0,0.0));
#2644=DIRECTION('',(0.0,1.0,0.0));
#2645=ORIENTED_EDGE('',*,*,#5543,.T.);
#2646=ORIENTED_EDGE('',*,*,#5544,.T.);
#2647=ORIENTED_EDGE('',*,*,#5545,.T.);
#2648=ORIENTED_EDGE('',*,*,#5546,.T.);
#2649=CARTESIAN_POINT('',(-4.18,0.0,0.0));
#2650=DIRECTION('',(1.0,0.0,0.0));
#2651=DIRECTION('',(0.0,1.0,0.0));
#2652=ORIENTED_EDGE('',*,*,#5547,.T.);
#2653=ORIENTED_EDGE('',*,*,#5548,.T.);
#2654=ORIENTED_EDGE('',*,*,#5549,.T.);
#2655=ORIENTED_EDGE('',*,*,#5550,.T.);
#2656=CARTESIAN_POINT('',(-4.18,0.0,0.0));
#2657=DIRECTION('',(1.0,0.0,0.0));
#2658=DIRECTION('',(0.0,1.0,0.0));
#2659=ORIENTED_EDGE('',*,*,#5551,.T.);
#2660=ORIENTED_EDGE('',*,*,#5552,.T.);
#2661=ORIENTED_EDGE('',*,*,#5553,.T.);
#2662=ORIENTED_EDGE('',*,*,#5486,.F.);
#2663=ORIENTED_EDGE('',*,*,#5554,.T.);
#2664=ORIENTED_EDGE('',*,*,#5555,.T.);
#2665=CARTESIAN_POINT('',(-4.18,0.0,0.0));
#2666=DIRECTION('',(1.0,0.0,0.0));
#2667=DIRECTION('',(0.0,1.0,0.0));
#2668=ORIENTED_EDGE('',*,*,#5556,.T.);
#2669=ORIENTED_EDGE('',*,*,#5467,.T.);
#2670=ORIENTED_EDGE('',*,*,#5557,.T.);
#2671=ORIENTED_EDGE('',*,*,#5558,.T.);
#2672=CARTESIAN_POINT('',(-4.18,0.0,0.0));
#2673=DIRECTION('',(1.0,0.0,0.0));
#2674=DIRECTION('',(0.0,1.0,0.0));
#2675=ORIENTED_EDGE('',*,*,#5542,.F.);
#2676=ORIENTED_EDGE('',*,*,#5559,.T.);
#2677=ORIENTED_EDGE('',*,*,#5560,.T.);
#2678=ORIENTED_EDGE('',*,*,#5561,.T.);
#2679=ORIENTED_EDGE('',*,*,#5562,.T.);
#2680=ORIENTED_EDGE('',*,*,#5563,.T.);
#2681=CARTESIAN_POINT('',(-4.18,0.32,-4.955));
#2682=DIRECTION('',(-0.0,1.0,0.0));
#2683=DIRECTION('',(1.0,0.0,0.0));
#2684=ORIENTED_EDGE('',*,*,#5539,.T.);
#2685=ORIENTED_EDGE('',*,*,#5456,.F.);
#2686=ORIENTED_EDGE('',*,*,#5417,.T.);
#2687=ORIENTED_EDGE('',*,*,#5564,.T.);
#2688=CARTESIAN_POINT('',(-4.18,3.43,-3.655));
#2689=DIRECTION('',(1.0,0.0,0.0));
#2690=DIRECTION('',(0.0,1.0,0.0));
#2691=ORIENTED_EDGE('',*,*,#5483,.F.);
#2692=ORIENTED_EDGE('',*,*,#5565,.F.);
#2693=ORIENTED_EDGE('',*,*,#5566,.F.);
#2694=ORIENTED_EDGE('',*,*,#5567,.T.);
#2695=CARTESIAN_POINT('',(-4.18,3.43,-3.655));
#2696=DIRECTION('',(1.0,0.0,0.0));
#2697=DIRECTION('',(0.0,1.0,0.0));
#2698=ORIENTED_EDGE('',*,*,#5568,.F.);
#2699=ORIENTED_EDGE('',*,*,#5569,.F.);
#2700=ORIENTED_EDGE('',*,*,#5425,.F.);
#2701=ORIENTED_EDGE('',*,*,#5570,.F.);
#2702=ORIENTED_EDGE('',*,*,#5487,.F.);
#2703=ORIENTED_EDGE('',*,*,#5571,.F.);
#2704=CARTESIAN_POINT('',(-4.18,3.43,-3.655));
#2705=DIRECTION('',(1.0,0.0,0.0));
#2706=DIRECTION('',(0.0,1.0,0.0));
#2707=ORIENTED_EDGE('',*,*,#5572,.F.);
#2708=ORIENTED_EDGE('',*,*,#5573,.T.);
#2709=ORIENTED_EDGE('',*,*,#5485,.F.);
#2710=ORIENTED_EDGE('',*,*,#5563,.F.);
#2711=CARTESIAN_POINT('',(-4.18,3.43,-3.655));
#2712=DIRECTION('',(1.0,0.0,0.0));
#2713=DIRECTION('',(0.0,1.0,0.0));
#2714=ORIENTED_EDGE('',*,*,#5574,.F.);
#2715=ORIENTED_EDGE('',*,*,#5575,.F.);
#2716=ORIENTED_EDGE('',*,*,#5406,.F.);
#2717=ORIENTED_EDGE('',*,*,#5576,.T.);
#2718=ORIENTED_EDGE('',*,*,#5577,.T.);
#2719=ORIENTED_EDGE('',*,*,#5578,.T.);
#2720=ORIENTED_EDGE('',*,*,#5579,.F.);
#2721=ORIENTED_EDGE('',*,*,#5580,.F.);
#2722=ORIENTED_EDGE('',*,*,#5398,.F.);
#2723=ORIENTED_EDGE('',*,*,#5581,.T.);
#2724=ORIENTED_EDGE('',*,*,#5582,.T.);
#2725=ORIENTED_EDGE('',*,*,#5583,.F.);
#2726=ORIENTED_EDGE('',*,*,#5584,.F.);
#2727=ORIENTED_EDGE('',*,*,#5430,.F.);
#2728=ORIENTED_EDGE('',*,*,#5389,.F.);
#2729=ORIENTED_EDGE('',*,*,#5585,.F.);
#2730=ORIENTED_EDGE('',*,*,#5586,.F.);
#2731=ORIENTED_EDGE('',*,*,#5347,.T.);
#2732=ORIENTED_EDGE('',*,*,#5587,.F.);
#2733=ORIENTED_EDGE('',*,*,#5354,.T.);
#2734=ORIENTED_EDGE('',*,*,#5588,.T.);
#2735=ORIENTED_EDGE('',*,*,#5589,.T.);
#2736=ORIENTED_EDGE('',*,*,#5590,.T.);
#2737=ORIENTED_EDGE('',*,*,#5412,.F.);
#2738=ORIENTED_EDGE('',*,*,#5591,.T.);
#2739=ORIENTED_EDGE('',*,*,#5592,.T.);
#2740=ORIENTED_EDGE('',*,*,#5593,.T.);
#2741=ORIENTED_EDGE('',*,*,#5557,.F.);
#2742=ORIENTED_EDGE('',*,*,#5564,.F.);
#2743=ORIENTED_EDGE('',*,*,#5420,.F.);
#2744=ORIENTED_EDGE('',*,*,#5594,.T.);
#2745=ORIENTED_EDGE('',*,*,#5595,.T.);
#2746=ORIENTED_EDGE('',*,*,#5596,.T.);
#2747=ORIENTED_EDGE('',*,*,#5597,.T.);
#2748=ORIENTED_EDGE('',*,*,#5598,.T.);
#2749=ORIENTED_EDGE('',*,*,#5599,.F.);
#2750=ORIENTED_EDGE('',*,*,#5600,.T.);
#2751=ORIENTED_EDGE('',*,*,#5601,.T.);
#2752=ORIENTED_EDGE('',*,*,#5602,.F.);
#2753=ORIENTED_EDGE('',*,*,#5603,.F.);
#2754=ORIENTED_EDGE('',*,*,#5604,.F.);
#2755=CARTESIAN_POINT('',(-7.825,-3.43,4.955));
#2756=DIRECTION('',(0.0,-1.0,0.0));
#2757=DIRECTION('',(0.0,0.0,-1.0));
#2758=ORIENTED_EDGE('',*,*,#5605,.T.);
#2759=ORIENTED_EDGE('',*,*,#5606,.T.);
#2760=ORIENTED_EDGE('',*,*,#5607,.F.);
#2761=ORIENTED_EDGE('',*,*,#5608,.F.);
#2762=ORIENTED_EDGE('',*,*,#5601,.F.);
#2763=ORIENTED_EDGE('',*,*,#5609,.T.);
#2764=ORIENTED_EDGE('',*,*,#5610,.F.);
#2765=ORIENTED_EDGE('',*,*,#5611,.F.);
#2766=ORIENTED_EDGE('',*,*,#5612,.F.);
#2767=ORIENTED_EDGE('',*,*,#5613,.F.);
#2768=ORIENTED_EDGE('',*,*,#5614,.F.);
#2769=ORIENTED_EDGE('',*,*,#5615,.F.);
#2770=ORIENTED_EDGE('',*,*,#5616,.T.);
#2771=ORIENTED_EDGE('',*,*,#5617,.T.);
#2772=CARTESIAN_POINT('',(2.85,-3.43,3.545));
#2773=DIRECTION('',(-1.0,0.0,0.0));
#2774=DIRECTION('',(0.0,0.0,1.0));
#2775=ORIENTED_EDGE('',*,*,#5605,.F.);
#2776=ORIENTED_EDGE('',*,*,#5618,.F.);
#2777=ORIENTED_EDGE('',*,*,#5619,.F.);
#2778=ORIENTED_EDGE('',*,*,#5620,.T.);
#2779=CARTESIAN_POINT('',(7.825,-7.12,1.355));
#2780=DIRECTION('',(0.0,0.0,-1.0));
#2781=DIRECTION('',(0.0,-1.0,0.0));
#2782=ORIENTED_EDGE('',*,*,#5621,.T.);
#2783=ORIENTED_EDGE('',*,*,#5622,.F.);
#2784=ORIENTED_EDGE('',*,*,#5623,.F.);
#2785=ORIENTED_EDGE('',*,*,#5624,.T.);
#2786=CARTESIAN_POINT('',(7.825,-7.12,1.355));
#2787=DIRECTION('',(0.0,0.0,-1.0));
#2788=DIRECTION('',(0.0,-1.0,0.0));
#2789=ORIENTED_EDGE('',*,*,#5620,.F.);
#2790=ORIENTED_EDGE('',*,*,#5625,.F.);
#2791=ORIENTED_EDGE('',*,*,#5626,.T.);
#2792=ORIENTED_EDGE('',*,*,#5627,.T.);
#2793=CARTESIAN_POINT('',(2.85,-5.69,0.355));
#2794=DIRECTION('',(0.0,-1.0,0.0));
#2795=DIRECTION('',(0.0,0.0,-1.0));
#2796=ORIENTED_EDGE('',*,*,#5627,.F.);
#2797=ORIENTED_EDGE('',*,*,#5611,.T.);
#2798=ORIENTED_EDGE('',*,*,#5628,.T.);
#2799=ORIENTED_EDGE('',*,*,#5629,.T.);
#2800=ORIENTED_EDGE('',*,*,#5606,.F.);
#2801=CARTESIAN_POINT('',(2.85,-3.2455,0.355));
#2802=DIRECTION('',(0.0,1.0,-0.0));
#2803=DIRECTION('',(0.0,0.0,1.0));
#2804=ORIENTED_EDGE('',*,*,#5628,.F.);
#2805=ORIENTED_EDGE('',*,*,#5610,.T.);
#2806=ORIENTED_EDGE('',*,*,#5630,.T.);
#2807=ORIENTED_EDGE('',*,*,#5631,.T.);
#2808=CARTESIAN_POINT('',(-7.825,-3.94,4.955));
#2809=DIRECTION('',(0.0,-1.0,0.0));
#2810=DIRECTION('',(0.0,0.0,-1.0));
#2811=ORIENTED_EDGE('',*,*,#5629,.F.);
#2812=ORIENTED_EDGE('',*,*,#5632,.T.);
#2813=ORIENTED_EDGE('',*,*,#5633,.T.);
#2814=ORIENTED_EDGE('',*,*,#5607,.T.);
#2815=CARTESIAN_POINT('',(-7.825,-3.94,4.955));
#2816=DIRECTION('',(0.0,-1.0,0.0));
#2817=DIRECTION('',(0.0,0.0,-1.0));
#2818=ORIENTED_EDGE('',*,*,#5631,.F.);
#2819=ORIENTED_EDGE('',*,*,#5634,.F.);
#2820=ORIENTED_EDGE('',*,*,#5603,.T.);
#2821=ORIENTED_EDGE('',*,*,#5635,.T.);
#2822=ORIENTED_EDGE('',*,*,#5632,.F.);
#2823=CARTESIAN_POINT('',(3.85,-3.43,-3.655));
#2824=DIRECTION('',(1.0,0.0,0.0));
#2825=DIRECTION('',(0.0,1.0,0.0));
#2826=ORIENTED_EDGE('',*,*,#5602,.T.);
#2827=ORIENTED_EDGE('',*,*,#5608,.T.);
#2828=ORIENTED_EDGE('',*,*,#5633,.F.);
#2829=ORIENTED_EDGE('',*,*,#5635,.F.);
#2830=CARTESIAN_POINT('',(3.85,-3.43,3.545));
#2831=DIRECTION('',(0.0,0.0,1.0));
#2832=DIRECTION('',(1.0,0.0,0.0));
#2833=ORIENTED_EDGE('',*,*,#5609,.F.);
#2834=ORIENTED_EDGE('',*,*,#5604,.T.);
#2835=ORIENTED_EDGE('',*,*,#5634,.T.);
#2836=ORIENTED_EDGE('',*,*,#5630,.F.);
#2837=CARTESIAN_POINT('',(2.85,-3.43,-3.655));
#2838=DIRECTION('',(0.0,0.0,-1.0));
#2839=DIRECTION('',(0.0,-1.0,0.0));
#2840=ORIENTED_EDGE('',*,*,#5612,.T.);
#2841=ORIENTED_EDGE('',*,*,#5626,.F.);
#2842=ORIENTED_EDGE('',*,*,#5636,.T.);
#2843=ORIENTED_EDGE('',*,*,#5637,.F.);
#2844=CARTESIAN_POINT('',(7.825,-3.94,-0.645));
#2845=DIRECTION('',(0.0,0.0,1.0));
#2846=DIRECTION('',(1.0,0.0,0.0));
#2847=ORIENTED_EDGE('',*,*,#5638,.F.);
#2848=ORIENTED_EDGE('',*,*,#5639,.T.);
#2849=ORIENTED_EDGE('',*,*,#5640,.T.);
#2850=ORIENTED_EDGE('',*,*,#5641,.T.);
#2851=CARTESIAN_POINT('',(7.825,-3.94,-0.645));
#2852=DIRECTION('',(0.0,0.0,1.0));
#2853=DIRECTION('',(1.0,0.0,0.0));
#2854=ORIENTED_EDGE('',*,*,#5618,.T.);
#2855=ORIENTED_EDGE('',*,*,#5617,.F.);
#2856=ORIENTED_EDGE('',*,*,#5642,.F.);
#2857=ORIENTED_EDGE('',*,*,#5613,.T.);
#2858=ORIENTED_EDGE('',*,*,#5637,.T.);
#2859=ORIENTED_EDGE('',*,*,#5643,.T.);
#2860=CARTESIAN_POINT('',(2.85,-6.5175,0.355));
#2861=DIRECTION('',(-0.0,1.0,0.0));
#2862=DIRECTION('',(0.0,0.0,-1.0));
#2863=ORIENTED_EDGE('',*,*,#5619,.T.);
#2864=ORIENTED_EDGE('',*,*,#5643,.F.);
#2865=ORIENTED_EDGE('',*,*,#5636,.F.);
#2866=ORIENTED_EDGE('',*,*,#5625,.T.);
#2867=CARTESIAN_POINT('',(2.85,-3.2455,0.355));
#2868=DIRECTION('',(0.0,1.0,-0.0));
#2869=DIRECTION('',(0.0,0.0,1.0));
#2870=ORIENTED_EDGE('',*,*,#5614,.T.);
#2871=ORIENTED_EDGE('',*,*,#5642,.T.);
#2872=ORIENTED_EDGE('',*,*,#5616,.F.);
#2873=ORIENTED_EDGE('',*,*,#5644,.F.);
#2874=CARTESIAN_POINT('',(2.85,-6.87,0.355));
#2875=DIRECTION('',(0.0,-1.0,0.0));
#2876=DIRECTION('',(0.0,0.0,1.0));
#2877=ORIENTED_EDGE('',*,*,#5615,.T.);
#2878=ORIENTED_EDGE('',*,*,#5644,.T.);
#2879=CARTESIAN_POINT('',(2.85,-7.12,0.355));
#2880=DIRECTION('',(0.0,-1.0,0.0));
#2881=DIRECTION('',(0.0,0.0,-1.0));
#2882=ORIENTED_EDGE('',*,*,#5621,.F.);
#2883=ORIENTED_EDGE('',*,*,#5645,.F.);
#2884=ORIENTED_EDGE('',*,*,#5646,.F.);
#2885=ORIENTED_EDGE('',*,*,#5647,.T.);
#2886=ORIENTED_EDGE('',*,*,#5648,.T.);
#2887=ORIENTED_EDGE('',*,*,#5649,.T.);
#2888=ORIENTED_EDGE('',*,*,#5638,.T.);
#2889=ORIENTED_EDGE('',*,*,#5650,.T.);
#2890=ORIENTED_EDGE('',*,*,#5651,.T.);
#2891=ORIENTED_EDGE('',*,*,#5652,.F.);
#2892=ORIENTED_EDGE('',*,*,#5597,.F.);
#2893=ORIENTED_EDGE('',*,*,#5653,.T.);
#2894=ORIENTED_EDGE('',*,*,#5654,.T.);
#2895=ORIENTED_EDGE('',*,*,#5655,.F.);
#2896=CARTESIAN_POINT('',(-2.85,-3.2455,0.355));
#2897=DIRECTION('',(1.0,0.0,0.0));
#2898=DIRECTION('',(0.0,1.0,0.0));
#2899=ORIENTED_EDGE('',*,*,#5656,.T.);
#2900=ORIENTED_EDGE('',*,*,#5655,.T.);
#2901=ORIENTED_EDGE('',*,*,#5657,.F.);
#2902=ORIENTED_EDGE('',*,*,#5658,.F.);
#2903=ORIENTED_EDGE('',*,*,#5650,.F.);
#2904=CARTESIAN_POINT('',(-2.85,-3.2455,0.355));
#2905=DIRECTION('',(0.0,-1.0,0.0));
#2906=DIRECTION('',(0.0,0.0,1.0));
#2907=ORIENTED_EDGE('',*,*,#5622,.T.);
#2908=ORIENTED_EDGE('',*,*,#5656,.F.);
#2909=ORIENTED_EDGE('',*,*,#5641,.F.);
#2910=ORIENTED_EDGE('',*,*,#5659,.T.);
#2911=CARTESIAN_POINT('',(-2.85,-5.69,0.355));
#2912=DIRECTION('',(-0.0,1.0,0.0));
#2913=DIRECTION('',(1.0,0.0,0.0));
#2914=ORIENTED_EDGE('',*,*,#5623,.T.);
#2915=ORIENTED_EDGE('',*,*,#5659,.F.);
#2916=ORIENTED_EDGE('',*,*,#5640,.F.);
#2917=ORIENTED_EDGE('',*,*,#5660,.T.);
#2918=CARTESIAN_POINT('',(-2.85,-3.2455,0.355));
#2919=DIRECTION('',(0.0,-1.0,0.0));
#2920=DIRECTION('',(0.0,0.0,1.0));
#2921=ORIENTED_EDGE('',*,*,#5624,.F.);
#2922=ORIENTED_EDGE('',*,*,#5660,.F.);
#2923=ORIENTED_EDGE('',*,*,#5639,.F.);
#2924=ORIENTED_EDGE('',*,*,#5649,.F.);
#2925=ORIENTED_EDGE('',*,*,#5661,.T.);
#2926=ORIENTED_EDGE('',*,*,#5645,.T.);
#2927=CARTESIAN_POINT('',(-2.85,-6.5175,0.355));
#2928=DIRECTION('',(-0.0,1.0,-0.0));
#2929=DIRECTION('',(0.0,0.0,1.0));
#2930=ORIENTED_EDGE('',*,*,#5648,.F.);
#2931=ORIENTED_EDGE('',*,*,#5662,.T.);
#2932=ORIENTED_EDGE('',*,*,#5646,.T.);
#2933=ORIENTED_EDGE('',*,*,#5661,.F.);
#2934=CARTESIAN_POINT('',(-2.85,-6.87,0.355));
#2935=DIRECTION('',(0.0,1.0,0.0));
#2936=DIRECTION('',(0.0,0.0,1.0));
#2937=ORIENTED_EDGE('',*,*,#5647,.F.);
#2938=ORIENTED_EDGE('',*,*,#5662,.F.);
#2939=CARTESIAN_POINT('',(-2.85,-7.12,0.355));
#2940=DIRECTION('',(-0.0,1.0,0.0));
#2941=DIRECTION('',(1.0,0.0,0.0));
#2942=ORIENTED_EDGE('',*,*,#5654,.F.);
#2943=ORIENTED_EDGE('',*,*,#5663,.F.);
#2944=ORIENTED_EDGE('',*,*,#5664,.F.);
#2945=ORIENTED_EDGE('',*,*,#5657,.T.);
#2946=CARTESIAN_POINT('',(7.825,-3.94,4.955));
#2947=DIRECTION('',(-0.0,1.0,0.0));
#2948=DIRECTION('',(1.0,0.0,0.0));
#2949=ORIENTED_EDGE('',*,*,#5651,.F.);
#2950=ORIENTED_EDGE('',*,*,#5658,.T.);
#2951=ORIENTED_EDGE('',*,*,#5665,.F.);
#2952=ORIENTED_EDGE('',*,*,#5666,.F.);
#2953=CARTESIAN_POINT('',(7.825,-3.94,4.955));
#2954=DIRECTION('',(-0.0,1.0,0.0));
#2955=DIRECTION('',(1.0,0.0,0.0));
#2956=ORIENTED_EDGE('',*,*,#5667,.T.);
#2957=ORIENTED_EDGE('',*,*,#5665,.T.);
#2958=ORIENTED_EDGE('',*,*,#5664,.T.);
#2959=ORIENTED_EDGE('',*,*,#5668,.F.);
#2960=ORIENTED_EDGE('',*,*,#5599,.T.);
#2961=CARTESIAN_POINT('',(-3.85,-3.43,-3.655));
#2962=DIRECTION('',(1.0,0.0,0.0));
#2963=DIRECTION('',(0.0,1.0,0.0));
#2964=ORIENTED_EDGE('',*,*,#5652,.T.);
#2965=ORIENTED_EDGE('',*,*,#5666,.T.);
#2966=ORIENTED_EDGE('',*,*,#5667,.F.);
#2967=ORIENTED_EDGE('',*,*,#5598,.F.);
#2968=CARTESIAN_POINT('',(-2.85,-3.43,-3.655));
#2969=DIRECTION('',(0.0,0.0,1.0));
#2970=DIRECTION('',(1.0,0.0,0.0));
#2971=ORIENTED_EDGE('',*,*,#5653,.F.);
#2972=ORIENTED_EDGE('',*,*,#5600,.F.);
#2973=ORIENTED_EDGE('',*,*,#5668,.T.);
#2974=ORIENTED_EDGE('',*,*,#5663,.T.);
#2975=CARTESIAN_POINT('',(-3.85,-3.43,3.545));
#2976=DIRECTION('',(0.0,0.0,-1.0));
#2977=DIRECTION('',(0.0,-1.0,0.0));
#2978=ORIENTED_EDGE('',*,*,#5496,.F.);
#2979=ORIENTED_EDGE('',*,*,#5669,.T.);
#2980=ORIENTED_EDGE('',*,*,#5670,.T.);
#2981=ORIENTED_EDGE('',*,*,#5671,.T.);
#2982=CARTESIAN_POINT('',(-1.18,0.0,0.0));
#2983=DIRECTION('',(1.0,0.0,0.0));
#2984=DIRECTION('',(0.0,1.0,0.0));
#2985=ORIENTED_EDGE('',*,*,#5672,.T.);
#2986=ORIENTED_EDGE('',*,*,#5673,.T.);
#2987=ORIENTED_EDGE('',*,*,#5674,.T.);
#2988=ORIENTED_EDGE('',*,*,#5675,.T.);
#2989=CARTESIAN_POINT('',(-1.18,0.0,0.0));
#2990=DIRECTION('',(1.0,0.0,0.0));
#2991=DIRECTION('',(0.0,1.0,0.0));
#2992=ORIENTED_EDGE('',*,*,#5676,.T.);
#2993=ORIENTED_EDGE('',*,*,#5677,.T.);
#2994=ORIENTED_EDGE('',*,*,#5678,.T.);
#2995=ORIENTED_EDGE('',*,*,#5679,.T.);
#2996=CARTESIAN_POINT('',(-1.18,0.0,0.0));
#2997=DIRECTION('',(1.0,0.0,0.0));
#2998=DIRECTION('',(0.0,1.0,0.0));
#2999=ORIENTED_EDGE('',*,*,#5680,.T.);
#3000=ORIENTED_EDGE('',*,*,#5681,.T.);
#3001=ORIENTED_EDGE('',*,*,#5682,.T.);
#3002=ORIENTED_EDGE('',*,*,#5498,.F.);
#3003=ORIENTED_EDGE('',*,*,#5683,.T.);
#3004=ORIENTED_EDGE('',*,*,#5684,.T.);
#3005=CARTESIAN_POINT('',(-1.18,0.0,0.0));
#3006=DIRECTION('',(1.0,0.0,0.0));
#3007=DIRECTION('',(0.0,1.0,0.0));
#3008=ORIENTED_EDGE('',*,*,#5685,.F.);
#3009=ORIENTED_EDGE('',*,*,#5686,.T.);
#3010=ORIENTED_EDGE('',*,*,#5535,.T.);
#3011=ORIENTED_EDGE('',*,*,#5574,.T.);
#3012=CARTESIAN_POINT('',(-1.18,0.0,0.0));
#3013=DIRECTION('',(1.0,0.0,0.0));
#3014=DIRECTION('',(0.0,1.0,0.0));
#3015=ORIENTED_EDGE('',*,*,#5671,.F.);
#3016=ORIENTED_EDGE('',*,*,#5687,.T.);
#3017=ORIENTED_EDGE('',*,*,#5688,.T.);
#3018=ORIENTED_EDGE('',*,*,#5689,.T.);
#3019=ORIENTED_EDGE('',*,*,#5690,.T.);
#3020=ORIENTED_EDGE('',*,*,#5691,.T.);
#3021=CARTESIAN_POINT('',(-1.18,0.32,-4.955));
#3022=DIRECTION('',(-0.0,1.0,0.0));
#3023=DIRECTION('',(1.0,0.0,0.0));
#3024=ORIENTED_EDGE('',*,*,#5534,.T.);
#3025=ORIENTED_EDGE('',*,*,#5450,.F.);
#3026=ORIENTED_EDGE('',*,*,#5403,.T.);
#3027=ORIENTED_EDGE('',*,*,#5575,.T.);
#3028=CARTESIAN_POINT('',(-1.18,3.43,-3.655));
#3029=DIRECTION('',(1.0,0.0,0.0));
#3030=DIRECTION('',(0.0,1.0,0.0));
#3031=ORIENTED_EDGE('',*,*,#5495,.F.);
#3032=ORIENTED_EDGE('',*,*,#5692,.F.);
#3033=ORIENTED_EDGE('',*,*,#5693,.F.);
#3034=ORIENTED_EDGE('',*,*,#5694,.T.);
#3035=CARTESIAN_POINT('',(-1.18,3.43,-3.655));
#3036=DIRECTION('',(1.0,0.0,0.0));
#3037=DIRECTION('',(0.0,1.0,0.0));
#3038=ORIENTED_EDGE('',*,*,#5695,.F.);
#3039=ORIENTED_EDGE('',*,*,#5696,.F.);
#3040=ORIENTED_EDGE('',*,*,#5407,.F.);
#3041=ORIENTED_EDGE('',*,*,#5697,.F.);
#3042=ORIENTED_EDGE('',*,*,#5499,.F.);
#3043=ORIENTED_EDGE('',*,*,#5698,.F.);
#3044=CARTESIAN_POINT('',(-1.18,3.43,-3.655));
#3045=DIRECTION('',(1.0,0.0,0.0));
#3046=DIRECTION('',(0.0,1.0,0.0));
#3047=ORIENTED_EDGE('',*,*,#5699,.F.);
#3048=ORIENTED_EDGE('',*,*,#5700,.T.);
#3049=ORIENTED_EDGE('',*,*,#5497,.F.);
#3050=ORIENTED_EDGE('',*,*,#5691,.F.);
#3051=CARTESIAN_POINT('',(-1.18,3.43,-3.655));
#3052=DIRECTION('',(1.0,0.0,0.0));
#3053=DIRECTION('',(0.0,1.0,0.0));
#3054=ORIENTED_EDGE('',*,*,#5669,.F.);
#3055=ORIENTED_EDGE('',*,*,#5694,.F.);
#3056=ORIENTED_EDGE('',*,*,#5701,.F.);
#3057=ORIENTED_EDGE('',*,*,#5702,.F.);
#3058=ORIENTED_EDGE('',*,*,#5703,.T.);
#3059=ORIENTED_EDGE('',*,*,#5704,.F.);
#3060=CARTESIAN_POINT('',(-1.18,-0.32,-3.655));
#3061=DIRECTION('',(0.0,-1.0,0.0));
#3062=DIRECTION('',(0.0,0.0,-1.0));
#3063=ORIENTED_EDGE('',*,*,#5670,.F.);
#3064=ORIENTED_EDGE('',*,*,#5704,.T.);
#3065=ORIENTED_EDGE('',*,*,#5705,.T.);
#3066=ORIENTED_EDGE('',*,*,#5687,.F.);
#3067=CARTESIAN_POINT('',(-1.18,-0.32,-4.955));
#3068=DIRECTION('',(0.0,0.0,-1.0));
#3069=DIRECTION('',(0.0,-1.0,0.0));
#3070=ORIENTED_EDGE('',*,*,#5492,.T.);
#3071=ORIENTED_EDGE('',*,*,#5688,.F.);
#3072=ORIENTED_EDGE('',*,*,#5705,.F.);
#3073=ORIENTED_EDGE('',*,*,#5703,.F.);
#3074=CARTESIAN_POINT('',(-1.82,0.0,0.0));
#3075=DIRECTION('',(1.0,0.0,0.0));
#3076=DIRECTION('',(0.0,1.0,0.0));
#3077=ORIENTED_EDGE('',*,*,#5706,.T.);
#3078=ORIENTED_EDGE('',*,*,#5707,.F.);
#3079=ORIENTED_EDGE('',*,*,#5708,.F.);
#3080=ORIENTED_EDGE('',*,*,#5709,.F.);
#3081=CARTESIAN_POINT('',(-1.82,0.0,0.0));
#3082=DIRECTION('',(1.0,0.0,0.0));
#3083=DIRECTION('',(0.0,1.0,0.0));
#3084=ORIENTED_EDGE('',*,*,#5710,.T.);
#3085=ORIENTED_EDGE('',*,*,#5711,.F.);
#3086=ORIENTED_EDGE('',*,*,#5712,.F.);
#3087=ORIENTED_EDGE('',*,*,#5713,.F.);
#3088=CARTESIAN_POINT('',(-1.82,0.0,0.0));
#3089=DIRECTION('',(1.0,0.0,0.0));
#3090=DIRECTION('',(0.0,1.0,0.0));
#3091=ORIENTED_EDGE('',*,*,#5714,.T.);
#3092=ORIENTED_EDGE('',*,*,#5715,.F.);
#3093=ORIENTED_EDGE('',*,*,#5716,.F.);
#3094=ORIENTED_EDGE('',*,*,#5490,.T.);
#3095=ORIENTED_EDGE('',*,*,#5717,.F.);
#3096=ORIENTED_EDGE('',*,*,#5718,.F.);
#3097=CARTESIAN_POINT('',(-1.82,0.0,0.0));
#3098=DIRECTION('',(1.0,0.0,0.0));
#3099=DIRECTION('',(0.0,1.0,0.0));
#3100=ORIENTED_EDGE('',*,*,#5719,.T.);
#3101=ORIENTED_EDGE('',*,*,#5595,.F.);
#3102=ORIENTED_EDGE('',*,*,#5537,.F.);
#3103=ORIENTED_EDGE('',*,*,#5720,.T.);
#3104=CARTESIAN_POINT('',(-1.82,0.0,0.0));
#3105=DIRECTION('',(1.0,0.0,0.0));
#3106=DIRECTION('',(0.0,1.0,0.0));
#3107=ORIENTED_EDGE('',*,*,#5706,.F.);
#3108=ORIENTED_EDGE('',*,*,#5721,.F.);
#3109=ORIENTED_EDGE('',*,*,#5722,.T.);
#3110=ORIENTED_EDGE('',*,*,#5723,.F.);
#3111=CARTESIAN_POINT('',(-1.73,1.5,2.055));
#3112=DIRECTION('',(-0.984183323973689,0.0,0.177152998315298));
#3113=DIRECTION('',(0.0,1.0,0.0));
#3114=ORIENTED_EDGE('',*,*,#5724,.T.);
#3115=ORIENTED_EDGE('',*,*,#5725,.T.);
#3116=ORIENTED_EDGE('',*,*,#5723,.T.);
#3117=ORIENTED_EDGE('',*,*,#5726,.F.);
#3118=CARTESIAN_POINT('',(-1.5,1.73,2.055));
#3119=DIRECTION('',(0.0,0.984183323973689,0.177152998315298));
#3120=DIRECTION('',(1.0,0.0,-0.0));
#3121=ORIENTED_EDGE('',*,*,#5727,.T.);
#3122=ORIENTED_EDGE('',*,*,#5728,.F.);
#3123=ORIENTED_EDGE('',*,*,#5672,.F.);
#3124=ORIENTED_EDGE('',*,*,#5724,.F.);
#3125=CARTESIAN_POINT('',(-1.27,1.5,2.055));
#3126=DIRECTION('',(0.984183323973689,0.0,0.177152998315298));
#3127=DIRECTION('',(0.0,-1.0,0.0));
#3128=ORIENTED_EDGE('',*,*,#5729,.F.);
#3129=ORIENTED_EDGE('',*,*,#5727,.F.);
#3130=ORIENTED_EDGE('',*,*,#5726,.T.);
#3131=ORIENTED_EDGE('',*,*,#5722,.F.);
#3132=CARTESIAN_POINT('',(-1.18,1.82,2.555));
#3133=DIRECTION('',(0.0,0.0,1.0));
#3134=DIRECTION('',(1.0,0.0,0.0));
#3135=ORIENTED_EDGE('',*,*,#5729,.T.);
#3136=ORIENTED_EDGE('',*,*,#5721,.T.);
#3137=ORIENTED_EDGE('',*,*,#5730,.F.);
#3138=ORIENTED_EDGE('',*,*,#5728,.T.);
#3139=CARTESIAN_POINT('',(-1.5,1.27,2.055));
#3140=DIRECTION('',(0.0,-0.984183323973689,0.177152998315298));
#3141=DIRECTION('',(-1.0,0.0,0.0));
#3142=ORIENTED_EDGE('',*,*,#5730,.T.);
#3143=ORIENTED_EDGE('',*,*,#5709,.T.);
#3144=ORIENTED_EDGE('',*,*,#5731,.T.);
#3145=ORIENTED_EDGE('',*,*,#5673,.F.);
#3146=CARTESIAN_POINT('',(-1.18,1.18,2.555));
#3147=DIRECTION('',(0.0,-1.0,0.0));
#3148=DIRECTION('',(0.0,0.0,-1.0));
#3149=ORIENTED_EDGE('',*,*,#5732,.T.);
#3150=ORIENTED_EDGE('',*,*,#5733,.T.);
#3151=ORIENTED_EDGE('',*,*,#5734,.T.);
#3152=ORIENTED_EDGE('',*,*,#5735,.T.);
#3153=ORIENTED_EDGE('',*,*,#5736,.T.);
#3154=ORIENTED_EDGE('',*,*,#5737,.F.);
#3155=ORIENTED_EDGE('',*,*,#5738,.F.);
#3156=ORIENTED_EDGE('',*,*,#5739,.T.);
#3157=ORIENTED_EDGE('',*,*,#5740,.T.);
#3158=CARTESIAN_POINT('',(-7.825,3.43,-1.645));
#3159=DIRECTION('',(0.0,0.0,1.0));
#3160=DIRECTION('',(1.0,0.0,0.0));
#3161=ORIENTED_EDGE('',*,*,#5741,.T.);
#3162=ORIENTED_EDGE('',*,*,#5742,.T.);
#3163=ORIENTED_EDGE('',*,*,#5743,.T.);
#3164=ORIENTED_EDGE('',*,*,#5744,.T.);
#3165=ORIENTED_EDGE('',*,*,#5745,.T.);
#3166=ORIENTED_EDGE('',*,*,#5746,.F.);
#3167=ORIENTED_EDGE('',*,*,#5747,.F.);
#3168=ORIENTED_EDGE('',*,*,#5748,.T.);
#3169=ORIENTED_EDGE('',*,*,#5749,.T.);
#3170=CARTESIAN_POINT('',(-7.825,3.43,-1.645));
#3171=DIRECTION('',(0.0,0.0,1.0));
#3172=DIRECTION('',(1.0,0.0,0.0));
#3173=ORIENTED_EDGE('',*,*,#5750,.T.);
#3174=ORIENTED_EDGE('',*,*,#5751,.T.);
#3175=ORIENTED_EDGE('',*,*,#5752,.T.);
#3176=ORIENTED_EDGE('',*,*,#5753,.T.);
#3177=ORIENTED_EDGE('',*,*,#5754,.T.);
#3178=ORIENTED_EDGE('',*,*,#5755,.F.);
#3179=ORIENTED_EDGE('',*,*,#5756,.F.);
#3180=ORIENTED_EDGE('',*,*,#5757,.T.);
#3181=ORIENTED_EDGE('',*,*,#5758,.T.);
#3182=CARTESIAN_POINT('',(-7.825,3.43,-1.645));
#3183=DIRECTION('',(0.0,0.0,1.0));
#3184=DIRECTION('',(1.0,0.0,0.0));
#3185=ORIENTED_EDGE('',*,*,#5759,.T.);
#3186=ORIENTED_EDGE('',*,*,#5760,.T.);
#3187=ORIENTED_EDGE('',*,*,#5761,.T.);
#3188=ORIENTED_EDGE('',*,*,#5762,.T.);
#3189=ORIENTED_EDGE('',*,*,#5763,.T.);
#3190=ORIENTED_EDGE('',*,*,#5764,.F.);
#3191=ORIENTED_EDGE('',*,*,#5765,.F.);
#3192=ORIENTED_EDGE('',*,*,#5766,.T.);
#3193=ORIENTED_EDGE('',*,*,#5767,.T.);
#3194=CARTESIAN_POINT('',(-7.825,3.43,-1.645));
#3195=DIRECTION('',(0.0,0.0,1.0));
#3196=DIRECTION('',(1.0,0.0,0.0));
#3197=ORIENTED_EDGE('',*,*,#5768,.T.);
#3198=ORIENTED_EDGE('',*,*,#5769,.T.);
#3199=ORIENTED_EDGE('',*,*,#5770,.T.);
#3200=ORIENTED_EDGE('',*,*,#5771,.T.);
#3201=ORIENTED_EDGE('',*,*,#5772,.T.);
#3202=ORIENTED_EDGE('',*,*,#5674,.F.);
#3203=ORIENTED_EDGE('',*,*,#5731,.F.);
#3204=ORIENTED_EDGE('',*,*,#5708,.T.);
#3205=ORIENTED_EDGE('',*,*,#5773,.T.);
#3206=CARTESIAN_POINT('',(-7.825,3.43,-1.645));
#3207=DIRECTION('',(0.0,0.0,1.0));
#3208=DIRECTION('',(1.0,0.0,0.0));
#3209=ORIENTED_EDGE('',*,*,#5774,.T.);
#3210=ORIENTED_EDGE('',*,*,#5775,.T.);
#3211=ORIENTED_EDGE('',*,*,#5776,.T.);
#3212=ORIENTED_EDGE('',*,*,#5777,.T.);
#3213=ORIENTED_EDGE('',*,*,#5778,.T.);
#3214=ORIENTED_EDGE('',*,*,#5678,.F.);
#3215=ORIENTED_EDGE('',*,*,#5779,.F.);
#3216=ORIENTED_EDGE('',*,*,#5712,.T.);
#3217=ORIENTED_EDGE('',*,*,#5780,.T.);
#3218=CARTESIAN_POINT('',(-7.825,3.43,-1.645));
#3219=DIRECTION('',(0.0,0.0,1.0));
#3220=DIRECTION('',(1.0,0.0,0.0));
#3221=ORIENTED_EDGE('',*,*,#5781,.T.);
#3222=ORIENTED_EDGE('',*,*,#5782,.T.);
#3223=ORIENTED_EDGE('',*,*,#5783,.T.);
#3224=ORIENTED_EDGE('',*,*,#5784,.T.);
#3225=ORIENTED_EDGE('',*,*,#5785,.T.);
#3226=ORIENTED_EDGE('',*,*,#5549,.F.);
#3227=ORIENTED_EDGE('',*,*,#5786,.F.);
#3228=ORIENTED_EDGE('',*,*,#5787,.T.);
#3229=ORIENTED_EDGE('',*,*,#5788,.T.);
#3230=CARTESIAN_POINT('',(-7.825,3.43,-1.645));
#3231=DIRECTION('',(0.0,0.0,1.0));
#3232=DIRECTION('',(1.0,0.0,0.0));
#3233=ORIENTED_EDGE('',*,*,#5789,.T.);
#3234=ORIENTED_EDGE('',*,*,#5790,.T.);
#3235=ORIENTED_EDGE('',*,*,#5791,.T.);
#3236=ORIENTED_EDGE('',*,*,#5792,.T.);
#3237=ORIENTED_EDGE('',*,*,#5545,.F.);
#3238=ORIENTED_EDGE('',*,*,#5793,.F.);
#3239=ORIENTED_EDGE('',*,*,#5794,.T.);
#3240=ORIENTED_EDGE('',*,*,#5795,.T.);
#3241=CARTESIAN_POINT('',(-7.825,3.43,-1.645));
#3242=DIRECTION('',(0.0,0.0,1.0));
#3243=DIRECTION('',(1.0,0.0,0.0));
#3244=ORIENTED_EDGE('',*,*,#5796,.T.);
#3245=ORIENTED_EDGE('',*,*,#5797,.T.);
#3246=ORIENTED_EDGE('',*,*,#5732,.F.);
#3247=ORIENTED_EDGE('',*,*,#5798,.F.);
#3248=CARTESIAN_POINT('',(3.23,2.77,4.955));
#3249=DIRECTION('',(-1.0,0.0,0.0));
#3250=DIRECTION('',(0.0,0.0,1.0));
#3251=ORIENTED_EDGE('',*,*,#5312,.T.);
#3252=ORIENTED_EDGE('',*,*,#5345,.F.);
#3253=ORIENTED_EDGE('',*,*,#5360,.F.);
#3254=ORIENTED_EDGE('',*,*,#5351,.T.);
#3255=ORIENTED_EDGE('',*,*,#5273,.F.);
#3256=ORIENTED_EDGE('',*,*,#5355,.T.);
#3257=ORIENTED_EDGE('',*,*,#5587,.T.);
#3258=ORIENTED_EDGE('',*,*,#5346,.F.);
#3259=ORIENTED_EDGE('',*,*,#5799,.F.);
#3260=ORIENTED_EDGE('',*,*,#5796,.F.);
#3261=ORIENTED_EDGE('',*,*,#5800,.F.);
#3262=ORIENTED_EDGE('',*,*,#5801,.F.);
#3263=ORIENTED_EDGE('',*,*,#5802,.F.);
#3264=ORIENTED_EDGE('',*,*,#5803,.F.);
#3265=ORIENTED_EDGE('',*,*,#5804,.F.);
#3266=ORIENTED_EDGE('',*,*,#5805,.F.);
#3267=ORIENTED_EDGE('',*,*,#5806,.F.);
#3268=ORIENTED_EDGE('',*,*,#5807,.F.);
#3269=ORIENTED_EDGE('',*,*,#5808,.F.);
#3270=ORIENTED_EDGE('',*,*,#5809,.F.);
#3271=ORIENTED_EDGE('',*,*,#5810,.F.);
#3272=ORIENTED_EDGE('',*,*,#5811,.F.);
#3273=ORIENTED_EDGE('',*,*,#5812,.F.);
#3274=ORIENTED_EDGE('',*,*,#5813,.F.);
#3275=ORIENTED_EDGE('',*,*,#5814,.F.);
#3276=ORIENTED_EDGE('',*,*,#5815,.F.);
#3277=ORIENTED_EDGE('',*,*,#5816,.F.);
#3278=ORIENTED_EDGE('',*,*,#5817,.F.);
#3279=ORIENTED_EDGE('',*,*,#5818,.F.);
#3280=ORIENTED_EDGE('',*,*,#5819,.F.);
#3281=ORIENTED_EDGE('',*,*,#5820,.F.);
#3282=ORIENTED_EDGE('',*,*,#5821,.F.);
#3283=ORIENTED_EDGE('',*,*,#5822,.F.);
#3284=ORIENTED_EDGE('',*,*,#5823,.F.);
#3285=ORIENTED_EDGE('',*,*,#5824,.F.);
#3286=ORIENTED_EDGE('',*,*,#5825,.F.);
#3287=ORIENTED_EDGE('',*,*,#5826,.F.);
#3288=ORIENTED_EDGE('',*,*,#5827,.F.);
#3289=ORIENTED_EDGE('',*,*,#5828,.F.);
#3290=ORIENTED_EDGE('',*,*,#5829,.F.);
#3291=ORIENTED_EDGE('',*,*,#5830,.F.);
#3292=ORIENTED_EDGE('',*,*,#5831,.F.);
#3293=ORIENTED_EDGE('',*,*,#5832,.F.);
#3294=ORIENTED_EDGE('',*,*,#5833,.F.);
#3295=ORIENTED_EDGE('',*,*,#5834,.F.);
#3296=ORIENTED_EDGE('',*,*,#5835,.F.);
#3297=ORIENTED_EDGE('',*,*,#5836,.F.);
#3298=CARTESIAN_POINT('',(-7.825,3.43,4.955));
#3299=DIRECTION('',(0.0,0.0,1.0));
#3300=DIRECTION('',(1.0,0.0,0.0));
#3301=ORIENTED_EDGE('',*,*,#5799,.T.);
#3302=ORIENTED_EDGE('',*,*,#5837,.T.);
#3303=ORIENTED_EDGE('',*,*,#5733,.F.);
#3304=ORIENTED_EDGE('',*,*,#5797,.F.);
#3305=CARTESIAN_POINT('',(3.23,0.93,4.955));
#3306=DIRECTION('',(-0.707106781186548,-0.707106781186548,0.0));
#3307=DIRECTION('',(-0.707106781186548,0.707106781186548,0.0));
#3308=ORIENTED_EDGE('',*,*,#5802,.T.);
#3309=ORIENTED_EDGE('',*,*,#5838,.T.);
#3310=ORIENTED_EDGE('',*,*,#5734,.F.);
#3311=ORIENTED_EDGE('',*,*,#5837,.F.);
#3312=CARTESIAN_POINT('',(3.93,0.23,4.955));
#3313=DIRECTION('',(0.0,-1.0,0.0));
#3314=DIRECTION('',(0.0,0.0,-1.0));
#3315=ORIENTED_EDGE('',*,*,#5801,.T.);
#3316=ORIENTED_EDGE('',*,*,#5839,.T.);
#3317=ORIENTED_EDGE('',*,*,#5735,.F.);
#3318=ORIENTED_EDGE('',*,*,#5838,.F.);
#3319=CARTESIAN_POINT('',(5.77,0.23,4.955));
#3320=DIRECTION('',(1.0,0.0,0.0));
#3321=DIRECTION('',(0.0,1.0,0.0));
#3322=ORIENTED_EDGE('',*,*,#5800,.T.);
#3323=ORIENTED_EDGE('',*,*,#5798,.T.);
#3324=ORIENTED_EDGE('',*,*,#5736,.F.);
#3325=ORIENTED_EDGE('',*,*,#5839,.F.);
#3326=CARTESIAN_POINT('',(5.77,2.77,4.955));
#3327=DIRECTION('',(-0.0,1.0,0.0));
#3328=DIRECTION('',(1.0,0.0,0.0));
#3329=ORIENTED_EDGE('',*,*,#5803,.T.);
#3330=ORIENTED_EDGE('',*,*,#5840,.T.);
#3331=ORIENTED_EDGE('',*,*,#5741,.F.);
#3332=ORIENTED_EDGE('',*,*,#5841,.F.);
#3333=CARTESIAN_POINT('',(5.77,-0.23,4.955));
#3334=DIRECTION('',(-0.0,1.0,0.0));
#3335=DIRECTION('',(1.0,0.0,0.0));
#3336=ORIENTED_EDGE('',*,*,#5804,.T.);
#3337=ORIENTED_EDGE('',*,*,#5841,.T.);
#3338=ORIENTED_EDGE('',*,*,#5745,.F.);
#3339=ORIENTED_EDGE('',*,*,#5842,.F.);
#3340=CARTESIAN_POINT('',(5.77,-2.77,4.955));
#3341=DIRECTION('',(1.0,0.0,0.0));
#3342=DIRECTION('',(0.0,1.0,0.0));
#3343=ORIENTED_EDGE('',*,*,#5805,.T.);
#3344=ORIENTED_EDGE('',*,*,#5842,.T.);
#3345=ORIENTED_EDGE('',*,*,#5744,.F.);
#3346=ORIENTED_EDGE('',*,*,#5843,.F.);
#3347=CARTESIAN_POINT('',(3.93,-2.77,4.955));
#3348=DIRECTION('',(0.0,-1.0,0.0));
#3349=DIRECTION('',(0.0,0.0,-1.0));
#3350=ORIENTED_EDGE('',*,*,#5806,.T.);
#3351=ORIENTED_EDGE('',*,*,#5843,.T.);
#3352=ORIENTED_EDGE('',*,*,#5743,.F.);
#3353=ORIENTED_EDGE('',*,*,#5844,.F.);
#3354=CARTESIAN_POINT('',(3.23,-2.07,4.955));
#3355=DIRECTION('',(-0.707106781186548,-0.707106781186548,0.0));
#3356=DIRECTION('',(-0.707106781186548,0.707106781186548,0.0));
#3357=ORIENTED_EDGE('',*,*,#5807,.T.);
#3358=ORIENTED_EDGE('',*,*,#5844,.T.);
#3359=ORIENTED_EDGE('',*,*,#5742,.F.);
#3360=ORIENTED_EDGE('',*,*,#5840,.F.);
#3361=CARTESIAN_POINT('',(3.23,-0.23,4.955));
#3362=DIRECTION('',(-1.0,0.0,0.0));
#3363=DIRECTION('',(0.0,0.0,1.0));
#3364=ORIENTED_EDGE('',*,*,#5808,.T.);
#3365=ORIENTED_EDGE('',*,*,#5845,.T.);
#3366=ORIENTED_EDGE('',*,*,#5781,.F.);
#3367=ORIENTED_EDGE('',*,*,#5846,.F.);
#3368=CARTESIAN_POINT('',(-5.77,-2.77,4.955));
#3369=DIRECTION('',(0.0,-1.0,0.0));
#3370=DIRECTION('',(0.0,0.0,-1.0));
#3371=ORIENTED_EDGE('',*,*,#5809,.T.);
#3372=ORIENTED_EDGE('',*,*,#5846,.T.);
#3373=ORIENTED_EDGE('',*,*,#5785,.F.);
#3374=ORIENTED_EDGE('',*,*,#5847,.F.);
#3375=CARTESIAN_POINT('',(-5.77,-0.23,4.955));
#3376=DIRECTION('',(-1.0,0.0,0.0));
#3377=DIRECTION('',(0.0,0.0,1.0));
#3378=ORIENTED_EDGE('',*,*,#5810,.T.);
#3379=ORIENTED_EDGE('',*,*,#5847,.T.);
#3380=ORIENTED_EDGE('',*,*,#5784,.F.);
#3381=ORIENTED_EDGE('',*,*,#5848,.F.);
#3382=CARTESIAN_POINT('',(-3.23,-0.23,4.955));
#3383=DIRECTION('',(-0.0,1.0,0.0));
#3384=DIRECTION('',(1.0,0.0,0.0));
#3385=ORIENTED_EDGE('',*,*,#5811,.T.);
#3386=ORIENTED_EDGE('',*,*,#5848,.T.);
#3387=ORIENTED_EDGE('',*,*,#5783,.F.);
#3388=ORIENTED_EDGE('',*,*,#5849,.F.);
#3389=CARTESIAN_POINT('',(-3.23,-2.07,4.955));
#3390=DIRECTION('',(1.0,0.0,0.0));
#3391=DIRECTION('',(0.0,1.0,0.0));
#3392=ORIENTED_EDGE('',*,*,#5812,.T.);
#3393=ORIENTED_EDGE('',*,*,#5849,.T.);
#3394=ORIENTED_EDGE('',*,*,#5782,.F.);
#3395=ORIENTED_EDGE('',*,*,#5845,.F.);
#3396=CARTESIAN_POINT('',(-3.93,-2.77,4.955));
#3397=DIRECTION('',(0.707106781186548,-0.707106781186548,0.0));
#3398=DIRECTION('',(0.0,0.0,-1.0));
#3399=ORIENTED_EDGE('',*,*,#5813,.T.);
#3400=ORIENTED_EDGE('',*,*,#5850,.T.);
#3401=ORIENTED_EDGE('',*,*,#5789,.F.);
#3402=ORIENTED_EDGE('',*,*,#5851,.F.);
#3403=CARTESIAN_POINT('',(-5.77,0.23,4.955));
#3404=DIRECTION('',(0.0,-1.0,0.0));
#3405=DIRECTION('',(0.0,0.0,-1.0));
#3406=ORIENTED_EDGE('',*,*,#5814,.T.);
#3407=ORIENTED_EDGE('',*,*,#5851,.T.);
#3408=ORIENTED_EDGE('',*,*,#5792,.F.);
#3409=ORIENTED_EDGE('',*,*,#5852,.F.);
#3410=CARTESIAN_POINT('',(-5.77,2.77,4.955));
#3411=DIRECTION('',(-1.0,0.0,0.0));
#3412=DIRECTION('',(0.0,0.0,1.0));
#3413=ORIENTED_EDGE('',*,*,#5815,.T.);
#3414=ORIENTED_EDGE('',*,*,#5852,.T.);
#3415=ORIENTED_EDGE('',*,*,#5791,.F.);
#3416=ORIENTED_EDGE('',*,*,#5853,.F.);
#3417=CARTESIAN_POINT('',(-3.23,2.77,4.955));
#3418=DIRECTION('',(-0.0,1.0,0.0));
#3419=DIRECTION('',(1.0,0.0,0.0));
#3420=ORIENTED_EDGE('',*,*,#5816,.T.);
#3421=ORIENTED_EDGE('',*,*,#5853,.T.);
#3422=ORIENTED_EDGE('',*,*,#5790,.F.);
#3423=ORIENTED_EDGE('',*,*,#5850,.F.);
#3424=CARTESIAN_POINT('',(-3.23,0.23,4.955));
#3425=DIRECTION('',(1.0,0.0,0.0));
#3426=DIRECTION('',(0.0,1.0,0.0));
#3427=ORIENTED_EDGE('',*,*,#5817,.T.);
#3428=ORIENTED_EDGE('',*,*,#5854,.T.);
#3429=ORIENTED_EDGE('',*,*,#5750,.F.);
#3430=ORIENTED_EDGE('',*,*,#5855,.F.);
#3431=CARTESIAN_POINT('',(0.23,-0.23,4.955));
#3432=DIRECTION('',(-1.0,0.0,0.0));
#3433=DIRECTION('',(0.0,0.0,1.0));
#3434=ORIENTED_EDGE('',*,*,#5818,.T.);
#3435=ORIENTED_EDGE('',*,*,#5855,.T.);
#3436=ORIENTED_EDGE('',*,*,#5754,.F.);
#3437=ORIENTED_EDGE('',*,*,#5856,.F.);
#3438=CARTESIAN_POINT('',(2.77,-0.23,4.955));
#3439=DIRECTION('',(-0.0,1.0,0.0));
#3440=DIRECTION('',(1.0,0.0,0.0));
#3441=ORIENTED_EDGE('',*,*,#5819,.T.);
#3442=ORIENTED_EDGE('',*,*,#5856,.T.);
#3443=ORIENTED_EDGE('',*,*,#5753,.F.);
#3444=ORIENTED_EDGE('',*,*,#5857,.F.);
#3445=CARTESIAN_POINT('',(2.77,-2.07,4.955));
#3446=DIRECTION('',(1.0,0.0,0.0));
#3447=DIRECTION('',(0.0,1.0,0.0));
#3448=ORIENTED_EDGE('',*,*,#5820,.T.);
#3449=ORIENTED_EDGE('',*,*,#5857,.T.);
#3450=ORIENTED_EDGE('',*,*,#5752,.F.);
#3451=ORIENTED_EDGE('',*,*,#5858,.F.);
#3452=CARTESIAN_POINT('',(2.07,-2.77,4.955));
#3453=DIRECTION('',(0.707106781186548,-0.707106781186548,0.0));
#3454=DIRECTION('',(0.0,0.0,-1.0));
#3455=ORIENTED_EDGE('',*,*,#5821,.T.);
#3456=ORIENTED_EDGE('',*,*,#5858,.T.);
#3457=ORIENTED_EDGE('',*,*,#5751,.F.);
#3458=ORIENTED_EDGE('',*,*,#5854,.F.);
#3459=CARTESIAN_POINT('',(0.23,-2.77,4.955));
#3460=DIRECTION('',(0.0,-1.0,0.0));
#3461=DIRECTION('',(0.0,0.0,-1.0));
#3462=ORIENTED_EDGE('',*,*,#5822,.T.);
#3463=ORIENTED_EDGE('',*,*,#5859,.T.);
#3464=ORIENTED_EDGE('',*,*,#5759,.F.);
#3465=ORIENTED_EDGE('',*,*,#5860,.F.);
#3466=CARTESIAN_POINT('',(0.23,0.23,4.955));
#3467=DIRECTION('',(0.0,-1.0,0.0));
#3468=DIRECTION('',(0.0,0.0,-1.0));
#3469=ORIENTED_EDGE('',*,*,#5823,.T.);
#3470=ORIENTED_EDGE('',*,*,#5860,.T.);
#3471=ORIENTED_EDGE('',*,*,#5763,.F.);
#3472=ORIENTED_EDGE('',*,*,#5861,.F.);
#3473=CARTESIAN_POINT('',(0.23,2.77,4.955));
#3474=DIRECTION('',(-1.0,0.0,0.0));
#3475=DIRECTION('',(0.0,0.0,1.0));
#3476=ORIENTED_EDGE('',*,*,#5824,.T.);
#3477=ORIENTED_EDGE('',*,*,#5861,.T.);
#3478=ORIENTED_EDGE('',*,*,#5762,.F.);
#3479=ORIENTED_EDGE('',*,*,#5862,.F.);
#3480=CARTESIAN_POINT('',(2.77,2.77,4.955));
#3481=DIRECTION('',(-0.0,1.0,0.0));
#3482=DIRECTION('',(1.0,0.0,0.0));
#3483=ORIENTED_EDGE('',*,*,#5825,.T.);
#3484=ORIENTED_EDGE('',*,*,#5862,.T.);
#3485=ORIENTED_EDGE('',*,*,#5761,.F.);
#3486=ORIENTED_EDGE('',*,*,#5863,.F.);
#3487=CARTESIAN_POINT('',(2.77,0.93,4.955));
#3488=DIRECTION('',(1.0,0.0,0.0));
#3489=DIRECTION('',(0.0,1.0,0.0));
#3490=ORIENTED_EDGE('',*,*,#5826,.T.);
#3491=ORIENTED_EDGE('',*,*,#5863,.T.);
#3492=ORIENTED_EDGE('',*,*,#5760,.F.);
#3493=ORIENTED_EDGE('',*,*,#5859,.F.);
#3494=CARTESIAN_POINT('',(2.07,0.23,4.955));
#3495=DIRECTION('',(0.707106781186548,-0.707106781186548,0.0));
#3496=DIRECTION('',(0.0,0.0,-1.0));
#3497=ORIENTED_EDGE('',*,*,#5827,.T.);
#3498=ORIENTED_EDGE('',*,*,#5864,.T.);
#3499=ORIENTED_EDGE('',*,*,#5768,.F.);
#3500=ORIENTED_EDGE('',*,*,#5865,.F.);
#3501=CARTESIAN_POINT('',(-2.07,0.23,4.955));
#3502=DIRECTION('',(0.0,-1.0,0.0));
#3503=DIRECTION('',(0.0,0.0,-1.0));
#3504=ORIENTED_EDGE('',*,*,#5828,.T.);
#3505=ORIENTED_EDGE('',*,*,#5865,.T.);
#3506=ORIENTED_EDGE('',*,*,#5772,.F.);
#3507=ORIENTED_EDGE('',*,*,#5866,.F.);
#3508=CARTESIAN_POINT('',(-2.77,0.93,4.955));
#3509=DIRECTION('',(-0.707106781186548,-0.707106781186548,0.0));
#3510=DIRECTION('',(-0.707106781186548,0.707106781186548,0.0));
#3511=ORIENTED_EDGE('',*,*,#5829,.T.);
#3512=ORIENTED_EDGE('',*,*,#5866,.T.);
#3513=ORIENTED_EDGE('',*,*,#5771,.F.);
#3514=ORIENTED_EDGE('',*,*,#5867,.F.);
#3515=CARTESIAN_POINT('',(-2.77,2.77,4.955));
#3516=DIRECTION('',(-1.0,0.0,0.0));
#3517=DIRECTION('',(0.0,0.0,1.0));
#3518=ORIENTED_EDGE('',*,*,#5830,.T.);
#3519=ORIENTED_EDGE('',*,*,#5867,.T.);
#3520=ORIENTED_EDGE('',*,*,#5770,.F.);
#3521=ORIENTED_EDGE('',*,*,#5868,.F.);
#3522=CARTESIAN_POINT('',(-0.2299999999999,2.77,4.955));
#3523=DIRECTION('',(-0.0,1.0,0.0));
#3524=DIRECTION('',(1.0,0.0,0.0));
#3525=ORIENTED_EDGE('',*,*,#5831,.T.);
#3526=ORIENTED_EDGE('',*,*,#5868,.T.);
#3527=ORIENTED_EDGE('',*,*,#5769,.F.);
#3528=ORIENTED_EDGE('',*,*,#5864,.F.);
#3529=CARTESIAN_POINT('',(-0.2299999999999,0.23,4.955));
#3530=DIRECTION('',(1.0,0.0,0.0));
#3531=DIRECTION('',(0.0,1.0,0.0));
#3532=ORIENTED_EDGE('',*,*,#5832,.T.);
#3533=ORIENTED_EDGE('',*,*,#5869,.T.);
#3534=ORIENTED_EDGE('',*,*,#5774,.F.);
#3535=ORIENTED_EDGE('',*,*,#5870,.F.);
#3536=CARTESIAN_POINT('',(-0.2299999999999,-0.23,4.955));
#3537=DIRECTION('',(-0.0,1.0,0.0));
#3538=DIRECTION('',(1.0,0.0,0.0));
#3539=ORIENTED_EDGE('',*,*,#5833,.T.);
#3540=ORIENTED_EDGE('',*,*,#5870,.T.);
#3541=ORIENTED_EDGE('',*,*,#5778,.F.);
#3542=ORIENTED_EDGE('',*,*,#5871,.F.);
#3543=CARTESIAN_POINT('',(-0.2299999999999,-2.77,4.955));
#3544=DIRECTION('',(1.0,0.0,0.0));
#3545=DIRECTION('',(0.0,1.0,0.0));
#3546=ORIENTED_EDGE('',*,*,#5834,.T.);
#3547=ORIENTED_EDGE('',*,*,#5871,.T.);
#3548=ORIENTED_EDGE('',*,*,#5777,.F.);
#3549=ORIENTED_EDGE('',*,*,#5872,.F.);
#3550=CARTESIAN_POINT('',(-2.07,-2.77,4.955));
#3551=DIRECTION('',(0.0,-1.0,0.0));
#3552=DIRECTION('',(0.0,0.0,-1.0));
#3553=ORIENTED_EDGE('',*,*,#5835,.T.);
#3554=ORIENTED_EDGE('',*,*,#5872,.T.);
#3555=ORIENTED_EDGE('',*,*,#5776,.F.);
#3556=ORIENTED_EDGE('',*,*,#5873,.F.);
#3557=CARTESIAN_POINT('',(-2.77,-2.07,4.955));
#3558=DIRECTION('',(-0.707106781186548,-0.707106781186548,0.0));
#3559=DIRECTION('',(-0.707106781186548,0.707106781186548,0.0));
#3560=ORIENTED_EDGE('',*,*,#5836,.T.);
#3561=ORIENTED_EDGE('',*,*,#5873,.T.);
#3562=ORIENTED_EDGE('',*,*,#5775,.F.);
#3563=ORIENTED_EDGE('',*,*,#5869,.F.);
#3564=CARTESIAN_POINT('',(-2.77,-0.23,4.955));
#3565=DIRECTION('',(-1.0,0.0,0.0));
#3566=DIRECTION('',(0.0,0.0,1.0));
#3567=ORIENTED_EDGE('',*,*,#5519,.F.);
#3568=ORIENTED_EDGE('',*,*,#5874,.T.);
#3569=ORIENTED_EDGE('',*,*,#5875,.T.);
#3570=ORIENTED_EDGE('',*,*,#5876,.T.);
#3571=CARTESIAN_POINT('',(4.82,0.0,0.0));
#3572=DIRECTION('',(1.0,0.0,0.0));
#3573=DIRECTION('',(0.0,1.0,0.0));
#3574=ORIENTED_EDGE('',*,*,#5877,.T.);
#3575=ORIENTED_EDGE('',*,*,#5878,.T.);
#3576=ORIENTED_EDGE('',*,*,#5737,.T.);
#3577=ORIENTED_EDGE('',*,*,#5879,.T.);
#3578=CARTESIAN_POINT('',(4.82,0.0,0.0));
#3579=DIRECTION('',(1.0,0.0,0.0));
#3580=DIRECTION('',(0.0,1.0,0.0));
#3581=ORIENTED_EDGE('',*,*,#5880,.T.);
#3582=ORIENTED_EDGE('',*,*,#5881,.T.);
#3583=ORIENTED_EDGE('',*,*,#5746,.T.);
#3584=ORIENTED_EDGE('',*,*,#5882,.T.);
#3585=CARTESIAN_POINT('',(4.82,0.0,0.0));
#3586=DIRECTION('',(1.0,0.0,0.0));
#3587=DIRECTION('',(0.0,1.0,0.0));
#3588=ORIENTED_EDGE('',*,*,#5883,.T.);
#3589=ORIENTED_EDGE('',*,*,#5884,.T.);
#3590=ORIENTED_EDGE('',*,*,#5885,.T.);
#3591=ORIENTED_EDGE('',*,*,#5520,.F.);
#3592=ORIENTED_EDGE('',*,*,#5886,.T.);
#3593=ORIENTED_EDGE('',*,*,#5887,.T.);
#3594=CARTESIAN_POINT('',(4.82,0.0,0.0));
#3595=DIRECTION('',(1.0,0.0,0.0));
#3596=DIRECTION('',(0.0,1.0,0.0));
#3597=ORIENTED_EDGE('',*,*,#5888,.T.);
#3598=ORIENTED_EDGE('',*,*,#5525,.T.);
#3599=ORIENTED_EDGE('',*,*,#5584,.T.);
#3600=ORIENTED_EDGE('',*,*,#5889,.T.);
#3601=CARTESIAN_POINT('',(4.82,0.0,0.0));
#3602=DIRECTION('',(1.0,0.0,0.0));
#3603=DIRECTION('',(0.0,1.0,0.0));
#3604=ORIENTED_EDGE('',*,*,#5876,.F.);
#3605=ORIENTED_EDGE('',*,*,#5890,.T.);
#3606=ORIENTED_EDGE('',*,*,#5891,.T.);
#3607=ORIENTED_EDGE('',*,*,#5892,.T.);
#3608=ORIENTED_EDGE('',*,*,#5893,.T.);
#3609=ORIENTED_EDGE('',*,*,#5440,.T.);
#3610=CARTESIAN_POINT('',(4.82,0.32,-4.955));
#3611=DIRECTION('',(-0.0,1.0,0.0));
#3612=DIRECTION('',(1.0,0.0,0.0));
#3613=ORIENTED_EDGE('',*,*,#5894,.F.);
#3614=ORIENTED_EDGE('',*,*,#5895,.T.);
#3615=ORIENTED_EDGE('',*,*,#5432,.T.);
#3616=ORIENTED_EDGE('',*,*,#5896,.F.);
#3617=CARTESIAN_POINT('',(4.18,3.43,-3.655));
#3618=DIRECTION('',(0.0,0.0,1.0));
#3619=DIRECTION('',(1.0,0.0,0.0));
#3620=ORIENTED_EDGE('',*,*,#5897,.F.);
#3621=ORIENTED_EDGE('',*,*,#5898,.T.);
#3622=ORIENTED_EDGE('',*,*,#5437,.T.);
#3623=ORIENTED_EDGE('',*,*,#5893,.F.);
#3624=CARTESIAN_POINT('',(4.18,3.43,-3.655));
#3625=DIRECTION('',(0.0,0.0,1.0));
#3626=DIRECTION('',(1.0,0.0,0.0));
#3627=ORIENTED_EDGE('',*,*,#5899,.T.);
#3628=ORIENTED_EDGE('',*,*,#5443,.T.);
#3629=ORIENTED_EDGE('',*,*,#5900,.F.);
#3630=ORIENTED_EDGE('',*,*,#5901,.F.);
#3631=CARTESIAN_POINT('',(4.18,3.43,-3.655));
#3632=DIRECTION('',(0.0,0.0,1.0));
#3633=DIRECTION('',(1.0,0.0,0.0));
#3634=ORIENTED_EDGE('',*,*,#5449,.T.);
#3635=ORIENTED_EDGE('',*,*,#5528,.F.);
#3636=ORIENTED_EDGE('',*,*,#5581,.F.);
#3637=ORIENTED_EDGE('',*,*,#5397,.F.);
#3638=CARTESIAN_POINT('',(4.18,3.43,-4.955));
#3639=DIRECTION('',(-1.0,0.0,0.0));
#3640=DIRECTION('',(0.0,0.0,1.0));
#3641=ORIENTED_EDGE('',*,*,#5894,.T.);
#3642=ORIENTED_EDGE('',*,*,#5902,.F.);
#3643=ORIENTED_EDGE('',*,*,#5513,.T.);
#3644=ORIENTED_EDGE('',*,*,#5903,.T.);
#3645=ORIENTED_EDGE('',*,*,#5401,.T.);
#3646=ORIENTED_EDGE('',*,*,#5904,.T.);
#3647=CARTESIAN_POINT('',(4.18,3.43,-4.955));
#3648=DIRECTION('',(-1.0,0.0,0.0));
#3649=DIRECTION('',(0.0,0.0,1.0));
#3650=ORIENTED_EDGE('',*,*,#5897,.T.);
#3651=ORIENTED_EDGE('',*,*,#5892,.F.);
#3652=ORIENTED_EDGE('',*,*,#5515,.T.);
#3653=ORIENTED_EDGE('',*,*,#5905,.T.);
#3654=CARTESIAN_POINT('',(4.18,3.43,-4.955));
#3655=DIRECTION('',(-1.0,0.0,0.0));
#3656=DIRECTION('',(0.0,0.0,1.0));
#3657=ORIENTED_EDGE('',*,*,#5517,.T.);
#3658=ORIENTED_EDGE('',*,*,#5906,.T.);
#3659=ORIENTED_EDGE('',*,*,#5901,.T.);
#3660=ORIENTED_EDGE('',*,*,#5907,.T.);
#3661=CARTESIAN_POINT('',(4.18,3.43,-4.955));
#3662=DIRECTION('',(-1.0,0.0,0.0));
#3663=DIRECTION('',(0.0,0.0,1.0));
#3664=ORIENTED_EDGE('',*,*,#5908,.F.);
#3665=ORIENTED_EDGE('',*,*,#5424,.F.);
#3666=ORIENTED_EDGE('',*,*,#5383,.T.);
#3667=ORIENTED_EDGE('',*,*,#5909,.T.);
#3668=ORIENTED_EDGE('',*,*,#5910,.T.);
#3669=ORIENTED_EDGE('',*,*,#5391,.F.);
#3670=ORIENTED_EDGE('',*,*,#5433,.T.);
#3671=ORIENTED_EDGE('',*,*,#5895,.F.);
#3672=ORIENTED_EDGE('',*,*,#5904,.F.);
#3673=ORIENTED_EDGE('',*,*,#5400,.F.);
#3674=ORIENTED_EDGE('',*,*,#5911,.T.);
#3675=ORIENTED_EDGE('',*,*,#5912,.F.);
#3676=ORIENTED_EDGE('',*,*,#5913,.F.);
#3677=ORIENTED_EDGE('',*,*,#5408,.F.);
#3678=ORIENTED_EDGE('',*,*,#5696,.T.);
#3679=ORIENTED_EDGE('',*,*,#5914,.F.);
#3680=ORIENTED_EDGE('',*,*,#5915,.F.);
#3681=ORIENTED_EDGE('',*,*,#5426,.F.);
#3682=ORIENTED_EDGE('',*,*,#5569,.T.);
#3683=ORIENTED_EDGE('',*,*,#5916,.F.);
#3684=CARTESIAN_POINT('',(-7.825,3.175,-4.955));
#3685=DIRECTION('',(-0.0,1.0,0.0));
#3686=DIRECTION('',(1.0,0.0,0.0));
#3687=ORIENTED_EDGE('',*,*,#5470,.F.);
#3688=ORIENTED_EDGE('',*,*,#5591,.F.);
#3689=ORIENTED_EDGE('',*,*,#5411,.F.);
#3690=ORIENTED_EDGE('',*,*,#5453,.T.);
#3691=CARTESIAN_POINT('',(-4.82,3.43,-4.955));
#3692=DIRECTION('',(-1.0,0.0,0.0));
#3693=DIRECTION('',(0.0,0.0,1.0));
#3694=ORIENTED_EDGE('',*,*,#5481,.T.);
#3695=ORIENTED_EDGE('',*,*,#5917,.T.);
#3696=ORIENTED_EDGE('',*,*,#5918,.T.);
#3697=ORIENTED_EDGE('',*,*,#5919,.T.);
#3698=CARTESIAN_POINT('',(-4.82,3.43,-4.955));
#3699=DIRECTION('',(-1.0,0.0,0.0));
#3700=DIRECTION('',(0.0,0.0,1.0));
#3701=ORIENTED_EDGE('',*,*,#5920,.T.);
#3702=ORIENTED_EDGE('',*,*,#5921,.F.);
#3703=ORIENTED_EDGE('',*,*,#5477,.T.);
#3704=ORIENTED_EDGE('',*,*,#5922,.T.);
#3705=ORIENTED_EDGE('',*,*,#5421,.T.);
#3706=ORIENTED_EDGE('',*,*,#5908,.T.);
#3707=CARTESIAN_POINT('',(-4.82,3.43,-4.955));
#3708=DIRECTION('',(-1.0,0.0,0.0));
#3709=DIRECTION('',(0.0,0.0,1.0));
#3710=ORIENTED_EDGE('',*,*,#5923,.T.);
#3711=ORIENTED_EDGE('',*,*,#5561,.F.);
#3712=ORIENTED_EDGE('',*,*,#5479,.T.);
#3713=ORIENTED_EDGE('',*,*,#5924,.T.);
#3714=CARTESIAN_POINT('',(-4.82,3.43,-4.955));
#3715=DIRECTION('',(-1.0,0.0,0.0));
#3716=DIRECTION('',(0.0,0.0,1.0));
#3717=ORIENTED_EDGE('',*,*,#5919,.F.);
#3718=ORIENTED_EDGE('',*,*,#5925,.T.);
#3719=ORIENTED_EDGE('',*,*,#5565,.T.);
#3720=ORIENTED_EDGE('',*,*,#5482,.T.);
#3721=CARTESIAN_POINT('',(-4.18,-1.18,-4.285));
#3722=DIRECTION('',(-0.0,1.0,0.0));
#3723=DIRECTION('',(1.0,0.0,0.0));
#3724=ORIENTED_EDGE('',*,*,#5926,.F.);
#3725=ORIENTED_EDGE('',*,*,#5550,.F.);
#3726=ORIENTED_EDGE('',*,*,#5788,.F.);
#3727=ORIENTED_EDGE('',*,*,#5927,.T.);
#3728=CARTESIAN_POINT('',(-4.18,-1.18,-4.285));
#3729=DIRECTION('',(-0.0,1.0,0.0));
#3730=DIRECTION('',(1.0,0.0,0.0));
#3731=ORIENTED_EDGE('',*,*,#5920,.F.);
#3732=ORIENTED_EDGE('',*,*,#5916,.T.);
#3733=ORIENTED_EDGE('',*,*,#5568,.T.);
#3734=ORIENTED_EDGE('',*,*,#5928,.F.);
#3735=CARTESIAN_POINT('',(-4.82,3.43,-3.655));
#3736=DIRECTION('',(0.0,0.0,1.0));
#3737=DIRECTION('',(1.0,0.0,0.0));
#3738=ORIENTED_EDGE('',*,*,#5923,.F.);
#3739=ORIENTED_EDGE('',*,*,#5929,.T.);
#3740=ORIENTED_EDGE('',*,*,#5572,.T.);
#3741=ORIENTED_EDGE('',*,*,#5562,.F.);
#3742=CARTESIAN_POINT('',(-4.82,3.43,-3.655));
#3743=DIRECTION('',(0.0,0.0,1.0));
#3744=DIRECTION('',(1.0,0.0,0.0));
#3745=ORIENTED_EDGE('',*,*,#5930,.T.);
#3746=ORIENTED_EDGE('',*,*,#5566,.T.);
#3747=ORIENTED_EDGE('',*,*,#5925,.F.);
#3748=ORIENTED_EDGE('',*,*,#5918,.F.);
#3749=CARTESIAN_POINT('',(-4.82,3.43,-3.655));
#3750=DIRECTION('',(0.0,0.0,1.0));
#3751=DIRECTION('',(1.0,0.0,0.0));
#3752=ORIENTED_EDGE('',*,*,#5921,.T.);
#3753=ORIENTED_EDGE('',*,*,#5928,.T.);
#3754=ORIENTED_EDGE('',*,*,#5571,.T.);
#3755=ORIENTED_EDGE('',*,*,#5553,.F.);
#3756=ORIENTED_EDGE('',*,*,#5931,.T.);
#3757=ORIENTED_EDGE('',*,*,#5932,.T.);
#3758=CARTESIAN_POINT('',(-4.18,1.589,-7.285));
#3759=DIRECTION('',(-0.0,1.0,0.0));
#3760=DIRECTION('',(1.0,0.0,0.0));
#3761=ORIENTED_EDGE('',*,*,#5480,.T.);
#3762=ORIENTED_EDGE('',*,*,#5560,.F.);
#3763=ORIENTED_EDGE('',*,*,#5933,.F.);
#3764=ORIENTED_EDGE('',*,*,#5934,.F.);
#3765=CARTESIAN_POINT('',(-4.82,0.0,0.0));
#3766=DIRECTION('',(1.0,0.0,0.0));
#3767=DIRECTION('',(0.0,1.0,0.0));
#3768=ORIENTED_EDGE('',*,*,#5935,.T.);
#3769=ORIENTED_EDGE('',*,*,#5936,.F.);
#3770=ORIENTED_EDGE('',*,*,#5794,.F.);
#3771=ORIENTED_EDGE('',*,*,#5937,.F.);
#3772=CARTESIAN_POINT('',(-4.82,0.0,0.0));
#3773=DIRECTION('',(1.0,0.0,0.0));
#3774=DIRECTION('',(0.0,1.0,0.0));
#3775=ORIENTED_EDGE('',*,*,#5938,.T.);
#3776=ORIENTED_EDGE('',*,*,#5927,.F.);
#3777=ORIENTED_EDGE('',*,*,#5787,.F.);
#3778=ORIENTED_EDGE('',*,*,#5939,.F.);
#3779=CARTESIAN_POINT('',(-4.82,0.0,0.0));
#3780=DIRECTION('',(1.0,0.0,0.0));
#3781=DIRECTION('',(0.0,1.0,0.0));
#3782=ORIENTED_EDGE('',*,*,#5940,.T.);
#3783=ORIENTED_EDGE('',*,*,#5941,.F.);
#3784=ORIENTED_EDGE('',*,*,#5942,.F.);
#3785=ORIENTED_EDGE('',*,*,#5478,.T.);
#3786=ORIENTED_EDGE('',*,*,#5932,.F.);
#3787=ORIENTED_EDGE('',*,*,#5943,.F.);
#3788=CARTESIAN_POINT('',(-4.82,0.0,0.0));
#3789=DIRECTION('',(1.0,0.0,0.0));
#3790=DIRECTION('',(0.0,1.0,0.0));
#3791=ORIENTED_EDGE('',*,*,#5944,.T.);
#3792=ORIENTED_EDGE('',*,*,#5945,.F.);
#3793=ORIENTED_EDGE('',*,*,#5592,.F.);
#3794=ORIENTED_EDGE('',*,*,#5469,.F.);
#3795=CARTESIAN_POINT('',(-4.82,0.0,0.0));
#3796=DIRECTION('',(1.0,0.0,0.0));
#3797=DIRECTION('',(0.0,1.0,0.0));
#3798=ORIENTED_EDGE('',*,*,#5540,.F.);
#3799=ORIENTED_EDGE('',*,*,#5567,.F.);
#3800=ORIENTED_EDGE('',*,*,#5930,.F.);
#3801=ORIENTED_EDGE('',*,*,#5917,.F.);
#3802=ORIENTED_EDGE('',*,*,#5934,.T.);
#3803=ORIENTED_EDGE('',*,*,#5946,.F.);
#3804=CARTESIAN_POINT('',(-4.18,-0.32,-3.655));
#3805=DIRECTION('',(0.0,-1.0,0.0));
#3806=DIRECTION('',(0.0,0.0,-1.0));
#3807=ORIENTED_EDGE('',*,*,#5541,.F.);
#3808=ORIENTED_EDGE('',*,*,#5946,.T.);
#3809=ORIENTED_EDGE('',*,*,#5933,.T.);
#3810=ORIENTED_EDGE('',*,*,#5559,.F.);
#3811=CARTESIAN_POINT('',(-4.18,-0.32,-4.955));
#3812=DIRECTION('',(0.0,0.0,-1.0));
#3813=DIRECTION('',(0.0,-1.0,0.0));
#3814=ORIENTED_EDGE('',*,*,#5935,.F.);
#3815=ORIENTED_EDGE('',*,*,#5947,.F.);
#3816=ORIENTED_EDGE('',*,*,#5948,.T.);
#3817=ORIENTED_EDGE('',*,*,#5949,.F.);
#3818=CARTESIAN_POINT('',(-4.73,1.5,2.055));
#3819=DIRECTION('',(-0.984183323973689,0.0,0.177152998315298));
#3820=DIRECTION('',(0.0,1.0,0.0));
#3821=ORIENTED_EDGE('',*,*,#5950,.T.);
#3822=ORIENTED_EDGE('',*,*,#5951,.T.);
#3823=ORIENTED_EDGE('',*,*,#5949,.T.);
#3824=ORIENTED_EDGE('',*,*,#5952,.F.);
#3825=CARTESIAN_POINT('',(-4.5,1.73,2.055));
#3826=DIRECTION('',(0.0,0.984183323973689,0.177152998315298));
#3827=DIRECTION('',(1.0,0.0,-0.0));
#3828=ORIENTED_EDGE('',*,*,#5953,.T.);
#3829=ORIENTED_EDGE('',*,*,#5954,.F.);
#3830=ORIENTED_EDGE('',*,*,#5543,.F.);
#3831=ORIENTED_EDGE('',*,*,#5950,.F.);
#3832=CARTESIAN_POINT('',(-4.27,1.5,2.055));
#3833=DIRECTION('',(0.984183323973689,0.0,0.177152998315298));
#3834=DIRECTION('',(0.0,-1.0,0.0));
#3835=ORIENTED_EDGE('',*,*,#5955,.F.);
#3836=ORIENTED_EDGE('',*,*,#5953,.F.);
#3837=ORIENTED_EDGE('',*,*,#5952,.T.);
#3838=ORIENTED_EDGE('',*,*,#5948,.F.);
#3839=CARTESIAN_POINT('',(-4.18,1.82,2.555));
#3840=DIRECTION('',(0.0,0.0,1.0));
#3841=DIRECTION('',(1.0,0.0,0.0));
#3842=ORIENTED_EDGE('',*,*,#5955,.T.);
#3843=ORIENTED_EDGE('',*,*,#5947,.T.);
#3844=ORIENTED_EDGE('',*,*,#5956,.F.);
#3845=ORIENTED_EDGE('',*,*,#5954,.T.);
#3846=CARTESIAN_POINT('',(-4.5,1.27,2.055));
#3847=DIRECTION('',(0.0,-0.984183323973689,0.177152998315298));
#3848=DIRECTION('',(-1.0,0.0,0.0));
#3849=ORIENTED_EDGE('',*,*,#5956,.T.);
#3850=ORIENTED_EDGE('',*,*,#5937,.T.);
#3851=ORIENTED_EDGE('',*,*,#5793,.T.);
#3852=ORIENTED_EDGE('',*,*,#5544,.F.);
#3853=CARTESIAN_POINT('',(-4.18,1.18,2.555));
#3854=DIRECTION('',(0.0,-1.0,0.0));
#3855=DIRECTION('',(0.0,0.0,-1.0));
#3856=ORIENTED_EDGE('',*,*,#5951,.F.);
#3857=ORIENTED_EDGE('',*,*,#5546,.F.);
#3858=ORIENTED_EDGE('',*,*,#5795,.F.);
#3859=ORIENTED_EDGE('',*,*,#5936,.T.);
#3860=CARTESIAN_POINT('',(-4.18,1.82,-3.655));
#3861=DIRECTION('',(-0.0,1.0,0.0));
#3862=DIRECTION('',(1.0,0.0,0.0));
#3863=ORIENTED_EDGE('',*,*,#5938,.F.);
#3864=ORIENTED_EDGE('',*,*,#5957,.F.);
#3865=ORIENTED_EDGE('',*,*,#5958,.T.);
#3866=ORIENTED_EDGE('',*,*,#5959,.T.);
#3867=CARTESIAN_POINT('',(-4.73,-1.5,2.055));
#3868=DIRECTION('',(-0.984183323973689,0.0,0.177152998315298));
#3869=DIRECTION('',(0.0,1.0,0.0));
#3870=ORIENTED_EDGE('',*,*,#5926,.T.);
#3871=ORIENTED_EDGE('',*,*,#5959,.F.);
#3872=ORIENTED_EDGE('',*,*,#5960,.F.);
#3873=ORIENTED_EDGE('',*,*,#5961,.T.);
#3874=CARTESIAN_POINT('',(-4.5,-1.27,2.055));
#3875=DIRECTION('',(0.0,0.984183323973689,0.177152998315298));
#3876=DIRECTION('',(1.0,0.0,-0.0));
#3877=ORIENTED_EDGE('',*,*,#5962,.T.);
#3878=ORIENTED_EDGE('',*,*,#5963,.F.);
#3879=ORIENTED_EDGE('',*,*,#5547,.F.);
#3880=ORIENTED_EDGE('',*,*,#5961,.F.);
#3881=CARTESIAN_POINT('',(-4.27,-1.5,2.055));
#3882=DIRECTION('',(0.984183323973689,0.0,0.177152998315298));
#3883=DIRECTION('',(0.0,-1.0,0.0));
#3884=ORIENTED_EDGE('',*,*,#5964,.F.);
#3885=ORIENTED_EDGE('',*,*,#5962,.F.);
#3886=ORIENTED_EDGE('',*,*,#5960,.T.);
#3887=ORIENTED_EDGE('',*,*,#5958,.F.);
#3888=CARTESIAN_POINT('',(-4.18,-1.18,2.555));
#3889=DIRECTION('',(0.0,0.0,1.0));
#3890=DIRECTION('',(1.0,0.0,0.0));
#3891=ORIENTED_EDGE('',*,*,#5964,.T.);
#3892=ORIENTED_EDGE('',*,*,#5957,.T.);
#3893=ORIENTED_EDGE('',*,*,#5965,.F.);
#3894=ORIENTED_EDGE('',*,*,#5963,.T.);
#3895=CARTESIAN_POINT('',(-4.5,-1.73,2.055));
#3896=DIRECTION('',(0.0,-0.984183323973689,0.177152998315298));
#3897=DIRECTION('',(-1.0,0.0,0.0));
#3898=ORIENTED_EDGE('',*,*,#5965,.T.);
#3899=ORIENTED_EDGE('',*,*,#5939,.T.);
#3900=ORIENTED_EDGE('',*,*,#5786,.T.);
#3901=ORIENTED_EDGE('',*,*,#5548,.F.);
#3902=CARTESIAN_POINT('',(-4.18,-1.82,2.555));
#3903=DIRECTION('',(0.0,-1.0,0.0));
#3904=DIRECTION('',(0.0,0.0,-1.0));
#3905=ORIENTED_EDGE('',*,*,#5940,.F.);
#3906=ORIENTED_EDGE('',*,*,#5966,.F.);
#3907=ORIENTED_EDGE('',*,*,#5967,.T.);
#3908=ORIENTED_EDGE('',*,*,#5968,.T.);
#3909=CARTESIAN_POINT('',(-4.73,-6.62,-6.965));
#3910=DIRECTION('',(-0.984183323973689,-0.177152998315298,0.0));
#3911=DIRECTION('',(-0.177152998315298,0.984183323973689,0.0));
#3912=ORIENTED_EDGE('',*,*,#5969,.T.);
#3913=ORIENTED_EDGE('',*,*,#5968,.F.);
#3914=ORIENTED_EDGE('',*,*,#5970,.F.);
#3915=ORIENTED_EDGE('',*,*,#5971,.T.);
#3916=CARTESIAN_POINT('',(-4.5,-6.62,-6.735));
#3917=DIRECTION('',(0.0,-0.177152998315298,0.984183323973689));
#3918=DIRECTION('',(-1.0,0.0,0.0));
#3919=ORIENTED_EDGE('',*,*,#5969,.F.);
#3920=ORIENTED_EDGE('',*,*,#5555,.F.);
#3921=ORIENTED_EDGE('',*,*,#5972,.T.);
#3922=ORIENTED_EDGE('',*,*,#5941,.T.);
#3923=CARTESIAN_POINT('',(-4.18,0.949,-6.645));
#3924=DIRECTION('',(0.0,0.0,1.0));
#3925=DIRECTION('',(1.0,0.0,0.0));
#3926=ORIENTED_EDGE('',*,*,#5924,.F.);
#3927=ORIENTED_EDGE('',*,*,#5942,.T.);
#3928=ORIENTED_EDGE('',*,*,#5972,.F.);
#3929=ORIENTED_EDGE('',*,*,#5554,.F.);
#3930=ORIENTED_EDGE('',*,*,#5573,.F.);
#3931=ORIENTED_EDGE('',*,*,#5929,.F.);
#3932=CARTESIAN_POINT('',(-4.18,0.949,-3.655));
#3933=DIRECTION('',(0.0,-1.0,0.0));
#3934=DIRECTION('',(0.0,0.0,-1.0));
#3935=ORIENTED_EDGE('',*,*,#5973,.T.);
#3936=ORIENTED_EDGE('',*,*,#5974,.F.);
#3937=ORIENTED_EDGE('',*,*,#5551,.F.);
#3938=ORIENTED_EDGE('',*,*,#5971,.F.);
#3939=CARTESIAN_POINT('',(-4.27,-6.62,-6.965));
#3940=DIRECTION('',(0.984183323973689,-0.177152998315298,0.0));
#3941=DIRECTION('',(0.0,0.0,-1.0));
#3942=ORIENTED_EDGE('',*,*,#5975,.F.);
#3943=ORIENTED_EDGE('',*,*,#5973,.F.);
#3944=ORIENTED_EDGE('',*,*,#5970,.T.);
#3945=ORIENTED_EDGE('',*,*,#5967,.F.);
#3946=CARTESIAN_POINT('',(-4.18,-7.12,-6.645));
#3947=DIRECTION('',(0.0,-1.0,0.0));
#3948=DIRECTION('',(0.0,0.0,-1.0));
#3949=ORIENTED_EDGE('',*,*,#5975,.T.);
#3950=ORIENTED_EDGE('',*,*,#5966,.T.);
#3951=ORIENTED_EDGE('',*,*,#5976,.F.);
#3952=ORIENTED_EDGE('',*,*,#5974,.T.);
#3953=CARTESIAN_POINT('',(-4.5,-6.62,-7.195));
#3954=DIRECTION('',(0.0,-0.177152998315298,-0.984183323973689));
#3955=DIRECTION('',(0.0,-0.984183323973689,0.177152998315298));
#3956=ORIENTED_EDGE('',*,*,#5976,.T.);
#3957=ORIENTED_EDGE('',*,*,#5943,.T.);
#3958=ORIENTED_EDGE('',*,*,#5931,.F.);
#3959=ORIENTED_EDGE('',*,*,#5552,.F.);
#3960=CARTESIAN_POINT('',(-4.18,-7.12,-7.285));
#3961=DIRECTION('',(0.0,0.0,-1.0));
#3962=DIRECTION('',(0.0,-1.0,0.0));
#3963=ORIENTED_EDGE('',*,*,#5944,.F.);
#3964=ORIENTED_EDGE('',*,*,#5977,.F.);
#3965=ORIENTED_EDGE('',*,*,#5978,.T.);
#3966=ORIENTED_EDGE('',*,*,#5979,.T.);
#3967=CARTESIAN_POINT('',(-4.73,-6.62,-3.965));
#3968=DIRECTION('',(-0.984183323973689,-0.177152998315298,0.0));
#3969=DIRECTION('',(-0.177152998315298,0.984183323973689,0.0));
#3970=ORIENTED_EDGE('',*,*,#5980,.T.);
#3971=ORIENTED_EDGE('',*,*,#5979,.F.);
#3972=ORIENTED_EDGE('',*,*,#5981,.F.);
#3973=ORIENTED_EDGE('',*,*,#5982,.T.);
#3974=CARTESIAN_POINT('',(-4.5,-6.62,-3.735));
#3975=DIRECTION('',(0.0,-0.177152998315298,0.984183323973689));
#3976=DIRECTION('',(-1.0,0.0,0.0));
#3977=ORIENTED_EDGE('',*,*,#5980,.F.);
#3978=ORIENTED_EDGE('',*,*,#5558,.F.);
#3979=ORIENTED_EDGE('',*,*,#5593,.F.);
#3980=ORIENTED_EDGE('',*,*,#5945,.T.);
#3981=CARTESIAN_POINT('',(-4.18,-1.82,-3.645));
#3982=DIRECTION('',(0.0,0.0,1.0));
#3983=DIRECTION('',(1.0,0.0,0.0));
#3984=ORIENTED_EDGE('',*,*,#5983,.T.);
#3985=ORIENTED_EDGE('',*,*,#5984,.F.);
#3986=ORIENTED_EDGE('',*,*,#5556,.F.);
#3987=ORIENTED_EDGE('',*,*,#5982,.F.);
#3988=CARTESIAN_POINT('',(-4.27,-6.62,-3.965));
#3989=DIRECTION('',(0.984183323973689,-0.177152998315298,0.0));
#3990=DIRECTION('',(0.0,0.0,-1.0));
#3991=ORIENTED_EDGE('',*,*,#5978,.F.);
#3992=ORIENTED_EDGE('',*,*,#5985,.F.);
#3993=ORIENTED_EDGE('',*,*,#5983,.F.);
#3994=ORIENTED_EDGE('',*,*,#5981,.T.);
#3995=CARTESIAN_POINT('',(-4.18,-7.12,-3.645));
#3996=DIRECTION('',(0.0,-1.0,0.0));
#3997=DIRECTION('',(0.0,0.0,-1.0));
#3998=ORIENTED_EDGE('',*,*,#5984,.T.);
#3999=ORIENTED_EDGE('',*,*,#5985,.T.);
#4000=ORIENTED_EDGE('',*,*,#5977,.T.);
#4001=ORIENTED_EDGE('',*,*,#5468,.F.);
#4002=CARTESIAN_POINT('',(-4.5,-6.62,-4.195));
#4003=DIRECTION('',(0.0,-0.177152998315298,-0.984183323973689));
#4004=DIRECTION('',(0.0,-0.984183323973689,0.177152998315298));
#4005=ORIENTED_EDGE('',*,*,#5434,.T.);
#4006=ORIENTED_EDGE('',*,*,#5394,.F.);
#4007=ORIENTED_EDGE('',*,*,#5464,.T.);
#4008=ORIENTED_EDGE('',*,*,#5521,.T.);
#4009=CARTESIAN_POINT('',(-7.825,1.6,-4.285));
#4010=DIRECTION('',(0.0,-1.0,0.0));
#4011=DIRECTION('',(0.0,0.0,-1.0));
#4012=ORIENTED_EDGE('',*,*,#5986,.T.);
#4013=ORIENTED_EDGE('',*,*,#5402,.F.);
#4014=ORIENTED_EDGE('',*,*,#5903,.F.);
#4015=ORIENTED_EDGE('',*,*,#5512,.T.);
#4016=CARTESIAN_POINT('',(-7.825,1.6,-4.285));
#4017=DIRECTION('',(0.0,-1.0,0.0));
#4018=DIRECTION('',(0.0,0.0,-1.0));
#4019=ORIENTED_EDGE('',*,*,#5697,.T.);
#4020=ORIENTED_EDGE('',*,*,#5410,.F.);
#4021=ORIENTED_EDGE('',*,*,#5987,.F.);
#4022=ORIENTED_EDGE('',*,*,#5500,.T.);
#4023=CARTESIAN_POINT('',(-7.825,1.6,-4.285));
#4024=DIRECTION('',(0.0,-1.0,0.0));
#4025=DIRECTION('',(0.0,0.0,-1.0));
#4026=ORIENTED_EDGE('',*,*,#5922,.F.);
#4027=ORIENTED_EDGE('',*,*,#5476,.T.);
#4028=ORIENTED_EDGE('',*,*,#5988,.F.);
#4029=ORIENTED_EDGE('',*,*,#5422,.F.);
#4030=CARTESIAN_POINT('',(-7.825,1.6,-4.285));
#4031=DIRECTION('',(0.0,-1.0,0.0));
#4032=DIRECTION('',(0.0,0.0,-1.0));
#4033=ORIENTED_EDGE('',*,*,#5570,.T.);
#4034=ORIENTED_EDGE('',*,*,#5428,.F.);
#4035=ORIENTED_EDGE('',*,*,#5989,.F.);
#4036=ORIENTED_EDGE('',*,*,#5488,.T.);
#4037=CARTESIAN_POINT('',(-7.825,1.6,-4.285));
#4038=DIRECTION('',(0.0,-1.0,0.0));
#4039=DIRECTION('',(0.0,0.0,-1.0));
#4040=ORIENTED_EDGE('',*,*,#5529,.T.);
#4041=ORIENTED_EDGE('',*,*,#5447,.F.);
#4042=ORIENTED_EDGE('',*,*,#5395,.T.);
#4043=ORIENTED_EDGE('',*,*,#5580,.T.);
#4044=CARTESIAN_POINT('',(1.82,3.43,-3.655));
#4045=DIRECTION('',(1.0,0.0,0.0));
#4046=DIRECTION('',(0.0,1.0,0.0));
#4047=ORIENTED_EDGE('',*,*,#5507,.F.);
#4048=ORIENTED_EDGE('',*,*,#5990,.F.);
#4049=ORIENTED_EDGE('',*,*,#5991,.F.);
#4050=ORIENTED_EDGE('',*,*,#5992,.T.);
#4051=CARTESIAN_POINT('',(1.82,3.43,-3.655));
#4052=DIRECTION('',(1.0,0.0,0.0));
#4053=DIRECTION('',(0.0,1.0,0.0));
#4054=ORIENTED_EDGE('',*,*,#5993,.F.);
#4055=ORIENTED_EDGE('',*,*,#5911,.F.);
#4056=ORIENTED_EDGE('',*,*,#5399,.F.);
#4057=ORIENTED_EDGE('',*,*,#5986,.F.);
#4058=ORIENTED_EDGE('',*,*,#5511,.F.);
#4059=ORIENTED_EDGE('',*,*,#5994,.F.);
#4060=CARTESIAN_POINT('',(1.82,3.43,-3.655));
#4061=DIRECTION('',(1.0,0.0,0.0));
#4062=DIRECTION('',(0.0,1.0,0.0));
#4063=ORIENTED_EDGE('',*,*,#5995,.F.);
#4064=ORIENTED_EDGE('',*,*,#5996,.T.);
#4065=ORIENTED_EDGE('',*,*,#5509,.F.);
#4066=ORIENTED_EDGE('',*,*,#5997,.F.);
#4067=CARTESIAN_POINT('',(1.82,3.43,-3.655));
#4068=DIRECTION('',(1.0,0.0,0.0));
#4069=DIRECTION('',(0.0,1.0,0.0));
#4070=ORIENTED_EDGE('',*,*,#5998,.F.);
#4071=ORIENTED_EDGE('',*,*,#5992,.F.);
#4072=ORIENTED_EDGE('',*,*,#5999,.F.);
#4073=ORIENTED_EDGE('',*,*,#6000,.F.);
#4074=ORIENTED_EDGE('',*,*,#6001,.T.);
#4075=ORIENTED_EDGE('',*,*,#6002,.F.);
#4076=CARTESIAN_POINT('',(1.82,-0.32,-3.655));
#4077=DIRECTION('',(0.0,-1.0,0.0));
#4078=DIRECTION('',(0.0,0.0,-1.0));
#4079=ORIENTED_EDGE('',*,*,#5508,.F.);
#4080=ORIENTED_EDGE('',*,*,#5998,.T.);
#4081=ORIENTED_EDGE('',*,*,#6003,.T.);
#4082=ORIENTED_EDGE('',*,*,#6004,.T.);
#4083=CARTESIAN_POINT('',(1.82,0.0,0.0));
#4084=DIRECTION('',(1.0,0.0,0.0));
#4085=DIRECTION('',(0.0,1.0,0.0));
#4086=ORIENTED_EDGE('',*,*,#6005,.T.);
#4087=ORIENTED_EDGE('',*,*,#6006,.T.);
#4088=ORIENTED_EDGE('',*,*,#5764,.T.);
#4089=ORIENTED_EDGE('',*,*,#6007,.T.);
#4090=CARTESIAN_POINT('',(1.82,0.0,0.0));
#4091=DIRECTION('',(1.0,0.0,0.0));
#4092=DIRECTION('',(0.0,1.0,0.0));
#4093=ORIENTED_EDGE('',*,*,#6008,.T.);
#4094=ORIENTED_EDGE('',*,*,#6009,.T.);
#4095=ORIENTED_EDGE('',*,*,#5755,.T.);
#4096=ORIENTED_EDGE('',*,*,#6010,.T.);
#4097=CARTESIAN_POINT('',(1.82,0.0,0.0));
#4098=DIRECTION('',(1.0,0.0,0.0));
#4099=DIRECTION('',(0.0,1.0,0.0));
#4100=ORIENTED_EDGE('',*,*,#6011,.T.);
#4101=ORIENTED_EDGE('',*,*,#6012,.T.);
#4102=ORIENTED_EDGE('',*,*,#6013,.T.);
#4103=ORIENTED_EDGE('',*,*,#5510,.F.);
#4104=ORIENTED_EDGE('',*,*,#6014,.T.);
#4105=ORIENTED_EDGE('',*,*,#6015,.T.);
#4106=CARTESIAN_POINT('',(1.82,0.0,0.0));
#4107=DIRECTION('',(1.0,0.0,0.0));
#4108=DIRECTION('',(0.0,1.0,0.0));
#4109=ORIENTED_EDGE('',*,*,#6016,.F.);
#4110=ORIENTED_EDGE('',*,*,#6017,.T.);
#4111=ORIENTED_EDGE('',*,*,#5530,.T.);
#4112=ORIENTED_EDGE('',*,*,#5579,.T.);
#4113=CARTESIAN_POINT('',(1.82,0.0,0.0));
#4114=DIRECTION('',(1.0,0.0,0.0));
#4115=DIRECTION('',(0.0,1.0,0.0));
#4116=ORIENTED_EDGE('',*,*,#6004,.F.);
#4117=ORIENTED_EDGE('',*,*,#6018,.T.);
#4118=ORIENTED_EDGE('',*,*,#6019,.T.);
#4119=ORIENTED_EDGE('',*,*,#6020,.T.);
#4120=ORIENTED_EDGE('',*,*,#6021,.T.);
#4121=ORIENTED_EDGE('',*,*,#5997,.T.);
#4122=CARTESIAN_POINT('',(1.82,0.32,-4.955));
#4123=DIRECTION('',(-0.0,1.0,0.0));
#4124=DIRECTION('',(1.0,0.0,0.0));
#4125=ORIENTED_EDGE('',*,*,#6022,.F.);
#4126=ORIENTED_EDGE('',*,*,#5912,.T.);
#4127=ORIENTED_EDGE('',*,*,#5993,.T.);
#4128=ORIENTED_EDGE('',*,*,#6023,.F.);
#4129=CARTESIAN_POINT('',(1.18,3.43,-3.655));
#4130=DIRECTION('',(0.0,0.0,1.0));
#4131=DIRECTION('',(1.0,0.0,0.0));
#4132=ORIENTED_EDGE('',*,*,#6024,.F.);
#4133=ORIENTED_EDGE('',*,*,#6025,.T.);
#4134=ORIENTED_EDGE('',*,*,#5995,.T.);
#4135=ORIENTED_EDGE('',*,*,#6021,.F.);
#4136=CARTESIAN_POINT('',(1.18,3.43,-3.655));
#4137=DIRECTION('',(0.0,0.0,1.0));
#4138=DIRECTION('',(1.0,0.0,0.0));
#4139=ORIENTED_EDGE('',*,*,#5999,.T.);
#4140=ORIENTED_EDGE('',*,*,#5991,.T.);
#4141=ORIENTED_EDGE('',*,*,#6026,.F.);
#4142=ORIENTED_EDGE('',*,*,#6027,.F.);
#4143=CARTESIAN_POINT('',(1.18,3.43,-3.655));
#4144=DIRECTION('',(0.0,0.0,1.0));
#4145=DIRECTION('',(1.0,0.0,0.0));
#4146=ORIENTED_EDGE('',*,*,#5533,.F.);
#4147=ORIENTED_EDGE('',*,*,#5576,.F.);
#4148=ORIENTED_EDGE('',*,*,#5405,.F.);
#4149=ORIENTED_EDGE('',*,*,#5452,.T.);
#4150=CARTESIAN_POINT('',(1.18,3.43,-4.955));
#4151=DIRECTION('',(-1.0,0.0,0.0));
#4152=DIRECTION('',(0.0,0.0,1.0));
#4153=ORIENTED_EDGE('',*,*,#5505,.T.);
#4154=ORIENTED_EDGE('',*,*,#6000,.T.);
#4155=ORIENTED_EDGE('',*,*,#6027,.T.);
#4156=ORIENTED_EDGE('',*,*,#6028,.T.);
#4157=CARTESIAN_POINT('',(1.18,3.43,-4.955));
#4158=DIRECTION('',(-1.0,0.0,0.0));
#4159=DIRECTION('',(0.0,0.0,1.0));
#4160=ORIENTED_EDGE('',*,*,#6022,.T.);
#4161=ORIENTED_EDGE('',*,*,#6029,.F.);
#4162=ORIENTED_EDGE('',*,*,#5501,.T.);
#4163=ORIENTED_EDGE('',*,*,#5987,.T.);
#4164=ORIENTED_EDGE('',*,*,#5409,.T.);
#4165=ORIENTED_EDGE('',*,*,#5913,.T.);
#4166=CARTESIAN_POINT('',(1.18,3.43,-4.955));
#4167=DIRECTION('',(-1.0,0.0,0.0));
#4168=DIRECTION('',(0.0,0.0,1.0));
#4169=ORIENTED_EDGE('',*,*,#6024,.T.);
#4170=ORIENTED_EDGE('',*,*,#6020,.F.);
#4171=ORIENTED_EDGE('',*,*,#5503,.T.);
#4172=ORIENTED_EDGE('',*,*,#6030,.T.);
#4173=CARTESIAN_POINT('',(1.18,3.43,-4.955));
#4174=DIRECTION('',(-1.0,0.0,0.0));
#4175=DIRECTION('',(0.0,0.0,1.0));
#4176=ORIENTED_EDGE('',*,*,#6028,.F.);
#4177=ORIENTED_EDGE('',*,*,#6026,.T.);
#4178=ORIENTED_EDGE('',*,*,#5990,.T.);
#4179=ORIENTED_EDGE('',*,*,#5506,.T.);
#4180=CARTESIAN_POINT('',(1.82,-1.18,-4.285));
#4181=DIRECTION('',(-0.0,1.0,0.0));
#4182=DIRECTION('',(1.0,0.0,0.0));
#4183=ORIENTED_EDGE('',*,*,#6031,.F.);
#4184=ORIENTED_EDGE('',*,*,#6010,.F.);
#4185=ORIENTED_EDGE('',*,*,#5758,.F.);
#4186=ORIENTED_EDGE('',*,*,#6032,.T.);
#4187=CARTESIAN_POINT('',(1.82,-1.18,-4.285));
#4188=DIRECTION('',(-0.0,1.0,0.0));
#4189=DIRECTION('',(1.0,0.0,0.0));
#4190=ORIENTED_EDGE('',*,*,#6031,.T.);
#4191=ORIENTED_EDGE('',*,*,#6033,.F.);
#4192=ORIENTED_EDGE('',*,*,#6034,.F.);
#4193=ORIENTED_EDGE('',*,*,#6035,.T.);
#4194=CARTESIAN_POINT('',(1.5,-1.27,2.055));
#4195=DIRECTION('',(0.0,0.984183323973689,0.177152998315298));
#4196=DIRECTION('',(1.0,0.0,-0.0));
#4197=ORIENTED_EDGE('',*,*,#6036,.T.);
#4198=ORIENTED_EDGE('',*,*,#6037,.F.);
#4199=ORIENTED_EDGE('',*,*,#6008,.F.);
#4200=ORIENTED_EDGE('',*,*,#6035,.F.);
#4201=CARTESIAN_POINT('',(1.73,-1.5,2.055));
#4202=DIRECTION('',(0.984183323973689,0.0,0.177152998315298));
#4203=DIRECTION('',(0.0,-1.0,0.0));
#4204=ORIENTED_EDGE('',*,*,#6038,.F.);
#4205=ORIENTED_EDGE('',*,*,#6036,.F.);
#4206=ORIENTED_EDGE('',*,*,#6034,.T.);
#4207=ORIENTED_EDGE('',*,*,#6039,.F.);
#4208=CARTESIAN_POINT('',(1.82,-1.18,2.555));
#4209=DIRECTION('',(0.0,0.0,1.0));
#4210=DIRECTION('',(1.0,0.0,0.0));
#4211=ORIENTED_EDGE('',*,*,#6038,.T.);
#4212=ORIENTED_EDGE('',*,*,#6040,.T.);
#4213=ORIENTED_EDGE('',*,*,#6041,.F.);
#4214=ORIENTED_EDGE('',*,*,#6037,.T.);
#4215=CARTESIAN_POINT('',(1.5,-1.73,2.055));
#4216=DIRECTION('',(0.0,-0.984183323973689,0.177152998315298));
#4217=DIRECTION('',(-1.0,0.0,0.0));
#4218=ORIENTED_EDGE('',*,*,#6041,.T.);
#4219=ORIENTED_EDGE('',*,*,#6042,.T.);
#4220=ORIENTED_EDGE('',*,*,#5756,.T.);
#4221=ORIENTED_EDGE('',*,*,#6009,.F.);
#4222=CARTESIAN_POINT('',(1.82,-1.82,2.555));
#4223=DIRECTION('',(0.0,-1.0,0.0));
#4224=DIRECTION('',(0.0,0.0,-1.0));
#4225=ORIENTED_EDGE('',*,*,#5504,.T.);
#4226=ORIENTED_EDGE('',*,*,#6019,.F.);
#4227=ORIENTED_EDGE('',*,*,#6043,.F.);
#4228=ORIENTED_EDGE('',*,*,#6001,.F.);
#4229=CARTESIAN_POINT('',(1.18,0.0,0.0));
#4230=DIRECTION('',(1.0,0.0,0.0));
#4231=DIRECTION('',(0.0,1.0,0.0));
#4232=ORIENTED_EDGE('',*,*,#6044,.T.);
#4233=ORIENTED_EDGE('',*,*,#6045,.F.);
#4234=ORIENTED_EDGE('',*,*,#5766,.F.);
#4235=ORIENTED_EDGE('',*,*,#6046,.F.);
#4236=CARTESIAN_POINT('',(1.18,0.0,0.0));
#4237=DIRECTION('',(1.0,0.0,0.0));
#4238=DIRECTION('',(0.0,1.0,0.0));
#4239=ORIENTED_EDGE('',*,*,#6047,.T.);
#4240=ORIENTED_EDGE('',*,*,#6032,.F.);
#4241=ORIENTED_EDGE('',*,*,#5757,.F.);
#4242=ORIENTED_EDGE('',*,*,#6042,.F.);
#4243=CARTESIAN_POINT('',(1.18,0.0,0.0));
#4244=DIRECTION('',(1.0,0.0,0.0));
#4245=DIRECTION('',(0.0,1.0,0.0));
#4246=ORIENTED_EDGE('',*,*,#6048,.T.);
#4247=ORIENTED_EDGE('',*,*,#6049,.F.);
#4248=ORIENTED_EDGE('',*,*,#6050,.F.);
#4249=ORIENTED_EDGE('',*,*,#5502,.T.);
#4250=ORIENTED_EDGE('',*,*,#6051,.F.);
#4251=ORIENTED_EDGE('',*,*,#6052,.F.);
#4252=CARTESIAN_POINT('',(1.18,0.0,0.0));
#4253=DIRECTION('',(1.0,0.0,0.0));
#4254=DIRECTION('',(0.0,1.0,0.0));
#4255=ORIENTED_EDGE('',*,*,#6053,.T.);
#4256=ORIENTED_EDGE('',*,*,#5577,.F.);
#4257=ORIENTED_EDGE('',*,*,#5532,.F.);
#4258=ORIENTED_EDGE('',*,*,#6054,.T.);
#4259=CARTESIAN_POINT('',(1.18,0.0,0.0));
#4260=DIRECTION('',(1.0,0.0,0.0));
#4261=DIRECTION('',(0.0,1.0,0.0));
#4262=ORIENTED_EDGE('',*,*,#6003,.F.);
#4263=ORIENTED_EDGE('',*,*,#6002,.T.);
#4264=ORIENTED_EDGE('',*,*,#6043,.T.);
#4265=ORIENTED_EDGE('',*,*,#6018,.F.);
#4266=CARTESIAN_POINT('',(1.82,-0.32,-4.955));
#4267=DIRECTION('',(0.0,0.0,-1.0));
#4268=DIRECTION('',(0.0,-1.0,0.0));
#4269=ORIENTED_EDGE('',*,*,#6044,.F.);
#4270=ORIENTED_EDGE('',*,*,#6055,.F.);
#4271=ORIENTED_EDGE('',*,*,#6056,.T.);
#4272=ORIENTED_EDGE('',*,*,#6057,.F.);
#4273=CARTESIAN_POINT('',(1.27,1.5,2.055));
#4274=DIRECTION('',(-0.984183323973689,0.0,0.177152998315298));
#4275=DIRECTION('',(0.0,1.0,0.0));
#4276=ORIENTED_EDGE('',*,*,#6058,.T.);
#4277=ORIENTED_EDGE('',*,*,#6059,.T.);
#4278=ORIENTED_EDGE('',*,*,#6057,.T.);
#4279=ORIENTED_EDGE('',*,*,#6060,.F.);
#4280=CARTESIAN_POINT('',(1.5,1.73,2.055));
#4281=DIRECTION('',(0.0,0.984183323973689,0.177152998315298));
#4282=DIRECTION('',(1.0,0.0,-0.0));
#4283=ORIENTED_EDGE('',*,*,#6061,.T.);
#4284=ORIENTED_EDGE('',*,*,#6062,.F.);
#4285=ORIENTED_EDGE('',*,*,#6005,.F.);
#4286=ORIENTED_EDGE('',*,*,#6058,.F.);
#4287=CARTESIAN_POINT('',(1.73,1.5,2.055));
#4288=DIRECTION('',(0.984183323973689,0.0,0.177152998315298));
#4289=DIRECTION('',(0.0,-1.0,0.0));
#4290=ORIENTED_EDGE('',*,*,#6063,.F.);
#4291=ORIENTED_EDGE('',*,*,#6061,.F.);
#4292=ORIENTED_EDGE('',*,*,#6060,.T.);
#4293=ORIENTED_EDGE('',*,*,#6056,.F.);
#4294=CARTESIAN_POINT('',(1.82,1.82,2.555));
#4295=DIRECTION('',(0.0,0.0,1.0));
#4296=DIRECTION('',(1.0,0.0,0.0));
#4297=ORIENTED_EDGE('',*,*,#6063,.T.);
#4298=ORIENTED_EDGE('',*,*,#6055,.T.);
#4299=ORIENTED_EDGE('',*,*,#6064,.F.);
#4300=ORIENTED_EDGE('',*,*,#6062,.T.);
#4301=CARTESIAN_POINT('',(1.5,1.27,2.055));
#4302=DIRECTION('',(0.0,-0.984183323973689,0.177152998315298));
#4303=DIRECTION('',(-1.0,0.0,0.0));
#4304=ORIENTED_EDGE('',*,*,#6064,.T.);
#4305=ORIENTED_EDGE('',*,*,#6046,.T.);
#4306=ORIENTED_EDGE('',*,*,#5765,.T.);
#4307=ORIENTED_EDGE('',*,*,#6006,.F.);
#4308=CARTESIAN_POINT('',(1.82,1.18,2.555));
#4309=DIRECTION('',(0.0,-1.0,0.0));
#4310=DIRECTION('',(0.0,0.0,-1.0));
#4311=ORIENTED_EDGE('',*,*,#6059,.F.);
#4312=ORIENTED_EDGE('',*,*,#6007,.F.);
#4313=ORIENTED_EDGE('',*,*,#5767,.F.);
#4314=ORIENTED_EDGE('',*,*,#6045,.T.);
#4315=CARTESIAN_POINT('',(1.82,1.82,-3.655));
#4316=DIRECTION('',(-0.0,1.0,0.0));
#4317=DIRECTION('',(1.0,0.0,0.0));
#4318=ORIENTED_EDGE('',*,*,#6047,.F.);
#4319=ORIENTED_EDGE('',*,*,#6040,.F.);
#4320=ORIENTED_EDGE('',*,*,#6039,.T.);
#4321=ORIENTED_EDGE('',*,*,#6033,.T.);
#4322=CARTESIAN_POINT('',(1.27,-1.5,2.055));
#4323=DIRECTION('',(-0.984183323973689,0.0,0.177152998315298));
#4324=DIRECTION('',(0.0,1.0,0.0));
#4325=ORIENTED_EDGE('',*,*,#6048,.F.);
#4326=ORIENTED_EDGE('',*,*,#6065,.F.);
#4327=ORIENTED_EDGE('',*,*,#6066,.T.);
#4328=ORIENTED_EDGE('',*,*,#6067,.T.);
#4329=CARTESIAN_POINT('',(1.27,-6.62,-6.965));
#4330=DIRECTION('',(-0.984183323973689,-0.177152998315298,0.0));
#4331=DIRECTION('',(-0.177152998315298,0.984183323973689,0.0));
#4332=ORIENTED_EDGE('',*,*,#6068,.T.);
#4333=ORIENTED_EDGE('',*,*,#6067,.F.);
#4334=ORIENTED_EDGE('',*,*,#6069,.F.);
#4335=ORIENTED_EDGE('',*,*,#6070,.T.);
#4336=CARTESIAN_POINT('',(1.5,-6.62,-6.735));
#4337=DIRECTION('',(0.0,-0.177152998315298,0.984183323973689));
#4338=DIRECTION('',(-1.0,0.0,0.0));
#4339=ORIENTED_EDGE('',*,*,#6068,.F.);
#4340=ORIENTED_EDGE('',*,*,#6015,.F.);
#4341=ORIENTED_EDGE('',*,*,#6071,.T.);
#4342=ORIENTED_EDGE('',*,*,#6049,.T.);
#4343=CARTESIAN_POINT('',(1.82,0.949,-6.645));
#4344=DIRECTION('',(0.0,0.0,1.0));
#4345=DIRECTION('',(1.0,0.0,0.0));
#4346=ORIENTED_EDGE('',*,*,#6030,.F.);
#4347=ORIENTED_EDGE('',*,*,#6050,.T.);
#4348=ORIENTED_EDGE('',*,*,#6071,.F.);
#4349=ORIENTED_EDGE('',*,*,#6014,.F.);
#4350=ORIENTED_EDGE('',*,*,#5996,.F.);
#4351=ORIENTED_EDGE('',*,*,#6025,.F.);
#4352=CARTESIAN_POINT('',(1.82,0.949,-3.655));
#4353=DIRECTION('',(0.0,-1.0,0.0));
#4354=DIRECTION('',(0.0,0.0,-1.0));
#4355=ORIENTED_EDGE('',*,*,#6072,.T.);
#4356=ORIENTED_EDGE('',*,*,#6073,.F.);
#4357=ORIENTED_EDGE('',*,*,#6011,.F.);
#4358=ORIENTED_EDGE('',*,*,#6070,.F.);
#4359=CARTESIAN_POINT('',(1.73,-6.62,-6.965));
#4360=DIRECTION('',(0.984183323973689,-0.177152998315298,0.0));
#4361=DIRECTION('',(0.0,0.0,-1.0));
#4362=ORIENTED_EDGE('',*,*,#6074,.F.);
#4363=ORIENTED_EDGE('',*,*,#6072,.F.);
#4364=ORIENTED_EDGE('',*,*,#6069,.T.);
#4365=ORIENTED_EDGE('',*,*,#6066,.F.);
#4366=CARTESIAN_POINT('',(1.82,-7.12,-6.645));
#4367=DIRECTION('',(0.0,-1.0,0.0));
#4368=DIRECTION('',(0.0,0.0,-1.0));
#4369=ORIENTED_EDGE('',*,*,#6074,.T.);
#4370=ORIENTED_EDGE('',*,*,#6065,.T.);
#4371=ORIENTED_EDGE('',*,*,#6075,.F.);
#4372=ORIENTED_EDGE('',*,*,#6073,.T.);
#4373=CARTESIAN_POINT('',(1.5,-6.62,-7.195));
#4374=DIRECTION('',(0.0,-0.177152998315298,-0.984183323973689));
#4375=DIRECTION('',(0.0,-0.984183323973689,0.177152998315298));
#4376=ORIENTED_EDGE('',*,*,#6075,.T.);
#4377=ORIENTED_EDGE('',*,*,#6052,.T.);
#4378=ORIENTED_EDGE('',*,*,#6076,.F.);
#4379=ORIENTED_EDGE('',*,*,#6012,.F.);
#4380=CARTESIAN_POINT('',(1.82,-7.12,-7.285));
#4381=DIRECTION('',(0.0,0.0,-1.0));
#4382=DIRECTION('',(0.0,-1.0,0.0));
#4383=ORIENTED_EDGE('',*,*,#6029,.T.);
#4384=ORIENTED_EDGE('',*,*,#6023,.T.);
#4385=ORIENTED_EDGE('',*,*,#5994,.T.);
#4386=ORIENTED_EDGE('',*,*,#6013,.F.);
#4387=ORIENTED_EDGE('',*,*,#6076,.T.);
#4388=ORIENTED_EDGE('',*,*,#6051,.T.);
#4389=CARTESIAN_POINT('',(1.82,1.589,-7.285));
#4390=DIRECTION('',(-0.0,1.0,0.0));
#4391=DIRECTION('',(1.0,0.0,0.0));
#4392=ORIENTED_EDGE('',*,*,#6016,.T.);
#4393=ORIENTED_EDGE('',*,*,#5578,.F.);
#4394=ORIENTED_EDGE('',*,*,#6053,.F.);
#4395=ORIENTED_EDGE('',*,*,#6077,.T.);
#4396=ORIENTED_EDGE('',*,*,#6078,.F.);
#4397=ORIENTED_EDGE('',*,*,#6079,.F.);
#4398=CARTESIAN_POINT('',(-2.85,-3.43,-3.655));
#4399=DIRECTION('',(0.0,0.0,-1.0));
#4400=DIRECTION('',(0.0,-1.0,0.0));
#4401=ORIENTED_EDGE('',*,*,#5685,.T.);
#4402=ORIENTED_EDGE('',*,*,#5596,.F.);
#4403=ORIENTED_EDGE('',*,*,#5719,.F.);
#4404=ORIENTED_EDGE('',*,*,#6080,.T.);
#4405=ORIENTED_EDGE('',*,*,#6081,.F.);
#4406=ORIENTED_EDGE('',*,*,#6082,.F.);
#4407=CARTESIAN_POINT('',(-2.85,-3.43,-3.655));
#4408=DIRECTION('',(0.0,0.0,-1.0));
#4409=DIRECTION('',(0.0,-1.0,0.0));
#4410=ORIENTED_EDGE('',*,*,#6079,.T.);
#4411=ORIENTED_EDGE('',*,*,#6083,.F.);
#4412=ORIENTED_EDGE('',*,*,#6084,.T.);
#4413=ORIENTED_EDGE('',*,*,#6085,.F.);
#4414=ORIENTED_EDGE('',*,*,#6017,.F.);
#4415=CARTESIAN_POINT('',(1.73,-6.62,-3.965));
#4416=DIRECTION('',(0.984183323973689,-0.177152998315298,0.0));
#4417=DIRECTION('',(0.0,0.0,-1.0));
#4418=ORIENTED_EDGE('',*,*,#6085,.T.);
#4419=ORIENTED_EDGE('',*,*,#6086,.T.);
#4420=ORIENTED_EDGE('',*,*,#6087,.T.);
#4421=ORIENTED_EDGE('',*,*,#5531,.F.);
#4422=CARTESIAN_POINT('',(1.5,-6.62,-4.195));
#4423=DIRECTION('',(0.0,-0.177152998315298,-0.984183323973689));
#4424=DIRECTION('',(0.0,-0.984183323973689,0.177152998315298));
#4425=ORIENTED_EDGE('',*,*,#6077,.F.);
#4426=ORIENTED_EDGE('',*,*,#6054,.F.);
#4427=ORIENTED_EDGE('',*,*,#6087,.F.);
#4428=ORIENTED_EDGE('',*,*,#6088,.T.);
#4429=ORIENTED_EDGE('',*,*,#6089,.T.);
#4430=CARTESIAN_POINT('',(1.27,-6.62,-3.965));
#4431=DIRECTION('',(-0.984183323973689,-0.177152998315298,0.0));
#4432=DIRECTION('',(-0.177152998315298,0.984183323973689,0.0));
#4433=ORIENTED_EDGE('',*,*,#6078,.T.);
#4434=ORIENTED_EDGE('',*,*,#6089,.F.);
#4435=ORIENTED_EDGE('',*,*,#6090,.F.);
#4436=ORIENTED_EDGE('',*,*,#6083,.T.);
#4437=CARTESIAN_POINT('',(1.5,-6.62,-3.735));
#4438=DIRECTION('',(0.0,-0.177152998315298,0.984183323973689));
#4439=DIRECTION('',(-1.0,0.0,0.0));
#4440=ORIENTED_EDGE('',*,*,#6088,.F.);
#4441=ORIENTED_EDGE('',*,*,#6086,.F.);
#4442=ORIENTED_EDGE('',*,*,#6084,.F.);
#4443=ORIENTED_EDGE('',*,*,#6090,.T.);
#4444=CARTESIAN_POINT('',(1.82,-7.12,-3.645));
#4445=DIRECTION('',(0.0,-1.0,0.0));
#4446=DIRECTION('',(0.0,0.0,-1.0));
#4447=ORIENTED_EDGE('',*,*,#6082,.T.);
#4448=ORIENTED_EDGE('',*,*,#6091,.F.);
#4449=ORIENTED_EDGE('',*,*,#6092,.T.);
#4450=ORIENTED_EDGE('',*,*,#6093,.F.);
#4451=ORIENTED_EDGE('',*,*,#5686,.F.);
#4452=CARTESIAN_POINT('',(-1.27,-6.62,-3.965));
#4453=DIRECTION('',(0.984183323973689,-0.177152998315298,0.0));
#4454=DIRECTION('',(0.0,0.0,-1.0));
#4455=ORIENTED_EDGE('',*,*,#6093,.T.);
#4456=ORIENTED_EDGE('',*,*,#6094,.T.);
#4457=ORIENTED_EDGE('',*,*,#6095,.T.);
#4458=ORIENTED_EDGE('',*,*,#5536,.F.);
#4459=CARTESIAN_POINT('',(-1.5,-6.62,-4.195));
#4460=DIRECTION('',(0.0,-0.177152998315298,-0.984183323973689));
#4461=DIRECTION('',(0.0,-0.984183323973689,0.177152998315298));
#4462=ORIENTED_EDGE('',*,*,#6080,.F.);
#4463=ORIENTED_EDGE('',*,*,#5720,.F.);
#4464=ORIENTED_EDGE('',*,*,#6095,.F.);
#4465=ORIENTED_EDGE('',*,*,#6096,.T.);
#4466=ORIENTED_EDGE('',*,*,#6097,.T.);
#4467=CARTESIAN_POINT('',(-1.73,-6.62,-3.965));
#4468=DIRECTION('',(-0.984183323973689,-0.177152998315298,0.0));
#4469=DIRECTION('',(-0.177152998315298,0.984183323973689,0.0));
#4470=ORIENTED_EDGE('',*,*,#6081,.T.);
#4471=ORIENTED_EDGE('',*,*,#6097,.F.);
#4472=ORIENTED_EDGE('',*,*,#6098,.F.);
#4473=ORIENTED_EDGE('',*,*,#6091,.T.);
#4474=CARTESIAN_POINT('',(-1.5,-6.62,-3.735));
#4475=DIRECTION('',(0.0,-0.177152998315298,0.984183323973689));
#4476=DIRECTION('',(-1.0,0.0,0.0));
#4477=ORIENTED_EDGE('',*,*,#6096,.F.);
#4478=ORIENTED_EDGE('',*,*,#6094,.F.);
#4479=ORIENTED_EDGE('',*,*,#6092,.F.);
#4480=ORIENTED_EDGE('',*,*,#6098,.T.);
#4481=CARTESIAN_POINT('',(-1.18,-7.12,-3.645));
#4482=DIRECTION('',(0.0,-1.0,0.0));
#4483=DIRECTION('',(0.0,0.0,-1.0));
#4484=ORIENTED_EDGE('',*,*,#5471,.F.);
#4485=ORIENTED_EDGE('',*,*,#5454,.F.);
#4486=ORIENTED_EDGE('',*,*,#5415,.T.);
#4487=ORIENTED_EDGE('',*,*,#6099,.T.);
#4488=ORIENTED_EDGE('',*,*,#6100,.F.);
#4489=ORIENTED_EDGE('',*,*,#5358,.F.);
#4490=ORIENTED_EDGE('',*,*,#5423,.T.);
#4491=ORIENTED_EDGE('',*,*,#5988,.T.);
#4492=ORIENTED_EDGE('',*,*,#5475,.F.);
#4493=ORIENTED_EDGE('',*,*,#6101,.T.);
#4494=ORIENTED_EDGE('',*,*,#6102,.T.);
#4495=ORIENTED_EDGE('',*,*,#6103,.T.);
#4496=CARTESIAN_POINT('',(-8.075,3.43,-4.955));
#4497=DIRECTION('',(-1.0,0.0,0.0));
#4498=DIRECTION('',(0.0,0.0,1.0));
#4499=ORIENTED_EDGE('',*,*,#5472,.T.);
#4500=ORIENTED_EDGE('',*,*,#6103,.F.);
#4501=ORIENTED_EDGE('',*,*,#6104,.T.);
#4502=ORIENTED_EDGE('',*,*,#6105,.T.);
#4503=CARTESIAN_POINT('',(-8.075,-1.0,-3.685));
#4504=DIRECTION('',(-0.0,1.0,0.0));
#4505=DIRECTION('',(1.0,0.0,0.0));
#4506=ORIENTED_EDGE('',*,*,#5473,.F.);
#4507=ORIENTED_EDGE('',*,*,#6105,.F.);
#4508=ORIENTED_EDGE('',*,*,#6106,.F.);
#4509=ORIENTED_EDGE('',*,*,#6107,.F.);
#4510=CARTESIAN_POINT('',(-6.825,0.0,0.0));
#4511=DIRECTION('',(1.0,0.0,0.0));
#4512=DIRECTION('',(0.0,1.0,0.0));
#4513=ORIENTED_EDGE('',*,*,#5474,.T.);
#4514=ORIENTED_EDGE('',*,*,#6107,.T.);
#4515=ORIENTED_EDGE('',*,*,#6108,.F.);
#4516=ORIENTED_EDGE('',*,*,#6101,.F.);
#4517=CARTESIAN_POINT('',(-8.075,1.0,-4.285));
#4518=DIRECTION('',(0.0,-1.0,0.0));
#4519=DIRECTION('',(0.0,0.0,-1.0));
#4520=ORIENTED_EDGE('',*,*,#6108,.T.);
#4521=ORIENTED_EDGE('',*,*,#6106,.T.);
#4522=ORIENTED_EDGE('',*,*,#6104,.F.);
#4523=ORIENTED_EDGE('',*,*,#6102,.F.);
#4524=CARTESIAN_POINT('',(-8.075,1.0,-3.685));
#4525=DIRECTION('',(0.0,0.0,-1.0));
#4526=DIRECTION('',(0.0,-1.0,0.0));
#4527=ORIENTED_EDGE('',*,*,#6109,.F.);
#4528=ORIENTED_EDGE('',*,*,#6110,.T.);
#4529=ORIENTED_EDGE('',*,*,#5465,.F.);
#4530=ORIENTED_EDGE('',*,*,#5361,.F.);
#4531=ORIENTED_EDGE('',*,*,#5323,.F.);
#4532=ORIENTED_EDGE('',*,*,#6111,.T.);
#4533=CARTESIAN_POINT('',(-7.825,-3.43,-3.355));
#4534=DIRECTION('',(0.0,0.0,1.0));
#4535=DIRECTION('',(1.0,0.0,0.0));
#4536=ORIENTED_EDGE('',*,*,#5589,.F.);
#4537=ORIENTED_EDGE('',*,*,#6112,.T.);
#4538=ORIENTED_EDGE('',*,*,#5246,.T.);
#4539=ORIENTED_EDGE('',*,*,#5359,.F.);
#4540=ORIENTED_EDGE('',*,*,#6100,.T.);
#4541=ORIENTED_EDGE('',*,*,#6113,.T.);
#4542=ORIENTED_EDGE('',*,*,#6114,.T.);
#4543=CARTESIAN_POINT('',(-7.825,-3.43,-3.355));
#4544=DIRECTION('',(0.0,0.0,1.0));
#4545=DIRECTION('',(1.0,0.0,0.0));
#4546=ORIENTED_EDGE('',*,*,#6109,.T.);
#4547=ORIENTED_EDGE('',*,*,#5585,.T.);
#4548=ORIENTED_EDGE('',*,*,#5388,.F.);
#4549=ORIENTED_EDGE('',*,*,#6115,.F.);
#4550=CARTESIAN_POINT('',(6.805,-3.94,-3.355));
#4551=DIRECTION('',(1.0,0.0,0.0));
#4552=DIRECTION('',(0.0,1.0,0.0));
#4553=ORIENTED_EDGE('',*,*,#6115,.T.);
#4554=ORIENTED_EDGE('',*,*,#5387,.F.);
#4555=ORIENTED_EDGE('',*,*,#5466,.F.);
#4556=ORIENTED_EDGE('',*,*,#6110,.F.);
#4557=CARTESIAN_POINT('',(-7.825,-3.94,-3.355));
#4558=DIRECTION('',(0.0,-1.0,0.0));
#4559=DIRECTION('',(0.0,0.0,-1.0));
#4560=ORIENTED_EDGE('',*,*,#6116,.F.);
#4561=ORIENTED_EDGE('',*,*,#6113,.F.);
#4562=ORIENTED_EDGE('',*,*,#6099,.F.);
#4563=ORIENTED_EDGE('',*,*,#5414,.F.);
#4564=CARTESIAN_POINT('',(-7.825,-3.94,-3.355));
#4565=DIRECTION('',(0.0,-1.0,0.0));
#4566=DIRECTION('',(0.0,0.0,-1.0));
#4567=ORIENTED_EDGE('',*,*,#6114,.F.);
#4568=ORIENTED_EDGE('',*,*,#6116,.T.);
#4569=ORIENTED_EDGE('',*,*,#5413,.T.);
#4570=ORIENTED_EDGE('',*,*,#5590,.F.);
#4571=CARTESIAN_POINT('',(-6.825,-3.43,-3.355));
#4572=DIRECTION('',(-1.0,0.0,0.0));
#4573=DIRECTION('',(0.0,0.0,1.0));
#4574=ORIENTED_EDGE('',*,*,#6111,.F.);
#4575=ORIENTED_EDGE('',*,*,#5322,.F.);
#4576=ORIENTED_EDGE('',*,*,#5348,.T.);
#4577=ORIENTED_EDGE('',*,*,#5586,.T.);
#4578=CARTESIAN_POINT('',(7.825,-3.05,4.955));
#4579=DIRECTION('',(-0.349109023172922,0.937082114832659,0.0));
#4580=DIRECTION('',(0.0,0.0,1.0));
#4581=ORIENTED_EDGE('',*,*,#6112,.F.);
#4582=ORIENTED_EDGE('',*,*,#5588,.F.);
#4583=ORIENTED_EDGE('',*,*,#5353,.T.);
#4584=ORIENTED_EDGE('',*,*,#5247,.T.);
#4585=CARTESIAN_POINT('',(-6.805,-3.43,4.955));
#4586=DIRECTION('',(0.349109023172922,0.937082114832659,0.0));
#4587=DIRECTION('',(0.0,0.0,-1.0));
#4588=ORIENTED_EDGE('',*,*,#5538,.F.);
#4589=ORIENTED_EDGE('',*,*,#5594,.F.);
#4590=ORIENTED_EDGE('',*,*,#5419,.F.);
#4591=ORIENTED_EDGE('',*,*,#5458,.T.);
#4592=CARTESIAN_POINT('',(-1.82,3.43,-4.955));
#4593=DIRECTION('',(-1.0,0.0,0.0));
#4594=DIRECTION('',(0.0,0.0,1.0));
#4595=ORIENTED_EDGE('',*,*,#5493,.T.);
#4596=ORIENTED_EDGE('',*,*,#5702,.T.);
#4597=ORIENTED_EDGE('',*,*,#6117,.T.);
#4598=ORIENTED_EDGE('',*,*,#6118,.T.);
#4599=CARTESIAN_POINT('',(-1.82,3.43,-4.955));
#4600=DIRECTION('',(-1.0,0.0,0.0));
#4601=DIRECTION('',(0.0,0.0,1.0));
#4602=ORIENTED_EDGE('',*,*,#6119,.T.);
#4603=ORIENTED_EDGE('',*,*,#6120,.F.);
#4604=ORIENTED_EDGE('',*,*,#5489,.T.);
#4605=ORIENTED_EDGE('',*,*,#5989,.T.);
#4606=ORIENTED_EDGE('',*,*,#5427,.T.);
#4607=ORIENTED_EDGE('',*,*,#5915,.T.);
#4608=CARTESIAN_POINT('',(-1.82,3.43,-4.955));
#4609=DIRECTION('',(-1.0,0.0,0.0));
#4610=DIRECTION('',(0.0,0.0,1.0));
#4611=ORIENTED_EDGE('',*,*,#6121,.T.);
#4612=ORIENTED_EDGE('',*,*,#5689,.F.);
#4613=ORIENTED_EDGE('',*,*,#5491,.T.);
#4614=ORIENTED_EDGE('',*,*,#6122,.T.);
#4615=CARTESIAN_POINT('',(-1.82,3.43,-4.955));
#4616=DIRECTION('',(-1.0,0.0,0.0));
#4617=DIRECTION('',(0.0,0.0,1.0));
#4618=ORIENTED_EDGE('',*,*,#6118,.F.);
#4619=ORIENTED_EDGE('',*,*,#6123,.T.);
#4620=ORIENTED_EDGE('',*,*,#5692,.T.);
#4621=ORIENTED_EDGE('',*,*,#5494,.T.);
#4622=CARTESIAN_POINT('',(-1.18,-1.18,-4.285));
#4623=DIRECTION('',(-0.0,1.0,0.0));
#4624=DIRECTION('',(1.0,0.0,0.0));
#4625=ORIENTED_EDGE('',*,*,#6124,.F.);
#4626=ORIENTED_EDGE('',*,*,#5679,.F.);
#4627=ORIENTED_EDGE('',*,*,#5780,.F.);
#4628=ORIENTED_EDGE('',*,*,#5711,.T.);
#4629=CARTESIAN_POINT('',(-1.18,-1.18,-4.285));
#4630=DIRECTION('',(-0.0,1.0,0.0));
#4631=DIRECTION('',(1.0,0.0,0.0));
#4632=ORIENTED_EDGE('',*,*,#6119,.F.);
#4633=ORIENTED_EDGE('',*,*,#5914,.T.);
#4634=ORIENTED_EDGE('',*,*,#5695,.T.);
#4635=ORIENTED_EDGE('',*,*,#6125,.F.);
#4636=CARTESIAN_POINT('',(-1.82,3.43,-3.655));
#4637=DIRECTION('',(0.0,0.0,1.0));
#4638=DIRECTION('',(1.0,0.0,0.0));
#4639=ORIENTED_EDGE('',*,*,#6121,.F.);
#4640=ORIENTED_EDGE('',*,*,#6126,.T.);
#4641=ORIENTED_EDGE('',*,*,#5699,.T.);
#4642=ORIENTED_EDGE('',*,*,#5690,.F.);
#4643=CARTESIAN_POINT('',(-1.82,3.43,-3.655));
#4644=DIRECTION('',(0.0,0.0,1.0));
#4645=DIRECTION('',(1.0,0.0,0.0));
#4646=ORIENTED_EDGE('',*,*,#5701,.T.);
#4647=ORIENTED_EDGE('',*,*,#5693,.T.);
#4648=ORIENTED_EDGE('',*,*,#6123,.F.);
#4649=ORIENTED_EDGE('',*,*,#6117,.F.);
#4650=CARTESIAN_POINT('',(-1.82,3.43,-3.655));
#4651=DIRECTION('',(0.0,0.0,1.0));
#4652=DIRECTION('',(1.0,0.0,0.0));
#4653=ORIENTED_EDGE('',*,*,#6120,.T.);
#4654=ORIENTED_EDGE('',*,*,#6125,.T.);
#4655=ORIENTED_EDGE('',*,*,#5698,.T.);
#4656=ORIENTED_EDGE('',*,*,#5682,.F.);
#4657=ORIENTED_EDGE('',*,*,#6127,.T.);
#4658=ORIENTED_EDGE('',*,*,#5717,.T.);
#4659=CARTESIAN_POINT('',(-1.18,1.589,-7.285));
#4660=DIRECTION('',(-0.0,1.0,0.0));
#4661=DIRECTION('',(1.0,0.0,0.0));
#4662=ORIENTED_EDGE('',*,*,#6128,.T.);
#4663=ORIENTED_EDGE('',*,*,#5718,.T.);
#4664=ORIENTED_EDGE('',*,*,#6127,.F.);
#4665=ORIENTED_EDGE('',*,*,#5681,.F.);
#4666=CARTESIAN_POINT('',(-1.18,-7.12,-7.285));
#4667=DIRECTION('',(0.0,0.0,-1.0));
#4668=DIRECTION('',(0.0,-1.0,0.0));
#4669=ORIENTED_EDGE('',*,*,#6129,.T.);
#4670=ORIENTED_EDGE('',*,*,#6130,.T.);
#4671=ORIENTED_EDGE('',*,*,#6128,.F.);
#4672=ORIENTED_EDGE('',*,*,#6131,.T.);
#4673=CARTESIAN_POINT('',(-1.5,-6.62,-7.195));
#4674=DIRECTION('',(0.0,-0.177152998315298,-0.984183323973689));
#4675=DIRECTION('',(0.0,-0.984183323973689,0.177152998315298));
#4676=ORIENTED_EDGE('',*,*,#6129,.F.);
#4677=ORIENTED_EDGE('',*,*,#6132,.F.);
#4678=ORIENTED_EDGE('',*,*,#6133,.T.);
#4679=ORIENTED_EDGE('',*,*,#6134,.F.);
#4680=CARTESIAN_POINT('',(-1.18,-7.12,-6.645));
#4681=DIRECTION('',(0.0,-1.0,0.0));
#4682=DIRECTION('',(0.0,0.0,-1.0));
#4683=ORIENTED_EDGE('',*,*,#5714,.F.);
#4684=ORIENTED_EDGE('',*,*,#6130,.F.);
#4685=ORIENTED_EDGE('',*,*,#6134,.T.);
#4686=ORIENTED_EDGE('',*,*,#6135,.T.);
#4687=CARTESIAN_POINT('',(-1.73,-6.62,-6.965));
#4688=DIRECTION('',(-0.984183323973689,-0.177152998315298,0.0));
#4689=DIRECTION('',(-0.177152998315298,0.984183323973689,0.0));
#4690=ORIENTED_EDGE('',*,*,#6136,.T.);
#4691=ORIENTED_EDGE('',*,*,#6135,.F.);
#4692=ORIENTED_EDGE('',*,*,#6133,.F.);
#4693=ORIENTED_EDGE('',*,*,#6137,.T.);
#4694=CARTESIAN_POINT('',(-1.5,-6.62,-6.735));
#4695=DIRECTION('',(0.0,-0.177152998315298,0.984183323973689));
#4696=DIRECTION('',(-1.0,0.0,0.0));
#4697=ORIENTED_EDGE('',*,*,#6136,.F.);
#4698=ORIENTED_EDGE('',*,*,#5684,.F.);
#4699=ORIENTED_EDGE('',*,*,#6138,.T.);
#4700=ORIENTED_EDGE('',*,*,#5715,.T.);
#4701=CARTESIAN_POINT('',(-1.18,0.949,-6.645));
#4702=DIRECTION('',(0.0,0.0,1.0));
#4703=DIRECTION('',(1.0,0.0,0.0));
#4704=ORIENTED_EDGE('',*,*,#6122,.F.);
#4705=ORIENTED_EDGE('',*,*,#5716,.T.);
#4706=ORIENTED_EDGE('',*,*,#6138,.F.);
#4707=ORIENTED_EDGE('',*,*,#5683,.F.);
#4708=ORIENTED_EDGE('',*,*,#5700,.F.);
#4709=ORIENTED_EDGE('',*,*,#6126,.F.);
#4710=CARTESIAN_POINT('',(-1.18,0.949,-3.655));
#4711=DIRECTION('',(0.0,-1.0,0.0));
#4712=DIRECTION('',(0.0,0.0,-1.0));
#4713=ORIENTED_EDGE('',*,*,#6132,.T.);
#4714=ORIENTED_EDGE('',*,*,#6131,.F.);
#4715=ORIENTED_EDGE('',*,*,#5680,.F.);
#4716=ORIENTED_EDGE('',*,*,#6137,.F.);
#4717=CARTESIAN_POINT('',(-1.27,-6.62,-6.965));
#4718=DIRECTION('',(0.984183323973689,-0.177152998315298,0.0));
#4719=DIRECTION('',(0.0,0.0,-1.0));
#4720=ORIENTED_EDGE('',*,*,#6124,.T.);
#4721=ORIENTED_EDGE('',*,*,#6139,.F.);
#4722=ORIENTED_EDGE('',*,*,#6140,.F.);
#4723=ORIENTED_EDGE('',*,*,#6141,.T.);
#4724=CARTESIAN_POINT('',(-1.5,-1.27,2.055));
#4725=DIRECTION('',(0.0,0.984183323973689,0.177152998315298));
#4726=DIRECTION('',(1.0,0.0,-0.0));
#4727=ORIENTED_EDGE('',*,*,#6142,.T.);
#4728=ORIENTED_EDGE('',*,*,#6143,.F.);
#4729=ORIENTED_EDGE('',*,*,#5676,.F.);
#4730=ORIENTED_EDGE('',*,*,#6141,.F.);
#4731=CARTESIAN_POINT('',(-1.27,-1.5,2.055));
#4732=DIRECTION('',(0.984183323973689,0.0,0.177152998315298));
#4733=DIRECTION('',(0.0,-1.0,0.0));
#4734=ORIENTED_EDGE('',*,*,#6144,.F.);
#4735=ORIENTED_EDGE('',*,*,#6142,.F.);
#4736=ORIENTED_EDGE('',*,*,#6140,.T.);
#4737=ORIENTED_EDGE('',*,*,#6145,.F.);
#4738=CARTESIAN_POINT('',(-1.18,-1.18,2.555));
#4739=DIRECTION('',(0.0,0.0,1.0));
#4740=DIRECTION('',(1.0,0.0,0.0));
#4741=ORIENTED_EDGE('',*,*,#6144,.T.);
#4742=ORIENTED_EDGE('',*,*,#6146,.T.);
#4743=ORIENTED_EDGE('',*,*,#6147,.F.);
#4744=ORIENTED_EDGE('',*,*,#6143,.T.);
#4745=CARTESIAN_POINT('',(-1.5,-1.73,2.055));
#4746=DIRECTION('',(0.0,-0.984183323973689,0.177152998315298));
#4747=DIRECTION('',(-1.0,0.0,0.0));
#4748=ORIENTED_EDGE('',*,*,#6147,.T.);
#4749=ORIENTED_EDGE('',*,*,#5713,.T.);
#4750=ORIENTED_EDGE('',*,*,#5779,.T.);
#4751=ORIENTED_EDGE('',*,*,#5677,.F.);
#4752=CARTESIAN_POINT('',(-1.18,-1.82,2.555));
#4753=DIRECTION('',(0.0,-1.0,0.0));
#4754=DIRECTION('',(0.0,0.0,-1.0));
#4755=ORIENTED_EDGE('',*,*,#5710,.F.);
#4756=ORIENTED_EDGE('',*,*,#6146,.F.);
#4757=ORIENTED_EDGE('',*,*,#6145,.T.);
#4758=ORIENTED_EDGE('',*,*,#6139,.T.);
#4759=CARTESIAN_POINT('',(-1.73,-1.5,2.055));
#4760=DIRECTION('',(-0.984183323973689,0.0,0.177152998315298));
#4761=DIRECTION('',(0.0,1.0,0.0));
#4762=ORIENTED_EDGE('',*,*,#5392,.F.);
#4763=ORIENTED_EDGE('',*,*,#5910,.F.);
#4764=ORIENTED_EDGE('',*,*,#6148,.F.);
#4765=ORIENTED_EDGE('',*,*,#5364,.F.);
#4766=CARTESIAN_POINT('',(6.325,3.43,-3.205));
#4767=DIRECTION('',(1.0,0.0,0.0));
#4768=DIRECTION('',(0.0,1.0,0.0));
#4769=ORIENTED_EDGE('',*,*,#5365,.T.);
#4770=ORIENTED_EDGE('',*,*,#6148,.T.);
#4771=ORIENTED_EDGE('',*,*,#5909,.F.);
#4772=ORIENTED_EDGE('',*,*,#5382,.F.);
#4773=CARTESIAN_POINT('',(-6.325,3.43,-3.205));
#4774=DIRECTION('',(0.0,0.0,1.0));
#4775=DIRECTION('',(1.0,0.0,0.0));
#4776=ORIENTED_EDGE('',*,*,#5902,.T.);
#4777=ORIENTED_EDGE('',*,*,#5896,.T.);
#4778=ORIENTED_EDGE('',*,*,#5436,.T.);
#4779=ORIENTED_EDGE('',*,*,#5885,.F.);
#4780=ORIENTED_EDGE('',*,*,#6149,.T.);
#4781=ORIENTED_EDGE('',*,*,#6150,.T.);
#4782=CARTESIAN_POINT('',(4.82,1.589,-7.285));
#4783=DIRECTION('',(-0.0,1.0,0.0));
#4784=DIRECTION('',(1.0,0.0,0.0));
#4785=ORIENTED_EDGE('',*,*,#5516,.T.);
#4786=ORIENTED_EDGE('',*,*,#5891,.F.);
#4787=ORIENTED_EDGE('',*,*,#6151,.F.);
#4788=ORIENTED_EDGE('',*,*,#6152,.F.);
#4789=CARTESIAN_POINT('',(4.18,0.0,0.0));
#4790=DIRECTION('',(1.0,0.0,0.0));
#4791=DIRECTION('',(0.0,1.0,0.0));
#4792=ORIENTED_EDGE('',*,*,#6153,.T.);
#4793=ORIENTED_EDGE('',*,*,#6154,.F.);
#4794=ORIENTED_EDGE('',*,*,#5739,.F.);
#4795=ORIENTED_EDGE('',*,*,#6155,.F.);
#4796=CARTESIAN_POINT('',(4.18,0.0,0.0));
#4797=DIRECTION('',(1.0,0.0,0.0));
#4798=DIRECTION('',(0.0,1.0,0.0));
#4799=ORIENTED_EDGE('',*,*,#6156,.T.);
#4800=ORIENTED_EDGE('',*,*,#6157,.F.);
#4801=ORIENTED_EDGE('',*,*,#5748,.F.);
#4802=ORIENTED_EDGE('',*,*,#6158,.F.);
#4803=CARTESIAN_POINT('',(4.18,0.0,0.0));
#4804=DIRECTION('',(1.0,0.0,0.0));
#4805=DIRECTION('',(0.0,1.0,0.0));
#4806=ORIENTED_EDGE('',*,*,#6159,.T.);
#4807=ORIENTED_EDGE('',*,*,#6160,.F.);
#4808=ORIENTED_EDGE('',*,*,#6161,.F.);
#4809=ORIENTED_EDGE('',*,*,#5514,.T.);
#4810=ORIENTED_EDGE('',*,*,#6150,.F.);
#4811=ORIENTED_EDGE('',*,*,#6162,.F.);
#4812=CARTESIAN_POINT('',(4.18,0.0,0.0));
#4813=DIRECTION('',(1.0,0.0,0.0));
#4814=DIRECTION('',(0.0,1.0,0.0));
#4815=ORIENTED_EDGE('',*,*,#6163,.T.);
#4816=ORIENTED_EDGE('',*,*,#6164,.F.);
#4817=ORIENTED_EDGE('',*,*,#5582,.F.);
#4818=ORIENTED_EDGE('',*,*,#5527,.F.);
#4819=CARTESIAN_POINT('',(4.18,0.0,0.0));
#4820=DIRECTION('',(1.0,0.0,0.0));
#4821=DIRECTION('',(0.0,1.0,0.0));
#4822=ORIENTED_EDGE('',*,*,#5874,.F.);
#4823=ORIENTED_EDGE('',*,*,#5444,.F.);
#4824=ORIENTED_EDGE('',*,*,#5899,.F.);
#4825=ORIENTED_EDGE('',*,*,#5906,.F.);
#4826=ORIENTED_EDGE('',*,*,#6152,.T.);
#4827=ORIENTED_EDGE('',*,*,#6165,.F.);
#4828=CARTESIAN_POINT('',(4.82,-0.32,-3.655));
#4829=DIRECTION('',(0.0,-1.0,0.0));
#4830=DIRECTION('',(0.0,0.0,-1.0));
#4831=ORIENTED_EDGE('',*,*,#5875,.F.);
#4832=ORIENTED_EDGE('',*,*,#6165,.T.);
#4833=ORIENTED_EDGE('',*,*,#6151,.T.);
#4834=ORIENTED_EDGE('',*,*,#5890,.F.);
#4835=CARTESIAN_POINT('',(4.82,-0.32,-4.955));
#4836=DIRECTION('',(0.0,0.0,-1.0));
#4837=DIRECTION('',(0.0,-1.0,0.0));
#4838=ORIENTED_EDGE('',*,*,#6153,.F.);
#4839=ORIENTED_EDGE('',*,*,#6166,.F.);
#4840=ORIENTED_EDGE('',*,*,#6167,.T.);
#4841=ORIENTED_EDGE('',*,*,#6168,.F.);
#4842=CARTESIAN_POINT('',(4.27,1.5,2.055));
#4843=DIRECTION('',(-0.984183323973689,0.0,0.177152998315298));
#4844=DIRECTION('',(0.0,1.0,0.0));
#4845=ORIENTED_EDGE('',*,*,#6169,.T.);
#4846=ORIENTED_EDGE('',*,*,#6170,.T.);
#4847=ORIENTED_EDGE('',*,*,#6168,.T.);
#4848=ORIENTED_EDGE('',*,*,#6171,.F.);
#4849=CARTESIAN_POINT('',(4.5,1.73,2.055));
#4850=DIRECTION('',(0.0,0.984183323973689,0.177152998315298));
#4851=DIRECTION('',(1.0,0.0,-0.0));
#4852=ORIENTED_EDGE('',*,*,#6172,.T.);
#4853=ORIENTED_EDGE('',*,*,#6173,.F.);
#4854=ORIENTED_EDGE('',*,*,#5877,.F.);
#4855=ORIENTED_EDGE('',*,*,#6169,.F.);
#4856=CARTESIAN_POINT('',(4.73,1.5,2.055));
#4857=DIRECTION('',(0.984183323973689,0.0,0.177152998315298));
#4858=DIRECTION('',(0.0,-1.0,0.0));
#4859=ORIENTED_EDGE('',*,*,#6174,.F.);
#4860=ORIENTED_EDGE('',*,*,#6172,.F.);
#4861=ORIENTED_EDGE('',*,*,#6171,.T.);
#4862=ORIENTED_EDGE('',*,*,#6167,.F.);
#4863=CARTESIAN_POINT('',(4.82,1.82,2.555));
#4864=DIRECTION('',(0.0,0.0,1.0));
#4865=DIRECTION('',(1.0,0.0,0.0));
#4866=ORIENTED_EDGE('',*,*,#6174,.T.);
#4867=ORIENTED_EDGE('',*,*,#6166,.T.);
#4868=ORIENTED_EDGE('',*,*,#6175,.F.);
#4869=ORIENTED_EDGE('',*,*,#6173,.T.);
#4870=CARTESIAN_POINT('',(4.5,1.27,2.055));
#4871=DIRECTION('',(0.0,-0.984183323973689,0.177152998315298));
#4872=DIRECTION('',(-1.0,0.0,0.0));
#4873=ORIENTED_EDGE('',*,*,#6175,.T.);
#4874=ORIENTED_EDGE('',*,*,#6155,.T.);
#4875=ORIENTED_EDGE('',*,*,#5738,.T.);
#4876=ORIENTED_EDGE('',*,*,#5878,.F.);
#4877=CARTESIAN_POINT('',(4.82,1.18,2.555));
#4878=DIRECTION('',(0.0,-1.0,0.0));
#4879=DIRECTION('',(0.0,0.0,-1.0));
#4880=ORIENTED_EDGE('',*,*,#6170,.F.);
#4881=ORIENTED_EDGE('',*,*,#5879,.F.);
#4882=ORIENTED_EDGE('',*,*,#5740,.F.);
#4883=ORIENTED_EDGE('',*,*,#6154,.T.);
#4884=CARTESIAN_POINT('',(4.82,1.82,-3.655));
#4885=DIRECTION('',(-0.0,1.0,0.0));
#4886=DIRECTION('',(1.0,0.0,0.0));
#4887=ORIENTED_EDGE('',*,*,#6156,.F.);
#4888=ORIENTED_EDGE('',*,*,#6176,.F.);
#4889=ORIENTED_EDGE('',*,*,#6177,.T.);
#4890=ORIENTED_EDGE('',*,*,#6178,.T.);
#4891=CARTESIAN_POINT('',(4.27,-1.5,2.055));
#4892=DIRECTION('',(-0.984183323973689,0.0,0.177152998315298));
#4893=DIRECTION('',(0.0,1.0,0.0));
#4894=ORIENTED_EDGE('',*,*,#6179,.T.);
#4895=ORIENTED_EDGE('',*,*,#6178,.F.);
#4896=ORIENTED_EDGE('',*,*,#6180,.F.);
#4897=ORIENTED_EDGE('',*,*,#6181,.T.);
#4898=CARTESIAN_POINT('',(4.5,-1.27,2.055));
#4899=DIRECTION('',(0.0,0.984183323973689,0.177152998315298));
#4900=DIRECTION('',(1.0,0.0,-0.0));
#4901=ORIENTED_EDGE('',*,*,#5907,.F.);
#4902=ORIENTED_EDGE('',*,*,#5900,.T.);
#4903=ORIENTED_EDGE('',*,*,#5442,.T.);
#4904=ORIENTED_EDGE('',*,*,#5518,.T.);
#4905=CARTESIAN_POINT('',(4.82,-1.18,-4.285));
#4906=DIRECTION('',(-0.0,1.0,0.0));
#4907=DIRECTION('',(1.0,0.0,0.0));
#4908=ORIENTED_EDGE('',*,*,#6179,.F.);
#4909=ORIENTED_EDGE('',*,*,#5882,.F.);
#4910=ORIENTED_EDGE('',*,*,#5749,.F.);
#4911=ORIENTED_EDGE('',*,*,#6157,.T.);
#4912=CARTESIAN_POINT('',(4.82,-1.18,-4.285));
#4913=DIRECTION('',(-0.0,1.0,0.0));
#4914=DIRECTION('',(1.0,0.0,0.0));
#4915=ORIENTED_EDGE('',*,*,#6182,.T.);
#4916=ORIENTED_EDGE('',*,*,#6183,.F.);
#4917=ORIENTED_EDGE('',*,*,#5880,.F.);
#4918=ORIENTED_EDGE('',*,*,#6181,.F.);
#4919=CARTESIAN_POINT('',(4.73,-1.5,2.055));
#4920=DIRECTION('',(0.984183323973689,0.0,0.177152998315298));
#4921=DIRECTION('',(0.0,-1.0,0.0));
#4922=ORIENTED_EDGE('',*,*,#6184,.F.);
#4923=ORIENTED_EDGE('',*,*,#6182,.F.);
#4924=ORIENTED_EDGE('',*,*,#6180,.T.);
#4925=ORIENTED_EDGE('',*,*,#6177,.F.);
#4926=CARTESIAN_POINT('',(4.82,-1.18,2.555));
#4927=DIRECTION('',(0.0,0.0,1.0));
#4928=DIRECTION('',(1.0,0.0,0.0));
#4929=ORIENTED_EDGE('',*,*,#6184,.T.);
#4930=ORIENTED_EDGE('',*,*,#6176,.T.);
#4931=ORIENTED_EDGE('',*,*,#6185,.F.);
#4932=ORIENTED_EDGE('',*,*,#6183,.T.);
#4933=CARTESIAN_POINT('',(4.5,-1.73,2.055));
#4934=DIRECTION('',(0.0,-0.984183323973689,0.177152998315298));
#4935=DIRECTION('',(-1.0,0.0,0.0));
#4936=ORIENTED_EDGE('',*,*,#6185,.T.);
#4937=ORIENTED_EDGE('',*,*,#6158,.T.);
#4938=ORIENTED_EDGE('',*,*,#5747,.T.);
#4939=ORIENTED_EDGE('',*,*,#5881,.F.);
#4940=CARTESIAN_POINT('',(4.82,-1.82,2.555));
#4941=DIRECTION('',(0.0,-1.0,0.0));
#4942=DIRECTION('',(0.0,0.0,-1.0));
#4943=ORIENTED_EDGE('',*,*,#6159,.F.);
#4944=ORIENTED_EDGE('',*,*,#6186,.F.);
#4945=ORIENTED_EDGE('',*,*,#6187,.T.);
#4946=ORIENTED_EDGE('',*,*,#6188,.T.);
#4947=CARTESIAN_POINT('',(4.27,-6.62,-6.965));
#4948=DIRECTION('',(-0.984183323973689,-0.177152998315298,0.0));
#4949=DIRECTION('',(-0.177152998315298,0.984183323973689,0.0));
#4950=ORIENTED_EDGE('',*,*,#6189,.T.);
#4951=ORIENTED_EDGE('',*,*,#6188,.F.);
#4952=ORIENTED_EDGE('',*,*,#6190,.F.);
#4953=ORIENTED_EDGE('',*,*,#6191,.T.);
#4954=CARTESIAN_POINT('',(4.5,-6.62,-6.735));
#4955=DIRECTION('',(0.0,-0.177152998315298,0.984183323973689));
#4956=DIRECTION('',(-1.0,0.0,0.0));
#4957=ORIENTED_EDGE('',*,*,#6189,.F.);
#4958=ORIENTED_EDGE('',*,*,#5887,.F.);
#4959=ORIENTED_EDGE('',*,*,#6192,.T.);
#4960=ORIENTED_EDGE('',*,*,#6160,.T.);
#4961=CARTESIAN_POINT('',(4.82,0.949,-6.645));
#4962=DIRECTION('',(0.0,0.0,1.0));
#4963=DIRECTION('',(1.0,0.0,0.0));
#4964=ORIENTED_EDGE('',*,*,#5905,.F.);
#4965=ORIENTED_EDGE('',*,*,#6161,.T.);
#4966=ORIENTED_EDGE('',*,*,#6192,.F.);
#4967=ORIENTED_EDGE('',*,*,#5886,.F.);
#4968=ORIENTED_EDGE('',*,*,#5438,.F.);
#4969=ORIENTED_EDGE('',*,*,#5898,.F.);
#4970=CARTESIAN_POINT('',(4.82,0.949,-3.655));
#4971=DIRECTION('',(0.0,-1.0,0.0));
#4972=DIRECTION('',(0.0,0.0,-1.0));
#4973=ORIENTED_EDGE('',*,*,#6193,.T.);
#4974=ORIENTED_EDGE('',*,*,#6194,.F.);
#4975=ORIENTED_EDGE('',*,*,#5883,.F.);
#4976=ORIENTED_EDGE('',*,*,#6191,.F.);
#4977=CARTESIAN_POINT('',(4.73,-6.62,-6.965));
#4978=DIRECTION('',(0.984183323973689,-0.177152998315298,0.0));
#4979=DIRECTION('',(0.0,0.0,-1.0));
#4980=ORIENTED_EDGE('',*,*,#6195,.F.);
#4981=ORIENTED_EDGE('',*,*,#6193,.F.);
#4982=ORIENTED_EDGE('',*,*,#6190,.T.);
#4983=ORIENTED_EDGE('',*,*,#6187,.F.);
#4984=CARTESIAN_POINT('',(4.82,-7.12,-6.645));
#4985=DIRECTION('',(0.0,-1.0,0.0));
#4986=DIRECTION('',(0.0,0.0,-1.0));
#4987=ORIENTED_EDGE('',*,*,#6195,.T.);
#4988=ORIENTED_EDGE('',*,*,#6186,.T.);
#4989=ORIENTED_EDGE('',*,*,#6196,.F.);
#4990=ORIENTED_EDGE('',*,*,#6194,.T.);
#4991=CARTESIAN_POINT('',(4.5,-6.62,-7.195));
#4992=DIRECTION('',(0.0,-0.177152998315298,-0.984183323973689));
#4993=DIRECTION('',(0.0,-0.984183323973689,0.177152998315298));
#4994=ORIENTED_EDGE('',*,*,#6196,.T.);
#4995=ORIENTED_EDGE('',*,*,#6162,.T.);
#4996=ORIENTED_EDGE('',*,*,#6149,.F.);
#4997=ORIENTED_EDGE('',*,*,#5884,.F.);
#4998=CARTESIAN_POINT('',(4.82,-7.12,-7.285));
#4999=DIRECTION('',(0.0,0.0,-1.0));
#5000=DIRECTION('',(0.0,-1.0,0.0));
#5001=ORIENTED_EDGE('',*,*,#6163,.F.);
#5002=ORIENTED_EDGE('',*,*,#6197,.F.);
#5003=ORIENTED_EDGE('',*,*,#6198,.T.);
#5004=ORIENTED_EDGE('',*,*,#6199,.T.);
#5005=CARTESIAN_POINT('',(4.27,-6.62,-3.965));
#5006=DIRECTION('',(-0.984183323973689,-0.177152998315298,0.0));
#5007=DIRECTION('',(-0.177152998315298,0.984183323973689,0.0));
#5008=ORIENTED_EDGE('',*,*,#6200,.T.);
#5009=ORIENTED_EDGE('',*,*,#6199,.F.);
#5010=ORIENTED_EDGE('',*,*,#6201,.F.);
#5011=ORIENTED_EDGE('',*,*,#6202,.T.);
#5012=CARTESIAN_POINT('',(4.5,-6.62,-3.735));
#5013=DIRECTION('',(0.0,-0.177152998315298,0.984183323973689));
#5014=DIRECTION('',(-1.0,0.0,0.0));
#5015=ORIENTED_EDGE('',*,*,#6200,.F.);
#5016=ORIENTED_EDGE('',*,*,#5889,.F.);
#5017=ORIENTED_EDGE('',*,*,#5583,.T.);
#5018=ORIENTED_EDGE('',*,*,#6164,.T.);
#5019=CARTESIAN_POINT('',(4.82,-1.82,-3.645));
#5020=DIRECTION('',(0.0,0.0,1.0));
#5021=DIRECTION('',(1.0,0.0,0.0));
#5022=ORIENTED_EDGE('',*,*,#6203,.T.);
#5023=ORIENTED_EDGE('',*,*,#6204,.F.);
#5024=ORIENTED_EDGE('',*,*,#5888,.F.);
#5025=ORIENTED_EDGE('',*,*,#6202,.F.);
#5026=CARTESIAN_POINT('',(4.73,-6.62,-3.965));
#5027=DIRECTION('',(0.984183323973689,-0.177152998315298,0.0));
#5028=DIRECTION('',(0.0,0.0,-1.0));
#5029=ORIENTED_EDGE('',*,*,#6198,.F.);
#5030=ORIENTED_EDGE('',*,*,#6205,.F.);
#5031=ORIENTED_EDGE('',*,*,#6203,.F.);
#5032=ORIENTED_EDGE('',*,*,#6201,.T.);
#5033=CARTESIAN_POINT('',(4.82,-7.12,-3.645));
#5034=DIRECTION('',(0.0,-1.0,0.0));
#5035=DIRECTION('',(0.0,0.0,-1.0));
#5036=ORIENTED_EDGE('',*,*,#6204,.T.);
#5037=ORIENTED_EDGE('',*,*,#6205,.T.);
#5038=ORIENTED_EDGE('',*,*,#6197,.T.);
#5039=ORIENTED_EDGE('',*,*,#5526,.F.);
#5040=CARTESIAN_POINT('',(4.5,-6.62,-4.195));
#5041=DIRECTION('',(0.0,-0.177152998315298,-0.984183323973689));
#5042=DIRECTION('',(0.0,-0.984183323973689,0.177152998315298));
#5043=ORIENTED_EDGE('',*,*,#5725,.F.);
#5044=ORIENTED_EDGE('',*,*,#5675,.F.);
#5045=ORIENTED_EDGE('',*,*,#5773,.F.);
#5046=ORIENTED_EDGE('',*,*,#5707,.T.);
#5047=CARTESIAN_POINT('',(-1.18,1.82,-3.655));
#5048=DIRECTION('',(-0.0,1.0,0.0));
#5049=DIRECTION('',(1.0,0.0,0.0));
#5050=ORIENTED_EDGE('',*,*,#5524,.T.);
#5051=ORIENTED_EDGE('',*,*,#6206,.F.);
#5052=ORIENTED_EDGE('',*,*,#6207,.F.);
#5053=ORIENTED_EDGE('',*,*,#5460,.T.);
#5054=CARTESIAN_POINT('',(8.075,-1.0,-3.685));
#5055=DIRECTION('',(0.0,-1.0,0.0));
#5056=DIRECTION('',(0.0,0.0,-1.0));
#5057=ORIENTED_EDGE('',*,*,#6208,.F.);
#5058=ORIENTED_EDGE('',*,*,#5461,.T.);
#5059=ORIENTED_EDGE('',*,*,#6207,.T.);
#5060=ORIENTED_EDGE('',*,*,#6209,.F.);
#5061=CARTESIAN_POINT('',(8.075,1.0,-3.685));
#5062=DIRECTION('',(0.0,0.0,1.0));
#5063=DIRECTION('',(1.0,0.0,0.0));
#5064=ORIENTED_EDGE('',*,*,#5522,.T.);
#5065=ORIENTED_EDGE('',*,*,#5462,.T.);
#5066=ORIENTED_EDGE('',*,*,#6208,.T.);
#5067=ORIENTED_EDGE('',*,*,#6210,.F.);
#5068=CARTESIAN_POINT('',(8.075,1.0,-4.285));
#5069=DIRECTION('',(-0.0,1.0,0.0));
#5070=DIRECTION('',(1.0,0.0,0.0));
#5071=ORIENTED_EDGE('',*,*,#6210,.T.);
#5072=ORIENTED_EDGE('',*,*,#6209,.T.);
#5073=ORIENTED_EDGE('',*,*,#6206,.T.);
#5074=ORIENTED_EDGE('',*,*,#5523,.T.);
#5075=CARTESIAN_POINT('',(6.825,0.0,0.0));
#5076=DIRECTION('',(1.0,0.0,0.0));
#5077=DIRECTION('',(0.0,1.0,0.0));
#5078=ORIENTED_EDGE('',*,*,#5250,.T.);
#5079=ORIENTED_EDGE('',*,*,#5249,.F.);
#5080=ORIENTED_EDGE('',*,*,#5342,.F.);
#5081=ORIENTED_EDGE('',*,*,#5271,.F.);
#5082=CARTESIAN_POINT('',(-6.440485608557,2.68,3.305));
#5083=DIRECTION('',(0.0,0.0,-1.0));
#5084=DIRECTION('',(0.0,-1.0,0.0));
#5085=ORIENTED_EDGE('',*,*,#6211,.F.);
#5086=ORIENTED_EDGE('',*,*,#5275,.F.);
#5087=ORIENTED_EDGE('',*,*,#5350,.T.);
#5088=ORIENTED_EDGE('',*,*,#5243,.F.);
#5089=CARTESIAN_POINT('',(-6.440485608557,2.68,3.305));
#5090=DIRECTION('',(0.0,0.0,-1.0));
#5091=DIRECTION('',(0.0,-1.0,0.0));
#5092=ORIENTED_EDGE('',*,*,#5242,.T.);
#5093=ORIENTED_EDGE('',*,*,#6212,.T.);
#5094=ORIENTED_EDGE('',*,*,#5276,.T.);
#5095=ORIENTED_EDGE('',*,*,#6211,.T.);
#5096=CARTESIAN_POINT('',(-8.325,1.1,-0.195));
#5097=DIRECTION('',(0.0,-1.0,0.0));
#5098=DIRECTION('',(0.0,0.0,-1.0));
#5099=ORIENTED_EDGE('',*,*,#5241,.F.);
#5100=ORIENTED_EDGE('',*,*,#5269,.T.);
#5101=ORIENTED_EDGE('',*,*,#5277,.T.);
#5102=ORIENTED_EDGE('',*,*,#6212,.F.);
#5103=CARTESIAN_POINT('',(-8.325,0.575,-0.195));
#5104=DIRECTION('',(0.0,0.0,1.0));
#5105=DIRECTION('',(1.0,0.0,0.0));
#5106=ORIENTED_EDGE('',*,*,#5327,.F.);
#5107=ORIENTED_EDGE('',*,*,#5338,.T.);
#5108=ORIENTED_EDGE('',*,*,#5309,.F.);
#5109=ORIENTED_EDGE('',*,*,#6213,.F.);
#5110=CARTESIAN_POINT('',(8.325,1.1,-0.195));
#5111=DIRECTION('',(-0.0,1.0,0.0));
#5112=DIRECTION('',(1.0,0.0,0.0));
#5113=ORIENTED_EDGE('',*,*,#5328,.T.);
#5114=ORIENTED_EDGE('',*,*,#6213,.T.);
#5115=ORIENTED_EDGE('',*,*,#5308,.F.);
#5116=ORIENTED_EDGE('',*,*,#5293,.F.);
#5117=CARTESIAN_POINT('',(8.325,0.575,-0.195));
#5118=DIRECTION('',(0.0,0.0,-1.0));
#5119=DIRECTION('',(0.0,-1.0,0.0));
#5120=ORIENTED_EDGE('',*,*,#5329,.T.);
#5121=ORIENTED_EDGE('',*,*,#6214,.T.);
#5122=ORIENTED_EDGE('',*,*,#6215,.F.);
#5123=ORIENTED_EDGE('',*,*,#6216,.F.);
#5124=CARTESIAN_POINT('',(7.825,-2.2,1.605));
#5125=DIRECTION('',(-0.0,1.0,0.0));
#5126=DIRECTION('',(1.0,0.0,0.0));
#5127=ORIENTED_EDGE('',*,*,#5330,.T.);
#5128=ORIENTED_EDGE('',*,*,#6216,.T.);
#5129=ORIENTED_EDGE('',*,*,#6217,.F.);
#5130=ORIENTED_EDGE('',*,*,#6218,.F.);
#5131=CARTESIAN_POINT('',(7.825,-2.35,1.605));
#5132=DIRECTION('',(0.0,0.0,-1.0));
#5133=DIRECTION('',(0.0,-1.0,0.0));
#5134=ORIENTED_EDGE('',*,*,#5331,.T.);
#5135=ORIENTED_EDGE('',*,*,#6218,.T.);
#5136=ORIENTED_EDGE('',*,*,#6219,.F.);
#5137=ORIENTED_EDGE('',*,*,#6220,.F.);
#5138=CARTESIAN_POINT('',(7.825,-2.35,2.6007447052));
#5139=DIRECTION('',(0.0,-1.0,0.0));
#5140=DIRECTION('',(0.0,0.0,-1.0));
#5141=ORIENTED_EDGE('',*,*,#5332,.T.);
#5142=ORIENTED_EDGE('',*,*,#6220,.T.);
#5143=ORIENTED_EDGE('',*,*,#6221,.F.);
#5144=ORIENTED_EDGE('',*,*,#6222,.F.);
#5145=CARTESIAN_POINT('',(7.825,-2.5,2.422021250725));
#5146=DIRECTION('',(0.0,0.765974342782488,-0.64287114276419));
#5147=DIRECTION('',(-1.0,0.0,0.0));
#5148=ORIENTED_EDGE('',*,*,#5333,.T.);
#5149=ORIENTED_EDGE('',*,*,#6222,.T.);
#5150=ORIENTED_EDGE('',*,*,#6223,.F.);
#5151=ORIENTED_EDGE('',*,*,#6224,.F.);
#5152=CARTESIAN_POINT('',(7.825,-2.5,2.62627661705));
#5153=DIRECTION('',(0.0,-1.0,0.0));
#5154=DIRECTION('',(0.0,0.0,-1.0));
#5155=ORIENTED_EDGE('',*,*,#5334,.T.);
#5156=ORIENTED_EDGE('',*,*,#6224,.T.);
#5157=ORIENTED_EDGE('',*,*,#6225,.F.);
#5158=ORIENTED_EDGE('',*,*,#6226,.F.);
#5159=CARTESIAN_POINT('',(7.825,-2.35,2.805));
#5160=DIRECTION('',(0.0,-0.765974216092578,0.642871293713882));
#5161=DIRECTION('',(-1.0,0.0,0.0));
#5162=ORIENTED_EDGE('',*,*,#5335,.T.);
#5163=ORIENTED_EDGE('',*,*,#6226,.T.);
#5164=ORIENTED_EDGE('',*,*,#6227,.F.);
#5165=ORIENTED_EDGE('',*,*,#6214,.F.);
#5166=CARTESIAN_POINT('',(7.825,-2.2,2.805));
#5167=DIRECTION('',(0.0,0.0,1.0));
#5168=DIRECTION('',(1.0,0.0,0.0));
#5169=ORIENTED_EDGE('',*,*,#6215,.T.);
#5170=ORIENTED_EDGE('',*,*,#6227,.T.);
#5171=ORIENTED_EDGE('',*,*,#6225,.T.);
#5172=ORIENTED_EDGE('',*,*,#6223,.T.);
#5173=ORIENTED_EDGE('',*,*,#6221,.T.);
#5174=ORIENTED_EDGE('',*,*,#6219,.T.);
#5175=ORIENTED_EDGE('',*,*,#6217,.T.);
#5176=CARTESIAN_POINT('',(7.775,0.0,0.0));
#5177=DIRECTION('',(1.0,0.0,0.0));
#5178=DIRECTION('',(0.0,1.0,0.0));
#5179=ORIENTED_EDGE('',*,*,#5302,.T.);
#5180=ORIENTED_EDGE('',*,*,#6228,.T.);
#5181=ORIENTED_EDGE('',*,*,#5283,.F.);
#5182=ORIENTED_EDGE('',*,*,#5303,.F.);
#5183=CARTESIAN_POINT('',(6.840485608557,-0.4,-2.695));
#5184=DIRECTION('',(0.0,-1.0,0.0));
#5185=DIRECTION('',(0.0,0.0,-1.0));
#5186=ORIENTED_EDGE('',*,*,#5301,.T.);
#5187=ORIENTED_EDGE('',*,*,#6229,.T.);
#5188=ORIENTED_EDGE('',*,*,#5284,.F.);
#5189=ORIENTED_EDGE('',*,*,#6228,.F.);
#5190=CARTESIAN_POINT('',(7.140485608557,-0.4,-2.695));
#5191=DIRECTION('',(1.0,0.0,0.0));
#5192=DIRECTION('',(0.0,1.0,0.0));
#5193=ORIENTED_EDGE('',*,*,#5300,.T.);
#5194=ORIENTED_EDGE('',*,*,#6230,.T.);
#5195=ORIENTED_EDGE('',*,*,#5285,.F.);
#5196=ORIENTED_EDGE('',*,*,#6229,.F.);
#5197=CARTESIAN_POINT('',(7.140485608557,0.4,-2.695));
#5198=DIRECTION('',(-0.0,1.0,0.0));
#5199=DIRECTION('',(1.0,0.0,0.0));
#5200=ORIENTED_EDGE('',*,*,#5299,.F.);
#5201=ORIENTED_EDGE('',*,*,#5295,.T.);
#5202=ORIENTED_EDGE('',*,*,#5286,.F.);
#5203=ORIENTED_EDGE('',*,*,#6230,.F.);
#5204=CARTESIAN_POINT('',(6.840485608557,0.4,-2.695));
#5205=DIRECTION('',(1.0,0.0,0.0));
#5206=DIRECTION('',(0.0,1.0,0.0));
#5207=ORIENTED_EDGE('',*,*,#5261,.F.);
#5208=ORIENTED_EDGE('',*,*,#5258,.T.);
#5209=ORIENTED_EDGE('',*,*,#5290,.F.);
#5210=ORIENTED_EDGE('',*,*,#6231,.F.);
#5211=CARTESIAN_POINT('',(-6.840485608557,-0.4,-2.695));
#5212=DIRECTION('',(-1.0,0.0,0.0));
#5213=DIRECTION('',(0.0,0.0,1.0));
#5214=ORIENTED_EDGE('',*,*,#5262,.T.);
#5215=ORIENTED_EDGE('',*,*,#6231,.T.);
#5216=ORIENTED_EDGE('',*,*,#5289,.F.);
#5217=ORIENTED_EDGE('',*,*,#6232,.F.);
#5218=CARTESIAN_POINT('',(-7.140485608557,-0.4,-2.695));
#5219=DIRECTION('',(0.0,-1.0,0.0));
#5220=DIRECTION('',(0.0,0.0,-1.0));
#5221=ORIENTED_EDGE('',*,*,#5263,.T.);
#5222=ORIENTED_EDGE('',*,*,#6232,.T.);
#5223=ORIENTED_EDGE('',*,*,#5288,.F.);
#5224=ORIENTED_EDGE('',*,*,#6233,.F.);
#5225=CARTESIAN_POINT('',(-7.140485608557,0.4,-2.695));
#5226=DIRECTION('',(-1.0,0.0,0.0));
#5227=DIRECTION('',(0.0,0.0,1.0));
#5228=ORIENTED_EDGE('',*,*,#5264,.T.);
#5229=ORIENTED_EDGE('',*,*,#6233,.T.);
#5230=ORIENTED_EDGE('',*,*,#5287,.F.);
#5231=ORIENTED_EDGE('',*,*,#5265,.F.);
#5232=CARTESIAN_POINT('',(-6.840485608557,0.4,-2.695));
#5233=DIRECTION('',(-0.0,1.0,0.0));
#5234=DIRECTION('',(1.0,0.0,0.0));
#5235=COLOUR_RGB('',0.749019622802734,0.749019622802734,0.749019622802734);
#5236=EDGE_CURVE('',#6234,#6235,#6236,.T.);
#5237=EDGE_CURVE('',#6235,#6237,#6238,.T.);
#5238=EDGE_CURVE('',#6237,#6239,#6240,.T.);
#5239=EDGE_CURVE('',#6239,#6241,#6242,.T.);
#5240=EDGE_CURVE('',#6241,#6243,#6244,.T.);
#5241=EDGE_CURVE('',#6243,#6245,#6246,.T.);
#5242=EDGE_CURVE('',#6247,#6245,#6248,.T.);
#5243=EDGE_CURVE('',#6247,#6249,#6250,.T.);
#5244=EDGE_CURVE('',#6251,#6249,#6252,.T.);
#5245=EDGE_CURVE('',#6253,#6251,#6254,.T.);
#5246=EDGE_CURVE('',#6255,#6253,#6256,.T.);
#5247=EDGE_CURVE('',#6257,#6255,#6258,.T.);
#5248=EDGE_CURVE('',#6259,#6257,#6260,.T.);
#5249=EDGE_CURVE('',#6259,#6234,#6261,.T.);
#5250=EDGE_CURVE('',#6262,#6234,#6263,.T.);
#5251=EDGE_CURVE('',#6262,#6264,#6265,.T.);
#5252=EDGE_CURVE('',#6235,#6264,#6266,.T.);
#5253=EDGE_CURVE('',#6264,#6267,#6268,.T.);
#5254=EDGE_CURVE('',#6237,#6267,#6269,.T.);
#5255=EDGE_CURVE('',#6239,#6270,#6271,.T.);
#5256=EDGE_CURVE('',#6267,#6272,#6273,.T.);
#5257=EDGE_CURVE('',#6274,#6272,#6275,.T.);
#5258=EDGE_CURVE('',#6270,#6274,#6276,.T.);
#5259=EDGE_CURVE('',#6277,#6278,#6279,.T.);
#5260=EDGE_CURVE('',#6241,#6277,#6280,.T.);
#5261=EDGE_CURVE('',#6270,#6281,#6282,.T.);
#5262=EDGE_CURVE('',#6283,#6281,#6284,.T.);
#5263=EDGE_CURVE('',#6285,#6283,#6286,.T.);
#5264=EDGE_CURVE('',#6278,#6285,#6287,.T.);
#5265=EDGE_CURVE('',#6278,#6288,#6289,.T.);
#5266=EDGE_CURVE('',#6290,#6288,#6291,.T.);
#5267=EDGE_CURVE('',#6277,#6290,#6292,.T.);
#5268=EDGE_CURVE('',#6293,#6294,#6295,.T.);
#5269=EDGE_CURVE('',#6243,#6293,#6296,.T.);
#5270=EDGE_CURVE('',#6294,#6290,#6297,.T.);
#5271=EDGE_CURVE('',#6262,#6298,#6299,.T.);
#5272=EDGE_CURVE('',#6300,#6298,#6301,.T.);
#5273=EDGE_CURVE('',#6300,#6302,#6303,.T.);
#5274=EDGE_CURVE('',#6302,#6304,#6305,.T.);
#5275=EDGE_CURVE('',#6304,#6306,#6307,.T.);
#5276=EDGE_CURVE('',#6308,#6306,#6309,.T.);
#5277=EDGE_CURVE('',#6293,#6308,#6310,.T.);
#5278=EDGE_CURVE('',#6272,#6294,#6311,.T.);
#5279=EDGE_CURVE('',#6312,#6313,#6314,.T.);
#5280=EDGE_CURVE('',#6313,#6315,#6316,.T.);
#5281=EDGE_CURVE('',#6315,#6317,#6318,.T.);
#5282=EDGE_CURVE('',#6317,#6319,#6320,.T.);
#5283=EDGE_CURVE('',#6319,#6321,#6322,.T.);
#5284=EDGE_CURVE('',#6321,#6323,#6324,.T.);
#5285=EDGE_CURVE('',#6323,#6325,#6326,.T.);
#5286=EDGE_CURVE('',#6325,#6312,#6327,.T.);
#5287=EDGE_CURVE('',#6288,#6328,#6329,.T.);
#5288=EDGE_CURVE('',#6328,#6330,#6331,.T.);
#5289=EDGE_CURVE('',#6330,#6332,#6333,.T.);
#5290=EDGE_CURVE('',#6332,#6274,#6334,.T.);
#5291=EDGE_CURVE('',#6335,#6336,#6337,.T.);
#5292=EDGE_CURVE('',#6335,#6338,#6339,.T.);
#5293=EDGE_CURVE('',#6338,#6340,#6341,.T.);
#5294=EDGE_CURVE('',#6340,#6313,#6342,.T.);
#5295=EDGE_CURVE('',#6336,#6312,#6343,.T.);
#5296=EDGE_CURVE('',#6344,#6345,#6346,.T.);
#5297=EDGE_CURVE('',#6347,#6344,#6348,.T.);
#5298=EDGE_CURVE('',#6347,#6335,#6349,.T.);
#5299=EDGE_CURVE('',#6336,#6350,#6351,.T.);
#5300=EDGE_CURVE('',#6352,#6350,#6353,.T.);
#5301=EDGE_CURVE('',#6354,#6352,#6355,.T.);
#5302=EDGE_CURVE('',#6345,#6354,#6356,.T.);
#5303=EDGE_CURVE('',#6345,#6319,#6357,.T.);
#5304=EDGE_CURVE('',#6344,#6317,#6358,.T.);
#5305=EDGE_CURVE('',#6359,#6315,#6360,.T.);
#5306=EDGE_CURVE('',#6361,#6359,#6362,.T.);
#5307=EDGE_CURVE('',#6361,#6347,#6363,.T.);
#5308=EDGE_CURVE('',#6340,#6364,#6365,.T.);
#5309=EDGE_CURVE('',#6364,#6366,#6367,.T.);
#5310=EDGE_CURVE('',#6368,#6366,#6369,.T.);
#5311=EDGE_CURVE('',#6368,#6370,#6371,.T.);
#5312=EDGE_CURVE('',#6372,#6370,#6373,.T.);
#5313=EDGE_CURVE('',#6374,#6372,#6375,.T.);
#5314=EDGE_CURVE('',#6376,#6374,#6377,.T.);
#5315=EDGE_CURVE('',#6376,#6378,#6379,.T.);
#5316=EDGE_CURVE('',#6378,#6359,#6380,.T.);
#5317=EDGE_CURVE('',#6381,#6361,#6382,.T.);
#5318=EDGE_CURVE('',#6381,#6378,#6383,.T.);
#5319=EDGE_CURVE('',#6384,#6381,#6385,.T.);
#5320=EDGE_CURVE('',#6386,#6384,#6387,.T.);
#5321=EDGE_CURVE('',#6386,#6388,#6389,.T.);
#5322=EDGE_CURVE('',#6388,#6390,#6391,.T.);
#5323=EDGE_CURVE('',#6390,#6392,#6393,.T.);
#5324=EDGE_CURVE('',#6392,#6394,#6395,.T.);
#5325=EDGE_CURVE('',#6394,#6396,#6397,.T.);
#5326=EDGE_CURVE('',#6398,#6396,#6399,.T.);
#5327=EDGE_CURVE('',#6398,#6400,#6401,.T.);
#5328=EDGE_CURVE('',#6338,#6400,#6402,.T.);
#5329=EDGE_CURVE('',#6403,#6404,#6405,.T.);
#5330=EDGE_CURVE('',#6406,#6403,#6407,.T.);
#5331=EDGE_CURVE('',#6408,#6406,#6409,.T.);
#5332=EDGE_CURVE('',#6410,#6408,#6411,.T.);
#5333=EDGE_CURVE('',#6412,#6410,#6413,.T.);
#5334=EDGE_CURVE('',#6414,#6412,#6415,.T.);
#5335=EDGE_CURVE('',#6404,#6414,#6416,.T.);
#5336=EDGE_CURVE('',#6384,#6376,#6417,.T.);
#5337=EDGE_CURVE('',#6386,#6374,#6418,.T.);
#5338=EDGE_CURVE('',#6398,#6366,#6419,.T.);
#5339=EDGE_CURVE('',#6396,#6368,#6420,.T.);
#5340=EDGE_CURVE('',#6386,#6372,#6421,.T.);
#5341=EDGE_CURVE('',#6300,#6259,#6422,.T.);
#5342=EDGE_CURVE('',#6298,#6259,#6423,.T.);
#5343=EDGE_CURVE('',#6396,#6370,#6424,.T.);
#5344=EDGE_CURVE('',#6394,#6425,#6426,.T.);
#5345=EDGE_CURVE('',#6425,#6370,#6427,.T.);
#5346=EDGE_CURVE('',#6372,#6428,#6429,.T.);
#5347=EDGE_CURVE('',#6430,#6428,#6431,.T.);
#5348=EDGE_CURVE('',#6388,#6430,#6432,.T.);
#5349=EDGE_CURVE('',#6302,#6249,#6433,.T.);
#5350=EDGE_CURVE('',#6304,#6249,#6434,.T.);
#5351=EDGE_CURVE('',#6435,#6302,#6436,.T.);
#5352=EDGE_CURVE('',#6435,#6251,#6437,.T.);
#5353=EDGE_CURVE('',#6438,#6257,#6439,.T.);
#5354=EDGE_CURVE('',#6440,#6438,#6441,.T.);
#5355=EDGE_CURVE('',#6300,#6440,#6442,.T.);
#5356=EDGE_CURVE('',#6443,#6444,#6445,.T.);
#5357=EDGE_CURVE('',#6443,#6446,#6447,.T.);
#5358=EDGE_CURVE('',#6446,#6448,#6449,.T.);
#5359=EDGE_CURVE('',#6448,#6253,#6450,.T.);
#5360=EDGE_CURVE('',#6435,#6425,#6451,.T.);
#5361=EDGE_CURVE('',#6392,#6452,#6453,.T.);
#5362=EDGE_CURVE('',#6452,#6454,#6455,.T.);
#5363=EDGE_CURVE('',#6454,#6456,#6457,.T.);
#5364=EDGE_CURVE('',#6456,#6458,#6459,.T.);
#5365=EDGE_CURVE('',#6444,#6458,#6460,.T.);
#5366=EDGE_CURVE('',#6461,#6462,#6463,.T.);
#5367=EDGE_CURVE('',#6462,#6464,#6465,.T.);
#5368=EDGE_CURVE('',#6466,#6464,#6467,.T.);
#5369=EDGE_CURVE('',#6461,#6466,#6468,.T.);
#5370=EDGE_CURVE('',#6469,#6461,#6470,.T.);
#5371=EDGE_CURVE('',#6471,#6469,#6472,.T.);
#5372=EDGE_CURVE('',#6473,#6471,#6474,.T.);
#5373=EDGE_CURVE('',#6462,#6473,#6475,.T.);
#5374=EDGE_CURVE('',#6473,#6476,#6477,.T.);
#5375=EDGE_CURVE('',#6464,#6476,#6478,.T.);
#5376=EDGE_CURVE('',#6476,#6479,#6480,.T.);
#5377=EDGE_CURVE('',#6479,#6481,#6482,.T.);
#5378=EDGE_CURVE('',#6481,#6466,#6483,.T.);
#5379=EDGE_CURVE('',#6469,#6481,#6484,.T.);
#5380=EDGE_CURVE('',#6471,#6479,#6485,.T.);
#5381=EDGE_CURVE('',#6486,#6443,#6487,.T.);
#5382=EDGE_CURVE('',#6444,#6488,#6489,.T.);
#5383=EDGE_CURVE('',#6486,#6488,#6490,.T.);
#5384=EDGE_CURVE('',#6491,#6492,#6493,.T.);
#5385=EDGE_CURVE('',#6491,#6494,#6495,.T.);
#5386=EDGE_CURVE('',#6494,#6496,#6497,.T.);
#5387=EDGE_CURVE('',#6496,#6498,#6499,.T.);
#5388=EDGE_CURVE('',#6498,#6500,#6501,.T.);
#5389=EDGE_CURVE('',#6500,#6492,#6502,.T.);
#5390=EDGE_CURVE('',#6503,#6504,#6505,.T.);
#5391=EDGE_CURVE('',#6504,#6506,#6507,.T.);
#5392=EDGE_CURVE('',#6506,#6456,#6508,.T.);
#5393=EDGE_CURVE('',#6454,#6509,#6510,.T.);
#5394=EDGE_CURVE('',#6509,#6503,#6511,.T.);
#5395=EDGE_CURVE('',#6512,#6513,#6514,.T.);
#5396=EDGE_CURVE('',#6512,#6515,#6516,.T.);
#5397=EDGE_CURVE('',#6515,#6517,#6518,.T.);
#5398=EDGE_CURVE('',#6517,#6513,#6519,.T.);
#5399=EDGE_CURVE('',#6520,#6521,#6522,.T.);
#5400=EDGE_CURVE('',#6521,#6523,#6524,.T.);
#5401=EDGE_CURVE('',#6525,#6523,#6526,.T.);
#5402=EDGE_CURVE('',#6525,#6520,#6527,.T.);
#5403=EDGE_CURVE('',#6528,#6529,#6530,.T.);
#5404=EDGE_CURVE('',#6528,#6531,#6532,.T.);
#5405=EDGE_CURVE('',#6531,#6533,#6534,.T.);
#5406=EDGE_CURVE('',#6533,#6529,#6535,.T.);
#5407=EDGE_CURVE('',#6536,#6537,#6538,.T.);
#5408=EDGE_CURVE('',#6537,#6539,#6540,.T.);
#5409=EDGE_CURVE('',#6541,#6539,#6542,.T.);
#5410=EDGE_CURVE('',#6541,#6536,#6543,.T.);
#5411=EDGE_CURVE('',#6544,#6545,#6546,.T.);
#5412=EDGE_CURVE('',#6545,#6547,#6548,.T.);
#5413=EDGE_CURVE('',#6549,#6547,#6550,.T.);
#5414=EDGE_CURVE('',#6549,#6551,#6552,.T.);
#5415=EDGE_CURVE('',#6553,#6551,#6554,.T.);
#5416=EDGE_CURVE('',#6553,#6544,#6555,.T.);
#5417=EDGE_CURVE('',#6556,#6557,#6558,.T.);
#5418=EDGE_CURVE('',#6556,#6559,#6560,.T.);
#5419=EDGE_CURVE('',#6559,#6561,#6562,.T.);
#5420=EDGE_CURVE('',#6561,#6557,#6563,.T.);
#5421=EDGE_CURVE('',#6564,#6565,#6566,.T.);
#5422=EDGE_CURVE('',#6564,#6567,#6568,.T.);
#5423=EDGE_CURVE('',#6446,#6567,#6569,.T.);
#5424=EDGE_CURVE('',#6486,#6565,#6570,.T.);
#5425=EDGE_CURVE('',#6571,#6572,#6573,.T.);
#5426=EDGE_CURVE('',#6572,#6574,#6575,.T.);
#5427=EDGE_CURVE('',#6576,#6574,#6577,.T.);
#5428=EDGE_CURVE('',#6576,#6571,#6578,.T.);
#5429=EDGE_CURVE('',#6491,#6579,#6580,.T.);
#5430=EDGE_CURVE('',#6492,#6581,#6582,.T.);
#5431=EDGE_CURVE('',#6581,#6579,#6583,.T.);
#5432=EDGE_CURVE('',#6584,#6585,#6586,.T.);
#5433=EDGE_CURVE('',#6504,#6584,#6587,.T.);
#5434=EDGE_CURVE('',#6588,#6503,#6589,.T.);
#5435=EDGE_CURVE('',#6590,#6588,#6591,.T.);
#5436=EDGE_CURVE('',#6585,#6590,#6592,.T.);
#5437=EDGE_CURVE('',#6593,#6594,#6595,.T.);
#5438=EDGE_CURVE('',#6593,#6596,#6597,.T.);
#5439=EDGE_CURVE('',#6598,#6596,#6599,.T.);
#5440=EDGE_CURVE('',#6594,#6598,#6600,.T.);
#5441=EDGE_CURVE('',#6601,#6602,#6603,.T.);
#5442=EDGE_CURVE('',#6604,#6601,#6605,.T.);
#5443=EDGE_CURVE('',#6606,#6604,#6607,.T.);
#5444=EDGE_CURVE('',#6606,#6602,#6608,.T.);
#5445=EDGE_CURVE('',#6579,#6609,#6610,.T.);
#5446=EDGE_CURVE('',#6494,#6609,#6611,.T.);
#5447=EDGE_CURVE('',#6512,#6612,#6613,.T.);
#5448=EDGE_CURVE('',#6612,#6614,#6615,.T.);
#5449=EDGE_CURVE('',#6515,#6614,#6616,.T.);
#5450=EDGE_CURVE('',#6528,#6617,#6618,.T.);
#5451=EDGE_CURVE('',#6617,#6619,#6620,.T.);
#5452=EDGE_CURVE('',#6531,#6619,#6621,.T.);
#5453=EDGE_CURVE('',#6544,#6622,#6623,.T.);
#5454=EDGE_CURVE('',#6553,#6624,#6625,.T.);
#5455=EDGE_CURVE('',#6624,#6622,#6626,.T.);
#5456=EDGE_CURVE('',#6556,#6627,#6628,.T.);
#5457=EDGE_CURVE('',#6627,#6629,#6630,.T.);
#5458=EDGE_CURVE('',#6559,#6629,#6631,.T.);
#5459=EDGE_CURVE('',#6609,#6632,#6633,.T.);
#5460=EDGE_CURVE('',#6634,#6632,#6635,.T.);
#5461=EDGE_CURVE('',#6636,#6634,#6637,.T.);
#5462=EDGE_CURVE('',#6638,#6636,#6639,.T.);
#5463=EDGE_CURVE('',#6638,#6640,#6641,.T.);
#5464=EDGE_CURVE('',#6509,#6640,#6642,.T.);
#5465=EDGE_CURVE('',#6452,#6643,#6644,.T.);
#5466=EDGE_CURVE('',#6643,#6496,#6645,.T.);
#5467=EDGE_CURVE('',#6646,#6647,#6648,.T.);
#5468=EDGE_CURVE('',#6646,#6649,#6650,.T.);
#5469=EDGE_CURVE('',#6649,#6651,#6652,.T.);
#5470=EDGE_CURVE('',#6651,#6622,#6653,.T.);
#5471=EDGE_CURVE('',#6624,#6654,#6655,.T.);
#5472=EDGE_CURVE('',#6656,#6654,#6657,.T.);
#5473=EDGE_CURVE('',#6656,#6658,#6659,.T.);
#5474=EDGE_CURVE('',#6660,#6658,#6661,.T.);
#5475=EDGE_CURVE('',#6660,#6662,#6663,.T.);
#5476=EDGE_CURVE('',#6664,#6662,#6665,.T.);
#5477=EDGE_CURVE('',#6666,#6664,#6667,.T.);
#5478=EDGE_CURVE('',#6668,#6666,#6669,.T.);
#5479=EDGE_CURVE('',#6670,#6668,#6671,.T.);
#5480=EDGE_CURVE('',#6672,#6670,#6673,.T.);
#5481=EDGE_CURVE('',#6674,#6672,#6675,.T.);
#5482=EDGE_CURVE('',#6676,#6674,#6677,.T.);
#5483=EDGE_CURVE('',#6676,#6678,#6679,.T.);
#5484=EDGE_CURVE('',#6678,#6680,#6681,.T.);
#5485=EDGE_CURVE('',#6680,#6682,#6683,.T.);
#5486=EDGE_CURVE('',#6682,#6684,#6685,.T.);
#5487=EDGE_CURVE('',#6684,#6686,#6687,.T.);
#5488=EDGE_CURVE('',#6688,#6686,#6689,.T.);
#5489=EDGE_CURVE('',#6690,#6688,#6691,.T.);
#5490=EDGE_CURVE('',#6692,#6690,#6693,.T.);
#5491=EDGE_CURVE('',#6694,#6692,#6695,.T.);
#5492=EDGE_CURVE('',#6696,#6694,#6697,.T.);
#5493=EDGE_CURVE('',#6698,#6696,#6699,.T.);
#5494=EDGE_CURVE('',#6700,#6698,#6701,.T.);
#5495=EDGE_CURVE('',#6700,#6702,#6703,.T.);
#5496=EDGE_CURVE('',#6702,#6704,#6705,.T.);
#5497=EDGE_CURVE('',#6704,#6706,#6707,.T.);
#5498=EDGE_CURVE('',#6706,#6708,#6709,.T.);
#5499=EDGE_CURVE('',#6708,#6710,#6711,.T.);
#5500=EDGE_CURVE('',#6712,#6710,#6713,.T.);
#5501=EDGE_CURVE('',#6714,#6712,#6715,.T.);
#5502=EDGE_CURVE('',#6716,#6714,#6717,.T.);
#5503=EDGE_CURVE('',#6718,#6716,#6719,.T.);
#5504=EDGE_CURVE('',#6720,#6718,#6721,.T.);
#5505=EDGE_CURVE('',#6722,#6720,#6723,.T.);
#5506=EDGE_CURVE('',#6724,#6722,#6725,.T.);
#5507=EDGE_CURVE('',#6724,#6726,#6727,.T.);
#5508=EDGE_CURVE('',#6726,#6728,#6729,.T.);
#5509=EDGE_CURVE('',#6728,#6730,#6731,.T.);
#5510=EDGE_CURVE('',#6730,#6732,#6733,.T.);
#5511=EDGE_CURVE('',#6732,#6734,#6735,.T.);
#5512=EDGE_CURVE('',#6736,#6734,#6737,.T.);
#5513=EDGE_CURVE('',#6738,#6736,#6739,.T.);
#5514=EDGE_CURVE('',#6740,#6738,#6741,.T.);
#5515=EDGE_CURVE('',#6742,#6740,#6743,.T.);
#5516=EDGE_CURVE('',#6744,#6742,#6745,.T.);
#5517=EDGE_CURVE('',#6746,#6744,#6747,.T.);
#5518=EDGE_CURVE('',#6601,#6746,#6748,.T.);
#5519=EDGE_CURVE('',#6602,#6598,#6749,.T.);
#5520=EDGE_CURVE('',#6596,#6590,#6750,.T.);
#5521=EDGE_CURVE('',#6640,#6588,#6751,.T.);
#5522=EDGE_CURVE('',#6752,#6638,#6753,.T.);
#5523=EDGE_CURVE('',#6754,#6752,#6755,.T.);
#5524=EDGE_CURVE('',#6632,#6754,#6756,.T.);
#5525=EDGE_CURVE('',#6757,#6581,#6758,.T.);
#5526=EDGE_CURVE('',#6757,#6759,#6760,.T.);
#5527=EDGE_CURVE('',#6759,#6761,#6762,.T.);
#5528=EDGE_CURVE('',#6761,#6614,#6763,.T.);
#5529=EDGE_CURVE('',#6764,#6612,#6765,.T.);
#5530=EDGE_CURVE('',#6766,#6764,#6767,.T.);
#5531=EDGE_CURVE('',#6766,#6768,#6769,.T.);
#5532=EDGE_CURVE('',#6768,#6770,#6771,.T.);
#5533=EDGE_CURVE('',#6770,#6619,#6772,.T.);
#5534=EDGE_CURVE('',#6773,#6617,#6774,.T.);
#5535=EDGE_CURVE('',#6775,#6773,#6776,.T.);
#5536=EDGE_CURVE('',#6775,#6777,#6778,.T.);
#5537=EDGE_CURVE('',#6777,#6779,#6780,.T.);
#5538=EDGE_CURVE('',#6779,#6629,#6781,.T.);
#5539=EDGE_CURVE('',#6647,#6627,#6782,.T.);
#5540=EDGE_CURVE('',#6678,#6783,#6784,.T.);
#5541=EDGE_CURVE('',#6783,#6785,#6786,.T.);
#5542=EDGE_CURVE('',#6785,#6680,#6787,.T.);
#5543=EDGE_CURVE('',#6788,#6789,#6790,.T.);
#5544=EDGE_CURVE('',#6789,#6791,#6792,.T.);
#5545=EDGE_CURVE('',#6791,#6793,#6794,.T.);
#5546=EDGE_CURVE('',#6793,#6788,#6795,.T.);
#5547=EDGE_CURVE('',#6796,#6797,#6798,.T.);
#5548=EDGE_CURVE('',#6797,#6799,#6800,.T.);
#5549=EDGE_CURVE('',#6799,#6801,#6802,.T.);
#5550=EDGE_CURVE('',#6801,#6796,#6803,.T.);
#5551=EDGE_CURVE('',#6804,#6805,#6806,.T.);
#5552=EDGE_CURVE('',#6805,#6807,#6808,.T.);
#5553=EDGE_CURVE('',#6807,#6684,#6809,.T.);
#5554=EDGE_CURVE('',#6682,#6810,#6811,.T.);
#5555=EDGE_CURVE('',#6810,#6804,#6812,.T.);
#5556=EDGE_CURVE('',#6813,#6646,#6814,.T.);
#5557=EDGE_CURVE('',#6647,#6815,#6816,.T.);
#5558=EDGE_CURVE('',#6815,#6813,#6817,.T.);
#5559=EDGE_CURVE('',#6785,#6818,#6819,.T.);
#5560=EDGE_CURVE('',#6818,#6670,#6820,.T.);
#5561=EDGE_CURVE('',#6670,#6821,#6822,.T.);
#5562=EDGE_CURVE('',#6821,#6823,#6824,.T.);
#5563=EDGE_CURVE('',#6823,#6680,#6825,.T.);
#5564=EDGE_CURVE('',#6557,#6647,#6826,.T.);
#5565=EDGE_CURVE('',#6827,#6676,#6828,.T.);
#5566=EDGE_CURVE('',#6829,#6827,#6830,.T.);
#5567=EDGE_CURVE('',#6829,#6678,#6831,.T.);
#5568=EDGE_CURVE('',#6832,#6833,#6834,.T.);
#5569=EDGE_CURVE('',#6572,#6832,#6835,.T.);
#5570=EDGE_CURVE('',#6686,#6571,#6836,.T.);
#5571=EDGE_CURVE('',#6833,#6684,#6837,.T.);
#5572=EDGE_CURVE('',#6838,#6823,#6839,.T.);
#5573=EDGE_CURVE('',#6838,#6682,#6840,.T.);
#5574=EDGE_CURVE('',#6773,#6841,#6842,.T.);
#5575=EDGE_CURVE('',#6529,#6773,#6843,.T.);
#5576=EDGE_CURVE('',#6533,#6770,#6844,.T.);
#5577=EDGE_CURVE('',#6770,#6845,#6846,.T.);
#5578=EDGE_CURVE('',#6845,#6847,#6848,.T.);
#5579=EDGE_CURVE('',#6764,#6847,#6849,.T.);
#5580=EDGE_CURVE('',#6513,#6764,#6850,.T.);
#5581=EDGE_CURVE('',#6517,#6761,#6851,.T.);
#5582=EDGE_CURVE('',#6761,#6852,#6853,.T.);
#5583=EDGE_CURVE('',#6854,#6852,#6855,.T.);
#5584=EDGE_CURVE('',#6581,#6854,#6856,.T.);
#5585=EDGE_CURVE('',#6857,#6500,#6858,.T.);
#5586=EDGE_CURVE('',#6430,#6857,#6859,.T.);
#5587=EDGE_CURVE('',#6440,#6428,#6860,.T.);
#5588=EDGE_CURVE('',#6438,#6861,#6862,.T.);
#5589=EDGE_CURVE('',#6861,#6863,#6864,.T.);
#5590=EDGE_CURVE('',#6863,#6547,#6865,.T.);
#5591=EDGE_CURVE('',#6545,#6651,#6866,.T.);
#5592=EDGE_CURVE('',#6651,#6867,#6868,.T.);
#5593=EDGE_CURVE('',#6867,#6815,#6869,.T.);
#5594=EDGE_CURVE('',#6561,#6779,#6870,.T.);
#5595=EDGE_CURVE('',#6779,#6871,#6872,.T.);
#5596=EDGE_CURVE('',#6871,#6841,#6873,.T.);
#5597=EDGE_CURVE('',#6874,#6875,#6876,.T.);
#5598=EDGE_CURVE('',#6875,#6877,#6878,.T.);
#5599=EDGE_CURVE('',#6879,#6877,#6880,.T.);
#5600=EDGE_CURVE('',#6879,#6874,#6881,.T.);
#5601=EDGE_CURVE('',#6882,#6883,#6884,.T.);
#5602=EDGE_CURVE('',#6885,#6883,#6886,.T.);
#5603=EDGE_CURVE('',#6887,#6885,#6888,.T.);
#5604=EDGE_CURVE('',#6882,#6887,#6889,.T.);
#5605=EDGE_CURVE('',#6890,#6891,#6892,.T.);
#5606=EDGE_CURVE('',#6891,#6893,#6894,.T.);
#5607=EDGE_CURVE('',#6895,#6893,#6896,.T.);
#5608=EDGE_CURVE('',#6883,#6895,#6897,.T.);
#5609=EDGE_CURVE('',#6882,#6898,#6899,.T.);
#5610=EDGE_CURVE('',#6900,#6898,#6901,.T.);
#5611=EDGE_CURVE('',#6902,#6900,#6903,.T.);
#5612=EDGE_CURVE('',#6904,#6902,#6905,.T.);
#5613=EDGE_CURVE('',#6906,#6904,#6907,.T.);
#5614=EDGE_CURVE('',#6908,#6906,#6909,.T.);
#5615=EDGE_CURVE('',#6910,#6908,#6911,.T.);
#5616=EDGE_CURVE('',#6910,#6912,#6913,.T.);
#5617=EDGE_CURVE('',#6912,#6890,#6914,.T.);
#5618=EDGE_CURVE('',#6915,#6890,#6916,.T.);
#5619=EDGE_CURVE('',#6917,#6915,#6918,.T.);
#5620=EDGE_CURVE('',#6917,#6891,#6919,.T.);
#5621=EDGE_CURVE('',#6920,#6921,#6922,.T.);
#5622=EDGE_CURVE('',#6923,#6921,#6924,.T.);
#5623=EDGE_CURVE('',#6925,#6923,#6926,.T.);
#5624=EDGE_CURVE('',#6925,#6920,#6927,.T.);
#5625=EDGE_CURVE('',#6928,#6917,#6929,.T.);
#5626=EDGE_CURVE('',#6928,#6902,#6930,.T.);
#5627=EDGE_CURVE('',#6902,#6891,#6931,.T.);
#5628=EDGE_CURVE('',#6900,#6932,#6933,.T.);
#5629=EDGE_CURVE('',#6932,#6893,#6934,.T.);
#5630=EDGE_CURVE('',#6898,#6935,#6936,.T.);
#5631=EDGE_CURVE('',#6935,#6932,#6937,.T.);
#5632=EDGE_CURVE('',#6932,#6938,#6939,.T.);
#5633=EDGE_CURVE('',#6938,#6895,#6940,.T.);
#5634=EDGE_CURVE('',#6887,#6935,#6941,.T.);
#5635=EDGE_CURVE('',#6885,#6938,#6942,.T.);
#5636=EDGE_CURVE('',#6928,#6943,#6944,.T.);
#5637=EDGE_CURVE('',#6904,#6943,#6945,.T.);
#5638=EDGE_CURVE('',#6946,#6947,#6948,.T.);
#5639=EDGE_CURVE('',#6946,#6949,#6950,.T.);
#5640=EDGE_CURVE('',#6949,#6951,#6952,.T.);
#5641=EDGE_CURVE('',#6951,#6947,#6953,.T.);
#5642=EDGE_CURVE('',#6906,#6912,#6954,.T.);
#5643=EDGE_CURVE('',#6943,#6915,#6955,.T.);
#5644=EDGE_CURVE('',#6908,#6910,#6956,.T.);
#5645=EDGE_CURVE('',#6957,#6920,#6958,.T.);
#5646=EDGE_CURVE('',#6959,#6957,#6960,.T.);
#5647=EDGE_CURVE('',#6959,#6961,#6962,.T.);
#5648=EDGE_CURVE('',#6961,#6963,#6964,.T.);
#5649=EDGE_CURVE('',#6963,#6946,#6965,.T.);
#5650=EDGE_CURVE('',#6947,#6966,#6967,.T.);
#5651=EDGE_CURVE('',#6966,#6968,#6969,.T.);
#5652=EDGE_CURVE('',#6875,#6968,#6970,.T.);
#5653=EDGE_CURVE('',#6874,#6971,#6972,.T.);
#5654=EDGE_CURVE('',#6971,#6973,#6974,.T.);
#5655=EDGE_CURVE('',#6921,#6973,#6975,.T.);
#5656=EDGE_CURVE('',#6947,#6921,#6976,.T.);
#5657=EDGE_CURVE('',#6977,#6973,#6978,.T.);
#5658=EDGE_CURVE('',#6966,#6977,#6979,.T.);
#5659=EDGE_CURVE('',#6951,#6923,#6980,.T.);
#5660=EDGE_CURVE('',#6949,#6925,#6981,.T.);
#5661=EDGE_CURVE('',#6963,#6957,#6982,.T.);
#5662=EDGE_CURVE('',#6961,#6959,#6983,.T.);
#5663=EDGE_CURVE('',#6984,#6971,#6985,.T.);
#5664=EDGE_CURVE('',#6977,#6984,#6986,.T.);
#5665=EDGE_CURVE('',#6987,#6977,#6988,.T.);
#5666=EDGE_CURVE('',#6968,#6987,#6989,.T.);
#5667=EDGE_CURVE('',#6877,#6987,#6990,.T.);
#5668=EDGE_CURVE('',#6879,#6984,#6991,.T.);
#5669=EDGE_CURVE('',#6702,#6992,#6993,.T.);
#5670=EDGE_CURVE('',#6992,#6994,#6995,.T.);
#5671=EDGE_CURVE('',#6994,#6704,#6996,.T.);
#5672=EDGE_CURVE('',#6997,#6998,#6999,.T.);
#5673=EDGE_CURVE('',#6998,#7000,#7001,.T.);
#5674=EDGE_CURVE('',#7000,#7002,#7003,.T.);
#5675=EDGE_CURVE('',#7002,#6997,#7004,.T.);
#5676=EDGE_CURVE('',#7005,#7006,#7007,.T.);
#5677=EDGE_CURVE('',#7006,#7008,#7009,.T.);
#5678=EDGE_CURVE('',#7008,#7010,#7011,.T.);
#5679=EDGE_CURVE('',#7010,#7005,#7012,.T.);
#5680=EDGE_CURVE('',#7013,#7014,#7015,.T.);
#5681=EDGE_CURVE('',#7014,#7016,#7017,.T.);
#5682=EDGE_CURVE('',#7016,#6708,#7018,.T.);
#5683=EDGE_CURVE('',#6706,#7019,#7020,.T.);
#5684=EDGE_CURVE('',#7019,#7013,#7021,.T.);
#5685=EDGE_CURVE('',#7022,#6841,#7023,.T.);
#5686=EDGE_CURVE('',#7022,#6775,#7024,.T.);
#5687=EDGE_CURVE('',#6994,#7025,#7026,.T.);
#5688=EDGE_CURVE('',#7025,#6694,#7027,.T.);
#5689=EDGE_CURVE('',#6694,#7028,#7029,.T.);
#5690=EDGE_CURVE('',#7028,#7030,#7031,.T.);
#5691=EDGE_CURVE('',#7030,#6704,#7032,.T.);
#5692=EDGE_CURVE('',#7033,#6700,#7034,.T.);
#5693=EDGE_CURVE('',#7035,#7033,#7036,.T.);
#5694=EDGE_CURVE('',#7035,#6702,#7037,.T.);
#5695=EDGE_CURVE('',#7038,#7039,#7040,.T.);
#5696=EDGE_CURVE('',#6537,#7038,#7041,.T.);
#5697=EDGE_CURVE('',#6710,#6536,#7042,.T.);
#5698=EDGE_CURVE('',#7039,#6708,#7043,.T.);
#5699=EDGE_CURVE('',#7044,#7030,#7045,.T.);
#5700=EDGE_CURVE('',#7044,#6706,#7046,.T.);
#5701=EDGE_CURVE('',#7047,#7035,#7048,.T.);
#5702=EDGE_CURVE('',#6696,#7047,#7049,.T.);
#5703=EDGE_CURVE('',#6696,#7050,#7051,.T.);
#5704=EDGE_CURVE('',#6992,#7050,#7052,.T.);
#5705=EDGE_CURVE('',#7050,#7025,#7053,.T.);
#5706=EDGE_CURVE('',#7054,#7055,#7056,.T.);
#5707=EDGE_CURVE('',#7057,#7055,#7058,.T.);
#5708=EDGE_CURVE('',#7059,#7057,#7060,.T.);
#5709=EDGE_CURVE('',#7054,#7059,#7061,.T.);
#5710=EDGE_CURVE('',#7062,#7063,#7064,.T.);
#5711=EDGE_CURVE('',#7065,#7063,#7066,.T.);
#5712=EDGE_CURVE('',#7067,#7065,#7068,.T.);
#5713=EDGE_CURVE('',#7062,#7067,#7069,.T.);
#5714=EDGE_CURVE('',#7070,#7071,#7072,.T.);
#5715=EDGE_CURVE('',#7073,#7071,#7074,.T.);
#5716=EDGE_CURVE('',#6692,#7073,#7075,.T.);
#5717=EDGE_CURVE('',#7076,#6690,#7077,.T.);
#5718=EDGE_CURVE('',#7070,#7076,#7078,.T.);
#5719=EDGE_CURVE('',#7079,#6871,#7080,.T.);
#5720=EDGE_CURVE('',#6777,#7079,#7081,.T.);
#5721=EDGE_CURVE('',#7082,#7054,#7083,.T.);
#5722=EDGE_CURVE('',#7082,#7084,#7085,.T.);
#5723=EDGE_CURVE('',#7055,#7084,#7086,.T.);
#5724=EDGE_CURVE('',#7087,#6997,#7088,.T.);
#5725=EDGE_CURVE('',#6997,#7055,#7089,.T.);
#5726=EDGE_CURVE('',#7087,#7084,#7090,.T.);
#5727=EDGE_CURVE('',#7087,#7091,#7092,.T.);
#5728=EDGE_CURVE('',#6998,#7091,#7093,.T.);
#5729=EDGE_CURVE('',#7091,#7082,#7094,.T.);
#5730=EDGE_CURVE('',#6998,#7054,#7095,.T.);
#5731=EDGE_CURVE('',#7059,#7000,#7096,.T.);
#5732=EDGE_CURVE('',#7097,#7098,#7099,.T.);
#5733=EDGE_CURVE('',#7098,#7100,#7101,.T.);
#5734=EDGE_CURVE('',#7100,#7102,#7103,.T.);
#5735=EDGE_CURVE('',#7102,#7104,#7105,.T.);
#5736=EDGE_CURVE('',#7104,#7097,#7106,.T.);
#5737=EDGE_CURVE('',#7107,#7108,#7109,.T.);
#5738=EDGE_CURVE('',#7110,#7107,#7111,.T.);
#5739=EDGE_CURVE('',#7110,#7112,#7113,.T.);
#5740=EDGE_CURVE('',#7112,#7108,#7114,.T.);
#5741=EDGE_CURVE('',#7115,#7116,#7117,.T.);
#5742=EDGE_CURVE('',#7116,#7118,#7119,.T.);
#5743=EDGE_CURVE('',#7118,#7120,#7121,.T.);
#5744=EDGE_CURVE('',#7120,#7122,#7123,.T.);
#5745=EDGE_CURVE('',#7122,#7115,#7124,.T.);
#5746=EDGE_CURVE('',#7125,#7126,#7127,.T.);
#5747=EDGE_CURVE('',#7128,#7125,#7129,.T.);
#5748=EDGE_CURVE('',#7128,#7130,#7131,.T.);
#5749=EDGE_CURVE('',#7130,#7126,#7132,.T.);
#5750=EDGE_CURVE('',#7133,#7134,#7135,.T.);
#5751=EDGE_CURVE('',#7134,#7136,#7137,.T.);
#5752=EDGE_CURVE('',#7136,#7138,#7139,.T.);
#5753=EDGE_CURVE('',#7138,#7140,#7141,.T.);
#5754=EDGE_CURVE('',#7140,#7133,#7142,.T.);
#5755=EDGE_CURVE('',#7143,#7144,#7145,.T.);
#5756=EDGE_CURVE('',#7146,#7143,#7147,.T.);
#5757=EDGE_CURVE('',#7146,#7148,#7149,.T.);
#5758=EDGE_CURVE('',#7148,#7144,#7150,.T.);
#5759=EDGE_CURVE('',#7151,#7152,#7153,.T.);
#5760=EDGE_CURVE('',#7152,#7154,#7155,.T.);
#5761=EDGE_CURVE('',#7154,#7156,#7157,.T.);
#5762=EDGE_CURVE('',#7156,#7158,#7159,.T.);
#5763=EDGE_CURVE('',#7158,#7151,#7160,.T.);
#5764=EDGE_CURVE('',#7161,#7162,#7163,.T.);
#5765=EDGE_CURVE('',#7164,#7161,#7165,.T.);
#5766=EDGE_CURVE('',#7164,#7166,#7167,.T.);
#5767=EDGE_CURVE('',#7166,#7162,#7168,.T.);
#5768=EDGE_CURVE('',#7169,#7170,#7171,.T.);
#5769=EDGE_CURVE('',#7170,#7172,#7173,.T.);
#5770=EDGE_CURVE('',#7172,#7174,#7175,.T.);
#5771=EDGE_CURVE('',#7174,#7176,#7177,.T.);
#5772=EDGE_CURVE('',#7176,#7169,#7178,.T.);
#5773=EDGE_CURVE('',#7057,#7002,#7179,.T.);
#5774=EDGE_CURVE('',#7180,#7181,#7182,.T.);
#5775=EDGE_CURVE('',#7181,#7183,#7184,.T.);
#5776=EDGE_CURVE('',#7183,#7185,#7186,.T.);
#5777=EDGE_CURVE('',#7185,#7187,#7188,.T.);
#5778=EDGE_CURVE('',#7187,#7180,#7189,.T.);
#5779=EDGE_CURVE('',#7067,#7008,#7190,.T.);
#5780=EDGE_CURVE('',#7065,#7010,#7191,.T.);
#5781=EDGE_CURVE('',#7192,#7193,#7194,.T.);
#5782=EDGE_CURVE('',#7193,#7195,#7196,.T.);
#5783=EDGE_CURVE('',#7195,#7197,#7198,.T.);
#5784=EDGE_CURVE('',#7197,#7199,#7200,.T.);
#5785=EDGE_CURVE('',#7199,#7192,#7201,.T.);
#5786=EDGE_CURVE('',#7202,#6799,#7203,.T.);
#5787=EDGE_CURVE('',#7202,#7204,#7205,.T.);
#5788=EDGE_CURVE('',#7204,#6801,#7206,.T.);
#5789=EDGE_CURVE('',#7207,#7208,#7209,.T.);
#5790=EDGE_CURVE('',#7208,#7210,#7211,.T.);
#5791=EDGE_CURVE('',#7210,#7212,#7213,.T.);
#5792=EDGE_CURVE('',#7212,#7207,#7214,.T.);
#5793=EDGE_CURVE('',#7215,#6791,#7216,.T.);
#5794=EDGE_CURVE('',#7215,#7217,#7218,.T.);
#5795=EDGE_CURVE('',#7217,#6793,#7219,.T.);
#5796=EDGE_CURVE('',#7220,#7221,#7222,.T.);
#5797=EDGE_CURVE('',#7221,#7098,#7223,.T.);
#5798=EDGE_CURVE('',#7220,#7097,#7224,.T.);
#5799=EDGE_CURVE('',#7221,#7225,#7226,.T.);
#5800=EDGE_CURVE('',#7227,#7220,#7228,.T.);
#5801=EDGE_CURVE('',#7229,#7227,#7230,.T.);
#5802=EDGE_CURVE('',#7225,#7229,#7231,.T.);
#5803=EDGE_CURVE('',#7232,#7233,#7234,.T.);
#5804=EDGE_CURVE('',#7235,#7232,#7236,.T.);
#5805=EDGE_CURVE('',#7237,#7235,#7238,.T.);
#5806=EDGE_CURVE('',#7239,#7237,#7240,.T.);
#5807=EDGE_CURVE('',#7233,#7239,#7241,.T.);
#5808=EDGE_CURVE('',#7242,#7243,#7244,.T.);
#5809=EDGE_CURVE('',#7245,#7242,#7246,.T.);
#5810=EDGE_CURVE('',#7247,#7245,#7248,.T.);
#5811=EDGE_CURVE('',#7249,#7247,#7250,.T.);
#5812=EDGE_CURVE('',#7243,#7249,#7251,.T.);
#5813=EDGE_CURVE('',#7252,#7253,#7254,.T.);
#5814=EDGE_CURVE('',#7255,#7252,#7256,.T.);
#5815=EDGE_CURVE('',#7257,#7255,#7258,.T.);
#5816=EDGE_CURVE('',#7253,#7257,#7259,.T.);
#5817=EDGE_CURVE('',#7260,#7261,#7262,.T.);
#5818=EDGE_CURVE('',#7263,#7260,#7264,.T.);
#5819=EDGE_CURVE('',#7265,#7263,#7266,.T.);
#5820=EDGE_CURVE('',#7267,#7265,#7268,.T.);
#5821=EDGE_CURVE('',#7261,#7267,#7269,.T.);
#5822=EDGE_CURVE('',#7270,#7271,#7272,.T.);
#5823=EDGE_CURVE('',#7273,#7270,#7274,.T.);
#5824=EDGE_CURVE('',#7275,#7273,#7276,.T.);
#5825=EDGE_CURVE('',#7277,#7275,#7278,.T.);
#5826=EDGE_CURVE('',#7271,#7277,#7279,.T.);
#5827=EDGE_CURVE('',#7280,#7281,#7282,.T.);
#5828=EDGE_CURVE('',#7283,#7280,#7284,.T.);
#5829=EDGE_CURVE('',#7285,#7283,#7286,.T.);
#5830=EDGE_CURVE('',#7287,#7285,#7288,.T.);
#5831=EDGE_CURVE('',#7281,#7287,#7289,.T.);
#5832=EDGE_CURVE('',#7290,#7291,#7292,.T.);
#5833=EDGE_CURVE('',#7293,#7290,#7294,.T.);
#5834=EDGE_CURVE('',#7295,#7293,#7296,.T.);
#5835=EDGE_CURVE('',#7297,#7295,#7298,.T.);
#5836=EDGE_CURVE('',#7291,#7297,#7299,.T.);
#5837=EDGE_CURVE('',#7225,#7100,#7300,.T.);
#5838=EDGE_CURVE('',#7229,#7102,#7301,.T.);
#5839=EDGE_CURVE('',#7227,#7104,#7302,.T.);
#5840=EDGE_CURVE('',#7233,#7116,#7303,.T.);
#5841=EDGE_CURVE('',#7232,#7115,#7304,.T.);
#5842=EDGE_CURVE('',#7235,#7122,#7305,.T.);
#5843=EDGE_CURVE('',#7237,#7120,#7306,.T.);
#5844=EDGE_CURVE('',#7239,#7118,#7307,.T.);
#5845=EDGE_CURVE('',#7243,#7193,#7308,.T.);
#5846=EDGE_CURVE('',#7242,#7192,#7309,.T.);
#5847=EDGE_CURVE('',#7245,#7199,#7310,.T.);
#5848=EDGE_CURVE('',#7247,#7197,#7311,.T.);
#5849=EDGE_CURVE('',#7249,#7195,#7312,.T.);
#5850=EDGE_CURVE('',#7253,#7208,#7313,.T.);
#5851=EDGE_CURVE('',#7252,#7207,#7314,.T.);
#5852=EDGE_CURVE('',#7255,#7212,#7315,.T.);
#5853=EDGE_CURVE('',#7257,#7210,#7316,.T.);
#5854=EDGE_CURVE('',#7261,#7134,#7317,.T.);
#5855=EDGE_CURVE('',#7260,#7133,#7318,.T.);
#5856=EDGE_CURVE('',#7263,#7140,#7319,.T.);
#5857=EDGE_CURVE('',#7265,#7138,#7320,.T.);
#5858=EDGE_CURVE('',#7267,#7136,#7321,.T.);
#5859=EDGE_CURVE('',#7271,#7152,#7322,.T.);
#5860=EDGE_CURVE('',#7270,#7151,#7323,.T.);
#5861=EDGE_CURVE('',#7273,#7158,#7324,.T.);
#5862=EDGE_CURVE('',#7275,#7156,#7325,.T.);
#5863=EDGE_CURVE('',#7277,#7154,#7326,.T.);
#5864=EDGE_CURVE('',#7281,#7170,#7327,.T.);
#5865=EDGE_CURVE('',#7280,#7169,#7328,.T.);
#5866=EDGE_CURVE('',#7283,#7176,#7329,.T.);
#5867=EDGE_CURVE('',#7285,#7174,#7330,.T.);
#5868=EDGE_CURVE('',#7287,#7172,#7331,.T.);
#5869=EDGE_CURVE('',#7291,#7181,#7332,.T.);
#5870=EDGE_CURVE('',#7290,#7180,#7333,.T.);
#5871=EDGE_CURVE('',#7293,#7187,#7334,.T.);
#5872=EDGE_CURVE('',#7295,#7185,#7335,.T.);
#5873=EDGE_CURVE('',#7297,#7183,#7336,.T.);
#5874=EDGE_CURVE('',#6602,#7337,#7338,.T.);
#5875=EDGE_CURVE('',#7337,#7339,#7340,.T.);
#5876=EDGE_CURVE('',#7339,#6598,#7341,.T.);
#5877=EDGE_CURVE('',#7342,#7343,#7344,.T.);
#5878=EDGE_CURVE('',#7343,#7107,#7345,.T.);
#5879=EDGE_CURVE('',#7108,#7342,#7346,.T.);
#5880=EDGE_CURVE('',#7347,#7348,#7349,.T.);
#5881=EDGE_CURVE('',#7348,#7125,#7350,.T.);
#5882=EDGE_CURVE('',#7126,#7347,#7351,.T.);
#5883=EDGE_CURVE('',#7352,#7353,#7354,.T.);
#5884=EDGE_CURVE('',#7353,#7355,#7356,.T.);
#5885=EDGE_CURVE('',#7355,#6590,#7357,.T.);
#5886=EDGE_CURVE('',#6596,#7358,#7359,.T.);
#5887=EDGE_CURVE('',#7358,#7352,#7360,.T.);
#5888=EDGE_CURVE('',#7361,#6757,#7362,.T.);
#5889=EDGE_CURVE('',#6854,#7361,#7363,.T.);
#5890=EDGE_CURVE('',#7339,#7364,#7365,.T.);
#5891=EDGE_CURVE('',#7364,#6742,#7366,.T.);
#5892=EDGE_CURVE('',#6742,#7367,#7368,.T.);
#5893=EDGE_CURVE('',#7367,#6594,#7369,.T.);
#5894=EDGE_CURVE('',#7370,#7371,#7372,.T.);
#5895=EDGE_CURVE('',#7370,#6584,#7373,.T.);
#5896=EDGE_CURVE('',#7371,#6585,#7374,.T.);
#5897=EDGE_CURVE('',#7375,#7367,#7376,.T.);
#5898=EDGE_CURVE('',#7375,#6593,#7377,.T.);
#5899=EDGE_CURVE('',#7378,#6606,#7379,.T.);
#5900=EDGE_CURVE('',#7380,#6604,#7381,.T.);
#5901=EDGE_CURVE('',#7378,#7380,#7382,.T.);
#5902=EDGE_CURVE('',#6738,#7371,#7383,.T.);
#5903=EDGE_CURVE('',#6736,#6525,#7384,.T.);
#5904=EDGE_CURVE('',#6523,#7370,#7385,.T.);
#5905=EDGE_CURVE('',#6740,#7375,#7386,.T.);
#5906=EDGE_CURVE('',#6744,#7378,#7387,.T.);
#5907=EDGE_CURVE('',#7380,#6746,#7388,.T.);
#5908=EDGE_CURVE('',#6565,#7389,#7390,.T.);
#5909=EDGE_CURVE('',#6488,#7391,#7392,.T.);
#5910=EDGE_CURVE('',#7391,#6506,#7393,.T.);
#5911=EDGE_CURVE('',#6521,#7394,#7395,.T.);
#5912=EDGE_CURVE('',#7396,#7394,#7397,.T.);
#5913=EDGE_CURVE('',#6539,#7396,#7398,.T.);
#5914=EDGE_CURVE('',#7399,#7038,#7400,.T.);
#5915=EDGE_CURVE('',#6574,#7399,#7401,.T.);
#5916=EDGE_CURVE('',#7389,#6832,#7402,.T.);
#5917=EDGE_CURVE('',#6672,#7403,#7404,.T.);
#5918=EDGE_CURVE('',#7403,#7405,#7406,.T.);
#5919=EDGE_CURVE('',#7405,#6674,#7407,.T.);
#5920=EDGE_CURVE('',#7389,#7408,#7409,.T.);
#5921=EDGE_CURVE('',#6666,#7408,#7410,.T.);
#5922=EDGE_CURVE('',#6664,#6564,#7411,.T.);
#5923=EDGE_CURVE('',#7412,#6821,#7413,.T.);
#5924=EDGE_CURVE('',#6668,#7412,#7414,.T.);
#5925=EDGE_CURVE('',#7405,#6827,#7415,.T.);
#5926=EDGE_CURVE('',#6796,#7416,#7417,.T.);
#5927=EDGE_CURVE('',#7204,#7416,#7418,.T.);
#5928=EDGE_CURVE('',#7408,#6833,#7419,.T.);
#5929=EDGE_CURVE('',#7412,#6838,#7420,.T.);
#5930=EDGE_CURVE('',#7403,#6829,#7421,.T.);
#5931=EDGE_CURVE('',#6807,#7422,#7423,.T.);
#5932=EDGE_CURVE('',#7422,#6666,#7424,.T.);
#5933=EDGE_CURVE('',#7425,#6818,#7426,.T.);
#5934=EDGE_CURVE('',#6672,#7425,#7427,.T.);
#5935=EDGE_CURVE('',#7428,#7429,#7430,.T.);
#5936=EDGE_CURVE('',#7217,#7429,#7431,.T.);
#5937=EDGE_CURVE('',#7428,#7215,#7432,.T.);
#5938=EDGE_CURVE('',#7433,#7416,#7434,.T.);
#5939=EDGE_CURVE('',#7433,#7202,#7435,.T.);
#5940=EDGE_CURVE('',#7436,#7437,#7438,.T.);
#5941=EDGE_CURVE('',#7439,#7437,#7440,.T.);
#5942=EDGE_CURVE('',#6668,#7439,#7441,.T.);
#5943=EDGE_CURVE('',#7436,#7422,#7442,.T.);
#5944=EDGE_CURVE('',#6649,#7443,#7444,.T.);
#5945=EDGE_CURVE('',#6867,#7443,#7445,.T.);
#5946=EDGE_CURVE('',#6783,#7425,#7446,.T.);
#5947=EDGE_CURVE('',#7447,#7428,#7448,.T.);
#5948=EDGE_CURVE('',#7447,#7449,#7450,.T.);
#5949=EDGE_CURVE('',#7429,#7449,#7451,.T.);
#5950=EDGE_CURVE('',#7452,#6788,#7453,.T.);
#5951=EDGE_CURVE('',#6788,#7429,#7454,.T.);
#5952=EDGE_CURVE('',#7452,#7449,#7455,.T.);
#5953=EDGE_CURVE('',#7452,#7456,#7457,.T.);
#5954=EDGE_CURVE('',#6789,#7456,#7458,.T.);
#5955=EDGE_CURVE('',#7456,#7447,#7459,.T.);
#5956=EDGE_CURVE('',#6789,#7428,#7460,.T.);
#5957=EDGE_CURVE('',#7461,#7433,#7462,.T.);
#5958=EDGE_CURVE('',#7461,#7463,#7464,.T.);
#5959=EDGE_CURVE('',#7463,#7416,#7465,.T.);
#5960=EDGE_CURVE('',#7466,#7463,#7467,.T.);
#5961=EDGE_CURVE('',#7466,#6796,#7468,.T.);
#5962=EDGE_CURVE('',#7466,#7469,#7470,.T.);
#5963=EDGE_CURVE('',#6797,#7469,#7471,.T.);
#5964=EDGE_CURVE('',#7469,#7461,#7472,.T.);
#5965=EDGE_CURVE('',#6797,#7433,#7473,.T.);
#5966=EDGE_CURVE('',#7474,#7436,#7475,.T.);
#5967=EDGE_CURVE('',#7474,#7476,#7477,.T.);
#5968=EDGE_CURVE('',#7476,#7437,#7478,.T.);
#5969=EDGE_CURVE('',#6804,#7437,#7479,.T.);
#5970=EDGE_CURVE('',#7480,#7476,#7481,.T.);
#5971=EDGE_CURVE('',#7480,#6804,#7482,.T.);
#5972=EDGE_CURVE('',#6810,#7439,#7483,.T.);
#5973=EDGE_CURVE('',#7480,#7484,#7485,.T.);
#5974=EDGE_CURVE('',#6805,#7484,#7486,.T.);
#5975=EDGE_CURVE('',#7484,#7474,#7487,.T.);
#5976=EDGE_CURVE('',#6805,#7436,#7488,.T.);
#5977=EDGE_CURVE('',#7489,#6649,#7490,.T.);
#5978=EDGE_CURVE('',#7489,#7491,#7492,.T.);
#5979=EDGE_CURVE('',#7491,#7443,#7493,.T.);
#5980=EDGE_CURVE('',#6813,#7443,#7494,.T.);
#5981=EDGE_CURVE('',#7495,#7491,#7496,.T.);
#5982=EDGE_CURVE('',#7495,#6813,#7497,.T.);
#5983=EDGE_CURVE('',#7495,#7498,#7499,.T.);
#5984=EDGE_CURVE('',#6646,#7498,#7500,.T.);
#5985=EDGE_CURVE('',#7498,#7489,#7501,.T.);
#5986=EDGE_CURVE('',#6734,#6520,#7502,.T.);
#5987=EDGE_CURVE('',#6712,#6541,#7503,.T.);
#5988=EDGE_CURVE('',#6567,#6662,#7504,.T.);
#5989=EDGE_CURVE('',#6688,#6576,#7505,.T.);
#5990=EDGE_CURVE('',#7506,#6724,#7507,.T.);
#5991=EDGE_CURVE('',#7508,#7506,#7509,.T.);
#5992=EDGE_CURVE('',#7508,#6726,#7510,.T.);
#5993=EDGE_CURVE('',#7394,#7511,#7512,.T.);
#5994=EDGE_CURVE('',#7511,#6732,#7513,.T.);
#5995=EDGE_CURVE('',#7514,#7515,#7516,.T.);
#5996=EDGE_CURVE('',#7514,#6730,#7517,.T.);
#5997=EDGE_CURVE('',#7515,#6728,#7518,.T.);
#5998=EDGE_CURVE('',#6726,#7519,#7520,.T.);
#5999=EDGE_CURVE('',#7521,#7508,#7522,.T.);
#6000=EDGE_CURVE('',#6720,#7521,#7523,.T.);
#6001=EDGE_CURVE('',#6720,#7524,#7525,.T.);
#6002=EDGE_CURVE('',#7519,#7524,#7526,.T.);
#6003=EDGE_CURVE('',#7519,#7527,#7528,.T.);
#6004=EDGE_CURVE('',#7527,#6728,#7529,.T.);
#6005=EDGE_CURVE('',#7530,#7531,#7532,.T.);
#6006=EDGE_CURVE('',#7531,#7161,#7533,.T.);
#6007=EDGE_CURVE('',#7162,#7530,#7534,.T.);
#6008=EDGE_CURVE('',#7535,#7536,#7537,.T.);
#6009=EDGE_CURVE('',#7536,#7143,#7538,.T.);
#6010=EDGE_CURVE('',#7144,#7535,#7539,.T.);
#6011=EDGE_CURVE('',#7540,#7541,#7542,.T.);
#6012=EDGE_CURVE('',#7541,#7543,#7544,.T.);
#6013=EDGE_CURVE('',#7543,#6732,#7545,.T.);
#6014=EDGE_CURVE('',#6730,#7546,#7547,.T.);
#6015=EDGE_CURVE('',#7546,#7540,#7548,.T.);
#6016=EDGE_CURVE('',#7549,#6847,#7550,.T.);
#6017=EDGE_CURVE('',#7549,#6766,#7551,.T.);
#6018=EDGE_CURVE('',#7527,#7552,#7553,.T.);
#6019=EDGE_CURVE('',#7552,#6718,#7554,.T.);
#6020=EDGE_CURVE('',#6718,#7555,#7556,.T.);
#6021=EDGE_CURVE('',#7555,#7515,#7557,.T.);
#6022=EDGE_CURVE('',#7396,#7558,#7559,.T.);
#6023=EDGE_CURVE('',#7558,#7511,#7560,.T.);
#6024=EDGE_CURVE('',#7561,#7555,#7562,.T.);
#6025=EDGE_CURVE('',#7561,#7514,#7563,.T.);
#6026=EDGE_CURVE('',#7564,#7506,#7565,.T.);
#6027=EDGE_CURVE('',#7521,#7564,#7566,.T.);
#6028=EDGE_CURVE('',#7564,#6722,#7567,.T.);
#6029=EDGE_CURVE('',#6714,#7558,#7568,.T.);
#6030=EDGE_CURVE('',#6716,#7561,#7569,.T.);
#6031=EDGE_CURVE('',#7535,#7570,#7571,.T.);
#6032=EDGE_CURVE('',#7148,#7570,#7572,.T.);
#6033=EDGE_CURVE('',#7573,#7570,#7574,.T.);
#6034=EDGE_CURVE('',#7575,#7573,#7576,.T.);
#6035=EDGE_CURVE('',#7575,#7535,#7577,.T.);
#6036=EDGE_CURVE('',#7575,#7578,#7579,.T.);
#6037=EDGE_CURVE('',#7536,#7578,#7580,.T.);
#6038=EDGE_CURVE('',#7578,#7581,#7582,.T.);
#6039=EDGE_CURVE('',#7581,#7573,#7583,.T.);
#6040=EDGE_CURVE('',#7581,#7584,#7585,.T.);
#6041=EDGE_CURVE('',#7536,#7584,#7586,.T.);
#6042=EDGE_CURVE('',#7584,#7146,#7587,.T.);
#6043=EDGE_CURVE('',#7524,#7552,#7588,.T.);
#6044=EDGE_CURVE('',#7589,#7590,#7591,.T.);
#6045=EDGE_CURVE('',#7166,#7590,#7592,.T.);
#6046=EDGE_CURVE('',#7589,#7164,#7593,.T.);
#6047=EDGE_CURVE('',#7584,#7570,#7594,.T.);
#6048=EDGE_CURVE('',#7595,#7596,#7597,.T.);
#6049=EDGE_CURVE('',#7598,#7596,#7599,.T.);
#6050=EDGE_CURVE('',#6716,#7598,#7600,.T.);
#6051=EDGE_CURVE('',#7601,#6714,#7602,.T.);
#6052=EDGE_CURVE('',#7595,#7601,#7603,.T.);
#6053=EDGE_CURVE('',#7604,#6845,#7605,.T.);
#6054=EDGE_CURVE('',#6768,#7604,#7606,.T.);
#6055=EDGE_CURVE('',#7607,#7589,#7608,.T.);
#6056=EDGE_CURVE('',#7607,#7609,#7610,.T.);
#6057=EDGE_CURVE('',#7590,#7609,#7611,.T.);
#6058=EDGE_CURVE('',#7612,#7530,#7613,.T.);
#6059=EDGE_CURVE('',#7530,#7590,#7614,.T.);
#6060=EDGE_CURVE('',#7612,#7609,#7615,.T.);
#6061=EDGE_CURVE('',#7612,#7616,#7617,.T.);
#6062=EDGE_CURVE('',#7531,#7616,#7618,.T.);
#6063=EDGE_CURVE('',#7616,#7607,#7619,.T.);
#6064=EDGE_CURVE('',#7531,#7589,#7620,.T.);
#6065=EDGE_CURVE('',#7621,#7595,#7622,.T.);
#6066=EDGE_CURVE('',#7621,#7623,#7624,.T.);
#6067=EDGE_CURVE('',#7623,#7596,#7625,.T.);
#6068=EDGE_CURVE('',#7540,#7596,#7626,.T.);
#6069=EDGE_CURVE('',#7627,#7623,#7628,.T.);
#6070=EDGE_CURVE('',#7627,#7540,#7629,.T.);
#6071=EDGE_CURVE('',#7546,#7598,#7630,.T.);
#6072=EDGE_CURVE('',#7627,#7631,#7632,.T.);
#6073=EDGE_CURVE('',#7541,#7631,#7633,.T.);
#6074=EDGE_CURVE('',#7631,#7621,#7634,.T.);
#6075=EDGE_CURVE('',#7541,#7595,#7635,.T.);
#6076=EDGE_CURVE('',#7543,#7601,#7636,.T.);
#6077=EDGE_CURVE('',#7604,#7637,#7638,.T.);
#6078=EDGE_CURVE('',#7639,#7637,#7640,.T.);
#6079=EDGE_CURVE('',#7549,#7639,#7641,.T.);
#6080=EDGE_CURVE('',#7079,#7642,#7643,.T.);
#6081=EDGE_CURVE('',#7644,#7642,#7645,.T.);
#6082=EDGE_CURVE('',#7022,#7644,#7646,.T.);
#6083=EDGE_CURVE('',#7647,#7639,#7648,.T.);
#6084=EDGE_CURVE('',#7647,#7649,#7650,.T.);
#6085=EDGE_CURVE('',#6766,#7649,#7651,.T.);
#6086=EDGE_CURVE('',#7649,#7652,#7653,.T.);
#6087=EDGE_CURVE('',#7652,#6768,#7654,.T.);
#6088=EDGE_CURVE('',#7652,#7655,#7656,.T.);
#6089=EDGE_CURVE('',#7655,#7637,#7657,.T.);
#6090=EDGE_CURVE('',#7647,#7655,#7658,.T.);
#6091=EDGE_CURVE('',#7659,#7644,#7660,.T.);
#6092=EDGE_CURVE('',#7659,#7661,#7662,.T.);
#6093=EDGE_CURVE('',#6775,#7661,#7663,.T.);
#6094=EDGE_CURVE('',#7661,#7664,#7665,.T.);
#6095=EDGE_CURVE('',#7664,#6777,#7666,.T.);
#6096=EDGE_CURVE('',#7664,#7667,#7668,.T.);
#6097=EDGE_CURVE('',#7667,#7642,#7669,.T.);
#6098=EDGE_CURVE('',#7659,#7667,#7670,.T.);
#6099=EDGE_CURVE('',#6551,#7671,#7672,.T.);
#6100=EDGE_CURVE('',#6448,#7671,#7673,.T.);
#6101=EDGE_CURVE('',#6660,#7674,#7675,.T.);
#6102=EDGE_CURVE('',#7674,#7676,#7677,.T.);
#6103=EDGE_CURVE('',#7676,#6654,#7678,.T.);
#6104=EDGE_CURVE('',#7676,#7679,#7680,.T.);
#6105=EDGE_CURVE('',#7679,#6656,#7681,.T.);
#6106=EDGE_CURVE('',#7682,#7679,#7683,.T.);
#6107=EDGE_CURVE('',#6658,#7682,#7684,.T.);
#6108=EDGE_CURVE('',#7674,#7682,#7685,.T.);
#6109=EDGE_CURVE('',#7686,#6857,#7687,.T.);
#6110=EDGE_CURVE('',#7686,#6643,#7688,.T.);
#6111=EDGE_CURVE('',#6390,#6857,#7689,.T.);
#6112=EDGE_CURVE('',#6861,#6255,#7690,.T.);
#6113=EDGE_CURVE('',#7671,#7691,#7692,.T.);
#6114=EDGE_CURVE('',#7691,#6863,#7693,.T.);
#6115=EDGE_CURVE('',#7686,#6498,#7694,.T.);
#6116=EDGE_CURVE('',#7691,#6549,#7695,.T.);
#6117=EDGE_CURVE('',#7047,#7696,#7697,.T.);
#6118=EDGE_CURVE('',#7696,#6698,#7698,.T.);
#6119=EDGE_CURVE('',#7399,#7699,#7700,.T.);
#6120=EDGE_CURVE('',#6690,#7699,#7701,.T.);
#6121=EDGE_CURVE('',#7702,#7028,#7703,.T.);
#6122=EDGE_CURVE('',#6692,#7702,#7704,.T.);
#6123=EDGE_CURVE('',#7696,#7033,#7705,.T.);
#6124=EDGE_CURVE('',#7005,#7063,#7706,.T.);
#6125=EDGE_CURVE('',#7699,#7039,#7707,.T.);
#6126=EDGE_CURVE('',#7702,#7044,#7708,.T.);
#6127=EDGE_CURVE('',#7016,#7076,#7709,.T.);
#6128=EDGE_CURVE('',#7014,#7070,#7710,.T.);
#6129=EDGE_CURVE('',#7711,#7712,#7713,.T.);
#6130=EDGE_CURVE('',#7712,#7070,#7714,.T.);
#6131=EDGE_CURVE('',#7014,#7711,#7715,.T.);
#6132=EDGE_CURVE('',#7716,#7711,#7717,.T.);
#6133=EDGE_CURVE('',#7716,#7718,#7719,.T.);
#6134=EDGE_CURVE('',#7712,#7718,#7720,.T.);
#6135=EDGE_CURVE('',#7718,#7071,#7721,.T.);
#6136=EDGE_CURVE('',#7013,#7071,#7722,.T.);
#6137=EDGE_CURVE('',#7716,#7013,#7723,.T.);
#6138=EDGE_CURVE('',#7019,#7073,#7724,.T.);
#6139=EDGE_CURVE('',#7725,#7063,#7726,.T.);
#6140=EDGE_CURVE('',#7727,#7725,#7728,.T.);
#6141=EDGE_CURVE('',#7727,#7005,#7729,.T.);
#6142=EDGE_CURVE('',#7727,#7730,#7731,.T.);
#6143=EDGE_CURVE('',#7006,#7730,#7732,.T.);
#6144=EDGE_CURVE('',#7730,#7733,#7734,.T.);
#6145=EDGE_CURVE('',#7733,#7725,#7735,.T.);
#6146=EDGE_CURVE('',#7733,#7062,#7736,.T.);
#6147=EDGE_CURVE('',#7006,#7062,#7737,.T.);
#6148=EDGE_CURVE('',#6458,#7391,#7738,.T.);
#6149=EDGE_CURVE('',#7355,#7739,#7740,.T.);
#6150=EDGE_CURVE('',#7739,#6738,#7741,.T.);
#6151=EDGE_CURVE('',#7742,#7364,#7743,.T.);
#6152=EDGE_CURVE('',#6744,#7742,#7744,.T.);
#6153=EDGE_CURVE('',#7745,#7746,#7747,.T.);
#6154=EDGE_CURVE('',#7112,#7746,#7748,.T.);
#6155=EDGE_CURVE('',#7745,#7110,#7749,.T.);
#6156=EDGE_CURVE('',#7750,#7751,#7752,.T.);
#6157=EDGE_CURVE('',#7130,#7751,#7753,.T.);
#6158=EDGE_CURVE('',#7750,#7128,#7754,.T.);
#6159=EDGE_CURVE('',#7755,#7756,#7757,.T.);
#6160=EDGE_CURVE('',#7758,#7756,#7759,.T.);
#6161=EDGE_CURVE('',#6740,#7758,#7760,.T.);
#6162=EDGE_CURVE('',#7755,#7739,#7761,.T.);
#6163=EDGE_CURVE('',#6759,#7762,#7763,.T.);
#6164=EDGE_CURVE('',#6852,#7762,#7764,.T.);
#6165=EDGE_CURVE('',#7337,#7742,#7765,.T.);
#6166=EDGE_CURVE('',#7766,#7745,#7767,.T.);
#6167=EDGE_CURVE('',#7766,#7768,#7769,.T.);
#6168=EDGE_CURVE('',#7746,#7768,#7770,.T.);
#6169=EDGE_CURVE('',#7771,#7342,#7772,.T.);
#6170=EDGE_CURVE('',#7342,#7746,#7773,.T.);
#6171=EDGE_CURVE('',#7771,#7768,#7774,.T.);
#6172=EDGE_CURVE('',#7771,#7775,#7776,.T.);
#6173=EDGE_CURVE('',#7343,#7775,#7777,.T.);
#6174=EDGE_CURVE('',#7775,#7766,#7778,.T.);
#6175=EDGE_CURVE('',#7343,#7745,#7779,.T.);
#6176=EDGE_CURVE('',#7780,#7750,#7781,.T.);
#6177=EDGE_CURVE('',#7780,#7782,#7783,.T.);
#6178=EDGE_CURVE('',#7782,#7751,#7784,.T.);
#6179=EDGE_CURVE('',#7347,#7751,#7785,.T.);
#6180=EDGE_CURVE('',#7786,#7782,#7787,.T.);
#6181=EDGE_CURVE('',#7786,#7347,#7788,.T.);
#6182=EDGE_CURVE('',#7786,#7789,#7790,.T.);
#6183=EDGE_CURVE('',#7348,#7789,#7791,.T.);
#6184=EDGE_CURVE('',#7789,#7780,#7792,.T.);
#6185=EDGE_CURVE('',#7348,#7750,#7793,.T.);
#6186=EDGE_CURVE('',#7794,#7755,#7795,.T.);
#6187=EDGE_CURVE('',#7794,#7796,#7797,.T.);
#6188=EDGE_CURVE('',#7796,#7756,#7798,.T.);
#6189=EDGE_CURVE('',#7352,#7756,#7799,.T.);
#6190=EDGE_CURVE('',#7800,#7796,#7801,.T.);
#6191=EDGE_CURVE('',#7800,#7352,#7802,.T.);
#6192=EDGE_CURVE('',#7358,#7758,#7803,.T.);
#6193=EDGE_CURVE('',#7800,#7804,#7805,.T.);
#6194=EDGE_CURVE('',#7353,#7804,#7806,.T.);
#6195=EDGE_CURVE('',#7804,#7794,#7807,.T.);
#6196=EDGE_CURVE('',#7353,#7755,#7808,.T.);
#6197=EDGE_CURVE('',#7809,#6759,#7810,.T.);
#6198=EDGE_CURVE('',#7809,#7811,#7812,.T.);
#6199=EDGE_CURVE('',#7811,#7762,#7813,.T.);
#6200=EDGE_CURVE('',#7361,#7762,#7814,.T.);
#6201=EDGE_CURVE('',#7815,#7811,#7816,.T.);
#6202=EDGE_CURVE('',#7815,#7361,#7817,.T.);
#6203=EDGE_CURVE('',#7815,#7818,#7819,.T.);
#6204=EDGE_CURVE('',#6757,#7818,#7820,.T.);
#6205=EDGE_CURVE('',#7818,#7809,#7821,.T.);
#6206=EDGE_CURVE('',#7822,#6754,#7823,.T.);
#6207=EDGE_CURVE('',#6634,#7822,#7824,.T.);
#6208=EDGE_CURVE('',#6636,#7825,#7826,.T.);
#6209=EDGE_CURVE('',#7825,#7822,#7827,.T.);
#6210=EDGE_CURVE('',#6752,#7825,#7828,.T.);
#6211=EDGE_CURVE('',#6306,#6247,#7829,.T.);
#6212=EDGE_CURVE('',#6245,#6308,#7830,.T.);
#6213=EDGE_CURVE('',#6400,#6364,#7831,.T.);
#6214=EDGE_CURVE('',#6404,#7832,#7833,.T.);
#6215=EDGE_CURVE('',#7834,#7832,#7835,.T.);
#6216=EDGE_CURVE('',#6403,#7834,#7836,.T.);
#6217=EDGE_CURVE('',#7837,#7834,#7838,.T.);
#6218=EDGE_CURVE('',#6406,#7837,#7839,.T.);
#6219=EDGE_CURVE('',#7840,#7837,#7841,.T.);
#6220=EDGE_CURVE('',#6408,#7840,#7842,.T.);
#6221=EDGE_CURVE('',#7843,#7840,#7844,.T.);
#6222=EDGE_CURVE('',#6410,#7843,#7845,.T.);
#6223=EDGE_CURVE('',#7846,#7843,#7847,.T.);
#6224=EDGE_CURVE('',#6412,#7846,#7848,.T.);
#6225=EDGE_CURVE('',#7849,#7846,#7850,.T.);
#6226=EDGE_CURVE('',#6414,#7849,#7851,.T.);
#6227=EDGE_CURVE('',#7832,#7849,#7852,.T.);
#6228=EDGE_CURVE('',#6354,#6321,#7853,.T.);
#6229=EDGE_CURVE('',#6352,#6323,#7854,.T.);
#6230=EDGE_CURVE('',#6350,#6325,#7855,.T.);
#6231=EDGE_CURVE('',#6281,#6332,#7856,.T.);
#6232=EDGE_CURVE('',#6283,#6330,#7857,.T.);
#6233=EDGE_CURVE('',#6285,#6328,#7858,.T.);
#6234=VERTEX_POINT('',#7859);
#6235=VERTEX_POINT('',#7860);
#6236=LINE('',#7861,#7862);
#6237=VERTEX_POINT('',#7863);
#6238=LINE('',#7864,#7865);
#6239=VERTEX_POINT('',#7866);
#6240=LINE('',#7867,#7868);
#6241=VERTEX_POINT('',#7869);
#6242=LINE('',#7870,#7871);
#6243=VERTEX_POINT('',#7872);
#6244=LINE('',#7873,#7874);
#6245=VERTEX_POINT('',#7875);
#6246=LINE('',#7876,#7877);
#6247=VERTEX_POINT('',#7878);
#6248=LINE('',#7879,#7880);
#6249=VERTEX_POINT('',#7881);
#6250=LINE('',#7882,#7883);
#6251=VERTEX_POINT('',#7884);
#6252=LINE('',#7885,#7886);
#6253=VERTEX_POINT('',#7887);
#6254=LINE('',#7888,#7889);
#6255=VERTEX_POINT('',#7890);
#6256=LINE('',#7891,#7892);
#6257=VERTEX_POINT('',#7893);
#6258=LINE('',#7894,#7895);
#6259=VERTEX_POINT('',#7896);
#6260=LINE('',#7897,#7898);
#6261=LINE('',#7899,#7900);
#6262=VERTEX_POINT('',#7901);
#6263=LINE('',#7902,#7903);
#6264=VERTEX_POINT('',#7904);
#6265=LINE('',#7905,#7906);
#6266=LINE('',#7907,#7908);
#6267=VERTEX_POINT('',#7909);
#6268=LINE('',#7910,#7911);
#6269=LINE('',#7912,#7913);
#6270=VERTEX_POINT('',#7914);
#6271=LINE('',#7915,#7916);
#6272=VERTEX_POINT('',#7917);
#6273=LINE('',#7918,#7919);
#6274=VERTEX_POINT('',#7920);
#6275=LINE('',#7921,#7922);
#6276=LINE('',#7923,#7924);
#6277=VERTEX_POINT('',#7925);
#6278=VERTEX_POINT('',#7926);
#6279=LINE('',#7927,#7928);
#6280=LINE('',#7929,#7930);
#6281=VERTEX_POINT('',#7931);
#6282=LINE('',#7932,#7933);
#6283=VERTEX_POINT('',#7934);
#6284=LINE('',#7935,#7936);
#6285=VERTEX_POINT('',#7937);
#6286=LINE('',#7938,#7939);
#6287=LINE('',#7940,#7941);
#6288=VERTEX_POINT('',#7942);
#6289=LINE('',#7943,#7944);
#6290=VERTEX_POINT('',#7945);
#6291=LINE('',#7946,#7947);
#6292=LINE('',#7948,#7949);
#6293=VERTEX_POINT('',#7950);
#6294=VERTEX_POINT('',#7951);
#6295=LINE('',#7952,#7953);
#6296=LINE('',#7954,#7955);
#6297=LINE('',#7956,#7957);
#6298=VERTEX_POINT('',#7958);
#6299=LINE('',#7959,#7960);
#6300=VERTEX_POINT('',#7961);
#6301=LINE('',#7962,#7963);
#6302=VERTEX_POINT('',#7964);
#6303=LINE('',#7965,#7966);
#6304=VERTEX_POINT('',#7967);
#6305=LINE('',#7968,#7969);
#6306=VERTEX_POINT('',#7970);
#6307=LINE('',#7971,#7972);
#6308=VERTEX_POINT('',#7973);
#6309=LINE('',#7974,#7975);
#6310=LINE('',#7976,#7977);
#6311=LINE('',#7978,#7979);
#6312=VERTEX_POINT('',#7980);
#6313=VERTEX_POINT('',#7981);
#6314=LINE('',#7982,#7983);
#6315=VERTEX_POINT('',#7984);
#6316=LINE('',#7985,#7986);
#6317=VERTEX_POINT('',#7987);
#6318=LINE('',#7988,#7989);
#6319=VERTEX_POINT('',#7990);
#6320=LINE('',#7991,#7992);
#6321=VERTEX_POINT('',#7993);
#6322=LINE('',#7994,#7995);
#6323=VERTEX_POINT('',#7996);
#6324=LINE('',#7997,#7998);
#6325=VERTEX_POINT('',#7999);
#6326=LINE('',#8000,#8001);
#6327=LINE('',#8002,#8003);
#6328=VERTEX_POINT('',#8004);
#6329=LINE('',#8005,#8006);
#6330=VERTEX_POINT('',#8007);
#6331=LINE('',#8008,#8009);
#6332=VERTEX_POINT('',#8010);
#6333=LINE('',#8011,#8012);
#6334=LINE('',#8013,#8014);
#6335=VERTEX_POINT('',#8015);
#6336=VERTEX_POINT('',#8016);
#6337=LINE('',#8017,#8018);
#6338=VERTEX_POINT('',#8019);
#6339=LINE('',#8020,#8021);
#6340=VERTEX_POINT('',#8022);
#6341=LINE('',#8023,#8024);
#6342=LINE('',#8025,#8026);
#6343=LINE('',#8027,#8028);
#6344=VERTEX_POINT('',#8029);
#6345=VERTEX_POINT('',#8030);
#6346=LINE('',#8031,#8032);
#6347=VERTEX_POINT('',#8033);
#6348=LINE('',#8034,#8035);
#6349=LINE('',#8036,#8037);
#6350=VERTEX_POINT('',#8038);
#6351=LINE('',#8039,#8040);
#6352=VERTEX_POINT('',#8041);
#6353=LINE('',#8042,#8043);
#6354=VERTEX_POINT('',#8044);
#6355=LINE('',#8045,#8046);
#6356=LINE('',#8047,#8048);
#6357=LINE('',#8049,#8050);
#6358=LINE('',#8051,#8052);
#6359=VERTEX_POINT('',#8053);
#6360=LINE('',#8054,#8055);
#6361=VERTEX_POINT('',#8056);
#6362=LINE('',#8057,#8058);
#6363=LINE('',#8059,#8060);
#6364=VERTEX_POINT('',#8061);
#6365=LINE('',#8062,#8063);
#6366=VERTEX_POINT('',#8064);
#6367=LINE('',#8065,#8066);
#6368=VERTEX_POINT('',#8067);
#6369=LINE('',#8068,#8069);
#6370=VERTEX_POINT('',#8070);
#6371=LINE('',#8071,#8072);
#6372=VERTEX_POINT('',#8073);
#6373=LINE('',#8074,#8075);
#6374=VERTEX_POINT('',#8076);
#6375=LINE('',#8077,#8078);
#6376=VERTEX_POINT('',#8079);
#6377=LINE('',#8080,#8081);
#6378=VERTEX_POINT('',#8082);
#6379=LINE('',#8083,#8084);
#6380=LINE('',#8085,#8086);
#6381=VERTEX_POINT('',#8087);
#6382=LINE('',#8088,#8089);
#6383=LINE('',#8090,#8091);
#6384=VERTEX_POINT('',#8092);
#6385=LINE('',#8093,#8094);
#6386=VERTEX_POINT('',#8095);
#6387=LINE('',#8096,#8097);
#6388=VERTEX_POINT('',#8098);
#6389=LINE('',#8099,#8100);
#6390=VERTEX_POINT('',#8101);
#6391=LINE('',#8102,#8103);
#6392=VERTEX_POINT('',#8104);
#6393=LINE('',#8105,#8106);
#6394=VERTEX_POINT('',#8107);
#6395=LINE('',#8108,#8109);
#6396=VERTEX_POINT('',#8110);
#6397=LINE('',#8111,#8112);
#6398=VERTEX_POINT('',#8113);
#6399=LINE('',#8114,#8115);
#6400=VERTEX_POINT('',#8116);
#6401=LINE('',#8117,#8118);
#6402=LINE('',#8119,#8120);
#6403=VERTEX_POINT('',#8121);
#6404=VERTEX_POINT('',#8122);
#6405=LINE('',#8123,#8124);
#6406=VERTEX_POINT('',#8125);
#6407=LINE('',#8126,#8127);
#6408=VERTEX_POINT('',#8128);
#6409=LINE('',#8129,#8130);
#6410=VERTEX_POINT('',#8131);
#6411=LINE('',#8132,#8133);
#6412=VERTEX_POINT('',#8134);
#6413=LINE('',#8135,#8136);
#6414=VERTEX_POINT('',#8137);
#6415=LINE('',#8138,#8139);
#6416=LINE('',#8140,#8141);
#6417=LINE('',#8142,#8143);
#6418=LINE('',#8144,#8145);
#6419=LINE('',#8146,#8147);
#6420=LINE('',#8148,#8149);
#6421=LINE('',#8150,#8151);
#6422=LINE('',#8152,#8153);
#6423=LINE('',#8154,#8155);
#6424=LINE('',#8156,#8157);
#6425=VERTEX_POINT('',#8158);
#6426=LINE('',#8159,#8160);
#6427=LINE('',#8161,#8162);
#6428=VERTEX_POINT('',#8163);
#6429=LINE('',#8164,#8165);
#6430=VERTEX_POINT('',#8166);
#6431=LINE('',#8167,#8168);
#6432=LINE('',#8169,#8170);
#6433=LINE('',#8171,#8172);
#6434=LINE('',#8173,#8174);
#6435=VERTEX_POINT('',#8175);
#6436=LINE('',#8176,#8177);
#6437=LINE('',#8178,#8179);
#6438=VERTEX_POINT('',#8180);
#6439=LINE('',#8181,#8182);
#6440=VERTEX_POINT('',#8183);
#6441=LINE('',#8184,#8185);
#6442=LINE('',#8186,#8187);
#6443=VERTEX_POINT('',#8188);
#6444=VERTEX_POINT('',#8189);
#6445=LINE('',#8190,#8191);
#6446=VERTEX_POINT('',#8192);
#6447=LINE('',#8193,#8194);
#6448=VERTEX_POINT('',#8195);
#6449=LINE('',#8196,#8197);
#6450=LINE('',#8198,#8199);
#6451=LINE('',#8200,#8201);
#6452=VERTEX_POINT('',#8202);
#6453=LINE('',#8203,#8204);
#6454=VERTEX_POINT('',#8205);
#6455=LINE('',#8206,#8207);
#6456=VERTEX_POINT('',#8208);
#6457=LINE('',#8209,#8210);
#6458=VERTEX_POINT('',#8211);
#6459=LINE('',#8212,#8213);
#6460=LINE('',#8214,#8215);
#6461=VERTEX_POINT('',#8216);
#6462=VERTEX_POINT('',#8217);
#6463=LINE('',#8218,#8219);
#6464=VERTEX_POINT('',#8220);
#6465=LINE('',#8221,#8222);
#6466=VERTEX_POINT('',#8223);
#6467=LINE('',#8224,#8225);
#6468=LINE('',#8226,#8227);
#6469=VERTEX_POINT('',#8228);
#6470=LINE('',#8229,#8230);
#6471=VERTEX_POINT('',#8231);
#6472=LINE('',#8232,#8233);
#6473=VERTEX_POINT('',#8234);
#6474=LINE('',#8235,#8236);
#6475=CIRCLE('',#8237,0.75);
#6476=VERTEX_POINT('',#8238);
#6477=LINE('',#8239,#8240);
#6478=CIRCLE('',#8241,0.75);
#6479=VERTEX_POINT('',#8242);
#6480=LINE('',#8243,#8244);
#6481=VERTEX_POINT('',#8245);
#6482=LINE('',#8246,#8247);
#6483=LINE('',#8248,#8249);
#6484=LINE('',#8250,#8251);
#6485=LINE('',#8252,#8253);
#6486=VERTEX_POINT('',#8254);
#6487=LINE('',#8255,#8256);
#6488=VERTEX_POINT('',#8257);
#6489=LINE('',#8258,#8259);
#6490=LINE('',#8260,#8261);
#6491=VERTEX_POINT('',#8262);
#6492=VERTEX_POINT('',#8263);
#6493=LINE('',#8264,#8265);
#6494=VERTEX_POINT('',#8266);
#6495=LINE('',#8267,#8268);
#6496=VERTEX_POINT('',#8269);
#6497=LINE('',#8270,#8271);
#6498=VERTEX_POINT('',#8272);
#6499=LINE('',#8273,#8274);
#6500=VERTEX_POINT('',#8275);
#6501=LINE('',#8276,#8277);
#6502=LINE('',#8278,#8279);
#6503=VERTEX_POINT('',#8280);
#6504=VERTEX_POINT('',#8281);
#6505=LINE('',#8282,#8283);
#6506=VERTEX_POINT('',#8284);
#6507=LINE('',#8285,#8286);
#6508=LINE('',#8287,#8288);
#6509=VERTEX_POINT('',#8289);
#6510=LINE('',#8290,#8291);
#6511=LINE('',#8292,#8293);
#6512=VERTEX_POINT('',#8294);
#6513=VERTEX_POINT('',#8295);
#6514=LINE('',#8296,#8297);
#6515=VERTEX_POINT('',#8298);
#6516=LINE('',#8299,#8300);
#6517=VERTEX_POINT('',#8301);
#6518=LINE('',#8302,#8303);
#6519=LINE('',#8304,#8305);
#6520=VERTEX_POINT('',#8306);
#6521=VERTEX_POINT('',#8307);
#6522=LINE('',#8308,#8309);
#6523=VERTEX_POINT('',#8310);
#6524=LINE('',#8311,#8312);
#6525=VERTEX_POINT('',#8313);
#6526=LINE('',#8314,#8315);
#6527=LINE('',#8316,#8317);
#6528=VERTEX_POINT('',#8318);
#6529=VERTEX_POINT('',#8319);
#6530=LINE('',#8320,#8321);
#6531=VERTEX_POINT('',#8322);
#6532=LINE('',#8323,#8324);
#6533=VERTEX_POINT('',#8325);
#6534=LINE('',#8326,#8327);
#6535=LINE('',#8328,#8329);
#6536=VERTEX_POINT('',#8330);
#6537=VERTEX_POINT('',#8331);
#6538=LINE('',#8332,#8333);
#6539=VERTEX_POINT('',#8334);
#6540=LINE('',#8335,#8336);
#6541=VERTEX_POINT('',#8337);
#6542=LINE('',#8338,#8339);
#6543=LINE('',#8340,#8341);
#6544=VERTEX_POINT('',#8342);
#6545=VERTEX_POINT('',#8343);
#6546=LINE('',#8344,#8345);
#6547=VERTEX_POINT('',#8346);
#6548=LINE('',#8347,#8348);
#6549=VERTEX_POINT('',#8349);
#6550=LINE('',#8350,#8351);
#6551=VERTEX_POINT('',#8352);
#6552=LINE('',#8353,#8354);
#6553=VERTEX_POINT('',#8355);
#6554=LINE('',#8356,#8357);
#6555=LINE('',#8358,#8359);
#6556=VERTEX_POINT('',#8360);
#6557=VERTEX_POINT('',#8361);
#6558=LINE('',#8362,#8363);
#6559=VERTEX_POINT('',#8364);
#6560=LINE('',#8365,#8366);
#6561=VERTEX_POINT('',#8367);
#6562=LINE('',#8368,#8369);
#6563=LINE('',#8370,#8371);
#6564=VERTEX_POINT('',#8372);
#6565=VERTEX_POINT('',#8373);
#6566=LINE('',#8374,#8375);
#6567=VERTEX_POINT('',#8376);
#6568=LINE('',#8377,#8378);
#6569=LINE('',#8379,#8380);
#6570=LINE('',#8381,#8382);
#6571=VERTEX_POINT('',#8383);
#6572=VERTEX_POINT('',#8384);
#6573=LINE('',#8385,#8386);
#6574=VERTEX_POINT('',#8387);
#6575=LINE('',#8388,#8389);
#6576=VERTEX_POINT('',#8390);
#6577=LINE('',#8391,#8392);
#6578=LINE('',#8393,#8394);
#6579=VERTEX_POINT('',#8395);
#6580=LINE('',#8396,#8397);
#6581=VERTEX_POINT('',#8398);
#6582=LINE('',#8399,#8400);
#6583=LINE('',#8401,#8402);
#6584=VERTEX_POINT('',#8403);
#6585=VERTEX_POINT('',#8404);
#6586=LINE('',#8405,#8406);
#6587=LINE('',#8407,#8408);
#6588=VERTEX_POINT('',#8409);
#6589=LINE('',#8410,#8411);
#6590=VERTEX_POINT('',#8412);
#6591=LINE('',#8413,#8414);
#6592=LINE('',#8415,#8416);
#6593=VERTEX_POINT('',#8417);
#6594=VERTEX_POINT('',#8418);
#6595=LINE('',#8419,#8420);
#6596=VERTEX_POINT('',#8421);
#6597=LINE('',#8422,#8423);
#6598=VERTEX_POINT('',#8424);
#6599=LINE('',#8425,#8426);
#6600=LINE('',#8427,#8428);
#6601=VERTEX_POINT('',#8429);
#6602=VERTEX_POINT('',#8430);
#6603=LINE('',#8431,#8432);
#6604=VERTEX_POINT('',#8433);
#6605=LINE('',#8434,#8435);
#6606=VERTEX_POINT('',#8436);
#6607=LINE('',#8437,#8438);
#6608=LINE('',#8439,#8440);
#6609=VERTEX_POINT('',#8441);
#6610=LINE('',#8442,#8443);
#6611=LINE('',#8444,#8445);
#6612=VERTEX_POINT('',#8446);
#6613=LINE('',#8447,#8448);
#6614=VERTEX_POINT('',#8449);
#6615=LINE('',#8450,#8451);
#6616=LINE('',#8452,#8453);
#6617=VERTEX_POINT('',#8454);
#6618=LINE('',#8455,#8456);
#6619=VERTEX_POINT('',#8457);
#6620=LINE('',#8458,#8459);
#6621=LINE('',#8460,#8461);
#6622=VERTEX_POINT('',#8462);
#6623=LINE('',#8463,#8464);
#6624=VERTEX_POINT('',#8465);
#6625=LINE('',#8466,#8467);
#6626=LINE('',#8468,#8469);
#6627=VERTEX_POINT('',#8470);
#6628=LINE('',#8471,#8472);
#6629=VERTEX_POINT('',#8473);
#6630=LINE('',#8474,#8475);
#6631=LINE('',#8476,#8477);
#6632=VERTEX_POINT('',#8478);
#6633=LINE('',#8479,#8480);
#6634=VERTEX_POINT('',#8481);
#6635=LINE('',#8482,#8483);
#6636=VERTEX_POINT('',#8484);
#6637=LINE('',#8485,#8486);
#6638=VERTEX_POINT('',#8487);
#6639=LINE('',#8488,#8489);
#6640=VERTEX_POINT('',#8490);
#6641=LINE('',#8491,#8492);
#6642=LINE('',#8493,#8494);
#6643=VERTEX_POINT('',#8495);
#6644=LINE('',#8496,#8497);
#6645=LINE('',#8498,#8499);
#6646=VERTEX_POINT('',#8500);
#6647=VERTEX_POINT('',#8501);
#6648=LINE('',#8502,#8503);
#6649=VERTEX_POINT('',#8504);
#6650=LINE('',#8505,#8506);
#6651=VERTEX_POINT('',#8507);
#6652=LINE('',#8508,#8509);
#6653=LINE('',#8510,#8511);
#6654=VERTEX_POINT('',#8512);
#6655=LINE('',#8513,#8514);
#6656=VERTEX_POINT('',#8515);
#6657=LINE('',#8516,#8517);
#6658=VERTEX_POINT('',#8518);
#6659=LINE('',#8519,#8520);
#6660=VERTEX_POINT('',#8521);
#6661=LINE('',#8522,#8523);
#6662=VERTEX_POINT('',#8524);
#6663=LINE('',#8525,#8526);
#6664=VERTEX_POINT('',#8527);
#6665=LINE('',#8528,#8529);
#6666=VERTEX_POINT('',#8530);
#6667=LINE('',#8531,#8532);
#6668=VERTEX_POINT('',#8533);
#6669=LINE('',#8534,#8535);
#6670=VERTEX_POINT('',#8536);
#6671=LINE('',#8537,#8538);
#6672=VERTEX_POINT('',#8539);
#6673=LINE('',#8540,#8541);
#6674=VERTEX_POINT('',#8542);
#6675=LINE('',#8543,#8544);
#6676=VERTEX_POINT('',#8545);
#6677=LINE('',#8546,#8547);
#6678=VERTEX_POINT('',#8548);
#6679=LINE('',#8549,#8550);
#6680=VERTEX_POINT('',#8551);
#6681=LINE('',#8552,#8553);
#6682=VERTEX_POINT('',#8554);
#6683=LINE('',#8555,#8556);
#6684=VERTEX_POINT('',#8557);
#6685=LINE('',#8558,#8559);
#6686=VERTEX_POINT('',#8560);
#6687=LINE('',#8561,#8562);
#6688=VERTEX_POINT('',#8563);
#6689=LINE('',#8564,#8565);
#6690=VERTEX_POINT('',#8566);
#6691=LINE('',#8567,#8568);
#6692=VERTEX_POINT('',#8569);
#6693=LINE('',#8570,#8571);
#6694=VERTEX_POINT('',#8572);
#6695=LINE('',#8573,#8574);
#6696=VERTEX_POINT('',#8575);
#6697=LINE('',#8576,#8577);
#6698=VERTEX_POINT('',#8578);
#6699=LINE('',#8579,#8580);
#6700=VERTEX_POINT('',#8581);
#6701=LINE('',#8582,#8583);
#6702=VERTEX_POINT('',#8584);
#6703=LINE('',#8585,#8586);
#6704=VERTEX_POINT('',#8587);
#6705=LINE('',#8588,#8589);
#6706=VERTEX_POINT('',#8590);
#6707=LINE('',#8591,#8592);
#6708=VERTEX_POINT('',#8593);
#6709=LINE('',#8594,#8595);
#6710=VERTEX_POINT('',#8596);
#6711=LINE('',#8597,#8598);
#6712=VERTEX_POINT('',#8599);
#6713=LINE('',#8600,#8601);
#6714=VERTEX_POINT('',#8602);
#6715=LINE('',#8603,#8604);
#6716=VERTEX_POINT('',#8605);
#6717=LINE('',#8606,#8607);
#6718=VERTEX_POINT('',#8608);
#6719=LINE('',#8609,#8610);
#6720=VERTEX_POINT('',#8611);
#6721=LINE('',#8612,#8613);
#6722=VERTEX_POINT('',#8614);
#6723=LINE('',#8615,#8616);
#6724=VERTEX_POINT('',#8617);
#6725=LINE('',#8618,#8619);
#6726=VERTEX_POINT('',#8620);
#6727=LINE('',#8621,#8622);
#6728=VERTEX_POINT('',#8623);
#6729=LINE('',#8624,#8625);
#6730=VERTEX_POINT('',#8626);
#6731=LINE('',#8627,#8628);
#6732=VERTEX_POINT('',#8629);
#6733=LINE('',#8630,#8631);
#6734=VERTEX_POINT('',#8632);
#6735=LINE('',#8633,#8634);
#6736=VERTEX_POINT('',#8635);
#6737=LINE('',#8636,#8637);
#6738=VERTEX_POINT('',#8638);
#6739=LINE('',#8639,#8640);
#6740=VERTEX_POINT('',#8641);
#6741=LINE('',#8642,#8643);
#6742=VERTEX_POINT('',#8644);
#6743=LINE('',#8645,#8646);
#6744=VERTEX_POINT('',#8647);
#6745=LINE('',#8648,#8649);
#6746=VERTEX_POINT('',#8650);
#6747=LINE('',#8651,#8652);
#6748=LINE('',#8653,#8654);
#6749=LINE('',#8655,#8656);
#6750=LINE('',#8657,#8658);
#6751=LINE('',#8659,#8660);
#6752=VERTEX_POINT('',#8661);
#6753=LINE('',#8662,#8663);
#6754=VERTEX_POINT('',#8664);
#6755=LINE('',#8665,#8666);
#6756=LINE('',#8667,#8668);
#6757=VERTEX_POINT('',#8669);
#6758=LINE('',#8670,#8671);
#6759=VERTEX_POINT('',#8672);
#6760=LINE('',#8673,#8674);
#6761=VERTEX_POINT('',#8675);
#6762=LINE('',#8676,#8677);
#6763=LINE('',#8678,#8679);
#6764=VERTEX_POINT('',#8680);
#6765=LINE('',#8681,#8682);
#6766=VERTEX_POINT('',#8683);
#6767=LINE('',#8684,#8685);
#6768=VERTEX_POINT('',#8686);
#6769=LINE('',#8687,#8688);
#6770=VERTEX_POINT('',#8689);
#6771=LINE('',#8690,#8691);
#6772=LINE('',#8692,#8693);
#6773=VERTEX_POINT('',#8694);
#6774=LINE('',#8695,#8696);
#6775=VERTEX_POINT('',#8697);
#6776=LINE('',#8698,#8699);
#6777=VERTEX_POINT('',#8700);
#6778=LINE('',#8701,#8702);
#6779=VERTEX_POINT('',#8703);
#6780=LINE('',#8704,#8705);
#6781=LINE('',#8706,#8707);
#6782=LINE('',#8708,#8709);
#6783=VERTEX_POINT('',#8710);
#6784=LINE('',#8711,#8712);
#6785=VERTEX_POINT('',#8713);
#6786=LINE('',#8714,#8715);
#6787=LINE('',#8716,#8717);
#6788=VERTEX_POINT('',#8718);
#6789=VERTEX_POINT('',#8719);
#6790=LINE('',#8720,#8721);
#6791=VERTEX_POINT('',#8722);
#6792=LINE('',#8723,#8724);
#6793=VERTEX_POINT('',#8725);
#6794=LINE('',#8726,#8727);
#6795=LINE('',#8728,#8729);
#6796=VERTEX_POINT('',#8730);
#6797=VERTEX_POINT('',#8731);
#6798=LINE('',#8732,#8733);
#6799=VERTEX_POINT('',#8734);
#6800=LINE('',#8735,#8736);
#6801=VERTEX_POINT('',#8737);
#6802=LINE('',#8738,#8739);
#6803=LINE('',#8740,#8741);
#6804=VERTEX_POINT('',#8742);
#6805=VERTEX_POINT('',#8743);
#6806=LINE('',#8744,#8745);
#6807=VERTEX_POINT('',#8746);
#6808=LINE('',#8747,#8748);
#6809=LINE('',#8749,#8750);
#6810=VERTEX_POINT('',#8751);
#6811=LINE('',#8752,#8753);
#6812=LINE('',#8754,#8755);
#6813=VERTEX_POINT('',#8756);
#6814=LINE('',#8757,#8758);
#6815=VERTEX_POINT('',#8759);
#6816=LINE('',#8760,#8761);
#6817=LINE('',#8762,#8763);
#6818=VERTEX_POINT('',#8764);
#6819=LINE('',#8765,#8766);
#6820=LINE('',#8767,#8768);
#6821=VERTEX_POINT('',#8769);
#6822=LINE('',#8770,#8771);
#6823=VERTEX_POINT('',#8772);
#6824=LINE('',#8773,#8774);
#6825=LINE('',#8775,#8776);
#6826=LINE('',#8777,#8778);
#6827=VERTEX_POINT('',#8779);
#6828=LINE('',#8780,#8781);
#6829=VERTEX_POINT('',#8782);
#6830=LINE('',#8783,#8784);
#6831=LINE('',#8785,#8786);
#6832=VERTEX_POINT('',#8787);
#6833=VERTEX_POINT('',#8788);
#6834=LINE('',#8789,#8790);
#6835=LINE('',#8791,#8792);
#6836=LINE('',#8793,#8794);
#6837=LINE('',#8795,#8796);
#6838=VERTEX_POINT('',#8797);
#6839=LINE('',#8798,#8799);
#6840=LINE('',#8800,#8801);
#6841=VERTEX_POINT('',#8802);
#6842=LINE('',#8803,#8804);
#6843=LINE('',#8805,#8806);
#6844=LINE('',#8807,#8808);
#6845=VERTEX_POINT('',#8809);
#6846=LINE('',#8810,#8811);
#6847=VERTEX_POINT('',#8812);
#6848=LINE('',#8813,#8814);
#6849=LINE('',#8815,#8816);
#6850=LINE('',#8817,#8818);
#6851=LINE('',#8819,#8820);
#6852=VERTEX_POINT('',#8821);
#6853=LINE('',#8822,#8823);
#6854=VERTEX_POINT('',#8824);
#6855=LINE('',#8825,#8826);
#6856=LINE('',#8827,#8828);
#6857=VERTEX_POINT('',#8829);
#6858=LINE('',#8830,#8831);
#6859=LINE('',#8832,#8833);
#6860=LINE('',#8834,#8835);
#6861=VERTEX_POINT('',#8836);
#6862=LINE('',#8837,#8838);
#6863=VERTEX_POINT('',#8839);
#6864=LINE('',#8840,#8841);
#6865=LINE('',#8842,#8843);
#6866=LINE('',#8844,#8845);
#6867=VERTEX_POINT('',#8846);
#6868=LINE('',#8847,#8848);
#6869=LINE('',#8849,#8850);
#6870=LINE('',#8851,#8852);
#6871=VERTEX_POINT('',#8853);
#6872=LINE('',#8854,#8855);
#6873=LINE('',#8856,#8857);
#6874=VERTEX_POINT('',#8858);
#6875=VERTEX_POINT('',#8859);
#6876=LINE('',#8860,#8861);
#6877=VERTEX_POINT('',#8862);
#6878=LINE('',#8863,#8864);
#6879=VERTEX_POINT('',#8865);
#6880=LINE('',#8866,#8867);
#6881=LINE('',#8868,#8869);
#6882=VERTEX_POINT('',#8870);
#6883=VERTEX_POINT('',#8871);
#6884=LINE('',#8872,#8873);
#6885=VERTEX_POINT('',#8874);
#6886=LINE('',#8875,#8876);
#6887=VERTEX_POINT('',#8877);
#6888=LINE('',#8878,#8879);
#6889=LINE('',#8880,#8881);
#6890=VERTEX_POINT('',#8882);
#6891=VERTEX_POINT('',#8883);
#6892=LINE('',#8884,#8885);
#6893=VERTEX_POINT('',#8886);
#6894=LINE('',#8887,#8888);
#6895=VERTEX_POINT('',#8889);
#6896=LINE('',#8890,#8891);
#6897=LINE('',#8892,#8893);
#6898=VERTEX_POINT('',#8894);
#6899=LINE('',#8895,#8896);
#6900=VERTEX_POINT('',#8897);
#6901=LINE('',#8898,#8899);
#6902=VERTEX_POINT('',#8900);
#6903=LINE('',#8901,#8902);
#6904=VERTEX_POINT('',#8903);
#6905=LINE('',#8904,#8905);
#6906=VERTEX_POINT('',#8906);
#6907=LINE('',#8907,#8908);
#6908=VERTEX_POINT('',#8909);
#6909=CIRCLE('',#8910,0.25);
#6910=VERTEX_POINT('',#8911);
#6911=LINE('',#8912,#8913);
#6912=VERTEX_POINT('',#8914);
#6913=CIRCLE('',#8915,0.25);
#6914=LINE('',#8916,#8917);
#6915=VERTEX_POINT('',#8918);
#6916=(B_SPLINE_CURVE(2,(#8920,#8921,#8922),.UNSPECIFIED.,.F.,.F.)B_SPLINE_CURVE_WITH_KNOTS((3,3),(0.10184287531567,0.261140969573655),.UNSPECIFIED.)RATIONAL_B_SPLINE_CURVE((1.33887950582867,1.53971143170302,1.53971143170302))BOUNDED_CURVE()REPRESENTATION_ITEM('')GEOMETRIC_REPRESENTATION_ITEM()CURVE());
#6917=VERTEX_POINT('',#8929);
#6918=LINE('',#8930,#8931);
#6919=LINE('',#8932,#8933);
#6920=VERTEX_POINT('',#8934);
#6921=VERTEX_POINT('',#8935);
#6922=LINE('',#8936,#8937);
#6923=VERTEX_POINT('',#8938);
#6924=LINE('',#8939,#8940);
#6925=VERTEX_POINT('',#8941);
#6926=LINE('',#8942,#8943);
#6927=(B_SPLINE_CURVE(2,(#8945,#8946,#8947),.UNSPECIFIED.,.F.,.F.)B_SPLINE_CURVE_WITH_KNOTS((3,3),(-0.420439063830916,-0.261140969573655),.UNSPECIFIED.)RATIONAL_B_SPLINE_CURVE((1.33887950582726,1.53971143170302,1.53971143170302))BOUNDED_CURVE()REPRESENTATION_ITEM('')GEOMETRIC_REPRESENTATION_ITEM()CURVE());
#6928=VERTEX_POINT('',#8954);
#6929=CIRCLE('',#8955,1.3);
#6930=LINE('',#8956,#8957);
#6931=CIRCLE('',#8958,1.0);
#6932=VERTEX_POINT('',#8959);
#6933=CIRCLE('',#8960,1.0);
#6934=CIRCLE('',#8961,1.0);
#6935=VERTEX_POINT('',#8962);
#6936=LINE('',#8963,#8964);
#6937=LINE('',#8965,#8966);
#6938=VERTEX_POINT('',#8967);
#6939=LINE('',#8968,#8969);
#6940=LINE('',#8970,#8971);
#6941=LINE('',#8972,#8973);
#6942=LINE('',#8974,#8975);
#6943=VERTEX_POINT('',#8976);
#6944=LINE('',#8977,#8978);
#6945=(B_SPLINE_CURVE(2,(#8980,#8981,#8982),.UNSPECIFIED.,.F.,.F.)B_SPLINE_CURVE_WITH_KNOTS((3,3),(0.261140969573655,0.420439063830916),.UNSPECIFIED.)RATIONAL_B_SPLINE_CURVE((1.53971143170302,1.53971143170302,1.33887950582726))BOUNDED_CURVE()REPRESENTATION_ITEM('')GEOMETRIC_REPRESENTATION_ITEM()CURVE());
#6946=VERTEX_POINT('',#8989);
#6947=VERTEX_POINT('',#8990);
#6948=LINE('',#8991,#8992);
#6949=VERTEX_POINT('',#8993);
#6950=(B_SPLINE_CURVE(2,(#8995,#8996,#8997),.UNSPECIFIED.,.F.,.F.)B_SPLINE_CURVE_WITH_KNOTS((3,3),(-0.261140969573655,-0.10184287531567),.UNSPECIFIED.)RATIONAL_B_SPLINE_CURVE((1.53971143170302,1.53971143170302,1.33887950582867))BOUNDED_CURVE()REPRESENTATION_ITEM('')GEOMETRIC_REPRESENTATION_ITEM()CURVE());
#6951=VERTEX_POINT('',#9004);
#6952=LINE('',#9005,#9006);
#6953=LINE('',#9007,#9008);
#6954=CIRCLE('',#9009,0.7486304929239);
#6955=CIRCLE('',#9010,1.3);
#6956=CIRCLE('',#9011,0.5321241419778);
#6957=VERTEX_POINT('',#9012);
#6958=LINE('',#9013,#9014);
#6959=VERTEX_POINT('',#9015);
#6960=CIRCLE('',#9016,0.25);
#6961=VERTEX_POINT('',#9017);
#6962=LINE('',#9018,#9019);
#6963=VERTEX_POINT('',#9020);
#6964=CIRCLE('',#9021,0.25);
#6965=LINE('',#9022,#9023);
#6966=VERTEX_POINT('',#9024);
#6967=LINE('',#9025,#9026);
#6968=VERTEX_POINT('',#9027);
#6969=LINE('',#9028,#9029);
#6970=LINE('',#9030,#9031);
#6971=VERTEX_POINT('',#9032);
#6972=LINE('',#9033,#9034);
#6973=VERTEX_POINT('',#9035);
#6974=LINE('',#9036,#9037);
#6975=LINE('',#9038,#9039);
#6976=CIRCLE('',#9040,1.0);
#6977=VERTEX_POINT('',#9041);
#6978=CIRCLE('',#9042,1.0);
#6979=CIRCLE('',#9043,1.0);
#6980=CIRCLE('',#9044,1.3);
#6981=CIRCLE('',#9045,1.3);
#6982=CIRCLE('',#9046,0.7486304929239);
#6983=CIRCLE('',#9047,0.5321241419778);
#6984=VERTEX_POINT('',#9048);
#6985=LINE('',#9049,#9050);
#6986=LINE('',#9051,#9052);
#6987=VERTEX_POINT('',#9053);
#6988=LINE('',#9054,#9055);
#6989=LINE('',#9056,#9057);
#6990=LINE('',#9058,#9059);
#6991=LINE('',#9060,#9061);
#6992=VERTEX_POINT('',#9062);
#6993=LINE('',#9063,#9064);
#6994=VERTEX_POINT('',#9065);
#6995=LINE('',#9066,#9067);
#6996=LINE('',#9068,#9069);
#6997=VERTEX_POINT('',#9070);
#6998=VERTEX_POINT('',#9071);
#6999=LINE('',#9072,#9073);
#7000=VERTEX_POINT('',#9074);
#7001=LINE('',#9075,#9076);
#7002=VERTEX_POINT('',#9077);
#7003=LINE('',#9078,#9079);
#7004=LINE('',#9080,#9081);
#7005=VERTEX_POINT('',#9082);
#7006=VERTEX_POINT('',#9083);
#7007=LINE('',#9084,#9085);
#7008=VERTEX_POINT('',#9086);
#7009=LINE('',#9087,#9088);
#7010=VERTEX_POINT('',#9089);
#7011=LINE('',#9090,#9091);
#7012=LINE('',#9092,#9093);
#7013=VERTEX_POINT('',#9094);
#7014=VERTEX_POINT('',#9095);
#7015=LINE('',#9096,#9097);
#7016=VERTEX_POINT('',#9098);
#7017=LINE('',#9099,#9100);
#7018=LINE('',#9101,#9102);
#7019=VERTEX_POINT('',#9103);
#7020=LINE('',#9104,#9105);
#7021=LINE('',#9106,#9107);
#7022=VERTEX_POINT('',#9108);
#7023=LINE('',#9109,#9110);
#7024=LINE('',#9111,#9112);
#7025=VERTEX_POINT('',#9113);
#7026=LINE('',#9114,#9115);
#7027=LINE('',#9116,#9117);
#7028=VERTEX_POINT('',#9118);
#7029=LINE('',#9119,#9120);
#7030=VERTEX_POINT('',#9121);
#7031=LINE('',#9122,#9123);
#7032=LINE('',#9124,#9125);
#7033=VERTEX_POINT('',#9126);
#7034=LINE('',#9127,#9128);
#7035=VERTEX_POINT('',#9129);
#7036=LINE('',#9130,#9131);
#7037=LINE('',#9132,#9133);
#7038=VERTEX_POINT('',#9134);
#7039=VERTEX_POINT('',#9135);
#7040=LINE('',#9136,#9137);
#7041=LINE('',#9138,#9139);
#7042=LINE('',#9140,#9141);
#7043=LINE('',#9142,#9143);
#7044=VERTEX_POINT('',#9144);
#7045=LINE('',#9145,#9146);
#7046=LINE('',#9147,#9148);
#7047=VERTEX_POINT('',#9149);
#7048=LINE('',#9150,#9151);
#7049=LINE('',#9152,#9153);
#7050=VERTEX_POINT('',#9154);
#7051=LINE('',#9155,#9156);
#7052=LINE('',#9157,#9158);
#7053=LINE('',#9159,#9160);
#7054=VERTEX_POINT('',#9161);
#7055=VERTEX_POINT('',#9162);
#7056=LINE('',#9163,#9164);
#7057=VERTEX_POINT('',#9165);
#7058=LINE('',#9166,#9167);
#7059=VERTEX_POINT('',#9168);
#7060=LINE('',#9169,#9170);
#7061=LINE('',#9171,#9172);
#7062=VERTEX_POINT('',#9173);
#7063=VERTEX_POINT('',#9174);
#7064=LINE('',#9175,#9176);
#7065=VERTEX_POINT('',#9177);
#7066=LINE('',#9178,#9179);
#7067=VERTEX_POINT('',#9180);
#7068=LINE('',#9181,#9182);
#7069=LINE('',#9183,#9184);
#7070=VERTEX_POINT('',#9185);
#7071=VERTEX_POINT('',#9186);
#7072=LINE('',#9187,#9188);
#7073=VERTEX_POINT('',#9189);
#7074=LINE('',#9190,#9191);
#7075=LINE('',#9192,#9193);
#7076=VERTEX_POINT('',#9194);
#7077=LINE('',#9195,#9196);
#7078=LINE('',#9197,#9198);
#7079=VERTEX_POINT('',#9199);
#7080=LINE('',#9200,#9201);
#7081=LINE('',#9202,#9203);
#7082=VERTEX_POINT('',#9204);
#7083=LINE('',#9205,#9206);
#7084=VERTEX_POINT('',#9207);
#7085=LINE('',#9208,#9209);
#7086=LINE('',#9210,#9211);
#7087=VERTEX_POINT('',#9212);
#7088=LINE('',#9213,#9214);
#7089=LINE('',#9215,#9216);
#7090=LINE('',#9217,#9218);
#7091=VERTEX_POINT('',#9219);
#7092=LINE('',#9220,#9221);
#7093=LINE('',#9222,#9223);
#7094=LINE('',#9224,#9225);
#7095=LINE('',#9226,#9227);
#7096=LINE('',#9228,#9229);
#7097=VERTEX_POINT('',#9230);
#7098=VERTEX_POINT('',#9231);
#7099=LINE('',#9232,#9233);
#7100=VERTEX_POINT('',#9234);
#7101=LINE('',#9235,#9236);
#7102=VERTEX_POINT('',#9237);
#7103=LINE('',#9238,#9239);
#7104=VERTEX_POINT('',#9240);
#7105=LINE('',#9241,#9242);
#7106=LINE('',#9243,#9244);
#7107=VERTEX_POINT('',#9245);
#7108=VERTEX_POINT('',#9246);
#7109=LINE('',#9247,#9248);
#7110=VERTEX_POINT('',#9249);
#7111=LINE('',#9250,#9251);
#7112=VERTEX_POINT('',#9252);
#7113=LINE('',#9253,#9254);
#7114=LINE('',#9255,#9256);
#7115=VERTEX_POINT('',#9257);
#7116=VERTEX_POINT('',#9258);
#7117=LINE('',#9259,#9260);
#7118=VERTEX_POINT('',#9261);
#7119=LINE('',#9262,#9263);
#7120=VERTEX_POINT('',#9264);
#7121=LINE('',#9265,#9266);
#7122=VERTEX_POINT('',#9267);
#7123=LINE('',#9268,#9269);
#7124=LINE('',#9270,#9271);
#7125=VERTEX_POINT('',#9272);
#7126=VERTEX_POINT('',#9273);
#7127=LINE('',#9274,#9275);
#7128=VERTEX_POINT('',#9276);
#7129=LINE('',#9277,#9278);
#7130=VERTEX_POINT('',#9279);
#7131=LINE('',#9280,#9281);
#7132=LINE('',#9282,#9283);
#7133=VERTEX_POINT('',#9284);
#7134=VERTEX_POINT('',#9285);
#7135=LINE('',#9286,#9287);
#7136=VERTEX_POINT('',#9288);
#7137=LINE('',#9289,#9290);
#7138=VERTEX_POINT('',#9291);
#7139=LINE('',#9292,#9293);
#7140=VERTEX_POINT('',#9294);
#7141=LINE('',#9295,#9296);
#7142=LINE('',#9297,#9298);
#7143=VERTEX_POINT('',#9299);
#7144=VERTEX_POINT('',#9300);
#7145=LINE('',#9301,#9302);
#7146=VERTEX_POINT('',#9303);
#7147=LINE('',#9304,#9305);
#7148=VERTEX_POINT('',#9306);
#7149=LINE('',#9307,#9308);
#7150=LINE('',#9309,#9310);
#7151=VERTEX_POINT('',#9311);
#7152=VERTEX_POINT('',#9312);
#7153=LINE('',#9313,#9314);
#7154=VERTEX_POINT('',#9315);
#7155=LINE('',#9316,#9317);
#7156=VERTEX_POINT('',#9318);
#7157=LINE('',#9319,#9320);
#7158=VERTEX_POINT('',#9321);
#7159=LINE('',#9322,#9323);
#7160=LINE('',#9324,#9325);
#7161=VERTEX_POINT('',#9326);
#7162=VERTEX_POINT('',#9327);
#7163=LINE('',#9328,#9329);
#7164=VERTEX_POINT('',#9330);
#7165=LINE('',#9331,#9332);
#7166=VERTEX_POINT('',#9333);
#7167=LINE('',#9334,#9335);
#7168=LINE('',#9336,#9337);
#7169=VERTEX_POINT('',#9338);
#7170=VERTEX_POINT('',#9339);
#7171=LINE('',#9340,#9341);
#7172=VERTEX_POINT('',#9342);
#7173=LINE('',#9343,#9344);
#7174=VERTEX_POINT('',#9345);
#7175=LINE('',#9346,#9347);
#7176=VERTEX_POINT('',#9348);
#7177=LINE('',#9349,#9350);
#7178=LINE('',#9351,#9352);
#7179=LINE('',#9353,#9354);
#7180=VERTEX_POINT('',#9355);
#7181=VERTEX_POINT('',#9356);
#7182=LINE('',#9357,#9358);
#7183=VERTEX_POINT('',#9359);
#7184=LINE('',#9360,#9361);
#7185=VERTEX_POINT('',#9362);
#7186=LINE('',#9363,#9364);
#7187=VERTEX_POINT('',#9365);
#7188=LINE('',#9366,#9367);
#7189=LINE('',#9368,#9369);
#7190=LINE('',#9370,#9371);
#7191=LINE('',#9372,#9373);
#7192=VERTEX_POINT('',#9374);
#7193=VERTEX_POINT('',#9375);
#7194=LINE('',#9376,#9377);
#7195=VERTEX_POINT('',#9378);
#7196=LINE('',#9379,#9380);
#7197=VERTEX_POINT('',#9381);
#7198=LINE('',#9382,#9383);
#7199=VERTEX_POINT('',#9384);
#7200=LINE('',#9385,#9386);
#7201=LINE('',#9387,#9388);
#7202=VERTEX_POINT('',#9389);
#7203=LINE('',#9390,#9391);
#7204=VERTEX_POINT('',#9392);
#7205=LINE('',#9393,#9394);
#7206=LINE('',#9395,#9396);
#7207=VERTEX_POINT('',#9397);
#7208=VERTEX_POINT('',#9398);
#7209=LINE('',#9399,#9400);
#7210=VERTEX_POINT('',#9401);
#7211=LINE('',#9402,#9403);
#7212=VERTEX_POINT('',#9404);
#7213=LINE('',#9405,#9406);
#7214=LINE('',#9407,#9408);
#7215=VERTEX_POINT('',#9409);
#7216=LINE('',#9410,#9411);
#7217=VERTEX_POINT('',#9412);
#7218=LINE('',#9413,#9414);
#7219=LINE('',#9415,#9416);
#7220=VERTEX_POINT('',#9417);
#7221=VERTEX_POINT('',#9418);
#7222=LINE('',#9419,#9420);
#7223=LINE('',#9421,#9422);
#7224=LINE('',#9423,#9424);
#7225=VERTEX_POINT('',#9425);
#7226=LINE('',#9426,#9427);
#7227=VERTEX_POINT('',#9428);
#7228=LINE('',#9429,#9430);
#7229=VERTEX_POINT('',#9431);
#7230=LINE('',#9432,#9433);
#7231=LINE('',#9434,#9435);
#7232=VERTEX_POINT('',#9436);
#7233=VERTEX_POINT('',#9437);
#7234=LINE('',#9438,#9439);
#7235=VERTEX_POINT('',#9440);
#7236=LINE('',#9441,#9442);
#7237=VERTEX_POINT('',#9443);
#7238=LINE('',#9444,#9445);
#7239=VERTEX_POINT('',#9446);
#7240=LINE('',#9447,#9448);
#7241=LINE('',#9449,#9450);
#7242=VERTEX_POINT('',#9451);
#7243=VERTEX_POINT('',#9452);
#7244=LINE('',#9453,#9454);
#7245=VERTEX_POINT('',#9455);
#7246=LINE('',#9456,#9457);
#7247=VERTEX_POINT('',#9458);
#7248=LINE('',#9459,#9460);
#7249=VERTEX_POINT('',#9461);
#7250=LINE('',#9462,#9463);
#7251=LINE('',#9464,#9465);
#7252=VERTEX_POINT('',#9466);
#7253=VERTEX_POINT('',#9467);
#7254=LINE('',#9468,#9469);
#7255=VERTEX_POINT('',#9470);
#7256=LINE('',#9471,#9472);
#7257=VERTEX_POINT('',#9473);
#7258=LINE('',#9474,#9475);
#7259=LINE('',#9476,#9477);
#7260=VERTEX_POINT('',#9478);
#7261=VERTEX_POINT('',#9479);
#7262=LINE('',#9480,#9481);
#7263=VERTEX_POINT('',#9482);
#7264=LINE('',#9483,#9484);
#7265=VERTEX_POINT('',#9485);
#7266=LINE('',#9486,#9487);
#7267=VERTEX_POINT('',#9488);
#7268=LINE('',#9489,#9490);
#7269=LINE('',#9491,#9492);
#7270=VERTEX_POINT('',#9493);
#7271=VERTEX_POINT('',#9494);
#7272=LINE('',#9495,#9496);
#7273=VERTEX_POINT('',#9497);
#7274=LINE('',#9498,#9499);
#7275=VERTEX_POINT('',#9500);
#7276=LINE('',#9501,#9502);
#7277=VERTEX_POINT('',#9503);
#7278=LINE('',#9504,#9505);
#7279=LINE('',#9506,#9507);
#7280=VERTEX_POINT('',#9508);
#7281=VERTEX_POINT('',#9509);
#7282=LINE('',#9510,#9511);
#7283=VERTEX_POINT('',#9512);
#7284=LINE('',#9513,#9514);
#7285=VERTEX_POINT('',#9515);
#7286=LINE('',#9516,#9517);
#7287=VERTEX_POINT('',#9518);
#7288=LINE('',#9519,#9520);
#7289=LINE('',#9521,#9522);
#7290=VERTEX_POINT('',#9523);
#7291=VERTEX_POINT('',#9524);
#7292=LINE('',#9525,#9526);
#7293=VERTEX_POINT('',#9527);
#7294=LINE('',#9528,#9529);
#7295=VERTEX_POINT('',#9530);
#7296=LINE('',#9531,#9532);
#7297=VERTEX_POINT('',#9533);
#7298=LINE('',#9534,#9535);
#7299=LINE('',#9536,#9537);
#7300=LINE('',#9538,#9539);
#7301=LINE('',#9540,#9541);
#7302=LINE('',#9542,#9543);
#7303=LINE('',#9544,#9545);
#7304=LINE('',#9546,#9547);
#7305=LINE('',#9548,#9549);
#7306=LINE('',#9550,#9551);
#7307=LINE('',#9552,#9553);
#7308=LINE('',#9554,#9555);
#7309=LINE('',#9556,#9557);
#7310=LINE('',#9558,#9559);
#7311=LINE('',#9560,#9561);
#7312=LINE('',#9562,#9563);
#7313=LINE('',#9564,#9565);
#7314=LINE('',#9566,#9567);
#7315=LINE('',#9568,#9569);
#7316=LINE('',#9570,#9571);
#7317=LINE('',#9572,#9573);
#7318=LINE('',#9574,#9575);
#7319=LINE('',#9576,#9577);
#7320=LINE('',#9578,#9579);
#7321=LINE('',#9580,#9581);
#7322=LINE('',#9582,#9583);
#7323=LINE('',#9584,#9585);
#7324=LINE('',#9586,#9587);
#7325=LINE('',#9588,#9589);
#7326=LINE('',#9590,#9591);
#7327=LINE('',#9592,#9593);
#7328=LINE('',#9594,#9595);
#7329=LINE('',#9596,#9597);
#7330=LINE('',#9598,#9599);
#7331=LINE('',#9600,#9601);
#7332=LINE('',#9602,#9603);
#7333=LINE('',#9604,#9605);
#7334=LINE('',#9606,#9607);
#7335=LINE('',#9608,#9609);
#7336=LINE('',#9610,#9611);
#7337=VERTEX_POINT('',#9612);
#7338=LINE('',#9613,#9614);
#7339=VERTEX_POINT('',#9615);
#7340=LINE('',#9616,#9617);
#7341=LINE('',#9618,#9619);
#7342=VERTEX_POINT('',#9620);
#7343=VERTEX_POINT('',#9621);
#7344=LINE('',#9622,#9623);
#7345=LINE('',#9624,#9625);
#7346=LINE('',#9626,#9627);
#7347=VERTEX_POINT('',#9628);
#7348=VERTEX_POINT('',#9629);
#7349=LINE('',#9630,#9631);
#7350=LINE('',#9632,#9633);
#7351=LINE('',#9634,#9635);
#7352=VERTEX_POINT('',#9636);
#7353=VERTEX_POINT('',#9637);
#7354=LINE('',#9638,#9639);
#7355=VERTEX_POINT('',#9640);
#7356=LINE('',#9641,#9642);
#7357=LINE('',#9643,#9644);
#7358=VERTEX_POINT('',#9645);
#7359=LINE('',#9646,#9647);
#7360=LINE('',#9648,#9649);
#7361=VERTEX_POINT('',#9650);
#7362=LINE('',#9651,#9652);
#7363=LINE('',#9653,#9654);
#7364=VERTEX_POINT('',#9655);
#7365=LINE('',#9656,#9657);
#7366=LINE('',#9658,#9659);
#7367=VERTEX_POINT('',#9660);
#7368=LINE('',#9661,#9662);
#7369=LINE('',#9663,#9664);
#7370=VERTEX_POINT('',#9665);
#7371=VERTEX_POINT('',#9666);
#7372=LINE('',#9667,#9668);
#7373=LINE('',#9669,#9670);
#7374=LINE('',#9671,#9672);
#7375=VERTEX_POINT('',#9673);
#7376=LINE('',#9674,#9675);
#7377=LINE('',#9676,#9677);
#7378=VERTEX_POINT('',#9678);
#7379=LINE('',#9679,#9680);
#7380=VERTEX_POINT('',#9681);
#7381=LINE('',#9682,#9683);
#7382=LINE('',#9684,#9685);
#7383=LINE('',#9686,#9687);
#7384=LINE('',#9688,#9689);
#7385=LINE('',#9690,#9691);
#7386=LINE('',#9692,#9693);
#7387=LINE('',#9694,#9695);
#7388=LINE('',#9696,#9697);
#7389=VERTEX_POINT('',#9698);
#7390=LINE('',#9699,#9700);
#7391=VERTEX_POINT('',#9701);
#7392=LINE('',#9702,#9703);
#7393=LINE('',#9704,#9705);
#7394=VERTEX_POINT('',#9706);
#7395=LINE('',#9707,#9708);
#7396=VERTEX_POINT('',#9709);
#7397=LINE('',#9710,#9711);
#7398=LINE('',#9712,#9713);
#7399=VERTEX_POINT('',#9714);
#7400=LINE('',#9715,#9716);
#7401=LINE('',#9717,#9718);
#7402=LINE('',#9719,#9720);
#7403=VERTEX_POINT('',#9721);
#7404=LINE('',#9722,#9723);
#7405=VERTEX_POINT('',#9724);
#7406=LINE('',#9725,#9726);
#7407=LINE('',#9727,#9728);
#7408=VERTEX_POINT('',#9729);
#7409=LINE('',#9730,#9731);
#7410=LINE('',#9732,#9733);
#7411=LINE('',#9734,#9735);
#7412=VERTEX_POINT('',#9736);
#7413=LINE('',#9737,#9738);
#7414=LINE('',#9739,#9740);
#7415=LINE('',#9741,#9742);
#7416=VERTEX_POINT('',#9743);
#7417=LINE('',#9744,#9745);
#7418=LINE('',#9746,#9747);
#7419=LINE('',#9748,#9749);
#7420=LINE('',#9750,#9751);
#7421=LINE('',#9752,#9753);
#7422=VERTEX_POINT('',#9754);
#7423=LINE('',#9755,#9756);
#7424=LINE('',#9757,#9758);
#7425=VERTEX_POINT('',#9759);
#7426=LINE('',#9760,#9761);
#7427=LINE('',#9762,#9763);
#7428=VERTEX_POINT('',#9764);
#7429=VERTEX_POINT('',#9765);
#7430=LINE('',#9766,#9767);
#7431=LINE('',#9768,#9769);
#7432=LINE('',#9770,#9771);
#7433=VERTEX_POINT('',#9772);
#7434=LINE('',#9773,#9774);
#7435=LINE('',#9775,#9776);
#7436=VERTEX_POINT('',#9777);
#7437=VERTEX_POINT('',#9778);
#7438=LINE('',#9779,#9780);
#7439=VERTEX_POINT('',#9781);
#7440=LINE('',#9782,#9783);
#7441=LINE('',#9784,#9785);
#7442=LINE('',#9786,#9787);
#7443=VERTEX_POINT('',#9788);
#7444=LINE('',#9789,#9790);
#7445=LINE('',#9791,#9792);
#7446=LINE('',#9793,#9794);
#7447=VERTEX_POINT('',#9795);
#7448=LINE('',#9796,#9797);
#7449=VERTEX_POINT('',#9798);
#7450=LINE('',#9799,#9800);
#7451=LINE('',#9801,#9802);
#7452=VERTEX_POINT('',#9803);
#7453=LINE('',#9804,#9805);
#7454=LINE('',#9806,#9807);
#7455=LINE('',#9808,#9809);
#7456=VERTEX_POINT('',#9810);
#7457=LINE('',#9811,#9812);
#7458=LINE('',#9813,#9814);
#7459=LINE('',#9815,#9816);
#7460=LINE('',#9817,#9818);
#7461=VERTEX_POINT('',#9819);
#7462=LINE('',#9820,#9821);
#7463=VERTEX_POINT('',#9822);
#7464=LINE('',#9823,#9824);
#7465=LINE('',#9825,#9826);
#7466=VERTEX_POINT('',#9827);
#7467=LINE('',#9828,#9829);
#7468=LINE('',#9830,#9831);
#7469=VERTEX_POINT('',#9832);
#7470=LINE('',#9833,#9834);
#7471=LINE('',#9835,#9836);
#7472=LINE('',#9837,#9838);
#7473=LINE('',#9839,#9840);
#7474=VERTEX_POINT('',#9841);
#7475=LINE('',#9842,#9843);
#7476=VERTEX_POINT('',#9844);
#7477=LINE('',#9845,#9846);
#7478=LINE('',#9847,#9848);
#7479=LINE('',#9849,#9850);
#7480=VERTEX_POINT('',#9851);
#7481=LINE('',#9852,#9853);
#7482=LINE('',#9854,#9855);
#7483=LINE('',#9856,#9857);
#7484=VERTEX_POINT('',#9858);
#7485=LINE('',#9859,#9860);
#7486=LINE('',#9861,#9862);
#7487=LINE('',#9863,#9864);
#7488=LINE('',#9865,#9866);
#7489=VERTEX_POINT('',#9867);
#7490=LINE('',#9868,#9869);
#7491=VERTEX_POINT('',#9870);
#7492=LINE('',#9871,#9872);
#7493=LINE('',#9873,#9874);
#7494=LINE('',#9875,#9876);
#7495=VERTEX_POINT('',#9877);
#7496=LINE('',#9878,#9879);
#7497=LINE('',#9880,#9881);
#7498=VERTEX_POINT('',#9882);
#7499=LINE('',#9883,#9884);
#7500=LINE('',#9885,#9886);
#7501=LINE('',#9887,#9888);
#7502=LINE('',#9889,#9890);
#7503=LINE('',#9891,#9892);
#7504=LINE('',#9893,#9894);
#7505=LINE('',#9895,#9896);
#7506=VERTEX_POINT('',#9897);
#7507=LINE('',#9898,#9899);
#7508=VERTEX_POINT('',#9900);
#7509=LINE('',#9901,#9902);
#7510=LINE('',#9903,#9904);
#7511=VERTEX_POINT('',#9905);
#7512=LINE('',#9906,#9907);
#7513=LINE('',#9908,#9909);
#7514=VERTEX_POINT('',#9910);
#7515=VERTEX_POINT('',#9911);
#7516=LINE('',#9912,#9913);
#7517=LINE('',#9914,#9915);
#7518=LINE('',#9916,#9917);
#7519=VERTEX_POINT('',#9918);
#7520=LINE('',#9919,#9920);
#7521=VERTEX_POINT('',#9921);
#7522=LINE('',#9922,#9923);
#7523=LINE('',#9924,#9925);
#7524=VERTEX_POINT('',#9926);
#7525=LINE('',#9927,#9928);
#7526=LINE('',#9929,#9930);
#7527=VERTEX_POINT('',#9931);
#7528=LINE('',#9932,#9933);
#7529=LINE('',#9934,#9935);
#7530=VERTEX_POINT('',#9936);
#7531=VERTEX_POINT('',#9937);
#7532=LINE('',#9938,#9939);
#7533=LINE('',#9940,#9941);
#7534=LINE('',#9942,#9943);
#7535=VERTEX_POINT('',#9944);
#7536=VERTEX_POINT('',#9945);
#7537=LINE('',#9946,#9947);
#7538=LINE('',#9948,#9949);
#7539=LINE('',#9950,#9951);
#7540=VERTEX_POINT('',#9952);
#7541=VERTEX_POINT('',#9953);
#7542=LINE('',#9954,#9955);
#7543=VERTEX_POINT('',#9956);
#7544=LINE('',#9957,#9958);
#7545=LINE('',#9959,#9960);
#7546=VERTEX_POINT('',#9961);
#7547=LINE('',#9962,#9963);
#7548=LINE('',#9964,#9965);
#7549=VERTEX_POINT('',#9966);
#7550=LINE('',#9967,#9968);
#7551=LINE('',#9969,#9970);
#7552=VERTEX_POINT('',#9971);
#7553=LINE('',#9972,#9973);
#7554=LINE('',#9974,#9975);
#7555=VERTEX_POINT('',#9976);
#7556=LINE('',#9977,#9978);
#7557=LINE('',#9979,#9980);
#7558=VERTEX_POINT('',#9981);
#7559=LINE('',#9982,#9983);
#7560=LINE('',#9984,#9985);
#7561=VERTEX_POINT('',#9986);
#7562=LINE('',#9987,#9988);
#7563=LINE('',#9989,#9990);
#7564=VERTEX_POINT('',#9991);
#7565=LINE('',#9992,#9993);
#7566=LINE('',#9994,#9995);
#7567=LINE('',#9996,#9997);
#7568=LINE('',#9998,#9999);
#7569=LINE('',#10000,#10001);
#7570=VERTEX_POINT('',#10002);
#7571=LINE('',#10003,#10004);
#7572=LINE('',#10005,#10006);
#7573=VERTEX_POINT('',#10007);
#7574=LINE('',#10008,#10009);
#7575=VERTEX_POINT('',#10010);
#7576=LINE('',#10011,#10012);
#7577=LINE('',#10013,#10014);
#7578=VERTEX_POINT('',#10015);
#7579=LINE('',#10016,#10017);
#7580=LINE('',#10018,#10019);
#7581=VERTEX_POINT('',#10020);
#7582=LINE('',#10021,#10022);
#7583=LINE('',#10023,#10024);
#7584=VERTEX_POINT('',#10025);
#7585=LINE('',#10026,#10027);
#7586=LINE('',#10028,#10029);
#7587=LINE('',#10030,#10031);
#7588=LINE('',#10032,#10033);
#7589=VERTEX_POINT('',#10034);
#7590=VERTEX_POINT('',#10035);
#7591=LINE('',#10036,#10037);
#7592=LINE('',#10038,#10039);
#7593=LINE('',#10040,#10041);
#7594=LINE('',#10042,#10043);
#7595=VERTEX_POINT('',#10044);
#7596=VERTEX_POINT('',#10045);
#7597=LINE('',#10046,#10047);
#7598=VERTEX_POINT('',#10048);
#7599=LINE('',#10049,#10050);
#7600=LINE('',#10051,#10052);
#7601=VERTEX_POINT('',#10053);
#7602=LINE('',#10054,#10055);
#7603=LINE('',#10056,#10057);
#7604=VERTEX_POINT('',#10058);
#7605=LINE('',#10059,#10060);
#7606=LINE('',#10061,#10062);
#7607=VERTEX_POINT('',#10063);
#7608=LINE('',#10064,#10065);
#7609=VERTEX_POINT('',#10066);
#7610=LINE('',#10067,#10068);
#7611=LINE('',#10069,#10070);
#7612=VERTEX_POINT('',#10071);
#7613=LINE('',#10072,#10073);
#7614=LINE('',#10074,#10075);
#7615=LINE('',#10076,#10077);
#7616=VERTEX_POINT('',#10078);
#7617=LINE('',#10079,#10080);
#7618=LINE('',#10081,#10082);
#7619=LINE('',#10083,#10084);
#7620=LINE('',#10085,#10086);
#7621=VERTEX_POINT('',#10087);
#7622=LINE('',#10088,#10089);
#7623=VERTEX_POINT('',#10090);
#7624=LINE('',#10091,#10092);
#7625=LINE('',#10093,#10094);
#7626=LINE('',#10095,#10096);
#7627=VERTEX_POINT('',#10097);
#7628=LINE('',#10098,#10099);
#7629=LINE('',#10100,#10101);
#7630=LINE('',#10102,#10103);
#7631=VERTEX_POINT('',#10104);
#7632=LINE('',#10105,#10106);
#7633=LINE('',#10107,#10108);
#7634=LINE('',#10109,#10110);
#7635=LINE('',#10111,#10112);
#7636=LINE('',#10113,#10114);
#7637=VERTEX_POINT('',#10115);
#7638=LINE('',#10116,#10117);
#7639=VERTEX_POINT('',#10118);
#7640=LINE('',#10119,#10120);
#7641=LINE('',#10121,#10122);
#7642=VERTEX_POINT('',#10123);
#7643=LINE('',#10124,#10125);
#7644=VERTEX_POINT('',#10126);
#7645=LINE('',#10127,#10128);
#7646=LINE('',#10129,#10130);
#7647=VERTEX_POINT('',#10131);
#7648=LINE('',#10132,#10133);
#7649=VERTEX_POINT('',#10134);
#7650=LINE('',#10135,#10136);
#7651=LINE('',#10137,#10138);
#7652=VERTEX_POINT('',#10139);
#7653=LINE('',#10140,#10141);
#7654=LINE('',#10142,#10143);
#7655=VERTEX_POINT('',#10144);
#7656=LINE('',#10145,#10146);
#7657=LINE('',#10147,#10148);
#7658=LINE('',#10149,#10150);
#7659=VERTEX_POINT('',#10151);
#7660=LINE('',#10152,#10153);
#7661=VERTEX_POINT('',#10154);
#7662=LINE('',#10155,#10156);
#7663=LINE('',#10157,#10158);
#7664=VERTEX_POINT('',#10159);
#7665=LINE('',#10160,#10161);
#7666=LINE('',#10162,#10163);
#7667=VERTEX_POINT('',#10164);
#7668=LINE('',#10165,#10166);
#7669=LINE('',#10167,#10168);
#7670=LINE('',#10169,#10170);
#7671=VERTEX_POINT('',#10171);
#7672=LINE('',#10172,#10173);
#7673=LINE('',#10174,#10175);
#7674=VERTEX_POINT('',#10176);
#7675=LINE('',#10177,#10178);
#7676=VERTEX_POINT('',#10179);
#7677=LINE('',#10180,#10181);
#7678=LINE('',#10182,#10183);
#7679=VERTEX_POINT('',#10184);
#7680=LINE('',#10185,#10186);
#7681=LINE('',#10187,#10188);
#7682=VERTEX_POINT('',#10189);
#7683=LINE('',#10190,#10191);
#7684=LINE('',#10192,#10193);
#7685=LINE('',#10194,#10195);
#7686=VERTEX_POINT('',#10196);
#7687=LINE('',#10197,#10198);
#7688=LINE('',#10199,#10200);
#7689=LINE('',#10201,#10202);
#7690=LINE('',#10203,#10204);
#7691=VERTEX_POINT('',#10205);
#7692=LINE('',#10206,#10207);
#7693=LINE('',#10208,#10209);
#7694=LINE('',#10210,#10211);
#7695=LINE('',#10212,#10213);
#7696=VERTEX_POINT('',#10214);
#7697=LINE('',#10215,#10216);
#7698=LINE('',#10217,#10218);
#7699=VERTEX_POINT('',#10219);
#7700=LINE('',#10220,#10221);
#7701=LINE('',#10222,#10223);
#7702=VERTEX_POINT('',#10224);
#7703=LINE('',#10225,#10226);
#7704=LINE('',#10227,#10228);
#7705=LINE('',#10229,#10230);
#7706=LINE('',#10231,#10232);
#7707=LINE('',#10233,#10234);
#7708=LINE('',#10235,#10236);
#7709=LINE('',#10237,#10238);
#7710=LINE('',#10239,#10240);
#7711=VERTEX_POINT('',#10241);
#7712=VERTEX_POINT('',#10242);
#7713=LINE('',#10243,#10244);
#7714=LINE('',#10245,#10246);
#7715=LINE('',#10247,#10248);
#7716=VERTEX_POINT('',#10249);
#7717=LINE('',#10250,#10251);
#7718=VERTEX_POINT('',#10252);
#7719=LINE('',#10253,#10254);
#7720=LINE('',#10255,#10256);
#7721=LINE('',#10257,#10258);
#7722=LINE('',#10259,#10260);
#7723=LINE('',#10261,#10262);
#7724=LINE('',#10263,#10264);
#7725=VERTEX_POINT('',#10265);
#7726=LINE('',#10266,#10267);
#7727=VERTEX_POINT('',#10268);
#7728=LINE('',#10269,#10270);
#7729=LINE('',#10271,#10272);
#7730=VERTEX_POINT('',#10273);
#7731=LINE('',#10274,#10275);
#7732=LINE('',#10276,#10277);
#7733=VERTEX_POINT('',#10278);
#7734=LINE('',#10279,#10280);
#7735=LINE('',#10281,#10282);
#7736=LINE('',#10283,#10284);
#7737=LINE('',#10285,#10286);
#7738=LINE('',#10287,#10288);
#7739=VERTEX_POINT('',#10289);
#7740=LINE('',#10290,#10291);
#7741=LINE('',#10292,#10293);
#7742=VERTEX_POINT('',#10294);
#7743=LINE('',#10295,#10296);
#7744=LINE('',#10297,#10298);
#7745=VERTEX_POINT('',#10299);
#7746=VERTEX_POINT('',#10300);
#7747=LINE('',#10301,#10302);
#7748=LINE('',#10303,#10304);
#7749=LINE('',#10305,#10306);
#7750=VERTEX_POINT('',#10307);
#7751=VERTEX_POINT('',#10308);
#7752=LINE('',#10309,#10310);
#7753=LINE('',#10311,#10312);
#7754=LINE('',#10313,#10314);
#7755=VERTEX_POINT('',#10315);
#7756=VERTEX_POINT('',#10316);
#7757=LINE('',#10317,#10318);
#7758=VERTEX_POINT('',#10319);
#7759=LINE('',#10320,#10321);
#7760=LINE('',#10322,#10323);
#7761=LINE('',#10324,#10325);
#7762=VERTEX_POINT('',#10326);
#7763=LINE('',#10327,#10328);
#7764=LINE('',#10329,#10330);
#7765=LINE('',#10331,#10332);
#7766=VERTEX_POINT('',#10333);
#7767=LINE('',#10334,#10335);
#7768=VERTEX_POINT('',#10336);
#7769=LINE('',#10337,#10338);
#7770=LINE('',#10339,#10340);
#7771=VERTEX_POINT('',#10341);
#7772=LINE('',#10342,#10343);
#7773=LINE('',#10344,#10345);
#7774=LINE('',#10346,#10347);
#7775=VERTEX_POINT('',#10348);
#7776=LINE('',#10349,#10350);
#7777=LINE('',#10351,#10352);
#7778=LINE('',#10353,#10354);
#7779=LINE('',#10355,#10356);
#7780=VERTEX_POINT('',#10357);
#7781=LINE('',#10358,#10359);
#7782=VERTEX_POINT('',#10360);
#7783=LINE('',#10361,#10362);
#7784=LINE('',#10363,#10364);
#7785=LINE('',#10365,#10366);
#7786=VERTEX_POINT('',#10367);
#7787=LINE('',#10368,#10369);
#7788=LINE('',#10370,#10371);
#7789=VERTEX_POINT('',#10372);
#7790=LINE('',#10373,#10374);
#7791=LINE('',#10375,#10376);
#7792=LINE('',#10377,#10378);
#7793=LINE('',#10379,#10380);
#7794=VERTEX_POINT('',#10381);
#7795=LINE('',#10382,#10383);
#7796=VERTEX_POINT('',#10384);
#7797=LINE('',#10385,#10386);
#7798=LINE('',#10387,#10388);
#7799=LINE('',#10389,#10390);
#7800=VERTEX_POINT('',#10391);
#7801=LINE('',#10392,#10393);
#7802=LINE('',#10394,#10395);
#7803=LINE('',#10396,#10397);
#7804=VERTEX_POINT('',#10398);
#7805=LINE('',#10399,#10400);
#7806=LINE('',#10401,#10402);
#7807=LINE('',#10403,#10404);
#7808=LINE('',#10405,#10406);
#7809=VERTEX_POINT('',#10407);
#7810=LINE('',#10408,#10409);
#7811=VERTEX_POINT('',#10410);
#7812=LINE('',#10411,#10412);
#7813=LINE('',#10413,#10414);
#7814=LINE('',#10415,#10416);
#7815=VERTEX_POINT('',#10417);
#7816=LINE('',#10418,#10419);
#7817=LINE('',#10420,#10421);
#7818=VERTEX_POINT('',#10422);
#7819=LINE('',#10423,#10424);
#7820=LINE('',#10425,#10426);
#7821=LINE('',#10427,#10428);
#7822=VERTEX_POINT('',#10429);
#7823=LINE('',#10430,#10431);
#7824=LINE('',#10432,#10433);
#7825=VERTEX_POINT('',#10434);
#7826=LINE('',#10435,#10436);
#7827=LINE('',#10437,#10438);
#7828=LINE('',#10439,#10440);
#7829=LINE('',#10441,#10442);
#7830=LINE('',#10443,#10444);
#7831=LINE('',#10445,#10446);
#7832=VERTEX_POINT('',#10447);
#7833=LINE('',#10448,#10449);
#7834=VERTEX_POINT('',#10450);
#7835=LINE('',#10451,#10452);
#7836=LINE('',#10453,#10454);
#7837=VERTEX_POINT('',#10455);
#7838=LINE('',#10456,#10457);
#7839=LINE('',#10458,#10459);
#7840=VERTEX_POINT('',#10460);
#7841=LINE('',#10461,#10462);
#7842=LINE('',#10463,#10464);
#7843=VERTEX_POINT('',#10465);
#7844=LINE('',#10466,#10467);
#7845=LINE('',#10468,#10469);
#7846=VERTEX_POINT('',#10470);
#7847=LINE('',#10471,#10472);
#7848=LINE('',#10473,#10474);
#7849=VERTEX_POINT('',#10475);
#7850=LINE('',#10476,#10477);
#7851=LINE('',#10478,#10479);
#7852=LINE('',#10480,#10481);
#7853=LINE('',#10482,#10483);
#7854=LINE('',#10484,#10485);
#7855=LINE('',#10486,#10487);
#7856=LINE('',#10488,#10489);
#7857=LINE('',#10490,#10491);
#7858=LINE('',#10492,#10493);
#7859=CARTESIAN_POINT('',(-7.825,-1.1,3.305));
#7860=CARTESIAN_POINT('',(-7.825,-1.1,-0.195));
#7861=CARTESIAN_POINT('',(-7.825,-1.1,3.305));
#7862=VECTOR('',#10494,3.5);
#7863=CARTESIAN_POINT('',(-7.825,-0.575,-0.195));
#7864=CARTESIAN_POINT('',(-7.825,-1.1,-0.195));
#7865=VECTOR('',#10495,0.525);
#7866=CARTESIAN_POINT('',(-7.825,-0.575,-2.695));
#7867=CARTESIAN_POINT('',(-7.825,-0.575,-0.195));
#7868=VECTOR('',#10496,2.5);
#7869=CARTESIAN_POINT('',(-7.825,0.575,-2.695));
#7870=CARTESIAN_POINT('',(-7.825,-0.575,-2.695));
#7871=VECTOR('',#10497,1.15);
#7872=CARTESIAN_POINT('',(-7.825,0.575,-0.195));
#7873=CARTESIAN_POINT('',(-7.825,0.575,-2.695));
#7874=VECTOR('',#10498,2.5);
#7875=CARTESIAN_POINT('',(-7.825,1.1,-0.195));
#7876=CARTESIAN_POINT('',(-7.825,0.575,-0.195));
#7877=VECTOR('',#10499,0.525);
#7878=CARTESIAN_POINT('',(-7.825,1.1,3.305));
#7879=CARTESIAN_POINT('',(-7.825,1.1,3.305));
#7880=VECTOR('',#10500,3.5);
#7881=CARTESIAN_POINT('',(-7.825,2.68,3.305));
#7882=CARTESIAN_POINT('',(-7.825,1.1,3.305));
#7883=VECTOR('',#10501,1.58);
#7884=CARTESIAN_POINT('',(-7.825,3.43,3.305));
#7885=CARTESIAN_POINT('',(-7.825,3.43,3.305));
#7886=VECTOR('',#10502,0.75);
#7887=CARTESIAN_POINT('',(-7.825,3.43,-3.355));
#7888=CARTESIAN_POINT('',(-7.825,3.43,-3.355));
#7889=VECTOR('',#10503,6.66);
#7890=CARTESIAN_POINT('',(-7.825,-3.05,-3.355));
#7891=CARTESIAN_POINT('',(-7.825,-3.05,-3.355));
#7892=VECTOR('',#10504,6.48);
#7893=CARTESIAN_POINT('',(-7.825,-3.05,3.305));
#7894=CARTESIAN_POINT('',(-7.825,-3.05,3.305));
#7895=VECTOR('',#10505,6.66);
#7896=CARTESIAN_POINT('',(-7.825,-2.41,3.305));
#7897=CARTESIAN_POINT('',(-7.825,-2.41,3.305));
#7898=VECTOR('',#10506,0.64);
#7899=CARTESIAN_POINT('',(-7.825,-2.41,3.305));
#7900=VECTOR('',#10507,1.31);
#7901=CARTESIAN_POINT('',(-6.44048560795603,-1.1,3.305));
#7902=CARTESIAN_POINT('',(-6.440323739038,-1.1,3.305));
#7903=VECTOR('',#10508,1.384676260962);
#7904=CARTESIAN_POINT('',(-6.44048560815635,-1.1,-0.195));
#7905=CARTESIAN_POINT('',(-6.440485608557,-1.1,4.13));
#7906=VECTOR('',#10509,10.0);
#7907=CARTESIAN_POINT('',(-7.825,-1.1,-0.195));
#7908=VECTOR('',#10510,1.384838130481);
#7909=CARTESIAN_POINT('',(-6.44048560815635,-0.575,-0.195));
#7910=CARTESIAN_POINT('',(-6.440485608557,0.79,-0.195));
#7911=VECTOR('',#10511,10.0);
#7912=CARTESIAN_POINT('',(-7.825,-0.575,-0.195));
#7913=VECTOR('',#10512,1.384838130481);
#7914=CARTESIAN_POINT('',(-6.840485608557,-0.575,-2.695));
#7915=CARTESIAN_POINT('',(-7.825,-0.575,-2.695));
#7916=VECTOR('',#10513,0.9845143914425);
#7917=CARTESIAN_POINT('',(-6.440485608557,-0.575,-2.795));
#7918=CARTESIAN_POINT('',(-6.440485608557,-0.575,2.38));
#7919=VECTOR('',#10514,10.0);
#7920=CARTESIAN_POINT('',(-6.840485608557,-0.575,-2.795));
#7921=CARTESIAN_POINT('',(-6.840485608557,-0.575,-2.795));
#7922=VECTOR('',#10515,0.4);
#7923=CARTESIAN_POINT('',(-6.840485608557,-0.575,-2.695));
#7924=VECTOR('',#10516,0.1);
#7925=CARTESIAN_POINT('',(-6.840485608557,0.575,-2.695));
#7926=CARTESIAN_POINT('',(-6.840485608557,0.4,-2.695));
#7927=CARTESIAN_POINT('',(-6.840485608557,0.575,-2.695));
#7928=VECTOR('',#10517,0.175);
#7929=CARTESIAN_POINT('',(-7.825,0.575,-2.695));
#7930=VECTOR('',#10518,0.9845143914425);
#7931=CARTESIAN_POINT('',(-6.840485608557,-0.4,-2.695));
#7932=CARTESIAN_POINT('',(-6.840485608557,-0.575,-2.695));
#7933=VECTOR('',#10519,0.175);
#7934=CARTESIAN_POINT('',(-7.140485608557,-0.4,-2.695));
#7935=CARTESIAN_POINT('',(-7.140485608557,-0.4,-2.695));
#7936=VECTOR('',#10520,0.3);
#7937=CARTESIAN_POINT('',(-7.140485608557,0.4,-2.695));
#7938=CARTESIAN_POINT('',(-7.140485608557,0.4,-2.695));
#7939=VECTOR('',#10521,0.8);
#7940=CARTESIAN_POINT('',(-6.840485608557,0.4,-2.695));
#7941=VECTOR('',#10522,0.3);
#7942=CARTESIAN_POINT('',(-6.840485608557,0.4,-2.795));
#7943=CARTESIAN_POINT('',(-6.840485608557,0.4,-2.695));
#7944=VECTOR('',#10523,0.1);
#7945=CARTESIAN_POINT('',(-6.840485608557,0.575,-2.795));
#7946=CARTESIAN_POINT('',(-6.840485608557,0.575,-2.795));
#7947=VECTOR('',#10524,0.175);
#7948=CARTESIAN_POINT('',(-6.840485608557,0.575,-2.695));
#7949=VECTOR('',#10525,0.1);
#7950=CARTESIAN_POINT('',(-6.44048560815635,0.575,-0.195));
#7951=CARTESIAN_POINT('',(-6.440485608557,0.575,-2.795));
#7952=CARTESIAN_POINT('',(-6.440485608557,0.575,1.13));
#7953=VECTOR('',#10526,10.0);
#7954=CARTESIAN_POINT('',(-7.825,0.575,-0.195));
#7955=VECTOR('',#10527,1.384838130481);
#7956=CARTESIAN_POINT('',(-6.440485608557,0.575,-2.795));
#7957=VECTOR('',#10528,0.4);
#7958=CARTESIAN_POINT('',(-6.440485608557,-2.41,3.305));
#7959=CARTESIAN_POINT('',(-6.440485608557,2.68,3.305));
#7960=VECTOR('',#10529,10.0);
#7961=CARTESIAN_POINT('',(-6.440485608557,-2.41,4.955));
#7962=CARTESIAN_POINT('',(-6.440485608557,-2.41,4.955));
#7963=VECTOR('',#10530,1.65);
#7964=CARTESIAN_POINT('',(-6.440485608557,2.68,4.955));
#7965=CARTESIAN_POINT('',(-6.440485608557,-2.41,4.955));
#7966=VECTOR('',#10531,5.09);
#7967=CARTESIAN_POINT('',(-6.440485608557,2.68,3.305));
#7968=CARTESIAN_POINT('',(-6.440485608557,2.68,4.955));
#7969=VECTOR('',#10532,1.65);
#7970=CARTESIAN_POINT('',(-6.44048560795603,1.1,3.305));
#7971=CARTESIAN_POINT('',(-6.440485608557,2.68,3.305));
#7972=VECTOR('',#10533,10.0);
#7973=CARTESIAN_POINT('',(-6.44048560815635,1.1,-0.195));
#7974=CARTESIAN_POINT('',(-6.440485608557,1.1,2.38));
#7975=VECTOR('',#10534,10.0);
#7976=CARTESIAN_POINT('',(-6.440485608557,1.6275,-0.195));
#7977=VECTOR('',#10535,10.0);
#7978=CARTESIAN_POINT('',(-6.440485608557,-0.575,-2.795));
#7979=VECTOR('',#10536,1.15);
#7980=CARTESIAN_POINT('',(6.840485608557,0.575,-2.795));
#7981=CARTESIAN_POINT('',(6.440485608557,0.575,-2.795));
#7982=CARTESIAN_POINT('',(6.840485608557,0.575,-2.795));
#7983=VECTOR('',#10537,0.4);
#7984=CARTESIAN_POINT('',(6.440485608557,-0.575,-2.795));
#7985=CARTESIAN_POINT('',(6.440485608557,0.575,-2.795));
#7986=VECTOR('',#10538,1.15);
#7987=CARTESIAN_POINT('',(6.840485608557,-0.575,-2.795));
#7988=CARTESIAN_POINT('',(6.440485608557,-0.575,-2.795));
#7989=VECTOR('',#10539,0.4);
#7990=CARTESIAN_POINT('',(6.840485608557,-0.4,-2.795));
#7991=CARTESIAN_POINT('',(6.840485608557,-0.575,-2.795));
#7992=VECTOR('',#10540,0.175);
#7993=CARTESIAN_POINT('',(7.140485608557,-0.4,-2.795));
#7994=CARTESIAN_POINT('',(6.840485608557,-0.4,-2.795));
#7995=VECTOR('',#10541,0.3);
#7996=CARTESIAN_POINT('',(7.140485608557,0.4,-2.795));
#7997=CARTESIAN_POINT('',(7.140485608557,-0.4,-2.795));
#7998=VECTOR('',#10542,0.8);
#7999=CARTESIAN_POINT('',(6.840485608557,0.4,-2.795));
#8000=CARTESIAN_POINT('',(7.140485608557,0.4,-2.795));
#8001=VECTOR('',#10543,0.3);
#8002=CARTESIAN_POINT('',(6.840485608557,0.4,-2.795));
#8003=VECTOR('',#10544,0.175);
#8004=CARTESIAN_POINT('',(-7.140485608557,0.4,-2.795));
#8005=CARTESIAN_POINT('',(-6.840485608557,0.4,-2.795));
#8006=VECTOR('',#10545,0.3);
#8007=CARTESIAN_POINT('',(-7.140485608557,-0.4,-2.795));
#8008=CARTESIAN_POINT('',(-7.140485608557,0.4,-2.795));
#8009=VECTOR('',#10546,0.8);
#8010=CARTESIAN_POINT('',(-6.840485608557,-0.4,-2.795));
#8011=CARTESIAN_POINT('',(-7.140485608557,-0.4,-2.795));
#8012=VECTOR('',#10547,0.3);
#8013=CARTESIAN_POINT('',(-6.840485608557,-0.4,-2.795));
#8014=VECTOR('',#10548,0.175);
#8015=CARTESIAN_POINT('',(7.825,0.575,-2.695));
#8016=CARTESIAN_POINT('',(6.840485608557,0.575,-2.695));
#8017=CARTESIAN_POINT('',(7.825,0.575,-2.695));
#8018=VECTOR('',#10549,0.9845143914425);
#8019=CARTESIAN_POINT('',(7.825,0.575,-0.195));
#8020=CARTESIAN_POINT('',(7.825,0.575,-2.695));
#8021=VECTOR('',#10550,2.5);
#8022=CARTESIAN_POINT('',(6.44048560815635,0.575,-0.195));
#8023=CARTESIAN_POINT('',(7.825,0.575,-0.195));
#8024=VECTOR('',#10551,1.384838130481);
#8025=CARTESIAN_POINT('',(6.440485608557,0.575,0.305));
#8026=VECTOR('',#10552,10.0);
#8027=CARTESIAN_POINT('',(6.840485608557,0.575,-2.695));
#8028=VECTOR('',#10553,0.1);
#8029=CARTESIAN_POINT('',(6.840485608557,-0.575,-2.695));
#8030=CARTESIAN_POINT('',(6.840485608557,-0.4,-2.695));
#8031=CARTESIAN_POINT('',(6.840485608557,-0.575,-2.695));
#8032=VECTOR('',#10554,0.175);
#8033=CARTESIAN_POINT('',(7.825,-0.575,-2.695));
#8034=CARTESIAN_POINT('',(7.825,-0.575,-2.695));
#8035=VECTOR('',#10555,0.9845143914425);
#8036=CARTESIAN_POINT('',(7.825,-0.575,-2.695));
#8037=VECTOR('',#10556,1.15);
#8038=CARTESIAN_POINT('',(6.840485608557,0.4,-2.695));
#8039=CARTESIAN_POINT('',(6.840485608557,0.575,-2.695));
#8040=VECTOR('',#10557,0.175);
#8041=CARTESIAN_POINT('',(7.140485608557,0.4,-2.695));
#8042=CARTESIAN_POINT('',(7.140485608557,0.4,-2.695));
#8043=VECTOR('',#10558,0.3);
#8044=CARTESIAN_POINT('',(7.140485608557,-0.4,-2.695));
#8045=CARTESIAN_POINT('',(7.140485608557,-0.4,-2.695));
#8046=VECTOR('',#10559,0.8);
#8047=CARTESIAN_POINT('',(6.840485608557,-0.4,-2.695));
#8048=VECTOR('',#10560,0.3);
#8049=CARTESIAN_POINT('',(6.840485608557,-0.4,-2.695));
#8050=VECTOR('',#10561,0.1);
#8051=CARTESIAN_POINT('',(6.840485608557,-0.575,-2.695));
#8052=VECTOR('',#10562,0.1);
#8053=CARTESIAN_POINT('',(6.44048560815635,-0.575,-0.195));
#8054=CARTESIAN_POINT('',(6.440485608557,-0.575,1.555));
#8055=VECTOR('',#10563,10.0);
#8056=CARTESIAN_POINT('',(7.825,-0.575,-0.195));
#8057=CARTESIAN_POINT('',(7.825,-0.575,-0.195));
#8058=VECTOR('',#10564,1.384838130481);
#8059=CARTESIAN_POINT('',(7.825,-0.575,-0.195));
#8060=VECTOR('',#10565,2.5);
#8061=CARTESIAN_POINT('',(6.44048560815635,1.1,-0.195));
#8062=CARTESIAN_POINT('',(6.440485608557,1.6275,-0.195));
#8063=VECTOR('',#10566,10.0);
#8064=CARTESIAN_POINT('',(6.44048560795603,1.1,3.305));
#8065=CARTESIAN_POINT('',(6.440485608557,1.1,1.555));
#8066=VECTOR('',#10567,10.0);
#8067=CARTESIAN_POINT('',(6.440485608557,2.68,3.305));
#8068=CARTESIAN_POINT('',(6.440485608557,2.68,3.305));
#8069=VECTOR('',#10568,10.0);
#8070=CARTESIAN_POINT('',(6.440485608557,2.68,4.955));
#8071=CARTESIAN_POINT('',(6.440485608557,2.68,3.305));
#8072=VECTOR('',#10569,1.65);
#8073=CARTESIAN_POINT('',(6.440485608557,-2.41,4.955));
#8074=CARTESIAN_POINT('',(6.440485608557,-2.41,4.955));
#8075=VECTOR('',#10570,5.09);
#8076=CARTESIAN_POINT('',(6.440485608557,-2.41,3.305));
#8077=CARTESIAN_POINT('',(6.440485608557,-2.41,3.305));
#8078=VECTOR('',#10571,1.65);
#8079=CARTESIAN_POINT('',(6.44048560795603,-1.1,3.305));
#8080=CARTESIAN_POINT('',(6.440485608557,2.68,3.305));
#8081=VECTOR('',#10572,10.0);
#8082=CARTESIAN_POINT('',(6.44048560815635,-1.1,-0.195));
#8083=CARTESIAN_POINT('',(6.440485608557,-1.1,3.305));
#8084=VECTOR('',#10573,10.0);
#8085=CARTESIAN_POINT('',(6.440485608557,0.79,-0.195));
#8086=VECTOR('',#10574,10.0);
#8087=CARTESIAN_POINT('',(7.825,-1.1,-0.195));
#8088=CARTESIAN_POINT('',(7.825,-1.1,-0.195));
#8089=VECTOR('',#10575,0.525);
#8090=CARTESIAN_POINT('',(7.825,-1.1,-0.195));
#8091=VECTOR('',#10576,1.384838130481);
#8092=CARTESIAN_POINT('',(7.825,-1.1,3.305));
#8093=CARTESIAN_POINT('',(7.825,-1.1,3.305));
#8094=VECTOR('',#10577,3.5);
#8095=CARTESIAN_POINT('',(7.825,-2.41,3.305));
#8096=CARTESIAN_POINT('',(7.825,-2.41,3.305));
#8097=VECTOR('',#10578,1.31);
#8098=CARTESIAN_POINT('',(7.825,-3.05,3.305));
#8099=CARTESIAN_POINT('',(7.825,-2.41,3.305));
#8100=VECTOR('',#10579,0.64);
#8101=CARTESIAN_POINT('',(7.825,-3.05,-3.355));
#8102=CARTESIAN_POINT('',(7.825,-3.05,3.305));
#8103=VECTOR('',#10580,6.66);
#8104=CARTESIAN_POINT('',(7.825,3.43,-3.355));
#8105=CARTESIAN_POINT('',(7.825,-3.05,-3.355));
#8106=VECTOR('',#10581,6.48);
#8107=CARTESIAN_POINT('',(7.825,3.43,3.305));
#8108=CARTESIAN_POINT('',(7.825,3.43,-3.355));
#8109=VECTOR('',#10582,6.66);
#8110=CARTESIAN_POINT('',(7.825,2.68,3.305));
#8111=CARTESIAN_POINT('',(7.825,3.43,3.305));
#8112=VECTOR('',#10583,0.75);
#8113=CARTESIAN_POINT('',(7.825,1.1,3.305));
#8114=CARTESIAN_POINT('',(7.825,1.1,3.305));
#8115=VECTOR('',#10584,1.58);
#8116=CARTESIAN_POINT('',(7.825,1.1,-0.195));
#8117=CARTESIAN_POINT('',(7.825,1.1,3.305));
#8118=VECTOR('',#10585,3.5);
#8119=CARTESIAN_POINT('',(7.825,0.575,-0.195));
#8120=VECTOR('',#10586,0.525);
#8121=CARTESIAN_POINT('',(7.825,-2.2,1.605));
#8122=CARTESIAN_POINT('',(7.825,-2.2,2.805));
#8123=CARTESIAN_POINT('',(7.825,-2.2,1.605));
#8124=VECTOR('',#10587,1.2);
#8125=CARTESIAN_POINT('',(7.825,-2.35,1.605));
#8126=CARTESIAN_POINT('',(7.825,-2.35,1.605));
#8127=VECTOR('',#10588,0.15);
#8128=CARTESIAN_POINT('',(7.825,-2.35,2.6007447052));
#8129=CARTESIAN_POINT('',(7.825,-2.35,2.6007447052));
#8130=VECTOR('',#10589,0.9957447052002);
#8131=CARTESIAN_POINT('',(7.825,-2.5,2.422021250725));
#8132=CARTESIAN_POINT('',(7.825,-2.5,2.422021250725));
#8133=VECTOR('',#10590,0.233328251996204);
#8134=CARTESIAN_POINT('',(7.825,-2.5,2.62627661705));
#8135=CARTESIAN_POINT('',(7.825,-2.5,2.62627661705));
#8136=VECTOR('',#10591,0.2042553663254);
#8137=CARTESIAN_POINT('',(7.825,-2.35,2.805));
#8138=CARTESIAN_POINT('',(7.825,-2.35,2.805));
#8139=VECTOR('',#10592,0.233328197209507);
#8140=CARTESIAN_POINT('',(7.825,-2.2,2.805));
#8141=VECTOR('',#10593,0.15);
#8142=CARTESIAN_POINT('',(7.825,-1.1,3.305));
#8143=VECTOR('',#10594,1.384676260962);
#8144=CARTESIAN_POINT('',(7.825,-2.41,3.305));
#8145=VECTOR('',#10595,1.384514391443);
#8146=CARTESIAN_POINT('',(7.825,1.1,3.305));
#8147=VECTOR('',#10596,1.384676260962);
#8148=CARTESIAN_POINT('',(7.825,2.68,3.305));
#8149=VECTOR('',#10597,1.384514391443);
#8150=CARTESIAN_POINT('',(7.825,-2.41,3.305));
#8151=VECTOR('',#10598,2.15392202739798);
#8152=CARTESIAN_POINT('',(-6.440485608557,-2.41,4.955));
#8153=VECTOR('',#10599,2.15392202739798);
#8154=CARTESIAN_POINT('',(-6.440485608557,-2.41,3.305));
#8155=VECTOR('',#10600,1.384514391443);
#8156=CARTESIAN_POINT('',(7.825,2.68,3.305));
#8157=VECTOR('',#10601,2.15392202739798);
#8158=CARTESIAN_POINT('',(6.440485608557,3.43,4.955));
#8159=CARTESIAN_POINT('',(7.825,3.43,3.305));
#8160=VECTOR('',#10602,2.15392202739798);
#8161=CARTESIAN_POINT('',(6.440485608557,3.43,4.955));
#8162=VECTOR('',#10603,0.75);
#8163=CARTESIAN_POINT('',(6.440485608557,-3.43,4.955));
#8164=CARTESIAN_POINT('',(6.440485608557,-2.41,4.955));
#8165=VECTOR('',#10604,1.02);
#8166=CARTESIAN_POINT('',(6.805,-3.43,4.520588664446));
#8167=CARTESIAN_POINT('',(6.805,-3.43,4.520588664446));
#8168=VECTOR('',#10605,0.567083724000595);
#8169=CARTESIAN_POINT('',(7.825,-3.05,3.305));
#8170=VECTOR('',#10606,1.63170334348199);
#8171=CARTESIAN_POINT('',(-6.440485608557,2.68,4.955));
#8172=VECTOR('',#10607,2.15392202739798);
#8173=CARTESIAN_POINT('',(-6.440485608557,2.68,3.305));
#8174=VECTOR('',#10608,1.384514391443);
#8175=CARTESIAN_POINT('',(-6.440485608557,3.43,4.955));
#8176=CARTESIAN_POINT('',(-6.440485608557,3.43,4.955));
#8177=VECTOR('',#10609,0.75);
#8178=CARTESIAN_POINT('',(-6.440485608557,3.43,4.955));
#8179=VECTOR('',#10610,2.15392202739798);
#8180=CARTESIAN_POINT('',(-6.805,-3.43,4.520588664446));
#8181=CARTESIAN_POINT('',(-6.805,-3.43,4.520588664446));
#8182=VECTOR('',#10611,1.63170334348199);
#8183=CARTESIAN_POINT('',(-6.440485608557,-3.43,4.955));
#8184=CARTESIAN_POINT('',(-6.440485608557,-3.43,4.955));
#8185=VECTOR('',#10612,0.567083724000595);
#8186=CARTESIAN_POINT('',(-6.440485608557,-2.41,4.955));
#8187=VECTOR('',#10613,1.02);
#8188=CARTESIAN_POINT('',(-6.325,3.43,-4.955));
#8189=CARTESIAN_POINT('',(-6.325,3.43,-3.205));
#8190=CARTESIAN_POINT('',(-6.325,3.43,-4.955));
#8191=VECTOR('',#10614,1.75);
#8192=CARTESIAN_POINT('',(-8.075,3.43,-4.955));
#8193=CARTESIAN_POINT('',(-6.325,3.43,-4.955));
#8194=VECTOR('',#10615,1.75);
#8195=CARTESIAN_POINT('',(-8.075,3.43,-3.355));
#8196=CARTESIAN_POINT('',(-8.075,3.43,-4.955));
#8197=VECTOR('',#10616,1.6);
#8198=CARTESIAN_POINT('',(-8.075,3.43,-3.355));
#8199=VECTOR('',#10617,0.25);
#8200=CARTESIAN_POINT('',(-6.440485608557,3.43,4.955));
#8201=VECTOR('',#10618,12.88097121711);
#8202=CARTESIAN_POINT('',(8.075,3.43,-3.355));
#8203=CARTESIAN_POINT('',(7.825,3.43,-3.355));
#8204=VECTOR('',#10619,0.25);
#8205=CARTESIAN_POINT('',(8.075,3.43,-4.955));
#8206=CARTESIAN_POINT('',(8.075,3.43,-3.355));
#8207=VECTOR('',#10620,1.6);
#8208=CARTESIAN_POINT('',(6.325,3.43,-4.955));
#8209=CARTESIAN_POINT('',(8.075,3.43,-4.955));
#8210=VECTOR('',#10621,1.75);
#8211=CARTESIAN_POINT('',(6.325,3.43,-3.205));
#8212=CARTESIAN_POINT('',(6.325,3.43,-4.955));
#8213=VECTOR('',#10622,1.75);
#8214=CARTESIAN_POINT('',(-6.325,3.43,-3.205));
#8215=VECTOR('',#10623,12.65);
#8216=CARTESIAN_POINT('',(-0.7,3.43,4.415));
#8217=CARTESIAN_POINT('',(-0.7,3.43,1.255));
#8218=CARTESIAN_POINT('',(-0.7,3.43,4.415));
#8219=VECTOR('',#10624,3.16);
#8220=CARTESIAN_POINT('',(0.7,3.43,1.255));
#8221=CARTESIAN_POINT('',(-0.7,3.43,1.255));
#8222=VECTOR('',#10625,1.4);
#8223=CARTESIAN_POINT('',(0.7,3.43,4.415));
#8224=CARTESIAN_POINT('',(0.7,3.43,4.415));
#8225=VECTOR('',#10626,3.16);
#8226=CARTESIAN_POINT('',(-0.7,3.43,4.415));
#8227=VECTOR('',#10627,1.4);
#8228=CARTESIAN_POINT('',(-0.7,4.83,2.755));
#8229=CARTESIAN_POINT('',(-0.7,4.83,2.755));
#8230=VECTOR('',#10628,2.17154323005594);
#8231=CARTESIAN_POINT('',(-0.7,4.83,2.005));
#8232=CARTESIAN_POINT('',(-0.7,4.83,2.005));
#8233=VECTOR('',#10629,0.75);
#8234=CARTESIAN_POINT('',(-0.7,4.18,2.005));
#8235=CARTESIAN_POINT('',(-0.7,4.18,2.005));
#8236=VECTOR('',#10630,0.65);
#8237=AXIS2_PLACEMENT_3D('',#10631,#10632,#10633);
#8238=CARTESIAN_POINT('',(0.7,4.18,2.005));
#8239=CARTESIAN_POINT('',(-0.7,4.18,2.005));
#8240=VECTOR('',#10634,1.4);
#8241=AXIS2_PLACEMENT_3D('',#10635,#10636,#10637);
#8242=CARTESIAN_POINT('',(0.7,4.83,2.005));
#8243=CARTESIAN_POINT('',(0.7,4.18,2.005));
#8244=VECTOR('',#10638,0.65);
#8245=CARTESIAN_POINT('',(0.7,4.83,2.755));
#8246=CARTESIAN_POINT('',(0.7,4.83,2.005));
#8247=VECTOR('',#10639,0.75);
#8248=CARTESIAN_POINT('',(0.7,4.83,2.755));
#8249=VECTOR('',#10640,2.17154323005594);
#8250=CARTESIAN_POINT('',(-0.7,4.83,2.755));
#8251=VECTOR('',#10641,1.4);
#8252=CARTESIAN_POINT('',(-0.7,4.83,2.005));
#8253=VECTOR('',#10642,1.4);
#8254=CARTESIAN_POINT('',(-6.325,3.175,-4.955));
#8255=CARTESIAN_POINT('',(-6.325,3.175,-4.955));
#8256=VECTOR('',#10643,0.255);
#8257=CARTESIAN_POINT('',(-6.325,3.175,-3.205));
#8258=CARTESIAN_POINT('',(-6.325,3.43,-3.205));
#8259=VECTOR('',#10644,0.255);
#8260=CARTESIAN_POINT('',(-6.325,3.175,-4.955));
#8261=VECTOR('',#10645,1.75);
#8262=CARTESIAN_POINT('',(4.82,-2.78,-4.955));
#8263=CARTESIAN_POINT('',(4.82,-3.43,-4.955));
#8264=CARTESIAN_POINT('',(4.82,-2.78,-4.955));
#8265=VECTOR('',#10646,0.65);
#8266=CARTESIAN_POINT('',(8.075,-2.78,-4.955));
#8267=CARTESIAN_POINT('',(4.82,-2.78,-4.955));
#8268=VECTOR('',#10647,3.255);
#8269=CARTESIAN_POINT('',(8.075,-3.94,-4.955));
#8270=CARTESIAN_POINT('',(8.075,-2.78,-4.955));
#8271=VECTOR('',#10648,1.16);
#8272=CARTESIAN_POINT('',(6.805,-3.94,-4.955));
#8273=CARTESIAN_POINT('',(8.075,-3.94,-4.955));
#8274=VECTOR('',#10649,1.27);
#8275=CARTESIAN_POINT('',(6.805,-3.43,-4.955));
#8276=CARTESIAN_POINT('',(6.805,-3.94,-4.955));
#8277=VECTOR('',#10650,0.51);
#8278=CARTESIAN_POINT('',(6.805,-3.43,-4.955));
#8279=VECTOR('',#10651,1.985);
#8280=CARTESIAN_POINT('',(4.82,1.6,-4.955));
#8281=CARTESIAN_POINT('',(4.82,3.175,-4.955));
#8282=CARTESIAN_POINT('',(4.82,1.6,-4.955));
#8283=VECTOR('',#10652,1.575);
#8284=CARTESIAN_POINT('',(6.325,3.175,-4.955));
#8285=CARTESIAN_POINT('',(4.82,3.175,-4.955));
#8286=VECTOR('',#10653,1.505);
#8287=CARTESIAN_POINT('',(6.325,3.175,-4.955));
#8288=VECTOR('',#10654,0.255);
#8289=CARTESIAN_POINT('',(8.075,1.6,-4.955));
#8290=CARTESIAN_POINT('',(8.075,3.43,-4.955));
#8291=VECTOR('',#10655,1.83);
#8292=CARTESIAN_POINT('',(8.075,1.6,-4.955));
#8293=VECTOR('',#10656,3.255);
#8294=CARTESIAN_POINT('',(1.82,-2.78,-4.955));
#8295=CARTESIAN_POINT('',(1.82,-3.43,-4.955));
#8296=CARTESIAN_POINT('',(1.82,-2.78,-4.955));
#8297=VECTOR('',#10657,0.65);
#8298=CARTESIAN_POINT('',(4.18,-2.78,-4.955));
#8299=CARTESIAN_POINT('',(1.82,-2.78,-4.955));
#8300=VECTOR('',#10658,2.36);
#8301=CARTESIAN_POINT('',(4.18,-3.43,-4.955));
#8302=CARTESIAN_POINT('',(4.18,-2.78,-4.955));
#8303=VECTOR('',#10659,0.65);
#8304=CARTESIAN_POINT('',(4.18,-3.43,-4.955));
#8305=VECTOR('',#10660,2.36);
#8306=CARTESIAN_POINT('',(1.82,1.6,-4.955));
#8307=CARTESIAN_POINT('',(1.82,3.175,-4.955));
#8308=CARTESIAN_POINT('',(1.82,1.6,-4.955));
#8309=VECTOR('',#10661,1.575);
#8310=CARTESIAN_POINT('',(4.18,3.175,-4.955));
#8311=CARTESIAN_POINT('',(1.82,3.175,-4.955));
#8312=VECTOR('',#10662,2.36);
#8313=CARTESIAN_POINT('',(4.18,1.6,-4.955));
#8314=CARTESIAN_POINT('',(4.18,1.6,-4.955));
#8315=VECTOR('',#10663,1.575);
#8316=CARTESIAN_POINT('',(4.18,1.6,-4.955));
#8317=VECTOR('',#10664,2.36);
#8318=CARTESIAN_POINT('',(-1.18,-2.78,-4.955));
#8319=CARTESIAN_POINT('',(-1.18,-3.43,-4.955));
#8320=CARTESIAN_POINT('',(-1.18,-2.78,-4.955));
#8321=VECTOR('',#10665,0.65);
#8322=CARTESIAN_POINT('',(1.18,-2.78,-4.955));
#8323=CARTESIAN_POINT('',(-1.18,-2.78,-4.955));
#8324=VECTOR('',#10666,2.36);
#8325=CARTESIAN_POINT('',(1.18,-3.43,-4.955));
#8326=CARTESIAN_POINT('',(1.18,-2.78,-4.955));
#8327=VECTOR('',#10667,0.65);
#8328=CARTESIAN_POINT('',(1.18,-3.43,-4.955));
#8329=VECTOR('',#10668,2.36);
#8330=CARTESIAN_POINT('',(-1.18,1.6,-4.955));
#8331=CARTESIAN_POINT('',(-1.18,3.175,-4.955));
#8332=CARTESIAN_POINT('',(-1.18,1.6,-4.955));
#8333=VECTOR('',#10669,1.575);
#8334=CARTESIAN_POINT('',(1.18,3.175,-4.955));
#8335=CARTESIAN_POINT('',(-1.18,3.175,-4.955));
#8336=VECTOR('',#10670,2.36);
#8337=CARTESIAN_POINT('',(1.18,1.6,-4.955));
#8338=CARTESIAN_POINT('',(1.18,1.6,-4.955));
#8339=VECTOR('',#10671,1.575);
#8340=CARTESIAN_POINT('',(1.18,1.6,-4.955));
#8341=VECTOR('',#10672,2.36);
#8342=CARTESIAN_POINT('',(-4.82,-2.78,-4.955));
#8343=CARTESIAN_POINT('',(-4.82,-3.43,-4.955));
#8344=CARTESIAN_POINT('',(-4.82,-2.78,-4.955));
#8345=VECTOR('',#10673,0.65);
#8346=CARTESIAN_POINT('',(-6.825,-3.43,-4.955));
#8347=CARTESIAN_POINT('',(-4.82,-3.43,-4.955));
#8348=VECTOR('',#10674,2.005);
#8349=CARTESIAN_POINT('',(-6.825,-3.94,-4.955));
#8350=CARTESIAN_POINT('',(-6.825,-3.94,-4.955));
#8351=VECTOR('',#10675,0.51);
#8352=CARTESIAN_POINT('',(-8.075,-3.94,-4.955));
#8353=CARTESIAN_POINT('',(-6.825,-3.94,-4.955));
#8354=VECTOR('',#10676,1.25);
#8355=CARTESIAN_POINT('',(-8.075,-2.78,-4.955));
#8356=CARTESIAN_POINT('',(-8.075,-2.78,-4.955));
#8357=VECTOR('',#10677,1.16);
#8358=CARTESIAN_POINT('',(-8.075,-2.78,-4.955));
#8359=VECTOR('',#10678,3.255);
#8360=CARTESIAN_POINT('',(-4.18,-2.78,-4.955));
#8361=CARTESIAN_POINT('',(-4.18,-3.43,-4.955));
#8362=CARTESIAN_POINT('',(-4.18,-2.78,-4.955));
#8363=VECTOR('',#10679,0.65);
#8364=CARTESIAN_POINT('',(-1.82,-2.78,-4.955));
#8365=CARTESIAN_POINT('',(-4.18,-2.78,-4.955));
#8366=VECTOR('',#10680,2.36);
#8367=CARTESIAN_POINT('',(-1.82,-3.43,-4.955));
#8368=CARTESIAN_POINT('',(-1.82,-2.78,-4.955));
#8369=VECTOR('',#10681,0.65);
#8370=CARTESIAN_POINT('',(-1.82,-3.43,-4.955));
#8371=VECTOR('',#10682,2.36);
#8372=CARTESIAN_POINT('',(-4.82,1.6,-4.955));
#8373=CARTESIAN_POINT('',(-4.82,3.175,-4.955));
#8374=CARTESIAN_POINT('',(-4.82,1.6,-4.955));
#8375=VECTOR('',#10683,1.575);
#8376=CARTESIAN_POINT('',(-8.075,1.6,-4.955));
#8377=CARTESIAN_POINT('',(-4.82,1.6,-4.955));
#8378=VECTOR('',#10684,3.255);
#8379=CARTESIAN_POINT('',(-8.075,3.43,-4.955));
#8380=VECTOR('',#10685,1.83);
#8381=CARTESIAN_POINT('',(-6.325,3.175,-4.955));
#8382=VECTOR('',#10686,1.505);
#8383=CARTESIAN_POINT('',(-4.18,1.6,-4.955));
#8384=CARTESIAN_POINT('',(-4.18,3.175,-4.955));
#8385=CARTESIAN_POINT('',(-4.18,1.6,-4.955));
#8386=VECTOR('',#10687,1.575);
#8387=CARTESIAN_POINT('',(-1.82,3.175,-4.955));
#8388=CARTESIAN_POINT('',(-4.18,3.175,-4.955));
#8389=VECTOR('',#10688,2.36);
#8390=CARTESIAN_POINT('',(-1.82,1.6,-4.955));
#8391=CARTESIAN_POINT('',(-1.82,1.6,-4.955));
#8392=VECTOR('',#10689,1.575);
#8393=CARTESIAN_POINT('',(-1.82,1.6,-4.955));
#8394=VECTOR('',#10690,2.36);
#8395=CARTESIAN_POINT('',(4.82,-2.78,-4.285));
#8396=CARTESIAN_POINT('',(4.82,-2.78,-4.955));
#8397=VECTOR('',#10691,0.67);
#8398=CARTESIAN_POINT('',(4.82,-3.43,-4.285));
#8399=CARTESIAN_POINT('',(4.82,-3.43,-4.955));
#8400=VECTOR('',#10692,0.67);
#8401=CARTESIAN_POINT('',(4.82,-3.43,-4.285));
#8402=VECTOR('',#10693,0.65);
#8403=CARTESIAN_POINT('',(4.82,3.175,-3.655));
#8404=CARTESIAN_POINT('',(4.82,1.589,-3.655));
#8405=CARTESIAN_POINT('',(4.82,3.175,-3.655));
#8406=VECTOR('',#10694,1.586);
#8407=CARTESIAN_POINT('',(4.82,3.175,-4.955));
#8408=VECTOR('',#10695,1.3);
#8409=CARTESIAN_POINT('',(4.82,1.6,-4.285));
#8410=CARTESIAN_POINT('',(4.82,1.6,-4.285));
#8411=VECTOR('',#10696,0.67);
#8412=CARTESIAN_POINT('',(4.82,1.589,-4.285));
#8413=CARTESIAN_POINT('',(4.82,1.589,-4.285));
#8414=VECTOR('',#10697,0.011);
#8415=CARTESIAN_POINT('',(4.82,1.589,-3.655));
#8416=VECTOR('',#10698,0.63);
#8417=CARTESIAN_POINT('',(4.82,0.949,-3.655));
#8418=CARTESIAN_POINT('',(4.82,0.32,-3.655));
#8419=CARTESIAN_POINT('',(4.82,0.949,-3.655));
#8420=VECTOR('',#10699,0.629);
#8421=CARTESIAN_POINT('',(4.82,0.949,-4.285));
#8422=CARTESIAN_POINT('',(4.82,0.949,-3.655));
#8423=VECTOR('',#10700,0.63);
#8424=CARTESIAN_POINT('',(4.82,0.32,-4.285));
#8425=CARTESIAN_POINT('',(4.82,0.32,-4.285));
#8426=VECTOR('',#10701,0.629);
#8427=CARTESIAN_POINT('',(4.82,0.32,-3.655));
#8428=VECTOR('',#10702,0.63);
#8429=CARTESIAN_POINT('',(4.82,-1.18,-4.285));
#8430=CARTESIAN_POINT('',(4.82,-0.32,-4.285));
#8431=CARTESIAN_POINT('',(4.82,-1.18,-4.285));
#8432=VECTOR('',#10703,0.86);
#8433=CARTESIAN_POINT('',(4.82,-1.18,-3.655));
#8434=CARTESIAN_POINT('',(4.82,-1.18,-3.655));
#8435=VECTOR('',#10704,0.63);
#8436=CARTESIAN_POINT('',(4.82,-0.32,-3.655));
#8437=CARTESIAN_POINT('',(4.82,-0.32,-3.655));
#8438=VECTOR('',#10705,0.86);
#8439=CARTESIAN_POINT('',(4.82,-0.32,-3.655));
#8440=VECTOR('',#10706,0.63);
#8441=CARTESIAN_POINT('',(8.075,-2.78,-4.285));
#8442=CARTESIAN_POINT('',(4.82,-2.78,-4.285));
#8443=VECTOR('',#10707,3.255);
#8444=CARTESIAN_POINT('',(8.075,-2.78,-4.955));
#8445=VECTOR('',#10708,0.67);
#8446=CARTESIAN_POINT('',(1.82,-2.78,-4.285));
#8447=CARTESIAN_POINT('',(1.82,-2.78,-4.955));
#8448=VECTOR('',#10709,0.67);
#8449=CARTESIAN_POINT('',(4.18,-2.78,-4.285));
#8450=CARTESIAN_POINT('',(1.82,-2.78,-4.285));
#8451=VECTOR('',#10710,2.36);
#8452=CARTESIAN_POINT('',(4.18,-2.78,-4.955));
#8453=VECTOR('',#10711,0.67);
#8454=CARTESIAN_POINT('',(-1.18,-2.78,-4.285));
#8455=CARTESIAN_POINT('',(-1.18,-2.78,-4.955));
#8456=VECTOR('',#10712,0.67);
#8457=CARTESIAN_POINT('',(1.18,-2.78,-4.285));
#8458=CARTESIAN_POINT('',(-1.18,-2.78,-4.285));
#8459=VECTOR('',#10713,2.36);
#8460=CARTESIAN_POINT('',(1.18,-2.78,-4.955));
#8461=VECTOR('',#10714,0.67);
#8462=CARTESIAN_POINT('',(-4.82,-2.78,-4.285));
#8463=CARTESIAN_POINT('',(-4.82,-2.78,-4.955));
#8464=VECTOR('',#10715,0.67);
#8465=CARTESIAN_POINT('',(-8.075,-2.78,-4.285));
#8466=CARTESIAN_POINT('',(-8.075,-2.78,-4.955));
#8467=VECTOR('',#10716,0.67);
#8468=CARTESIAN_POINT('',(-8.075,-2.78,-4.285));
#8469=VECTOR('',#10717,3.255);
#8470=CARTESIAN_POINT('',(-4.18,-2.78,-4.285));
#8471=CARTESIAN_POINT('',(-4.18,-2.78,-4.955));
#8472=VECTOR('',#10718,0.67);
#8473=CARTESIAN_POINT('',(-1.82,-2.78,-4.285));
#8474=CARTESIAN_POINT('',(-4.18,-2.78,-4.285));
#8475=VECTOR('',#10719,2.36);
#8476=CARTESIAN_POINT('',(-1.82,-2.78,-4.955));
#8477=VECTOR('',#10720,0.67);
#8478=CARTESIAN_POINT('',(8.075,-1.0,-4.285));
#8479=CARTESIAN_POINT('',(8.075,-2.78,-4.285));
#8480=VECTOR('',#10721,1.78);
#8481=CARTESIAN_POINT('',(8.075,-1.0,-3.685));
#8482=CARTESIAN_POINT('',(8.075,-1.0,-3.685));
#8483=VECTOR('',#10722,0.6);
#8484=CARTESIAN_POINT('',(8.075,1.0,-3.685));
#8485=CARTESIAN_POINT('',(8.075,1.0,-3.685));
#8486=VECTOR('',#10723,2.0);
#8487=CARTESIAN_POINT('',(8.075,1.0,-4.285));
#8488=CARTESIAN_POINT('',(8.075,1.0,-4.285));
#8489=VECTOR('',#10724,0.6);
#8490=CARTESIAN_POINT('',(8.075,1.6,-4.285));
#8491=CARTESIAN_POINT('',(8.075,1.0,-4.285));
#8492=VECTOR('',#10725,0.6);
#8493=CARTESIAN_POINT('',(8.075,1.6,-4.955));
#8494=VECTOR('',#10726,0.67);
#8495=CARTESIAN_POINT('',(8.075,-3.94,-3.355));
#8496=CARTESIAN_POINT('',(8.075,3.43,-3.355));
#8497=VECTOR('',#10727,7.37);
#8498=CARTESIAN_POINT('',(8.075,-3.94,-3.355));
#8499=VECTOR('',#10728,1.6);
#8500=CARTESIAN_POINT('',(-4.18,-6.12,-4.285));
#8501=CARTESIAN_POINT('',(-4.18,-3.43,-4.285));
#8502=CARTESIAN_POINT('',(-4.18,-6.12,-4.285));
#8503=VECTOR('',#10729,2.69);
#8504=CARTESIAN_POINT('',(-4.82,-6.12,-4.285));
#8505=CARTESIAN_POINT('',(-4.18,-6.12,-4.285));
#8506=VECTOR('',#10730,0.64);
#8507=CARTESIAN_POINT('',(-4.82,-3.43,-4.285));
#8508=CARTESIAN_POINT('',(-4.82,-6.12,-4.285));
#8509=VECTOR('',#10731,2.69);
#8510=CARTESIAN_POINT('',(-4.82,-3.43,-4.285));
#8511=VECTOR('',#10732,0.65);
#8512=CARTESIAN_POINT('',(-8.075,-1.0,-4.285));
#8513=CARTESIAN_POINT('',(-8.075,-2.78,-4.285));
#8514=VECTOR('',#10733,1.78);
#8515=CARTESIAN_POINT('',(-6.825,-1.0,-4.285));
#8516=CARTESIAN_POINT('',(-6.825,-1.0,-4.285));
#8517=VECTOR('',#10734,1.25);
#8518=CARTESIAN_POINT('',(-6.825,1.0,-4.285));
#8519=CARTESIAN_POINT('',(-6.825,-1.0,-4.285));
#8520=VECTOR('',#10735,2.0);
#8521=CARTESIAN_POINT('',(-8.075,1.0,-4.285));
#8522=CARTESIAN_POINT('',(-8.075,1.0,-4.285));
#8523=VECTOR('',#10736,1.25);
#8524=CARTESIAN_POINT('',(-8.075,1.6,-4.285));
#8525=CARTESIAN_POINT('',(-8.075,1.0,-4.285));
#8526=VECTOR('',#10737,0.6);
#8527=CARTESIAN_POINT('',(-4.82,1.6,-4.285));
#8528=CARTESIAN_POINT('',(-4.82,1.6,-4.285));
#8529=VECTOR('',#10738,3.255);
#8530=CARTESIAN_POINT('',(-4.82,1.589,-4.285));
#8531=CARTESIAN_POINT('',(-4.82,1.589,-4.285));
#8532=VECTOR('',#10739,0.011);
#8533=CARTESIAN_POINT('',(-4.82,0.949,-4.285));
#8534=CARTESIAN_POINT('',(-4.82,0.949,-4.285));
#8535=VECTOR('',#10740,0.64);
#8536=CARTESIAN_POINT('',(-4.82,0.32,-4.285));
#8537=CARTESIAN_POINT('',(-4.82,0.32,-4.285));
#8538=VECTOR('',#10741,0.629);
#8539=CARTESIAN_POINT('',(-4.82,-0.32,-4.285));
#8540=CARTESIAN_POINT('',(-4.82,-0.32,-4.285));
#8541=VECTOR('',#10742,0.64);
#8542=CARTESIAN_POINT('',(-4.82,-1.18,-4.285));
#8543=CARTESIAN_POINT('',(-4.82,-1.18,-4.285));
#8544=VECTOR('',#10743,0.86);
#8545=CARTESIAN_POINT('',(-4.18,-1.18,-4.285));
#8546=CARTESIAN_POINT('',(-4.18,-1.18,-4.285));
#8547=VECTOR('',#10744,0.64);
#8548=CARTESIAN_POINT('',(-4.18,-0.32,-4.285));
#8549=CARTESIAN_POINT('',(-4.18,-1.18,-4.285));
#8550=VECTOR('',#10745,0.86);
#8551=CARTESIAN_POINT('',(-4.18,0.32,-4.285));
#8552=CARTESIAN_POINT('',(-4.18,-0.32,-4.285));
#8553=VECTOR('',#10746,0.64);
#8554=CARTESIAN_POINT('',(-4.18,0.949,-4.285));
#8555=CARTESIAN_POINT('',(-4.18,0.32,-4.285));
#8556=VECTOR('',#10747,0.629);
#8557=CARTESIAN_POINT('',(-4.18,1.589,-4.285));
#8558=CARTESIAN_POINT('',(-4.18,0.949,-4.285));
#8559=VECTOR('',#10748,0.64);
#8560=CARTESIAN_POINT('',(-4.18,1.6,-4.285));
#8561=CARTESIAN_POINT('',(-4.18,1.589,-4.285));
#8562=VECTOR('',#10749,0.011);
#8563=CARTESIAN_POINT('',(-1.82,1.6,-4.285));
#8564=CARTESIAN_POINT('',(-1.82,1.6,-4.285));
#8565=VECTOR('',#10750,2.36);
#8566=CARTESIAN_POINT('',(-1.82,1.589,-4.285));
#8567=CARTESIAN_POINT('',(-1.82,1.589,-4.285));
#8568=VECTOR('',#10751,0.011);
#8569=CARTESIAN_POINT('',(-1.82,0.949,-4.285));
#8570=CARTESIAN_POINT('',(-1.82,0.949,-4.285));
#8571=VECTOR('',#10752,0.64);
#8572=CARTESIAN_POINT('',(-1.82,0.32,-4.285));
#8573=CARTESIAN_POINT('',(-1.82,0.32,-4.285));
#8574=VECTOR('',#10753,0.629);
#8575=CARTESIAN_POINT('',(-1.82,-0.32,-4.285));
#8576=CARTESIAN_POINT('',(-1.82,-0.32,-4.285));
#8577=VECTOR('',#10754,0.64);
#8578=CARTESIAN_POINT('',(-1.82,-1.18,-4.285));
#8579=CARTESIAN_POINT('',(-1.82,-1.18,-4.285));
#8580=VECTOR('',#10755,0.86);
#8581=CARTESIAN_POINT('',(-1.18,-1.18,-4.285));
#8582=CARTESIAN_POINT('',(-1.18,-1.18,-4.285));
#8583=VECTOR('',#10756,0.64);
#8584=CARTESIAN_POINT('',(-1.18,-0.32,-4.285));
#8585=CARTESIAN_POINT('',(-1.18,-1.18,-4.285));
#8586=VECTOR('',#10757,0.86);
#8587=CARTESIAN_POINT('',(-1.18,0.32,-4.285));
#8588=CARTESIAN_POINT('',(-1.18,-0.32,-4.285));
#8589=VECTOR('',#10758,0.64);
#8590=CARTESIAN_POINT('',(-1.18,0.949,-4.285));
#8591=CARTESIAN_POINT('',(-1.18,0.32,-4.285));
#8592=VECTOR('',#10759,0.629);
#8593=CARTESIAN_POINT('',(-1.18,1.589,-4.285));
#8594=CARTESIAN_POINT('',(-1.18,0.949,-4.285));
#8595=VECTOR('',#10760,0.64);
#8596=CARTESIAN_POINT('',(-1.18,1.6,-4.285));
#8597=CARTESIAN_POINT('',(-1.18,1.589,-4.285));
#8598=VECTOR('',#10761,0.011);
#8599=CARTESIAN_POINT('',(1.18,1.6,-4.285));
#8600=CARTESIAN_POINT('',(1.18,1.6,-4.285));
#8601=VECTOR('',#10762,2.36);
#8602=CARTESIAN_POINT('',(1.18,1.589,-4.285));
#8603=CARTESIAN_POINT('',(1.18,1.589,-4.285));
#8604=VECTOR('',#10763,0.011);
#8605=CARTESIAN_POINT('',(1.18,0.949,-4.285));
#8606=CARTESIAN_POINT('',(1.18,0.949,-4.285));
#8607=VECTOR('',#10764,0.64);
#8608=CARTESIAN_POINT('',(1.18,0.32,-4.285));
#8609=CARTESIAN_POINT('',(1.18,0.32,-4.285));
#8610=VECTOR('',#10765,0.629);
#8611=CARTESIAN_POINT('',(1.18,-0.32,-4.285));
#8612=CARTESIAN_POINT('',(1.18,-0.32,-4.285));
#8613=VECTOR('',#10766,0.64);
#8614=CARTESIAN_POINT('',(1.18,-1.18,-4.285));
#8615=CARTESIAN_POINT('',(1.18,-1.18,-4.285));
#8616=VECTOR('',#10767,0.86);
#8617=CARTESIAN_POINT('',(1.82,-1.18,-4.285));
#8618=CARTESIAN_POINT('',(1.82,-1.18,-4.285));
#8619=VECTOR('',#10768,0.64);
#8620=CARTESIAN_POINT('',(1.82,-0.32,-4.285));
#8621=CARTESIAN_POINT('',(1.82,-1.18,-4.285));
#8622=VECTOR('',#10769,0.86);
#8623=CARTESIAN_POINT('',(1.82,0.32,-4.285));
#8624=CARTESIAN_POINT('',(1.82,-0.32,-4.285));
#8625=VECTOR('',#10770,0.64);
#8626=CARTESIAN_POINT('',(1.82,0.949,-4.285));
#8627=CARTESIAN_POINT('',(1.82,0.32,-4.285));
#8628=VECTOR('',#10771,0.629);
#8629=CARTESIAN_POINT('',(1.82,1.589,-4.285));
#8630=CARTESIAN_POINT('',(1.82,0.949,-4.285));
#8631=VECTOR('',#10772,0.64);
#8632=CARTESIAN_POINT('',(1.82,1.6,-4.285));
#8633=CARTESIAN_POINT('',(1.82,1.589,-4.285));
#8634=VECTOR('',#10773,0.011);
#8635=CARTESIAN_POINT('',(4.18,1.6,-4.285));
#8636=CARTESIAN_POINT('',(4.18,1.6,-4.285));
#8637=VECTOR('',#10774,2.36);
#8638=CARTESIAN_POINT('',(4.18,1.589,-4.285));
#8639=CARTESIAN_POINT('',(4.18,1.589,-4.285));
#8640=VECTOR('',#10775,0.011);
#8641=CARTESIAN_POINT('',(4.18,0.949,-4.285));
#8642=CARTESIAN_POINT('',(4.18,0.949,-4.285));
#8643=VECTOR('',#10776,0.64);
#8644=CARTESIAN_POINT('',(4.18,0.32,-4.285));
#8645=CARTESIAN_POINT('',(4.18,0.32,-4.285));
#8646=VECTOR('',#10777,0.629);
#8647=CARTESIAN_POINT('',(4.18,-0.32,-4.285));
#8648=CARTESIAN_POINT('',(4.18,-0.32,-4.285));
#8649=VECTOR('',#10778,0.64);
#8650=CARTESIAN_POINT('',(4.18,-1.18,-4.285));
#8651=CARTESIAN_POINT('',(4.18,-1.18,-4.285));
#8652=VECTOR('',#10779,0.86);
#8653=CARTESIAN_POINT('',(4.82,-1.18,-4.285));
#8654=VECTOR('',#10780,0.64);
#8655=CARTESIAN_POINT('',(4.82,-0.32,-4.285));
#8656=VECTOR('',#10781,0.64);
#8657=CARTESIAN_POINT('',(4.82,0.949,-4.285));
#8658=VECTOR('',#10782,0.64);
#8659=CARTESIAN_POINT('',(8.075,1.6,-4.285));
#8660=VECTOR('',#10783,3.255);
#8661=CARTESIAN_POINT('',(6.825,1.0,-4.285));
#8662=CARTESIAN_POINT('',(6.825,1.0,-4.285));
#8663=VECTOR('',#10784,1.25);
#8664=CARTESIAN_POINT('',(6.825,-1.0,-4.285));
#8665=CARTESIAN_POINT('',(6.825,-1.0,-4.285));
#8666=VECTOR('',#10785,2.0);
#8667=CARTESIAN_POINT('',(8.075,-1.0,-4.285));
#8668=VECTOR('',#10786,1.25);
#8669=CARTESIAN_POINT('',(4.82,-6.12,-4.285));
#8670=CARTESIAN_POINT('',(4.82,-6.12,-4.285));
#8671=VECTOR('',#10787,2.69);
#8672=CARTESIAN_POINT('',(4.18,-6.12,-4.285));
#8673=CARTESIAN_POINT('',(4.82,-6.12,-4.285));
#8674=VECTOR('',#10788,0.64);
#8675=CARTESIAN_POINT('',(4.18,-3.43,-4.285));
#8676=CARTESIAN_POINT('',(4.18,-6.12,-4.285));
#8677=VECTOR('',#10789,2.69);
#8678=CARTESIAN_POINT('',(4.18,-3.43,-4.285));
#8679=VECTOR('',#10790,0.65);
#8680=CARTESIAN_POINT('',(1.82,-3.43,-4.285));
#8681=CARTESIAN_POINT('',(1.82,-3.43,-4.285));
#8682=VECTOR('',#10791,0.65);
#8683=CARTESIAN_POINT('',(1.82,-6.12,-4.285));
#8684=CARTESIAN_POINT('',(1.82,-6.12,-4.285));
#8685=VECTOR('',#10792,2.69);
#8686=CARTESIAN_POINT('',(1.18,-6.12,-4.285));
#8687=CARTESIAN_POINT('',(1.82,-6.12,-4.285));
#8688=VECTOR('',#10793,0.64);
#8689=CARTESIAN_POINT('',(1.18,-3.43,-4.285));
#8690=CARTESIAN_POINT('',(1.18,-6.12,-4.285));
#8691=VECTOR('',#10794,2.69);
#8692=CARTESIAN_POINT('',(1.18,-3.43,-4.285));
#8693=VECTOR('',#10795,0.65);
#8694=CARTESIAN_POINT('',(-1.18,-3.43,-4.285));
#8695=CARTESIAN_POINT('',(-1.18,-3.43,-4.285));
#8696=VECTOR('',#10796,0.65);
#8697=CARTESIAN_POINT('',(-1.18,-6.12,-4.285));
#8698=CARTESIAN_POINT('',(-1.18,-6.12,-4.285));
#8699=VECTOR('',#10797,2.69);
#8700=CARTESIAN_POINT('',(-1.82,-6.12,-4.285));
#8701=CARTESIAN_POINT('',(-1.18,-6.12,-4.285));
#8702=VECTOR('',#10798,0.64);
#8703=CARTESIAN_POINT('',(-1.82,-3.43,-4.285));
#8704=CARTESIAN_POINT('',(-1.82,-6.12,-4.285));
#8705=VECTOR('',#10799,2.69);
#8706=CARTESIAN_POINT('',(-1.82,-3.43,-4.285));
#8707=VECTOR('',#10800,0.65);
#8708=CARTESIAN_POINT('',(-4.18,-3.43,-4.285));
#8709=VECTOR('',#10801,0.65);
#8710=CARTESIAN_POINT('',(-4.18,-0.32,-4.955));
#8711=CARTESIAN_POINT('',(-4.18,-0.32,-4.285));
#8712=VECTOR('',#10802,0.67);
#8713=CARTESIAN_POINT('',(-4.18,0.32,-4.955));
#8714=CARTESIAN_POINT('',(-4.18,-0.32,-4.955));
#8715=VECTOR('',#10803,0.64);
#8716=CARTESIAN_POINT('',(-4.18,0.32,-4.955));
#8717=VECTOR('',#10804,0.67);
#8718=CARTESIAN_POINT('',(-4.18,1.82,1.555));
#8719=CARTESIAN_POINT('',(-4.18,1.18,1.555));
#8720=CARTESIAN_POINT('',(-4.18,1.82,1.555));
#8721=VECTOR('',#10805,0.64);
#8722=CARTESIAN_POINT('',(-4.18,1.18,-1.645));
#8723=CARTESIAN_POINT('',(-4.18,1.18,1.555));
#8724=VECTOR('',#10806,3.2);
#8725=CARTESIAN_POINT('',(-4.18,1.82,-1.645));
#8726=CARTESIAN_POINT('',(-4.18,1.18,-1.645));
#8727=VECTOR('',#10807,0.64);
#8728=CARTESIAN_POINT('',(-4.18,1.82,-1.645));
#8729=VECTOR('',#10808,3.2);
#8730=CARTESIAN_POINT('',(-4.18,-1.18,1.555));
#8731=CARTESIAN_POINT('',(-4.18,-1.82,1.555));
#8732=CARTESIAN_POINT('',(-4.18,-1.18,1.555));
#8733=VECTOR('',#10809,0.64);
#8734=CARTESIAN_POINT('',(-4.18,-1.82,-1.645));
#8735=CARTESIAN_POINT('',(-4.18,-1.82,1.555));
#8736=VECTOR('',#10810,3.2);
#8737=CARTESIAN_POINT('',(-4.18,-1.18,-1.645));
#8738=CARTESIAN_POINT('',(-4.18,-1.82,-1.645));
#8739=VECTOR('',#10811,0.64);
#8740=CARTESIAN_POINT('',(-4.18,-1.18,-1.645));
#8741=VECTOR('',#10812,3.2);
#8742=CARTESIAN_POINT('',(-4.18,-6.12,-6.645));
#8743=CARTESIAN_POINT('',(-4.18,-6.12,-7.285));
#8744=CARTESIAN_POINT('',(-4.18,-6.12,-6.645));
#8745=VECTOR('',#10813,0.64);
#8746=CARTESIAN_POINT('',(-4.18,1.589,-7.285));
#8747=CARTESIAN_POINT('',(-4.18,-6.12,-7.285));
#8748=VECTOR('',#10814,7.709);
#8749=CARTESIAN_POINT('',(-4.18,1.589,-7.285));
#8750=VECTOR('',#10815,3.0);
#8751=CARTESIAN_POINT('',(-4.18,0.949,-6.645));
#8752=CARTESIAN_POINT('',(-4.18,0.949,-4.285));
#8753=VECTOR('',#10816,2.36);
#8754=CARTESIAN_POINT('',(-4.18,0.949,-6.645));
#8755=VECTOR('',#10817,7.069);
#8756=CARTESIAN_POINT('',(-4.18,-6.12,-3.645));
#8757=CARTESIAN_POINT('',(-4.18,-6.12,-3.645));
#8758=VECTOR('',#10818,0.64);
#8759=CARTESIAN_POINT('',(-4.18,-3.43,-3.645));
#8760=CARTESIAN_POINT('',(-4.18,-3.43,-4.285));
#8761=VECTOR('',#10819,0.64);
#8762=CARTESIAN_POINT('',(-4.18,-3.43,-3.645));
#8763=VECTOR('',#10820,2.69);
#8764=CARTESIAN_POINT('',(-4.82,0.32,-4.955));
#8765=CARTESIAN_POINT('',(-4.18,0.32,-4.955));
#8766=VECTOR('',#10821,0.64);
#8767=CARTESIAN_POINT('',(-4.82,0.32,-4.955));
#8768=VECTOR('',#10822,0.67);
#8769=CARTESIAN_POINT('',(-4.82,0.32,-3.655));
#8770=CARTESIAN_POINT('',(-4.82,0.32,-4.285));
#8771=VECTOR('',#10823,0.63);
#8772=CARTESIAN_POINT('',(-4.18,0.32,-3.655));
#8773=CARTESIAN_POINT('',(-4.82,0.32,-3.655));
#8774=VECTOR('',#10824,0.64);
#8775=CARTESIAN_POINT('',(-4.18,0.32,-3.655));
#8776=VECTOR('',#10825,0.63);
#8777=CARTESIAN_POINT('',(-4.18,-3.43,-4.955));
#8778=VECTOR('',#10826,0.67);
#8779=CARTESIAN_POINT('',(-4.18,-1.18,-3.655));
#8780=CARTESIAN_POINT('',(-4.18,-1.18,-3.655));
#8781=VECTOR('',#10827,0.63);
#8782=CARTESIAN_POINT('',(-4.18,-0.32,-3.655));
#8783=CARTESIAN_POINT('',(-4.18,-0.32,-3.655));
#8784=VECTOR('',#10828,0.86);
#8785=CARTESIAN_POINT('',(-4.18,-0.32,-3.655));
#8786=VECTOR('',#10829,0.63);
#8787=CARTESIAN_POINT('',(-4.18,3.175,-3.655));
#8788=CARTESIAN_POINT('',(-4.18,1.589,-3.655));
#8789=CARTESIAN_POINT('',(-4.18,3.175,-3.655));
#8790=VECTOR('',#10830,1.586);
#8791=CARTESIAN_POINT('',(-4.18,3.175,-4.955));
#8792=VECTOR('',#10831,1.3);
#8793=CARTESIAN_POINT('',(-4.18,1.6,-4.285));
#8794=VECTOR('',#10832,0.67);
#8795=CARTESIAN_POINT('',(-4.18,1.589,-3.655));
#8796=VECTOR('',#10833,0.63);
#8797=CARTESIAN_POINT('',(-4.18,0.949,-3.655));
#8798=CARTESIAN_POINT('',(-4.18,0.949,-3.655));
#8799=VECTOR('',#10834,0.629);
#8800=CARTESIAN_POINT('',(-4.18,0.949,-3.655));
#8801=VECTOR('',#10835,0.63);
#8802=CARTESIAN_POINT('',(-1.18,-3.43,-3.655));
#8803=CARTESIAN_POINT('',(-1.18,-3.43,-4.285));
#8804=VECTOR('',#10836,0.63);
#8805=CARTESIAN_POINT('',(-1.18,-3.43,-4.955));
#8806=VECTOR('',#10837,0.67);
#8807=CARTESIAN_POINT('',(1.18,-3.43,-4.955));
#8808=VECTOR('',#10838,0.67);
#8809=CARTESIAN_POINT('',(1.18,-3.43,-3.655));
#8810=CARTESIAN_POINT('',(1.18,-3.43,-4.285));
#8811=VECTOR('',#10839,0.63);
#8812=CARTESIAN_POINT('',(1.82,-3.43,-3.655));
#8813=CARTESIAN_POINT('',(1.18,-3.43,-3.655));
#8814=VECTOR('',#10840,0.64);
#8815=CARTESIAN_POINT('',(1.82,-3.43,-4.285));
#8816=VECTOR('',#10841,0.63);
#8817=CARTESIAN_POINT('',(1.82,-3.43,-4.955));
#8818=VECTOR('',#10842,0.67);
#8819=CARTESIAN_POINT('',(4.18,-3.43,-4.955));
#8820=VECTOR('',#10843,0.67);
#8821=CARTESIAN_POINT('',(4.18,-3.43,-3.645));
#8822=CARTESIAN_POINT('',(4.18,-3.43,-4.285));
#8823=VECTOR('',#10844,0.64);
#8824=CARTESIAN_POINT('',(4.82,-3.43,-3.645));
#8825=CARTESIAN_POINT('',(4.82,-3.43,-3.645));
#8826=VECTOR('',#10845,0.64);
#8827=CARTESIAN_POINT('',(4.82,-3.43,-4.285));
#8828=VECTOR('',#10846,0.64);
#8829=CARTESIAN_POINT('',(6.805,-3.43,-3.355));
#8830=CARTESIAN_POINT('',(6.805,-3.43,-3.355));
#8831=VECTOR('',#10847,1.6);
#8832=CARTESIAN_POINT('',(6.805,-3.43,4.520588664446));
#8833=VECTOR('',#10848,7.875588664446);
#8834=CARTESIAN_POINT('',(-6.440485608557,-3.43,4.955));
#8835=VECTOR('',#10849,12.88097121711);
#8836=CARTESIAN_POINT('',(-6.805,-3.43,-3.355));
#8837=CARTESIAN_POINT('',(-6.805,-3.43,4.520588664446));
#8838=VECTOR('',#10850,7.875588664446);
#8839=CARTESIAN_POINT('',(-6.825,-3.43,-3.355));
#8840=CARTESIAN_POINT('',(-6.805,-3.43,-3.355));
#8841=VECTOR('',#10851,0.02000000000001);
#8842=CARTESIAN_POINT('',(-6.825,-3.43,-3.355));
#8843=VECTOR('',#10852,1.6);
#8844=CARTESIAN_POINT('',(-4.82,-3.43,-4.955));
#8845=VECTOR('',#10853,0.67);
#8846=CARTESIAN_POINT('',(-4.82,-3.43,-3.645));
#8847=CARTESIAN_POINT('',(-4.82,-3.43,-4.285));
#8848=VECTOR('',#10854,0.64);
#8849=CARTESIAN_POINT('',(-4.82,-3.43,-3.645));
#8850=VECTOR('',#10855,0.64);
#8851=CARTESIAN_POINT('',(-1.82,-3.43,-4.955));
#8852=VECTOR('',#10856,0.67);
#8853=CARTESIAN_POINT('',(-1.82,-3.43,-3.655));
#8854=CARTESIAN_POINT('',(-1.82,-3.43,-4.285));
#8855=VECTOR('',#10857,0.63);
#8856=CARTESIAN_POINT('',(-1.82,-3.43,-3.655));
#8857=VECTOR('',#10858,0.64);
#8858=CARTESIAN_POINT('',(-2.85,-3.43,3.545));
#8859=CARTESIAN_POINT('',(-2.85,-3.43,-3.655));
#8860=CARTESIAN_POINT('',(-2.85,-3.43,3.545));
#8861=VECTOR('',#10859,7.2);
#8862=CARTESIAN_POINT('',(-3.85,-3.43,-3.655));
#8863=CARTESIAN_POINT('',(-2.85,-3.43,-3.655));
#8864=VECTOR('',#10860,1.0);
#8865=CARTESIAN_POINT('',(-3.85,-3.43,3.545));
#8866=CARTESIAN_POINT('',(-3.85,-3.43,3.545));
#8867=VECTOR('',#10861,7.2);
#8868=CARTESIAN_POINT('',(-3.85,-3.43,3.545));
#8869=VECTOR('',#10862,1.0);
#8870=CARTESIAN_POINT('',(2.85,-3.43,-3.655));
#8871=CARTESIAN_POINT('',(2.85,-3.43,3.545));
#8872=CARTESIAN_POINT('',(2.85,-3.43,-3.655));
#8873=VECTOR('',#10863,7.2);
#8874=CARTESIAN_POINT('',(3.85,-3.43,3.545));
#8875=CARTESIAN_POINT('',(3.85,-3.43,3.545));
#8876=VECTOR('',#10864,1.0);
#8877=CARTESIAN_POINT('',(3.85,-3.43,-3.655));
#8878=CARTESIAN_POINT('',(3.85,-3.43,-3.655));
#8879=VECTOR('',#10865,7.2);
#8880=CARTESIAN_POINT('',(2.85,-3.43,-3.655));
#8881=VECTOR('',#10866,1.0);
#8882=CARTESIAN_POINT('',(2.85,-6.559615242271,1.355));
#8883=CARTESIAN_POINT('',(2.85,-5.69,1.355));
#8884=CARTESIAN_POINT('',(2.85,-6.559615242271,1.355));
#8885=VECTOR('',#10867,0.8696152422706);
#8886=CARTESIAN_POINT('',(2.85,-3.94,1.355));
#8887=CARTESIAN_POINT('',(2.85,-5.69,1.355));
#8888=VECTOR('',#10868,1.75);
#8889=CARTESIAN_POINT('',(2.85,-3.94,3.545));
#8890=CARTESIAN_POINT('',(2.85,-3.94,3.545));
#8891=VECTOR('',#10869,2.19);
#8892=CARTESIAN_POINT('',(2.85,-3.43,3.545));
#8893=VECTOR('',#10870,0.51);
#8894=CARTESIAN_POINT('',(2.85,-3.94,-3.655));
#8895=CARTESIAN_POINT('',(2.85,-3.43,-3.655));
#8896=VECTOR('',#10871,0.51);
#8897=CARTESIAN_POINT('',(2.85,-3.94,-0.645));
#8898=CARTESIAN_POINT('',(2.85,-3.94,-0.645));
#8899=VECTOR('',#10872,3.01);
#8900=CARTESIAN_POINT('',(2.85,-5.69,-0.645));
#8901=CARTESIAN_POINT('',(2.85,-5.69,-0.645));
#8902=VECTOR('',#10873,1.75);
#8903=CARTESIAN_POINT('',(2.85,-6.559615242271,-0.645));
#8904=CARTESIAN_POINT('',(2.85,-6.559615242271,-0.645));
#8905=VECTOR('',#10874,0.8696152422706);
#8906=CARTESIAN_POINT('',(2.85,-6.995,-0.3936304929239));
#8907=CARTESIAN_POINT('',(2.85,-6.995,-0.3936304929239));
#8908=VECTOR('',#10875,0.502739014152183);
#8909=CARTESIAN_POINT('',(2.85,-7.12,-0.1771241419778));
#8910=AXIS2_PLACEMENT_3D('',#10876,#10877,#10878);
#8911=CARTESIAN_POINT('',(2.85,-7.12,0.8871241419778));
#8912=CARTESIAN_POINT('',(2.85,-7.12,0.8871241419778));
#8913=VECTOR('',#10879,1.064248283956);
#8914=CARTESIAN_POINT('',(2.85,-6.995,1.103630492924));
#8915=AXIS2_PLACEMENT_3D('',#10880,#10881,#10882);
#8916=CARTESIAN_POINT('',(2.85,-6.995,1.103630492924));
#8917=VECTOR('',#10883,0.502739014152183);
#8918=CARTESIAN_POINT('',(3.680662386292,-6.04,1.355));
#8920=CARTESIAN_POINT('',(3.68066238629193,-6.03999999999994,1.355));
#8921=CARTESIAN_POINT('',(3.21115755925735,-6.55961524227074,1.355));
#8922=CARTESIAN_POINT('',(2.85,-6.55961524227074,1.355));
#8929=CARTESIAN_POINT('',(3.680662386292,-5.69,1.355));
#8930=CARTESIAN_POINT('',(3.680662386292,-5.69,1.355));
#8931=VECTOR('',#10884,0.35);
#8932=CARTESIAN_POINT('',(3.680662386292,-5.69,1.355));
#8933=VECTOR('',#10885,0.8306623862918);
#8934=CARTESIAN_POINT('',(-2.85,-6.559615242271,1.355));
#8935=CARTESIAN_POINT('',(-2.85,-5.69,1.355));
#8936=CARTESIAN_POINT('',(-2.85,-6.559615242271,1.355));
#8937=VECTOR('',#10886,0.8696152422706);
#8938=CARTESIAN_POINT('',(-3.680662386292,-5.69,1.355));
#8939=CARTESIAN_POINT('',(-3.680662386292,-5.69,1.355));
#8940=VECTOR('',#10887,0.8306623862918);
#8941=CARTESIAN_POINT('',(-3.680662386292,-6.04,1.355));
#8942=CARTESIAN_POINT('',(-3.680662386292,-6.04,1.355));
#8943=VECTOR('',#10888,0.35);
#8945=CARTESIAN_POINT('',(-3.68066238629571,-6.03999999999577,1.355));
#8946=CARTESIAN_POINT('',(-3.21115755925861,-6.55961524227074,1.355));
#8947=CARTESIAN_POINT('',(-2.85,-6.55961524227074,1.355));
#8954=CARTESIAN_POINT('',(3.680662386292,-5.69,-0.645));
#8955=AXIS2_PLACEMENT_3D('',#10889,#10890,#10891);
#8956=CARTESIAN_POINT('',(3.680662386292,-5.69,-0.645));
#8957=VECTOR('',#10892,0.8306623862918);
#8958=AXIS2_PLACEMENT_3D('',#10893,#10894,#10895);
#8959=CARTESIAN_POINT('',(3.85,-3.94,0.355));
#8960=AXIS2_PLACEMENT_3D('',#10896,#10897,#10898);
#8961=AXIS2_PLACEMENT_3D('',#10899,#10900,#10901);
#8962=CARTESIAN_POINT('',(3.85,-3.94,-3.655));
#8963=CARTESIAN_POINT('',(2.85,-3.94,-3.655));
#8964=VECTOR('',#10902,1.0);
#8965=CARTESIAN_POINT('',(3.85,-3.94,-3.655));
#8966=VECTOR('',#10903,4.01);
#8967=CARTESIAN_POINT('',(3.85,-3.94,3.545));
#8968=CARTESIAN_POINT('',(3.85,-3.94,0.355));
#8969=VECTOR('',#10904,3.19);
#8970=CARTESIAN_POINT('',(3.85,-3.94,3.545));
#8971=VECTOR('',#10905,1.0);
#8972=CARTESIAN_POINT('',(3.85,-3.43,-3.655));
#8973=VECTOR('',#10906,0.51);
#8974=CARTESIAN_POINT('',(3.85,-3.43,3.545));
#8975=VECTOR('',#10907,0.51);
#8976=CARTESIAN_POINT('',(3.680662386292,-6.04,-0.645));
#8977=CARTESIAN_POINT('',(3.680662386292,-5.69,-0.645));
#8978=VECTOR('',#10908,0.35);
#8980=CARTESIAN_POINT('',(2.85,-6.55961524227074,-0.645));
#8981=CARTESIAN_POINT('',(3.21115755925861,-6.55961524227074,-0.645));
#8982=CARTESIAN_POINT('',(3.68066238629571,-6.03999999999577,-0.645));
#8989=CARTESIAN_POINT('',(-2.85,-6.559615242271,-0.645));
#8990=CARTESIAN_POINT('',(-2.85,-5.69,-0.645));
#8991=CARTESIAN_POINT('',(-2.85,-6.559615242271,-0.645));
#8992=VECTOR('',#10909,0.8696152422706);
#8993=CARTESIAN_POINT('',(-3.680662386292,-6.04,-0.645));
#8995=CARTESIAN_POINT('',(-2.85,-6.55961524227074,-0.645));
#8996=CARTESIAN_POINT('',(-3.21115755925735,-6.55961524227074,-0.645));
#8997=CARTESIAN_POINT('',(-3.68066238629193,-6.03999999999994,-0.645));
#9004=CARTESIAN_POINT('',(-3.680662386292,-5.69,-0.645));
#9005=CARTESIAN_POINT('',(-3.680662386292,-6.04,-0.645));
#9006=VECTOR('',#10910,0.35);
#9007=CARTESIAN_POINT('',(-3.680662386292,-5.69,-0.645));
#9008=VECTOR('',#10911,0.8306623862918);
#9009=AXIS2_PLACEMENT_3D('',#10912,#10913,#10914);
#9010=AXIS2_PLACEMENT_3D('',#10915,#10916,#10917);
#9011=AXIS2_PLACEMENT_3D('',#10918,#10919,#10920);
#9012=CARTESIAN_POINT('',(-2.85,-6.995,1.103630492924));
#9013=CARTESIAN_POINT('',(-2.85,-6.995,1.103630492924));
#9014=VECTOR('',#10921,0.502739014152183);
#9015=CARTESIAN_POINT('',(-2.85,-7.12,0.8871241419778));
#9016=AXIS2_PLACEMENT_3D('',#10922,#10923,#10924);
#9017=CARTESIAN_POINT('',(-2.85,-7.12,-0.1771241419778));
#9018=CARTESIAN_POINT('',(-2.85,-7.12,0.8871241419778));
#9019=VECTOR('',#10925,1.064248283956);
#9020=CARTESIAN_POINT('',(-2.85,-6.995,-0.3936304929239));
#9021=AXIS2_PLACEMENT_3D('',#10926,#10927,#10928);
#9022=CARTESIAN_POINT('',(-2.85,-6.995,-0.3936304929239));
#9023=VECTOR('',#10929,0.502739014152183);
#9024=CARTESIAN_POINT('',(-2.85,-3.94,-0.645));
#9025=CARTESIAN_POINT('',(-2.85,-5.69,-0.645));
#9026=VECTOR('',#10930,1.75);
#9027=CARTESIAN_POINT('',(-2.85,-3.94,-3.655));
#9028=CARTESIAN_POINT('',(-2.85,-3.94,-0.645));
#9029=VECTOR('',#10931,3.01);
#9030=CARTESIAN_POINT('',(-2.85,-3.43,-3.655));
#9031=VECTOR('',#10932,0.51);
#9032=CARTESIAN_POINT('',(-2.85,-3.94,3.545));
#9033=CARTESIAN_POINT('',(-2.85,-3.43,3.545));
#9034=VECTOR('',#10933,0.51);
#9035=CARTESIAN_POINT('',(-2.85,-3.94,1.355));
#9036=CARTESIAN_POINT('',(-2.85,-3.94,3.545));
#9037=VECTOR('',#10934,2.19);
#9038=CARTESIAN_POINT('',(-2.85,-5.69,1.355));
#9039=VECTOR('',#10935,1.75);
#9040=AXIS2_PLACEMENT_3D('',#10936,#10937,#10938);
#9041=CARTESIAN_POINT('',(-3.85,-3.94,0.355));
#9042=AXIS2_PLACEMENT_3D('',#10939,#10940,#10941);
#9043=AXIS2_PLACEMENT_3D('',#10942,#10943,#10944);
#9044=AXIS2_PLACEMENT_3D('',#10945,#10946,#10947);
#9045=AXIS2_PLACEMENT_3D('',#10948,#10949,#10950);
#9046=AXIS2_PLACEMENT_3D('',#10951,#10952,#10953);
#9047=AXIS2_PLACEMENT_3D('',#10954,#10955,#10956);
#9048=CARTESIAN_POINT('',(-3.85,-3.94,3.545));
#9049=CARTESIAN_POINT('',(-3.85,-3.94,3.545));
#9050=VECTOR('',#10957,1.0);
#9051=CARTESIAN_POINT('',(-3.85,-3.94,0.355));
#9052=VECTOR('',#10958,3.19);
#9053=CARTESIAN_POINT('',(-3.85,-3.94,-3.655));
#9054=CARTESIAN_POINT('',(-3.85,-3.94,-3.655));
#9055=VECTOR('',#10959,4.01);
#9056=CARTESIAN_POINT('',(-2.85,-3.94,-3.655));
#9057=VECTOR('',#10960,1.0);
#9058=CARTESIAN_POINT('',(-3.85,-3.43,-3.655));
#9059=VECTOR('',#10961,0.51);
#9060=CARTESIAN_POINT('',(-3.85,-3.43,3.545));
#9061=VECTOR('',#10962,0.51);
#9062=CARTESIAN_POINT('',(-1.18,-0.32,-4.955));
#9063=CARTESIAN_POINT('',(-1.18,-0.32,-4.285));
#9064=VECTOR('',#10963,0.67);
#9065=CARTESIAN_POINT('',(-1.18,0.32,-4.955));
#9066=CARTESIAN_POINT('',(-1.18,-0.32,-4.955));
#9067=VECTOR('',#10964,0.64);
#9068=CARTESIAN_POINT('',(-1.18,0.32,-4.955));
#9069=VECTOR('',#10965,0.67);
#9070=CARTESIAN_POINT('',(-1.18,1.82,1.555));
#9071=CARTESIAN_POINT('',(-1.18,1.18,1.555));
#9072=CARTESIAN_POINT('',(-1.18,1.82,1.555));
#9073=VECTOR('',#10966,0.64);
#9074=CARTESIAN_POINT('',(-1.18,1.18,-1.645));
#9075=CARTESIAN_POINT('',(-1.18,1.18,1.555));
#9076=VECTOR('',#10967,3.2);
#9077=CARTESIAN_POINT('',(-1.18,1.82,-1.645));
#9078=CARTESIAN_POINT('',(-1.18,1.18,-1.645));
#9079=VECTOR('',#10968,0.64);
#9080=CARTESIAN_POINT('',(-1.18,1.82,-1.645));
#9081=VECTOR('',#10969,3.2);
#9082=CARTESIAN_POINT('',(-1.18,-1.18,1.555));
#9083=CARTESIAN_POINT('',(-1.18,-1.82,1.555));
#9084=CARTESIAN_POINT('',(-1.18,-1.18,1.555));
#9085=VECTOR('',#10970,0.64);
#9086=CARTESIAN_POINT('',(-1.18,-1.82,-1.645));
#9087=CARTESIAN_POINT('',(-1.18,-1.82,1.555));
#9088=VECTOR('',#10971,3.2);
#9089=CARTESIAN_POINT('',(-1.18,-1.18,-1.645));
#9090=CARTESIAN_POINT('',(-1.18,-1.82,-1.645));
#9091=VECTOR('',#10972,0.64);
#9092=CARTESIAN_POINT('',(-1.18,-1.18,-1.645));
#9093=VECTOR('',#10973,3.2);
#9094=CARTESIAN_POINT('',(-1.18,-6.12,-6.645));
#9095=CARTESIAN_POINT('',(-1.18,-6.12,-7.285));
#9096=CARTESIAN_POINT('',(-1.18,-6.12,-6.645));
#9097=VECTOR('',#10974,0.64);
#9098=CARTESIAN_POINT('',(-1.18,1.589,-7.285));
#9099=CARTESIAN_POINT('',(-1.18,-6.12,-7.285));
#9100=VECTOR('',#10975,7.709);
#9101=CARTESIAN_POINT('',(-1.18,1.589,-7.285));
#9102=VECTOR('',#10976,3.0);
#9103=CARTESIAN_POINT('',(-1.18,0.949,-6.645));
#9104=CARTESIAN_POINT('',(-1.18,0.949,-4.285));
#9105=VECTOR('',#10977,2.36);
#9106=CARTESIAN_POINT('',(-1.18,0.949,-6.645));
#9107=VECTOR('',#10978,7.069);
#9108=CARTESIAN_POINT('',(-1.18,-6.12,-3.655));
#9109=CARTESIAN_POINT('',(-1.18,-6.12,-3.655));
#9110=VECTOR('',#10979,2.69);
#9111=CARTESIAN_POINT('',(-1.18,-6.12,-3.655));
#9112=VECTOR('',#10980,0.63);
#9113=CARTESIAN_POINT('',(-1.82,0.32,-4.955));
#9114=CARTESIAN_POINT('',(-1.18,0.32,-4.955));
#9115=VECTOR('',#10981,0.64);
#9116=CARTESIAN_POINT('',(-1.82,0.32,-4.955));
#9117=VECTOR('',#10982,0.67);
#9118=CARTESIAN_POINT('',(-1.82,0.32,-3.655));
#9119=CARTESIAN_POINT('',(-1.82,0.32,-4.285));
#9120=VECTOR('',#10983,0.63);
#9121=CARTESIAN_POINT('',(-1.18,0.32,-3.655));
#9122=CARTESIAN_POINT('',(-1.82,0.32,-3.655));
#9123=VECTOR('',#10984,0.64);
#9124=CARTESIAN_POINT('',(-1.18,0.32,-3.655));
#9125=VECTOR('',#10985,0.63);
#9126=CARTESIAN_POINT('',(-1.18,-1.18,-3.655));
#9127=CARTESIAN_POINT('',(-1.18,-1.18,-3.655));
#9128=VECTOR('',#10986,0.63);
#9129=CARTESIAN_POINT('',(-1.18,-0.32,-3.655));
#9130=CARTESIAN_POINT('',(-1.18,-0.32,-3.655));
#9131=VECTOR('',#10987,0.86);
#9132=CARTESIAN_POINT('',(-1.18,-0.32,-3.655));
#9133=VECTOR('',#10988,0.63);
#9134=CARTESIAN_POINT('',(-1.18,3.175,-3.655));
#9135=CARTESIAN_POINT('',(-1.18,1.589,-3.655));
#9136=CARTESIAN_POINT('',(-1.18,3.175,-3.655));
#9137=VECTOR('',#10989,1.586);
#9138=CARTESIAN_POINT('',(-1.18,3.175,-4.955));
#9139=VECTOR('',#10990,1.3);
#9140=CARTESIAN_POINT('',(-1.18,1.6,-4.285));
#9141=VECTOR('',#10991,0.67);
#9142=CARTESIAN_POINT('',(-1.18,1.589,-3.655));
#9143=VECTOR('',#10992,0.63);
#9144=CARTESIAN_POINT('',(-1.18,0.949,-3.655));
#9145=CARTESIAN_POINT('',(-1.18,0.949,-3.655));
#9146=VECTOR('',#10993,0.629);
#9147=CARTESIAN_POINT('',(-1.18,0.949,-3.655));
#9148=VECTOR('',#10994,0.63);
#9149=CARTESIAN_POINT('',(-1.82,-0.32,-3.655));
#9150=CARTESIAN_POINT('',(-1.82,-0.32,-3.655));
#9151=VECTOR('',#10995,0.64);
#9152=CARTESIAN_POINT('',(-1.82,-0.32,-4.285));
#9153=VECTOR('',#10996,0.63);
#9154=CARTESIAN_POINT('',(-1.82,-0.32,-4.955));
#9155=CARTESIAN_POINT('',(-1.82,-0.32,-4.285));
#9156=VECTOR('',#10997,0.67);
#9157=CARTESIAN_POINT('',(-1.18,-0.32,-4.955));
#9158=VECTOR('',#10998,0.64);
#9159=CARTESIAN_POINT('',(-1.82,-0.32,-4.955));
#9160=VECTOR('',#10999,0.64);
#9161=CARTESIAN_POINT('',(-1.82,1.18,1.555));
#9162=CARTESIAN_POINT('',(-1.82,1.82,1.555));
#9163=CARTESIAN_POINT('',(-1.82,1.18,1.555));
#9164=VECTOR('',#11000,0.64);
#9165=CARTESIAN_POINT('',(-1.82,1.82,-1.645));
#9166=CARTESIAN_POINT('',(-1.82,1.82,-1.645));
#9167=VECTOR('',#11001,3.2);
#9168=CARTESIAN_POINT('',(-1.82,1.18,-1.645));
#9169=CARTESIAN_POINT('',(-1.82,1.18,-1.645));
#9170=VECTOR('',#11002,0.64);
#9171=CARTESIAN_POINT('',(-1.82,1.18,1.555));
#9172=VECTOR('',#11003,3.2);
#9173=CARTESIAN_POINT('',(-1.82,-1.82,1.555));
#9174=CARTESIAN_POINT('',(-1.82,-1.18,1.555));
#9175=CARTESIAN_POINT('',(-1.82,-1.82,1.555));
#9176=VECTOR('',#11004,0.64);
#9177=CARTESIAN_POINT('',(-1.82,-1.18,-1.645));
#9178=CARTESIAN_POINT('',(-1.82,-1.18,-1.645));
#9179=VECTOR('',#11005,3.2);
#9180=CARTESIAN_POINT('',(-1.82,-1.82,-1.645));
#9181=CARTESIAN_POINT('',(-1.82,-1.82,-1.645));
#9182=VECTOR('',#11006,0.64);
#9183=CARTESIAN_POINT('',(-1.82,-1.82,1.555));
#9184=VECTOR('',#11007,3.2);
#9185=CARTESIAN_POINT('',(-1.82,-6.12,-7.285));
#9186=CARTESIAN_POINT('',(-1.82,-6.12,-6.645));
#9187=CARTESIAN_POINT('',(-1.82,-6.12,-7.285));
#9188=VECTOR('',#11008,0.64);
#9189=CARTESIAN_POINT('',(-1.82,0.949,-6.645));
#9190=CARTESIAN_POINT('',(-1.82,0.949,-6.645));
#9191=VECTOR('',#11009,7.069);
#9192=CARTESIAN_POINT('',(-1.82,0.949,-4.285));
#9193=VECTOR('',#11010,2.36);
#9194=CARTESIAN_POINT('',(-1.82,1.589,-7.285));
#9195=CARTESIAN_POINT('',(-1.82,1.589,-7.285));
#9196=VECTOR('',#11011,3.0);
#9197=CARTESIAN_POINT('',(-1.82,-6.12,-7.285));
#9198=VECTOR('',#11012,7.709);
#9199=CARTESIAN_POINT('',(-1.82,-6.12,-3.655));
#9200=CARTESIAN_POINT('',(-1.82,-6.12,-3.655));
#9201=VECTOR('',#11013,2.69);
#9202=CARTESIAN_POINT('',(-1.82,-6.12,-4.285));
#9203=VECTOR('',#11014,0.63);
#9204=CARTESIAN_POINT('',(-1.64,1.36,2.555));
#9205=CARTESIAN_POINT('',(-1.64,1.36,2.555));
#9206=VECTOR('',#11015,1.03189146716103);
#9207=CARTESIAN_POINT('',(-1.64,1.64,2.555));
#9208=CARTESIAN_POINT('',(-1.64,1.36,2.555));
#9209=VECTOR('',#11016,0.28);
#9210=CARTESIAN_POINT('',(-1.82,1.82,1.555));
#9211=VECTOR('',#11017,1.03189146716103);
#9212=CARTESIAN_POINT('',(-1.36,1.64,2.555));
#9213=CARTESIAN_POINT('',(-1.36,1.64,2.555));
#9214=VECTOR('',#11018,1.03189146716103);
#9215=CARTESIAN_POINT('',(-1.18,1.82,1.555));
#9216=VECTOR('',#11019,0.64);
#9217=CARTESIAN_POINT('',(-1.36,1.64,2.555));
#9218=VECTOR('',#11020,0.28);
#9219=CARTESIAN_POINT('',(-1.36,1.36,2.555));
#9220=CARTESIAN_POINT('',(-1.36,1.64,2.555));
#9221=VECTOR('',#11021,0.28);
#9222=CARTESIAN_POINT('',(-1.18,1.18,1.555));
#9223=VECTOR('',#11022,1.03189146716103);
#9224=CARTESIAN_POINT('',(-1.36,1.36,2.555));
#9225=VECTOR('',#11023,0.28);
#9226=CARTESIAN_POINT('',(-1.18,1.18,1.555));
#9227=VECTOR('',#11024,0.64);
#9228=CARTESIAN_POINT('',(-1.82,1.18,-1.645));
#9229=VECTOR('',#11025,0.64);
#9230=CARTESIAN_POINT('',(3.23,2.77,-1.645));
#9231=CARTESIAN_POINT('',(3.23,0.93,-1.645));
#9232=CARTESIAN_POINT('',(3.23,2.77,-1.645));
#9233=VECTOR('',#11026,1.84);
#9234=CARTESIAN_POINT('',(3.93,0.23,-1.645));
#9235=CARTESIAN_POINT('',(3.23,0.93,-1.645));
#9236=VECTOR('',#11027,0.989949493661133);
#9237=CARTESIAN_POINT('',(5.77,0.23,-1.645));
#9238=CARTESIAN_POINT('',(3.93,0.23,-1.645));
#9239=VECTOR('',#11028,1.84);
#9240=CARTESIAN_POINT('',(5.77,2.77,-1.645));
#9241=CARTESIAN_POINT('',(5.77,0.23,-1.645));
#9242=VECTOR('',#11029,2.54);
#9243=CARTESIAN_POINT('',(5.77,2.77,-1.645));
#9244=VECTOR('',#11030,2.54);
#9245=CARTESIAN_POINT('',(4.82,1.18,-1.645));
#9246=CARTESIAN_POINT('',(4.82,1.82,-1.645));
#9247=CARTESIAN_POINT('',(4.82,1.18,-1.645));
#9248=VECTOR('',#11031,0.64);
#9249=CARTESIAN_POINT('',(4.18,1.18,-1.645));
#9250=CARTESIAN_POINT('',(4.18,1.18,-1.645));
#9251=VECTOR('',#11032,0.64);
#9252=CARTESIAN_POINT('',(4.18,1.82,-1.645));
#9253=CARTESIAN_POINT('',(4.18,1.18,-1.645));
#9254=VECTOR('',#11033,0.64);
#9255=CARTESIAN_POINT('',(4.18,1.82,-1.645));
#9256=VECTOR('',#11034,0.64);
#9257=CARTESIAN_POINT('',(5.77,-0.23,-1.645));
#9258=CARTESIAN_POINT('',(3.23,-0.23,-1.645));
#9259=CARTESIAN_POINT('',(5.77,-0.23,-1.645));
#9260=VECTOR('',#11035,2.54);
#9261=CARTESIAN_POINT('',(3.23,-2.07,-1.645));
#9262=CARTESIAN_POINT('',(3.23,-0.23,-1.645));
#9263=VECTOR('',#11036,1.84);
#9264=CARTESIAN_POINT('',(3.93,-2.77,-1.645));
#9265=CARTESIAN_POINT('',(3.23,-2.07,-1.645));
#9266=VECTOR('',#11037,0.989949493661133);
#9267=CARTESIAN_POINT('',(5.77,-2.77,-1.645));
#9268=CARTESIAN_POINT('',(3.93,-2.77,-1.645));
#9269=VECTOR('',#11038,1.84);
#9270=CARTESIAN_POINT('',(5.77,-2.77,-1.645));
#9271=VECTOR('',#11039,2.54);
#9272=CARTESIAN_POINT('',(4.82,-1.82,-1.645));
#9273=CARTESIAN_POINT('',(4.82,-1.18,-1.645));
#9274=CARTESIAN_POINT('',(4.82,-1.82,-1.645));
#9275=VECTOR('',#11040,0.64);
#9276=CARTESIAN_POINT('',(4.18,-1.82,-1.645));
#9277=CARTESIAN_POINT('',(4.18,-1.82,-1.645));
#9278=VECTOR('',#11041,0.64);
#9279=CARTESIAN_POINT('',(4.18,-1.18,-1.645));
#9280=CARTESIAN_POINT('',(4.18,-1.82,-1.645));
#9281=VECTOR('',#11042,0.64);
#9282=CARTESIAN_POINT('',(4.18,-1.18,-1.645));
#9283=VECTOR('',#11043,0.64);
#9284=CARTESIAN_POINT('',(0.23,-0.23,-1.645));
#9285=CARTESIAN_POINT('',(0.23,-2.77,-1.645));
#9286=CARTESIAN_POINT('',(0.23,-0.23,-1.645));
#9287=VECTOR('',#11044,2.54);
#9288=CARTESIAN_POINT('',(2.07,-2.77,-1.645));
#9289=CARTESIAN_POINT('',(0.23,-2.77,-1.645));
#9290=VECTOR('',#11045,1.84);
#9291=CARTESIAN_POINT('',(2.77,-2.07,-1.645));
#9292=CARTESIAN_POINT('',(2.07,-2.77,-1.645));
#9293=VECTOR('',#11046,0.989949493661133);
#9294=CARTESIAN_POINT('',(2.77,-0.23,-1.645));
#9295=CARTESIAN_POINT('',(2.77,-2.07,-1.645));
#9296=VECTOR('',#11047,1.84);
#9297=CARTESIAN_POINT('',(2.77,-0.23,-1.645));
#9298=VECTOR('',#11048,2.54);
#9299=CARTESIAN_POINT('',(1.82,-1.82,-1.645));
#9300=CARTESIAN_POINT('',(1.82,-1.18,-1.645));
#9301=CARTESIAN_POINT('',(1.82,-1.82,-1.645));
#9302=VECTOR('',#11049,0.64);
#9303=CARTESIAN_POINT('',(1.18,-1.82,-1.645));
#9304=CARTESIAN_POINT('',(1.18,-1.82,-1.645));
#9305=VECTOR('',#11050,0.64);
#9306=CARTESIAN_POINT('',(1.18,-1.18,-1.645));
#9307=CARTESIAN_POINT('',(1.18,-1.82,-1.645));
#9308=VECTOR('',#11051,0.64);
#9309=CARTESIAN_POINT('',(1.18,-1.18,-1.645));
#9310=VECTOR('',#11052,0.64);
#9311=CARTESIAN_POINT('',(0.23,0.23,-1.645));
#9312=CARTESIAN_POINT('',(2.07,0.23,-1.645));
#9313=CARTESIAN_POINT('',(0.23,0.23,-1.645));
#9314=VECTOR('',#11053,1.84);
#9315=CARTESIAN_POINT('',(2.77,0.93,-1.645));
#9316=CARTESIAN_POINT('',(2.07,0.23,-1.645));
#9317=VECTOR('',#11054,0.989949493661133);
#9318=CARTESIAN_POINT('',(2.77,2.77,-1.645));
#9319=CARTESIAN_POINT('',(2.77,0.93,-1.645));
#9320=VECTOR('',#11055,1.84);
#9321=CARTESIAN_POINT('',(0.23,2.77,-1.645));
#9322=CARTESIAN_POINT('',(2.77,2.77,-1.645));
#9323=VECTOR('',#11056,2.54);
#9324=CARTESIAN_POINT('',(0.23,2.77,-1.645));
#9325=VECTOR('',#11057,2.54);
#9326=CARTESIAN_POINT('',(1.82,1.18,-1.645));
#9327=CARTESIAN_POINT('',(1.82,1.82,-1.645));
#9328=CARTESIAN_POINT('',(1.82,1.18,-1.645));
#9329=VECTOR('',#11058,0.64);
#9330=CARTESIAN_POINT('',(1.18,1.18,-1.645));
#9331=CARTESIAN_POINT('',(1.18,1.18,-1.645));
#9332=VECTOR('',#11059,0.64);
#9333=CARTESIAN_POINT('',(1.18,1.82,-1.645));
#9334=CARTESIAN_POINT('',(1.18,1.18,-1.645));
#9335=VECTOR('',#11060,0.64);
#9336=CARTESIAN_POINT('',(1.18,1.82,-1.645));
#9337=VECTOR('',#11061,0.64);
#9338=CARTESIAN_POINT('',(-2.07,0.23,-1.645));
#9339=CARTESIAN_POINT('',(-0.2299999999999,0.23,-1.645));
#9340=CARTESIAN_POINT('',(-2.07,0.23,-1.645));
#9341=VECTOR('',#11062,1.84);
#9342=CARTESIAN_POINT('',(-0.2299999999999,2.77,-1.645));
#9343=CARTESIAN_POINT('',(-0.2299999999999,0.23,-1.645));
#9344=VECTOR('',#11063,2.54);
#9345=CARTESIAN_POINT('',(-2.77,2.77,-1.645));
#9346=CARTESIAN_POINT('',(-0.2299999999999,2.77,-1.645));
#9347=VECTOR('',#11064,2.54);
#9348=CARTESIAN_POINT('',(-2.77,0.93,-1.645));
#9349=CARTESIAN_POINT('',(-2.77,2.77,-1.645));
#9350=VECTOR('',#11065,1.84);
#9351=CARTESIAN_POINT('',(-2.77,0.93,-1.645));
#9352=VECTOR('',#11066,0.989949493661133);
#9353=CARTESIAN_POINT('',(-1.82,1.82,-1.645));
#9354=VECTOR('',#11067,0.64);
#9355=CARTESIAN_POINT('',(-0.2299999999999,-0.23,-1.645));
#9356=CARTESIAN_POINT('',(-2.77,-0.23,-1.645));
#9357=CARTESIAN_POINT('',(-0.2299999999999,-0.23,-1.645));
#9358=VECTOR('',#11068,2.54);
#9359=CARTESIAN_POINT('',(-2.77,-2.07,-1.645));
#9360=CARTESIAN_POINT('',(-2.77,-0.23,-1.645));
#9361=VECTOR('',#11069,1.84);
#9362=CARTESIAN_POINT('',(-2.07,-2.77,-1.645));
#9363=CARTESIAN_POINT('',(-2.77,-2.07,-1.645));
#9364=VECTOR('',#11070,0.989949493661133);
#9365=CARTESIAN_POINT('',(-0.2299999999999,-2.77,-1.645));
#9366=CARTESIAN_POINT('',(-2.07,-2.77,-1.645));
#9367=VECTOR('',#11071,1.84);
#9368=CARTESIAN_POINT('',(-0.2299999999999,-2.77,-1.645));
#9369=VECTOR('',#11072,2.54);
#9370=CARTESIAN_POINT('',(-1.82,-1.82,-1.645));
#9371=VECTOR('',#11073,0.64);
#9372=CARTESIAN_POINT('',(-1.82,-1.18,-1.645));
#9373=VECTOR('',#11074,0.64);
#9374=CARTESIAN_POINT('',(-5.77,-2.77,-1.645));
#9375=CARTESIAN_POINT('',(-3.93,-2.77,-1.645));
#9376=CARTESIAN_POINT('',(-5.77,-2.77,-1.645));
#9377=VECTOR('',#11075,1.84);
#9378=CARTESIAN_POINT('',(-3.23,-2.07,-1.645));
#9379=CARTESIAN_POINT('',(-3.93,-2.77,-1.645));
#9380=VECTOR('',#11076,0.989949493661133);
#9381=CARTESIAN_POINT('',(-3.23,-0.23,-1.645));
#9382=CARTESIAN_POINT('',(-3.23,-2.07,-1.645));
#9383=VECTOR('',#11077,1.84);
#9384=CARTESIAN_POINT('',(-5.77,-0.23,-1.645));
#9385=CARTESIAN_POINT('',(-3.23,-0.23,-1.645));
#9386=VECTOR('',#11078,2.54);
#9387=CARTESIAN_POINT('',(-5.77,-0.23,-1.645));
#9388=VECTOR('',#11079,2.54);
#9389=CARTESIAN_POINT('',(-4.82,-1.82,-1.645));
#9390=CARTESIAN_POINT('',(-4.82,-1.82,-1.645));
#9391=VECTOR('',#11080,0.64);
#9392=CARTESIAN_POINT('',(-4.82,-1.18,-1.645));
#9393=CARTESIAN_POINT('',(-4.82,-1.82,-1.645));
#9394=VECTOR('',#11081,0.64);
#9395=CARTESIAN_POINT('',(-4.82,-1.18,-1.645));
#9396=VECTOR('',#11082,0.64);
#9397=CARTESIAN_POINT('',(-5.77,0.23,-1.645));
#9398=CARTESIAN_POINT('',(-3.23,0.23,-1.645));
#9399=CARTESIAN_POINT('',(-5.77,0.23,-1.645));
#9400=VECTOR('',#11083,2.54);
#9401=CARTESIAN_POINT('',(-3.23,2.77,-1.645));
#9402=CARTESIAN_POINT('',(-3.23,0.23,-1.645));
#9403=VECTOR('',#11084,2.54);
#9404=CARTESIAN_POINT('',(-5.77,2.77,-1.645));
#9405=CARTESIAN_POINT('',(-3.23,2.77,-1.645));
#9406=VECTOR('',#11085,2.54);
#9407=CARTESIAN_POINT('',(-5.77,2.77,-1.645));
#9408=VECTOR('',#11086,2.54);
#9409=CARTESIAN_POINT('',(-4.82,1.18,-1.645));
#9410=CARTESIAN_POINT('',(-4.82,1.18,-1.645));
#9411=VECTOR('',#11087,0.64);
#9412=CARTESIAN_POINT('',(-4.82,1.82,-1.645));
#9413=CARTESIAN_POINT('',(-4.82,1.18,-1.645));
#9414=VECTOR('',#11088,0.64);
#9415=CARTESIAN_POINT('',(-4.82,1.82,-1.645));
#9416=VECTOR('',#11089,0.64);
#9417=CARTESIAN_POINT('',(3.23,2.77,4.955));
#9418=CARTESIAN_POINT('',(3.23,0.93,4.955));
#9419=CARTESIAN_POINT('',(3.23,2.77,4.955));
#9420=VECTOR('',#11090,1.84);
#9421=CARTESIAN_POINT('',(3.23,0.93,4.955));
#9422=VECTOR('',#11091,6.6);
#9423=CARTESIAN_POINT('',(3.23,2.77,4.955));
#9424=VECTOR('',#11092,6.6);
#9425=CARTESIAN_POINT('',(3.93,0.23,4.955));
#9426=CARTESIAN_POINT('',(3.23,0.93,4.955));
#9427=VECTOR('',#11093,0.989949493661133);
#9428=CARTESIAN_POINT('',(5.77,2.77,4.955));
#9429=CARTESIAN_POINT('',(5.77,2.77,4.955));
#9430=VECTOR('',#11094,2.54);
#9431=CARTESIAN_POINT('',(5.77,0.23,4.955));
#9432=CARTESIAN_POINT('',(5.77,0.23,4.955));
#9433=VECTOR('',#11095,2.54);
#9434=CARTESIAN_POINT('',(3.93,0.23,4.955));
#9435=VECTOR('',#11096,1.84);
#9436=CARTESIAN_POINT('',(5.77,-0.23,4.955));
#9437=CARTESIAN_POINT('',(3.23,-0.23,4.955));
#9438=CARTESIAN_POINT('',(5.77,-0.23,4.955));
#9439=VECTOR('',#11097,2.54);
#9440=CARTESIAN_POINT('',(5.77,-2.77,4.955));
#9441=CARTESIAN_POINT('',(5.77,-2.77,4.955));
#9442=VECTOR('',#11098,2.54);
#9443=CARTESIAN_POINT('',(3.93,-2.77,4.955));
#9444=CARTESIAN_POINT('',(3.93,-2.77,4.955));
#9445=VECTOR('',#11099,1.84);
#9446=CARTESIAN_POINT('',(3.23,-2.07,4.955));
#9447=CARTESIAN_POINT('',(3.23,-2.07,4.955));
#9448=VECTOR('',#11100,0.989949493661133);
#9449=CARTESIAN_POINT('',(3.23,-0.23,4.955));
#9450=VECTOR('',#11101,1.84);
#9451=CARTESIAN_POINT('',(-5.77,-2.77,4.955));
#9452=CARTESIAN_POINT('',(-3.93,-2.77,4.955));
#9453=CARTESIAN_POINT('',(-5.77,-2.77,4.955));
#9454=VECTOR('',#11102,1.84);
#9455=CARTESIAN_POINT('',(-5.77,-0.23,4.955));
#9456=CARTESIAN_POINT('',(-5.77,-0.23,4.955));
#9457=VECTOR('',#11103,2.54);
#9458=CARTESIAN_POINT('',(-3.23,-0.23,4.955));
#9459=CARTESIAN_POINT('',(-3.23,-0.23,4.955));
#9460=VECTOR('',#11104,2.54);
#9461=CARTESIAN_POINT('',(-3.23,-2.07,4.955));
#9462=CARTESIAN_POINT('',(-3.23,-2.07,4.955));
#9463=VECTOR('',#11105,1.84);
#9464=CARTESIAN_POINT('',(-3.93,-2.77,4.955));
#9465=VECTOR('',#11106,0.989949493661133);
#9466=CARTESIAN_POINT('',(-5.77,0.23,4.955));
#9467=CARTESIAN_POINT('',(-3.23,0.23,4.955));
#9468=CARTESIAN_POINT('',(-5.77,0.23,4.955));
#9469=VECTOR('',#11107,2.54);
#9470=CARTESIAN_POINT('',(-5.77,2.77,4.955));
#9471=CARTESIAN_POINT('',(-5.77,2.77,4.955));
#9472=VECTOR('',#11108,2.54);
#9473=CARTESIAN_POINT('',(-3.23,2.77,4.955));
#9474=CARTESIAN_POINT('',(-3.23,2.77,4.955));
#9475=VECTOR('',#11109,2.54);
#9476=CARTESIAN_POINT('',(-3.23,0.23,4.955));
#9477=VECTOR('',#11110,2.54);
#9478=CARTESIAN_POINT('',(0.23,-0.23,4.955));
#9479=CARTESIAN_POINT('',(0.23,-2.77,4.955));
#9480=CARTESIAN_POINT('',(0.23,-0.23,4.955));
#9481=VECTOR('',#11111,2.54);
#9482=CARTESIAN_POINT('',(2.77,-0.23,4.955));
#9483=CARTESIAN_POINT('',(2.77,-0.23,4.955));
#9484=VECTOR('',#11112,2.54);
#9485=CARTESIAN_POINT('',(2.77,-2.07,4.955));
#9486=CARTESIAN_POINT('',(2.77,-2.07,4.955));
#9487=VECTOR('',#11113,1.84);
#9488=CARTESIAN_POINT('',(2.07,-2.77,4.955));
#9489=CARTESIAN_POINT('',(2.07,-2.77,4.955));
#9490=VECTOR('',#11114,0.989949493661133);
#9491=CARTESIAN_POINT('',(0.23,-2.77,4.955));
#9492=VECTOR('',#11115,1.84);
#9493=CARTESIAN_POINT('',(0.23,0.23,4.955));
#9494=CARTESIAN_POINT('',(2.07,0.23,4.955));
#9495=CARTESIAN_POINT('',(0.23,0.23,4.955));
#9496=VECTOR('',#11116,1.84);
#9497=CARTESIAN_POINT('',(0.23,2.77,4.955));
#9498=CARTESIAN_POINT('',(0.23,2.77,4.955));
#9499=VECTOR('',#11117,2.54);
#9500=CARTESIAN_POINT('',(2.77,2.77,4.955));
#9501=CARTESIAN_POINT('',(2.77,2.77,4.955));
#9502=VECTOR('',#11118,2.54);
#9503=CARTESIAN_POINT('',(2.77,0.93,4.955));
#9504=CARTESIAN_POINT('',(2.77,0.93,4.955));
#9505=VECTOR('',#11119,1.84);
#9506=CARTESIAN_POINT('',(2.07,0.23,4.955));
#9507=VECTOR('',#11120,0.989949493661133);
#9508=CARTESIAN_POINT('',(-2.07,0.23,4.955));
#9509=CARTESIAN_POINT('',(-0.2299999999999,0.23,4.955));
#9510=CARTESIAN_POINT('',(-2.07,0.23,4.955));
#9511=VECTOR('',#11121,1.84);
#9512=CARTESIAN_POINT('',(-2.77,0.93,4.955));
#9513=CARTESIAN_POINT('',(-2.77,0.93,4.955));
#9514=VECTOR('',#11122,0.989949493661133);
#9515=CARTESIAN_POINT('',(-2.77,2.77,4.955));
#9516=CARTESIAN_POINT('',(-2.77,2.77,4.955));
#9517=VECTOR('',#11123,1.84);
#9518=CARTESIAN_POINT('',(-0.2299999999999,2.77,4.955));
#9519=CARTESIAN_POINT('',(-0.2299999999999,2.77,4.955));
#9520=VECTOR('',#11124,2.54);
#9521=CARTESIAN_POINT('',(-0.2299999999999,0.23,4.955));
#9522=VECTOR('',#11125,2.54);
#9523=CARTESIAN_POINT('',(-0.2299999999999,-0.23,4.955));
#9524=CARTESIAN_POINT('',(-2.77,-0.23,4.955));
#9525=CARTESIAN_POINT('',(-0.2299999999999,-0.23,4.955));
#9526=VECTOR('',#11126,2.54);
#9527=CARTESIAN_POINT('',(-0.2299999999999,-2.77,4.955));
#9528=CARTESIAN_POINT('',(-0.2299999999999,-2.77,4.955));
#9529=VECTOR('',#11127,2.54);
#9530=CARTESIAN_POINT('',(-2.07,-2.77,4.955));
#9531=CARTESIAN_POINT('',(-2.07,-2.77,4.955));
#9532=VECTOR('',#11128,1.84);
#9533=CARTESIAN_POINT('',(-2.77,-2.07,4.955));
#9534=CARTESIAN_POINT('',(-2.77,-2.07,4.955));
#9535=VECTOR('',#11129,0.989949493661133);
#9536=CARTESIAN_POINT('',(-2.77,-0.23,4.955));
#9537=VECTOR('',#11130,1.84);
#9538=CARTESIAN_POINT('',(3.93,0.23,4.955));
#9539=VECTOR('',#11131,6.6);
#9540=CARTESIAN_POINT('',(5.77,0.23,4.955));
#9541=VECTOR('',#11132,6.6);
#9542=CARTESIAN_POINT('',(5.77,2.77,4.955));
#9543=VECTOR('',#11133,6.6);
#9544=CARTESIAN_POINT('',(3.23,-0.23,4.955));
#9545=VECTOR('',#11134,6.6);
#9546=CARTESIAN_POINT('',(5.77,-0.23,4.955));
#9547=VECTOR('',#11135,6.6);
#9548=CARTESIAN_POINT('',(5.77,-2.77,4.955));
#9549=VECTOR('',#11136,6.6);
#9550=CARTESIAN_POINT('',(3.93,-2.77,4.955));
#9551=VECTOR('',#11137,6.6);
#9552=CARTESIAN_POINT('',(3.23,-2.07,4.955));
#9553=VECTOR('',#11138,6.6);
#9554=CARTESIAN_POINT('',(-3.93,-2.77,4.955));
#9555=VECTOR('',#11139,6.6);
#9556=CARTESIAN_POINT('',(-5.77,-2.77,4.955));
#9557=VECTOR('',#11140,6.6);
#9558=CARTESIAN_POINT('',(-5.77,-0.23,4.955));
#9559=VECTOR('',#11141,6.6);
#9560=CARTESIAN_POINT('',(-3.23,-0.23,4.955));
#9561=VECTOR('',#11142,6.6);
#9562=CARTESIAN_POINT('',(-3.23,-2.07,4.955));
#9563=VECTOR('',#11143,6.6);
#9564=CARTESIAN_POINT('',(-3.23,0.23,4.955));
#9565=VECTOR('',#11144,6.6);
#9566=CARTESIAN_POINT('',(-5.77,0.23,4.955));
#9567=VECTOR('',#11145,6.6);
#9568=CARTESIAN_POINT('',(-5.77,2.77,4.955));
#9569=VECTOR('',#11146,6.6);
#9570=CARTESIAN_POINT('',(-3.23,2.77,4.955));
#9571=VECTOR('',#11147,6.6);
#9572=CARTESIAN_POINT('',(0.23,-2.77,4.955));
#9573=VECTOR('',#11148,6.6);
#9574=CARTESIAN_POINT('',(0.23,-0.23,4.955));
#9575=VECTOR('',#11149,6.6);
#9576=CARTESIAN_POINT('',(2.77,-0.23,4.955));
#9577=VECTOR('',#11150,6.6);
#9578=CARTESIAN_POINT('',(2.77,-2.07,4.955));
#9579=VECTOR('',#11151,6.6);
#9580=CARTESIAN_POINT('',(2.07,-2.77,4.955));
#9581=VECTOR('',#11152,6.6);
#9582=CARTESIAN_POINT('',(2.07,0.23,4.955));
#9583=VECTOR('',#11153,6.6);
#9584=CARTESIAN_POINT('',(0.23,0.23,4.955));
#9585=VECTOR('',#11154,6.6);
#9586=CARTESIAN_POINT('',(0.23,2.77,4.955));
#9587=VECTOR('',#11155,6.6);
#9588=CARTESIAN_POINT('',(2.77,2.77,4.955));
#9589=VECTOR('',#11156,6.6);
#9590=CARTESIAN_POINT('',(2.77,0.93,4.955));
#9591=VECTOR('',#11157,6.6);
#9592=CARTESIAN_POINT('',(-0.2299999999999,0.23,4.955));
#9593=VECTOR('',#11158,6.6);
#9594=CARTESIAN_POINT('',(-2.07,0.23,4.955));
#9595=VECTOR('',#11159,6.6);
#9596=CARTESIAN_POINT('',(-2.77,0.93,4.955));
#9597=VECTOR('',#11160,6.6);
#9598=CARTESIAN_POINT('',(-2.77,2.77,4.955));
#9599=VECTOR('',#11161,6.6);
#9600=CARTESIAN_POINT('',(-0.2299999999999,2.77,4.955));
#9601=VECTOR('',#11162,6.6);
#9602=CARTESIAN_POINT('',(-2.77,-0.23,4.955));
#9603=VECTOR('',#11163,6.6);
#9604=CARTESIAN_POINT('',(-0.2299999999999,-0.23,4.955));
#9605=VECTOR('',#11164,6.6);
#9606=CARTESIAN_POINT('',(-0.2299999999999,-2.77,4.955));
#9607=VECTOR('',#11165,6.6);
#9608=CARTESIAN_POINT('',(-2.07,-2.77,4.955));
#9609=VECTOR('',#11166,6.6);
#9610=CARTESIAN_POINT('',(-2.77,-2.07,4.955));
#9611=VECTOR('',#11167,6.6);
#9612=CARTESIAN_POINT('',(4.82,-0.32,-4.955));
#9613=CARTESIAN_POINT('',(4.82,-0.32,-4.285));
#9614=VECTOR('',#11168,0.67);
#9615=CARTESIAN_POINT('',(4.82,0.32,-4.955));
#9616=CARTESIAN_POINT('',(4.82,-0.32,-4.955));
#9617=VECTOR('',#11169,0.64);
#9618=CARTESIAN_POINT('',(4.82,0.32,-4.955));
#9619=VECTOR('',#11170,0.67);
#9620=CARTESIAN_POINT('',(4.82,1.82,1.555));
#9621=CARTESIAN_POINT('',(4.82,1.18,1.555));
#9622=CARTESIAN_POINT('',(4.82,1.82,1.555));
#9623=VECTOR('',#11171,0.64);
#9624=CARTESIAN_POINT('',(4.82,1.18,1.555));
#9625=VECTOR('',#11172,3.2);
#9626=CARTESIAN_POINT('',(4.82,1.82,-1.645));
#9627=VECTOR('',#11173,3.2);
#9628=CARTESIAN_POINT('',(4.82,-1.18,1.555));
#9629=CARTESIAN_POINT('',(4.82,-1.82,1.555));
#9630=CARTESIAN_POINT('',(4.82,-1.18,1.555));
#9631=VECTOR('',#11174,0.64);
#9632=CARTESIAN_POINT('',(4.82,-1.82,1.555));
#9633=VECTOR('',#11175,3.2);
#9634=CARTESIAN_POINT('',(4.82,-1.18,-1.645));
#9635=VECTOR('',#11176,3.2);
#9636=CARTESIAN_POINT('',(4.82,-6.12,-6.645));
#9637=CARTESIAN_POINT('',(4.82,-6.12,-7.285));
#9638=CARTESIAN_POINT('',(4.82,-6.12,-6.645));
#9639=VECTOR('',#11177,0.64);
#9640=CARTESIAN_POINT('',(4.82,1.589,-7.285));
#9641=CARTESIAN_POINT('',(4.82,-6.12,-7.285));
#9642=VECTOR('',#11178,7.709);
#9643=CARTESIAN_POINT('',(4.82,1.589,-7.285));
#9644=VECTOR('',#11179,3.0);
#9645=CARTESIAN_POINT('',(4.82,0.949,-6.645));
#9646=CARTESIAN_POINT('',(4.82,0.949,-4.285));
#9647=VECTOR('',#11180,2.36);
#9648=CARTESIAN_POINT('',(4.82,0.949,-6.645));
#9649=VECTOR('',#11181,7.069);
#9650=CARTESIAN_POINT('',(4.82,-6.12,-3.645));
#9651=CARTESIAN_POINT('',(4.82,-6.12,-3.645));
#9652=VECTOR('',#11182,0.64);
#9653=CARTESIAN_POINT('',(4.82,-3.43,-3.645));
#9654=VECTOR('',#11183,2.69);
#9655=CARTESIAN_POINT('',(4.18,0.32,-4.955));
#9656=CARTESIAN_POINT('',(4.82,0.32,-4.955));
#9657=VECTOR('',#11184,0.64);
#9658=CARTESIAN_POINT('',(4.18,0.32,-4.955));
#9659=VECTOR('',#11185,0.67);
#9660=CARTESIAN_POINT('',(4.18,0.32,-3.655));
#9661=CARTESIAN_POINT('',(4.18,0.32,-4.285));
#9662=VECTOR('',#11186,0.63);
#9663=CARTESIAN_POINT('',(4.18,0.32,-3.655));
#9664=VECTOR('',#11187,0.64);
#9665=CARTESIAN_POINT('',(4.18,3.175,-3.655));
#9666=CARTESIAN_POINT('',(4.18,1.589,-3.655));
#9667=CARTESIAN_POINT('',(4.18,3.175,-3.655));
#9668=VECTOR('',#11188,1.586);
#9669=CARTESIAN_POINT('',(4.18,3.175,-3.655));
#9670=VECTOR('',#11189,0.64);
#9671=CARTESIAN_POINT('',(4.18,1.589,-3.655));
#9672=VECTOR('',#11190,0.64);
#9673=CARTESIAN_POINT('',(4.18,0.949,-3.655));
#9674=CARTESIAN_POINT('',(4.18,0.949,-3.655));
#9675=VECTOR('',#11191,0.629);
#9676=CARTESIAN_POINT('',(4.18,0.949,-3.655));
#9677=VECTOR('',#11192,0.64);
#9678=CARTESIAN_POINT('',(4.18,-0.32,-3.655));
#9679=CARTESIAN_POINT('',(4.18,-0.32,-3.655));
#9680=VECTOR('',#11193,0.64);
#9681=CARTESIAN_POINT('',(4.18,-1.18,-3.655));
#9682=CARTESIAN_POINT('',(4.18,-1.18,-3.655));
#9683=VECTOR('',#11194,0.64);
#9684=CARTESIAN_POINT('',(4.18,-0.32,-3.655));
#9685=VECTOR('',#11195,0.86);
#9686=CARTESIAN_POINT('',(4.18,1.589,-4.285));
#9687=VECTOR('',#11196,0.63);
#9688=CARTESIAN_POINT('',(4.18,1.6,-4.285));
#9689=VECTOR('',#11197,0.67);
#9690=CARTESIAN_POINT('',(4.18,3.175,-4.955));
#9691=VECTOR('',#11198,1.3);
#9692=CARTESIAN_POINT('',(4.18,0.949,-4.285));
#9693=VECTOR('',#11199,0.63);
#9694=CARTESIAN_POINT('',(4.18,-0.32,-4.285));
#9695=VECTOR('',#11200,0.63);
#9696=CARTESIAN_POINT('',(4.18,-1.18,-3.655));
#9697=VECTOR('',#11201,0.63);
#9698=CARTESIAN_POINT('',(-4.82,3.175,-3.655));
#9699=CARTESIAN_POINT('',(-4.82,3.175,-4.955));
#9700=VECTOR('',#11202,1.3);
#9701=CARTESIAN_POINT('',(6.325,3.175,-3.205));
#9702=CARTESIAN_POINT('',(-6.325,3.175,-3.205));
#9703=VECTOR('',#11203,12.65);
#9704=CARTESIAN_POINT('',(6.325,3.175,-3.205));
#9705=VECTOR('',#11204,1.75);
#9706=CARTESIAN_POINT('',(1.82,3.175,-3.655));
#9707=CARTESIAN_POINT('',(1.82,3.175,-4.955));
#9708=VECTOR('',#11205,1.3);
#9709=CARTESIAN_POINT('',(1.18,3.175,-3.655));
#9710=CARTESIAN_POINT('',(1.18,3.175,-3.655));
#9711=VECTOR('',#11206,0.64);
#9712=CARTESIAN_POINT('',(1.18,3.175,-4.955));
#9713=VECTOR('',#11207,1.3);
#9714=CARTESIAN_POINT('',(-1.82,3.175,-3.655));
#9715=CARTESIAN_POINT('',(-1.82,3.175,-3.655));
#9716=VECTOR('',#11208,0.64);
#9717=CARTESIAN_POINT('',(-1.82,3.175,-4.955));
#9718=VECTOR('',#11209,1.3);
#9719=CARTESIAN_POINT('',(-4.82,3.175,-3.655));
#9720=VECTOR('',#11210,0.64);
#9721=CARTESIAN_POINT('',(-4.82,-0.32,-3.655));
#9722=CARTESIAN_POINT('',(-4.82,-0.32,-4.285));
#9723=VECTOR('',#11211,0.63);
#9724=CARTESIAN_POINT('',(-4.82,-1.18,-3.655));
#9725=CARTESIAN_POINT('',(-4.82,-0.32,-3.655));
#9726=VECTOR('',#11212,0.86);
#9727=CARTESIAN_POINT('',(-4.82,-1.18,-3.655));
#9728=VECTOR('',#11213,0.63);
#9729=CARTESIAN_POINT('',(-4.82,1.589,-3.655));
#9730=CARTESIAN_POINT('',(-4.82,3.175,-3.655));
#9731=VECTOR('',#11214,1.586);
#9732=CARTESIAN_POINT('',(-4.82,1.589,-4.285));
#9733=VECTOR('',#11215,0.63);
#9734=CARTESIAN_POINT('',(-4.82,1.6,-4.285));
#9735=VECTOR('',#11216,0.67);
#9736=CARTESIAN_POINT('',(-4.82,0.949,-3.655));
#9737=CARTESIAN_POINT('',(-4.82,0.949,-3.655));
#9738=VECTOR('',#11217,0.629);
#9739=CARTESIAN_POINT('',(-4.82,0.949,-4.285));
#9740=VECTOR('',#11218,0.63);
#9741=CARTESIAN_POINT('',(-4.82,-1.18,-3.655));
#9742=VECTOR('',#11219,0.64);
#9743=CARTESIAN_POINT('',(-4.82,-1.18,1.555));
#9744=CARTESIAN_POINT('',(-4.18,-1.18,1.555));
#9745=VECTOR('',#11220,0.64);
#9746=CARTESIAN_POINT('',(-4.82,-1.18,-1.645));
#9747=VECTOR('',#11221,3.2);
#9748=CARTESIAN_POINT('',(-4.82,1.589,-3.655));
#9749=VECTOR('',#11222,0.64);
#9750=CARTESIAN_POINT('',(-4.82,0.949,-3.655));
#9751=VECTOR('',#11223,0.64);
#9752=CARTESIAN_POINT('',(-4.82,-0.32,-3.655));
#9753=VECTOR('',#11224,0.64);
#9754=CARTESIAN_POINT('',(-4.82,1.589,-7.285));
#9755=CARTESIAN_POINT('',(-4.18,1.589,-7.285));
#9756=VECTOR('',#11225,0.64);
#9757=CARTESIAN_POINT('',(-4.82,1.589,-7.285));
#9758=VECTOR('',#11226,3.0);
#9759=CARTESIAN_POINT('',(-4.82,-0.32,-4.955));
#9760=CARTESIAN_POINT('',(-4.82,-0.32,-4.955));
#9761=VECTOR('',#11227,0.64);
#9762=CARTESIAN_POINT('',(-4.82,-0.32,-4.285));
#9763=VECTOR('',#11228,0.67);
#9764=CARTESIAN_POINT('',(-4.82,1.18,1.555));
#9765=CARTESIAN_POINT('',(-4.82,1.82,1.555));
#9766=CARTESIAN_POINT('',(-4.82,1.18,1.555));
#9767=VECTOR('',#11229,0.64);
#9768=CARTESIAN_POINT('',(-4.82,1.82,-1.645));
#9769=VECTOR('',#11230,3.2);
#9770=CARTESIAN_POINT('',(-4.82,1.18,1.555));
#9771=VECTOR('',#11231,3.2);
#9772=CARTESIAN_POINT('',(-4.82,-1.82,1.555));
#9773=CARTESIAN_POINT('',(-4.82,-1.82,1.555));
#9774=VECTOR('',#11232,0.64);
#9775=CARTESIAN_POINT('',(-4.82,-1.82,1.555));
#9776=VECTOR('',#11233,3.2);
#9777=CARTESIAN_POINT('',(-4.82,-6.12,-7.285));
#9778=CARTESIAN_POINT('',(-4.82,-6.12,-6.645));
#9779=CARTESIAN_POINT('',(-4.82,-6.12,-7.285));
#9780=VECTOR('',#11234,0.64);
#9781=CARTESIAN_POINT('',(-4.82,0.949,-6.645));
#9782=CARTESIAN_POINT('',(-4.82,0.949,-6.645));
#9783=VECTOR('',#11235,7.069);
#9784=CARTESIAN_POINT('',(-4.82,0.949,-4.285));
#9785=VECTOR('',#11236,2.36);
#9786=CARTESIAN_POINT('',(-4.82,-6.12,-7.285));
#9787=VECTOR('',#11237,7.709);
#9788=CARTESIAN_POINT('',(-4.82,-6.12,-3.645));
#9789=CARTESIAN_POINT('',(-4.82,-6.12,-4.285));
#9790=VECTOR('',#11238,0.64);
#9791=CARTESIAN_POINT('',(-4.82,-3.43,-3.645));
#9792=VECTOR('',#11239,2.69);
#9793=CARTESIAN_POINT('',(-4.18,-0.32,-4.955));
#9794=VECTOR('',#11240,0.64);
#9795=CARTESIAN_POINT('',(-4.64,1.36,2.555));
#9796=CARTESIAN_POINT('',(-4.64,1.36,2.555));
#9797=VECTOR('',#11241,1.03189146716103);
#9798=CARTESIAN_POINT('',(-4.64,1.64,2.555));
#9799=CARTESIAN_POINT('',(-4.64,1.36,2.555));
#9800=VECTOR('',#11242,0.28);
#9801=CARTESIAN_POINT('',(-4.82,1.82,1.555));
#9802=VECTOR('',#11243,1.03189146716103);
#9803=CARTESIAN_POINT('',(-4.36,1.64,2.555));
#9804=CARTESIAN_POINT('',(-4.36,1.64,2.555));
#9805=VECTOR('',#11244,1.03189146716103);
#9806=CARTESIAN_POINT('',(-4.18,1.82,1.555));
#9807=VECTOR('',#11245,0.64);
#9808=CARTESIAN_POINT('',(-4.36,1.64,2.555));
#9809=VECTOR('',#11246,0.28);
#9810=CARTESIAN_POINT('',(-4.36,1.36,2.555));
#9811=CARTESIAN_POINT('',(-4.36,1.64,2.555));
#9812=VECTOR('',#11247,0.28);
#9813=CARTESIAN_POINT('',(-4.18,1.18,1.555));
#9814=VECTOR('',#11248,1.03189146716103);
#9815=CARTESIAN_POINT('',(-4.36,1.36,2.555));
#9816=VECTOR('',#11249,0.28);
#9817=CARTESIAN_POINT('',(-4.18,1.18,1.555));
#9818=VECTOR('',#11250,0.64);
#9819=CARTESIAN_POINT('',(-4.64,-1.64,2.555));
#9820=CARTESIAN_POINT('',(-4.64,-1.64,2.555));
#9821=VECTOR('',#11251,1.03189146716103);
#9822=CARTESIAN_POINT('',(-4.64,-1.36,2.555));
#9823=CARTESIAN_POINT('',(-4.64,-1.64,2.555));
#9824=VECTOR('',#11252,0.28);
#9825=CARTESIAN_POINT('',(-4.64,-1.36,2.555));
#9826=VECTOR('',#11253,1.03189146716103);
#9827=CARTESIAN_POINT('',(-4.36,-1.36,2.555));
#9828=CARTESIAN_POINT('',(-4.36,-1.36,2.555));
#9829=VECTOR('',#11254,0.28);
#9830=CARTESIAN_POINT('',(-4.36,-1.36,2.555));
#9831=VECTOR('',#11255,1.03189146716103);
#9832=CARTESIAN_POINT('',(-4.36,-1.64,2.555));
#9833=CARTESIAN_POINT('',(-4.36,-1.36,2.555));
#9834=VECTOR('',#11256,0.28);
#9835=CARTESIAN_POINT('',(-4.18,-1.82,1.555));
#9836=VECTOR('',#11257,1.03189146716103);
#9837=CARTESIAN_POINT('',(-4.36,-1.64,2.555));
#9838=VECTOR('',#11258,0.28);
#9839=CARTESIAN_POINT('',(-4.18,-1.82,1.555));
#9840=VECTOR('',#11259,0.64);
#9841=CARTESIAN_POINT('',(-4.64,-7.12,-7.105));
#9842=CARTESIAN_POINT('',(-4.64,-7.12,-7.105));
#9843=VECTOR('',#11260,1.03189146716103);
#9844=CARTESIAN_POINT('',(-4.64,-7.12,-6.825));
#9845=CARTESIAN_POINT('',(-4.64,-7.12,-7.105));
#9846=VECTOR('',#11261,0.28);
#9847=CARTESIAN_POINT('',(-4.64,-7.12,-6.825));
#9848=VECTOR('',#11262,1.03189146716103);
#9849=CARTESIAN_POINT('',(-4.18,-6.12,-6.645));
#9850=VECTOR('',#11263,0.64);
#9851=CARTESIAN_POINT('',(-4.36,-7.12,-6.825));
#9852=CARTESIAN_POINT('',(-4.36,-7.12,-6.825));
#9853=VECTOR('',#11264,0.28);
#9854=CARTESIAN_POINT('',(-4.36,-7.12,-6.825));
#9855=VECTOR('',#11265,1.03189146716103);
#9856=CARTESIAN_POINT('',(-4.18,0.949,-6.645));
#9857=VECTOR('',#11266,0.64);
#9858=CARTESIAN_POINT('',(-4.36,-7.12,-7.105));
#9859=CARTESIAN_POINT('',(-4.36,-7.12,-6.825));
#9860=VECTOR('',#11267,0.28);
#9861=CARTESIAN_POINT('',(-4.18,-6.12,-7.285));
#9862=VECTOR('',#11268,1.03189146716103);
#9863=CARTESIAN_POINT('',(-4.36,-7.12,-7.105));
#9864=VECTOR('',#11269,0.28);
#9865=CARTESIAN_POINT('',(-4.18,-6.12,-7.285));
#9866=VECTOR('',#11270,0.64);
#9867=CARTESIAN_POINT('',(-4.64,-7.12,-4.105));
#9868=CARTESIAN_POINT('',(-4.64,-7.12,-4.105));
#9869=VECTOR('',#11271,1.03189146716103);
#9870=CARTESIAN_POINT('',(-4.64,-7.12,-3.825));
#9871=CARTESIAN_POINT('',(-4.64,-7.12,-4.105));
#9872=VECTOR('',#11272,0.28);
#9873=CARTESIAN_POINT('',(-4.64,-7.12,-3.825));
#9874=VECTOR('',#11273,1.03189146716103);
#9875=CARTESIAN_POINT('',(-4.18,-6.12,-3.645));
#9876=VECTOR('',#11274,0.64);
#9877=CARTESIAN_POINT('',(-4.36,-7.12,-3.825));
#9878=CARTESIAN_POINT('',(-4.36,-7.12,-3.825));
#9879=VECTOR('',#11275,0.28);
#9880=CARTESIAN_POINT('',(-4.36,-7.12,-3.825));
#9881=VECTOR('',#11276,1.03189146716103);
#9882=CARTESIAN_POINT('',(-4.36,-7.12,-4.105));
#9883=CARTESIAN_POINT('',(-4.36,-7.12,-3.825));
#9884=VECTOR('',#11277,0.28);
#9885=CARTESIAN_POINT('',(-4.18,-6.12,-4.285));
#9886=VECTOR('',#11278,1.03189146716103);
#9887=CARTESIAN_POINT('',(-4.36,-7.12,-4.105));
#9888=VECTOR('',#11279,0.28);
#9889=CARTESIAN_POINT('',(1.82,1.6,-4.285));
#9890=VECTOR('',#11280,0.67);
#9891=CARTESIAN_POINT('',(1.18,1.6,-4.285));
#9892=VECTOR('',#11281,0.67);
#9893=CARTESIAN_POINT('',(-8.075,1.6,-4.955));
#9894=VECTOR('',#11282,0.67);
#9895=CARTESIAN_POINT('',(-1.82,1.6,-4.285));
#9896=VECTOR('',#11283,0.67);
#9897=CARTESIAN_POINT('',(1.82,-1.18,-3.655));
#9898=CARTESIAN_POINT('',(1.82,-1.18,-3.655));
#9899=VECTOR('',#11284,0.63);
#9900=CARTESIAN_POINT('',(1.82,-0.32,-3.655));
#9901=CARTESIAN_POINT('',(1.82,-0.32,-3.655));
#9902=VECTOR('',#11285,0.86);
#9903=CARTESIAN_POINT('',(1.82,-0.32,-3.655));
#9904=VECTOR('',#11286,0.63);
#9905=CARTESIAN_POINT('',(1.82,1.589,-3.655));
#9906=CARTESIAN_POINT('',(1.82,3.175,-3.655));
#9907=VECTOR('',#11287,1.586);
#9908=CARTESIAN_POINT('',(1.82,1.589,-3.655));
#9909=VECTOR('',#11288,0.63);
#9910=CARTESIAN_POINT('',(1.82,0.949,-3.655));
#9911=CARTESIAN_POINT('',(1.82,0.32,-3.655));
#9912=CARTESIAN_POINT('',(1.82,0.949,-3.655));
#9913=VECTOR('',#11289,0.629);
#9914=CARTESIAN_POINT('',(1.82,0.949,-3.655));
#9915=VECTOR('',#11290,0.63);
#9916=CARTESIAN_POINT('',(1.82,0.32,-3.655));
#9917=VECTOR('',#11291,0.63);
#9918=CARTESIAN_POINT('',(1.82,-0.32,-4.955));
#9919=CARTESIAN_POINT('',(1.82,-0.32,-4.285));
#9920=VECTOR('',#11292,0.67);
#9921=CARTESIAN_POINT('',(1.18,-0.32,-3.655));
#9922=CARTESIAN_POINT('',(1.18,-0.32,-3.655));
#9923=VECTOR('',#11293,0.64);
#9924=CARTESIAN_POINT('',(1.18,-0.32,-4.285));
#9925=VECTOR('',#11294,0.63);
#9926=CARTESIAN_POINT('',(1.18,-0.32,-4.955));
#9927=CARTESIAN_POINT('',(1.18,-0.32,-4.285));
#9928=VECTOR('',#11295,0.67);
#9929=CARTESIAN_POINT('',(1.82,-0.32,-4.955));
#9930=VECTOR('',#11296,0.64);
#9931=CARTESIAN_POINT('',(1.82,0.32,-4.955));
#9932=CARTESIAN_POINT('',(1.82,-0.32,-4.955));
#9933=VECTOR('',#11297,0.64);
#9934=CARTESIAN_POINT('',(1.82,0.32,-4.955));
#9935=VECTOR('',#11298,0.67);
#9936=CARTESIAN_POINT('',(1.82,1.82,1.555));
#9937=CARTESIAN_POINT('',(1.82,1.18,1.555));
#9938=CARTESIAN_POINT('',(1.82,1.82,1.555));
#9939=VECTOR('',#11299,0.64);
#9940=CARTESIAN_POINT('',(1.82,1.18,1.555));
#9941=VECTOR('',#11300,3.2);
#9942=CARTESIAN_POINT('',(1.82,1.82,-1.645));
#9943=VECTOR('',#11301,3.2);
#9944=CARTESIAN_POINT('',(1.82,-1.18,1.555));
#9945=CARTESIAN_POINT('',(1.82,-1.82,1.555));
#9946=CARTESIAN_POINT('',(1.82,-1.18,1.555));
#9947=VECTOR('',#11302,0.64);
#9948=CARTESIAN_POINT('',(1.82,-1.82,1.555));
#9949=VECTOR('',#11303,3.2);
#9950=CARTESIAN_POINT('',(1.82,-1.18,-1.645));
#9951=VECTOR('',#11304,3.2);
#9952=CARTESIAN_POINT('',(1.82,-6.12,-6.645));
#9953=CARTESIAN_POINT('',(1.82,-6.12,-7.285));
#9954=CARTESIAN_POINT('',(1.82,-6.12,-6.645));
#9955=VECTOR('',#11305,0.64);
#9956=CARTESIAN_POINT('',(1.82,1.589,-7.285));
#9957=CARTESIAN_POINT('',(1.82,-6.12,-7.285));
#9958=VECTOR('',#11306,7.709);
#9959=CARTESIAN_POINT('',(1.82,1.589,-7.285));
#9960=VECTOR('',#11307,3.0);
#9961=CARTESIAN_POINT('',(1.82,0.949,-6.645));
#9962=CARTESIAN_POINT('',(1.82,0.949,-4.285));
#9963=VECTOR('',#11308,2.36);
#9964=CARTESIAN_POINT('',(1.82,0.949,-6.645));
#9965=VECTOR('',#11309,7.069);
#9966=CARTESIAN_POINT('',(1.82,-6.12,-3.655));
#9967=CARTESIAN_POINT('',(1.82,-6.12,-3.655));
#9968=VECTOR('',#11310,2.69);
#9969=CARTESIAN_POINT('',(1.82,-6.12,-3.655));
#9970=VECTOR('',#11311,0.63);
#9971=CARTESIAN_POINT('',(1.18,0.32,-4.955));
#9972=CARTESIAN_POINT('',(1.82,0.32,-4.955));
#9973=VECTOR('',#11312,0.64);
#9974=CARTESIAN_POINT('',(1.18,0.32,-4.955));
#9975=VECTOR('',#11313,0.67);
#9976=CARTESIAN_POINT('',(1.18,0.32,-3.655));
#9977=CARTESIAN_POINT('',(1.18,0.32,-4.285));
#9978=VECTOR('',#11314,0.63);
#9979=CARTESIAN_POINT('',(1.18,0.32,-3.655));
#9980=VECTOR('',#11315,0.64);
#9981=CARTESIAN_POINT('',(1.18,1.589,-3.655));
#9982=CARTESIAN_POINT('',(1.18,3.175,-3.655));
#9983=VECTOR('',#11316,1.586);
#9984=CARTESIAN_POINT('',(1.18,1.589,-3.655));
#9985=VECTOR('',#11317,0.64);
#9986=CARTESIAN_POINT('',(1.18,0.949,-3.655));
#9987=CARTESIAN_POINT('',(1.18,0.949,-3.655));
#9988=VECTOR('',#11318,0.629);
#9989=CARTESIAN_POINT('',(1.18,0.949,-3.655));
#9990=VECTOR('',#11319,0.64);
#9991=CARTESIAN_POINT('',(1.18,-1.18,-3.655));
#9992=CARTESIAN_POINT('',(1.18,-1.18,-3.655));
#9993=VECTOR('',#11320,0.64);
#9994=CARTESIAN_POINT('',(1.18,-0.32,-3.655));
#9995=VECTOR('',#11321,0.86);
#9996=CARTESIAN_POINT('',(1.18,-1.18,-3.655));
#9997=VECTOR('',#11322,0.63);
#9998=CARTESIAN_POINT('',(1.18,1.589,-4.285));
#9999=VECTOR('',#11323,0.63);
#10000=CARTESIAN_POINT('',(1.18,0.949,-4.285));
#10001=VECTOR('',#11324,0.63);
#10002=CARTESIAN_POINT('',(1.18,-1.18,1.555));
#10003=CARTESIAN_POINT('',(1.82,-1.18,1.555));
#10004=VECTOR('',#11325,0.64);
#10005=CARTESIAN_POINT('',(1.18,-1.18,-1.645));
#10006=VECTOR('',#11326,3.2);
#10007=CARTESIAN_POINT('',(1.36,-1.36,2.555));
#10008=CARTESIAN_POINT('',(1.36,-1.36,2.555));
#10009=VECTOR('',#11327,1.03189146716103);
#10010=CARTESIAN_POINT('',(1.64,-1.36,2.555));
#10011=CARTESIAN_POINT('',(1.64,-1.36,2.555));
#10012=VECTOR('',#11328,0.28);
#10013=CARTESIAN_POINT('',(1.64,-1.36,2.555));
#10014=VECTOR('',#11329,1.03189146716103);
#10015=CARTESIAN_POINT('',(1.64,-1.64,2.555));
#10016=CARTESIAN_POINT('',(1.64,-1.36,2.555));
#10017=VECTOR('',#11330,0.28);
#10018=CARTESIAN_POINT('',(1.82,-1.82,1.555));
#10019=VECTOR('',#11331,1.03189146716103);
#10020=CARTESIAN_POINT('',(1.36,-1.64,2.555));
#10021=CARTESIAN_POINT('',(1.64,-1.64,2.555));
#10022=VECTOR('',#11332,0.28);
#10023=CARTESIAN_POINT('',(1.36,-1.64,2.555));
#10024=VECTOR('',#11333,0.28);
#10025=CARTESIAN_POINT('',(1.18,-1.82,1.555));
#10026=CARTESIAN_POINT('',(1.36,-1.64,2.555));
#10027=VECTOR('',#11334,1.03189146716103);
#10028=CARTESIAN_POINT('',(1.82,-1.82,1.555));
#10029=VECTOR('',#11335,0.64);
#10030=CARTESIAN_POINT('',(1.18,-1.82,1.555));
#10031=VECTOR('',#11336,3.2);
#10032=CARTESIAN_POINT('',(1.18,-0.32,-4.955));
#10033=VECTOR('',#11337,0.64);
#10034=CARTESIAN_POINT('',(1.18,1.18,1.555));
#10035=CARTESIAN_POINT('',(1.18,1.82,1.555));
#10036=CARTESIAN_POINT('',(1.18,1.18,1.555));
#10037=VECTOR('',#11338,0.64);
#10038=CARTESIAN_POINT('',(1.18,1.82,-1.645));
#10039=VECTOR('',#11339,3.2);
#10040=CARTESIAN_POINT('',(1.18,1.18,1.555));
#10041=VECTOR('',#11340,3.2);
#10042=CARTESIAN_POINT('',(1.18,-1.82,1.555));
#10043=VECTOR('',#11341,0.64);
#10044=CARTESIAN_POINT('',(1.18,-6.12,-7.285));
#10045=CARTESIAN_POINT('',(1.18,-6.12,-6.645));
#10046=CARTESIAN_POINT('',(1.18,-6.12,-7.285));
#10047=VECTOR('',#11342,0.64);
#10048=CARTESIAN_POINT('',(1.18,0.949,-6.645));
#10049=CARTESIAN_POINT('',(1.18,0.949,-6.645));
#10050=VECTOR('',#11343,7.069);
#10051=CARTESIAN_POINT('',(1.18,0.949,-4.285));
#10052=VECTOR('',#11344,2.36);
#10053=CARTESIAN_POINT('',(1.18,1.589,-7.285));
#10054=CARTESIAN_POINT('',(1.18,1.589,-7.285));
#10055=VECTOR('',#11345,3.0);
#10056=CARTESIAN_POINT('',(1.18,-6.12,-7.285));
#10057=VECTOR('',#11346,7.709);
#10058=CARTESIAN_POINT('',(1.18,-6.12,-3.655));
#10059=CARTESIAN_POINT('',(1.18,-6.12,-3.655));
#10060=VECTOR('',#11347,2.69);
#10061=CARTESIAN_POINT('',(1.18,-6.12,-4.285));
#10062=VECTOR('',#11348,0.63);
#10063=CARTESIAN_POINT('',(1.36,1.36,2.555));
#10064=CARTESIAN_POINT('',(1.36,1.36,2.555));
#10065=VECTOR('',#11349,1.03189146716103);
#10066=CARTESIAN_POINT('',(1.36,1.64,2.555));
#10067=CARTESIAN_POINT('',(1.36,1.36,2.555));
#10068=VECTOR('',#11350,0.28);
#10069=CARTESIAN_POINT('',(1.18,1.82,1.555));
#10070=VECTOR('',#11351,1.03189146716103);
#10071=CARTESIAN_POINT('',(1.64,1.64,2.555));
#10072=CARTESIAN_POINT('',(1.64,1.64,2.555));
#10073=VECTOR('',#11352,1.03189146716103);
#10074=CARTESIAN_POINT('',(1.82,1.82,1.555));
#10075=VECTOR('',#11353,0.64);
#10076=CARTESIAN_POINT('',(1.64,1.64,2.555));
#10077=VECTOR('',#11354,0.28);
#10078=CARTESIAN_POINT('',(1.64,1.36,2.555));
#10079=CARTESIAN_POINT('',(1.64,1.64,2.555));
#10080=VECTOR('',#11355,0.28);
#10081=CARTESIAN_POINT('',(1.82,1.18,1.555));
#10082=VECTOR('',#11356,1.03189146716103);
#10083=CARTESIAN_POINT('',(1.64,1.36,2.555));
#10084=VECTOR('',#11357,0.28);
#10085=CARTESIAN_POINT('',(1.82,1.18,1.555));
#10086=VECTOR('',#11358,0.64);
#10087=CARTESIAN_POINT('',(1.36,-7.12,-7.105));
#10088=CARTESIAN_POINT('',(1.36,-7.12,-7.105));
#10089=VECTOR('',#11359,1.03189146716103);
#10090=CARTESIAN_POINT('',(1.36,-7.12,-6.825));
#10091=CARTESIAN_POINT('',(1.36,-7.12,-7.105));
#10092=VECTOR('',#11360,0.28);
#10093=CARTESIAN_POINT('',(1.36,-7.12,-6.825));
#10094=VECTOR('',#11361,1.03189146716103);
#10095=CARTESIAN_POINT('',(1.82,-6.12,-6.645));
#10096=VECTOR('',#11362,0.64);
#10097=CARTESIAN_POINT('',(1.64,-7.12,-6.825));
#10098=CARTESIAN_POINT('',(1.64,-7.12,-6.825));
#10099=VECTOR('',#11363,0.28);
#10100=CARTESIAN_POINT('',(1.64,-7.12,-6.825));
#10101=VECTOR('',#11364,1.03189146716103);
#10102=CARTESIAN_POINT('',(1.82,0.949,-6.645));
#10103=VECTOR('',#11365,0.64);
#10104=CARTESIAN_POINT('',(1.64,-7.12,-7.105));
#10105=CARTESIAN_POINT('',(1.64,-7.12,-6.825));
#10106=VECTOR('',#11366,0.28);
#10107=CARTESIAN_POINT('',(1.82,-6.12,-7.285));
#10108=VECTOR('',#11367,1.03189146716103);
#10109=CARTESIAN_POINT('',(1.64,-7.12,-7.105));
#10110=VECTOR('',#11368,0.28);
#10111=CARTESIAN_POINT('',(1.82,-6.12,-7.285));
#10112=VECTOR('',#11369,0.64);
#10113=CARTESIAN_POINT('',(1.82,1.589,-7.285));
#10114=VECTOR('',#11370,0.64);
#10115=CARTESIAN_POINT('',(1.19,-6.175555555556,-3.655));
#10116=CARTESIAN_POINT('',(1.18,-6.12,-3.655));
#10117=VECTOR('',#11371,0.0564483813150106);
#10118=CARTESIAN_POINT('',(1.81,-6.175555555556,-3.655));
#10119=CARTESIAN_POINT('',(1.81,-6.175555555556,-3.655));
#10120=VECTOR('',#11372,0.62);
#10121=CARTESIAN_POINT('',(1.82,-6.12,-3.655));
#10122=VECTOR('',#11373,0.0564483813150106);
#10123=CARTESIAN_POINT('',(-1.81,-6.175555555556,-3.655));
#10124=CARTESIAN_POINT('',(-1.82,-6.12,-3.655));
#10125=VECTOR('',#11374,0.0564483813150106);
#10126=CARTESIAN_POINT('',(-1.19,-6.175555555556,-3.655));
#10127=CARTESIAN_POINT('',(-1.19,-6.175555555556,-3.655));
#10128=VECTOR('',#11375,0.62);
#10129=CARTESIAN_POINT('',(-1.18,-6.12,-3.655));
#10130=VECTOR('',#11376,0.0564483813150106);
#10131=CARTESIAN_POINT('',(1.64,-7.12,-3.825));
#10132=CARTESIAN_POINT('',(1.64,-7.12,-3.825));
#10133=VECTOR('',#11377,0.974564163430024);
#10134=CARTESIAN_POINT('',(1.64,-7.12,-4.105));
#10135=CARTESIAN_POINT('',(1.64,-7.12,-3.825));
#10136=VECTOR('',#11378,0.28);
#10137=CARTESIAN_POINT('',(1.82,-6.12,-4.285));
#10138=VECTOR('',#11379,1.03189146716103);
#10139=CARTESIAN_POINT('',(1.36,-7.12,-4.105));
#10140=CARTESIAN_POINT('',(1.64,-7.12,-4.105));
#10141=VECTOR('',#11380,0.28);
#10142=CARTESIAN_POINT('',(1.36,-7.12,-4.105));
#10143=VECTOR('',#11381,1.03189146716103);
#10144=CARTESIAN_POINT('',(1.36,-7.12,-3.825));
#10145=CARTESIAN_POINT('',(1.36,-7.12,-4.105));
#10146=VECTOR('',#11382,0.28);
#10147=CARTESIAN_POINT('',(1.36,-7.12,-3.825));
#10148=VECTOR('',#11383,0.974564163430024);
#10149=CARTESIAN_POINT('',(1.64,-7.12,-3.825));
#10150=VECTOR('',#11384,0.28);
#10151=CARTESIAN_POINT('',(-1.36,-7.12,-3.825));
#10152=CARTESIAN_POINT('',(-1.36,-7.12,-3.825));
#10153=VECTOR('',#11385,0.974564163430024);
#10154=CARTESIAN_POINT('',(-1.36,-7.12,-4.105));
#10155=CARTESIAN_POINT('',(-1.36,-7.12,-3.825));
#10156=VECTOR('',#11386,0.28);
#10157=CARTESIAN_POINT('',(-1.18,-6.12,-4.285));
#10158=VECTOR('',#11387,1.03189146716103);
#10159=CARTESIAN_POINT('',(-1.64,-7.12,-4.105));
#10160=CARTESIAN_POINT('',(-1.36,-7.12,-4.105));
#10161=VECTOR('',#11388,0.28);
#10162=CARTESIAN_POINT('',(-1.64,-7.12,-4.105));
#10163=VECTOR('',#11389,1.03189146716103);
#10164=CARTESIAN_POINT('',(-1.64,-7.12,-3.825));
#10165=CARTESIAN_POINT('',(-1.64,-7.12,-4.105));
#10166=VECTOR('',#11390,0.28);
#10167=CARTESIAN_POINT('',(-1.64,-7.12,-3.825));
#10168=VECTOR('',#11391,0.974564163430024);
#10169=CARTESIAN_POINT('',(-1.36,-7.12,-3.825));
#10170=VECTOR('',#11392,0.28);
#10171=CARTESIAN_POINT('',(-8.075,-3.94,-3.355));
#10172=CARTESIAN_POINT('',(-8.075,-3.94,-4.955));
#10173=VECTOR('',#11393,1.6);
#10174=CARTESIAN_POINT('',(-8.075,3.43,-3.355));
#10175=VECTOR('',#11394,7.37);
#10176=CARTESIAN_POINT('',(-8.075,1.0,-3.685));
#10177=CARTESIAN_POINT('',(-8.075,1.0,-4.285));
#10178=VECTOR('',#11395,0.6);
#10179=CARTESIAN_POINT('',(-8.075,-1.0,-3.685));
#10180=CARTESIAN_POINT('',(-8.075,1.0,-3.685));
#10181=VECTOR('',#11396,2.0);
#10182=CARTESIAN_POINT('',(-8.075,-1.0,-3.685));
#10183=VECTOR('',#11397,0.6);
#10184=CARTESIAN_POINT('',(-6.825,-1.0,-3.685));
#10185=CARTESIAN_POINT('',(-8.075,-1.0,-3.685));
#10186=VECTOR('',#11398,1.25);
#10187=CARTESIAN_POINT('',(-6.825,-1.0,-3.685));
#10188=VECTOR('',#11399,0.6);
#10189=CARTESIAN_POINT('',(-6.825,1.0,-3.685));
#10190=CARTESIAN_POINT('',(-6.825,1.0,-3.685));
#10191=VECTOR('',#11400,2.0);
#10192=CARTESIAN_POINT('',(-6.825,1.0,-4.285));
#10193=VECTOR('',#11401,0.6);
#10194=CARTESIAN_POINT('',(-8.075,1.0,-3.685));
#10195=VECTOR('',#11402,1.25);
#10196=CARTESIAN_POINT('',(6.805,-3.94,-3.355));
#10197=CARTESIAN_POINT('',(6.805,-3.94,-3.355));
#10198=VECTOR('',#11403,0.51);
#10199=CARTESIAN_POINT('',(6.805,-3.94,-3.355));
#10200=VECTOR('',#11404,1.27);
#10201=CARTESIAN_POINT('',(7.825,-3.05,-3.355));
#10202=VECTOR('',#11405,1.08848518593493);
#10203=CARTESIAN_POINT('',(-6.805,-3.43,-3.355));
#10204=VECTOR('',#11406,1.08848518593493);
#10205=CARTESIAN_POINT('',(-6.825,-3.94,-3.355));
#10206=CARTESIAN_POINT('',(-8.075,-3.94,-3.355));
#10207=VECTOR('',#11407,1.25);
#10208=CARTESIAN_POINT('',(-6.825,-3.94,-3.355));
#10209=VECTOR('',#11408,0.51);
#10210=CARTESIAN_POINT('',(6.805,-3.94,-3.355));
#10211=VECTOR('',#11409,1.6);
#10212=CARTESIAN_POINT('',(-6.825,-3.94,-3.355));
#10213=VECTOR('',#11410,1.6);
#10214=CARTESIAN_POINT('',(-1.82,-1.18,-3.655));
#10215=CARTESIAN_POINT('',(-1.82,-0.32,-3.655));
#10216=VECTOR('',#11411,0.86);
#10217=CARTESIAN_POINT('',(-1.82,-1.18,-3.655));
#10218=VECTOR('',#11412,0.63);
#10219=CARTESIAN_POINT('',(-1.82,1.589,-3.655));
#10220=CARTESIAN_POINT('',(-1.82,3.175,-3.655));
#10221=VECTOR('',#11413,1.586);
#10222=CARTESIAN_POINT('',(-1.82,1.589,-4.285));
#10223=VECTOR('',#11414,0.63);
#10224=CARTESIAN_POINT('',(-1.82,0.949,-3.655));
#10225=CARTESIAN_POINT('',(-1.82,0.949,-3.655));
#10226=VECTOR('',#11415,0.629);
#10227=CARTESIAN_POINT('',(-1.82,0.949,-4.285));
#10228=VECTOR('',#11416,0.63);
#10229=CARTESIAN_POINT('',(-1.82,-1.18,-3.655));
#10230=VECTOR('',#11417,0.64);
#10231=CARTESIAN_POINT('',(-1.18,-1.18,1.555));
#10232=VECTOR('',#11418,0.64);
#10233=CARTESIAN_POINT('',(-1.82,1.589,-3.655));
#10234=VECTOR('',#11419,0.64);
#10235=CARTESIAN_POINT('',(-1.82,0.949,-3.655));
#10236=VECTOR('',#11420,0.64);
#10237=CARTESIAN_POINT('',(-1.18,1.589,-7.285));
#10238=VECTOR('',#11421,0.64);
#10239=CARTESIAN_POINT('',(-1.18,-6.12,-7.285));
#10240=VECTOR('',#11422,0.64);
#10241=CARTESIAN_POINT('',(-1.36,-7.12,-7.105));
#10242=CARTESIAN_POINT('',(-1.64,-7.12,-7.105));
#10243=CARTESIAN_POINT('',(-1.36,-7.12,-7.105));
#10244=VECTOR('',#11423,0.28);
#10245=CARTESIAN_POINT('',(-1.64,-7.12,-7.105));
#10246=VECTOR('',#11424,1.03189146716103);
#10247=CARTESIAN_POINT('',(-1.18,-6.12,-7.285));
#10248=VECTOR('',#11425,1.03189146716103);
#10249=CARTESIAN_POINT('',(-1.36,-7.12,-6.825));
#10250=CARTESIAN_POINT('',(-1.36,-7.12,-6.825));
#10251=VECTOR('',#11426,0.28);
#10252=CARTESIAN_POINT('',(-1.64,-7.12,-6.825));
#10253=CARTESIAN_POINT('',(-1.36,-7.12,-6.825));
#10254=VECTOR('',#11427,0.28);
#10255=CARTESIAN_POINT('',(-1.64,-7.12,-7.105));
#10256=VECTOR('',#11428,0.28);
#10257=CARTESIAN_POINT('',(-1.64,-7.12,-6.825));
#10258=VECTOR('',#11429,1.03189146716103);
#10259=CARTESIAN_POINT('',(-1.18,-6.12,-6.645));
#10260=VECTOR('',#11430,0.64);
#10261=CARTESIAN_POINT('',(-1.36,-7.12,-6.825));
#10262=VECTOR('',#11431,1.03189146716103);
#10263=CARTESIAN_POINT('',(-1.18,0.949,-6.645));
#10264=VECTOR('',#11432,0.64);
#10265=CARTESIAN_POINT('',(-1.64,-1.36,2.555));
#10266=CARTESIAN_POINT('',(-1.64,-1.36,2.555));
#10267=VECTOR('',#11433,1.03189146716103);
#10268=CARTESIAN_POINT('',(-1.36,-1.36,2.555));
#10269=CARTESIAN_POINT('',(-1.36,-1.36,2.555));
#10270=VECTOR('',#11434,0.28);
#10271=CARTESIAN_POINT('',(-1.36,-1.36,2.555));
#10272=VECTOR('',#11435,1.03189146716103);
#10273=CARTESIAN_POINT('',(-1.36,-1.64,2.555));
#10274=CARTESIAN_POINT('',(-1.36,-1.36,2.555));
#10275=VECTOR('',#11436,0.28);
#10276=CARTESIAN_POINT('',(-1.18,-1.82,1.555));
#10277=VECTOR('',#11437,1.03189146716103);
#10278=CARTESIAN_POINT('',(-1.64,-1.64,2.555));
#10279=CARTESIAN_POINT('',(-1.36,-1.64,2.555));
#10280=VECTOR('',#11438,0.28);
#10281=CARTESIAN_POINT('',(-1.64,-1.64,2.555));
#10282=VECTOR('',#11439,0.28);
#10283=CARTESIAN_POINT('',(-1.64,-1.64,2.555));
#10284=VECTOR('',#11440,1.03189146716103);
#10285=CARTESIAN_POINT('',(-1.18,-1.82,1.555));
#10286=VECTOR('',#11441,0.64);
#10287=CARTESIAN_POINT('',(6.325,3.43,-3.205));
#10288=VECTOR('',#11442,0.255);
#10289=CARTESIAN_POINT('',(4.18,1.589,-7.285));
#10290=CARTESIAN_POINT('',(4.82,1.589,-7.285));
#10291=VECTOR('',#11443,0.64);
#10292=CARTESIAN_POINT('',(4.18,1.589,-7.285));
#10293=VECTOR('',#11444,3.0);
#10294=CARTESIAN_POINT('',(4.18,-0.32,-4.955));
#10295=CARTESIAN_POINT('',(4.18,-0.32,-4.955));
#10296=VECTOR('',#11445,0.64);
#10297=CARTESIAN_POINT('',(4.18,-0.32,-4.285));
#10298=VECTOR('',#11446,0.67);
#10299=CARTESIAN_POINT('',(4.18,1.18,1.555));
#10300=CARTESIAN_POINT('',(4.18,1.82,1.555));
#10301=CARTESIAN_POINT('',(4.18,1.18,1.555));
#10302=VECTOR('',#11447,0.64);
#10303=CARTESIAN_POINT('',(4.18,1.82,-1.645));
#10304=VECTOR('',#11448,3.2);
#10305=CARTESIAN_POINT('',(4.18,1.18,1.555));
#10306=VECTOR('',#11449,3.2);
#10307=CARTESIAN_POINT('',(4.18,-1.82,1.555));
#10308=CARTESIAN_POINT('',(4.18,-1.18,1.555));
#10309=CARTESIAN_POINT('',(4.18,-1.82,1.555));
#10310=VECTOR('',#11450,0.64);
#10311=CARTESIAN_POINT('',(4.18,-1.18,-1.645));
#10312=VECTOR('',#11451,3.2);
#10313=CARTESIAN_POINT('',(4.18,-1.82,1.555));
#10314=VECTOR('',#11452,3.2);
#10315=CARTESIAN_POINT('',(4.18,-6.12,-7.285));
#10316=CARTESIAN_POINT('',(4.18,-6.12,-6.645));
#10317=CARTESIAN_POINT('',(4.18,-6.12,-7.285));
#10318=VECTOR('',#11453,0.64);
#10319=CARTESIAN_POINT('',(4.18,0.949,-6.645));
#10320=CARTESIAN_POINT('',(4.18,0.949,-6.645));
#10321=VECTOR('',#11454,7.069);
#10322=CARTESIAN_POINT('',(4.18,0.949,-4.285));
#10323=VECTOR('',#11455,2.36);
#10324=CARTESIAN_POINT('',(4.18,-6.12,-7.285));
#10325=VECTOR('',#11456,7.709);
#10326=CARTESIAN_POINT('',(4.18,-6.12,-3.645));
#10327=CARTESIAN_POINT('',(4.18,-6.12,-4.285));
#10328=VECTOR('',#11457,0.64);
#10329=CARTESIAN_POINT('',(4.18,-3.43,-3.645));
#10330=VECTOR('',#11458,2.69);
#10331=CARTESIAN_POINT('',(4.82,-0.32,-4.955));
#10332=VECTOR('',#11459,0.64);
#10333=CARTESIAN_POINT('',(4.36,1.36,2.555));
#10334=CARTESIAN_POINT('',(4.36,1.36,2.555));
#10335=VECTOR('',#11460,1.03189146716103);
#10336=CARTESIAN_POINT('',(4.36,1.64,2.555));
#10337=CARTESIAN_POINT('',(4.36,1.36,2.555));
#10338=VECTOR('',#11461,0.28);
#10339=CARTESIAN_POINT('',(4.18,1.82,1.555));
#10340=VECTOR('',#11462,1.03189146716103);
#10341=CARTESIAN_POINT('',(4.64,1.64,2.555));
#10342=CARTESIAN_POINT('',(4.64,1.64,2.555));
#10343=VECTOR('',#11463,1.03189146716103);
#10344=CARTESIAN_POINT('',(4.82,1.82,1.555));
#10345=VECTOR('',#11464,0.64);
#10346=CARTESIAN_POINT('',(4.64,1.64,2.555));
#10347=VECTOR('',#11465,0.28);
#10348=CARTESIAN_POINT('',(4.64,1.36,2.555));
#10349=CARTESIAN_POINT('',(4.64,1.64,2.555));
#10350=VECTOR('',#11466,0.28);
#10351=CARTESIAN_POINT('',(4.82,1.18,1.555));
#10352=VECTOR('',#11467,1.03189146716103);
#10353=CARTESIAN_POINT('',(4.64,1.36,2.555));
#10354=VECTOR('',#11468,0.28);
#10355=CARTESIAN_POINT('',(4.82,1.18,1.555));
#10356=VECTOR('',#11469,0.64);
#10357=CARTESIAN_POINT('',(4.36,-1.64,2.555));
#10358=CARTESIAN_POINT('',(4.36,-1.64,2.555));
#10359=VECTOR('',#11470,1.03189146716103);
#10360=CARTESIAN_POINT('',(4.36,-1.36,2.555));
#10361=CARTESIAN_POINT('',(4.36,-1.64,2.555));
#10362=VECTOR('',#11471,0.28);
#10363=CARTESIAN_POINT('',(4.36,-1.36,2.555));
#10364=VECTOR('',#11472,1.03189146716103);
#10365=CARTESIAN_POINT('',(4.82,-1.18,1.555));
#10366=VECTOR('',#11473,0.64);
#10367=CARTESIAN_POINT('',(4.64,-1.36,2.555));
#10368=CARTESIAN_POINT('',(4.64,-1.36,2.555));
#10369=VECTOR('',#11474,0.28);
#10370=CARTESIAN_POINT('',(4.64,-1.36,2.555));
#10371=VECTOR('',#11475,1.03189146716103);
#10372=CARTESIAN_POINT('',(4.64,-1.64,2.555));
#10373=CARTESIAN_POINT('',(4.64,-1.36,2.555));
#10374=VECTOR('',#11476,0.28);
#10375=CARTESIAN_POINT('',(4.82,-1.82,1.555));
#10376=VECTOR('',#11477,1.03189146716103);
#10377=CARTESIAN_POINT('',(4.64,-1.64,2.555));
#10378=VECTOR('',#11478,0.28);
#10379=CARTESIAN_POINT('',(4.82,-1.82,1.555));
#10380=VECTOR('',#11479,0.64);
#10381=CARTESIAN_POINT('',(4.36,-7.12,-7.105));
#10382=CARTESIAN_POINT('',(4.36,-7.12,-7.105));
#10383=VECTOR('',#11480,1.03189146716103);
#10384=CARTESIAN_POINT('',(4.36,-7.12,-6.825));
#10385=CARTESIAN_POINT('',(4.36,-7.12,-7.105));
#10386=VECTOR('',#11481,0.28);
#10387=CARTESIAN_POINT('',(4.36,-7.12,-6.825));
#10388=VECTOR('',#11482,1.03189146716103);
#10389=CARTESIAN_POINT('',(4.82,-6.12,-6.645));
#10390=VECTOR('',#11483,0.64);
#10391=CARTESIAN_POINT('',(4.64,-7.12,-6.825));
#10392=CARTESIAN_POINT('',(4.64,-7.12,-6.825));
#10393=VECTOR('',#11484,0.28);
#10394=CARTESIAN_POINT('',(4.64,-7.12,-6.825));
#10395=VECTOR('',#11485,1.03189146716103);
#10396=CARTESIAN_POINT('',(4.82,0.949,-6.645));
#10397=VECTOR('',#11486,0.64);
#10398=CARTESIAN_POINT('',(4.64,-7.12,-7.105));
#10399=CARTESIAN_POINT('',(4.64,-7.12,-6.825));
#10400=VECTOR('',#11487,0.28);
#10401=CARTESIAN_POINT('',(4.82,-6.12,-7.285));
#10402=VECTOR('',#11488,1.03189146716103);
#10403=CARTESIAN_POINT('',(4.64,-7.12,-7.105));
#10404=VECTOR('',#11489,0.28);
#10405=CARTESIAN_POINT('',(4.82,-6.12,-7.285));
#10406=VECTOR('',#11490,0.64);
#10407=CARTESIAN_POINT('',(4.36,-7.12,-4.105));
#10408=CARTESIAN_POINT('',(4.36,-7.12,-4.105));
#10409=VECTOR('',#11491,1.03189146716103);
#10410=CARTESIAN_POINT('',(4.36,-7.12,-3.825));
#10411=CARTESIAN_POINT('',(4.36,-7.12,-4.105));
#10412=VECTOR('',#11492,0.28);
#10413=CARTESIAN_POINT('',(4.36,-7.12,-3.825));
#10414=VECTOR('',#11493,1.03189146716103);
#10415=CARTESIAN_POINT('',(4.82,-6.12,-3.645));
#10416=VECTOR('',#11494,0.64);
#10417=CARTESIAN_POINT('',(4.64,-7.12,-3.825));
#10418=CARTESIAN_POINT('',(4.64,-7.12,-3.825));
#10419=VECTOR('',#11495,0.28);
#10420=CARTESIAN_POINT('',(4.64,-7.12,-3.825));
#10421=VECTOR('',#11496,1.03189146716103);
#10422=CARTESIAN_POINT('',(4.64,-7.12,-4.105));
#10423=CARTESIAN_POINT('',(4.64,-7.12,-3.825));
#10424=VECTOR('',#11497,0.28);
#10425=CARTESIAN_POINT('',(4.82,-6.12,-4.285));
#10426=VECTOR('',#11498,1.03189146716103);
#10427=CARTESIAN_POINT('',(4.64,-7.12,-4.105));
#10428=VECTOR('',#11499,0.28);
#10429=CARTESIAN_POINT('',(6.825,-1.0,-3.685));
#10430=CARTESIAN_POINT('',(6.825,-1.0,-3.685));
#10431=VECTOR('',#11500,0.6);
#10432=CARTESIAN_POINT('',(8.075,-1.0,-3.685));
#10433=VECTOR('',#11501,1.25);
#10434=CARTESIAN_POINT('',(6.825,1.0,-3.685));
#10435=CARTESIAN_POINT('',(8.075,1.0,-3.685));
#10436=VECTOR('',#11502,1.25);
#10437=CARTESIAN_POINT('',(6.825,1.0,-3.685));
#10438=VECTOR('',#11503,2.0);
#10439=CARTESIAN_POINT('',(6.825,1.0,-4.285));
#10440=VECTOR('',#11504,0.6);
#10441=CARTESIAN_POINT('',(-6.440323739038,1.1,3.305));
#10442=VECTOR('',#11505,1.384676260962);
#10443=CARTESIAN_POINT('',(-7.825,1.1,-0.195));
#10444=VECTOR('',#11506,1.384838130481);
#10445=CARTESIAN_POINT('',(7.825,1.1,-0.195));
#10446=VECTOR('',#11507,1.384838130481);
#10447=CARTESIAN_POINT('',(7.775,-2.2,2.805));
#10448=CARTESIAN_POINT('',(7.825,-2.2,2.805));
#10449=VECTOR('',#11508,0.05);
#10450=CARTESIAN_POINT('',(7.775,-2.2,1.605));
#10451=CARTESIAN_POINT('',(7.775,-2.2,1.605));
#10452=VECTOR('',#11509,1.2);
#10453=CARTESIAN_POINT('',(7.825,-2.2,1.605));
#10454=VECTOR('',#11510,0.05);
#10455=CARTESIAN_POINT('',(7.775,-2.35,1.605));
#10456=CARTESIAN_POINT('',(7.775,-2.35,1.605));
#10457=VECTOR('',#11511,0.15);
#10458=CARTESIAN_POINT('',(7.825,-2.35,1.605));
#10459=VECTOR('',#11512,0.05);
#10460=CARTESIAN_POINT('',(7.775,-2.35,2.6007447052));
#10461=CARTESIAN_POINT('',(7.775,-2.35,2.6007447052));
#10462=VECTOR('',#11513,0.9957447052002);
#10463=CARTESIAN_POINT('',(7.825,-2.35,2.6007447052));
#10464=VECTOR('',#11514,0.05);
#10465=CARTESIAN_POINT('',(7.775,-2.5,2.422021250725));
#10466=CARTESIAN_POINT('',(7.775,-2.5,2.422021250725));
#10467=VECTOR('',#11515,0.233328251996204);
#10468=CARTESIAN_POINT('',(7.825,-2.5,2.422021250725));
#10469=VECTOR('',#11516,0.05);
#10470=CARTESIAN_POINT('',(7.775,-2.5,2.62627661705));
#10471=CARTESIAN_POINT('',(7.775,-2.5,2.62627661705));
#10472=VECTOR('',#11517,0.2042553663254);
#10473=CARTESIAN_POINT('',(7.825,-2.5,2.62627661705));
#10474=VECTOR('',#11518,0.05);
#10475=CARTESIAN_POINT('',(7.775,-2.35,2.805));
#10476=CARTESIAN_POINT('',(7.775,-2.35,2.805));
#10477=VECTOR('',#11519,0.233328197209507);
#10478=CARTESIAN_POINT('',(7.825,-2.35,2.805));
#10479=VECTOR('',#11520,0.05);
#10480=CARTESIAN_POINT('',(7.775,-2.2,2.805));
#10481=VECTOR('',#11521,0.15);
#10482=CARTESIAN_POINT('',(7.140485608557,-0.4,-2.695));
#10483=VECTOR('',#11522,0.1);
#10484=CARTESIAN_POINT('',(7.140485608557,0.4,-2.695));
#10485=VECTOR('',#11523,0.1);
#10486=CARTESIAN_POINT('',(6.840485608557,0.4,-2.695));
#10487=VECTOR('',#11524,0.1);
#10488=CARTESIAN_POINT('',(-6.840485608557,-0.4,-2.695));
#10489=VECTOR('',#11525,0.1);
#10490=CARTESIAN_POINT('',(-7.140485608557,-0.4,-2.695));
#10491=VECTOR('',#11526,0.1);
#10492=CARTESIAN_POINT('',(-7.140485608557,0.4,-2.695));
#10493=VECTOR('',#11527,0.1);
#10494=DIRECTION('',(0.0,0.0,-1.0));
#10495=DIRECTION('',(0.0,1.0,0.0));
#10496=DIRECTION('',(0.0,0.0,-1.0));
#10497=DIRECTION('',(0.0,1.0,0.0));
#10498=DIRECTION('',(0.0,0.0,1.0));
#10499=DIRECTION('',(0.0,1.0,0.0));
#10500=DIRECTION('',(0.0,0.0,-1.0));
#10501=DIRECTION('',(0.0,1.0,0.0));
#10502=DIRECTION('',(0.0,-1.0,0.0));
#10503=DIRECTION('',(0.0,0.0,1.0));
#10504=DIRECTION('',(0.0,1.0,0.0));
#10505=DIRECTION('',(0.0,0.0,-1.0));
#10506=DIRECTION('',(0.0,-1.0,0.0));
#10507=DIRECTION('',(0.0,1.0,0.0));
#10508=DIRECTION('',(-1.0,0.0,0.0));
#10509=DIRECTION('',(0.0,0.0,-1.0));
#10510=DIRECTION('',(1.0,0.0,0.0));
#10511=DIRECTION('',(0.0,1.0,0.0));
#10512=DIRECTION('',(1.0,0.0,0.0));
#10513=DIRECTION('',(1.0,0.0,0.0));
#10514=DIRECTION('',(0.0,0.0,-1.0));
#10515=DIRECTION('',(1.0,0.0,0.0));
#10516=DIRECTION('',(0.0,0.0,-1.0));
#10517=DIRECTION('',(0.0,-1.0,0.0));
#10518=DIRECTION('',(1.0,0.0,0.0));
#10519=DIRECTION('',(0.0,1.0,0.0));
#10520=DIRECTION('',(1.0,0.0,0.0));
#10521=DIRECTION('',(0.0,-1.0,0.0));
#10522=DIRECTION('',(-1.0,0.0,0.0));
#10523=DIRECTION('',(0.0,0.0,-1.0));
#10524=DIRECTION('',(0.0,-1.0,0.0));
#10525=DIRECTION('',(0.0,0.0,-1.0));
#10526=DIRECTION('',(0.0,0.0,-1.0));
#10527=DIRECTION('',(1.0,0.0,0.0));
#10528=DIRECTION('',(-1.0,0.0,0.0));
#10529=DIRECTION('',(0.0,-1.0,0.0));
#10530=DIRECTION('',(0.0,0.0,-1.0));
#10531=DIRECTION('',(0.0,1.0,0.0));
#10532=DIRECTION('',(0.0,0.0,-1.0));
#10533=DIRECTION('',(0.0,-1.0,0.0));
#10534=DIRECTION('',(0.0,0.0,1.0));
#10535=DIRECTION('',(0.0,1.0,0.0));
#10536=DIRECTION('',(0.0,1.0,0.0));
#10537=DIRECTION('',(-1.0,0.0,0.0));
#10538=DIRECTION('',(0.0,-1.0,0.0));
#10539=DIRECTION('',(1.0,0.0,0.0));
#10540=DIRECTION('',(0.0,1.0,0.0));
#10541=DIRECTION('',(1.0,0.0,0.0));
#10542=DIRECTION('',(0.0,1.0,0.0));
#10543=DIRECTION('',(-1.0,0.0,0.0));
#10544=DIRECTION('',(0.0,1.0,0.0));
#10545=DIRECTION('',(-1.0,0.0,0.0));
#10546=DIRECTION('',(0.0,-1.0,0.0));
#10547=DIRECTION('',(1.0,0.0,0.0));
#10548=DIRECTION('',(0.0,-1.0,0.0));
#10549=DIRECTION('',(-1.0,0.0,0.0));
#10550=DIRECTION('',(0.0,0.0,1.0));
#10551=DIRECTION('',(-1.0,0.0,0.0));
#10552=DIRECTION('',(0.0,0.0,-1.0));
#10553=DIRECTION('',(0.0,0.0,-1.0));
#10554=DIRECTION('',(0.0,1.0,0.0));
#10555=DIRECTION('',(-1.0,0.0,0.0));
#10556=DIRECTION('',(0.0,1.0,0.0));
#10557=DIRECTION('',(0.0,-1.0,0.0));
#10558=DIRECTION('',(-1.0,0.0,0.0));
#10559=DIRECTION('',(0.0,1.0,0.0));
#10560=DIRECTION('',(1.0,0.0,0.0));
#10561=DIRECTION('',(0.0,0.0,-1.0));
#10562=DIRECTION('',(0.0,0.0,-1.0));
#10563=DIRECTION('',(0.0,0.0,-1.0));
#10564=DIRECTION('',(-1.0,0.0,0.0));
#10565=DIRECTION('',(0.0,0.0,-1.0));
#10566=DIRECTION('',(0.0,1.0,0.0));
#10567=DIRECTION('',(0.0,0.0,1.0));
#10568=DIRECTION('',(0.0,-1.0,0.0));
#10569=DIRECTION('',(0.0,0.0,1.0));
#10570=DIRECTION('',(0.0,1.0,0.0));
#10571=DIRECTION('',(0.0,0.0,1.0));
#10572=DIRECTION('',(0.0,-1.0,0.0));
#10573=DIRECTION('',(0.0,0.0,-1.0));
#10574=DIRECTION('',(0.0,1.0,0.0));
#10575=DIRECTION('',(0.0,1.0,0.0));
#10576=DIRECTION('',(-1.0,0.0,0.0));
#10577=DIRECTION('',(0.0,0.0,-1.0));
#10578=DIRECTION('',(0.0,1.0,0.0));
#10579=DIRECTION('',(0.0,-1.0,0.0));
#10580=DIRECTION('',(0.0,0.0,-1.0));
#10581=DIRECTION('',(0.0,1.0,0.0));
#10582=DIRECTION('',(0.0,0.0,1.0));
#10583=DIRECTION('',(0.0,-1.0,0.0));
#10584=DIRECTION('',(0.0,1.0,0.0));
#10585=DIRECTION('',(0.0,0.0,-1.0));
#10586=DIRECTION('',(0.0,1.0,0.0));
#10587=DIRECTION('',(0.0,0.0,1.0));
#10588=DIRECTION('',(0.0,1.0,0.0));
#10589=DIRECTION('',(0.0,0.0,-1.0));
#10590=DIRECTION('',(0.0,0.64287114276419,0.765974342782488));
#10591=DIRECTION('',(0.0,0.0,-1.0));
#10592=DIRECTION('',(0.0,-0.642871293713882,-0.765974216092578));
#10593=DIRECTION('',(0.0,-1.0,0.0));
#10594=DIRECTION('',(-1.0,0.0,0.0));
#10595=DIRECTION('',(-1.0,0.0,0.0));
#10596=DIRECTION('',(-1.0,0.0,0.0));
#10597=DIRECTION('',(-1.0,0.0,0.0));
#10598=DIRECTION('',(-0.642787609686505,0.0,0.766044443119007));
#10599=DIRECTION('',(-0.642787609686505,0.0,-0.766044443119007));
#10600=DIRECTION('',(-1.0,0.0,0.0));
#10601=DIRECTION('',(-0.642787609686505,0.0,0.766044443119007));
#10602=DIRECTION('',(-0.642787609686505,0.0,0.766044443119007));
#10603=DIRECTION('',(0.0,-1.0,0.0));
#10604=DIRECTION('',(0.0,-1.0,0.0));
#10605=DIRECTION('',(-0.642787609686505,0.0,0.766044443119007));
#10606=DIRECTION('',(-0.625113629922105,-0.232885469971002,0.744981414239305));
#10607=DIRECTION('',(-0.642787609686505,0.0,-0.766044443119007));
#10608=DIRECTION('',(-1.0,0.0,0.0));
#10609=DIRECTION('',(0.0,-1.0,0.0));
#10610=DIRECTION('',(-0.642787609686505,0.0,-0.766044443119007));
#10611=DIRECTION('',(-0.625113629922105,0.232885469971002,-0.744981414239305));
#10612=DIRECTION('',(-0.642787609686505,0.0,-0.766044443119007));
#10613=DIRECTION('',(0.0,-1.0,0.0));
#10614=DIRECTION('',(0.0,0.0,1.0));
#10615=DIRECTION('',(-1.0,0.0,0.0));
#10616=DIRECTION('',(0.0,0.0,1.0));
#10617=DIRECTION('',(1.0,0.0,0.0));
#10618=DIRECTION('',(1.0,0.0,0.0));
#10619=DIRECTION('',(1.0,0.0,0.0));
#10620=DIRECTION('',(0.0,0.0,-1.0));
#10621=DIRECTION('',(-1.0,0.0,0.0));
#10622=DIRECTION('',(0.0,0.0,1.0));
#10623=DIRECTION('',(1.0,0.0,0.0));
#10624=DIRECTION('',(0.0,0.0,-1.0));
#10625=DIRECTION('',(1.0,0.0,0.0));
#10626=DIRECTION('',(0.0,0.0,-1.0));
#10627=DIRECTION('',(1.0,0.0,0.0));
#10628=DIRECTION('',(0.0,-0.644702799660219,0.764433319597122));
#10629=DIRECTION('',(0.0,0.0,1.0));
#10630=DIRECTION('',(0.0,1.0,0.0));
#10631=CARTESIAN_POINT('',(-0.7,4.18,1.255));
#10632=DIRECTION('',(-1.0,0.0,0.0));
#10633=DIRECTION('',(0.0,-1.0,0.0));
#10634=DIRECTION('',(1.0,0.0,0.0));
#10635=CARTESIAN_POINT('',(0.7,4.18,1.255));
#10636=DIRECTION('',(-1.0,0.0,0.0));
#10637=DIRECTION('',(0.0,-1.0,0.0));
#10638=DIRECTION('',(0.0,1.0,0.0));
#10639=DIRECTION('',(0.0,0.0,1.0));
#10640=DIRECTION('',(0.0,-0.644702799660219,0.764433319597122));
#10641=DIRECTION('',(1.0,0.0,0.0));
#10642=DIRECTION('',(1.0,0.0,0.0));
#10643=DIRECTION('',(0.0,1.0,0.0));
#10644=DIRECTION('',(0.0,-1.0,0.0));
#10645=DIRECTION('',(0.0,0.0,1.0));
#10646=DIRECTION('',(0.0,-1.0,0.0));
#10647=DIRECTION('',(1.0,0.0,0.0));
#10648=DIRECTION('',(0.0,-1.0,0.0));
#10649=DIRECTION('',(-1.0,0.0,0.0));
#10650=DIRECTION('',(0.0,1.0,0.0));
#10651=DIRECTION('',(-1.0,0.0,0.0));
#10652=DIRECTION('',(0.0,1.0,0.0));
#10653=DIRECTION('',(1.0,0.0,0.0));
#10654=DIRECTION('',(0.0,1.0,0.0));
#10655=DIRECTION('',(0.0,-1.0,0.0));
#10656=DIRECTION('',(-1.0,0.0,0.0));
#10657=DIRECTION('',(0.0,-1.0,0.0));
#10658=DIRECTION('',(1.0,0.0,0.0));
#10659=DIRECTION('',(0.0,-1.0,0.0));
#10660=DIRECTION('',(-1.0,0.0,0.0));
#10661=DIRECTION('',(0.0,1.0,0.0));
#10662=DIRECTION('',(1.0,0.0,0.0));
#10663=DIRECTION('',(0.0,1.0,0.0));
#10664=DIRECTION('',(-1.0,0.0,0.0));
#10665=DIRECTION('',(0.0,-1.0,0.0));
#10666=DIRECTION('',(1.0,0.0,0.0));
#10667=DIRECTION('',(0.0,-1.0,0.0));
#10668=DIRECTION('',(-1.0,0.0,0.0));
#10669=DIRECTION('',(0.0,1.0,0.0));
#10670=DIRECTION('',(1.0,0.0,0.0));
#10671=DIRECTION('',(0.0,1.0,0.0));
#10672=DIRECTION('',(-1.0,0.0,0.0));
#10673=DIRECTION('',(0.0,-1.0,0.0));
#10674=DIRECTION('',(-1.0,0.0,0.0));
#10675=DIRECTION('',(0.0,1.0,0.0));
#10676=DIRECTION('',(-1.0,0.0,0.0));
#10677=DIRECTION('',(0.0,-1.0,0.0));
#10678=DIRECTION('',(1.0,0.0,0.0));
#10679=DIRECTION('',(0.0,-1.0,0.0));
#10680=DIRECTION('',(1.0,0.0,0.0));
#10681=DIRECTION('',(0.0,-1.0,0.0));
#10682=DIRECTION('',(-1.0,0.0,0.0));
#10683=DIRECTION('',(0.0,1.0,0.0));
#10684=DIRECTION('',(-1.0,0.0,0.0));
#10685=DIRECTION('',(0.0,-1.0,0.0));
#10686=DIRECTION('',(1.0,0.0,0.0));
#10687=DIRECTION('',(0.0,1.0,0.0));
#10688=DIRECTION('',(1.0,0.0,0.0));
#10689=DIRECTION('',(0.0,1.0,0.0));
#10690=DIRECTION('',(-1.0,0.0,0.0));
#10691=DIRECTION('',(0.0,0.0,1.0));
#10692=DIRECTION('',(0.0,0.0,1.0));
#10693=DIRECTION('',(0.0,1.0,0.0));
#10694=DIRECTION('',(0.0,-1.0,0.0));
#10695=DIRECTION('',(0.0,0.0,1.0));
#10696=DIRECTION('',(0.0,0.0,-1.0));
#10697=DIRECTION('',(0.0,1.0,8.074349270001E-14));
#10698=DIRECTION('',(0.0,0.0,-1.0));
#10699=DIRECTION('',(0.0,-1.0,0.0));
#10700=DIRECTION('',(0.0,0.0,-1.0));
#10701=DIRECTION('',(0.0,1.0,0.0));
#10702=DIRECTION('',(0.0,0.0,-1.0));
#10703=DIRECTION('',(0.0,1.0,0.0));
#10704=DIRECTION('',(0.0,0.0,-1.0));
#10705=DIRECTION('',(0.0,-1.0,0.0));
#10706=DIRECTION('',(0.0,0.0,-1.0));
#10707=DIRECTION('',(1.0,0.0,0.0));
#10708=DIRECTION('',(0.0,0.0,1.0));
#10709=DIRECTION('',(0.0,0.0,1.0));
#10710=DIRECTION('',(1.0,0.0,0.0));
#10711=DIRECTION('',(0.0,0.0,1.0));
#10712=DIRECTION('',(0.0,0.0,1.0));
#10713=DIRECTION('',(1.0,0.0,0.0));
#10714=DIRECTION('',(0.0,0.0,1.0));
#10715=DIRECTION('',(0.0,0.0,1.0));
#10716=DIRECTION('',(0.0,0.0,1.0));
#10717=DIRECTION('',(1.0,0.0,0.0));
#10718=DIRECTION('',(0.0,0.0,1.0));
#10719=DIRECTION('',(1.0,0.0,0.0));
#10720=DIRECTION('',(0.0,0.0,1.0));
#10721=DIRECTION('',(0.0,1.0,0.0));
#10722=DIRECTION('',(0.0,0.0,-1.0));
#10723=DIRECTION('',(0.0,-1.0,0.0));
#10724=DIRECTION('',(0.0,0.0,1.0));
#10725=DIRECTION('',(0.0,1.0,0.0));
#10726=DIRECTION('',(0.0,0.0,1.0));
#10727=DIRECTION('',(0.0,-1.0,0.0));
#10728=DIRECTION('',(0.0,0.0,-1.0));
#10729=DIRECTION('',(0.0,1.0,0.0));
#10730=DIRECTION('',(-1.0,0.0,0.0));
#10731=DIRECTION('',(0.0,1.0,0.0));
#10732=DIRECTION('',(0.0,1.0,0.0));
#10733=DIRECTION('',(0.0,1.0,0.0));
#10734=DIRECTION('',(-1.0,0.0,0.0));
#10735=DIRECTION('',(0.0,1.0,0.0));
#10736=DIRECTION('',(1.0,0.0,0.0));
#10737=DIRECTION('',(0.0,1.0,0.0));
#10738=DIRECTION('',(-1.0,0.0,0.0));
#10739=DIRECTION('',(0.0,1.0,8.074349270001E-14));
#10740=DIRECTION('',(0.0,1.0,0.0));
#10741=DIRECTION('',(0.0,1.0,0.0));
#10742=DIRECTION('',(0.0,1.0,0.0));
#10743=DIRECTION('',(0.0,1.0,0.0));
#10744=DIRECTION('',(-1.0,0.0,0.0));
#10745=DIRECTION('',(0.0,1.0,0.0));
#10746=DIRECTION('',(0.0,1.0,0.0));
#10747=DIRECTION('',(0.0,1.0,0.0));
#10748=DIRECTION('',(0.0,1.0,0.0));
#10749=DIRECTION('',(0.0,1.0,8.074349270001E-14));
#10750=DIRECTION('',(-1.0,0.0,0.0));
#10751=DIRECTION('',(2.0185873175E-14,1.0,8.074349270001E-14));
#10752=DIRECTION('',(0.0,1.0,0.0));
#10753=DIRECTION('',(0.0,1.0,0.0));
#10754=DIRECTION('',(0.0,1.0,0.0));
#10755=DIRECTION('',(0.0,1.0,0.0));
#10756=DIRECTION('',(-1.0,0.0,0.0));
#10757=DIRECTION('',(0.0,1.0,0.0));
#10758=DIRECTION('',(0.0,1.0,0.0));
#10759=DIRECTION('',(0.0,1.0,0.0));
#10760=DIRECTION('',(0.0,1.0,0.0));
#10761=DIRECTION('',(-4.037174635001E-14,1.0,8.074349270001E-14));
#10762=DIRECTION('',(-1.0,0.0,0.0));
#10763=DIRECTION('',(0.0,1.0,8.074349270001E-14));
#10764=DIRECTION('',(0.0,1.0,0.0));
#10765=DIRECTION('',(0.0,1.0,0.0));
#10766=DIRECTION('',(0.0,1.0,0.0));
#10767=DIRECTION('',(0.0,1.0,0.0));
#10768=DIRECTION('',(-1.0,0.0,0.0));
#10769=DIRECTION('',(0.0,1.0,0.0));
#10770=DIRECTION('',(0.0,1.0,0.0));
#10771=DIRECTION('',(0.0,1.0,0.0));
#10772=DIRECTION('',(0.0,1.0,0.0));
#10773=DIRECTION('',(0.0,1.0,8.074349270001E-14));
#10774=DIRECTION('',(-1.0,0.0,0.0));
#10775=DIRECTION('',(0.0,1.0,8.074349270001E-14));
#10776=DIRECTION('',(0.0,1.0,0.0));
#10777=DIRECTION('',(0.0,1.0,0.0));
#10778=DIRECTION('',(0.0,1.0,0.0));
#10779=DIRECTION('',(0.0,1.0,0.0));
#10780=DIRECTION('',(-1.0,0.0,0.0));
#10781=DIRECTION('',(0.0,1.0,0.0));
#10782=DIRECTION('',(0.0,1.0,0.0));
#10783=DIRECTION('',(-1.0,0.0,0.0));
#10784=DIRECTION('',(1.0,0.0,0.0));
#10785=DIRECTION('',(0.0,1.0,0.0));
#10786=DIRECTION('',(-1.0,0.0,0.0));
#10787=DIRECTION('',(0.0,1.0,0.0));
#10788=DIRECTION('',(-1.0,0.0,0.0));
#10789=DIRECTION('',(0.0,1.0,0.0));
#10790=DIRECTION('',(0.0,1.0,0.0));
#10791=DIRECTION('',(0.0,1.0,0.0));
#10792=DIRECTION('',(0.0,1.0,0.0));
#10793=DIRECTION('',(-1.0,0.0,0.0));
#10794=DIRECTION('',(0.0,1.0,0.0));
#10795=DIRECTION('',(0.0,1.0,0.0));
#10796=DIRECTION('',(0.0,1.0,0.0));
#10797=DIRECTION('',(0.0,1.0,0.0));
#10798=DIRECTION('',(-1.0,0.0,0.0));
#10799=DIRECTION('',(0.0,1.0,0.0));
#10800=DIRECTION('',(0.0,1.0,0.0));
#10801=DIRECTION('',(0.0,1.0,0.0));
#10802=DIRECTION('',(0.0,0.0,-1.0));
#10803=DIRECTION('',(0.0,1.0,0.0));
#10804=DIRECTION('',(0.0,0.0,1.0));
#10805=DIRECTION('',(0.0,-1.0,0.0));
#10806=DIRECTION('',(0.0,0.0,-1.0));
#10807=DIRECTION('',(0.0,1.0,0.0));
#10808=DIRECTION('',(0.0,0.0,1.0));
#10809=DIRECTION('',(0.0,-1.0,0.0));
#10810=DIRECTION('',(0.0,0.0,-1.0));
#10811=DIRECTION('',(0.0,1.0,0.0));
#10812=DIRECTION('',(0.0,0.0,1.0));
#10813=DIRECTION('',(0.0,0.0,-1.0));
#10814=DIRECTION('',(0.0,1.0,0.0));
#10815=DIRECTION('',(0.0,0.0,1.0));
#10816=DIRECTION('',(0.0,0.0,-1.0));
#10817=DIRECTION('',(0.0,-1.0,0.0));
#10818=DIRECTION('',(0.0,0.0,-1.0));
#10819=DIRECTION('',(0.0,0.0,1.0));
#10820=DIRECTION('',(0.0,-1.0,0.0));
#10821=DIRECTION('',(-1.0,0.0,0.0));
#10822=DIRECTION('',(0.0,0.0,1.0));
#10823=DIRECTION('',(0.0,0.0,1.0));
#10824=DIRECTION('',(1.0,0.0,0.0));
#10825=DIRECTION('',(0.0,0.0,-1.0));
#10826=DIRECTION('',(0.0,0.0,1.0));
#10827=DIRECTION('',(0.0,0.0,-1.0));
#10828=DIRECTION('',(0.0,-1.0,0.0));
#10829=DIRECTION('',(0.0,0.0,-1.0));
#10830=DIRECTION('',(0.0,-1.0,0.0));
#10831=DIRECTION('',(0.0,0.0,1.0));
#10832=DIRECTION('',(0.0,0.0,-1.0));
#10833=DIRECTION('',(0.0,0.0,-1.0));
#10834=DIRECTION('',(0.0,-1.0,0.0));
#10835=DIRECTION('',(0.0,0.0,-1.0));
#10836=DIRECTION('',(0.0,0.0,1.0));
#10837=DIRECTION('',(0.0,0.0,1.0));
#10838=DIRECTION('',(0.0,0.0,1.0));
#10839=DIRECTION('',(0.0,0.0,1.0));
#10840=DIRECTION('',(1.0,0.0,0.0));
#10841=DIRECTION('',(0.0,0.0,1.0));
#10842=DIRECTION('',(0.0,0.0,1.0));
#10843=DIRECTION('',(0.0,0.0,1.0));
#10844=DIRECTION('',(0.0,0.0,1.0));
#10845=DIRECTION('',(-1.0,0.0,0.0));
#10846=DIRECTION('',(0.0,0.0,1.0));
#10847=DIRECTION('',(0.0,0.0,-1.0));
#10848=DIRECTION('',(0.0,0.0,-1.0));
#10849=DIRECTION('',(1.0,0.0,0.0));
#10850=DIRECTION('',(0.0,0.0,-1.0));
#10851=DIRECTION('',(-1.0,0.0,0.0));
#10852=DIRECTION('',(0.0,0.0,-1.0));
#10853=DIRECTION('',(0.0,0.0,1.0));
#10854=DIRECTION('',(0.0,0.0,1.0));
#10855=DIRECTION('',(1.0,0.0,0.0));
#10856=DIRECTION('',(0.0,0.0,1.0));
#10857=DIRECTION('',(0.0,0.0,1.0));
#10858=DIRECTION('',(1.0,0.0,0.0));
#10859=DIRECTION('',(0.0,0.0,-1.0));
#10860=DIRECTION('',(-1.0,0.0,0.0));
#10861=DIRECTION('',(0.0,0.0,-1.0));
#10862=DIRECTION('',(1.0,0.0,0.0));
#10863=DIRECTION('',(0.0,0.0,1.0));
#10864=DIRECTION('',(-1.0,0.0,0.0));
#10865=DIRECTION('',(0.0,0.0,1.0));
#10866=DIRECTION('',(1.0,0.0,0.0));
#10867=DIRECTION('',(0.0,1.0,0.0));
#10868=DIRECTION('',(0.0,1.0,0.0));
#10869=DIRECTION('',(0.0,0.0,-1.0));
#10870=DIRECTION('',(0.0,-1.0,0.0));
#10871=DIRECTION('',(0.0,-1.0,0.0));
#10872=DIRECTION('',(0.0,0.0,-1.0));
#10873=DIRECTION('',(0.0,1.0,0.0));
#10874=DIRECTION('',(0.0,1.0,0.0));
#10875=DIRECTION('',(0.0,0.866025403784429,-0.500000000000017));
#10876=CARTESIAN_POINT('',(2.85,-6.87,-0.1771241419778));
#10877=DIRECTION('',(1.0,0.0,0.0));
#10878=DIRECTION('',(0.0,-1.0,0.0));
#10879=DIRECTION('',(0.0,0.0,-1.0));
#10880=CARTESIAN_POINT('',(2.85,-6.87,0.8871241419778));
#10881=DIRECTION('',(-1.0,0.0,0.0));
#10882=DIRECTION('',(0.0,-1.0,0.0));
#10883=DIRECTION('',(0.0,0.866025403784429,0.500000000000017));
#10884=DIRECTION('',(0.0,-1.0,0.0));
#10885=DIRECTION('',(-1.0,0.0,0.0));
#10886=DIRECTION('',(0.0,1.0,0.0));
#10887=DIRECTION('',(1.0,0.0,0.0));
#10888=DIRECTION('',(0.0,1.0,0.0));
#10889=CARTESIAN_POINT('',(2.85,-5.69,0.355));
#10890=DIRECTION('',(0.0,-1.0,0.0));
#10891=DIRECTION('',(0.63897106637829,0.0,-0.769230769230788));
#10892=DIRECTION('',(-1.0,0.0,0.0));
#10893=CARTESIAN_POINT('',(2.85,-5.69,0.355));
#10894=DIRECTION('',(0.0,-1.0,-0.0));
#10895=DIRECTION('',(-2.264854970235E-14,0.0,-1.0));
#10896=CARTESIAN_POINT('',(2.85,-3.94,0.355));
#10897=DIRECTION('',(0.0,-1.0,0.0));
#10898=DIRECTION('',(0.0,0.0,-1.0));
#10899=CARTESIAN_POINT('',(2.85,-3.94,0.355));
#10900=DIRECTION('',(0.0,-1.0,0.0));
#10901=DIRECTION('',(1.0,0.0,0.0));
#10902=DIRECTION('',(1.0,0.0,0.0));
#10903=DIRECTION('',(0.0,0.0,1.0));
#10904=DIRECTION('',(0.0,0.0,1.0));
#10905=DIRECTION('',(-1.0,0.0,0.0));
#10906=DIRECTION('',(0.0,-1.0,0.0));
#10907=DIRECTION('',(0.0,-1.0,0.0));
#10908=DIRECTION('',(0.0,-1.0,0.0));
#10909=DIRECTION('',(0.0,1.0,0.0));
#10910=DIRECTION('',(0.0,1.0,0.0));
#10911=DIRECTION('',(1.0,0.0,0.0));
#10912=CARTESIAN_POINT('',(2.85,-6.995,0.355));
#10913=DIRECTION('',(0.0,-1.0,0.0));
#10914=DIRECTION('',(0.0,0.0,-1.0));
#10915=CARTESIAN_POINT('',(2.85,-6.04,0.355));
#10916=DIRECTION('',(0.0,-1.0,0.0));
#10917=DIRECTION('',(0.63897106637829,0.0,-0.769230769230788));
#10918=CARTESIAN_POINT('',(2.85,-7.12,0.355));
#10919=DIRECTION('',(0.0,-1.0,0.0));
#10920=DIRECTION('',(0.0,0.0,-1.0));
#10921=DIRECTION('',(0.0,0.866025403784429,0.500000000000017));
#10922=CARTESIAN_POINT('',(-2.85,-6.87,0.8871241419778));
#10923=DIRECTION('',(-1.0,0.0,0.0));
#10924=DIRECTION('',(0.0,-1.0,0.0));
#10925=DIRECTION('',(0.0,0.0,-1.0));
#10926=CARTESIAN_POINT('',(-2.85,-6.87,-0.1771241419778));
#10927=DIRECTION('',(1.0,0.0,0.0));
#10928=DIRECTION('',(0.0,-1.0,0.0));
#10929=DIRECTION('',(0.0,0.866025403784429,-0.500000000000017));
#10930=DIRECTION('',(0.0,1.0,0.0));
#10931=DIRECTION('',(0.0,0.0,-1.0));
#10932=DIRECTION('',(0.0,-1.0,0.0));
#10933=DIRECTION('',(0.0,-1.0,0.0));
#10934=DIRECTION('',(0.0,0.0,-1.0));
#10935=DIRECTION('',(0.0,1.0,0.0));
#10936=CARTESIAN_POINT('',(-2.85,-5.69,0.355));
#10937=DIRECTION('',(0.0,1.0,0.0));
#10938=DIRECTION('',(0.0,0.0,-1.0));
#10939=CARTESIAN_POINT('',(-2.85,-3.94,0.355));
#10940=DIRECTION('',(0.0,1.0,0.0));
#10941=DIRECTION('',(-1.0,0.0,0.0));
#10942=CARTESIAN_POINT('',(-2.85,-3.94,0.355));
#10943=DIRECTION('',(0.0,1.0,0.0));
#10944=DIRECTION('',(0.0,0.0,-1.0));
#10945=CARTESIAN_POINT('',(-2.85,-5.69,0.355));
#10946=DIRECTION('',(0.0,1.0,0.0));
#10947=DIRECTION('',(-0.63897106637829,0.0,-0.769230769230788));
#10948=CARTESIAN_POINT('',(-2.85,-6.04,0.355));
#10949=DIRECTION('',(0.0,1.0,0.0));
#10950=DIRECTION('',(-0.63897106637829,0.0,-0.769230769230788));
#10951=CARTESIAN_POINT('',(-2.85,-6.995,0.355));
#10952=DIRECTION('',(0.0,1.0,0.0));
#10953=DIRECTION('',(0.0,0.0,-1.0));
#10954=CARTESIAN_POINT('',(-2.85,-7.12,0.355));
#10955=DIRECTION('',(0.0,1.0,0.0));
#10956=DIRECTION('',(0.0,0.0,-1.0));
#10957=DIRECTION('',(1.0,0.0,0.0));
#10958=DIRECTION('',(0.0,0.0,1.0));
#10959=DIRECTION('',(0.0,0.0,1.0));
#10960=DIRECTION('',(-1.0,0.0,0.0));
#10961=DIRECTION('',(0.0,-1.0,0.0));
#10962=DIRECTION('',(0.0,-1.0,0.0));
#10963=DIRECTION('',(0.0,0.0,-1.0));
#10964=DIRECTION('',(0.0,1.0,0.0));
#10965=DIRECTION('',(0.0,0.0,1.0));
#10966=DIRECTION('',(0.0,-1.0,0.0));
#10967=DIRECTION('',(0.0,0.0,-1.0));
#10968=DIRECTION('',(0.0,1.0,0.0));
#10969=DIRECTION('',(0.0,0.0,1.0));
#10970=DIRECTION('',(0.0,-1.0,0.0));
#10971=DIRECTION('',(0.0,0.0,-1.0));
#10972=DIRECTION('',(0.0,1.0,0.0));
#10973=DIRECTION('',(0.0,0.0,1.0));
#10974=DIRECTION('',(0.0,0.0,-1.0));
#10975=DIRECTION('',(0.0,1.0,0.0));
#10976=DIRECTION('',(0.0,0.0,1.0));
#10977=DIRECTION('',(0.0,0.0,-1.0));
#10978=DIRECTION('',(0.0,-1.0,0.0));
#10979=DIRECTION('',(0.0,1.0,0.0));
#10980=DIRECTION('',(0.0,0.0,-1.0));
#10981=DIRECTION('',(-1.0,0.0,0.0));
#10982=DIRECTION('',(0.0,0.0,1.0));
#10983=DIRECTION('',(0.0,0.0,1.0));
#10984=DIRECTION('',(1.0,0.0,0.0));
#10985=DIRECTION('',(0.0,0.0,-1.0));
#10986=DIRECTION('',(0.0,0.0,-1.0));
#10987=DIRECTION('',(0.0,-1.0,0.0));
#10988=DIRECTION('',(0.0,0.0,-1.0));
#10989=DIRECTION('',(0.0,-1.0,0.0));
#10990=DIRECTION('',(0.0,0.0,1.0));
#10991=DIRECTION('',(0.0,0.0,-1.0));
#10992=DIRECTION('',(0.0,0.0,-1.0));
#10993=DIRECTION('',(0.0,-1.0,0.0));
#10994=DIRECTION('',(0.0,0.0,-1.0));
#10995=DIRECTION('',(1.0,0.0,0.0));
#10996=DIRECTION('',(0.0,0.0,1.0));
#10997=DIRECTION('',(0.0,0.0,-1.0));
#10998=DIRECTION('',(-1.0,0.0,0.0));
#10999=DIRECTION('',(0.0,1.0,0.0));
#11000=DIRECTION('',(0.0,1.0,0.0));
#11001=DIRECTION('',(0.0,0.0,1.0));
#11002=DIRECTION('',(0.0,1.0,0.0));
#11003=DIRECTION('',(0.0,0.0,-1.0));
#11004=DIRECTION('',(0.0,1.0,0.0));
#11005=DIRECTION('',(0.0,0.0,1.0));
#11006=DIRECTION('',(0.0,1.0,0.0));
#11007=DIRECTION('',(0.0,0.0,-1.0));
#11008=DIRECTION('',(0.0,0.0,1.0));
#11009=DIRECTION('',(0.0,-1.0,0.0));
#11010=DIRECTION('',(0.0,0.0,-1.0));
#11011=DIRECTION('',(0.0,0.0,1.0));
#11012=DIRECTION('',(0.0,1.0,0.0));
#11013=DIRECTION('',(0.0,1.0,0.0));
#11014=DIRECTION('',(0.0,0.0,1.0));
#11015=DIRECTION('',(-0.174436949745496,-0.174436949745496,-0.969094165252776));
#11016=DIRECTION('',(0.0,1.0,0.0));
#11017=DIRECTION('',(0.174436949745496,-0.174436949745496,0.969094165252776));
#11018=DIRECTION('',(0.174436949745496,0.174436949745496,-0.969094165252776));
#11019=DIRECTION('',(-1.0,0.0,0.0));
#11020=DIRECTION('',(-1.0,0.0,0.0));
#11021=DIRECTION('',(0.0,-1.0,0.0));
#11022=DIRECTION('',(-0.174436949745496,0.174436949745496,0.969094165252776));
#11023=DIRECTION('',(-1.0,0.0,0.0));
#11024=DIRECTION('',(-1.0,0.0,0.0));
#11025=DIRECTION('',(1.0,0.0,0.0));
#11026=DIRECTION('',(0.0,-1.0,0.0));
#11027=DIRECTION('',(0.707106781186548,-0.707106781186548,0.0));
#11028=DIRECTION('',(1.0,0.0,0.0));
#11029=DIRECTION('',(0.0,1.0,0.0));
#11030=DIRECTION('',(-1.0,0.0,0.0));
#11031=DIRECTION('',(0.0,1.0,0.0));
#11032=DIRECTION('',(1.0,0.0,0.0));
#11033=DIRECTION('',(0.0,1.0,0.0));
#11034=DIRECTION('',(1.0,0.0,0.0));
#11035=DIRECTION('',(-1.0,0.0,0.0));
#11036=DIRECTION('',(0.0,-1.0,0.0));
#11037=DIRECTION('',(0.707106781186548,-0.707106781186548,0.0));
#11038=DIRECTION('',(1.0,0.0,0.0));
#11039=DIRECTION('',(0.0,1.0,0.0));
#11040=DIRECTION('',(0.0,1.0,0.0));
#11041=DIRECTION('',(1.0,0.0,0.0));
#11042=DIRECTION('',(0.0,1.0,0.0));
#11043=DIRECTION('',(1.0,0.0,0.0));
#11044=DIRECTION('',(0.0,-1.0,0.0));
#11045=DIRECTION('',(1.0,0.0,0.0));
#11046=DIRECTION('',(0.707106781186548,0.707106781186548,0.0));
#11047=DIRECTION('',(0.0,1.0,0.0));
#11048=DIRECTION('',(-1.0,0.0,0.0));
#11049=DIRECTION('',(0.0,1.0,0.0));
#11050=DIRECTION('',(1.0,0.0,0.0));
#11051=DIRECTION('',(0.0,1.0,0.0));
#11052=DIRECTION('',(1.0,0.0,0.0));
#11053=DIRECTION('',(1.0,0.0,0.0));
#11054=DIRECTION('',(0.707106781186548,0.707106781186548,0.0));
#11055=DIRECTION('',(0.0,1.0,0.0));
#11056=DIRECTION('',(-1.0,0.0,0.0));
#11057=DIRECTION('',(0.0,-1.0,0.0));
#11058=DIRECTION('',(0.0,1.0,0.0));
#11059=DIRECTION('',(1.0,0.0,0.0));
#11060=DIRECTION('',(0.0,1.0,0.0));
#11061=DIRECTION('',(1.0,0.0,0.0));
#11062=DIRECTION('',(1.0,0.0,0.0));
#11063=DIRECTION('',(0.0,1.0,0.0));
#11064=DIRECTION('',(-1.0,0.0,0.0));
#11065=DIRECTION('',(0.0,-1.0,0.0));
#11066=DIRECTION('',(0.707106781186548,-0.707106781186548,0.0));
#11067=DIRECTION('',(1.0,0.0,0.0));
#11068=DIRECTION('',(-1.0,0.0,0.0));
#11069=DIRECTION('',(0.0,-1.0,0.0));
#11070=DIRECTION('',(0.707106781186548,-0.707106781186548,0.0));
#11071=DIRECTION('',(1.0,0.0,0.0));
#11072=DIRECTION('',(0.0,1.0,0.0));
#11073=DIRECTION('',(1.0,0.0,0.0));
#11074=DIRECTION('',(1.0,0.0,0.0));
#11075=DIRECTION('',(1.0,0.0,0.0));
#11076=DIRECTION('',(0.707106781186548,0.707106781186548,0.0));
#11077=DIRECTION('',(0.0,1.0,0.0));
#11078=DIRECTION('',(-1.0,0.0,0.0));
#11079=DIRECTION('',(0.0,-1.0,0.0));
#11080=DIRECTION('',(1.0,0.0,0.0));
#11081=DIRECTION('',(0.0,1.0,0.0));
#11082=DIRECTION('',(1.0,0.0,0.0));
#11083=DIRECTION('',(1.0,0.0,0.0));
#11084=DIRECTION('',(0.0,1.0,0.0));
#11085=DIRECTION('',(-1.0,0.0,0.0));
#11086=DIRECTION('',(0.0,-1.0,0.0));
#11087=DIRECTION('',(1.0,0.0,0.0));
#11088=DIRECTION('',(0.0,1.0,0.0));
#11089=DIRECTION('',(1.0,0.0,0.0));
#11090=DIRECTION('',(0.0,-1.0,0.0));
#11091=DIRECTION('',(0.0,0.0,-1.0));
#11092=DIRECTION('',(0.0,0.0,-1.0));
#11093=DIRECTION('',(0.707106781186548,-0.707106781186548,0.0));
#11094=DIRECTION('',(-1.0,0.0,0.0));
#11095=DIRECTION('',(0.0,1.0,0.0));
#11096=DIRECTION('',(1.0,0.0,0.0));
#11097=DIRECTION('',(-1.0,0.0,0.0));
#11098=DIRECTION('',(0.0,1.0,0.0));
#11099=DIRECTION('',(1.0,0.0,0.0));
#11100=DIRECTION('',(0.707106781186548,-0.707106781186548,0.0));
#11101=DIRECTION('',(0.0,-1.0,0.0));
#11102=DIRECTION('',(1.0,0.0,0.0));
#11103=DIRECTION('',(0.0,-1.0,0.0));
#11104=DIRECTION('',(-1.0,0.0,0.0));
#11105=DIRECTION('',(0.0,1.0,0.0));
#11106=DIRECTION('',(0.707106781186548,0.707106781186548,0.0));
#11107=DIRECTION('',(1.0,0.0,0.0));
#11108=DIRECTION('',(0.0,-1.0,0.0));
#11109=DIRECTION('',(-1.0,0.0,0.0));
#11110=DIRECTION('',(0.0,1.0,0.0));
#11111=DIRECTION('',(0.0,-1.0,0.0));
#11112=DIRECTION('',(-1.0,0.0,0.0));
#11113=DIRECTION('',(0.0,1.0,0.0));
#11114=DIRECTION('',(0.707106781186548,0.707106781186548,0.0));
#11115=DIRECTION('',(1.0,0.0,0.0));
#11116=DIRECTION('',(1.0,0.0,0.0));
#11117=DIRECTION('',(0.0,-1.0,0.0));
#11118=DIRECTION('',(-1.0,0.0,0.0));
#11119=DIRECTION('',(0.0,1.0,0.0));
#11120=DIRECTION('',(0.707106781186548,0.707106781186548,0.0));
#11121=DIRECTION('',(1.0,0.0,0.0));
#11122=DIRECTION('',(0.707106781186548,-0.707106781186548,0.0));
#11123=DIRECTION('',(0.0,-1.0,0.0));
#11124=DIRECTION('',(-1.0,0.0,0.0));
#11125=DIRECTION('',(0.0,1.0,0.0));
#11126=DIRECTION('',(-1.0,0.0,0.0));
#11127=DIRECTION('',(0.0,1.0,0.0));
#11128=DIRECTION('',(1.0,0.0,0.0));
#11129=DIRECTION('',(0.707106781186548,-0.707106781186548,0.0));
#11130=DIRECTION('',(0.0,-1.0,0.0));
#11131=DIRECTION('',(0.0,0.0,-1.0));
#11132=DIRECTION('',(0.0,0.0,-1.0));
#11133=DIRECTION('',(0.0,0.0,-1.0));
#11134=DIRECTION('',(0.0,0.0,-1.0));
#11135=DIRECTION('',(0.0,0.0,-1.0));
#11136=DIRECTION('',(0.0,0.0,-1.0));
#11137=DIRECTION('',(0.0,0.0,-1.0));
#11138=DIRECTION('',(0.0,0.0,-1.0));
#11139=DIRECTION('',(0.0,0.0,-1.0));
#11140=DIRECTION('',(0.0,0.0,-1.0));
#11141=DIRECTION('',(0.0,0.0,-1.0));
#11142=DIRECTION('',(0.0,0.0,-1.0));
#11143=DIRECTION('',(0.0,0.0,-1.0));
#11144=DIRECTION('',(0.0,0.0,-1.0));
#11145=DIRECTION('',(0.0,0.0,-1.0));
#11146=DIRECTION('',(0.0,0.0,-1.0));
#11147=DIRECTION('',(0.0,0.0,-1.0));
#11148=DIRECTION('',(0.0,0.0,-1.0));
#11149=DIRECTION('',(0.0,0.0,-1.0));
#11150=DIRECTION('',(0.0,0.0,-1.0));
#11151=DIRECTION('',(0.0,0.0,-1.0));
#11152=DIRECTION('',(0.0,0.0,-1.0));
#11153=DIRECTION('',(0.0,0.0,-1.0));
#11154=DIRECTION('',(0.0,0.0,-1.0));
#11155=DIRECTION('',(0.0,0.0,-1.0));
#11156=DIRECTION('',(0.0,0.0,-1.0));
#11157=DIRECTION('',(0.0,0.0,-1.0));
#11158=DIRECTION('',(0.0,0.0,-1.0));
#11159=DIRECTION('',(0.0,0.0,-1.0));
#11160=DIRECTION('',(0.0,0.0,-1.0));
#11161=DIRECTION('',(0.0,0.0,-1.0));
#11162=DIRECTION('',(0.0,0.0,-1.0));
#11163=DIRECTION('',(0.0,0.0,-1.0));
#11164=DIRECTION('',(0.0,0.0,-1.0));
#11165=DIRECTION('',(0.0,0.0,-1.0));
#11166=DIRECTION('',(0.0,0.0,-1.0));
#11167=DIRECTION('',(0.0,0.0,-1.0));
#11168=DIRECTION('',(0.0,0.0,-1.0));
#11169=DIRECTION('',(0.0,1.0,0.0));
#11170=DIRECTION('',(0.0,0.0,1.0));
#11171=DIRECTION('',(0.0,-1.0,0.0));
#11172=DIRECTION('',(0.0,0.0,-1.0));
#11173=DIRECTION('',(0.0,0.0,1.0));
#11174=DIRECTION('',(0.0,-1.0,0.0));
#11175=DIRECTION('',(0.0,0.0,-1.0));
#11176=DIRECTION('',(0.0,0.0,1.0));
#11177=DIRECTION('',(0.0,0.0,-1.0));
#11178=DIRECTION('',(0.0,1.0,0.0));
#11179=DIRECTION('',(0.0,0.0,1.0));
#11180=DIRECTION('',(0.0,0.0,-1.0));
#11181=DIRECTION('',(0.0,-1.0,0.0));
#11182=DIRECTION('',(0.0,0.0,-1.0));
#11183=DIRECTION('',(0.0,-1.0,0.0));
#11184=DIRECTION('',(-1.0,0.0,0.0));
#11185=DIRECTION('',(0.0,0.0,1.0));
#11186=DIRECTION('',(0.0,0.0,1.0));
#11187=DIRECTION('',(1.0,0.0,0.0));
#11188=DIRECTION('',(0.0,-1.0,0.0));
#11189=DIRECTION('',(1.0,0.0,0.0));
#11190=DIRECTION('',(1.0,0.0,0.0));
#11191=DIRECTION('',(0.0,-1.0,0.0));
#11192=DIRECTION('',(1.0,0.0,0.0));
#11193=DIRECTION('',(1.0,0.0,0.0));
#11194=DIRECTION('',(1.0,0.0,0.0));
#11195=DIRECTION('',(0.0,-1.0,0.0));
#11196=DIRECTION('',(0.0,0.0,1.0));
#11197=DIRECTION('',(0.0,0.0,-1.0));
#11198=DIRECTION('',(0.0,0.0,1.0));
#11199=DIRECTION('',(0.0,0.0,1.0));
#11200=DIRECTION('',(0.0,0.0,1.0));
#11201=DIRECTION('',(0.0,0.0,-1.0));
#11202=DIRECTION('',(0.0,0.0,1.0));
#11203=DIRECTION('',(1.0,0.0,0.0));
#11204=DIRECTION('',(0.0,0.0,-1.0));
#11205=DIRECTION('',(0.0,0.0,1.0));
#11206=DIRECTION('',(1.0,0.0,0.0));
#11207=DIRECTION('',(0.0,0.0,1.0));
#11208=DIRECTION('',(1.0,0.0,0.0));
#11209=DIRECTION('',(0.0,0.0,1.0));
#11210=DIRECTION('',(1.0,0.0,0.0));
#11211=DIRECTION('',(0.0,0.0,1.0));
#11212=DIRECTION('',(0.0,-1.0,0.0));
#11213=DIRECTION('',(0.0,0.0,-1.0));
#11214=DIRECTION('',(0.0,-1.0,0.0));
#11215=DIRECTION('',(0.0,0.0,1.0));
#11216=DIRECTION('',(0.0,0.0,-1.0));
#11217=DIRECTION('',(0.0,-1.0,0.0));
#11218=DIRECTION('',(0.0,0.0,1.0));
#11219=DIRECTION('',(1.0,0.0,0.0));
#11220=DIRECTION('',(-1.0,0.0,0.0));
#11221=DIRECTION('',(0.0,0.0,1.0));
#11222=DIRECTION('',(1.0,0.0,0.0));
#11223=DIRECTION('',(1.0,0.0,0.0));
#11224=DIRECTION('',(1.0,0.0,0.0));
#11225=DIRECTION('',(-1.0,0.0,0.0));
#11226=DIRECTION('',(0.0,0.0,1.0));
#11227=DIRECTION('',(0.0,1.0,0.0));
#11228=DIRECTION('',(0.0,0.0,-1.0));
#11229=DIRECTION('',(0.0,1.0,0.0));
#11230=DIRECTION('',(0.0,0.0,1.0));
#11231=DIRECTION('',(0.0,0.0,-1.0));
#11232=DIRECTION('',(0.0,1.0,0.0));
#11233=DIRECTION('',(0.0,0.0,-1.0));
#11234=DIRECTION('',(0.0,0.0,1.0));
#11235=DIRECTION('',(0.0,-1.0,0.0));
#11236=DIRECTION('',(0.0,0.0,-1.0));
#11237=DIRECTION('',(0.0,1.0,0.0));
#11238=DIRECTION('',(0.0,0.0,1.0));
#11239=DIRECTION('',(0.0,-1.0,0.0));
#11240=DIRECTION('',(-1.0,0.0,0.0));
#11241=DIRECTION('',(-0.174436949745496,-0.174436949745496,-0.969094165252776));
#11242=DIRECTION('',(0.0,1.0,0.0));
#11243=DIRECTION('',(0.174436949745496,-0.174436949745496,0.969094165252776));
#11244=DIRECTION('',(0.174436949745496,0.174436949745496,-0.969094165252776));
#11245=DIRECTION('',(-1.0,0.0,0.0));
#11246=DIRECTION('',(-1.0,0.0,0.0));
#11247=DIRECTION('',(0.0,-1.0,0.0));
#11248=DIRECTION('',(-0.174436949745496,0.174436949745496,0.969094165252776));
#11249=DIRECTION('',(-1.0,0.0,0.0));
#11250=DIRECTION('',(-1.0,0.0,0.0));
#11251=DIRECTION('',(-0.174436949745496,-0.174436949745496,-0.969094165252776));
#11252=DIRECTION('',(0.0,1.0,0.0));
#11253=DIRECTION('',(-0.174436949745496,0.174436949745496,-0.969094165252776));
#11254=DIRECTION('',(-1.0,0.0,0.0));
#11255=DIRECTION('',(0.174436949745496,0.174436949745496,-0.969094165252776));
#11256=DIRECTION('',(0.0,-1.0,0.0));
#11257=DIRECTION('',(-0.174436949745496,0.174436949745496,0.969094165252776));
#11258=DIRECTION('',(-1.0,0.0,0.0));
#11259=DIRECTION('',(-1.0,0.0,0.0));
#11260=DIRECTION('',(-0.174436949745496,0.969094165252776,-0.174436949745496));
#11261=DIRECTION('',(0.0,0.0,1.0));
#11262=DIRECTION('',(-0.174436949745496,0.969094165252776,0.174436949745496));
#11263=DIRECTION('',(-1.0,0.0,0.0));
#11264=DIRECTION('',(-1.0,0.0,0.0));
#11265=DIRECTION('',(0.174436949745496,0.969094165252776,0.174436949745496));
#11266=DIRECTION('',(-1.0,0.0,0.0));
#11267=DIRECTION('',(0.0,0.0,-1.0));
#11268=DIRECTION('',(-0.174436949745496,-0.969094165252776,0.174436949745496));
#11269=DIRECTION('',(-1.0,0.0,0.0));
#11270=DIRECTION('',(-1.0,0.0,0.0));
#11271=DIRECTION('',(-0.174436949745496,0.969094165252776,-0.174436949745496));
#11272=DIRECTION('',(0.0,0.0,1.0));
#11273=DIRECTION('',(-0.174436949745496,0.969094165252776,0.174436949745496));
#11274=DIRECTION('',(-1.0,0.0,0.0));
#11275=DIRECTION('',(-1.0,0.0,0.0));
#11276=DIRECTION('',(0.174436949745496,0.969094165252776,0.174436949745496));
#11277=DIRECTION('',(0.0,0.0,-1.0));
#11278=DIRECTION('',(-0.174436949745496,-0.969094165252776,0.174436949745496));
#11279=DIRECTION('',(-1.0,0.0,0.0));
#11280=DIRECTION('',(0.0,0.0,-1.0));
#11281=DIRECTION('',(0.0,0.0,-1.0));
#11282=DIRECTION('',(0.0,0.0,1.0));
#11283=DIRECTION('',(0.0,0.0,-1.0));
#11284=DIRECTION('',(0.0,0.0,-1.0));
#11285=DIRECTION('',(0.0,-1.0,0.0));
#11286=DIRECTION('',(0.0,0.0,-1.0));
#11287=DIRECTION('',(0.0,-1.0,0.0));
#11288=DIRECTION('',(0.0,0.0,-1.0));
#11289=DIRECTION('',(0.0,-1.0,0.0));
#11290=DIRECTION('',(0.0,0.0,-1.0));
#11291=DIRECTION('',(0.0,0.0,-1.0));
#11292=DIRECTION('',(0.0,0.0,-1.0));
#11293=DIRECTION('',(1.0,0.0,0.0));
#11294=DIRECTION('',(0.0,0.0,1.0));
#11295=DIRECTION('',(0.0,0.0,-1.0));
#11296=DIRECTION('',(-1.0,0.0,0.0));
#11297=DIRECTION('',(0.0,1.0,0.0));
#11298=DIRECTION('',(0.0,0.0,1.0));
#11299=DIRECTION('',(0.0,-1.0,0.0));
#11300=DIRECTION('',(0.0,0.0,-1.0));
#11301=DIRECTION('',(0.0,0.0,1.0));
#11302=DIRECTION('',(0.0,-1.0,0.0));
#11303=DIRECTION('',(0.0,0.0,-1.0));
#11304=DIRECTION('',(0.0,0.0,1.0));
#11305=DIRECTION('',(0.0,0.0,-1.0));
#11306=DIRECTION('',(0.0,1.0,0.0));
#11307=DIRECTION('',(0.0,0.0,1.0));
#11308=DIRECTION('',(0.0,0.0,-1.0));
#11309=DIRECTION('',(0.0,-1.0,0.0));
#11310=DIRECTION('',(0.0,1.0,0.0));
#11311=DIRECTION('',(0.0,0.0,-1.0));
#11312=DIRECTION('',(-1.0,0.0,0.0));
#11313=DIRECTION('',(0.0,0.0,1.0));
#11314=DIRECTION('',(0.0,0.0,1.0));
#11315=DIRECTION('',(1.0,0.0,0.0));
#11316=DIRECTION('',(0.0,-1.0,0.0));
#11317=DIRECTION('',(1.0,0.0,0.0));
#11318=DIRECTION('',(0.0,-1.0,0.0));
#11319=DIRECTION('',(1.0,0.0,0.0));
#11320=DIRECTION('',(1.0,0.0,0.0));
#11321=DIRECTION('',(0.0,-1.0,0.0));
#11322=DIRECTION('',(0.0,0.0,-1.0));
#11323=DIRECTION('',(0.0,0.0,1.0));
#11324=DIRECTION('',(0.0,0.0,1.0));
#11325=DIRECTION('',(-1.0,0.0,0.0));
#11326=DIRECTION('',(0.0,0.0,1.0));
#11327=DIRECTION('',(-0.174436949745496,0.174436949745496,-0.969094165252776));
#11328=DIRECTION('',(-1.0,0.0,0.0));
#11329=DIRECTION('',(0.174436949745496,0.174436949745496,-0.969094165252776));
#11330=DIRECTION('',(0.0,-1.0,0.0));
#11331=DIRECTION('',(-0.174436949745496,0.174436949745496,0.969094165252776));
#11332=DIRECTION('',(-1.0,0.0,0.0));
#11333=DIRECTION('',(0.0,1.0,0.0));
#11334=DIRECTION('',(-0.174436949745496,-0.174436949745496,-0.969094165252776));
#11335=DIRECTION('',(-1.0,0.0,0.0));
#11336=DIRECTION('',(0.0,0.0,-1.0));
#11337=DIRECTION('',(0.0,1.0,0.0));
#11338=DIRECTION('',(0.0,1.0,0.0));
#11339=DIRECTION('',(0.0,0.0,1.0));
#11340=DIRECTION('',(0.0,0.0,-1.0));
#11341=DIRECTION('',(0.0,1.0,0.0));
#11342=DIRECTION('',(0.0,0.0,1.0));
#11343=DIRECTION('',(0.0,-1.0,0.0));
#11344=DIRECTION('',(0.0,0.0,-1.0));
#11345=DIRECTION('',(0.0,0.0,1.0));
#11346=DIRECTION('',(0.0,1.0,0.0));
#11347=DIRECTION('',(0.0,1.0,0.0));
#11348=DIRECTION('',(0.0,0.0,1.0));
#11349=DIRECTION('',(-0.174436949745496,-0.174436949745496,-0.969094165252776));
#11350=DIRECTION('',(0.0,1.0,0.0));
#11351=DIRECTION('',(0.174436949745496,-0.174436949745496,0.969094165252776));
#11352=DIRECTION('',(0.174436949745496,0.174436949745496,-0.969094165252776));
#11353=DIRECTION('',(-1.0,0.0,0.0));
#11354=DIRECTION('',(-1.0,0.0,0.0));
#11355=DIRECTION('',(0.0,-1.0,0.0));
#11356=DIRECTION('',(-0.174436949745496,0.174436949745496,0.969094165252776));
#11357=DIRECTION('',(-1.0,0.0,0.0));
#11358=DIRECTION('',(-1.0,0.0,0.0));
#11359=DIRECTION('',(-0.174436949745496,0.969094165252776,-0.174436949745496));
#11360=DIRECTION('',(0.0,0.0,1.0));
#11361=DIRECTION('',(-0.174436949745496,0.969094165252776,0.174436949745496));
#11362=DIRECTION('',(-1.0,0.0,0.0));
#11363=DIRECTION('',(-1.0,0.0,0.0));
#11364=DIRECTION('',(0.174436949745496,0.969094165252776,0.174436949745496));
#11365=DIRECTION('',(-1.0,0.0,0.0));
#11366=DIRECTION('',(0.0,0.0,-1.0));
#11367=DIRECTION('',(-0.174436949745496,-0.969094165252776,0.174436949745496));
#11368=DIRECTION('',(-1.0,0.0,0.0));
#11369=DIRECTION('',(-1.0,0.0,0.0));
#11370=DIRECTION('',(-1.0,0.0,0.0));
#11371=DIRECTION('',(0.177152998315298,-0.984183323973689,0.0));
#11372=DIRECTION('',(-1.0,0.0,0.0));
#11373=DIRECTION('',(-0.177152998315298,-0.984183323973689,0.0));
#11374=DIRECTION('',(0.177152998315298,-0.984183323973689,0.0));
#11375=DIRECTION('',(-1.0,0.0,0.0));
#11376=DIRECTION('',(-0.177152998315298,-0.984183323973689,0.0));
#11377=DIRECTION('',(0.174436949745496,0.969094165252776,0.174436949745496));
#11378=DIRECTION('',(0.0,0.0,-1.0));
#11379=DIRECTION('',(-0.174436949745496,-0.969094165252776,0.174436949745496));
#11380=DIRECTION('',(-1.0,0.0,0.0));
#11381=DIRECTION('',(-0.174436949745496,0.969094165252776,-0.174436949745496));
#11382=DIRECTION('',(0.0,0.0,1.0));
#11383=DIRECTION('',(-0.174436949745496,0.969094165252776,0.174436949745496));
#11384=DIRECTION('',(-1.0,0.0,0.0));
#11385=DIRECTION('',(0.174436949745496,0.969094165252776,0.174436949745496));
#11386=DIRECTION('',(0.0,0.0,-1.0));
#11387=DIRECTION('',(-0.174436949745496,-0.969094165252776,0.174436949745496));
#11388=DIRECTION('',(-1.0,0.0,0.0));
#11389=DIRECTION('',(-0.174436949745496,0.969094165252776,-0.174436949745496));
#11390=DIRECTION('',(0.0,0.0,1.0));
#11391=DIRECTION('',(-0.174436949745496,0.969094165252776,0.174436949745496));
#11392=DIRECTION('',(-1.0,0.0,0.0));
#11393=DIRECTION('',(0.0,0.0,1.0));
#11394=DIRECTION('',(0.0,-1.0,0.0));
#11395=DIRECTION('',(0.0,0.0,1.0));
#11396=DIRECTION('',(0.0,-1.0,0.0));
#11397=DIRECTION('',(0.0,0.0,-1.0));
#11398=DIRECTION('',(1.0,0.0,0.0));
#11399=DIRECTION('',(0.0,0.0,-1.0));
#11400=DIRECTION('',(0.0,-1.0,0.0));
#11401=DIRECTION('',(0.0,0.0,1.0));
#11402=DIRECTION('',(1.0,0.0,0.0));
#11403=DIRECTION('',(0.0,1.0,0.0));
#11404=DIRECTION('',(1.0,0.0,0.0));
#11405=DIRECTION('',(-0.937082114832659,-0.349109023172922,0.0));
#11406=DIRECTION('',(-0.937082114832659,0.349109023172922,0.0));
#11407=DIRECTION('',(1.0,0.0,0.0));
#11408=DIRECTION('',(0.0,1.0,0.0));
#11409=DIRECTION('',(0.0,0.0,-1.0));
#11410=DIRECTION('',(0.0,0.0,-1.0));
#11411=DIRECTION('',(0.0,-1.0,0.0));
#11412=DIRECTION('',(0.0,0.0,-1.0));
#11413=DIRECTION('',(0.0,-1.0,0.0));
#11414=DIRECTION('',(0.0,0.0,1.0));
#11415=DIRECTION('',(0.0,-1.0,0.0));
#11416=DIRECTION('',(0.0,0.0,1.0));
#11417=DIRECTION('',(1.0,0.0,0.0));
#11418=DIRECTION('',(-1.0,0.0,0.0));
#11419=DIRECTION('',(1.0,0.0,0.0));
#11420=DIRECTION('',(1.0,0.0,0.0));
#11421=DIRECTION('',(-1.0,0.0,0.0));
#11422=DIRECTION('',(-1.0,0.0,0.0));
#11423=DIRECTION('',(-1.0,0.0,0.0));
#11424=DIRECTION('',(-0.174436949745496,0.969094165252776,-0.174436949745496));
#11425=DIRECTION('',(-0.174436949745496,-0.969094165252776,0.174436949745496));
#11426=DIRECTION('',(0.0,0.0,-1.0));
#11427=DIRECTION('',(-1.0,0.0,0.0));
#11428=DIRECTION('',(0.0,0.0,1.0));
#11429=DIRECTION('',(-0.174436949745496,0.969094165252776,0.174436949745496));
#11430=DIRECTION('',(-1.0,0.0,0.0));
#11431=DIRECTION('',(0.174436949745496,0.969094165252776,0.174436949745496));
#11432=DIRECTION('',(-1.0,0.0,0.0));
#11433=DIRECTION('',(-0.174436949745496,0.174436949745496,-0.969094165252776));
#11434=DIRECTION('',(-1.0,0.0,0.0));
#11435=DIRECTION('',(0.174436949745496,0.174436949745496,-0.969094165252776));
#11436=DIRECTION('',(0.0,-1.0,0.0));
#11437=DIRECTION('',(-0.174436949745496,0.174436949745496,0.969094165252776));
#11438=DIRECTION('',(-1.0,0.0,0.0));
#11439=DIRECTION('',(0.0,1.0,0.0));
#11440=DIRECTION('',(-0.174436949745496,-0.174436949745496,-0.969094165252776));
#11441=DIRECTION('',(-1.0,0.0,0.0));
#11442=DIRECTION('',(0.0,-1.0,0.0));
#11443=DIRECTION('',(-1.0,0.0,0.0));
#11444=DIRECTION('',(0.0,0.0,1.0));
#11445=DIRECTION('',(0.0,1.0,0.0));
#11446=DIRECTION('',(0.0,0.0,-1.0));
#11447=DIRECTION('',(0.0,1.0,0.0));
#11448=DIRECTION('',(0.0,0.0,1.0));
#11449=DIRECTION('',(0.0,0.0,-1.0));
#11450=DIRECTION('',(0.0,1.0,0.0));
#11451=DIRECTION('',(0.0,0.0,1.0));
#11452=DIRECTION('',(0.0,0.0,-1.0));
#11453=DIRECTION('',(0.0,0.0,1.0));
#11454=DIRECTION('',(0.0,-1.0,0.0));
#11455=DIRECTION('',(0.0,0.0,-1.0));
#11456=DIRECTION('',(0.0,1.0,0.0));
#11457=DIRECTION('',(0.0,0.0,1.0));
#11458=DIRECTION('',(0.0,-1.0,0.0));
#11459=DIRECTION('',(-1.0,0.0,0.0));
#11460=DIRECTION('',(-0.174436949745496,-0.174436949745496,-0.969094165252776));
#11461=DIRECTION('',(0.0,1.0,0.0));
#11462=DIRECTION('',(0.174436949745496,-0.174436949745496,0.969094165252776));
#11463=DIRECTION('',(0.174436949745496,0.174436949745496,-0.969094165252776));
#11464=DIRECTION('',(-1.0,0.0,0.0));
#11465=DIRECTION('',(-1.0,0.0,0.0));
#11466=DIRECTION('',(0.0,-1.0,0.0));
#11467=DIRECTION('',(-0.174436949745496,0.174436949745496,0.969094165252776));
#11468=DIRECTION('',(-1.0,0.0,0.0));
#11469=DIRECTION('',(-1.0,0.0,0.0));
#11470=DIRECTION('',(-0.174436949745496,-0.174436949745496,-0.969094165252776));
#11471=DIRECTION('',(0.0,1.0,0.0));
#11472=DIRECTION('',(-0.174436949745496,0.174436949745496,-0.969094165252776));
#11473=DIRECTION('',(-1.0,0.0,0.0));
#11474=DIRECTION('',(-1.0,0.0,0.0));
#11475=DIRECTION('',(0.174436949745496,0.174436949745496,-0.969094165252776));
#11476=DIRECTION('',(0.0,-1.0,0.0));
#11477=DIRECTION('',(-0.174436949745496,0.174436949745496,0.969094165252776));
#11478=DIRECTION('',(-1.0,0.0,0.0));
#11479=DIRECTION('',(-1.0,0.0,0.0));
#11480=DIRECTION('',(-0.174436949745496,0.969094165252776,-0.174436949745496));
#11481=DIRECTION('',(0.0,0.0,1.0));
#11482=DIRECTION('',(-0.174436949745496,0.969094165252776,0.174436949745496));
#11483=DIRECTION('',(-1.0,0.0,0.0));
#11484=DIRECTION('',(-1.0,0.0,0.0));
#11485=DIRECTION('',(0.174436949745496,0.969094165252776,0.174436949745496));
#11486=DIRECTION('',(-1.0,0.0,0.0));
#11487=DIRECTION('',(0.0,0.0,-1.0));
#11488=DIRECTION('',(-0.174436949745496,-0.969094165252776,0.174436949745496));
#11489=DIRECTION('',(-1.0,0.0,0.0));
#11490=DIRECTION('',(-1.0,0.0,0.0));
#11491=DIRECTION('',(-0.174436949745496,0.969094165252776,-0.174436949745496));
#11492=DIRECTION('',(0.0,0.0,1.0));
#11493=DIRECTION('',(-0.174436949745496,0.969094165252776,0.174436949745496));
#11494=DIRECTION('',(-1.0,0.0,0.0));
#11495=DIRECTION('',(-1.0,0.0,0.0));
#11496=DIRECTION('',(0.174436949745496,0.969094165252776,0.174436949745496));
#11497=DIRECTION('',(0.0,0.0,-1.0));
#11498=DIRECTION('',(-0.174436949745496,-0.969094165252776,0.174436949745496));
#11499=DIRECTION('',(-1.0,0.0,0.0));
#11500=DIRECTION('',(0.0,0.0,-1.0));
#11501=DIRECTION('',(-1.0,0.0,0.0));
#11502=DIRECTION('',(-1.0,0.0,0.0));
#11503=DIRECTION('',(0.0,-1.0,0.0));
#11504=DIRECTION('',(0.0,0.0,1.0));
#11505=DIRECTION('',(-1.0,0.0,0.0));
#11506=DIRECTION('',(1.0,0.0,0.0));
#11507=DIRECTION('',(-1.0,0.0,0.0));
#11508=DIRECTION('',(-1.0,0.0,0.0));
#11509=DIRECTION('',(0.0,0.0,1.0));
#11510=DIRECTION('',(-1.0,0.0,0.0));
#11511=DIRECTION('',(0.0,1.0,0.0));
#11512=DIRECTION('',(-1.0,0.0,0.0));
#11513=DIRECTION('',(0.0,0.0,-1.0));
#11514=DIRECTION('',(-1.0,0.0,0.0));
#11515=DIRECTION('',(0.0,0.64287114276419,0.765974342782488));
#11516=DIRECTION('',(-1.0,0.0,0.0));
#11517=DIRECTION('',(0.0,0.0,-1.0));
#11518=DIRECTION('',(-1.0,0.0,0.0));
#11519=DIRECTION('',(0.0,-0.642871293713882,-0.765974216092578));
#11520=DIRECTION('',(-1.0,0.0,0.0));
#11521=DIRECTION('',(0.0,-1.0,0.0));
#11522=DIRECTION('',(0.0,0.0,-1.0));
#11523=DIRECTION('',(0.0,0.0,-1.0));
#11524=DIRECTION('',(0.0,0.0,-1.0));
#11525=DIRECTION('',(0.0,0.0,-1.0));
#11526=DIRECTION('',(0.0,0.0,-1.0));
#11527=DIRECTION('',(0.0,0.0,-1.0));
#11528=PRESENTATION_LAYER_ASSIGNMENT('','',(#25,#51,#52,#53,#54,#55,#56,#57,#58,#59,#60,#61,#62,#63,#64,#65,#66,#67,#68,#69,#70,#71,#72,#73,#74,#75,#76,#77,#78,#79,#80,#81,#82,#83,#84,#85,#86,#87,#88,#89,#90,#91,#92,#93,#94,#95,#96,#97,#98,#99,#100,#101,#102,#103,#104,#105,#106,#107,#108,#109,#110,#111,#112,#113,#114,#115,#116,#117,#118,#119,#120,#121,#122,#123,#124,#125,#126,#127,#128,#129,#130,#131,#132,#133,#134,#135,#136,#137,#138,#139,#140,#141,#142,#143,#144,#145,#146,#147,#148,#149,#150,#151,#152,#153,#154,#155,#156,#157,#158,#159,#160,#161,#162,#163,#164,#165,#166,#167,#168,#169,#170,#171,#172,#173,#174,#175,#176,#177,#178,#179,#180,#181,#182,#183,#184,#185,#186,#187,#188,#189,#190,#191,#192,#193,#194,#195,#196,#197,#198,#199,#200,#201,#202,#203,#204,#205,#206,#207,#208,#209,#210,#211,#212,#213,#214,#215,#216,#217,#218,#219,#220,#221,#222,#223,#224,#225,#226,#227,#228,#229,#230,#231,#232,#233,#234,#235,#236,#237,#238,#239,#240,#241,#242,#243,#244,#245,#246,#247,#248,#249,#250,#251,#252,#253,#254,#255,#256,#257,#258,#259,#260,#261,#262,#263,#264,#265,#266,#267,#268,#269,#270,#271,#272,#273,#274,#275,#276,#277,#278,#279,#280,#281,#282,#283,#284,#285,#286,#287,#288,#289,#290,#291,#292,#293,#294,#295,#296,#297,#298,#299,#300,#301,#302,#303,#304,#305,#306,#307,#308,#309,#310,#311,#312,#313,#314,#315,#316,#317,#318,#319,#320,#321,#322,#323,#324,#325,#326,#327,#328,#329,#330,#331,#332,#333,#334,#335,#336,#337,#338,#339,#340,#341,#342,#343,#344,#345,#346,#347,#348,#349,#350,#351,#352,#353,#354,#355,#356,#357,#358,#359,#360,#361,#362,#363,#364,#365,#366,#367,#368,#369,#370,#371,#372,#373,#374,#375,#376,#377,#378,#379,#380,#381,#382,#383,#384,#385,#386,#387,#388,#389,#390,#391,#392,#393,#394,#395,#396,#397,#398,#399,#400,#401,#402,#403,#404,#405,#406,#407,#408,#409,#410,#411,#412,#413,#414,#415,#416,#417,#418,#419,#420,#421,#422,#423,#424,#425,#426,#427,#428,#429,#430,#431,#432,#433,#434,#435,#436,#437,#438,#439,#440,#441,#442,#443,#5236,#5237,#5238,#5239,#5240,#5241,#5242,#5243,#5244,#5245,#5246,#5247,#5248,#5249,#5250,#5251,#5252,#5253,#5254,#5255,#5256,#5257,#5258,#5259,#5260,#5261,#5262,#5263,#5264,#5265,#5266,#5267,#5268,#5269,#5270,#5271,#5272,#5273,#5274,#5275,#5276,#5277,#5278,#5279,#5280,#5281,#5282,#5283,#5284,#5285,#5286,#5287,#5288,#5289,#5290,#5291,#5292,#5293,#5294,#5295,#5296,#5297,#5298,#5299,#5300,#5301,#5302,#5303,#5304,#5305,#5306,#5307,#5308,#5309,#5310,#5311,#5312,#5313,#5314,#5315,#5316,#5317,#5318,#5319,#5320,#5321,#5322,#5323,#5324,#5325,#5326,#5327,#5328,#5329,#5330,#5331,#5332,#5333,#5334,#5335,#5336,#5337,#5338,#5339,#5340,#5341,#5342,#5343,#5344,#5345,#5346,#5347,#5348,#5349,#5350,#5351,#5352,#5353,#5354,#5355,#5356,#5357,#5358,#5359,#5360,#5361,#5362,#5363,#5364,#5365,#5366,#5367,#5368,#5369,#5370,#5371,#5372,#5373,#5374,#5375,#5376,#5377,#5378,#5379,#5380,#5381,#5382,#5383,#5384,#5385,#5386,#5387,#5388,#5389,#5390,#5391,#5392,#5393,#5394,#5395,#5396,#5397,#5398,#5399,#5400,#5401,#5402,#5403,#5404,#5405,#5406,#5407,#5408,#5409,#5410,#5411,#5412,#5413,#5414,#5415,#5416,#5417,#5418,#5419,#5420,#5421,#5422,#5423,#5424,#5425,#5426,#5427,#5428,#5429,#5430,#5431,#5432,#5433,#5434,#5435,#5436,#5437,#5438,#5439,#5440,#5441,#5442,#5443,#5444,#5445,#5446,#5447,#5448,#5449,#5450,#5451,#5452,#5453,#5454,#5455,#5456,#5457,#5458,#5459,#5460,#5461,#5462,#5463,#5464,#5465,#5466,#5467,#5468,#5469,#5470,#5471,#5472,#5473,#5474,#5475,#5476,#5477,#5478,#5479,#5480,#5481,#5482,#5483,#5484,#5485,#5486,#5487,#5488,#5489,#5490,#5491,#5492,#5493,#5494,#5495,#5496,#5497,#5498,#5499,#5500,#5501,#5502,#5503,#5504,#5505,#5506,#5507,#5508,#5509,#5510,#5511,#5512,#5513,#5514,#5515,#5516,#5517,#5518,#5519,#5520,#5521,#5522,#5523,#5524,#5525,#5526,#5527,#5528,#5529,#5530,#5531,#5532,#5533,#5534,#5535,#5536,#5537,#5538,#5539,#5540,#5541,#5542,#5543,#5544,#5545,#5546,#5547,#5548,#5549,#5550,#5551,#5552,#5553,#5554,#5555,#5556,#5557,#5558,#5559,#5560,#5561,#5562,#5563,#5564,#5565,#5566,#5567,#5568,#5569,#5570,#5571,#5572,#5573,#5574,#5575,#5576,#5577,#5578,#5579,#5580,#5581,#5582,#5583,#5584,#5585,#5586,#5587,#5588,#5589,#5590,#5591,#5592,#5593,#5594,#5595,#5596,#5597,#5598,#5599,#5600,#5601,#5602,#5603,#5604,#5605,#5606,#5607,#5608,#5609,#5610,#5611,#5612,#5613,#5614,#5615,#5616,#5617,#5618,#5619,#5620,#5621,#5622,#5623,#5624,#5625,#5626,#5627,#5628,#5629,#5630,#5631,#5632,#5633,#5634,#5635,#5636,#5637,#5638,#5639,#5640,#5641,#5642,#5643,#5644,#5645,#5646,#5647,#5648,#5649,#5650,#5651,#5652,#5653,#5654,#5655,#5656,#5657,#5658,#5659,#5660,#5661,#5662,#5663,#5664,#5665,#5666,#5667,#5668,#5669,#5670,#5671,#5672,#5673,#5674,#5675,#5676,#5677,#5678,#5679,#5680,#5681,#5682,#5683,#5684,#5685,#5686,#5687,#5688,#5689,#5690,#5691,#5692,#5693,#5694,#5695,#5696,#5697,#5698,#5699,#5700,#5701,#5702,#5703,#5704,#5705,#5706,#5707,#5708,#5709,#5710,#5711,#5712,#5713,#5714,#5715,#5716,#5717,#5718,#5719,#5720,#5721,#5722,#5723,#5724,#5725,#5726,#5727,#5728,#5729,#5730,#5731,#5732,#5733,#5734,#5735,#5736,#5737,#5738,#5739,#5740,#5741,#5742,#5743,#5744,#5745,#5746,#5747,#5748,#5749,#5750,#5751,#5752,#5753,#5754,#5755,#5756,#5757,#5758,#5759,#5760,#5761,#5762,#5763,#5764,#5765,#5766,#5767,#5768,#5769,#5770,#5771,#5772,#5773,#5774,#5775,#5776,#5777,#5778,#5779,#5780,#5781,#5782,#5783,#5784,#5785,#5786,#5787,#5788,#5789,#5790,#5791,#5792,#5793,#5794,#5795,#5796,#5797,#5798,#5799,#5800,#5801,#5802,#5803,#5804,#5805,#5806,#5807,#5808,#5809,#5810,#5811,#5812,#5813,#5814,#5815,#5816,#5817,#5818,#5819,#5820,#5821,#5822,#5823,#5824,#5825,#5826,#5827,#5828,#5829,#5830,#5831,#5832,#5833,#5834,#5835,#5836,#5837,#5838,#5839,#5840,#5841,#5842,#5843,#5844,#5845,#5846,#5847,#5848,#5849,#5850,#5851,#5852,#5853,#5854,#5855,#5856,#5857,#5858,#5859,#5860,#5861,#5862,#5863,#5864,#5865,#5866,#5867,#5868,#5869,#5870,#5871,#5872,#5873,#5874,#5875,#5876,#5877,#5878,#5879,#5880,#5881,#5882,#5883,#5884,#5885,#5886,#5887,#5888,#5889,#5890,#5891,#5892,#5893,#5894,#5895,#5896,#5897,#5898,#5899,#5900,#5901,#5902,#5903,#5904,#5905,#5906,#5907,#5908,#5909,#5910,#5911,#5912,#5913,#5914,#5915,#5916,#5917,#5918,#5919,#5920,#5921,#5922,#5923,#5924,#5925,#5926,#5927,#5928,#5929,#5930,#5931,#5932,#5933,#5934,#5935,#5936,#5937,#5938,#5939,#5940,#5941,#5942,#5943,#5944,#5945,#5946,#5947,#5948,#5949,#5950,#5951,#5952,#5953,#5954,#5955,#5956,#5957,#5958,#5959,#5960,#5961,#5962,#5963,#5964,#5965,#5966,#5967,#5968,#5969,#5970,#5971,#5972,#5973,#5974,#5975,#5976,#5977,#5978,#5979,#5980,#5981,#5982,#5983,#5984,#5985,#5986,#5987,#5988,#5989,#5990,#5991,#5992,#5993,#5994,#5995,#5996,#5997,#5998,#5999,#6000,#6001,#6002,#6003,#6004,#6005,#6006,#6007,#6008,#6009,#6010,#6011,#6012,#6013,#6014,#6015,#6016,#6017,#6018,#6019,#6020,#6021,#6022,#6023,#6024,#6025,#6026,#6027,#6028,#6029,#6030,#6031,#6032,#6033,#6034,#6035,#6036,#6037,#6038,#6039,#6040,#6041,#6042,#6043,#6044,#6045,#6046,#6047,#6048,#6049,#6050,#6051,#6052,#6053,#6054,#6055,#6056,#6057,#6058,#6059,#6060,#6061,#6062,#6063,#6064,#6065,#6066,#6067,#6068,#6069,#6070,#6071,#6072,#6073,#6074,#6075,#6076,#6077,#6078,#6079,#6080,#6081,#6082,#6083,#6084,#6085,#6086,#6087,#6088,#6089,#6090,#6091,#6092,#6093,#6094,#6095,#6096,#6097,#6098,#6099,#6100,#6101,#6102,#6103,#6104,#6105,#6106,#6107,#6108,#6109,#6110,#6111,#6112,#6113,#6114,#6115,#6116,#6117,#6118,#6119,#6120,#6121,#6122,#6123,#6124,#6125,#6126,#6127,#6128,#6129,#6130,#6131,#6132,#6133,#6134,#6135,#6136,#6137,#6138,#6139,#6140,#6141,#6142,#6143,#6144,#6145,#6146,#6147,#6148,#6149,#6150,#6151,#6152,#6153,#6154,#6155,#6156,#6157,#6158,#6159,#6160,#6161,#6162,#6163,#6164,#6165,#6166,#6167,#6168,#6169,#6170,#6171,#6172,#6173,#6174,#6175,#6176,#6177,#6178,#6179,#6180,#6181,#6182,#6183,#6184,#6185,#6186,#6187,#6188,#6189,#6190,#6191,#6192,#6193,#6194,#6195,#6196,#6197,#6198,#6199,#6200,#6201,#6202,#6203,#6204,#6205,#6206,#6207,#6208,#6209,#6210,#6211,#6212,#6213,#6214,#6215,#6216,#6217,#6218,#6219,#6220,#6221,#6222,#6223,#6224,#6225,#6226,#6227,#6228,#6229,#6230,#6231,#6232,#6233,#6234,#6235,#6237,#6239,#6241,#6243,#6245,#6247,#6249,#6251,#6253,#6255,#6257,#6259,#6262,#6264,#6267,#6270,#6272,#6274,#6277,#6278,#6281,#6283,#6285,#6288,#6290,#6293,#6294,#6298,#6300,#6302,#6304,#6306,#6308,#6312,#6313,#6315,#6317,#6319,#6321,#6323,#6325,#6328,#6330,#6332,#6335,#6336,#6338,#6340,#6344,#6345,#6347,#6350,#6352,#6354,#6359,#6361,#6364,#6366,#6368,#6370,#6372,#6374,#6376,#6378,#6381,#6384,#6386,#6388,#6390,#6392,#6394,#6396,#6398,#6400,#6403,#6404,#6406,#6408,#6410,#6412,#6414,#6425,#6428,#6430,#6435,#6438,#6440,#6443,#6444,#6446,#6448,#6452,#6454,#6456,#6458,#6461,#6462,#6464,#6466,#6469,#6471,#6473,#6476,#6479,#6481,#6486,#6488,#6491,#6492,#6494,#6496,#6498,#6500,#6503,#6504,#6506,#6509,#6512,#6513,#6515,#6517,#6520,#6521,#6523,#6525,#6528,#6529,#6531,#6533,#6536,#6537,#6539,#6541,#6544,#6545,#6547,#6549,#6551,#6553,#6556,#6557,#6559,#6561,#6564,#6565,#6567,#6571,#6572,#6574,#6576,#6579,#6581,#6584,#6585,#6588,#6590,#6593,#6594,#6596,#6598,#6601,#6602,#6604,#6606,#6609,#6612,#6614,#6617,#6619,#6622,#6624,#6627,#6629,#6632,#6634,#6636,#6638,#6640,#6643,#6646,#6647,#6649,#6651,#6654,#6656,#6658,#6660,#6662,#6664,#6666,#6668,#6670,#6672,#6674,#6676,#6678,#6680,#6682,#6684,#6686,#6688,#6690,#6692,#6694,#6696,#6698,#6700,#6702,#6704,#6706,#6708,#6710,#6712,#6714,#6716,#6718,#6720,#6722,#6724,#6726,#6728,#6730,#6732,#6734,#6736,#6738,#6740,#6742,#6744,#6746,#6752,#6754,#6757,#6759,#6761,#6764,#6766,#6768,#6770,#6773,#6775,#6777,#6779,#6783,#6785,#6788,#6789,#6791,#6793,#6796,#6797,#6799,#6801,#6804,#6805,#6807,#6810,#6813,#6815,#6818,#6821,#6823,#6827,#6829,#6832,#6833,#6838,#6841,#6845,#6847,#6852,#6854,#6857,#6861,#6863,#6867,#6871,#6874,#6875,#6877,#6879,#6882,#6883,#6885,#6887,#6890,#6891,#6893,#6895,#6898,#6900,#6902,#6904,#6906,#6908,#6910,#6912,#6915,#6917,#6920,#6921,#6923,#6925,#6928,#6932,#6935,#6938,#6943,#6946,#6947,#6949,#6951,#6957,#6959,#6961,#6963,#6966,#6968,#6971,#6973,#6977,#6984,#6987,#6992,#6994,#6997,#6998,#7000,#7002,#7005,#7006,#7008,#7010,#7013,#7014,#7016,#7019,#7022,#7025,#7028,#7030,#7033,#7035,#7038,#7039,#7044,#7047,#7050,#7054,#7055,#7057,#7059,#7062,#7063,#7065,#7067,#7070,#7071,#7073,#7076,#7079,#7082,#7084,#7087,#7091,#7097,#7098,#7100,#7102,#7104,#7107,#7108,#7110,#7112,#7115,#7116,#7118,#7120,#7122,#7125,#7126,#7128,#7130,#7133,#7134,#7136,#7138,#7140,#7143,#7144,#7146,#7148,#7151,#7152,#7154,#7156,#7158,#7161,#7162,#7164,#7166,#7169,#7170,#7172,#7174,#7176,#7180,#7181,#7183,#7185,#7187,#7192,#7193,#7195,#7197,#7199,#7202,#7204,#7207,#7208,#7210,#7212,#7215,#7217,#7220,#7221,#7225,#7227,#7229,#7232,#7233,#7235,#7237,#7239,#7242,#7243,#7245,#7247,#7249,#7252,#7253,#7255,#7257,#7260,#7261,#7263,#7265,#7267,#7270,#7271,#7273,#7275,#7277,#7280,#7281,#7283,#7285,#7287,#7290,#7291,#7293,#7295,#7297,#7337,#7339,#7342,#7343,#7347,#7348,#7352,#7353,#7355,#7358,#7361,#7364,#7367,#7370,#7371,#7375,#7378,#7380,#7389,#7391,#7394,#7396,#7399,#7403,#7405,#7408,#7412,#7416,#7422,#7425,#7428,#7429,#7433,#7436,#7437,#7439,#7443,#7447,#7449,#7452,#7456,#7461,#7463,#7466,#7469,#7474,#7476,#7480,#7484,#7489,#7491,#7495,#7498,#7506,#7508,#7511,#7514,#7515,#7519,#7521,#7524,#7527,#7530,#7531,#7535,#7536,#7540,#7541,#7543,#7546,#7549,#7552,#7555,#7558,#7561,#7564,#7570,#7573,#7575,#7578,#7581,#7584,#7589,#7590,#7595,#7596,#7598,#7601,#7604,#7607,#7609,#7612,#7616,#7621,#7623,#7627,#7631,#7637,#7639,#7642,#7644,#7647,#7649,#7652,#7655,#7659,#7661,#7664,#7667,#7671,#7674,#7676,#7679,#7682,#7686,#7691,#7696,#7699,#7702,#7711,#7712,#7716,#7718,#7725,#7727,#7730,#7733,#7739,#7742,#7745,#7746,#7750,#7751,#7755,#7756,#7758,#7762,#7766,#7768,#7771,#7775,#7780,#7782,#7786,#7789,#7794,#7796,#7800,#7804,#7809,#7811,#7815,#7818,#7822,#7825,#7832,#7834,#7837,#7840,#7843,#7846,#7849));
ENDSEC;
END-ISO-10303-21;
