ISO-10303-21;
HEADER;
FILE_DESCRIPTION (( 'STEP AP214' ),
    '1' );
FILE_NAME ('1050.STEP',
    '2023-03-01T06:14:27',
    ( '' ),
    ( '' ),
    'SwSTEP 2.0',
    'SolidWorks 2017',
    '' );
FILE_SCHEMA (( 'AUTOMOTIVE_DESIGN' ));
ENDSEC;

DATA;
#1 =( LENGTH_UNIT ( ) NAMED_UNIT ( * ) SI_UNIT ( $, .METRE. ) );
#2 = MECHANICAL_DESIGN_GEOMETRIC_PRESENTATION_REPRESENTATION (  '', ( #5274 ), #3813 ) ;
#3 = AXIS2_PLACEMENT_3D ( 'NONE', #4279, #5098, #4725 ) ;
#4 = LINE ( 'NONE', #2569, #4318 ) ;
#5 = PRODUCT_DEFINITION_FORMATION_WITH_SPECIFIED_SOURCE ( 'ANY', '', #954, .NOT_KNOWN. ) ;
#6 = VECTOR ( 'NONE', #3195, 39.37007874015748100 ) ;
#7 = DIRECTION ( 'NONE',  ( 0.0000000000000000000, -1.000000000000000000, 0.0000000000000000000 ) ) ;
#8 = VECTOR ( 'NONE', #4964, 39.37007874015748100 ) ;
#9 = CARTESIAN_POINT ( 'NONE',  ( -0.7342519685039367000, 0.1999999999999999800, -0.1053149606299212400 ) ) ;
#10 = DIRECTION ( 'NONE',  ( -1.000000000000000000, 0.0000000000000000000, 0.0000000000000000000 ) ) ;
#11 = AXIS2_PLACEMENT_3D ( 'NONE', #637, #1440, #3583 ) ;
#12 = FILL_AREA_STYLE ('',( #4177 ) ) ;
#13 = LINE ( 'NONE', #886, #2673 ) ;
#14 = ORIENTED_EDGE ( 'NONE', *, *, #378, .T. ) ;
#15 = LINE ( 'NONE', #4199, #3203 ) ;
#16 = ORIENTED_EDGE ( 'NONE', *, *, #2594, .F. ) ;
#17 = CARTESIAN_POINT ( 'NONE',  ( -0.7342519685039365900, 0.5803149606299211600, 0.1250000000000000600 ) ) ;
#18 = ORIENTED_EDGE ( 'NONE', *, *, #481, .F. ) ;
#19 = VECTOR ( 'NONE', #734, 39.37007874015748100 ) ;
#20 = EDGE_LOOP ( 'NONE', ( #2417, #1930, #1483, #5006 ) ) ;
#21 = VECTOR ( 'NONE', #2006, 39.37007874015748100 ) ;
#22 = CARTESIAN_POINT ( 'NONE',  ( -0.7952190705184454300, 0.5999999999999999800, -0.2787700759417754400 ) ) ;
#23 = VERTEX_POINT ( 'NONE', #1042 ) ;
#24 = DIRECTION ( 'NONE',  ( 0.0000000000000000000, 1.000000000000000000, 0.0000000000000000000 ) ) ;
#25 = CARTESIAN_POINT ( 'NONE',  ( -0.7499999999999997800, 0.03937007874015744500, -0.06927281597899326300 ) ) ;
#26 = EDGE_CURVE ( 'NONE', #2537, #4201, #2225, .T. ) ;
#27 = ORIENTED_EDGE ( 'NONE', *, *, #4790, .T. ) ;
#28 = CARTESIAN_POINT ( 'NONE',  ( -0.7379332539391576500, 0.4262371341480166700, 0.0000000000000000000 ) ) ;
#29 = AXIS2_PLACEMENT_3D ( 'NONE', #3728, #1234, #5065 ) ;
#30 = CARTESIAN_POINT ( 'NONE',  ( 0.9801201070409663000, 0.01574803149606299200, 0.01740402468160772600 ) ) ;
#31 = EDGE_CURVE ( 'NONE', #464, #562, #3058, .T. ) ;
#32 = AXIS2_PLACEMENT_3D ( 'NONE', #472, #3815, #1327 ) ;
#33 = DIRECTION ( 'NONE',  ( 0.0000000000000000000, 0.0000000000000000000, 1.000000000000000000 ) ) ;
#34 = ORIENTED_EDGE ( 'NONE', *, *, #604, .F. ) ;
#35 = DIRECTION ( 'NONE',  ( -1.000000000000000000, 0.0000000000000000000, 0.0000000000000000000 ) ) ;
#36 = PLANE ( 'NONE',  #765 ) ;
#37 = CARTESIAN_POINT ( 'NONE',  ( 0.7342519685039367000, 0.03937007874015743100, -0.09048522344134479800 ) ) ;
#38 = VECTOR ( 'NONE', #5031, 39.37007874015748100 ) ;
#39 = PLANE ( 'NONE',  #1512 ) ;
#40 = LINE ( 'NONE', #4451, #4755 ) ;
#41 = EDGE_CURVE ( 'NONE', #3588, #707, #4190, .T. ) ;
#42 = UNCERTAINTY_MEASURE_WITH_UNIT (LENGTH_MEASURE( 1.000000000000000100E-005 ), #4375, 'distance_accuracy_value', 'NONE');
#43 = AXIS2_PLACEMENT_3D ( 'NONE', #4462, #3635, #4540 ) ;
#44 = VECTOR ( 'NONE', #5359, 39.37007874015748100 ) ;
#45 = ORIENTED_EDGE ( 'NONE', *, *, #59, .T. ) ;
#46 = ORIENTED_EDGE ( 'NONE', *, *, #921, .F. ) ;
#47 = CARTESIAN_POINT ( 'NONE',  ( 0.5968463760646721700, 0.4045009089417488900, 0.1250000000000000600 ) ) ;
#48 = CARTESIAN_POINT ( 'NONE',  ( -0.7342519685039365900, 0.2787401574803148900, 0.1250000000000000600 ) ) ;
#49 = CARTESIAN_POINT ( 'NONE',  ( 0.1085708163636324000, 0.0000000000000000000, -0.3600000000000001000 ) ) ;
#50 = EDGE_CURVE ( 'NONE', #1218, #5335, #1903, .T. ) ;
#51 = DIRECTION ( 'NONE',  ( -1.000000000000000000, 0.0000000000000000000, 0.0000000000000000000 ) ) ;
#52 = EDGE_LOOP ( 'NONE', ( #4870, #2094, #1745, #4410, #5049, #3098 ) ) ;
#53 = CARTESIAN_POINT ( 'NONE',  ( 0.0000000000000000000, 0.3499999999999999800, 0.3600000000000002600 ) ) ;
#54 = ORIENTED_EDGE ( 'NONE', *, *, #3932, .F. ) ;
#55 = PLANE ( 'NONE',  #653 ) ;
#56 = CARTESIAN_POINT ( 'NONE',  ( -0.7952190705184454300, 0.5599999999999999400, -0.3600000000000003800 ) ) ;
#57 = LINE ( 'NONE', #4534, #1375 ) ;
#58 = ORIENTED_EDGE ( 'NONE', *, *, #686, .T. ) ;
#59 = EDGE_CURVE ( 'NONE', #4196, #177, #2040, .T. ) ;
#60 = AXIS2_PLACEMENT_3D ( 'NONE', #4157, #4609, #2107 ) ;
#61 = CARTESIAN_POINT ( 'NONE',  ( -0.6825000000000000000, 0.3500000000000003700, 0.3600000000000001000 ) ) ;
#62 = LINE ( 'NONE', #3309, #3523 ) ;
#63 = DIRECTION ( 'NONE',  ( 0.0000000000000000000, 0.0000000000000000000, -1.000000000000000000 ) ) ;
#64 = EDGE_CURVE ( 'NONE', #1763, #820, #2109, .T. ) ;
#65 = CARTESIAN_POINT ( 'NONE',  ( 0.1085708163636324000, 0.1506818173096967400, 0.3206299212598426300 ) ) ;
#66 = CARTESIAN_POINT ( 'NONE',  ( 0.0000000000000000000, 0.5999999999999999800, -0.2787700759417753900 ) ) ;
#67 = CARTESIAN_POINT ( 'NONE',  ( -0.8352129783247008700, 0.5606980962574910100, -0.2915400385671661500 ) ) ;
#68 =( NAMED_UNIT ( * ) SI_UNIT ( $, .STERADIAN. ) SOLID_ANGLE_UNIT ( ) );
#69 = LINE ( 'NONE', #5207, #2872 ) ;
#70 = EDGE_LOOP ( 'NONE', ( #4936, #1314, #4615, #1017 ) ) ;
#71 = DIRECTION ( 'NONE',  ( -1.000000000000000000, 0.0000000000000000000, 0.0000000000000000000 ) ) ;
#72 = LINE ( 'NONE', #4888, #335 ) ;
#73 = DIRECTION ( 'NONE',  ( -1.000000000000000000, 0.0000000000000000000, 0.0000000000000000000 ) ) ;
#74 = EDGE_LOOP ( 'NONE', ( #5257, #4712, #4602, #3744 ) ) ;
#75 = EDGE_LOOP ( 'NONE', ( #3574, #638, #924, #723, #2446 ) ) ;
#76 = VECTOR ( 'NONE', #3652, 39.37007874015748100 ) ;
#77 = ORIENTED_EDGE ( 'NONE', *, *, #2708, .F. ) ;
#78 = DIRECTION ( 'NONE',  ( -1.000000000000000000, -0.0000000000000000000, -0.0000000000000000000 ) ) ;
#79 = STYLED_ITEM ( 'NONE', ( #1683 ), #1104 ) ;
#80 = ORIENTED_EDGE ( 'NONE', *, *, #263, .F. ) ;
#81 = ORIENTED_EDGE ( 'NONE', *, *, #26, .T. ) ;
#82 = ORIENTED_EDGE ( 'NONE', *, *, #2951, .T. ) ;
#83 = LINE ( 'NONE', #973, #1130 ) ;
#84 = ORIENTED_EDGE ( 'NONE', *, *, #965, .F. ) ;
#85 = EDGE_CURVE ( 'NONE', #562, #1698, #5122, .T. ) ;
#86 = CARTESIAN_POINT ( 'NONE',  ( -0.7736220472440942200, 2.463888433231009700E-020, 0.1250000000000000600 ) ) ;
#87 = VERTEX_POINT ( 'NONE', #4923 ) ;
#88 = DIRECTION ( 'NONE',  ( -2.525070561829413700E-016, 1.000000000000000000, 0.0000000000000000000 ) ) ;
#89 = ORIENTED_EDGE ( 'NONE', *, *, #840, .T. ) ;
#90 = CARTESIAN_POINT ( 'NONE',  ( 0.0000000000000000000, 0.0000000000000000000, 0.3600000000000001000 ) ) ;
#91 = EDGE_CURVE ( 'NONE', #439, #1471, #4319, .T. ) ;
#92 = EDGE_LOOP ( 'NONE', ( #2235, #785, #2053, #1304, #1073, #209 ) ) ;
#93 = ORIENTED_EDGE ( 'NONE', *, *, #3550, .T. ) ;
#94 = EDGE_CURVE ( 'NONE', #3406, #4503, #1974, .T. ) ;
#95 = ORIENTED_EDGE ( 'NONE', *, *, #2026, .F. ) ;
#96 = AXIS2_PLACEMENT_3D ( 'NONE', #4399, #1480, #3128 ) ;
#97 = DIRECTION ( 'NONE',  ( -0.0000000000000000000, 1.000000000000000000, -0.0000000000000000000 ) ) ;
#98 = FACE_OUTER_BOUND ( 'NONE', #3882, .T. ) ;
#99 = PRESENTATION_LAYER_ASSIGNMENT (  '', '', ( #578 ) ) ;
#100 = CARTESIAN_POINT ( 'NONE',  ( -0.7736220472440942200, 0.01574803149606295400, 0.06927281597899326300 ) ) ;
#101 = VECTOR ( 'NONE', #5120, 39.37007874015748100 ) ;
#102 = SURFACE_SIDE_STYLE ('',( #4677 ) ) ;
#103 = UNCERTAINTY_MEASURE_WITH_UNIT (LENGTH_MEASURE( 1.000000000000000100E-005 ), #916, 'distance_accuracy_value', 'NONE');
#104 = ORIENTED_EDGE ( 'NONE', *, *, #565, .T. ) ;
#105 = DIRECTION ( 'NONE',  ( -1.000000000000000000, 0.0000000000000000000, 0.0000000000000000000 ) ) ;
#106 = FACE_BOUND ( 'NONE', #4335, .T. ) ;
#107 = VERTEX_POINT ( 'NONE', #5435 ) ;
#108 =( LENGTH_UNIT ( ) NAMED_UNIT ( * ) SI_UNIT ( $, .METRE. ) );
#109 = VECTOR ( 'NONE', #3219, 39.37007874015748100 ) ;
#110 = ORIENTED_EDGE ( 'NONE', *, *, #1902, .F. ) ;
#111 = CARTESIAN_POINT ( 'NONE',  ( -0.7342519685039365900, 0.3841299163440908800, 0.0000000000000000000 ) ) ;
#112 = CARTESIAN_POINT ( 'NONE',  ( -0.7736220472440942200, 0.01574803149606299200, 0.1250000000000000600 ) ) ;
#113 = LINE ( 'NONE', #736, #1823 ) ;
#114 = DIRECTION ( 'NONE',  ( -0.0000000000000000000, 0.0000000000000000000, -1.000000000000000000 ) ) ;
#115 = ORIENTED_EDGE ( 'NONE', *, *, #3048, .T. ) ;
#116 = PLANE ( 'NONE',  #4130 ) ;
#117 =( CONVERSION_BASED_UNIT ( 'INCH', #3214 ) LENGTH_UNIT ( ) NAMED_UNIT ( #5029 ) );
#118 = EDGE_CURVE ( 'NONE', #4016, #2847, #855, .T. ) ;
#119 =( LENGTH_UNIT ( ) NAMED_UNIT ( * ) SI_UNIT ( $, .METRE. ) );
#120 = LINE ( 'NONE', #2710, #4839 ) ;
#121 = DIRECTION ( 'NONE',  ( -0.0000000000000000000, 1.000000000000000000, 1.224955720424438600E-016 ) ) ;
#122 = MECHANICAL_DESIGN_GEOMETRIC_PRESENTATION_REPRESENTATION (  '', ( #1999 ), #1301 ) ;
#123 = CARTESIAN_POINT ( 'NONE',  ( 0.6676803216288633700, 0.2953282504089043700, 0.3210460784688832800 ) ) ;
#124 = EDGE_CURVE ( 'NONE', #2306, #801, #62, .T. ) ;
#125 = ORIENTED_EDGE ( 'NONE', *, *, #4943, .T. ) ;
#126 = CARTESIAN_POINT ( 'NONE',  ( 0.7255285573078418300, 0.5558435179377632100, 0.1250000000000000600 ) ) ;
#127 = ORIENTED_EDGE ( 'NONE', *, *, #1724, .F. ) ;
#128 = CIRCLE ( 'NONE', #3133, 0.008723411196094932300 ) ;
#129 = FACE_OUTER_BOUND ( 'NONE', #2059, .T. ) ;
#130 = VERTEX_POINT ( 'NONE', #4139 ) ;
#131 = FACE_OUTER_BOUND ( 'NONE', #738, .T. ) ;
#132 = CARTESIAN_POINT ( 'NONE',  ( -0.6825000000000000000, 0.1149999999999998400, 0.1250000000000000000 ) ) ;
#133 = ORIENTED_EDGE ( 'NONE', *, *, #4336, .F. ) ;
#134 = DIRECTION ( 'NONE',  ( 1.000000000000000000, 0.0000000000000000000, -0.0000000000000000000 ) ) ;
#135 = ORIENTED_EDGE ( 'NONE', *, *, #5093, .T. ) ;
#136 = CARTESIAN_POINT ( 'NONE',  ( -0.8388907272751259200, 0.3500000000000003700, 0.3600000000000001000 ) ) ;
#137 = ORIENTED_EDGE ( 'NONE', *, *, #5406, .T. ) ;
#138 = LINE ( 'NONE', #1908, #1544 ) ;
#139 = VERTEX_POINT ( 'NONE', #1241 ) ;
#140 = ORIENTED_EDGE ( 'NONE', *, *, #2703, .F. ) ;
#141 = DIRECTION ( 'NONE',  ( 1.000000000000000000, 0.0000000000000000000, 0.0000000000000000000 ) ) ;
#142 = AXIS2_PLACEMENT_3D ( 'NONE', #4343, #4743, #134 ) ;
#143 = ORIENTED_EDGE ( 'NONE', *, *, #3277, .F. ) ;
#144 = CARTESIAN_POINT ( 'NONE',  ( 1.368721538571910700, 0.1149999999999998400, 0.1250000000000000000 ) ) ;
#145 =( CONVERSION_BASED_UNIT ( 'INCH', #3869 ) LENGTH_UNIT ( ) NAMED_UNIT ( #4106 ) );
#146 = EDGE_CURVE ( 'NONE', #3829, #1446, #3845, .T. ) ;
#147 = CARTESIAN_POINT ( 'NONE',  ( 0.6825000000000000000, 0.3349999999999998500, 0.1250000000000000300 ) ) ;
#148 = ORIENTED_EDGE ( 'NONE', *, *, #1370, .T. ) ;
#149 = DIRECTION ( 'NONE',  ( -1.000000000000000000, -2.525070561829413700E-016, -0.0000000000000000000 ) ) ;
#150 = DIRECTION ( 'NONE',  ( 0.0000000000000000000, 0.0000000000000000000, -1.000000000000000000 ) ) ;
#151 = FILL_AREA_STYLE ('',( #682 ) ) ;
#152 = DIRECTION ( 'NONE',  ( 0.0000000000000000000, 0.0000000000000000000, -1.000000000000000000 ) ) ;
#153 = PLANE ( 'NONE',  #4298 ) ;
#154 = EDGE_CURVE ( 'NONE', #167, #1414, #5252, .T. ) ;
#155 = ORIENTED_EDGE ( 'NONE', *, *, #5024, .F. ) ;
#156 = DIRECTION ( 'NONE',  ( 1.000000000000000000, 0.0000000000000000000, 0.0000000000000000000 ) ) ;
#157 = VECTOR ( 'NONE', #2935, 39.37007874015748100 ) ;
#158 = LINE ( 'NONE', #1003, #3568 ) ;
#159 = ORIENTED_EDGE ( 'NONE', *, *, #659, .F. ) ;
#160 = DIRECTION ( 'NONE',  ( 9.573036100600765300E-020, 1.000000000000000000, -0.0000000000000000000 ) ) ;
#161 = EDGE_CURVE ( 'NONE', #2370, #366, #4118, .T. ) ;
#162 = ADVANCED_FACE ( 'NONE', ( #5188 ), #4620, .F. ) ;
#163 = FACE_OUTER_BOUND ( 'NONE', #4072, .T. ) ;
#164 = LINE ( 'NONE', #1457, #1084 ) ;
#165 = AXIS2_PLACEMENT_3D ( 'NONE', #2930, #2528, #808 ) ;
#166 = VECTOR ( 'NONE', #619, 39.37007874015748100 ) ;
#167 = VERTEX_POINT ( 'NONE', #3348 ) ;
#168 = DIRECTION ( 'NONE',  ( 0.0000000000000000000, 0.0000000000000000000, -1.000000000000000000 ) ) ;
#169 = DIRECTION ( 'NONE',  ( 0.0000000000000000000, 0.0000000000000000000, -1.000000000000000000 ) ) ;
#170 = LINE ( 'NONE', #4251, #1821 ) ;
#171 = VERTEX_POINT ( 'NONE', #5106 ) ;
#172 = DIRECTION ( 'NONE',  ( 1.000000000000000000, 0.0000000000000000000, 0.0000000000000000000 ) ) ;
#173 = AXIS2_PLACEMENT_3D ( 'NONE', #257, #1972, #3161 ) ;
#174 = LINE ( 'NONE', #2482, #3047 ) ;
#175 = ORIENTED_EDGE ( 'NONE', *, *, #1588, .T. ) ;
#176 = DIRECTION ( 'NONE',  ( 0.0000000000000000000, 0.0000000000000000000, -1.000000000000000000 ) ) ;
#177 = VERTEX_POINT ( 'NONE', #28 ) ;
#178 = DIRECTION ( 'NONE',  ( 0.0000000000000000000, 1.000000000000000000, 1.224646799147352500E-016 ) ) ;
#179 = LINE ( 'NONE', #752, #3587 ) ;
#180 = EDGE_CURVE ( 'NONE', #3693, #2714, #1321, .T. ) ;
#181 = CARTESIAN_POINT ( 'NONE',  ( 0.5968463760646721700, 0.4045009089417488900, 0.1250000000000000600 ) ) ;
#182 = ORIENTED_EDGE ( 'NONE', *, *, #3598, .F. ) ;
#183 =( LENGTH_UNIT ( ) NAMED_UNIT ( * ) SI_UNIT ( $, .METRE. ) );
#184 = LINE ( 'NONE', #1780, #394 ) ;
#185 = CARTESIAN_POINT ( 'NONE',  ( -0.7342519685039365900, 0.2787401574803148900, -0.1250000000000000600 ) ) ;
#186 = CARTESIAN_POINT ( 'NONE',  ( 0.8352129783247008700, 0.5606980962574910100, 0.2915400385671660400 ) ) ;
#187 = EDGE_CURVE ( 'NONE', #4385, #1400, #189, .T. ) ;
#188 = CARTESIAN_POINT ( 'NONE',  ( 0.8183275479078746500, 0.5999999999999998700, -0.2787700759417754400 ) ) ;
#189 = LINE ( 'NONE', #1295, #4253 ) ;
#190 = DIRECTION ( 'NONE',  ( -2.525070561829413700E-016, -1.000000000000000000, 0.0000000000000000000 ) ) ;
#191 = LINE ( 'NONE', #2127, #1975 ) ;
#192 = CARTESIAN_POINT ( 'NONE',  ( -0.7499999999999997800, 0.0000000000000000000, 0.1053149606299212400 ) ) ;
#193 = CARTESIAN_POINT ( 'NONE',  ( 0.7104899079217181800, 0.5803149606299212700, 0.1250000000000000600 ) ) ;
#194 = VECTOR ( 'NONE', #3405, 39.37007874015748900 ) ;
#195 = ORIENTED_EDGE ( 'NONE', *, *, #5046, .T. ) ;
#196 = ADVANCED_FACE ( 'NONE', ( #2560 ), #4516, .F. ) ;
#197 = EDGE_CURVE ( 'NONE', #5077, #3961, #574, .T. ) ;
#198 = VERTEX_POINT ( 'NONE', #1355 ) ;
#199 = EDGE_LOOP ( 'NONE', ( #4489, #110, #1273, #4875 ) ) ;
#200 = LINE ( 'NONE', #2004, #1470 ) ;
#201 = EDGE_LOOP ( 'NONE', ( #3411, #1047, #1029, #95 ) ) ;
#202 = DIRECTION ( 'NONE',  ( -1.000000000000000000, -0.0000000000000000000, -0.0000000000000000000 ) ) ;
#203 = CARTESIAN_POINT ( 'NONE',  ( 0.6825000000000000000, 0.1149999999999998400, -0.1250000000000000000 ) ) ;
#204 = CYLINDRICAL_SURFACE ( 'NONE', #3927, 0.02447144269215783100 ) ;
#205 = CARTESIAN_POINT ( 'NONE',  ( -0.6825000000000000000, 0.5999999999999999800, 0.1250000000000000600 ) ) ;
#206 = ORIENTED_EDGE ( 'NONE', *, *, #5364, .F. ) ;
#207 = AXIS2_PLACEMENT_3D ( 'NONE', #1283, #1373, #3821 ) ;
#208 = DIRECTION ( 'NONE',  ( -0.0000000000000000000, -0.0000000000000000000, 1.000000000000000000 ) ) ;
#209 = ORIENTED_EDGE ( 'NONE', *, *, #883, .F. ) ;
#210 = DIRECTION ( 'NONE',  ( -0.0000000000000000000, -0.0000000000000000000, 1.000000000000000000 ) ) ;
#211 = DIRECTION ( 'NONE',  ( -1.000000000000000000, 0.0000000000000000000, -0.0000000000000000000 ) ) ;
#212 = ORIENTED_EDGE ( 'NONE', *, *, #1928, .T. ) ;
#213 = CARTESIAN_POINT ( 'NONE',  ( -0.7952190705184454300, 0.5599999999999999400, 0.07500000000000002500 ) ) ;
#214 = DIRECTION ( 'NONE',  ( 0.0000000000000000000, 1.000000000000000000, -8.537024980200824800E-016 ) ) ;
#215 = CARTESIAN_POINT ( 'NONE',  ( 0.7952190705184454300, 0.5599999999999999400, -0.07500000000000002500 ) ) ;
#216 = ORIENTED_EDGE ( 'NONE', *, *, #1322, .T. ) ;
#217 = DIRECTION ( 'NONE',  ( 9.573036100600765300E-020, -1.000000000000000000, 0.0000000000000000000 ) ) ;
#218 = CARTESIAN_POINT ( 'NONE',  ( -0.9197094723085155200, 0.0000000000000000000, 0.01740402468160772600 ) ) ;
#219 = ORIENTED_EDGE ( 'NONE', *, *, #932, .F. ) ;
#220 = EDGE_CURVE ( 'NONE', #1414, #2180, #2998, .T. ) ;
#221 = PLANE ( 'NONE',  #2929 ) ;
#222 = CARTESIAN_POINT ( 'NONE',  ( 0.7342519685039367000, 0.2515788080029213200, -0.09048522344134479800 ) ) ;
#223 = LINE ( 'NONE', #3950, #2206 ) ;
#224 = EDGE_CURVE ( 'NONE', #1471, #4465, #5059, .T. ) ;
#225 = CARTESIAN_POINT ( 'NONE',  ( 0.6224999999999999400, 0.2749999999999999100, -0.3157878402833891900 ) ) ;
#226 = ORIENTED_EDGE ( 'NONE', *, *, #3899, .T. ) ;
#227 = COLOUR_RGB ( '',0.9686274509803921600, 0.8784313725490196000, 0.5999999999999999800 ) ;
#228 = CARTESIAN_POINT ( 'NONE',  ( 0.0000000000000000000, 0.0000000000000000000, 0.3600000000000001000 ) ) ;
#229 = AXIS2_PLACEMENT_3D ( 'NONE', #3313, #4215, #2477 ) ;
#230 = CARTESIAN_POINT ( 'NONE',  ( -0.8352129783247008700, 0.5606980962574910100, 0.07500000000000002500 ) ) ;
#231 = DIRECTION ( 'NONE',  ( 0.0000000000000000000, 1.224646799147353200E-016, -1.000000000000000000 ) ) ;
#232 = ORIENTED_EDGE ( 'NONE', *, *, #3484, .F. ) ;
#233 = VECTOR ( 'NONE', #3390, 39.37007874015748100 ) ;
#234 = DIRECTION ( 'NONE',  ( -1.000000000000000000, 0.0000000000000000000, 0.0000000000000000000 ) ) ;
#235 = DIRECTION ( 'NONE',  ( 0.0000000000000000000, -1.000000000000000000, 0.0000000000000000000 ) ) ;
#236 = CARTESIAN_POINT ( 'NONE',  ( -0.8386596052609225400, 0.3632409713257484000, 0.3556977476190095200 ) ) ;
#237 = LINE ( 'NONE', #1995, #5171 ) ;
#238 =( GEOMETRIC_REPRESENTATION_CONTEXT ( 3 ) GLOBAL_UNCERTAINTY_ASSIGNED_CONTEXT ( ( #2614 ) ) GLOBAL_UNIT_ASSIGNED_CONTEXT ( ( #2091, #4506, #1209 ) ) REPRESENTATION_CONTEXT ( 'NONE', 'WORKASPACE' ) );
#239 = CARTESIAN_POINT ( 'NONE',  ( -0.7736220472440942200, 0.01574803149606299200, 0.06927281597899326300 ) ) ;
#240 = VECTOR ( 'NONE', #629, 39.37007874015748100 ) ;
#241 = ORIENTED_EDGE ( 'NONE', *, *, #3290, .T. ) ;
#242 = PLANE ( 'NONE',  #4626 ) ;
#243 = VECTOR ( 'NONE', #2442, 39.37007874015748100 ) ;
#244 = CARTESIAN_POINT ( 'NONE',  ( 0.0000000000000000000, 0.0000000000000000000, 0.0000000000000000000 ) ) ;
#245 = ORIENTED_EDGE ( 'NONE', *, *, #987, .F. ) ;
#246 = DIRECTION ( 'NONE',  ( 0.0000000000000000000, 0.0000000000000000000, -1.000000000000000000 ) ) ;
#247 = DIRECTION ( 'NONE',  ( 0.01745240643727697500, -0.9998476951563912700, 0.0000000000000000000 ) ) ;
#248 = DIRECTION ( 'NONE',  ( -0.0000000000000000000, -0.0000000000000000000, -1.000000000000000000 ) ) ;
#249 = FACE_OUTER_BOUND ( 'NONE', #533, .T. ) ;
#250 = DIRECTION ( 'NONE',  ( 0.01745240643727697500, 0.9998476951563912700, 0.0000000000000000000 ) ) ;
#251 = ADVANCED_FACE ( 'NONE', ( #3334 ), #2810, .T. ) ;
#252 = CARTESIAN_POINT ( 'NONE',  ( -0.8352129783247008700, 0.5606980962574910100, -0.3600000000000003800 ) ) ;
#253 = EDGE_CURVE ( 'NONE', #4367, #1936, #3904, .T. ) ;
#254 = PLANE ( 'NONE',  #3443 ) ;
#255 =( NAMED_UNIT ( * ) SI_UNIT ( $, .STERADIAN. ) SOLID_ANGLE_UNIT ( ) );
#256 = VECTOR ( 'NONE', #815, 39.37007874015748100 ) ;
#257 = CARTESIAN_POINT ( 'NONE',  ( 0.7499999999999996700, 0.5803149606299211600, 0.1250000000000000600 ) ) ;
#258 = DIRECTION ( 'NONE',  ( 0.0000000000000000000, 0.0000000000000000000, -1.000000000000000000 ) ) ;
#259 = ORIENTED_EDGE ( 'NONE', *, *, #781, .F. ) ;
#260 = VERTEX_POINT ( 'NONE', #2540 ) ;
#261 = CARTESIAN_POINT ( 'NONE',  ( 0.7952190705184454300, 0.5999999999999999800, 0.2787700759417748900 ) ) ;
#262 = ADVANCED_FACE ( 'NONE', ( #2669 ), #888, .T. ) ;
#263 = EDGE_CURVE ( 'NONE', #1276, #4039, #1591, .T. ) ;
#264 = LINE ( 'NONE', #3110, #4450 ) ;
#265 = DIRECTION ( 'NONE',  ( -0.01745240643727697500, 0.9998476951563912700, 0.0000000000000000000 ) ) ;
#266 = ORIENTED_EDGE ( 'NONE', *, *, #4204, .T. ) ;
#267 = DIMENSIONAL_EXPONENTS ( 1.000000000000000000, 0.0000000000000000000, 0.0000000000000000000, 0.0000000000000000000, 0.0000000000000000000, 0.0000000000000000000, 0.0000000000000000000 ) ;
#268 = FACE_OUTER_BOUND ( 'NONE', #70, .T. ) ;
#269 = PLANE ( 'NONE',  #5064 ) ;
#270 = ORIENTED_EDGE ( 'NONE', *, *, #4765, .T. ) ;
#271 = UNCERTAINTY_MEASURE_WITH_UNIT (LENGTH_MEASURE( 1.000000000000000100E-005 ), #440, 'distance_accuracy_value', 'NONE');
#272 = CARTESIAN_POINT ( 'NONE',  ( -0.6825000000000000000, 0.3349999999999999100, 0.3600000000000001000 ) ) ;
#273 = LINE ( 'NONE', #2058, #1265 ) ;
#274 = ORIENTED_EDGE ( 'NONE', *, *, #3924, .F. ) ;
#275 = CARTESIAN_POINT ( 'NONE',  ( -0.1085708163636324000, 0.1506818173096967400, 0.3206299212598426300 ) ) ;
#276 = CARTESIAN_POINT ( 'NONE',  ( -0.7736220472440941100, 0.0000000000000000000, 0.06927281597899326300 ) ) ;
#277 = ORIENTED_EDGE ( 'NONE', *, *, #4648, .F. ) ;
#278 = EDGE_CURVE ( 'NONE', #2275, #130, #2937, .T. ) ;
#279 = DIRECTION ( 'NONE',  ( 1.000000000000000000, 0.0000000000000000000, -0.0000000000000000000 ) ) ;
#280 = LINE ( 'NONE', #4954, #1676 ) ;
#281 = AXIS2_PLACEMENT_3D ( 'NONE', #3167, #1904, #3945 ) ;
#282 = DIRECTION ( 'NONE',  ( 0.0000000000000000000, 0.3090169943749419000, -0.9510565162951554200 ) ) ;
#283 = ORIENTED_EDGE ( 'NONE', *, *, #2685, .T. ) ;
#284 = CARTESIAN_POINT ( 'NONE',  ( -0.8560000000000006500, 0.0000000000000000000, 0.1250000000000002500 ) ) ;
#285 = CARTESIAN_POINT ( 'NONE',  ( -0.9197094723085155200, 0.01574803149606299200, 0.01740402468160772600 ) ) ;
#286 = ORIENTED_EDGE ( 'NONE', *, *, #4152, .F. ) ;
#287 = ADVANCED_FACE ( 'NONE', ( #4778 ), #1717, .T. ) ;
#288 = DIRECTION ( 'NONE',  ( 9.573036100600765300E-020, -1.000000000000000000, 0.0000000000000000000 ) ) ;
#289 = PRESENTATION_LAYER_ASSIGNMENT (  '', '', ( #4998 ) ) ;
#290 = CARTESIAN_POINT ( 'NONE',  ( 0.8449999999999997500, 0.0000000000000000000, -0.06927281597899326300 ) ) ;
#291 = ORIENTED_EDGE ( 'NONE', *, *, #5340, .F. ) ;
#292 = DIRECTION ( 'NONE',  ( -1.000000000000000000, 0.0000000000000000000, 0.0000000000000000000 ) ) ;
#293 = CARTESIAN_POINT ( 'NONE',  ( -0.6763887618247311800, 0.3083273636945290700, 0.3232470667068096900 ) ) ;
#294 = DIRECTION ( 'NONE',  ( 0.0000000000000000000, 0.0000000000000000000, 1.000000000000000000 ) ) ;
#295 =( NAMED_UNIT ( * ) SI_UNIT ( $, .STERADIAN. ) SOLID_ANGLE_UNIT ( ) );
#296 = ADVANCED_FACE ( 'NONE', ( #3664 ), #4303, .T. ) ;
#297 = ORIENTED_EDGE ( 'NONE', *, *, #4759, .F. ) ;
#298 = DIRECTION ( 'NONE',  ( 0.0000000000000000000, 0.0000000000000000000, 1.000000000000000000 ) ) ;
#299 = LINE ( 'NONE', #2044, #2404 ) ;
#300 = VECTOR ( 'NONE', #1069, 39.37007874015748100 ) ;
#301 = EDGE_CURVE ( 'NONE', #3186, #4196, #3622, .T. ) ;
#302 = DIRECTION ( 'NONE',  ( -1.000000000000000000, -0.0000000000000000000, -0.0000000000000000000 ) ) ;
#303 = FACE_OUTER_BOUND ( 'NONE', #422, .T. ) ;
#304 = FACE_OUTER_BOUND ( 'NONE', #4174, .T. ) ;
#305 = ORIENTED_EDGE ( 'NONE', *, *, #1106, .T. ) ;
#306 = DIRECTION ( 'NONE',  ( 1.000000000000000000, 0.0000000000000000000, -0.0000000000000000000 ) ) ;
#307 = EDGE_CURVE ( 'NONE', #2359, #1216, #4470, .T. ) ;
#308 = LINE ( 'NONE', #706, #109 ) ;
#309 = DIRECTION ( 'NONE',  ( -1.000000000000000000, -2.525070561829413700E-016, 0.0000000000000000000 ) ) ;
#310 = CARTESIAN_POINT ( 'NONE',  ( -0.6825000000000000000, 0.3349999999999998500, 0.1250000000000000300 ) ) ;
#311 = DIRECTION ( 'NONE',  ( 0.0000000000000000000, -1.224955720424438600E-016, 1.000000000000000000 ) ) ;
#312 = VERTEX_POINT ( 'NONE', #532 ) ;
#313 = ADVANCED_FACE ( 'NONE', ( #1484 ), #3448, .F. ) ;
#314 = DIRECTION ( 'NONE',  ( -1.000000000000000000, -0.0000000000000000000, -0.0000000000000000000 ) ) ;
#315 = CARTESIAN_POINT ( 'NONE',  ( -0.7499999999999997800, 0.2515788080029213200, -0.09948246940511164300 ) ) ;
#316 = ORIENTED_EDGE ( 'NONE', *, *, #91, .T. ) ;
#317 = ORIENTED_EDGE ( 'NONE', *, *, #4247, .F. ) ;
#318 = AXIS2_PLACEMENT_3D ( 'NONE', #4054, #1201, #4074 ) ;
#319 = CARTESIAN_POINT ( 'NONE',  ( 0.7104899079217181800, 0.5803149606299212700, 0.1250000000000000600 ) ) ;
#320 = VECTOR ( 'NONE', #4611, 39.37007874015748100 ) ;
#321 = ORIENTED_EDGE ( 'NONE', *, *, #2240, .T. ) ;
#322 = CARTESIAN_POINT ( 'NONE',  ( 1.031000000000000600, 0.0000000000000000000, -0.1249999999999997600 ) ) ;
#323 = LINE ( 'NONE', #5071, #4649 ) ;
#324 = CARTESIAN_POINT ( 'NONE',  ( -0.7736220472440942200, 0.01574803149606299200, 0.1250000000000000600 ) ) ;
#325 = ORIENTED_EDGE ( 'NONE', *, *, #50, .T. ) ;
#326 = DIRECTION ( 'NONE',  ( -0.0000000000000000000, -1.000000000000000000, -1.224955720424438600E-016 ) ) ;
#327 = VECTOR ( 'NONE', #3285, 39.37007874015748100 ) ;
#328 = CARTESIAN_POINT ( 'NONE',  ( 0.7028954739601912500, 0.5601356590934292200, 0.1250000000000000600 ) ) ;
#329 = CARTESIAN_POINT ( 'NONE',  ( 0.7028954739601912500, 0.5601356590934292200, 0.1250000000000000600 ) ) ;
#330 = FACE_OUTER_BOUND ( 'NONE', #1694, .T. ) ;
#331 = EDGE_CURVE ( 'NONE', #1637, #1735, #2071, .T. ) ;
#332 = LINE ( 'NONE', #537, #5131 ) ;
#333 = EDGE_LOOP ( 'NONE', ( #84, #4910, #2246 ) ) ;
#334 = VECTOR ( 'NONE', #4012, 39.37007874015748900 ) ;
#335 = VECTOR ( 'NONE', #1609, 39.37007874015748100 ) ;
#336 = EDGE_LOOP ( 'NONE', ( #3045, #1182, #1553, #5218 ) ) ;
#337 = DIRECTION ( 'NONE',  ( 0.0000000000000000000, 1.000000000000000000, 0.0000000000000000000 ) ) ;
#338 = VECTOR ( 'NONE', #5169, 39.37007874015748100 ) ;
#339 = ORIENTED_EDGE ( 'NONE', *, *, #3802, .F. ) ;
#340 = LINE ( 'NONE', #789, #4062 ) ;
#341 = VERTEX_POINT ( 'NONE', #3870 ) ;
#342 = ADVANCED_FACE ( 'NONE', ( #4544 ), #2195, .F. ) ;
#343 = VECTOR ( 'NONE', #773, 39.37007874015748100 ) ;
#344 = CARTESIAN_POINT ( 'NONE',  ( 0.7736220472440942200, -3.414809992080329000E-017, 0.1250000000000000600 ) ) ;
#345 = EDGE_CURVE ( 'NONE', #1342, #5408, #938, .T. ) ;
#346 = VERTEX_POINT ( 'NONE', #3143 ) ;
#347 = VERTEX_POINT ( 'NONE', #645 ) ;
#348 = AXIS2_PLACEMENT_3D ( 'NONE', #4623, #1246, #3721 ) ;
#349 = CARTESIAN_POINT ( 'NONE',  ( 1.031000000000000800, 0.01574803149606299200, 0.1250000000000000600 ) ) ;
#350 = ORIENTED_EDGE ( 'NONE', *, *, #378, .F. ) ;
#351 = CARTESIAN_POINT ( 'NONE',  ( -0.7480567888860157900, 0.3841299163440908800, 0.0000000000000000000 ) ) ;
#352 = CARTESIAN_POINT ( 'NONE',  ( -0.7499999999999997800, -0.07031181106330226800, 0.1053149606299212400 ) ) ;
#353 = EDGE_CURVE ( 'NONE', #1762, #1633, #1213, .T. ) ;
#354 = DIRECTION ( 'NONE',  ( -0.0000000000000000000, -0.0000000000000000000, 1.000000000000000000 ) ) ;
#355 = ADVANCED_FACE ( 'NONE', ( #3027 ), #1425, .F. ) ;
#356 = ORIENTED_EDGE ( 'NONE', *, *, #2951, .F. ) ;
#357 = DIMENSIONAL_EXPONENTS ( 1.000000000000000000, 0.0000000000000000000, 0.0000000000000000000, 0.0000000000000000000, 0.0000000000000000000, 0.0000000000000000000, 0.0000000000000000000 ) ;
#358 = COLOUR_RGB ( '',0.9686274509803921600, 0.8784313725490196000, 0.5999999999999999800 ) ;
#359 = DIRECTION ( 'NONE',  ( 0.0000000000000000000, 1.000000000000000000, 0.0000000000000000000 ) ) ;
#360 = CARTESIAN_POINT ( 'NONE',  ( 0.5936793005852028000, 0.2482104724122009000, 0.1250000000000000600 ) ) ;
#361 = VERTEX_POINT ( 'NONE', #3900 ) ;
#362 = CARTESIAN_POINT ( 'NONE',  ( -0.6621639758220246900, 0.2898128749243840100, -0.3198487326022256300 ) ) ;
#363 = LINE ( 'NONE', #2918, #4085 ) ;
#364 = LENGTH_MEASURE_WITH_UNIT ( LENGTH_MEASURE( 0.02539999999999999900 ), #4416 );
#365 = DIRECTION ( 'NONE',  ( 0.0000000000000000000, 0.0000000000000000000, 1.000000000000000000 ) ) ;
#366 = VERTEX_POINT ( 'NONE', #2818 ) ;
#367 = DIRECTION ( 'NONE',  ( 1.000000000000000000, 0.0000000000000000000, 0.0000000000000000000 ) ) ;
#368 = EDGE_CURVE ( 'NONE', #3350, #2847, #4212, .T. ) ;
#369 = PLANE ( 'NONE',  #4509 ) ;
#370 = ADVANCED_FACE ( 'NONE', ( #4145 ), #2779, .F. ) ;
#371 = DIRECTION ( 'NONE',  ( 0.0000000000000000000, 0.0000000000000000000, 1.000000000000000000 ) ) ;
#372 = CARTESIAN_POINT ( 'NONE',  ( -0.7420000000000007700, -0.02500000000000000100, -0.3190000000000000100 ) ) ;
#373 = VECTOR ( 'NONE', #4406, 39.37007874015748100 ) ;
#374 = LINE ( 'NONE', #503, #5226 ) ;
#375 = VERTEX_POINT ( 'NONE', #1919 ) ;
#376 = DIRECTION ( 'NONE',  ( 0.0000000000000000000, -1.000000000000000000, 0.0000000000000000000 ) ) ;
#377 = FACE_OUTER_BOUND ( 'NONE', #5234, .T. ) ;
#378 = EDGE_CURVE ( 'NONE', #2714, #2503, #679, .T. ) ;
#379 = FILL_AREA_STYLE ('',( #2476 ) ) ;
#380 = ORIENTED_EDGE ( 'NONE', *, *, #2035, .T. ) ;
#381 = DIRECTION ( 'NONE',  ( 0.0000000000000000000, 1.000000000000000000, 0.0000000000000000000 ) ) ;
#382 = FACE_OUTER_BOUND ( 'NONE', #1748, .T. ) ;
#383 = VERTEX_POINT ( 'NONE', #1954 ) ;
#384 = EDGE_LOOP ( 'NONE', ( #982, #3917, #2747, #5078 ) ) ;
#385 = EDGE_CURVE ( 'NONE', #927, #1920, #1686, .T. ) ;
#386 =( LENGTH_UNIT ( ) NAMED_UNIT ( * ) SI_UNIT ( $, .METRE. ) );
#387 = DIRECTION ( 'NONE',  ( 0.0000000000000000000, 0.0000000000000000000, 1.000000000000000000 ) ) ;
#388 = CARTESIAN_POINT ( 'NONE',  ( 0.7104899079217181800, 0.5558435179377633200, 0.1250000000000000600 ) ) ;
#389 = ORIENTED_EDGE ( 'NONE', *, *, #611, .T. ) ;
#390 =( GEOMETRIC_REPRESENTATION_CONTEXT ( 3 ) GLOBAL_UNCERTAINTY_ASSIGNED_CONTEXT ( ( #1255 ) ) GLOBAL_UNIT_ASSIGNED_CONTEXT ( ( #1576, #3637, #295 ) ) REPRESENTATION_CONTEXT ( 'NONE', 'WORKASPACE' ) );
#391 = CARTESIAN_POINT ( 'NONE',  ( 0.7952190705184454300, 0.5999999999999999800, -0.3600000000000003800 ) ) ;
#392 = AXIS2_PLACEMENT_3D ( 'NONE', #3011, #3055, #3081 ) ;
#393 = PLANE ( 'NONE',  #3874 ) ;
#394 = VECTOR ( 'NONE', #4262, 39.37007874015748100 ) ;
#395 = DIRECTION ( 'NONE',  ( 9.573036100600765300E-020, -1.000000000000000000, 0.0000000000000000000 ) ) ;
#396 = ORIENTED_EDGE ( 'NONE', *, *, #4090, .F. ) ;
#397 = LINE ( 'NONE', #2806, #327 ) ;
#398 = ORIENTED_EDGE ( 'NONE', *, *, #4363, .T. ) ;
#399 = DIRECTION ( 'NONE',  ( 0.0000000000000000000, -0.9510565162951555300, 0.3090169943749416200 ) ) ;
#400 = LINE ( 'NONE', #3169, #2371 ) ;
#401 = CARTESIAN_POINT ( 'NONE',  ( -0.1085708163636324000, 0.0000000000000000000, -0.3600000000000001000 ) ) ;
#402 = EDGE_LOOP ( 'NONE', ( #735, #1172, #4884, #636 ) ) ;
#403 = CIRCLE ( 'NONE', #1653, 0.03999999999999998000 ) ;
#404 = ORIENTED_EDGE ( 'NONE', *, *, #3932, .T. ) ;
#405 = EDGE_CURVE ( 'NONE', #4196, #3186, #1550, .T. ) ;
#406 = PLANE ( 'NONE',  #3382 ) ;
#407 = ORIENTED_EDGE ( 'NONE', *, *, #1878, .T. ) ;
#408 = ORIENTED_EDGE ( 'NONE', *, *, #1853, .T. ) ;
#409 = DIRECTION ( 'NONE',  ( 5.028925377838796700E-015, 1.000000000000000000, 0.0000000000000000000 ) ) ;
#410 = CARTESIAN_POINT ( 'NONE',  ( 0.8449999999999997500, 0.0000000000000000000, -0.06927281597899326300 ) ) ;
#411 = EDGE_LOOP ( 'NONE', ( #590, #77, #2751, #4297 ) ) ;
#412 = ORIENTED_EDGE ( 'NONE', *, *, #1487, .T. ) ;
#413 = CARTESIAN_POINT ( 'NONE',  ( 0.7104899079217181800, 0.5803149606299212700, -0.1249999999999999900 ) ) ;
#414 = EDGE_CURVE ( 'NONE', #4128, #4890, #817, .T. ) ;
#415 = ORIENTED_EDGE ( 'NONE', *, *, #987, .T. ) ;
#416 = AXIS2_PLACEMENT_3D ( 'NONE', #3038, #169, #2283 ) ;
#417 = DIRECTION ( 'NONE',  ( -1.000000000000000000, 9.082757113098752700E-015, 0.0000000000000000000 ) ) ;
#418 = VECTOR ( 'NONE', #2738, 39.37007874015748100 ) ;
#419 = CARTESIAN_POINT ( 'NONE',  ( 0.0000000000000000000, 0.1999999999999999800, -0.1053149606299211700 ) ) ;
#420 =( CONVERSION_BASED_UNIT ( 'INCH', #3830 ) LENGTH_UNIT ( ) NAMED_UNIT ( #3554 ) );
#421 = ADVANCED_FACE ( 'NONE', ( #4583 ), #2762, .T. ) ;
#422 = EDGE_LOOP ( 'NONE', ( #5072, #983, #2376, #495 ) ) ;
#423 = DIRECTION ( 'NONE',  ( 0.0000000000000000000, -0.0000000000000000000, -1.000000000000000000 ) ) ;
#424 = ORIENTED_EDGE ( 'NONE', *, *, #452, .T. ) ;
#425 = AXIS2_PLACEMENT_3D ( 'NONE', #410, #3329, #2924 ) ;
#426 = CARTESIAN_POINT ( 'NONE',  ( -0.1085708163636324000, -0.1506818173096967400, 0.3206299212598426300 ) ) ;
#427 = CARTESIAN_POINT ( 'NONE',  ( 0.6825000000000000000, 0.0000000000000000000, -0.1053149606299211700 ) ) ;
#428 = VERTEX_POINT ( 'NONE', #4900 ) ;
#429 = DIRECTION ( 'NONE',  ( 0.0000000000000000000, 0.0000000000000000000, 1.000000000000000000 ) ) ;
#430 = DIRECTION ( 'NONE',  ( 0.0000000000000000000, 1.000000000000000000, 0.0000000000000000000 ) ) ;
#431 = FACE_OUTER_BOUND ( 'NONE', #411, .T. ) ;
#432 = VECTOR ( 'NONE', #3515, 39.37007874015748900 ) ;
#433 = DIRECTION ( 'NONE',  ( 0.0000000000000000000, 1.000000000000000000, 0.0000000000000000000 ) ) ;
#434 = VECTOR ( 'NONE', #5055, 39.37007874015748100 ) ;
#435 = DIRECTION ( 'NONE',  ( -0.0000000000000000000, -0.0000000000000000000, -1.000000000000000000 ) ) ;
#436 = LINE ( 'NONE', #2239, #3710 ) ;
#437 = EDGE_CURVE ( 'NONE', #2099, #4446, #3977, .T. ) ;
#438 = DIRECTION ( 'NONE',  ( 1.000000000000000000, 0.0000000000000000000, 0.0000000000000000000 ) ) ;
#439 = VERTEX_POINT ( 'NONE', #1083 ) ;
#440 =( CONVERSION_BASED_UNIT ( 'INCH', #3765 ) LENGTH_UNIT ( ) NAMED_UNIT ( #4426 ) );
#441 = VECTOR ( 'NONE', #2781, 39.37007874015748100 ) ;
#442 = ORIENTED_EDGE ( 'NONE', *, *, #4625, .T. ) ;
#443 = CARTESIAN_POINT ( 'NONE',  ( 0.7342519685039367000, 0.2515788080029213200, -0.09948246940511164300 ) ) ;
#444 = EDGE_CURVE ( 'NONE', #3118, #901, #1252, .T. ) ;
#445 = DIRECTION ( 'NONE',  ( -2.525070561829413700E-016, -1.000000000000000000, 0.0000000000000000000 ) ) ;
#446 = FACE_OUTER_BOUND ( 'NONE', #5295, .T. ) ;
#447 = ORIENTED_EDGE ( 'NONE', *, *, #5346, .T. ) ;
#448 = ORIENTED_EDGE ( 'NONE', *, *, #1100, .F. ) ;
#449 = DIRECTION ( 'NONE',  ( 0.0000000000000000000, -1.000000000000000000, 0.0000000000000000000 ) ) ;
#450 = FACE_OUTER_BOUND ( 'NONE', #745, .T. ) ;
#451 = VECTOR ( 'NONE', #3355, 39.37007874015748100 ) ;
#452 = EDGE_CURVE ( 'NONE', #1763, #4337, #1385, .T. ) ;
#453 = FILL_AREA_STYLE ('',( #3776 ) ) ;
#454 = CARTESIAN_POINT ( 'NONE',  ( 0.5968463760646721700, 0.4045009089417488900, -0.1249999999999999900 ) ) ;
#455 = PRESENTATION_LAYER_ASSIGNMENT (  '', '', ( #5274 ) ) ;
#456 = DIRECTION ( 'NONE',  ( -1.000000000000000000, 0.0000000000000000000, 0.0000000000000000000 ) ) ;
#457 = VECTOR ( 'NONE', #3353, 39.37007874015748100 ) ;
#458 = AXIS2_PLACEMENT_3D ( 'NONE', #228, #571, #3970 ) ;
#459 = LINE ( 'NONE', #635, #4591 ) ;
#460 = VERTEX_POINT ( 'NONE', #4115 ) ;
#461 = LINE ( 'NONE', #3602, #2568 ) ;
#462 = PLANE ( 'NONE',  #1076 ) ;
#463 = VERTEX_POINT ( 'NONE', #2903 ) ;
#464 = VERTEX_POINT ( 'NONE', #4545 ) ;
#465 = EDGE_CURVE ( 'NONE', #4735, #5074, #5255, .T. ) ;
#466 = FILL_AREA_STYLE ('',( #5148 ) ) ;
#467 = EDGE_LOOP ( 'NONE', ( #5260, #1533, #3255, #2061 ) ) ;
#468 = LINE ( 'NONE', #2084, #5007 ) ;
#469 = DIRECTION ( 'NONE',  ( -1.000000000000000000, 0.0000000000000000000, 0.0000000000000000000 ) ) ;
#470 = CARTESIAN_POINT ( 'NONE',  ( -0.9197094723085155200, 0.01574803149606299200, -0.01740402468160772600 ) ) ;
#471 = ORIENTED_EDGE ( 'NONE', *, *, #4005, .F. ) ;
#472 = CARTESIAN_POINT ( 'NONE',  ( -0.7736220472440942200, 0.03937007874015744500, -0.06927281597899327700 ) ) ;
#473 = ORIENTED_EDGE ( 'NONE', *, *, #64, .F. ) ;
#474 = DIRECTION ( 'NONE',  ( -0.0000000000000000000, 0.0000000000000000000, -1.000000000000000000 ) ) ;
#475 = FACE_OUTER_BOUND ( 'NONE', #4180, .T. ) ;
#476 = EDGE_CURVE ( 'NONE', #2370, #1804, #570, .T. ) ;
#477 = ORIENTED_EDGE ( 'NONE', *, *, #476, .T. ) ;
#478 = ORIENTED_EDGE ( 'NONE', *, *, #1700, .F. ) ;
#479 = ORIENTED_EDGE ( 'NONE', *, *, #1733, .F. ) ;
#480 = DIRECTION ( 'NONE',  ( -1.000000000000000000, -0.0000000000000000000, -0.0000000000000000000 ) ) ;
#481 = EDGE_CURVE ( 'NONE', #606, #3144, #4844, .T. ) ;
#482 = CARTESIAN_POINT ( 'NONE',  ( 0.1085708163636324000, -0.1506818173096967400, -0.3206299212598426300 ) ) ;
#483 = STYLED_ITEM ( 'NONE', ( #5261 ), #1909 ) ;
#484 = DIRECTION ( 'NONE',  ( -0.8705807614487532900, 0.4920255458767451300, 0.0000000000000000000 ) ) ;
#485 = AXIS2_PLACEMENT_3D ( 'NONE', #3974, #1890, #1933 ) ;
#486 = DIRECTION ( 'NONE',  ( -9.573036100600765300E-020, 1.000000000000000000, 0.0000000000000000000 ) ) ;
#487 = EDGE_LOOP ( 'NONE', ( #1513, #4456, #4552, #2645 ) ) ;
#488 = DIRECTION ( 'NONE',  ( 0.0000000000000000000, 0.0000000000000000000, 1.000000000000000000 ) ) ;
#489 = AXIS2_PLACEMENT_3D ( 'NONE', #5110, #1806, #3418 ) ;
#490 = DIRECTION ( 'NONE',  ( -1.000000000000000000, 0.0000000000000000000, 0.0000000000000000000 ) ) ;
#491 = VECTOR ( 'NONE', #3623, 39.37007874015748100 ) ;
#492 = PRESENTATION_STYLE_ASSIGNMENT (( #5087 ) ) ;
#493 = ORIENTED_EDGE ( 'NONE', *, *, #452, .F. ) ;
#494 = VECTOR ( 'NONE', #4973, 39.37007874015748100 ) ;
#495 = ORIENTED_EDGE ( 'NONE', *, *, #2309, .T. ) ;
#496 = CARTESIAN_POINT ( 'NONE',  ( 0.5968463760646721700, 0.4045009089417488900, 0.1250000000000000600 ) ) ;
#497 = PLANE ( 'NONE',  #575 ) ;
#498 = FACE_OUTER_BOUND ( 'NONE', #4266, .T. ) ;
#499 = UNCERTAINTY_MEASURE_WITH_UNIT (LENGTH_MEASURE( 1.000000000000000100E-005 ), #1341, 'distance_accuracy_value', 'NONE');
#500 = EDGE_CURVE ( 'NONE', #2589, #2753, #515, .T. ) ;
#501 = DIRECTION ( 'NONE',  ( 0.0000000000000000000, 1.000000000000000000, 0.0000000000000000000 ) ) ;
#502 = EDGE_LOOP ( 'NONE', ( #415, #805, #4976, #5192 ) ) ;
#503 = CARTESIAN_POINT ( 'NONE',  ( -0.8449999999999997500, 0.0000000000000000000, -0.3600000000000001000 ) ) ;
#504 = VERTEX_POINT ( 'NONE', #1240 ) ;
#505 = AXIS2_PLACEMENT_3D ( 'NONE', #4549, #4984, #2479 ) ;
#506 = DIRECTION ( 'NONE',  ( 0.0000000000000000000, 0.0000000000000000000, 1.000000000000000000 ) ) ;
#507 = DIRECTION ( 'NONE',  ( -0.0000000000000000000, -0.0000000000000000000, -1.000000000000000000 ) ) ;
#508 = FACE_OUTER_BOUND ( 'NONE', #1541, .T. ) ;
#509 = VECTOR ( 'NONE', #4514, 39.37007874015748100 ) ;
#510 = SURFACE_STYLE_USAGE ( .BOTH. , #4697 ) ;
#511 = ORIENTED_EDGE ( 'NONE', *, *, #2298, .T. ) ;
#512 = EDGE_CURVE ( 'NONE', #3853, #3604, #792, .T. ) ;
#513 = FACE_OUTER_BOUND ( 'NONE', #5174, .T. ) ;
#514 = MECHANICAL_DESIGN_GEOMETRIC_PRESENTATION_REPRESENTATION (  '', ( #3867 ), #2110 ) ;
#515 = LINE ( 'NONE', #796, #3000 ) ;
#516 = LINE ( 'NONE', #4614, #3056 ) ;
#517 = DIRECTION ( 'NONE',  ( 1.000000000000000000, 0.0000000000000000000, -0.0000000000000000000 ) ) ;
#518 = DIRECTION ( 'NONE',  ( 2.525070561829413700E-016, 1.000000000000000000, 0.0000000000000000000 ) ) ;
#519 = PRESENTATION_LAYER_ASSIGNMENT (  '', '', ( #5316 ) ) ;
#520 = CARTESIAN_POINT ( 'NONE',  ( 0.8449999999999997500, 0.03937007874015744500, -0.1250000000000000600 ) ) ;
#521 = LINE ( 'NONE', #4646, #1190 ) ;
#522 = ORIENTED_EDGE ( 'NONE', *, *, #4765, .F. ) ;
#523 = LINE ( 'NONE', #4099, #3135 ) ;
#524 = ORIENTED_EDGE ( 'NONE', *, *, #4541, .F. ) ;
#525 = SURFACE_STYLE_FILL_AREA ( #871 ) ;
#526 = FACE_OUTER_BOUND ( 'NONE', #2316, .T. ) ;
#527 = ORIENTED_EDGE ( 'NONE', *, *, #3999, .T. ) ;
#528 = FILL_AREA_STYLE_COLOUR ( '', #1450 ) ;
#529 = ORIENTED_EDGE ( 'NONE', *, *, #5014, .T. ) ;
#530 = ORIENTED_EDGE ( 'NONE', *, *, #4158, .T. ) ;
#531 = VERTEX_POINT ( 'NONE', #3661 ) ;
#532 = CARTESIAN_POINT ( 'NONE',  ( -0.8560000000000005400, 0.01574803149606299200, -0.06927281597899327700 ) ) ;
#533 = EDGE_LOOP ( 'NONE', ( #1054, #2916, #3862, #4107 ) ) ;
#534 = EDGE_CURVE ( 'NONE', #3381, #2741, #2807, .T. ) ;
#535 = DIRECTION ( 'NONE',  ( -1.000000000000000000, 0.0000000000000000000, 0.0000000000000000000 ) ) ;
#536 = B_SPLINE_CURVE_WITH_KNOTS ( 'NONE', 3,
 ( #1770, #2190, #1367, #610, #3108, #4362, #946, #4758, #123, #4797, #569, #4314, #4775, #2671 ),
 .UNSPECIFIED., .F., .F.,
 ( 4, 2, 2, 2, 2, 2, 4 ),
 ( 0.0000000000000000000, 0.0002993318347478216600, 0.0005986636694956433200, 0.0008979955042434649700, 0.001197327338991286600, 0.001795991008486938000, 0.002394654677982589300 ),
 .UNSPECIFIED. ) ;
#537 = CARTESIAN_POINT ( 'NONE',  ( -0.7499999999999997800, 0.1999999999999999800, -0.1249999999999999900 ) ) ;
#538 = DIRECTION ( 'NONE',  ( 1.000000000000000000, 2.525070561829413700E-016, -0.0000000000000000000 ) ) ;
#539 = ORIENTED_EDGE ( 'NONE', *, *, #4581, .F. ) ;
#540 = PLANE ( 'NONE',  #1739 ) ;
#541 = LINE ( 'NONE', #3608, #3221 ) ;
#542 = CARTESIAN_POINT ( 'NONE',  ( 0.5968463760646721700, 0.4045009089417488900, 0.1250000000000000600 ) ) ;
#543 = EDGE_CURVE ( 'NONE', #1772, #2939, #1970, .T. ) ;
#544 = ORIENTED_EDGE ( 'NONE', *, *, #3745, .T. ) ;
#545 = PLANE ( 'NONE',  #4100 ) ;
#546 = AXIS2_PLACEMENT_3D ( 'NONE', #1865, #3905, #589 ) ;
#547 = VERTEX_POINT ( 'NONE', #4680 ) ;
#548 = DIRECTION ( 'NONE',  ( 1.000000000000000000, -2.525070561829413700E-016, -0.0000000000000000000 ) ) ;
#549 = EDGE_CURVE ( 'NONE', #2330, #1471, #4255, .T. ) ;
#550 = ORIENTED_EDGE ( 'NONE', *, *, #50, .F. ) ;
#551 = PLANE ( 'NONE',  #1938 ) ;
#552 = CYLINDRICAL_SURFACE ( 'NONE', #4134, 0.02447144269215796600 ) ;
#553 = CARTESIAN_POINT ( 'NONE',  ( -0.7499999999999997800, -1.365923996832131600E-016, -0.1250000000000000000 ) ) ;
#554 = CARTESIAN_POINT ( 'NONE',  ( 0.8388907272751259200, 0.3499999999999999800, -0.3600000000000003800 ) ) ;
#555 = AXIS2_PLACEMENT_3D ( 'NONE', #5229, #2675, #613 ) ;
#556 =( NAMED_UNIT ( * ) PLANE_ANGLE_UNIT ( ) SI_UNIT ( $, .RADIAN. ) );
#557 = LINE ( 'NONE', #3527, #2153 ) ;
#558 = CIRCLE ( 'NONE', #2525, 0.02447144269215796600 ) ;
#559 = ORIENTED_EDGE ( 'NONE', *, *, #4013, .T. ) ;
#560 = PRESENTATION_STYLE_ASSIGNMENT (( #3433 ) ) ;
#561 = CARTESIAN_POINT ( 'NONE',  ( -0.7247255900348509300, 0.3841299163440908800, 0.0000000000000000000 ) ) ;
#562 = VERTEX_POINT ( 'NONE', #865 ) ;
#563 = CARTESIAN_POINT ( 'NONE',  ( 0.8449999999999997500, 0.0000000000000000000, -0.3600000000000001000 ) ) ;
#564 = FILL_AREA_STYLE ('',( #3070 ) ) ;
#565 = EDGE_CURVE ( 'NONE', #4271, #3481, #5320, .T. ) ;
#566 = FACE_OUTER_BOUND ( 'NONE', #5341, .T. ) ;
#567 = PRESENTATION_STYLE_ASSIGNMENT (( #2697 ) ) ;
#568 = CARTESIAN_POINT ( 'NONE',  ( -0.7342519685039365900, 0.3841299163440908800, 0.0000000000000000000 ) ) ;
#569 = CARTESIAN_POINT ( 'NONE',  ( 0.6527881591473028200, 0.2826213651569630100, 0.3180446628318844300 ) ) ;
#570 = LINE ( 'NONE', #761, #2221 ) ;
#571 = DIRECTION ( 'NONE',  ( 0.0000000000000000000, -3.902639990948947500E-016, 1.000000000000000000 ) ) ;
#572 = VECTOR ( 'NONE', #5254, 39.37007874015748100 ) ;
#573 = EDGE_CURVE ( 'NONE', #3600, #4801, #970, .T. ) ;
#574 = LINE ( 'NONE', #4285, #3975 ) ;
#575 = AXIS2_PLACEMENT_3D ( 'NONE', #3002, #5151, #1346 ) ;
#576 = CARTESIAN_POINT ( 'NONE',  ( 0.9801201070409663000, 0.0000000000000000000, 0.01740402468160772600 ) ) ;
#577 = VECTOR ( 'NONE', #381, 39.37007874015748100 ) ;
#578 = STYLED_ITEM ( 'NONE', ( #3565 ), #4949 ) ;
#579 = LINE ( 'NONE', #695, #4927 ) ;
#580 = VECTOR ( 'NONE', #4613, 39.37007874015748100 ) ;
#581 = CARTESIAN_POINT ( 'NONE',  ( 0.8352129783247008700, 0.5606980962574910100, -0.3600000000000003800 ) ) ;
#582 = VERTEX_POINT ( 'NONE', #2587 ) ;
#583 = LINE ( 'NONE', #1638, #1982 ) ;
#584 = ORIENTED_EDGE ( 'NONE', *, *, #1432, .F. ) ;
#585 = DIRECTION ( 'NONE',  ( 0.0000000000000000000, 0.0000000000000000000, -1.000000000000000000 ) ) ;
#586 = EDGE_CURVE ( 'NONE', #171, #439, #4182, .T. ) ;
#587 = AXIS2_PLACEMENT_3D ( 'NONE', #2840, #337, #1186 ) ;
#588 = CARTESIAN_POINT ( 'NONE',  ( -0.7952190705184454300, 0.5999999999999999800, -0.2787700759417754400 ) ) ;
#589 = DIRECTION ( 'NONE',  ( -1.000000000000000000, 0.0000000000000000000, -0.0000000000000000000 ) ) ;
#590 = ORIENTED_EDGE ( 'NONE', *, *, #2487, .T. ) ;
#591 = DIRECTION ( 'NONE',  ( 0.01659846625565440700, 0.9509254949162524500, 0.3089744229483086800 ) ) ;
#592 = VECTOR ( 'NONE', #2831, 39.37007874015748100 ) ;
#593 = ORIENTED_EDGE ( 'NONE', *, *, #549, .T. ) ;
#594 = LINE ( 'NONE', #3695, #3077 ) ;
#595 = CARTESIAN_POINT ( 'NONE',  ( -1.031000000000000800, 0.2787401574803150000, 0.1250000000000000600 ) ) ;
#596 = VERTEX_POINT ( 'NONE', #2157 ) ;
#597 = ORIENTED_EDGE ( 'NONE', *, *, #124, .T. ) ;
#598 = VERTEX_POINT ( 'NONE', #1334 ) ;
#599 = MECHANICAL_DESIGN_GEOMETRIC_PRESENTATION_REPRESENTATION (  '', ( #2769 ), #1210 ) ;
#600 = DIRECTION ( 'NONE',  ( -0.0000000000000000000, -0.0000000000000000000, 1.000000000000000000 ) ) ;
#601 = UNCERTAINTY_MEASURE_WITH_UNIT (LENGTH_MEASURE( 1.000000000000000100E-005 ), #996, 'distance_accuracy_value', 'NONE');
#602 = ORIENTED_EDGE ( 'NONE', *, *, #2672, .T. ) ;
#603 = ADVANCED_FACE ( 'NONE', ( #3841 ), #4638, .T. ) ;
#604 = EDGE_CURVE ( 'NONE', #428, #171, #2433, .T. ) ;
#605 = DIRECTION ( 'NONE',  ( -1.000000000000000000, 9.573036100600765300E-020, 0.0000000000000000000 ) ) ;
#606 = VERTEX_POINT ( 'NONE', #9 ) ;
#607 = ADVANCED_FACE ( 'NONE', ( #4311 ), #5052, .F. ) ;
#608 = CARTESIAN_POINT ( 'NONE',  ( 0.0000000000000000000, 0.5999999999999999800, 0.2787700759417753300 ) ) ;
#609 = DIRECTION ( 'NONE',  ( 0.0000000000000000000, 1.000000000000000000, 8.537024980200824800E-016 ) ) ;
#610 = CARTESIAN_POINT ( 'NONE',  ( 0.6805697955900481500, 0.3194020319167261700, 0.3244280871259778700 ) ) ;
#611 = EDGE_CURVE ( 'NONE', #1985, #3381, #3188, .T. ) ;
#612 = EDGE_LOOP ( 'NONE', ( #1023, #768, #2238, #125 ) ) ;
#613 = DIRECTION ( 'NONE',  ( 0.0000000000000000000, -1.224955720424438600E-016, 1.000000000000000000 ) ) ;
#614 = CARTESIAN_POINT ( 'NONE',  ( 0.7736220472440942200, 0.01574803149606299200, 0.1250000000000000600 ) ) ;
#615 = FACE_OUTER_BOUND ( 'NONE', #1286, .T. ) ;
#616 = CARTESIAN_POINT ( 'NONE',  ( -0.7736220472440942200, 0.03937007874015744500, 0.1250000000000000600 ) ) ;
#617 = LINE ( 'NONE', #290, #5221 ) ;
#618 = ORIENTED_EDGE ( 'NONE', *, *, #1340, .F. ) ;
#619 = DIRECTION ( 'NONE',  ( -1.000000000000000000, 0.0000000000000000000, 0.0000000000000000000 ) ) ;
#620 = DIRECTION ( 'NONE',  ( 0.0000000000000000000, 0.0000000000000000000, 1.000000000000000000 ) ) ;
#621 = VECTOR ( 'NONE', #1099, 39.37007874015748100 ) ;
#622 = VECTOR ( 'NONE', #71, 39.37007874015748100 ) ;
#623 = AXIS2_PLACEMENT_3D ( 'NONE', #5289, #231, #178 ) ;
#624 = ORIENTED_EDGE ( 'NONE', *, *, #444, .F. ) ;
#625 = PLANE ( 'NONE',  #2502 ) ;
#626 = CARTESIAN_POINT ( 'NONE',  ( 0.6825000000000000000, 0.3349999999999999100, -0.3600000000000003800 ) ) ;
#627 = DIRECTION ( 'NONE',  ( 0.0000000000000000000, 1.000000000000000000, -7.805279981897894900E-016 ) ) ;
#628 = LINE ( 'NONE', #3227, #4295 ) ;
#629 = DIRECTION ( 'NONE',  ( 1.000000000000000000, -0.0000000000000000000, -0.0000000000000000000 ) ) ;
#630 = VERTEX_POINT ( 'NONE', #2973 ) ;
#631 = COLOUR_RGB ( '',0.9686274509803921600, 0.8784313725490196000, 0.5999999999999999800 ) ;
#632 = ADVANCED_FACE ( 'NONE', ( #1651 ), #2101, .F. ) ;
#633 = PRESENTATION_LAYER_ASSIGNMENT (  '', '', ( #2769 ) ) ;
#634 = LINE ( 'NONE', #1305, #2985 ) ;
#635 = CARTESIAN_POINT ( 'NONE',  ( 0.8386596052609223100, 0.3632409713257485100, -0.3556977476190096300 ) ) ;
#636 = ORIENTED_EDGE ( 'NONE', *, *, #1228, .T. ) ;
#637 = CARTESIAN_POINT ( 'NONE',  ( 0.6181507432773606400, 0.3924603339927483800, 0.1250000000000000600 ) ) ;
#638 = ORIENTED_EDGE ( 'NONE', *, *, #2336, .T. ) ;
#639 = ADVANCED_FACE ( 'NONE', ( #4578 ), #545, .F. ) ;
#640 = VECTOR ( 'NONE', #4550, 39.37007874015748100 ) ;
#641 = EDGE_CURVE ( 'NONE', #3952, #3848, #1899, .T. ) ;
#642 = DIRECTION ( 'NONE',  ( 0.0000000000000000000, 0.0000000000000000000, -1.000000000000000000 ) ) ;
#643 = CARTESIAN_POINT ( 'NONE',  ( -0.9801201070409663000, 0.0000000000000000000, 0.01740402468160772600 ) ) ;
#644 = EDGE_LOOP ( 'NONE', ( #3984, #3465, #1912, #2259 ) ) ;
#645 = CARTESIAN_POINT ( 'NONE',  ( 0.7736220472440942200, 0.01574803149606295400, 0.06927281597899326300 ) ) ;
#646 = DIRECTION ( 'NONE',  ( -1.000000000000000000, 0.0000000000000000000, 0.0000000000000000000 ) ) ;
#647 = LINE ( 'NONE', #4008, #3592 ) ;
#648 = CARTESIAN_POINT ( 'NONE',  ( 0.8449999999999997500, 0.0000000000000000000, -0.3600000000000001000 ) ) ;
#649 = SURFACE_STYLE_USAGE ( .BOTH. , #2744 ) ;
#650 = EDGE_CURVE ( 'NONE', #2847, #5315, #3121, .T. ) ;
#651 = SURFACE_STYLE_FILL_AREA ( #2162 ) ;
#652 = VECTOR ( 'NONE', #4425, 39.37007874015748100 ) ;
#653 = AXIS2_PLACEMENT_3D ( 'NONE', #5103, #4634, #474 ) ;
#654 = CARTESIAN_POINT ( 'NONE',  ( 0.7255285573078418300, 0.5803149606299211600, 0.1250000000000000600 ) ) ;
#655 = DIRECTION ( 'NONE',  ( 1.000000000000000000, -0.0000000000000000000, -0.0000000000000000000 ) ) ;
#656 = VECTOR ( 'NONE', #1429, 39.37007874015748100 ) ;
#657 = ORIENTED_EDGE ( 'NONE', *, *, #840, .F. ) ;
#658 = CARTESIAN_POINT ( 'NONE',  ( 0.7342519685039365900, 0.2787401574803148900, -0.1250000000000000600 ) ) ;
#659 = EDGE_CURVE ( 'NONE', #3920, #3923, #3723, .T. ) ;
#660 = ORIENTED_EDGE ( 'NONE', *, *, #693, .T. ) ;
#661 = AXIS2_PLACEMENT_3D ( 'NONE', #3099, #2279, #1861 ) ;
#662 = ORIENTED_EDGE ( 'NONE', *, *, #3484, .T. ) ;
#663 = CARTESIAN_POINT ( 'NONE',  ( 0.6094273320812657600, 0.2482104724122009000, 0.1250000000000000600 ) ) ;
#664 = ORIENTED_EDGE ( 'NONE', *, *, #4970, .F. ) ;
#665 = EDGE_LOOP ( 'NONE', ( #1475, #305, #4577, #493 ) ) ;
#666 = VERTEX_POINT ( 'NONE', #3414 ) ;
#667 = ADVANCED_FACE ( 'NONE', ( #4437 ), #3863, .F. ) ;
#668 = FACE_OUTER_BOUND ( 'NONE', #3625, .T. ) ;
#669 = SURFACE_STYLE_FILL_AREA ( #564 ) ;
#670 = CARTESIAN_POINT ( 'NONE',  ( -0.6825000000000000000, 0.2787401574803149400, 0.1053149606299212400 ) ) ;
#671 = ORIENTED_EDGE ( 'NONE', *, *, #2043, .F. ) ;
#672 =( NAMED_UNIT ( * ) PLANE_ANGLE_UNIT ( ) SI_UNIT ( $, .RADIAN. ) );
#673 = ORIENTED_EDGE ( 'NONE', *, *, #5357, .T. ) ;
#674 = MANIFOLD_SOLID_BREP ( 'Combine1', #3561 ) ;
#675 = PLANE ( 'NONE',  #1192 ) ;
#676 = CLOSED_SHELL ( 'NONE', ( #4447, #5360, #2691, #3122, #296, #3973, #681, #2833, #4840, #5297, #262, #4064, #1251, #3909, #4487, #2857, #4949, #1909, #1852, #1104, #667, #3576, #4878, #1949, #3692, #355, #1046, #3163, #1565, #3252, #1939, #1221, #342, #1148, #2363, #2881, #4992, #2659 ) ) ;
#677 = DIRECTION ( 'NONE',  ( 0.0000000000000000000, -0.0000000000000000000, 1.000000000000000000 ) ) ;
#678 = DIRECTION ( 'NONE',  ( -0.0000000000000000000, 1.000000000000000000, 1.224955720424438600E-016 ) ) ;
#679 = LINE ( 'NONE', #3642, #5017 ) ;
#680 = CARTESIAN_POINT ( 'NONE',  ( -0.6825000000000000000, 0.1149999999999998400, 0.1250000000000000000 ) ) ;
#681 = ADVANCED_FACE ( 'NONE', ( #5118 ), #4317, .T. ) ;
#682 = FILL_AREA_STYLE_COLOUR ( '', #4513 ) ;
#683 = DIRECTION ( 'NONE',  ( -1.000000000000000000, 0.0000000000000000000, 0.0000000000000000000 ) ) ;
#684 = ORIENTED_EDGE ( 'NONE', *, *, #549, .F. ) ;
#685 = EDGE_LOOP ( 'NONE', ( #2687, #2161, #4719, #3877 ) ) ;
#686 = EDGE_CURVE ( 'NONE', #2503, #1260, #1585, .T. ) ;
#687 = DIRECTION ( 'NONE',  ( -1.000000000000000000, -0.0000000000000000000, -0.0000000000000000000 ) ) ;
#688 = AXIS2_PLACEMENT_3D ( 'NONE', #3750, #1742, #1757 ) ;
#689 =( NAMED_UNIT ( * ) PLANE_ANGLE_UNIT ( ) SI_UNIT ( $, .RADIAN. ) );
#690 = EDGE_LOOP ( 'NONE', ( #2151, #5047, #2724, #624 ) ) ;
#691 =( CONVERSION_BASED_UNIT ( 'INCH', #364 ) LENGTH_UNIT ( ) NAMED_UNIT ( #3611 ) );
#692 = DIRECTION ( 'NONE',  ( 1.000000000000000000, 0.0000000000000000000, 0.0000000000000000000 ) ) ;
#693 = EDGE_CURVE ( 'NONE', #5440, #3961, #2030, .T. ) ;
#694 = LENGTH_MEASURE_WITH_UNIT ( LENGTH_MEASURE( 0.02539999999999999900 ), #5301 );
#695 = CARTESIAN_POINT ( 'NONE',  ( -0.6825000000000000000, 0.5999999999999999800, -0.3600000000000003800 ) ) ;
#696 = VERTEX_POINT ( 'NONE', #3499 ) ;
#697 = DIRECTION ( 'NONE',  ( 1.000000000000000000, 0.0000000000000000000, 0.0000000000000000000 ) ) ;
#698 = STYLED_ITEM ( 'NONE', ( #4604 ), #1148 ) ;
#699 = CARTESIAN_POINT ( 'NONE',  ( -0.8352129783247008700, 0.5606980962574910100, -0.07500000000000002500 ) ) ;
#700 = ADVANCED_FACE ( 'NONE', ( #3719 ), #3836, .F. ) ;
#701 = LINE ( 'NONE', #5035, #434 ) ;
#702 = ORIENTED_EDGE ( 'NONE', *, *, #1580, .F. ) ;
#703 = VECTOR ( 'NONE', #5100, 39.37007874015748100 ) ;
#704 = DIMENSIONAL_EXPONENTS ( 1.000000000000000000, 0.0000000000000000000, 0.0000000000000000000, 0.0000000000000000000, 0.0000000000000000000, 0.0000000000000000000, 0.0000000000000000000 ) ;
#705 = CIRCLE ( 'NONE', #2045, 0.02362204724409448100 ) ;
#706 = CARTESIAN_POINT ( 'NONE',  ( -0.8449999999999997500, 0.03937007874015744500, -0.06927281597899326300 ) ) ;
#707 = VERTEX_POINT ( 'NONE', #4814 ) ;
#708 = ADVANCED_FACE ( 'NONE', ( #1718 ), #3091, .T. ) ;
#709 = COLOUR_RGB ( '',0.9686274509803921600, 0.8784313725490196000, 0.5999999999999999800 ) ;
#710 = SPHERICAL_SURFACE ( 'NONE', #2688, 0.02500000000000000100 ) ;
#711 = SURFACE_STYLE_USAGE ( .BOTH. , #1107 ) ;
#712 = ORIENTED_EDGE ( 'NONE', *, *, #2522, .F. ) ;
#713 = DIMENSIONAL_EXPONENTS ( 1.000000000000000000, 0.0000000000000000000, 0.0000000000000000000, 0.0000000000000000000, 0.0000000000000000000, 0.0000000000000000000, 0.0000000000000000000 ) ;
#714 = ORIENTED_EDGE ( 'NONE', *, *, #3093, .T. ) ;
#715 = PRESENTATION_LAYER_ASSIGNMENT (  '', '', ( #79 ) ) ;
#716 = DIRECTION ( 'NONE',  ( -2.525070561829413700E-016, 1.000000000000000000, 0.0000000000000000000 ) ) ;
#717 = CARTESIAN_POINT ( 'NONE',  ( -0.8449999999999997500, 0.03937007874015744500, -0.09048522344134479800 ) ) ;
#718 = LINE ( 'NONE', #1420, #1774 ) ;
#719 = CARTESIAN_POINT ( 'NONE',  ( 0.6825000000000000000, 0.3349999999999999100, -0.1249999999999999600 ) ) ;
#720 = EDGE_CURVE ( 'NONE', #3780, #1798, #2286, .T. ) ;
#721 = CARTESIAN_POINT ( 'NONE',  ( -0.7499999999999997800, 0.2787401574803149400, 0.1053149606299212400 ) ) ;
#722 = VECTOR ( 'NONE', #4837, 39.37007874015748100 ) ;
#723 = ORIENTED_EDGE ( 'NONE', *, *, #1228, .F. ) ;
#724 = ADVANCED_FACE ( 'NONE', ( #566 ), #3930, .F. ) ;
#725 = VECTOR ( 'NONE', #4531, 39.37007874015748100 ) ;
#726 = CARTESIAN_POINT ( 'NONE',  ( 0.7499999999999996700, 0.5803149606299211600, -0.09048522344134479800 ) ) ;
#727 = CARTESIAN_POINT ( 'NONE',  ( 0.6704116963770109200, 0.2980554692448914600, -0.3216385545218859400 ) ) ;
#728 = EDGE_CURVE ( 'NONE', #5383, #3308, #4914, .T. ) ;
#729 = PRESENTATION_STYLE_ASSIGNMENT (( #3741 ) ) ;
#730 = ORIENTED_EDGE ( 'NONE', *, *, #2475, .F. ) ;
#731 = VECTOR ( 'NONE', #1966, 39.37007874015748100 ) ;
#732 = CARTESIAN_POINT ( 'NONE',  ( -0.6304018017545106600, 0.2753933363061600900, -0.3159127858877799300 ) ) ;
#733 = ORIENTED_EDGE ( 'NONE', *, *, #1838, .F. ) ;
#734 = DIRECTION ( 'NONE',  ( -1.000000000000000000, 0.0000000000000000000, 0.0000000000000000000 ) ) ;
#735 = ORIENTED_EDGE ( 'NONE', *, *, #3157, .F. ) ;
#736 = CARTESIAN_POINT ( 'NONE',  ( -0.7499999999999997800, 8.308786758271078200E-020, -0.07499999999999999700 ) ) ;
#737 = CARTESIAN_POINT ( 'NONE',  ( -0.7342519685039367000, 0.2515788080029213200, -0.09048522344134479800 ) ) ;
#738 = EDGE_LOOP ( 'NONE', ( #2467, #2455, #2542, #127, #3039 ) ) ;
#739 = CARTESIAN_POINT ( 'NONE',  ( 0.8560000000000006500, 0.01574803149606299200, 0.1250000000000002500 ) ) ;
#740 = EDGE_CURVE ( 'NONE', #3464, #2483, #3783, .T. ) ;
#741 = SURFACE_STYLE_USAGE ( .BOTH. , #1969 ) ;
#742 = ADVANCED_FACE ( 'NONE', ( #450 ), #2754, .T. ) ;
#743 = EDGE_LOOP ( 'NONE', ( #2444, #4871, #3803, #3503 ) ) ;
#744 = CARTESIAN_POINT ( 'NONE',  ( 0.0000000000000000000, 0.3500000000000000300, -0.3600000000000003800 ) ) ;
#745 = EDGE_LOOP ( 'NONE', ( #2187, #2138, #5145, #4510, #2517, #3613 ) ) ;
#746 = ORIENTED_EDGE ( 'NONE', *, *, #41, .F. ) ;
#747 = DIRECTION ( 'NONE',  ( 0.0000000000000000000, -1.000000000000000000, -1.224646799147355400E-016 ) ) ;
#748 = ORIENTED_EDGE ( 'NONE', *, *, #3968, .T. ) ;
#749 = CARTESIAN_POINT ( 'NONE',  ( -0.7185039370078736300, 0.4528477461766093300, 8.415507034874627800E-018 ) ) ;
#750 =( GEOMETRIC_REPRESENTATION_CONTEXT ( 3 ) GLOBAL_UNCERTAINTY_ASSIGNED_CONTEXT ( ( #3416 ) ) GLOBAL_UNIT_ASSIGNED_CONTEXT ( ( #3994, #3132, #2701 ) ) REPRESENTATION_CONTEXT ( 'NONE', 'WORKASPACE' ) );
#751 = ORIENTED_EDGE ( 'NONE', *, *, #220, .F. ) ;
#752 = CARTESIAN_POINT ( 'NONE',  ( -0.6825000000000000000, 0.2787401574803149400, 0.1249999999999999900 ) ) ;
#753 = FILL_AREA_STYLE_COLOUR ( '', #1988 ) ;
#754 = CARTESIAN_POINT ( 'NONE',  ( -0.7499999999999996700, 0.5803149606299211600, -0.1249999999999999300 ) ) ;
#755 = CARTESIAN_POINT ( 'NONE',  ( 1.031000000000000800, 0.2787401574803150000, 0.09948246940511164300 ) ) ;
#756 = ADVANCED_FACE ( 'NONE', ( #1176 ), #4776, .F. ) ;
#757 = DIRECTION ( 'NONE',  ( 0.0000000000000000000, 0.0000000000000000000, 1.000000000000000000 ) ) ;
#758 = VERTEX_POINT ( 'NONE', #2733 ) ;
#759 = CARTESIAN_POINT ( 'NONE',  ( 0.7499999999999997800, 0.2515788080029213200, 0.1250000000000000600 ) ) ;
#761 = CARTESIAN_POINT ( 'NONE',  ( -0.7342519685039367000, 0.03937007874015743800, 0.1250000000000000600 ) ) ;
#760 = VECTOR ( 'NONE', #2485, 39.37007874015748100 ) ;
#762 = SURFACE_STYLE_FILL_AREA ( #3200 ) ;
#763 = EDGE_CURVE ( 'NONE', #3858, #1350, #1841, .T. ) ;
#764 = DIRECTION ( 'NONE',  ( -0.0000000000000000000, 0.0000000000000000000, -1.000000000000000000 ) ) ;
#765 = AXIS2_PLACEMENT_3D ( 'NONE', #2547, #2167, #438 ) ;
#766 = LINE ( 'NONE', #2334, #491 ) ;
#767 = ADVANCED_FACE ( 'NONE', ( #508 ), #1114, .F. ) ;
#768 = ORIENTED_EDGE ( 'NONE', *, *, #3791, .F. ) ;
#769 = EDGE_CURVE ( 'NONE', #2939, #2022, #2727, .T. ) ;
#770 = VECTOR ( 'NONE', #2523, 39.37007874015748100 ) ;
#771 = DIRECTION ( 'NONE',  ( 0.4920255458767450700, 0.8705807614487531800, 0.0000000000000000000 ) ) ;
#772 =( GEOMETRIC_REPRESENTATION_CONTEXT ( 3 ) GLOBAL_UNCERTAINTY_ASSIGNED_CONTEXT ( ( #4160 ) ) GLOBAL_UNIT_ASSIGNED_CONTEXT ( ( #877, #5027, #2513 ) ) REPRESENTATION_CONTEXT ( 'NONE', 'WORKASPACE' ) );
#773 = DIRECTION ( 'NONE',  ( 1.000000000000000000, 0.0000000000000000000, 0.0000000000000000000 ) ) ;
#774 = ORIENTED_EDGE ( 'NONE', *, *, #2448, .T. ) ;
#775 = CARTESIAN_POINT ( 'NONE',  ( 0.7499999999999997800, 0.0000000000000000000, 0.1053149606299211700 ) ) ;
#776 = CARTESIAN_POINT ( 'NONE',  ( 0.6094273320812657600, 0.2482104724122009000, 0.1250000000000000600 ) ) ;
#777 = MECHANICAL_DESIGN_GEOMETRIC_PRESENTATION_REPRESENTATION (  '', ( #2721 ), #390 ) ;
#778 = DIRECTION ( 'NONE',  ( 0.0000000000000000000, 0.9510565162951553100, 0.3090169943749418400 ) ) ;
#779 = ORIENTED_EDGE ( 'NONE', *, *, #2429, .T. ) ;
#780 = EDGE_LOOP ( 'NONE', ( #4665, #5001, #2994, #2527 ) ) ;
#781 = EDGE_CURVE ( 'NONE', #4433, #1358, #2605, .T. ) ;
#782 = DIRECTION ( 'NONE',  ( 9.082757113098751200E-015, 1.000000000000000000, -0.0000000000000000000 ) ) ;
#783 = VECTOR ( 'NONE', #1660, 39.37007874015748100 ) ;
#784 = ADVANCED_FACE ( 'NONE', ( #3115 ), #1095, .F. ) ;
#785 = ORIENTED_EDGE ( 'NONE', *, *, #3266, .T. ) ;
#786 = CARTESIAN_POINT ( 'NONE',  ( 0.6825000000000000000, 0.1999999999999999300, 0.1053149606299211700 ) ) ;
#787 = LENGTH_MEASURE_WITH_UNIT ( LENGTH_MEASURE( 0.02539999999999999900 ), #1407 );
#788 = CARTESIAN_POINT ( 'NONE',  ( -0.8352129783247008700, 0.5606980962574910100, 0.07500000000000002500 ) ) ;
#789 = CARTESIAN_POINT ( 'NONE',  ( 0.8352129783247008700, 0.5606980962574910100, 0.3600000000000001000 ) ) ;
#790 = ORIENTED_EDGE ( 'NONE', *, *, #921, .T. ) ;
#791 =( NAMED_UNIT ( * ) SI_UNIT ( $, .STERADIAN. ) SOLID_ANGLE_UNIT ( ) );
#792 = LINE ( 'NONE', #391, #1656 ) ;
#793 = EDGE_CURVE ( 'NONE', #4865, #2306, #2355, .T. ) ;
#794 = VECTOR ( 'NONE', #3902, 39.37007874015748100 ) ;
#795 = ORIENTED_EDGE ( 'NONE', *, *, #3891, .F. ) ;
#796 = CARTESIAN_POINT ( 'NONE',  ( -0.7736220472440942200, -3.414809992080329000E-017, 0.1250000000000000600 ) ) ;
#797 = AXIS2_PLACEMENT_3D ( 'NONE', #3782, #1293, #3395 ) ;
#798 = ORIENTED_EDGE ( 'NONE', *, *, #1189, .T. ) ;
#799 = CARTESIAN_POINT ( 'NONE',  ( 0.7736220472440942200, 2.463888433231009700E-020, 0.1250000000000000600 ) ) ;
#800 = LINE ( 'NONE', #3992, #3605 ) ;
#801 = VERTEX_POINT ( 'NONE', #2792 ) ;
#802 = LINE ( 'NONE', #1765, #3737 ) ;
#803 = ORIENTED_EDGE ( 'NONE', *, *, #5104, .T. ) ;
#804 = EDGE_CURVE ( 'NONE', #5290, #4271, #5313, .T. ) ;
#805 = ORIENTED_EDGE ( 'NONE', *, *, #444, .T. ) ;
#806 = VERTEX_POINT ( 'NONE', #1946 ) ;
#807 =( GEOMETRIC_REPRESENTATION_CONTEXT ( 3 ) GLOBAL_UNCERTAINTY_ASSIGNED_CONTEXT ( ( #1495 ) ) GLOBAL_UNIT_ASSIGNED_CONTEXT ( ( #1262, #2871, #2941 ) ) REPRESENTATION_CONTEXT ( 'NONE', 'WORKASPACE' ) );
#808 = DIRECTION ( 'NONE',  ( -1.000000000000000000, 0.0000000000000000000, 0.0000000000000000000 ) ) ;
#809 = ORIENTED_EDGE ( 'NONE', *, *, #2958, .F. ) ;
#810 = CARTESIAN_POINT ( 'NONE',  ( -1.031000000000000800, 0.2787401574803150000, -0.09948246940511164300 ) ) ;
#811 = DIRECTION ( 'NONE',  ( 0.0000000000000000000, 1.000000000000000000, 0.0000000000000000000 ) ) ;
#812 = ADVANCED_FACE ( 'NONE', ( #4304 ), #4937, .T. ) ;
#813 = DIRECTION ( 'NONE',  ( 0.0000000000000000000, 0.0000000000000000000, 1.000000000000000000 ) ) ;
#814 = AXIS2_PLACEMENT_3D ( 'NONE', #4784, #3959, #969 ) ;
#815 = DIRECTION ( 'NONE',  ( -0.0000000000000000000, -0.0000000000000000000, -1.000000000000000000 ) ) ;
#816 = EDGE_LOOP ( 'NONE', ( #2078, #2155, #3248, #1476 ) ) ;
#817 = LINE ( 'NONE', #4002, #418 ) ;
#818 = DIRECTION ( 'NONE',  ( -5.028925377838796700E-015, -1.000000000000000000, 0.0000000000000000000 ) ) ;
#819 = DIRECTION ( 'NONE',  ( -2.525070561829413700E-016, -1.000000000000000000, 0.0000000000000000000 ) ) ;
#820 = VERTEX_POINT ( 'NONE', #1558 ) ;
#821 = DIRECTION ( 'NONE',  ( 0.4920255458767450700, 0.8705807614487531800, 0.0000000000000000000 ) ) ;
#822 = EDGE_LOOP ( 'NONE', ( #3756, #5247, #5076, #4621, #2236, #2626, #3162, #195, #2615, #3509, #398, #407, #2584, #1843 ) ) ;
#823 = ORIENTED_EDGE ( 'NONE', *, *, #5081, .T. ) ;
#824 = EDGE_CURVE ( 'NONE', #582, #927, #3441, .T. ) ;
#825 = DIRECTION ( 'NONE',  ( 0.0000000000000000000, 0.0000000000000000000, 1.000000000000000000 ) ) ;
#826 = DIRECTION ( 'NONE',  ( 0.0000000000000000000, 0.0000000000000000000, 1.000000000000000000 ) ) ;
#827 = LINE ( 'NONE', #680, #3369 ) ;
#828 = LINE ( 'NONE', #4282, #101 ) ;
#829 = ORIENTED_EDGE ( 'NONE', *, *, #4827, .F. ) ;
#830 = LENGTH_MEASURE_WITH_UNIT ( LENGTH_MEASURE( 0.02539999999999999900 ), #5314 );
#831 = DIRECTION ( 'NONE',  ( 1.000000000000000000, 0.0000000000000000000, -0.0000000000000000000 ) ) ;
#832 = VECTOR ( 'NONE', #3656, 39.37007874015748100 ) ;
#833 = EDGE_CURVE ( 'NONE', #696, #1218, #2780, .T. ) ;
#834 = CARTESIAN_POINT ( 'NONE',  ( 0.7342519685039367000, 0.2515788080029213200, 0.09048522344134479800 ) ) ;
#835 = ORIENTED_EDGE ( 'NONE', *, *, #2240, .F. ) ;
#836 = FACE_OUTER_BOUND ( 'NONE', #5125, .T. ) ;
#837 = FACE_OUTER_BOUND ( 'NONE', #4079, .T. ) ;
#838 = VECTOR ( 'NONE', #990, 39.37007874015748100 ) ;
#839 = EDGE_LOOP ( 'NONE', ( #2905, #137, #1846, #5003, #3814 ) ) ;
#840 = EDGE_CURVE ( 'NONE', #464, #3751, #2983, .T. ) ;
#841 = LINE ( 'NONE', #5115, #4036 ) ;
#842 = DIRECTION ( 'NONE',  ( 0.0000000000000000000, 1.000000000000000000, 0.0000000000000000000 ) ) ;
#843 = COLOUR_RGB ( '',0.9686274509803921600, 0.8784313725490196000, 0.5999999999999999800 ) ;
#844 = PRESENTATION_LAYER_ASSIGNMENT (  '', '', ( #1343 ) ) ;
#845 = CARTESIAN_POINT ( 'NONE',  ( -0.7736220472440942200, 0.01574803149606299200, 0.1250000000000000600 ) ) ;
#846 = ORIENTED_EDGE ( 'NONE', *, *, #3654, .F. ) ;
#847 = DIRECTION ( 'NONE',  ( -1.000000000000000000, 2.525070561829413700E-016, 0.0000000000000000000 ) ) ;
#848 = ORIENTED_EDGE ( 'NONE', *, *, #4186, .T. ) ;
#849 = PRODUCT_DEFINITION ( 'UNKNOWN', '', #5, #5069 ) ;
#850 = UNCERTAINTY_MEASURE_WITH_UNIT (LENGTH_MEASURE( 1.000000000000000100E-005 ), #1942, 'distance_accuracy_value', 'NONE');
#851 = VECTOR ( 'NONE', #1831, 39.37007874015748100 ) ;
#852 = AXIS2_PLACEMENT_3D ( 'NONE', #2270, #4365, #1032 ) ;
#853 = DIRECTION ( 'NONE',  ( -1.000000000000000000, 0.0000000000000000000, -0.0000000000000000000 ) ) ;
#854 = LINE ( 'NONE', #3976, #2364 ) ;
#855 = LINE ( 'NONE', #3767, #3787 ) ;
#856 = CARTESIAN_POINT ( 'NONE',  ( 0.7499999999999997800, 0.2515788080029213200, 0.09048522344134479800 ) ) ;
#857 = CARTESIAN_POINT ( 'NONE',  ( -0.7420000000000007700, -0.05000000000000000300, -0.2940000000000000400 ) ) ;
#858 = ORIENTED_EDGE ( 'NONE', *, *, #5116, .F. ) ;
#859 = CARTESIAN_POINT ( 'NONE',  ( -0.7952190705184454300, 0.5599999999999999400, -0.07500000000000002500 ) ) ;
#860 = LINE ( 'NONE', #1115, #5068 ) ;
#861 = ORIENTED_EDGE ( 'NONE', *, *, #3356, .F. ) ;
#862 = EDGE_CURVE ( 'NONE', #4142, #2462, #2545, .T. ) ;
#863 = ORIENTED_EDGE ( 'NONE', *, *, #2448, .F. ) ;
#864 = ORIENTED_EDGE ( 'NONE', *, *, #2130, .T. ) ;
#865 = CARTESIAN_POINT ( 'NONE',  ( -0.6224999999999999400, 0.2749999999999999100, -0.3157878402833891900 ) ) ;
#866 = CARTESIAN_POINT ( 'NONE',  ( -0.6825000000000000000, 0.1149999999999998400, -0.1250000000000000000 ) ) ;
#867 = VECTOR ( 'NONE', #4497, 39.37007874015748100 ) ;
#868 = PLANE ( 'NONE',  #3781 ) ;
#869 = ORIENTED_EDGE ( 'NONE', *, *, #3023, .F. ) ;
#870 = VERTEX_POINT ( 'NONE', #2848 ) ;
#871 = FILL_AREA_STYLE ('',( #4564 ) ) ;
#872 = EDGE_CURVE ( 'NONE', #4803, #950, #4571, .T. ) ;
#873 = VERTEX_POINT ( 'NONE', #754 ) ;
#874 = CARTESIAN_POINT ( 'NONE',  ( 0.7499999999999996700, 0.5558435179377632100, 0.1250000000000000600 ) ) ;
#875 = VERTEX_POINT ( 'NONE', #2914 ) ;
#876 = PRESENTATION_LAYER_ASSIGNMENT (  '', '', ( #4994 ) ) ;
#877 =( CONVERSION_BASED_UNIT ( 'INCH', #4460 ) LENGTH_UNIT ( ) NAMED_UNIT ( #1085 ) );
#878 = DIRECTION ( 'NONE',  ( 0.0000000000000000000, -1.000000000000000000, 0.0000000000000000000 ) ) ;
#879 = DIRECTION ( 'NONE',  ( 1.000000000000000000, 9.573036100600765300E-020, 0.0000000000000000000 ) ) ;
#880 = EDGE_LOOP ( 'NONE', ( #5416, #1194, #2175, #5242 ) ) ;
#881 = CARTESIAN_POINT ( 'NONE',  ( 3.980102097228897700E-017, 0.2749999999999999100, -0.3600000000000003800 ) ) ;
#882 = CARTESIAN_POINT ( 'NONE',  ( 0.7499999999999997800, 0.03937007874015744500, -0.06927281597899326300 ) ) ;
#883 = EDGE_CURVE ( 'NONE', #596, #3600, #113, .T. ) ;
#884 = DIRECTION ( 'NONE',  ( -1.000000000000000000, 0.0000000000000000000, -0.0000000000000000000 ) ) ;
#885 = DIRECTION ( 'NONE',  ( 9.573036100600765300E-020, 1.000000000000000000, -0.0000000000000000000 ) ) ;
#886 = CARTESIAN_POINT ( 'NONE',  ( -0.8560000000000006500, 0.0000000000000000000, -0.1249999999999997600 ) ) ;
#887 = FACE_OUTER_BOUND ( 'NONE', #2861, .T. ) ;
#888 = PLANE ( 'NONE',  #1353 ) ;
#889 = DIRECTION ( 'NONE',  ( 1.000000000000000000, 9.573036100600762900E-020, 0.0000000000000000000 ) ) ;
#890 = FACE_OUTER_BOUND ( 'NONE', #2617, .T. ) ;
#891 = EDGE_CURVE ( 'NONE', #918, #4016, #2490, .T. ) ;
#892 = ORIENTED_EDGE ( 'NONE', *, *, #769, .T. ) ;
#893 = DIRECTION ( 'NONE',  ( 0.0000000000000000000, 1.000000000000000000, 0.0000000000000000000 ) ) ;
#894 = CARTESIAN_POINT ( 'NONE',  ( 0.7499999999999996700, 0.5803149606299211600, 0.1250000000000000600 ) ) ;
#895 = VECTOR ( 'NONE', #4469, 39.37007874015748100 ) ;
#896 = VECTOR ( 'NONE', #2141, 39.37007874015748100 ) ;
#897 = ORIENTED_EDGE ( 'NONE', *, *, #385, .T. ) ;
#898 = EDGE_CURVE ( 'NONE', #4337, #3136, #5237, .T. ) ;
#899 = VECTOR ( 'NONE', #842, 39.37007874015748100 ) ;
#900 = VECTOR ( 'NONE', #4276, 39.37007874015748100 ) ;
#901 = VERTEX_POINT ( 'NONE', #2898 ) ;
#902 = AXIS2_PLACEMENT_3D ( 'NONE', #2538, #5405, #1223 ) ;
#903 = ORIENTED_EDGE ( 'NONE', *, *, #4617, .F. ) ;
#904 = LENGTH_MEASURE_WITH_UNIT ( LENGTH_MEASURE( 0.02539999999999999900 ), #1685 );
#905 = DIRECTION ( 'NONE',  ( -1.000000000000000000, 0.0000000000000000000, 0.0000000000000000000 ) ) ;
#906 = PRESENTATION_LAYER_ASSIGNMENT (  '', '', ( #2284 ) ) ;
#907 = ORIENTED_EDGE ( 'NONE', *, *, #2201, .F. ) ;
#908 = CARTESIAN_POINT ( 'NONE',  ( 0.5968463760646721700, 0.4045009089417488900, -0.1249999999999999900 ) ) ;
#909 =( LENGTH_UNIT ( ) NAMED_UNIT ( * ) SI_UNIT ( $, .METRE. ) );
#910 = MANIFOLD_SOLID_BREP ( 'Fillet2', #676 ) ;
#911 = LENGTH_MEASURE_WITH_UNIT ( LENGTH_MEASURE( 0.02539999999999999900 ), #3876 );
#912 = CARTESIAN_POINT ( 'NONE',  ( 0.8352129783247008700, 0.5606980962574910100, 0.07500000000000002500 ) ) ;
#913 = CARTESIAN_POINT ( 'NONE',  ( -0.7499999999999997800, 0.2515788080029213200, 0.1250000000000000600 ) ) ;
#914 = ORIENTED_EDGE ( 'NONE', *, *, #3727, .F. ) ;
#915 = CARTESIAN_POINT ( 'NONE',  ( 0.6224999999999999400, 0.2749999999999999100, 0.3600000000000001000 ) ) ;
#916 =( CONVERSION_BASED_UNIT ( 'INCH', #787 ) LENGTH_UNIT ( ) NAMED_UNIT ( #267 ) );
#917 = EDGE_LOOP ( 'NONE', ( #4671, #1410, #1962, #937 ) ) ;
#918 = VERTEX_POINT ( 'NONE', #5045 ) ;
#919 = FACE_OUTER_BOUND ( 'NONE', #5324, .T. ) ;
#920 = ORIENTED_EDGE ( 'NONE', *, *, #4856, .F. ) ;
#921 = EDGE_CURVE ( 'NONE', #4286, #2359, #174, .T. ) ;
#922 = CIRCLE ( 'NONE', #3032, 0.06871782983251849300 ) ;
#923 = DIRECTION ( 'NONE',  ( -9.573036100600762900E-020, 1.000000000000000000, 0.0000000000000000000 ) ) ;
#924 = ORIENTED_EDGE ( 'NONE', *, *, #2079, .F. ) ;
#925 = VECTOR ( 'NONE', #5418, 39.37007874015748100 ) ;
#926 = CARTESIAN_POINT ( 'NONE',  ( -0.1085708163636324000, 0.1506818173096967400, 0.3600000000000001000 ) ) ;
#927 = VERTEX_POINT ( 'NONE', #401 ) ;
#928 = DIRECTION ( 'NONE',  ( 0.0000000000000000000, 0.0000000000000000000, 1.000000000000000000 ) ) ;
#929 = ORIENTED_EDGE ( 'NONE', *, *, #1818, .F. ) ;
#930 = ORIENTED_EDGE ( 'NONE', *, *, #4869, .T. ) ;
#931 = CARTESIAN_POINT ( 'NONE',  ( 0.7499999999999997800, -1.365923996832131600E-016, -0.1250000000000000000 ) ) ;
#932 = EDGE_CURVE ( 'NONE', #3354, #4792, #4501, .T. ) ;
#933 = DIRECTION ( 'NONE',  ( -0.0000000000000000000, -0.0000000000000000000, -1.000000000000000000 ) ) ;
#934 = ORIENTED_EDGE ( 'NONE', *, *, #2859, .F. ) ;
#935 = ORIENTED_EDGE ( 'NONE', *, *, #146, .T. ) ;
#936 = AXIS2_PLACEMENT_3D ( 'NONE', #215, #642, #1062 ) ;
#937 = ORIENTED_EDGE ( 'NONE', *, *, #1329, .T. ) ;
#938 = LINE ( 'NONE', #4388, #5146 ) ;
#939 = EDGE_CURVE ( 'NONE', #4433, #460, #3506, .T. ) ;
#940 = DIRECTION ( 'NONE',  ( 0.0000000000000000000, -0.9510565162951555300, 0.3090169943749416200 ) ) ;
#941 = PRESENTATION_LAYER_ASSIGNMENT (  '', '', ( #2619 ) ) ;
#942 = DIRECTION ( 'NONE',  ( 0.0000000000000000000, 0.0000000000000000000, 1.000000000000000000 ) ) ;
#943 = ORIENTED_EDGE ( 'NONE', *, *, #4759, .T. ) ;
#944 = ORIENTED_EDGE ( 'NONE', *, *, #307, .T. ) ;
#945 = DIRECTION ( 'NONE',  ( -2.525070561829413700E-016, 1.000000000000000000, 0.0000000000000000000 ) ) ;
#946 = CARTESIAN_POINT ( 'NONE',  ( 0.6745456592561825900, 0.3048910162262438200, 0.3227481297846427900 ) ) ;
#947 = ORIENTED_EDGE ( 'NONE', *, *, #2796, .F. ) ;
#948 = LINE ( 'NONE', #3997, #1082 ) ;
#949 = FACE_OUTER_BOUND ( 'NONE', #4866, .T. ) ;
#950 = VERTEX_POINT ( 'NONE', #4166 ) ;
#951 = LINE ( 'NONE', #2393, #3827 ) ;
#952 = EDGE_LOOP ( 'NONE', ( #1915, #5362, #1199, #2892 ) ) ;
#953 = FILL_AREA_STYLE_COLOUR ( '', #843 ) ;
#954 = PRODUCT ( '1050', '1050', '', ( #3127 ) ) ;
#955 = CARTESIAN_POINT ( 'NONE',  ( 0.5968463760646721700, 0.4045009089417488900, 0.1250000000000000600 ) ) ;
#956 =( NAMED_UNIT ( * ) PLANE_ANGLE_UNIT ( ) SI_UNIT ( $, .RADIAN. ) );
#957 = EDGE_CURVE ( 'NONE', #5290, #3693, #2660, .T. ) ;
#958 = DIRECTION ( 'NONE',  ( 0.0000000000000000000, 1.000000000000000000, 0.0000000000000000000 ) ) ;
#959 = CARTESIAN_POINT ( 'NONE',  ( 0.8560000000000006500, 0.0000000000000000000, -0.1249999999999997600 ) ) ;
#960 = ORIENTED_EDGE ( 'NONE', *, *, #5381, .T. ) ;
#961 = CARTESIAN_POINT ( 'NONE',  ( 0.0000000000000000000, 0.0000000000000000000, -0.3206299212598426300 ) ) ;
#962 = CIRCLE ( 'NONE', #3501, 0.04330708661417324200 ) ;
#963 = DIRECTION ( 'NONE',  ( 1.000000000000000000, 0.0000000000000000000, 0.0000000000000000000 ) ) ;
#964 = EDGE_LOOP ( 'NONE', ( #5139, #907, #2178, #3233 ) ) ;
#965 = EDGE_CURVE ( 'NONE', #1312, #2471, #962, .T. ) ;
#966 = VECTOR ( 'NONE', #4748, 39.37007874015748100 ) ;
#967 = FACE_OUTER_BOUND ( 'NONE', #20, .T. ) ;
#968 = DIRECTION ( 'NONE',  ( -0.0000000000000000000, -0.0000000000000000000, 1.000000000000000000 ) ) ;
#969 = DIRECTION ( 'NONE',  ( 0.0000000000000000000, 0.0000000000000000000, -1.000000000000000000 ) ) ;
#970 = LINE ( 'NONE', #3800, #2667 ) ;
#971 = FACE_OUTER_BOUND ( 'NONE', #5133, .T. ) ;
#972 = CARTESIAN_POINT ( 'NONE',  ( 0.6094273320812657600, 0.2482104724122009000, 0.1250000000000000600 ) ) ;
#973 = CARTESIAN_POINT ( 'NONE',  ( 0.5936793005852026800, 0.3924603339927483800, 0.1250000000000000600 ) ) ;
#974 = EDGE_LOOP ( 'NONE', ( #730, #5009, #2959, #5127 ) ) ;
#975 = PLANE ( 'NONE',  #3685 ) ;
#976 = VECTOR ( 'NONE', #4813, 39.37007874015748100 ) ;
#977 = VECTOR ( 'NONE', #2625, 39.37007874015748100 ) ;
#978 = ORIENTED_EDGE ( 'NONE', *, *, #1812, .T. ) ;
#979 = LINE ( 'NONE', #759, #1053 ) ;
#980 = AXIS2_PLACEMENT_3D ( 'NONE', #989, #538, #945 ) ;
#981 = VERTEX_POINT ( 'NONE', #2064 ) ;
#982 = ORIENTED_EDGE ( 'NONE', *, *, #1968, .F. ) ;
#983 = ORIENTED_EDGE ( 'NONE', *, *, #1501, .F. ) ;
#984 = CARTESIAN_POINT ( 'NONE',  ( 0.7342519685039365900, 0.03937007874015744500, -0.06927281597899326300 ) ) ;
#985 = ADVANCED_FACE ( 'NONE', ( #446 ), #1702, .F. ) ;
#986 = ORIENTED_EDGE ( 'NONE', *, *, #1454, .F. ) ;
#987 = EDGE_CURVE ( 'NONE', #5401, #3118, #841, .T. ) ;
#988 = ORIENTED_EDGE ( 'NONE', *, *, #414, .T. ) ;
#989 = CARTESIAN_POINT ( 'NONE',  ( 0.7342519685039365900, 0.5803149606299211600, 0.1250000000000000600 ) ) ;
#990 = DIRECTION ( 'NONE',  ( 1.000000000000000000, -0.0000000000000000000, -0.0000000000000000000 ) ) ;
#991 = EDGE_CURVE ( 'NONE', #2092, #666, #4640, .T. ) ;
#992 = SURFACE_STYLE_USAGE ( .BOTH. , #1887 ) ;
#993 =( GEOMETRIC_REPRESENTATION_CONTEXT ( 3 ) GLOBAL_UNCERTAINTY_ASSIGNED_CONTEXT ( ( #5322 ) ) GLOBAL_UNIT_ASSIGNED_CONTEXT ( ( #1916, #2374, #1893 ) ) REPRESENTATION_CONTEXT ( 'NONE', 'WORKASPACE' ) );
#994 = CARTESIAN_POINT ( 'NONE',  ( 0.7499999999999997800, 0.2787401574803148900, 0.1250000000000000600 ) ) ;
#995 = EDGE_CURVE ( 'NONE', #1637, #1051, #1959, .T. ) ;
#996 =( CONVERSION_BASED_UNIT ( 'INCH', #3478 ) LENGTH_UNIT ( ) NAMED_UNIT ( #4490 ) );
#997 = ORIENTED_EDGE ( 'NONE', *, *, #3881, .F. ) ;
#998 = STYLED_ITEM ( 'NONE', ( #3327 ), #3692 ) ;
#999 = VECTOR ( 'NONE', #3410, 39.37007874015748100 ) ;
#1000 = DIRECTION ( 'NONE',  ( 0.0000000000000000000, 1.000000000000000000, 1.224955720424438600E-016 ) ) ;
#1001 = CARTESIAN_POINT ( 'NONE',  ( -0.6825000000000000000, -0.07031181106330226800, -0.1053149606299212400 ) ) ;
#1002 = VECTOR ( 'NONE', #4780, 39.37007874015748100 ) ;
#1003 = CARTESIAN_POINT ( 'NONE',  ( 0.6224999999999999400, 0.2749999999999999100, -0.3600000000000003800 ) ) ;
#1004 = DIRECTION ( 'NONE',  ( -0.0000000000000000000, 0.0000000000000000000, -1.000000000000000000 ) ) ;
#1005 = ADVANCED_FACE ( 'NONE', ( #5044 ), #5138, .T. ) ;
#1006 = MECHANICAL_DESIGN_GEOMETRIC_PRESENTATION_REPRESENTATION (  '', ( #3261 ), #750 ) ;
#1007 = CIRCLE ( 'NONE', #5417, 0.02499999999999993900 ) ;
#1008 = LINE ( 'NONE', #4210, #3037 ) ;
#1009 = ORIENTED_EDGE ( 'NONE', *, *, #2170, .F. ) ;
#1010 = DIRECTION ( 'NONE',  ( -1.000000000000000000, 0.0000000000000000000, 0.0000000000000000000 ) ) ;
#1011 = CARTESIAN_POINT ( 'NONE',  ( 0.7499999999999997800, 0.5999999999999999800, 0.1250000000000000600 ) ) ;
#1012 = ADVANCED_FACE ( 'NONE', ( #1308 ), #2965, .T. ) ;
#1013 = CARTESIAN_POINT ( 'NONE',  ( -0.8449999999999997500, 0.0000000000000000000, -0.3600000000000001000 ) ) ;
#1014 = FACE_OUTER_BOUND ( 'NONE', #1079, .T. ) ;
#1015 = LINE ( 'NONE', #4235, #1709 ) ;
#1016 = EDGE_CURVE ( 'NONE', #758, #5331, #4767, .T. ) ;
#1017 = ORIENTED_EDGE ( 'NONE', *, *, #3559, .F. ) ;
#1018 = CARTESIAN_POINT ( 'NONE',  ( 0.6224999999999999400, 0.3349999999999999100, -0.3600000000000003800 ) ) ;
#1019 = DIRECTION ( 'NONE',  ( 0.0000000000000000000, 0.0000000000000000000, 1.000000000000000000 ) ) ;
#1020 = COLOUR_RGB ( '',0.9686274509803921600, 0.8784313725490196000, 0.5999999999999999800 ) ;
#1021 = DIMENSIONAL_EXPONENTS ( 1.000000000000000000, 0.0000000000000000000, 0.0000000000000000000, 0.0000000000000000000, 0.0000000000000000000, 0.0000000000000000000, 0.0000000000000000000 ) ;
#1022 = ORIENTED_EDGE ( 'NONE', *, *, #3062, .T. ) ;
#1023 = ORIENTED_EDGE ( 'NONE', *, *, #740, .T. ) ;
#1024 = DIRECTION ( 'NONE',  ( 0.0000000000000000000, 0.0000000000000000000, 1.000000000000000000 ) ) ;
#1025 = DIRECTION ( 'NONE',  ( -1.000000000000000000, 0.0000000000000000000, 0.0000000000000000000 ) ) ;
#1026 = EDGE_CURVE ( 'NONE', #2462, #3923, #2798, .T. ) ;
#1027 = LENGTH_MEASURE_WITH_UNIT ( LENGTH_MEASURE( 0.02539999999999999900 ), #3154 );
#1028 = VECTOR ( 'NONE', #2911, 39.37007874015748100 ) ;
#1029 = ORIENTED_EDGE ( 'NONE', *, *, #3440, .F. ) ;
#1030 = CARTESIAN_POINT ( 'NONE',  ( 0.7736220472440942200, 0.03937007874015744500, 0.06927281597899326300 ) ) ;
#1031 = CARTESIAN_POINT ( 'NONE',  ( 0.6891855407090297100, 0.5678840928867638900, 0.1250000000000000600 ) ) ;
#1032 = DIRECTION ( 'NONE',  ( -0.4920255458767451900, -0.8705807614487531800, 0.0000000000000000000 ) ) ;
#1033 = LINE ( 'NONE', #90, #2360 ) ;
#1034 = EDGE_CURVE ( 'NONE', #4586, #1936, #5368, .T. ) ;
#1035 = DIRECTION ( 'NONE',  ( 0.0000000000000000000, -0.0000000000000000000, -1.000000000000000000 ) ) ;
#1036 = VERTEX_POINT ( 'NONE', #3423 ) ;
#1037 = AXIS2_PLACEMENT_3D ( 'NONE', #1285, #5008, #1720 ) ;
#1038 = DIRECTION ( 'NONE',  ( 1.000000000000000000, 0.0000000000000000000, 0.0000000000000000000 ) ) ;
#1039 = LINE ( 'NONE', #344, #725 ) ;
#1040 = ADVANCED_FACE ( 'NONE', ( #1713 ), #1766, .F. ) ;
#1041 = AXIS2_PLACEMENT_3D ( 'NONE', #2394, #3271, #1543 ) ;
#1042 = CARTESIAN_POINT ( 'NONE',  ( 0.7342519685039367000, -1.365923996832131600E-016, 0.1053149606299211700 ) ) ;
#1043 = LINE ( 'NONE', #1452, #3130 ) ;
#1044 = DIRECTION ( 'NONE',  ( -5.485638541494506100E-017, -1.000000000000000000, 0.0000000000000000000 ) ) ;
#1045 = ORIENTED_EDGE ( 'NONE', *, *, #2411, .T. ) ;
#1046 = ADVANCED_FACE ( 'NONE', ( #3109 ), #1287, .T. ) ;
#1047 = ORIENTED_EDGE ( 'NONE', *, *, #534, .T. ) ;
#1048 = CARTESIAN_POINT ( 'NONE',  ( 0.8348096797851539700, 0.5838030541138853300, 0.2840327826789924600 ) ) ;
#1049 = EDGE_CURVE ( 'NONE', #2288, #5440, #4211, .T. ) ;
#1050 = VECTOR ( 'NONE', #2223, 39.37007874015748100 ) ;
#1051 = VERTEX_POINT ( 'NONE', #49 ) ;
#1052 = ORIENTED_EDGE ( 'NONE', *, *, #2750, .T. ) ;
#1053 = VECTOR ( 'NONE', #2413, 39.37007874015748100 ) ;
#1054 = ORIENTED_EDGE ( 'NONE', *, *, #2219, .F. ) ;
#1055 = DIMENSIONAL_EXPONENTS ( 1.000000000000000000, 0.0000000000000000000, 0.0000000000000000000, 0.0000000000000000000, 0.0000000000000000000, 0.0000000000000000000, 0.0000000000000000000 ) ;
#1056 = CARTESIAN_POINT ( 'NONE',  ( 0.1085708163636324000, 0.1506818173096967400, -0.3206299212598426300 ) ) ;
#1057 = ORIENTED_EDGE ( 'NONE', *, *, #4186, .F. ) ;
#1058 = DIRECTION ( 'NONE',  ( 0.0000000000000000000, 0.0000000000000000000, -1.000000000000000000 ) ) ;
#1059 = CARTESIAN_POINT ( 'NONE',  ( -0.7342519685039365900, 0.2787401574803148900, 0.1250000000000000600 ) ) ;
#1060 = ORIENTED_EDGE ( 'NONE', *, *, #2820, .F. ) ;
#1061 = DIRECTION ( 'NONE',  ( 1.000000000000000000, 0.0000000000000000000, 0.0000000000000000000 ) ) ;
#1062 = DIRECTION ( 'NONE',  ( -1.000000000000000000, 0.0000000000000000000, 0.0000000000000000000 ) ) ;
#1063 = DIRECTION ( 'NONE',  ( 0.0000000000000000000, 0.9510565162951553100, 0.3090169943749418400 ) ) ;
#1064 = ORIENTED_EDGE ( 'NONE', *, *, #4435, .T. ) ;
#1065 = EDGE_CURVE ( 'NONE', #3136, #3547, #1409, .T. ) ;
#1066 = DIRECTION ( 'NONE',  ( 0.0000000000000000000, -1.000000000000000000, -1.224955720424438600E-016 ) ) ;
#1067 = ORIENTED_EDGE ( 'NONE', *, *, #2336, .F. ) ;
#1068 = AXIS2_PLACEMENT_3D ( 'NONE', #3839, #2640, #168 ) ;
#1069 = DIRECTION ( 'NONE',  ( -2.525070561829413700E-016, -1.000000000000000000, 0.0000000000000000000 ) ) ;
#1070 = ORIENTED_EDGE ( 'NONE', *, *, #957, .F. ) ;
#1071 = CARTESIAN_POINT ( 'NONE',  ( 0.6181507432773606400, 0.3924603339927483800, 0.1250000000000000600 ) ) ;
#1072 = EDGE_CURVE ( 'NONE', #981, #1985, #3413, .T. ) ;
#1073 = ORIENTED_EDGE ( 'NONE', *, *, #2812, .F. ) ;
#1074 = UNCERTAINTY_MEASURE_WITH_UNIT (LENGTH_MEASURE( 1.000000000000000100E-005 ), #1231, 'distance_accuracy_value', 'NONE');
#1075 = PLANE ( 'NONE',  #3708 ) ;
#1076 = AXIS2_PLACEMENT_3D ( 'NONE', #3806, #1320, #1751 ) ;
#1077 = CARTESIAN_POINT ( 'NONE',  ( 0.1085708163636324000, 0.1506818173096967400, -0.3600000000000001000 ) ) ;
#1078 = ADVANCED_FACE ( 'NONE', ( #5013 ), #3474, .T. ) ;
#1079 = EDGE_LOOP ( 'NONE', ( #5275, #3698, #914, #1568 ) ) ;
#1080 = CARTESIAN_POINT ( 'NONE',  ( 0.5936793005852028000, 0.2482104724122009000, -0.1249999999999999900 ) ) ;
#1081 = CARTESIAN_POINT ( 'NONE',  ( 0.7499999999999997800, 0.2515788080029213200, -0.09948246940511164300 ) ) ;
#1083 = CARTESIAN_POINT ( 'NONE',  ( 0.9197094723085155200, 0.01574803149606299200, -0.01740402468160772600 ) ) ;
#1082 = VECTOR ( 'NONE', #2757, 39.37007874015748100 ) ;
#1084 = VECTOR ( 'NONE', #2264, 39.37007874015748100 ) ;
#1085 = DIMENSIONAL_EXPONENTS ( 1.000000000000000000, 0.0000000000000000000, 0.0000000000000000000, 0.0000000000000000000, 0.0000000000000000000, 0.0000000000000000000, 0.0000000000000000000 ) ;
#1086 = ORIENTED_EDGE ( 'NONE', *, *, #1049, .F. ) ;
#1087 = CARTESIAN_POINT ( 'NONE',  ( -0.7342519685039367000, 0.0000000000000000000, 0.1053149606299212400 ) ) ;
#1088 = PLANE ( 'NONE',  #4273 ) ;
#1089 = VECTOR ( 'NONE', #2434, 39.37007874015748100 ) ;
#1090 = ADVANCED_FACE ( 'NONE', ( #4070 ), #2248, .F. ) ;
#1091 =( NAMED_UNIT ( * ) SI_UNIT ( $, .STERADIAN. ) SOLID_ANGLE_UNIT ( ) );
#1092 = EDGE_LOOP ( 'NONE', ( #4383, #3758, #3301, #3966 ) ) ;
#1093 = DIRECTION ( 'NONE',  ( 1.000000000000000000, 0.0000000000000000000, 0.0000000000000000000 ) ) ;
#1094 = LINE ( 'NONE', #3983, #4710 ) ;
#1095 = PLANE ( 'NONE',  #2535 ) ;
#1096 = LINE ( 'NONE', #3446, #4429 ) ;
#1097 = CARTESIAN_POINT ( 'NONE',  ( 0.7499999999999997800, 0.2787401574803148900, 0.1250000000000000600 ) ) ;
#1098 = EDGE_LOOP ( 'NONE', ( #2301, #4543, #3228, #3281, #3260, #2760 ) ) ;
#1099 = DIRECTION ( 'NONE',  ( -9.573036100600765300E-020, 1.000000000000000000, 0.0000000000000000000 ) ) ;
#1100 = EDGE_CURVE ( 'NONE', #950, #3383, #2389, .T. ) ;
#1101 = ORIENTED_EDGE ( 'NONE', *, *, #5116, .T. ) ;
#1102 = DIRECTION ( 'NONE',  ( -5.028925377838796700E-015, 1.000000000000000000, -0.0000000000000000000 ) ) ;
#1103 = CARTESIAN_POINT ( 'NONE',  ( 0.1085708163636324000, 0.0000000000000000000, 0.3600000000000001000 ) ) ;
#1104 = ADVANCED_FACE ( 'NONE', ( #475 ), #3453, .F. ) ;
#1105 = CARTESIAN_POINT ( 'NONE',  ( -0.7499999999999997800, 0.0000000000000000000, 0.07499999999999998300 ) ) ;
#1106 = EDGE_CURVE ( 'NONE', #820, #3136, #4066, .T. ) ;
#1107 = SURFACE_SIDE_STYLE ('',( #762 ) ) ;
#1108 = VECTOR ( 'NONE', #1316, 39.37007874015748100 ) ;
#1109 = LINE ( 'NONE', #2397, #1657 ) ;
#1110 = AXIS2_PLACEMENT_3D ( 'NONE', #126, #3551, #5163 ) ;
#1111 = DIRECTION ( 'NONE',  ( 1.000000000000000000, -0.0000000000000000000, 0.0000000000000000000 ) ) ;
#1112 = CARTESIAN_POINT ( 'NONE',  ( 0.6825000000000000000, 0.1149999999999998400, -0.1250000000000000000 ) ) ;
#1113 = VECTOR ( 'NONE', #3979, 39.37007874015748100 ) ;
#1114 = PLANE ( 'NONE',  #1711 ) ;
#1115 = CARTESIAN_POINT ( 'NONE',  ( 0.7104899079217181800, 0.5803149606299212700, 0.1250000000000000600 ) ) ;
#1116 = CARTESIAN_POINT ( 'NONE',  ( 0.7342519685039365900, 0.5803149606299211600, 0.1250000000000000600 ) ) ;
#1117 = EDGE_CURVE ( 'NONE', #2288, #2047, #2948, .T. ) ;
#1118 = FILL_AREA_STYLE ('',( #4076 ) ) ;
#1119 = EDGE_LOOP ( 'NONE', ( #4658, #1442, #277, #2514 ) ) ;
#1120 = STYLED_ITEM ( 'NONE', ( #2159 ), #4064 ) ;
#1121 = SURFACE_STYLE_FILL_AREA ( #5411 ) ;
#1122 = ORIENTED_EDGE ( 'NONE', *, *, #1761, .F. ) ;
#1123 =( LENGTH_UNIT ( ) NAMED_UNIT ( * ) SI_UNIT ( $, .METRE. ) );
#1124 = CARTESIAN_POINT ( 'NONE',  ( 0.6094273320812657600, 0.2482104724122009000, 0.1250000000000000600 ) ) ;
#1125 = ORIENTED_EDGE ( 'NONE', *, *, #4515, .F. ) ;
#1126 = DIRECTION ( 'NONE',  ( 1.000000000000000000, 0.0000000000000000000, 0.0000000000000000000 ) ) ;
#1127 = ORIENTED_EDGE ( 'NONE', *, *, #345, .T. ) ;
#1128 = EDGE_LOOP ( 'NONE', ( #3034, #2880, #34, #5211 ) ) ;
#1129 = FACE_OUTER_BOUND ( 'NONE', #2117, .T. ) ;
#1130 = VECTOR ( 'NONE', #3873, 39.37007874015748100 ) ;
#1131 = CARTESIAN_POINT ( 'NONE',  ( -0.9197094723085155200, 0.01574803149606299200, 0.01740402468160772600 ) ) ;
#1132 = ORIENTED_EDGE ( 'NONE', *, *, #1473, .T. ) ;
#1133 = CARTESIAN_POINT ( 'NONE',  ( 0.7499999999999997800, 0.5999999999999999800, 0.07499999999999998300 ) ) ;
#1134 = CARTESIAN_POINT ( 'NONE',  ( 0.7499999999999997800, 0.5999999999999999800, 0.1250000000000000600 ) ) ;
#1135 = ORIENTED_EDGE ( 'NONE', *, *, #4988, .F. ) ;
#1136 = CARTESIAN_POINT ( 'NONE',  ( -0.8183275479078744300, 0.5999999999999998700, 0.2787700759417753300 ) ) ;
#1137 = DIRECTION ( 'NONE',  ( -0.0000000000000000000, -1.000000000000000000, 0.0000000000000000000 ) ) ;
#1138 = ADVANCED_FACE ( 'NONE', ( #3291 ), #3854, .F. ) ;
#1139 = DIRECTION ( 'NONE',  ( 0.0000000000000000000, 0.0000000000000000000, 1.000000000000000000 ) ) ;
#1140 = CARTESIAN_POINT ( 'NONE',  ( 0.8560000000000006500, 0.0000000000000000000, 0.1250000000000002500 ) ) ;
#1141 = DIRECTION ( 'NONE',  ( 1.000000000000000000, -9.082757113098751200E-015, 0.0000000000000000000 ) ) ;
#1142 = ORIENTED_EDGE ( 'NONE', *, *, #4013, .F. ) ;
#1143 = DIRECTION ( 'NONE',  ( -1.000000000000000000, 0.0000000000000000000, 0.0000000000000000000 ) ) ;
#1144 = DIMENSIONAL_EXPONENTS ( 1.000000000000000000, 0.0000000000000000000, 0.0000000000000000000, 0.0000000000000000000, 0.0000000000000000000, 0.0000000000000000000, 0.0000000000000000000 ) ;
#1145 = EDGE_CURVE ( 'NONE', #3136, #758, #83, .T. ) ;
#1146 = CARTESIAN_POINT ( 'NONE',  ( 0.7736220472440942200, 0.03937007874015744500, 0.06927281597899326300 ) ) ;
#1147 = AXIS2_PLACEMENT_3D ( 'NONE', #3777, #51, #2115 ) ;
#1148 = ADVANCED_FACE ( 'NONE', ( #3017 ), #2653, .F. ) ;
#1149 = ORIENTED_EDGE ( 'NONE', *, *, #833, .F. ) ;
#1150 = CARTESIAN_POINT ( 'NONE',  ( -0.6526028818689489900, 0.2829508827657347700, -0.3181215393843513400 ) ) ;
#1151 = LINE ( 'NONE', #3424, #999 ) ;
#1152 = EDGE_CURVE ( 'NONE', #1421, #1358, #5397, .T. ) ;
#1153 = COLOUR_RGB ( '',0.7921568627450980000, 0.8196078431372548800, 0.9333333333333333500 ) ;
#1154 = PLANE ( 'NONE',  #1736 ) ;
#1155 = DIRECTION ( 'NONE',  ( -0.0000000000000000000, -0.0000000000000000000, 1.000000000000000000 ) ) ;
#1156 = DIRECTION ( 'NONE',  ( -1.000000000000000000, 0.0000000000000000000, -0.0000000000000000000 ) ) ;
#1157 = DIRECTION ( 'NONE',  ( -0.0000000000000000000, -0.0000000000000000000, 1.000000000000000000 ) ) ;
#1158 = AXIS2_PLACEMENT_3D ( 'NONE', #3714, #3764, #3779 ) ;
#1159 = LINE ( 'NONE', #2629, #5293 ) ;
#1160 = EDGE_LOOP ( 'NONE', ( #1607, #1191, #471, #3151, #226, #1226 ) ) ;
#1161 = CARTESIAN_POINT ( 'NONE',  ( 0.7255285573078418300, 0.5803149606299211600, 0.1250000000000000600 ) ) ;
#1162 = EDGE_CURVE ( 'NONE', #2192, #375, #3540, .T. ) ;
#1163 = PRESENTATION_STYLE_ASSIGNMENT (( #1220 ) ) ;
#1164 = AXIS2_PLACEMENT_3D ( 'NONE', #799, #5020, #3718 ) ;
#1165 = CARTESIAN_POINT ( 'NONE',  ( -0.7499999999999996700, 0.5803149606299211600, -0.09048522344134479800 ) ) ;
#1166 = VECTOR ( 'NONE', #202, 39.37007874015748100 ) ;
#1167 = ORIENTED_EDGE ( 'NONE', *, *, #1547, .F. ) ;
#1168 = ADVANCED_FACE ( 'NONE', ( #3801 ), #1811, .F. ) ;
#1169 = SURFACE_STYLE_FILL_AREA ( #2565 ) ;
#1170 = CARTESIAN_POINT ( 'NONE',  ( -0.7952190705184454300, 0.5999999999999999800, 0.07499999999999998300 ) ) ;
#1171 = VECTOR ( 'NONE', #326, 39.37007874015748100 ) ;
#1172 = ORIENTED_EDGE ( 'NONE', *, *, #3164, .T. ) ;
#1173 = EDGE_LOOP ( 'NONE', ( #3084, #4939, #1641, #1583 ) ) ;
#1174 = DIRECTION ( 'NONE',  ( -0.0000000000000000000, -0.0000000000000000000, -1.000000000000000000 ) ) ;
#1175 =( NAMED_UNIT ( * ) SI_UNIT ( $, .STERADIAN. ) SOLID_ANGLE_UNIT ( ) );
#1176 = FACE_OUTER_BOUND ( 'NONE', #1119, .T. ) ;
#1177 = DIRECTION ( 'NONE',  ( 1.000000000000000000, 0.0000000000000000000, -0.0000000000000000000 ) ) ;
#1178 = LINE ( 'NONE', #3775, #783 ) ;
#1179 = DIRECTION ( 'NONE',  ( 0.0000000000000000000, -0.0000000000000000000, 1.000000000000000000 ) ) ;
#1180 = DIRECTION ( 'NONE',  ( 2.525070561829413700E-016, -1.000000000000000000, 0.0000000000000000000 ) ) ;
#1181 = CARTESIAN_POINT ( 'NONE',  ( 0.7028954739601912500, 0.5601356590934292200, 0.1250000000000000600 ) ) ;
#1182 = ORIENTED_EDGE ( 'NONE', *, *, #793, .T. ) ;
#1183 = ADVANCED_FACE ( 'NONE', ( #3684 ), #221, .F. ) ;
#1184 = EDGE_CURVE ( 'NONE', #666, #3029, #5265, .T. ) ;
#1185 = FACE_OUTER_BOUND ( 'NONE', #402, .T. ) ;
#1186 = DIRECTION ( 'NONE',  ( 0.0000000000000000000, -0.0000000000000000000, 1.000000000000000000 ) ) ;
#1187 = ORIENTED_EDGE ( 'NONE', *, *, #1518, .T. ) ;
#1188 = CARTESIAN_POINT ( 'NONE',  ( 0.7342519685039367000, 0.1999999999999999800, 0.1053149606299211700 ) ) ;
#1189 = EDGE_CURVE ( 'NONE', #3923, #3205, #4269, .T. ) ;
#1190 = VECTOR ( 'NONE', #5084, 39.37007874015748100 ) ;
#1191 = ORIENTED_EDGE ( 'NONE', *, *, #2271, .T. ) ;
#1192 = AXIS2_PLACEMENT_3D ( 'NONE', #2713, #5267, #4401 ) ;
#1193 = CARTESIAN_POINT ( 'NONE',  ( -0.6264866389403355200, 0.2749999999999999700, -0.3157878402833892400 ) ) ;
#1194 = ORIENTED_EDGE ( 'NONE', *, *, #5196, .F. ) ;
#1195 =( NAMED_UNIT ( * ) PLANE_ANGLE_UNIT ( ) SI_UNIT ( $, .RADIAN. ) );
#1196 = EDGE_LOOP ( 'NONE', ( #3010, #1149, #2794, #2391 ) ) ;
#1197 = CARTESIAN_POINT ( 'NONE',  ( -0.7342519685039367000, 0.2515788080029213200, 0.09048522344134479800 ) ) ;
#1198 = LENGTH_MEASURE_WITH_UNIT ( LENGTH_MEASURE( 0.02539999999999999900 ), #4913 );
#1199 = ORIENTED_EDGE ( 'NONE', *, *, #543, .F. ) ;
#1200 = ADVANCED_FACE ( 'NONE', ( #1669 ), #1088, .T. ) ;
#1201 = DIRECTION ( 'NONE',  ( -0.0000000000000000000, -0.0000000000000000000, -1.000000000000000000 ) ) ;
#1202 = MECHANICAL_DESIGN_GEOMETRIC_PRESENTATION_REPRESENTATION (  '', ( #2284 ), #1764 ) ;
#1203 = PLANE ( 'NONE',  #1158 ) ;
#1204 = FACE_OUTER_BOUND ( 'NONE', #1813, .T. ) ;
#1205 = ORIENTED_EDGE ( 'NONE', *, *, #995, .T. ) ;
#1206 = CARTESIAN_POINT ( 'NONE',  ( 0.7255285573078418300, 0.5558435179377632100, 0.1250000000000000600 ) ) ;
#1207 = ORIENTED_EDGE ( 'NONE', *, *, #3054, .T. ) ;
#1208 = ORIENTED_EDGE ( 'NONE', *, *, #3129, .F. ) ;
#1209 =( NAMED_UNIT ( * ) SI_UNIT ( $, .STERADIAN. ) SOLID_ANGLE_UNIT ( ) );
#1210 =( GEOMETRIC_REPRESENTATION_CONTEXT ( 3 ) GLOBAL_UNCERTAINTY_ASSIGNED_CONTEXT ( ( #1074 ) ) GLOBAL_UNIT_ASSIGNED_CONTEXT ( ( #1231, #3265, #791 ) ) REPRESENTATION_CONTEXT ( 'NONE', 'WORKASPACE' ) );
#1211 = VERTEX_POINT ( 'NONE', #5281 ) ;
#1212 = CARTESIAN_POINT ( 'NONE',  ( -0.6824999999999998800, 0.3270272077259190900, -0.3250000000000000100 ) ) ;
#1213 = CIRCLE ( 'NONE', #4485, 0.02447144269215796600 ) ;
#1214 = DIRECTION ( 'NONE',  ( -1.000000000000000000, 2.525070561829413700E-016, 0.0000000000000000000 ) ) ;
#1215 = EDGE_CURVE ( 'NONE', #981, #3920, #1397, .T. ) ;
#1216 = VERTEX_POINT ( 'NONE', #3941 ) ;
#1217 = PLANE ( 'NONE',  #5205 ) ;
#1218 = VERTEX_POINT ( 'NONE', #4810 ) ;
#1219 = EDGE_CURVE ( 'NONE', #4142, #3819, #3463, .T. ) ;
#1220 = SURFACE_STYLE_USAGE ( .BOTH. , #2074 ) ;
#1221 = ADVANCED_FACE ( 'NONE', ( #3012 ), #242, .F. ) ;
#1222 = STYLED_ITEM ( 'NONE', ( #4558 ), #3163 ) ;
#1223 = DIRECTION ( 'NONE',  ( 0.0000000000000000000, 0.0000000000000000000, -1.000000000000000000 ) ) ;
#1224 = CIRCLE ( 'NONE', #485, 0.05905511811023627500 ) ;
#1225 = SURFACE_STYLE_FILL_AREA ( #4650 ) ;
#1226 = ORIENTED_EDGE ( 'NONE', *, *, #1872, .T. ) ;
#1227 = CARTESIAN_POINT ( 'NONE',  ( -0.8449999999999997500, 0.0000000000000000000, 0.06927281597899326300 ) ) ;
#1228 = EDGE_CURVE ( 'NONE', #1858, #4946, #4567, .T. ) ;
#1229 = LINE ( 'NONE', #1605, #1500 ) ;
#1230 = PLANE ( 'NONE',  #1037 ) ;
#1231 =( CONVERSION_BASED_UNIT ( 'INCH', #3318 ) LENGTH_UNIT ( ) NAMED_UNIT ( #3769 ) );
#1232 = MECHANICAL_DESIGN_GEOMETRIC_PRESENTATION_REPRESENTATION (  '', ( #4407 ), #4704 ) ;
#1233 = PRESENTATION_LAYER_ASSIGNMENT (  '', '', ( #483 ) ) ;
#1234 = DIRECTION ( 'NONE',  ( 0.0000000000000000000, 0.0000000000000000000, 1.000000000000000000 ) ) ;
#1235 = ORIENTED_EDGE ( 'NONE', *, *, #5089, .F. ) ;
#1236 = PRESENTATION_STYLE_ASSIGNMENT (( #5187 ) ) ;
#1237 = AXIS2_PLACEMENT_3D ( 'NONE', #1181, #4919, #279 ) ;
#1238 = VECTOR ( 'NONE', #2803, 39.37007874015748100 ) ;
#1239 = ORIENTED_EDGE ( 'NONE', *, *, #1481, .T. ) ;
#1240 = CARTESIAN_POINT ( 'NONE',  ( -1.031000000000000800, 0.0000000000000000000, 0.1250000000000002500 ) ) ;
#1241 = CARTESIAN_POINT ( 'NONE',  ( 0.7104899079217179600, 0.5645669291338583100, 0.1250000000000000600 ) ) ;
#1242 = AXIS2_PLACEMENT_3D ( 'NONE', #3753, #4175, #4603 ) ;
#1243 = CARTESIAN_POINT ( 'NONE',  ( 0.7499999999999996700, 0.5558435179377632100, 0.1250000000000000600 ) ) ;
#1244 = PRESENTATION_STYLE_ASSIGNMENT (( #4572 ) ) ;
#1245 = VERTEX_POINT ( 'NONE', #2383 ) ;
#1246 = DIRECTION ( 'NONE',  ( 0.9998476951563913800, -0.01745240643727697900, -0.0000000000000000000 ) ) ;
#1247 = SURFACE_STYLE_FILL_AREA ( #4027 ) ;
#1248 = DIRECTION ( 'NONE',  ( 1.000000000000000000, 1.565814067601894700E-014, 0.0000000000000000000 ) ) ;
#1249 = CARTESIAN_POINT ( 'NONE',  ( 0.6224999999999999400, 0.3349999999999999100, -0.3600000000000003800 ) ) ;
#1250 = PLANE ( 'NONE',  #5298 ) ;
#1251 = ADVANCED_FACE ( 'NONE', ( #3529 ), #4932, .T. ) ;
#1252 = LINE ( 'NONE', #2339, #3330 ) ;
#1253 = LINE ( 'NONE', #203, #2808 ) ;
#1254 = CARTESIAN_POINT ( 'NONE',  ( -0.7342519685039365900, 0.2787401574803148900, -0.1250000000000000600 ) ) ;
#1255 = UNCERTAINTY_MEASURE_WITH_UNIT (LENGTH_MEASURE( 1.000000000000000100E-005 ), #1576, 'distance_accuracy_value', 'NONE');
#1256 = EDGE_CURVE ( 'NONE', #2816, #547, #2048, .T. ) ;
#1257 = VERTEX_POINT ( 'NONE', #3703 ) ;
#1258 = CARTESIAN_POINT ( 'NONE',  ( 0.9197094723085155200, 0.0000000000000000000, -0.01740402468160772600 ) ) ;
#1259 = AXIS2_PLACEMENT_3D ( 'NONE', #5050, #3379, #884 ) ;
#1260 = VERTEX_POINT ( 'NONE', #4046 ) ;
#1261 = ORIENTED_EDGE ( 'NONE', *, *, #3120, .F. ) ;
#1262 =( CONVERSION_BASED_UNIT ( 'INCH', #4782 ) LENGTH_UNIT ( ) NAMED_UNIT ( #3748 ) );
#1263 = EDGE_CURVE ( 'NONE', #2636, #1257, #1910, .T. ) ;
#1264 = VERTEX_POINT ( 'NONE', #1170 ) ;
#1265 = VECTOR ( 'NONE', #3149, 39.37007874015748100 ) ;
#1266 = ORIENTED_EDGE ( 'NONE', *, *, #1994, .F. ) ;
#1267 = PRESENTATION_STYLE_ASSIGNMENT (( #1590 ) ) ;
#1268 = DIRECTION ( 'NONE',  ( 0.0000000000000000000, 0.0000000000000000000, 1.000000000000000000 ) ) ;
#1269 = ORIENTED_EDGE ( 'NONE', *, *, #5399, .F. ) ;
#1270 = VECTOR ( 'NONE', #3564, 39.37007874015748100 ) ;
#1271 = COLOUR_RGB ( '',0.9686274509803921600, 0.8784313725490196000, 0.5999999999999999800 ) ;
#1272 = CARTESIAN_POINT ( 'NONE',  ( 0.8449999999999997500, 0.0000000000000000000, -0.07500000000000002500 ) ) ;
#1273 = ORIENTED_EDGE ( 'NONE', *, *, #4042, .F. ) ;
#1274 = DIRECTION ( 'NONE',  ( -9.573036100600765300E-020, 1.000000000000000000, 0.0000000000000000000 ) ) ;
#1275 = DIRECTION ( 'NONE',  ( -9.573036100600765300E-020, 1.000000000000000000, 0.0000000000000000000 ) ) ;
#1276 = VERTEX_POINT ( 'NONE', #4983 ) ;
#1277 = LENGTH_MEASURE_WITH_UNIT ( LENGTH_MEASURE( 0.02539999999999999900 ), #4756 );
#1278 = AXIS2_PLACEMENT_3D ( 'NONE', #1967, #2795, #1139 ) ;
#1279 = DIRECTION ( 'NONE',  ( 0.0000000000000000000, 0.0000000000000000000, 1.000000000000000000 ) ) ;
#1280 = SURFACE_SIDE_STYLE ('',( #3041 ) ) ;
#1281 = ORIENTED_EDGE ( 'NONE', *, *, #4116, .T. ) ;
#1282 = MECHANICAL_DESIGN_GEOMETRIC_PRESENTATION_REPRESENTATION (  '', ( #79 ), #1834 ) ;
#1283 = CARTESIAN_POINT ( 'NONE',  ( 0.7255285573078418300, 0.5558435179377632100, 0.1250000000000000600 ) ) ;
#1284 = SURFACE_SIDE_STYLE ('',( #3442 ) ) ;
#1285 = CARTESIAN_POINT ( 'NONE',  ( 0.8449999999999997500, 0.0000000000000000000, 0.06927281597899326300 ) ) ;
#1286 = EDGE_LOOP ( 'NONE', ( #2480, #3206, #2964, #4430 ) ) ;
#1287 = PLANE ( 'NONE',  #1492 ) ;
#1288 = EDGE_CURVE ( 'NONE', #1735, #4679, #72, .T. ) ;
#1289 = CARTESIAN_POINT ( 'NONE',  ( 0.7342519685039367000, 0.1999999999999999800, -4.899822881697755100E-017 ) ) ;
#1290 = DIRECTION ( 'NONE',  ( 0.0000000000000000000, 1.000000000000000000, 0.0000000000000000000 ) ) ;
#1291 = LINE ( 'NONE', #53, #4893 ) ;
#1292 = VERTEX_POINT ( 'NONE', #4081 ) ;
#1293 = DIRECTION ( 'NONE',  ( 0.0000000000000000000, 0.0000000000000000000, -1.000000000000000000 ) ) ;
#1294 = DIRECTION ( 'NONE',  ( -1.000000000000000000, 0.0000000000000000000, 0.0000000000000000000 ) ) ;
#1295 = CARTESIAN_POINT ( 'NONE',  ( 0.7499999999999997800, 0.1999999999999999800, 0.1250000000000000300 ) ) ;
#1296 = VECTOR ( 'NONE', #1035, 39.37007874015748100 ) ;
#1297 = EDGE_CURVE ( 'NONE', #801, #3610, #3674, .T. ) ;
#1298 = VECTOR ( 'NONE', #5189, 39.37007874015748100 ) ;
#1299 = CIRCLE ( 'NONE', #1110, 0.02447144269215783100 ) ;
#1300 = ORIENTED_EDGE ( 'NONE', *, *, #1026, .T. ) ;
#1301 =( GEOMETRIC_REPRESENTATION_CONTEXT ( 3 ) GLOBAL_UNCERTAINTY_ASSIGNED_CONTEXT ( ( #3014 ) ) GLOBAL_UNIT_ASSIGNED_CONTEXT ( ( #420, #3339, #68 ) ) REPRESENTATION_CONTEXT ( 'NONE', 'WORKASPACE' ) );
#1302 = DIRECTION ( 'NONE',  ( 1.000000000000000000, 9.573036100600765300E-020, 0.0000000000000000000 ) ) ;
#1303 = LINE ( 'NONE', #1506, #2790 ) ;
#1304 = ORIENTED_EDGE ( 'NONE', *, *, #2026, .T. ) ;
#1305 = CARTESIAN_POINT ( 'NONE',  ( 0.7104899079217179600, 0.5645669291338583100, 0.1250000000000000600 ) ) ;
#1306 = AXIS2_PLACEMENT_3D ( 'NONE', #4525, #5380, #747 ) ;
#1307 = DIRECTION ( 'NONE',  ( 1.000000000000000000, 1.565814067601894700E-014, 0.0000000000000000000 ) ) ;
#1308 = FACE_OUTER_BOUND ( 'NONE', #4292, .T. ) ;
#1309 = FACE_OUTER_BOUND ( 'NONE', #5370, .T. ) ;
#1310 = AXIS2_PLACEMENT_3D ( 'NONE', #496, #484, #1344 ) ;
#1311 = CARTESIAN_POINT ( 'NONE',  ( 0.7499999999999997800, -0.07031181106330226800, -0.1053149606299211700 ) ) ;
#1312 = VERTEX_POINT ( 'NONE', #2000 ) ;
#1313 = DIRECTION ( 'NONE',  ( 1.000000000000000000, -5.485638541494504800E-017, 0.0000000000000000000 ) ) ;
#1314 = ORIENTED_EDGE ( 'NONE', *, *, #1288, .F. ) ;
#1315 = CARTESIAN_POINT ( 'NONE',  ( 0.7342519685039367000, 0.03937007874015743800, 0.06927281597899326300 ) ) ;
#1316 = DIRECTION ( 'NONE',  ( -1.000000000000000000, 0.0000000000000000000, 0.0000000000000000000 ) ) ;
#1317 = ORIENTED_EDGE ( 'NONE', *, *, #2830, .F. ) ;
#1318 =( GEOMETRIC_REPRESENTATION_CONTEXT ( 3 ) GLOBAL_UNCERTAINTY_ASSIGNED_CONTEXT ( ( #103 ) ) GLOBAL_UNIT_ASSIGNED_CONTEXT ( ( #916, #556, #2205 ) ) REPRESENTATION_CONTEXT ( 'NONE', 'WORKASPACE' ) );
#1319 = LINE ( 'NONE', #4246, #4048 ) ;
#1320 = DIRECTION ( 'NONE',  ( -1.000000000000000000, 0.0000000000000000000, 0.0000000000000000000 ) ) ;
#1321 = LINE ( 'NONE', #443, #4051 ) ;
#1322 = EDGE_CURVE ( 'NONE', #312, #1951, #523, .T. ) ;
#1323 = CARTESIAN_POINT ( 'NONE',  ( 0.8352129783247008700, 0.5606980962574910100, -0.3600000000000003800 ) ) ;
#1324 = DIRECTION ( 'NONE',  ( -1.000000000000000000, 0.0000000000000000000, 0.0000000000000000000 ) ) ;
#1325 = VECTOR ( 'NONE', #2668, 39.37007874015748100 ) ;
#1326 = EDGE_LOOP ( 'NONE', ( #1789, #4277, #58, #3646 ) ) ;
#1327 = DIRECTION ( 'NONE',  ( -1.000000000000000000, 0.0000000000000000000, 0.0000000000000000000 ) ) ;
#1328 = ORIENTED_EDGE ( 'NONE', *, *, #3204, .F. ) ;
#1329 = EDGE_CURVE ( 'NONE', #875, #4548, #583, .T. ) ;
#1330 = DIRECTION ( 'NONE',  ( -0.0000000000000000000, -0.0000000000000000000, -1.000000000000000000 ) ) ;
#1331 = ORIENTED_EDGE ( 'NONE', *, *, #1555, .F. ) ;
#1332 = LINE ( 'NONE', #4494, #2574 ) ;
#1333 = VERTEX_POINT ( 'NONE', #1566 ) ;
#1334 = CARTESIAN_POINT ( 'NONE',  ( 0.7499999999999997800, 0.2787401574803149400, -0.1249999999999999200 ) ) ;
#1335 = DIRECTION ( 'NONE',  ( 0.0000000000000000000, 0.0000000000000000000, 1.000000000000000000 ) ) ;
#1336 = SPHERICAL_SURFACE ( 'NONE', #3088, 0.05905511811023624000 ) ;
#1337 = ORIENTED_EDGE ( 'NONE', *, *, #2309, .F. ) ;
#1338 = ORIENTED_EDGE ( 'NONE', *, *, #4547, .T. ) ;
#1339 = ORIENTED_EDGE ( 'NONE', *, *, #1634, .F. ) ;
#1340 = EDGE_CURVE ( 'NONE', #3094, #5331, #5195, .T. ) ;
#1341 =( CONVERSION_BASED_UNIT ( 'INCH', #2736 ) LENGTH_UNIT ( ) NAMED_UNIT ( #4019 ) );
#1342 = VERTEX_POINT ( 'NONE', #322 ) ;
#1343 = STYLED_ITEM ( 'NONE', ( #4323 ), #1939 ) ;
#1344 = DIRECTION ( 'NONE',  ( -0.4920255458767450700, -0.8705807614487531800, 0.0000000000000000000 ) ) ;
#1345 = VERTEX_POINT ( 'NONE', #4121 ) ;
#1346 = DIRECTION ( 'NONE',  ( 1.000000000000000000, 0.0000000000000000000, 0.0000000000000000000 ) ) ;
#1347 = CARTESIAN_POINT ( 'NONE',  ( 0.5936793005852026800, 0.3924603339927483800, -0.1249999999999999900 ) ) ;
#1348 = DIRECTION ( 'NONE',  ( 0.0000000000000000000, -0.0000000000000000000, -1.000000000000000000 ) ) ;
#1349 = CARTESIAN_POINT ( 'NONE',  ( 0.7342519685039365900, 0.2787401574803148900, 0.09948246940511164300 ) ) ;
#1350 = VERTEX_POINT ( 'NONE', #2782 ) ;
#1351 = DIRECTION ( 'NONE',  ( -1.000000000000000000, 0.0000000000000000000, 0.0000000000000000000 ) ) ;
#1352 = VECTOR ( 'NONE', #1775, 39.37007874015748100 ) ;
#1353 = AXIS2_PLACEMENT_3D ( 'NONE', #17, #433, #4566 ) ;
#1354 = ORIENTED_EDGE ( 'NONE', *, *, #1184, .T. ) ;
#1355 = CARTESIAN_POINT ( 'NONE',  ( 0.6825000000000000000, 0.1149999999999998400, -0.1250000000000000000 ) ) ;
#1356 = ORIENTED_EDGE ( 'NONE', *, *, #2230, .F. ) ;
#1357 = CARTESIAN_POINT ( 'NONE',  ( 0.7104899079217179600, 0.5645669291338583100, 0.1250000000000000600 ) ) ;
#1358 = VERTEX_POINT ( 'NONE', #786 ) ;
#1359 = CARTESIAN_POINT ( 'NONE',  ( -0.8560000000000006500, 0.0000000000000000000, -0.1249999999999997600 ) ) ;
#1360 = DIRECTION ( 'NONE',  ( 0.0000000000000000000, 1.000000000000000000, 1.224955720424438600E-016 ) ) ;
#1361 = DIRECTION ( 'NONE',  ( -0.0000000000000000000, 1.000000000000000000, 1.224955720424438600E-016 ) ) ;
#1362 = EDGE_CURVE ( 'NONE', #4039, #5378, #5061, .T. ) ;
#1363 = DIRECTION ( 'NONE',  ( -0.0000000000000000000, -0.0000000000000000000, 1.000000000000000000 ) ) ;
#1364 = ORIENTED_EDGE ( 'NONE', *, *, #161, .F. ) ;
#1365 = DIRECTION ( 'NONE',  ( 0.0000000000000000000, -0.0000000000000000000, -1.000000000000000000 ) ) ;
#1366 = AXIS2_PLACEMENT_3D ( 'NONE', #4309, #4342, #3051 ) ;
#1367 = CARTESIAN_POINT ( 'NONE',  ( 0.6821066884031697900, 0.3270980720198019000, 0.3248810097964516800 ) ) ;
#1368 = ORIENTED_EDGE ( 'NONE', *, *, #534, .F. ) ;
#1369 = DIRECTION ( 'NONE',  ( -1.000000000000000000, -2.525070561829413700E-016, 0.0000000000000000000 ) ) ;
#1370 = EDGE_CURVE ( 'NONE', #4706, #260, #2504, .T. ) ;
#1371 = LINE ( 'NONE', #4864, #4028 ) ;
#1372 = ORIENTED_EDGE ( 'NONE', *, *, #804, .F. ) ;
#1373 = DIRECTION ( 'NONE',  ( -0.0000000000000000000, -0.0000000000000000000, -1.000000000000000000 ) ) ;
#1374 = VECTOR ( 'NONE', #5356, 39.37007874015748100 ) ;
#1375 = VECTOR ( 'NONE', #5344, 39.37007874015748100 ) ;
#1376 = DIRECTION ( 'NONE',  ( -9.573036100600765300E-020, 1.000000000000000000, 0.0000000000000000000 ) ) ;
#1377 = ORIENTED_EDGE ( 'NONE', *, *, #3628, .F. ) ;
#1378 = CARTESIAN_POINT ( 'NONE',  ( 3.980102097228897700E-017, 0.2749999999999999100, -0.3600000000000003800 ) ) ;
#1379 = DIRECTION ( 'NONE',  ( 1.000000000000000000, 0.0000000000000000000, -1.224646799147353200E-016 ) ) ;
#1380 = AXIS2_PLACEMENT_3D ( 'NONE', #581, #1839, #2300 ) ;
#1381 = CARTESIAN_POINT ( 'NONE',  ( 0.0000000000000000000, 0.1999999999999999800, -4.899822881697755100E-017 ) ) ;
#1382 = CIRCLE ( 'NONE', #2893, 0.2000000000000000900 ) ;
#1383 = CARTESIAN_POINT ( 'NONE',  ( 0.0000000000000000000, 0.1999999999999999800, -4.899822881697755100E-017 ) ) ;
#1384 = DIRECTION ( 'NONE',  ( -0.0000000000000000000, -0.0000000000000000000, -1.000000000000000000 ) ) ;
#1385 = LINE ( 'NONE', #663, #652 ) ;
#1386 =( CONVERSION_BASED_UNIT ( 'INCH', #1771 ) LENGTH_UNIT ( ) NAMED_UNIT ( #357 ) );
#1387 = FACE_OUTER_BOUND ( 'NONE', #1395, .T. ) ;
#1388 = ORIENTED_EDGE ( 'NONE', *, *, #4574, .T. ) ;
#1389 = CARTESIAN_POINT ( 'NONE',  ( 0.5936793005852028000, 0.2482104724122009000, -0.1249999999999999900 ) ) ;
#1390 = VECTOR ( 'NONE', #4471, 39.37007874015748100 ) ;
#1391 = ORIENTED_EDGE ( 'NONE', *, *, #1547, .T. ) ;
#1392 = VECTOR ( 'NONE', #655, 39.37007874015748100 ) ;
#1393 = EDGE_CURVE ( 'NONE', #2275, #3384, #397, .T. ) ;
#1394 = DIRECTION ( 'NONE',  ( 0.0000000000000000000, 1.000000000000000000, 0.0000000000000000000 ) ) ;
#1395 = EDGE_LOOP ( 'NONE', ( #1769, #1354, #1331, #1945 ) ) ;
#1396 = VECTOR ( 'NONE', #1141, 39.37007874015748100 ) ;
#1397 = LINE ( 'NONE', #4024, #3284 ) ;
#1398 = ORIENTED_EDGE ( 'NONE', *, *, #2354, .T. ) ;
#1399 =( CONVERSION_BASED_UNIT ( 'INCH', #5037 ) LENGTH_UNIT ( ) NAMED_UNIT ( #4400 ) );
#1400 = VERTEX_POINT ( 'NONE', #2016 ) ;
#1401 = VERTEX_POINT ( 'NONE', #1976 ) ;
#1402 = SPHERICAL_SURFACE ( 'NONE', #2203, 0.04330708661417323500 ) ;
#1403 =( NAMED_UNIT ( * ) SI_UNIT ( $, .STERADIAN. ) SOLID_ANGLE_UNIT ( ) );
#1404 = EDGE_CURVE ( 'NONE', #1312, #177, #2814, .T. ) ;
#1405 = ORIENTED_EDGE ( 'NONE', *, *, #154, .T. ) ;
#1406 = ORIENTED_EDGE ( 'NONE', *, *, #1481, .F. ) ;
#1407 =( LENGTH_UNIT ( ) NAMED_UNIT ( * ) SI_UNIT ( $, .METRE. ) );
#1408 = AXIS2_PLACEMENT_3D ( 'NONE', #4859, #2357, #5291 ) ;
#1409 = CIRCLE ( 'NONE', #3786, 0.02447144269215796600 ) ;
#1410 = ORIENTED_EDGE ( 'NONE', *, *, #5329, .T. ) ;
#1411 = EDGE_CURVE ( 'NONE', #2281, #4792, #1039, .T. ) ;
#1412 = PRESENTATION_LAYER_ASSIGNMENT (  '', '', ( #1120 ) ) ;
#1413 = CARTESIAN_POINT ( 'NONE',  ( 0.6825000000000000000, 0.1149999999999998400, 0.1250000000000000000 ) ) ;
#1414 = VERTEX_POINT ( 'NONE', #5384 ) ;
#1415 = AXIS2_PLACEMENT_3D ( 'NONE', #3944, #1479, #2328 ) ;
#1416 = CARTESIAN_POINT ( 'NONE',  ( 0.8560000000000006500, 0.01574803149606299200, 0.06927281597899326300 ) ) ;
#1417 = ORIENTED_EDGE ( 'NONE', *, *, #5294, .T. ) ;
#1418 =( CONVERSION_BASED_UNIT ( 'INCH', #1277 ) LENGTH_UNIT ( ) NAMED_UNIT ( #2891 ) );
#1419 = CARTESIAN_POINT ( 'NONE',  ( 0.7104899079217181800, 0.5803149606299212700, 0.1250000000000000600 ) ) ;
#1420 = CARTESIAN_POINT ( 'NONE',  ( 1.031000000000000800, 0.0000000000000000000, 0.1250000000000002500 ) ) ;
#1421 = VERTEX_POINT ( 'NONE', #1188 ) ;
#1422 = SHAPE_DEFINITION_REPRESENTATION ( #2247, #2559 ) ;
#1423 = UNCERTAINTY_MEASURE_WITH_UNIT (LENGTH_MEASURE( 1.000000000000000100E-005 ), #1386, 'distance_accuracy_value', 'NONE');
#1424 = CARTESIAN_POINT ( 'NONE',  ( -0.7247255900348509300, 0.3841299163440908800, 0.0000000000000000000 ) ) ;
#1425 = PLANE ( 'NONE',  #1801 ) ;
#1426 = LINE ( 'NONE', #4555, #1563 ) ;
#1427 = ORIENTED_EDGE ( 'NONE', *, *, #5093, .F. ) ;
#1428 =( NAMED_UNIT ( * ) PLANE_ANGLE_UNIT ( ) SI_UNIT ( $, .RADIAN. ) );
#1429 = DIRECTION ( 'NONE',  ( -0.0000000000000000000, -0.0000000000000000000, -1.000000000000000000 ) ) ;
#1430 =( LENGTH_UNIT ( ) NAMED_UNIT ( * ) SI_UNIT ( $, .METRE. ) );
#1431 = LINE ( 'NONE', #1165, #2415 ) ;
#1432 = EDGE_CURVE ( 'NONE', #4599, #4271, #3269, .T. ) ;
#1433 = CARTESIAN_POINT ( 'NONE',  ( 1.031000000000000600, 0.01574803149606299200, -0.1249999999999997600 ) ) ;
#1434 = LINE ( 'NONE', #1357, #3380 ) ;
#1435 = ORIENTED_EDGE ( 'NONE', *, *, #5294, .F. ) ;
#1436 = CARTESIAN_POINT ( 'NONE',  ( -0.6825000000000000000, 0.3349999999999999100, -0.3600000000000003800 ) ) ;
#1437 = VECTOR ( 'NONE', #3294, 39.37007874015748100 ) ;
#1438 = VECTOR ( 'NONE', #1376, 39.37007874015748100 ) ;
#1439 = ORIENTED_EDGE ( 'NONE', *, *, #4790, .F. ) ;
#1440 = DIRECTION ( 'NONE',  ( -0.0000000000000000000, -0.0000000000000000000, -1.000000000000000000 ) ) ;
#1441 = CARTESIAN_POINT ( 'NONE',  ( -0.7047497022718425300, 0.3841299163440908800, 0.0000000000000000000 ) ) ;
#1442 = ORIENTED_EDGE ( 'NONE', *, *, #1555, .T. ) ;
#1443 = EDGE_CURVE ( 'NONE', #1276, #3619, #2369, .T. ) ;
#1444 = FACE_OUTER_BOUND ( 'NONE', #4364, .T. ) ;
#1445 = CARTESIAN_POINT ( 'NONE',  ( 0.7736220472440942200, 0.03937007874015744500, -0.06927281597899327700 ) ) ;
#1446 = VERTEX_POINT ( 'NONE', #5350 ) ;
#1447 = DIRECTION ( 'NONE',  ( -1.000000000000000000, 0.0000000000000000000, 0.0000000000000000000 ) ) ;
#1448 = DIRECTION ( 'NONE',  ( 0.0000000000000000000, 0.0000000000000000000, 1.000000000000000000 ) ) ;
#1449 = SURFACE_SIDE_STYLE ('',( #1824 ) ) ;
#1450 = COLOUR_RGB ( '',0.9686274509803921600, 0.8784313725490196000, 0.5999999999999999800 ) ;
#1451 = LINE ( 'NONE', #894, #1523 ) ;
#1452 = CARTESIAN_POINT ( 'NONE',  ( 0.1085708163636324000, 0.1506818173096967400, -0.3206299212598426300 ) ) ;
#1453 = CARTESIAN_POINT ( 'NONE',  ( 0.6094273320812656500, 0.3924603339927483800, 0.1250000000000000600 ) ) ;
#1454 = EDGE_CURVE ( 'NONE', #3186, #1312, #3665, .T. ) ;
#1455 = PLANE ( 'NONE',  #546 ) ;
#1456 = VECTOR ( 'NONE', #1448, 39.37007874015748100 ) ;
#1457 = CARTESIAN_POINT ( 'NONE',  ( -0.9801201070409663000, 0.01574803149606299200, 0.01740402468160772600 ) ) ;
#1458 = LINE ( 'NONE', #3237, #3060 ) ;
#1459 = LINE ( 'NONE', #3599, #1730 ) ;
#1460 = DIMENSIONAL_EXPONENTS ( 1.000000000000000000, 0.0000000000000000000, 0.0000000000000000000, 0.0000000000000000000, 0.0000000000000000000, 0.0000000000000000000, 0.0000000000000000000 ) ;
#1461 = LINE ( 'NONE', #48, #977 ) ;
#1462 = ORIENTED_EDGE ( 'NONE', *, *, #4827, .T. ) ;
#1463 = CARTESIAN_POINT ( 'NONE',  ( 0.7499999999999996700, 0.5803149606299211600, -0.09948246940511164300 ) ) ;
#1464 = CARTESIAN_POINT ( 'NONE',  ( 0.7104899079217181800, 0.5803149606299212700, 0.1250000000000000600 ) ) ;
#1465 = FACE_OUTER_BOUND ( 'NONE', #2386, .T. ) ;
#1466 = CARTESIAN_POINT ( 'NONE',  ( 0.7952190705184454300, 0.5999999999999999800, 0.07499999999999998300 ) ) ;
#1467 = ORIENTED_EDGE ( 'NONE', *, *, #118, .F. ) ;
#1468 = VECTOR ( 'NONE', #3123, 39.37007874015748100 ) ;
#1469 = ORIENTED_EDGE ( 'NONE', *, *, #94, .T. ) ;
#1470 = VECTOR ( 'NONE', #2791, 39.37007874015748100 ) ;
#1471 = VERTEX_POINT ( 'NONE', #5441 ) ;
#1472 = FILL_AREA_STYLE ('',( #5183 ) ) ;
#1473 = EDGE_CURVE ( 'NONE', #4371, #1875, #5325, .T. ) ;
#1474 = DIRECTION ( 'NONE',  ( -1.000000000000000000, 2.525070561829413700E-016, 0.0000000000000000000 ) ) ;
#1475 = ORIENTED_EDGE ( 'NONE', *, *, #64, .T. ) ;
#1476 = ORIENTED_EDGE ( 'NONE', *, *, #481, .T. ) ;
#1477 = DIRECTION ( 'NONE',  ( 1.000000000000000000, 0.0000000000000000000, 0.0000000000000000000 ) ) ;
#1478 = ORIENTED_EDGE ( 'NONE', *, *, #3030, .T. ) ;
#1479 = DIRECTION ( 'NONE',  ( 0.0000000000000000000, 1.224955720424438600E-016, -1.000000000000000000 ) ) ;
#1480 = DIRECTION ( 'NONE',  ( 0.0000000000000000000, 1.224955720424438600E-016, -1.000000000000000000 ) ) ;
#1481 = EDGE_CURVE ( 'NONE', #4083, #4371, #1458, .T. ) ;
#1482 = CARTESIAN_POINT ( 'NONE',  ( -0.6825000000000000000, -0.07031181106330226800, 0.1053149606299212400 ) ) ;
#1483 = ORIENTED_EDGE ( 'NONE', *, *, #3314, .F. ) ;
#1484 = FACE_OUTER_BOUND ( 'NONE', #780, .T. ) ;
#1485 = CARTESIAN_POINT ( 'NONE',  ( -0.8449999999999997500, 0.03937007874015744500, -0.1250000000000000600 ) ) ;
#1486 = CARTESIAN_POINT ( 'NONE',  ( 0.7952190705184454300, 0.5599999999999999400, -0.3600000000000003800 ) ) ;
#1487 = EDGE_CURVE ( 'NONE', #4201, #4608, #1726, .T. ) ;
#1488 = ORIENTED_EDGE ( 'NONE', *, *, #3266, .F. ) ;
#1489 =( NAMED_UNIT ( * ) SI_UNIT ( $, .STERADIAN. ) SOLID_ANGLE_UNIT ( ) );
#1490 = ORIENTED_EDGE ( 'NONE', *, *, #3624, .F. ) ;
#1491 = PLANE ( 'NONE',  #281 ) ;
#1492 = AXIS2_PLACEMENT_3D ( 'NONE', #3389, #2546, #35 ) ;
#1493 = LINE ( 'NONE', #5251, #2267 ) ;
#1494 = LINE ( 'NONE', #5140, #4699 ) ;
#1495 = UNCERTAINTY_MEASURE_WITH_UNIT (LENGTH_MEASURE( 1.000000000000000100E-005 ), #1262, 'distance_accuracy_value', 'NONE');
#1496 = ORIENTED_EDGE ( 'NONE', *, *, #2319, .F. ) ;
#1497 =( NAMED_UNIT ( * ) SI_UNIT ( $, .STERADIAN. ) SOLID_ANGLE_UNIT ( ) );
#1498 = DIRECTION ( 'NONE',  ( 1.000000000000000000, 0.0000000000000000000, 0.0000000000000000000 ) ) ;
#1499 = CARTESIAN_POINT ( 'NONE',  ( -0.7499999999999997800, 0.2787401574803148900, 0.09948246940511164300 ) ) ;
#1500 = VECTOR ( 'NONE', #3278, 39.37007874015748100 ) ;
#1501 = EDGE_CURVE ( 'NONE', #1575, #2192, #191, .T. ) ;
#1502 = ORIENTED_EDGE ( 'NONE', *, *, #3229, .F. ) ;
#1503 = CARTESIAN_POINT ( 'NONE',  ( 0.7952190705184454300, 0.5599999999999999400, 0.07500000000000002500 ) ) ;
#1504 = DIRECTION ( 'NONE',  ( -1.000000000000000000, 0.0000000000000000000, 0.0000000000000000000 ) ) ;
#1505 = LINE ( 'NONE', #3449, #2422 ) ;
#1506 = CARTESIAN_POINT ( 'NONE',  ( -0.9197094723085155200, 0.01574803149606299200, -0.01740402468160772600 ) ) ;
#1507 = ORIENTED_EDGE ( 'NONE', *, *, #1487, .F. ) ;
#1508 = ORIENTED_EDGE ( 'NONE', *, *, #2878, .T. ) ;
#1509 = DIRECTION ( 'NONE',  ( 0.0000000000000000000, 0.0000000000000000000, 1.000000000000000000 ) ) ;
#1510 = EDGE_CURVE ( 'NONE', #2875, #1649, #1594, .T. ) ;
#1511 = FILL_AREA_STYLE_COLOUR ( '', #1153 ) ;
#1512 = AXIS2_PLACEMENT_3D ( 'NONE', #2169, #73, #488 ) ;
#1513 = ORIENTED_EDGE ( 'NONE', *, *, #641, .T. ) ;
#1514 =( CONVERSION_BASED_UNIT ( 'INCH', #4370 ) LENGTH_UNIT ( ) NAMED_UNIT ( #1144 ) );
#1515 = DIRECTION ( 'NONE',  ( 0.0000000000000000000, 0.0000000000000000000, 1.000000000000000000 ) ) ;
#1516 = PRESENTATION_STYLE_ASSIGNMENT (( #510 ) ) ;
#1517 = LINE ( 'NONE', #1883, #2868 ) ;
#1518 = EDGE_CURVE ( 'NONE', #2537, #1772, #15, .T. ) ;
#1519 = CARTESIAN_POINT ( 'NONE',  ( 0.8449999999999997500, -1.404950396741621800E-016, -0.3600000000000003800 ) ) ;
#1520 = ADVANCED_FACE ( 'NONE', ( #2172 ), #5023, .F. ) ;
#1521 = AXIS2_PLACEMENT_3D ( 'NONE', #1030, #2387, #2308 ) ;
#1522 = CARTESIAN_POINT ( 'NONE',  ( 0.7104899079217179600, 0.5645669291338583100, -0.1249999999999999900 ) ) ;
#1523 = VECTOR ( 'NONE', #2133, 39.37007874015748100 ) ;
#1524 = MECHANICAL_DESIGN_GEOMETRIC_PRESENTATION_REPRESENTATION (  '', ( #578 ), #1630 ) ;
#1525 = CARTESIAN_POINT ( 'NONE',  ( -0.6890016707757795600, 0.3841299163440908800, 0.0000000000000000000 ) ) ;
#1526 = ORIENTED_EDGE ( 'NONE', *, *, #1340, .T. ) ;
#1527 = PLANE ( 'NONE',  #505 ) ;
#1528 = ORIENTED_EDGE ( 'NONE', *, *, #1322, .F. ) ;
#1529 = MECHANICAL_DESIGN_GEOMETRIC_PRESENTATION_REPRESENTATION (  '', ( #4414 ), #1318 ) ;
#1530 = LINE ( 'NONE', #1112, #3987 ) ;
#1531 = DIRECTION ( 'NONE',  ( 1.000000000000000000, 0.0000000000000000000, 0.0000000000000000000 ) ) ;
#1532 = PRESENTATION_STYLE_ASSIGNMENT (( #5043 ) ) ;
#1533 = ORIENTED_EDGE ( 'NONE', *, *, #224, .F. ) ;
#1534 = FACE_OUTER_BOUND ( 'NONE', #1738, .T. ) ;
#1535 = CARTESIAN_POINT ( 'NONE',  ( 0.6825000000000000000, 0.5999999999999999800, -0.3600000000000003800 ) ) ;
#1536 = VECTOR ( 'NONE', #3616, 39.37007874015748100 ) ;
#1537 = ORIENTED_EDGE ( 'NONE', *, *, #1072, .F. ) ;
#1538 = VERTEX_POINT ( 'NONE', #2508 ) ;
#1539 = CARTESIAN_POINT ( 'NONE',  ( -0.6676803216288633700, 0.2953282504089043700, 0.3210460784688832800 ) ) ;
#1540 = CARTESIAN_POINT ( 'NONE',  ( 0.6105563093158336000, 0.3967524751484143900, 0.1250000000000000600 ) ) ;
#1541 = EDGE_LOOP ( 'NONE', ( #4381, #1142, #550, #5130, #2695 ) ) ;
#1542 = ADVANCED_FACE ( 'NONE', ( #4194 ), #3300, .F. ) ;
#1543 = DIRECTION ( 'NONE',  ( -1.000000000000000000, -2.525070561829413700E-016, 0.0000000000000000000 ) ) ;
#1544 = VECTOR ( 'NONE', #4851, 39.37007874015748100 ) ;
#1545 = EDGE_LOOP ( 'NONE', ( #4909, #2634, #3336, #3993 ) ) ;
#1546 = ORIENTED_EDGE ( 'NONE', *, *, #991, .F. ) ;
#1547 = EDGE_CURVE ( 'NONE', #1670, #1292, #1783, .T. ) ;
#1548 = CARTESIAN_POINT ( 'NONE',  ( 0.8352129783247008700, 0.5606980962574910100, -0.3600000000000003800 ) ) ;
#1549 = ORIENTED_EDGE ( 'NONE', *, *, #512, .F. ) ;
#1550 = CIRCLE ( 'NONE', #5351, 0.05741893336898970500 ) ;
#1551 = AXIS2_PLACEMENT_3D ( 'NONE', #2121, #2938, #5433 ) ;
#1552 = DIRECTION ( 'NONE',  ( -0.0000000000000000000, -0.0000000000000000000, 1.000000000000000000 ) ) ;
#1553 = ORIENTED_EDGE ( 'NONE', *, *, #2003, .F. ) ;
#1554 = SURFACE_SIDE_STYLE ('',( #1247 ) ) ;
#1555 = EDGE_CURVE ( 'NONE', #87, #3029, #1663, .T. ) ;
#1556 = VERTEX_POINT ( 'NONE', #3352 ) ;
#1557 = CARTESIAN_POINT ( 'NONE',  ( 0.7255285573078418300, 0.5558435179377632100, -0.1249999999999999900 ) ) ;
#1558 = CARTESIAN_POINT ( 'NONE',  ( 0.6094273320812656500, 0.3924603339927483800, 0.1250000000000000600 ) ) ;
#1559 = AXIS2_PLACEMENT_3D ( 'NONE', #4948, #2056, #2418 ) ;
#1560 = DIRECTION ( 'NONE',  ( -8.673617379884051200E-015, -1.000000000000000000, 0.0000000000000000000 ) ) ;
#1561 = SURFACE_STYLE_USAGE ( .BOTH. , #4035 ) ;
#1562 = EDGE_LOOP ( 'NONE', ( #5073, #1610, #1957, #3460 ) ) ;
#1563 = VECTOR ( 'NONE', #4974, 39.37007874015748100 ) ;
#1564 = AXIS2_PLACEMENT_3D ( 'NONE', #1973, #4060, #4903 ) ;
#1565 = ADVANCED_FACE ( 'NONE', ( #4999 ), #3785, .T. ) ;
#1566 = CARTESIAN_POINT ( 'NONE',  ( -0.8449999999999997500, 0.0000000000000000000, 0.3600000000000001000 ) ) ;
#1567 = VECTOR ( 'NONE', #4979, 39.37007874015748100 ) ;
#1568 = ORIENTED_EDGE ( 'NONE', *, *, #898, .T. ) ;
#1569 = DIRECTION ( 'NONE',  ( -0.0000000000000000000, 1.000000000000000000, -0.0000000000000000000 ) ) ;
#1570 = STYLED_ITEM ( 'NONE', ( #3956 ), #1046 ) ;
#1571 = LINE ( 'NONE', #239, #441 ) ;
#1572 = PLANE ( 'NONE',  #3315 ) ;
#1573 = CARTESIAN_POINT ( 'NONE',  ( -0.8348096797851539700, 0.5838030541138853300, 0.2840327826789924600 ) ) ;
#1574 = CARTESIAN_POINT ( 'NONE',  ( -0.7499999999999997800, 0.2787401574803148900, 0.1250000000000000600 ) ) ;
#1575 = VERTEX_POINT ( 'NONE', #413 ) ;
#1576 =( CONVERSION_BASED_UNIT ( 'INCH', #4231 ) LENGTH_UNIT ( ) NAMED_UNIT ( #2297 ) );
#1577 = ADVANCED_FACE ( 'NONE', ( #5129 ), #3669, .F. ) ;
#1578 = VECTOR ( 'NONE', #2582, 39.37007874015748900 ) ;
#1579 = FACE_BOUND ( 'NONE', #2310, .T. ) ;
#1580 = EDGE_CURVE ( 'NONE', #4371, #4898, #2618, .T. ) ;
#1581 = DIRECTION ( 'NONE',  ( 0.0000000000000000000, 0.3090169943749419000, -0.9510565162951554200 ) ) ;
#1582 = ORIENTED_EDGE ( 'NONE', *, *, #4480, .T. ) ;
#1583 = ORIENTED_EDGE ( 'NONE', *, *, #872, .T. ) ;
#1584 = PLANE ( 'NONE',  #1564 ) ;
#1585 = LINE ( 'NONE', #658, #4044 ) ;
#1586 = VECTOR ( 'NONE', #2731, 39.37007874015748100 ) ;
#1587 = DIRECTION ( 'NONE',  ( 0.0000000000000000000, 0.0000000000000000000, -1.000000000000000000 ) ) ;
#1588 = EDGE_CURVE ( 'NONE', #1350, #4122, #5191, .T. ) ;
#1589 = CIRCLE ( 'NONE', #936, 0.03999999999999998000 ) ;
#1590 = SURFACE_STYLE_USAGE ( .BOTH. , #2445 ) ;
#1591 = CIRCLE ( 'NONE', #207, 0.008723411196094932300 ) ;
#1592 = CARTESIAN_POINT ( 'NONE',  ( -0.6304730328643344300, 0.2749999999999998600, 0.3157878402833893000 ) ) ;
#1593 = DIRECTION ( 'NONE',  ( -1.000000000000000000, 0.0000000000000000000, 0.0000000000000000000 ) ) ;
#1594 = LINE ( 'NONE', #2142, #3729 ) ;
#1595 = DIRECTION ( 'NONE',  ( -1.000000000000000000, 0.0000000000000000000, 0.0000000000000000000 ) ) ;
#1596 = PLANE ( 'NONE',  #2086 ) ;
#1597 = VECTOR ( 'NONE', #3757, 39.37007874015748100 ) ;
#1598 = PRESENTATION_LAYER_ASSIGNMENT (  '', '', ( #4407 ) ) ;
#1599 = COLOUR_RGB ( '',0.9686274509803921600, 0.8784313725490196000, 0.5999999999999999800 ) ;
#1600 = EDGE_LOOP ( 'NONE', ( #4461, #5091, #4831, #2119 ) ) ;
#1601 = FACE_OUTER_BOUND ( 'NONE', #4800, .T. ) ;
#1602 = DIRECTION ( 'NONE',  ( 0.0000000000000000000, -0.0000000000000000000, -1.000000000000000000 ) ) ;
#1603 = ORIENTED_EDGE ( 'NONE', *, *, #3196, .T. ) ;
#1604 = UNCERTAINTY_MEASURE_WITH_UNIT (LENGTH_MEASURE( 1.000000000000000100E-005 ), #2323, 'distance_accuracy_value', 'NONE');
#1605 = CARTESIAN_POINT ( 'NONE',  ( 0.6891855407090297100, 0.5678840928867638900, 0.1250000000000000600 ) ) ;
#1606 = VERTEX_POINT ( 'NONE', #61 ) ;
#1607 = ORIENTED_EDGE ( 'NONE', *, *, #2255, .F. ) ;
#1608 = VECTOR ( 'NONE', #3681, 39.37007874015748100 ) ;
#1609 = DIRECTION ( 'NONE',  ( -1.000000000000000000, 0.0000000000000000000, 0.0000000000000000000 ) ) ;
#1610 = ORIENTED_EDGE ( 'NONE', *, *, #2708, .T. ) ;
#1611 = VERTEX_POINT ( 'NONE', #2557 ) ;
#1612 = LENGTH_MEASURE_WITH_UNIT ( LENGTH_MEASURE( 0.02539999999999999900 ), #909 );
#1613 = CARTESIAN_POINT ( 'NONE',  ( -0.6745456592561825900, 0.3048910162262438200, 0.3227481297846427900 ) ) ;
#1614 = EDGE_CURVE ( 'NONE', #4530, #23, #4855, .T. ) ;
#1615 = ORIENTED_EDGE ( 'NONE', *, *, #4835, .T. ) ;
#1616 = DIRECTION ( 'NONE',  ( -2.525070561829413700E-016, -1.000000000000000000, 0.0000000000000000000 ) ) ;
#1617 = VERTEX_POINT ( 'NONE', #2961 ) ;
#1618 = EDGE_CURVE ( 'NONE', #4803, #3996, #13, .T. ) ;
#1619 = PLANE ( 'NONE',  #3981 ) ;
#1620 = ADVANCED_FACE ( 'NONE', ( #2113 ), #462, .F. ) ;
#1621 = AXIS2_PLACEMENT_3D ( 'NONE', #5374, #3267, #4575 ) ;
#1622 = EDGE_LOOP ( 'NONE', ( #4234, #3861, #5366, #212 ) ) ;
#1623 = LINE ( 'NONE', #1140, #1809 ) ;
#1624 = EDGE_CURVE ( 'NONE', #2511, #1961, #400, .T. ) ;
#1625 = VERTEX_POINT ( 'NONE', #272 ) ;
#1626 =( GEOMETRIC_REPRESENTATION_CONTEXT ( 3 ) GLOBAL_UNCERTAINTY_ASSIGNED_CONTEXT ( ( #3980 ) ) GLOBAL_UNIT_ASSIGNED_CONTEXT ( ( #4146, #1662, #2897 ) ) REPRESENTATION_CONTEXT ( 'NONE', 'WORKASPACE' ) );
#1627 = CARTESIAN_POINT ( 'NONE',  ( 0.7499999999999997800, 0.2515788080029213200, -0.09048522344134479800 ) ) ;
#1628 = DIRECTION ( 'NONE',  ( -0.0000000000000000000, -0.0000000000000000000, -1.000000000000000000 ) ) ;
#1629 = FACE_OUTER_BOUND ( 'NONE', #4203, .T. ) ;
#1630 =( GEOMETRIC_REPRESENTATION_CONTEXT ( 3 ) GLOBAL_UNCERTAINTY_ASSIGNED_CONTEXT ( ( #271 ) ) GLOBAL_UNIT_ASSIGNED_CONTEXT ( ( #440, #4576, #4150 ) ) REPRESENTATION_CONTEXT ( 'NONE', 'WORKASPACE' ) );
#1631 = ADVANCED_FACE ( 'NONE', ( #1978 ), #675, .F. ) ;
#1632 = LINE ( 'NONE', #3026, #3097 ) ;
#1633 = VERTEX_POINT ( 'NONE', #193 ) ;
#1634 = EDGE_CURVE ( 'NONE', #4706, #1961, #4732, .T. ) ;
#1635 = LINE ( 'NONE', #1243, #3709 ) ;
#1636 = CARTESIAN_POINT ( 'NONE',  ( -0.9801201070409663000, 0.0000000000000000000, 0.01740402468160772600 ) ) ;
#1637 = VERTEX_POINT ( 'NONE', #2332 ) ;
#1638 = CARTESIAN_POINT ( 'NONE',  ( 0.8449999999999997500, 0.03937007874015744500, -0.09048522344134479800 ) ) ;
#1640 = CARTESIAN_POINT ( 'NONE',  ( 0.7342519685039367000, 0.03937007874015743800, 0.1250000000000000600 ) ) ;
#1639 = VECTOR ( 'NONE', #5005, 39.37007874015748100 ) ;
#1641 = ORIENTED_EDGE ( 'NONE', *, *, #1618, .F. ) ;
#1642 = ORIENTED_EDGE ( 'NONE', *, *, #2896, .T. ) ;
#1643 = CARTESIAN_POINT ( 'NONE',  ( -0.6825000000000000000, 0.3349999999999999100, -0.3250000000000000700 ) ) ;
#1644 = DIRECTION ( 'NONE',  ( 0.0000000000000000000, -0.0000000000000000000, -1.000000000000000000 ) ) ;
#1645 = VECTOR ( 'NONE', #1964, 39.37007874015748100 ) ;
#1646 = DIRECTION ( 'NONE',  ( 0.0000000000000000000, -1.000000000000000000, 1.224646799147353000E-016 ) ) ;
#1647 = CARTESIAN_POINT ( 'NONE',  ( 0.9197094723085155200, 0.0000000000000000000, 0.01740402468160772600 ) ) ;
#1648 = ADVANCED_FACE ( 'NONE', ( #3199 ), #2772, .T. ) ;
#1649 = VERTEX_POINT ( 'NONE', #5286 ) ;
#1650 = EDGE_CURVE ( 'NONE', #428, #3201, #1459, .T. ) ;
#1651 = FACE_OUTER_BOUND ( 'NONE', #964, .T. ) ;
#1652 = COLOUR_RGB ( '',0.9686274509803921600, 0.8784313725490196000, 0.5999999999999999800 ) ;
#1653 = AXIS2_PLACEMENT_3D ( 'NONE', #213, #507, #490 ) ;
#1654 = CARTESIAN_POINT ( 'NONE',  ( -0.8352129783247008700, 0.5606980962574910100, -0.2915400385671661500 ) ) ;
#1655 = DIMENSIONAL_EXPONENTS ( 1.000000000000000000, 0.0000000000000000000, 0.0000000000000000000, 0.0000000000000000000, 0.0000000000000000000, 0.0000000000000000000, 0.0000000000000000000 ) ;
#1656 = VECTOR ( 'NONE', #4580, 39.37007874015748100 ) ;
#1657 = VECTOR ( 'NONE', #5333, 39.37007874015748100 ) ;
#1658 = EDGE_CURVE ( 'NONE', #4586, #2741, #579, .T. ) ;
#1659 = ORIENTED_EDGE ( 'NONE', *, *, #3662, .F. ) ;
#1660 = DIRECTION ( 'NONE',  ( 0.0000000000000000000, 0.0000000000000000000, -1.000000000000000000 ) ) ;
#1661 = ORIENTED_EDGE ( 'NONE', *, *, #3082, .T. ) ;
#1662 =( NAMED_UNIT ( * ) PLANE_ANGLE_UNIT ( ) SI_UNIT ( $, .RADIAN. ) );
#1663 = LINE ( 'NONE', #3332, #3458 ) ;
#1664 = FILL_AREA_STYLE_COLOUR ( '', #709 ) ;
#1665 = VECTOR ( 'NONE', #3302, 39.37007874015748100 ) ;
#1666 = ORIENTED_EDGE ( 'NONE', *, *, #2611, .T. ) ;
#1667 = DIRECTION ( 'NONE',  ( -1.000000000000000000, -0.0000000000000000000, -0.0000000000000000000 ) ) ;
#1668 = FACE_OUTER_BOUND ( 'NONE', #2424, .T. ) ;
#1669 = FACE_OUTER_BOUND ( 'NONE', #1731, .T. ) ;
#1670 = VERTEX_POINT ( 'NONE', #4010 ) ;
#1671 = UNCERTAINTY_MEASURE_WITH_UNIT (LENGTH_MEASURE( 1.000000000000000100E-005 ), #1399, 'distance_accuracy_value', 'NONE');
#1672 = AXIS2_PLACEMENT_3D ( 'NONE', #2260, #1474, #3472 ) ;
#1673 = PLANE ( 'NONE',  #1259 ) ;
#1674 = VERTEX_POINT ( 'NONE', #3582 ) ;
#1675 = ORIENTED_EDGE ( 'NONE', *, *, #3307, .F. ) ;
#1676 = VECTOR ( 'NONE', #4111, 39.37007874015748100 ) ;
#1677 = DIRECTION ( 'NONE',  ( -1.000000000000000000, 0.0000000000000000000, 0.0000000000000000000 ) ) ;
#1678 = CLOSED_SHELL ( 'NONE', ( #4047, #4015, #1200, #3603, #3627, #2742, #313, #5403, #2516, #3222, #3548, #3063, #2054, #1005, #708, #287, #2320, #251, #4088, #5342, #4940, #4101, #1577, #196, #1168, #2815, #607, #784, #1138, #162, #4077, #2842, #2105, #3182, #767, #632, #742, #1905, #3268, #2353, #1520, #2805, #2492, #1183, #2395, #370, #1620, #5312, #3500, #724, #2759, #2407, #1679, #985, #4596, #1542, #3739, #2419, #4508, #2034, #3668, #4033, #2085, #3504, #1012, #2774, #5430, #5282 ) ) ;
#1679 = ADVANCED_FACE ( 'NONE', ( #330 ), #1075, .T. ) ;
#1680 = EDGE_LOOP ( 'NONE', ( #4769, #3297, #4589, #3170 ) ) ;
#1681 = CARTESIAN_POINT ( 'NONE',  ( 0.1085708163636324000, -0.1506818173096967400, 0.3600000000000001000 ) ) ;
#1682 = AXIS2_PLACEMENT_3D ( 'NONE', #4915, #4517, #4495 ) ;
#1683 = PRESENTATION_STYLE_ASSIGNMENT (( #4328 ) ) ;
#1684 = VERTEX_POINT ( 'NONE', #4379 ) ;
#1685 =( LENGTH_UNIT ( ) NAMED_UNIT ( * ) SI_UNIT ( $, .METRE. ) );
#1686 = LINE ( 'NONE', #3218, #3752 ) ;
#1687 = DIRECTION ( 'NONE',  ( 0.0000000000000000000, -0.0000000000000000000, 1.000000000000000000 ) ) ;
#1688 = EDGE_CURVE ( 'NONE', #3316, #1807, #800, .T. ) ;
#1689 = PLANE ( 'NONE',  #2960 ) ;
#1690 = CARTESIAN_POINT ( 'NONE',  ( -0.7420000000000007700, -0.02500000000000000100, -0.3439999999999999200 ) ) ;
#1691 = ORIENTED_EDGE ( 'NONE', *, *, #4694, .F. ) ;
#1692 = DIRECTION ( 'NONE',  ( 1.000000000000000000, -0.0000000000000000000, -0.0000000000000000000 ) ) ;
#1693 = EDGE_CURVE ( 'NONE', #1556, #198, #1530, .T. ) ;
#1694 = EDGE_LOOP ( 'NONE', ( #159, #4736, #4947, #3988, #2573, #2641 ) ) ;
#1695 = SURFACE_STYLE_USAGE ( .BOTH. , #1280 ) ;
#1696 = MECHANICAL_DESIGN_GEOMETRIC_PRESENTATION_REPRESENTATION (  '', ( #3057 ), #3242 ) ;
#1697 = CIRCLE ( 'NONE', #1897, 0.02362204724409448100 ) ;
#1698 = VERTEX_POINT ( 'NONE', #225 ) ;
#1699 =( CONVERSION_BASED_UNIT ( 'INCH', #904 ) LENGTH_UNIT ( ) NAMED_UNIT ( #4483 ) );
#1700 = EDGE_CURVE ( 'NONE', #375, #5378, #128, .T. ) ;
#1701 = DIRECTION ( 'NONE',  ( -1.000000000000000000, 0.0000000000000000000, 0.0000000000000000000 ) ) ;
#1702 = PLANE ( 'NONE',  #3333 ) ;
#1703 = MECHANICAL_DESIGN_GEOMETRIC_PRESENTATION_REPRESENTATION (  '', ( #1120 ), #2149 ) ;
#1704 = CARTESIAN_POINT ( 'NONE',  ( 0.6419171583709317700, 0.2780931463121746300, -0.3167395958334217100 ) ) ;
#1705 = DIRECTION ( 'NONE',  ( -1.000000000000000000, 0.0000000000000000000, 0.0000000000000000000 ) ) ;
#1706 = ORIENTED_EDGE ( 'NONE', *, *, #5089, .T. ) ;
#1707 = CARTESIAN_POINT ( 'NONE',  ( 0.6825000000000000000, 0.5999999999999999800, -0.3600000000000003800 ) ) ;
#1708 = FACE_OUTER_BOUND ( 'NONE', #3467, .T. ) ;
#1709 = VECTOR ( 'NONE', #5079, 39.37007874015748100 ) ;
#1710 = ORIENTED_EDGE ( 'NONE', *, *, #5340, .T. ) ;
#1711 = AXIS2_PLACEMENT_3D ( 'NONE', #4052, #3226, #4876 ) ;
#1712 =( LENGTH_UNIT ( ) NAMED_UNIT ( * ) SI_UNIT ( $, .METRE. ) );
#1713 = FACE_OUTER_BOUND ( 'NONE', #4853, .T. ) ;
#1714 = FACE_BOUND ( 'NONE', #2197, .T. ) ;
#1715 = ORIENTED_EDGE ( 'NONE', *, *, #3745, .F. ) ;
#1716 = DIRECTION ( 'NONE',  ( 0.0000000000000000000, 1.000000000000000000, -8.537024980200824800E-016 ) ) ;
#1717 = PLANE ( 'NONE',  #4956 ) ;
#1718 = FACE_OUTER_BOUND ( 'NONE', #4967, .T. ) ;
#1719 = LINE ( 'NONE', #2749, #1586 ) ;
#1720 = DIRECTION ( 'NONE',  ( 1.000000000000000000, 0.0000000000000000000, 0.0000000000000000000 ) ) ;
#1721 =( CONVERSION_BASED_UNIT ( 'INCH', #1612 ) LENGTH_UNIT ( ) NAMED_UNIT ( #1655 ) );
#1722 = VECTOR ( 'NONE', #2135, 39.37007874015748100 ) ;
#1723 = DIRECTION ( 'NONE',  ( 0.0000000000000000000, -1.000000000000000000, 0.0000000000000000000 ) ) ;
#1724 = EDGE_CURVE ( 'NONE', #5315, #5212, #459, .T. ) ;
#1725 = DIRECTION ( 'NONE',  ( -0.0000000000000000000, -1.000000000000000000, -0.0000000000000000000 ) ) ;
#1726 = LINE ( 'NONE', #1681, #577 ) ;
#1727 = CARTESIAN_POINT ( 'NONE',  ( 0.9197094723085155200, 0.0000000000000000000, 0.01740402468160772600 ) ) ;
#1728 = DIRECTION ( 'NONE',  ( 0.0000000000000000000, 0.0000000000000000000, 1.000000000000000000 ) ) ;
#1729 = CARTESIAN_POINT ( 'NONE',  ( -0.7736220472440942200, 0.03937007874015744500, 0.06927281597899326300 ) ) ;
#1730 = VECTOR ( 'NONE', #5227, 39.37007874015748100 ) ;
#1731 = EDGE_LOOP ( 'NONE', ( #2081, #3851, #863, #2412, #3367, #182, #657, #1417, #4535, #1937, #2352, #3516, #2011, #3805 ) ) ;
#1732 = DIRECTION ( 'NONE',  ( 0.0000000000000000000, -0.0000000000000000000, -1.000000000000000000 ) ) ;
#1733 = EDGE_CURVE ( 'NONE', #4122, #2454, #264, .T. ) ;
#1734 = VERTEX_POINT ( 'NONE', #3562 ) ;
#1735 = VERTEX_POINT ( 'NONE', #1056 ) ;
#1736 = AXIS2_PLACEMENT_3D ( 'NONE', #2062, #4989, #399 ) ;
#1737 = DIRECTION ( 'NONE',  ( -0.0000000000000000000, -1.000000000000000000, -0.0000000000000000000 ) ) ;
#1738 = EDGE_LOOP ( 'NONE', ( #3152, #529, #4131, #3388, #4524 ) ) ;
#1739 = AXIS2_PLACEMENT_3D ( 'NONE', #959, #152, #3535 ) ;
#1740 = CARTESIAN_POINT ( 'NONE',  ( -0.7420000000000007700, -0.05000000000000000300, -0.3190000000000000100 ) ) ;
#1741 = ORIENTED_EDGE ( 'NONE', *, *, #3508, .T. ) ;
#1742 = DIRECTION ( 'NONE',  ( 0.0000000000000000000, -1.000000000000000000, 0.0000000000000000000 ) ) ;
#1743 = ORIENTED_EDGE ( 'NONE', *, *, #3942, .T. ) ;
#1744 = PLANE ( 'NONE',  #1795 ) ;
#1745 = ORIENTED_EDGE ( 'NONE', *, *, #1034, .T. ) ;
#1746 = MECHANICAL_DESIGN_GEOMETRIC_PRESENTATION_REPRESENTATION (  '', ( #3421 ), #4278 ) ;
#1747 = DIRECTION ( 'NONE',  ( -9.573036100600765300E-020, 1.000000000000000000, 0.0000000000000000000 ) ) ;
#1748 = EDGE_LOOP ( 'NONE', ( #1478, #4138, #1377, #3160 ) ) ;
#1749 = ORIENTED_EDGE ( 'NONE', *, *, #94, .F. ) ;
#1750 = EDGE_LOOP ( 'NONE', ( #903, #3747, #5141, #988 ) ) ;
#1751 = DIRECTION ( 'NONE',  ( 0.0000000000000000000, 0.0000000000000000000, -1.000000000000000000 ) ) ;
#1752 =( LENGTH_UNIT ( ) NAMED_UNIT ( * ) SI_UNIT ( $, .METRE. ) );
#1753 = PLANE ( 'NONE',  #3570 ) ;
#1754 = EDGE_LOOP ( 'NONE', ( #356, #2381, #1496, #1469, #4957, #846 ) ) ;
#1755 =( NAMED_UNIT ( * ) SI_UNIT ( $, .STERADIAN. ) SOLID_ANGLE_UNIT ( ) );
#1756 = EDGE_CURVE ( 'NONE', #4287, #3144, #3790, .T. ) ;
#1757 = DIRECTION ( 'NONE',  ( 0.0000000000000000000, -0.0000000000000000000, -1.000000000000000000 ) ) ;
#1758 = CARTESIAN_POINT ( 'NONE',  ( 0.6825000000000000000, 0.2787401574803149400, 0.1249999999999999200 ) ) ;
#1759 = VECTOR ( 'NONE', #4169, 39.37007874015748100 ) ;
#1760 = LINE ( 'NONE', #4014, #621 ) ;
#1761 = EDGE_CURVE ( 'NONE', #1401, #606, #2563, .T. ) ;
#1762 = VERTEX_POINT ( 'NONE', #1031 ) ;
#1763 = VERTEX_POINT ( 'NONE', #2311 ) ;
#1764 =( GEOMETRIC_REPRESENTATION_CONTEXT ( 3 ) GLOBAL_UNCERTAINTY_ASSIGNED_CONTEXT ( ( #601 ) ) GLOBAL_UNIT_ASSIGNED_CONTEXT ( ( #996, #4321, #3919 ) ) REPRESENTATION_CONTEXT ( 'NONE', 'WORKASPACE' ) );
#1765 = CARTESIAN_POINT ( 'NONE',  ( -0.7499999999999997800, 8.308786758271078200E-020, -0.07499999999999999700 ) ) ;
#1766 = CYLINDRICAL_SURFACE ( 'NONE', #4933, 0.008723411196094932300 ) ;
#1767 = CIRCLE ( 'NONE', #661, 0.04330708661417324200 ) ;
#1768 = DIRECTION ( 'NONE',  ( 1.000000000000000000, 0.0000000000000000000, 0.0000000000000000000 ) ) ;
#1769 = ORIENTED_EDGE ( 'NONE', *, *, #991, .T. ) ;
#1770 = CARTESIAN_POINT ( 'NONE',  ( 0.6825000000000000000, 0.3349999999999999100, 0.3250000000000000700 ) ) ;
#1771 = LENGTH_MEASURE_WITH_UNIT ( LENGTH_MEASURE( 0.02539999999999999900 ), #108 );
#1772 = VERTEX_POINT ( 'NONE', #2348 ) ;
#1773 = AXIS2_PLACEMENT_3D ( 'NONE', #3372, #1361, #2609 ) ;
#1774 = VECTOR ( 'NONE', #5175, 39.37007874015748100 ) ;
#1775 = DIRECTION ( 'NONE',  ( 0.0000000000000000000, 1.000000000000000000, 0.0000000000000000000 ) ) ;
#1776 = VECTOR ( 'NONE', #2957, 39.37007874015748100 ) ;
#1777 = EDGE_CURVE ( 'NONE', #3107, #1400, #3064, .T. ) ;
#1778 = LINE ( 'NONE', #5407, #3732 ) ;
#1779 = ORIENTED_EDGE ( 'NONE', *, *, #31, .F. ) ;
#1780 = CARTESIAN_POINT ( 'NONE',  ( 0.7499999999999996700, 0.5803149606299211600, 0.09948246940511164300 ) ) ;
#1781 = ORIENTED_EDGE ( 'NONE', *, *, #3120, .T. ) ;
#1782 = EDGE_CURVE ( 'NONE', #366, #2761, #3209, .T. ) ;
#1783 = LINE ( 'NONE', #2894, #1597 ) ;
#1784 = VECTOR ( 'NONE', #5136, 39.37007874015748100 ) ;
#1785 = ORIENTED_EDGE ( 'NONE', *, *, #3172, .T. ) ;
#1786 = DIRECTION ( 'NONE',  ( 0.0000000000000000000, -1.000000000000000000, 8.537024980200824800E-016 ) ) ;
#1787 = LINE ( 'NONE', #5090, #3403 ) ;
#1788 = EDGE_LOOP ( 'NONE', ( #5285, #2578, #1826, #4825 ) ) ;
#1789 = ORIENTED_EDGE ( 'NONE', *, *, #2550, .T. ) ;
#1790 = EDGE_LOOP ( 'NONE', ( #3402, #3617, #4678, #660 ) ) ;
#1791 = DIRECTION ( 'NONE',  ( 0.0000000000000000000, -1.000000000000000000, 0.0000000000000000000 ) ) ;
#1792 = EDGE_CURVE ( 'NONE', #3276, #806, #340, .T. ) ;
#1793 = MECHANICAL_DESIGN_GEOMETRIC_PRESENTATION_REPRESENTATION (  '', ( #483 ), #772 ) ;
#1794 = CARTESIAN_POINT ( 'NONE',  ( -0.8560000000000006500, 0.0000000000000000000, 0.1250000000000002500 ) ) ;
#1795 = AXIS2_PLACEMENT_3D ( 'NONE', #4359, #3455, #5224 ) ;
#1796 = VECTOR ( 'NONE', #3085, 39.37007874015748100 ) ;
#1797 = SURFACE_SIDE_STYLE ('',( #669 ) ) ;
#1798 = VERTEX_POINT ( 'NONE', #4894 ) ;
#1799 = CARTESIAN_POINT ( 'NONE',  ( -0.7736220472440942200, 0.01574803149606299200, -0.06927281597899327700 ) ) ;
#1800 = DIRECTION ( 'NONE',  ( -1.000000000000000000, 0.0000000000000000000, 0.0000000000000000000 ) ) ;
#1801 = AXIS2_PLACEMENT_3D ( 'NONE', #2258, #1019, #1447 ) ;
#1802 = EDGE_LOOP ( 'NONE', ( #1941, #3347, #5197, #3069, #286, #2661 ) ) ;
#1803 =( NAMED_UNIT ( * ) PLANE_ANGLE_UNIT ( ) SI_UNIT ( $, .RADIAN. ) );
#1804 = VERTEX_POINT ( 'NONE', #4109 ) ;
#1805 = CARTESIAN_POINT ( 'NONE',  ( -0.7480567888860157900, 0.3841299163440908800, 0.0000000000000000000 ) ) ;
#1806 = DIRECTION ( 'NONE',  ( 0.0000000000000000000, -1.224955720424438600E-016, 1.000000000000000000 ) ) ;
#1807 = VERTEX_POINT ( 'NONE', #5373 ) ;
#1808 = DIRECTION ( 'NONE',  ( 0.0000000000000000000, 0.0000000000000000000, -1.000000000000000000 ) ) ;
#1809 = VECTOR ( 'NONE', #354, 39.37007874015748100 ) ;
#1810 = DIRECTION ( 'NONE',  ( -1.000000000000000000, -2.525070561829413700E-016, -0.0000000000000000000 ) ) ;
#1811 = PLANE ( 'NONE',  #4084 ) ;
#1812 = EDGE_CURVE ( 'NONE', #3819, #696, #2237, .T. ) ;
#1813 = EDGE_LOOP ( 'NONE', ( #389, #2680, #1666, #2837 ) ) ;
#1814 = CIRCLE ( 'NONE', #318, 0.02447144269215783100 ) ;
#1815 = ORIENTED_EDGE ( 'NONE', *, *, #414, .F. ) ;
#1816 = FACE_OUTER_BOUND ( 'NONE', #2450, .T. ) ;
#1817 = DIRECTION ( 'NONE',  ( 0.0000000000000000000, 1.000000000000000000, 0.0000000000000000000 ) ) ;
#1818 = EDGE_CURVE ( 'NONE', #3547, #1762, #4265, .T. ) ;
#1819 = FACE_OUTER_BOUND ( 'NONE', #1998, .T. ) ;
#1820 = UNCERTAINTY_MEASURE_WITH_UNIT (LENGTH_MEASURE( 1.000000000000000100E-005 ), #145, 'distance_accuracy_value', 'NONE');
#1821 = VECTOR ( 'NONE', #4214, 39.37007874015748100 ) ;
#1822 = ORIENTED_EDGE ( 'NONE', *, *, #4820, .F. ) ;
#1823 = VECTOR ( 'NONE', #24, 39.37007874015748100 ) ;
#1824 = SURFACE_STYLE_FILL_AREA ( #1898 ) ;
#1825 = PLANE ( 'NONE',  #1380 ) ;
#1826 = ORIENTED_EDGE ( 'NONE', *, *, #1145, .F. ) ;
#1827 = EDGE_LOOP ( 'NONE', ( #4009, #3633, #2493, #2488 ) ) ;
#1828 = FILL_AREA_STYLE ('',( #3511 ) ) ;
#1829 = AXIS2_PLACEMENT_3D ( 'NONE', #4117, #4582, #2029 ) ;
#1830 =( CONVERSION_BASED_UNIT ( 'INCH', #2087 ) LENGTH_UNIT ( ) NAMED_UNIT ( #1055 ) );
#1831 = DIRECTION ( 'NONE',  ( 1.000000000000000000, 0.0000000000000000000, -0.0000000000000000000 ) ) ;
#1832 = CARTESIAN_POINT ( 'NONE',  ( -0.6825000000000000000, -0.07031181106330226800, 0.1053149606299212400 ) ) ;
#1833 = LINE ( 'NONE', #4713, #3730 ) ;
#1834 =( GEOMETRIC_REPRESENTATION_CONTEXT ( 3 ) GLOBAL_UNCERTAINTY_ASSIGNED_CONTEXT ( ( #5154 ) ) GLOBAL_UNIT_ASSIGNED_CONTEXT ( ( #1418, #3022, #4726 ) ) REPRESENTATION_CONTEXT ( 'NONE', 'WORKASPACE' ) );
#1835 = VECTOR ( 'NONE', #3178, 39.37007874015748100 ) ;
#1836 = DIRECTION ( 'NONE',  ( 0.0000000000000000000, -1.000000000000000000, 0.0000000000000000000 ) ) ;
#1837 = COLOUR_RGB ( '',0.9686274509803921600, 0.8784313725490196000, 0.5999999999999999800 ) ;
#1838 = EDGE_CURVE ( 'NONE', #2359, #3537, #1332, .T. ) ;
#1839 = DIRECTION ( 'NONE',  ( -0.9998476951563913800, -0.01745240643727697900, 0.0000000000000000000 ) ) ;
#1840 = ORIENTED_EDGE ( 'NONE', *, *, #253, .T. ) ;
#1841 = B_SPLINE_CURVE_WITH_KNOTS ( 'NONE', 3,
 ( #3949, #2312, #5249, #3563, #2392, #293, #1613, #2773, #1539, #4477, #5307, #2368, #1592, #4011 ),
 .UNSPECIFIED., .F., .F.,
 ( 4, 2, 2, 2, 2, 2, 4 ),
 ( 0.0000000000000000000, 0.0002993318347478216600, 0.0005986636694956433200, 0.0008979955042434649700, 0.001197327338991286600, 0.001795991008486938000, 0.002394654677982589300 ),
 .UNSPECIFIED. ) ;
#1842 = VECTOR ( 'NONE', #250, 39.37007874015748100 ) ;
#1843 = ORIENTED_EDGE ( 'NONE', *, *, #3415, .F. ) ;
#1844 = CARTESIAN_POINT ( 'NONE',  ( -0.8183275479078746500, 0.5999999999999998700, -0.2787700759417754400 ) ) ;
#1845 = CARTESIAN_POINT ( 'NONE',  ( 0.7952190705184454300, 0.5999999999999999800, -0.2787700759417754400 ) ) ;
#1846 = ORIENTED_EDGE ( 'NONE', *, *, #3157, .T. ) ;
#1847 = DIRECTION ( 'NONE',  ( 1.000000000000000000, 0.0000000000000000000, -0.0000000000000000000 ) ) ;
#1848 = LINE ( 'NONE', #324, #3075 ) ;
#1849 = ORIENTED_EDGE ( 'NONE', *, *, #4617, .T. ) ;
#1850 = LINE ( 'NONE', #4087, #4669 ) ;
#1851 = CARTESIAN_POINT ( 'NONE',  ( -0.7499999999999997800, 0.5999999999999999800, -0.07499999999999998300 ) ) ;
#1852 = ADVANCED_FACE ( 'NONE', ( #5393 ), #1572, .F. ) ;
#1853 = EDGE_CURVE ( 'NONE', #2636, #3926, #922, .T. ) ;
#1854 = ORIENTED_EDGE ( 'NONE', *, *, #781, .T. ) ;
#1855 = EDGE_LOOP ( 'NONE', ( #1060, #1439, #751, #2217, #4749, #4481, #4260, #1208, #4945, #1368, #3073, #1537, #5168, #4075, #3676, #5198, #4098, #4227, #2873, #1502 ) ) ;
#1856 = DIRECTION ( 'NONE',  ( -1.000000000000000000, 0.0000000000000000000, 0.0000000000000000000 ) ) ;
#1857 = AXIS2_PLACEMENT_3D ( 'NONE', #1879, #4811, #3513 ) ;
#1858 = VERTEX_POINT ( 'NONE', #4476 ) ;
#1859 = ORIENTED_EDGE ( 'NONE', *, *, #4779, .F. ) ;
#1860 = EDGE_CURVE ( 'NONE', #5074, #1858, #5200, .T. ) ;
#1861 = DIRECTION ( 'NONE',  ( -1.000000000000000000, 0.0000000000000000000, 0.0000000000000000000 ) ) ;
#1862 = ORIENTED_EDGE ( 'NONE', *, *, #4820, .T. ) ;
#1863 = CARTESIAN_POINT ( 'NONE',  ( -0.7342519685039367000, 0.03937007874015743800, 0.1250000000000000600 ) ) ;
#1864 = CARTESIAN_POINT ( 'NONE',  ( -1.031000000000000800, 0.2515788080029213700, 0.09948246940511164300 ) ) ;
#1865 = CARTESIAN_POINT ( 'NONE',  ( 1.031000000000000800, 0.2787401574803150000, 0.09948246940511164300 ) ) ;
#1866 = DIRECTION ( 'NONE',  ( 0.0000000000000000000, 1.000000000000000000, 0.0000000000000000000 ) ) ;
#1867 = DIRECTION ( 'NONE',  ( 0.01745240643727697500, -0.9998476951563912700, 0.0000000000000000000 ) ) ;
#1868 = AXIS2_PLACEMENT_3D ( 'NONE', #4403, #5269, #4830 ) ;
#1869 = ORIENTED_EDGE ( 'NONE', *, *, #5304, .T. ) ;
#1870 = CIRCLE ( 'NONE', #2186, 0.02500000000000000500 ) ;
#1871 = CARTESIAN_POINT ( 'NONE',  ( 0.9197094723085155200, 0.0000000000000000000, 0.01740402468160772600 ) ) ;
#1872 = EDGE_CURVE ( 'NONE', #3798, #2441, #3466, .T. ) ;
#1873 = VECTOR ( 'NONE', #2007, 39.37007874015748100 ) ;
#1874 = VECTOR ( 'NONE', #591, 39.37007874015748900 ) ;
#1875 = VERTEX_POINT ( 'NONE', #1984 ) ;
#1876 = PLANE ( 'NONE',  #4636 ) ;
#1877 = ADVANCED_FACE ( 'NONE', ( #3280 ), #2405, .F. ) ;
#1878 = EDGE_CURVE ( 'NONE', #4548, #2761, #200, .T. ) ;
#1879 = CARTESIAN_POINT ( 'NONE',  ( -0.7480567888860157900, 0.3841299163440908800, 0.0000000000000000000 ) ) ;
#1880 = ORIENTED_EDGE ( 'NONE', *, *, #3393, .T. ) ;
#1881 = FACE_OUTER_BOUND ( 'NONE', #3542, .T. ) ;
#1882 = AXIS2_PLACEMENT_3D ( 'NONE', #1381, #958, #5117 ) ;
#1883 = CARTESIAN_POINT ( 'NONE',  ( -0.8560000000000006500, 0.01574803149606299200, 0.1250000000000002500 ) ) ;
#1884 = LINE ( 'NONE', #2593, #900 ) ;
#1885 = CARTESIAN_POINT ( 'NONE',  ( -0.7342519685039367000, -1.365923996832131600E-016, -0.1250000000000000000 ) ) ;
#1886 = ORIENTED_EDGE ( 'NONE', *, *, #3102, .T. ) ;
#1887 = SURFACE_SIDE_STYLE ('',( #1891 ) ) ;
#1888 = ORIENTED_EDGE ( 'NONE', *, *, #1443, .T. ) ;
#1889 = EDGE_CURVE ( 'NONE', #1992, #2600, #1848, .T. ) ;
#1890 = DIRECTION ( 'NONE',  ( -0.0000000000000000000, 0.0000000000000000000, 1.000000000000000000 ) ) ;
#1891 = SURFACE_STYLE_FILL_AREA ( #5214 ) ;
#1892 = LINE ( 'NONE', #2002, #4305 ) ;
#1893 =( NAMED_UNIT ( * ) SI_UNIT ( $, .STERADIAN. ) SOLID_ANGLE_UNIT ( ) );
#1894 = CARTESIAN_POINT ( 'NONE',  ( -0.8560000000000006500, 0.0000000000000000000, -0.1249999999999997600 ) ) ;
#1895 = ORIENTED_EDGE ( 'NONE', *, *, #1818, .T. ) ;
#1896 = SURFACE_STYLE_USAGE ( .BOTH. , #2650 ) ;
#1897 = AXIS2_PLACEMENT_3D ( 'NONE', #5395, #1628, #4132 ) ;
#1898 = FILL_AREA_STYLE ('',( #953 ) ) ;
#1899 = LINE ( 'NONE', #4267, #966 ) ;
#1900 = DIRECTION ( 'NONE',  ( -0.0000000000000000000, -0.0000000000000000000, -1.000000000000000000 ) ) ;
#1901 = DIRECTION ( 'NONE',  ( 0.0000000000000000000, -1.000000000000000000, 0.0000000000000000000 ) ) ;
#1902 = EDGE_CURVE ( 'NONE', #504, #1798, #2052, .T. ) ;
#1903 = LINE ( 'NONE', #236, #3126 ) ;
#1904 = DIRECTION ( 'NONE',  ( 2.525070561829413700E-016, 1.000000000000000000, 0.0000000000000000000 ) ) ;
#1905 = ADVANCED_FACE ( 'NONE', ( #3916 ), #1154, .T. ) ;
#1906 = VECTOR ( 'NONE', #4670, 39.37007874015748900 ) ;
#1907 = ORIENTED_EDGE ( 'NONE', *, *, #5124, .F. ) ;
#1908 = CARTESIAN_POINT ( 'NONE',  ( 0.0000000000000000000, 0.1999999999999999800, 0.1053149606299212400 ) ) ;
#1909 = ADVANCED_FACE ( 'NONE', ( #2682 ), #1230, .F. ) ;
#1910 = CIRCLE ( 'NONE', #4366, 0.01574803149606296400 ) ;
#1911 = CARTESIAN_POINT ( 'NONE',  ( -0.7420000000000007700, -0.0000000000000000000, -0.3190000000000000100 ) ) ;
#1912 = ORIENTED_EDGE ( 'NONE', *, *, #1510, .T. ) ;
#1913 = ORIENTED_EDGE ( 'NONE', *, *, #1297, .T. ) ;
#1914 = LINE ( 'NONE', #3811, #3606 ) ;
#1915 = ORIENTED_EDGE ( 'NONE', *, *, #4505, .T. ) ;
#1916 =( CONVERSION_BASED_UNIT ( 'INCH', #830 ) LENGTH_UNIT ( ) NAMED_UNIT ( #4041 ) );
#1917 = LINE ( 'NONE', #1464, #5134 ) ;
#1918 = SURFACE_STYLE_FILL_AREA ( #3963 ) ;
#1919 = CARTESIAN_POINT ( 'NONE',  ( 0.7255285573078418300, 0.5645669291338580900, -0.1249999999999999900 ) ) ;
#1920 = VERTEX_POINT ( 'NONE', #4205 ) ;
#1921 = EDGE_CURVE ( 'NONE', #820, #5331, #2620, .T. ) ;
#1922 = EDGE_LOOP ( 'NONE', ( #1880, #2976, #869, #1886 ) ) ;
#1923 = ORIENTED_EDGE ( 'NONE', *, *, #4110, .F. ) ;
#1924 = CARTESIAN_POINT ( 'NONE',  ( -0.6825000000000000000, 0.5999999999999999800, -0.3600000000000003800 ) ) ;
#1925 =( NAMED_UNIT ( * ) PLANE_ANGLE_UNIT ( ) SI_UNIT ( $, .RADIAN. ) );
#1926 = ORIENTED_EDGE ( 'NONE', *, *, #1700, .T. ) ;
#1927 = CARTESIAN_POINT ( 'NONE',  ( 1.031000000000000800, 0.2515788080029213700, -0.09048522344134479800 ) ) ;
#1928 = EDGE_CURVE ( 'NONE', #820, #630, #1979, .T. ) ;
#1929 = CARTESIAN_POINT ( 'NONE',  ( -0.7499999999999997800, 0.03937007874015744500, 0.1250000000000000600 ) ) ;
#1930 = ORIENTED_EDGE ( 'NONE', *, *, #2170, .T. ) ;
#1931 = PRESENTATION_LAYER_ASSIGNMENT (  '', '', ( #3971 ) ) ;
#1932 = DIRECTION ( 'NONE',  ( -1.000000000000000000, 0.0000000000000000000, 0.0000000000000000000 ) ) ;
#1933 = DIRECTION ( 'NONE',  ( 1.000000000000000000, 0.0000000000000000000, 0.0000000000000000000 ) ) ;
#1934 = PLANE ( 'NONE',  #1408 ) ;
#1935 = DIRECTION ( 'NONE',  ( -0.0000000000000000000, 0.0000000000000000000, -1.000000000000000000 ) ) ;
#1936 = VERTEX_POINT ( 'NONE', #22 ) ;
#1937 = ORIENTED_EDGE ( 'NONE', *, *, #118, .T. ) ;
#1938 = AXIS2_PLACEMENT_3D ( 'NONE', #5256, #1044, #2245 ) ;
#1939 = ADVANCED_FACE ( 'NONE', ( #129 ), #2129, .F. ) ;
#1940 = CARTESIAN_POINT ( 'NONE',  ( -0.9197094723085155200, 0.0000000000000000000, 0.01740402468160772600 ) ) ;
#1941 = ORIENTED_EDGE ( 'NONE', *, *, #1473, .F. ) ;
#1942 =( CONVERSION_BASED_UNIT ( 'INCH', #694 ) LENGTH_UNIT ( ) NAMED_UNIT ( #2698 ) );
#1943 = CARTESIAN_POINT ( 'NONE',  ( -0.7342519685039367000, 0.2515788080029213200, 0.09048522344134479800 ) ) ;
#1944 = VECTOR ( 'NONE', #4832, 39.37007874015748100 ) ;
#1945 = ORIENTED_EDGE ( 'NONE', *, *, #2522, .T. ) ;
#1946 = CARTESIAN_POINT ( 'NONE',  ( 0.8449999999999997500, 0.0000000000000000000, 0.3600000000000001000 ) ) ;
#1947 = DIRECTION ( 'NONE',  ( 0.0000000000000000000, 0.0000000000000000000, 1.000000000000000000 ) ) ;
#1948 = CARTESIAN_POINT ( 'NONE',  ( -0.7420000000000007700, -0.02500000000000000100, -0.3190000000000000100 ) ) ;
#1949 = ADVANCED_FACE ( 'NONE', ( #526 ), #3746, .F. ) ;
#1950 = EDGE_CURVE ( 'NONE', #4887, #1762, #2231, .T. ) ;
#1951 = VERTEX_POINT ( 'NONE', #4218 ) ;
#1952 = VECTOR ( 'NONE', #928, 39.37007874015748100 ) ;
#1953 = DIRECTION ( 'NONE',  ( 9.573036100600765300E-020, 1.000000000000000000, 0.0000000000000000000 ) ) ;
#1954 = CARTESIAN_POINT ( 'NONE',  ( 0.6825000000000000000, 0.2787401574803149400, 0.1053149606299211700 ) ) ;
#1955 = FACE_OUTER_BOUND ( 'NONE', #1922, .T. ) ;
#1956 = CARTESIAN_POINT ( 'NONE',  ( 0.7499999999999997800, 0.03937007874015744500, -0.09048522344134479800 ) ) ;
#1957 = ORIENTED_EDGE ( 'NONE', *, *, #4466, .F. ) ;
#1958 = EDGE_CURVE ( 'NONE', #2398, #4944, #2746, .T. ) ;
#1959 = LINE ( 'NONE', #5010, #2925 ) ;
#1960 = LINE ( 'NONE', #2220, #1438 ) ;
#1961 = VERTEX_POINT ( 'NONE', #1272 ) ;
#1962 = ORIENTED_EDGE ( 'NONE', *, *, #2646, .F. ) ;
#1963 = CARTESIAN_POINT ( 'NONE',  ( 0.0000000000000000000, 0.5999999999999999800, 0.2787700759417753300 ) ) ;
#1964 = DIRECTION ( 'NONE',  ( -0.0000000000000000000, -0.0000000000000000000, 1.000000000000000000 ) ) ;
#1965 = FACE_OUTER_BOUND ( 'NONE', #743, .T. ) ;
#1966 = DIRECTION ( 'NONE',  ( 0.0000000000000000000, 0.0000000000000000000, -1.000000000000000000 ) ) ;
#1967 = CARTESIAN_POINT ( 'NONE',  ( -0.1085708163636324000, -0.1506818173096967400, 0.3206299212598426300 ) ) ;
#1968 = EDGE_CURVE ( 'NONE', #3832, #1734, #3340, .T. ) ;
#1969 = SURFACE_SIDE_STYLE ('',( #2845 ) ) ;
#1970 = LINE ( 'NONE', #3361, #1108 ) ;
#1971 = LINE ( 'NONE', #4692, #3331 ) ;
#1972 = DIRECTION ( 'NONE',  ( 1.000000000000000000, 2.525070561829413700E-016, -0.0000000000000000000 ) ) ;
#1973 = CARTESIAN_POINT ( 'NONE',  ( 0.9801201070409663000, 0.0000000000000000000, 0.01740402468160772600 ) ) ;
#1974 = LINE ( 'NONE', #427, #3197 ) ;
#1975 = VECTOR ( 'NONE', #5058, 39.37007874015748100 ) ;
#1976 = CARTESIAN_POINT ( 'NONE',  ( -0.7342519685039367000, 0.1999999999999999800, 0.1053149606299212400 ) ) ;
#1977 = ADVANCED_FACE ( 'NONE', ( #4195 ), #1753, .F. ) ;
#1978 = FACE_OUTER_BOUND ( 'NONE', #4951, .T. ) ;
#1979 = CIRCLE ( 'NONE', #2083, 0.008723411196094932300 ) ;
#1980 = ORIENTED_EDGE ( 'NONE', *, *, #1016, .F. ) ;
#1981 = DIRECTION ( 'NONE',  ( 0.0000000000000000000, 0.0000000000000000000, 1.000000000000000000 ) ) ;
#1982 = VECTOR ( 'NONE', #3667, 39.37007874015748100 ) ;
#1983 = ORIENTED_EDGE ( 'NONE', *, *, #1162, .F. ) ;
#1984 = CARTESIAN_POINT ( 'NONE',  ( 0.6825000000000000000, 0.3349999999999999100, 0.3250000000000000700 ) ) ;
#1985 = VERTEX_POINT ( 'NONE', #3852 ) ;
#1986 = DIRECTION ( 'NONE',  ( -0.0000000000000000000, 0.0000000000000000000, 1.000000000000000000 ) ) ;
#1987 = CARTESIAN_POINT ( 'NONE',  ( -0.6224999999999999400, 0.3349999999999999100, -0.3600000000000003800 ) ) ;
#1988 = COLOUR_RGB ( '',0.9686274509803921600, 0.8784313725490196000, 0.5999999999999999800 ) ;
#1989 = ORIENTED_EDGE ( 'NONE', *, *, #4329, .F. ) ;
#1990 = PLANE ( 'NONE',  #43 ) ;
#1991 = VECTOR ( 'NONE', #811, 39.37007874015748100 ) ;
#1992 = VERTEX_POINT ( 'NONE', #100 ) ;
#1993 = ORIENTED_EDGE ( 'NONE', *, *, #3408, .T. ) ;
#1994 = EDGE_CURVE ( 'NONE', #1772, #4608, #2566, .T. ) ;
#1995 = CARTESIAN_POINT ( 'NONE',  ( -0.8560000000000006500, 0.01574803149606299200, 0.1250000000000002500 ) ) ;
#1996 = EDGE_LOOP ( 'NONE', ( #3417, #3914, #3217, #5262 ) ) ;
#1997 = ADVANCED_FACE ( 'NONE', ( #3792 ), #497, .F. ) ;
#1998 = EDGE_LOOP ( 'NONE', ( #316, #684, #3742, #2027 ) ) ;
#1999 = STYLED_ITEM ( 'NONE', ( #2787 ), #2833 ) ;
#2000 = CARTESIAN_POINT ( 'NONE',  ( -0.7379332539391576500, 0.3420226985401650900, 5.156646950457815800E-018 ) ) ;
#2001 = ORIENTED_EDGE ( 'NONE', *, *, #2839, .F. ) ;
#2002 = CARTESIAN_POINT ( 'NONE',  ( -0.8449999999999997500, 0.03937007874015744500, 0.06927281597899326300 ) ) ;
#2003 = EDGE_CURVE ( 'NONE', #2483, #2306, #1461, .T. ) ;
#2004 = CARTESIAN_POINT ( 'NONE',  ( -0.7499999999999997800, 0.03937007874015744500, 0.1250000000000000600 ) ) ;
#2005 = DIRECTION ( 'NONE',  ( -0.0000000000000000000, -0.0000000000000000000, -1.000000000000000000 ) ) ;
#2006 = DIRECTION ( 'NONE',  ( 0.0000000000000000000, 0.0000000000000000000, 1.000000000000000000 ) ) ;
#2007 = DIRECTION ( 'NONE',  ( -1.000000000000000000, -0.0000000000000000000, -0.0000000000000000000 ) ) ;
#2008 = DIRECTION ( 'NONE',  ( 1.000000000000000000, 0.0000000000000000000, 0.0000000000000000000 ) ) ;
#2009 = AXIS2_PLACEMENT_3D ( 'NONE', #1383, #1866, #3875 ) ;
#2010 = ADVANCED_FACE ( 'NONE', ( #3009 ), #116, .T. ) ;
#2011 = ORIENTED_EDGE ( 'NONE', *, *, #4802, .F. ) ;
#2012 = FACE_OUTER_BOUND ( 'NONE', #2269, .T. ) ;
#2013 = AXIS2_PLACEMENT_3D ( 'NONE', #3033, #2210, #2997 ) ;
#2014 = ORIENTED_EDGE ( 'NONE', *, *, #4978, .F. ) ;
#2015 = CARTESIAN_POINT ( 'NONE',  ( 0.9801201070409663000, 0.0000000000000000000, 0.01740402468160772600 ) ) ;
#2016 = CARTESIAN_POINT ( 'NONE',  ( 0.7499999999999997800, 0.5999999999999999800, 0.1250000000000000600 ) ) ;
#2017 = ORIENTED_EDGE ( 'NONE', *, *, #1634, .T. ) ;
#2018 = DIRECTION ( 'NONE',  ( 1.000000000000000000, -0.0000000000000000000, -0.0000000000000000000 ) ) ;
#2019 = VECTOR ( 'NONE', #5420, 39.37007874015748100 ) ;
#2020 = CIRCLE ( 'NONE', #2993, 0.06871782983251849300 ) ;
#2021 = CARTESIAN_POINT ( 'NONE',  ( 0.7342519685039367000, 0.2515788080029213200, -0.09948246940511164300 ) ) ;
#2022 = VERTEX_POINT ( 'NONE', #926 ) ;
#2023 = ADVANCED_FACE ( 'NONE', ( #2116 ), #3036, .T. ) ;
#2024 = CARTESIAN_POINT ( 'NONE',  ( -0.8449999999999997500, 0.03937007874015744500, 0.09048522344134479800 ) ) ;
#2025 = SURFACE_STYLE_FILL_AREA ( #3407 ) ;
#2026 = EDGE_CURVE ( 'NONE', #1345, #3422, #332, .T. ) ;
#2027 = ORIENTED_EDGE ( 'NONE', *, *, #586, .T. ) ;
#2028 = ORIENTED_EDGE ( 'NONE', *, *, #1263, .F. ) ;
#2029 = DIRECTION ( 'NONE',  ( 1.000000000000000000, 0.0000000000000000000, 0.0000000000000000000 ) ) ;
#2030 = CIRCLE ( 'NONE', #4213, 0.02499999999999993900 ) ;
#2031 = LINE ( 'NONE', #5042, #3319 ) ;
#2032 = EDGE_LOOP ( 'NONE', ( #232, #864, #3650, #3020 ) ) ;
#2033 = DIRECTION ( 'NONE',  ( -0.0000000000000000000, -0.0000000000000000000, -1.000000000000000000 ) ) ;
#2034 = ADVANCED_FACE ( 'NONE', ( #3670 ), #4289, .F. ) ;
#2035 = EDGE_CURVE ( 'NONE', #596, #3299, #802, .T. ) ;
#2036 = VECTOR ( 'NONE', #506, 39.37007874015748100 ) ;
#2037 = AXIS2_PLACEMENT_3D ( 'NONE', #2077, #449, #1732 ) ;
#2038 = CARTESIAN_POINT ( 'NONE',  ( -0.8352129783247008700, 0.5606980962574910100, -0.07500000000000002500 ) ) ;
#2039 = CARTESIAN_POINT ( 'NONE',  ( -0.7342519685039365900, 0.3841299163440908800, 0.0000000000000000000 ) ) ;
#2040 = CIRCLE ( 'NONE', #1306, 0.01574803149606296400 ) ;
#2041 = DIRECTION ( 'NONE',  ( 1.000000000000000000, -2.525070561829413700E-016, -0.0000000000000000000 ) ) ;
#2042 = DIRECTION ( 'NONE',  ( -0.0000000000000000000, -0.0000000000000000000, -1.000000000000000000 ) ) ;
#2043 = EDGE_CURVE ( 'NONE', #4446, #3780, #1914, .T. ) ;
#2044 = CARTESIAN_POINT ( 'NONE',  ( -0.9197094723085155200, 0.0000000000000000000, 0.01740402468160772600 ) ) ;
#2045 = AXIS2_PLACEMENT_3D ( 'NONE', #1146, #258, #646 ) ;
#2046 = LINE ( 'NONE', #972, #794 ) ;
#2047 = VERTEX_POINT ( 'NONE', #1740 ) ;
#2048 = LINE ( 'NONE', #1131, #4660 ) ;
#2049 = ORIENTED_EDGE ( 'NONE', *, *, #3385, .T. ) ;
#2050 = CARTESIAN_POINT ( 'NONE',  ( 0.7104899079217179600, 0.5645669291338583100, -0.1249999999999999900 ) ) ;
#2051 = ORIENTED_EDGE ( 'NONE', *, *, #4354, .F. ) ;
#2052 = LINE ( 'NONE', #2863, #76 ) ;
#2053 = ORIENTED_EDGE ( 'NONE', *, *, #2611, .F. ) ;
#2054 = ADVANCED_FACE ( 'NONE', ( #5330 ), #5114, .F. ) ;
#2055 = FACE_OUTER_BOUND ( 'NONE', #5181, .T. ) ;
#2056 = DIRECTION ( 'NONE',  ( -1.000000000000000000, 2.525070561829413700E-016, 0.0000000000000000000 ) ) ;
#2057 = ORIENTED_EDGE ( 'NONE', *, *, #3735, .T. ) ;
#2058 = CARTESIAN_POINT ( 'NONE',  ( 0.7499999999999997800, -1.365923996832131600E-016, -0.1250000000000000000 ) ) ;
#2059 = EDGE_LOOP ( 'NONE', ( #291, #3553, #2229, #1398 ) ) ;
#2060 = CARTESIAN_POINT ( 'NONE',  ( -0.7420000000000007700, -0.02500000000000000100, -0.3190000000000000100 ) ) ;
#2061 = ORIENTED_EDGE ( 'NONE', *, *, #4216, .F. ) ;
#2062 = CARTESIAN_POINT ( 'NONE',  ( 0.0000000000000000000, 0.3499999999999999800, 0.3600000000000002600 ) ) ;
#2063 = ORIENTED_EDGE ( 'NONE', *, *, #2529, .F. ) ;
#2064 = CARTESIAN_POINT ( 'NONE',  ( -0.6825000000000000000, 0.1999999999999999300, -0.1053149606299212400 ) ) ;
#2065 = EDGE_CURVE ( 'NONE', #4367, #2602, #521, .T. ) ;
#2066 = CARTESIAN_POINT ( 'NONE',  ( 0.8560000000000006500, 0.0000000000000000000, 0.1250000000000002500 ) ) ;
#2067 = ORIENTED_EDGE ( 'NONE', *, *, #4902, .T. ) ;
#2068 = CARTESIAN_POINT ( 'NONE',  ( -0.1085708163636324000, 0.1506818173096967400, -0.3206299212598426300 ) ) ;
#2069 = UNCERTAINTY_MEASURE_WITH_UNIT (LENGTH_MEASURE( 1.000000000000000100E-005 ), #2096, 'distance_accuracy_value', 'NONE');
#2070 = ORIENTED_EDGE ( 'NONE', *, *, #5219, .T. ) ;
#2071 = LINE ( 'NONE', #482, #1352 ) ;
#2072 = CARTESIAN_POINT ( 'NONE',  ( -0.7342519685039367000, -1.365923996832131600E-016, -0.1053149606299212400 ) ) ;
#2073 = EDGE_CURVE ( 'NONE', #5315, #4804, #3272, .T. ) ;
#2074 = SURFACE_SIDE_STYLE ('',( #3179 ) ) ;
#2075 = ORIENTED_EDGE ( 'NONE', *, *, #2588, .F. ) ;
#2076 = AXIS2_PLACEMENT_3D ( 'NONE', #5190, #1004, #3040 ) ;
#2077 = CARTESIAN_POINT ( 'NONE',  ( 0.0000000000000000000, 0.2787401574803149400, 0.0000000000000000000 ) ) ;
#2078 = ORIENTED_EDGE ( 'NONE', *, *, #1756, .F. ) ;
#2079 = EDGE_CURVE ( 'NONE', #4946, #3276, #2740, .T. ) ;
#2080 = CARTESIAN_POINT ( 'NONE',  ( -0.7499999999999996700, 0.5803149606299211600, -0.09948246940511164300 ) ) ;
#2081 = ORIENTED_EDGE ( 'NONE', *, *, #2594, .T. ) ;
#2082 =( LENGTH_UNIT ( ) NAMED_UNIT ( * ) SI_UNIT ( $, .METRE. ) );
#2083 = AXIS2_PLACEMENT_3D ( 'NONE', #3370, #435, #1307 ) ;
#2084 = CARTESIAN_POINT ( 'NONE',  ( -1.031000000000000800, 0.2515788080029213700, -0.09948246940511164300 ) ) ;
#2085 = ADVANCED_FACE ( 'NONE', ( #2440 ), #2982, .T. ) ;
#2086 = AXIS2_PLACEMENT_3D ( 'NONE', #776, #4500, #757 ) ;
#2087 = LENGTH_MEASURE_WITH_UNIT ( LENGTH_MEASURE( 0.02539999999999999900 ), #2968 );
#2088 = ORIENTED_EDGE ( 'NONE', *, *, #3290, .F. ) ;
#2089 = PLANE ( 'NONE',  #1551 ) ;
#2090 = FACE_OUTER_BOUND ( 'NONE', #1827, .T. ) ;
#2091 =( CONVERSION_BASED_UNIT ( 'INCH', #5305 ) LENGTH_UNIT ( ) NAMED_UNIT ( #3519 ) );
#2092 = VERTEX_POINT ( 'NONE', #908 ) ;
#2093 = LINE ( 'NONE', #3856, #240 ) ;
#2094 = ORIENTED_EDGE ( 'NONE', *, *, #1658, .F. ) ;
#2095 = CARTESIAN_POINT ( 'NONE',  ( -0.6825000000000000000, 0.1999999999999999300, 0.1053149606299212400 ) ) ;
#2096 =( CONVERSION_BASED_UNIT ( 'INCH', #2372 ) LENGTH_UNIT ( ) NAMED_UNIT ( #5278 ) );
#2097 = VECTOR ( 'NONE', #3207, 39.37007874015748100 ) ;
#2098 = CARTESIAN_POINT ( 'NONE',  ( 0.7342519685039367000, 0.2515788080029213200, -0.09048522344134479800 ) ) ;
#2099 = VERTEX_POINT ( 'NONE', #4754 ) ;
#2100 = EDGE_CURVE ( 'NONE', #2431, #1260, #2174, .T. ) ;
#2101 = CYLINDRICAL_SURFACE ( 'NONE', #392, 0.06000000000000004600 ) ;
#2102 = FACE_BOUND ( 'NONE', #3181, .T. ) ;
#2103 = DIRECTION ( 'NONE',  ( -1.000000000000000000, -0.0000000000000000000, -0.0000000000000000000 ) ) ;
#2104 = AXIS2_PLACEMENT_3D ( 'NONE', #3305, #2915, #4244 ) ;
#2105 = ADVANCED_FACE ( 'NONE', ( #2299 ), #4357, .T. ) ;
#2106 = CYLINDRICAL_SURFACE ( 'NONE', #4981, 0.03999999999999998000 ) ;
#2107 = DIRECTION ( 'NONE',  ( 0.0000000000000000000, 0.0000000000000000000, 1.000000000000000000 ) ) ;
#2108 = EDGE_CURVE ( 'NONE', #4016, #1617, #4380, .T. ) ;
#2109 = LINE ( 'NONE', #1124, #6 ) ;
#2110 =( GEOMETRIC_REPRESENTATION_CONTEXT ( 3 ) GLOBAL_UNCERTAINTY_ASSIGNED_CONTEXT ( ( #42 ) ) GLOBAL_UNIT_ASSIGNED_CONTEXT ( ( #4375, #689, #3577 ) ) REPRESENTATION_CONTEXT ( 'NONE', 'WORKASPACE' ) );
#2111 = CARTESIAN_POINT ( 'NONE',  ( -0.7499999999999997800, 0.0000000000000000000, -0.1053149606299212400 ) ) ;
#2112 = FILL_AREA_STYLE_COLOUR ( '', #1599 ) ;
#2113 = FACE_OUTER_BOUND ( 'NONE', #92, .T. ) ;
#2114 = DIRECTION ( 'NONE',  ( 0.0000000000000000000, 0.0000000000000000000, -1.000000000000000000 ) ) ;
#2115 = DIRECTION ( 'NONE',  ( 0.0000000000000000000, 0.0000000000000000000, -1.000000000000000000 ) ) ;
#2116 = FACE_OUTER_BOUND ( 'NONE', #4863, .T. ) ;
#2117 = EDGE_LOOP ( 'NONE', ( #4675, #4325, #1815, #3066 ) ) ;
#2118 = DIRECTION ( 'NONE',  ( 0.0000000000000000000, -0.0000000000000000000, -1.000000000000000000 ) ) ;
#2119 = ORIENTED_EDGE ( 'NONE', *, *, #2865, .T. ) ;
#2120 = AXIS2_PLACEMENT_3D ( 'NONE', #561, #2705, #4822 ) ;
#2121 = CARTESIAN_POINT ( 'NONE',  ( 0.0000000000000000000, 0.2787401574803149400, 0.0000000000000000000 ) ) ;
#2122 = ORIENTED_EDGE ( 'NONE', *, *, #4288, .T. ) ;
#2123 = ORIENTED_EDGE ( 'NONE', *, *, #1693, .F. ) ;
#2124 = LINE ( 'NONE', #3247, #1608 ) ;
#2125 =( NAMED_UNIT ( * ) SI_UNIT ( $, .STERADIAN. ) SOLID_ANGLE_UNIT ( ) );
#2126 = ORIENTED_EDGE ( 'NONE', *, *, #3239, .F. ) ;
#2127 = CARTESIAN_POINT ( 'NONE',  ( 0.7104899079217181800, 0.5803149606299212700, -0.1249999999999999900 ) ) ;
#2128 = PLANE ( 'NONE',  #165 ) ;
#2129 = PLANE ( 'NONE',  #2181 ) ;
#2130 = EDGE_CURVE ( 'NONE', #5378, #3848, #3397, .T. ) ;
#2131 = ORIENTED_EDGE ( 'NONE', *, *, #1117, .T. ) ;
#2132 = DIRECTION ( 'NONE',  ( 0.0000000000000000000, 1.000000000000000000, 0.0000000000000000000 ) ) ;
#2133 = DIRECTION ( 'NONE',  ( 2.525070561829413700E-016, -1.000000000000000000, 0.0000000000000000000 ) ) ;
#2134 = DIRECTION ( 'NONE',  ( -1.000000000000000000, 0.0000000000000000000, 0.0000000000000000000 ) ) ;
#2135 = DIRECTION ( 'NONE',  ( 0.0000000000000000000, 0.0000000000000000000, 1.000000000000000000 ) ) ;
#2136 = CARTESIAN_POINT ( 'NONE',  ( 0.9197094723085155200, 0.01574803149606299200, 0.01740402468160772600 ) ) ;
#2137 = EDGE_CURVE ( 'NONE', #5383, #2503, #69, .T. ) ;
#2138 = ORIENTED_EDGE ( 'NONE', *, *, #3855, .T. ) ;
#2139 =( NAMED_UNIT ( * ) PLANE_ANGLE_UNIT ( ) SI_UNIT ( $, .RADIAN. ) );
#2140 = MECHANICAL_DESIGN_GEOMETRIC_PRESENTATION_REPRESENTATION (  '', ( #1222 ), #993 ) ;
#2141 = DIRECTION ( 'NONE',  ( -0.0000000000000000000, -0.0000000000000000000, -1.000000000000000000 ) ) ;
#2142 = CARTESIAN_POINT ( 'NONE',  ( 0.7342519685039365900, 0.2787401574803148900, 0.09948246940511164300 ) ) ;
#2143 = ORIENTED_EDGE ( 'NONE', *, *, #957, .T. ) ;
#2144 = CARTESIAN_POINT ( 'NONE',  ( 0.6181507432773606400, 0.3924603339927483800, -0.1249999999999999900 ) ) ;
#2145 = EDGE_CURVE ( 'NONE', #1763, #3094, #2046, .T. ) ;
#2146 = LINE ( 'NONE', #4499, #1873 ) ;
#2147 = DIRECTION ( 'NONE',  ( -1.000000000000000000, 0.0000000000000000000, 0.0000000000000000000 ) ) ;
#2148 = LINE ( 'NONE', #4222, #2853 ) ;
#2149 =( GEOMETRIC_REPRESENTATION_CONTEXT ( 3 ) GLOBAL_UNCERTAINTY_ASSIGNED_CONTEXT ( ( #1604 ) ) GLOBAL_UNIT_ASSIGNED_CONTEXT ( ( #2323, #1428, #1489 ) ) REPRESENTATION_CONTEXT ( 'NONE', 'WORKASPACE' ) );
#2150 = LINE ( 'NONE', #3059, #166 ) ;
#2151 = ORIENTED_EDGE ( 'NONE', *, *, #3408, .F. ) ;
#2152 = SURFACE_SIDE_STYLE ('',( #1225 ) ) ;
#2153 = VECTOR ( 'NONE', #4768, 39.37007874015748100 ) ;
#2154 = DIRECTION ( 'NONE',  ( 1.000000000000000000, 0.0000000000000000000, 0.0000000000000000000 ) ) ;
#2155 = ORIENTED_EDGE ( 'NONE', *, *, #5147, .T. ) ;
#2156 = FACE_BOUND ( 'NONE', #4785, .T. ) ;
#2157 = CARTESIAN_POINT ( 'NONE',  ( -0.7499999999999997800, -1.365923996832131600E-016, -0.07499999999999999700 ) ) ;
#2158 = VECTOR ( 'NONE', #3840, 39.37007874015748100 ) ;
#2159 = PRESENTATION_STYLE_ASSIGNMENT (( #3883 ) ) ;
#2160 = EDGE_LOOP ( 'NONE', ( #1269, #3715, #175, #2843 ) ) ;
#2161 = ORIENTED_EDGE ( 'NONE', *, *, #5081, .F. ) ;
#2162 = FILL_AREA_STYLE ('',( #3018 ) ) ;
#2163 = UNCERTAINTY_MEASURE_WITH_UNIT (LENGTH_MEASURE( 1.000000000000000100E-005 ), #2658, 'distance_accuracy_value', 'NONE');
#2164 = LINE ( 'NONE', #349, #5246 ) ;
#2165 = EDGE_CURVE ( 'NONE', #2505, #2370, #4848, .T. ) ;
#2166 = ORIENTED_EDGE ( 'NONE', *, *, #180, .T. ) ;
#2167 = DIRECTION ( 'NONE',  ( 0.0000000000000000000, 0.0000000000000000000, -1.000000000000000000 ) ) ;
#2168 = LINE ( 'NONE', #2777, #3901 ) ;
#2169 = CARTESIAN_POINT ( 'NONE',  ( 0.1085708163636324000, -0.1506818173096967400, -0.3206299212598426300 ) ) ;
#2170 = EDGE_CURVE ( 'NONE', #1735, #3476, #1043, .T. ) ;
#2171 = ORIENTED_EDGE ( 'NONE', *, *, #1432, .T. ) ;
#2172 = FACE_OUTER_BOUND ( 'NONE', #3687, .T. ) ;
#2173 = AXIS2_PLACEMENT_3D ( 'NONE', #2285, #3532, #4772 ) ;
#2174 = LINE ( 'NONE', #3100, #4523 ) ;
#2175 = ORIENTED_EDGE ( 'NONE', *, *, #4192, .T. ) ;
#2176 = CARTESIAN_POINT ( 'NONE',  ( -0.7499999999999997800, 0.2787401574803149400, -0.1053149606299212400 ) ) ;
#2177 = EDGE_CURVE ( 'NONE', #1961, #4804, #5387, .T. ) ;
#2178 = ORIENTED_EDGE ( 'NONE', *, *, #1588, .F. ) ;
#2179 =( NAMED_UNIT ( * ) SI_UNIT ( $, .STERADIAN. ) SOLID_ANGLE_UNIT ( ) );
#2180 = VERTEX_POINT ( 'NONE', #132 ) ;
#2181 = AXIS2_PLACEMENT_3D ( 'NONE', #3357, #5427, #3789 ) ;
#2182 = VECTOR ( 'NONE', #771, 39.37007874015748900 ) ;
#2183 = DIRECTION ( 'NONE',  ( 0.0000000000000000000, -0.0000000000000000000, 1.000000000000000000 ) ) ;
#2184 = VERTEX_POINT ( 'NONE', #1416 ) ;
#2185 = VECTOR ( 'NONE', #5123, 39.37007874015748100 ) ;
#2186 = AXIS2_PLACEMENT_3D ( 'NONE', #372, #1667, #826 ) ;
#2187 = ORIENTED_EDGE ( 'NONE', *, *, #4856, .T. ) ;
#2188 = ORIENTED_EDGE ( 'NONE', *, *, #2457, .T. ) ;
#2189 = EDGE_LOOP ( 'NONE', ( #2524, #3658, #892, #2519 ) ) ;
#2190 = CARTESIAN_POINT ( 'NONE',  ( 0.6824999999999998800, 0.3310135300258583200, 0.3250000000000000100 ) ) ;
#2191 = EDGE_CURVE ( 'NONE', #4944, #1036, #4995, .T. ) ;
#2192 = VERTEX_POINT ( 'NONE', #2692 ) ;
#2193 = ORIENTED_EDGE ( 'NONE', *, *, #5346, .F. ) ;
#2194 = CARTESIAN_POINT ( 'NONE',  ( 0.6491676411974713900, 0.2811088787571428000, -0.3176089552907630000 ) ) ;
#2195 = PLANE ( 'NONE',  #4605 ) ;
#2196 = PLANE ( 'NONE',  #2966 ) ;
#2197 = EDGE_LOOP ( 'NONE', ( #4113, #408 ) ) ;
#2198 = DIRECTION ( 'NONE',  ( 2.525070561829413700E-016, 1.000000000000000000, 0.0000000000000000000 ) ) ;
#2199 = VERTEX_POINT ( 'NONE', #2302 ) ;
#2200 = DIRECTION ( 'NONE',  ( 0.0000000000000000000, -1.000000000000000000, -0.0000000000000000000 ) ) ;
#2201 = EDGE_CURVE ( 'NONE', #4122, #1625, #3003, .T. ) ;
#2202 = DIRECTION ( 'NONE',  ( -1.000000000000000000, 9.573036100600765300E-020, 0.0000000000000000000 ) ) ;
#2203 = AXIS2_PLACEMENT_3D ( 'NONE', #4073, #1179, #4518 ) ;
#2204 = ORIENTED_EDGE ( 'NONE', *, *, #3915, .F. ) ;
#2205 =( NAMED_UNIT ( * ) SI_UNIT ( $, .STERADIAN. ) SOLID_ANGLE_UNIT ( ) );
#2206 = VECTOR ( 'NONE', #2272, 39.37007874015748100 ) ;
#2207 = EDGE_CURVE ( 'NONE', #3866, #596, #3678, .T. ) ;
#2208 = VERTEX_POINT ( 'NONE', #185 ) ;
#2209 =( GEOMETRIC_REPRESENTATION_CONTEXT ( 3 ) GLOBAL_UNCERTAINTY_ASSIGNED_CONTEXT ( ( #4985 ) ) GLOBAL_UNIT_ASSIGNED_CONTEXT ( ( #2426, #1195, #1175 ) ) REPRESENTATION_CONTEXT ( 'NONE', 'WORKASPACE' ) );
#2210 = DIRECTION ( 'NONE',  ( 1.000000000000000000, -2.525070561829413700E-016, -0.0000000000000000000 ) ) ;
#2211 = ORIENTED_EDGE ( 'NONE', *, *, #2494, .T. ) ;
#2212 = LINE ( 'NONE', #1311, #703 ) ;
#2213 = LINE ( 'NONE', #147, #3773 ) ;
#2214 = VECTOR ( 'NONE', #4659, 39.37007874015748100 ) ;
#2215 = ORIENTED_EDGE ( 'NONE', *, *, #3239, .T. ) ;
#2216 = DIRECTION ( 'NONE',  ( -0.0000000000000000000, -0.0000000000000000000, -1.000000000000000000 ) ) ;
#2217 = ORIENTED_EDGE ( 'NONE', *, *, #154, .F. ) ;
#2218 = UNCERTAINTY_MEASURE_WITH_UNIT (LENGTH_MEASURE( 1.000000000000000100E-005 ), #4622, 'distance_accuracy_value', 'NONE');
#2219 = EDGE_CURVE ( 'NONE', #598, #5095, #4664, .T. ) ;
#2220 = CARTESIAN_POINT ( 'NONE',  ( -0.8560000000000006500, 0.0000000000000000000, -0.1249999999999997600 ) ) ;
#2221 = VECTOR ( 'NONE', #1602, 39.37007874015748100 ) ;
#2222 = LINE ( 'NONE', #3392, #2612 ) ;
#2223 = DIRECTION ( 'NONE',  ( -1.000000000000000000, -0.0000000000000000000, -0.0000000000000000000 ) ) ;
#2224 =( NAMED_UNIT ( * ) PLANE_ANGLE_UNIT ( ) SI_UNIT ( $, .RADIAN. ) );
#2225 = LINE ( 'NONE', #3505, #1456 ) ;
#2226 = CARTESIAN_POINT ( 'NONE',  ( 0.7499999999999997800, 0.2787401574803148900, -0.09948246940511164300 ) ) ;
#2227 = VECTOR ( 'NONE', #2825, 39.37007874015748100 ) ;
#2228 = DIRECTION ( 'NONE',  ( 1.000000000000000000, -2.525070561829413700E-016, 0.0000000000000000000 ) ) ;
#2229 = ORIENTED_EDGE ( 'NONE', *, *, #3307, .T. ) ;
#2230 = EDGE_CURVE ( 'NONE', #3308, #2714, #4600, .T. ) ;
#2231 = LINE ( 'NONE', #4165, #4928 ) ;
#2232 = ORIENTED_EDGE ( 'NONE', *, *, #4752, .F. ) ;
#2233 = CARTESIAN_POINT ( 'NONE',  ( -1.031000000000000800, 0.2787401574803150000, 0.09948246940511164300 ) ) ;
#2234 = FACE_OUTER_BOUND ( 'NONE', #2910, .T. ) ;
#2235 = ORIENTED_EDGE ( 'NONE', *, *, #2207, .F. ) ;
#2236 = ORIENTED_EDGE ( 'NONE', *, *, #4943, .F. ) ;
#2237 = LINE ( 'NONE', #2390, #19 ) ;
#2238 = ORIENTED_EDGE ( 'NONE', *, *, #278, .T. ) ;
#2239 = CARTESIAN_POINT ( 'NONE',  ( -1.031000000000000800, 0.01574803149606299200, 0.1250000000000000600 ) ) ;
#2240 = EDGE_CURVE ( 'NONE', #1674, #3399, #2379, .T. ) ;
#2241 = FACE_OUTER_BOUND ( 'NONE', #2800, .T. ) ;
#2242 = VECTOR ( 'NONE', #4291, 39.37007874015748100 ) ;
#2243 = DIRECTION ( 'NONE',  ( -0.0000000000000000000, -0.0000000000000000000, -1.000000000000000000 ) ) ;
#2244 = ORIENTED_EDGE ( 'NONE', *, *, #4702, .F. ) ;
#2245 = DIRECTION ( 'NONE',  ( 1.000000000000000000, -5.485638541494506100E-017, 0.0000000000000000000 ) ) ;
#2246 = ORIENTED_EDGE ( 'NONE', *, *, #4049, .T. ) ;
#2247 = PRODUCT_DEFINITION_SHAPE ( 'NONE', 'NONE',  #849 ) ;
#2248 = PLANE ( 'NONE',  #980 ) ;
#2249 = SURFACE_SIDE_STYLE ('',( #3434 ) ) ;
#2250 = EDGE_LOOP ( 'NONE', ( #1642, #3220, #3544, #4415, #4067, #2988, #2204, #4977 ) ) ;
#2251 = PLANE ( 'NONE',  #4308 ) ;
#2252 = CARTESIAN_POINT ( 'NONE',  ( -0.9801201070409663000, 0.01574803149606299200, 0.01740402468160772600 ) ) ;
#2253 = ORIENTED_EDGE ( 'NONE', *, *, #3958, .T. ) ;
#2254 = FILL_AREA_STYLE ('',( #528 ) ) ;
#2255 = EDGE_CURVE ( 'NONE', #4530, #2441, #273, .T. ) ;
#2256 = DIRECTION ( 'NONE',  ( 0.0000000000000000000, -0.0000000000000000000, -1.000000000000000000 ) ) ;
#2257 = ADVANCED_FACE ( 'NONE', ( #4127 ), #1527, .F. ) ;
#2258 = CARTESIAN_POINT ( 'NONE',  ( -1.031000000000000800, 0.2515788080029213700, -0.09048522344134479800 ) ) ;
#2259 = ORIENTED_EDGE ( 'NONE', *, *, #3636, .F. ) ;
#2260 = CARTESIAN_POINT ( 'NONE',  ( -0.7342519685039365900, 0.5803149606299211600, 0.1250000000000000600 ) ) ;
#2261 = LINE ( 'NONE', #5415, #3231 ) ;
#2262 = CARTESIAN_POINT ( 'NONE',  ( -0.9197094723085155200, 0.0000000000000000000, -0.01740402468160772600 ) ) ;
#2263 = EDGE_CURVE ( 'NONE', #806, #1684, #2449, .T. ) ;
#2264 = DIRECTION ( 'NONE',  ( 0.0000000000000000000, 0.0000000000000000000, -1.000000000000000000 ) ) ;
#2265 = PRESENTATION_LAYER_ASSIGNMENT (  '', '', ( #1999 ) ) ;
#2266 = FILL_AREA_STYLE ('',( #3456 ) ) ;
#2267 = VECTOR ( 'NONE', #3156, 39.37007874015748100 ) ;
#2268 = FACE_OUTER_BOUND ( 'NONE', #3148, .T. ) ;
#2269 = EDGE_LOOP ( 'NONE', ( #1337, #4332, #2253, #1888 ) ) ;
#2270 = CARTESIAN_POINT ( 'NONE',  ( 0.6105563093158336000, 0.3967524751484143900, 0.1250000000000000600 ) ) ;
#2271 = EDGE_CURVE ( 'NONE', #4530, #2570, #1778, .T. ) ;
#2272 = DIRECTION ( 'NONE',  ( -1.000000000000000000, -0.0000000000000000000, -0.0000000000000000000 ) ) ;
#2273 = CIRCLE ( 'NONE', #3324, 0.008723411196094932300 ) ;
#2274 = LINE ( 'NONE', #3087, #3437 ) ;
#2275 = VERTEX_POINT ( 'NONE', #4823 ) ;
#2276 = DIRECTION ( 'NONE',  ( 0.0000000000000000000, 1.000000000000000000, 0.0000000000000000000 ) ) ;
#2277 = AXIS2_PLACEMENT_3D ( 'NONE', #1948, #3657, #2452 ) ;
#2278 = VECTOR ( 'NONE', #1268, 39.37007874015748100 ) ;
#2279 = DIRECTION ( 'NONE',  ( -0.0000000000000000000, 0.0000000000000000000, -1.000000000000000000 ) ) ;
#2280 = ORIENTED_EDGE ( 'NONE', *, *, #85, .F. ) ;
#2281 = VERTEX_POINT ( 'NONE', #4842 ) ;
#2282 = DIRECTION ( 'NONE',  ( -0.0000000000000000000, -0.0000000000000000000, -1.000000000000000000 ) ) ;
#2283 = DIRECTION ( 'NONE',  ( -1.000000000000000000, 0.0000000000000000000, -0.0000000000000000000 ) ) ;
#2284 = STYLED_ITEM ( 'NONE', ( #4879 ), #342 ) ;
#2285 = CARTESIAN_POINT ( 'NONE',  ( -0.7379332539391576500, 0.3841299163440908800, 0.0000000000000000000 ) ) ;
#2286 = LINE ( 'NONE', #2291, #3964 ) ;
#2287 = CARTESIAN_POINT ( 'NONE',  ( -0.8386596052609223100, 0.3632409713257485100, -0.3556977476190096300 ) ) ;
#2288 = VERTEX_POINT ( 'NONE', #4104 ) ;
#2289 = CARTESIAN_POINT ( 'NONE',  ( 0.0000000000000000000, 0.0000000000000000000, -0.3600000000000001000 ) ) ;
#2290 = ADVANCED_FACE ( 'NONE', ( #3533 ), #2326, .F. ) ;
#2291 = CARTESIAN_POINT ( 'NONE',  ( -0.8560000000000006500, 0.01574803149606299200, 0.1250000000000002500 ) ) ;
#2292 = ADVANCED_FACE ( 'NONE', ( #919 ), #4847, .F. ) ;
#2293 = DIRECTION ( 'NONE',  ( -0.0000000000000000000, -0.0000000000000000000, -1.000000000000000000 ) ) ;
#2294 = VECTOR ( 'NONE', #1728, 39.37007874015748100 ) ;
#2295 = DIRECTION ( 'NONE',  ( -0.0000000000000000000, 0.0000000000000000000, -1.000000000000000000 ) ) ;
#2296 = CARTESIAN_POINT ( 'NONE',  ( -0.9197094723085155200, 0.0000000000000000000, 0.01740402468160772600 ) ) ;
#2297 = DIMENSIONAL_EXPONENTS ( 1.000000000000000000, 0.0000000000000000000, 0.0000000000000000000, 0.0000000000000000000, 0.0000000000000000000, 0.0000000000000000000, 0.0000000000000000000 ) ;
#2298 = EDGE_CURVE ( 'NONE', #3937, #1245, #979, .T. ) ;
#2299 = FACE_OUTER_BOUND ( 'NONE', #52, .T. ) ;
#2300 = DIRECTION ( 'NONE',  ( 0.01745240643727697500, -0.9998476951563912700, 0.0000000000000000000 ) ) ;
#2301 = ORIENTED_EDGE ( 'NONE', *, *, #4902, .F. ) ;
#2302 = CARTESIAN_POINT ( 'NONE',  ( 0.7104899079217179600, 0.5645669291338583100, -0.1249999999999999900 ) ) ;
#2303 = EDGE_LOOP ( 'NONE', ( #4219, #4667, #1993, #245, #5389, #4740, #4532, #5388, #2215, #3629, #584, #4557, #2927, #3080 ) ) ;
#2304 = DIRECTION ( 'NONE',  ( 0.0000000000000000000, 0.0000000000000000000, 1.000000000000000000 ) ) ;
#2305 = ORIENTED_EDGE ( 'NONE', *, *, #3713, .F. ) ;
#2306 = VERTEX_POINT ( 'NONE', #3700 ) ;
#2307 = FACE_OUTER_BOUND ( 'NONE', #4025, .T. ) ;
#2308 = DIRECTION ( 'NONE',  ( -1.000000000000000000, 0.0000000000000000000, 0.0000000000000000000 ) ) ;
#2309 = EDGE_CURVE ( 'NONE', #1633, #3619, #3740, .T. ) ;
#2310 = EDGE_LOOP ( 'NONE', ( #746, #1235, #297, #1675 ) ) ;
#2311 = CARTESIAN_POINT ( 'NONE',  ( 0.6094273320812657600, 0.2482104724122009000, 0.1250000000000000600 ) ) ;
#2312 = CARTESIAN_POINT ( 'NONE',  ( -0.6824999999999998800, 0.3310135300258583200, 0.3250000000000000100 ) ) ;
#2313 = AXIS2_PLACEMENT_3D ( 'NONE', #2262, #585, #2327 ) ;
#2314 = ORIENTED_EDGE ( 'NONE', *, *, #1777, .T. ) ;
#2315 = CARTESIAN_POINT ( 'NONE',  ( -1.031000000000000600, 0.0000000000000000000, -0.1249999999999997600 ) ) ;
#2316 = EDGE_LOOP ( 'NONE', ( #4794, #1281, #4700, #140 ) ) ;
#2317 = DIRECTION ( 'NONE',  ( 1.000000000000000000, 9.573036100600765300E-020, 0.0000000000000000000 ) ) ;
#2318 = CARTESIAN_POINT ( 'NONE',  ( 0.8449999999999997500, 0.0000000000000000000, 0.06927281597899326300 ) ) ;
#2319 = EDGE_CURVE ( 'NONE', #3406, #460, #5002, .T. ) ;
#2320 = ADVANCED_FACE ( 'NONE', ( #131 ), #3230, .T. ) ;
#2321 = SURFACE_STYLE_USAGE ( .BOTH. , #3119 ) ;
#2322 = AXIS2_PLACEMENT_3D ( 'NONE', #5376, #2042, #2850 ) ;
#2323 =( CONVERSION_BASED_UNIT ( 'INCH', #3893 ) LENGTH_UNIT ( ) NAMED_UNIT ( #704 ) );
#2324 = ORIENTED_EDGE ( 'NONE', *, *, #3699, .F. ) ;
#2325 = ADVANCED_FACE ( 'NONE', ( #3202 ), #3462, .F. ) ;
#2326 = PLANE ( 'NONE',  #3666 ) ;
#2327 = DIRECTION ( 'NONE',  ( 1.000000000000000000, 0.0000000000000000000, 0.0000000000000000000 ) ) ;
#2328 = DIRECTION ( 'NONE',  ( 0.0000000000000000000, 1.000000000000000000, 1.224955720424438600E-016 ) ) ;
#2329 = DIRECTION ( 'NONE',  ( -0.0000000000000000000, -0.0000000000000000000, 1.000000000000000000 ) ) ;
#2330 = VERTEX_POINT ( 'NONE', #4653 ) ;
#2331 = DIMENSIONAL_EXPONENTS ( 1.000000000000000000, 0.0000000000000000000, 0.0000000000000000000, 0.0000000000000000000, 0.0000000000000000000, 0.0000000000000000000, 0.0000000000000000000 ) ;
#2332 = CARTESIAN_POINT ( 'NONE',  ( 0.1085708163636324000, 0.0000000000000000000, -0.3206299212598426300 ) ) ;
#2333 = DIRECTION ( 'NONE',  ( 1.000000000000000000, -2.525070561829413700E-016, -0.0000000000000000000 ) ) ;
#2334 = CARTESIAN_POINT ( 'NONE',  ( -0.7499999999999997800, 0.5999999999999999800, 0.1250000000000000600 ) ) ;
#2335 = LINE ( 'NONE', #3618, #300 ) ;
#2336 = EDGE_CURVE ( 'NONE', #4735, #3276, #2453, .T. ) ;
#2337 = CARTESIAN_POINT ( 'NONE',  ( -0.7499999999999996700, 0.3267109829751011500, 0.0000000000000000000 ) ) ;
#2339 = CARTESIAN_POINT ( 'NONE',  ( 1.031000000000000800, 0.2787401574803150000, 0.1250000000000000600 ) ) ;
#2338 = FACE_OUTER_BOUND ( 'NONE', #5004, .T. ) ;
#2340 = VECTOR ( 'NONE', #2202, 39.37007874015748100 ) ;
#2341 = EDGE_LOOP ( 'NONE', ( #4829, #779, #3042, #790, #944 ) ) ;
#2342 = CARTESIAN_POINT ( 'NONE',  ( 1.368721538571910700, 0.1149999999999998400, -0.1250000000000000000 ) ) ;
#2343 = EDGE_CURVE ( 'NONE', #1611, #598, #1787, .T. ) ;
#2344 = PLANE ( 'NONE',  #1415 ) ;
#2345 = LINE ( 'NONE', #4689, #1952 ) ;
#2346 = DIRECTION ( 'NONE',  ( 0.0000000000000000000, -1.000000000000000000, 0.0000000000000000000 ) ) ;
#2347 = LINE ( 'NONE', #1548, #1238 ) ;
#2348 = CARTESIAN_POINT ( 'NONE',  ( 0.1085708163636324000, 0.1506818173096967400, 0.3206299212598426300 ) ) ;
#2349 = CARTESIAN_POINT ( 'NONE',  ( -0.7420000000000007700, -0.0000000000000000000, -0.3190000000000000100 ) ) ;
#2350 = CIRCLE ( 'NONE', #2788, 0.02362204724409448100 ) ;
#2351 = CARTESIAN_POINT ( 'NONE',  ( -0.7736220472440942200, 0.01574803149606295400, -0.06927281597899327700 ) ) ;
#2352 = ORIENTED_EDGE ( 'NONE', *, *, #650, .T. ) ;
#2353 = ADVANCED_FACE ( 'NONE', ( #2623 ), #3067, .T. ) ;
#2354 = EDGE_CURVE ( 'NONE', #3778, #531, #2940, .T. ) ;
#2355 = LINE ( 'NONE', #4953, #2097 ) ;
#2356 = MECHANICAL_DESIGN_GEOMETRIC_PRESENTATION_REPRESENTATION (  '', ( #998 ), #5239 ) ;
#2357 = DIRECTION ( 'NONE',  ( -1.000000000000000000, 9.573036100600765300E-020, 0.0000000000000000000 ) ) ;
#2358 = DIRECTION ( 'NONE',  ( 1.000000000000000000, 0.0000000000000000000, 0.0000000000000000000 ) ) ;
#2359 = VERTEX_POINT ( 'NONE', #5015 ) ;
#2360 = VECTOR ( 'NONE', #3005, 39.37007874015748100 ) ;
#2361 = DIRECTION ( 'NONE',  ( -1.000000000000000000, -2.525070561829413700E-016, 0.0000000000000000000 ) ) ;
#2362 = CARTESIAN_POINT ( 'NONE',  ( 0.7255285573078418300, 0.5803149606299211600, -0.1249999999999999900 ) ) ;
#2363 = ADVANCED_FACE ( 'NONE', ( #2307 ), #1336, .T. ) ;
#2364 = VECTOR ( 'NONE', #3158, 39.37007874015748100 ) ;
#2365 =( NAMED_UNIT ( * ) PLANE_ANGLE_UNIT ( ) SI_UNIT ( $, .RADIAN. ) );
#2366 = DIRECTION ( 'NONE',  ( 1.000000000000000000, 0.0000000000000000000, -0.0000000000000000000 ) ) ;
#2367 = ORIENTED_EDGE ( 'NONE', *, *, #2859, .T. ) ;
#2368 = CARTESIAN_POINT ( 'NONE',  ( -0.6383826951618816200, 0.2766164923377561500, 0.3163142160660019600 ) ) ;
#2369 = LINE ( 'NONE', #3647, #8 ) ;
#2370 = VERTEX_POINT ( 'NONE', #2972 ) ;
#2371 = VECTOR ( 'NONE', #247, 39.37007874015748100 ) ;
#2372 = LENGTH_MEASURE_WITH_UNIT ( LENGTH_MEASURE( 0.02539999999999999900 ), #2481 );
#2373 = ORIENTED_EDGE ( 'NONE', *, *, #3277, .T. ) ;
#2374 =( NAMED_UNIT ( * ) PLANE_ANGLE_UNIT ( ) SI_UNIT ( $, .RADIAN. ) );
#2375 =( NAMED_UNIT ( * ) PLANE_ANGLE_UNIT ( ) SI_UNIT ( $, .RADIAN. ) );
#2376 = ORIENTED_EDGE ( 'NONE', *, *, #2487, .F. ) ;
#2377 = EDGE_CURVE ( 'NONE', #3471, #3960, #2748, .T. ) ;
#2378 = DIRECTION ( 'NONE',  ( 1.000000000000000000, 0.0000000000000000000, -0.0000000000000000000 ) ) ;
#2379 = LINE ( 'NONE', #1640, #4458 ) ;
#2380 = ORIENTED_EDGE ( 'NONE', *, *, #3727, .T. ) ;
#2381 = ORIENTED_EDGE ( 'NONE', *, *, #939, .T. ) ;
#2382 = ADVANCED_FACE ( 'NONE', ( #2234 ), #1673, .F. ) ;
#2383 = CARTESIAN_POINT ( 'NONE',  ( 0.7499999999999997800, 0.2515788080029213200, 0.09948246940511164300 ) ) ;
#2384 = EDGE_LOOP ( 'NONE', ( #714, #3894, #3409, #4526 ) ) ;
#2385 =( NAMED_UNIT ( * ) SI_UNIT ( $, .STERADIAN. ) SOLID_ANGLE_UNIT ( ) );
#2386 = EDGE_LOOP ( 'NONE', ( #4135, #2956, #2367, #1549, #4452, #4022 ) ) ;
#2387 = DIRECTION ( 'NONE',  ( 0.0000000000000000000, 0.0000000000000000000, -1.000000000000000000 ) ) ;
#2388 = EDGE_CURVE ( 'NONE', #2939, #870, #4198, .T. ) ;
#2389 = LINE ( 'NONE', #4771, #5208 ) ;
#2390 = CARTESIAN_POINT ( 'NONE',  ( 0.0000000000000000000, 0.5999999999999999800, 0.2787700759417753300 ) ) ;
#2391 = ORIENTED_EDGE ( 'NONE', *, *, #2429, .F. ) ;
#2392 = CARTESIAN_POINT ( 'NONE',  ( -0.6794061619119110600, 0.3155805016815091400, 0.3240884528806136100 ) ) ;
#2393 = CARTESIAN_POINT ( 'NONE',  ( 0.6825000000000000000, 0.2787401574803149400, 0.1053149606299211700 ) ) ;
#2394 = CARTESIAN_POINT ( 'NONE',  ( 1.031000000000000800, 0.2515788080029213700, -0.09948246940511164300 ) ) ;
#2395 = ADVANCED_FACE ( 'NONE', ( #1534 ), #4618, .F. ) ;
#2396 = SURFACE_SIDE_STYLE ('',( #3575 ) ) ;
#2397 = CARTESIAN_POINT ( 'NONE',  ( 0.1085708163636324000, -0.1506818173096967400, -0.3600000000000001000 ) ) ;
#2398 = VERTEX_POINT ( 'NONE', #4228 ) ;
#2399 = STYLED_ITEM ( 'NONE', ( #1163 ), #4390 ) ;
#2400 = CARTESIAN_POINT ( 'NONE',  ( -0.7499999999999996700, 0.4415488497130805600, 7.031791296078844400E-018 ) ) ;
#2401 = CARTESIAN_POINT ( 'NONE',  ( 0.7499999999999997800, 8.308786758271078200E-020, -0.07499999999999999700 ) ) ;
#2402 = ORIENTED_EDGE ( 'NONE', *, *, #4684, .F. ) ;
#2403 = CARTESIAN_POINT ( 'NONE',  ( -0.8560000000000006500, 0.01574803149606299200, 0.1250000000000002500 ) ) ;
#2404 = VECTOR ( 'NONE', #813, 39.37007874015748100 ) ;
#2405 = PLANE ( 'NONE',  #3095 ) ;
#2406 = CARTESIAN_POINT ( 'NONE',  ( -0.1085708163636324000, -0.1506818173096967400, -0.3206299212598426300 ) ) ;
#2407 = ADVANCED_FACE ( 'NONE', ( #1204 ), #2089, .F. ) ;
#2408 = PLANE ( 'NONE',  #4838 ) ;
#2409 = LINE ( 'NONE', #352, #2974 ) ;
#2410 = SPHERICAL_SURFACE ( 'NONE', #3896, 0.05905511811023624000 ) ;
#2411 = EDGE_CURVE ( 'NONE', #2441, #1684, #5396, .T. ) ;
#2412 = ORIENTED_EDGE ( 'NONE', *, *, #5381, .F. ) ;
#2413 = DIRECTION ( 'NONE',  ( 0.0000000000000000000, 0.0000000000000000000, 1.000000000000000000 ) ) ;
#2414 = CARTESIAN_POINT ( 'NONE',  ( 0.6825000000000000000, 0.3500000000000000300, -0.3600000000000003800 ) ) ;
#2415 = VECTOR ( 'NONE', #819, 39.37007874015748100 ) ;
#2416 = DIRECTION ( 'NONE',  ( -2.525070561829413700E-016, 1.000000000000000000, 0.0000000000000000000 ) ) ;
#2417 = ORIENTED_EDGE ( 'NONE', *, *, #331, .T. ) ;
#2418 = DIRECTION ( 'NONE',  ( 0.0000000000000000000, -1.000000000000000000, 0.0000000000000000000 ) ) ;
#2419 = ADVANCED_FACE ( 'NONE', ( #2055 ), #406, .F. ) ;
#2420 = EDGE_CURVE ( 'NONE', #347, #2819, #3283, .T. ) ;
#2421 = VECTOR ( 'NONE', #1986, 39.37007874015748100 ) ;
#2422 = VECTOR ( 'NONE', #63, 39.37007874015748100 ) ;
#2423 = ORIENTED_EDGE ( 'NONE', *, *, #4237, .T. ) ;
#2424 = EDGE_LOOP ( 'NONE', ( #1779, #89, #3312, #4061 ) ) ;
#2425 = CARTESIAN_POINT ( 'NONE',  ( -0.6591045509426244300, 0.2872988369956139800, -0.3192411867423511400 ) ) ;
#2426 =( CONVERSION_BASED_UNIT ( 'INCH', #1198 ) LENGTH_UNIT ( ) NAMED_UNIT ( #4161 ) );
#2427 = CIRCLE ( 'NONE', #4672, 0.008723411196094932300 ) ;
#2428 = CARTESIAN_POINT ( 'NONE',  ( 0.6105563093158336000, 0.3967524751484143900, 0.1250000000000000600 ) ) ;
#2429 = EDGE_CURVE ( 'NONE', #3796, #1264, #403, .T. ) ;
#2430 = PLANE ( 'NONE',  #1041 ) ;
#2431 = VERTEX_POINT ( 'NONE', #3817 ) ;
#2432 = AXIS2_PLACEMENT_3D ( 'NONE', #4685, #2183, #3019 ) ;
#2433 = LINE ( 'NONE', #4654, #3262 ) ;
#2434 = DIRECTION ( 'NONE',  ( -9.573036100600765300E-020, 1.000000000000000000, 0.0000000000000000000 ) ) ;
#2435 = ORIENTED_EDGE ( 'NONE', *, *, #5054, .F. ) ;
#2436 = ADVANCED_FACE ( 'NONE', ( #3609 ), #204, .T. ) ;
#2437 = CARTESIAN_POINT ( 'NONE',  ( 0.7342519685039365900, 0.5558435179377632100, 0.1250000000000000600 ) ) ;
#2438 = PRESENTATION_LAYER_ASSIGNMENT (  '', '', ( #4889 ) ) ;
#2439 = VECTOR ( 'NONE', #1644, 39.37007874015748100 ) ;
#2440 = FACE_OUTER_BOUND ( 'NONE', #685, .T. ) ;
#2441 = VERTEX_POINT ( 'NONE', #3134 ) ;
#2442 = DIRECTION ( 'NONE',  ( -0.0000000000000000000, -0.0000000000000000000, -1.000000000000000000 ) ) ;
#2443 = VECTOR ( 'NONE', #2841, 39.37007874015748100 ) ;
#2444 = ORIENTED_EDGE ( 'NONE', *, *, #2191, .F. ) ;
#2445 = SURFACE_SIDE_STYLE ('',( #4331 ) ) ;
#2446 = ORIENTED_EDGE ( 'NONE', *, *, #1860, .F. ) ;
#2447 = CARTESIAN_POINT ( 'NONE',  ( -0.8352129783247008700, 0.5606980962574910100, 0.2915400385671660400 ) ) ;
#2448 = EDGE_CURVE ( 'NONE', #1538, #927, #3141, .T. ) ;
#2449 = LINE ( 'NONE', #648, #1665 ) ;
#2450 = EDGE_LOOP ( 'NONE', ( #2122, #1781, #5028, #4156 ) ) ;
#2451 = PLANE ( 'NONE',  #1278 ) ;
#2452 = DIRECTION ( 'NONE',  ( 0.0000000000000000000, 0.0000000000000000000, 1.000000000000000000 ) ) ;
#2453 = LINE ( 'NONE', #2534, #5334 ) ;
#2454 = VERTEX_POINT ( 'NONE', #915 ) ;
#2455 = ORIENTED_EDGE ( 'NONE', *, *, #3705, .T. ) ;
#2456 = VERTEX_POINT ( 'NONE', #3846 ) ;
#2457 = EDGE_CURVE ( 'NONE', #260, #3316, #4598, .T. ) ;
#2458 = CARTESIAN_POINT ( 'NONE',  ( 0.9197094723085155200, 0.0000000000000000000, -0.01740402468160772600 ) ) ;
#2459 = ORIENTED_EDGE ( 'NONE', *, *, #3385, .F. ) ;
#2460 = ORIENTED_EDGE ( 'NONE', *, *, #3772, .F. ) ;
#2461 = DIRECTION ( 'NONE',  ( 0.0000000000000000000, 1.000000000000000000, 0.0000000000000000000 ) ) ;
#2462 = VERTEX_POINT ( 'NONE', #2677 ) ;
#2463 = CARTESIAN_POINT ( 'NONE',  ( -0.6491676411974713900, 0.2811088787571428000, -0.3176089552907630000 ) ) ;
#2464 = EDGE_CURVE ( 'NONE', #341, #870, #2507, .T. ) ;
#2465 = DIRECTION ( 'NONE',  ( 0.0000000000000000000, -1.000000000000000000, 0.0000000000000000000 ) ) ;
#2466 = DIRECTION ( 'NONE',  ( 0.0000000000000000000, -1.000000000000000000, -1.224955720424438600E-016 ) ) ;
#2467 = ORIENTED_EDGE ( 'NONE', *, *, #368, .F. ) ;
#2468 = CARTESIAN_POINT ( 'NONE',  ( 0.6825000000000000000, -0.07031181106330226800, 0.1053149606299211700 ) ) ;
#2469 = DIRECTION ( 'NONE',  ( 1.000000000000000000, -2.525070561829413700E-016, -0.0000000000000000000 ) ) ;
#2470 = AXIS2_PLACEMENT_3D ( 'NONE', #1485, #4777, #2702 ) ;
#2471 = VERTEX_POINT ( 'NONE', #1441 ) ;
#2472 = UNCERTAINTY_MEASURE_WITH_UNIT (LENGTH_MEASURE( 1.000000000000000100E-005 ), #117, 'distance_accuracy_value', 'NONE');
#2473 = DIRECTION ( 'NONE',  ( 0.0000000000000000000, 0.9510565162951555300, -0.3090169943749416200 ) ) ;
#2474 = FACE_OUTER_BOUND ( 'NONE', #201, .T. ) ;
#2475 = EDGE_CURVE ( 'NONE', #1633, #139, #1917, .T. ) ;
#2476 = FILL_AREA_STYLE_COLOUR ( '', #2539 ) ;
#2477 = DIRECTION ( 'NONE',  ( -1.000000000000000000, 0.0000000000000000000, 0.0000000000000000000 ) ) ;
#2478 = CIRCLE ( 'NONE', #2277, 0.02499999999999997400 ) ;
#2479 = DIRECTION ( 'NONE',  ( 1.000000000000000000, 0.0000000000000000000, -0.0000000000000000000 ) ) ;
#2480 = ORIENTED_EDGE ( 'NONE', *, *, #2839, .T. ) ;
#2481 =( LENGTH_UNIT ( ) NAMED_UNIT ( * ) SI_UNIT ( $, .METRE. ) );
#2482 = CARTESIAN_POINT ( 'NONE',  ( -0.7499999999999997800, 0.0000000000000000000, 0.07499999999999998300 ) ) ;
#2483 = VERTEX_POINT ( 'NONE', #1059 ) ;
#2484 = LINE ( 'NONE', #5155, #2917 ) ;
#2485 = DIRECTION ( 'NONE',  ( -0.0000000000000000000, -0.0000000000000000000, 1.000000000000000000 ) ) ;
#2486 = VECTOR ( 'NONE', #2666, 39.37007874015748100 ) ;
#2487 = EDGE_CURVE ( 'NONE', #1633, #1575, #860, .T. ) ;
#2488 = ORIENTED_EDGE ( 'NONE', *, *, #932, .T. ) ;
#2489 = CARTESIAN_POINT ( 'NONE',  ( -0.6825000000000000000, 0.0000000000000000000, -0.1053149606299212400 ) ) ;
#2490 = CIRCLE ( 'NONE', #3225, 0.06000000000000004600 ) ;
#2491 = CIRCLE ( 'NONE', #5348, 0.2000000000000000900 ) ;
#2492 = ADVANCED_FACE ( 'NONE', ( #1668 ), #4786, .F. ) ;
#2493 = ORIENTED_EDGE ( 'NONE', *, *, #3802, .T. ) ;
#2494 = EDGE_CURVE ( 'NONE', #1649, #4459, #3672, .T. ) ;
#2495 = LINE ( 'NONE', #913, #2036 ) ;
#2496 = PRESENTATION_LAYER_ASSIGNMENT (  '', '', ( #698 ) ) ;
#2497 = CARTESIAN_POINT ( 'NONE',  ( -0.7342519685039365900, 0.3154120865115723800, 0.0000000000000000000 ) ) ;
#2498 = CARTESIAN_POINT ( 'NONE',  ( 0.7736220472440942200, 0.03937007874015744500, -0.06927281597899327700 ) ) ;
#2499 = DIRECTION ( 'NONE',  ( -1.000000000000000000, 9.573036100600765300E-020, 0.0000000000000000000 ) ) ;
#2500 = SURFACE_STYLE_FILL_AREA ( #151 ) ;
#2501 = DIRECTION ( 'NONE',  ( 1.000000000000000000, 0.0000000000000000000, 0.0000000000000000000 ) ) ;
#2502 = AXIS2_PLACEMENT_3D ( 'NONE', #3555, #3065, #4391 ) ;
#2503 = VERTEX_POINT ( 'NONE', #5309 ) ;
#2504 = LINE ( 'NONE', #2401, #1390 ) ;
#2505 = VERTEX_POINT ( 'NONE', #2755 ) ;
#2506 = ORIENTED_EDGE ( 'NONE', *, *, #4727, .T. ) ;
#2507 = LINE ( 'NONE', #5215, #2883 ) ;
#2508 = CARTESIAN_POINT ( 'NONE',  ( -0.8449999999999997500, -1.404950396741621800E-016, -0.3600000000000003800 ) ) ;
#2509 = ORIENTED_EDGE ( 'NONE', *, *, #3559, .T. ) ;
#2510 = CARTESIAN_POINT ( 'NONE',  ( 0.7499999999999996700, 0.5558435179377632100, -0.1249999999999999900 ) ) ;
#2511 = VERTEX_POINT ( 'NONE', #3972 ) ;
#2512 = LINE ( 'NONE', #755, #867 ) ;
#2513 =( NAMED_UNIT ( * ) SI_UNIT ( $, .STERADIAN. ) SOLID_ANGLE_UNIT ( ) );
#2514 = ORIENTED_EDGE ( 'NONE', *, *, #4625, .F. ) ;
#2515 = EDGE_CURVE ( 'NONE', #1216, #3796, #4930, .T. ) ;
#2516 = ADVANCED_FACE ( 'NONE', ( #1465 ), #4404, .T. ) ;
#2517 = ORIENTED_EDGE ( 'NONE', *, *, #1219, .F. ) ;
#2518 = CARTESIAN_POINT ( 'NONE',  ( 0.0000000000000000000, 0.2787401574803149400, 0.0000000000000000000 ) ) ;
#2519 = ORIENTED_EDGE ( 'NONE', *, *, #3881, .T. ) ;
#2520 = VECTOR ( 'NONE', #2604, 39.37007874015748100 ) ;
#2521 = DIRECTION ( 'NONE',  ( -0.0000000000000000000, -1.000000000000000000, -8.537024980200824800E-016 ) ) ;
#2522 = EDGE_CURVE ( 'NONE', #87, #2092, #3913, .T. ) ;
#2523 = DIRECTION ( 'NONE',  ( 8.673617379884051200E-015, 1.000000000000000000, 0.0000000000000000000 ) ) ;
#2524 = ORIENTED_EDGE ( 'NONE', *, *, #2464, .T. ) ;
#2525 = AXIS2_PLACEMENT_3D ( 'NONE', #2684, #2637, #3046 ) ;
#2526 = DIRECTION ( 'NONE',  ( 0.0000000000000000000, 0.0000000000000000000, 1.000000000000000000 ) ) ;
#2527 = ORIENTED_EDGE ( 'NONE', *, *, #862, .T. ) ;
#2528 = DIRECTION ( 'NONE',  ( 0.0000000000000000000, 0.0000000000000000000, 1.000000000000000000 ) ) ;
#2529 = EDGE_CURVE ( 'NONE', #3832, #2505, #3794, .T. ) ;
#2530 = ORIENTED_EDGE ( 'NONE', *, *, #3023, .T. ) ;
#2531 = CARTESIAN_POINT ( 'NONE',  ( 0.0000000000000000000, 0.2787401574803149400, 0.0000000000000000000 ) ) ;
#2532 = CIRCLE ( 'NONE', #32, 0.03937007874015751400 ) ;
#2533 = PRESENTATION_LAYER_ASSIGNMENT (  '', '', ( #4960 ) ) ;
#2534 = CARTESIAN_POINT ( 'NONE',  ( 0.0000000000000000000, 0.3499999999999999800, 0.3600000000000002600 ) ) ;
#2535 = AXIS2_PLACEMENT_3D ( 'NONE', #3653, #677, #1177 ) ;
#2536 = LINE ( 'NONE', #1636, #1089 ) ;
#2537 = VERTEX_POINT ( 'NONE', #4895 ) ;
#2538 = CARTESIAN_POINT ( 'NONE',  ( 0.6825000000000000000, 0.3349999999999999100, 0.1250000000000000000 ) ) ;
#2540 = CARTESIAN_POINT ( 'NONE',  ( 0.7499999999999997800, 0.5999999999999999800, -0.07499999999999998300 ) ) ;
#2539 = COLOUR_RGB ( '',0.2509803921568627400, 0.2509803921568627400, 0.2509803921568627400 ) ;
#2541 = EDGE_CURVE ( 'NONE', #463, #2208, #461, .T. ) ;
#2542 = ORIENTED_EDGE ( 'NONE', *, *, #2865, .F. ) ;
#2543 = CARTESIAN_POINT ( 'NONE',  ( -0.7420000000000007700, 0.0000000000000000000, -0.3439999999999999200 ) ) ;
#2544 = SURFACE_STYLE_USAGE ( .BOTH. , #2876 ) ;
#2545 = LINE ( 'NONE', #310, #1171 ) ;
#2546 = DIRECTION ( 'NONE',  ( 0.0000000000000000000, 0.0000000000000000000, 1.000000000000000000 ) ) ;
#2547 = CARTESIAN_POINT ( 'NONE',  ( 0.0000000000000000000, 0.0000000000000000000, -0.3206299212598426300 ) ) ;
#2548 = CARTESIAN_POINT ( 'NONE',  ( -0.7499999999999997800, 0.2787401574803149400, 0.1249999999999999900 ) ) ;
#2549 = ORIENTED_EDGE ( 'NONE', *, *, #180, .F. ) ;
#2550 = EDGE_CURVE ( 'NONE', #2431, #5383, #2947, .T. ) ;
#2551 = DIRECTION ( 'NONE',  ( -0.0000000000000000000, 8.537024980200824800E-016, 1.000000000000000000 ) ) ;
#2552 = CARTESIAN_POINT ( 'NONE',  ( 0.7952190705184454300, 0.5599999999999999400, -0.3600000000000003800 ) ) ;
#2553 = AXIS2_PLACEMENT_3D ( 'NONE', #1206, #3659, #4542 ) ;
#2554 = EDGE_LOOP ( 'NONE', ( #1615, #1405, #2639, #2123 ) ) ;
#2555 = COLOUR_RGB ( '',0.9686274509803921600, 0.8784313725490196000, 0.5999999999999999800 ) ;
#2556 = LINE ( 'NONE', #643, #4374 ) ;
#2557 = CARTESIAN_POINT ( 'NONE',  ( 0.7499999999999997800, 0.2787401574803149400, -0.1053149606299211700 ) ) ;
#2558 = EDGE_CURVE ( 'NONE', #4679, #1920, #4463, .T. ) ;
#2559 = ADVANCED_BREP_SHAPE_REPRESENTATION ( '1050', ( #674, #4390, #910, #3530 ), #4770 ) ;
#2560 = FACE_OUTER_BOUND ( 'NONE', #5352, .T. ) ;
#2561 = AXIS2_PLACEMENT_3D ( 'NONE', #568, #3494, #190 ) ;
#2562 = DIRECTION ( 'NONE',  ( 1.000000000000000000, -5.485638541494506100E-017, 0.0000000000000000000 ) ) ;
#2563 = LINE ( 'NONE', #4420, #5328 ) ;
#2564 = DIRECTION ( 'NONE',  ( -1.000000000000000000, 0.0000000000000000000, 0.0000000000000000000 ) ) ;
#2565 = FILL_AREA_STYLE ('',( #4208 ) ) ;
#2566 = LINE ( 'NONE', #65, #1784 ) ;
#2567 = ORIENTED_EDGE ( 'NONE', *, *, #3082, .F. ) ;
#2568 = VECTOR ( 'NONE', #4917, 39.37007874015748100 ) ;
#2569 = CARTESIAN_POINT ( 'NONE',  ( -1.031000000000000800, 0.0000000000000000000, 0.1250000000000000600 ) ) ;
#2570 = VERTEX_POINT ( 'NONE', #3634 ) ;
#2571 = EDGE_CURVE ( 'NONE', #4865, #3464, #3998, .T. ) ;
#2572 = CARTESIAN_POINT ( 'NONE',  ( 0.7499999999999997800, 0.03937007874015744500, 0.1250000000000000600 ) ) ;
#2573 = ORIENTED_EDGE ( 'NONE', *, *, #4684, .T. ) ;
#2574 = VECTOR ( 'NONE', #365, 39.37007874015748100 ) ;
#2575 = ORIENTED_EDGE ( 'NONE', *, *, #3591, .F. ) ;
#2576 = VECTOR ( 'NONE', #4877, 39.37007874015748100 ) ;
#2577 = ORIENTED_EDGE ( 'NONE', *, *, #4950, .T. ) ;
#2578 = ORIENTED_EDGE ( 'NONE', *, *, #3062, .F. ) ;
#2579 = CARTESIAN_POINT ( 'NONE',  ( 1.368721538571910700, 0.1349999999999998100, 0.1249999999999999600 ) ) ;
#2580 = CARTESIAN_POINT ( 'NONE',  ( 0.6891855407090297100, 0.5678840928867638900, -0.1249999999999999900 ) ) ;
#2581 = DIRECTION ( 'NONE',  ( -0.0000000000000000000, 0.0000000000000000000, -1.000000000000000000 ) ) ;
#2582 = DIRECTION ( 'NONE',  ( 0.4920255458767450700, 0.8705807614487531800, 0.0000000000000000000 ) ) ;
#2583 = EDGE_CURVE ( 'NONE', #4760, #1858, #2824, .T. ) ;
#2584 = ORIENTED_EDGE ( 'NONE', *, *, #1782, .F. ) ;
#2585 = DIRECTION ( 'NONE',  ( -1.000000000000000000, 0.0000000000000000000, 0.0000000000000000000 ) ) ;
#2586 = VECTOR ( 'NONE', #5276, 39.37007874015748900 ) ;
#2587 = CARTESIAN_POINT ( 'NONE',  ( -0.1085708163636324000, 0.1506818173096967400, -0.3600000000000001000 ) ) ;
#2588 = EDGE_CURVE ( 'NONE', #630, #87, #3469, .T. ) ;
#2589 = VERTEX_POINT ( 'NONE', #276 ) ;
#2590 = DIRECTION ( 'NONE',  ( 0.0000000000000000000, 1.000000000000000000, 0.0000000000000000000 ) ) ;
#2591 = COLOUR_RGB ( '',0.9686274509803921600, 0.8784313725490196000, 0.5999999999999999800 ) ;
#2592 = ORIENTED_EDGE ( 'NONE', *, *, #1362, .F. ) ;
#2593 = CARTESIAN_POINT ( 'NONE',  ( -0.7342519685039367000, 0.2515788080029213200, -0.09948246940511164300 ) ) ;
#2594 = EDGE_CURVE ( 'NONE', #3476, #582, #2631, .T. ) ;
#2595 = FACE_OUTER_BOUND ( 'NONE', #3363, .T. ) ;
#2596 = LINE ( 'NONE', #1758, #3706 ) ;
#2597 = DIRECTION ( 'NONE',  ( 0.0000000000000000000, 0.0000000000000000000, -1.000000000000000000 ) ) ;
#2598 = ORIENTED_EDGE ( 'NONE', *, *, #1117, .F. ) ;
#2599 = FACE_OUTER_BOUND ( 'NONE', #2657, .T. ) ;
#2600 = VERTEX_POINT ( 'NONE', #2351 ) ;
#2601 = FILL_AREA_STYLE ('',( #5160 ) ) ;
#2602 = VERTEX_POINT ( 'NONE', #699 ) ;
#2603 = DIRECTION ( 'NONE',  ( -1.000000000000000000, 2.525070561829413700E-016, 0.0000000000000000000 ) ) ;
#2604 = DIRECTION ( 'NONE',  ( -1.000000000000000000, 0.0000000000000000000, 0.0000000000000000000 ) ) ;
#2605 = LINE ( 'NONE', #4086, #2421 ) ;
#2606 = EDGE_CURVE ( 'NONE', #3920, #1401, #138, .T. ) ;
#2607 = VERTEX_POINT ( 'NONE', #3584 ) ;
#2608 = CARTESIAN_POINT ( 'NONE',  ( 0.7255285573078418300, 0.5558435179377632100, 0.1250000000000000600 ) ) ;
#2609 = DIRECTION ( 'NONE',  ( 0.0000000000000000000, -1.224955720424438600E-016, 1.000000000000000000 ) ) ;
#2610 = DIRECTION ( 'NONE',  ( 0.0000000000000000000, 0.0000000000000000000, -1.000000000000000000 ) ) ;
#2611 = EDGE_CURVE ( 'NONE', #1345, #3008, #2686, .T. ) ;
#2612 = VECTOR ( 'NONE', #2989, 39.37007874015748100 ) ;
#2613 = AXIS2_PLACEMENT_3D ( 'NONE', #3139, #282, #1063 ) ;
#2614 = UNCERTAINTY_MEASURE_WITH_UNIT (LENGTH_MEASURE( 1.000000000000000100E-005 ), #2091, 'distance_accuracy_value', 'NONE');
#2615 = ORIENTED_EDGE ( 'NONE', *, *, #1958, .T. ) ;
#2616 = EDGE_CURVE ( 'NONE', #1264, #696, #3683, .T. ) ;
#2617 = EDGE_LOOP ( 'NONE', ( #3614, #5390, #4327, #3430 ) ) ;
#2618 = LINE ( 'NONE', #2579, #3007 ) ;
#2619 = STYLED_ITEM ( 'NONE', ( #1532 ), #1949 ) ;
#2620 = LINE ( 'NONE', #4551, #580 ) ;
#2621 = CARTESIAN_POINT ( 'NONE',  ( 0.6224999999999999400, 0.2749999999999998600, 0.3157878402833891900 ) ) ;
#2622 = ORIENTED_EDGE ( 'NONE', *, *, #4082, .T. ) ;
#2623 = FACE_OUTER_BOUND ( 'NONE', #1092, .T. ) ;
#2624 = VECTOR ( 'NONE', #3124, 39.37007874015748100 ) ;
#2625 = DIRECTION ( 'NONE',  ( 0.0000000000000000000, 0.0000000000000000000, -1.000000000000000000 ) ) ;
#2626 = ORIENTED_EDGE ( 'NONE', *, *, #3349, .T. ) ;
#2627 = FILL_AREA_STYLE ('',( #4745 ) ) ;
#2628 = ORIENTED_EDGE ( 'NONE', *, *, #1016, .T. ) ;
#2629 = CARTESIAN_POINT ( 'NONE',  ( 0.7499999999999997800, 0.1999999999999999800, -0.1249999999999999900 ) ) ;
#2630 = VERTEX_POINT ( 'NONE', #3995 ) ;
#2631 = LINE ( 'NONE', #1077, #5203 ) ;
#2632 = DIRECTION ( 'NONE',  ( 0.0000000000000000000, 0.0000000000000000000, -1.000000000000000000 ) ) ;
#2633 =( GEOMETRIC_REPRESENTATION_CONTEXT ( 3 ) GLOBAL_UNCERTAINTY_ASSIGNED_CONTEXT ( ( #1423 ) ) GLOBAL_UNIT_ASSIGNED_CONTEXT ( ( #1386, #1803, #1497 ) ) REPRESENTATION_CONTEXT ( 'NONE', 'WORKASPACE' ) );
#2634 = ORIENTED_EDGE ( 'NONE', *, *, #4970, .T. ) ;
#2635 = FILL_AREA_STYLE_COLOUR ( '', #3258 ) ;
#2636 = VERTEX_POINT ( 'NONE', #4938 ) ;
#2637 = DIRECTION ( 'NONE',  ( -0.0000000000000000000, -0.0000000000000000000, -1.000000000000000000 ) ) ;
#2638 = SURFACE_STYLE_FILL_AREA ( #5128 ) ;
#2639 = ORIENTED_EDGE ( 'NONE', *, *, #4237, .F. ) ;
#2640 = DIRECTION ( 'NONE',  ( 1.000000000000000000, -0.0000000000000000000, 0.0000000000000000000 ) ) ;
#2641 = ORIENTED_EDGE ( 'NONE', *, *, #1189, .F. ) ;
#2642 = EDGE_CURVE ( 'NONE', #4142, #4641, #594, .T. ) ;
#2643 = CARTESIAN_POINT ( 'NONE',  ( 0.6825000000000000000, 0.3349999999999999100, 0.3600000000000001000 ) ) ;
#2644 = DIRECTION ( 'NONE',  ( 0.0000000000000000000, 1.000000000000000000, 0.0000000000000000000 ) ) ;
#2645 = ORIENTED_EDGE ( 'NONE', *, *, #3140, .T. ) ;
#2646 = EDGE_CURVE ( 'NONE', #875, #2456, #3615, .T. ) ;
#2647 = MECHANICAL_DESIGN_GEOMETRIC_PRESENTATION_REPRESENTATION (  '', ( #5230 ), #807 ) ;
#2648 = SURFACE_STYLE_USAGE ( .BOTH. , #3834 ) ;
#2650 = SURFACE_SIDE_STYLE ('',( #3557 ) ) ;
#2649 = LINE ( 'NONE', #3736, #1567 ) ;
#2651 = FACE_BOUND ( 'NONE', #467, .T. ) ;
#2652 = CARTESIAN_POINT ( 'NONE',  ( 0.7499999999999997800, 0.5999999999999999800, 0.07499999999999998300 ) ) ;
#2653 = PLANE ( 'NONE',  #2313 ) ;
#2654 = FACE_OUTER_BOUND ( 'NONE', #4137, .T. ) ;
#2655 = AXIS2_PLACEMENT_3D ( 'NONE', #3644, #4925, #2378 ) ;
#2656 = PLANE ( 'NONE',  #5057 ) ;
#2657 = EDGE_LOOP ( 'NONE', ( #5137, #5105, #321, #3016 ) ) ;
#2658 =( CONVERSION_BASED_UNIT ( 'INCH', #911 ) LENGTH_UNIT ( ) NAMED_UNIT ( #2331 ) );
#2659 = ADVANCED_FACE ( 'NONE', ( #668 ), #2888, .F. ) ;
#2660 = LINE ( 'NONE', #2098, #1437 ) ;
#2661 = ORIENTED_EDGE ( 'NONE', *, *, #3518, .F. ) ;
#2662 = ORIENTED_EDGE ( 'NONE', *, *, #4288, .F. ) ;
#2663 = VECTOR ( 'NONE', #2333, 39.37007874015748100 ) ;
#2664 = CARTESIAN_POINT ( 'NONE',  ( 0.5936793005852026800, 0.3924603339927483800, 0.1250000000000000600 ) ) ;
#2665 = EDGE_CURVE ( 'NONE', #3215, #4865, #2124, .T. ) ;
#2666 = DIRECTION ( 'NONE',  ( 1.000000000000000000, -0.0000000000000000000, -0.0000000000000000000 ) ) ;
#2667 = VECTOR ( 'NONE', #1294, 39.37007874015748100 ) ;
#2668 = DIRECTION ( 'NONE',  ( -0.0000000000000000000, -0.0000000000000000000, 1.000000000000000000 ) ) ;
#2669 = FACE_OUTER_BOUND ( 'NONE', #3948, .T. ) ;
#2670 = DIRECTION ( 'NONE',  ( 1.000000000000000000, -0.0000000000000000000, 0.0000000000000000000 ) ) ;
#2671 = CARTESIAN_POINT ( 'NONE',  ( 0.6224999999999999400, 0.2749999999999998600, 0.3157878402833891900 ) ) ;
#2672 = EDGE_CURVE ( 'NONE', #1875, #5394, #1850, .T. ) ;
#2673 = VECTOR ( 'NONE', #4236, 39.37007874015748100 ) ;
#2674 = ORIENTED_EDGE ( 'NONE', *, *, #3475, .F. ) ;
#2675 = DIRECTION ( 'NONE',  ( 0.0000000000000000000, 1.000000000000000000, 1.224955720424438600E-016 ) ) ;
#2676 = MECHANICAL_DESIGN_GEOMETRIC_PRESENTATION_REPRESENTATION (  '', ( #3282 ), #3166 ) ;
#2677 = CARTESIAN_POINT ( 'NONE',  ( -0.6825000000000000000, 0.2787401574803149400, 0.1249999999999999900 ) ) ;
#2678 = VECTOR ( 'NONE', #1498, 39.37007874015748100 ) ;
#2679 = LENGTH_MEASURE_WITH_UNIT ( LENGTH_MEASURE( 0.02539999999999999900 ), #5299 );
#2680 = ORIENTED_EDGE ( 'NONE', *, *, #2784, .T. ) ;
#2681 = ORIENTED_EDGE ( 'NONE', *, *, #2541, .T. ) ;
#2682 = FACE_OUTER_BOUND ( 'NONE', #4997, .T. ) ;
#2683 = ORIENTED_EDGE ( 'NONE', *, *, #543, .T. ) ;
#2684 = CARTESIAN_POINT ( 'NONE',  ( 0.6181507432773606400, 0.3924603339927483800, -0.1249999999999999900 ) ) ;
#2685 = EDGE_CURVE ( 'NONE', #2330, #4393, #4796, .T. ) ;
#2686 = LINE ( 'NONE', #5288, #2576 ) ;
#2687 = ORIENTED_EDGE ( 'NONE', *, *, #824, .F. ) ;
#2688 = AXIS2_PLACEMENT_3D ( 'NONE', #3850, #3871, #1808 ) ;
#2689 = ORIENTED_EDGE ( 'NONE', *, *, #2996, .F. ) ;
#2690 = ORIENTED_EDGE ( 'NONE', *, *, #2065, .F. ) ;
#2691 = ADVANCED_FACE ( 'NONE', ( #3538 ), #1402, .F. ) ;
#2692 = CARTESIAN_POINT ( 'NONE',  ( 0.7255285573078418300, 0.5803149606299211600, -0.1249999999999999900 ) ) ;
#2693 = DIRECTION ( 'NONE',  ( 0.0000000000000000000, 0.0000000000000000000, 1.000000000000000000 ) ) ;
#2694 = CARTESIAN_POINT ( 'NONE',  ( 0.7104899079217181800, 0.5558435179377633200, -0.1249999999999999900 ) ) ;
#2695 = ORIENTED_EDGE ( 'NONE', *, *, #2515, .F. ) ;
#2696 = ORIENTED_EDGE ( 'NONE', *, *, #5273, .T. ) ;
#2697 = SURFACE_STYLE_USAGE ( .BOTH. , #4730 ) ;
#2698 = DIMENSIONAL_EXPONENTS ( 1.000000000000000000, 0.0000000000000000000, 0.0000000000000000000, 0.0000000000000000000, 0.0000000000000000000, 0.0000000000000000000, 0.0000000000000000000 ) ;
#2699 = DIRECTION ( 'NONE',  ( -0.0000000000000000000, -0.0000000000000000000, -1.000000000000000000 ) ) ;
#2700 = ORIENTED_EDGE ( 'NONE', *, *, #2201, .T. ) ;
#2701 =( NAMED_UNIT ( * ) SI_UNIT ( $, .STERADIAN. ) SOLID_ANGLE_UNIT ( ) );
#2702 = DIRECTION ( 'NONE',  ( 0.0000000000000000000, 0.0000000000000000000, 1.000000000000000000 ) ) ;
#2703 = EDGE_CURVE ( 'NONE', #4944, #3829, #468, .T. ) ;
#2704 = EDGE_LOOP ( 'NONE', ( #3050, #3090, #5400, #2954 ) ) ;
#2705 = DIRECTION ( 'NONE',  ( 1.000000000000000000, -2.525070561829413700E-016, -0.0000000000000000000 ) ) ;
#2706 = LINE ( 'NONE', #3251, #4691 ) ;
#2707 = CARTESIAN_POINT ( 'NONE',  ( 0.7342519685039365900, 0.5558435179377632100, -0.1249999999999999900 ) ) ;
#2708 = EDGE_CURVE ( 'NONE', #666, #1575, #3859, .T. ) ;
#2709 = PRESENTATION_LAYER_ASSIGNMENT (  '', '', ( #3057 ) ) ;
#2710 = CARTESIAN_POINT ( 'NONE',  ( 0.8560000000000006500, 0.0000000000000000000, 0.1250000000000002500 ) ) ;
#2711 = CIRCLE ( 'NONE', #623, 0.05905511811023627500 ) ;
#2712 = TOROIDAL_SURFACE ( 'NONE', #2561, 0.05741893336898971900, 0.01574803149606299200 ) ;
#2713 = CARTESIAN_POINT ( 'NONE',  ( 1.031000000000000800, 0.2515788080029213700, 0.09048522344134479800 ) ) ;
#2714 = VERTEX_POINT ( 'NONE', #2021 ) ;
#2715 = ADVANCED_FACE ( 'NONE', ( #1129 ), #5413, .T. ) ;
#2716 = EDGE_CURVE ( 'NONE', #5401, #2875, #2512, .T. ) ;
#2717 = CYLINDRICAL_SURFACE ( 'NONE', #2322, 0.03937007874015751400 ) ;
#2718 = ORIENTED_EDGE ( 'NONE', *, *, #3524, .F. ) ;
#2719 = DIRECTION ( 'NONE',  ( 1.000000000000000000, 0.0000000000000000000, 0.0000000000000000000 ) ) ;
#2720 =( NAMED_UNIT ( * ) PLANE_ANGLE_UNIT ( ) SI_UNIT ( $, .RADIAN. ) );
#2721 = STYLED_ITEM ( 'NONE', ( #5292 ), #4878 ) ;
#2722 = FACE_OUTER_BOUND ( 'NONE', #4681, .T. ) ;
#2723 = PLANE ( 'NONE',  #814 ) ;
#2724 = ORIENTED_EDGE ( 'NONE', *, *, #4588, .T. ) ;
#2725 = ORIENTED_EDGE ( 'NONE', *, *, #1872, .F. ) ;
#2726 = EDGE_CURVE ( 'NONE', #1211, #2816, #280, .T. ) ;
#2727 = LINE ( 'NONE', #275, #1645 ) ;
#2728 = FACE_OUTER_BOUND ( 'NONE', #880, .T. ) ;
#2729 = CARTESIAN_POINT ( 'NONE',  ( -0.7420000000000007700, 0.0000000000000000000, -0.2940000000000000400 ) ) ;
#2730 = ORIENTED_EDGE ( 'NONE', *, *, #5445, .T. ) ;
#2731 = DIRECTION ( 'NONE',  ( 1.000000000000000000, -0.0000000000000000000, -0.0000000000000000000 ) ) ;
#2732 = DIRECTION ( 'NONE',  ( 0.0000000000000000000, -1.000000000000000000, -8.537024980200824800E-016 ) ) ;
#2733 = CARTESIAN_POINT ( 'NONE',  ( 0.5936793005852026800, 0.3924603339927483800, -0.1249999999999999900 ) ) ;
#2734 = VECTOR ( 'NONE', #692, 39.37007874015748100 ) ;
#2735 = CARTESIAN_POINT ( 'NONE',  ( 0.7342519685039367000, 0.2515788080029213200, 0.09948246940511164300 ) ) ;
#2736 = LENGTH_MEASURE_WITH_UNIT ( LENGTH_MEASURE( 0.02539999999999999900 ), #1752 );
#2737 = CARTESIAN_POINT ( 'NONE',  ( 0.9801201070409663000, 0.01574803149606299200, -0.01740402468160772600 ) ) ;
#2738 = DIRECTION ( 'NONE',  ( 9.573036100600765300E-020, 1.000000000000000000, 0.0000000000000000000 ) ) ;
#2739 = EDGE_CURVE ( 'NONE', #3610, #2505, #2758, .T. ) ;
#2740 = LINE ( 'NONE', #4242, #1906 ) ;
#2741 = VERTEX_POINT ( 'NONE', #5392 ) ;
#2742 = ADVANCED_FACE ( 'NONE', ( #2241 ), #369, .F. ) ;
#2743 = ORIENTED_EDGE ( 'NONE', *, *, #4588, .F. ) ;
#2744 = SURFACE_SIDE_STYLE ('',( #1918 ) ) ;
#2745 = VECTOR ( 'NONE', #5080, 39.37007874015748100 ) ;
#2746 = LINE ( 'NONE', #2080, #4857 ) ;
#2747 = ORIENTED_EDGE ( 'NONE', *, *, #2739, .F. ) ;
#2748 = LINE ( 'NONE', #2572, #3343 ) ;
#2749 = CARTESIAN_POINT ( 'NONE',  ( -0.6825000000000000000, 0.2787401574803149400, -0.1053149606299212400 ) ) ;
#2750 = EDGE_CURVE ( 'NONE', #2454, #5394, #2817, .T. ) ;
#2751 = ORIENTED_EDGE ( 'NONE', *, *, #4435, .F. ) ;
#2752 = DIRECTION ( 'NONE',  ( -0.01659846625565440700, 0.9509254949162524500, 0.3089744229483086800 ) ) ;
#2753 = VERTEX_POINT ( 'NONE', #4147 ) ;
#2754 = PLANE ( 'NONE',  #555 ) ;
#2755 = CARTESIAN_POINT ( 'NONE',  ( -0.7342519685039367000, 0.03937007874015743800, 0.09048522344134479800 ) ) ;
#2756 = ORIENTED_EDGE ( 'NONE', *, *, #1624, .F. ) ;
#2757 = DIRECTION ( 'NONE',  ( 1.000000000000000000, 0.0000000000000000000, 0.0000000000000000000 ) ) ;
#2758 = LINE ( 'NONE', #1197, #4867 ) ;
#2759 = ADVANCED_FACE ( 'NONE', ( #5142 ), #2879, .T. ) ;
#2760 = ORIENTED_EDGE ( 'NONE', *, *, #1614, .T. ) ;
#2761 = VERTEX_POINT ( 'NONE', #25 ) ;
#2762 = PLANE ( 'NONE',  #173 ) ;
#2763 = VECTOR ( 'NONE', #4647, 39.37007874015748100 ) ;
#2764 = ORIENTED_EDGE ( 'NONE', *, *, #2108, .T. ) ;
#2765 = PRESENTATION_STYLE_ASSIGNMENT (( #1896 ) ) ;
#2766 = DIRECTION ( 'NONE',  ( -1.000000000000000000, 0.0000000000000000000, 0.0000000000000000000 ) ) ;
#2767 = DIRECTION ( 'NONE',  ( 0.0000000000000000000, 0.0000000000000000000, 1.000000000000000000 ) ) ;
#2768 = DIRECTION ( 'NONE',  ( 0.0000000000000000000, 0.0000000000000000000, 1.000000000000000000 ) ) ;
#2769 = STYLED_ITEM ( 'NONE', ( #1244 ), #910 ) ;
#2770 = CARTESIAN_POINT ( 'NONE',  ( 0.6748754631180800000, 0.3047055823540918400, -0.3228253420576472400 ) ) ;
#2771 = ORIENTED_EDGE ( 'NONE', *, *, #3030, .F. ) ;
#2772 = PLANE ( 'NONE',  #5308 ) ;
#2773 = CARTESIAN_POINT ( 'NONE',  ( -0.6701957849354629500, 0.2983883399626696700, 0.3216480614868176300 ) ) ;
#2774 = ADVANCED_FACE ( 'NONE', ( #268 ), #36, .T. ) ;
#2775 = ORIENTED_EDGE ( 'NONE', *, *, #5062, .F. ) ;
#2776 = EDGE_CURVE ( 'NONE', #3406, #23, #5431, .T. ) ;
#2777 = CARTESIAN_POINT ( 'NONE',  ( -0.7499999999999997800, -0.07031181106330226800, -0.1053149606299212400 ) ) ;
#2779 = PLANE ( 'NONE',  #5176 ) ;
#2778 = LINE ( 'NONE', #1707, #760 ) ;
#2780 =( BOUNDED_CURVE ( )  B_SPLINE_CURVE ( 3, ( #4438, #1136, #1573, #2447 ),
 .UNSPECIFIED., .F., .F. ) 
 B_SPLINE_CURVE_WITH_KNOTS ( ( 4, 4 ),
 ( 3.141592653589793100, 4.694935687864752800 ),
 .UNSPECIFIED. ) 
 CURVE ( )  GEOMETRIC_REPRESENTATION_ITEM ( )  RATIONAL_B_SPLINE_CURVE ( ( 1.000000000000000000, 0.8088336327694528600, 0.8088336327694528600, 1.000000000000000000 ) ) 
 REPRESENTATION_ITEM ( '' )  );
#2781 = DIRECTION ( 'NONE',  ( 1.000000000000000000, 9.573036100600765300E-020, 0.0000000000000000000 ) ) ;
#2782 = CARTESIAN_POINT ( 'NONE',  ( -0.6224999999999999400, 0.2749999999999998600, 0.3157878402833891900 ) ) ;
#2783 = FACE_OUTER_BOUND ( 'NONE', #1128, .T. ) ;
#2784 = EDGE_CURVE ( 'NONE', #3381, #1345, #4241, .T. ) ;
#2785 = DIRECTION ( 'NONE',  ( -1.000000000000000000, 0.0000000000000000000, 0.0000000000000000000 ) ) ;
#2786 = EDGE_LOOP ( 'NONE', ( #2743, #3707, #662, #5310, #350, #2549, #1070, #4645, #339, #835, #2459, #3273, #3793, #1907 ) ) ;
#2787 = PRESENTATION_STYLE_ASSIGNMENT (( #5030 ) ) ;
#2788 = AXIS2_PLACEMENT_3D ( 'NONE', #1445, #5236, #1038 ) ;
#2789 = SURFACE_STYLE_USAGE ( .BOTH. , #1554 ) ;
#2790 = VECTOR ( 'NONE', #4412, 39.37007874015748100 ) ;
#2791 = DIRECTION ( 'NONE',  ( 0.0000000000000000000, 0.0000000000000000000, 1.000000000000000000 ) ) ;
#2792 = CARTESIAN_POINT ( 'NONE',  ( -0.7342519685039367000, 0.2515788080029213200, 0.09948246940511164300 ) ) ;
#2793 = LINE ( 'NONE', #181, #4897 ) ;
#2794 = ORIENTED_EDGE ( 'NONE', *, *, #2616, .F. ) ;
#2795 = DIRECTION ( 'NONE',  ( -1.000000000000000000, 0.0000000000000000000, 0.0000000000000000000 ) ) ;
#2796 = EDGE_CURVE ( 'NONE', #460, #1421, #5235, .T. ) ;
#2797 = DIRECTION ( 'NONE',  ( 0.0000000000000000000, -1.000000000000000000, 0.0000000000000000000 ) ) ;
#2798 = LINE ( 'NONE', #2932, #2158 ) ;
#2799 = DIRECTION ( 'NONE',  ( 1.000000000000000000, 0.0000000000000000000, 0.0000000000000000000 ) ) ;
#2800 = EDGE_LOOP ( 'NONE', ( #3454, #4300, #2314, #5258 ) ) ;
#2801 = DIRECTION ( 'NONE',  ( -0.0000000000000000000, -0.0000000000000000000, -1.000000000000000000 ) ) ;
#2802 = ORIENTED_EDGE ( 'NONE', *, *, #4702, .T. ) ;
#2803 = DIRECTION ( 'NONE',  ( -0.0000000000000000000, -0.0000000000000000000, 1.000000000000000000 ) ) ;
#2804 = FACE_OUTER_BOUND ( 'NONE', #3585, .T. ) ;
#2805 = ADVANCED_FACE ( 'NONE', ( #3249 ), #1250, .F. ) ;
#2806 = CARTESIAN_POINT ( 'NONE',  ( -0.7342519685039365900, 0.5803149606299211600, 0.1250000000000000600 ) ) ;
#2807 = LINE ( 'NONE', #5018, #4316 ) ;
#2808 = VECTOR ( 'NONE', #620, 39.37007874015748100 ) ;
#2809 = DIRECTION ( 'NONE',  ( -0.0000000000000000000, -0.0000000000000000000, -1.000000000000000000 ) ) ;
#2810 = CYLINDRICAL_SURFACE ( 'NONE', #2962, 0.03999999999999998000 ) ;
#2811 = CARTESIAN_POINT ( 'NONE',  ( -0.1085708163636324000, -0.1506818173096967400, -0.3600000000000001000 ) ) ;
#2812 = EDGE_CURVE ( 'NONE', #3600, #3422, #2981, .T. ) ;
#2813 = CARTESIAN_POINT ( 'NONE',  ( 0.7952190705184454300, 0.5999999999999999800, -0.3600000000000003800 ) ) ;
#2814 = CIRCLE ( 'NONE', #1559, 0.04210721780392577600 ) ;
#2815 = ADVANCED_FACE ( 'NONE', ( #1881 ), #4221, .F. ) ;
#2816 = VERTEX_POINT ( 'NONE', #470 ) ;
#2817 = CIRCLE ( 'NONE', #29, 0.06000000000000004600 ) ;
#2818 = CARTESIAN_POINT ( 'NONE',  ( -0.7499999999999997800, 0.03937007874015744500, 0.06927281597899326300 ) ) ;
#2819 = VERTEX_POINT ( 'NONE', #3360 ) ;
#2820 = EDGE_CURVE ( 'NONE', #4898, #3858, #2858, .T. ) ;
#2821 = DIRECTION ( 'NONE',  ( -1.000000000000000000, 0.0000000000000000000, 0.0000000000000000000 ) ) ;
#2822 = ORIENTED_EDGE ( 'NONE', *, *, #220, .T. ) ;
#2823 = ORIENTED_EDGE ( 'NONE', *, *, #2073, .F. ) ;
#2824 = LINE ( 'NONE', #2813, #4739 ) ;
#2825 = DIRECTION ( 'NONE',  ( 2.525070561829413700E-016, -1.000000000000000000, 0.0000000000000000000 ) ) ;
#2826 = ORIENTED_EDGE ( 'NONE', *, *, #405, .F. ) ;
#2827 = ORIENTED_EDGE ( 'NONE', *, *, #465, .T. ) ;
#2828 = CARTESIAN_POINT ( 'NONE',  ( 0.6825000000000000000, -0.07031181106330226800, -0.1053149606299211700 ) ) ;
#2829 = ORIENTED_EDGE ( 'NONE', *, *, #5196, .T. ) ;
#2830 = EDGE_CURVE ( 'NONE', #4503, #1611, #2212, .T. ) ;
#2831 = DIRECTION ( 'NONE',  ( -0.0000000000000000000, -1.000000000000000000, -0.0000000000000000000 ) ) ;
#2832 = DIRECTION ( 'NONE',  ( -1.000000000000000000, 0.0000000000000000000, 0.0000000000000000000 ) ) ;
#2833 = ADVANCED_FACE ( 'NONE', ( #2156, #836 ), #1689, .T. ) ;
#2834 = ORIENTED_EDGE ( 'NONE', *, *, #2854, .T. ) ;
#2835 = DIRECTION ( 'NONE',  ( 1.000000000000000000, -2.525070561829413700E-016, 0.0000000000000000000 ) ) ;
#2836 = AXIS2_PLACEMENT_3D ( 'NONE', #4091, #1157, #2008 ) ;
#2837 = ORIENTED_EDGE ( 'NONE', *, *, #3624, .T. ) ;
#2838 = CARTESIAN_POINT ( 'NONE',  ( 0.6825000000000000000, 0.3499999999999999800, 0.3600000000000002600 ) ) ;
#2839 = EDGE_CURVE ( 'NONE', #918, #1698, #2484, .T. ) ;
#2840 = CARTESIAN_POINT ( 'NONE',  ( -0.8449999999999997500, 0.03937007874015744500, 0.1250000000000000600 ) ) ;
#2841 = DIRECTION ( 'NONE',  ( -0.0000000000000000000, 1.000000000000000000, 0.0000000000000000000 ) ) ;
#2842 = ADVANCED_FACE ( 'NONE', ( #4563 ), #4280, .T. ) ;
#2843 = ORIENTED_EDGE ( 'NONE', *, *, #1733, .T. ) ;
#2844 = CARTESIAN_POINT ( 'NONE',  ( -0.9801201070409663000, 0.0000000000000000000, -0.01740402468160772600 ) ) ;
#2845 = SURFACE_STYLE_FILL_AREA ( #4881 ) ;
#2846 = CARTESIAN_POINT ( 'NONE',  ( 1.031000000000000800, 0.2515788080029213700, 0.09948246940511164300 ) ) ;
#2847 = VERTEX_POINT ( 'NONE', #3024 ) ;
#2848 = CARTESIAN_POINT ( 'NONE',  ( -0.1085708163636324000, 0.0000000000000000000, 0.3206299212598426300 ) ) ;
#2849 = CARTESIAN_POINT ( 'NONE',  ( 0.7104899079217181800, 0.5558435179377633200, -0.1249999999999999900 ) ) ;
#2850 = DIRECTION ( 'NONE',  ( -1.000000000000000000, 0.0000000000000000000, 0.0000000000000000000 ) ) ;
#2851 = PLANE ( 'NONE',  #1237 ) ;
#2852 = VECTOR ( 'NONE', #600, 39.37007874015748100 ) ;
#2853 = VECTOR ( 'NONE', #2953, 39.37007874015748100 ) ;
#2854 = EDGE_CURVE ( 'NONE', #3308, #4599, #2345, .T. ) ;
#2855 = EDGE_LOOP ( 'NONE', ( #544, #4742, #241, #1239, #1132, #602, #3420, #2827, #155, #3137, #4934, #396, #259, #82, #54, #3990, #2324, #2946, #1467, #2764 ) ) ;
#2856 = ORIENTED_EDGE ( 'NONE', *, *, #4480, .F. ) ;
#2857 = ADVANCED_FACE ( 'NONE', ( #1816 ), #2656, .F. ) ;
#2858 = CIRCLE ( 'NONE', #1147, 0.2000000000000000900 ) ;
#2859 = EDGE_CURVE ( 'NONE', #260, #3604, #2093, .T. ) ;
#2860 = COLOUR_RGB ( '',0.9686274509803921600, 0.8784313725490196000, 0.5999999999999999800 ) ;
#2861 = EDGE_LOOP ( 'NONE', ( #5109, #1364, #5162, #2063 ) ) ;
#2862 = ORIENTED_EDGE ( 'NONE', *, *, #2219, .T. ) ;
#2863 = CARTESIAN_POINT ( 'NONE',  ( -1.031000000000000800, 0.0000000000000000000, 0.1250000000000002500 ) ) ;
#2864 = PRESENTATION_STYLE_ASSIGNMENT (( #4570 ) ) ;
#2865 = EDGE_CURVE ( 'NONE', #5212, #3853, #3512, .T. ) ;
#2866 = DIRECTION ( 'NONE',  ( -1.000000000000000000, 0.0000000000000000000, 0.0000000000000000000 ) ) ;
#2867 = EDGE_LOOP ( 'NONE', ( #4248, #4200, #14, #3174 ) ) ;
#2868 = VECTOR ( 'NONE', #2768, 39.37007874015748100 ) ;
#2869 = CARTESIAN_POINT ( 'NONE',  ( 0.7499999999999997800, 0.2787401574803149400, 0.1249999999999999200 ) ) ;
#2870 = VECTOR ( 'NONE', #2521, 39.37007874015748100 ) ;
#2871 =( NAMED_UNIT ( * ) PLANE_ANGLE_UNIT ( ) SI_UNIT ( $, .RADIAN. ) );
#2872 = VECTOR ( 'NONE', #1810, 39.37007874015748100 ) ;
#2873 = ORIENTED_EDGE ( 'NONE', *, *, #5104, .F. ) ;
#2874 = DIRECTION ( 'NONE',  ( -1.000000000000000000, 0.0000000000000000000, -0.0000000000000000000 ) ) ;
#2875 = VERTEX_POINT ( 'NONE', #1349 ) ;
#2876 = SURFACE_SIDE_STYLE ('',( #1121 ) ) ;
#2877 = DIRECTION ( 'NONE',  ( 1.000000000000000000, 0.0000000000000000000, 0.0000000000000000000 ) ) ;
#2878 = EDGE_CURVE ( 'NONE', #177, #1312, #4173, .T. ) ;
#2879 = PLANE ( 'NONE',  #2104 ) ;
#2880 = ORIENTED_EDGE ( 'NONE', *, *, #586, .F. ) ;
#2881 = ADVANCED_FACE ( 'NONE', ( #3645 ), #5040, .F. ) ;
#2882 = DIRECTION ( 'NONE',  ( 0.0000000000000000000, -1.000000000000000000, 0.0000000000000000000 ) ) ;
#2883 = VECTOR ( 'NONE', #3931, 39.37007874015748100 ) ;
#2884 = ORIENTED_EDGE ( 'NONE', *, *, #2255, .T. ) ;
#2885 = ORIENTED_EDGE ( 'NONE', *, *, #5259, .F. ) ;
#2886 = ORIENTED_EDGE ( 'NONE', *, *, #4472, .F. ) ;
#2887 = DIRECTION ( 'NONE',  ( 1.000000000000000000, 0.0000000000000000000, 0.0000000000000000000 ) ) ;
#2888 = TOROIDAL_SURFACE ( 'NONE', #1621, 0.06871782983251850700, 0.01574803149606299200 ) ;
#2889 = EDGE_CURVE ( 'NONE', #3556, #2986, #2274, .T. ) ;
#2890 = DIRECTION ( 'NONE',  ( 1.000000000000000000, 0.0000000000000000000, 0.0000000000000000000 ) ) ;
#2891 = DIMENSIONAL_EXPONENTS ( 1.000000000000000000, 0.0000000000000000000, 0.0000000000000000000, 0.0000000000000000000, 0.0000000000000000000, 0.0000000000000000000, 0.0000000000000000000 ) ;
#2892 = ORIENTED_EDGE ( 'NONE', *, *, #1994, .T. ) ;
#2893 = AXIS2_PLACEMENT_3D ( 'NONE', #4294, #1800, #2632 ) ;
#2894 = CARTESIAN_POINT ( 'NONE',  ( 0.8560000000000006500, 0.01574803149606299200, 0.1250000000000002500 ) ) ;
#2895 = ORIENTED_EDGE ( 'NONE', *, *, #2263, .F. ) ;
#2896 = EDGE_CURVE ( 'NONE', #4792, #2986, #3888, .T. ) ;
#2897 =( NAMED_UNIT ( * ) SI_UNIT ( $, .STERADIAN. ) SOLID_ANGLE_UNIT ( ) );
#2898 = CARTESIAN_POINT ( 'NONE',  ( 0.7342519685039365900, 0.2787401574803148900, 0.1250000000000000600 ) ) ;
#2899 = MECHANICAL_DESIGN_GEOMETRIC_PRESENTATION_REPRESENTATION (  '', ( #2619 ), #3749 ) ;
#2900 = CARTESIAN_POINT ( 'NONE',  ( 0.7499999999999997800, 0.1999999999999999800, 0.1250000000000000300 ) ) ;
#2901 = ORIENTED_EDGE ( 'NONE', *, *, #2990, .T. ) ;
#2902 = ORIENTED_EDGE ( 'NONE', *, *, #1614, .F. ) ;
#2903 = CARTESIAN_POINT ( 'NONE',  ( -0.7499999999999997800, 0.2787401574803148900, -0.1250000000000000600 ) ) ;
#2904 = AXIS2_PLACEMENT_3D ( 'NONE', #4850, #1010, #176 ) ;
#2905 = ORIENTED_EDGE ( 'NONE', *, *, #2263, .T. ) ;
#2906 = PLANE ( 'NONE',  #425 ) ;
#2907 = ADVANCED_FACE ( 'NONE', ( #5173 ), #1455, .F. ) ;
#2908 = VECTOR ( 'NONE', #1616, 39.37007874015748100 ) ;
#2909 = COLOUR_RGB ( '',0.9686274509803921600, 0.8784313725490196000, 0.5999999999999999800 ) ;
#2910 = EDGE_LOOP ( 'NONE', ( #5011, #1785, #5083, #3720, #2460, #4695 ) ) ;
#2911 = DIRECTION ( 'NONE',  ( -0.0000000000000000000, -0.0000000000000000000, -1.000000000000000000 ) ) ;
#2912 = LINE ( 'NONE', #1116, #3035 ) ;
#2913 = DIRECTION ( 'NONE',  ( -2.525070561829413700E-016, -1.000000000000000000, 0.0000000000000000000 ) ) ;
#2914 = CARTESIAN_POINT ( 'NONE',  ( -0.7342519685039367000, 0.03937007874015743100, -0.09048522344134479800 ) ) ;
#2915 = DIRECTION ( 'NONE',  ( 0.0000000000000000000, -0.0000000000000000000, 1.000000000000000000 ) ) ;
#2916 = ORIENTED_EDGE ( 'NONE', *, *, #5364, .T. ) ;
#2917 = VECTOR ( 'NONE', #1363, 39.37007874015748100 ) ;
#2918 = CARTESIAN_POINT ( 'NONE',  ( -1.031000000000000800, 0.2515788080029213700, 0.09948246940511164300 ) ) ;
#2919 = LINE ( 'NONE', #4484, #3502 ) ;
#2920 = EDGE_CURVE ( 'NONE', #3029, #2199, #3044, .T. ) ;
#2921 = DIRECTION ( 'NONE',  ( 0.0000000000000000000, 1.000000000000000000, 0.0000000000000000000 ) ) ;
#2922 = VECTOR ( 'NONE', #208, 39.37007874015748100 ) ;
#2923 = ORIENTED_EDGE ( 'NONE', *, *, #4329, .T. ) ;
#2924 = DIRECTION ( 'NONE',  ( -1.000000000000000000, 0.0000000000000000000, 0.0000000000000000000 ) ) ;
#2925 = VECTOR ( 'NONE', #2114, 39.37007874015748100 ) ;
#2926 = VECTOR ( 'NONE', #535, 39.37007874015748100 ) ;
#2927 = ORIENTED_EDGE ( 'NONE', *, *, #728, .F. ) ;
#2928 = EDGE_CURVE ( 'NONE', #383, #2607, #4568, .T. ) ;
#2929 = AXIS2_PLACEMENT_3D ( 'NONE', #1105, #2304, #1025 ) ;
#2930 = CARTESIAN_POINT ( 'NONE',  ( -0.7736220472440942200, 0.03937007874015744500, -0.1249999999999999300 ) ) ;
#2931 = SURFACE_SIDE_STYLE ('',( #3536 ) ) ;
#2932 = CARTESIAN_POINT ( 'NONE',  ( -0.6825000000000000000, 0.2787401574803149400, 0.1249999999999999900 ) ) ;
#2933 = DIRECTION ( 'NONE',  ( 0.0000000000000000000, 0.0000000000000000000, 1.000000000000000000 ) ) ;
#2934 = LINE ( 'NONE', #1080, #572 ) ;
#2935 = DIRECTION ( 'NONE',  ( -0.0000000000000000000, -0.0000000000000000000, -1.000000000000000000 ) ) ;
#2936 = AXIS2_PLACEMENT_3D ( 'NONE', #319, #782, #3234 ) ;
#2937 = LINE ( 'NONE', #3759, #457 ) ;
#2938 = DIRECTION ( 'NONE',  ( 0.0000000000000000000, -1.000000000000000000, 0.0000000000000000000 ) ) ;
#2939 = VERTEX_POINT ( 'NONE', #3125 ) ;
#2940 = LINE ( 'NONE', #3345, #4453 ) ;
#2941 =( NAMED_UNIT ( * ) SI_UNIT ( $, .STERADIAN. ) SOLID_ANGLE_UNIT ( ) );
#2942 = UNCERTAINTY_MEASURE_WITH_UNIT (LENGTH_MEASURE( 1.000000000000000100E-005 ), #691, 'distance_accuracy_value', 'NONE');
#2943 = ORIENTED_EDGE ( 'NONE', *, *, #2464, .F. ) ;
#2944 = VECTOR ( 'NONE', #4126, 39.37007874015748100 ) ;
#2945 =( NAMED_UNIT ( * ) PLANE_ANGLE_UNIT ( ) SI_UNIT ( $, .RADIAN. ) );
#2946 = ORIENTED_EDGE ( 'NONE', *, *, #368, .T. ) ;
#2947 = LINE ( 'NONE', #1097, #4065 ) ;
#2948 = CIRCLE ( 'NONE', #4643, 0.02500000000000000500 ) ;
#2949 = EDGE_LOOP ( 'NONE', ( #774, #897, #2509, #1205, #4105, #4056, #1339, #3488, #1749, #3295, #2902, #2884, #1045, #2895, #1691, #4350, #4561, #2943, #3929, #2070, #3323, #5404, #274, #5016, #133, #5113, #380, #4498 ) ) ;
#2950 = CARTESIAN_POINT ( 'NONE',  ( 0.1085708163636324000, 0.1506818173096967400, -0.3206299212598426300 ) ) ;
#2951 = EDGE_CURVE ( 'NONE', #4433, #4637, #1096, .T. ) ;
#2952 = EDGE_LOOP ( 'NONE', ( #2622, #4468, #671, #4032 ) ) ;
#2953 = DIRECTION ( 'NONE',  ( 0.0000000000000000000, 0.9510565162951555300, -0.3090169943749416200 ) ) ;
#2954 = ORIENTED_EDGE ( 'NONE', *, *, #4466, .T. ) ;
#2955 = CARTESIAN_POINT ( 'NONE',  ( -0.7499999999999997800, 0.5999999999999999800, -0.1249999999999999300 ) ) ;
#2956 = ORIENTED_EDGE ( 'NONE', *, *, #2457, .F. ) ;
#2957 = DIRECTION ( 'NONE',  ( 1.000000000000000000, 0.0000000000000000000, 0.0000000000000000000 ) ) ;
#2958 = EDGE_CURVE ( 'NONE', #3926, #2636, #2020, .T. ) ;
#2959 = ORIENTED_EDGE ( 'NONE', *, *, #1950, .F. ) ;
#2960 = AXIS2_PLACEMENT_3D ( 'NONE', #845, #1275, #879 ) ;
#2961 = CARTESIAN_POINT ( 'NONE',  ( 0.6825000000000000000, 0.3349999999999999100, -0.3250000000000000700 ) ) ;
#2962 = AXIS2_PLACEMENT_3D ( 'NONE', #2552, #3483, #156 ) ;
#2963 = DIRECTION ( 'NONE',  ( -0.0000000000000000000, 0.0000000000000000000, -1.000000000000000000 ) ) ;
#2964 = ORIENTED_EDGE ( 'NONE', *, *, #2108, .F. ) ;
#2965 = PLANE ( 'NONE',  #5144 ) ;
#2966 = AXIS2_PLACEMENT_3D ( 'NONE', #2580, #114, #905 ) ;
#2967 = SURFACE_SIDE_STYLE ('',( #1169 ) ) ;
#2968 =( LENGTH_UNIT ( ) NAMED_UNIT ( * ) SI_UNIT ( $, .METRE. ) );
#2969 = CYLINDRICAL_SURFACE ( 'NONE', #2836, 0.06000000000000004600 ) ;
#2970 = CARTESIAN_POINT ( 'NONE',  ( 0.7342519685039367000, 0.0000000000000000000, -0.1053149606299211700 ) ) ;
#2971 = CYLINDRICAL_SURFACE ( 'NONE', #3717, 0.02499999999999997400 ) ;
#2972 = CARTESIAN_POINT ( 'NONE',  ( -0.7342519685039367000, 0.03937007874015743800, 0.06927281597899326300 ) ) ;
#2973 = CARTESIAN_POINT ( 'NONE',  ( 0.6105563093158336000, 0.3967524751484143900, 0.1250000000000000600 ) ) ;
#2974 = VECTOR ( 'NONE', #1394, 39.37007874015748100 ) ;
#2975 = LINE ( 'NONE', #1799, #1298 ) ;
#2976 = ORIENTED_EDGE ( 'NONE', *, *, #1650, .F. ) ;
#2977 = CARTESIAN_POINT ( 'NONE',  ( 0.7499999999999997800, 8.308786758271078200E-020, -0.07499999999999999700 ) ) ;
#2978 = EDGE_CURVE ( 'NONE', #1342, #4128, #170, .T. ) ;
#2979 = EDGE_LOOP ( 'NONE', ( #4398, #3578, #2075, #4836 ) ) ;
#2980 = CARTESIAN_POINT ( 'NONE',  ( 0.6825000000000000000, 0.3349999999999999100, -0.3600000000000003800 ) ) ;
#2981 = LINE ( 'NONE', #3320, #233 ) ;
#2982 = PLANE ( 'NONE',  #1068 ) ;
#2983 = CIRCLE ( 'NONE', #3910, 0.06000000000000004600 ) ;
#2984 = FILL_AREA_STYLE_COLOUR ( '', #1020 ) ;
#2985 = VECTOR ( 'NONE', #3823, 39.37007874015748100 ) ;
#2986 = VERTEX_POINT ( 'NONE', #3820 ) ;
#2987 = DIRECTION ( 'NONE',  ( -0.0000000000000000000, -0.0000000000000000000, 1.000000000000000000 ) ) ;
#2988 = ORIENTED_EDGE ( 'NONE', *, *, #4880, .F. ) ;
#2989 = DIRECTION ( 'NONE',  ( 0.0000000000000000000, -0.0000000000000000000, -1.000000000000000000 ) ) ;
#2990 = EDGE_CURVE ( 'NONE', #3738, #1342, #4496, .T. ) ;
#2991 = LINE ( 'NONE', #4873, #4716 ) ;
#2992 = CARTESIAN_POINT ( 'NONE',  ( 0.7499999999999997800, 0.03937007874015744500, 0.1250000000000000600 ) ) ;
#2993 = AXIS2_PLACEMENT_3D ( 'NONE', #111, #2603, #1791 ) ;
#2994 = ORIENTED_EDGE ( 'NONE', *, *, #2642, .F. ) ;
#2995 = LINE ( 'NONE', #931, #5119 ) ;
#2996 = EDGE_CURVE ( 'NONE', #3094, #3113, #1015, .T. ) ;
#2997 = DIRECTION ( 'NONE',  ( 0.0000000000000000000, -1.000000000000000000, 0.0000000000000000000 ) ) ;
#2998 = LINE ( 'NONE', #866, #2294 ) ;
#2999 = PLANE ( 'NONE',  #1310 ) ;
#3000 = VECTOR ( 'NONE', #3328, 39.37007874015748100 ) ;
#3001 = AXIS2_PLACEMENT_3D ( 'NONE', #859, #4189, #2501 ) ;
#3002 = CARTESIAN_POINT ( 'NONE',  ( 0.9197094723085155200, 0.0000000000000000000, 0.01740402468160772600 ) ) ;
#3003 = CIRCLE ( 'NONE', #1366, 0.06000000000000004600 ) ;
#3004 = ORIENTED_EDGE ( 'NONE', *, *, #2606, .F. ) ;
#3005 = DIRECTION ( 'NONE',  ( 1.000000000000000000, 0.0000000000000000000, 0.0000000000000000000 ) ) ;
#3006 = ORIENTED_EDGE ( 'NONE', *, *, #3822, .T. ) ;
#3007 = VECTOR ( 'NONE', #480, 39.37007874015748100 ) ;
#3008 = VERTEX_POINT ( 'NONE', #2176 ) ;
#3009 = FACE_OUTER_BOUND ( 'NONE', #1622, .T. ) ;
#3010 = ORIENTED_EDGE ( 'NONE', *, *, #4734, .T. ) ;
#3011 = CARTESIAN_POINT ( 'NONE',  ( -0.6224999999999999400, 0.3349999999999999100, -0.3600000000000003800 ) ) ;
#3012 = FACE_OUTER_BOUND ( 'NONE', #5429, .T. ) ;
#3013 = ORIENTED_EDGE ( 'NONE', *, *, #2750, .F. ) ;
#3014 = UNCERTAINTY_MEASURE_WITH_UNIT (LENGTH_MEASURE( 1.000000000000000100E-005 ), #420, 'distance_accuracy_value', 'NONE');
#3015 = EDGE_LOOP ( 'NONE', ( #5206, #858, #3498, #2856 ) ) ;
#3016 = ORIENTED_EDGE ( 'NONE', *, *, #3772, .T. ) ;
#3017 = FACE_OUTER_BOUND ( 'NONE', #4789, .T. ) ;
#3018 = FILL_AREA_STYLE_COLOUR ( '', #4377 ) ;
#3019 = DIRECTION ( 'NONE',  ( 1.000000000000000000, 0.0000000000000000000, -0.0000000000000000000 ) ) ;
#3020 = ORIENTED_EDGE ( 'NONE', *, *, #2100, .T. ) ;
#3021 = CARTESIAN_POINT ( 'NONE',  ( 0.7255285573078418300, 0.5803149606299211600, -0.1249999999999999900 ) ) ;
#3022 =( NAMED_UNIT ( * ) PLANE_ANGLE_UNIT ( ) SI_UNIT ( $, .RADIAN. ) );
#3023 = EDGE_CURVE ( 'NONE', #4393, #428, #4030, .T. ) ;
#3024 = CARTESIAN_POINT ( 'NONE',  ( 0.6825000000000000000, 0.3500000000000000300, -0.3600000000000003800 ) ) ;
#3025 = ORIENTED_EDGE ( 'NONE', *, *, #1921, .F. ) ;
#3026 = CARTESIAN_POINT ( 'NONE',  ( 0.6825000000000000000, 0.3349999999999999100, 0.3600000000000001000 ) ) ;
#3027 = FACE_OUTER_BOUND ( 'NONE', #917, .T. ) ;
#3028 = DIRECTION ( 'NONE',  ( 1.000000000000000000, 0.0000000000000000000, 0.0000000000000000000 ) ) ;
#3029 = VERTEX_POINT ( 'NONE', #4642 ) ;
#3030 = EDGE_CURVE ( 'NONE', #139, #2199, #1434, .T. ) ;
#3031 = ORIENTED_EDGE ( 'NONE', *, *, #3368, .T. ) ;
#3032 = AXIS2_PLACEMENT_3D ( 'NONE', #2039, #1214, #2465 ) ;
#3033 = CARTESIAN_POINT ( 'NONE',  ( -0.7499999999999996700, 0.3841299163440908800, 0.0000000000000000000 ) ) ;
#3034 = ORIENTED_EDGE ( 'NONE', *, *, #4216, .T. ) ;
#3035 = VECTOR ( 'NONE', #1180, 39.37007874015748100 ) ;
#3036 = PLANE ( 'NONE',  #4408 ) ;
#3037 = VECTOR ( 'NONE', #2585, 39.37007874015748100 ) ;
#3038 = CARTESIAN_POINT ( 'NONE',  ( 0.7499999999999997800, 8.308786758271078200E-020, -0.07499999999999999700 ) ) ;
#3039 = ORIENTED_EDGE ( 'NONE', *, *, #650, .F. ) ;
#3040 = DIRECTION ( 'NONE',  ( -1.000000000000000000, 0.0000000000000000000, 0.0000000000000000000 ) ) ;
#3041 = SURFACE_STYLE_FILL_AREA ( #12 ) ;
#3042 = ORIENTED_EDGE ( 'NONE', *, *, #3855, .F. ) ;
#3043 = FACE_OUTER_BOUND ( 'NONE', #2704, .T. ) ;
#3044 = CIRCLE ( 'NONE', #5343, 0.008723411196094932300 ) ;
#3045 = ORIENTED_EDGE ( 'NONE', *, *, #2571, .F. ) ;
#3046 = DIRECTION ( 'NONE',  ( -1.000000000000000000, 0.0000000000000000000, 0.0000000000000000000 ) ) ;
#3047 = VECTOR ( 'NONE', #4969, 39.37007874015748100 ) ;
#3048 = EDGE_CURVE ( 'NONE', #3481, #2819, #2350, .T. ) ;
#3049 = ORIENTED_EDGE ( 'NONE', *, *, #3766, .F. ) ;
#3050 = ORIENTED_EDGE ( 'NONE', *, *, #1501, .T. ) ;
#3051 = DIRECTION ( 'NONE',  ( -1.000000000000000000, 0.0000000000000000000, 0.0000000000000000000 ) ) ;
#3052 = DIRECTION ( 'NONE',  ( -1.000000000000000000, -2.525070561829413700E-016, -0.0000000000000000000 ) ) ;
#3053 = DIRECTION ( 'NONE',  ( 2.525070561829413700E-016, 1.000000000000000000, 0.0000000000000000000 ) ) ;
#3054 = EDGE_CURVE ( 'NONE', #4083, #2180, #4904, .T. ) ;
#3055 = DIRECTION ( 'NONE',  ( 0.0000000000000000000, 0.0000000000000000000, 1.000000000000000000 ) ) ;
#3056 = VECTOR ( 'NONE', #1348, 39.37007874015748100 ) ;
#3057 = STYLED_ITEM ( 'NONE', ( #1236 ), #2857 ) ;
#3058 = LINE ( 'NONE', #3589, #1113 ) ;
#3059 = CARTESIAN_POINT ( 'NONE',  ( 0.8449999999999997500, 0.03937007874015744500, -0.06927281597899326300 ) ) ;
#3060 = VECTOR ( 'NONE', #1716, 39.37007874015748100 ) ;
#3061 = CARTESIAN_POINT ( 'NONE',  ( 0.6621639758220246900, 0.2898128749243840100, -0.3198487326022256300 ) ) ;
#3062 = EDGE_CURVE ( 'NONE', #758, #2092, #558, .T. ) ;
#3063 = ADVANCED_FACE ( 'NONE', ( #5365 ), #3106, .F. ) ;
#3064 = LINE ( 'NONE', #1134, #4657 ) ;
#3065 = DIRECTION ( 'NONE',  ( -1.000000000000000000, 0.0000000000000000000, 0.0000000000000000000 ) ) ;
#3066 = ORIENTED_EDGE ( 'NONE', *, *, #3690, .T. ) ;
#3067 = CYLINDRICAL_SURFACE ( 'NONE', #4907, 0.03999999999999998000 ) ;
#3068 = DIRECTION ( 'NONE',  ( 1.000000000000000000, 0.0000000000000000000, 0.0000000000000000000 ) ) ;
#3069 = ORIENTED_EDGE ( 'NONE', *, *, #763, .T. ) ;
#3070 = FILL_AREA_STYLE_COLOUR ( '', #1271 ) ;
#3071 = CARTESIAN_POINT ( 'NONE',  ( -0.8348096797851541900, 0.5838030541138854400, -0.2840327826789925700 ) ) ;
#3072 = CARTESIAN_POINT ( 'NONE',  ( 0.8352129783247008700, 0.5606980962574910100, -0.2915400385671661500 ) ) ;
#3073 = ORIENTED_EDGE ( 'NONE', *, *, #611, .F. ) ;
#3074 = DIRECTION ( 'NONE',  ( 1.000000000000000000, -2.525070561829413700E-016, -0.0000000000000000000 ) ) ;
#3075 = VECTOR ( 'NONE', #3245, 39.37007874015748100 ) ;
#3076 = ORIENTED_EDGE ( 'NONE', *, *, #2145, .T. ) ;
#3077 = VECTOR ( 'NONE', #5358, 39.37007874015748100 ) ;
#3078 = DIRECTION ( 'NONE',  ( -0.9998476951563913800, -0.01745240643727697900, 0.0000000000000000000 ) ) ;
#3079 = ORIENTED_EDGE ( 'NONE', *, *, #2343, .F. ) ;
#3080 = ORIENTED_EDGE ( 'NONE', *, *, #2550, .F. ) ;
#3081 = DIRECTION ( 'NONE',  ( -1.000000000000000000, 0.0000000000000000000, 0.0000000000000000000 ) ) ;
#3082 = EDGE_CURVE ( 'NONE', #1257, #5086, #3246, .T. ) ;
#3083 = DIRECTION ( 'NONE',  ( -1.000000000000000000, 0.0000000000000000000, 0.0000000000000000000 ) ) ;
#3084 = ORIENTED_EDGE ( 'NONE', *, *, #1100, .T. ) ;
#3085 = DIRECTION ( 'NONE',  ( 0.0000000000000000000, 1.000000000000000000, 0.0000000000000000000 ) ) ;
#3086 = EDGE_CURVE ( 'NONE', #3547, #630, #2793, .T. ) ;
#3087 = CARTESIAN_POINT ( 'NONE',  ( 0.8560000000000005400, -1.628373440712190500E-019, -0.06927281597899326300 ) ) ;
#3088 = AXIS2_PLACEMENT_3D ( 'NONE', #4153, #5032, #2921 ) ;
#3089 = PLANE ( 'NONE',  #4207 ) ;
#3090 = ORIENTED_EDGE ( 'NONE', *, *, #1162, .T. ) ;
#3091 = PLANE ( 'NONE',  #458 ) ;
#3092 = CIRCLE ( 'NONE', #3001, 0.03999999999999998000 ) ;
#3093 = EDGE_CURVE ( 'NONE', #1798, #950, #436, .T. ) ;
#3094 = VERTEX_POINT ( 'NONE', #3934 ) ;
#3095 = AXIS2_PLACEMENT_3D ( 'NONE', #3292, #716, #309 ) ;
#3096 = CARTESIAN_POINT ( 'NONE',  ( 0.9197094723085155200, 0.01574803149606299200, 0.01740402468160772600 ) ) ;
#3097 = VECTOR ( 'NONE', #1290, 39.37007874015748100 ) ;
#3098 = ORIENTED_EDGE ( 'NONE', *, *, #2812, .T. ) ;
#3099 = CARTESIAN_POINT ( 'NONE',  ( -0.7480567888860157900, 0.3841299163440908800, 0.0000000000000000000 ) ) ;
#3100 = CARTESIAN_POINT ( 'NONE',  ( 1.031000000000000800, 0.2787401574803150000, -0.1250000000000000600 ) ) ;
#3101 = CARTESIAN_POINT ( 'NONE',  ( -0.7736220472440942200, 0.03937007874015744500, 0.1250000000000000600 ) ) ;
#3102 = EDGE_CURVE ( 'NONE', #4393, #4465, #4233, .T. ) ;
#3103 = LINE ( 'NONE', #5296, #4427 ) ;
#3104 = CARTESIAN_POINT ( 'NONE',  ( 0.6825000000000000000, 0.2787401574803149400, 0.1249999999999999200 ) ) ;
#3105 = CARTESIAN_POINT ( 'NONE',  ( 0.7104899079217179600, 0.5645669291338583100, -0.1249999999999999900 ) ) ;
#3106 = CYLINDRICAL_SURFACE ( 'NONE', #4120, 0.06000000000000004600 ) ;
#3107 = VERTEX_POINT ( 'NONE', #3468 ) ;
#3108 = CARTESIAN_POINT ( 'NONE',  ( 0.6794061619119110600, 0.3155805016815091400, 0.3240884528806136100 ) ) ;
#3109 = FACE_OUTER_BOUND ( 'NONE', #199, .T. ) ;
#3110 = CARTESIAN_POINT ( 'NONE',  ( 3.980102097228897700E-017, 0.2749999999999999100, 0.3600000000000001000 ) ) ;
#3111 = EDGE_LOOP ( 'NONE', ( #216, #2886, #527, #848 ) ) ;
#3112 = DIRECTION ( 'NONE',  ( 0.0000000000000000000, -1.000000000000000000, 0.0000000000000000000 ) ) ;
#3113 = VERTEX_POINT ( 'NONE', #1389 ) ;
#3114 = CARTESIAN_POINT ( 'NONE',  ( 0.7736220472440942200, 0.0000000000000000000, -0.06927281597899327700 ) ) ;
#3115 = FACE_OUTER_BOUND ( 'NONE', #3147, .T. ) ;
#3116 = DIRECTION ( 'NONE',  ( 1.000000000000000000, 0.0000000000000000000, 0.0000000000000000000 ) ) ;
#3117 = PLANE ( 'NONE',  #2613 ) ;
#3118 = VERTEX_POINT ( 'NONE', #994 ) ;
#3119 = SURFACE_SIDE_STYLE ('',( #2638 ) ) ;
#3120 = EDGE_CURVE ( 'NONE', #1804, #2761, #2150, .T. ) ;
#3121 = LINE ( 'NONE', #3878, #4720 ) ;
#3122 = ADVANCED_FACE ( 'NONE', ( #4353 ), #2410, .T. ) ;
#3123 = DIRECTION ( 'NONE',  ( 0.0000000000000000000, 0.0000000000000000000, 1.000000000000000000 ) ) ;
#3124 = DIRECTION ( 'NONE',  ( 0.8705807614487519600, -0.4920255458767473500, 0.0000000000000000000 ) ) ;
#3125 = CARTESIAN_POINT ( 'NONE',  ( -0.1085708163636324000, 0.1506818173096967400, 0.3206299212598426300 ) ) ;
#3126 = VECTOR ( 'NONE', #4781, 39.37007874015748900 ) ;
#3127 = PRODUCT_CONTEXT ( 'NONE', #3989, 'mechanical' ) ;
#3128 = DIRECTION ( 'NONE',  ( 0.0000000000000000000, 1.000000000000000000, 1.224955720424438600E-016 ) ) ;
#3129 = EDGE_CURVE ( 'NONE', #4586, #2630, #4360, .T. ) ;
#3130 = VECTOR ( 'NONE', #2282, 39.37007874015748100 ) ;
#3131 = EDGE_LOOP ( 'NONE', ( #2598, #2305, #4536 ) ) ;
#3132 =( NAMED_UNIT ( * ) PLANE_ANGLE_UNIT ( ) SI_UNIT ( $, .RADIAN. ) );
#3133 = AXIS2_PLACEMENT_3D ( 'NONE', #1557, #2699, #5306 ) ;
#3134 = CARTESIAN_POINT ( 'NONE',  ( 0.7499999999999997800, -1.365923996832131600E-016, 0.07499999999999998300 ) ) ;
#3135 = VECTOR ( 'NONE', #288, 39.37007874015748100 ) ;
#3136 = VERTEX_POINT ( 'NONE', #2664 ) ;
#3137 = ORIENTED_EDGE ( 'NONE', *, *, #4124, .T. ) ;
#3138 = ORIENTED_EDGE ( 'NONE', *, *, #4648, .T. ) ;
#3139 = CARTESIAN_POINT ( 'NONE',  ( 0.0000000000000000000, 0.3500000000000000300, -0.3600000000000003800 ) ) ;
#3140 = EDGE_CURVE ( 'NONE', #3619, #3952, #1299, .T. ) ;
#3141 = LINE ( 'NONE', #3546, #2185 ) ;
#3142 = VECTOR ( 'NONE', #1509, 39.37007874015748100 ) ;
#3143 = CARTESIAN_POINT ( 'NONE',  ( -0.8388907272751259200, 0.3499999999999999800, -0.3600000000000003800 ) ) ;
#3144 = VERTEX_POINT ( 'NONE', #4320 ) ;
#3145 =( GEOMETRIC_REPRESENTATION_CONTEXT ( 3 ) GLOBAL_UNCERTAINTY_ASSIGNED_CONTEXT ( ( #2218 ) ) GLOBAL_UNIT_ASSIGNED_CONTEXT ( ( #4622, #2139, #2125 ) ) REPRESENTATION_CONTEXT ( 'NONE', 'WORKASPACE' ) );
#3146 = CARTESIAN_POINT ( 'NONE',  ( -0.7499999999999997800, 0.5999999999999999800, 0.07499999999999998300 ) ) ;
#3147 = EDGE_LOOP ( 'NONE', ( #3911, #3985, #2725, #4307, #4662 ) ) ;
#3148 = EDGE_LOOP ( 'NONE', ( #2826, #45, #4284, #986 ) ) ;
#3149 = DIRECTION ( 'NONE',  ( -0.0000000000000000000, -0.0000000000000000000, -1.000000000000000000 ) ) ;
#3150 = CARTESIAN_POINT ( 'NONE',  ( 0.0000000000000000000, 0.0000000000000000000, -0.3600000000000001000 ) ) ;
#3151 = ORIENTED_EDGE ( 'NONE', *, *, #187, .T. ) ;
#3152 = ORIENTED_EDGE ( 'NONE', *, *, #573, .T. ) ;
#3153 = ORIENTED_EDGE ( 'NONE', *, *, #3447, .T. ) ;
#3154 =( LENGTH_UNIT ( ) NAMED_UNIT ( * ) SI_UNIT ( $, .METRE. ) );
#3155 = DIRECTION ( 'NONE',  ( -0.0000000000000000000, -0.0000000000000000000, 1.000000000000000000 ) ) ;
#3156 = DIRECTION ( 'NONE',  ( 1.000000000000000000, -9.573036100600765300E-020, 0.0000000000000000000 ) ) ;
#3157 = EDGE_CURVE ( 'NONE', #5302, #4946, #3639, .T. ) ;
#3158 = DIRECTION ( 'NONE',  ( 0.0000000000000000000, 0.0000000000000000000, 1.000000000000000000 ) ) ;
#3159 = DIRECTION ( 'NONE',  ( 0.0000000000000000000, 0.0000000000000000000, -1.000000000000000000 ) ) ;
#3160 = ORIENTED_EDGE ( 'NONE', *, *, #3958, .F. ) ;
#3161 = DIRECTION ( 'NONE',  ( -2.525070561829413700E-016, 1.000000000000000000, 0.0000000000000000000 ) ) ;
#3162 = ORIENTED_EDGE ( 'NONE', *, *, #5436, .T. ) ;
#3163 = ADVANCED_FACE ( 'NONE', ( #3235 ), #254, .T. ) ;
#3164 = EDGE_CURVE ( 'NONE', #5302, #4760, #4133, .T. ) ;
#3165 = ORIENTED_EDGE ( 'NONE', *, *, #1256, .T. ) ;
#3166 =( GEOMETRIC_REPRESENTATION_CONTEXT ( 3 ) GLOBAL_UNCERTAINTY_ASSIGNED_CONTEXT ( ( #4912 ) ) GLOBAL_UNIT_ASSIGNED_CONTEXT ( ( #4442, #2375, #255 ) ) REPRESENTATION_CONTEXT ( 'NONE', 'WORKASPACE' ) );
#3167 = CARTESIAN_POINT ( 'NONE',  ( -1.031000000000000800, 0.2515788080029213700, -0.09948246940511164300 ) ) ;
#3168 = VECTOR ( 'NONE', #3887, 39.37007874015748100 ) ;
#3169 = CARTESIAN_POINT ( 'NONE',  ( 0.8352129783247008700, 0.5606980962574910100, -0.07500000000000002500 ) ) ;
#3170 = ORIENTED_EDGE ( 'NONE', *, *, #263, .T. ) ;
#3171 = CARTESIAN_POINT ( 'NONE',  ( 0.6105563093158336000, 0.3967524751484143900, -0.1249999999999999900 ) ) ;
#3172 = EDGE_CURVE ( 'NONE', #3346, #2184, #541, .T. ) ;
#3173 = FACE_OUTER_BOUND ( 'NONE', #2189, .T. ) ;
#3174 = ORIENTED_EDGE ( 'NONE', *, *, #2137, .F. ) ;
#3175 = VECTOR ( 'NONE', #825, 39.37007874015748100 ) ;
#3176 = DIRECTION ( 'NONE',  ( 9.573036100600765300E-020, 1.000000000000000000, -0.0000000000000000000 ) ) ;
#3177 = PLANE ( 'NONE',  #4007 ) ;
#3178 = DIRECTION ( 'NONE',  ( 1.000000000000000000, 0.0000000000000000000, 0.0000000000000000000 ) ) ;
#3179 = SURFACE_STYLE_FILL_AREA ( #379 ) ;
#3180 = UNCERTAINTY_MEASURE_WITH_UNIT (LENGTH_MEASURE( 1.000000000000000100E-005 ), #1514, 'distance_accuracy_value', 'NONE');
#3181 = EDGE_LOOP ( 'NONE', ( #4263, #2232 ) ) ;
#3182 = ADVANCED_FACE ( 'NONE', ( #3373 ), #4761, .T. ) ;
#3183 = CARTESIAN_POINT ( 'NONE',  ( 0.8183275479078744300, 0.5999999999999998700, 0.2787700759417753300 ) ) ;
#3184 = VECTOR ( 'NONE', #697, 39.37007874015748100 ) ;
#3185 = APPLICATION_PROTOCOL_DEFINITION ( 'draft international standard', 'automotive_design', 1998, #3989 ) ;
#3186 = VERTEX_POINT ( 'NONE', #2337 ) ;
#3187 = CARTESIAN_POINT ( 'NONE',  ( 0.6825000000000000000, 0.2787401574803149400, -0.1053149606299211700 ) ) ;
#3188 = LINE ( 'NONE', #3461, #3660 ) ;
#3189 = CARTESIAN_POINT ( 'NONE',  ( 0.6380966262546859900, 0.2769298865409257100, -0.3163857572939901000 ) ) ;
#3190 = CARTESIAN_POINT ( 'NONE',  ( 0.8352129783247008700, 0.5606980962574910100, 0.2915400385671660400 ) ) ;
#3191 = ADVANCED_FACE ( 'NONE', ( #2651, #1601 ), #3192, .T. ) ;
#3192 = PLANE ( 'NONE',  #5263 ) ;
#3193 = VECTOR ( 'NONE', #4619, 39.37007874015748100 ) ;
#3194 = LINE ( 'NONE', #4883, #256 ) ;
#3195 = DIRECTION ( 'NONE',  ( -0.0000000000000000000, 1.000000000000000000, 0.0000000000000000000 ) ) ;
#3196 = EDGE_CURVE ( 'NONE', #3113, #758, #2934, .T. ) ;
#3197 = VECTOR ( 'NONE', #831, 39.37007874015748100 ) ;
#3198 = DIRECTION ( 'NONE',  ( 0.0000000000000000000, 0.0000000000000000000, 1.000000000000000000 ) ) ;
#3199 = FACE_OUTER_BOUND ( 'NONE', #1680, .T. ) ;
#3200 = FILL_AREA_STYLE ('',( #1511 ) ) ;
#3201 = VERTEX_POINT ( 'NONE', #2737 ) ;
#3202 = FACE_OUTER_BOUND ( 'NONE', #3857, .T. ) ;
#3203 = VECTOR ( 'NONE', #430, 39.37007874015748100 ) ;
#3204 = EDGE_CURVE ( 'NONE', #3604, #2511, #1589, .T. ) ;
#3205 = VERTEX_POINT ( 'NONE', #721 ) ;
#3206 = ORIENTED_EDGE ( 'NONE', *, *, #3356, .T. ) ;
#3207 = DIRECTION ( 'NONE',  ( 1.000000000000000000, -2.525070561829413700E-016, -0.0000000000000000000 ) ) ;
#3208 = DIRECTION ( 'NONE',  ( -0.0000000000000000000, -0.0000000000000000000, -1.000000000000000000 ) ) ;
#3209 = LINE ( 'NONE', #1929, #2439 ) ;
#3210 = ORIENTED_EDGE ( 'NONE', *, *, #5273, .F. ) ;
#3211 = CARTESIAN_POINT ( 'NONE',  ( 0.7342519685039367000, 0.03937007874015744500, 0.1250000000000000600 ) ) ;
#3212 = CARTESIAN_POINT ( 'NONE',  ( 0.8560000000000006500, 0.01574803149606299200, -0.1249999999999997600 ) ) ;
#3213 = VECTOR ( 'NONE', #5270, 39.37007874015748100 ) ;
#3214 = LENGTH_MEASURE_WITH_UNIT ( LENGTH_MEASURE( 0.02539999999999999900 ), #1430 );
#3215 = VERTEX_POINT ( 'NONE', #4467 ) ;
#3216 = FILL_AREA_STYLE ('',( #4750 ) ) ;
#3217 = ORIENTED_EDGE ( 'NONE', *, *, #4078, .F. ) ;
#3218 = CARTESIAN_POINT ( 'NONE',  ( -0.1085708163636324000, 0.0000000000000000000, -0.3600000000000001000 ) ) ;
#3219 = DIRECTION ( 'NONE',  ( 1.000000000000000000, -0.0000000000000000000, -0.0000000000000000000 ) ) ;
#3220 = ORIENTED_EDGE ( 'NONE', *, *, #3690, .F. ) ;
#3221 = VECTOR ( 'NONE', #1953, 39.37007874015748100 ) ;
#3222 = ADVANCED_FACE ( 'NONE', ( #1185 ), #2106, .T. ) ;
#3223 = EDGE_LOOP ( 'NONE', ( #3289, #978, #4058, #325, #1427 ) ) ;
#3224 = CARTESIAN_POINT ( 'NONE',  ( -1.031000000000000800, 0.2515788080029213700, 0.09048522344134479800 ) ) ;
#3225 = AXIS2_PLACEMENT_3D ( 'NONE', #1249, #387, #2877 ) ;
#3226 = DIRECTION ( 'NONE',  ( 0.9998476951563913800, -0.01745240643727697900, -0.0000000000000000000 ) ) ;
#3227 = CARTESIAN_POINT ( 'NONE',  ( 0.1085708163636324000, 0.1506818173096967400, 0.3600000000000001000 ) ) ;
#3228 = ORIENTED_EDGE ( 'NONE', *, *, #4090, .T. ) ;
#3229 = EDGE_CURVE ( 'NONE', #3858, #1625, #854, .T. ) ;
#3230 = PLANE ( 'NONE',  #3479 ) ;
#3232 = CARTESIAN_POINT ( 'NONE',  ( -0.7499999999999997800, 0.1999999999999999800, 0.1250000000000000300 ) ) ;
#3231 = VECTOR ( 'NONE', #2132, 39.37007874015748100 ) ;
#3233 = ORIENTED_EDGE ( 'NONE', *, *, #763, .F. ) ;
#3234 = DIRECTION ( 'NONE',  ( -1.000000000000000000, 9.082757113098751200E-015, 0.0000000000000000000 ) ) ;
#3235 = FACE_OUTER_BOUND ( 'NONE', #2952, .T. ) ;
#3236 = ADVANCED_FACE ( 'NONE', ( #971 ), #1934, .T. ) ;
#3237 = CARTESIAN_POINT ( 'NONE',  ( 0.6825000000000000000, 0.1149999999999998400, 0.1250000000000000000 ) ) ;
#3238 = LINE ( 'NONE', #1871, #2852 ) ;
#3239 = EDGE_CURVE ( 'NONE', #3960, #3481, #3194, .T. ) ;
#3240 = SPHERICAL_SURFACE ( 'NONE', #4708, 0.02500000000000000100 ) ;
#3241 = VERTEX_POINT ( 'NONE', #4018 ) ;
#3242 =( GEOMETRIC_REPRESENTATION_CONTEXT ( 3 ) GLOBAL_UNCERTAINTY_ASSIGNED_CONTEXT ( ( #1671 ) ) GLOBAL_UNIT_ASSIGNED_CONTEXT ( ( #1399, #2224, #4259 ) ) REPRESENTATION_CONTEXT ( 'NONE', 'WORKASPACE' ) );
#3243 = CARTESIAN_POINT ( 'NONE',  ( -0.6825000000000000000, 0.3349999999999999100, -0.3600000000000003800 ) ) ;
#3244 = LINE ( 'NONE', #2342, #3377 ) ;
#3245 = DIRECTION ( 'NONE',  ( 0.0000000000000000000, -0.0000000000000000000, -1.000000000000000000 ) ) ;
#3246 = CIRCLE ( 'NONE', #3351, 0.05425091828883036500 ) ;
#3247 = CARTESIAN_POINT ( 'NONE',  ( -0.7499999999999996700, 0.5803149606299211600, 0.09948246940511164300 ) ) ;
#3248 = ORIENTED_EDGE ( 'NONE', *, *, #1761, .T. ) ;
#3249 = FACE_OUTER_BOUND ( 'NONE', #1855, .T. ) ;
#3250 = DIRECTION ( 'NONE',  ( -0.0000000000000000000, -0.0000000000000000000, -1.000000000000000000 ) ) ;
#3251 = CARTESIAN_POINT ( 'NONE',  ( 0.7342519685039367000, -1.365923996832131600E-016, 0.1053149606299211700 ) ) ;
#3252 = ADVANCED_FACE ( 'NONE', ( #5056 ), #3177, .T. ) ;
#3253 = VECTOR ( 'NONE', #4220, 39.37007874015748100 ) ;
#3254 = FACE_OUTER_BOUND ( 'NONE', #3640, .T. ) ;
#3255 = ORIENTED_EDGE ( 'NONE', *, *, #91, .F. ) ;
#3256 = ORIENTED_EDGE ( 'NONE', *, *, #1724, .T. ) ;
#3257 = CARTESIAN_POINT ( 'NONE',  ( 0.6825000000000000000, 0.1349999999999998100, 0.1249999999999999600 ) ) ;
#3258 = COLOUR_RGB ( '',0.9686274509803921600, 0.8784313725490196000, 0.5999999999999999800 ) ;
#3259 = VECTOR ( 'NONE', #2329, 39.37007874015748100 ) ;
#3260 = ORIENTED_EDGE ( 'NONE', *, *, #2271, .F. ) ;
#3261 = STYLED_ITEM ( 'NONE', ( #4715 ), #681 ) ;
#3262 = VECTOR ( 'NONE', #2103, 39.37007874015748100 ) ;
#3263 = CARTESIAN_POINT ( 'NONE',  ( -1.031000000000000800, 0.2515788080029213700, 0.09048522344134479800 ) ) ;
#3264 = VECTOR ( 'NONE', #1504, 39.37007874015748100 ) ;
#3265 =( NAMED_UNIT ( * ) PLANE_ANGLE_UNIT ( ) SI_UNIT ( $, .RADIAN. ) );
#3266 = EDGE_CURVE ( 'NONE', #3866, #3008, #2168, .T. ) ;
#3267 = DIRECTION ( 'NONE',  ( -1.000000000000000000, 2.525070561829413700E-016, 0.0000000000000000000 ) ) ;
#3268 = ADVANCED_FACE ( 'NONE', ( #4724 ), #3117, .T. ) ;
#3269 = LINE ( 'NONE', #726, #2227 ) ;
#3270 = CARTESIAN_POINT ( 'NONE',  ( 0.7499999999999997800, 0.0000000000000000000, -0.1053149606299211700 ) ) ;
#3271 = DIRECTION ( 'NONE',  ( -2.525070561829413700E-016, 1.000000000000000000, 0.0000000000000000000 ) ) ;
#3272 = LINE ( 'NONE', #1323, #194 ) ;
#3273 = ORIENTED_EDGE ( 'NONE', *, *, #2494, .F. ) ;
#3274 = VECTOR ( 'NONE', #1587, 39.37007874015748100 ) ;
#3275 = CARTESIAN_POINT ( 'NONE',  ( 0.8449999999999997500, 0.03937007874015744500, 0.06927281597899326300 ) ) ;
#3276 = VERTEX_POINT ( 'NONE', #4386 ) ;
#3277 = EDGE_CURVE ( 'NONE', #2589, #2099, #5185, .T. ) ;
#3278 = DIRECTION ( 'NONE',  ( -0.0000000000000000000, -0.0000000000000000000, -1.000000000000000000 ) ) ;
#3279 = ORIENTED_EDGE ( 'NONE', *, *, #4336, .T. ) ;
#3280 = FACE_OUTER_BOUND ( 'NONE', #502, .T. ) ;
#3281 = ORIENTED_EDGE ( 'NONE', *, *, #4547, .F. ) ;
#3282 = STYLED_ITEM ( 'NONE', ( #5321 ), #3252 ) ;
#3283 = LINE ( 'NONE', #614, #4268 ) ;
#3284 = VECTOR ( 'NONE', #2693, 39.37007874015748100 ) ;
#3285 = DIRECTION ( 'NONE',  ( 0.0000000000000000000, -0.0000000000000000000, -1.000000000000000000 ) ) ;
#3286 = ORIENTED_EDGE ( 'NONE', *, *, #5304, .F. ) ;
#3287 = EDGE_LOOP ( 'NONE', ( #4929, #1854, #4528, #947 ) ) ;
#3288 = CARTESIAN_POINT ( 'NONE',  ( -0.6808836070401279600, 0.3191161935820782100, -0.3245001814395361800 ) ) ;
#3289 = ORIENTED_EDGE ( 'NONE', *, *, #5158, .T. ) ;
#3290 = EDGE_CURVE ( 'NONE', #198, #4083, #1253, .T. ) ;
#3291 = FACE_OUTER_BOUND ( 'NONE', #4798, .T. ) ;
#3292 = CARTESIAN_POINT ( 'NONE',  ( 1.031000000000000800, 0.2787401574803150000, 0.1250000000000000600 ) ) ;
#3293 = EDGE_LOOP ( 'NONE', ( #4738, #2575, #2901, #1127 ) ) ;
#3294 = DIRECTION ( 'NONE',  ( -0.0000000000000000000, 1.000000000000000000, -0.0000000000000000000 ) ) ;
#3295 = ORIENTED_EDGE ( 'NONE', *, *, #2776, .T. ) ;
#3296 = DIRECTION ( 'NONE',  ( -2.525070561829413700E-016, -1.000000000000000000, 0.0000000000000000000 ) ) ;
#3297 = ORIENTED_EDGE ( 'NONE', *, *, #3140, .F. ) ;
#3298 =( LENGTH_UNIT ( ) NAMED_UNIT ( * ) SI_UNIT ( $, .METRE. ) );
#3299 = VERTEX_POINT ( 'NONE', #4817 ) ;
#3300 = PLANE ( 'NONE',  #2037 ) ;
#3301 = ORIENTED_EDGE ( 'NONE', *, *, #2065, .T. ) ;
#3302 = DIRECTION ( 'NONE',  ( -0.0000000000000000000, -0.0000000000000000000, -1.000000000000000000 ) ) ;
#3303 = FILL_AREA_STYLE_COLOUR ( '', #5111 ) ;
#3304 = ORIENTED_EDGE ( 'NONE', *, *, #5186, .T. ) ;
#3305 = CARTESIAN_POINT ( 'NONE',  ( -0.6825000000000000000, -0.07031181106330226800, -0.1053149606299212400 ) ) ;
#3306 = SURFACE_STYLE_FILL_AREA ( #1118 ) ;
#3307 = EDGE_CURVE ( 'NONE', #707, #3778, #2556, .T. ) ;
#3308 = VERTEX_POINT ( 'NONE', #1081 ) ;
#3309 = CARTESIAN_POINT ( 'NONE',  ( -0.7342519685039365900, 0.2787401574803148900, 0.09948246940511164300 ) ) ;
#3310 = AXIS2_PLACEMENT_3D ( 'NONE', #2846, #88, #2361 ) ;
#3311 = LENGTH_MEASURE_WITH_UNIT ( LENGTH_MEASURE( 0.02539999999999999900 ), #1712 );
#3312 = ORIENTED_EDGE ( 'NONE', *, *, #4656, .T. ) ;
#3313 = CARTESIAN_POINT ( 'NONE',  ( -0.7342519685039365900, 0.3267109829751011500, 0.0000000000000000000 ) ) ;
#3314 = EDGE_CURVE ( 'NONE', #1051, #3476, #1109, .T. ) ;
#3315 = AXIS2_PLACEMENT_3D ( 'NONE', #3263, #3632, #4935 ) ;
#3316 = VERTEX_POINT ( 'NONE', #4000 ) ;
#3317 =( NAMED_UNIT ( * ) SI_UNIT ( $, .STERADIAN. ) SOLID_ANGLE_UNIT ( ) );
#3318 = LENGTH_MEASURE_WITH_UNIT ( LENGTH_MEASURE( 0.02539999999999999900 ), #2082 );
#3319 = VECTOR ( 'NONE', #1737, 39.37007874015748100 ) ;
#3320 = CARTESIAN_POINT ( 'NONE',  ( -0.7499999999999997800, 0.5999999999999999800, 0.1250000000000000600 ) ) ;
#3321 = ADVANCED_FACE ( 'NONE', ( #1387 ), #4834, .T. ) ;
#3322 = CARTESIAN_POINT ( 'NONE',  ( 0.6094273320812657600, 0.2482104724122009000, 0.1250000000000000600 ) ) ;
#3323 = ORIENTED_EDGE ( 'NONE', *, *, #307, .F. ) ;
#3324 = AXIS2_PLACEMENT_3D ( 'NONE', #5402, #3663, #2890 ) ;
#3325 = DIRECTION ( 'NONE',  ( -0.0000000000000000000, -0.0000000000000000000, -1.000000000000000000 ) ) ;
#3326 = PRESENTATION_STYLE_ASSIGNMENT (( #3427 ) ) ;
#3327 = PRESENTATION_STYLE_ASSIGNMENT (( #2789 ) ) ;
#3328 = DIRECTION ( 'NONE',  ( 0.0000000000000000000, -0.0000000000000000000, -1.000000000000000000 ) ) ;
#3329 = DIRECTION ( 'NONE',  ( 0.0000000000000000000, 0.0000000000000000000, 1.000000000000000000 ) ) ;
#3330 = VECTOR ( 'NONE', #4862, 39.37007874015748100 ) ;
#3331 = VECTOR ( 'NONE', #3795, 39.37007874015748100 ) ;
#3332 = CARTESIAN_POINT ( 'NONE',  ( 0.6105563093158336000, 0.3967524751484143900, -0.1249999999999999900 ) ) ;
#3333 = AXIS2_PLACEMENT_3D ( 'NONE', #2531, #2200, #2597 ) ;
#3334 = FACE_OUTER_BOUND ( 'NONE', #1600, .T. ) ;
#3335 = DIRECTION ( 'NONE',  ( 1.000000000000000000, -0.0000000000000000000, -0.0000000000000000000 ) ) ;
#3336 = ORIENTED_EDGE ( 'NONE', *, *, #124, .F. ) ;
#3337 = FILL_AREA_STYLE_COLOUR ( '', #4594 ) ;
#3338 = EDGE_CURVE ( 'NONE', #3619, #2192, #3520, .T. ) ;
#3339 =( NAMED_UNIT ( * ) PLANE_ANGLE_UNIT ( ) SI_UNIT ( $, .RADIAN. ) );
#3340 = LINE ( 'NONE', #3726, #5000 ) ;
#3341 = ORIENTED_EDGE ( 'NONE', *, *, #3591, .T. ) ;
#3342 = DIRECTION ( 'NONE',  ( -0.0000000000000000000, -0.0000000000000000000, -1.000000000000000000 ) ) ;
#3343 = VECTOR ( 'NONE', #3797, 39.37007874015748100 ) ;
#3344 = ORIENTED_EDGE ( 'NONE', *, *, #5046, .F. ) ;
#3345 = CARTESIAN_POINT ( 'NONE',  ( -0.9801201070409663000, 0.0000000000000000000, -0.01740402468160772600 ) ) ;
#3346 = VERTEX_POINT ( 'NONE', #4963 ) ;
#3347 = ORIENTED_EDGE ( 'NONE', *, *, #1580, .T. ) ;
#3348 = CARTESIAN_POINT ( 'NONE',  ( -0.6825000000000000000, 0.1349999999999998100, -0.1249999999999999900 ) ) ;
#3349 = EDGE_CURVE ( 'NONE', #130, #873, #516, .T. ) ;
#3350 = VERTEX_POINT ( 'NONE', #3486 ) ;
#3351 = AXIS2_PLACEMENT_3D ( 'NONE', #1424, #548, #1836 ) ;
#3352 = CARTESIAN_POINT ( 'NONE',  ( 0.6825000000000000000, 0.1349999999999998100, -0.1249999999999999900 ) ) ;
#3353 = DIRECTION ( 'NONE',  ( -1.000000000000000000, 0.0000000000000000000, 0.0000000000000000000 ) ) ;
#3354 = VERTEX_POINT ( 'NONE', #984 ) ;
#3355 = DIRECTION ( 'NONE',  ( 1.000000000000000000, -2.525070561829413700E-016, -0.0000000000000000000 ) ) ;
#3356 = EDGE_CURVE ( 'NONE', #1698, #1617, #5150, .T. ) ;
#3357 = CARTESIAN_POINT ( 'NONE',  ( -0.9801201070409663000, 0.0000000000000000000, 0.01740402468160772600 ) ) ;
#3358 = CARTESIAN_POINT ( 'NONE',  ( 0.7104899079217181800, 0.5558435179377633200, 0.1250000000000000600 ) ) ;
#3359 = AXIS2_PLACEMENT_3D ( 'NONE', #1071, #5284, #292 ) ;
#3360 = CARTESIAN_POINT ( 'NONE',  ( 0.7736220472440942200, 0.01574803149606295400, -0.06927281597899327700 ) ) ;
#3361 = CARTESIAN_POINT ( 'NONE',  ( 0.1085708163636324000, 0.1506818173096967400, 0.3206299212598426300 ) ) ;
#3362 = DIRECTION ( 'NONE',  ( -0.0000000000000000000, -0.0000000000000000000, -1.000000000000000000 ) ) ;
#3363 = EDGE_LOOP ( 'NONE', ( #2834, #3398, #2166, #1356 ) ) ;
#3364 = DIRECTION ( 'NONE',  ( 0.0000000000000000000, 0.0000000000000000000, -1.000000000000000000 ) ) ;
#3365 =( LENGTH_UNIT ( ) NAMED_UNIT ( * ) SI_UNIT ( $, .METRE. ) );
#3366 = CARTESIAN_POINT ( 'NONE',  ( 1.031000000000000800, 0.2787401574803150000, -0.09948246940511164300 ) ) ;
#3367 = ORIENTED_EDGE ( 'NONE', *, *, #5253, .F. ) ;
#3368 = EDGE_CURVE ( 'NONE', #361, #1670, #1971, .T. ) ;
#3369 = VECTOR ( 'NONE', #214, 39.37007874015748100 ) ;
#3370 = CARTESIAN_POINT ( 'NONE',  ( 0.6181507432773606400, 0.3924603339927483800, 0.1250000000000000600 ) ) ;
#3371 = VECTOR ( 'NONE', #3074, 39.37007874015748100 ) ;
#3372 = CARTESIAN_POINT ( 'NONE',  ( 0.0000000000000000000, 0.5999999999999999800, 0.2787700759417753300 ) ) ;
#3373 = FACE_OUTER_BOUND ( 'NONE', #1196, .T. ) ;
#3374 = ORIENTED_EDGE ( 'NONE', *, *, #5024, .T. ) ;
#3375 = FILL_AREA_STYLE_COLOUR ( '', #2909 ) ;
#3376 = DIRECTION ( 'NONE',  ( 0.0000000000000000000, 0.0000000000000000000, -1.000000000000000000 ) ) ;
#3377 = VECTOR ( 'NONE', #302, 39.37007874015748100 ) ;
#3378 = EDGE_CURVE ( 'NONE', #1936, #4801, #323, .T. ) ;
#3379 = DIRECTION ( 'NONE',  ( 0.0000000000000000000, 0.0000000000000000000, -1.000000000000000000 ) ) ;
#3380 = VECTOR ( 'NONE', #4701, 39.37007874015748100 ) ;
#3381 = VERTEX_POINT ( 'NONE', #4651 ) ;
#3382 = AXIS2_PLACEMENT_3D ( 'NONE', #2518, #7, #4696 ) ;
#3383 = VERTEX_POINT ( 'NONE', #3826 ) ;
#3384 = VERTEX_POINT ( 'NONE', #3844 ) ;
#3385 = EDGE_CURVE ( 'NONE', #4459, #1674, #1319, .T. ) ;
#3386 = LINE ( 'NONE', #3673, #243 ) ;
#3387 = PLANE ( 'NONE',  #5167 ) ;
#3388 = ORIENTED_EDGE ( 'NONE', *, *, #2035, .F. ) ;
#3389 = CARTESIAN_POINT ( 'NONE',  ( -0.8560000000000006500, 0.0000000000000000000, 0.1250000000000002500 ) ) ;
#3390 = DIRECTION ( 'NONE',  ( 0.0000000000000000000, 0.0000000000000000000, -1.000000000000000000 ) ) ;
#3391 = LENGTH_MEASURE_WITH_UNIT ( LENGTH_MEASURE( 0.02539999999999999900 ), #1123 );
#3392 = CARTESIAN_POINT ( 'NONE',  ( -0.7499999999999997800, 0.03937007874015744500, 0.1250000000000000600 ) ) ;
#3393 = EDGE_CURVE ( 'NONE', #4465, #3201, #1833, .T. ) ;
#3394 = ORIENTED_EDGE ( 'NONE', *, *, #2583, .F. ) ;
#3395 = DIRECTION ( 'NONE',  ( 1.000000000000000000, 0.0000000000000000000, 0.0000000000000000000 ) ) ;
#3396 = DIRECTION ( 'NONE',  ( 0.0000000000000000000, 1.000000000000000000, 1.224955720424438600E-016 ) ) ;
#3397 = LINE ( 'NONE', #2707, #3982 ) ;
#3398 = ORIENTED_EDGE ( 'NONE', *, *, #5054, .T. ) ;
#3399 = VERTEX_POINT ( 'NONE', #1315 ) ;
#3400 = EDGE_LOOP ( 'NONE', ( #3716, #3838, #3374, #5025, #3394, #1923 ) ) ;
#3401 = PLANE ( 'NONE',  #2432 ) ;
#3402 = ORIENTED_EDGE ( 'NONE', *, *, #197, .F. ) ;
#3403 = VECTOR ( 'NONE', #3325, 39.37007874015748100 ) ;
#3404 = COLOUR_RGB ( '',0.9686274509803921600, 0.8784313725490196000, 0.5999999999999999800 ) ;
#3405 = DIRECTION ( 'NONE',  ( 0.01745240643727697200, -0.9998476951563912700, 0.0000000000000000000 ) ) ;
#3406 = VERTEX_POINT ( 'NONE', #2970 ) ;
#3407 = FILL_AREA_STYLE ('',( #2984 ) ) ;
#3408 = EDGE_CURVE ( 'NONE', #3952, #3118, #1451, .T. ) ;
#3409 = ORIENTED_EDGE ( 'NONE', *, *, #3447, .F. ) ;
#3410 = DIRECTION ( 'NONE',  ( 0.0000000000000000000, 0.0000000000000000000, -1.000000000000000000 ) ) ;
#3411 = ORIENTED_EDGE ( 'NONE', *, *, #2784, .F. ) ;
#3412 = CARTESIAN_POINT ( 'NONE',  ( -0.1085708163636324000, 0.1506818173096967400, -0.3206299212598426300 ) ) ;
#3413 = LINE ( 'NONE', #1001, #1796 ) ;
#3414 = CARTESIAN_POINT ( 'NONE',  ( 0.6891855407090297100, 0.5678840928867638900, -0.1249999999999999900 ) ) ;
#3415 = EDGE_CURVE ( 'NONE', #3832, #366, #2222, .T. ) ;
#3416 = UNCERTAINTY_MEASURE_WITH_UNIT (LENGTH_MEASURE( 1.000000000000000100E-005 ), #3994, 'distance_accuracy_value', 'NONE');
#3417 = ORIENTED_EDGE ( 'NONE', *, *, #1853, .F. ) ;
#3418 = DIRECTION ( 'NONE',  ( -0.0000000000000000000, -1.000000000000000000, -1.224955720424438600E-016 ) ) ;
#3419 = DIRECTION ( 'NONE',  ( -1.000000000000000000, 0.0000000000000000000, 0.0000000000000000000 ) ) ;
#3420 = ORIENTED_EDGE ( 'NONE', *, *, #5164, .T. ) ;
#3421 = STYLED_ITEM ( 'NONE', ( #4990 ), #296 ) ;
#3422 = VERTEX_POINT ( 'NONE', #2955 ) ;
#3423 = CARTESIAN_POINT ( 'NONE',  ( -0.7499999999999997800, 0.2515788080029213200, -0.09048522344134479800 ) ) ;
#3424 = CARTESIAN_POINT ( 'NONE',  ( 0.7342519685039365900, 0.2787401574803148900, 0.1250000000000000600 ) ) ;
#3425 = CARTESIAN_POINT ( 'NONE',  ( 0.7342519685039365900, 0.5803149606299211600, -0.1249999999999999300 ) ) ;
#3426 = DIRECTION ( 'NONE',  ( -1.000000000000000000, 0.0000000000000000000, 0.0000000000000000000 ) ) ;
#3427 = SURFACE_STYLE_USAGE ( .BOTH. , #4717 ) ;
#3428 = CYLINDRICAL_SURFACE ( 'NONE', #4806, 0.02362204724409448100 ) ;
#3429 = FACE_OUTER_BOUND ( 'NONE', #2855, .T. ) ;
#3430 = ORIENTED_EDGE ( 'NONE', *, *, #1889, .F. ) ;
#3431 = FACE_OUTER_BOUND ( 'NONE', #4264, .T. ) ;
#3432 = EDGE_CURVE ( 'NONE', #1245, #5401, #184, .T. ) ;
#3433 = SURFACE_STYLE_USAGE ( .BOTH. , #4741 ) ;
#3434 = SURFACE_STYLE_FILL_AREA ( #2627 ) ;
#3435 = FACE_OUTER_BOUND ( 'NONE', #5022, .T. ) ;
#3436 = CARTESIAN_POINT ( 'NONE',  ( 0.8352129783247008700, 0.5606980962574910100, -0.2915400385671661500 ) ) ;
#3437 = VECTOR ( 'NONE', #4376, 39.37007874015748100 ) ;
#3438 = ORIENTED_EDGE ( 'NONE', *, *, #2796, .T. ) ;
#3439 = CARTESIAN_POINT ( 'NONE',  ( 0.6825000000000000000, 0.3349999999999999100, -0.3250000000000000700 ) ) ;
#3440 = EDGE_CURVE ( 'NONE', #3422, #2741, #4845, .T. ) ;
#3441 = LINE ( 'NONE', #2811, #1374 ) ;
#3442 = SURFACE_STYLE_FILL_AREA ( #4164 ) ;
#3443 = AXIS2_PLACEMENT_3D ( 'NONE', #4899, #2317, #4441 ) ;
#3444 = ORIENTED_EDGE ( 'NONE', *, *, #3349, .F. ) ;
#3445 = SURFACE_STYLE_FILL_AREA ( #2266 ) ;
#3446 = CARTESIAN_POINT ( 'NONE',  ( 0.6825000000000000000, -0.07031181106330226800, -0.1053149606299211700 ) ) ;
#3447 = EDGE_CURVE ( 'NONE', #504, #4803, #4, .T. ) ;
#3448 = PLANE ( 'NONE',  #489 ) ;
#3449 = CARTESIAN_POINT ( 'NONE',  ( 0.7499999999999997800, 0.2787401574803149400, 0.1249999999999999200 ) ) ;
#3450 = VECTOR ( 'NONE', #376, 39.37007874015748100 ) ;
#3451 = VECTOR ( 'NONE', #3028, 39.37007874015748100 ) ;
#3452 = DIRECTION ( 'NONE',  ( -1.000000000000000000, 0.0000000000000000000, 0.0000000000000000000 ) ) ;
#3453 = PLANE ( 'NONE',  #5216 ) ;
#3454 = ORIENTED_EDGE ( 'NONE', *, *, #5186, .F. ) ;
#3455 = DIRECTION ( 'NONE',  ( -1.000000000000000000, 2.525070561829413700E-016, 0.0000000000000000000 ) ) ;
#3456 = FILL_AREA_STYLE_COLOUR ( '', #4439 ) ;
#3457 = ORIENTED_EDGE ( 'NONE', *, *, #3518, .T. ) ;
#3458 = VECTOR ( 'NONE', #821, 39.37007874015748100 ) ;
#3459 = LENGTH_MEASURE_WITH_UNIT ( LENGTH_MEASURE( 0.02539999999999999900 ), #386 );
#3460 = ORIENTED_EDGE ( 'NONE', *, *, #2920, .F. ) ;
#3461 = CARTESIAN_POINT ( 'NONE',  ( -0.6825000000000000000, 0.2787401574803149400, -0.1249999999999999900 ) ) ;
#3462 = CYLINDRICAL_SURFACE ( 'NONE', #2553, 0.008723411196094932300 ) ;
#3463 = LINE ( 'NONE', #1924, #3142 ) ;
#3464 = VERTEX_POINT ( 'NONE', #3712 ) ;
#3465 = ORIENTED_EDGE ( 'NONE', *, *, #2716, .T. ) ;
#3466 = LINE ( 'NONE', #5355, #592 ) ;
#3467 = EDGE_LOOP ( 'NONE', ( #3079, #1317, #2718, #148, #2188, #206 ) ) ;
#3468 = CARTESIAN_POINT ( 'NONE',  ( 0.6825000000000000000, 0.5999999999999999800, 0.1250000000000000600 ) ) ;
#3469 = LINE ( 'NONE', #1540, #3213 ) ;
#3470 = DIRECTION ( 'NONE',  ( -1.000000000000000000, 0.0000000000000000000, 0.0000000000000000000 ) ) ;
#3471 = VERTEX_POINT ( 'NONE', #5143 ) ;
#3472 = DIRECTION ( 'NONE',  ( 2.525070561829413700E-016, 1.000000000000000000, 0.0000000000000000000 ) ) ;
#3473 = EDGE_LOOP ( 'NONE', ( #18, #4982, #3711, #1490, #1488, #3279 ) ) ;
#3474 = PLANE ( 'NONE',  #142 ) ;
#3475 = EDGE_CURVE ( 'NONE', #1734, #3215, #2495, .T. ) ;
#3476 = VERTEX_POINT ( 'NONE', #4676 ) ;
#3477 = CARTESIAN_POINT ( 'NONE',  ( -1.031000000000000800, 0.2515788080029213700, -0.09048522344134479800 ) ) ;
#3478 = LENGTH_MEASURE_WITH_UNIT ( LENGTH_MEASURE( 0.02539999999999999900 ), #183 );
#3479 = AXIS2_PLACEMENT_3D ( 'NONE', #744, #1581, #778 ) ;
#3480 = CARTESIAN_POINT ( 'NONE',  ( 0.8560000000000005400, 0.01574803149606299200, -0.06927281597899327700 ) ) ;
#3481 = VERTEX_POINT ( 'NONE', #882 ) ;
#3482 = DIRECTION ( 'NONE',  ( 0.0000000000000000000, 0.0000000000000000000, -1.000000000000000000 ) ) ;
#3483 = DIRECTION ( 'NONE',  ( -0.0000000000000000000, -0.0000000000000000000, 1.000000000000000000 ) ) ;
#3484 = EDGE_CURVE ( 'NONE', #5378, #1260, #4250, .T. ) ;
#3485 = DIRECTION ( 'NONE',  ( 0.8705807614487537400, -0.4920255458767440200, 0.0000000000000000000 ) ) ;
#3486 = CARTESIAN_POINT ( 'NONE',  ( 0.6825000000000000000, 0.5999999999999999800, -0.2787700759417754400 ) ) ;
#3487 =( LENGTH_UNIT ( ) NAMED_UNIT ( * ) SI_UNIT ( $, .METRE. ) );
#3488 = ORIENTED_EDGE ( 'NONE', *, *, #3524, .T. ) ;
#3489 = LINE ( 'NONE', #4616, #38 ) ;
#3490 = DIRECTION ( 'NONE',  ( -1.000000000000000000, 0.0000000000000000000, 0.0000000000000000000 ) ) ;
#3491 = AXIS2_PLACEMENT_3D ( 'NONE', #5437, #4606, #445 ) ;
#3492 = CARTESIAN_POINT ( 'NONE',  ( -0.8449999999999997500, 0.0000000000000000000, -0.06927281597899326300 ) ) ;
#3493 = ORIENTED_EDGE ( 'NONE', *, *, #2165, .T. ) ;
#3494 = DIRECTION ( 'NONE',  ( -1.000000000000000000, 2.525070561829413700E-016, 0.0000000000000000000 ) ) ;
#3495 = LINE ( 'NONE', #328, #3572 ) ;
#3496 = LINE ( 'NONE', #5048, #1759 ) ;
#3497 = VECTOR ( 'NONE', #160, 39.37007874015748100 ) ;
#3498 = ORIENTED_EDGE ( 'NONE', *, *, #476, .F. ) ;
#3499 = CARTESIAN_POINT ( 'NONE',  ( -0.7952190705184454300, 0.5999999999999999800, 0.2787700759417748900 ) ) ;
#3500 = ADVANCED_FACE ( 'NONE', ( #4312 ), #55, .F. ) ;
#3501 = AXIS2_PLACEMENT_3D ( 'NONE', #351, #5391, #1646 ) ;
#3502 = VECTOR ( 'NONE', #687, 39.37007874015748100 ) ;
#3503 = ORIENTED_EDGE ( 'NONE', *, *, #5329, .F. ) ;
#3504 = ADVANCED_FACE ( 'NONE', ( #967 ), #39, .T. ) ;
#3505 = CARTESIAN_POINT ( 'NONE',  ( 0.1085708163636324000, 0.0000000000000000000, -0.3600000000000001000 ) ) ;
#3506 = LINE ( 'NONE', #419, #4102 ) ;
#3507 = LINE ( 'NONE', #4587, #2278 ) ;
#3508 = EDGE_CURVE ( 'NONE', #1333, #341, #1033, .T. ) ;
#3509 = ORIENTED_EDGE ( 'NONE', *, *, #2191, .T. ) ;
#3510 = DIRECTION ( 'NONE',  ( 0.0000000000000000000, -1.224955720424438600E-016, 1.000000000000000000 ) ) ;
#3511 = FILL_AREA_STYLE_COLOUR ( '', #3865 ) ;
#3512 =( BOUNDED_CURVE ( )  B_SPLINE_CURVE ( 3, ( #3072, #3943, #188, #1845 ),
 .UNSPECIFIED., .F., .T. ) 
 B_SPLINE_CURVE_WITH_KNOTS ( ( 4, 4 ),
 ( 4.729842272904625700, 6.283185307179586200 ),
 .UNSPECIFIED. ) 
 CURVE ( )  GEOMETRIC_REPRESENTATION_ITEM ( )  RATIONAL_B_SPLINE_CURVE ( ( 1.000000000000000000, 0.8088336327694527500, 0.8088336327694527500, 1.000000000000000000 ) ) 
 REPRESENTATION_ITEM ( '' )  );
#3513 = DIRECTION ( 'NONE',  ( 0.0000000000000000000, 1.000000000000000000, 0.0000000000000000000 ) ) ;
#3514 = FACE_OUTER_BOUND ( 'NONE', #1754, .T. ) ;
#3515 = DIRECTION ( 'NONE',  ( -0.01745240643727697200, -0.9998476951563912700, 0.0000000000000000000 ) ) ;
#3516 = ORIENTED_EDGE ( 'NONE', *, *, #2073, .T. ) ;
#3517 = EDGE_LOOP ( 'NONE', ( #3849, #3733 ) ) ;
#3518 = EDGE_CURVE ( 'NONE', #1875, #3991, #536, .T. ) ;
#3519 = DIMENSIONAL_EXPONENTS ( 1.000000000000000000, 0.0000000000000000000, 0.0000000000000000000, 0.0000000000000000000, 0.0000000000000000000, 0.0000000000000000000, 0.0000000000000000000 ) ;
#3520 = LINE ( 'NONE', #1161, #3596 ) ;
#3521 = PRESENTATION_LAYER_ASSIGNMENT (  '', '', ( #3867 ) ) ;
#3522 = DIRECTION ( 'NONE',  ( 0.0000000000000000000, -1.000000000000000000, 0.0000000000000000000 ) ) ;
#3523 = VECTOR ( 'NONE', #818, 39.37007874015748100 ) ;
#3524 = EDGE_CURVE ( 'NONE', #4706, #4503, #2995, .T. ) ;
#3525 = AXIS2_PLACEMENT_3D ( 'NONE', #1927, #3597, #1093 ) ;
#3526 = VECTOR ( 'NONE', #4788, 39.37007874015748100 ) ;
#3527 = CARTESIAN_POINT ( 'NONE',  ( 0.6825000000000000000, -0.07031181106330226800, 0.1053149606299211700 ) ) ;
#3528 = ORIENTED_EDGE ( 'NONE', *, *, #4869, .F. ) ;
#3529 = FACE_OUTER_BOUND ( 'NONE', #3015, .T. ) ;
#3530 = AXIS2_PLACEMENT_3D ( 'NONE', #244, #4006, #1531 ) ;
#3531 = ORIENTED_EDGE ( 'NONE', *, *, #1215, .F. ) ;
#3532 = DIRECTION ( 'NONE',  ( -1.000000000000000000, 2.525070561829413700E-016, 0.0000000000000000000 ) ) ;
#3533 = FACE_OUTER_BOUND ( 'NONE', #2867, .T. ) ;
#3534 = ORIENTED_EDGE ( 'NONE', *, *, #4258, .T. ) ;
#3535 = DIRECTION ( 'NONE',  ( -1.000000000000000000, 0.0000000000000000000, -0.0000000000000000000 ) ) ;
#3536 = SURFACE_STYLE_FILL_AREA ( #453 ) ;
#3537 = VERTEX_POINT ( 'NONE', #192 ) ;
#3538 = FACE_OUTER_BOUND ( 'NONE', #4731, .T. ) ;
#3539 = ADVANCED_FACE ( 'NONE', ( #2804 ), #4283, .T. ) ;
#3540 = LINE ( 'NONE', #2362, #4861 ) ;
#3541 =( GEOMETRIC_REPRESENTATION_CONTEXT ( 3 ) GLOBAL_UNCERTAINTY_ASSIGNED_CONTEXT ( ( #1820 ) ) GLOBAL_UNIT_ASSIGNED_CONTEXT ( ( #145, #2720, #4339 ) ) REPRESENTATION_CONTEXT ( 'NONE', 'WORKASPACE' ) );
#3542 = EDGE_LOOP ( 'NONE', ( #2423, #2822, #5424, #2088 ) ) ;
#3543 = DIRECTION ( 'NONE',  ( 1.000000000000000000, -5.485638541494504800E-017, 0.0000000000000000000 ) ) ;
#3544 = ORIENTED_EDGE ( 'NONE', *, *, #2978, .F. ) ;
#3545 = CARTESIAN_POINT ( 'NONE',  ( 0.6264866389403355200, 0.2749999999999999700, -0.3157878402833892400 ) ) ;
#3546 = CARTESIAN_POINT ( 'NONE',  ( 0.0000000000000000000, 0.0000000000000000000, -0.3600000000000001000 ) ) ;
#3547 = VERTEX_POINT ( 'NONE', #542 ) ;
#3548 = ADVANCED_FACE ( 'NONE', ( #5250 ), #153, .F. ) ;
#3549 = PLANE ( 'NONE',  #2470 ) ;
#3550 = EDGE_CURVE ( 'NONE', #4821, #167, #1382, .T. ) ;
#3551 = DIRECTION ( 'NONE',  ( -0.0000000000000000000, -0.0000000000000000000, -1.000000000000000000 ) ) ;
#3552 = CARTESIAN_POINT ( 'NONE',  ( 0.6591045509426244300, 0.2872988369956139800, -0.3192411867423511400 ) ) ;
#3553 = ORIENTED_EDGE ( 'NONE', *, *, #4428, .F. ) ;
#3554 = DIMENSIONAL_EXPONENTS ( 1.000000000000000000, 0.0000000000000000000, 0.0000000000000000000, 0.0000000000000000000, 0.0000000000000000000, 0.0000000000000000000, 0.0000000000000000000 ) ;
#3555 = CARTESIAN_POINT ( 'NONE',  ( 0.5936793005852028000, 0.2482104724122009000, 0.1250000000000000600 ) ) ;
#3556 = VERTEX_POINT ( 'NONE', #3480 ) ;
#3557 = SURFACE_STYLE_FILL_AREA ( #1472 ) ;
#3558 = DIRECTION ( 'NONE',  ( -1.000000000000000000, 0.0000000000000000000, 0.0000000000000000000 ) ) ;
#3559 = EDGE_CURVE ( 'NONE', #1920, #1637, #3724, .T. ) ;
#3560 = PRESENTATION_LAYER_ASSIGNMENT (  '', '', ( #3282 ) ) ;
#3561 = CLOSED_SHELL ( 'NONE', ( #1078, #4394, #603, #3191, #4787, #421, #1090, #4562, #2257, #4539, #4815, #4431, #2382, #1631, #2292, #2907, #1877, #639, #2290, #4854, #3697, #4148, #3236, #2715, #5375, #4179, #1997, #4080, #4464, #1648, #2023, #4368, #5385, #4921, #4004, #3321, #2010, #4478, #3539, #812, #2436, #4423, #5021, #3967, #3638, #4119, #4962, #4906, #700, #756, #1040, #3939, #2325, #1977 ) ) ;
#3562 = CARTESIAN_POINT ( 'NONE',  ( -0.7499999999999997800, 0.2515788080029213200, 0.09048522344134479800 ) ) ;
#3563 = CARTESIAN_POINT ( 'NONE',  ( -0.6805697955900481500, 0.3194020319167261700, 0.3244280871259778700 ) ) ;
#3564 = DIRECTION ( 'NONE',  ( 0.0000000000000000000, 0.0000000000000000000, 1.000000000000000000 ) ) ;
#3565 = PRESENTATION_STYLE_ASSIGNMENT (( #741 ) ) ;
#3566 = EDGE_CURVE ( 'NONE', #606, #981, #5443, .T. ) ;
#3567 = DIRECTION ( 'NONE',  ( 0.0000000000000000000, -0.0000000000000000000, -1.000000000000000000 ) ) ;
#3568 = VECTOR ( 'NONE', #1552, 39.37007874015748100 ) ;
#3569 = VERTEX_POINT ( 'NONE', #2252 ) ;
#3570 = AXIS2_PLACEMENT_3D ( 'NONE', #2608, #2581, #3452 ) ;
#3571 = CARTESIAN_POINT ( 'NONE',  ( 0.7736220472440942200, 0.01574803149606299200, 0.1250000000000000600 ) ) ;
#3572 = VECTOR ( 'NONE', #3250, 39.37007874015748100 ) ;
#3573 = AXIS2_PLACEMENT_3D ( 'NONE', #3731, #847, #3296 ) ;
#3574 = ORIENTED_EDGE ( 'NONE', *, *, #465, .F. ) ;
#3575 = SURFACE_STYLE_FILL_AREA ( #3216 ) ;
#3576 = ADVANCED_FACE ( 'NONE', ( #4045 ), #5157, .F. ) ;
#3577 =( NAMED_UNIT ( * ) SI_UNIT ( $, .STERADIAN. ) SOLID_ANGLE_UNIT ( ) );
#3578 = ORIENTED_EDGE ( 'NONE', *, *, #3864, .T. ) ;
#3579 = DIRECTION ( 'NONE',  ( -1.000000000000000000, -2.525070561829413700E-016, -0.0000000000000000000 ) ) ;
#3580 = DIMENSIONAL_EXPONENTS ( 1.000000000000000000, 0.0000000000000000000, 0.0000000000000000000, 0.0000000000000000000, 0.0000000000000000000, 0.0000000000000000000, 0.0000000000000000000 ) ;
#3581 = CIRCLE ( 'NONE', #2120, 0.05425091828883036500 ) ;
#3582 = CARTESIAN_POINT ( 'NONE',  ( 0.7342519685039367000, 0.03937007874015743800, 0.09048522344134479800 ) ) ;
#3583 = DIRECTION ( 'NONE',  ( -1.000000000000000000, 0.0000000000000000000, 0.0000000000000000000 ) ) ;
#3584 = CARTESIAN_POINT ( 'NONE',  ( 0.6825000000000000000, 0.2787401574803149400, 0.1249999999999999200 ) ) ;
#3585 = EDGE_LOOP ( 'NONE', ( #1980, #1022, #712, #3688 ) ) ;
#3586 = CARTESIAN_POINT ( 'NONE',  ( -0.6825000000000000000, 0.3349999999999999100, -0.3250000000000000700 ) ) ;
#3587 = VECTOR ( 'NONE', #2018, 39.37007874015748100 ) ;
#3588 = VERTEX_POINT ( 'NONE', #3908 ) ;
#3589 = CARTESIAN_POINT ( 'NONE',  ( -0.6224999999999999400, 0.2749999999999999100, -0.3600000000000003800 ) ) ;
#3590 = UNCERTAINTY_MEASURE_WITH_UNIT (LENGTH_MEASURE( 1.000000000000000100E-005 ), #1699, 'distance_accuracy_value', 'NONE');
#3591 = EDGE_CURVE ( 'NONE', #3738, #1292, #718, .T. ) ;
#3592 = VECTOR ( 'NONE', #4378, 39.37007874015748100 ) ;
#3593 = AXIS2_PLACEMENT_3D ( 'NONE', #4031, #678, #311 ) ;
#3594 = FILL_AREA_STYLE_COLOUR ( '', #3404 ) ;
#3595 = DIRECTION ( 'NONE',  ( -0.0000000000000000000, 1.000000000000000000, -0.0000000000000000000 ) ) ;
#3596 = VECTOR ( 'NONE', #2801, 39.37007874015748100 ) ;
#3597 = DIRECTION ( 'NONE',  ( -0.0000000000000000000, 0.0000000000000000000, 1.000000000000000000 ) ) ;
#3598 = EDGE_CURVE ( 'NONE', #3751, #2630, #5051, .T. ) ;
#3599 = CARTESIAN_POINT ( 'NONE',  ( 0.9801201070409663000, 0.0000000000000000000, -0.01740402468160772600 ) ) ;
#3600 = VERTEX_POINT ( 'NONE', #1851 ) ;
#3601 = CARTESIAN_POINT ( 'NONE',  ( -0.6224999999999999400, 0.3349999999999999100, -0.3600000000000003800 ) ) ;
#3602 = CARTESIAN_POINT ( 'NONE',  ( -1.031000000000000800, 0.2787401574803150000, -0.1250000000000000600 ) ) ;
#3603 = ADVANCED_FACE ( 'NONE', ( #2102, #3784 ), #3089, .T. ) ;
#3604 = VERTEX_POINT ( 'NONE', #4345 ) ;
#3605 = VECTOR ( 'NONE', #4874, 39.37007874015748100 ) ;
#3606 = VECTOR ( 'NONE', #486, 39.37007874015748100 ) ;
#3607 = ORIENTED_EDGE ( 'NONE', *, *, #1288, .T. ) ;
#3608 = CARTESIAN_POINT ( 'NONE',  ( 0.8560000000000005400, -1.628373440712190500E-019, 0.06927281597899326300 ) ) ;
#3609 = FACE_OUTER_BOUND ( 'NONE', #487, .T. ) ;
#3610 = VERTEX_POINT ( 'NONE', #1943 ) ;
#3611 = DIMENSIONAL_EXPONENTS ( 1.000000000000000000, 0.0000000000000000000, 0.0000000000000000000, 0.0000000000000000000, 0.0000000000000000000, 0.0000000000000000000, 0.0000000000000000000 ) ;
#3612 = CARTESIAN_POINT ( 'NONE',  ( 0.0000000000000000000, 0.0000000000000000000, 0.3600000000000001000 ) ) ;
#3613 = ORIENTED_EDGE ( 'NONE', *, *, #2642, .T. ) ;
#3614 = ORIENTED_EDGE ( 'NONE', *, *, #4302, .T. ) ;
#3615 = LINE ( 'NONE', #737, #1991 ) ;
#3616 = DIRECTION ( 'NONE',  ( -1.000000000000000000, 0.0000000000000000000, 0.0000000000000000000 ) ) ;
#3617 = ORIENTED_EDGE ( 'NONE', *, *, #3713, .T. ) ;
#3618 = CARTESIAN_POINT ( 'NONE',  ( -0.7499999999999996700, 0.5803149606299211600, -0.1249999999999999300 ) ) ;
#3619 = VERTEX_POINT ( 'NONE', #654 ) ;
#3620 = DIRECTION ( 'NONE',  ( 0.0000000000000000000, -0.0000000000000000000, -1.000000000000000000 ) ) ;
#3621 = ORIENTED_EDGE ( 'NONE', *, *, #3368, .F. ) ;
#3622 = CIRCLE ( 'NONE', #2013, 0.05741893336898970500 ) ;
#3623 = DIRECTION ( 'NONE',  ( 0.0000000000000000000, 0.0000000000000000000, -1.000000000000000000 ) ) ;
#3624 = EDGE_CURVE ( 'NONE', #3008, #1985, #1719, .T. ) ;
#3625 = EDGE_LOOP ( 'NONE', ( #2028, #809, #1743, #2567 ) ) ;
#3626 = DIRECTION ( 'NONE',  ( -1.000000000000000000, 0.0000000000000000000, 0.0000000000000000000 ) ) ;
#3627 = ADVANCED_FACE ( 'NONE', ( #249 ), #5303, .F. ) ;
#3628 = EDGE_CURVE ( 'NONE', #1276, #375, #647, .T. ) ;
#3629 = ORIENTED_EDGE ( 'NONE', *, *, #565, .F. ) ;
#3630 = DIRECTION ( 'NONE',  ( 0.0000000000000000000, 0.0000000000000000000, -1.000000000000000000 ) ) ;
#3631 = VECTOR ( 'NONE', #2118, 39.37007874015748100 ) ;
#3632 = DIRECTION ( 'NONE',  ( 0.0000000000000000000, 0.0000000000000000000, -1.000000000000000000 ) ) ;
#3633 = ORIENTED_EDGE ( 'NONE', *, *, #3675, .T. ) ;
#3634 = CARTESIAN_POINT ( 'NONE',  ( 0.7499999999999997800, 0.2787401574803149400, 0.1053149606299211700 ) ) ;
#3635 = DIRECTION ( 'NONE',  ( 0.0000000000000000000, -0.0000000000000000000, 1.000000000000000000 ) ) ;
#3636 = EDGE_CURVE ( 'NONE', #1245, #1649, #3898, .T. ) ;
#3637 =( NAMED_UNIT ( * ) PLANE_ANGLE_UNIT ( ) SI_UNIT ( $, .RADIAN. ) );
#3638 = ADVANCED_FACE ( 'NONE', ( #4986 ), #4916, .T. ) ;
#3639 = LINE ( 'NONE', #3918, #1002 ) ;
#3640 = EDGE_LOOP ( 'NONE', ( #930, #5338, #3649, #1086 ) ) ;
#3641 = DIRECTION ( 'NONE',  ( -1.000000000000000000, 9.573036100600765300E-020, 0.0000000000000000000 ) ) ;
#3642 = CARTESIAN_POINT ( 'NONE',  ( 0.7342519685039365900, 0.2787401574803148900, -0.09948246940511164300 ) ) ;
#3643 = LINE ( 'NONE', #3938, #4492 ) ;
#3644 = CARTESIAN_POINT ( 'NONE',  ( 0.8560000000000006500, 0.0000000000000000000, 0.1250000000000002500 ) ) ;
#3645 = FACE_OUTER_BOUND ( 'NONE', #333, .T. ) ;
#3646 = ORIENTED_EDGE ( 'NONE', *, *, #2100, .F. ) ;
#3647 = CARTESIAN_POINT ( 'NONE',  ( 0.7255285573078418300, 0.5645669291338580900, 0.1250000000000000600 ) ) ;
#3648 = MECHANICAL_DESIGN_GEOMETRIC_PRESENTATION_REPRESENTATION (  '', ( #4889 ), #3541 ) ;
#3649 = ORIENTED_EDGE ( 'NONE', *, *, #4752, .T. ) ;
#3650 = ORIENTED_EDGE ( 'NONE', *, *, #4405, .T. ) ;
#3651 = CARTESIAN_POINT ( 'NONE',  ( -0.6380966262546859900, 0.2769298865409257100, -0.3163857572939901000 ) ) ;
#3652 = DIRECTION ( 'NONE',  ( -9.573036100600765300E-020, 1.000000000000000000, 0.0000000000000000000 ) ) ;
#3653 = CARTESIAN_POINT ( 'NONE',  ( 0.7499999999999997800, 0.0000000000000000000, 0.07499999999999998300 ) ) ;
#3654 = EDGE_CURVE ( 'NONE', #4637, #1611, #3842, .T. ) ;
#3655 = DIRECTION ( 'NONE',  ( -0.0000000000000000000, -0.0000000000000000000, -1.000000000000000000 ) ) ;
#3656 = DIRECTION ( 'NONE',  ( -0.0000000000000000000, -0.0000000000000000000, 1.000000000000000000 ) ) ;
#3657 = DIRECTION ( 'NONE',  ( -0.0000000000000000000, 1.000000000000000000, -0.0000000000000000000 ) ) ;
#3658 = ORIENTED_EDGE ( 'NONE', *, *, #2388, .F. ) ;
#3659 = DIRECTION ( 'NONE',  ( -0.0000000000000000000, -0.0000000000000000000, -1.000000000000000000 ) ) ;
#3660 = VECTOR ( 'NONE', #2216, 39.37007874015748100 ) ;
#3661 = CARTESIAN_POINT ( 'NONE',  ( -0.9801201070409663000, 0.01574803149606299200, -0.01740402468160772600 ) ) ;
#3662 = EDGE_CURVE ( 'NONE', #107, #3780, #1517, .T. ) ;
#3663 = DIRECTION ( 'NONE',  ( -0.0000000000000000000, -0.0000000000000000000, -1.000000000000000000 ) ) ;
#3664 = FACE_OUTER_BOUND ( 'NONE', #612, .T. ) ;
#3665 = CIRCLE ( 'NONE', #229, 0.01574803149606303400 ) ;
#3666 = AXIS2_PLACEMENT_3D ( 'NONE', #3366, #5204, #963 ) ;
#3667 = DIRECTION ( 'NONE',  ( -1.000000000000000000, 0.0000000000000000000, 0.0000000000000000000 ) ) ;
#3668 = ADVANCED_FACE ( 'NONE', ( #513 ), #269, .F. ) ;
#3669 = CYLINDRICAL_SURFACE ( 'NONE', #60, 0.2000000000000000900 ) ;
#3670 = FACE_OUTER_BOUND ( 'NONE', #952, .T. ) ;
#3671 = ORIENTED_EDGE ( 'NONE', *, *, #5253, .T. ) ;
#3672 = LINE ( 'NONE', #2735, #731 ) ;
#3673 = CARTESIAN_POINT ( 'NONE',  ( 0.7342519685039367000, 0.03937007874015743800, 0.1250000000000000600 ) ) ;
#3674 = LINE ( 'NONE', #5339, #3274 ) ;
#3675 = EDGE_CURVE ( 'NONE', #2281, #3399, #4579, .T. ) ;
#3676 = ORIENTED_EDGE ( 'NONE', *, *, #1026, .F. ) ;
#3677 = DIRECTION ( 'NONE',  ( 0.01745240643727697200, -0.9998476951563912700, 0.0000000000000000000 ) ) ;
#3678 = LINE ( 'NONE', #553, #1468 ) ;
#3679 = ORIENTED_EDGE ( 'NONE', *, *, #2928, .T. ) ;
#3680 = CARTESIAN_POINT ( 'NONE',  ( -1.031000000000000600, 0.0000000000000000000, -0.1249999999999997600 ) ) ;
#3681 = DIRECTION ( 'NONE',  ( 2.525070561829413700E-016, 1.000000000000000000, 0.0000000000000000000 ) ) ;
#3682 = ORIENTED_EDGE ( 'NONE', *, *, #500, .F. ) ;
#3683 = LINE ( 'NONE', #4538, #21 ) ;
#3684 = FACE_OUTER_BOUND ( 'NONE', #2341, .T. ) ;
#3685 = AXIS2_PLACEMENT_3D ( 'NONE', #1419, #3907, #1847 ) ;
#3686 = ORIENTED_EDGE ( 'NONE', *, *, #4694, .T. ) ;
#3687 = EDGE_LOOP ( 'NONE', ( #2690, #4728, #960, #1859, #3049 ) ) ;
#3688 = ORIENTED_EDGE ( 'NONE', *, *, #3864, .F. ) ;
#3689 = CARTESIAN_POINT ( 'NONE',  ( 1.368721538571910700, 0.2749999999999998600, -0.3157878402833891900 ) ) ;
#3690 = EDGE_CURVE ( 'NONE', #4128, #2986, #120, .T. ) ;
#3691 = EDGE_LOOP ( 'NONE', ( #5152, #5271, #1706, #270 ) ) ;
#3692 = ADVANCED_FACE ( 'NONE', ( #1965 ), #1491, .F. ) ;
#3693 = VERTEX_POINT ( 'NONE', #222 ) ;
#3694 = PLANE ( 'NONE',  #4129 ) ;
#3695 = CARTESIAN_POINT ( 'NONE',  ( -0.7499999999999997800, 0.5999999999999999800, 0.1250000000000000600 ) ) ;
#3696 = CARTESIAN_POINT ( 'NONE',  ( -0.7499999999999996700, 0.5803149606299211600, 0.1250000000000000600 ) ) ;
#3697 = ADVANCED_FACE ( 'NONE', ( #1444 ), #4417, .F. ) ;
#3698 = ORIENTED_EDGE ( 'NONE', *, *, #3196, .F. ) ;
#3699 = EDGE_CURVE ( 'NONE', #3350, #1807, #4980, .T. ) ;
#3700 = CARTESIAN_POINT ( 'NONE',  ( -0.7342519685039365900, 0.2787401574803148900, 0.09948246940511164300 ) ) ;
#3701 = DIRECTION ( 'NONE',  ( -0.0000000000000000000, -0.0000000000000000000, 1.000000000000000000 ) ) ;
#3702 = PLANE ( 'NONE',  #587 ) ;
#3703 = CARTESIAN_POINT ( 'NONE',  ( -0.7247255900348509300, 0.4383808346329212100, 0.0000000000000000000 ) ) ;
#3704 = LINE ( 'NONE', #252, #373 ) ;
#3705 = EDGE_CURVE ( 'NONE', #3350, #3853, #3965, .T. ) ;
#3706 = VECTOR ( 'NONE', #5102, 39.37007874015748100 ) ;
#3707 = ORIENTED_EDGE ( 'NONE', *, *, #1362, .T. ) ;
#3708 = AXIS2_PLACEMENT_3D ( 'NONE', #1482, #4436, #211 ) ;
#3709 = VECTOR ( 'NONE', #2821, 39.37007874015748100 ) ;
#3710 = VECTOR ( 'NONE', #2256, 39.37007874015748100 ) ;
#3711 = ORIENTED_EDGE ( 'NONE', *, *, #1072, .T. ) ;
#3712 = CARTESIAN_POINT ( 'NONE',  ( -0.7499999999999997800, 0.2787401574803148900, 0.1250000000000000600 ) ) ;
#3713 = EDGE_CURVE ( 'NONE', #5077, #2288, #4773, .T. ) ;
#3714 = CARTESIAN_POINT ( 'NONE',  ( 0.8449999999999997500, 0.03937007874015744500, 0.1250000000000000600 ) ) ;
#3715 = ORIENTED_EDGE ( 'NONE', *, *, #4152, .T. ) ;
#3716 = ORIENTED_EDGE ( 'NONE', *, *, #3899, .F. ) ;
#3717 = AXIS2_PLACEMENT_3D ( 'NONE', #5319, #3595, #2767 ) ;
#3718 = DIRECTION ( 'NONE',  ( -1.000000000000000000, 9.573036100600762900E-020, 0.0000000000000000000 ) ) ;
#3719 = FACE_OUTER_BOUND ( 'NONE', #2979, .T. ) ;
#3720 = ORIENTED_EDGE ( 'NONE', *, *, #4226, .T. ) ;
#3721 = DIRECTION ( 'NONE',  ( -0.01745240643727697500, -0.9998476951563912700, 0.0000000000000000000 ) ) ;
#3722 = CARTESIAN_POINT ( 'NONE',  ( 0.6224999999999999400, 0.2749999999999999100, -0.3157878402833891900 ) ) ;
#3723 = LINE ( 'NONE', #1832, #4512 ) ;
#3724 = LINE ( 'NONE', #961, #4183 ) ;
#3725 = PLANE ( 'NONE',  #4882 ) ;
#3726 = CARTESIAN_POINT ( 'NONE',  ( -0.7499999999999996700, 0.5803149606299211600, 0.09048522344134479800 ) ) ;
#3727 = EDGE_CURVE ( 'NONE', #4337, #3113, #2991, .T. ) ;
#3728 = CARTESIAN_POINT ( 'NONE',  ( 0.6224999999999999400, 0.3349999999999999100, 0.3600000000000001000 ) ) ;
#3729 = VECTOR ( 'NONE', #4585, 39.37007874015748100 ) ;
#3730 = VECTOR ( 'NONE', #3376, 39.37007874015748100 ) ;
#3731 = CARTESIAN_POINT ( 'NONE',  ( -0.7342519685039365900, 0.3841299163440908800, 0.0000000000000000000 ) ) ;
#3732 = VECTOR ( 'NONE', #2461, 39.37007874015748100 ) ;
#3733 = ORIENTED_EDGE ( 'NONE', *, *, #405, .T. ) ;
#3734 = ORIENTED_EDGE ( 'NONE', *, *, #2388, .T. ) ;
#3735 = EDGE_CURVE ( 'NONE', #3241, #2462, #179, .T. ) ;
#3736 = CARTESIAN_POINT ( 'NONE',  ( 0.7499999999999996700, 0.5803149606299211600, -0.1249999999999999300 ) ) ;
#3737 = VECTOR ( 'NONE', #2147, 39.37007874015748100 ) ;
#3738 = VERTEX_POINT ( 'NONE', #4987 ) ;
#3739 = ADVANCED_FACE ( 'NONE', ( #3514 ), #3694, .T. ) ;
#3740 = LINE ( 'NONE', #4095, #1396 ) ;
#3741 = SURFACE_STYLE_USAGE ( .BOTH. , #3771 ) ;
#3742 = ORIENTED_EDGE ( 'NONE', *, *, #4727, .F. ) ;
#3743 = ORIENTED_EDGE ( 'NONE', *, *, #224, .T. ) ;
#3744 = ORIENTED_EDGE ( 'NONE', *, *, #2878, .F. ) ;
#3745 = EDGE_CURVE ( 'NONE', #1617, #1556, #2491, .T. ) ;
#3746 = PLANE ( 'NONE',  #4017 ) ;
#3747 = ORIENTED_EDGE ( 'NONE', *, *, #345, .F. ) ;
#3748 = DIMENSIONAL_EXPONENTS ( 1.000000000000000000, 0.0000000000000000000, 0.0000000000000000000, 0.0000000000000000000, 0.0000000000000000000, 0.0000000000000000000, 0.0000000000000000000 ) ;
#3749 =( GEOMETRIC_REPRESENTATION_CONTEXT ( 3 ) GLOBAL_UNCERTAINTY_ASSIGNED_CONTEXT ( ( #2069 ) ) GLOBAL_UNIT_ASSIGNED_CONTEXT ( ( #2096, #5063, #3317 ) ) REPRESENTATION_CONTEXT ( 'NONE', 'WORKASPACE' ) );
#3750 = CARTESIAN_POINT ( 'NONE',  ( 1.368721538571910700, 0.1149999999999998400, -0.1250000000000000000 ) ) ;
#3751 = VERTEX_POINT ( 'NONE', #3243 ) ;
#3752 = VECTOR ( 'NONE', #4057, 39.37007874015748100 ) ;
#3753 = CARTESIAN_POINT ( 'NONE',  ( 1.031000000000000800, 0.01574803149606299200, 0.1250000000000000600 ) ) ;
#3754 = MECHANICAL_DESIGN_GEOMETRIC_PRESENTATION_REPRESENTATION (  '', ( #4998 ), #2633 ) ;
#3755 = CARTESIAN_POINT ( 'NONE',  ( 0.6094273320812656500, 0.3924603339927483800, 0.1250000000000000600 ) ) ;
#3756 = ORIENTED_EDGE ( 'NONE', *, *, #1968, .T. ) ;
#3757 = DIRECTION ( 'NONE',  ( 1.000000000000000000, 0.0000000000000000000, 0.0000000000000000000 ) ) ;
#3758 = ORIENTED_EDGE ( 'NONE', *, *, #253, .F. ) ;
#3759 = CARTESIAN_POINT ( 'NONE',  ( -0.7342519685039365900, 0.5803149606299211600, 0.1250000000000000600 ) ) ;
#3760 = CARTESIAN_POINT ( 'NONE',  ( -0.6825000000000000000, 0.3349999999999999100, 0.3250000000000000700 ) ) ;
#3761 = DIRECTION ( 'NONE',  ( -0.8705807614487519600, 0.4920255458767473500, 0.0000000000000000000 ) ) ;
#3762 = ORIENTED_EDGE ( 'NONE', *, *, #3172, .F. ) ;
#3763 = CARTESIAN_POINT ( 'NONE',  ( -0.6825000000000000000, 0.2787401574803149400, -0.1249999999999999900 ) ) ;
#3764 = DIRECTION ( 'NONE',  ( 0.0000000000000000000, 1.000000000000000000, 0.0000000000000000000 ) ) ;
#3765 = LENGTH_MEASURE_WITH_UNIT ( LENGTH_MEASURE( 0.02539999999999999900 ), #5012 );
#3766 = EDGE_CURVE ( 'NONE', #2602, #3299, #4432, .T. ) ;
#3767 = CARTESIAN_POINT ( 'NONE',  ( 0.6825000000000000000, 0.3349999999999999100, -0.3600000000000003800 ) ) ;
#3768 = DIRECTION ( 'NONE',  ( 1.000000000000000000, 0.0000000000000000000, -0.0000000000000000000 ) ) ;
#3769 = DIMENSIONAL_EXPONENTS ( 1.000000000000000000, 0.0000000000000000000, 0.0000000000000000000, 0.0000000000000000000, 0.0000000000000000000, 0.0000000000000000000, 0.0000000000000000000 ) ;
#3770 = ORIENTED_EDGE ( 'NONE', *, *, #2354, .F. ) ;
#3771 = SURFACE_SIDE_STYLE ('',( #525 ) ) ;
#3772 = EDGE_CURVE ( 'NONE', #3399, #3960, #1892, .T. ) ;
#3773 = VECTOR ( 'NONE', #1066, 39.37007874015748100 ) ;
#3774 = ORIENTED_EDGE ( 'NONE', *, *, #3654, .T. ) ;
#3775 = CARTESIAN_POINT ( 'NONE',  ( 0.7499999999999997800, 0.5999999999999999800, 0.1250000000000000600 ) ) ;
#3776 = FILL_AREA_STYLE_COLOUR ( '', #4529 ) ;
#3777 = CARTESIAN_POINT ( 'NONE',  ( -0.6825000000000000000, 0.3349999999999999100, 0.1250000000000000000 ) ) ;
#3778 = VERTEX_POINT ( 'NONE', #2844 ) ;
#3779 = DIRECTION ( 'NONE',  ( 0.0000000000000000000, 0.0000000000000000000, 1.000000000000000000 ) ) ;
#3780 = VERTEX_POINT ( 'NONE', #2403 ) ;
#3781 = AXIS2_PLACEMENT_3D ( 'NONE', #3755, #429, #3768 ) ;
#3782 = CARTESIAN_POINT ( 'NONE',  ( -0.7499999999999997800, 8.308786758271078200E-020, -0.07499999999999999700 ) ) ;
#3783 = LINE ( 'NONE', #3912, #2663 ) ;
#3784 = FACE_OUTER_BOUND ( 'NONE', #2949, .T. ) ;
#3785 = PLANE ( 'NONE',  #4338 ) ;
#3786 = AXIS2_PLACEMENT_3D ( 'NONE', #5209, #5222, #3490 ) ;
#3787 = VECTOR ( 'NONE', #359, 39.37007874015748100 ) ;
#3788 = DIRECTION ( 'NONE',  ( -0.0000000000000000000, 0.0000000000000000000, -1.000000000000000000 ) ) ;
#3789 = DIRECTION ( 'NONE',  ( -9.573036100600765300E-020, 1.000000000000000000, 0.0000000000000000000 ) ) ;
#3790 = LINE ( 'NONE', #1885, #976 ) ;
#3791 = EDGE_CURVE ( 'NONE', #2275, #2483, #57, .T. ) ;
#3792 = FACE_OUTER_BOUND ( 'NONE', #4533, .T. ) ;
#3793 = ORIENTED_EDGE ( 'NONE', *, *, #1510, .F. ) ;
#3794 = LINE ( 'NONE', #4422, #2678 ) ;
#3795 = DIRECTION ( 'NONE',  ( 9.573036100600765300E-020, 1.000000000000000000, 0.0000000000000000000 ) ) ;
#3796 = VERTEX_POINT ( 'NONE', #788 ) ;
#3797 = DIRECTION ( 'NONE',  ( -0.0000000000000000000, -0.0000000000000000000, -1.000000000000000000 ) ) ;
#3798 = VERTEX_POINT ( 'NONE', #1133 ) ;
#3799 = ORIENTED_EDGE ( 'NONE', *, *, #4270, .T. ) ;
#3800 = CARTESIAN_POINT ( 'NONE',  ( -0.7499999999999997800, 0.5999999999999999800, -0.07499999999999999700 ) ) ;
#3801 = FACE_OUTER_BOUND ( 'NONE', #2554, .T. ) ;
#3802 = EDGE_CURVE ( 'NONE', #3399, #3354, #3386, .T. ) ;
#3803 = ORIENTED_EDGE ( 'NONE', *, *, #3968, .F. ) ;
#3804 = ORIENTED_EDGE ( 'NONE', *, *, #1297, .F. ) ;
#3805 = ORIENTED_EDGE ( 'NONE', *, *, #3314, .T. ) ;
#3806 = CARTESIAN_POINT ( 'NONE',  ( -0.7499999999999997800, 0.1999999999999999800, 0.1250000000000000300 ) ) ;
#3807 = ORIENTED_EDGE ( 'NONE', *, *, #2896, .F. ) ;
#3808 =( NAMED_UNIT ( * ) PLANE_ANGLE_UNIT ( ) SI_UNIT ( $, .RADIAN. ) );
#3809 = ORIENTED_EDGE ( 'NONE', *, *, #1792, .F. ) ;
#3810 = AXIS2_PLACEMENT_3D ( 'NONE', #5053, #2887, #4154 ) ;
#3811 = CARTESIAN_POINT ( 'NONE',  ( -0.8560000000000006500, 0.0000000000000000000, 0.1250000000000002500 ) ) ;
#3812 = DIRECTION ( 'NONE',  ( 0.0000000000000000000, -0.0000000000000000000, -1.000000000000000000 ) ) ;
#3813 =( GEOMETRIC_REPRESENTATION_CONTEXT ( 3 ) GLOBAL_UNCERTAINTY_ASSIGNED_CONTEXT ( ( #3590 ) ) GLOBAL_UNIT_ASSIGNED_CONTEXT ( ( #1699, #2945, #5425 ) ) REPRESENTATION_CONTEXT ( 'NONE', 'WORKASPACE' ) );
#3814 = ORIENTED_EDGE ( 'NONE', *, *, #1792, .T. ) ;
#3815 = DIRECTION ( 'NONE',  ( -0.0000000000000000000, -0.0000000000000000000, -1.000000000000000000 ) ) ;
#3816 = CARTESIAN_POINT ( 'NONE',  ( -0.7499999999999997800, 0.5999999999999999800, -0.1249999999999999300 ) ) ;
#3817 = CARTESIAN_POINT ( 'NONE',  ( 0.7499999999999997800, 0.2787401574803148900, -0.1250000000000000600 ) ) ;
#3818 = AXIS2_PLACEMENT_3D ( 'NONE', #5033, #2551, #1786 ) ;
#3819 = VERTEX_POINT ( 'NONE', #4475 ) ;
#3820 = CARTESIAN_POINT ( 'NONE',  ( 0.8560000000000005400, 0.0000000000000000000, -0.06927281597899326300 ) ) ;
#3821 = DIRECTION ( 'NONE',  ( 1.000000000000000000, 0.0000000000000000000, 0.0000000000000000000 ) ) ;
#3822 = EDGE_CURVE ( 'NONE', #1292, #5408, #2164, .T. ) ;
#3823 = DIRECTION ( 'NONE',  ( 1.000000000000000000, -9.082757113098752700E-015, 0.0000000000000000000 ) ) ;
#3824 = LINE ( 'NONE', #2287, #1874 ) ;
#3825 = ORIENTED_EDGE ( 'NONE', *, *, #2739, .T. ) ;
#3826 = CARTESIAN_POINT ( 'NONE',  ( -0.8560000000000006500, 0.01574803149606299200, -0.1249999999999997600 ) ) ;
#3827 = VECTOR ( 'NONE', #314, 39.37007874015748100 ) ;
#3828 = EDGE_CURVE ( 'NONE', #562, #4821, #4326, .T. ) ;
#3829 = VERTEX_POINT ( 'NONE', #4123 ) ;
#3830 = LENGTH_MEASURE_WITH_UNIT ( LENGTH_MEASURE( 0.02539999999999999900 ), #4673 );
#3831 = FACE_OUTER_BOUND ( 'NONE', #4274, .T. ) ;
#3832 = VERTEX_POINT ( 'NONE', #4144 ) ;
#3833 = ORIENTED_EDGE ( 'NONE', *, *, #85, .T. ) ;
#3834 = SURFACE_SIDE_STYLE ('',( #2500 ) ) ;
#3835 = EDGE_CURVE ( 'NONE', #1734, #3610, #4573, .T. ) ;
#3836 = CYLINDRICAL_SURFACE ( 'NONE', #11, 0.008723411196095001700 ) ;
#3837 = PRESENTATION_LAYER_ASSIGNMENT (  '', '', ( #998 ) ) ;
#3838 = ORIENTED_EDGE ( 'NONE', *, *, #1777, .F. ) ;
#3839 = CARTESIAN_POINT ( 'NONE',  ( -0.1085708163636324000, -0.1506818173096967400, -0.3206299212598426300 ) ) ;
#3840 = DIRECTION ( 'NONE',  ( 0.0000000000000000000, 0.0000000000000000000, -1.000000000000000000 ) ) ;
#3841 = FACE_OUTER_BOUND ( 'NONE', #3293, .T. ) ;
#3842 = LINE ( 'NONE', #3187, #2734 ) ;
#3843 = CARTESIAN_POINT ( 'NONE',  ( 0.7736220472440942200, 0.01574803149606299200, 0.06927281597899326300 ) ) ;
#3844 = CARTESIAN_POINT ( 'NONE',  ( -0.7342519685039365900, 0.5803149606299211600, -0.1249999999999999300 ) ) ;
#3845 = LINE ( 'NONE', #4191, #4926 ) ;
#3846 = CARTESIAN_POINT ( 'NONE',  ( -0.7342519685039367000, 0.2515788080029213200, -0.09048522344134479800 ) ) ;
#3847 = VECTOR ( 'NONE', #1024, 39.37007874015748100 ) ;
#3848 = VERTEX_POINT ( 'NONE', #2510 ) ;
#3849 = ORIENTED_EDGE ( 'NONE', *, *, #301, .T. ) ;
#3850 = CARTESIAN_POINT ( 'NONE',  ( -0.7420000000000007700, -0.02500000000000000100, -0.3190000000000000100 ) ) ;
#3851 = ORIENTED_EDGE ( 'NONE', *, *, #824, .T. ) ;
#3852 = CARTESIAN_POINT ( 'NONE',  ( -0.6825000000000000000, 0.2787401574803149400, -0.1053149606299212400 ) ) ;
#3853 = VERTEX_POINT ( 'NONE', #5082 ) ;
#3854 = PLANE ( 'NONE',  #416 ) ;
#3855 = EDGE_CURVE ( 'NONE', #4286, #1264, #5438, .T. ) ;
#3856 = CARTESIAN_POINT ( 'NONE',  ( 0.7499999999999997800, 0.5999999999999999800, -0.07499999999999999700 ) ) ;
#3857 = EDGE_LOOP ( 'NONE', ( #5201, #1926, #2592, #80 ) ) ;
#3858 = VERTEX_POINT ( 'NONE', #3760 ) ;
#3859 = CIRCLE ( 'NONE', #4155, 0.02447144269215796600 ) ;
#3860 = CARTESIAN_POINT ( 'NONE',  ( 0.8352129783247008700, 0.5606980962574910100, -0.3600000000000003800 ) ) ;
#3861 = ORIENTED_EDGE ( 'NONE', *, *, #1065, .F. ) ;
#3862 = ORIENTED_EDGE ( 'NONE', *, *, #1688, .T. ) ;
#3863 = PLANE ( 'NONE',  #4714 ) ;
#3864 = EDGE_CURVE ( 'NONE', #5331, #87, #2427, .T. ) ;
#3865 = COLOUR_RGB ( '',0.9686274509803921600, 0.8784313725490196000, 0.5999999999999999800 ) ;
#3866 = VERTEX_POINT ( 'NONE', #2111 ) ;
#3867 = STYLED_ITEM ( 'NONE', ( #5135 ), #1221 ) ;
#3868 = CARTESIAN_POINT ( 'NONE',  ( 0.9801201070409663000, 0.0000000000000000000, 0.01740402468160772600 ) ) ;
#3869 = LENGTH_MEASURE_WITH_UNIT ( LENGTH_MEASURE( 0.02539999999999999900 ), #3487 );
#3870 = CARTESIAN_POINT ( 'NONE',  ( -0.1085708163636324000, 0.0000000000000000000, 0.3600000000000001000 ) ) ;
#3871 = DIRECTION ( 'NONE',  ( 1.000000000000000000, 0.0000000000000000000, 0.0000000000000000000 ) ) ;
#3872 = ORIENTED_EDGE ( 'NONE', *, *, #2726, .T. ) ;
#3873 = DIRECTION ( 'NONE',  ( -0.0000000000000000000, -0.0000000000000000000, -1.000000000000000000 ) ) ;
#3874 = AXIS2_PLACEMENT_3D ( 'NONE', #4560, #764, #1677 ) ;
#3875 = DIRECTION ( 'NONE',  ( 0.0000000000000000000, 0.0000000000000000000, 1.000000000000000000 ) ) ;
#3876 =( LENGTH_UNIT ( ) NAMED_UNIT ( * ) SI_UNIT ( $, .METRE. ) );
#3877 = ORIENTED_EDGE ( 'NONE', *, *, #385, .F. ) ;
#3878 = CARTESIAN_POINT ( 'NONE',  ( 0.0000000000000000000, 0.3500000000000000300, -0.3600000000000003800 ) ) ;
#3879 = PRESENTATION_LAYER_ASSIGNMENT (  '', '', ( #1570 ) ) ;
#3880 = PRESENTATION_STYLE_ASSIGNMENT (( #1695 ) ) ;
#3881 = EDGE_CURVE ( 'NONE', #2022, #341, #2031, .T. ) ;
#3882 = EDGE_LOOP ( 'NONE', ( #5041, #4143, #4858, #2126 ) ) ;
#3883 = SURFACE_STYLE_USAGE ( .BOTH. , #1449 ) ;
#3884 =( NAMED_UNIT ( * ) SI_UNIT ( $, .STERADIAN. ) SOLID_ANGLE_UNIT ( ) );
#3885 = VECTOR ( 'NONE', #2416, 39.37007874015748100 ) ;
#3886 = DIRECTION ( 'NONE',  ( 0.0000000000000000000, 0.0000000000000000000, 1.000000000000000000 ) ) ;
#3887 = DIRECTION ( 'NONE',  ( 1.000000000000000000, -9.082757113098752700E-015, 0.0000000000000000000 ) ) ;
#3888 = LINE ( 'NONE', #3492, #838 ) ;
#3889 = ORIENTED_EDGE ( 'NONE', *, *, #5445, .F. ) ;
#3890 = DIRECTION ( 'NONE',  ( 1.000000000000000000, 0.0000000000000000000, 0.0000000000000000000 ) ) ;
#3891 = EDGE_CURVE ( 'NONE', #3547, #2092, #4507, .T. ) ;
#3892 = VECTOR ( 'NONE', #1274, 39.37007874015748100 ) ;
#3893 = LENGTH_MEASURE_WITH_UNIT ( LENGTH_MEASURE( 0.02539999999999999900 ), #5184 );
#3894 = ORIENTED_EDGE ( 'NONE', *, *, #872, .F. ) ;
#3895 = CARTESIAN_POINT ( 'NONE',  ( 1.031000000000000800, 0.2787401574803150000, -0.1250000000000000600 ) ) ;
#3896 = AXIS2_PLACEMENT_3D ( 'NONE', #1805, #2295, #2276 ) ;
#3897 = ORIENTED_EDGE ( 'NONE', *, *, #4270, .F. ) ;
#3898 = LINE ( 'NONE', #4892, #5317 ) ;
#3899 = EDGE_CURVE ( 'NONE', #1400, #3798, #1178, .T. ) ;
#3900 = CARTESIAN_POINT ( 'NONE',  ( 0.8560000000000006500, 0.0000000000000000000, 0.1250000000000002500 ) ) ;
#3901 = VECTOR ( 'NONE', #3955, 39.37007874015748100 ) ;
#3902 = DIRECTION ( 'NONE',  ( -0.0000000000000000000, -0.0000000000000000000, -1.000000000000000000 ) ) ;
#3903 = SURFACE_STYLE_USAGE ( .BOTH. , #1797 ) ;
#3904 =( BOUNDED_CURVE ( )  B_SPLINE_CURVE ( 3, ( #67, #3071, #1844, #588 ),
 .UNSPECIFIED., .F., .F. ) 
 B_SPLINE_CURVE_WITH_KNOTS ( ( 4, 4 ),
 ( 4.729842272904625700, 6.283185307179586200 ),
 .UNSPECIFIED. ) 
 CURVE ( )  GEOMETRIC_REPRESENTATION_ITEM ( )  RATIONAL_B_SPLINE_CURVE ( ( 1.000000000000000000, 0.8088336327694527500, 0.8088336327694527500, 1.000000000000000000 ) ) 
 REPRESENTATION_ITEM ( '' )  );
#3905 = DIRECTION ( 'NONE',  ( 0.0000000000000000000, 0.0000000000000000000, -1.000000000000000000 ) ) ;
#3906 = VECTOR ( 'NONE', #10, 39.37007874015748100 ) ;
#3907 = DIRECTION ( 'NONE',  ( 0.0000000000000000000, 0.0000000000000000000, 1.000000000000000000 ) ) ;
#3908 = CARTESIAN_POINT ( 'NONE',  ( -0.9197094723085155200, 0.0000000000000000000, 0.01740402468160772600 ) ) ;
#3909 = ADVANCED_FACE ( 'NONE', ( #2728 ), #2128, .F. ) ;
#3910 = AXIS2_PLACEMENT_3D ( 'NONE', #3601, #2005, #2832 ) ;
#3911 = ORIENTED_EDGE ( 'NONE', *, *, #5406, .F. ) ;
#3912 = CARTESIAN_POINT ( 'NONE',  ( -1.031000000000000800, 0.2787401574803150000, 0.1250000000000000600 ) ) ;
#3913 = LINE ( 'NONE', #3171, #334 ) ;
#3914 = ORIENTED_EDGE ( 'NONE', *, *, #1263, .T. ) ;
#3915 = EDGE_CURVE ( 'NONE', #2281, #3346, #5369, .T. ) ;
#3916 = FACE_OUTER_BOUND ( 'NONE', #3223, .T. ) ;
#3917 = ORIENTED_EDGE ( 'NONE', *, *, #2529, .T. ) ;
#3918 = CARTESIAN_POINT ( 'NONE',  ( 0.8352129783247008700, 0.5606980962574910100, -0.3600000000000003800 ) ) ;
#3919 =( NAMED_UNIT ( * ) SI_UNIT ( $, .STERADIAN. ) SOLID_ANGLE_UNIT ( ) );
#3920 = VERTEX_POINT ( 'NONE', #2095 ) ;
#3921 = CARTESIAN_POINT ( 'NONE',  ( -0.6224999999999999400, 0.2749999999999999100, 0.3600000000000001000 ) ) ;
#3922 = EDGE_LOOP ( 'NONE', ( #2193, #2014, #1261, #1101, #2730, #1528 ) ) ;
#3923 = VERTEX_POINT ( 'NONE', #5026 ) ;
#3924 = EDGE_CURVE ( 'NONE', #4287, #3537, #5238, .T. ) ;
#3925 = CARTESIAN_POINT ( 'NONE',  ( 1.031000000000000800, 0.0000000000000000000, 0.1250000000000000600 ) ) ;
#3926 = VERTEX_POINT ( 'NONE', #2497 ) ;
#3927 = AXIS2_PLACEMENT_3D ( 'NONE', #5231, #933, #3426 ) ;
#3928 =( NAMED_UNIT ( * ) PLANE_ANGLE_UNIT ( ) SI_UNIT ( $, .RADIAN. ) );
#3929 = ORIENTED_EDGE ( 'NONE', *, *, #3508, .F. ) ;
#3930 = PLANE ( 'NONE',  #1868 ) ;
#3931 = DIRECTION ( 'NONE',  ( 0.0000000000000000000, 0.0000000000000000000, -1.000000000000000000 ) ) ;
#3932 = EDGE_CURVE ( 'NONE', #5095, #4637, #3507, .T. ) ;
#3933 = CARTESIAN_POINT ( 'NONE',  ( 0.7499999999999997800, -1.365923996832131600E-016, -0.07499999999999999700 ) ) ;
#3934 = CARTESIAN_POINT ( 'NONE',  ( 0.6094273320812657600, 0.2482104724122009000, -0.1249999999999999900 ) ) ;
#3935 = CARTESIAN_POINT ( 'NONE',  ( 0.7104899079217181800, 0.5558435179377633200, 0.1250000000000000600 ) ) ;
#3936 = AXIS2_PLACEMENT_3D ( 'NONE', #5347, #5377, #2835 ) ;
#3937 = VERTEX_POINT ( 'NONE', #856 ) ;
#3938 = CARTESIAN_POINT ( 'NONE',  ( -1.031000000000000800, 0.2787401574803150000, -0.09948246940511164300 ) ) ;
#3939 = ADVANCED_FACE ( 'NONE', ( #382 ), #3725, .F. ) ;
#3940 = VECTOR ( 'NONE', #893, 39.37007874015748100 ) ;
#3941 = CARTESIAN_POINT ( 'NONE',  ( -0.8449999999999997500, 0.0000000000000000000, 0.07499999999999998300 ) ) ;
#3942 = EDGE_CURVE ( 'NONE', #3926, #5086, #4103, .T. ) ;
#3943 = CARTESIAN_POINT ( 'NONE',  ( 0.8348096797851541900, 0.5838030541138854400, -0.2840327826789925700 ) ) ;
#3944 = CARTESIAN_POINT ( 'NONE',  ( -0.7499999999999997800, 0.1999999999999999800, -0.1249999999999999900 ) ) ;
#3945 = DIRECTION ( 'NONE',  ( 1.000000000000000000, -2.525070561829413700E-016, 0.0000000000000000000 ) ) ;
#3946 = VECTOR ( 'NONE', #172, 39.37007874015748100 ) ;
#3947 = FACE_BOUND ( 'NONE', #3517, .T. ) ;
#3948 = EDGE_LOOP ( 'NONE', ( #3444, #4972, #4812, #2829 ) ) ;
#3949 = CARTESIAN_POINT ( 'NONE',  ( -0.6825000000000000000, 0.3349999999999999100, 0.3250000000000000700 ) ) ;
#3950 = CARTESIAN_POINT ( 'NONE',  ( 1.368721538571910700, 0.1349999999999998100, -0.1249999999999999900 ) ) ;
#3951 = TOROIDAL_SURFACE ( 'NONE', #3491, 0.06871782983251850700, 0.01574803149606299200 ) ;
#3952 = VERTEX_POINT ( 'NONE', #874 ) ;
#3953 = VECTOR ( 'NONE', #2933, 39.37007874015748100 ) ;
#3954 = CARTESIAN_POINT ( 'NONE',  ( -0.7952190705184454300, 0.5599999999999999400, -0.3600000000000003800 ) ) ;
#3955 = DIRECTION ( 'NONE',  ( 0.0000000000000000000, 1.000000000000000000, 0.0000000000000000000 ) ) ;
#3956 = PRESENTATION_STYLE_ASSIGNMENT (( #4257 ) ) ;
#3957 = VECTOR ( 'NONE', #3335, 39.37007874015748100 ) ;
#3958 = EDGE_CURVE ( 'NONE', #139, #1276, #634, .T. ) ;
#3959 = DIRECTION ( 'NONE',  ( 1.000000000000000000, 0.0000000000000000000, 0.0000000000000000000 ) ) ;
#3960 = VERTEX_POINT ( 'NONE', #4723 ) ;
#3961 = VERTEX_POINT ( 'NONE', #2543 ) ;
#3962 = CARTESIAN_POINT ( 'NONE',  ( 1.031000000000000800, 0.2515788080029213700, -0.09948246940511164300 ) ) ;
#3963 = FILL_AREA_STYLE ('',( #3594 ) ) ;
#3964 = VECTOR ( 'NONE', #1856, 39.37007874015748100 ) ;
#3965 = LINE ( 'NONE', #5371, #640 ) ;
#3966 = ORIENTED_EDGE ( 'NONE', *, *, #5014, .F. ) ;
#3967 = ADVANCED_FACE ( 'NONE', ( #498 ), #2999, .T. ) ;
#3968 = EDGE_CURVE ( 'NONE', #2456, #3829, #1884, .T. ) ;
#3969 = DIRECTION ( 'NONE',  ( -0.0000000000000000000, 0.0000000000000000000, -1.000000000000000000 ) ) ;
#3970 = DIRECTION ( 'NONE',  ( 0.0000000000000000000, -1.000000000000000000, -3.902639990948947500E-016 ) ) ;
#3971 = STYLED_ITEM ( 'NONE', ( #1267 ), #1852 ) ;
#3972 = CARTESIAN_POINT ( 'NONE',  ( 0.8352129783247008700, 0.5606980962574910100, -0.07500000000000002500 ) ) ;
#3973 = ADVANCED_FACE ( 'NONE', ( #1579, #4828 ), #3387, .F. ) ;
#3974 = CARTESIAN_POINT ( 'NONE',  ( -0.7480567888860157900, 0.3841299163440908800, 0.0000000000000000000 ) ) ;
#3975 = VECTOR ( 'NONE', #4718, 39.37007874015748100 ) ;
#3976 = CARTESIAN_POINT ( 'NONE',  ( -0.6825000000000000000, 0.3349999999999999100, -0.3600000000000003800 ) ) ;
#3977 = LINE ( 'NONE', #284, #722 ) ;
#3978 = AXIS2_PLACEMENT_3D ( 'NONE', #4655, #78, #1335 ) ;
#3979 = DIRECTION ( 'NONE',  ( 0.0000000000000000000, 0.0000000000000000000, 1.000000000000000000 ) ) ;
#3980 = UNCERTAINTY_MEASURE_WITH_UNIT (LENGTH_MEASURE( 1.000000000000000100E-005 ), #4146, 'distance_accuracy_value', 'NONE');
#3981 = AXIS2_PLACEMENT_3D ( 'NONE', #2458, #3364, #853 ) ;
#3982 = VECTOR ( 'NONE', #3068, 39.37007874015748100 ) ;
#3983 = CARTESIAN_POINT ( 'NONE',  ( -0.7342519685039367000, 0.03937007874015744500, 0.1250000000000000600 ) ) ;
#3984 = ORIENTED_EDGE ( 'NONE', *, *, #3432, .T. ) ;
#3985 = ORIENTED_EDGE ( 'NONE', *, *, #2411, .F. ) ;
#3986 = DIRECTION ( 'NONE',  ( 0.0000000000000000000, -7.805279981897894900E-016, -1.000000000000000000 ) ) ;
#3987 = VECTOR ( 'NONE', #2732, 39.37007874015748100 ) ;
#3988 = ORIENTED_EDGE ( 'NONE', *, *, #3924, .T. ) ;
#3989 = APPLICATION_CONTEXT ( 'automotive_design' ) ;
#3990 = ORIENTED_EDGE ( 'NONE', *, *, #4911, .T. ) ;
#3991 = VERTEX_POINT ( 'NONE', #2621 ) ;
#3992 = CARTESIAN_POINT ( 'NONE',  ( 0.7499999999999997800, 0.5999999999999999800, -0.1249999999999999300 ) ) ;
#3993 = ORIENTED_EDGE ( 'NONE', *, *, #793, .F. ) ;
#3994 =( CONVERSION_BASED_UNIT ( 'INCH', #1027 ) LENGTH_UNIT ( ) NAMED_UNIT ( #713 ) );
#3995 = CARTESIAN_POINT ( 'NONE',  ( -0.6825000000000000000, 0.3500000000000000300, -0.3600000000000003800 ) ) ;
#3996 = VERTEX_POINT ( 'NONE', #1359 ) ;
#3997 = CARTESIAN_POINT ( 'NONE',  ( 0.0000000000000000000, 0.0000000000000000000, -0.3600000000000001000 ) ) ;
#3998 = LINE ( 'NONE', #1574, #1270 ) ;
#3999 = EDGE_CURVE ( 'NONE', #3996, #3383, #1960, .T. ) ;
#4000 = CARTESIAN_POINT ( 'NONE',  ( 0.7499999999999997800, 0.5999999999999999800, -0.1249999999999999300 ) ) ;
#4001 = ORIENTED_EDGE ( 'NONE', *, *, #1950, .T. ) ;
#4002 = CARTESIAN_POINT ( 'NONE',  ( 0.8560000000000006500, 0.0000000000000000000, -0.1249999999999997600 ) ) ;
#4003 = ORIENTED_EDGE ( 'NONE', *, *, #3566, .F. ) ;
#4004 = ADVANCED_FACE ( 'NONE', ( #4178 ), #2196, .T. ) ;
#4005 = EDGE_CURVE ( 'NONE', #4385, #2570, #1505, .T. ) ;
#4006 = DIRECTION ( 'NONE',  ( 0.0000000000000000000, 0.0000000000000000000, 1.000000000000000000 ) ) ;
#4007 = AXIS2_PLACEMENT_3D ( 'NONE', #1894, #3159, #2358 ) ;
#4008 = CARTESIAN_POINT ( 'NONE',  ( 0.7255285573078418300, 0.5645669291338580900, 0.1250000000000000600 ) ) ;
#4009 = ORIENTED_EDGE ( 'NONE', *, *, #1411, .F. ) ;
#4010 = CARTESIAN_POINT ( 'NONE',  ( 0.8560000000000006500, 0.01574803149606299200, 0.1250000000000002500 ) ) ;
#4011 = CARTESIAN_POINT ( 'NONE',  ( -0.6224999999999999400, 0.2749999999999998600, 0.3157878402833891900 ) ) ;
#4012 = DIRECTION ( 'NONE',  ( -0.8705807614487537400, 0.4920255458767440200, 0.0000000000000000000 ) ) ;
#4013 = EDGE_CURVE ( 'NONE', #5335, #1333, #5178, .T. ) ;
#4014 = CARTESIAN_POINT ( 'NONE',  ( -0.9197094723085155200, 0.0000000000000000000, 0.01740402468160772600 ) ) ;
#4015 = ADVANCED_FACE ( 'NONE', ( #3254 ), #4908, .T. ) ;
#4016 = VERTEX_POINT ( 'NONE', #2980 ) ;
#4017 = AXIS2_PLACEMENT_3D ( 'NONE', #810, #33, #1701 ) ;
#4018 = CARTESIAN_POINT ( 'NONE',  ( -0.7499999999999997800, 0.2787401574803149400, 0.1249999999999999900 ) ) ;
#4019 = DIMENSIONAL_EXPONENTS ( 1.000000000000000000, 0.0000000000000000000, 0.0000000000000000000, 0.0000000000000000000, 0.0000000000000000000, 0.0000000000000000000, 0.0000000000000000000 ) ;
#4020 = LINE ( 'NONE', #3612, #3946 ) ;
#4021 = LINE ( 'NONE', #881, #4419 ) ;
#4022 = ORIENTED_EDGE ( 'NONE', *, *, #3699, .T. ) ;
#4023 = DIRECTION ( 'NONE',  ( -0.0000000000000000000, 0.0000000000000000000, 1.000000000000000000 ) ) ;
#4024 = CARTESIAN_POINT ( 'NONE',  ( -0.6825000000000000000, 0.1999999999999999800, -0.3600000000000003800 ) ) ;
#4025 = EDGE_LOOP ( 'NONE', ( #2244, #1462, #1661 ) ) ;
#4026 = VECTOR ( 'NONE', #456, 39.37007874015748100 ) ;
#4027 = FILL_AREA_STYLE ('',( #4454 ) ) ;
#4028 = VECTOR ( 'NONE', #1126, 39.37007874015748100 ) ;
#4029 = CARTESIAN_POINT ( 'NONE',  ( 0.7499999999999996700, 0.5558435179377632100, 0.1250000000000000600 ) ) ;
#4030 = LINE ( 'NONE', #3868, #2214 ) ;
#4031 = CARTESIAN_POINT ( 'NONE',  ( 0.0000000000000000000, 0.5999999999999999800, 0.2787700759417753300 ) ) ;
#4032 = ORIENTED_EDGE ( 'NONE', *, *, #437, .F. ) ;
#4033 = ADVANCED_FACE ( 'NONE', ( #3831 ), #3401, .T. ) ;
#4034 = CARTESIAN_POINT ( 'NONE',  ( 0.6825000000000000000, 0.2787401574803149400, -0.1053149606299211700 ) ) ;
#4035 = SURFACE_SIDE_STYLE ('',( #3306 ) ) ;
#4036 = VECTOR ( 'NONE', #5099, 39.37007874015748100 ) ;
#4037 = LINE ( 'NONE', #1794, #2926 ) ;
#4038 = DIRECTION ( 'NONE',  ( 0.0000000000000000000, -0.0000000000000000000, 1.000000000000000000 ) ) ;
#4039 = VERTEX_POINT ( 'NONE', #4306 ) ;
#4040 = CARTESIAN_POINT ( 'NONE',  ( -0.7499999999999996700, 0.3841299163440908800, 0.0000000000000000000 ) ) ;
#4041 = DIMENSIONAL_EXPONENTS ( 1.000000000000000000, 0.0000000000000000000, 0.0000000000000000000, 0.0000000000000000000, 0.0000000000000000000, 0.0000000000000000000, 0.0000000000000000000 ) ;
#4042 = EDGE_CURVE ( 'NONE', #4446, #504, #4037, .T. ) ;
#4043 = DIRECTION ( 'NONE',  ( 0.0000000000000000000, 0.0000000000000000000, 1.000000000000000000 ) ) ;
#4044 = VECTOR ( 'NONE', #248, 39.37007874015748100 ) ;
#4045 = FACE_OUTER_BOUND ( 'NONE', #336, .T. ) ;
#4046 = CARTESIAN_POINT ( 'NONE',  ( 0.7342519685039365900, 0.2787401574803148900, -0.1250000000000000600 ) ) ;
#4047 = ADVANCED_FACE ( 'NONE', ( #2722 ), #710, .T. ) ;
#4048 = VECTOR ( 'NONE', #1723, 39.37007874015748100 ) ;
#4049 = EDGE_CURVE ( 'NONE', #177, #2471, #1767, .T. ) ;
#4050 = FILL_AREA_STYLE ('',( #753 ) ) ;
#4051 = VECTOR ( 'NONE', #3362, 39.37007874015748100 ) ;
#4052 = CARTESIAN_POINT ( 'NONE',  ( -0.8352129783247008700, 0.5606980962574910100, -0.3600000000000003800 ) ) ;
#4053 =( GEOMETRIC_REPRESENTATION_CONTEXT ( 3 ) GLOBAL_UNCERTAINTY_ASSIGNED_CONTEXT ( ( #2472 ) ) GLOBAL_UNIT_ASSIGNED_CONTEXT ( ( #117, #956, #3884 ) ) REPRESENTATION_CONTEXT ( 'NONE', 'WORKASPACE' ) );
#4054 = CARTESIAN_POINT ( 'NONE',  ( 0.7255285573078418300, 0.5558435179377632100, -0.1249999999999999900 ) ) ;
#4055 = DIRECTION ( 'NONE',  ( 0.0000000000000000000, 1.000000000000000000, 1.224955720424438600E-016 ) ) ;
#4056 = ORIENTED_EDGE ( 'NONE', *, *, #2177, .F. ) ;
#4057 = DIRECTION ( 'NONE',  ( 0.0000000000000000000, 0.0000000000000000000, 1.000000000000000000 ) ) ;
#4058 = ORIENTED_EDGE ( 'NONE', *, *, #833, .T. ) ;
#4059 = AXIS2_PLACEMENT_3D ( 'NONE', #1729, #4193, #4639 ) ;
#4060 = DIRECTION ( 'NONE',  ( 1.000000000000000000, -9.573036100600765300E-020, 0.0000000000000000000 ) ) ;
#4061 = ORIENTED_EDGE ( 'NONE', *, *, #3828, .F. ) ;
#4062 = VECTOR ( 'NONE', #3677, 39.37007874015748900 ) ;
#4063 = ORIENTED_EDGE ( 'NONE', *, *, #804, .T. ) ;
#4064 = ADVANCED_FACE ( 'NONE', ( #1714, #1309 ), #4356, .F. ) ;
#4065 = VECTOR ( 'NONE', #1947, 39.37007874015748100 ) ;
#4066 = LINE ( 'NONE', #1453, #2242 ) ;
#4067 = ORIENTED_EDGE ( 'NONE', *, *, #4158, .F. ) ;
#4068 = ORIENTED_EDGE ( 'NONE', *, *, #4247, .T. ) ;
#4069 = CARTESIAN_POINT ( 'NONE',  ( 0.6825000000000000000, 0.3349999999999999100, -0.1250000000000000000 ) ) ;
#4070 = FACE_OUTER_BOUND ( 'NONE', #2786, .T. ) ;
#4071 = DIRECTION ( 'NONE',  ( 1.000000000000000000, -0.0000000000000000000, -0.0000000000000000000 ) ) ;
#4072 = EDGE_LOOP ( 'NONE', ( #3344, #2681, #2775, #4272 ) ) ;
#4073 = CARTESIAN_POINT ( 'NONE',  ( -0.7480567888860157900, 0.3841299163440908800, 0.0000000000000000000 ) ) ;
#4074 = DIRECTION ( 'NONE',  ( -1.000000000000000000, 0.0000000000000000000, 0.0000000000000000000 ) ) ;
#4075 = ORIENTED_EDGE ( 'NONE', *, *, #659, .T. ) ;
#4076 = FILL_AREA_STYLE_COLOUR ( '', #5422 ) ;
#4077 = ADVANCED_FACE ( 'NONE', ( #1708 ), #2723, .F. ) ;
#4078 = EDGE_CURVE ( 'NONE', #5086, #1257, #3581, .T. ) ;
#4079 = EDGE_LOOP ( 'NONE', ( #1167, #3621, #530, #3341 ) ) ;
#4080 = ADVANCED_FACE ( 'NONE', ( #1819 ), #1876, .F. ) ;
#4081 = CARTESIAN_POINT ( 'NONE',  ( 1.031000000000000800, 0.01574803149606299200, 0.1250000000000002500 ) ) ;
#4082 = EDGE_CURVE ( 'NONE', #2099, #107, #4763, .T. ) ;
#4083 = VERTEX_POINT ( 'NONE', #1413 ) ;
#4084 = AXIS2_PLACEMENT_3D ( 'NONE', #4449, #4824, #609 ) ;
#4085 = VECTOR ( 'NONE', #2469, 39.37007874015748100 ) ;
#4086 = CARTESIAN_POINT ( 'NONE',  ( 0.6825000000000000000, 0.1999999999999999800, -0.3600000000000003800 ) ) ;
#4087 = CARTESIAN_POINT ( 'NONE',  ( 0.6825000000000000000, 0.3349999999999999100, -0.3600000000000003800 ) ) ;
#4088 = ADVANCED_FACE ( 'NONE', ( #3435 ), #1825, .F. ) ;
#4089 = CARTESIAN_POINT ( 'NONE',  ( -0.6825000000000000000, 0.3349999999999999100, -0.3600000000000003800 ) ) ;
#4090 = EDGE_CURVE ( 'NONE', #1358, #383, #557, .T. ) ;
#4091 = CARTESIAN_POINT ( 'NONE',  ( 0.6224999999999999400, 0.3349999999999999100, -0.3600000000000003800 ) ) ;
#4092 = LINE ( 'NONE', #3477, #3371 ) ;
#4093 = AXIS2_PLACEMENT_3D ( 'NONE', #595, #3053, #2228 ) ;
#4094 = ORIENTED_EDGE ( 'NONE', *, *, #4428, .T. ) ;
#4095 = CARTESIAN_POINT ( 'NONE',  ( 0.7104899079217181800, 0.5803149606299212700, 0.1250000000000000600 ) ) ;
#4096 = LINE ( 'NONE', #2050, #770 ) ;
#4097 = PLANE ( 'NONE',  #2936 ) ;
#4098 = ORIENTED_EDGE ( 'NONE', *, *, #1219, .T. ) ;
#4099 = CARTESIAN_POINT ( 'NONE',  ( -0.8560000000000005400, -1.628373440712190500E-019, -0.06927281597899326300 ) ) ;
#4100 = AXIS2_PLACEMENT_3D ( 'NONE', #3895, #5180, #1369 ) ;
#4101 = ADVANCED_FACE ( 'NONE', ( #2654 ), #551, .F. ) ;
#4102 = VECTOR ( 'NONE', #367, 39.37007874015748100 ) ;
#4104 = CARTESIAN_POINT ( 'NONE',  ( -0.7420000000000007700, -0.02500000000000000100, -0.2940000000000000400 ) ) ;
#4103 = CIRCLE ( 'NONE', #4958, 0.01574803149606303400 ) ;
#4105 = ORIENTED_EDGE ( 'NONE', *, *, #4802, .T. ) ;
#4106 = DIMENSIONAL_EXPONENTS ( 1.000000000000000000, 0.0000000000000000000, 0.0000000000000000000, 0.0000000000000000000, 0.0000000000000000000, 0.0000000000000000000, 0.0000000000000000000 ) ;
#4107 = ORIENTED_EDGE ( 'NONE', *, *, #4911, .F. ) ;
#4108 = CARTESIAN_POINT ( 'NONE',  ( -0.6419171583709317700, 0.2780931463121746300, -0.3167395958334217100 ) ) ;
#4109 = CARTESIAN_POINT ( 'NONE',  ( -0.7342519685039365900, 0.03937007874015744500, -0.06927281597899326300 ) ) ;
#4110 = EDGE_CURVE ( 'NONE', #3798, #4760, #5039, .T. ) ;
#4111 = DIRECTION ( 'NONE',  ( -9.573036100600765300E-020, 1.000000000000000000, 0.0000000000000000000 ) ) ;
#4112 = CARTESIAN_POINT ( 'NONE',  ( 0.6825000000000000000, 0.5999999999999999800, 0.2787700759417751600 ) ) ;
#4113 = ORIENTED_EDGE ( 'NONE', *, *, #2958, .T. ) ;
#4114 = VECTOR ( 'NONE', #885, 39.37007874015748100 ) ;
#4115 = CARTESIAN_POINT ( 'NONE',  ( 0.7342519685039367000, 0.1999999999999999800, -0.1053149606299211700 ) ) ;
#4116 = EDGE_CURVE ( 'NONE', #2398, #1446, #3643, .T. ) ;
#4117 = CARTESIAN_POINT ( 'NONE',  ( -0.7736220472440942200, 0.03937007874015744500, 0.06927281597899326300 ) ) ;
#4118 = LINE ( 'NONE', #3275, #3906 ) ;
#4119 = ADVANCED_FACE ( 'NONE', ( #1014 ), #625, .T. ) ;
#4120 = AXIS2_PLACEMENT_3D ( 'NONE', #1018, #968, #3116 ) ;
#4121 = CARTESIAN_POINT ( 'NONE',  ( -0.7499999999999997800, 0.2787401574803149400, -0.1249999999999999900 ) ) ;
#4122 = VERTEX_POINT ( 'NONE', #3921 ) ;
#4123 = CARTESIAN_POINT ( 'NONE',  ( -0.7342519685039367000, 0.2515788080029213200, -0.09948246940511164300 ) ) ;
#4124 = EDGE_CURVE ( 'NONE', #3107, #2607, #2213, .T. ) ;
#4125 = ORIENTED_EDGE ( 'NONE', *, *, #437, .T. ) ;
#4126 = DIRECTION ( 'NONE',  ( 1.000000000000000000, 0.0000000000000000000, 0.0000000000000000000 ) ) ;
#4127 = FACE_OUTER_BOUND ( 'NONE', #2032, .T. ) ;
#4128 = VERTEX_POINT ( 'NONE', #4340 ) ;
#4129 = AXIS2_PLACEMENT_3D ( 'NONE', #2828, #4952, #306 ) ;
#4130 = AXIS2_PLACEMENT_3D ( 'NONE', #955, #4686, #517 ) ;
#4131 = ORIENTED_EDGE ( 'NONE', *, *, #3766, .T. ) ;
#4132 = DIRECTION ( 'NONE',  ( -1.000000000000000000, 0.0000000000000000000, 0.0000000000000000000 ) ) ;
#4133 = CIRCLE ( 'NONE', #4474, 0.03999999999999998000 ) ;
#4134 = AXIS2_PLACEMENT_3D ( 'NONE', #388, #3342, #2866 ) ;
#4135 = ORIENTED_EDGE ( 'NONE', *, *, #1688, .F. ) ;
#4136 = CARTESIAN_POINT ( 'NONE',  ( 0.7342519685039367000, -1.365923996832131600E-016, -0.1053149606299211700 ) ) ;
#4137 = EDGE_LOOP ( 'NONE', ( #1435, #4392, #3833, #2001 ) ) ;
#4138 = ORIENTED_EDGE ( 'NONE', *, *, #5372, .T. ) ;
#4139 = CARTESIAN_POINT ( 'NONE',  ( -0.7499999999999996700, 0.5803149606299211600, 0.1250000000000000600 ) ) ;
#4140 = PRESENTATION_LAYER_ASSIGNMENT (  '', '', ( #4414 ) ) ;
#4141 = ORIENTED_EDGE ( 'NONE', *, *, #3093, .F. ) ;
#4142 = VERTEX_POINT ( 'NONE', #205 ) ;
#4143 = ORIENTED_EDGE ( 'NONE', *, *, #2420, .T. ) ;
#4144 = CARTESIAN_POINT ( 'NONE',  ( -0.7499999999999997800, 0.03937007874015743800, 0.09048522344134479800 ) ) ;
#4145 = FACE_OUTER_BOUND ( 'NONE', #4504, .T. ) ;
#4146 =( CONVERSION_BASED_UNIT ( 'INCH', #3459 ) LENGTH_UNIT ( ) NAMED_UNIT ( #1460 ) );
#4147 = CARTESIAN_POINT ( 'NONE',  ( -0.7736220472440942200, 0.0000000000000000000, -0.06927281597899327700 ) ) ;
#4148 = ADVANCED_FACE ( 'NONE', ( #837 ), #5279, .T. ) ;
#4149 = ORIENTED_EDGE ( 'NONE', *, *, #3791, .T. ) ;
#4150 =( NAMED_UNIT ( * ) SI_UNIT ( $, .STERADIAN. ) SOLID_ANGLE_UNIT ( ) );
#4151 = ORIENTED_EDGE ( 'NONE', *, *, #1370, .F. ) ;
#4152 = EDGE_CURVE ( 'NONE', #3991, #1350, #4901, .T. ) ;
#4153 = CARTESIAN_POINT ( 'NONE',  ( -0.7480567888860157900, 0.3841299163440908800, 0.0000000000000000000 ) ) ;
#4154 = DIRECTION ( 'NONE',  ( 0.0000000000000000000, 0.0000000000000000000, -1.000000000000000000 ) ) ;
#4155 = AXIS2_PLACEMENT_3D ( 'NONE', #2849, #3655, #1593 ) ;
#4156 = ORIENTED_EDGE ( 'NONE', *, *, #1329, .F. ) ;
#4157 = CARTESIAN_POINT ( 'NONE',  ( 1.368721538571910700, 0.3349999999999999100, 0.1250000000000000000 ) ) ;
#4158 = EDGE_CURVE ( 'NONE', #361, #3738, #1371, .T. ) ;
#4159 = FACE_OUTER_BOUND ( 'NONE', #3131, .T. ) ;
#4160 = UNCERTAINTY_MEASURE_WITH_UNIT (LENGTH_MEASURE( 1.000000000000000100E-005 ), #877, 'distance_accuracy_value', 'NONE');
#4161 = DIMENSIONAL_EXPONENTS ( 1.000000000000000000, 0.0000000000000000000, 0.0000000000000000000, 0.0000000000000000000, 0.0000000000000000000, 0.0000000000000000000, 0.0000000000000000000 ) ;
#4162 = ORIENTED_EDGE ( 'NONE', *, *, #2420, .F. ) ;
#4163 = PRESENTATION_LAYER_ASSIGNMENT (  '', '', ( #5230 ) ) ;
#4164 = FILL_AREA_STYLE ('',( #3303 ) ) ;
#4165 = CARTESIAN_POINT ( 'NONE',  ( 0.7028954739601912500, 0.5601356590934292200, 0.1250000000000000600 ) ) ;
#4166 = CARTESIAN_POINT ( 'NONE',  ( -1.031000000000000600, 0.01574803149606299200, -0.1249999999999997600 ) ) ;
#4167 = VERTEX_POINT ( 'NONE', #1525 ) ;
#4168 = COLOUR_RGB ( '',0.9686274509803921600, 0.8784313725490196000, 0.5999999999999999800 ) ;
#4169 = DIRECTION ( 'NONE',  ( 0.0000000000000000000, 0.0000000000000000000, 1.000000000000000000 ) ) ;
#4170 = LINE ( 'NONE', #2489, #2019 ) ;
#4171 = MECHANICAL_DESIGN_GEOMETRIC_PRESENTATION_REPRESENTATION (  '', ( #2399 ), #238 ) ;
#4172 = CARTESIAN_POINT ( 'NONE',  ( 0.7499999999999997800, 0.0000000000000000000, 0.07499999999999998300 ) ) ;
#4173 = CIRCLE ( 'NONE', #2173, 0.04210721780392577600 ) ;
#4174 = EDGE_LOOP ( 'NONE', ( #2380, #2689, #4206, #424 ) ) ;
#4175 = DIRECTION ( 'NONE',  ( 1.000000000000000000, 0.0000000000000000000, -0.0000000000000000000 ) ) ;
#4176 = CARTESIAN_POINT ( 'NONE',  ( -0.6825000000000000000, 0.1149999999999998400, -0.1250000000000000000 ) ) ;
#4177 = FILL_AREA_STYLE_COLOUR ( '', #4424 ) ;
#4178 = FACE_OUTER_BOUND ( 'NONE', #1562, .T. ) ;
#4179 = ADVANCED_FACE ( 'NONE', ( #1955 ), #1584, .F. ) ;
#4180 = EDGE_LOOP ( 'NONE', ( #2674, #5101, #3804, #664 ) ) ;
#4181 = MECHANICAL_DESIGN_GEOMETRIC_PRESENTATION_REPRESENTATION (  '', ( #1570 ), #4455 ) ;
#4182 = LINE ( 'NONE', #1258, #4114 ) ;
#4183 = VECTOR ( 'NONE', #3890, 39.37007874015748100 ) ;
#4184 = SURFACE_SIDE_STYLE ('',( #4783 ) ) ;
#4185 = CARTESIAN_POINT ( 'NONE',  ( 0.5936793005852028000, 0.2482104724122009000, 0.1250000000000000600 ) ) ;
#4186 = EDGE_CURVE ( 'NONE', #3383, #312, #237, .T. ) ;
#4187 = CARTESIAN_POINT ( 'NONE',  ( -0.6825000000000000000, 0.3349999999999999100, -0.3600000000000003800 ) ) ;
#4188 = VECTOR ( 'NONE', #2473, 39.37007874015748100 ) ;
#4189 = DIRECTION ( 'NONE',  ( -0.0000000000000000000, -0.0000000000000000000, 1.000000000000000000 ) ) ;
#4190 = LINE ( 'NONE', #218, #3264 ) ;
#4191 = CARTESIAN_POINT ( 'NONE',  ( -0.7342519685039365900, 0.2787401574803148900, -0.09948246940511164300 ) ) ;
#4192 = EDGE_CURVE ( 'NONE', #3384, #2208, #3103, .T. ) ;
#4193 = DIRECTION ( 'NONE',  ( -0.0000000000000000000, -0.0000000000000000000, 1.000000000000000000 ) ) ;
#4194 = FACE_OUTER_BOUND ( 'NONE', #4245, .T. ) ;
#4195 = FACE_OUTER_BOUND ( 'NONE', #665, .T. ) ;
#4196 = VERTEX_POINT ( 'NONE', #2400 ) ;
#4197 = PRESENTATION_LAYER_ASSIGNMENT (  '', '', ( #1222 ) ) ;
#4198 = LINE ( 'NONE', #426, #4387 ) ;
#4199 = CARTESIAN_POINT ( 'NONE',  ( 0.1085708163636324000, -0.1506818173096967400, 0.3206299212598426300 ) ) ;
#4200 = ORIENTED_EDGE ( 'NONE', *, *, #2230, .T. ) ;
#4201 = VERTEX_POINT ( 'NONE', #1103 ) ;
#4202 = DIRECTION ( 'NONE',  ( -0.0000000000000000000, -0.0000000000000000000, -1.000000000000000000 ) ) ;
#4203 = EDGE_LOOP ( 'NONE', ( #524, #4063, #104, #4674 ) ) ;
#4204 = EDGE_CURVE ( 'NONE', #5212, #2511, #2347, .T. ) ;
#4205 = CARTESIAN_POINT ( 'NONE',  ( -0.1085708163636324000, 0.0000000000000000000, -0.3206299212598426300 ) ) ;
#4206 = ORIENTED_EDGE ( 'NONE', *, *, #2145, .F. ) ;
#4207 = AXIS2_PLACEMENT_3D ( 'NONE', #2289, #2346, #3620 ) ;
#4208 = FILL_AREA_STYLE_COLOUR ( '', #631 ) ;
#4209 = ORIENTED_EDGE ( 'NONE', *, *, #1618, .T. ) ;
#4210 = CARTESIAN_POINT ( 'NONE',  ( 0.0000000000000000000, 0.3500000000000000300, -0.3600000000000003800 ) ) ;
#4211 = LINE ( 'NONE', #857, #2763 ) ;
#4212 = LINE ( 'NONE', #2414, #2586 ) ;
#4213 = AXIS2_PLACEMENT_3D ( 'NONE', #2349, #3112, #1058 ) ;
#4214 = DIRECTION ( 'NONE',  ( -1.000000000000000000, -0.0000000000000000000, -0.0000000000000000000 ) ) ;
#4215 = DIRECTION ( 'NONE',  ( -0.0000000000000000000, 0.0000000000000000000, -1.000000000000000000 ) ) ;
#4216 = EDGE_CURVE ( 'NONE', #3201, #439, #2919, .T. ) ;
#4217 = CARTESIAN_POINT ( 'NONE',  ( -0.7185039370078736300, 0.3154120865115723800, 0.0000000000000000000 ) ) ;
#4218 = CARTESIAN_POINT ( 'NONE',  ( -0.8560000000000005400, 0.0000000000000000000, -0.06927281597899326300 ) ) ;
#4219 = ORIENTED_EDGE ( 'NONE', *, *, #4405, .F. ) ;
#4220 = DIRECTION ( 'NONE',  ( 1.000000000000000000, 0.0000000000000000000, 0.0000000000000000000 ) ) ;
#4221 = PLANE ( 'NONE',  #688 ) ;
#4222 = CARTESIAN_POINT ( 'NONE',  ( -0.6825000000000000000, 0.3499999999999999800, 0.3600000000000002600 ) ) ;
#4223 = VECTOR ( 'NONE', #4055, 39.37007874015748100 ) ;
#4224 = DIRECTION ( 'NONE',  ( 0.0000000000000000000, 0.0000000000000000000, 1.000000000000000000 ) ) ;
#4225 = LINE ( 'NONE', #4293, #432 ) ;
#4226 = EDGE_CURVE ( 'NONE', #347, #3960, #705, .T. ) ;
#4227 = ORIENTED_EDGE ( 'NONE', *, *, #5158, .F. ) ;
#4228 = CARTESIAN_POINT ( 'NONE',  ( -0.7499999999999997800, 0.2787401574803148900, -0.09948246940511164300 ) ) ;
#4229 = DIRECTION ( 'NONE',  ( -0.0000000000000000000, 1.000000000000000000, 1.224955720424438600E-016 ) ) ;
#4230 = AXIS2_PLACEMENT_3D ( 'NONE', #1987, #294, #4440 ) ;
#4231 = LENGTH_MEASURE_WITH_UNIT ( LENGTH_MEASURE( 0.02539999999999999900 ), #5311 );
#4232 = FACE_OUTER_BOUND ( 'NONE', #822, .T. ) ;
#4233 = LINE ( 'NONE', #576, #3497 ) ;
#4234 = ORIENTED_EDGE ( 'NONE', *, *, #3086, .F. ) ;
#4235 = CARTESIAN_POINT ( 'NONE',  ( 0.6094273320812657600, 0.2482104724122009000, -0.1249999999999999900 ) ) ;
#4236 = DIRECTION ( 'NONE',  ( 1.000000000000000000, -0.0000000000000000000, -0.0000000000000000000 ) ) ;
#4237 = EDGE_CURVE ( 'NONE', #198, #1414, #3244, .T. ) ;
#4238 = DIRECTION ( 'NONE',  ( -0.0000000000000000000, 0.3090169943749416200, 0.9510565162951555300 ) ) ;
#4239 = VECTOR ( 'NONE', #4301, 39.37007874015748900 ) ;
#4240 = ORIENTED_EDGE ( 'NONE', *, *, #5164, .F. ) ;
#4241 = LINE ( 'NONE', #3763, #4026 ) ;
#4242 = CARTESIAN_POINT ( 'NONE',  ( 0.8386596052609225400, 0.3632409713257484000, 0.3556977476190095200 ) ) ;
#4243 = VECTOR ( 'NONE', #1324, 39.37007874015748100 ) ;
#4244 = DIRECTION ( 'NONE',  ( 1.000000000000000000, 0.0000000000000000000, -0.0000000000000000000 ) ) ;
#4245 = EDGE_LOOP ( 'NONE', ( #3679, #3304, #4569, #1338 ) ) ;
#4246 = CARTESIAN_POINT ( 'NONE',  ( 0.7342519685039367000, 0.2515788080029213200, 0.09048522344134479800 ) ) ;
#4247 = EDGE_CURVE ( 'NONE', #531, #2816, #1303, .T. ) ;
#4248 = ORIENTED_EDGE ( 'NONE', *, *, #728, .T. ) ;
#4249 = SURFACE_STYLE_FILL_AREA ( #2601 ) ;
#4250 = LINE ( 'NONE', #3425, #5182 ) ;
#4251 = CARTESIAN_POINT ( 'NONE',  ( 0.8560000000000006500, 0.0000000000000000000, -0.1249999999999997600 ) ) ;
#4252 =( NAMED_UNIT ( * ) PLANE_ANGLE_UNIT ( ) SI_UNIT ( $, .RADIAN. ) );
#4253 = VECTOR ( 'NONE', #4229, 39.37007874015748100 ) ;
#4254 = CARTESIAN_POINT ( 'NONE',  ( -0.7420000000000007700, -0.05000000000000000300, -0.3190000000000000100 ) ) ;
#4255 = LINE ( 'NONE', #1727, #3193 ) ;
#4256 = DIRECTION ( 'NONE',  ( -5.485638541494506100E-017, -1.000000000000000000, 0.0000000000000000000 ) ) ;
#4257 = SURFACE_STYLE_USAGE ( .BOTH. , #4688 ) ;
#4258 = EDGE_CURVE ( 'NONE', #3471, #3937, #5363, .T. ) ;
#4259 =( NAMED_UNIT ( * ) SI_UNIT ( $, .STERADIAN. ) SOLID_ANGLE_UNIT ( ) );
#4260 = ORIENTED_EDGE ( 'NONE', *, *, #3598, .T. ) ;
#4261 = CARTESIAN_POINT ( 'NONE',  ( 1.031000000000000800, 0.2515788080029213700, 0.09048522344134479800 ) ) ;
#4262 = DIRECTION ( 'NONE',  ( -2.525070561829413700E-016, 1.000000000000000000, 0.0000000000000000000 ) ) ;
#4263 = ORIENTED_EDGE ( 'NONE', *, *, #693, .F. ) ;
#4264 = EDGE_LOOP ( 'NONE', ( #1862, #5066, #3807, #219, #5283, #115 ) ) ;
#4265 = LINE ( 'NONE', #5323, #2182 ) ;
#4266 = EDGE_LOOP ( 'NONE', ( #1064, #1546, #795, #1895 ) ) ;
#4267 = CARTESIAN_POINT ( 'NONE',  ( 0.7499999999999996700, 0.5558435179377632100, 0.1250000000000000600 ) ) ;
#4268 = VECTOR ( 'NONE', #1330, 39.37007874015748100 ) ;
#4269 = LINE ( 'NONE', #670, #1536 ) ;
#4270 = EDGE_CURVE ( 'NONE', #107, #1992, #1571, .T. ) ;
#4271 = VERTEX_POINT ( 'NONE', #1956 ) ;
#4272 = ORIENTED_EDGE ( 'NONE', *, *, #4116, .F. ) ;
#4273 = AXIS2_PLACEMENT_3D ( 'NONE', #3150, #3986, #627 ) ;
#4274 = EDGE_LOOP ( 'NONE', ( #1187, #2683, #3734, #4334 ) ) ;
#4275 = FILL_AREA_STYLE_COLOUR ( '', #358 ) ;
#4276 = DIRECTION ( 'NONE',  ( 0.0000000000000000000, -0.0000000000000000000, -1.000000000000000000 ) ) ;
#4277 = ORIENTED_EDGE ( 'NONE', *, *, #2137, .T. ) ;
#4278 =( GEOMETRIC_REPRESENTATION_CONTEXT ( 3 ) GLOBAL_UNCERTAINTY_ASSIGNED_CONTEXT ( ( #499 ) ) GLOBAL_UNIT_ASSIGNED_CONTEXT ( ( #1341, #4252, #2179 ) ) REPRESENTATION_CONTEXT ( 'NONE', 'WORKASPACE' ) );
#4279 = CARTESIAN_POINT ( 'NONE',  ( 0.1085708163636324000, 0.1506818173096967400, 0.3206299212598426300 ) ) ;
#4280 = PLANE ( 'NONE',  #1882 ) ;
#4281 = ORIENTED_EDGE ( 'NONE', *, *, #2130, .F. ) ;
#4282 = CARTESIAN_POINT ( 'NONE',  ( -0.7499999999999997800, 0.1999999999999999800, 0.1250000000000000300 ) ) ;
#4283 = PLANE ( 'NONE',  #2076 ) ;
#4284 = ORIENTED_EDGE ( 'NONE', *, *, #1404, .F. ) ;
#4285 = CARTESIAN_POINT ( 'NONE',  ( -0.7420000000000007700, -0.05000000000000000300, -0.3439999999999999200 ) ) ;
#4286 = VERTEX_POINT ( 'NONE', #3146 ) ;
#4287 = VERTEX_POINT ( 'NONE', #1087 ) ;
#4288 = EDGE_CURVE ( 'NONE', #875, #1804, #1094, .T. ) ;
#4289 = PLANE ( 'NONE',  #3 ) ;
#4290 = LINE ( 'NONE', #3105, #3168 ) ;
#4291 = DIRECTION ( 'NONE',  ( -1.000000000000000000, 0.0000000000000000000, 0.0000000000000000000 ) ) ;
#4292 = EDGE_LOOP ( 'NONE', ( #16, #1009, #3607, #823 ) ) ;
#4293 = CARTESIAN_POINT ( 'NONE',  ( -0.8352129783247008700, 0.5606980962574910100, -0.3600000000000003800 ) ) ;
#4294 = CARTESIAN_POINT ( 'NONE',  ( -0.6825000000000000000, 0.3349999999999999100, -0.1250000000000000000 ) ) ;
#4295 = VECTOR ( 'NONE', #1595, 39.37007874015748100 ) ;
#4296 = EDGE_CURVE ( 'NONE', #3354, #3481, #308, .T. ) ;
#4297 = ORIENTED_EDGE ( 'NONE', *, *, #353, .T. ) ;
#4298 = AXIS2_PLACEMENT_3D ( 'NONE', #3860, #3078, #1867 ) ;
#4299 = LINE ( 'NONE', #285, #4635 ) ;
#4300 = ORIENTED_EDGE ( 'NONE', *, *, #4124, .F. ) ;
#4301 = DIRECTION ( 'NONE',  ( -0.0000000000000000000, -0.9510565162951553100, -0.3090169943749418400 ) ) ;
#4302 = EDGE_CURVE ( 'NONE', #1992, #366, #5432, .T. ) ;
#4303 = PLANE ( 'NONE',  #4554 ) ;
#4304 = FACE_OUTER_BOUND ( 'NONE', #5419, .T. ) ;
#4305 = VECTOR ( 'NONE', #4931, 39.37007874015748100 ) ;
#4306 = CARTESIAN_POINT ( 'NONE',  ( 0.7342519685039365900, 0.5558435179377632100, 0.1250000000000000600 ) ) ;
#4307 = ORIENTED_EDGE ( 'NONE', *, *, #4110, .T. ) ;
#4308 = AXIS2_PLACEMENT_3D ( 'NONE', #4793, #2670, #5156 ) ;
#4309 = CARTESIAN_POINT ( 'NONE',  ( -0.6224999999999999400, 0.3349999999999999100, 0.3600000000000001000 ) ) ;
#4310 = CARTESIAN_POINT ( 'NONE',  ( 0.6304018017545106600, 0.2753933363061600900, -0.3159127858877799300 ) ) ;
#4311 = FACE_OUTER_BOUND ( 'NONE', #5280, .T. ) ;
#4312 = FACE_OUTER_BOUND ( 'NONE', #816, .T. ) ;
#4313 = CARTESIAN_POINT ( 'NONE',  ( 0.6094273320812656500, 0.3924603339927483800, -0.1249999999999999900 ) ) ;
#4314 = CARTESIAN_POINT ( 'NONE',  ( 0.6383826951618816200, 0.2766164923377561500, 0.3163142160660019600 ) ) ;
#4315 = PRESENTATION_LAYER_ASSIGNMENT (  '', '', ( #3261 ) ) ;
#4316 = VECTOR ( 'NONE', #3396, 39.37007874015748100 ) ;
#4317 = PLANE ( 'NONE',  #2904 ) ;
#4318 = VECTOR ( 'NONE', #5121, 39.37007874015748100 ) ;
#4319 = LINE ( 'NONE', #3096, #4652 ) ;
#4320 = CARTESIAN_POINT ( 'NONE',  ( -0.7342519685039367000, -1.365923996832131600E-016, -0.1053149606299212400 ) ) ;
#4321 =( NAMED_UNIT ( * ) PLANE_ANGLE_UNIT ( ) SI_UNIT ( $, .RADIAN. ) );
#4322 = VECTOR ( 'NONE', #2526, 39.37007874015748100 ) ;
#4323 = PRESENTATION_STYLE_ASSIGNMENT (( #2544 ) ) ;
#4324 = CARTESIAN_POINT ( 'NONE',  ( -0.8560000000000005400, -1.628373440712190500E-019, 0.06927281597899326300 ) ) ;
#4325 = ORIENTED_EDGE ( 'NONE', *, *, #4950, .F. ) ;
#4326 = B_SPLINE_CURVE_WITH_KNOTS ( 'NONE', 3,
 ( #4491, #1193, #732, #3651, #4108, #2463, #1150, #2425, #362, #5410, #5353, #3288, #1212, #1643 ),
 .UNSPECIFIED., .F., .F.,
 ( 4, 2, 2, 2, 2, 2, 4 ),
 ( 0.0000000000000000000, 0.0002993254105211307300, 0.0005986508210422614600, 0.0008979762315633921400, 0.001197301642084522900, 0.001795952463126791700, 0.002394603284169060600 ),
 .UNSPECIFIED. ) ;
#4327 = ORIENTED_EDGE ( 'NONE', *, *, #4978, .T. ) ;
#4328 = SURFACE_STYLE_USAGE ( .BOTH. , #102 ) ;
#4329 = EDGE_CURVE ( 'NONE', #547, #3569, #4299, .T. ) ;
#4330 = ORIENTED_EDGE ( 'NONE', *, *, #4835, .F. ) ;
#4331 = SURFACE_STYLE_FILL_AREA ( #4050 ) ;
#4332 = ORIENTED_EDGE ( 'NONE', *, *, #2475, .T. ) ;
#4333 = CARTESIAN_POINT ( 'NONE',  ( 0.0000000000000000000, 0.1999999999999999800, -0.1053149606299212400 ) ) ;
#4334 = ORIENTED_EDGE ( 'NONE', *, *, #5225, .F. ) ;
#4335 = EDGE_LOOP ( 'NONE', ( #283, #2530, #5228, #2506 ) ) ;
#4336 = EDGE_CURVE ( 'NONE', #3866, #3144, #4170, .T. ) ;
#4337 = VERTEX_POINT ( 'NONE', #360 ) ;
#4338 = AXIS2_PLACEMENT_3D ( 'NONE', #5421, #1302, #395 ) ;
#4339 =( NAMED_UNIT ( * ) SI_UNIT ( $, .STERADIAN. ) SOLID_ANGLE_UNIT ( ) );
#4340 = CARTESIAN_POINT ( 'NONE',  ( 0.8560000000000006500, 0.0000000000000000000, -0.1249999999999997600 ) ) ;
#4341 = EDGE_LOOP ( 'NONE', ( #829, #2802, #5213 ) ) ;
#4342 = DIRECTION ( 'NONE',  ( -0.0000000000000000000, -0.0000000000000000000, -1.000000000000000000 ) ) ;
#4343 = CARTESIAN_POINT ( 'NONE',  ( 0.7736220472440942200, 0.01574803149606299200, 0.1250000000000000600 ) ) ;
#4344 = PLANE ( 'NONE',  #2009 ) ;
#4345 = CARTESIAN_POINT ( 'NONE',  ( 0.7952190705184454300, 0.5999999999999999800, -0.07500000000000002500 ) ) ;
#4346 = ORIENTED_EDGE ( 'NONE', *, *, #5399, .T. ) ;
#4347 = TOROIDAL_SURFACE ( 'NONE', #3573, 0.05741893336898971900, 0.01574803149606299200 ) ;
#4348 = CARTESIAN_POINT ( 'NONE',  ( -0.9197094723085155200, 0.0000000000000000000, -0.01740402468160772600 ) ) ;
#4349 = PRESENTATION_STYLE_ASSIGNMENT (( #711 ) ) ;
#4350 = ORIENTED_EDGE ( 'NONE', *, *, #26, .F. ) ;
#4351 = CYLINDRICAL_SURFACE ( 'NONE', #4886, 0.02362204724409448100 ) ;
#4352 = FACE_OUTER_BOUND ( 'NONE', #974, .T. ) ;
#4353 = FACE_OUTER_BOUND ( 'NONE', #4341, .T. ) ;
#4354 = EDGE_CURVE ( 'NONE', #4887, #139, #2273, .T. ) ;
#4355 = ORIENTED_EDGE ( 'NONE', *, *, #3102, .F. ) ;
#4356 = PLANE ( 'NONE',  #1672 ) ;
#4357 = PLANE ( 'NONE',  #5019 ) ;
#4358 = DIRECTION ( 'NONE',  ( 1.000000000000000000, -0.0000000000000000000, -0.0000000000000000000 ) ) ;
#4359 = CARTESIAN_POINT ( 'NONE',  ( -0.7499999999999996700, 0.5803149606299211600, 0.1250000000000000600 ) ) ;
#4360 = LINE ( 'NONE', #5202, #4239 ) ;
#4361 = ORIENTED_EDGE ( 'NONE', *, *, #1034, .F. ) ;
#4362 = CARTESIAN_POINT ( 'NONE',  ( 0.6763887618247311800, 0.3083273636945290700, 0.3232470667068096900 ) ) ;
#4363 = EDGE_CURVE ( 'NONE', #1036, #4548, #1431, .T. ) ;
#4364 = EDGE_LOOP ( 'NONE', ( #2171, #1372, #2143, #2435 ) ) ;
#4365 = DIRECTION ( 'NONE',  ( -0.8705807614487531800, 0.4920255458767451900, 0.0000000000000000000 ) ) ;
#4366 = AXIS2_PLACEMENT_3D ( 'NONE', #749, #5367, #5318 ) ;
#4367 = VERTEX_POINT ( 'NONE', #1654 ) ;
#4368 = ADVANCED_FACE ( 'NONE', ( #3043 ), #393, .T. ) ;
#4369 = CARTESIAN_POINT ( 'NONE',  ( 0.6825000000000000000, 0.3500000000000003700, 0.3600000000000001000 ) ) ;
#4370 = LENGTH_MEASURE_WITH_UNIT ( LENGTH_MEASURE( 0.02539999999999999900 ), #4826 );
#4371 = VERTEX_POINT ( 'NONE', #3257 ) ;
#4372 = AXIS2_PLACEMENT_3D ( 'NONE', #2060, #1569, #1981 ) ;
#4373 = CARTESIAN_POINT ( 'NONE',  ( 0.9197094723085155200, 0.0000000000000000000, 0.01740402468160772600 ) ) ;
#4374 = VECTOR ( 'NONE', #4860, 39.37007874015748100 ) ;
#4375 =( CONVERSION_BASED_UNIT ( 'INCH', #2679 ) LENGTH_UNIT ( ) NAMED_UNIT ( #4519 ) );
#4376 = DIRECTION ( 'NONE',  ( -9.573036100600765300E-020, -1.000000000000000000, 0.0000000000000000000 ) ) ;
#4377 = COLOUR_RGB ( '',0.9686274509803921600, 0.8784313725490196000, 0.5999999999999999800 ) ;
#4378 = DIRECTION ( 'NONE',  ( -0.0000000000000000000, -0.0000000000000000000, -1.000000000000000000 ) ) ;
#4379 = CARTESIAN_POINT ( 'NONE',  ( 0.8449999999999997500, 0.0000000000000000000, 0.07499999999999998300 ) ) ;
#4380 = LINE ( 'NONE', #626, #1325 ) ;
#4381 = ORIENTED_EDGE ( 'NONE', *, *, #5219, .F. ) ;
#4382 = DIRECTION ( 'NONE',  ( 0.0000000000000000000, 0.0000000000000000000, -1.000000000000000000 ) ) ;
#4383 = ORIENTED_EDGE ( 'NONE', *, *, #3378, .F. ) ;
#4384 = ORIENTED_EDGE ( 'NONE', *, *, #2003, .T. ) ;
#4385 = VERTEX_POINT ( 'NONE', #2869 ) ;
#4386 = CARTESIAN_POINT ( 'NONE',  ( 0.8388907272751259200, 0.3500000000000003700, 0.3600000000000001000 ) ) ;
#4387 = VECTOR ( 'NONE', #1725, 39.37007874015748100 ) ;
#4388 = CARTESIAN_POINT ( 'NONE',  ( 1.031000000000000600, 0.0000000000000000000, -0.1249999999999997600 ) ) ;
#4389 = ORIENTED_EDGE ( 'NONE', *, *, #4880, .T. ) ;
#4390 = MANIFOLD_SOLID_BREP ( 'Fillet1', #1678 ) ;
#4391 = DIRECTION ( 'NONE',  ( 0.0000000000000000000, 0.0000000000000000000, 1.000000000000000000 ) ) ;
#4392 = ORIENTED_EDGE ( 'NONE', *, *, #31, .T. ) ;
#4393 = VERTEX_POINT ( 'NONE', #2015 ) ;
#4394 = ADVANCED_FACE ( 'NONE', ( #106, #5233 ), #5382, .F. ) ;
#4395 = DIRECTION ( 'NONE',  ( 0.0000000000000000000, -0.0000000000000000000, -1.000000000000000000 ) ) ;
#4396 = EDGE_CURVE ( 'NONE', #3952, #4039, #1635, .T. ) ;
#4397 = EDGE_LOOP ( 'NONE', ( #4687, #3671, #673, #1840, #4361 ) ) ;
#4398 = ORIENTED_EDGE ( 'NONE', *, *, #1921, .T. ) ;
#4399 = CARTESIAN_POINT ( 'NONE',  ( 0.7499999999999997800, 0.1999999999999999800, -0.1249999999999999900 ) ) ;
#4400 = DIMENSIONAL_EXPONENTS ( 1.000000000000000000, 0.0000000000000000000, 0.0000000000000000000, 0.0000000000000000000, 0.0000000000000000000, 0.0000000000000000000, 0.0000000000000000000 ) ;
#4401 = DIRECTION ( 'NONE',  ( -1.000000000000000000, 0.0000000000000000000, -0.0000000000000000000 ) ) ;
#4402 = ORIENTED_EDGE ( 'NONE', *, *, #41, .T. ) ;
#4403 = CARTESIAN_POINT ( 'NONE',  ( 0.7342519685039367000, -1.365923996832131600E-016, -0.1250000000000000000 ) ) ;
#4404 = PLANE ( 'NONE',  #3593 ) ;
#4405 = EDGE_CURVE ( 'NONE', #3848, #2431, #2649, .T. ) ;
#4406 = DIRECTION ( 'NONE',  ( 0.0000000000000000000, 0.0000000000000000000, 1.000000000000000000 ) ) ;
#4407 = STYLED_ITEM ( 'NONE', ( #560 ), #3973 ) ;
#4408 = AXIS2_PLACEMENT_3D ( 'NONE', #3021, #2963, #469 ) ;
#4409 = SURFACE_STYLE_USAGE ( .BOTH. , #2396 ) ;
#4410 = ORIENTED_EDGE ( 'NONE', *, *, #3378, .T. ) ;
#4411 = ORIENTED_EDGE ( 'NONE', *, *, #2646, .T. ) ;
#4412 = DIRECTION ( 'NONE',  ( 1.000000000000000000, -0.0000000000000000000, -0.0000000000000000000 ) ) ;
#4413 = CARTESIAN_POINT ( 'NONE',  ( 0.0000000000000000000, 0.1999999999999999800, 0.1053149606299211700 ) ) ;
#4414 = STYLED_ITEM ( 'NONE', ( #1516 ), #667 ) ;
#4415 = ORIENTED_EDGE ( 'NONE', *, *, #2990, .F. ) ;
#4416 =( LENGTH_UNIT ( ) NAMED_UNIT ( * ) SI_UNIT ( $, .METRE. ) );
#4417 = PLANE ( 'NONE',  #3525 ) ;
#4418 = LINE ( 'NONE', #4348, #1944 ) ;
#4419 = VECTOR ( 'NONE', #1313, 39.37007874015748100 ) ;
#4420 = CARTESIAN_POINT ( 'NONE',  ( -0.7342519685039367000, 0.1999999999999999800, -4.899822881697755100E-017 ) ) ;
#4421 = ORIENTED_EDGE ( 'NONE', *, *, #5062, .T. ) ;
#4422 = CARTESIAN_POINT ( 'NONE',  ( 0.8449999999999997500, 0.03937007874015744500, 0.09048522344134479800 ) ) ;
#4423 = ADVANCED_FACE ( 'NONE', ( #303 ), #4097, .T. ) ;
#4424 = COLOUR_RGB ( '',0.9686274509803921600, 0.8784313725490196000, 0.5999999999999999800 ) ;
#4425 = DIRECTION ( 'NONE',  ( -1.000000000000000000, 0.0000000000000000000, 0.0000000000000000000 ) ) ;
#4426 = DIMENSIONAL_EXPONENTS ( 1.000000000000000000, 0.0000000000000000000, 0.0000000000000000000, 0.0000000000000000000, 0.0000000000000000000, 0.0000000000000000000, 0.0000000000000000000 ) ;
#4427 = VECTOR ( 'NONE', #5336, 39.37007874015748100 ) ;
#4428 = EDGE_CURVE ( 'NONE', #707, #3569, #2536, .T. ) ;
#4429 = VECTOR ( 'NONE', #2590, 39.37007874015748100 ) ;
#4430 = ORIENTED_EDGE ( 'NONE', *, *, #891, .F. ) ;
#4431 = ADVANCED_FACE ( 'NONE', ( #2599 ), #3702, .F. ) ;
#4432 = LINE ( 'NONE', #2038, #509 ) ;
#4433 = VERTEX_POINT ( 'NONE', #4527 ) ;
#4434 = CARTESIAN_POINT ( 'NONE',  ( 0.1085708163636324000, -0.1506818173096967400, 0.3206299212598426300 ) ) ;
#4435 = EDGE_CURVE ( 'NONE', #1762, #666, #1229, .T. ) ;
#4436 = DIRECTION ( 'NONE',  ( 0.0000000000000000000, 0.0000000000000000000, -1.000000000000000000 ) ) ;
#4437 = FACE_OUTER_BOUND ( 'NONE', #1545, .T. ) ;
#4438 = CARTESIAN_POINT ( 'NONE',  ( -0.7952190705184454300, 0.5999999999999999800, 0.2787700759417748900 ) ) ;
#4439 = COLOUR_RGB ( '',0.9686274509803921600, 0.8784313725490196000, 0.5999999999999999800 ) ;
#4440 = DIRECTION ( 'NONE',  ( -1.000000000000000000, 0.0000000000000000000, 0.0000000000000000000 ) ) ;
#4441 = DIRECTION ( 'NONE',  ( 9.573036100600765300E-020, -1.000000000000000000, 0.0000000000000000000 ) ) ;
#4442 =( CONVERSION_BASED_UNIT ( 'INCH', #3391 ) LENGTH_UNIT ( ) NAMED_UNIT ( #1021 ) );
#4443 = DIRECTION ( 'NONE',  ( 1.000000000000000000, -2.525070561829413700E-016, -0.0000000000000000000 ) ) ;
#4444 = PRESENTATION_LAYER_ASSIGNMENT (  '', '', ( #2399 ) ) ;
#4445 = CARTESIAN_POINT ( 'NONE',  ( 0.7499999999999996700, 0.5803149606299211600, 0.09048522344134479800 ) ) ;
#4446 = VERTEX_POINT ( 'NONE', #4961 ) ;
#4447 = ADVANCED_FACE ( 'NONE', ( #4628 ), #3951, .F. ) ;
#4448 = ORIENTED_EDGE ( 'NONE', *, *, #4302, .F. ) ;
#4449 = CARTESIAN_POINT ( 'NONE',  ( 1.368721538571910700, 0.1149999999999998400, -0.1250000000000000000 ) ) ;
#4450 = VECTOR ( 'NONE', #3543, 39.37007874015748100 ) ;
#4451 = CARTESIAN_POINT ( 'NONE',  ( 0.8352129783247008700, 0.5606980962574910100, 0.07500000000000002500 ) ) ;
#4452 = ORIENTED_EDGE ( 'NONE', *, *, #3705, .F. ) ;
#4453 = VECTOR ( 'NONE', #1747, 39.37007874015748100 ) ;
#4454 = FILL_AREA_STYLE_COLOUR ( '', #1652 ) ;
#4455 =( GEOMETRIC_REPRESENTATION_CONTEXT ( 3 ) GLOBAL_UNCERTAINTY_ASSIGNED_CONTEXT ( ( #5386 ) ) GLOBAL_UNIT_ASSIGNED_CONTEXT ( ( #1721, #4631, #1755 ) ) REPRESENTATION_CONTEXT ( 'NONE', 'WORKASPACE' ) );
#4456 = ORIENTED_EDGE ( 'NONE', *, *, #4574, .F. ) ;
#4457 = DIMENSIONAL_EXPONENTS ( 1.000000000000000000, 0.0000000000000000000, 0.0000000000000000000, 0.0000000000000000000, 0.0000000000000000000, 0.0000000000000000000, 0.0000000000000000000 ) ;
#4458 = VECTOR ( 'NONE', #1900, 39.37007874015748100 ) ;
#4459 = VERTEX_POINT ( 'NONE', #834 ) ;
#4460 = LENGTH_MEASURE_WITH_UNIT ( LENGTH_MEASURE( 0.02539999999999999900 ), #1 );
#4461 = ORIENTED_EDGE ( 'NONE', *, *, #512, .T. ) ;
#4462 = CARTESIAN_POINT ( 'NONE',  ( -0.8449999999999997500, 0.0000000000000000000, -0.06927281597899326300 ) ) ;
#4463 = LINE ( 'NONE', #2406, #5075 ) ;
#4464 = ADVANCED_FACE ( 'NONE', ( #2783 ), #1619, .F. ) ;
#4465 = VERTEX_POINT ( 'NONE', #30 ) ;
#4466 = EDGE_CURVE ( 'NONE', #2199, #1575, #4096, .T. ) ;
#4467 = CARTESIAN_POINT ( 'NONE',  ( -0.7499999999999997800, 0.2515788080029213200, 0.09948246940511164300 ) ) ;
#4468 = ORIENTED_EDGE ( 'NONE', *, *, #3662, .T. ) ;
#4469 = DIRECTION ( 'NONE',  ( -1.000000000000000000, -0.0000000000000000000, -0.0000000000000000000 ) ) ;
#4470 = LINE ( 'NONE', #4663, #2520 ) ;
#4471 = DIRECTION ( 'NONE',  ( 0.0000000000000000000, 1.000000000000000000, 0.0000000000000000000 ) ) ;
#4472 = EDGE_CURVE ( 'NONE', #3996, #1951, #701, .T. ) ;
#4473 = ORIENTED_EDGE ( 'NONE', *, *, #1624, .T. ) ;
#4474 = AXIS2_PLACEMENT_3D ( 'NONE', #1503, #4038, #2799 ) ;
#4475 = CARTESIAN_POINT ( 'NONE',  ( -0.6825000000000000000, 0.5999999999999999800, 0.2787700759417751600 ) ) ;
#4476 = CARTESIAN_POINT ( 'NONE',  ( 0.7952190705184454300, 0.5999999999999999800, 0.2787700759417748900 ) ) ;
#4477 = CARTESIAN_POINT ( 'NONE',  ( -0.6594357505198933400, 0.2870814540500578600, 0.3192561796922500100 ) ) ;
#4478 = ADVANCED_FACE ( 'NONE', ( #377 ), #868, .T. ) ;
#4479 = CARTESIAN_POINT ( 'NONE',  ( 0.1085708163636324000, 0.1506818173096967400, 0.3600000000000001000 ) ) ;
#4480 = EDGE_CURVE ( 'NONE', #2589, #2370, #4703, .T. ) ;
#4481 = ORIENTED_EDGE ( 'NONE', *, *, #4656, .F. ) ;
#4482 = FACE_OUTER_BOUND ( 'NONE', #1790, .T. ) ;
#4483 = DIMENSIONAL_EXPONENTS ( 1.000000000000000000, 0.0000000000000000000, 0.0000000000000000000, 0.0000000000000000000, 0.0000000000000000000, 0.0000000000000000000, 0.0000000000000000000 ) ;
#4484 = CARTESIAN_POINT ( 'NONE',  ( 0.9197094723085155200, 0.01574803149606299200, -0.01740402468160772600 ) ) ;
#4485 = AXIS2_PLACEMENT_3D ( 'NONE', #3935, #2243, #3083 ) ;
#4486 = VECTOR ( 'NONE', #371, 39.37007874015748100 ) ;
#4487 = ADVANCED_FACE ( 'NONE', ( #5426 ), #2906, .F. ) ;
#4488 = VECTOR ( 'NONE', #3052, 39.37007874015748100 ) ;
#4489 = ORIENTED_EDGE ( 'NONE', *, *, #720, .T. ) ;
#4490 = DIMENSIONAL_EXPONENTS ( 1.000000000000000000, 0.0000000000000000000, 0.0000000000000000000, 0.0000000000000000000, 0.0000000000000000000, 0.0000000000000000000, 0.0000000000000000000 ) ;
#4491 = CARTESIAN_POINT ( 'NONE',  ( -0.6224999999999999400, 0.2749999999999999100, -0.3157878402833891900 ) ) ;
#4492 = VECTOR ( 'NONE', #5240, 39.37007874015748100 ) ;
#4493 = UNCERTAINTY_MEASURE_WITH_UNIT (LENGTH_MEASURE( 1.000000000000000100E-005 ), #4666, 'distance_accuracy_value', 'NONE');
#4494 = CARTESIAN_POINT ( 'NONE',  ( -0.7499999999999997800, -1.365923996832131600E-016, -0.1250000000000000000 ) ) ;
#4495 = DIRECTION ( 'NONE',  ( -1.000000000000000000, 0.0000000000000000000, 0.0000000000000000000 ) ) ;
#4496 = LINE ( 'NONE', #3925, #896 ) ;
#4497 = DIRECTION ( 'NONE',  ( -1.000000000000000000, -2.525070561829413700E-016, -0.0000000000000000000 ) ) ;
#4498 = ORIENTED_EDGE ( 'NONE', *, *, #4779, .T. ) ;
#4499 = CARTESIAN_POINT ( 'NONE',  ( 0.8560000000000006500, 0.01574803149606299200, -0.1249999999999997600 ) ) ;
#4500 = DIRECTION ( 'NONE',  ( -1.000000000000000000, -0.0000000000000000000, 0.0000000000000000000 ) ) ;
#4501 = CIRCLE ( 'NONE', #5248, 0.03937007874015751400 ) ;
#4502 = SURFACE_STYLE_FILL_AREA ( #466 ) ;
#4503 = VERTEX_POINT ( 'NONE', #3270 ) ;
#4504 = EDGE_LOOP ( 'NONE', ( #3210, #2402, #733, #46, #920, #5337 ) ) ;
#4505 = EDGE_CURVE ( 'NONE', #4608, #2022, #628, .T. ) ;
#4506 =( NAMED_UNIT ( * ) PLANE_ANGLE_UNIT ( ) SI_UNIT ( $, .RADIAN. ) );
#4507 = LINE ( 'NONE', #47, #1028 ) ;
#4508 = ADVANCED_FACE ( 'NONE', ( #3173 ), #2451, .F. ) ;
#4509 = AXIS2_PLACEMENT_3D ( 'NONE', #2900, #4553, #2466 ) ;
#4510 = ORIENTED_EDGE ( 'NONE', *, *, #1812, .F. ) ;
#4511 = CARTESIAN_POINT ( 'NONE',  ( 0.6094273320812657600, 0.2482104724122009000, -0.1249999999999999900 ) ) ;
#4512 = VECTOR ( 'NONE', #1817, 39.37007874015748100 ) ;
#4513 = COLOUR_RGB ( '',0.9686274509803921600, 0.8784313725490196000, 0.5999999999999999800 ) ;
#4514 = DIRECTION ( 'NONE',  ( -0.01745240643727697500, -0.9998476951563912700, 0.0000000000000000000 ) ) ;
#4515 = EDGE_CURVE ( 'NONE', #2184, #1670, #5300, .T. ) ;
#4516 = CYLINDRICAL_SURFACE ( 'NONE', #3978, 0.2000000000000000900 ) ;
#4517 = DIRECTION ( 'NONE',  ( -0.0000000000000000000, 0.0000000000000000000, -1.000000000000000000 ) ) ;
#4518 = DIRECTION ( 'NONE',  ( 0.0000000000000000000, 1.000000000000000000, 0.0000000000000000000 ) ) ;
#4519 = DIMENSIONAL_EXPONENTS ( 1.000000000000000000, 0.0000000000000000000, 0.0000000000000000000, 0.0000000000000000000, 0.0000000000000000000, 0.0000000000000000000, 0.0000000000000000000 ) ;
#4520 = CARTESIAN_POINT ( 'NONE',  ( -0.7499999999999997800, 0.5999999999999999800, 0.1250000000000000600 ) ) ;
#4521 = FILL_AREA_STYLE_COLOUR ( '', #2591 ) ;
#4522 =( GEOMETRIC_REPRESENTATION_CONTEXT ( 3 ) GLOBAL_UNCERTAINTY_ASSIGNED_CONTEXT ( ( #4744 ) ) GLOBAL_UNIT_ASSIGNED_CONTEXT ( ( #1830, #4774, #4757 ) ) REPRESENTATION_CONTEXT ( 'NONE', 'WORKASPACE' ) );
#4523 = VECTOR ( 'NONE', #149, 39.37007874015748100 ) ;
#4524 = ORIENTED_EDGE ( 'NONE', *, *, #883, .T. ) ;
#4525 = CARTESIAN_POINT ( 'NONE',  ( -0.7342519685039365900, 0.4415488497130805600, 7.031791296078839800E-018 ) ) ;
#4526 = ORIENTED_EDGE ( 'NONE', *, *, #1902, .T. ) ;
#4527 = CARTESIAN_POINT ( 'NONE',  ( 0.6825000000000000000, 0.1999999999999999300, -0.1053149606299211700 ) ) ;
#4528 = ORIENTED_EDGE ( 'NONE', *, *, #1152, .F. ) ;
#4529 = COLOUR_RGB ( '',0.9686274509803921600, 0.8784313725490196000, 0.5999999999999999800 ) ;
#4530 = VERTEX_POINT ( 'NONE', #775 ) ;
#4531 = DIRECTION ( 'NONE',  ( -0.0000000000000000000, -0.0000000000000000000, -1.000000000000000000 ) ) ;
#4532 = ORIENTED_EDGE ( 'NONE', *, *, #4258, .F. ) ;
#4533 = EDGE_LOOP ( 'NONE', ( #3743, #4355, #5179, #593 ) ) ;
#4534 = CARTESIAN_POINT ( 'NONE',  ( -0.7342519685039365900, 0.5803149606299211600, 0.1250000000000000600 ) ) ;
#4535 = ORIENTED_EDGE ( 'NONE', *, *, #891, .T. ) ;
#4536 = ORIENTED_EDGE ( 'NONE', *, *, #4988, .T. ) ;
#4537 = SURFACE_SIDE_STYLE ('',( #5177 ) ) ;
#4538 = CARTESIAN_POINT ( 'NONE',  ( -0.7952190705184454300, 0.5999999999999999800, -0.3600000000000003800 ) ) ;
#4539 = ADVANCED_FACE ( 'NONE', ( #3431 ), #1990, .F. ) ;
#4540 = DIRECTION ( 'NONE',  ( 1.000000000000000000, 0.0000000000000000000, -0.0000000000000000000 ) ) ;
#4541 = EDGE_CURVE ( 'NONE', #5290, #3354, #4968, .T. ) ;
#4542 = DIRECTION ( 'NONE',  ( -1.000000000000000000, 0.0000000000000000000, 0.0000000000000000000 ) ) ;
#4543 = ORIENTED_EDGE ( 'NONE', *, *, #1152, .T. ) ;
#4544 = FACE_OUTER_BOUND ( 'NONE', #3691, .T. ) ;
#4545 = CARTESIAN_POINT ( 'NONE',  ( -0.6224999999999999400, 0.2749999999999999100, -0.3600000000000003800 ) ) ;
#4546 = ORIENTED_EDGE ( 'NONE', *, *, #4515, .T. ) ;
#4547 = EDGE_CURVE ( 'NONE', #2570, #383, #951, .T. ) ;
#4548 = VERTEX_POINT ( 'NONE', #5326 ) ;
#4549 = CARTESIAN_POINT ( 'NONE',  ( 0.7736220472440942200, 0.03937007874015744500, -0.1249999999999999300 ) ) ;
#4550 = DIRECTION ( 'NONE',  ( 1.000000000000000000, 0.0000000000000000000, 0.0000000000000000000 ) ) ;
#4551 = CARTESIAN_POINT ( 'NONE',  ( 0.6094273320812656500, 0.3924603339927483800, 0.1250000000000000600 ) ) ;
#4552 = ORIENTED_EDGE ( 'NONE', *, *, #3338, .F. ) ;
#4553 = DIRECTION ( 'NONE',  ( 0.0000000000000000000, -1.224955720424438600E-016, 1.000000000000000000 ) ) ;
#4554 = AXIS2_PLACEMENT_3D ( 'NONE', #112, #4683, #3470 ) ;
#4555 = CARTESIAN_POINT ( 'NONE',  ( 0.8560000000000006500, 0.01574803149606299200, 0.1250000000000002500 ) ) ;
#4556 = LINE ( 'NONE', #4261, #4488 ) ;
#4557 = ORIENTED_EDGE ( 'NONE', *, *, #2854, .F. ) ;
#4558 = PRESENTATION_STYLE_ASSIGNMENT (( #4409 ) ) ;
#4559 = PRODUCT_RELATED_PRODUCT_CATEGORY ( 'part', '', ( #954 ) ) ;
#4560 = CARTESIAN_POINT ( 'NONE',  ( 0.7342519685039365900, 0.5558435179377632100, -0.1249999999999999900 ) ) ;
#4561 = ORIENTED_EDGE ( 'NONE', *, *, #5225, .T. ) ;
#4562 = ADVANCED_FACE ( 'NONE', ( #2090 ), #2717, .T. ) ;
#4563 = FACE_OUTER_BOUND ( 'NONE', #3287, .T. ) ;
#4564 = FILL_AREA_STYLE_COLOUR ( '', #1837 ) ;
#4566 = DIRECTION ( 'NONE',  ( 0.0000000000000000000, 0.0000000000000000000, 1.000000000000000000 ) ) ;
#4565 = VECTOR ( 'NONE', #4807, 39.37007874015748100 ) ;
#4567 =( BOUNDED_CURVE ( )  B_SPLINE_CURVE ( 3, ( #261, #3183, #1048, #186 ),
 .UNSPECIFIED., .F., .F. ) 
 B_SPLINE_CURVE_WITH_KNOTS ( ( 4, 4 ),
 ( 3.141592653589793100, 4.694935687864752800 ),
 .UNSPECIFIED. ) 
 CURVE ( )  GEOMETRIC_REPRESENTATION_ITEM ( )  RATIONAL_B_SPLINE_CURVE ( ( 1.000000000000000000, 0.8088336327694528600, 0.8088336327694528600, 1.000000000000000000 ) ) 
 REPRESENTATION_ITEM ( '' )  );
#4568 = LINE ( 'NONE', #3104, #2922 ) ;
#4569 = ORIENTED_EDGE ( 'NONE', *, *, #4005, .T. ) ;
#4570 = SURFACE_STYLE_USAGE ( .BOTH. , #1284 ) ;
#4571 = LINE ( 'NONE', #3680, #3892 ) ;
#4572 = SURFACE_STYLE_USAGE ( .BOTH. , #4537 ) ;
#4573 = LINE ( 'NONE', #3224, #451 ) ;
#4574 = EDGE_CURVE ( 'NONE', #2192, #3848, #1814, .T. ) ;
#4575 = DIRECTION ( 'NONE',  ( -2.525070561829413700E-016, -1.000000000000000000, 0.0000000000000000000 ) ) ;
#4576 =( NAMED_UNIT ( * ) PLANE_ANGLE_UNIT ( ) SI_UNIT ( $, .RADIAN. ) );
#4577 = ORIENTED_EDGE ( 'NONE', *, *, #898, .F. ) ;
#4578 = FACE_OUTER_BOUND ( 'NONE', #1326, .T. ) ;
#4579 = CIRCLE ( 'NONE', #1521, 0.03937007874015751400 ) ;
#4580 = DIRECTION ( 'NONE',  ( -0.0000000000000000000, -0.0000000000000000000, 1.000000000000000000 ) ) ;
#4581 = EDGE_CURVE ( 'NONE', #3471, #1674, #5034, .T. ) ;
#4582 = DIRECTION ( 'NONE',  ( -0.0000000000000000000, -0.0000000000000000000, 1.000000000000000000 ) ) ;
#4583 = FACE_OUTER_BOUND ( 'NONE', #2303, .T. ) ;
#4584 = STYLED_ITEM ( 'NONE', ( #567 ), #3576 ) ;
#4585 = DIRECTION ( 'NONE',  ( 5.028925377838796700E-015, -1.000000000000000000, 0.0000000000000000000 ) ) ;
#4586 = VERTEX_POINT ( 'NONE', #4955 ) ;
#4587 = CARTESIAN_POINT ( 'NONE',  ( 0.6825000000000000000, 0.2787401574803149400, -0.1249999999999999200 ) ) ;
#4588 = EDGE_CURVE ( 'NONE', #4039, #901, #2912, .T. ) ;
#4589 = ORIENTED_EDGE ( 'NONE', *, *, #1443, .F. ) ;
#4590 = SURFACE_STYLE_USAGE ( .BOTH. , #2931 ) ;
#4591 = VECTOR ( 'NONE', #2752, 39.37007874015748900 ) ;
#4592 = DIRECTION ( 'NONE',  ( 1.000000000000000000, 0.0000000000000000000, 0.0000000000000000000 ) ) ;
#4593 = DIRECTION ( 'NONE',  ( 0.0000000000000000000, 0.0000000000000000000, -1.000000000000000000 ) ) ;
#4594 = COLOUR_RGB ( '',0.9686274509803921600, 0.8784313725490196000, 0.5999999999999999800 ) ;
#4595 = EDGE_LOOP ( 'NONE', ( #4808, #3457, #4346, #1052 ) ) ;
#4596 = ADVANCED_FACE ( 'NONE', ( #5165 ), #2408, .T. ) ;
#4597 = CARTESIAN_POINT ( 'NONE',  ( -0.7247255900348509300, 0.3298789980552605000, -6.643821343322074100E-018 ) ) ;
#4598 = LINE ( 'NONE', #1011, #5264 ) ;
#4599 = VERTEX_POINT ( 'NONE', #1627 ) ;
#4600 = LINE ( 'NONE', #3962, #338 ) ;
#4601 = ORIENTED_EDGE ( 'NONE', *, *, #2996, .T. ) ;
#4602 = ORIENTED_EDGE ( 'NONE', *, *, #1454, .T. ) ;
#4603 = DIRECTION ( 'NONE',  ( -0.0000000000000000000, 0.0000000000000000000, -1.000000000000000000 ) ) ;
#4604 = PRESENTATION_STYLE_ASSIGNMENT (( #3903 ) ) ;
#4605 = AXIS2_PLACEMENT_3D ( 'NONE', #2296, #4766, #217 ) ;
#4606 = DIRECTION ( 'NONE',  ( -1.000000000000000000, 2.525070561829413700E-016, 0.0000000000000000000 ) ) ;
#4607 = ORIENTED_EDGE ( 'NONE', *, *, #2177, .T. ) ;
#4608 = VERTEX_POINT ( 'NONE', #4479 ) ;
#4609 = DIRECTION ( 'NONE',  ( -1.000000000000000000, -0.0000000000000000000, -0.0000000000000000000 ) ) ;
#4610 = ORIENTED_EDGE ( 'NONE', *, *, #2319, .T. ) ;
#4611 = DIRECTION ( 'NONE',  ( -1.000000000000000000, 0.0000000000000000000, 0.0000000000000000000 ) ) ;
#4612 = CARTESIAN_POINT ( 'NONE',  ( 0.6808836070401279600, 0.3191161935820782100, -0.3245001814395361800 ) ) ;
#4613 = DIRECTION ( 'NONE',  ( -0.0000000000000000000, -0.0000000000000000000, -1.000000000000000000 ) ) ;
#4614 = CARTESIAN_POINT ( 'NONE',  ( -0.7499999999999996700, 0.5803149606299211600, 0.1250000000000000600 ) ) ;
#4615 = ORIENTED_EDGE ( 'NONE', *, *, #331, .F. ) ;
#4616 = CARTESIAN_POINT ( 'NONE',  ( 1.031000000000000800, 0.2515788080029213700, -0.09048522344134479800 ) ) ;
#4617 = EDGE_CURVE ( 'NONE', #5408, #4890, #2146, .T. ) ;
#4618 = PLANE ( 'NONE',  #797 ) ;
#4619 = DIRECTION ( 'NONE',  ( 9.573036100600765300E-020, 1.000000000000000000, -0.0000000000000000000 ) ) ;
#4620 = PLANE ( 'NONE',  #3810 ) ;
#4621 = ORIENTED_EDGE ( 'NONE', *, *, #2571, .T. ) ;
#4622 =( CONVERSION_BASED_UNIT ( 'INCH', #3311 ) LENGTH_UNIT ( ) NAMED_UNIT ( #4457 ) );
#4623 = CARTESIAN_POINT ( 'NONE',  ( -0.8352129783247008700, 0.5606980962574910100, -0.3600000000000003800 ) ) ;
#4624 = LINE ( 'NONE', #2068, #157 ) ;
#4625 = EDGE_CURVE ( 'NONE', #630, #4887, #5097, .T. ) ;
#4626 = AXIS2_PLACEMENT_3D ( 'NONE', #1940, #4868, #2766 ) ;
#4627 = CARTESIAN_POINT ( 'NONE',  ( -0.6825000000000000000, 0.0000000000000000000, 0.1053149606299212400 ) ) ;
#4628 = FACE_OUTER_BOUND ( 'NONE', #1996, .T. ) ;
#4629 = FILL_AREA_STYLE ('',( #2112 ) ) ;
#4630 = FACE_OUTER_BOUND ( 'NONE', #74, .T. ) ;
#4631 =( NAMED_UNIT ( * ) PLANE_ANGLE_UNIT ( ) SI_UNIT ( $, .RADIAN. ) );
#4632 = ORIENTED_EDGE ( 'NONE', *, *, #4192, .F. ) ;
#4633 = CARTESIAN_POINT ( 'NONE',  ( -0.7420000000000007700, -0.02500000000000000100, -0.3190000000000000100 ) ) ;
#4634 = DIRECTION ( 'NONE',  ( 1.000000000000000000, 0.0000000000000000000, -0.0000000000000000000 ) ) ;
#4635 = VECTOR ( 'NONE', #3626, 39.37007874015748100 ) ;
#4636 = AXIS2_PLACEMENT_3D ( 'NONE', #4373, #605, #5220 ) ;
#4637 = VERTEX_POINT ( 'NONE', #4034 ) ;
#4638 = PLANE ( 'NONE',  #1242 ) ;
#4639 = DIRECTION ( 'NONE',  ( 1.000000000000000000, 0.0000000000000000000, 0.0000000000000000000 ) ) ;
#4640 = LINE ( 'NONE', #454, #1578 ) ;
#4641 = VERTEX_POINT ( 'NONE', #4520 ) ;
#4642 = CARTESIAN_POINT ( 'NONE',  ( 0.7028954739601912500, 0.5601356590934292200, -0.1249999999999999900 ) ) ;
#4643 = AXIS2_PLACEMENT_3D ( 'NONE', #5153, #1379, #150 ) ;
#4644 = CARTESIAN_POINT ( 'NONE',  ( -0.7499999999999997800, 0.5999999999999999800, 0.07499999999999998300 ) ) ;
#4645 = ORIENTED_EDGE ( 'NONE', *, *, #4541, .T. ) ;
#4646 = CARTESIAN_POINT ( 'NONE',  ( -0.8352129783247008700, 0.5606980962574910100, -0.3600000000000003800 ) ) ;
#4647 = DIRECTION ( 'NONE',  ( -0.0000000000000000000, 1.000000000000000000, -0.0000000000000000000 ) ) ;
#4648 = EDGE_CURVE ( 'NONE', #4887, #3029, #3495, .T. ) ;
#4649 = VECTOR ( 'NONE', #4224, 39.37007874015748100 ) ;
#4650 = FILL_AREA_STYLE ('',( #3375 ) ) ;
#4651 = CARTESIAN_POINT ( 'NONE',  ( -0.6825000000000000000, 0.2787401574803149400, -0.1249999999999999900 ) ) ;
#4652 = VECTOR ( 'NONE', #3701, 39.37007874015748100 ) ;
#4653 = CARTESIAN_POINT ( 'NONE',  ( 0.9197094723085155200, 0.0000000000000000000, 0.01740402468160772600 ) ) ;
#4654 = CARTESIAN_POINT ( 'NONE',  ( 0.9197094723085155200, 0.0000000000000000000, -0.01740402468160772600 ) ) ;
#4655 = CARTESIAN_POINT ( 'NONE',  ( 1.368721538571910700, 0.3349999999999999100, -0.1250000000000000000 ) ) ;
#4656 = EDGE_CURVE ( 'NONE', #3751, #4821, #4818, .T. ) ;
#4657 = VECTOR ( 'NONE', #4071, 39.37007874015748100 ) ;
#4658 = ORIENTED_EDGE ( 'NONE', *, *, #2588, .T. ) ;
#4659 = DIRECTION ( 'NONE',  ( 0.0000000000000000000, 0.0000000000000000000, -1.000000000000000000 ) ) ;
#4660 = VECTOR ( 'NONE', #3198, 39.37007874015748100 ) ;
#4661 = CARTESIAN_POINT ( 'NONE',  ( 0.6825000000000000000, 0.0000000000000000000, 0.1053149606299211700 ) ) ;
#4662 = ORIENTED_EDGE ( 'NONE', *, *, #3164, .F. ) ;
#4663 = CARTESIAN_POINT ( 'NONE',  ( -0.7499999999999997800, 0.0000000000000000000, 0.07499999999999998300 ) ) ;
#4664 = LINE ( 'NONE', #4809, #1050 ) ;
#4665 = ORIENTED_EDGE ( 'NONE', *, *, #3735, .F. ) ;
#4666 =( CONVERSION_BASED_UNIT ( 'INCH', #5107 ) LENGTH_UNIT ( ) NAMED_UNIT ( #3580 ) );
#4667 = ORIENTED_EDGE ( 'NONE', *, *, #641, .F. ) ;
#4668 = PRESENTATION_LAYER_ASSIGNMENT (  '', '', ( #3421 ) ) ;
#4669 = VECTOR ( 'NONE', #1155, 39.37007874015748100 ) ;
#4670 = DIRECTION ( 'NONE',  ( 0.01659846625565440700, -0.9509254949162524500, 0.3089744229483084000 ) ) ;
#4671 = ORIENTED_EDGE ( 'NONE', *, *, #4363, .F. ) ;
#4672 = AXIS2_PLACEMENT_3D ( 'NONE', #2144, #4202, #1248 ) ;
#4673 =( LENGTH_UNIT ( ) NAMED_UNIT ( * ) SI_UNIT ( $, .METRE. ) );
#4674 = ORIENTED_EDGE ( 'NONE', *, *, #4296, .F. ) ;
#4675 = ORIENTED_EDGE ( 'NONE', *, *, #2889, .F. ) ;
#4676 = CARTESIAN_POINT ( 'NONE',  ( 0.1085708163636324000, 0.1506818173096967400, -0.3600000000000001000 ) ) ;
#4677 = SURFACE_STYLE_FILL_AREA ( #1828 ) ;
#4678 = ORIENTED_EDGE ( 'NONE', *, *, #1049, .T. ) ;
#4679 = VERTEX_POINT ( 'NONE', #3412 ) ;
#4680 = CARTESIAN_POINT ( 'NONE',  ( -0.9197094723085155200, 0.01574803149606299200, 0.01740402468160772600 ) ) ;
#4681 = EDGE_LOOP ( 'NONE', ( #3528, #2131, #1135 ) ) ;
#4682 = COLOUR_RGB ( '',0.9686274509803921600, 0.8784313725490196000, 0.5999999999999999800 ) ;
#4683 = DIRECTION ( 'NONE',  ( 0.0000000000000000000, 0.0000000000000000000, 1.000000000000000000 ) ) ;
#4684 = EDGE_CURVE ( 'NONE', #3537, #3205, #2409, .T. ) ;
#4685 = CARTESIAN_POINT ( 'NONE',  ( 0.0000000000000000000, 0.0000000000000000000, 0.3206299212598426300 ) ) ;
#4686 = DIRECTION ( 'NONE',  ( 0.0000000000000000000, 0.0000000000000000000, 1.000000000000000000 ) ) ;
#4687 = ORIENTED_EDGE ( 'NONE', *, *, #3129, .T. ) ;
#4688 = SURFACE_SIDE_STYLE ('',( #2025 ) ) ;
#4689 = CARTESIAN_POINT ( 'NONE',  ( 0.7499999999999997800, 0.2515788080029213200, 0.1250000000000000600 ) ) ;
#4690 = CARTESIAN_POINT ( 'NONE',  ( -0.7342519685039365900, 0.5803149606299211600, -0.1249999999999999300 ) ) ;
#4691 = VECTOR ( 'NONE', #2797, 39.37007874015748100 ) ;
#4692 = CARTESIAN_POINT ( 'NONE',  ( 0.8560000000000006500, 0.0000000000000000000, 0.1250000000000002500 ) ) ;
#4693 = FACE_OUTER_BOUND ( 'NONE', #1750, .T. ) ;
#4694 = EDGE_CURVE ( 'NONE', #4201, #806, #4020, .T. ) ;
#4695 = ORIENTED_EDGE ( 'NONE', *, *, #3675, .F. ) ;
#4696 = DIRECTION ( 'NONE',  ( 0.0000000000000000000, -0.0000000000000000000, -1.000000000000000000 ) ) ;
#4697 = SURFACE_SIDE_STYLE ('',( #5442 ) ) ;
#4698 = AXIS2_PLACEMENT_3D ( 'NONE', #1522, #1935, #683 ) ;
#4699 = VECTOR ( 'NONE', #1351, 39.37007874015748100 ) ;
#4700 = ORIENTED_EDGE ( 'NONE', *, *, #146, .F. ) ;
#4701 = DIRECTION ( 'NONE',  ( -0.0000000000000000000, -0.0000000000000000000, -1.000000000000000000 ) ) ;
#4702 = EDGE_CURVE ( 'NONE', #4167, #5086, #2711, .T. ) ;
#4703 = CIRCLE ( 'NONE', #4059, 0.03937007874015751400 ) ;
#4704 =( GEOMETRIC_REPRESENTATION_CONTEXT ( 3 ) GLOBAL_UNCERTAINTY_ASSIGNED_CONTEXT ( ( #4493 ) ) GLOBAL_UNIT_ASSIGNED_CONTEXT ( ( #4666, #3808, #4707 ) ) REPRESENTATION_CONTEXT ( 'NONE', 'WORKASPACE' ) );
#4705 = MECHANICAL_DESIGN_GEOMETRIC_PRESENTATION_REPRESENTATION (  '', ( #1343 ), #1626 ) ;
#4706 = VERTEX_POINT ( 'NONE', #3933 ) ;
#4707 =( NAMED_UNIT ( * ) SI_UNIT ( $, .STERADIAN. ) SOLID_ANGLE_UNIT ( ) );
#4708 = AXIS2_PLACEMENT_3D ( 'NONE', #4633, #1768, #2610 ) ;
#4709 = DIRECTION ( 'NONE',  ( -0.0000000000000000000, -0.0000000000000000000, -1.000000000000000000 ) ) ;
#4710 = VECTOR ( 'NONE', #4023, 39.37007874015748100 ) ;
#4711 = ORIENTED_EDGE ( 'NONE', *, *, #2343, .T. ) ;
#4712 = ORIENTED_EDGE ( 'NONE', *, *, #301, .F. ) ;
#4713 = CARTESIAN_POINT ( 'NONE',  ( 0.9801201070409663000, 0.01574803149606299200, 0.01740402468160772600 ) ) ;
#4714 = AXIS2_PLACEMENT_3D ( 'NONE', #2233, #3482, #5193 ) ;
#4715 = PRESENTATION_STYLE_ASSIGNMENT (( #992 ) ) ;
#4716 = VECTOR ( 'NONE', #1174, 39.37007874015748100 ) ;
#4717 = SURFACE_SIDE_STYLE ('',( #4249 ) ) ;
#4718 = DIRECTION ( 'NONE',  ( -0.0000000000000000000, 1.000000000000000000, -0.0000000000000000000 ) ) ;
#4719 = ORIENTED_EDGE ( 'NONE', *, *, #2558, .T. ) ;
#4720 = VECTOR ( 'NONE', #141, 39.37007874015748100 ) ;
#4721 = CARTESIAN_POINT ( 'NONE',  ( 0.6526028818689489900, 0.2829508827657347700, -0.3181215393843513400 ) ) ;
#4722 = CARTESIAN_POINT ( 'NONE',  ( 0.0000000000000000000, 0.3499999999999999800, 0.3600000000000002600 ) ) ;
#4723 = CARTESIAN_POINT ( 'NONE',  ( 0.7499999999999997800, 0.03937007874015744500, 0.06927281597899326300 ) ) ;
#4724 = FACE_OUTER_BOUND ( 'NONE', #4397, .T. ) ;
#4725 = DIRECTION ( 'NONE',  ( 0.0000000000000000000, -0.0000000000000000000, 1.000000000000000000 ) ) ;
#4726 =( NAMED_UNIT ( * ) SI_UNIT ( $, .STERADIAN. ) SOLID_ANGLE_UNIT ( ) );
#4727 = EDGE_CURVE ( 'NONE', #171, #2330, #3238, .T. ) ;
#4728 = ORIENTED_EDGE ( 'NONE', *, *, #5357, .F. ) ;
#4729 = VECTOR ( 'NONE', #2033, 39.37007874015748100 ) ;
#4730 = SURFACE_SIDE_STYLE ('',( #3445 ) ) ;
#4731 = EDGE_LOOP ( 'NONE', ( #1508, #4751, #4764 ) ) ;
#4732 = LINE ( 'NONE', #2977, #1392 ) ;
#4733 = ORIENTED_EDGE ( 'NONE', *, *, #3828, .T. ) ;
#4734 = EDGE_CURVE ( 'NONE', #3796, #1218, #3704, .T. ) ;
#4735 = VERTEX_POINT ( 'NONE', #4369 ) ;
#4736 = ORIENTED_EDGE ( 'NONE', *, *, #2606, .T. ) ;
#4737 = MECHANICAL_DESIGN_GEOMETRIC_PRESENTATION_REPRESENTATION (  '', ( #3971 ), #2209 ) ;
#4738 = ORIENTED_EDGE ( 'NONE', *, *, #3822, .F. ) ;
#4739 = VECTOR ( 'NONE', #3155, 39.37007874015748100 ) ;
#4740 = ORIENTED_EDGE ( 'NONE', *, *, #2298, .F. ) ;
#4741 = SURFACE_SIDE_STYLE ('',( #4502 ) ) ;
#4742 = ORIENTED_EDGE ( 'NONE', *, *, #1693, .T. ) ;
#4743 = DIRECTION ( 'NONE',  ( 0.0000000000000000000, 0.0000000000000000000, 1.000000000000000000 ) ) ;
#4744 = UNCERTAINTY_MEASURE_WITH_UNIT (LENGTH_MEASURE( 1.000000000000000100E-005 ), #1830, 'distance_accuracy_value', 'NONE');
#4745 = FILL_AREA_STYLE_COLOUR ( '', #4168 ) ;
#4746 = ORIENTED_EDGE ( 'NONE', *, *, #3086, .T. ) ;
#4747 = CARTESIAN_POINT ( 'NONE',  ( 0.7342519685039365900, 0.5558435179377632100, -0.1249999999999999900 ) ) ;
#4748 = DIRECTION ( 'NONE',  ( -0.0000000000000000000, -0.0000000000000000000, -1.000000000000000000 ) ) ;
#4749 = ORIENTED_EDGE ( 'NONE', *, *, #3550, .F. ) ;
#4750 = FILL_AREA_STYLE_COLOUR ( '', #227 ) ;
#4751 = ORIENTED_EDGE ( 'NONE', *, *, #965, .T. ) ;
#4752 = EDGE_CURVE ( 'NONE', #3961, #5440, #1007, .T. ) ;
#4753 = LINE ( 'NONE', #3696, #2908 ) ;
#4754 = CARTESIAN_POINT ( 'NONE',  ( -0.8560000000000005400, 0.0000000000000000000, 0.06927281597899326300 ) ) ;
#4755 = VECTOR ( 'NONE', #265, 39.37007874015748100 ) ;
#4756 =( LENGTH_UNIT ( ) NAMED_UNIT ( * ) SI_UNIT ( $, .METRE. ) );
#4757 =( NAMED_UNIT ( * ) SI_UNIT ( $, .STERADIAN. ) SOLID_ANGLE_UNIT ( ) );
#4758 = CARTESIAN_POINT ( 'NONE',  ( 0.6701957849354629500, 0.2983883399626696700, 0.3216480614868176300 ) ) ;
#4759 = EDGE_CURVE ( 'NONE', #3778, #1211, #4418, .T. ) ;
#4760 = VERTEX_POINT ( 'NONE', #1466 ) ;
#4761 = CYLINDRICAL_SURFACE ( 'NONE', #4762, 0.03999999999999998000 ) ;
#4762 = AXIS2_PLACEMENT_3D ( 'NONE', #3954, #298, #4833 ) ;
#4763 = LINE ( 'NONE', #4324, #4565 ) ;
#4764 = ORIENTED_EDGE ( 'NONE', *, *, #4049, .F. ) ;
#4765 = EDGE_CURVE ( 'NONE', #3588, #547, #1760, .T. ) ;
#4766 = DIRECTION ( 'NONE',  ( 1.000000000000000000, 9.573036100600765300E-020, 0.0000000000000000000 ) ) ;
#4767 = LINE ( 'NONE', #1347, #3253 ) ;
#4768 = DIRECTION ( 'NONE',  ( 0.0000000000000000000, 1.000000000000000000, 0.0000000000000000000 ) ) ;
#4769 = ORIENTED_EDGE ( 'NONE', *, *, #4396, .F. ) ;
#4770 =( GEOMETRIC_REPRESENTATION_CONTEXT ( 3 ) GLOBAL_UNCERTAINTY_ASSIGNED_CONTEXT ( ( #850 ) ) GLOBAL_UNIT_ASSIGNED_CONTEXT ( ( #1942, #1925, #2385 ) ) REPRESENTATION_CONTEXT ( 'NONE', 'WORKASPACE' ) );
#4771 = CARTESIAN_POINT ( 'NONE',  ( -0.8560000000000006500, 0.01574803149606299200, -0.1249999999999997600 ) ) ;
#4772 = DIRECTION ( 'NONE',  ( 0.0000000000000000000, -1.000000000000000000, 0.0000000000000000000 ) ) ;
#4773 = CIRCLE ( 'NONE', #4372, 0.02499999999999997400 ) ;
#4774 =( NAMED_UNIT ( * ) PLANE_ANGLE_UNIT ( ) SI_UNIT ( $, .RADIAN. ) );
#4775 = CARTESIAN_POINT ( 'NONE',  ( 0.6304730328643344300, 0.2749999999999998600, 0.3157878402833893000 ) ) ;
#4776 = PLANE ( 'NONE',  #852 ) ;
#4777 = DIRECTION ( 'NONE',  ( 0.0000000000000000000, 1.000000000000000000, -0.0000000000000000000 ) ) ;
#4778 = FACE_OUTER_BOUND ( 'NONE', #75, .T. ) ;
#4779 = EDGE_CURVE ( 'NONE', #3299, #1538, #4965, .T. ) ;
#4780 = DIRECTION ( 'NONE',  ( -0.0000000000000000000, -0.0000000000000000000, 1.000000000000000000 ) ) ;
#4781 = DIRECTION ( 'NONE',  ( -0.01659846625565440700, -0.9509254949162524500, 0.3089744229483084000 ) ) ;
#4782 = LENGTH_MEASURE_WITH_UNIT ( LENGTH_MEASURE( 0.02539999999999999900 ), #3365 );
#4783 = SURFACE_STYLE_FILL_AREA ( #4629 ) ;
#4784 = CARTESIAN_POINT ( 'NONE',  ( 0.7499999999999997800, 0.1999999999999999800, 0.1250000000000000300 ) ) ;
#4785 = EDGE_LOOP ( 'NONE', ( #1710, #4068, #3165, #2923 ) ) ;
#4786 = CYLINDRICAL_SURFACE ( 'NONE', #4230, 0.06000000000000004600 ) ;
#4787 = ADVANCED_FACE ( 'NONE', ( #98 ), #3428, .F. ) ;
#4788 = DIRECTION ( 'NONE',  ( 0.0000000000000000000, -0.0000000000000000000, -1.000000000000000000 ) ) ;
#4789 = EDGE_LOOP ( 'NONE', ( #317, #3770, #943, #3872 ) ) ;
#4790 = EDGE_CURVE ( 'NONE', #2180, #4898, #827, .T. ) ;
#4791 = DIRECTION ( 'NONE',  ( -0.0000000000000000000, -0.0000000000000000000, -1.000000000000000000 ) ) ;
#4792 = VERTEX_POINT ( 'NONE', #3114 ) ;
#4793 = CARTESIAN_POINT ( 'NONE',  ( 0.6825000000000000000, 0.3349999999999999100, -0.3600000000000003800 ) ) ;
#4794 = ORIENTED_EDGE ( 'NONE', *, *, #1958, .F. ) ;
#4795 = AXIS2_PLACEMENT_3D ( 'NONE', #2066, #2499, #5428 ) ;
#4796 = LINE ( 'NONE', #1647, #343 ) ;
#4797 = CARTESIAN_POINT ( 'NONE',  ( 0.6594357505198933400, 0.2870814540500578600, 0.3192561796922500100 ) ) ;
#4798 = EDGE_LOOP ( 'NONE', ( #934, #4151, #2017, #2756, #1328 ) ) ;
#4799 = DIRECTION ( 'NONE',  ( 0.0000000000000000000, 0.0000000000000000000, 1.000000000000000000 ) ) ;
#4800 = EDGE_LOOP ( 'NONE', ( #2885, #4546, #1391, #3006, #1849, #2577, #1822, #4162 ) ) ;
#4801 = VERTEX_POINT ( 'NONE', #4852 ) ;
#4802 = EDGE_CURVE ( 'NONE', #1051, #4804, #948, .T. ) ;
#4803 = VERTEX_POINT ( 'NONE', #2315 ) ;
#4804 = VERTEX_POINT ( 'NONE', #1519 ) ;
#4805 = DIRECTION ( 'NONE',  ( 9.573036100600765300E-020, 1.000000000000000000, 0.0000000000000000000 ) ) ;
#4806 = AXIS2_PLACEMENT_3D ( 'NONE', #5217, #2293, #5232 ) ;
#4807 = DIRECTION ( 'NONE',  ( -9.573036100600765300E-020, 1.000000000000000000, 0.0000000000000000000 ) ) ;
#4808 = ORIENTED_EDGE ( 'NONE', *, *, #2672, .F. ) ;
#4809 = CARTESIAN_POINT ( 'NONE',  ( 0.6825000000000000000, 0.2787401574803149400, -0.1249999999999999200 ) ) ;
#4810 = CARTESIAN_POINT ( 'NONE',  ( -0.8352129783247008700, 0.5606980962574910100, 0.2915400385671660400 ) ) ;
#4811 = DIRECTION ( 'NONE',  ( 0.0000000000000000000, -0.0000000000000000000, 1.000000000000000000 ) ) ;
#4812 = ORIENTED_EDGE ( 'NONE', *, *, #1393, .T. ) ;
#4813 = DIRECTION ( 'NONE',  ( -0.0000000000000000000, -0.0000000000000000000, -1.000000000000000000 ) ) ;
#4814 = CARTESIAN_POINT ( 'NONE',  ( -0.9801201070409663000, 0.0000000000000000000, 0.01740402468160772600 ) ) ;
#4815 = ADVANCED_FACE ( 'NONE', ( #1629 ), #3549, .F. ) ;
#4816 = DIRECTION ( 'NONE',  ( 0.0000000000000000000, 0.0000000000000000000, -1.000000000000000000 ) ) ;
#4817 = CARTESIAN_POINT ( 'NONE',  ( -0.8449999999999997500, 0.0000000000000000000, -0.07500000000000002500 ) ) ;
#4818 = LINE ( 'NONE', #4089, #4486 ) ;
#4819 = VECTOR ( 'NONE', #2987, 39.37007874015748100 ) ;
#4820 = EDGE_CURVE ( 'NONE', #2819, #3556, #1493, .T. ) ;
#4821 = VERTEX_POINT ( 'NONE', #3586 ) ;
#4822 = DIRECTION ( 'NONE',  ( 0.0000000000000000000, -1.000000000000000000, 0.0000000000000000000 ) ) ;
#4823 = CARTESIAN_POINT ( 'NONE',  ( -0.7342519685039365900, 0.5803149606299211600, 0.1250000000000000600 ) ) ;
#4824 = DIRECTION ( 'NONE',  ( 0.0000000000000000000, 8.537024980200824800E-016, -1.000000000000000000 ) ) ;
#4825 = ORIENTED_EDGE ( 'NONE', *, *, #1065, .T. ) ;
#4826 =( LENGTH_UNIT ( ) NAMED_UNIT ( * ) SI_UNIT ( $, .METRE. ) );
#4827 = EDGE_CURVE ( 'NONE', #4167, #1257, #1224, .T. ) ;
#4828 = FACE_OUTER_BOUND ( 'NONE', #4905, .T. ) ;
#4829 = ORIENTED_EDGE ( 'NONE', *, *, #2515, .T. ) ;
#4830 = DIRECTION ( 'NONE',  ( 0.0000000000000000000, 0.0000000000000000000, 1.000000000000000000 ) ) ;
#4831 = ORIENTED_EDGE ( 'NONE', *, *, #4204, .F. ) ;
#4832 = DIRECTION ( 'NONE',  ( 1.000000000000000000, -0.0000000000000000000, -0.0000000000000000000 ) ) ;
#4833 = DIRECTION ( 'NONE',  ( -1.000000000000000000, 0.0000000000000000000, 0.0000000000000000000 ) ) ;
#4834 = PLANE ( 'NONE',  #4698 ) ;
#4835 = EDGE_CURVE ( 'NONE', #1556, #167, #223, .T. ) ;
#4836 = ORIENTED_EDGE ( 'NONE', *, *, #1928, .F. ) ;
#4837 = DIRECTION ( 'NONE',  ( 0.0000000000000000000, 0.0000000000000000000, 1.000000000000000000 ) ) ;
#4838 = AXIS2_PLACEMENT_3D ( 'NONE', #2468, #5345, #1156 ) ;
#4839 = VECTOR ( 'NONE', #210, 39.37007874015748100 ) ;
#4840 = ADVANCED_FACE ( 'NONE', ( #890 ), #4351, .F. ) ;
#4841 = MECHANICAL_DESIGN_GEOMETRIC_PRESENTATION_REPRESENTATION (  '', ( #4960 ), #5070 ) ;
#4842 = CARTESIAN_POINT ( 'NONE',  ( 0.7736220472440941100, 0.0000000000000000000, 0.06927281597899326300 ) ) ;
#4843 = APPLICATION_CONTEXT ( 'automotive_design' ) ;
#4844 = LINE ( 'NONE', #2072, #3450 ) ;
#4845 = LINE ( 'NONE', #3816, #3451 ) ;
#4846 =( NAMED_UNIT ( * ) SI_UNIT ( $, .STERADIAN. ) SOLID_ANGLE_UNIT ( ) );
#4847 = PLANE ( 'NONE',  #3310 ) ;
#4848 = LINE ( 'NONE', #1863, #3526 ) ;
#4849 = ORIENTED_EDGE ( 'NONE', *, *, #1393, .F. ) ;
#4850 = CARTESIAN_POINT ( 'NONE',  ( -1.031000000000000800, 0.01574803149606299200, 0.1250000000000000600 ) ) ;
#4851 = DIRECTION ( 'NONE',  ( -1.000000000000000000, 0.0000000000000000000, 0.0000000000000000000 ) ) ;
#4852 = CARTESIAN_POINT ( 'NONE',  ( -0.7952190705184454300, 0.5999999999999999800, -0.07500000000000002500 ) ) ;
#4853 = EDGE_LOOP ( 'NONE', ( #3138, #5036, #2771, #2051 ) ) ;
#4854 = ADVANCED_FACE ( 'NONE', ( #2595 ), #2430, .F. ) ;
#4855 = LINE ( 'NONE', #4661, #2745 ) ;
#4856 = EDGE_CURVE ( 'NONE', #4641, #4286, #766, .T. ) ;
#4857 = VECTOR ( 'NONE', #2913, 39.37007874015748100 ) ;
#4858 = ORIENTED_EDGE ( 'NONE', *, *, #3048, .F. ) ;
#4859 = CARTESIAN_POINT ( 'NONE',  ( 0.8560000000000006500, 0.0000000000000000000, 0.1250000000000002500 ) ) ;
#4860 = DIRECTION ( 'NONE',  ( 0.0000000000000000000, 0.0000000000000000000, -1.000000000000000000 ) ) ;
#4861 = VECTOR ( 'NONE', #1901, 39.37007874015748100 ) ;
#4862 = DIRECTION ( 'NONE',  ( -1.000000000000000000, -2.525070561829413700E-016, -0.0000000000000000000 ) ) ;
#4863 = EDGE_LOOP ( 'NONE', ( #1983, #1388, #4281, #478 ) ) ;
#4864 = CARTESIAN_POINT ( 'NONE',  ( 0.8560000000000006500, 0.0000000000000000000, 0.1250000000000002500 ) ) ;
#4865 = VERTEX_POINT ( 'NONE', #1499 ) ;
#4866 = EDGE_LOOP ( 'NONE', ( #3004, #3531, #4003, #1122 ) ) ;
#4867 = VECTOR ( 'NONE', #4971, 39.37007874015748100 ) ;
#4868 = DIRECTION ( 'NONE',  ( 0.0000000000000000000, 0.0000000000000000000, 1.000000000000000000 ) ) ;
#4869 = EDGE_CURVE ( 'NONE', #2288, #5077, #2478, .T. ) ;
#4870 = ORIENTED_EDGE ( 'NONE', *, *, #3440, .T. ) ;
#4871 = ORIENTED_EDGE ( 'NONE', *, *, #2703, .T. ) ;
#4872 = PRESENTATION_LAYER_ASSIGNMENT (  '', '', ( #4584 ) ) ;
#4873 = CARTESIAN_POINT ( 'NONE',  ( 0.5936793005852028000, 0.2482104724122009000, 0.1250000000000000600 ) ) ;
#4874 = DIRECTION ( 'NONE',  ( -1.000000000000000000, 0.0000000000000000000, 0.0000000000000000000 ) ) ;
#4875 = ORIENTED_EDGE ( 'NONE', *, *, #2043, .T. ) ;
#4876 = DIRECTION ( 'NONE',  ( -0.01745240643727697500, -0.9998476951563912700, 0.0000000000000000000 ) ) ;
#4877 = DIRECTION ( 'NONE',  ( 0.0000000000000000000, 0.0000000000000000000, 1.000000000000000000 ) ) ;
#4878 = ADVANCED_FACE ( 'NONE', ( #163 ), #4941, .F. ) ;
#4879 = PRESENTATION_STYLE_ASSIGNMENT (( #2321 ) ) ;
#4880 = EDGE_CURVE ( 'NONE', #3346, #361, #1623, .T. ) ;
#4881 = FILL_AREA_STYLE ('',( #4521 ) ) ;
#4882 = AXIS2_PLACEMENT_3D ( 'NONE', #5444, #5060, #417 ) ;
#4883 = CARTESIAN_POINT ( 'NONE',  ( 0.7499999999999997800, 0.03937007874015744500, 0.1250000000000000600 ) ) ;
#4884 = ORIENTED_EDGE ( 'NONE', *, *, #2583, .T. ) ;
#4885 = DIRECTION ( 'NONE',  ( 0.0000000000000000000, 0.0000000000000000000, -1.000000000000000000 ) ) ;
#4886 = AXIS2_PLACEMENT_3D ( 'NONE', #616, #3567, #1061 ) ;
#4887 = VERTEX_POINT ( 'NONE', #329 ) ;
#4888 = CARTESIAN_POINT ( 'NONE',  ( 0.1085708163636324000, 0.1506818173096967400, -0.3206299212598426300 ) ) ;
#4889 = STYLED_ITEM ( 'NONE', ( #2765 ), #355 ) ;
#4890 = VERTEX_POINT ( 'NONE', #3212 ) ;
#4891 = APPLICATION_PROTOCOL_DEFINITION ( 'draft international standard', 'automotive_design', 1998, #4843 ) ;
#4892 = CARTESIAN_POINT ( 'NONE',  ( 1.031000000000000800, 0.2515788080029213700, 0.09948246940511164300 ) ) ;
#4893 = VECTOR ( 'NONE', #105, 39.37007874015748100 ) ;
#4894 = CARTESIAN_POINT ( 'NONE',  ( -1.031000000000000800, 0.01574803149606299200, 0.1250000000000002500 ) ) ;
#4895 = CARTESIAN_POINT ( 'NONE',  ( 0.1085708163636324000, 0.0000000000000000000, 0.3206299212598426300 ) ) ;
#4896 = VECTOR ( 'NONE', #4918, 39.37007874015748100 ) ;
#4897 = VECTOR ( 'NONE', #3485, 39.37007874015748900 ) ;
#4898 = VERTEX_POINT ( 'NONE', #5327 ) ;
#4899 = CARTESIAN_POINT ( 'NONE',  ( -0.8560000000000006500, 0.0000000000000000000, 0.1250000000000002500 ) ) ;
#4900 = CARTESIAN_POINT ( 'NONE',  ( 0.9801201070409663000, 0.0000000000000000000, -0.01740402468160772600 ) ) ;
#4901 = LINE ( 'NONE', #5349, #895 ) ;
#4902 = EDGE_CURVE ( 'NONE', #1421, #23, #2706, .T. ) ;
#4903 = DIRECTION ( 'NONE',  ( 9.573036100600765300E-020, 1.000000000000000000, 0.0000000000000000000 ) ) ;
#4904 = LINE ( 'NONE', #144, #1166 ) ;
#4905 = EDGE_LOOP ( 'NONE', ( #3889, #3682, #2373, #4125, #5149, #3153, #4209, #5159 ) ) ;
#4906 = ADVANCED_FACE ( 'NONE', ( #2338 ), #1596, .F. ) ;
#4907 = AXIS2_PLACEMENT_3D ( 'NONE', #56, #1279, #2134 ) ;
#4908 = CYLINDRICAL_SURFACE ( 'NONE', #4991, 0.02499999999999997400 ) ;
#4909 = ORIENTED_EDGE ( 'NONE', *, *, #2665, .F. ) ;
#4910 = ORIENTED_EDGE ( 'NONE', *, *, #1404, .T. ) ;
#4911 = EDGE_CURVE ( 'NONE', #5095, #1807, #5092, .T. ) ;
#4912 = UNCERTAINTY_MEASURE_WITH_UNIT (LENGTH_MEASURE( 1.000000000000000100E-005 ), #4442, 'distance_accuracy_value', 'NONE');
#4913 =( LENGTH_UNIT ( ) NAMED_UNIT ( * ) SI_UNIT ( $, .METRE. ) );
#4914 = LINE ( 'NONE', #1463, #5245 ) ;
#4915 = CARTESIAN_POINT ( 'NONE',  ( 0.6105563093158336000, 0.3967524751484143900, -0.1249999999999999900 ) ) ;
#4916 = CYLINDRICAL_SURFACE ( 'NONE', #3359, 0.02447144269215796600 ) ;
#4917 = DIRECTION ( 'NONE',  ( 1.000000000000000000, -2.525070561829413700E-016, -0.0000000000000000000 ) ) ;
#4918 = DIRECTION ( 'NONE',  ( -1.000000000000000000, 0.0000000000000000000, 0.0000000000000000000 ) ) ;
#4919 = DIRECTION ( 'NONE',  ( 0.0000000000000000000, 0.0000000000000000000, 1.000000000000000000 ) ) ;
#4920 = PRESENTATION_LAYER_ASSIGNMENT (  '', '', ( #2721 ) ) ;
#4921 = ADVANCED_FACE ( 'NONE', ( #2012 ), #2851, .T. ) ;
#4922 = VECTOR ( 'NONE', #234, 39.37007874015748100 ) ;
#4923 = CARTESIAN_POINT ( 'NONE',  ( 0.6105563093158336000, 0.3967524751484143900, -0.1249999999999999900 ) ) ;
#4924 = MECHANICAL_DESIGN_GEOMETRIC_PRESENTATION_REPRESENTATION (  '', ( #5316 ), #3145 ) ;
#4925 = DIRECTION ( 'NONE',  ( 0.0000000000000000000, 0.0000000000000000000, 1.000000000000000000 ) ) ;
#4926 = VECTOR ( 'NONE', #409, 39.37007874015748100 ) ;
#4927 = VECTOR ( 'NONE', #4799, 39.37007874015748100 ) ;
#4928 = VECTOR ( 'NONE', #3761, 39.37007874015748100 ) ;
#4929 = ORIENTED_EDGE ( 'NONE', *, *, #939, .F. ) ;
#4930 = LINE ( 'NONE', #230, #1842 ) ;
#4931 = DIRECTION ( 'NONE',  ( 1.000000000000000000, -0.0000000000000000000, -0.0000000000000000000 ) ) ;
#4932 = CYLINDRICAL_SURFACE ( 'NONE', #5409, 0.03937007874015751400 ) ;
#4933 = AXIS2_PLACEMENT_3D ( 'NONE', #3358, #4709, #2564 ) ;
#4934 = ORIENTED_EDGE ( 'NONE', *, *, #2928, .F. ) ;
#4935 = DIRECTION ( 'NONE',  ( 1.000000000000000000, 0.0000000000000000000, 0.0000000000000000000 ) ) ;
#4936 = ORIENTED_EDGE ( 'NONE', *, *, #2558, .F. ) ;
#4937 = PLANE ( 'NONE',  #1682 ) ;
#4938 = CARTESIAN_POINT ( 'NONE',  ( -0.7342519685039365900, 0.4528477461766093300, 8.415507034874632400E-018 ) ) ;
#4939 = ORIENTED_EDGE ( 'NONE', *, *, #3999, .F. ) ;
#4940 = ADVANCED_FACE ( 'NONE', ( #615 ), #2969, .F. ) ;
#4941 = PLANE ( 'NONE',  #3936 ) ;
#4942 = VECTOR ( 'NONE', #3558, 39.37007874015748100 ) ;
#4943 = EDGE_CURVE ( 'NONE', #130, #3464, #4753, .T. ) ;
#4944 = VERTEX_POINT ( 'NONE', #315 ) ;
#4945 = ORIENTED_EDGE ( 'NONE', *, *, #1658, .T. ) ;
#4946 = VERTEX_POINT ( 'NONE', #3190 ) ;
#4947 = ORIENTED_EDGE ( 'NONE', *, *, #5147, .F. ) ;
#4948 = CARTESIAN_POINT ( 'NONE',  ( -0.7379332539391576500, 0.3841299163440908800, 0.0000000000000000000 ) ) ;
#4949 = ADVANCED_FACE ( 'NONE', ( #887 ), #1203, .F. ) ;
#4950 = EDGE_CURVE ( 'NONE', #4890, #3556, #1426, .T. ) ;
#4951 = EDGE_LOOP ( 'NONE', ( #3534, #1869, #2049, #539 ) ) ;
#4952 = DIRECTION ( 'NONE',  ( 0.0000000000000000000, 0.0000000000000000000, 1.000000000000000000 ) ) ;
#4953 = CARTESIAN_POINT ( 'NONE',  ( -1.031000000000000800, 0.2787401574803150000, 0.09948246940511164300 ) ) ;
#4954 = CARTESIAN_POINT ( 'NONE',  ( -0.9197094723085155200, 0.0000000000000000000, -0.01740402468160772600 ) ) ;
#4955 = CARTESIAN_POINT ( 'NONE',  ( -0.6825000000000000000, 0.5999999999999999800, -0.2787700759417754400 ) ) ;
#4956 = AXIS2_PLACEMENT_3D ( 'NONE', #4722, #4238, #940 ) ;
#4957 = ORIENTED_EDGE ( 'NONE', *, *, #2830, .T. ) ;
#4958 = AXIS2_PLACEMENT_3D ( 'NONE', #4217, #3788, #3419 ) ;
#4959 = LINE ( 'NONE', #1254, #3631 ) ;
#4960 = STYLED_ITEM ( 'NONE', ( #4349 ), #2559 ) ;
#4961 = CARTESIAN_POINT ( 'NONE',  ( -0.8560000000000006500, 0.0000000000000000000, 0.1250000000000002500 ) ) ;
#4962 = ADVANCED_FACE ( 'NONE', ( #304 ), #1217, .T. ) ;
#4963 = CARTESIAN_POINT ( 'NONE',  ( 0.8560000000000005400, 0.0000000000000000000, 0.06927281597899326300 ) ) ;
#4964 = DIRECTION ( 'NONE',  ( 0.0000000000000000000, 1.000000000000000000, 0.0000000000000000000 ) ) ;
#4965 = LINE ( 'NONE', #1013, #1296 ) ;
#4966 = LINE ( 'NONE', #2548, #4819 ) ;
#4967 = EDGE_LOOP ( 'NONE', ( #997, #5268, #1507, #3686, #3809, #1067, #4240, #3013, #479, #2700, #803, #135, #559, #1741 ) ) ;
#4968 = LINE ( 'NONE', #3211, #494 ) ;
#4969 = DIRECTION ( 'NONE',  ( 0.0000000000000000000, -1.000000000000000000, -0.0000000000000000000 ) ) ;
#4970 = EDGE_CURVE ( 'NONE', #3215, #801, #363, .T. ) ;
#4971 = DIRECTION ( 'NONE',  ( 0.0000000000000000000, -1.000000000000000000, 0.0000000000000000000 ) ) ;
#4972 = ORIENTED_EDGE ( 'NONE', *, *, #278, .F. ) ;
#4973 = DIRECTION ( 'NONE',  ( 0.0000000000000000000, 0.0000000000000000000, 1.000000000000000000 ) ) ;
#4974 = DIRECTION ( 'NONE',  ( -0.0000000000000000000, -0.0000000000000000000, 1.000000000000000000 ) ) ;
#4975 = VECTOR ( 'NONE', #5132, 39.37007874015748900 ) ;
#4976 = ORIENTED_EDGE ( 'NONE', *, *, #5124, .T. ) ;
#4977 = ORIENTED_EDGE ( 'NONE', *, *, #1411, .T. ) ;
#4978 = EDGE_CURVE ( 'NONE', #2761, #2600, #1697, .T. ) ;
#4979 = DIRECTION ( 'NONE',  ( 2.525070561829413700E-016, -1.000000000000000000, 0.0000000000000000000 ) ) ;
#4980 = LINE ( 'NONE', #1535, #3259 ) ;
#4981 = AXIS2_PLACEMENT_3D ( 'NONE', #1486, #5332, #2719 ) ;
#4982 = ORIENTED_EDGE ( 'NONE', *, *, #3566, .T. ) ;
#4983 = CARTESIAN_POINT ( 'NONE',  ( 0.7255285573078418300, 0.5645669291338580900, 0.1250000000000000600 ) ) ;
#4984 = DIRECTION ( 'NONE',  ( 0.0000000000000000000, 0.0000000000000000000, 1.000000000000000000 ) ) ;
#4985 = UNCERTAINTY_MEASURE_WITH_UNIT (LENGTH_MEASURE( 1.000000000000000100E-005 ), #2426, 'distance_accuracy_value', 'NONE');
#4986 = FACE_OUTER_BOUND ( 'NONE', #1788, .T. ) ;
#4987 = CARTESIAN_POINT ( 'NONE',  ( 1.031000000000000800, 0.0000000000000000000, 0.1250000000000002500 ) ) ;
#4988 = EDGE_CURVE ( 'NONE', #5077, #2047, #1870, .T. ) ;
#4989 = DIRECTION ( 'NONE',  ( 0.0000000000000000000, 0.3090169943749416200, 0.9510565162951555300 ) ) ;
#4990 = PRESENTATION_STYLE_ASSIGNMENT (( #5166 ) ) ;
#4991 = AXIS2_PLACEMENT_3D ( 'NONE', #4254, #97, #942 ) ;
#4992 = ADVANCED_FACE ( 'NONE', ( #4630 ), #4347, .T. ) ;
#4993 = CARTESIAN_POINT ( 'NONE',  ( 0.6825000000000000000, 0.2787401574803149400, -0.1249999999999999200 ) ) ;
#4994 = STYLED_ITEM ( 'NONE', ( #492 ), #5297 ) ;
#4995 = LINE ( 'NONE', #5243, #3847 ) ;
#4996 = ORIENTED_EDGE ( 'NONE', *, *, #161, .T. ) ;
#4997 = EDGE_LOOP ( 'NONE', ( #143, #1582, #4996, #4448, #3897, #5108 ) ) ;
#4998 = STYLED_ITEM ( 'NONE', ( #3326 ), #674 ) ;
#4999 = FACE_OUTER_BOUND ( 'NONE', #3111, .T. ) ;
#5000 = VECTOR ( 'NONE', #2198, 39.37007874015748100 ) ;
#5001 = ORIENTED_EDGE ( 'NONE', *, *, #5210, .T. ) ;
#5002 = LINE ( 'NONE', #4136, #925 ) ;
#5003 = ORIENTED_EDGE ( 'NONE', *, *, #2079, .T. ) ;
#5004 = EDGE_LOOP ( 'NONE', ( #3076, #1526, #3025, #473 ) ) ;
#5005 = DIRECTION ( 'NONE',  ( -1.000000000000000000, 0.0000000000000000000, 0.0000000000000000000 ) ) ;
#5006 = ORIENTED_EDGE ( 'NONE', *, *, #995, .F. ) ;
#5007 = VECTOR ( 'NONE', #2041, 39.37007874015748100 ) ;
#5008 = DIRECTION ( 'NONE',  ( 0.0000000000000000000, 0.0000000000000000000, -1.000000000000000000 ) ) ;
#5009 = ORIENTED_EDGE ( 'NONE', *, *, #353, .F. ) ;
#5010 = CARTESIAN_POINT ( 'NONE',  ( 0.1085708163636324000, 0.0000000000000000000, -0.3600000000000001000 ) ) ;
#5011 = ORIENTED_EDGE ( 'NONE', *, *, #3915, .T. ) ;
#5012 =( LENGTH_UNIT ( ) NAMED_UNIT ( * ) SI_UNIT ( $, .METRE. ) );
#5013 = FACE_OUTER_BOUND ( 'NONE', #690, .T. ) ;
#5014 = EDGE_CURVE ( 'NONE', #4801, #2602, #3092, .T. ) ;
#5015 = CARTESIAN_POINT ( 'NONE',  ( -0.7499999999999997800, -1.365923996832131600E-016, 0.07499999999999998300 ) ) ;
#5016 = ORIENTED_EDGE ( 'NONE', *, *, #1756, .T. ) ;
#5017 = VECTOR ( 'NONE', #1102, 39.37007874015748100 ) ;
#5018 = CARTESIAN_POINT ( 'NONE',  ( -0.6825000000000000000, 0.3349999999999999100, -0.1249999999999999600 ) ) ;
#5019 = AXIS2_PLACEMENT_3D ( 'NONE', #608, #1000, #3510 ) ;
#5020 = DIRECTION ( 'NONE',  ( 9.573036100600762900E-020, 1.000000000000000000, -0.0000000000000000000 ) ) ;
#5021 = ADVANCED_FACE ( 'NONE', ( #431 ), #552, .T. ) ;
#5022 = EDGE_LOOP ( 'NONE', ( #266, #4473, #4607, #2823, #3256 ) ) ;
#5023 = PLANE ( 'NONE',  #348 ) ;
#5024 = EDGE_CURVE ( 'NONE', #3107, #5074, #2778, .T. ) ;
#5025 = ORIENTED_EDGE ( 'NONE', *, *, #1860, .T. ) ;
#5026 = CARTESIAN_POINT ( 'NONE',  ( -0.6825000000000000000, 0.2787401574803149400, 0.1053149606299212400 ) ) ;
#5027 =( NAMED_UNIT ( * ) PLANE_ANGLE_UNIT ( ) SI_UNIT ( $, .RADIAN. ) );
#5028 = ORIENTED_EDGE ( 'NONE', *, *, #1878, .F. ) ;
#5029 = DIMENSIONAL_EXPONENTS ( 1.000000000000000000, 0.0000000000000000000, 0.0000000000000000000, 0.0000000000000000000, 0.0000000000000000000, 0.0000000000000000000, 0.0000000000000000000 ) ;
#5030 = SURFACE_STYLE_USAGE ( .BOTH. , #2967 ) ;
#5031 = DIRECTION ( 'NONE',  ( -1.000000000000000000, -2.525070561829413700E-016, -0.0000000000000000000 ) ) ;
#5032 = DIRECTION ( 'NONE',  ( -0.0000000000000000000, 0.0000000000000000000, -1.000000000000000000 ) ) ;
#5033 = CARTESIAN_POINT ( 'NONE',  ( 1.368721538571910700, 0.1149999999999998400, 0.1250000000000000000 ) ) ;
#5034 = LINE ( 'NONE', #2024, #4896 ) ;
#5035 = CARTESIAN_POINT ( 'NONE',  ( -0.8560000000000006500, 0.0000000000000000000, 0.1250000000000002500 ) ) ;
#5036 = ORIENTED_EDGE ( 'NONE', *, *, #2920, .T. ) ;
#5037 = LENGTH_MEASURE_WITH_UNIT ( LENGTH_MEASURE( 0.02539999999999999900 ), #119 );
#5038 = CARTESIAN_POINT ( 'NONE',  ( -0.6224999999999999400, 0.2749999999999999100, -0.3600000000000003800 ) ) ;
#5039 = LINE ( 'NONE', #2652, #2486 ) ;
#5040 = SPHERICAL_SURFACE ( 'NONE', #1857, 0.04330708661417323500 ) ;
#5041 = ORIENTED_EDGE ( 'NONE', *, *, #4226, .F. ) ;
#5042 = CARTESIAN_POINT ( 'NONE',  ( -0.1085708163636324000, -0.1506818173096967400, 0.3600000000000001000 ) ) ;
#5043 = SURFACE_STYLE_USAGE ( .BOTH. , #4184 ) ;
#5044 = FACE_OUTER_BOUND ( 'NONE', #3400, .T. ) ;
#5045 = CARTESIAN_POINT ( 'NONE',  ( 0.6224999999999999400, 0.2749999999999999100, -0.3600000000000003800 ) ) ;
#5046 = EDGE_CURVE ( 'NONE', #463, #2398, #3496, .T. ) ;
#5047 = ORIENTED_EDGE ( 'NONE', *, *, #4396, .T. ) ;
#5048 = CARTESIAN_POINT ( 'NONE',  ( -0.7499999999999997800, 0.2787401574803148900, 0.1250000000000000600 ) ) ;
#5049 = ORIENTED_EDGE ( 'NONE', *, *, #573, .F. ) ;
#5050 = CARTESIAN_POINT ( 'NONE',  ( -0.8449999999999997500, 0.0000000000000000000, 0.06927281597899326300 ) ) ;
#5051 = LINE ( 'NONE', #1436, #5379 ) ;
#5052 = PLANE ( 'NONE',  #3818 ) ;
#5053 = CARTESIAN_POINT ( 'NONE',  ( 0.7499999999999997800, 0.1999999999999999800, 0.1250000000000000300 ) ) ;
#5054 = EDGE_CURVE ( 'NONE', #4599, #3693, #3489, .T. ) ;
#5055 = DIRECTION ( 'NONE',  ( 0.0000000000000000000, 0.0000000000000000000, 1.000000000000000000 ) ) ;
#5056 = FACE_OUTER_BOUND ( 'NONE', #1173, .T. ) ;
#5057 = AXIS2_PLACEMENT_3D ( 'NONE', #520, #501, #3886 ) ;
#5058 = DIRECTION ( 'NONE',  ( 1.000000000000000000, -9.082757113098751200E-015, 0.0000000000000000000 ) ) ;
#5059 = LINE ( 'NONE', #2136, #1776 ) ;
#5060 = DIRECTION ( 'NONE',  ( 9.082757113098752700E-015, 1.000000000000000000, -0.0000000000000000000 ) ) ;
#5061 = LINE ( 'NONE', #2437, #4729 ) ;
#5062 = EDGE_CURVE ( 'NONE', #1446, #2208, #4959, .T. ) ;
#5063 =( NAMED_UNIT ( * ) PLANE_ANGLE_UNIT ( ) SI_UNIT ( $, .RADIAN. ) );
#5064 = AXIS2_PLACEMENT_3D ( 'NONE', #4434, #1111, #246 ) ;
#5065 = DIRECTION ( 'NONE',  ( 1.000000000000000000, 0.0000000000000000000, 0.0000000000000000000 ) ) ;
#5066 = ORIENTED_EDGE ( 'NONE', *, *, #2889, .T. ) ;
#5067 = CARTESIAN_POINT ( 'NONE',  ( -0.7342519685039367000, -1.365923996832131600E-016, 0.1053149606299212400 ) ) ;
#5068 = VECTOR ( 'NONE', #3208, 39.37007874015748100 ) ;
#5069 = PRODUCT_DEFINITION_CONTEXT ( 'detailed design', #4843, 'design' ) ;
#5070 =( GEOMETRIC_REPRESENTATION_CONTEXT ( 3 ) GLOBAL_UNCERTAINTY_ASSIGNED_CONTEXT ( ( #2942 ) ) GLOBAL_UNIT_ASSIGNED_CONTEXT ( ( #691, #672, #1091 ) ) REPRESENTATION_CONTEXT ( 'NONE', 'WORKASPACE' ) );
#5071 = CARTESIAN_POINT ( 'NONE',  ( -0.7952190705184454300, 0.5999999999999999800, -0.3600000000000003800 ) ) ;
#5072 = ORIENTED_EDGE ( 'NONE', *, *, #3338, .T. ) ;
#5073 = ORIENTED_EDGE ( 'NONE', *, *, #1184, .F. ) ;
#5074 = VERTEX_POINT ( 'NONE', #4112 ) ;
#5075 = VECTOR ( 'NONE', #1137, 39.37007874015748100 ) ;
#5076 = ORIENTED_EDGE ( 'NONE', *, *, #2665, .T. ) ;
#5077 = VERTEX_POINT ( 'NONE', #1690 ) ;
#5078 = ORIENTED_EDGE ( 'NONE', *, *, #3835, .F. ) ;
#5079 = DIRECTION ( 'NONE',  ( -1.000000000000000000, 0.0000000000000000000, 0.0000000000000000000 ) ) ;
#5080 = DIRECTION ( 'NONE',  ( -1.000000000000000000, 0.0000000000000000000, 0.0000000000000000000 ) ) ;
#5081 = EDGE_CURVE ( 'NONE', #4679, #582, #4624, .T. ) ;
#5082 = CARTESIAN_POINT ( 'NONE',  ( 0.7952190705184454300, 0.5999999999999999800, -0.2787700759417754400 ) ) ;
#5083 = ORIENTED_EDGE ( 'NONE', *, *, #5259, .T. ) ;
#5084 = DIRECTION ( 'NONE',  ( 0.0000000000000000000, 0.0000000000000000000, 1.000000000000000000 ) ) ;
#5085 = CARTESIAN_POINT ( 'NONE',  ( 0.7342519685039367000, -1.365923996832131600E-016, -0.1250000000000000000 ) ) ;
#5086 = VERTEX_POINT ( 'NONE', #4597 ) ;
#5087 = SURFACE_STYLE_USAGE ( .BOTH. , #2152 ) ;
#5088 = DIRECTION ( 'NONE',  ( 2.525070561829413700E-016, -1.000000000000000000, 0.0000000000000000000 ) ) ;
#5089 = EDGE_CURVE ( 'NONE', #1211, #3588, #299, .T. ) ;
#5090 = CARTESIAN_POINT ( 'NONE',  ( 0.7499999999999997800, 0.2787401574803149400, -0.1249999999999999200 ) ) ;
#5091 = ORIENTED_EDGE ( 'NONE', *, *, #3204, .T. ) ;
#5092 = LINE ( 'NONE', #719, #4223 ) ;
#5093 = EDGE_CURVE ( 'NONE', #1606, #5335, #1291, .T. ) ;
#5094 = SURFACE_SIDE_STYLE ('',( #651 ) ) ;
#5095 = VERTEX_POINT ( 'NONE', #4993 ) ;
#5096 = CARTESIAN_POINT ( 'NONE',  ( -0.8352129783247008700, 0.5606980962574910100, 0.3600000000000001000 ) ) ;
#5097 = LINE ( 'NONE', #2428, #44 ) ;
#5098 = DIRECTION ( 'NONE',  ( 0.0000000000000000000, 1.000000000000000000, 0.0000000000000000000 ) ) ;
#5099 = DIRECTION ( 'NONE',  ( 0.0000000000000000000, 0.0000000000000000000, 1.000000000000000000 ) ) ;
#5100 = DIRECTION ( 'NONE',  ( 0.0000000000000000000, 1.000000000000000000, 0.0000000000000000000 ) ) ;
#5101 = ORIENTED_EDGE ( 'NONE', *, *, #3835, .T. ) ;
#5102 = DIRECTION ( 'NONE',  ( 1.000000000000000000, 0.0000000000000000000, 0.0000000000000000000 ) ) ;
#5103 = CARTESIAN_POINT ( 'NONE',  ( -0.7342519685039367000, -1.365923996832131600E-016, -0.1250000000000000000 ) ) ;
#5104 = EDGE_CURVE ( 'NONE', #1625, #1606, #2261, .T. ) ;
#5105 = ORIENTED_EDGE ( 'NONE', *, *, #4581, .T. ) ;
#5106 = CARTESIAN_POINT ( 'NONE',  ( 0.9197094723085155200, 1.065388239245496400E-020, -0.01740402468160772600 ) ) ;
#5107 = LENGTH_MEASURE_WITH_UNIT ( LENGTH_MEASURE( 0.02539999999999999900 ), #5112 );
#5108 = ORIENTED_EDGE ( 'NONE', *, *, #4082, .F. ) ;
#5109 = ORIENTED_EDGE ( 'NONE', *, *, #3415, .T. ) ;
#5110 = CARTESIAN_POINT ( 'NONE',  ( -0.7499999999999997800, 0.1999999999999999800, 0.1250000000000000300 ) ) ;
#5111 = COLOUR_RGB ( '',0.9686274509803921600, 0.8784313725490196000, 0.5999999999999999800 ) ;
#5112 =( LENGTH_UNIT ( ) NAMED_UNIT ( * ) SI_UNIT ( $, .METRE. ) );
#5113 = ORIENTED_EDGE ( 'NONE', *, *, #2207, .T. ) ;
#5114 = PLANE ( 'NONE',  #5199 ) ;
#5115 = CARTESIAN_POINT ( 'NONE',  ( 0.7499999999999997800, 0.2787401574803148900, 0.1250000000000000600 ) ) ;
#5116 = EDGE_CURVE ( 'NONE', #1804, #2753, #2532, .T. ) ;
#5117 = DIRECTION ( 'NONE',  ( 0.0000000000000000000, -0.0000000000000000000, 1.000000000000000000 ) ) ;
#5118 = FACE_OUTER_BOUND ( 'NONE', #2384, .T. ) ;
#5119 = VECTOR ( 'NONE', #1384, 39.37007874015748100 ) ;
#5120 = DIRECTION ( 'NONE',  ( 0.0000000000000000000, 1.000000000000000000, 1.224955720424438600E-016 ) ) ;
#5121 = DIRECTION ( 'NONE',  ( 0.0000000000000000000, -0.0000000000000000000, -1.000000000000000000 ) ) ;
#5122 = LINE ( 'NONE', #3689, #1835 ) ;
#5123 = DIRECTION ( 'NONE',  ( 1.000000000000000000, 0.0000000000000000000, 0.0000000000000000000 ) ) ;
#5124 = EDGE_CURVE ( 'NONE', #901, #2875, #1151, .T. ) ;
#5125 = EDGE_LOOP ( 'NONE', ( #3799, #5414, #447, #1057, #448, #4141, #5241, #1659 ) ) ;
#5126 = MECHANICAL_DESIGN_GEOMETRIC_PRESENTATION_REPRESENTATION (  '', ( #698 ), #4053 ) ;
#5127 = ORIENTED_EDGE ( 'NONE', *, *, #4354, .T. ) ;
#5128 = FILL_AREA_STYLE ('',( #4275 ) ) ;
#5129 = FACE_OUTER_BOUND ( 'NONE', #1802, .T. ) ;
#5130 = ORIENTED_EDGE ( 'NONE', *, *, #4734, .F. ) ;
#5131 = VECTOR ( 'NONE', #1360, 39.37007874015748100 ) ;
#5132 = DIRECTION ( 'NONE',  ( -0.01745240643727697200, -0.9998476951563912700, 0.0000000000000000000 ) ) ;
#5133 = EDGE_LOOP ( 'NONE', ( #3762, #4389, #3031, #1125 ) ) ;
#5134 = VECTOR ( 'NONE', #1560, 39.37007874015748100 ) ;
#5135 = PRESENTATION_STYLE_ASSIGNMENT (( #649 ) ) ;
#5136 = DIRECTION ( 'NONE',  ( -0.0000000000000000000, -0.0000000000000000000, 1.000000000000000000 ) ) ;
#5137 = ORIENTED_EDGE ( 'NONE', *, *, #2377, .F. ) ;
#5138 = PLANE ( 'NONE',  #1773 ) ;
#5139 = ORIENTED_EDGE ( 'NONE', *, *, #3229, .T. ) ;
#5140 = CARTESIAN_POINT ( 'NONE',  ( 0.0000000000000000000, 0.0000000000000000000, 0.3206299212598426300 ) ) ;
#5141 = ORIENTED_EDGE ( 'NONE', *, *, #2978, .T. ) ;
#5142 = FACE_OUTER_BOUND ( 'NONE', #3473, .T. ) ;
#5143 = CARTESIAN_POINT ( 'NONE',  ( 0.7499999999999997800, 0.03937007874015743800, 0.09048522344134479800 ) ) ;
#5144 = AXIS2_PLACEMENT_3D ( 'NONE', #2950, #878, #3812 ) ;
#5145 = ORIENTED_EDGE ( 'NONE', *, *, #2616, .T. ) ;
#5146 = VECTOR ( 'NONE', #4805, 39.37007874015748100 ) ;
#5147 = EDGE_CURVE ( 'NONE', #4287, #1401, #5354, .T. ) ;
#5148 = FILL_AREA_STYLE_COLOUR ( '', #2860 ) ;
#5149 = ORIENTED_EDGE ( 'NONE', *, *, #4042, .T. ) ;
#5150 = B_SPLINE_CURVE_WITH_KNOTS ( 'NONE', 3,
 ( #3722, #3545, #4310, #3189, #1704, #2194, #4721, #3552, #3061, #727, #2770, #4612, #5272, #3439 ),
 .UNSPECIFIED., .F., .F.,
 ( 4, 2, 2, 2, 2, 2, 4 ),
 ( 0.0000000000000000000, 0.0002993254105211307300, 0.0005986508210422614600, 0.0008979762315633921400, 0.001197301642084522900, 0.001795952463126791700, 0.002394603284169060600 ),
 .UNSPECIFIED. ) ;
#5151 = DIRECTION ( 'NONE',  ( -0.0000000000000000000, 0.0000000000000000000, 1.000000000000000000 ) ) ;
#5152 = ORIENTED_EDGE ( 'NONE', *, *, #1256, .F. ) ;
#5153 = CARTESIAN_POINT ( 'NONE',  ( -0.7420000000000007700, -0.02500000000000000100, -0.3190000000000000100 ) ) ;
#5154 = UNCERTAINTY_MEASURE_WITH_UNIT (LENGTH_MEASURE( 1.000000000000000100E-005 ), #1418, 'distance_accuracy_value', 'NONE');
#5155 = CARTESIAN_POINT ( 'NONE',  ( 0.6224999999999999400, 0.2749999999999999100, -0.3600000000000003800 ) ) ;
#5156 = DIRECTION ( 'NONE',  ( 0.0000000000000000000, 0.0000000000000000000, -1.000000000000000000 ) ) ;
#5157 = PLANE ( 'NONE',  #4093 ) ;
#5158 = EDGE_CURVE ( 'NONE', #1606, #3819, #2148, .T. ) ;
#5159 = ORIENTED_EDGE ( 'NONE', *, *, #4472, .T. ) ;
#5160 = FILL_AREA_STYLE_COLOUR ( '', #2555 ) ;
#5161 = MECHANICAL_DESIGN_GEOMETRIC_PRESENTATION_REPRESENTATION (  '', ( #4584 ), #5439 ) ;
#5162 = ORIENTED_EDGE ( 'NONE', *, *, #2165, .F. ) ;
#5163 = DIRECTION ( 'NONE',  ( -1.000000000000000000, 0.0000000000000000000, 0.0000000000000000000 ) ) ;
#5164 = EDGE_CURVE ( 'NONE', #5394, #4735, #1632, .T. ) ;
#5166 = SURFACE_STYLE_USAGE ( .BOTH. , #5094 ) ;
#5165 = FACE_OUTER_BOUND ( 'NONE', #1098, .T. ) ;
#5167 = AXIS2_PLACEMENT_3D ( 'NONE', #86, #923, #889 ) ;
#5168 = ORIENTED_EDGE ( 'NONE', *, *, #1215, .T. ) ;
#5169 = DIRECTION ( 'NONE',  ( -1.000000000000000000, -2.525070561829413700E-016, -0.0000000000000000000 ) ) ;
#5170 = DIRECTION ( 'NONE',  ( 1.000000000000000000, -2.525070561829413700E-016, 0.0000000000000000000 ) ) ;
#5171 = VECTOR ( 'NONE', #4043, 39.37007874015748100 ) ;
#5172 = CARTESIAN_POINT ( 'NONE',  ( 0.7499999999999997800, 0.2787401574803148900, 0.09948246940511164300 ) ) ;
#5173 = FACE_OUTER_BOUND ( 'NONE', #644, .T. ) ;
#5174 = EDGE_LOOP ( 'NONE', ( #81, #412, #1266, #5398 ) ) ;
#5175 = DIRECTION ( 'NONE',  ( 9.573036100600765300E-020, 1.000000000000000000, 0.0000000000000000000 ) ) ;
#5176 = AXIS2_PLACEMENT_3D ( 'NONE', #3232, #1143, #4885 ) ;
#5177 = SURFACE_STYLE_FILL_AREA ( #5412 ) ;
#5178 = LINE ( 'NONE', #5096, #4975 ) ;
#5179 = ORIENTED_EDGE ( 'NONE', *, *, #2685, .F. ) ;
#5180 = DIRECTION ( 'NONE',  ( -2.525070561829413700E-016, 1.000000000000000000, 0.0000000000000000000 ) ) ;
#5181 = EDGE_LOOP ( 'NONE', ( #2862, #404, #3774, #4711 ) ) ;
#5182 = VECTOR ( 'NONE', #5088, 39.37007874015748100 ) ;
#5183 = FILL_AREA_STYLE_COLOUR ( '', #4682 ) ;
#5184 =( LENGTH_UNIT ( ) NAMED_UNIT ( * ) SI_UNIT ( $, .METRE. ) );
#5185 = LINE ( 'NONE', #2318, #4922 ) ;
#5186 = EDGE_CURVE ( 'NONE', #2607, #4385, #2596, .T. ) ;
#5187 = SURFACE_STYLE_USAGE ( .BOTH. , #2249 ) ;
#5188 = FACE_OUTER_BOUND ( 'NONE', #1160, .T. ) ;
#5189 = DIRECTION ( 'NONE',  ( -1.000000000000000000, -9.573036100600765300E-020, 0.0000000000000000000 ) ) ;
#5190 = CARTESIAN_POINT ( 'NONE',  ( 0.5936793005852026800, 0.3924603339927483800, -0.1249999999999999900 ) ) ;
#5191 = LINE ( 'NONE', #5038, #4322 ) ;
#5192 = ORIENTED_EDGE ( 'NONE', *, *, #2716, .F. ) ;
#5193 = DIRECTION ( 'NONE',  ( 1.000000000000000000, 0.0000000000000000000, 0.0000000000000000000 ) ) ;
#5194 = VECTOR ( 'NONE', #1692, 39.37007874015748100 ) ;
#5195 = LINE ( 'NONE', #4511, #2443 ) ;
#5196 = EDGE_CURVE ( 'NONE', #3384, #873, #5423, .T. ) ;
#5197 = ORIENTED_EDGE ( 'NONE', *, *, #2820, .T. ) ;
#5198 = ORIENTED_EDGE ( 'NONE', *, *, #862, .F. ) ;
#5199 = AXIS2_PLACEMENT_3D ( 'NONE', #1378, #4256, #2562 ) ;
#5200 = LINE ( 'NONE', #1963, #2944 ) ;
#5201 = ORIENTED_EDGE ( 'NONE', *, *, #3628, .T. ) ;
#5202 = CARTESIAN_POINT ( 'NONE',  ( -0.6825000000000000000, 0.3500000000000000300, -0.3600000000000003800 ) ) ;
#5203 = VECTOR ( 'NONE', #1932, 39.37007874015748100 ) ;
#5204 = DIRECTION ( 'NONE',  ( -0.0000000000000000000, 0.0000000000000000000, 1.000000000000000000 ) ) ;
#5205 = AXIS2_PLACEMENT_3D ( 'NONE', #3322, #2882, #423 ) ;
#5206 = ORIENTED_EDGE ( 'NONE', *, *, #500, .T. ) ;
#5207 = CARTESIAN_POINT ( 'NONE',  ( 1.031000000000000800, 0.2787401574803150000, -0.09948246940511164300 ) ) ;
#5208 = VECTOR ( 'NONE', #4358, 39.37007874015748100 ) ;
#5209 = CARTESIAN_POINT ( 'NONE',  ( 0.6181507432773606400, 0.3924603339927483800, 0.1250000000000000600 ) ) ;
#5210 = EDGE_CURVE ( 'NONE', #3241, #4641, #828, .T. ) ;
#5211 = ORIENTED_EDGE ( 'NONE', *, *, #1650, .T. ) ;
#5212 = VERTEX_POINT ( 'NONE', #3436 ) ;
#5213 = ORIENTED_EDGE ( 'NONE', *, *, #4078, .T. ) ;
#5214 = FILL_AREA_STYLE ('',( #2635 ) ) ;
#5215 = CARTESIAN_POINT ( 'NONE',  ( -0.1085708163636324000, 0.0000000000000000000, -0.3600000000000001000 ) ) ;
#5216 = AXIS2_PLACEMENT_3D ( 'NONE', #1864, #518, #5170 ) ;
#5217 = CARTESIAN_POINT ( 'NONE',  ( 0.7736220472440942200, 0.03937007874015744500, 0.1250000000000000600 ) ) ;
#5218 = ORIENTED_EDGE ( 'NONE', *, *, #740, .F. ) ;
#5219 = EDGE_CURVE ( 'NONE', #1333, #1216, #374, .T. ) ;
#5220 = DIRECTION ( 'NONE',  ( -9.573036100600765300E-020, -1.000000000000000000, 0.0000000000000000000 ) ) ;
#5221 = VECTOR ( 'NONE', #2785, 39.37007874015748100 ) ;
#5222 = DIRECTION ( 'NONE',  ( -0.0000000000000000000, -0.0000000000000000000, -1.000000000000000000 ) ) ;
#5223 = DIRECTION ( 'NONE',  ( 1.000000000000000000, 0.0000000000000000000, 0.0000000000000000000 ) ) ;
#5224 = DIRECTION ( 'NONE',  ( 2.525070561829413700E-016, 1.000000000000000000, 0.0000000000000000000 ) ) ;
#5225 = EDGE_CURVE ( 'NONE', #2537, #870, #1494, .T. ) ;
#5226 = VECTOR ( 'NONE', #1365, 39.37007874015748100 ) ;
#5227 = DIRECTION ( 'NONE',  ( 9.573036100600765300E-020, 1.000000000000000000, -0.0000000000000000000 ) ) ;
#5228 = ORIENTED_EDGE ( 'NONE', *, *, #604, .T. ) ;
#5229 = CARTESIAN_POINT ( 'NONE',  ( 0.0000000000000000000, 0.5999999999999999800, 0.2787700759417753300 ) ) ;
#5230 = STYLED_ITEM ( 'NONE', ( #729 ), #1565 ) ;
#5231 = CARTESIAN_POINT ( 'NONE',  ( 0.7255285573078418300, 0.5558435179377632100, 0.1250000000000000600 ) ) ;
#5232 = DIRECTION ( 'NONE',  ( -1.000000000000000000, 0.0000000000000000000, 0.0000000000000000000 ) ) ;
#5233 = FACE_OUTER_BOUND ( 'NONE', #2250, .T. ) ;
#5234 = EDGE_LOOP ( 'NONE', ( #929, #4746, #442, #4001 ) ) ;
#5235 = LINE ( 'NONE', #1289, #3175 ) ;
#5236 = DIRECTION ( 'NONE',  ( 0.0000000000000000000, -0.0000000000000000000, 1.000000000000000000 ) ) ;
#5237 = LINE ( 'NONE', #4185, #899 ) ;
#5238 = LINE ( 'NONE', #4627, #1639 ) ;
#5239 =( GEOMETRIC_REPRESENTATION_CONTEXT ( 3 ) GLOBAL_UNCERTAINTY_ASSIGNED_CONTEXT ( ( #3180 ) ) GLOBAL_UNIT_ASSIGNED_CONTEXT ( ( #1514, #2365, #4846 ) ) REPRESENTATION_CONTEXT ( 'NONE', 'WORKASPACE' ) );
#5240 = DIRECTION ( 'NONE',  ( 1.000000000000000000, -2.525070561829413700E-016, -0.0000000000000000000 ) ) ;
#5241 = ORIENTED_EDGE ( 'NONE', *, *, #720, .F. ) ;
#5242 = ORIENTED_EDGE ( 'NONE', *, *, #2541, .F. ) ;
#5243 = CARTESIAN_POINT ( 'NONE',  ( -0.7499999999999997800, 0.2515788080029213200, 0.1250000000000000600 ) ) ;
#5244 = CARTESIAN_POINT ( 'NONE',  ( 0.6891855407090297100, 0.5678840928867638900, -0.1249999999999999900 ) ) ;
#5245 = VECTOR ( 'NONE', #5287, 39.37007874015748100 ) ;
#5246 = VECTOR ( 'NONE', #2809, 39.37007874015748100 ) ;
#5247 = ORIENTED_EDGE ( 'NONE', *, *, #3475, .T. ) ;
#5248 = AXIS2_PLACEMENT_3D ( 'NONE', #2498, #1687, #4592 ) ;
#5249 = CARTESIAN_POINT ( 'NONE',  ( -0.6821066884031697900, 0.3270980720198019000, 0.3248810097964516800 ) ) ;
#5250 = FACE_OUTER_BOUND ( 'NONE', #839, .T. ) ;
#5251 = CARTESIAN_POINT ( 'NONE',  ( 0.7736220472440942200, 0.01574803149606299200, -0.06927281597899327700 ) ) ;
#5252 = LINE ( 'NONE', #4176, #2870 ) ;
#5253 = EDGE_CURVE ( 'NONE', #2630, #346, #1008, .T. ) ;
#5254 = DIRECTION ( 'NONE',  ( 0.0000000000000000000, 1.000000000000000000, 0.0000000000000000000 ) ) ;
#5255 = LINE ( 'NONE', #2838, #4188 ) ;
#5256 = CARTESIAN_POINT ( 'NONE',  ( 3.980102097228897700E-017, 0.2749999999999999100, -0.3600000000000003800 ) ) ;
#5257 = ORIENTED_EDGE ( 'NONE', *, *, #59, .F. ) ;
#5258 = ORIENTED_EDGE ( 'NONE', *, *, #187, .F. ) ;
#5259 = EDGE_CURVE ( 'NONE', #2184, #347, #5361, .T. ) ;
#5260 = ORIENTED_EDGE ( 'NONE', *, *, #3393, .F. ) ;
#5261 = PRESENTATION_STYLE_ASSIGNMENT (( #4590 ) ) ;
#5262 = ORIENTED_EDGE ( 'NONE', *, *, #3942, .F. ) ;
#5263 = AXIS2_PLACEMENT_3D ( 'NONE', #3571, #3176, #3641 ) ;
#5264 = VECTOR ( 'NONE', #4382, 39.37007874015748100 ) ;
#5265 = LINE ( 'NONE', #5244, #2624 ) ;
#5266 = ORIENTED_EDGE ( 'NONE', *, *, #2776, .F. ) ;
#5267 = DIRECTION ( 'NONE',  ( 0.0000000000000000000, 0.0000000000000000000, -1.000000000000000000 ) ) ;
#5268 = ORIENTED_EDGE ( 'NONE', *, *, #4505, .F. ) ;
#5269 = DIRECTION ( 'NONE',  ( -1.000000000000000000, -0.0000000000000000000, 0.0000000000000000000 ) ) ;
#5270 = DIRECTION ( 'NONE',  ( -0.0000000000000000000, -0.0000000000000000000, -1.000000000000000000 ) ) ;
#5271 = ORIENTED_EDGE ( 'NONE', *, *, #2726, .F. ) ;
#5272 = CARTESIAN_POINT ( 'NONE',  ( 0.6824999999999998800, 0.3270272077259190900, -0.3250000000000000100 ) ) ;
#5273 = EDGE_CURVE ( 'NONE', #3205, #3241, #4966, .T. ) ;
#5274 = STYLED_ITEM ( 'NONE', ( #2864 ), #3909 ) ;
#5275 = ORIENTED_EDGE ( 'NONE', *, *, #1145, .T. ) ;
#5276 = DIRECTION ( 'NONE',  ( 0.0000000000000000000, -0.9510565162951553100, -0.3090169943749418400 ) ) ;
#5277 = MECHANICAL_DESIGN_GEOMETRIC_PRESENTATION_REPRESENTATION (  '', ( #4994 ), #4522 ) ;
#5278 = DIMENSIONAL_EXPONENTS ( 1.000000000000000000, 0.0000000000000000000, 0.0000000000000000000, 0.0000000000000000000, 0.0000000000000000000, 0.0000000000000000000, 0.0000000000000000000 ) ;
#5279 = PLANE ( 'NONE',  #2655 ) ;
#5280 = EDGE_LOOP ( 'NONE', ( #1207, #27, #702, #1406 ) ) ;
#5281 = CARTESIAN_POINT ( 'NONE',  ( -0.9197094723085155200, 1.065388239245496400E-020, -0.01740402468160772600 ) ) ;
#5282 = ADVANCED_FACE ( 'NONE', ( #4159 ), #3240, .T. ) ;
#5283 = ORIENTED_EDGE ( 'NONE', *, *, #4296, .T. ) ;
#5284 = DIRECTION ( 'NONE',  ( -0.0000000000000000000, -0.0000000000000000000, -1.000000000000000000 ) ) ;
#5285 = ORIENTED_EDGE ( 'NONE', *, *, #3891, .T. ) ;
#5286 = CARTESIAN_POINT ( 'NONE',  ( 0.7342519685039367000, 0.2515788080029213200, 0.09948246940511164300 ) ) ;
#5287 = DIRECTION ( 'NONE',  ( 2.525070561829413700E-016, -1.000000000000000000, 0.0000000000000000000 ) ) ;
#5288 = CARTESIAN_POINT ( 'NONE',  ( -0.7499999999999997800, 0.2787401574803149400, -0.1249999999999999900 ) ) ;
#5289 = CARTESIAN_POINT ( 'NONE',  ( -0.7480567888860157900, 0.3841299163440908800, 0.0000000000000000000 ) ) ;
#5290 = VERTEX_POINT ( 'NONE', #37 ) ;
#5291 = DIRECTION ( 'NONE',  ( -9.573036100600765300E-020, -1.000000000000000000, 0.0000000000000000000 ) ) ;
#5292 = PRESENTATION_STYLE_ASSIGNMENT (( #1561 ) ) ;
#5293 = VECTOR ( 'NONE', #121, 39.37007874015748100 ) ;
#5294 = EDGE_CURVE ( 'NONE', #464, #918, #4021, .T. ) ;
#5295 = EDGE_LOOP ( 'NONE', ( #2057, #1300, #798, #2696 ) ) ;
#5296 = CARTESIAN_POINT ( 'NONE',  ( -0.7342519685039365900, 0.5803149606299211600, -0.1249999999999999300 ) ) ;
#5297 = ADVANCED_FACE ( 'NONE', ( #3947, #4232 ), #1744, .T. ) ;
#5298 = AXIS2_PLACEMENT_3D ( 'NONE', #4187, #1705, #4593 ) ;
#5299 =( LENGTH_UNIT ( ) NAMED_UNIT ( * ) SI_UNIT ( $, .METRE. ) );
#5300 = LINE ( 'NONE', #739, #832 ) ;
#5301 =( LENGTH_UNIT ( ) NAMED_UNIT ( * ) SI_UNIT ( $, .METRE. ) );
#5302 = VERTEX_POINT ( 'NONE', #912 ) ;
#5303 = PLANE ( 'NONE',  #96 ) ;
#5304 = EDGE_CURVE ( 'NONE', #3937, #4459, #4556, .T. ) ;
#5305 = LENGTH_MEASURE_WITH_UNIT ( LENGTH_MEASURE( 0.02539999999999999900 ), #3298 );
#5306 = DIRECTION ( 'NONE',  ( 1.000000000000000000, 0.0000000000000000000, 0.0000000000000000000 ) ) ;
#5307 = CARTESIAN_POINT ( 'NONE',  ( -0.6527881591473028200, 0.2826213651569630100, 0.3180446628318844300 ) ) ;
#5308 = AXIS2_PLACEMENT_3D ( 'NONE', #4029, #1515, #2366 ) ;
#5309 = CARTESIAN_POINT ( 'NONE',  ( 0.7342519685039365900, 0.2787401574803148900, -0.09948246940511164300 ) ) ;
#5310 = ORIENTED_EDGE ( 'NONE', *, *, #686, .F. ) ;
#5311 =( LENGTH_UNIT ( ) NAMED_UNIT ( * ) SI_UNIT ( $, .METRE. ) );
#5312 = ADVANCED_FACE ( 'NONE', ( #949 ), #4344, .T. ) ;
#5313 = LINE ( 'NONE', #717, #3184 ) ;
#5314 =( LENGTH_UNIT ( ) NAMED_UNIT ( * ) SI_UNIT ( $, .METRE. ) );
#5315 = VERTEX_POINT ( 'NONE', #554 ) ;
#5316 = STYLED_ITEM ( 'NONE', ( #3880 ), #4487 ) ;
#5317 = VECTOR ( 'NONE', #3579, 39.37007874015748100 ) ;
#5318 = DIRECTION ( 'NONE',  ( 0.0000000000000000000, -1.000000000000000000, -1.224646799147355400E-016 ) ) ;
#5319 = CARTESIAN_POINT ( 'NONE',  ( -0.7420000000000007700, -0.05000000000000000300, -0.3190000000000000100 ) ) ;
#5320 = LINE ( 'NONE', #2992, #1722 ) ;
#5321 = PRESENTATION_STYLE_ASSIGNMENT (( #2648 ) ) ;
#5322 = UNCERTAINTY_MEASURE_WITH_UNIT (LENGTH_MEASURE( 1.000000000000000100E-005 ), #1916, 'distance_accuracy_value', 'NONE');
#5323 = CARTESIAN_POINT ( 'NONE',  ( 0.5968463760646721700, 0.4045009089417488900, 0.1250000000000000600 ) ) ;
#5324 = EDGE_LOOP ( 'NONE', ( #511, #5434, #2211, #3286 ) ) ;
#5325 = CIRCLE ( 'NONE', #902, 0.2000000000000000900 ) ;
#5326 = CARTESIAN_POINT ( 'NONE',  ( -0.7499999999999997800, 0.03937007874015744500, -0.09048522344134479800 ) ) ;
#5327 = CARTESIAN_POINT ( 'NONE',  ( -0.6825000000000000000, 0.1349999999999998100, 0.1249999999999999600 ) ) ;
#5328 = VECTOR ( 'NONE', #3969, 39.37007874015748100 ) ;
#5329 = EDGE_CURVE ( 'NONE', #1036, #2456, #4092, .T. ) ;
#5330 = FACE_OUTER_BOUND ( 'NONE', #2160, .T. ) ;
#5331 = VERTEX_POINT ( 'NONE', #4313 ) ;
#5332 = DIRECTION ( 'NONE',  ( -0.0000000000000000000, -0.0000000000000000000, 1.000000000000000000 ) ) ;
#5333 = DIRECTION ( 'NONE',  ( 0.0000000000000000000, 1.000000000000000000, 0.0000000000000000000 ) ) ;
#5334 = VECTOR ( 'NONE', #2154, 39.37007874015748100 ) ;
#5335 = VERTEX_POINT ( 'NONE', #136 ) ;
#5336 = DIRECTION ( 'NONE',  ( -2.525070561829413700E-016, -1.000000000000000000, 0.0000000000000000000 ) ) ;
#5337 = ORIENTED_EDGE ( 'NONE', *, *, #5210, .F. ) ;
#5338 = ORIENTED_EDGE ( 'NONE', *, *, #197, .T. ) ;
#5339 = CARTESIAN_POINT ( 'NONE',  ( -0.7342519685039367000, 0.2515788080029213200, 0.09948246940511164300 ) ) ;
#5340 = EDGE_CURVE ( 'NONE', #3569, #531, #164, .T. ) ;
#5341 = EDGE_LOOP ( 'NONE', ( #5266, #4610, #3438, #2067 ) ) ;
#5342 = ADVANCED_FACE ( 'NONE', ( #3429 ), #2251, .F. ) ;
#5343 = AXIS2_PLACEMENT_3D ( 'NONE', #2694, #4791, #5223 ) ;
#5344 = DIRECTION ( 'NONE',  ( -2.525070561829413700E-016, -1.000000000000000000, 0.0000000000000000000 ) ) ;
#5345 = DIRECTION ( 'NONE',  ( 0.0000000000000000000, 0.0000000000000000000, -1.000000000000000000 ) ) ;
#5346 = EDGE_CURVE ( 'NONE', #2600, #312, #2975, .T. ) ;
#5347 = CARTESIAN_POINT ( 'NONE',  ( -1.031000000000000800, 0.2787401574803150000, -0.1250000000000000600 ) ) ;
#5348 = AXIS2_PLACEMENT_3D ( 'NONE', #4069, #2874, #3630 ) ;
#5349 = CARTESIAN_POINT ( 'NONE',  ( 1.368721538571910700, 0.2749999999999998600, 0.3157878402833891900 ) ) ;
#5350 = CARTESIAN_POINT ( 'NONE',  ( -0.7342519685039365900, 0.2787401574803148900, -0.09948246940511164300 ) ) ;
#5351 = AXIS2_PLACEMENT_3D ( 'NONE', #4040, #4443, #235 ) ;
#5352 = EDGE_LOOP ( 'NONE', ( #2280, #4733, #93, #4330, #1715, #861 ) ) ;
#5353 = CARTESIAN_POINT ( 'NONE',  ( -0.6748754631180800000, 0.3047055823540918400, -0.3228253420576472400 ) ) ;
#5354 = LINE ( 'NONE', #5067, #3940 ) ;
#5355 = CARTESIAN_POINT ( 'NONE',  ( 0.7499999999999997800, 0.0000000000000000000, 0.07499999999999998300 ) ) ;
#5356 = DIRECTION ( 'NONE',  ( -0.0000000000000000000, -1.000000000000000000, 0.0000000000000000000 ) ) ;
#5357 = EDGE_CURVE ( 'NONE', #346, #4367, #3824, .T. ) ;
#5358 = DIRECTION ( 'NONE',  ( -1.000000000000000000, 0.0000000000000000000, 0.0000000000000000000 ) ) ;
#5359 = DIRECTION ( 'NONE',  ( 0.4920255458767450700, 0.8705807614487531800, 0.0000000000000000000 ) ) ;
#5360 = ADVANCED_FACE ( 'NONE', ( #2268 ), #2712, .T. ) ;
#5361 = LINE ( 'NONE', #3843, #2340 ) ;
#5362 = ORIENTED_EDGE ( 'NONE', *, *, #769, .F. ) ;
#5363 = LINE ( 'NONE', #4445, #3885 ) ;
#5364 = EDGE_CURVE ( 'NONE', #598, #3316, #1159, .T. ) ;
#5365 = FACE_OUTER_BOUND ( 'NONE', #4595, .T. ) ;
#5366 = ORIENTED_EDGE ( 'NONE', *, *, #1106, .F. ) ;
#5367 = DIRECTION ( 'NONE',  ( -3.092319581165600300E-032, -1.224646799147353200E-016, 1.000000000000000000 ) ) ;
#5368 = LINE ( 'NONE', #66, #4243 ) ;
#5369 = LINE ( 'NONE', #1227, #3957 ) ;
#5370 = EDGE_LOOP ( 'NONE', ( #3493, #477, #2662, #4411, #748, #935, #4421, #4632, #4849, #4149, #4384, #597, #1913, #3825 ) ) ;
#5371 = CARTESIAN_POINT ( 'NONE',  ( 0.0000000000000000000, 0.5999999999999999800, -0.2787700759417753900 ) ) ;
#5372 = EDGE_CURVE ( 'NONE', #2199, #375, #4290, .T. ) ;
#5373 = CARTESIAN_POINT ( 'NONE',  ( 0.6825000000000000000, 0.5999999999999999800, -0.1249999999999999300 ) ) ;
#5374 = CARTESIAN_POINT ( 'NONE',  ( -0.7185039370078736300, 0.3841299163440908800, 0.0000000000000000000 ) ) ;
#5375 = ADVANCED_FACE ( 'NONE', ( #4693 ), #540, .T. ) ;
#5376 = CARTESIAN_POINT ( 'NONE',  ( 0.7736220472440942200, 0.03937007874015744500, 0.1250000000000000600 ) ) ;
#5377 = DIRECTION ( 'NONE',  ( 2.525070561829413700E-016, 1.000000000000000000, 0.0000000000000000000 ) ) ;
#5378 = VERTEX_POINT ( 'NONE', #4747 ) ;
#5379 = VECTOR ( 'NONE', #2644, 39.37007874015748100 ) ;
#5380 = DIRECTION ( 'NONE',  ( -3.092319581165600300E-032, -1.224646799147353200E-016, 1.000000000000000000 ) ) ;
#5381 = EDGE_CURVE ( 'NONE', #346, #1538, #4225, .T. ) ;
#5382 = PLANE ( 'NONE',  #1164 ) ;
#5383 = VERTEX_POINT ( 'NONE', #2226 ) ;
#5384 = CARTESIAN_POINT ( 'NONE',  ( -0.6825000000000000000, 0.1149999999999998400, -0.1250000000000000000 ) ) ;
#5385 = ADVANCED_FACE ( 'NONE', ( #4352 ), #975, .T. ) ;
#5386 = UNCERTAINTY_MEASURE_WITH_UNIT (LENGTH_MEASURE( 1.000000000000000100E-005 ), #1721, 'distance_accuracy_value', 'NONE');
#5387 = LINE ( 'NONE', #563, #656 ) ;
#5388 = ORIENTED_EDGE ( 'NONE', *, *, #2377, .T. ) ;
#5389 = ORIENTED_EDGE ( 'NONE', *, *, #3432, .F. ) ;
#5390 = ORIENTED_EDGE ( 'NONE', *, *, #1782, .T. ) ;
#5391 = DIRECTION ( 'NONE',  ( -2.618762388504688800E-032, 1.224646799147353200E-016, 1.000000000000000000 ) ) ;
#5392 = CARTESIAN_POINT ( 'NONE',  ( -0.6825000000000000000, 0.5999999999999999800, -0.1249999999999999300 ) ) ;
#5393 = FACE_OUTER_BOUND ( 'NONE', #384, .T. ) ;
#5394 = VERTEX_POINT ( 'NONE', #2643 ) ;
#5395 = CARTESIAN_POINT ( 'NONE',  ( -0.7736220472440942200, 0.03937007874015744500, -0.06927281597899327700 ) ) ;
#5396 = LINE ( 'NONE', #4172, #5194 ) ;
#5397 = LINE ( 'NONE', #4413, #4942 ) ;
#5398 = ORIENTED_EDGE ( 'NONE', *, *, #1518, .F. ) ;
#5399 = EDGE_CURVE ( 'NONE', #3991, #2454, #158, .T. ) ;
#5400 = ORIENTED_EDGE ( 'NONE', *, *, #5372, .F. ) ;
#5401 = VERTEX_POINT ( 'NONE', #5172 ) ;
#5402 = CARTESIAN_POINT ( 'NONE',  ( 0.7104899079217181800, 0.5558435179377633200, 0.1250000000000000600 ) ) ;
#5403 = ADVANCED_FACE ( 'NONE', ( #2474 ), #2344, .F. ) ;
#5404 = ORIENTED_EDGE ( 'NONE', *, *, #1838, .T. ) ;
#5405 = DIRECTION ( 'NONE',  ( -1.000000000000000000, 0.0000000000000000000, -0.0000000000000000000 ) ) ;
#5406 = EDGE_CURVE ( 'NONE', #1684, #5302, #40, .T. ) ;
#5407 = CARTESIAN_POINT ( 'NONE',  ( 0.7499999999999997800, -0.07031181106330226800, 0.1053149606299211700 ) ) ;
#5408 = VERTEX_POINT ( 'NONE', #1433 ) ;
#5409 = AXIS2_PLACEMENT_3D ( 'NONE', #3101, #4395, #1477 ) ;
#5410 = CARTESIAN_POINT ( 'NONE',  ( -0.6704116963770109200, 0.2980554692448914600, -0.3216385545218859400 ) ) ;
#5411 = FILL_AREA_STYLE ('',( #3337 ) ) ;
#5412 = FILL_AREA_STYLE ('',( #1664 ) ) ;
#5413 = PLANE ( 'NONE',  #4795 ) ;
#5414 = ORIENTED_EDGE ( 'NONE', *, *, #1889, .T. ) ;
#5415 = CARTESIAN_POINT ( 'NONE',  ( -0.6825000000000000000, 0.3349999999999999100, 0.3600000000000001000 ) ) ;
#5416 = ORIENTED_EDGE ( 'NONE', *, *, #5436, .F. ) ;
#5417 = AXIS2_PLACEMENT_3D ( 'NONE', #1911, #3522, #4816 ) ;
#5418 = DIRECTION ( 'NONE',  ( 0.0000000000000000000, 1.000000000000000000, 0.0000000000000000000 ) ) ;
#5419 = EDGE_LOOP ( 'NONE', ( #1603, #2628, #618, #4601 ) ) ;
#5420 = DIRECTION ( 'NONE',  ( 1.000000000000000000, 0.0000000000000000000, 0.0000000000000000000 ) ) ;
#5421 = CARTESIAN_POINT ( 'NONE',  ( -0.8560000000000006500, 0.0000000000000000000, 0.1250000000000002500 ) ) ;
#5422 = COLOUR_RGB ( '',0.9686274509803921600, 0.8784313725490196000, 0.5999999999999999800 ) ;
#5423 = LINE ( 'NONE', #4690, #622 ) ;
#5424 = ORIENTED_EDGE ( 'NONE', *, *, #3054, .F. ) ;
#5425 =( NAMED_UNIT ( * ) SI_UNIT ( $, .STERADIAN. ) SOLID_ANGLE_UNIT ( ) );
#5426 = FACE_OUTER_BOUND ( 'NONE', #3922, .T. ) ;
#5427 = DIRECTION ( 'NONE',  ( -1.000000000000000000, -9.573036100600765300E-020, 0.0000000000000000000 ) ) ;
#5428 = DIRECTION ( 'NONE',  ( -9.573036100600765300E-020, -1.000000000000000000, 0.0000000000000000000 ) ) ;
#5429 = EDGE_LOOP ( 'NONE', ( #1989, #522, #4402, #4094 ) ) ;
#5430 = ADVANCED_FACE ( 'NONE', ( #4482 ), #2971, .T. ) ;
#5431 = LINE ( 'NONE', #5085, #3953 ) ;
#5432 = CIRCLE ( 'NONE', #1829, 0.02362204724409448100 ) ;
#5433 = DIRECTION ( 'NONE',  ( 0.0000000000000000000, -0.0000000000000000000, -1.000000000000000000 ) ) ;
#5434 = ORIENTED_EDGE ( 'NONE', *, *, #3636, .T. ) ;
#5435 = CARTESIAN_POINT ( 'NONE',  ( -0.8560000000000006500, 0.01574803149606299200, 0.06927281597899326300 ) ) ;
#5436 = EDGE_CURVE ( 'NONE', #873, #463, #2335, .T. ) ;
#5437 = CARTESIAN_POINT ( 'NONE',  ( -0.7185039370078736300, 0.3841299163440908800, 0.0000000000000000000 ) ) ;
#5438 = LINE ( 'NONE', #4644, #320 ) ;
#5439 =( GEOMETRIC_REPRESENTATION_CONTEXT ( 3 ) GLOBAL_UNCERTAINTY_ASSIGNED_CONTEXT ( ( #2163 ) ) GLOBAL_UNIT_ASSIGNED_CONTEXT ( ( #2658, #3928, #1403 ) ) REPRESENTATION_CONTEXT ( 'NONE', 'WORKASPACE' ) );
#5440 = VERTEX_POINT ( 'NONE', #2729 ) ;
#5441 = CARTESIAN_POINT ( 'NONE',  ( 0.9197094723085155200, 0.01574803149606299200, 0.01740402468160772600 ) ) ;
#5442 = SURFACE_STYLE_FILL_AREA ( #2254 ) ;
#5443 = LINE ( 'NONE', #4333, #851 ) ;
#5444 = CARTESIAN_POINT ( 'NONE',  ( 0.7104899079217179600, 0.5645669291338583100, 0.1250000000000000600 ) ) ;
#5445 = EDGE_CURVE ( 'NONE', #2753, #1951, #617, .T. ) ;
ENDSEC;
END-ISO-10303-21;
