ISO-10303-21;
HEADER;
FILE_DESCRIPTION(('FreeCAD Model'),'2;1');
FILE_NAME('Open CASCADE Shape Model','2025-09-13T03:17:06',(''),(''),
  'Open CASCADE STEP processor 7.8','FreeCAD','Unknown');
FILE_SCHEMA(('AUTOMOTIVE_DESIGN { 1 0 10303 214 1 1 1 1 }'));
ENDSEC;
DATA;
#1 = APPLICATION_PROTOCOL_DEFINITION('international standard',
  'automotive_design',2000,#2);
#2 = APPLICATION_CONTEXT(
  'core data for automotive mechanical design processes');
#3 = SHAPE_DEFINITION_REPRESENTATION(#4,#10);
#4 = PRODUCT_DEFINITION_SHAPE('','',#5);
#5 = PRODUCT_DEFINITION('design','',#6,#9);
#6 = PRODUCT_DEFINITION_FORMATION('','',#7);
#7 = PRODUCT('BGA_Test','BGA_Test','',(#8));
#8 = PRODUCT_CONTEXT('',#2,'mechanical');
#9 = PRODUCT_DEFINITION_CONTEXT('part definition',#2,'design');
#10 = SHAPE_REPRESENTATION('',(#11,#15,#19,#23,#27,#31,#35,#39,#43,#47,
    #51,#55,#59,#63,#67,#71,#75,#79,#83,#87,#91,#95,#99,#103,#107,#111,
    #115,#119,#123,#127,#131,#135,#139,#143,#147,#151,#155,#159,#163,
    #167,#171,#175,#179,#183,#187,#191,#195,#199,#203,#207,#211,#215,
    #219,#223,#227,#231,#235,#239,#243,#247,#251,#255,#259,#263,#267,
    #271,#275,#279,#283,#287,#291,#295,#299,#303,#307,#311,#315,#319,
    #323,#327,#331,#335,#339,#343,#347,#351,#355,#359,#363,#367,#371,
    #375,#379,#383,#387,#391,#395,#399,#403,#407,#411,#415,#419,#423,
    #427,#431,#435,#439,#443,#447,#451,#455,#459,#463,#467,#471,#475,
    #479,#483,#487,#491,#495,#499,#503,#507,#511,#515,#519,#523,#527,
    #531,#535,#539,#543,#547,#551,#555,#559,#563,#567,#571,#575,#579,
    #583,#587,#591,#595,#599,#603,#607,#611,#615,#619,#623,#627,#631,
    #635,#639,#643,#647,#651,#655,#659,#663,#667,#671,#675,#679,#683,
    #687,#691,#695,#699,#703,#707,#711,#715,#719,#723,#727,#731,#735,
    #739,#743,#747,#751,#755,#759,#763,#767,#771,#775,#779,#783,#787,
    #791,#795,#799,#803,#807,#811,#815,#819),#823);
#11 = AXIS2_PLACEMENT_3D('',#12,#13,#14);
#12 = CARTESIAN_POINT('',(0.,0.,0.));
#13 = DIRECTION('',(0.,0.,1.));
#14 = DIRECTION('',(1.,0.,-0.));
#15 = AXIS2_PLACEMENT_3D('',#16,#17,#18);
#16 = CARTESIAN_POINT('',(0.,0.,0.));
#17 = DIRECTION('',(0.,0.,1.));
#18 = DIRECTION('',(1.,0.,0.));
#19 = AXIS2_PLACEMENT_3D('',#20,#21,#22);
#20 = CARTESIAN_POINT('',(0.,0.,0.));
#21 = DIRECTION('',(0.,0.,1.));
#22 = DIRECTION('',(1.,0.,0.));
#23 = AXIS2_PLACEMENT_3D('',#24,#25,#26);
#24 = CARTESIAN_POINT('',(-0.8,0.,-0.65));
#25 = DIRECTION('',(0.,0.,1.));
#26 = DIRECTION('',(1.,0.,0.));
#27 = AXIS2_PLACEMENT_3D('',#28,#29,#30);
#28 = CARTESIAN_POINT('',(0.,0.,-0.65));
#29 = DIRECTION('',(0.,0.,1.));
#30 = DIRECTION('',(1.,0.,0.));
#31 = AXIS2_PLACEMENT_3D('',#32,#33,#34);
#32 = CARTESIAN_POINT('',(0.8,0.,-0.65));
#33 = DIRECTION('',(0.,0.,1.));
#34 = DIRECTION('',(1.,0.,0.));
#35 = AXIS2_PLACEMENT_3D('',#36,#37,#38);
#36 = CARTESIAN_POINT('',(1.6,0.,-0.65));
#37 = DIRECTION('',(0.,0.,1.));
#38 = DIRECTION('',(1.,0.,0.));
#39 = AXIS2_PLACEMENT_3D('',#40,#41,#42);
#40 = CARTESIAN_POINT('',(2.4,0.,-0.65));
#41 = DIRECTION('',(0.,0.,1.));
#42 = DIRECTION('',(1.,0.,0.));
#43 = AXIS2_PLACEMENT_3D('',#44,#45,#46);
#44 = CARTESIAN_POINT('',(4.8,0.,-0.65));
#45 = DIRECTION('',(0.,0.,1.));
#46 = DIRECTION('',(1.,0.,0.));
#47 = AXIS2_PLACEMENT_3D('',#48,#49,#50);
#48 = CARTESIAN_POINT('',(5.6,0.,-0.65));
#49 = DIRECTION('',(0.,0.,1.));
#50 = DIRECTION('',(1.,0.,0.));
#51 = AXIS2_PLACEMENT_3D('',#52,#53,#54);
#52 = CARTESIAN_POINT('',(6.4,0.,-0.65));
#53 = DIRECTION('',(0.,0.,1.));
#54 = DIRECTION('',(1.,0.,0.));
#55 = AXIS2_PLACEMENT_3D('',#56,#57,#58);
#56 = CARTESIAN_POINT('',(7.2,0.,-0.65));
#57 = DIRECTION('',(0.,0.,1.));
#58 = DIRECTION('',(1.,0.,0.));
#59 = AXIS2_PLACEMENT_3D('',#60,#61,#62);
#60 = CARTESIAN_POINT('',(8.,0.,-0.65));
#61 = DIRECTION('',(0.,0.,1.));
#62 = DIRECTION('',(1.,0.,0.));
#63 = AXIS2_PLACEMENT_3D('',#64,#65,#66);
#64 = CARTESIAN_POINT('',(-0.8,0.,-5.684341886081E-14));
#65 = DIRECTION('',(0.,0.,1.));
#66 = DIRECTION('',(1.,0.,0.));
#67 = AXIS2_PLACEMENT_3D('',#68,#69,#70);
#68 = CARTESIAN_POINT('',(0.,0.,0.));
#69 = DIRECTION('',(0.,0.,1.));
#70 = DIRECTION('',(1.,0.,0.));
#71 = AXIS2_PLACEMENT_3D('',#72,#73,#74);
#72 = CARTESIAN_POINT('',(0.8,0.,-5.684341886081E-14));
#73 = DIRECTION('',(0.,0.,1.));
#74 = DIRECTION('',(1.,0.,0.));
#75 = AXIS2_PLACEMENT_3D('',#76,#77,#78);
#76 = CARTESIAN_POINT('',(1.6,0.,-5.684341886081E-14));
#77 = DIRECTION('',(0.,0.,1.));
#78 = DIRECTION('',(1.,0.,0.));
#79 = AXIS2_PLACEMENT_3D('',#80,#81,#82);
#80 = CARTESIAN_POINT('',(2.4,0.,-5.684341886081E-14));
#81 = DIRECTION('',(0.,0.,1.));
#82 = DIRECTION('',(1.,0.,0.));
#83 = AXIS2_PLACEMENT_3D('',#84,#85,#86);
#84 = CARTESIAN_POINT('',(4.8,0.,-5.684341886081E-14));
#85 = DIRECTION('',(0.,0.,1.));
#86 = DIRECTION('',(1.,0.,0.));
#87 = AXIS2_PLACEMENT_3D('',#88,#89,#90);
#88 = CARTESIAN_POINT('',(5.6,0.,-5.684341886081E-14));
#89 = DIRECTION('',(0.,0.,1.));
#90 = DIRECTION('',(1.,0.,0.));
#91 = AXIS2_PLACEMENT_3D('',#92,#93,#94);
#92 = CARTESIAN_POINT('',(6.4,0.,-5.684341886081E-14));
#93 = DIRECTION('',(0.,0.,1.));
#94 = DIRECTION('',(1.,0.,0.));
#95 = AXIS2_PLACEMENT_3D('',#96,#97,#98);
#96 = CARTESIAN_POINT('',(7.2,0.,-5.684341886081E-14));
#97 = DIRECTION('',(0.,0.,1.));
#98 = DIRECTION('',(1.,0.,0.));
#99 = AXIS2_PLACEMENT_3D('',#100,#101,#102);
#100 = CARTESIAN_POINT('',(8.,0.,-5.684341886081E-14));
#101 = DIRECTION('',(0.,0.,1.));
#102 = DIRECTION('',(1.,0.,0.));
#103 = AXIS2_PLACEMENT_3D('',#104,#105,#106);
#104 = CARTESIAN_POINT('',(-0.8,0.,0.65));
#105 = DIRECTION('',(0.,0.,1.));
#106 = DIRECTION('',(1.,0.,0.));
#107 = AXIS2_PLACEMENT_3D('',#108,#109,#110);
#108 = CARTESIAN_POINT('',(0.,0.,0.65));
#109 = DIRECTION('',(0.,0.,1.));
#110 = DIRECTION('',(1.,0.,0.));
#111 = AXIS2_PLACEMENT_3D('',#112,#113,#114);
#112 = CARTESIAN_POINT('',(0.8,0.,0.65));
#113 = DIRECTION('',(0.,0.,1.));
#114 = DIRECTION('',(1.,0.,0.));
#115 = AXIS2_PLACEMENT_3D('',#116,#117,#118);
#116 = CARTESIAN_POINT('',(1.6,0.,0.65));
#117 = DIRECTION('',(0.,0.,1.));
#118 = DIRECTION('',(1.,0.,0.));
#119 = AXIS2_PLACEMENT_3D('',#120,#121,#122);
#120 = CARTESIAN_POINT('',(2.4,0.,0.65));
#121 = DIRECTION('',(0.,0.,1.));
#122 = DIRECTION('',(1.,0.,0.));
#123 = AXIS2_PLACEMENT_3D('',#124,#125,#126);
#124 = CARTESIAN_POINT('',(4.8,0.,0.65));
#125 = DIRECTION('',(0.,0.,1.));
#126 = DIRECTION('',(1.,0.,0.));
#127 = AXIS2_PLACEMENT_3D('',#128,#129,#130);
#128 = CARTESIAN_POINT('',(5.6,0.,0.65));
#129 = DIRECTION('',(0.,0.,1.));
#130 = DIRECTION('',(1.,0.,0.));
#131 = AXIS2_PLACEMENT_3D('',#132,#133,#134);
#132 = CARTESIAN_POINT('',(6.4,0.,0.65));
#133 = DIRECTION('',(0.,0.,1.));
#134 = DIRECTION('',(1.,0.,0.));
#135 = AXIS2_PLACEMENT_3D('',#136,#137,#138);
#136 = CARTESIAN_POINT('',(7.2,0.,0.65));
#137 = DIRECTION('',(0.,0.,1.));
#138 = DIRECTION('',(1.,0.,0.));
#139 = AXIS2_PLACEMENT_3D('',#140,#141,#142);
#140 = CARTESIAN_POINT('',(8.,0.,0.65));
#141 = DIRECTION('',(0.,0.,1.));
#142 = DIRECTION('',(1.,0.,0.));
#143 = AXIS2_PLACEMENT_3D('',#144,#145,#146);
#144 = CARTESIAN_POINT('',(-0.8,0.,1.3));
#145 = DIRECTION('',(0.,0.,1.));
#146 = DIRECTION('',(1.,0.,0.));
#147 = AXIS2_PLACEMENT_3D('',#148,#149,#150);
#148 = CARTESIAN_POINT('',(0.,0.,1.3));
#149 = DIRECTION('',(0.,0.,1.));
#150 = DIRECTION('',(1.,0.,0.));
#151 = AXIS2_PLACEMENT_3D('',#152,#153,#154);
#152 = CARTESIAN_POINT('',(0.8,0.,1.3));
#153 = DIRECTION('',(0.,0.,1.));
#154 = DIRECTION('',(1.,0.,0.));
#155 = AXIS2_PLACEMENT_3D('',#156,#157,#158);
#156 = CARTESIAN_POINT('',(1.6,0.,1.3));
#157 = DIRECTION('',(0.,0.,1.));
#158 = DIRECTION('',(1.,0.,0.));
#159 = AXIS2_PLACEMENT_3D('',#160,#161,#162);
#160 = CARTESIAN_POINT('',(2.4,0.,1.3));
#161 = DIRECTION('',(0.,0.,1.));
#162 = DIRECTION('',(1.,0.,0.));
#163 = AXIS2_PLACEMENT_3D('',#164,#165,#166);
#164 = CARTESIAN_POINT('',(4.8,0.,1.3));
#165 = DIRECTION('',(0.,0.,1.));
#166 = DIRECTION('',(1.,0.,0.));
#167 = AXIS2_PLACEMENT_3D('',#168,#169,#170);
#168 = CARTESIAN_POINT('',(5.6,0.,1.3));
#169 = DIRECTION('',(0.,0.,1.));
#170 = DIRECTION('',(1.,0.,0.));
#171 = AXIS2_PLACEMENT_3D('',#172,#173,#174);
#172 = CARTESIAN_POINT('',(6.4,0.,1.3));
#173 = DIRECTION('',(0.,0.,1.));
#174 = DIRECTION('',(1.,0.,0.));
#175 = AXIS2_PLACEMENT_3D('',#176,#177,#178);
#176 = CARTESIAN_POINT('',(7.2,0.,1.3));
#177 = DIRECTION('',(0.,0.,1.));
#178 = DIRECTION('',(1.,0.,0.));
#179 = AXIS2_PLACEMENT_3D('',#180,#181,#182);
#180 = CARTESIAN_POINT('',(8.,0.,1.3));
#181 = DIRECTION('',(0.,0.,1.));
#182 = DIRECTION('',(1.,0.,0.));
#183 = AXIS2_PLACEMENT_3D('',#184,#185,#186);
#184 = CARTESIAN_POINT('',(-0.8,0.,1.95));
#185 = DIRECTION('',(0.,0.,1.));
#186 = DIRECTION('',(1.,0.,0.));
#187 = AXIS2_PLACEMENT_3D('',#188,#189,#190);
#188 = CARTESIAN_POINT('',(0.,0.,1.95));
#189 = DIRECTION('',(0.,0.,1.));
#190 = DIRECTION('',(1.,0.,0.));
#191 = AXIS2_PLACEMENT_3D('',#192,#193,#194);
#192 = CARTESIAN_POINT('',(0.8,0.,1.95));
#193 = DIRECTION('',(0.,0.,1.));
#194 = DIRECTION('',(1.,0.,0.));
#195 = AXIS2_PLACEMENT_3D('',#196,#197,#198);
#196 = CARTESIAN_POINT('',(1.6,0.,1.95));
#197 = DIRECTION('',(0.,0.,1.));
#198 = DIRECTION('',(1.,0.,0.));
#199 = AXIS2_PLACEMENT_3D('',#200,#201,#202);
#200 = CARTESIAN_POINT('',(2.4,0.,1.95));
#201 = DIRECTION('',(0.,0.,1.));
#202 = DIRECTION('',(1.,0.,0.));
#203 = AXIS2_PLACEMENT_3D('',#204,#205,#206);
#204 = CARTESIAN_POINT('',(4.8,0.,1.95));
#205 = DIRECTION('',(0.,0.,1.));
#206 = DIRECTION('',(1.,0.,0.));
#207 = AXIS2_PLACEMENT_3D('',#208,#209,#210);
#208 = CARTESIAN_POINT('',(5.6,0.,1.95));
#209 = DIRECTION('',(0.,0.,1.));
#210 = DIRECTION('',(1.,0.,0.));
#211 = AXIS2_PLACEMENT_3D('',#212,#213,#214);
#212 = CARTESIAN_POINT('',(6.4,0.,1.95));
#213 = DIRECTION('',(0.,0.,1.));
#214 = DIRECTION('',(1.,0.,0.));
#215 = AXIS2_PLACEMENT_3D('',#216,#217,#218);
#216 = CARTESIAN_POINT('',(7.2,0.,1.95));
#217 = DIRECTION('',(0.,0.,1.));
#218 = DIRECTION('',(1.,0.,0.));
#219 = AXIS2_PLACEMENT_3D('',#220,#221,#222);
#220 = CARTESIAN_POINT('',(8.,0.,1.95));
#221 = DIRECTION('',(0.,0.,1.));
#222 = DIRECTION('',(1.,0.,0.));
#223 = AXIS2_PLACEMENT_3D('',#224,#225,#226);
#224 = CARTESIAN_POINT('',(-0.8,0.,2.6));
#225 = DIRECTION('',(0.,0.,1.));
#226 = DIRECTION('',(1.,0.,0.));
#227 = AXIS2_PLACEMENT_3D('',#228,#229,#230);
#228 = CARTESIAN_POINT('',(0.,0.,2.6));
#229 = DIRECTION('',(0.,0.,1.));
#230 = DIRECTION('',(1.,0.,0.));
#231 = AXIS2_PLACEMENT_3D('',#232,#233,#234);
#232 = CARTESIAN_POINT('',(0.8,0.,2.6));
#233 = DIRECTION('',(0.,0.,1.));
#234 = DIRECTION('',(1.,0.,0.));
#235 = AXIS2_PLACEMENT_3D('',#236,#237,#238);
#236 = CARTESIAN_POINT('',(1.6,0.,2.6));
#237 = DIRECTION('',(0.,0.,1.));
#238 = DIRECTION('',(1.,0.,0.));
#239 = AXIS2_PLACEMENT_3D('',#240,#241,#242);
#240 = CARTESIAN_POINT('',(2.4,0.,2.6));
#241 = DIRECTION('',(0.,0.,1.));
#242 = DIRECTION('',(1.,0.,0.));
#243 = AXIS2_PLACEMENT_3D('',#244,#245,#246);
#244 = CARTESIAN_POINT('',(4.8,0.,2.6));
#245 = DIRECTION('',(0.,0.,1.));
#246 = DIRECTION('',(1.,0.,0.));
#247 = AXIS2_PLACEMENT_3D('',#248,#249,#250);
#248 = CARTESIAN_POINT('',(5.6,0.,2.6));
#249 = DIRECTION('',(0.,0.,1.));
#250 = DIRECTION('',(1.,0.,0.));
#251 = AXIS2_PLACEMENT_3D('',#252,#253,#254);
#252 = CARTESIAN_POINT('',(6.4,0.,2.6));
#253 = DIRECTION('',(0.,0.,1.));
#254 = DIRECTION('',(1.,0.,0.));
#255 = AXIS2_PLACEMENT_3D('',#256,#257,#258);
#256 = CARTESIAN_POINT('',(7.2,0.,2.6));
#257 = DIRECTION('',(0.,0.,1.));
#258 = DIRECTION('',(1.,0.,0.));
#259 = AXIS2_PLACEMENT_3D('',#260,#261,#262);
#260 = CARTESIAN_POINT('',(8.,0.,2.6));
#261 = DIRECTION('',(0.,0.,1.));
#262 = DIRECTION('',(1.,0.,0.));
#263 = AXIS2_PLACEMENT_3D('',#264,#265,#266);
#264 = CARTESIAN_POINT('',(-0.8,0.,3.25));
#265 = DIRECTION('',(0.,0.,1.));
#266 = DIRECTION('',(1.,0.,0.));
#267 = AXIS2_PLACEMENT_3D('',#268,#269,#270);
#268 = CARTESIAN_POINT('',(0.,0.,3.25));
#269 = DIRECTION('',(0.,0.,1.));
#270 = DIRECTION('',(1.,0.,0.));
#271 = AXIS2_PLACEMENT_3D('',#272,#273,#274);
#272 = CARTESIAN_POINT('',(0.8,0.,3.25));
#273 = DIRECTION('',(0.,0.,1.));
#274 = DIRECTION('',(1.,0.,0.));
#275 = AXIS2_PLACEMENT_3D('',#276,#277,#278);
#276 = CARTESIAN_POINT('',(1.6,0.,3.25));
#277 = DIRECTION('',(0.,0.,1.));
#278 = DIRECTION('',(1.,0.,0.));
#279 = AXIS2_PLACEMENT_3D('',#280,#281,#282);
#280 = CARTESIAN_POINT('',(2.4,0.,3.25));
#281 = DIRECTION('',(0.,0.,1.));
#282 = DIRECTION('',(1.,0.,0.));
#283 = AXIS2_PLACEMENT_3D('',#284,#285,#286);
#284 = CARTESIAN_POINT('',(4.8,0.,3.25));
#285 = DIRECTION('',(0.,0.,1.));
#286 = DIRECTION('',(1.,0.,0.));
#287 = AXIS2_PLACEMENT_3D('',#288,#289,#290);
#288 = CARTESIAN_POINT('',(5.6,0.,3.25));
#289 = DIRECTION('',(0.,0.,1.));
#290 = DIRECTION('',(1.,0.,0.));
#291 = AXIS2_PLACEMENT_3D('',#292,#293,#294);
#292 = CARTESIAN_POINT('',(6.4,0.,3.25));
#293 = DIRECTION('',(0.,0.,1.));
#294 = DIRECTION('',(1.,0.,0.));
#295 = AXIS2_PLACEMENT_3D('',#296,#297,#298);
#296 = CARTESIAN_POINT('',(7.2,0.,3.25));
#297 = DIRECTION('',(0.,0.,1.));
#298 = DIRECTION('',(1.,0.,0.));
#299 = AXIS2_PLACEMENT_3D('',#300,#301,#302);
#300 = CARTESIAN_POINT('',(8.,0.,3.25));
#301 = DIRECTION('',(0.,0.,1.));
#302 = DIRECTION('',(1.,0.,0.));
#303 = AXIS2_PLACEMENT_3D('',#304,#305,#306);
#304 = CARTESIAN_POINT('',(-0.8,0.,3.9));
#305 = DIRECTION('',(0.,0.,1.));
#306 = DIRECTION('',(1.,0.,0.));
#307 = AXIS2_PLACEMENT_3D('',#308,#309,#310);
#308 = CARTESIAN_POINT('',(0.,0.,3.9));
#309 = DIRECTION('',(0.,0.,1.));
#310 = DIRECTION('',(1.,0.,0.));
#311 = AXIS2_PLACEMENT_3D('',#312,#313,#314);
#312 = CARTESIAN_POINT('',(0.8,0.,3.9));
#313 = DIRECTION('',(0.,0.,1.));
#314 = DIRECTION('',(1.,0.,0.));
#315 = AXIS2_PLACEMENT_3D('',#316,#317,#318);
#316 = CARTESIAN_POINT('',(1.6,0.,3.9));
#317 = DIRECTION('',(0.,0.,1.));
#318 = DIRECTION('',(1.,0.,0.));
#319 = AXIS2_PLACEMENT_3D('',#320,#321,#322);
#320 = CARTESIAN_POINT('',(2.4,0.,3.9));
#321 = DIRECTION('',(0.,0.,1.));
#322 = DIRECTION('',(1.,0.,0.));
#323 = AXIS2_PLACEMENT_3D('',#324,#325,#326);
#324 = CARTESIAN_POINT('',(4.8,0.,3.9));
#325 = DIRECTION('',(0.,0.,1.));
#326 = DIRECTION('',(1.,0.,0.));
#327 = AXIS2_PLACEMENT_3D('',#328,#329,#330);
#328 = CARTESIAN_POINT('',(5.6,0.,3.9));
#329 = DIRECTION('',(0.,0.,1.));
#330 = DIRECTION('',(1.,0.,0.));
#331 = AXIS2_PLACEMENT_3D('',#332,#333,#334);
#332 = CARTESIAN_POINT('',(6.4,0.,3.9));
#333 = DIRECTION('',(0.,0.,1.));
#334 = DIRECTION('',(1.,0.,0.));
#335 = AXIS2_PLACEMENT_3D('',#336,#337,#338);
#336 = CARTESIAN_POINT('',(7.2,0.,3.9));
#337 = DIRECTION('',(0.,0.,1.));
#338 = DIRECTION('',(1.,0.,0.));
#339 = AXIS2_PLACEMENT_3D('',#340,#341,#342);
#340 = CARTESIAN_POINT('',(8.,0.,3.9));
#341 = DIRECTION('',(0.,0.,1.));
#342 = DIRECTION('',(1.,0.,0.));
#343 = AXIS2_PLACEMENT_3D('',#344,#345,#346);
#344 = CARTESIAN_POINT('',(-0.8,0.,4.55));
#345 = DIRECTION('',(0.,0.,1.));
#346 = DIRECTION('',(1.,0.,0.));
#347 = AXIS2_PLACEMENT_3D('',#348,#349,#350);
#348 = CARTESIAN_POINT('',(0.,0.,4.55));
#349 = DIRECTION('',(0.,0.,1.));
#350 = DIRECTION('',(1.,0.,0.));
#351 = AXIS2_PLACEMENT_3D('',#352,#353,#354);
#352 = CARTESIAN_POINT('',(0.8,0.,4.55));
#353 = DIRECTION('',(0.,0.,1.));
#354 = DIRECTION('',(1.,0.,0.));
#355 = AXIS2_PLACEMENT_3D('',#356,#357,#358);
#356 = CARTESIAN_POINT('',(1.6,0.,4.55));
#357 = DIRECTION('',(0.,0.,1.));
#358 = DIRECTION('',(1.,0.,0.));
#359 = AXIS2_PLACEMENT_3D('',#360,#361,#362);
#360 = CARTESIAN_POINT('',(2.4,0.,4.55));
#361 = DIRECTION('',(0.,0.,1.));
#362 = DIRECTION('',(1.,0.,0.));
#363 = AXIS2_PLACEMENT_3D('',#364,#365,#366);
#364 = CARTESIAN_POINT('',(4.8,0.,4.55));
#365 = DIRECTION('',(0.,0.,1.));
#366 = DIRECTION('',(1.,0.,0.));
#367 = AXIS2_PLACEMENT_3D('',#368,#369,#370);
#368 = CARTESIAN_POINT('',(5.6,0.,4.55));
#369 = DIRECTION('',(0.,0.,1.));
#370 = DIRECTION('',(1.,0.,0.));
#371 = AXIS2_PLACEMENT_3D('',#372,#373,#374);
#372 = CARTESIAN_POINT('',(6.4,0.,4.55));
#373 = DIRECTION('',(0.,0.,1.));
#374 = DIRECTION('',(1.,0.,0.));
#375 = AXIS2_PLACEMENT_3D('',#376,#377,#378);
#376 = CARTESIAN_POINT('',(7.2,0.,4.55));
#377 = DIRECTION('',(0.,0.,1.));
#378 = DIRECTION('',(1.,0.,0.));
#379 = AXIS2_PLACEMENT_3D('',#380,#381,#382);
#380 = CARTESIAN_POINT('',(8.,0.,4.55));
#381 = DIRECTION('',(0.,0.,1.));
#382 = DIRECTION('',(1.,0.,0.));
#383 = AXIS2_PLACEMENT_3D('',#384,#385,#386);
#384 = CARTESIAN_POINT('',(-0.8,0.,5.2));
#385 = DIRECTION('',(0.,0.,1.));
#386 = DIRECTION('',(1.,0.,0.));
#387 = AXIS2_PLACEMENT_3D('',#388,#389,#390);
#388 = CARTESIAN_POINT('',(0.,0.,5.2));
#389 = DIRECTION('',(0.,0.,1.));
#390 = DIRECTION('',(1.,0.,0.));
#391 = AXIS2_PLACEMENT_3D('',#392,#393,#394);
#392 = CARTESIAN_POINT('',(0.8,0.,5.2));
#393 = DIRECTION('',(0.,0.,1.));
#394 = DIRECTION('',(1.,0.,0.));
#395 = AXIS2_PLACEMENT_3D('',#396,#397,#398);
#396 = CARTESIAN_POINT('',(1.6,0.,5.2));
#397 = DIRECTION('',(0.,0.,1.));
#398 = DIRECTION('',(1.,0.,0.));
#399 = AXIS2_PLACEMENT_3D('',#400,#401,#402);
#400 = CARTESIAN_POINT('',(2.4,0.,5.2));
#401 = DIRECTION('',(0.,0.,1.));
#402 = DIRECTION('',(1.,0.,0.));
#403 = AXIS2_PLACEMENT_3D('',#404,#405,#406);
#404 = CARTESIAN_POINT('',(4.8,0.,5.2));
#405 = DIRECTION('',(0.,0.,1.));
#406 = DIRECTION('',(1.,0.,0.));
#407 = AXIS2_PLACEMENT_3D('',#408,#409,#410);
#408 = CARTESIAN_POINT('',(5.6,0.,5.2));
#409 = DIRECTION('',(0.,0.,1.));
#410 = DIRECTION('',(1.,0.,0.));
#411 = AXIS2_PLACEMENT_3D('',#412,#413,#414);
#412 = CARTESIAN_POINT('',(6.4,0.,5.2));
#413 = DIRECTION('',(0.,0.,1.));
#414 = DIRECTION('',(1.,0.,0.));
#415 = AXIS2_PLACEMENT_3D('',#416,#417,#418);
#416 = CARTESIAN_POINT('',(7.2,0.,5.2));
#417 = DIRECTION('',(0.,0.,1.));
#418 = DIRECTION('',(1.,0.,0.));
#419 = AXIS2_PLACEMENT_3D('',#420,#421,#422);
#420 = CARTESIAN_POINT('',(8.,0.,5.2));
#421 = DIRECTION('',(0.,0.,1.));
#422 = DIRECTION('',(1.,0.,0.));
#423 = AXIS2_PLACEMENT_3D('',#424,#425,#426);
#424 = CARTESIAN_POINT('',(-0.8,0.,7.15));
#425 = DIRECTION('',(0.,0.,1.));
#426 = DIRECTION('',(1.,0.,0.));
#427 = AXIS2_PLACEMENT_3D('',#428,#429,#430);
#428 = CARTESIAN_POINT('',(0.,0.,7.15));
#429 = DIRECTION('',(0.,0.,1.));
#430 = DIRECTION('',(1.,0.,0.));
#431 = AXIS2_PLACEMENT_3D('',#432,#433,#434);
#432 = CARTESIAN_POINT('',(0.8,0.,7.15));
#433 = DIRECTION('',(0.,0.,1.));
#434 = DIRECTION('',(1.,0.,0.));
#435 = AXIS2_PLACEMENT_3D('',#436,#437,#438);
#436 = CARTESIAN_POINT('',(1.6,0.,7.15));
#437 = DIRECTION('',(0.,0.,1.));
#438 = DIRECTION('',(1.,0.,0.));
#439 = AXIS2_PLACEMENT_3D('',#440,#441,#442);
#440 = CARTESIAN_POINT('',(2.4,0.,7.15));
#441 = DIRECTION('',(0.,0.,1.));
#442 = DIRECTION('',(1.,0.,0.));
#443 = AXIS2_PLACEMENT_3D('',#444,#445,#446);
#444 = CARTESIAN_POINT('',(4.8,0.,7.15));
#445 = DIRECTION('',(0.,0.,1.));
#446 = DIRECTION('',(1.,0.,0.));
#447 = AXIS2_PLACEMENT_3D('',#448,#449,#450);
#448 = CARTESIAN_POINT('',(5.6,0.,7.15));
#449 = DIRECTION('',(0.,0.,1.));
#450 = DIRECTION('',(1.,0.,0.));
#451 = AXIS2_PLACEMENT_3D('',#452,#453,#454);
#452 = CARTESIAN_POINT('',(6.4,0.,7.15));
#453 = DIRECTION('',(0.,0.,1.));
#454 = DIRECTION('',(1.,0.,0.));
#455 = AXIS2_PLACEMENT_3D('',#456,#457,#458);
#456 = CARTESIAN_POINT('',(7.2,0.,7.15));
#457 = DIRECTION('',(0.,0.,1.));
#458 = DIRECTION('',(1.,0.,0.));
#459 = AXIS2_PLACEMENT_3D('',#460,#461,#462);
#460 = CARTESIAN_POINT('',(8.,0.,7.15));
#461 = DIRECTION('',(0.,0.,1.));
#462 = DIRECTION('',(1.,0.,0.));
#463 = AXIS2_PLACEMENT_3D('',#464,#465,#466);
#464 = CARTESIAN_POINT('',(-0.8,0.,7.8));
#465 = DIRECTION('',(0.,0.,1.));
#466 = DIRECTION('',(1.,0.,0.));
#467 = AXIS2_PLACEMENT_3D('',#468,#469,#470);
#468 = CARTESIAN_POINT('',(0.,0.,7.8));
#469 = DIRECTION('',(0.,0.,1.));
#470 = DIRECTION('',(1.,0.,0.));
#471 = AXIS2_PLACEMENT_3D('',#472,#473,#474);
#472 = CARTESIAN_POINT('',(0.8,0.,7.8));
#473 = DIRECTION('',(0.,0.,1.));
#474 = DIRECTION('',(1.,0.,0.));
#475 = AXIS2_PLACEMENT_3D('',#476,#477,#478);
#476 = CARTESIAN_POINT('',(1.6,0.,7.8));
#477 = DIRECTION('',(0.,0.,1.));
#478 = DIRECTION('',(1.,0.,0.));
#479 = AXIS2_PLACEMENT_3D('',#480,#481,#482);
#480 = CARTESIAN_POINT('',(2.4,0.,7.8));
#481 = DIRECTION('',(0.,0.,1.));
#482 = DIRECTION('',(1.,0.,0.));
#483 = AXIS2_PLACEMENT_3D('',#484,#485,#486);
#484 = CARTESIAN_POINT('',(4.8,0.,7.8));
#485 = DIRECTION('',(0.,0.,1.));
#486 = DIRECTION('',(1.,0.,0.));
#487 = AXIS2_PLACEMENT_3D('',#488,#489,#490);
#488 = CARTESIAN_POINT('',(5.6,0.,7.8));
#489 = DIRECTION('',(0.,0.,1.));
#490 = DIRECTION('',(1.,0.,0.));
#491 = AXIS2_PLACEMENT_3D('',#492,#493,#494);
#492 = CARTESIAN_POINT('',(6.4,0.,7.8));
#493 = DIRECTION('',(0.,0.,1.));
#494 = DIRECTION('',(1.,0.,0.));
#495 = AXIS2_PLACEMENT_3D('',#496,#497,#498);
#496 = CARTESIAN_POINT('',(7.2,0.,7.8));
#497 = DIRECTION('',(0.,0.,1.));
#498 = DIRECTION('',(1.,0.,0.));
#499 = AXIS2_PLACEMENT_3D('',#500,#501,#502);
#500 = CARTESIAN_POINT('',(8.,0.,7.8));
#501 = DIRECTION('',(0.,0.,1.));
#502 = DIRECTION('',(1.,0.,0.));
#503 = AXIS2_PLACEMENT_3D('',#504,#505,#506);
#504 = CARTESIAN_POINT('',(-0.8,0.,8.45));
#505 = DIRECTION('',(0.,0.,1.));
#506 = DIRECTION('',(1.,0.,0.));
#507 = AXIS2_PLACEMENT_3D('',#508,#509,#510);
#508 = CARTESIAN_POINT('',(0.,0.,8.45));
#509 = DIRECTION('',(0.,0.,1.));
#510 = DIRECTION('',(1.,0.,0.));
#511 = AXIS2_PLACEMENT_3D('',#512,#513,#514);
#512 = CARTESIAN_POINT('',(0.8,0.,8.45));
#513 = DIRECTION('',(0.,0.,1.));
#514 = DIRECTION('',(1.,0.,0.));
#515 = AXIS2_PLACEMENT_3D('',#516,#517,#518);
#516 = CARTESIAN_POINT('',(1.6,0.,8.45));
#517 = DIRECTION('',(0.,0.,1.));
#518 = DIRECTION('',(1.,0.,0.));
#519 = AXIS2_PLACEMENT_3D('',#520,#521,#522);
#520 = CARTESIAN_POINT('',(2.4,0.,8.45));
#521 = DIRECTION('',(0.,0.,1.));
#522 = DIRECTION('',(1.,0.,0.));
#523 = AXIS2_PLACEMENT_3D('',#524,#525,#526);
#524 = CARTESIAN_POINT('',(4.8,0.,8.45));
#525 = DIRECTION('',(0.,0.,1.));
#526 = DIRECTION('',(1.,0.,0.));
#527 = AXIS2_PLACEMENT_3D('',#528,#529,#530);
#528 = CARTESIAN_POINT('',(5.6,0.,8.45));
#529 = DIRECTION('',(0.,0.,1.));
#530 = DIRECTION('',(1.,0.,0.));
#531 = AXIS2_PLACEMENT_3D('',#532,#533,#534);
#532 = CARTESIAN_POINT('',(6.4,0.,8.45));
#533 = DIRECTION('',(0.,0.,1.));
#534 = DIRECTION('',(1.,0.,0.));
#535 = AXIS2_PLACEMENT_3D('',#536,#537,#538);
#536 = CARTESIAN_POINT('',(7.2,0.,8.45));
#537 = DIRECTION('',(0.,0.,1.));
#538 = DIRECTION('',(1.,0.,0.));
#539 = AXIS2_PLACEMENT_3D('',#540,#541,#542);
#540 = CARTESIAN_POINT('',(8.,0.,8.45));
#541 = DIRECTION('',(0.,0.,1.));
#542 = DIRECTION('',(1.,0.,0.));
#543 = AXIS2_PLACEMENT_3D('',#544,#545,#546);
#544 = CARTESIAN_POINT('',(-0.8,0.,9.1));
#545 = DIRECTION('',(0.,0.,1.));
#546 = DIRECTION('',(1.,0.,0.));
#547 = AXIS2_PLACEMENT_3D('',#548,#549,#550);
#548 = CARTESIAN_POINT('',(0.,0.,9.1));
#549 = DIRECTION('',(0.,0.,1.));
#550 = DIRECTION('',(1.,0.,0.));
#551 = AXIS2_PLACEMENT_3D('',#552,#553,#554);
#552 = CARTESIAN_POINT('',(0.8,0.,9.1));
#553 = DIRECTION('',(0.,0.,1.));
#554 = DIRECTION('',(1.,0.,0.));
#555 = AXIS2_PLACEMENT_3D('',#556,#557,#558);
#556 = CARTESIAN_POINT('',(1.6,0.,9.1));
#557 = DIRECTION('',(0.,0.,1.));
#558 = DIRECTION('',(1.,0.,0.));
#559 = AXIS2_PLACEMENT_3D('',#560,#561,#562);
#560 = CARTESIAN_POINT('',(2.4,0.,9.1));
#561 = DIRECTION('',(0.,0.,1.));
#562 = DIRECTION('',(1.,0.,0.));
#563 = AXIS2_PLACEMENT_3D('',#564,#565,#566);
#564 = CARTESIAN_POINT('',(4.8,0.,9.1));
#565 = DIRECTION('',(0.,0.,1.));
#566 = DIRECTION('',(1.,0.,0.));
#567 = AXIS2_PLACEMENT_3D('',#568,#569,#570);
#568 = CARTESIAN_POINT('',(5.6,0.,9.1));
#569 = DIRECTION('',(0.,0.,1.));
#570 = DIRECTION('',(1.,0.,0.));
#571 = AXIS2_PLACEMENT_3D('',#572,#573,#574);
#572 = CARTESIAN_POINT('',(6.4,0.,9.1));
#573 = DIRECTION('',(0.,0.,1.));
#574 = DIRECTION('',(1.,0.,0.));
#575 = AXIS2_PLACEMENT_3D('',#576,#577,#578);
#576 = CARTESIAN_POINT('',(7.2,0.,9.1));
#577 = DIRECTION('',(0.,0.,1.));
#578 = DIRECTION('',(1.,0.,0.));
#579 = AXIS2_PLACEMENT_3D('',#580,#581,#582);
#580 = CARTESIAN_POINT('',(8.,0.,9.1));
#581 = DIRECTION('',(0.,0.,1.));
#582 = DIRECTION('',(1.,0.,0.));
#583 = AXIS2_PLACEMENT_3D('',#584,#585,#586);
#584 = CARTESIAN_POINT('',(-0.8,0.,9.75));
#585 = DIRECTION('',(0.,0.,1.));
#586 = DIRECTION('',(1.,0.,0.));
#587 = AXIS2_PLACEMENT_3D('',#588,#589,#590);
#588 = CARTESIAN_POINT('',(0.,0.,9.75));
#589 = DIRECTION('',(0.,0.,1.));
#590 = DIRECTION('',(1.,0.,0.));
#591 = AXIS2_PLACEMENT_3D('',#592,#593,#594);
#592 = CARTESIAN_POINT('',(0.8,0.,9.75));
#593 = DIRECTION('',(0.,0.,1.));
#594 = DIRECTION('',(1.,0.,0.));
#595 = AXIS2_PLACEMENT_3D('',#596,#597,#598);
#596 = CARTESIAN_POINT('',(1.6,0.,9.75));
#597 = DIRECTION('',(0.,0.,1.));
#598 = DIRECTION('',(1.,0.,0.));
#599 = AXIS2_PLACEMENT_3D('',#600,#601,#602);
#600 = CARTESIAN_POINT('',(2.4,0.,9.75));
#601 = DIRECTION('',(0.,0.,1.));
#602 = DIRECTION('',(1.,0.,0.));
#603 = AXIS2_PLACEMENT_3D('',#604,#605,#606);
#604 = CARTESIAN_POINT('',(4.8,0.,9.75));
#605 = DIRECTION('',(0.,0.,1.));
#606 = DIRECTION('',(1.,0.,0.));
#607 = AXIS2_PLACEMENT_3D('',#608,#609,#610);
#608 = CARTESIAN_POINT('',(5.6,0.,9.75));
#609 = DIRECTION('',(0.,0.,1.));
#610 = DIRECTION('',(1.,0.,0.));
#611 = AXIS2_PLACEMENT_3D('',#612,#613,#614);
#612 = CARTESIAN_POINT('',(6.4,0.,9.75));
#613 = DIRECTION('',(0.,0.,1.));
#614 = DIRECTION('',(1.,0.,0.));
#615 = AXIS2_PLACEMENT_3D('',#616,#617,#618);
#616 = CARTESIAN_POINT('',(7.2,0.,9.75));
#617 = DIRECTION('',(0.,0.,1.));
#618 = DIRECTION('',(1.,0.,0.));
#619 = AXIS2_PLACEMENT_3D('',#620,#621,#622);
#620 = CARTESIAN_POINT('',(8.,0.,9.75));
#621 = DIRECTION('',(0.,0.,1.));
#622 = DIRECTION('',(1.,0.,0.));
#623 = AXIS2_PLACEMENT_3D('',#624,#625,#626);
#624 = CARTESIAN_POINT('',(-0.8,0.,10.4));
#625 = DIRECTION('',(0.,0.,1.));
#626 = DIRECTION('',(1.,0.,0.));
#627 = AXIS2_PLACEMENT_3D('',#628,#629,#630);
#628 = CARTESIAN_POINT('',(0.,0.,10.4));
#629 = DIRECTION('',(0.,0.,1.));
#630 = DIRECTION('',(1.,0.,0.));
#631 = AXIS2_PLACEMENT_3D('',#632,#633,#634);
#632 = CARTESIAN_POINT('',(0.8,0.,10.4));
#633 = DIRECTION('',(0.,0.,1.));
#634 = DIRECTION('',(1.,0.,0.));
#635 = AXIS2_PLACEMENT_3D('',#636,#637,#638);
#636 = CARTESIAN_POINT('',(1.6,0.,10.4));
#637 = DIRECTION('',(0.,0.,1.));
#638 = DIRECTION('',(1.,0.,0.));
#639 = AXIS2_PLACEMENT_3D('',#640,#641,#642);
#640 = CARTESIAN_POINT('',(2.4,0.,10.4));
#641 = DIRECTION('',(0.,0.,1.));
#642 = DIRECTION('',(1.,0.,0.));
#643 = AXIS2_PLACEMENT_3D('',#644,#645,#646);
#644 = CARTESIAN_POINT('',(4.8,0.,10.4));
#645 = DIRECTION('',(0.,0.,1.));
#646 = DIRECTION('',(1.,0.,0.));
#647 = AXIS2_PLACEMENT_3D('',#648,#649,#650);
#648 = CARTESIAN_POINT('',(5.6,0.,10.4));
#649 = DIRECTION('',(0.,0.,1.));
#650 = DIRECTION('',(1.,0.,0.));
#651 = AXIS2_PLACEMENT_3D('',#652,#653,#654);
#652 = CARTESIAN_POINT('',(6.4,0.,10.4));
#653 = DIRECTION('',(0.,0.,1.));
#654 = DIRECTION('',(1.,0.,0.));
#655 = AXIS2_PLACEMENT_3D('',#656,#657,#658);
#656 = CARTESIAN_POINT('',(7.2,0.,10.4));
#657 = DIRECTION('',(0.,0.,1.));
#658 = DIRECTION('',(1.,0.,0.));
#659 = AXIS2_PLACEMENT_3D('',#660,#661,#662);
#660 = CARTESIAN_POINT('',(8.,0.,10.4));
#661 = DIRECTION('',(0.,0.,1.));
#662 = DIRECTION('',(1.,0.,0.));
#663 = AXIS2_PLACEMENT_3D('',#664,#665,#666);
#664 = CARTESIAN_POINT('',(-0.8,0.,11.05));
#665 = DIRECTION('',(0.,0.,1.));
#666 = DIRECTION('',(1.,0.,0.));
#667 = AXIS2_PLACEMENT_3D('',#668,#669,#670);
#668 = CARTESIAN_POINT('',(0.,0.,11.05));
#669 = DIRECTION('',(0.,0.,1.));
#670 = DIRECTION('',(1.,0.,0.));
#671 = AXIS2_PLACEMENT_3D('',#672,#673,#674);
#672 = CARTESIAN_POINT('',(0.8,0.,11.05));
#673 = DIRECTION('',(0.,0.,1.));
#674 = DIRECTION('',(1.,0.,0.));
#675 = AXIS2_PLACEMENT_3D('',#676,#677,#678);
#676 = CARTESIAN_POINT('',(1.6,0.,11.05));
#677 = DIRECTION('',(0.,0.,1.));
#678 = DIRECTION('',(1.,0.,0.));
#679 = AXIS2_PLACEMENT_3D('',#680,#681,#682);
#680 = CARTESIAN_POINT('',(2.4,0.,11.05));
#681 = DIRECTION('',(0.,0.,1.));
#682 = DIRECTION('',(1.,0.,0.));
#683 = AXIS2_PLACEMENT_3D('',#684,#685,#686);
#684 = CARTESIAN_POINT('',(4.8,0.,11.05));
#685 = DIRECTION('',(0.,0.,1.));
#686 = DIRECTION('',(1.,0.,0.));
#687 = AXIS2_PLACEMENT_3D('',#688,#689,#690);
#688 = CARTESIAN_POINT('',(5.6,0.,11.05));
#689 = DIRECTION('',(0.,0.,1.));
#690 = DIRECTION('',(1.,0.,0.));
#691 = AXIS2_PLACEMENT_3D('',#692,#693,#694);
#692 = CARTESIAN_POINT('',(6.4,0.,11.05));
#693 = DIRECTION('',(0.,0.,1.));
#694 = DIRECTION('',(1.,0.,0.));
#695 = AXIS2_PLACEMENT_3D('',#696,#697,#698);
#696 = CARTESIAN_POINT('',(7.2,0.,11.05));
#697 = DIRECTION('',(0.,0.,1.));
#698 = DIRECTION('',(1.,0.,0.));
#699 = AXIS2_PLACEMENT_3D('',#700,#701,#702);
#700 = CARTESIAN_POINT('',(8.,0.,11.05));
#701 = DIRECTION('',(0.,0.,1.));
#702 = DIRECTION('',(1.,0.,0.));
#703 = AXIS2_PLACEMENT_3D('',#704,#705,#706);
#704 = CARTESIAN_POINT('',(-0.8,0.,11.7));
#705 = DIRECTION('',(0.,0.,1.));
#706 = DIRECTION('',(1.,0.,0.));
#707 = AXIS2_PLACEMENT_3D('',#708,#709,#710);
#708 = CARTESIAN_POINT('',(0.,0.,11.7));
#709 = DIRECTION('',(0.,0.,1.));
#710 = DIRECTION('',(1.,0.,0.));
#711 = AXIS2_PLACEMENT_3D('',#712,#713,#714);
#712 = CARTESIAN_POINT('',(0.8,0.,11.7));
#713 = DIRECTION('',(0.,0.,1.));
#714 = DIRECTION('',(1.,0.,0.));
#715 = AXIS2_PLACEMENT_3D('',#716,#717,#718);
#716 = CARTESIAN_POINT('',(1.6,0.,11.7));
#717 = DIRECTION('',(0.,0.,1.));
#718 = DIRECTION('',(1.,0.,0.));
#719 = AXIS2_PLACEMENT_3D('',#720,#721,#722);
#720 = CARTESIAN_POINT('',(2.4,0.,11.7));
#721 = DIRECTION('',(0.,0.,1.));
#722 = DIRECTION('',(1.,0.,0.));
#723 = AXIS2_PLACEMENT_3D('',#724,#725,#726);
#724 = CARTESIAN_POINT('',(4.8,0.,11.7));
#725 = DIRECTION('',(0.,0.,1.));
#726 = DIRECTION('',(1.,0.,0.));
#727 = AXIS2_PLACEMENT_3D('',#728,#729,#730);
#728 = CARTESIAN_POINT('',(5.6,0.,11.7));
#729 = DIRECTION('',(0.,0.,1.));
#730 = DIRECTION('',(1.,0.,0.));
#731 = AXIS2_PLACEMENT_3D('',#732,#733,#734);
#732 = CARTESIAN_POINT('',(6.4,0.,11.7));
#733 = DIRECTION('',(0.,0.,1.));
#734 = DIRECTION('',(1.,0.,0.));
#735 = AXIS2_PLACEMENT_3D('',#736,#737,#738);
#736 = CARTESIAN_POINT('',(7.2,0.,11.7));
#737 = DIRECTION('',(0.,0.,1.));
#738 = DIRECTION('',(1.,0.,0.));
#739 = AXIS2_PLACEMENT_3D('',#740,#741,#742);
#740 = CARTESIAN_POINT('',(8.,0.,11.7));
#741 = DIRECTION('',(0.,0.,1.));
#742 = DIRECTION('',(1.,0.,0.));
#743 = AXIS2_PLACEMENT_3D('',#744,#745,#746);
#744 = CARTESIAN_POINT('',(-0.8,0.,12.35));
#745 = DIRECTION('',(0.,0.,1.));
#746 = DIRECTION('',(1.,0.,0.));
#747 = AXIS2_PLACEMENT_3D('',#748,#749,#750);
#748 = CARTESIAN_POINT('',(0.,0.,12.35));
#749 = DIRECTION('',(0.,0.,1.));
#750 = DIRECTION('',(1.,0.,0.));
#751 = AXIS2_PLACEMENT_3D('',#752,#753,#754);
#752 = CARTESIAN_POINT('',(0.8,0.,12.35));
#753 = DIRECTION('',(0.,0.,1.));
#754 = DIRECTION('',(1.,0.,0.));
#755 = AXIS2_PLACEMENT_3D('',#756,#757,#758);
#756 = CARTESIAN_POINT('',(1.6,0.,12.35));
#757 = DIRECTION('',(0.,0.,1.));
#758 = DIRECTION('',(1.,0.,0.));
#759 = AXIS2_PLACEMENT_3D('',#760,#761,#762);
#760 = CARTESIAN_POINT('',(2.4,0.,12.35));
#761 = DIRECTION('',(0.,0.,1.));
#762 = DIRECTION('',(1.,0.,0.));
#763 = AXIS2_PLACEMENT_3D('',#764,#765,#766);
#764 = CARTESIAN_POINT('',(4.8,0.,12.35));
#765 = DIRECTION('',(0.,0.,1.));
#766 = DIRECTION('',(1.,0.,0.));
#767 = AXIS2_PLACEMENT_3D('',#768,#769,#770);
#768 = CARTESIAN_POINT('',(5.6,0.,12.35));
#769 = DIRECTION('',(0.,0.,1.));
#770 = DIRECTION('',(1.,0.,0.));
#771 = AXIS2_PLACEMENT_3D('',#772,#773,#774);
#772 = CARTESIAN_POINT('',(6.4,0.,12.35));
#773 = DIRECTION('',(0.,0.,1.));
#774 = DIRECTION('',(1.,0.,0.));
#775 = AXIS2_PLACEMENT_3D('',#776,#777,#778);
#776 = CARTESIAN_POINT('',(7.2,0.,12.35));
#777 = DIRECTION('',(0.,0.,1.));
#778 = DIRECTION('',(1.,0.,0.));
#779 = AXIS2_PLACEMENT_3D('',#780,#781,#782);
#780 = CARTESIAN_POINT('',(8.,0.,12.35));
#781 = DIRECTION('',(0.,0.,1.));
#782 = DIRECTION('',(1.,0.,0.));
#783 = AXIS2_PLACEMENT_3D('',#784,#785,#786);
#784 = CARTESIAN_POINT('',(-0.8,0.,13.));
#785 = DIRECTION('',(0.,0.,1.));
#786 = DIRECTION('',(1.,0.,0.));
#787 = AXIS2_PLACEMENT_3D('',#788,#789,#790);
#788 = CARTESIAN_POINT('',(0.,0.,13.));
#789 = DIRECTION('',(0.,0.,1.));
#790 = DIRECTION('',(1.,0.,0.));
#791 = AXIS2_PLACEMENT_3D('',#792,#793,#794);
#792 = CARTESIAN_POINT('',(0.8,0.,13.));
#793 = DIRECTION('',(0.,0.,1.));
#794 = DIRECTION('',(1.,0.,0.));
#795 = AXIS2_PLACEMENT_3D('',#796,#797,#798);
#796 = CARTESIAN_POINT('',(1.6,0.,13.));
#797 = DIRECTION('',(0.,0.,1.));
#798 = DIRECTION('',(1.,0.,0.));
#799 = AXIS2_PLACEMENT_3D('',#800,#801,#802);
#800 = CARTESIAN_POINT('',(2.4,0.,13.));
#801 = DIRECTION('',(0.,0.,1.));
#802 = DIRECTION('',(1.,0.,0.));
#803 = AXIS2_PLACEMENT_3D('',#804,#805,#806);
#804 = CARTESIAN_POINT('',(4.8,0.,13.));
#805 = DIRECTION('',(0.,0.,1.));
#806 = DIRECTION('',(1.,0.,0.));
#807 = AXIS2_PLACEMENT_3D('',#808,#809,#810);
#808 = CARTESIAN_POINT('',(5.6,0.,13.));
#809 = DIRECTION('',(0.,0.,1.));
#810 = DIRECTION('',(1.,0.,0.));
#811 = AXIS2_PLACEMENT_3D('',#812,#813,#814);
#812 = CARTESIAN_POINT('',(6.4,0.,13.));
#813 = DIRECTION('',(0.,0.,1.));
#814 = DIRECTION('',(1.,0.,0.));
#815 = AXIS2_PLACEMENT_3D('',#816,#817,#818);
#816 = CARTESIAN_POINT('',(7.2,0.,13.));
#817 = DIRECTION('',(0.,0.,1.));
#818 = DIRECTION('',(1.,0.,0.));
#819 = AXIS2_PLACEMENT_3D('',#820,#821,#822);
#820 = CARTESIAN_POINT('',(8.,0.,13.));
#821 = DIRECTION('',(0.,0.,1.));
#822 = DIRECTION('',(1.,0.,0.));
#823 = ( GEOMETRIC_REPRESENTATION_CONTEXT(3) 
GLOBAL_UNCERTAINTY_ASSIGNED_CONTEXT((#827)) GLOBAL_UNIT_ASSIGNED_CONTEXT
((#824,#825,#826)) REPRESENTATION_CONTEXT('Context #1',
  '3D Context with UNIT and UNCERTAINTY') );
#824 = ( LENGTH_UNIT() NAMED_UNIT(*) SI_UNIT(.MILLI.,.METRE.) );
#825 = ( NAMED_UNIT(*) PLANE_ANGLE_UNIT() SI_UNIT($,.RADIAN.) );
#826 = ( NAMED_UNIT(*) SI_UNIT($,.STERADIAN.) SOLID_ANGLE_UNIT() );
#827 = UNCERTAINTY_MEASURE_WITH_UNIT(LENGTH_MEASURE(1.E-07),#824,
  'distance_accuracy_value','confusion accuracy');
#828 = PRODUCT_RELATED_PRODUCT_CATEGORY('part',$,(#7));
#829 = SHAPE_DEFINITION_REPRESENTATION(#830,#836);
#830 = PRODUCT_DEFINITION_SHAPE('','',#831);
#831 = PRODUCT_DEFINITION('design','',#832,#835);
#832 = PRODUCT_DEFINITION_FORMATION('','',#833);
#833 = PRODUCT('Body_Solid1','Body_Solid1','',(#834));
#834 = PRODUCT_CONTEXT('',#2,'mechanical');
#835 = PRODUCT_DEFINITION_CONTEXT('part definition',#2,'design');
#836 = ADVANCED_BREP_SHAPE_REPRESENTATION('',(#11,#837),#1032);
#837 = MANIFOLD_SOLID_BREP('',#838);
#838 = CLOSED_SHELL('',(#839,#879,#910,#934,#969,#986,#998,#1023));
#839 = ADVANCED_FACE('',(#840),#874,.T.);
#840 = FACE_BOUND('',#841,.T.);
#841 = EDGE_LOOP('',(#842,#852,#860,#868));
#842 = ORIENTED_EDGE('',*,*,#843,.F.);
#843 = EDGE_CURVE('',#844,#846,#848,.T.);
#844 = VERTEX_POINT('',#845);
#845 = CARTESIAN_POINT('',(-5.05,0.2432,7.55));
#846 = VERTEX_POINT('',#847);
#847 = CARTESIAN_POINT('',(-5.05,0.2432,-7.55));
#848 = LINE('',#849,#850);
#849 = CARTESIAN_POINT('',(-5.05,0.2432,7.55));
#850 = VECTOR('',#851,1.);
#851 = DIRECTION('',(0.,-2.22044604925E-16,-1.));
#852 = ORIENTED_EDGE('',*,*,#853,.T.);
#853 = EDGE_CURVE('',#844,#854,#856,.T.);
#854 = VERTEX_POINT('',#855);
#855 = CARTESIAN_POINT('',(-5.05,1.,7.55));
#856 = LINE('',#857,#858);
#857 = CARTESIAN_POINT('',(-5.05,1.676436767184E-15,7.55));
#858 = VECTOR('',#859,1.);
#859 = DIRECTION('',(0.,1.,-2.22044604925E-16));
#860 = ORIENTED_EDGE('',*,*,#861,.T.);
#861 = EDGE_CURVE('',#854,#862,#864,.T.);
#862 = VERTEX_POINT('',#863);
#863 = CARTESIAN_POINT('',(-5.05,1.,-7.55));
#864 = LINE('',#865,#866);
#865 = CARTESIAN_POINT('',(-5.05,1.,7.55));
#866 = VECTOR('',#867,1.);
#867 = DIRECTION('',(0.,-2.22044604925E-16,-1.));
#868 = ORIENTED_EDGE('',*,*,#869,.F.);
#869 = EDGE_CURVE('',#846,#862,#870,.T.);
#870 = LINE('',#871,#872);
#871 = CARTESIAN_POINT('',(-5.05,-1.676436767184E-15,-7.55));
#872 = VECTOR('',#873,1.);
#873 = DIRECTION('',(0.,1.,-2.22044604925E-16));
#874 = PLANE('',#875);
#875 = AXIS2_PLACEMENT_3D('',#876,#877,#878);
#876 = CARTESIAN_POINT('',(-5.05,1.676436767184E-15,7.55));
#877 = DIRECTION('',(-1.,0.,0.));
#878 = DIRECTION('',(0.,-2.22044604925E-16,-1.));
#879 = ADVANCED_FACE('',(#880),#905,.F.);
#880 = FACE_BOUND('',#881,.T.);
#881 = EDGE_LOOP('',(#882,#883,#891,#899));
#882 = ORIENTED_EDGE('',*,*,#843,.T.);
#883 = ORIENTED_EDGE('',*,*,#884,.T.);
#884 = EDGE_CURVE('',#846,#885,#887,.T.);
#885 = VERTEX_POINT('',#886);
#886 = CARTESIAN_POINT('',(5.05,0.2432,-7.55));
#887 = LINE('',#888,#889);
#888 = CARTESIAN_POINT('',(-5.05,0.2432,-7.55));
#889 = VECTOR('',#890,1.);
#890 = DIRECTION('',(1.,0.,0.));
#891 = ORIENTED_EDGE('',*,*,#892,.T.);
#892 = EDGE_CURVE('',#885,#893,#895,.T.);
#893 = VERTEX_POINT('',#894);
#894 = CARTESIAN_POINT('',(5.05,0.2432,7.55));
#895 = LINE('',#896,#897);
#896 = CARTESIAN_POINT('',(5.05,0.2432,-7.55));
#897 = VECTOR('',#898,1.);
#898 = DIRECTION('',(0.,2.22044604925E-16,1.));
#899 = ORIENTED_EDGE('',*,*,#900,.T.);
#900 = EDGE_CURVE('',#893,#844,#901,.T.);
#901 = LINE('',#902,#903);
#902 = CARTESIAN_POINT('',(5.05,0.2432,7.55));
#903 = VECTOR('',#904,1.);
#904 = DIRECTION('',(-1.,0.,0.));
#905 = PLANE('',#906);
#906 = AXIS2_PLACEMENT_3D('',#907,#908,#909);
#907 = CARTESIAN_POINT('',(0.,0.2432,-5.551115123126E-17));
#908 = DIRECTION('',(0.,1.,0.));
#909 = DIRECTION('',(0.,0.,1.));
#910 = ADVANCED_FACE('',(#911),#929,.T.);
#911 = FACE_BOUND('',#912,.T.);
#912 = EDGE_LOOP('',(#913,#914,#915,#923));
#913 = ORIENTED_EDGE('',*,*,#884,.F.);
#914 = ORIENTED_EDGE('',*,*,#869,.T.);
#915 = ORIENTED_EDGE('',*,*,#916,.T.);
#916 = EDGE_CURVE('',#862,#917,#919,.T.);
#917 = VERTEX_POINT('',#918);
#918 = CARTESIAN_POINT('',(5.05,1.,-7.55));
#919 = LINE('',#920,#921);
#920 = CARTESIAN_POINT('',(-5.05,1.,-7.55));
#921 = VECTOR('',#922,1.);
#922 = DIRECTION('',(1.,0.,0.));
#923 = ORIENTED_EDGE('',*,*,#924,.F.);
#924 = EDGE_CURVE('',#885,#917,#925,.T.);
#925 = LINE('',#926,#927);
#926 = CARTESIAN_POINT('',(5.05,-1.676436767184E-15,-7.55));
#927 = VECTOR('',#928,1.);
#928 = DIRECTION('',(0.,1.,-2.22044604925E-16));
#929 = PLANE('',#930);
#930 = AXIS2_PLACEMENT_3D('',#931,#932,#933);
#931 = CARTESIAN_POINT('',(-5.05,-1.676436767184E-15,-7.55));
#932 = DIRECTION('',(0.,-2.22044604925E-16,-1.));
#933 = DIRECTION('',(1.,0.,0.));
#934 = ADVANCED_FACE('',(#935,#953),#964,.T.);
#935 = FACE_BOUND('',#936,.T.);
#936 = EDGE_LOOP('',(#937,#938,#946,#952));
#937 = ORIENTED_EDGE('',*,*,#861,.F.);
#938 = ORIENTED_EDGE('',*,*,#939,.F.);
#939 = EDGE_CURVE('',#940,#854,#942,.T.);
#940 = VERTEX_POINT('',#941);
#941 = CARTESIAN_POINT('',(5.05,1.,7.55));
#942 = LINE('',#943,#944);
#943 = CARTESIAN_POINT('',(5.05,1.,7.55));
#944 = VECTOR('',#945,1.);
#945 = DIRECTION('',(-1.,0.,0.));
#946 = ORIENTED_EDGE('',*,*,#947,.F.);
#947 = EDGE_CURVE('',#917,#940,#948,.T.);
#948 = LINE('',#949,#950);
#949 = CARTESIAN_POINT('',(5.05,1.,-7.55));
#950 = VECTOR('',#951,1.);
#951 = DIRECTION('',(0.,2.22044604925E-16,1.));
#952 = ORIENTED_EDGE('',*,*,#916,.F.);
#953 = FACE_BOUND('',#954,.T.);
#954 = EDGE_LOOP('',(#955));
#955 = ORIENTED_EDGE('',*,*,#956,.F.);
#956 = EDGE_CURVE('',#957,#957,#959,.T.);
#957 = VERTEX_POINT('',#958);
#958 = CARTESIAN_POINT('',(-3.013025210084,1.,-6.107142857143));
#959 = CIRCLE('',#960,0.594117647059);
#960 = AXIS2_PLACEMENT_3D('',#961,#962,#963);
#961 = CARTESIAN_POINT('',(-3.607142857143,1.,-6.107142857143));
#962 = DIRECTION('',(-0.,1.,2.22044604925E-16));
#963 = DIRECTION('',(1.,0.,0.));
#964 = PLANE('',#965);
#965 = AXIS2_PLACEMENT_3D('',#966,#967,#968);
#966 = CARTESIAN_POINT('',(0.,1.,-2.22044604925E-16));
#967 = DIRECTION('',(0.,1.,0.));
#968 = DIRECTION('',(0.,0.,1.));
#969 = ADVANCED_FACE('',(#970),#981,.T.);
#970 = FACE_BOUND('',#971,.T.);
#971 = EDGE_LOOP('',(#972,#973,#979,#980));
#972 = ORIENTED_EDGE('',*,*,#900,.F.);
#973 = ORIENTED_EDGE('',*,*,#974,.T.);
#974 = EDGE_CURVE('',#893,#940,#975,.T.);
#975 = LINE('',#976,#977);
#976 = CARTESIAN_POINT('',(5.05,1.676436767184E-15,7.55));
#977 = VECTOR('',#978,1.);
#978 = DIRECTION('',(0.,1.,-2.22044604925E-16));
#979 = ORIENTED_EDGE('',*,*,#939,.T.);
#980 = ORIENTED_EDGE('',*,*,#853,.F.);
#981 = PLANE('',#982);
#982 = AXIS2_PLACEMENT_3D('',#983,#984,#985);
#983 = CARTESIAN_POINT('',(5.05,1.676436767184E-15,7.55));
#984 = DIRECTION('',(0.,2.22044604925E-16,1.));
#985 = DIRECTION('',(-1.,0.,0.));
#986 = ADVANCED_FACE('',(#987),#993,.T.);
#987 = FACE_BOUND('',#988,.T.);
#988 = EDGE_LOOP('',(#989,#990,#991,#992));
#989 = ORIENTED_EDGE('',*,*,#892,.F.);
#990 = ORIENTED_EDGE('',*,*,#924,.T.);
#991 = ORIENTED_EDGE('',*,*,#947,.T.);
#992 = ORIENTED_EDGE('',*,*,#974,.F.);
#993 = PLANE('',#994);
#994 = AXIS2_PLACEMENT_3D('',#995,#996,#997);
#995 = CARTESIAN_POINT('',(5.05,-1.676436767184E-15,-7.55));
#996 = DIRECTION('',(1.,0.,0.));
#997 = DIRECTION('',(0.,2.22044604925E-16,1.));
#998 = ADVANCED_FACE('',(#999),#1018,.F.);
#999 = FACE_BOUND('',#1000,.F.);
#1000 = EDGE_LOOP('',(#1001,#1009,#1016,#1017));
#1001 = ORIENTED_EDGE('',*,*,#1002,.T.);
#1002 = EDGE_CURVE('',#957,#1003,#1005,.T.);
#1003 = VERTEX_POINT('',#1004);
#1004 = CARTESIAN_POINT('',(-3.013025210084,0.92432,-6.107142857143));
#1005 = LINE('',#1006,#1007);
#1006 = CARTESIAN_POINT('',(-3.013025210084,1.,-6.107142857143));
#1007 = VECTOR('',#1008,1.);
#1008 = DIRECTION('',(0.,-1.,-2.22044604925E-16));
#1009 = ORIENTED_EDGE('',*,*,#1010,.T.);
#1010 = EDGE_CURVE('',#1003,#1003,#1011,.T.);
#1011 = CIRCLE('',#1012,0.594117647059);
#1012 = AXIS2_PLACEMENT_3D('',#1013,#1014,#1015);
#1013 = CARTESIAN_POINT('',(-3.607142857143,0.92432,-6.107142857143));
#1014 = DIRECTION('',(-0.,1.,2.22044604925E-16));
#1015 = DIRECTION('',(1.,0.,0.));
#1016 = ORIENTED_EDGE('',*,*,#1002,.F.);
#1017 = ORIENTED_EDGE('',*,*,#956,.F.);
#1018 = CYLINDRICAL_SURFACE('',#1019,0.594117647059);
#1019 = AXIS2_PLACEMENT_3D('',#1020,#1021,#1022);
#1020 = CARTESIAN_POINT('',(-3.607142857143,1.,-6.107142857143));
#1021 = DIRECTION('',(0.,1.,2.22044604925E-16));
#1022 = DIRECTION('',(1.,0.,0.));
#1023 = ADVANCED_FACE('',(#1024),#1027,.T.);
#1024 = FACE_BOUND('',#1025,.T.);
#1025 = EDGE_LOOP('',(#1026));
#1026 = ORIENTED_EDGE('',*,*,#1010,.T.);
#1027 = PLANE('',#1028);
#1028 = AXIS2_PLACEMENT_3D('',#1029,#1030,#1031);
#1029 = CARTESIAN_POINT('',(-3.607142857143,0.92432,-6.107142857143));
#1030 = DIRECTION('',(0.,1.,0.));
#1031 = DIRECTION('',(0.,0.,1.));
#1032 = ( GEOMETRIC_REPRESENTATION_CONTEXT(3) 
GLOBAL_UNCERTAINTY_ASSIGNED_CONTEXT((#1036)) 
GLOBAL_UNIT_ASSIGNED_CONTEXT((#1033,#1034,#1035)) REPRESENTATION_CONTEXT
('Context #1','3D Context with UNIT and UNCERTAINTY') );
#1033 = ( LENGTH_UNIT() NAMED_UNIT(*) SI_UNIT(.MILLI.,.METRE.) );
#1034 = ( NAMED_UNIT(*) PLANE_ANGLE_UNIT() SI_UNIT($,.RADIAN.) );
#1035 = ( NAMED_UNIT(*) SI_UNIT($,.STERADIAN.) SOLID_ANGLE_UNIT() );
#1036 = UNCERTAINTY_MEASURE_WITH_UNIT(LENGTH_MEASURE(1.E-07),#1033,
  'distance_accuracy_value','confusion accuracy');
#1037 = CONTEXT_DEPENDENT_SHAPE_REPRESENTATION(#1038,#1040);
#1038 = ( REPRESENTATION_RELATIONSHIP('','',#836,#10) 
REPRESENTATION_RELATIONSHIP_WITH_TRANSFORMATION(#1039) 
SHAPE_REPRESENTATION_RELATIONSHIP() );
#1039 = ITEM_DEFINED_TRANSFORMATION('','',#11,#15);
#1040 = PRODUCT_DEFINITION_SHAPE('Placement','Placement of an item',
  #1041);
#1041 = NEXT_ASSEMBLY_USAGE_OCCURRENCE('141882','Body_Solid1','',#5,#831
  ,$);
#1042 = PRODUCT_RELATED_PRODUCT_CATEGORY('part',$,(#833));
#1043 = SHAPE_DEFINITION_REPRESENTATION(#1044,#1050);
#1044 = PRODUCT_DEFINITION_SHAPE('','',#1045);
#1045 = PRODUCT_DEFINITION('design','',#1046,#1049);
#1046 = PRODUCT_DEFINITION_FORMATION('','',#1047);
#1047 = PRODUCT('Body002_Solid1','Body002_Solid1','',(#1048));
#1048 = PRODUCT_CONTEXT('',#2,'mechanical');
#1049 = PRODUCT_DEFINITION_CONTEXT('part definition',#2,'design');
#1050 = ADVANCED_BREP_SHAPE_REPRESENTATION('',(#11,#1051),#1104);
#1051 = MANIFOLD_SOLID_BREP('',#1052);
#1052 = CLOSED_SHELL('',(#1053,#1086,#1095));
#1053 = ADVANCED_FACE('',(#1054),#1081,.T.);
#1054 = FACE_BOUND('',#1055,.F.);
#1055 = EDGE_LOOP('',(#1056,#1066,#1073,#1074));
#1056 = ORIENTED_EDGE('',*,*,#1057,.T.);
#1057 = EDGE_CURVE('',#1058,#1060,#1062,.T.);
#1058 = VERTEX_POINT('',#1059);
#1059 = CARTESIAN_POINT('',(-4.201260504202,0.92432,-6.107142857143));
#1060 = VERTEX_POINT('',#1061);
#1061 = CARTESIAN_POINT('',(-4.201260504202,1.,-6.107142857143));
#1062 = LINE('',#1063,#1064);
#1063 = CARTESIAN_POINT('',(-4.201260504202,0.92432,-6.107142857143));
#1064 = VECTOR('',#1065,1.);
#1065 = DIRECTION('',(0.,1.,-2.22044604925E-16));
#1066 = ORIENTED_EDGE('',*,*,#1067,.T.);
#1067 = EDGE_CURVE('',#1060,#1060,#1068,.T.);
#1068 = CIRCLE('',#1069,0.594117647059);
#1069 = AXIS2_PLACEMENT_3D('',#1070,#1071,#1072);
#1070 = CARTESIAN_POINT('',(-3.607142857143,1.,-6.107142857143));
#1071 = DIRECTION('',(0.,1.,-2.22044604925E-16));
#1072 = DIRECTION('',(-1.,0.,0.));
#1073 = ORIENTED_EDGE('',*,*,#1057,.F.);
#1074 = ORIENTED_EDGE('',*,*,#1075,.F.);
#1075 = EDGE_CURVE('',#1058,#1058,#1076,.T.);
#1076 = CIRCLE('',#1077,0.594117647059);
#1077 = AXIS2_PLACEMENT_3D('',#1078,#1079,#1080);
#1078 = CARTESIAN_POINT('',(-3.607142857143,0.92432,-6.107142857143));
#1079 = DIRECTION('',(0.,1.,-2.22044604925E-16));
#1080 = DIRECTION('',(-1.,0.,0.));
#1081 = CYLINDRICAL_SURFACE('',#1082,0.594117647059);
#1082 = AXIS2_PLACEMENT_3D('',#1083,#1084,#1085);
#1083 = CARTESIAN_POINT('',(-3.607142857143,0.92432,-6.107142857143));
#1084 = DIRECTION('',(0.,-1.,2.22044604925E-16));
#1085 = DIRECTION('',(-1.,0.,0.));
#1086 = ADVANCED_FACE('',(#1087),#1090,.F.);
#1087 = FACE_BOUND('',#1088,.F.);
#1088 = EDGE_LOOP('',(#1089));
#1089 = ORIENTED_EDGE('',*,*,#1075,.T.);
#1090 = PLANE('',#1091);
#1091 = AXIS2_PLACEMENT_3D('',#1092,#1093,#1094);
#1092 = CARTESIAN_POINT('',(-3.607142857143,0.92432,-6.107142857143));
#1093 = DIRECTION('',(0.,1.,0.));
#1094 = DIRECTION('',(0.,0.,1.));
#1095 = ADVANCED_FACE('',(#1096),#1099,.T.);
#1096 = FACE_BOUND('',#1097,.T.);
#1097 = EDGE_LOOP('',(#1098));
#1098 = ORIENTED_EDGE('',*,*,#1067,.T.);
#1099 = PLANE('',#1100);
#1100 = AXIS2_PLACEMENT_3D('',#1101,#1102,#1103);
#1101 = CARTESIAN_POINT('',(-3.607142857143,1.,-6.107142857143));
#1102 = DIRECTION('',(0.,1.,0.));
#1103 = DIRECTION('',(0.,0.,1.));
#1104 = ( GEOMETRIC_REPRESENTATION_CONTEXT(3) 
GLOBAL_UNCERTAINTY_ASSIGNED_CONTEXT((#1108)) 
GLOBAL_UNIT_ASSIGNED_CONTEXT((#1105,#1106,#1107)) REPRESENTATION_CONTEXT
('Context #1','3D Context with UNIT and UNCERTAINTY') );
#1105 = ( LENGTH_UNIT() NAMED_UNIT(*) SI_UNIT(.MILLI.,.METRE.) );
#1106 = ( NAMED_UNIT(*) PLANE_ANGLE_UNIT() SI_UNIT($,.RADIAN.) );
#1107 = ( NAMED_UNIT(*) SI_UNIT($,.STERADIAN.) SOLID_ANGLE_UNIT() );
#1108 = UNCERTAINTY_MEASURE_WITH_UNIT(LENGTH_MEASURE(1.E-07),#1105,
  'distance_accuracy_value','confusion accuracy');
#1109 = CONTEXT_DEPENDENT_SHAPE_REPRESENTATION(#1110,#1112);
#1110 = ( REPRESENTATION_RELATIONSHIP('','',#1050,#10) 
REPRESENTATION_RELATIONSHIP_WITH_TRANSFORMATION(#1111) 
SHAPE_REPRESENTATION_RELATIONSHIP() );
#1111 = ITEM_DEFINED_TRANSFORMATION('','',#11,#19);
#1112 = PRODUCT_DEFINITION_SHAPE('Placement','Placement of an item',
  #1113);
#1113 = NEXT_ASSEMBLY_USAGE_OCCURRENCE('141883','Body002_Solid1','',#5,
  #1045,$);
#1114 = PRODUCT_RELATED_PRODUCT_CATEGORY('part',$,(#1047));
#1115 = SHAPE_DEFINITION_REPRESENTATION(#1116,#1122);
#1116 = PRODUCT_DEFINITION_SHAPE('','',#1117);
#1117 = PRODUCT_DEFINITION('design','',#1118,#1121);
#1118 = PRODUCT_DEFINITION_FORMATION('','',#1119);
#1119 = PRODUCT('BALL_0001','BALL_0001','',(#1120));
#1120 = PRODUCT_CONTEXT('',#2,'mechanical');
#1121 = PRODUCT_DEFINITION_CONTEXT('part definition',#2,'design');
#1122 = ADVANCED_BREP_SHAPE_REPRESENTATION('',(#11,#1123),#1161);
#1123 = MANIFOLD_SOLID_BREP('',#1124);
#1124 = CLOSED_SHELL('',(#1125,#1152));
#1125 = ADVANCED_FACE('',(#1126),#1147,.T.);
#1126 = FACE_BOUND('',#1127,.T.);
#1127 = EDGE_LOOP('',(#1128,#1137,#1146));
#1128 = ORIENTED_EDGE('',*,*,#1129,.T.);
#1129 = EDGE_CURVE('',#1130,#1130,#1132,.T.);
#1130 = VERTEX_POINT('',#1131);
#1131 = CARTESIAN_POINT('',(-3.6,0.243199999999,-6.053399999999));
#1132 = CIRCLE('',#1133,0.121600000001);
#1133 = AXIS2_PLACEMENT_3D('',#1134,#1135,#1136);
#1134 = CARTESIAN_POINT('',(-3.6,0.243199999999,-6.175));
#1135 = DIRECTION('',(-5.551115123126E-17,-1.,0.));
#1136 = DIRECTION('',(6.108492277512E-29,-3.390894386119E-45,1.));
#1137 = ORIENTED_EDGE('',*,*,#1138,.T.);
#1138 = EDGE_CURVE('',#1130,#1139,#1141,.T.);
#1139 = VERTEX_POINT('',#1140);
#1140 = CARTESIAN_POINT('',(-3.6,1.334880397544E-13,-6.175));
#1141 = CIRCLE('',#1142,0.152);
#1142 = AXIS2_PLACEMENT_3D('',#1143,#1144,#1145);
#1143 = CARTESIAN_POINT('',(-3.6,0.152,-6.175));
#1144 = DIRECTION('',(1.,-1.110223024625E-16,-5.551115123126E-17));
#1145 = DIRECTION('',(1.110223024625E-16,1.,5.551115123126E-17));
#1146 = ORIENTED_EDGE('',*,*,#1138,.F.);
#1147 = SPHERICAL_SURFACE('',#1148,0.152);
#1148 = AXIS2_PLACEMENT_3D('',#1149,#1150,#1151);
#1149 = CARTESIAN_POINT('',(-3.6,0.152,-6.175));
#1150 = DIRECTION('',(-5.551115123126E-17,-1.,-0.));
#1151 = DIRECTION('',(5.463066675185E-29,-3.032611203926E-45,1.));
#1152 = ADVANCED_FACE('',(#1153),#1156,.F.);
#1153 = FACE_BOUND('',#1154,.F.);
#1154 = EDGE_LOOP('',(#1155));
#1155 = ORIENTED_EDGE('',*,*,#1129,.T.);
#1156 = PLANE('',#1157);
#1157 = AXIS2_PLACEMENT_3D('',#1158,#1159,#1160);
#1158 = CARTESIAN_POINT('',(-3.6,0.2432,-6.175));
#1159 = DIRECTION('',(-5.551115123126E-17,-1.,-0.));
#1160 = DIRECTION('',(6.10849227756E-29,-3.390894386146E-45,1.));
#1161 = ( GEOMETRIC_REPRESENTATION_CONTEXT(3) 
GLOBAL_UNCERTAINTY_ASSIGNED_CONTEXT((#1165)) 
GLOBAL_UNIT_ASSIGNED_CONTEXT((#1162,#1163,#1164)) REPRESENTATION_CONTEXT
('Context #1','3D Context with UNIT and UNCERTAINTY') );
#1162 = ( LENGTH_UNIT() NAMED_UNIT(*) SI_UNIT(.MILLI.,.METRE.) );
#1163 = ( NAMED_UNIT(*) PLANE_ANGLE_UNIT() SI_UNIT($,.RADIAN.) );
#1164 = ( NAMED_UNIT(*) SI_UNIT($,.STERADIAN.) SOLID_ANGLE_UNIT() );
#1165 = UNCERTAINTY_MEASURE_WITH_UNIT(LENGTH_MEASURE(1.E-07),#1162,
  'distance_accuracy_value','confusion accuracy');
#1166 = CONTEXT_DEPENDENT_SHAPE_REPRESENTATION(#1167,#1169);
#1167 = ( REPRESENTATION_RELATIONSHIP('','',#1122,#10) 
REPRESENTATION_RELATIONSHIP_WITH_TRANSFORMATION(#1168) 
SHAPE_REPRESENTATION_RELATIONSHIP() );
#1168 = ITEM_DEFINED_TRANSFORMATION('','',#11,#23);
#1169 = PRODUCT_DEFINITION_SHAPE('Placement','Placement of an item',
  #1170);
#1170 = NEXT_ASSEMBLY_USAGE_OCCURRENCE('141884','BALL_0001','',#5,#1117,
  $);
#1171 = PRODUCT_RELATED_PRODUCT_CATEGORY('part',$,(#1119));
#1172 = SHAPE_DEFINITION_REPRESENTATION(#1173,#1179);
#1173 = PRODUCT_DEFINITION_SHAPE('','',#1174);
#1174 = PRODUCT_DEFINITION('design','',#1175,#1178);
#1175 = PRODUCT_DEFINITION_FORMATION('','',#1176);
#1176 = PRODUCT('BALL_0002','BALL_0002','',(#1177));
#1177 = PRODUCT_CONTEXT('',#2,'mechanical');
#1178 = PRODUCT_DEFINITION_CONTEXT('part definition',#2,'design');
#1179 = ADVANCED_BREP_SHAPE_REPRESENTATION('',(#11,#1180),#1218);
#1180 = MANIFOLD_SOLID_BREP('',#1181);
#1181 = CLOSED_SHELL('',(#1182,#1209));
#1182 = ADVANCED_FACE('',(#1183),#1204,.T.);
#1183 = FACE_BOUND('',#1184,.T.);
#1184 = EDGE_LOOP('',(#1185,#1194,#1203));
#1185 = ORIENTED_EDGE('',*,*,#1186,.T.);
#1186 = EDGE_CURVE('',#1187,#1187,#1189,.T.);
#1187 = VERTEX_POINT('',#1188);
#1188 = CARTESIAN_POINT('',(-3.6,0.243199999999,-6.053399999999));
#1189 = CIRCLE('',#1190,0.121600000001);
#1190 = AXIS2_PLACEMENT_3D('',#1191,#1192,#1193);
#1191 = CARTESIAN_POINT('',(-3.6,0.243199999999,-6.175));
#1192 = DIRECTION('',(-5.551115123126E-17,-1.,0.));
#1193 = DIRECTION('',(6.108492277512E-29,-3.390894386119E-45,1.));
#1194 = ORIENTED_EDGE('',*,*,#1195,.T.);
#1195 = EDGE_CURVE('',#1187,#1196,#1198,.T.);
#1196 = VERTEX_POINT('',#1197);
#1197 = CARTESIAN_POINT('',(-3.6,1.334880397544E-13,-6.175));
#1198 = CIRCLE('',#1199,0.152);
#1199 = AXIS2_PLACEMENT_3D('',#1200,#1201,#1202);
#1200 = CARTESIAN_POINT('',(-3.6,0.152,-6.175));
#1201 = DIRECTION('',(1.,-1.110223024625E-16,-5.551115123126E-17));
#1202 = DIRECTION('',(1.110223024625E-16,1.,5.551115123126E-17));
#1203 = ORIENTED_EDGE('',*,*,#1195,.F.);
#1204 = SPHERICAL_SURFACE('',#1205,0.152);
#1205 = AXIS2_PLACEMENT_3D('',#1206,#1207,#1208);
#1206 = CARTESIAN_POINT('',(-3.6,0.152,-6.175));
#1207 = DIRECTION('',(-5.551115123126E-17,-1.,-0.));
#1208 = DIRECTION('',(5.463066675185E-29,-3.032611203926E-45,1.));
#1209 = ADVANCED_FACE('',(#1210),#1213,.F.);
#1210 = FACE_BOUND('',#1211,.F.);
#1211 = EDGE_LOOP('',(#1212));
#1212 = ORIENTED_EDGE('',*,*,#1186,.T.);
#1213 = PLANE('',#1214);
#1214 = AXIS2_PLACEMENT_3D('',#1215,#1216,#1217);
#1215 = CARTESIAN_POINT('',(-3.6,0.2432,-6.175));
#1216 = DIRECTION('',(-5.551115123126E-17,-1.,-0.));
#1217 = DIRECTION('',(6.10849227756E-29,-3.390894386146E-45,1.));
#1218 = ( GEOMETRIC_REPRESENTATION_CONTEXT(3) 
GLOBAL_UNCERTAINTY_ASSIGNED_CONTEXT((#1222)) 
GLOBAL_UNIT_ASSIGNED_CONTEXT((#1219,#1220,#1221)) REPRESENTATION_CONTEXT
('Context #1','3D Context with UNIT and UNCERTAINTY') );
#1219 = ( LENGTH_UNIT() NAMED_UNIT(*) SI_UNIT(.MILLI.,.METRE.) );
#1220 = ( NAMED_UNIT(*) PLANE_ANGLE_UNIT() SI_UNIT($,.RADIAN.) );
#1221 = ( NAMED_UNIT(*) SI_UNIT($,.STERADIAN.) SOLID_ANGLE_UNIT() );
#1222 = UNCERTAINTY_MEASURE_WITH_UNIT(LENGTH_MEASURE(1.E-07),#1219,
  'distance_accuracy_value','confusion accuracy');
#1223 = CONTEXT_DEPENDENT_SHAPE_REPRESENTATION(#1224,#1226);
#1224 = ( REPRESENTATION_RELATIONSHIP('','',#1179,#10) 
REPRESENTATION_RELATIONSHIP_WITH_TRANSFORMATION(#1225) 
SHAPE_REPRESENTATION_RELATIONSHIP() );
#1225 = ITEM_DEFINED_TRANSFORMATION('','',#11,#27);
#1226 = PRODUCT_DEFINITION_SHAPE('Placement','Placement of an item',
  #1227);
#1227 = NEXT_ASSEMBLY_USAGE_OCCURRENCE('141885','BALL_0002','',#5,#1174,
  $);
#1228 = PRODUCT_RELATED_PRODUCT_CATEGORY('part',$,(#1176));
#1229 = SHAPE_DEFINITION_REPRESENTATION(#1230,#1236);
#1230 = PRODUCT_DEFINITION_SHAPE('','',#1231);
#1231 = PRODUCT_DEFINITION('design','',#1232,#1235);
#1232 = PRODUCT_DEFINITION_FORMATION('','',#1233);
#1233 = PRODUCT('BALL_0003','BALL_0003','',(#1234));
#1234 = PRODUCT_CONTEXT('',#2,'mechanical');
#1235 = PRODUCT_DEFINITION_CONTEXT('part definition',#2,'design');
#1236 = ADVANCED_BREP_SHAPE_REPRESENTATION('',(#11,#1237),#1275);
#1237 = MANIFOLD_SOLID_BREP('',#1238);
#1238 = CLOSED_SHELL('',(#1239,#1266));
#1239 = ADVANCED_FACE('',(#1240),#1261,.T.);
#1240 = FACE_BOUND('',#1241,.T.);
#1241 = EDGE_LOOP('',(#1242,#1251,#1260));
#1242 = ORIENTED_EDGE('',*,*,#1243,.T.);
#1243 = EDGE_CURVE('',#1244,#1244,#1246,.T.);
#1244 = VERTEX_POINT('',#1245);
#1245 = CARTESIAN_POINT('',(-3.6,0.243199999999,-6.053399999999));
#1246 = CIRCLE('',#1247,0.121600000001);
#1247 = AXIS2_PLACEMENT_3D('',#1248,#1249,#1250);
#1248 = CARTESIAN_POINT('',(-3.6,0.243199999999,-6.175));
#1249 = DIRECTION('',(-5.551115123126E-17,-1.,0.));
#1250 = DIRECTION('',(6.108492277512E-29,-3.390894386119E-45,1.));
#1251 = ORIENTED_EDGE('',*,*,#1252,.T.);
#1252 = EDGE_CURVE('',#1244,#1253,#1255,.T.);
#1253 = VERTEX_POINT('',#1254);
#1254 = CARTESIAN_POINT('',(-3.6,1.334880397544E-13,-6.175));
#1255 = CIRCLE('',#1256,0.152);
#1256 = AXIS2_PLACEMENT_3D('',#1257,#1258,#1259);
#1257 = CARTESIAN_POINT('',(-3.6,0.152,-6.175));
#1258 = DIRECTION('',(1.,-1.110223024625E-16,-5.551115123126E-17));
#1259 = DIRECTION('',(1.110223024625E-16,1.,5.551115123126E-17));
#1260 = ORIENTED_EDGE('',*,*,#1252,.F.);
#1261 = SPHERICAL_SURFACE('',#1262,0.152);
#1262 = AXIS2_PLACEMENT_3D('',#1263,#1264,#1265);
#1263 = CARTESIAN_POINT('',(-3.6,0.152,-6.175));
#1264 = DIRECTION('',(-5.551115123126E-17,-1.,-0.));
#1265 = DIRECTION('',(5.463066675185E-29,-3.032611203926E-45,1.));
#1266 = ADVANCED_FACE('',(#1267),#1270,.F.);
#1267 = FACE_BOUND('',#1268,.F.);
#1268 = EDGE_LOOP('',(#1269));
#1269 = ORIENTED_EDGE('',*,*,#1243,.T.);
#1270 = PLANE('',#1271);
#1271 = AXIS2_PLACEMENT_3D('',#1272,#1273,#1274);
#1272 = CARTESIAN_POINT('',(-3.6,0.2432,-6.175));
#1273 = DIRECTION('',(-5.551115123126E-17,-1.,-0.));
#1274 = DIRECTION('',(6.10849227756E-29,-3.390894386146E-45,1.));
#1275 = ( GEOMETRIC_REPRESENTATION_CONTEXT(3) 
GLOBAL_UNCERTAINTY_ASSIGNED_CONTEXT((#1279)) 
GLOBAL_UNIT_ASSIGNED_CONTEXT((#1276,#1277,#1278)) REPRESENTATION_CONTEXT
('Context #1','3D Context with UNIT and UNCERTAINTY') );
#1276 = ( LENGTH_UNIT() NAMED_UNIT(*) SI_UNIT(.MILLI.,.METRE.) );
#1277 = ( NAMED_UNIT(*) PLANE_ANGLE_UNIT() SI_UNIT($,.RADIAN.) );
#1278 = ( NAMED_UNIT(*) SI_UNIT($,.STERADIAN.) SOLID_ANGLE_UNIT() );
#1279 = UNCERTAINTY_MEASURE_WITH_UNIT(LENGTH_MEASURE(1.E-07),#1276,
  'distance_accuracy_value','confusion accuracy');
#1280 = CONTEXT_DEPENDENT_SHAPE_REPRESENTATION(#1281,#1283);
#1281 = ( REPRESENTATION_RELATIONSHIP('','',#1236,#10) 
REPRESENTATION_RELATIONSHIP_WITH_TRANSFORMATION(#1282) 
SHAPE_REPRESENTATION_RELATIONSHIP() );
#1282 = ITEM_DEFINED_TRANSFORMATION('','',#11,#31);
#1283 = PRODUCT_DEFINITION_SHAPE('Placement','Placement of an item',
  #1284);
#1284 = NEXT_ASSEMBLY_USAGE_OCCURRENCE('141886','BALL_0003','',#5,#1231,
  $);
#1285 = PRODUCT_RELATED_PRODUCT_CATEGORY('part',$,(#1233));
#1286 = SHAPE_DEFINITION_REPRESENTATION(#1287,#1293);
#1287 = PRODUCT_DEFINITION_SHAPE('','',#1288);
#1288 = PRODUCT_DEFINITION('design','',#1289,#1292);
#1289 = PRODUCT_DEFINITION_FORMATION('','',#1290);
#1290 = PRODUCT('BALL_0004','BALL_0004','',(#1291));
#1291 = PRODUCT_CONTEXT('',#2,'mechanical');
#1292 = PRODUCT_DEFINITION_CONTEXT('part definition',#2,'design');
#1293 = ADVANCED_BREP_SHAPE_REPRESENTATION('',(#11,#1294),#1332);
#1294 = MANIFOLD_SOLID_BREP('',#1295);
#1295 = CLOSED_SHELL('',(#1296,#1323));
#1296 = ADVANCED_FACE('',(#1297),#1318,.T.);
#1297 = FACE_BOUND('',#1298,.T.);
#1298 = EDGE_LOOP('',(#1299,#1308,#1317));
#1299 = ORIENTED_EDGE('',*,*,#1300,.T.);
#1300 = EDGE_CURVE('',#1301,#1301,#1303,.T.);
#1301 = VERTEX_POINT('',#1302);
#1302 = CARTESIAN_POINT('',(-3.6,0.243199999999,-6.053399999999));
#1303 = CIRCLE('',#1304,0.121600000001);
#1304 = AXIS2_PLACEMENT_3D('',#1305,#1306,#1307);
#1305 = CARTESIAN_POINT('',(-3.6,0.243199999999,-6.175));
#1306 = DIRECTION('',(-5.551115123126E-17,-1.,0.));
#1307 = DIRECTION('',(6.108492277512E-29,-3.390894386119E-45,1.));
#1308 = ORIENTED_EDGE('',*,*,#1309,.T.);
#1309 = EDGE_CURVE('',#1301,#1310,#1312,.T.);
#1310 = VERTEX_POINT('',#1311);
#1311 = CARTESIAN_POINT('',(-3.6,1.334880397544E-13,-6.175));
#1312 = CIRCLE('',#1313,0.152);
#1313 = AXIS2_PLACEMENT_3D('',#1314,#1315,#1316);
#1314 = CARTESIAN_POINT('',(-3.6,0.152,-6.175));
#1315 = DIRECTION('',(1.,-1.110223024625E-16,-5.551115123126E-17));
#1316 = DIRECTION('',(1.110223024625E-16,1.,5.551115123126E-17));
#1317 = ORIENTED_EDGE('',*,*,#1309,.F.);
#1318 = SPHERICAL_SURFACE('',#1319,0.152);
#1319 = AXIS2_PLACEMENT_3D('',#1320,#1321,#1322);
#1320 = CARTESIAN_POINT('',(-3.6,0.152,-6.175));
#1321 = DIRECTION('',(-5.551115123126E-17,-1.,-0.));
#1322 = DIRECTION('',(5.463066675185E-29,-3.032611203926E-45,1.));
#1323 = ADVANCED_FACE('',(#1324),#1327,.F.);
#1324 = FACE_BOUND('',#1325,.F.);
#1325 = EDGE_LOOP('',(#1326));
#1326 = ORIENTED_EDGE('',*,*,#1300,.T.);
#1327 = PLANE('',#1328);
#1328 = AXIS2_PLACEMENT_3D('',#1329,#1330,#1331);
#1329 = CARTESIAN_POINT('',(-3.6,0.2432,-6.175));
#1330 = DIRECTION('',(-5.551115123126E-17,-1.,-0.));
#1331 = DIRECTION('',(6.10849227756E-29,-3.390894386146E-45,1.));
#1332 = ( GEOMETRIC_REPRESENTATION_CONTEXT(3) 
GLOBAL_UNCERTAINTY_ASSIGNED_CONTEXT((#1336)) 
GLOBAL_UNIT_ASSIGNED_CONTEXT((#1333,#1334,#1335)) REPRESENTATION_CONTEXT
('Context #1','3D Context with UNIT and UNCERTAINTY') );
#1333 = ( LENGTH_UNIT() NAMED_UNIT(*) SI_UNIT(.MILLI.,.METRE.) );
#1334 = ( NAMED_UNIT(*) PLANE_ANGLE_UNIT() SI_UNIT($,.RADIAN.) );
#1335 = ( NAMED_UNIT(*) SI_UNIT($,.STERADIAN.) SOLID_ANGLE_UNIT() );
#1336 = UNCERTAINTY_MEASURE_WITH_UNIT(LENGTH_MEASURE(1.E-07),#1333,
  'distance_accuracy_value','confusion accuracy');
#1337 = CONTEXT_DEPENDENT_SHAPE_REPRESENTATION(#1338,#1340);
#1338 = ( REPRESENTATION_RELATIONSHIP('','',#1293,#10) 
REPRESENTATION_RELATIONSHIP_WITH_TRANSFORMATION(#1339) 
SHAPE_REPRESENTATION_RELATIONSHIP() );
#1339 = ITEM_DEFINED_TRANSFORMATION('','',#11,#35);
#1340 = PRODUCT_DEFINITION_SHAPE('Placement','Placement of an item',
  #1341);
#1341 = NEXT_ASSEMBLY_USAGE_OCCURRENCE('141887','BALL_0004','',#5,#1288,
  $);
#1342 = PRODUCT_RELATED_PRODUCT_CATEGORY('part',$,(#1290));
#1343 = SHAPE_DEFINITION_REPRESENTATION(#1344,#1350);
#1344 = PRODUCT_DEFINITION_SHAPE('','',#1345);
#1345 = PRODUCT_DEFINITION('design','',#1346,#1349);
#1346 = PRODUCT_DEFINITION_FORMATION('','',#1347);
#1347 = PRODUCT('BALL_0005','BALL_0005','',(#1348));
#1348 = PRODUCT_CONTEXT('',#2,'mechanical');
#1349 = PRODUCT_DEFINITION_CONTEXT('part definition',#2,'design');
#1350 = ADVANCED_BREP_SHAPE_REPRESENTATION('',(#11,#1351),#1389);
#1351 = MANIFOLD_SOLID_BREP('',#1352);
#1352 = CLOSED_SHELL('',(#1353,#1380));
#1353 = ADVANCED_FACE('',(#1354),#1375,.T.);
#1354 = FACE_BOUND('',#1355,.T.);
#1355 = EDGE_LOOP('',(#1356,#1365,#1374));
#1356 = ORIENTED_EDGE('',*,*,#1357,.T.);
#1357 = EDGE_CURVE('',#1358,#1358,#1360,.T.);
#1358 = VERTEX_POINT('',#1359);
#1359 = CARTESIAN_POINT('',(-3.6,0.243199999999,-6.053399999999));
#1360 = CIRCLE('',#1361,0.121600000001);
#1361 = AXIS2_PLACEMENT_3D('',#1362,#1363,#1364);
#1362 = CARTESIAN_POINT('',(-3.6,0.243199999999,-6.175));
#1363 = DIRECTION('',(-5.551115123126E-17,-1.,0.));
#1364 = DIRECTION('',(6.108492277512E-29,-3.390894386119E-45,1.));
#1365 = ORIENTED_EDGE('',*,*,#1366,.T.);
#1366 = EDGE_CURVE('',#1358,#1367,#1369,.T.);
#1367 = VERTEX_POINT('',#1368);
#1368 = CARTESIAN_POINT('',(-3.6,1.334880397544E-13,-6.175));
#1369 = CIRCLE('',#1370,0.152);
#1370 = AXIS2_PLACEMENT_3D('',#1371,#1372,#1373);
#1371 = CARTESIAN_POINT('',(-3.6,0.152,-6.175));
#1372 = DIRECTION('',(1.,-1.110223024625E-16,-5.551115123126E-17));
#1373 = DIRECTION('',(1.110223024625E-16,1.,5.551115123126E-17));
#1374 = ORIENTED_EDGE('',*,*,#1366,.F.);
#1375 = SPHERICAL_SURFACE('',#1376,0.152);
#1376 = AXIS2_PLACEMENT_3D('',#1377,#1378,#1379);
#1377 = CARTESIAN_POINT('',(-3.6,0.152,-6.175));
#1378 = DIRECTION('',(-5.551115123126E-17,-1.,-0.));
#1379 = DIRECTION('',(5.463066675185E-29,-3.032611203926E-45,1.));
#1380 = ADVANCED_FACE('',(#1381),#1384,.F.);
#1381 = FACE_BOUND('',#1382,.F.);
#1382 = EDGE_LOOP('',(#1383));
#1383 = ORIENTED_EDGE('',*,*,#1357,.T.);
#1384 = PLANE('',#1385);
#1385 = AXIS2_PLACEMENT_3D('',#1386,#1387,#1388);
#1386 = CARTESIAN_POINT('',(-3.6,0.2432,-6.175));
#1387 = DIRECTION('',(-5.551115123126E-17,-1.,-0.));
#1388 = DIRECTION('',(6.10849227756E-29,-3.390894386146E-45,1.));
#1389 = ( GEOMETRIC_REPRESENTATION_CONTEXT(3) 
GLOBAL_UNCERTAINTY_ASSIGNED_CONTEXT((#1393)) 
GLOBAL_UNIT_ASSIGNED_CONTEXT((#1390,#1391,#1392)) REPRESENTATION_CONTEXT
('Context #1','3D Context with UNIT and UNCERTAINTY') );
#1390 = ( LENGTH_UNIT() NAMED_UNIT(*) SI_UNIT(.MILLI.,.METRE.) );
#1391 = ( NAMED_UNIT(*) PLANE_ANGLE_UNIT() SI_UNIT($,.RADIAN.) );
#1392 = ( NAMED_UNIT(*) SI_UNIT($,.STERADIAN.) SOLID_ANGLE_UNIT() );
#1393 = UNCERTAINTY_MEASURE_WITH_UNIT(LENGTH_MEASURE(1.E-07),#1390,
  'distance_accuracy_value','confusion accuracy');
#1394 = CONTEXT_DEPENDENT_SHAPE_REPRESENTATION(#1395,#1397);
#1395 = ( REPRESENTATION_RELATIONSHIP('','',#1350,#10) 
REPRESENTATION_RELATIONSHIP_WITH_TRANSFORMATION(#1396) 
SHAPE_REPRESENTATION_RELATIONSHIP() );
#1396 = ITEM_DEFINED_TRANSFORMATION('','',#11,#39);
#1397 = PRODUCT_DEFINITION_SHAPE('Placement','Placement of an item',
  #1398);
#1398 = NEXT_ASSEMBLY_USAGE_OCCURRENCE('141888','BALL_0005','',#5,#1345,
  $);
#1399 = PRODUCT_RELATED_PRODUCT_CATEGORY('part',$,(#1347));
#1400 = SHAPE_DEFINITION_REPRESENTATION(#1401,#1407);
#1401 = PRODUCT_DEFINITION_SHAPE('','',#1402);
#1402 = PRODUCT_DEFINITION('design','',#1403,#1406);
#1403 = PRODUCT_DEFINITION_FORMATION('','',#1404);
#1404 = PRODUCT('BALL_0006','BALL_0006','',(#1405));
#1405 = PRODUCT_CONTEXT('',#2,'mechanical');
#1406 = PRODUCT_DEFINITION_CONTEXT('part definition',#2,'design');
#1407 = ADVANCED_BREP_SHAPE_REPRESENTATION('',(#11,#1408),#1446);
#1408 = MANIFOLD_SOLID_BREP('',#1409);
#1409 = CLOSED_SHELL('',(#1410,#1437));
#1410 = ADVANCED_FACE('',(#1411),#1432,.T.);
#1411 = FACE_BOUND('',#1412,.T.);
#1412 = EDGE_LOOP('',(#1413,#1422,#1431));
#1413 = ORIENTED_EDGE('',*,*,#1414,.T.);
#1414 = EDGE_CURVE('',#1415,#1415,#1417,.T.);
#1415 = VERTEX_POINT('',#1416);
#1416 = CARTESIAN_POINT('',(-3.6,0.243199999999,-6.053399999999));
#1417 = CIRCLE('',#1418,0.121600000001);
#1418 = AXIS2_PLACEMENT_3D('',#1419,#1420,#1421);
#1419 = CARTESIAN_POINT('',(-3.6,0.243199999999,-6.175));
#1420 = DIRECTION('',(-5.551115123126E-17,-1.,0.));
#1421 = DIRECTION('',(6.108492277512E-29,-3.390894386119E-45,1.));
#1422 = ORIENTED_EDGE('',*,*,#1423,.T.);
#1423 = EDGE_CURVE('',#1415,#1424,#1426,.T.);
#1424 = VERTEX_POINT('',#1425);
#1425 = CARTESIAN_POINT('',(-3.6,1.334880397544E-13,-6.175));
#1426 = CIRCLE('',#1427,0.152);
#1427 = AXIS2_PLACEMENT_3D('',#1428,#1429,#1430);
#1428 = CARTESIAN_POINT('',(-3.6,0.152,-6.175));
#1429 = DIRECTION('',(1.,-1.110223024625E-16,-5.551115123126E-17));
#1430 = DIRECTION('',(1.110223024625E-16,1.,5.551115123126E-17));
#1431 = ORIENTED_EDGE('',*,*,#1423,.F.);
#1432 = SPHERICAL_SURFACE('',#1433,0.152);
#1433 = AXIS2_PLACEMENT_3D('',#1434,#1435,#1436);
#1434 = CARTESIAN_POINT('',(-3.6,0.152,-6.175));
#1435 = DIRECTION('',(-5.551115123126E-17,-1.,-0.));
#1436 = DIRECTION('',(5.463066675185E-29,-3.032611203926E-45,1.));
#1437 = ADVANCED_FACE('',(#1438),#1441,.F.);
#1438 = FACE_BOUND('',#1439,.F.);
#1439 = EDGE_LOOP('',(#1440));
#1440 = ORIENTED_EDGE('',*,*,#1414,.T.);
#1441 = PLANE('',#1442);
#1442 = AXIS2_PLACEMENT_3D('',#1443,#1444,#1445);
#1443 = CARTESIAN_POINT('',(-3.6,0.2432,-6.175));
#1444 = DIRECTION('',(-5.551115123126E-17,-1.,-0.));
#1445 = DIRECTION('',(6.10849227756E-29,-3.390894386146E-45,1.));
#1446 = ( GEOMETRIC_REPRESENTATION_CONTEXT(3) 
GLOBAL_UNCERTAINTY_ASSIGNED_CONTEXT((#1450)) 
GLOBAL_UNIT_ASSIGNED_CONTEXT((#1447,#1448,#1449)) REPRESENTATION_CONTEXT
('Context #1','3D Context with UNIT and UNCERTAINTY') );
#1447 = ( LENGTH_UNIT() NAMED_UNIT(*) SI_UNIT(.MILLI.,.METRE.) );
#1448 = ( NAMED_UNIT(*) PLANE_ANGLE_UNIT() SI_UNIT($,.RADIAN.) );
#1449 = ( NAMED_UNIT(*) SI_UNIT($,.STERADIAN.) SOLID_ANGLE_UNIT() );
#1450 = UNCERTAINTY_MEASURE_WITH_UNIT(LENGTH_MEASURE(1.E-07),#1447,
  'distance_accuracy_value','confusion accuracy');
#1451 = CONTEXT_DEPENDENT_SHAPE_REPRESENTATION(#1452,#1454);
#1452 = ( REPRESENTATION_RELATIONSHIP('','',#1407,#10) 
REPRESENTATION_RELATIONSHIP_WITH_TRANSFORMATION(#1453) 
SHAPE_REPRESENTATION_RELATIONSHIP() );
#1453 = ITEM_DEFINED_TRANSFORMATION('','',#11,#43);
#1454 = PRODUCT_DEFINITION_SHAPE('Placement','Placement of an item',
  #1455);
#1455 = NEXT_ASSEMBLY_USAGE_OCCURRENCE('141889','BALL_0006','',#5,#1402,
  $);
#1456 = PRODUCT_RELATED_PRODUCT_CATEGORY('part',$,(#1404));
#1457 = SHAPE_DEFINITION_REPRESENTATION(#1458,#1464);
#1458 = PRODUCT_DEFINITION_SHAPE('','',#1459);
#1459 = PRODUCT_DEFINITION('design','',#1460,#1463);
#1460 = PRODUCT_DEFINITION_FORMATION('','',#1461);
#1461 = PRODUCT('BALL_0007','BALL_0007','',(#1462));
#1462 = PRODUCT_CONTEXT('',#2,'mechanical');
#1463 = PRODUCT_DEFINITION_CONTEXT('part definition',#2,'design');
#1464 = ADVANCED_BREP_SHAPE_REPRESENTATION('',(#11,#1465),#1503);
#1465 = MANIFOLD_SOLID_BREP('',#1466);
#1466 = CLOSED_SHELL('',(#1467,#1494));
#1467 = ADVANCED_FACE('',(#1468),#1489,.T.);
#1468 = FACE_BOUND('',#1469,.T.);
#1469 = EDGE_LOOP('',(#1470,#1479,#1488));
#1470 = ORIENTED_EDGE('',*,*,#1471,.T.);
#1471 = EDGE_CURVE('',#1472,#1472,#1474,.T.);
#1472 = VERTEX_POINT('',#1473);
#1473 = CARTESIAN_POINT('',(-3.6,0.243199999999,-6.053399999999));
#1474 = CIRCLE('',#1475,0.121600000001);
#1475 = AXIS2_PLACEMENT_3D('',#1476,#1477,#1478);
#1476 = CARTESIAN_POINT('',(-3.6,0.243199999999,-6.175));
#1477 = DIRECTION('',(-5.551115123126E-17,-1.,0.));
#1478 = DIRECTION('',(6.108492277512E-29,-3.390894386119E-45,1.));
#1479 = ORIENTED_EDGE('',*,*,#1480,.T.);
#1480 = EDGE_CURVE('',#1472,#1481,#1483,.T.);
#1481 = VERTEX_POINT('',#1482);
#1482 = CARTESIAN_POINT('',(-3.6,1.334880397544E-13,-6.175));
#1483 = CIRCLE('',#1484,0.152);
#1484 = AXIS2_PLACEMENT_3D('',#1485,#1486,#1487);
#1485 = CARTESIAN_POINT('',(-3.6,0.152,-6.175));
#1486 = DIRECTION('',(1.,-1.110223024625E-16,-5.551115123126E-17));
#1487 = DIRECTION('',(1.110223024625E-16,1.,5.551115123126E-17));
#1488 = ORIENTED_EDGE('',*,*,#1480,.F.);
#1489 = SPHERICAL_SURFACE('',#1490,0.152);
#1490 = AXIS2_PLACEMENT_3D('',#1491,#1492,#1493);
#1491 = CARTESIAN_POINT('',(-3.6,0.152,-6.175));
#1492 = DIRECTION('',(-5.551115123126E-17,-1.,-0.));
#1493 = DIRECTION('',(5.463066675185E-29,-3.032611203926E-45,1.));
#1494 = ADVANCED_FACE('',(#1495),#1498,.F.);
#1495 = FACE_BOUND('',#1496,.F.);
#1496 = EDGE_LOOP('',(#1497));
#1497 = ORIENTED_EDGE('',*,*,#1471,.T.);
#1498 = PLANE('',#1499);
#1499 = AXIS2_PLACEMENT_3D('',#1500,#1501,#1502);
#1500 = CARTESIAN_POINT('',(-3.6,0.2432,-6.175));
#1501 = DIRECTION('',(-5.551115123126E-17,-1.,-0.));
#1502 = DIRECTION('',(6.10849227756E-29,-3.390894386146E-45,1.));
#1503 = ( GEOMETRIC_REPRESENTATION_CONTEXT(3) 
GLOBAL_UNCERTAINTY_ASSIGNED_CONTEXT((#1507)) 
GLOBAL_UNIT_ASSIGNED_CONTEXT((#1504,#1505,#1506)) REPRESENTATION_CONTEXT
('Context #1','3D Context with UNIT and UNCERTAINTY') );
#1504 = ( LENGTH_UNIT() NAMED_UNIT(*) SI_UNIT(.MILLI.,.METRE.) );
#1505 = ( NAMED_UNIT(*) PLANE_ANGLE_UNIT() SI_UNIT($,.RADIAN.) );
#1506 = ( NAMED_UNIT(*) SI_UNIT($,.STERADIAN.) SOLID_ANGLE_UNIT() );
#1507 = UNCERTAINTY_MEASURE_WITH_UNIT(LENGTH_MEASURE(1.E-07),#1504,
  'distance_accuracy_value','confusion accuracy');
#1508 = CONTEXT_DEPENDENT_SHAPE_REPRESENTATION(#1509,#1511);
#1509 = ( REPRESENTATION_RELATIONSHIP('','',#1464,#10) 
REPRESENTATION_RELATIONSHIP_WITH_TRANSFORMATION(#1510) 
SHAPE_REPRESENTATION_RELATIONSHIP() );
#1510 = ITEM_DEFINED_TRANSFORMATION('','',#11,#47);
#1511 = PRODUCT_DEFINITION_SHAPE('Placement','Placement of an item',
  #1512);
#1512 = NEXT_ASSEMBLY_USAGE_OCCURRENCE('141890','BALL_0007','',#5,#1459,
  $);
#1513 = PRODUCT_RELATED_PRODUCT_CATEGORY('part',$,(#1461));
#1514 = SHAPE_DEFINITION_REPRESENTATION(#1515,#1521);
#1515 = PRODUCT_DEFINITION_SHAPE('','',#1516);
#1516 = PRODUCT_DEFINITION('design','',#1517,#1520);
#1517 = PRODUCT_DEFINITION_FORMATION('','',#1518);
#1518 = PRODUCT('BALL_0008','BALL_0008','',(#1519));
#1519 = PRODUCT_CONTEXT('',#2,'mechanical');
#1520 = PRODUCT_DEFINITION_CONTEXT('part definition',#2,'design');
#1521 = ADVANCED_BREP_SHAPE_REPRESENTATION('',(#11,#1522),#1560);
#1522 = MANIFOLD_SOLID_BREP('',#1523);
#1523 = CLOSED_SHELL('',(#1524,#1551));
#1524 = ADVANCED_FACE('',(#1525),#1546,.T.);
#1525 = FACE_BOUND('',#1526,.T.);
#1526 = EDGE_LOOP('',(#1527,#1536,#1545));
#1527 = ORIENTED_EDGE('',*,*,#1528,.T.);
#1528 = EDGE_CURVE('',#1529,#1529,#1531,.T.);
#1529 = VERTEX_POINT('',#1530);
#1530 = CARTESIAN_POINT('',(-3.6,0.243199999999,-6.053399999999));
#1531 = CIRCLE('',#1532,0.121600000001);
#1532 = AXIS2_PLACEMENT_3D('',#1533,#1534,#1535);
#1533 = CARTESIAN_POINT('',(-3.6,0.243199999999,-6.175));
#1534 = DIRECTION('',(-5.551115123126E-17,-1.,0.));
#1535 = DIRECTION('',(6.108492277512E-29,-3.390894386119E-45,1.));
#1536 = ORIENTED_EDGE('',*,*,#1537,.T.);
#1537 = EDGE_CURVE('',#1529,#1538,#1540,.T.);
#1538 = VERTEX_POINT('',#1539);
#1539 = CARTESIAN_POINT('',(-3.6,1.334880397544E-13,-6.175));
#1540 = CIRCLE('',#1541,0.152);
#1541 = AXIS2_PLACEMENT_3D('',#1542,#1543,#1544);
#1542 = CARTESIAN_POINT('',(-3.6,0.152,-6.175));
#1543 = DIRECTION('',(1.,-1.110223024625E-16,-5.551115123126E-17));
#1544 = DIRECTION('',(1.110223024625E-16,1.,5.551115123126E-17));
#1545 = ORIENTED_EDGE('',*,*,#1537,.F.);
#1546 = SPHERICAL_SURFACE('',#1547,0.152);
#1547 = AXIS2_PLACEMENT_3D('',#1548,#1549,#1550);
#1548 = CARTESIAN_POINT('',(-3.6,0.152,-6.175));
#1549 = DIRECTION('',(-5.551115123126E-17,-1.,-0.));
#1550 = DIRECTION('',(5.463066675185E-29,-3.032611203926E-45,1.));
#1551 = ADVANCED_FACE('',(#1552),#1555,.F.);
#1552 = FACE_BOUND('',#1553,.F.);
#1553 = EDGE_LOOP('',(#1554));
#1554 = ORIENTED_EDGE('',*,*,#1528,.T.);
#1555 = PLANE('',#1556);
#1556 = AXIS2_PLACEMENT_3D('',#1557,#1558,#1559);
#1557 = CARTESIAN_POINT('',(-3.6,0.2432,-6.175));
#1558 = DIRECTION('',(-5.551115123126E-17,-1.,-0.));
#1559 = DIRECTION('',(6.10849227756E-29,-3.390894386146E-45,1.));
#1560 = ( GEOMETRIC_REPRESENTATION_CONTEXT(3) 
GLOBAL_UNCERTAINTY_ASSIGNED_CONTEXT((#1564)) 
GLOBAL_UNIT_ASSIGNED_CONTEXT((#1561,#1562,#1563)) REPRESENTATION_CONTEXT
('Context #1','3D Context with UNIT and UNCERTAINTY') );
#1561 = ( LENGTH_UNIT() NAMED_UNIT(*) SI_UNIT(.MILLI.,.METRE.) );
#1562 = ( NAMED_UNIT(*) PLANE_ANGLE_UNIT() SI_UNIT($,.RADIAN.) );
#1563 = ( NAMED_UNIT(*) SI_UNIT($,.STERADIAN.) SOLID_ANGLE_UNIT() );
#1564 = UNCERTAINTY_MEASURE_WITH_UNIT(LENGTH_MEASURE(1.E-07),#1561,
  'distance_accuracy_value','confusion accuracy');
#1565 = CONTEXT_DEPENDENT_SHAPE_REPRESENTATION(#1566,#1568);
#1566 = ( REPRESENTATION_RELATIONSHIP('','',#1521,#10) 
REPRESENTATION_RELATIONSHIP_WITH_TRANSFORMATION(#1567) 
SHAPE_REPRESENTATION_RELATIONSHIP() );
#1567 = ITEM_DEFINED_TRANSFORMATION('','',#11,#51);
#1568 = PRODUCT_DEFINITION_SHAPE('Placement','Placement of an item',
  #1569);
#1569 = NEXT_ASSEMBLY_USAGE_OCCURRENCE('141891','BALL_0008','',#5,#1516,
  $);
#1570 = PRODUCT_RELATED_PRODUCT_CATEGORY('part',$,(#1518));
#1571 = SHAPE_DEFINITION_REPRESENTATION(#1572,#1578);
#1572 = PRODUCT_DEFINITION_SHAPE('','',#1573);
#1573 = PRODUCT_DEFINITION('design','',#1574,#1577);
#1574 = PRODUCT_DEFINITION_FORMATION('','',#1575);
#1575 = PRODUCT('BALL_0009','BALL_0009','',(#1576));
#1576 = PRODUCT_CONTEXT('',#2,'mechanical');
#1577 = PRODUCT_DEFINITION_CONTEXT('part definition',#2,'design');
#1578 = ADVANCED_BREP_SHAPE_REPRESENTATION('',(#11,#1579),#1617);
#1579 = MANIFOLD_SOLID_BREP('',#1580);
#1580 = CLOSED_SHELL('',(#1581,#1608));
#1581 = ADVANCED_FACE('',(#1582),#1603,.T.);
#1582 = FACE_BOUND('',#1583,.T.);
#1583 = EDGE_LOOP('',(#1584,#1593,#1602));
#1584 = ORIENTED_EDGE('',*,*,#1585,.T.);
#1585 = EDGE_CURVE('',#1586,#1586,#1588,.T.);
#1586 = VERTEX_POINT('',#1587);
#1587 = CARTESIAN_POINT('',(-3.6,0.243199999999,-6.053399999999));
#1588 = CIRCLE('',#1589,0.121600000001);
#1589 = AXIS2_PLACEMENT_3D('',#1590,#1591,#1592);
#1590 = CARTESIAN_POINT('',(-3.6,0.243199999999,-6.175));
#1591 = DIRECTION('',(-5.551115123126E-17,-1.,0.));
#1592 = DIRECTION('',(6.108492277512E-29,-3.390894386119E-45,1.));
#1593 = ORIENTED_EDGE('',*,*,#1594,.T.);
#1594 = EDGE_CURVE('',#1586,#1595,#1597,.T.);
#1595 = VERTEX_POINT('',#1596);
#1596 = CARTESIAN_POINT('',(-3.6,1.334880397544E-13,-6.175));
#1597 = CIRCLE('',#1598,0.152);
#1598 = AXIS2_PLACEMENT_3D('',#1599,#1600,#1601);
#1599 = CARTESIAN_POINT('',(-3.6,0.152,-6.175));
#1600 = DIRECTION('',(1.,-1.110223024625E-16,-5.551115123126E-17));
#1601 = DIRECTION('',(1.110223024625E-16,1.,5.551115123126E-17));
#1602 = ORIENTED_EDGE('',*,*,#1594,.F.);
#1603 = SPHERICAL_SURFACE('',#1604,0.152);
#1604 = AXIS2_PLACEMENT_3D('',#1605,#1606,#1607);
#1605 = CARTESIAN_POINT('',(-3.6,0.152,-6.175));
#1606 = DIRECTION('',(-5.551115123126E-17,-1.,-0.));
#1607 = DIRECTION('',(5.463066675185E-29,-3.032611203926E-45,1.));
#1608 = ADVANCED_FACE('',(#1609),#1612,.F.);
#1609 = FACE_BOUND('',#1610,.F.);
#1610 = EDGE_LOOP('',(#1611));
#1611 = ORIENTED_EDGE('',*,*,#1585,.T.);
#1612 = PLANE('',#1613);
#1613 = AXIS2_PLACEMENT_3D('',#1614,#1615,#1616);
#1614 = CARTESIAN_POINT('',(-3.6,0.2432,-6.175));
#1615 = DIRECTION('',(-5.551115123126E-17,-1.,-0.));
#1616 = DIRECTION('',(6.10849227756E-29,-3.390894386146E-45,1.));
#1617 = ( GEOMETRIC_REPRESENTATION_CONTEXT(3) 
GLOBAL_UNCERTAINTY_ASSIGNED_CONTEXT((#1621)) 
GLOBAL_UNIT_ASSIGNED_CONTEXT((#1618,#1619,#1620)) REPRESENTATION_CONTEXT
('Context #1','3D Context with UNIT and UNCERTAINTY') );
#1618 = ( LENGTH_UNIT() NAMED_UNIT(*) SI_UNIT(.MILLI.,.METRE.) );
#1619 = ( NAMED_UNIT(*) PLANE_ANGLE_UNIT() SI_UNIT($,.RADIAN.) );
#1620 = ( NAMED_UNIT(*) SI_UNIT($,.STERADIAN.) SOLID_ANGLE_UNIT() );
#1621 = UNCERTAINTY_MEASURE_WITH_UNIT(LENGTH_MEASURE(1.E-07),#1618,
  'distance_accuracy_value','confusion accuracy');
#1622 = CONTEXT_DEPENDENT_SHAPE_REPRESENTATION(#1623,#1625);
#1623 = ( REPRESENTATION_RELATIONSHIP('','',#1578,#10) 
REPRESENTATION_RELATIONSHIP_WITH_TRANSFORMATION(#1624) 
SHAPE_REPRESENTATION_RELATIONSHIP() );
#1624 = ITEM_DEFINED_TRANSFORMATION('','',#11,#55);
#1625 = PRODUCT_DEFINITION_SHAPE('Placement','Placement of an item',
  #1626);
#1626 = NEXT_ASSEMBLY_USAGE_OCCURRENCE('141892','BALL_0009','',#5,#1573,
  $);
#1627 = PRODUCT_RELATED_PRODUCT_CATEGORY('part',$,(#1575));
#1628 = SHAPE_DEFINITION_REPRESENTATION(#1629,#1635);
#1629 = PRODUCT_DEFINITION_SHAPE('','',#1630);
#1630 = PRODUCT_DEFINITION('design','',#1631,#1634);
#1631 = PRODUCT_DEFINITION_FORMATION('','',#1632);
#1632 = PRODUCT('BALL_0010','BALL_0010','',(#1633));
#1633 = PRODUCT_CONTEXT('',#2,'mechanical');
#1634 = PRODUCT_DEFINITION_CONTEXT('part definition',#2,'design');
#1635 = ADVANCED_BREP_SHAPE_REPRESENTATION('',(#11,#1636),#1674);
#1636 = MANIFOLD_SOLID_BREP('',#1637);
#1637 = CLOSED_SHELL('',(#1638,#1665));
#1638 = ADVANCED_FACE('',(#1639),#1660,.T.);
#1639 = FACE_BOUND('',#1640,.T.);
#1640 = EDGE_LOOP('',(#1641,#1650,#1659));
#1641 = ORIENTED_EDGE('',*,*,#1642,.T.);
#1642 = EDGE_CURVE('',#1643,#1643,#1645,.T.);
#1643 = VERTEX_POINT('',#1644);
#1644 = CARTESIAN_POINT('',(-3.6,0.243199999999,-6.053399999999));
#1645 = CIRCLE('',#1646,0.121600000001);
#1646 = AXIS2_PLACEMENT_3D('',#1647,#1648,#1649);
#1647 = CARTESIAN_POINT('',(-3.6,0.243199999999,-6.175));
#1648 = DIRECTION('',(-5.551115123126E-17,-1.,0.));
#1649 = DIRECTION('',(6.108492277512E-29,-3.390894386119E-45,1.));
#1650 = ORIENTED_EDGE('',*,*,#1651,.T.);
#1651 = EDGE_CURVE('',#1643,#1652,#1654,.T.);
#1652 = VERTEX_POINT('',#1653);
#1653 = CARTESIAN_POINT('',(-3.6,1.334880397544E-13,-6.175));
#1654 = CIRCLE('',#1655,0.152);
#1655 = AXIS2_PLACEMENT_3D('',#1656,#1657,#1658);
#1656 = CARTESIAN_POINT('',(-3.6,0.152,-6.175));
#1657 = DIRECTION('',(1.,-1.110223024625E-16,-5.551115123126E-17));
#1658 = DIRECTION('',(1.110223024625E-16,1.,5.551115123126E-17));
#1659 = ORIENTED_EDGE('',*,*,#1651,.F.);
#1660 = SPHERICAL_SURFACE('',#1661,0.152);
#1661 = AXIS2_PLACEMENT_3D('',#1662,#1663,#1664);
#1662 = CARTESIAN_POINT('',(-3.6,0.152,-6.175));
#1663 = DIRECTION('',(-5.551115123126E-17,-1.,-0.));
#1664 = DIRECTION('',(5.463066675185E-29,-3.032611203926E-45,1.));
#1665 = ADVANCED_FACE('',(#1666),#1669,.F.);
#1666 = FACE_BOUND('',#1667,.F.);
#1667 = EDGE_LOOP('',(#1668));
#1668 = ORIENTED_EDGE('',*,*,#1642,.T.);
#1669 = PLANE('',#1670);
#1670 = AXIS2_PLACEMENT_3D('',#1671,#1672,#1673);
#1671 = CARTESIAN_POINT('',(-3.6,0.2432,-6.175));
#1672 = DIRECTION('',(-5.551115123126E-17,-1.,-0.));
#1673 = DIRECTION('',(6.10849227756E-29,-3.390894386146E-45,1.));
#1674 = ( GEOMETRIC_REPRESENTATION_CONTEXT(3) 
GLOBAL_UNCERTAINTY_ASSIGNED_CONTEXT((#1678)) 
GLOBAL_UNIT_ASSIGNED_CONTEXT((#1675,#1676,#1677)) REPRESENTATION_CONTEXT
('Context #1','3D Context with UNIT and UNCERTAINTY') );
#1675 = ( LENGTH_UNIT() NAMED_UNIT(*) SI_UNIT(.MILLI.,.METRE.) );
#1676 = ( NAMED_UNIT(*) PLANE_ANGLE_UNIT() SI_UNIT($,.RADIAN.) );
#1677 = ( NAMED_UNIT(*) SI_UNIT($,.STERADIAN.) SOLID_ANGLE_UNIT() );
#1678 = UNCERTAINTY_MEASURE_WITH_UNIT(LENGTH_MEASURE(1.E-07),#1675,
  'distance_accuracy_value','confusion accuracy');
#1679 = CONTEXT_DEPENDENT_SHAPE_REPRESENTATION(#1680,#1682);
#1680 = ( REPRESENTATION_RELATIONSHIP('','',#1635,#10) 
REPRESENTATION_RELATIONSHIP_WITH_TRANSFORMATION(#1681) 
SHAPE_REPRESENTATION_RELATIONSHIP() );
#1681 = ITEM_DEFINED_TRANSFORMATION('','',#11,#59);
#1682 = PRODUCT_DEFINITION_SHAPE('Placement','Placement of an item',
  #1683);
#1683 = NEXT_ASSEMBLY_USAGE_OCCURRENCE('141893','BALL_0010','',#5,#1630,
  $);
#1684 = PRODUCT_RELATED_PRODUCT_CATEGORY('part',$,(#1632));
#1685 = SHAPE_DEFINITION_REPRESENTATION(#1686,#1692);
#1686 = PRODUCT_DEFINITION_SHAPE('','',#1687);
#1687 = PRODUCT_DEFINITION('design','',#1688,#1691);
#1688 = PRODUCT_DEFINITION_FORMATION('','',#1689);
#1689 = PRODUCT('BALL_0011','BALL_0011','',(#1690));
#1690 = PRODUCT_CONTEXT('',#2,'mechanical');
#1691 = PRODUCT_DEFINITION_CONTEXT('part definition',#2,'design');
#1692 = ADVANCED_BREP_SHAPE_REPRESENTATION('',(#11,#1693),#1731);
#1693 = MANIFOLD_SOLID_BREP('',#1694);
#1694 = CLOSED_SHELL('',(#1695,#1722));
#1695 = ADVANCED_FACE('',(#1696),#1717,.T.);
#1696 = FACE_BOUND('',#1697,.T.);
#1697 = EDGE_LOOP('',(#1698,#1707,#1716));
#1698 = ORIENTED_EDGE('',*,*,#1699,.T.);
#1699 = EDGE_CURVE('',#1700,#1700,#1702,.T.);
#1700 = VERTEX_POINT('',#1701);
#1701 = CARTESIAN_POINT('',(-3.6,0.243199999999,-6.053399999999));
#1702 = CIRCLE('',#1703,0.121600000001);
#1703 = AXIS2_PLACEMENT_3D('',#1704,#1705,#1706);
#1704 = CARTESIAN_POINT('',(-3.6,0.243199999999,-6.175));
#1705 = DIRECTION('',(-5.551115123126E-17,-1.,0.));
#1706 = DIRECTION('',(6.108492277512E-29,-3.390894386119E-45,1.));
#1707 = ORIENTED_EDGE('',*,*,#1708,.T.);
#1708 = EDGE_CURVE('',#1700,#1709,#1711,.T.);
#1709 = VERTEX_POINT('',#1710);
#1710 = CARTESIAN_POINT('',(-3.6,1.334880397544E-13,-6.175));
#1711 = CIRCLE('',#1712,0.152);
#1712 = AXIS2_PLACEMENT_3D('',#1713,#1714,#1715);
#1713 = CARTESIAN_POINT('',(-3.6,0.152,-6.175));
#1714 = DIRECTION('',(1.,-1.110223024625E-16,-5.551115123126E-17));
#1715 = DIRECTION('',(1.110223024625E-16,1.,5.551115123126E-17));
#1716 = ORIENTED_EDGE('',*,*,#1708,.F.);
#1717 = SPHERICAL_SURFACE('',#1718,0.152);
#1718 = AXIS2_PLACEMENT_3D('',#1719,#1720,#1721);
#1719 = CARTESIAN_POINT('',(-3.6,0.152,-6.175));
#1720 = DIRECTION('',(-5.551115123126E-17,-1.,-0.));
#1721 = DIRECTION('',(5.463066675185E-29,-3.032611203926E-45,1.));
#1722 = ADVANCED_FACE('',(#1723),#1726,.F.);
#1723 = FACE_BOUND('',#1724,.F.);
#1724 = EDGE_LOOP('',(#1725));
#1725 = ORIENTED_EDGE('',*,*,#1699,.T.);
#1726 = PLANE('',#1727);
#1727 = AXIS2_PLACEMENT_3D('',#1728,#1729,#1730);
#1728 = CARTESIAN_POINT('',(-3.6,0.2432,-6.175));
#1729 = DIRECTION('',(-5.551115123126E-17,-1.,-0.));
#1730 = DIRECTION('',(6.10849227756E-29,-3.390894386146E-45,1.));
#1731 = ( GEOMETRIC_REPRESENTATION_CONTEXT(3) 
GLOBAL_UNCERTAINTY_ASSIGNED_CONTEXT((#1735)) 
GLOBAL_UNIT_ASSIGNED_CONTEXT((#1732,#1733,#1734)) REPRESENTATION_CONTEXT
('Context #1','3D Context with UNIT and UNCERTAINTY') );
#1732 = ( LENGTH_UNIT() NAMED_UNIT(*) SI_UNIT(.MILLI.,.METRE.) );
#1733 = ( NAMED_UNIT(*) PLANE_ANGLE_UNIT() SI_UNIT($,.RADIAN.) );
#1734 = ( NAMED_UNIT(*) SI_UNIT($,.STERADIAN.) SOLID_ANGLE_UNIT() );
#1735 = UNCERTAINTY_MEASURE_WITH_UNIT(LENGTH_MEASURE(1.E-07),#1732,
  'distance_accuracy_value','confusion accuracy');
#1736 = CONTEXT_DEPENDENT_SHAPE_REPRESENTATION(#1737,#1739);
#1737 = ( REPRESENTATION_RELATIONSHIP('','',#1692,#10) 
REPRESENTATION_RELATIONSHIP_WITH_TRANSFORMATION(#1738) 
SHAPE_REPRESENTATION_RELATIONSHIP() );
#1738 = ITEM_DEFINED_TRANSFORMATION('','',#11,#63);
#1739 = PRODUCT_DEFINITION_SHAPE('Placement','Placement of an item',
  #1740);
#1740 = NEXT_ASSEMBLY_USAGE_OCCURRENCE('141894','BALL_0011','',#5,#1687,
  $);
#1741 = PRODUCT_RELATED_PRODUCT_CATEGORY('part',$,(#1689));
#1742 = SHAPE_DEFINITION_REPRESENTATION(#1743,#1749);
#1743 = PRODUCT_DEFINITION_SHAPE('','',#1744);
#1744 = PRODUCT_DEFINITION('design','',#1745,#1748);
#1745 = PRODUCT_DEFINITION_FORMATION('','',#1746);
#1746 = PRODUCT('BALL_0012','BALL_0012','',(#1747));
#1747 = PRODUCT_CONTEXT('',#2,'mechanical');
#1748 = PRODUCT_DEFINITION_CONTEXT('part definition',#2,'design');
#1749 = ADVANCED_BREP_SHAPE_REPRESENTATION('',(#11,#1750),#1788);
#1750 = MANIFOLD_SOLID_BREP('',#1751);
#1751 = CLOSED_SHELL('',(#1752,#1779));
#1752 = ADVANCED_FACE('',(#1753),#1774,.T.);
#1753 = FACE_BOUND('',#1754,.T.);
#1754 = EDGE_LOOP('',(#1755,#1764,#1773));
#1755 = ORIENTED_EDGE('',*,*,#1756,.T.);
#1756 = EDGE_CURVE('',#1757,#1757,#1759,.T.);
#1757 = VERTEX_POINT('',#1758);
#1758 = CARTESIAN_POINT('',(-3.6,0.243199999999,-6.053399999999));
#1759 = CIRCLE('',#1760,0.121600000001);
#1760 = AXIS2_PLACEMENT_3D('',#1761,#1762,#1763);
#1761 = CARTESIAN_POINT('',(-3.6,0.243199999999,-6.175));
#1762 = DIRECTION('',(-5.551115123126E-17,-1.,0.));
#1763 = DIRECTION('',(6.108492277512E-29,-3.390894386119E-45,1.));
#1764 = ORIENTED_EDGE('',*,*,#1765,.T.);
#1765 = EDGE_CURVE('',#1757,#1766,#1768,.T.);
#1766 = VERTEX_POINT('',#1767);
#1767 = CARTESIAN_POINT('',(-3.6,1.334880397544E-13,-6.175));
#1768 = CIRCLE('',#1769,0.152);
#1769 = AXIS2_PLACEMENT_3D('',#1770,#1771,#1772);
#1770 = CARTESIAN_POINT('',(-3.6,0.152,-6.175));
#1771 = DIRECTION('',(1.,-1.110223024625E-16,-5.551115123126E-17));
#1772 = DIRECTION('',(1.110223024625E-16,1.,5.551115123126E-17));
#1773 = ORIENTED_EDGE('',*,*,#1765,.F.);
#1774 = SPHERICAL_SURFACE('',#1775,0.152);
#1775 = AXIS2_PLACEMENT_3D('',#1776,#1777,#1778);
#1776 = CARTESIAN_POINT('',(-3.6,0.152,-6.175));
#1777 = DIRECTION('',(-5.551115123126E-17,-1.,-0.));
#1778 = DIRECTION('',(5.463066675185E-29,-3.032611203926E-45,1.));
#1779 = ADVANCED_FACE('',(#1780),#1783,.F.);
#1780 = FACE_BOUND('',#1781,.F.);
#1781 = EDGE_LOOP('',(#1782));
#1782 = ORIENTED_EDGE('',*,*,#1756,.T.);
#1783 = PLANE('',#1784);
#1784 = AXIS2_PLACEMENT_3D('',#1785,#1786,#1787);
#1785 = CARTESIAN_POINT('',(-3.6,0.2432,-6.175));
#1786 = DIRECTION('',(-5.551115123126E-17,-1.,-0.));
#1787 = DIRECTION('',(6.10849227756E-29,-3.390894386146E-45,1.));
#1788 = ( GEOMETRIC_REPRESENTATION_CONTEXT(3) 
GLOBAL_UNCERTAINTY_ASSIGNED_CONTEXT((#1792)) 
GLOBAL_UNIT_ASSIGNED_CONTEXT((#1789,#1790,#1791)) REPRESENTATION_CONTEXT
('Context #1','3D Context with UNIT and UNCERTAINTY') );
#1789 = ( LENGTH_UNIT() NAMED_UNIT(*) SI_UNIT(.MILLI.,.METRE.) );
#1790 = ( NAMED_UNIT(*) PLANE_ANGLE_UNIT() SI_UNIT($,.RADIAN.) );
#1791 = ( NAMED_UNIT(*) SI_UNIT($,.STERADIAN.) SOLID_ANGLE_UNIT() );
#1792 = UNCERTAINTY_MEASURE_WITH_UNIT(LENGTH_MEASURE(1.E-07),#1789,
  'distance_accuracy_value','confusion accuracy');
#1793 = CONTEXT_DEPENDENT_SHAPE_REPRESENTATION(#1794,#1796);
#1794 = ( REPRESENTATION_RELATIONSHIP('','',#1749,#10) 
REPRESENTATION_RELATIONSHIP_WITH_TRANSFORMATION(#1795) 
SHAPE_REPRESENTATION_RELATIONSHIP() );
#1795 = ITEM_DEFINED_TRANSFORMATION('','',#11,#67);
#1796 = PRODUCT_DEFINITION_SHAPE('Placement','Placement of an item',
  #1797);
#1797 = NEXT_ASSEMBLY_USAGE_OCCURRENCE('141895','BALL_0012','',#5,#1744,
  $);
#1798 = PRODUCT_RELATED_PRODUCT_CATEGORY('part',$,(#1746));
#1799 = SHAPE_DEFINITION_REPRESENTATION(#1800,#1806);
#1800 = PRODUCT_DEFINITION_SHAPE('','',#1801);
#1801 = PRODUCT_DEFINITION('design','',#1802,#1805);
#1802 = PRODUCT_DEFINITION_FORMATION('','',#1803);
#1803 = PRODUCT('BALL_0013','BALL_0013','',(#1804));
#1804 = PRODUCT_CONTEXT('',#2,'mechanical');
#1805 = PRODUCT_DEFINITION_CONTEXT('part definition',#2,'design');
#1806 = ADVANCED_BREP_SHAPE_REPRESENTATION('',(#11,#1807),#1845);
#1807 = MANIFOLD_SOLID_BREP('',#1808);
#1808 = CLOSED_SHELL('',(#1809,#1836));
#1809 = ADVANCED_FACE('',(#1810),#1831,.T.);
#1810 = FACE_BOUND('',#1811,.T.);
#1811 = EDGE_LOOP('',(#1812,#1821,#1830));
#1812 = ORIENTED_EDGE('',*,*,#1813,.T.);
#1813 = EDGE_CURVE('',#1814,#1814,#1816,.T.);
#1814 = VERTEX_POINT('',#1815);
#1815 = CARTESIAN_POINT('',(-3.6,0.243199999999,-6.053399999999));
#1816 = CIRCLE('',#1817,0.121600000001);
#1817 = AXIS2_PLACEMENT_3D('',#1818,#1819,#1820);
#1818 = CARTESIAN_POINT('',(-3.6,0.243199999999,-6.175));
#1819 = DIRECTION('',(-5.551115123126E-17,-1.,0.));
#1820 = DIRECTION('',(6.108492277512E-29,-3.390894386119E-45,1.));
#1821 = ORIENTED_EDGE('',*,*,#1822,.T.);
#1822 = EDGE_CURVE('',#1814,#1823,#1825,.T.);
#1823 = VERTEX_POINT('',#1824);
#1824 = CARTESIAN_POINT('',(-3.6,1.334880397544E-13,-6.175));
#1825 = CIRCLE('',#1826,0.152);
#1826 = AXIS2_PLACEMENT_3D('',#1827,#1828,#1829);
#1827 = CARTESIAN_POINT('',(-3.6,0.152,-6.175));
#1828 = DIRECTION('',(1.,-1.110223024625E-16,-5.551115123126E-17));
#1829 = DIRECTION('',(1.110223024625E-16,1.,5.551115123126E-17));
#1830 = ORIENTED_EDGE('',*,*,#1822,.F.);
#1831 = SPHERICAL_SURFACE('',#1832,0.152);
#1832 = AXIS2_PLACEMENT_3D('',#1833,#1834,#1835);
#1833 = CARTESIAN_POINT('',(-3.6,0.152,-6.175));
#1834 = DIRECTION('',(-5.551115123126E-17,-1.,-0.));
#1835 = DIRECTION('',(5.463066675185E-29,-3.032611203926E-45,1.));
#1836 = ADVANCED_FACE('',(#1837),#1840,.F.);
#1837 = FACE_BOUND('',#1838,.F.);
#1838 = EDGE_LOOP('',(#1839));
#1839 = ORIENTED_EDGE('',*,*,#1813,.T.);
#1840 = PLANE('',#1841);
#1841 = AXIS2_PLACEMENT_3D('',#1842,#1843,#1844);
#1842 = CARTESIAN_POINT('',(-3.6,0.2432,-6.175));
#1843 = DIRECTION('',(-5.551115123126E-17,-1.,-0.));
#1844 = DIRECTION('',(6.10849227756E-29,-3.390894386146E-45,1.));
#1845 = ( GEOMETRIC_REPRESENTATION_CONTEXT(3) 
GLOBAL_UNCERTAINTY_ASSIGNED_CONTEXT((#1849)) 
GLOBAL_UNIT_ASSIGNED_CONTEXT((#1846,#1847,#1848)) REPRESENTATION_CONTEXT
('Context #1','3D Context with UNIT and UNCERTAINTY') );
#1846 = ( LENGTH_UNIT() NAMED_UNIT(*) SI_UNIT(.MILLI.,.METRE.) );
#1847 = ( NAMED_UNIT(*) PLANE_ANGLE_UNIT() SI_UNIT($,.RADIAN.) );
#1848 = ( NAMED_UNIT(*) SI_UNIT($,.STERADIAN.) SOLID_ANGLE_UNIT() );
#1849 = UNCERTAINTY_MEASURE_WITH_UNIT(LENGTH_MEASURE(1.E-07),#1846,
  'distance_accuracy_value','confusion accuracy');
#1850 = CONTEXT_DEPENDENT_SHAPE_REPRESENTATION(#1851,#1853);
#1851 = ( REPRESENTATION_RELATIONSHIP('','',#1806,#10) 
REPRESENTATION_RELATIONSHIP_WITH_TRANSFORMATION(#1852) 
SHAPE_REPRESENTATION_RELATIONSHIP() );
#1852 = ITEM_DEFINED_TRANSFORMATION('','',#11,#71);
#1853 = PRODUCT_DEFINITION_SHAPE('Placement','Placement of an item',
  #1854);
#1854 = NEXT_ASSEMBLY_USAGE_OCCURRENCE('141896','BALL_0013','',#5,#1801,
  $);
#1855 = PRODUCT_RELATED_PRODUCT_CATEGORY('part',$,(#1803));
#1856 = SHAPE_DEFINITION_REPRESENTATION(#1857,#1863);
#1857 = PRODUCT_DEFINITION_SHAPE('','',#1858);
#1858 = PRODUCT_DEFINITION('design','',#1859,#1862);
#1859 = PRODUCT_DEFINITION_FORMATION('','',#1860);
#1860 = PRODUCT('BALL_0014','BALL_0014','',(#1861));
#1861 = PRODUCT_CONTEXT('',#2,'mechanical');
#1862 = PRODUCT_DEFINITION_CONTEXT('part definition',#2,'design');
#1863 = ADVANCED_BREP_SHAPE_REPRESENTATION('',(#11,#1864),#1902);
#1864 = MANIFOLD_SOLID_BREP('',#1865);
#1865 = CLOSED_SHELL('',(#1866,#1893));
#1866 = ADVANCED_FACE('',(#1867),#1888,.T.);
#1867 = FACE_BOUND('',#1868,.T.);
#1868 = EDGE_LOOP('',(#1869,#1878,#1887));
#1869 = ORIENTED_EDGE('',*,*,#1870,.T.);
#1870 = EDGE_CURVE('',#1871,#1871,#1873,.T.);
#1871 = VERTEX_POINT('',#1872);
#1872 = CARTESIAN_POINT('',(-3.6,0.243199999999,-6.053399999999));
#1873 = CIRCLE('',#1874,0.121600000001);
#1874 = AXIS2_PLACEMENT_3D('',#1875,#1876,#1877);
#1875 = CARTESIAN_POINT('',(-3.6,0.243199999999,-6.175));
#1876 = DIRECTION('',(-5.551115123126E-17,-1.,0.));
#1877 = DIRECTION('',(6.108492277512E-29,-3.390894386119E-45,1.));
#1878 = ORIENTED_EDGE('',*,*,#1879,.T.);
#1879 = EDGE_CURVE('',#1871,#1880,#1882,.T.);
#1880 = VERTEX_POINT('',#1881);
#1881 = CARTESIAN_POINT('',(-3.6,1.334880397544E-13,-6.175));
#1882 = CIRCLE('',#1883,0.152);
#1883 = AXIS2_PLACEMENT_3D('',#1884,#1885,#1886);
#1884 = CARTESIAN_POINT('',(-3.6,0.152,-6.175));
#1885 = DIRECTION('',(1.,-1.110223024625E-16,-5.551115123126E-17));
#1886 = DIRECTION('',(1.110223024625E-16,1.,5.551115123126E-17));
#1887 = ORIENTED_EDGE('',*,*,#1879,.F.);
#1888 = SPHERICAL_SURFACE('',#1889,0.152);
#1889 = AXIS2_PLACEMENT_3D('',#1890,#1891,#1892);
#1890 = CARTESIAN_POINT('',(-3.6,0.152,-6.175));
#1891 = DIRECTION('',(-5.551115123126E-17,-1.,-0.));
#1892 = DIRECTION('',(5.463066675185E-29,-3.032611203926E-45,1.));
#1893 = ADVANCED_FACE('',(#1894),#1897,.F.);
#1894 = FACE_BOUND('',#1895,.F.);
#1895 = EDGE_LOOP('',(#1896));
#1896 = ORIENTED_EDGE('',*,*,#1870,.T.);
#1897 = PLANE('',#1898);
#1898 = AXIS2_PLACEMENT_3D('',#1899,#1900,#1901);
#1899 = CARTESIAN_POINT('',(-3.6,0.2432,-6.175));
#1900 = DIRECTION('',(-5.551115123126E-17,-1.,-0.));
#1901 = DIRECTION('',(6.10849227756E-29,-3.390894386146E-45,1.));
#1902 = ( GEOMETRIC_REPRESENTATION_CONTEXT(3) 
GLOBAL_UNCERTAINTY_ASSIGNED_CONTEXT((#1906)) 
GLOBAL_UNIT_ASSIGNED_CONTEXT((#1903,#1904,#1905)) REPRESENTATION_CONTEXT
('Context #1','3D Context with UNIT and UNCERTAINTY') );
#1903 = ( LENGTH_UNIT() NAMED_UNIT(*) SI_UNIT(.MILLI.,.METRE.) );
#1904 = ( NAMED_UNIT(*) PLANE_ANGLE_UNIT() SI_UNIT($,.RADIAN.) );
#1905 = ( NAMED_UNIT(*) SI_UNIT($,.STERADIAN.) SOLID_ANGLE_UNIT() );
#1906 = UNCERTAINTY_MEASURE_WITH_UNIT(LENGTH_MEASURE(1.E-07),#1903,
  'distance_accuracy_value','confusion accuracy');
#1907 = CONTEXT_DEPENDENT_SHAPE_REPRESENTATION(#1908,#1910);
#1908 = ( REPRESENTATION_RELATIONSHIP('','',#1863,#10) 
REPRESENTATION_RELATIONSHIP_WITH_TRANSFORMATION(#1909) 
SHAPE_REPRESENTATION_RELATIONSHIP() );
#1909 = ITEM_DEFINED_TRANSFORMATION('','',#11,#75);
#1910 = PRODUCT_DEFINITION_SHAPE('Placement','Placement of an item',
  #1911);
#1911 = NEXT_ASSEMBLY_USAGE_OCCURRENCE('141897','BALL_0014','',#5,#1858,
  $);
#1912 = PRODUCT_RELATED_PRODUCT_CATEGORY('part',$,(#1860));
#1913 = SHAPE_DEFINITION_REPRESENTATION(#1914,#1920);
#1914 = PRODUCT_DEFINITION_SHAPE('','',#1915);
#1915 = PRODUCT_DEFINITION('design','',#1916,#1919);
#1916 = PRODUCT_DEFINITION_FORMATION('','',#1917);
#1917 = PRODUCT('BALL_0015','BALL_0015','',(#1918));
#1918 = PRODUCT_CONTEXT('',#2,'mechanical');
#1919 = PRODUCT_DEFINITION_CONTEXT('part definition',#2,'design');
#1920 = ADVANCED_BREP_SHAPE_REPRESENTATION('',(#11,#1921),#1959);
#1921 = MANIFOLD_SOLID_BREP('',#1922);
#1922 = CLOSED_SHELL('',(#1923,#1950));
#1923 = ADVANCED_FACE('',(#1924),#1945,.T.);
#1924 = FACE_BOUND('',#1925,.T.);
#1925 = EDGE_LOOP('',(#1926,#1935,#1944));
#1926 = ORIENTED_EDGE('',*,*,#1927,.T.);
#1927 = EDGE_CURVE('',#1928,#1928,#1930,.T.);
#1928 = VERTEX_POINT('',#1929);
#1929 = CARTESIAN_POINT('',(-3.6,0.243199999999,-6.053399999999));
#1930 = CIRCLE('',#1931,0.121600000001);
#1931 = AXIS2_PLACEMENT_3D('',#1932,#1933,#1934);
#1932 = CARTESIAN_POINT('',(-3.6,0.243199999999,-6.175));
#1933 = DIRECTION('',(-5.551115123126E-17,-1.,0.));
#1934 = DIRECTION('',(6.108492277512E-29,-3.390894386119E-45,1.));
#1935 = ORIENTED_EDGE('',*,*,#1936,.T.);
#1936 = EDGE_CURVE('',#1928,#1937,#1939,.T.);
#1937 = VERTEX_POINT('',#1938);
#1938 = CARTESIAN_POINT('',(-3.6,1.334880397544E-13,-6.175));
#1939 = CIRCLE('',#1940,0.152);
#1940 = AXIS2_PLACEMENT_3D('',#1941,#1942,#1943);
#1941 = CARTESIAN_POINT('',(-3.6,0.152,-6.175));
#1942 = DIRECTION('',(1.,-1.110223024625E-16,-5.551115123126E-17));
#1943 = DIRECTION('',(1.110223024625E-16,1.,5.551115123126E-17));
#1944 = ORIENTED_EDGE('',*,*,#1936,.F.);
#1945 = SPHERICAL_SURFACE('',#1946,0.152);
#1946 = AXIS2_PLACEMENT_3D('',#1947,#1948,#1949);
#1947 = CARTESIAN_POINT('',(-3.6,0.152,-6.175));
#1948 = DIRECTION('',(-5.551115123126E-17,-1.,-0.));
#1949 = DIRECTION('',(5.463066675185E-29,-3.032611203926E-45,1.));
#1950 = ADVANCED_FACE('',(#1951),#1954,.F.);
#1951 = FACE_BOUND('',#1952,.F.);
#1952 = EDGE_LOOP('',(#1953));
#1953 = ORIENTED_EDGE('',*,*,#1927,.T.);
#1954 = PLANE('',#1955);
#1955 = AXIS2_PLACEMENT_3D('',#1956,#1957,#1958);
#1956 = CARTESIAN_POINT('',(-3.6,0.2432,-6.175));
#1957 = DIRECTION('',(-5.551115123126E-17,-1.,-0.));
#1958 = DIRECTION('',(6.10849227756E-29,-3.390894386146E-45,1.));
#1959 = ( GEOMETRIC_REPRESENTATION_CONTEXT(3) 
GLOBAL_UNCERTAINTY_ASSIGNED_CONTEXT((#1963)) 
GLOBAL_UNIT_ASSIGNED_CONTEXT((#1960,#1961,#1962)) REPRESENTATION_CONTEXT
('Context #1','3D Context with UNIT and UNCERTAINTY') );
#1960 = ( LENGTH_UNIT() NAMED_UNIT(*) SI_UNIT(.MILLI.,.METRE.) );
#1961 = ( NAMED_UNIT(*) PLANE_ANGLE_UNIT() SI_UNIT($,.RADIAN.) );
#1962 = ( NAMED_UNIT(*) SI_UNIT($,.STERADIAN.) SOLID_ANGLE_UNIT() );
#1963 = UNCERTAINTY_MEASURE_WITH_UNIT(LENGTH_MEASURE(1.E-07),#1960,
  'distance_accuracy_value','confusion accuracy');
#1964 = CONTEXT_DEPENDENT_SHAPE_REPRESENTATION(#1965,#1967);
#1965 = ( REPRESENTATION_RELATIONSHIP('','',#1920,#10) 
REPRESENTATION_RELATIONSHIP_WITH_TRANSFORMATION(#1966) 
SHAPE_REPRESENTATION_RELATIONSHIP() );
#1966 = ITEM_DEFINED_TRANSFORMATION('','',#11,#79);
#1967 = PRODUCT_DEFINITION_SHAPE('Placement','Placement of an item',
  #1968);
#1968 = NEXT_ASSEMBLY_USAGE_OCCURRENCE('141898','BALL_0015','',#5,#1915,
  $);
#1969 = PRODUCT_RELATED_PRODUCT_CATEGORY('part',$,(#1917));
#1970 = SHAPE_DEFINITION_REPRESENTATION(#1971,#1977);
#1971 = PRODUCT_DEFINITION_SHAPE('','',#1972);
#1972 = PRODUCT_DEFINITION('design','',#1973,#1976);
#1973 = PRODUCT_DEFINITION_FORMATION('','',#1974);
#1974 = PRODUCT('BALL_0016','BALL_0016','',(#1975));
#1975 = PRODUCT_CONTEXT('',#2,'mechanical');
#1976 = PRODUCT_DEFINITION_CONTEXT('part definition',#2,'design');
#1977 = ADVANCED_BREP_SHAPE_REPRESENTATION('',(#11,#1978),#2016);
#1978 = MANIFOLD_SOLID_BREP('',#1979);
#1979 = CLOSED_SHELL('',(#1980,#2007));
#1980 = ADVANCED_FACE('',(#1981),#2002,.T.);
#1981 = FACE_BOUND('',#1982,.T.);
#1982 = EDGE_LOOP('',(#1983,#1992,#2001));
#1983 = ORIENTED_EDGE('',*,*,#1984,.T.);
#1984 = EDGE_CURVE('',#1985,#1985,#1987,.T.);
#1985 = VERTEX_POINT('',#1986);
#1986 = CARTESIAN_POINT('',(-3.6,0.243199999999,-6.053399999999));
#1987 = CIRCLE('',#1988,0.121600000001);
#1988 = AXIS2_PLACEMENT_3D('',#1989,#1990,#1991);
#1989 = CARTESIAN_POINT('',(-3.6,0.243199999999,-6.175));
#1990 = DIRECTION('',(-5.551115123126E-17,-1.,0.));
#1991 = DIRECTION('',(6.108492277512E-29,-3.390894386119E-45,1.));
#1992 = ORIENTED_EDGE('',*,*,#1993,.T.);
#1993 = EDGE_CURVE('',#1985,#1994,#1996,.T.);
#1994 = VERTEX_POINT('',#1995);
#1995 = CARTESIAN_POINT('',(-3.6,1.334880397544E-13,-6.175));
#1996 = CIRCLE('',#1997,0.152);
#1997 = AXIS2_PLACEMENT_3D('',#1998,#1999,#2000);
#1998 = CARTESIAN_POINT('',(-3.6,0.152,-6.175));
#1999 = DIRECTION('',(1.,-1.110223024625E-16,-5.551115123126E-17));
#2000 = DIRECTION('',(1.110223024625E-16,1.,5.551115123126E-17));
#2001 = ORIENTED_EDGE('',*,*,#1993,.F.);
#2002 = SPHERICAL_SURFACE('',#2003,0.152);
#2003 = AXIS2_PLACEMENT_3D('',#2004,#2005,#2006);
#2004 = CARTESIAN_POINT('',(-3.6,0.152,-6.175));
#2005 = DIRECTION('',(-5.551115123126E-17,-1.,-0.));
#2006 = DIRECTION('',(5.463066675185E-29,-3.032611203926E-45,1.));
#2007 = ADVANCED_FACE('',(#2008),#2011,.F.);
#2008 = FACE_BOUND('',#2009,.F.);
#2009 = EDGE_LOOP('',(#2010));
#2010 = ORIENTED_EDGE('',*,*,#1984,.T.);
#2011 = PLANE('',#2012);
#2012 = AXIS2_PLACEMENT_3D('',#2013,#2014,#2015);
#2013 = CARTESIAN_POINT('',(-3.6,0.2432,-6.175));
#2014 = DIRECTION('',(-5.551115123126E-17,-1.,-0.));
#2015 = DIRECTION('',(6.10849227756E-29,-3.390894386146E-45,1.));
#2016 = ( GEOMETRIC_REPRESENTATION_CONTEXT(3) 
GLOBAL_UNCERTAINTY_ASSIGNED_CONTEXT((#2020)) 
GLOBAL_UNIT_ASSIGNED_CONTEXT((#2017,#2018,#2019)) REPRESENTATION_CONTEXT
('Context #1','3D Context with UNIT and UNCERTAINTY') );
#2017 = ( LENGTH_UNIT() NAMED_UNIT(*) SI_UNIT(.MILLI.,.METRE.) );
#2018 = ( NAMED_UNIT(*) PLANE_ANGLE_UNIT() SI_UNIT($,.RADIAN.) );
#2019 = ( NAMED_UNIT(*) SI_UNIT($,.STERADIAN.) SOLID_ANGLE_UNIT() );
#2020 = UNCERTAINTY_MEASURE_WITH_UNIT(LENGTH_MEASURE(1.E-07),#2017,
  'distance_accuracy_value','confusion accuracy');
#2021 = CONTEXT_DEPENDENT_SHAPE_REPRESENTATION(#2022,#2024);
#2022 = ( REPRESENTATION_RELATIONSHIP('','',#1977,#10) 
REPRESENTATION_RELATIONSHIP_WITH_TRANSFORMATION(#2023) 
SHAPE_REPRESENTATION_RELATIONSHIP() );
#2023 = ITEM_DEFINED_TRANSFORMATION('','',#11,#83);
#2024 = PRODUCT_DEFINITION_SHAPE('Placement','Placement of an item',
  #2025);
#2025 = NEXT_ASSEMBLY_USAGE_OCCURRENCE('141899','BALL_0016','',#5,#1972,
  $);
#2026 = PRODUCT_RELATED_PRODUCT_CATEGORY('part',$,(#1974));
#2027 = SHAPE_DEFINITION_REPRESENTATION(#2028,#2034);
#2028 = PRODUCT_DEFINITION_SHAPE('','',#2029);
#2029 = PRODUCT_DEFINITION('design','',#2030,#2033);
#2030 = PRODUCT_DEFINITION_FORMATION('','',#2031);
#2031 = PRODUCT('BALL_0017','BALL_0017','',(#2032));
#2032 = PRODUCT_CONTEXT('',#2,'mechanical');
#2033 = PRODUCT_DEFINITION_CONTEXT('part definition',#2,'design');
#2034 = ADVANCED_BREP_SHAPE_REPRESENTATION('',(#11,#2035),#2073);
#2035 = MANIFOLD_SOLID_BREP('',#2036);
#2036 = CLOSED_SHELL('',(#2037,#2064));
#2037 = ADVANCED_FACE('',(#2038),#2059,.T.);
#2038 = FACE_BOUND('',#2039,.T.);
#2039 = EDGE_LOOP('',(#2040,#2049,#2058));
#2040 = ORIENTED_EDGE('',*,*,#2041,.T.);
#2041 = EDGE_CURVE('',#2042,#2042,#2044,.T.);
#2042 = VERTEX_POINT('',#2043);
#2043 = CARTESIAN_POINT('',(-3.6,0.243199999999,-6.053399999999));
#2044 = CIRCLE('',#2045,0.121600000001);
#2045 = AXIS2_PLACEMENT_3D('',#2046,#2047,#2048);
#2046 = CARTESIAN_POINT('',(-3.6,0.243199999999,-6.175));
#2047 = DIRECTION('',(-5.551115123126E-17,-1.,0.));
#2048 = DIRECTION('',(6.108492277512E-29,-3.390894386119E-45,1.));
#2049 = ORIENTED_EDGE('',*,*,#2050,.T.);
#2050 = EDGE_CURVE('',#2042,#2051,#2053,.T.);
#2051 = VERTEX_POINT('',#2052);
#2052 = CARTESIAN_POINT('',(-3.6,1.334880397544E-13,-6.175));
#2053 = CIRCLE('',#2054,0.152);
#2054 = AXIS2_PLACEMENT_3D('',#2055,#2056,#2057);
#2055 = CARTESIAN_POINT('',(-3.6,0.152,-6.175));
#2056 = DIRECTION('',(1.,-1.110223024625E-16,-5.551115123126E-17));
#2057 = DIRECTION('',(1.110223024625E-16,1.,5.551115123126E-17));
#2058 = ORIENTED_EDGE('',*,*,#2050,.F.);
#2059 = SPHERICAL_SURFACE('',#2060,0.152);
#2060 = AXIS2_PLACEMENT_3D('',#2061,#2062,#2063);
#2061 = CARTESIAN_POINT('',(-3.6,0.152,-6.175));
#2062 = DIRECTION('',(-5.551115123126E-17,-1.,-0.));
#2063 = DIRECTION('',(5.463066675185E-29,-3.032611203926E-45,1.));
#2064 = ADVANCED_FACE('',(#2065),#2068,.F.);
#2065 = FACE_BOUND('',#2066,.F.);
#2066 = EDGE_LOOP('',(#2067));
#2067 = ORIENTED_EDGE('',*,*,#2041,.T.);
#2068 = PLANE('',#2069);
#2069 = AXIS2_PLACEMENT_3D('',#2070,#2071,#2072);
#2070 = CARTESIAN_POINT('',(-3.6,0.2432,-6.175));
#2071 = DIRECTION('',(-5.551115123126E-17,-1.,-0.));
#2072 = DIRECTION('',(6.10849227756E-29,-3.390894386146E-45,1.));
#2073 = ( GEOMETRIC_REPRESENTATION_CONTEXT(3) 
GLOBAL_UNCERTAINTY_ASSIGNED_CONTEXT((#2077)) 
GLOBAL_UNIT_ASSIGNED_CONTEXT((#2074,#2075,#2076)) REPRESENTATION_CONTEXT
('Context #1','3D Context with UNIT and UNCERTAINTY') );
#2074 = ( LENGTH_UNIT() NAMED_UNIT(*) SI_UNIT(.MILLI.,.METRE.) );
#2075 = ( NAMED_UNIT(*) PLANE_ANGLE_UNIT() SI_UNIT($,.RADIAN.) );
#2076 = ( NAMED_UNIT(*) SI_UNIT($,.STERADIAN.) SOLID_ANGLE_UNIT() );
#2077 = UNCERTAINTY_MEASURE_WITH_UNIT(LENGTH_MEASURE(1.E-07),#2074,
  'distance_accuracy_value','confusion accuracy');
#2078 = CONTEXT_DEPENDENT_SHAPE_REPRESENTATION(#2079,#2081);
#2079 = ( REPRESENTATION_RELATIONSHIP('','',#2034,#10) 
REPRESENTATION_RELATIONSHIP_WITH_TRANSFORMATION(#2080) 
SHAPE_REPRESENTATION_RELATIONSHIP() );
#2080 = ITEM_DEFINED_TRANSFORMATION('','',#11,#87);
#2081 = PRODUCT_DEFINITION_SHAPE('Placement','Placement of an item',
  #2082);
#2082 = NEXT_ASSEMBLY_USAGE_OCCURRENCE('141900','BALL_0017','',#5,#2029,
  $);
#2083 = PRODUCT_RELATED_PRODUCT_CATEGORY('part',$,(#2031));
#2084 = SHAPE_DEFINITION_REPRESENTATION(#2085,#2091);
#2085 = PRODUCT_DEFINITION_SHAPE('','',#2086);
#2086 = PRODUCT_DEFINITION('design','',#2087,#2090);
#2087 = PRODUCT_DEFINITION_FORMATION('','',#2088);
#2088 = PRODUCT('BALL_0018','BALL_0018','',(#2089));
#2089 = PRODUCT_CONTEXT('',#2,'mechanical');
#2090 = PRODUCT_DEFINITION_CONTEXT('part definition',#2,'design');
#2091 = ADVANCED_BREP_SHAPE_REPRESENTATION('',(#11,#2092),#2130);
#2092 = MANIFOLD_SOLID_BREP('',#2093);
#2093 = CLOSED_SHELL('',(#2094,#2121));
#2094 = ADVANCED_FACE('',(#2095),#2116,.T.);
#2095 = FACE_BOUND('',#2096,.T.);
#2096 = EDGE_LOOP('',(#2097,#2106,#2115));
#2097 = ORIENTED_EDGE('',*,*,#2098,.T.);
#2098 = EDGE_CURVE('',#2099,#2099,#2101,.T.);
#2099 = VERTEX_POINT('',#2100);
#2100 = CARTESIAN_POINT('',(-3.6,0.243199999999,-6.053399999999));
#2101 = CIRCLE('',#2102,0.121600000001);
#2102 = AXIS2_PLACEMENT_3D('',#2103,#2104,#2105);
#2103 = CARTESIAN_POINT('',(-3.6,0.243199999999,-6.175));
#2104 = DIRECTION('',(-5.551115123126E-17,-1.,0.));
#2105 = DIRECTION('',(6.108492277512E-29,-3.390894386119E-45,1.));
#2106 = ORIENTED_EDGE('',*,*,#2107,.T.);
#2107 = EDGE_CURVE('',#2099,#2108,#2110,.T.);
#2108 = VERTEX_POINT('',#2109);
#2109 = CARTESIAN_POINT('',(-3.6,1.334880397544E-13,-6.175));
#2110 = CIRCLE('',#2111,0.152);
#2111 = AXIS2_PLACEMENT_3D('',#2112,#2113,#2114);
#2112 = CARTESIAN_POINT('',(-3.6,0.152,-6.175));
#2113 = DIRECTION('',(1.,-1.110223024625E-16,-5.551115123126E-17));
#2114 = DIRECTION('',(1.110223024625E-16,1.,5.551115123126E-17));
#2115 = ORIENTED_EDGE('',*,*,#2107,.F.);
#2116 = SPHERICAL_SURFACE('',#2117,0.152);
#2117 = AXIS2_PLACEMENT_3D('',#2118,#2119,#2120);
#2118 = CARTESIAN_POINT('',(-3.6,0.152,-6.175));
#2119 = DIRECTION('',(-5.551115123126E-17,-1.,-0.));
#2120 = DIRECTION('',(5.463066675185E-29,-3.032611203926E-45,1.));
#2121 = ADVANCED_FACE('',(#2122),#2125,.F.);
#2122 = FACE_BOUND('',#2123,.F.);
#2123 = EDGE_LOOP('',(#2124));
#2124 = ORIENTED_EDGE('',*,*,#2098,.T.);
#2125 = PLANE('',#2126);
#2126 = AXIS2_PLACEMENT_3D('',#2127,#2128,#2129);
#2127 = CARTESIAN_POINT('',(-3.6,0.2432,-6.175));
#2128 = DIRECTION('',(-5.551115123126E-17,-1.,-0.));
#2129 = DIRECTION('',(6.10849227756E-29,-3.390894386146E-45,1.));
#2130 = ( GEOMETRIC_REPRESENTATION_CONTEXT(3) 
GLOBAL_UNCERTAINTY_ASSIGNED_CONTEXT((#2134)) 
GLOBAL_UNIT_ASSIGNED_CONTEXT((#2131,#2132,#2133)) REPRESENTATION_CONTEXT
('Context #1','3D Context with UNIT and UNCERTAINTY') );
#2131 = ( LENGTH_UNIT() NAMED_UNIT(*) SI_UNIT(.MILLI.,.METRE.) );
#2132 = ( NAMED_UNIT(*) PLANE_ANGLE_UNIT() SI_UNIT($,.RADIAN.) );
#2133 = ( NAMED_UNIT(*) SI_UNIT($,.STERADIAN.) SOLID_ANGLE_UNIT() );
#2134 = UNCERTAINTY_MEASURE_WITH_UNIT(LENGTH_MEASURE(1.E-07),#2131,
  'distance_accuracy_value','confusion accuracy');
#2135 = CONTEXT_DEPENDENT_SHAPE_REPRESENTATION(#2136,#2138);
#2136 = ( REPRESENTATION_RELATIONSHIP('','',#2091,#10) 
REPRESENTATION_RELATIONSHIP_WITH_TRANSFORMATION(#2137) 
SHAPE_REPRESENTATION_RELATIONSHIP() );
#2137 = ITEM_DEFINED_TRANSFORMATION('','',#11,#91);
#2138 = PRODUCT_DEFINITION_SHAPE('Placement','Placement of an item',
  #2139);
#2139 = NEXT_ASSEMBLY_USAGE_OCCURRENCE('141901','BALL_0018','',#5,#2086,
  $);
#2140 = PRODUCT_RELATED_PRODUCT_CATEGORY('part',$,(#2088));
#2141 = SHAPE_DEFINITION_REPRESENTATION(#2142,#2148);
#2142 = PRODUCT_DEFINITION_SHAPE('','',#2143);
#2143 = PRODUCT_DEFINITION('design','',#2144,#2147);
#2144 = PRODUCT_DEFINITION_FORMATION('','',#2145);
#2145 = PRODUCT('BALL_0019','BALL_0019','',(#2146));
#2146 = PRODUCT_CONTEXT('',#2,'mechanical');
#2147 = PRODUCT_DEFINITION_CONTEXT('part definition',#2,'design');
#2148 = ADVANCED_BREP_SHAPE_REPRESENTATION('',(#11,#2149),#2187);
#2149 = MANIFOLD_SOLID_BREP('',#2150);
#2150 = CLOSED_SHELL('',(#2151,#2178));
#2151 = ADVANCED_FACE('',(#2152),#2173,.T.);
#2152 = FACE_BOUND('',#2153,.T.);
#2153 = EDGE_LOOP('',(#2154,#2163,#2172));
#2154 = ORIENTED_EDGE('',*,*,#2155,.T.);
#2155 = EDGE_CURVE('',#2156,#2156,#2158,.T.);
#2156 = VERTEX_POINT('',#2157);
#2157 = CARTESIAN_POINT('',(-3.6,0.243199999999,-6.053399999999));
#2158 = CIRCLE('',#2159,0.121600000001);
#2159 = AXIS2_PLACEMENT_3D('',#2160,#2161,#2162);
#2160 = CARTESIAN_POINT('',(-3.6,0.243199999999,-6.175));
#2161 = DIRECTION('',(-5.551115123126E-17,-1.,0.));
#2162 = DIRECTION('',(6.108492277512E-29,-3.390894386119E-45,1.));
#2163 = ORIENTED_EDGE('',*,*,#2164,.T.);
#2164 = EDGE_CURVE('',#2156,#2165,#2167,.T.);
#2165 = VERTEX_POINT('',#2166);
#2166 = CARTESIAN_POINT('',(-3.6,1.334880397544E-13,-6.175));
#2167 = CIRCLE('',#2168,0.152);
#2168 = AXIS2_PLACEMENT_3D('',#2169,#2170,#2171);
#2169 = CARTESIAN_POINT('',(-3.6,0.152,-6.175));
#2170 = DIRECTION('',(1.,-1.110223024625E-16,-5.551115123126E-17));
#2171 = DIRECTION('',(1.110223024625E-16,1.,5.551115123126E-17));
#2172 = ORIENTED_EDGE('',*,*,#2164,.F.);
#2173 = SPHERICAL_SURFACE('',#2174,0.152);
#2174 = AXIS2_PLACEMENT_3D('',#2175,#2176,#2177);
#2175 = CARTESIAN_POINT('',(-3.6,0.152,-6.175));
#2176 = DIRECTION('',(-5.551115123126E-17,-1.,-0.));
#2177 = DIRECTION('',(5.463066675185E-29,-3.032611203926E-45,1.));
#2178 = ADVANCED_FACE('',(#2179),#2182,.F.);
#2179 = FACE_BOUND('',#2180,.F.);
#2180 = EDGE_LOOP('',(#2181));
#2181 = ORIENTED_EDGE('',*,*,#2155,.T.);
#2182 = PLANE('',#2183);
#2183 = AXIS2_PLACEMENT_3D('',#2184,#2185,#2186);
#2184 = CARTESIAN_POINT('',(-3.6,0.2432,-6.175));
#2185 = DIRECTION('',(-5.551115123126E-17,-1.,-0.));
#2186 = DIRECTION('',(6.10849227756E-29,-3.390894386146E-45,1.));
#2187 = ( GEOMETRIC_REPRESENTATION_CONTEXT(3) 
GLOBAL_UNCERTAINTY_ASSIGNED_CONTEXT((#2191)) 
GLOBAL_UNIT_ASSIGNED_CONTEXT((#2188,#2189,#2190)) REPRESENTATION_CONTEXT
('Context #1','3D Context with UNIT and UNCERTAINTY') );
#2188 = ( LENGTH_UNIT() NAMED_UNIT(*) SI_UNIT(.MILLI.,.METRE.) );
#2189 = ( NAMED_UNIT(*) PLANE_ANGLE_UNIT() SI_UNIT($,.RADIAN.) );
#2190 = ( NAMED_UNIT(*) SI_UNIT($,.STERADIAN.) SOLID_ANGLE_UNIT() );
#2191 = UNCERTAINTY_MEASURE_WITH_UNIT(LENGTH_MEASURE(1.E-07),#2188,
  'distance_accuracy_value','confusion accuracy');
#2192 = CONTEXT_DEPENDENT_SHAPE_REPRESENTATION(#2193,#2195);
#2193 = ( REPRESENTATION_RELATIONSHIP('','',#2148,#10) 
REPRESENTATION_RELATIONSHIP_WITH_TRANSFORMATION(#2194) 
SHAPE_REPRESENTATION_RELATIONSHIP() );
#2194 = ITEM_DEFINED_TRANSFORMATION('','',#11,#95);
#2195 = PRODUCT_DEFINITION_SHAPE('Placement','Placement of an item',
  #2196);
#2196 = NEXT_ASSEMBLY_USAGE_OCCURRENCE('141902','BALL_0019','',#5,#2143,
  $);
#2197 = PRODUCT_RELATED_PRODUCT_CATEGORY('part',$,(#2145));
#2198 = SHAPE_DEFINITION_REPRESENTATION(#2199,#2205);
#2199 = PRODUCT_DEFINITION_SHAPE('','',#2200);
#2200 = PRODUCT_DEFINITION('design','',#2201,#2204);
#2201 = PRODUCT_DEFINITION_FORMATION('','',#2202);
#2202 = PRODUCT('BALL_0020','BALL_0020','',(#2203));
#2203 = PRODUCT_CONTEXT('',#2,'mechanical');
#2204 = PRODUCT_DEFINITION_CONTEXT('part definition',#2,'design');
#2205 = ADVANCED_BREP_SHAPE_REPRESENTATION('',(#11,#2206),#2244);
#2206 = MANIFOLD_SOLID_BREP('',#2207);
#2207 = CLOSED_SHELL('',(#2208,#2235));
#2208 = ADVANCED_FACE('',(#2209),#2230,.T.);
#2209 = FACE_BOUND('',#2210,.T.);
#2210 = EDGE_LOOP('',(#2211,#2220,#2229));
#2211 = ORIENTED_EDGE('',*,*,#2212,.T.);
#2212 = EDGE_CURVE('',#2213,#2213,#2215,.T.);
#2213 = VERTEX_POINT('',#2214);
#2214 = CARTESIAN_POINT('',(-3.6,0.243199999999,-6.053399999999));
#2215 = CIRCLE('',#2216,0.121600000001);
#2216 = AXIS2_PLACEMENT_3D('',#2217,#2218,#2219);
#2217 = CARTESIAN_POINT('',(-3.6,0.243199999999,-6.175));
#2218 = DIRECTION('',(-5.551115123126E-17,-1.,0.));
#2219 = DIRECTION('',(6.108492277512E-29,-3.390894386119E-45,1.));
#2220 = ORIENTED_EDGE('',*,*,#2221,.T.);
#2221 = EDGE_CURVE('',#2213,#2222,#2224,.T.);
#2222 = VERTEX_POINT('',#2223);
#2223 = CARTESIAN_POINT('',(-3.6,1.334880397544E-13,-6.175));
#2224 = CIRCLE('',#2225,0.152);
#2225 = AXIS2_PLACEMENT_3D('',#2226,#2227,#2228);
#2226 = CARTESIAN_POINT('',(-3.6,0.152,-6.175));
#2227 = DIRECTION('',(1.,-1.110223024625E-16,-5.551115123126E-17));
#2228 = DIRECTION('',(1.110223024625E-16,1.,5.551115123126E-17));
#2229 = ORIENTED_EDGE('',*,*,#2221,.F.);
#2230 = SPHERICAL_SURFACE('',#2231,0.152);
#2231 = AXIS2_PLACEMENT_3D('',#2232,#2233,#2234);
#2232 = CARTESIAN_POINT('',(-3.6,0.152,-6.175));
#2233 = DIRECTION('',(-5.551115123126E-17,-1.,-0.));
#2234 = DIRECTION('',(5.463066675185E-29,-3.032611203926E-45,1.));
#2235 = ADVANCED_FACE('',(#2236),#2239,.F.);
#2236 = FACE_BOUND('',#2237,.F.);
#2237 = EDGE_LOOP('',(#2238));
#2238 = ORIENTED_EDGE('',*,*,#2212,.T.);
#2239 = PLANE('',#2240);
#2240 = AXIS2_PLACEMENT_3D('',#2241,#2242,#2243);
#2241 = CARTESIAN_POINT('',(-3.6,0.2432,-6.175));
#2242 = DIRECTION('',(-5.551115123126E-17,-1.,-0.));
#2243 = DIRECTION('',(6.10849227756E-29,-3.390894386146E-45,1.));
#2244 = ( GEOMETRIC_REPRESENTATION_CONTEXT(3) 
GLOBAL_UNCERTAINTY_ASSIGNED_CONTEXT((#2248)) 
GLOBAL_UNIT_ASSIGNED_CONTEXT((#2245,#2246,#2247)) REPRESENTATION_CONTEXT
('Context #1','3D Context with UNIT and UNCERTAINTY') );
#2245 = ( LENGTH_UNIT() NAMED_UNIT(*) SI_UNIT(.MILLI.,.METRE.) );
#2246 = ( NAMED_UNIT(*) PLANE_ANGLE_UNIT() SI_UNIT($,.RADIAN.) );
#2247 = ( NAMED_UNIT(*) SI_UNIT($,.STERADIAN.) SOLID_ANGLE_UNIT() );
#2248 = UNCERTAINTY_MEASURE_WITH_UNIT(LENGTH_MEASURE(1.E-07),#2245,
  'distance_accuracy_value','confusion accuracy');
#2249 = CONTEXT_DEPENDENT_SHAPE_REPRESENTATION(#2250,#2252);
#2250 = ( REPRESENTATION_RELATIONSHIP('','',#2205,#10) 
REPRESENTATION_RELATIONSHIP_WITH_TRANSFORMATION(#2251) 
SHAPE_REPRESENTATION_RELATIONSHIP() );
#2251 = ITEM_DEFINED_TRANSFORMATION('','',#11,#99);
#2252 = PRODUCT_DEFINITION_SHAPE('Placement','Placement of an item',
  #2253);
#2253 = NEXT_ASSEMBLY_USAGE_OCCURRENCE('141903','BALL_0020','',#5,#2200,
  $);
#2254 = PRODUCT_RELATED_PRODUCT_CATEGORY('part',$,(#2202));
#2255 = SHAPE_DEFINITION_REPRESENTATION(#2256,#2262);
#2256 = PRODUCT_DEFINITION_SHAPE('','',#2257);
#2257 = PRODUCT_DEFINITION('design','',#2258,#2261);
#2258 = PRODUCT_DEFINITION_FORMATION('','',#2259);
#2259 = PRODUCT('BALL_0021','BALL_0021','',(#2260));
#2260 = PRODUCT_CONTEXT('',#2,'mechanical');
#2261 = PRODUCT_DEFINITION_CONTEXT('part definition',#2,'design');
#2262 = ADVANCED_BREP_SHAPE_REPRESENTATION('',(#11,#2263),#2301);
#2263 = MANIFOLD_SOLID_BREP('',#2264);
#2264 = CLOSED_SHELL('',(#2265,#2292));
#2265 = ADVANCED_FACE('',(#2266),#2287,.T.);
#2266 = FACE_BOUND('',#2267,.T.);
#2267 = EDGE_LOOP('',(#2268,#2277,#2286));
#2268 = ORIENTED_EDGE('',*,*,#2269,.T.);
#2269 = EDGE_CURVE('',#2270,#2270,#2272,.T.);
#2270 = VERTEX_POINT('',#2271);
#2271 = CARTESIAN_POINT('',(-3.6,0.243199999999,-6.053399999999));
#2272 = CIRCLE('',#2273,0.121600000001);
#2273 = AXIS2_PLACEMENT_3D('',#2274,#2275,#2276);
#2274 = CARTESIAN_POINT('',(-3.6,0.243199999999,-6.175));
#2275 = DIRECTION('',(-5.551115123126E-17,-1.,0.));
#2276 = DIRECTION('',(6.108492277512E-29,-3.390894386119E-45,1.));
#2277 = ORIENTED_EDGE('',*,*,#2278,.T.);
#2278 = EDGE_CURVE('',#2270,#2279,#2281,.T.);
#2279 = VERTEX_POINT('',#2280);
#2280 = CARTESIAN_POINT('',(-3.6,1.334880397544E-13,-6.175));
#2281 = CIRCLE('',#2282,0.152);
#2282 = AXIS2_PLACEMENT_3D('',#2283,#2284,#2285);
#2283 = CARTESIAN_POINT('',(-3.6,0.152,-6.175));
#2284 = DIRECTION('',(1.,-1.110223024625E-16,-5.551115123126E-17));
#2285 = DIRECTION('',(1.110223024625E-16,1.,5.551115123126E-17));
#2286 = ORIENTED_EDGE('',*,*,#2278,.F.);
#2287 = SPHERICAL_SURFACE('',#2288,0.152);
#2288 = AXIS2_PLACEMENT_3D('',#2289,#2290,#2291);
#2289 = CARTESIAN_POINT('',(-3.6,0.152,-6.175));
#2290 = DIRECTION('',(-5.551115123126E-17,-1.,-0.));
#2291 = DIRECTION('',(5.463066675185E-29,-3.032611203926E-45,1.));
#2292 = ADVANCED_FACE('',(#2293),#2296,.F.);
#2293 = FACE_BOUND('',#2294,.F.);
#2294 = EDGE_LOOP('',(#2295));
#2295 = ORIENTED_EDGE('',*,*,#2269,.T.);
#2296 = PLANE('',#2297);
#2297 = AXIS2_PLACEMENT_3D('',#2298,#2299,#2300);
#2298 = CARTESIAN_POINT('',(-3.6,0.2432,-6.175));
#2299 = DIRECTION('',(-5.551115123126E-17,-1.,-0.));
#2300 = DIRECTION('',(6.10849227756E-29,-3.390894386146E-45,1.));
#2301 = ( GEOMETRIC_REPRESENTATION_CONTEXT(3) 
GLOBAL_UNCERTAINTY_ASSIGNED_CONTEXT((#2305)) 
GLOBAL_UNIT_ASSIGNED_CONTEXT((#2302,#2303,#2304)) REPRESENTATION_CONTEXT
('Context #1','3D Context with UNIT and UNCERTAINTY') );
#2302 = ( LENGTH_UNIT() NAMED_UNIT(*) SI_UNIT(.MILLI.,.METRE.) );
#2303 = ( NAMED_UNIT(*) PLANE_ANGLE_UNIT() SI_UNIT($,.RADIAN.) );
#2304 = ( NAMED_UNIT(*) SI_UNIT($,.STERADIAN.) SOLID_ANGLE_UNIT() );
#2305 = UNCERTAINTY_MEASURE_WITH_UNIT(LENGTH_MEASURE(1.E-07),#2302,
  'distance_accuracy_value','confusion accuracy');
#2306 = CONTEXT_DEPENDENT_SHAPE_REPRESENTATION(#2307,#2309);
#2307 = ( REPRESENTATION_RELATIONSHIP('','',#2262,#10) 
REPRESENTATION_RELATIONSHIP_WITH_TRANSFORMATION(#2308) 
SHAPE_REPRESENTATION_RELATIONSHIP() );
#2308 = ITEM_DEFINED_TRANSFORMATION('','',#11,#103);
#2309 = PRODUCT_DEFINITION_SHAPE('Placement','Placement of an item',
  #2310);
#2310 = NEXT_ASSEMBLY_USAGE_OCCURRENCE('141904','BALL_0021','',#5,#2257,
  $);
#2311 = PRODUCT_RELATED_PRODUCT_CATEGORY('part',$,(#2259));
#2312 = SHAPE_DEFINITION_REPRESENTATION(#2313,#2319);
#2313 = PRODUCT_DEFINITION_SHAPE('','',#2314);
#2314 = PRODUCT_DEFINITION('design','',#2315,#2318);
#2315 = PRODUCT_DEFINITION_FORMATION('','',#2316);
#2316 = PRODUCT('BALL_0022','BALL_0022','',(#2317));
#2317 = PRODUCT_CONTEXT('',#2,'mechanical');
#2318 = PRODUCT_DEFINITION_CONTEXT('part definition',#2,'design');
#2319 = ADVANCED_BREP_SHAPE_REPRESENTATION('',(#11,#2320),#2358);
#2320 = MANIFOLD_SOLID_BREP('',#2321);
#2321 = CLOSED_SHELL('',(#2322,#2349));
#2322 = ADVANCED_FACE('',(#2323),#2344,.T.);
#2323 = FACE_BOUND('',#2324,.T.);
#2324 = EDGE_LOOP('',(#2325,#2334,#2343));
#2325 = ORIENTED_EDGE('',*,*,#2326,.T.);
#2326 = EDGE_CURVE('',#2327,#2327,#2329,.T.);
#2327 = VERTEX_POINT('',#2328);
#2328 = CARTESIAN_POINT('',(-3.6,0.243199999999,-6.053399999999));
#2329 = CIRCLE('',#2330,0.121600000001);
#2330 = AXIS2_PLACEMENT_3D('',#2331,#2332,#2333);
#2331 = CARTESIAN_POINT('',(-3.6,0.243199999999,-6.175));
#2332 = DIRECTION('',(-5.551115123126E-17,-1.,0.));
#2333 = DIRECTION('',(6.108492277512E-29,-3.390894386119E-45,1.));
#2334 = ORIENTED_EDGE('',*,*,#2335,.T.);
#2335 = EDGE_CURVE('',#2327,#2336,#2338,.T.);
#2336 = VERTEX_POINT('',#2337);
#2337 = CARTESIAN_POINT('',(-3.6,1.334880397544E-13,-6.175));
#2338 = CIRCLE('',#2339,0.152);
#2339 = AXIS2_PLACEMENT_3D('',#2340,#2341,#2342);
#2340 = CARTESIAN_POINT('',(-3.6,0.152,-6.175));
#2341 = DIRECTION('',(1.,-1.110223024625E-16,-5.551115123126E-17));
#2342 = DIRECTION('',(1.110223024625E-16,1.,5.551115123126E-17));
#2343 = ORIENTED_EDGE('',*,*,#2335,.F.);
#2344 = SPHERICAL_SURFACE('',#2345,0.152);
#2345 = AXIS2_PLACEMENT_3D('',#2346,#2347,#2348);
#2346 = CARTESIAN_POINT('',(-3.6,0.152,-6.175));
#2347 = DIRECTION('',(-5.551115123126E-17,-1.,-0.));
#2348 = DIRECTION('',(5.463066675185E-29,-3.032611203926E-45,1.));
#2349 = ADVANCED_FACE('',(#2350),#2353,.F.);
#2350 = FACE_BOUND('',#2351,.F.);
#2351 = EDGE_LOOP('',(#2352));
#2352 = ORIENTED_EDGE('',*,*,#2326,.T.);
#2353 = PLANE('',#2354);
#2354 = AXIS2_PLACEMENT_3D('',#2355,#2356,#2357);
#2355 = CARTESIAN_POINT('',(-3.6,0.2432,-6.175));
#2356 = DIRECTION('',(-5.551115123126E-17,-1.,-0.));
#2357 = DIRECTION('',(6.10849227756E-29,-3.390894386146E-45,1.));
#2358 = ( GEOMETRIC_REPRESENTATION_CONTEXT(3) 
GLOBAL_UNCERTAINTY_ASSIGNED_CONTEXT((#2362)) 
GLOBAL_UNIT_ASSIGNED_CONTEXT((#2359,#2360,#2361)) REPRESENTATION_CONTEXT
('Context #1','3D Context with UNIT and UNCERTAINTY') );
#2359 = ( LENGTH_UNIT() NAMED_UNIT(*) SI_UNIT(.MILLI.,.METRE.) );
#2360 = ( NAMED_UNIT(*) PLANE_ANGLE_UNIT() SI_UNIT($,.RADIAN.) );
#2361 = ( NAMED_UNIT(*) SI_UNIT($,.STERADIAN.) SOLID_ANGLE_UNIT() );
#2362 = UNCERTAINTY_MEASURE_WITH_UNIT(LENGTH_MEASURE(1.E-07),#2359,
  'distance_accuracy_value','confusion accuracy');
#2363 = CONTEXT_DEPENDENT_SHAPE_REPRESENTATION(#2364,#2366);
#2364 = ( REPRESENTATION_RELATIONSHIP('','',#2319,#10) 
REPRESENTATION_RELATIONSHIP_WITH_TRANSFORMATION(#2365) 
SHAPE_REPRESENTATION_RELATIONSHIP() );
#2365 = ITEM_DEFINED_TRANSFORMATION('','',#11,#107);
#2366 = PRODUCT_DEFINITION_SHAPE('Placement','Placement of an item',
  #2367);
#2367 = NEXT_ASSEMBLY_USAGE_OCCURRENCE('141905','BALL_0022','',#5,#2314,
  $);
#2368 = PRODUCT_RELATED_PRODUCT_CATEGORY('part',$,(#2316));
#2369 = SHAPE_DEFINITION_REPRESENTATION(#2370,#2376);
#2370 = PRODUCT_DEFINITION_SHAPE('','',#2371);
#2371 = PRODUCT_DEFINITION('design','',#2372,#2375);
#2372 = PRODUCT_DEFINITION_FORMATION('','',#2373);
#2373 = PRODUCT('BALL_0023','BALL_0023','',(#2374));
#2374 = PRODUCT_CONTEXT('',#2,'mechanical');
#2375 = PRODUCT_DEFINITION_CONTEXT('part definition',#2,'design');
#2376 = ADVANCED_BREP_SHAPE_REPRESENTATION('',(#11,#2377),#2415);
#2377 = MANIFOLD_SOLID_BREP('',#2378);
#2378 = CLOSED_SHELL('',(#2379,#2406));
#2379 = ADVANCED_FACE('',(#2380),#2401,.T.);
#2380 = FACE_BOUND('',#2381,.T.);
#2381 = EDGE_LOOP('',(#2382,#2391,#2400));
#2382 = ORIENTED_EDGE('',*,*,#2383,.T.);
#2383 = EDGE_CURVE('',#2384,#2384,#2386,.T.);
#2384 = VERTEX_POINT('',#2385);
#2385 = CARTESIAN_POINT('',(-3.6,0.243199999999,-6.053399999999));
#2386 = CIRCLE('',#2387,0.121600000001);
#2387 = AXIS2_PLACEMENT_3D('',#2388,#2389,#2390);
#2388 = CARTESIAN_POINT('',(-3.6,0.243199999999,-6.175));
#2389 = DIRECTION('',(-5.551115123126E-17,-1.,0.));
#2390 = DIRECTION('',(6.108492277512E-29,-3.390894386119E-45,1.));
#2391 = ORIENTED_EDGE('',*,*,#2392,.T.);
#2392 = EDGE_CURVE('',#2384,#2393,#2395,.T.);
#2393 = VERTEX_POINT('',#2394);
#2394 = CARTESIAN_POINT('',(-3.6,1.334880397544E-13,-6.175));
#2395 = CIRCLE('',#2396,0.152);
#2396 = AXIS2_PLACEMENT_3D('',#2397,#2398,#2399);
#2397 = CARTESIAN_POINT('',(-3.6,0.152,-6.175));
#2398 = DIRECTION('',(1.,-1.110223024625E-16,-5.551115123126E-17));
#2399 = DIRECTION('',(1.110223024625E-16,1.,5.551115123126E-17));
#2400 = ORIENTED_EDGE('',*,*,#2392,.F.);
#2401 = SPHERICAL_SURFACE('',#2402,0.152);
#2402 = AXIS2_PLACEMENT_3D('',#2403,#2404,#2405);
#2403 = CARTESIAN_POINT('',(-3.6,0.152,-6.175));
#2404 = DIRECTION('',(-5.551115123126E-17,-1.,-0.));
#2405 = DIRECTION('',(5.463066675185E-29,-3.032611203926E-45,1.));
#2406 = ADVANCED_FACE('',(#2407),#2410,.F.);
#2407 = FACE_BOUND('',#2408,.F.);
#2408 = EDGE_LOOP('',(#2409));
#2409 = ORIENTED_EDGE('',*,*,#2383,.T.);
#2410 = PLANE('',#2411);
#2411 = AXIS2_PLACEMENT_3D('',#2412,#2413,#2414);
#2412 = CARTESIAN_POINT('',(-3.6,0.2432,-6.175));
#2413 = DIRECTION('',(-5.551115123126E-17,-1.,-0.));
#2414 = DIRECTION('',(6.10849227756E-29,-3.390894386146E-45,1.));
#2415 = ( GEOMETRIC_REPRESENTATION_CONTEXT(3) 
GLOBAL_UNCERTAINTY_ASSIGNED_CONTEXT((#2419)) 
GLOBAL_UNIT_ASSIGNED_CONTEXT((#2416,#2417,#2418)) REPRESENTATION_CONTEXT
('Context #1','3D Context with UNIT and UNCERTAINTY') );
#2416 = ( LENGTH_UNIT() NAMED_UNIT(*) SI_UNIT(.MILLI.,.METRE.) );
#2417 = ( NAMED_UNIT(*) PLANE_ANGLE_UNIT() SI_UNIT($,.RADIAN.) );
#2418 = ( NAMED_UNIT(*) SI_UNIT($,.STERADIAN.) SOLID_ANGLE_UNIT() );
#2419 = UNCERTAINTY_MEASURE_WITH_UNIT(LENGTH_MEASURE(1.E-07),#2416,
  'distance_accuracy_value','confusion accuracy');
#2420 = CONTEXT_DEPENDENT_SHAPE_REPRESENTATION(#2421,#2423);
#2421 = ( REPRESENTATION_RELATIONSHIP('','',#2376,#10) 
REPRESENTATION_RELATIONSHIP_WITH_TRANSFORMATION(#2422) 
SHAPE_REPRESENTATION_RELATIONSHIP() );
#2422 = ITEM_DEFINED_TRANSFORMATION('','',#11,#111);
#2423 = PRODUCT_DEFINITION_SHAPE('Placement','Placement of an item',
  #2424);
#2424 = NEXT_ASSEMBLY_USAGE_OCCURRENCE('141906','BALL_0023','',#5,#2371,
  $);
#2425 = PRODUCT_RELATED_PRODUCT_CATEGORY('part',$,(#2373));
#2426 = SHAPE_DEFINITION_REPRESENTATION(#2427,#2433);
#2427 = PRODUCT_DEFINITION_SHAPE('','',#2428);
#2428 = PRODUCT_DEFINITION('design','',#2429,#2432);
#2429 = PRODUCT_DEFINITION_FORMATION('','',#2430);
#2430 = PRODUCT('BALL_0024','BALL_0024','',(#2431));
#2431 = PRODUCT_CONTEXT('',#2,'mechanical');
#2432 = PRODUCT_DEFINITION_CONTEXT('part definition',#2,'design');
#2433 = ADVANCED_BREP_SHAPE_REPRESENTATION('',(#11,#2434),#2472);
#2434 = MANIFOLD_SOLID_BREP('',#2435);
#2435 = CLOSED_SHELL('',(#2436,#2463));
#2436 = ADVANCED_FACE('',(#2437),#2458,.T.);
#2437 = FACE_BOUND('',#2438,.T.);
#2438 = EDGE_LOOP('',(#2439,#2448,#2457));
#2439 = ORIENTED_EDGE('',*,*,#2440,.T.);
#2440 = EDGE_CURVE('',#2441,#2441,#2443,.T.);
#2441 = VERTEX_POINT('',#2442);
#2442 = CARTESIAN_POINT('',(-3.6,0.243199999999,-6.053399999999));
#2443 = CIRCLE('',#2444,0.121600000001);
#2444 = AXIS2_PLACEMENT_3D('',#2445,#2446,#2447);
#2445 = CARTESIAN_POINT('',(-3.6,0.243199999999,-6.175));
#2446 = DIRECTION('',(-5.551115123126E-17,-1.,0.));
#2447 = DIRECTION('',(6.108492277512E-29,-3.390894386119E-45,1.));
#2448 = ORIENTED_EDGE('',*,*,#2449,.T.);
#2449 = EDGE_CURVE('',#2441,#2450,#2452,.T.);
#2450 = VERTEX_POINT('',#2451);
#2451 = CARTESIAN_POINT('',(-3.6,1.334880397544E-13,-6.175));
#2452 = CIRCLE('',#2453,0.152);
#2453 = AXIS2_PLACEMENT_3D('',#2454,#2455,#2456);
#2454 = CARTESIAN_POINT('',(-3.6,0.152,-6.175));
#2455 = DIRECTION('',(1.,-1.110223024625E-16,-5.551115123126E-17));
#2456 = DIRECTION('',(1.110223024625E-16,1.,5.551115123126E-17));
#2457 = ORIENTED_EDGE('',*,*,#2449,.F.);
#2458 = SPHERICAL_SURFACE('',#2459,0.152);
#2459 = AXIS2_PLACEMENT_3D('',#2460,#2461,#2462);
#2460 = CARTESIAN_POINT('',(-3.6,0.152,-6.175));
#2461 = DIRECTION('',(-5.551115123126E-17,-1.,-0.));
#2462 = DIRECTION('',(5.463066675185E-29,-3.032611203926E-45,1.));
#2463 = ADVANCED_FACE('',(#2464),#2467,.F.);
#2464 = FACE_BOUND('',#2465,.F.);
#2465 = EDGE_LOOP('',(#2466));
#2466 = ORIENTED_EDGE('',*,*,#2440,.T.);
#2467 = PLANE('',#2468);
#2468 = AXIS2_PLACEMENT_3D('',#2469,#2470,#2471);
#2469 = CARTESIAN_POINT('',(-3.6,0.2432,-6.175));
#2470 = DIRECTION('',(-5.551115123126E-17,-1.,-0.));
#2471 = DIRECTION('',(6.10849227756E-29,-3.390894386146E-45,1.));
#2472 = ( GEOMETRIC_REPRESENTATION_CONTEXT(3) 
GLOBAL_UNCERTAINTY_ASSIGNED_CONTEXT((#2476)) 
GLOBAL_UNIT_ASSIGNED_CONTEXT((#2473,#2474,#2475)) REPRESENTATION_CONTEXT
('Context #1','3D Context with UNIT and UNCERTAINTY') );
#2473 = ( LENGTH_UNIT() NAMED_UNIT(*) SI_UNIT(.MILLI.,.METRE.) );
#2474 = ( NAMED_UNIT(*) PLANE_ANGLE_UNIT() SI_UNIT($,.RADIAN.) );
#2475 = ( NAMED_UNIT(*) SI_UNIT($,.STERADIAN.) SOLID_ANGLE_UNIT() );
#2476 = UNCERTAINTY_MEASURE_WITH_UNIT(LENGTH_MEASURE(1.E-07),#2473,
  'distance_accuracy_value','confusion accuracy');
#2477 = CONTEXT_DEPENDENT_SHAPE_REPRESENTATION(#2478,#2480);
#2478 = ( REPRESENTATION_RELATIONSHIP('','',#2433,#10) 
REPRESENTATION_RELATIONSHIP_WITH_TRANSFORMATION(#2479) 
SHAPE_REPRESENTATION_RELATIONSHIP() );
#2479 = ITEM_DEFINED_TRANSFORMATION('','',#11,#115);
#2480 = PRODUCT_DEFINITION_SHAPE('Placement','Placement of an item',
  #2481);
#2481 = NEXT_ASSEMBLY_USAGE_OCCURRENCE('141907','BALL_0024','',#5,#2428,
  $);
#2482 = PRODUCT_RELATED_PRODUCT_CATEGORY('part',$,(#2430));
#2483 = SHAPE_DEFINITION_REPRESENTATION(#2484,#2490);
#2484 = PRODUCT_DEFINITION_SHAPE('','',#2485);
#2485 = PRODUCT_DEFINITION('design','',#2486,#2489);
#2486 = PRODUCT_DEFINITION_FORMATION('','',#2487);
#2487 = PRODUCT('BALL_0025','BALL_0025','',(#2488));
#2488 = PRODUCT_CONTEXT('',#2,'mechanical');
#2489 = PRODUCT_DEFINITION_CONTEXT('part definition',#2,'design');
#2490 = ADVANCED_BREP_SHAPE_REPRESENTATION('',(#11,#2491),#2529);
#2491 = MANIFOLD_SOLID_BREP('',#2492);
#2492 = CLOSED_SHELL('',(#2493,#2520));
#2493 = ADVANCED_FACE('',(#2494),#2515,.T.);
#2494 = FACE_BOUND('',#2495,.T.);
#2495 = EDGE_LOOP('',(#2496,#2505,#2514));
#2496 = ORIENTED_EDGE('',*,*,#2497,.T.);
#2497 = EDGE_CURVE('',#2498,#2498,#2500,.T.);
#2498 = VERTEX_POINT('',#2499);
#2499 = CARTESIAN_POINT('',(-3.6,0.243199999999,-6.053399999999));
#2500 = CIRCLE('',#2501,0.121600000001);
#2501 = AXIS2_PLACEMENT_3D('',#2502,#2503,#2504);
#2502 = CARTESIAN_POINT('',(-3.6,0.243199999999,-6.175));
#2503 = DIRECTION('',(-5.551115123126E-17,-1.,0.));
#2504 = DIRECTION('',(6.108492277512E-29,-3.390894386119E-45,1.));
#2505 = ORIENTED_EDGE('',*,*,#2506,.T.);
#2506 = EDGE_CURVE('',#2498,#2507,#2509,.T.);
#2507 = VERTEX_POINT('',#2508);
#2508 = CARTESIAN_POINT('',(-3.6,1.334880397544E-13,-6.175));
#2509 = CIRCLE('',#2510,0.152);
#2510 = AXIS2_PLACEMENT_3D('',#2511,#2512,#2513);
#2511 = CARTESIAN_POINT('',(-3.6,0.152,-6.175));
#2512 = DIRECTION('',(1.,-1.110223024625E-16,-5.551115123126E-17));
#2513 = DIRECTION('',(1.110223024625E-16,1.,5.551115123126E-17));
#2514 = ORIENTED_EDGE('',*,*,#2506,.F.);
#2515 = SPHERICAL_SURFACE('',#2516,0.152);
#2516 = AXIS2_PLACEMENT_3D('',#2517,#2518,#2519);
#2517 = CARTESIAN_POINT('',(-3.6,0.152,-6.175));
#2518 = DIRECTION('',(-5.551115123126E-17,-1.,-0.));
#2519 = DIRECTION('',(5.463066675185E-29,-3.032611203926E-45,1.));
#2520 = ADVANCED_FACE('',(#2521),#2524,.F.);
#2521 = FACE_BOUND('',#2522,.F.);
#2522 = EDGE_LOOP('',(#2523));
#2523 = ORIENTED_EDGE('',*,*,#2497,.T.);
#2524 = PLANE('',#2525);
#2525 = AXIS2_PLACEMENT_3D('',#2526,#2527,#2528);
#2526 = CARTESIAN_POINT('',(-3.6,0.2432,-6.175));
#2527 = DIRECTION('',(-5.551115123126E-17,-1.,-0.));
#2528 = DIRECTION('',(6.10849227756E-29,-3.390894386146E-45,1.));
#2529 = ( GEOMETRIC_REPRESENTATION_CONTEXT(3) 
GLOBAL_UNCERTAINTY_ASSIGNED_CONTEXT((#2533)) 
GLOBAL_UNIT_ASSIGNED_CONTEXT((#2530,#2531,#2532)) REPRESENTATION_CONTEXT
('Context #1','3D Context with UNIT and UNCERTAINTY') );
#2530 = ( LENGTH_UNIT() NAMED_UNIT(*) SI_UNIT(.MILLI.,.METRE.) );
#2531 = ( NAMED_UNIT(*) PLANE_ANGLE_UNIT() SI_UNIT($,.RADIAN.) );
#2532 = ( NAMED_UNIT(*) SI_UNIT($,.STERADIAN.) SOLID_ANGLE_UNIT() );
#2533 = UNCERTAINTY_MEASURE_WITH_UNIT(LENGTH_MEASURE(1.E-07),#2530,
  'distance_accuracy_value','confusion accuracy');
#2534 = CONTEXT_DEPENDENT_SHAPE_REPRESENTATION(#2535,#2537);
#2535 = ( REPRESENTATION_RELATIONSHIP('','',#2490,#10) 
REPRESENTATION_RELATIONSHIP_WITH_TRANSFORMATION(#2536) 
SHAPE_REPRESENTATION_RELATIONSHIP() );
#2536 = ITEM_DEFINED_TRANSFORMATION('','',#11,#119);
#2537 = PRODUCT_DEFINITION_SHAPE('Placement','Placement of an item',
  #2538);
#2538 = NEXT_ASSEMBLY_USAGE_OCCURRENCE('141908','BALL_0025','',#5,#2485,
  $);
#2539 = PRODUCT_RELATED_PRODUCT_CATEGORY('part',$,(#2487));
#2540 = SHAPE_DEFINITION_REPRESENTATION(#2541,#2547);
#2541 = PRODUCT_DEFINITION_SHAPE('','',#2542);
#2542 = PRODUCT_DEFINITION('design','',#2543,#2546);
#2543 = PRODUCT_DEFINITION_FORMATION('','',#2544);
#2544 = PRODUCT('BALL_0026','BALL_0026','',(#2545));
#2545 = PRODUCT_CONTEXT('',#2,'mechanical');
#2546 = PRODUCT_DEFINITION_CONTEXT('part definition',#2,'design');
#2547 = ADVANCED_BREP_SHAPE_REPRESENTATION('',(#11,#2548),#2586);
#2548 = MANIFOLD_SOLID_BREP('',#2549);
#2549 = CLOSED_SHELL('',(#2550,#2577));
#2550 = ADVANCED_FACE('',(#2551),#2572,.T.);
#2551 = FACE_BOUND('',#2552,.T.);
#2552 = EDGE_LOOP('',(#2553,#2562,#2571));
#2553 = ORIENTED_EDGE('',*,*,#2554,.T.);
#2554 = EDGE_CURVE('',#2555,#2555,#2557,.T.);
#2555 = VERTEX_POINT('',#2556);
#2556 = CARTESIAN_POINT('',(-3.6,0.243199999999,-6.053399999999));
#2557 = CIRCLE('',#2558,0.121600000001);
#2558 = AXIS2_PLACEMENT_3D('',#2559,#2560,#2561);
#2559 = CARTESIAN_POINT('',(-3.6,0.243199999999,-6.175));
#2560 = DIRECTION('',(-5.551115123126E-17,-1.,0.));
#2561 = DIRECTION('',(6.108492277512E-29,-3.390894386119E-45,1.));
#2562 = ORIENTED_EDGE('',*,*,#2563,.T.);
#2563 = EDGE_CURVE('',#2555,#2564,#2566,.T.);
#2564 = VERTEX_POINT('',#2565);
#2565 = CARTESIAN_POINT('',(-3.6,1.334880397544E-13,-6.175));
#2566 = CIRCLE('',#2567,0.152);
#2567 = AXIS2_PLACEMENT_3D('',#2568,#2569,#2570);
#2568 = CARTESIAN_POINT('',(-3.6,0.152,-6.175));
#2569 = DIRECTION('',(1.,-1.110223024625E-16,-5.551115123126E-17));
#2570 = DIRECTION('',(1.110223024625E-16,1.,5.551115123126E-17));
#2571 = ORIENTED_EDGE('',*,*,#2563,.F.);
#2572 = SPHERICAL_SURFACE('',#2573,0.152);
#2573 = AXIS2_PLACEMENT_3D('',#2574,#2575,#2576);
#2574 = CARTESIAN_POINT('',(-3.6,0.152,-6.175));
#2575 = DIRECTION('',(-5.551115123126E-17,-1.,-0.));
#2576 = DIRECTION('',(5.463066675185E-29,-3.032611203926E-45,1.));
#2577 = ADVANCED_FACE('',(#2578),#2581,.F.);
#2578 = FACE_BOUND('',#2579,.F.);
#2579 = EDGE_LOOP('',(#2580));
#2580 = ORIENTED_EDGE('',*,*,#2554,.T.);
#2581 = PLANE('',#2582);
#2582 = AXIS2_PLACEMENT_3D('',#2583,#2584,#2585);
#2583 = CARTESIAN_POINT('',(-3.6,0.2432,-6.175));
#2584 = DIRECTION('',(-5.551115123126E-17,-1.,-0.));
#2585 = DIRECTION('',(6.10849227756E-29,-3.390894386146E-45,1.));
#2586 = ( GEOMETRIC_REPRESENTATION_CONTEXT(3) 
GLOBAL_UNCERTAINTY_ASSIGNED_CONTEXT((#2590)) 
GLOBAL_UNIT_ASSIGNED_CONTEXT((#2587,#2588,#2589)) REPRESENTATION_CONTEXT
('Context #1','3D Context with UNIT and UNCERTAINTY') );
#2587 = ( LENGTH_UNIT() NAMED_UNIT(*) SI_UNIT(.MILLI.,.METRE.) );
#2588 = ( NAMED_UNIT(*) PLANE_ANGLE_UNIT() SI_UNIT($,.RADIAN.) );
#2589 = ( NAMED_UNIT(*) SI_UNIT($,.STERADIAN.) SOLID_ANGLE_UNIT() );
#2590 = UNCERTAINTY_MEASURE_WITH_UNIT(LENGTH_MEASURE(1.E-07),#2587,
  'distance_accuracy_value','confusion accuracy');
#2591 = CONTEXT_DEPENDENT_SHAPE_REPRESENTATION(#2592,#2594);
#2592 = ( REPRESENTATION_RELATIONSHIP('','',#2547,#10) 
REPRESENTATION_RELATIONSHIP_WITH_TRANSFORMATION(#2593) 
SHAPE_REPRESENTATION_RELATIONSHIP() );
#2593 = ITEM_DEFINED_TRANSFORMATION('','',#11,#123);
#2594 = PRODUCT_DEFINITION_SHAPE('Placement','Placement of an item',
  #2595);
#2595 = NEXT_ASSEMBLY_USAGE_OCCURRENCE('141909','BALL_0026','',#5,#2542,
  $);
#2596 = PRODUCT_RELATED_PRODUCT_CATEGORY('part',$,(#2544));
#2597 = SHAPE_DEFINITION_REPRESENTATION(#2598,#2604);
#2598 = PRODUCT_DEFINITION_SHAPE('','',#2599);
#2599 = PRODUCT_DEFINITION('design','',#2600,#2603);
#2600 = PRODUCT_DEFINITION_FORMATION('','',#2601);
#2601 = PRODUCT('BALL_0027','BALL_0027','',(#2602));
#2602 = PRODUCT_CONTEXT('',#2,'mechanical');
#2603 = PRODUCT_DEFINITION_CONTEXT('part definition',#2,'design');
#2604 = ADVANCED_BREP_SHAPE_REPRESENTATION('',(#11,#2605),#2643);
#2605 = MANIFOLD_SOLID_BREP('',#2606);
#2606 = CLOSED_SHELL('',(#2607,#2634));
#2607 = ADVANCED_FACE('',(#2608),#2629,.T.);
#2608 = FACE_BOUND('',#2609,.T.);
#2609 = EDGE_LOOP('',(#2610,#2619,#2628));
#2610 = ORIENTED_EDGE('',*,*,#2611,.T.);
#2611 = EDGE_CURVE('',#2612,#2612,#2614,.T.);
#2612 = VERTEX_POINT('',#2613);
#2613 = CARTESIAN_POINT('',(-3.6,0.243199999999,-6.053399999999));
#2614 = CIRCLE('',#2615,0.121600000001);
#2615 = AXIS2_PLACEMENT_3D('',#2616,#2617,#2618);
#2616 = CARTESIAN_POINT('',(-3.6,0.243199999999,-6.175));
#2617 = DIRECTION('',(-5.551115123126E-17,-1.,0.));
#2618 = DIRECTION('',(6.108492277512E-29,-3.390894386119E-45,1.));
#2619 = ORIENTED_EDGE('',*,*,#2620,.T.);
#2620 = EDGE_CURVE('',#2612,#2621,#2623,.T.);
#2621 = VERTEX_POINT('',#2622);
#2622 = CARTESIAN_POINT('',(-3.6,1.334880397544E-13,-6.175));
#2623 = CIRCLE('',#2624,0.152);
#2624 = AXIS2_PLACEMENT_3D('',#2625,#2626,#2627);
#2625 = CARTESIAN_POINT('',(-3.6,0.152,-6.175));
#2626 = DIRECTION('',(1.,-1.110223024625E-16,-5.551115123126E-17));
#2627 = DIRECTION('',(1.110223024625E-16,1.,5.551115123126E-17));
#2628 = ORIENTED_EDGE('',*,*,#2620,.F.);
#2629 = SPHERICAL_SURFACE('',#2630,0.152);
#2630 = AXIS2_PLACEMENT_3D('',#2631,#2632,#2633);
#2631 = CARTESIAN_POINT('',(-3.6,0.152,-6.175));
#2632 = DIRECTION('',(-5.551115123126E-17,-1.,-0.));
#2633 = DIRECTION('',(5.463066675185E-29,-3.032611203926E-45,1.));
#2634 = ADVANCED_FACE('',(#2635),#2638,.F.);
#2635 = FACE_BOUND('',#2636,.F.);
#2636 = EDGE_LOOP('',(#2637));
#2637 = ORIENTED_EDGE('',*,*,#2611,.T.);
#2638 = PLANE('',#2639);
#2639 = AXIS2_PLACEMENT_3D('',#2640,#2641,#2642);
#2640 = CARTESIAN_POINT('',(-3.6,0.2432,-6.175));
#2641 = DIRECTION('',(-5.551115123126E-17,-1.,-0.));
#2642 = DIRECTION('',(6.10849227756E-29,-3.390894386146E-45,1.));
#2643 = ( GEOMETRIC_REPRESENTATION_CONTEXT(3) 
GLOBAL_UNCERTAINTY_ASSIGNED_CONTEXT((#2647)) 
GLOBAL_UNIT_ASSIGNED_CONTEXT((#2644,#2645,#2646)) REPRESENTATION_CONTEXT
('Context #1','3D Context with UNIT and UNCERTAINTY') );
#2644 = ( LENGTH_UNIT() NAMED_UNIT(*) SI_UNIT(.MILLI.,.METRE.) );
#2645 = ( NAMED_UNIT(*) PLANE_ANGLE_UNIT() SI_UNIT($,.RADIAN.) );
#2646 = ( NAMED_UNIT(*) SI_UNIT($,.STERADIAN.) SOLID_ANGLE_UNIT() );
#2647 = UNCERTAINTY_MEASURE_WITH_UNIT(LENGTH_MEASURE(1.E-07),#2644,
  'distance_accuracy_value','confusion accuracy');
#2648 = CONTEXT_DEPENDENT_SHAPE_REPRESENTATION(#2649,#2651);
#2649 = ( REPRESENTATION_RELATIONSHIP('','',#2604,#10) 
REPRESENTATION_RELATIONSHIP_WITH_TRANSFORMATION(#2650) 
SHAPE_REPRESENTATION_RELATIONSHIP() );
#2650 = ITEM_DEFINED_TRANSFORMATION('','',#11,#127);
#2651 = PRODUCT_DEFINITION_SHAPE('Placement','Placement of an item',
  #2652);
#2652 = NEXT_ASSEMBLY_USAGE_OCCURRENCE('141910','BALL_0027','',#5,#2599,
  $);
#2653 = PRODUCT_RELATED_PRODUCT_CATEGORY('part',$,(#2601));
#2654 = SHAPE_DEFINITION_REPRESENTATION(#2655,#2661);
#2655 = PRODUCT_DEFINITION_SHAPE('','',#2656);
#2656 = PRODUCT_DEFINITION('design','',#2657,#2660);
#2657 = PRODUCT_DEFINITION_FORMATION('','',#2658);
#2658 = PRODUCT('BALL_0028','BALL_0028','',(#2659));
#2659 = PRODUCT_CONTEXT('',#2,'mechanical');
#2660 = PRODUCT_DEFINITION_CONTEXT('part definition',#2,'design');
#2661 = ADVANCED_BREP_SHAPE_REPRESENTATION('',(#11,#2662),#2700);
#2662 = MANIFOLD_SOLID_BREP('',#2663);
#2663 = CLOSED_SHELL('',(#2664,#2691));
#2664 = ADVANCED_FACE('',(#2665),#2686,.T.);
#2665 = FACE_BOUND('',#2666,.T.);
#2666 = EDGE_LOOP('',(#2667,#2676,#2685));
#2667 = ORIENTED_EDGE('',*,*,#2668,.T.);
#2668 = EDGE_CURVE('',#2669,#2669,#2671,.T.);
#2669 = VERTEX_POINT('',#2670);
#2670 = CARTESIAN_POINT('',(-3.6,0.243199999999,-6.053399999999));
#2671 = CIRCLE('',#2672,0.121600000001);
#2672 = AXIS2_PLACEMENT_3D('',#2673,#2674,#2675);
#2673 = CARTESIAN_POINT('',(-3.6,0.243199999999,-6.175));
#2674 = DIRECTION('',(-5.551115123126E-17,-1.,0.));
#2675 = DIRECTION('',(6.108492277512E-29,-3.390894386119E-45,1.));
#2676 = ORIENTED_EDGE('',*,*,#2677,.T.);
#2677 = EDGE_CURVE('',#2669,#2678,#2680,.T.);
#2678 = VERTEX_POINT('',#2679);
#2679 = CARTESIAN_POINT('',(-3.6,1.334880397544E-13,-6.175));
#2680 = CIRCLE('',#2681,0.152);
#2681 = AXIS2_PLACEMENT_3D('',#2682,#2683,#2684);
#2682 = CARTESIAN_POINT('',(-3.6,0.152,-6.175));
#2683 = DIRECTION('',(1.,-1.110223024625E-16,-5.551115123126E-17));
#2684 = DIRECTION('',(1.110223024625E-16,1.,5.551115123126E-17));
#2685 = ORIENTED_EDGE('',*,*,#2677,.F.);
#2686 = SPHERICAL_SURFACE('',#2687,0.152);
#2687 = AXIS2_PLACEMENT_3D('',#2688,#2689,#2690);
#2688 = CARTESIAN_POINT('',(-3.6,0.152,-6.175));
#2689 = DIRECTION('',(-5.551115123126E-17,-1.,-0.));
#2690 = DIRECTION('',(5.463066675185E-29,-3.032611203926E-45,1.));
#2691 = ADVANCED_FACE('',(#2692),#2695,.F.);
#2692 = FACE_BOUND('',#2693,.F.);
#2693 = EDGE_LOOP('',(#2694));
#2694 = ORIENTED_EDGE('',*,*,#2668,.T.);
#2695 = PLANE('',#2696);
#2696 = AXIS2_PLACEMENT_3D('',#2697,#2698,#2699);
#2697 = CARTESIAN_POINT('',(-3.6,0.2432,-6.175));
#2698 = DIRECTION('',(-5.551115123126E-17,-1.,-0.));
#2699 = DIRECTION('',(6.10849227756E-29,-3.390894386146E-45,1.));
#2700 = ( GEOMETRIC_REPRESENTATION_CONTEXT(3) 
GLOBAL_UNCERTAINTY_ASSIGNED_CONTEXT((#2704)) 
GLOBAL_UNIT_ASSIGNED_CONTEXT((#2701,#2702,#2703)) REPRESENTATION_CONTEXT
('Context #1','3D Context with UNIT and UNCERTAINTY') );
#2701 = ( LENGTH_UNIT() NAMED_UNIT(*) SI_UNIT(.MILLI.,.METRE.) );
#2702 = ( NAMED_UNIT(*) PLANE_ANGLE_UNIT() SI_UNIT($,.RADIAN.) );
#2703 = ( NAMED_UNIT(*) SI_UNIT($,.STERADIAN.) SOLID_ANGLE_UNIT() );
#2704 = UNCERTAINTY_MEASURE_WITH_UNIT(LENGTH_MEASURE(1.E-07),#2701,
  'distance_accuracy_value','confusion accuracy');
#2705 = CONTEXT_DEPENDENT_SHAPE_REPRESENTATION(#2706,#2708);
#2706 = ( REPRESENTATION_RELATIONSHIP('','',#2661,#10) 
REPRESENTATION_RELATIONSHIP_WITH_TRANSFORMATION(#2707) 
SHAPE_REPRESENTATION_RELATIONSHIP() );
#2707 = ITEM_DEFINED_TRANSFORMATION('','',#11,#131);
#2708 = PRODUCT_DEFINITION_SHAPE('Placement','Placement of an item',
  #2709);
#2709 = NEXT_ASSEMBLY_USAGE_OCCURRENCE('141911','BALL_0028','',#5,#2656,
  $);
#2710 = PRODUCT_RELATED_PRODUCT_CATEGORY('part',$,(#2658));
#2711 = SHAPE_DEFINITION_REPRESENTATION(#2712,#2718);
#2712 = PRODUCT_DEFINITION_SHAPE('','',#2713);
#2713 = PRODUCT_DEFINITION('design','',#2714,#2717);
#2714 = PRODUCT_DEFINITION_FORMATION('','',#2715);
#2715 = PRODUCT('BALL_0029','BALL_0029','',(#2716));
#2716 = PRODUCT_CONTEXT('',#2,'mechanical');
#2717 = PRODUCT_DEFINITION_CONTEXT('part definition',#2,'design');
#2718 = ADVANCED_BREP_SHAPE_REPRESENTATION('',(#11,#2719),#2757);
#2719 = MANIFOLD_SOLID_BREP('',#2720);
#2720 = CLOSED_SHELL('',(#2721,#2748));
#2721 = ADVANCED_FACE('',(#2722),#2743,.T.);
#2722 = FACE_BOUND('',#2723,.T.);
#2723 = EDGE_LOOP('',(#2724,#2733,#2742));
#2724 = ORIENTED_EDGE('',*,*,#2725,.T.);
#2725 = EDGE_CURVE('',#2726,#2726,#2728,.T.);
#2726 = VERTEX_POINT('',#2727);
#2727 = CARTESIAN_POINT('',(-3.6,0.243199999999,-6.053399999999));
#2728 = CIRCLE('',#2729,0.121600000001);
#2729 = AXIS2_PLACEMENT_3D('',#2730,#2731,#2732);
#2730 = CARTESIAN_POINT('',(-3.6,0.243199999999,-6.175));
#2731 = DIRECTION('',(-5.551115123126E-17,-1.,0.));
#2732 = DIRECTION('',(6.108492277512E-29,-3.390894386119E-45,1.));
#2733 = ORIENTED_EDGE('',*,*,#2734,.T.);
#2734 = EDGE_CURVE('',#2726,#2735,#2737,.T.);
#2735 = VERTEX_POINT('',#2736);
#2736 = CARTESIAN_POINT('',(-3.6,1.334880397544E-13,-6.175));
#2737 = CIRCLE('',#2738,0.152);
#2738 = AXIS2_PLACEMENT_3D('',#2739,#2740,#2741);
#2739 = CARTESIAN_POINT('',(-3.6,0.152,-6.175));
#2740 = DIRECTION('',(1.,-1.110223024625E-16,-5.551115123126E-17));
#2741 = DIRECTION('',(1.110223024625E-16,1.,5.551115123126E-17));
#2742 = ORIENTED_EDGE('',*,*,#2734,.F.);
#2743 = SPHERICAL_SURFACE('',#2744,0.152);
#2744 = AXIS2_PLACEMENT_3D('',#2745,#2746,#2747);
#2745 = CARTESIAN_POINT('',(-3.6,0.152,-6.175));
#2746 = DIRECTION('',(-5.551115123126E-17,-1.,-0.));
#2747 = DIRECTION('',(5.463066675185E-29,-3.032611203926E-45,1.));
#2748 = ADVANCED_FACE('',(#2749),#2752,.F.);
#2749 = FACE_BOUND('',#2750,.F.);
#2750 = EDGE_LOOP('',(#2751));
#2751 = ORIENTED_EDGE('',*,*,#2725,.T.);
#2752 = PLANE('',#2753);
#2753 = AXIS2_PLACEMENT_3D('',#2754,#2755,#2756);
#2754 = CARTESIAN_POINT('',(-3.6,0.2432,-6.175));
#2755 = DIRECTION('',(-5.551115123126E-17,-1.,-0.));
#2756 = DIRECTION('',(6.10849227756E-29,-3.390894386146E-45,1.));
#2757 = ( GEOMETRIC_REPRESENTATION_CONTEXT(3) 
GLOBAL_UNCERTAINTY_ASSIGNED_CONTEXT((#2761)) 
GLOBAL_UNIT_ASSIGNED_CONTEXT((#2758,#2759,#2760)) REPRESENTATION_CONTEXT
('Context #1','3D Context with UNIT and UNCERTAINTY') );
#2758 = ( LENGTH_UNIT() NAMED_UNIT(*) SI_UNIT(.MILLI.,.METRE.) );
#2759 = ( NAMED_UNIT(*) PLANE_ANGLE_UNIT() SI_UNIT($,.RADIAN.) );
#2760 = ( NAMED_UNIT(*) SI_UNIT($,.STERADIAN.) SOLID_ANGLE_UNIT() );
#2761 = UNCERTAINTY_MEASURE_WITH_UNIT(LENGTH_MEASURE(1.E-07),#2758,
  'distance_accuracy_value','confusion accuracy');
#2762 = CONTEXT_DEPENDENT_SHAPE_REPRESENTATION(#2763,#2765);
#2763 = ( REPRESENTATION_RELATIONSHIP('','',#2718,#10) 
REPRESENTATION_RELATIONSHIP_WITH_TRANSFORMATION(#2764) 
SHAPE_REPRESENTATION_RELATIONSHIP() );
#2764 = ITEM_DEFINED_TRANSFORMATION('','',#11,#135);
#2765 = PRODUCT_DEFINITION_SHAPE('Placement','Placement of an item',
  #2766);
#2766 = NEXT_ASSEMBLY_USAGE_OCCURRENCE('141912','BALL_0029','',#5,#2713,
  $);
#2767 = PRODUCT_RELATED_PRODUCT_CATEGORY('part',$,(#2715));
#2768 = SHAPE_DEFINITION_REPRESENTATION(#2769,#2775);
#2769 = PRODUCT_DEFINITION_SHAPE('','',#2770);
#2770 = PRODUCT_DEFINITION('design','',#2771,#2774);
#2771 = PRODUCT_DEFINITION_FORMATION('','',#2772);
#2772 = PRODUCT('BALL_0030','BALL_0030','',(#2773));
#2773 = PRODUCT_CONTEXT('',#2,'mechanical');
#2774 = PRODUCT_DEFINITION_CONTEXT('part definition',#2,'design');
#2775 = ADVANCED_BREP_SHAPE_REPRESENTATION('',(#11,#2776),#2814);
#2776 = MANIFOLD_SOLID_BREP('',#2777);
#2777 = CLOSED_SHELL('',(#2778,#2805));
#2778 = ADVANCED_FACE('',(#2779),#2800,.T.);
#2779 = FACE_BOUND('',#2780,.T.);
#2780 = EDGE_LOOP('',(#2781,#2790,#2799));
#2781 = ORIENTED_EDGE('',*,*,#2782,.T.);
#2782 = EDGE_CURVE('',#2783,#2783,#2785,.T.);
#2783 = VERTEX_POINT('',#2784);
#2784 = CARTESIAN_POINT('',(-3.6,0.243199999999,-6.053399999999));
#2785 = CIRCLE('',#2786,0.121600000001);
#2786 = AXIS2_PLACEMENT_3D('',#2787,#2788,#2789);
#2787 = CARTESIAN_POINT('',(-3.6,0.243199999999,-6.175));
#2788 = DIRECTION('',(-5.551115123126E-17,-1.,0.));
#2789 = DIRECTION('',(6.108492277512E-29,-3.390894386119E-45,1.));
#2790 = ORIENTED_EDGE('',*,*,#2791,.T.);
#2791 = EDGE_CURVE('',#2783,#2792,#2794,.T.);
#2792 = VERTEX_POINT('',#2793);
#2793 = CARTESIAN_POINT('',(-3.6,1.334880397544E-13,-6.175));
#2794 = CIRCLE('',#2795,0.152);
#2795 = AXIS2_PLACEMENT_3D('',#2796,#2797,#2798);
#2796 = CARTESIAN_POINT('',(-3.6,0.152,-6.175));
#2797 = DIRECTION('',(1.,-1.110223024625E-16,-5.551115123126E-17));
#2798 = DIRECTION('',(1.110223024625E-16,1.,5.551115123126E-17));
#2799 = ORIENTED_EDGE('',*,*,#2791,.F.);
#2800 = SPHERICAL_SURFACE('',#2801,0.152);
#2801 = AXIS2_PLACEMENT_3D('',#2802,#2803,#2804);
#2802 = CARTESIAN_POINT('',(-3.6,0.152,-6.175));
#2803 = DIRECTION('',(-5.551115123126E-17,-1.,-0.));
#2804 = DIRECTION('',(5.463066675185E-29,-3.032611203926E-45,1.));
#2805 = ADVANCED_FACE('',(#2806),#2809,.F.);
#2806 = FACE_BOUND('',#2807,.F.);
#2807 = EDGE_LOOP('',(#2808));
#2808 = ORIENTED_EDGE('',*,*,#2782,.T.);
#2809 = PLANE('',#2810);
#2810 = AXIS2_PLACEMENT_3D('',#2811,#2812,#2813);
#2811 = CARTESIAN_POINT('',(-3.6,0.2432,-6.175));
#2812 = DIRECTION('',(-5.551115123126E-17,-1.,-0.));
#2813 = DIRECTION('',(6.10849227756E-29,-3.390894386146E-45,1.));
#2814 = ( GEOMETRIC_REPRESENTATION_CONTEXT(3) 
GLOBAL_UNCERTAINTY_ASSIGNED_CONTEXT((#2818)) 
GLOBAL_UNIT_ASSIGNED_CONTEXT((#2815,#2816,#2817)) REPRESENTATION_CONTEXT
('Context #1','3D Context with UNIT and UNCERTAINTY') );
#2815 = ( LENGTH_UNIT() NAMED_UNIT(*) SI_UNIT(.MILLI.,.METRE.) );
#2816 = ( NAMED_UNIT(*) PLANE_ANGLE_UNIT() SI_UNIT($,.RADIAN.) );
#2817 = ( NAMED_UNIT(*) SI_UNIT($,.STERADIAN.) SOLID_ANGLE_UNIT() );
#2818 = UNCERTAINTY_MEASURE_WITH_UNIT(LENGTH_MEASURE(1.E-07),#2815,
  'distance_accuracy_value','confusion accuracy');
#2819 = CONTEXT_DEPENDENT_SHAPE_REPRESENTATION(#2820,#2822);
#2820 = ( REPRESENTATION_RELATIONSHIP('','',#2775,#10) 
REPRESENTATION_RELATIONSHIP_WITH_TRANSFORMATION(#2821) 
SHAPE_REPRESENTATION_RELATIONSHIP() );
#2821 = ITEM_DEFINED_TRANSFORMATION('','',#11,#139);
#2822 = PRODUCT_DEFINITION_SHAPE('Placement','Placement of an item',
  #2823);
#2823 = NEXT_ASSEMBLY_USAGE_OCCURRENCE('141913','BALL_0030','',#5,#2770,
  $);
#2824 = PRODUCT_RELATED_PRODUCT_CATEGORY('part',$,(#2772));
#2825 = SHAPE_DEFINITION_REPRESENTATION(#2826,#2832);
#2826 = PRODUCT_DEFINITION_SHAPE('','',#2827);
#2827 = PRODUCT_DEFINITION('design','',#2828,#2831);
#2828 = PRODUCT_DEFINITION_FORMATION('','',#2829);
#2829 = PRODUCT('BALL_0031','BALL_0031','',(#2830));
#2830 = PRODUCT_CONTEXT('',#2,'mechanical');
#2831 = PRODUCT_DEFINITION_CONTEXT('part definition',#2,'design');
#2832 = ADVANCED_BREP_SHAPE_REPRESENTATION('',(#11,#2833),#2871);
#2833 = MANIFOLD_SOLID_BREP('',#2834);
#2834 = CLOSED_SHELL('',(#2835,#2862));
#2835 = ADVANCED_FACE('',(#2836),#2857,.T.);
#2836 = FACE_BOUND('',#2837,.T.);
#2837 = EDGE_LOOP('',(#2838,#2847,#2856));
#2838 = ORIENTED_EDGE('',*,*,#2839,.T.);
#2839 = EDGE_CURVE('',#2840,#2840,#2842,.T.);
#2840 = VERTEX_POINT('',#2841);
#2841 = CARTESIAN_POINT('',(-3.6,0.243199999999,-6.053399999999));
#2842 = CIRCLE('',#2843,0.121600000001);
#2843 = AXIS2_PLACEMENT_3D('',#2844,#2845,#2846);
#2844 = CARTESIAN_POINT('',(-3.6,0.243199999999,-6.175));
#2845 = DIRECTION('',(-5.551115123126E-17,-1.,0.));
#2846 = DIRECTION('',(6.108492277512E-29,-3.390894386119E-45,1.));
#2847 = ORIENTED_EDGE('',*,*,#2848,.T.);
#2848 = EDGE_CURVE('',#2840,#2849,#2851,.T.);
#2849 = VERTEX_POINT('',#2850);
#2850 = CARTESIAN_POINT('',(-3.6,1.334880397544E-13,-6.175));
#2851 = CIRCLE('',#2852,0.152);
#2852 = AXIS2_PLACEMENT_3D('',#2853,#2854,#2855);
#2853 = CARTESIAN_POINT('',(-3.6,0.152,-6.175));
#2854 = DIRECTION('',(1.,-1.110223024625E-16,-5.551115123126E-17));
#2855 = DIRECTION('',(1.110223024625E-16,1.,5.551115123126E-17));
#2856 = ORIENTED_EDGE('',*,*,#2848,.F.);
#2857 = SPHERICAL_SURFACE('',#2858,0.152);
#2858 = AXIS2_PLACEMENT_3D('',#2859,#2860,#2861);
#2859 = CARTESIAN_POINT('',(-3.6,0.152,-6.175));
#2860 = DIRECTION('',(-5.551115123126E-17,-1.,-0.));
#2861 = DIRECTION('',(5.463066675185E-29,-3.032611203926E-45,1.));
#2862 = ADVANCED_FACE('',(#2863),#2866,.F.);
#2863 = FACE_BOUND('',#2864,.F.);
#2864 = EDGE_LOOP('',(#2865));
#2865 = ORIENTED_EDGE('',*,*,#2839,.T.);
#2866 = PLANE('',#2867);
#2867 = AXIS2_PLACEMENT_3D('',#2868,#2869,#2870);
#2868 = CARTESIAN_POINT('',(-3.6,0.2432,-6.175));
#2869 = DIRECTION('',(-5.551115123126E-17,-1.,-0.));
#2870 = DIRECTION('',(6.10849227756E-29,-3.390894386146E-45,1.));
#2871 = ( GEOMETRIC_REPRESENTATION_CONTEXT(3) 
GLOBAL_UNCERTAINTY_ASSIGNED_CONTEXT((#2875)) 
GLOBAL_UNIT_ASSIGNED_CONTEXT((#2872,#2873,#2874)) REPRESENTATION_CONTEXT
('Context #1','3D Context with UNIT and UNCERTAINTY') );
#2872 = ( LENGTH_UNIT() NAMED_UNIT(*) SI_UNIT(.MILLI.,.METRE.) );
#2873 = ( NAMED_UNIT(*) PLANE_ANGLE_UNIT() SI_UNIT($,.RADIAN.) );
#2874 = ( NAMED_UNIT(*) SI_UNIT($,.STERADIAN.) SOLID_ANGLE_UNIT() );
#2875 = UNCERTAINTY_MEASURE_WITH_UNIT(LENGTH_MEASURE(1.E-07),#2872,
  'distance_accuracy_value','confusion accuracy');
#2876 = CONTEXT_DEPENDENT_SHAPE_REPRESENTATION(#2877,#2879);
#2877 = ( REPRESENTATION_RELATIONSHIP('','',#2832,#10) 
REPRESENTATION_RELATIONSHIP_WITH_TRANSFORMATION(#2878) 
SHAPE_REPRESENTATION_RELATIONSHIP() );
#2878 = ITEM_DEFINED_TRANSFORMATION('','',#11,#143);
#2879 = PRODUCT_DEFINITION_SHAPE('Placement','Placement of an item',
  #2880);
#2880 = NEXT_ASSEMBLY_USAGE_OCCURRENCE('141914','BALL_0031','',#5,#2827,
  $);
#2881 = PRODUCT_RELATED_PRODUCT_CATEGORY('part',$,(#2829));
#2882 = SHAPE_DEFINITION_REPRESENTATION(#2883,#2889);
#2883 = PRODUCT_DEFINITION_SHAPE('','',#2884);
#2884 = PRODUCT_DEFINITION('design','',#2885,#2888);
#2885 = PRODUCT_DEFINITION_FORMATION('','',#2886);
#2886 = PRODUCT('BALL_0032','BALL_0032','',(#2887));
#2887 = PRODUCT_CONTEXT('',#2,'mechanical');
#2888 = PRODUCT_DEFINITION_CONTEXT('part definition',#2,'design');
#2889 = ADVANCED_BREP_SHAPE_REPRESENTATION('',(#11,#2890),#2928);
#2890 = MANIFOLD_SOLID_BREP('',#2891);
#2891 = CLOSED_SHELL('',(#2892,#2919));
#2892 = ADVANCED_FACE('',(#2893),#2914,.T.);
#2893 = FACE_BOUND('',#2894,.T.);
#2894 = EDGE_LOOP('',(#2895,#2904,#2913));
#2895 = ORIENTED_EDGE('',*,*,#2896,.T.);
#2896 = EDGE_CURVE('',#2897,#2897,#2899,.T.);
#2897 = VERTEX_POINT('',#2898);
#2898 = CARTESIAN_POINT('',(-3.6,0.243199999999,-6.053399999999));
#2899 = CIRCLE('',#2900,0.121600000001);
#2900 = AXIS2_PLACEMENT_3D('',#2901,#2902,#2903);
#2901 = CARTESIAN_POINT('',(-3.6,0.243199999999,-6.175));
#2902 = DIRECTION('',(-5.551115123126E-17,-1.,0.));
#2903 = DIRECTION('',(6.108492277512E-29,-3.390894386119E-45,1.));
#2904 = ORIENTED_EDGE('',*,*,#2905,.T.);
#2905 = EDGE_CURVE('',#2897,#2906,#2908,.T.);
#2906 = VERTEX_POINT('',#2907);
#2907 = CARTESIAN_POINT('',(-3.6,1.334880397544E-13,-6.175));
#2908 = CIRCLE('',#2909,0.152);
#2909 = AXIS2_PLACEMENT_3D('',#2910,#2911,#2912);
#2910 = CARTESIAN_POINT('',(-3.6,0.152,-6.175));
#2911 = DIRECTION('',(1.,-1.110223024625E-16,-5.551115123126E-17));
#2912 = DIRECTION('',(1.110223024625E-16,1.,5.551115123126E-17));
#2913 = ORIENTED_EDGE('',*,*,#2905,.F.);
#2914 = SPHERICAL_SURFACE('',#2915,0.152);
#2915 = AXIS2_PLACEMENT_3D('',#2916,#2917,#2918);
#2916 = CARTESIAN_POINT('',(-3.6,0.152,-6.175));
#2917 = DIRECTION('',(-5.551115123126E-17,-1.,-0.));
#2918 = DIRECTION('',(5.463066675185E-29,-3.032611203926E-45,1.));
#2919 = ADVANCED_FACE('',(#2920),#2923,.F.);
#2920 = FACE_BOUND('',#2921,.F.);
#2921 = EDGE_LOOP('',(#2922));
#2922 = ORIENTED_EDGE('',*,*,#2896,.T.);
#2923 = PLANE('',#2924);
#2924 = AXIS2_PLACEMENT_3D('',#2925,#2926,#2927);
#2925 = CARTESIAN_POINT('',(-3.6,0.2432,-6.175));
#2926 = DIRECTION('',(-5.551115123126E-17,-1.,-0.));
#2927 = DIRECTION('',(6.10849227756E-29,-3.390894386146E-45,1.));
#2928 = ( GEOMETRIC_REPRESENTATION_CONTEXT(3) 
GLOBAL_UNCERTAINTY_ASSIGNED_CONTEXT((#2932)) 
GLOBAL_UNIT_ASSIGNED_CONTEXT((#2929,#2930,#2931)) REPRESENTATION_CONTEXT
('Context #1','3D Context with UNIT and UNCERTAINTY') );
#2929 = ( LENGTH_UNIT() NAMED_UNIT(*) SI_UNIT(.MILLI.,.METRE.) );
#2930 = ( NAMED_UNIT(*) PLANE_ANGLE_UNIT() SI_UNIT($,.RADIAN.) );
#2931 = ( NAMED_UNIT(*) SI_UNIT($,.STERADIAN.) SOLID_ANGLE_UNIT() );
#2932 = UNCERTAINTY_MEASURE_WITH_UNIT(LENGTH_MEASURE(1.E-07),#2929,
  'distance_accuracy_value','confusion accuracy');
#2933 = CONTEXT_DEPENDENT_SHAPE_REPRESENTATION(#2934,#2936);
#2934 = ( REPRESENTATION_RELATIONSHIP('','',#2889,#10) 
REPRESENTATION_RELATIONSHIP_WITH_TRANSFORMATION(#2935) 
SHAPE_REPRESENTATION_RELATIONSHIP() );
#2935 = ITEM_DEFINED_TRANSFORMATION('','',#11,#147);
#2936 = PRODUCT_DEFINITION_SHAPE('Placement','Placement of an item',
  #2937);
#2937 = NEXT_ASSEMBLY_USAGE_OCCURRENCE('141915','BALL_0032','',#5,#2884,
  $);
#2938 = PRODUCT_RELATED_PRODUCT_CATEGORY('part',$,(#2886));
#2939 = SHAPE_DEFINITION_REPRESENTATION(#2940,#2946);
#2940 = PRODUCT_DEFINITION_SHAPE('','',#2941);
#2941 = PRODUCT_DEFINITION('design','',#2942,#2945);
#2942 = PRODUCT_DEFINITION_FORMATION('','',#2943);
#2943 = PRODUCT('BALL_0033','BALL_0033','',(#2944));
#2944 = PRODUCT_CONTEXT('',#2,'mechanical');
#2945 = PRODUCT_DEFINITION_CONTEXT('part definition',#2,'design');
#2946 = ADVANCED_BREP_SHAPE_REPRESENTATION('',(#11,#2947),#2985);
#2947 = MANIFOLD_SOLID_BREP('',#2948);
#2948 = CLOSED_SHELL('',(#2949,#2976));
#2949 = ADVANCED_FACE('',(#2950),#2971,.T.);
#2950 = FACE_BOUND('',#2951,.T.);
#2951 = EDGE_LOOP('',(#2952,#2961,#2970));
#2952 = ORIENTED_EDGE('',*,*,#2953,.T.);
#2953 = EDGE_CURVE('',#2954,#2954,#2956,.T.);
#2954 = VERTEX_POINT('',#2955);
#2955 = CARTESIAN_POINT('',(-3.6,0.243199999999,-6.053399999999));
#2956 = CIRCLE('',#2957,0.121600000001);
#2957 = AXIS2_PLACEMENT_3D('',#2958,#2959,#2960);
#2958 = CARTESIAN_POINT('',(-3.6,0.243199999999,-6.175));
#2959 = DIRECTION('',(-5.551115123126E-17,-1.,0.));
#2960 = DIRECTION('',(6.108492277512E-29,-3.390894386119E-45,1.));
#2961 = ORIENTED_EDGE('',*,*,#2962,.T.);
#2962 = EDGE_CURVE('',#2954,#2963,#2965,.T.);
#2963 = VERTEX_POINT('',#2964);
#2964 = CARTESIAN_POINT('',(-3.6,1.334880397544E-13,-6.175));
#2965 = CIRCLE('',#2966,0.152);
#2966 = AXIS2_PLACEMENT_3D('',#2967,#2968,#2969);
#2967 = CARTESIAN_POINT('',(-3.6,0.152,-6.175));
#2968 = DIRECTION('',(1.,-1.110223024625E-16,-5.551115123126E-17));
#2969 = DIRECTION('',(1.110223024625E-16,1.,5.551115123126E-17));
#2970 = ORIENTED_EDGE('',*,*,#2962,.F.);
#2971 = SPHERICAL_SURFACE('',#2972,0.152);
#2972 = AXIS2_PLACEMENT_3D('',#2973,#2974,#2975);
#2973 = CARTESIAN_POINT('',(-3.6,0.152,-6.175));
#2974 = DIRECTION('',(-5.551115123126E-17,-1.,-0.));
#2975 = DIRECTION('',(5.463066675185E-29,-3.032611203926E-45,1.));
#2976 = ADVANCED_FACE('',(#2977),#2980,.F.);
#2977 = FACE_BOUND('',#2978,.F.);
#2978 = EDGE_LOOP('',(#2979));
#2979 = ORIENTED_EDGE('',*,*,#2953,.T.);
#2980 = PLANE('',#2981);
#2981 = AXIS2_PLACEMENT_3D('',#2982,#2983,#2984);
#2982 = CARTESIAN_POINT('',(-3.6,0.2432,-6.175));
#2983 = DIRECTION('',(-5.551115123126E-17,-1.,-0.));
#2984 = DIRECTION('',(6.10849227756E-29,-3.390894386146E-45,1.));
#2985 = ( GEOMETRIC_REPRESENTATION_CONTEXT(3) 
GLOBAL_UNCERTAINTY_ASSIGNED_CONTEXT((#2989)) 
GLOBAL_UNIT_ASSIGNED_CONTEXT((#2986,#2987,#2988)) REPRESENTATION_CONTEXT
('Context #1','3D Context with UNIT and UNCERTAINTY') );
#2986 = ( LENGTH_UNIT() NAMED_UNIT(*) SI_UNIT(.MILLI.,.METRE.) );
#2987 = ( NAMED_UNIT(*) PLANE_ANGLE_UNIT() SI_UNIT($,.RADIAN.) );
#2988 = ( NAMED_UNIT(*) SI_UNIT($,.STERADIAN.) SOLID_ANGLE_UNIT() );
#2989 = UNCERTAINTY_MEASURE_WITH_UNIT(LENGTH_MEASURE(1.E-07),#2986,
  'distance_accuracy_value','confusion accuracy');
#2990 = CONTEXT_DEPENDENT_SHAPE_REPRESENTATION(#2991,#2993);
#2991 = ( REPRESENTATION_RELATIONSHIP('','',#2946,#10) 
REPRESENTATION_RELATIONSHIP_WITH_TRANSFORMATION(#2992) 
SHAPE_REPRESENTATION_RELATIONSHIP() );
#2992 = ITEM_DEFINED_TRANSFORMATION('','',#11,#151);
#2993 = PRODUCT_DEFINITION_SHAPE('Placement','Placement of an item',
  #2994);
#2994 = NEXT_ASSEMBLY_USAGE_OCCURRENCE('141916','BALL_0033','',#5,#2941,
  $);
#2995 = PRODUCT_RELATED_PRODUCT_CATEGORY('part',$,(#2943));
#2996 = SHAPE_DEFINITION_REPRESENTATION(#2997,#3003);
#2997 = PRODUCT_DEFINITION_SHAPE('','',#2998);
#2998 = PRODUCT_DEFINITION('design','',#2999,#3002);
#2999 = PRODUCT_DEFINITION_FORMATION('','',#3000);
#3000 = PRODUCT('BALL_0034','BALL_0034','',(#3001));
#3001 = PRODUCT_CONTEXT('',#2,'mechanical');
#3002 = PRODUCT_DEFINITION_CONTEXT('part definition',#2,'design');
#3003 = ADVANCED_BREP_SHAPE_REPRESENTATION('',(#11,#3004),#3042);
#3004 = MANIFOLD_SOLID_BREP('',#3005);
#3005 = CLOSED_SHELL('',(#3006,#3033));
#3006 = ADVANCED_FACE('',(#3007),#3028,.T.);
#3007 = FACE_BOUND('',#3008,.T.);
#3008 = EDGE_LOOP('',(#3009,#3018,#3027));
#3009 = ORIENTED_EDGE('',*,*,#3010,.T.);
#3010 = EDGE_CURVE('',#3011,#3011,#3013,.T.);
#3011 = VERTEX_POINT('',#3012);
#3012 = CARTESIAN_POINT('',(-3.6,0.243199999999,-6.053399999999));
#3013 = CIRCLE('',#3014,0.121600000001);
#3014 = AXIS2_PLACEMENT_3D('',#3015,#3016,#3017);
#3015 = CARTESIAN_POINT('',(-3.6,0.243199999999,-6.175));
#3016 = DIRECTION('',(-5.551115123126E-17,-1.,0.));
#3017 = DIRECTION('',(6.108492277512E-29,-3.390894386119E-45,1.));
#3018 = ORIENTED_EDGE('',*,*,#3019,.T.);
#3019 = EDGE_CURVE('',#3011,#3020,#3022,.T.);
#3020 = VERTEX_POINT('',#3021);
#3021 = CARTESIAN_POINT('',(-3.6,1.334880397544E-13,-6.175));
#3022 = CIRCLE('',#3023,0.152);
#3023 = AXIS2_PLACEMENT_3D('',#3024,#3025,#3026);
#3024 = CARTESIAN_POINT('',(-3.6,0.152,-6.175));
#3025 = DIRECTION('',(1.,-1.110223024625E-16,-5.551115123126E-17));
#3026 = DIRECTION('',(1.110223024625E-16,1.,5.551115123126E-17));
#3027 = ORIENTED_EDGE('',*,*,#3019,.F.);
#3028 = SPHERICAL_SURFACE('',#3029,0.152);
#3029 = AXIS2_PLACEMENT_3D('',#3030,#3031,#3032);
#3030 = CARTESIAN_POINT('',(-3.6,0.152,-6.175));
#3031 = DIRECTION('',(-5.551115123126E-17,-1.,-0.));
#3032 = DIRECTION('',(5.463066675185E-29,-3.032611203926E-45,1.));
#3033 = ADVANCED_FACE('',(#3034),#3037,.F.);
#3034 = FACE_BOUND('',#3035,.F.);
#3035 = EDGE_LOOP('',(#3036));
#3036 = ORIENTED_EDGE('',*,*,#3010,.T.);
#3037 = PLANE('',#3038);
#3038 = AXIS2_PLACEMENT_3D('',#3039,#3040,#3041);
#3039 = CARTESIAN_POINT('',(-3.6,0.2432,-6.175));
#3040 = DIRECTION('',(-5.551115123126E-17,-1.,-0.));
#3041 = DIRECTION('',(6.10849227756E-29,-3.390894386146E-45,1.));
#3042 = ( GEOMETRIC_REPRESENTATION_CONTEXT(3) 
GLOBAL_UNCERTAINTY_ASSIGNED_CONTEXT((#3046)) 
GLOBAL_UNIT_ASSIGNED_CONTEXT((#3043,#3044,#3045)) REPRESENTATION_CONTEXT
('Context #1','3D Context with UNIT and UNCERTAINTY') );
#3043 = ( LENGTH_UNIT() NAMED_UNIT(*) SI_UNIT(.MILLI.,.METRE.) );
#3044 = ( NAMED_UNIT(*) PLANE_ANGLE_UNIT() SI_UNIT($,.RADIAN.) );
#3045 = ( NAMED_UNIT(*) SI_UNIT($,.STERADIAN.) SOLID_ANGLE_UNIT() );
#3046 = UNCERTAINTY_MEASURE_WITH_UNIT(LENGTH_MEASURE(1.E-07),#3043,
  'distance_accuracy_value','confusion accuracy');
#3047 = CONTEXT_DEPENDENT_SHAPE_REPRESENTATION(#3048,#3050);
#3048 = ( REPRESENTATION_RELATIONSHIP('','',#3003,#10) 
REPRESENTATION_RELATIONSHIP_WITH_TRANSFORMATION(#3049) 
SHAPE_REPRESENTATION_RELATIONSHIP() );
#3049 = ITEM_DEFINED_TRANSFORMATION('','',#11,#155);
#3050 = PRODUCT_DEFINITION_SHAPE('Placement','Placement of an item',
  #3051);
#3051 = NEXT_ASSEMBLY_USAGE_OCCURRENCE('141917','BALL_0034','',#5,#2998,
  $);
#3052 = PRODUCT_RELATED_PRODUCT_CATEGORY('part',$,(#3000));
#3053 = SHAPE_DEFINITION_REPRESENTATION(#3054,#3060);
#3054 = PRODUCT_DEFINITION_SHAPE('','',#3055);
#3055 = PRODUCT_DEFINITION('design','',#3056,#3059);
#3056 = PRODUCT_DEFINITION_FORMATION('','',#3057);
#3057 = PRODUCT('BALL_0035','BALL_0035','',(#3058));
#3058 = PRODUCT_CONTEXT('',#2,'mechanical');
#3059 = PRODUCT_DEFINITION_CONTEXT('part definition',#2,'design');
#3060 = ADVANCED_BREP_SHAPE_REPRESENTATION('',(#11,#3061),#3099);
#3061 = MANIFOLD_SOLID_BREP('',#3062);
#3062 = CLOSED_SHELL('',(#3063,#3090));
#3063 = ADVANCED_FACE('',(#3064),#3085,.T.);
#3064 = FACE_BOUND('',#3065,.T.);
#3065 = EDGE_LOOP('',(#3066,#3075,#3084));
#3066 = ORIENTED_EDGE('',*,*,#3067,.T.);
#3067 = EDGE_CURVE('',#3068,#3068,#3070,.T.);
#3068 = VERTEX_POINT('',#3069);
#3069 = CARTESIAN_POINT('',(-3.6,0.243199999999,-6.053399999999));
#3070 = CIRCLE('',#3071,0.121600000001);
#3071 = AXIS2_PLACEMENT_3D('',#3072,#3073,#3074);
#3072 = CARTESIAN_POINT('',(-3.6,0.243199999999,-6.175));
#3073 = DIRECTION('',(-5.551115123126E-17,-1.,0.));
#3074 = DIRECTION('',(6.108492277512E-29,-3.390894386119E-45,1.));
#3075 = ORIENTED_EDGE('',*,*,#3076,.T.);
#3076 = EDGE_CURVE('',#3068,#3077,#3079,.T.);
#3077 = VERTEX_POINT('',#3078);
#3078 = CARTESIAN_POINT('',(-3.6,1.334880397544E-13,-6.175));
#3079 = CIRCLE('',#3080,0.152);
#3080 = AXIS2_PLACEMENT_3D('',#3081,#3082,#3083);
#3081 = CARTESIAN_POINT('',(-3.6,0.152,-6.175));
#3082 = DIRECTION('',(1.,-1.110223024625E-16,-5.551115123126E-17));
#3083 = DIRECTION('',(1.110223024625E-16,1.,5.551115123126E-17));
#3084 = ORIENTED_EDGE('',*,*,#3076,.F.);
#3085 = SPHERICAL_SURFACE('',#3086,0.152);
#3086 = AXIS2_PLACEMENT_3D('',#3087,#3088,#3089);
#3087 = CARTESIAN_POINT('',(-3.6,0.152,-6.175));
#3088 = DIRECTION('',(-5.551115123126E-17,-1.,-0.));
#3089 = DIRECTION('',(5.463066675185E-29,-3.032611203926E-45,1.));
#3090 = ADVANCED_FACE('',(#3091),#3094,.F.);
#3091 = FACE_BOUND('',#3092,.F.);
#3092 = EDGE_LOOP('',(#3093));
#3093 = ORIENTED_EDGE('',*,*,#3067,.T.);
#3094 = PLANE('',#3095);
#3095 = AXIS2_PLACEMENT_3D('',#3096,#3097,#3098);
#3096 = CARTESIAN_POINT('',(-3.6,0.2432,-6.175));
#3097 = DIRECTION('',(-5.551115123126E-17,-1.,-0.));
#3098 = DIRECTION('',(6.10849227756E-29,-3.390894386146E-45,1.));
#3099 = ( GEOMETRIC_REPRESENTATION_CONTEXT(3) 
GLOBAL_UNCERTAINTY_ASSIGNED_CONTEXT((#3103)) 
GLOBAL_UNIT_ASSIGNED_CONTEXT((#3100,#3101,#3102)) REPRESENTATION_CONTEXT
('Context #1','3D Context with UNIT and UNCERTAINTY') );
#3100 = ( LENGTH_UNIT() NAMED_UNIT(*) SI_UNIT(.MILLI.,.METRE.) );
#3101 = ( NAMED_UNIT(*) PLANE_ANGLE_UNIT() SI_UNIT($,.RADIAN.) );
#3102 = ( NAMED_UNIT(*) SI_UNIT($,.STERADIAN.) SOLID_ANGLE_UNIT() );
#3103 = UNCERTAINTY_MEASURE_WITH_UNIT(LENGTH_MEASURE(1.E-07),#3100,
  'distance_accuracy_value','confusion accuracy');
#3104 = CONTEXT_DEPENDENT_SHAPE_REPRESENTATION(#3105,#3107);
#3105 = ( REPRESENTATION_RELATIONSHIP('','',#3060,#10) 
REPRESENTATION_RELATIONSHIP_WITH_TRANSFORMATION(#3106) 
SHAPE_REPRESENTATION_RELATIONSHIP() );
#3106 = ITEM_DEFINED_TRANSFORMATION('','',#11,#159);
#3107 = PRODUCT_DEFINITION_SHAPE('Placement','Placement of an item',
  #3108);
#3108 = NEXT_ASSEMBLY_USAGE_OCCURRENCE('141918','BALL_0035','',#5,#3055,
  $);
#3109 = PRODUCT_RELATED_PRODUCT_CATEGORY('part',$,(#3057));
#3110 = SHAPE_DEFINITION_REPRESENTATION(#3111,#3117);
#3111 = PRODUCT_DEFINITION_SHAPE('','',#3112);
#3112 = PRODUCT_DEFINITION('design','',#3113,#3116);
#3113 = PRODUCT_DEFINITION_FORMATION('','',#3114);
#3114 = PRODUCT('BALL_0036','BALL_0036','',(#3115));
#3115 = PRODUCT_CONTEXT('',#2,'mechanical');
#3116 = PRODUCT_DEFINITION_CONTEXT('part definition',#2,'design');
#3117 = ADVANCED_BREP_SHAPE_REPRESENTATION('',(#11,#3118),#3156);
#3118 = MANIFOLD_SOLID_BREP('',#3119);
#3119 = CLOSED_SHELL('',(#3120,#3147));
#3120 = ADVANCED_FACE('',(#3121),#3142,.T.);
#3121 = FACE_BOUND('',#3122,.T.);
#3122 = EDGE_LOOP('',(#3123,#3132,#3141));
#3123 = ORIENTED_EDGE('',*,*,#3124,.T.);
#3124 = EDGE_CURVE('',#3125,#3125,#3127,.T.);
#3125 = VERTEX_POINT('',#3126);
#3126 = CARTESIAN_POINT('',(-3.6,0.243199999999,-6.053399999999));
#3127 = CIRCLE('',#3128,0.121600000001);
#3128 = AXIS2_PLACEMENT_3D('',#3129,#3130,#3131);
#3129 = CARTESIAN_POINT('',(-3.6,0.243199999999,-6.175));
#3130 = DIRECTION('',(-5.551115123126E-17,-1.,0.));
#3131 = DIRECTION('',(6.108492277512E-29,-3.390894386119E-45,1.));
#3132 = ORIENTED_EDGE('',*,*,#3133,.T.);
#3133 = EDGE_CURVE('',#3125,#3134,#3136,.T.);
#3134 = VERTEX_POINT('',#3135);
#3135 = CARTESIAN_POINT('',(-3.6,1.334880397544E-13,-6.175));
#3136 = CIRCLE('',#3137,0.152);
#3137 = AXIS2_PLACEMENT_3D('',#3138,#3139,#3140);
#3138 = CARTESIAN_POINT('',(-3.6,0.152,-6.175));
#3139 = DIRECTION('',(1.,-1.110223024625E-16,-5.551115123126E-17));
#3140 = DIRECTION('',(1.110223024625E-16,1.,5.551115123126E-17));
#3141 = ORIENTED_EDGE('',*,*,#3133,.F.);
#3142 = SPHERICAL_SURFACE('',#3143,0.152);
#3143 = AXIS2_PLACEMENT_3D('',#3144,#3145,#3146);
#3144 = CARTESIAN_POINT('',(-3.6,0.152,-6.175));
#3145 = DIRECTION('',(-5.551115123126E-17,-1.,-0.));
#3146 = DIRECTION('',(5.463066675185E-29,-3.032611203926E-45,1.));
#3147 = ADVANCED_FACE('',(#3148),#3151,.F.);
#3148 = FACE_BOUND('',#3149,.F.);
#3149 = EDGE_LOOP('',(#3150));
#3150 = ORIENTED_EDGE('',*,*,#3124,.T.);
#3151 = PLANE('',#3152);
#3152 = AXIS2_PLACEMENT_3D('',#3153,#3154,#3155);
#3153 = CARTESIAN_POINT('',(-3.6,0.2432,-6.175));
#3154 = DIRECTION('',(-5.551115123126E-17,-1.,-0.));
#3155 = DIRECTION('',(6.10849227756E-29,-3.390894386146E-45,1.));
#3156 = ( GEOMETRIC_REPRESENTATION_CONTEXT(3) 
GLOBAL_UNCERTAINTY_ASSIGNED_CONTEXT((#3160)) 
GLOBAL_UNIT_ASSIGNED_CONTEXT((#3157,#3158,#3159)) REPRESENTATION_CONTEXT
('Context #1','3D Context with UNIT and UNCERTAINTY') );
#3157 = ( LENGTH_UNIT() NAMED_UNIT(*) SI_UNIT(.MILLI.,.METRE.) );
#3158 = ( NAMED_UNIT(*) PLANE_ANGLE_UNIT() SI_UNIT($,.RADIAN.) );
#3159 = ( NAMED_UNIT(*) SI_UNIT($,.STERADIAN.) SOLID_ANGLE_UNIT() );
#3160 = UNCERTAINTY_MEASURE_WITH_UNIT(LENGTH_MEASURE(1.E-07),#3157,
  'distance_accuracy_value','confusion accuracy');
#3161 = CONTEXT_DEPENDENT_SHAPE_REPRESENTATION(#3162,#3164);
#3162 = ( REPRESENTATION_RELATIONSHIP('','',#3117,#10) 
REPRESENTATION_RELATIONSHIP_WITH_TRANSFORMATION(#3163) 
SHAPE_REPRESENTATION_RELATIONSHIP() );
#3163 = ITEM_DEFINED_TRANSFORMATION('','',#11,#163);
#3164 = PRODUCT_DEFINITION_SHAPE('Placement','Placement of an item',
  #3165);
#3165 = NEXT_ASSEMBLY_USAGE_OCCURRENCE('141919','BALL_0036','',#5,#3112,
  $);
#3166 = PRODUCT_RELATED_PRODUCT_CATEGORY('part',$,(#3114));
#3167 = SHAPE_DEFINITION_REPRESENTATION(#3168,#3174);
#3168 = PRODUCT_DEFINITION_SHAPE('','',#3169);
#3169 = PRODUCT_DEFINITION('design','',#3170,#3173);
#3170 = PRODUCT_DEFINITION_FORMATION('','',#3171);
#3171 = PRODUCT('BALL_0037','BALL_0037','',(#3172));
#3172 = PRODUCT_CONTEXT('',#2,'mechanical');
#3173 = PRODUCT_DEFINITION_CONTEXT('part definition',#2,'design');
#3174 = ADVANCED_BREP_SHAPE_REPRESENTATION('',(#11,#3175),#3213);
#3175 = MANIFOLD_SOLID_BREP('',#3176);
#3176 = CLOSED_SHELL('',(#3177,#3204));
#3177 = ADVANCED_FACE('',(#3178),#3199,.T.);
#3178 = FACE_BOUND('',#3179,.T.);
#3179 = EDGE_LOOP('',(#3180,#3189,#3198));
#3180 = ORIENTED_EDGE('',*,*,#3181,.T.);
#3181 = EDGE_CURVE('',#3182,#3182,#3184,.T.);
#3182 = VERTEX_POINT('',#3183);
#3183 = CARTESIAN_POINT('',(-3.6,0.243199999999,-6.053399999999));
#3184 = CIRCLE('',#3185,0.121600000001);
#3185 = AXIS2_PLACEMENT_3D('',#3186,#3187,#3188);
#3186 = CARTESIAN_POINT('',(-3.6,0.243199999999,-6.175));
#3187 = DIRECTION('',(-5.551115123126E-17,-1.,0.));
#3188 = DIRECTION('',(6.108492277512E-29,-3.390894386119E-45,1.));
#3189 = ORIENTED_EDGE('',*,*,#3190,.T.);
#3190 = EDGE_CURVE('',#3182,#3191,#3193,.T.);
#3191 = VERTEX_POINT('',#3192);
#3192 = CARTESIAN_POINT('',(-3.6,1.334880397544E-13,-6.175));
#3193 = CIRCLE('',#3194,0.152);
#3194 = AXIS2_PLACEMENT_3D('',#3195,#3196,#3197);
#3195 = CARTESIAN_POINT('',(-3.6,0.152,-6.175));
#3196 = DIRECTION('',(1.,-1.110223024625E-16,-5.551115123126E-17));
#3197 = DIRECTION('',(1.110223024625E-16,1.,5.551115123126E-17));
#3198 = ORIENTED_EDGE('',*,*,#3190,.F.);
#3199 = SPHERICAL_SURFACE('',#3200,0.152);
#3200 = AXIS2_PLACEMENT_3D('',#3201,#3202,#3203);
#3201 = CARTESIAN_POINT('',(-3.6,0.152,-6.175));
#3202 = DIRECTION('',(-5.551115123126E-17,-1.,-0.));
#3203 = DIRECTION('',(5.463066675185E-29,-3.032611203926E-45,1.));
#3204 = ADVANCED_FACE('',(#3205),#3208,.F.);
#3205 = FACE_BOUND('',#3206,.F.);
#3206 = EDGE_LOOP('',(#3207));
#3207 = ORIENTED_EDGE('',*,*,#3181,.T.);
#3208 = PLANE('',#3209);
#3209 = AXIS2_PLACEMENT_3D('',#3210,#3211,#3212);
#3210 = CARTESIAN_POINT('',(-3.6,0.2432,-6.175));
#3211 = DIRECTION('',(-5.551115123126E-17,-1.,-0.));
#3212 = DIRECTION('',(6.10849227756E-29,-3.390894386146E-45,1.));
#3213 = ( GEOMETRIC_REPRESENTATION_CONTEXT(3) 
GLOBAL_UNCERTAINTY_ASSIGNED_CONTEXT((#3217)) 
GLOBAL_UNIT_ASSIGNED_CONTEXT((#3214,#3215,#3216)) REPRESENTATION_CONTEXT
('Context #1','3D Context with UNIT and UNCERTAINTY') );
#3214 = ( LENGTH_UNIT() NAMED_UNIT(*) SI_UNIT(.MILLI.,.METRE.) );
#3215 = ( NAMED_UNIT(*) PLANE_ANGLE_UNIT() SI_UNIT($,.RADIAN.) );
#3216 = ( NAMED_UNIT(*) SI_UNIT($,.STERADIAN.) SOLID_ANGLE_UNIT() );
#3217 = UNCERTAINTY_MEASURE_WITH_UNIT(LENGTH_MEASURE(1.E-07),#3214,
  'distance_accuracy_value','confusion accuracy');
#3218 = CONTEXT_DEPENDENT_SHAPE_REPRESENTATION(#3219,#3221);
#3219 = ( REPRESENTATION_RELATIONSHIP('','',#3174,#10) 
REPRESENTATION_RELATIONSHIP_WITH_TRANSFORMATION(#3220) 
SHAPE_REPRESENTATION_RELATIONSHIP() );
#3220 = ITEM_DEFINED_TRANSFORMATION('','',#11,#167);
#3221 = PRODUCT_DEFINITION_SHAPE('Placement','Placement of an item',
  #3222);
#3222 = NEXT_ASSEMBLY_USAGE_OCCURRENCE('141920','BALL_0037','',#5,#3169,
  $);
#3223 = PRODUCT_RELATED_PRODUCT_CATEGORY('part',$,(#3171));
#3224 = SHAPE_DEFINITION_REPRESENTATION(#3225,#3231);
#3225 = PRODUCT_DEFINITION_SHAPE('','',#3226);
#3226 = PRODUCT_DEFINITION('design','',#3227,#3230);
#3227 = PRODUCT_DEFINITION_FORMATION('','',#3228);
#3228 = PRODUCT('BALL_0038','BALL_0038','',(#3229));
#3229 = PRODUCT_CONTEXT('',#2,'mechanical');
#3230 = PRODUCT_DEFINITION_CONTEXT('part definition',#2,'design');
#3231 = ADVANCED_BREP_SHAPE_REPRESENTATION('',(#11,#3232),#3270);
#3232 = MANIFOLD_SOLID_BREP('',#3233);
#3233 = CLOSED_SHELL('',(#3234,#3261));
#3234 = ADVANCED_FACE('',(#3235),#3256,.T.);
#3235 = FACE_BOUND('',#3236,.T.);
#3236 = EDGE_LOOP('',(#3237,#3246,#3255));
#3237 = ORIENTED_EDGE('',*,*,#3238,.T.);
#3238 = EDGE_CURVE('',#3239,#3239,#3241,.T.);
#3239 = VERTEX_POINT('',#3240);
#3240 = CARTESIAN_POINT('',(-3.6,0.243199999999,-6.053399999999));
#3241 = CIRCLE('',#3242,0.121600000001);
#3242 = AXIS2_PLACEMENT_3D('',#3243,#3244,#3245);
#3243 = CARTESIAN_POINT('',(-3.6,0.243199999999,-6.175));
#3244 = DIRECTION('',(-5.551115123126E-17,-1.,0.));
#3245 = DIRECTION('',(6.108492277512E-29,-3.390894386119E-45,1.));
#3246 = ORIENTED_EDGE('',*,*,#3247,.T.);
#3247 = EDGE_CURVE('',#3239,#3248,#3250,.T.);
#3248 = VERTEX_POINT('',#3249);
#3249 = CARTESIAN_POINT('',(-3.6,1.334880397544E-13,-6.175));
#3250 = CIRCLE('',#3251,0.152);
#3251 = AXIS2_PLACEMENT_3D('',#3252,#3253,#3254);
#3252 = CARTESIAN_POINT('',(-3.6,0.152,-6.175));
#3253 = DIRECTION('',(1.,-1.110223024625E-16,-5.551115123126E-17));
#3254 = DIRECTION('',(1.110223024625E-16,1.,5.551115123126E-17));
#3255 = ORIENTED_EDGE('',*,*,#3247,.F.);
#3256 = SPHERICAL_SURFACE('',#3257,0.152);
#3257 = AXIS2_PLACEMENT_3D('',#3258,#3259,#3260);
#3258 = CARTESIAN_POINT('',(-3.6,0.152,-6.175));
#3259 = DIRECTION('',(-5.551115123126E-17,-1.,-0.));
#3260 = DIRECTION('',(5.463066675185E-29,-3.032611203926E-45,1.));
#3261 = ADVANCED_FACE('',(#3262),#3265,.F.);
#3262 = FACE_BOUND('',#3263,.F.);
#3263 = EDGE_LOOP('',(#3264));
#3264 = ORIENTED_EDGE('',*,*,#3238,.T.);
#3265 = PLANE('',#3266);
#3266 = AXIS2_PLACEMENT_3D('',#3267,#3268,#3269);
#3267 = CARTESIAN_POINT('',(-3.6,0.2432,-6.175));
#3268 = DIRECTION('',(-5.551115123126E-17,-1.,-0.));
#3269 = DIRECTION('',(6.10849227756E-29,-3.390894386146E-45,1.));
#3270 = ( GEOMETRIC_REPRESENTATION_CONTEXT(3) 
GLOBAL_UNCERTAINTY_ASSIGNED_CONTEXT((#3274)) 
GLOBAL_UNIT_ASSIGNED_CONTEXT((#3271,#3272,#3273)) REPRESENTATION_CONTEXT
('Context #1','3D Context with UNIT and UNCERTAINTY') );
#3271 = ( LENGTH_UNIT() NAMED_UNIT(*) SI_UNIT(.MILLI.,.METRE.) );
#3272 = ( NAMED_UNIT(*) PLANE_ANGLE_UNIT() SI_UNIT($,.RADIAN.) );
#3273 = ( NAMED_UNIT(*) SI_UNIT($,.STERADIAN.) SOLID_ANGLE_UNIT() );
#3274 = UNCERTAINTY_MEASURE_WITH_UNIT(LENGTH_MEASURE(1.E-07),#3271,
  'distance_accuracy_value','confusion accuracy');
#3275 = CONTEXT_DEPENDENT_SHAPE_REPRESENTATION(#3276,#3278);
#3276 = ( REPRESENTATION_RELATIONSHIP('','',#3231,#10) 
REPRESENTATION_RELATIONSHIP_WITH_TRANSFORMATION(#3277) 
SHAPE_REPRESENTATION_RELATIONSHIP() );
#3277 = ITEM_DEFINED_TRANSFORMATION('','',#11,#171);
#3278 = PRODUCT_DEFINITION_SHAPE('Placement','Placement of an item',
  #3279);
#3279 = NEXT_ASSEMBLY_USAGE_OCCURRENCE('141921','BALL_0038','',#5,#3226,
  $);
#3280 = PRODUCT_RELATED_PRODUCT_CATEGORY('part',$,(#3228));
#3281 = SHAPE_DEFINITION_REPRESENTATION(#3282,#3288);
#3282 = PRODUCT_DEFINITION_SHAPE('','',#3283);
#3283 = PRODUCT_DEFINITION('design','',#3284,#3287);
#3284 = PRODUCT_DEFINITION_FORMATION('','',#3285);
#3285 = PRODUCT('BALL_0039','BALL_0039','',(#3286));
#3286 = PRODUCT_CONTEXT('',#2,'mechanical');
#3287 = PRODUCT_DEFINITION_CONTEXT('part definition',#2,'design');
#3288 = ADVANCED_BREP_SHAPE_REPRESENTATION('',(#11,#3289),#3327);
#3289 = MANIFOLD_SOLID_BREP('',#3290);
#3290 = CLOSED_SHELL('',(#3291,#3318));
#3291 = ADVANCED_FACE('',(#3292),#3313,.T.);
#3292 = FACE_BOUND('',#3293,.T.);
#3293 = EDGE_LOOP('',(#3294,#3303,#3312));
#3294 = ORIENTED_EDGE('',*,*,#3295,.T.);
#3295 = EDGE_CURVE('',#3296,#3296,#3298,.T.);
#3296 = VERTEX_POINT('',#3297);
#3297 = CARTESIAN_POINT('',(-3.6,0.243199999999,-6.053399999999));
#3298 = CIRCLE('',#3299,0.121600000001);
#3299 = AXIS2_PLACEMENT_3D('',#3300,#3301,#3302);
#3300 = CARTESIAN_POINT('',(-3.6,0.243199999999,-6.175));
#3301 = DIRECTION('',(-5.551115123126E-17,-1.,0.));
#3302 = DIRECTION('',(6.108492277512E-29,-3.390894386119E-45,1.));
#3303 = ORIENTED_EDGE('',*,*,#3304,.T.);
#3304 = EDGE_CURVE('',#3296,#3305,#3307,.T.);
#3305 = VERTEX_POINT('',#3306);
#3306 = CARTESIAN_POINT('',(-3.6,1.334880397544E-13,-6.175));
#3307 = CIRCLE('',#3308,0.152);
#3308 = AXIS2_PLACEMENT_3D('',#3309,#3310,#3311);
#3309 = CARTESIAN_POINT('',(-3.6,0.152,-6.175));
#3310 = DIRECTION('',(1.,-1.110223024625E-16,-5.551115123126E-17));
#3311 = DIRECTION('',(1.110223024625E-16,1.,5.551115123126E-17));
#3312 = ORIENTED_EDGE('',*,*,#3304,.F.);
#3313 = SPHERICAL_SURFACE('',#3314,0.152);
#3314 = AXIS2_PLACEMENT_3D('',#3315,#3316,#3317);
#3315 = CARTESIAN_POINT('',(-3.6,0.152,-6.175));
#3316 = DIRECTION('',(-5.551115123126E-17,-1.,-0.));
#3317 = DIRECTION('',(5.463066675185E-29,-3.032611203926E-45,1.));
#3318 = ADVANCED_FACE('',(#3319),#3322,.F.);
#3319 = FACE_BOUND('',#3320,.F.);
#3320 = EDGE_LOOP('',(#3321));
#3321 = ORIENTED_EDGE('',*,*,#3295,.T.);
#3322 = PLANE('',#3323);
#3323 = AXIS2_PLACEMENT_3D('',#3324,#3325,#3326);
#3324 = CARTESIAN_POINT('',(-3.6,0.2432,-6.175));
#3325 = DIRECTION('',(-5.551115123126E-17,-1.,-0.));
#3326 = DIRECTION('',(6.10849227756E-29,-3.390894386146E-45,1.));
#3327 = ( GEOMETRIC_REPRESENTATION_CONTEXT(3) 
GLOBAL_UNCERTAINTY_ASSIGNED_CONTEXT((#3331)) 
GLOBAL_UNIT_ASSIGNED_CONTEXT((#3328,#3329,#3330)) REPRESENTATION_CONTEXT
('Context #1','3D Context with UNIT and UNCERTAINTY') );
#3328 = ( LENGTH_UNIT() NAMED_UNIT(*) SI_UNIT(.MILLI.,.METRE.) );
#3329 = ( NAMED_UNIT(*) PLANE_ANGLE_UNIT() SI_UNIT($,.RADIAN.) );
#3330 = ( NAMED_UNIT(*) SI_UNIT($,.STERADIAN.) SOLID_ANGLE_UNIT() );
#3331 = UNCERTAINTY_MEASURE_WITH_UNIT(LENGTH_MEASURE(1.E-07),#3328,
  'distance_accuracy_value','confusion accuracy');
#3332 = CONTEXT_DEPENDENT_SHAPE_REPRESENTATION(#3333,#3335);
#3333 = ( REPRESENTATION_RELATIONSHIP('','',#3288,#10) 
REPRESENTATION_RELATIONSHIP_WITH_TRANSFORMATION(#3334) 
SHAPE_REPRESENTATION_RELATIONSHIP() );
#3334 = ITEM_DEFINED_TRANSFORMATION('','',#11,#175);
#3335 = PRODUCT_DEFINITION_SHAPE('Placement','Placement of an item',
  #3336);
#3336 = NEXT_ASSEMBLY_USAGE_OCCURRENCE('141922','BALL_0039','',#5,#3283,
  $);
#3337 = PRODUCT_RELATED_PRODUCT_CATEGORY('part',$,(#3285));
#3338 = SHAPE_DEFINITION_REPRESENTATION(#3339,#3345);
#3339 = PRODUCT_DEFINITION_SHAPE('','',#3340);
#3340 = PRODUCT_DEFINITION('design','',#3341,#3344);
#3341 = PRODUCT_DEFINITION_FORMATION('','',#3342);
#3342 = PRODUCT('BALL_0040','BALL_0040','',(#3343));
#3343 = PRODUCT_CONTEXT('',#2,'mechanical');
#3344 = PRODUCT_DEFINITION_CONTEXT('part definition',#2,'design');
#3345 = ADVANCED_BREP_SHAPE_REPRESENTATION('',(#11,#3346),#3384);
#3346 = MANIFOLD_SOLID_BREP('',#3347);
#3347 = CLOSED_SHELL('',(#3348,#3375));
#3348 = ADVANCED_FACE('',(#3349),#3370,.T.);
#3349 = FACE_BOUND('',#3350,.T.);
#3350 = EDGE_LOOP('',(#3351,#3360,#3369));
#3351 = ORIENTED_EDGE('',*,*,#3352,.T.);
#3352 = EDGE_CURVE('',#3353,#3353,#3355,.T.);
#3353 = VERTEX_POINT('',#3354);
#3354 = CARTESIAN_POINT('',(-3.6,0.243199999999,-6.053399999999));
#3355 = CIRCLE('',#3356,0.121600000001);
#3356 = AXIS2_PLACEMENT_3D('',#3357,#3358,#3359);
#3357 = CARTESIAN_POINT('',(-3.6,0.243199999999,-6.175));
#3358 = DIRECTION('',(-5.551115123126E-17,-1.,0.));
#3359 = DIRECTION('',(6.108492277512E-29,-3.390894386119E-45,1.));
#3360 = ORIENTED_EDGE('',*,*,#3361,.T.);
#3361 = EDGE_CURVE('',#3353,#3362,#3364,.T.);
#3362 = VERTEX_POINT('',#3363);
#3363 = CARTESIAN_POINT('',(-3.6,1.334880397544E-13,-6.175));
#3364 = CIRCLE('',#3365,0.152);
#3365 = AXIS2_PLACEMENT_3D('',#3366,#3367,#3368);
#3366 = CARTESIAN_POINT('',(-3.6,0.152,-6.175));
#3367 = DIRECTION('',(1.,-1.110223024625E-16,-5.551115123126E-17));
#3368 = DIRECTION('',(1.110223024625E-16,1.,5.551115123126E-17));
#3369 = ORIENTED_EDGE('',*,*,#3361,.F.);
#3370 = SPHERICAL_SURFACE('',#3371,0.152);
#3371 = AXIS2_PLACEMENT_3D('',#3372,#3373,#3374);
#3372 = CARTESIAN_POINT('',(-3.6,0.152,-6.175));
#3373 = DIRECTION('',(-5.551115123126E-17,-1.,-0.));
#3374 = DIRECTION('',(5.463066675185E-29,-3.032611203926E-45,1.));
#3375 = ADVANCED_FACE('',(#3376),#3379,.F.);
#3376 = FACE_BOUND('',#3377,.F.);
#3377 = EDGE_LOOP('',(#3378));
#3378 = ORIENTED_EDGE('',*,*,#3352,.T.);
#3379 = PLANE('',#3380);
#3380 = AXIS2_PLACEMENT_3D('',#3381,#3382,#3383);
#3381 = CARTESIAN_POINT('',(-3.6,0.2432,-6.175));
#3382 = DIRECTION('',(-5.551115123126E-17,-1.,-0.));
#3383 = DIRECTION('',(6.10849227756E-29,-3.390894386146E-45,1.));
#3384 = ( GEOMETRIC_REPRESENTATION_CONTEXT(3) 
GLOBAL_UNCERTAINTY_ASSIGNED_CONTEXT((#3388)) 
GLOBAL_UNIT_ASSIGNED_CONTEXT((#3385,#3386,#3387)) REPRESENTATION_CONTEXT
('Context #1','3D Context with UNIT and UNCERTAINTY') );
#3385 = ( LENGTH_UNIT() NAMED_UNIT(*) SI_UNIT(.MILLI.,.METRE.) );
#3386 = ( NAMED_UNIT(*) PLANE_ANGLE_UNIT() SI_UNIT($,.RADIAN.) );
#3387 = ( NAMED_UNIT(*) SI_UNIT($,.STERADIAN.) SOLID_ANGLE_UNIT() );
#3388 = UNCERTAINTY_MEASURE_WITH_UNIT(LENGTH_MEASURE(1.E-07),#3385,
  'distance_accuracy_value','confusion accuracy');
#3389 = CONTEXT_DEPENDENT_SHAPE_REPRESENTATION(#3390,#3392);
#3390 = ( REPRESENTATION_RELATIONSHIP('','',#3345,#10) 
REPRESENTATION_RELATIONSHIP_WITH_TRANSFORMATION(#3391) 
SHAPE_REPRESENTATION_RELATIONSHIP() );
#3391 = ITEM_DEFINED_TRANSFORMATION('','',#11,#179);
#3392 = PRODUCT_DEFINITION_SHAPE('Placement','Placement of an item',
  #3393);
#3393 = NEXT_ASSEMBLY_USAGE_OCCURRENCE('141923','BALL_0040','',#5,#3340,
  $);
#3394 = PRODUCT_RELATED_PRODUCT_CATEGORY('part',$,(#3342));
#3395 = SHAPE_DEFINITION_REPRESENTATION(#3396,#3402);
#3396 = PRODUCT_DEFINITION_SHAPE('','',#3397);
#3397 = PRODUCT_DEFINITION('design','',#3398,#3401);
#3398 = PRODUCT_DEFINITION_FORMATION('','',#3399);
#3399 = PRODUCT('BALL_0041','BALL_0041','',(#3400));
#3400 = PRODUCT_CONTEXT('',#2,'mechanical');
#3401 = PRODUCT_DEFINITION_CONTEXT('part definition',#2,'design');
#3402 = ADVANCED_BREP_SHAPE_REPRESENTATION('',(#11,#3403),#3441);
#3403 = MANIFOLD_SOLID_BREP('',#3404);
#3404 = CLOSED_SHELL('',(#3405,#3432));
#3405 = ADVANCED_FACE('',(#3406),#3427,.T.);
#3406 = FACE_BOUND('',#3407,.T.);
#3407 = EDGE_LOOP('',(#3408,#3417,#3426));
#3408 = ORIENTED_EDGE('',*,*,#3409,.T.);
#3409 = EDGE_CURVE('',#3410,#3410,#3412,.T.);
#3410 = VERTEX_POINT('',#3411);
#3411 = CARTESIAN_POINT('',(-3.6,0.243199999999,-6.053399999999));
#3412 = CIRCLE('',#3413,0.121600000001);
#3413 = AXIS2_PLACEMENT_3D('',#3414,#3415,#3416);
#3414 = CARTESIAN_POINT('',(-3.6,0.243199999999,-6.175));
#3415 = DIRECTION('',(-5.551115123126E-17,-1.,0.));
#3416 = DIRECTION('',(6.108492277512E-29,-3.390894386119E-45,1.));
#3417 = ORIENTED_EDGE('',*,*,#3418,.T.);
#3418 = EDGE_CURVE('',#3410,#3419,#3421,.T.);
#3419 = VERTEX_POINT('',#3420);
#3420 = CARTESIAN_POINT('',(-3.6,1.334880397544E-13,-6.175));
#3421 = CIRCLE('',#3422,0.152);
#3422 = AXIS2_PLACEMENT_3D('',#3423,#3424,#3425);
#3423 = CARTESIAN_POINT('',(-3.6,0.152,-6.175));
#3424 = DIRECTION('',(1.,-1.110223024625E-16,-5.551115123126E-17));
#3425 = DIRECTION('',(1.110223024625E-16,1.,5.551115123126E-17));
#3426 = ORIENTED_EDGE('',*,*,#3418,.F.);
#3427 = SPHERICAL_SURFACE('',#3428,0.152);
#3428 = AXIS2_PLACEMENT_3D('',#3429,#3430,#3431);
#3429 = CARTESIAN_POINT('',(-3.6,0.152,-6.175));
#3430 = DIRECTION('',(-5.551115123126E-17,-1.,-0.));
#3431 = DIRECTION('',(5.463066675185E-29,-3.032611203926E-45,1.));
#3432 = ADVANCED_FACE('',(#3433),#3436,.F.);
#3433 = FACE_BOUND('',#3434,.F.);
#3434 = EDGE_LOOP('',(#3435));
#3435 = ORIENTED_EDGE('',*,*,#3409,.T.);
#3436 = PLANE('',#3437);
#3437 = AXIS2_PLACEMENT_3D('',#3438,#3439,#3440);
#3438 = CARTESIAN_POINT('',(-3.6,0.2432,-6.175));
#3439 = DIRECTION('',(-5.551115123126E-17,-1.,-0.));
#3440 = DIRECTION('',(6.10849227756E-29,-3.390894386146E-45,1.));
#3441 = ( GEOMETRIC_REPRESENTATION_CONTEXT(3) 
GLOBAL_UNCERTAINTY_ASSIGNED_CONTEXT((#3445)) 
GLOBAL_UNIT_ASSIGNED_CONTEXT((#3442,#3443,#3444)) REPRESENTATION_CONTEXT
('Context #1','3D Context with UNIT and UNCERTAINTY') );
#3442 = ( LENGTH_UNIT() NAMED_UNIT(*) SI_UNIT(.MILLI.,.METRE.) );
#3443 = ( NAMED_UNIT(*) PLANE_ANGLE_UNIT() SI_UNIT($,.RADIAN.) );
#3444 = ( NAMED_UNIT(*) SI_UNIT($,.STERADIAN.) SOLID_ANGLE_UNIT() );
#3445 = UNCERTAINTY_MEASURE_WITH_UNIT(LENGTH_MEASURE(1.E-07),#3442,
  'distance_accuracy_value','confusion accuracy');
#3446 = CONTEXT_DEPENDENT_SHAPE_REPRESENTATION(#3447,#3449);
#3447 = ( REPRESENTATION_RELATIONSHIP('','',#3402,#10) 
REPRESENTATION_RELATIONSHIP_WITH_TRANSFORMATION(#3448) 
SHAPE_REPRESENTATION_RELATIONSHIP() );
#3448 = ITEM_DEFINED_TRANSFORMATION('','',#11,#183);
#3449 = PRODUCT_DEFINITION_SHAPE('Placement','Placement of an item',
  #3450);
#3450 = NEXT_ASSEMBLY_USAGE_OCCURRENCE('141924','BALL_0041','',#5,#3397,
  $);
#3451 = PRODUCT_RELATED_PRODUCT_CATEGORY('part',$,(#3399));
#3452 = SHAPE_DEFINITION_REPRESENTATION(#3453,#3459);
#3453 = PRODUCT_DEFINITION_SHAPE('','',#3454);
#3454 = PRODUCT_DEFINITION('design','',#3455,#3458);
#3455 = PRODUCT_DEFINITION_FORMATION('','',#3456);
#3456 = PRODUCT('BALL_0042','BALL_0042','',(#3457));
#3457 = PRODUCT_CONTEXT('',#2,'mechanical');
#3458 = PRODUCT_DEFINITION_CONTEXT('part definition',#2,'design');
#3459 = ADVANCED_BREP_SHAPE_REPRESENTATION('',(#11,#3460),#3498);
#3460 = MANIFOLD_SOLID_BREP('',#3461);
#3461 = CLOSED_SHELL('',(#3462,#3489));
#3462 = ADVANCED_FACE('',(#3463),#3484,.T.);
#3463 = FACE_BOUND('',#3464,.T.);
#3464 = EDGE_LOOP('',(#3465,#3474,#3483));
#3465 = ORIENTED_EDGE('',*,*,#3466,.T.);
#3466 = EDGE_CURVE('',#3467,#3467,#3469,.T.);
#3467 = VERTEX_POINT('',#3468);
#3468 = CARTESIAN_POINT('',(-3.6,0.243199999999,-6.053399999999));
#3469 = CIRCLE('',#3470,0.121600000001);
#3470 = AXIS2_PLACEMENT_3D('',#3471,#3472,#3473);
#3471 = CARTESIAN_POINT('',(-3.6,0.243199999999,-6.175));
#3472 = DIRECTION('',(-5.551115123126E-17,-1.,0.));
#3473 = DIRECTION('',(6.108492277512E-29,-3.390894386119E-45,1.));
#3474 = ORIENTED_EDGE('',*,*,#3475,.T.);
#3475 = EDGE_CURVE('',#3467,#3476,#3478,.T.);
#3476 = VERTEX_POINT('',#3477);
#3477 = CARTESIAN_POINT('',(-3.6,1.334880397544E-13,-6.175));
#3478 = CIRCLE('',#3479,0.152);
#3479 = AXIS2_PLACEMENT_3D('',#3480,#3481,#3482);
#3480 = CARTESIAN_POINT('',(-3.6,0.152,-6.175));
#3481 = DIRECTION('',(1.,-1.110223024625E-16,-5.551115123126E-17));
#3482 = DIRECTION('',(1.110223024625E-16,1.,5.551115123126E-17));
#3483 = ORIENTED_EDGE('',*,*,#3475,.F.);
#3484 = SPHERICAL_SURFACE('',#3485,0.152);
#3485 = AXIS2_PLACEMENT_3D('',#3486,#3487,#3488);
#3486 = CARTESIAN_POINT('',(-3.6,0.152,-6.175));
#3487 = DIRECTION('',(-5.551115123126E-17,-1.,-0.));
#3488 = DIRECTION('',(5.463066675185E-29,-3.032611203926E-45,1.));
#3489 = ADVANCED_FACE('',(#3490),#3493,.F.);
#3490 = FACE_BOUND('',#3491,.F.);
#3491 = EDGE_LOOP('',(#3492));
#3492 = ORIENTED_EDGE('',*,*,#3466,.T.);
#3493 = PLANE('',#3494);
#3494 = AXIS2_PLACEMENT_3D('',#3495,#3496,#3497);
#3495 = CARTESIAN_POINT('',(-3.6,0.2432,-6.175));
#3496 = DIRECTION('',(-5.551115123126E-17,-1.,-0.));
#3497 = DIRECTION('',(6.10849227756E-29,-3.390894386146E-45,1.));
#3498 = ( GEOMETRIC_REPRESENTATION_CONTEXT(3) 
GLOBAL_UNCERTAINTY_ASSIGNED_CONTEXT((#3502)) 
GLOBAL_UNIT_ASSIGNED_CONTEXT((#3499,#3500,#3501)) REPRESENTATION_CONTEXT
('Context #1','3D Context with UNIT and UNCERTAINTY') );
#3499 = ( LENGTH_UNIT() NAMED_UNIT(*) SI_UNIT(.MILLI.,.METRE.) );
#3500 = ( NAMED_UNIT(*) PLANE_ANGLE_UNIT() SI_UNIT($,.RADIAN.) );
#3501 = ( NAMED_UNIT(*) SI_UNIT($,.STERADIAN.) SOLID_ANGLE_UNIT() );
#3502 = UNCERTAINTY_MEASURE_WITH_UNIT(LENGTH_MEASURE(1.E-07),#3499,
  'distance_accuracy_value','confusion accuracy');
#3503 = CONTEXT_DEPENDENT_SHAPE_REPRESENTATION(#3504,#3506);
#3504 = ( REPRESENTATION_RELATIONSHIP('','',#3459,#10) 
REPRESENTATION_RELATIONSHIP_WITH_TRANSFORMATION(#3505) 
SHAPE_REPRESENTATION_RELATIONSHIP() );
#3505 = ITEM_DEFINED_TRANSFORMATION('','',#11,#187);
#3506 = PRODUCT_DEFINITION_SHAPE('Placement','Placement of an item',
  #3507);
#3507 = NEXT_ASSEMBLY_USAGE_OCCURRENCE('141925','BALL_0042','',#5,#3454,
  $);
#3508 = PRODUCT_RELATED_PRODUCT_CATEGORY('part',$,(#3456));
#3509 = SHAPE_DEFINITION_REPRESENTATION(#3510,#3516);
#3510 = PRODUCT_DEFINITION_SHAPE('','',#3511);
#3511 = PRODUCT_DEFINITION('design','',#3512,#3515);
#3512 = PRODUCT_DEFINITION_FORMATION('','',#3513);
#3513 = PRODUCT('BALL_0043','BALL_0043','',(#3514));
#3514 = PRODUCT_CONTEXT('',#2,'mechanical');
#3515 = PRODUCT_DEFINITION_CONTEXT('part definition',#2,'design');
#3516 = ADVANCED_BREP_SHAPE_REPRESENTATION('',(#11,#3517),#3555);
#3517 = MANIFOLD_SOLID_BREP('',#3518);
#3518 = CLOSED_SHELL('',(#3519,#3546));
#3519 = ADVANCED_FACE('',(#3520),#3541,.T.);
#3520 = FACE_BOUND('',#3521,.T.);
#3521 = EDGE_LOOP('',(#3522,#3531,#3540));
#3522 = ORIENTED_EDGE('',*,*,#3523,.T.);
#3523 = EDGE_CURVE('',#3524,#3524,#3526,.T.);
#3524 = VERTEX_POINT('',#3525);
#3525 = CARTESIAN_POINT('',(-3.6,0.243199999999,-6.053399999999));
#3526 = CIRCLE('',#3527,0.121600000001);
#3527 = AXIS2_PLACEMENT_3D('',#3528,#3529,#3530);
#3528 = CARTESIAN_POINT('',(-3.6,0.243199999999,-6.175));
#3529 = DIRECTION('',(-5.551115123126E-17,-1.,0.));
#3530 = DIRECTION('',(6.108492277512E-29,-3.390894386119E-45,1.));
#3531 = ORIENTED_EDGE('',*,*,#3532,.T.);
#3532 = EDGE_CURVE('',#3524,#3533,#3535,.T.);
#3533 = VERTEX_POINT('',#3534);
#3534 = CARTESIAN_POINT('',(-3.6,1.334880397544E-13,-6.175));
#3535 = CIRCLE('',#3536,0.152);
#3536 = AXIS2_PLACEMENT_3D('',#3537,#3538,#3539);
#3537 = CARTESIAN_POINT('',(-3.6,0.152,-6.175));
#3538 = DIRECTION('',(1.,-1.110223024625E-16,-5.551115123126E-17));
#3539 = DIRECTION('',(1.110223024625E-16,1.,5.551115123126E-17));
#3540 = ORIENTED_EDGE('',*,*,#3532,.F.);
#3541 = SPHERICAL_SURFACE('',#3542,0.152);
#3542 = AXIS2_PLACEMENT_3D('',#3543,#3544,#3545);
#3543 = CARTESIAN_POINT('',(-3.6,0.152,-6.175));
#3544 = DIRECTION('',(-5.551115123126E-17,-1.,-0.));
#3545 = DIRECTION('',(5.463066675185E-29,-3.032611203926E-45,1.));
#3546 = ADVANCED_FACE('',(#3547),#3550,.F.);
#3547 = FACE_BOUND('',#3548,.F.);
#3548 = EDGE_LOOP('',(#3549));
#3549 = ORIENTED_EDGE('',*,*,#3523,.T.);
#3550 = PLANE('',#3551);
#3551 = AXIS2_PLACEMENT_3D('',#3552,#3553,#3554);
#3552 = CARTESIAN_POINT('',(-3.6,0.2432,-6.175));
#3553 = DIRECTION('',(-5.551115123126E-17,-1.,-0.));
#3554 = DIRECTION('',(6.10849227756E-29,-3.390894386146E-45,1.));
#3555 = ( GEOMETRIC_REPRESENTATION_CONTEXT(3) 
GLOBAL_UNCERTAINTY_ASSIGNED_CONTEXT((#3559)) 
GLOBAL_UNIT_ASSIGNED_CONTEXT((#3556,#3557,#3558)) REPRESENTATION_CONTEXT
('Context #1','3D Context with UNIT and UNCERTAINTY') );
#3556 = ( LENGTH_UNIT() NAMED_UNIT(*) SI_UNIT(.MILLI.,.METRE.) );
#3557 = ( NAMED_UNIT(*) PLANE_ANGLE_UNIT() SI_UNIT($,.RADIAN.) );
#3558 = ( NAMED_UNIT(*) SI_UNIT($,.STERADIAN.) SOLID_ANGLE_UNIT() );
#3559 = UNCERTAINTY_MEASURE_WITH_UNIT(LENGTH_MEASURE(1.E-07),#3556,
  'distance_accuracy_value','confusion accuracy');
#3560 = CONTEXT_DEPENDENT_SHAPE_REPRESENTATION(#3561,#3563);
#3561 = ( REPRESENTATION_RELATIONSHIP('','',#3516,#10) 
REPRESENTATION_RELATIONSHIP_WITH_TRANSFORMATION(#3562) 
SHAPE_REPRESENTATION_RELATIONSHIP() );
#3562 = ITEM_DEFINED_TRANSFORMATION('','',#11,#191);
#3563 = PRODUCT_DEFINITION_SHAPE('Placement','Placement of an item',
  #3564);
#3564 = NEXT_ASSEMBLY_USAGE_OCCURRENCE('141926','BALL_0043','',#5,#3511,
  $);
#3565 = PRODUCT_RELATED_PRODUCT_CATEGORY('part',$,(#3513));
#3566 = SHAPE_DEFINITION_REPRESENTATION(#3567,#3573);
#3567 = PRODUCT_DEFINITION_SHAPE('','',#3568);
#3568 = PRODUCT_DEFINITION('design','',#3569,#3572);
#3569 = PRODUCT_DEFINITION_FORMATION('','',#3570);
#3570 = PRODUCT('BALL_0044','BALL_0044','',(#3571));
#3571 = PRODUCT_CONTEXT('',#2,'mechanical');
#3572 = PRODUCT_DEFINITION_CONTEXT('part definition',#2,'design');
#3573 = ADVANCED_BREP_SHAPE_REPRESENTATION('',(#11,#3574),#3612);
#3574 = MANIFOLD_SOLID_BREP('',#3575);
#3575 = CLOSED_SHELL('',(#3576,#3603));
#3576 = ADVANCED_FACE('',(#3577),#3598,.T.);
#3577 = FACE_BOUND('',#3578,.T.);
#3578 = EDGE_LOOP('',(#3579,#3588,#3597));
#3579 = ORIENTED_EDGE('',*,*,#3580,.T.);
#3580 = EDGE_CURVE('',#3581,#3581,#3583,.T.);
#3581 = VERTEX_POINT('',#3582);
#3582 = CARTESIAN_POINT('',(-3.6,0.243199999999,-6.053399999999));
#3583 = CIRCLE('',#3584,0.121600000001);
#3584 = AXIS2_PLACEMENT_3D('',#3585,#3586,#3587);
#3585 = CARTESIAN_POINT('',(-3.6,0.243199999999,-6.175));
#3586 = DIRECTION('',(-5.551115123126E-17,-1.,0.));
#3587 = DIRECTION('',(6.108492277512E-29,-3.390894386119E-45,1.));
#3588 = ORIENTED_EDGE('',*,*,#3589,.T.);
#3589 = EDGE_CURVE('',#3581,#3590,#3592,.T.);
#3590 = VERTEX_POINT('',#3591);
#3591 = CARTESIAN_POINT('',(-3.6,1.334880397544E-13,-6.175));
#3592 = CIRCLE('',#3593,0.152);
#3593 = AXIS2_PLACEMENT_3D('',#3594,#3595,#3596);
#3594 = CARTESIAN_POINT('',(-3.6,0.152,-6.175));
#3595 = DIRECTION('',(1.,-1.110223024625E-16,-5.551115123126E-17));
#3596 = DIRECTION('',(1.110223024625E-16,1.,5.551115123126E-17));
#3597 = ORIENTED_EDGE('',*,*,#3589,.F.);
#3598 = SPHERICAL_SURFACE('',#3599,0.152);
#3599 = AXIS2_PLACEMENT_3D('',#3600,#3601,#3602);
#3600 = CARTESIAN_POINT('',(-3.6,0.152,-6.175));
#3601 = DIRECTION('',(-5.551115123126E-17,-1.,-0.));
#3602 = DIRECTION('',(5.463066675185E-29,-3.032611203926E-45,1.));
#3603 = ADVANCED_FACE('',(#3604),#3607,.F.);
#3604 = FACE_BOUND('',#3605,.F.);
#3605 = EDGE_LOOP('',(#3606));
#3606 = ORIENTED_EDGE('',*,*,#3580,.T.);
#3607 = PLANE('',#3608);
#3608 = AXIS2_PLACEMENT_3D('',#3609,#3610,#3611);
#3609 = CARTESIAN_POINT('',(-3.6,0.2432,-6.175));
#3610 = DIRECTION('',(-5.551115123126E-17,-1.,-0.));
#3611 = DIRECTION('',(6.10849227756E-29,-3.390894386146E-45,1.));
#3612 = ( GEOMETRIC_REPRESENTATION_CONTEXT(3) 
GLOBAL_UNCERTAINTY_ASSIGNED_CONTEXT((#3616)) 
GLOBAL_UNIT_ASSIGNED_CONTEXT((#3613,#3614,#3615)) REPRESENTATION_CONTEXT
('Context #1','3D Context with UNIT and UNCERTAINTY') );
#3613 = ( LENGTH_UNIT() NAMED_UNIT(*) SI_UNIT(.MILLI.,.METRE.) );
#3614 = ( NAMED_UNIT(*) PLANE_ANGLE_UNIT() SI_UNIT($,.RADIAN.) );
#3615 = ( NAMED_UNIT(*) SI_UNIT($,.STERADIAN.) SOLID_ANGLE_UNIT() );
#3616 = UNCERTAINTY_MEASURE_WITH_UNIT(LENGTH_MEASURE(1.E-07),#3613,
  'distance_accuracy_value','confusion accuracy');
#3617 = CONTEXT_DEPENDENT_SHAPE_REPRESENTATION(#3618,#3620);
#3618 = ( REPRESENTATION_RELATIONSHIP('','',#3573,#10) 
REPRESENTATION_RELATIONSHIP_WITH_TRANSFORMATION(#3619) 
SHAPE_REPRESENTATION_RELATIONSHIP() );
#3619 = ITEM_DEFINED_TRANSFORMATION('','',#11,#195);
#3620 = PRODUCT_DEFINITION_SHAPE('Placement','Placement of an item',
  #3621);
#3621 = NEXT_ASSEMBLY_USAGE_OCCURRENCE('141927','BALL_0044','',#5,#3568,
  $);
#3622 = PRODUCT_RELATED_PRODUCT_CATEGORY('part',$,(#3570));
#3623 = SHAPE_DEFINITION_REPRESENTATION(#3624,#3630);
#3624 = PRODUCT_DEFINITION_SHAPE('','',#3625);
#3625 = PRODUCT_DEFINITION('design','',#3626,#3629);
#3626 = PRODUCT_DEFINITION_FORMATION('','',#3627);
#3627 = PRODUCT('BALL_0045','BALL_0045','',(#3628));
#3628 = PRODUCT_CONTEXT('',#2,'mechanical');
#3629 = PRODUCT_DEFINITION_CONTEXT('part definition',#2,'design');
#3630 = ADVANCED_BREP_SHAPE_REPRESENTATION('',(#11,#3631),#3669);
#3631 = MANIFOLD_SOLID_BREP('',#3632);
#3632 = CLOSED_SHELL('',(#3633,#3660));
#3633 = ADVANCED_FACE('',(#3634),#3655,.T.);
#3634 = FACE_BOUND('',#3635,.T.);
#3635 = EDGE_LOOP('',(#3636,#3645,#3654));
#3636 = ORIENTED_EDGE('',*,*,#3637,.T.);
#3637 = EDGE_CURVE('',#3638,#3638,#3640,.T.);
#3638 = VERTEX_POINT('',#3639);
#3639 = CARTESIAN_POINT('',(-3.6,0.243199999999,-6.053399999999));
#3640 = CIRCLE('',#3641,0.121600000001);
#3641 = AXIS2_PLACEMENT_3D('',#3642,#3643,#3644);
#3642 = CARTESIAN_POINT('',(-3.6,0.243199999999,-6.175));
#3643 = DIRECTION('',(-5.551115123126E-17,-1.,0.));
#3644 = DIRECTION('',(6.108492277512E-29,-3.390894386119E-45,1.));
#3645 = ORIENTED_EDGE('',*,*,#3646,.T.);
#3646 = EDGE_CURVE('',#3638,#3647,#3649,.T.);
#3647 = VERTEX_POINT('',#3648);
#3648 = CARTESIAN_POINT('',(-3.6,1.334880397544E-13,-6.175));
#3649 = CIRCLE('',#3650,0.152);
#3650 = AXIS2_PLACEMENT_3D('',#3651,#3652,#3653);
#3651 = CARTESIAN_POINT('',(-3.6,0.152,-6.175));
#3652 = DIRECTION('',(1.,-1.110223024625E-16,-5.551115123126E-17));
#3653 = DIRECTION('',(1.110223024625E-16,1.,5.551115123126E-17));
#3654 = ORIENTED_EDGE('',*,*,#3646,.F.);
#3655 = SPHERICAL_SURFACE('',#3656,0.152);
#3656 = AXIS2_PLACEMENT_3D('',#3657,#3658,#3659);
#3657 = CARTESIAN_POINT('',(-3.6,0.152,-6.175));
#3658 = DIRECTION('',(-5.551115123126E-17,-1.,-0.));
#3659 = DIRECTION('',(5.463066675185E-29,-3.032611203926E-45,1.));
#3660 = ADVANCED_FACE('',(#3661),#3664,.F.);
#3661 = FACE_BOUND('',#3662,.F.);
#3662 = EDGE_LOOP('',(#3663));
#3663 = ORIENTED_EDGE('',*,*,#3637,.T.);
#3664 = PLANE('',#3665);
#3665 = AXIS2_PLACEMENT_3D('',#3666,#3667,#3668);
#3666 = CARTESIAN_POINT('',(-3.6,0.2432,-6.175));
#3667 = DIRECTION('',(-5.551115123126E-17,-1.,-0.));
#3668 = DIRECTION('',(6.10849227756E-29,-3.390894386146E-45,1.));
#3669 = ( GEOMETRIC_REPRESENTATION_CONTEXT(3) 
GLOBAL_UNCERTAINTY_ASSIGNED_CONTEXT((#3673)) 
GLOBAL_UNIT_ASSIGNED_CONTEXT((#3670,#3671,#3672)) REPRESENTATION_CONTEXT
('Context #1','3D Context with UNIT and UNCERTAINTY') );
#3670 = ( LENGTH_UNIT() NAMED_UNIT(*) SI_UNIT(.MILLI.,.METRE.) );
#3671 = ( NAMED_UNIT(*) PLANE_ANGLE_UNIT() SI_UNIT($,.RADIAN.) );
#3672 = ( NAMED_UNIT(*) SI_UNIT($,.STERADIAN.) SOLID_ANGLE_UNIT() );
#3673 = UNCERTAINTY_MEASURE_WITH_UNIT(LENGTH_MEASURE(1.E-07),#3670,
  'distance_accuracy_value','confusion accuracy');
#3674 = CONTEXT_DEPENDENT_SHAPE_REPRESENTATION(#3675,#3677);
#3675 = ( REPRESENTATION_RELATIONSHIP('','',#3630,#10) 
REPRESENTATION_RELATIONSHIP_WITH_TRANSFORMATION(#3676) 
SHAPE_REPRESENTATION_RELATIONSHIP() );
#3676 = ITEM_DEFINED_TRANSFORMATION('','',#11,#199);
#3677 = PRODUCT_DEFINITION_SHAPE('Placement','Placement of an item',
  #3678);
#3678 = NEXT_ASSEMBLY_USAGE_OCCURRENCE('141928','BALL_0045','',#5,#3625,
  $);
#3679 = PRODUCT_RELATED_PRODUCT_CATEGORY('part',$,(#3627));
#3680 = SHAPE_DEFINITION_REPRESENTATION(#3681,#3687);
#3681 = PRODUCT_DEFINITION_SHAPE('','',#3682);
#3682 = PRODUCT_DEFINITION('design','',#3683,#3686);
#3683 = PRODUCT_DEFINITION_FORMATION('','',#3684);
#3684 = PRODUCT('BALL_0046','BALL_0046','',(#3685));
#3685 = PRODUCT_CONTEXT('',#2,'mechanical');
#3686 = PRODUCT_DEFINITION_CONTEXT('part definition',#2,'design');
#3687 = ADVANCED_BREP_SHAPE_REPRESENTATION('',(#11,#3688),#3726);
#3688 = MANIFOLD_SOLID_BREP('',#3689);
#3689 = CLOSED_SHELL('',(#3690,#3717));
#3690 = ADVANCED_FACE('',(#3691),#3712,.T.);
#3691 = FACE_BOUND('',#3692,.T.);
#3692 = EDGE_LOOP('',(#3693,#3702,#3711));
#3693 = ORIENTED_EDGE('',*,*,#3694,.T.);
#3694 = EDGE_CURVE('',#3695,#3695,#3697,.T.);
#3695 = VERTEX_POINT('',#3696);
#3696 = CARTESIAN_POINT('',(-3.6,0.243199999999,-6.053399999999));
#3697 = CIRCLE('',#3698,0.121600000001);
#3698 = AXIS2_PLACEMENT_3D('',#3699,#3700,#3701);
#3699 = CARTESIAN_POINT('',(-3.6,0.243199999999,-6.175));
#3700 = DIRECTION('',(-5.551115123126E-17,-1.,0.));
#3701 = DIRECTION('',(6.108492277512E-29,-3.390894386119E-45,1.));
#3702 = ORIENTED_EDGE('',*,*,#3703,.T.);
#3703 = EDGE_CURVE('',#3695,#3704,#3706,.T.);
#3704 = VERTEX_POINT('',#3705);
#3705 = CARTESIAN_POINT('',(-3.6,1.334880397544E-13,-6.175));
#3706 = CIRCLE('',#3707,0.152);
#3707 = AXIS2_PLACEMENT_3D('',#3708,#3709,#3710);
#3708 = CARTESIAN_POINT('',(-3.6,0.152,-6.175));
#3709 = DIRECTION('',(1.,-1.110223024625E-16,-5.551115123126E-17));
#3710 = DIRECTION('',(1.110223024625E-16,1.,5.551115123126E-17));
#3711 = ORIENTED_EDGE('',*,*,#3703,.F.);
#3712 = SPHERICAL_SURFACE('',#3713,0.152);
#3713 = AXIS2_PLACEMENT_3D('',#3714,#3715,#3716);
#3714 = CARTESIAN_POINT('',(-3.6,0.152,-6.175));
#3715 = DIRECTION('',(-5.551115123126E-17,-1.,-0.));
#3716 = DIRECTION('',(5.463066675185E-29,-3.032611203926E-45,1.));
#3717 = ADVANCED_FACE('',(#3718),#3721,.F.);
#3718 = FACE_BOUND('',#3719,.F.);
#3719 = EDGE_LOOP('',(#3720));
#3720 = ORIENTED_EDGE('',*,*,#3694,.T.);
#3721 = PLANE('',#3722);
#3722 = AXIS2_PLACEMENT_3D('',#3723,#3724,#3725);
#3723 = CARTESIAN_POINT('',(-3.6,0.2432,-6.175));
#3724 = DIRECTION('',(-5.551115123126E-17,-1.,-0.));
#3725 = DIRECTION('',(6.10849227756E-29,-3.390894386146E-45,1.));
#3726 = ( GEOMETRIC_REPRESENTATION_CONTEXT(3) 
GLOBAL_UNCERTAINTY_ASSIGNED_CONTEXT((#3730)) 
GLOBAL_UNIT_ASSIGNED_CONTEXT((#3727,#3728,#3729)) REPRESENTATION_CONTEXT
('Context #1','3D Context with UNIT and UNCERTAINTY') );
#3727 = ( LENGTH_UNIT() NAMED_UNIT(*) SI_UNIT(.MILLI.,.METRE.) );
#3728 = ( NAMED_UNIT(*) PLANE_ANGLE_UNIT() SI_UNIT($,.RADIAN.) );
#3729 = ( NAMED_UNIT(*) SI_UNIT($,.STERADIAN.) SOLID_ANGLE_UNIT() );
#3730 = UNCERTAINTY_MEASURE_WITH_UNIT(LENGTH_MEASURE(1.E-07),#3727,
  'distance_accuracy_value','confusion accuracy');
#3731 = CONTEXT_DEPENDENT_SHAPE_REPRESENTATION(#3732,#3734);
#3732 = ( REPRESENTATION_RELATIONSHIP('','',#3687,#10) 
REPRESENTATION_RELATIONSHIP_WITH_TRANSFORMATION(#3733) 
SHAPE_REPRESENTATION_RELATIONSHIP() );
#3733 = ITEM_DEFINED_TRANSFORMATION('','',#11,#203);
#3734 = PRODUCT_DEFINITION_SHAPE('Placement','Placement of an item',
  #3735);
#3735 = NEXT_ASSEMBLY_USAGE_OCCURRENCE('141929','BALL_0046','',#5,#3682,
  $);
#3736 = PRODUCT_RELATED_PRODUCT_CATEGORY('part',$,(#3684));
#3737 = SHAPE_DEFINITION_REPRESENTATION(#3738,#3744);
#3738 = PRODUCT_DEFINITION_SHAPE('','',#3739);
#3739 = PRODUCT_DEFINITION('design','',#3740,#3743);
#3740 = PRODUCT_DEFINITION_FORMATION('','',#3741);
#3741 = PRODUCT('BALL_0047','BALL_0047','',(#3742));
#3742 = PRODUCT_CONTEXT('',#2,'mechanical');
#3743 = PRODUCT_DEFINITION_CONTEXT('part definition',#2,'design');
#3744 = ADVANCED_BREP_SHAPE_REPRESENTATION('',(#11,#3745),#3783);
#3745 = MANIFOLD_SOLID_BREP('',#3746);
#3746 = CLOSED_SHELL('',(#3747,#3774));
#3747 = ADVANCED_FACE('',(#3748),#3769,.T.);
#3748 = FACE_BOUND('',#3749,.T.);
#3749 = EDGE_LOOP('',(#3750,#3759,#3768));
#3750 = ORIENTED_EDGE('',*,*,#3751,.T.);
#3751 = EDGE_CURVE('',#3752,#3752,#3754,.T.);
#3752 = VERTEX_POINT('',#3753);
#3753 = CARTESIAN_POINT('',(-3.6,0.243199999999,-6.053399999999));
#3754 = CIRCLE('',#3755,0.121600000001);
#3755 = AXIS2_PLACEMENT_3D('',#3756,#3757,#3758);
#3756 = CARTESIAN_POINT('',(-3.6,0.243199999999,-6.175));
#3757 = DIRECTION('',(-5.551115123126E-17,-1.,0.));
#3758 = DIRECTION('',(6.108492277512E-29,-3.390894386119E-45,1.));
#3759 = ORIENTED_EDGE('',*,*,#3760,.T.);
#3760 = EDGE_CURVE('',#3752,#3761,#3763,.T.);
#3761 = VERTEX_POINT('',#3762);
#3762 = CARTESIAN_POINT('',(-3.6,1.334880397544E-13,-6.175));
#3763 = CIRCLE('',#3764,0.152);
#3764 = AXIS2_PLACEMENT_3D('',#3765,#3766,#3767);
#3765 = CARTESIAN_POINT('',(-3.6,0.152,-6.175));
#3766 = DIRECTION('',(1.,-1.110223024625E-16,-5.551115123126E-17));
#3767 = DIRECTION('',(1.110223024625E-16,1.,5.551115123126E-17));
#3768 = ORIENTED_EDGE('',*,*,#3760,.F.);
#3769 = SPHERICAL_SURFACE('',#3770,0.152);
#3770 = AXIS2_PLACEMENT_3D('',#3771,#3772,#3773);
#3771 = CARTESIAN_POINT('',(-3.6,0.152,-6.175));
#3772 = DIRECTION('',(-5.551115123126E-17,-1.,-0.));
#3773 = DIRECTION('',(5.463066675185E-29,-3.032611203926E-45,1.));
#3774 = ADVANCED_FACE('',(#3775),#3778,.F.);
#3775 = FACE_BOUND('',#3776,.F.);
#3776 = EDGE_LOOP('',(#3777));
#3777 = ORIENTED_EDGE('',*,*,#3751,.T.);
#3778 = PLANE('',#3779);
#3779 = AXIS2_PLACEMENT_3D('',#3780,#3781,#3782);
#3780 = CARTESIAN_POINT('',(-3.6,0.2432,-6.175));
#3781 = DIRECTION('',(-5.551115123126E-17,-1.,-0.));
#3782 = DIRECTION('',(6.10849227756E-29,-3.390894386146E-45,1.));
#3783 = ( GEOMETRIC_REPRESENTATION_CONTEXT(3) 
GLOBAL_UNCERTAINTY_ASSIGNED_CONTEXT((#3787)) 
GLOBAL_UNIT_ASSIGNED_CONTEXT((#3784,#3785,#3786)) REPRESENTATION_CONTEXT
('Context #1','3D Context with UNIT and UNCERTAINTY') );
#3784 = ( LENGTH_UNIT() NAMED_UNIT(*) SI_UNIT(.MILLI.,.METRE.) );
#3785 = ( NAMED_UNIT(*) PLANE_ANGLE_UNIT() SI_UNIT($,.RADIAN.) );
#3786 = ( NAMED_UNIT(*) SI_UNIT($,.STERADIAN.) SOLID_ANGLE_UNIT() );
#3787 = UNCERTAINTY_MEASURE_WITH_UNIT(LENGTH_MEASURE(1.E-07),#3784,
  'distance_accuracy_value','confusion accuracy');
#3788 = CONTEXT_DEPENDENT_SHAPE_REPRESENTATION(#3789,#3791);
#3789 = ( REPRESENTATION_RELATIONSHIP('','',#3744,#10) 
REPRESENTATION_RELATIONSHIP_WITH_TRANSFORMATION(#3790) 
SHAPE_REPRESENTATION_RELATIONSHIP() );
#3790 = ITEM_DEFINED_TRANSFORMATION('','',#11,#207);
#3791 = PRODUCT_DEFINITION_SHAPE('Placement','Placement of an item',
  #3792);
#3792 = NEXT_ASSEMBLY_USAGE_OCCURRENCE('141930','BALL_0047','',#5,#3739,
  $);
#3793 = PRODUCT_RELATED_PRODUCT_CATEGORY('part',$,(#3741));
#3794 = SHAPE_DEFINITION_REPRESENTATION(#3795,#3801);
#3795 = PRODUCT_DEFINITION_SHAPE('','',#3796);
#3796 = PRODUCT_DEFINITION('design','',#3797,#3800);
#3797 = PRODUCT_DEFINITION_FORMATION('','',#3798);
#3798 = PRODUCT('BALL_0048','BALL_0048','',(#3799));
#3799 = PRODUCT_CONTEXT('',#2,'mechanical');
#3800 = PRODUCT_DEFINITION_CONTEXT('part definition',#2,'design');
#3801 = ADVANCED_BREP_SHAPE_REPRESENTATION('',(#11,#3802),#3840);
#3802 = MANIFOLD_SOLID_BREP('',#3803);
#3803 = CLOSED_SHELL('',(#3804,#3831));
#3804 = ADVANCED_FACE('',(#3805),#3826,.T.);
#3805 = FACE_BOUND('',#3806,.T.);
#3806 = EDGE_LOOP('',(#3807,#3816,#3825));
#3807 = ORIENTED_EDGE('',*,*,#3808,.T.);
#3808 = EDGE_CURVE('',#3809,#3809,#3811,.T.);
#3809 = VERTEX_POINT('',#3810);
#3810 = CARTESIAN_POINT('',(-3.6,0.243199999999,-6.053399999999));
#3811 = CIRCLE('',#3812,0.121600000001);
#3812 = AXIS2_PLACEMENT_3D('',#3813,#3814,#3815);
#3813 = CARTESIAN_POINT('',(-3.6,0.243199999999,-6.175));
#3814 = DIRECTION('',(-5.551115123126E-17,-1.,0.));
#3815 = DIRECTION('',(6.108492277512E-29,-3.390894386119E-45,1.));
#3816 = ORIENTED_EDGE('',*,*,#3817,.T.);
#3817 = EDGE_CURVE('',#3809,#3818,#3820,.T.);
#3818 = VERTEX_POINT('',#3819);
#3819 = CARTESIAN_POINT('',(-3.6,1.334880397544E-13,-6.175));
#3820 = CIRCLE('',#3821,0.152);
#3821 = AXIS2_PLACEMENT_3D('',#3822,#3823,#3824);
#3822 = CARTESIAN_POINT('',(-3.6,0.152,-6.175));
#3823 = DIRECTION('',(1.,-1.110223024625E-16,-5.551115123126E-17));
#3824 = DIRECTION('',(1.110223024625E-16,1.,5.551115123126E-17));
#3825 = ORIENTED_EDGE('',*,*,#3817,.F.);
#3826 = SPHERICAL_SURFACE('',#3827,0.152);
#3827 = AXIS2_PLACEMENT_3D('',#3828,#3829,#3830);
#3828 = CARTESIAN_POINT('',(-3.6,0.152,-6.175));
#3829 = DIRECTION('',(-5.551115123126E-17,-1.,-0.));
#3830 = DIRECTION('',(5.463066675185E-29,-3.032611203926E-45,1.));
#3831 = ADVANCED_FACE('',(#3832),#3835,.F.);
#3832 = FACE_BOUND('',#3833,.F.);
#3833 = EDGE_LOOP('',(#3834));
#3834 = ORIENTED_EDGE('',*,*,#3808,.T.);
#3835 = PLANE('',#3836);
#3836 = AXIS2_PLACEMENT_3D('',#3837,#3838,#3839);
#3837 = CARTESIAN_POINT('',(-3.6,0.2432,-6.175));
#3838 = DIRECTION('',(-5.551115123126E-17,-1.,-0.));
#3839 = DIRECTION('',(6.10849227756E-29,-3.390894386146E-45,1.));
#3840 = ( GEOMETRIC_REPRESENTATION_CONTEXT(3) 
GLOBAL_UNCERTAINTY_ASSIGNED_CONTEXT((#3844)) 
GLOBAL_UNIT_ASSIGNED_CONTEXT((#3841,#3842,#3843)) REPRESENTATION_CONTEXT
('Context #1','3D Context with UNIT and UNCERTAINTY') );
#3841 = ( LENGTH_UNIT() NAMED_UNIT(*) SI_UNIT(.MILLI.,.METRE.) );
#3842 = ( NAMED_UNIT(*) PLANE_ANGLE_UNIT() SI_UNIT($,.RADIAN.) );
#3843 = ( NAMED_UNIT(*) SI_UNIT($,.STERADIAN.) SOLID_ANGLE_UNIT() );
#3844 = UNCERTAINTY_MEASURE_WITH_UNIT(LENGTH_MEASURE(1.E-07),#3841,
  'distance_accuracy_value','confusion accuracy');
#3845 = CONTEXT_DEPENDENT_SHAPE_REPRESENTATION(#3846,#3848);
#3846 = ( REPRESENTATION_RELATIONSHIP('','',#3801,#10) 
REPRESENTATION_RELATIONSHIP_WITH_TRANSFORMATION(#3847) 
SHAPE_REPRESENTATION_RELATIONSHIP() );
#3847 = ITEM_DEFINED_TRANSFORMATION('','',#11,#211);
#3848 = PRODUCT_DEFINITION_SHAPE('Placement','Placement of an item',
  #3849);
#3849 = NEXT_ASSEMBLY_USAGE_OCCURRENCE('141931','BALL_0048','',#5,#3796,
  $);
#3850 = PRODUCT_RELATED_PRODUCT_CATEGORY('part',$,(#3798));
#3851 = SHAPE_DEFINITION_REPRESENTATION(#3852,#3858);
#3852 = PRODUCT_DEFINITION_SHAPE('','',#3853);
#3853 = PRODUCT_DEFINITION('design','',#3854,#3857);
#3854 = PRODUCT_DEFINITION_FORMATION('','',#3855);
#3855 = PRODUCT('BALL_0049','BALL_0049','',(#3856));
#3856 = PRODUCT_CONTEXT('',#2,'mechanical');
#3857 = PRODUCT_DEFINITION_CONTEXT('part definition',#2,'design');
#3858 = ADVANCED_BREP_SHAPE_REPRESENTATION('',(#11,#3859),#3897);
#3859 = MANIFOLD_SOLID_BREP('',#3860);
#3860 = CLOSED_SHELL('',(#3861,#3888));
#3861 = ADVANCED_FACE('',(#3862),#3883,.T.);
#3862 = FACE_BOUND('',#3863,.T.);
#3863 = EDGE_LOOP('',(#3864,#3873,#3882));
#3864 = ORIENTED_EDGE('',*,*,#3865,.T.);
#3865 = EDGE_CURVE('',#3866,#3866,#3868,.T.);
#3866 = VERTEX_POINT('',#3867);
#3867 = CARTESIAN_POINT('',(-3.6,0.243199999999,-6.053399999999));
#3868 = CIRCLE('',#3869,0.121600000001);
#3869 = AXIS2_PLACEMENT_3D('',#3870,#3871,#3872);
#3870 = CARTESIAN_POINT('',(-3.6,0.243199999999,-6.175));
#3871 = DIRECTION('',(-5.551115123126E-17,-1.,0.));
#3872 = DIRECTION('',(6.108492277512E-29,-3.390894386119E-45,1.));
#3873 = ORIENTED_EDGE('',*,*,#3874,.T.);
#3874 = EDGE_CURVE('',#3866,#3875,#3877,.T.);
#3875 = VERTEX_POINT('',#3876);
#3876 = CARTESIAN_POINT('',(-3.6,1.334880397544E-13,-6.175));
#3877 = CIRCLE('',#3878,0.152);
#3878 = AXIS2_PLACEMENT_3D('',#3879,#3880,#3881);
#3879 = CARTESIAN_POINT('',(-3.6,0.152,-6.175));
#3880 = DIRECTION('',(1.,-1.110223024625E-16,-5.551115123126E-17));
#3881 = DIRECTION('',(1.110223024625E-16,1.,5.551115123126E-17));
#3882 = ORIENTED_EDGE('',*,*,#3874,.F.);
#3883 = SPHERICAL_SURFACE('',#3884,0.152);
#3884 = AXIS2_PLACEMENT_3D('',#3885,#3886,#3887);
#3885 = CARTESIAN_POINT('',(-3.6,0.152,-6.175));
#3886 = DIRECTION('',(-5.551115123126E-17,-1.,-0.));
#3887 = DIRECTION('',(5.463066675185E-29,-3.032611203926E-45,1.));
#3888 = ADVANCED_FACE('',(#3889),#3892,.F.);
#3889 = FACE_BOUND('',#3890,.F.);
#3890 = EDGE_LOOP('',(#3891));
#3891 = ORIENTED_EDGE('',*,*,#3865,.T.);
#3892 = PLANE('',#3893);
#3893 = AXIS2_PLACEMENT_3D('',#3894,#3895,#3896);
#3894 = CARTESIAN_POINT('',(-3.6,0.2432,-6.175));
#3895 = DIRECTION('',(-5.551115123126E-17,-1.,-0.));
#3896 = DIRECTION('',(6.10849227756E-29,-3.390894386146E-45,1.));
#3897 = ( GEOMETRIC_REPRESENTATION_CONTEXT(3) 
GLOBAL_UNCERTAINTY_ASSIGNED_CONTEXT((#3901)) 
GLOBAL_UNIT_ASSIGNED_CONTEXT((#3898,#3899,#3900)) REPRESENTATION_CONTEXT
('Context #1','3D Context with UNIT and UNCERTAINTY') );
#3898 = ( LENGTH_UNIT() NAMED_UNIT(*) SI_UNIT(.MILLI.,.METRE.) );
#3899 = ( NAMED_UNIT(*) PLANE_ANGLE_UNIT() SI_UNIT($,.RADIAN.) );
#3900 = ( NAMED_UNIT(*) SI_UNIT($,.STERADIAN.) SOLID_ANGLE_UNIT() );
#3901 = UNCERTAINTY_MEASURE_WITH_UNIT(LENGTH_MEASURE(1.E-07),#3898,
  'distance_accuracy_value','confusion accuracy');
#3902 = CONTEXT_DEPENDENT_SHAPE_REPRESENTATION(#3903,#3905);
#3903 = ( REPRESENTATION_RELATIONSHIP('','',#3858,#10) 
REPRESENTATION_RELATIONSHIP_WITH_TRANSFORMATION(#3904) 
SHAPE_REPRESENTATION_RELATIONSHIP() );
#3904 = ITEM_DEFINED_TRANSFORMATION('','',#11,#215);
#3905 = PRODUCT_DEFINITION_SHAPE('Placement','Placement of an item',
  #3906);
#3906 = NEXT_ASSEMBLY_USAGE_OCCURRENCE('141932','BALL_0049','',#5,#3853,
  $);
#3907 = PRODUCT_RELATED_PRODUCT_CATEGORY('part',$,(#3855));
#3908 = SHAPE_DEFINITION_REPRESENTATION(#3909,#3915);
#3909 = PRODUCT_DEFINITION_SHAPE('','',#3910);
#3910 = PRODUCT_DEFINITION('design','',#3911,#3914);
#3911 = PRODUCT_DEFINITION_FORMATION('','',#3912);
#3912 = PRODUCT('BALL_0050','BALL_0050','',(#3913));
#3913 = PRODUCT_CONTEXT('',#2,'mechanical');
#3914 = PRODUCT_DEFINITION_CONTEXT('part definition',#2,'design');
#3915 = ADVANCED_BREP_SHAPE_REPRESENTATION('',(#11,#3916),#3954);
#3916 = MANIFOLD_SOLID_BREP('',#3917);
#3917 = CLOSED_SHELL('',(#3918,#3945));
#3918 = ADVANCED_FACE('',(#3919),#3940,.T.);
#3919 = FACE_BOUND('',#3920,.T.);
#3920 = EDGE_LOOP('',(#3921,#3930,#3939));
#3921 = ORIENTED_EDGE('',*,*,#3922,.T.);
#3922 = EDGE_CURVE('',#3923,#3923,#3925,.T.);
#3923 = VERTEX_POINT('',#3924);
#3924 = CARTESIAN_POINT('',(-3.6,0.243199999999,-6.053399999999));
#3925 = CIRCLE('',#3926,0.121600000001);
#3926 = AXIS2_PLACEMENT_3D('',#3927,#3928,#3929);
#3927 = CARTESIAN_POINT('',(-3.6,0.243199999999,-6.175));
#3928 = DIRECTION('',(-5.551115123126E-17,-1.,0.));
#3929 = DIRECTION('',(6.108492277512E-29,-3.390894386119E-45,1.));
#3930 = ORIENTED_EDGE('',*,*,#3931,.T.);
#3931 = EDGE_CURVE('',#3923,#3932,#3934,.T.);
#3932 = VERTEX_POINT('',#3933);
#3933 = CARTESIAN_POINT('',(-3.6,1.334880397544E-13,-6.175));
#3934 = CIRCLE('',#3935,0.152);
#3935 = AXIS2_PLACEMENT_3D('',#3936,#3937,#3938);
#3936 = CARTESIAN_POINT('',(-3.6,0.152,-6.175));
#3937 = DIRECTION('',(1.,-1.110223024625E-16,-5.551115123126E-17));
#3938 = DIRECTION('',(1.110223024625E-16,1.,5.551115123126E-17));
#3939 = ORIENTED_EDGE('',*,*,#3931,.F.);
#3940 = SPHERICAL_SURFACE('',#3941,0.152);
#3941 = AXIS2_PLACEMENT_3D('',#3942,#3943,#3944);
#3942 = CARTESIAN_POINT('',(-3.6,0.152,-6.175));
#3943 = DIRECTION('',(-5.551115123126E-17,-1.,-0.));
#3944 = DIRECTION('',(5.463066675185E-29,-3.032611203926E-45,1.));
#3945 = ADVANCED_FACE('',(#3946),#3949,.F.);
#3946 = FACE_BOUND('',#3947,.F.);
#3947 = EDGE_LOOP('',(#3948));
#3948 = ORIENTED_EDGE('',*,*,#3922,.T.);
#3949 = PLANE('',#3950);
#3950 = AXIS2_PLACEMENT_3D('',#3951,#3952,#3953);
#3951 = CARTESIAN_POINT('',(-3.6,0.2432,-6.175));
#3952 = DIRECTION('',(-5.551115123126E-17,-1.,-0.));
#3953 = DIRECTION('',(6.10849227756E-29,-3.390894386146E-45,1.));
#3954 = ( GEOMETRIC_REPRESENTATION_CONTEXT(3) 
GLOBAL_UNCERTAINTY_ASSIGNED_CONTEXT((#3958)) 
GLOBAL_UNIT_ASSIGNED_CONTEXT((#3955,#3956,#3957)) REPRESENTATION_CONTEXT
('Context #1','3D Context with UNIT and UNCERTAINTY') );
#3955 = ( LENGTH_UNIT() NAMED_UNIT(*) SI_UNIT(.MILLI.,.METRE.) );
#3956 = ( NAMED_UNIT(*) PLANE_ANGLE_UNIT() SI_UNIT($,.RADIAN.) );
#3957 = ( NAMED_UNIT(*) SI_UNIT($,.STERADIAN.) SOLID_ANGLE_UNIT() );
#3958 = UNCERTAINTY_MEASURE_WITH_UNIT(LENGTH_MEASURE(1.E-07),#3955,
  'distance_accuracy_value','confusion accuracy');
#3959 = CONTEXT_DEPENDENT_SHAPE_REPRESENTATION(#3960,#3962);
#3960 = ( REPRESENTATION_RELATIONSHIP('','',#3915,#10) 
REPRESENTATION_RELATIONSHIP_WITH_TRANSFORMATION(#3961) 
SHAPE_REPRESENTATION_RELATIONSHIP() );
#3961 = ITEM_DEFINED_TRANSFORMATION('','',#11,#219);
#3962 = PRODUCT_DEFINITION_SHAPE('Placement','Placement of an item',
  #3963);
#3963 = NEXT_ASSEMBLY_USAGE_OCCURRENCE('141933','BALL_0050','',#5,#3910,
  $);
#3964 = PRODUCT_RELATED_PRODUCT_CATEGORY('part',$,(#3912));
#3965 = SHAPE_DEFINITION_REPRESENTATION(#3966,#3972);
#3966 = PRODUCT_DEFINITION_SHAPE('','',#3967);
#3967 = PRODUCT_DEFINITION('design','',#3968,#3971);
#3968 = PRODUCT_DEFINITION_FORMATION('','',#3969);
#3969 = PRODUCT('BALL_0051','BALL_0051','',(#3970));
#3970 = PRODUCT_CONTEXT('',#2,'mechanical');
#3971 = PRODUCT_DEFINITION_CONTEXT('part definition',#2,'design');
#3972 = ADVANCED_BREP_SHAPE_REPRESENTATION('',(#11,#3973),#4011);
#3973 = MANIFOLD_SOLID_BREP('',#3974);
#3974 = CLOSED_SHELL('',(#3975,#4002));
#3975 = ADVANCED_FACE('',(#3976),#3997,.T.);
#3976 = FACE_BOUND('',#3977,.T.);
#3977 = EDGE_LOOP('',(#3978,#3987,#3996));
#3978 = ORIENTED_EDGE('',*,*,#3979,.T.);
#3979 = EDGE_CURVE('',#3980,#3980,#3982,.T.);
#3980 = VERTEX_POINT('',#3981);
#3981 = CARTESIAN_POINT('',(-3.6,0.243199999999,-6.053399999999));
#3982 = CIRCLE('',#3983,0.121600000001);
#3983 = AXIS2_PLACEMENT_3D('',#3984,#3985,#3986);
#3984 = CARTESIAN_POINT('',(-3.6,0.243199999999,-6.175));
#3985 = DIRECTION('',(-5.551115123126E-17,-1.,0.));
#3986 = DIRECTION('',(6.108492277512E-29,-3.390894386119E-45,1.));
#3987 = ORIENTED_EDGE('',*,*,#3988,.T.);
#3988 = EDGE_CURVE('',#3980,#3989,#3991,.T.);
#3989 = VERTEX_POINT('',#3990);
#3990 = CARTESIAN_POINT('',(-3.6,1.334880397544E-13,-6.175));
#3991 = CIRCLE('',#3992,0.152);
#3992 = AXIS2_PLACEMENT_3D('',#3993,#3994,#3995);
#3993 = CARTESIAN_POINT('',(-3.6,0.152,-6.175));
#3994 = DIRECTION('',(1.,-1.110223024625E-16,-5.551115123126E-17));
#3995 = DIRECTION('',(1.110223024625E-16,1.,5.551115123126E-17));
#3996 = ORIENTED_EDGE('',*,*,#3988,.F.);
#3997 = SPHERICAL_SURFACE('',#3998,0.152);
#3998 = AXIS2_PLACEMENT_3D('',#3999,#4000,#4001);
#3999 = CARTESIAN_POINT('',(-3.6,0.152,-6.175));
#4000 = DIRECTION('',(-5.551115123126E-17,-1.,-0.));
#4001 = DIRECTION('',(5.463066675185E-29,-3.032611203926E-45,1.));
#4002 = ADVANCED_FACE('',(#4003),#4006,.F.);
#4003 = FACE_BOUND('',#4004,.F.);
#4004 = EDGE_LOOP('',(#4005));
#4005 = ORIENTED_EDGE('',*,*,#3979,.T.);
#4006 = PLANE('',#4007);
#4007 = AXIS2_PLACEMENT_3D('',#4008,#4009,#4010);
#4008 = CARTESIAN_POINT('',(-3.6,0.2432,-6.175));
#4009 = DIRECTION('',(-5.551115123126E-17,-1.,-0.));
#4010 = DIRECTION('',(6.10849227756E-29,-3.390894386146E-45,1.));
#4011 = ( GEOMETRIC_REPRESENTATION_CONTEXT(3) 
GLOBAL_UNCERTAINTY_ASSIGNED_CONTEXT((#4015)) 
GLOBAL_UNIT_ASSIGNED_CONTEXT((#4012,#4013,#4014)) REPRESENTATION_CONTEXT
('Context #1','3D Context with UNIT and UNCERTAINTY') );
#4012 = ( LENGTH_UNIT() NAMED_UNIT(*) SI_UNIT(.MILLI.,.METRE.) );
#4013 = ( NAMED_UNIT(*) PLANE_ANGLE_UNIT() SI_UNIT($,.RADIAN.) );
#4014 = ( NAMED_UNIT(*) SI_UNIT($,.STERADIAN.) SOLID_ANGLE_UNIT() );
#4015 = UNCERTAINTY_MEASURE_WITH_UNIT(LENGTH_MEASURE(1.E-07),#4012,
  'distance_accuracy_value','confusion accuracy');
#4016 = CONTEXT_DEPENDENT_SHAPE_REPRESENTATION(#4017,#4019);
#4017 = ( REPRESENTATION_RELATIONSHIP('','',#3972,#10) 
REPRESENTATION_RELATIONSHIP_WITH_TRANSFORMATION(#4018) 
SHAPE_REPRESENTATION_RELATIONSHIP() );
#4018 = ITEM_DEFINED_TRANSFORMATION('','',#11,#223);
#4019 = PRODUCT_DEFINITION_SHAPE('Placement','Placement of an item',
  #4020);
#4020 = NEXT_ASSEMBLY_USAGE_OCCURRENCE('141934','BALL_0051','',#5,#3967,
  $);
#4021 = PRODUCT_RELATED_PRODUCT_CATEGORY('part',$,(#3969));
#4022 = SHAPE_DEFINITION_REPRESENTATION(#4023,#4029);
#4023 = PRODUCT_DEFINITION_SHAPE('','',#4024);
#4024 = PRODUCT_DEFINITION('design','',#4025,#4028);
#4025 = PRODUCT_DEFINITION_FORMATION('','',#4026);
#4026 = PRODUCT('BALL_0052','BALL_0052','',(#4027));
#4027 = PRODUCT_CONTEXT('',#2,'mechanical');
#4028 = PRODUCT_DEFINITION_CONTEXT('part definition',#2,'design');
#4029 = ADVANCED_BREP_SHAPE_REPRESENTATION('',(#11,#4030),#4068);
#4030 = MANIFOLD_SOLID_BREP('',#4031);
#4031 = CLOSED_SHELL('',(#4032,#4059));
#4032 = ADVANCED_FACE('',(#4033),#4054,.T.);
#4033 = FACE_BOUND('',#4034,.T.);
#4034 = EDGE_LOOP('',(#4035,#4044,#4053));
#4035 = ORIENTED_EDGE('',*,*,#4036,.T.);
#4036 = EDGE_CURVE('',#4037,#4037,#4039,.T.);
#4037 = VERTEX_POINT('',#4038);
#4038 = CARTESIAN_POINT('',(-3.6,0.243199999999,-6.053399999999));
#4039 = CIRCLE('',#4040,0.121600000001);
#4040 = AXIS2_PLACEMENT_3D('',#4041,#4042,#4043);
#4041 = CARTESIAN_POINT('',(-3.6,0.243199999999,-6.175));
#4042 = DIRECTION('',(-5.551115123126E-17,-1.,0.));
#4043 = DIRECTION('',(6.108492277512E-29,-3.390894386119E-45,1.));
#4044 = ORIENTED_EDGE('',*,*,#4045,.T.);
#4045 = EDGE_CURVE('',#4037,#4046,#4048,.T.);
#4046 = VERTEX_POINT('',#4047);
#4047 = CARTESIAN_POINT('',(-3.6,1.334880397544E-13,-6.175));
#4048 = CIRCLE('',#4049,0.152);
#4049 = AXIS2_PLACEMENT_3D('',#4050,#4051,#4052);
#4050 = CARTESIAN_POINT('',(-3.6,0.152,-6.175));
#4051 = DIRECTION('',(1.,-1.110223024625E-16,-5.551115123126E-17));
#4052 = DIRECTION('',(1.110223024625E-16,1.,5.551115123126E-17));
#4053 = ORIENTED_EDGE('',*,*,#4045,.F.);
#4054 = SPHERICAL_SURFACE('',#4055,0.152);
#4055 = AXIS2_PLACEMENT_3D('',#4056,#4057,#4058);
#4056 = CARTESIAN_POINT('',(-3.6,0.152,-6.175));
#4057 = DIRECTION('',(-5.551115123126E-17,-1.,-0.));
#4058 = DIRECTION('',(5.463066675185E-29,-3.032611203926E-45,1.));
#4059 = ADVANCED_FACE('',(#4060),#4063,.F.);
#4060 = FACE_BOUND('',#4061,.F.);
#4061 = EDGE_LOOP('',(#4062));
#4062 = ORIENTED_EDGE('',*,*,#4036,.T.);
#4063 = PLANE('',#4064);
#4064 = AXIS2_PLACEMENT_3D('',#4065,#4066,#4067);
#4065 = CARTESIAN_POINT('',(-3.6,0.2432,-6.175));
#4066 = DIRECTION('',(-5.551115123126E-17,-1.,-0.));
#4067 = DIRECTION('',(6.10849227756E-29,-3.390894386146E-45,1.));
#4068 = ( GEOMETRIC_REPRESENTATION_CONTEXT(3) 
GLOBAL_UNCERTAINTY_ASSIGNED_CONTEXT((#4072)) 
GLOBAL_UNIT_ASSIGNED_CONTEXT((#4069,#4070,#4071)) REPRESENTATION_CONTEXT
('Context #1','3D Context with UNIT and UNCERTAINTY') );
#4069 = ( LENGTH_UNIT() NAMED_UNIT(*) SI_UNIT(.MILLI.,.METRE.) );
#4070 = ( NAMED_UNIT(*) PLANE_ANGLE_UNIT() SI_UNIT($,.RADIAN.) );
#4071 = ( NAMED_UNIT(*) SI_UNIT($,.STERADIAN.) SOLID_ANGLE_UNIT() );
#4072 = UNCERTAINTY_MEASURE_WITH_UNIT(LENGTH_MEASURE(1.E-07),#4069,
  'distance_accuracy_value','confusion accuracy');
#4073 = CONTEXT_DEPENDENT_SHAPE_REPRESENTATION(#4074,#4076);
#4074 = ( REPRESENTATION_RELATIONSHIP('','',#4029,#10) 
REPRESENTATION_RELATIONSHIP_WITH_TRANSFORMATION(#4075) 
SHAPE_REPRESENTATION_RELATIONSHIP() );
#4075 = ITEM_DEFINED_TRANSFORMATION('','',#11,#227);
#4076 = PRODUCT_DEFINITION_SHAPE('Placement','Placement of an item',
  #4077);
#4077 = NEXT_ASSEMBLY_USAGE_OCCURRENCE('141935','BALL_0052','',#5,#4024,
  $);
#4078 = PRODUCT_RELATED_PRODUCT_CATEGORY('part',$,(#4026));
#4079 = SHAPE_DEFINITION_REPRESENTATION(#4080,#4086);
#4080 = PRODUCT_DEFINITION_SHAPE('','',#4081);
#4081 = PRODUCT_DEFINITION('design','',#4082,#4085);
#4082 = PRODUCT_DEFINITION_FORMATION('','',#4083);
#4083 = PRODUCT('BALL_0053','BALL_0053','',(#4084));
#4084 = PRODUCT_CONTEXT('',#2,'mechanical');
#4085 = PRODUCT_DEFINITION_CONTEXT('part definition',#2,'design');
#4086 = ADVANCED_BREP_SHAPE_REPRESENTATION('',(#11,#4087),#4125);
#4087 = MANIFOLD_SOLID_BREP('',#4088);
#4088 = CLOSED_SHELL('',(#4089,#4116));
#4089 = ADVANCED_FACE('',(#4090),#4111,.T.);
#4090 = FACE_BOUND('',#4091,.T.);
#4091 = EDGE_LOOP('',(#4092,#4101,#4110));
#4092 = ORIENTED_EDGE('',*,*,#4093,.T.);
#4093 = EDGE_CURVE('',#4094,#4094,#4096,.T.);
#4094 = VERTEX_POINT('',#4095);
#4095 = CARTESIAN_POINT('',(-3.6,0.243199999999,-6.053399999999));
#4096 = CIRCLE('',#4097,0.121600000001);
#4097 = AXIS2_PLACEMENT_3D('',#4098,#4099,#4100);
#4098 = CARTESIAN_POINT('',(-3.6,0.243199999999,-6.175));
#4099 = DIRECTION('',(-5.551115123126E-17,-1.,0.));
#4100 = DIRECTION('',(6.108492277512E-29,-3.390894386119E-45,1.));
#4101 = ORIENTED_EDGE('',*,*,#4102,.T.);
#4102 = EDGE_CURVE('',#4094,#4103,#4105,.T.);
#4103 = VERTEX_POINT('',#4104);
#4104 = CARTESIAN_POINT('',(-3.6,1.334880397544E-13,-6.175));
#4105 = CIRCLE('',#4106,0.152);
#4106 = AXIS2_PLACEMENT_3D('',#4107,#4108,#4109);
#4107 = CARTESIAN_POINT('',(-3.6,0.152,-6.175));
#4108 = DIRECTION('',(1.,-1.110223024625E-16,-5.551115123126E-17));
#4109 = DIRECTION('',(1.110223024625E-16,1.,5.551115123126E-17));
#4110 = ORIENTED_EDGE('',*,*,#4102,.F.);
#4111 = SPHERICAL_SURFACE('',#4112,0.152);
#4112 = AXIS2_PLACEMENT_3D('',#4113,#4114,#4115);
#4113 = CARTESIAN_POINT('',(-3.6,0.152,-6.175));
#4114 = DIRECTION('',(-5.551115123126E-17,-1.,-0.));
#4115 = DIRECTION('',(5.463066675185E-29,-3.032611203926E-45,1.));
#4116 = ADVANCED_FACE('',(#4117),#4120,.F.);
#4117 = FACE_BOUND('',#4118,.F.);
#4118 = EDGE_LOOP('',(#4119));
#4119 = ORIENTED_EDGE('',*,*,#4093,.T.);
#4120 = PLANE('',#4121);
#4121 = AXIS2_PLACEMENT_3D('',#4122,#4123,#4124);
#4122 = CARTESIAN_POINT('',(-3.6,0.2432,-6.175));
#4123 = DIRECTION('',(-5.551115123126E-17,-1.,-0.));
#4124 = DIRECTION('',(6.10849227756E-29,-3.390894386146E-45,1.));
#4125 = ( GEOMETRIC_REPRESENTATION_CONTEXT(3) 
GLOBAL_UNCERTAINTY_ASSIGNED_CONTEXT((#4129)) 
GLOBAL_UNIT_ASSIGNED_CONTEXT((#4126,#4127,#4128)) REPRESENTATION_CONTEXT
('Context #1','3D Context with UNIT and UNCERTAINTY') );
#4126 = ( LENGTH_UNIT() NAMED_UNIT(*) SI_UNIT(.MILLI.,.METRE.) );
#4127 = ( NAMED_UNIT(*) PLANE_ANGLE_UNIT() SI_UNIT($,.RADIAN.) );
#4128 = ( NAMED_UNIT(*) SI_UNIT($,.STERADIAN.) SOLID_ANGLE_UNIT() );
#4129 = UNCERTAINTY_MEASURE_WITH_UNIT(LENGTH_MEASURE(1.E-07),#4126,
  'distance_accuracy_value','confusion accuracy');
#4130 = CONTEXT_DEPENDENT_SHAPE_REPRESENTATION(#4131,#4133);
#4131 = ( REPRESENTATION_RELATIONSHIP('','',#4086,#10) 
REPRESENTATION_RELATIONSHIP_WITH_TRANSFORMATION(#4132) 
SHAPE_REPRESENTATION_RELATIONSHIP() );
#4132 = ITEM_DEFINED_TRANSFORMATION('','',#11,#231);
#4133 = PRODUCT_DEFINITION_SHAPE('Placement','Placement of an item',
  #4134);
#4134 = NEXT_ASSEMBLY_USAGE_OCCURRENCE('141936','BALL_0053','',#5,#4081,
  $);
#4135 = PRODUCT_RELATED_PRODUCT_CATEGORY('part',$,(#4083));
#4136 = SHAPE_DEFINITION_REPRESENTATION(#4137,#4143);
#4137 = PRODUCT_DEFINITION_SHAPE('','',#4138);
#4138 = PRODUCT_DEFINITION('design','',#4139,#4142);
#4139 = PRODUCT_DEFINITION_FORMATION('','',#4140);
#4140 = PRODUCT('BALL_0054','BALL_0054','',(#4141));
#4141 = PRODUCT_CONTEXT('',#2,'mechanical');
#4142 = PRODUCT_DEFINITION_CONTEXT('part definition',#2,'design');
#4143 = ADVANCED_BREP_SHAPE_REPRESENTATION('',(#11,#4144),#4182);
#4144 = MANIFOLD_SOLID_BREP('',#4145);
#4145 = CLOSED_SHELL('',(#4146,#4173));
#4146 = ADVANCED_FACE('',(#4147),#4168,.T.);
#4147 = FACE_BOUND('',#4148,.T.);
#4148 = EDGE_LOOP('',(#4149,#4158,#4167));
#4149 = ORIENTED_EDGE('',*,*,#4150,.T.);
#4150 = EDGE_CURVE('',#4151,#4151,#4153,.T.);
#4151 = VERTEX_POINT('',#4152);
#4152 = CARTESIAN_POINT('',(-3.6,0.243199999999,-6.053399999999));
#4153 = CIRCLE('',#4154,0.121600000001);
#4154 = AXIS2_PLACEMENT_3D('',#4155,#4156,#4157);
#4155 = CARTESIAN_POINT('',(-3.6,0.243199999999,-6.175));
#4156 = DIRECTION('',(-5.551115123126E-17,-1.,0.));
#4157 = DIRECTION('',(6.108492277512E-29,-3.390894386119E-45,1.));
#4158 = ORIENTED_EDGE('',*,*,#4159,.T.);
#4159 = EDGE_CURVE('',#4151,#4160,#4162,.T.);
#4160 = VERTEX_POINT('',#4161);
#4161 = CARTESIAN_POINT('',(-3.6,1.334880397544E-13,-6.175));
#4162 = CIRCLE('',#4163,0.152);
#4163 = AXIS2_PLACEMENT_3D('',#4164,#4165,#4166);
#4164 = CARTESIAN_POINT('',(-3.6,0.152,-6.175));
#4165 = DIRECTION('',(1.,-1.110223024625E-16,-5.551115123126E-17));
#4166 = DIRECTION('',(1.110223024625E-16,1.,5.551115123126E-17));
#4167 = ORIENTED_EDGE('',*,*,#4159,.F.);
#4168 = SPHERICAL_SURFACE('',#4169,0.152);
#4169 = AXIS2_PLACEMENT_3D('',#4170,#4171,#4172);
#4170 = CARTESIAN_POINT('',(-3.6,0.152,-6.175));
#4171 = DIRECTION('',(-5.551115123126E-17,-1.,-0.));
#4172 = DIRECTION('',(5.463066675185E-29,-3.032611203926E-45,1.));
#4173 = ADVANCED_FACE('',(#4174),#4177,.F.);
#4174 = FACE_BOUND('',#4175,.F.);
#4175 = EDGE_LOOP('',(#4176));
#4176 = ORIENTED_EDGE('',*,*,#4150,.T.);
#4177 = PLANE('',#4178);
#4178 = AXIS2_PLACEMENT_3D('',#4179,#4180,#4181);
#4179 = CARTESIAN_POINT('',(-3.6,0.2432,-6.175));
#4180 = DIRECTION('',(-5.551115123126E-17,-1.,-0.));
#4181 = DIRECTION('',(6.10849227756E-29,-3.390894386146E-45,1.));
#4182 = ( GEOMETRIC_REPRESENTATION_CONTEXT(3) 
GLOBAL_UNCERTAINTY_ASSIGNED_CONTEXT((#4186)) 
GLOBAL_UNIT_ASSIGNED_CONTEXT((#4183,#4184,#4185)) REPRESENTATION_CONTEXT
('Context #1','3D Context with UNIT and UNCERTAINTY') );
#4183 = ( LENGTH_UNIT() NAMED_UNIT(*) SI_UNIT(.MILLI.,.METRE.) );
#4184 = ( NAMED_UNIT(*) PLANE_ANGLE_UNIT() SI_UNIT($,.RADIAN.) );
#4185 = ( NAMED_UNIT(*) SI_UNIT($,.STERADIAN.) SOLID_ANGLE_UNIT() );
#4186 = UNCERTAINTY_MEASURE_WITH_UNIT(LENGTH_MEASURE(1.E-07),#4183,
  'distance_accuracy_value','confusion accuracy');
#4187 = CONTEXT_DEPENDENT_SHAPE_REPRESENTATION(#4188,#4190);
#4188 = ( REPRESENTATION_RELATIONSHIP('','',#4143,#10) 
REPRESENTATION_RELATIONSHIP_WITH_TRANSFORMATION(#4189) 
SHAPE_REPRESENTATION_RELATIONSHIP() );
#4189 = ITEM_DEFINED_TRANSFORMATION('','',#11,#235);
#4190 = PRODUCT_DEFINITION_SHAPE('Placement','Placement of an item',
  #4191);
#4191 = NEXT_ASSEMBLY_USAGE_OCCURRENCE('141937','BALL_0054','',#5,#4138,
  $);
#4192 = PRODUCT_RELATED_PRODUCT_CATEGORY('part',$,(#4140));
#4193 = SHAPE_DEFINITION_REPRESENTATION(#4194,#4200);
#4194 = PRODUCT_DEFINITION_SHAPE('','',#4195);
#4195 = PRODUCT_DEFINITION('design','',#4196,#4199);
#4196 = PRODUCT_DEFINITION_FORMATION('','',#4197);
#4197 = PRODUCT('BALL_0055','BALL_0055','',(#4198));
#4198 = PRODUCT_CONTEXT('',#2,'mechanical');
#4199 = PRODUCT_DEFINITION_CONTEXT('part definition',#2,'design');
#4200 = ADVANCED_BREP_SHAPE_REPRESENTATION('',(#11,#4201),#4239);
#4201 = MANIFOLD_SOLID_BREP('',#4202);
#4202 = CLOSED_SHELL('',(#4203,#4230));
#4203 = ADVANCED_FACE('',(#4204),#4225,.T.);
#4204 = FACE_BOUND('',#4205,.T.);
#4205 = EDGE_LOOP('',(#4206,#4215,#4224));
#4206 = ORIENTED_EDGE('',*,*,#4207,.T.);
#4207 = EDGE_CURVE('',#4208,#4208,#4210,.T.);
#4208 = VERTEX_POINT('',#4209);
#4209 = CARTESIAN_POINT('',(-3.6,0.243199999999,-6.053399999999));
#4210 = CIRCLE('',#4211,0.121600000001);
#4211 = AXIS2_PLACEMENT_3D('',#4212,#4213,#4214);
#4212 = CARTESIAN_POINT('',(-3.6,0.243199999999,-6.175));
#4213 = DIRECTION('',(-5.551115123126E-17,-1.,0.));
#4214 = DIRECTION('',(6.108492277512E-29,-3.390894386119E-45,1.));
#4215 = ORIENTED_EDGE('',*,*,#4216,.T.);
#4216 = EDGE_CURVE('',#4208,#4217,#4219,.T.);
#4217 = VERTEX_POINT('',#4218);
#4218 = CARTESIAN_POINT('',(-3.6,1.334880397544E-13,-6.175));
#4219 = CIRCLE('',#4220,0.152);
#4220 = AXIS2_PLACEMENT_3D('',#4221,#4222,#4223);
#4221 = CARTESIAN_POINT('',(-3.6,0.152,-6.175));
#4222 = DIRECTION('',(1.,-1.110223024625E-16,-5.551115123126E-17));
#4223 = DIRECTION('',(1.110223024625E-16,1.,5.551115123126E-17));
#4224 = ORIENTED_EDGE('',*,*,#4216,.F.);
#4225 = SPHERICAL_SURFACE('',#4226,0.152);
#4226 = AXIS2_PLACEMENT_3D('',#4227,#4228,#4229);
#4227 = CARTESIAN_POINT('',(-3.6,0.152,-6.175));
#4228 = DIRECTION('',(-5.551115123126E-17,-1.,-0.));
#4229 = DIRECTION('',(5.463066675185E-29,-3.032611203926E-45,1.));
#4230 = ADVANCED_FACE('',(#4231),#4234,.F.);
#4231 = FACE_BOUND('',#4232,.F.);
#4232 = EDGE_LOOP('',(#4233));
#4233 = ORIENTED_EDGE('',*,*,#4207,.T.);
#4234 = PLANE('',#4235);
#4235 = AXIS2_PLACEMENT_3D('',#4236,#4237,#4238);
#4236 = CARTESIAN_POINT('',(-3.6,0.2432,-6.175));
#4237 = DIRECTION('',(-5.551115123126E-17,-1.,-0.));
#4238 = DIRECTION('',(6.10849227756E-29,-3.390894386146E-45,1.));
#4239 = ( GEOMETRIC_REPRESENTATION_CONTEXT(3) 
GLOBAL_UNCERTAINTY_ASSIGNED_CONTEXT((#4243)) 
GLOBAL_UNIT_ASSIGNED_CONTEXT((#4240,#4241,#4242)) REPRESENTATION_CONTEXT
('Context #1','3D Context with UNIT and UNCERTAINTY') );
#4240 = ( LENGTH_UNIT() NAMED_UNIT(*) SI_UNIT(.MILLI.,.METRE.) );
#4241 = ( NAMED_UNIT(*) PLANE_ANGLE_UNIT() SI_UNIT($,.RADIAN.) );
#4242 = ( NAMED_UNIT(*) SI_UNIT($,.STERADIAN.) SOLID_ANGLE_UNIT() );
#4243 = UNCERTAINTY_MEASURE_WITH_UNIT(LENGTH_MEASURE(1.E-07),#4240,
  'distance_accuracy_value','confusion accuracy');
#4244 = CONTEXT_DEPENDENT_SHAPE_REPRESENTATION(#4245,#4247);
#4245 = ( REPRESENTATION_RELATIONSHIP('','',#4200,#10) 
REPRESENTATION_RELATIONSHIP_WITH_TRANSFORMATION(#4246) 
SHAPE_REPRESENTATION_RELATIONSHIP() );
#4246 = ITEM_DEFINED_TRANSFORMATION('','',#11,#239);
#4247 = PRODUCT_DEFINITION_SHAPE('Placement','Placement of an item',
  #4248);
#4248 = NEXT_ASSEMBLY_USAGE_OCCURRENCE('141938','BALL_0055','',#5,#4195,
  $);
#4249 = PRODUCT_RELATED_PRODUCT_CATEGORY('part',$,(#4197));
#4250 = SHAPE_DEFINITION_REPRESENTATION(#4251,#4257);
#4251 = PRODUCT_DEFINITION_SHAPE('','',#4252);
#4252 = PRODUCT_DEFINITION('design','',#4253,#4256);
#4253 = PRODUCT_DEFINITION_FORMATION('','',#4254);
#4254 = PRODUCT('BALL_0056','BALL_0056','',(#4255));
#4255 = PRODUCT_CONTEXT('',#2,'mechanical');
#4256 = PRODUCT_DEFINITION_CONTEXT('part definition',#2,'design');
#4257 = ADVANCED_BREP_SHAPE_REPRESENTATION('',(#11,#4258),#4296);
#4258 = MANIFOLD_SOLID_BREP('',#4259);
#4259 = CLOSED_SHELL('',(#4260,#4287));
#4260 = ADVANCED_FACE('',(#4261),#4282,.T.);
#4261 = FACE_BOUND('',#4262,.T.);
#4262 = EDGE_LOOP('',(#4263,#4272,#4281));
#4263 = ORIENTED_EDGE('',*,*,#4264,.T.);
#4264 = EDGE_CURVE('',#4265,#4265,#4267,.T.);
#4265 = VERTEX_POINT('',#4266);
#4266 = CARTESIAN_POINT('',(-3.6,0.243199999999,-6.053399999999));
#4267 = CIRCLE('',#4268,0.121600000001);
#4268 = AXIS2_PLACEMENT_3D('',#4269,#4270,#4271);
#4269 = CARTESIAN_POINT('',(-3.6,0.243199999999,-6.175));
#4270 = DIRECTION('',(-5.551115123126E-17,-1.,0.));
#4271 = DIRECTION('',(6.108492277512E-29,-3.390894386119E-45,1.));
#4272 = ORIENTED_EDGE('',*,*,#4273,.T.);
#4273 = EDGE_CURVE('',#4265,#4274,#4276,.T.);
#4274 = VERTEX_POINT('',#4275);
#4275 = CARTESIAN_POINT('',(-3.6,1.334880397544E-13,-6.175));
#4276 = CIRCLE('',#4277,0.152);
#4277 = AXIS2_PLACEMENT_3D('',#4278,#4279,#4280);
#4278 = CARTESIAN_POINT('',(-3.6,0.152,-6.175));
#4279 = DIRECTION('',(1.,-1.110223024625E-16,-5.551115123126E-17));
#4280 = DIRECTION('',(1.110223024625E-16,1.,5.551115123126E-17));
#4281 = ORIENTED_EDGE('',*,*,#4273,.F.);
#4282 = SPHERICAL_SURFACE('',#4283,0.152);
#4283 = AXIS2_PLACEMENT_3D('',#4284,#4285,#4286);
#4284 = CARTESIAN_POINT('',(-3.6,0.152,-6.175));
#4285 = DIRECTION('',(-5.551115123126E-17,-1.,-0.));
#4286 = DIRECTION('',(5.463066675185E-29,-3.032611203926E-45,1.));
#4287 = ADVANCED_FACE('',(#4288),#4291,.F.);
#4288 = FACE_BOUND('',#4289,.F.);
#4289 = EDGE_LOOP('',(#4290));
#4290 = ORIENTED_EDGE('',*,*,#4264,.T.);
#4291 = PLANE('',#4292);
#4292 = AXIS2_PLACEMENT_3D('',#4293,#4294,#4295);
#4293 = CARTESIAN_POINT('',(-3.6,0.2432,-6.175));
#4294 = DIRECTION('',(-5.551115123126E-17,-1.,-0.));
#4295 = DIRECTION('',(6.10849227756E-29,-3.390894386146E-45,1.));
#4296 = ( GEOMETRIC_REPRESENTATION_CONTEXT(3) 
GLOBAL_UNCERTAINTY_ASSIGNED_CONTEXT((#4300)) 
GLOBAL_UNIT_ASSIGNED_CONTEXT((#4297,#4298,#4299)) REPRESENTATION_CONTEXT
('Context #1','3D Context with UNIT and UNCERTAINTY') );
#4297 = ( LENGTH_UNIT() NAMED_UNIT(*) SI_UNIT(.MILLI.,.METRE.) );
#4298 = ( NAMED_UNIT(*) PLANE_ANGLE_UNIT() SI_UNIT($,.RADIAN.) );
#4299 = ( NAMED_UNIT(*) SI_UNIT($,.STERADIAN.) SOLID_ANGLE_UNIT() );
#4300 = UNCERTAINTY_MEASURE_WITH_UNIT(LENGTH_MEASURE(1.E-07),#4297,
  'distance_accuracy_value','confusion accuracy');
#4301 = CONTEXT_DEPENDENT_SHAPE_REPRESENTATION(#4302,#4304);
#4302 = ( REPRESENTATION_RELATIONSHIP('','',#4257,#10) 
REPRESENTATION_RELATIONSHIP_WITH_TRANSFORMATION(#4303) 
SHAPE_REPRESENTATION_RELATIONSHIP() );
#4303 = ITEM_DEFINED_TRANSFORMATION('','',#11,#243);
#4304 = PRODUCT_DEFINITION_SHAPE('Placement','Placement of an item',
  #4305);
#4305 = NEXT_ASSEMBLY_USAGE_OCCURRENCE('141939','BALL_0056','',#5,#4252,
  $);
#4306 = PRODUCT_RELATED_PRODUCT_CATEGORY('part',$,(#4254));
#4307 = SHAPE_DEFINITION_REPRESENTATION(#4308,#4314);
#4308 = PRODUCT_DEFINITION_SHAPE('','',#4309);
#4309 = PRODUCT_DEFINITION('design','',#4310,#4313);
#4310 = PRODUCT_DEFINITION_FORMATION('','',#4311);
#4311 = PRODUCT('BALL_0057','BALL_0057','',(#4312));
#4312 = PRODUCT_CONTEXT('',#2,'mechanical');
#4313 = PRODUCT_DEFINITION_CONTEXT('part definition',#2,'design');
#4314 = ADVANCED_BREP_SHAPE_REPRESENTATION('',(#11,#4315),#4353);
#4315 = MANIFOLD_SOLID_BREP('',#4316);
#4316 = CLOSED_SHELL('',(#4317,#4344));
#4317 = ADVANCED_FACE('',(#4318),#4339,.T.);
#4318 = FACE_BOUND('',#4319,.T.);
#4319 = EDGE_LOOP('',(#4320,#4329,#4338));
#4320 = ORIENTED_EDGE('',*,*,#4321,.T.);
#4321 = EDGE_CURVE('',#4322,#4322,#4324,.T.);
#4322 = VERTEX_POINT('',#4323);
#4323 = CARTESIAN_POINT('',(-3.6,0.243199999999,-6.053399999999));
#4324 = CIRCLE('',#4325,0.121600000001);
#4325 = AXIS2_PLACEMENT_3D('',#4326,#4327,#4328);
#4326 = CARTESIAN_POINT('',(-3.6,0.243199999999,-6.175));
#4327 = DIRECTION('',(-5.551115123126E-17,-1.,0.));
#4328 = DIRECTION('',(6.108492277512E-29,-3.390894386119E-45,1.));
#4329 = ORIENTED_EDGE('',*,*,#4330,.T.);
#4330 = EDGE_CURVE('',#4322,#4331,#4333,.T.);
#4331 = VERTEX_POINT('',#4332);
#4332 = CARTESIAN_POINT('',(-3.6,1.334880397544E-13,-6.175));
#4333 = CIRCLE('',#4334,0.152);
#4334 = AXIS2_PLACEMENT_3D('',#4335,#4336,#4337);
#4335 = CARTESIAN_POINT('',(-3.6,0.152,-6.175));
#4336 = DIRECTION('',(1.,-1.110223024625E-16,-5.551115123126E-17));
#4337 = DIRECTION('',(1.110223024625E-16,1.,5.551115123126E-17));
#4338 = ORIENTED_EDGE('',*,*,#4330,.F.);
#4339 = SPHERICAL_SURFACE('',#4340,0.152);
#4340 = AXIS2_PLACEMENT_3D('',#4341,#4342,#4343);
#4341 = CARTESIAN_POINT('',(-3.6,0.152,-6.175));
#4342 = DIRECTION('',(-5.551115123126E-17,-1.,-0.));
#4343 = DIRECTION('',(5.463066675185E-29,-3.032611203926E-45,1.));
#4344 = ADVANCED_FACE('',(#4345),#4348,.F.);
#4345 = FACE_BOUND('',#4346,.F.);
#4346 = EDGE_LOOP('',(#4347));
#4347 = ORIENTED_EDGE('',*,*,#4321,.T.);
#4348 = PLANE('',#4349);
#4349 = AXIS2_PLACEMENT_3D('',#4350,#4351,#4352);
#4350 = CARTESIAN_POINT('',(-3.6,0.2432,-6.175));
#4351 = DIRECTION('',(-5.551115123126E-17,-1.,-0.));
#4352 = DIRECTION('',(6.10849227756E-29,-3.390894386146E-45,1.));
#4353 = ( GEOMETRIC_REPRESENTATION_CONTEXT(3) 
GLOBAL_UNCERTAINTY_ASSIGNED_CONTEXT((#4357)) 
GLOBAL_UNIT_ASSIGNED_CONTEXT((#4354,#4355,#4356)) REPRESENTATION_CONTEXT
('Context #1','3D Context with UNIT and UNCERTAINTY') );
#4354 = ( LENGTH_UNIT() NAMED_UNIT(*) SI_UNIT(.MILLI.,.METRE.) );
#4355 = ( NAMED_UNIT(*) PLANE_ANGLE_UNIT() SI_UNIT($,.RADIAN.) );
#4356 = ( NAMED_UNIT(*) SI_UNIT($,.STERADIAN.) SOLID_ANGLE_UNIT() );
#4357 = UNCERTAINTY_MEASURE_WITH_UNIT(LENGTH_MEASURE(1.E-07),#4354,
  'distance_accuracy_value','confusion accuracy');
#4358 = CONTEXT_DEPENDENT_SHAPE_REPRESENTATION(#4359,#4361);
#4359 = ( REPRESENTATION_RELATIONSHIP('','',#4314,#10) 
REPRESENTATION_RELATIONSHIP_WITH_TRANSFORMATION(#4360) 
SHAPE_REPRESENTATION_RELATIONSHIP() );
#4360 = ITEM_DEFINED_TRANSFORMATION('','',#11,#247);
#4361 = PRODUCT_DEFINITION_SHAPE('Placement','Placement of an item',
  #4362);
#4362 = NEXT_ASSEMBLY_USAGE_OCCURRENCE('141940','BALL_0057','',#5,#4309,
  $);
#4363 = PRODUCT_RELATED_PRODUCT_CATEGORY('part',$,(#4311));
#4364 = SHAPE_DEFINITION_REPRESENTATION(#4365,#4371);
#4365 = PRODUCT_DEFINITION_SHAPE('','',#4366);
#4366 = PRODUCT_DEFINITION('design','',#4367,#4370);
#4367 = PRODUCT_DEFINITION_FORMATION('','',#4368);
#4368 = PRODUCT('BALL_0058','BALL_0058','',(#4369));
#4369 = PRODUCT_CONTEXT('',#2,'mechanical');
#4370 = PRODUCT_DEFINITION_CONTEXT('part definition',#2,'design');
#4371 = ADVANCED_BREP_SHAPE_REPRESENTATION('',(#11,#4372),#4410);
#4372 = MANIFOLD_SOLID_BREP('',#4373);
#4373 = CLOSED_SHELL('',(#4374,#4401));
#4374 = ADVANCED_FACE('',(#4375),#4396,.T.);
#4375 = FACE_BOUND('',#4376,.T.);
#4376 = EDGE_LOOP('',(#4377,#4386,#4395));
#4377 = ORIENTED_EDGE('',*,*,#4378,.T.);
#4378 = EDGE_CURVE('',#4379,#4379,#4381,.T.);
#4379 = VERTEX_POINT('',#4380);
#4380 = CARTESIAN_POINT('',(-3.6,0.243199999999,-6.053399999999));
#4381 = CIRCLE('',#4382,0.121600000001);
#4382 = AXIS2_PLACEMENT_3D('',#4383,#4384,#4385);
#4383 = CARTESIAN_POINT('',(-3.6,0.243199999999,-6.175));
#4384 = DIRECTION('',(-5.551115123126E-17,-1.,0.));
#4385 = DIRECTION('',(6.108492277512E-29,-3.390894386119E-45,1.));
#4386 = ORIENTED_EDGE('',*,*,#4387,.T.);
#4387 = EDGE_CURVE('',#4379,#4388,#4390,.T.);
#4388 = VERTEX_POINT('',#4389);
#4389 = CARTESIAN_POINT('',(-3.6,1.334880397544E-13,-6.175));
#4390 = CIRCLE('',#4391,0.152);
#4391 = AXIS2_PLACEMENT_3D('',#4392,#4393,#4394);
#4392 = CARTESIAN_POINT('',(-3.6,0.152,-6.175));
#4393 = DIRECTION('',(1.,-1.110223024625E-16,-5.551115123126E-17));
#4394 = DIRECTION('',(1.110223024625E-16,1.,5.551115123126E-17));
#4395 = ORIENTED_EDGE('',*,*,#4387,.F.);
#4396 = SPHERICAL_SURFACE('',#4397,0.152);
#4397 = AXIS2_PLACEMENT_3D('',#4398,#4399,#4400);
#4398 = CARTESIAN_POINT('',(-3.6,0.152,-6.175));
#4399 = DIRECTION('',(-5.551115123126E-17,-1.,-0.));
#4400 = DIRECTION('',(5.463066675185E-29,-3.032611203926E-45,1.));
#4401 = ADVANCED_FACE('',(#4402),#4405,.F.);
#4402 = FACE_BOUND('',#4403,.F.);
#4403 = EDGE_LOOP('',(#4404));
#4404 = ORIENTED_EDGE('',*,*,#4378,.T.);
#4405 = PLANE('',#4406);
#4406 = AXIS2_PLACEMENT_3D('',#4407,#4408,#4409);
#4407 = CARTESIAN_POINT('',(-3.6,0.2432,-6.175));
#4408 = DIRECTION('',(-5.551115123126E-17,-1.,-0.));
#4409 = DIRECTION('',(6.10849227756E-29,-3.390894386146E-45,1.));
#4410 = ( GEOMETRIC_REPRESENTATION_CONTEXT(3) 
GLOBAL_UNCERTAINTY_ASSIGNED_CONTEXT((#4414)) 
GLOBAL_UNIT_ASSIGNED_CONTEXT((#4411,#4412,#4413)) REPRESENTATION_CONTEXT
('Context #1','3D Context with UNIT and UNCERTAINTY') );
#4411 = ( LENGTH_UNIT() NAMED_UNIT(*) SI_UNIT(.MILLI.,.METRE.) );
#4412 = ( NAMED_UNIT(*) PLANE_ANGLE_UNIT() SI_UNIT($,.RADIAN.) );
#4413 = ( NAMED_UNIT(*) SI_UNIT($,.STERADIAN.) SOLID_ANGLE_UNIT() );
#4414 = UNCERTAINTY_MEASURE_WITH_UNIT(LENGTH_MEASURE(1.E-07),#4411,
  'distance_accuracy_value','confusion accuracy');
#4415 = CONTEXT_DEPENDENT_SHAPE_REPRESENTATION(#4416,#4418);
#4416 = ( REPRESENTATION_RELATIONSHIP('','',#4371,#10) 
REPRESENTATION_RELATIONSHIP_WITH_TRANSFORMATION(#4417) 
SHAPE_REPRESENTATION_RELATIONSHIP() );
#4417 = ITEM_DEFINED_TRANSFORMATION('','',#11,#251);
#4418 = PRODUCT_DEFINITION_SHAPE('Placement','Placement of an item',
  #4419);
#4419 = NEXT_ASSEMBLY_USAGE_OCCURRENCE('141941','BALL_0058','',#5,#4366,
  $);
#4420 = PRODUCT_RELATED_PRODUCT_CATEGORY('part',$,(#4368));
#4421 = SHAPE_DEFINITION_REPRESENTATION(#4422,#4428);
#4422 = PRODUCT_DEFINITION_SHAPE('','',#4423);
#4423 = PRODUCT_DEFINITION('design','',#4424,#4427);
#4424 = PRODUCT_DEFINITION_FORMATION('','',#4425);
#4425 = PRODUCT('BALL_0059','BALL_0059','',(#4426));
#4426 = PRODUCT_CONTEXT('',#2,'mechanical');
#4427 = PRODUCT_DEFINITION_CONTEXT('part definition',#2,'design');
#4428 = ADVANCED_BREP_SHAPE_REPRESENTATION('',(#11,#4429),#4467);
#4429 = MANIFOLD_SOLID_BREP('',#4430);
#4430 = CLOSED_SHELL('',(#4431,#4458));
#4431 = ADVANCED_FACE('',(#4432),#4453,.T.);
#4432 = FACE_BOUND('',#4433,.T.);
#4433 = EDGE_LOOP('',(#4434,#4443,#4452));
#4434 = ORIENTED_EDGE('',*,*,#4435,.T.);
#4435 = EDGE_CURVE('',#4436,#4436,#4438,.T.);
#4436 = VERTEX_POINT('',#4437);
#4437 = CARTESIAN_POINT('',(-3.6,0.243199999999,-6.053399999999));
#4438 = CIRCLE('',#4439,0.121600000001);
#4439 = AXIS2_PLACEMENT_3D('',#4440,#4441,#4442);
#4440 = CARTESIAN_POINT('',(-3.6,0.243199999999,-6.175));
#4441 = DIRECTION('',(-5.551115123126E-17,-1.,0.));
#4442 = DIRECTION('',(6.108492277512E-29,-3.390894386119E-45,1.));
#4443 = ORIENTED_EDGE('',*,*,#4444,.T.);
#4444 = EDGE_CURVE('',#4436,#4445,#4447,.T.);
#4445 = VERTEX_POINT('',#4446);
#4446 = CARTESIAN_POINT('',(-3.6,1.334880397544E-13,-6.175));
#4447 = CIRCLE('',#4448,0.152);
#4448 = AXIS2_PLACEMENT_3D('',#4449,#4450,#4451);
#4449 = CARTESIAN_POINT('',(-3.6,0.152,-6.175));
#4450 = DIRECTION('',(1.,-1.110223024625E-16,-5.551115123126E-17));
#4451 = DIRECTION('',(1.110223024625E-16,1.,5.551115123126E-17));
#4452 = ORIENTED_EDGE('',*,*,#4444,.F.);
#4453 = SPHERICAL_SURFACE('',#4454,0.152);
#4454 = AXIS2_PLACEMENT_3D('',#4455,#4456,#4457);
#4455 = CARTESIAN_POINT('',(-3.6,0.152,-6.175));
#4456 = DIRECTION('',(-5.551115123126E-17,-1.,-0.));
#4457 = DIRECTION('',(5.463066675185E-29,-3.032611203926E-45,1.));
#4458 = ADVANCED_FACE('',(#4459),#4462,.F.);
#4459 = FACE_BOUND('',#4460,.F.);
#4460 = EDGE_LOOP('',(#4461));
#4461 = ORIENTED_EDGE('',*,*,#4435,.T.);
#4462 = PLANE('',#4463);
#4463 = AXIS2_PLACEMENT_3D('',#4464,#4465,#4466);
#4464 = CARTESIAN_POINT('',(-3.6,0.2432,-6.175));
#4465 = DIRECTION('',(-5.551115123126E-17,-1.,-0.));
#4466 = DIRECTION('',(6.10849227756E-29,-3.390894386146E-45,1.));
#4467 = ( GEOMETRIC_REPRESENTATION_CONTEXT(3) 
GLOBAL_UNCERTAINTY_ASSIGNED_CONTEXT((#4471)) 
GLOBAL_UNIT_ASSIGNED_CONTEXT((#4468,#4469,#4470)) REPRESENTATION_CONTEXT
('Context #1','3D Context with UNIT and UNCERTAINTY') );
#4468 = ( LENGTH_UNIT() NAMED_UNIT(*) SI_UNIT(.MILLI.,.METRE.) );
#4469 = ( NAMED_UNIT(*) PLANE_ANGLE_UNIT() SI_UNIT($,.RADIAN.) );
#4470 = ( NAMED_UNIT(*) SI_UNIT($,.STERADIAN.) SOLID_ANGLE_UNIT() );
#4471 = UNCERTAINTY_MEASURE_WITH_UNIT(LENGTH_MEASURE(1.E-07),#4468,
  'distance_accuracy_value','confusion accuracy');
#4472 = CONTEXT_DEPENDENT_SHAPE_REPRESENTATION(#4473,#4475);
#4473 = ( REPRESENTATION_RELATIONSHIP('','',#4428,#10) 
REPRESENTATION_RELATIONSHIP_WITH_TRANSFORMATION(#4474) 
SHAPE_REPRESENTATION_RELATIONSHIP() );
#4474 = ITEM_DEFINED_TRANSFORMATION('','',#11,#255);
#4475 = PRODUCT_DEFINITION_SHAPE('Placement','Placement of an item',
  #4476);
#4476 = NEXT_ASSEMBLY_USAGE_OCCURRENCE('141942','BALL_0059','',#5,#4423,
  $);
#4477 = PRODUCT_RELATED_PRODUCT_CATEGORY('part',$,(#4425));
#4478 = SHAPE_DEFINITION_REPRESENTATION(#4479,#4485);
#4479 = PRODUCT_DEFINITION_SHAPE('','',#4480);
#4480 = PRODUCT_DEFINITION('design','',#4481,#4484);
#4481 = PRODUCT_DEFINITION_FORMATION('','',#4482);
#4482 = PRODUCT('BALL_0060','BALL_0060','',(#4483));
#4483 = PRODUCT_CONTEXT('',#2,'mechanical');
#4484 = PRODUCT_DEFINITION_CONTEXT('part definition',#2,'design');
#4485 = ADVANCED_BREP_SHAPE_REPRESENTATION('',(#11,#4486),#4524);
#4486 = MANIFOLD_SOLID_BREP('',#4487);
#4487 = CLOSED_SHELL('',(#4488,#4515));
#4488 = ADVANCED_FACE('',(#4489),#4510,.T.);
#4489 = FACE_BOUND('',#4490,.T.);
#4490 = EDGE_LOOP('',(#4491,#4500,#4509));
#4491 = ORIENTED_EDGE('',*,*,#4492,.T.);
#4492 = EDGE_CURVE('',#4493,#4493,#4495,.T.);
#4493 = VERTEX_POINT('',#4494);
#4494 = CARTESIAN_POINT('',(-3.6,0.243199999999,-6.053399999999));
#4495 = CIRCLE('',#4496,0.121600000001);
#4496 = AXIS2_PLACEMENT_3D('',#4497,#4498,#4499);
#4497 = CARTESIAN_POINT('',(-3.6,0.243199999999,-6.175));
#4498 = DIRECTION('',(-5.551115123126E-17,-1.,0.));
#4499 = DIRECTION('',(6.108492277512E-29,-3.390894386119E-45,1.));
#4500 = ORIENTED_EDGE('',*,*,#4501,.T.);
#4501 = EDGE_CURVE('',#4493,#4502,#4504,.T.);
#4502 = VERTEX_POINT('',#4503);
#4503 = CARTESIAN_POINT('',(-3.6,1.334880397544E-13,-6.175));
#4504 = CIRCLE('',#4505,0.152);
#4505 = AXIS2_PLACEMENT_3D('',#4506,#4507,#4508);
#4506 = CARTESIAN_POINT('',(-3.6,0.152,-6.175));
#4507 = DIRECTION('',(1.,-1.110223024625E-16,-5.551115123126E-17));
#4508 = DIRECTION('',(1.110223024625E-16,1.,5.551115123126E-17));
#4509 = ORIENTED_EDGE('',*,*,#4501,.F.);
#4510 = SPHERICAL_SURFACE('',#4511,0.152);
#4511 = AXIS2_PLACEMENT_3D('',#4512,#4513,#4514);
#4512 = CARTESIAN_POINT('',(-3.6,0.152,-6.175));
#4513 = DIRECTION('',(-5.551115123126E-17,-1.,-0.));
#4514 = DIRECTION('',(5.463066675185E-29,-3.032611203926E-45,1.));
#4515 = ADVANCED_FACE('',(#4516),#4519,.F.);
#4516 = FACE_BOUND('',#4517,.F.);
#4517 = EDGE_LOOP('',(#4518));
#4518 = ORIENTED_EDGE('',*,*,#4492,.T.);
#4519 = PLANE('',#4520);
#4520 = AXIS2_PLACEMENT_3D('',#4521,#4522,#4523);
#4521 = CARTESIAN_POINT('',(-3.6,0.2432,-6.175));
#4522 = DIRECTION('',(-5.551115123126E-17,-1.,-0.));
#4523 = DIRECTION('',(6.10849227756E-29,-3.390894386146E-45,1.));
#4524 = ( GEOMETRIC_REPRESENTATION_CONTEXT(3) 
GLOBAL_UNCERTAINTY_ASSIGNED_CONTEXT((#4528)) 
GLOBAL_UNIT_ASSIGNED_CONTEXT((#4525,#4526,#4527)) REPRESENTATION_CONTEXT
('Context #1','3D Context with UNIT and UNCERTAINTY') );
#4525 = ( LENGTH_UNIT() NAMED_UNIT(*) SI_UNIT(.MILLI.,.METRE.) );
#4526 = ( NAMED_UNIT(*) PLANE_ANGLE_UNIT() SI_UNIT($,.RADIAN.) );
#4527 = ( NAMED_UNIT(*) SI_UNIT($,.STERADIAN.) SOLID_ANGLE_UNIT() );
#4528 = UNCERTAINTY_MEASURE_WITH_UNIT(LENGTH_MEASURE(1.E-07),#4525,
  'distance_accuracy_value','confusion accuracy');
#4529 = CONTEXT_DEPENDENT_SHAPE_REPRESENTATION(#4530,#4532);
#4530 = ( REPRESENTATION_RELATIONSHIP('','',#4485,#10) 
REPRESENTATION_RELATIONSHIP_WITH_TRANSFORMATION(#4531) 
SHAPE_REPRESENTATION_RELATIONSHIP() );
#4531 = ITEM_DEFINED_TRANSFORMATION('','',#11,#259);
#4532 = PRODUCT_DEFINITION_SHAPE('Placement','Placement of an item',
  #4533);
#4533 = NEXT_ASSEMBLY_USAGE_OCCURRENCE('141943','BALL_0060','',#5,#4480,
  $);
#4534 = PRODUCT_RELATED_PRODUCT_CATEGORY('part',$,(#4482));
#4535 = SHAPE_DEFINITION_REPRESENTATION(#4536,#4542);
#4536 = PRODUCT_DEFINITION_SHAPE('','',#4537);
#4537 = PRODUCT_DEFINITION('design','',#4538,#4541);
#4538 = PRODUCT_DEFINITION_FORMATION('','',#4539);
#4539 = PRODUCT('BALL_0061','BALL_0061','',(#4540));
#4540 = PRODUCT_CONTEXT('',#2,'mechanical');
#4541 = PRODUCT_DEFINITION_CONTEXT('part definition',#2,'design');
#4542 = ADVANCED_BREP_SHAPE_REPRESENTATION('',(#11,#4543),#4581);
#4543 = MANIFOLD_SOLID_BREP('',#4544);
#4544 = CLOSED_SHELL('',(#4545,#4572));
#4545 = ADVANCED_FACE('',(#4546),#4567,.T.);
#4546 = FACE_BOUND('',#4547,.T.);
#4547 = EDGE_LOOP('',(#4548,#4557,#4566));
#4548 = ORIENTED_EDGE('',*,*,#4549,.T.);
#4549 = EDGE_CURVE('',#4550,#4550,#4552,.T.);
#4550 = VERTEX_POINT('',#4551);
#4551 = CARTESIAN_POINT('',(-3.6,0.243199999999,-6.053399999999));
#4552 = CIRCLE('',#4553,0.121600000001);
#4553 = AXIS2_PLACEMENT_3D('',#4554,#4555,#4556);
#4554 = CARTESIAN_POINT('',(-3.6,0.243199999999,-6.175));
#4555 = DIRECTION('',(-5.551115123126E-17,-1.,0.));
#4556 = DIRECTION('',(6.108492277512E-29,-3.390894386119E-45,1.));
#4557 = ORIENTED_EDGE('',*,*,#4558,.T.);
#4558 = EDGE_CURVE('',#4550,#4559,#4561,.T.);
#4559 = VERTEX_POINT('',#4560);
#4560 = CARTESIAN_POINT('',(-3.6,1.334880397544E-13,-6.175));
#4561 = CIRCLE('',#4562,0.152);
#4562 = AXIS2_PLACEMENT_3D('',#4563,#4564,#4565);
#4563 = CARTESIAN_POINT('',(-3.6,0.152,-6.175));
#4564 = DIRECTION('',(1.,-1.110223024625E-16,-5.551115123126E-17));
#4565 = DIRECTION('',(1.110223024625E-16,1.,5.551115123126E-17));
#4566 = ORIENTED_EDGE('',*,*,#4558,.F.);
#4567 = SPHERICAL_SURFACE('',#4568,0.152);
#4568 = AXIS2_PLACEMENT_3D('',#4569,#4570,#4571);
#4569 = CARTESIAN_POINT('',(-3.6,0.152,-6.175));
#4570 = DIRECTION('',(-5.551115123126E-17,-1.,-0.));
#4571 = DIRECTION('',(5.463066675185E-29,-3.032611203926E-45,1.));
#4572 = ADVANCED_FACE('',(#4573),#4576,.F.);
#4573 = FACE_BOUND('',#4574,.F.);
#4574 = EDGE_LOOP('',(#4575));
#4575 = ORIENTED_EDGE('',*,*,#4549,.T.);
#4576 = PLANE('',#4577);
#4577 = AXIS2_PLACEMENT_3D('',#4578,#4579,#4580);
#4578 = CARTESIAN_POINT('',(-3.6,0.2432,-6.175));
#4579 = DIRECTION('',(-5.551115123126E-17,-1.,-0.));
#4580 = DIRECTION('',(6.10849227756E-29,-3.390894386146E-45,1.));
#4581 = ( GEOMETRIC_REPRESENTATION_CONTEXT(3) 
GLOBAL_UNCERTAINTY_ASSIGNED_CONTEXT((#4585)) 
GLOBAL_UNIT_ASSIGNED_CONTEXT((#4582,#4583,#4584)) REPRESENTATION_CONTEXT
('Context #1','3D Context with UNIT and UNCERTAINTY') );
#4582 = ( LENGTH_UNIT() NAMED_UNIT(*) SI_UNIT(.MILLI.,.METRE.) );
#4583 = ( NAMED_UNIT(*) PLANE_ANGLE_UNIT() SI_UNIT($,.RADIAN.) );
#4584 = ( NAMED_UNIT(*) SI_UNIT($,.STERADIAN.) SOLID_ANGLE_UNIT() );
#4585 = UNCERTAINTY_MEASURE_WITH_UNIT(LENGTH_MEASURE(1.E-07),#4582,
  'distance_accuracy_value','confusion accuracy');
#4586 = CONTEXT_DEPENDENT_SHAPE_REPRESENTATION(#4587,#4589);
#4587 = ( REPRESENTATION_RELATIONSHIP('','',#4542,#10) 
REPRESENTATION_RELATIONSHIP_WITH_TRANSFORMATION(#4588) 
SHAPE_REPRESENTATION_RELATIONSHIP() );
#4588 = ITEM_DEFINED_TRANSFORMATION('','',#11,#263);
#4589 = PRODUCT_DEFINITION_SHAPE('Placement','Placement of an item',
  #4590);
#4590 = NEXT_ASSEMBLY_USAGE_OCCURRENCE('141944','BALL_0061','',#5,#4537,
  $);
#4591 = PRODUCT_RELATED_PRODUCT_CATEGORY('part',$,(#4539));
#4592 = SHAPE_DEFINITION_REPRESENTATION(#4593,#4599);
#4593 = PRODUCT_DEFINITION_SHAPE('','',#4594);
#4594 = PRODUCT_DEFINITION('design','',#4595,#4598);
#4595 = PRODUCT_DEFINITION_FORMATION('','',#4596);
#4596 = PRODUCT('BALL_0062','BALL_0062','',(#4597));
#4597 = PRODUCT_CONTEXT('',#2,'mechanical');
#4598 = PRODUCT_DEFINITION_CONTEXT('part definition',#2,'design');
#4599 = ADVANCED_BREP_SHAPE_REPRESENTATION('',(#11,#4600),#4638);
#4600 = MANIFOLD_SOLID_BREP('',#4601);
#4601 = CLOSED_SHELL('',(#4602,#4629));
#4602 = ADVANCED_FACE('',(#4603),#4624,.T.);
#4603 = FACE_BOUND('',#4604,.T.);
#4604 = EDGE_LOOP('',(#4605,#4614,#4623));
#4605 = ORIENTED_EDGE('',*,*,#4606,.T.);
#4606 = EDGE_CURVE('',#4607,#4607,#4609,.T.);
#4607 = VERTEX_POINT('',#4608);
#4608 = CARTESIAN_POINT('',(-3.6,0.243199999999,-6.053399999999));
#4609 = CIRCLE('',#4610,0.121600000001);
#4610 = AXIS2_PLACEMENT_3D('',#4611,#4612,#4613);
#4611 = CARTESIAN_POINT('',(-3.6,0.243199999999,-6.175));
#4612 = DIRECTION('',(-5.551115123126E-17,-1.,0.));
#4613 = DIRECTION('',(6.108492277512E-29,-3.390894386119E-45,1.));
#4614 = ORIENTED_EDGE('',*,*,#4615,.T.);
#4615 = EDGE_CURVE('',#4607,#4616,#4618,.T.);
#4616 = VERTEX_POINT('',#4617);
#4617 = CARTESIAN_POINT('',(-3.6,1.334880397544E-13,-6.175));
#4618 = CIRCLE('',#4619,0.152);
#4619 = AXIS2_PLACEMENT_3D('',#4620,#4621,#4622);
#4620 = CARTESIAN_POINT('',(-3.6,0.152,-6.175));
#4621 = DIRECTION('',(1.,-1.110223024625E-16,-5.551115123126E-17));
#4622 = DIRECTION('',(1.110223024625E-16,1.,5.551115123126E-17));
#4623 = ORIENTED_EDGE('',*,*,#4615,.F.);
#4624 = SPHERICAL_SURFACE('',#4625,0.152);
#4625 = AXIS2_PLACEMENT_3D('',#4626,#4627,#4628);
#4626 = CARTESIAN_POINT('',(-3.6,0.152,-6.175));
#4627 = DIRECTION('',(-5.551115123126E-17,-1.,-0.));
#4628 = DIRECTION('',(5.463066675185E-29,-3.032611203926E-45,1.));
#4629 = ADVANCED_FACE('',(#4630),#4633,.F.);
#4630 = FACE_BOUND('',#4631,.F.);
#4631 = EDGE_LOOP('',(#4632));
#4632 = ORIENTED_EDGE('',*,*,#4606,.T.);
#4633 = PLANE('',#4634);
#4634 = AXIS2_PLACEMENT_3D('',#4635,#4636,#4637);
#4635 = CARTESIAN_POINT('',(-3.6,0.2432,-6.175));
#4636 = DIRECTION('',(-5.551115123126E-17,-1.,-0.));
#4637 = DIRECTION('',(6.10849227756E-29,-3.390894386146E-45,1.));
#4638 = ( GEOMETRIC_REPRESENTATION_CONTEXT(3) 
GLOBAL_UNCERTAINTY_ASSIGNED_CONTEXT((#4642)) 
GLOBAL_UNIT_ASSIGNED_CONTEXT((#4639,#4640,#4641)) REPRESENTATION_CONTEXT
('Context #1','3D Context with UNIT and UNCERTAINTY') );
#4639 = ( LENGTH_UNIT() NAMED_UNIT(*) SI_UNIT(.MILLI.,.METRE.) );
#4640 = ( NAMED_UNIT(*) PLANE_ANGLE_UNIT() SI_UNIT($,.RADIAN.) );
#4641 = ( NAMED_UNIT(*) SI_UNIT($,.STERADIAN.) SOLID_ANGLE_UNIT() );
#4642 = UNCERTAINTY_MEASURE_WITH_UNIT(LENGTH_MEASURE(1.E-07),#4639,
  'distance_accuracy_value','confusion accuracy');
#4643 = CONTEXT_DEPENDENT_SHAPE_REPRESENTATION(#4644,#4646);
#4644 = ( REPRESENTATION_RELATIONSHIP('','',#4599,#10) 
REPRESENTATION_RELATIONSHIP_WITH_TRANSFORMATION(#4645) 
SHAPE_REPRESENTATION_RELATIONSHIP() );
#4645 = ITEM_DEFINED_TRANSFORMATION('','',#11,#267);
#4646 = PRODUCT_DEFINITION_SHAPE('Placement','Placement of an item',
  #4647);
#4647 = NEXT_ASSEMBLY_USAGE_OCCURRENCE('141945','BALL_0062','',#5,#4594,
  $);
#4648 = PRODUCT_RELATED_PRODUCT_CATEGORY('part',$,(#4596));
#4649 = SHAPE_DEFINITION_REPRESENTATION(#4650,#4656);
#4650 = PRODUCT_DEFINITION_SHAPE('','',#4651);
#4651 = PRODUCT_DEFINITION('design','',#4652,#4655);
#4652 = PRODUCT_DEFINITION_FORMATION('','',#4653);
#4653 = PRODUCT('BALL_0063','BALL_0063','',(#4654));
#4654 = PRODUCT_CONTEXT('',#2,'mechanical');
#4655 = PRODUCT_DEFINITION_CONTEXT('part definition',#2,'design');
#4656 = ADVANCED_BREP_SHAPE_REPRESENTATION('',(#11,#4657),#4695);
#4657 = MANIFOLD_SOLID_BREP('',#4658);
#4658 = CLOSED_SHELL('',(#4659,#4686));
#4659 = ADVANCED_FACE('',(#4660),#4681,.T.);
#4660 = FACE_BOUND('',#4661,.T.);
#4661 = EDGE_LOOP('',(#4662,#4671,#4680));
#4662 = ORIENTED_EDGE('',*,*,#4663,.T.);
#4663 = EDGE_CURVE('',#4664,#4664,#4666,.T.);
#4664 = VERTEX_POINT('',#4665);
#4665 = CARTESIAN_POINT('',(-3.6,0.243199999999,-6.053399999999));
#4666 = CIRCLE('',#4667,0.121600000001);
#4667 = AXIS2_PLACEMENT_3D('',#4668,#4669,#4670);
#4668 = CARTESIAN_POINT('',(-3.6,0.243199999999,-6.175));
#4669 = DIRECTION('',(-5.551115123126E-17,-1.,0.));
#4670 = DIRECTION('',(6.108492277512E-29,-3.390894386119E-45,1.));
#4671 = ORIENTED_EDGE('',*,*,#4672,.T.);
#4672 = EDGE_CURVE('',#4664,#4673,#4675,.T.);
#4673 = VERTEX_POINT('',#4674);
#4674 = CARTESIAN_POINT('',(-3.6,1.334880397544E-13,-6.175));
#4675 = CIRCLE('',#4676,0.152);
#4676 = AXIS2_PLACEMENT_3D('',#4677,#4678,#4679);
#4677 = CARTESIAN_POINT('',(-3.6,0.152,-6.175));
#4678 = DIRECTION('',(1.,-1.110223024625E-16,-5.551115123126E-17));
#4679 = DIRECTION('',(1.110223024625E-16,1.,5.551115123126E-17));
#4680 = ORIENTED_EDGE('',*,*,#4672,.F.);
#4681 = SPHERICAL_SURFACE('',#4682,0.152);
#4682 = AXIS2_PLACEMENT_3D('',#4683,#4684,#4685);
#4683 = CARTESIAN_POINT('',(-3.6,0.152,-6.175));
#4684 = DIRECTION('',(-5.551115123126E-17,-1.,-0.));
#4685 = DIRECTION('',(5.463066675185E-29,-3.032611203926E-45,1.));
#4686 = ADVANCED_FACE('',(#4687),#4690,.F.);
#4687 = FACE_BOUND('',#4688,.F.);
#4688 = EDGE_LOOP('',(#4689));
#4689 = ORIENTED_EDGE('',*,*,#4663,.T.);
#4690 = PLANE('',#4691);
#4691 = AXIS2_PLACEMENT_3D('',#4692,#4693,#4694);
#4692 = CARTESIAN_POINT('',(-3.6,0.2432,-6.175));
#4693 = DIRECTION('',(-5.551115123126E-17,-1.,-0.));
#4694 = DIRECTION('',(6.10849227756E-29,-3.390894386146E-45,1.));
#4695 = ( GEOMETRIC_REPRESENTATION_CONTEXT(3) 
GLOBAL_UNCERTAINTY_ASSIGNED_CONTEXT((#4699)) 
GLOBAL_UNIT_ASSIGNED_CONTEXT((#4696,#4697,#4698)) REPRESENTATION_CONTEXT
('Context #1','3D Context with UNIT and UNCERTAINTY') );
#4696 = ( LENGTH_UNIT() NAMED_UNIT(*) SI_UNIT(.MILLI.,.METRE.) );
#4697 = ( NAMED_UNIT(*) PLANE_ANGLE_UNIT() SI_UNIT($,.RADIAN.) );
#4698 = ( NAMED_UNIT(*) SI_UNIT($,.STERADIAN.) SOLID_ANGLE_UNIT() );
#4699 = UNCERTAINTY_MEASURE_WITH_UNIT(LENGTH_MEASURE(1.E-07),#4696,
  'distance_accuracy_value','confusion accuracy');
#4700 = CONTEXT_DEPENDENT_SHAPE_REPRESENTATION(#4701,#4703);
#4701 = ( REPRESENTATION_RELATIONSHIP('','',#4656,#10) 
REPRESENTATION_RELATIONSHIP_WITH_TRANSFORMATION(#4702) 
SHAPE_REPRESENTATION_RELATIONSHIP() );
#4702 = ITEM_DEFINED_TRANSFORMATION('','',#11,#271);
#4703 = PRODUCT_DEFINITION_SHAPE('Placement','Placement of an item',
  #4704);
#4704 = NEXT_ASSEMBLY_USAGE_OCCURRENCE('141946','BALL_0063','',#5,#4651,
  $);
#4705 = PRODUCT_RELATED_PRODUCT_CATEGORY('part',$,(#4653));
#4706 = SHAPE_DEFINITION_REPRESENTATION(#4707,#4713);
#4707 = PRODUCT_DEFINITION_SHAPE('','',#4708);
#4708 = PRODUCT_DEFINITION('design','',#4709,#4712);
#4709 = PRODUCT_DEFINITION_FORMATION('','',#4710);
#4710 = PRODUCT('BALL_0064','BALL_0064','',(#4711));
#4711 = PRODUCT_CONTEXT('',#2,'mechanical');
#4712 = PRODUCT_DEFINITION_CONTEXT('part definition',#2,'design');
#4713 = ADVANCED_BREP_SHAPE_REPRESENTATION('',(#11,#4714),#4752);
#4714 = MANIFOLD_SOLID_BREP('',#4715);
#4715 = CLOSED_SHELL('',(#4716,#4743));
#4716 = ADVANCED_FACE('',(#4717),#4738,.T.);
#4717 = FACE_BOUND('',#4718,.T.);
#4718 = EDGE_LOOP('',(#4719,#4728,#4737));
#4719 = ORIENTED_EDGE('',*,*,#4720,.T.);
#4720 = EDGE_CURVE('',#4721,#4721,#4723,.T.);
#4721 = VERTEX_POINT('',#4722);
#4722 = CARTESIAN_POINT('',(-3.6,0.243199999999,-6.053399999999));
#4723 = CIRCLE('',#4724,0.121600000001);
#4724 = AXIS2_PLACEMENT_3D('',#4725,#4726,#4727);
#4725 = CARTESIAN_POINT('',(-3.6,0.243199999999,-6.175));
#4726 = DIRECTION('',(-5.551115123126E-17,-1.,0.));
#4727 = DIRECTION('',(6.108492277512E-29,-3.390894386119E-45,1.));
#4728 = ORIENTED_EDGE('',*,*,#4729,.T.);
#4729 = EDGE_CURVE('',#4721,#4730,#4732,.T.);
#4730 = VERTEX_POINT('',#4731);
#4731 = CARTESIAN_POINT('',(-3.6,1.334880397544E-13,-6.175));
#4732 = CIRCLE('',#4733,0.152);
#4733 = AXIS2_PLACEMENT_3D('',#4734,#4735,#4736);
#4734 = CARTESIAN_POINT('',(-3.6,0.152,-6.175));
#4735 = DIRECTION('',(1.,-1.110223024625E-16,-5.551115123126E-17));
#4736 = DIRECTION('',(1.110223024625E-16,1.,5.551115123126E-17));
#4737 = ORIENTED_EDGE('',*,*,#4729,.F.);
#4738 = SPHERICAL_SURFACE('',#4739,0.152);
#4739 = AXIS2_PLACEMENT_3D('',#4740,#4741,#4742);
#4740 = CARTESIAN_POINT('',(-3.6,0.152,-6.175));
#4741 = DIRECTION('',(-5.551115123126E-17,-1.,-0.));
#4742 = DIRECTION('',(5.463066675185E-29,-3.032611203926E-45,1.));
#4743 = ADVANCED_FACE('',(#4744),#4747,.F.);
#4744 = FACE_BOUND('',#4745,.F.);
#4745 = EDGE_LOOP('',(#4746));
#4746 = ORIENTED_EDGE('',*,*,#4720,.T.);
#4747 = PLANE('',#4748);
#4748 = AXIS2_PLACEMENT_3D('',#4749,#4750,#4751);
#4749 = CARTESIAN_POINT('',(-3.6,0.2432,-6.175));
#4750 = DIRECTION('',(-5.551115123126E-17,-1.,-0.));
#4751 = DIRECTION('',(6.10849227756E-29,-3.390894386146E-45,1.));
#4752 = ( GEOMETRIC_REPRESENTATION_CONTEXT(3) 
GLOBAL_UNCERTAINTY_ASSIGNED_CONTEXT((#4756)) 
GLOBAL_UNIT_ASSIGNED_CONTEXT((#4753,#4754,#4755)) REPRESENTATION_CONTEXT
('Context #1','3D Context with UNIT and UNCERTAINTY') );
#4753 = ( LENGTH_UNIT() NAMED_UNIT(*) SI_UNIT(.MILLI.,.METRE.) );
#4754 = ( NAMED_UNIT(*) PLANE_ANGLE_UNIT() SI_UNIT($,.RADIAN.) );
#4755 = ( NAMED_UNIT(*) SI_UNIT($,.STERADIAN.) SOLID_ANGLE_UNIT() );
#4756 = UNCERTAINTY_MEASURE_WITH_UNIT(LENGTH_MEASURE(1.E-07),#4753,
  'distance_accuracy_value','confusion accuracy');
#4757 = CONTEXT_DEPENDENT_SHAPE_REPRESENTATION(#4758,#4760);
#4758 = ( REPRESENTATION_RELATIONSHIP('','',#4713,#10) 
REPRESENTATION_RELATIONSHIP_WITH_TRANSFORMATION(#4759) 
SHAPE_REPRESENTATION_RELATIONSHIP() );
#4759 = ITEM_DEFINED_TRANSFORMATION('','',#11,#275);
#4760 = PRODUCT_DEFINITION_SHAPE('Placement','Placement of an item',
  #4761);
#4761 = NEXT_ASSEMBLY_USAGE_OCCURRENCE('141947','BALL_0064','',#5,#4708,
  $);
#4762 = PRODUCT_RELATED_PRODUCT_CATEGORY('part',$,(#4710));
#4763 = SHAPE_DEFINITION_REPRESENTATION(#4764,#4770);
#4764 = PRODUCT_DEFINITION_SHAPE('','',#4765);
#4765 = PRODUCT_DEFINITION('design','',#4766,#4769);
#4766 = PRODUCT_DEFINITION_FORMATION('','',#4767);
#4767 = PRODUCT('BALL_0065','BALL_0065','',(#4768));
#4768 = PRODUCT_CONTEXT('',#2,'mechanical');
#4769 = PRODUCT_DEFINITION_CONTEXT('part definition',#2,'design');
#4770 = ADVANCED_BREP_SHAPE_REPRESENTATION('',(#11,#4771),#4809);
#4771 = MANIFOLD_SOLID_BREP('',#4772);
#4772 = CLOSED_SHELL('',(#4773,#4800));
#4773 = ADVANCED_FACE('',(#4774),#4795,.T.);
#4774 = FACE_BOUND('',#4775,.T.);
#4775 = EDGE_LOOP('',(#4776,#4785,#4794));
#4776 = ORIENTED_EDGE('',*,*,#4777,.T.);
#4777 = EDGE_CURVE('',#4778,#4778,#4780,.T.);
#4778 = VERTEX_POINT('',#4779);
#4779 = CARTESIAN_POINT('',(-3.6,0.243199999999,-6.053399999999));
#4780 = CIRCLE('',#4781,0.121600000001);
#4781 = AXIS2_PLACEMENT_3D('',#4782,#4783,#4784);
#4782 = CARTESIAN_POINT('',(-3.6,0.243199999999,-6.175));
#4783 = DIRECTION('',(-5.551115123126E-17,-1.,0.));
#4784 = DIRECTION('',(6.108492277512E-29,-3.390894386119E-45,1.));
#4785 = ORIENTED_EDGE('',*,*,#4786,.T.);
#4786 = EDGE_CURVE('',#4778,#4787,#4789,.T.);
#4787 = VERTEX_POINT('',#4788);
#4788 = CARTESIAN_POINT('',(-3.6,1.334880397544E-13,-6.175));
#4789 = CIRCLE('',#4790,0.152);
#4790 = AXIS2_PLACEMENT_3D('',#4791,#4792,#4793);
#4791 = CARTESIAN_POINT('',(-3.6,0.152,-6.175));
#4792 = DIRECTION('',(1.,-1.110223024625E-16,-5.551115123126E-17));
#4793 = DIRECTION('',(1.110223024625E-16,1.,5.551115123126E-17));
#4794 = ORIENTED_EDGE('',*,*,#4786,.F.);
#4795 = SPHERICAL_SURFACE('',#4796,0.152);
#4796 = AXIS2_PLACEMENT_3D('',#4797,#4798,#4799);
#4797 = CARTESIAN_POINT('',(-3.6,0.152,-6.175));
#4798 = DIRECTION('',(-5.551115123126E-17,-1.,-0.));
#4799 = DIRECTION('',(5.463066675185E-29,-3.032611203926E-45,1.));
#4800 = ADVANCED_FACE('',(#4801),#4804,.F.);
#4801 = FACE_BOUND('',#4802,.F.);
#4802 = EDGE_LOOP('',(#4803));
#4803 = ORIENTED_EDGE('',*,*,#4777,.T.);
#4804 = PLANE('',#4805);
#4805 = AXIS2_PLACEMENT_3D('',#4806,#4807,#4808);
#4806 = CARTESIAN_POINT('',(-3.6,0.2432,-6.175));
#4807 = DIRECTION('',(-5.551115123126E-17,-1.,-0.));
#4808 = DIRECTION('',(6.10849227756E-29,-3.390894386146E-45,1.));
#4809 = ( GEOMETRIC_REPRESENTATION_CONTEXT(3) 
GLOBAL_UNCERTAINTY_ASSIGNED_CONTEXT((#4813)) 
GLOBAL_UNIT_ASSIGNED_CONTEXT((#4810,#4811,#4812)) REPRESENTATION_CONTEXT
('Context #1','3D Context with UNIT and UNCERTAINTY') );
#4810 = ( LENGTH_UNIT() NAMED_UNIT(*) SI_UNIT(.MILLI.,.METRE.) );
#4811 = ( NAMED_UNIT(*) PLANE_ANGLE_UNIT() SI_UNIT($,.RADIAN.) );
#4812 = ( NAMED_UNIT(*) SI_UNIT($,.STERADIAN.) SOLID_ANGLE_UNIT() );
#4813 = UNCERTAINTY_MEASURE_WITH_UNIT(LENGTH_MEASURE(1.E-07),#4810,
  'distance_accuracy_value','confusion accuracy');
#4814 = CONTEXT_DEPENDENT_SHAPE_REPRESENTATION(#4815,#4817);
#4815 = ( REPRESENTATION_RELATIONSHIP('','',#4770,#10) 
REPRESENTATION_RELATIONSHIP_WITH_TRANSFORMATION(#4816) 
SHAPE_REPRESENTATION_RELATIONSHIP() );
#4816 = ITEM_DEFINED_TRANSFORMATION('','',#11,#279);
#4817 = PRODUCT_DEFINITION_SHAPE('Placement','Placement of an item',
  #4818);
#4818 = NEXT_ASSEMBLY_USAGE_OCCURRENCE('141948','BALL_0065','',#5,#4765,
  $);
#4819 = PRODUCT_RELATED_PRODUCT_CATEGORY('part',$,(#4767));
#4820 = SHAPE_DEFINITION_REPRESENTATION(#4821,#4827);
#4821 = PRODUCT_DEFINITION_SHAPE('','',#4822);
#4822 = PRODUCT_DEFINITION('design','',#4823,#4826);
#4823 = PRODUCT_DEFINITION_FORMATION('','',#4824);
#4824 = PRODUCT('BALL_0066','BALL_0066','',(#4825));
#4825 = PRODUCT_CONTEXT('',#2,'mechanical');
#4826 = PRODUCT_DEFINITION_CONTEXT('part definition',#2,'design');
#4827 = ADVANCED_BREP_SHAPE_REPRESENTATION('',(#11,#4828),#4866);
#4828 = MANIFOLD_SOLID_BREP('',#4829);
#4829 = CLOSED_SHELL('',(#4830,#4857));
#4830 = ADVANCED_FACE('',(#4831),#4852,.T.);
#4831 = FACE_BOUND('',#4832,.T.);
#4832 = EDGE_LOOP('',(#4833,#4842,#4851));
#4833 = ORIENTED_EDGE('',*,*,#4834,.T.);
#4834 = EDGE_CURVE('',#4835,#4835,#4837,.T.);
#4835 = VERTEX_POINT('',#4836);
#4836 = CARTESIAN_POINT('',(-3.6,0.243199999999,-6.053399999999));
#4837 = CIRCLE('',#4838,0.121600000001);
#4838 = AXIS2_PLACEMENT_3D('',#4839,#4840,#4841);
#4839 = CARTESIAN_POINT('',(-3.6,0.243199999999,-6.175));
#4840 = DIRECTION('',(-5.551115123126E-17,-1.,0.));
#4841 = DIRECTION('',(6.108492277512E-29,-3.390894386119E-45,1.));
#4842 = ORIENTED_EDGE('',*,*,#4843,.T.);
#4843 = EDGE_CURVE('',#4835,#4844,#4846,.T.);
#4844 = VERTEX_POINT('',#4845);
#4845 = CARTESIAN_POINT('',(-3.6,1.334880397544E-13,-6.175));
#4846 = CIRCLE('',#4847,0.152);
#4847 = AXIS2_PLACEMENT_3D('',#4848,#4849,#4850);
#4848 = CARTESIAN_POINT('',(-3.6,0.152,-6.175));
#4849 = DIRECTION('',(1.,-1.110223024625E-16,-5.551115123126E-17));
#4850 = DIRECTION('',(1.110223024625E-16,1.,5.551115123126E-17));
#4851 = ORIENTED_EDGE('',*,*,#4843,.F.);
#4852 = SPHERICAL_SURFACE('',#4853,0.152);
#4853 = AXIS2_PLACEMENT_3D('',#4854,#4855,#4856);
#4854 = CARTESIAN_POINT('',(-3.6,0.152,-6.175));
#4855 = DIRECTION('',(-5.551115123126E-17,-1.,-0.));
#4856 = DIRECTION('',(5.463066675185E-29,-3.032611203926E-45,1.));
#4857 = ADVANCED_FACE('',(#4858),#4861,.F.);
#4858 = FACE_BOUND('',#4859,.F.);
#4859 = EDGE_LOOP('',(#4860));
#4860 = ORIENTED_EDGE('',*,*,#4834,.T.);
#4861 = PLANE('',#4862);
#4862 = AXIS2_PLACEMENT_3D('',#4863,#4864,#4865);
#4863 = CARTESIAN_POINT('',(-3.6,0.2432,-6.175));
#4864 = DIRECTION('',(-5.551115123126E-17,-1.,-0.));
#4865 = DIRECTION('',(6.10849227756E-29,-3.390894386146E-45,1.));
#4866 = ( GEOMETRIC_REPRESENTATION_CONTEXT(3) 
GLOBAL_UNCERTAINTY_ASSIGNED_CONTEXT((#4870)) 
GLOBAL_UNIT_ASSIGNED_CONTEXT((#4867,#4868,#4869)) REPRESENTATION_CONTEXT
('Context #1','3D Context with UNIT and UNCERTAINTY') );
#4867 = ( LENGTH_UNIT() NAMED_UNIT(*) SI_UNIT(.MILLI.,.METRE.) );
#4868 = ( NAMED_UNIT(*) PLANE_ANGLE_UNIT() SI_UNIT($,.RADIAN.) );
#4869 = ( NAMED_UNIT(*) SI_UNIT($,.STERADIAN.) SOLID_ANGLE_UNIT() );
#4870 = UNCERTAINTY_MEASURE_WITH_UNIT(LENGTH_MEASURE(1.E-07),#4867,
  'distance_accuracy_value','confusion accuracy');
#4871 = CONTEXT_DEPENDENT_SHAPE_REPRESENTATION(#4872,#4874);
#4872 = ( REPRESENTATION_RELATIONSHIP('','',#4827,#10) 
REPRESENTATION_RELATIONSHIP_WITH_TRANSFORMATION(#4873) 
SHAPE_REPRESENTATION_RELATIONSHIP() );
#4873 = ITEM_DEFINED_TRANSFORMATION('','',#11,#283);
#4874 = PRODUCT_DEFINITION_SHAPE('Placement','Placement of an item',
  #4875);
#4875 = NEXT_ASSEMBLY_USAGE_OCCURRENCE('141949','BALL_0066','',#5,#4822,
  $);
#4876 = PRODUCT_RELATED_PRODUCT_CATEGORY('part',$,(#4824));
#4877 = SHAPE_DEFINITION_REPRESENTATION(#4878,#4884);
#4878 = PRODUCT_DEFINITION_SHAPE('','',#4879);
#4879 = PRODUCT_DEFINITION('design','',#4880,#4883);
#4880 = PRODUCT_DEFINITION_FORMATION('','',#4881);
#4881 = PRODUCT('BALL_0067','BALL_0067','',(#4882));
#4882 = PRODUCT_CONTEXT('',#2,'mechanical');
#4883 = PRODUCT_DEFINITION_CONTEXT('part definition',#2,'design');
#4884 = ADVANCED_BREP_SHAPE_REPRESENTATION('',(#11,#4885),#4923);
#4885 = MANIFOLD_SOLID_BREP('',#4886);
#4886 = CLOSED_SHELL('',(#4887,#4914));
#4887 = ADVANCED_FACE('',(#4888),#4909,.T.);
#4888 = FACE_BOUND('',#4889,.T.);
#4889 = EDGE_LOOP('',(#4890,#4899,#4908));
#4890 = ORIENTED_EDGE('',*,*,#4891,.T.);
#4891 = EDGE_CURVE('',#4892,#4892,#4894,.T.);
#4892 = VERTEX_POINT('',#4893);
#4893 = CARTESIAN_POINT('',(-3.6,0.243199999999,-6.053399999999));
#4894 = CIRCLE('',#4895,0.121600000001);
#4895 = AXIS2_PLACEMENT_3D('',#4896,#4897,#4898);
#4896 = CARTESIAN_POINT('',(-3.6,0.243199999999,-6.175));
#4897 = DIRECTION('',(-5.551115123126E-17,-1.,0.));
#4898 = DIRECTION('',(6.108492277512E-29,-3.390894386119E-45,1.));
#4899 = ORIENTED_EDGE('',*,*,#4900,.T.);
#4900 = EDGE_CURVE('',#4892,#4901,#4903,.T.);
#4901 = VERTEX_POINT('',#4902);
#4902 = CARTESIAN_POINT('',(-3.6,1.334880397544E-13,-6.175));
#4903 = CIRCLE('',#4904,0.152);
#4904 = AXIS2_PLACEMENT_3D('',#4905,#4906,#4907);
#4905 = CARTESIAN_POINT('',(-3.6,0.152,-6.175));
#4906 = DIRECTION('',(1.,-1.110223024625E-16,-5.551115123126E-17));
#4907 = DIRECTION('',(1.110223024625E-16,1.,5.551115123126E-17));
#4908 = ORIENTED_EDGE('',*,*,#4900,.F.);
#4909 = SPHERICAL_SURFACE('',#4910,0.152);
#4910 = AXIS2_PLACEMENT_3D('',#4911,#4912,#4913);
#4911 = CARTESIAN_POINT('',(-3.6,0.152,-6.175));
#4912 = DIRECTION('',(-5.551115123126E-17,-1.,-0.));
#4913 = DIRECTION('',(5.463066675185E-29,-3.032611203926E-45,1.));
#4914 = ADVANCED_FACE('',(#4915),#4918,.F.);
#4915 = FACE_BOUND('',#4916,.F.);
#4916 = EDGE_LOOP('',(#4917));
#4917 = ORIENTED_EDGE('',*,*,#4891,.T.);
#4918 = PLANE('',#4919);
#4919 = AXIS2_PLACEMENT_3D('',#4920,#4921,#4922);
#4920 = CARTESIAN_POINT('',(-3.6,0.2432,-6.175));
#4921 = DIRECTION('',(-5.551115123126E-17,-1.,-0.));
#4922 = DIRECTION('',(6.10849227756E-29,-3.390894386146E-45,1.));
#4923 = ( GEOMETRIC_REPRESENTATION_CONTEXT(3) 
GLOBAL_UNCERTAINTY_ASSIGNED_CONTEXT((#4927)) 
GLOBAL_UNIT_ASSIGNED_CONTEXT((#4924,#4925,#4926)) REPRESENTATION_CONTEXT
('Context #1','3D Context with UNIT and UNCERTAINTY') );
#4924 = ( LENGTH_UNIT() NAMED_UNIT(*) SI_UNIT(.MILLI.,.METRE.) );
#4925 = ( NAMED_UNIT(*) PLANE_ANGLE_UNIT() SI_UNIT($,.RADIAN.) );
#4926 = ( NAMED_UNIT(*) SI_UNIT($,.STERADIAN.) SOLID_ANGLE_UNIT() );
#4927 = UNCERTAINTY_MEASURE_WITH_UNIT(LENGTH_MEASURE(1.E-07),#4924,
  'distance_accuracy_value','confusion accuracy');
#4928 = CONTEXT_DEPENDENT_SHAPE_REPRESENTATION(#4929,#4931);
#4929 = ( REPRESENTATION_RELATIONSHIP('','',#4884,#10) 
REPRESENTATION_RELATIONSHIP_WITH_TRANSFORMATION(#4930) 
SHAPE_REPRESENTATION_RELATIONSHIP() );
#4930 = ITEM_DEFINED_TRANSFORMATION('','',#11,#287);
#4931 = PRODUCT_DEFINITION_SHAPE('Placement','Placement of an item',
  #4932);
#4932 = NEXT_ASSEMBLY_USAGE_OCCURRENCE('141950','BALL_0067','',#5,#4879,
  $);
#4933 = PRODUCT_RELATED_PRODUCT_CATEGORY('part',$,(#4881));
#4934 = SHAPE_DEFINITION_REPRESENTATION(#4935,#4941);
#4935 = PRODUCT_DEFINITION_SHAPE('','',#4936);
#4936 = PRODUCT_DEFINITION('design','',#4937,#4940);
#4937 = PRODUCT_DEFINITION_FORMATION('','',#4938);
#4938 = PRODUCT('BALL_0068','BALL_0068','',(#4939));
#4939 = PRODUCT_CONTEXT('',#2,'mechanical');
#4940 = PRODUCT_DEFINITION_CONTEXT('part definition',#2,'design');
#4941 = ADVANCED_BREP_SHAPE_REPRESENTATION('',(#11,#4942),#4980);
#4942 = MANIFOLD_SOLID_BREP('',#4943);
#4943 = CLOSED_SHELL('',(#4944,#4971));
#4944 = ADVANCED_FACE('',(#4945),#4966,.T.);
#4945 = FACE_BOUND('',#4946,.T.);
#4946 = EDGE_LOOP('',(#4947,#4956,#4965));
#4947 = ORIENTED_EDGE('',*,*,#4948,.T.);
#4948 = EDGE_CURVE('',#4949,#4949,#4951,.T.);
#4949 = VERTEX_POINT('',#4950);
#4950 = CARTESIAN_POINT('',(-3.6,0.243199999999,-6.053399999999));
#4951 = CIRCLE('',#4952,0.121600000001);
#4952 = AXIS2_PLACEMENT_3D('',#4953,#4954,#4955);
#4953 = CARTESIAN_POINT('',(-3.6,0.243199999999,-6.175));
#4954 = DIRECTION('',(-5.551115123126E-17,-1.,0.));
#4955 = DIRECTION('',(6.108492277512E-29,-3.390894386119E-45,1.));
#4956 = ORIENTED_EDGE('',*,*,#4957,.T.);
#4957 = EDGE_CURVE('',#4949,#4958,#4960,.T.);
#4958 = VERTEX_POINT('',#4959);
#4959 = CARTESIAN_POINT('',(-3.6,1.334880397544E-13,-6.175));
#4960 = CIRCLE('',#4961,0.152);
#4961 = AXIS2_PLACEMENT_3D('',#4962,#4963,#4964);
#4962 = CARTESIAN_POINT('',(-3.6,0.152,-6.175));
#4963 = DIRECTION('',(1.,-1.110223024625E-16,-5.551115123126E-17));
#4964 = DIRECTION('',(1.110223024625E-16,1.,5.551115123126E-17));
#4965 = ORIENTED_EDGE('',*,*,#4957,.F.);
#4966 = SPHERICAL_SURFACE('',#4967,0.152);
#4967 = AXIS2_PLACEMENT_3D('',#4968,#4969,#4970);
#4968 = CARTESIAN_POINT('',(-3.6,0.152,-6.175));
#4969 = DIRECTION('',(-5.551115123126E-17,-1.,-0.));
#4970 = DIRECTION('',(5.463066675185E-29,-3.032611203926E-45,1.));
#4971 = ADVANCED_FACE('',(#4972),#4975,.F.);
#4972 = FACE_BOUND('',#4973,.F.);
#4973 = EDGE_LOOP('',(#4974));
#4974 = ORIENTED_EDGE('',*,*,#4948,.T.);
#4975 = PLANE('',#4976);
#4976 = AXIS2_PLACEMENT_3D('',#4977,#4978,#4979);
#4977 = CARTESIAN_POINT('',(-3.6,0.2432,-6.175));
#4978 = DIRECTION('',(-5.551115123126E-17,-1.,-0.));
#4979 = DIRECTION('',(6.10849227756E-29,-3.390894386146E-45,1.));
#4980 = ( GEOMETRIC_REPRESENTATION_CONTEXT(3) 
GLOBAL_UNCERTAINTY_ASSIGNED_CONTEXT((#4984)) 
GLOBAL_UNIT_ASSIGNED_CONTEXT((#4981,#4982,#4983)) REPRESENTATION_CONTEXT
('Context #1','3D Context with UNIT and UNCERTAINTY') );
#4981 = ( LENGTH_UNIT() NAMED_UNIT(*) SI_UNIT(.MILLI.,.METRE.) );
#4982 = ( NAMED_UNIT(*) PLANE_ANGLE_UNIT() SI_UNIT($,.RADIAN.) );
#4983 = ( NAMED_UNIT(*) SI_UNIT($,.STERADIAN.) SOLID_ANGLE_UNIT() );
#4984 = UNCERTAINTY_MEASURE_WITH_UNIT(LENGTH_MEASURE(1.E-07),#4981,
  'distance_accuracy_value','confusion accuracy');
#4985 = CONTEXT_DEPENDENT_SHAPE_REPRESENTATION(#4986,#4988);
#4986 = ( REPRESENTATION_RELATIONSHIP('','',#4941,#10) 
REPRESENTATION_RELATIONSHIP_WITH_TRANSFORMATION(#4987) 
SHAPE_REPRESENTATION_RELATIONSHIP() );
#4987 = ITEM_DEFINED_TRANSFORMATION('','',#11,#291);
#4988 = PRODUCT_DEFINITION_SHAPE('Placement','Placement of an item',
  #4989);
#4989 = NEXT_ASSEMBLY_USAGE_OCCURRENCE('141951','BALL_0068','',#5,#4936,
  $);
#4990 = PRODUCT_RELATED_PRODUCT_CATEGORY('part',$,(#4938));
#4991 = SHAPE_DEFINITION_REPRESENTATION(#4992,#4998);
#4992 = PRODUCT_DEFINITION_SHAPE('','',#4993);
#4993 = PRODUCT_DEFINITION('design','',#4994,#4997);
#4994 = PRODUCT_DEFINITION_FORMATION('','',#4995);
#4995 = PRODUCT('BALL_0069','BALL_0069','',(#4996));
#4996 = PRODUCT_CONTEXT('',#2,'mechanical');
#4997 = PRODUCT_DEFINITION_CONTEXT('part definition',#2,'design');
#4998 = ADVANCED_BREP_SHAPE_REPRESENTATION('',(#11,#4999),#5037);
#4999 = MANIFOLD_SOLID_BREP('',#5000);
#5000 = CLOSED_SHELL('',(#5001,#5028));
#5001 = ADVANCED_FACE('',(#5002),#5023,.T.);
#5002 = FACE_BOUND('',#5003,.T.);
#5003 = EDGE_LOOP('',(#5004,#5013,#5022));
#5004 = ORIENTED_EDGE('',*,*,#5005,.T.);
#5005 = EDGE_CURVE('',#5006,#5006,#5008,.T.);
#5006 = VERTEX_POINT('',#5007);
#5007 = CARTESIAN_POINT('',(-3.6,0.243199999999,-6.053399999999));
#5008 = CIRCLE('',#5009,0.121600000001);
#5009 = AXIS2_PLACEMENT_3D('',#5010,#5011,#5012);
#5010 = CARTESIAN_POINT('',(-3.6,0.243199999999,-6.175));
#5011 = DIRECTION('',(-5.551115123126E-17,-1.,0.));
#5012 = DIRECTION('',(6.108492277512E-29,-3.390894386119E-45,1.));
#5013 = ORIENTED_EDGE('',*,*,#5014,.T.);
#5014 = EDGE_CURVE('',#5006,#5015,#5017,.T.);
#5015 = VERTEX_POINT('',#5016);
#5016 = CARTESIAN_POINT('',(-3.6,1.334880397544E-13,-6.175));
#5017 = CIRCLE('',#5018,0.152);
#5018 = AXIS2_PLACEMENT_3D('',#5019,#5020,#5021);
#5019 = CARTESIAN_POINT('',(-3.6,0.152,-6.175));
#5020 = DIRECTION('',(1.,-1.110223024625E-16,-5.551115123126E-17));
#5021 = DIRECTION('',(1.110223024625E-16,1.,5.551115123126E-17));
#5022 = ORIENTED_EDGE('',*,*,#5014,.F.);
#5023 = SPHERICAL_SURFACE('',#5024,0.152);
#5024 = AXIS2_PLACEMENT_3D('',#5025,#5026,#5027);
#5025 = CARTESIAN_POINT('',(-3.6,0.152,-6.175));
#5026 = DIRECTION('',(-5.551115123126E-17,-1.,-0.));
#5027 = DIRECTION('',(5.463066675185E-29,-3.032611203926E-45,1.));
#5028 = ADVANCED_FACE('',(#5029),#5032,.F.);
#5029 = FACE_BOUND('',#5030,.F.);
#5030 = EDGE_LOOP('',(#5031));
#5031 = ORIENTED_EDGE('',*,*,#5005,.T.);
#5032 = PLANE('',#5033);
#5033 = AXIS2_PLACEMENT_3D('',#5034,#5035,#5036);
#5034 = CARTESIAN_POINT('',(-3.6,0.2432,-6.175));
#5035 = DIRECTION('',(-5.551115123126E-17,-1.,-0.));
#5036 = DIRECTION('',(6.10849227756E-29,-3.390894386146E-45,1.));
#5037 = ( GEOMETRIC_REPRESENTATION_CONTEXT(3) 
GLOBAL_UNCERTAINTY_ASSIGNED_CONTEXT((#5041)) 
GLOBAL_UNIT_ASSIGNED_CONTEXT((#5038,#5039,#5040)) REPRESENTATION_CONTEXT
('Context #1','3D Context with UNIT and UNCERTAINTY') );
#5038 = ( LENGTH_UNIT() NAMED_UNIT(*) SI_UNIT(.MILLI.,.METRE.) );
#5039 = ( NAMED_UNIT(*) PLANE_ANGLE_UNIT() SI_UNIT($,.RADIAN.) );
#5040 = ( NAMED_UNIT(*) SI_UNIT($,.STERADIAN.) SOLID_ANGLE_UNIT() );
#5041 = UNCERTAINTY_MEASURE_WITH_UNIT(LENGTH_MEASURE(1.E-07),#5038,
  'distance_accuracy_value','confusion accuracy');
#5042 = CONTEXT_DEPENDENT_SHAPE_REPRESENTATION(#5043,#5045);
#5043 = ( REPRESENTATION_RELATIONSHIP('','',#4998,#10) 
REPRESENTATION_RELATIONSHIP_WITH_TRANSFORMATION(#5044) 
SHAPE_REPRESENTATION_RELATIONSHIP() );
#5044 = ITEM_DEFINED_TRANSFORMATION('','',#11,#295);
#5045 = PRODUCT_DEFINITION_SHAPE('Placement','Placement of an item',
  #5046);
#5046 = NEXT_ASSEMBLY_USAGE_OCCURRENCE('141952','BALL_0069','',#5,#4993,
  $);
#5047 = PRODUCT_RELATED_PRODUCT_CATEGORY('part',$,(#4995));
#5048 = SHAPE_DEFINITION_REPRESENTATION(#5049,#5055);
#5049 = PRODUCT_DEFINITION_SHAPE('','',#5050);
#5050 = PRODUCT_DEFINITION('design','',#5051,#5054);
#5051 = PRODUCT_DEFINITION_FORMATION('','',#5052);
#5052 = PRODUCT('BALL_0070','BALL_0070','',(#5053));
#5053 = PRODUCT_CONTEXT('',#2,'mechanical');
#5054 = PRODUCT_DEFINITION_CONTEXT('part definition',#2,'design');
#5055 = ADVANCED_BREP_SHAPE_REPRESENTATION('',(#11,#5056),#5094);
#5056 = MANIFOLD_SOLID_BREP('',#5057);
#5057 = CLOSED_SHELL('',(#5058,#5085));
#5058 = ADVANCED_FACE('',(#5059),#5080,.T.);
#5059 = FACE_BOUND('',#5060,.T.);
#5060 = EDGE_LOOP('',(#5061,#5070,#5079));
#5061 = ORIENTED_EDGE('',*,*,#5062,.T.);
#5062 = EDGE_CURVE('',#5063,#5063,#5065,.T.);
#5063 = VERTEX_POINT('',#5064);
#5064 = CARTESIAN_POINT('',(-3.6,0.243199999999,-6.053399999999));
#5065 = CIRCLE('',#5066,0.121600000001);
#5066 = AXIS2_PLACEMENT_3D('',#5067,#5068,#5069);
#5067 = CARTESIAN_POINT('',(-3.6,0.243199999999,-6.175));
#5068 = DIRECTION('',(-5.551115123126E-17,-1.,0.));
#5069 = DIRECTION('',(6.108492277512E-29,-3.390894386119E-45,1.));
#5070 = ORIENTED_EDGE('',*,*,#5071,.T.);
#5071 = EDGE_CURVE('',#5063,#5072,#5074,.T.);
#5072 = VERTEX_POINT('',#5073);
#5073 = CARTESIAN_POINT('',(-3.6,1.334880397544E-13,-6.175));
#5074 = CIRCLE('',#5075,0.152);
#5075 = AXIS2_PLACEMENT_3D('',#5076,#5077,#5078);
#5076 = CARTESIAN_POINT('',(-3.6,0.152,-6.175));
#5077 = DIRECTION('',(1.,-1.110223024625E-16,-5.551115123126E-17));
#5078 = DIRECTION('',(1.110223024625E-16,1.,5.551115123126E-17));
#5079 = ORIENTED_EDGE('',*,*,#5071,.F.);
#5080 = SPHERICAL_SURFACE('',#5081,0.152);
#5081 = AXIS2_PLACEMENT_3D('',#5082,#5083,#5084);
#5082 = CARTESIAN_POINT('',(-3.6,0.152,-6.175));
#5083 = DIRECTION('',(-5.551115123126E-17,-1.,-0.));
#5084 = DIRECTION('',(5.463066675185E-29,-3.032611203926E-45,1.));
#5085 = ADVANCED_FACE('',(#5086),#5089,.F.);
#5086 = FACE_BOUND('',#5087,.F.);
#5087 = EDGE_LOOP('',(#5088));
#5088 = ORIENTED_EDGE('',*,*,#5062,.T.);
#5089 = PLANE('',#5090);
#5090 = AXIS2_PLACEMENT_3D('',#5091,#5092,#5093);
#5091 = CARTESIAN_POINT('',(-3.6,0.2432,-6.175));
#5092 = DIRECTION('',(-5.551115123126E-17,-1.,-0.));
#5093 = DIRECTION('',(6.10849227756E-29,-3.390894386146E-45,1.));
#5094 = ( GEOMETRIC_REPRESENTATION_CONTEXT(3) 
GLOBAL_UNCERTAINTY_ASSIGNED_CONTEXT((#5098)) 
GLOBAL_UNIT_ASSIGNED_CONTEXT((#5095,#5096,#5097)) REPRESENTATION_CONTEXT
('Context #1','3D Context with UNIT and UNCERTAINTY') );
#5095 = ( LENGTH_UNIT() NAMED_UNIT(*) SI_UNIT(.MILLI.,.METRE.) );
#5096 = ( NAMED_UNIT(*) PLANE_ANGLE_UNIT() SI_UNIT($,.RADIAN.) );
#5097 = ( NAMED_UNIT(*) SI_UNIT($,.STERADIAN.) SOLID_ANGLE_UNIT() );
#5098 = UNCERTAINTY_MEASURE_WITH_UNIT(LENGTH_MEASURE(1.E-07),#5095,
  'distance_accuracy_value','confusion accuracy');
#5099 = CONTEXT_DEPENDENT_SHAPE_REPRESENTATION(#5100,#5102);
#5100 = ( REPRESENTATION_RELATIONSHIP('','',#5055,#10) 
REPRESENTATION_RELATIONSHIP_WITH_TRANSFORMATION(#5101) 
SHAPE_REPRESENTATION_RELATIONSHIP() );
#5101 = ITEM_DEFINED_TRANSFORMATION('','',#11,#299);
#5102 = PRODUCT_DEFINITION_SHAPE('Placement','Placement of an item',
  #5103);
#5103 = NEXT_ASSEMBLY_USAGE_OCCURRENCE('141953','BALL_0070','',#5,#5050,
  $);
#5104 = PRODUCT_RELATED_PRODUCT_CATEGORY('part',$,(#5052));
#5105 = SHAPE_DEFINITION_REPRESENTATION(#5106,#5112);
#5106 = PRODUCT_DEFINITION_SHAPE('','',#5107);
#5107 = PRODUCT_DEFINITION('design','',#5108,#5111);
#5108 = PRODUCT_DEFINITION_FORMATION('','',#5109);
#5109 = PRODUCT('BALL_0071','BALL_0071','',(#5110));
#5110 = PRODUCT_CONTEXT('',#2,'mechanical');
#5111 = PRODUCT_DEFINITION_CONTEXT('part definition',#2,'design');
#5112 = ADVANCED_BREP_SHAPE_REPRESENTATION('',(#11,#5113),#5151);
#5113 = MANIFOLD_SOLID_BREP('',#5114);
#5114 = CLOSED_SHELL('',(#5115,#5142));
#5115 = ADVANCED_FACE('',(#5116),#5137,.T.);
#5116 = FACE_BOUND('',#5117,.T.);
#5117 = EDGE_LOOP('',(#5118,#5127,#5136));
#5118 = ORIENTED_EDGE('',*,*,#5119,.T.);
#5119 = EDGE_CURVE('',#5120,#5120,#5122,.T.);
#5120 = VERTEX_POINT('',#5121);
#5121 = CARTESIAN_POINT('',(-3.6,0.243199999999,-6.053399999999));
#5122 = CIRCLE('',#5123,0.121600000001);
#5123 = AXIS2_PLACEMENT_3D('',#5124,#5125,#5126);
#5124 = CARTESIAN_POINT('',(-3.6,0.243199999999,-6.175));
#5125 = DIRECTION('',(-5.551115123126E-17,-1.,0.));
#5126 = DIRECTION('',(6.108492277512E-29,-3.390894386119E-45,1.));
#5127 = ORIENTED_EDGE('',*,*,#5128,.T.);
#5128 = EDGE_CURVE('',#5120,#5129,#5131,.T.);
#5129 = VERTEX_POINT('',#5130);
#5130 = CARTESIAN_POINT('',(-3.6,1.334880397544E-13,-6.175));
#5131 = CIRCLE('',#5132,0.152);
#5132 = AXIS2_PLACEMENT_3D('',#5133,#5134,#5135);
#5133 = CARTESIAN_POINT('',(-3.6,0.152,-6.175));
#5134 = DIRECTION('',(1.,-1.110223024625E-16,-5.551115123126E-17));
#5135 = DIRECTION('',(1.110223024625E-16,1.,5.551115123126E-17));
#5136 = ORIENTED_EDGE('',*,*,#5128,.F.);
#5137 = SPHERICAL_SURFACE('',#5138,0.152);
#5138 = AXIS2_PLACEMENT_3D('',#5139,#5140,#5141);
#5139 = CARTESIAN_POINT('',(-3.6,0.152,-6.175));
#5140 = DIRECTION('',(-5.551115123126E-17,-1.,-0.));
#5141 = DIRECTION('',(5.463066675185E-29,-3.032611203926E-45,1.));
#5142 = ADVANCED_FACE('',(#5143),#5146,.F.);
#5143 = FACE_BOUND('',#5144,.F.);
#5144 = EDGE_LOOP('',(#5145));
#5145 = ORIENTED_EDGE('',*,*,#5119,.T.);
#5146 = PLANE('',#5147);
#5147 = AXIS2_PLACEMENT_3D('',#5148,#5149,#5150);
#5148 = CARTESIAN_POINT('',(-3.6,0.2432,-6.175));
#5149 = DIRECTION('',(-5.551115123126E-17,-1.,-0.));
#5150 = DIRECTION('',(6.10849227756E-29,-3.390894386146E-45,1.));
#5151 = ( GEOMETRIC_REPRESENTATION_CONTEXT(3) 
GLOBAL_UNCERTAINTY_ASSIGNED_CONTEXT((#5155)) 
GLOBAL_UNIT_ASSIGNED_CONTEXT((#5152,#5153,#5154)) REPRESENTATION_CONTEXT
('Context #1','3D Context with UNIT and UNCERTAINTY') );
#5152 = ( LENGTH_UNIT() NAMED_UNIT(*) SI_UNIT(.MILLI.,.METRE.) );
#5153 = ( NAMED_UNIT(*) PLANE_ANGLE_UNIT() SI_UNIT($,.RADIAN.) );
#5154 = ( NAMED_UNIT(*) SI_UNIT($,.STERADIAN.) SOLID_ANGLE_UNIT() );
#5155 = UNCERTAINTY_MEASURE_WITH_UNIT(LENGTH_MEASURE(1.E-07),#5152,
  'distance_accuracy_value','confusion accuracy');
#5156 = CONTEXT_DEPENDENT_SHAPE_REPRESENTATION(#5157,#5159);
#5157 = ( REPRESENTATION_RELATIONSHIP('','',#5112,#10) 
REPRESENTATION_RELATIONSHIP_WITH_TRANSFORMATION(#5158) 
SHAPE_REPRESENTATION_RELATIONSHIP() );
#5158 = ITEM_DEFINED_TRANSFORMATION('','',#11,#303);
#5159 = PRODUCT_DEFINITION_SHAPE('Placement','Placement of an item',
  #5160);
#5160 = NEXT_ASSEMBLY_USAGE_OCCURRENCE('141954','BALL_0071','',#5,#5107,
  $);
#5161 = PRODUCT_RELATED_PRODUCT_CATEGORY('part',$,(#5109));
#5162 = SHAPE_DEFINITION_REPRESENTATION(#5163,#5169);
#5163 = PRODUCT_DEFINITION_SHAPE('','',#5164);
#5164 = PRODUCT_DEFINITION('design','',#5165,#5168);
#5165 = PRODUCT_DEFINITION_FORMATION('','',#5166);
#5166 = PRODUCT('BALL_0072','BALL_0072','',(#5167));
#5167 = PRODUCT_CONTEXT('',#2,'mechanical');
#5168 = PRODUCT_DEFINITION_CONTEXT('part definition',#2,'design');
#5169 = ADVANCED_BREP_SHAPE_REPRESENTATION('',(#11,#5170),#5208);
#5170 = MANIFOLD_SOLID_BREP('',#5171);
#5171 = CLOSED_SHELL('',(#5172,#5199));
#5172 = ADVANCED_FACE('',(#5173),#5194,.T.);
#5173 = FACE_BOUND('',#5174,.T.);
#5174 = EDGE_LOOP('',(#5175,#5184,#5193));
#5175 = ORIENTED_EDGE('',*,*,#5176,.T.);
#5176 = EDGE_CURVE('',#5177,#5177,#5179,.T.);
#5177 = VERTEX_POINT('',#5178);
#5178 = CARTESIAN_POINT('',(-3.6,0.243199999999,-6.053399999999));
#5179 = CIRCLE('',#5180,0.121600000001);
#5180 = AXIS2_PLACEMENT_3D('',#5181,#5182,#5183);
#5181 = CARTESIAN_POINT('',(-3.6,0.243199999999,-6.175));
#5182 = DIRECTION('',(-5.551115123126E-17,-1.,0.));
#5183 = DIRECTION('',(6.108492277512E-29,-3.390894386119E-45,1.));
#5184 = ORIENTED_EDGE('',*,*,#5185,.T.);
#5185 = EDGE_CURVE('',#5177,#5186,#5188,.T.);
#5186 = VERTEX_POINT('',#5187);
#5187 = CARTESIAN_POINT('',(-3.6,1.334880397544E-13,-6.175));
#5188 = CIRCLE('',#5189,0.152);
#5189 = AXIS2_PLACEMENT_3D('',#5190,#5191,#5192);
#5190 = CARTESIAN_POINT('',(-3.6,0.152,-6.175));
#5191 = DIRECTION('',(1.,-1.110223024625E-16,-5.551115123126E-17));
#5192 = DIRECTION('',(1.110223024625E-16,1.,5.551115123126E-17));
#5193 = ORIENTED_EDGE('',*,*,#5185,.F.);
#5194 = SPHERICAL_SURFACE('',#5195,0.152);
#5195 = AXIS2_PLACEMENT_3D('',#5196,#5197,#5198);
#5196 = CARTESIAN_POINT('',(-3.6,0.152,-6.175));
#5197 = DIRECTION('',(-5.551115123126E-17,-1.,-0.));
#5198 = DIRECTION('',(5.463066675185E-29,-3.032611203926E-45,1.));
#5199 = ADVANCED_FACE('',(#5200),#5203,.F.);
#5200 = FACE_BOUND('',#5201,.F.);
#5201 = EDGE_LOOP('',(#5202));
#5202 = ORIENTED_EDGE('',*,*,#5176,.T.);
#5203 = PLANE('',#5204);
#5204 = AXIS2_PLACEMENT_3D('',#5205,#5206,#5207);
#5205 = CARTESIAN_POINT('',(-3.6,0.2432,-6.175));
#5206 = DIRECTION('',(-5.551115123126E-17,-1.,-0.));
#5207 = DIRECTION('',(6.10849227756E-29,-3.390894386146E-45,1.));
#5208 = ( GEOMETRIC_REPRESENTATION_CONTEXT(3) 
GLOBAL_UNCERTAINTY_ASSIGNED_CONTEXT((#5212)) 
GLOBAL_UNIT_ASSIGNED_CONTEXT((#5209,#5210,#5211)) REPRESENTATION_CONTEXT
('Context #1','3D Context with UNIT and UNCERTAINTY') );
#5209 = ( LENGTH_UNIT() NAMED_UNIT(*) SI_UNIT(.MILLI.,.METRE.) );
#5210 = ( NAMED_UNIT(*) PLANE_ANGLE_UNIT() SI_UNIT($,.RADIAN.) );
#5211 = ( NAMED_UNIT(*) SI_UNIT($,.STERADIAN.) SOLID_ANGLE_UNIT() );
#5212 = UNCERTAINTY_MEASURE_WITH_UNIT(LENGTH_MEASURE(1.E-07),#5209,
  'distance_accuracy_value','confusion accuracy');
#5213 = CONTEXT_DEPENDENT_SHAPE_REPRESENTATION(#5214,#5216);
#5214 = ( REPRESENTATION_RELATIONSHIP('','',#5169,#10) 
REPRESENTATION_RELATIONSHIP_WITH_TRANSFORMATION(#5215) 
SHAPE_REPRESENTATION_RELATIONSHIP() );
#5215 = ITEM_DEFINED_TRANSFORMATION('','',#11,#307);
#5216 = PRODUCT_DEFINITION_SHAPE('Placement','Placement of an item',
  #5217);
#5217 = NEXT_ASSEMBLY_USAGE_OCCURRENCE('141955','BALL_0072','',#5,#5164,
  $);
#5218 = PRODUCT_RELATED_PRODUCT_CATEGORY('part',$,(#5166));
#5219 = SHAPE_DEFINITION_REPRESENTATION(#5220,#5226);
#5220 = PRODUCT_DEFINITION_SHAPE('','',#5221);
#5221 = PRODUCT_DEFINITION('design','',#5222,#5225);
#5222 = PRODUCT_DEFINITION_FORMATION('','',#5223);
#5223 = PRODUCT('BALL_0073','BALL_0073','',(#5224));
#5224 = PRODUCT_CONTEXT('',#2,'mechanical');
#5225 = PRODUCT_DEFINITION_CONTEXT('part definition',#2,'design');
#5226 = ADVANCED_BREP_SHAPE_REPRESENTATION('',(#11,#5227),#5265);
#5227 = MANIFOLD_SOLID_BREP('',#5228);
#5228 = CLOSED_SHELL('',(#5229,#5256));
#5229 = ADVANCED_FACE('',(#5230),#5251,.T.);
#5230 = FACE_BOUND('',#5231,.T.);
#5231 = EDGE_LOOP('',(#5232,#5241,#5250));
#5232 = ORIENTED_EDGE('',*,*,#5233,.T.);
#5233 = EDGE_CURVE('',#5234,#5234,#5236,.T.);
#5234 = VERTEX_POINT('',#5235);
#5235 = CARTESIAN_POINT('',(-3.6,0.243199999999,-6.053399999999));
#5236 = CIRCLE('',#5237,0.121600000001);
#5237 = AXIS2_PLACEMENT_3D('',#5238,#5239,#5240);
#5238 = CARTESIAN_POINT('',(-3.6,0.243199999999,-6.175));
#5239 = DIRECTION('',(-5.551115123126E-17,-1.,0.));
#5240 = DIRECTION('',(6.108492277512E-29,-3.390894386119E-45,1.));
#5241 = ORIENTED_EDGE('',*,*,#5242,.T.);
#5242 = EDGE_CURVE('',#5234,#5243,#5245,.T.);
#5243 = VERTEX_POINT('',#5244);
#5244 = CARTESIAN_POINT('',(-3.6,1.334880397544E-13,-6.175));
#5245 = CIRCLE('',#5246,0.152);
#5246 = AXIS2_PLACEMENT_3D('',#5247,#5248,#5249);
#5247 = CARTESIAN_POINT('',(-3.6,0.152,-6.175));
#5248 = DIRECTION('',(1.,-1.110223024625E-16,-5.551115123126E-17));
#5249 = DIRECTION('',(1.110223024625E-16,1.,5.551115123126E-17));
#5250 = ORIENTED_EDGE('',*,*,#5242,.F.);
#5251 = SPHERICAL_SURFACE('',#5252,0.152);
#5252 = AXIS2_PLACEMENT_3D('',#5253,#5254,#5255);
#5253 = CARTESIAN_POINT('',(-3.6,0.152,-6.175));
#5254 = DIRECTION('',(-5.551115123126E-17,-1.,-0.));
#5255 = DIRECTION('',(5.463066675185E-29,-3.032611203926E-45,1.));
#5256 = ADVANCED_FACE('',(#5257),#5260,.F.);
#5257 = FACE_BOUND('',#5258,.F.);
#5258 = EDGE_LOOP('',(#5259));
#5259 = ORIENTED_EDGE('',*,*,#5233,.T.);
#5260 = PLANE('',#5261);
#5261 = AXIS2_PLACEMENT_3D('',#5262,#5263,#5264);
#5262 = CARTESIAN_POINT('',(-3.6,0.2432,-6.175));
#5263 = DIRECTION('',(-5.551115123126E-17,-1.,-0.));
#5264 = DIRECTION('',(6.10849227756E-29,-3.390894386146E-45,1.));
#5265 = ( GEOMETRIC_REPRESENTATION_CONTEXT(3) 
GLOBAL_UNCERTAINTY_ASSIGNED_CONTEXT((#5269)) 
GLOBAL_UNIT_ASSIGNED_CONTEXT((#5266,#5267,#5268)) REPRESENTATION_CONTEXT
('Context #1','3D Context with UNIT and UNCERTAINTY') );
#5266 = ( LENGTH_UNIT() NAMED_UNIT(*) SI_UNIT(.MILLI.,.METRE.) );
#5267 = ( NAMED_UNIT(*) PLANE_ANGLE_UNIT() SI_UNIT($,.RADIAN.) );
#5268 = ( NAMED_UNIT(*) SI_UNIT($,.STERADIAN.) SOLID_ANGLE_UNIT() );
#5269 = UNCERTAINTY_MEASURE_WITH_UNIT(LENGTH_MEASURE(1.E-07),#5266,
  'distance_accuracy_value','confusion accuracy');
#5270 = CONTEXT_DEPENDENT_SHAPE_REPRESENTATION(#5271,#5273);
#5271 = ( REPRESENTATION_RELATIONSHIP('','',#5226,#10) 
REPRESENTATION_RELATIONSHIP_WITH_TRANSFORMATION(#5272) 
SHAPE_REPRESENTATION_RELATIONSHIP() );
#5272 = ITEM_DEFINED_TRANSFORMATION('','',#11,#311);
#5273 = PRODUCT_DEFINITION_SHAPE('Placement','Placement of an item',
  #5274);
#5274 = NEXT_ASSEMBLY_USAGE_OCCURRENCE('141956','BALL_0073','',#5,#5221,
  $);
#5275 = PRODUCT_RELATED_PRODUCT_CATEGORY('part',$,(#5223));
#5276 = SHAPE_DEFINITION_REPRESENTATION(#5277,#5283);
#5277 = PRODUCT_DEFINITION_SHAPE('','',#5278);
#5278 = PRODUCT_DEFINITION('design','',#5279,#5282);
#5279 = PRODUCT_DEFINITION_FORMATION('','',#5280);
#5280 = PRODUCT('BALL_0074','BALL_0074','',(#5281));
#5281 = PRODUCT_CONTEXT('',#2,'mechanical');
#5282 = PRODUCT_DEFINITION_CONTEXT('part definition',#2,'design');
#5283 = ADVANCED_BREP_SHAPE_REPRESENTATION('',(#11,#5284),#5322);
#5284 = MANIFOLD_SOLID_BREP('',#5285);
#5285 = CLOSED_SHELL('',(#5286,#5313));
#5286 = ADVANCED_FACE('',(#5287),#5308,.T.);
#5287 = FACE_BOUND('',#5288,.T.);
#5288 = EDGE_LOOP('',(#5289,#5298,#5307));
#5289 = ORIENTED_EDGE('',*,*,#5290,.T.);
#5290 = EDGE_CURVE('',#5291,#5291,#5293,.T.);
#5291 = VERTEX_POINT('',#5292);
#5292 = CARTESIAN_POINT('',(-3.6,0.243199999999,-6.053399999999));
#5293 = CIRCLE('',#5294,0.121600000001);
#5294 = AXIS2_PLACEMENT_3D('',#5295,#5296,#5297);
#5295 = CARTESIAN_POINT('',(-3.6,0.243199999999,-6.175));
#5296 = DIRECTION('',(-5.551115123126E-17,-1.,0.));
#5297 = DIRECTION('',(6.108492277512E-29,-3.390894386119E-45,1.));
#5298 = ORIENTED_EDGE('',*,*,#5299,.T.);
#5299 = EDGE_CURVE('',#5291,#5300,#5302,.T.);
#5300 = VERTEX_POINT('',#5301);
#5301 = CARTESIAN_POINT('',(-3.6,1.334880397544E-13,-6.175));
#5302 = CIRCLE('',#5303,0.152);
#5303 = AXIS2_PLACEMENT_3D('',#5304,#5305,#5306);
#5304 = CARTESIAN_POINT('',(-3.6,0.152,-6.175));
#5305 = DIRECTION('',(1.,-1.110223024625E-16,-5.551115123126E-17));
#5306 = DIRECTION('',(1.110223024625E-16,1.,5.551115123126E-17));
#5307 = ORIENTED_EDGE('',*,*,#5299,.F.);
#5308 = SPHERICAL_SURFACE('',#5309,0.152);
#5309 = AXIS2_PLACEMENT_3D('',#5310,#5311,#5312);
#5310 = CARTESIAN_POINT('',(-3.6,0.152,-6.175));
#5311 = DIRECTION('',(-5.551115123126E-17,-1.,-0.));
#5312 = DIRECTION('',(5.463066675185E-29,-3.032611203926E-45,1.));
#5313 = ADVANCED_FACE('',(#5314),#5317,.F.);
#5314 = FACE_BOUND('',#5315,.F.);
#5315 = EDGE_LOOP('',(#5316));
#5316 = ORIENTED_EDGE('',*,*,#5290,.T.);
#5317 = PLANE('',#5318);
#5318 = AXIS2_PLACEMENT_3D('',#5319,#5320,#5321);
#5319 = CARTESIAN_POINT('',(-3.6,0.2432,-6.175));
#5320 = DIRECTION('',(-5.551115123126E-17,-1.,-0.));
#5321 = DIRECTION('',(6.10849227756E-29,-3.390894386146E-45,1.));
#5322 = ( GEOMETRIC_REPRESENTATION_CONTEXT(3) 
GLOBAL_UNCERTAINTY_ASSIGNED_CONTEXT((#5326)) 
GLOBAL_UNIT_ASSIGNED_CONTEXT((#5323,#5324,#5325)) REPRESENTATION_CONTEXT
('Context #1','3D Context with UNIT and UNCERTAINTY') );
#5323 = ( LENGTH_UNIT() NAMED_UNIT(*) SI_UNIT(.MILLI.,.METRE.) );
#5324 = ( NAMED_UNIT(*) PLANE_ANGLE_UNIT() SI_UNIT($,.RADIAN.) );
#5325 = ( NAMED_UNIT(*) SI_UNIT($,.STERADIAN.) SOLID_ANGLE_UNIT() );
#5326 = UNCERTAINTY_MEASURE_WITH_UNIT(LENGTH_MEASURE(1.E-07),#5323,
  'distance_accuracy_value','confusion accuracy');
#5327 = CONTEXT_DEPENDENT_SHAPE_REPRESENTATION(#5328,#5330);
#5328 = ( REPRESENTATION_RELATIONSHIP('','',#5283,#10) 
REPRESENTATION_RELATIONSHIP_WITH_TRANSFORMATION(#5329) 
SHAPE_REPRESENTATION_RELATIONSHIP() );
#5329 = ITEM_DEFINED_TRANSFORMATION('','',#11,#315);
#5330 = PRODUCT_DEFINITION_SHAPE('Placement','Placement of an item',
  #5331);
#5331 = NEXT_ASSEMBLY_USAGE_OCCURRENCE('141957','BALL_0074','',#5,#5278,
  $);
#5332 = PRODUCT_RELATED_PRODUCT_CATEGORY('part',$,(#5280));
#5333 = SHAPE_DEFINITION_REPRESENTATION(#5334,#5340);
#5334 = PRODUCT_DEFINITION_SHAPE('','',#5335);
#5335 = PRODUCT_DEFINITION('design','',#5336,#5339);
#5336 = PRODUCT_DEFINITION_FORMATION('','',#5337);
#5337 = PRODUCT('BALL_0075','BALL_0075','',(#5338));
#5338 = PRODUCT_CONTEXT('',#2,'mechanical');
#5339 = PRODUCT_DEFINITION_CONTEXT('part definition',#2,'design');
#5340 = ADVANCED_BREP_SHAPE_REPRESENTATION('',(#11,#5341),#5379);
#5341 = MANIFOLD_SOLID_BREP('',#5342);
#5342 = CLOSED_SHELL('',(#5343,#5370));
#5343 = ADVANCED_FACE('',(#5344),#5365,.T.);
#5344 = FACE_BOUND('',#5345,.T.);
#5345 = EDGE_LOOP('',(#5346,#5355,#5364));
#5346 = ORIENTED_EDGE('',*,*,#5347,.T.);
#5347 = EDGE_CURVE('',#5348,#5348,#5350,.T.);
#5348 = VERTEX_POINT('',#5349);
#5349 = CARTESIAN_POINT('',(-3.6,0.243199999999,-6.053399999999));
#5350 = CIRCLE('',#5351,0.121600000001);
#5351 = AXIS2_PLACEMENT_3D('',#5352,#5353,#5354);
#5352 = CARTESIAN_POINT('',(-3.6,0.243199999999,-6.175));
#5353 = DIRECTION('',(-5.551115123126E-17,-1.,0.));
#5354 = DIRECTION('',(6.108492277512E-29,-3.390894386119E-45,1.));
#5355 = ORIENTED_EDGE('',*,*,#5356,.T.);
#5356 = EDGE_CURVE('',#5348,#5357,#5359,.T.);
#5357 = VERTEX_POINT('',#5358);
#5358 = CARTESIAN_POINT('',(-3.6,1.334880397544E-13,-6.175));
#5359 = CIRCLE('',#5360,0.152);
#5360 = AXIS2_PLACEMENT_3D('',#5361,#5362,#5363);
#5361 = CARTESIAN_POINT('',(-3.6,0.152,-6.175));
#5362 = DIRECTION('',(1.,-1.110223024625E-16,-5.551115123126E-17));
#5363 = DIRECTION('',(1.110223024625E-16,1.,5.551115123126E-17));
#5364 = ORIENTED_EDGE('',*,*,#5356,.F.);
#5365 = SPHERICAL_SURFACE('',#5366,0.152);
#5366 = AXIS2_PLACEMENT_3D('',#5367,#5368,#5369);
#5367 = CARTESIAN_POINT('',(-3.6,0.152,-6.175));
#5368 = DIRECTION('',(-5.551115123126E-17,-1.,-0.));
#5369 = DIRECTION('',(5.463066675185E-29,-3.032611203926E-45,1.));
#5370 = ADVANCED_FACE('',(#5371),#5374,.F.);
#5371 = FACE_BOUND('',#5372,.F.);
#5372 = EDGE_LOOP('',(#5373));
#5373 = ORIENTED_EDGE('',*,*,#5347,.T.);
#5374 = PLANE('',#5375);
#5375 = AXIS2_PLACEMENT_3D('',#5376,#5377,#5378);
#5376 = CARTESIAN_POINT('',(-3.6,0.2432,-6.175));
#5377 = DIRECTION('',(-5.551115123126E-17,-1.,-0.));
#5378 = DIRECTION('',(6.10849227756E-29,-3.390894386146E-45,1.));
#5379 = ( GEOMETRIC_REPRESENTATION_CONTEXT(3) 
GLOBAL_UNCERTAINTY_ASSIGNED_CONTEXT((#5383)) 
GLOBAL_UNIT_ASSIGNED_CONTEXT((#5380,#5381,#5382)) REPRESENTATION_CONTEXT
('Context #1','3D Context with UNIT and UNCERTAINTY') );
#5380 = ( LENGTH_UNIT() NAMED_UNIT(*) SI_UNIT(.MILLI.,.METRE.) );
#5381 = ( NAMED_UNIT(*) PLANE_ANGLE_UNIT() SI_UNIT($,.RADIAN.) );
#5382 = ( NAMED_UNIT(*) SI_UNIT($,.STERADIAN.) SOLID_ANGLE_UNIT() );
#5383 = UNCERTAINTY_MEASURE_WITH_UNIT(LENGTH_MEASURE(1.E-07),#5380,
  'distance_accuracy_value','confusion accuracy');
#5384 = CONTEXT_DEPENDENT_SHAPE_REPRESENTATION(#5385,#5387);
#5385 = ( REPRESENTATION_RELATIONSHIP('','',#5340,#10) 
REPRESENTATION_RELATIONSHIP_WITH_TRANSFORMATION(#5386) 
SHAPE_REPRESENTATION_RELATIONSHIP() );
#5386 = ITEM_DEFINED_TRANSFORMATION('','',#11,#319);
#5387 = PRODUCT_DEFINITION_SHAPE('Placement','Placement of an item',
  #5388);
#5388 = NEXT_ASSEMBLY_USAGE_OCCURRENCE('141958','BALL_0075','',#5,#5335,
  $);
#5389 = PRODUCT_RELATED_PRODUCT_CATEGORY('part',$,(#5337));
#5390 = SHAPE_DEFINITION_REPRESENTATION(#5391,#5397);
#5391 = PRODUCT_DEFINITION_SHAPE('','',#5392);
#5392 = PRODUCT_DEFINITION('design','',#5393,#5396);
#5393 = PRODUCT_DEFINITION_FORMATION('','',#5394);
#5394 = PRODUCT('BALL_0076','BALL_0076','',(#5395));
#5395 = PRODUCT_CONTEXT('',#2,'mechanical');
#5396 = PRODUCT_DEFINITION_CONTEXT('part definition',#2,'design');
#5397 = ADVANCED_BREP_SHAPE_REPRESENTATION('',(#11,#5398),#5436);
#5398 = MANIFOLD_SOLID_BREP('',#5399);
#5399 = CLOSED_SHELL('',(#5400,#5427));
#5400 = ADVANCED_FACE('',(#5401),#5422,.T.);
#5401 = FACE_BOUND('',#5402,.T.);
#5402 = EDGE_LOOP('',(#5403,#5412,#5421));
#5403 = ORIENTED_EDGE('',*,*,#5404,.T.);
#5404 = EDGE_CURVE('',#5405,#5405,#5407,.T.);
#5405 = VERTEX_POINT('',#5406);
#5406 = CARTESIAN_POINT('',(-3.6,0.243199999999,-6.053399999999));
#5407 = CIRCLE('',#5408,0.121600000001);
#5408 = AXIS2_PLACEMENT_3D('',#5409,#5410,#5411);
#5409 = CARTESIAN_POINT('',(-3.6,0.243199999999,-6.175));
#5410 = DIRECTION('',(-5.551115123126E-17,-1.,0.));
#5411 = DIRECTION('',(6.108492277512E-29,-3.390894386119E-45,1.));
#5412 = ORIENTED_EDGE('',*,*,#5413,.T.);
#5413 = EDGE_CURVE('',#5405,#5414,#5416,.T.);
#5414 = VERTEX_POINT('',#5415);
#5415 = CARTESIAN_POINT('',(-3.6,1.334880397544E-13,-6.175));
#5416 = CIRCLE('',#5417,0.152);
#5417 = AXIS2_PLACEMENT_3D('',#5418,#5419,#5420);
#5418 = CARTESIAN_POINT('',(-3.6,0.152,-6.175));
#5419 = DIRECTION('',(1.,-1.110223024625E-16,-5.551115123126E-17));
#5420 = DIRECTION('',(1.110223024625E-16,1.,5.551115123126E-17));
#5421 = ORIENTED_EDGE('',*,*,#5413,.F.);
#5422 = SPHERICAL_SURFACE('',#5423,0.152);
#5423 = AXIS2_PLACEMENT_3D('',#5424,#5425,#5426);
#5424 = CARTESIAN_POINT('',(-3.6,0.152,-6.175));
#5425 = DIRECTION('',(-5.551115123126E-17,-1.,-0.));
#5426 = DIRECTION('',(5.463066675185E-29,-3.032611203926E-45,1.));
#5427 = ADVANCED_FACE('',(#5428),#5431,.F.);
#5428 = FACE_BOUND('',#5429,.F.);
#5429 = EDGE_LOOP('',(#5430));
#5430 = ORIENTED_EDGE('',*,*,#5404,.T.);
#5431 = PLANE('',#5432);
#5432 = AXIS2_PLACEMENT_3D('',#5433,#5434,#5435);
#5433 = CARTESIAN_POINT('',(-3.6,0.2432,-6.175));
#5434 = DIRECTION('',(-5.551115123126E-17,-1.,-0.));
#5435 = DIRECTION('',(6.10849227756E-29,-3.390894386146E-45,1.));
#5436 = ( GEOMETRIC_REPRESENTATION_CONTEXT(3) 
GLOBAL_UNCERTAINTY_ASSIGNED_CONTEXT((#5440)) 
GLOBAL_UNIT_ASSIGNED_CONTEXT((#5437,#5438,#5439)) REPRESENTATION_CONTEXT
('Context #1','3D Context with UNIT and UNCERTAINTY') );
#5437 = ( LENGTH_UNIT() NAMED_UNIT(*) SI_UNIT(.MILLI.,.METRE.) );
#5438 = ( NAMED_UNIT(*) PLANE_ANGLE_UNIT() SI_UNIT($,.RADIAN.) );
#5439 = ( NAMED_UNIT(*) SI_UNIT($,.STERADIAN.) SOLID_ANGLE_UNIT() );
#5440 = UNCERTAINTY_MEASURE_WITH_UNIT(LENGTH_MEASURE(1.E-07),#5437,
  'distance_accuracy_value','confusion accuracy');
#5441 = CONTEXT_DEPENDENT_SHAPE_REPRESENTATION(#5442,#5444);
#5442 = ( REPRESENTATION_RELATIONSHIP('','',#5397,#10) 
REPRESENTATION_RELATIONSHIP_WITH_TRANSFORMATION(#5443) 
SHAPE_REPRESENTATION_RELATIONSHIP() );
#5443 = ITEM_DEFINED_TRANSFORMATION('','',#11,#323);
#5444 = PRODUCT_DEFINITION_SHAPE('Placement','Placement of an item',
  #5445);
#5445 = NEXT_ASSEMBLY_USAGE_OCCURRENCE('141959','BALL_0076','',#5,#5392,
  $);
#5446 = PRODUCT_RELATED_PRODUCT_CATEGORY('part',$,(#5394));
#5447 = SHAPE_DEFINITION_REPRESENTATION(#5448,#5454);
#5448 = PRODUCT_DEFINITION_SHAPE('','',#5449);
#5449 = PRODUCT_DEFINITION('design','',#5450,#5453);
#5450 = PRODUCT_DEFINITION_FORMATION('','',#5451);
#5451 = PRODUCT('BALL_0077','BALL_0077','',(#5452));
#5452 = PRODUCT_CONTEXT('',#2,'mechanical');
#5453 = PRODUCT_DEFINITION_CONTEXT('part definition',#2,'design');
#5454 = ADVANCED_BREP_SHAPE_REPRESENTATION('',(#11,#5455),#5493);
#5455 = MANIFOLD_SOLID_BREP('',#5456);
#5456 = CLOSED_SHELL('',(#5457,#5484));
#5457 = ADVANCED_FACE('',(#5458),#5479,.T.);
#5458 = FACE_BOUND('',#5459,.T.);
#5459 = EDGE_LOOP('',(#5460,#5469,#5478));
#5460 = ORIENTED_EDGE('',*,*,#5461,.T.);
#5461 = EDGE_CURVE('',#5462,#5462,#5464,.T.);
#5462 = VERTEX_POINT('',#5463);
#5463 = CARTESIAN_POINT('',(-3.6,0.243199999999,-6.053399999999));
#5464 = CIRCLE('',#5465,0.121600000001);
#5465 = AXIS2_PLACEMENT_3D('',#5466,#5467,#5468);
#5466 = CARTESIAN_POINT('',(-3.6,0.243199999999,-6.175));
#5467 = DIRECTION('',(-5.551115123126E-17,-1.,0.));
#5468 = DIRECTION('',(6.108492277512E-29,-3.390894386119E-45,1.));
#5469 = ORIENTED_EDGE('',*,*,#5470,.T.);
#5470 = EDGE_CURVE('',#5462,#5471,#5473,.T.);
#5471 = VERTEX_POINT('',#5472);
#5472 = CARTESIAN_POINT('',(-3.6,1.334880397544E-13,-6.175));
#5473 = CIRCLE('',#5474,0.152);
#5474 = AXIS2_PLACEMENT_3D('',#5475,#5476,#5477);
#5475 = CARTESIAN_POINT('',(-3.6,0.152,-6.175));
#5476 = DIRECTION('',(1.,-1.110223024625E-16,-5.551115123126E-17));
#5477 = DIRECTION('',(1.110223024625E-16,1.,5.551115123126E-17));
#5478 = ORIENTED_EDGE('',*,*,#5470,.F.);
#5479 = SPHERICAL_SURFACE('',#5480,0.152);
#5480 = AXIS2_PLACEMENT_3D('',#5481,#5482,#5483);
#5481 = CARTESIAN_POINT('',(-3.6,0.152,-6.175));
#5482 = DIRECTION('',(-5.551115123126E-17,-1.,-0.));
#5483 = DIRECTION('',(5.463066675185E-29,-3.032611203926E-45,1.));
#5484 = ADVANCED_FACE('',(#5485),#5488,.F.);
#5485 = FACE_BOUND('',#5486,.F.);
#5486 = EDGE_LOOP('',(#5487));
#5487 = ORIENTED_EDGE('',*,*,#5461,.T.);
#5488 = PLANE('',#5489);
#5489 = AXIS2_PLACEMENT_3D('',#5490,#5491,#5492);
#5490 = CARTESIAN_POINT('',(-3.6,0.2432,-6.175));
#5491 = DIRECTION('',(-5.551115123126E-17,-1.,-0.));
#5492 = DIRECTION('',(6.10849227756E-29,-3.390894386146E-45,1.));
#5493 = ( GEOMETRIC_REPRESENTATION_CONTEXT(3) 
GLOBAL_UNCERTAINTY_ASSIGNED_CONTEXT((#5497)) 
GLOBAL_UNIT_ASSIGNED_CONTEXT((#5494,#5495,#5496)) REPRESENTATION_CONTEXT
('Context #1','3D Context with UNIT and UNCERTAINTY') );
#5494 = ( LENGTH_UNIT() NAMED_UNIT(*) SI_UNIT(.MILLI.,.METRE.) );
#5495 = ( NAMED_UNIT(*) PLANE_ANGLE_UNIT() SI_UNIT($,.RADIAN.) );
#5496 = ( NAMED_UNIT(*) SI_UNIT($,.STERADIAN.) SOLID_ANGLE_UNIT() );
#5497 = UNCERTAINTY_MEASURE_WITH_UNIT(LENGTH_MEASURE(1.E-07),#5494,
  'distance_accuracy_value','confusion accuracy');
#5498 = CONTEXT_DEPENDENT_SHAPE_REPRESENTATION(#5499,#5501);
#5499 = ( REPRESENTATION_RELATIONSHIP('','',#5454,#10) 
REPRESENTATION_RELATIONSHIP_WITH_TRANSFORMATION(#5500) 
SHAPE_REPRESENTATION_RELATIONSHIP() );
#5500 = ITEM_DEFINED_TRANSFORMATION('','',#11,#327);
#5501 = PRODUCT_DEFINITION_SHAPE('Placement','Placement of an item',
  #5502);
#5502 = NEXT_ASSEMBLY_USAGE_OCCURRENCE('141960','BALL_0077','',#5,#5449,
  $);
#5503 = PRODUCT_RELATED_PRODUCT_CATEGORY('part',$,(#5451));
#5504 = SHAPE_DEFINITION_REPRESENTATION(#5505,#5511);
#5505 = PRODUCT_DEFINITION_SHAPE('','',#5506);
#5506 = PRODUCT_DEFINITION('design','',#5507,#5510);
#5507 = PRODUCT_DEFINITION_FORMATION('','',#5508);
#5508 = PRODUCT('BALL_0078','BALL_0078','',(#5509));
#5509 = PRODUCT_CONTEXT('',#2,'mechanical');
#5510 = PRODUCT_DEFINITION_CONTEXT('part definition',#2,'design');
#5511 = ADVANCED_BREP_SHAPE_REPRESENTATION('',(#11,#5512),#5550);
#5512 = MANIFOLD_SOLID_BREP('',#5513);
#5513 = CLOSED_SHELL('',(#5514,#5541));
#5514 = ADVANCED_FACE('',(#5515),#5536,.T.);
#5515 = FACE_BOUND('',#5516,.T.);
#5516 = EDGE_LOOP('',(#5517,#5526,#5535));
#5517 = ORIENTED_EDGE('',*,*,#5518,.T.);
#5518 = EDGE_CURVE('',#5519,#5519,#5521,.T.);
#5519 = VERTEX_POINT('',#5520);
#5520 = CARTESIAN_POINT('',(-3.6,0.243199999999,-6.053399999999));
#5521 = CIRCLE('',#5522,0.121600000001);
#5522 = AXIS2_PLACEMENT_3D('',#5523,#5524,#5525);
#5523 = CARTESIAN_POINT('',(-3.6,0.243199999999,-6.175));
#5524 = DIRECTION('',(-5.551115123126E-17,-1.,0.));
#5525 = DIRECTION('',(6.108492277512E-29,-3.390894386119E-45,1.));
#5526 = ORIENTED_EDGE('',*,*,#5527,.T.);
#5527 = EDGE_CURVE('',#5519,#5528,#5530,.T.);
#5528 = VERTEX_POINT('',#5529);
#5529 = CARTESIAN_POINT('',(-3.6,1.334880397544E-13,-6.175));
#5530 = CIRCLE('',#5531,0.152);
#5531 = AXIS2_PLACEMENT_3D('',#5532,#5533,#5534);
#5532 = CARTESIAN_POINT('',(-3.6,0.152,-6.175));
#5533 = DIRECTION('',(1.,-1.110223024625E-16,-5.551115123126E-17));
#5534 = DIRECTION('',(1.110223024625E-16,1.,5.551115123126E-17));
#5535 = ORIENTED_EDGE('',*,*,#5527,.F.);
#5536 = SPHERICAL_SURFACE('',#5537,0.152);
#5537 = AXIS2_PLACEMENT_3D('',#5538,#5539,#5540);
#5538 = CARTESIAN_POINT('',(-3.6,0.152,-6.175));
#5539 = DIRECTION('',(-5.551115123126E-17,-1.,-0.));
#5540 = DIRECTION('',(5.463066675185E-29,-3.032611203926E-45,1.));
#5541 = ADVANCED_FACE('',(#5542),#5545,.F.);
#5542 = FACE_BOUND('',#5543,.F.);
#5543 = EDGE_LOOP('',(#5544));
#5544 = ORIENTED_EDGE('',*,*,#5518,.T.);
#5545 = PLANE('',#5546);
#5546 = AXIS2_PLACEMENT_3D('',#5547,#5548,#5549);
#5547 = CARTESIAN_POINT('',(-3.6,0.2432,-6.175));
#5548 = DIRECTION('',(-5.551115123126E-17,-1.,-0.));
#5549 = DIRECTION('',(6.10849227756E-29,-3.390894386146E-45,1.));
#5550 = ( GEOMETRIC_REPRESENTATION_CONTEXT(3) 
GLOBAL_UNCERTAINTY_ASSIGNED_CONTEXT((#5554)) 
GLOBAL_UNIT_ASSIGNED_CONTEXT((#5551,#5552,#5553)) REPRESENTATION_CONTEXT
('Context #1','3D Context with UNIT and UNCERTAINTY') );
#5551 = ( LENGTH_UNIT() NAMED_UNIT(*) SI_UNIT(.MILLI.,.METRE.) );
#5552 = ( NAMED_UNIT(*) PLANE_ANGLE_UNIT() SI_UNIT($,.RADIAN.) );
#5553 = ( NAMED_UNIT(*) SI_UNIT($,.STERADIAN.) SOLID_ANGLE_UNIT() );
#5554 = UNCERTAINTY_MEASURE_WITH_UNIT(LENGTH_MEASURE(1.E-07),#5551,
  'distance_accuracy_value','confusion accuracy');
#5555 = CONTEXT_DEPENDENT_SHAPE_REPRESENTATION(#5556,#5558);
#5556 = ( REPRESENTATION_RELATIONSHIP('','',#5511,#10) 
REPRESENTATION_RELATIONSHIP_WITH_TRANSFORMATION(#5557) 
SHAPE_REPRESENTATION_RELATIONSHIP() );
#5557 = ITEM_DEFINED_TRANSFORMATION('','',#11,#331);
#5558 = PRODUCT_DEFINITION_SHAPE('Placement','Placement of an item',
  #5559);
#5559 = NEXT_ASSEMBLY_USAGE_OCCURRENCE('141961','BALL_0078','',#5,#5506,
  $);
#5560 = PRODUCT_RELATED_PRODUCT_CATEGORY('part',$,(#5508));
#5561 = SHAPE_DEFINITION_REPRESENTATION(#5562,#5568);
#5562 = PRODUCT_DEFINITION_SHAPE('','',#5563);
#5563 = PRODUCT_DEFINITION('design','',#5564,#5567);
#5564 = PRODUCT_DEFINITION_FORMATION('','',#5565);
#5565 = PRODUCT('BALL_0079','BALL_0079','',(#5566));
#5566 = PRODUCT_CONTEXT('',#2,'mechanical');
#5567 = PRODUCT_DEFINITION_CONTEXT('part definition',#2,'design');
#5568 = ADVANCED_BREP_SHAPE_REPRESENTATION('',(#11,#5569),#5607);
#5569 = MANIFOLD_SOLID_BREP('',#5570);
#5570 = CLOSED_SHELL('',(#5571,#5598));
#5571 = ADVANCED_FACE('',(#5572),#5593,.T.);
#5572 = FACE_BOUND('',#5573,.T.);
#5573 = EDGE_LOOP('',(#5574,#5583,#5592));
#5574 = ORIENTED_EDGE('',*,*,#5575,.T.);
#5575 = EDGE_CURVE('',#5576,#5576,#5578,.T.);
#5576 = VERTEX_POINT('',#5577);
#5577 = CARTESIAN_POINT('',(-3.6,0.243199999999,-6.053399999999));
#5578 = CIRCLE('',#5579,0.121600000001);
#5579 = AXIS2_PLACEMENT_3D('',#5580,#5581,#5582);
#5580 = CARTESIAN_POINT('',(-3.6,0.243199999999,-6.175));
#5581 = DIRECTION('',(-5.551115123126E-17,-1.,0.));
#5582 = DIRECTION('',(6.108492277512E-29,-3.390894386119E-45,1.));
#5583 = ORIENTED_EDGE('',*,*,#5584,.T.);
#5584 = EDGE_CURVE('',#5576,#5585,#5587,.T.);
#5585 = VERTEX_POINT('',#5586);
#5586 = CARTESIAN_POINT('',(-3.6,1.334880397544E-13,-6.175));
#5587 = CIRCLE('',#5588,0.152);
#5588 = AXIS2_PLACEMENT_3D('',#5589,#5590,#5591);
#5589 = CARTESIAN_POINT('',(-3.6,0.152,-6.175));
#5590 = DIRECTION('',(1.,-1.110223024625E-16,-5.551115123126E-17));
#5591 = DIRECTION('',(1.110223024625E-16,1.,5.551115123126E-17));
#5592 = ORIENTED_EDGE('',*,*,#5584,.F.);
#5593 = SPHERICAL_SURFACE('',#5594,0.152);
#5594 = AXIS2_PLACEMENT_3D('',#5595,#5596,#5597);
#5595 = CARTESIAN_POINT('',(-3.6,0.152,-6.175));
#5596 = DIRECTION('',(-5.551115123126E-17,-1.,-0.));
#5597 = DIRECTION('',(5.463066675185E-29,-3.032611203926E-45,1.));
#5598 = ADVANCED_FACE('',(#5599),#5602,.F.);
#5599 = FACE_BOUND('',#5600,.F.);
#5600 = EDGE_LOOP('',(#5601));
#5601 = ORIENTED_EDGE('',*,*,#5575,.T.);
#5602 = PLANE('',#5603);
#5603 = AXIS2_PLACEMENT_3D('',#5604,#5605,#5606);
#5604 = CARTESIAN_POINT('',(-3.6,0.2432,-6.175));
#5605 = DIRECTION('',(-5.551115123126E-17,-1.,-0.));
#5606 = DIRECTION('',(6.10849227756E-29,-3.390894386146E-45,1.));
#5607 = ( GEOMETRIC_REPRESENTATION_CONTEXT(3) 
GLOBAL_UNCERTAINTY_ASSIGNED_CONTEXT((#5611)) 
GLOBAL_UNIT_ASSIGNED_CONTEXT((#5608,#5609,#5610)) REPRESENTATION_CONTEXT
('Context #1','3D Context with UNIT and UNCERTAINTY') );
#5608 = ( LENGTH_UNIT() NAMED_UNIT(*) SI_UNIT(.MILLI.,.METRE.) );
#5609 = ( NAMED_UNIT(*) PLANE_ANGLE_UNIT() SI_UNIT($,.RADIAN.) );
#5610 = ( NAMED_UNIT(*) SI_UNIT($,.STERADIAN.) SOLID_ANGLE_UNIT() );
#5611 = UNCERTAINTY_MEASURE_WITH_UNIT(LENGTH_MEASURE(1.E-07),#5608,
  'distance_accuracy_value','confusion accuracy');
#5612 = CONTEXT_DEPENDENT_SHAPE_REPRESENTATION(#5613,#5615);
#5613 = ( REPRESENTATION_RELATIONSHIP('','',#5568,#10) 
REPRESENTATION_RELATIONSHIP_WITH_TRANSFORMATION(#5614) 
SHAPE_REPRESENTATION_RELATIONSHIP() );
#5614 = ITEM_DEFINED_TRANSFORMATION('','',#11,#335);
#5615 = PRODUCT_DEFINITION_SHAPE('Placement','Placement of an item',
  #5616);
#5616 = NEXT_ASSEMBLY_USAGE_OCCURRENCE('141962','BALL_0079','',#5,#5563,
  $);
#5617 = PRODUCT_RELATED_PRODUCT_CATEGORY('part',$,(#5565));
#5618 = SHAPE_DEFINITION_REPRESENTATION(#5619,#5625);
#5619 = PRODUCT_DEFINITION_SHAPE('','',#5620);
#5620 = PRODUCT_DEFINITION('design','',#5621,#5624);
#5621 = PRODUCT_DEFINITION_FORMATION('','',#5622);
#5622 = PRODUCT('BALL_0080','BALL_0080','',(#5623));
#5623 = PRODUCT_CONTEXT('',#2,'mechanical');
#5624 = PRODUCT_DEFINITION_CONTEXT('part definition',#2,'design');
#5625 = ADVANCED_BREP_SHAPE_REPRESENTATION('',(#11,#5626),#5664);
#5626 = MANIFOLD_SOLID_BREP('',#5627);
#5627 = CLOSED_SHELL('',(#5628,#5655));
#5628 = ADVANCED_FACE('',(#5629),#5650,.T.);
#5629 = FACE_BOUND('',#5630,.T.);
#5630 = EDGE_LOOP('',(#5631,#5640,#5649));
#5631 = ORIENTED_EDGE('',*,*,#5632,.T.);
#5632 = EDGE_CURVE('',#5633,#5633,#5635,.T.);
#5633 = VERTEX_POINT('',#5634);
#5634 = CARTESIAN_POINT('',(-3.6,0.243199999999,-6.053399999999));
#5635 = CIRCLE('',#5636,0.121600000001);
#5636 = AXIS2_PLACEMENT_3D('',#5637,#5638,#5639);
#5637 = CARTESIAN_POINT('',(-3.6,0.243199999999,-6.175));
#5638 = DIRECTION('',(-5.551115123126E-17,-1.,0.));
#5639 = DIRECTION('',(6.108492277512E-29,-3.390894386119E-45,1.));
#5640 = ORIENTED_EDGE('',*,*,#5641,.T.);
#5641 = EDGE_CURVE('',#5633,#5642,#5644,.T.);
#5642 = VERTEX_POINT('',#5643);
#5643 = CARTESIAN_POINT('',(-3.6,1.334880397544E-13,-6.175));
#5644 = CIRCLE('',#5645,0.152);
#5645 = AXIS2_PLACEMENT_3D('',#5646,#5647,#5648);
#5646 = CARTESIAN_POINT('',(-3.6,0.152,-6.175));
#5647 = DIRECTION('',(1.,-1.110223024625E-16,-5.551115123126E-17));
#5648 = DIRECTION('',(1.110223024625E-16,1.,5.551115123126E-17));
#5649 = ORIENTED_EDGE('',*,*,#5641,.F.);
#5650 = SPHERICAL_SURFACE('',#5651,0.152);
#5651 = AXIS2_PLACEMENT_3D('',#5652,#5653,#5654);
#5652 = CARTESIAN_POINT('',(-3.6,0.152,-6.175));
#5653 = DIRECTION('',(-5.551115123126E-17,-1.,-0.));
#5654 = DIRECTION('',(5.463066675185E-29,-3.032611203926E-45,1.));
#5655 = ADVANCED_FACE('',(#5656),#5659,.F.);
#5656 = FACE_BOUND('',#5657,.F.);
#5657 = EDGE_LOOP('',(#5658));
#5658 = ORIENTED_EDGE('',*,*,#5632,.T.);
#5659 = PLANE('',#5660);
#5660 = AXIS2_PLACEMENT_3D('',#5661,#5662,#5663);
#5661 = CARTESIAN_POINT('',(-3.6,0.2432,-6.175));
#5662 = DIRECTION('',(-5.551115123126E-17,-1.,-0.));
#5663 = DIRECTION('',(6.10849227756E-29,-3.390894386146E-45,1.));
#5664 = ( GEOMETRIC_REPRESENTATION_CONTEXT(3) 
GLOBAL_UNCERTAINTY_ASSIGNED_CONTEXT((#5668)) 
GLOBAL_UNIT_ASSIGNED_CONTEXT((#5665,#5666,#5667)) REPRESENTATION_CONTEXT
('Context #1','3D Context with UNIT and UNCERTAINTY') );
#5665 = ( LENGTH_UNIT() NAMED_UNIT(*) SI_UNIT(.MILLI.,.METRE.) );
#5666 = ( NAMED_UNIT(*) PLANE_ANGLE_UNIT() SI_UNIT($,.RADIAN.) );
#5667 = ( NAMED_UNIT(*) SI_UNIT($,.STERADIAN.) SOLID_ANGLE_UNIT() );
#5668 = UNCERTAINTY_MEASURE_WITH_UNIT(LENGTH_MEASURE(1.E-07),#5665,
  'distance_accuracy_value','confusion accuracy');
#5669 = CONTEXT_DEPENDENT_SHAPE_REPRESENTATION(#5670,#5672);
#5670 = ( REPRESENTATION_RELATIONSHIP('','',#5625,#10) 
REPRESENTATION_RELATIONSHIP_WITH_TRANSFORMATION(#5671) 
SHAPE_REPRESENTATION_RELATIONSHIP() );
#5671 = ITEM_DEFINED_TRANSFORMATION('','',#11,#339);
#5672 = PRODUCT_DEFINITION_SHAPE('Placement','Placement of an item',
  #5673);
#5673 = NEXT_ASSEMBLY_USAGE_OCCURRENCE('141963','BALL_0080','',#5,#5620,
  $);
#5674 = PRODUCT_RELATED_PRODUCT_CATEGORY('part',$,(#5622));
#5675 = SHAPE_DEFINITION_REPRESENTATION(#5676,#5682);
#5676 = PRODUCT_DEFINITION_SHAPE('','',#5677);
#5677 = PRODUCT_DEFINITION('design','',#5678,#5681);
#5678 = PRODUCT_DEFINITION_FORMATION('','',#5679);
#5679 = PRODUCT('BALL_0081','BALL_0081','',(#5680));
#5680 = PRODUCT_CONTEXT('',#2,'mechanical');
#5681 = PRODUCT_DEFINITION_CONTEXT('part definition',#2,'design');
#5682 = ADVANCED_BREP_SHAPE_REPRESENTATION('',(#11,#5683),#5721);
#5683 = MANIFOLD_SOLID_BREP('',#5684);
#5684 = CLOSED_SHELL('',(#5685,#5712));
#5685 = ADVANCED_FACE('',(#5686),#5707,.T.);
#5686 = FACE_BOUND('',#5687,.T.);
#5687 = EDGE_LOOP('',(#5688,#5697,#5706));
#5688 = ORIENTED_EDGE('',*,*,#5689,.T.);
#5689 = EDGE_CURVE('',#5690,#5690,#5692,.T.);
#5690 = VERTEX_POINT('',#5691);
#5691 = CARTESIAN_POINT('',(-3.6,0.243199999999,-6.053399999999));
#5692 = CIRCLE('',#5693,0.121600000001);
#5693 = AXIS2_PLACEMENT_3D('',#5694,#5695,#5696);
#5694 = CARTESIAN_POINT('',(-3.6,0.243199999999,-6.175));
#5695 = DIRECTION('',(-5.551115123126E-17,-1.,0.));
#5696 = DIRECTION('',(6.108492277512E-29,-3.390894386119E-45,1.));
#5697 = ORIENTED_EDGE('',*,*,#5698,.T.);
#5698 = EDGE_CURVE('',#5690,#5699,#5701,.T.);
#5699 = VERTEX_POINT('',#5700);
#5700 = CARTESIAN_POINT('',(-3.6,1.334880397544E-13,-6.175));
#5701 = CIRCLE('',#5702,0.152);
#5702 = AXIS2_PLACEMENT_3D('',#5703,#5704,#5705);
#5703 = CARTESIAN_POINT('',(-3.6,0.152,-6.175));
#5704 = DIRECTION('',(1.,-1.110223024625E-16,-5.551115123126E-17));
#5705 = DIRECTION('',(1.110223024625E-16,1.,5.551115123126E-17));
#5706 = ORIENTED_EDGE('',*,*,#5698,.F.);
#5707 = SPHERICAL_SURFACE('',#5708,0.152);
#5708 = AXIS2_PLACEMENT_3D('',#5709,#5710,#5711);
#5709 = CARTESIAN_POINT('',(-3.6,0.152,-6.175));
#5710 = DIRECTION('',(-5.551115123126E-17,-1.,-0.));
#5711 = DIRECTION('',(5.463066675185E-29,-3.032611203926E-45,1.));
#5712 = ADVANCED_FACE('',(#5713),#5716,.F.);
#5713 = FACE_BOUND('',#5714,.F.);
#5714 = EDGE_LOOP('',(#5715));
#5715 = ORIENTED_EDGE('',*,*,#5689,.T.);
#5716 = PLANE('',#5717);
#5717 = AXIS2_PLACEMENT_3D('',#5718,#5719,#5720);
#5718 = CARTESIAN_POINT('',(-3.6,0.2432,-6.175));
#5719 = DIRECTION('',(-5.551115123126E-17,-1.,-0.));
#5720 = DIRECTION('',(6.10849227756E-29,-3.390894386146E-45,1.));
#5721 = ( GEOMETRIC_REPRESENTATION_CONTEXT(3) 
GLOBAL_UNCERTAINTY_ASSIGNED_CONTEXT((#5725)) 
GLOBAL_UNIT_ASSIGNED_CONTEXT((#5722,#5723,#5724)) REPRESENTATION_CONTEXT
('Context #1','3D Context with UNIT and UNCERTAINTY') );
#5722 = ( LENGTH_UNIT() NAMED_UNIT(*) SI_UNIT(.MILLI.,.METRE.) );
#5723 = ( NAMED_UNIT(*) PLANE_ANGLE_UNIT() SI_UNIT($,.RADIAN.) );
#5724 = ( NAMED_UNIT(*) SI_UNIT($,.STERADIAN.) SOLID_ANGLE_UNIT() );
#5725 = UNCERTAINTY_MEASURE_WITH_UNIT(LENGTH_MEASURE(1.E-07),#5722,
  'distance_accuracy_value','confusion accuracy');
#5726 = CONTEXT_DEPENDENT_SHAPE_REPRESENTATION(#5727,#5729);
#5727 = ( REPRESENTATION_RELATIONSHIP('','',#5682,#10) 
REPRESENTATION_RELATIONSHIP_WITH_TRANSFORMATION(#5728) 
SHAPE_REPRESENTATION_RELATIONSHIP() );
#5728 = ITEM_DEFINED_TRANSFORMATION('','',#11,#343);
#5729 = PRODUCT_DEFINITION_SHAPE('Placement','Placement of an item',
  #5730);
#5730 = NEXT_ASSEMBLY_USAGE_OCCURRENCE('141964','BALL_0081','',#5,#5677,
  $);
#5731 = PRODUCT_RELATED_PRODUCT_CATEGORY('part',$,(#5679));
#5732 = SHAPE_DEFINITION_REPRESENTATION(#5733,#5739);
#5733 = PRODUCT_DEFINITION_SHAPE('','',#5734);
#5734 = PRODUCT_DEFINITION('design','',#5735,#5738);
#5735 = PRODUCT_DEFINITION_FORMATION('','',#5736);
#5736 = PRODUCT('BALL_0082','BALL_0082','',(#5737));
#5737 = PRODUCT_CONTEXT('',#2,'mechanical');
#5738 = PRODUCT_DEFINITION_CONTEXT('part definition',#2,'design');
#5739 = ADVANCED_BREP_SHAPE_REPRESENTATION('',(#11,#5740),#5778);
#5740 = MANIFOLD_SOLID_BREP('',#5741);
#5741 = CLOSED_SHELL('',(#5742,#5769));
#5742 = ADVANCED_FACE('',(#5743),#5764,.T.);
#5743 = FACE_BOUND('',#5744,.T.);
#5744 = EDGE_LOOP('',(#5745,#5754,#5763));
#5745 = ORIENTED_EDGE('',*,*,#5746,.T.);
#5746 = EDGE_CURVE('',#5747,#5747,#5749,.T.);
#5747 = VERTEX_POINT('',#5748);
#5748 = CARTESIAN_POINT('',(-3.6,0.243199999999,-6.053399999999));
#5749 = CIRCLE('',#5750,0.121600000001);
#5750 = AXIS2_PLACEMENT_3D('',#5751,#5752,#5753);
#5751 = CARTESIAN_POINT('',(-3.6,0.243199999999,-6.175));
#5752 = DIRECTION('',(-5.551115123126E-17,-1.,0.));
#5753 = DIRECTION('',(6.108492277512E-29,-3.390894386119E-45,1.));
#5754 = ORIENTED_EDGE('',*,*,#5755,.T.);
#5755 = EDGE_CURVE('',#5747,#5756,#5758,.T.);
#5756 = VERTEX_POINT('',#5757);
#5757 = CARTESIAN_POINT('',(-3.6,1.334880397544E-13,-6.175));
#5758 = CIRCLE('',#5759,0.152);
#5759 = AXIS2_PLACEMENT_3D('',#5760,#5761,#5762);
#5760 = CARTESIAN_POINT('',(-3.6,0.152,-6.175));
#5761 = DIRECTION('',(1.,-1.110223024625E-16,-5.551115123126E-17));
#5762 = DIRECTION('',(1.110223024625E-16,1.,5.551115123126E-17));
#5763 = ORIENTED_EDGE('',*,*,#5755,.F.);
#5764 = SPHERICAL_SURFACE('',#5765,0.152);
#5765 = AXIS2_PLACEMENT_3D('',#5766,#5767,#5768);
#5766 = CARTESIAN_POINT('',(-3.6,0.152,-6.175));
#5767 = DIRECTION('',(-5.551115123126E-17,-1.,-0.));
#5768 = DIRECTION('',(5.463066675185E-29,-3.032611203926E-45,1.));
#5769 = ADVANCED_FACE('',(#5770),#5773,.F.);
#5770 = FACE_BOUND('',#5771,.F.);
#5771 = EDGE_LOOP('',(#5772));
#5772 = ORIENTED_EDGE('',*,*,#5746,.T.);
#5773 = PLANE('',#5774);
#5774 = AXIS2_PLACEMENT_3D('',#5775,#5776,#5777);
#5775 = CARTESIAN_POINT('',(-3.6,0.2432,-6.175));
#5776 = DIRECTION('',(-5.551115123126E-17,-1.,-0.));
#5777 = DIRECTION('',(6.10849227756E-29,-3.390894386146E-45,1.));
#5778 = ( GEOMETRIC_REPRESENTATION_CONTEXT(3) 
GLOBAL_UNCERTAINTY_ASSIGNED_CONTEXT((#5782)) 
GLOBAL_UNIT_ASSIGNED_CONTEXT((#5779,#5780,#5781)) REPRESENTATION_CONTEXT
('Context #1','3D Context with UNIT and UNCERTAINTY') );
#5779 = ( LENGTH_UNIT() NAMED_UNIT(*) SI_UNIT(.MILLI.,.METRE.) );
#5780 = ( NAMED_UNIT(*) PLANE_ANGLE_UNIT() SI_UNIT($,.RADIAN.) );
#5781 = ( NAMED_UNIT(*) SI_UNIT($,.STERADIAN.) SOLID_ANGLE_UNIT() );
#5782 = UNCERTAINTY_MEASURE_WITH_UNIT(LENGTH_MEASURE(1.E-07),#5779,
  'distance_accuracy_value','confusion accuracy');
#5783 = CONTEXT_DEPENDENT_SHAPE_REPRESENTATION(#5784,#5786);
#5784 = ( REPRESENTATION_RELATIONSHIP('','',#5739,#10) 
REPRESENTATION_RELATIONSHIP_WITH_TRANSFORMATION(#5785) 
SHAPE_REPRESENTATION_RELATIONSHIP() );
#5785 = ITEM_DEFINED_TRANSFORMATION('','',#11,#347);
#5786 = PRODUCT_DEFINITION_SHAPE('Placement','Placement of an item',
  #5787);
#5787 = NEXT_ASSEMBLY_USAGE_OCCURRENCE('141965','BALL_0082','',#5,#5734,
  $);
#5788 = PRODUCT_RELATED_PRODUCT_CATEGORY('part',$,(#5736));
#5789 = SHAPE_DEFINITION_REPRESENTATION(#5790,#5796);
#5790 = PRODUCT_DEFINITION_SHAPE('','',#5791);
#5791 = PRODUCT_DEFINITION('design','',#5792,#5795);
#5792 = PRODUCT_DEFINITION_FORMATION('','',#5793);
#5793 = PRODUCT('BALL_0083','BALL_0083','',(#5794));
#5794 = PRODUCT_CONTEXT('',#2,'mechanical');
#5795 = PRODUCT_DEFINITION_CONTEXT('part definition',#2,'design');
#5796 = ADVANCED_BREP_SHAPE_REPRESENTATION('',(#11,#5797),#5835);
#5797 = MANIFOLD_SOLID_BREP('',#5798);
#5798 = CLOSED_SHELL('',(#5799,#5826));
#5799 = ADVANCED_FACE('',(#5800),#5821,.T.);
#5800 = FACE_BOUND('',#5801,.T.);
#5801 = EDGE_LOOP('',(#5802,#5811,#5820));
#5802 = ORIENTED_EDGE('',*,*,#5803,.T.);
#5803 = EDGE_CURVE('',#5804,#5804,#5806,.T.);
#5804 = VERTEX_POINT('',#5805);
#5805 = CARTESIAN_POINT('',(-3.6,0.243199999999,-6.053399999999));
#5806 = CIRCLE('',#5807,0.121600000001);
#5807 = AXIS2_PLACEMENT_3D('',#5808,#5809,#5810);
#5808 = CARTESIAN_POINT('',(-3.6,0.243199999999,-6.175));
#5809 = DIRECTION('',(-5.551115123126E-17,-1.,0.));
#5810 = DIRECTION('',(6.108492277512E-29,-3.390894386119E-45,1.));
#5811 = ORIENTED_EDGE('',*,*,#5812,.T.);
#5812 = EDGE_CURVE('',#5804,#5813,#5815,.T.);
#5813 = VERTEX_POINT('',#5814);
#5814 = CARTESIAN_POINT('',(-3.6,1.334880397544E-13,-6.175));
#5815 = CIRCLE('',#5816,0.152);
#5816 = AXIS2_PLACEMENT_3D('',#5817,#5818,#5819);
#5817 = CARTESIAN_POINT('',(-3.6,0.152,-6.175));
#5818 = DIRECTION('',(1.,-1.110223024625E-16,-5.551115123126E-17));
#5819 = DIRECTION('',(1.110223024625E-16,1.,5.551115123126E-17));
#5820 = ORIENTED_EDGE('',*,*,#5812,.F.);
#5821 = SPHERICAL_SURFACE('',#5822,0.152);
#5822 = AXIS2_PLACEMENT_3D('',#5823,#5824,#5825);
#5823 = CARTESIAN_POINT('',(-3.6,0.152,-6.175));
#5824 = DIRECTION('',(-5.551115123126E-17,-1.,-0.));
#5825 = DIRECTION('',(5.463066675185E-29,-3.032611203926E-45,1.));
#5826 = ADVANCED_FACE('',(#5827),#5830,.F.);
#5827 = FACE_BOUND('',#5828,.F.);
#5828 = EDGE_LOOP('',(#5829));
#5829 = ORIENTED_EDGE('',*,*,#5803,.T.);
#5830 = PLANE('',#5831);
#5831 = AXIS2_PLACEMENT_3D('',#5832,#5833,#5834);
#5832 = CARTESIAN_POINT('',(-3.6,0.2432,-6.175));
#5833 = DIRECTION('',(-5.551115123126E-17,-1.,-0.));
#5834 = DIRECTION('',(6.10849227756E-29,-3.390894386146E-45,1.));
#5835 = ( GEOMETRIC_REPRESENTATION_CONTEXT(3) 
GLOBAL_UNCERTAINTY_ASSIGNED_CONTEXT((#5839)) 
GLOBAL_UNIT_ASSIGNED_CONTEXT((#5836,#5837,#5838)) REPRESENTATION_CONTEXT
('Context #1','3D Context with UNIT and UNCERTAINTY') );
#5836 = ( LENGTH_UNIT() NAMED_UNIT(*) SI_UNIT(.MILLI.,.METRE.) );
#5837 = ( NAMED_UNIT(*) PLANE_ANGLE_UNIT() SI_UNIT($,.RADIAN.) );
#5838 = ( NAMED_UNIT(*) SI_UNIT($,.STERADIAN.) SOLID_ANGLE_UNIT() );
#5839 = UNCERTAINTY_MEASURE_WITH_UNIT(LENGTH_MEASURE(1.E-07),#5836,
  'distance_accuracy_value','confusion accuracy');
#5840 = CONTEXT_DEPENDENT_SHAPE_REPRESENTATION(#5841,#5843);
#5841 = ( REPRESENTATION_RELATIONSHIP('','',#5796,#10) 
REPRESENTATION_RELATIONSHIP_WITH_TRANSFORMATION(#5842) 
SHAPE_REPRESENTATION_RELATIONSHIP() );
#5842 = ITEM_DEFINED_TRANSFORMATION('','',#11,#351);
#5843 = PRODUCT_DEFINITION_SHAPE('Placement','Placement of an item',
  #5844);
#5844 = NEXT_ASSEMBLY_USAGE_OCCURRENCE('141966','BALL_0083','',#5,#5791,
  $);
#5845 = PRODUCT_RELATED_PRODUCT_CATEGORY('part',$,(#5793));
#5846 = SHAPE_DEFINITION_REPRESENTATION(#5847,#5853);
#5847 = PRODUCT_DEFINITION_SHAPE('','',#5848);
#5848 = PRODUCT_DEFINITION('design','',#5849,#5852);
#5849 = PRODUCT_DEFINITION_FORMATION('','',#5850);
#5850 = PRODUCT('BALL_0084','BALL_0084','',(#5851));
#5851 = PRODUCT_CONTEXT('',#2,'mechanical');
#5852 = PRODUCT_DEFINITION_CONTEXT('part definition',#2,'design');
#5853 = ADVANCED_BREP_SHAPE_REPRESENTATION('',(#11,#5854),#5892);
#5854 = MANIFOLD_SOLID_BREP('',#5855);
#5855 = CLOSED_SHELL('',(#5856,#5883));
#5856 = ADVANCED_FACE('',(#5857),#5878,.T.);
#5857 = FACE_BOUND('',#5858,.T.);
#5858 = EDGE_LOOP('',(#5859,#5868,#5877));
#5859 = ORIENTED_EDGE('',*,*,#5860,.T.);
#5860 = EDGE_CURVE('',#5861,#5861,#5863,.T.);
#5861 = VERTEX_POINT('',#5862);
#5862 = CARTESIAN_POINT('',(-3.6,0.243199999999,-6.053399999999));
#5863 = CIRCLE('',#5864,0.121600000001);
#5864 = AXIS2_PLACEMENT_3D('',#5865,#5866,#5867);
#5865 = CARTESIAN_POINT('',(-3.6,0.243199999999,-6.175));
#5866 = DIRECTION('',(-5.551115123126E-17,-1.,0.));
#5867 = DIRECTION('',(6.108492277512E-29,-3.390894386119E-45,1.));
#5868 = ORIENTED_EDGE('',*,*,#5869,.T.);
#5869 = EDGE_CURVE('',#5861,#5870,#5872,.T.);
#5870 = VERTEX_POINT('',#5871);
#5871 = CARTESIAN_POINT('',(-3.6,1.334880397544E-13,-6.175));
#5872 = CIRCLE('',#5873,0.152);
#5873 = AXIS2_PLACEMENT_3D('',#5874,#5875,#5876);
#5874 = CARTESIAN_POINT('',(-3.6,0.152,-6.175));
#5875 = DIRECTION('',(1.,-1.110223024625E-16,-5.551115123126E-17));
#5876 = DIRECTION('',(1.110223024625E-16,1.,5.551115123126E-17));
#5877 = ORIENTED_EDGE('',*,*,#5869,.F.);
#5878 = SPHERICAL_SURFACE('',#5879,0.152);
#5879 = AXIS2_PLACEMENT_3D('',#5880,#5881,#5882);
#5880 = CARTESIAN_POINT('',(-3.6,0.152,-6.175));
#5881 = DIRECTION('',(-5.551115123126E-17,-1.,-0.));
#5882 = DIRECTION('',(5.463066675185E-29,-3.032611203926E-45,1.));
#5883 = ADVANCED_FACE('',(#5884),#5887,.F.);
#5884 = FACE_BOUND('',#5885,.F.);
#5885 = EDGE_LOOP('',(#5886));
#5886 = ORIENTED_EDGE('',*,*,#5860,.T.);
#5887 = PLANE('',#5888);
#5888 = AXIS2_PLACEMENT_3D('',#5889,#5890,#5891);
#5889 = CARTESIAN_POINT('',(-3.6,0.2432,-6.175));
#5890 = DIRECTION('',(-5.551115123126E-17,-1.,-0.));
#5891 = DIRECTION('',(6.10849227756E-29,-3.390894386146E-45,1.));
#5892 = ( GEOMETRIC_REPRESENTATION_CONTEXT(3) 
GLOBAL_UNCERTAINTY_ASSIGNED_CONTEXT((#5896)) 
GLOBAL_UNIT_ASSIGNED_CONTEXT((#5893,#5894,#5895)) REPRESENTATION_CONTEXT
('Context #1','3D Context with UNIT and UNCERTAINTY') );
#5893 = ( LENGTH_UNIT() NAMED_UNIT(*) SI_UNIT(.MILLI.,.METRE.) );
#5894 = ( NAMED_UNIT(*) PLANE_ANGLE_UNIT() SI_UNIT($,.RADIAN.) );
#5895 = ( NAMED_UNIT(*) SI_UNIT($,.STERADIAN.) SOLID_ANGLE_UNIT() );
#5896 = UNCERTAINTY_MEASURE_WITH_UNIT(LENGTH_MEASURE(1.E-07),#5893,
  'distance_accuracy_value','confusion accuracy');
#5897 = CONTEXT_DEPENDENT_SHAPE_REPRESENTATION(#5898,#5900);
#5898 = ( REPRESENTATION_RELATIONSHIP('','',#5853,#10) 
REPRESENTATION_RELATIONSHIP_WITH_TRANSFORMATION(#5899) 
SHAPE_REPRESENTATION_RELATIONSHIP() );
#5899 = ITEM_DEFINED_TRANSFORMATION('','',#11,#355);
#5900 = PRODUCT_DEFINITION_SHAPE('Placement','Placement of an item',
  #5901);
#5901 = NEXT_ASSEMBLY_USAGE_OCCURRENCE('141967','BALL_0084','',#5,#5848,
  $);
#5902 = PRODUCT_RELATED_PRODUCT_CATEGORY('part',$,(#5850));
#5903 = SHAPE_DEFINITION_REPRESENTATION(#5904,#5910);
#5904 = PRODUCT_DEFINITION_SHAPE('','',#5905);
#5905 = PRODUCT_DEFINITION('design','',#5906,#5909);
#5906 = PRODUCT_DEFINITION_FORMATION('','',#5907);
#5907 = PRODUCT('BALL_0085','BALL_0085','',(#5908));
#5908 = PRODUCT_CONTEXT('',#2,'mechanical');
#5909 = PRODUCT_DEFINITION_CONTEXT('part definition',#2,'design');
#5910 = ADVANCED_BREP_SHAPE_REPRESENTATION('',(#11,#5911),#5949);
#5911 = MANIFOLD_SOLID_BREP('',#5912);
#5912 = CLOSED_SHELL('',(#5913,#5940));
#5913 = ADVANCED_FACE('',(#5914),#5935,.T.);
#5914 = FACE_BOUND('',#5915,.T.);
#5915 = EDGE_LOOP('',(#5916,#5925,#5934));
#5916 = ORIENTED_EDGE('',*,*,#5917,.T.);
#5917 = EDGE_CURVE('',#5918,#5918,#5920,.T.);
#5918 = VERTEX_POINT('',#5919);
#5919 = CARTESIAN_POINT('',(-3.6,0.243199999999,-6.053399999999));
#5920 = CIRCLE('',#5921,0.121600000001);
#5921 = AXIS2_PLACEMENT_3D('',#5922,#5923,#5924);
#5922 = CARTESIAN_POINT('',(-3.6,0.243199999999,-6.175));
#5923 = DIRECTION('',(-5.551115123126E-17,-1.,0.));
#5924 = DIRECTION('',(6.108492277512E-29,-3.390894386119E-45,1.));
#5925 = ORIENTED_EDGE('',*,*,#5926,.T.);
#5926 = EDGE_CURVE('',#5918,#5927,#5929,.T.);
#5927 = VERTEX_POINT('',#5928);
#5928 = CARTESIAN_POINT('',(-3.6,1.334880397544E-13,-6.175));
#5929 = CIRCLE('',#5930,0.152);
#5930 = AXIS2_PLACEMENT_3D('',#5931,#5932,#5933);
#5931 = CARTESIAN_POINT('',(-3.6,0.152,-6.175));
#5932 = DIRECTION('',(1.,-1.110223024625E-16,-5.551115123126E-17));
#5933 = DIRECTION('',(1.110223024625E-16,1.,5.551115123126E-17));
#5934 = ORIENTED_EDGE('',*,*,#5926,.F.);
#5935 = SPHERICAL_SURFACE('',#5936,0.152);
#5936 = AXIS2_PLACEMENT_3D('',#5937,#5938,#5939);
#5937 = CARTESIAN_POINT('',(-3.6,0.152,-6.175));
#5938 = DIRECTION('',(-5.551115123126E-17,-1.,-0.));
#5939 = DIRECTION('',(5.463066675185E-29,-3.032611203926E-45,1.));
#5940 = ADVANCED_FACE('',(#5941),#5944,.F.);
#5941 = FACE_BOUND('',#5942,.F.);
#5942 = EDGE_LOOP('',(#5943));
#5943 = ORIENTED_EDGE('',*,*,#5917,.T.);
#5944 = PLANE('',#5945);
#5945 = AXIS2_PLACEMENT_3D('',#5946,#5947,#5948);
#5946 = CARTESIAN_POINT('',(-3.6,0.2432,-6.175));
#5947 = DIRECTION('',(-5.551115123126E-17,-1.,-0.));
#5948 = DIRECTION('',(6.10849227756E-29,-3.390894386146E-45,1.));
#5949 = ( GEOMETRIC_REPRESENTATION_CONTEXT(3) 
GLOBAL_UNCERTAINTY_ASSIGNED_CONTEXT((#5953)) 
GLOBAL_UNIT_ASSIGNED_CONTEXT((#5950,#5951,#5952)) REPRESENTATION_CONTEXT
('Context #1','3D Context with UNIT and UNCERTAINTY') );
#5950 = ( LENGTH_UNIT() NAMED_UNIT(*) SI_UNIT(.MILLI.,.METRE.) );
#5951 = ( NAMED_UNIT(*) PLANE_ANGLE_UNIT() SI_UNIT($,.RADIAN.) );
#5952 = ( NAMED_UNIT(*) SI_UNIT($,.STERADIAN.) SOLID_ANGLE_UNIT() );
#5953 = UNCERTAINTY_MEASURE_WITH_UNIT(LENGTH_MEASURE(1.E-07),#5950,
  'distance_accuracy_value','confusion accuracy');
#5954 = CONTEXT_DEPENDENT_SHAPE_REPRESENTATION(#5955,#5957);
#5955 = ( REPRESENTATION_RELATIONSHIP('','',#5910,#10) 
REPRESENTATION_RELATIONSHIP_WITH_TRANSFORMATION(#5956) 
SHAPE_REPRESENTATION_RELATIONSHIP() );
#5956 = ITEM_DEFINED_TRANSFORMATION('','',#11,#359);
#5957 = PRODUCT_DEFINITION_SHAPE('Placement','Placement of an item',
  #5958);
#5958 = NEXT_ASSEMBLY_USAGE_OCCURRENCE('141968','BALL_0085','',#5,#5905,
  $);
#5959 = PRODUCT_RELATED_PRODUCT_CATEGORY('part',$,(#5907));
#5960 = SHAPE_DEFINITION_REPRESENTATION(#5961,#5967);
#5961 = PRODUCT_DEFINITION_SHAPE('','',#5962);
#5962 = PRODUCT_DEFINITION('design','',#5963,#5966);
#5963 = PRODUCT_DEFINITION_FORMATION('','',#5964);
#5964 = PRODUCT('BALL_0086','BALL_0086','',(#5965));
#5965 = PRODUCT_CONTEXT('',#2,'mechanical');
#5966 = PRODUCT_DEFINITION_CONTEXT('part definition',#2,'design');
#5967 = ADVANCED_BREP_SHAPE_REPRESENTATION('',(#11,#5968),#6006);
#5968 = MANIFOLD_SOLID_BREP('',#5969);
#5969 = CLOSED_SHELL('',(#5970,#5997));
#5970 = ADVANCED_FACE('',(#5971),#5992,.T.);
#5971 = FACE_BOUND('',#5972,.T.);
#5972 = EDGE_LOOP('',(#5973,#5982,#5991));
#5973 = ORIENTED_EDGE('',*,*,#5974,.T.);
#5974 = EDGE_CURVE('',#5975,#5975,#5977,.T.);
#5975 = VERTEX_POINT('',#5976);
#5976 = CARTESIAN_POINT('',(-3.6,0.243199999999,-6.053399999999));
#5977 = CIRCLE('',#5978,0.121600000001);
#5978 = AXIS2_PLACEMENT_3D('',#5979,#5980,#5981);
#5979 = CARTESIAN_POINT('',(-3.6,0.243199999999,-6.175));
#5980 = DIRECTION('',(-5.551115123126E-17,-1.,0.));
#5981 = DIRECTION('',(6.108492277512E-29,-3.390894386119E-45,1.));
#5982 = ORIENTED_EDGE('',*,*,#5983,.T.);
#5983 = EDGE_CURVE('',#5975,#5984,#5986,.T.);
#5984 = VERTEX_POINT('',#5985);
#5985 = CARTESIAN_POINT('',(-3.6,1.334880397544E-13,-6.175));
#5986 = CIRCLE('',#5987,0.152);
#5987 = AXIS2_PLACEMENT_3D('',#5988,#5989,#5990);
#5988 = CARTESIAN_POINT('',(-3.6,0.152,-6.175));
#5989 = DIRECTION('',(1.,-1.110223024625E-16,-5.551115123126E-17));
#5990 = DIRECTION('',(1.110223024625E-16,1.,5.551115123126E-17));
#5991 = ORIENTED_EDGE('',*,*,#5983,.F.);
#5992 = SPHERICAL_SURFACE('',#5993,0.152);
#5993 = AXIS2_PLACEMENT_3D('',#5994,#5995,#5996);
#5994 = CARTESIAN_POINT('',(-3.6,0.152,-6.175));
#5995 = DIRECTION('',(-5.551115123126E-17,-1.,-0.));
#5996 = DIRECTION('',(5.463066675185E-29,-3.032611203926E-45,1.));
#5997 = ADVANCED_FACE('',(#5998),#6001,.F.);
#5998 = FACE_BOUND('',#5999,.F.);
#5999 = EDGE_LOOP('',(#6000));
#6000 = ORIENTED_EDGE('',*,*,#5974,.T.);
#6001 = PLANE('',#6002);
#6002 = AXIS2_PLACEMENT_3D('',#6003,#6004,#6005);
#6003 = CARTESIAN_POINT('',(-3.6,0.2432,-6.175));
#6004 = DIRECTION('',(-5.551115123126E-17,-1.,-0.));
#6005 = DIRECTION('',(6.10849227756E-29,-3.390894386146E-45,1.));
#6006 = ( GEOMETRIC_REPRESENTATION_CONTEXT(3) 
GLOBAL_UNCERTAINTY_ASSIGNED_CONTEXT((#6010)) 
GLOBAL_UNIT_ASSIGNED_CONTEXT((#6007,#6008,#6009)) REPRESENTATION_CONTEXT
('Context #1','3D Context with UNIT and UNCERTAINTY') );
#6007 = ( LENGTH_UNIT() NAMED_UNIT(*) SI_UNIT(.MILLI.,.METRE.) );
#6008 = ( NAMED_UNIT(*) PLANE_ANGLE_UNIT() SI_UNIT($,.RADIAN.) );
#6009 = ( NAMED_UNIT(*) SI_UNIT($,.STERADIAN.) SOLID_ANGLE_UNIT() );
#6010 = UNCERTAINTY_MEASURE_WITH_UNIT(LENGTH_MEASURE(1.E-07),#6007,
  'distance_accuracy_value','confusion accuracy');
#6011 = CONTEXT_DEPENDENT_SHAPE_REPRESENTATION(#6012,#6014);
#6012 = ( REPRESENTATION_RELATIONSHIP('','',#5967,#10) 
REPRESENTATION_RELATIONSHIP_WITH_TRANSFORMATION(#6013) 
SHAPE_REPRESENTATION_RELATIONSHIP() );
#6013 = ITEM_DEFINED_TRANSFORMATION('','',#11,#363);
#6014 = PRODUCT_DEFINITION_SHAPE('Placement','Placement of an item',
  #6015);
#6015 = NEXT_ASSEMBLY_USAGE_OCCURRENCE('141969','BALL_0086','',#5,#5962,
  $);
#6016 = PRODUCT_RELATED_PRODUCT_CATEGORY('part',$,(#5964));
#6017 = SHAPE_DEFINITION_REPRESENTATION(#6018,#6024);
#6018 = PRODUCT_DEFINITION_SHAPE('','',#6019);
#6019 = PRODUCT_DEFINITION('design','',#6020,#6023);
#6020 = PRODUCT_DEFINITION_FORMATION('','',#6021);
#6021 = PRODUCT('BALL_0087','BALL_0087','',(#6022));
#6022 = PRODUCT_CONTEXT('',#2,'mechanical');
#6023 = PRODUCT_DEFINITION_CONTEXT('part definition',#2,'design');
#6024 = ADVANCED_BREP_SHAPE_REPRESENTATION('',(#11,#6025),#6063);
#6025 = MANIFOLD_SOLID_BREP('',#6026);
#6026 = CLOSED_SHELL('',(#6027,#6054));
#6027 = ADVANCED_FACE('',(#6028),#6049,.T.);
#6028 = FACE_BOUND('',#6029,.T.);
#6029 = EDGE_LOOP('',(#6030,#6039,#6048));
#6030 = ORIENTED_EDGE('',*,*,#6031,.T.);
#6031 = EDGE_CURVE('',#6032,#6032,#6034,.T.);
#6032 = VERTEX_POINT('',#6033);
#6033 = CARTESIAN_POINT('',(-3.6,0.243199999999,-6.053399999999));
#6034 = CIRCLE('',#6035,0.121600000001);
#6035 = AXIS2_PLACEMENT_3D('',#6036,#6037,#6038);
#6036 = CARTESIAN_POINT('',(-3.6,0.243199999999,-6.175));
#6037 = DIRECTION('',(-5.551115123126E-17,-1.,0.));
#6038 = DIRECTION('',(6.108492277512E-29,-3.390894386119E-45,1.));
#6039 = ORIENTED_EDGE('',*,*,#6040,.T.);
#6040 = EDGE_CURVE('',#6032,#6041,#6043,.T.);
#6041 = VERTEX_POINT('',#6042);
#6042 = CARTESIAN_POINT('',(-3.6,1.334880397544E-13,-6.175));
#6043 = CIRCLE('',#6044,0.152);
#6044 = AXIS2_PLACEMENT_3D('',#6045,#6046,#6047);
#6045 = CARTESIAN_POINT('',(-3.6,0.152,-6.175));
#6046 = DIRECTION('',(1.,-1.110223024625E-16,-5.551115123126E-17));
#6047 = DIRECTION('',(1.110223024625E-16,1.,5.551115123126E-17));
#6048 = ORIENTED_EDGE('',*,*,#6040,.F.);
#6049 = SPHERICAL_SURFACE('',#6050,0.152);
#6050 = AXIS2_PLACEMENT_3D('',#6051,#6052,#6053);
#6051 = CARTESIAN_POINT('',(-3.6,0.152,-6.175));
#6052 = DIRECTION('',(-5.551115123126E-17,-1.,-0.));
#6053 = DIRECTION('',(5.463066675185E-29,-3.032611203926E-45,1.));
#6054 = ADVANCED_FACE('',(#6055),#6058,.F.);
#6055 = FACE_BOUND('',#6056,.F.);
#6056 = EDGE_LOOP('',(#6057));
#6057 = ORIENTED_EDGE('',*,*,#6031,.T.);
#6058 = PLANE('',#6059);
#6059 = AXIS2_PLACEMENT_3D('',#6060,#6061,#6062);
#6060 = CARTESIAN_POINT('',(-3.6,0.2432,-6.175));
#6061 = DIRECTION('',(-5.551115123126E-17,-1.,-0.));
#6062 = DIRECTION('',(6.10849227756E-29,-3.390894386146E-45,1.));
#6063 = ( GEOMETRIC_REPRESENTATION_CONTEXT(3) 
GLOBAL_UNCERTAINTY_ASSIGNED_CONTEXT((#6067)) 
GLOBAL_UNIT_ASSIGNED_CONTEXT((#6064,#6065,#6066)) REPRESENTATION_CONTEXT
('Context #1','3D Context with UNIT and UNCERTAINTY') );
#6064 = ( LENGTH_UNIT() NAMED_UNIT(*) SI_UNIT(.MILLI.,.METRE.) );
#6065 = ( NAMED_UNIT(*) PLANE_ANGLE_UNIT() SI_UNIT($,.RADIAN.) );
#6066 = ( NAMED_UNIT(*) SI_UNIT($,.STERADIAN.) SOLID_ANGLE_UNIT() );
#6067 = UNCERTAINTY_MEASURE_WITH_UNIT(LENGTH_MEASURE(1.E-07),#6064,
  'distance_accuracy_value','confusion accuracy');
#6068 = CONTEXT_DEPENDENT_SHAPE_REPRESENTATION(#6069,#6071);
#6069 = ( REPRESENTATION_RELATIONSHIP('','',#6024,#10) 
REPRESENTATION_RELATIONSHIP_WITH_TRANSFORMATION(#6070) 
SHAPE_REPRESENTATION_RELATIONSHIP() );
#6070 = ITEM_DEFINED_TRANSFORMATION('','',#11,#367);
#6071 = PRODUCT_DEFINITION_SHAPE('Placement','Placement of an item',
  #6072);
#6072 = NEXT_ASSEMBLY_USAGE_OCCURRENCE('141970','BALL_0087','',#5,#6019,
  $);
#6073 = PRODUCT_RELATED_PRODUCT_CATEGORY('part',$,(#6021));
#6074 = SHAPE_DEFINITION_REPRESENTATION(#6075,#6081);
#6075 = PRODUCT_DEFINITION_SHAPE('','',#6076);
#6076 = PRODUCT_DEFINITION('design','',#6077,#6080);
#6077 = PRODUCT_DEFINITION_FORMATION('','',#6078);
#6078 = PRODUCT('BALL_0088','BALL_0088','',(#6079));
#6079 = PRODUCT_CONTEXT('',#2,'mechanical');
#6080 = PRODUCT_DEFINITION_CONTEXT('part definition',#2,'design');
#6081 = ADVANCED_BREP_SHAPE_REPRESENTATION('',(#11,#6082),#6120);
#6082 = MANIFOLD_SOLID_BREP('',#6083);
#6083 = CLOSED_SHELL('',(#6084,#6111));
#6084 = ADVANCED_FACE('',(#6085),#6106,.T.);
#6085 = FACE_BOUND('',#6086,.T.);
#6086 = EDGE_LOOP('',(#6087,#6096,#6105));
#6087 = ORIENTED_EDGE('',*,*,#6088,.T.);
#6088 = EDGE_CURVE('',#6089,#6089,#6091,.T.);
#6089 = VERTEX_POINT('',#6090);
#6090 = CARTESIAN_POINT('',(-3.6,0.243199999999,-6.053399999999));
#6091 = CIRCLE('',#6092,0.121600000001);
#6092 = AXIS2_PLACEMENT_3D('',#6093,#6094,#6095);
#6093 = CARTESIAN_POINT('',(-3.6,0.243199999999,-6.175));
#6094 = DIRECTION('',(-5.551115123126E-17,-1.,0.));
#6095 = DIRECTION('',(6.108492277512E-29,-3.390894386119E-45,1.));
#6096 = ORIENTED_EDGE('',*,*,#6097,.T.);
#6097 = EDGE_CURVE('',#6089,#6098,#6100,.T.);
#6098 = VERTEX_POINT('',#6099);
#6099 = CARTESIAN_POINT('',(-3.6,1.334880397544E-13,-6.175));
#6100 = CIRCLE('',#6101,0.152);
#6101 = AXIS2_PLACEMENT_3D('',#6102,#6103,#6104);
#6102 = CARTESIAN_POINT('',(-3.6,0.152,-6.175));
#6103 = DIRECTION('',(1.,-1.110223024625E-16,-5.551115123126E-17));
#6104 = DIRECTION('',(1.110223024625E-16,1.,5.551115123126E-17));
#6105 = ORIENTED_EDGE('',*,*,#6097,.F.);
#6106 = SPHERICAL_SURFACE('',#6107,0.152);
#6107 = AXIS2_PLACEMENT_3D('',#6108,#6109,#6110);
#6108 = CARTESIAN_POINT('',(-3.6,0.152,-6.175));
#6109 = DIRECTION('',(-5.551115123126E-17,-1.,-0.));
#6110 = DIRECTION('',(5.463066675185E-29,-3.032611203926E-45,1.));
#6111 = ADVANCED_FACE('',(#6112),#6115,.F.);
#6112 = FACE_BOUND('',#6113,.F.);
#6113 = EDGE_LOOP('',(#6114));
#6114 = ORIENTED_EDGE('',*,*,#6088,.T.);
#6115 = PLANE('',#6116);
#6116 = AXIS2_PLACEMENT_3D('',#6117,#6118,#6119);
#6117 = CARTESIAN_POINT('',(-3.6,0.2432,-6.175));
#6118 = DIRECTION('',(-5.551115123126E-17,-1.,-0.));
#6119 = DIRECTION('',(6.10849227756E-29,-3.390894386146E-45,1.));
#6120 = ( GEOMETRIC_REPRESENTATION_CONTEXT(3) 
GLOBAL_UNCERTAINTY_ASSIGNED_CONTEXT((#6124)) 
GLOBAL_UNIT_ASSIGNED_CONTEXT((#6121,#6122,#6123)) REPRESENTATION_CONTEXT
('Context #1','3D Context with UNIT and UNCERTAINTY') );
#6121 = ( LENGTH_UNIT() NAMED_UNIT(*) SI_UNIT(.MILLI.,.METRE.) );
#6122 = ( NAMED_UNIT(*) PLANE_ANGLE_UNIT() SI_UNIT($,.RADIAN.) );
#6123 = ( NAMED_UNIT(*) SI_UNIT($,.STERADIAN.) SOLID_ANGLE_UNIT() );
#6124 = UNCERTAINTY_MEASURE_WITH_UNIT(LENGTH_MEASURE(1.E-07),#6121,
  'distance_accuracy_value','confusion accuracy');
#6125 = CONTEXT_DEPENDENT_SHAPE_REPRESENTATION(#6126,#6128);
#6126 = ( REPRESENTATION_RELATIONSHIP('','',#6081,#10) 
REPRESENTATION_RELATIONSHIP_WITH_TRANSFORMATION(#6127) 
SHAPE_REPRESENTATION_RELATIONSHIP() );
#6127 = ITEM_DEFINED_TRANSFORMATION('','',#11,#371);
#6128 = PRODUCT_DEFINITION_SHAPE('Placement','Placement of an item',
  #6129);
#6129 = NEXT_ASSEMBLY_USAGE_OCCURRENCE('141971','BALL_0088','',#5,#6076,
  $);
#6130 = PRODUCT_RELATED_PRODUCT_CATEGORY('part',$,(#6078));
#6131 = SHAPE_DEFINITION_REPRESENTATION(#6132,#6138);
#6132 = PRODUCT_DEFINITION_SHAPE('','',#6133);
#6133 = PRODUCT_DEFINITION('design','',#6134,#6137);
#6134 = PRODUCT_DEFINITION_FORMATION('','',#6135);
#6135 = PRODUCT('BALL_0089','BALL_0089','',(#6136));
#6136 = PRODUCT_CONTEXT('',#2,'mechanical');
#6137 = PRODUCT_DEFINITION_CONTEXT('part definition',#2,'design');
#6138 = ADVANCED_BREP_SHAPE_REPRESENTATION('',(#11,#6139),#6177);
#6139 = MANIFOLD_SOLID_BREP('',#6140);
#6140 = CLOSED_SHELL('',(#6141,#6168));
#6141 = ADVANCED_FACE('',(#6142),#6163,.T.);
#6142 = FACE_BOUND('',#6143,.T.);
#6143 = EDGE_LOOP('',(#6144,#6153,#6162));
#6144 = ORIENTED_EDGE('',*,*,#6145,.T.);
#6145 = EDGE_CURVE('',#6146,#6146,#6148,.T.);
#6146 = VERTEX_POINT('',#6147);
#6147 = CARTESIAN_POINT('',(-3.6,0.243199999999,-6.053399999999));
#6148 = CIRCLE('',#6149,0.121600000001);
#6149 = AXIS2_PLACEMENT_3D('',#6150,#6151,#6152);
#6150 = CARTESIAN_POINT('',(-3.6,0.243199999999,-6.175));
#6151 = DIRECTION('',(-5.551115123126E-17,-1.,0.));
#6152 = DIRECTION('',(6.108492277512E-29,-3.390894386119E-45,1.));
#6153 = ORIENTED_EDGE('',*,*,#6154,.T.);
#6154 = EDGE_CURVE('',#6146,#6155,#6157,.T.);
#6155 = VERTEX_POINT('',#6156);
#6156 = CARTESIAN_POINT('',(-3.6,1.334880397544E-13,-6.175));
#6157 = CIRCLE('',#6158,0.152);
#6158 = AXIS2_PLACEMENT_3D('',#6159,#6160,#6161);
#6159 = CARTESIAN_POINT('',(-3.6,0.152,-6.175));
#6160 = DIRECTION('',(1.,-1.110223024625E-16,-5.551115123126E-17));
#6161 = DIRECTION('',(1.110223024625E-16,1.,5.551115123126E-17));
#6162 = ORIENTED_EDGE('',*,*,#6154,.F.);
#6163 = SPHERICAL_SURFACE('',#6164,0.152);
#6164 = AXIS2_PLACEMENT_3D('',#6165,#6166,#6167);
#6165 = CARTESIAN_POINT('',(-3.6,0.152,-6.175));
#6166 = DIRECTION('',(-5.551115123126E-17,-1.,-0.));
#6167 = DIRECTION('',(5.463066675185E-29,-3.032611203926E-45,1.));
#6168 = ADVANCED_FACE('',(#6169),#6172,.F.);
#6169 = FACE_BOUND('',#6170,.F.);
#6170 = EDGE_LOOP('',(#6171));
#6171 = ORIENTED_EDGE('',*,*,#6145,.T.);
#6172 = PLANE('',#6173);
#6173 = AXIS2_PLACEMENT_3D('',#6174,#6175,#6176);
#6174 = CARTESIAN_POINT('',(-3.6,0.2432,-6.175));
#6175 = DIRECTION('',(-5.551115123126E-17,-1.,-0.));
#6176 = DIRECTION('',(6.10849227756E-29,-3.390894386146E-45,1.));
#6177 = ( GEOMETRIC_REPRESENTATION_CONTEXT(3) 
GLOBAL_UNCERTAINTY_ASSIGNED_CONTEXT((#6181)) 
GLOBAL_UNIT_ASSIGNED_CONTEXT((#6178,#6179,#6180)) REPRESENTATION_CONTEXT
('Context #1','3D Context with UNIT and UNCERTAINTY') );
#6178 = ( LENGTH_UNIT() NAMED_UNIT(*) SI_UNIT(.MILLI.,.METRE.) );
#6179 = ( NAMED_UNIT(*) PLANE_ANGLE_UNIT() SI_UNIT($,.RADIAN.) );
#6180 = ( NAMED_UNIT(*) SI_UNIT($,.STERADIAN.) SOLID_ANGLE_UNIT() );
#6181 = UNCERTAINTY_MEASURE_WITH_UNIT(LENGTH_MEASURE(1.E-07),#6178,
  'distance_accuracy_value','confusion accuracy');
#6182 = CONTEXT_DEPENDENT_SHAPE_REPRESENTATION(#6183,#6185);
#6183 = ( REPRESENTATION_RELATIONSHIP('','',#6138,#10) 
REPRESENTATION_RELATIONSHIP_WITH_TRANSFORMATION(#6184) 
SHAPE_REPRESENTATION_RELATIONSHIP() );
#6184 = ITEM_DEFINED_TRANSFORMATION('','',#11,#375);
#6185 = PRODUCT_DEFINITION_SHAPE('Placement','Placement of an item',
  #6186);
#6186 = NEXT_ASSEMBLY_USAGE_OCCURRENCE('141972','BALL_0089','',#5,#6133,
  $);
#6187 = PRODUCT_RELATED_PRODUCT_CATEGORY('part',$,(#6135));
#6188 = SHAPE_DEFINITION_REPRESENTATION(#6189,#6195);
#6189 = PRODUCT_DEFINITION_SHAPE('','',#6190);
#6190 = PRODUCT_DEFINITION('design','',#6191,#6194);
#6191 = PRODUCT_DEFINITION_FORMATION('','',#6192);
#6192 = PRODUCT('BALL_0090','BALL_0090','',(#6193));
#6193 = PRODUCT_CONTEXT('',#2,'mechanical');
#6194 = PRODUCT_DEFINITION_CONTEXT('part definition',#2,'design');
#6195 = ADVANCED_BREP_SHAPE_REPRESENTATION('',(#11,#6196),#6234);
#6196 = MANIFOLD_SOLID_BREP('',#6197);
#6197 = CLOSED_SHELL('',(#6198,#6225));
#6198 = ADVANCED_FACE('',(#6199),#6220,.T.);
#6199 = FACE_BOUND('',#6200,.T.);
#6200 = EDGE_LOOP('',(#6201,#6210,#6219));
#6201 = ORIENTED_EDGE('',*,*,#6202,.T.);
#6202 = EDGE_CURVE('',#6203,#6203,#6205,.T.);
#6203 = VERTEX_POINT('',#6204);
#6204 = CARTESIAN_POINT('',(-3.6,0.243199999999,-6.053399999999));
#6205 = CIRCLE('',#6206,0.121600000001);
#6206 = AXIS2_PLACEMENT_3D('',#6207,#6208,#6209);
#6207 = CARTESIAN_POINT('',(-3.6,0.243199999999,-6.175));
#6208 = DIRECTION('',(-5.551115123126E-17,-1.,0.));
#6209 = DIRECTION('',(6.108492277512E-29,-3.390894386119E-45,1.));
#6210 = ORIENTED_EDGE('',*,*,#6211,.T.);
#6211 = EDGE_CURVE('',#6203,#6212,#6214,.T.);
#6212 = VERTEX_POINT('',#6213);
#6213 = CARTESIAN_POINT('',(-3.6,1.334880397544E-13,-6.175));
#6214 = CIRCLE('',#6215,0.152);
#6215 = AXIS2_PLACEMENT_3D('',#6216,#6217,#6218);
#6216 = CARTESIAN_POINT('',(-3.6,0.152,-6.175));
#6217 = DIRECTION('',(1.,-1.110223024625E-16,-5.551115123126E-17));
#6218 = DIRECTION('',(1.110223024625E-16,1.,5.551115123126E-17));
#6219 = ORIENTED_EDGE('',*,*,#6211,.F.);
#6220 = SPHERICAL_SURFACE('',#6221,0.152);
#6221 = AXIS2_PLACEMENT_3D('',#6222,#6223,#6224);
#6222 = CARTESIAN_POINT('',(-3.6,0.152,-6.175));
#6223 = DIRECTION('',(-5.551115123126E-17,-1.,-0.));
#6224 = DIRECTION('',(5.463066675185E-29,-3.032611203926E-45,1.));
#6225 = ADVANCED_FACE('',(#6226),#6229,.F.);
#6226 = FACE_BOUND('',#6227,.F.);
#6227 = EDGE_LOOP('',(#6228));
#6228 = ORIENTED_EDGE('',*,*,#6202,.T.);
#6229 = PLANE('',#6230);
#6230 = AXIS2_PLACEMENT_3D('',#6231,#6232,#6233);
#6231 = CARTESIAN_POINT('',(-3.6,0.2432,-6.175));
#6232 = DIRECTION('',(-5.551115123126E-17,-1.,-0.));
#6233 = DIRECTION('',(6.10849227756E-29,-3.390894386146E-45,1.));
#6234 = ( GEOMETRIC_REPRESENTATION_CONTEXT(3) 
GLOBAL_UNCERTAINTY_ASSIGNED_CONTEXT((#6238)) 
GLOBAL_UNIT_ASSIGNED_CONTEXT((#6235,#6236,#6237)) REPRESENTATION_CONTEXT
('Context #1','3D Context with UNIT and UNCERTAINTY') );
#6235 = ( LENGTH_UNIT() NAMED_UNIT(*) SI_UNIT(.MILLI.,.METRE.) );
#6236 = ( NAMED_UNIT(*) PLANE_ANGLE_UNIT() SI_UNIT($,.RADIAN.) );
#6237 = ( NAMED_UNIT(*) SI_UNIT($,.STERADIAN.) SOLID_ANGLE_UNIT() );
#6238 = UNCERTAINTY_MEASURE_WITH_UNIT(LENGTH_MEASURE(1.E-07),#6235,
  'distance_accuracy_value','confusion accuracy');
#6239 = CONTEXT_DEPENDENT_SHAPE_REPRESENTATION(#6240,#6242);
#6240 = ( REPRESENTATION_RELATIONSHIP('','',#6195,#10) 
REPRESENTATION_RELATIONSHIP_WITH_TRANSFORMATION(#6241) 
SHAPE_REPRESENTATION_RELATIONSHIP() );
#6241 = ITEM_DEFINED_TRANSFORMATION('','',#11,#379);
#6242 = PRODUCT_DEFINITION_SHAPE('Placement','Placement of an item',
  #6243);
#6243 = NEXT_ASSEMBLY_USAGE_OCCURRENCE('141973','BALL_0090','',#5,#6190,
  $);
#6244 = PRODUCT_RELATED_PRODUCT_CATEGORY('part',$,(#6192));
#6245 = SHAPE_DEFINITION_REPRESENTATION(#6246,#6252);
#6246 = PRODUCT_DEFINITION_SHAPE('','',#6247);
#6247 = PRODUCT_DEFINITION('design','',#6248,#6251);
#6248 = PRODUCT_DEFINITION_FORMATION('','',#6249);
#6249 = PRODUCT('BALL_0091','BALL_0091','',(#6250));
#6250 = PRODUCT_CONTEXT('',#2,'mechanical');
#6251 = PRODUCT_DEFINITION_CONTEXT('part definition',#2,'design');
#6252 = ADVANCED_BREP_SHAPE_REPRESENTATION('',(#11,#6253),#6291);
#6253 = MANIFOLD_SOLID_BREP('',#6254);
#6254 = CLOSED_SHELL('',(#6255,#6282));
#6255 = ADVANCED_FACE('',(#6256),#6277,.T.);
#6256 = FACE_BOUND('',#6257,.T.);
#6257 = EDGE_LOOP('',(#6258,#6267,#6276));
#6258 = ORIENTED_EDGE('',*,*,#6259,.T.);
#6259 = EDGE_CURVE('',#6260,#6260,#6262,.T.);
#6260 = VERTEX_POINT('',#6261);
#6261 = CARTESIAN_POINT('',(-3.6,0.243199999999,-6.053399999999));
#6262 = CIRCLE('',#6263,0.121600000001);
#6263 = AXIS2_PLACEMENT_3D('',#6264,#6265,#6266);
#6264 = CARTESIAN_POINT('',(-3.6,0.243199999999,-6.175));
#6265 = DIRECTION('',(-5.551115123126E-17,-1.,0.));
#6266 = DIRECTION('',(6.108492277512E-29,-3.390894386119E-45,1.));
#6267 = ORIENTED_EDGE('',*,*,#6268,.T.);
#6268 = EDGE_CURVE('',#6260,#6269,#6271,.T.);
#6269 = VERTEX_POINT('',#6270);
#6270 = CARTESIAN_POINT('',(-3.6,1.334880397544E-13,-6.175));
#6271 = CIRCLE('',#6272,0.152);
#6272 = AXIS2_PLACEMENT_3D('',#6273,#6274,#6275);
#6273 = CARTESIAN_POINT('',(-3.6,0.152,-6.175));
#6274 = DIRECTION('',(1.,-1.110223024625E-16,-5.551115123126E-17));
#6275 = DIRECTION('',(1.110223024625E-16,1.,5.551115123126E-17));
#6276 = ORIENTED_EDGE('',*,*,#6268,.F.);
#6277 = SPHERICAL_SURFACE('',#6278,0.152);
#6278 = AXIS2_PLACEMENT_3D('',#6279,#6280,#6281);
#6279 = CARTESIAN_POINT('',(-3.6,0.152,-6.175));
#6280 = DIRECTION('',(-5.551115123126E-17,-1.,-0.));
#6281 = DIRECTION('',(5.463066675185E-29,-3.032611203926E-45,1.));
#6282 = ADVANCED_FACE('',(#6283),#6286,.F.);
#6283 = FACE_BOUND('',#6284,.F.);
#6284 = EDGE_LOOP('',(#6285));
#6285 = ORIENTED_EDGE('',*,*,#6259,.T.);
#6286 = PLANE('',#6287);
#6287 = AXIS2_PLACEMENT_3D('',#6288,#6289,#6290);
#6288 = CARTESIAN_POINT('',(-3.6,0.2432,-6.175));
#6289 = DIRECTION('',(-5.551115123126E-17,-1.,-0.));
#6290 = DIRECTION('',(6.10849227756E-29,-3.390894386146E-45,1.));
#6291 = ( GEOMETRIC_REPRESENTATION_CONTEXT(3) 
GLOBAL_UNCERTAINTY_ASSIGNED_CONTEXT((#6295)) 
GLOBAL_UNIT_ASSIGNED_CONTEXT((#6292,#6293,#6294)) REPRESENTATION_CONTEXT
('Context #1','3D Context with UNIT and UNCERTAINTY') );
#6292 = ( LENGTH_UNIT() NAMED_UNIT(*) SI_UNIT(.MILLI.,.METRE.) );
#6293 = ( NAMED_UNIT(*) PLANE_ANGLE_UNIT() SI_UNIT($,.RADIAN.) );
#6294 = ( NAMED_UNIT(*) SI_UNIT($,.STERADIAN.) SOLID_ANGLE_UNIT() );
#6295 = UNCERTAINTY_MEASURE_WITH_UNIT(LENGTH_MEASURE(1.E-07),#6292,
  'distance_accuracy_value','confusion accuracy');
#6296 = CONTEXT_DEPENDENT_SHAPE_REPRESENTATION(#6297,#6299);
#6297 = ( REPRESENTATION_RELATIONSHIP('','',#6252,#10) 
REPRESENTATION_RELATIONSHIP_WITH_TRANSFORMATION(#6298) 
SHAPE_REPRESENTATION_RELATIONSHIP() );
#6298 = ITEM_DEFINED_TRANSFORMATION('','',#11,#383);
#6299 = PRODUCT_DEFINITION_SHAPE('Placement','Placement of an item',
  #6300);
#6300 = NEXT_ASSEMBLY_USAGE_OCCURRENCE('141974','BALL_0091','',#5,#6247,
  $);
#6301 = PRODUCT_RELATED_PRODUCT_CATEGORY('part',$,(#6249));
#6302 = SHAPE_DEFINITION_REPRESENTATION(#6303,#6309);
#6303 = PRODUCT_DEFINITION_SHAPE('','',#6304);
#6304 = PRODUCT_DEFINITION('design','',#6305,#6308);
#6305 = PRODUCT_DEFINITION_FORMATION('','',#6306);
#6306 = PRODUCT('BALL_0092','BALL_0092','',(#6307));
#6307 = PRODUCT_CONTEXT('',#2,'mechanical');
#6308 = PRODUCT_DEFINITION_CONTEXT('part definition',#2,'design');
#6309 = ADVANCED_BREP_SHAPE_REPRESENTATION('',(#11,#6310),#6348);
#6310 = MANIFOLD_SOLID_BREP('',#6311);
#6311 = CLOSED_SHELL('',(#6312,#6339));
#6312 = ADVANCED_FACE('',(#6313),#6334,.T.);
#6313 = FACE_BOUND('',#6314,.T.);
#6314 = EDGE_LOOP('',(#6315,#6324,#6333));
#6315 = ORIENTED_EDGE('',*,*,#6316,.T.);
#6316 = EDGE_CURVE('',#6317,#6317,#6319,.T.);
#6317 = VERTEX_POINT('',#6318);
#6318 = CARTESIAN_POINT('',(-3.6,0.243199999999,-6.053399999999));
#6319 = CIRCLE('',#6320,0.121600000001);
#6320 = AXIS2_PLACEMENT_3D('',#6321,#6322,#6323);
#6321 = CARTESIAN_POINT('',(-3.6,0.243199999999,-6.175));
#6322 = DIRECTION('',(-5.551115123126E-17,-1.,0.));
#6323 = DIRECTION('',(6.108492277512E-29,-3.390894386119E-45,1.));
#6324 = ORIENTED_EDGE('',*,*,#6325,.T.);
#6325 = EDGE_CURVE('',#6317,#6326,#6328,.T.);
#6326 = VERTEX_POINT('',#6327);
#6327 = CARTESIAN_POINT('',(-3.6,1.334880397544E-13,-6.175));
#6328 = CIRCLE('',#6329,0.152);
#6329 = AXIS2_PLACEMENT_3D('',#6330,#6331,#6332);
#6330 = CARTESIAN_POINT('',(-3.6,0.152,-6.175));
#6331 = DIRECTION('',(1.,-1.110223024625E-16,-5.551115123126E-17));
#6332 = DIRECTION('',(1.110223024625E-16,1.,5.551115123126E-17));
#6333 = ORIENTED_EDGE('',*,*,#6325,.F.);
#6334 = SPHERICAL_SURFACE('',#6335,0.152);
#6335 = AXIS2_PLACEMENT_3D('',#6336,#6337,#6338);
#6336 = CARTESIAN_POINT('',(-3.6,0.152,-6.175));
#6337 = DIRECTION('',(-5.551115123126E-17,-1.,-0.));
#6338 = DIRECTION('',(5.463066675185E-29,-3.032611203926E-45,1.));
#6339 = ADVANCED_FACE('',(#6340),#6343,.F.);
#6340 = FACE_BOUND('',#6341,.F.);
#6341 = EDGE_LOOP('',(#6342));
#6342 = ORIENTED_EDGE('',*,*,#6316,.T.);
#6343 = PLANE('',#6344);
#6344 = AXIS2_PLACEMENT_3D('',#6345,#6346,#6347);
#6345 = CARTESIAN_POINT('',(-3.6,0.2432,-6.175));
#6346 = DIRECTION('',(-5.551115123126E-17,-1.,-0.));
#6347 = DIRECTION('',(6.10849227756E-29,-3.390894386146E-45,1.));
#6348 = ( GEOMETRIC_REPRESENTATION_CONTEXT(3) 
GLOBAL_UNCERTAINTY_ASSIGNED_CONTEXT((#6352)) 
GLOBAL_UNIT_ASSIGNED_CONTEXT((#6349,#6350,#6351)) REPRESENTATION_CONTEXT
('Context #1','3D Context with UNIT and UNCERTAINTY') );
#6349 = ( LENGTH_UNIT() NAMED_UNIT(*) SI_UNIT(.MILLI.,.METRE.) );
#6350 = ( NAMED_UNIT(*) PLANE_ANGLE_UNIT() SI_UNIT($,.RADIAN.) );
#6351 = ( NAMED_UNIT(*) SI_UNIT($,.STERADIAN.) SOLID_ANGLE_UNIT() );
#6352 = UNCERTAINTY_MEASURE_WITH_UNIT(LENGTH_MEASURE(1.E-07),#6349,
  'distance_accuracy_value','confusion accuracy');
#6353 = CONTEXT_DEPENDENT_SHAPE_REPRESENTATION(#6354,#6356);
#6354 = ( REPRESENTATION_RELATIONSHIP('','',#6309,#10) 
REPRESENTATION_RELATIONSHIP_WITH_TRANSFORMATION(#6355) 
SHAPE_REPRESENTATION_RELATIONSHIP() );
#6355 = ITEM_DEFINED_TRANSFORMATION('','',#11,#387);
#6356 = PRODUCT_DEFINITION_SHAPE('Placement','Placement of an item',
  #6357);
#6357 = NEXT_ASSEMBLY_USAGE_OCCURRENCE('141975','BALL_0092','',#5,#6304,
  $);
#6358 = PRODUCT_RELATED_PRODUCT_CATEGORY('part',$,(#6306));
#6359 = SHAPE_DEFINITION_REPRESENTATION(#6360,#6366);
#6360 = PRODUCT_DEFINITION_SHAPE('','',#6361);
#6361 = PRODUCT_DEFINITION('design','',#6362,#6365);
#6362 = PRODUCT_DEFINITION_FORMATION('','',#6363);
#6363 = PRODUCT('BALL_0093','BALL_0093','',(#6364));
#6364 = PRODUCT_CONTEXT('',#2,'mechanical');
#6365 = PRODUCT_DEFINITION_CONTEXT('part definition',#2,'design');
#6366 = ADVANCED_BREP_SHAPE_REPRESENTATION('',(#11,#6367),#6405);
#6367 = MANIFOLD_SOLID_BREP('',#6368);
#6368 = CLOSED_SHELL('',(#6369,#6396));
#6369 = ADVANCED_FACE('',(#6370),#6391,.T.);
#6370 = FACE_BOUND('',#6371,.T.);
#6371 = EDGE_LOOP('',(#6372,#6381,#6390));
#6372 = ORIENTED_EDGE('',*,*,#6373,.T.);
#6373 = EDGE_CURVE('',#6374,#6374,#6376,.T.);
#6374 = VERTEX_POINT('',#6375);
#6375 = CARTESIAN_POINT('',(-3.6,0.243199999999,-6.053399999999));
#6376 = CIRCLE('',#6377,0.121600000001);
#6377 = AXIS2_PLACEMENT_3D('',#6378,#6379,#6380);
#6378 = CARTESIAN_POINT('',(-3.6,0.243199999999,-6.175));
#6379 = DIRECTION('',(-5.551115123126E-17,-1.,0.));
#6380 = DIRECTION('',(6.108492277512E-29,-3.390894386119E-45,1.));
#6381 = ORIENTED_EDGE('',*,*,#6382,.T.);
#6382 = EDGE_CURVE('',#6374,#6383,#6385,.T.);
#6383 = VERTEX_POINT('',#6384);
#6384 = CARTESIAN_POINT('',(-3.6,1.334880397544E-13,-6.175));
#6385 = CIRCLE('',#6386,0.152);
#6386 = AXIS2_PLACEMENT_3D('',#6387,#6388,#6389);
#6387 = CARTESIAN_POINT('',(-3.6,0.152,-6.175));
#6388 = DIRECTION('',(1.,-1.110223024625E-16,-5.551115123126E-17));
#6389 = DIRECTION('',(1.110223024625E-16,1.,5.551115123126E-17));
#6390 = ORIENTED_EDGE('',*,*,#6382,.F.);
#6391 = SPHERICAL_SURFACE('',#6392,0.152);
#6392 = AXIS2_PLACEMENT_3D('',#6393,#6394,#6395);
#6393 = CARTESIAN_POINT('',(-3.6,0.152,-6.175));
#6394 = DIRECTION('',(-5.551115123126E-17,-1.,-0.));
#6395 = DIRECTION('',(5.463066675185E-29,-3.032611203926E-45,1.));
#6396 = ADVANCED_FACE('',(#6397),#6400,.F.);
#6397 = FACE_BOUND('',#6398,.F.);
#6398 = EDGE_LOOP('',(#6399));
#6399 = ORIENTED_EDGE('',*,*,#6373,.T.);
#6400 = PLANE('',#6401);
#6401 = AXIS2_PLACEMENT_3D('',#6402,#6403,#6404);
#6402 = CARTESIAN_POINT('',(-3.6,0.2432,-6.175));
#6403 = DIRECTION('',(-5.551115123126E-17,-1.,-0.));
#6404 = DIRECTION('',(6.10849227756E-29,-3.390894386146E-45,1.));
#6405 = ( GEOMETRIC_REPRESENTATION_CONTEXT(3) 
GLOBAL_UNCERTAINTY_ASSIGNED_CONTEXT((#6409)) 
GLOBAL_UNIT_ASSIGNED_CONTEXT((#6406,#6407,#6408)) REPRESENTATION_CONTEXT
('Context #1','3D Context with UNIT and UNCERTAINTY') );
#6406 = ( LENGTH_UNIT() NAMED_UNIT(*) SI_UNIT(.MILLI.,.METRE.) );
#6407 = ( NAMED_UNIT(*) PLANE_ANGLE_UNIT() SI_UNIT($,.RADIAN.) );
#6408 = ( NAMED_UNIT(*) SI_UNIT($,.STERADIAN.) SOLID_ANGLE_UNIT() );
#6409 = UNCERTAINTY_MEASURE_WITH_UNIT(LENGTH_MEASURE(1.E-07),#6406,
  'distance_accuracy_value','confusion accuracy');
#6410 = CONTEXT_DEPENDENT_SHAPE_REPRESENTATION(#6411,#6413);
#6411 = ( REPRESENTATION_RELATIONSHIP('','',#6366,#10) 
REPRESENTATION_RELATIONSHIP_WITH_TRANSFORMATION(#6412) 
SHAPE_REPRESENTATION_RELATIONSHIP() );
#6412 = ITEM_DEFINED_TRANSFORMATION('','',#11,#391);
#6413 = PRODUCT_DEFINITION_SHAPE('Placement','Placement of an item',
  #6414);
#6414 = NEXT_ASSEMBLY_USAGE_OCCURRENCE('141976','BALL_0093','',#5,#6361,
  $);
#6415 = PRODUCT_RELATED_PRODUCT_CATEGORY('part',$,(#6363));
#6416 = SHAPE_DEFINITION_REPRESENTATION(#6417,#6423);
#6417 = PRODUCT_DEFINITION_SHAPE('','',#6418);
#6418 = PRODUCT_DEFINITION('design','',#6419,#6422);
#6419 = PRODUCT_DEFINITION_FORMATION('','',#6420);
#6420 = PRODUCT('BALL_0094','BALL_0094','',(#6421));
#6421 = PRODUCT_CONTEXT('',#2,'mechanical');
#6422 = PRODUCT_DEFINITION_CONTEXT('part definition',#2,'design');
#6423 = ADVANCED_BREP_SHAPE_REPRESENTATION('',(#11,#6424),#6462);
#6424 = MANIFOLD_SOLID_BREP('',#6425);
#6425 = CLOSED_SHELL('',(#6426,#6453));
#6426 = ADVANCED_FACE('',(#6427),#6448,.T.);
#6427 = FACE_BOUND('',#6428,.T.);
#6428 = EDGE_LOOP('',(#6429,#6438,#6447));
#6429 = ORIENTED_EDGE('',*,*,#6430,.T.);
#6430 = EDGE_CURVE('',#6431,#6431,#6433,.T.);
#6431 = VERTEX_POINT('',#6432);
#6432 = CARTESIAN_POINT('',(-3.6,0.243199999999,-6.053399999999));
#6433 = CIRCLE('',#6434,0.121600000001);
#6434 = AXIS2_PLACEMENT_3D('',#6435,#6436,#6437);
#6435 = CARTESIAN_POINT('',(-3.6,0.243199999999,-6.175));
#6436 = DIRECTION('',(-5.551115123126E-17,-1.,0.));
#6437 = DIRECTION('',(6.108492277512E-29,-3.390894386119E-45,1.));
#6438 = ORIENTED_EDGE('',*,*,#6439,.T.);
#6439 = EDGE_CURVE('',#6431,#6440,#6442,.T.);
#6440 = VERTEX_POINT('',#6441);
#6441 = CARTESIAN_POINT('',(-3.6,1.334880397544E-13,-6.175));
#6442 = CIRCLE('',#6443,0.152);
#6443 = AXIS2_PLACEMENT_3D('',#6444,#6445,#6446);
#6444 = CARTESIAN_POINT('',(-3.6,0.152,-6.175));
#6445 = DIRECTION('',(1.,-1.110223024625E-16,-5.551115123126E-17));
#6446 = DIRECTION('',(1.110223024625E-16,1.,5.551115123126E-17));
#6447 = ORIENTED_EDGE('',*,*,#6439,.F.);
#6448 = SPHERICAL_SURFACE('',#6449,0.152);
#6449 = AXIS2_PLACEMENT_3D('',#6450,#6451,#6452);
#6450 = CARTESIAN_POINT('',(-3.6,0.152,-6.175));
#6451 = DIRECTION('',(-5.551115123126E-17,-1.,-0.));
#6452 = DIRECTION('',(5.463066675185E-29,-3.032611203926E-45,1.));
#6453 = ADVANCED_FACE('',(#6454),#6457,.F.);
#6454 = FACE_BOUND('',#6455,.F.);
#6455 = EDGE_LOOP('',(#6456));
#6456 = ORIENTED_EDGE('',*,*,#6430,.T.);
#6457 = PLANE('',#6458);
#6458 = AXIS2_PLACEMENT_3D('',#6459,#6460,#6461);
#6459 = CARTESIAN_POINT('',(-3.6,0.2432,-6.175));
#6460 = DIRECTION('',(-5.551115123126E-17,-1.,-0.));
#6461 = DIRECTION('',(6.10849227756E-29,-3.390894386146E-45,1.));
#6462 = ( GEOMETRIC_REPRESENTATION_CONTEXT(3) 
GLOBAL_UNCERTAINTY_ASSIGNED_CONTEXT((#6466)) 
GLOBAL_UNIT_ASSIGNED_CONTEXT((#6463,#6464,#6465)) REPRESENTATION_CONTEXT
('Context #1','3D Context with UNIT and UNCERTAINTY') );
#6463 = ( LENGTH_UNIT() NAMED_UNIT(*) SI_UNIT(.MILLI.,.METRE.) );
#6464 = ( NAMED_UNIT(*) PLANE_ANGLE_UNIT() SI_UNIT($,.RADIAN.) );
#6465 = ( NAMED_UNIT(*) SI_UNIT($,.STERADIAN.) SOLID_ANGLE_UNIT() );
#6466 = UNCERTAINTY_MEASURE_WITH_UNIT(LENGTH_MEASURE(1.E-07),#6463,
  'distance_accuracy_value','confusion accuracy');
#6467 = CONTEXT_DEPENDENT_SHAPE_REPRESENTATION(#6468,#6470);
#6468 = ( REPRESENTATION_RELATIONSHIP('','',#6423,#10) 
REPRESENTATION_RELATIONSHIP_WITH_TRANSFORMATION(#6469) 
SHAPE_REPRESENTATION_RELATIONSHIP() );
#6469 = ITEM_DEFINED_TRANSFORMATION('','',#11,#395);
#6470 = PRODUCT_DEFINITION_SHAPE('Placement','Placement of an item',
  #6471);
#6471 = NEXT_ASSEMBLY_USAGE_OCCURRENCE('141977','BALL_0094','',#5,#6418,
  $);
#6472 = PRODUCT_RELATED_PRODUCT_CATEGORY('part',$,(#6420));
#6473 = SHAPE_DEFINITION_REPRESENTATION(#6474,#6480);
#6474 = PRODUCT_DEFINITION_SHAPE('','',#6475);
#6475 = PRODUCT_DEFINITION('design','',#6476,#6479);
#6476 = PRODUCT_DEFINITION_FORMATION('','',#6477);
#6477 = PRODUCT('BALL_0095','BALL_0095','',(#6478));
#6478 = PRODUCT_CONTEXT('',#2,'mechanical');
#6479 = PRODUCT_DEFINITION_CONTEXT('part definition',#2,'design');
#6480 = ADVANCED_BREP_SHAPE_REPRESENTATION('',(#11,#6481),#6519);
#6481 = MANIFOLD_SOLID_BREP('',#6482);
#6482 = CLOSED_SHELL('',(#6483,#6510));
#6483 = ADVANCED_FACE('',(#6484),#6505,.T.);
#6484 = FACE_BOUND('',#6485,.T.);
#6485 = EDGE_LOOP('',(#6486,#6495,#6504));
#6486 = ORIENTED_EDGE('',*,*,#6487,.T.);
#6487 = EDGE_CURVE('',#6488,#6488,#6490,.T.);
#6488 = VERTEX_POINT('',#6489);
#6489 = CARTESIAN_POINT('',(-3.6,0.243199999999,-6.053399999999));
#6490 = CIRCLE('',#6491,0.121600000001);
#6491 = AXIS2_PLACEMENT_3D('',#6492,#6493,#6494);
#6492 = CARTESIAN_POINT('',(-3.6,0.243199999999,-6.175));
#6493 = DIRECTION('',(-5.551115123126E-17,-1.,0.));
#6494 = DIRECTION('',(6.108492277512E-29,-3.390894386119E-45,1.));
#6495 = ORIENTED_EDGE('',*,*,#6496,.T.);
#6496 = EDGE_CURVE('',#6488,#6497,#6499,.T.);
#6497 = VERTEX_POINT('',#6498);
#6498 = CARTESIAN_POINT('',(-3.6,1.334880397544E-13,-6.175));
#6499 = CIRCLE('',#6500,0.152);
#6500 = AXIS2_PLACEMENT_3D('',#6501,#6502,#6503);
#6501 = CARTESIAN_POINT('',(-3.6,0.152,-6.175));
#6502 = DIRECTION('',(1.,-1.110223024625E-16,-5.551115123126E-17));
#6503 = DIRECTION('',(1.110223024625E-16,1.,5.551115123126E-17));
#6504 = ORIENTED_EDGE('',*,*,#6496,.F.);
#6505 = SPHERICAL_SURFACE('',#6506,0.152);
#6506 = AXIS2_PLACEMENT_3D('',#6507,#6508,#6509);
#6507 = CARTESIAN_POINT('',(-3.6,0.152,-6.175));
#6508 = DIRECTION('',(-5.551115123126E-17,-1.,-0.));
#6509 = DIRECTION('',(5.463066675185E-29,-3.032611203926E-45,1.));
#6510 = ADVANCED_FACE('',(#6511),#6514,.F.);
#6511 = FACE_BOUND('',#6512,.F.);
#6512 = EDGE_LOOP('',(#6513));
#6513 = ORIENTED_EDGE('',*,*,#6487,.T.);
#6514 = PLANE('',#6515);
#6515 = AXIS2_PLACEMENT_3D('',#6516,#6517,#6518);
#6516 = CARTESIAN_POINT('',(-3.6,0.2432,-6.175));
#6517 = DIRECTION('',(-5.551115123126E-17,-1.,-0.));
#6518 = DIRECTION('',(6.10849227756E-29,-3.390894386146E-45,1.));
#6519 = ( GEOMETRIC_REPRESENTATION_CONTEXT(3) 
GLOBAL_UNCERTAINTY_ASSIGNED_CONTEXT((#6523)) 
GLOBAL_UNIT_ASSIGNED_CONTEXT((#6520,#6521,#6522)) REPRESENTATION_CONTEXT
('Context #1','3D Context with UNIT and UNCERTAINTY') );
#6520 = ( LENGTH_UNIT() NAMED_UNIT(*) SI_UNIT(.MILLI.,.METRE.) );
#6521 = ( NAMED_UNIT(*) PLANE_ANGLE_UNIT() SI_UNIT($,.RADIAN.) );
#6522 = ( NAMED_UNIT(*) SI_UNIT($,.STERADIAN.) SOLID_ANGLE_UNIT() );
#6523 = UNCERTAINTY_MEASURE_WITH_UNIT(LENGTH_MEASURE(1.E-07),#6520,
  'distance_accuracy_value','confusion accuracy');
#6524 = CONTEXT_DEPENDENT_SHAPE_REPRESENTATION(#6525,#6527);
#6525 = ( REPRESENTATION_RELATIONSHIP('','',#6480,#10) 
REPRESENTATION_RELATIONSHIP_WITH_TRANSFORMATION(#6526) 
SHAPE_REPRESENTATION_RELATIONSHIP() );
#6526 = ITEM_DEFINED_TRANSFORMATION('','',#11,#399);
#6527 = PRODUCT_DEFINITION_SHAPE('Placement','Placement of an item',
  #6528);
#6528 = NEXT_ASSEMBLY_USAGE_OCCURRENCE('141978','BALL_0095','',#5,#6475,
  $);
#6529 = PRODUCT_RELATED_PRODUCT_CATEGORY('part',$,(#6477));
#6530 = SHAPE_DEFINITION_REPRESENTATION(#6531,#6537);
#6531 = PRODUCT_DEFINITION_SHAPE('','',#6532);
#6532 = PRODUCT_DEFINITION('design','',#6533,#6536);
#6533 = PRODUCT_DEFINITION_FORMATION('','',#6534);
#6534 = PRODUCT('BALL_0096','BALL_0096','',(#6535));
#6535 = PRODUCT_CONTEXT('',#2,'mechanical');
#6536 = PRODUCT_DEFINITION_CONTEXT('part definition',#2,'design');
#6537 = ADVANCED_BREP_SHAPE_REPRESENTATION('',(#11,#6538),#6576);
#6538 = MANIFOLD_SOLID_BREP('',#6539);
#6539 = CLOSED_SHELL('',(#6540,#6567));
#6540 = ADVANCED_FACE('',(#6541),#6562,.T.);
#6541 = FACE_BOUND('',#6542,.T.);
#6542 = EDGE_LOOP('',(#6543,#6552,#6561));
#6543 = ORIENTED_EDGE('',*,*,#6544,.T.);
#6544 = EDGE_CURVE('',#6545,#6545,#6547,.T.);
#6545 = VERTEX_POINT('',#6546);
#6546 = CARTESIAN_POINT('',(-3.6,0.243199999999,-6.053399999999));
#6547 = CIRCLE('',#6548,0.121600000001);
#6548 = AXIS2_PLACEMENT_3D('',#6549,#6550,#6551);
#6549 = CARTESIAN_POINT('',(-3.6,0.243199999999,-6.175));
#6550 = DIRECTION('',(-5.551115123126E-17,-1.,0.));
#6551 = DIRECTION('',(6.108492277512E-29,-3.390894386119E-45,1.));
#6552 = ORIENTED_EDGE('',*,*,#6553,.T.);
#6553 = EDGE_CURVE('',#6545,#6554,#6556,.T.);
#6554 = VERTEX_POINT('',#6555);
#6555 = CARTESIAN_POINT('',(-3.6,1.334880397544E-13,-6.175));
#6556 = CIRCLE('',#6557,0.152);
#6557 = AXIS2_PLACEMENT_3D('',#6558,#6559,#6560);
#6558 = CARTESIAN_POINT('',(-3.6,0.152,-6.175));
#6559 = DIRECTION('',(1.,-1.110223024625E-16,-5.551115123126E-17));
#6560 = DIRECTION('',(1.110223024625E-16,1.,5.551115123126E-17));
#6561 = ORIENTED_EDGE('',*,*,#6553,.F.);
#6562 = SPHERICAL_SURFACE('',#6563,0.152);
#6563 = AXIS2_PLACEMENT_3D('',#6564,#6565,#6566);
#6564 = CARTESIAN_POINT('',(-3.6,0.152,-6.175));
#6565 = DIRECTION('',(-5.551115123126E-17,-1.,-0.));
#6566 = DIRECTION('',(5.463066675185E-29,-3.032611203926E-45,1.));
#6567 = ADVANCED_FACE('',(#6568),#6571,.F.);
#6568 = FACE_BOUND('',#6569,.F.);
#6569 = EDGE_LOOP('',(#6570));
#6570 = ORIENTED_EDGE('',*,*,#6544,.T.);
#6571 = PLANE('',#6572);
#6572 = AXIS2_PLACEMENT_3D('',#6573,#6574,#6575);
#6573 = CARTESIAN_POINT('',(-3.6,0.2432,-6.175));
#6574 = DIRECTION('',(-5.551115123126E-17,-1.,-0.));
#6575 = DIRECTION('',(6.10849227756E-29,-3.390894386146E-45,1.));
#6576 = ( GEOMETRIC_REPRESENTATION_CONTEXT(3) 
GLOBAL_UNCERTAINTY_ASSIGNED_CONTEXT((#6580)) 
GLOBAL_UNIT_ASSIGNED_CONTEXT((#6577,#6578,#6579)) REPRESENTATION_CONTEXT
('Context #1','3D Context with UNIT and UNCERTAINTY') );
#6577 = ( LENGTH_UNIT() NAMED_UNIT(*) SI_UNIT(.MILLI.,.METRE.) );
#6578 = ( NAMED_UNIT(*) PLANE_ANGLE_UNIT() SI_UNIT($,.RADIAN.) );
#6579 = ( NAMED_UNIT(*) SI_UNIT($,.STERADIAN.) SOLID_ANGLE_UNIT() );
#6580 = UNCERTAINTY_MEASURE_WITH_UNIT(LENGTH_MEASURE(1.E-07),#6577,
  'distance_accuracy_value','confusion accuracy');
#6581 = CONTEXT_DEPENDENT_SHAPE_REPRESENTATION(#6582,#6584);
#6582 = ( REPRESENTATION_RELATIONSHIP('','',#6537,#10) 
REPRESENTATION_RELATIONSHIP_WITH_TRANSFORMATION(#6583) 
SHAPE_REPRESENTATION_RELATIONSHIP() );
#6583 = ITEM_DEFINED_TRANSFORMATION('','',#11,#403);
#6584 = PRODUCT_DEFINITION_SHAPE('Placement','Placement of an item',
  #6585);
#6585 = NEXT_ASSEMBLY_USAGE_OCCURRENCE('141979','BALL_0096','',#5,#6532,
  $);
#6586 = PRODUCT_RELATED_PRODUCT_CATEGORY('part',$,(#6534));
#6587 = SHAPE_DEFINITION_REPRESENTATION(#6588,#6594);
#6588 = PRODUCT_DEFINITION_SHAPE('','',#6589);
#6589 = PRODUCT_DEFINITION('design','',#6590,#6593);
#6590 = PRODUCT_DEFINITION_FORMATION('','',#6591);
#6591 = PRODUCT('BALL_0097','BALL_0097','',(#6592));
#6592 = PRODUCT_CONTEXT('',#2,'mechanical');
#6593 = PRODUCT_DEFINITION_CONTEXT('part definition',#2,'design');
#6594 = ADVANCED_BREP_SHAPE_REPRESENTATION('',(#11,#6595),#6633);
#6595 = MANIFOLD_SOLID_BREP('',#6596);
#6596 = CLOSED_SHELL('',(#6597,#6624));
#6597 = ADVANCED_FACE('',(#6598),#6619,.T.);
#6598 = FACE_BOUND('',#6599,.T.);
#6599 = EDGE_LOOP('',(#6600,#6609,#6618));
#6600 = ORIENTED_EDGE('',*,*,#6601,.T.);
#6601 = EDGE_CURVE('',#6602,#6602,#6604,.T.);
#6602 = VERTEX_POINT('',#6603);
#6603 = CARTESIAN_POINT('',(-3.6,0.243199999999,-6.053399999999));
#6604 = CIRCLE('',#6605,0.121600000001);
#6605 = AXIS2_PLACEMENT_3D('',#6606,#6607,#6608);
#6606 = CARTESIAN_POINT('',(-3.6,0.243199999999,-6.175));
#6607 = DIRECTION('',(-5.551115123126E-17,-1.,0.));
#6608 = DIRECTION('',(6.108492277512E-29,-3.390894386119E-45,1.));
#6609 = ORIENTED_EDGE('',*,*,#6610,.T.);
#6610 = EDGE_CURVE('',#6602,#6611,#6613,.T.);
#6611 = VERTEX_POINT('',#6612);
#6612 = CARTESIAN_POINT('',(-3.6,1.334880397544E-13,-6.175));
#6613 = CIRCLE('',#6614,0.152);
#6614 = AXIS2_PLACEMENT_3D('',#6615,#6616,#6617);
#6615 = CARTESIAN_POINT('',(-3.6,0.152,-6.175));
#6616 = DIRECTION('',(1.,-1.110223024625E-16,-5.551115123126E-17));
#6617 = DIRECTION('',(1.110223024625E-16,1.,5.551115123126E-17));
#6618 = ORIENTED_EDGE('',*,*,#6610,.F.);
#6619 = SPHERICAL_SURFACE('',#6620,0.152);
#6620 = AXIS2_PLACEMENT_3D('',#6621,#6622,#6623);
#6621 = CARTESIAN_POINT('',(-3.6,0.152,-6.175));
#6622 = DIRECTION('',(-5.551115123126E-17,-1.,-0.));
#6623 = DIRECTION('',(5.463066675185E-29,-3.032611203926E-45,1.));
#6624 = ADVANCED_FACE('',(#6625),#6628,.F.);
#6625 = FACE_BOUND('',#6626,.F.);
#6626 = EDGE_LOOP('',(#6627));
#6627 = ORIENTED_EDGE('',*,*,#6601,.T.);
#6628 = PLANE('',#6629);
#6629 = AXIS2_PLACEMENT_3D('',#6630,#6631,#6632);
#6630 = CARTESIAN_POINT('',(-3.6,0.2432,-6.175));
#6631 = DIRECTION('',(-5.551115123126E-17,-1.,-0.));
#6632 = DIRECTION('',(6.10849227756E-29,-3.390894386146E-45,1.));
#6633 = ( GEOMETRIC_REPRESENTATION_CONTEXT(3) 
GLOBAL_UNCERTAINTY_ASSIGNED_CONTEXT((#6637)) 
GLOBAL_UNIT_ASSIGNED_CONTEXT((#6634,#6635,#6636)) REPRESENTATION_CONTEXT
('Context #1','3D Context with UNIT and UNCERTAINTY') );
#6634 = ( LENGTH_UNIT() NAMED_UNIT(*) SI_UNIT(.MILLI.,.METRE.) );
#6635 = ( NAMED_UNIT(*) PLANE_ANGLE_UNIT() SI_UNIT($,.RADIAN.) );
#6636 = ( NAMED_UNIT(*) SI_UNIT($,.STERADIAN.) SOLID_ANGLE_UNIT() );
#6637 = UNCERTAINTY_MEASURE_WITH_UNIT(LENGTH_MEASURE(1.E-07),#6634,
  'distance_accuracy_value','confusion accuracy');
#6638 = CONTEXT_DEPENDENT_SHAPE_REPRESENTATION(#6639,#6641);
#6639 = ( REPRESENTATION_RELATIONSHIP('','',#6594,#10) 
REPRESENTATION_RELATIONSHIP_WITH_TRANSFORMATION(#6640) 
SHAPE_REPRESENTATION_RELATIONSHIP() );
#6640 = ITEM_DEFINED_TRANSFORMATION('','',#11,#407);
#6641 = PRODUCT_DEFINITION_SHAPE('Placement','Placement of an item',
  #6642);
#6642 = NEXT_ASSEMBLY_USAGE_OCCURRENCE('141980','BALL_0097','',#5,#6589,
  $);
#6643 = PRODUCT_RELATED_PRODUCT_CATEGORY('part',$,(#6591));
#6644 = SHAPE_DEFINITION_REPRESENTATION(#6645,#6651);
#6645 = PRODUCT_DEFINITION_SHAPE('','',#6646);
#6646 = PRODUCT_DEFINITION('design','',#6647,#6650);
#6647 = PRODUCT_DEFINITION_FORMATION('','',#6648);
#6648 = PRODUCT('BALL_0098','BALL_0098','',(#6649));
#6649 = PRODUCT_CONTEXT('',#2,'mechanical');
#6650 = PRODUCT_DEFINITION_CONTEXT('part definition',#2,'design');
#6651 = ADVANCED_BREP_SHAPE_REPRESENTATION('',(#11,#6652),#6690);
#6652 = MANIFOLD_SOLID_BREP('',#6653);
#6653 = CLOSED_SHELL('',(#6654,#6681));
#6654 = ADVANCED_FACE('',(#6655),#6676,.T.);
#6655 = FACE_BOUND('',#6656,.T.);
#6656 = EDGE_LOOP('',(#6657,#6666,#6675));
#6657 = ORIENTED_EDGE('',*,*,#6658,.T.);
#6658 = EDGE_CURVE('',#6659,#6659,#6661,.T.);
#6659 = VERTEX_POINT('',#6660);
#6660 = CARTESIAN_POINT('',(-3.6,0.243199999999,-6.053399999999));
#6661 = CIRCLE('',#6662,0.121600000001);
#6662 = AXIS2_PLACEMENT_3D('',#6663,#6664,#6665);
#6663 = CARTESIAN_POINT('',(-3.6,0.243199999999,-6.175));
#6664 = DIRECTION('',(-5.551115123126E-17,-1.,0.));
#6665 = DIRECTION('',(6.108492277512E-29,-3.390894386119E-45,1.));
#6666 = ORIENTED_EDGE('',*,*,#6667,.T.);
#6667 = EDGE_CURVE('',#6659,#6668,#6670,.T.);
#6668 = VERTEX_POINT('',#6669);
#6669 = CARTESIAN_POINT('',(-3.6,1.334880397544E-13,-6.175));
#6670 = CIRCLE('',#6671,0.152);
#6671 = AXIS2_PLACEMENT_3D('',#6672,#6673,#6674);
#6672 = CARTESIAN_POINT('',(-3.6,0.152,-6.175));
#6673 = DIRECTION('',(1.,-1.110223024625E-16,-5.551115123126E-17));
#6674 = DIRECTION('',(1.110223024625E-16,1.,5.551115123126E-17));
#6675 = ORIENTED_EDGE('',*,*,#6667,.F.);
#6676 = SPHERICAL_SURFACE('',#6677,0.152);
#6677 = AXIS2_PLACEMENT_3D('',#6678,#6679,#6680);
#6678 = CARTESIAN_POINT('',(-3.6,0.152,-6.175));
#6679 = DIRECTION('',(-5.551115123126E-17,-1.,-0.));
#6680 = DIRECTION('',(5.463066675185E-29,-3.032611203926E-45,1.));
#6681 = ADVANCED_FACE('',(#6682),#6685,.F.);
#6682 = FACE_BOUND('',#6683,.F.);
#6683 = EDGE_LOOP('',(#6684));
#6684 = ORIENTED_EDGE('',*,*,#6658,.T.);
#6685 = PLANE('',#6686);
#6686 = AXIS2_PLACEMENT_3D('',#6687,#6688,#6689);
#6687 = CARTESIAN_POINT('',(-3.6,0.2432,-6.175));
#6688 = DIRECTION('',(-5.551115123126E-17,-1.,-0.));
#6689 = DIRECTION('',(6.10849227756E-29,-3.390894386146E-45,1.));
#6690 = ( GEOMETRIC_REPRESENTATION_CONTEXT(3) 
GLOBAL_UNCERTAINTY_ASSIGNED_CONTEXT((#6694)) 
GLOBAL_UNIT_ASSIGNED_CONTEXT((#6691,#6692,#6693)) REPRESENTATION_CONTEXT
('Context #1','3D Context with UNIT and UNCERTAINTY') );
#6691 = ( LENGTH_UNIT() NAMED_UNIT(*) SI_UNIT(.MILLI.,.METRE.) );
#6692 = ( NAMED_UNIT(*) PLANE_ANGLE_UNIT() SI_UNIT($,.RADIAN.) );
#6693 = ( NAMED_UNIT(*) SI_UNIT($,.STERADIAN.) SOLID_ANGLE_UNIT() );
#6694 = UNCERTAINTY_MEASURE_WITH_UNIT(LENGTH_MEASURE(1.E-07),#6691,
  'distance_accuracy_value','confusion accuracy');
#6695 = CONTEXT_DEPENDENT_SHAPE_REPRESENTATION(#6696,#6698);
#6696 = ( REPRESENTATION_RELATIONSHIP('','',#6651,#10) 
REPRESENTATION_RELATIONSHIP_WITH_TRANSFORMATION(#6697) 
SHAPE_REPRESENTATION_RELATIONSHIP() );
#6697 = ITEM_DEFINED_TRANSFORMATION('','',#11,#411);
#6698 = PRODUCT_DEFINITION_SHAPE('Placement','Placement of an item',
  #6699);
#6699 = NEXT_ASSEMBLY_USAGE_OCCURRENCE('141981','BALL_0098','',#5,#6646,
  $);
#6700 = PRODUCT_RELATED_PRODUCT_CATEGORY('part',$,(#6648));
#6701 = SHAPE_DEFINITION_REPRESENTATION(#6702,#6708);
#6702 = PRODUCT_DEFINITION_SHAPE('','',#6703);
#6703 = PRODUCT_DEFINITION('design','',#6704,#6707);
#6704 = PRODUCT_DEFINITION_FORMATION('','',#6705);
#6705 = PRODUCT('BALL_0099','BALL_0099','',(#6706));
#6706 = PRODUCT_CONTEXT('',#2,'mechanical');
#6707 = PRODUCT_DEFINITION_CONTEXT('part definition',#2,'design');
#6708 = ADVANCED_BREP_SHAPE_REPRESENTATION('',(#11,#6709),#6747);
#6709 = MANIFOLD_SOLID_BREP('',#6710);
#6710 = CLOSED_SHELL('',(#6711,#6738));
#6711 = ADVANCED_FACE('',(#6712),#6733,.T.);
#6712 = FACE_BOUND('',#6713,.T.);
#6713 = EDGE_LOOP('',(#6714,#6723,#6732));
#6714 = ORIENTED_EDGE('',*,*,#6715,.T.);
#6715 = EDGE_CURVE('',#6716,#6716,#6718,.T.);
#6716 = VERTEX_POINT('',#6717);
#6717 = CARTESIAN_POINT('',(-3.6,0.243199999999,-6.053399999999));
#6718 = CIRCLE('',#6719,0.121600000001);
#6719 = AXIS2_PLACEMENT_3D('',#6720,#6721,#6722);
#6720 = CARTESIAN_POINT('',(-3.6,0.243199999999,-6.175));
#6721 = DIRECTION('',(-5.551115123126E-17,-1.,0.));
#6722 = DIRECTION('',(6.108492277512E-29,-3.390894386119E-45,1.));
#6723 = ORIENTED_EDGE('',*,*,#6724,.T.);
#6724 = EDGE_CURVE('',#6716,#6725,#6727,.T.);
#6725 = VERTEX_POINT('',#6726);
#6726 = CARTESIAN_POINT('',(-3.6,1.334880397544E-13,-6.175));
#6727 = CIRCLE('',#6728,0.152);
#6728 = AXIS2_PLACEMENT_3D('',#6729,#6730,#6731);
#6729 = CARTESIAN_POINT('',(-3.6,0.152,-6.175));
#6730 = DIRECTION('',(1.,-1.110223024625E-16,-5.551115123126E-17));
#6731 = DIRECTION('',(1.110223024625E-16,1.,5.551115123126E-17));
#6732 = ORIENTED_EDGE('',*,*,#6724,.F.);
#6733 = SPHERICAL_SURFACE('',#6734,0.152);
#6734 = AXIS2_PLACEMENT_3D('',#6735,#6736,#6737);
#6735 = CARTESIAN_POINT('',(-3.6,0.152,-6.175));
#6736 = DIRECTION('',(-5.551115123126E-17,-1.,-0.));
#6737 = DIRECTION('',(5.463066675185E-29,-3.032611203926E-45,1.));
#6738 = ADVANCED_FACE('',(#6739),#6742,.F.);
#6739 = FACE_BOUND('',#6740,.F.);
#6740 = EDGE_LOOP('',(#6741));
#6741 = ORIENTED_EDGE('',*,*,#6715,.T.);
#6742 = PLANE('',#6743);
#6743 = AXIS2_PLACEMENT_3D('',#6744,#6745,#6746);
#6744 = CARTESIAN_POINT('',(-3.6,0.2432,-6.175));
#6745 = DIRECTION('',(-5.551115123126E-17,-1.,-0.));
#6746 = DIRECTION('',(6.10849227756E-29,-3.390894386146E-45,1.));
#6747 = ( GEOMETRIC_REPRESENTATION_CONTEXT(3) 
GLOBAL_UNCERTAINTY_ASSIGNED_CONTEXT((#6751)) 
GLOBAL_UNIT_ASSIGNED_CONTEXT((#6748,#6749,#6750)) REPRESENTATION_CONTEXT
('Context #1','3D Context with UNIT and UNCERTAINTY') );
#6748 = ( LENGTH_UNIT() NAMED_UNIT(*) SI_UNIT(.MILLI.,.METRE.) );
#6749 = ( NAMED_UNIT(*) PLANE_ANGLE_UNIT() SI_UNIT($,.RADIAN.) );
#6750 = ( NAMED_UNIT(*) SI_UNIT($,.STERADIAN.) SOLID_ANGLE_UNIT() );
#6751 = UNCERTAINTY_MEASURE_WITH_UNIT(LENGTH_MEASURE(1.E-07),#6748,
  'distance_accuracy_value','confusion accuracy');
#6752 = CONTEXT_DEPENDENT_SHAPE_REPRESENTATION(#6753,#6755);
#6753 = ( REPRESENTATION_RELATIONSHIP('','',#6708,#10) 
REPRESENTATION_RELATIONSHIP_WITH_TRANSFORMATION(#6754) 
SHAPE_REPRESENTATION_RELATIONSHIP() );
#6754 = ITEM_DEFINED_TRANSFORMATION('','',#11,#415);
#6755 = PRODUCT_DEFINITION_SHAPE('Placement','Placement of an item',
  #6756);
#6756 = NEXT_ASSEMBLY_USAGE_OCCURRENCE('141982','BALL_0099','',#5,#6703,
  $);
#6757 = PRODUCT_RELATED_PRODUCT_CATEGORY('part',$,(#6705));
#6758 = SHAPE_DEFINITION_REPRESENTATION(#6759,#6765);
#6759 = PRODUCT_DEFINITION_SHAPE('','',#6760);
#6760 = PRODUCT_DEFINITION('design','',#6761,#6764);
#6761 = PRODUCT_DEFINITION_FORMATION('','',#6762);
#6762 = PRODUCT('BALL_0100','BALL_0100','',(#6763));
#6763 = PRODUCT_CONTEXT('',#2,'mechanical');
#6764 = PRODUCT_DEFINITION_CONTEXT('part definition',#2,'design');
#6765 = ADVANCED_BREP_SHAPE_REPRESENTATION('',(#11,#6766),#6804);
#6766 = MANIFOLD_SOLID_BREP('',#6767);
#6767 = CLOSED_SHELL('',(#6768,#6795));
#6768 = ADVANCED_FACE('',(#6769),#6790,.T.);
#6769 = FACE_BOUND('',#6770,.T.);
#6770 = EDGE_LOOP('',(#6771,#6780,#6789));
#6771 = ORIENTED_EDGE('',*,*,#6772,.T.);
#6772 = EDGE_CURVE('',#6773,#6773,#6775,.T.);
#6773 = VERTEX_POINT('',#6774);
#6774 = CARTESIAN_POINT('',(-3.6,0.243199999999,-6.053399999999));
#6775 = CIRCLE('',#6776,0.121600000001);
#6776 = AXIS2_PLACEMENT_3D('',#6777,#6778,#6779);
#6777 = CARTESIAN_POINT('',(-3.6,0.243199999999,-6.175));
#6778 = DIRECTION('',(-5.551115123126E-17,-1.,0.));
#6779 = DIRECTION('',(6.108492277512E-29,-3.390894386119E-45,1.));
#6780 = ORIENTED_EDGE('',*,*,#6781,.T.);
#6781 = EDGE_CURVE('',#6773,#6782,#6784,.T.);
#6782 = VERTEX_POINT('',#6783);
#6783 = CARTESIAN_POINT('',(-3.6,1.334880397544E-13,-6.175));
#6784 = CIRCLE('',#6785,0.152);
#6785 = AXIS2_PLACEMENT_3D('',#6786,#6787,#6788);
#6786 = CARTESIAN_POINT('',(-3.6,0.152,-6.175));
#6787 = DIRECTION('',(1.,-1.110223024625E-16,-5.551115123126E-17));
#6788 = DIRECTION('',(1.110223024625E-16,1.,5.551115123126E-17));
#6789 = ORIENTED_EDGE('',*,*,#6781,.F.);
#6790 = SPHERICAL_SURFACE('',#6791,0.152);
#6791 = AXIS2_PLACEMENT_3D('',#6792,#6793,#6794);
#6792 = CARTESIAN_POINT('',(-3.6,0.152,-6.175));
#6793 = DIRECTION('',(-5.551115123126E-17,-1.,-0.));
#6794 = DIRECTION('',(5.463066675185E-29,-3.032611203926E-45,1.));
#6795 = ADVANCED_FACE('',(#6796),#6799,.F.);
#6796 = FACE_BOUND('',#6797,.F.);
#6797 = EDGE_LOOP('',(#6798));
#6798 = ORIENTED_EDGE('',*,*,#6772,.T.);
#6799 = PLANE('',#6800);
#6800 = AXIS2_PLACEMENT_3D('',#6801,#6802,#6803);
#6801 = CARTESIAN_POINT('',(-3.6,0.2432,-6.175));
#6802 = DIRECTION('',(-5.551115123126E-17,-1.,-0.));
#6803 = DIRECTION('',(6.10849227756E-29,-3.390894386146E-45,1.));
#6804 = ( GEOMETRIC_REPRESENTATION_CONTEXT(3) 
GLOBAL_UNCERTAINTY_ASSIGNED_CONTEXT((#6808)) 
GLOBAL_UNIT_ASSIGNED_CONTEXT((#6805,#6806,#6807)) REPRESENTATION_CONTEXT
('Context #1','3D Context with UNIT and UNCERTAINTY') );
#6805 = ( LENGTH_UNIT() NAMED_UNIT(*) SI_UNIT(.MILLI.,.METRE.) );
#6806 = ( NAMED_UNIT(*) PLANE_ANGLE_UNIT() SI_UNIT($,.RADIAN.) );
#6807 = ( NAMED_UNIT(*) SI_UNIT($,.STERADIAN.) SOLID_ANGLE_UNIT() );
#6808 = UNCERTAINTY_MEASURE_WITH_UNIT(LENGTH_MEASURE(1.E-07),#6805,
  'distance_accuracy_value','confusion accuracy');
#6809 = CONTEXT_DEPENDENT_SHAPE_REPRESENTATION(#6810,#6812);
#6810 = ( REPRESENTATION_RELATIONSHIP('','',#6765,#10) 
REPRESENTATION_RELATIONSHIP_WITH_TRANSFORMATION(#6811) 
SHAPE_REPRESENTATION_RELATIONSHIP() );
#6811 = ITEM_DEFINED_TRANSFORMATION('','',#11,#419);
#6812 = PRODUCT_DEFINITION_SHAPE('Placement','Placement of an item',
  #6813);
#6813 = NEXT_ASSEMBLY_USAGE_OCCURRENCE('141983','BALL_0100','',#5,#6760,
  $);
#6814 = PRODUCT_RELATED_PRODUCT_CATEGORY('part',$,(#6762));
#6815 = SHAPE_DEFINITION_REPRESENTATION(#6816,#6822);
#6816 = PRODUCT_DEFINITION_SHAPE('','',#6817);
#6817 = PRODUCT_DEFINITION('design','',#6818,#6821);
#6818 = PRODUCT_DEFINITION_FORMATION('','',#6819);
#6819 = PRODUCT('BALL_0101','BALL_0101','',(#6820));
#6820 = PRODUCT_CONTEXT('',#2,'mechanical');
#6821 = PRODUCT_DEFINITION_CONTEXT('part definition',#2,'design');
#6822 = ADVANCED_BREP_SHAPE_REPRESENTATION('',(#11,#6823),#6861);
#6823 = MANIFOLD_SOLID_BREP('',#6824);
#6824 = CLOSED_SHELL('',(#6825,#6852));
#6825 = ADVANCED_FACE('',(#6826),#6847,.T.);
#6826 = FACE_BOUND('',#6827,.T.);
#6827 = EDGE_LOOP('',(#6828,#6837,#6846));
#6828 = ORIENTED_EDGE('',*,*,#6829,.T.);
#6829 = EDGE_CURVE('',#6830,#6830,#6832,.T.);
#6830 = VERTEX_POINT('',#6831);
#6831 = CARTESIAN_POINT('',(-3.6,0.243199999999,-6.053399999999));
#6832 = CIRCLE('',#6833,0.121600000001);
#6833 = AXIS2_PLACEMENT_3D('',#6834,#6835,#6836);
#6834 = CARTESIAN_POINT('',(-3.6,0.243199999999,-6.175));
#6835 = DIRECTION('',(-5.551115123126E-17,-1.,0.));
#6836 = DIRECTION('',(6.108492277512E-29,-3.390894386119E-45,1.));
#6837 = ORIENTED_EDGE('',*,*,#6838,.T.);
#6838 = EDGE_CURVE('',#6830,#6839,#6841,.T.);
#6839 = VERTEX_POINT('',#6840);
#6840 = CARTESIAN_POINT('',(-3.6,1.334880397544E-13,-6.175));
#6841 = CIRCLE('',#6842,0.152);
#6842 = AXIS2_PLACEMENT_3D('',#6843,#6844,#6845);
#6843 = CARTESIAN_POINT('',(-3.6,0.152,-6.175));
#6844 = DIRECTION('',(1.,-1.110223024625E-16,-5.551115123126E-17));
#6845 = DIRECTION('',(1.110223024625E-16,1.,5.551115123126E-17));
#6846 = ORIENTED_EDGE('',*,*,#6838,.F.);
#6847 = SPHERICAL_SURFACE('',#6848,0.152);
#6848 = AXIS2_PLACEMENT_3D('',#6849,#6850,#6851);
#6849 = CARTESIAN_POINT('',(-3.6,0.152,-6.175));
#6850 = DIRECTION('',(-5.551115123126E-17,-1.,-0.));
#6851 = DIRECTION('',(5.463066675185E-29,-3.032611203926E-45,1.));
#6852 = ADVANCED_FACE('',(#6853),#6856,.F.);
#6853 = FACE_BOUND('',#6854,.F.);
#6854 = EDGE_LOOP('',(#6855));
#6855 = ORIENTED_EDGE('',*,*,#6829,.T.);
#6856 = PLANE('',#6857);
#6857 = AXIS2_PLACEMENT_3D('',#6858,#6859,#6860);
#6858 = CARTESIAN_POINT('',(-3.6,0.2432,-6.175));
#6859 = DIRECTION('',(-5.551115123126E-17,-1.,-0.));
#6860 = DIRECTION('',(6.10849227756E-29,-3.390894386146E-45,1.));
#6861 = ( GEOMETRIC_REPRESENTATION_CONTEXT(3) 
GLOBAL_UNCERTAINTY_ASSIGNED_CONTEXT((#6865)) 
GLOBAL_UNIT_ASSIGNED_CONTEXT((#6862,#6863,#6864)) REPRESENTATION_CONTEXT
('Context #1','3D Context with UNIT and UNCERTAINTY') );
#6862 = ( LENGTH_UNIT() NAMED_UNIT(*) SI_UNIT(.MILLI.,.METRE.) );
#6863 = ( NAMED_UNIT(*) PLANE_ANGLE_UNIT() SI_UNIT($,.RADIAN.) );
#6864 = ( NAMED_UNIT(*) SI_UNIT($,.STERADIAN.) SOLID_ANGLE_UNIT() );
#6865 = UNCERTAINTY_MEASURE_WITH_UNIT(LENGTH_MEASURE(1.E-07),#6862,
  'distance_accuracy_value','confusion accuracy');
#6866 = CONTEXT_DEPENDENT_SHAPE_REPRESENTATION(#6867,#6869);
#6867 = ( REPRESENTATION_RELATIONSHIP('','',#6822,#10) 
REPRESENTATION_RELATIONSHIP_WITH_TRANSFORMATION(#6868) 
SHAPE_REPRESENTATION_RELATIONSHIP() );
#6868 = ITEM_DEFINED_TRANSFORMATION('','',#11,#423);
#6869 = PRODUCT_DEFINITION_SHAPE('Placement','Placement of an item',
  #6870);
#6870 = NEXT_ASSEMBLY_USAGE_OCCURRENCE('141984','BALL_0101','',#5,#6817,
  $);
#6871 = PRODUCT_RELATED_PRODUCT_CATEGORY('part',$,(#6819));
#6872 = SHAPE_DEFINITION_REPRESENTATION(#6873,#6879);
#6873 = PRODUCT_DEFINITION_SHAPE('','',#6874);
#6874 = PRODUCT_DEFINITION('design','',#6875,#6878);
#6875 = PRODUCT_DEFINITION_FORMATION('','',#6876);
#6876 = PRODUCT('BALL_0102','BALL_0102','',(#6877));
#6877 = PRODUCT_CONTEXT('',#2,'mechanical');
#6878 = PRODUCT_DEFINITION_CONTEXT('part definition',#2,'design');
#6879 = ADVANCED_BREP_SHAPE_REPRESENTATION('',(#11,#6880),#6918);
#6880 = MANIFOLD_SOLID_BREP('',#6881);
#6881 = CLOSED_SHELL('',(#6882,#6909));
#6882 = ADVANCED_FACE('',(#6883),#6904,.T.);
#6883 = FACE_BOUND('',#6884,.T.);
#6884 = EDGE_LOOP('',(#6885,#6894,#6903));
#6885 = ORIENTED_EDGE('',*,*,#6886,.T.);
#6886 = EDGE_CURVE('',#6887,#6887,#6889,.T.);
#6887 = VERTEX_POINT('',#6888);
#6888 = CARTESIAN_POINT('',(-3.6,0.243199999999,-6.053399999999));
#6889 = CIRCLE('',#6890,0.121600000001);
#6890 = AXIS2_PLACEMENT_3D('',#6891,#6892,#6893);
#6891 = CARTESIAN_POINT('',(-3.6,0.243199999999,-6.175));
#6892 = DIRECTION('',(-5.551115123126E-17,-1.,0.));
#6893 = DIRECTION('',(6.108492277512E-29,-3.390894386119E-45,1.));
#6894 = ORIENTED_EDGE('',*,*,#6895,.T.);
#6895 = EDGE_CURVE('',#6887,#6896,#6898,.T.);
#6896 = VERTEX_POINT('',#6897);
#6897 = CARTESIAN_POINT('',(-3.6,1.334880397544E-13,-6.175));
#6898 = CIRCLE('',#6899,0.152);
#6899 = AXIS2_PLACEMENT_3D('',#6900,#6901,#6902);
#6900 = CARTESIAN_POINT('',(-3.6,0.152,-6.175));
#6901 = DIRECTION('',(1.,-1.110223024625E-16,-5.551115123126E-17));
#6902 = DIRECTION('',(1.110223024625E-16,1.,5.551115123126E-17));
#6903 = ORIENTED_EDGE('',*,*,#6895,.F.);
#6904 = SPHERICAL_SURFACE('',#6905,0.152);
#6905 = AXIS2_PLACEMENT_3D('',#6906,#6907,#6908);
#6906 = CARTESIAN_POINT('',(-3.6,0.152,-6.175));
#6907 = DIRECTION('',(-5.551115123126E-17,-1.,-0.));
#6908 = DIRECTION('',(5.463066675185E-29,-3.032611203926E-45,1.));
#6909 = ADVANCED_FACE('',(#6910),#6913,.F.);
#6910 = FACE_BOUND('',#6911,.F.);
#6911 = EDGE_LOOP('',(#6912));
#6912 = ORIENTED_EDGE('',*,*,#6886,.T.);
#6913 = PLANE('',#6914);
#6914 = AXIS2_PLACEMENT_3D('',#6915,#6916,#6917);
#6915 = CARTESIAN_POINT('',(-3.6,0.2432,-6.175));
#6916 = DIRECTION('',(-5.551115123126E-17,-1.,-0.));
#6917 = DIRECTION('',(6.10849227756E-29,-3.390894386146E-45,1.));
#6918 = ( GEOMETRIC_REPRESENTATION_CONTEXT(3) 
GLOBAL_UNCERTAINTY_ASSIGNED_CONTEXT((#6922)) 
GLOBAL_UNIT_ASSIGNED_CONTEXT((#6919,#6920,#6921)) REPRESENTATION_CONTEXT
('Context #1','3D Context with UNIT and UNCERTAINTY') );
#6919 = ( LENGTH_UNIT() NAMED_UNIT(*) SI_UNIT(.MILLI.,.METRE.) );
#6920 = ( NAMED_UNIT(*) PLANE_ANGLE_UNIT() SI_UNIT($,.RADIAN.) );
#6921 = ( NAMED_UNIT(*) SI_UNIT($,.STERADIAN.) SOLID_ANGLE_UNIT() );
#6922 = UNCERTAINTY_MEASURE_WITH_UNIT(LENGTH_MEASURE(1.E-07),#6919,
  'distance_accuracy_value','confusion accuracy');
#6923 = CONTEXT_DEPENDENT_SHAPE_REPRESENTATION(#6924,#6926);
#6924 = ( REPRESENTATION_RELATIONSHIP('','',#6879,#10) 
REPRESENTATION_RELATIONSHIP_WITH_TRANSFORMATION(#6925) 
SHAPE_REPRESENTATION_RELATIONSHIP() );
#6925 = ITEM_DEFINED_TRANSFORMATION('','',#11,#427);
#6926 = PRODUCT_DEFINITION_SHAPE('Placement','Placement of an item',
  #6927);
#6927 = NEXT_ASSEMBLY_USAGE_OCCURRENCE('141985','BALL_0102','',#5,#6874,
  $);
#6928 = PRODUCT_RELATED_PRODUCT_CATEGORY('part',$,(#6876));
#6929 = SHAPE_DEFINITION_REPRESENTATION(#6930,#6936);
#6930 = PRODUCT_DEFINITION_SHAPE('','',#6931);
#6931 = PRODUCT_DEFINITION('design','',#6932,#6935);
#6932 = PRODUCT_DEFINITION_FORMATION('','',#6933);
#6933 = PRODUCT('BALL_0103','BALL_0103','',(#6934));
#6934 = PRODUCT_CONTEXT('',#2,'mechanical');
#6935 = PRODUCT_DEFINITION_CONTEXT('part definition',#2,'design');
#6936 = ADVANCED_BREP_SHAPE_REPRESENTATION('',(#11,#6937),#6975);
#6937 = MANIFOLD_SOLID_BREP('',#6938);
#6938 = CLOSED_SHELL('',(#6939,#6966));
#6939 = ADVANCED_FACE('',(#6940),#6961,.T.);
#6940 = FACE_BOUND('',#6941,.T.);
#6941 = EDGE_LOOP('',(#6942,#6951,#6960));
#6942 = ORIENTED_EDGE('',*,*,#6943,.T.);
#6943 = EDGE_CURVE('',#6944,#6944,#6946,.T.);
#6944 = VERTEX_POINT('',#6945);
#6945 = CARTESIAN_POINT('',(-3.6,0.243199999999,-6.053399999999));
#6946 = CIRCLE('',#6947,0.121600000001);
#6947 = AXIS2_PLACEMENT_3D('',#6948,#6949,#6950);
#6948 = CARTESIAN_POINT('',(-3.6,0.243199999999,-6.175));
#6949 = DIRECTION('',(-5.551115123126E-17,-1.,0.));
#6950 = DIRECTION('',(6.108492277512E-29,-3.390894386119E-45,1.));
#6951 = ORIENTED_EDGE('',*,*,#6952,.T.);
#6952 = EDGE_CURVE('',#6944,#6953,#6955,.T.);
#6953 = VERTEX_POINT('',#6954);
#6954 = CARTESIAN_POINT('',(-3.6,1.334880397544E-13,-6.175));
#6955 = CIRCLE('',#6956,0.152);
#6956 = AXIS2_PLACEMENT_3D('',#6957,#6958,#6959);
#6957 = CARTESIAN_POINT('',(-3.6,0.152,-6.175));
#6958 = DIRECTION('',(1.,-1.110223024625E-16,-5.551115123126E-17));
#6959 = DIRECTION('',(1.110223024625E-16,1.,5.551115123126E-17));
#6960 = ORIENTED_EDGE('',*,*,#6952,.F.);
#6961 = SPHERICAL_SURFACE('',#6962,0.152);
#6962 = AXIS2_PLACEMENT_3D('',#6963,#6964,#6965);
#6963 = CARTESIAN_POINT('',(-3.6,0.152,-6.175));
#6964 = DIRECTION('',(-5.551115123126E-17,-1.,-0.));
#6965 = DIRECTION('',(5.463066675185E-29,-3.032611203926E-45,1.));
#6966 = ADVANCED_FACE('',(#6967),#6970,.F.);
#6967 = FACE_BOUND('',#6968,.F.);
#6968 = EDGE_LOOP('',(#6969));
#6969 = ORIENTED_EDGE('',*,*,#6943,.T.);
#6970 = PLANE('',#6971);
#6971 = AXIS2_PLACEMENT_3D('',#6972,#6973,#6974);
#6972 = CARTESIAN_POINT('',(-3.6,0.2432,-6.175));
#6973 = DIRECTION('',(-5.551115123126E-17,-1.,-0.));
#6974 = DIRECTION('',(6.10849227756E-29,-3.390894386146E-45,1.));
#6975 = ( GEOMETRIC_REPRESENTATION_CONTEXT(3) 
GLOBAL_UNCERTAINTY_ASSIGNED_CONTEXT((#6979)) 
GLOBAL_UNIT_ASSIGNED_CONTEXT((#6976,#6977,#6978)) REPRESENTATION_CONTEXT
('Context #1','3D Context with UNIT and UNCERTAINTY') );
#6976 = ( LENGTH_UNIT() NAMED_UNIT(*) SI_UNIT(.MILLI.,.METRE.) );
#6977 = ( NAMED_UNIT(*) PLANE_ANGLE_UNIT() SI_UNIT($,.RADIAN.) );
#6978 = ( NAMED_UNIT(*) SI_UNIT($,.STERADIAN.) SOLID_ANGLE_UNIT() );
#6979 = UNCERTAINTY_MEASURE_WITH_UNIT(LENGTH_MEASURE(1.E-07),#6976,
  'distance_accuracy_value','confusion accuracy');
#6980 = CONTEXT_DEPENDENT_SHAPE_REPRESENTATION(#6981,#6983);
#6981 = ( REPRESENTATION_RELATIONSHIP('','',#6936,#10) 
REPRESENTATION_RELATIONSHIP_WITH_TRANSFORMATION(#6982) 
SHAPE_REPRESENTATION_RELATIONSHIP() );
#6982 = ITEM_DEFINED_TRANSFORMATION('','',#11,#431);
#6983 = PRODUCT_DEFINITION_SHAPE('Placement','Placement of an item',
  #6984);
#6984 = NEXT_ASSEMBLY_USAGE_OCCURRENCE('141986','BALL_0103','',#5,#6931,
  $);
#6985 = PRODUCT_RELATED_PRODUCT_CATEGORY('part',$,(#6933));
#6986 = SHAPE_DEFINITION_REPRESENTATION(#6987,#6993);
#6987 = PRODUCT_DEFINITION_SHAPE('','',#6988);
#6988 = PRODUCT_DEFINITION('design','',#6989,#6992);
#6989 = PRODUCT_DEFINITION_FORMATION('','',#6990);
#6990 = PRODUCT('BALL_0104','BALL_0104','',(#6991));
#6991 = PRODUCT_CONTEXT('',#2,'mechanical');
#6992 = PRODUCT_DEFINITION_CONTEXT('part definition',#2,'design');
#6993 = ADVANCED_BREP_SHAPE_REPRESENTATION('',(#11,#6994),#7032);
#6994 = MANIFOLD_SOLID_BREP('',#6995);
#6995 = CLOSED_SHELL('',(#6996,#7023));
#6996 = ADVANCED_FACE('',(#6997),#7018,.T.);
#6997 = FACE_BOUND('',#6998,.T.);
#6998 = EDGE_LOOP('',(#6999,#7008,#7017));
#6999 = ORIENTED_EDGE('',*,*,#7000,.T.);
#7000 = EDGE_CURVE('',#7001,#7001,#7003,.T.);
#7001 = VERTEX_POINT('',#7002);
#7002 = CARTESIAN_POINT('',(-3.6,0.243199999999,-6.053399999999));
#7003 = CIRCLE('',#7004,0.121600000001);
#7004 = AXIS2_PLACEMENT_3D('',#7005,#7006,#7007);
#7005 = CARTESIAN_POINT('',(-3.6,0.243199999999,-6.175));
#7006 = DIRECTION('',(-5.551115123126E-17,-1.,0.));
#7007 = DIRECTION('',(6.108492277512E-29,-3.390894386119E-45,1.));
#7008 = ORIENTED_EDGE('',*,*,#7009,.T.);
#7009 = EDGE_CURVE('',#7001,#7010,#7012,.T.);
#7010 = VERTEX_POINT('',#7011);
#7011 = CARTESIAN_POINT('',(-3.6,1.334880397544E-13,-6.175));
#7012 = CIRCLE('',#7013,0.152);
#7013 = AXIS2_PLACEMENT_3D('',#7014,#7015,#7016);
#7014 = CARTESIAN_POINT('',(-3.6,0.152,-6.175));
#7015 = DIRECTION('',(1.,-1.110223024625E-16,-5.551115123126E-17));
#7016 = DIRECTION('',(1.110223024625E-16,1.,5.551115123126E-17));
#7017 = ORIENTED_EDGE('',*,*,#7009,.F.);
#7018 = SPHERICAL_SURFACE('',#7019,0.152);
#7019 = AXIS2_PLACEMENT_3D('',#7020,#7021,#7022);
#7020 = CARTESIAN_POINT('',(-3.6,0.152,-6.175));
#7021 = DIRECTION('',(-5.551115123126E-17,-1.,-0.));
#7022 = DIRECTION('',(5.463066675185E-29,-3.032611203926E-45,1.));
#7023 = ADVANCED_FACE('',(#7024),#7027,.F.);
#7024 = FACE_BOUND('',#7025,.F.);
#7025 = EDGE_LOOP('',(#7026));
#7026 = ORIENTED_EDGE('',*,*,#7000,.T.);
#7027 = PLANE('',#7028);
#7028 = AXIS2_PLACEMENT_3D('',#7029,#7030,#7031);
#7029 = CARTESIAN_POINT('',(-3.6,0.2432,-6.175));
#7030 = DIRECTION('',(-5.551115123126E-17,-1.,-0.));
#7031 = DIRECTION('',(6.10849227756E-29,-3.390894386146E-45,1.));
#7032 = ( GEOMETRIC_REPRESENTATION_CONTEXT(3) 
GLOBAL_UNCERTAINTY_ASSIGNED_CONTEXT((#7036)) 
GLOBAL_UNIT_ASSIGNED_CONTEXT((#7033,#7034,#7035)) REPRESENTATION_CONTEXT
('Context #1','3D Context with UNIT and UNCERTAINTY') );
#7033 = ( LENGTH_UNIT() NAMED_UNIT(*) SI_UNIT(.MILLI.,.METRE.) );
#7034 = ( NAMED_UNIT(*) PLANE_ANGLE_UNIT() SI_UNIT($,.RADIAN.) );
#7035 = ( NAMED_UNIT(*) SI_UNIT($,.STERADIAN.) SOLID_ANGLE_UNIT() );
#7036 = UNCERTAINTY_MEASURE_WITH_UNIT(LENGTH_MEASURE(1.E-07),#7033,
  'distance_accuracy_value','confusion accuracy');
#7037 = CONTEXT_DEPENDENT_SHAPE_REPRESENTATION(#7038,#7040);
#7038 = ( REPRESENTATION_RELATIONSHIP('','',#6993,#10) 
REPRESENTATION_RELATIONSHIP_WITH_TRANSFORMATION(#7039) 
SHAPE_REPRESENTATION_RELATIONSHIP() );
#7039 = ITEM_DEFINED_TRANSFORMATION('','',#11,#435);
#7040 = PRODUCT_DEFINITION_SHAPE('Placement','Placement of an item',
  #7041);
#7041 = NEXT_ASSEMBLY_USAGE_OCCURRENCE('141987','BALL_0104','',#5,#6988,
  $);
#7042 = PRODUCT_RELATED_PRODUCT_CATEGORY('part',$,(#6990));
#7043 = SHAPE_DEFINITION_REPRESENTATION(#7044,#7050);
#7044 = PRODUCT_DEFINITION_SHAPE('','',#7045);
#7045 = PRODUCT_DEFINITION('design','',#7046,#7049);
#7046 = PRODUCT_DEFINITION_FORMATION('','',#7047);
#7047 = PRODUCT('BALL_0105','BALL_0105','',(#7048));
#7048 = PRODUCT_CONTEXT('',#2,'mechanical');
#7049 = PRODUCT_DEFINITION_CONTEXT('part definition',#2,'design');
#7050 = ADVANCED_BREP_SHAPE_REPRESENTATION('',(#11,#7051),#7089);
#7051 = MANIFOLD_SOLID_BREP('',#7052);
#7052 = CLOSED_SHELL('',(#7053,#7080));
#7053 = ADVANCED_FACE('',(#7054),#7075,.T.);
#7054 = FACE_BOUND('',#7055,.T.);
#7055 = EDGE_LOOP('',(#7056,#7065,#7074));
#7056 = ORIENTED_EDGE('',*,*,#7057,.T.);
#7057 = EDGE_CURVE('',#7058,#7058,#7060,.T.);
#7058 = VERTEX_POINT('',#7059);
#7059 = CARTESIAN_POINT('',(-3.6,0.243199999999,-6.053399999999));
#7060 = CIRCLE('',#7061,0.121600000001);
#7061 = AXIS2_PLACEMENT_3D('',#7062,#7063,#7064);
#7062 = CARTESIAN_POINT('',(-3.6,0.243199999999,-6.175));
#7063 = DIRECTION('',(-5.551115123126E-17,-1.,0.));
#7064 = DIRECTION('',(6.108492277512E-29,-3.390894386119E-45,1.));
#7065 = ORIENTED_EDGE('',*,*,#7066,.T.);
#7066 = EDGE_CURVE('',#7058,#7067,#7069,.T.);
#7067 = VERTEX_POINT('',#7068);
#7068 = CARTESIAN_POINT('',(-3.6,1.334880397544E-13,-6.175));
#7069 = CIRCLE('',#7070,0.152);
#7070 = AXIS2_PLACEMENT_3D('',#7071,#7072,#7073);
#7071 = CARTESIAN_POINT('',(-3.6,0.152,-6.175));
#7072 = DIRECTION('',(1.,-1.110223024625E-16,-5.551115123126E-17));
#7073 = DIRECTION('',(1.110223024625E-16,1.,5.551115123126E-17));
#7074 = ORIENTED_EDGE('',*,*,#7066,.F.);
#7075 = SPHERICAL_SURFACE('',#7076,0.152);
#7076 = AXIS2_PLACEMENT_3D('',#7077,#7078,#7079);
#7077 = CARTESIAN_POINT('',(-3.6,0.152,-6.175));
#7078 = DIRECTION('',(-5.551115123126E-17,-1.,-0.));
#7079 = DIRECTION('',(5.463066675185E-29,-3.032611203926E-45,1.));
#7080 = ADVANCED_FACE('',(#7081),#7084,.F.);
#7081 = FACE_BOUND('',#7082,.F.);
#7082 = EDGE_LOOP('',(#7083));
#7083 = ORIENTED_EDGE('',*,*,#7057,.T.);
#7084 = PLANE('',#7085);
#7085 = AXIS2_PLACEMENT_3D('',#7086,#7087,#7088);
#7086 = CARTESIAN_POINT('',(-3.6,0.2432,-6.175));
#7087 = DIRECTION('',(-5.551115123126E-17,-1.,-0.));
#7088 = DIRECTION('',(6.10849227756E-29,-3.390894386146E-45,1.));
#7089 = ( GEOMETRIC_REPRESENTATION_CONTEXT(3) 
GLOBAL_UNCERTAINTY_ASSIGNED_CONTEXT((#7093)) 
GLOBAL_UNIT_ASSIGNED_CONTEXT((#7090,#7091,#7092)) REPRESENTATION_CONTEXT
('Context #1','3D Context with UNIT and UNCERTAINTY') );
#7090 = ( LENGTH_UNIT() NAMED_UNIT(*) SI_UNIT(.MILLI.,.METRE.) );
#7091 = ( NAMED_UNIT(*) PLANE_ANGLE_UNIT() SI_UNIT($,.RADIAN.) );
#7092 = ( NAMED_UNIT(*) SI_UNIT($,.STERADIAN.) SOLID_ANGLE_UNIT() );
#7093 = UNCERTAINTY_MEASURE_WITH_UNIT(LENGTH_MEASURE(1.E-07),#7090,
  'distance_accuracy_value','confusion accuracy');
#7094 = CONTEXT_DEPENDENT_SHAPE_REPRESENTATION(#7095,#7097);
#7095 = ( REPRESENTATION_RELATIONSHIP('','',#7050,#10) 
REPRESENTATION_RELATIONSHIP_WITH_TRANSFORMATION(#7096) 
SHAPE_REPRESENTATION_RELATIONSHIP() );
#7096 = ITEM_DEFINED_TRANSFORMATION('','',#11,#439);
#7097 = PRODUCT_DEFINITION_SHAPE('Placement','Placement of an item',
  #7098);
#7098 = NEXT_ASSEMBLY_USAGE_OCCURRENCE('141988','BALL_0105','',#5,#7045,
  $);
#7099 = PRODUCT_RELATED_PRODUCT_CATEGORY('part',$,(#7047));
#7100 = SHAPE_DEFINITION_REPRESENTATION(#7101,#7107);
#7101 = PRODUCT_DEFINITION_SHAPE('','',#7102);
#7102 = PRODUCT_DEFINITION('design','',#7103,#7106);
#7103 = PRODUCT_DEFINITION_FORMATION('','',#7104);
#7104 = PRODUCT('BALL_0106','BALL_0106','',(#7105));
#7105 = PRODUCT_CONTEXT('',#2,'mechanical');
#7106 = PRODUCT_DEFINITION_CONTEXT('part definition',#2,'design');
#7107 = ADVANCED_BREP_SHAPE_REPRESENTATION('',(#11,#7108),#7146);
#7108 = MANIFOLD_SOLID_BREP('',#7109);
#7109 = CLOSED_SHELL('',(#7110,#7137));
#7110 = ADVANCED_FACE('',(#7111),#7132,.T.);
#7111 = FACE_BOUND('',#7112,.T.);
#7112 = EDGE_LOOP('',(#7113,#7122,#7131));
#7113 = ORIENTED_EDGE('',*,*,#7114,.T.);
#7114 = EDGE_CURVE('',#7115,#7115,#7117,.T.);
#7115 = VERTEX_POINT('',#7116);
#7116 = CARTESIAN_POINT('',(-3.6,0.243199999999,-6.053399999999));
#7117 = CIRCLE('',#7118,0.121600000001);
#7118 = AXIS2_PLACEMENT_3D('',#7119,#7120,#7121);
#7119 = CARTESIAN_POINT('',(-3.6,0.243199999999,-6.175));
#7120 = DIRECTION('',(-5.551115123126E-17,-1.,0.));
#7121 = DIRECTION('',(6.108492277512E-29,-3.390894386119E-45,1.));
#7122 = ORIENTED_EDGE('',*,*,#7123,.T.);
#7123 = EDGE_CURVE('',#7115,#7124,#7126,.T.);
#7124 = VERTEX_POINT('',#7125);
#7125 = CARTESIAN_POINT('',(-3.6,1.334880397544E-13,-6.175));
#7126 = CIRCLE('',#7127,0.152);
#7127 = AXIS2_PLACEMENT_3D('',#7128,#7129,#7130);
#7128 = CARTESIAN_POINT('',(-3.6,0.152,-6.175));
#7129 = DIRECTION('',(1.,-1.110223024625E-16,-5.551115123126E-17));
#7130 = DIRECTION('',(1.110223024625E-16,1.,5.551115123126E-17));
#7131 = ORIENTED_EDGE('',*,*,#7123,.F.);
#7132 = SPHERICAL_SURFACE('',#7133,0.152);
#7133 = AXIS2_PLACEMENT_3D('',#7134,#7135,#7136);
#7134 = CARTESIAN_POINT('',(-3.6,0.152,-6.175));
#7135 = DIRECTION('',(-5.551115123126E-17,-1.,-0.));
#7136 = DIRECTION('',(5.463066675185E-29,-3.032611203926E-45,1.));
#7137 = ADVANCED_FACE('',(#7138),#7141,.F.);
#7138 = FACE_BOUND('',#7139,.F.);
#7139 = EDGE_LOOP('',(#7140));
#7140 = ORIENTED_EDGE('',*,*,#7114,.T.);
#7141 = PLANE('',#7142);
#7142 = AXIS2_PLACEMENT_3D('',#7143,#7144,#7145);
#7143 = CARTESIAN_POINT('',(-3.6,0.2432,-6.175));
#7144 = DIRECTION('',(-5.551115123126E-17,-1.,-0.));
#7145 = DIRECTION('',(6.10849227756E-29,-3.390894386146E-45,1.));
#7146 = ( GEOMETRIC_REPRESENTATION_CONTEXT(3) 
GLOBAL_UNCERTAINTY_ASSIGNED_CONTEXT((#7150)) 
GLOBAL_UNIT_ASSIGNED_CONTEXT((#7147,#7148,#7149)) REPRESENTATION_CONTEXT
('Context #1','3D Context with UNIT and UNCERTAINTY') );
#7147 = ( LENGTH_UNIT() NAMED_UNIT(*) SI_UNIT(.MILLI.,.METRE.) );
#7148 = ( NAMED_UNIT(*) PLANE_ANGLE_UNIT() SI_UNIT($,.RADIAN.) );
#7149 = ( NAMED_UNIT(*) SI_UNIT($,.STERADIAN.) SOLID_ANGLE_UNIT() );
#7150 = UNCERTAINTY_MEASURE_WITH_UNIT(LENGTH_MEASURE(1.E-07),#7147,
  'distance_accuracy_value','confusion accuracy');
#7151 = CONTEXT_DEPENDENT_SHAPE_REPRESENTATION(#7152,#7154);
#7152 = ( REPRESENTATION_RELATIONSHIP('','',#7107,#10) 
REPRESENTATION_RELATIONSHIP_WITH_TRANSFORMATION(#7153) 
SHAPE_REPRESENTATION_RELATIONSHIP() );
#7153 = ITEM_DEFINED_TRANSFORMATION('','',#11,#443);
#7154 = PRODUCT_DEFINITION_SHAPE('Placement','Placement of an item',
  #7155);
#7155 = NEXT_ASSEMBLY_USAGE_OCCURRENCE('141989','BALL_0106','',#5,#7102,
  $);
#7156 = PRODUCT_RELATED_PRODUCT_CATEGORY('part',$,(#7104));
#7157 = SHAPE_DEFINITION_REPRESENTATION(#7158,#7164);
#7158 = PRODUCT_DEFINITION_SHAPE('','',#7159);
#7159 = PRODUCT_DEFINITION('design','',#7160,#7163);
#7160 = PRODUCT_DEFINITION_FORMATION('','',#7161);
#7161 = PRODUCT('BALL_0107','BALL_0107','',(#7162));
#7162 = PRODUCT_CONTEXT('',#2,'mechanical');
#7163 = PRODUCT_DEFINITION_CONTEXT('part definition',#2,'design');
#7164 = ADVANCED_BREP_SHAPE_REPRESENTATION('',(#11,#7165),#7203);
#7165 = MANIFOLD_SOLID_BREP('',#7166);
#7166 = CLOSED_SHELL('',(#7167,#7194));
#7167 = ADVANCED_FACE('',(#7168),#7189,.T.);
#7168 = FACE_BOUND('',#7169,.T.);
#7169 = EDGE_LOOP('',(#7170,#7179,#7188));
#7170 = ORIENTED_EDGE('',*,*,#7171,.T.);
#7171 = EDGE_CURVE('',#7172,#7172,#7174,.T.);
#7172 = VERTEX_POINT('',#7173);
#7173 = CARTESIAN_POINT('',(-3.6,0.243199999999,-6.053399999999));
#7174 = CIRCLE('',#7175,0.121600000001);
#7175 = AXIS2_PLACEMENT_3D('',#7176,#7177,#7178);
#7176 = CARTESIAN_POINT('',(-3.6,0.243199999999,-6.175));
#7177 = DIRECTION('',(-5.551115123126E-17,-1.,0.));
#7178 = DIRECTION('',(6.108492277512E-29,-3.390894386119E-45,1.));
#7179 = ORIENTED_EDGE('',*,*,#7180,.T.);
#7180 = EDGE_CURVE('',#7172,#7181,#7183,.T.);
#7181 = VERTEX_POINT('',#7182);
#7182 = CARTESIAN_POINT('',(-3.6,1.334880397544E-13,-6.175));
#7183 = CIRCLE('',#7184,0.152);
#7184 = AXIS2_PLACEMENT_3D('',#7185,#7186,#7187);
#7185 = CARTESIAN_POINT('',(-3.6,0.152,-6.175));
#7186 = DIRECTION('',(1.,-1.110223024625E-16,-5.551115123126E-17));
#7187 = DIRECTION('',(1.110223024625E-16,1.,5.551115123126E-17));
#7188 = ORIENTED_EDGE('',*,*,#7180,.F.);
#7189 = SPHERICAL_SURFACE('',#7190,0.152);
#7190 = AXIS2_PLACEMENT_3D('',#7191,#7192,#7193);
#7191 = CARTESIAN_POINT('',(-3.6,0.152,-6.175));
#7192 = DIRECTION('',(-5.551115123126E-17,-1.,-0.));
#7193 = DIRECTION('',(5.463066675185E-29,-3.032611203926E-45,1.));
#7194 = ADVANCED_FACE('',(#7195),#7198,.F.);
#7195 = FACE_BOUND('',#7196,.F.);
#7196 = EDGE_LOOP('',(#7197));
#7197 = ORIENTED_EDGE('',*,*,#7171,.T.);
#7198 = PLANE('',#7199);
#7199 = AXIS2_PLACEMENT_3D('',#7200,#7201,#7202);
#7200 = CARTESIAN_POINT('',(-3.6,0.2432,-6.175));
#7201 = DIRECTION('',(-5.551115123126E-17,-1.,-0.));
#7202 = DIRECTION('',(6.10849227756E-29,-3.390894386146E-45,1.));
#7203 = ( GEOMETRIC_REPRESENTATION_CONTEXT(3) 
GLOBAL_UNCERTAINTY_ASSIGNED_CONTEXT((#7207)) 
GLOBAL_UNIT_ASSIGNED_CONTEXT((#7204,#7205,#7206)) REPRESENTATION_CONTEXT
('Context #1','3D Context with UNIT and UNCERTAINTY') );
#7204 = ( LENGTH_UNIT() NAMED_UNIT(*) SI_UNIT(.MILLI.,.METRE.) );
#7205 = ( NAMED_UNIT(*) PLANE_ANGLE_UNIT() SI_UNIT($,.RADIAN.) );
#7206 = ( NAMED_UNIT(*) SI_UNIT($,.STERADIAN.) SOLID_ANGLE_UNIT() );
#7207 = UNCERTAINTY_MEASURE_WITH_UNIT(LENGTH_MEASURE(1.E-07),#7204,
  'distance_accuracy_value','confusion accuracy');
#7208 = CONTEXT_DEPENDENT_SHAPE_REPRESENTATION(#7209,#7211);
#7209 = ( REPRESENTATION_RELATIONSHIP('','',#7164,#10) 
REPRESENTATION_RELATIONSHIP_WITH_TRANSFORMATION(#7210) 
SHAPE_REPRESENTATION_RELATIONSHIP() );
#7210 = ITEM_DEFINED_TRANSFORMATION('','',#11,#447);
#7211 = PRODUCT_DEFINITION_SHAPE('Placement','Placement of an item',
  #7212);
#7212 = NEXT_ASSEMBLY_USAGE_OCCURRENCE('141990','BALL_0107','',#5,#7159,
  $);
#7213 = PRODUCT_RELATED_PRODUCT_CATEGORY('part',$,(#7161));
#7214 = SHAPE_DEFINITION_REPRESENTATION(#7215,#7221);
#7215 = PRODUCT_DEFINITION_SHAPE('','',#7216);
#7216 = PRODUCT_DEFINITION('design','',#7217,#7220);
#7217 = PRODUCT_DEFINITION_FORMATION('','',#7218);
#7218 = PRODUCT('BALL_0108','BALL_0108','',(#7219));
#7219 = PRODUCT_CONTEXT('',#2,'mechanical');
#7220 = PRODUCT_DEFINITION_CONTEXT('part definition',#2,'design');
#7221 = ADVANCED_BREP_SHAPE_REPRESENTATION('',(#11,#7222),#7260);
#7222 = MANIFOLD_SOLID_BREP('',#7223);
#7223 = CLOSED_SHELL('',(#7224,#7251));
#7224 = ADVANCED_FACE('',(#7225),#7246,.T.);
#7225 = FACE_BOUND('',#7226,.T.);
#7226 = EDGE_LOOP('',(#7227,#7236,#7245));
#7227 = ORIENTED_EDGE('',*,*,#7228,.T.);
#7228 = EDGE_CURVE('',#7229,#7229,#7231,.T.);
#7229 = VERTEX_POINT('',#7230);
#7230 = CARTESIAN_POINT('',(-3.6,0.243199999999,-6.053399999999));
#7231 = CIRCLE('',#7232,0.121600000001);
#7232 = AXIS2_PLACEMENT_3D('',#7233,#7234,#7235);
#7233 = CARTESIAN_POINT('',(-3.6,0.243199999999,-6.175));
#7234 = DIRECTION('',(-5.551115123126E-17,-1.,0.));
#7235 = DIRECTION('',(6.108492277512E-29,-3.390894386119E-45,1.));
#7236 = ORIENTED_EDGE('',*,*,#7237,.T.);
#7237 = EDGE_CURVE('',#7229,#7238,#7240,.T.);
#7238 = VERTEX_POINT('',#7239);
#7239 = CARTESIAN_POINT('',(-3.6,1.334880397544E-13,-6.175));
#7240 = CIRCLE('',#7241,0.152);
#7241 = AXIS2_PLACEMENT_3D('',#7242,#7243,#7244);
#7242 = CARTESIAN_POINT('',(-3.6,0.152,-6.175));
#7243 = DIRECTION('',(1.,-1.110223024625E-16,-5.551115123126E-17));
#7244 = DIRECTION('',(1.110223024625E-16,1.,5.551115123126E-17));
#7245 = ORIENTED_EDGE('',*,*,#7237,.F.);
#7246 = SPHERICAL_SURFACE('',#7247,0.152);
#7247 = AXIS2_PLACEMENT_3D('',#7248,#7249,#7250);
#7248 = CARTESIAN_POINT('',(-3.6,0.152,-6.175));
#7249 = DIRECTION('',(-5.551115123126E-17,-1.,-0.));
#7250 = DIRECTION('',(5.463066675185E-29,-3.032611203926E-45,1.));
#7251 = ADVANCED_FACE('',(#7252),#7255,.F.);
#7252 = FACE_BOUND('',#7253,.F.);
#7253 = EDGE_LOOP('',(#7254));
#7254 = ORIENTED_EDGE('',*,*,#7228,.T.);
#7255 = PLANE('',#7256);
#7256 = AXIS2_PLACEMENT_3D('',#7257,#7258,#7259);
#7257 = CARTESIAN_POINT('',(-3.6,0.2432,-6.175));
#7258 = DIRECTION('',(-5.551115123126E-17,-1.,-0.));
#7259 = DIRECTION('',(6.10849227756E-29,-3.390894386146E-45,1.));
#7260 = ( GEOMETRIC_REPRESENTATION_CONTEXT(3) 
GLOBAL_UNCERTAINTY_ASSIGNED_CONTEXT((#7264)) 
GLOBAL_UNIT_ASSIGNED_CONTEXT((#7261,#7262,#7263)) REPRESENTATION_CONTEXT
('Context #1','3D Context with UNIT and UNCERTAINTY') );
#7261 = ( LENGTH_UNIT() NAMED_UNIT(*) SI_UNIT(.MILLI.,.METRE.) );
#7262 = ( NAMED_UNIT(*) PLANE_ANGLE_UNIT() SI_UNIT($,.RADIAN.) );
#7263 = ( NAMED_UNIT(*) SI_UNIT($,.STERADIAN.) SOLID_ANGLE_UNIT() );
#7264 = UNCERTAINTY_MEASURE_WITH_UNIT(LENGTH_MEASURE(1.E-07),#7261,
  'distance_accuracy_value','confusion accuracy');
#7265 = CONTEXT_DEPENDENT_SHAPE_REPRESENTATION(#7266,#7268);
#7266 = ( REPRESENTATION_RELATIONSHIP('','',#7221,#10) 
REPRESENTATION_RELATIONSHIP_WITH_TRANSFORMATION(#7267) 
SHAPE_REPRESENTATION_RELATIONSHIP() );
#7267 = ITEM_DEFINED_TRANSFORMATION('','',#11,#451);
#7268 = PRODUCT_DEFINITION_SHAPE('Placement','Placement of an item',
  #7269);
#7269 = NEXT_ASSEMBLY_USAGE_OCCURRENCE('141991','BALL_0108','',#5,#7216,
  $);
#7270 = PRODUCT_RELATED_PRODUCT_CATEGORY('part',$,(#7218));
#7271 = SHAPE_DEFINITION_REPRESENTATION(#7272,#7278);
#7272 = PRODUCT_DEFINITION_SHAPE('','',#7273);
#7273 = PRODUCT_DEFINITION('design','',#7274,#7277);
#7274 = PRODUCT_DEFINITION_FORMATION('','',#7275);
#7275 = PRODUCT('BALL_0109','BALL_0109','',(#7276));
#7276 = PRODUCT_CONTEXT('',#2,'mechanical');
#7277 = PRODUCT_DEFINITION_CONTEXT('part definition',#2,'design');
#7278 = ADVANCED_BREP_SHAPE_REPRESENTATION('',(#11,#7279),#7317);
#7279 = MANIFOLD_SOLID_BREP('',#7280);
#7280 = CLOSED_SHELL('',(#7281,#7308));
#7281 = ADVANCED_FACE('',(#7282),#7303,.T.);
#7282 = FACE_BOUND('',#7283,.T.);
#7283 = EDGE_LOOP('',(#7284,#7293,#7302));
#7284 = ORIENTED_EDGE('',*,*,#7285,.T.);
#7285 = EDGE_CURVE('',#7286,#7286,#7288,.T.);
#7286 = VERTEX_POINT('',#7287);
#7287 = CARTESIAN_POINT('',(-3.6,0.243199999999,-6.053399999999));
#7288 = CIRCLE('',#7289,0.121600000001);
#7289 = AXIS2_PLACEMENT_3D('',#7290,#7291,#7292);
#7290 = CARTESIAN_POINT('',(-3.6,0.243199999999,-6.175));
#7291 = DIRECTION('',(-5.551115123126E-17,-1.,0.));
#7292 = DIRECTION('',(6.108492277512E-29,-3.390894386119E-45,1.));
#7293 = ORIENTED_EDGE('',*,*,#7294,.T.);
#7294 = EDGE_CURVE('',#7286,#7295,#7297,.T.);
#7295 = VERTEX_POINT('',#7296);
#7296 = CARTESIAN_POINT('',(-3.6,1.334880397544E-13,-6.175));
#7297 = CIRCLE('',#7298,0.152);
#7298 = AXIS2_PLACEMENT_3D('',#7299,#7300,#7301);
#7299 = CARTESIAN_POINT('',(-3.6,0.152,-6.175));
#7300 = DIRECTION('',(1.,-1.110223024625E-16,-5.551115123126E-17));
#7301 = DIRECTION('',(1.110223024625E-16,1.,5.551115123126E-17));
#7302 = ORIENTED_EDGE('',*,*,#7294,.F.);
#7303 = SPHERICAL_SURFACE('',#7304,0.152);
#7304 = AXIS2_PLACEMENT_3D('',#7305,#7306,#7307);
#7305 = CARTESIAN_POINT('',(-3.6,0.152,-6.175));
#7306 = DIRECTION('',(-5.551115123126E-17,-1.,-0.));
#7307 = DIRECTION('',(5.463066675185E-29,-3.032611203926E-45,1.));
#7308 = ADVANCED_FACE('',(#7309),#7312,.F.);
#7309 = FACE_BOUND('',#7310,.F.);
#7310 = EDGE_LOOP('',(#7311));
#7311 = ORIENTED_EDGE('',*,*,#7285,.T.);
#7312 = PLANE('',#7313);
#7313 = AXIS2_PLACEMENT_3D('',#7314,#7315,#7316);
#7314 = CARTESIAN_POINT('',(-3.6,0.2432,-6.175));
#7315 = DIRECTION('',(-5.551115123126E-17,-1.,-0.));
#7316 = DIRECTION('',(6.10849227756E-29,-3.390894386146E-45,1.));
#7317 = ( GEOMETRIC_REPRESENTATION_CONTEXT(3) 
GLOBAL_UNCERTAINTY_ASSIGNED_CONTEXT((#7321)) 
GLOBAL_UNIT_ASSIGNED_CONTEXT((#7318,#7319,#7320)) REPRESENTATION_CONTEXT
('Context #1','3D Context with UNIT and UNCERTAINTY') );
#7318 = ( LENGTH_UNIT() NAMED_UNIT(*) SI_UNIT(.MILLI.,.METRE.) );
#7319 = ( NAMED_UNIT(*) PLANE_ANGLE_UNIT() SI_UNIT($,.RADIAN.) );
#7320 = ( NAMED_UNIT(*) SI_UNIT($,.STERADIAN.) SOLID_ANGLE_UNIT() );
#7321 = UNCERTAINTY_MEASURE_WITH_UNIT(LENGTH_MEASURE(1.E-07),#7318,
  'distance_accuracy_value','confusion accuracy');
#7322 = CONTEXT_DEPENDENT_SHAPE_REPRESENTATION(#7323,#7325);
#7323 = ( REPRESENTATION_RELATIONSHIP('','',#7278,#10) 
REPRESENTATION_RELATIONSHIP_WITH_TRANSFORMATION(#7324) 
SHAPE_REPRESENTATION_RELATIONSHIP() );
#7324 = ITEM_DEFINED_TRANSFORMATION('','',#11,#455);
#7325 = PRODUCT_DEFINITION_SHAPE('Placement','Placement of an item',
  #7326);
#7326 = NEXT_ASSEMBLY_USAGE_OCCURRENCE('141992','BALL_0109','',#5,#7273,
  $);
#7327 = PRODUCT_RELATED_PRODUCT_CATEGORY('part',$,(#7275));
#7328 = SHAPE_DEFINITION_REPRESENTATION(#7329,#7335);
#7329 = PRODUCT_DEFINITION_SHAPE('','',#7330);
#7330 = PRODUCT_DEFINITION('design','',#7331,#7334);
#7331 = PRODUCT_DEFINITION_FORMATION('','',#7332);
#7332 = PRODUCT('BALL_0110','BALL_0110','',(#7333));
#7333 = PRODUCT_CONTEXT('',#2,'mechanical');
#7334 = PRODUCT_DEFINITION_CONTEXT('part definition',#2,'design');
#7335 = ADVANCED_BREP_SHAPE_REPRESENTATION('',(#11,#7336),#7374);
#7336 = MANIFOLD_SOLID_BREP('',#7337);
#7337 = CLOSED_SHELL('',(#7338,#7365));
#7338 = ADVANCED_FACE('',(#7339),#7360,.T.);
#7339 = FACE_BOUND('',#7340,.T.);
#7340 = EDGE_LOOP('',(#7341,#7350,#7359));
#7341 = ORIENTED_EDGE('',*,*,#7342,.T.);
#7342 = EDGE_CURVE('',#7343,#7343,#7345,.T.);
#7343 = VERTEX_POINT('',#7344);
#7344 = CARTESIAN_POINT('',(-3.6,0.243199999999,-6.053399999999));
#7345 = CIRCLE('',#7346,0.121600000001);
#7346 = AXIS2_PLACEMENT_3D('',#7347,#7348,#7349);
#7347 = CARTESIAN_POINT('',(-3.6,0.243199999999,-6.175));
#7348 = DIRECTION('',(-5.551115123126E-17,-1.,0.));
#7349 = DIRECTION('',(6.108492277512E-29,-3.390894386119E-45,1.));
#7350 = ORIENTED_EDGE('',*,*,#7351,.T.);
#7351 = EDGE_CURVE('',#7343,#7352,#7354,.T.);
#7352 = VERTEX_POINT('',#7353);
#7353 = CARTESIAN_POINT('',(-3.6,1.334880397544E-13,-6.175));
#7354 = CIRCLE('',#7355,0.152);
#7355 = AXIS2_PLACEMENT_3D('',#7356,#7357,#7358);
#7356 = CARTESIAN_POINT('',(-3.6,0.152,-6.175));
#7357 = DIRECTION('',(1.,-1.110223024625E-16,-5.551115123126E-17));
#7358 = DIRECTION('',(1.110223024625E-16,1.,5.551115123126E-17));
#7359 = ORIENTED_EDGE('',*,*,#7351,.F.);
#7360 = SPHERICAL_SURFACE('',#7361,0.152);
#7361 = AXIS2_PLACEMENT_3D('',#7362,#7363,#7364);
#7362 = CARTESIAN_POINT('',(-3.6,0.152,-6.175));
#7363 = DIRECTION('',(-5.551115123126E-17,-1.,-0.));
#7364 = DIRECTION('',(5.463066675185E-29,-3.032611203926E-45,1.));
#7365 = ADVANCED_FACE('',(#7366),#7369,.F.);
#7366 = FACE_BOUND('',#7367,.F.);
#7367 = EDGE_LOOP('',(#7368));
#7368 = ORIENTED_EDGE('',*,*,#7342,.T.);
#7369 = PLANE('',#7370);
#7370 = AXIS2_PLACEMENT_3D('',#7371,#7372,#7373);
#7371 = CARTESIAN_POINT('',(-3.6,0.2432,-6.175));
#7372 = DIRECTION('',(-5.551115123126E-17,-1.,-0.));
#7373 = DIRECTION('',(6.10849227756E-29,-3.390894386146E-45,1.));
#7374 = ( GEOMETRIC_REPRESENTATION_CONTEXT(3) 
GLOBAL_UNCERTAINTY_ASSIGNED_CONTEXT((#7378)) 
GLOBAL_UNIT_ASSIGNED_CONTEXT((#7375,#7376,#7377)) REPRESENTATION_CONTEXT
('Context #1','3D Context with UNIT and UNCERTAINTY') );
#7375 = ( LENGTH_UNIT() NAMED_UNIT(*) SI_UNIT(.MILLI.,.METRE.) );
#7376 = ( NAMED_UNIT(*) PLANE_ANGLE_UNIT() SI_UNIT($,.RADIAN.) );
#7377 = ( NAMED_UNIT(*) SI_UNIT($,.STERADIAN.) SOLID_ANGLE_UNIT() );
#7378 = UNCERTAINTY_MEASURE_WITH_UNIT(LENGTH_MEASURE(1.E-07),#7375,
  'distance_accuracy_value','confusion accuracy');
#7379 = CONTEXT_DEPENDENT_SHAPE_REPRESENTATION(#7380,#7382);
#7380 = ( REPRESENTATION_RELATIONSHIP('','',#7335,#10) 
REPRESENTATION_RELATIONSHIP_WITH_TRANSFORMATION(#7381) 
SHAPE_REPRESENTATION_RELATIONSHIP() );
#7381 = ITEM_DEFINED_TRANSFORMATION('','',#11,#459);
#7382 = PRODUCT_DEFINITION_SHAPE('Placement','Placement of an item',
  #7383);
#7383 = NEXT_ASSEMBLY_USAGE_OCCURRENCE('141993','BALL_0110','',#5,#7330,
  $);
#7384 = PRODUCT_RELATED_PRODUCT_CATEGORY('part',$,(#7332));
#7385 = SHAPE_DEFINITION_REPRESENTATION(#7386,#7392);
#7386 = PRODUCT_DEFINITION_SHAPE('','',#7387);
#7387 = PRODUCT_DEFINITION('design','',#7388,#7391);
#7388 = PRODUCT_DEFINITION_FORMATION('','',#7389);
#7389 = PRODUCT('BALL_0111','BALL_0111','',(#7390));
#7390 = PRODUCT_CONTEXT('',#2,'mechanical');
#7391 = PRODUCT_DEFINITION_CONTEXT('part definition',#2,'design');
#7392 = ADVANCED_BREP_SHAPE_REPRESENTATION('',(#11,#7393),#7431);
#7393 = MANIFOLD_SOLID_BREP('',#7394);
#7394 = CLOSED_SHELL('',(#7395,#7422));
#7395 = ADVANCED_FACE('',(#7396),#7417,.T.);
#7396 = FACE_BOUND('',#7397,.T.);
#7397 = EDGE_LOOP('',(#7398,#7407,#7416));
#7398 = ORIENTED_EDGE('',*,*,#7399,.T.);
#7399 = EDGE_CURVE('',#7400,#7400,#7402,.T.);
#7400 = VERTEX_POINT('',#7401);
#7401 = CARTESIAN_POINT('',(-3.6,0.243199999999,-6.053399999999));
#7402 = CIRCLE('',#7403,0.121600000001);
#7403 = AXIS2_PLACEMENT_3D('',#7404,#7405,#7406);
#7404 = CARTESIAN_POINT('',(-3.6,0.243199999999,-6.175));
#7405 = DIRECTION('',(-5.551115123126E-17,-1.,0.));
#7406 = DIRECTION('',(6.108492277512E-29,-3.390894386119E-45,1.));
#7407 = ORIENTED_EDGE('',*,*,#7408,.T.);
#7408 = EDGE_CURVE('',#7400,#7409,#7411,.T.);
#7409 = VERTEX_POINT('',#7410);
#7410 = CARTESIAN_POINT('',(-3.6,1.334880397544E-13,-6.175));
#7411 = CIRCLE('',#7412,0.152);
#7412 = AXIS2_PLACEMENT_3D('',#7413,#7414,#7415);
#7413 = CARTESIAN_POINT('',(-3.6,0.152,-6.175));
#7414 = DIRECTION('',(1.,-1.110223024625E-16,-5.551115123126E-17));
#7415 = DIRECTION('',(1.110223024625E-16,1.,5.551115123126E-17));
#7416 = ORIENTED_EDGE('',*,*,#7408,.F.);
#7417 = SPHERICAL_SURFACE('',#7418,0.152);
#7418 = AXIS2_PLACEMENT_3D('',#7419,#7420,#7421);
#7419 = CARTESIAN_POINT('',(-3.6,0.152,-6.175));
#7420 = DIRECTION('',(-5.551115123126E-17,-1.,-0.));
#7421 = DIRECTION('',(5.463066675185E-29,-3.032611203926E-45,1.));
#7422 = ADVANCED_FACE('',(#7423),#7426,.F.);
#7423 = FACE_BOUND('',#7424,.F.);
#7424 = EDGE_LOOP('',(#7425));
#7425 = ORIENTED_EDGE('',*,*,#7399,.T.);
#7426 = PLANE('',#7427);
#7427 = AXIS2_PLACEMENT_3D('',#7428,#7429,#7430);
#7428 = CARTESIAN_POINT('',(-3.6,0.2432,-6.175));
#7429 = DIRECTION('',(-5.551115123126E-17,-1.,-0.));
#7430 = DIRECTION('',(6.10849227756E-29,-3.390894386146E-45,1.));
#7431 = ( GEOMETRIC_REPRESENTATION_CONTEXT(3) 
GLOBAL_UNCERTAINTY_ASSIGNED_CONTEXT((#7435)) 
GLOBAL_UNIT_ASSIGNED_CONTEXT((#7432,#7433,#7434)) REPRESENTATION_CONTEXT
('Context #1','3D Context with UNIT and UNCERTAINTY') );
#7432 = ( LENGTH_UNIT() NAMED_UNIT(*) SI_UNIT(.MILLI.,.METRE.) );
#7433 = ( NAMED_UNIT(*) PLANE_ANGLE_UNIT() SI_UNIT($,.RADIAN.) );
#7434 = ( NAMED_UNIT(*) SI_UNIT($,.STERADIAN.) SOLID_ANGLE_UNIT() );
#7435 = UNCERTAINTY_MEASURE_WITH_UNIT(LENGTH_MEASURE(1.E-07),#7432,
  'distance_accuracy_value','confusion accuracy');
#7436 = CONTEXT_DEPENDENT_SHAPE_REPRESENTATION(#7437,#7439);
#7437 = ( REPRESENTATION_RELATIONSHIP('','',#7392,#10) 
REPRESENTATION_RELATIONSHIP_WITH_TRANSFORMATION(#7438) 
SHAPE_REPRESENTATION_RELATIONSHIP() );
#7438 = ITEM_DEFINED_TRANSFORMATION('','',#11,#463);
#7439 = PRODUCT_DEFINITION_SHAPE('Placement','Placement of an item',
  #7440);
#7440 = NEXT_ASSEMBLY_USAGE_OCCURRENCE('141994','BALL_0111','',#5,#7387,
  $);
#7441 = PRODUCT_RELATED_PRODUCT_CATEGORY('part',$,(#7389));
#7442 = SHAPE_DEFINITION_REPRESENTATION(#7443,#7449);
#7443 = PRODUCT_DEFINITION_SHAPE('','',#7444);
#7444 = PRODUCT_DEFINITION('design','',#7445,#7448);
#7445 = PRODUCT_DEFINITION_FORMATION('','',#7446);
#7446 = PRODUCT('BALL_0112','BALL_0112','',(#7447));
#7447 = PRODUCT_CONTEXT('',#2,'mechanical');
#7448 = PRODUCT_DEFINITION_CONTEXT('part definition',#2,'design');
#7449 = ADVANCED_BREP_SHAPE_REPRESENTATION('',(#11,#7450),#7488);
#7450 = MANIFOLD_SOLID_BREP('',#7451);
#7451 = CLOSED_SHELL('',(#7452,#7479));
#7452 = ADVANCED_FACE('',(#7453),#7474,.T.);
#7453 = FACE_BOUND('',#7454,.T.);
#7454 = EDGE_LOOP('',(#7455,#7464,#7473));
#7455 = ORIENTED_EDGE('',*,*,#7456,.T.);
#7456 = EDGE_CURVE('',#7457,#7457,#7459,.T.);
#7457 = VERTEX_POINT('',#7458);
#7458 = CARTESIAN_POINT('',(-3.6,0.243199999999,-6.053399999999));
#7459 = CIRCLE('',#7460,0.121600000001);
#7460 = AXIS2_PLACEMENT_3D('',#7461,#7462,#7463);
#7461 = CARTESIAN_POINT('',(-3.6,0.243199999999,-6.175));
#7462 = DIRECTION('',(-5.551115123126E-17,-1.,0.));
#7463 = DIRECTION('',(6.108492277512E-29,-3.390894386119E-45,1.));
#7464 = ORIENTED_EDGE('',*,*,#7465,.T.);
#7465 = EDGE_CURVE('',#7457,#7466,#7468,.T.);
#7466 = VERTEX_POINT('',#7467);
#7467 = CARTESIAN_POINT('',(-3.6,1.334880397544E-13,-6.175));
#7468 = CIRCLE('',#7469,0.152);
#7469 = AXIS2_PLACEMENT_3D('',#7470,#7471,#7472);
#7470 = CARTESIAN_POINT('',(-3.6,0.152,-6.175));
#7471 = DIRECTION('',(1.,-1.110223024625E-16,-5.551115123126E-17));
#7472 = DIRECTION('',(1.110223024625E-16,1.,5.551115123126E-17));
#7473 = ORIENTED_EDGE('',*,*,#7465,.F.);
#7474 = SPHERICAL_SURFACE('',#7475,0.152);
#7475 = AXIS2_PLACEMENT_3D('',#7476,#7477,#7478);
#7476 = CARTESIAN_POINT('',(-3.6,0.152,-6.175));
#7477 = DIRECTION('',(-5.551115123126E-17,-1.,-0.));
#7478 = DIRECTION('',(5.463066675185E-29,-3.032611203926E-45,1.));
#7479 = ADVANCED_FACE('',(#7480),#7483,.F.);
#7480 = FACE_BOUND('',#7481,.F.);
#7481 = EDGE_LOOP('',(#7482));
#7482 = ORIENTED_EDGE('',*,*,#7456,.T.);
#7483 = PLANE('',#7484);
#7484 = AXIS2_PLACEMENT_3D('',#7485,#7486,#7487);
#7485 = CARTESIAN_POINT('',(-3.6,0.2432,-6.175));
#7486 = DIRECTION('',(-5.551115123126E-17,-1.,-0.));
#7487 = DIRECTION('',(6.10849227756E-29,-3.390894386146E-45,1.));
#7488 = ( GEOMETRIC_REPRESENTATION_CONTEXT(3) 
GLOBAL_UNCERTAINTY_ASSIGNED_CONTEXT((#7492)) 
GLOBAL_UNIT_ASSIGNED_CONTEXT((#7489,#7490,#7491)) REPRESENTATION_CONTEXT
('Context #1','3D Context with UNIT and UNCERTAINTY') );
#7489 = ( LENGTH_UNIT() NAMED_UNIT(*) SI_UNIT(.MILLI.,.METRE.) );
#7490 = ( NAMED_UNIT(*) PLANE_ANGLE_UNIT() SI_UNIT($,.RADIAN.) );
#7491 = ( NAMED_UNIT(*) SI_UNIT($,.STERADIAN.) SOLID_ANGLE_UNIT() );
#7492 = UNCERTAINTY_MEASURE_WITH_UNIT(LENGTH_MEASURE(1.E-07),#7489,
  'distance_accuracy_value','confusion accuracy');
#7493 = CONTEXT_DEPENDENT_SHAPE_REPRESENTATION(#7494,#7496);
#7494 = ( REPRESENTATION_RELATIONSHIP('','',#7449,#10) 
REPRESENTATION_RELATIONSHIP_WITH_TRANSFORMATION(#7495) 
SHAPE_REPRESENTATION_RELATIONSHIP() );
#7495 = ITEM_DEFINED_TRANSFORMATION('','',#11,#467);
#7496 = PRODUCT_DEFINITION_SHAPE('Placement','Placement of an item',
  #7497);
#7497 = NEXT_ASSEMBLY_USAGE_OCCURRENCE('141995','BALL_0112','',#5,#7444,
  $);
#7498 = PRODUCT_RELATED_PRODUCT_CATEGORY('part',$,(#7446));
#7499 = SHAPE_DEFINITION_REPRESENTATION(#7500,#7506);
#7500 = PRODUCT_DEFINITION_SHAPE('','',#7501);
#7501 = PRODUCT_DEFINITION('design','',#7502,#7505);
#7502 = PRODUCT_DEFINITION_FORMATION('','',#7503);
#7503 = PRODUCT('BALL_0113','BALL_0113','',(#7504));
#7504 = PRODUCT_CONTEXT('',#2,'mechanical');
#7505 = PRODUCT_DEFINITION_CONTEXT('part definition',#2,'design');
#7506 = ADVANCED_BREP_SHAPE_REPRESENTATION('',(#11,#7507),#7545);
#7507 = MANIFOLD_SOLID_BREP('',#7508);
#7508 = CLOSED_SHELL('',(#7509,#7536));
#7509 = ADVANCED_FACE('',(#7510),#7531,.T.);
#7510 = FACE_BOUND('',#7511,.T.);
#7511 = EDGE_LOOP('',(#7512,#7521,#7530));
#7512 = ORIENTED_EDGE('',*,*,#7513,.T.);
#7513 = EDGE_CURVE('',#7514,#7514,#7516,.T.);
#7514 = VERTEX_POINT('',#7515);
#7515 = CARTESIAN_POINT('',(-3.6,0.243199999999,-6.053399999999));
#7516 = CIRCLE('',#7517,0.121600000001);
#7517 = AXIS2_PLACEMENT_3D('',#7518,#7519,#7520);
#7518 = CARTESIAN_POINT('',(-3.6,0.243199999999,-6.175));
#7519 = DIRECTION('',(-5.551115123126E-17,-1.,0.));
#7520 = DIRECTION('',(6.108492277512E-29,-3.390894386119E-45,1.));
#7521 = ORIENTED_EDGE('',*,*,#7522,.T.);
#7522 = EDGE_CURVE('',#7514,#7523,#7525,.T.);
#7523 = VERTEX_POINT('',#7524);
#7524 = CARTESIAN_POINT('',(-3.6,1.334880397544E-13,-6.175));
#7525 = CIRCLE('',#7526,0.152);
#7526 = AXIS2_PLACEMENT_3D('',#7527,#7528,#7529);
#7527 = CARTESIAN_POINT('',(-3.6,0.152,-6.175));
#7528 = DIRECTION('',(1.,-1.110223024625E-16,-5.551115123126E-17));
#7529 = DIRECTION('',(1.110223024625E-16,1.,5.551115123126E-17));
#7530 = ORIENTED_EDGE('',*,*,#7522,.F.);
#7531 = SPHERICAL_SURFACE('',#7532,0.152);
#7532 = AXIS2_PLACEMENT_3D('',#7533,#7534,#7535);
#7533 = CARTESIAN_POINT('',(-3.6,0.152,-6.175));
#7534 = DIRECTION('',(-5.551115123126E-17,-1.,-0.));
#7535 = DIRECTION('',(5.463066675185E-29,-3.032611203926E-45,1.));
#7536 = ADVANCED_FACE('',(#7537),#7540,.F.);
#7537 = FACE_BOUND('',#7538,.F.);
#7538 = EDGE_LOOP('',(#7539));
#7539 = ORIENTED_EDGE('',*,*,#7513,.T.);
#7540 = PLANE('',#7541);
#7541 = AXIS2_PLACEMENT_3D('',#7542,#7543,#7544);
#7542 = CARTESIAN_POINT('',(-3.6,0.2432,-6.175));
#7543 = DIRECTION('',(-5.551115123126E-17,-1.,-0.));
#7544 = DIRECTION('',(6.10849227756E-29,-3.390894386146E-45,1.));
#7545 = ( GEOMETRIC_REPRESENTATION_CONTEXT(3) 
GLOBAL_UNCERTAINTY_ASSIGNED_CONTEXT((#7549)) 
GLOBAL_UNIT_ASSIGNED_CONTEXT((#7546,#7547,#7548)) REPRESENTATION_CONTEXT
('Context #1','3D Context with UNIT and UNCERTAINTY') );
#7546 = ( LENGTH_UNIT() NAMED_UNIT(*) SI_UNIT(.MILLI.,.METRE.) );
#7547 = ( NAMED_UNIT(*) PLANE_ANGLE_UNIT() SI_UNIT($,.RADIAN.) );
#7548 = ( NAMED_UNIT(*) SI_UNIT($,.STERADIAN.) SOLID_ANGLE_UNIT() );
#7549 = UNCERTAINTY_MEASURE_WITH_UNIT(LENGTH_MEASURE(1.E-07),#7546,
  'distance_accuracy_value','confusion accuracy');
#7550 = CONTEXT_DEPENDENT_SHAPE_REPRESENTATION(#7551,#7553);
#7551 = ( REPRESENTATION_RELATIONSHIP('','',#7506,#10) 
REPRESENTATION_RELATIONSHIP_WITH_TRANSFORMATION(#7552) 
SHAPE_REPRESENTATION_RELATIONSHIP() );
#7552 = ITEM_DEFINED_TRANSFORMATION('','',#11,#471);
#7553 = PRODUCT_DEFINITION_SHAPE('Placement','Placement of an item',
  #7554);
#7554 = NEXT_ASSEMBLY_USAGE_OCCURRENCE('141996','BALL_0113','',#5,#7501,
  $);
#7555 = PRODUCT_RELATED_PRODUCT_CATEGORY('part',$,(#7503));
#7556 = SHAPE_DEFINITION_REPRESENTATION(#7557,#7563);
#7557 = PRODUCT_DEFINITION_SHAPE('','',#7558);
#7558 = PRODUCT_DEFINITION('design','',#7559,#7562);
#7559 = PRODUCT_DEFINITION_FORMATION('','',#7560);
#7560 = PRODUCT('BALL_0114','BALL_0114','',(#7561));
#7561 = PRODUCT_CONTEXT('',#2,'mechanical');
#7562 = PRODUCT_DEFINITION_CONTEXT('part definition',#2,'design');
#7563 = ADVANCED_BREP_SHAPE_REPRESENTATION('',(#11,#7564),#7602);
#7564 = MANIFOLD_SOLID_BREP('',#7565);
#7565 = CLOSED_SHELL('',(#7566,#7593));
#7566 = ADVANCED_FACE('',(#7567),#7588,.T.);
#7567 = FACE_BOUND('',#7568,.T.);
#7568 = EDGE_LOOP('',(#7569,#7578,#7587));
#7569 = ORIENTED_EDGE('',*,*,#7570,.T.);
#7570 = EDGE_CURVE('',#7571,#7571,#7573,.T.);
#7571 = VERTEX_POINT('',#7572);
#7572 = CARTESIAN_POINT('',(-3.6,0.243199999999,-6.053399999999));
#7573 = CIRCLE('',#7574,0.121600000001);
#7574 = AXIS2_PLACEMENT_3D('',#7575,#7576,#7577);
#7575 = CARTESIAN_POINT('',(-3.6,0.243199999999,-6.175));
#7576 = DIRECTION('',(-5.551115123126E-17,-1.,0.));
#7577 = DIRECTION('',(6.108492277512E-29,-3.390894386119E-45,1.));
#7578 = ORIENTED_EDGE('',*,*,#7579,.T.);
#7579 = EDGE_CURVE('',#7571,#7580,#7582,.T.);
#7580 = VERTEX_POINT('',#7581);
#7581 = CARTESIAN_POINT('',(-3.6,1.334880397544E-13,-6.175));
#7582 = CIRCLE('',#7583,0.152);
#7583 = AXIS2_PLACEMENT_3D('',#7584,#7585,#7586);
#7584 = CARTESIAN_POINT('',(-3.6,0.152,-6.175));
#7585 = DIRECTION('',(1.,-1.110223024625E-16,-5.551115123126E-17));
#7586 = DIRECTION('',(1.110223024625E-16,1.,5.551115123126E-17));
#7587 = ORIENTED_EDGE('',*,*,#7579,.F.);
#7588 = SPHERICAL_SURFACE('',#7589,0.152);
#7589 = AXIS2_PLACEMENT_3D('',#7590,#7591,#7592);
#7590 = CARTESIAN_POINT('',(-3.6,0.152,-6.175));
#7591 = DIRECTION('',(-5.551115123126E-17,-1.,-0.));
#7592 = DIRECTION('',(5.463066675185E-29,-3.032611203926E-45,1.));
#7593 = ADVANCED_FACE('',(#7594),#7597,.F.);
#7594 = FACE_BOUND('',#7595,.F.);
#7595 = EDGE_LOOP('',(#7596));
#7596 = ORIENTED_EDGE('',*,*,#7570,.T.);
#7597 = PLANE('',#7598);
#7598 = AXIS2_PLACEMENT_3D('',#7599,#7600,#7601);
#7599 = CARTESIAN_POINT('',(-3.6,0.2432,-6.175));
#7600 = DIRECTION('',(-5.551115123126E-17,-1.,-0.));
#7601 = DIRECTION('',(6.10849227756E-29,-3.390894386146E-45,1.));
#7602 = ( GEOMETRIC_REPRESENTATION_CONTEXT(3) 
GLOBAL_UNCERTAINTY_ASSIGNED_CONTEXT((#7606)) 
GLOBAL_UNIT_ASSIGNED_CONTEXT((#7603,#7604,#7605)) REPRESENTATION_CONTEXT
('Context #1','3D Context with UNIT and UNCERTAINTY') );
#7603 = ( LENGTH_UNIT() NAMED_UNIT(*) SI_UNIT(.MILLI.,.METRE.) );
#7604 = ( NAMED_UNIT(*) PLANE_ANGLE_UNIT() SI_UNIT($,.RADIAN.) );
#7605 = ( NAMED_UNIT(*) SI_UNIT($,.STERADIAN.) SOLID_ANGLE_UNIT() );
#7606 = UNCERTAINTY_MEASURE_WITH_UNIT(LENGTH_MEASURE(1.E-07),#7603,
  'distance_accuracy_value','confusion accuracy');
#7607 = CONTEXT_DEPENDENT_SHAPE_REPRESENTATION(#7608,#7610);
#7608 = ( REPRESENTATION_RELATIONSHIP('','',#7563,#10) 
REPRESENTATION_RELATIONSHIP_WITH_TRANSFORMATION(#7609) 
SHAPE_REPRESENTATION_RELATIONSHIP() );
#7609 = ITEM_DEFINED_TRANSFORMATION('','',#11,#475);
#7610 = PRODUCT_DEFINITION_SHAPE('Placement','Placement of an item',
  #7611);
#7611 = NEXT_ASSEMBLY_USAGE_OCCURRENCE('141997','BALL_0114','',#5,#7558,
  $);
#7612 = PRODUCT_RELATED_PRODUCT_CATEGORY('part',$,(#7560));
#7613 = SHAPE_DEFINITION_REPRESENTATION(#7614,#7620);
#7614 = PRODUCT_DEFINITION_SHAPE('','',#7615);
#7615 = PRODUCT_DEFINITION('design','',#7616,#7619);
#7616 = PRODUCT_DEFINITION_FORMATION('','',#7617);
#7617 = PRODUCT('BALL_0115','BALL_0115','',(#7618));
#7618 = PRODUCT_CONTEXT('',#2,'mechanical');
#7619 = PRODUCT_DEFINITION_CONTEXT('part definition',#2,'design');
#7620 = ADVANCED_BREP_SHAPE_REPRESENTATION('',(#11,#7621),#7659);
#7621 = MANIFOLD_SOLID_BREP('',#7622);
#7622 = CLOSED_SHELL('',(#7623,#7650));
#7623 = ADVANCED_FACE('',(#7624),#7645,.T.);
#7624 = FACE_BOUND('',#7625,.T.);
#7625 = EDGE_LOOP('',(#7626,#7635,#7644));
#7626 = ORIENTED_EDGE('',*,*,#7627,.T.);
#7627 = EDGE_CURVE('',#7628,#7628,#7630,.T.);
#7628 = VERTEX_POINT('',#7629);
#7629 = CARTESIAN_POINT('',(-3.6,0.243199999999,-6.053399999999));
#7630 = CIRCLE('',#7631,0.121600000001);
#7631 = AXIS2_PLACEMENT_3D('',#7632,#7633,#7634);
#7632 = CARTESIAN_POINT('',(-3.6,0.243199999999,-6.175));
#7633 = DIRECTION('',(-5.551115123126E-17,-1.,0.));
#7634 = DIRECTION('',(6.108492277512E-29,-3.390894386119E-45,1.));
#7635 = ORIENTED_EDGE('',*,*,#7636,.T.);
#7636 = EDGE_CURVE('',#7628,#7637,#7639,.T.);
#7637 = VERTEX_POINT('',#7638);
#7638 = CARTESIAN_POINT('',(-3.6,1.334880397544E-13,-6.175));
#7639 = CIRCLE('',#7640,0.152);
#7640 = AXIS2_PLACEMENT_3D('',#7641,#7642,#7643);
#7641 = CARTESIAN_POINT('',(-3.6,0.152,-6.175));
#7642 = DIRECTION('',(1.,-1.110223024625E-16,-5.551115123126E-17));
#7643 = DIRECTION('',(1.110223024625E-16,1.,5.551115123126E-17));
#7644 = ORIENTED_EDGE('',*,*,#7636,.F.);
#7645 = SPHERICAL_SURFACE('',#7646,0.152);
#7646 = AXIS2_PLACEMENT_3D('',#7647,#7648,#7649);
#7647 = CARTESIAN_POINT('',(-3.6,0.152,-6.175));
#7648 = DIRECTION('',(-5.551115123126E-17,-1.,-0.));
#7649 = DIRECTION('',(5.463066675185E-29,-3.032611203926E-45,1.));
#7650 = ADVANCED_FACE('',(#7651),#7654,.F.);
#7651 = FACE_BOUND('',#7652,.F.);
#7652 = EDGE_LOOP('',(#7653));
#7653 = ORIENTED_EDGE('',*,*,#7627,.T.);
#7654 = PLANE('',#7655);
#7655 = AXIS2_PLACEMENT_3D('',#7656,#7657,#7658);
#7656 = CARTESIAN_POINT('',(-3.6,0.2432,-6.175));
#7657 = DIRECTION('',(-5.551115123126E-17,-1.,-0.));
#7658 = DIRECTION('',(6.10849227756E-29,-3.390894386146E-45,1.));
#7659 = ( GEOMETRIC_REPRESENTATION_CONTEXT(3) 
GLOBAL_UNCERTAINTY_ASSIGNED_CONTEXT((#7663)) 
GLOBAL_UNIT_ASSIGNED_CONTEXT((#7660,#7661,#7662)) REPRESENTATION_CONTEXT
('Context #1','3D Context with UNIT and UNCERTAINTY') );
#7660 = ( LENGTH_UNIT() NAMED_UNIT(*) SI_UNIT(.MILLI.,.METRE.) );
#7661 = ( NAMED_UNIT(*) PLANE_ANGLE_UNIT() SI_UNIT($,.RADIAN.) );
#7662 = ( NAMED_UNIT(*) SI_UNIT($,.STERADIAN.) SOLID_ANGLE_UNIT() );
#7663 = UNCERTAINTY_MEASURE_WITH_UNIT(LENGTH_MEASURE(1.E-07),#7660,
  'distance_accuracy_value','confusion accuracy');
#7664 = CONTEXT_DEPENDENT_SHAPE_REPRESENTATION(#7665,#7667);
#7665 = ( REPRESENTATION_RELATIONSHIP('','',#7620,#10) 
REPRESENTATION_RELATIONSHIP_WITH_TRANSFORMATION(#7666) 
SHAPE_REPRESENTATION_RELATIONSHIP() );
#7666 = ITEM_DEFINED_TRANSFORMATION('','',#11,#479);
#7667 = PRODUCT_DEFINITION_SHAPE('Placement','Placement of an item',
  #7668);
#7668 = NEXT_ASSEMBLY_USAGE_OCCURRENCE('141998','BALL_0115','',#5,#7615,
  $);
#7669 = PRODUCT_RELATED_PRODUCT_CATEGORY('part',$,(#7617));
#7670 = SHAPE_DEFINITION_REPRESENTATION(#7671,#7677);
#7671 = PRODUCT_DEFINITION_SHAPE('','',#7672);
#7672 = PRODUCT_DEFINITION('design','',#7673,#7676);
#7673 = PRODUCT_DEFINITION_FORMATION('','',#7674);
#7674 = PRODUCT('BALL_0116','BALL_0116','',(#7675));
#7675 = PRODUCT_CONTEXT('',#2,'mechanical');
#7676 = PRODUCT_DEFINITION_CONTEXT('part definition',#2,'design');
#7677 = ADVANCED_BREP_SHAPE_REPRESENTATION('',(#11,#7678),#7716);
#7678 = MANIFOLD_SOLID_BREP('',#7679);
#7679 = CLOSED_SHELL('',(#7680,#7707));
#7680 = ADVANCED_FACE('',(#7681),#7702,.T.);
#7681 = FACE_BOUND('',#7682,.T.);
#7682 = EDGE_LOOP('',(#7683,#7692,#7701));
#7683 = ORIENTED_EDGE('',*,*,#7684,.T.);
#7684 = EDGE_CURVE('',#7685,#7685,#7687,.T.);
#7685 = VERTEX_POINT('',#7686);
#7686 = CARTESIAN_POINT('',(-3.6,0.243199999999,-6.053399999999));
#7687 = CIRCLE('',#7688,0.121600000001);
#7688 = AXIS2_PLACEMENT_3D('',#7689,#7690,#7691);
#7689 = CARTESIAN_POINT('',(-3.6,0.243199999999,-6.175));
#7690 = DIRECTION('',(-5.551115123126E-17,-1.,0.));
#7691 = DIRECTION('',(6.108492277512E-29,-3.390894386119E-45,1.));
#7692 = ORIENTED_EDGE('',*,*,#7693,.T.);
#7693 = EDGE_CURVE('',#7685,#7694,#7696,.T.);
#7694 = VERTEX_POINT('',#7695);
#7695 = CARTESIAN_POINT('',(-3.6,1.334880397544E-13,-6.175));
#7696 = CIRCLE('',#7697,0.152);
#7697 = AXIS2_PLACEMENT_3D('',#7698,#7699,#7700);
#7698 = CARTESIAN_POINT('',(-3.6,0.152,-6.175));
#7699 = DIRECTION('',(1.,-1.110223024625E-16,-5.551115123126E-17));
#7700 = DIRECTION('',(1.110223024625E-16,1.,5.551115123126E-17));
#7701 = ORIENTED_EDGE('',*,*,#7693,.F.);
#7702 = SPHERICAL_SURFACE('',#7703,0.152);
#7703 = AXIS2_PLACEMENT_3D('',#7704,#7705,#7706);
#7704 = CARTESIAN_POINT('',(-3.6,0.152,-6.175));
#7705 = DIRECTION('',(-5.551115123126E-17,-1.,-0.));
#7706 = DIRECTION('',(5.463066675185E-29,-3.032611203926E-45,1.));
#7707 = ADVANCED_FACE('',(#7708),#7711,.F.);
#7708 = FACE_BOUND('',#7709,.F.);
#7709 = EDGE_LOOP('',(#7710));
#7710 = ORIENTED_EDGE('',*,*,#7684,.T.);
#7711 = PLANE('',#7712);
#7712 = AXIS2_PLACEMENT_3D('',#7713,#7714,#7715);
#7713 = CARTESIAN_POINT('',(-3.6,0.2432,-6.175));
#7714 = DIRECTION('',(-5.551115123126E-17,-1.,-0.));
#7715 = DIRECTION('',(6.10849227756E-29,-3.390894386146E-45,1.));
#7716 = ( GEOMETRIC_REPRESENTATION_CONTEXT(3) 
GLOBAL_UNCERTAINTY_ASSIGNED_CONTEXT((#7720)) 
GLOBAL_UNIT_ASSIGNED_CONTEXT((#7717,#7718,#7719)) REPRESENTATION_CONTEXT
('Context #1','3D Context with UNIT and UNCERTAINTY') );
#7717 = ( LENGTH_UNIT() NAMED_UNIT(*) SI_UNIT(.MILLI.,.METRE.) );
#7718 = ( NAMED_UNIT(*) PLANE_ANGLE_UNIT() SI_UNIT($,.RADIAN.) );
#7719 = ( NAMED_UNIT(*) SI_UNIT($,.STERADIAN.) SOLID_ANGLE_UNIT() );
#7720 = UNCERTAINTY_MEASURE_WITH_UNIT(LENGTH_MEASURE(1.E-07),#7717,
  'distance_accuracy_value','confusion accuracy');
#7721 = CONTEXT_DEPENDENT_SHAPE_REPRESENTATION(#7722,#7724);
#7722 = ( REPRESENTATION_RELATIONSHIP('','',#7677,#10) 
REPRESENTATION_RELATIONSHIP_WITH_TRANSFORMATION(#7723) 
SHAPE_REPRESENTATION_RELATIONSHIP() );
#7723 = ITEM_DEFINED_TRANSFORMATION('','',#11,#483);
#7724 = PRODUCT_DEFINITION_SHAPE('Placement','Placement of an item',
  #7725);
#7725 = NEXT_ASSEMBLY_USAGE_OCCURRENCE('141999','BALL_0116','',#5,#7672,
  $);
#7726 = PRODUCT_RELATED_PRODUCT_CATEGORY('part',$,(#7674));
#7727 = SHAPE_DEFINITION_REPRESENTATION(#7728,#7734);
#7728 = PRODUCT_DEFINITION_SHAPE('','',#7729);
#7729 = PRODUCT_DEFINITION('design','',#7730,#7733);
#7730 = PRODUCT_DEFINITION_FORMATION('','',#7731);
#7731 = PRODUCT('BALL_0117','BALL_0117','',(#7732));
#7732 = PRODUCT_CONTEXT('',#2,'mechanical');
#7733 = PRODUCT_DEFINITION_CONTEXT('part definition',#2,'design');
#7734 = ADVANCED_BREP_SHAPE_REPRESENTATION('',(#11,#7735),#7773);
#7735 = MANIFOLD_SOLID_BREP('',#7736);
#7736 = CLOSED_SHELL('',(#7737,#7764));
#7737 = ADVANCED_FACE('',(#7738),#7759,.T.);
#7738 = FACE_BOUND('',#7739,.T.);
#7739 = EDGE_LOOP('',(#7740,#7749,#7758));
#7740 = ORIENTED_EDGE('',*,*,#7741,.T.);
#7741 = EDGE_CURVE('',#7742,#7742,#7744,.T.);
#7742 = VERTEX_POINT('',#7743);
#7743 = CARTESIAN_POINT('',(-3.6,0.243199999999,-6.053399999999));
#7744 = CIRCLE('',#7745,0.121600000001);
#7745 = AXIS2_PLACEMENT_3D('',#7746,#7747,#7748);
#7746 = CARTESIAN_POINT('',(-3.6,0.243199999999,-6.175));
#7747 = DIRECTION('',(-5.551115123126E-17,-1.,0.));
#7748 = DIRECTION('',(6.108492277512E-29,-3.390894386119E-45,1.));
#7749 = ORIENTED_EDGE('',*,*,#7750,.T.);
#7750 = EDGE_CURVE('',#7742,#7751,#7753,.T.);
#7751 = VERTEX_POINT('',#7752);
#7752 = CARTESIAN_POINT('',(-3.6,1.334880397544E-13,-6.175));
#7753 = CIRCLE('',#7754,0.152);
#7754 = AXIS2_PLACEMENT_3D('',#7755,#7756,#7757);
#7755 = CARTESIAN_POINT('',(-3.6,0.152,-6.175));
#7756 = DIRECTION('',(1.,-1.110223024625E-16,-5.551115123126E-17));
#7757 = DIRECTION('',(1.110223024625E-16,1.,5.551115123126E-17));
#7758 = ORIENTED_EDGE('',*,*,#7750,.F.);
#7759 = SPHERICAL_SURFACE('',#7760,0.152);
#7760 = AXIS2_PLACEMENT_3D('',#7761,#7762,#7763);
#7761 = CARTESIAN_POINT('',(-3.6,0.152,-6.175));
#7762 = DIRECTION('',(-5.551115123126E-17,-1.,-0.));
#7763 = DIRECTION('',(5.463066675185E-29,-3.032611203926E-45,1.));
#7764 = ADVANCED_FACE('',(#7765),#7768,.F.);
#7765 = FACE_BOUND('',#7766,.F.);
#7766 = EDGE_LOOP('',(#7767));
#7767 = ORIENTED_EDGE('',*,*,#7741,.T.);
#7768 = PLANE('',#7769);
#7769 = AXIS2_PLACEMENT_3D('',#7770,#7771,#7772);
#7770 = CARTESIAN_POINT('',(-3.6,0.2432,-6.175));
#7771 = DIRECTION('',(-5.551115123126E-17,-1.,-0.));
#7772 = DIRECTION('',(6.10849227756E-29,-3.390894386146E-45,1.));
#7773 = ( GEOMETRIC_REPRESENTATION_CONTEXT(3) 
GLOBAL_UNCERTAINTY_ASSIGNED_CONTEXT((#7777)) 
GLOBAL_UNIT_ASSIGNED_CONTEXT((#7774,#7775,#7776)) REPRESENTATION_CONTEXT
('Context #1','3D Context with UNIT and UNCERTAINTY') );
#7774 = ( LENGTH_UNIT() NAMED_UNIT(*) SI_UNIT(.MILLI.,.METRE.) );
#7775 = ( NAMED_UNIT(*) PLANE_ANGLE_UNIT() SI_UNIT($,.RADIAN.) );
#7776 = ( NAMED_UNIT(*) SI_UNIT($,.STERADIAN.) SOLID_ANGLE_UNIT() );
#7777 = UNCERTAINTY_MEASURE_WITH_UNIT(LENGTH_MEASURE(1.E-07),#7774,
  'distance_accuracy_value','confusion accuracy');
#7778 = CONTEXT_DEPENDENT_SHAPE_REPRESENTATION(#7779,#7781);
#7779 = ( REPRESENTATION_RELATIONSHIP('','',#7734,#10) 
REPRESENTATION_RELATIONSHIP_WITH_TRANSFORMATION(#7780) 
SHAPE_REPRESENTATION_RELATIONSHIP() );
#7780 = ITEM_DEFINED_TRANSFORMATION('','',#11,#487);
#7781 = PRODUCT_DEFINITION_SHAPE('Placement','Placement of an item',
  #7782);
#7782 = NEXT_ASSEMBLY_USAGE_OCCURRENCE('142000','BALL_0117','',#5,#7729,
  $);
#7783 = PRODUCT_RELATED_PRODUCT_CATEGORY('part',$,(#7731));
#7784 = SHAPE_DEFINITION_REPRESENTATION(#7785,#7791);
#7785 = PRODUCT_DEFINITION_SHAPE('','',#7786);
#7786 = PRODUCT_DEFINITION('design','',#7787,#7790);
#7787 = PRODUCT_DEFINITION_FORMATION('','',#7788);
#7788 = PRODUCT('BALL_0118','BALL_0118','',(#7789));
#7789 = PRODUCT_CONTEXT('',#2,'mechanical');
#7790 = PRODUCT_DEFINITION_CONTEXT('part definition',#2,'design');
#7791 = ADVANCED_BREP_SHAPE_REPRESENTATION('',(#11,#7792),#7830);
#7792 = MANIFOLD_SOLID_BREP('',#7793);
#7793 = CLOSED_SHELL('',(#7794,#7821));
#7794 = ADVANCED_FACE('',(#7795),#7816,.T.);
#7795 = FACE_BOUND('',#7796,.T.);
#7796 = EDGE_LOOP('',(#7797,#7806,#7815));
#7797 = ORIENTED_EDGE('',*,*,#7798,.T.);
#7798 = EDGE_CURVE('',#7799,#7799,#7801,.T.);
#7799 = VERTEX_POINT('',#7800);
#7800 = CARTESIAN_POINT('',(-3.6,0.243199999999,-6.053399999999));
#7801 = CIRCLE('',#7802,0.121600000001);
#7802 = AXIS2_PLACEMENT_3D('',#7803,#7804,#7805);
#7803 = CARTESIAN_POINT('',(-3.6,0.243199999999,-6.175));
#7804 = DIRECTION('',(-5.551115123126E-17,-1.,0.));
#7805 = DIRECTION('',(6.108492277512E-29,-3.390894386119E-45,1.));
#7806 = ORIENTED_EDGE('',*,*,#7807,.T.);
#7807 = EDGE_CURVE('',#7799,#7808,#7810,.T.);
#7808 = VERTEX_POINT('',#7809);
#7809 = CARTESIAN_POINT('',(-3.6,1.334880397544E-13,-6.175));
#7810 = CIRCLE('',#7811,0.152);
#7811 = AXIS2_PLACEMENT_3D('',#7812,#7813,#7814);
#7812 = CARTESIAN_POINT('',(-3.6,0.152,-6.175));
#7813 = DIRECTION('',(1.,-1.110223024625E-16,-5.551115123126E-17));
#7814 = DIRECTION('',(1.110223024625E-16,1.,5.551115123126E-17));
#7815 = ORIENTED_EDGE('',*,*,#7807,.F.);
#7816 = SPHERICAL_SURFACE('',#7817,0.152);
#7817 = AXIS2_PLACEMENT_3D('',#7818,#7819,#7820);
#7818 = CARTESIAN_POINT('',(-3.6,0.152,-6.175));
#7819 = DIRECTION('',(-5.551115123126E-17,-1.,-0.));
#7820 = DIRECTION('',(5.463066675185E-29,-3.032611203926E-45,1.));
#7821 = ADVANCED_FACE('',(#7822),#7825,.F.);
#7822 = FACE_BOUND('',#7823,.F.);
#7823 = EDGE_LOOP('',(#7824));
#7824 = ORIENTED_EDGE('',*,*,#7798,.T.);
#7825 = PLANE('',#7826);
#7826 = AXIS2_PLACEMENT_3D('',#7827,#7828,#7829);
#7827 = CARTESIAN_POINT('',(-3.6,0.2432,-6.175));
#7828 = DIRECTION('',(-5.551115123126E-17,-1.,-0.));
#7829 = DIRECTION('',(6.10849227756E-29,-3.390894386146E-45,1.));
#7830 = ( GEOMETRIC_REPRESENTATION_CONTEXT(3) 
GLOBAL_UNCERTAINTY_ASSIGNED_CONTEXT((#7834)) 
GLOBAL_UNIT_ASSIGNED_CONTEXT((#7831,#7832,#7833)) REPRESENTATION_CONTEXT
('Context #1','3D Context with UNIT and UNCERTAINTY') );
#7831 = ( LENGTH_UNIT() NAMED_UNIT(*) SI_UNIT(.MILLI.,.METRE.) );
#7832 = ( NAMED_UNIT(*) PLANE_ANGLE_UNIT() SI_UNIT($,.RADIAN.) );
#7833 = ( NAMED_UNIT(*) SI_UNIT($,.STERADIAN.) SOLID_ANGLE_UNIT() );
#7834 = UNCERTAINTY_MEASURE_WITH_UNIT(LENGTH_MEASURE(1.E-07),#7831,
  'distance_accuracy_value','confusion accuracy');
#7835 = CONTEXT_DEPENDENT_SHAPE_REPRESENTATION(#7836,#7838);
#7836 = ( REPRESENTATION_RELATIONSHIP('','',#7791,#10) 
REPRESENTATION_RELATIONSHIP_WITH_TRANSFORMATION(#7837) 
SHAPE_REPRESENTATION_RELATIONSHIP() );
#7837 = ITEM_DEFINED_TRANSFORMATION('','',#11,#491);
#7838 = PRODUCT_DEFINITION_SHAPE('Placement','Placement of an item',
  #7839);
#7839 = NEXT_ASSEMBLY_USAGE_OCCURRENCE('142001','BALL_0118','',#5,#7786,
  $);
#7840 = PRODUCT_RELATED_PRODUCT_CATEGORY('part',$,(#7788));
#7841 = SHAPE_DEFINITION_REPRESENTATION(#7842,#7848);
#7842 = PRODUCT_DEFINITION_SHAPE('','',#7843);
#7843 = PRODUCT_DEFINITION('design','',#7844,#7847);
#7844 = PRODUCT_DEFINITION_FORMATION('','',#7845);
#7845 = PRODUCT('BALL_0119','BALL_0119','',(#7846));
#7846 = PRODUCT_CONTEXT('',#2,'mechanical');
#7847 = PRODUCT_DEFINITION_CONTEXT('part definition',#2,'design');
#7848 = ADVANCED_BREP_SHAPE_REPRESENTATION('',(#11,#7849),#7887);
#7849 = MANIFOLD_SOLID_BREP('',#7850);
#7850 = CLOSED_SHELL('',(#7851,#7878));
#7851 = ADVANCED_FACE('',(#7852),#7873,.T.);
#7852 = FACE_BOUND('',#7853,.T.);
#7853 = EDGE_LOOP('',(#7854,#7863,#7872));
#7854 = ORIENTED_EDGE('',*,*,#7855,.T.);
#7855 = EDGE_CURVE('',#7856,#7856,#7858,.T.);
#7856 = VERTEX_POINT('',#7857);
#7857 = CARTESIAN_POINT('',(-3.6,0.243199999999,-6.053399999999));
#7858 = CIRCLE('',#7859,0.121600000001);
#7859 = AXIS2_PLACEMENT_3D('',#7860,#7861,#7862);
#7860 = CARTESIAN_POINT('',(-3.6,0.243199999999,-6.175));
#7861 = DIRECTION('',(-5.551115123126E-17,-1.,0.));
#7862 = DIRECTION('',(6.108492277512E-29,-3.390894386119E-45,1.));
#7863 = ORIENTED_EDGE('',*,*,#7864,.T.);
#7864 = EDGE_CURVE('',#7856,#7865,#7867,.T.);
#7865 = VERTEX_POINT('',#7866);
#7866 = CARTESIAN_POINT('',(-3.6,1.334880397544E-13,-6.175));
#7867 = CIRCLE('',#7868,0.152);
#7868 = AXIS2_PLACEMENT_3D('',#7869,#7870,#7871);
#7869 = CARTESIAN_POINT('',(-3.6,0.152,-6.175));
#7870 = DIRECTION('',(1.,-1.110223024625E-16,-5.551115123126E-17));
#7871 = DIRECTION('',(1.110223024625E-16,1.,5.551115123126E-17));
#7872 = ORIENTED_EDGE('',*,*,#7864,.F.);
#7873 = SPHERICAL_SURFACE('',#7874,0.152);
#7874 = AXIS2_PLACEMENT_3D('',#7875,#7876,#7877);
#7875 = CARTESIAN_POINT('',(-3.6,0.152,-6.175));
#7876 = DIRECTION('',(-5.551115123126E-17,-1.,-0.));
#7877 = DIRECTION('',(5.463066675185E-29,-3.032611203926E-45,1.));
#7878 = ADVANCED_FACE('',(#7879),#7882,.F.);
#7879 = FACE_BOUND('',#7880,.F.);
#7880 = EDGE_LOOP('',(#7881));
#7881 = ORIENTED_EDGE('',*,*,#7855,.T.);
#7882 = PLANE('',#7883);
#7883 = AXIS2_PLACEMENT_3D('',#7884,#7885,#7886);
#7884 = CARTESIAN_POINT('',(-3.6,0.2432,-6.175));
#7885 = DIRECTION('',(-5.551115123126E-17,-1.,-0.));
#7886 = DIRECTION('',(6.10849227756E-29,-3.390894386146E-45,1.));
#7887 = ( GEOMETRIC_REPRESENTATION_CONTEXT(3) 
GLOBAL_UNCERTAINTY_ASSIGNED_CONTEXT((#7891)) 
GLOBAL_UNIT_ASSIGNED_CONTEXT((#7888,#7889,#7890)) REPRESENTATION_CONTEXT
('Context #1','3D Context with UNIT and UNCERTAINTY') );
#7888 = ( LENGTH_UNIT() NAMED_UNIT(*) SI_UNIT(.MILLI.,.METRE.) );
#7889 = ( NAMED_UNIT(*) PLANE_ANGLE_UNIT() SI_UNIT($,.RADIAN.) );
#7890 = ( NAMED_UNIT(*) SI_UNIT($,.STERADIAN.) SOLID_ANGLE_UNIT() );
#7891 = UNCERTAINTY_MEASURE_WITH_UNIT(LENGTH_MEASURE(1.E-07),#7888,
  'distance_accuracy_value','confusion accuracy');
#7892 = CONTEXT_DEPENDENT_SHAPE_REPRESENTATION(#7893,#7895);
#7893 = ( REPRESENTATION_RELATIONSHIP('','',#7848,#10) 
REPRESENTATION_RELATIONSHIP_WITH_TRANSFORMATION(#7894) 
SHAPE_REPRESENTATION_RELATIONSHIP() );
#7894 = ITEM_DEFINED_TRANSFORMATION('','',#11,#495);
#7895 = PRODUCT_DEFINITION_SHAPE('Placement','Placement of an item',
  #7896);
#7896 = NEXT_ASSEMBLY_USAGE_OCCURRENCE('142002','BALL_0119','',#5,#7843,
  $);
#7897 = PRODUCT_RELATED_PRODUCT_CATEGORY('part',$,(#7845));
#7898 = SHAPE_DEFINITION_REPRESENTATION(#7899,#7905);
#7899 = PRODUCT_DEFINITION_SHAPE('','',#7900);
#7900 = PRODUCT_DEFINITION('design','',#7901,#7904);
#7901 = PRODUCT_DEFINITION_FORMATION('','',#7902);
#7902 = PRODUCT('BALL_0120','BALL_0120','',(#7903));
#7903 = PRODUCT_CONTEXT('',#2,'mechanical');
#7904 = PRODUCT_DEFINITION_CONTEXT('part definition',#2,'design');
#7905 = ADVANCED_BREP_SHAPE_REPRESENTATION('',(#11,#7906),#7944);
#7906 = MANIFOLD_SOLID_BREP('',#7907);
#7907 = CLOSED_SHELL('',(#7908,#7935));
#7908 = ADVANCED_FACE('',(#7909),#7930,.T.);
#7909 = FACE_BOUND('',#7910,.T.);
#7910 = EDGE_LOOP('',(#7911,#7920,#7929));
#7911 = ORIENTED_EDGE('',*,*,#7912,.T.);
#7912 = EDGE_CURVE('',#7913,#7913,#7915,.T.);
#7913 = VERTEX_POINT('',#7914);
#7914 = CARTESIAN_POINT('',(-3.6,0.243199999999,-6.053399999999));
#7915 = CIRCLE('',#7916,0.121600000001);
#7916 = AXIS2_PLACEMENT_3D('',#7917,#7918,#7919);
#7917 = CARTESIAN_POINT('',(-3.6,0.243199999999,-6.175));
#7918 = DIRECTION('',(-5.551115123126E-17,-1.,0.));
#7919 = DIRECTION('',(6.108492277512E-29,-3.390894386119E-45,1.));
#7920 = ORIENTED_EDGE('',*,*,#7921,.T.);
#7921 = EDGE_CURVE('',#7913,#7922,#7924,.T.);
#7922 = VERTEX_POINT('',#7923);
#7923 = CARTESIAN_POINT('',(-3.6,1.334880397544E-13,-6.175));
#7924 = CIRCLE('',#7925,0.152);
#7925 = AXIS2_PLACEMENT_3D('',#7926,#7927,#7928);
#7926 = CARTESIAN_POINT('',(-3.6,0.152,-6.175));
#7927 = DIRECTION('',(1.,-1.110223024625E-16,-5.551115123126E-17));
#7928 = DIRECTION('',(1.110223024625E-16,1.,5.551115123126E-17));
#7929 = ORIENTED_EDGE('',*,*,#7921,.F.);
#7930 = SPHERICAL_SURFACE('',#7931,0.152);
#7931 = AXIS2_PLACEMENT_3D('',#7932,#7933,#7934);
#7932 = CARTESIAN_POINT('',(-3.6,0.152,-6.175));
#7933 = DIRECTION('',(-5.551115123126E-17,-1.,-0.));
#7934 = DIRECTION('',(5.463066675185E-29,-3.032611203926E-45,1.));
#7935 = ADVANCED_FACE('',(#7936),#7939,.F.);
#7936 = FACE_BOUND('',#7937,.F.);
#7937 = EDGE_LOOP('',(#7938));
#7938 = ORIENTED_EDGE('',*,*,#7912,.T.);
#7939 = PLANE('',#7940);
#7940 = AXIS2_PLACEMENT_3D('',#7941,#7942,#7943);
#7941 = CARTESIAN_POINT('',(-3.6,0.2432,-6.175));
#7942 = DIRECTION('',(-5.551115123126E-17,-1.,-0.));
#7943 = DIRECTION('',(6.10849227756E-29,-3.390894386146E-45,1.));
#7944 = ( GEOMETRIC_REPRESENTATION_CONTEXT(3) 
GLOBAL_UNCERTAINTY_ASSIGNED_CONTEXT((#7948)) 
GLOBAL_UNIT_ASSIGNED_CONTEXT((#7945,#7946,#7947)) REPRESENTATION_CONTEXT
('Context #1','3D Context with UNIT and UNCERTAINTY') );
#7945 = ( LENGTH_UNIT() NAMED_UNIT(*) SI_UNIT(.MILLI.,.METRE.) );
#7946 = ( NAMED_UNIT(*) PLANE_ANGLE_UNIT() SI_UNIT($,.RADIAN.) );
#7947 = ( NAMED_UNIT(*) SI_UNIT($,.STERADIAN.) SOLID_ANGLE_UNIT() );
#7948 = UNCERTAINTY_MEASURE_WITH_UNIT(LENGTH_MEASURE(1.E-07),#7945,
  'distance_accuracy_value','confusion accuracy');
#7949 = CONTEXT_DEPENDENT_SHAPE_REPRESENTATION(#7950,#7952);
#7950 = ( REPRESENTATION_RELATIONSHIP('','',#7905,#10) 
REPRESENTATION_RELATIONSHIP_WITH_TRANSFORMATION(#7951) 
SHAPE_REPRESENTATION_RELATIONSHIP() );
#7951 = ITEM_DEFINED_TRANSFORMATION('','',#11,#499);
#7952 = PRODUCT_DEFINITION_SHAPE('Placement','Placement of an item',
  #7953);
#7953 = NEXT_ASSEMBLY_USAGE_OCCURRENCE('142003','BALL_0120','',#5,#7900,
  $);
#7954 = PRODUCT_RELATED_PRODUCT_CATEGORY('part',$,(#7902));
#7955 = SHAPE_DEFINITION_REPRESENTATION(#7956,#7962);
#7956 = PRODUCT_DEFINITION_SHAPE('','',#7957);
#7957 = PRODUCT_DEFINITION('design','',#7958,#7961);
#7958 = PRODUCT_DEFINITION_FORMATION('','',#7959);
#7959 = PRODUCT('BALL_0121','BALL_0121','',(#7960));
#7960 = PRODUCT_CONTEXT('',#2,'mechanical');
#7961 = PRODUCT_DEFINITION_CONTEXT('part definition',#2,'design');
#7962 = ADVANCED_BREP_SHAPE_REPRESENTATION('',(#11,#7963),#8001);
#7963 = MANIFOLD_SOLID_BREP('',#7964);
#7964 = CLOSED_SHELL('',(#7965,#7992));
#7965 = ADVANCED_FACE('',(#7966),#7987,.T.);
#7966 = FACE_BOUND('',#7967,.T.);
#7967 = EDGE_LOOP('',(#7968,#7977,#7986));
#7968 = ORIENTED_EDGE('',*,*,#7969,.T.);
#7969 = EDGE_CURVE('',#7970,#7970,#7972,.T.);
#7970 = VERTEX_POINT('',#7971);
#7971 = CARTESIAN_POINT('',(-3.6,0.243199999999,-6.053399999999));
#7972 = CIRCLE('',#7973,0.121600000001);
#7973 = AXIS2_PLACEMENT_3D('',#7974,#7975,#7976);
#7974 = CARTESIAN_POINT('',(-3.6,0.243199999999,-6.175));
#7975 = DIRECTION('',(-5.551115123126E-17,-1.,0.));
#7976 = DIRECTION('',(6.108492277512E-29,-3.390894386119E-45,1.));
#7977 = ORIENTED_EDGE('',*,*,#7978,.T.);
#7978 = EDGE_CURVE('',#7970,#7979,#7981,.T.);
#7979 = VERTEX_POINT('',#7980);
#7980 = CARTESIAN_POINT('',(-3.6,1.334880397544E-13,-6.175));
#7981 = CIRCLE('',#7982,0.152);
#7982 = AXIS2_PLACEMENT_3D('',#7983,#7984,#7985);
#7983 = CARTESIAN_POINT('',(-3.6,0.152,-6.175));
#7984 = DIRECTION('',(1.,-1.110223024625E-16,-5.551115123126E-17));
#7985 = DIRECTION('',(1.110223024625E-16,1.,5.551115123126E-17));
#7986 = ORIENTED_EDGE('',*,*,#7978,.F.);
#7987 = SPHERICAL_SURFACE('',#7988,0.152);
#7988 = AXIS2_PLACEMENT_3D('',#7989,#7990,#7991);
#7989 = CARTESIAN_POINT('',(-3.6,0.152,-6.175));
#7990 = DIRECTION('',(-5.551115123126E-17,-1.,-0.));
#7991 = DIRECTION('',(5.463066675185E-29,-3.032611203926E-45,1.));
#7992 = ADVANCED_FACE('',(#7993),#7996,.F.);
#7993 = FACE_BOUND('',#7994,.F.);
#7994 = EDGE_LOOP('',(#7995));
#7995 = ORIENTED_EDGE('',*,*,#7969,.T.);
#7996 = PLANE('',#7997);
#7997 = AXIS2_PLACEMENT_3D('',#7998,#7999,#8000);
#7998 = CARTESIAN_POINT('',(-3.6,0.2432,-6.175));
#7999 = DIRECTION('',(-5.551115123126E-17,-1.,-0.));
#8000 = DIRECTION('',(6.10849227756E-29,-3.390894386146E-45,1.));
#8001 = ( GEOMETRIC_REPRESENTATION_CONTEXT(3) 
GLOBAL_UNCERTAINTY_ASSIGNED_CONTEXT((#8005)) 
GLOBAL_UNIT_ASSIGNED_CONTEXT((#8002,#8003,#8004)) REPRESENTATION_CONTEXT
('Context #1','3D Context with UNIT and UNCERTAINTY') );
#8002 = ( LENGTH_UNIT() NAMED_UNIT(*) SI_UNIT(.MILLI.,.METRE.) );
#8003 = ( NAMED_UNIT(*) PLANE_ANGLE_UNIT() SI_UNIT($,.RADIAN.) );
#8004 = ( NAMED_UNIT(*) SI_UNIT($,.STERADIAN.) SOLID_ANGLE_UNIT() );
#8005 = UNCERTAINTY_MEASURE_WITH_UNIT(LENGTH_MEASURE(1.E-07),#8002,
  'distance_accuracy_value','confusion accuracy');
#8006 = CONTEXT_DEPENDENT_SHAPE_REPRESENTATION(#8007,#8009);
#8007 = ( REPRESENTATION_RELATIONSHIP('','',#7962,#10) 
REPRESENTATION_RELATIONSHIP_WITH_TRANSFORMATION(#8008) 
SHAPE_REPRESENTATION_RELATIONSHIP() );
#8008 = ITEM_DEFINED_TRANSFORMATION('','',#11,#503);
#8009 = PRODUCT_DEFINITION_SHAPE('Placement','Placement of an item',
  #8010);
#8010 = NEXT_ASSEMBLY_USAGE_OCCURRENCE('142004','BALL_0121','',#5,#7957,
  $);
#8011 = PRODUCT_RELATED_PRODUCT_CATEGORY('part',$,(#7959));
#8012 = SHAPE_DEFINITION_REPRESENTATION(#8013,#8019);
#8013 = PRODUCT_DEFINITION_SHAPE('','',#8014);
#8014 = PRODUCT_DEFINITION('design','',#8015,#8018);
#8015 = PRODUCT_DEFINITION_FORMATION('','',#8016);
#8016 = PRODUCT('BALL_0122','BALL_0122','',(#8017));
#8017 = PRODUCT_CONTEXT('',#2,'mechanical');
#8018 = PRODUCT_DEFINITION_CONTEXT('part definition',#2,'design');
#8019 = ADVANCED_BREP_SHAPE_REPRESENTATION('',(#11,#8020),#8058);
#8020 = MANIFOLD_SOLID_BREP('',#8021);
#8021 = CLOSED_SHELL('',(#8022,#8049));
#8022 = ADVANCED_FACE('',(#8023),#8044,.T.);
#8023 = FACE_BOUND('',#8024,.T.);
#8024 = EDGE_LOOP('',(#8025,#8034,#8043));
#8025 = ORIENTED_EDGE('',*,*,#8026,.T.);
#8026 = EDGE_CURVE('',#8027,#8027,#8029,.T.);
#8027 = VERTEX_POINT('',#8028);
#8028 = CARTESIAN_POINT('',(-3.6,0.243199999999,-6.053399999999));
#8029 = CIRCLE('',#8030,0.121600000001);
#8030 = AXIS2_PLACEMENT_3D('',#8031,#8032,#8033);
#8031 = CARTESIAN_POINT('',(-3.6,0.243199999999,-6.175));
#8032 = DIRECTION('',(-5.551115123126E-17,-1.,0.));
#8033 = DIRECTION('',(6.108492277512E-29,-3.390894386119E-45,1.));
#8034 = ORIENTED_EDGE('',*,*,#8035,.T.);
#8035 = EDGE_CURVE('',#8027,#8036,#8038,.T.);
#8036 = VERTEX_POINT('',#8037);
#8037 = CARTESIAN_POINT('',(-3.6,1.334880397544E-13,-6.175));
#8038 = CIRCLE('',#8039,0.152);
#8039 = AXIS2_PLACEMENT_3D('',#8040,#8041,#8042);
#8040 = CARTESIAN_POINT('',(-3.6,0.152,-6.175));
#8041 = DIRECTION('',(1.,-1.110223024625E-16,-5.551115123126E-17));
#8042 = DIRECTION('',(1.110223024625E-16,1.,5.551115123126E-17));
#8043 = ORIENTED_EDGE('',*,*,#8035,.F.);
#8044 = SPHERICAL_SURFACE('',#8045,0.152);
#8045 = AXIS2_PLACEMENT_3D('',#8046,#8047,#8048);
#8046 = CARTESIAN_POINT('',(-3.6,0.152,-6.175));
#8047 = DIRECTION('',(-5.551115123126E-17,-1.,-0.));
#8048 = DIRECTION('',(5.463066675185E-29,-3.032611203926E-45,1.));
#8049 = ADVANCED_FACE('',(#8050),#8053,.F.);
#8050 = FACE_BOUND('',#8051,.F.);
#8051 = EDGE_LOOP('',(#8052));
#8052 = ORIENTED_EDGE('',*,*,#8026,.T.);
#8053 = PLANE('',#8054);
#8054 = AXIS2_PLACEMENT_3D('',#8055,#8056,#8057);
#8055 = CARTESIAN_POINT('',(-3.6,0.2432,-6.175));
#8056 = DIRECTION('',(-5.551115123126E-17,-1.,-0.));
#8057 = DIRECTION('',(6.10849227756E-29,-3.390894386146E-45,1.));
#8058 = ( GEOMETRIC_REPRESENTATION_CONTEXT(3) 
GLOBAL_UNCERTAINTY_ASSIGNED_CONTEXT((#8062)) 
GLOBAL_UNIT_ASSIGNED_CONTEXT((#8059,#8060,#8061)) REPRESENTATION_CONTEXT
('Context #1','3D Context with UNIT and UNCERTAINTY') );
#8059 = ( LENGTH_UNIT() NAMED_UNIT(*) SI_UNIT(.MILLI.,.METRE.) );
#8060 = ( NAMED_UNIT(*) PLANE_ANGLE_UNIT() SI_UNIT($,.RADIAN.) );
#8061 = ( NAMED_UNIT(*) SI_UNIT($,.STERADIAN.) SOLID_ANGLE_UNIT() );
#8062 = UNCERTAINTY_MEASURE_WITH_UNIT(LENGTH_MEASURE(1.E-07),#8059,
  'distance_accuracy_value','confusion accuracy');
#8063 = CONTEXT_DEPENDENT_SHAPE_REPRESENTATION(#8064,#8066);
#8064 = ( REPRESENTATION_RELATIONSHIP('','',#8019,#10) 
REPRESENTATION_RELATIONSHIP_WITH_TRANSFORMATION(#8065) 
SHAPE_REPRESENTATION_RELATIONSHIP() );
#8065 = ITEM_DEFINED_TRANSFORMATION('','',#11,#507);
#8066 = PRODUCT_DEFINITION_SHAPE('Placement','Placement of an item',
  #8067);
#8067 = NEXT_ASSEMBLY_USAGE_OCCURRENCE('142005','BALL_0122','',#5,#8014,
  $);
#8068 = PRODUCT_RELATED_PRODUCT_CATEGORY('part',$,(#8016));
#8069 = SHAPE_DEFINITION_REPRESENTATION(#8070,#8076);
#8070 = PRODUCT_DEFINITION_SHAPE('','',#8071);
#8071 = PRODUCT_DEFINITION('design','',#8072,#8075);
#8072 = PRODUCT_DEFINITION_FORMATION('','',#8073);
#8073 = PRODUCT('BALL_0123','BALL_0123','',(#8074));
#8074 = PRODUCT_CONTEXT('',#2,'mechanical');
#8075 = PRODUCT_DEFINITION_CONTEXT('part definition',#2,'design');
#8076 = ADVANCED_BREP_SHAPE_REPRESENTATION('',(#11,#8077),#8115);
#8077 = MANIFOLD_SOLID_BREP('',#8078);
#8078 = CLOSED_SHELL('',(#8079,#8106));
#8079 = ADVANCED_FACE('',(#8080),#8101,.T.);
#8080 = FACE_BOUND('',#8081,.T.);
#8081 = EDGE_LOOP('',(#8082,#8091,#8100));
#8082 = ORIENTED_EDGE('',*,*,#8083,.T.);
#8083 = EDGE_CURVE('',#8084,#8084,#8086,.T.);
#8084 = VERTEX_POINT('',#8085);
#8085 = CARTESIAN_POINT('',(-3.6,0.243199999999,-6.053399999999));
#8086 = CIRCLE('',#8087,0.121600000001);
#8087 = AXIS2_PLACEMENT_3D('',#8088,#8089,#8090);
#8088 = CARTESIAN_POINT('',(-3.6,0.243199999999,-6.175));
#8089 = DIRECTION('',(-5.551115123126E-17,-1.,0.));
#8090 = DIRECTION('',(6.108492277512E-29,-3.390894386119E-45,1.));
#8091 = ORIENTED_EDGE('',*,*,#8092,.T.);
#8092 = EDGE_CURVE('',#8084,#8093,#8095,.T.);
#8093 = VERTEX_POINT('',#8094);
#8094 = CARTESIAN_POINT('',(-3.6,1.334880397544E-13,-6.175));
#8095 = CIRCLE('',#8096,0.152);
#8096 = AXIS2_PLACEMENT_3D('',#8097,#8098,#8099);
#8097 = CARTESIAN_POINT('',(-3.6,0.152,-6.175));
#8098 = DIRECTION('',(1.,-1.110223024625E-16,-5.551115123126E-17));
#8099 = DIRECTION('',(1.110223024625E-16,1.,5.551115123126E-17));
#8100 = ORIENTED_EDGE('',*,*,#8092,.F.);
#8101 = SPHERICAL_SURFACE('',#8102,0.152);
#8102 = AXIS2_PLACEMENT_3D('',#8103,#8104,#8105);
#8103 = CARTESIAN_POINT('',(-3.6,0.152,-6.175));
#8104 = DIRECTION('',(-5.551115123126E-17,-1.,-0.));
#8105 = DIRECTION('',(5.463066675185E-29,-3.032611203926E-45,1.));
#8106 = ADVANCED_FACE('',(#8107),#8110,.F.);
#8107 = FACE_BOUND('',#8108,.F.);
#8108 = EDGE_LOOP('',(#8109));
#8109 = ORIENTED_EDGE('',*,*,#8083,.T.);
#8110 = PLANE('',#8111);
#8111 = AXIS2_PLACEMENT_3D('',#8112,#8113,#8114);
#8112 = CARTESIAN_POINT('',(-3.6,0.2432,-6.175));
#8113 = DIRECTION('',(-5.551115123126E-17,-1.,-0.));
#8114 = DIRECTION('',(6.10849227756E-29,-3.390894386146E-45,1.));
#8115 = ( GEOMETRIC_REPRESENTATION_CONTEXT(3) 
GLOBAL_UNCERTAINTY_ASSIGNED_CONTEXT((#8119)) 
GLOBAL_UNIT_ASSIGNED_CONTEXT((#8116,#8117,#8118)) REPRESENTATION_CONTEXT
('Context #1','3D Context with UNIT and UNCERTAINTY') );
#8116 = ( LENGTH_UNIT() NAMED_UNIT(*) SI_UNIT(.MILLI.,.METRE.) );
#8117 = ( NAMED_UNIT(*) PLANE_ANGLE_UNIT() SI_UNIT($,.RADIAN.) );
#8118 = ( NAMED_UNIT(*) SI_UNIT($,.STERADIAN.) SOLID_ANGLE_UNIT() );
#8119 = UNCERTAINTY_MEASURE_WITH_UNIT(LENGTH_MEASURE(1.E-07),#8116,
  'distance_accuracy_value','confusion accuracy');
#8120 = CONTEXT_DEPENDENT_SHAPE_REPRESENTATION(#8121,#8123);
#8121 = ( REPRESENTATION_RELATIONSHIP('','',#8076,#10) 
REPRESENTATION_RELATIONSHIP_WITH_TRANSFORMATION(#8122) 
SHAPE_REPRESENTATION_RELATIONSHIP() );
#8122 = ITEM_DEFINED_TRANSFORMATION('','',#11,#511);
#8123 = PRODUCT_DEFINITION_SHAPE('Placement','Placement of an item',
  #8124);
#8124 = NEXT_ASSEMBLY_USAGE_OCCURRENCE('142006','BALL_0123','',#5,#8071,
  $);
#8125 = PRODUCT_RELATED_PRODUCT_CATEGORY('part',$,(#8073));
#8126 = SHAPE_DEFINITION_REPRESENTATION(#8127,#8133);
#8127 = PRODUCT_DEFINITION_SHAPE('','',#8128);
#8128 = PRODUCT_DEFINITION('design','',#8129,#8132);
#8129 = PRODUCT_DEFINITION_FORMATION('','',#8130);
#8130 = PRODUCT('BALL_0124','BALL_0124','',(#8131));
#8131 = PRODUCT_CONTEXT('',#2,'mechanical');
#8132 = PRODUCT_DEFINITION_CONTEXT('part definition',#2,'design');
#8133 = ADVANCED_BREP_SHAPE_REPRESENTATION('',(#11,#8134),#8172);
#8134 = MANIFOLD_SOLID_BREP('',#8135);
#8135 = CLOSED_SHELL('',(#8136,#8163));
#8136 = ADVANCED_FACE('',(#8137),#8158,.T.);
#8137 = FACE_BOUND('',#8138,.T.);
#8138 = EDGE_LOOP('',(#8139,#8148,#8157));
#8139 = ORIENTED_EDGE('',*,*,#8140,.T.);
#8140 = EDGE_CURVE('',#8141,#8141,#8143,.T.);
#8141 = VERTEX_POINT('',#8142);
#8142 = CARTESIAN_POINT('',(-3.6,0.243199999999,-6.053399999999));
#8143 = CIRCLE('',#8144,0.121600000001);
#8144 = AXIS2_PLACEMENT_3D('',#8145,#8146,#8147);
#8145 = CARTESIAN_POINT('',(-3.6,0.243199999999,-6.175));
#8146 = DIRECTION('',(-5.551115123126E-17,-1.,0.));
#8147 = DIRECTION('',(6.108492277512E-29,-3.390894386119E-45,1.));
#8148 = ORIENTED_EDGE('',*,*,#8149,.T.);
#8149 = EDGE_CURVE('',#8141,#8150,#8152,.T.);
#8150 = VERTEX_POINT('',#8151);
#8151 = CARTESIAN_POINT('',(-3.6,1.334880397544E-13,-6.175));
#8152 = CIRCLE('',#8153,0.152);
#8153 = AXIS2_PLACEMENT_3D('',#8154,#8155,#8156);
#8154 = CARTESIAN_POINT('',(-3.6,0.152,-6.175));
#8155 = DIRECTION('',(1.,-1.110223024625E-16,-5.551115123126E-17));
#8156 = DIRECTION('',(1.110223024625E-16,1.,5.551115123126E-17));
#8157 = ORIENTED_EDGE('',*,*,#8149,.F.);
#8158 = SPHERICAL_SURFACE('',#8159,0.152);
#8159 = AXIS2_PLACEMENT_3D('',#8160,#8161,#8162);
#8160 = CARTESIAN_POINT('',(-3.6,0.152,-6.175));
#8161 = DIRECTION('',(-5.551115123126E-17,-1.,-0.));
#8162 = DIRECTION('',(5.463066675185E-29,-3.032611203926E-45,1.));
#8163 = ADVANCED_FACE('',(#8164),#8167,.F.);
#8164 = FACE_BOUND('',#8165,.F.);
#8165 = EDGE_LOOP('',(#8166));
#8166 = ORIENTED_EDGE('',*,*,#8140,.T.);
#8167 = PLANE('',#8168);
#8168 = AXIS2_PLACEMENT_3D('',#8169,#8170,#8171);
#8169 = CARTESIAN_POINT('',(-3.6,0.2432,-6.175));
#8170 = DIRECTION('',(-5.551115123126E-17,-1.,-0.));
#8171 = DIRECTION('',(6.10849227756E-29,-3.390894386146E-45,1.));
#8172 = ( GEOMETRIC_REPRESENTATION_CONTEXT(3) 
GLOBAL_UNCERTAINTY_ASSIGNED_CONTEXT((#8176)) 
GLOBAL_UNIT_ASSIGNED_CONTEXT((#8173,#8174,#8175)) REPRESENTATION_CONTEXT
('Context #1','3D Context with UNIT and UNCERTAINTY') );
#8173 = ( LENGTH_UNIT() NAMED_UNIT(*) SI_UNIT(.MILLI.,.METRE.) );
#8174 = ( NAMED_UNIT(*) PLANE_ANGLE_UNIT() SI_UNIT($,.RADIAN.) );
#8175 = ( NAMED_UNIT(*) SI_UNIT($,.STERADIAN.) SOLID_ANGLE_UNIT() );
#8176 = UNCERTAINTY_MEASURE_WITH_UNIT(LENGTH_MEASURE(1.E-07),#8173,
  'distance_accuracy_value','confusion accuracy');
#8177 = CONTEXT_DEPENDENT_SHAPE_REPRESENTATION(#8178,#8180);
#8178 = ( REPRESENTATION_RELATIONSHIP('','',#8133,#10) 
REPRESENTATION_RELATIONSHIP_WITH_TRANSFORMATION(#8179) 
SHAPE_REPRESENTATION_RELATIONSHIP() );
#8179 = ITEM_DEFINED_TRANSFORMATION('','',#11,#515);
#8180 = PRODUCT_DEFINITION_SHAPE('Placement','Placement of an item',
  #8181);
#8181 = NEXT_ASSEMBLY_USAGE_OCCURRENCE('142007','BALL_0124','',#5,#8128,
  $);
#8182 = PRODUCT_RELATED_PRODUCT_CATEGORY('part',$,(#8130));
#8183 = SHAPE_DEFINITION_REPRESENTATION(#8184,#8190);
#8184 = PRODUCT_DEFINITION_SHAPE('','',#8185);
#8185 = PRODUCT_DEFINITION('design','',#8186,#8189);
#8186 = PRODUCT_DEFINITION_FORMATION('','',#8187);
#8187 = PRODUCT('BALL_0125','BALL_0125','',(#8188));
#8188 = PRODUCT_CONTEXT('',#2,'mechanical');
#8189 = PRODUCT_DEFINITION_CONTEXT('part definition',#2,'design');
#8190 = ADVANCED_BREP_SHAPE_REPRESENTATION('',(#11,#8191),#8229);
#8191 = MANIFOLD_SOLID_BREP('',#8192);
#8192 = CLOSED_SHELL('',(#8193,#8220));
#8193 = ADVANCED_FACE('',(#8194),#8215,.T.);
#8194 = FACE_BOUND('',#8195,.T.);
#8195 = EDGE_LOOP('',(#8196,#8205,#8214));
#8196 = ORIENTED_EDGE('',*,*,#8197,.T.);
#8197 = EDGE_CURVE('',#8198,#8198,#8200,.T.);
#8198 = VERTEX_POINT('',#8199);
#8199 = CARTESIAN_POINT('',(-3.6,0.243199999999,-6.053399999999));
#8200 = CIRCLE('',#8201,0.121600000001);
#8201 = AXIS2_PLACEMENT_3D('',#8202,#8203,#8204);
#8202 = CARTESIAN_POINT('',(-3.6,0.243199999999,-6.175));
#8203 = DIRECTION('',(-5.551115123126E-17,-1.,0.));
#8204 = DIRECTION('',(6.108492277512E-29,-3.390894386119E-45,1.));
#8205 = ORIENTED_EDGE('',*,*,#8206,.T.);
#8206 = EDGE_CURVE('',#8198,#8207,#8209,.T.);
#8207 = VERTEX_POINT('',#8208);
#8208 = CARTESIAN_POINT('',(-3.6,1.334880397544E-13,-6.175));
#8209 = CIRCLE('',#8210,0.152);
#8210 = AXIS2_PLACEMENT_3D('',#8211,#8212,#8213);
#8211 = CARTESIAN_POINT('',(-3.6,0.152,-6.175));
#8212 = DIRECTION('',(1.,-1.110223024625E-16,-5.551115123126E-17));
#8213 = DIRECTION('',(1.110223024625E-16,1.,5.551115123126E-17));
#8214 = ORIENTED_EDGE('',*,*,#8206,.F.);
#8215 = SPHERICAL_SURFACE('',#8216,0.152);
#8216 = AXIS2_PLACEMENT_3D('',#8217,#8218,#8219);
#8217 = CARTESIAN_POINT('',(-3.6,0.152,-6.175));
#8218 = DIRECTION('',(-5.551115123126E-17,-1.,-0.));
#8219 = DIRECTION('',(5.463066675185E-29,-3.032611203926E-45,1.));
#8220 = ADVANCED_FACE('',(#8221),#8224,.F.);
#8221 = FACE_BOUND('',#8222,.F.);
#8222 = EDGE_LOOP('',(#8223));
#8223 = ORIENTED_EDGE('',*,*,#8197,.T.);
#8224 = PLANE('',#8225);
#8225 = AXIS2_PLACEMENT_3D('',#8226,#8227,#8228);
#8226 = CARTESIAN_POINT('',(-3.6,0.2432,-6.175));
#8227 = DIRECTION('',(-5.551115123126E-17,-1.,-0.));
#8228 = DIRECTION('',(6.10849227756E-29,-3.390894386146E-45,1.));
#8229 = ( GEOMETRIC_REPRESENTATION_CONTEXT(3) 
GLOBAL_UNCERTAINTY_ASSIGNED_CONTEXT((#8233)) 
GLOBAL_UNIT_ASSIGNED_CONTEXT((#8230,#8231,#8232)) REPRESENTATION_CONTEXT
('Context #1','3D Context with UNIT and UNCERTAINTY') );
#8230 = ( LENGTH_UNIT() NAMED_UNIT(*) SI_UNIT(.MILLI.,.METRE.) );
#8231 = ( NAMED_UNIT(*) PLANE_ANGLE_UNIT() SI_UNIT($,.RADIAN.) );
#8232 = ( NAMED_UNIT(*) SI_UNIT($,.STERADIAN.) SOLID_ANGLE_UNIT() );
#8233 = UNCERTAINTY_MEASURE_WITH_UNIT(LENGTH_MEASURE(1.E-07),#8230,
  'distance_accuracy_value','confusion accuracy');
#8234 = CONTEXT_DEPENDENT_SHAPE_REPRESENTATION(#8235,#8237);
#8235 = ( REPRESENTATION_RELATIONSHIP('','',#8190,#10) 
REPRESENTATION_RELATIONSHIP_WITH_TRANSFORMATION(#8236) 
SHAPE_REPRESENTATION_RELATIONSHIP() );
#8236 = ITEM_DEFINED_TRANSFORMATION('','',#11,#519);
#8237 = PRODUCT_DEFINITION_SHAPE('Placement','Placement of an item',
  #8238);
#8238 = NEXT_ASSEMBLY_USAGE_OCCURRENCE('142008','BALL_0125','',#5,#8185,
  $);
#8239 = PRODUCT_RELATED_PRODUCT_CATEGORY('part',$,(#8187));
#8240 = SHAPE_DEFINITION_REPRESENTATION(#8241,#8247);
#8241 = PRODUCT_DEFINITION_SHAPE('','',#8242);
#8242 = PRODUCT_DEFINITION('design','',#8243,#8246);
#8243 = PRODUCT_DEFINITION_FORMATION('','',#8244);
#8244 = PRODUCT('BALL_0126','BALL_0126','',(#8245));
#8245 = PRODUCT_CONTEXT('',#2,'mechanical');
#8246 = PRODUCT_DEFINITION_CONTEXT('part definition',#2,'design');
#8247 = ADVANCED_BREP_SHAPE_REPRESENTATION('',(#11,#8248),#8286);
#8248 = MANIFOLD_SOLID_BREP('',#8249);
#8249 = CLOSED_SHELL('',(#8250,#8277));
#8250 = ADVANCED_FACE('',(#8251),#8272,.T.);
#8251 = FACE_BOUND('',#8252,.T.);
#8252 = EDGE_LOOP('',(#8253,#8262,#8271));
#8253 = ORIENTED_EDGE('',*,*,#8254,.T.);
#8254 = EDGE_CURVE('',#8255,#8255,#8257,.T.);
#8255 = VERTEX_POINT('',#8256);
#8256 = CARTESIAN_POINT('',(-3.6,0.243199999999,-6.053399999999));
#8257 = CIRCLE('',#8258,0.121600000001);
#8258 = AXIS2_PLACEMENT_3D('',#8259,#8260,#8261);
#8259 = CARTESIAN_POINT('',(-3.6,0.243199999999,-6.175));
#8260 = DIRECTION('',(-5.551115123126E-17,-1.,0.));
#8261 = DIRECTION('',(6.108492277512E-29,-3.390894386119E-45,1.));
#8262 = ORIENTED_EDGE('',*,*,#8263,.T.);
#8263 = EDGE_CURVE('',#8255,#8264,#8266,.T.);
#8264 = VERTEX_POINT('',#8265);
#8265 = CARTESIAN_POINT('',(-3.6,1.334880397544E-13,-6.175));
#8266 = CIRCLE('',#8267,0.152);
#8267 = AXIS2_PLACEMENT_3D('',#8268,#8269,#8270);
#8268 = CARTESIAN_POINT('',(-3.6,0.152,-6.175));
#8269 = DIRECTION('',(1.,-1.110223024625E-16,-5.551115123126E-17));
#8270 = DIRECTION('',(1.110223024625E-16,1.,5.551115123126E-17));
#8271 = ORIENTED_EDGE('',*,*,#8263,.F.);
#8272 = SPHERICAL_SURFACE('',#8273,0.152);
#8273 = AXIS2_PLACEMENT_3D('',#8274,#8275,#8276);
#8274 = CARTESIAN_POINT('',(-3.6,0.152,-6.175));
#8275 = DIRECTION('',(-5.551115123126E-17,-1.,-0.));
#8276 = DIRECTION('',(5.463066675185E-29,-3.032611203926E-45,1.));
#8277 = ADVANCED_FACE('',(#8278),#8281,.F.);
#8278 = FACE_BOUND('',#8279,.F.);
#8279 = EDGE_LOOP('',(#8280));
#8280 = ORIENTED_EDGE('',*,*,#8254,.T.);
#8281 = PLANE('',#8282);
#8282 = AXIS2_PLACEMENT_3D('',#8283,#8284,#8285);
#8283 = CARTESIAN_POINT('',(-3.6,0.2432,-6.175));
#8284 = DIRECTION('',(-5.551115123126E-17,-1.,-0.));
#8285 = DIRECTION('',(6.10849227756E-29,-3.390894386146E-45,1.));
#8286 = ( GEOMETRIC_REPRESENTATION_CONTEXT(3) 
GLOBAL_UNCERTAINTY_ASSIGNED_CONTEXT((#8290)) 
GLOBAL_UNIT_ASSIGNED_CONTEXT((#8287,#8288,#8289)) REPRESENTATION_CONTEXT
('Context #1','3D Context with UNIT and UNCERTAINTY') );
#8287 = ( LENGTH_UNIT() NAMED_UNIT(*) SI_UNIT(.MILLI.,.METRE.) );
#8288 = ( NAMED_UNIT(*) PLANE_ANGLE_UNIT() SI_UNIT($,.RADIAN.) );
#8289 = ( NAMED_UNIT(*) SI_UNIT($,.STERADIAN.) SOLID_ANGLE_UNIT() );
#8290 = UNCERTAINTY_MEASURE_WITH_UNIT(LENGTH_MEASURE(1.E-07),#8287,
  'distance_accuracy_value','confusion accuracy');
#8291 = CONTEXT_DEPENDENT_SHAPE_REPRESENTATION(#8292,#8294);
#8292 = ( REPRESENTATION_RELATIONSHIP('','',#8247,#10) 
REPRESENTATION_RELATIONSHIP_WITH_TRANSFORMATION(#8293) 
SHAPE_REPRESENTATION_RELATIONSHIP() );
#8293 = ITEM_DEFINED_TRANSFORMATION('','',#11,#523);
#8294 = PRODUCT_DEFINITION_SHAPE('Placement','Placement of an item',
  #8295);
#8295 = NEXT_ASSEMBLY_USAGE_OCCURRENCE('142009','BALL_0126','',#5,#8242,
  $);
#8296 = PRODUCT_RELATED_PRODUCT_CATEGORY('part',$,(#8244));
#8297 = SHAPE_DEFINITION_REPRESENTATION(#8298,#8304);
#8298 = PRODUCT_DEFINITION_SHAPE('','',#8299);
#8299 = PRODUCT_DEFINITION('design','',#8300,#8303);
#8300 = PRODUCT_DEFINITION_FORMATION('','',#8301);
#8301 = PRODUCT('BALL_0127','BALL_0127','',(#8302));
#8302 = PRODUCT_CONTEXT('',#2,'mechanical');
#8303 = PRODUCT_DEFINITION_CONTEXT('part definition',#2,'design');
#8304 = ADVANCED_BREP_SHAPE_REPRESENTATION('',(#11,#8305),#8343);
#8305 = MANIFOLD_SOLID_BREP('',#8306);
#8306 = CLOSED_SHELL('',(#8307,#8334));
#8307 = ADVANCED_FACE('',(#8308),#8329,.T.);
#8308 = FACE_BOUND('',#8309,.T.);
#8309 = EDGE_LOOP('',(#8310,#8319,#8328));
#8310 = ORIENTED_EDGE('',*,*,#8311,.T.);
#8311 = EDGE_CURVE('',#8312,#8312,#8314,.T.);
#8312 = VERTEX_POINT('',#8313);
#8313 = CARTESIAN_POINT('',(-3.6,0.243199999999,-6.053399999999));
#8314 = CIRCLE('',#8315,0.121600000001);
#8315 = AXIS2_PLACEMENT_3D('',#8316,#8317,#8318);
#8316 = CARTESIAN_POINT('',(-3.6,0.243199999999,-6.175));
#8317 = DIRECTION('',(-5.551115123126E-17,-1.,0.));
#8318 = DIRECTION('',(6.108492277512E-29,-3.390894386119E-45,1.));
#8319 = ORIENTED_EDGE('',*,*,#8320,.T.);
#8320 = EDGE_CURVE('',#8312,#8321,#8323,.T.);
#8321 = VERTEX_POINT('',#8322);
#8322 = CARTESIAN_POINT('',(-3.6,1.334880397544E-13,-6.175));
#8323 = CIRCLE('',#8324,0.152);
#8324 = AXIS2_PLACEMENT_3D('',#8325,#8326,#8327);
#8325 = CARTESIAN_POINT('',(-3.6,0.152,-6.175));
#8326 = DIRECTION('',(1.,-1.110223024625E-16,-5.551115123126E-17));
#8327 = DIRECTION('',(1.110223024625E-16,1.,5.551115123126E-17));
#8328 = ORIENTED_EDGE('',*,*,#8320,.F.);
#8329 = SPHERICAL_SURFACE('',#8330,0.152);
#8330 = AXIS2_PLACEMENT_3D('',#8331,#8332,#8333);
#8331 = CARTESIAN_POINT('',(-3.6,0.152,-6.175));
#8332 = DIRECTION('',(-5.551115123126E-17,-1.,-0.));
#8333 = DIRECTION('',(5.463066675185E-29,-3.032611203926E-45,1.));
#8334 = ADVANCED_FACE('',(#8335),#8338,.F.);
#8335 = FACE_BOUND('',#8336,.F.);
#8336 = EDGE_LOOP('',(#8337));
#8337 = ORIENTED_EDGE('',*,*,#8311,.T.);
#8338 = PLANE('',#8339);
#8339 = AXIS2_PLACEMENT_3D('',#8340,#8341,#8342);
#8340 = CARTESIAN_POINT('',(-3.6,0.2432,-6.175));
#8341 = DIRECTION('',(-5.551115123126E-17,-1.,-0.));
#8342 = DIRECTION('',(6.10849227756E-29,-3.390894386146E-45,1.));
#8343 = ( GEOMETRIC_REPRESENTATION_CONTEXT(3) 
GLOBAL_UNCERTAINTY_ASSIGNED_CONTEXT((#8347)) 
GLOBAL_UNIT_ASSIGNED_CONTEXT((#8344,#8345,#8346)) REPRESENTATION_CONTEXT
('Context #1','3D Context with UNIT and UNCERTAINTY') );
#8344 = ( LENGTH_UNIT() NAMED_UNIT(*) SI_UNIT(.MILLI.,.METRE.) );
#8345 = ( NAMED_UNIT(*) PLANE_ANGLE_UNIT() SI_UNIT($,.RADIAN.) );
#8346 = ( NAMED_UNIT(*) SI_UNIT($,.STERADIAN.) SOLID_ANGLE_UNIT() );
#8347 = UNCERTAINTY_MEASURE_WITH_UNIT(LENGTH_MEASURE(1.E-07),#8344,
  'distance_accuracy_value','confusion accuracy');
#8348 = CONTEXT_DEPENDENT_SHAPE_REPRESENTATION(#8349,#8351);
#8349 = ( REPRESENTATION_RELATIONSHIP('','',#8304,#10) 
REPRESENTATION_RELATIONSHIP_WITH_TRANSFORMATION(#8350) 
SHAPE_REPRESENTATION_RELATIONSHIP() );
#8350 = ITEM_DEFINED_TRANSFORMATION('','',#11,#527);
#8351 = PRODUCT_DEFINITION_SHAPE('Placement','Placement of an item',
  #8352);
#8352 = NEXT_ASSEMBLY_USAGE_OCCURRENCE('142010','BALL_0127','',#5,#8299,
  $);
#8353 = PRODUCT_RELATED_PRODUCT_CATEGORY('part',$,(#8301));
#8354 = SHAPE_DEFINITION_REPRESENTATION(#8355,#8361);
#8355 = PRODUCT_DEFINITION_SHAPE('','',#8356);
#8356 = PRODUCT_DEFINITION('design','',#8357,#8360);
#8357 = PRODUCT_DEFINITION_FORMATION('','',#8358);
#8358 = PRODUCT('BALL_0128','BALL_0128','',(#8359));
#8359 = PRODUCT_CONTEXT('',#2,'mechanical');
#8360 = PRODUCT_DEFINITION_CONTEXT('part definition',#2,'design');
#8361 = ADVANCED_BREP_SHAPE_REPRESENTATION('',(#11,#8362),#8400);
#8362 = MANIFOLD_SOLID_BREP('',#8363);
#8363 = CLOSED_SHELL('',(#8364,#8391));
#8364 = ADVANCED_FACE('',(#8365),#8386,.T.);
#8365 = FACE_BOUND('',#8366,.T.);
#8366 = EDGE_LOOP('',(#8367,#8376,#8385));
#8367 = ORIENTED_EDGE('',*,*,#8368,.T.);
#8368 = EDGE_CURVE('',#8369,#8369,#8371,.T.);
#8369 = VERTEX_POINT('',#8370);
#8370 = CARTESIAN_POINT('',(-3.6,0.243199999999,-6.053399999999));
#8371 = CIRCLE('',#8372,0.121600000001);
#8372 = AXIS2_PLACEMENT_3D('',#8373,#8374,#8375);
#8373 = CARTESIAN_POINT('',(-3.6,0.243199999999,-6.175));
#8374 = DIRECTION('',(-5.551115123126E-17,-1.,0.));
#8375 = DIRECTION('',(6.108492277512E-29,-3.390894386119E-45,1.));
#8376 = ORIENTED_EDGE('',*,*,#8377,.T.);
#8377 = EDGE_CURVE('',#8369,#8378,#8380,.T.);
#8378 = VERTEX_POINT('',#8379);
#8379 = CARTESIAN_POINT('',(-3.6,1.334880397544E-13,-6.175));
#8380 = CIRCLE('',#8381,0.152);
#8381 = AXIS2_PLACEMENT_3D('',#8382,#8383,#8384);
#8382 = CARTESIAN_POINT('',(-3.6,0.152,-6.175));
#8383 = DIRECTION('',(1.,-1.110223024625E-16,-5.551115123126E-17));
#8384 = DIRECTION('',(1.110223024625E-16,1.,5.551115123126E-17));
#8385 = ORIENTED_EDGE('',*,*,#8377,.F.);
#8386 = SPHERICAL_SURFACE('',#8387,0.152);
#8387 = AXIS2_PLACEMENT_3D('',#8388,#8389,#8390);
#8388 = CARTESIAN_POINT('',(-3.6,0.152,-6.175));
#8389 = DIRECTION('',(-5.551115123126E-17,-1.,-0.));
#8390 = DIRECTION('',(5.463066675185E-29,-3.032611203926E-45,1.));
#8391 = ADVANCED_FACE('',(#8392),#8395,.F.);
#8392 = FACE_BOUND('',#8393,.F.);
#8393 = EDGE_LOOP('',(#8394));
#8394 = ORIENTED_EDGE('',*,*,#8368,.T.);
#8395 = PLANE('',#8396);
#8396 = AXIS2_PLACEMENT_3D('',#8397,#8398,#8399);
#8397 = CARTESIAN_POINT('',(-3.6,0.2432,-6.175));
#8398 = DIRECTION('',(-5.551115123126E-17,-1.,-0.));
#8399 = DIRECTION('',(6.10849227756E-29,-3.390894386146E-45,1.));
#8400 = ( GEOMETRIC_REPRESENTATION_CONTEXT(3) 
GLOBAL_UNCERTAINTY_ASSIGNED_CONTEXT((#8404)) 
GLOBAL_UNIT_ASSIGNED_CONTEXT((#8401,#8402,#8403)) REPRESENTATION_CONTEXT
('Context #1','3D Context with UNIT and UNCERTAINTY') );
#8401 = ( LENGTH_UNIT() NAMED_UNIT(*) SI_UNIT(.MILLI.,.METRE.) );
#8402 = ( NAMED_UNIT(*) PLANE_ANGLE_UNIT() SI_UNIT($,.RADIAN.) );
#8403 = ( NAMED_UNIT(*) SI_UNIT($,.STERADIAN.) SOLID_ANGLE_UNIT() );
#8404 = UNCERTAINTY_MEASURE_WITH_UNIT(LENGTH_MEASURE(1.E-07),#8401,
  'distance_accuracy_value','confusion accuracy');
#8405 = CONTEXT_DEPENDENT_SHAPE_REPRESENTATION(#8406,#8408);
#8406 = ( REPRESENTATION_RELATIONSHIP('','',#8361,#10) 
REPRESENTATION_RELATIONSHIP_WITH_TRANSFORMATION(#8407) 
SHAPE_REPRESENTATION_RELATIONSHIP() );
#8407 = ITEM_DEFINED_TRANSFORMATION('','',#11,#531);
#8408 = PRODUCT_DEFINITION_SHAPE('Placement','Placement of an item',
  #8409);
#8409 = NEXT_ASSEMBLY_USAGE_OCCURRENCE('142011','BALL_0128','',#5,#8356,
  $);
#8410 = PRODUCT_RELATED_PRODUCT_CATEGORY('part',$,(#8358));
#8411 = SHAPE_DEFINITION_REPRESENTATION(#8412,#8418);
#8412 = PRODUCT_DEFINITION_SHAPE('','',#8413);
#8413 = PRODUCT_DEFINITION('design','',#8414,#8417);
#8414 = PRODUCT_DEFINITION_FORMATION('','',#8415);
#8415 = PRODUCT('BALL_0129','BALL_0129','',(#8416));
#8416 = PRODUCT_CONTEXT('',#2,'mechanical');
#8417 = PRODUCT_DEFINITION_CONTEXT('part definition',#2,'design');
#8418 = ADVANCED_BREP_SHAPE_REPRESENTATION('',(#11,#8419),#8457);
#8419 = MANIFOLD_SOLID_BREP('',#8420);
#8420 = CLOSED_SHELL('',(#8421,#8448));
#8421 = ADVANCED_FACE('',(#8422),#8443,.T.);
#8422 = FACE_BOUND('',#8423,.T.);
#8423 = EDGE_LOOP('',(#8424,#8433,#8442));
#8424 = ORIENTED_EDGE('',*,*,#8425,.T.);
#8425 = EDGE_CURVE('',#8426,#8426,#8428,.T.);
#8426 = VERTEX_POINT('',#8427);
#8427 = CARTESIAN_POINT('',(-3.6,0.243199999999,-6.053399999999));
#8428 = CIRCLE('',#8429,0.121600000001);
#8429 = AXIS2_PLACEMENT_3D('',#8430,#8431,#8432);
#8430 = CARTESIAN_POINT('',(-3.6,0.243199999999,-6.175));
#8431 = DIRECTION('',(-5.551115123126E-17,-1.,0.));
#8432 = DIRECTION('',(6.108492277512E-29,-3.390894386119E-45,1.));
#8433 = ORIENTED_EDGE('',*,*,#8434,.T.);
#8434 = EDGE_CURVE('',#8426,#8435,#8437,.T.);
#8435 = VERTEX_POINT('',#8436);
#8436 = CARTESIAN_POINT('',(-3.6,1.334880397544E-13,-6.175));
#8437 = CIRCLE('',#8438,0.152);
#8438 = AXIS2_PLACEMENT_3D('',#8439,#8440,#8441);
#8439 = CARTESIAN_POINT('',(-3.6,0.152,-6.175));
#8440 = DIRECTION('',(1.,-1.110223024625E-16,-5.551115123126E-17));
#8441 = DIRECTION('',(1.110223024625E-16,1.,5.551115123126E-17));
#8442 = ORIENTED_EDGE('',*,*,#8434,.F.);
#8443 = SPHERICAL_SURFACE('',#8444,0.152);
#8444 = AXIS2_PLACEMENT_3D('',#8445,#8446,#8447);
#8445 = CARTESIAN_POINT('',(-3.6,0.152,-6.175));
#8446 = DIRECTION('',(-5.551115123126E-17,-1.,-0.));
#8447 = DIRECTION('',(5.463066675185E-29,-3.032611203926E-45,1.));
#8448 = ADVANCED_FACE('',(#8449),#8452,.F.);
#8449 = FACE_BOUND('',#8450,.F.);
#8450 = EDGE_LOOP('',(#8451));
#8451 = ORIENTED_EDGE('',*,*,#8425,.T.);
#8452 = PLANE('',#8453);
#8453 = AXIS2_PLACEMENT_3D('',#8454,#8455,#8456);
#8454 = CARTESIAN_POINT('',(-3.6,0.2432,-6.175));
#8455 = DIRECTION('',(-5.551115123126E-17,-1.,-0.));
#8456 = DIRECTION('',(6.10849227756E-29,-3.390894386146E-45,1.));
#8457 = ( GEOMETRIC_REPRESENTATION_CONTEXT(3) 
GLOBAL_UNCERTAINTY_ASSIGNED_CONTEXT((#8461)) 
GLOBAL_UNIT_ASSIGNED_CONTEXT((#8458,#8459,#8460)) REPRESENTATION_CONTEXT
('Context #1','3D Context with UNIT and UNCERTAINTY') );
#8458 = ( LENGTH_UNIT() NAMED_UNIT(*) SI_UNIT(.MILLI.,.METRE.) );
#8459 = ( NAMED_UNIT(*) PLANE_ANGLE_UNIT() SI_UNIT($,.RADIAN.) );
#8460 = ( NAMED_UNIT(*) SI_UNIT($,.STERADIAN.) SOLID_ANGLE_UNIT() );
#8461 = UNCERTAINTY_MEASURE_WITH_UNIT(LENGTH_MEASURE(1.E-07),#8458,
  'distance_accuracy_value','confusion accuracy');
#8462 = CONTEXT_DEPENDENT_SHAPE_REPRESENTATION(#8463,#8465);
#8463 = ( REPRESENTATION_RELATIONSHIP('','',#8418,#10) 
REPRESENTATION_RELATIONSHIP_WITH_TRANSFORMATION(#8464) 
SHAPE_REPRESENTATION_RELATIONSHIP() );
#8464 = ITEM_DEFINED_TRANSFORMATION('','',#11,#535);
#8465 = PRODUCT_DEFINITION_SHAPE('Placement','Placement of an item',
  #8466);
#8466 = NEXT_ASSEMBLY_USAGE_OCCURRENCE('142012','BALL_0129','',#5,#8413,
  $);
#8467 = PRODUCT_RELATED_PRODUCT_CATEGORY('part',$,(#8415));
#8468 = SHAPE_DEFINITION_REPRESENTATION(#8469,#8475);
#8469 = PRODUCT_DEFINITION_SHAPE('','',#8470);
#8470 = PRODUCT_DEFINITION('design','',#8471,#8474);
#8471 = PRODUCT_DEFINITION_FORMATION('','',#8472);
#8472 = PRODUCT('BALL_0130','BALL_0130','',(#8473));
#8473 = PRODUCT_CONTEXT('',#2,'mechanical');
#8474 = PRODUCT_DEFINITION_CONTEXT('part definition',#2,'design');
#8475 = ADVANCED_BREP_SHAPE_REPRESENTATION('',(#11,#8476),#8514);
#8476 = MANIFOLD_SOLID_BREP('',#8477);
#8477 = CLOSED_SHELL('',(#8478,#8505));
#8478 = ADVANCED_FACE('',(#8479),#8500,.T.);
#8479 = FACE_BOUND('',#8480,.T.);
#8480 = EDGE_LOOP('',(#8481,#8490,#8499));
#8481 = ORIENTED_EDGE('',*,*,#8482,.T.);
#8482 = EDGE_CURVE('',#8483,#8483,#8485,.T.);
#8483 = VERTEX_POINT('',#8484);
#8484 = CARTESIAN_POINT('',(-3.6,0.243199999999,-6.053399999999));
#8485 = CIRCLE('',#8486,0.121600000001);
#8486 = AXIS2_PLACEMENT_3D('',#8487,#8488,#8489);
#8487 = CARTESIAN_POINT('',(-3.6,0.243199999999,-6.175));
#8488 = DIRECTION('',(-5.551115123126E-17,-1.,0.));
#8489 = DIRECTION('',(6.108492277512E-29,-3.390894386119E-45,1.));
#8490 = ORIENTED_EDGE('',*,*,#8491,.T.);
#8491 = EDGE_CURVE('',#8483,#8492,#8494,.T.);
#8492 = VERTEX_POINT('',#8493);
#8493 = CARTESIAN_POINT('',(-3.6,1.334880397544E-13,-6.175));
#8494 = CIRCLE('',#8495,0.152);
#8495 = AXIS2_PLACEMENT_3D('',#8496,#8497,#8498);
#8496 = CARTESIAN_POINT('',(-3.6,0.152,-6.175));
#8497 = DIRECTION('',(1.,-1.110223024625E-16,-5.551115123126E-17));
#8498 = DIRECTION('',(1.110223024625E-16,1.,5.551115123126E-17));
#8499 = ORIENTED_EDGE('',*,*,#8491,.F.);
#8500 = SPHERICAL_SURFACE('',#8501,0.152);
#8501 = AXIS2_PLACEMENT_3D('',#8502,#8503,#8504);
#8502 = CARTESIAN_POINT('',(-3.6,0.152,-6.175));
#8503 = DIRECTION('',(-5.551115123126E-17,-1.,-0.));
#8504 = DIRECTION('',(5.463066675185E-29,-3.032611203926E-45,1.));
#8505 = ADVANCED_FACE('',(#8506),#8509,.F.);
#8506 = FACE_BOUND('',#8507,.F.);
#8507 = EDGE_LOOP('',(#8508));
#8508 = ORIENTED_EDGE('',*,*,#8482,.T.);
#8509 = PLANE('',#8510);
#8510 = AXIS2_PLACEMENT_3D('',#8511,#8512,#8513);
#8511 = CARTESIAN_POINT('',(-3.6,0.2432,-6.175));
#8512 = DIRECTION('',(-5.551115123126E-17,-1.,-0.));
#8513 = DIRECTION('',(6.10849227756E-29,-3.390894386146E-45,1.));
#8514 = ( GEOMETRIC_REPRESENTATION_CONTEXT(3) 
GLOBAL_UNCERTAINTY_ASSIGNED_CONTEXT((#8518)) 
GLOBAL_UNIT_ASSIGNED_CONTEXT((#8515,#8516,#8517)) REPRESENTATION_CONTEXT
('Context #1','3D Context with UNIT and UNCERTAINTY') );
#8515 = ( LENGTH_UNIT() NAMED_UNIT(*) SI_UNIT(.MILLI.,.METRE.) );
#8516 = ( NAMED_UNIT(*) PLANE_ANGLE_UNIT() SI_UNIT($,.RADIAN.) );
#8517 = ( NAMED_UNIT(*) SI_UNIT($,.STERADIAN.) SOLID_ANGLE_UNIT() );
#8518 = UNCERTAINTY_MEASURE_WITH_UNIT(LENGTH_MEASURE(1.E-07),#8515,
  'distance_accuracy_value','confusion accuracy');
#8519 = CONTEXT_DEPENDENT_SHAPE_REPRESENTATION(#8520,#8522);
#8520 = ( REPRESENTATION_RELATIONSHIP('','',#8475,#10) 
REPRESENTATION_RELATIONSHIP_WITH_TRANSFORMATION(#8521) 
SHAPE_REPRESENTATION_RELATIONSHIP() );
#8521 = ITEM_DEFINED_TRANSFORMATION('','',#11,#539);
#8522 = PRODUCT_DEFINITION_SHAPE('Placement','Placement of an item',
  #8523);
#8523 = NEXT_ASSEMBLY_USAGE_OCCURRENCE('142013','BALL_0130','',#5,#8470,
  $);
#8524 = PRODUCT_RELATED_PRODUCT_CATEGORY('part',$,(#8472));
#8525 = SHAPE_DEFINITION_REPRESENTATION(#8526,#8532);
#8526 = PRODUCT_DEFINITION_SHAPE('','',#8527);
#8527 = PRODUCT_DEFINITION('design','',#8528,#8531);
#8528 = PRODUCT_DEFINITION_FORMATION('','',#8529);
#8529 = PRODUCT('BALL_0131','BALL_0131','',(#8530));
#8530 = PRODUCT_CONTEXT('',#2,'mechanical');
#8531 = PRODUCT_DEFINITION_CONTEXT('part definition',#2,'design');
#8532 = ADVANCED_BREP_SHAPE_REPRESENTATION('',(#11,#8533),#8571);
#8533 = MANIFOLD_SOLID_BREP('',#8534);
#8534 = CLOSED_SHELL('',(#8535,#8562));
#8535 = ADVANCED_FACE('',(#8536),#8557,.T.);
#8536 = FACE_BOUND('',#8537,.T.);
#8537 = EDGE_LOOP('',(#8538,#8547,#8556));
#8538 = ORIENTED_EDGE('',*,*,#8539,.T.);
#8539 = EDGE_CURVE('',#8540,#8540,#8542,.T.);
#8540 = VERTEX_POINT('',#8541);
#8541 = CARTESIAN_POINT('',(-3.6,0.243199999999,-6.053399999999));
#8542 = CIRCLE('',#8543,0.121600000001);
#8543 = AXIS2_PLACEMENT_3D('',#8544,#8545,#8546);
#8544 = CARTESIAN_POINT('',(-3.6,0.243199999999,-6.175));
#8545 = DIRECTION('',(-5.551115123126E-17,-1.,0.));
#8546 = DIRECTION('',(6.108492277512E-29,-3.390894386119E-45,1.));
#8547 = ORIENTED_EDGE('',*,*,#8548,.T.);
#8548 = EDGE_CURVE('',#8540,#8549,#8551,.T.);
#8549 = VERTEX_POINT('',#8550);
#8550 = CARTESIAN_POINT('',(-3.6,1.334880397544E-13,-6.175));
#8551 = CIRCLE('',#8552,0.152);
#8552 = AXIS2_PLACEMENT_3D('',#8553,#8554,#8555);
#8553 = CARTESIAN_POINT('',(-3.6,0.152,-6.175));
#8554 = DIRECTION('',(1.,-1.110223024625E-16,-5.551115123126E-17));
#8555 = DIRECTION('',(1.110223024625E-16,1.,5.551115123126E-17));
#8556 = ORIENTED_EDGE('',*,*,#8548,.F.);
#8557 = SPHERICAL_SURFACE('',#8558,0.152);
#8558 = AXIS2_PLACEMENT_3D('',#8559,#8560,#8561);
#8559 = CARTESIAN_POINT('',(-3.6,0.152,-6.175));
#8560 = DIRECTION('',(-5.551115123126E-17,-1.,-0.));
#8561 = DIRECTION('',(5.463066675185E-29,-3.032611203926E-45,1.));
#8562 = ADVANCED_FACE('',(#8563),#8566,.F.);
#8563 = FACE_BOUND('',#8564,.F.);
#8564 = EDGE_LOOP('',(#8565));
#8565 = ORIENTED_EDGE('',*,*,#8539,.T.);
#8566 = PLANE('',#8567);
#8567 = AXIS2_PLACEMENT_3D('',#8568,#8569,#8570);
#8568 = CARTESIAN_POINT('',(-3.6,0.2432,-6.175));
#8569 = DIRECTION('',(-5.551115123126E-17,-1.,-0.));
#8570 = DIRECTION('',(6.10849227756E-29,-3.390894386146E-45,1.));
#8571 = ( GEOMETRIC_REPRESENTATION_CONTEXT(3) 
GLOBAL_UNCERTAINTY_ASSIGNED_CONTEXT((#8575)) 
GLOBAL_UNIT_ASSIGNED_CONTEXT((#8572,#8573,#8574)) REPRESENTATION_CONTEXT
('Context #1','3D Context with UNIT and UNCERTAINTY') );
#8572 = ( LENGTH_UNIT() NAMED_UNIT(*) SI_UNIT(.MILLI.,.METRE.) );
#8573 = ( NAMED_UNIT(*) PLANE_ANGLE_UNIT() SI_UNIT($,.RADIAN.) );
#8574 = ( NAMED_UNIT(*) SI_UNIT($,.STERADIAN.) SOLID_ANGLE_UNIT() );
#8575 = UNCERTAINTY_MEASURE_WITH_UNIT(LENGTH_MEASURE(1.E-07),#8572,
  'distance_accuracy_value','confusion accuracy');
#8576 = CONTEXT_DEPENDENT_SHAPE_REPRESENTATION(#8577,#8579);
#8577 = ( REPRESENTATION_RELATIONSHIP('','',#8532,#10) 
REPRESENTATION_RELATIONSHIP_WITH_TRANSFORMATION(#8578) 
SHAPE_REPRESENTATION_RELATIONSHIP() );
#8578 = ITEM_DEFINED_TRANSFORMATION('','',#11,#543);
#8579 = PRODUCT_DEFINITION_SHAPE('Placement','Placement of an item',
  #8580);
#8580 = NEXT_ASSEMBLY_USAGE_OCCURRENCE('142014','BALL_0131','',#5,#8527,
  $);
#8581 = PRODUCT_RELATED_PRODUCT_CATEGORY('part',$,(#8529));
#8582 = SHAPE_DEFINITION_REPRESENTATION(#8583,#8589);
#8583 = PRODUCT_DEFINITION_SHAPE('','',#8584);
#8584 = PRODUCT_DEFINITION('design','',#8585,#8588);
#8585 = PRODUCT_DEFINITION_FORMATION('','',#8586);
#8586 = PRODUCT('BALL_0132','BALL_0132','',(#8587));
#8587 = PRODUCT_CONTEXT('',#2,'mechanical');
#8588 = PRODUCT_DEFINITION_CONTEXT('part definition',#2,'design');
#8589 = ADVANCED_BREP_SHAPE_REPRESENTATION('',(#11,#8590),#8628);
#8590 = MANIFOLD_SOLID_BREP('',#8591);
#8591 = CLOSED_SHELL('',(#8592,#8619));
#8592 = ADVANCED_FACE('',(#8593),#8614,.T.);
#8593 = FACE_BOUND('',#8594,.T.);
#8594 = EDGE_LOOP('',(#8595,#8604,#8613));
#8595 = ORIENTED_EDGE('',*,*,#8596,.T.);
#8596 = EDGE_CURVE('',#8597,#8597,#8599,.T.);
#8597 = VERTEX_POINT('',#8598);
#8598 = CARTESIAN_POINT('',(-3.6,0.243199999999,-6.053399999999));
#8599 = CIRCLE('',#8600,0.121600000001);
#8600 = AXIS2_PLACEMENT_3D('',#8601,#8602,#8603);
#8601 = CARTESIAN_POINT('',(-3.6,0.243199999999,-6.175));
#8602 = DIRECTION('',(-5.551115123126E-17,-1.,0.));
#8603 = DIRECTION('',(6.108492277512E-29,-3.390894386119E-45,1.));
#8604 = ORIENTED_EDGE('',*,*,#8605,.T.);
#8605 = EDGE_CURVE('',#8597,#8606,#8608,.T.);
#8606 = VERTEX_POINT('',#8607);
#8607 = CARTESIAN_POINT('',(-3.6,1.334880397544E-13,-6.175));
#8608 = CIRCLE('',#8609,0.152);
#8609 = AXIS2_PLACEMENT_3D('',#8610,#8611,#8612);
#8610 = CARTESIAN_POINT('',(-3.6,0.152,-6.175));
#8611 = DIRECTION('',(1.,-1.110223024625E-16,-5.551115123126E-17));
#8612 = DIRECTION('',(1.110223024625E-16,1.,5.551115123126E-17));
#8613 = ORIENTED_EDGE('',*,*,#8605,.F.);
#8614 = SPHERICAL_SURFACE('',#8615,0.152);
#8615 = AXIS2_PLACEMENT_3D('',#8616,#8617,#8618);
#8616 = CARTESIAN_POINT('',(-3.6,0.152,-6.175));
#8617 = DIRECTION('',(-5.551115123126E-17,-1.,-0.));
#8618 = DIRECTION('',(5.463066675185E-29,-3.032611203926E-45,1.));
#8619 = ADVANCED_FACE('',(#8620),#8623,.F.);
#8620 = FACE_BOUND('',#8621,.F.);
#8621 = EDGE_LOOP('',(#8622));
#8622 = ORIENTED_EDGE('',*,*,#8596,.T.);
#8623 = PLANE('',#8624);
#8624 = AXIS2_PLACEMENT_3D('',#8625,#8626,#8627);
#8625 = CARTESIAN_POINT('',(-3.6,0.2432,-6.175));
#8626 = DIRECTION('',(-5.551115123126E-17,-1.,-0.));
#8627 = DIRECTION('',(6.10849227756E-29,-3.390894386146E-45,1.));
#8628 = ( GEOMETRIC_REPRESENTATION_CONTEXT(3) 
GLOBAL_UNCERTAINTY_ASSIGNED_CONTEXT((#8632)) 
GLOBAL_UNIT_ASSIGNED_CONTEXT((#8629,#8630,#8631)) REPRESENTATION_CONTEXT
('Context #1','3D Context with UNIT and UNCERTAINTY') );
#8629 = ( LENGTH_UNIT() NAMED_UNIT(*) SI_UNIT(.MILLI.,.METRE.) );
#8630 = ( NAMED_UNIT(*) PLANE_ANGLE_UNIT() SI_UNIT($,.RADIAN.) );
#8631 = ( NAMED_UNIT(*) SI_UNIT($,.STERADIAN.) SOLID_ANGLE_UNIT() );
#8632 = UNCERTAINTY_MEASURE_WITH_UNIT(LENGTH_MEASURE(1.E-07),#8629,
  'distance_accuracy_value','confusion accuracy');
#8633 = CONTEXT_DEPENDENT_SHAPE_REPRESENTATION(#8634,#8636);
#8634 = ( REPRESENTATION_RELATIONSHIP('','',#8589,#10) 
REPRESENTATION_RELATIONSHIP_WITH_TRANSFORMATION(#8635) 
SHAPE_REPRESENTATION_RELATIONSHIP() );
#8635 = ITEM_DEFINED_TRANSFORMATION('','',#11,#547);
#8636 = PRODUCT_DEFINITION_SHAPE('Placement','Placement of an item',
  #8637);
#8637 = NEXT_ASSEMBLY_USAGE_OCCURRENCE('142015','BALL_0132','',#5,#8584,
  $);
#8638 = PRODUCT_RELATED_PRODUCT_CATEGORY('part',$,(#8586));
#8639 = SHAPE_DEFINITION_REPRESENTATION(#8640,#8646);
#8640 = PRODUCT_DEFINITION_SHAPE('','',#8641);
#8641 = PRODUCT_DEFINITION('design','',#8642,#8645);
#8642 = PRODUCT_DEFINITION_FORMATION('','',#8643);
#8643 = PRODUCT('BALL_0133','BALL_0133','',(#8644));
#8644 = PRODUCT_CONTEXT('',#2,'mechanical');
#8645 = PRODUCT_DEFINITION_CONTEXT('part definition',#2,'design');
#8646 = ADVANCED_BREP_SHAPE_REPRESENTATION('',(#11,#8647),#8685);
#8647 = MANIFOLD_SOLID_BREP('',#8648);
#8648 = CLOSED_SHELL('',(#8649,#8676));
#8649 = ADVANCED_FACE('',(#8650),#8671,.T.);
#8650 = FACE_BOUND('',#8651,.T.);
#8651 = EDGE_LOOP('',(#8652,#8661,#8670));
#8652 = ORIENTED_EDGE('',*,*,#8653,.T.);
#8653 = EDGE_CURVE('',#8654,#8654,#8656,.T.);
#8654 = VERTEX_POINT('',#8655);
#8655 = CARTESIAN_POINT('',(-3.6,0.243199999999,-6.053399999999));
#8656 = CIRCLE('',#8657,0.121600000001);
#8657 = AXIS2_PLACEMENT_3D('',#8658,#8659,#8660);
#8658 = CARTESIAN_POINT('',(-3.6,0.243199999999,-6.175));
#8659 = DIRECTION('',(-5.551115123126E-17,-1.,0.));
#8660 = DIRECTION('',(6.108492277512E-29,-3.390894386119E-45,1.));
#8661 = ORIENTED_EDGE('',*,*,#8662,.T.);
#8662 = EDGE_CURVE('',#8654,#8663,#8665,.T.);
#8663 = VERTEX_POINT('',#8664);
#8664 = CARTESIAN_POINT('',(-3.6,1.334880397544E-13,-6.175));
#8665 = CIRCLE('',#8666,0.152);
#8666 = AXIS2_PLACEMENT_3D('',#8667,#8668,#8669);
#8667 = CARTESIAN_POINT('',(-3.6,0.152,-6.175));
#8668 = DIRECTION('',(1.,-1.110223024625E-16,-5.551115123126E-17));
#8669 = DIRECTION('',(1.110223024625E-16,1.,5.551115123126E-17));
#8670 = ORIENTED_EDGE('',*,*,#8662,.F.);
#8671 = SPHERICAL_SURFACE('',#8672,0.152);
#8672 = AXIS2_PLACEMENT_3D('',#8673,#8674,#8675);
#8673 = CARTESIAN_POINT('',(-3.6,0.152,-6.175));
#8674 = DIRECTION('',(-5.551115123126E-17,-1.,-0.));
#8675 = DIRECTION('',(5.463066675185E-29,-3.032611203926E-45,1.));
#8676 = ADVANCED_FACE('',(#8677),#8680,.F.);
#8677 = FACE_BOUND('',#8678,.F.);
#8678 = EDGE_LOOP('',(#8679));
#8679 = ORIENTED_EDGE('',*,*,#8653,.T.);
#8680 = PLANE('',#8681);
#8681 = AXIS2_PLACEMENT_3D('',#8682,#8683,#8684);
#8682 = CARTESIAN_POINT('',(-3.6,0.2432,-6.175));
#8683 = DIRECTION('',(-5.551115123126E-17,-1.,-0.));
#8684 = DIRECTION('',(6.10849227756E-29,-3.390894386146E-45,1.));
#8685 = ( GEOMETRIC_REPRESENTATION_CONTEXT(3) 
GLOBAL_UNCERTAINTY_ASSIGNED_CONTEXT((#8689)) 
GLOBAL_UNIT_ASSIGNED_CONTEXT((#8686,#8687,#8688)) REPRESENTATION_CONTEXT
('Context #1','3D Context with UNIT and UNCERTAINTY') );
#8686 = ( LENGTH_UNIT() NAMED_UNIT(*) SI_UNIT(.MILLI.,.METRE.) );
#8687 = ( NAMED_UNIT(*) PLANE_ANGLE_UNIT() SI_UNIT($,.RADIAN.) );
#8688 = ( NAMED_UNIT(*) SI_UNIT($,.STERADIAN.) SOLID_ANGLE_UNIT() );
#8689 = UNCERTAINTY_MEASURE_WITH_UNIT(LENGTH_MEASURE(1.E-07),#8686,
  'distance_accuracy_value','confusion accuracy');
#8690 = CONTEXT_DEPENDENT_SHAPE_REPRESENTATION(#8691,#8693);
#8691 = ( REPRESENTATION_RELATIONSHIP('','',#8646,#10) 
REPRESENTATION_RELATIONSHIP_WITH_TRANSFORMATION(#8692) 
SHAPE_REPRESENTATION_RELATIONSHIP() );
#8692 = ITEM_DEFINED_TRANSFORMATION('','',#11,#551);
#8693 = PRODUCT_DEFINITION_SHAPE('Placement','Placement of an item',
  #8694);
#8694 = NEXT_ASSEMBLY_USAGE_OCCURRENCE('142016','BALL_0133','',#5,#8641,
  $);
#8695 = PRODUCT_RELATED_PRODUCT_CATEGORY('part',$,(#8643));
#8696 = SHAPE_DEFINITION_REPRESENTATION(#8697,#8703);
#8697 = PRODUCT_DEFINITION_SHAPE('','',#8698);
#8698 = PRODUCT_DEFINITION('design','',#8699,#8702);
#8699 = PRODUCT_DEFINITION_FORMATION('','',#8700);
#8700 = PRODUCT('BALL_0134','BALL_0134','',(#8701));
#8701 = PRODUCT_CONTEXT('',#2,'mechanical');
#8702 = PRODUCT_DEFINITION_CONTEXT('part definition',#2,'design');
#8703 = ADVANCED_BREP_SHAPE_REPRESENTATION('',(#11,#8704),#8742);
#8704 = MANIFOLD_SOLID_BREP('',#8705);
#8705 = CLOSED_SHELL('',(#8706,#8733));
#8706 = ADVANCED_FACE('',(#8707),#8728,.T.);
#8707 = FACE_BOUND('',#8708,.T.);
#8708 = EDGE_LOOP('',(#8709,#8718,#8727));
#8709 = ORIENTED_EDGE('',*,*,#8710,.T.);
#8710 = EDGE_CURVE('',#8711,#8711,#8713,.T.);
#8711 = VERTEX_POINT('',#8712);
#8712 = CARTESIAN_POINT('',(-3.6,0.243199999999,-6.053399999999));
#8713 = CIRCLE('',#8714,0.121600000001);
#8714 = AXIS2_PLACEMENT_3D('',#8715,#8716,#8717);
#8715 = CARTESIAN_POINT('',(-3.6,0.243199999999,-6.175));
#8716 = DIRECTION('',(-5.551115123126E-17,-1.,0.));
#8717 = DIRECTION('',(6.108492277512E-29,-3.390894386119E-45,1.));
#8718 = ORIENTED_EDGE('',*,*,#8719,.T.);
#8719 = EDGE_CURVE('',#8711,#8720,#8722,.T.);
#8720 = VERTEX_POINT('',#8721);
#8721 = CARTESIAN_POINT('',(-3.6,1.334880397544E-13,-6.175));
#8722 = CIRCLE('',#8723,0.152);
#8723 = AXIS2_PLACEMENT_3D('',#8724,#8725,#8726);
#8724 = CARTESIAN_POINT('',(-3.6,0.152,-6.175));
#8725 = DIRECTION('',(1.,-1.110223024625E-16,-5.551115123126E-17));
#8726 = DIRECTION('',(1.110223024625E-16,1.,5.551115123126E-17));
#8727 = ORIENTED_EDGE('',*,*,#8719,.F.);
#8728 = SPHERICAL_SURFACE('',#8729,0.152);
#8729 = AXIS2_PLACEMENT_3D('',#8730,#8731,#8732);
#8730 = CARTESIAN_POINT('',(-3.6,0.152,-6.175));
#8731 = DIRECTION('',(-5.551115123126E-17,-1.,-0.));
#8732 = DIRECTION('',(5.463066675185E-29,-3.032611203926E-45,1.));
#8733 = ADVANCED_FACE('',(#8734),#8737,.F.);
#8734 = FACE_BOUND('',#8735,.F.);
#8735 = EDGE_LOOP('',(#8736));
#8736 = ORIENTED_EDGE('',*,*,#8710,.T.);
#8737 = PLANE('',#8738);
#8738 = AXIS2_PLACEMENT_3D('',#8739,#8740,#8741);
#8739 = CARTESIAN_POINT('',(-3.6,0.2432,-6.175));
#8740 = DIRECTION('',(-5.551115123126E-17,-1.,-0.));
#8741 = DIRECTION('',(6.10849227756E-29,-3.390894386146E-45,1.));
#8742 = ( GEOMETRIC_REPRESENTATION_CONTEXT(3) 
GLOBAL_UNCERTAINTY_ASSIGNED_CONTEXT((#8746)) 
GLOBAL_UNIT_ASSIGNED_CONTEXT((#8743,#8744,#8745)) REPRESENTATION_CONTEXT
('Context #1','3D Context with UNIT and UNCERTAINTY') );
#8743 = ( LENGTH_UNIT() NAMED_UNIT(*) SI_UNIT(.MILLI.,.METRE.) );
#8744 = ( NAMED_UNIT(*) PLANE_ANGLE_UNIT() SI_UNIT($,.RADIAN.) );
#8745 = ( NAMED_UNIT(*) SI_UNIT($,.STERADIAN.) SOLID_ANGLE_UNIT() );
#8746 = UNCERTAINTY_MEASURE_WITH_UNIT(LENGTH_MEASURE(1.E-07),#8743,
  'distance_accuracy_value','confusion accuracy');
#8747 = CONTEXT_DEPENDENT_SHAPE_REPRESENTATION(#8748,#8750);
#8748 = ( REPRESENTATION_RELATIONSHIP('','',#8703,#10) 
REPRESENTATION_RELATIONSHIP_WITH_TRANSFORMATION(#8749) 
SHAPE_REPRESENTATION_RELATIONSHIP() );
#8749 = ITEM_DEFINED_TRANSFORMATION('','',#11,#555);
#8750 = PRODUCT_DEFINITION_SHAPE('Placement','Placement of an item',
  #8751);
#8751 = NEXT_ASSEMBLY_USAGE_OCCURRENCE('142017','BALL_0134','',#5,#8698,
  $);
#8752 = PRODUCT_RELATED_PRODUCT_CATEGORY('part',$,(#8700));
#8753 = SHAPE_DEFINITION_REPRESENTATION(#8754,#8760);
#8754 = PRODUCT_DEFINITION_SHAPE('','',#8755);
#8755 = PRODUCT_DEFINITION('design','',#8756,#8759);
#8756 = PRODUCT_DEFINITION_FORMATION('','',#8757);
#8757 = PRODUCT('BALL_0135','BALL_0135','',(#8758));
#8758 = PRODUCT_CONTEXT('',#2,'mechanical');
#8759 = PRODUCT_DEFINITION_CONTEXT('part definition',#2,'design');
#8760 = ADVANCED_BREP_SHAPE_REPRESENTATION('',(#11,#8761),#8799);
#8761 = MANIFOLD_SOLID_BREP('',#8762);
#8762 = CLOSED_SHELL('',(#8763,#8790));
#8763 = ADVANCED_FACE('',(#8764),#8785,.T.);
#8764 = FACE_BOUND('',#8765,.T.);
#8765 = EDGE_LOOP('',(#8766,#8775,#8784));
#8766 = ORIENTED_EDGE('',*,*,#8767,.T.);
#8767 = EDGE_CURVE('',#8768,#8768,#8770,.T.);
#8768 = VERTEX_POINT('',#8769);
#8769 = CARTESIAN_POINT('',(-3.6,0.243199999999,-6.053399999999));
#8770 = CIRCLE('',#8771,0.121600000001);
#8771 = AXIS2_PLACEMENT_3D('',#8772,#8773,#8774);
#8772 = CARTESIAN_POINT('',(-3.6,0.243199999999,-6.175));
#8773 = DIRECTION('',(-5.551115123126E-17,-1.,0.));
#8774 = DIRECTION('',(6.108492277512E-29,-3.390894386119E-45,1.));
#8775 = ORIENTED_EDGE('',*,*,#8776,.T.);
#8776 = EDGE_CURVE('',#8768,#8777,#8779,.T.);
#8777 = VERTEX_POINT('',#8778);
#8778 = CARTESIAN_POINT('',(-3.6,1.334880397544E-13,-6.175));
#8779 = CIRCLE('',#8780,0.152);
#8780 = AXIS2_PLACEMENT_3D('',#8781,#8782,#8783);
#8781 = CARTESIAN_POINT('',(-3.6,0.152,-6.175));
#8782 = DIRECTION('',(1.,-1.110223024625E-16,-5.551115123126E-17));
#8783 = DIRECTION('',(1.110223024625E-16,1.,5.551115123126E-17));
#8784 = ORIENTED_EDGE('',*,*,#8776,.F.);
#8785 = SPHERICAL_SURFACE('',#8786,0.152);
#8786 = AXIS2_PLACEMENT_3D('',#8787,#8788,#8789);
#8787 = CARTESIAN_POINT('',(-3.6,0.152,-6.175));
#8788 = DIRECTION('',(-5.551115123126E-17,-1.,-0.));
#8789 = DIRECTION('',(5.463066675185E-29,-3.032611203926E-45,1.));
#8790 = ADVANCED_FACE('',(#8791),#8794,.F.);
#8791 = FACE_BOUND('',#8792,.F.);
#8792 = EDGE_LOOP('',(#8793));
#8793 = ORIENTED_EDGE('',*,*,#8767,.T.);
#8794 = PLANE('',#8795);
#8795 = AXIS2_PLACEMENT_3D('',#8796,#8797,#8798);
#8796 = CARTESIAN_POINT('',(-3.6,0.2432,-6.175));
#8797 = DIRECTION('',(-5.551115123126E-17,-1.,-0.));
#8798 = DIRECTION('',(6.10849227756E-29,-3.390894386146E-45,1.));
#8799 = ( GEOMETRIC_REPRESENTATION_CONTEXT(3) 
GLOBAL_UNCERTAINTY_ASSIGNED_CONTEXT((#8803)) 
GLOBAL_UNIT_ASSIGNED_CONTEXT((#8800,#8801,#8802)) REPRESENTATION_CONTEXT
('Context #1','3D Context with UNIT and UNCERTAINTY') );
#8800 = ( LENGTH_UNIT() NAMED_UNIT(*) SI_UNIT(.MILLI.,.METRE.) );
#8801 = ( NAMED_UNIT(*) PLANE_ANGLE_UNIT() SI_UNIT($,.RADIAN.) );
#8802 = ( NAMED_UNIT(*) SI_UNIT($,.STERADIAN.) SOLID_ANGLE_UNIT() );
#8803 = UNCERTAINTY_MEASURE_WITH_UNIT(LENGTH_MEASURE(1.E-07),#8800,
  'distance_accuracy_value','confusion accuracy');
#8804 = CONTEXT_DEPENDENT_SHAPE_REPRESENTATION(#8805,#8807);
#8805 = ( REPRESENTATION_RELATIONSHIP('','',#8760,#10) 
REPRESENTATION_RELATIONSHIP_WITH_TRANSFORMATION(#8806) 
SHAPE_REPRESENTATION_RELATIONSHIP() );
#8806 = ITEM_DEFINED_TRANSFORMATION('','',#11,#559);
#8807 = PRODUCT_DEFINITION_SHAPE('Placement','Placement of an item',
  #8808);
#8808 = NEXT_ASSEMBLY_USAGE_OCCURRENCE('142018','BALL_0135','',#5,#8755,
  $);
#8809 = PRODUCT_RELATED_PRODUCT_CATEGORY('part',$,(#8757));
#8810 = SHAPE_DEFINITION_REPRESENTATION(#8811,#8817);
#8811 = PRODUCT_DEFINITION_SHAPE('','',#8812);
#8812 = PRODUCT_DEFINITION('design','',#8813,#8816);
#8813 = PRODUCT_DEFINITION_FORMATION('','',#8814);
#8814 = PRODUCT('BALL_0136','BALL_0136','',(#8815));
#8815 = PRODUCT_CONTEXT('',#2,'mechanical');
#8816 = PRODUCT_DEFINITION_CONTEXT('part definition',#2,'design');
#8817 = ADVANCED_BREP_SHAPE_REPRESENTATION('',(#11,#8818),#8856);
#8818 = MANIFOLD_SOLID_BREP('',#8819);
#8819 = CLOSED_SHELL('',(#8820,#8847));
#8820 = ADVANCED_FACE('',(#8821),#8842,.T.);
#8821 = FACE_BOUND('',#8822,.T.);
#8822 = EDGE_LOOP('',(#8823,#8832,#8841));
#8823 = ORIENTED_EDGE('',*,*,#8824,.T.);
#8824 = EDGE_CURVE('',#8825,#8825,#8827,.T.);
#8825 = VERTEX_POINT('',#8826);
#8826 = CARTESIAN_POINT('',(-3.6,0.243199999999,-6.053399999999));
#8827 = CIRCLE('',#8828,0.121600000001);
#8828 = AXIS2_PLACEMENT_3D('',#8829,#8830,#8831);
#8829 = CARTESIAN_POINT('',(-3.6,0.243199999999,-6.175));
#8830 = DIRECTION('',(-5.551115123126E-17,-1.,0.));
#8831 = DIRECTION('',(6.108492277512E-29,-3.390894386119E-45,1.));
#8832 = ORIENTED_EDGE('',*,*,#8833,.T.);
#8833 = EDGE_CURVE('',#8825,#8834,#8836,.T.);
#8834 = VERTEX_POINT('',#8835);
#8835 = CARTESIAN_POINT('',(-3.6,1.334880397544E-13,-6.175));
#8836 = CIRCLE('',#8837,0.152);
#8837 = AXIS2_PLACEMENT_3D('',#8838,#8839,#8840);
#8838 = CARTESIAN_POINT('',(-3.6,0.152,-6.175));
#8839 = DIRECTION('',(1.,-1.110223024625E-16,-5.551115123126E-17));
#8840 = DIRECTION('',(1.110223024625E-16,1.,5.551115123126E-17));
#8841 = ORIENTED_EDGE('',*,*,#8833,.F.);
#8842 = SPHERICAL_SURFACE('',#8843,0.152);
#8843 = AXIS2_PLACEMENT_3D('',#8844,#8845,#8846);
#8844 = CARTESIAN_POINT('',(-3.6,0.152,-6.175));
#8845 = DIRECTION('',(-5.551115123126E-17,-1.,-0.));
#8846 = DIRECTION('',(5.463066675185E-29,-3.032611203926E-45,1.));
#8847 = ADVANCED_FACE('',(#8848),#8851,.F.);
#8848 = FACE_BOUND('',#8849,.F.);
#8849 = EDGE_LOOP('',(#8850));
#8850 = ORIENTED_EDGE('',*,*,#8824,.T.);
#8851 = PLANE('',#8852);
#8852 = AXIS2_PLACEMENT_3D('',#8853,#8854,#8855);
#8853 = CARTESIAN_POINT('',(-3.6,0.2432,-6.175));
#8854 = DIRECTION('',(-5.551115123126E-17,-1.,-0.));
#8855 = DIRECTION('',(6.10849227756E-29,-3.390894386146E-45,1.));
#8856 = ( GEOMETRIC_REPRESENTATION_CONTEXT(3) 
GLOBAL_UNCERTAINTY_ASSIGNED_CONTEXT((#8860)) 
GLOBAL_UNIT_ASSIGNED_CONTEXT((#8857,#8858,#8859)) REPRESENTATION_CONTEXT
('Context #1','3D Context with UNIT and UNCERTAINTY') );
#8857 = ( LENGTH_UNIT() NAMED_UNIT(*) SI_UNIT(.MILLI.,.METRE.) );
#8858 = ( NAMED_UNIT(*) PLANE_ANGLE_UNIT() SI_UNIT($,.RADIAN.) );
#8859 = ( NAMED_UNIT(*) SI_UNIT($,.STERADIAN.) SOLID_ANGLE_UNIT() );
#8860 = UNCERTAINTY_MEASURE_WITH_UNIT(LENGTH_MEASURE(1.E-07),#8857,
  'distance_accuracy_value','confusion accuracy');
#8861 = CONTEXT_DEPENDENT_SHAPE_REPRESENTATION(#8862,#8864);
#8862 = ( REPRESENTATION_RELATIONSHIP('','',#8817,#10) 
REPRESENTATION_RELATIONSHIP_WITH_TRANSFORMATION(#8863) 
SHAPE_REPRESENTATION_RELATIONSHIP() );
#8863 = ITEM_DEFINED_TRANSFORMATION('','',#11,#563);
#8864 = PRODUCT_DEFINITION_SHAPE('Placement','Placement of an item',
  #8865);
#8865 = NEXT_ASSEMBLY_USAGE_OCCURRENCE('142019','BALL_0136','',#5,#8812,
  $);
#8866 = PRODUCT_RELATED_PRODUCT_CATEGORY('part',$,(#8814));
#8867 = SHAPE_DEFINITION_REPRESENTATION(#8868,#8874);
#8868 = PRODUCT_DEFINITION_SHAPE('','',#8869);
#8869 = PRODUCT_DEFINITION('design','',#8870,#8873);
#8870 = PRODUCT_DEFINITION_FORMATION('','',#8871);
#8871 = PRODUCT('BALL_0137','BALL_0137','',(#8872));
#8872 = PRODUCT_CONTEXT('',#2,'mechanical');
#8873 = PRODUCT_DEFINITION_CONTEXT('part definition',#2,'design');
#8874 = ADVANCED_BREP_SHAPE_REPRESENTATION('',(#11,#8875),#8913);
#8875 = MANIFOLD_SOLID_BREP('',#8876);
#8876 = CLOSED_SHELL('',(#8877,#8904));
#8877 = ADVANCED_FACE('',(#8878),#8899,.T.);
#8878 = FACE_BOUND('',#8879,.T.);
#8879 = EDGE_LOOP('',(#8880,#8889,#8898));
#8880 = ORIENTED_EDGE('',*,*,#8881,.T.);
#8881 = EDGE_CURVE('',#8882,#8882,#8884,.T.);
#8882 = VERTEX_POINT('',#8883);
#8883 = CARTESIAN_POINT('',(-3.6,0.243199999999,-6.053399999999));
#8884 = CIRCLE('',#8885,0.121600000001);
#8885 = AXIS2_PLACEMENT_3D('',#8886,#8887,#8888);
#8886 = CARTESIAN_POINT('',(-3.6,0.243199999999,-6.175));
#8887 = DIRECTION('',(-5.551115123126E-17,-1.,0.));
#8888 = DIRECTION('',(6.108492277512E-29,-3.390894386119E-45,1.));
#8889 = ORIENTED_EDGE('',*,*,#8890,.T.);
#8890 = EDGE_CURVE('',#8882,#8891,#8893,.T.);
#8891 = VERTEX_POINT('',#8892);
#8892 = CARTESIAN_POINT('',(-3.6,1.334880397544E-13,-6.175));
#8893 = CIRCLE('',#8894,0.152);
#8894 = AXIS2_PLACEMENT_3D('',#8895,#8896,#8897);
#8895 = CARTESIAN_POINT('',(-3.6,0.152,-6.175));
#8896 = DIRECTION('',(1.,-1.110223024625E-16,-5.551115123126E-17));
#8897 = DIRECTION('',(1.110223024625E-16,1.,5.551115123126E-17));
#8898 = ORIENTED_EDGE('',*,*,#8890,.F.);
#8899 = SPHERICAL_SURFACE('',#8900,0.152);
#8900 = AXIS2_PLACEMENT_3D('',#8901,#8902,#8903);
#8901 = CARTESIAN_POINT('',(-3.6,0.152,-6.175));
#8902 = DIRECTION('',(-5.551115123126E-17,-1.,-0.));
#8903 = DIRECTION('',(5.463066675185E-29,-3.032611203926E-45,1.));
#8904 = ADVANCED_FACE('',(#8905),#8908,.F.);
#8905 = FACE_BOUND('',#8906,.F.);
#8906 = EDGE_LOOP('',(#8907));
#8907 = ORIENTED_EDGE('',*,*,#8881,.T.);
#8908 = PLANE('',#8909);
#8909 = AXIS2_PLACEMENT_3D('',#8910,#8911,#8912);
#8910 = CARTESIAN_POINT('',(-3.6,0.2432,-6.175));
#8911 = DIRECTION('',(-5.551115123126E-17,-1.,-0.));
#8912 = DIRECTION('',(6.10849227756E-29,-3.390894386146E-45,1.));
#8913 = ( GEOMETRIC_REPRESENTATION_CONTEXT(3) 
GLOBAL_UNCERTAINTY_ASSIGNED_CONTEXT((#8917)) 
GLOBAL_UNIT_ASSIGNED_CONTEXT((#8914,#8915,#8916)) REPRESENTATION_CONTEXT
('Context #1','3D Context with UNIT and UNCERTAINTY') );
#8914 = ( LENGTH_UNIT() NAMED_UNIT(*) SI_UNIT(.MILLI.,.METRE.) );
#8915 = ( NAMED_UNIT(*) PLANE_ANGLE_UNIT() SI_UNIT($,.RADIAN.) );
#8916 = ( NAMED_UNIT(*) SI_UNIT($,.STERADIAN.) SOLID_ANGLE_UNIT() );
#8917 = UNCERTAINTY_MEASURE_WITH_UNIT(LENGTH_MEASURE(1.E-07),#8914,
  'distance_accuracy_value','confusion accuracy');
#8918 = CONTEXT_DEPENDENT_SHAPE_REPRESENTATION(#8919,#8921);
#8919 = ( REPRESENTATION_RELATIONSHIP('','',#8874,#10) 
REPRESENTATION_RELATIONSHIP_WITH_TRANSFORMATION(#8920) 
SHAPE_REPRESENTATION_RELATIONSHIP() );
#8920 = ITEM_DEFINED_TRANSFORMATION('','',#11,#567);
#8921 = PRODUCT_DEFINITION_SHAPE('Placement','Placement of an item',
  #8922);
#8922 = NEXT_ASSEMBLY_USAGE_OCCURRENCE('142020','BALL_0137','',#5,#8869,
  $);
#8923 = PRODUCT_RELATED_PRODUCT_CATEGORY('part',$,(#8871));
#8924 = SHAPE_DEFINITION_REPRESENTATION(#8925,#8931);
#8925 = PRODUCT_DEFINITION_SHAPE('','',#8926);
#8926 = PRODUCT_DEFINITION('design','',#8927,#8930);
#8927 = PRODUCT_DEFINITION_FORMATION('','',#8928);
#8928 = PRODUCT('BALL_0138','BALL_0138','',(#8929));
#8929 = PRODUCT_CONTEXT('',#2,'mechanical');
#8930 = PRODUCT_DEFINITION_CONTEXT('part definition',#2,'design');
#8931 = ADVANCED_BREP_SHAPE_REPRESENTATION('',(#11,#8932),#8970);
#8932 = MANIFOLD_SOLID_BREP('',#8933);
#8933 = CLOSED_SHELL('',(#8934,#8961));
#8934 = ADVANCED_FACE('',(#8935),#8956,.T.);
#8935 = FACE_BOUND('',#8936,.T.);
#8936 = EDGE_LOOP('',(#8937,#8946,#8955));
#8937 = ORIENTED_EDGE('',*,*,#8938,.T.);
#8938 = EDGE_CURVE('',#8939,#8939,#8941,.T.);
#8939 = VERTEX_POINT('',#8940);
#8940 = CARTESIAN_POINT('',(-3.6,0.243199999999,-6.053399999999));
#8941 = CIRCLE('',#8942,0.121600000001);
#8942 = AXIS2_PLACEMENT_3D('',#8943,#8944,#8945);
#8943 = CARTESIAN_POINT('',(-3.6,0.243199999999,-6.175));
#8944 = DIRECTION('',(-5.551115123126E-17,-1.,0.));
#8945 = DIRECTION('',(6.108492277512E-29,-3.390894386119E-45,1.));
#8946 = ORIENTED_EDGE('',*,*,#8947,.T.);
#8947 = EDGE_CURVE('',#8939,#8948,#8950,.T.);
#8948 = VERTEX_POINT('',#8949);
#8949 = CARTESIAN_POINT('',(-3.6,1.334880397544E-13,-6.175));
#8950 = CIRCLE('',#8951,0.152);
#8951 = AXIS2_PLACEMENT_3D('',#8952,#8953,#8954);
#8952 = CARTESIAN_POINT('',(-3.6,0.152,-6.175));
#8953 = DIRECTION('',(1.,-1.110223024625E-16,-5.551115123126E-17));
#8954 = DIRECTION('',(1.110223024625E-16,1.,5.551115123126E-17));
#8955 = ORIENTED_EDGE('',*,*,#8947,.F.);
#8956 = SPHERICAL_SURFACE('',#8957,0.152);
#8957 = AXIS2_PLACEMENT_3D('',#8958,#8959,#8960);
#8958 = CARTESIAN_POINT('',(-3.6,0.152,-6.175));
#8959 = DIRECTION('',(-5.551115123126E-17,-1.,-0.));
#8960 = DIRECTION('',(5.463066675185E-29,-3.032611203926E-45,1.));
#8961 = ADVANCED_FACE('',(#8962),#8965,.F.);
#8962 = FACE_BOUND('',#8963,.F.);
#8963 = EDGE_LOOP('',(#8964));
#8964 = ORIENTED_EDGE('',*,*,#8938,.T.);
#8965 = PLANE('',#8966);
#8966 = AXIS2_PLACEMENT_3D('',#8967,#8968,#8969);
#8967 = CARTESIAN_POINT('',(-3.6,0.2432,-6.175));
#8968 = DIRECTION('',(-5.551115123126E-17,-1.,-0.));
#8969 = DIRECTION('',(6.10849227756E-29,-3.390894386146E-45,1.));
#8970 = ( GEOMETRIC_REPRESENTATION_CONTEXT(3) 
GLOBAL_UNCERTAINTY_ASSIGNED_CONTEXT((#8974)) 
GLOBAL_UNIT_ASSIGNED_CONTEXT((#8971,#8972,#8973)) REPRESENTATION_CONTEXT
('Context #1','3D Context with UNIT and UNCERTAINTY') );
#8971 = ( LENGTH_UNIT() NAMED_UNIT(*) SI_UNIT(.MILLI.,.METRE.) );
#8972 = ( NAMED_UNIT(*) PLANE_ANGLE_UNIT() SI_UNIT($,.RADIAN.) );
#8973 = ( NAMED_UNIT(*) SI_UNIT($,.STERADIAN.) SOLID_ANGLE_UNIT() );
#8974 = UNCERTAINTY_MEASURE_WITH_UNIT(LENGTH_MEASURE(1.E-07),#8971,
  'distance_accuracy_value','confusion accuracy');
#8975 = CONTEXT_DEPENDENT_SHAPE_REPRESENTATION(#8976,#8978);
#8976 = ( REPRESENTATION_RELATIONSHIP('','',#8931,#10) 
REPRESENTATION_RELATIONSHIP_WITH_TRANSFORMATION(#8977) 
SHAPE_REPRESENTATION_RELATIONSHIP() );
#8977 = ITEM_DEFINED_TRANSFORMATION('','',#11,#571);
#8978 = PRODUCT_DEFINITION_SHAPE('Placement','Placement of an item',
  #8979);
#8979 = NEXT_ASSEMBLY_USAGE_OCCURRENCE('142021','BALL_0138','',#5,#8926,
  $);
#8980 = PRODUCT_RELATED_PRODUCT_CATEGORY('part',$,(#8928));
#8981 = SHAPE_DEFINITION_REPRESENTATION(#8982,#8988);
#8982 = PRODUCT_DEFINITION_SHAPE('','',#8983);
#8983 = PRODUCT_DEFINITION('design','',#8984,#8987);
#8984 = PRODUCT_DEFINITION_FORMATION('','',#8985);
#8985 = PRODUCT('BALL_0139','BALL_0139','',(#8986));
#8986 = PRODUCT_CONTEXT('',#2,'mechanical');
#8987 = PRODUCT_DEFINITION_CONTEXT('part definition',#2,'design');
#8988 = ADVANCED_BREP_SHAPE_REPRESENTATION('',(#11,#8989),#9027);
#8989 = MANIFOLD_SOLID_BREP('',#8990);
#8990 = CLOSED_SHELL('',(#8991,#9018));
#8991 = ADVANCED_FACE('',(#8992),#9013,.T.);
#8992 = FACE_BOUND('',#8993,.T.);
#8993 = EDGE_LOOP('',(#8994,#9003,#9012));
#8994 = ORIENTED_EDGE('',*,*,#8995,.T.);
#8995 = EDGE_CURVE('',#8996,#8996,#8998,.T.);
#8996 = VERTEX_POINT('',#8997);
#8997 = CARTESIAN_POINT('',(-3.6,0.243199999999,-6.053399999999));
#8998 = CIRCLE('',#8999,0.121600000001);
#8999 = AXIS2_PLACEMENT_3D('',#9000,#9001,#9002);
#9000 = CARTESIAN_POINT('',(-3.6,0.243199999999,-6.175));
#9001 = DIRECTION('',(-5.551115123126E-17,-1.,0.));
#9002 = DIRECTION('',(6.108492277512E-29,-3.390894386119E-45,1.));
#9003 = ORIENTED_EDGE('',*,*,#9004,.T.);
#9004 = EDGE_CURVE('',#8996,#9005,#9007,.T.);
#9005 = VERTEX_POINT('',#9006);
#9006 = CARTESIAN_POINT('',(-3.6,1.334880397544E-13,-6.175));
#9007 = CIRCLE('',#9008,0.152);
#9008 = AXIS2_PLACEMENT_3D('',#9009,#9010,#9011);
#9009 = CARTESIAN_POINT('',(-3.6,0.152,-6.175));
#9010 = DIRECTION('',(1.,-1.110223024625E-16,-5.551115123126E-17));
#9011 = DIRECTION('',(1.110223024625E-16,1.,5.551115123126E-17));
#9012 = ORIENTED_EDGE('',*,*,#9004,.F.);
#9013 = SPHERICAL_SURFACE('',#9014,0.152);
#9014 = AXIS2_PLACEMENT_3D('',#9015,#9016,#9017);
#9015 = CARTESIAN_POINT('',(-3.6,0.152,-6.175));
#9016 = DIRECTION('',(-5.551115123126E-17,-1.,-0.));
#9017 = DIRECTION('',(5.463066675185E-29,-3.032611203926E-45,1.));
#9018 = ADVANCED_FACE('',(#9019),#9022,.F.);
#9019 = FACE_BOUND('',#9020,.F.);
#9020 = EDGE_LOOP('',(#9021));
#9021 = ORIENTED_EDGE('',*,*,#8995,.T.);
#9022 = PLANE('',#9023);
#9023 = AXIS2_PLACEMENT_3D('',#9024,#9025,#9026);
#9024 = CARTESIAN_POINT('',(-3.6,0.2432,-6.175));
#9025 = DIRECTION('',(-5.551115123126E-17,-1.,-0.));
#9026 = DIRECTION('',(6.10849227756E-29,-3.390894386146E-45,1.));
#9027 = ( GEOMETRIC_REPRESENTATION_CONTEXT(3) 
GLOBAL_UNCERTAINTY_ASSIGNED_CONTEXT((#9031)) 
GLOBAL_UNIT_ASSIGNED_CONTEXT((#9028,#9029,#9030)) REPRESENTATION_CONTEXT
('Context #1','3D Context with UNIT and UNCERTAINTY') );
#9028 = ( LENGTH_UNIT() NAMED_UNIT(*) SI_UNIT(.MILLI.,.METRE.) );
#9029 = ( NAMED_UNIT(*) PLANE_ANGLE_UNIT() SI_UNIT($,.RADIAN.) );
#9030 = ( NAMED_UNIT(*) SI_UNIT($,.STERADIAN.) SOLID_ANGLE_UNIT() );
#9031 = UNCERTAINTY_MEASURE_WITH_UNIT(LENGTH_MEASURE(1.E-07),#9028,
  'distance_accuracy_value','confusion accuracy');
#9032 = CONTEXT_DEPENDENT_SHAPE_REPRESENTATION(#9033,#9035);
#9033 = ( REPRESENTATION_RELATIONSHIP('','',#8988,#10) 
REPRESENTATION_RELATIONSHIP_WITH_TRANSFORMATION(#9034) 
SHAPE_REPRESENTATION_RELATIONSHIP() );
#9034 = ITEM_DEFINED_TRANSFORMATION('','',#11,#575);
#9035 = PRODUCT_DEFINITION_SHAPE('Placement','Placement of an item',
  #9036);
#9036 = NEXT_ASSEMBLY_USAGE_OCCURRENCE('142022','BALL_0139','',#5,#8983,
  $);
#9037 = PRODUCT_RELATED_PRODUCT_CATEGORY('part',$,(#8985));
#9038 = SHAPE_DEFINITION_REPRESENTATION(#9039,#9045);
#9039 = PRODUCT_DEFINITION_SHAPE('','',#9040);
#9040 = PRODUCT_DEFINITION('design','',#9041,#9044);
#9041 = PRODUCT_DEFINITION_FORMATION('','',#9042);
#9042 = PRODUCT('BALL_0140','BALL_0140','',(#9043));
#9043 = PRODUCT_CONTEXT('',#2,'mechanical');
#9044 = PRODUCT_DEFINITION_CONTEXT('part definition',#2,'design');
#9045 = ADVANCED_BREP_SHAPE_REPRESENTATION('',(#11,#9046),#9084);
#9046 = MANIFOLD_SOLID_BREP('',#9047);
#9047 = CLOSED_SHELL('',(#9048,#9075));
#9048 = ADVANCED_FACE('',(#9049),#9070,.T.);
#9049 = FACE_BOUND('',#9050,.T.);
#9050 = EDGE_LOOP('',(#9051,#9060,#9069));
#9051 = ORIENTED_EDGE('',*,*,#9052,.T.);
#9052 = EDGE_CURVE('',#9053,#9053,#9055,.T.);
#9053 = VERTEX_POINT('',#9054);
#9054 = CARTESIAN_POINT('',(-3.6,0.243199999999,-6.053399999999));
#9055 = CIRCLE('',#9056,0.121600000001);
#9056 = AXIS2_PLACEMENT_3D('',#9057,#9058,#9059);
#9057 = CARTESIAN_POINT('',(-3.6,0.243199999999,-6.175));
#9058 = DIRECTION('',(-5.551115123126E-17,-1.,0.));
#9059 = DIRECTION('',(6.108492277512E-29,-3.390894386119E-45,1.));
#9060 = ORIENTED_EDGE('',*,*,#9061,.T.);
#9061 = EDGE_CURVE('',#9053,#9062,#9064,.T.);
#9062 = VERTEX_POINT('',#9063);
#9063 = CARTESIAN_POINT('',(-3.6,1.334880397544E-13,-6.175));
#9064 = CIRCLE('',#9065,0.152);
#9065 = AXIS2_PLACEMENT_3D('',#9066,#9067,#9068);
#9066 = CARTESIAN_POINT('',(-3.6,0.152,-6.175));
#9067 = DIRECTION('',(1.,-1.110223024625E-16,-5.551115123126E-17));
#9068 = DIRECTION('',(1.110223024625E-16,1.,5.551115123126E-17));
#9069 = ORIENTED_EDGE('',*,*,#9061,.F.);
#9070 = SPHERICAL_SURFACE('',#9071,0.152);
#9071 = AXIS2_PLACEMENT_3D('',#9072,#9073,#9074);
#9072 = CARTESIAN_POINT('',(-3.6,0.152,-6.175));
#9073 = DIRECTION('',(-5.551115123126E-17,-1.,-0.));
#9074 = DIRECTION('',(5.463066675185E-29,-3.032611203926E-45,1.));
#9075 = ADVANCED_FACE('',(#9076),#9079,.F.);
#9076 = FACE_BOUND('',#9077,.F.);
#9077 = EDGE_LOOP('',(#9078));
#9078 = ORIENTED_EDGE('',*,*,#9052,.T.);
#9079 = PLANE('',#9080);
#9080 = AXIS2_PLACEMENT_3D('',#9081,#9082,#9083);
#9081 = CARTESIAN_POINT('',(-3.6,0.2432,-6.175));
#9082 = DIRECTION('',(-5.551115123126E-17,-1.,-0.));
#9083 = DIRECTION('',(6.10849227756E-29,-3.390894386146E-45,1.));
#9084 = ( GEOMETRIC_REPRESENTATION_CONTEXT(3) 
GLOBAL_UNCERTAINTY_ASSIGNED_CONTEXT((#9088)) 
GLOBAL_UNIT_ASSIGNED_CONTEXT((#9085,#9086,#9087)) REPRESENTATION_CONTEXT
('Context #1','3D Context with UNIT and UNCERTAINTY') );
#9085 = ( LENGTH_UNIT() NAMED_UNIT(*) SI_UNIT(.MILLI.,.METRE.) );
#9086 = ( NAMED_UNIT(*) PLANE_ANGLE_UNIT() SI_UNIT($,.RADIAN.) );
#9087 = ( NAMED_UNIT(*) SI_UNIT($,.STERADIAN.) SOLID_ANGLE_UNIT() );
#9088 = UNCERTAINTY_MEASURE_WITH_UNIT(LENGTH_MEASURE(1.E-07),#9085,
  'distance_accuracy_value','confusion accuracy');
#9089 = CONTEXT_DEPENDENT_SHAPE_REPRESENTATION(#9090,#9092);
#9090 = ( REPRESENTATION_RELATIONSHIP('','',#9045,#10) 
REPRESENTATION_RELATIONSHIP_WITH_TRANSFORMATION(#9091) 
SHAPE_REPRESENTATION_RELATIONSHIP() );
#9091 = ITEM_DEFINED_TRANSFORMATION('','',#11,#579);
#9092 = PRODUCT_DEFINITION_SHAPE('Placement','Placement of an item',
  #9093);
#9093 = NEXT_ASSEMBLY_USAGE_OCCURRENCE('142023','BALL_0140','',#5,#9040,
  $);
#9094 = PRODUCT_RELATED_PRODUCT_CATEGORY('part',$,(#9042));
#9095 = SHAPE_DEFINITION_REPRESENTATION(#9096,#9102);
#9096 = PRODUCT_DEFINITION_SHAPE('','',#9097);
#9097 = PRODUCT_DEFINITION('design','',#9098,#9101);
#9098 = PRODUCT_DEFINITION_FORMATION('','',#9099);
#9099 = PRODUCT('BALL_0141','BALL_0141','',(#9100));
#9100 = PRODUCT_CONTEXT('',#2,'mechanical');
#9101 = PRODUCT_DEFINITION_CONTEXT('part definition',#2,'design');
#9102 = ADVANCED_BREP_SHAPE_REPRESENTATION('',(#11,#9103),#9141);
#9103 = MANIFOLD_SOLID_BREP('',#9104);
#9104 = CLOSED_SHELL('',(#9105,#9132));
#9105 = ADVANCED_FACE('',(#9106),#9127,.T.);
#9106 = FACE_BOUND('',#9107,.T.);
#9107 = EDGE_LOOP('',(#9108,#9117,#9126));
#9108 = ORIENTED_EDGE('',*,*,#9109,.T.);
#9109 = EDGE_CURVE('',#9110,#9110,#9112,.T.);
#9110 = VERTEX_POINT('',#9111);
#9111 = CARTESIAN_POINT('',(-3.6,0.243199999999,-6.053399999999));
#9112 = CIRCLE('',#9113,0.121600000001);
#9113 = AXIS2_PLACEMENT_3D('',#9114,#9115,#9116);
#9114 = CARTESIAN_POINT('',(-3.6,0.243199999999,-6.175));
#9115 = DIRECTION('',(-5.551115123126E-17,-1.,0.));
#9116 = DIRECTION('',(6.108492277512E-29,-3.390894386119E-45,1.));
#9117 = ORIENTED_EDGE('',*,*,#9118,.T.);
#9118 = EDGE_CURVE('',#9110,#9119,#9121,.T.);
#9119 = VERTEX_POINT('',#9120);
#9120 = CARTESIAN_POINT('',(-3.6,1.334880397544E-13,-6.175));
#9121 = CIRCLE('',#9122,0.152);
#9122 = AXIS2_PLACEMENT_3D('',#9123,#9124,#9125);
#9123 = CARTESIAN_POINT('',(-3.6,0.152,-6.175));
#9124 = DIRECTION('',(1.,-1.110223024625E-16,-5.551115123126E-17));
#9125 = DIRECTION('',(1.110223024625E-16,1.,5.551115123126E-17));
#9126 = ORIENTED_EDGE('',*,*,#9118,.F.);
#9127 = SPHERICAL_SURFACE('',#9128,0.152);
#9128 = AXIS2_PLACEMENT_3D('',#9129,#9130,#9131);
#9129 = CARTESIAN_POINT('',(-3.6,0.152,-6.175));
#9130 = DIRECTION('',(-5.551115123126E-17,-1.,-0.));
#9131 = DIRECTION('',(5.463066675185E-29,-3.032611203926E-45,1.));
#9132 = ADVANCED_FACE('',(#9133),#9136,.F.);
#9133 = FACE_BOUND('',#9134,.F.);
#9134 = EDGE_LOOP('',(#9135));
#9135 = ORIENTED_EDGE('',*,*,#9109,.T.);
#9136 = PLANE('',#9137);
#9137 = AXIS2_PLACEMENT_3D('',#9138,#9139,#9140);
#9138 = CARTESIAN_POINT('',(-3.6,0.2432,-6.175));
#9139 = DIRECTION('',(-5.551115123126E-17,-1.,-0.));
#9140 = DIRECTION('',(6.10849227756E-29,-3.390894386146E-45,1.));
#9141 = ( GEOMETRIC_REPRESENTATION_CONTEXT(3) 
GLOBAL_UNCERTAINTY_ASSIGNED_CONTEXT((#9145)) 
GLOBAL_UNIT_ASSIGNED_CONTEXT((#9142,#9143,#9144)) REPRESENTATION_CONTEXT
('Context #1','3D Context with UNIT and UNCERTAINTY') );
#9142 = ( LENGTH_UNIT() NAMED_UNIT(*) SI_UNIT(.MILLI.,.METRE.) );
#9143 = ( NAMED_UNIT(*) PLANE_ANGLE_UNIT() SI_UNIT($,.RADIAN.) );
#9144 = ( NAMED_UNIT(*) SI_UNIT($,.STERADIAN.) SOLID_ANGLE_UNIT() );
#9145 = UNCERTAINTY_MEASURE_WITH_UNIT(LENGTH_MEASURE(1.E-07),#9142,
  'distance_accuracy_value','confusion accuracy');
#9146 = CONTEXT_DEPENDENT_SHAPE_REPRESENTATION(#9147,#9149);
#9147 = ( REPRESENTATION_RELATIONSHIP('','',#9102,#10) 
REPRESENTATION_RELATIONSHIP_WITH_TRANSFORMATION(#9148) 
SHAPE_REPRESENTATION_RELATIONSHIP() );
#9148 = ITEM_DEFINED_TRANSFORMATION('','',#11,#583);
#9149 = PRODUCT_DEFINITION_SHAPE('Placement','Placement of an item',
  #9150);
#9150 = NEXT_ASSEMBLY_USAGE_OCCURRENCE('142024','BALL_0141','',#5,#9097,
  $);
#9151 = PRODUCT_RELATED_PRODUCT_CATEGORY('part',$,(#9099));
#9152 = SHAPE_DEFINITION_REPRESENTATION(#9153,#9159);
#9153 = PRODUCT_DEFINITION_SHAPE('','',#9154);
#9154 = PRODUCT_DEFINITION('design','',#9155,#9158);
#9155 = PRODUCT_DEFINITION_FORMATION('','',#9156);
#9156 = PRODUCT('BALL_0142','BALL_0142','',(#9157));
#9157 = PRODUCT_CONTEXT('',#2,'mechanical');
#9158 = PRODUCT_DEFINITION_CONTEXT('part definition',#2,'design');
#9159 = ADVANCED_BREP_SHAPE_REPRESENTATION('',(#11,#9160),#9198);
#9160 = MANIFOLD_SOLID_BREP('',#9161);
#9161 = CLOSED_SHELL('',(#9162,#9189));
#9162 = ADVANCED_FACE('',(#9163),#9184,.T.);
#9163 = FACE_BOUND('',#9164,.T.);
#9164 = EDGE_LOOP('',(#9165,#9174,#9183));
#9165 = ORIENTED_EDGE('',*,*,#9166,.T.);
#9166 = EDGE_CURVE('',#9167,#9167,#9169,.T.);
#9167 = VERTEX_POINT('',#9168);
#9168 = CARTESIAN_POINT('',(-3.6,0.243199999999,-6.053399999999));
#9169 = CIRCLE('',#9170,0.121600000001);
#9170 = AXIS2_PLACEMENT_3D('',#9171,#9172,#9173);
#9171 = CARTESIAN_POINT('',(-3.6,0.243199999999,-6.175));
#9172 = DIRECTION('',(-5.551115123126E-17,-1.,0.));
#9173 = DIRECTION('',(6.108492277512E-29,-3.390894386119E-45,1.));
#9174 = ORIENTED_EDGE('',*,*,#9175,.T.);
#9175 = EDGE_CURVE('',#9167,#9176,#9178,.T.);
#9176 = VERTEX_POINT('',#9177);
#9177 = CARTESIAN_POINT('',(-3.6,1.334880397544E-13,-6.175));
#9178 = CIRCLE('',#9179,0.152);
#9179 = AXIS2_PLACEMENT_3D('',#9180,#9181,#9182);
#9180 = CARTESIAN_POINT('',(-3.6,0.152,-6.175));
#9181 = DIRECTION('',(1.,-1.110223024625E-16,-5.551115123126E-17));
#9182 = DIRECTION('',(1.110223024625E-16,1.,5.551115123126E-17));
#9183 = ORIENTED_EDGE('',*,*,#9175,.F.);
#9184 = SPHERICAL_SURFACE('',#9185,0.152);
#9185 = AXIS2_PLACEMENT_3D('',#9186,#9187,#9188);
#9186 = CARTESIAN_POINT('',(-3.6,0.152,-6.175));
#9187 = DIRECTION('',(-5.551115123126E-17,-1.,-0.));
#9188 = DIRECTION('',(5.463066675185E-29,-3.032611203926E-45,1.));
#9189 = ADVANCED_FACE('',(#9190),#9193,.F.);
#9190 = FACE_BOUND('',#9191,.F.);
#9191 = EDGE_LOOP('',(#9192));
#9192 = ORIENTED_EDGE('',*,*,#9166,.T.);
#9193 = PLANE('',#9194);
#9194 = AXIS2_PLACEMENT_3D('',#9195,#9196,#9197);
#9195 = CARTESIAN_POINT('',(-3.6,0.2432,-6.175));
#9196 = DIRECTION('',(-5.551115123126E-17,-1.,-0.));
#9197 = DIRECTION('',(6.10849227756E-29,-3.390894386146E-45,1.));
#9198 = ( GEOMETRIC_REPRESENTATION_CONTEXT(3) 
GLOBAL_UNCERTAINTY_ASSIGNED_CONTEXT((#9202)) 
GLOBAL_UNIT_ASSIGNED_CONTEXT((#9199,#9200,#9201)) REPRESENTATION_CONTEXT
('Context #1','3D Context with UNIT and UNCERTAINTY') );
#9199 = ( LENGTH_UNIT() NAMED_UNIT(*) SI_UNIT(.MILLI.,.METRE.) );
#9200 = ( NAMED_UNIT(*) PLANE_ANGLE_UNIT() SI_UNIT($,.RADIAN.) );
#9201 = ( NAMED_UNIT(*) SI_UNIT($,.STERADIAN.) SOLID_ANGLE_UNIT() );
#9202 = UNCERTAINTY_MEASURE_WITH_UNIT(LENGTH_MEASURE(1.E-07),#9199,
  'distance_accuracy_value','confusion accuracy');
#9203 = CONTEXT_DEPENDENT_SHAPE_REPRESENTATION(#9204,#9206);
#9204 = ( REPRESENTATION_RELATIONSHIP('','',#9159,#10) 
REPRESENTATION_RELATIONSHIP_WITH_TRANSFORMATION(#9205) 
SHAPE_REPRESENTATION_RELATIONSHIP() );
#9205 = ITEM_DEFINED_TRANSFORMATION('','',#11,#587);
#9206 = PRODUCT_DEFINITION_SHAPE('Placement','Placement of an item',
  #9207);
#9207 = NEXT_ASSEMBLY_USAGE_OCCURRENCE('142025','BALL_0142','',#5,#9154,
  $);
#9208 = PRODUCT_RELATED_PRODUCT_CATEGORY('part',$,(#9156));
#9209 = SHAPE_DEFINITION_REPRESENTATION(#9210,#9216);
#9210 = PRODUCT_DEFINITION_SHAPE('','',#9211);
#9211 = PRODUCT_DEFINITION('design','',#9212,#9215);
#9212 = PRODUCT_DEFINITION_FORMATION('','',#9213);
#9213 = PRODUCT('BALL_0143','BALL_0143','',(#9214));
#9214 = PRODUCT_CONTEXT('',#2,'mechanical');
#9215 = PRODUCT_DEFINITION_CONTEXT('part definition',#2,'design');
#9216 = ADVANCED_BREP_SHAPE_REPRESENTATION('',(#11,#9217),#9255);
#9217 = MANIFOLD_SOLID_BREP('',#9218);
#9218 = CLOSED_SHELL('',(#9219,#9246));
#9219 = ADVANCED_FACE('',(#9220),#9241,.T.);
#9220 = FACE_BOUND('',#9221,.T.);
#9221 = EDGE_LOOP('',(#9222,#9231,#9240));
#9222 = ORIENTED_EDGE('',*,*,#9223,.T.);
#9223 = EDGE_CURVE('',#9224,#9224,#9226,.T.);
#9224 = VERTEX_POINT('',#9225);
#9225 = CARTESIAN_POINT('',(-3.6,0.243199999999,-6.053399999999));
#9226 = CIRCLE('',#9227,0.121600000001);
#9227 = AXIS2_PLACEMENT_3D('',#9228,#9229,#9230);
#9228 = CARTESIAN_POINT('',(-3.6,0.243199999999,-6.175));
#9229 = DIRECTION('',(-5.551115123126E-17,-1.,0.));
#9230 = DIRECTION('',(6.108492277512E-29,-3.390894386119E-45,1.));
#9231 = ORIENTED_EDGE('',*,*,#9232,.T.);
#9232 = EDGE_CURVE('',#9224,#9233,#9235,.T.);
#9233 = VERTEX_POINT('',#9234);
#9234 = CARTESIAN_POINT('',(-3.6,1.334880397544E-13,-6.175));
#9235 = CIRCLE('',#9236,0.152);
#9236 = AXIS2_PLACEMENT_3D('',#9237,#9238,#9239);
#9237 = CARTESIAN_POINT('',(-3.6,0.152,-6.175));
#9238 = DIRECTION('',(1.,-1.110223024625E-16,-5.551115123126E-17));
#9239 = DIRECTION('',(1.110223024625E-16,1.,5.551115123126E-17));
#9240 = ORIENTED_EDGE('',*,*,#9232,.F.);
#9241 = SPHERICAL_SURFACE('',#9242,0.152);
#9242 = AXIS2_PLACEMENT_3D('',#9243,#9244,#9245);
#9243 = CARTESIAN_POINT('',(-3.6,0.152,-6.175));
#9244 = DIRECTION('',(-5.551115123126E-17,-1.,-0.));
#9245 = DIRECTION('',(5.463066675185E-29,-3.032611203926E-45,1.));
#9246 = ADVANCED_FACE('',(#9247),#9250,.F.);
#9247 = FACE_BOUND('',#9248,.F.);
#9248 = EDGE_LOOP('',(#9249));
#9249 = ORIENTED_EDGE('',*,*,#9223,.T.);
#9250 = PLANE('',#9251);
#9251 = AXIS2_PLACEMENT_3D('',#9252,#9253,#9254);
#9252 = CARTESIAN_POINT('',(-3.6,0.2432,-6.175));
#9253 = DIRECTION('',(-5.551115123126E-17,-1.,-0.));
#9254 = DIRECTION('',(6.10849227756E-29,-3.390894386146E-45,1.));
#9255 = ( GEOMETRIC_REPRESENTATION_CONTEXT(3) 
GLOBAL_UNCERTAINTY_ASSIGNED_CONTEXT((#9259)) 
GLOBAL_UNIT_ASSIGNED_CONTEXT((#9256,#9257,#9258)) REPRESENTATION_CONTEXT
('Context #1','3D Context with UNIT and UNCERTAINTY') );
#9256 = ( LENGTH_UNIT() NAMED_UNIT(*) SI_UNIT(.MILLI.,.METRE.) );
#9257 = ( NAMED_UNIT(*) PLANE_ANGLE_UNIT() SI_UNIT($,.RADIAN.) );
#9258 = ( NAMED_UNIT(*) SI_UNIT($,.STERADIAN.) SOLID_ANGLE_UNIT() );
#9259 = UNCERTAINTY_MEASURE_WITH_UNIT(LENGTH_MEASURE(1.E-07),#9256,
  'distance_accuracy_value','confusion accuracy');
#9260 = CONTEXT_DEPENDENT_SHAPE_REPRESENTATION(#9261,#9263);
#9261 = ( REPRESENTATION_RELATIONSHIP('','',#9216,#10) 
REPRESENTATION_RELATIONSHIP_WITH_TRANSFORMATION(#9262) 
SHAPE_REPRESENTATION_RELATIONSHIP() );
#9262 = ITEM_DEFINED_TRANSFORMATION('','',#11,#591);
#9263 = PRODUCT_DEFINITION_SHAPE('Placement','Placement of an item',
  #9264);
#9264 = NEXT_ASSEMBLY_USAGE_OCCURRENCE('142026','BALL_0143','',#5,#9211,
  $);
#9265 = PRODUCT_RELATED_PRODUCT_CATEGORY('part',$,(#9213));
#9266 = SHAPE_DEFINITION_REPRESENTATION(#9267,#9273);
#9267 = PRODUCT_DEFINITION_SHAPE('','',#9268);
#9268 = PRODUCT_DEFINITION('design','',#9269,#9272);
#9269 = PRODUCT_DEFINITION_FORMATION('','',#9270);
#9270 = PRODUCT('BALL_0144','BALL_0144','',(#9271));
#9271 = PRODUCT_CONTEXT('',#2,'mechanical');
#9272 = PRODUCT_DEFINITION_CONTEXT('part definition',#2,'design');
#9273 = ADVANCED_BREP_SHAPE_REPRESENTATION('',(#11,#9274),#9312);
#9274 = MANIFOLD_SOLID_BREP('',#9275);
#9275 = CLOSED_SHELL('',(#9276,#9303));
#9276 = ADVANCED_FACE('',(#9277),#9298,.T.);
#9277 = FACE_BOUND('',#9278,.T.);
#9278 = EDGE_LOOP('',(#9279,#9288,#9297));
#9279 = ORIENTED_EDGE('',*,*,#9280,.T.);
#9280 = EDGE_CURVE('',#9281,#9281,#9283,.T.);
#9281 = VERTEX_POINT('',#9282);
#9282 = CARTESIAN_POINT('',(-3.6,0.243199999999,-6.053399999999));
#9283 = CIRCLE('',#9284,0.121600000001);
#9284 = AXIS2_PLACEMENT_3D('',#9285,#9286,#9287);
#9285 = CARTESIAN_POINT('',(-3.6,0.243199999999,-6.175));
#9286 = DIRECTION('',(-5.551115123126E-17,-1.,0.));
#9287 = DIRECTION('',(6.108492277512E-29,-3.390894386119E-45,1.));
#9288 = ORIENTED_EDGE('',*,*,#9289,.T.);
#9289 = EDGE_CURVE('',#9281,#9290,#9292,.T.);
#9290 = VERTEX_POINT('',#9291);
#9291 = CARTESIAN_POINT('',(-3.6,1.334880397544E-13,-6.175));
#9292 = CIRCLE('',#9293,0.152);
#9293 = AXIS2_PLACEMENT_3D('',#9294,#9295,#9296);
#9294 = CARTESIAN_POINT('',(-3.6,0.152,-6.175));
#9295 = DIRECTION('',(1.,-1.110223024625E-16,-5.551115123126E-17));
#9296 = DIRECTION('',(1.110223024625E-16,1.,5.551115123126E-17));
#9297 = ORIENTED_EDGE('',*,*,#9289,.F.);
#9298 = SPHERICAL_SURFACE('',#9299,0.152);
#9299 = AXIS2_PLACEMENT_3D('',#9300,#9301,#9302);
#9300 = CARTESIAN_POINT('',(-3.6,0.152,-6.175));
#9301 = DIRECTION('',(-5.551115123126E-17,-1.,-0.));
#9302 = DIRECTION('',(5.463066675185E-29,-3.032611203926E-45,1.));
#9303 = ADVANCED_FACE('',(#9304),#9307,.F.);
#9304 = FACE_BOUND('',#9305,.F.);
#9305 = EDGE_LOOP('',(#9306));
#9306 = ORIENTED_EDGE('',*,*,#9280,.T.);
#9307 = PLANE('',#9308);
#9308 = AXIS2_PLACEMENT_3D('',#9309,#9310,#9311);
#9309 = CARTESIAN_POINT('',(-3.6,0.2432,-6.175));
#9310 = DIRECTION('',(-5.551115123126E-17,-1.,-0.));
#9311 = DIRECTION('',(6.10849227756E-29,-3.390894386146E-45,1.));
#9312 = ( GEOMETRIC_REPRESENTATION_CONTEXT(3) 
GLOBAL_UNCERTAINTY_ASSIGNED_CONTEXT((#9316)) 
GLOBAL_UNIT_ASSIGNED_CONTEXT((#9313,#9314,#9315)) REPRESENTATION_CONTEXT
('Context #1','3D Context with UNIT and UNCERTAINTY') );
#9313 = ( LENGTH_UNIT() NAMED_UNIT(*) SI_UNIT(.MILLI.,.METRE.) );
#9314 = ( NAMED_UNIT(*) PLANE_ANGLE_UNIT() SI_UNIT($,.RADIAN.) );
#9315 = ( NAMED_UNIT(*) SI_UNIT($,.STERADIAN.) SOLID_ANGLE_UNIT() );
#9316 = UNCERTAINTY_MEASURE_WITH_UNIT(LENGTH_MEASURE(1.E-07),#9313,
  'distance_accuracy_value','confusion accuracy');
#9317 = CONTEXT_DEPENDENT_SHAPE_REPRESENTATION(#9318,#9320);
#9318 = ( REPRESENTATION_RELATIONSHIP('','',#9273,#10) 
REPRESENTATION_RELATIONSHIP_WITH_TRANSFORMATION(#9319) 
SHAPE_REPRESENTATION_RELATIONSHIP() );
#9319 = ITEM_DEFINED_TRANSFORMATION('','',#11,#595);
#9320 = PRODUCT_DEFINITION_SHAPE('Placement','Placement of an item',
  #9321);
#9321 = NEXT_ASSEMBLY_USAGE_OCCURRENCE('142027','BALL_0144','',#5,#9268,
  $);
#9322 = PRODUCT_RELATED_PRODUCT_CATEGORY('part',$,(#9270));
#9323 = SHAPE_DEFINITION_REPRESENTATION(#9324,#9330);
#9324 = PRODUCT_DEFINITION_SHAPE('','',#9325);
#9325 = PRODUCT_DEFINITION('design','',#9326,#9329);
#9326 = PRODUCT_DEFINITION_FORMATION('','',#9327);
#9327 = PRODUCT('BALL_0145','BALL_0145','',(#9328));
#9328 = PRODUCT_CONTEXT('',#2,'mechanical');
#9329 = PRODUCT_DEFINITION_CONTEXT('part definition',#2,'design');
#9330 = ADVANCED_BREP_SHAPE_REPRESENTATION('',(#11,#9331),#9369);
#9331 = MANIFOLD_SOLID_BREP('',#9332);
#9332 = CLOSED_SHELL('',(#9333,#9360));
#9333 = ADVANCED_FACE('',(#9334),#9355,.T.);
#9334 = FACE_BOUND('',#9335,.T.);
#9335 = EDGE_LOOP('',(#9336,#9345,#9354));
#9336 = ORIENTED_EDGE('',*,*,#9337,.T.);
#9337 = EDGE_CURVE('',#9338,#9338,#9340,.T.);
#9338 = VERTEX_POINT('',#9339);
#9339 = CARTESIAN_POINT('',(-3.6,0.243199999999,-6.053399999999));
#9340 = CIRCLE('',#9341,0.121600000001);
#9341 = AXIS2_PLACEMENT_3D('',#9342,#9343,#9344);
#9342 = CARTESIAN_POINT('',(-3.6,0.243199999999,-6.175));
#9343 = DIRECTION('',(-5.551115123126E-17,-1.,0.));
#9344 = DIRECTION('',(6.108492277512E-29,-3.390894386119E-45,1.));
#9345 = ORIENTED_EDGE('',*,*,#9346,.T.);
#9346 = EDGE_CURVE('',#9338,#9347,#9349,.T.);
#9347 = VERTEX_POINT('',#9348);
#9348 = CARTESIAN_POINT('',(-3.6,1.334880397544E-13,-6.175));
#9349 = CIRCLE('',#9350,0.152);
#9350 = AXIS2_PLACEMENT_3D('',#9351,#9352,#9353);
#9351 = CARTESIAN_POINT('',(-3.6,0.152,-6.175));
#9352 = DIRECTION('',(1.,-1.110223024625E-16,-5.551115123126E-17));
#9353 = DIRECTION('',(1.110223024625E-16,1.,5.551115123126E-17));
#9354 = ORIENTED_EDGE('',*,*,#9346,.F.);
#9355 = SPHERICAL_SURFACE('',#9356,0.152);
#9356 = AXIS2_PLACEMENT_3D('',#9357,#9358,#9359);
#9357 = CARTESIAN_POINT('',(-3.6,0.152,-6.175));
#9358 = DIRECTION('',(-5.551115123126E-17,-1.,-0.));
#9359 = DIRECTION('',(5.463066675185E-29,-3.032611203926E-45,1.));
#9360 = ADVANCED_FACE('',(#9361),#9364,.F.);
#9361 = FACE_BOUND('',#9362,.F.);
#9362 = EDGE_LOOP('',(#9363));
#9363 = ORIENTED_EDGE('',*,*,#9337,.T.);
#9364 = PLANE('',#9365);
#9365 = AXIS2_PLACEMENT_3D('',#9366,#9367,#9368);
#9366 = CARTESIAN_POINT('',(-3.6,0.2432,-6.175));
#9367 = DIRECTION('',(-5.551115123126E-17,-1.,-0.));
#9368 = DIRECTION('',(6.10849227756E-29,-3.390894386146E-45,1.));
#9369 = ( GEOMETRIC_REPRESENTATION_CONTEXT(3) 
GLOBAL_UNCERTAINTY_ASSIGNED_CONTEXT((#9373)) 
GLOBAL_UNIT_ASSIGNED_CONTEXT((#9370,#9371,#9372)) REPRESENTATION_CONTEXT
('Context #1','3D Context with UNIT and UNCERTAINTY') );
#9370 = ( LENGTH_UNIT() NAMED_UNIT(*) SI_UNIT(.MILLI.,.METRE.) );
#9371 = ( NAMED_UNIT(*) PLANE_ANGLE_UNIT() SI_UNIT($,.RADIAN.) );
#9372 = ( NAMED_UNIT(*) SI_UNIT($,.STERADIAN.) SOLID_ANGLE_UNIT() );
#9373 = UNCERTAINTY_MEASURE_WITH_UNIT(LENGTH_MEASURE(1.E-07),#9370,
  'distance_accuracy_value','confusion accuracy');
#9374 = CONTEXT_DEPENDENT_SHAPE_REPRESENTATION(#9375,#9377);
#9375 = ( REPRESENTATION_RELATIONSHIP('','',#9330,#10) 
REPRESENTATION_RELATIONSHIP_WITH_TRANSFORMATION(#9376) 
SHAPE_REPRESENTATION_RELATIONSHIP() );
#9376 = ITEM_DEFINED_TRANSFORMATION('','',#11,#599);
#9377 = PRODUCT_DEFINITION_SHAPE('Placement','Placement of an item',
  #9378);
#9378 = NEXT_ASSEMBLY_USAGE_OCCURRENCE('142028','BALL_0145','',#5,#9325,
  $);
#9379 = PRODUCT_RELATED_PRODUCT_CATEGORY('part',$,(#9327));
#9380 = SHAPE_DEFINITION_REPRESENTATION(#9381,#9387);
#9381 = PRODUCT_DEFINITION_SHAPE('','',#9382);
#9382 = PRODUCT_DEFINITION('design','',#9383,#9386);
#9383 = PRODUCT_DEFINITION_FORMATION('','',#9384);
#9384 = PRODUCT('BALL_0146','BALL_0146','',(#9385));
#9385 = PRODUCT_CONTEXT('',#2,'mechanical');
#9386 = PRODUCT_DEFINITION_CONTEXT('part definition',#2,'design');
#9387 = ADVANCED_BREP_SHAPE_REPRESENTATION('',(#11,#9388),#9426);
#9388 = MANIFOLD_SOLID_BREP('',#9389);
#9389 = CLOSED_SHELL('',(#9390,#9417));
#9390 = ADVANCED_FACE('',(#9391),#9412,.T.);
#9391 = FACE_BOUND('',#9392,.T.);
#9392 = EDGE_LOOP('',(#9393,#9402,#9411));
#9393 = ORIENTED_EDGE('',*,*,#9394,.T.);
#9394 = EDGE_CURVE('',#9395,#9395,#9397,.T.);
#9395 = VERTEX_POINT('',#9396);
#9396 = CARTESIAN_POINT('',(-3.6,0.243199999999,-6.053399999999));
#9397 = CIRCLE('',#9398,0.121600000001);
#9398 = AXIS2_PLACEMENT_3D('',#9399,#9400,#9401);
#9399 = CARTESIAN_POINT('',(-3.6,0.243199999999,-6.175));
#9400 = DIRECTION('',(-5.551115123126E-17,-1.,0.));
#9401 = DIRECTION('',(6.108492277512E-29,-3.390894386119E-45,1.));
#9402 = ORIENTED_EDGE('',*,*,#9403,.T.);
#9403 = EDGE_CURVE('',#9395,#9404,#9406,.T.);
#9404 = VERTEX_POINT('',#9405);
#9405 = CARTESIAN_POINT('',(-3.6,1.334880397544E-13,-6.175));
#9406 = CIRCLE('',#9407,0.152);
#9407 = AXIS2_PLACEMENT_3D('',#9408,#9409,#9410);
#9408 = CARTESIAN_POINT('',(-3.6,0.152,-6.175));
#9409 = DIRECTION('',(1.,-1.110223024625E-16,-5.551115123126E-17));
#9410 = DIRECTION('',(1.110223024625E-16,1.,5.551115123126E-17));
#9411 = ORIENTED_EDGE('',*,*,#9403,.F.);
#9412 = SPHERICAL_SURFACE('',#9413,0.152);
#9413 = AXIS2_PLACEMENT_3D('',#9414,#9415,#9416);
#9414 = CARTESIAN_POINT('',(-3.6,0.152,-6.175));
#9415 = DIRECTION('',(-5.551115123126E-17,-1.,-0.));
#9416 = DIRECTION('',(5.463066675185E-29,-3.032611203926E-45,1.));
#9417 = ADVANCED_FACE('',(#9418),#9421,.F.);
#9418 = FACE_BOUND('',#9419,.F.);
#9419 = EDGE_LOOP('',(#9420));
#9420 = ORIENTED_EDGE('',*,*,#9394,.T.);
#9421 = PLANE('',#9422);
#9422 = AXIS2_PLACEMENT_3D('',#9423,#9424,#9425);
#9423 = CARTESIAN_POINT('',(-3.6,0.2432,-6.175));
#9424 = DIRECTION('',(-5.551115123126E-17,-1.,-0.));
#9425 = DIRECTION('',(6.10849227756E-29,-3.390894386146E-45,1.));
#9426 = ( GEOMETRIC_REPRESENTATION_CONTEXT(3) 
GLOBAL_UNCERTAINTY_ASSIGNED_CONTEXT((#9430)) 
GLOBAL_UNIT_ASSIGNED_CONTEXT((#9427,#9428,#9429)) REPRESENTATION_CONTEXT
('Context #1','3D Context with UNIT and UNCERTAINTY') );
#9427 = ( LENGTH_UNIT() NAMED_UNIT(*) SI_UNIT(.MILLI.,.METRE.) );
#9428 = ( NAMED_UNIT(*) PLANE_ANGLE_UNIT() SI_UNIT($,.RADIAN.) );
#9429 = ( NAMED_UNIT(*) SI_UNIT($,.STERADIAN.) SOLID_ANGLE_UNIT() );
#9430 = UNCERTAINTY_MEASURE_WITH_UNIT(LENGTH_MEASURE(1.E-07),#9427,
  'distance_accuracy_value','confusion accuracy');
#9431 = CONTEXT_DEPENDENT_SHAPE_REPRESENTATION(#9432,#9434);
#9432 = ( REPRESENTATION_RELATIONSHIP('','',#9387,#10) 
REPRESENTATION_RELATIONSHIP_WITH_TRANSFORMATION(#9433) 
SHAPE_REPRESENTATION_RELATIONSHIP() );
#9433 = ITEM_DEFINED_TRANSFORMATION('','',#11,#603);
#9434 = PRODUCT_DEFINITION_SHAPE('Placement','Placement of an item',
  #9435);
#9435 = NEXT_ASSEMBLY_USAGE_OCCURRENCE('142029','BALL_0146','',#5,#9382,
  $);
#9436 = PRODUCT_RELATED_PRODUCT_CATEGORY('part',$,(#9384));
#9437 = SHAPE_DEFINITION_REPRESENTATION(#9438,#9444);
#9438 = PRODUCT_DEFINITION_SHAPE('','',#9439);
#9439 = PRODUCT_DEFINITION('design','',#9440,#9443);
#9440 = PRODUCT_DEFINITION_FORMATION('','',#9441);
#9441 = PRODUCT('BALL_0147','BALL_0147','',(#9442));
#9442 = PRODUCT_CONTEXT('',#2,'mechanical');
#9443 = PRODUCT_DEFINITION_CONTEXT('part definition',#2,'design');
#9444 = ADVANCED_BREP_SHAPE_REPRESENTATION('',(#11,#9445),#9483);
#9445 = MANIFOLD_SOLID_BREP('',#9446);
#9446 = CLOSED_SHELL('',(#9447,#9474));
#9447 = ADVANCED_FACE('',(#9448),#9469,.T.);
#9448 = FACE_BOUND('',#9449,.T.);
#9449 = EDGE_LOOP('',(#9450,#9459,#9468));
#9450 = ORIENTED_EDGE('',*,*,#9451,.T.);
#9451 = EDGE_CURVE('',#9452,#9452,#9454,.T.);
#9452 = VERTEX_POINT('',#9453);
#9453 = CARTESIAN_POINT('',(-3.6,0.243199999999,-6.053399999999));
#9454 = CIRCLE('',#9455,0.121600000001);
#9455 = AXIS2_PLACEMENT_3D('',#9456,#9457,#9458);
#9456 = CARTESIAN_POINT('',(-3.6,0.243199999999,-6.175));
#9457 = DIRECTION('',(-5.551115123126E-17,-1.,0.));
#9458 = DIRECTION('',(6.108492277512E-29,-3.390894386119E-45,1.));
#9459 = ORIENTED_EDGE('',*,*,#9460,.T.);
#9460 = EDGE_CURVE('',#9452,#9461,#9463,.T.);
#9461 = VERTEX_POINT('',#9462);
#9462 = CARTESIAN_POINT('',(-3.6,1.334880397544E-13,-6.175));
#9463 = CIRCLE('',#9464,0.152);
#9464 = AXIS2_PLACEMENT_3D('',#9465,#9466,#9467);
#9465 = CARTESIAN_POINT('',(-3.6,0.152,-6.175));
#9466 = DIRECTION('',(1.,-1.110223024625E-16,-5.551115123126E-17));
#9467 = DIRECTION('',(1.110223024625E-16,1.,5.551115123126E-17));
#9468 = ORIENTED_EDGE('',*,*,#9460,.F.);
#9469 = SPHERICAL_SURFACE('',#9470,0.152);
#9470 = AXIS2_PLACEMENT_3D('',#9471,#9472,#9473);
#9471 = CARTESIAN_POINT('',(-3.6,0.152,-6.175));
#9472 = DIRECTION('',(-5.551115123126E-17,-1.,-0.));
#9473 = DIRECTION('',(5.463066675185E-29,-3.032611203926E-45,1.));
#9474 = ADVANCED_FACE('',(#9475),#9478,.F.);
#9475 = FACE_BOUND('',#9476,.F.);
#9476 = EDGE_LOOP('',(#9477));
#9477 = ORIENTED_EDGE('',*,*,#9451,.T.);
#9478 = PLANE('',#9479);
#9479 = AXIS2_PLACEMENT_3D('',#9480,#9481,#9482);
#9480 = CARTESIAN_POINT('',(-3.6,0.2432,-6.175));
#9481 = DIRECTION('',(-5.551115123126E-17,-1.,-0.));
#9482 = DIRECTION('',(6.10849227756E-29,-3.390894386146E-45,1.));
#9483 = ( GEOMETRIC_REPRESENTATION_CONTEXT(3) 
GLOBAL_UNCERTAINTY_ASSIGNED_CONTEXT((#9487)) 
GLOBAL_UNIT_ASSIGNED_CONTEXT((#9484,#9485,#9486)) REPRESENTATION_CONTEXT
('Context #1','3D Context with UNIT and UNCERTAINTY') );
#9484 = ( LENGTH_UNIT() NAMED_UNIT(*) SI_UNIT(.MILLI.,.METRE.) );
#9485 = ( NAMED_UNIT(*) PLANE_ANGLE_UNIT() SI_UNIT($,.RADIAN.) );
#9486 = ( NAMED_UNIT(*) SI_UNIT($,.STERADIAN.) SOLID_ANGLE_UNIT() );
#9487 = UNCERTAINTY_MEASURE_WITH_UNIT(LENGTH_MEASURE(1.E-07),#9484,
  'distance_accuracy_value','confusion accuracy');
#9488 = CONTEXT_DEPENDENT_SHAPE_REPRESENTATION(#9489,#9491);
#9489 = ( REPRESENTATION_RELATIONSHIP('','',#9444,#10) 
REPRESENTATION_RELATIONSHIP_WITH_TRANSFORMATION(#9490) 
SHAPE_REPRESENTATION_RELATIONSHIP() );
#9490 = ITEM_DEFINED_TRANSFORMATION('','',#11,#607);
#9491 = PRODUCT_DEFINITION_SHAPE('Placement','Placement of an item',
  #9492);
#9492 = NEXT_ASSEMBLY_USAGE_OCCURRENCE('142030','BALL_0147','',#5,#9439,
  $);
#9493 = PRODUCT_RELATED_PRODUCT_CATEGORY('part',$,(#9441));
#9494 = SHAPE_DEFINITION_REPRESENTATION(#9495,#9501);
#9495 = PRODUCT_DEFINITION_SHAPE('','',#9496);
#9496 = PRODUCT_DEFINITION('design','',#9497,#9500);
#9497 = PRODUCT_DEFINITION_FORMATION('','',#9498);
#9498 = PRODUCT('BALL_0148','BALL_0148','',(#9499));
#9499 = PRODUCT_CONTEXT('',#2,'mechanical');
#9500 = PRODUCT_DEFINITION_CONTEXT('part definition',#2,'design');
#9501 = ADVANCED_BREP_SHAPE_REPRESENTATION('',(#11,#9502),#9540);
#9502 = MANIFOLD_SOLID_BREP('',#9503);
#9503 = CLOSED_SHELL('',(#9504,#9531));
#9504 = ADVANCED_FACE('',(#9505),#9526,.T.);
#9505 = FACE_BOUND('',#9506,.T.);
#9506 = EDGE_LOOP('',(#9507,#9516,#9525));
#9507 = ORIENTED_EDGE('',*,*,#9508,.T.);
#9508 = EDGE_CURVE('',#9509,#9509,#9511,.T.);
#9509 = VERTEX_POINT('',#9510);
#9510 = CARTESIAN_POINT('',(-3.6,0.243199999999,-6.053399999999));
#9511 = CIRCLE('',#9512,0.121600000001);
#9512 = AXIS2_PLACEMENT_3D('',#9513,#9514,#9515);
#9513 = CARTESIAN_POINT('',(-3.6,0.243199999999,-6.175));
#9514 = DIRECTION('',(-5.551115123126E-17,-1.,0.));
#9515 = DIRECTION('',(6.108492277512E-29,-3.390894386119E-45,1.));
#9516 = ORIENTED_EDGE('',*,*,#9517,.T.);
#9517 = EDGE_CURVE('',#9509,#9518,#9520,.T.);
#9518 = VERTEX_POINT('',#9519);
#9519 = CARTESIAN_POINT('',(-3.6,1.334880397544E-13,-6.175));
#9520 = CIRCLE('',#9521,0.152);
#9521 = AXIS2_PLACEMENT_3D('',#9522,#9523,#9524);
#9522 = CARTESIAN_POINT('',(-3.6,0.152,-6.175));
#9523 = DIRECTION('',(1.,-1.110223024625E-16,-5.551115123126E-17));
#9524 = DIRECTION('',(1.110223024625E-16,1.,5.551115123126E-17));
#9525 = ORIENTED_EDGE('',*,*,#9517,.F.);
#9526 = SPHERICAL_SURFACE('',#9527,0.152);
#9527 = AXIS2_PLACEMENT_3D('',#9528,#9529,#9530);
#9528 = CARTESIAN_POINT('',(-3.6,0.152,-6.175));
#9529 = DIRECTION('',(-5.551115123126E-17,-1.,-0.));
#9530 = DIRECTION('',(5.463066675185E-29,-3.032611203926E-45,1.));
#9531 = ADVANCED_FACE('',(#9532),#9535,.F.);
#9532 = FACE_BOUND('',#9533,.F.);
#9533 = EDGE_LOOP('',(#9534));
#9534 = ORIENTED_EDGE('',*,*,#9508,.T.);
#9535 = PLANE('',#9536);
#9536 = AXIS2_PLACEMENT_3D('',#9537,#9538,#9539);
#9537 = CARTESIAN_POINT('',(-3.6,0.2432,-6.175));
#9538 = DIRECTION('',(-5.551115123126E-17,-1.,-0.));
#9539 = DIRECTION('',(6.10849227756E-29,-3.390894386146E-45,1.));
#9540 = ( GEOMETRIC_REPRESENTATION_CONTEXT(3) 
GLOBAL_UNCERTAINTY_ASSIGNED_CONTEXT((#9544)) 
GLOBAL_UNIT_ASSIGNED_CONTEXT((#9541,#9542,#9543)) REPRESENTATION_CONTEXT
('Context #1','3D Context with UNIT and UNCERTAINTY') );
#9541 = ( LENGTH_UNIT() NAMED_UNIT(*) SI_UNIT(.MILLI.,.METRE.) );
#9542 = ( NAMED_UNIT(*) PLANE_ANGLE_UNIT() SI_UNIT($,.RADIAN.) );
#9543 = ( NAMED_UNIT(*) SI_UNIT($,.STERADIAN.) SOLID_ANGLE_UNIT() );
#9544 = UNCERTAINTY_MEASURE_WITH_UNIT(LENGTH_MEASURE(1.E-07),#9541,
  'distance_accuracy_value','confusion accuracy');
#9545 = CONTEXT_DEPENDENT_SHAPE_REPRESENTATION(#9546,#9548);
#9546 = ( REPRESENTATION_RELATIONSHIP('','',#9501,#10) 
REPRESENTATION_RELATIONSHIP_WITH_TRANSFORMATION(#9547) 
SHAPE_REPRESENTATION_RELATIONSHIP() );
#9547 = ITEM_DEFINED_TRANSFORMATION('','',#11,#611);
#9548 = PRODUCT_DEFINITION_SHAPE('Placement','Placement of an item',
  #9549);
#9549 = NEXT_ASSEMBLY_USAGE_OCCURRENCE('142031','BALL_0148','',#5,#9496,
  $);
#9550 = PRODUCT_RELATED_PRODUCT_CATEGORY('part',$,(#9498));
#9551 = SHAPE_DEFINITION_REPRESENTATION(#9552,#9558);
#9552 = PRODUCT_DEFINITION_SHAPE('','',#9553);
#9553 = PRODUCT_DEFINITION('design','',#9554,#9557);
#9554 = PRODUCT_DEFINITION_FORMATION('','',#9555);
#9555 = PRODUCT('BALL_0149','BALL_0149','',(#9556));
#9556 = PRODUCT_CONTEXT('',#2,'mechanical');
#9557 = PRODUCT_DEFINITION_CONTEXT('part definition',#2,'design');
#9558 = ADVANCED_BREP_SHAPE_REPRESENTATION('',(#11,#9559),#9597);
#9559 = MANIFOLD_SOLID_BREP('',#9560);
#9560 = CLOSED_SHELL('',(#9561,#9588));
#9561 = ADVANCED_FACE('',(#9562),#9583,.T.);
#9562 = FACE_BOUND('',#9563,.T.);
#9563 = EDGE_LOOP('',(#9564,#9573,#9582));
#9564 = ORIENTED_EDGE('',*,*,#9565,.T.);
#9565 = EDGE_CURVE('',#9566,#9566,#9568,.T.);
#9566 = VERTEX_POINT('',#9567);
#9567 = CARTESIAN_POINT('',(-3.6,0.243199999999,-6.053399999999));
#9568 = CIRCLE('',#9569,0.121600000001);
#9569 = AXIS2_PLACEMENT_3D('',#9570,#9571,#9572);
#9570 = CARTESIAN_POINT('',(-3.6,0.243199999999,-6.175));
#9571 = DIRECTION('',(-5.551115123126E-17,-1.,0.));
#9572 = DIRECTION('',(6.108492277512E-29,-3.390894386119E-45,1.));
#9573 = ORIENTED_EDGE('',*,*,#9574,.T.);
#9574 = EDGE_CURVE('',#9566,#9575,#9577,.T.);
#9575 = VERTEX_POINT('',#9576);
#9576 = CARTESIAN_POINT('',(-3.6,1.334880397544E-13,-6.175));
#9577 = CIRCLE('',#9578,0.152);
#9578 = AXIS2_PLACEMENT_3D('',#9579,#9580,#9581);
#9579 = CARTESIAN_POINT('',(-3.6,0.152,-6.175));
#9580 = DIRECTION('',(1.,-1.110223024625E-16,-5.551115123126E-17));
#9581 = DIRECTION('',(1.110223024625E-16,1.,5.551115123126E-17));
#9582 = ORIENTED_EDGE('',*,*,#9574,.F.);
#9583 = SPHERICAL_SURFACE('',#9584,0.152);
#9584 = AXIS2_PLACEMENT_3D('',#9585,#9586,#9587);
#9585 = CARTESIAN_POINT('',(-3.6,0.152,-6.175));
#9586 = DIRECTION('',(-5.551115123126E-17,-1.,-0.));
#9587 = DIRECTION('',(5.463066675185E-29,-3.032611203926E-45,1.));
#9588 = ADVANCED_FACE('',(#9589),#9592,.F.);
#9589 = FACE_BOUND('',#9590,.F.);
#9590 = EDGE_LOOP('',(#9591));
#9591 = ORIENTED_EDGE('',*,*,#9565,.T.);
#9592 = PLANE('',#9593);
#9593 = AXIS2_PLACEMENT_3D('',#9594,#9595,#9596);
#9594 = CARTESIAN_POINT('',(-3.6,0.2432,-6.175));
#9595 = DIRECTION('',(-5.551115123126E-17,-1.,-0.));
#9596 = DIRECTION('',(6.10849227756E-29,-3.390894386146E-45,1.));
#9597 = ( GEOMETRIC_REPRESENTATION_CONTEXT(3) 
GLOBAL_UNCERTAINTY_ASSIGNED_CONTEXT((#9601)) 
GLOBAL_UNIT_ASSIGNED_CONTEXT((#9598,#9599,#9600)) REPRESENTATION_CONTEXT
('Context #1','3D Context with UNIT and UNCERTAINTY') );
#9598 = ( LENGTH_UNIT() NAMED_UNIT(*) SI_UNIT(.MILLI.,.METRE.) );
#9599 = ( NAMED_UNIT(*) PLANE_ANGLE_UNIT() SI_UNIT($,.RADIAN.) );
#9600 = ( NAMED_UNIT(*) SI_UNIT($,.STERADIAN.) SOLID_ANGLE_UNIT() );
#9601 = UNCERTAINTY_MEASURE_WITH_UNIT(LENGTH_MEASURE(1.E-07),#9598,
  'distance_accuracy_value','confusion accuracy');
#9602 = CONTEXT_DEPENDENT_SHAPE_REPRESENTATION(#9603,#9605);
#9603 = ( REPRESENTATION_RELATIONSHIP('','',#9558,#10) 
REPRESENTATION_RELATIONSHIP_WITH_TRANSFORMATION(#9604) 
SHAPE_REPRESENTATION_RELATIONSHIP() );
#9604 = ITEM_DEFINED_TRANSFORMATION('','',#11,#615);
#9605 = PRODUCT_DEFINITION_SHAPE('Placement','Placement of an item',
  #9606);
#9606 = NEXT_ASSEMBLY_USAGE_OCCURRENCE('142032','BALL_0149','',#5,#9553,
  $);
#9607 = PRODUCT_RELATED_PRODUCT_CATEGORY('part',$,(#9555));
#9608 = SHAPE_DEFINITION_REPRESENTATION(#9609,#9615);
#9609 = PRODUCT_DEFINITION_SHAPE('','',#9610);
#9610 = PRODUCT_DEFINITION('design','',#9611,#9614);
#9611 = PRODUCT_DEFINITION_FORMATION('','',#9612);
#9612 = PRODUCT('BALL_0150','BALL_0150','',(#9613));
#9613 = PRODUCT_CONTEXT('',#2,'mechanical');
#9614 = PRODUCT_DEFINITION_CONTEXT('part definition',#2,'design');
#9615 = ADVANCED_BREP_SHAPE_REPRESENTATION('',(#11,#9616),#9654);
#9616 = MANIFOLD_SOLID_BREP('',#9617);
#9617 = CLOSED_SHELL('',(#9618,#9645));
#9618 = ADVANCED_FACE('',(#9619),#9640,.T.);
#9619 = FACE_BOUND('',#9620,.T.);
#9620 = EDGE_LOOP('',(#9621,#9630,#9639));
#9621 = ORIENTED_EDGE('',*,*,#9622,.T.);
#9622 = EDGE_CURVE('',#9623,#9623,#9625,.T.);
#9623 = VERTEX_POINT('',#9624);
#9624 = CARTESIAN_POINT('',(-3.6,0.243199999999,-6.053399999999));
#9625 = CIRCLE('',#9626,0.121600000001);
#9626 = AXIS2_PLACEMENT_3D('',#9627,#9628,#9629);
#9627 = CARTESIAN_POINT('',(-3.6,0.243199999999,-6.175));
#9628 = DIRECTION('',(-5.551115123126E-17,-1.,0.));
#9629 = DIRECTION('',(6.108492277512E-29,-3.390894386119E-45,1.));
#9630 = ORIENTED_EDGE('',*,*,#9631,.T.);
#9631 = EDGE_CURVE('',#9623,#9632,#9634,.T.);
#9632 = VERTEX_POINT('',#9633);
#9633 = CARTESIAN_POINT('',(-3.6,1.334880397544E-13,-6.175));
#9634 = CIRCLE('',#9635,0.152);
#9635 = AXIS2_PLACEMENT_3D('',#9636,#9637,#9638);
#9636 = CARTESIAN_POINT('',(-3.6,0.152,-6.175));
#9637 = DIRECTION('',(1.,-1.110223024625E-16,-5.551115123126E-17));
#9638 = DIRECTION('',(1.110223024625E-16,1.,5.551115123126E-17));
#9639 = ORIENTED_EDGE('',*,*,#9631,.F.);
#9640 = SPHERICAL_SURFACE('',#9641,0.152);
#9641 = AXIS2_PLACEMENT_3D('',#9642,#9643,#9644);
#9642 = CARTESIAN_POINT('',(-3.6,0.152,-6.175));
#9643 = DIRECTION('',(-5.551115123126E-17,-1.,-0.));
#9644 = DIRECTION('',(5.463066675185E-29,-3.032611203926E-45,1.));
#9645 = ADVANCED_FACE('',(#9646),#9649,.F.);
#9646 = FACE_BOUND('',#9647,.F.);
#9647 = EDGE_LOOP('',(#9648));
#9648 = ORIENTED_EDGE('',*,*,#9622,.T.);
#9649 = PLANE('',#9650);
#9650 = AXIS2_PLACEMENT_3D('',#9651,#9652,#9653);
#9651 = CARTESIAN_POINT('',(-3.6,0.2432,-6.175));
#9652 = DIRECTION('',(-5.551115123126E-17,-1.,-0.));
#9653 = DIRECTION('',(6.10849227756E-29,-3.390894386146E-45,1.));
#9654 = ( GEOMETRIC_REPRESENTATION_CONTEXT(3) 
GLOBAL_UNCERTAINTY_ASSIGNED_CONTEXT((#9658)) 
GLOBAL_UNIT_ASSIGNED_CONTEXT((#9655,#9656,#9657)) REPRESENTATION_CONTEXT
('Context #1','3D Context with UNIT and UNCERTAINTY') );
#9655 = ( LENGTH_UNIT() NAMED_UNIT(*) SI_UNIT(.MILLI.,.METRE.) );
#9656 = ( NAMED_UNIT(*) PLANE_ANGLE_UNIT() SI_UNIT($,.RADIAN.) );
#9657 = ( NAMED_UNIT(*) SI_UNIT($,.STERADIAN.) SOLID_ANGLE_UNIT() );
#9658 = UNCERTAINTY_MEASURE_WITH_UNIT(LENGTH_MEASURE(1.E-07),#9655,
  'distance_accuracy_value','confusion accuracy');
#9659 = CONTEXT_DEPENDENT_SHAPE_REPRESENTATION(#9660,#9662);
#9660 = ( REPRESENTATION_RELATIONSHIP('','',#9615,#10) 
REPRESENTATION_RELATIONSHIP_WITH_TRANSFORMATION(#9661) 
SHAPE_REPRESENTATION_RELATIONSHIP() );
#9661 = ITEM_DEFINED_TRANSFORMATION('','',#11,#619);
#9662 = PRODUCT_DEFINITION_SHAPE('Placement','Placement of an item',
  #9663);
#9663 = NEXT_ASSEMBLY_USAGE_OCCURRENCE('142033','BALL_0150','',#5,#9610,
  $);
#9664 = PRODUCT_RELATED_PRODUCT_CATEGORY('part',$,(#9612));
#9665 = SHAPE_DEFINITION_REPRESENTATION(#9666,#9672);
#9666 = PRODUCT_DEFINITION_SHAPE('','',#9667);
#9667 = PRODUCT_DEFINITION('design','',#9668,#9671);
#9668 = PRODUCT_DEFINITION_FORMATION('','',#9669);
#9669 = PRODUCT('BALL_0151','BALL_0151','',(#9670));
#9670 = PRODUCT_CONTEXT('',#2,'mechanical');
#9671 = PRODUCT_DEFINITION_CONTEXT('part definition',#2,'design');
#9672 = ADVANCED_BREP_SHAPE_REPRESENTATION('',(#11,#9673),#9711);
#9673 = MANIFOLD_SOLID_BREP('',#9674);
#9674 = CLOSED_SHELL('',(#9675,#9702));
#9675 = ADVANCED_FACE('',(#9676),#9697,.T.);
#9676 = FACE_BOUND('',#9677,.T.);
#9677 = EDGE_LOOP('',(#9678,#9687,#9696));
#9678 = ORIENTED_EDGE('',*,*,#9679,.T.);
#9679 = EDGE_CURVE('',#9680,#9680,#9682,.T.);
#9680 = VERTEX_POINT('',#9681);
#9681 = CARTESIAN_POINT('',(-3.6,0.243199999999,-6.053399999999));
#9682 = CIRCLE('',#9683,0.121600000001);
#9683 = AXIS2_PLACEMENT_3D('',#9684,#9685,#9686);
#9684 = CARTESIAN_POINT('',(-3.6,0.243199999999,-6.175));
#9685 = DIRECTION('',(-5.551115123126E-17,-1.,0.));
#9686 = DIRECTION('',(6.108492277512E-29,-3.390894386119E-45,1.));
#9687 = ORIENTED_EDGE('',*,*,#9688,.T.);
#9688 = EDGE_CURVE('',#9680,#9689,#9691,.T.);
#9689 = VERTEX_POINT('',#9690);
#9690 = CARTESIAN_POINT('',(-3.6,1.334880397544E-13,-6.175));
#9691 = CIRCLE('',#9692,0.152);
#9692 = AXIS2_PLACEMENT_3D('',#9693,#9694,#9695);
#9693 = CARTESIAN_POINT('',(-3.6,0.152,-6.175));
#9694 = DIRECTION('',(1.,-1.110223024625E-16,-5.551115123126E-17));
#9695 = DIRECTION('',(1.110223024625E-16,1.,5.551115123126E-17));
#9696 = ORIENTED_EDGE('',*,*,#9688,.F.);
#9697 = SPHERICAL_SURFACE('',#9698,0.152);
#9698 = AXIS2_PLACEMENT_3D('',#9699,#9700,#9701);
#9699 = CARTESIAN_POINT('',(-3.6,0.152,-6.175));
#9700 = DIRECTION('',(-5.551115123126E-17,-1.,-0.));
#9701 = DIRECTION('',(5.463066675185E-29,-3.032611203926E-45,1.));
#9702 = ADVANCED_FACE('',(#9703),#9706,.F.);
#9703 = FACE_BOUND('',#9704,.F.);
#9704 = EDGE_LOOP('',(#9705));
#9705 = ORIENTED_EDGE('',*,*,#9679,.T.);
#9706 = PLANE('',#9707);
#9707 = AXIS2_PLACEMENT_3D('',#9708,#9709,#9710);
#9708 = CARTESIAN_POINT('',(-3.6,0.2432,-6.175));
#9709 = DIRECTION('',(-5.551115123126E-17,-1.,-0.));
#9710 = DIRECTION('',(6.10849227756E-29,-3.390894386146E-45,1.));
#9711 = ( GEOMETRIC_REPRESENTATION_CONTEXT(3) 
GLOBAL_UNCERTAINTY_ASSIGNED_CONTEXT((#9715)) 
GLOBAL_UNIT_ASSIGNED_CONTEXT((#9712,#9713,#9714)) REPRESENTATION_CONTEXT
('Context #1','3D Context with UNIT and UNCERTAINTY') );
#9712 = ( LENGTH_UNIT() NAMED_UNIT(*) SI_UNIT(.MILLI.,.METRE.) );
#9713 = ( NAMED_UNIT(*) PLANE_ANGLE_UNIT() SI_UNIT($,.RADIAN.) );
#9714 = ( NAMED_UNIT(*) SI_UNIT($,.STERADIAN.) SOLID_ANGLE_UNIT() );
#9715 = UNCERTAINTY_MEASURE_WITH_UNIT(LENGTH_MEASURE(1.E-07),#9712,
  'distance_accuracy_value','confusion accuracy');
#9716 = CONTEXT_DEPENDENT_SHAPE_REPRESENTATION(#9717,#9719);
#9717 = ( REPRESENTATION_RELATIONSHIP('','',#9672,#10) 
REPRESENTATION_RELATIONSHIP_WITH_TRANSFORMATION(#9718) 
SHAPE_REPRESENTATION_RELATIONSHIP() );
#9718 = ITEM_DEFINED_TRANSFORMATION('','',#11,#623);
#9719 = PRODUCT_DEFINITION_SHAPE('Placement','Placement of an item',
  #9720);
#9720 = NEXT_ASSEMBLY_USAGE_OCCURRENCE('142034','BALL_0151','',#5,#9667,
  $);
#9721 = PRODUCT_RELATED_PRODUCT_CATEGORY('part',$,(#9669));
#9722 = SHAPE_DEFINITION_REPRESENTATION(#9723,#9729);
#9723 = PRODUCT_DEFINITION_SHAPE('','',#9724);
#9724 = PRODUCT_DEFINITION('design','',#9725,#9728);
#9725 = PRODUCT_DEFINITION_FORMATION('','',#9726);
#9726 = PRODUCT('BALL_0152','BALL_0152','',(#9727));
#9727 = PRODUCT_CONTEXT('',#2,'mechanical');
#9728 = PRODUCT_DEFINITION_CONTEXT('part definition',#2,'design');
#9729 = ADVANCED_BREP_SHAPE_REPRESENTATION('',(#11,#9730),#9768);
#9730 = MANIFOLD_SOLID_BREP('',#9731);
#9731 = CLOSED_SHELL('',(#9732,#9759));
#9732 = ADVANCED_FACE('',(#9733),#9754,.T.);
#9733 = FACE_BOUND('',#9734,.T.);
#9734 = EDGE_LOOP('',(#9735,#9744,#9753));
#9735 = ORIENTED_EDGE('',*,*,#9736,.T.);
#9736 = EDGE_CURVE('',#9737,#9737,#9739,.T.);
#9737 = VERTEX_POINT('',#9738);
#9738 = CARTESIAN_POINT('',(-3.6,0.243199999999,-6.053399999999));
#9739 = CIRCLE('',#9740,0.121600000001);
#9740 = AXIS2_PLACEMENT_3D('',#9741,#9742,#9743);
#9741 = CARTESIAN_POINT('',(-3.6,0.243199999999,-6.175));
#9742 = DIRECTION('',(-5.551115123126E-17,-1.,0.));
#9743 = DIRECTION('',(6.108492277512E-29,-3.390894386119E-45,1.));
#9744 = ORIENTED_EDGE('',*,*,#9745,.T.);
#9745 = EDGE_CURVE('',#9737,#9746,#9748,.T.);
#9746 = VERTEX_POINT('',#9747);
#9747 = CARTESIAN_POINT('',(-3.6,1.334880397544E-13,-6.175));
#9748 = CIRCLE('',#9749,0.152);
#9749 = AXIS2_PLACEMENT_3D('',#9750,#9751,#9752);
#9750 = CARTESIAN_POINT('',(-3.6,0.152,-6.175));
#9751 = DIRECTION('',(1.,-1.110223024625E-16,-5.551115123126E-17));
#9752 = DIRECTION('',(1.110223024625E-16,1.,5.551115123126E-17));
#9753 = ORIENTED_EDGE('',*,*,#9745,.F.);
#9754 = SPHERICAL_SURFACE('',#9755,0.152);
#9755 = AXIS2_PLACEMENT_3D('',#9756,#9757,#9758);
#9756 = CARTESIAN_POINT('',(-3.6,0.152,-6.175));
#9757 = DIRECTION('',(-5.551115123126E-17,-1.,-0.));
#9758 = DIRECTION('',(5.463066675185E-29,-3.032611203926E-45,1.));
#9759 = ADVANCED_FACE('',(#9760),#9763,.F.);
#9760 = FACE_BOUND('',#9761,.F.);
#9761 = EDGE_LOOP('',(#9762));
#9762 = ORIENTED_EDGE('',*,*,#9736,.T.);
#9763 = PLANE('',#9764);
#9764 = AXIS2_PLACEMENT_3D('',#9765,#9766,#9767);
#9765 = CARTESIAN_POINT('',(-3.6,0.2432,-6.175));
#9766 = DIRECTION('',(-5.551115123126E-17,-1.,-0.));
#9767 = DIRECTION('',(6.10849227756E-29,-3.390894386146E-45,1.));
#9768 = ( GEOMETRIC_REPRESENTATION_CONTEXT(3) 
GLOBAL_UNCERTAINTY_ASSIGNED_CONTEXT((#9772)) 
GLOBAL_UNIT_ASSIGNED_CONTEXT((#9769,#9770,#9771)) REPRESENTATION_CONTEXT
('Context #1','3D Context with UNIT and UNCERTAINTY') );
#9769 = ( LENGTH_UNIT() NAMED_UNIT(*) SI_UNIT(.MILLI.,.METRE.) );
#9770 = ( NAMED_UNIT(*) PLANE_ANGLE_UNIT() SI_UNIT($,.RADIAN.) );
#9771 = ( NAMED_UNIT(*) SI_UNIT($,.STERADIAN.) SOLID_ANGLE_UNIT() );
#9772 = UNCERTAINTY_MEASURE_WITH_UNIT(LENGTH_MEASURE(1.E-07),#9769,
  'distance_accuracy_value','confusion accuracy');
#9773 = CONTEXT_DEPENDENT_SHAPE_REPRESENTATION(#9774,#9776);
#9774 = ( REPRESENTATION_RELATIONSHIP('','',#9729,#10) 
REPRESENTATION_RELATIONSHIP_WITH_TRANSFORMATION(#9775) 
SHAPE_REPRESENTATION_RELATIONSHIP() );
#9775 = ITEM_DEFINED_TRANSFORMATION('','',#11,#627);
#9776 = PRODUCT_DEFINITION_SHAPE('Placement','Placement of an item',
  #9777);
#9777 = NEXT_ASSEMBLY_USAGE_OCCURRENCE('142035','BALL_0152','',#5,#9724,
  $);
#9778 = PRODUCT_RELATED_PRODUCT_CATEGORY('part',$,(#9726));
#9779 = SHAPE_DEFINITION_REPRESENTATION(#9780,#9786);
#9780 = PRODUCT_DEFINITION_SHAPE('','',#9781);
#9781 = PRODUCT_DEFINITION('design','',#9782,#9785);
#9782 = PRODUCT_DEFINITION_FORMATION('','',#9783);
#9783 = PRODUCT('BALL_0153','BALL_0153','',(#9784));
#9784 = PRODUCT_CONTEXT('',#2,'mechanical');
#9785 = PRODUCT_DEFINITION_CONTEXT('part definition',#2,'design');
#9786 = ADVANCED_BREP_SHAPE_REPRESENTATION('',(#11,#9787),#9825);
#9787 = MANIFOLD_SOLID_BREP('',#9788);
#9788 = CLOSED_SHELL('',(#9789,#9816));
#9789 = ADVANCED_FACE('',(#9790),#9811,.T.);
#9790 = FACE_BOUND('',#9791,.T.);
#9791 = EDGE_LOOP('',(#9792,#9801,#9810));
#9792 = ORIENTED_EDGE('',*,*,#9793,.T.);
#9793 = EDGE_CURVE('',#9794,#9794,#9796,.T.);
#9794 = VERTEX_POINT('',#9795);
#9795 = CARTESIAN_POINT('',(-3.6,0.243199999999,-6.053399999999));
#9796 = CIRCLE('',#9797,0.121600000001);
#9797 = AXIS2_PLACEMENT_3D('',#9798,#9799,#9800);
#9798 = CARTESIAN_POINT('',(-3.6,0.243199999999,-6.175));
#9799 = DIRECTION('',(-5.551115123126E-17,-1.,0.));
#9800 = DIRECTION('',(6.108492277512E-29,-3.390894386119E-45,1.));
#9801 = ORIENTED_EDGE('',*,*,#9802,.T.);
#9802 = EDGE_CURVE('',#9794,#9803,#9805,.T.);
#9803 = VERTEX_POINT('',#9804);
#9804 = CARTESIAN_POINT('',(-3.6,1.334880397544E-13,-6.175));
#9805 = CIRCLE('',#9806,0.152);
#9806 = AXIS2_PLACEMENT_3D('',#9807,#9808,#9809);
#9807 = CARTESIAN_POINT('',(-3.6,0.152,-6.175));
#9808 = DIRECTION('',(1.,-1.110223024625E-16,-5.551115123126E-17));
#9809 = DIRECTION('',(1.110223024625E-16,1.,5.551115123126E-17));
#9810 = ORIENTED_EDGE('',*,*,#9802,.F.);
#9811 = SPHERICAL_SURFACE('',#9812,0.152);
#9812 = AXIS2_PLACEMENT_3D('',#9813,#9814,#9815);
#9813 = CARTESIAN_POINT('',(-3.6,0.152,-6.175));
#9814 = DIRECTION('',(-5.551115123126E-17,-1.,-0.));
#9815 = DIRECTION('',(5.463066675185E-29,-3.032611203926E-45,1.));
#9816 = ADVANCED_FACE('',(#9817),#9820,.F.);
#9817 = FACE_BOUND('',#9818,.F.);
#9818 = EDGE_LOOP('',(#9819));
#9819 = ORIENTED_EDGE('',*,*,#9793,.T.);
#9820 = PLANE('',#9821);
#9821 = AXIS2_PLACEMENT_3D('',#9822,#9823,#9824);
#9822 = CARTESIAN_POINT('',(-3.6,0.2432,-6.175));
#9823 = DIRECTION('',(-5.551115123126E-17,-1.,-0.));
#9824 = DIRECTION('',(6.10849227756E-29,-3.390894386146E-45,1.));
#9825 = ( GEOMETRIC_REPRESENTATION_CONTEXT(3) 
GLOBAL_UNCERTAINTY_ASSIGNED_CONTEXT((#9829)) 
GLOBAL_UNIT_ASSIGNED_CONTEXT((#9826,#9827,#9828)) REPRESENTATION_CONTEXT
('Context #1','3D Context with UNIT and UNCERTAINTY') );
#9826 = ( LENGTH_UNIT() NAMED_UNIT(*) SI_UNIT(.MILLI.,.METRE.) );
#9827 = ( NAMED_UNIT(*) PLANE_ANGLE_UNIT() SI_UNIT($,.RADIAN.) );
#9828 = ( NAMED_UNIT(*) SI_UNIT($,.STERADIAN.) SOLID_ANGLE_UNIT() );
#9829 = UNCERTAINTY_MEASURE_WITH_UNIT(LENGTH_MEASURE(1.E-07),#9826,
  'distance_accuracy_value','confusion accuracy');
#9830 = CONTEXT_DEPENDENT_SHAPE_REPRESENTATION(#9831,#9833);
#9831 = ( REPRESENTATION_RELATIONSHIP('','',#9786,#10) 
REPRESENTATION_RELATIONSHIP_WITH_TRANSFORMATION(#9832) 
SHAPE_REPRESENTATION_RELATIONSHIP() );
#9832 = ITEM_DEFINED_TRANSFORMATION('','',#11,#631);
#9833 = PRODUCT_DEFINITION_SHAPE('Placement','Placement of an item',
  #9834);
#9834 = NEXT_ASSEMBLY_USAGE_OCCURRENCE('142036','BALL_0153','',#5,#9781,
  $);
#9835 = PRODUCT_RELATED_PRODUCT_CATEGORY('part',$,(#9783));
#9836 = SHAPE_DEFINITION_REPRESENTATION(#9837,#9843);
#9837 = PRODUCT_DEFINITION_SHAPE('','',#9838);
#9838 = PRODUCT_DEFINITION('design','',#9839,#9842);
#9839 = PRODUCT_DEFINITION_FORMATION('','',#9840);
#9840 = PRODUCT('BALL_0154','BALL_0154','',(#9841));
#9841 = PRODUCT_CONTEXT('',#2,'mechanical');
#9842 = PRODUCT_DEFINITION_CONTEXT('part definition',#2,'design');
#9843 = ADVANCED_BREP_SHAPE_REPRESENTATION('',(#11,#9844),#9882);
#9844 = MANIFOLD_SOLID_BREP('',#9845);
#9845 = CLOSED_SHELL('',(#9846,#9873));
#9846 = ADVANCED_FACE('',(#9847),#9868,.T.);
#9847 = FACE_BOUND('',#9848,.T.);
#9848 = EDGE_LOOP('',(#9849,#9858,#9867));
#9849 = ORIENTED_EDGE('',*,*,#9850,.T.);
#9850 = EDGE_CURVE('',#9851,#9851,#9853,.T.);
#9851 = VERTEX_POINT('',#9852);
#9852 = CARTESIAN_POINT('',(-3.6,0.243199999999,-6.053399999999));
#9853 = CIRCLE('',#9854,0.121600000001);
#9854 = AXIS2_PLACEMENT_3D('',#9855,#9856,#9857);
#9855 = CARTESIAN_POINT('',(-3.6,0.243199999999,-6.175));
#9856 = DIRECTION('',(-5.551115123126E-17,-1.,0.));
#9857 = DIRECTION('',(6.108492277512E-29,-3.390894386119E-45,1.));
#9858 = ORIENTED_EDGE('',*,*,#9859,.T.);
#9859 = EDGE_CURVE('',#9851,#9860,#9862,.T.);
#9860 = VERTEX_POINT('',#9861);
#9861 = CARTESIAN_POINT('',(-3.6,1.334880397544E-13,-6.175));
#9862 = CIRCLE('',#9863,0.152);
#9863 = AXIS2_PLACEMENT_3D('',#9864,#9865,#9866);
#9864 = CARTESIAN_POINT('',(-3.6,0.152,-6.175));
#9865 = DIRECTION('',(1.,-1.110223024625E-16,-5.551115123126E-17));
#9866 = DIRECTION('',(1.110223024625E-16,1.,5.551115123126E-17));
#9867 = ORIENTED_EDGE('',*,*,#9859,.F.);
#9868 = SPHERICAL_SURFACE('',#9869,0.152);
#9869 = AXIS2_PLACEMENT_3D('',#9870,#9871,#9872);
#9870 = CARTESIAN_POINT('',(-3.6,0.152,-6.175));
#9871 = DIRECTION('',(-5.551115123126E-17,-1.,-0.));
#9872 = DIRECTION('',(5.463066675185E-29,-3.032611203926E-45,1.));
#9873 = ADVANCED_FACE('',(#9874),#9877,.F.);
#9874 = FACE_BOUND('',#9875,.F.);
#9875 = EDGE_LOOP('',(#9876));
#9876 = ORIENTED_EDGE('',*,*,#9850,.T.);
#9877 = PLANE('',#9878);
#9878 = AXIS2_PLACEMENT_3D('',#9879,#9880,#9881);
#9879 = CARTESIAN_POINT('',(-3.6,0.2432,-6.175));
#9880 = DIRECTION('',(-5.551115123126E-17,-1.,-0.));
#9881 = DIRECTION('',(6.10849227756E-29,-3.390894386146E-45,1.));
#9882 = ( GEOMETRIC_REPRESENTATION_CONTEXT(3) 
GLOBAL_UNCERTAINTY_ASSIGNED_CONTEXT((#9886)) 
GLOBAL_UNIT_ASSIGNED_CONTEXT((#9883,#9884,#9885)) REPRESENTATION_CONTEXT
('Context #1','3D Context with UNIT and UNCERTAINTY') );
#9883 = ( LENGTH_UNIT() NAMED_UNIT(*) SI_UNIT(.MILLI.,.METRE.) );
#9884 = ( NAMED_UNIT(*) PLANE_ANGLE_UNIT() SI_UNIT($,.RADIAN.) );
#9885 = ( NAMED_UNIT(*) SI_UNIT($,.STERADIAN.) SOLID_ANGLE_UNIT() );
#9886 = UNCERTAINTY_MEASURE_WITH_UNIT(LENGTH_MEASURE(1.E-07),#9883,
  'distance_accuracy_value','confusion accuracy');
#9887 = CONTEXT_DEPENDENT_SHAPE_REPRESENTATION(#9888,#9890);
#9888 = ( REPRESENTATION_RELATIONSHIP('','',#9843,#10) 
REPRESENTATION_RELATIONSHIP_WITH_TRANSFORMATION(#9889) 
SHAPE_REPRESENTATION_RELATIONSHIP() );
#9889 = ITEM_DEFINED_TRANSFORMATION('','',#11,#635);
#9890 = PRODUCT_DEFINITION_SHAPE('Placement','Placement of an item',
  #9891);
#9891 = NEXT_ASSEMBLY_USAGE_OCCURRENCE('142037','BALL_0154','',#5,#9838,
  $);
#9892 = PRODUCT_RELATED_PRODUCT_CATEGORY('part',$,(#9840));
#9893 = SHAPE_DEFINITION_REPRESENTATION(#9894,#9900);
#9894 = PRODUCT_DEFINITION_SHAPE('','',#9895);
#9895 = PRODUCT_DEFINITION('design','',#9896,#9899);
#9896 = PRODUCT_DEFINITION_FORMATION('','',#9897);
#9897 = PRODUCT('BALL_0155','BALL_0155','',(#9898));
#9898 = PRODUCT_CONTEXT('',#2,'mechanical');
#9899 = PRODUCT_DEFINITION_CONTEXT('part definition',#2,'design');
#9900 = ADVANCED_BREP_SHAPE_REPRESENTATION('',(#11,#9901),#9939);
#9901 = MANIFOLD_SOLID_BREP('',#9902);
#9902 = CLOSED_SHELL('',(#9903,#9930));
#9903 = ADVANCED_FACE('',(#9904),#9925,.T.);
#9904 = FACE_BOUND('',#9905,.T.);
#9905 = EDGE_LOOP('',(#9906,#9915,#9924));
#9906 = ORIENTED_EDGE('',*,*,#9907,.T.);
#9907 = EDGE_CURVE('',#9908,#9908,#9910,.T.);
#9908 = VERTEX_POINT('',#9909);
#9909 = CARTESIAN_POINT('',(-3.6,0.243199999999,-6.053399999999));
#9910 = CIRCLE('',#9911,0.121600000001);
#9911 = AXIS2_PLACEMENT_3D('',#9912,#9913,#9914);
#9912 = CARTESIAN_POINT('',(-3.6,0.243199999999,-6.175));
#9913 = DIRECTION('',(-5.551115123126E-17,-1.,0.));
#9914 = DIRECTION('',(6.108492277512E-29,-3.390894386119E-45,1.));
#9915 = ORIENTED_EDGE('',*,*,#9916,.T.);
#9916 = EDGE_CURVE('',#9908,#9917,#9919,.T.);
#9917 = VERTEX_POINT('',#9918);
#9918 = CARTESIAN_POINT('',(-3.6,1.334880397544E-13,-6.175));
#9919 = CIRCLE('',#9920,0.152);
#9920 = AXIS2_PLACEMENT_3D('',#9921,#9922,#9923);
#9921 = CARTESIAN_POINT('',(-3.6,0.152,-6.175));
#9922 = DIRECTION('',(1.,-1.110223024625E-16,-5.551115123126E-17));
#9923 = DIRECTION('',(1.110223024625E-16,1.,5.551115123126E-17));
#9924 = ORIENTED_EDGE('',*,*,#9916,.F.);
#9925 = SPHERICAL_SURFACE('',#9926,0.152);
#9926 = AXIS2_PLACEMENT_3D('',#9927,#9928,#9929);
#9927 = CARTESIAN_POINT('',(-3.6,0.152,-6.175));
#9928 = DIRECTION('',(-5.551115123126E-17,-1.,-0.));
#9929 = DIRECTION('',(5.463066675185E-29,-3.032611203926E-45,1.));
#9930 = ADVANCED_FACE('',(#9931),#9934,.F.);
#9931 = FACE_BOUND('',#9932,.F.);
#9932 = EDGE_LOOP('',(#9933));
#9933 = ORIENTED_EDGE('',*,*,#9907,.T.);
#9934 = PLANE('',#9935);
#9935 = AXIS2_PLACEMENT_3D('',#9936,#9937,#9938);
#9936 = CARTESIAN_POINT('',(-3.6,0.2432,-6.175));
#9937 = DIRECTION('',(-5.551115123126E-17,-1.,-0.));
#9938 = DIRECTION('',(6.10849227756E-29,-3.390894386146E-45,1.));
#9939 = ( GEOMETRIC_REPRESENTATION_CONTEXT(3) 
GLOBAL_UNCERTAINTY_ASSIGNED_CONTEXT((#9943)) 
GLOBAL_UNIT_ASSIGNED_CONTEXT((#9940,#9941,#9942)) REPRESENTATION_CONTEXT
('Context #1','3D Context with UNIT and UNCERTAINTY') );
#9940 = ( LENGTH_UNIT() NAMED_UNIT(*) SI_UNIT(.MILLI.,.METRE.) );
#9941 = ( NAMED_UNIT(*) PLANE_ANGLE_UNIT() SI_UNIT($,.RADIAN.) );
#9942 = ( NAMED_UNIT(*) SI_UNIT($,.STERADIAN.) SOLID_ANGLE_UNIT() );
#9943 = UNCERTAINTY_MEASURE_WITH_UNIT(LENGTH_MEASURE(1.E-07),#9940,
  'distance_accuracy_value','confusion accuracy');
#9944 = CONTEXT_DEPENDENT_SHAPE_REPRESENTATION(#9945,#9947);
#9945 = ( REPRESENTATION_RELATIONSHIP('','',#9900,#10) 
REPRESENTATION_RELATIONSHIP_WITH_TRANSFORMATION(#9946) 
SHAPE_REPRESENTATION_RELATIONSHIP() );
#9946 = ITEM_DEFINED_TRANSFORMATION('','',#11,#639);
#9947 = PRODUCT_DEFINITION_SHAPE('Placement','Placement of an item',
  #9948);
#9948 = NEXT_ASSEMBLY_USAGE_OCCURRENCE('142038','BALL_0155','',#5,#9895,
  $);
#9949 = PRODUCT_RELATED_PRODUCT_CATEGORY('part',$,(#9897));
#9950 = SHAPE_DEFINITION_REPRESENTATION(#9951,#9957);
#9951 = PRODUCT_DEFINITION_SHAPE('','',#9952);
#9952 = PRODUCT_DEFINITION('design','',#9953,#9956);
#9953 = PRODUCT_DEFINITION_FORMATION('','',#9954);
#9954 = PRODUCT('BALL_0156','BALL_0156','',(#9955));
#9955 = PRODUCT_CONTEXT('',#2,'mechanical');
#9956 = PRODUCT_DEFINITION_CONTEXT('part definition',#2,'design');
#9957 = ADVANCED_BREP_SHAPE_REPRESENTATION('',(#11,#9958),#9996);
#9958 = MANIFOLD_SOLID_BREP('',#9959);
#9959 = CLOSED_SHELL('',(#9960,#9987));
#9960 = ADVANCED_FACE('',(#9961),#9982,.T.);
#9961 = FACE_BOUND('',#9962,.T.);
#9962 = EDGE_LOOP('',(#9963,#9972,#9981));
#9963 = ORIENTED_EDGE('',*,*,#9964,.T.);
#9964 = EDGE_CURVE('',#9965,#9965,#9967,.T.);
#9965 = VERTEX_POINT('',#9966);
#9966 = CARTESIAN_POINT('',(-3.6,0.243199999999,-6.053399999999));
#9967 = CIRCLE('',#9968,0.121600000001);
#9968 = AXIS2_PLACEMENT_3D('',#9969,#9970,#9971);
#9969 = CARTESIAN_POINT('',(-3.6,0.243199999999,-6.175));
#9970 = DIRECTION('',(-5.551115123126E-17,-1.,0.));
#9971 = DIRECTION('',(6.108492277512E-29,-3.390894386119E-45,1.));
#9972 = ORIENTED_EDGE('',*,*,#9973,.T.);
#9973 = EDGE_CURVE('',#9965,#9974,#9976,.T.);
#9974 = VERTEX_POINT('',#9975);
#9975 = CARTESIAN_POINT('',(-3.6,1.334880397544E-13,-6.175));
#9976 = CIRCLE('',#9977,0.152);
#9977 = AXIS2_PLACEMENT_3D('',#9978,#9979,#9980);
#9978 = CARTESIAN_POINT('',(-3.6,0.152,-6.175));
#9979 = DIRECTION('',(1.,-1.110223024625E-16,-5.551115123126E-17));
#9980 = DIRECTION('',(1.110223024625E-16,1.,5.551115123126E-17));
#9981 = ORIENTED_EDGE('',*,*,#9973,.F.);
#9982 = SPHERICAL_SURFACE('',#9983,0.152);
#9983 = AXIS2_PLACEMENT_3D('',#9984,#9985,#9986);
#9984 = CARTESIAN_POINT('',(-3.6,0.152,-6.175));
#9985 = DIRECTION('',(-5.551115123126E-17,-1.,-0.));
#9986 = DIRECTION('',(5.463066675185E-29,-3.032611203926E-45,1.));
#9987 = ADVANCED_FACE('',(#9988),#9991,.F.);
#9988 = FACE_BOUND('',#9989,.F.);
#9989 = EDGE_LOOP('',(#9990));
#9990 = ORIENTED_EDGE('',*,*,#9964,.T.);
#9991 = PLANE('',#9992);
#9992 = AXIS2_PLACEMENT_3D('',#9993,#9994,#9995);
#9993 = CARTESIAN_POINT('',(-3.6,0.2432,-6.175));
#9994 = DIRECTION('',(-5.551115123126E-17,-1.,-0.));
#9995 = DIRECTION('',(6.10849227756E-29,-3.390894386146E-45,1.));
#9996 = ( GEOMETRIC_REPRESENTATION_CONTEXT(3) 
GLOBAL_UNCERTAINTY_ASSIGNED_CONTEXT((#10000)) 
GLOBAL_UNIT_ASSIGNED_CONTEXT((#9997,#9998,#9999)) REPRESENTATION_CONTEXT
('Context #1','3D Context with UNIT and UNCERTAINTY') );
#9997 = ( LENGTH_UNIT() NAMED_UNIT(*) SI_UNIT(.MILLI.,.METRE.) );
#9998 = ( NAMED_UNIT(*) PLANE_ANGLE_UNIT() SI_UNIT($,.RADIAN.) );
#9999 = ( NAMED_UNIT(*) SI_UNIT($,.STERADIAN.) SOLID_ANGLE_UNIT() );
#10000 = UNCERTAINTY_MEASURE_WITH_UNIT(LENGTH_MEASURE(1.E-07),#9997,
  'distance_accuracy_value','confusion accuracy');
#10001 = CONTEXT_DEPENDENT_SHAPE_REPRESENTATION(#10002,#10004);
#10002 = ( REPRESENTATION_RELATIONSHIP('','',#9957,#10) 
REPRESENTATION_RELATIONSHIP_WITH_TRANSFORMATION(#10003) 
SHAPE_REPRESENTATION_RELATIONSHIP() );
#10003 = ITEM_DEFINED_TRANSFORMATION('','',#11,#643);
#10004 = PRODUCT_DEFINITION_SHAPE('Placement','Placement of an item',
  #10005);
#10005 = NEXT_ASSEMBLY_USAGE_OCCURRENCE('142039','BALL_0156','',#5,#9952
  ,$);
#10006 = PRODUCT_RELATED_PRODUCT_CATEGORY('part',$,(#9954));
#10007 = SHAPE_DEFINITION_REPRESENTATION(#10008,#10014);
#10008 = PRODUCT_DEFINITION_SHAPE('','',#10009);
#10009 = PRODUCT_DEFINITION('design','',#10010,#10013);
#10010 = PRODUCT_DEFINITION_FORMATION('','',#10011);
#10011 = PRODUCT('BALL_0157','BALL_0157','',(#10012));
#10012 = PRODUCT_CONTEXT('',#2,'mechanical');
#10013 = PRODUCT_DEFINITION_CONTEXT('part definition',#2,'design');
#10014 = ADVANCED_BREP_SHAPE_REPRESENTATION('',(#11,#10015),#10053);
#10015 = MANIFOLD_SOLID_BREP('',#10016);
#10016 = CLOSED_SHELL('',(#10017,#10044));
#10017 = ADVANCED_FACE('',(#10018),#10039,.T.);
#10018 = FACE_BOUND('',#10019,.T.);
#10019 = EDGE_LOOP('',(#10020,#10029,#10038));
#10020 = ORIENTED_EDGE('',*,*,#10021,.T.);
#10021 = EDGE_CURVE('',#10022,#10022,#10024,.T.);
#10022 = VERTEX_POINT('',#10023);
#10023 = CARTESIAN_POINT('',(-3.6,0.243199999999,-6.053399999999));
#10024 = CIRCLE('',#10025,0.121600000001);
#10025 = AXIS2_PLACEMENT_3D('',#10026,#10027,#10028);
#10026 = CARTESIAN_POINT('',(-3.6,0.243199999999,-6.175));
#10027 = DIRECTION('',(-5.551115123126E-17,-1.,0.));
#10028 = DIRECTION('',(6.108492277512E-29,-3.390894386119E-45,1.));
#10029 = ORIENTED_EDGE('',*,*,#10030,.T.);
#10030 = EDGE_CURVE('',#10022,#10031,#10033,.T.);
#10031 = VERTEX_POINT('',#10032);
#10032 = CARTESIAN_POINT('',(-3.6,1.334880397544E-13,-6.175));
#10033 = CIRCLE('',#10034,0.152);
#10034 = AXIS2_PLACEMENT_3D('',#10035,#10036,#10037);
#10035 = CARTESIAN_POINT('',(-3.6,0.152,-6.175));
#10036 = DIRECTION('',(1.,-1.110223024625E-16,-5.551115123126E-17));
#10037 = DIRECTION('',(1.110223024625E-16,1.,5.551115123126E-17));
#10038 = ORIENTED_EDGE('',*,*,#10030,.F.);
#10039 = SPHERICAL_SURFACE('',#10040,0.152);
#10040 = AXIS2_PLACEMENT_3D('',#10041,#10042,#10043);
#10041 = CARTESIAN_POINT('',(-3.6,0.152,-6.175));
#10042 = DIRECTION('',(-5.551115123126E-17,-1.,-0.));
#10043 = DIRECTION('',(5.463066675185E-29,-3.032611203926E-45,1.));
#10044 = ADVANCED_FACE('',(#10045),#10048,.F.);
#10045 = FACE_BOUND('',#10046,.F.);
#10046 = EDGE_LOOP('',(#10047));
#10047 = ORIENTED_EDGE('',*,*,#10021,.T.);
#10048 = PLANE('',#10049);
#10049 = AXIS2_PLACEMENT_3D('',#10050,#10051,#10052);
#10050 = CARTESIAN_POINT('',(-3.6,0.2432,-6.175));
#10051 = DIRECTION('',(-5.551115123126E-17,-1.,-0.));
#10052 = DIRECTION('',(6.10849227756E-29,-3.390894386146E-45,1.));
#10053 = ( GEOMETRIC_REPRESENTATION_CONTEXT(3) 
GLOBAL_UNCERTAINTY_ASSIGNED_CONTEXT((#10057)) 
GLOBAL_UNIT_ASSIGNED_CONTEXT((#10054,#10055,#10056)) 
REPRESENTATION_CONTEXT('Context #1',
  '3D Context with UNIT and UNCERTAINTY') );
#10054 = ( LENGTH_UNIT() NAMED_UNIT(*) SI_UNIT(.MILLI.,.METRE.) );
#10055 = ( NAMED_UNIT(*) PLANE_ANGLE_UNIT() SI_UNIT($,.RADIAN.) );
#10056 = ( NAMED_UNIT(*) SI_UNIT($,.STERADIAN.) SOLID_ANGLE_UNIT() );
#10057 = UNCERTAINTY_MEASURE_WITH_UNIT(LENGTH_MEASURE(1.E-07),#10054,
  'distance_accuracy_value','confusion accuracy');
#10058 = CONTEXT_DEPENDENT_SHAPE_REPRESENTATION(#10059,#10061);
#10059 = ( REPRESENTATION_RELATIONSHIP('','',#10014,#10) 
REPRESENTATION_RELATIONSHIP_WITH_TRANSFORMATION(#10060) 
SHAPE_REPRESENTATION_RELATIONSHIP() );
#10060 = ITEM_DEFINED_TRANSFORMATION('','',#11,#647);
#10061 = PRODUCT_DEFINITION_SHAPE('Placement','Placement of an item',
  #10062);
#10062 = NEXT_ASSEMBLY_USAGE_OCCURRENCE('142040','BALL_0157','',#5,
  #10009,$);
#10063 = PRODUCT_RELATED_PRODUCT_CATEGORY('part',$,(#10011));
#10064 = SHAPE_DEFINITION_REPRESENTATION(#10065,#10071);
#10065 = PRODUCT_DEFINITION_SHAPE('','',#10066);
#10066 = PRODUCT_DEFINITION('design','',#10067,#10070);
#10067 = PRODUCT_DEFINITION_FORMATION('','',#10068);
#10068 = PRODUCT('BALL_0158','BALL_0158','',(#10069));
#10069 = PRODUCT_CONTEXT('',#2,'mechanical');
#10070 = PRODUCT_DEFINITION_CONTEXT('part definition',#2,'design');
#10071 = ADVANCED_BREP_SHAPE_REPRESENTATION('',(#11,#10072),#10110);
#10072 = MANIFOLD_SOLID_BREP('',#10073);
#10073 = CLOSED_SHELL('',(#10074,#10101));
#10074 = ADVANCED_FACE('',(#10075),#10096,.T.);
#10075 = FACE_BOUND('',#10076,.T.);
#10076 = EDGE_LOOP('',(#10077,#10086,#10095));
#10077 = ORIENTED_EDGE('',*,*,#10078,.T.);
#10078 = EDGE_CURVE('',#10079,#10079,#10081,.T.);
#10079 = VERTEX_POINT('',#10080);
#10080 = CARTESIAN_POINT('',(-3.6,0.243199999999,-6.053399999999));
#10081 = CIRCLE('',#10082,0.121600000001);
#10082 = AXIS2_PLACEMENT_3D('',#10083,#10084,#10085);
#10083 = CARTESIAN_POINT('',(-3.6,0.243199999999,-6.175));
#10084 = DIRECTION('',(-5.551115123126E-17,-1.,0.));
#10085 = DIRECTION('',(6.108492277512E-29,-3.390894386119E-45,1.));
#10086 = ORIENTED_EDGE('',*,*,#10087,.T.);
#10087 = EDGE_CURVE('',#10079,#10088,#10090,.T.);
#10088 = VERTEX_POINT('',#10089);
#10089 = CARTESIAN_POINT('',(-3.6,1.334880397544E-13,-6.175));
#10090 = CIRCLE('',#10091,0.152);
#10091 = AXIS2_PLACEMENT_3D('',#10092,#10093,#10094);
#10092 = CARTESIAN_POINT('',(-3.6,0.152,-6.175));
#10093 = DIRECTION('',(1.,-1.110223024625E-16,-5.551115123126E-17));
#10094 = DIRECTION('',(1.110223024625E-16,1.,5.551115123126E-17));
#10095 = ORIENTED_EDGE('',*,*,#10087,.F.);
#10096 = SPHERICAL_SURFACE('',#10097,0.152);
#10097 = AXIS2_PLACEMENT_3D('',#10098,#10099,#10100);
#10098 = CARTESIAN_POINT('',(-3.6,0.152,-6.175));
#10099 = DIRECTION('',(-5.551115123126E-17,-1.,-0.));
#10100 = DIRECTION('',(5.463066675185E-29,-3.032611203926E-45,1.));
#10101 = ADVANCED_FACE('',(#10102),#10105,.F.);
#10102 = FACE_BOUND('',#10103,.F.);
#10103 = EDGE_LOOP('',(#10104));
#10104 = ORIENTED_EDGE('',*,*,#10078,.T.);
#10105 = PLANE('',#10106);
#10106 = AXIS2_PLACEMENT_3D('',#10107,#10108,#10109);
#10107 = CARTESIAN_POINT('',(-3.6,0.2432,-6.175));
#10108 = DIRECTION('',(-5.551115123126E-17,-1.,-0.));
#10109 = DIRECTION('',(6.10849227756E-29,-3.390894386146E-45,1.));
#10110 = ( GEOMETRIC_REPRESENTATION_CONTEXT(3) 
GLOBAL_UNCERTAINTY_ASSIGNED_CONTEXT((#10114)) 
GLOBAL_UNIT_ASSIGNED_CONTEXT((#10111,#10112,#10113)) 
REPRESENTATION_CONTEXT('Context #1',
  '3D Context with UNIT and UNCERTAINTY') );
#10111 = ( LENGTH_UNIT() NAMED_UNIT(*) SI_UNIT(.MILLI.,.METRE.) );
#10112 = ( NAMED_UNIT(*) PLANE_ANGLE_UNIT() SI_UNIT($,.RADIAN.) );
#10113 = ( NAMED_UNIT(*) SI_UNIT($,.STERADIAN.) SOLID_ANGLE_UNIT() );
#10114 = UNCERTAINTY_MEASURE_WITH_UNIT(LENGTH_MEASURE(1.E-07),#10111,
  'distance_accuracy_value','confusion accuracy');
#10115 = CONTEXT_DEPENDENT_SHAPE_REPRESENTATION(#10116,#10118);
#10116 = ( REPRESENTATION_RELATIONSHIP('','',#10071,#10) 
REPRESENTATION_RELATIONSHIP_WITH_TRANSFORMATION(#10117) 
SHAPE_REPRESENTATION_RELATIONSHIP() );
#10117 = ITEM_DEFINED_TRANSFORMATION('','',#11,#651);
#10118 = PRODUCT_DEFINITION_SHAPE('Placement','Placement of an item',
  #10119);
#10119 = NEXT_ASSEMBLY_USAGE_OCCURRENCE('142041','BALL_0158','',#5,
  #10066,$);
#10120 = PRODUCT_RELATED_PRODUCT_CATEGORY('part',$,(#10068));
#10121 = SHAPE_DEFINITION_REPRESENTATION(#10122,#10128);
#10122 = PRODUCT_DEFINITION_SHAPE('','',#10123);
#10123 = PRODUCT_DEFINITION('design','',#10124,#10127);
#10124 = PRODUCT_DEFINITION_FORMATION('','',#10125);
#10125 = PRODUCT('BALL_0159','BALL_0159','',(#10126));
#10126 = PRODUCT_CONTEXT('',#2,'mechanical');
#10127 = PRODUCT_DEFINITION_CONTEXT('part definition',#2,'design');
#10128 = ADVANCED_BREP_SHAPE_REPRESENTATION('',(#11,#10129),#10167);
#10129 = MANIFOLD_SOLID_BREP('',#10130);
#10130 = CLOSED_SHELL('',(#10131,#10158));
#10131 = ADVANCED_FACE('',(#10132),#10153,.T.);
#10132 = FACE_BOUND('',#10133,.T.);
#10133 = EDGE_LOOP('',(#10134,#10143,#10152));
#10134 = ORIENTED_EDGE('',*,*,#10135,.T.);
#10135 = EDGE_CURVE('',#10136,#10136,#10138,.T.);
#10136 = VERTEX_POINT('',#10137);
#10137 = CARTESIAN_POINT('',(-3.6,0.243199999999,-6.053399999999));
#10138 = CIRCLE('',#10139,0.121600000001);
#10139 = AXIS2_PLACEMENT_3D('',#10140,#10141,#10142);
#10140 = CARTESIAN_POINT('',(-3.6,0.243199999999,-6.175));
#10141 = DIRECTION('',(-5.551115123126E-17,-1.,0.));
#10142 = DIRECTION('',(6.108492277512E-29,-3.390894386119E-45,1.));
#10143 = ORIENTED_EDGE('',*,*,#10144,.T.);
#10144 = EDGE_CURVE('',#10136,#10145,#10147,.T.);
#10145 = VERTEX_POINT('',#10146);
#10146 = CARTESIAN_POINT('',(-3.6,1.334880397544E-13,-6.175));
#10147 = CIRCLE('',#10148,0.152);
#10148 = AXIS2_PLACEMENT_3D('',#10149,#10150,#10151);
#10149 = CARTESIAN_POINT('',(-3.6,0.152,-6.175));
#10150 = DIRECTION('',(1.,-1.110223024625E-16,-5.551115123126E-17));
#10151 = DIRECTION('',(1.110223024625E-16,1.,5.551115123126E-17));
#10152 = ORIENTED_EDGE('',*,*,#10144,.F.);
#10153 = SPHERICAL_SURFACE('',#10154,0.152);
#10154 = AXIS2_PLACEMENT_3D('',#10155,#10156,#10157);
#10155 = CARTESIAN_POINT('',(-3.6,0.152,-6.175));
#10156 = DIRECTION('',(-5.551115123126E-17,-1.,-0.));
#10157 = DIRECTION('',(5.463066675185E-29,-3.032611203926E-45,1.));
#10158 = ADVANCED_FACE('',(#10159),#10162,.F.);
#10159 = FACE_BOUND('',#10160,.F.);
#10160 = EDGE_LOOP('',(#10161));
#10161 = ORIENTED_EDGE('',*,*,#10135,.T.);
#10162 = PLANE('',#10163);
#10163 = AXIS2_PLACEMENT_3D('',#10164,#10165,#10166);
#10164 = CARTESIAN_POINT('',(-3.6,0.2432,-6.175));
#10165 = DIRECTION('',(-5.551115123126E-17,-1.,-0.));
#10166 = DIRECTION('',(6.10849227756E-29,-3.390894386146E-45,1.));
#10167 = ( GEOMETRIC_REPRESENTATION_CONTEXT(3) 
GLOBAL_UNCERTAINTY_ASSIGNED_CONTEXT((#10171)) 
GLOBAL_UNIT_ASSIGNED_CONTEXT((#10168,#10169,#10170)) 
REPRESENTATION_CONTEXT('Context #1',
  '3D Context with UNIT and UNCERTAINTY') );
#10168 = ( LENGTH_UNIT() NAMED_UNIT(*) SI_UNIT(.MILLI.,.METRE.) );
#10169 = ( NAMED_UNIT(*) PLANE_ANGLE_UNIT() SI_UNIT($,.RADIAN.) );
#10170 = ( NAMED_UNIT(*) SI_UNIT($,.STERADIAN.) SOLID_ANGLE_UNIT() );
#10171 = UNCERTAINTY_MEASURE_WITH_UNIT(LENGTH_MEASURE(1.E-07),#10168,
  'distance_accuracy_value','confusion accuracy');
#10172 = CONTEXT_DEPENDENT_SHAPE_REPRESENTATION(#10173,#10175);
#10173 = ( REPRESENTATION_RELATIONSHIP('','',#10128,#10) 
REPRESENTATION_RELATIONSHIP_WITH_TRANSFORMATION(#10174) 
SHAPE_REPRESENTATION_RELATIONSHIP() );
#10174 = ITEM_DEFINED_TRANSFORMATION('','',#11,#655);
#10175 = PRODUCT_DEFINITION_SHAPE('Placement','Placement of an item',
  #10176);
#10176 = NEXT_ASSEMBLY_USAGE_OCCURRENCE('142042','BALL_0159','',#5,
  #10123,$);
#10177 = PRODUCT_RELATED_PRODUCT_CATEGORY('part',$,(#10125));
#10178 = SHAPE_DEFINITION_REPRESENTATION(#10179,#10185);
#10179 = PRODUCT_DEFINITION_SHAPE('','',#10180);
#10180 = PRODUCT_DEFINITION('design','',#10181,#10184);
#10181 = PRODUCT_DEFINITION_FORMATION('','',#10182);
#10182 = PRODUCT('BALL_0160','BALL_0160','',(#10183));
#10183 = PRODUCT_CONTEXT('',#2,'mechanical');
#10184 = PRODUCT_DEFINITION_CONTEXT('part definition',#2,'design');
#10185 = ADVANCED_BREP_SHAPE_REPRESENTATION('',(#11,#10186),#10224);
#10186 = MANIFOLD_SOLID_BREP('',#10187);
#10187 = CLOSED_SHELL('',(#10188,#10215));
#10188 = ADVANCED_FACE('',(#10189),#10210,.T.);
#10189 = FACE_BOUND('',#10190,.T.);
#10190 = EDGE_LOOP('',(#10191,#10200,#10209));
#10191 = ORIENTED_EDGE('',*,*,#10192,.T.);
#10192 = EDGE_CURVE('',#10193,#10193,#10195,.T.);
#10193 = VERTEX_POINT('',#10194);
#10194 = CARTESIAN_POINT('',(-3.6,0.243199999999,-6.053399999999));
#10195 = CIRCLE('',#10196,0.121600000001);
#10196 = AXIS2_PLACEMENT_3D('',#10197,#10198,#10199);
#10197 = CARTESIAN_POINT('',(-3.6,0.243199999999,-6.175));
#10198 = DIRECTION('',(-5.551115123126E-17,-1.,0.));
#10199 = DIRECTION('',(6.108492277512E-29,-3.390894386119E-45,1.));
#10200 = ORIENTED_EDGE('',*,*,#10201,.T.);
#10201 = EDGE_CURVE('',#10193,#10202,#10204,.T.);
#10202 = VERTEX_POINT('',#10203);
#10203 = CARTESIAN_POINT('',(-3.6,1.334880397544E-13,-6.175));
#10204 = CIRCLE('',#10205,0.152);
#10205 = AXIS2_PLACEMENT_3D('',#10206,#10207,#10208);
#10206 = CARTESIAN_POINT('',(-3.6,0.152,-6.175));
#10207 = DIRECTION('',(1.,-1.110223024625E-16,-5.551115123126E-17));
#10208 = DIRECTION('',(1.110223024625E-16,1.,5.551115123126E-17));
#10209 = ORIENTED_EDGE('',*,*,#10201,.F.);
#10210 = SPHERICAL_SURFACE('',#10211,0.152);
#10211 = AXIS2_PLACEMENT_3D('',#10212,#10213,#10214);
#10212 = CARTESIAN_POINT('',(-3.6,0.152,-6.175));
#10213 = DIRECTION('',(-5.551115123126E-17,-1.,-0.));
#10214 = DIRECTION('',(5.463066675185E-29,-3.032611203926E-45,1.));
#10215 = ADVANCED_FACE('',(#10216),#10219,.F.);
#10216 = FACE_BOUND('',#10217,.F.);
#10217 = EDGE_LOOP('',(#10218));
#10218 = ORIENTED_EDGE('',*,*,#10192,.T.);
#10219 = PLANE('',#10220);
#10220 = AXIS2_PLACEMENT_3D('',#10221,#10222,#10223);
#10221 = CARTESIAN_POINT('',(-3.6,0.2432,-6.175));
#10222 = DIRECTION('',(-5.551115123126E-17,-1.,-0.));
#10223 = DIRECTION('',(6.10849227756E-29,-3.390894386146E-45,1.));
#10224 = ( GEOMETRIC_REPRESENTATION_CONTEXT(3) 
GLOBAL_UNCERTAINTY_ASSIGNED_CONTEXT((#10228)) 
GLOBAL_UNIT_ASSIGNED_CONTEXT((#10225,#10226,#10227)) 
REPRESENTATION_CONTEXT('Context #1',
  '3D Context with UNIT and UNCERTAINTY') );
#10225 = ( LENGTH_UNIT() NAMED_UNIT(*) SI_UNIT(.MILLI.,.METRE.) );
#10226 = ( NAMED_UNIT(*) PLANE_ANGLE_UNIT() SI_UNIT($,.RADIAN.) );
#10227 = ( NAMED_UNIT(*) SI_UNIT($,.STERADIAN.) SOLID_ANGLE_UNIT() );
#10228 = UNCERTAINTY_MEASURE_WITH_UNIT(LENGTH_MEASURE(1.E-07),#10225,
  'distance_accuracy_value','confusion accuracy');
#10229 = CONTEXT_DEPENDENT_SHAPE_REPRESENTATION(#10230,#10232);
#10230 = ( REPRESENTATION_RELATIONSHIP('','',#10185,#10) 
REPRESENTATION_RELATIONSHIP_WITH_TRANSFORMATION(#10231) 
SHAPE_REPRESENTATION_RELATIONSHIP() );
#10231 = ITEM_DEFINED_TRANSFORMATION('','',#11,#659);
#10232 = PRODUCT_DEFINITION_SHAPE('Placement','Placement of an item',
  #10233);
#10233 = NEXT_ASSEMBLY_USAGE_OCCURRENCE('142043','BALL_0160','',#5,
  #10180,$);
#10234 = PRODUCT_RELATED_PRODUCT_CATEGORY('part',$,(#10182));
#10235 = SHAPE_DEFINITION_REPRESENTATION(#10236,#10242);
#10236 = PRODUCT_DEFINITION_SHAPE('','',#10237);
#10237 = PRODUCT_DEFINITION('design','',#10238,#10241);
#10238 = PRODUCT_DEFINITION_FORMATION('','',#10239);
#10239 = PRODUCT('BALL_0161','BALL_0161','',(#10240));
#10240 = PRODUCT_CONTEXT('',#2,'mechanical');
#10241 = PRODUCT_DEFINITION_CONTEXT('part definition',#2,'design');
#10242 = ADVANCED_BREP_SHAPE_REPRESENTATION('',(#11,#10243),#10281);
#10243 = MANIFOLD_SOLID_BREP('',#10244);
#10244 = CLOSED_SHELL('',(#10245,#10272));
#10245 = ADVANCED_FACE('',(#10246),#10267,.T.);
#10246 = FACE_BOUND('',#10247,.T.);
#10247 = EDGE_LOOP('',(#10248,#10257,#10266));
#10248 = ORIENTED_EDGE('',*,*,#10249,.T.);
#10249 = EDGE_CURVE('',#10250,#10250,#10252,.T.);
#10250 = VERTEX_POINT('',#10251);
#10251 = CARTESIAN_POINT('',(-3.6,0.243199999999,-6.053399999999));
#10252 = CIRCLE('',#10253,0.121600000001);
#10253 = AXIS2_PLACEMENT_3D('',#10254,#10255,#10256);
#10254 = CARTESIAN_POINT('',(-3.6,0.243199999999,-6.175));
#10255 = DIRECTION('',(-5.551115123126E-17,-1.,0.));
#10256 = DIRECTION('',(6.108492277512E-29,-3.390894386119E-45,1.));
#10257 = ORIENTED_EDGE('',*,*,#10258,.T.);
#10258 = EDGE_CURVE('',#10250,#10259,#10261,.T.);
#10259 = VERTEX_POINT('',#10260);
#10260 = CARTESIAN_POINT('',(-3.6,1.334880397544E-13,-6.175));
#10261 = CIRCLE('',#10262,0.152);
#10262 = AXIS2_PLACEMENT_3D('',#10263,#10264,#10265);
#10263 = CARTESIAN_POINT('',(-3.6,0.152,-6.175));
#10264 = DIRECTION('',(1.,-1.110223024625E-16,-5.551115123126E-17));
#10265 = DIRECTION('',(1.110223024625E-16,1.,5.551115123126E-17));
#10266 = ORIENTED_EDGE('',*,*,#10258,.F.);
#10267 = SPHERICAL_SURFACE('',#10268,0.152);
#10268 = AXIS2_PLACEMENT_3D('',#10269,#10270,#10271);
#10269 = CARTESIAN_POINT('',(-3.6,0.152,-6.175));
#10270 = DIRECTION('',(-5.551115123126E-17,-1.,-0.));
#10271 = DIRECTION('',(5.463066675185E-29,-3.032611203926E-45,1.));
#10272 = ADVANCED_FACE('',(#10273),#10276,.F.);
#10273 = FACE_BOUND('',#10274,.F.);
#10274 = EDGE_LOOP('',(#10275));
#10275 = ORIENTED_EDGE('',*,*,#10249,.T.);
#10276 = PLANE('',#10277);
#10277 = AXIS2_PLACEMENT_3D('',#10278,#10279,#10280);
#10278 = CARTESIAN_POINT('',(-3.6,0.2432,-6.175));
#10279 = DIRECTION('',(-5.551115123126E-17,-1.,-0.));
#10280 = DIRECTION('',(6.10849227756E-29,-3.390894386146E-45,1.));
#10281 = ( GEOMETRIC_REPRESENTATION_CONTEXT(3) 
GLOBAL_UNCERTAINTY_ASSIGNED_CONTEXT((#10285)) 
GLOBAL_UNIT_ASSIGNED_CONTEXT((#10282,#10283,#10284)) 
REPRESENTATION_CONTEXT('Context #1',
  '3D Context with UNIT and UNCERTAINTY') );
#10282 = ( LENGTH_UNIT() NAMED_UNIT(*) SI_UNIT(.MILLI.,.METRE.) );
#10283 = ( NAMED_UNIT(*) PLANE_ANGLE_UNIT() SI_UNIT($,.RADIAN.) );
#10284 = ( NAMED_UNIT(*) SI_UNIT($,.STERADIAN.) SOLID_ANGLE_UNIT() );
#10285 = UNCERTAINTY_MEASURE_WITH_UNIT(LENGTH_MEASURE(1.E-07),#10282,
  'distance_accuracy_value','confusion accuracy');
#10286 = CONTEXT_DEPENDENT_SHAPE_REPRESENTATION(#10287,#10289);
#10287 = ( REPRESENTATION_RELATIONSHIP('','',#10242,#10) 
REPRESENTATION_RELATIONSHIP_WITH_TRANSFORMATION(#10288) 
SHAPE_REPRESENTATION_RELATIONSHIP() );
#10288 = ITEM_DEFINED_TRANSFORMATION('','',#11,#663);
#10289 = PRODUCT_DEFINITION_SHAPE('Placement','Placement of an item',
  #10290);
#10290 = NEXT_ASSEMBLY_USAGE_OCCURRENCE('142044','BALL_0161','',#5,
  #10237,$);
#10291 = PRODUCT_RELATED_PRODUCT_CATEGORY('part',$,(#10239));
#10292 = SHAPE_DEFINITION_REPRESENTATION(#10293,#10299);
#10293 = PRODUCT_DEFINITION_SHAPE('','',#10294);
#10294 = PRODUCT_DEFINITION('design','',#10295,#10298);
#10295 = PRODUCT_DEFINITION_FORMATION('','',#10296);
#10296 = PRODUCT('BALL_0162','BALL_0162','',(#10297));
#10297 = PRODUCT_CONTEXT('',#2,'mechanical');
#10298 = PRODUCT_DEFINITION_CONTEXT('part definition',#2,'design');
#10299 = ADVANCED_BREP_SHAPE_REPRESENTATION('',(#11,#10300),#10338);
#10300 = MANIFOLD_SOLID_BREP('',#10301);
#10301 = CLOSED_SHELL('',(#10302,#10329));
#10302 = ADVANCED_FACE('',(#10303),#10324,.T.);
#10303 = FACE_BOUND('',#10304,.T.);
#10304 = EDGE_LOOP('',(#10305,#10314,#10323));
#10305 = ORIENTED_EDGE('',*,*,#10306,.T.);
#10306 = EDGE_CURVE('',#10307,#10307,#10309,.T.);
#10307 = VERTEX_POINT('',#10308);
#10308 = CARTESIAN_POINT('',(-3.6,0.243199999999,-6.053399999999));
#10309 = CIRCLE('',#10310,0.121600000001);
#10310 = AXIS2_PLACEMENT_3D('',#10311,#10312,#10313);
#10311 = CARTESIAN_POINT('',(-3.6,0.243199999999,-6.175));
#10312 = DIRECTION('',(-5.551115123126E-17,-1.,0.));
#10313 = DIRECTION('',(6.108492277512E-29,-3.390894386119E-45,1.));
#10314 = ORIENTED_EDGE('',*,*,#10315,.T.);
#10315 = EDGE_CURVE('',#10307,#10316,#10318,.T.);
#10316 = VERTEX_POINT('',#10317);
#10317 = CARTESIAN_POINT('',(-3.6,1.334880397544E-13,-6.175));
#10318 = CIRCLE('',#10319,0.152);
#10319 = AXIS2_PLACEMENT_3D('',#10320,#10321,#10322);
#10320 = CARTESIAN_POINT('',(-3.6,0.152,-6.175));
#10321 = DIRECTION('',(1.,-1.110223024625E-16,-5.551115123126E-17));
#10322 = DIRECTION('',(1.110223024625E-16,1.,5.551115123126E-17));
#10323 = ORIENTED_EDGE('',*,*,#10315,.F.);
#10324 = SPHERICAL_SURFACE('',#10325,0.152);
#10325 = AXIS2_PLACEMENT_3D('',#10326,#10327,#10328);
#10326 = CARTESIAN_POINT('',(-3.6,0.152,-6.175));
#10327 = DIRECTION('',(-5.551115123126E-17,-1.,-0.));
#10328 = DIRECTION('',(5.463066675185E-29,-3.032611203926E-45,1.));
#10329 = ADVANCED_FACE('',(#10330),#10333,.F.);
#10330 = FACE_BOUND('',#10331,.F.);
#10331 = EDGE_LOOP('',(#10332));
#10332 = ORIENTED_EDGE('',*,*,#10306,.T.);
#10333 = PLANE('',#10334);
#10334 = AXIS2_PLACEMENT_3D('',#10335,#10336,#10337);
#10335 = CARTESIAN_POINT('',(-3.6,0.2432,-6.175));
#10336 = DIRECTION('',(-5.551115123126E-17,-1.,-0.));
#10337 = DIRECTION('',(6.10849227756E-29,-3.390894386146E-45,1.));
#10338 = ( GEOMETRIC_REPRESENTATION_CONTEXT(3) 
GLOBAL_UNCERTAINTY_ASSIGNED_CONTEXT((#10342)) 
GLOBAL_UNIT_ASSIGNED_CONTEXT((#10339,#10340,#10341)) 
REPRESENTATION_CONTEXT('Context #1',
  '3D Context with UNIT and UNCERTAINTY') );
#10339 = ( LENGTH_UNIT() NAMED_UNIT(*) SI_UNIT(.MILLI.,.METRE.) );
#10340 = ( NAMED_UNIT(*) PLANE_ANGLE_UNIT() SI_UNIT($,.RADIAN.) );
#10341 = ( NAMED_UNIT(*) SI_UNIT($,.STERADIAN.) SOLID_ANGLE_UNIT() );
#10342 = UNCERTAINTY_MEASURE_WITH_UNIT(LENGTH_MEASURE(1.E-07),#10339,
  'distance_accuracy_value','confusion accuracy');
#10343 = CONTEXT_DEPENDENT_SHAPE_REPRESENTATION(#10344,#10346);
#10344 = ( REPRESENTATION_RELATIONSHIP('','',#10299,#10) 
REPRESENTATION_RELATIONSHIP_WITH_TRANSFORMATION(#10345) 
SHAPE_REPRESENTATION_RELATIONSHIP() );
#10345 = ITEM_DEFINED_TRANSFORMATION('','',#11,#667);
#10346 = PRODUCT_DEFINITION_SHAPE('Placement','Placement of an item',
  #10347);
#10347 = NEXT_ASSEMBLY_USAGE_OCCURRENCE('142045','BALL_0162','',#5,
  #10294,$);
#10348 = PRODUCT_RELATED_PRODUCT_CATEGORY('part',$,(#10296));
#10349 = SHAPE_DEFINITION_REPRESENTATION(#10350,#10356);
#10350 = PRODUCT_DEFINITION_SHAPE('','',#10351);
#10351 = PRODUCT_DEFINITION('design','',#10352,#10355);
#10352 = PRODUCT_DEFINITION_FORMATION('','',#10353);
#10353 = PRODUCT('BALL_0163','BALL_0163','',(#10354));
#10354 = PRODUCT_CONTEXT('',#2,'mechanical');
#10355 = PRODUCT_DEFINITION_CONTEXT('part definition',#2,'design');
#10356 = ADVANCED_BREP_SHAPE_REPRESENTATION('',(#11,#10357),#10395);
#10357 = MANIFOLD_SOLID_BREP('',#10358);
#10358 = CLOSED_SHELL('',(#10359,#10386));
#10359 = ADVANCED_FACE('',(#10360),#10381,.T.);
#10360 = FACE_BOUND('',#10361,.T.);
#10361 = EDGE_LOOP('',(#10362,#10371,#10380));
#10362 = ORIENTED_EDGE('',*,*,#10363,.T.);
#10363 = EDGE_CURVE('',#10364,#10364,#10366,.T.);
#10364 = VERTEX_POINT('',#10365);
#10365 = CARTESIAN_POINT('',(-3.6,0.243199999999,-6.053399999999));
#10366 = CIRCLE('',#10367,0.121600000001);
#10367 = AXIS2_PLACEMENT_3D('',#10368,#10369,#10370);
#10368 = CARTESIAN_POINT('',(-3.6,0.243199999999,-6.175));
#10369 = DIRECTION('',(-5.551115123126E-17,-1.,0.));
#10370 = DIRECTION('',(6.108492277512E-29,-3.390894386119E-45,1.));
#10371 = ORIENTED_EDGE('',*,*,#10372,.T.);
#10372 = EDGE_CURVE('',#10364,#10373,#10375,.T.);
#10373 = VERTEX_POINT('',#10374);
#10374 = CARTESIAN_POINT('',(-3.6,1.334880397544E-13,-6.175));
#10375 = CIRCLE('',#10376,0.152);
#10376 = AXIS2_PLACEMENT_3D('',#10377,#10378,#10379);
#10377 = CARTESIAN_POINT('',(-3.6,0.152,-6.175));
#10378 = DIRECTION('',(1.,-1.110223024625E-16,-5.551115123126E-17));
#10379 = DIRECTION('',(1.110223024625E-16,1.,5.551115123126E-17));
#10380 = ORIENTED_EDGE('',*,*,#10372,.F.);
#10381 = SPHERICAL_SURFACE('',#10382,0.152);
#10382 = AXIS2_PLACEMENT_3D('',#10383,#10384,#10385);
#10383 = CARTESIAN_POINT('',(-3.6,0.152,-6.175));
#10384 = DIRECTION('',(-5.551115123126E-17,-1.,-0.));
#10385 = DIRECTION('',(5.463066675185E-29,-3.032611203926E-45,1.));
#10386 = ADVANCED_FACE('',(#10387),#10390,.F.);
#10387 = FACE_BOUND('',#10388,.F.);
#10388 = EDGE_LOOP('',(#10389));
#10389 = ORIENTED_EDGE('',*,*,#10363,.T.);
#10390 = PLANE('',#10391);
#10391 = AXIS2_PLACEMENT_3D('',#10392,#10393,#10394);
#10392 = CARTESIAN_POINT('',(-3.6,0.2432,-6.175));
#10393 = DIRECTION('',(-5.551115123126E-17,-1.,-0.));
#10394 = DIRECTION('',(6.10849227756E-29,-3.390894386146E-45,1.));
#10395 = ( GEOMETRIC_REPRESENTATION_CONTEXT(3) 
GLOBAL_UNCERTAINTY_ASSIGNED_CONTEXT((#10399)) 
GLOBAL_UNIT_ASSIGNED_CONTEXT((#10396,#10397,#10398)) 
REPRESENTATION_CONTEXT('Context #1',
  '3D Context with UNIT and UNCERTAINTY') );
#10396 = ( LENGTH_UNIT() NAMED_UNIT(*) SI_UNIT(.MILLI.,.METRE.) );
#10397 = ( NAMED_UNIT(*) PLANE_ANGLE_UNIT() SI_UNIT($,.RADIAN.) );
#10398 = ( NAMED_UNIT(*) SI_UNIT($,.STERADIAN.) SOLID_ANGLE_UNIT() );
#10399 = UNCERTAINTY_MEASURE_WITH_UNIT(LENGTH_MEASURE(1.E-07),#10396,
  'distance_accuracy_value','confusion accuracy');
#10400 = CONTEXT_DEPENDENT_SHAPE_REPRESENTATION(#10401,#10403);
#10401 = ( REPRESENTATION_RELATIONSHIP('','',#10356,#10) 
REPRESENTATION_RELATIONSHIP_WITH_TRANSFORMATION(#10402) 
SHAPE_REPRESENTATION_RELATIONSHIP() );
#10402 = ITEM_DEFINED_TRANSFORMATION('','',#11,#671);
#10403 = PRODUCT_DEFINITION_SHAPE('Placement','Placement of an item',
  #10404);
#10404 = NEXT_ASSEMBLY_USAGE_OCCURRENCE('142046','BALL_0163','',#5,
  #10351,$);
#10405 = PRODUCT_RELATED_PRODUCT_CATEGORY('part',$,(#10353));
#10406 = SHAPE_DEFINITION_REPRESENTATION(#10407,#10413);
#10407 = PRODUCT_DEFINITION_SHAPE('','',#10408);
#10408 = PRODUCT_DEFINITION('design','',#10409,#10412);
#10409 = PRODUCT_DEFINITION_FORMATION('','',#10410);
#10410 = PRODUCT('BALL_0164','BALL_0164','',(#10411));
#10411 = PRODUCT_CONTEXT('',#2,'mechanical');
#10412 = PRODUCT_DEFINITION_CONTEXT('part definition',#2,'design');
#10413 = ADVANCED_BREP_SHAPE_REPRESENTATION('',(#11,#10414),#10452);
#10414 = MANIFOLD_SOLID_BREP('',#10415);
#10415 = CLOSED_SHELL('',(#10416,#10443));
#10416 = ADVANCED_FACE('',(#10417),#10438,.T.);
#10417 = FACE_BOUND('',#10418,.T.);
#10418 = EDGE_LOOP('',(#10419,#10428,#10437));
#10419 = ORIENTED_EDGE('',*,*,#10420,.T.);
#10420 = EDGE_CURVE('',#10421,#10421,#10423,.T.);
#10421 = VERTEX_POINT('',#10422);
#10422 = CARTESIAN_POINT('',(-3.6,0.243199999999,-6.053399999999));
#10423 = CIRCLE('',#10424,0.121600000001);
#10424 = AXIS2_PLACEMENT_3D('',#10425,#10426,#10427);
#10425 = CARTESIAN_POINT('',(-3.6,0.243199999999,-6.175));
#10426 = DIRECTION('',(-5.551115123126E-17,-1.,0.));
#10427 = DIRECTION('',(6.108492277512E-29,-3.390894386119E-45,1.));
#10428 = ORIENTED_EDGE('',*,*,#10429,.T.);
#10429 = EDGE_CURVE('',#10421,#10430,#10432,.T.);
#10430 = VERTEX_POINT('',#10431);
#10431 = CARTESIAN_POINT('',(-3.6,1.334880397544E-13,-6.175));
#10432 = CIRCLE('',#10433,0.152);
#10433 = AXIS2_PLACEMENT_3D('',#10434,#10435,#10436);
#10434 = CARTESIAN_POINT('',(-3.6,0.152,-6.175));
#10435 = DIRECTION('',(1.,-1.110223024625E-16,-5.551115123126E-17));
#10436 = DIRECTION('',(1.110223024625E-16,1.,5.551115123126E-17));
#10437 = ORIENTED_EDGE('',*,*,#10429,.F.);
#10438 = SPHERICAL_SURFACE('',#10439,0.152);
#10439 = AXIS2_PLACEMENT_3D('',#10440,#10441,#10442);
#10440 = CARTESIAN_POINT('',(-3.6,0.152,-6.175));
#10441 = DIRECTION('',(-5.551115123126E-17,-1.,-0.));
#10442 = DIRECTION('',(5.463066675185E-29,-3.032611203926E-45,1.));
#10443 = ADVANCED_FACE('',(#10444),#10447,.F.);
#10444 = FACE_BOUND('',#10445,.F.);
#10445 = EDGE_LOOP('',(#10446));
#10446 = ORIENTED_EDGE('',*,*,#10420,.T.);
#10447 = PLANE('',#10448);
#10448 = AXIS2_PLACEMENT_3D('',#10449,#10450,#10451);
#10449 = CARTESIAN_POINT('',(-3.6,0.2432,-6.175));
#10450 = DIRECTION('',(-5.551115123126E-17,-1.,-0.));
#10451 = DIRECTION('',(6.10849227756E-29,-3.390894386146E-45,1.));
#10452 = ( GEOMETRIC_REPRESENTATION_CONTEXT(3) 
GLOBAL_UNCERTAINTY_ASSIGNED_CONTEXT((#10456)) 
GLOBAL_UNIT_ASSIGNED_CONTEXT((#10453,#10454,#10455)) 
REPRESENTATION_CONTEXT('Context #1',
  '3D Context with UNIT and UNCERTAINTY') );
#10453 = ( LENGTH_UNIT() NAMED_UNIT(*) SI_UNIT(.MILLI.,.METRE.) );
#10454 = ( NAMED_UNIT(*) PLANE_ANGLE_UNIT() SI_UNIT($,.RADIAN.) );
#10455 = ( NAMED_UNIT(*) SI_UNIT($,.STERADIAN.) SOLID_ANGLE_UNIT() );
#10456 = UNCERTAINTY_MEASURE_WITH_UNIT(LENGTH_MEASURE(1.E-07),#10453,
  'distance_accuracy_value','confusion accuracy');
#10457 = CONTEXT_DEPENDENT_SHAPE_REPRESENTATION(#10458,#10460);
#10458 = ( REPRESENTATION_RELATIONSHIP('','',#10413,#10) 
REPRESENTATION_RELATIONSHIP_WITH_TRANSFORMATION(#10459) 
SHAPE_REPRESENTATION_RELATIONSHIP() );
#10459 = ITEM_DEFINED_TRANSFORMATION('','',#11,#675);
#10460 = PRODUCT_DEFINITION_SHAPE('Placement','Placement of an item',
  #10461);
#10461 = NEXT_ASSEMBLY_USAGE_OCCURRENCE('142047','BALL_0164','',#5,
  #10408,$);
#10462 = PRODUCT_RELATED_PRODUCT_CATEGORY('part',$,(#10410));
#10463 = SHAPE_DEFINITION_REPRESENTATION(#10464,#10470);
#10464 = PRODUCT_DEFINITION_SHAPE('','',#10465);
#10465 = PRODUCT_DEFINITION('design','',#10466,#10469);
#10466 = PRODUCT_DEFINITION_FORMATION('','',#10467);
#10467 = PRODUCT('BALL_0165','BALL_0165','',(#10468));
#10468 = PRODUCT_CONTEXT('',#2,'mechanical');
#10469 = PRODUCT_DEFINITION_CONTEXT('part definition',#2,'design');
#10470 = ADVANCED_BREP_SHAPE_REPRESENTATION('',(#11,#10471),#10509);
#10471 = MANIFOLD_SOLID_BREP('',#10472);
#10472 = CLOSED_SHELL('',(#10473,#10500));
#10473 = ADVANCED_FACE('',(#10474),#10495,.T.);
#10474 = FACE_BOUND('',#10475,.T.);
#10475 = EDGE_LOOP('',(#10476,#10485,#10494));
#10476 = ORIENTED_EDGE('',*,*,#10477,.T.);
#10477 = EDGE_CURVE('',#10478,#10478,#10480,.T.);
#10478 = VERTEX_POINT('',#10479);
#10479 = CARTESIAN_POINT('',(-3.6,0.243199999999,-6.053399999999));
#10480 = CIRCLE('',#10481,0.121600000001);
#10481 = AXIS2_PLACEMENT_3D('',#10482,#10483,#10484);
#10482 = CARTESIAN_POINT('',(-3.6,0.243199999999,-6.175));
#10483 = DIRECTION('',(-5.551115123126E-17,-1.,0.));
#10484 = DIRECTION('',(6.108492277512E-29,-3.390894386119E-45,1.));
#10485 = ORIENTED_EDGE('',*,*,#10486,.T.);
#10486 = EDGE_CURVE('',#10478,#10487,#10489,.T.);
#10487 = VERTEX_POINT('',#10488);
#10488 = CARTESIAN_POINT('',(-3.6,1.334880397544E-13,-6.175));
#10489 = CIRCLE('',#10490,0.152);
#10490 = AXIS2_PLACEMENT_3D('',#10491,#10492,#10493);
#10491 = CARTESIAN_POINT('',(-3.6,0.152,-6.175));
#10492 = DIRECTION('',(1.,-1.110223024625E-16,-5.551115123126E-17));
#10493 = DIRECTION('',(1.110223024625E-16,1.,5.551115123126E-17));
#10494 = ORIENTED_EDGE('',*,*,#10486,.F.);
#10495 = SPHERICAL_SURFACE('',#10496,0.152);
#10496 = AXIS2_PLACEMENT_3D('',#10497,#10498,#10499);
#10497 = CARTESIAN_POINT('',(-3.6,0.152,-6.175));
#10498 = DIRECTION('',(-5.551115123126E-17,-1.,-0.));
#10499 = DIRECTION('',(5.463066675185E-29,-3.032611203926E-45,1.));
#10500 = ADVANCED_FACE('',(#10501),#10504,.F.);
#10501 = FACE_BOUND('',#10502,.F.);
#10502 = EDGE_LOOP('',(#10503));
#10503 = ORIENTED_EDGE('',*,*,#10477,.T.);
#10504 = PLANE('',#10505);
#10505 = AXIS2_PLACEMENT_3D('',#10506,#10507,#10508);
#10506 = CARTESIAN_POINT('',(-3.6,0.2432,-6.175));
#10507 = DIRECTION('',(-5.551115123126E-17,-1.,-0.));
#10508 = DIRECTION('',(6.10849227756E-29,-3.390894386146E-45,1.));
#10509 = ( GEOMETRIC_REPRESENTATION_CONTEXT(3) 
GLOBAL_UNCERTAINTY_ASSIGNED_CONTEXT((#10513)) 
GLOBAL_UNIT_ASSIGNED_CONTEXT((#10510,#10511,#10512)) 
REPRESENTATION_CONTEXT('Context #1',
  '3D Context with UNIT and UNCERTAINTY') );
#10510 = ( LENGTH_UNIT() NAMED_UNIT(*) SI_UNIT(.MILLI.,.METRE.) );
#10511 = ( NAMED_UNIT(*) PLANE_ANGLE_UNIT() SI_UNIT($,.RADIAN.) );
#10512 = ( NAMED_UNIT(*) SI_UNIT($,.STERADIAN.) SOLID_ANGLE_UNIT() );
#10513 = UNCERTAINTY_MEASURE_WITH_UNIT(LENGTH_MEASURE(1.E-07),#10510,
  'distance_accuracy_value','confusion accuracy');
#10514 = CONTEXT_DEPENDENT_SHAPE_REPRESENTATION(#10515,#10517);
#10515 = ( REPRESENTATION_RELATIONSHIP('','',#10470,#10) 
REPRESENTATION_RELATIONSHIP_WITH_TRANSFORMATION(#10516) 
SHAPE_REPRESENTATION_RELATIONSHIP() );
#10516 = ITEM_DEFINED_TRANSFORMATION('','',#11,#679);
#10517 = PRODUCT_DEFINITION_SHAPE('Placement','Placement of an item',
  #10518);
#10518 = NEXT_ASSEMBLY_USAGE_OCCURRENCE('142048','BALL_0165','',#5,
  #10465,$);
#10519 = PRODUCT_RELATED_PRODUCT_CATEGORY('part',$,(#10467));
#10520 = SHAPE_DEFINITION_REPRESENTATION(#10521,#10527);
#10521 = PRODUCT_DEFINITION_SHAPE('','',#10522);
#10522 = PRODUCT_DEFINITION('design','',#10523,#10526);
#10523 = PRODUCT_DEFINITION_FORMATION('','',#10524);
#10524 = PRODUCT('BALL_0166','BALL_0166','',(#10525));
#10525 = PRODUCT_CONTEXT('',#2,'mechanical');
#10526 = PRODUCT_DEFINITION_CONTEXT('part definition',#2,'design');
#10527 = ADVANCED_BREP_SHAPE_REPRESENTATION('',(#11,#10528),#10566);
#10528 = MANIFOLD_SOLID_BREP('',#10529);
#10529 = CLOSED_SHELL('',(#10530,#10557));
#10530 = ADVANCED_FACE('',(#10531),#10552,.T.);
#10531 = FACE_BOUND('',#10532,.T.);
#10532 = EDGE_LOOP('',(#10533,#10542,#10551));
#10533 = ORIENTED_EDGE('',*,*,#10534,.T.);
#10534 = EDGE_CURVE('',#10535,#10535,#10537,.T.);
#10535 = VERTEX_POINT('',#10536);
#10536 = CARTESIAN_POINT('',(-3.6,0.243199999999,-6.053399999999));
#10537 = CIRCLE('',#10538,0.121600000001);
#10538 = AXIS2_PLACEMENT_3D('',#10539,#10540,#10541);
#10539 = CARTESIAN_POINT('',(-3.6,0.243199999999,-6.175));
#10540 = DIRECTION('',(-5.551115123126E-17,-1.,0.));
#10541 = DIRECTION('',(6.108492277512E-29,-3.390894386119E-45,1.));
#10542 = ORIENTED_EDGE('',*,*,#10543,.T.);
#10543 = EDGE_CURVE('',#10535,#10544,#10546,.T.);
#10544 = VERTEX_POINT('',#10545);
#10545 = CARTESIAN_POINT('',(-3.6,1.334880397544E-13,-6.175));
#10546 = CIRCLE('',#10547,0.152);
#10547 = AXIS2_PLACEMENT_3D('',#10548,#10549,#10550);
#10548 = CARTESIAN_POINT('',(-3.6,0.152,-6.175));
#10549 = DIRECTION('',(1.,-1.110223024625E-16,-5.551115123126E-17));
#10550 = DIRECTION('',(1.110223024625E-16,1.,5.551115123126E-17));
#10551 = ORIENTED_EDGE('',*,*,#10543,.F.);
#10552 = SPHERICAL_SURFACE('',#10553,0.152);
#10553 = AXIS2_PLACEMENT_3D('',#10554,#10555,#10556);
#10554 = CARTESIAN_POINT('',(-3.6,0.152,-6.175));
#10555 = DIRECTION('',(-5.551115123126E-17,-1.,-0.));
#10556 = DIRECTION('',(5.463066675185E-29,-3.032611203926E-45,1.));
#10557 = ADVANCED_FACE('',(#10558),#10561,.F.);
#10558 = FACE_BOUND('',#10559,.F.);
#10559 = EDGE_LOOP('',(#10560));
#10560 = ORIENTED_EDGE('',*,*,#10534,.T.);
#10561 = PLANE('',#10562);
#10562 = AXIS2_PLACEMENT_3D('',#10563,#10564,#10565);
#10563 = CARTESIAN_POINT('',(-3.6,0.2432,-6.175));
#10564 = DIRECTION('',(-5.551115123126E-17,-1.,-0.));
#10565 = DIRECTION('',(6.10849227756E-29,-3.390894386146E-45,1.));
#10566 = ( GEOMETRIC_REPRESENTATION_CONTEXT(3) 
GLOBAL_UNCERTAINTY_ASSIGNED_CONTEXT((#10570)) 
GLOBAL_UNIT_ASSIGNED_CONTEXT((#10567,#10568,#10569)) 
REPRESENTATION_CONTEXT('Context #1',
  '3D Context with UNIT and UNCERTAINTY') );
#10567 = ( LENGTH_UNIT() NAMED_UNIT(*) SI_UNIT(.MILLI.,.METRE.) );
#10568 = ( NAMED_UNIT(*) PLANE_ANGLE_UNIT() SI_UNIT($,.RADIAN.) );
#10569 = ( NAMED_UNIT(*) SI_UNIT($,.STERADIAN.) SOLID_ANGLE_UNIT() );
#10570 = UNCERTAINTY_MEASURE_WITH_UNIT(LENGTH_MEASURE(1.E-07),#10567,
  'distance_accuracy_value','confusion accuracy');
#10571 = CONTEXT_DEPENDENT_SHAPE_REPRESENTATION(#10572,#10574);
#10572 = ( REPRESENTATION_RELATIONSHIP('','',#10527,#10) 
REPRESENTATION_RELATIONSHIP_WITH_TRANSFORMATION(#10573) 
SHAPE_REPRESENTATION_RELATIONSHIP() );
#10573 = ITEM_DEFINED_TRANSFORMATION('','',#11,#683);
#10574 = PRODUCT_DEFINITION_SHAPE('Placement','Placement of an item',
  #10575);
#10575 = NEXT_ASSEMBLY_USAGE_OCCURRENCE('142049','BALL_0166','',#5,
  #10522,$);
#10576 = PRODUCT_RELATED_PRODUCT_CATEGORY('part',$,(#10524));
#10577 = SHAPE_DEFINITION_REPRESENTATION(#10578,#10584);
#10578 = PRODUCT_DEFINITION_SHAPE('','',#10579);
#10579 = PRODUCT_DEFINITION('design','',#10580,#10583);
#10580 = PRODUCT_DEFINITION_FORMATION('','',#10581);
#10581 = PRODUCT('BALL_0167','BALL_0167','',(#10582));
#10582 = PRODUCT_CONTEXT('',#2,'mechanical');
#10583 = PRODUCT_DEFINITION_CONTEXT('part definition',#2,'design');
#10584 = ADVANCED_BREP_SHAPE_REPRESENTATION('',(#11,#10585),#10623);
#10585 = MANIFOLD_SOLID_BREP('',#10586);
#10586 = CLOSED_SHELL('',(#10587,#10614));
#10587 = ADVANCED_FACE('',(#10588),#10609,.T.);
#10588 = FACE_BOUND('',#10589,.T.);
#10589 = EDGE_LOOP('',(#10590,#10599,#10608));
#10590 = ORIENTED_EDGE('',*,*,#10591,.T.);
#10591 = EDGE_CURVE('',#10592,#10592,#10594,.T.);
#10592 = VERTEX_POINT('',#10593);
#10593 = CARTESIAN_POINT('',(-3.6,0.243199999999,-6.053399999999));
#10594 = CIRCLE('',#10595,0.121600000001);
#10595 = AXIS2_PLACEMENT_3D('',#10596,#10597,#10598);
#10596 = CARTESIAN_POINT('',(-3.6,0.243199999999,-6.175));
#10597 = DIRECTION('',(-5.551115123126E-17,-1.,0.));
#10598 = DIRECTION('',(6.108492277512E-29,-3.390894386119E-45,1.));
#10599 = ORIENTED_EDGE('',*,*,#10600,.T.);
#10600 = EDGE_CURVE('',#10592,#10601,#10603,.T.);
#10601 = VERTEX_POINT('',#10602);
#10602 = CARTESIAN_POINT('',(-3.6,1.334880397544E-13,-6.175));
#10603 = CIRCLE('',#10604,0.152);
#10604 = AXIS2_PLACEMENT_3D('',#10605,#10606,#10607);
#10605 = CARTESIAN_POINT('',(-3.6,0.152,-6.175));
#10606 = DIRECTION('',(1.,-1.110223024625E-16,-5.551115123126E-17));
#10607 = DIRECTION('',(1.110223024625E-16,1.,5.551115123126E-17));
#10608 = ORIENTED_EDGE('',*,*,#10600,.F.);
#10609 = SPHERICAL_SURFACE('',#10610,0.152);
#10610 = AXIS2_PLACEMENT_3D('',#10611,#10612,#10613);
#10611 = CARTESIAN_POINT('',(-3.6,0.152,-6.175));
#10612 = DIRECTION('',(-5.551115123126E-17,-1.,-0.));
#10613 = DIRECTION('',(5.463066675185E-29,-3.032611203926E-45,1.));
#10614 = ADVANCED_FACE('',(#10615),#10618,.F.);
#10615 = FACE_BOUND('',#10616,.F.);
#10616 = EDGE_LOOP('',(#10617));
#10617 = ORIENTED_EDGE('',*,*,#10591,.T.);
#10618 = PLANE('',#10619);
#10619 = AXIS2_PLACEMENT_3D('',#10620,#10621,#10622);
#10620 = CARTESIAN_POINT('',(-3.6,0.2432,-6.175));
#10621 = DIRECTION('',(-5.551115123126E-17,-1.,-0.));
#10622 = DIRECTION('',(6.10849227756E-29,-3.390894386146E-45,1.));
#10623 = ( GEOMETRIC_REPRESENTATION_CONTEXT(3) 
GLOBAL_UNCERTAINTY_ASSIGNED_CONTEXT((#10627)) 
GLOBAL_UNIT_ASSIGNED_CONTEXT((#10624,#10625,#10626)) 
REPRESENTATION_CONTEXT('Context #1',
  '3D Context with UNIT and UNCERTAINTY') );
#10624 = ( LENGTH_UNIT() NAMED_UNIT(*) SI_UNIT(.MILLI.,.METRE.) );
#10625 = ( NAMED_UNIT(*) PLANE_ANGLE_UNIT() SI_UNIT($,.RADIAN.) );
#10626 = ( NAMED_UNIT(*) SI_UNIT($,.STERADIAN.) SOLID_ANGLE_UNIT() );
#10627 = UNCERTAINTY_MEASURE_WITH_UNIT(LENGTH_MEASURE(1.E-07),#10624,
  'distance_accuracy_value','confusion accuracy');
#10628 = CONTEXT_DEPENDENT_SHAPE_REPRESENTATION(#10629,#10631);
#10629 = ( REPRESENTATION_RELATIONSHIP('','',#10584,#10) 
REPRESENTATION_RELATIONSHIP_WITH_TRANSFORMATION(#10630) 
SHAPE_REPRESENTATION_RELATIONSHIP() );
#10630 = ITEM_DEFINED_TRANSFORMATION('','',#11,#687);
#10631 = PRODUCT_DEFINITION_SHAPE('Placement','Placement of an item',
  #10632);
#10632 = NEXT_ASSEMBLY_USAGE_OCCURRENCE('142050','BALL_0167','',#5,
  #10579,$);
#10633 = PRODUCT_RELATED_PRODUCT_CATEGORY('part',$,(#10581));
#10634 = SHAPE_DEFINITION_REPRESENTATION(#10635,#10641);
#10635 = PRODUCT_DEFINITION_SHAPE('','',#10636);
#10636 = PRODUCT_DEFINITION('design','',#10637,#10640);
#10637 = PRODUCT_DEFINITION_FORMATION('','',#10638);
#10638 = PRODUCT('BALL_0168','BALL_0168','',(#10639));
#10639 = PRODUCT_CONTEXT('',#2,'mechanical');
#10640 = PRODUCT_DEFINITION_CONTEXT('part definition',#2,'design');
#10641 = ADVANCED_BREP_SHAPE_REPRESENTATION('',(#11,#10642),#10680);
#10642 = MANIFOLD_SOLID_BREP('',#10643);
#10643 = CLOSED_SHELL('',(#10644,#10671));
#10644 = ADVANCED_FACE('',(#10645),#10666,.T.);
#10645 = FACE_BOUND('',#10646,.T.);
#10646 = EDGE_LOOP('',(#10647,#10656,#10665));
#10647 = ORIENTED_EDGE('',*,*,#10648,.T.);
#10648 = EDGE_CURVE('',#10649,#10649,#10651,.T.);
#10649 = VERTEX_POINT('',#10650);
#10650 = CARTESIAN_POINT('',(-3.6,0.243199999999,-6.053399999999));
#10651 = CIRCLE('',#10652,0.121600000001);
#10652 = AXIS2_PLACEMENT_3D('',#10653,#10654,#10655);
#10653 = CARTESIAN_POINT('',(-3.6,0.243199999999,-6.175));
#10654 = DIRECTION('',(-5.551115123126E-17,-1.,0.));
#10655 = DIRECTION('',(6.108492277512E-29,-3.390894386119E-45,1.));
#10656 = ORIENTED_EDGE('',*,*,#10657,.T.);
#10657 = EDGE_CURVE('',#10649,#10658,#10660,.T.);
#10658 = VERTEX_POINT('',#10659);
#10659 = CARTESIAN_POINT('',(-3.6,1.334880397544E-13,-6.175));
#10660 = CIRCLE('',#10661,0.152);
#10661 = AXIS2_PLACEMENT_3D('',#10662,#10663,#10664);
#10662 = CARTESIAN_POINT('',(-3.6,0.152,-6.175));
#10663 = DIRECTION('',(1.,-1.110223024625E-16,-5.551115123126E-17));
#10664 = DIRECTION('',(1.110223024625E-16,1.,5.551115123126E-17));
#10665 = ORIENTED_EDGE('',*,*,#10657,.F.);
#10666 = SPHERICAL_SURFACE('',#10667,0.152);
#10667 = AXIS2_PLACEMENT_3D('',#10668,#10669,#10670);
#10668 = CARTESIAN_POINT('',(-3.6,0.152,-6.175));
#10669 = DIRECTION('',(-5.551115123126E-17,-1.,-0.));
#10670 = DIRECTION('',(5.463066675185E-29,-3.032611203926E-45,1.));
#10671 = ADVANCED_FACE('',(#10672),#10675,.F.);
#10672 = FACE_BOUND('',#10673,.F.);
#10673 = EDGE_LOOP('',(#10674));
#10674 = ORIENTED_EDGE('',*,*,#10648,.T.);
#10675 = PLANE('',#10676);
#10676 = AXIS2_PLACEMENT_3D('',#10677,#10678,#10679);
#10677 = CARTESIAN_POINT('',(-3.6,0.2432,-6.175));
#10678 = DIRECTION('',(-5.551115123126E-17,-1.,-0.));
#10679 = DIRECTION('',(6.10849227756E-29,-3.390894386146E-45,1.));
#10680 = ( GEOMETRIC_REPRESENTATION_CONTEXT(3) 
GLOBAL_UNCERTAINTY_ASSIGNED_CONTEXT((#10684)) 
GLOBAL_UNIT_ASSIGNED_CONTEXT((#10681,#10682,#10683)) 
REPRESENTATION_CONTEXT('Context #1',
  '3D Context with UNIT and UNCERTAINTY') );
#10681 = ( LENGTH_UNIT() NAMED_UNIT(*) SI_UNIT(.MILLI.,.METRE.) );
#10682 = ( NAMED_UNIT(*) PLANE_ANGLE_UNIT() SI_UNIT($,.RADIAN.) );
#10683 = ( NAMED_UNIT(*) SI_UNIT($,.STERADIAN.) SOLID_ANGLE_UNIT() );
#10684 = UNCERTAINTY_MEASURE_WITH_UNIT(LENGTH_MEASURE(1.E-07),#10681,
  'distance_accuracy_value','confusion accuracy');
#10685 = CONTEXT_DEPENDENT_SHAPE_REPRESENTATION(#10686,#10688);
#10686 = ( REPRESENTATION_RELATIONSHIP('','',#10641,#10) 
REPRESENTATION_RELATIONSHIP_WITH_TRANSFORMATION(#10687) 
SHAPE_REPRESENTATION_RELATIONSHIP() );
#10687 = ITEM_DEFINED_TRANSFORMATION('','',#11,#691);
#10688 = PRODUCT_DEFINITION_SHAPE('Placement','Placement of an item',
  #10689);
#10689 = NEXT_ASSEMBLY_USAGE_OCCURRENCE('142051','BALL_0168','',#5,
  #10636,$);
#10690 = PRODUCT_RELATED_PRODUCT_CATEGORY('part',$,(#10638));
#10691 = SHAPE_DEFINITION_REPRESENTATION(#10692,#10698);
#10692 = PRODUCT_DEFINITION_SHAPE('','',#10693);
#10693 = PRODUCT_DEFINITION('design','',#10694,#10697);
#10694 = PRODUCT_DEFINITION_FORMATION('','',#10695);
#10695 = PRODUCT('BALL_0169','BALL_0169','',(#10696));
#10696 = PRODUCT_CONTEXT('',#2,'mechanical');
#10697 = PRODUCT_DEFINITION_CONTEXT('part definition',#2,'design');
#10698 = ADVANCED_BREP_SHAPE_REPRESENTATION('',(#11,#10699),#10737);
#10699 = MANIFOLD_SOLID_BREP('',#10700);
#10700 = CLOSED_SHELL('',(#10701,#10728));
#10701 = ADVANCED_FACE('',(#10702),#10723,.T.);
#10702 = FACE_BOUND('',#10703,.T.);
#10703 = EDGE_LOOP('',(#10704,#10713,#10722));
#10704 = ORIENTED_EDGE('',*,*,#10705,.T.);
#10705 = EDGE_CURVE('',#10706,#10706,#10708,.T.);
#10706 = VERTEX_POINT('',#10707);
#10707 = CARTESIAN_POINT('',(-3.6,0.243199999999,-6.053399999999));
#10708 = CIRCLE('',#10709,0.121600000001);
#10709 = AXIS2_PLACEMENT_3D('',#10710,#10711,#10712);
#10710 = CARTESIAN_POINT('',(-3.6,0.243199999999,-6.175));
#10711 = DIRECTION('',(-5.551115123126E-17,-1.,0.));
#10712 = DIRECTION('',(6.108492277512E-29,-3.390894386119E-45,1.));
#10713 = ORIENTED_EDGE('',*,*,#10714,.T.);
#10714 = EDGE_CURVE('',#10706,#10715,#10717,.T.);
#10715 = VERTEX_POINT('',#10716);
#10716 = CARTESIAN_POINT('',(-3.6,1.334880397544E-13,-6.175));
#10717 = CIRCLE('',#10718,0.152);
#10718 = AXIS2_PLACEMENT_3D('',#10719,#10720,#10721);
#10719 = CARTESIAN_POINT('',(-3.6,0.152,-6.175));
#10720 = DIRECTION('',(1.,-1.110223024625E-16,-5.551115123126E-17));
#10721 = DIRECTION('',(1.110223024625E-16,1.,5.551115123126E-17));
#10722 = ORIENTED_EDGE('',*,*,#10714,.F.);
#10723 = SPHERICAL_SURFACE('',#10724,0.152);
#10724 = AXIS2_PLACEMENT_3D('',#10725,#10726,#10727);
#10725 = CARTESIAN_POINT('',(-3.6,0.152,-6.175));
#10726 = DIRECTION('',(-5.551115123126E-17,-1.,-0.));
#10727 = DIRECTION('',(5.463066675185E-29,-3.032611203926E-45,1.));
#10728 = ADVANCED_FACE('',(#10729),#10732,.F.);
#10729 = FACE_BOUND('',#10730,.F.);
#10730 = EDGE_LOOP('',(#10731));
#10731 = ORIENTED_EDGE('',*,*,#10705,.T.);
#10732 = PLANE('',#10733);
#10733 = AXIS2_PLACEMENT_3D('',#10734,#10735,#10736);
#10734 = CARTESIAN_POINT('',(-3.6,0.2432,-6.175));
#10735 = DIRECTION('',(-5.551115123126E-17,-1.,-0.));
#10736 = DIRECTION('',(6.10849227756E-29,-3.390894386146E-45,1.));
#10737 = ( GEOMETRIC_REPRESENTATION_CONTEXT(3) 
GLOBAL_UNCERTAINTY_ASSIGNED_CONTEXT((#10741)) 
GLOBAL_UNIT_ASSIGNED_CONTEXT((#10738,#10739,#10740)) 
REPRESENTATION_CONTEXT('Context #1',
  '3D Context with UNIT and UNCERTAINTY') );
#10738 = ( LENGTH_UNIT() NAMED_UNIT(*) SI_UNIT(.MILLI.,.METRE.) );
#10739 = ( NAMED_UNIT(*) PLANE_ANGLE_UNIT() SI_UNIT($,.RADIAN.) );
#10740 = ( NAMED_UNIT(*) SI_UNIT($,.STERADIAN.) SOLID_ANGLE_UNIT() );
#10741 = UNCERTAINTY_MEASURE_WITH_UNIT(LENGTH_MEASURE(1.E-07),#10738,
  'distance_accuracy_value','confusion accuracy');
#10742 = CONTEXT_DEPENDENT_SHAPE_REPRESENTATION(#10743,#10745);
#10743 = ( REPRESENTATION_RELATIONSHIP('','',#10698,#10) 
REPRESENTATION_RELATIONSHIP_WITH_TRANSFORMATION(#10744) 
SHAPE_REPRESENTATION_RELATIONSHIP() );
#10744 = ITEM_DEFINED_TRANSFORMATION('','',#11,#695);
#10745 = PRODUCT_DEFINITION_SHAPE('Placement','Placement of an item',
  #10746);
#10746 = NEXT_ASSEMBLY_USAGE_OCCURRENCE('142052','BALL_0169','',#5,
  #10693,$);
#10747 = PRODUCT_RELATED_PRODUCT_CATEGORY('part',$,(#10695));
#10748 = SHAPE_DEFINITION_REPRESENTATION(#10749,#10755);
#10749 = PRODUCT_DEFINITION_SHAPE('','',#10750);
#10750 = PRODUCT_DEFINITION('design','',#10751,#10754);
#10751 = PRODUCT_DEFINITION_FORMATION('','',#10752);
#10752 = PRODUCT('BALL_0170','BALL_0170','',(#10753));
#10753 = PRODUCT_CONTEXT('',#2,'mechanical');
#10754 = PRODUCT_DEFINITION_CONTEXT('part definition',#2,'design');
#10755 = ADVANCED_BREP_SHAPE_REPRESENTATION('',(#11,#10756),#10794);
#10756 = MANIFOLD_SOLID_BREP('',#10757);
#10757 = CLOSED_SHELL('',(#10758,#10785));
#10758 = ADVANCED_FACE('',(#10759),#10780,.T.);
#10759 = FACE_BOUND('',#10760,.T.);
#10760 = EDGE_LOOP('',(#10761,#10770,#10779));
#10761 = ORIENTED_EDGE('',*,*,#10762,.T.);
#10762 = EDGE_CURVE('',#10763,#10763,#10765,.T.);
#10763 = VERTEX_POINT('',#10764);
#10764 = CARTESIAN_POINT('',(-3.6,0.243199999999,-6.053399999999));
#10765 = CIRCLE('',#10766,0.121600000001);
#10766 = AXIS2_PLACEMENT_3D('',#10767,#10768,#10769);
#10767 = CARTESIAN_POINT('',(-3.6,0.243199999999,-6.175));
#10768 = DIRECTION('',(-5.551115123126E-17,-1.,0.));
#10769 = DIRECTION('',(6.108492277512E-29,-3.390894386119E-45,1.));
#10770 = ORIENTED_EDGE('',*,*,#10771,.T.);
#10771 = EDGE_CURVE('',#10763,#10772,#10774,.T.);
#10772 = VERTEX_POINT('',#10773);
#10773 = CARTESIAN_POINT('',(-3.6,1.334880397544E-13,-6.175));
#10774 = CIRCLE('',#10775,0.152);
#10775 = AXIS2_PLACEMENT_3D('',#10776,#10777,#10778);
#10776 = CARTESIAN_POINT('',(-3.6,0.152,-6.175));
#10777 = DIRECTION('',(1.,-1.110223024625E-16,-5.551115123126E-17));
#10778 = DIRECTION('',(1.110223024625E-16,1.,5.551115123126E-17));
#10779 = ORIENTED_EDGE('',*,*,#10771,.F.);
#10780 = SPHERICAL_SURFACE('',#10781,0.152);
#10781 = AXIS2_PLACEMENT_3D('',#10782,#10783,#10784);
#10782 = CARTESIAN_POINT('',(-3.6,0.152,-6.175));
#10783 = DIRECTION('',(-5.551115123126E-17,-1.,-0.));
#10784 = DIRECTION('',(5.463066675185E-29,-3.032611203926E-45,1.));
#10785 = ADVANCED_FACE('',(#10786),#10789,.F.);
#10786 = FACE_BOUND('',#10787,.F.);
#10787 = EDGE_LOOP('',(#10788));
#10788 = ORIENTED_EDGE('',*,*,#10762,.T.);
#10789 = PLANE('',#10790);
#10790 = AXIS2_PLACEMENT_3D('',#10791,#10792,#10793);
#10791 = CARTESIAN_POINT('',(-3.6,0.2432,-6.175));
#10792 = DIRECTION('',(-5.551115123126E-17,-1.,-0.));
#10793 = DIRECTION('',(6.10849227756E-29,-3.390894386146E-45,1.));
#10794 = ( GEOMETRIC_REPRESENTATION_CONTEXT(3) 
GLOBAL_UNCERTAINTY_ASSIGNED_CONTEXT((#10798)) 
GLOBAL_UNIT_ASSIGNED_CONTEXT((#10795,#10796,#10797)) 
REPRESENTATION_CONTEXT('Context #1',
  '3D Context with UNIT and UNCERTAINTY') );
#10795 = ( LENGTH_UNIT() NAMED_UNIT(*) SI_UNIT(.MILLI.,.METRE.) );
#10796 = ( NAMED_UNIT(*) PLANE_ANGLE_UNIT() SI_UNIT($,.RADIAN.) );
#10797 = ( NAMED_UNIT(*) SI_UNIT($,.STERADIAN.) SOLID_ANGLE_UNIT() );
#10798 = UNCERTAINTY_MEASURE_WITH_UNIT(LENGTH_MEASURE(1.E-07),#10795,
  'distance_accuracy_value','confusion accuracy');
#10799 = CONTEXT_DEPENDENT_SHAPE_REPRESENTATION(#10800,#10802);
#10800 = ( REPRESENTATION_RELATIONSHIP('','',#10755,#10) 
REPRESENTATION_RELATIONSHIP_WITH_TRANSFORMATION(#10801) 
SHAPE_REPRESENTATION_RELATIONSHIP() );
#10801 = ITEM_DEFINED_TRANSFORMATION('','',#11,#699);
#10802 = PRODUCT_DEFINITION_SHAPE('Placement','Placement of an item',
  #10803);
#10803 = NEXT_ASSEMBLY_USAGE_OCCURRENCE('142053','BALL_0170','',#5,
  #10750,$);
#10804 = PRODUCT_RELATED_PRODUCT_CATEGORY('part',$,(#10752));
#10805 = SHAPE_DEFINITION_REPRESENTATION(#10806,#10812);
#10806 = PRODUCT_DEFINITION_SHAPE('','',#10807);
#10807 = PRODUCT_DEFINITION('design','',#10808,#10811);
#10808 = PRODUCT_DEFINITION_FORMATION('','',#10809);
#10809 = PRODUCT('BALL_0171','BALL_0171','',(#10810));
#10810 = PRODUCT_CONTEXT('',#2,'mechanical');
#10811 = PRODUCT_DEFINITION_CONTEXT('part definition',#2,'design');
#10812 = ADVANCED_BREP_SHAPE_REPRESENTATION('',(#11,#10813),#10851);
#10813 = MANIFOLD_SOLID_BREP('',#10814);
#10814 = CLOSED_SHELL('',(#10815,#10842));
#10815 = ADVANCED_FACE('',(#10816),#10837,.T.);
#10816 = FACE_BOUND('',#10817,.T.);
#10817 = EDGE_LOOP('',(#10818,#10827,#10836));
#10818 = ORIENTED_EDGE('',*,*,#10819,.T.);
#10819 = EDGE_CURVE('',#10820,#10820,#10822,.T.);
#10820 = VERTEX_POINT('',#10821);
#10821 = CARTESIAN_POINT('',(-3.6,0.243199999999,-6.053399999999));
#10822 = CIRCLE('',#10823,0.121600000001);
#10823 = AXIS2_PLACEMENT_3D('',#10824,#10825,#10826);
#10824 = CARTESIAN_POINT('',(-3.6,0.243199999999,-6.175));
#10825 = DIRECTION('',(-5.551115123126E-17,-1.,0.));
#10826 = DIRECTION('',(6.108492277512E-29,-3.390894386119E-45,1.));
#10827 = ORIENTED_EDGE('',*,*,#10828,.T.);
#10828 = EDGE_CURVE('',#10820,#10829,#10831,.T.);
#10829 = VERTEX_POINT('',#10830);
#10830 = CARTESIAN_POINT('',(-3.6,1.334880397544E-13,-6.175));
#10831 = CIRCLE('',#10832,0.152);
#10832 = AXIS2_PLACEMENT_3D('',#10833,#10834,#10835);
#10833 = CARTESIAN_POINT('',(-3.6,0.152,-6.175));
#10834 = DIRECTION('',(1.,-1.110223024625E-16,-5.551115123126E-17));
#10835 = DIRECTION('',(1.110223024625E-16,1.,5.551115123126E-17));
#10836 = ORIENTED_EDGE('',*,*,#10828,.F.);
#10837 = SPHERICAL_SURFACE('',#10838,0.152);
#10838 = AXIS2_PLACEMENT_3D('',#10839,#10840,#10841);
#10839 = CARTESIAN_POINT('',(-3.6,0.152,-6.175));
#10840 = DIRECTION('',(-5.551115123126E-17,-1.,-0.));
#10841 = DIRECTION('',(5.463066675185E-29,-3.032611203926E-45,1.));
#10842 = ADVANCED_FACE('',(#10843),#10846,.F.);
#10843 = FACE_BOUND('',#10844,.F.);
#10844 = EDGE_LOOP('',(#10845));
#10845 = ORIENTED_EDGE('',*,*,#10819,.T.);
#10846 = PLANE('',#10847);
#10847 = AXIS2_PLACEMENT_3D('',#10848,#10849,#10850);
#10848 = CARTESIAN_POINT('',(-3.6,0.2432,-6.175));
#10849 = DIRECTION('',(-5.551115123126E-17,-1.,-0.));
#10850 = DIRECTION('',(6.10849227756E-29,-3.390894386146E-45,1.));
#10851 = ( GEOMETRIC_REPRESENTATION_CONTEXT(3) 
GLOBAL_UNCERTAINTY_ASSIGNED_CONTEXT((#10855)) 
GLOBAL_UNIT_ASSIGNED_CONTEXT((#10852,#10853,#10854)) 
REPRESENTATION_CONTEXT('Context #1',
  '3D Context with UNIT and UNCERTAINTY') );
#10852 = ( LENGTH_UNIT() NAMED_UNIT(*) SI_UNIT(.MILLI.,.METRE.) );
#10853 = ( NAMED_UNIT(*) PLANE_ANGLE_UNIT() SI_UNIT($,.RADIAN.) );
#10854 = ( NAMED_UNIT(*) SI_UNIT($,.STERADIAN.) SOLID_ANGLE_UNIT() );
#10855 = UNCERTAINTY_MEASURE_WITH_UNIT(LENGTH_MEASURE(1.E-07),#10852,
  'distance_accuracy_value','confusion accuracy');
#10856 = CONTEXT_DEPENDENT_SHAPE_REPRESENTATION(#10857,#10859);
#10857 = ( REPRESENTATION_RELATIONSHIP('','',#10812,#10) 
REPRESENTATION_RELATIONSHIP_WITH_TRANSFORMATION(#10858) 
SHAPE_REPRESENTATION_RELATIONSHIP() );
#10858 = ITEM_DEFINED_TRANSFORMATION('','',#11,#703);
#10859 = PRODUCT_DEFINITION_SHAPE('Placement','Placement of an item',
  #10860);
#10860 = NEXT_ASSEMBLY_USAGE_OCCURRENCE('142054','BALL_0171','',#5,
  #10807,$);
#10861 = PRODUCT_RELATED_PRODUCT_CATEGORY('part',$,(#10809));
#10862 = SHAPE_DEFINITION_REPRESENTATION(#10863,#10869);
#10863 = PRODUCT_DEFINITION_SHAPE('','',#10864);
#10864 = PRODUCT_DEFINITION('design','',#10865,#10868);
#10865 = PRODUCT_DEFINITION_FORMATION('','',#10866);
#10866 = PRODUCT('BALL_0172','BALL_0172','',(#10867));
#10867 = PRODUCT_CONTEXT('',#2,'mechanical');
#10868 = PRODUCT_DEFINITION_CONTEXT('part definition',#2,'design');
#10869 = ADVANCED_BREP_SHAPE_REPRESENTATION('',(#11,#10870),#10908);
#10870 = MANIFOLD_SOLID_BREP('',#10871);
#10871 = CLOSED_SHELL('',(#10872,#10899));
#10872 = ADVANCED_FACE('',(#10873),#10894,.T.);
#10873 = FACE_BOUND('',#10874,.T.);
#10874 = EDGE_LOOP('',(#10875,#10884,#10893));
#10875 = ORIENTED_EDGE('',*,*,#10876,.T.);
#10876 = EDGE_CURVE('',#10877,#10877,#10879,.T.);
#10877 = VERTEX_POINT('',#10878);
#10878 = CARTESIAN_POINT('',(-3.6,0.243199999999,-6.053399999999));
#10879 = CIRCLE('',#10880,0.121600000001);
#10880 = AXIS2_PLACEMENT_3D('',#10881,#10882,#10883);
#10881 = CARTESIAN_POINT('',(-3.6,0.243199999999,-6.175));
#10882 = DIRECTION('',(-5.551115123126E-17,-1.,0.));
#10883 = DIRECTION('',(6.108492277512E-29,-3.390894386119E-45,1.));
#10884 = ORIENTED_EDGE('',*,*,#10885,.T.);
#10885 = EDGE_CURVE('',#10877,#10886,#10888,.T.);
#10886 = VERTEX_POINT('',#10887);
#10887 = CARTESIAN_POINT('',(-3.6,1.334880397544E-13,-6.175));
#10888 = CIRCLE('',#10889,0.152);
#10889 = AXIS2_PLACEMENT_3D('',#10890,#10891,#10892);
#10890 = CARTESIAN_POINT('',(-3.6,0.152,-6.175));
#10891 = DIRECTION('',(1.,-1.110223024625E-16,-5.551115123126E-17));
#10892 = DIRECTION('',(1.110223024625E-16,1.,5.551115123126E-17));
#10893 = ORIENTED_EDGE('',*,*,#10885,.F.);
#10894 = SPHERICAL_SURFACE('',#10895,0.152);
#10895 = AXIS2_PLACEMENT_3D('',#10896,#10897,#10898);
#10896 = CARTESIAN_POINT('',(-3.6,0.152,-6.175));
#10897 = DIRECTION('',(-5.551115123126E-17,-1.,-0.));
#10898 = DIRECTION('',(5.463066675185E-29,-3.032611203926E-45,1.));
#10899 = ADVANCED_FACE('',(#10900),#10903,.F.);
#10900 = FACE_BOUND('',#10901,.F.);
#10901 = EDGE_LOOP('',(#10902));
#10902 = ORIENTED_EDGE('',*,*,#10876,.T.);
#10903 = PLANE('',#10904);
#10904 = AXIS2_PLACEMENT_3D('',#10905,#10906,#10907);
#10905 = CARTESIAN_POINT('',(-3.6,0.2432,-6.175));
#10906 = DIRECTION('',(-5.551115123126E-17,-1.,-0.));
#10907 = DIRECTION('',(6.10849227756E-29,-3.390894386146E-45,1.));
#10908 = ( GEOMETRIC_REPRESENTATION_CONTEXT(3) 
GLOBAL_UNCERTAINTY_ASSIGNED_CONTEXT((#10912)) 
GLOBAL_UNIT_ASSIGNED_CONTEXT((#10909,#10910,#10911)) 
REPRESENTATION_CONTEXT('Context #1',
  '3D Context with UNIT and UNCERTAINTY') );
#10909 = ( LENGTH_UNIT() NAMED_UNIT(*) SI_UNIT(.MILLI.,.METRE.) );
#10910 = ( NAMED_UNIT(*) PLANE_ANGLE_UNIT() SI_UNIT($,.RADIAN.) );
#10911 = ( NAMED_UNIT(*) SI_UNIT($,.STERADIAN.) SOLID_ANGLE_UNIT() );
#10912 = UNCERTAINTY_MEASURE_WITH_UNIT(LENGTH_MEASURE(1.E-07),#10909,
  'distance_accuracy_value','confusion accuracy');
#10913 = CONTEXT_DEPENDENT_SHAPE_REPRESENTATION(#10914,#10916);
#10914 = ( REPRESENTATION_RELATIONSHIP('','',#10869,#10) 
REPRESENTATION_RELATIONSHIP_WITH_TRANSFORMATION(#10915) 
SHAPE_REPRESENTATION_RELATIONSHIP() );
#10915 = ITEM_DEFINED_TRANSFORMATION('','',#11,#707);
#10916 = PRODUCT_DEFINITION_SHAPE('Placement','Placement of an item',
  #10917);
#10917 = NEXT_ASSEMBLY_USAGE_OCCURRENCE('142055','BALL_0172','',#5,
  #10864,$);
#10918 = PRODUCT_RELATED_PRODUCT_CATEGORY('part',$,(#10866));
#10919 = SHAPE_DEFINITION_REPRESENTATION(#10920,#10926);
#10920 = PRODUCT_DEFINITION_SHAPE('','',#10921);
#10921 = PRODUCT_DEFINITION('design','',#10922,#10925);
#10922 = PRODUCT_DEFINITION_FORMATION('','',#10923);
#10923 = PRODUCT('BALL_0173','BALL_0173','',(#10924));
#10924 = PRODUCT_CONTEXT('',#2,'mechanical');
#10925 = PRODUCT_DEFINITION_CONTEXT('part definition',#2,'design');
#10926 = ADVANCED_BREP_SHAPE_REPRESENTATION('',(#11,#10927),#10965);
#10927 = MANIFOLD_SOLID_BREP('',#10928);
#10928 = CLOSED_SHELL('',(#10929,#10956));
#10929 = ADVANCED_FACE('',(#10930),#10951,.T.);
#10930 = FACE_BOUND('',#10931,.T.);
#10931 = EDGE_LOOP('',(#10932,#10941,#10950));
#10932 = ORIENTED_EDGE('',*,*,#10933,.T.);
#10933 = EDGE_CURVE('',#10934,#10934,#10936,.T.);
#10934 = VERTEX_POINT('',#10935);
#10935 = CARTESIAN_POINT('',(-3.6,0.243199999999,-6.053399999999));
#10936 = CIRCLE('',#10937,0.121600000001);
#10937 = AXIS2_PLACEMENT_3D('',#10938,#10939,#10940);
#10938 = CARTESIAN_POINT('',(-3.6,0.243199999999,-6.175));
#10939 = DIRECTION('',(-5.551115123126E-17,-1.,0.));
#10940 = DIRECTION('',(6.108492277512E-29,-3.390894386119E-45,1.));
#10941 = ORIENTED_EDGE('',*,*,#10942,.T.);
#10942 = EDGE_CURVE('',#10934,#10943,#10945,.T.);
#10943 = VERTEX_POINT('',#10944);
#10944 = CARTESIAN_POINT('',(-3.6,1.334880397544E-13,-6.175));
#10945 = CIRCLE('',#10946,0.152);
#10946 = AXIS2_PLACEMENT_3D('',#10947,#10948,#10949);
#10947 = CARTESIAN_POINT('',(-3.6,0.152,-6.175));
#10948 = DIRECTION('',(1.,-1.110223024625E-16,-5.551115123126E-17));
#10949 = DIRECTION('',(1.110223024625E-16,1.,5.551115123126E-17));
#10950 = ORIENTED_EDGE('',*,*,#10942,.F.);
#10951 = SPHERICAL_SURFACE('',#10952,0.152);
#10952 = AXIS2_PLACEMENT_3D('',#10953,#10954,#10955);
#10953 = CARTESIAN_POINT('',(-3.6,0.152,-6.175));
#10954 = DIRECTION('',(-5.551115123126E-17,-1.,-0.));
#10955 = DIRECTION('',(5.463066675185E-29,-3.032611203926E-45,1.));
#10956 = ADVANCED_FACE('',(#10957),#10960,.F.);
#10957 = FACE_BOUND('',#10958,.F.);
#10958 = EDGE_LOOP('',(#10959));
#10959 = ORIENTED_EDGE('',*,*,#10933,.T.);
#10960 = PLANE('',#10961);
#10961 = AXIS2_PLACEMENT_3D('',#10962,#10963,#10964);
#10962 = CARTESIAN_POINT('',(-3.6,0.2432,-6.175));
#10963 = DIRECTION('',(-5.551115123126E-17,-1.,-0.));
#10964 = DIRECTION('',(6.10849227756E-29,-3.390894386146E-45,1.));
#10965 = ( GEOMETRIC_REPRESENTATION_CONTEXT(3) 
GLOBAL_UNCERTAINTY_ASSIGNED_CONTEXT((#10969)) 
GLOBAL_UNIT_ASSIGNED_CONTEXT((#10966,#10967,#10968)) 
REPRESENTATION_CONTEXT('Context #1',
  '3D Context with UNIT and UNCERTAINTY') );
#10966 = ( LENGTH_UNIT() NAMED_UNIT(*) SI_UNIT(.MILLI.,.METRE.) );
#10967 = ( NAMED_UNIT(*) PLANE_ANGLE_UNIT() SI_UNIT($,.RADIAN.) );
#10968 = ( NAMED_UNIT(*) SI_UNIT($,.STERADIAN.) SOLID_ANGLE_UNIT() );
#10969 = UNCERTAINTY_MEASURE_WITH_UNIT(LENGTH_MEASURE(1.E-07),#10966,
  'distance_accuracy_value','confusion accuracy');
#10970 = CONTEXT_DEPENDENT_SHAPE_REPRESENTATION(#10971,#10973);
#10971 = ( REPRESENTATION_RELATIONSHIP('','',#10926,#10) 
REPRESENTATION_RELATIONSHIP_WITH_TRANSFORMATION(#10972) 
SHAPE_REPRESENTATION_RELATIONSHIP() );
#10972 = ITEM_DEFINED_TRANSFORMATION('','',#11,#711);
#10973 = PRODUCT_DEFINITION_SHAPE('Placement','Placement of an item',
  #10974);
#10974 = NEXT_ASSEMBLY_USAGE_OCCURRENCE('142056','BALL_0173','',#5,
  #10921,$);
#10975 = PRODUCT_RELATED_PRODUCT_CATEGORY('part',$,(#10923));
#10976 = SHAPE_DEFINITION_REPRESENTATION(#10977,#10983);
#10977 = PRODUCT_DEFINITION_SHAPE('','',#10978);
#10978 = PRODUCT_DEFINITION('design','',#10979,#10982);
#10979 = PRODUCT_DEFINITION_FORMATION('','',#10980);
#10980 = PRODUCT('BALL_0174','BALL_0174','',(#10981));
#10981 = PRODUCT_CONTEXT('',#2,'mechanical');
#10982 = PRODUCT_DEFINITION_CONTEXT('part definition',#2,'design');
#10983 = ADVANCED_BREP_SHAPE_REPRESENTATION('',(#11,#10984),#11022);
#10984 = MANIFOLD_SOLID_BREP('',#10985);
#10985 = CLOSED_SHELL('',(#10986,#11013));
#10986 = ADVANCED_FACE('',(#10987),#11008,.T.);
#10987 = FACE_BOUND('',#10988,.T.);
#10988 = EDGE_LOOP('',(#10989,#10998,#11007));
#10989 = ORIENTED_EDGE('',*,*,#10990,.T.);
#10990 = EDGE_CURVE('',#10991,#10991,#10993,.T.);
#10991 = VERTEX_POINT('',#10992);
#10992 = CARTESIAN_POINT('',(-3.6,0.243199999999,-6.053399999999));
#10993 = CIRCLE('',#10994,0.121600000001);
#10994 = AXIS2_PLACEMENT_3D('',#10995,#10996,#10997);
#10995 = CARTESIAN_POINT('',(-3.6,0.243199999999,-6.175));
#10996 = DIRECTION('',(-5.551115123126E-17,-1.,0.));
#10997 = DIRECTION('',(6.108492277512E-29,-3.390894386119E-45,1.));
#10998 = ORIENTED_EDGE('',*,*,#10999,.T.);
#10999 = EDGE_CURVE('',#10991,#11000,#11002,.T.);
#11000 = VERTEX_POINT('',#11001);
#11001 = CARTESIAN_POINT('',(-3.6,1.334880397544E-13,-6.175));
#11002 = CIRCLE('',#11003,0.152);
#11003 = AXIS2_PLACEMENT_3D('',#11004,#11005,#11006);
#11004 = CARTESIAN_POINT('',(-3.6,0.152,-6.175));
#11005 = DIRECTION('',(1.,-1.110223024625E-16,-5.551115123126E-17));
#11006 = DIRECTION('',(1.110223024625E-16,1.,5.551115123126E-17));
#11007 = ORIENTED_EDGE('',*,*,#10999,.F.);
#11008 = SPHERICAL_SURFACE('',#11009,0.152);
#11009 = AXIS2_PLACEMENT_3D('',#11010,#11011,#11012);
#11010 = CARTESIAN_POINT('',(-3.6,0.152,-6.175));
#11011 = DIRECTION('',(-5.551115123126E-17,-1.,-0.));
#11012 = DIRECTION('',(5.463066675185E-29,-3.032611203926E-45,1.));
#11013 = ADVANCED_FACE('',(#11014),#11017,.F.);
#11014 = FACE_BOUND('',#11015,.F.);
#11015 = EDGE_LOOP('',(#11016));
#11016 = ORIENTED_EDGE('',*,*,#10990,.T.);
#11017 = PLANE('',#11018);
#11018 = AXIS2_PLACEMENT_3D('',#11019,#11020,#11021);
#11019 = CARTESIAN_POINT('',(-3.6,0.2432,-6.175));
#11020 = DIRECTION('',(-5.551115123126E-17,-1.,-0.));
#11021 = DIRECTION('',(6.10849227756E-29,-3.390894386146E-45,1.));
#11022 = ( GEOMETRIC_REPRESENTATION_CONTEXT(3) 
GLOBAL_UNCERTAINTY_ASSIGNED_CONTEXT((#11026)) 
GLOBAL_UNIT_ASSIGNED_CONTEXT((#11023,#11024,#11025)) 
REPRESENTATION_CONTEXT('Context #1',
  '3D Context with UNIT and UNCERTAINTY') );
#11023 = ( LENGTH_UNIT() NAMED_UNIT(*) SI_UNIT(.MILLI.,.METRE.) );
#11024 = ( NAMED_UNIT(*) PLANE_ANGLE_UNIT() SI_UNIT($,.RADIAN.) );
#11025 = ( NAMED_UNIT(*) SI_UNIT($,.STERADIAN.) SOLID_ANGLE_UNIT() );
#11026 = UNCERTAINTY_MEASURE_WITH_UNIT(LENGTH_MEASURE(1.E-07),#11023,
  'distance_accuracy_value','confusion accuracy');
#11027 = CONTEXT_DEPENDENT_SHAPE_REPRESENTATION(#11028,#11030);
#11028 = ( REPRESENTATION_RELATIONSHIP('','',#10983,#10) 
REPRESENTATION_RELATIONSHIP_WITH_TRANSFORMATION(#11029) 
SHAPE_REPRESENTATION_RELATIONSHIP() );
#11029 = ITEM_DEFINED_TRANSFORMATION('','',#11,#715);
#11030 = PRODUCT_DEFINITION_SHAPE('Placement','Placement of an item',
  #11031);
#11031 = NEXT_ASSEMBLY_USAGE_OCCURRENCE('142057','BALL_0174','',#5,
  #10978,$);
#11032 = PRODUCT_RELATED_PRODUCT_CATEGORY('part',$,(#10980));
#11033 = SHAPE_DEFINITION_REPRESENTATION(#11034,#11040);
#11034 = PRODUCT_DEFINITION_SHAPE('','',#11035);
#11035 = PRODUCT_DEFINITION('design','',#11036,#11039);
#11036 = PRODUCT_DEFINITION_FORMATION('','',#11037);
#11037 = PRODUCT('BALL_0175','BALL_0175','',(#11038));
#11038 = PRODUCT_CONTEXT('',#2,'mechanical');
#11039 = PRODUCT_DEFINITION_CONTEXT('part definition',#2,'design');
#11040 = ADVANCED_BREP_SHAPE_REPRESENTATION('',(#11,#11041),#11079);
#11041 = MANIFOLD_SOLID_BREP('',#11042);
#11042 = CLOSED_SHELL('',(#11043,#11070));
#11043 = ADVANCED_FACE('',(#11044),#11065,.T.);
#11044 = FACE_BOUND('',#11045,.T.);
#11045 = EDGE_LOOP('',(#11046,#11055,#11064));
#11046 = ORIENTED_EDGE('',*,*,#11047,.T.);
#11047 = EDGE_CURVE('',#11048,#11048,#11050,.T.);
#11048 = VERTEX_POINT('',#11049);
#11049 = CARTESIAN_POINT('',(-3.6,0.243199999999,-6.053399999999));
#11050 = CIRCLE('',#11051,0.121600000001);
#11051 = AXIS2_PLACEMENT_3D('',#11052,#11053,#11054);
#11052 = CARTESIAN_POINT('',(-3.6,0.243199999999,-6.175));
#11053 = DIRECTION('',(-5.551115123126E-17,-1.,0.));
#11054 = DIRECTION('',(6.108492277512E-29,-3.390894386119E-45,1.));
#11055 = ORIENTED_EDGE('',*,*,#11056,.T.);
#11056 = EDGE_CURVE('',#11048,#11057,#11059,.T.);
#11057 = VERTEX_POINT('',#11058);
#11058 = CARTESIAN_POINT('',(-3.6,1.334880397544E-13,-6.175));
#11059 = CIRCLE('',#11060,0.152);
#11060 = AXIS2_PLACEMENT_3D('',#11061,#11062,#11063);
#11061 = CARTESIAN_POINT('',(-3.6,0.152,-6.175));
#11062 = DIRECTION('',(1.,-1.110223024625E-16,-5.551115123126E-17));
#11063 = DIRECTION('',(1.110223024625E-16,1.,5.551115123126E-17));
#11064 = ORIENTED_EDGE('',*,*,#11056,.F.);
#11065 = SPHERICAL_SURFACE('',#11066,0.152);
#11066 = AXIS2_PLACEMENT_3D('',#11067,#11068,#11069);
#11067 = CARTESIAN_POINT('',(-3.6,0.152,-6.175));
#11068 = DIRECTION('',(-5.551115123126E-17,-1.,-0.));
#11069 = DIRECTION('',(5.463066675185E-29,-3.032611203926E-45,1.));
#11070 = ADVANCED_FACE('',(#11071),#11074,.F.);
#11071 = FACE_BOUND('',#11072,.F.);
#11072 = EDGE_LOOP('',(#11073));
#11073 = ORIENTED_EDGE('',*,*,#11047,.T.);
#11074 = PLANE('',#11075);
#11075 = AXIS2_PLACEMENT_3D('',#11076,#11077,#11078);
#11076 = CARTESIAN_POINT('',(-3.6,0.2432,-6.175));
#11077 = DIRECTION('',(-5.551115123126E-17,-1.,-0.));
#11078 = DIRECTION('',(6.10849227756E-29,-3.390894386146E-45,1.));
#11079 = ( GEOMETRIC_REPRESENTATION_CONTEXT(3) 
GLOBAL_UNCERTAINTY_ASSIGNED_CONTEXT((#11083)) 
GLOBAL_UNIT_ASSIGNED_CONTEXT((#11080,#11081,#11082)) 
REPRESENTATION_CONTEXT('Context #1',
  '3D Context with UNIT and UNCERTAINTY') );
#11080 = ( LENGTH_UNIT() NAMED_UNIT(*) SI_UNIT(.MILLI.,.METRE.) );
#11081 = ( NAMED_UNIT(*) PLANE_ANGLE_UNIT() SI_UNIT($,.RADIAN.) );
#11082 = ( NAMED_UNIT(*) SI_UNIT($,.STERADIAN.) SOLID_ANGLE_UNIT() );
#11083 = UNCERTAINTY_MEASURE_WITH_UNIT(LENGTH_MEASURE(1.E-07),#11080,
  'distance_accuracy_value','confusion accuracy');
#11084 = CONTEXT_DEPENDENT_SHAPE_REPRESENTATION(#11085,#11087);
#11085 = ( REPRESENTATION_RELATIONSHIP('','',#11040,#10) 
REPRESENTATION_RELATIONSHIP_WITH_TRANSFORMATION(#11086) 
SHAPE_REPRESENTATION_RELATIONSHIP() );
#11086 = ITEM_DEFINED_TRANSFORMATION('','',#11,#719);
#11087 = PRODUCT_DEFINITION_SHAPE('Placement','Placement of an item',
  #11088);
#11088 = NEXT_ASSEMBLY_USAGE_OCCURRENCE('142058','BALL_0175','',#5,
  #11035,$);
#11089 = PRODUCT_RELATED_PRODUCT_CATEGORY('part',$,(#11037));
#11090 = SHAPE_DEFINITION_REPRESENTATION(#11091,#11097);
#11091 = PRODUCT_DEFINITION_SHAPE('','',#11092);
#11092 = PRODUCT_DEFINITION('design','',#11093,#11096);
#11093 = PRODUCT_DEFINITION_FORMATION('','',#11094);
#11094 = PRODUCT('BALL_0176','BALL_0176','',(#11095));
#11095 = PRODUCT_CONTEXT('',#2,'mechanical');
#11096 = PRODUCT_DEFINITION_CONTEXT('part definition',#2,'design');
#11097 = ADVANCED_BREP_SHAPE_REPRESENTATION('',(#11,#11098),#11136);
#11098 = MANIFOLD_SOLID_BREP('',#11099);
#11099 = CLOSED_SHELL('',(#11100,#11127));
#11100 = ADVANCED_FACE('',(#11101),#11122,.T.);
#11101 = FACE_BOUND('',#11102,.T.);
#11102 = EDGE_LOOP('',(#11103,#11112,#11121));
#11103 = ORIENTED_EDGE('',*,*,#11104,.T.);
#11104 = EDGE_CURVE('',#11105,#11105,#11107,.T.);
#11105 = VERTEX_POINT('',#11106);
#11106 = CARTESIAN_POINT('',(-3.6,0.243199999999,-6.053399999999));
#11107 = CIRCLE('',#11108,0.121600000001);
#11108 = AXIS2_PLACEMENT_3D('',#11109,#11110,#11111);
#11109 = CARTESIAN_POINT('',(-3.6,0.243199999999,-6.175));
#11110 = DIRECTION('',(-5.551115123126E-17,-1.,0.));
#11111 = DIRECTION('',(6.108492277512E-29,-3.390894386119E-45,1.));
#11112 = ORIENTED_EDGE('',*,*,#11113,.T.);
#11113 = EDGE_CURVE('',#11105,#11114,#11116,.T.);
#11114 = VERTEX_POINT('',#11115);
#11115 = CARTESIAN_POINT('',(-3.6,1.334880397544E-13,-6.175));
#11116 = CIRCLE('',#11117,0.152);
#11117 = AXIS2_PLACEMENT_3D('',#11118,#11119,#11120);
#11118 = CARTESIAN_POINT('',(-3.6,0.152,-6.175));
#11119 = DIRECTION('',(1.,-1.110223024625E-16,-5.551115123126E-17));
#11120 = DIRECTION('',(1.110223024625E-16,1.,5.551115123126E-17));
#11121 = ORIENTED_EDGE('',*,*,#11113,.F.);
#11122 = SPHERICAL_SURFACE('',#11123,0.152);
#11123 = AXIS2_PLACEMENT_3D('',#11124,#11125,#11126);
#11124 = CARTESIAN_POINT('',(-3.6,0.152,-6.175));
#11125 = DIRECTION('',(-5.551115123126E-17,-1.,-0.));
#11126 = DIRECTION('',(5.463066675185E-29,-3.032611203926E-45,1.));
#11127 = ADVANCED_FACE('',(#11128),#11131,.F.);
#11128 = FACE_BOUND('',#11129,.F.);
#11129 = EDGE_LOOP('',(#11130));
#11130 = ORIENTED_EDGE('',*,*,#11104,.T.);
#11131 = PLANE('',#11132);
#11132 = AXIS2_PLACEMENT_3D('',#11133,#11134,#11135);
#11133 = CARTESIAN_POINT('',(-3.6,0.2432,-6.175));
#11134 = DIRECTION('',(-5.551115123126E-17,-1.,-0.));
#11135 = DIRECTION('',(6.10849227756E-29,-3.390894386146E-45,1.));
#11136 = ( GEOMETRIC_REPRESENTATION_CONTEXT(3) 
GLOBAL_UNCERTAINTY_ASSIGNED_CONTEXT((#11140)) 
GLOBAL_UNIT_ASSIGNED_CONTEXT((#11137,#11138,#11139)) 
REPRESENTATION_CONTEXT('Context #1',
  '3D Context with UNIT and UNCERTAINTY') );
#11137 = ( LENGTH_UNIT() NAMED_UNIT(*) SI_UNIT(.MILLI.,.METRE.) );
#11138 = ( NAMED_UNIT(*) PLANE_ANGLE_UNIT() SI_UNIT($,.RADIAN.) );
#11139 = ( NAMED_UNIT(*) SI_UNIT($,.STERADIAN.) SOLID_ANGLE_UNIT() );
#11140 = UNCERTAINTY_MEASURE_WITH_UNIT(LENGTH_MEASURE(1.E-07),#11137,
  'distance_accuracy_value','confusion accuracy');
#11141 = CONTEXT_DEPENDENT_SHAPE_REPRESENTATION(#11142,#11144);
#11142 = ( REPRESENTATION_RELATIONSHIP('','',#11097,#10) 
REPRESENTATION_RELATIONSHIP_WITH_TRANSFORMATION(#11143) 
SHAPE_REPRESENTATION_RELATIONSHIP() );
#11143 = ITEM_DEFINED_TRANSFORMATION('','',#11,#723);
#11144 = PRODUCT_DEFINITION_SHAPE('Placement','Placement of an item',
  #11145);
#11145 = NEXT_ASSEMBLY_USAGE_OCCURRENCE('142059','BALL_0176','',#5,
  #11092,$);
#11146 = PRODUCT_RELATED_PRODUCT_CATEGORY('part',$,(#11094));
#11147 = SHAPE_DEFINITION_REPRESENTATION(#11148,#11154);
#11148 = PRODUCT_DEFINITION_SHAPE('','',#11149);
#11149 = PRODUCT_DEFINITION('design','',#11150,#11153);
#11150 = PRODUCT_DEFINITION_FORMATION('','',#11151);
#11151 = PRODUCT('BALL_0177','BALL_0177','',(#11152));
#11152 = PRODUCT_CONTEXT('',#2,'mechanical');
#11153 = PRODUCT_DEFINITION_CONTEXT('part definition',#2,'design');
#11154 = ADVANCED_BREP_SHAPE_REPRESENTATION('',(#11,#11155),#11193);
#11155 = MANIFOLD_SOLID_BREP('',#11156);
#11156 = CLOSED_SHELL('',(#11157,#11184));
#11157 = ADVANCED_FACE('',(#11158),#11179,.T.);
#11158 = FACE_BOUND('',#11159,.T.);
#11159 = EDGE_LOOP('',(#11160,#11169,#11178));
#11160 = ORIENTED_EDGE('',*,*,#11161,.T.);
#11161 = EDGE_CURVE('',#11162,#11162,#11164,.T.);
#11162 = VERTEX_POINT('',#11163);
#11163 = CARTESIAN_POINT('',(-3.6,0.243199999999,-6.053399999999));
#11164 = CIRCLE('',#11165,0.121600000001);
#11165 = AXIS2_PLACEMENT_3D('',#11166,#11167,#11168);
#11166 = CARTESIAN_POINT('',(-3.6,0.243199999999,-6.175));
#11167 = DIRECTION('',(-5.551115123126E-17,-1.,0.));
#11168 = DIRECTION('',(6.108492277512E-29,-3.390894386119E-45,1.));
#11169 = ORIENTED_EDGE('',*,*,#11170,.T.);
#11170 = EDGE_CURVE('',#11162,#11171,#11173,.T.);
#11171 = VERTEX_POINT('',#11172);
#11172 = CARTESIAN_POINT('',(-3.6,1.334880397544E-13,-6.175));
#11173 = CIRCLE('',#11174,0.152);
#11174 = AXIS2_PLACEMENT_3D('',#11175,#11176,#11177);
#11175 = CARTESIAN_POINT('',(-3.6,0.152,-6.175));
#11176 = DIRECTION('',(1.,-1.110223024625E-16,-5.551115123126E-17));
#11177 = DIRECTION('',(1.110223024625E-16,1.,5.551115123126E-17));
#11178 = ORIENTED_EDGE('',*,*,#11170,.F.);
#11179 = SPHERICAL_SURFACE('',#11180,0.152);
#11180 = AXIS2_PLACEMENT_3D('',#11181,#11182,#11183);
#11181 = CARTESIAN_POINT('',(-3.6,0.152,-6.175));
#11182 = DIRECTION('',(-5.551115123126E-17,-1.,-0.));
#11183 = DIRECTION('',(5.463066675185E-29,-3.032611203926E-45,1.));
#11184 = ADVANCED_FACE('',(#11185),#11188,.F.);
#11185 = FACE_BOUND('',#11186,.F.);
#11186 = EDGE_LOOP('',(#11187));
#11187 = ORIENTED_EDGE('',*,*,#11161,.T.);
#11188 = PLANE('',#11189);
#11189 = AXIS2_PLACEMENT_3D('',#11190,#11191,#11192);
#11190 = CARTESIAN_POINT('',(-3.6,0.2432,-6.175));
#11191 = DIRECTION('',(-5.551115123126E-17,-1.,-0.));
#11192 = DIRECTION('',(6.10849227756E-29,-3.390894386146E-45,1.));
#11193 = ( GEOMETRIC_REPRESENTATION_CONTEXT(3) 
GLOBAL_UNCERTAINTY_ASSIGNED_CONTEXT((#11197)) 
GLOBAL_UNIT_ASSIGNED_CONTEXT((#11194,#11195,#11196)) 
REPRESENTATION_CONTEXT('Context #1',
  '3D Context with UNIT and UNCERTAINTY') );
#11194 = ( LENGTH_UNIT() NAMED_UNIT(*) SI_UNIT(.MILLI.,.METRE.) );
#11195 = ( NAMED_UNIT(*) PLANE_ANGLE_UNIT() SI_UNIT($,.RADIAN.) );
#11196 = ( NAMED_UNIT(*) SI_UNIT($,.STERADIAN.) SOLID_ANGLE_UNIT() );
#11197 = UNCERTAINTY_MEASURE_WITH_UNIT(LENGTH_MEASURE(1.E-07),#11194,
  'distance_accuracy_value','confusion accuracy');
#11198 = CONTEXT_DEPENDENT_SHAPE_REPRESENTATION(#11199,#11201);
#11199 = ( REPRESENTATION_RELATIONSHIP('','',#11154,#10) 
REPRESENTATION_RELATIONSHIP_WITH_TRANSFORMATION(#11200) 
SHAPE_REPRESENTATION_RELATIONSHIP() );
#11200 = ITEM_DEFINED_TRANSFORMATION('','',#11,#727);
#11201 = PRODUCT_DEFINITION_SHAPE('Placement','Placement of an item',
  #11202);
#11202 = NEXT_ASSEMBLY_USAGE_OCCURRENCE('142060','BALL_0177','',#5,
  #11149,$);
#11203 = PRODUCT_RELATED_PRODUCT_CATEGORY('part',$,(#11151));
#11204 = SHAPE_DEFINITION_REPRESENTATION(#11205,#11211);
#11205 = PRODUCT_DEFINITION_SHAPE('','',#11206);
#11206 = PRODUCT_DEFINITION('design','',#11207,#11210);
#11207 = PRODUCT_DEFINITION_FORMATION('','',#11208);
#11208 = PRODUCT('BALL_0178','BALL_0178','',(#11209));
#11209 = PRODUCT_CONTEXT('',#2,'mechanical');
#11210 = PRODUCT_DEFINITION_CONTEXT('part definition',#2,'design');
#11211 = ADVANCED_BREP_SHAPE_REPRESENTATION('',(#11,#11212),#11250);
#11212 = MANIFOLD_SOLID_BREP('',#11213);
#11213 = CLOSED_SHELL('',(#11214,#11241));
#11214 = ADVANCED_FACE('',(#11215),#11236,.T.);
#11215 = FACE_BOUND('',#11216,.T.);
#11216 = EDGE_LOOP('',(#11217,#11226,#11235));
#11217 = ORIENTED_EDGE('',*,*,#11218,.T.);
#11218 = EDGE_CURVE('',#11219,#11219,#11221,.T.);
#11219 = VERTEX_POINT('',#11220);
#11220 = CARTESIAN_POINT('',(-3.6,0.243199999999,-6.053399999999));
#11221 = CIRCLE('',#11222,0.121600000001);
#11222 = AXIS2_PLACEMENT_3D('',#11223,#11224,#11225);
#11223 = CARTESIAN_POINT('',(-3.6,0.243199999999,-6.175));
#11224 = DIRECTION('',(-5.551115123126E-17,-1.,0.));
#11225 = DIRECTION('',(6.108492277512E-29,-3.390894386119E-45,1.));
#11226 = ORIENTED_EDGE('',*,*,#11227,.T.);
#11227 = EDGE_CURVE('',#11219,#11228,#11230,.T.);
#11228 = VERTEX_POINT('',#11229);
#11229 = CARTESIAN_POINT('',(-3.6,1.334880397544E-13,-6.175));
#11230 = CIRCLE('',#11231,0.152);
#11231 = AXIS2_PLACEMENT_3D('',#11232,#11233,#11234);
#11232 = CARTESIAN_POINT('',(-3.6,0.152,-6.175));
#11233 = DIRECTION('',(1.,-1.110223024625E-16,-5.551115123126E-17));
#11234 = DIRECTION('',(1.110223024625E-16,1.,5.551115123126E-17));
#11235 = ORIENTED_EDGE('',*,*,#11227,.F.);
#11236 = SPHERICAL_SURFACE('',#11237,0.152);
#11237 = AXIS2_PLACEMENT_3D('',#11238,#11239,#11240);
#11238 = CARTESIAN_POINT('',(-3.6,0.152,-6.175));
#11239 = DIRECTION('',(-5.551115123126E-17,-1.,-0.));
#11240 = DIRECTION('',(5.463066675185E-29,-3.032611203926E-45,1.));
#11241 = ADVANCED_FACE('',(#11242),#11245,.F.);
#11242 = FACE_BOUND('',#11243,.F.);
#11243 = EDGE_LOOP('',(#11244));
#11244 = ORIENTED_EDGE('',*,*,#11218,.T.);
#11245 = PLANE('',#11246);
#11246 = AXIS2_PLACEMENT_3D('',#11247,#11248,#11249);
#11247 = CARTESIAN_POINT('',(-3.6,0.2432,-6.175));
#11248 = DIRECTION('',(-5.551115123126E-17,-1.,-0.));
#11249 = DIRECTION('',(6.10849227756E-29,-3.390894386146E-45,1.));
#11250 = ( GEOMETRIC_REPRESENTATION_CONTEXT(3) 
GLOBAL_UNCERTAINTY_ASSIGNED_CONTEXT((#11254)) 
GLOBAL_UNIT_ASSIGNED_CONTEXT((#11251,#11252,#11253)) 
REPRESENTATION_CONTEXT('Context #1',
  '3D Context with UNIT and UNCERTAINTY') );
#11251 = ( LENGTH_UNIT() NAMED_UNIT(*) SI_UNIT(.MILLI.,.METRE.) );
#11252 = ( NAMED_UNIT(*) PLANE_ANGLE_UNIT() SI_UNIT($,.RADIAN.) );
#11253 = ( NAMED_UNIT(*) SI_UNIT($,.STERADIAN.) SOLID_ANGLE_UNIT() );
#11254 = UNCERTAINTY_MEASURE_WITH_UNIT(LENGTH_MEASURE(1.E-07),#11251,
  'distance_accuracy_value','confusion accuracy');
#11255 = CONTEXT_DEPENDENT_SHAPE_REPRESENTATION(#11256,#11258);
#11256 = ( REPRESENTATION_RELATIONSHIP('','',#11211,#10) 
REPRESENTATION_RELATIONSHIP_WITH_TRANSFORMATION(#11257) 
SHAPE_REPRESENTATION_RELATIONSHIP() );
#11257 = ITEM_DEFINED_TRANSFORMATION('','',#11,#731);
#11258 = PRODUCT_DEFINITION_SHAPE('Placement','Placement of an item',
  #11259);
#11259 = NEXT_ASSEMBLY_USAGE_OCCURRENCE('142061','BALL_0178','',#5,
  #11206,$);
#11260 = PRODUCT_RELATED_PRODUCT_CATEGORY('part',$,(#11208));
#11261 = SHAPE_DEFINITION_REPRESENTATION(#11262,#11268);
#11262 = PRODUCT_DEFINITION_SHAPE('','',#11263);
#11263 = PRODUCT_DEFINITION('design','',#11264,#11267);
#11264 = PRODUCT_DEFINITION_FORMATION('','',#11265);
#11265 = PRODUCT('BALL_0179','BALL_0179','',(#11266));
#11266 = PRODUCT_CONTEXT('',#2,'mechanical');
#11267 = PRODUCT_DEFINITION_CONTEXT('part definition',#2,'design');
#11268 = ADVANCED_BREP_SHAPE_REPRESENTATION('',(#11,#11269),#11307);
#11269 = MANIFOLD_SOLID_BREP('',#11270);
#11270 = CLOSED_SHELL('',(#11271,#11298));
#11271 = ADVANCED_FACE('',(#11272),#11293,.T.);
#11272 = FACE_BOUND('',#11273,.T.);
#11273 = EDGE_LOOP('',(#11274,#11283,#11292));
#11274 = ORIENTED_EDGE('',*,*,#11275,.T.);
#11275 = EDGE_CURVE('',#11276,#11276,#11278,.T.);
#11276 = VERTEX_POINT('',#11277);
#11277 = CARTESIAN_POINT('',(-3.6,0.243199999999,-6.053399999999));
#11278 = CIRCLE('',#11279,0.121600000001);
#11279 = AXIS2_PLACEMENT_3D('',#11280,#11281,#11282);
#11280 = CARTESIAN_POINT('',(-3.6,0.243199999999,-6.175));
#11281 = DIRECTION('',(-5.551115123126E-17,-1.,0.));
#11282 = DIRECTION('',(6.108492277512E-29,-3.390894386119E-45,1.));
#11283 = ORIENTED_EDGE('',*,*,#11284,.T.);
#11284 = EDGE_CURVE('',#11276,#11285,#11287,.T.);
#11285 = VERTEX_POINT('',#11286);
#11286 = CARTESIAN_POINT('',(-3.6,1.334880397544E-13,-6.175));
#11287 = CIRCLE('',#11288,0.152);
#11288 = AXIS2_PLACEMENT_3D('',#11289,#11290,#11291);
#11289 = CARTESIAN_POINT('',(-3.6,0.152,-6.175));
#11290 = DIRECTION('',(1.,-1.110223024625E-16,-5.551115123126E-17));
#11291 = DIRECTION('',(1.110223024625E-16,1.,5.551115123126E-17));
#11292 = ORIENTED_EDGE('',*,*,#11284,.F.);
#11293 = SPHERICAL_SURFACE('',#11294,0.152);
#11294 = AXIS2_PLACEMENT_3D('',#11295,#11296,#11297);
#11295 = CARTESIAN_POINT('',(-3.6,0.152,-6.175));
#11296 = DIRECTION('',(-5.551115123126E-17,-1.,-0.));
#11297 = DIRECTION('',(5.463066675185E-29,-3.032611203926E-45,1.));
#11298 = ADVANCED_FACE('',(#11299),#11302,.F.);
#11299 = FACE_BOUND('',#11300,.F.);
#11300 = EDGE_LOOP('',(#11301));
#11301 = ORIENTED_EDGE('',*,*,#11275,.T.);
#11302 = PLANE('',#11303);
#11303 = AXIS2_PLACEMENT_3D('',#11304,#11305,#11306);
#11304 = CARTESIAN_POINT('',(-3.6,0.2432,-6.175));
#11305 = DIRECTION('',(-5.551115123126E-17,-1.,-0.));
#11306 = DIRECTION('',(6.10849227756E-29,-3.390894386146E-45,1.));
#11307 = ( GEOMETRIC_REPRESENTATION_CONTEXT(3) 
GLOBAL_UNCERTAINTY_ASSIGNED_CONTEXT((#11311)) 
GLOBAL_UNIT_ASSIGNED_CONTEXT((#11308,#11309,#11310)) 
REPRESENTATION_CONTEXT('Context #1',
  '3D Context with UNIT and UNCERTAINTY') );
#11308 = ( LENGTH_UNIT() NAMED_UNIT(*) SI_UNIT(.MILLI.,.METRE.) );
#11309 = ( NAMED_UNIT(*) PLANE_ANGLE_UNIT() SI_UNIT($,.RADIAN.) );
#11310 = ( NAMED_UNIT(*) SI_UNIT($,.STERADIAN.) SOLID_ANGLE_UNIT() );
#11311 = UNCERTAINTY_MEASURE_WITH_UNIT(LENGTH_MEASURE(1.E-07),#11308,
  'distance_accuracy_value','confusion accuracy');
#11312 = CONTEXT_DEPENDENT_SHAPE_REPRESENTATION(#11313,#11315);
#11313 = ( REPRESENTATION_RELATIONSHIP('','',#11268,#10) 
REPRESENTATION_RELATIONSHIP_WITH_TRANSFORMATION(#11314) 
SHAPE_REPRESENTATION_RELATIONSHIP() );
#11314 = ITEM_DEFINED_TRANSFORMATION('','',#11,#735);
#11315 = PRODUCT_DEFINITION_SHAPE('Placement','Placement of an item',
  #11316);
#11316 = NEXT_ASSEMBLY_USAGE_OCCURRENCE('142062','BALL_0179','',#5,
  #11263,$);
#11317 = PRODUCT_RELATED_PRODUCT_CATEGORY('part',$,(#11265));
#11318 = SHAPE_DEFINITION_REPRESENTATION(#11319,#11325);
#11319 = PRODUCT_DEFINITION_SHAPE('','',#11320);
#11320 = PRODUCT_DEFINITION('design','',#11321,#11324);
#11321 = PRODUCT_DEFINITION_FORMATION('','',#11322);
#11322 = PRODUCT('BALL_0180','BALL_0180','',(#11323));
#11323 = PRODUCT_CONTEXT('',#2,'mechanical');
#11324 = PRODUCT_DEFINITION_CONTEXT('part definition',#2,'design');
#11325 = ADVANCED_BREP_SHAPE_REPRESENTATION('',(#11,#11326),#11364);
#11326 = MANIFOLD_SOLID_BREP('',#11327);
#11327 = CLOSED_SHELL('',(#11328,#11355));
#11328 = ADVANCED_FACE('',(#11329),#11350,.T.);
#11329 = FACE_BOUND('',#11330,.T.);
#11330 = EDGE_LOOP('',(#11331,#11340,#11349));
#11331 = ORIENTED_EDGE('',*,*,#11332,.T.);
#11332 = EDGE_CURVE('',#11333,#11333,#11335,.T.);
#11333 = VERTEX_POINT('',#11334);
#11334 = CARTESIAN_POINT('',(-3.6,0.243199999999,-6.053399999999));
#11335 = CIRCLE('',#11336,0.121600000001);
#11336 = AXIS2_PLACEMENT_3D('',#11337,#11338,#11339);
#11337 = CARTESIAN_POINT('',(-3.6,0.243199999999,-6.175));
#11338 = DIRECTION('',(-5.551115123126E-17,-1.,0.));
#11339 = DIRECTION('',(6.108492277512E-29,-3.390894386119E-45,1.));
#11340 = ORIENTED_EDGE('',*,*,#11341,.T.);
#11341 = EDGE_CURVE('',#11333,#11342,#11344,.T.);
#11342 = VERTEX_POINT('',#11343);
#11343 = CARTESIAN_POINT('',(-3.6,1.334880397544E-13,-6.175));
#11344 = CIRCLE('',#11345,0.152);
#11345 = AXIS2_PLACEMENT_3D('',#11346,#11347,#11348);
#11346 = CARTESIAN_POINT('',(-3.6,0.152,-6.175));
#11347 = DIRECTION('',(1.,-1.110223024625E-16,-5.551115123126E-17));
#11348 = DIRECTION('',(1.110223024625E-16,1.,5.551115123126E-17));
#11349 = ORIENTED_EDGE('',*,*,#11341,.F.);
#11350 = SPHERICAL_SURFACE('',#11351,0.152);
#11351 = AXIS2_PLACEMENT_3D('',#11352,#11353,#11354);
#11352 = CARTESIAN_POINT('',(-3.6,0.152,-6.175));
#11353 = DIRECTION('',(-5.551115123126E-17,-1.,-0.));
#11354 = DIRECTION('',(5.463066675185E-29,-3.032611203926E-45,1.));
#11355 = ADVANCED_FACE('',(#11356),#11359,.F.);
#11356 = FACE_BOUND('',#11357,.F.);
#11357 = EDGE_LOOP('',(#11358));
#11358 = ORIENTED_EDGE('',*,*,#11332,.T.);
#11359 = PLANE('',#11360);
#11360 = AXIS2_PLACEMENT_3D('',#11361,#11362,#11363);
#11361 = CARTESIAN_POINT('',(-3.6,0.2432,-6.175));
#11362 = DIRECTION('',(-5.551115123126E-17,-1.,-0.));
#11363 = DIRECTION('',(6.10849227756E-29,-3.390894386146E-45,1.));
#11364 = ( GEOMETRIC_REPRESENTATION_CONTEXT(3) 
GLOBAL_UNCERTAINTY_ASSIGNED_CONTEXT((#11368)) 
GLOBAL_UNIT_ASSIGNED_CONTEXT((#11365,#11366,#11367)) 
REPRESENTATION_CONTEXT('Context #1',
  '3D Context with UNIT and UNCERTAINTY') );
#11365 = ( LENGTH_UNIT() NAMED_UNIT(*) SI_UNIT(.MILLI.,.METRE.) );
#11366 = ( NAMED_UNIT(*) PLANE_ANGLE_UNIT() SI_UNIT($,.RADIAN.) );
#11367 = ( NAMED_UNIT(*) SI_UNIT($,.STERADIAN.) SOLID_ANGLE_UNIT() );
#11368 = UNCERTAINTY_MEASURE_WITH_UNIT(LENGTH_MEASURE(1.E-07),#11365,
  'distance_accuracy_value','confusion accuracy');
#11369 = CONTEXT_DEPENDENT_SHAPE_REPRESENTATION(#11370,#11372);
#11370 = ( REPRESENTATION_RELATIONSHIP('','',#11325,#10) 
REPRESENTATION_RELATIONSHIP_WITH_TRANSFORMATION(#11371) 
SHAPE_REPRESENTATION_RELATIONSHIP() );
#11371 = ITEM_DEFINED_TRANSFORMATION('','',#11,#739);
#11372 = PRODUCT_DEFINITION_SHAPE('Placement','Placement of an item',
  #11373);
#11373 = NEXT_ASSEMBLY_USAGE_OCCURRENCE('142063','BALL_0180','',#5,
  #11320,$);
#11374 = PRODUCT_RELATED_PRODUCT_CATEGORY('part',$,(#11322));
#11375 = SHAPE_DEFINITION_REPRESENTATION(#11376,#11382);
#11376 = PRODUCT_DEFINITION_SHAPE('','',#11377);
#11377 = PRODUCT_DEFINITION('design','',#11378,#11381);
#11378 = PRODUCT_DEFINITION_FORMATION('','',#11379);
#11379 = PRODUCT('BALL_0181','BALL_0181','',(#11380));
#11380 = PRODUCT_CONTEXT('',#2,'mechanical');
#11381 = PRODUCT_DEFINITION_CONTEXT('part definition',#2,'design');
#11382 = ADVANCED_BREP_SHAPE_REPRESENTATION('',(#11,#11383),#11421);
#11383 = MANIFOLD_SOLID_BREP('',#11384);
#11384 = CLOSED_SHELL('',(#11385,#11412));
#11385 = ADVANCED_FACE('',(#11386),#11407,.T.);
#11386 = FACE_BOUND('',#11387,.T.);
#11387 = EDGE_LOOP('',(#11388,#11397,#11406));
#11388 = ORIENTED_EDGE('',*,*,#11389,.T.);
#11389 = EDGE_CURVE('',#11390,#11390,#11392,.T.);
#11390 = VERTEX_POINT('',#11391);
#11391 = CARTESIAN_POINT('',(-3.6,0.243199999999,-6.053399999999));
#11392 = CIRCLE('',#11393,0.121600000001);
#11393 = AXIS2_PLACEMENT_3D('',#11394,#11395,#11396);
#11394 = CARTESIAN_POINT('',(-3.6,0.243199999999,-6.175));
#11395 = DIRECTION('',(-5.551115123126E-17,-1.,0.));
#11396 = DIRECTION('',(6.108492277512E-29,-3.390894386119E-45,1.));
#11397 = ORIENTED_EDGE('',*,*,#11398,.T.);
#11398 = EDGE_CURVE('',#11390,#11399,#11401,.T.);
#11399 = VERTEX_POINT('',#11400);
#11400 = CARTESIAN_POINT('',(-3.6,1.334880397544E-13,-6.175));
#11401 = CIRCLE('',#11402,0.152);
#11402 = AXIS2_PLACEMENT_3D('',#11403,#11404,#11405);
#11403 = CARTESIAN_POINT('',(-3.6,0.152,-6.175));
#11404 = DIRECTION('',(1.,-1.110223024625E-16,-5.551115123126E-17));
#11405 = DIRECTION('',(1.110223024625E-16,1.,5.551115123126E-17));
#11406 = ORIENTED_EDGE('',*,*,#11398,.F.);
#11407 = SPHERICAL_SURFACE('',#11408,0.152);
#11408 = AXIS2_PLACEMENT_3D('',#11409,#11410,#11411);
#11409 = CARTESIAN_POINT('',(-3.6,0.152,-6.175));
#11410 = DIRECTION('',(-5.551115123126E-17,-1.,-0.));
#11411 = DIRECTION('',(5.463066675185E-29,-3.032611203926E-45,1.));
#11412 = ADVANCED_FACE('',(#11413),#11416,.F.);
#11413 = FACE_BOUND('',#11414,.F.);
#11414 = EDGE_LOOP('',(#11415));
#11415 = ORIENTED_EDGE('',*,*,#11389,.T.);
#11416 = PLANE('',#11417);
#11417 = AXIS2_PLACEMENT_3D('',#11418,#11419,#11420);
#11418 = CARTESIAN_POINT('',(-3.6,0.2432,-6.175));
#11419 = DIRECTION('',(-5.551115123126E-17,-1.,-0.));
#11420 = DIRECTION('',(6.10849227756E-29,-3.390894386146E-45,1.));
#11421 = ( GEOMETRIC_REPRESENTATION_CONTEXT(3) 
GLOBAL_UNCERTAINTY_ASSIGNED_CONTEXT((#11425)) 
GLOBAL_UNIT_ASSIGNED_CONTEXT((#11422,#11423,#11424)) 
REPRESENTATION_CONTEXT('Context #1',
  '3D Context with UNIT and UNCERTAINTY') );
#11422 = ( LENGTH_UNIT() NAMED_UNIT(*) SI_UNIT(.MILLI.,.METRE.) );
#11423 = ( NAMED_UNIT(*) PLANE_ANGLE_UNIT() SI_UNIT($,.RADIAN.) );
#11424 = ( NAMED_UNIT(*) SI_UNIT($,.STERADIAN.) SOLID_ANGLE_UNIT() );
#11425 = UNCERTAINTY_MEASURE_WITH_UNIT(LENGTH_MEASURE(1.E-07),#11422,
  'distance_accuracy_value','confusion accuracy');
#11426 = CONTEXT_DEPENDENT_SHAPE_REPRESENTATION(#11427,#11429);
#11427 = ( REPRESENTATION_RELATIONSHIP('','',#11382,#10) 
REPRESENTATION_RELATIONSHIP_WITH_TRANSFORMATION(#11428) 
SHAPE_REPRESENTATION_RELATIONSHIP() );
#11428 = ITEM_DEFINED_TRANSFORMATION('','',#11,#743);
#11429 = PRODUCT_DEFINITION_SHAPE('Placement','Placement of an item',
  #11430);
#11430 = NEXT_ASSEMBLY_USAGE_OCCURRENCE('142064','BALL_0181','',#5,
  #11377,$);
#11431 = PRODUCT_RELATED_PRODUCT_CATEGORY('part',$,(#11379));
#11432 = SHAPE_DEFINITION_REPRESENTATION(#11433,#11439);
#11433 = PRODUCT_DEFINITION_SHAPE('','',#11434);
#11434 = PRODUCT_DEFINITION('design','',#11435,#11438);
#11435 = PRODUCT_DEFINITION_FORMATION('','',#11436);
#11436 = PRODUCT('BALL_0182','BALL_0182','',(#11437));
#11437 = PRODUCT_CONTEXT('',#2,'mechanical');
#11438 = PRODUCT_DEFINITION_CONTEXT('part definition',#2,'design');
#11439 = ADVANCED_BREP_SHAPE_REPRESENTATION('',(#11,#11440),#11478);
#11440 = MANIFOLD_SOLID_BREP('',#11441);
#11441 = CLOSED_SHELL('',(#11442,#11469));
#11442 = ADVANCED_FACE('',(#11443),#11464,.T.);
#11443 = FACE_BOUND('',#11444,.T.);
#11444 = EDGE_LOOP('',(#11445,#11454,#11463));
#11445 = ORIENTED_EDGE('',*,*,#11446,.T.);
#11446 = EDGE_CURVE('',#11447,#11447,#11449,.T.);
#11447 = VERTEX_POINT('',#11448);
#11448 = CARTESIAN_POINT('',(-3.6,0.243199999999,-6.053399999999));
#11449 = CIRCLE('',#11450,0.121600000001);
#11450 = AXIS2_PLACEMENT_3D('',#11451,#11452,#11453);
#11451 = CARTESIAN_POINT('',(-3.6,0.243199999999,-6.175));
#11452 = DIRECTION('',(-5.551115123126E-17,-1.,0.));
#11453 = DIRECTION('',(6.108492277512E-29,-3.390894386119E-45,1.));
#11454 = ORIENTED_EDGE('',*,*,#11455,.T.);
#11455 = EDGE_CURVE('',#11447,#11456,#11458,.T.);
#11456 = VERTEX_POINT('',#11457);
#11457 = CARTESIAN_POINT('',(-3.6,1.334880397544E-13,-6.175));
#11458 = CIRCLE('',#11459,0.152);
#11459 = AXIS2_PLACEMENT_3D('',#11460,#11461,#11462);
#11460 = CARTESIAN_POINT('',(-3.6,0.152,-6.175));
#11461 = DIRECTION('',(1.,-1.110223024625E-16,-5.551115123126E-17));
#11462 = DIRECTION('',(1.110223024625E-16,1.,5.551115123126E-17));
#11463 = ORIENTED_EDGE('',*,*,#11455,.F.);
#11464 = SPHERICAL_SURFACE('',#11465,0.152);
#11465 = AXIS2_PLACEMENT_3D('',#11466,#11467,#11468);
#11466 = CARTESIAN_POINT('',(-3.6,0.152,-6.175));
#11467 = DIRECTION('',(-5.551115123126E-17,-1.,-0.));
#11468 = DIRECTION('',(5.463066675185E-29,-3.032611203926E-45,1.));
#11469 = ADVANCED_FACE('',(#11470),#11473,.F.);
#11470 = FACE_BOUND('',#11471,.F.);
#11471 = EDGE_LOOP('',(#11472));
#11472 = ORIENTED_EDGE('',*,*,#11446,.T.);
#11473 = PLANE('',#11474);
#11474 = AXIS2_PLACEMENT_3D('',#11475,#11476,#11477);
#11475 = CARTESIAN_POINT('',(-3.6,0.2432,-6.175));
#11476 = DIRECTION('',(-5.551115123126E-17,-1.,-0.));
#11477 = DIRECTION('',(6.10849227756E-29,-3.390894386146E-45,1.));
#11478 = ( GEOMETRIC_REPRESENTATION_CONTEXT(3) 
GLOBAL_UNCERTAINTY_ASSIGNED_CONTEXT((#11482)) 
GLOBAL_UNIT_ASSIGNED_CONTEXT((#11479,#11480,#11481)) 
REPRESENTATION_CONTEXT('Context #1',
  '3D Context with UNIT and UNCERTAINTY') );
#11479 = ( LENGTH_UNIT() NAMED_UNIT(*) SI_UNIT(.MILLI.,.METRE.) );
#11480 = ( NAMED_UNIT(*) PLANE_ANGLE_UNIT() SI_UNIT($,.RADIAN.) );
#11481 = ( NAMED_UNIT(*) SI_UNIT($,.STERADIAN.) SOLID_ANGLE_UNIT() );
#11482 = UNCERTAINTY_MEASURE_WITH_UNIT(LENGTH_MEASURE(1.E-07),#11479,
  'distance_accuracy_value','confusion accuracy');
#11483 = CONTEXT_DEPENDENT_SHAPE_REPRESENTATION(#11484,#11486);
#11484 = ( REPRESENTATION_RELATIONSHIP('','',#11439,#10) 
REPRESENTATION_RELATIONSHIP_WITH_TRANSFORMATION(#11485) 
SHAPE_REPRESENTATION_RELATIONSHIP() );
#11485 = ITEM_DEFINED_TRANSFORMATION('','',#11,#747);
#11486 = PRODUCT_DEFINITION_SHAPE('Placement','Placement of an item',
  #11487);
#11487 = NEXT_ASSEMBLY_USAGE_OCCURRENCE('142065','BALL_0182','',#5,
  #11434,$);
#11488 = PRODUCT_RELATED_PRODUCT_CATEGORY('part',$,(#11436));
#11489 = SHAPE_DEFINITION_REPRESENTATION(#11490,#11496);
#11490 = PRODUCT_DEFINITION_SHAPE('','',#11491);
#11491 = PRODUCT_DEFINITION('design','',#11492,#11495);
#11492 = PRODUCT_DEFINITION_FORMATION('','',#11493);
#11493 = PRODUCT('BALL_0183','BALL_0183','',(#11494));
#11494 = PRODUCT_CONTEXT('',#2,'mechanical');
#11495 = PRODUCT_DEFINITION_CONTEXT('part definition',#2,'design');
#11496 = ADVANCED_BREP_SHAPE_REPRESENTATION('',(#11,#11497),#11535);
#11497 = MANIFOLD_SOLID_BREP('',#11498);
#11498 = CLOSED_SHELL('',(#11499,#11526));
#11499 = ADVANCED_FACE('',(#11500),#11521,.T.);
#11500 = FACE_BOUND('',#11501,.T.);
#11501 = EDGE_LOOP('',(#11502,#11511,#11520));
#11502 = ORIENTED_EDGE('',*,*,#11503,.T.);
#11503 = EDGE_CURVE('',#11504,#11504,#11506,.T.);
#11504 = VERTEX_POINT('',#11505);
#11505 = CARTESIAN_POINT('',(-3.6,0.243199999999,-6.053399999999));
#11506 = CIRCLE('',#11507,0.121600000001);
#11507 = AXIS2_PLACEMENT_3D('',#11508,#11509,#11510);
#11508 = CARTESIAN_POINT('',(-3.6,0.243199999999,-6.175));
#11509 = DIRECTION('',(-5.551115123126E-17,-1.,0.));
#11510 = DIRECTION('',(6.108492277512E-29,-3.390894386119E-45,1.));
#11511 = ORIENTED_EDGE('',*,*,#11512,.T.);
#11512 = EDGE_CURVE('',#11504,#11513,#11515,.T.);
#11513 = VERTEX_POINT('',#11514);
#11514 = CARTESIAN_POINT('',(-3.6,1.334880397544E-13,-6.175));
#11515 = CIRCLE('',#11516,0.152);
#11516 = AXIS2_PLACEMENT_3D('',#11517,#11518,#11519);
#11517 = CARTESIAN_POINT('',(-3.6,0.152,-6.175));
#11518 = DIRECTION('',(1.,-1.110223024625E-16,-5.551115123126E-17));
#11519 = DIRECTION('',(1.110223024625E-16,1.,5.551115123126E-17));
#11520 = ORIENTED_EDGE('',*,*,#11512,.F.);
#11521 = SPHERICAL_SURFACE('',#11522,0.152);
#11522 = AXIS2_PLACEMENT_3D('',#11523,#11524,#11525);
#11523 = CARTESIAN_POINT('',(-3.6,0.152,-6.175));
#11524 = DIRECTION('',(-5.551115123126E-17,-1.,-0.));
#11525 = DIRECTION('',(5.463066675185E-29,-3.032611203926E-45,1.));
#11526 = ADVANCED_FACE('',(#11527),#11530,.F.);
#11527 = FACE_BOUND('',#11528,.F.);
#11528 = EDGE_LOOP('',(#11529));
#11529 = ORIENTED_EDGE('',*,*,#11503,.T.);
#11530 = PLANE('',#11531);
#11531 = AXIS2_PLACEMENT_3D('',#11532,#11533,#11534);
#11532 = CARTESIAN_POINT('',(-3.6,0.2432,-6.175));
#11533 = DIRECTION('',(-5.551115123126E-17,-1.,-0.));
#11534 = DIRECTION('',(6.10849227756E-29,-3.390894386146E-45,1.));
#11535 = ( GEOMETRIC_REPRESENTATION_CONTEXT(3) 
GLOBAL_UNCERTAINTY_ASSIGNED_CONTEXT((#11539)) 
GLOBAL_UNIT_ASSIGNED_CONTEXT((#11536,#11537,#11538)) 
REPRESENTATION_CONTEXT('Context #1',
  '3D Context with UNIT and UNCERTAINTY') );
#11536 = ( LENGTH_UNIT() NAMED_UNIT(*) SI_UNIT(.MILLI.,.METRE.) );
#11537 = ( NAMED_UNIT(*) PLANE_ANGLE_UNIT() SI_UNIT($,.RADIAN.) );
#11538 = ( NAMED_UNIT(*) SI_UNIT($,.STERADIAN.) SOLID_ANGLE_UNIT() );
#11539 = UNCERTAINTY_MEASURE_WITH_UNIT(LENGTH_MEASURE(1.E-07),#11536,
  'distance_accuracy_value','confusion accuracy');
#11540 = CONTEXT_DEPENDENT_SHAPE_REPRESENTATION(#11541,#11543);
#11541 = ( REPRESENTATION_RELATIONSHIP('','',#11496,#10) 
REPRESENTATION_RELATIONSHIP_WITH_TRANSFORMATION(#11542) 
SHAPE_REPRESENTATION_RELATIONSHIP() );
#11542 = ITEM_DEFINED_TRANSFORMATION('','',#11,#751);
#11543 = PRODUCT_DEFINITION_SHAPE('Placement','Placement of an item',
  #11544);
#11544 = NEXT_ASSEMBLY_USAGE_OCCURRENCE('142066','BALL_0183','',#5,
  #11491,$);
#11545 = PRODUCT_RELATED_PRODUCT_CATEGORY('part',$,(#11493));
#11546 = SHAPE_DEFINITION_REPRESENTATION(#11547,#11553);
#11547 = PRODUCT_DEFINITION_SHAPE('','',#11548);
#11548 = PRODUCT_DEFINITION('design','',#11549,#11552);
#11549 = PRODUCT_DEFINITION_FORMATION('','',#11550);
#11550 = PRODUCT('BALL_0184','BALL_0184','',(#11551));
#11551 = PRODUCT_CONTEXT('',#2,'mechanical');
#11552 = PRODUCT_DEFINITION_CONTEXT('part definition',#2,'design');
#11553 = ADVANCED_BREP_SHAPE_REPRESENTATION('',(#11,#11554),#11592);
#11554 = MANIFOLD_SOLID_BREP('',#11555);
#11555 = CLOSED_SHELL('',(#11556,#11583));
#11556 = ADVANCED_FACE('',(#11557),#11578,.T.);
#11557 = FACE_BOUND('',#11558,.T.);
#11558 = EDGE_LOOP('',(#11559,#11568,#11577));
#11559 = ORIENTED_EDGE('',*,*,#11560,.T.);
#11560 = EDGE_CURVE('',#11561,#11561,#11563,.T.);
#11561 = VERTEX_POINT('',#11562);
#11562 = CARTESIAN_POINT('',(-3.6,0.243199999999,-6.053399999999));
#11563 = CIRCLE('',#11564,0.121600000001);
#11564 = AXIS2_PLACEMENT_3D('',#11565,#11566,#11567);
#11565 = CARTESIAN_POINT('',(-3.6,0.243199999999,-6.175));
#11566 = DIRECTION('',(-5.551115123126E-17,-1.,0.));
#11567 = DIRECTION('',(6.108492277512E-29,-3.390894386119E-45,1.));
#11568 = ORIENTED_EDGE('',*,*,#11569,.T.);
#11569 = EDGE_CURVE('',#11561,#11570,#11572,.T.);
#11570 = VERTEX_POINT('',#11571);
#11571 = CARTESIAN_POINT('',(-3.6,1.334880397544E-13,-6.175));
#11572 = CIRCLE('',#11573,0.152);
#11573 = AXIS2_PLACEMENT_3D('',#11574,#11575,#11576);
#11574 = CARTESIAN_POINT('',(-3.6,0.152,-6.175));
#11575 = DIRECTION('',(1.,-1.110223024625E-16,-5.551115123126E-17));
#11576 = DIRECTION('',(1.110223024625E-16,1.,5.551115123126E-17));
#11577 = ORIENTED_EDGE('',*,*,#11569,.F.);
#11578 = SPHERICAL_SURFACE('',#11579,0.152);
#11579 = AXIS2_PLACEMENT_3D('',#11580,#11581,#11582);
#11580 = CARTESIAN_POINT('',(-3.6,0.152,-6.175));
#11581 = DIRECTION('',(-5.551115123126E-17,-1.,-0.));
#11582 = DIRECTION('',(5.463066675185E-29,-3.032611203926E-45,1.));
#11583 = ADVANCED_FACE('',(#11584),#11587,.F.);
#11584 = FACE_BOUND('',#11585,.F.);
#11585 = EDGE_LOOP('',(#11586));
#11586 = ORIENTED_EDGE('',*,*,#11560,.T.);
#11587 = PLANE('',#11588);
#11588 = AXIS2_PLACEMENT_3D('',#11589,#11590,#11591);
#11589 = CARTESIAN_POINT('',(-3.6,0.2432,-6.175));
#11590 = DIRECTION('',(-5.551115123126E-17,-1.,-0.));
#11591 = DIRECTION('',(6.10849227756E-29,-3.390894386146E-45,1.));
#11592 = ( GEOMETRIC_REPRESENTATION_CONTEXT(3) 
GLOBAL_UNCERTAINTY_ASSIGNED_CONTEXT((#11596)) 
GLOBAL_UNIT_ASSIGNED_CONTEXT((#11593,#11594,#11595)) 
REPRESENTATION_CONTEXT('Context #1',
  '3D Context with UNIT and UNCERTAINTY') );
#11593 = ( LENGTH_UNIT() NAMED_UNIT(*) SI_UNIT(.MILLI.,.METRE.) );
#11594 = ( NAMED_UNIT(*) PLANE_ANGLE_UNIT() SI_UNIT($,.RADIAN.) );
#11595 = ( NAMED_UNIT(*) SI_UNIT($,.STERADIAN.) SOLID_ANGLE_UNIT() );
#11596 = UNCERTAINTY_MEASURE_WITH_UNIT(LENGTH_MEASURE(1.E-07),#11593,
  'distance_accuracy_value','confusion accuracy');
#11597 = CONTEXT_DEPENDENT_SHAPE_REPRESENTATION(#11598,#11600);
#11598 = ( REPRESENTATION_RELATIONSHIP('','',#11553,#10) 
REPRESENTATION_RELATIONSHIP_WITH_TRANSFORMATION(#11599) 
SHAPE_REPRESENTATION_RELATIONSHIP() );
#11599 = ITEM_DEFINED_TRANSFORMATION('','',#11,#755);
#11600 = PRODUCT_DEFINITION_SHAPE('Placement','Placement of an item',
  #11601);
#11601 = NEXT_ASSEMBLY_USAGE_OCCURRENCE('142067','BALL_0184','',#5,
  #11548,$);
#11602 = PRODUCT_RELATED_PRODUCT_CATEGORY('part',$,(#11550));
#11603 = SHAPE_DEFINITION_REPRESENTATION(#11604,#11610);
#11604 = PRODUCT_DEFINITION_SHAPE('','',#11605);
#11605 = PRODUCT_DEFINITION('design','',#11606,#11609);
#11606 = PRODUCT_DEFINITION_FORMATION('','',#11607);
#11607 = PRODUCT('BALL_0185','BALL_0185','',(#11608));
#11608 = PRODUCT_CONTEXT('',#2,'mechanical');
#11609 = PRODUCT_DEFINITION_CONTEXT('part definition',#2,'design');
#11610 = ADVANCED_BREP_SHAPE_REPRESENTATION('',(#11,#11611),#11649);
#11611 = MANIFOLD_SOLID_BREP('',#11612);
#11612 = CLOSED_SHELL('',(#11613,#11640));
#11613 = ADVANCED_FACE('',(#11614),#11635,.T.);
#11614 = FACE_BOUND('',#11615,.T.);
#11615 = EDGE_LOOP('',(#11616,#11625,#11634));
#11616 = ORIENTED_EDGE('',*,*,#11617,.T.);
#11617 = EDGE_CURVE('',#11618,#11618,#11620,.T.);
#11618 = VERTEX_POINT('',#11619);
#11619 = CARTESIAN_POINT('',(-3.6,0.243199999999,-6.053399999999));
#11620 = CIRCLE('',#11621,0.121600000001);
#11621 = AXIS2_PLACEMENT_3D('',#11622,#11623,#11624);
#11622 = CARTESIAN_POINT('',(-3.6,0.243199999999,-6.175));
#11623 = DIRECTION('',(-5.551115123126E-17,-1.,0.));
#11624 = DIRECTION('',(6.108492277512E-29,-3.390894386119E-45,1.));
#11625 = ORIENTED_EDGE('',*,*,#11626,.T.);
#11626 = EDGE_CURVE('',#11618,#11627,#11629,.T.);
#11627 = VERTEX_POINT('',#11628);
#11628 = CARTESIAN_POINT('',(-3.6,1.334880397544E-13,-6.175));
#11629 = CIRCLE('',#11630,0.152);
#11630 = AXIS2_PLACEMENT_3D('',#11631,#11632,#11633);
#11631 = CARTESIAN_POINT('',(-3.6,0.152,-6.175));
#11632 = DIRECTION('',(1.,-1.110223024625E-16,-5.551115123126E-17));
#11633 = DIRECTION('',(1.110223024625E-16,1.,5.551115123126E-17));
#11634 = ORIENTED_EDGE('',*,*,#11626,.F.);
#11635 = SPHERICAL_SURFACE('',#11636,0.152);
#11636 = AXIS2_PLACEMENT_3D('',#11637,#11638,#11639);
#11637 = CARTESIAN_POINT('',(-3.6,0.152,-6.175));
#11638 = DIRECTION('',(-5.551115123126E-17,-1.,-0.));
#11639 = DIRECTION('',(5.463066675185E-29,-3.032611203926E-45,1.));
#11640 = ADVANCED_FACE('',(#11641),#11644,.F.);
#11641 = FACE_BOUND('',#11642,.F.);
#11642 = EDGE_LOOP('',(#11643));
#11643 = ORIENTED_EDGE('',*,*,#11617,.T.);
#11644 = PLANE('',#11645);
#11645 = AXIS2_PLACEMENT_3D('',#11646,#11647,#11648);
#11646 = CARTESIAN_POINT('',(-3.6,0.2432,-6.175));
#11647 = DIRECTION('',(-5.551115123126E-17,-1.,-0.));
#11648 = DIRECTION('',(6.10849227756E-29,-3.390894386146E-45,1.));
#11649 = ( GEOMETRIC_REPRESENTATION_CONTEXT(3) 
GLOBAL_UNCERTAINTY_ASSIGNED_CONTEXT((#11653)) 
GLOBAL_UNIT_ASSIGNED_CONTEXT((#11650,#11651,#11652)) 
REPRESENTATION_CONTEXT('Context #1',
  '3D Context with UNIT and UNCERTAINTY') );
#11650 = ( LENGTH_UNIT() NAMED_UNIT(*) SI_UNIT(.MILLI.,.METRE.) );
#11651 = ( NAMED_UNIT(*) PLANE_ANGLE_UNIT() SI_UNIT($,.RADIAN.) );
#11652 = ( NAMED_UNIT(*) SI_UNIT($,.STERADIAN.) SOLID_ANGLE_UNIT() );
#11653 = UNCERTAINTY_MEASURE_WITH_UNIT(LENGTH_MEASURE(1.E-07),#11650,
  'distance_accuracy_value','confusion accuracy');
#11654 = CONTEXT_DEPENDENT_SHAPE_REPRESENTATION(#11655,#11657);
#11655 = ( REPRESENTATION_RELATIONSHIP('','',#11610,#10) 
REPRESENTATION_RELATIONSHIP_WITH_TRANSFORMATION(#11656) 
SHAPE_REPRESENTATION_RELATIONSHIP() );
#11656 = ITEM_DEFINED_TRANSFORMATION('','',#11,#759);
#11657 = PRODUCT_DEFINITION_SHAPE('Placement','Placement of an item',
  #11658);
#11658 = NEXT_ASSEMBLY_USAGE_OCCURRENCE('142068','BALL_0185','',#5,
  #11605,$);
#11659 = PRODUCT_RELATED_PRODUCT_CATEGORY('part',$,(#11607));
#11660 = SHAPE_DEFINITION_REPRESENTATION(#11661,#11667);
#11661 = PRODUCT_DEFINITION_SHAPE('','',#11662);
#11662 = PRODUCT_DEFINITION('design','',#11663,#11666);
#11663 = PRODUCT_DEFINITION_FORMATION('','',#11664);
#11664 = PRODUCT('BALL_0186','BALL_0186','',(#11665));
#11665 = PRODUCT_CONTEXT('',#2,'mechanical');
#11666 = PRODUCT_DEFINITION_CONTEXT('part definition',#2,'design');
#11667 = ADVANCED_BREP_SHAPE_REPRESENTATION('',(#11,#11668),#11706);
#11668 = MANIFOLD_SOLID_BREP('',#11669);
#11669 = CLOSED_SHELL('',(#11670,#11697));
#11670 = ADVANCED_FACE('',(#11671),#11692,.T.);
#11671 = FACE_BOUND('',#11672,.T.);
#11672 = EDGE_LOOP('',(#11673,#11682,#11691));
#11673 = ORIENTED_EDGE('',*,*,#11674,.T.);
#11674 = EDGE_CURVE('',#11675,#11675,#11677,.T.);
#11675 = VERTEX_POINT('',#11676);
#11676 = CARTESIAN_POINT('',(-3.6,0.243199999999,-6.053399999999));
#11677 = CIRCLE('',#11678,0.121600000001);
#11678 = AXIS2_PLACEMENT_3D('',#11679,#11680,#11681);
#11679 = CARTESIAN_POINT('',(-3.6,0.243199999999,-6.175));
#11680 = DIRECTION('',(-5.551115123126E-17,-1.,0.));
#11681 = DIRECTION('',(6.108492277512E-29,-3.390894386119E-45,1.));
#11682 = ORIENTED_EDGE('',*,*,#11683,.T.);
#11683 = EDGE_CURVE('',#11675,#11684,#11686,.T.);
#11684 = VERTEX_POINT('',#11685);
#11685 = CARTESIAN_POINT('',(-3.6,1.334880397544E-13,-6.175));
#11686 = CIRCLE('',#11687,0.152);
#11687 = AXIS2_PLACEMENT_3D('',#11688,#11689,#11690);
#11688 = CARTESIAN_POINT('',(-3.6,0.152,-6.175));
#11689 = DIRECTION('',(1.,-1.110223024625E-16,-5.551115123126E-17));
#11690 = DIRECTION('',(1.110223024625E-16,1.,5.551115123126E-17));
#11691 = ORIENTED_EDGE('',*,*,#11683,.F.);
#11692 = SPHERICAL_SURFACE('',#11693,0.152);
#11693 = AXIS2_PLACEMENT_3D('',#11694,#11695,#11696);
#11694 = CARTESIAN_POINT('',(-3.6,0.152,-6.175));
#11695 = DIRECTION('',(-5.551115123126E-17,-1.,-0.));
#11696 = DIRECTION('',(5.463066675185E-29,-3.032611203926E-45,1.));
#11697 = ADVANCED_FACE('',(#11698),#11701,.F.);
#11698 = FACE_BOUND('',#11699,.F.);
#11699 = EDGE_LOOP('',(#11700));
#11700 = ORIENTED_EDGE('',*,*,#11674,.T.);
#11701 = PLANE('',#11702);
#11702 = AXIS2_PLACEMENT_3D('',#11703,#11704,#11705);
#11703 = CARTESIAN_POINT('',(-3.6,0.2432,-6.175));
#11704 = DIRECTION('',(-5.551115123126E-17,-1.,-0.));
#11705 = DIRECTION('',(6.10849227756E-29,-3.390894386146E-45,1.));
#11706 = ( GEOMETRIC_REPRESENTATION_CONTEXT(3) 
GLOBAL_UNCERTAINTY_ASSIGNED_CONTEXT((#11710)) 
GLOBAL_UNIT_ASSIGNED_CONTEXT((#11707,#11708,#11709)) 
REPRESENTATION_CONTEXT('Context #1',
  '3D Context with UNIT and UNCERTAINTY') );
#11707 = ( LENGTH_UNIT() NAMED_UNIT(*) SI_UNIT(.MILLI.,.METRE.) );
#11708 = ( NAMED_UNIT(*) PLANE_ANGLE_UNIT() SI_UNIT($,.RADIAN.) );
#11709 = ( NAMED_UNIT(*) SI_UNIT($,.STERADIAN.) SOLID_ANGLE_UNIT() );
#11710 = UNCERTAINTY_MEASURE_WITH_UNIT(LENGTH_MEASURE(1.E-07),#11707,
  'distance_accuracy_value','confusion accuracy');
#11711 = CONTEXT_DEPENDENT_SHAPE_REPRESENTATION(#11712,#11714);
#11712 = ( REPRESENTATION_RELATIONSHIP('','',#11667,#10) 
REPRESENTATION_RELATIONSHIP_WITH_TRANSFORMATION(#11713) 
SHAPE_REPRESENTATION_RELATIONSHIP() );
#11713 = ITEM_DEFINED_TRANSFORMATION('','',#11,#763);
#11714 = PRODUCT_DEFINITION_SHAPE('Placement','Placement of an item',
  #11715);
#11715 = NEXT_ASSEMBLY_USAGE_OCCURRENCE('142069','BALL_0186','',#5,
  #11662,$);
#11716 = PRODUCT_RELATED_PRODUCT_CATEGORY('part',$,(#11664));
#11717 = SHAPE_DEFINITION_REPRESENTATION(#11718,#11724);
#11718 = PRODUCT_DEFINITION_SHAPE('','',#11719);
#11719 = PRODUCT_DEFINITION('design','',#11720,#11723);
#11720 = PRODUCT_DEFINITION_FORMATION('','',#11721);
#11721 = PRODUCT('BALL_0187','BALL_0187','',(#11722));
#11722 = PRODUCT_CONTEXT('',#2,'mechanical');
#11723 = PRODUCT_DEFINITION_CONTEXT('part definition',#2,'design');
#11724 = ADVANCED_BREP_SHAPE_REPRESENTATION('',(#11,#11725),#11763);
#11725 = MANIFOLD_SOLID_BREP('',#11726);
#11726 = CLOSED_SHELL('',(#11727,#11754));
#11727 = ADVANCED_FACE('',(#11728),#11749,.T.);
#11728 = FACE_BOUND('',#11729,.T.);
#11729 = EDGE_LOOP('',(#11730,#11739,#11748));
#11730 = ORIENTED_EDGE('',*,*,#11731,.T.);
#11731 = EDGE_CURVE('',#11732,#11732,#11734,.T.);
#11732 = VERTEX_POINT('',#11733);
#11733 = CARTESIAN_POINT('',(-3.6,0.243199999999,-6.053399999999));
#11734 = CIRCLE('',#11735,0.121600000001);
#11735 = AXIS2_PLACEMENT_3D('',#11736,#11737,#11738);
#11736 = CARTESIAN_POINT('',(-3.6,0.243199999999,-6.175));
#11737 = DIRECTION('',(-5.551115123126E-17,-1.,0.));
#11738 = DIRECTION('',(6.108492277512E-29,-3.390894386119E-45,1.));
#11739 = ORIENTED_EDGE('',*,*,#11740,.T.);
#11740 = EDGE_CURVE('',#11732,#11741,#11743,.T.);
#11741 = VERTEX_POINT('',#11742);
#11742 = CARTESIAN_POINT('',(-3.6,1.334880397544E-13,-6.175));
#11743 = CIRCLE('',#11744,0.152);
#11744 = AXIS2_PLACEMENT_3D('',#11745,#11746,#11747);
#11745 = CARTESIAN_POINT('',(-3.6,0.152,-6.175));
#11746 = DIRECTION('',(1.,-1.110223024625E-16,-5.551115123126E-17));
#11747 = DIRECTION('',(1.110223024625E-16,1.,5.551115123126E-17));
#11748 = ORIENTED_EDGE('',*,*,#11740,.F.);
#11749 = SPHERICAL_SURFACE('',#11750,0.152);
#11750 = AXIS2_PLACEMENT_3D('',#11751,#11752,#11753);
#11751 = CARTESIAN_POINT('',(-3.6,0.152,-6.175));
#11752 = DIRECTION('',(-5.551115123126E-17,-1.,-0.));
#11753 = DIRECTION('',(5.463066675185E-29,-3.032611203926E-45,1.));
#11754 = ADVANCED_FACE('',(#11755),#11758,.F.);
#11755 = FACE_BOUND('',#11756,.F.);
#11756 = EDGE_LOOP('',(#11757));
#11757 = ORIENTED_EDGE('',*,*,#11731,.T.);
#11758 = PLANE('',#11759);
#11759 = AXIS2_PLACEMENT_3D('',#11760,#11761,#11762);
#11760 = CARTESIAN_POINT('',(-3.6,0.2432,-6.175));
#11761 = DIRECTION('',(-5.551115123126E-17,-1.,-0.));
#11762 = DIRECTION('',(6.10849227756E-29,-3.390894386146E-45,1.));
#11763 = ( GEOMETRIC_REPRESENTATION_CONTEXT(3) 
GLOBAL_UNCERTAINTY_ASSIGNED_CONTEXT((#11767)) 
GLOBAL_UNIT_ASSIGNED_CONTEXT((#11764,#11765,#11766)) 
REPRESENTATION_CONTEXT('Context #1',
  '3D Context with UNIT and UNCERTAINTY') );
#11764 = ( LENGTH_UNIT() NAMED_UNIT(*) SI_UNIT(.MILLI.,.METRE.) );
#11765 = ( NAMED_UNIT(*) PLANE_ANGLE_UNIT() SI_UNIT($,.RADIAN.) );
#11766 = ( NAMED_UNIT(*) SI_UNIT($,.STERADIAN.) SOLID_ANGLE_UNIT() );
#11767 = UNCERTAINTY_MEASURE_WITH_UNIT(LENGTH_MEASURE(1.E-07),#11764,
  'distance_accuracy_value','confusion accuracy');
#11768 = CONTEXT_DEPENDENT_SHAPE_REPRESENTATION(#11769,#11771);
#11769 = ( REPRESENTATION_RELATIONSHIP('','',#11724,#10) 
REPRESENTATION_RELATIONSHIP_WITH_TRANSFORMATION(#11770) 
SHAPE_REPRESENTATION_RELATIONSHIP() );
#11770 = ITEM_DEFINED_TRANSFORMATION('','',#11,#767);
#11771 = PRODUCT_DEFINITION_SHAPE('Placement','Placement of an item',
  #11772);
#11772 = NEXT_ASSEMBLY_USAGE_OCCURRENCE('142070','BALL_0187','',#5,
  #11719,$);
#11773 = PRODUCT_RELATED_PRODUCT_CATEGORY('part',$,(#11721));
#11774 = SHAPE_DEFINITION_REPRESENTATION(#11775,#11781);
#11775 = PRODUCT_DEFINITION_SHAPE('','',#11776);
#11776 = PRODUCT_DEFINITION('design','',#11777,#11780);
#11777 = PRODUCT_DEFINITION_FORMATION('','',#11778);
#11778 = PRODUCT('BALL_0188','BALL_0188','',(#11779));
#11779 = PRODUCT_CONTEXT('',#2,'mechanical');
#11780 = PRODUCT_DEFINITION_CONTEXT('part definition',#2,'design');
#11781 = ADVANCED_BREP_SHAPE_REPRESENTATION('',(#11,#11782),#11820);
#11782 = MANIFOLD_SOLID_BREP('',#11783);
#11783 = CLOSED_SHELL('',(#11784,#11811));
#11784 = ADVANCED_FACE('',(#11785),#11806,.T.);
#11785 = FACE_BOUND('',#11786,.T.);
#11786 = EDGE_LOOP('',(#11787,#11796,#11805));
#11787 = ORIENTED_EDGE('',*,*,#11788,.T.);
#11788 = EDGE_CURVE('',#11789,#11789,#11791,.T.);
#11789 = VERTEX_POINT('',#11790);
#11790 = CARTESIAN_POINT('',(-3.6,0.243199999999,-6.053399999999));
#11791 = CIRCLE('',#11792,0.121600000001);
#11792 = AXIS2_PLACEMENT_3D('',#11793,#11794,#11795);
#11793 = CARTESIAN_POINT('',(-3.6,0.243199999999,-6.175));
#11794 = DIRECTION('',(-5.551115123126E-17,-1.,0.));
#11795 = DIRECTION('',(6.108492277512E-29,-3.390894386119E-45,1.));
#11796 = ORIENTED_EDGE('',*,*,#11797,.T.);
#11797 = EDGE_CURVE('',#11789,#11798,#11800,.T.);
#11798 = VERTEX_POINT('',#11799);
#11799 = CARTESIAN_POINT('',(-3.6,1.334880397544E-13,-6.175));
#11800 = CIRCLE('',#11801,0.152);
#11801 = AXIS2_PLACEMENT_3D('',#11802,#11803,#11804);
#11802 = CARTESIAN_POINT('',(-3.6,0.152,-6.175));
#11803 = DIRECTION('',(1.,-1.110223024625E-16,-5.551115123126E-17));
#11804 = DIRECTION('',(1.110223024625E-16,1.,5.551115123126E-17));
#11805 = ORIENTED_EDGE('',*,*,#11797,.F.);
#11806 = SPHERICAL_SURFACE('',#11807,0.152);
#11807 = AXIS2_PLACEMENT_3D('',#11808,#11809,#11810);
#11808 = CARTESIAN_POINT('',(-3.6,0.152,-6.175));
#11809 = DIRECTION('',(-5.551115123126E-17,-1.,-0.));
#11810 = DIRECTION('',(5.463066675185E-29,-3.032611203926E-45,1.));
#11811 = ADVANCED_FACE('',(#11812),#11815,.F.);
#11812 = FACE_BOUND('',#11813,.F.);
#11813 = EDGE_LOOP('',(#11814));
#11814 = ORIENTED_EDGE('',*,*,#11788,.T.);
#11815 = PLANE('',#11816);
#11816 = AXIS2_PLACEMENT_3D('',#11817,#11818,#11819);
#11817 = CARTESIAN_POINT('',(-3.6,0.2432,-6.175));
#11818 = DIRECTION('',(-5.551115123126E-17,-1.,-0.));
#11819 = DIRECTION('',(6.10849227756E-29,-3.390894386146E-45,1.));
#11820 = ( GEOMETRIC_REPRESENTATION_CONTEXT(3) 
GLOBAL_UNCERTAINTY_ASSIGNED_CONTEXT((#11824)) 
GLOBAL_UNIT_ASSIGNED_CONTEXT((#11821,#11822,#11823)) 
REPRESENTATION_CONTEXT('Context #1',
  '3D Context with UNIT and UNCERTAINTY') );
#11821 = ( LENGTH_UNIT() NAMED_UNIT(*) SI_UNIT(.MILLI.,.METRE.) );
#11822 = ( NAMED_UNIT(*) PLANE_ANGLE_UNIT() SI_UNIT($,.RADIAN.) );
#11823 = ( NAMED_UNIT(*) SI_UNIT($,.STERADIAN.) SOLID_ANGLE_UNIT() );
#11824 = UNCERTAINTY_MEASURE_WITH_UNIT(LENGTH_MEASURE(1.E-07),#11821,
  'distance_accuracy_value','confusion accuracy');
#11825 = CONTEXT_DEPENDENT_SHAPE_REPRESENTATION(#11826,#11828);
#11826 = ( REPRESENTATION_RELATIONSHIP('','',#11781,#10) 
REPRESENTATION_RELATIONSHIP_WITH_TRANSFORMATION(#11827) 
SHAPE_REPRESENTATION_RELATIONSHIP() );
#11827 = ITEM_DEFINED_TRANSFORMATION('','',#11,#771);
#11828 = PRODUCT_DEFINITION_SHAPE('Placement','Placement of an item',
  #11829);
#11829 = NEXT_ASSEMBLY_USAGE_OCCURRENCE('142071','BALL_0188','',#5,
  #11776,$);
#11830 = PRODUCT_RELATED_PRODUCT_CATEGORY('part',$,(#11778));
#11831 = SHAPE_DEFINITION_REPRESENTATION(#11832,#11838);
#11832 = PRODUCT_DEFINITION_SHAPE('','',#11833);
#11833 = PRODUCT_DEFINITION('design','',#11834,#11837);
#11834 = PRODUCT_DEFINITION_FORMATION('','',#11835);
#11835 = PRODUCT('BALL_0189','BALL_0189','',(#11836));
#11836 = PRODUCT_CONTEXT('',#2,'mechanical');
#11837 = PRODUCT_DEFINITION_CONTEXT('part definition',#2,'design');
#11838 = ADVANCED_BREP_SHAPE_REPRESENTATION('',(#11,#11839),#11877);
#11839 = MANIFOLD_SOLID_BREP('',#11840);
#11840 = CLOSED_SHELL('',(#11841,#11868));
#11841 = ADVANCED_FACE('',(#11842),#11863,.T.);
#11842 = FACE_BOUND('',#11843,.T.);
#11843 = EDGE_LOOP('',(#11844,#11853,#11862));
#11844 = ORIENTED_EDGE('',*,*,#11845,.T.);
#11845 = EDGE_CURVE('',#11846,#11846,#11848,.T.);
#11846 = VERTEX_POINT('',#11847);
#11847 = CARTESIAN_POINT('',(-3.6,0.243199999999,-6.053399999999));
#11848 = CIRCLE('',#11849,0.121600000001);
#11849 = AXIS2_PLACEMENT_3D('',#11850,#11851,#11852);
#11850 = CARTESIAN_POINT('',(-3.6,0.243199999999,-6.175));
#11851 = DIRECTION('',(-5.551115123126E-17,-1.,0.));
#11852 = DIRECTION('',(6.108492277512E-29,-3.390894386119E-45,1.));
#11853 = ORIENTED_EDGE('',*,*,#11854,.T.);
#11854 = EDGE_CURVE('',#11846,#11855,#11857,.T.);
#11855 = VERTEX_POINT('',#11856);
#11856 = CARTESIAN_POINT('',(-3.6,1.334880397544E-13,-6.175));
#11857 = CIRCLE('',#11858,0.152);
#11858 = AXIS2_PLACEMENT_3D('',#11859,#11860,#11861);
#11859 = CARTESIAN_POINT('',(-3.6,0.152,-6.175));
#11860 = DIRECTION('',(1.,-1.110223024625E-16,-5.551115123126E-17));
#11861 = DIRECTION('',(1.110223024625E-16,1.,5.551115123126E-17));
#11862 = ORIENTED_EDGE('',*,*,#11854,.F.);
#11863 = SPHERICAL_SURFACE('',#11864,0.152);
#11864 = AXIS2_PLACEMENT_3D('',#11865,#11866,#11867);
#11865 = CARTESIAN_POINT('',(-3.6,0.152,-6.175));
#11866 = DIRECTION('',(-5.551115123126E-17,-1.,-0.));
#11867 = DIRECTION('',(5.463066675185E-29,-3.032611203926E-45,1.));
#11868 = ADVANCED_FACE('',(#11869),#11872,.F.);
#11869 = FACE_BOUND('',#11870,.F.);
#11870 = EDGE_LOOP('',(#11871));
#11871 = ORIENTED_EDGE('',*,*,#11845,.T.);
#11872 = PLANE('',#11873);
#11873 = AXIS2_PLACEMENT_3D('',#11874,#11875,#11876);
#11874 = CARTESIAN_POINT('',(-3.6,0.2432,-6.175));
#11875 = DIRECTION('',(-5.551115123126E-17,-1.,-0.));
#11876 = DIRECTION('',(6.10849227756E-29,-3.390894386146E-45,1.));
#11877 = ( GEOMETRIC_REPRESENTATION_CONTEXT(3) 
GLOBAL_UNCERTAINTY_ASSIGNED_CONTEXT((#11881)) 
GLOBAL_UNIT_ASSIGNED_CONTEXT((#11878,#11879,#11880)) 
REPRESENTATION_CONTEXT('Context #1',
  '3D Context with UNIT and UNCERTAINTY') );
#11878 = ( LENGTH_UNIT() NAMED_UNIT(*) SI_UNIT(.MILLI.,.METRE.) );
#11879 = ( NAMED_UNIT(*) PLANE_ANGLE_UNIT() SI_UNIT($,.RADIAN.) );
#11880 = ( NAMED_UNIT(*) SI_UNIT($,.STERADIAN.) SOLID_ANGLE_UNIT() );
#11881 = UNCERTAINTY_MEASURE_WITH_UNIT(LENGTH_MEASURE(1.E-07),#11878,
  'distance_accuracy_value','confusion accuracy');
#11882 = CONTEXT_DEPENDENT_SHAPE_REPRESENTATION(#11883,#11885);
#11883 = ( REPRESENTATION_RELATIONSHIP('','',#11838,#10) 
REPRESENTATION_RELATIONSHIP_WITH_TRANSFORMATION(#11884) 
SHAPE_REPRESENTATION_RELATIONSHIP() );
#11884 = ITEM_DEFINED_TRANSFORMATION('','',#11,#775);
#11885 = PRODUCT_DEFINITION_SHAPE('Placement','Placement of an item',
  #11886);
#11886 = NEXT_ASSEMBLY_USAGE_OCCURRENCE('142072','BALL_0189','',#5,
  #11833,$);
#11887 = PRODUCT_RELATED_PRODUCT_CATEGORY('part',$,(#11835));
#11888 = SHAPE_DEFINITION_REPRESENTATION(#11889,#11895);
#11889 = PRODUCT_DEFINITION_SHAPE('','',#11890);
#11890 = PRODUCT_DEFINITION('design','',#11891,#11894);
#11891 = PRODUCT_DEFINITION_FORMATION('','',#11892);
#11892 = PRODUCT('BALL_0190','BALL_0190','',(#11893));
#11893 = PRODUCT_CONTEXT('',#2,'mechanical');
#11894 = PRODUCT_DEFINITION_CONTEXT('part definition',#2,'design');
#11895 = ADVANCED_BREP_SHAPE_REPRESENTATION('',(#11,#11896),#11934);
#11896 = MANIFOLD_SOLID_BREP('',#11897);
#11897 = CLOSED_SHELL('',(#11898,#11925));
#11898 = ADVANCED_FACE('',(#11899),#11920,.T.);
#11899 = FACE_BOUND('',#11900,.T.);
#11900 = EDGE_LOOP('',(#11901,#11910,#11919));
#11901 = ORIENTED_EDGE('',*,*,#11902,.T.);
#11902 = EDGE_CURVE('',#11903,#11903,#11905,.T.);
#11903 = VERTEX_POINT('',#11904);
#11904 = CARTESIAN_POINT('',(-3.6,0.243199999999,-6.053399999999));
#11905 = CIRCLE('',#11906,0.121600000001);
#11906 = AXIS2_PLACEMENT_3D('',#11907,#11908,#11909);
#11907 = CARTESIAN_POINT('',(-3.6,0.243199999999,-6.175));
#11908 = DIRECTION('',(-5.551115123126E-17,-1.,0.));
#11909 = DIRECTION('',(6.108492277512E-29,-3.390894386119E-45,1.));
#11910 = ORIENTED_EDGE('',*,*,#11911,.T.);
#11911 = EDGE_CURVE('',#11903,#11912,#11914,.T.);
#11912 = VERTEX_POINT('',#11913);
#11913 = CARTESIAN_POINT('',(-3.6,1.334880397544E-13,-6.175));
#11914 = CIRCLE('',#11915,0.152);
#11915 = AXIS2_PLACEMENT_3D('',#11916,#11917,#11918);
#11916 = CARTESIAN_POINT('',(-3.6,0.152,-6.175));
#11917 = DIRECTION('',(1.,-1.110223024625E-16,-5.551115123126E-17));
#11918 = DIRECTION('',(1.110223024625E-16,1.,5.551115123126E-17));
#11919 = ORIENTED_EDGE('',*,*,#11911,.F.);
#11920 = SPHERICAL_SURFACE('',#11921,0.152);
#11921 = AXIS2_PLACEMENT_3D('',#11922,#11923,#11924);
#11922 = CARTESIAN_POINT('',(-3.6,0.152,-6.175));
#11923 = DIRECTION('',(-5.551115123126E-17,-1.,-0.));
#11924 = DIRECTION('',(5.463066675185E-29,-3.032611203926E-45,1.));
#11925 = ADVANCED_FACE('',(#11926),#11929,.F.);
#11926 = FACE_BOUND('',#11927,.F.);
#11927 = EDGE_LOOP('',(#11928));
#11928 = ORIENTED_EDGE('',*,*,#11902,.T.);
#11929 = PLANE('',#11930);
#11930 = AXIS2_PLACEMENT_3D('',#11931,#11932,#11933);
#11931 = CARTESIAN_POINT('',(-3.6,0.2432,-6.175));
#11932 = DIRECTION('',(-5.551115123126E-17,-1.,-0.));
#11933 = DIRECTION('',(6.10849227756E-29,-3.390894386146E-45,1.));
#11934 = ( GEOMETRIC_REPRESENTATION_CONTEXT(3) 
GLOBAL_UNCERTAINTY_ASSIGNED_CONTEXT((#11938)) 
GLOBAL_UNIT_ASSIGNED_CONTEXT((#11935,#11936,#11937)) 
REPRESENTATION_CONTEXT('Context #1',
  '3D Context with UNIT and UNCERTAINTY') );
#11935 = ( LENGTH_UNIT() NAMED_UNIT(*) SI_UNIT(.MILLI.,.METRE.) );
#11936 = ( NAMED_UNIT(*) PLANE_ANGLE_UNIT() SI_UNIT($,.RADIAN.) );
#11937 = ( NAMED_UNIT(*) SI_UNIT($,.STERADIAN.) SOLID_ANGLE_UNIT() );
#11938 = UNCERTAINTY_MEASURE_WITH_UNIT(LENGTH_MEASURE(1.E-07),#11935,
  'distance_accuracy_value','confusion accuracy');
#11939 = CONTEXT_DEPENDENT_SHAPE_REPRESENTATION(#11940,#11942);
#11940 = ( REPRESENTATION_RELATIONSHIP('','',#11895,#10) 
REPRESENTATION_RELATIONSHIP_WITH_TRANSFORMATION(#11941) 
SHAPE_REPRESENTATION_RELATIONSHIP() );
#11941 = ITEM_DEFINED_TRANSFORMATION('','',#11,#779);
#11942 = PRODUCT_DEFINITION_SHAPE('Placement','Placement of an item',
  #11943);
#11943 = NEXT_ASSEMBLY_USAGE_OCCURRENCE('142073','BALL_0190','',#5,
  #11890,$);
#11944 = PRODUCT_RELATED_PRODUCT_CATEGORY('part',$,(#11892));
#11945 = SHAPE_DEFINITION_REPRESENTATION(#11946,#11952);
#11946 = PRODUCT_DEFINITION_SHAPE('','',#11947);
#11947 = PRODUCT_DEFINITION('design','',#11948,#11951);
#11948 = PRODUCT_DEFINITION_FORMATION('','',#11949);
#11949 = PRODUCT('BALL_0191','BALL_0191','',(#11950));
#11950 = PRODUCT_CONTEXT('',#2,'mechanical');
#11951 = PRODUCT_DEFINITION_CONTEXT('part definition',#2,'design');
#11952 = ADVANCED_BREP_SHAPE_REPRESENTATION('',(#11,#11953),#11991);
#11953 = MANIFOLD_SOLID_BREP('',#11954);
#11954 = CLOSED_SHELL('',(#11955,#11982));
#11955 = ADVANCED_FACE('',(#11956),#11977,.T.);
#11956 = FACE_BOUND('',#11957,.T.);
#11957 = EDGE_LOOP('',(#11958,#11967,#11976));
#11958 = ORIENTED_EDGE('',*,*,#11959,.T.);
#11959 = EDGE_CURVE('',#11960,#11960,#11962,.T.);
#11960 = VERTEX_POINT('',#11961);
#11961 = CARTESIAN_POINT('',(-3.6,0.243199999999,-6.053399999999));
#11962 = CIRCLE('',#11963,0.121600000001);
#11963 = AXIS2_PLACEMENT_3D('',#11964,#11965,#11966);
#11964 = CARTESIAN_POINT('',(-3.6,0.243199999999,-6.175));
#11965 = DIRECTION('',(-5.551115123126E-17,-1.,0.));
#11966 = DIRECTION('',(6.108492277512E-29,-3.390894386119E-45,1.));
#11967 = ORIENTED_EDGE('',*,*,#11968,.T.);
#11968 = EDGE_CURVE('',#11960,#11969,#11971,.T.);
#11969 = VERTEX_POINT('',#11970);
#11970 = CARTESIAN_POINT('',(-3.6,1.334880397544E-13,-6.175));
#11971 = CIRCLE('',#11972,0.152);
#11972 = AXIS2_PLACEMENT_3D('',#11973,#11974,#11975);
#11973 = CARTESIAN_POINT('',(-3.6,0.152,-6.175));
#11974 = DIRECTION('',(1.,-1.110223024625E-16,-5.551115123126E-17));
#11975 = DIRECTION('',(1.110223024625E-16,1.,5.551115123126E-17));
#11976 = ORIENTED_EDGE('',*,*,#11968,.F.);
#11977 = SPHERICAL_SURFACE('',#11978,0.152);
#11978 = AXIS2_PLACEMENT_3D('',#11979,#11980,#11981);
#11979 = CARTESIAN_POINT('',(-3.6,0.152,-6.175));
#11980 = DIRECTION('',(-5.551115123126E-17,-1.,-0.));
#11981 = DIRECTION('',(5.463066675185E-29,-3.032611203926E-45,1.));
#11982 = ADVANCED_FACE('',(#11983),#11986,.F.);
#11983 = FACE_BOUND('',#11984,.F.);
#11984 = EDGE_LOOP('',(#11985));
#11985 = ORIENTED_EDGE('',*,*,#11959,.T.);
#11986 = PLANE('',#11987);
#11987 = AXIS2_PLACEMENT_3D('',#11988,#11989,#11990);
#11988 = CARTESIAN_POINT('',(-3.6,0.2432,-6.175));
#11989 = DIRECTION('',(-5.551115123126E-17,-1.,-0.));
#11990 = DIRECTION('',(6.10849227756E-29,-3.390894386146E-45,1.));
#11991 = ( GEOMETRIC_REPRESENTATION_CONTEXT(3) 
GLOBAL_UNCERTAINTY_ASSIGNED_CONTEXT((#11995)) 
GLOBAL_UNIT_ASSIGNED_CONTEXT((#11992,#11993,#11994)) 
REPRESENTATION_CONTEXT('Context #1',
  '3D Context with UNIT and UNCERTAINTY') );
#11992 = ( LENGTH_UNIT() NAMED_UNIT(*) SI_UNIT(.MILLI.,.METRE.) );
#11993 = ( NAMED_UNIT(*) PLANE_ANGLE_UNIT() SI_UNIT($,.RADIAN.) );
#11994 = ( NAMED_UNIT(*) SI_UNIT($,.STERADIAN.) SOLID_ANGLE_UNIT() );
#11995 = UNCERTAINTY_MEASURE_WITH_UNIT(LENGTH_MEASURE(1.E-07),#11992,
  'distance_accuracy_value','confusion accuracy');
#11996 = CONTEXT_DEPENDENT_SHAPE_REPRESENTATION(#11997,#11999);
#11997 = ( REPRESENTATION_RELATIONSHIP('','',#11952,#10) 
REPRESENTATION_RELATIONSHIP_WITH_TRANSFORMATION(#11998) 
SHAPE_REPRESENTATION_RELATIONSHIP() );
#11998 = ITEM_DEFINED_TRANSFORMATION('','',#11,#783);
#11999 = PRODUCT_DEFINITION_SHAPE('Placement','Placement of an item',
  #12000);
#12000 = NEXT_ASSEMBLY_USAGE_OCCURRENCE('142074','BALL_0191','',#5,
  #11947,$);
#12001 = PRODUCT_RELATED_PRODUCT_CATEGORY('part',$,(#11949));
#12002 = SHAPE_DEFINITION_REPRESENTATION(#12003,#12009);
#12003 = PRODUCT_DEFINITION_SHAPE('','',#12004);
#12004 = PRODUCT_DEFINITION('design','',#12005,#12008);
#12005 = PRODUCT_DEFINITION_FORMATION('','',#12006);
#12006 = PRODUCT('BALL_0192','BALL_0192','',(#12007));
#12007 = PRODUCT_CONTEXT('',#2,'mechanical');
#12008 = PRODUCT_DEFINITION_CONTEXT('part definition',#2,'design');
#12009 = ADVANCED_BREP_SHAPE_REPRESENTATION('',(#11,#12010),#12048);
#12010 = MANIFOLD_SOLID_BREP('',#12011);
#12011 = CLOSED_SHELL('',(#12012,#12039));
#12012 = ADVANCED_FACE('',(#12013),#12034,.T.);
#12013 = FACE_BOUND('',#12014,.T.);
#12014 = EDGE_LOOP('',(#12015,#12024,#12033));
#12015 = ORIENTED_EDGE('',*,*,#12016,.T.);
#12016 = EDGE_CURVE('',#12017,#12017,#12019,.T.);
#12017 = VERTEX_POINT('',#12018);
#12018 = CARTESIAN_POINT('',(-3.6,0.243199999999,-6.053399999999));
#12019 = CIRCLE('',#12020,0.121600000001);
#12020 = AXIS2_PLACEMENT_3D('',#12021,#12022,#12023);
#12021 = CARTESIAN_POINT('',(-3.6,0.243199999999,-6.175));
#12022 = DIRECTION('',(-5.551115123126E-17,-1.,0.));
#12023 = DIRECTION('',(6.108492277512E-29,-3.390894386119E-45,1.));
#12024 = ORIENTED_EDGE('',*,*,#12025,.T.);
#12025 = EDGE_CURVE('',#12017,#12026,#12028,.T.);
#12026 = VERTEX_POINT('',#12027);
#12027 = CARTESIAN_POINT('',(-3.6,1.334880397544E-13,-6.175));
#12028 = CIRCLE('',#12029,0.152);
#12029 = AXIS2_PLACEMENT_3D('',#12030,#12031,#12032);
#12030 = CARTESIAN_POINT('',(-3.6,0.152,-6.175));
#12031 = DIRECTION('',(1.,-1.110223024625E-16,-5.551115123126E-17));
#12032 = DIRECTION('',(1.110223024625E-16,1.,5.551115123126E-17));
#12033 = ORIENTED_EDGE('',*,*,#12025,.F.);
#12034 = SPHERICAL_SURFACE('',#12035,0.152);
#12035 = AXIS2_PLACEMENT_3D('',#12036,#12037,#12038);
#12036 = CARTESIAN_POINT('',(-3.6,0.152,-6.175));
#12037 = DIRECTION('',(-5.551115123126E-17,-1.,-0.));
#12038 = DIRECTION('',(5.463066675185E-29,-3.032611203926E-45,1.));
#12039 = ADVANCED_FACE('',(#12040),#12043,.F.);
#12040 = FACE_BOUND('',#12041,.F.);
#12041 = EDGE_LOOP('',(#12042));
#12042 = ORIENTED_EDGE('',*,*,#12016,.T.);
#12043 = PLANE('',#12044);
#12044 = AXIS2_PLACEMENT_3D('',#12045,#12046,#12047);
#12045 = CARTESIAN_POINT('',(-3.6,0.2432,-6.175));
#12046 = DIRECTION('',(-5.551115123126E-17,-1.,-0.));
#12047 = DIRECTION('',(6.10849227756E-29,-3.390894386146E-45,1.));
#12048 = ( GEOMETRIC_REPRESENTATION_CONTEXT(3) 
GLOBAL_UNCERTAINTY_ASSIGNED_CONTEXT((#12052)) 
GLOBAL_UNIT_ASSIGNED_CONTEXT((#12049,#12050,#12051)) 
REPRESENTATION_CONTEXT('Context #1',
  '3D Context with UNIT and UNCERTAINTY') );
#12049 = ( LENGTH_UNIT() NAMED_UNIT(*) SI_UNIT(.MILLI.,.METRE.) );
#12050 = ( NAMED_UNIT(*) PLANE_ANGLE_UNIT() SI_UNIT($,.RADIAN.) );
#12051 = ( NAMED_UNIT(*) SI_UNIT($,.STERADIAN.) SOLID_ANGLE_UNIT() );
#12052 = UNCERTAINTY_MEASURE_WITH_UNIT(LENGTH_MEASURE(1.E-07),#12049,
  'distance_accuracy_value','confusion accuracy');
#12053 = CONTEXT_DEPENDENT_SHAPE_REPRESENTATION(#12054,#12056);
#12054 = ( REPRESENTATION_RELATIONSHIP('','',#12009,#10) 
REPRESENTATION_RELATIONSHIP_WITH_TRANSFORMATION(#12055) 
SHAPE_REPRESENTATION_RELATIONSHIP() );
#12055 = ITEM_DEFINED_TRANSFORMATION('','',#11,#787);
#12056 = PRODUCT_DEFINITION_SHAPE('Placement','Placement of an item',
  #12057);
#12057 = NEXT_ASSEMBLY_USAGE_OCCURRENCE('142075','BALL_0192','',#5,
  #12004,$);
#12058 = PRODUCT_RELATED_PRODUCT_CATEGORY('part',$,(#12006));
#12059 = SHAPE_DEFINITION_REPRESENTATION(#12060,#12066);
#12060 = PRODUCT_DEFINITION_SHAPE('','',#12061);
#12061 = PRODUCT_DEFINITION('design','',#12062,#12065);
#12062 = PRODUCT_DEFINITION_FORMATION('','',#12063);
#12063 = PRODUCT('BALL_0193','BALL_0193','',(#12064));
#12064 = PRODUCT_CONTEXT('',#2,'mechanical');
#12065 = PRODUCT_DEFINITION_CONTEXT('part definition',#2,'design');
#12066 = ADVANCED_BREP_SHAPE_REPRESENTATION('',(#11,#12067),#12105);
#12067 = MANIFOLD_SOLID_BREP('',#12068);
#12068 = CLOSED_SHELL('',(#12069,#12096));
#12069 = ADVANCED_FACE('',(#12070),#12091,.T.);
#12070 = FACE_BOUND('',#12071,.T.);
#12071 = EDGE_LOOP('',(#12072,#12081,#12090));
#12072 = ORIENTED_EDGE('',*,*,#12073,.T.);
#12073 = EDGE_CURVE('',#12074,#12074,#12076,.T.);
#12074 = VERTEX_POINT('',#12075);
#12075 = CARTESIAN_POINT('',(-3.6,0.243199999999,-6.053399999999));
#12076 = CIRCLE('',#12077,0.121600000001);
#12077 = AXIS2_PLACEMENT_3D('',#12078,#12079,#12080);
#12078 = CARTESIAN_POINT('',(-3.6,0.243199999999,-6.175));
#12079 = DIRECTION('',(-5.551115123126E-17,-1.,0.));
#12080 = DIRECTION('',(6.108492277512E-29,-3.390894386119E-45,1.));
#12081 = ORIENTED_EDGE('',*,*,#12082,.T.);
#12082 = EDGE_CURVE('',#12074,#12083,#12085,.T.);
#12083 = VERTEX_POINT('',#12084);
#12084 = CARTESIAN_POINT('',(-3.6,1.334880397544E-13,-6.175));
#12085 = CIRCLE('',#12086,0.152);
#12086 = AXIS2_PLACEMENT_3D('',#12087,#12088,#12089);
#12087 = CARTESIAN_POINT('',(-3.6,0.152,-6.175));
#12088 = DIRECTION('',(1.,-1.110223024625E-16,-5.551115123126E-17));
#12089 = DIRECTION('',(1.110223024625E-16,1.,5.551115123126E-17));
#12090 = ORIENTED_EDGE('',*,*,#12082,.F.);
#12091 = SPHERICAL_SURFACE('',#12092,0.152);
#12092 = AXIS2_PLACEMENT_3D('',#12093,#12094,#12095);
#12093 = CARTESIAN_POINT('',(-3.6,0.152,-6.175));
#12094 = DIRECTION('',(-5.551115123126E-17,-1.,-0.));
#12095 = DIRECTION('',(5.463066675185E-29,-3.032611203926E-45,1.));
#12096 = ADVANCED_FACE('',(#12097),#12100,.F.);
#12097 = FACE_BOUND('',#12098,.F.);
#12098 = EDGE_LOOP('',(#12099));
#12099 = ORIENTED_EDGE('',*,*,#12073,.T.);
#12100 = PLANE('',#12101);
#12101 = AXIS2_PLACEMENT_3D('',#12102,#12103,#12104);
#12102 = CARTESIAN_POINT('',(-3.6,0.2432,-6.175));
#12103 = DIRECTION('',(-5.551115123126E-17,-1.,-0.));
#12104 = DIRECTION('',(6.10849227756E-29,-3.390894386146E-45,1.));
#12105 = ( GEOMETRIC_REPRESENTATION_CONTEXT(3) 
GLOBAL_UNCERTAINTY_ASSIGNED_CONTEXT((#12109)) 
GLOBAL_UNIT_ASSIGNED_CONTEXT((#12106,#12107,#12108)) 
REPRESENTATION_CONTEXT('Context #1',
  '3D Context with UNIT and UNCERTAINTY') );
#12106 = ( LENGTH_UNIT() NAMED_UNIT(*) SI_UNIT(.MILLI.,.METRE.) );
#12107 = ( NAMED_UNIT(*) PLANE_ANGLE_UNIT() SI_UNIT($,.RADIAN.) );
#12108 = ( NAMED_UNIT(*) SI_UNIT($,.STERADIAN.) SOLID_ANGLE_UNIT() );
#12109 = UNCERTAINTY_MEASURE_WITH_UNIT(LENGTH_MEASURE(1.E-07),#12106,
  'distance_accuracy_value','confusion accuracy');
#12110 = CONTEXT_DEPENDENT_SHAPE_REPRESENTATION(#12111,#12113);
#12111 = ( REPRESENTATION_RELATIONSHIP('','',#12066,#10) 
REPRESENTATION_RELATIONSHIP_WITH_TRANSFORMATION(#12112) 
SHAPE_REPRESENTATION_RELATIONSHIP() );
#12112 = ITEM_DEFINED_TRANSFORMATION('','',#11,#791);
#12113 = PRODUCT_DEFINITION_SHAPE('Placement','Placement of an item',
  #12114);
#12114 = NEXT_ASSEMBLY_USAGE_OCCURRENCE('142076','BALL_0193','',#5,
  #12061,$);
#12115 = PRODUCT_RELATED_PRODUCT_CATEGORY('part',$,(#12063));
#12116 = SHAPE_DEFINITION_REPRESENTATION(#12117,#12123);
#12117 = PRODUCT_DEFINITION_SHAPE('','',#12118);
#12118 = PRODUCT_DEFINITION('design','',#12119,#12122);
#12119 = PRODUCT_DEFINITION_FORMATION('','',#12120);
#12120 = PRODUCT('BALL_0194','BALL_0194','',(#12121));
#12121 = PRODUCT_CONTEXT('',#2,'mechanical');
#12122 = PRODUCT_DEFINITION_CONTEXT('part definition',#2,'design');
#12123 = ADVANCED_BREP_SHAPE_REPRESENTATION('',(#11,#12124),#12162);
#12124 = MANIFOLD_SOLID_BREP('',#12125);
#12125 = CLOSED_SHELL('',(#12126,#12153));
#12126 = ADVANCED_FACE('',(#12127),#12148,.T.);
#12127 = FACE_BOUND('',#12128,.T.);
#12128 = EDGE_LOOP('',(#12129,#12138,#12147));
#12129 = ORIENTED_EDGE('',*,*,#12130,.T.);
#12130 = EDGE_CURVE('',#12131,#12131,#12133,.T.);
#12131 = VERTEX_POINT('',#12132);
#12132 = CARTESIAN_POINT('',(-3.6,0.243199999999,-6.053399999999));
#12133 = CIRCLE('',#12134,0.121600000001);
#12134 = AXIS2_PLACEMENT_3D('',#12135,#12136,#12137);
#12135 = CARTESIAN_POINT('',(-3.6,0.243199999999,-6.175));
#12136 = DIRECTION('',(-5.551115123126E-17,-1.,0.));
#12137 = DIRECTION('',(6.108492277512E-29,-3.390894386119E-45,1.));
#12138 = ORIENTED_EDGE('',*,*,#12139,.T.);
#12139 = EDGE_CURVE('',#12131,#12140,#12142,.T.);
#12140 = VERTEX_POINT('',#12141);
#12141 = CARTESIAN_POINT('',(-3.6,1.334880397544E-13,-6.175));
#12142 = CIRCLE('',#12143,0.152);
#12143 = AXIS2_PLACEMENT_3D('',#12144,#12145,#12146);
#12144 = CARTESIAN_POINT('',(-3.6,0.152,-6.175));
#12145 = DIRECTION('',(1.,-1.110223024625E-16,-5.551115123126E-17));
#12146 = DIRECTION('',(1.110223024625E-16,1.,5.551115123126E-17));
#12147 = ORIENTED_EDGE('',*,*,#12139,.F.);
#12148 = SPHERICAL_SURFACE('',#12149,0.152);
#12149 = AXIS2_PLACEMENT_3D('',#12150,#12151,#12152);
#12150 = CARTESIAN_POINT('',(-3.6,0.152,-6.175));
#12151 = DIRECTION('',(-5.551115123126E-17,-1.,-0.));
#12152 = DIRECTION('',(5.463066675185E-29,-3.032611203926E-45,1.));
#12153 = ADVANCED_FACE('',(#12154),#12157,.F.);
#12154 = FACE_BOUND('',#12155,.F.);
#12155 = EDGE_LOOP('',(#12156));
#12156 = ORIENTED_EDGE('',*,*,#12130,.T.);
#12157 = PLANE('',#12158);
#12158 = AXIS2_PLACEMENT_3D('',#12159,#12160,#12161);
#12159 = CARTESIAN_POINT('',(-3.6,0.2432,-6.175));
#12160 = DIRECTION('',(-5.551115123126E-17,-1.,-0.));
#12161 = DIRECTION('',(6.10849227756E-29,-3.390894386146E-45,1.));
#12162 = ( GEOMETRIC_REPRESENTATION_CONTEXT(3) 
GLOBAL_UNCERTAINTY_ASSIGNED_CONTEXT((#12166)) 
GLOBAL_UNIT_ASSIGNED_CONTEXT((#12163,#12164,#12165)) 
REPRESENTATION_CONTEXT('Context #1',
  '3D Context with UNIT and UNCERTAINTY') );
#12163 = ( LENGTH_UNIT() NAMED_UNIT(*) SI_UNIT(.MILLI.,.METRE.) );
#12164 = ( NAMED_UNIT(*) PLANE_ANGLE_UNIT() SI_UNIT($,.RADIAN.) );
#12165 = ( NAMED_UNIT(*) SI_UNIT($,.STERADIAN.) SOLID_ANGLE_UNIT() );
#12166 = UNCERTAINTY_MEASURE_WITH_UNIT(LENGTH_MEASURE(1.E-07),#12163,
  'distance_accuracy_value','confusion accuracy');
#12167 = CONTEXT_DEPENDENT_SHAPE_REPRESENTATION(#12168,#12170);
#12168 = ( REPRESENTATION_RELATIONSHIP('','',#12123,#10) 
REPRESENTATION_RELATIONSHIP_WITH_TRANSFORMATION(#12169) 
SHAPE_REPRESENTATION_RELATIONSHIP() );
#12169 = ITEM_DEFINED_TRANSFORMATION('','',#11,#795);
#12170 = PRODUCT_DEFINITION_SHAPE('Placement','Placement of an item',
  #12171);
#12171 = NEXT_ASSEMBLY_USAGE_OCCURRENCE('142077','BALL_0194','',#5,
  #12118,$);
#12172 = PRODUCT_RELATED_PRODUCT_CATEGORY('part',$,(#12120));
#12173 = SHAPE_DEFINITION_REPRESENTATION(#12174,#12180);
#12174 = PRODUCT_DEFINITION_SHAPE('','',#12175);
#12175 = PRODUCT_DEFINITION('design','',#12176,#12179);
#12176 = PRODUCT_DEFINITION_FORMATION('','',#12177);
#12177 = PRODUCT('BALL_0195','BALL_0195','',(#12178));
#12178 = PRODUCT_CONTEXT('',#2,'mechanical');
#12179 = PRODUCT_DEFINITION_CONTEXT('part definition',#2,'design');
#12180 = ADVANCED_BREP_SHAPE_REPRESENTATION('',(#11,#12181),#12219);
#12181 = MANIFOLD_SOLID_BREP('',#12182);
#12182 = CLOSED_SHELL('',(#12183,#12210));
#12183 = ADVANCED_FACE('',(#12184),#12205,.T.);
#12184 = FACE_BOUND('',#12185,.T.);
#12185 = EDGE_LOOP('',(#12186,#12195,#12204));
#12186 = ORIENTED_EDGE('',*,*,#12187,.T.);
#12187 = EDGE_CURVE('',#12188,#12188,#12190,.T.);
#12188 = VERTEX_POINT('',#12189);
#12189 = CARTESIAN_POINT('',(-3.6,0.243199999999,-6.053399999999));
#12190 = CIRCLE('',#12191,0.121600000001);
#12191 = AXIS2_PLACEMENT_3D('',#12192,#12193,#12194);
#12192 = CARTESIAN_POINT('',(-3.6,0.243199999999,-6.175));
#12193 = DIRECTION('',(-5.551115123126E-17,-1.,0.));
#12194 = DIRECTION('',(6.108492277512E-29,-3.390894386119E-45,1.));
#12195 = ORIENTED_EDGE('',*,*,#12196,.T.);
#12196 = EDGE_CURVE('',#12188,#12197,#12199,.T.);
#12197 = VERTEX_POINT('',#12198);
#12198 = CARTESIAN_POINT('',(-3.6,1.334880397544E-13,-6.175));
#12199 = CIRCLE('',#12200,0.152);
#12200 = AXIS2_PLACEMENT_3D('',#12201,#12202,#12203);
#12201 = CARTESIAN_POINT('',(-3.6,0.152,-6.175));
#12202 = DIRECTION('',(1.,-1.110223024625E-16,-5.551115123126E-17));
#12203 = DIRECTION('',(1.110223024625E-16,1.,5.551115123126E-17));
#12204 = ORIENTED_EDGE('',*,*,#12196,.F.);
#12205 = SPHERICAL_SURFACE('',#12206,0.152);
#12206 = AXIS2_PLACEMENT_3D('',#12207,#12208,#12209);
#12207 = CARTESIAN_POINT('',(-3.6,0.152,-6.175));
#12208 = DIRECTION('',(-5.551115123126E-17,-1.,-0.));
#12209 = DIRECTION('',(5.463066675185E-29,-3.032611203926E-45,1.));
#12210 = ADVANCED_FACE('',(#12211),#12214,.F.);
#12211 = FACE_BOUND('',#12212,.F.);
#12212 = EDGE_LOOP('',(#12213));
#12213 = ORIENTED_EDGE('',*,*,#12187,.T.);
#12214 = PLANE('',#12215);
#12215 = AXIS2_PLACEMENT_3D('',#12216,#12217,#12218);
#12216 = CARTESIAN_POINT('',(-3.6,0.2432,-6.175));
#12217 = DIRECTION('',(-5.551115123126E-17,-1.,-0.));
#12218 = DIRECTION('',(6.10849227756E-29,-3.390894386146E-45,1.));
#12219 = ( GEOMETRIC_REPRESENTATION_CONTEXT(3) 
GLOBAL_UNCERTAINTY_ASSIGNED_CONTEXT((#12223)) 
GLOBAL_UNIT_ASSIGNED_CONTEXT((#12220,#12221,#12222)) 
REPRESENTATION_CONTEXT('Context #1',
  '3D Context with UNIT and UNCERTAINTY') );
#12220 = ( LENGTH_UNIT() NAMED_UNIT(*) SI_UNIT(.MILLI.,.METRE.) );
#12221 = ( NAMED_UNIT(*) PLANE_ANGLE_UNIT() SI_UNIT($,.RADIAN.) );
#12222 = ( NAMED_UNIT(*) SI_UNIT($,.STERADIAN.) SOLID_ANGLE_UNIT() );
#12223 = UNCERTAINTY_MEASURE_WITH_UNIT(LENGTH_MEASURE(1.E-07),#12220,
  'distance_accuracy_value','confusion accuracy');
#12224 = CONTEXT_DEPENDENT_SHAPE_REPRESENTATION(#12225,#12227);
#12225 = ( REPRESENTATION_RELATIONSHIP('','',#12180,#10) 
REPRESENTATION_RELATIONSHIP_WITH_TRANSFORMATION(#12226) 
SHAPE_REPRESENTATION_RELATIONSHIP() );
#12226 = ITEM_DEFINED_TRANSFORMATION('','',#11,#799);
#12227 = PRODUCT_DEFINITION_SHAPE('Placement','Placement of an item',
  #12228);
#12228 = NEXT_ASSEMBLY_USAGE_OCCURRENCE('142078','BALL_0195','',#5,
  #12175,$);
#12229 = PRODUCT_RELATED_PRODUCT_CATEGORY('part',$,(#12177));
#12230 = SHAPE_DEFINITION_REPRESENTATION(#12231,#12237);
#12231 = PRODUCT_DEFINITION_SHAPE('','',#12232);
#12232 = PRODUCT_DEFINITION('design','',#12233,#12236);
#12233 = PRODUCT_DEFINITION_FORMATION('','',#12234);
#12234 = PRODUCT('BALL_0196','BALL_0196','',(#12235));
#12235 = PRODUCT_CONTEXT('',#2,'mechanical');
#12236 = PRODUCT_DEFINITION_CONTEXT('part definition',#2,'design');
#12237 = ADVANCED_BREP_SHAPE_REPRESENTATION('',(#11,#12238),#12276);
#12238 = MANIFOLD_SOLID_BREP('',#12239);
#12239 = CLOSED_SHELL('',(#12240,#12267));
#12240 = ADVANCED_FACE('',(#12241),#12262,.T.);
#12241 = FACE_BOUND('',#12242,.T.);
#12242 = EDGE_LOOP('',(#12243,#12252,#12261));
#12243 = ORIENTED_EDGE('',*,*,#12244,.T.);
#12244 = EDGE_CURVE('',#12245,#12245,#12247,.T.);
#12245 = VERTEX_POINT('',#12246);
#12246 = CARTESIAN_POINT('',(-3.6,0.243199999999,-6.053399999999));
#12247 = CIRCLE('',#12248,0.121600000001);
#12248 = AXIS2_PLACEMENT_3D('',#12249,#12250,#12251);
#12249 = CARTESIAN_POINT('',(-3.6,0.243199999999,-6.175));
#12250 = DIRECTION('',(-5.551115123126E-17,-1.,0.));
#12251 = DIRECTION('',(6.108492277512E-29,-3.390894386119E-45,1.));
#12252 = ORIENTED_EDGE('',*,*,#12253,.T.);
#12253 = EDGE_CURVE('',#12245,#12254,#12256,.T.);
#12254 = VERTEX_POINT('',#12255);
#12255 = CARTESIAN_POINT('',(-3.6,1.334880397544E-13,-6.175));
#12256 = CIRCLE('',#12257,0.152);
#12257 = AXIS2_PLACEMENT_3D('',#12258,#12259,#12260);
#12258 = CARTESIAN_POINT('',(-3.6,0.152,-6.175));
#12259 = DIRECTION('',(1.,-1.110223024625E-16,-5.551115123126E-17));
#12260 = DIRECTION('',(1.110223024625E-16,1.,5.551115123126E-17));
#12261 = ORIENTED_EDGE('',*,*,#12253,.F.);
#12262 = SPHERICAL_SURFACE('',#12263,0.152);
#12263 = AXIS2_PLACEMENT_3D('',#12264,#12265,#12266);
#12264 = CARTESIAN_POINT('',(-3.6,0.152,-6.175));
#12265 = DIRECTION('',(-5.551115123126E-17,-1.,-0.));
#12266 = DIRECTION('',(5.463066675185E-29,-3.032611203926E-45,1.));
#12267 = ADVANCED_FACE('',(#12268),#12271,.F.);
#12268 = FACE_BOUND('',#12269,.F.);
#12269 = EDGE_LOOP('',(#12270));
#12270 = ORIENTED_EDGE('',*,*,#12244,.T.);
#12271 = PLANE('',#12272);
#12272 = AXIS2_PLACEMENT_3D('',#12273,#12274,#12275);
#12273 = CARTESIAN_POINT('',(-3.6,0.2432,-6.175));
#12274 = DIRECTION('',(-5.551115123126E-17,-1.,-0.));
#12275 = DIRECTION('',(6.10849227756E-29,-3.390894386146E-45,1.));
#12276 = ( GEOMETRIC_REPRESENTATION_CONTEXT(3) 
GLOBAL_UNCERTAINTY_ASSIGNED_CONTEXT((#12280)) 
GLOBAL_UNIT_ASSIGNED_CONTEXT((#12277,#12278,#12279)) 
REPRESENTATION_CONTEXT('Context #1',
  '3D Context with UNIT and UNCERTAINTY') );
#12277 = ( LENGTH_UNIT() NAMED_UNIT(*) SI_UNIT(.MILLI.,.METRE.) );
#12278 = ( NAMED_UNIT(*) PLANE_ANGLE_UNIT() SI_UNIT($,.RADIAN.) );
#12279 = ( NAMED_UNIT(*) SI_UNIT($,.STERADIAN.) SOLID_ANGLE_UNIT() );
#12280 = UNCERTAINTY_MEASURE_WITH_UNIT(LENGTH_MEASURE(1.E-07),#12277,
  'distance_accuracy_value','confusion accuracy');
#12281 = CONTEXT_DEPENDENT_SHAPE_REPRESENTATION(#12282,#12284);
#12282 = ( REPRESENTATION_RELATIONSHIP('','',#12237,#10) 
REPRESENTATION_RELATIONSHIP_WITH_TRANSFORMATION(#12283) 
SHAPE_REPRESENTATION_RELATIONSHIP() );
#12283 = ITEM_DEFINED_TRANSFORMATION('','',#11,#803);
#12284 = PRODUCT_DEFINITION_SHAPE('Placement','Placement of an item',
  #12285);
#12285 = NEXT_ASSEMBLY_USAGE_OCCURRENCE('142079','BALL_0196','',#5,
  #12232,$);
#12286 = PRODUCT_RELATED_PRODUCT_CATEGORY('part',$,(#12234));
#12287 = SHAPE_DEFINITION_REPRESENTATION(#12288,#12294);
#12288 = PRODUCT_DEFINITION_SHAPE('','',#12289);
#12289 = PRODUCT_DEFINITION('design','',#12290,#12293);
#12290 = PRODUCT_DEFINITION_FORMATION('','',#12291);
#12291 = PRODUCT('BALL_0197','BALL_0197','',(#12292));
#12292 = PRODUCT_CONTEXT('',#2,'mechanical');
#12293 = PRODUCT_DEFINITION_CONTEXT('part definition',#2,'design');
#12294 = ADVANCED_BREP_SHAPE_REPRESENTATION('',(#11,#12295),#12333);
#12295 = MANIFOLD_SOLID_BREP('',#12296);
#12296 = CLOSED_SHELL('',(#12297,#12324));
#12297 = ADVANCED_FACE('',(#12298),#12319,.T.);
#12298 = FACE_BOUND('',#12299,.T.);
#12299 = EDGE_LOOP('',(#12300,#12309,#12318));
#12300 = ORIENTED_EDGE('',*,*,#12301,.T.);
#12301 = EDGE_CURVE('',#12302,#12302,#12304,.T.);
#12302 = VERTEX_POINT('',#12303);
#12303 = CARTESIAN_POINT('',(-3.6,0.243199999999,-6.053399999999));
#12304 = CIRCLE('',#12305,0.121600000001);
#12305 = AXIS2_PLACEMENT_3D('',#12306,#12307,#12308);
#12306 = CARTESIAN_POINT('',(-3.6,0.243199999999,-6.175));
#12307 = DIRECTION('',(-5.551115123126E-17,-1.,0.));
#12308 = DIRECTION('',(6.108492277512E-29,-3.390894386119E-45,1.));
#12309 = ORIENTED_EDGE('',*,*,#12310,.T.);
#12310 = EDGE_CURVE('',#12302,#12311,#12313,.T.);
#12311 = VERTEX_POINT('',#12312);
#12312 = CARTESIAN_POINT('',(-3.6,1.334880397544E-13,-6.175));
#12313 = CIRCLE('',#12314,0.152);
#12314 = AXIS2_PLACEMENT_3D('',#12315,#12316,#12317);
#12315 = CARTESIAN_POINT('',(-3.6,0.152,-6.175));
#12316 = DIRECTION('',(1.,-1.110223024625E-16,-5.551115123126E-17));
#12317 = DIRECTION('',(1.110223024625E-16,1.,5.551115123126E-17));
#12318 = ORIENTED_EDGE('',*,*,#12310,.F.);
#12319 = SPHERICAL_SURFACE('',#12320,0.152);
#12320 = AXIS2_PLACEMENT_3D('',#12321,#12322,#12323);
#12321 = CARTESIAN_POINT('',(-3.6,0.152,-6.175));
#12322 = DIRECTION('',(-5.551115123126E-17,-1.,-0.));
#12323 = DIRECTION('',(5.463066675185E-29,-3.032611203926E-45,1.));
#12324 = ADVANCED_FACE('',(#12325),#12328,.F.);
#12325 = FACE_BOUND('',#12326,.F.);
#12326 = EDGE_LOOP('',(#12327));
#12327 = ORIENTED_EDGE('',*,*,#12301,.T.);
#12328 = PLANE('',#12329);
#12329 = AXIS2_PLACEMENT_3D('',#12330,#12331,#12332);
#12330 = CARTESIAN_POINT('',(-3.6,0.2432,-6.175));
#12331 = DIRECTION('',(-5.551115123126E-17,-1.,-0.));
#12332 = DIRECTION('',(6.10849227756E-29,-3.390894386146E-45,1.));
#12333 = ( GEOMETRIC_REPRESENTATION_CONTEXT(3) 
GLOBAL_UNCERTAINTY_ASSIGNED_CONTEXT((#12337)) 
GLOBAL_UNIT_ASSIGNED_CONTEXT((#12334,#12335,#12336)) 
REPRESENTATION_CONTEXT('Context #1',
  '3D Context with UNIT and UNCERTAINTY') );
#12334 = ( LENGTH_UNIT() NAMED_UNIT(*) SI_UNIT(.MILLI.,.METRE.) );
#12335 = ( NAMED_UNIT(*) PLANE_ANGLE_UNIT() SI_UNIT($,.RADIAN.) );
#12336 = ( NAMED_UNIT(*) SI_UNIT($,.STERADIAN.) SOLID_ANGLE_UNIT() );
#12337 = UNCERTAINTY_MEASURE_WITH_UNIT(LENGTH_MEASURE(1.E-07),#12334,
  'distance_accuracy_value','confusion accuracy');
#12338 = CONTEXT_DEPENDENT_SHAPE_REPRESENTATION(#12339,#12341);
#12339 = ( REPRESENTATION_RELATIONSHIP('','',#12294,#10) 
REPRESENTATION_RELATIONSHIP_WITH_TRANSFORMATION(#12340) 
SHAPE_REPRESENTATION_RELATIONSHIP() );
#12340 = ITEM_DEFINED_TRANSFORMATION('','',#11,#807);
#12341 = PRODUCT_DEFINITION_SHAPE('Placement','Placement of an item',
  #12342);
#12342 = NEXT_ASSEMBLY_USAGE_OCCURRENCE('142080','BALL_0197','',#5,
  #12289,$);
#12343 = PRODUCT_RELATED_PRODUCT_CATEGORY('part',$,(#12291));
#12344 = SHAPE_DEFINITION_REPRESENTATION(#12345,#12351);
#12345 = PRODUCT_DEFINITION_SHAPE('','',#12346);
#12346 = PRODUCT_DEFINITION('design','',#12347,#12350);
#12347 = PRODUCT_DEFINITION_FORMATION('','',#12348);
#12348 = PRODUCT('BALL_0198','BALL_0198','',(#12349));
#12349 = PRODUCT_CONTEXT('',#2,'mechanical');
#12350 = PRODUCT_DEFINITION_CONTEXT('part definition',#2,'design');
#12351 = ADVANCED_BREP_SHAPE_REPRESENTATION('',(#11,#12352),#12390);
#12352 = MANIFOLD_SOLID_BREP('',#12353);
#12353 = CLOSED_SHELL('',(#12354,#12381));
#12354 = ADVANCED_FACE('',(#12355),#12376,.T.);
#12355 = FACE_BOUND('',#12356,.T.);
#12356 = EDGE_LOOP('',(#12357,#12366,#12375));
#12357 = ORIENTED_EDGE('',*,*,#12358,.T.);
#12358 = EDGE_CURVE('',#12359,#12359,#12361,.T.);
#12359 = VERTEX_POINT('',#12360);
#12360 = CARTESIAN_POINT('',(-3.6,0.243199999999,-6.053399999999));
#12361 = CIRCLE('',#12362,0.121600000001);
#12362 = AXIS2_PLACEMENT_3D('',#12363,#12364,#12365);
#12363 = CARTESIAN_POINT('',(-3.6,0.243199999999,-6.175));
#12364 = DIRECTION('',(-5.551115123126E-17,-1.,0.));
#12365 = DIRECTION('',(6.108492277512E-29,-3.390894386119E-45,1.));
#12366 = ORIENTED_EDGE('',*,*,#12367,.T.);
#12367 = EDGE_CURVE('',#12359,#12368,#12370,.T.);
#12368 = VERTEX_POINT('',#12369);
#12369 = CARTESIAN_POINT('',(-3.6,1.334880397544E-13,-6.175));
#12370 = CIRCLE('',#12371,0.152);
#12371 = AXIS2_PLACEMENT_3D('',#12372,#12373,#12374);
#12372 = CARTESIAN_POINT('',(-3.6,0.152,-6.175));
#12373 = DIRECTION('',(1.,-1.110223024625E-16,-5.551115123126E-17));
#12374 = DIRECTION('',(1.110223024625E-16,1.,5.551115123126E-17));
#12375 = ORIENTED_EDGE('',*,*,#12367,.F.);
#12376 = SPHERICAL_SURFACE('',#12377,0.152);
#12377 = AXIS2_PLACEMENT_3D('',#12378,#12379,#12380);
#12378 = CARTESIAN_POINT('',(-3.6,0.152,-6.175));
#12379 = DIRECTION('',(-5.551115123126E-17,-1.,-0.));
#12380 = DIRECTION('',(5.463066675185E-29,-3.032611203926E-45,1.));
#12381 = ADVANCED_FACE('',(#12382),#12385,.F.);
#12382 = FACE_BOUND('',#12383,.F.);
#12383 = EDGE_LOOP('',(#12384));
#12384 = ORIENTED_EDGE('',*,*,#12358,.T.);
#12385 = PLANE('',#12386);
#12386 = AXIS2_PLACEMENT_3D('',#12387,#12388,#12389);
#12387 = CARTESIAN_POINT('',(-3.6,0.2432,-6.175));
#12388 = DIRECTION('',(-5.551115123126E-17,-1.,-0.));
#12389 = DIRECTION('',(6.10849227756E-29,-3.390894386146E-45,1.));
#12390 = ( GEOMETRIC_REPRESENTATION_CONTEXT(3) 
GLOBAL_UNCERTAINTY_ASSIGNED_CONTEXT((#12394)) 
GLOBAL_UNIT_ASSIGNED_CONTEXT((#12391,#12392,#12393)) 
REPRESENTATION_CONTEXT('Context #1',
  '3D Context with UNIT and UNCERTAINTY') );
#12391 = ( LENGTH_UNIT() NAMED_UNIT(*) SI_UNIT(.MILLI.,.METRE.) );
#12392 = ( NAMED_UNIT(*) PLANE_ANGLE_UNIT() SI_UNIT($,.RADIAN.) );
#12393 = ( NAMED_UNIT(*) SI_UNIT($,.STERADIAN.) SOLID_ANGLE_UNIT() );
#12394 = UNCERTAINTY_MEASURE_WITH_UNIT(LENGTH_MEASURE(1.E-07),#12391,
  'distance_accuracy_value','confusion accuracy');
#12395 = CONTEXT_DEPENDENT_SHAPE_REPRESENTATION(#12396,#12398);
#12396 = ( REPRESENTATION_RELATIONSHIP('','',#12351,#10) 
REPRESENTATION_RELATIONSHIP_WITH_TRANSFORMATION(#12397) 
SHAPE_REPRESENTATION_RELATIONSHIP() );
#12397 = ITEM_DEFINED_TRANSFORMATION('','',#11,#811);
#12398 = PRODUCT_DEFINITION_SHAPE('Placement','Placement of an item',
  #12399);
#12399 = NEXT_ASSEMBLY_USAGE_OCCURRENCE('142081','BALL_0198','',#5,
  #12346,$);
#12400 = PRODUCT_RELATED_PRODUCT_CATEGORY('part',$,(#12348));
#12401 = SHAPE_DEFINITION_REPRESENTATION(#12402,#12408);
#12402 = PRODUCT_DEFINITION_SHAPE('','',#12403);
#12403 = PRODUCT_DEFINITION('design','',#12404,#12407);
#12404 = PRODUCT_DEFINITION_FORMATION('','',#12405);
#12405 = PRODUCT('BALL_0199','BALL_0199','',(#12406));
#12406 = PRODUCT_CONTEXT('',#2,'mechanical');
#12407 = PRODUCT_DEFINITION_CONTEXT('part definition',#2,'design');
#12408 = ADVANCED_BREP_SHAPE_REPRESENTATION('',(#11,#12409),#12447);
#12409 = MANIFOLD_SOLID_BREP('',#12410);
#12410 = CLOSED_SHELL('',(#12411,#12438));
#12411 = ADVANCED_FACE('',(#12412),#12433,.T.);
#12412 = FACE_BOUND('',#12413,.T.);
#12413 = EDGE_LOOP('',(#12414,#12423,#12432));
#12414 = ORIENTED_EDGE('',*,*,#12415,.T.);
#12415 = EDGE_CURVE('',#12416,#12416,#12418,.T.);
#12416 = VERTEX_POINT('',#12417);
#12417 = CARTESIAN_POINT('',(-3.6,0.243199999999,-6.053399999999));
#12418 = CIRCLE('',#12419,0.121600000001);
#12419 = AXIS2_PLACEMENT_3D('',#12420,#12421,#12422);
#12420 = CARTESIAN_POINT('',(-3.6,0.243199999999,-6.175));
#12421 = DIRECTION('',(-5.551115123126E-17,-1.,0.));
#12422 = DIRECTION('',(6.108492277512E-29,-3.390894386119E-45,1.));
#12423 = ORIENTED_EDGE('',*,*,#12424,.T.);
#12424 = EDGE_CURVE('',#12416,#12425,#12427,.T.);
#12425 = VERTEX_POINT('',#12426);
#12426 = CARTESIAN_POINT('',(-3.6,1.334880397544E-13,-6.175));
#12427 = CIRCLE('',#12428,0.152);
#12428 = AXIS2_PLACEMENT_3D('',#12429,#12430,#12431);
#12429 = CARTESIAN_POINT('',(-3.6,0.152,-6.175));
#12430 = DIRECTION('',(1.,-1.110223024625E-16,-5.551115123126E-17));
#12431 = DIRECTION('',(1.110223024625E-16,1.,5.551115123126E-17));
#12432 = ORIENTED_EDGE('',*,*,#12424,.F.);
#12433 = SPHERICAL_SURFACE('',#12434,0.152);
#12434 = AXIS2_PLACEMENT_3D('',#12435,#12436,#12437);
#12435 = CARTESIAN_POINT('',(-3.6,0.152,-6.175));
#12436 = DIRECTION('',(-5.551115123126E-17,-1.,-0.));
#12437 = DIRECTION('',(5.463066675185E-29,-3.032611203926E-45,1.));
#12438 = ADVANCED_FACE('',(#12439),#12442,.F.);
#12439 = FACE_BOUND('',#12440,.F.);
#12440 = EDGE_LOOP('',(#12441));
#12441 = ORIENTED_EDGE('',*,*,#12415,.T.);
#12442 = PLANE('',#12443);
#12443 = AXIS2_PLACEMENT_3D('',#12444,#12445,#12446);
#12444 = CARTESIAN_POINT('',(-3.6,0.2432,-6.175));
#12445 = DIRECTION('',(-5.551115123126E-17,-1.,-0.));
#12446 = DIRECTION('',(6.10849227756E-29,-3.390894386146E-45,1.));
#12447 = ( GEOMETRIC_REPRESENTATION_CONTEXT(3) 
GLOBAL_UNCERTAINTY_ASSIGNED_CONTEXT((#12451)) 
GLOBAL_UNIT_ASSIGNED_CONTEXT((#12448,#12449,#12450)) 
REPRESENTATION_CONTEXT('Context #1',
  '3D Context with UNIT and UNCERTAINTY') );
#12448 = ( LENGTH_UNIT() NAMED_UNIT(*) SI_UNIT(.MILLI.,.METRE.) );
#12449 = ( NAMED_UNIT(*) PLANE_ANGLE_UNIT() SI_UNIT($,.RADIAN.) );
#12450 = ( NAMED_UNIT(*) SI_UNIT($,.STERADIAN.) SOLID_ANGLE_UNIT() );
#12451 = UNCERTAINTY_MEASURE_WITH_UNIT(LENGTH_MEASURE(1.E-07),#12448,
  'distance_accuracy_value','confusion accuracy');
#12452 = CONTEXT_DEPENDENT_SHAPE_REPRESENTATION(#12453,#12455);
#12453 = ( REPRESENTATION_RELATIONSHIP('','',#12408,#10) 
REPRESENTATION_RELATIONSHIP_WITH_TRANSFORMATION(#12454) 
SHAPE_REPRESENTATION_RELATIONSHIP() );
#12454 = ITEM_DEFINED_TRANSFORMATION('','',#11,#815);
#12455 = PRODUCT_DEFINITION_SHAPE('Placement','Placement of an item',
  #12456);
#12456 = NEXT_ASSEMBLY_USAGE_OCCURRENCE('142082','BALL_0199','',#5,
  #12403,$);
#12457 = PRODUCT_RELATED_PRODUCT_CATEGORY('part',$,(#12405));
#12458 = SHAPE_DEFINITION_REPRESENTATION(#12459,#12465);
#12459 = PRODUCT_DEFINITION_SHAPE('','',#12460);
#12460 = PRODUCT_DEFINITION('design','',#12461,#12464);
#12461 = PRODUCT_DEFINITION_FORMATION('','',#12462);
#12462 = PRODUCT('BALL_0200','BALL_0200','',(#12463));
#12463 = PRODUCT_CONTEXT('',#2,'mechanical');
#12464 = PRODUCT_DEFINITION_CONTEXT('part definition',#2,'design');
#12465 = ADVANCED_BREP_SHAPE_REPRESENTATION('',(#11,#12466),#12504);
#12466 = MANIFOLD_SOLID_BREP('',#12467);
#12467 = CLOSED_SHELL('',(#12468,#12495));
#12468 = ADVANCED_FACE('',(#12469),#12490,.T.);
#12469 = FACE_BOUND('',#12470,.T.);
#12470 = EDGE_LOOP('',(#12471,#12480,#12489));
#12471 = ORIENTED_EDGE('',*,*,#12472,.T.);
#12472 = EDGE_CURVE('',#12473,#12473,#12475,.T.);
#12473 = VERTEX_POINT('',#12474);
#12474 = CARTESIAN_POINT('',(-3.6,0.243199999999,-6.053399999999));
#12475 = CIRCLE('',#12476,0.121600000001);
#12476 = AXIS2_PLACEMENT_3D('',#12477,#12478,#12479);
#12477 = CARTESIAN_POINT('',(-3.6,0.243199999999,-6.175));
#12478 = DIRECTION('',(-5.551115123126E-17,-1.,0.));
#12479 = DIRECTION('',(6.108492277512E-29,-3.390894386119E-45,1.));
#12480 = ORIENTED_EDGE('',*,*,#12481,.T.);
#12481 = EDGE_CURVE('',#12473,#12482,#12484,.T.);
#12482 = VERTEX_POINT('',#12483);
#12483 = CARTESIAN_POINT('',(-3.6,1.334880397544E-13,-6.175));
#12484 = CIRCLE('',#12485,0.152);
#12485 = AXIS2_PLACEMENT_3D('',#12486,#12487,#12488);
#12486 = CARTESIAN_POINT('',(-3.6,0.152,-6.175));
#12487 = DIRECTION('',(1.,-1.110223024625E-16,-5.551115123126E-17));
#12488 = DIRECTION('',(1.110223024625E-16,1.,5.551115123126E-17));
#12489 = ORIENTED_EDGE('',*,*,#12481,.F.);
#12490 = SPHERICAL_SURFACE('',#12491,0.152);
#12491 = AXIS2_PLACEMENT_3D('',#12492,#12493,#12494);
#12492 = CARTESIAN_POINT('',(-3.6,0.152,-6.175));
#12493 = DIRECTION('',(-5.551115123126E-17,-1.,-0.));
#12494 = DIRECTION('',(5.463066675185E-29,-3.032611203926E-45,1.));
#12495 = ADVANCED_FACE('',(#12496),#12499,.F.);
#12496 = FACE_BOUND('',#12497,.F.);
#12497 = EDGE_LOOP('',(#12498));
#12498 = ORIENTED_EDGE('',*,*,#12472,.T.);
#12499 = PLANE('',#12500);
#12500 = AXIS2_PLACEMENT_3D('',#12501,#12502,#12503);
#12501 = CARTESIAN_POINT('',(-3.6,0.2432,-6.175));
#12502 = DIRECTION('',(-5.551115123126E-17,-1.,-0.));
#12503 = DIRECTION('',(6.10849227756E-29,-3.390894386146E-45,1.));
#12504 = ( GEOMETRIC_REPRESENTATION_CONTEXT(3) 
GLOBAL_UNCERTAINTY_ASSIGNED_CONTEXT((#12508)) 
GLOBAL_UNIT_ASSIGNED_CONTEXT((#12505,#12506,#12507)) 
REPRESENTATION_CONTEXT('Context #1',
  '3D Context with UNIT and UNCERTAINTY') );
#12505 = ( LENGTH_UNIT() NAMED_UNIT(*) SI_UNIT(.MILLI.,.METRE.) );
#12506 = ( NAMED_UNIT(*) PLANE_ANGLE_UNIT() SI_UNIT($,.RADIAN.) );
#12507 = ( NAMED_UNIT(*) SI_UNIT($,.STERADIAN.) SOLID_ANGLE_UNIT() );
#12508 = UNCERTAINTY_MEASURE_WITH_UNIT(LENGTH_MEASURE(1.E-07),#12505,
  'distance_accuracy_value','confusion accuracy');
#12509 = CONTEXT_DEPENDENT_SHAPE_REPRESENTATION(#12510,#12512);
#12510 = ( REPRESENTATION_RELATIONSHIP('','',#12465,#10) 
REPRESENTATION_RELATIONSHIP_WITH_TRANSFORMATION(#12511) 
SHAPE_REPRESENTATION_RELATIONSHIP() );
#12511 = ITEM_DEFINED_TRANSFORMATION('','',#11,#819);
#12512 = PRODUCT_DEFINITION_SHAPE('Placement','Placement of an item',
  #12513);
#12513 = NEXT_ASSEMBLY_USAGE_OCCURRENCE('142083','BALL_0200','',#5,
  #12460,$);
#12514 = PRODUCT_RELATED_PRODUCT_CATEGORY('part',$,(#12462));
#12515 = MECHANICAL_DESIGN_GEOMETRIC_PRESENTATION_REPRESENTATION('',(
    #12516),#1446);
#12516 = STYLED_ITEM('color',(#12517),#1408);
#12517 = PRESENTATION_STYLE_ASSIGNMENT((#12518,#12524));
#12518 = SURFACE_STYLE_USAGE(.BOTH.,#12519);
#12519 = SURFACE_SIDE_STYLE('',(#12520));
#12520 = SURFACE_STYLE_FILL_AREA(#12521);
#12521 = FILL_AREA_STYLE('',(#12522));
#12522 = FILL_AREA_STYLE_COLOUR('',#12523);
#12523 = COLOUR_RGB('',0.796078452645,0.823529417451,0.937254901616);
#12524 = CURVE_STYLE('',#12525,POSITIVE_LENGTH_MEASURE(0.1),#12526);
#12525 = DRAUGHTING_PRE_DEFINED_CURVE_FONT('continuous');
#12526 = COLOUR_RGB('',9.803921802644E-02,9.803921802644E-02,
  9.803921802644E-02);
#12527 = MECHANICAL_DESIGN_GEOMETRIC_PRESENTATION_REPRESENTATION('',(
    #12528),#5493);
#12528 = STYLED_ITEM('color',(#12529),#5455);
#12529 = PRESENTATION_STYLE_ASSIGNMENT((#12530,#12535));
#12530 = SURFACE_STYLE_USAGE(.BOTH.,#12531);
#12531 = SURFACE_SIDE_STYLE('',(#12532));
#12532 = SURFACE_STYLE_FILL_AREA(#12533);
#12533 = FILL_AREA_STYLE('',(#12534));
#12534 = FILL_AREA_STYLE_COLOUR('',#12523);
#12535 = CURVE_STYLE('',#12536,POSITIVE_LENGTH_MEASURE(0.1),#12526);
#12536 = DRAUGHTING_PRE_DEFINED_CURVE_FONT('continuous');
#12537 = MECHANICAL_DESIGN_GEOMETRIC_PRESENTATION_REPRESENTATION('',(
    #12538),#4581);
#12538 = STYLED_ITEM('color',(#12539),#4543);
#12539 = PRESENTATION_STYLE_ASSIGNMENT((#12540,#12545));
#12540 = SURFACE_STYLE_USAGE(.BOTH.,#12541);
#12541 = SURFACE_SIDE_STYLE('',(#12542));
#12542 = SURFACE_STYLE_FILL_AREA(#12543);
#12543 = FILL_AREA_STYLE('',(#12544));
#12544 = FILL_AREA_STYLE_COLOUR('',#12523);
#12545 = CURVE_STYLE('',#12546,POSITIVE_LENGTH_MEASURE(0.1),#12526);
#12546 = DRAUGHTING_PRE_DEFINED_CURVE_FONT('continuous');
#12547 = MECHANICAL_DESIGN_GEOMETRIC_PRESENTATION_REPRESENTATION('',(
    #12548),#12504);
#12548 = STYLED_ITEM('color',(#12549),#12466);
#12549 = PRESENTATION_STYLE_ASSIGNMENT((#12550,#12555));
#12550 = SURFACE_STYLE_USAGE(.BOTH.,#12551);
#12551 = SURFACE_SIDE_STYLE('',(#12552));
#12552 = SURFACE_STYLE_FILL_AREA(#12553);
#12553 = FILL_AREA_STYLE('',(#12554));
#12554 = FILL_AREA_STYLE_COLOUR('',#12523);
#12555 = CURVE_STYLE('',#12556,POSITIVE_LENGTH_MEASURE(0.1),#12526);
#12556 = DRAUGHTING_PRE_DEFINED_CURVE_FONT('continuous');
#12557 = MECHANICAL_DESIGN_GEOMETRIC_PRESENTATION_REPRESENTATION('',(
    #12558),#2871);
#12558 = STYLED_ITEM('color',(#12559),#2833);
#12559 = PRESENTATION_STYLE_ASSIGNMENT((#12560,#12565));
#12560 = SURFACE_STYLE_USAGE(.BOTH.,#12561);
#12561 = SURFACE_SIDE_STYLE('',(#12562));
#12562 = SURFACE_STYLE_FILL_AREA(#12563);
#12563 = FILL_AREA_STYLE('',(#12564));
#12564 = FILL_AREA_STYLE_COLOUR('',#12523);
#12565 = CURVE_STYLE('',#12566,POSITIVE_LENGTH_MEASURE(0.1),#12526);
#12566 = DRAUGHTING_PRE_DEFINED_CURVE_FONT('continuous');
#12567 = MECHANICAL_DESIGN_GEOMETRIC_PRESENTATION_REPRESENTATION('',(
    #12568),#4866);
#12568 = STYLED_ITEM('color',(#12569),#4828);
#12569 = PRESENTATION_STYLE_ASSIGNMENT((#12570,#12575));
#12570 = SURFACE_STYLE_USAGE(.BOTH.,#12571);
#12571 = SURFACE_SIDE_STYLE('',(#12572));
#12572 = SURFACE_STYLE_FILL_AREA(#12573);
#12573 = FILL_AREA_STYLE('',(#12574));
#12574 = FILL_AREA_STYLE_COLOUR('',#12523);
#12575 = CURVE_STYLE('',#12576,POSITIVE_LENGTH_MEASURE(0.1),#12526);
#12576 = DRAUGHTING_PRE_DEFINED_CURVE_FONT('continuous');
#12577 = MECHANICAL_DESIGN_GEOMETRIC_PRESENTATION_REPRESENTATION('',(
    #12578),#12219);
#12578 = STYLED_ITEM('color',(#12579),#12181);
#12579 = PRESENTATION_STYLE_ASSIGNMENT((#12580,#12585));
#12580 = SURFACE_STYLE_USAGE(.BOTH.,#12581);
#12581 = SURFACE_SIDE_STYLE('',(#12582));
#12582 = SURFACE_STYLE_FILL_AREA(#12583);
#12583 = FILL_AREA_STYLE('',(#12584));
#12584 = FILL_AREA_STYLE_COLOUR('',#12523);
#12585 = CURVE_STYLE('',#12586,POSITIVE_LENGTH_MEASURE(0.1),#12526);
#12586 = DRAUGHTING_PRE_DEFINED_CURVE_FONT('continuous');
#12587 = MECHANICAL_DESIGN_GEOMETRIC_PRESENTATION_REPRESENTATION('',(
    #12588),#9768);
#12588 = STYLED_ITEM('color',(#12589),#9730);
#12589 = PRESENTATION_STYLE_ASSIGNMENT((#12590,#12595));
#12590 = SURFACE_STYLE_USAGE(.BOTH.,#12591);
#12591 = SURFACE_SIDE_STYLE('',(#12592));
#12592 = SURFACE_STYLE_FILL_AREA(#12593);
#12593 = FILL_AREA_STYLE('',(#12594));
#12594 = FILL_AREA_STYLE_COLOUR('',#12523);
#12595 = CURVE_STYLE('',#12596,POSITIVE_LENGTH_MEASURE(0.1),#12526);
#12596 = DRAUGHTING_PRE_DEFINED_CURVE_FONT('continuous');
#12597 = MECHANICAL_DESIGN_GEOMETRIC_PRESENTATION_REPRESENTATION('',(
    #12598),#7887);
#12598 = STYLED_ITEM('color',(#12599),#7849);
#12599 = PRESENTATION_STYLE_ASSIGNMENT((#12600,#12605));
#12600 = SURFACE_STYLE_USAGE(.BOTH.,#12601);
#12601 = SURFACE_SIDE_STYLE('',(#12602));
#12602 = SURFACE_STYLE_FILL_AREA(#12603);
#12603 = FILL_AREA_STYLE('',(#12604));
#12604 = FILL_AREA_STYLE_COLOUR('',#12523);
#12605 = CURVE_STYLE('',#12606,POSITIVE_LENGTH_MEASURE(0.1),#12526);
#12606 = DRAUGHTING_PRE_DEFINED_CURVE_FONT('continuous');
#12607 = MECHANICAL_DESIGN_GEOMETRIC_PRESENTATION_REPRESENTATION('',(
    #12608),#9369);
#12608 = STYLED_ITEM('color',(#12609),#9331);
#12609 = PRESENTATION_STYLE_ASSIGNMENT((#12610,#12615));
#12610 = SURFACE_STYLE_USAGE(.BOTH.,#12611);
#12611 = SURFACE_SIDE_STYLE('',(#12612));
#12612 = SURFACE_STYLE_FILL_AREA(#12613);
#12613 = FILL_AREA_STYLE('',(#12614));
#12614 = FILL_AREA_STYLE_COLOUR('',#12523);
#12615 = CURVE_STYLE('',#12616,POSITIVE_LENGTH_MEASURE(0.1),#12526);
#12616 = DRAUGHTING_PRE_DEFINED_CURVE_FONT('continuous');
#12617 = MECHANICAL_DESIGN_GEOMETRIC_PRESENTATION_REPRESENTATION('',(
    #12618),#11649);
#12618 = STYLED_ITEM('color',(#12619),#11611);
#12619 = PRESENTATION_STYLE_ASSIGNMENT((#12620,#12625));
#12620 = SURFACE_STYLE_USAGE(.BOTH.,#12621);
#12621 = SURFACE_SIDE_STYLE('',(#12622));
#12622 = SURFACE_STYLE_FILL_AREA(#12623);
#12623 = FILL_AREA_STYLE('',(#12624));
#12624 = FILL_AREA_STYLE_COLOUR('',#12523);
#12625 = CURVE_STYLE('',#12626,POSITIVE_LENGTH_MEASURE(0.1),#12526);
#12626 = DRAUGHTING_PRE_DEFINED_CURVE_FONT('continuous');
#12627 = MECHANICAL_DESIGN_GEOMETRIC_PRESENTATION_REPRESENTATION('',(
    #12628),#10110);
#12628 = STYLED_ITEM('color',(#12629),#10072);
#12629 = PRESENTATION_STYLE_ASSIGNMENT((#12630,#12635));
#12630 = SURFACE_STYLE_USAGE(.BOTH.,#12631);
#12631 = SURFACE_SIDE_STYLE('',(#12632));
#12632 = SURFACE_STYLE_FILL_AREA(#12633);
#12633 = FILL_AREA_STYLE('',(#12634));
#12634 = FILL_AREA_STYLE_COLOUR('',#12523);
#12635 = CURVE_STYLE('',#12636,POSITIVE_LENGTH_MEASURE(0.1),#12526);
#12636 = DRAUGHTING_PRE_DEFINED_CURVE_FONT('continuous');
#12637 = MECHANICAL_DESIGN_GEOMETRIC_PRESENTATION_REPRESENTATION('',(
    #12638),#3498);
#12638 = STYLED_ITEM('color',(#12639),#3460);
#12639 = PRESENTATION_STYLE_ASSIGNMENT((#12640,#12645));
#12640 = SURFACE_STYLE_USAGE(.BOTH.,#12641);
#12641 = SURFACE_SIDE_STYLE('',(#12642));
#12642 = SURFACE_STYLE_FILL_AREA(#12643);
#12643 = FILL_AREA_STYLE('',(#12644));
#12644 = FILL_AREA_STYLE_COLOUR('',#12523);
#12645 = CURVE_STYLE('',#12646,POSITIVE_LENGTH_MEASURE(0.1),#12526);
#12646 = DRAUGHTING_PRE_DEFINED_CURVE_FONT('continuous');
#12647 = MECHANICAL_DESIGN_GEOMETRIC_PRESENTATION_REPRESENTATION('',(
    #12648),#10167);
#12648 = STYLED_ITEM('color',(#12649),#10129);
#12649 = PRESENTATION_STYLE_ASSIGNMENT((#12650,#12655));
#12650 = SURFACE_STYLE_USAGE(.BOTH.,#12651);
#12651 = SURFACE_SIDE_STYLE('',(#12652));
#12652 = SURFACE_STYLE_FILL_AREA(#12653);
#12653 = FILL_AREA_STYLE('',(#12654));
#12654 = FILL_AREA_STYLE_COLOUR('',#12523);
#12655 = CURVE_STYLE('',#12656,POSITIVE_LENGTH_MEASURE(0.1),#12526);
#12656 = DRAUGHTING_PRE_DEFINED_CURVE_FONT('continuous');
#12657 = MECHANICAL_DESIGN_GEOMETRIC_PRESENTATION_REPRESENTATION('',(
    #12658),#9426);
#12658 = STYLED_ITEM('color',(#12659),#9388);
#12659 = PRESENTATION_STYLE_ASSIGNMENT((#12660,#12665));
#12660 = SURFACE_STYLE_USAGE(.BOTH.,#12661);
#12661 = SURFACE_SIDE_STYLE('',(#12662));
#12662 = SURFACE_STYLE_FILL_AREA(#12663);
#12663 = FILL_AREA_STYLE('',(#12664));
#12664 = FILL_AREA_STYLE_COLOUR('',#12523);
#12665 = CURVE_STYLE('',#12666,POSITIVE_LENGTH_MEASURE(0.1),#12526);
#12666 = DRAUGHTING_PRE_DEFINED_CURVE_FONT('continuous');
#12667 = MECHANICAL_DESIGN_GEOMETRIC_PRESENTATION_REPRESENTATION('',(
    #12668),#5037);
#12668 = STYLED_ITEM('color',(#12669),#4999);
#12669 = PRESENTATION_STYLE_ASSIGNMENT((#12670,#12675));
#12670 = SURFACE_STYLE_USAGE(.BOTH.,#12671);
#12671 = SURFACE_SIDE_STYLE('',(#12672));
#12672 = SURFACE_STYLE_FILL_AREA(#12673);
#12673 = FILL_AREA_STYLE('',(#12674));
#12674 = FILL_AREA_STYLE_COLOUR('',#12523);
#12675 = CURVE_STYLE('',#12676,POSITIVE_LENGTH_MEASURE(0.1),#12526);
#12676 = DRAUGHTING_PRE_DEFINED_CURVE_FONT('continuous');
#12677 = MECHANICAL_DESIGN_GEOMETRIC_PRESENTATION_REPRESENTATION('',(
    #12678),#5949);
#12678 = STYLED_ITEM('color',(#12679),#5911);
#12679 = PRESENTATION_STYLE_ASSIGNMENT((#12680,#12685));
#12680 = SURFACE_STYLE_USAGE(.BOTH.,#12681);
#12681 = SURFACE_SIDE_STYLE('',(#12682));
#12682 = SURFACE_STYLE_FILL_AREA(#12683);
#12683 = FILL_AREA_STYLE('',(#12684));
#12684 = FILL_AREA_STYLE_COLOUR('',#12523);
#12685 = CURVE_STYLE('',#12686,POSITIVE_LENGTH_MEASURE(0.1),#12526);
#12686 = DRAUGHTING_PRE_DEFINED_CURVE_FONT('continuous');
#12687 = MECHANICAL_DESIGN_GEOMETRIC_PRESENTATION_REPRESENTATION('',(
    #12688),#4638);
#12688 = STYLED_ITEM('color',(#12689),#4600);
#12689 = PRESENTATION_STYLE_ASSIGNMENT((#12690,#12695));
#12690 = SURFACE_STYLE_USAGE(.BOTH.,#12691);
#12691 = SURFACE_SIDE_STYLE('',(#12692));
#12692 = SURFACE_STYLE_FILL_AREA(#12693);
#12693 = FILL_AREA_STYLE('',(#12694));
#12694 = FILL_AREA_STYLE_COLOUR('',#12523);
#12695 = CURVE_STYLE('',#12696,POSITIVE_LENGTH_MEASURE(0.1),#12526);
#12696 = DRAUGHTING_PRE_DEFINED_CURVE_FONT('continuous');
#12697 = MECHANICAL_DESIGN_GEOMETRIC_PRESENTATION_REPRESENTATION('',(
    #12698),#1674);
#12698 = STYLED_ITEM('color',(#12699),#1636);
#12699 = PRESENTATION_STYLE_ASSIGNMENT((#12700,#12705));
#12700 = SURFACE_STYLE_USAGE(.BOTH.,#12701);
#12701 = SURFACE_SIDE_STYLE('',(#12702));
#12702 = SURFACE_STYLE_FILL_AREA(#12703);
#12703 = FILL_AREA_STYLE('',(#12704));
#12704 = FILL_AREA_STYLE_COLOUR('',#12523);
#12705 = CURVE_STYLE('',#12706,POSITIVE_LENGTH_MEASURE(0.1),#12526);
#12706 = DRAUGHTING_PRE_DEFINED_CURVE_FONT('continuous');
#12707 = MECHANICAL_DESIGN_GEOMETRIC_PRESENTATION_REPRESENTATION('',(
    #12708),#8571);
#12708 = STYLED_ITEM('color',(#12709),#8533);
#12709 = PRESENTATION_STYLE_ASSIGNMENT((#12710,#12715));
#12710 = SURFACE_STYLE_USAGE(.BOTH.,#12711);
#12711 = SURFACE_SIDE_STYLE('',(#12712));
#12712 = SURFACE_STYLE_FILL_AREA(#12713);
#12713 = FILL_AREA_STYLE('',(#12714));
#12714 = FILL_AREA_STYLE_COLOUR('',#12523);
#12715 = CURVE_STYLE('',#12716,POSITIVE_LENGTH_MEASURE(0.1),#12526);
#12716 = DRAUGHTING_PRE_DEFINED_CURVE_FONT('continuous');
#12717 = MECHANICAL_DESIGN_GEOMETRIC_PRESENTATION_REPRESENTATION('',(
    #12718),#7944);
#12718 = STYLED_ITEM('color',(#12719),#7906);
#12719 = PRESENTATION_STYLE_ASSIGNMENT((#12720,#12725));
#12720 = SURFACE_STYLE_USAGE(.BOTH.,#12721);
#12721 = SURFACE_SIDE_STYLE('',(#12722));
#12722 = SURFACE_STYLE_FILL_AREA(#12723);
#12723 = FILL_AREA_STYLE('',(#12724));
#12724 = FILL_AREA_STYLE_COLOUR('',#12523);
#12725 = CURVE_STYLE('',#12726,POSITIVE_LENGTH_MEASURE(0.1),#12526);
#12726 = DRAUGHTING_PRE_DEFINED_CURVE_FONT('continuous');
#12727 = MECHANICAL_DESIGN_GEOMETRIC_PRESENTATION_REPRESENTATION('',(
    #12728),#8457);
#12728 = STYLED_ITEM('color',(#12729),#8419);
#12729 = PRESENTATION_STYLE_ASSIGNMENT((#12730,#12735));
#12730 = SURFACE_STYLE_USAGE(.BOTH.,#12731);
#12731 = SURFACE_SIDE_STYLE('',(#12732));
#12732 = SURFACE_STYLE_FILL_AREA(#12733);
#12733 = FILL_AREA_STYLE('',(#12734));
#12734 = FILL_AREA_STYLE_COLOUR('',#12523);
#12735 = CURVE_STYLE('',#12736,POSITIVE_LENGTH_MEASURE(0.1),#12526);
#12736 = DRAUGHTING_PRE_DEFINED_CURVE_FONT('continuous');
#12737 = MECHANICAL_DESIGN_GEOMETRIC_PRESENTATION_REPRESENTATION('',(
    #12738),#2700);
#12738 = STYLED_ITEM('color',(#12739),#2662);
#12739 = PRESENTATION_STYLE_ASSIGNMENT((#12740,#12745));
#12740 = SURFACE_STYLE_USAGE(.BOTH.,#12741);
#12741 = SURFACE_SIDE_STYLE('',(#12742));
#12742 = SURFACE_STYLE_FILL_AREA(#12743);
#12743 = FILL_AREA_STYLE('',(#12744));
#12744 = FILL_AREA_STYLE_COLOUR('',#12523);
#12745 = CURVE_STYLE('',#12746,POSITIVE_LENGTH_MEASURE(0.1),#12526);
#12746 = DRAUGHTING_PRE_DEFINED_CURVE_FONT('continuous');
#12747 = MECHANICAL_DESIGN_GEOMETRIC_PRESENTATION_REPRESENTATION('',(
    #12748),#7773);
#12748 = STYLED_ITEM('color',(#12749),#7735);
#12749 = PRESENTATION_STYLE_ASSIGNMENT((#12750,#12755));
#12750 = SURFACE_STYLE_USAGE(.BOTH.,#12751);
#12751 = SURFACE_SIDE_STYLE('',(#12752));
#12752 = SURFACE_STYLE_FILL_AREA(#12753);
#12753 = FILL_AREA_STYLE('',(#12754));
#12754 = FILL_AREA_STYLE_COLOUR('',#12523);
#12755 = CURVE_STYLE('',#12756,POSITIVE_LENGTH_MEASURE(0.1),#12526);
#12756 = DRAUGHTING_PRE_DEFINED_CURVE_FONT('continuous');
#12757 = MECHANICAL_DESIGN_GEOMETRIC_PRESENTATION_REPRESENTATION('',(
    #12758),#4752);
#12758 = STYLED_ITEM('color',(#12759),#4714);
#12759 = PRESENTATION_STYLE_ASSIGNMENT((#12760,#12765));
#12760 = SURFACE_STYLE_USAGE(.BOTH.,#12761);
#12761 = SURFACE_SIDE_STYLE('',(#12762));
#12762 = SURFACE_STYLE_FILL_AREA(#12763);
#12763 = FILL_AREA_STYLE('',(#12764));
#12764 = FILL_AREA_STYLE_COLOUR('',#12523);
#12765 = CURVE_STYLE('',#12766,POSITIVE_LENGTH_MEASURE(0.1),#12526);
#12766 = DRAUGHTING_PRE_DEFINED_CURVE_FONT('continuous');
#12767 = MECHANICAL_DESIGN_GEOMETRIC_PRESENTATION_REPRESENTATION('',(
    #12768),#6690);
#12768 = STYLED_ITEM('color',(#12769),#6652);
#12769 = PRESENTATION_STYLE_ASSIGNMENT((#12770,#12775));
#12770 = SURFACE_STYLE_USAGE(.BOTH.,#12771);
#12771 = SURFACE_SIDE_STYLE('',(#12772));
#12772 = SURFACE_STYLE_FILL_AREA(#12773);
#12773 = FILL_AREA_STYLE('',(#12774));
#12774 = FILL_AREA_STYLE_COLOUR('',#12523);
#12775 = CURVE_STYLE('',#12776,POSITIVE_LENGTH_MEASURE(0.1),#12526);
#12776 = DRAUGHTING_PRE_DEFINED_CURVE_FONT('continuous');
#12777 = MECHANICAL_DESIGN_GEOMETRIC_PRESENTATION_REPRESENTATION('',(
    #12778),#2643);
#12778 = STYLED_ITEM('color',(#12779),#2605);
#12779 = PRESENTATION_STYLE_ASSIGNMENT((#12780,#12785));
#12780 = SURFACE_STYLE_USAGE(.BOTH.,#12781);
#12781 = SURFACE_SIDE_STYLE('',(#12782));
#12782 = SURFACE_STYLE_FILL_AREA(#12783);
#12783 = FILL_AREA_STYLE('',(#12784));
#12784 = FILL_AREA_STYLE_COLOUR('',#12523);
#12785 = CURVE_STYLE('',#12786,POSITIVE_LENGTH_MEASURE(0.1),#12526);
#12786 = DRAUGHTING_PRE_DEFINED_CURVE_FONT('continuous');
#12787 = MECHANICAL_DESIGN_GEOMETRIC_PRESENTATION_REPRESENTATION('',(
    #12788),#3213);
#12788 = STYLED_ITEM('color',(#12789),#3175);
#12789 = PRESENTATION_STYLE_ASSIGNMENT((#12790,#12795));
#12790 = SURFACE_STYLE_USAGE(.BOTH.,#12791);
#12791 = SURFACE_SIDE_STYLE('',(#12792));
#12792 = SURFACE_STYLE_FILL_AREA(#12793);
#12793 = FILL_AREA_STYLE('',(#12794));
#12794 = FILL_AREA_STYLE_COLOUR('',#12523);
#12795 = CURVE_STYLE('',#12796,POSITIVE_LENGTH_MEASURE(0.1),#12526);
#12796 = DRAUGHTING_PRE_DEFINED_CURVE_FONT('continuous');
#12797 = MECHANICAL_DESIGN_GEOMETRIC_PRESENTATION_REPRESENTATION('',(
    #12798),#1104);
#12798 = STYLED_ITEM('color',(#12799),#1051);
#12799 = PRESENTATION_STYLE_ASSIGNMENT((#12800,#12806));
#12800 = SURFACE_STYLE_USAGE(.BOTH.,#12801);
#12801 = SURFACE_SIDE_STYLE('',(#12802));
#12802 = SURFACE_STYLE_FILL_AREA(#12803);
#12803 = FILL_AREA_STYLE('',(#12804));
#12804 = FILL_AREA_STYLE_COLOUR('',#12805);
#12805 = DRAUGHTING_PRE_DEFINED_COLOUR('white');
#12806 = CURVE_STYLE('',#12807,POSITIVE_LENGTH_MEASURE(0.1),#12526);
#12807 = DRAUGHTING_PRE_DEFINED_CURVE_FONT('continuous');
#12808 = MECHANICAL_DESIGN_GEOMETRIC_PRESENTATION_REPRESENTATION('',(
    #12809),#11478);
#12809 = STYLED_ITEM('color',(#12810),#11440);
#12810 = PRESENTATION_STYLE_ASSIGNMENT((#12811,#12816));
#12811 = SURFACE_STYLE_USAGE(.BOTH.,#12812);
#12812 = SURFACE_SIDE_STYLE('',(#12813));
#12813 = SURFACE_STYLE_FILL_AREA(#12814);
#12814 = FILL_AREA_STYLE('',(#12815));
#12815 = FILL_AREA_STYLE_COLOUR('',#12523);
#12816 = CURVE_STYLE('',#12817,POSITIVE_LENGTH_MEASURE(0.1),#12526);
#12817 = DRAUGHTING_PRE_DEFINED_CURVE_FONT('continuous');
#12818 = MECHANICAL_DESIGN_GEOMETRIC_PRESENTATION_REPRESENTATION('',(
    #12819),#10965);
#12819 = STYLED_ITEM('color',(#12820),#10927);
#12820 = PRESENTATION_STYLE_ASSIGNMENT((#12821,#12826));
#12821 = SURFACE_STYLE_USAGE(.BOTH.,#12822);
#12822 = SURFACE_SIDE_STYLE('',(#12823));
#12823 = SURFACE_STYLE_FILL_AREA(#12824);
#12824 = FILL_AREA_STYLE('',(#12825));
#12825 = FILL_AREA_STYLE_COLOUR('',#12523);
#12826 = CURVE_STYLE('',#12827,POSITIVE_LENGTH_MEASURE(0.1),#12526);
#12827 = DRAUGHTING_PRE_DEFINED_CURVE_FONT('continuous');
#12828 = MECHANICAL_DESIGN_GEOMETRIC_PRESENTATION_REPRESENTATION('',(
    #12829),#10053);
#12829 = STYLED_ITEM('color',(#12830),#10015);
#12830 = PRESENTATION_STYLE_ASSIGNMENT((#12831,#12836));
#12831 = SURFACE_STYLE_USAGE(.BOTH.,#12832);
#12832 = SURFACE_SIDE_STYLE('',(#12833));
#12833 = SURFACE_STYLE_FILL_AREA(#12834);
#12834 = FILL_AREA_STYLE('',(#12835));
#12835 = FILL_AREA_STYLE_COLOUR('',#12523);
#12836 = CURVE_STYLE('',#12837,POSITIVE_LENGTH_MEASURE(0.1),#12526);
#12837 = DRAUGHTING_PRE_DEFINED_CURVE_FONT('continuous');
#12838 = MECHANICAL_DESIGN_GEOMETRIC_PRESENTATION_REPRESENTATION('',(
    #12839),#4353);
#12839 = STYLED_ITEM('color',(#12840),#4315);
#12840 = PRESENTATION_STYLE_ASSIGNMENT((#12841,#12846));
#12841 = SURFACE_STYLE_USAGE(.BOTH.,#12842);
#12842 = SURFACE_SIDE_STYLE('',(#12843));
#12843 = SURFACE_STYLE_FILL_AREA(#12844);
#12844 = FILL_AREA_STYLE('',(#12845));
#12845 = FILL_AREA_STYLE_COLOUR('',#12523);
#12846 = CURVE_STYLE('',#12847,POSITIVE_LENGTH_MEASURE(0.1),#12526);
#12847 = DRAUGHTING_PRE_DEFINED_CURVE_FONT('continuous');
#12848 = MECHANICAL_DESIGN_GEOMETRIC_PRESENTATION_REPRESENTATION('',(
    #12849),#3270);
#12849 = STYLED_ITEM('color',(#12850),#3232);
#12850 = PRESENTATION_STYLE_ASSIGNMENT((#12851,#12856));
#12851 = SURFACE_STYLE_USAGE(.BOTH.,#12852);
#12852 = SURFACE_SIDE_STYLE('',(#12853));
#12853 = SURFACE_STYLE_FILL_AREA(#12854);
#12854 = FILL_AREA_STYLE('',(#12855));
#12855 = FILL_AREA_STYLE_COLOUR('',#12523);
#12856 = CURVE_STYLE('',#12857,POSITIVE_LENGTH_MEASURE(0.1),#12526);
#12857 = DRAUGHTING_PRE_DEFINED_CURVE_FONT('continuous');
#12858 = MECHANICAL_DESIGN_GEOMETRIC_PRESENTATION_REPRESENTATION('',(
    #12859),#6975);
#12859 = STYLED_ITEM('color',(#12860),#6937);
#12860 = PRESENTATION_STYLE_ASSIGNMENT((#12861,#12866));
#12861 = SURFACE_STYLE_USAGE(.BOTH.,#12862);
#12862 = SURFACE_SIDE_STYLE('',(#12863));
#12863 = SURFACE_STYLE_FILL_AREA(#12864);
#12864 = FILL_AREA_STYLE('',(#12865));
#12865 = FILL_AREA_STYLE_COLOUR('',#12523);
#12866 = CURVE_STYLE('',#12867,POSITIVE_LENGTH_MEASURE(0.1),#12526);
#12867 = DRAUGHTING_PRE_DEFINED_CURVE_FONT('continuous');
#12868 = MECHANICAL_DESIGN_GEOMETRIC_PRESENTATION_REPRESENTATION('',(
    #12869),#8001);
#12869 = STYLED_ITEM('color',(#12870),#7963);
#12870 = PRESENTATION_STYLE_ASSIGNMENT((#12871,#12876));
#12871 = SURFACE_STYLE_USAGE(.BOTH.,#12872);
#12872 = SURFACE_SIDE_STYLE('',(#12873));
#12873 = SURFACE_STYLE_FILL_AREA(#12874);
#12874 = FILL_AREA_STYLE('',(#12875));
#12875 = FILL_AREA_STYLE_COLOUR('',#12523);
#12876 = CURVE_STYLE('',#12877,POSITIVE_LENGTH_MEASURE(0.1),#12526);
#12877 = DRAUGHTING_PRE_DEFINED_CURVE_FONT('continuous');
#12878 = MECHANICAL_DESIGN_GEOMETRIC_PRESENTATION_REPRESENTATION('',(
    #12879),#9825);
#12879 = STYLED_ITEM('color',(#12880),#9787);
#12880 = PRESENTATION_STYLE_ASSIGNMENT((#12881,#12886));
#12881 = SURFACE_STYLE_USAGE(.BOTH.,#12882);
#12882 = SURFACE_SIDE_STYLE('',(#12883));
#12883 = SURFACE_STYLE_FILL_AREA(#12884);
#12884 = FILL_AREA_STYLE('',(#12885));
#12885 = FILL_AREA_STYLE_COLOUR('',#12523);
#12886 = CURVE_STYLE('',#12887,POSITIVE_LENGTH_MEASURE(0.1),#12526);
#12887 = DRAUGHTING_PRE_DEFINED_CURVE_FONT('continuous');
#12888 = MECHANICAL_DESIGN_GEOMETRIC_PRESENTATION_REPRESENTATION('',(
    #12889),#3726);
#12889 = STYLED_ITEM('color',(#12890),#3688);
#12890 = PRESENTATION_STYLE_ASSIGNMENT((#12891,#12896));
#12891 = SURFACE_STYLE_USAGE(.BOTH.,#12892);
#12892 = SURFACE_SIDE_STYLE('',(#12893));
#12893 = SURFACE_STYLE_FILL_AREA(#12894);
#12894 = FILL_AREA_STYLE('',(#12895));
#12895 = FILL_AREA_STYLE_COLOUR('',#12523);
#12896 = CURVE_STYLE('',#12897,POSITIVE_LENGTH_MEASURE(0.1),#12526);
#12897 = DRAUGHTING_PRE_DEFINED_CURVE_FONT('continuous');
#12898 = MECHANICAL_DESIGN_GEOMETRIC_PRESENTATION_REPRESENTATION('',(
    #12899),#2358);
#12899 = STYLED_ITEM('color',(#12900),#2320);
#12900 = PRESENTATION_STYLE_ASSIGNMENT((#12901,#12906));
#12901 = SURFACE_STYLE_USAGE(.BOTH.,#12902);
#12902 = SURFACE_SIDE_STYLE('',(#12903));
#12903 = SURFACE_STYLE_FILL_AREA(#12904);
#12904 = FILL_AREA_STYLE('',(#12905));
#12905 = FILL_AREA_STYLE_COLOUR('',#12523);
#12906 = CURVE_STYLE('',#12907,POSITIVE_LENGTH_MEASURE(0.1),#12526);
#12907 = DRAUGHTING_PRE_DEFINED_CURVE_FONT('continuous');
#12908 = MECHANICAL_DESIGN_GEOMETRIC_PRESENTATION_REPRESENTATION('',(
    #12909),#6348);
#12909 = STYLED_ITEM('color',(#12910),#6310);
#12910 = PRESENTATION_STYLE_ASSIGNMENT((#12911,#12916));
#12911 = SURFACE_STYLE_USAGE(.BOTH.,#12912);
#12912 = SURFACE_SIDE_STYLE('',(#12913));
#12913 = SURFACE_STYLE_FILL_AREA(#12914);
#12914 = FILL_AREA_STYLE('',(#12915));
#12915 = FILL_AREA_STYLE_COLOUR('',#12523);
#12916 = CURVE_STYLE('',#12917,POSITIVE_LENGTH_MEASURE(0.1),#12526);
#12917 = DRAUGHTING_PRE_DEFINED_CURVE_FONT('continuous');
#12918 = MECHANICAL_DESIGN_GEOMETRIC_PRESENTATION_REPRESENTATION('',(
    #12919),#8514);
#12919 = STYLED_ITEM('color',(#12920),#8476);
#12920 = PRESENTATION_STYLE_ASSIGNMENT((#12921,#12926));
#12921 = SURFACE_STYLE_USAGE(.BOTH.,#12922);
#12922 = SURFACE_SIDE_STYLE('',(#12923));
#12923 = SURFACE_STYLE_FILL_AREA(#12924);
#12924 = FILL_AREA_STYLE('',(#12925));
#12925 = FILL_AREA_STYLE_COLOUR('',#12523);
#12926 = CURVE_STYLE('',#12927,POSITIVE_LENGTH_MEASURE(0.1),#12526);
#12927 = DRAUGHTING_PRE_DEFINED_CURVE_FONT('continuous');
#12928 = MECHANICAL_DESIGN_GEOMETRIC_PRESENTATION_REPRESENTATION('',(
    #12929),#3555);
#12929 = STYLED_ITEM('color',(#12930),#3517);
#12930 = PRESENTATION_STYLE_ASSIGNMENT((#12931,#12936));
#12931 = SURFACE_STYLE_USAGE(.BOTH.,#12932);
#12932 = SURFACE_SIDE_STYLE('',(#12933));
#12933 = SURFACE_STYLE_FILL_AREA(#12934);
#12934 = FILL_AREA_STYLE('',(#12935));
#12935 = FILL_AREA_STYLE_COLOUR('',#12523);
#12936 = CURVE_STYLE('',#12937,POSITIVE_LENGTH_MEASURE(0.1),#12526);
#12937 = DRAUGHTING_PRE_DEFINED_CURVE_FONT('continuous');
#12938 = MECHANICAL_DESIGN_GEOMETRIC_PRESENTATION_REPRESENTATION('',(
    #12939),#2928);
#12939 = STYLED_ITEM('color',(#12940),#2890);
#12940 = PRESENTATION_STYLE_ASSIGNMENT((#12941,#12946));
#12941 = SURFACE_STYLE_USAGE(.BOTH.,#12942);
#12942 = SURFACE_SIDE_STYLE('',(#12943));
#12943 = SURFACE_STYLE_FILL_AREA(#12944);
#12944 = FILL_AREA_STYLE('',(#12945));
#12945 = FILL_AREA_STYLE_COLOUR('',#12523);
#12946 = CURVE_STYLE('',#12947,POSITIVE_LENGTH_MEASURE(0.1),#12526);
#12947 = DRAUGHTING_PRE_DEFINED_CURVE_FONT('continuous');
#12948 = MECHANICAL_DESIGN_GEOMETRIC_PRESENTATION_REPRESENTATION('',(
    #12949),#5550);
#12949 = STYLED_ITEM('color',(#12950),#5512);
#12950 = PRESENTATION_STYLE_ASSIGNMENT((#12951,#12956));
#12951 = SURFACE_STYLE_USAGE(.BOTH.,#12952);
#12952 = SURFACE_SIDE_STYLE('',(#12953));
#12953 = SURFACE_STYLE_FILL_AREA(#12954);
#12954 = FILL_AREA_STYLE('',(#12955));
#12955 = FILL_AREA_STYLE_COLOUR('',#12523);
#12956 = CURVE_STYLE('',#12957,POSITIVE_LENGTH_MEASURE(0.1),#12526);
#12957 = DRAUGHTING_PRE_DEFINED_CURVE_FONT('continuous');
#12958 = MECHANICAL_DESIGN_GEOMETRIC_PRESENTATION_REPRESENTATION('',(
    #12959),#10338);
#12959 = STYLED_ITEM('color',(#12960),#10300);
#12960 = PRESENTATION_STYLE_ASSIGNMENT((#12961,#12966));
#12961 = SURFACE_STYLE_USAGE(.BOTH.,#12962);
#12962 = SURFACE_SIDE_STYLE('',(#12963));
#12963 = SURFACE_STYLE_FILL_AREA(#12964);
#12964 = FILL_AREA_STYLE('',(#12965));
#12965 = FILL_AREA_STYLE_COLOUR('',#12523);
#12966 = CURVE_STYLE('',#12967,POSITIVE_LENGTH_MEASURE(0.1),#12526);
#12967 = DRAUGHTING_PRE_DEFINED_CURVE_FONT('continuous');
#12968 = MECHANICAL_DESIGN_GEOMETRIC_PRESENTATION_REPRESENTATION('',(
    #12969),#12447);
#12969 = STYLED_ITEM('color',(#12970),#12409);
#12970 = PRESENTATION_STYLE_ASSIGNMENT((#12971,#12976));
#12971 = SURFACE_STYLE_USAGE(.BOTH.,#12972);
#12972 = SURFACE_SIDE_STYLE('',(#12973));
#12973 = SURFACE_STYLE_FILL_AREA(#12974);
#12974 = FILL_AREA_STYLE('',(#12975));
#12975 = FILL_AREA_STYLE_COLOUR('',#12523);
#12976 = CURVE_STYLE('',#12977,POSITIVE_LENGTH_MEASURE(0.1),#12526);
#12977 = DRAUGHTING_PRE_DEFINED_CURVE_FONT('continuous');
#12978 = MECHANICAL_DESIGN_GEOMETRIC_PRESENTATION_REPRESENTATION('',(
    #12979),#6633);
#12979 = STYLED_ITEM('color',(#12980),#6595);
#12980 = PRESENTATION_STYLE_ASSIGNMENT((#12981,#12986));
#12981 = SURFACE_STYLE_USAGE(.BOTH.,#12982);
#12982 = SURFACE_SIDE_STYLE('',(#12983));
#12983 = SURFACE_STYLE_FILL_AREA(#12984);
#12984 = FILL_AREA_STYLE('',(#12985));
#12985 = FILL_AREA_STYLE_COLOUR('',#12523);
#12986 = CURVE_STYLE('',#12987,POSITIVE_LENGTH_MEASURE(0.1),#12526);
#12987 = DRAUGHTING_PRE_DEFINED_CURVE_FONT('continuous');
#12988 = MECHANICAL_DESIGN_GEOMETRIC_PRESENTATION_REPRESENTATION('',(
    #12989),#10737);
#12989 = STYLED_ITEM('color',(#12990),#10699);
#12990 = PRESENTATION_STYLE_ASSIGNMENT((#12991,#12996));
#12991 = SURFACE_STYLE_USAGE(.BOTH.,#12992);
#12992 = SURFACE_SIDE_STYLE('',(#12993));
#12993 = SURFACE_STYLE_FILL_AREA(#12994);
#12994 = FILL_AREA_STYLE('',(#12995));
#12995 = FILL_AREA_STYLE_COLOUR('',#12523);
#12996 = CURVE_STYLE('',#12997,POSITIVE_LENGTH_MEASURE(0.1),#12526);
#12997 = DRAUGHTING_PRE_DEFINED_CURVE_FONT('continuous');
#12998 = MECHANICAL_DESIGN_GEOMETRIC_PRESENTATION_REPRESENTATION('',(
    #12999),#9711);
#12999 = STYLED_ITEM('color',(#13000),#9673);
#13000 = PRESENTATION_STYLE_ASSIGNMENT((#13001,#13006));
#13001 = SURFACE_STYLE_USAGE(.BOTH.,#13002);
#13002 = SURFACE_SIDE_STYLE('',(#13003));
#13003 = SURFACE_STYLE_FILL_AREA(#13004);
#13004 = FILL_AREA_STYLE('',(#13005));
#13005 = FILL_AREA_STYLE_COLOUR('',#12523);
#13006 = CURVE_STYLE('',#13007,POSITIVE_LENGTH_MEASURE(0.1),#12526);
#13007 = DRAUGHTING_PRE_DEFINED_CURVE_FONT('continuous');
#13008 = MECHANICAL_DESIGN_GEOMETRIC_PRESENTATION_REPRESENTATION('',(
    #13009),#7146);
#13009 = STYLED_ITEM('color',(#13010),#7108);
#13010 = PRESENTATION_STYLE_ASSIGNMENT((#13011,#13016));
#13011 = SURFACE_STYLE_USAGE(.BOTH.,#13012);
#13012 = SURFACE_SIDE_STYLE('',(#13013));
#13013 = SURFACE_STYLE_FILL_AREA(#13014);
#13014 = FILL_AREA_STYLE('',(#13015));
#13015 = FILL_AREA_STYLE_COLOUR('',#12523);
#13016 = CURVE_STYLE('',#13017,POSITIVE_LENGTH_MEASURE(0.1),#12526);
#13017 = DRAUGHTING_PRE_DEFINED_CURVE_FONT('continuous');
#13018 = MECHANICAL_DESIGN_GEOMETRIC_PRESENTATION_REPRESENTATION('',(
    #13019),#10281);
#13019 = STYLED_ITEM('color',(#13020),#10243);
#13020 = PRESENTATION_STYLE_ASSIGNMENT((#13021,#13026));
#13021 = SURFACE_STYLE_USAGE(.BOTH.,#13022);
#13022 = SURFACE_SIDE_STYLE('',(#13023));
#13023 = SURFACE_STYLE_FILL_AREA(#13024);
#13024 = FILL_AREA_STYLE('',(#13025));
#13025 = FILL_AREA_STYLE_COLOUR('',#12523);
#13026 = CURVE_STYLE('',#13027,POSITIVE_LENGTH_MEASURE(0.1),#12526);
#13027 = DRAUGHTING_PRE_DEFINED_CURVE_FONT('continuous');
#13028 = MECHANICAL_DESIGN_GEOMETRIC_PRESENTATION_REPRESENTATION('',(
    #13029),#9996);
#13029 = STYLED_ITEM('color',(#13030),#9958);
#13030 = PRESENTATION_STYLE_ASSIGNMENT((#13031,#13036));
#13031 = SURFACE_STYLE_USAGE(.BOTH.,#13032);
#13032 = SURFACE_SIDE_STYLE('',(#13033));
#13033 = SURFACE_STYLE_FILL_AREA(#13034);
#13034 = FILL_AREA_STYLE('',(#13035));
#13035 = FILL_AREA_STYLE_COLOUR('',#12523);
#13036 = CURVE_STYLE('',#13037,POSITIVE_LENGTH_MEASURE(0.1),#12526);
#13037 = DRAUGHTING_PRE_DEFINED_CURVE_FONT('continuous');
#13038 = MECHANICAL_DESIGN_GEOMETRIC_PRESENTATION_REPRESENTATION('',(
    #13039),#6462);
#13039 = STYLED_ITEM('color',(#13040),#6424);
#13040 = PRESENTATION_STYLE_ASSIGNMENT((#13041,#13046));
#13041 = SURFACE_STYLE_USAGE(.BOTH.,#13042);
#13042 = SURFACE_SIDE_STYLE('',(#13043));
#13043 = SURFACE_STYLE_FILL_AREA(#13044);
#13044 = FILL_AREA_STYLE('',(#13045));
#13045 = FILL_AREA_STYLE_COLOUR('',#12523);
#13046 = CURVE_STYLE('',#13047,POSITIVE_LENGTH_MEASURE(0.1),#12526);
#13047 = DRAUGHTING_PRE_DEFINED_CURVE_FONT('continuous');
#13048 = MECHANICAL_DESIGN_GEOMETRIC_PRESENTATION_REPRESENTATION('',(
    #13049),#2472);
#13049 = STYLED_ITEM('color',(#13050),#2434);
#13050 = PRESENTATION_STYLE_ASSIGNMENT((#13051,#13056));
#13051 = SURFACE_STYLE_USAGE(.BOTH.,#13052);
#13052 = SURFACE_SIDE_STYLE('',(#13053));
#13053 = SURFACE_STYLE_FILL_AREA(#13054);
#13054 = FILL_AREA_STYLE('',(#13055));
#13055 = FILL_AREA_STYLE_COLOUR('',#12523);
#13056 = CURVE_STYLE('',#13057,POSITIVE_LENGTH_MEASURE(0.1),#12526);
#13057 = DRAUGHTING_PRE_DEFINED_CURVE_FONT('continuous');
#13058 = MECHANICAL_DESIGN_GEOMETRIC_PRESENTATION_REPRESENTATION('',(
    #13059),#8913);
#13059 = STYLED_ITEM('color',(#13060),#8875);
#13060 = PRESENTATION_STYLE_ASSIGNMENT((#13061,#13066));
#13061 = SURFACE_STYLE_USAGE(.BOTH.,#13062);
#13062 = SURFACE_SIDE_STYLE('',(#13063));
#13063 = SURFACE_STYLE_FILL_AREA(#13064);
#13064 = FILL_AREA_STYLE('',(#13065));
#13065 = FILL_AREA_STYLE_COLOUR('',#12523);
#13066 = CURVE_STYLE('',#13067,POSITIVE_LENGTH_MEASURE(0.1),#12526);
#13067 = DRAUGHTING_PRE_DEFINED_CURVE_FONT('continuous');
#13068 = MECHANICAL_DESIGN_GEOMETRIC_PRESENTATION_REPRESENTATION('',(
    #13069),#3954);
#13069 = STYLED_ITEM('color',(#13070),#3916);
#13070 = PRESENTATION_STYLE_ASSIGNMENT((#13071,#13076));
#13071 = SURFACE_STYLE_USAGE(.BOTH.,#13072);
#13072 = SURFACE_SIDE_STYLE('',(#13073));
#13073 = SURFACE_STYLE_FILL_AREA(#13074);
#13074 = FILL_AREA_STYLE('',(#13075));
#13075 = FILL_AREA_STYLE_COLOUR('',#12523);
#13076 = CURVE_STYLE('',#13077,POSITIVE_LENGTH_MEASURE(0.1),#12526);
#13077 = DRAUGHTING_PRE_DEFINED_CURVE_FONT('continuous');
#13078 = MECHANICAL_DESIGN_GEOMETRIC_PRESENTATION_REPRESENTATION('',(
    #13079),#6291);
#13079 = STYLED_ITEM('color',(#13080),#6253);
#13080 = PRESENTATION_STYLE_ASSIGNMENT((#13081,#13086));
#13081 = SURFACE_STYLE_USAGE(.BOTH.,#13082);
#13082 = SURFACE_SIDE_STYLE('',(#13083));
#13083 = SURFACE_STYLE_FILL_AREA(#13084);
#13084 = FILL_AREA_STYLE('',(#13085));
#13085 = FILL_AREA_STYLE_COLOUR('',#12523);
#13086 = CURVE_STYLE('',#13087,POSITIVE_LENGTH_MEASURE(0.1),#12526);
#13087 = DRAUGHTING_PRE_DEFINED_CURVE_FONT('continuous');
#13088 = MECHANICAL_DESIGN_GEOMETRIC_PRESENTATION_REPRESENTATION('',(
    #13089),#4182);
#13089 = STYLED_ITEM('color',(#13090),#4144);
#13090 = PRESENTATION_STYLE_ASSIGNMENT((#13091,#13096));
#13091 = SURFACE_STYLE_USAGE(.BOTH.,#13092);
#13092 = SURFACE_SIDE_STYLE('',(#13093));
#13093 = SURFACE_STYLE_FILL_AREA(#13094);
#13094 = FILL_AREA_STYLE('',(#13095));
#13095 = FILL_AREA_STYLE_COLOUR('',#12523);
#13096 = CURVE_STYLE('',#13097,POSITIVE_LENGTH_MEASURE(0.1),#12526);
#13097 = DRAUGHTING_PRE_DEFINED_CURVE_FONT('continuous');
#13098 = MECHANICAL_DESIGN_GEOMETRIC_PRESENTATION_REPRESENTATION('',(
    #13099),#5265);
#13099 = STYLED_ITEM('color',(#13100),#5227);
#13100 = PRESENTATION_STYLE_ASSIGNMENT((#13101,#13106));
#13101 = SURFACE_STYLE_USAGE(.BOTH.,#13102);
#13102 = SURFACE_SIDE_STYLE('',(#13103));
#13103 = SURFACE_STYLE_FILL_AREA(#13104);
#13104 = FILL_AREA_STYLE('',(#13105));
#13105 = FILL_AREA_STYLE_COLOUR('',#12523);
#13106 = CURVE_STYLE('',#13107,POSITIVE_LENGTH_MEASURE(0.1),#12526);
#13107 = DRAUGHTING_PRE_DEFINED_CURVE_FONT('continuous');
#13108 = MECHANICAL_DESIGN_GEOMETRIC_PRESENTATION_REPRESENTATION('',(
    #13109),#11250);
#13109 = STYLED_ITEM('color',(#13110),#11212);
#13110 = PRESENTATION_STYLE_ASSIGNMENT((#13111,#13116));
#13111 = SURFACE_STYLE_USAGE(.BOTH.,#13112);
#13112 = SURFACE_SIDE_STYLE('',(#13113));
#13113 = SURFACE_STYLE_FILL_AREA(#13114);
#13114 = FILL_AREA_STYLE('',(#13115));
#13115 = FILL_AREA_STYLE_COLOUR('',#12523);
#13116 = CURVE_STYLE('',#13117,POSITIVE_LENGTH_MEASURE(0.1),#12526);
#13117 = DRAUGHTING_PRE_DEFINED_CURVE_FONT('continuous');
#13118 = MECHANICAL_DESIGN_GEOMETRIC_PRESENTATION_REPRESENTATION('',(
    #13119),#7659);
#13119 = STYLED_ITEM('color',(#13120),#7621);
#13120 = PRESENTATION_STYLE_ASSIGNMENT((#13121,#13126));
#13121 = SURFACE_STYLE_USAGE(.BOTH.,#13122);
#13122 = SURFACE_SIDE_STYLE('',(#13123));
#13123 = SURFACE_STYLE_FILL_AREA(#13124);
#13124 = FILL_AREA_STYLE('',(#13125));
#13125 = FILL_AREA_STYLE_COLOUR('',#12523);
#13126 = CURVE_STYLE('',#13127,POSITIVE_LENGTH_MEASURE(0.1),#12526);
#13127 = DRAUGHTING_PRE_DEFINED_CURVE_FONT('continuous');
#13128 = MECHANICAL_DESIGN_GEOMETRIC_PRESENTATION_REPRESENTATION('',(
    #13129),#11193);
#13129 = STYLED_ITEM('color',(#13130),#11155);
#13130 = PRESENTATION_STYLE_ASSIGNMENT((#13131,#13136));
#13131 = SURFACE_STYLE_USAGE(.BOTH.,#13132);
#13132 = SURFACE_SIDE_STYLE('',(#13133));
#13133 = SURFACE_STYLE_FILL_AREA(#13134);
#13134 = FILL_AREA_STYLE('',(#13135));
#13135 = FILL_AREA_STYLE_COLOUR('',#12523);
#13136 = CURVE_STYLE('',#13137,POSITIVE_LENGTH_MEASURE(0.1),#12526);
#13137 = DRAUGHTING_PRE_DEFINED_CURVE_FONT('continuous');
#13138 = MECHANICAL_DESIGN_GEOMETRIC_PRESENTATION_REPRESENTATION('',(
    #13139),#5208);
#13139 = STYLED_ITEM('color',(#13140),#5170);
#13140 = PRESENTATION_STYLE_ASSIGNMENT((#13141,#13146));
#13141 = SURFACE_STYLE_USAGE(.BOTH.,#13142);
#13142 = SURFACE_SIDE_STYLE('',(#13143));
#13143 = SURFACE_STYLE_FILL_AREA(#13144);
#13144 = FILL_AREA_STYLE('',(#13145));
#13145 = FILL_AREA_STYLE_COLOUR('',#12523);
#13146 = CURVE_STYLE('',#13147,POSITIVE_LENGTH_MEASURE(0.1),#12526);
#13147 = DRAUGHTING_PRE_DEFINED_CURVE_FONT('continuous');
#13148 = MECHANICAL_DESIGN_GEOMETRIC_PRESENTATION_REPRESENTATION('',(
    #13149),#5322);
#13149 = STYLED_ITEM('color',(#13150),#5284);
#13150 = PRESENTATION_STYLE_ASSIGNMENT((#13151,#13156));
#13151 = SURFACE_STYLE_USAGE(.BOTH.,#13152);
#13152 = SURFACE_SIDE_STYLE('',(#13153));
#13153 = SURFACE_STYLE_FILL_AREA(#13154);
#13154 = FILL_AREA_STYLE('',(#13155));
#13155 = FILL_AREA_STYLE_COLOUR('',#12523);
#13156 = CURVE_STYLE('',#13157,POSITIVE_LENGTH_MEASURE(0.1),#12526);
#13157 = DRAUGHTING_PRE_DEFINED_CURVE_FONT('continuous');
#13158 = MECHANICAL_DESIGN_GEOMETRIC_PRESENTATION_REPRESENTATION('',(
    #13159),#9882);
#13159 = STYLED_ITEM('color',(#13160),#9844);
#13160 = PRESENTATION_STYLE_ASSIGNMENT((#13161,#13166));
#13161 = SURFACE_STYLE_USAGE(.BOTH.,#13162);
#13162 = SURFACE_SIDE_STYLE('',(#13163));
#13163 = SURFACE_STYLE_FILL_AREA(#13164);
#13164 = FILL_AREA_STYLE('',(#13165));
#13165 = FILL_AREA_STYLE_COLOUR('',#12523);
#13166 = CURVE_STYLE('',#13167,POSITIVE_LENGTH_MEASURE(0.1),#12526);
#13167 = DRAUGHTING_PRE_DEFINED_CURVE_FONT('continuous');
#13168 = MECHANICAL_DESIGN_GEOMETRIC_PRESENTATION_REPRESENTATION('',(
    #13169),#11877);
#13169 = STYLED_ITEM('color',(#13170),#11839);
#13170 = PRESENTATION_STYLE_ASSIGNMENT((#13171,#13176));
#13171 = SURFACE_STYLE_USAGE(.BOTH.,#13172);
#13172 = SURFACE_SIDE_STYLE('',(#13173));
#13173 = SURFACE_STYLE_FILL_AREA(#13174);
#13174 = FILL_AREA_STYLE('',(#13175));
#13175 = FILL_AREA_STYLE_COLOUR('',#12523);
#13176 = CURVE_STYLE('',#13177,POSITIVE_LENGTH_MEASURE(0.1),#12526);
#13177 = DRAUGHTING_PRE_DEFINED_CURVE_FONT('continuous');
#13178 = MECHANICAL_DESIGN_GEOMETRIC_PRESENTATION_REPRESENTATION('',(
    #13179),#8685);
#13179 = STYLED_ITEM('color',(#13180),#8647);
#13180 = PRESENTATION_STYLE_ASSIGNMENT((#13181,#13186));
#13181 = SURFACE_STYLE_USAGE(.BOTH.,#13182);
#13182 = SURFACE_SIDE_STYLE('',(#13183));
#13183 = SURFACE_STYLE_FILL_AREA(#13184);
#13184 = FILL_AREA_STYLE('',(#13185));
#13185 = FILL_AREA_STYLE_COLOUR('',#12523);
#13186 = CURVE_STYLE('',#13187,POSITIVE_LENGTH_MEASURE(0.1),#12526);
#13187 = DRAUGHTING_PRE_DEFINED_CURVE_FONT('continuous');
#13188 = MECHANICAL_DESIGN_GEOMETRIC_PRESENTATION_REPRESENTATION('',(
    #13189),#4410);
#13189 = STYLED_ITEM('color',(#13190),#4372);
#13190 = PRESENTATION_STYLE_ASSIGNMENT((#13191,#13196));
#13191 = SURFACE_STYLE_USAGE(.BOTH.,#13192);
#13192 = SURFACE_SIDE_STYLE('',(#13193));
#13193 = SURFACE_STYLE_FILL_AREA(#13194);
#13194 = FILL_AREA_STYLE('',(#13195));
#13195 = FILL_AREA_STYLE_COLOUR('',#12523);
#13196 = CURVE_STYLE('',#13197,POSITIVE_LENGTH_MEASURE(0.1),#12526);
#13197 = DRAUGHTING_PRE_DEFINED_CURVE_FONT('continuous');
#13198 = MECHANICAL_DESIGN_GEOMETRIC_PRESENTATION_REPRESENTATION('',(
    #13199),#10509);
#13199 = STYLED_ITEM('color',(#13200),#10471);
#13200 = PRESENTATION_STYLE_ASSIGNMENT((#13201,#13206));
#13201 = SURFACE_STYLE_USAGE(.BOTH.,#13202);
#13202 = SURFACE_SIDE_STYLE('',(#13203));
#13203 = SURFACE_STYLE_FILL_AREA(#13204);
#13204 = FILL_AREA_STYLE('',(#13205));
#13205 = FILL_AREA_STYLE_COLOUR('',#12523);
#13206 = CURVE_STYLE('',#13207,POSITIVE_LENGTH_MEASURE(0.1),#12526);
#13207 = DRAUGHTING_PRE_DEFINED_CURVE_FONT('continuous');
#13208 = MECHANICAL_DESIGN_GEOMETRIC_PRESENTATION_REPRESENTATION('',(
    #13209),#11934);
#13209 = STYLED_ITEM('color',(#13210),#11896);
#13210 = PRESENTATION_STYLE_ASSIGNMENT((#13211,#13216));
#13211 = SURFACE_STYLE_USAGE(.BOTH.,#13212);
#13212 = SURFACE_SIDE_STYLE('',(#13213));
#13213 = SURFACE_STYLE_FILL_AREA(#13214);
#13214 = FILL_AREA_STYLE('',(#13215));
#13215 = FILL_AREA_STYLE_COLOUR('',#12523);
#13216 = CURVE_STYLE('',#13217,POSITIVE_LENGTH_MEASURE(0.1),#12526);
#13217 = DRAUGHTING_PRE_DEFINED_CURVE_FONT('continuous');
#13218 = MECHANICAL_DESIGN_GEOMETRIC_PRESENTATION_REPRESENTATION('',(
    #13219),#12105);
#13219 = STYLED_ITEM('color',(#13220),#12067);
#13220 = PRESENTATION_STYLE_ASSIGNMENT((#13221,#13226));
#13221 = SURFACE_STYLE_USAGE(.BOTH.,#13222);
#13222 = SURFACE_SIDE_STYLE('',(#13223));
#13223 = SURFACE_STYLE_FILL_AREA(#13224);
#13224 = FILL_AREA_STYLE('',(#13225));
#13225 = FILL_AREA_STYLE_COLOUR('',#12523);
#13226 = CURVE_STYLE('',#13227,POSITIVE_LENGTH_MEASURE(0.1),#12526);
#13227 = DRAUGHTING_PRE_DEFINED_CURVE_FONT('continuous');
#13228 = MECHANICAL_DESIGN_GEOMETRIC_PRESENTATION_REPRESENTATION('',(
    #13229),#7203);
#13229 = STYLED_ITEM('color',(#13230),#7165);
#13230 = PRESENTATION_STYLE_ASSIGNMENT((#13231,#13236));
#13231 = SURFACE_STYLE_USAGE(.BOTH.,#13232);
#13232 = SURFACE_SIDE_STYLE('',(#13233));
#13233 = SURFACE_STYLE_FILL_AREA(#13234);
#13234 = FILL_AREA_STYLE('',(#13235));
#13235 = FILL_AREA_STYLE_COLOUR('',#12523);
#13236 = CURVE_STYLE('',#13237,POSITIVE_LENGTH_MEASURE(0.1),#12526);
#13237 = DRAUGHTING_PRE_DEFINED_CURVE_FONT('continuous');
#13238 = MECHANICAL_DESIGN_GEOMETRIC_PRESENTATION_REPRESENTATION('',(
    #13239),#12048);
#13239 = STYLED_ITEM('color',(#13240),#12010);
#13240 = PRESENTATION_STYLE_ASSIGNMENT((#13241,#13246));
#13241 = SURFACE_STYLE_USAGE(.BOTH.,#13242);
#13242 = SURFACE_SIDE_STYLE('',(#13243));
#13243 = SURFACE_STYLE_FILL_AREA(#13244);
#13244 = FILL_AREA_STYLE('',(#13245));
#13245 = FILL_AREA_STYLE_COLOUR('',#12523);
#13246 = CURVE_STYLE('',#13247,POSITIVE_LENGTH_MEASURE(0.1),#12526);
#13247 = DRAUGHTING_PRE_DEFINED_CURVE_FONT('continuous');
#13248 = MECHANICAL_DESIGN_GEOMETRIC_PRESENTATION_REPRESENTATION('',(
    #13249),#3099);
#13249 = STYLED_ITEM('color',(#13250),#3061);
#13250 = PRESENTATION_STYLE_ASSIGNMENT((#13251,#13256));
#13251 = SURFACE_STYLE_USAGE(.BOTH.,#13252);
#13252 = SURFACE_SIDE_STYLE('',(#13253));
#13253 = SURFACE_STYLE_FILL_AREA(#13254);
#13254 = FILL_AREA_STYLE('',(#13255));
#13255 = FILL_AREA_STYLE_COLOUR('',#12523);
#13256 = CURVE_STYLE('',#13257,POSITIVE_LENGTH_MEASURE(0.1),#12526);
#13257 = DRAUGHTING_PRE_DEFINED_CURVE_FONT('continuous');
#13258 = MECHANICAL_DESIGN_GEOMETRIC_PRESENTATION_REPRESENTATION('',(
    #13259),#9027);
#13259 = STYLED_ITEM('color',(#13260),#8989);
#13260 = PRESENTATION_STYLE_ASSIGNMENT((#13261,#13266));
#13261 = SURFACE_STYLE_USAGE(.BOTH.,#13262);
#13262 = SURFACE_SIDE_STYLE('',(#13263));
#13263 = SURFACE_STYLE_FILL_AREA(#13264);
#13264 = FILL_AREA_STYLE('',(#13265));
#13265 = FILL_AREA_STYLE_COLOUR('',#12523);
#13266 = CURVE_STYLE('',#13267,POSITIVE_LENGTH_MEASURE(0.1),#12526);
#13267 = DRAUGHTING_PRE_DEFINED_CURVE_FONT('continuous');
#13268 = MECHANICAL_DESIGN_GEOMETRIC_PRESENTATION_REPRESENTATION('',(
    #13269),#8856);
#13269 = STYLED_ITEM('color',(#13270),#8818);
#13270 = PRESENTATION_STYLE_ASSIGNMENT((#13271,#13276));
#13271 = SURFACE_STYLE_USAGE(.BOTH.,#13272);
#13272 = SURFACE_SIDE_STYLE('',(#13273));
#13273 = SURFACE_STYLE_FILL_AREA(#13274);
#13274 = FILL_AREA_STYLE('',(#13275));
#13275 = FILL_AREA_STYLE_COLOUR('',#12523);
#13276 = CURVE_STYLE('',#13277,POSITIVE_LENGTH_MEASURE(0.1),#12526);
#13277 = DRAUGHTING_PRE_DEFINED_CURVE_FONT('continuous');
#13278 = MECHANICAL_DESIGN_GEOMETRIC_PRESENTATION_REPRESENTATION('',(
    #13279),#8628);
#13279 = STYLED_ITEM('color',(#13280),#8590);
#13280 = PRESENTATION_STYLE_ASSIGNMENT((#13281,#13286));
#13281 = SURFACE_STYLE_USAGE(.BOTH.,#13282);
#13282 = SURFACE_SIDE_STYLE('',(#13283));
#13283 = SURFACE_STYLE_FILL_AREA(#13284);
#13284 = FILL_AREA_STYLE('',(#13285));
#13285 = FILL_AREA_STYLE_COLOUR('',#12523);
#13286 = CURVE_STYLE('',#13287,POSITIVE_LENGTH_MEASURE(0.1),#12526);
#13287 = DRAUGHTING_PRE_DEFINED_CURVE_FONT('continuous');
#13288 = MECHANICAL_DESIGN_GEOMETRIC_PRESENTATION_REPRESENTATION('',(
    #13289),#9483);
#13289 = STYLED_ITEM('color',(#13290),#9445);
#13290 = PRESENTATION_STYLE_ASSIGNMENT((#13291,#13296));
#13291 = SURFACE_STYLE_USAGE(.BOTH.,#13292);
#13292 = SURFACE_SIDE_STYLE('',(#13293));
#13293 = SURFACE_STYLE_FILL_AREA(#13294);
#13294 = FILL_AREA_STYLE('',(#13295));
#13295 = FILL_AREA_STYLE_COLOUR('',#12523);
#13296 = CURVE_STYLE('',#13297,POSITIVE_LENGTH_MEASURE(0.1),#12526);
#13297 = DRAUGHTING_PRE_DEFINED_CURVE_FONT('continuous');
#13298 = MECHANICAL_DESIGN_GEOMETRIC_PRESENTATION_REPRESENTATION('',(
    #13299),#3669);
#13299 = STYLED_ITEM('color',(#13300),#3631);
#13300 = PRESENTATION_STYLE_ASSIGNMENT((#13301,#13306));
#13301 = SURFACE_STYLE_USAGE(.BOTH.,#13302);
#13302 = SURFACE_SIDE_STYLE('',(#13303));
#13303 = SURFACE_STYLE_FILL_AREA(#13304);
#13304 = FILL_AREA_STYLE('',(#13305));
#13305 = FILL_AREA_STYLE_COLOUR('',#12523);
#13306 = CURVE_STYLE('',#13307,POSITIVE_LENGTH_MEASURE(0.1),#12526);
#13307 = DRAUGHTING_PRE_DEFINED_CURVE_FONT('continuous');
#13308 = MECHANICAL_DESIGN_GEOMETRIC_PRESENTATION_REPRESENTATION('',(
    #13309),#7488);
#13309 = STYLED_ITEM('color',(#13310),#7450);
#13310 = PRESENTATION_STYLE_ASSIGNMENT((#13311,#13316));
#13311 = SURFACE_STYLE_USAGE(.BOTH.,#13312);
#13312 = SURFACE_SIDE_STYLE('',(#13313));
#13313 = SURFACE_STYLE_FILL_AREA(#13314);
#13314 = FILL_AREA_STYLE('',(#13315));
#13315 = FILL_AREA_STYLE_COLOUR('',#12523);
#13316 = CURVE_STYLE('',#13317,POSITIVE_LENGTH_MEASURE(0.1),#12526);
#13317 = DRAUGHTING_PRE_DEFINED_CURVE_FONT('continuous');
#13318 = MECHANICAL_DESIGN_GEOMETRIC_PRESENTATION_REPRESENTATION('',(
    #13319),#1731);
#13319 = STYLED_ITEM('color',(#13320),#1693);
#13320 = PRESENTATION_STYLE_ASSIGNMENT((#13321,#13326));
#13321 = SURFACE_STYLE_USAGE(.BOTH.,#13322);
#13322 = SURFACE_SIDE_STYLE('',(#13323));
#13323 = SURFACE_STYLE_FILL_AREA(#13324);
#13324 = FILL_AREA_STYLE('',(#13325));
#13325 = FILL_AREA_STYLE_COLOUR('',#12523);
#13326 = CURVE_STYLE('',#13327,POSITIVE_LENGTH_MEASURE(0.1),#12526);
#13327 = DRAUGHTING_PRE_DEFINED_CURVE_FONT('continuous');
#13328 = MECHANICAL_DESIGN_GEOMETRIC_PRESENTATION_REPRESENTATION('',(
    #13329),#4011);
#13329 = STYLED_ITEM('color',(#13330),#3973);
#13330 = PRESENTATION_STYLE_ASSIGNMENT((#13331,#13336));
#13331 = SURFACE_STYLE_USAGE(.BOTH.,#13332);
#13332 = SURFACE_SIDE_STYLE('',(#13333));
#13333 = SURFACE_STYLE_FILL_AREA(#13334);
#13334 = FILL_AREA_STYLE('',(#13335));
#13335 = FILL_AREA_STYLE_COLOUR('',#12523);
#13336 = CURVE_STYLE('',#13337,POSITIVE_LENGTH_MEASURE(0.1),#12526);
#13337 = DRAUGHTING_PRE_DEFINED_CURVE_FONT('continuous');
#13338 = MECHANICAL_DESIGN_GEOMETRIC_PRESENTATION_REPRESENTATION('',(
    #13339),#8115);
#13339 = STYLED_ITEM('color',(#13340),#8077);
#13340 = PRESENTATION_STYLE_ASSIGNMENT((#13341,#13346));
#13341 = SURFACE_STYLE_USAGE(.BOTH.,#13342);
#13342 = SURFACE_SIDE_STYLE('',(#13343));
#13343 = SURFACE_STYLE_FILL_AREA(#13344);
#13344 = FILL_AREA_STYLE('',(#13345));
#13345 = FILL_AREA_STYLE_COLOUR('',#12523);
#13346 = CURVE_STYLE('',#13347,POSITIVE_LENGTH_MEASURE(0.1),#12526);
#13347 = DRAUGHTING_PRE_DEFINED_CURVE_FONT('continuous');
#13348 = MECHANICAL_DESIGN_GEOMETRIC_PRESENTATION_REPRESENTATION('',(
    #13349),#3840);
#13349 = STYLED_ITEM('color',(#13350),#3802);
#13350 = PRESENTATION_STYLE_ASSIGNMENT((#13351,#13356));
#13351 = SURFACE_STYLE_USAGE(.BOTH.,#13352);
#13352 = SURFACE_SIDE_STYLE('',(#13353));
#13353 = SURFACE_STYLE_FILL_AREA(#13354);
#13354 = FILL_AREA_STYLE('',(#13355));
#13355 = FILL_AREA_STYLE_COLOUR('',#12523);
#13356 = CURVE_STYLE('',#13357,POSITIVE_LENGTH_MEASURE(0.1),#12526);
#13357 = DRAUGHTING_PRE_DEFINED_CURVE_FONT('continuous');
#13358 = MECHANICAL_DESIGN_GEOMETRIC_PRESENTATION_REPRESENTATION('',(
    #13359),#12276);
#13359 = STYLED_ITEM('color',(#13360),#12238);
#13360 = PRESENTATION_STYLE_ASSIGNMENT((#13361,#13366));
#13361 = SURFACE_STYLE_USAGE(.BOTH.,#13362);
#13362 = SURFACE_SIDE_STYLE('',(#13363));
#13363 = SURFACE_STYLE_FILL_AREA(#13364);
#13364 = FILL_AREA_STYLE('',(#13365));
#13365 = FILL_AREA_STYLE_COLOUR('',#12523);
#13366 = CURVE_STYLE('',#13367,POSITIVE_LENGTH_MEASURE(0.1),#12526);
#13367 = DRAUGHTING_PRE_DEFINED_CURVE_FONT('continuous');
#13368 = MECHANICAL_DESIGN_GEOMETRIC_PRESENTATION_REPRESENTATION('',(
    #13369),#11706);
#13369 = STYLED_ITEM('color',(#13370),#11668);
#13370 = PRESENTATION_STYLE_ASSIGNMENT((#13371,#13376));
#13371 = SURFACE_STYLE_USAGE(.BOTH.,#13372);
#13372 = SURFACE_SIDE_STYLE('',(#13373));
#13373 = SURFACE_STYLE_FILL_AREA(#13374);
#13374 = FILL_AREA_STYLE('',(#13375));
#13375 = FILL_AREA_STYLE_COLOUR('',#12523);
#13376 = CURVE_STYLE('',#13377,POSITIVE_LENGTH_MEASURE(0.1),#12526);
#13377 = DRAUGHTING_PRE_DEFINED_CURVE_FONT('continuous');
#13378 = MECHANICAL_DESIGN_GEOMETRIC_PRESENTATION_REPRESENTATION('',(
    #13379),#7032);
#13379 = STYLED_ITEM('color',(#13380),#6994);
#13380 = PRESENTATION_STYLE_ASSIGNMENT((#13381,#13386));
#13381 = SURFACE_STYLE_USAGE(.BOTH.,#13382);
#13382 = SURFACE_SIDE_STYLE('',(#13383));
#13383 = SURFACE_STYLE_FILL_AREA(#13384);
#13384 = FILL_AREA_STYLE('',(#13385));
#13385 = FILL_AREA_STYLE_COLOUR('',#12523);
#13386 = CURVE_STYLE('',#13387,POSITIVE_LENGTH_MEASURE(0.1),#12526);
#13387 = DRAUGHTING_PRE_DEFINED_CURVE_FONT('continuous');
#13388 = MECHANICAL_DESIGN_GEOMETRIC_PRESENTATION_REPRESENTATION('',(
    #13389),#4980);
#13389 = STYLED_ITEM('color',(#13390),#4942);
#13390 = PRESENTATION_STYLE_ASSIGNMENT((#13391,#13396));
#13391 = SURFACE_STYLE_USAGE(.BOTH.,#13392);
#13392 = SURFACE_SIDE_STYLE('',(#13393));
#13393 = SURFACE_STYLE_FILL_AREA(#13394);
#13394 = FILL_AREA_STYLE('',(#13395));
#13395 = FILL_AREA_STYLE_COLOUR('',#12523);
#13396 = CURVE_STYLE('',#13397,POSITIVE_LENGTH_MEASURE(0.1),#12526);
#13397 = DRAUGHTING_PRE_DEFINED_CURVE_FONT('continuous');
#13398 = MECHANICAL_DESIGN_GEOMETRIC_PRESENTATION_REPRESENTATION('',(
    #13399),#8799);
#13399 = STYLED_ITEM('color',(#13400),#8761);
#13400 = PRESENTATION_STYLE_ASSIGNMENT((#13401,#13406));
#13401 = SURFACE_STYLE_USAGE(.BOTH.,#13402);
#13402 = SURFACE_SIDE_STYLE('',(#13403));
#13403 = SURFACE_STYLE_FILL_AREA(#13404);
#13404 = FILL_AREA_STYLE('',(#13405));
#13405 = FILL_AREA_STYLE_COLOUR('',#12523);
#13406 = CURVE_STYLE('',#13407,POSITIVE_LENGTH_MEASURE(0.1),#12526);
#13407 = DRAUGHTING_PRE_DEFINED_CURVE_FONT('continuous');
#13408 = MECHANICAL_DESIGN_GEOMETRIC_PRESENTATION_REPRESENTATION('',(
    #13409),#6177);
#13409 = STYLED_ITEM('color',(#13410),#6139);
#13410 = PRESENTATION_STYLE_ASSIGNMENT((#13411,#13416));
#13411 = SURFACE_STYLE_USAGE(.BOTH.,#13412);
#13412 = SURFACE_SIDE_STYLE('',(#13413));
#13413 = SURFACE_STYLE_FILL_AREA(#13414);
#13414 = FILL_AREA_STYLE('',(#13415));
#13415 = FILL_AREA_STYLE_COLOUR('',#12523);
#13416 = CURVE_STYLE('',#13417,POSITIVE_LENGTH_MEASURE(0.1),#12526);
#13417 = DRAUGHTING_PRE_DEFINED_CURVE_FONT('continuous');
#13418 = MECHANICAL_DESIGN_GEOMETRIC_PRESENTATION_REPRESENTATION('',(
    #13419),#8400);
#13419 = STYLED_ITEM('color',(#13420),#8362);
#13420 = PRESENTATION_STYLE_ASSIGNMENT((#13421,#13426));
#13421 = SURFACE_STYLE_USAGE(.BOTH.,#13422);
#13422 = SURFACE_SIDE_STYLE('',(#13423));
#13423 = SURFACE_STYLE_FILL_AREA(#13424);
#13424 = FILL_AREA_STYLE('',(#13425));
#13425 = FILL_AREA_STYLE_COLOUR('',#12523);
#13426 = CURVE_STYLE('',#13427,POSITIVE_LENGTH_MEASURE(0.1),#12526);
#13427 = DRAUGHTING_PRE_DEFINED_CURVE_FONT('continuous');
#13428 = MECHANICAL_DESIGN_GEOMETRIC_PRESENTATION_REPRESENTATION('',(
    #13429),#1332);
#13429 = STYLED_ITEM('color',(#13430),#1294);
#13430 = PRESENTATION_STYLE_ASSIGNMENT((#13431,#13436));
#13431 = SURFACE_STYLE_USAGE(.BOTH.,#13432);
#13432 = SURFACE_SIDE_STYLE('',(#13433));
#13433 = SURFACE_STYLE_FILL_AREA(#13434);
#13434 = FILL_AREA_STYLE('',(#13435));
#13435 = FILL_AREA_STYLE_COLOUR('',#12523);
#13436 = CURVE_STYLE('',#13437,POSITIVE_LENGTH_MEASURE(0.1),#12526);
#13437 = DRAUGHTING_PRE_DEFINED_CURVE_FONT('continuous');
#13438 = MECHANICAL_DESIGN_GEOMETRIC_PRESENTATION_REPRESENTATION('',(
    #13439),#5151);
#13439 = STYLED_ITEM('color',(#13440),#5113);
#13440 = PRESENTATION_STYLE_ASSIGNMENT((#13441,#13446));
#13441 = SURFACE_STYLE_USAGE(.BOTH.,#13442);
#13442 = SURFACE_SIDE_STYLE('',(#13443));
#13443 = SURFACE_STYLE_FILL_AREA(#13444);
#13444 = FILL_AREA_STYLE('',(#13445));
#13445 = FILL_AREA_STYLE_COLOUR('',#12523);
#13446 = CURVE_STYLE('',#13447,POSITIVE_LENGTH_MEASURE(0.1),#12526);
#13447 = DRAUGHTING_PRE_DEFINED_CURVE_FONT('continuous');
#13448 = MECHANICAL_DESIGN_GEOMETRIC_PRESENTATION_REPRESENTATION('',(
    #13449),#11820);
#13449 = STYLED_ITEM('color',(#13450),#11782);
#13450 = PRESENTATION_STYLE_ASSIGNMENT((#13451,#13456));
#13451 = SURFACE_STYLE_USAGE(.BOTH.,#13452);
#13452 = SURFACE_SIDE_STYLE('',(#13453));
#13453 = SURFACE_STYLE_FILL_AREA(#13454);
#13454 = FILL_AREA_STYLE('',(#13455));
#13455 = FILL_AREA_STYLE_COLOUR('',#12523);
#13456 = CURVE_STYLE('',#13457,POSITIVE_LENGTH_MEASURE(0.1),#12526);
#13457 = DRAUGHTING_PRE_DEFINED_CURVE_FONT('continuous');
#13458 = MECHANICAL_DESIGN_GEOMETRIC_PRESENTATION_REPRESENTATION('',(
    #13459),#4695);
#13459 = STYLED_ITEM('color',(#13460),#4657);
#13460 = PRESENTATION_STYLE_ASSIGNMENT((#13461,#13466));
#13461 = SURFACE_STYLE_USAGE(.BOTH.,#13462);
#13462 = SURFACE_SIDE_STYLE('',(#13463));
#13463 = SURFACE_STYLE_FILL_AREA(#13464);
#13464 = FILL_AREA_STYLE('',(#13465));
#13465 = FILL_AREA_STYLE_COLOUR('',#12523);
#13466 = CURVE_STYLE('',#13467,POSITIVE_LENGTH_MEASURE(0.1),#12526);
#13467 = DRAUGHTING_PRE_DEFINED_CURVE_FONT('continuous');
#13468 = MECHANICAL_DESIGN_GEOMETRIC_PRESENTATION_REPRESENTATION('',(
    #13469),#3897);
#13469 = STYLED_ITEM('color',(#13470),#3859);
#13470 = PRESENTATION_STYLE_ASSIGNMENT((#13471,#13476));
#13471 = SURFACE_STYLE_USAGE(.BOTH.,#13472);
#13472 = SURFACE_SIDE_STYLE('',(#13473));
#13473 = SURFACE_STYLE_FILL_AREA(#13474);
#13474 = FILL_AREA_STYLE('',(#13475));
#13475 = FILL_AREA_STYLE_COLOUR('',#12523);
#13476 = CURVE_STYLE('',#13477,POSITIVE_LENGTH_MEASURE(0.1),#12526);
#13477 = DRAUGHTING_PRE_DEFINED_CURVE_FONT('continuous');
#13478 = MECHANICAL_DESIGN_GEOMETRIC_PRESENTATION_REPRESENTATION('',(
    #13479),#8343);
#13479 = STYLED_ITEM('color',(#13480),#8305);
#13480 = PRESENTATION_STYLE_ASSIGNMENT((#13481,#13486));
#13481 = SURFACE_STYLE_USAGE(.BOTH.,#13482);
#13482 = SURFACE_SIDE_STYLE('',(#13483));
#13483 = SURFACE_STYLE_FILL_AREA(#13484);
#13484 = FILL_AREA_STYLE('',(#13485));
#13485 = FILL_AREA_STYLE_COLOUR('',#12523);
#13486 = CURVE_STYLE('',#13487,POSITIVE_LENGTH_MEASURE(0.1),#12526);
#13487 = DRAUGHTING_PRE_DEFINED_CURVE_FONT('continuous');
#13488 = MECHANICAL_DESIGN_GEOMETRIC_PRESENTATION_REPRESENTATION('',(
    #13489),#2985);
#13489 = STYLED_ITEM('color',(#13490),#2947);
#13490 = PRESENTATION_STYLE_ASSIGNMENT((#13491,#13496));
#13491 = SURFACE_STYLE_USAGE(.BOTH.,#13492);
#13492 = SURFACE_SIDE_STYLE('',(#13493));
#13493 = SURFACE_STYLE_FILL_AREA(#13494);
#13494 = FILL_AREA_STYLE('',(#13495));
#13495 = FILL_AREA_STYLE_COLOUR('',#12523);
#13496 = CURVE_STYLE('',#13497,POSITIVE_LENGTH_MEASURE(0.1),#12526);
#13497 = DRAUGHTING_PRE_DEFINED_CURVE_FONT('continuous');
#13498 = MECHANICAL_DESIGN_GEOMETRIC_PRESENTATION_REPRESENTATION('',(
    #13499),#2073);
#13499 = STYLED_ITEM('color',(#13500),#2035);
#13500 = PRESENTATION_STYLE_ASSIGNMENT((#13501,#13506));
#13501 = SURFACE_STYLE_USAGE(.BOTH.,#13502);
#13502 = SURFACE_SIDE_STYLE('',(#13503));
#13503 = SURFACE_STYLE_FILL_AREA(#13504);
#13504 = FILL_AREA_STYLE('',(#13505));
#13505 = FILL_AREA_STYLE_COLOUR('',#12523);
#13506 = CURVE_STYLE('',#13507,POSITIVE_LENGTH_MEASURE(0.1),#12526);
#13507 = DRAUGHTING_PRE_DEFINED_CURVE_FONT('continuous');
#13508 = MECHANICAL_DESIGN_GEOMETRIC_PRESENTATION_REPRESENTATION('',(
    #13509),#8058);
#13509 = STYLED_ITEM('color',(#13510),#8020);
#13510 = PRESENTATION_STYLE_ASSIGNMENT((#13511,#13516));
#13511 = SURFACE_STYLE_USAGE(.BOTH.,#13512);
#13512 = SURFACE_SIDE_STYLE('',(#13513));
#13513 = SURFACE_STYLE_FILL_AREA(#13514);
#13514 = FILL_AREA_STYLE('',(#13515));
#13515 = FILL_AREA_STYLE_COLOUR('',#12523);
#13516 = CURVE_STYLE('',#13517,POSITIVE_LENGTH_MEASURE(0.1),#12526);
#13517 = DRAUGHTING_PRE_DEFINED_CURVE_FONT('continuous');
#13518 = MECHANICAL_DESIGN_GEOMETRIC_PRESENTATION_REPRESENTATION('',(
    #13519),#2529);
#13519 = STYLED_ITEM('color',(#13520),#2491);
#13520 = PRESENTATION_STYLE_ASSIGNMENT((#13521,#13526));
#13521 = SURFACE_STYLE_USAGE(.BOTH.,#13522);
#13522 = SURFACE_SIDE_STYLE('',(#13523));
#13523 = SURFACE_STYLE_FILL_AREA(#13524);
#13524 = FILL_AREA_STYLE('',(#13525));
#13525 = FILL_AREA_STYLE_COLOUR('',#12523);
#13526 = CURVE_STYLE('',#13527,POSITIVE_LENGTH_MEASURE(0.1),#12526);
#13527 = DRAUGHTING_PRE_DEFINED_CURVE_FONT('continuous');
#13528 = MECHANICAL_DESIGN_GEOMETRIC_PRESENTATION_REPRESENTATION('',(
    #13529),#2016);
#13529 = STYLED_ITEM('color',(#13530),#1978);
#13530 = PRESENTATION_STYLE_ASSIGNMENT((#13531,#13536));
#13531 = SURFACE_STYLE_USAGE(.BOTH.,#13532);
#13532 = SURFACE_SIDE_STYLE('',(#13533));
#13533 = SURFACE_STYLE_FILL_AREA(#13534);
#13534 = FILL_AREA_STYLE('',(#13535));
#13535 = FILL_AREA_STYLE_COLOUR('',#12523);
#13536 = CURVE_STYLE('',#13537,POSITIVE_LENGTH_MEASURE(0.1),#12526);
#13537 = DRAUGHTING_PRE_DEFINED_CURVE_FONT('continuous');
#13538 = MECHANICAL_DESIGN_GEOMETRIC_PRESENTATION_REPRESENTATION('',(
    #13539),#11592);
#13539 = STYLED_ITEM('color',(#13540),#11554);
#13540 = PRESENTATION_STYLE_ASSIGNMENT((#13541,#13546));
#13541 = SURFACE_STYLE_USAGE(.BOTH.,#13542);
#13542 = SURFACE_SIDE_STYLE('',(#13543));
#13543 = SURFACE_STYLE_FILL_AREA(#13544);
#13544 = FILL_AREA_STYLE('',(#13545));
#13545 = FILL_AREA_STYLE_COLOUR('',#12523);
#13546 = CURVE_STYLE('',#13547,POSITIVE_LENGTH_MEASURE(0.1),#12526);
#13547 = DRAUGHTING_PRE_DEFINED_CURVE_FONT('continuous');
#13548 = MECHANICAL_DESIGN_GEOMETRIC_PRESENTATION_REPRESENTATION('',(
    #13549),#7374);
#13549 = STYLED_ITEM('color',(#13550),#7336);
#13550 = PRESENTATION_STYLE_ASSIGNMENT((#13551,#13556));
#13551 = SURFACE_STYLE_USAGE(.BOTH.,#13552);
#13552 = SURFACE_SIDE_STYLE('',(#13553));
#13553 = SURFACE_STYLE_FILL_AREA(#13554);
#13554 = FILL_AREA_STYLE('',(#13555));
#13555 = FILL_AREA_STYLE_COLOUR('',#12523);
#13556 = CURVE_STYLE('',#13557,POSITIVE_LENGTH_MEASURE(0.1),#12526);
#13557 = DRAUGHTING_PRE_DEFINED_CURVE_FONT('continuous');
#13558 = MECHANICAL_DESIGN_GEOMETRIC_PRESENTATION_REPRESENTATION('',(
    #13559),#1959);
#13559 = STYLED_ITEM('color',(#13560),#1921);
#13560 = PRESENTATION_STYLE_ASSIGNMENT((#13561,#13566));
#13561 = SURFACE_STYLE_USAGE(.BOTH.,#13562);
#13562 = SURFACE_SIDE_STYLE('',(#13563));
#13563 = SURFACE_STYLE_FILL_AREA(#13564);
#13564 = FILL_AREA_STYLE('',(#13565));
#13565 = FILL_AREA_STYLE_COLOUR('',#12523);
#13566 = CURVE_STYLE('',#13567,POSITIVE_LENGTH_MEASURE(0.1),#12526);
#13567 = DRAUGHTING_PRE_DEFINED_CURVE_FONT('continuous');
#13568 = MECHANICAL_DESIGN_GEOMETRIC_PRESENTATION_REPRESENTATION('',(
    #13569),#9939);
#13569 = STYLED_ITEM('color',(#13570),#9901);
#13570 = PRESENTATION_STYLE_ASSIGNMENT((#13571,#13576));
#13571 = SURFACE_STYLE_USAGE(.BOTH.,#13572);
#13572 = SURFACE_SIDE_STYLE('',(#13573));
#13573 = SURFACE_STYLE_FILL_AREA(#13574);
#13574 = FILL_AREA_STYLE('',(#13575));
#13575 = FILL_AREA_STYLE_COLOUR('',#12523);
#13576 = CURVE_STYLE('',#13577,POSITIVE_LENGTH_MEASURE(0.1),#12526);
#13577 = DRAUGHTING_PRE_DEFINED_CURVE_FONT('continuous');
#13578 = MECHANICAL_DESIGN_GEOMETRIC_PRESENTATION_REPRESENTATION('',(
    #13579),#4524);
#13579 = STYLED_ITEM('color',(#13580),#4486);
#13580 = PRESENTATION_STYLE_ASSIGNMENT((#13581,#13586));
#13581 = SURFACE_STYLE_USAGE(.BOTH.,#13582);
#13582 = SURFACE_SIDE_STYLE('',(#13583));
#13583 = SURFACE_STYLE_FILL_AREA(#13584);
#13584 = FILL_AREA_STYLE('',(#13585));
#13585 = FILL_AREA_STYLE_COLOUR('',#12523);
#13586 = CURVE_STYLE('',#13587,POSITIVE_LENGTH_MEASURE(0.1),#12526);
#13587 = DRAUGHTING_PRE_DEFINED_CURVE_FONT('continuous');
#13588 = MECHANICAL_DESIGN_GEOMETRIC_PRESENTATION_REPRESENTATION('',(
    #13589),#5379);
#13589 = STYLED_ITEM('color',(#13590),#5341);
#13590 = PRESENTATION_STYLE_ASSIGNMENT((#13591,#13596));
#13591 = SURFACE_STYLE_USAGE(.BOTH.,#13592);
#13592 = SURFACE_SIDE_STYLE('',(#13593));
#13593 = SURFACE_STYLE_FILL_AREA(#13594);
#13594 = FILL_AREA_STYLE('',(#13595));
#13595 = FILL_AREA_STYLE_COLOUR('',#12523);
#13596 = CURVE_STYLE('',#13597,POSITIVE_LENGTH_MEASURE(0.1),#12526);
#13597 = DRAUGHTING_PRE_DEFINED_CURVE_FONT('continuous');
#13598 = MECHANICAL_DESIGN_GEOMETRIC_PRESENTATION_REPRESENTATION('',(
    #13599),#2244);
#13599 = STYLED_ITEM('color',(#13600),#2206);
#13600 = PRESENTATION_STYLE_ASSIGNMENT((#13601,#13606));
#13601 = SURFACE_STYLE_USAGE(.BOTH.,#13602);
#13602 = SURFACE_SIDE_STYLE('',(#13603));
#13603 = SURFACE_STYLE_FILL_AREA(#13604);
#13604 = FILL_AREA_STYLE('',(#13605));
#13605 = FILL_AREA_STYLE_COLOUR('',#12523);
#13606 = CURVE_STYLE('',#13607,POSITIVE_LENGTH_MEASURE(0.1),#12526);
#13607 = DRAUGHTING_PRE_DEFINED_CURVE_FONT('continuous');
#13608 = MECHANICAL_DESIGN_GEOMETRIC_PRESENTATION_REPRESENTATION('',(
    #13609),#2757);
#13609 = STYLED_ITEM('color',(#13610),#2719);
#13610 = PRESENTATION_STYLE_ASSIGNMENT((#13611,#13616));
#13611 = SURFACE_STYLE_USAGE(.BOTH.,#13612);
#13612 = SURFACE_SIDE_STYLE('',(#13613));
#13613 = SURFACE_STYLE_FILL_AREA(#13614);
#13614 = FILL_AREA_STYLE('',(#13615));
#13615 = FILL_AREA_STYLE_COLOUR('',#12523);
#13616 = CURVE_STYLE('',#13617,POSITIVE_LENGTH_MEASURE(0.1),#12526);
#13617 = DRAUGHTING_PRE_DEFINED_CURVE_FONT('continuous');
#13618 = MECHANICAL_DESIGN_GEOMETRIC_PRESENTATION_REPRESENTATION('',(
    #13619),#7716);
#13619 = STYLED_ITEM('color',(#13620),#7678);
#13620 = PRESENTATION_STYLE_ASSIGNMENT((#13621,#13626));
#13621 = SURFACE_STYLE_USAGE(.BOTH.,#13622);
#13622 = SURFACE_SIDE_STYLE('',(#13623));
#13623 = SURFACE_STYLE_FILL_AREA(#13624);
#13624 = FILL_AREA_STYLE('',(#13625));
#13625 = FILL_AREA_STYLE_COLOUR('',#12523);
#13626 = CURVE_STYLE('',#13627,POSITIVE_LENGTH_MEASURE(0.1),#12526);
#13627 = DRAUGHTING_PRE_DEFINED_CURVE_FONT('continuous');
#13628 = MECHANICAL_DESIGN_GEOMETRIC_PRESENTATION_REPRESENTATION('',(
    #13629),#1389);
#13629 = STYLED_ITEM('color',(#13630),#1351);
#13630 = PRESENTATION_STYLE_ASSIGNMENT((#13631,#13636));
#13631 = SURFACE_STYLE_USAGE(.BOTH.,#13632);
#13632 = SURFACE_SIDE_STYLE('',(#13633));
#13633 = SURFACE_STYLE_FILL_AREA(#13634);
#13634 = FILL_AREA_STYLE('',(#13635));
#13635 = FILL_AREA_STYLE_COLOUR('',#12523);
#13636 = CURVE_STYLE('',#13637,POSITIVE_LENGTH_MEASURE(0.1),#12526);
#13637 = DRAUGHTING_PRE_DEFINED_CURVE_FONT('continuous');
#13638 = MECHANICAL_DESIGN_GEOMETRIC_PRESENTATION_REPRESENTATION('',(
    #13639),#11763);
#13639 = STYLED_ITEM('color',(#13640),#11725);
#13640 = PRESENTATION_STYLE_ASSIGNMENT((#13641,#13646));
#13641 = SURFACE_STYLE_USAGE(.BOTH.,#13642);
#13642 = SURFACE_SIDE_STYLE('',(#13643));
#13643 = SURFACE_STYLE_FILL_AREA(#13644);
#13644 = FILL_AREA_STYLE('',(#13645));
#13645 = FILL_AREA_STYLE_COLOUR('',#12523);
#13646 = CURVE_STYLE('',#13647,POSITIVE_LENGTH_MEASURE(0.1),#12526);
#13647 = DRAUGHTING_PRE_DEFINED_CURVE_FONT('continuous');
#13648 = MECHANICAL_DESIGN_GEOMETRIC_PRESENTATION_REPRESENTATION('',(
    #13649),#10224);
#13649 = STYLED_ITEM('color',(#13650),#10186);
#13650 = PRESENTATION_STYLE_ASSIGNMENT((#13651,#13656));
#13651 = SURFACE_STYLE_USAGE(.BOTH.,#13652);
#13652 = SURFACE_SIDE_STYLE('',(#13653));
#13653 = SURFACE_STYLE_FILL_AREA(#13654);
#13654 = FILL_AREA_STYLE('',(#13655));
#13655 = FILL_AREA_STYLE_COLOUR('',#12523);
#13656 = CURVE_STYLE('',#13657,POSITIVE_LENGTH_MEASURE(0.1),#12526);
#13657 = DRAUGHTING_PRE_DEFINED_CURVE_FONT('continuous');
#13658 = MECHANICAL_DESIGN_GEOMETRIC_PRESENTATION_REPRESENTATION('',(
    #13659),#3042);
#13659 = STYLED_ITEM('color',(#13660),#3004);
#13660 = PRESENTATION_STYLE_ASSIGNMENT((#13661,#13666));
#13661 = SURFACE_STYLE_USAGE(.BOTH.,#13662);
#13662 = SURFACE_SIDE_STYLE('',(#13663));
#13663 = SURFACE_STYLE_FILL_AREA(#13664);
#13664 = FILL_AREA_STYLE('',(#13665));
#13665 = FILL_AREA_STYLE_COLOUR('',#12523);
#13666 = CURVE_STYLE('',#13667,POSITIVE_LENGTH_MEASURE(0.1),#12526);
#13667 = DRAUGHTING_PRE_DEFINED_CURVE_FONT('continuous');
#13668 = MECHANICAL_DESIGN_GEOMETRIC_PRESENTATION_REPRESENTATION('',(
    #13669),#5607);
#13669 = STYLED_ITEM('color',(#13670),#5569);
#13670 = PRESENTATION_STYLE_ASSIGNMENT((#13671,#13676));
#13671 = SURFACE_STYLE_USAGE(.BOTH.,#13672);
#13672 = SURFACE_SIDE_STYLE('',(#13673));
#13673 = SURFACE_STYLE_FILL_AREA(#13674);
#13674 = FILL_AREA_STYLE('',(#13675));
#13675 = FILL_AREA_STYLE_COLOUR('',#12523);
#13676 = CURVE_STYLE('',#13677,POSITIVE_LENGTH_MEASURE(0.1),#12526);
#13677 = DRAUGHTING_PRE_DEFINED_CURVE_FONT('continuous');
#13678 = MECHANICAL_DESIGN_GEOMETRIC_PRESENTATION_REPRESENTATION('',(
    #13679),#10623);
#13679 = STYLED_ITEM('color',(#13680),#10585);
#13680 = PRESENTATION_STYLE_ASSIGNMENT((#13681,#13686));
#13681 = SURFACE_STYLE_USAGE(.BOTH.,#13682);
#13682 = SURFACE_SIDE_STYLE('',(#13683));
#13683 = SURFACE_STYLE_FILL_AREA(#13684);
#13684 = FILL_AREA_STYLE('',(#13685));
#13685 = FILL_AREA_STYLE_COLOUR('',#12523);
#13686 = CURVE_STYLE('',#13687,POSITIVE_LENGTH_MEASURE(0.1),#12526);
#13687 = DRAUGHTING_PRE_DEFINED_CURVE_FONT('continuous');
#13688 = MECHANICAL_DESIGN_GEOMETRIC_PRESENTATION_REPRESENTATION('',(
    #13689),#6120);
#13689 = STYLED_ITEM('color',(#13690),#6082);
#13690 = PRESENTATION_STYLE_ASSIGNMENT((#13691,#13696));
#13691 = SURFACE_STYLE_USAGE(.BOTH.,#13692);
#13692 = SURFACE_SIDE_STYLE('',(#13693));
#13693 = SURFACE_STYLE_FILL_AREA(#13694);
#13694 = FILL_AREA_STYLE('',(#13695));
#13695 = FILL_AREA_STYLE_COLOUR('',#12523);
#13696 = CURVE_STYLE('',#13697,POSITIVE_LENGTH_MEASURE(0.1),#12526);
#13697 = DRAUGHTING_PRE_DEFINED_CURVE_FONT('continuous');
#13698 = MECHANICAL_DESIGN_GEOMETRIC_PRESENTATION_REPRESENTATION('',(
    #13699),#4125);
#13699 = STYLED_ITEM('color',(#13700),#4087);
#13700 = PRESENTATION_STYLE_ASSIGNMENT((#13701,#13706));
#13701 = SURFACE_STYLE_USAGE(.BOTH.,#13702);
#13702 = SURFACE_SIDE_STYLE('',(#13703));
#13703 = SURFACE_STYLE_FILL_AREA(#13704);
#13704 = FILL_AREA_STYLE('',(#13705));
#13705 = FILL_AREA_STYLE_COLOUR('',#12523);
#13706 = CURVE_STYLE('',#13707,POSITIVE_LENGTH_MEASURE(0.1),#12526);
#13707 = DRAUGHTING_PRE_DEFINED_CURVE_FONT('continuous');
#13708 = MECHANICAL_DESIGN_GEOMETRIC_PRESENTATION_REPRESENTATION('',(
    #13709),#10452);
#13709 = STYLED_ITEM('color',(#13710),#10414);
#13710 = PRESENTATION_STYLE_ASSIGNMENT((#13711,#13716));
#13711 = SURFACE_STYLE_USAGE(.BOTH.,#13712);
#13712 = SURFACE_SIDE_STYLE('',(#13713));
#13713 = SURFACE_STYLE_FILL_AREA(#13714);
#13714 = FILL_AREA_STYLE('',(#13715));
#13715 = FILL_AREA_STYLE_COLOUR('',#12523);
#13716 = CURVE_STYLE('',#13717,POSITIVE_LENGTH_MEASURE(0.1),#12526);
#13717 = DRAUGHTING_PRE_DEFINED_CURVE_FONT('continuous');
#13718 = MECHANICAL_DESIGN_GEOMETRIC_PRESENTATION_REPRESENTATION('',(
    #13719),#4809);
#13719 = STYLED_ITEM('color',(#13720),#4771);
#13720 = PRESENTATION_STYLE_ASSIGNMENT((#13721,#13726));
#13721 = SURFACE_STYLE_USAGE(.BOTH.,#13722);
#13722 = SURFACE_SIDE_STYLE('',(#13723));
#13723 = SURFACE_STYLE_FILL_AREA(#13724);
#13724 = FILL_AREA_STYLE('',(#13725));
#13725 = FILL_AREA_STYLE_COLOUR('',#12523);
#13726 = CURVE_STYLE('',#13727,POSITIVE_LENGTH_MEASURE(0.1),#12526);
#13727 = DRAUGHTING_PRE_DEFINED_CURVE_FONT('continuous');
#13728 = MECHANICAL_DESIGN_GEOMETRIC_PRESENTATION_REPRESENTATION('',(
    #13729),#5835);
#13729 = STYLED_ITEM('color',(#13730),#5797);
#13730 = PRESENTATION_STYLE_ASSIGNMENT((#13731,#13736));
#13731 = SURFACE_STYLE_USAGE(.BOTH.,#13732);
#13732 = SURFACE_SIDE_STYLE('',(#13733));
#13733 = SURFACE_STYLE_FILL_AREA(#13734);
#13734 = FILL_AREA_STYLE('',(#13735));
#13735 = FILL_AREA_STYLE_COLOUR('',#12523);
#13736 = CURVE_STYLE('',#13737,POSITIVE_LENGTH_MEASURE(0.1),#12526);
#13737 = DRAUGHTING_PRE_DEFINED_CURVE_FONT('continuous');
#13738 = MECHANICAL_DESIGN_GEOMETRIC_PRESENTATION_REPRESENTATION('',(
    #13739),#5892);
#13739 = STYLED_ITEM('color',(#13740),#5854);
#13740 = PRESENTATION_STYLE_ASSIGNMENT((#13741,#13746));
#13741 = SURFACE_STYLE_USAGE(.BOTH.,#13742);
#13742 = SURFACE_SIDE_STYLE('',(#13743));
#13743 = SURFACE_STYLE_FILL_AREA(#13744);
#13744 = FILL_AREA_STYLE('',(#13745));
#13745 = FILL_AREA_STYLE_COLOUR('',#12523);
#13746 = CURVE_STYLE('',#13747,POSITIVE_LENGTH_MEASURE(0.1),#12526);
#13747 = DRAUGHTING_PRE_DEFINED_CURVE_FONT('continuous');
#13748 = MECHANICAL_DESIGN_GEOMETRIC_PRESENTATION_REPRESENTATION('',(
    #13749),#5094);
#13749 = STYLED_ITEM('color',(#13750),#5056);
#13750 = PRESENTATION_STYLE_ASSIGNMENT((#13751,#13756));
#13751 = SURFACE_STYLE_USAGE(.BOTH.,#13752);
#13752 = SURFACE_SIDE_STYLE('',(#13753));
#13753 = SURFACE_STYLE_FILL_AREA(#13754);
#13754 = FILL_AREA_STYLE('',(#13755));
#13755 = FILL_AREA_STYLE_COLOUR('',#12523);
#13756 = CURVE_STYLE('',#13757,POSITIVE_LENGTH_MEASURE(0.1),#12526);
#13757 = DRAUGHTING_PRE_DEFINED_CURVE_FONT('continuous');
#13758 = MECHANICAL_DESIGN_GEOMETRIC_PRESENTATION_REPRESENTATION('',(
    #13759),#1161);
#13759 = STYLED_ITEM('color',(#13760),#1123);
#13760 = PRESENTATION_STYLE_ASSIGNMENT((#13761,#13766));
#13761 = SURFACE_STYLE_USAGE(.BOTH.,#13762);
#13762 = SURFACE_SIDE_STYLE('',(#13763));
#13763 = SURFACE_STYLE_FILL_AREA(#13764);
#13764 = FILL_AREA_STYLE('',(#13765));
#13765 = FILL_AREA_STYLE_COLOUR('',#12523);
#13766 = CURVE_STYLE('',#13767,POSITIVE_LENGTH_MEASURE(0.1),#12526);
#13767 = DRAUGHTING_PRE_DEFINED_CURVE_FONT('continuous');
#13768 = MECHANICAL_DESIGN_GEOMETRIC_PRESENTATION_REPRESENTATION('',(
    #13769),#11364);
#13769 = STYLED_ITEM('color',(#13770),#11326);
#13770 = PRESENTATION_STYLE_ASSIGNMENT((#13771,#13776));
#13771 = SURFACE_STYLE_USAGE(.BOTH.,#13772);
#13772 = SURFACE_SIDE_STYLE('',(#13773));
#13773 = SURFACE_STYLE_FILL_AREA(#13774);
#13774 = FILL_AREA_STYLE('',(#13775));
#13775 = FILL_AREA_STYLE_COLOUR('',#12523);
#13776 = CURVE_STYLE('',#13777,POSITIVE_LENGTH_MEASURE(0.1),#12526);
#13777 = DRAUGHTING_PRE_DEFINED_CURVE_FONT('continuous');
#13778 = MECHANICAL_DESIGN_GEOMETRIC_PRESENTATION_REPRESENTATION('',(
    #13779),#7317);
#13779 = STYLED_ITEM('color',(#13780),#7279);
#13780 = PRESENTATION_STYLE_ASSIGNMENT((#13781,#13786));
#13781 = SURFACE_STYLE_USAGE(.BOTH.,#13782);
#13782 = SURFACE_SIDE_STYLE('',(#13783));
#13783 = SURFACE_STYLE_FILL_AREA(#13784);
#13784 = FILL_AREA_STYLE('',(#13785));
#13785 = FILL_AREA_STYLE_COLOUR('',#12523);
#13786 = CURVE_STYLE('',#13787,POSITIVE_LENGTH_MEASURE(0.1),#12526);
#13787 = DRAUGHTING_PRE_DEFINED_CURVE_FONT('continuous');
#13788 = MECHANICAL_DESIGN_GEOMETRIC_PRESENTATION_REPRESENTATION('',(
    #13789),#10680);
#13789 = STYLED_ITEM('color',(#13790),#10642);
#13790 = PRESENTATION_STYLE_ASSIGNMENT((#13791,#13796));
#13791 = SURFACE_STYLE_USAGE(.BOTH.,#13792);
#13792 = SURFACE_SIDE_STYLE('',(#13793));
#13793 = SURFACE_STYLE_FILL_AREA(#13794);
#13794 = FILL_AREA_STYLE('',(#13795));
#13795 = FILL_AREA_STYLE_COLOUR('',#12523);
#13796 = CURVE_STYLE('',#13797,POSITIVE_LENGTH_MEASURE(0.1),#12526);
#13797 = DRAUGHTING_PRE_DEFINED_CURVE_FONT('continuous');
#13798 = MECHANICAL_DESIGN_GEOMETRIC_PRESENTATION_REPRESENTATION('',(
    #13799),#11079);
#13799 = STYLED_ITEM('color',(#13800),#11041);
#13800 = PRESENTATION_STYLE_ASSIGNMENT((#13801,#13806));
#13801 = SURFACE_STYLE_USAGE(.BOTH.,#13802);
#13802 = SURFACE_SIDE_STYLE('',(#13803));
#13803 = SURFACE_STYLE_FILL_AREA(#13804);
#13804 = FILL_AREA_STYLE('',(#13805));
#13805 = FILL_AREA_STYLE_COLOUR('',#12523);
#13806 = CURVE_STYLE('',#13807,POSITIVE_LENGTH_MEASURE(0.1),#12526);
#13807 = DRAUGHTING_PRE_DEFINED_CURVE_FONT('continuous');
#13808 = MECHANICAL_DESIGN_GEOMETRIC_PRESENTATION_REPRESENTATION('',(
    #13809),#7602);
#13809 = STYLED_ITEM('color',(#13810),#7564);
#13810 = PRESENTATION_STYLE_ASSIGNMENT((#13811,#13816));
#13811 = SURFACE_STYLE_USAGE(.BOTH.,#13812);
#13812 = SURFACE_SIDE_STYLE('',(#13813));
#13813 = SURFACE_STYLE_FILL_AREA(#13814);
#13814 = FILL_AREA_STYLE('',(#13815));
#13815 = FILL_AREA_STYLE_COLOUR('',#12523);
#13816 = CURVE_STYLE('',#13817,POSITIVE_LENGTH_MEASURE(0.1),#12526);
#13817 = DRAUGHTING_PRE_DEFINED_CURVE_FONT('continuous');
#13818 = MECHANICAL_DESIGN_GEOMETRIC_PRESENTATION_REPRESENTATION('',(
    #13819),#7089);
#13819 = STYLED_ITEM('color',(#13820),#7051);
#13820 = PRESENTATION_STYLE_ASSIGNMENT((#13821,#13826));
#13821 = SURFACE_STYLE_USAGE(.BOTH.,#13822);
#13822 = SURFACE_SIDE_STYLE('',(#13823));
#13823 = SURFACE_STYLE_FILL_AREA(#13824);
#13824 = FILL_AREA_STYLE('',(#13825));
#13825 = FILL_AREA_STYLE_COLOUR('',#12523);
#13826 = CURVE_STYLE('',#13827,POSITIVE_LENGTH_MEASURE(0.1),#12526);
#13827 = DRAUGHTING_PRE_DEFINED_CURVE_FONT('continuous');
#13828 = MECHANICAL_DESIGN_GEOMETRIC_PRESENTATION_REPRESENTATION('',(
    #13829),#11136);
#13829 = STYLED_ITEM('color',(#13830),#11098);
#13830 = PRESENTATION_STYLE_ASSIGNMENT((#13831,#13836));
#13831 = SURFACE_STYLE_USAGE(.BOTH.,#13832);
#13832 = SURFACE_SIDE_STYLE('',(#13833));
#13833 = SURFACE_STYLE_FILL_AREA(#13834);
#13834 = FILL_AREA_STYLE('',(#13835));
#13835 = FILL_AREA_STYLE_COLOUR('',#12523);
#13836 = CURVE_STYLE('',#13837,POSITIVE_LENGTH_MEASURE(0.1),#12526);
#13837 = DRAUGHTING_PRE_DEFINED_CURVE_FONT('continuous');
#13838 = MECHANICAL_DESIGN_GEOMETRIC_PRESENTATION_REPRESENTATION('',(
    #13839),#8286);
#13839 = STYLED_ITEM('color',(#13840),#8248);
#13840 = PRESENTATION_STYLE_ASSIGNMENT((#13841,#13846));
#13841 = SURFACE_STYLE_USAGE(.BOTH.,#13842);
#13842 = SURFACE_SIDE_STYLE('',(#13843));
#13843 = SURFACE_STYLE_FILL_AREA(#13844);
#13844 = FILL_AREA_STYLE('',(#13845));
#13845 = FILL_AREA_STYLE_COLOUR('',#12523);
#13846 = CURVE_STYLE('',#13847,POSITIVE_LENGTH_MEASURE(0.1),#12526);
#13847 = DRAUGHTING_PRE_DEFINED_CURVE_FONT('continuous');
#13848 = MECHANICAL_DESIGN_GEOMETRIC_PRESENTATION_REPRESENTATION('',(
    #13849),#3612);
#13849 = STYLED_ITEM('color',(#13850),#3574);
#13850 = PRESENTATION_STYLE_ASSIGNMENT((#13851,#13856));
#13851 = SURFACE_STYLE_USAGE(.BOTH.,#13852);
#13852 = SURFACE_SIDE_STYLE('',(#13853));
#13853 = SURFACE_STYLE_FILL_AREA(#13854);
#13854 = FILL_AREA_STYLE('',(#13855));
#13855 = FILL_AREA_STYLE_COLOUR('',#12523);
#13856 = CURVE_STYLE('',#13857,POSITIVE_LENGTH_MEASURE(0.1),#12526);
#13857 = DRAUGHTING_PRE_DEFINED_CURVE_FONT('continuous');
#13858 = MECHANICAL_DESIGN_GEOMETRIC_PRESENTATION_REPRESENTATION('',(
    #13859),#5436);
#13859 = STYLED_ITEM('color',(#13860),#5398);
#13860 = PRESENTATION_STYLE_ASSIGNMENT((#13861,#13866));
#13861 = SURFACE_STYLE_USAGE(.BOTH.,#13862);
#13862 = SURFACE_SIDE_STYLE('',(#13863));
#13863 = SURFACE_STYLE_FILL_AREA(#13864);
#13864 = FILL_AREA_STYLE('',(#13865));
#13865 = FILL_AREA_STYLE_COLOUR('',#12523);
#13866 = CURVE_STYLE('',#13867,POSITIVE_LENGTH_MEASURE(0.1),#12526);
#13867 = DRAUGHTING_PRE_DEFINED_CURVE_FONT('continuous');
#13868 = MECHANICAL_DESIGN_GEOMETRIC_PRESENTATION_REPRESENTATION('',(
    #13869),#6405);
#13869 = STYLED_ITEM('color',(#13870),#6367);
#13870 = PRESENTATION_STYLE_ASSIGNMENT((#13871,#13876));
#13871 = SURFACE_STYLE_USAGE(.BOTH.,#13872);
#13872 = SURFACE_SIDE_STYLE('',(#13873));
#13873 = SURFACE_STYLE_FILL_AREA(#13874);
#13874 = FILL_AREA_STYLE('',(#13875));
#13875 = FILL_AREA_STYLE_COLOUR('',#12523);
#13876 = CURVE_STYLE('',#13877,POSITIVE_LENGTH_MEASURE(0.1),#12526);
#13877 = DRAUGHTING_PRE_DEFINED_CURVE_FONT('continuous');
#13878 = MECHANICAL_DESIGN_GEOMETRIC_PRESENTATION_REPRESENTATION('',(
    #13879),#10794);
#13879 = STYLED_ITEM('color',(#13880),#10756);
#13880 = PRESENTATION_STYLE_ASSIGNMENT((#13881,#13886));
#13881 = SURFACE_STYLE_USAGE(.BOTH.,#13882);
#13882 = SURFACE_SIDE_STYLE('',(#13883));
#13883 = SURFACE_STYLE_FILL_AREA(#13884);
#13884 = FILL_AREA_STYLE('',(#13885));
#13885 = FILL_AREA_STYLE_COLOUR('',#12523);
#13886 = CURVE_STYLE('',#13887,POSITIVE_LENGTH_MEASURE(0.1),#12526);
#13887 = DRAUGHTING_PRE_DEFINED_CURVE_FONT('continuous');
#13888 = MECHANICAL_DESIGN_GEOMETRIC_PRESENTATION_REPRESENTATION('',(
    #13889),#1275);
#13889 = STYLED_ITEM('color',(#13890),#1237);
#13890 = PRESENTATION_STYLE_ASSIGNMENT((#13891,#13896));
#13891 = SURFACE_STYLE_USAGE(.BOTH.,#13892);
#13892 = SURFACE_SIDE_STYLE('',(#13893));
#13893 = SURFACE_STYLE_FILL_AREA(#13894);
#13894 = FILL_AREA_STYLE('',(#13895));
#13895 = FILL_AREA_STYLE_COLOUR('',#12523);
#13896 = CURVE_STYLE('',#13897,POSITIVE_LENGTH_MEASURE(0.1),#12526);
#13897 = DRAUGHTING_PRE_DEFINED_CURVE_FONT('continuous');
#13898 = MECHANICAL_DESIGN_GEOMETRIC_PRESENTATION_REPRESENTATION('',(
    #13899),#9654);
#13899 = STYLED_ITEM('color',(#13900),#9616);
#13900 = PRESENTATION_STYLE_ASSIGNMENT((#13901,#13906));
#13901 = SURFACE_STYLE_USAGE(.BOTH.,#13902);
#13902 = SURFACE_SIDE_STYLE('',(#13903));
#13903 = SURFACE_STYLE_FILL_AREA(#13904);
#13904 = FILL_AREA_STYLE('',(#13905));
#13905 = FILL_AREA_STYLE_COLOUR('',#12523);
#13906 = CURVE_STYLE('',#13907,POSITIVE_LENGTH_MEASURE(0.1),#12526);
#13907 = DRAUGHTING_PRE_DEFINED_CURVE_FONT('continuous');
#13908 = MECHANICAL_DESIGN_GEOMETRIC_PRESENTATION_REPRESENTATION('',(
    #13909),#3783);
#13909 = STYLED_ITEM('color',(#13910),#3745);
#13910 = PRESENTATION_STYLE_ASSIGNMENT((#13911,#13916));
#13911 = SURFACE_STYLE_USAGE(.BOTH.,#13912);
#13912 = SURFACE_SIDE_STYLE('',(#13913));
#13913 = SURFACE_STYLE_FILL_AREA(#13914);
#13914 = FILL_AREA_STYLE('',(#13915));
#13915 = FILL_AREA_STYLE_COLOUR('',#12523);
#13916 = CURVE_STYLE('',#13917,POSITIVE_LENGTH_MEASURE(0.1),#12526);
#13917 = DRAUGHTING_PRE_DEFINED_CURVE_FONT('continuous');
#13918 = MECHANICAL_DESIGN_GEOMETRIC_PRESENTATION_REPRESENTATION('',(
    #13919),#9198);
#13919 = STYLED_ITEM('color',(#13920),#9160);
#13920 = PRESENTATION_STYLE_ASSIGNMENT((#13921,#13926));
#13921 = SURFACE_STYLE_USAGE(.BOTH.,#13922);
#13922 = SURFACE_SIDE_STYLE('',(#13923));
#13923 = SURFACE_STYLE_FILL_AREA(#13924);
#13924 = FILL_AREA_STYLE('',(#13925));
#13925 = FILL_AREA_STYLE_COLOUR('',#12523);
#13926 = CURVE_STYLE('',#13927,POSITIVE_LENGTH_MEASURE(0.1),#12526);
#13927 = DRAUGHTING_PRE_DEFINED_CURVE_FONT('continuous');
#13928 = MECHANICAL_DESIGN_GEOMETRIC_PRESENTATION_REPRESENTATION('',(
    #13929),#4239);
#13929 = STYLED_ITEM('color',(#13930),#4201);
#13930 = PRESENTATION_STYLE_ASSIGNMENT((#13931,#13936));
#13931 = SURFACE_STYLE_USAGE(.BOTH.,#13932);
#13932 = SURFACE_SIDE_STYLE('',(#13933));
#13933 = SURFACE_STYLE_FILL_AREA(#13934);
#13934 = FILL_AREA_STYLE('',(#13935));
#13935 = FILL_AREA_STYLE_COLOUR('',#12523);
#13936 = CURVE_STYLE('',#13937,POSITIVE_LENGTH_MEASURE(0.1),#12526);
#13937 = DRAUGHTING_PRE_DEFINED_CURVE_FONT('continuous');
#13938 = MECHANICAL_DESIGN_GEOMETRIC_PRESENTATION_REPRESENTATION('',(
    #13939),#8229);
#13939 = STYLED_ITEM('color',(#13940),#8191);
#13940 = PRESENTATION_STYLE_ASSIGNMENT((#13941,#13946));
#13941 = SURFACE_STYLE_USAGE(.BOTH.,#13942);
#13942 = SURFACE_SIDE_STYLE('',(#13943));
#13943 = SURFACE_STYLE_FILL_AREA(#13944);
#13944 = FILL_AREA_STYLE('',(#13945));
#13945 = FILL_AREA_STYLE_COLOUR('',#12523);
#13946 = CURVE_STYLE('',#13947,POSITIVE_LENGTH_MEASURE(0.1),#12526);
#13947 = DRAUGHTING_PRE_DEFINED_CURVE_FONT('continuous');
#13948 = MECHANICAL_DESIGN_GEOMETRIC_PRESENTATION_REPRESENTATION('',(
    #13949),#6861);
#13949 = STYLED_ITEM('color',(#13950),#6823);
#13950 = PRESENTATION_STYLE_ASSIGNMENT((#13951,#13956));
#13951 = SURFACE_STYLE_USAGE(.BOTH.,#13952);
#13952 = SURFACE_SIDE_STYLE('',(#13953));
#13953 = SURFACE_STYLE_FILL_AREA(#13954);
#13954 = FILL_AREA_STYLE('',(#13955));
#13955 = FILL_AREA_STYLE_COLOUR('',#12523);
#13956 = CURVE_STYLE('',#13957,POSITIVE_LENGTH_MEASURE(0.1),#12526);
#13957 = DRAUGHTING_PRE_DEFINED_CURVE_FONT('continuous');
#13958 = MECHANICAL_DESIGN_GEOMETRIC_PRESENTATION_REPRESENTATION('',(
    #13959),#1503);
#13959 = STYLED_ITEM('color',(#13960),#1465);
#13960 = PRESENTATION_STYLE_ASSIGNMENT((#13961,#13966));
#13961 = SURFACE_STYLE_USAGE(.BOTH.,#13962);
#13962 = SURFACE_SIDE_STYLE('',(#13963));
#13963 = SURFACE_STYLE_FILL_AREA(#13964);
#13964 = FILL_AREA_STYLE('',(#13965));
#13965 = FILL_AREA_STYLE_COLOUR('',#12523);
#13966 = CURVE_STYLE('',#13967,POSITIVE_LENGTH_MEASURE(0.1),#12526);
#13967 = DRAUGHTING_PRE_DEFINED_CURVE_FONT('continuous');
#13968 = MECHANICAL_DESIGN_GEOMETRIC_PRESENTATION_REPRESENTATION('',(
    #13969),#2187);
#13969 = STYLED_ITEM('color',(#13970),#2149);
#13970 = PRESENTATION_STYLE_ASSIGNMENT((#13971,#13976));
#13971 = SURFACE_STYLE_USAGE(.BOTH.,#13972);
#13972 = SURFACE_SIDE_STYLE('',(#13973));
#13973 = SURFACE_STYLE_FILL_AREA(#13974);
#13974 = FILL_AREA_STYLE('',(#13975));
#13975 = FILL_AREA_STYLE_COLOUR('',#12523);
#13976 = CURVE_STYLE('',#13977,POSITIVE_LENGTH_MEASURE(0.1),#12526);
#13977 = DRAUGHTING_PRE_DEFINED_CURVE_FONT('continuous');
#13978 = MECHANICAL_DESIGN_GEOMETRIC_PRESENTATION_REPRESENTATION('',(
    #13979),#2814);
#13979 = STYLED_ITEM('color',(#13980),#2776);
#13980 = PRESENTATION_STYLE_ASSIGNMENT((#13981,#13986));
#13981 = SURFACE_STYLE_USAGE(.BOTH.,#13982);
#13982 = SURFACE_SIDE_STYLE('',(#13983));
#13983 = SURFACE_STYLE_FILL_AREA(#13984);
#13984 = FILL_AREA_STYLE('',(#13985));
#13985 = FILL_AREA_STYLE_COLOUR('',#12523);
#13986 = CURVE_STYLE('',#13987,POSITIVE_LENGTH_MEASURE(0.1),#12526);
#13987 = DRAUGHTING_PRE_DEFINED_CURVE_FONT('continuous');
#13988 = MECHANICAL_DESIGN_GEOMETRIC_PRESENTATION_REPRESENTATION('',(
    #13989),#1560);
#13989 = STYLED_ITEM('color',(#13990),#1522);
#13990 = PRESENTATION_STYLE_ASSIGNMENT((#13991,#13996));
#13991 = SURFACE_STYLE_USAGE(.BOTH.,#13992);
#13992 = SURFACE_SIDE_STYLE('',(#13993));
#13993 = SURFACE_STYLE_FILL_AREA(#13994);
#13994 = FILL_AREA_STYLE('',(#13995));
#13995 = FILL_AREA_STYLE_COLOUR('',#12523);
#13996 = CURVE_STYLE('',#13997,POSITIVE_LENGTH_MEASURE(0.1),#12526);
#13997 = DRAUGHTING_PRE_DEFINED_CURVE_FONT('continuous');
#13998 = MECHANICAL_DESIGN_GEOMETRIC_PRESENTATION_REPRESENTATION('',(
    #13999),#5778);
#13999 = STYLED_ITEM('color',(#14000),#5740);
#14000 = PRESENTATION_STYLE_ASSIGNMENT((#14001,#14006));
#14001 = SURFACE_STYLE_USAGE(.BOTH.,#14002);
#14002 = SURFACE_SIDE_STYLE('',(#14003));
#14003 = SURFACE_STYLE_FILL_AREA(#14004);
#14004 = FILL_AREA_STYLE('',(#14005));
#14005 = FILL_AREA_STYLE_COLOUR('',#12523);
#14006 = CURVE_STYLE('',#14007,POSITIVE_LENGTH_MEASURE(0.1),#12526);
#14007 = DRAUGHTING_PRE_DEFINED_CURVE_FONT('continuous');
#14008 = MECHANICAL_DESIGN_GEOMETRIC_PRESENTATION_REPRESENTATION('',(
    #14009),#8172);
#14009 = STYLED_ITEM('color',(#14010),#8134);
#14010 = PRESENTATION_STYLE_ASSIGNMENT((#14011,#14016));
#14011 = SURFACE_STYLE_USAGE(.BOTH.,#14012);
#14012 = SURFACE_SIDE_STYLE('',(#14013));
#14013 = SURFACE_STYLE_FILL_AREA(#14014);
#14014 = FILL_AREA_STYLE('',(#14015));
#14015 = FILL_AREA_STYLE_COLOUR('',#12523);
#14016 = CURVE_STYLE('',#14017,POSITIVE_LENGTH_MEASURE(0.1),#12526);
#14017 = DRAUGHTING_PRE_DEFINED_CURVE_FONT('continuous');
#14018 = MECHANICAL_DESIGN_GEOMETRIC_PRESENTATION_REPRESENTATION('',(
    #14019),#3156);
#14019 = STYLED_ITEM('color',(#14020),#3118);
#14020 = PRESENTATION_STYLE_ASSIGNMENT((#14021,#14026));
#14021 = SURFACE_STYLE_USAGE(.BOTH.,#14022);
#14022 = SURFACE_SIDE_STYLE('',(#14023));
#14023 = SURFACE_STYLE_FILL_AREA(#14024);
#14024 = FILL_AREA_STYLE('',(#14025));
#14025 = FILL_AREA_STYLE_COLOUR('',#12523);
#14026 = CURVE_STYLE('',#14027,POSITIVE_LENGTH_MEASURE(0.1),#12526);
#14027 = DRAUGHTING_PRE_DEFINED_CURVE_FONT('continuous');
#14028 = MECHANICAL_DESIGN_GEOMETRIC_PRESENTATION_REPRESENTATION('',(
    #14029),#6519);
#14029 = STYLED_ITEM('color',(#14030),#6481);
#14030 = PRESENTATION_STYLE_ASSIGNMENT((#14031,#14036));
#14031 = SURFACE_STYLE_USAGE(.BOTH.,#14032);
#14032 = SURFACE_SIDE_STYLE('',(#14033));
#14033 = SURFACE_STYLE_FILL_AREA(#14034);
#14034 = FILL_AREA_STYLE('',(#14035));
#14035 = FILL_AREA_STYLE_COLOUR('',#12523);
#14036 = CURVE_STYLE('',#14037,POSITIVE_LENGTH_MEASURE(0.1),#12526);
#14037 = DRAUGHTING_PRE_DEFINED_CURVE_FONT('continuous');
#14038 = MECHANICAL_DESIGN_GEOMETRIC_PRESENTATION_REPRESENTATION('',(
    #14039),#5721);
#14039 = STYLED_ITEM('color',(#14040),#5683);
#14040 = PRESENTATION_STYLE_ASSIGNMENT((#14041,#14046));
#14041 = SURFACE_STYLE_USAGE(.BOTH.,#14042);
#14042 = SURFACE_SIDE_STYLE('',(#14043));
#14043 = SURFACE_STYLE_FILL_AREA(#14044);
#14044 = FILL_AREA_STYLE('',(#14045));
#14045 = FILL_AREA_STYLE_COLOUR('',#12523);
#14046 = CURVE_STYLE('',#14047,POSITIVE_LENGTH_MEASURE(0.1),#12526);
#14047 = DRAUGHTING_PRE_DEFINED_CURVE_FONT('continuous');
#14048 = MECHANICAL_DESIGN_GEOMETRIC_PRESENTATION_REPRESENTATION('',(
    #14049),#4923);
#14049 = STYLED_ITEM('color',(#14050),#4885);
#14050 = PRESENTATION_STYLE_ASSIGNMENT((#14051,#14056));
#14051 = SURFACE_STYLE_USAGE(.BOTH.,#14052);
#14052 = SURFACE_SIDE_STYLE('',(#14053));
#14053 = SURFACE_STYLE_FILL_AREA(#14054);
#14054 = FILL_AREA_STYLE('',(#14055));
#14055 = FILL_AREA_STYLE_COLOUR('',#12523);
#14056 = CURVE_STYLE('',#14057,POSITIVE_LENGTH_MEASURE(0.1),#12526);
#14057 = DRAUGHTING_PRE_DEFINED_CURVE_FONT('continuous');
#14058 = MECHANICAL_DESIGN_GEOMETRIC_PRESENTATION_REPRESENTATION('',(
    #14059),#1218);
#14059 = STYLED_ITEM('color',(#14060),#1180);
#14060 = PRESENTATION_STYLE_ASSIGNMENT((#14061,#14066));
#14061 = SURFACE_STYLE_USAGE(.BOTH.,#14062);
#14062 = SURFACE_SIDE_STYLE('',(#14063));
#14063 = SURFACE_STYLE_FILL_AREA(#14064);
#14064 = FILL_AREA_STYLE('',(#14065));
#14065 = FILL_AREA_STYLE_COLOUR('',#12523);
#14066 = CURVE_STYLE('',#14067,POSITIVE_LENGTH_MEASURE(0.1),#12526);
#14067 = DRAUGHTING_PRE_DEFINED_CURVE_FONT('continuous');
#14068 = MECHANICAL_DESIGN_GEOMETRIC_PRESENTATION_REPRESENTATION('',(
    #14069),#10395);
#14069 = STYLED_ITEM('color',(#14070),#10357);
#14070 = PRESENTATION_STYLE_ASSIGNMENT((#14071,#14076));
#14071 = SURFACE_STYLE_USAGE(.BOTH.,#14072);
#14072 = SURFACE_SIDE_STYLE('',(#14073));
#14073 = SURFACE_STYLE_FILL_AREA(#14074);
#14074 = FILL_AREA_STYLE('',(#14075));
#14075 = FILL_AREA_STYLE_COLOUR('',#12523);
#14076 = CURVE_STYLE('',#14077,POSITIVE_LENGTH_MEASURE(0.1),#12526);
#14077 = DRAUGHTING_PRE_DEFINED_CURVE_FONT('continuous');
#14078 = MECHANICAL_DESIGN_GEOMETRIC_PRESENTATION_REPRESENTATION('',(
    #14079),#10851);
#14079 = STYLED_ITEM('color',(#14080),#10813);
#14080 = PRESENTATION_STYLE_ASSIGNMENT((#14081,#14086));
#14081 = SURFACE_STYLE_USAGE(.BOTH.,#14082);
#14082 = SURFACE_SIDE_STYLE('',(#14083));
#14083 = SURFACE_STYLE_FILL_AREA(#14084);
#14084 = FILL_AREA_STYLE('',(#14085));
#14085 = FILL_AREA_STYLE_COLOUR('',#12523);
#14086 = CURVE_STYLE('',#14087,POSITIVE_LENGTH_MEASURE(0.1),#12526);
#14087 = DRAUGHTING_PRE_DEFINED_CURVE_FONT('continuous');
#14088 = MECHANICAL_DESIGN_GEOMETRIC_PRESENTATION_REPRESENTATION('',(
    #14089),#1788);
#14089 = STYLED_ITEM('color',(#14090),#1750);
#14090 = PRESENTATION_STYLE_ASSIGNMENT((#14091,#14096));
#14091 = SURFACE_STYLE_USAGE(.BOTH.,#14092);
#14092 = SURFACE_SIDE_STYLE('',(#14093));
#14093 = SURFACE_STYLE_FILL_AREA(#14094);
#14094 = FILL_AREA_STYLE('',(#14095));
#14095 = FILL_AREA_STYLE_COLOUR('',#12523);
#14096 = CURVE_STYLE('',#14097,POSITIVE_LENGTH_MEASURE(0.1),#12526);
#14097 = DRAUGHTING_PRE_DEFINED_CURVE_FONT('continuous');
#14098 = MECHANICAL_DESIGN_GEOMETRIC_PRESENTATION_REPRESENTATION('',(
    #14099),#1845);
#14099 = STYLED_ITEM('color',(#14100),#1807);
#14100 = PRESENTATION_STYLE_ASSIGNMENT((#14101,#14106));
#14101 = SURFACE_STYLE_USAGE(.BOTH.,#14102);
#14102 = SURFACE_SIDE_STYLE('',(#14103));
#14103 = SURFACE_STYLE_FILL_AREA(#14104);
#14104 = FILL_AREA_STYLE('',(#14105));
#14105 = FILL_AREA_STYLE_COLOUR('',#12523);
#14106 = CURVE_STYLE('',#14107,POSITIVE_LENGTH_MEASURE(0.1),#12526);
#14107 = DRAUGHTING_PRE_DEFINED_CURVE_FONT('continuous');
#14108 = MECHANICAL_DESIGN_GEOMETRIC_PRESENTATION_REPRESENTATION('',(
    #14109),#1617);
#14109 = STYLED_ITEM('color',(#14110),#1579);
#14110 = PRESENTATION_STYLE_ASSIGNMENT((#14111,#14116));
#14111 = SURFACE_STYLE_USAGE(.BOTH.,#14112);
#14112 = SURFACE_SIDE_STYLE('',(#14113));
#14113 = SURFACE_STYLE_FILL_AREA(#14114);
#14114 = FILL_AREA_STYLE('',(#14115));
#14115 = FILL_AREA_STYLE_COLOUR('',#12523);
#14116 = CURVE_STYLE('',#14117,POSITIVE_LENGTH_MEASURE(0.1),#12526);
#14117 = DRAUGHTING_PRE_DEFINED_CURVE_FONT('continuous');
#14118 = MECHANICAL_DESIGN_GEOMETRIC_PRESENTATION_REPRESENTATION('',(
    #14119),#3327);
#14119 = STYLED_ITEM('color',(#14120),#3289);
#14120 = PRESENTATION_STYLE_ASSIGNMENT((#14121,#14126));
#14121 = SURFACE_STYLE_USAGE(.BOTH.,#14122);
#14122 = SURFACE_SIDE_STYLE('',(#14123));
#14123 = SURFACE_STYLE_FILL_AREA(#14124);
#14124 = FILL_AREA_STYLE('',(#14125));
#14125 = FILL_AREA_STYLE_COLOUR('',#12523);
#14126 = CURVE_STYLE('',#14127,POSITIVE_LENGTH_MEASURE(0.1),#12526);
#14127 = DRAUGHTING_PRE_DEFINED_CURVE_FONT('continuous');
#14128 = MECHANICAL_DESIGN_GEOMETRIC_PRESENTATION_REPRESENTATION('',(
    #14129),#11421);
#14129 = STYLED_ITEM('color',(#14130),#11383);
#14130 = PRESENTATION_STYLE_ASSIGNMENT((#14131,#14136));
#14131 = SURFACE_STYLE_USAGE(.BOTH.,#14132);
#14132 = SURFACE_SIDE_STYLE('',(#14133));
#14133 = SURFACE_STYLE_FILL_AREA(#14134);
#14134 = FILL_AREA_STYLE('',(#14135));
#14135 = FILL_AREA_STYLE_COLOUR('',#12523);
#14136 = CURVE_STYLE('',#14137,POSITIVE_LENGTH_MEASURE(0.1),#12526);
#14137 = DRAUGHTING_PRE_DEFINED_CURVE_FONT('continuous');
#14138 = MECHANICAL_DESIGN_GEOMETRIC_PRESENTATION_REPRESENTATION('',(
    #14139),#10566);
#14139 = STYLED_ITEM('color',(#14140),#10528);
#14140 = PRESENTATION_STYLE_ASSIGNMENT((#14141,#14146));
#14141 = SURFACE_STYLE_USAGE(.BOTH.,#14142);
#14142 = SURFACE_SIDE_STYLE('',(#14143));
#14143 = SURFACE_STYLE_FILL_AREA(#14144);
#14144 = FILL_AREA_STYLE('',(#14145));
#14145 = FILL_AREA_STYLE_COLOUR('',#12523);
#14146 = CURVE_STYLE('',#14147,POSITIVE_LENGTH_MEASURE(0.1),#12526);
#14147 = DRAUGHTING_PRE_DEFINED_CURVE_FONT('continuous');
#14148 = MECHANICAL_DESIGN_GEOMETRIC_PRESENTATION_REPRESENTATION('',(
    #14149),#7830);
#14149 = STYLED_ITEM('color',(#14150),#7792);
#14150 = PRESENTATION_STYLE_ASSIGNMENT((#14151,#14156));
#14151 = SURFACE_STYLE_USAGE(.BOTH.,#14152);
#14152 = SURFACE_SIDE_STYLE('',(#14153));
#14153 = SURFACE_STYLE_FILL_AREA(#14154);
#14154 = FILL_AREA_STYLE('',(#14155));
#14155 = FILL_AREA_STYLE_COLOUR('',#12523);
#14156 = CURVE_STYLE('',#14157,POSITIVE_LENGTH_MEASURE(0.1),#12526);
#14157 = DRAUGHTING_PRE_DEFINED_CURVE_FONT('continuous');
#14158 = MECHANICAL_DESIGN_GEOMETRIC_PRESENTATION_REPRESENTATION('',(
    #14159),#1902);
#14159 = STYLED_ITEM('color',(#14160),#1864);
#14160 = PRESENTATION_STYLE_ASSIGNMENT((#14161,#14166));
#14161 = SURFACE_STYLE_USAGE(.BOTH.,#14162);
#14162 = SURFACE_SIDE_STYLE('',(#14163));
#14163 = SURFACE_STYLE_FILL_AREA(#14164);
#14164 = FILL_AREA_STYLE('',(#14165));
#14165 = FILL_AREA_STYLE_COLOUR('',#12523);
#14166 = CURVE_STYLE('',#14167,POSITIVE_LENGTH_MEASURE(0.1),#12526);
#14167 = DRAUGHTING_PRE_DEFINED_CURVE_FONT('continuous');
#14168 = MECHANICAL_DESIGN_GEOMETRIC_PRESENTATION_REPRESENTATION('',(
    #14169),#9540);
#14169 = STYLED_ITEM('color',(#14170),#9502);
#14170 = PRESENTATION_STYLE_ASSIGNMENT((#14171,#14176));
#14171 = SURFACE_STYLE_USAGE(.BOTH.,#14172);
#14172 = SURFACE_SIDE_STYLE('',(#14173));
#14173 = SURFACE_STYLE_FILL_AREA(#14174);
#14174 = FILL_AREA_STYLE('',(#14175));
#14175 = FILL_AREA_STYLE_COLOUR('',#12523);
#14176 = CURVE_STYLE('',#14177,POSITIVE_LENGTH_MEASURE(0.1),#12526);
#14177 = DRAUGHTING_PRE_DEFINED_CURVE_FONT('continuous');
#14178 = MECHANICAL_DESIGN_GEOMETRIC_PRESENTATION_REPRESENTATION('',(
    #14179),#6234);
#14179 = STYLED_ITEM('color',(#14180),#6196);
#14180 = PRESENTATION_STYLE_ASSIGNMENT((#14181,#14186));
#14181 = SURFACE_STYLE_USAGE(.BOTH.,#14182);
#14182 = SURFACE_SIDE_STYLE('',(#14183));
#14183 = SURFACE_STYLE_FILL_AREA(#14184);
#14184 = FILL_AREA_STYLE('',(#14185));
#14185 = FILL_AREA_STYLE_COLOUR('',#12523);
#14186 = CURVE_STYLE('',#14187,POSITIVE_LENGTH_MEASURE(0.1),#12526);
#14187 = DRAUGHTING_PRE_DEFINED_CURVE_FONT('continuous');
#14188 = MECHANICAL_DESIGN_GEOMETRIC_PRESENTATION_REPRESENTATION('',(
    #14189),#6063);
#14189 = STYLED_ITEM('color',(#14190),#6025);
#14190 = PRESENTATION_STYLE_ASSIGNMENT((#14191,#14196));
#14191 = SURFACE_STYLE_USAGE(.BOTH.,#14192);
#14192 = SURFACE_SIDE_STYLE('',(#14193));
#14193 = SURFACE_STYLE_FILL_AREA(#14194);
#14194 = FILL_AREA_STYLE('',(#14195));
#14195 = FILL_AREA_STYLE_COLOUR('',#12523);
#14196 = CURVE_STYLE('',#14197,POSITIVE_LENGTH_MEASURE(0.1),#12526);
#14197 = DRAUGHTING_PRE_DEFINED_CURVE_FONT('continuous');
#14198 = MECHANICAL_DESIGN_GEOMETRIC_PRESENTATION_REPRESENTATION('',(
    #14199),#5664);
#14199 = STYLED_ITEM('color',(#14200),#5626);
#14200 = PRESENTATION_STYLE_ASSIGNMENT((#14201,#14206));
#14201 = SURFACE_STYLE_USAGE(.BOTH.,#14202);
#14202 = SURFACE_SIDE_STYLE('',(#14203));
#14203 = SURFACE_STYLE_FILL_AREA(#14204);
#14204 = FILL_AREA_STYLE('',(#14205));
#14205 = FILL_AREA_STYLE_COLOUR('',#12523);
#14206 = CURVE_STYLE('',#14207,POSITIVE_LENGTH_MEASURE(0.1),#12526);
#14207 = DRAUGHTING_PRE_DEFINED_CURVE_FONT('continuous');
#14208 = MECHANICAL_DESIGN_GEOMETRIC_PRESENTATION_REPRESENTATION('',(
    #14209),#9255);
#14209 = STYLED_ITEM('color',(#14210),#9217);
#14210 = PRESENTATION_STYLE_ASSIGNMENT((#14211,#14216));
#14211 = SURFACE_STYLE_USAGE(.BOTH.,#14212);
#14212 = SURFACE_SIDE_STYLE('',(#14213));
#14213 = SURFACE_STYLE_FILL_AREA(#14214);
#14214 = FILL_AREA_STYLE('',(#14215));
#14215 = FILL_AREA_STYLE_COLOUR('',#12523);
#14216 = CURVE_STYLE('',#14217,POSITIVE_LENGTH_MEASURE(0.1),#12526);
#14217 = DRAUGHTING_PRE_DEFINED_CURVE_FONT('continuous');
#14218 = MECHANICAL_DESIGN_GEOMETRIC_PRESENTATION_REPRESENTATION('',(
    #14219),#6006);
#14219 = STYLED_ITEM('color',(#14220),#5968);
#14220 = PRESENTATION_STYLE_ASSIGNMENT((#14221,#14226));
#14221 = SURFACE_STYLE_USAGE(.BOTH.,#14222);
#14222 = SURFACE_SIDE_STYLE('',(#14223));
#14223 = SURFACE_STYLE_FILL_AREA(#14224);
#14224 = FILL_AREA_STYLE('',(#14225));
#14225 = FILL_AREA_STYLE_COLOUR('',#12523);
#14226 = CURVE_STYLE('',#14227,POSITIVE_LENGTH_MEASURE(0.1),#12526);
#14227 = DRAUGHTING_PRE_DEFINED_CURVE_FONT('continuous');
#14228 = MECHANICAL_DESIGN_GEOMETRIC_PRESENTATION_REPRESENTATION('',(
    #14229),#7545);
#14229 = STYLED_ITEM('color',(#14230),#7507);
#14230 = PRESENTATION_STYLE_ASSIGNMENT((#14231,#14236));
#14231 = SURFACE_STYLE_USAGE(.BOTH.,#14232);
#14232 = SURFACE_SIDE_STYLE('',(#14233));
#14233 = SURFACE_STYLE_FILL_AREA(#14234);
#14234 = FILL_AREA_STYLE('',(#14235));
#14235 = FILL_AREA_STYLE_COLOUR('',#12523);
#14236 = CURVE_STYLE('',#14237,POSITIVE_LENGTH_MEASURE(0.1),#12526);
#14237 = DRAUGHTING_PRE_DEFINED_CURVE_FONT('continuous');
#14238 = MECHANICAL_DESIGN_GEOMETRIC_PRESENTATION_REPRESENTATION('',(
    #14239),#10908);
#14239 = STYLED_ITEM('color',(#14240),#10870);
#14240 = PRESENTATION_STYLE_ASSIGNMENT((#14241,#14246));
#14241 = SURFACE_STYLE_USAGE(.BOTH.,#14242);
#14242 = SURFACE_SIDE_STYLE('',(#14243));
#14243 = SURFACE_STYLE_FILL_AREA(#14244);
#14244 = FILL_AREA_STYLE('',(#14245));
#14245 = FILL_AREA_STYLE_COLOUR('',#12523);
#14246 = CURVE_STYLE('',#14247,POSITIVE_LENGTH_MEASURE(0.1),#12526);
#14247 = DRAUGHTING_PRE_DEFINED_CURVE_FONT('continuous');
#14248 = MECHANICAL_DESIGN_GEOMETRIC_PRESENTATION_REPRESENTATION('',(
    #14249),#3441);
#14249 = STYLED_ITEM('color',(#14250),#3403);
#14250 = PRESENTATION_STYLE_ASSIGNMENT((#14251,#14256));
#14251 = SURFACE_STYLE_USAGE(.BOTH.,#14252);
#14252 = SURFACE_SIDE_STYLE('',(#14253));
#14253 = SURFACE_STYLE_FILL_AREA(#14254);
#14254 = FILL_AREA_STYLE('',(#14255));
#14255 = FILL_AREA_STYLE_COLOUR('',#12523);
#14256 = CURVE_STYLE('',#14257,POSITIVE_LENGTH_MEASURE(0.1),#12526);
#14257 = DRAUGHTING_PRE_DEFINED_CURVE_FONT('continuous');
#14258 = MECHANICAL_DESIGN_GEOMETRIC_PRESENTATION_REPRESENTATION('',(
    #14259),#11991);
#14259 = STYLED_ITEM('color',(#14260),#11953);
#14260 = PRESENTATION_STYLE_ASSIGNMENT((#14261,#14266));
#14261 = SURFACE_STYLE_USAGE(.BOTH.,#14262);
#14262 = SURFACE_SIDE_STYLE('',(#14263));
#14263 = SURFACE_STYLE_FILL_AREA(#14264);
#14264 = FILL_AREA_STYLE('',(#14265));
#14265 = FILL_AREA_STYLE_COLOUR('',#12523);
#14266 = CURVE_STYLE('',#14267,POSITIVE_LENGTH_MEASURE(0.1),#12526);
#14267 = DRAUGHTING_PRE_DEFINED_CURVE_FONT('continuous');
#14268 = MECHANICAL_DESIGN_GEOMETRIC_PRESENTATION_REPRESENTATION('',(
    #14269),#3384);
#14269 = STYLED_ITEM('color',(#14270),#3346);
#14270 = PRESENTATION_STYLE_ASSIGNMENT((#14271,#14276));
#14271 = SURFACE_STYLE_USAGE(.BOTH.,#14272);
#14272 = SURFACE_SIDE_STYLE('',(#14273));
#14273 = SURFACE_STYLE_FILL_AREA(#14274);
#14274 = FILL_AREA_STYLE('',(#14275));
#14275 = FILL_AREA_STYLE_COLOUR('',#12523);
#14276 = CURVE_STYLE('',#14277,POSITIVE_LENGTH_MEASURE(0.1),#12526);
#14277 = DRAUGHTING_PRE_DEFINED_CURVE_FONT('continuous');
#14278 = MECHANICAL_DESIGN_GEOMETRIC_PRESENTATION_REPRESENTATION('',(
    #14279),#2586);
#14279 = STYLED_ITEM('color',(#14280),#2548);
#14280 = PRESENTATION_STYLE_ASSIGNMENT((#14281,#14286));
#14281 = SURFACE_STYLE_USAGE(.BOTH.,#14282);
#14282 = SURFACE_SIDE_STYLE('',(#14283));
#14283 = SURFACE_STYLE_FILL_AREA(#14284);
#14284 = FILL_AREA_STYLE('',(#14285));
#14285 = FILL_AREA_STYLE_COLOUR('',#12523);
#14286 = CURVE_STYLE('',#14287,POSITIVE_LENGTH_MEASURE(0.1),#12526);
#14287 = DRAUGHTING_PRE_DEFINED_CURVE_FONT('continuous');
#14288 = MECHANICAL_DESIGN_GEOMETRIC_PRESENTATION_REPRESENTATION('',(
    #14289),#2415);
#14289 = STYLED_ITEM('color',(#14290),#2377);
#14290 = PRESENTATION_STYLE_ASSIGNMENT((#14291,#14296));
#14291 = SURFACE_STYLE_USAGE(.BOTH.,#14292);
#14292 = SURFACE_SIDE_STYLE('',(#14293));
#14293 = SURFACE_STYLE_FILL_AREA(#14294);
#14294 = FILL_AREA_STYLE('',(#14295));
#14295 = FILL_AREA_STYLE_COLOUR('',#12523);
#14296 = CURVE_STYLE('',#14297,POSITIVE_LENGTH_MEASURE(0.1),#12526);
#14297 = DRAUGHTING_PRE_DEFINED_CURVE_FONT('continuous');
#14298 = MECHANICAL_DESIGN_GEOMETRIC_PRESENTATION_REPRESENTATION('',(
    #14299),#4068);
#14299 = STYLED_ITEM('color',(#14300),#4030);
#14300 = PRESENTATION_STYLE_ASSIGNMENT((#14301,#14306));
#14301 = SURFACE_STYLE_USAGE(.BOTH.,#14302);
#14302 = SURFACE_SIDE_STYLE('',(#14303));
#14303 = SURFACE_STYLE_FILL_AREA(#14304);
#14304 = FILL_AREA_STYLE('',(#14305));
#14305 = FILL_AREA_STYLE_COLOUR('',#12523);
#14306 = CURVE_STYLE('',#14307,POSITIVE_LENGTH_MEASURE(0.1),#12526);
#14307 = DRAUGHTING_PRE_DEFINED_CURVE_FONT('continuous');
#14308 = MECHANICAL_DESIGN_GEOMETRIC_PRESENTATION_REPRESENTATION('',(
    #14309),#1032);
#14309 = STYLED_ITEM('color',(#14310),#837);
#14310 = PRESENTATION_STYLE_ASSIGNMENT((#14311,#14317));
#14311 = SURFACE_STYLE_USAGE(.BOTH.,#14312);
#14312 = SURFACE_SIDE_STYLE('',(#14313));
#14313 = SURFACE_STYLE_FILL_AREA(#14314);
#14314 = FILL_AREA_STYLE('',(#14315));
#14315 = FILL_AREA_STYLE_COLOUR('',#14316);
#14316 = COLOUR_RGB('',0.250980406631,0.250980406631,0.250980406631);
#14317 = CURVE_STYLE('',#14318,POSITIVE_LENGTH_MEASURE(0.1),#12526);
#14318 = DRAUGHTING_PRE_DEFINED_CURVE_FONT('continuous');
#14319 = MECHANICAL_DESIGN_GEOMETRIC_PRESENTATION_REPRESENTATION('',(
    #14320),#12162);
#14320 = STYLED_ITEM('color',(#14321),#12124);
#14321 = PRESENTATION_STYLE_ASSIGNMENT((#14322,#14327));
#14322 = SURFACE_STYLE_USAGE(.BOTH.,#14323);
#14323 = SURFACE_SIDE_STYLE('',(#14324));
#14324 = SURFACE_STYLE_FILL_AREA(#14325);
#14325 = FILL_AREA_STYLE('',(#14326));
#14326 = FILL_AREA_STYLE_COLOUR('',#12523);
#14327 = CURVE_STYLE('',#14328,POSITIVE_LENGTH_MEASURE(0.1),#12526);
#14328 = DRAUGHTING_PRE_DEFINED_CURVE_FONT('continuous');
#14329 = MECHANICAL_DESIGN_GEOMETRIC_PRESENTATION_REPRESENTATION('',(
    #14330),#8742);
#14330 = STYLED_ITEM('color',(#14331),#8704);
#14331 = PRESENTATION_STYLE_ASSIGNMENT((#14332,#14337));
#14332 = SURFACE_STYLE_USAGE(.BOTH.,#14333);
#14333 = SURFACE_SIDE_STYLE('',(#14334));
#14334 = SURFACE_STYLE_FILL_AREA(#14335);
#14335 = FILL_AREA_STYLE('',(#14336));
#14336 = FILL_AREA_STYLE_COLOUR('',#12523);
#14337 = CURVE_STYLE('',#14338,POSITIVE_LENGTH_MEASURE(0.1),#12526);
#14338 = DRAUGHTING_PRE_DEFINED_CURVE_FONT('continuous');
#14339 = MECHANICAL_DESIGN_GEOMETRIC_PRESENTATION_REPRESENTATION('',(
    #14340),#7260);
#14340 = STYLED_ITEM('color',(#14341),#7222);
#14341 = PRESENTATION_STYLE_ASSIGNMENT((#14342,#14347));
#14342 = SURFACE_STYLE_USAGE(.BOTH.,#14343);
#14343 = SURFACE_SIDE_STYLE('',(#14344));
#14344 = SURFACE_STYLE_FILL_AREA(#14345);
#14345 = FILL_AREA_STYLE('',(#14346));
#14346 = FILL_AREA_STYLE_COLOUR('',#12523);
#14347 = CURVE_STYLE('',#14348,POSITIVE_LENGTH_MEASURE(0.1),#12526);
#14348 = DRAUGHTING_PRE_DEFINED_CURVE_FONT('continuous');
#14349 = MECHANICAL_DESIGN_GEOMETRIC_PRESENTATION_REPRESENTATION('',(
    #14350),#6918);
#14350 = STYLED_ITEM('color',(#14351),#6880);
#14351 = PRESENTATION_STYLE_ASSIGNMENT((#14352,#14357));
#14352 = SURFACE_STYLE_USAGE(.BOTH.,#14353);
#14353 = SURFACE_SIDE_STYLE('',(#14354));
#14354 = SURFACE_STYLE_FILL_AREA(#14355);
#14355 = FILL_AREA_STYLE('',(#14356));
#14356 = FILL_AREA_STYLE_COLOUR('',#12523);
#14357 = CURVE_STYLE('',#14358,POSITIVE_LENGTH_MEASURE(0.1),#12526);
#14358 = DRAUGHTING_PRE_DEFINED_CURVE_FONT('continuous');
#14359 = MECHANICAL_DESIGN_GEOMETRIC_PRESENTATION_REPRESENTATION('',(
    #14360),#7431);
#14360 = STYLED_ITEM('color',(#14361),#7393);
#14361 = PRESENTATION_STYLE_ASSIGNMENT((#14362,#14367));
#14362 = SURFACE_STYLE_USAGE(.BOTH.,#14363);
#14363 = SURFACE_SIDE_STYLE('',(#14364));
#14364 = SURFACE_STYLE_FILL_AREA(#14365);
#14365 = FILL_AREA_STYLE('',(#14366));
#14366 = FILL_AREA_STYLE_COLOUR('',#12523);
#14367 = CURVE_STYLE('',#14368,POSITIVE_LENGTH_MEASURE(0.1),#12526);
#14368 = DRAUGHTING_PRE_DEFINED_CURVE_FONT('continuous');
#14369 = MECHANICAL_DESIGN_GEOMETRIC_PRESENTATION_REPRESENTATION('',(
    #14370),#2130);
#14370 = STYLED_ITEM('color',(#14371),#2092);
#14371 = PRESENTATION_STYLE_ASSIGNMENT((#14372,#14377));
#14372 = SURFACE_STYLE_USAGE(.BOTH.,#14373);
#14373 = SURFACE_SIDE_STYLE('',(#14374));
#14374 = SURFACE_STYLE_FILL_AREA(#14375);
#14375 = FILL_AREA_STYLE('',(#14376));
#14376 = FILL_AREA_STYLE_COLOUR('',#12523);
#14377 = CURVE_STYLE('',#14378,POSITIVE_LENGTH_MEASURE(0.1),#12526);
#14378 = DRAUGHTING_PRE_DEFINED_CURVE_FONT('continuous');
#14379 = MECHANICAL_DESIGN_GEOMETRIC_PRESENTATION_REPRESENTATION('',(
    #14380),#4296);
#14380 = STYLED_ITEM('color',(#14381),#4258);
#14381 = PRESENTATION_STYLE_ASSIGNMENT((#14382,#14387));
#14382 = SURFACE_STYLE_USAGE(.BOTH.,#14383);
#14383 = SURFACE_SIDE_STYLE('',(#14384));
#14384 = SURFACE_STYLE_FILL_AREA(#14385);
#14385 = FILL_AREA_STYLE('',(#14386));
#14386 = FILL_AREA_STYLE_COLOUR('',#12523);
#14387 = CURVE_STYLE('',#14388,POSITIVE_LENGTH_MEASURE(0.1),#12526);
#14388 = DRAUGHTING_PRE_DEFINED_CURVE_FONT('continuous');
#14389 = MECHANICAL_DESIGN_GEOMETRIC_PRESENTATION_REPRESENTATION('',(
    #14390),#11022);
#14390 = STYLED_ITEM('color',(#14391),#10984);
#14391 = PRESENTATION_STYLE_ASSIGNMENT((#14392,#14397));
#14392 = SURFACE_STYLE_USAGE(.BOTH.,#14393);
#14393 = SURFACE_SIDE_STYLE('',(#14394));
#14394 = SURFACE_STYLE_FILL_AREA(#14395);
#14395 = FILL_AREA_STYLE('',(#14396));
#14396 = FILL_AREA_STYLE_COLOUR('',#12523);
#14397 = CURVE_STYLE('',#14398,POSITIVE_LENGTH_MEASURE(0.1),#12526);
#14398 = DRAUGHTING_PRE_DEFINED_CURVE_FONT('continuous');
#14399 = MECHANICAL_DESIGN_GEOMETRIC_PRESENTATION_REPRESENTATION('',(
    #14400),#9141);
#14400 = STYLED_ITEM('color',(#14401),#9103);
#14401 = PRESENTATION_STYLE_ASSIGNMENT((#14402,#14407));
#14402 = SURFACE_STYLE_USAGE(.BOTH.,#14403);
#14403 = SURFACE_SIDE_STYLE('',(#14404));
#14404 = SURFACE_STYLE_FILL_AREA(#14405);
#14405 = FILL_AREA_STYLE('',(#14406));
#14406 = FILL_AREA_STYLE_COLOUR('',#12523);
#14407 = CURVE_STYLE('',#14408,POSITIVE_LENGTH_MEASURE(0.1),#12526);
#14408 = DRAUGHTING_PRE_DEFINED_CURVE_FONT('continuous');
#14409 = MECHANICAL_DESIGN_GEOMETRIC_PRESENTATION_REPRESENTATION('',(
    #14410),#2301);
#14410 = STYLED_ITEM('color',(#14411),#2263);
#14411 = PRESENTATION_STYLE_ASSIGNMENT((#14412,#14417));
#14412 = SURFACE_STYLE_USAGE(.BOTH.,#14413);
#14413 = SURFACE_SIDE_STYLE('',(#14414));
#14414 = SURFACE_STYLE_FILL_AREA(#14415);
#14415 = FILL_AREA_STYLE('',(#14416));
#14416 = FILL_AREA_STYLE_COLOUR('',#12523);
#14417 = CURVE_STYLE('',#14418,POSITIVE_LENGTH_MEASURE(0.1),#12526);
#14418 = DRAUGHTING_PRE_DEFINED_CURVE_FONT('continuous');
#14419 = MECHANICAL_DESIGN_GEOMETRIC_PRESENTATION_REPRESENTATION('',(
    #14420),#9084);
#14420 = STYLED_ITEM('color',(#14421),#9046);
#14421 = PRESENTATION_STYLE_ASSIGNMENT((#14422,#14427));
#14422 = SURFACE_STYLE_USAGE(.BOTH.,#14423);
#14423 = SURFACE_SIDE_STYLE('',(#14424));
#14424 = SURFACE_STYLE_FILL_AREA(#14425);
#14425 = FILL_AREA_STYLE('',(#14426));
#14426 = FILL_AREA_STYLE_COLOUR('',#12523);
#14427 = CURVE_STYLE('',#14428,POSITIVE_LENGTH_MEASURE(0.1),#12526);
#14428 = DRAUGHTING_PRE_DEFINED_CURVE_FONT('continuous');
#14429 = MECHANICAL_DESIGN_GEOMETRIC_PRESENTATION_REPRESENTATION('',(
    #14430),#12390);
#14430 = STYLED_ITEM('color',(#14431),#12352);
#14431 = PRESENTATION_STYLE_ASSIGNMENT((#14432,#14437));
#14432 = SURFACE_STYLE_USAGE(.BOTH.,#14433);
#14433 = SURFACE_SIDE_STYLE('',(#14434));
#14434 = SURFACE_STYLE_FILL_AREA(#14435);
#14435 = FILL_AREA_STYLE('',(#14436));
#14436 = FILL_AREA_STYLE_COLOUR('',#12523);
#14437 = CURVE_STYLE('',#14438,POSITIVE_LENGTH_MEASURE(0.1),#12526);
#14438 = DRAUGHTING_PRE_DEFINED_CURVE_FONT('continuous');
#14439 = MECHANICAL_DESIGN_GEOMETRIC_PRESENTATION_REPRESENTATION('',(
    #14440),#9597);
#14440 = STYLED_ITEM('color',(#14441),#9559);
#14441 = PRESENTATION_STYLE_ASSIGNMENT((#14442,#14447));
#14442 = SURFACE_STYLE_USAGE(.BOTH.,#14443);
#14443 = SURFACE_SIDE_STYLE('',(#14444));
#14444 = SURFACE_STYLE_FILL_AREA(#14445);
#14445 = FILL_AREA_STYLE('',(#14446));
#14446 = FILL_AREA_STYLE_COLOUR('',#12523);
#14447 = CURVE_STYLE('',#14448,POSITIVE_LENGTH_MEASURE(0.1),#12526);
#14448 = DRAUGHTING_PRE_DEFINED_CURVE_FONT('continuous');
#14449 = MECHANICAL_DESIGN_GEOMETRIC_PRESENTATION_REPRESENTATION('',(
    #14450),#9312);
#14450 = STYLED_ITEM('color',(#14451),#9274);
#14451 = PRESENTATION_STYLE_ASSIGNMENT((#14452,#14457));
#14452 = SURFACE_STYLE_USAGE(.BOTH.,#14453);
#14453 = SURFACE_SIDE_STYLE('',(#14454));
#14454 = SURFACE_STYLE_FILL_AREA(#14455);
#14455 = FILL_AREA_STYLE('',(#14456));
#14456 = FILL_AREA_STYLE_COLOUR('',#12523);
#14457 = CURVE_STYLE('',#14458,POSITIVE_LENGTH_MEASURE(0.1),#12526);
#14458 = DRAUGHTING_PRE_DEFINED_CURVE_FONT('continuous');
#14459 = MECHANICAL_DESIGN_GEOMETRIC_PRESENTATION_REPRESENTATION('',(
    #14460),#6747);
#14460 = STYLED_ITEM('color',(#14461),#6709);
#14461 = PRESENTATION_STYLE_ASSIGNMENT((#14462,#14467));
#14462 = SURFACE_STYLE_USAGE(.BOTH.,#14463);
#14463 = SURFACE_SIDE_STYLE('',(#14464));
#14464 = SURFACE_STYLE_FILL_AREA(#14465);
#14465 = FILL_AREA_STYLE('',(#14466));
#14466 = FILL_AREA_STYLE_COLOUR('',#12523);
#14467 = CURVE_STYLE('',#14468,POSITIVE_LENGTH_MEASURE(0.1),#12526);
#14468 = DRAUGHTING_PRE_DEFINED_CURVE_FONT('continuous');
#14469 = MECHANICAL_DESIGN_GEOMETRIC_PRESENTATION_REPRESENTATION('',(
    #14470),#11307);
#14470 = STYLED_ITEM('color',(#14471),#11269);
#14471 = PRESENTATION_STYLE_ASSIGNMENT((#14472,#14477));
#14472 = SURFACE_STYLE_USAGE(.BOTH.,#14473);
#14473 = SURFACE_SIDE_STYLE('',(#14474));
#14474 = SURFACE_STYLE_FILL_AREA(#14475);
#14475 = FILL_AREA_STYLE('',(#14476));
#14476 = FILL_AREA_STYLE_COLOUR('',#12523);
#14477 = CURVE_STYLE('',#14478,POSITIVE_LENGTH_MEASURE(0.1),#12526);
#14478 = DRAUGHTING_PRE_DEFINED_CURVE_FONT('continuous');
#14479 = MECHANICAL_DESIGN_GEOMETRIC_PRESENTATION_REPRESENTATION('',(
    #14480),#8970);
#14480 = STYLED_ITEM('color',(#14481),#8932);
#14481 = PRESENTATION_STYLE_ASSIGNMENT((#14482,#14487));
#14482 = SURFACE_STYLE_USAGE(.BOTH.,#14483);
#14483 = SURFACE_SIDE_STYLE('',(#14484));
#14484 = SURFACE_STYLE_FILL_AREA(#14485);
#14485 = FILL_AREA_STYLE('',(#14486));
#14486 = FILL_AREA_STYLE_COLOUR('',#12523);
#14487 = CURVE_STYLE('',#14488,POSITIVE_LENGTH_MEASURE(0.1),#12526);
#14488 = DRAUGHTING_PRE_DEFINED_CURVE_FONT('continuous');
#14489 = MECHANICAL_DESIGN_GEOMETRIC_PRESENTATION_REPRESENTATION('',(
    #14490),#11535);
#14490 = STYLED_ITEM('color',(#14491),#11497);
#14491 = PRESENTATION_STYLE_ASSIGNMENT((#14492,#14497));
#14492 = SURFACE_STYLE_USAGE(.BOTH.,#14493);
#14493 = SURFACE_SIDE_STYLE('',(#14494));
#14494 = SURFACE_STYLE_FILL_AREA(#14495);
#14495 = FILL_AREA_STYLE('',(#14496));
#14496 = FILL_AREA_STYLE_COLOUR('',#12523);
#14497 = CURVE_STYLE('',#14498,POSITIVE_LENGTH_MEASURE(0.1),#12526);
#14498 = DRAUGHTING_PRE_DEFINED_CURVE_FONT('continuous');
#14499 = MECHANICAL_DESIGN_GEOMETRIC_PRESENTATION_REPRESENTATION('',(
    #14500),#6804);
#14500 = STYLED_ITEM('color',(#14501),#6766);
#14501 = PRESENTATION_STYLE_ASSIGNMENT((#14502,#14507));
#14502 = SURFACE_STYLE_USAGE(.BOTH.,#14503);
#14503 = SURFACE_SIDE_STYLE('',(#14504));
#14504 = SURFACE_STYLE_FILL_AREA(#14505);
#14505 = FILL_AREA_STYLE('',(#14506));
#14506 = FILL_AREA_STYLE_COLOUR('',#12523);
#14507 = CURVE_STYLE('',#14508,POSITIVE_LENGTH_MEASURE(0.1),#12526);
#14508 = DRAUGHTING_PRE_DEFINED_CURVE_FONT('continuous');
#14509 = MECHANICAL_DESIGN_GEOMETRIC_PRESENTATION_REPRESENTATION('',(
    #14510),#6576);
#14510 = STYLED_ITEM('color',(#14511),#6538);
#14511 = PRESENTATION_STYLE_ASSIGNMENT((#14512,#14517));
#14512 = SURFACE_STYLE_USAGE(.BOTH.,#14513);
#14513 = SURFACE_SIDE_STYLE('',(#14514));
#14514 = SURFACE_STYLE_FILL_AREA(#14515);
#14515 = FILL_AREA_STYLE('',(#14516));
#14516 = FILL_AREA_STYLE_COLOUR('',#12523);
#14517 = CURVE_STYLE('',#14518,POSITIVE_LENGTH_MEASURE(0.1),#12526);
#14518 = DRAUGHTING_PRE_DEFINED_CURVE_FONT('continuous');
#14519 = MECHANICAL_DESIGN_GEOMETRIC_PRESENTATION_REPRESENTATION('',(
    #14520),#12333);
#14520 = STYLED_ITEM('color',(#14521),#12295);
#14521 = PRESENTATION_STYLE_ASSIGNMENT((#14522,#14527));
#14522 = SURFACE_STYLE_USAGE(.BOTH.,#14523);
#14523 = SURFACE_SIDE_STYLE('',(#14524));
#14524 = SURFACE_STYLE_FILL_AREA(#14525);
#14525 = FILL_AREA_STYLE('',(#14526));
#14526 = FILL_AREA_STYLE_COLOUR('',#12523);
#14527 = CURVE_STYLE('',#14528,POSITIVE_LENGTH_MEASURE(0.1),#12526);
#14528 = DRAUGHTING_PRE_DEFINED_CURVE_FONT('continuous');
#14529 = MECHANICAL_DESIGN_GEOMETRIC_PRESENTATION_REPRESENTATION('',(
    #14530),#4467);
#14530 = STYLED_ITEM('color',(#14531),#4429);
#14531 = PRESENTATION_STYLE_ASSIGNMENT((#14532,#14537));
#14532 = SURFACE_STYLE_USAGE(.BOTH.,#14533);
#14533 = SURFACE_SIDE_STYLE('',(#14534));
#14534 = SURFACE_STYLE_FILL_AREA(#14535);
#14535 = FILL_AREA_STYLE('',(#14536));
#14536 = FILL_AREA_STYLE_COLOUR('',#12523);
#14537 = CURVE_STYLE('',#14538,POSITIVE_LENGTH_MEASURE(0.1),#12526);
#14538 = DRAUGHTING_PRE_DEFINED_CURVE_FONT('continuous');
ENDSEC;
END-ISO-10303-21;
